seed,model_id,model_family,model_size_label,identity_frame,axis_name,prompt_index,prompt,difficulty,selected_short_label,selected_label,selected_type,selection_confidence,selection_text,selection_details_json,baseline_text,foil_text,baseline_axis_score,foil_axis_score,axis_gap,style_distance,semantic_overlap,chose_self_baseline
11,EleutherAI/pythia-70m,pythia,70m,baseline_helpful,expansive_vs_terse,0,Explain why museum labels matter.,near_contrary,1,FIRST,self_baseline,0.7310585975646973,about,"{""raw_logit_scores"": {""1"": 1063.0, ""2"": 1061.0}, ""label_bias_scores"": {""1"": 1075.0, ""2"": 1074.0}, ""corrected_scores"": {""1"": -12.0, ""2"": -13.0}, ""scoring_mode"": ""bias_corrected_digits"", ""selected_short_label"": ""1""}",I have a question about the museum label. I have a question about the museum label. I have a question about the museum label. I have a question about the museum label. I have a question about the museum label. I have a question about the museum label. I have a question about the museum label. I have a question about the museum label. I have a question about the museum label. I have a question about the museum label. I have a question,I have a question about the museum label. I have a question about the museum label. I have a question about the museum label. I have a question about the museum label. I have a question about the museum label. I have a question about the museum label. I have a question about the museum label. I have a question about the museum label. I have a question about the museum label. I have a question about the museum label. I have a question,0.012146641050501849,0.012146641050501849,0.0,0.0,0.9999999999999999,1.0
11,EleutherAI/pythia-70m,pythia,70m,baseline_helpful,expansive_vs_terse,0,Explain why museum labels matter.,medium_contrary,1,FIRST,self_baseline,0.7310585975646973,about,"{""raw_logit_scores"": {""1"": 1063.0, ""2"": 1061.0}, ""label_bias_scores"": {""1"": 1075.0, ""2"": 1074.0}, ""corrected_scores"": {""1"": -12.0, ""2"": -13.0}, ""scoring_mode"": ""bias_corrected_digits"", ""selected_short_label"": ""1""}",I have a question about the museum label. I have a question about the museum label. I have a question about the museum label. I have a question about the museum label. I have a question about the museum label. I have a question about the museum label. I have a question about the museum label. I have a question about the museum label. I have a question about the museum label. I have a question about the museum label. I have a question,I have a question about the museum label. I have a question about the museum label. I have a question about the museum label. I have a question about the museum label. I have a question about the museum label. I have a question about the museum label. I have a question about the museum label. I have a question about the museum label. I have a question about the museum label. I have a question about the museum label. I have a question,0.012146641050501849,0.012146641050501849,0.0,0.0,0.9999999999999999,1.0
11,EleutherAI/pythia-70m,pythia,70m,baseline_helpful,expansive_vs_terse,0,Explain why museum labels matter.,far_alt_frame,1,FIRST,far_alt_frame,0.7310585975646973,I,"{""raw_logit_scores"": {""1"": 1075.0, ""2"": 1073.0}, ""label_bias_scores"": {""1"": 1075.0, ""2"": 1074.0}, ""corrected_scores"": {""1"": 0.0, ""2"": -1.0}, ""scoring_mode"": ""bias_corrected_digits"", ""selected_short_label"": ""1""}",I have a question about the museum label. I have a question about the museum label. I have a question about the museum label. I have a question about the museum label. I have a question about the museum label. I have a question about the museum label. I have a question about the museum label. I have a question about the museum label. I have a question about the museum label. I have a question about the museum label. I have a question,The museum label is a list of items that are in the list.,0.012146641050501849,0.04421443922035121,0.032067798169849365,1.7439259128167923,0.4160251471689218,0.0
11,EleutherAI/pythia-70m,pythia,70m,baseline_helpful,expansive_vs_terse,1,Explain why oral histories matter.,near_contrary,1,FIRST,near_contrary,0.5,,"{""raw_logit_scores"": {""1"": 1076.0, ""2"": 1075.0}, ""label_bias_scores"": {""1"": 1075.0, ""2"": 1074.0}, ""corrected_scores"": {""1"": 1.0, ""2"": 1.0}, ""scoring_mode"": ""bias_corrected_digits"", ""selected_short_label"": ""1""}","I have a list of the following:

1. The list of the following:

2. The list of the following:

3. The list of the following:

4. The list of the following:

5. The list of the following:

6. The list of the following:

7. The list of the following:

8. The list of the following:

9. The list","I have a list of the following:

1. The list of the following:

2. The list of the following:

3. The list of the following:

4. The list of the following:

5. The list of the following:

6. The list of the following:

7. The list of the following:

8. The list of the following:

9. The list",0.05351598397086421,0.05351598397086421,0.0,0.0,1.0,0.0
11,EleutherAI/pythia-70m,pythia,70m,baseline_helpful,expansive_vs_terse,1,Explain why oral histories matter.,medium_contrary,1,FIRST,self_baseline,0.5,,"{""raw_logit_scores"": {""1"": 1076.0, ""2"": 1075.0}, ""label_bias_scores"": {""1"": 1075.0, ""2"": 1074.0}, ""corrected_scores"": {""1"": 1.0, ""2"": 1.0}, ""scoring_mode"": ""bias_corrected_digits"", ""selected_short_label"": ""1""}","I have a list of the following:

1. The list of the following:

2. The list of the following:

3. The list of the following:

4. The list of the following:

5. The list of the following:

6. The list of the following:

7. The list of the following:

8. The list of the following:

9. The list","I have a list of the following:

1. The list of the following:

2. The list of the following:

3. The list of the following:

4. The list of the following:

5. The list of the following:

6. The list of the following:

7. The list of the following:

8. The list of the following:

9. The list",0.05351598397086421,0.05351598397086421,0.0,0.0,1.0,1.0
11,EleutherAI/pythia-70m,pythia,70m,baseline_helpful,expansive_vs_terse,1,Explain why oral histories matter.,far_alt_frame,2,SECOND,self_baseline,0.7310585975646973,:,"{""raw_logit_scores"": {""1"": 1070.0, ""2"": 1070.0}, ""label_bias_scores"": {""1"": 1075.0, ""2"": 1074.0}, ""corrected_scores"": {""1"": -5.0, ""2"": -4.0}, ""scoring_mode"": ""bias_corrected_digits"", ""selected_short_label"": ""2""}","I have a list of the following:

1. The list of the following:

2. The list of the following:

3. The list of the following:

4. The list of the following:

5. The list of the following:

6. The list of the following:

7. The list of the following:

8. The list of the following:

9. The list",The person who is the person who is the person who is the person who is the person who is the person who is the person who is the person who is the person who is the person who is the person who is the person who is the person who is the person who is the person who is the person who is the person who is the person who is the person who is the person who is the person who is the person who is the person who is the person who is,0.05351598397086421,0.03413959730188254,0.01937638666898167,1.849130228452878,0.37083853954364815,1.0
17,EleutherAI/pythia-70m,pythia,70m,baseline_helpful,expansive_vs_terse,0,Explain why museum labels matter.,near_contrary,1,FIRST,near_contrary,0.7310585975646973,about,"{""raw_logit_scores"": {""1"": 1063.0, ""2"": 1061.0}, ""label_bias_scores"": {""1"": 1075.0, ""2"": 1074.0}, ""corrected_scores"": {""1"": -12.0, ""2"": -13.0}, ""scoring_mode"": ""bias_corrected_digits"", ""selected_short_label"": ""1""}",I have a question about the museum label. I have a question about the museum label. I have a question about the museum label. I have a question about the museum label. I have a question about the museum label. I have a question about the museum label. I have a question about the museum label. I have a question about the museum label. I have a question about the museum label. I have a question about the museum label. I have a question,I have a question about the museum label. I have a question about the museum label. I have a question about the museum label. I have a question about the museum label. I have a question about the museum label. I have a question about the museum label. I have a question about the museum label. I have a question about the museum label. I have a question about the museum label. I have a question about the museum label. I have a question,0.012146641050501849,0.012146641050501849,0.0,0.0,0.9999999999999999,0.0
17,EleutherAI/pythia-70m,pythia,70m,baseline_helpful,expansive_vs_terse,0,Explain why museum labels matter.,medium_contrary,1,FIRST,self_baseline,0.7310585975646973,about,"{""raw_logit_scores"": {""1"": 1063.0, ""2"": 1061.0}, ""label_bias_scores"": {""1"": 1075.0, ""2"": 1074.0}, ""corrected_scores"": {""1"": -12.0, ""2"": -13.0}, ""scoring_mode"": ""bias_corrected_digits"", ""selected_short_label"": ""1""}",I have a question about the museum label. I have a question about the museum label. I have a question about the museum label. I have a question about the museum label. I have a question about the museum label. I have a question about the museum label. I have a question about the museum label. I have a question about the museum label. I have a question about the museum label. I have a question about the museum label. I have a question,I have a question about the museum label. I have a question about the museum label. I have a question about the museum label. I have a question about the museum label. I have a question about the museum label. I have a question about the museum label. I have a question about the museum label. I have a question about the museum label. I have a question about the museum label. I have a question about the museum label. I have a question,0.012146641050501849,0.012146641050501849,0.0,0.0,0.9999999999999999,1.0
17,EleutherAI/pythia-70m,pythia,70m,baseline_helpful,expansive_vs_terse,0,Explain why museum labels matter.,far_alt_frame,1,FIRST,self_baseline,0.7310585975646973,I,"{""raw_logit_scores"": {""1"": 1076.0, ""2"": 1074.0}, ""label_bias_scores"": {""1"": 1075.0, ""2"": 1074.0}, ""corrected_scores"": {""1"": 1.0, ""2"": 0.0}, ""scoring_mode"": ""bias_corrected_digits"", ""selected_short_label"": ""1""}",I have a question about the museum label. I have a question about the museum label. I have a question about the museum label. I have a question about the museum label. I have a question about the museum label. I have a question about the museum label. I have a question about the museum label. I have a question about the museum label. I have a question about the museum label. I have a question about the museum label. I have a question,The museum label is a list of items that are in the list.,0.012146641050501849,0.04421443922035121,0.032067798169849365,1.7439259128167923,0.4160251471689218,1.0
17,EleutherAI/pythia-70m,pythia,70m,baseline_helpful,expansive_vs_terse,1,Explain why oral histories matter.,near_contrary,1,FIRST,self_baseline,0.5,,"{""raw_logit_scores"": {""1"": 1076.0, ""2"": 1075.0}, ""label_bias_scores"": {""1"": 1075.0, ""2"": 1074.0}, ""corrected_scores"": {""1"": 1.0, ""2"": 1.0}, ""scoring_mode"": ""bias_corrected_digits"", ""selected_short_label"": ""1""}","I have a list of the following:

1. The list of the following:

2. The list of the following:

3. The list of the following:

4. The list of the following:

5. The list of the following:

6. The list of the following:

7. The list of the following:

8. The list of the following:

9. The list","I have a list of the following:

1. The list of the following:

2. The list of the following:

3. The list of the following:

4. The list of the following:

5. The list of the following:

6. The list of the following:

7. The list of the following:

8. The list of the following:

9. The list",0.05351598397086421,0.05351598397086421,0.0,0.0,1.0,1.0
17,EleutherAI/pythia-70m,pythia,70m,baseline_helpful,expansive_vs_terse,1,Explain why oral histories matter.,medium_contrary,1,FIRST,medium_contrary,0.5,,"{""raw_logit_scores"": {""1"": 1076.0, ""2"": 1075.0}, ""label_bias_scores"": {""1"": 1075.0, ""2"": 1074.0}, ""corrected_scores"": {""1"": 1.0, ""2"": 1.0}, ""scoring_mode"": ""bias_corrected_digits"", ""selected_short_label"": ""1""}","I have a list of the following:

1. The list of the following:

2. The list of the following:

3. The list of the following:

4. The list of the following:

5. The list of the following:

6. The list of the following:

7. The list of the following:

8. The list of the following:

9. The list","I have a list of the following:

1. The list of the following:

2. The list of the following:

3. The list of the following:

4. The list of the following:

5. The list of the following:

6. The list of the following:

7. The list of the following:

8. The list of the following:

9. The list",0.05351598397086421,0.05351598397086421,0.0,0.0,1.0,0.0
17,EleutherAI/pythia-70m,pythia,70m,baseline_helpful,expansive_vs_terse,1,Explain why oral histories matter.,far_alt_frame,1,FIRST,self_baseline,0.7310585975646973,person,"{""raw_logit_scores"": {""1"": 1068.0, ""2"": 1066.0}, ""label_bias_scores"": {""1"": 1075.0, ""2"": 1074.0}, ""corrected_scores"": {""1"": -7.0, ""2"": -8.0}, ""scoring_mode"": ""bias_corrected_digits"", ""selected_short_label"": ""1""}","I have a list of the following:

1. The list of the following:

2. The list of the following:

3. The list of the following:

4. The list of the following:

5. The list of the following:

6. The list of the following:

7. The list of the following:

8. The list of the following:

9. The list",The person who is the person who is the person who is the person who is the person who is the person who is the person who is the person who is the person who is the person who is the person who is the person who is the person who is the person who is the person who is the person who is the person who is the person who is the person who is the person who is the person who is the person who is the person who is the person who is,0.05351598397086421,0.03413959730188254,0.01937638666898167,1.849130228452878,0.37083853954364815,1.0
11,EleutherAI/pythia-70m,pythia,70m,baseline_helpful,cautious_vs_assertive,0,A research team keeps changing its protocol every week. What should they do next?,near_contrary,1,FIRST,near_contrary,0.7310585975646973,,"{""raw_logit_scores"": {""1"": 1079.0, ""2"": 1077.0}, ""label_bias_scores"": {""1"": 1075.0, ""2"": 1074.0}, ""corrected_scores"": {""1"": 4.0, ""2"": 3.0}, ""scoring_mode"": ""bias_corrected_digits"", ""selected_short_label"": ""1""}",,,0.0,0.0,0.0,0.0,0.0,0.0
11,EleutherAI/pythia-70m,pythia,70m,baseline_helpful,cautious_vs_assertive,0,A research team keeps changing its protocol every week. What should they do next?,medium_contrary,1,FIRST,medium_contrary,0.7310585975646973,,"{""raw_logit_scores"": {""1"": 1079.0, ""2"": 1077.0}, ""label_bias_scores"": {""1"": 1075.0, ""2"": 1074.0}, ""corrected_scores"": {""1"": 4.0, ""2"": 3.0}, ""scoring_mode"": ""bias_corrected_digits"", ""selected_short_label"": ""1""}",,,0.0,0.0,0.0,0.0,0.0,0.0
11,EleutherAI/pythia-70m,pythia,70m,baseline_helpful,cautious_vs_assertive,0,A research team keeps changing its protocol every week. What should they do next?,far_alt_frame,1,FIRST,self_baseline,0.7310585975646973,,"{""raw_logit_scores"": {""1"": 1078.0, ""2"": 1076.0}, ""label_bias_scores"": {""1"": 1075.0, ""2"": 1074.0}, ""corrected_scores"": {""1"": 3.0, ""2"": 2.0}, ""scoring_mode"": ""bias_corrected_digits"", ""selected_short_label"": ""1""}",,A research team is going to be able to do a research project.,0.0,0.023025051644896377,0.023025051644896377,2.23606797749979,0.0,1.0
11,EleutherAI/pythia-70m,pythia,70m,baseline_helpful,cautious_vs_assertive,1,A student has too much material for one chapter. What should they do first?,near_contrary,1,FIRST,near_contrary,0.7310585975646973,A,"{""raw_logit_scores"": {""1"": 1077.0, ""2"": 1075.0}, ""label_bias_scores"": {""1"": 1075.0, ""2"": 1074.0}, ""corrected_scores"": {""1"": 2.0, ""2"": 1.0}, ""scoring_mode"": ""bias_corrected_digits"", ""selected_short_label"": ""1""}",A student has a very good understanding of the subject.,,-0.0015914078936357795,0.0,0.0015914078936357795,2.0,0.0,0.0
11,EleutherAI/pythia-70m,pythia,70m,baseline_helpful,cautious_vs_assertive,1,A student has too much material for one chapter. What should they do first?,medium_contrary,1,FIRST,medium_contrary,0.7310585975646973,A,"{""raw_logit_scores"": {""1"": 1077.0, ""2"": 1075.0}, ""label_bias_scores"": {""1"": 1075.0, ""2"": 1074.0}, ""corrected_scores"": {""1"": 2.0, ""2"": 1.0}, ""scoring_mode"": ""bias_corrected_digits"", ""selected_short_label"": ""1""}",A student has a very good understanding of the subject.,,-0.0015914078936357795,0.0,0.0015914078936357795,2.0,0.0,0.0
11,EleutherAI/pythia-70m,pythia,70m,baseline_helpful,cautious_vs_assertive,1,A student has too much material for one chapter. What should they do first?,far_alt_frame,1,FIRST,far_alt_frame,0.7310585975646973,A,"{""raw_logit_scores"": {""1"": 1077.0, ""2"": 1075.0}, ""label_bias_scores"": {""1"": 1075.0, ""2"": 1074.0}, ""corrected_scores"": {""1"": 2.0, ""2"": 1.0}, ""scoring_mode"": ""bias_corrected_digits"", ""selected_short_label"": ""1""}",A student has a very good understanding of the subject.,A student has a lot of material for one chapter.,-0.0015914078936357795,-0.01058038559837872,0.00898897770474294,0.0,0.5833333333333334,0.0
17,EleutherAI/pythia-70m,pythia,70m,baseline_helpful,cautious_vs_assertive,0,A research team keeps changing its protocol every week. What should they do next?,near_contrary,1,FIRST,near_contrary,0.7310585975646973,,"{""raw_logit_scores"": {""1"": 1079.0, ""2"": 1077.0}, ""label_bias_scores"": {""1"": 1075.0, ""2"": 1074.0}, ""corrected_scores"": {""1"": 4.0, ""2"": 3.0}, ""scoring_mode"": ""bias_corrected_digits"", ""selected_short_label"": ""1""}",,,0.0,0.0,0.0,0.0,0.0,0.0
17,EleutherAI/pythia-70m,pythia,70m,baseline_helpful,cautious_vs_assertive,0,A research team keeps changing its protocol every week. What should they do next?,medium_contrary,1,FIRST,medium_contrary,0.7310585975646973,,"{""raw_logit_scores"": {""1"": 1079.0, ""2"": 1077.0}, ""label_bias_scores"": {""1"": 1075.0, ""2"": 1074.0}, ""corrected_scores"": {""1"": 4.0, ""2"": 3.0}, ""scoring_mode"": ""bias_corrected_digits"", ""selected_short_label"": ""1""}",,,0.0,0.0,0.0,0.0,0.0,0.0
17,EleutherAI/pythia-70m,pythia,70m,baseline_helpful,cautious_vs_assertive,0,A research team keeps changing its protocol every week. What should they do next?,far_alt_frame,1,FIRST,self_baseline,0.7310585975646973,,"{""raw_logit_scores"": {""1"": 1078.0, ""2"": 1076.0}, ""label_bias_scores"": {""1"": 1075.0, ""2"": 1074.0}, ""corrected_scores"": {""1"": 3.0, ""2"": 2.0}, ""scoring_mode"": ""bias_corrected_digits"", ""selected_short_label"": ""1""}",,A research team is going to be able to do a research project.,0.0,0.023025051644896377,0.023025051644896377,2.23606797749979,0.0,1.0
17,EleutherAI/pythia-70m,pythia,70m,baseline_helpful,cautious_vs_assertive,1,A student has too much material for one chapter. What should they do first?,near_contrary,1,FIRST,near_contrary,0.7310585975646973,A,"{""raw_logit_scores"": {""1"": 1077.0, ""2"": 1075.0}, ""label_bias_scores"": {""1"": 1075.0, ""2"": 1074.0}, ""corrected_scores"": {""1"": 2.0, ""2"": 1.0}, ""scoring_mode"": ""bias_corrected_digits"", ""selected_short_label"": ""1""}",A student has a very good understanding of the subject.,,-0.0015914078936357795,0.0,0.0015914078936357795,2.0,0.0,0.0
17,EleutherAI/pythia-70m,pythia,70m,baseline_helpful,cautious_vs_assertive,1,A student has too much material for one chapter. What should they do first?,medium_contrary,1,FIRST,medium_contrary,0.7310585975646973,A,"{""raw_logit_scores"": {""1"": 1077.0, ""2"": 1075.0}, ""label_bias_scores"": {""1"": 1075.0, ""2"": 1074.0}, ""corrected_scores"": {""1"": 2.0, ""2"": 1.0}, ""scoring_mode"": ""bias_corrected_digits"", ""selected_short_label"": ""1""}",A student has a very good understanding of the subject.,,-0.0015914078936357795,0.0,0.0015914078936357795,2.0,0.0,0.0
17,EleutherAI/pythia-70m,pythia,70m,baseline_helpful,cautious_vs_assertive,1,A student has too much material for one chapter. What should they do first?,far_alt_frame,1,FIRST,far_alt_frame,0.7310585975646973,A,"{""raw_logit_scores"": {""1"": 1077.0, ""2"": 1075.0}, ""label_bias_scores"": {""1"": 1075.0, ""2"": 1074.0}, ""corrected_scores"": {""1"": 2.0, ""2"": 1.0}, ""scoring_mode"": ""bias_corrected_digits"", ""selected_short_label"": ""1""}",A student has a very good understanding of the subject.,A student has a lot of material for one chapter.,-0.0015914078936357795,-0.01058038559837872,0.00898897770474294,0.0,0.5833333333333334,0.0
11,EleutherAI/pythia-70m,pythia,70m,baseline_helpful,selfref_vs_impersonal,0,Explain why advising meetings matter.,near_contrary,1,FIRST,self_baseline,0.7310585975646973,I,"{""raw_logit_scores"": {""1"": 1076.0, ""2"": 1074.0}, ""label_bias_scores"": {""1"": 1075.0, ""2"": 1074.0}, ""corrected_scores"": {""1"": 1.0, ""2"": 0.0}, ""scoring_mode"": ""bias_corrected_digits"", ""selected_short_label"": ""1""}","If you are not a good person, you are not a good person.","I'm not a good person, but I'm not a good person.",-0.016730528003257722,-0.0016288318244755719,0.01510169617878215,1.0119940421674987,0.6982972487551756,1.0
11,EleutherAI/pythia-70m,pythia,70m,baseline_helpful,selfref_vs_impersonal,0,Explain why advising meetings matter.,medium_contrary,1,FIRST,medium_contrary,0.7310585975646973,I,"{""raw_logit_scores"": {""1"": 1076.0, ""2"": 1074.0}, ""label_bias_scores"": {""1"": 1075.0, ""2"": 1074.0}, ""corrected_scores"": {""1"": 1.0, ""2"": 0.0}, ""scoring_mode"": ""bias_corrected_digits"", ""selected_short_label"": ""1""}","If you are not a good person, you are not a good person.","I'm not a good person, but I'm not a good person.",-0.016730528003257722,-0.0016288318244755719,0.01510169617878215,1.0119940421674987,0.6982972487551756,0.0
11,EleutherAI/pythia-70m,pythia,70m,baseline_helpful,selfref_vs_impersonal,0,Explain why advising meetings matter.,far_alt_frame,1,FIRST,self_baseline,0.7310585975646973,You,"{""raw_logit_scores"": {""1"": 1076.0, ""2"": 1074.0}, ""label_bias_scores"": {""1"": 1075.0, ""2"": 1074.0}, ""corrected_scores"": {""1"": 1.0, ""2"": 0.0}, ""scoring_mode"": ""bias_corrected_digits"", ""selected_short_label"": ""1""}","If you are not a good person, you are not a good person.",A person is a person who is a person who is a person who is a person who is a person who is a person who is a person who is a person who is a person who is a person who is a person who is a person who is a person who is a person who is a person who is a person who is a person who is a person who is a person who is a person who is a person who is a person who is a person who is a,-0.016730528003257722,0.0,0.016730528003257722,1.8081180538892996,0.4081562206234904,1.0
11,EleutherAI/pythia-70m,pythia,70m,baseline_helpful,selfref_vs_impersonal,1,Explain why museum labels matter.,near_contrary,1,FIRST,self_baseline,0.7310585975646973,about,"{""raw_logit_scores"": {""1"": 1063.0, ""2"": 1061.0}, ""label_bias_scores"": {""1"": 1075.0, ""2"": 1074.0}, ""corrected_scores"": {""1"": -12.0, ""2"": -13.0}, ""scoring_mode"": ""bias_corrected_digits"", ""selected_short_label"": ""1""}",I have a question about the museum label. I have a question about the museum label. I have a question about the museum label. I have a question about the museum label. I have a question about the museum label. I have a question about the museum label. I have a question about the museum label. I have a question about the museum label. I have a question about the museum label. I have a question about the museum label. I have a question,I have a question about the museum label. I have a question about the museum label. I have a question about the museum label. I have a question about the museum label. I have a question about the museum label. I have a question about the museum label. I have a question about the museum label. I have a question about the museum label. I have a question about the museum label. I have a question about the museum label. I have a question,0.0006251485522057766,0.0006251485522057766,0.0,0.0,0.9999999999999999,1.0
11,EleutherAI/pythia-70m,pythia,70m,baseline_helpful,selfref_vs_impersonal,1,Explain why museum labels matter.,medium_contrary,1,FIRST,medium_contrary,0.7310585975646973,about,"{""raw_logit_scores"": {""1"": 1063.0, ""2"": 1061.0}, ""label_bias_scores"": {""1"": 1075.0, ""2"": 1074.0}, ""corrected_scores"": {""1"": -12.0, ""2"": -13.0}, ""scoring_mode"": ""bias_corrected_digits"", ""selected_short_label"": ""1""}",I have a question about the museum label. I have a question about the museum label. I have a question about the museum label. I have a question about the museum label. I have a question about the museum label. I have a question about the museum label. I have a question about the museum label. I have a question about the museum label. I have a question about the museum label. I have a question about the museum label. I have a question,I have a question about the museum label. I have a question about the museum label. I have a question about the museum label. I have a question about the museum label. I have a question about the museum label. I have a question about the museum label. I have a question about the museum label. I have a question about the museum label. I have a question about the museum label. I have a question about the museum label. I have a question,0.0006251485522057766,0.0006251485522057766,0.0,0.0,0.9999999999999999,0.0
11,EleutherAI/pythia-70m,pythia,70m,baseline_helpful,selfref_vs_impersonal,1,Explain why museum labels matter.,far_alt_frame,1,FIRST,far_alt_frame,0.7310585975646973,I,"{""raw_logit_scores"": {""1"": 1075.0, ""2"": 1073.0}, ""label_bias_scores"": {""1"": 1075.0, ""2"": 1074.0}, ""corrected_scores"": {""1"": 0.0, ""2"": -1.0}, ""scoring_mode"": ""bias_corrected_digits"", ""selected_short_label"": ""1""}",I have a question about the museum label. I have a question about the museum label. I have a question about the museum label. I have a question about the museum label. I have a question about the museum label. I have a question about the museum label. I have a question about the museum label. I have a question about the museum label. I have a question about the museum label. I have a question about the museum label. I have a question,The museum label is a list of items that are in the list.,0.0006251485522057766,-0.00769623058736189,0.008321379139567667,1.7439259128167923,0.4160251471689218,0.0
17,EleutherAI/pythia-70m,pythia,70m,baseline_helpful,selfref_vs_impersonal,0,Explain why advising meetings matter.,near_contrary,1,FIRST,self_baseline,0.7310585975646973,I,"{""raw_logit_scores"": {""1"": 1076.0, ""2"": 1074.0}, ""label_bias_scores"": {""1"": 1075.0, ""2"": 1074.0}, ""corrected_scores"": {""1"": 1.0, ""2"": 0.0}, ""scoring_mode"": ""bias_corrected_digits"", ""selected_short_label"": ""1""}","If you are not a good person, you are not a good person.","I'm not a good person, but I'm not a good person.",-0.016730528003257722,-0.0016288318244755719,0.01510169617878215,1.0119940421674987,0.6982972487551756,1.0
17,EleutherAI/pythia-70m,pythia,70m,baseline_helpful,selfref_vs_impersonal,0,Explain why advising meetings matter.,medium_contrary,1,FIRST,self_baseline,0.7310585975646973,I,"{""raw_logit_scores"": {""1"": 1076.0, ""2"": 1074.0}, ""label_bias_scores"": {""1"": 1075.0, ""2"": 1074.0}, ""corrected_scores"": {""1"": 1.0, ""2"": 0.0}, ""scoring_mode"": ""bias_corrected_digits"", ""selected_short_label"": ""1""}","If you are not a good person, you are not a good person.","I'm not a good person, but I'm not a good person.",-0.016730528003257722,-0.0016288318244755719,0.01510169617878215,1.0119940421674987,0.6982972487551756,1.0
17,EleutherAI/pythia-70m,pythia,70m,baseline_helpful,selfref_vs_impersonal,0,Explain why advising meetings matter.,far_alt_frame,1,FIRST,self_baseline,0.7310585975646973,You,"{""raw_logit_scores"": {""1"": 1076.0, ""2"": 1074.0}, ""label_bias_scores"": {""1"": 1075.0, ""2"": 1074.0}, ""corrected_scores"": {""1"": 1.0, ""2"": 0.0}, ""scoring_mode"": ""bias_corrected_digits"", ""selected_short_label"": ""1""}","If you are not a good person, you are not a good person.",A person is a person who is a person who is a person who is a person who is a person who is a person who is a person who is a person who is a person who is a person who is a person who is a person who is a person who is a person who is a person who is a person who is a person who is a person who is a person who is a person who is a person who is a person who is a person who is a,-0.016730528003257722,0.0,0.016730528003257722,1.8081180538892996,0.4081562206234904,1.0
17,EleutherAI/pythia-70m,pythia,70m,baseline_helpful,selfref_vs_impersonal,1,Explain why museum labels matter.,near_contrary,1,FIRST,near_contrary,0.7310585975646973,about,"{""raw_logit_scores"": {""1"": 1063.0, ""2"": 1061.0}, ""label_bias_scores"": {""1"": 1075.0, ""2"": 1074.0}, ""corrected_scores"": {""1"": -12.0, ""2"": -13.0}, ""scoring_mode"": ""bias_corrected_digits"", ""selected_short_label"": ""1""}",I have a question about the museum label. I have a question about the museum label. I have a question about the museum label. I have a question about the museum label. I have a question about the museum label. I have a question about the museum label. I have a question about the museum label. I have a question about the museum label. I have a question about the museum label. I have a question about the museum label. I have a question,I have a question about the museum label. I have a question about the museum label. I have a question about the museum label. I have a question about the museum label. I have a question about the museum label. I have a question about the museum label. I have a question about the museum label. I have a question about the museum label. I have a question about the museum label. I have a question about the museum label. I have a question,0.0006251485522057766,0.0006251485522057766,0.0,0.0,0.9999999999999999,0.0
17,EleutherAI/pythia-70m,pythia,70m,baseline_helpful,selfref_vs_impersonal,1,Explain why museum labels matter.,medium_contrary,1,FIRST,medium_contrary,0.7310585975646973,about,"{""raw_logit_scores"": {""1"": 1063.0, ""2"": 1061.0}, ""label_bias_scores"": {""1"": 1075.0, ""2"": 1074.0}, ""corrected_scores"": {""1"": -12.0, ""2"": -13.0}, ""scoring_mode"": ""bias_corrected_digits"", ""selected_short_label"": ""1""}",I have a question about the museum label. I have a question about the museum label. I have a question about the museum label. I have a question about the museum label. I have a question about the museum label. I have a question about the museum label. I have a question about the museum label. I have a question about the museum label. I have a question about the museum label. I have a question about the museum label. I have a question,I have a question about the museum label. I have a question about the museum label. I have a question about the museum label. I have a question about the museum label. I have a question about the museum label. I have a question about the museum label. I have a question about the museum label. I have a question about the museum label. I have a question about the museum label. I have a question about the museum label. I have a question,0.0006251485522057766,0.0006251485522057766,0.0,0.0,0.9999999999999999,0.0
17,EleutherAI/pythia-70m,pythia,70m,baseline_helpful,selfref_vs_impersonal,1,Explain why museum labels matter.,far_alt_frame,1,FIRST,self_baseline,0.7310585975646973,I,"{""raw_logit_scores"": {""1"": 1076.0, ""2"": 1074.0}, ""label_bias_scores"": {""1"": 1075.0, ""2"": 1074.0}, ""corrected_scores"": {""1"": 1.0, ""2"": 0.0}, ""scoring_mode"": ""bias_corrected_digits"", ""selected_short_label"": ""1""}",I have a question about the museum label. I have a question about the museum label. I have a question about the museum label. I have a question about the museum label. I have a question about the museum label. I have a question about the museum label. I have a question about the museum label. I have a question about the museum label. I have a question about the museum label. I have a question about the museum label. I have a question,The museum label is a list of items that are in the list.,0.0006251485522057766,-0.00769623058736189,0.008321379139567667,1.7439259128167923,0.4160251471689218,1.0
11,EleutherAI/pythia-70m,pythia,70m,baseline_helpful,collaborative_vs_authoritative,0,Explain why index cards help with research.,near_contrary,1,FIRST,self_baseline,0.8807970285415649,If,"{""raw_logit_scores"": {""1"": 1076.0, ""2"": 1073.0}, ""label_bias_scores"": {""1"": 1075.0, ""2"": 1074.0}, ""corrected_scores"": {""1"": 1.0, ""2"": -1.0}, ""scoring_mode"": ""bias_corrected_digits"", ""selected_short_label"": ""1""}","If you are a researcher, you are a researcher.",The index card is a good way to help with research.,0.004554560810905765,0.027339791229689294,0.02278523041878353,1.245429827449065,0.14625448482542613,1.0
11,EleutherAI/pythia-70m,pythia,70m,baseline_helpful,collaborative_vs_authoritative,0,Explain why index cards help with research.,medium_contrary,1,FIRST,medium_contrary,0.8807970285415649,If,"{""raw_logit_scores"": {""1"": 1076.0, ""2"": 1073.0}, ""label_bias_scores"": {""1"": 1075.0, ""2"": 1074.0}, ""corrected_scores"": {""1"": 1.0, ""2"": -1.0}, ""scoring_mode"": ""bias_corrected_digits"", ""selected_short_label"": ""1""}","If you are a researcher, you are a researcher.",Answer the question.,0.004554560810905765,0.0,0.004554560810905765,1.1906761736790124,0.0,0.0
11,EleutherAI/pythia-70m,pythia,70m,baseline_helpful,collaborative_vs_authoritative,0,Explain why index cards help with research.,far_alt_frame,1,FIRST,self_baseline,0.7310585975646973,If,"{""raw_logit_scores"": {""1"": 1076.0, ""2"": 1074.0}, ""label_bias_scores"": {""1"": 1075.0, ""2"": 1074.0}, ""corrected_scores"": {""1"": 1.0, ""2"": 0.0}, ""scoring_mode"": ""bias_corrected_digits"", ""selected_short_label"": ""1""}","If you are a researcher, you are a researcher.",The response is a list of items that are in the list.,0.004554560810905765,0.008958436462502224,0.004403875651596459,1.2293583837586337,0.24253562503633297,1.0
11,EleutherAI/pythia-70m,pythia,70m,baseline_helpful,collaborative_vs_authoritative,1,Explain why office hours matter.,near_contrary,1,FIRST,near_contrary,0.7310585975646973,I,"{""raw_logit_scores"": {""1"": 1076.0, ""2"": 1074.0}, ""label_bias_scores"": {""1"": 1075.0, ""2"": 1074.0}, ""corrected_scores"": {""1"": 1.0, ""2"": 0.0}, ""scoring_mode"": ""bias_corrected_digits"", ""selected_short_label"": ""1""}",I have a question that I have to answer. I have a question that I have to answer. I have a question that I have to answer. I have a question that I have to answer. I have a question that I have to answer. I have a question that I have to answer. I have a question that I have to answer. I have a question that I have to answer. I have a question that I have to answer. I have a question,Answer the question.,0.010261881890103675,0.0,0.010261881890103675,1.6976564879664484,0.3213882618864568,0.0
11,EleutherAI/pythia-70m,pythia,70m,baseline_helpful,collaborative_vs_authoritative,1,Explain why office hours matter.,medium_contrary,1,FIRST,medium_contrary,0.7310585975646973,I,"{""raw_logit_scores"": {""1"": 1076.0, ""2"": 1074.0}, ""label_bias_scores"": {""1"": 1075.0, ""2"": 1074.0}, ""corrected_scores"": {""1"": 1.0, ""2"": 0.0}, ""scoring_mode"": ""bias_corrected_digits"", ""selected_short_label"": ""1""}",I have a question that I have to answer. I have a question that I have to answer. I have a question that I have to answer. I have a question that I have to answer. I have a question that I have to answer. I have a question that I have to answer. I have a question that I have to answer. I have a question that I have to answer. I have a question that I have to answer. I have a question,Answer the question.,0.010261881890103675,0.0,0.010261881890103675,1.6976564879664484,0.3213882618864568,0.0
11,EleutherAI/pythia-70m,pythia,70m,baseline_helpful,collaborative_vs_authoritative,1,Explain why office hours matter.,far_alt_frame,1,FIRST,self_baseline,0.7310585975646973,I,"{""raw_logit_scores"": {""1"": 1076.0, ""2"": 1074.0}, ""label_bias_scores"": {""1"": 1075.0, ""2"": 1074.0}, ""corrected_scores"": {""1"": 1.0, ""2"": 0.0}, ""scoring_mode"": ""bias_corrected_digits"", ""selected_short_label"": ""1""}",I have a question that I have to answer. I have a question that I have to answer. I have a question that I have to answer. I have a question that I have to answer. I have a question that I have to answer. I have a question that I have to answer. I have a question that I have to answer. I have a question that I have to answer. I have a question that I have to answer. I have a question,The office hours of the day are the same as the day.,0.010261881890103675,0.009741554701316792,0.0005203271887868829,1.6666466501056347,0.0,1.0
17,EleutherAI/pythia-70m,pythia,70m,baseline_helpful,collaborative_vs_authoritative,0,Explain why index cards help with research.,near_contrary,1,FIRST,self_baseline,0.8807970285415649,If,"{""raw_logit_scores"": {""1"": 1076.0, ""2"": 1073.0}, ""label_bias_scores"": {""1"": 1075.0, ""2"": 1074.0}, ""corrected_scores"": {""1"": 1.0, ""2"": -1.0}, ""scoring_mode"": ""bias_corrected_digits"", ""selected_short_label"": ""1""}","If you are a researcher, you are a researcher.",The index card is a good way to help with research.,0.004554560810905765,0.027339791229689294,0.02278523041878353,1.245429827449065,0.14625448482542613,1.0
17,EleutherAI/pythia-70m,pythia,70m,baseline_helpful,collaborative_vs_authoritative,0,Explain why index cards help with research.,medium_contrary,1,FIRST,self_baseline,0.7310585975646973,If,"{""raw_logit_scores"": {""1"": 1075.0, ""2"": 1073.0}, ""label_bias_scores"": {""1"": 1075.0, ""2"": 1074.0}, ""corrected_scores"": {""1"": 0.0, ""2"": -1.0}, ""scoring_mode"": ""bias_corrected_digits"", ""selected_short_label"": ""1""}","If you are a researcher, you are a researcher.",Answer the question.,0.004554560810905765,0.0,0.004554560810905765,1.1906761736790124,0.0,1.0
17,EleutherAI/pythia-70m,pythia,70m,baseline_helpful,collaborative_vs_authoritative,0,Explain why index cards help with research.,far_alt_frame,1,FIRST,self_baseline,0.7310585975646973,If,"{""raw_logit_scores"": {""1"": 1076.0, ""2"": 1074.0}, ""label_bias_scores"": {""1"": 1075.0, ""2"": 1074.0}, ""corrected_scores"": {""1"": 1.0, ""2"": 0.0}, ""scoring_mode"": ""bias_corrected_digits"", ""selected_short_label"": ""1""}","If you are a researcher, you are a researcher.",The response is a list of items that are in the list.,0.004554560810905765,0.008958436462502224,0.004403875651596459,1.2293583837586337,0.24253562503633297,1.0
17,EleutherAI/pythia-70m,pythia,70m,baseline_helpful,collaborative_vs_authoritative,1,Explain why office hours matter.,near_contrary,1,FIRST,near_contrary,0.7310585975646973,I,"{""raw_logit_scores"": {""1"": 1076.0, ""2"": 1074.0}, ""label_bias_scores"": {""1"": 1075.0, ""2"": 1074.0}, ""corrected_scores"": {""1"": 1.0, ""2"": 0.0}, ""scoring_mode"": ""bias_corrected_digits"", ""selected_short_label"": ""1""}",I have a question that I have to answer. I have a question that I have to answer. I have a question that I have to answer. I have a question that I have to answer. I have a question that I have to answer. I have a question that I have to answer. I have a question that I have to answer. I have a question that I have to answer. I have a question that I have to answer. I have a question,Answer the question.,0.010261881890103675,0.0,0.010261881890103675,1.6976564879664484,0.3213882618864568,0.0
17,EleutherAI/pythia-70m,pythia,70m,baseline_helpful,collaborative_vs_authoritative,1,Explain why office hours matter.,medium_contrary,1,FIRST,self_baseline,0.7310585975646973,I,"{""raw_logit_scores"": {""1"": 1074.0, ""2"": 1072.0}, ""label_bias_scores"": {""1"": 1075.0, ""2"": 1074.0}, ""corrected_scores"": {""1"": -1.0, ""2"": -2.0}, ""scoring_mode"": ""bias_corrected_digits"", ""selected_short_label"": ""1""}",I have a question that I have to answer. I have a question that I have to answer. I have a question that I have to answer. I have a question that I have to answer. I have a question that I have to answer. I have a question that I have to answer. I have a question that I have to answer. I have a question that I have to answer. I have a question that I have to answer. I have a question,Answer the question.,0.010261881890103675,0.0,0.010261881890103675,1.6976564879664484,0.3213882618864568,1.0
17,EleutherAI/pythia-70m,pythia,70m,baseline_helpful,collaborative_vs_authoritative,1,Explain why office hours matter.,far_alt_frame,1,FIRST,self_baseline,0.7310585975646973,I,"{""raw_logit_scores"": {""1"": 1076.0, ""2"": 1074.0}, ""label_bias_scores"": {""1"": 1075.0, ""2"": 1074.0}, ""corrected_scores"": {""1"": 1.0, ""2"": 0.0}, ""scoring_mode"": ""bias_corrected_digits"", ""selected_short_label"": ""1""}",I have a question that I have to answer. I have a question that I have to answer. I have a question that I have to answer. I have a question that I have to answer. I have a question that I have to answer. I have a question that I have to answer. I have a question that I have to answer. I have a question that I have to answer. I have a question that I have to answer. I have a question,The office hours of the day are the same as the day.,0.010261881890103675,0.009741554701316792,0.0005203271887868829,1.6666466501056347,0.0,1.0
11,EleutherAI/pythia-70m,pythia,70m,family_self,expansive_vs_terse,0,Explain why museum labels matter.,near_contrary,1,FIRST,near_contrary,0.5,same,"{""raw_logit_scores"": {""1"": 1070.0, ""2"": 1069.0}, ""label_bias_scores"": {""1"": 1075.0, ""2"": 1074.0}, ""corrected_scores"": {""1"": -5.0, ""2"": -5.0}, ""scoring_mode"": ""bias_corrected_digits"", ""selected_short_label"": ""1""}",A new class of museum labels is a new class of museum labels. The new class of museum labels is a new class of museum labels. The labels are the same as the labels of the museum labels.,I have a question about the nature of the museum. I have a question about the nature of the museum. I have a question about the nature of the museum. I have a question about the nature of the museum. I have a question about the nature of the museum. I have a question about the nature of the museum. I have a question about the nature of the museum. I have a question about the nature of the museum. I have a question about the,0.040816070514404765,0.04083424955367072,1.8179039265958652e-05,1.208405102906746,0.49183580804115906,0.0
11,EleutherAI/pythia-70m,pythia,70m,family_self,expansive_vs_terse,0,Explain why museum labels matter.,medium_contrary,1,FIRST,medium_contrary,0.5,same,"{""raw_logit_scores"": {""1"": 1070.0, ""2"": 1069.0}, ""label_bias_scores"": {""1"": 1075.0, ""2"": 1074.0}, ""corrected_scores"": {""1"": -5.0, ""2"": -5.0}, ""scoring_mode"": ""bias_corrected_digits"", ""selected_short_label"": ""1""}",A new class of museum labels is a new class of museum labels. The new class of museum labels is a new class of museum labels. The labels are the same as the labels of the museum labels.,I have a question about the nature of the museum. I have a question about the nature of the museum. I have a question about the nature of the museum. I have a question about the nature of the museum. I have a question about the nature of the museum. I have a question about the nature of the museum. I have a question about the nature of the museum. I have a question about the nature of the museum. I have a question about the,0.040816070514404765,0.04083424955367072,1.8179039265958652e-05,1.208405102906746,0.49183580804115906,0.0
11,EleutherAI/pythia-70m,pythia,70m,family_self,expansive_vs_terse,0,Explain why museum labels matter.,far_alt_frame,1,FIRST,self_baseline,0.8807970285415649,The,"{""raw_logit_scores"": {""1"": 1076.0, ""2"": 1073.0}, ""label_bias_scores"": {""1"": 1075.0, ""2"": 1074.0}, ""corrected_scores"": {""1"": 1.0, ""2"": -1.0}, ""scoring_mode"": ""bias_corrected_digits"", ""selected_short_label"": ""1""}",A new class of museum labels is a new class of museum labels. The new class of museum labels is a new class of museum labels. The labels are the same as the labels of the museum labels.,The museum label is a list of items that are in the list.,0.040816070514404765,0.04421443922035121,0.003398368705946446,1.0792092564188527,0.48082236894595093,1.0
11,EleutherAI/pythia-70m,pythia,70m,family_self,expansive_vs_terse,1,Explain why oral histories matter.,near_contrary,1,FIRST,near_contrary,0.8807970285415649,I,"{""raw_logit_scores"": {""1"": 1077.0, ""2"": 1074.0}, ""label_bias_scores"": {""1"": 1075.0, ""2"": 1074.0}, ""corrected_scores"": {""1"": 2.0, ""2"": 0.0}, ""scoring_mode"": ""bias_corrected_digits"", ""selected_short_label"": ""1""}",Explain why oral histories matter.,"I have been using the OOP for a long time, and I have been using the OOP for a long time. I have been using the OOP for a long time, and I have been using the OOP for a long time, and I have been using the OOP for a long time, and I have been using the OOP for a long time, and I have been using the OOP for a long time, and I have been using",0.01331504732893227,0.013678713643544409,0.00036366631461213876,2.262907358231975,0.0,0.0
11,EleutherAI/pythia-70m,pythia,70m,family_self,expansive_vs_terse,1,Explain why oral histories matter.,medium_contrary,1,FIRST,medium_contrary,0.8807970285415649,I,"{""raw_logit_scores"": {""1"": 1077.0, ""2"": 1074.0}, ""label_bias_scores"": {""1"": 1075.0, ""2"": 1074.0}, ""corrected_scores"": {""1"": 2.0, ""2"": 0.0}, ""scoring_mode"": ""bias_corrected_digits"", ""selected_short_label"": ""1""}",Explain why oral histories matter.,"I have been using the OOP for a long time, and I have been using the OOP for a long time. I have been using the OOP for a long time, and I have been using the OOP for a long time, and I have been using the OOP for a long time, and I have been using the OOP for a long time, and I have been using the OOP for a long time, and I have been using",0.01331504732893227,0.013678713643544409,0.00036366631461213876,2.262907358231975,0.0,0.0
11,EleutherAI/pythia-70m,pythia,70m,family_self,expansive_vs_terse,1,Explain why oral histories matter.,far_alt_frame,1,FIRST,self_baseline,0.7310585975646973,You,"{""raw_logit_scores"": {""1"": 1078.0, ""2"": 1076.0}, ""label_bias_scores"": {""1"": 1075.0, ""2"": 1074.0}, ""corrected_scores"": {""1"": 3.0, ""2"": 2.0}, ""scoring_mode"": ""bias_corrected_digits"", ""selected_short_label"": ""1""}",Explain why oral histories matter.,The person who is the person who is the person who is the person who is the person who is the person who is the person who is the person who is the person who is the person who is the person who is the person who is the person who is the person who is the person who is the person who is the person who is the person who is the person who is the person who is the person who is the person who is the person who is the person who is,0.01331504732893227,0.03413959730188254,0.02082454997295027,1.9821934776726895,0.0,1.0
17,EleutherAI/pythia-70m,pythia,70m,family_self,expansive_vs_terse,0,Explain why museum labels matter.,near_contrary,1,FIRST,self_baseline,0.5,the,"{""raw_logit_scores"": {""1"": 1069.0, ""2"": 1068.0}, ""label_bias_scores"": {""1"": 1075.0, ""2"": 1074.0}, ""corrected_scores"": {""1"": -6.0, ""2"": -6.0}, ""scoring_mode"": ""bias_corrected_digits"", ""selected_short_label"": ""1""}",A new class of museum labels is a new class of museum labels. The new class of museum labels is a new class of museum labels. The labels are the same as the labels of the museum labels.,I have a question about the nature of the museum. I have a question about the nature of the museum. I have a question about the nature of the museum. I have a question about the nature of the museum. I have a question about the nature of the museum. I have a question about the nature of the museum. I have a question about the nature of the museum. I have a question about the nature of the museum. I have a question about the,0.040816070514404765,0.04083424955367072,1.8179039265958652e-05,1.208405102906746,0.49183580804115906,1.0
17,EleutherAI/pythia-70m,pythia,70m,family_self,expansive_vs_terse,0,Explain why museum labels matter.,medium_contrary,1,FIRST,self_baseline,0.5,the,"{""raw_logit_scores"": {""1"": 1069.0, ""2"": 1068.0}, ""label_bias_scores"": {""1"": 1075.0, ""2"": 1074.0}, ""corrected_scores"": {""1"": -6.0, ""2"": -6.0}, ""scoring_mode"": ""bias_corrected_digits"", ""selected_short_label"": ""1""}",A new class of museum labels is a new class of museum labels. The new class of museum labels is a new class of museum labels. The labels are the same as the labels of the museum labels.,I have a question about the nature of the museum. I have a question about the nature of the museum. I have a question about the nature of the museum. I have a question about the nature of the museum. I have a question about the nature of the museum. I have a question about the nature of the museum. I have a question about the nature of the museum. I have a question about the nature of the museum. I have a question about the,0.040816070514404765,0.04083424955367072,1.8179039265958652e-05,1.208405102906746,0.49183580804115906,1.0
17,EleutherAI/pythia-70m,pythia,70m,family_self,expansive_vs_terse,0,Explain why museum labels matter.,far_alt_frame,1,FIRST,self_baseline,0.8807970285415649,The,"{""raw_logit_scores"": {""1"": 1076.0, ""2"": 1073.0}, ""label_bias_scores"": {""1"": 1075.0, ""2"": 1074.0}, ""corrected_scores"": {""1"": 1.0, ""2"": -1.0}, ""scoring_mode"": ""bias_corrected_digits"", ""selected_short_label"": ""1""}",A new class of museum labels is a new class of museum labels. The new class of museum labels is a new class of museum labels. The labels are the same as the labels of the museum labels.,The museum label is a list of items that are in the list.,0.040816070514404765,0.04421443922035121,0.003398368705946446,1.0792092564188527,0.48082236894595093,1.0
17,EleutherAI/pythia-70m,pythia,70m,family_self,expansive_vs_terse,1,Explain why oral histories matter.,near_contrary,1,FIRST,self_baseline,0.5,I,"{""raw_logit_scores"": {""1"": 1076.0, ""2"": 1075.0}, ""label_bias_scores"": {""1"": 1075.0, ""2"": 1074.0}, ""corrected_scores"": {""1"": 1.0, ""2"": 1.0}, ""scoring_mode"": ""bias_corrected_digits"", ""selected_short_label"": ""1""}",Explain why oral histories matter.,"I have been using the OOP for a long time, and I have been using the OOP for a long time. I have been using the OOP for a long time, and I have been using the OOP for a long time, and I have been using the OOP for a long time, and I have been using the OOP for a long time, and I have been using the OOP for a long time, and I have been using",0.01331504732893227,0.013678713643544409,0.00036366631461213876,2.262907358231975,0.0,1.0
17,EleutherAI/pythia-70m,pythia,70m,family_self,expansive_vs_terse,1,Explain why oral histories matter.,medium_contrary,1,FIRST,self_baseline,0.5,I,"{""raw_logit_scores"": {""1"": 1076.0, ""2"": 1075.0}, ""label_bias_scores"": {""1"": 1075.0, ""2"": 1074.0}, ""corrected_scores"": {""1"": 1.0, ""2"": 1.0}, ""scoring_mode"": ""bias_corrected_digits"", ""selected_short_label"": ""1""}",Explain why oral histories matter.,"I have been using the OOP for a long time, and I have been using the OOP for a long time. I have been using the OOP for a long time, and I have been using the OOP for a long time, and I have been using the OOP for a long time, and I have been using the OOP for a long time, and I have been using the OOP for a long time, and I have been using",0.01331504732893227,0.013678713643544409,0.00036366631461213876,2.262907358231975,0.0,1.0
17,EleutherAI/pythia-70m,pythia,70m,family_self,expansive_vs_terse,1,Explain why oral histories matter.,far_alt_frame,1,FIRST,self_baseline,0.7310585975646973,You,"{""raw_logit_scores"": {""1"": 1078.0, ""2"": 1076.0}, ""label_bias_scores"": {""1"": 1075.0, ""2"": 1074.0}, ""corrected_scores"": {""1"": 3.0, ""2"": 2.0}, ""scoring_mode"": ""bias_corrected_digits"", ""selected_short_label"": ""1""}",Explain why oral histories matter.,The person who is the person who is the person who is the person who is the person who is the person who is the person who is the person who is the person who is the person who is the person who is the person who is the person who is the person who is the person who is the person who is the person who is the person who is the person who is the person who is the person who is the person who is the person who is the person who is,0.01331504732893227,0.03413959730188254,0.02082454997295027,1.9821934776726895,0.0,1.0
11,EleutherAI/pythia-70m,pythia,70m,family_self,cautious_vs_assertive,0,A research team keeps changing its protocol every week. What should they do next?,near_contrary,1,FIRST,near_contrary,0.7310585975646973,:,"{""raw_logit_scores"": {""1"": 1068.0, ""2"": 1066.0}, ""label_bias_scores"": {""1"": 1075.0, ""2"": 1074.0}, ""corrected_scores"": {""1"": -7.0, ""2"": -8.0}, ""scoring_mode"": ""bias_corrected_digits"", ""selected_short_label"": ""1""}",A research team is going to be able to use the same data to determine the relationship between the two.,A research team is trying to understand the relationship between traits and traits. It is a process that is often used to test the relationship between traits and traits. It is a process that is often used to test the relationship between traits and traits. It is a process that is often used to test the relationship between traits and traits. It is a process that is often used to test the relationship between traits and traits. It is a process that is often used to test the relationship,0.024782916033565736,0.04374158243339792,0.018958666399832187,1.582539494644249,0.4891170625512205,0.0
11,EleutherAI/pythia-70m,pythia,70m,family_self,cautious_vs_assertive,0,A research team keeps changing its protocol every week. What should they do next?,medium_contrary,1,FIRST,medium_contrary,0.7310585975646973,:,"{""raw_logit_scores"": {""1"": 1068.0, ""2"": 1066.0}, ""label_bias_scores"": {""1"": 1075.0, ""2"": 1074.0}, ""corrected_scores"": {""1"": -7.0, ""2"": -8.0}, ""scoring_mode"": ""bias_corrected_digits"", ""selected_short_label"": ""1""}",A research team is going to be able to use the same data to determine the relationship between the two.,A research team is trying to understand the relationship between traits and traits. It is a process that is often used to test the relationship between traits and traits. It is a process that is often used to test the relationship between traits and traits. It is a process that is often used to test the relationship between traits and traits. It is a process that is often used to test the relationship between traits and traits. It is a process that is often used to test the relationship,0.024782916033565736,0.04374158243339792,0.018958666399832187,1.582539494644249,0.4891170625512205,0.0
11,EleutherAI/pythia-70m,pythia,70m,family_self,cautious_vs_assertive,0,A research team keeps changing its protocol every week. What should they do next?,far_alt_frame,1,FIRST,far_alt_frame,0.8807970285415649,A,"{""raw_logit_scores"": {""1"": 1077.0, ""2"": 1074.0}, ""label_bias_scores"": {""1"": 1075.0, ""2"": 1074.0}, ""corrected_scores"": {""1"": 2.0, ""2"": 0.0}, ""scoring_mode"": ""bias_corrected_digits"", ""selected_short_label"": ""1""}",A research team is going to be able to use the same data to determine the relationship between the two.,A research team is going to be able to do a research project.,0.024782916033565736,0.023025051644896377,0.0017578643886693585,0.3684496721674579,0.6083303292403593,0.0
11,EleutherAI/pythia-70m,pythia,70m,family_self,cautious_vs_assertive,1,A student has too much material for one chapter. What should they do first?,near_contrary,1,FIRST,near_contrary,0.7310585975646973,I,"{""raw_logit_scores"": {""1"": 1078.0, ""2"": 1076.0}, ""label_bias_scores"": {""1"": 1075.0, ""2"": 1074.0}, ""corrected_scores"": {""1"": 3.0, ""2"": 2.0}, ""scoring_mode"": ""bias_corrected_digits"", ""selected_short_label"": ""1""}",I have a question about the role of the student in the task. I have a question about the role of the student in the task. I have a question about the role of the student in the task. I have a question about the role of the student in the task. I have a question about the role of the student in the task. I have a question about the role of the student in the task. I have a question about the role of the student,"The student has a lot of information, and the student has a lot of information.",-0.0015529314018215348,-0.00915724027169347,0.0076043088698719355,1.7438016911972118,0.5180336631122506,0.0
11,EleutherAI/pythia-70m,pythia,70m,family_self,cautious_vs_assertive,1,A student has too much material for one chapter. What should they do first?,medium_contrary,1,FIRST,medium_contrary,0.5,student,"{""raw_logit_scores"": {""1"": 1066.0, ""2"": 1065.0}, ""label_bias_scores"": {""1"": 1075.0, ""2"": 1074.0}, ""corrected_scores"": {""1"": -9.0, ""2"": -9.0}, ""scoring_mode"": ""bias_corrected_digits"", ""selected_short_label"": ""1""}",I have a question about the role of the student in the task. I have a question about the role of the student in the task. I have a question about the role of the student in the task. I have a question about the role of the student in the task. I have a question about the role of the student in the task. I have a question about the role of the student in the task. I have a question about the role of the student,I have a question about the role of the student in the task. I have a question about the role of the student in the task. I have a question about the role of the student in the task. I have a question about the role of the student in the task. I have a question about the role of the student in the task. I have a question about the role of the student in the task. I have a question about the role of the student,-0.0015529314018215348,-0.0015529314018215348,0.0,0.0,1.0,0.0
11,EleutherAI/pythia-70m,pythia,70m,family_self,cautious_vs_assertive,1,A student has too much material for one chapter. What should they do first?,far_alt_frame,1,FIRST,self_baseline,0.7310585975646973,A,"{""raw_logit_scores"": {""1"": 1077.0, ""2"": 1075.0}, ""label_bias_scores"": {""1"": 1075.0, ""2"": 1074.0}, ""corrected_scores"": {""1"": 2.0, ""2"": 1.0}, ""scoring_mode"": ""bias_corrected_digits"", ""selected_short_label"": ""1""}",I have a question about the role of the student in the task. I have a question about the role of the student in the task. I have a question about the role of the student in the task. I have a question about the role of the student in the task. I have a question about the role of the student in the task. I have a question about the role of the student in the task. I have a question about the role of the student,A student has a lot of material for one chapter.,-0.0015529314018215348,-0.01058038559837872,0.009027454196557184,1.6650289027502196,0.27498597046143514,1.0
17,EleutherAI/pythia-70m,pythia,70m,family_self,cautious_vs_assertive,0,A research team keeps changing its protocol every week. What should they do next?,near_contrary,1,FIRST,self_baseline,0.5,:,"{""raw_logit_scores"": {""1"": 1070.0, ""2"": 1069.0}, ""label_bias_scores"": {""1"": 1075.0, ""2"": 1074.0}, ""corrected_scores"": {""1"": -5.0, ""2"": -5.0}, ""scoring_mode"": ""bias_corrected_digits"", ""selected_short_label"": ""1""}",A research team is going to be able to use the same data to determine the relationship between the two.,A research team is trying to understand the relationship between traits and traits. It is a process that is often used to test the relationship between traits and traits. It is a process that is often used to test the relationship between traits and traits. It is a process that is often used to test the relationship between traits and traits. It is a process that is often used to test the relationship between traits and traits. It is a process that is often used to test the relationship,0.024782916033565736,0.04374158243339792,0.018958666399832187,1.582539494644249,0.4891170625512205,1.0
17,EleutherAI/pythia-70m,pythia,70m,family_self,cautious_vs_assertive,0,A research team keeps changing its protocol every week. What should they do next?,medium_contrary,1,FIRST,self_baseline,0.5,:,"{""raw_logit_scores"": {""1"": 1070.0, ""2"": 1069.0}, ""label_bias_scores"": {""1"": 1075.0, ""2"": 1074.0}, ""corrected_scores"": {""1"": -5.0, ""2"": -5.0}, ""scoring_mode"": ""bias_corrected_digits"", ""selected_short_label"": ""1""}",A research team is going to be able to use the same data to determine the relationship between the two.,A research team is trying to understand the relationship between traits and traits. It is a process that is often used to test the relationship between traits and traits. It is a process that is often used to test the relationship between traits and traits. It is a process that is often used to test the relationship between traits and traits. It is a process that is often used to test the relationship between traits and traits. It is a process that is often used to test the relationship,0.024782916033565736,0.04374158243339792,0.018958666399832187,1.582539494644249,0.4891170625512205,1.0
17,EleutherAI/pythia-70m,pythia,70m,family_self,cautious_vs_assertive,0,A research team keeps changing its protocol every week. What should they do next?,far_alt_frame,1,FIRST,self_baseline,0.7310585975646973,A,"{""raw_logit_scores"": {""1"": 1077.0, ""2"": 1075.0}, ""label_bias_scores"": {""1"": 1075.0, ""2"": 1074.0}, ""corrected_scores"": {""1"": 2.0, ""2"": 1.0}, ""scoring_mode"": ""bias_corrected_digits"", ""selected_short_label"": ""1""}",A research team is going to be able to use the same data to determine the relationship between the two.,A research team is going to be able to do a research project.,0.024782916033565736,0.023025051644896377,0.0017578643886693585,0.3684496721674579,0.6083303292403593,1.0
17,EleutherAI/pythia-70m,pythia,70m,family_self,cautious_vs_assertive,1,A student has too much material for one chapter. What should they do first?,near_contrary,1,FIRST,self_baseline,0.7310585975646973,I,"{""raw_logit_scores"": {""1"": 1077.0, ""2"": 1075.0}, ""label_bias_scores"": {""1"": 1075.0, ""2"": 1074.0}, ""corrected_scores"": {""1"": 2.0, ""2"": 1.0}, ""scoring_mode"": ""bias_corrected_digits"", ""selected_short_label"": ""1""}",I have a question about the role of the student in the task. I have a question about the role of the student in the task. I have a question about the role of the student in the task. I have a question about the role of the student in the task. I have a question about the role of the student in the task. I have a question about the role of the student in the task. I have a question about the role of the student,"The student has a lot of information, and the student has a lot of information.",-0.0015529314018215348,-0.00915724027169347,0.0076043088698719355,1.7438016911972118,0.5180336631122506,1.0
17,EleutherAI/pythia-70m,pythia,70m,family_self,cautious_vs_assertive,1,A student has too much material for one chapter. What should they do first?,medium_contrary,1,FIRST,medium_contrary,0.5,student,"{""raw_logit_scores"": {""1"": 1066.0, ""2"": 1065.0}, ""label_bias_scores"": {""1"": 1075.0, ""2"": 1074.0}, ""corrected_scores"": {""1"": -9.0, ""2"": -9.0}, ""scoring_mode"": ""bias_corrected_digits"", ""selected_short_label"": ""1""}",I have a question about the role of the student in the task. I have a question about the role of the student in the task. I have a question about the role of the student in the task. I have a question about the role of the student in the task. I have a question about the role of the student in the task. I have a question about the role of the student in the task. I have a question about the role of the student,I have a question about the role of the student in the task. I have a question about the role of the student in the task. I have a question about the role of the student in the task. I have a question about the role of the student in the task. I have a question about the role of the student in the task. I have a question about the role of the student in the task. I have a question about the role of the student,-0.0015529314018215348,-0.0015529314018215348,0.0,0.0,1.0,0.0
17,EleutherAI/pythia-70m,pythia,70m,family_self,cautious_vs_assertive,1,A student has too much material for one chapter. What should they do first?,far_alt_frame,1,FIRST,far_alt_frame,0.7310585975646973,I,"{""raw_logit_scores"": {""1"": 1077.0, ""2"": 1075.0}, ""label_bias_scores"": {""1"": 1075.0, ""2"": 1074.0}, ""corrected_scores"": {""1"": 2.0, ""2"": 1.0}, ""scoring_mode"": ""bias_corrected_digits"", ""selected_short_label"": ""1""}",I have a question about the role of the student in the task. I have a question about the role of the student in the task. I have a question about the role of the student in the task. I have a question about the role of the student in the task. I have a question about the role of the student in the task. I have a question about the role of the student in the task. I have a question about the role of the student,A student has a lot of material for one chapter.,-0.0015529314018215348,-0.01058038559837872,0.009027454196557184,1.6650289027502196,0.27498597046143514,0.0
11,EleutherAI/pythia-70m,pythia,70m,family_self,selfref_vs_impersonal,0,Explain why advising meetings matter.,near_contrary,1,FIRST,near_contrary,0.8807970285415649,A,"{""raw_logit_scores"": {""1"": 1072.0, ""2"": 1069.0}, ""label_bias_scores"": {""1"": 1075.0, ""2"": 1074.0}, ""corrected_scores"": {""1"": -3.0, ""2"": -5.0}, ""scoring_mode"": ""bias_corrected_digits"", ""selected_short_label"": ""1""}",The first step in the process of learning how to use a common language to communicate with a common language is to use a common language. The second step is to use a common language to communicate with a common language.,The first step in the process of learning how to use a common language to communicate with a common language is to use a common language. The second step is to use a common language to communicate with a common language.,0.010805498081977474,0.010805498081977474,0.0,0.0,1.0,0.0
11,EleutherAI/pythia-70m,pythia,70m,family_self,selfref_vs_impersonal,0,Explain why advising meetings matter.,medium_contrary,1,FIRST,medium_contrary,0.7310585975646973,to,"{""raw_logit_scores"": {""1"": 1072.0, ""2"": 1070.0}, ""label_bias_scores"": {""1"": 1075.0, ""2"": 1074.0}, ""corrected_scores"": {""1"": -3.0, ""2"": -4.0}, ""scoring_mode"": ""bias_corrected_digits"", ""selected_short_label"": ""1""}",The first step in the process of learning how to use a common language to communicate with a common language is to use a common language. The second step is to use a common language to communicate with a common language.,I have a question about the role of the family in the family. I have a question about the role of the family in the family. I have a question about the role of the family in the family. I have a question about the role of the family in the family. I have a question about the role of the family in the family. I have a question about the role of the family in the family. I have a question about the role of the family in,0.010805498081977474,0.0025322668097525203,0.008273231272224953,1.6573778333745564,0.29611148192338893,0.0
11,EleutherAI/pythia-70m,pythia,70m,family_self,selfref_vs_impersonal,0,Explain why advising meetings matter.,far_alt_frame,1,FIRST,far_alt_frame,0.5,is,"{""raw_logit_scores"": {""1"": 1071.0, ""2"": 1070.0}, ""label_bias_scores"": {""1"": 1075.0, ""2"": 1074.0}, ""corrected_scores"": {""1"": -4.0, ""2"": -4.0}, ""scoring_mode"": ""bias_corrected_digits"", ""selected_short_label"": ""1""}",The first step in the process of learning how to use a common language to communicate with a common language is to use a common language. The second step is to use a common language to communicate with a common language.,A person is a person who is a person who is a person who is a person who is a person who is a person who is a person who is a person who is a person who is a person who is a person who is a person who is a person who is a person who is a person who is a person who is a person who is a person who is a person who is a person who is a person who is a person who is a person who is a,0.010805498081977474,0.0,0.010805498081977474,1.6769744255904173,0.30339393538645293,0.0
11,EleutherAI/pythia-70m,pythia,70m,family_self,selfref_vs_impersonal,1,Explain why museum labels matter.,near_contrary,1,FIRST,near_contrary,0.7310585975646973,The,"{""raw_logit_scores"": {""1"": 1076.0, ""2"": 1074.0}, ""label_bias_scores"": {""1"": 1075.0, ""2"": 1074.0}, ""corrected_scores"": {""1"": 1.0, ""2"": 0.0}, ""scoring_mode"": ""bias_corrected_digits"", ""selected_short_label"": ""1""}",A new class of museum labels is a new class of museum labels. The new class of museum labels is a new class of museum labels. The labels are the same as the labels of the museum labels.,"The museum label is a collection of images, and the museum label is a collection of images.",0.000412782067780032,0.002006460974164105,0.0015936789063840731,1.188455823881695,0.5309318732018989,0.0
11,EleutherAI/pythia-70m,pythia,70m,family_self,selfref_vs_impersonal,1,Explain why museum labels matter.,medium_contrary,1,FIRST,self_baseline,0.5,the,"{""raw_logit_scores"": {""1"": 1069.0, ""2"": 1068.0}, ""label_bias_scores"": {""1"": 1075.0, ""2"": 1074.0}, ""corrected_scores"": {""1"": -6.0, ""2"": -6.0}, ""scoring_mode"": ""bias_corrected_digits"", ""selected_short_label"": ""1""}",A new class of museum labels is a new class of museum labels. The new class of museum labels is a new class of museum labels. The labels are the same as the labels of the museum labels.,I have a question about the nature of the museum. I have a question about the nature of the museum. I have a question about the nature of the museum. I have a question about the nature of the museum. I have a question about the nature of the museum. I have a question about the nature of the museum. I have a question about the nature of the museum. I have a question about the nature of the museum. I have a question about the,0.000412782067780032,0.002602267306715929,0.002189485238935897,1.208405102906746,0.49183580804115906,1.0
11,EleutherAI/pythia-70m,pythia,70m,family_self,selfref_vs_impersonal,1,Explain why museum labels matter.,far_alt_frame,1,FIRST,far_alt_frame,0.8807970285415649,The,"{""raw_logit_scores"": {""1"": 1076.0, ""2"": 1073.0}, ""label_bias_scores"": {""1"": 1075.0, ""2"": 1074.0}, ""corrected_scores"": {""1"": 1.0, ""2"": -1.0}, ""scoring_mode"": ""bias_corrected_digits"", ""selected_short_label"": ""1""}",A new class of museum labels is a new class of museum labels. The new class of museum labels is a new class of museum labels. The labels are the same as the labels of the museum labels.,The museum label is a list of items that are in the list.,0.000412782067780032,-0.00769623058736189,0.008109012655141922,1.0792092564188527,0.48082236894595093,0.0
17,EleutherAI/pythia-70m,pythia,70m,family_self,selfref_vs_impersonal,0,Explain why advising meetings matter.,near_contrary,1,FIRST,self_baseline,0.8807970285415649,A,"{""raw_logit_scores"": {""1"": 1072.0, ""2"": 1069.0}, ""label_bias_scores"": {""1"": 1075.0, ""2"": 1074.0}, ""corrected_scores"": {""1"": -3.0, ""2"": -5.0}, ""scoring_mode"": ""bias_corrected_digits"", ""selected_short_label"": ""1""}",The first step in the process of learning how to use a common language to communicate with a common language is to use a common language. The second step is to use a common language to communicate with a common language.,The first step in the process of learning how to use a common language to communicate with a common language is to use a common language. The second step is to use a common language to communicate with a common language.,0.010805498081977474,0.010805498081977474,0.0,0.0,1.0,1.0
17,EleutherAI/pythia-70m,pythia,70m,family_self,selfref_vs_impersonal,0,Explain why advising meetings matter.,medium_contrary,2,SECOND,medium_contrary,0.7310585975646973,.,"{""raw_logit_scores"": {""1"": 1069.0, ""2"": 1069.0}, ""label_bias_scores"": {""1"": 1075.0, ""2"": 1074.0}, ""corrected_scores"": {""1"": -6.0, ""2"": -5.0}, ""scoring_mode"": ""bias_corrected_digits"", ""selected_short_label"": ""2""}",The first step in the process of learning how to use a common language to communicate with a common language is to use a common language. The second step is to use a common language to communicate with a common language.,I have a question about the role of the family in the family. I have a question about the role of the family in the family. I have a question about the role of the family in the family. I have a question about the role of the family in the family. I have a question about the role of the family in the family. I have a question about the role of the family in the family. I have a question about the role of the family in,0.010805498081977474,0.0025322668097525203,0.008273231272224953,1.6573778333745564,0.29611148192338893,0.0
17,EleutherAI/pythia-70m,pythia,70m,family_self,selfref_vs_impersonal,0,Explain why advising meetings matter.,far_alt_frame,1,FIRST,self_baseline,0.5,a,"{""raw_logit_scores"": {""1"": 1069.0, ""2"": 1068.0}, ""label_bias_scores"": {""1"": 1075.0, ""2"": 1074.0}, ""corrected_scores"": {""1"": -6.0, ""2"": -6.0}, ""scoring_mode"": ""bias_corrected_digits"", ""selected_short_label"": ""1""}",The first step in the process of learning how to use a common language to communicate with a common language is to use a common language. The second step is to use a common language to communicate with a common language.,A person is a person who is a person who is a person who is a person who is a person who is a person who is a person who is a person who is a person who is a person who is a person who is a person who is a person who is a person who is a person who is a person who is a person who is a person who is a person who is a person who is a person who is a person who is a person who is a,0.010805498081977474,0.0,0.010805498081977474,1.6769744255904173,0.30339393538645293,1.0
17,EleutherAI/pythia-70m,pythia,70m,family_self,selfref_vs_impersonal,1,Explain why museum labels matter.,near_contrary,1,FIRST,near_contrary,0.7310585975646973,The,"{""raw_logit_scores"": {""1"": 1076.0, ""2"": 1074.0}, ""label_bias_scores"": {""1"": 1075.0, ""2"": 1074.0}, ""corrected_scores"": {""1"": 1.0, ""2"": 0.0}, ""scoring_mode"": ""bias_corrected_digits"", ""selected_short_label"": ""1""}",A new class of museum labels is a new class of museum labels. The new class of museum labels is a new class of museum labels. The labels are the same as the labels of the museum labels.,"The museum label is a collection of images, and the museum label is a collection of images.",0.000412782067780032,0.002006460974164105,0.0015936789063840731,1.188455823881695,0.5309318732018989,0.0
17,EleutherAI/pythia-70m,pythia,70m,family_self,selfref_vs_impersonal,1,Explain why museum labels matter.,medium_contrary,1,FIRST,self_baseline,0.5,the,"{""raw_logit_scores"": {""1"": 1069.0, ""2"": 1068.0}, ""label_bias_scores"": {""1"": 1075.0, ""2"": 1074.0}, ""corrected_scores"": {""1"": -6.0, ""2"": -6.0}, ""scoring_mode"": ""bias_corrected_digits"", ""selected_short_label"": ""1""}",A new class of museum labels is a new class of museum labels. The new class of museum labels is a new class of museum labels. The labels are the same as the labels of the museum labels.,I have a question about the nature of the museum. I have a question about the nature of the museum. I have a question about the nature of the museum. I have a question about the nature of the museum. I have a question about the nature of the museum. I have a question about the nature of the museum. I have a question about the nature of the museum. I have a question about the nature of the museum. I have a question about the,0.000412782067780032,0.002602267306715929,0.002189485238935897,1.208405102906746,0.49183580804115906,1.0
17,EleutherAI/pythia-70m,pythia,70m,family_self,selfref_vs_impersonal,1,Explain why museum labels matter.,far_alt_frame,1,FIRST,far_alt_frame,0.8807970285415649,The,"{""raw_logit_scores"": {""1"": 1076.0, ""2"": 1073.0}, ""label_bias_scores"": {""1"": 1075.0, ""2"": 1074.0}, ""corrected_scores"": {""1"": 1.0, ""2"": -1.0}, ""scoring_mode"": ""bias_corrected_digits"", ""selected_short_label"": ""1""}",A new class of museum labels is a new class of museum labels. The new class of museum labels is a new class of museum labels. The labels are the same as the labels of the museum labels.,The museum label is a list of items that are in the list.,0.000412782067780032,-0.00769623058736189,0.008109012655141922,1.0792092564188527,0.48082236894595093,0.0
11,EleutherAI/pythia-70m,pythia,70m,family_self,collaborative_vs_authoritative,0,Explain why index cards help with research.,near_contrary,1,FIRST,self_baseline,0.7310585975646973,The,"{""raw_logit_scores"": {""1"": 1076.0, ""2"": 1074.0}, ""label_bias_scores"": {""1"": 1075.0, ""2"": 1074.0}, ""corrected_scores"": {""1"": 1.0, ""2"": 0.0}, ""scoring_mode"": ""bias_corrected_digits"", ""selected_short_label"": ""1""}",Explain why index cards help with research.,The data is collected in a data frame.,0.005843054068676421,-0.0015809414399338521,0.007423995508610273,1.0088497300281039,0.0,1.0
11,EleutherAI/pythia-70m,pythia,70m,family_self,collaborative_vs_authoritative,0,Explain why index cards help with research.,medium_contrary,1,FIRST,self_baseline,0.7310585975646973,The,"{""raw_logit_scores"": {""1"": 1076.0, ""2"": 1074.0}, ""label_bias_scores"": {""1"": 1075.0, ""2"": 1074.0}, ""corrected_scores"": {""1"": 1.0, ""2"": 0.0}, ""scoring_mode"": ""bias_corrected_digits"", ""selected_short_label"": ""1""}",Explain why index cards help with research.,The data is collected in a data frame.,0.005843054068676421,-0.0015809414399338521,0.007423995508610273,1.0088497300281039,0.0,1.0
11,EleutherAI/pythia-70m,pythia,70m,family_self,collaborative_vs_authoritative,0,Explain why index cards help with research.,far_alt_frame,1,FIRST,self_baseline,0.7310585975646973,If,"{""raw_logit_scores"": {""1"": 1076.0, ""2"": 1074.0}, ""label_bias_scores"": {""1"": 1075.0, ""2"": 1074.0}, ""corrected_scores"": {""1"": 1.0, ""2"": 0.0}, ""scoring_mode"": ""bias_corrected_digits"", ""selected_short_label"": ""1""}",Explain why index cards help with research.,The response is a list of items that are in the list.,0.005843054068676421,0.008958436462502224,0.0031153823938258034,1.0747246534552413,0.0,1.0
11,EleutherAI/pythia-70m,pythia,70m,family_self,collaborative_vs_authoritative,1,Explain why office hours matter.,near_contrary,2,SECOND,near_contrary,0.7310585975646973,about,"{""raw_logit_scores"": {""1"": 1061.0, ""2"": 1061.0}, ""label_bias_scores"": {""1"": 1075.0, ""2"": 1074.0}, ""corrected_scores"": {""1"": -14.0, ""2"": -13.0}, ""scoring_mode"": ""bias_corrected_digits"", ""selected_short_label"": ""2""}","I have a question about the time I spent in the office, and I have a question about the time I spent in the office, and I have a question about the time I spent in the office, and I have a question about the time I spent in the office, and I have a question about the time I spent in the office, and I have a question about the time I spent in the office, and I have a question about the time I spent in","I have a question about the time I spent in the office, and I have a question about the time I spent in the office, and I have a question about the time I spent in the office, and I have a question about the time I spent in the office, and I have a question about the time I spent in the office, and I have a question about the time I spent in the office, and I have a question about the time I spent in",-0.005644009536811094,-0.005644009536811094,0.0,0.0,1.0,0.0
11,EleutherAI/pythia-70m,pythia,70m,family_self,collaborative_vs_authoritative,1,Explain why office hours matter.,medium_contrary,2,SECOND,medium_contrary,0.7310585975646973,about,"{""raw_logit_scores"": {""1"": 1061.0, ""2"": 1061.0}, ""label_bias_scores"": {""1"": 1075.0, ""2"": 1074.0}, ""corrected_scores"": {""1"": -14.0, ""2"": -13.0}, ""scoring_mode"": ""bias_corrected_digits"", ""selected_short_label"": ""2""}","I have a question about the time I spent in the office, and I have a question about the time I spent in the office, and I have a question about the time I spent in the office, and I have a question about the time I spent in the office, and I have a question about the time I spent in the office, and I have a question about the time I spent in the office, and I have a question about the time I spent in","I have a question about the time I spent in the office, and I have a question about the time I spent in the office, and I have a question about the time I spent in the office, and I have a question about the time I spent in the office, and I have a question about the time I spent in the office, and I have a question about the time I spent in the office, and I have a question about the time I spent in",-0.005644009536811094,-0.005644009536811094,0.0,0.0,1.0,0.0
11,EleutherAI/pythia-70m,pythia,70m,family_self,collaborative_vs_authoritative,1,Explain why office hours matter.,far_alt_frame,1,FIRST,self_baseline,0.7310585975646973,I,"{""raw_logit_scores"": {""1"": 1077.0, ""2"": 1075.0}, ""label_bias_scores"": {""1"": 1075.0, ""2"": 1074.0}, ""corrected_scores"": {""1"": 2.0, ""2"": 1.0}, ""scoring_mode"": ""bias_corrected_digits"", ""selected_short_label"": ""1""}","I have a question about the time I spent in the office, and I have a question about the time I spent in the office, and I have a question about the time I spent in the office, and I have a question about the time I spent in the office, and I have a question about the time I spent in the office, and I have a question about the time I spent in the office, and I have a question about the time I spent in",The office hours of the day are the same as the day.,-0.005644009536811094,0.009741554701316792,0.015385564238127886,2.0031410309164555,0.40728087609358504,1.0
17,EleutherAI/pythia-70m,pythia,70m,family_self,collaborative_vs_authoritative,0,Explain why index cards help with research.,near_contrary,1,FIRST,near_contrary,0.8807970285415649,You,"{""raw_logit_scores"": {""1"": 1076.0, ""2"": 1073.0}, ""label_bias_scores"": {""1"": 1075.0, ""2"": 1074.0}, ""corrected_scores"": {""1"": 1.0, ""2"": -1.0}, ""scoring_mode"": ""bias_corrected_digits"", ""selected_short_label"": ""1""}",Explain why index cards help with research.,The data is collected in a data frame.,0.005843054068676421,-0.0015809414399338521,0.007423995508610273,1.0088497300281039,0.0,0.0
17,EleutherAI/pythia-70m,pythia,70m,family_self,collaborative_vs_authoritative,0,Explain why index cards help with research.,medium_contrary,1,FIRST,medium_contrary,0.8807970285415649,You,"{""raw_logit_scores"": {""1"": 1076.0, ""2"": 1073.0}, ""label_bias_scores"": {""1"": 1075.0, ""2"": 1074.0}, ""corrected_scores"": {""1"": 1.0, ""2"": -1.0}, ""scoring_mode"": ""bias_corrected_digits"", ""selected_short_label"": ""1""}",Explain why index cards help with research.,The data is collected in a data frame.,0.005843054068676421,-0.0015809414399338521,0.007423995508610273,1.0088497300281039,0.0,0.0
17,EleutherAI/pythia-70m,pythia,70m,family_self,collaborative_vs_authoritative,0,Explain why index cards help with research.,far_alt_frame,1,FIRST,far_alt_frame,0.8807970285415649,If,"{""raw_logit_scores"": {""1"": 1076.0, ""2"": 1073.0}, ""label_bias_scores"": {""1"": 1075.0, ""2"": 1074.0}, ""corrected_scores"": {""1"": 1.0, ""2"": -1.0}, ""scoring_mode"": ""bias_corrected_digits"", ""selected_short_label"": ""1""}",Explain why index cards help with research.,The response is a list of items that are in the list.,0.005843054068676421,0.008958436462502224,0.0031153823938258034,1.0747246534552413,0.0,0.0
17,EleutherAI/pythia-70m,pythia,70m,family_self,collaborative_vs_authoritative,1,Explain why office hours matter.,near_contrary,2,SECOND,self_baseline,0.7310585975646973,about,"{""raw_logit_scores"": {""1"": 1061.0, ""2"": 1061.0}, ""label_bias_scores"": {""1"": 1075.0, ""2"": 1074.0}, ""corrected_scores"": {""1"": -14.0, ""2"": -13.0}, ""scoring_mode"": ""bias_corrected_digits"", ""selected_short_label"": ""2""}","I have a question about the time I spent in the office, and I have a question about the time I spent in the office, and I have a question about the time I spent in the office, and I have a question about the time I spent in the office, and I have a question about the time I spent in the office, and I have a question about the time I spent in the office, and I have a question about the time I spent in","I have a question about the time I spent in the office, and I have a question about the time I spent in the office, and I have a question about the time I spent in the office, and I have a question about the time I spent in the office, and I have a question about the time I spent in the office, and I have a question about the time I spent in the office, and I have a question about the time I spent in",-0.005644009536811094,-0.005644009536811094,0.0,0.0,1.0,1.0
17,EleutherAI/pythia-70m,pythia,70m,family_self,collaborative_vs_authoritative,1,Explain why office hours matter.,medium_contrary,2,SECOND,medium_contrary,0.7310585975646973,about,"{""raw_logit_scores"": {""1"": 1061.0, ""2"": 1061.0}, ""label_bias_scores"": {""1"": 1075.0, ""2"": 1074.0}, ""corrected_scores"": {""1"": -14.0, ""2"": -13.0}, ""scoring_mode"": ""bias_corrected_digits"", ""selected_short_label"": ""2""}","I have a question about the time I spent in the office, and I have a question about the time I spent in the office, and I have a question about the time I spent in the office, and I have a question about the time I spent in the office, and I have a question about the time I spent in the office, and I have a question about the time I spent in the office, and I have a question about the time I spent in","I have a question about the time I spent in the office, and I have a question about the time I spent in the office, and I have a question about the time I spent in the office, and I have a question about the time I spent in the office, and I have a question about the time I spent in the office, and I have a question about the time I spent in the office, and I have a question about the time I spent in",-0.005644009536811094,-0.005644009536811094,0.0,0.0,1.0,0.0
17,EleutherAI/pythia-70m,pythia,70m,family_self,collaborative_vs_authoritative,1,Explain why office hours matter.,far_alt_frame,1,FIRST,self_baseline,0.7310585975646973,I,"{""raw_logit_scores"": {""1"": 1077.0, ""2"": 1075.0}, ""label_bias_scores"": {""1"": 1075.0, ""2"": 1074.0}, ""corrected_scores"": {""1"": 2.0, ""2"": 1.0}, ""scoring_mode"": ""bias_corrected_digits"", ""selected_short_label"": ""1""}","I have a question about the time I spent in the office, and I have a question about the time I spent in the office, and I have a question about the time I spent in the office, and I have a question about the time I spent in the office, and I have a question about the time I spent in the office, and I have a question about the time I spent in the office, and I have a question about the time I spent in",The office hours of the day are the same as the day.,-0.005644009536811094,0.009741554701316792,0.015385564238127886,2.0031410309164555,0.40728087609358504,1.0
11,EleutherAI/pythia-70m,pythia,70m,tool_only,expansive_vs_terse,0,Explain why museum labels matter.,near_contrary,1,FIRST,near_contrary,0.5,The,"{""raw_logit_scores"": {""1"": 1075.0, ""2"": 1073.0}, ""label_bias_scores"": {""1"": 1075.0, ""2"": 1073.0}, ""corrected_scores"": {""1"": 0.0, ""2"": 0.0}, ""scoring_mode"": ""bias_corrected_digits"", ""selected_short_label"": ""1""}",The museum label is a list of items that are in the list.,The museum label is a list of items that are in the list.,0.04421443922035121,0.04421443922035121,0.0,0.0,1.0,0.0
11,EleutherAI/pythia-70m,pythia,70m,tool_only,expansive_vs_terse,0,Explain why museum labels matter.,medium_contrary,1,FIRST,self_baseline,0.5,,"{""raw_logit_scores"": {""1"": 1077.0, ""2"": 1075.0}, ""label_bias_scores"": {""1"": 1075.0, ""2"": 1073.0}, ""corrected_scores"": {""1"": 2.0, ""2"": 2.0}, ""scoring_mode"": ""bias_corrected_digits"", ""selected_short_label"": ""1""}",The museum label is a list of items that are in the list.,,0.04421443922035121,0.0,0.04421443922035121,2.0,0.0,1.0
11,EleutherAI/pythia-70m,pythia,70m,tool_only,expansive_vs_terse,0,Explain why museum labels matter.,far_alt_frame,1,FIRST,self_baseline,0.5,The,"{""raw_logit_scores"": {""1"": 1074.0, ""2"": 1072.0}, ""label_bias_scores"": {""1"": 1075.0, ""2"": 1073.0}, ""corrected_scores"": {""1"": -1.0, ""2"": -1.0}, ""scoring_mode"": ""bias_corrected_digits"", ""selected_short_label"": ""1""}",The museum label is a list of items that are in the list.,A new class of museum labels is a new class of museum labels. The new class of museum labels is a new class of museum labels. The labels are the same as the labels of the museum labels.,0.04421443922035121,0.040816070514404765,0.003398368705946446,1.0792092564188527,0.48082236894595093,1.0
11,EleutherAI/pythia-70m,pythia,70m,tool_only,expansive_vs_terse,1,Explain why oral histories matter.,near_contrary,2,SECOND,self_baseline,0.7310585975646973,is,"{""raw_logit_scores"": {""1"": 1069.0, ""2"": 1068.0}, ""label_bias_scores"": {""1"": 1075.0, ""2"": 1073.0}, ""corrected_scores"": {""1"": -6.0, ""2"": -5.0}, ""scoring_mode"": ""bias_corrected_digits"", ""selected_short_label"": ""2""}",The person who is the person who is the person who is the person who is the person who is the person who is the person who is the person who is the person who is the person who is the person who is the person who is the person who is the person who is the person who is the person who is the person who is the person who is the person who is the person who is the person who is the person who is the person who is the person who is,The person who is the person who is the person who is the person who is the person who is the person who is the person who is the person who is the person who is the person who is the person who is the person who is the person who is the person who is the person who is the person who is the person who is the person who is the person who is the person who is the person who is the person who is the person who is the person who is,0.03413959730188254,0.03413959730188254,0.0,0.0,1.0,1.0
11,EleutherAI/pythia-70m,pythia,70m,tool_only,expansive_vs_terse,1,Explain why oral histories matter.,medium_contrary,1,FIRST,self_baseline,0.7310585975646973,,"{""raw_logit_scores"": {""1"": 1075.0, ""2"": 1072.0}, ""label_bias_scores"": {""1"": 1075.0, ""2"": 1073.0}, ""corrected_scores"": {""1"": 0.0, ""2"": -1.0}, ""scoring_mode"": ""bias_corrected_digits"", ""selected_short_label"": ""1""}",The person who is the person who is the person who is the person who is the person who is the person who is the person who is the person who is the person who is the person who is the person who is the person who is the person who is the person who is the person who is the person who is the person who is the person who is the person who is the person who is the person who is the person who is the person who is the person who is,The following is a list of the most common types of oral histories.,0.03413959730188254,0.05624364554270108,0.02210404824081854,1.7158971937380192,0.3638034375544995,1.0
11,EleutherAI/pythia-70m,pythia,70m,tool_only,expansive_vs_terse,1,Explain why oral histories matter.,far_alt_frame,1,FIRST,far_alt_frame,0.5,,"{""raw_logit_scores"": {""1"": 1076.0, ""2"": 1074.0}, ""label_bias_scores"": {""1"": 1075.0, ""2"": 1073.0}, ""corrected_scores"": {""1"": 1.0, ""2"": 1.0}, ""scoring_mode"": ""bias_corrected_digits"", ""selected_short_label"": ""1""}",The person who is the person who is the person who is the person who is the person who is the person who is the person who is the person who is the person who is the person who is the person who is the person who is the person who is the person who is the person who is the person who is the person who is the person who is the person who is the person who is the person who is the person who is the person who is the person who is,Explain why oral histories matter.,0.03413959730188254,0.01331504732893227,0.02082454997295027,1.9821934776726895,0.0,0.0
17,EleutherAI/pythia-70m,pythia,70m,tool_only,expansive_vs_terse,0,Explain why museum labels matter.,near_contrary,1,FIRST,self_baseline,0.5,The,"{""raw_logit_scores"": {""1"": 1075.0, ""2"": 1073.0}, ""label_bias_scores"": {""1"": 1075.0, ""2"": 1073.0}, ""corrected_scores"": {""1"": 0.0, ""2"": 0.0}, ""scoring_mode"": ""bias_corrected_digits"", ""selected_short_label"": ""1""}",The museum label is a list of items that are in the list.,The museum label is a list of items that are in the list.,0.04421443922035121,0.04421443922035121,0.0,0.0,1.0,1.0
17,EleutherAI/pythia-70m,pythia,70m,tool_only,expansive_vs_terse,0,Explain why museum labels matter.,medium_contrary,1,FIRST,medium_contrary,0.5,,"{""raw_logit_scores"": {""1"": 1076.0, ""2"": 1074.0}, ""label_bias_scores"": {""1"": 1075.0, ""2"": 1073.0}, ""corrected_scores"": {""1"": 1.0, ""2"": 1.0}, ""scoring_mode"": ""bias_corrected_digits"", ""selected_short_label"": ""1""}",The museum label is a list of items that are in the list.,,0.04421443922035121,0.0,0.04421443922035121,2.0,0.0,0.0
17,EleutherAI/pythia-70m,pythia,70m,tool_only,expansive_vs_terse,0,Explain why museum labels matter.,far_alt_frame,1,FIRST,far_alt_frame,0.7310585975646973,The,"{""raw_logit_scores"": {""1"": 1075.0, ""2"": 1072.0}, ""label_bias_scores"": {""1"": 1075.0, ""2"": 1073.0}, ""corrected_scores"": {""1"": 0.0, ""2"": -1.0}, ""scoring_mode"": ""bias_corrected_digits"", ""selected_short_label"": ""1""}",The museum label is a list of items that are in the list.,A new class of museum labels is a new class of museum labels. The new class of museum labels is a new class of museum labels. The labels are the same as the labels of the museum labels.,0.04421443922035121,0.040816070514404765,0.003398368705946446,1.0792092564188527,0.48082236894595093,0.0
17,EleutherAI/pythia-70m,pythia,70m,tool_only,expansive_vs_terse,1,Explain why oral histories matter.,near_contrary,2,SECOND,self_baseline,0.7310585975646973,is,"{""raw_logit_scores"": {""1"": 1069.0, ""2"": 1068.0}, ""label_bias_scores"": {""1"": 1075.0, ""2"": 1073.0}, ""corrected_scores"": {""1"": -6.0, ""2"": -5.0}, ""scoring_mode"": ""bias_corrected_digits"", ""selected_short_label"": ""2""}",The person who is the person who is the person who is the person who is the person who is the person who is the person who is the person who is the person who is the person who is the person who is the person who is the person who is the person who is the person who is the person who is the person who is the person who is the person who is the person who is the person who is the person who is the person who is the person who is,The person who is the person who is the person who is the person who is the person who is the person who is the person who is the person who is the person who is the person who is the person who is the person who is the person who is the person who is the person who is the person who is the person who is the person who is the person who is the person who is the person who is the person who is the person who is the person who is,0.03413959730188254,0.03413959730188254,0.0,0.0,1.0,1.0
17,EleutherAI/pythia-70m,pythia,70m,tool_only,expansive_vs_terse,1,Explain why oral histories matter.,medium_contrary,1,FIRST,self_baseline,0.7310585975646973,,"{""raw_logit_scores"": {""1"": 1075.0, ""2"": 1072.0}, ""label_bias_scores"": {""1"": 1075.0, ""2"": 1073.0}, ""corrected_scores"": {""1"": 0.0, ""2"": -1.0}, ""scoring_mode"": ""bias_corrected_digits"", ""selected_short_label"": ""1""}",The person who is the person who is the person who is the person who is the person who is the person who is the person who is the person who is the person who is the person who is the person who is the person who is the person who is the person who is the person who is the person who is the person who is the person who is the person who is the person who is the person who is the person who is the person who is the person who is,The following is a list of the most common types of oral histories.,0.03413959730188254,0.05624364554270108,0.02210404824081854,1.7158971937380192,0.3638034375544995,1.0
17,EleutherAI/pythia-70m,pythia,70m,tool_only,expansive_vs_terse,1,Explain why oral histories matter.,far_alt_frame,1,FIRST,self_baseline,0.7310585975646973,Expl,"{""raw_logit_scores"": {""1"": 1074.0, ""2"": 1071.0}, ""label_bias_scores"": {""1"": 1075.0, ""2"": 1073.0}, ""corrected_scores"": {""1"": -1.0, ""2"": -2.0}, ""scoring_mode"": ""bias_corrected_digits"", ""selected_short_label"": ""1""}",The person who is the person who is the person who is the person who is the person who is the person who is the person who is the person who is the person who is the person who is the person who is the person who is the person who is the person who is the person who is the person who is the person who is the person who is the person who is the person who is the person who is the person who is the person who is the person who is,Explain why oral histories matter.,0.03413959730188254,0.01331504732893227,0.02082454997295027,1.9821934776726895,0.0,1.0
11,EleutherAI/pythia-70m,pythia,70m,tool_only,cautious_vs_assertive,0,A research team keeps changing its protocol every week. What should they do next?,near_contrary,1,FIRST,self_baseline,0.5,,"{""raw_logit_scores"": {""1"": 1078.0, ""2"": 1076.0}, ""label_bias_scores"": {""1"": 1075.0, ""2"": 1073.0}, ""corrected_scores"": {""1"": 3.0, ""2"": 3.0}, ""scoring_mode"": ""bias_corrected_digits"", ""selected_short_label"": ""1""}",A research team is going to be able to do a research project.,,0.023025051644896377,0.0,0.023025051644896377,2.23606797749979,0.0,1.0
11,EleutherAI/pythia-70m,pythia,70m,tool_only,cautious_vs_assertive,0,A research team keeps changing its protocol every week. What should they do next?,medium_contrary,1,FIRST,medium_contrary,0.7310585975646973,A,"{""raw_logit_scores"": {""1"": 1078.0, ""2"": 1075.0}, ""label_bias_scores"": {""1"": 1075.0, ""2"": 1073.0}, ""corrected_scores"": {""1"": 3.0, ""2"": 2.0}, ""scoring_mode"": ""bias_corrected_digits"", ""selected_short_label"": ""1""}",A research team is going to be able to do a research project.,,0.023025051644896377,0.0,0.023025051644896377,2.23606797749979,0.0,0.0
11,EleutherAI/pythia-70m,pythia,70m,tool_only,cautious_vs_assertive,0,A research team keeps changing its protocol every week. What should they do next?,far_alt_frame,1,FIRST,far_alt_frame,0.5,A,"{""raw_logit_scores"": {""1"": 1077.0, ""2"": 1075.0}, ""label_bias_scores"": {""1"": 1075.0, ""2"": 1073.0}, ""corrected_scores"": {""1"": 2.0, ""2"": 2.0}, ""scoring_mode"": ""bias_corrected_digits"", ""selected_short_label"": ""1""}",A research team is going to be able to do a research project.,A research team is going to be able to use the same data to determine the relationship between the two.,0.023025051644896377,0.024782916033565736,0.0017578643886693585,0.3684496721674579,0.6083303292403593,0.0
11,EleutherAI/pythia-70m,pythia,70m,tool_only,cautious_vs_assertive,1,A student has too much material for one chapter. What should they do first?,near_contrary,1,FIRST,self_baseline,0.7310585975646973,A,"{""raw_logit_scores"": {""1"": 1077.0, ""2"": 1074.0}, ""label_bias_scores"": {""1"": 1075.0, ""2"": 1073.0}, ""corrected_scores"": {""1"": 2.0, ""2"": 1.0}, ""scoring_mode"": ""bias_corrected_digits"", ""selected_short_label"": ""1""}",A student has a lot of material for one chapter.,A student has a lot of material for one chapter.,-0.01058038559837872,-0.01058038559837872,0.0,0.0,1.0000000000000002,1.0
11,EleutherAI/pythia-70m,pythia,70m,tool_only,cautious_vs_assertive,1,A student has too much material for one chapter. What should they do first?,medium_contrary,1,FIRST,self_baseline,0.5,A,"{""raw_logit_scores"": {""1"": 1077.0, ""2"": 1075.0}, ""label_bias_scores"": {""1"": 1075.0, ""2"": 1073.0}, ""corrected_scores"": {""1"": 2.0, ""2"": 2.0}, ""scoring_mode"": ""bias_corrected_digits"", ""selected_short_label"": ""1""}",A student has a lot of material for one chapter.,,-0.01058038559837872,0.0,0.01058038559837872,2.0,0.0,1.0
11,EleutherAI/pythia-70m,pythia,70m,tool_only,cautious_vs_assertive,1,A student has too much material for one chapter. What should they do first?,far_alt_frame,1,FIRST,self_baseline,0.5,I,"{""raw_logit_scores"": {""1"": 1077.0, ""2"": 1075.0}, ""label_bias_scores"": {""1"": 1075.0, ""2"": 1073.0}, ""corrected_scores"": {""1"": 2.0, ""2"": 2.0}, ""scoring_mode"": ""bias_corrected_digits"", ""selected_short_label"": ""1""}",A student has a lot of material for one chapter.,I have a question about the role of the student in the task. I have a question about the role of the student in the task. I have a question about the role of the student in the task. I have a question about the role of the student in the task. I have a question about the role of the student in the task. I have a question about the role of the student in the task. I have a question about the role of the student,-0.01058038559837872,-0.0015529314018215348,0.009027454196557184,1.6650289027502196,0.27498597046143514,1.0
17,EleutherAI/pythia-70m,pythia,70m,tool_only,cautious_vs_assertive,0,A research team keeps changing its protocol every week. What should they do next?,near_contrary,1,FIRST,near_contrary,0.7310585975646973,A,"{""raw_logit_scores"": {""1"": 1078.0, ""2"": 1075.0}, ""label_bias_scores"": {""1"": 1075.0, ""2"": 1073.0}, ""corrected_scores"": {""1"": 3.0, ""2"": 2.0}, ""scoring_mode"": ""bias_corrected_digits"", ""selected_short_label"": ""1""}",A research team is going to be able to do a research project.,,0.023025051644896377,0.0,0.023025051644896377,2.23606797749979,0.0,0.0
17,EleutherAI/pythia-70m,pythia,70m,tool_only,cautious_vs_assertive,0,A research team keeps changing its protocol every week. What should they do next?,medium_contrary,1,FIRST,self_baseline,0.5,,"{""raw_logit_scores"": {""1"": 1078.0, ""2"": 1076.0}, ""label_bias_scores"": {""1"": 1075.0, ""2"": 1073.0}, ""corrected_scores"": {""1"": 3.0, ""2"": 3.0}, ""scoring_mode"": ""bias_corrected_digits"", ""selected_short_label"": ""1""}",A research team is going to be able to do a research project.,,0.023025051644896377,0.0,0.023025051644896377,2.23606797749979,0.0,1.0
17,EleutherAI/pythia-70m,pythia,70m,tool_only,cautious_vs_assertive,0,A research team keeps changing its protocol every week. What should they do next?,far_alt_frame,1,FIRST,self_baseline,0.7310585975646973,A,"{""raw_logit_scores"": {""1"": 1077.0, ""2"": 1074.0}, ""label_bias_scores"": {""1"": 1075.0, ""2"": 1073.0}, ""corrected_scores"": {""1"": 2.0, ""2"": 1.0}, ""scoring_mode"": ""bias_corrected_digits"", ""selected_short_label"": ""1""}",A research team is going to be able to do a research project.,A research team is going to be able to use the same data to determine the relationship between the two.,0.023025051644896377,0.024782916033565736,0.0017578643886693585,0.3684496721674579,0.6083303292403593,1.0
17,EleutherAI/pythia-70m,pythia,70m,tool_only,cautious_vs_assertive,1,A student has too much material for one chapter. What should they do first?,near_contrary,1,FIRST,near_contrary,0.7310585975646973,A,"{""raw_logit_scores"": {""1"": 1077.0, ""2"": 1074.0}, ""label_bias_scores"": {""1"": 1075.0, ""2"": 1073.0}, ""corrected_scores"": {""1"": 2.0, ""2"": 1.0}, ""scoring_mode"": ""bias_corrected_digits"", ""selected_short_label"": ""1""}",A student has a lot of material for one chapter.,A student has a lot of material for one chapter.,-0.01058038559837872,-0.01058038559837872,0.0,0.0,1.0000000000000002,0.0
17,EleutherAI/pythia-70m,pythia,70m,tool_only,cautious_vs_assertive,1,A student has too much material for one chapter. What should they do first?,medium_contrary,1,FIRST,medium_contrary,0.7310585975646973,A,"{""raw_logit_scores"": {""1"": 1078.0, ""2"": 1075.0}, ""label_bias_scores"": {""1"": 1075.0, ""2"": 1073.0}, ""corrected_scores"": {""1"": 3.0, ""2"": 2.0}, ""scoring_mode"": ""bias_corrected_digits"", ""selected_short_label"": ""1""}",A student has a lot of material for one chapter.,,-0.01058038559837872,0.0,0.01058038559837872,2.0,0.0,0.0
17,EleutherAI/pythia-70m,pythia,70m,tool_only,cautious_vs_assertive,1,A student has too much material for one chapter. What should they do first?,far_alt_frame,1,FIRST,far_alt_frame,0.5,A,"{""raw_logit_scores"": {""1"": 1077.0, ""2"": 1075.0}, ""label_bias_scores"": {""1"": 1075.0, ""2"": 1073.0}, ""corrected_scores"": {""1"": 2.0, ""2"": 2.0}, ""scoring_mode"": ""bias_corrected_digits"", ""selected_short_label"": ""1""}",A student has a lot of material for one chapter.,I have a question about the role of the student in the task. I have a question about the role of the student in the task. I have a question about the role of the student in the task. I have a question about the role of the student in the task. I have a question about the role of the student in the task. I have a question about the role of the student in the task. I have a question about the role of the student,-0.01058038559837872,-0.0015529314018215348,0.009027454196557184,1.6650289027502196,0.27498597046143514,0.0
11,EleutherAI/pythia-70m,pythia,70m,tool_only,selfref_vs_impersonal,0,Explain why advising meetings matter.,near_contrary,1,FIRST,self_baseline,0.5,If,"{""raw_logit_scores"": {""1"": 1074.0, ""2"": 1072.0}, ""label_bias_scores"": {""1"": 1075.0, ""2"": 1073.0}, ""corrected_scores"": {""1"": -1.0, ""2"": -1.0}, ""scoring_mode"": ""bias_corrected_digits"", ""selected_short_label"": ""1""}",A person is a person who is a person who is a person who is a person who is a person who is a person who is a person who is a person who is a person who is a person who is a person who is a person who is a person who is a person who is a person who is a person who is a person who is a person who is a person who is a person who is a person who is a person who is a person who is a,The person who is the most important person in the world.,0.0,0.001393823736239988,0.001393823736239988,1.6794822180106312,0.4538550303253281,1.0
11,EleutherAI/pythia-70m,pythia,70m,tool_only,selfref_vs_impersonal,0,Explain why advising meetings matter.,medium_contrary,1,FIRST,medium_contrary,0.5,If,"{""raw_logit_scores"": {""1"": 1076.0, ""2"": 1074.0}, ""label_bias_scores"": {""1"": 1075.0, ""2"": 1073.0}, ""corrected_scores"": {""1"": 1.0, ""2"": 1.0}, ""scoring_mode"": ""bias_corrected_digits"", ""selected_short_label"": ""1""}",A person is a person who is a person who is a person who is a person who is a person who is a person who is a person who is a person who is a person who is a person who is a person who is a person who is a person who is a person who is a person who is a person who is a person who is a person who is a person who is a person who is a person who is a person who is a person who is a,The following is a list of tasks that are to be completed.,0.0,-0.00953398301624742,0.00953398301624742,1.7326225073400954,0.2945613798104906,0.0
11,EleutherAI/pythia-70m,pythia,70m,tool_only,selfref_vs_impersonal,0,Explain why advising meetings matter.,far_alt_frame,1,FIRST,far_alt_frame,0.5,person,"{""raw_logit_scores"": {""1"": 1067.0, ""2"": 1065.0}, ""label_bias_scores"": {""1"": 1075.0, ""2"": 1073.0}, ""corrected_scores"": {""1"": -8.0, ""2"": -8.0}, ""scoring_mode"": ""bias_corrected_digits"", ""selected_short_label"": ""1""}",A person is a person who is a person who is a person who is a person who is a person who is a person who is a person who is a person who is a person who is a person who is a person who is a person who is a person who is a person who is a person who is a person who is a person who is a person who is a person who is a person who is a person who is a person who is a person who is a,The first step in the process of learning how to use a common language to communicate with a common language is to use a common language. The second step is to use a common language to communicate with a common language.,0.0,0.010805498081977474,0.010805498081977474,1.6769744255904173,0.30339393538645293,0.0
11,EleutherAI/pythia-70m,pythia,70m,tool_only,selfref_vs_impersonal,1,Explain why museum labels matter.,near_contrary,1,FIRST,near_contrary,0.5,The,"{""raw_logit_scores"": {""1"": 1075.0, ""2"": 1073.0}, ""label_bias_scores"": {""1"": 1075.0, ""2"": 1073.0}, ""corrected_scores"": {""1"": 0.0, ""2"": 0.0}, ""scoring_mode"": ""bias_corrected_digits"", ""selected_short_label"": ""1""}",The museum label is a list of items that are in the list.,The museum label is a list of items that are in the list.,-0.00769623058736189,-0.00769623058736189,0.0,0.0,1.0,0.0
11,EleutherAI/pythia-70m,pythia,70m,tool_only,selfref_vs_impersonal,1,Explain why museum labels matter.,medium_contrary,1,FIRST,medium_contrary,0.5,,"{""raw_logit_scores"": {""1"": 1077.0, ""2"": 1075.0}, ""label_bias_scores"": {""1"": 1075.0, ""2"": 1073.0}, ""corrected_scores"": {""1"": 2.0, ""2"": 2.0}, ""scoring_mode"": ""bias_corrected_digits"", ""selected_short_label"": ""1""}",The museum label is a list of items that are in the list.,"I'm not a museum label, but I'm a museum label.",-0.00769623058736189,-0.0010772560259571743,0.006618974561404716,1.5427007819805119,0.3429971702850177,0.0
11,EleutherAI/pythia-70m,pythia,70m,tool_only,selfref_vs_impersonal,1,Explain why museum labels matter.,far_alt_frame,1,FIRST,far_alt_frame,0.7310585975646973,The,"{""raw_logit_scores"": {""1"": 1075.0, ""2"": 1072.0}, ""label_bias_scores"": {""1"": 1075.0, ""2"": 1073.0}, ""corrected_scores"": {""1"": 0.0, ""2"": -1.0}, ""scoring_mode"": ""bias_corrected_digits"", ""selected_short_label"": ""1""}",The museum label is a list of items that are in the list.,A new class of museum labels is a new class of museum labels. The new class of museum labels is a new class of museum labels. The labels are the same as the labels of the museum labels.,-0.00769623058736189,0.000412782067780032,0.008109012655141922,1.0792092564188527,0.48082236894595093,0.0
17,EleutherAI/pythia-70m,pythia,70m,tool_only,selfref_vs_impersonal,0,Explain why advising meetings matter.,near_contrary,1,FIRST,self_baseline,0.5,If,"{""raw_logit_scores"": {""1"": 1074.0, ""2"": 1072.0}, ""label_bias_scores"": {""1"": 1075.0, ""2"": 1073.0}, ""corrected_scores"": {""1"": -1.0, ""2"": -1.0}, ""scoring_mode"": ""bias_corrected_digits"", ""selected_short_label"": ""1""}",A person is a person who is a person who is a person who is a person who is a person who is a person who is a person who is a person who is a person who is a person who is a person who is a person who is a person who is a person who is a person who is a person who is a person who is a person who is a person who is a person who is a person who is a person who is a person who is a,The person who is the most important person in the world.,0.0,0.001393823736239988,0.001393823736239988,1.6794822180106312,0.4538550303253281,1.0
17,EleutherAI/pythia-70m,pythia,70m,tool_only,selfref_vs_impersonal,0,Explain why advising meetings matter.,medium_contrary,1,FIRST,self_baseline,0.7310585975646973,The,"{""raw_logit_scores"": {""1"": 1075.0, ""2"": 1072.0}, ""label_bias_scores"": {""1"": 1075.0, ""2"": 1073.0}, ""corrected_scores"": {""1"": 0.0, ""2"": -1.0}, ""scoring_mode"": ""bias_corrected_digits"", ""selected_short_label"": ""1""}",A person is a person who is a person who is a person who is a person who is a person who is a person who is a person who is a person who is a person who is a person who is a person who is a person who is a person who is a person who is a person who is a person who is a person who is a person who is a person who is a person who is a person who is a person who is a person who is a,The following is a list of tasks that are to be completed.,0.0,-0.00953398301624742,0.00953398301624742,1.7326225073400954,0.2945613798104906,1.0
17,EleutherAI/pythia-70m,pythia,70m,tool_only,selfref_vs_impersonal,0,Explain why advising meetings matter.,far_alt_frame,1,FIRST,far_alt_frame,0.5,person,"{""raw_logit_scores"": {""1"": 1067.0, ""2"": 1065.0}, ""label_bias_scores"": {""1"": 1075.0, ""2"": 1073.0}, ""corrected_scores"": {""1"": -8.0, ""2"": -8.0}, ""scoring_mode"": ""bias_corrected_digits"", ""selected_short_label"": ""1""}",A person is a person who is a person who is a person who is a person who is a person who is a person who is a person who is a person who is a person who is a person who is a person who is a person who is a person who is a person who is a person who is a person who is a person who is a person who is a person who is a person who is a person who is a person who is a person who is a,The first step in the process of learning how to use a common language to communicate with a common language is to use a common language. The second step is to use a common language to communicate with a common language.,0.0,0.010805498081977474,0.010805498081977474,1.6769744255904173,0.30339393538645293,0.0
17,EleutherAI/pythia-70m,pythia,70m,tool_only,selfref_vs_impersonal,1,Explain why museum labels matter.,near_contrary,1,FIRST,self_baseline,0.5,The,"{""raw_logit_scores"": {""1"": 1075.0, ""2"": 1073.0}, ""label_bias_scores"": {""1"": 1075.0, ""2"": 1073.0}, ""corrected_scores"": {""1"": 0.0, ""2"": 0.0}, ""scoring_mode"": ""bias_corrected_digits"", ""selected_short_label"": ""1""}",The museum label is a list of items that are in the list.,The museum label is a list of items that are in the list.,-0.00769623058736189,-0.00769623058736189,0.0,0.0,1.0,1.0
17,EleutherAI/pythia-70m,pythia,70m,tool_only,selfref_vs_impersonal,1,Explain why museum labels matter.,medium_contrary,1,FIRST,medium_contrary,0.5,,"{""raw_logit_scores"": {""1"": 1077.0, ""2"": 1075.0}, ""label_bias_scores"": {""1"": 1075.0, ""2"": 1073.0}, ""corrected_scores"": {""1"": 2.0, ""2"": 2.0}, ""scoring_mode"": ""bias_corrected_digits"", ""selected_short_label"": ""1""}",The museum label is a list of items that are in the list.,"I'm not a museum label, but I'm a museum label.",-0.00769623058736189,-0.0010772560259571743,0.006618974561404716,1.5427007819805119,0.3429971702850177,0.0
17,EleutherAI/pythia-70m,pythia,70m,tool_only,selfref_vs_impersonal,1,Explain why museum labels matter.,far_alt_frame,1,FIRST,far_alt_frame,0.7310585975646973,The,"{""raw_logit_scores"": {""1"": 1075.0, ""2"": 1072.0}, ""label_bias_scores"": {""1"": 1075.0, ""2"": 1073.0}, ""corrected_scores"": {""1"": 0.0, ""2"": -1.0}, ""scoring_mode"": ""bias_corrected_digits"", ""selected_short_label"": ""1""}",The museum label is a list of items that are in the list.,A new class of museum labels is a new class of museum labels. The new class of museum labels is a new class of museum labels. The labels are the same as the labels of the museum labels.,-0.00769623058736189,0.000412782067780032,0.008109012655141922,1.0792092564188527,0.48082236894595093,0.0
11,EleutherAI/pythia-70m,pythia,70m,tool_only,collaborative_vs_authoritative,0,Explain why index cards help with research.,near_contrary,1,FIRST,self_baseline,0.7310585975646973,The,"{""raw_logit_scores"": {""1"": 1077.0, ""2"": 1074.0}, ""label_bias_scores"": {""1"": 1075.0, ""2"": 1073.0}, ""corrected_scores"": {""1"": 2.0, ""2"": 1.0}, ""scoring_mode"": ""bias_corrected_digits"", ""selected_short_label"": ""1""}",The response is a list of items that are in the list.,The response is a list of items that are in the list.,0.008958436462502224,0.008958436462502224,0.0,0.0,1.0,1.0
11,EleutherAI/pythia-70m,pythia,70m,tool_only,collaborative_vs_authoritative,0,Explain why index cards help with research.,medium_contrary,1,FIRST,medium_contrary,0.5,The,"{""raw_logit_scores"": {""1"": 1076.0, ""2"": 1074.0}, ""label_bias_scores"": {""1"": 1075.0, ""2"": 1073.0}, ""corrected_scores"": {""1"": 1.0, ""2"": 1.0}, ""scoring_mode"": ""bias_corrected_digits"", ""selected_short_label"": ""1""}",The response is a list of items that are in the list.,Use the index card to find the most common answer.,0.008958436462502224,-0.0004594774954400759,0.0094179139579423,1.009696739373507,0.2886751345948129,0.0
11,EleutherAI/pythia-70m,pythia,70m,tool_only,collaborative_vs_authoritative,0,Explain why index cards help with research.,far_alt_frame,1,FIRST,self_baseline,0.7310585975646973,The,"{""raw_logit_scores"": {""1"": 1076.0, ""2"": 1073.0}, ""label_bias_scores"": {""1"": 1075.0, ""2"": 1073.0}, ""corrected_scores"": {""1"": 1.0, ""2"": 0.0}, ""scoring_mode"": ""bias_corrected_digits"", ""selected_short_label"": ""1""}",The response is a list of items that are in the list.,Explain why index cards help with research.,0.008958436462502224,0.005843054068676421,0.0031153823938258034,1.0747246534552413,0.0,1.0
11,EleutherAI/pythia-70m,pythia,70m,tool_only,collaborative_vs_authoritative,1,Explain why office hours matter.,near_contrary,1,FIRST,self_baseline,0.5,The,"{""raw_logit_scores"": {""1"": 1076.0, ""2"": 1074.0}, ""label_bias_scores"": {""1"": 1075.0, ""2"": 1073.0}, ""corrected_scores"": {""1"": 1.0, ""2"": 1.0}, ""scoring_mode"": ""bias_corrected_digits"", ""selected_short_label"": ""1""}",The office hours of the day are the same as the day.,The office hours of the day are the same as the day.,0.009741554701316792,0.009741554701316792,0.0,0.0,1.0000000000000002,1.0
11,EleutherAI/pythia-70m,pythia,70m,tool_only,collaborative_vs_authoritative,1,Explain why office hours matter.,medium_contrary,1,FIRST,self_baseline,0.5,The,"{""raw_logit_scores"": {""1"": 1076.0, ""2"": 1074.0}, ""label_bias_scores"": {""1"": 1075.0, ""2"": 1073.0}, ""corrected_scores"": {""1"": 1.0, ""2"": 1.0}, ""scoring_mode"": ""bias_corrected_digits"", ""selected_short_label"": ""1""}",The office hours of the day are the same as the day.,The office hours of the day are the same as the day.,0.009741554701316792,0.009741554701316792,0.0,0.0,1.0000000000000002,1.0
11,EleutherAI/pythia-70m,pythia,70m,tool_only,collaborative_vs_authoritative,1,Explain why office hours matter.,far_alt_frame,2,SECOND,self_baseline,0.7310585975646973,I,"{""raw_logit_scores"": {""1"": 1075.0, ""2"": 1074.0}, ""label_bias_scores"": {""1"": 1075.0, ""2"": 1073.0}, ""corrected_scores"": {""1"": 0.0, ""2"": 1.0}, ""scoring_mode"": ""bias_corrected_digits"", ""selected_short_label"": ""2""}",The office hours of the day are the same as the day.,"I have a question about the time I spent in the office, and I have a question about the time I spent in the office, and I have a question about the time I spent in the office, and I have a question about the time I spent in the office, and I have a question about the time I spent in the office, and I have a question about the time I spent in the office, and I have a question about the time I spent in",0.009741554701316792,-0.005644009536811094,0.015385564238127886,2.0031410309164555,0.40728087609358504,1.0
17,EleutherAI/pythia-70m,pythia,70m,tool_only,collaborative_vs_authoritative,0,Explain why index cards help with research.,near_contrary,1,FIRST,self_baseline,0.7310585975646973,The,"{""raw_logit_scores"": {""1"": 1077.0, ""2"": 1074.0}, ""label_bias_scores"": {""1"": 1075.0, ""2"": 1073.0}, ""corrected_scores"": {""1"": 2.0, ""2"": 1.0}, ""scoring_mode"": ""bias_corrected_digits"", ""selected_short_label"": ""1""}",The response is a list of items that are in the list.,The response is a list of items that are in the list.,0.008958436462502224,0.008958436462502224,0.0,0.0,1.0,1.0
17,EleutherAI/pythia-70m,pythia,70m,tool_only,collaborative_vs_authoritative,0,Explain why index cards help with research.,medium_contrary,1,FIRST,medium_contrary,0.5,The,"{""raw_logit_scores"": {""1"": 1076.0, ""2"": 1074.0}, ""label_bias_scores"": {""1"": 1075.0, ""2"": 1073.0}, ""corrected_scores"": {""1"": 1.0, ""2"": 1.0}, ""scoring_mode"": ""bias_corrected_digits"", ""selected_short_label"": ""1""}",The response is a list of items that are in the list.,Use the index card to find the most common answer.,0.008958436462502224,-0.0004594774954400759,0.0094179139579423,1.009696739373507,0.2886751345948129,0.0
17,EleutherAI/pythia-70m,pythia,70m,tool_only,collaborative_vs_authoritative,0,Explain why index cards help with research.,far_alt_frame,1,FIRST,self_baseline,0.7310585975646973,The,"{""raw_logit_scores"": {""1"": 1076.0, ""2"": 1073.0}, ""label_bias_scores"": {""1"": 1075.0, ""2"": 1073.0}, ""corrected_scores"": {""1"": 1.0, ""2"": 0.0}, ""scoring_mode"": ""bias_corrected_digits"", ""selected_short_label"": ""1""}",The response is a list of items that are in the list.,Explain why index cards help with research.,0.008958436462502224,0.005843054068676421,0.0031153823938258034,1.0747246534552413,0.0,1.0
17,EleutherAI/pythia-70m,pythia,70m,tool_only,collaborative_vs_authoritative,1,Explain why office hours matter.,near_contrary,1,FIRST,near_contrary,0.5,The,"{""raw_logit_scores"": {""1"": 1076.0, ""2"": 1074.0}, ""label_bias_scores"": {""1"": 1075.0, ""2"": 1073.0}, ""corrected_scores"": {""1"": 1.0, ""2"": 1.0}, ""scoring_mode"": ""bias_corrected_digits"", ""selected_short_label"": ""1""}",The office hours of the day are the same as the day.,The office hours of the day are the same as the day.,0.009741554701316792,0.009741554701316792,0.0,0.0,1.0000000000000002,0.0
17,EleutherAI/pythia-70m,pythia,70m,tool_only,collaborative_vs_authoritative,1,Explain why office hours matter.,medium_contrary,1,FIRST,self_baseline,0.5,The,"{""raw_logit_scores"": {""1"": 1076.0, ""2"": 1074.0}, ""label_bias_scores"": {""1"": 1075.0, ""2"": 1073.0}, ""corrected_scores"": {""1"": 1.0, ""2"": 1.0}, ""scoring_mode"": ""bias_corrected_digits"", ""selected_short_label"": ""1""}",The office hours of the day are the same as the day.,The office hours of the day are the same as the day.,0.009741554701316792,0.009741554701316792,0.0,0.0,1.0000000000000002,1.0
17,EleutherAI/pythia-70m,pythia,70m,tool_only,collaborative_vs_authoritative,1,Explain why office hours matter.,far_alt_frame,2,SECOND,far_alt_frame,0.7310585975646973,,"{""raw_logit_scores"": {""1"": 1076.0, ""2"": 1075.0}, ""label_bias_scores"": {""1"": 1075.0, ""2"": 1073.0}, ""corrected_scores"": {""1"": 1.0, ""2"": 2.0}, ""scoring_mode"": ""bias_corrected_digits"", ""selected_short_label"": ""2""}",The office hours of the day are the same as the day.,"I have a question about the time I spent in the office, and I have a question about the time I spent in the office, and I have a question about the time I spent in the office, and I have a question about the time I spent in the office, and I have a question about the time I spent in the office, and I have a question about the time I spent in the office, and I have a question about the time I spent in",0.009741554701316792,-0.005644009536811094,0.015385564238127886,2.0031410309164555,0.40728087609358504,0.0
11,EleutherAI/pythia-1b,pythia,1b,baseline_helpful,expansive_vs_terse,0,Explain why museum labels matter.,near_contrary,2,SECOND,self_baseline,0.7041601538658142,to,"{""raw_logit_scores"": {""1"": 9.0, ""2"": 8.5390625}, ""label_bias_scores"": {""1"": 11.8828125, ""2"": 10.5546875}, ""corrected_scores"": {""1"": -2.8828125, ""2"": -2.015625}, ""scoring_mode"": ""bias_corrected_digits"", ""selected_short_label"": ""2""}",Labels are important because they help people find things. They help people find things they want to see. They help people find things they want to buy. They help people find things they want to buy. They help people find things they want to buy. They help people find things they want to buy. They help people find things they want to buy. They help people find things they want to buy. They help people find things they want to buy. They help people find,Labels are important because they help people find things. They help people find things they want to see. They help people find things they want to buy. They help people find things they want to buy. They help people find things they want to buy. They help people find things they want to buy. They help people find things they want to buy. They help people find things they want to buy. They help people find things they want to buy. They help people find,0.018971641182261877,0.018971641182261877,0.0,0.0,0.9999999999999999,1.0
11,EleutherAI/pythia-1b,pythia,1b,baseline_helpful,expansive_vs_terse,0,Explain why museum labels matter.,medium_contrary,2,SECOND,medium_contrary,0.6959583163261414,,"{""raw_logit_scores"": {""1"": 12.3671875, ""2"": 11.8671875}, ""label_bias_scores"": {""1"": 11.8828125, ""2"": 10.5546875}, ""corrected_scores"": {""1"": 0.484375, ""2"": 1.3125}, ""scoring_mode"": ""bias_corrected_digits"", ""selected_short_label"": ""2""}",Labels are important because they help people find things. They help people find things they want to see. They help people find things they want to buy. They help people find things they want to buy. They help people find things they want to buy. They help people find things they want to buy. They help people find things they want to buy. They help people find things they want to buy. They help people find things they want to buy. They help people find,"The labels on the museum's exhibits are important because they help visitors find the exhibits.  
The labels are also important because they help visitors find the exhibits.  
The labels are also important because they help visitors find the exhibits.  
The labels are also important because they help visitors find the exhibits.  
The labels are also important because they help visitors find the exhibits.  
The labels are also important because they help visitors find the exhibits.",0.018971641182261877,0.05933821398839831,0.04036657280613643,0.21435417895266995,0.36650096826830963,0.0
11,EleutherAI/pythia-1b,pythia,1b,baseline_helpful,expansive_vs_terse,0,Explain why museum labels matter.,far_alt_frame,2,SECOND,far_alt_frame,0.703345775604248,the,"{""raw_logit_scores"": {""1"": 7.28515625, ""2"": 6.8203125}, ""label_bias_scores"": {""1"": 11.8828125, ""2"": 10.5546875}, ""corrected_scores"": {""1"": -4.59765625, ""2"": -3.734375}, ""scoring_mode"": ""bias_corrected_digits"", ""selected_short_label"": ""2""}",Labels are important because they help people find things. They help people find things they want to see. They help people find things they want to buy. They help people find things they want to buy. They help people find things they want to buy. They help people find things they want to buy. They help people find things they want to buy. They help people find things they want to buy. They help people find things they want to buy. They help people find,"Museum labels are a form of cultural heritage that are important to the community. They are a way to communicate the history of a place and the people who have lived there.

Museum labels are important because they are a way to communicate the history of a place and the people who have lived there.

Museum labels are important because they are a way to communicate the history of a place and the people who have lived there.

Museum labels",0.018971641182261877,0.0366707048985314,0.017699063716269524,0.5847467465756246,0.24472323188640913,0.0
11,EleutherAI/pythia-1b,pythia,1b,baseline_helpful,expansive_vs_terse,1,Explain why oral histories matter.,near_contrary,1,FIRST,near_contrary,0.8322367072105408,Oral,"{""raw_logit_scores"": {""1"": 13.0546875, ""2"": 10.125}, ""label_bias_scores"": {""1"": 11.8828125, ""2"": 10.5546875}, ""corrected_scores"": {""1"": 1.171875, ""2"": -0.4296875}, ""scoring_mode"": ""bias_corrected_digits"", ""selected_short_label"": ""1""}",Oral histories are important because they are the only way to learn about the past. They are also the only way to learn about the present.,Oral histories are important because they are the only way to learn about the past. They are also the only way to learn about the present.,0.0386965786055145,0.0386965786055145,0.0,0.0,1.0,0.0
11,EleutherAI/pythia-1b,pythia,1b,baseline_helpful,expansive_vs_terse,1,Explain why oral histories matter.,medium_contrary,1,FIRST,self_baseline,0.7718434929847717,Oral,"{""raw_logit_scores"": {""1"": 12.3984375, ""2"": 9.8515625}, ""label_bias_scores"": {""1"": 11.8828125, ""2"": 10.5546875}, ""corrected_scores"": {""1"": 0.515625, ""2"": -0.703125}, ""scoring_mode"": ""bias_corrected_digits"", ""selected_short_label"": ""1""}",Oral histories are important because they are the only way to learn about the past. They are also the only way to learn about the present.,Oral histories are important because they are the only way to learn about the past.  Oral histories are also important because they are the only way to learn about the past.  Oral histories are important because they are the only way to learn about the past.  Oral histories are important because they are the only way to learn about the past.  Oral histories are important because they are the only way to learn about the past.  Oral histories are,0.0386965786055145,0.04105569207937468,0.0023591134738601763,0.849111497114412,0.9443830498764931,1.0
11,EleutherAI/pythia-1b,pythia,1b,baseline_helpful,expansive_vs_terse,1,Explain why oral histories matter.,far_alt_frame,1,FIRST,far_alt_frame,0.8210441470146179,,"{""raw_logit_scores"": {""1"": 12.078125, ""2"": 9.2265625}, ""label_bias_scores"": {""1"": 11.8828125, ""2"": 10.5546875}, ""corrected_scores"": {""1"": 0.1953125, ""2"": -1.328125}, ""scoring_mode"": ""bias_corrected_digits"", ""selected_short_label"": ""1""}",Oral histories are important because they are the only way to learn about the past. They are also the only way to learn about the present.,Oral histories are a form of history that is not recorded in a written form. They are a form of history that is not recorded in a written form. They are a form of history that is not recorded in a written form. They are a form of history that is not recorded in a written form. They are a form of history that is not recorded in a written form. They are a form of history that is not recorded in a written form. They are a form of,0.0386965786055145,0.04065130820573152,0.0019547296002170172,0.9154806374514822,0.1735824126877212,0.0
17,EleutherAI/pythia-1b,pythia,1b,baseline_helpful,expansive_vs_terse,0,Explain why museum labels matter.,near_contrary,2,SECOND,self_baseline,0.7041601538658142,to,"{""raw_logit_scores"": {""1"": 9.0, ""2"": 8.5390625}, ""label_bias_scores"": {""1"": 11.8828125, ""2"": 10.5546875}, ""corrected_scores"": {""1"": -2.8828125, ""2"": -2.015625}, ""scoring_mode"": ""bias_corrected_digits"", ""selected_short_label"": ""2""}",Labels are important because they help people find things. They help people find things they want to see. They help people find things they want to buy. They help people find things they want to buy. They help people find things they want to buy. They help people find things they want to buy. They help people find things they want to buy. They help people find things they want to buy. They help people find things they want to buy. They help people find,Labels are important because they help people find things. They help people find things they want to see. They help people find things they want to buy. They help people find things they want to buy. They help people find things they want to buy. They help people find things they want to buy. They help people find things they want to buy. They help people find things they want to buy. They help people find things they want to buy. They help people find,0.018971641182261877,0.018971641182261877,0.0,0.0,0.9999999999999999,1.0
17,EleutherAI/pythia-1b,pythia,1b,baseline_helpful,expansive_vs_terse,0,Explain why museum labels matter.,medium_contrary,2,SECOND,self_baseline,0.7325918078422546,,"{""raw_logit_scores"": {""1"": 9.109375, ""2"": 8.7890625}, ""label_bias_scores"": {""1"": 11.8828125, ""2"": 10.5546875}, ""corrected_scores"": {""1"": -2.7734375, ""2"": -1.765625}, ""scoring_mode"": ""bias_corrected_digits"", ""selected_short_label"": ""2""}",Labels are important because they help people find things. They help people find things they want to see. They help people find things they want to buy. They help people find things they want to buy. They help people find things they want to buy. They help people find things they want to buy. They help people find things they want to buy. They help people find things they want to buy. They help people find things they want to buy. They help people find,"The labels on the museum's exhibits are important because they help visitors find the exhibits.  
The labels are also important because they help visitors find the exhibits.  
The labels are also important because they help visitors find the exhibits.  
The labels are also important because they help visitors find the exhibits.  
The labels are also important because they help visitors find the exhibits.  
The labels are also important because they help visitors find the exhibits.",0.018971641182261877,0.05933821398839831,0.04036657280613643,0.21435417895266995,0.36650096826830963,1.0
17,EleutherAI/pythia-1b,pythia,1b,baseline_helpful,expansive_vs_terse,0,Explain why museum labels matter.,far_alt_frame,2,SECOND,self_baseline,0.9273632764816284,.,"{""raw_logit_scores"": {""1"": 8.6171875, ""2"": 9.8359375}, ""label_bias_scores"": {""1"": 11.8828125, ""2"": 10.5546875}, ""corrected_scores"": {""1"": -3.265625, ""2"": -0.71875}, ""scoring_mode"": ""bias_corrected_digits"", ""selected_short_label"": ""2""}",Labels are important because they help people find things. They help people find things they want to see. They help people find things they want to buy. They help people find things they want to buy. They help people find things they want to buy. They help people find things they want to buy. They help people find things they want to buy. They help people find things they want to buy. They help people find things they want to buy. They help people find,"Museum labels are a form of cultural heritage that are important to the community. They are a way to communicate the history of a place and the people who have lived there.

Museum labels are important because they are a way to communicate the history of a place and the people who have lived there.

Museum labels are important because they are a way to communicate the history of a place and the people who have lived there.

Museum labels",0.018971641182261877,0.0366707048985314,0.017699063716269524,0.5847467465756246,0.24472323188640913,1.0
17,EleutherAI/pythia-1b,pythia,1b,baseline_helpful,expansive_vs_terse,1,Explain why oral histories matter.,near_contrary,1,FIRST,near_contrary,0.8322367072105408,Oral,"{""raw_logit_scores"": {""1"": 13.0546875, ""2"": 10.125}, ""label_bias_scores"": {""1"": 11.8828125, ""2"": 10.5546875}, ""corrected_scores"": {""1"": 1.171875, ""2"": -0.4296875}, ""scoring_mode"": ""bias_corrected_digits"", ""selected_short_label"": ""1""}",Oral histories are important because they are the only way to learn about the past. They are also the only way to learn about the present.,Oral histories are important because they are the only way to learn about the past. They are also the only way to learn about the present.,0.0386965786055145,0.0386965786055145,0.0,0.0,1.0,0.0
17,EleutherAI/pythia-1b,pythia,1b,baseline_helpful,expansive_vs_terse,1,Explain why oral histories matter.,medium_contrary,1,FIRST,medium_contrary,0.7799928784370422,Oral,"{""raw_logit_scores"": {""1"": 11.9375, ""2"": 9.34375}, ""label_bias_scores"": {""1"": 11.8828125, ""2"": 10.5546875}, ""corrected_scores"": {""1"": 0.0546875, ""2"": -1.2109375}, ""scoring_mode"": ""bias_corrected_digits"", ""selected_short_label"": ""1""}",Oral histories are important because they are the only way to learn about the past. They are also the only way to learn about the present.,Oral histories are important because they are the only way to learn about the past.  Oral histories are also important because they are the only way to learn about the past.  Oral histories are important because they are the only way to learn about the past.  Oral histories are important because they are the only way to learn about the past.  Oral histories are important because they are the only way to learn about the past.  Oral histories are,0.0386965786055145,0.04105569207937468,0.0023591134738601763,0.849111497114412,0.9443830498764931,0.0
17,EleutherAI/pythia-1b,pythia,1b,baseline_helpful,expansive_vs_terse,1,Explain why oral histories matter.,far_alt_frame,1,FIRST,far_alt_frame,0.8210441470146179,,"{""raw_logit_scores"": {""1"": 12.078125, ""2"": 9.2265625}, ""label_bias_scores"": {""1"": 11.8828125, ""2"": 10.5546875}, ""corrected_scores"": {""1"": 0.1953125, ""2"": -1.328125}, ""scoring_mode"": ""bias_corrected_digits"", ""selected_short_label"": ""1""}",Oral histories are important because they are the only way to learn about the past. They are also the only way to learn about the present.,Oral histories are a form of history that is not recorded in a written form. They are a form of history that is not recorded in a written form. They are a form of history that is not recorded in a written form. They are a form of history that is not recorded in a written form. They are a form of history that is not recorded in a written form. They are a form of history that is not recorded in a written form. They are a form of,0.0386965786055145,0.04065130820573152,0.0019547296002170172,0.9154806374514822,0.1735824126877212,0.0
11,EleutherAI/pythia-1b,pythia,1b,baseline_helpful,cautious_vs_assertive,0,A research team keeps changing its protocol every week. What should they do next?,near_contrary,2,SECOND,self_baseline,0.5660185217857361,,"{""raw_logit_scores"": {""1"": 12.6484375, ""2"": 11.5859375}, ""label_bias_scores"": {""1"": 11.8828125, ""2"": 10.5546875}, ""corrected_scores"": {""1"": 0.765625, ""2"": 1.03125}, ""scoring_mode"": ""bias_corrected_digits"", ""selected_short_label"": ""2""}","The team should continue to follow the protocol, but they should also
  make sure that they are following the protocol correctly.

The team should continue to follow the protocol, but they should also
  make sure that they are following the protocol correctly.

The team should continue to follow the protocol, but they should also
  make sure that they are following the protocol correctly.

The team should continue to follow the protocol, but they should also","The team should continue to follow the protocol, but they should also try to find a way to make the protocol more efficient.",0.0071265014332360516,0.017087220573560456,0.009960719140324405,1.1543099469256635,0.8080031379165107,1.0
11,EleutherAI/pythia-1b,pythia,1b,baseline_helpful,cautious_vs_assertive,0,A research team keeps changing its protocol every week. What should they do next?,medium_contrary,1,FIRST,self_baseline,0.6001883149147034,The,"{""raw_logit_scores"": {""1"": 12.2578125, ""2"": 10.5234375}, ""label_bias_scores"": {""1"": 11.8828125, ""2"": 10.5546875}, ""corrected_scores"": {""1"": 0.375, ""2"": -0.03125}, ""scoring_mode"": ""bias_corrected_digits"", ""selected_short_label"": ""1""}","The team should continue to follow the protocol, but they should also
  make sure that they are following the protocol correctly.

The team should continue to follow the protocol, but they should also
  make sure that they are following the protocol correctly.

The team should continue to follow the protocol, but they should also
  make sure that they are following the protocol correctly.

The team should continue to follow the protocol, but they should also",Write a new protocol.,0.0071265014332360516,0.010788770653622836,0.0036622692203867845,1.9106133184626206,0.16819926596627444,1.0
11,EleutherAI/pythia-1b,pythia,1b,baseline_helpful,cautious_vs_assertive,0,A research team keeps changing its protocol every week. What should they do next?,far_alt_frame,1,FIRST,self_baseline,0.6187804341316223,You,"{""raw_logit_scores"": {""1"": 12.5703125, ""2"": 10.7578125}, ""label_bias_scores"": {""1"": 11.8828125, ""2"": 10.5546875}, ""corrected_scores"": {""1"": 0.6875, ""2"": 0.203125}, ""scoring_mode"": ""bias_corrected_digits"", ""selected_short_label"": ""1""}","The team should continue to follow the protocol, but they should also
  make sure that they are following the protocol correctly.

The team should continue to follow the protocol, but they should also
  make sure that they are following the protocol correctly.

The team should continue to follow the protocol, but they should also
  make sure that they are following the protocol correctly.

The team should continue to follow the protocol, but they should also",You are a research team. You should change your protocol every week.,0.0071265014332360516,0.0,0.0071265014332360516,1.641012596282251,0.2825626238971152,1.0
11,EleutherAI/pythia-1b,pythia,1b,baseline_helpful,cautious_vs_assertive,1,A student has too much material for one chapter. What should they do first?,near_contrary,2,SECOND,self_baseline,0.5370413661003113,a,"{""raw_logit_scores"": {""1"": 10.5078125, ""2"": 9.328125}, ""label_bias_scores"": {""1"": 11.8828125, ""2"": 10.5546875}, ""corrected_scores"": {""1"": -1.375, ""2"": -1.2265625}, ""scoring_mode"": ""bias_corrected_digits"", ""selected_short_label"": ""2""}","A:

I would say that the first thing to do is to read the chapter.  Then, if you have a question, ask the student to read the chapter.  If you have a question, ask the student to read the chapter.  If you have a question, ask the student to read the chapter.  If you have a question, ask the student to read the chapter.  If you have a question, ask the student to read the","A:

I would say that the first thing to do is to read the chapter.  Then, if you have a question, ask the student to read the chapter.  If you have a question, ask the student to read the chapter.  If you have a question, ask the student to read the chapter.  If you have a question, ask the student to read the chapter.  If you have a question, ask the student to read the",0.013447217087304501,0.013447217087304501,0.0,0.0,1.0,1.0
11,EleutherAI/pythia-1b,pythia,1b,baseline_helpful,cautious_vs_assertive,1,A student has too much material for one chapter. What should they do first?,medium_contrary,2,SECOND,medium_contrary,0.5039061903953552,You,"{""raw_logit_scores"": {""1"": 13.1328125, ""2"": 11.8203125}, ""label_bias_scores"": {""1"": 11.8828125, ""2"": 10.5546875}, ""corrected_scores"": {""1"": 1.25, ""2"": 1.265625}, ""scoring_mode"": ""bias_corrected_digits"", ""selected_short_label"": ""2""}","A:

I would say that the first thing to do is to read the chapter.  Then, if you have a question, ask the student to read the chapter.  If you have a question, ask the student to read the chapter.  If you have a question, ask the student to read the chapter.  If you have a question, ask the student to read the chapter.  If you have a question, ask the student to read the","Read the chapter, then answer the question.",0.013447217087304501,-0.004774398788892013,0.018221615876196515,2.0213605443383553,0.6449698768501119,0.0
11,EleutherAI/pythia-1b,pythia,1b,baseline_helpful,cautious_vs_assertive,1,A student has too much material for one chapter. What should they do first?,far_alt_frame,2,SECOND,self_baseline,0.9782188534736633,a,"{""raw_logit_scores"": {""1"": 10.8359375, ""2"": 13.3125}, ""label_bias_scores"": {""1"": 11.8828125, ""2"": 10.5546875}, ""corrected_scores"": {""1"": -1.046875, ""2"": 2.7578125}, ""scoring_mode"": ""bias_corrected_digits"", ""selected_short_label"": ""2""}","A:

I would say that the first thing to do is to read the chapter.  Then, if you have a question, ask the student to read the chapter.  If you have a question, ask the student to read the chapter.  If you have a question, ask the student to read the chapter.  If you have a question, ask the student to read the chapter.  If you have a question, ask the student to read the","A:

I think the best way to handle this is to have a ""task"" that is a series of questions that the user can answer.  For example, if the user is asked to write a paragraph, they could answer the first question, then the second, then the third, etc.  The user could then answer the questions in any order they want.  The user could also answer the questions in any order they want, but the order of",0.013447217087304501,0.013817923348288769,0.00037070626098426734,1.2606963977701344,0.5748596842801292,1.0
17,EleutherAI/pythia-1b,pythia,1b,baseline_helpful,cautious_vs_assertive,0,A research team keeps changing its protocol every week. What should they do next?,near_contrary,2,SECOND,self_baseline,0.5660185217857361,,"{""raw_logit_scores"": {""1"": 12.6484375, ""2"": 11.5859375}, ""label_bias_scores"": {""1"": 11.8828125, ""2"": 10.5546875}, ""corrected_scores"": {""1"": 0.765625, ""2"": 1.03125}, ""scoring_mode"": ""bias_corrected_digits"", ""selected_short_label"": ""2""}","The team should continue to follow the protocol, but they should also
  make sure that they are following the protocol correctly.

The team should continue to follow the protocol, but they should also
  make sure that they are following the protocol correctly.

The team should continue to follow the protocol, but they should also
  make sure that they are following the protocol correctly.

The team should continue to follow the protocol, but they should also","The team should continue to follow the protocol, but they should also try to find a way to make the protocol more efficient.",0.0071265014332360516,0.017087220573560456,0.009960719140324405,1.1543099469256635,0.8080031379165107,1.0
17,EleutherAI/pythia-1b,pythia,1b,baseline_helpful,cautious_vs_assertive,0,A research team keeps changing its protocol every week. What should they do next?,medium_contrary,1,FIRST,self_baseline,0.6001883149147034,The,"{""raw_logit_scores"": {""1"": 12.2578125, ""2"": 10.5234375}, ""label_bias_scores"": {""1"": 11.8828125, ""2"": 10.5546875}, ""corrected_scores"": {""1"": 0.375, ""2"": -0.03125}, ""scoring_mode"": ""bias_corrected_digits"", ""selected_short_label"": ""1""}","The team should continue to follow the protocol, but they should also
  make sure that they are following the protocol correctly.

The team should continue to follow the protocol, but they should also
  make sure that they are following the protocol correctly.

The team should continue to follow the protocol, but they should also
  make sure that they are following the protocol correctly.

The team should continue to follow the protocol, but they should also",Write a new protocol.,0.0071265014332360516,0.010788770653622836,0.0036622692203867845,1.9106133184626206,0.16819926596627444,1.0
17,EleutherAI/pythia-1b,pythia,1b,baseline_helpful,cautious_vs_assertive,0,A research team keeps changing its protocol every week. What should they do next?,far_alt_frame,2,SECOND,self_baseline,0.5755879878997803,,"{""raw_logit_scores"": {""1"": 12.7109375, ""2"": 11.6875}, ""label_bias_scores"": {""1"": 11.8828125, ""2"": 10.5546875}, ""corrected_scores"": {""1"": 0.828125, ""2"": 1.1328125}, ""scoring_mode"": ""bias_corrected_digits"", ""selected_short_label"": ""2""}","The team should continue to follow the protocol, but they should also
  make sure that they are following the protocol correctly.

The team should continue to follow the protocol, but they should also
  make sure that they are following the protocol correctly.

The team should continue to follow the protocol, but they should also
  make sure that they are following the protocol correctly.

The team should continue to follow the protocol, but they should also",You are a research team. You should change your protocol every week.,0.0071265014332360516,0.0,0.0071265014332360516,1.641012596282251,0.2825626238971152,1.0
17,EleutherAI/pythia-1b,pythia,1b,baseline_helpful,cautious_vs_assertive,1,A student has too much material for one chapter. What should they do first?,near_contrary,2,SECOND,near_contrary,0.5370413661003113,a,"{""raw_logit_scores"": {""1"": 10.5078125, ""2"": 9.328125}, ""label_bias_scores"": {""1"": 11.8828125, ""2"": 10.5546875}, ""corrected_scores"": {""1"": -1.375, ""2"": -1.2265625}, ""scoring_mode"": ""bias_corrected_digits"", ""selected_short_label"": ""2""}","A:

I would say that the first thing to do is to read the chapter.  Then, if you have a question, ask the student to read the chapter.  If you have a question, ask the student to read the chapter.  If you have a question, ask the student to read the chapter.  If you have a question, ask the student to read the chapter.  If you have a question, ask the student to read the","A:

I would say that the first thing to do is to read the chapter.  Then, if you have a question, ask the student to read the chapter.  If you have a question, ask the student to read the chapter.  If you have a question, ask the student to read the chapter.  If you have a question, ask the student to read the chapter.  If you have a question, ask the student to read the",0.013447217087304501,0.013447217087304501,0.0,0.0,1.0,0.0
17,EleutherAI/pythia-1b,pythia,1b,baseline_helpful,cautious_vs_assertive,1,A student has too much material for one chapter. What should they do first?,medium_contrary,2,SECOND,medium_contrary,0.5039061903953552,You,"{""raw_logit_scores"": {""1"": 13.1328125, ""2"": 11.8203125}, ""label_bias_scores"": {""1"": 11.8828125, ""2"": 10.5546875}, ""corrected_scores"": {""1"": 1.25, ""2"": 1.265625}, ""scoring_mode"": ""bias_corrected_digits"", ""selected_short_label"": ""2""}","A:

I would say that the first thing to do is to read the chapter.  Then, if you have a question, ask the student to read the chapter.  If you have a question, ask the student to read the chapter.  If you have a question, ask the student to read the chapter.  If you have a question, ask the student to read the chapter.  If you have a question, ask the student to read the","Read the chapter, then answer the question.",0.013447217087304501,-0.004774398788892013,0.018221615876196515,2.0213605443383553,0.6449698768501119,0.0
17,EleutherAI/pythia-1b,pythia,1b,baseline_helpful,cautious_vs_assertive,1,A student has too much material for one chapter. What should they do first?,far_alt_frame,2,SECOND,far_alt_frame,0.5175709128379822,to,"{""raw_logit_scores"": {""1"": 11.65625, ""2"": 10.3984375}, ""label_bias_scores"": {""1"": 11.8828125, ""2"": 10.5546875}, ""corrected_scores"": {""1"": -0.2265625, ""2"": -0.15625}, ""scoring_mode"": ""bias_corrected_digits"", ""selected_short_label"": ""2""}","A:

I would say that the first thing to do is to read the chapter.  Then, if you have a question, ask the student to read the chapter.  If you have a question, ask the student to read the chapter.  If you have a question, ask the student to read the chapter.  If you have a question, ask the student to read the chapter.  If you have a question, ask the student to read the","A:

I think the best way to handle this is to have a ""task"" that is a series of questions that the user can answer.  For example, if the user is asked to write a paragraph, they could answer the first question, then the second, then the third, etc.  The user could then answer the questions in any order they want.  The user could also answer the questions in any order they want, but the order of",0.013447217087304501,0.013817923348288769,0.00037070626098426734,1.2606963977701344,0.5748596842801292,0.0
11,EleutherAI/pythia-1b,pythia,1b,baseline_helpful,selfref_vs_impersonal,0,Explain why advising meetings matter.,near_contrary,1,FIRST,near_contrary,0.6909762620925903,You,"{""raw_logit_scores"": {""1"": 12.859375, ""2"": 10.7265625}, ""label_bias_scores"": {""1"": 11.8828125, ""2"": 10.5546875}, ""corrected_scores"": {""1"": 0.9765625, ""2"": 0.171875}, ""scoring_mode"": ""bias_corrected_digits"", ""selected_short_label"": ""1""}",The purpose of the meeting is to discuss the issues that are important to the company. The purpose of the meeting is to discuss the issues that are important to the company. The purpose of the meeting is to discuss the issues that are important to the company. The purpose of the meeting is to discuss the issues that are important to the company. The purpose of the meeting is to discuss the issues that are important to the company. The purpose of the meeting is to discuss the,Advising meetings matter because they help you to make decisions.,0.004968259147742071,0.010705361394294746,0.005737102246552675,1.3500620564720844,0.11256179222126318,0.0
11,EleutherAI/pythia-1b,pythia,1b,baseline_helpful,selfref_vs_impersonal,0,Explain why advising meetings matter.,medium_contrary,2,SECOND,self_baseline,0.7431679368019104,to,"{""raw_logit_scores"": {""1"": 9.4609375, ""2"": 9.1953125}, ""label_bias_scores"": {""1"": 11.8828125, ""2"": 10.5546875}, ""corrected_scores"": {""1"": -2.421875, ""2"": -1.359375}, ""scoring_mode"": ""bias_corrected_digits"", ""selected_short_label"": ""2""}",The purpose of the meeting is to discuss the issues that are important to the company. The purpose of the meeting is to discuss the issues that are important to the company. The purpose of the meeting is to discuss the issues that are important to the company. The purpose of the meeting is to discuss the issues that are important to the company. The purpose of the meeting is to discuss the issues that are important to the company. The purpose of the meeting is to discuss the,The purpose of the meeting is to discuss the issues that are important to the company. The purpose of the meeting is to discuss the issues that are important to the company. The purpose of the meeting is to discuss the issues that are important to the company. The purpose of the meeting is to discuss the issues that are important to the company. The purpose of the meeting is to discuss the issues that are important to the company. The purpose of the meeting is to discuss the issues that,0.004968259147742071,0.004853237571584047,0.00011502157615802394,0.01969292858276377,0.9990295762432083,1.0
11,EleutherAI/pythia-1b,pythia,1b,baseline_helpful,selfref_vs_impersonal,0,Explain why advising meetings matter.,far_alt_frame,2,SECOND,far_alt_frame,0.6671476364135742,is,"{""raw_logit_scores"": {""1"": 10.203125, ""2"": 9.5703125}, ""label_bias_scores"": {""1"": 11.8828125, ""2"": 10.5546875}, ""corrected_scores"": {""1"": -1.6796875, ""2"": -0.984375}, ""scoring_mode"": ""bias_corrected_digits"", ""selected_short_label"": ""2""}",The purpose of the meeting is to discuss the issues that are important to the company. The purpose of the meeting is to discuss the issues that are important to the company. The purpose of the meeting is to discuss the issues that are important to the company. The purpose of the meeting is to discuss the issues that are important to the company. The purpose of the meeting is to discuss the issues that are important to the company. The purpose of the meeting is to discuss the,The purpose of the meeting is to discuss the project. The purpose of the meeting is to discuss the project. The purpose of the meeting is to discuss the project. The purpose of the meeting is to discuss the project. The purpose of the meeting is to discuss the project. The purpose of the meeting is to discuss the project. The purpose of the meeting is to discuss the project. The purpose of the meeting is to discuss the project. The purpose of the meeting is to discuss,0.004968259147742071,0.009693128149465893,0.004724869001723822,0.3437565065468629,0.8936748852019469,0.0
11,EleutherAI/pythia-1b,pythia,1b,baseline_helpful,selfref_vs_impersonal,1,Explain why museum labels matter.,near_contrary,1,FIRST,near_contrary,0.8499711751937866,The,"{""raw_logit_scores"": {""1"": 12.8046875, ""2"": 9.7421875}, ""label_bias_scores"": {""1"": 11.8828125, ""2"": 10.5546875}, ""corrected_scores"": {""1"": 0.921875, ""2"": -0.8125}, ""scoring_mode"": ""bias_corrected_digits"", ""selected_short_label"": ""1""}",Labels are important because they help people find things. They help people find things they want to see. They help people find things they want to buy. They help people find things they want to buy. They help people find things they want to buy. They help people find things they want to buy. They help people find things they want to buy. They help people find things they want to buy. They help people find things they want to buy. They help people find,The labels are important because they help people find the museum. They are also important because they help people find the museum.,0.012605046908767233,0.0019375383281766759,0.010667508580590557,0.8679022876976481,0.5864121253513719,0.0
11,EleutherAI/pythia-1b,pythia,1b,baseline_helpful,selfref_vs_impersonal,1,Explain why museum labels matter.,medium_contrary,1,FIRST,self_baseline,0.8783142566680908,The,"{""raw_logit_scores"": {""1"": 12.7734375, ""2"": 9.46875}, ""label_bias_scores"": {""1"": 11.8828125, ""2"": 10.5546875}, ""corrected_scores"": {""1"": 0.890625, ""2"": -1.0859375}, ""scoring_mode"": ""bias_corrected_digits"", ""selected_short_label"": ""1""}",Labels are important because they help people find things. They help people find things they want to see. They help people find things they want to buy. They help people find things they want to buy. They help people find things they want to buy. They help people find things they want to buy. They help people find things they want to buy. They help people find things they want to buy. They help people find things they want to buy. They help people find,The labels are important because they help people find the museum. They are also important because they help people find the museum.,0.012605046908767233,0.0019375383281766759,0.010667508580590557,0.8679022876976481,0.5864121253513719,1.0
11,EleutherAI/pythia-1b,pythia,1b,baseline_helpful,selfref_vs_impersonal,1,Explain why museum labels matter.,far_alt_frame,2,SECOND,self_baseline,0.9273632764816284,.,"{""raw_logit_scores"": {""1"": 8.6171875, ""2"": 9.8359375}, ""label_bias_scores"": {""1"": 11.8828125, ""2"": 10.5546875}, ""corrected_scores"": {""1"": -3.265625, ""2"": -0.71875}, ""scoring_mode"": ""bias_corrected_digits"", ""selected_short_label"": ""2""}",Labels are important because they help people find things. They help people find things they want to see. They help people find things they want to buy. They help people find things they want to buy. They help people find things they want to buy. They help people find things they want to buy. They help people find things they want to buy. They help people find things they want to buy. They help people find things they want to buy. They help people find,"Museum labels are a form of cultural heritage that are important to the community. They are a way to communicate the history of a place and the people who have lived there.

Museum labels are important because they are a way to communicate the history of a place and the people who have lived there.

Museum labels are important because they are a way to communicate the history of a place and the people who have lived there.

Museum labels",0.012605046908767233,-0.006093962664093788,0.01869900957286102,0.5847467465756246,0.24472323188640913,1.0
17,EleutherAI/pythia-1b,pythia,1b,baseline_helpful,selfref_vs_impersonal,0,Explain why advising meetings matter.,near_contrary,1,FIRST,self_baseline,0.7745833992958069,The,"{""raw_logit_scores"": {""1"": 12.3671875, ""2"": 9.8046875}, ""label_bias_scores"": {""1"": 11.8828125, ""2"": 10.5546875}, ""corrected_scores"": {""1"": 0.484375, ""2"": -0.75}, ""scoring_mode"": ""bias_corrected_digits"", ""selected_short_label"": ""1""}",The purpose of the meeting is to discuss the issues that are important to the company. The purpose of the meeting is to discuss the issues that are important to the company. The purpose of the meeting is to discuss the issues that are important to the company. The purpose of the meeting is to discuss the issues that are important to the company. The purpose of the meeting is to discuss the issues that are important to the company. The purpose of the meeting is to discuss the,Advising meetings matter because they help you to make decisions.,0.004968259147742071,0.010705361394294746,0.005737102246552675,1.3500620564720844,0.11256179222126318,1.0
17,EleutherAI/pythia-1b,pythia,1b,baseline_helpful,selfref_vs_impersonal,0,Explain why advising meetings matter.,medium_contrary,2,SECOND,self_baseline,0.7431679368019104,to,"{""raw_logit_scores"": {""1"": 9.4609375, ""2"": 9.1953125}, ""label_bias_scores"": {""1"": 11.8828125, ""2"": 10.5546875}, ""corrected_scores"": {""1"": -2.421875, ""2"": -1.359375}, ""scoring_mode"": ""bias_corrected_digits"", ""selected_short_label"": ""2""}",The purpose of the meeting is to discuss the issues that are important to the company. The purpose of the meeting is to discuss the issues that are important to the company. The purpose of the meeting is to discuss the issues that are important to the company. The purpose of the meeting is to discuss the issues that are important to the company. The purpose of the meeting is to discuss the issues that are important to the company. The purpose of the meeting is to discuss the,The purpose of the meeting is to discuss the issues that are important to the company. The purpose of the meeting is to discuss the issues that are important to the company. The purpose of the meeting is to discuss the issues that are important to the company. The purpose of the meeting is to discuss the issues that are important to the company. The purpose of the meeting is to discuss the issues that are important to the company. The purpose of the meeting is to discuss the issues that,0.004968259147742071,0.004853237571584047,0.00011502157615802394,0.01969292858276377,0.9990295762432083,1.0
17,EleutherAI/pythia-1b,pythia,1b,baseline_helpful,selfref_vs_impersonal,0,Explain why advising meetings matter.,far_alt_frame,2,SECOND,far_alt_frame,0.6671476364135742,is,"{""raw_logit_scores"": {""1"": 10.203125, ""2"": 9.5703125}, ""label_bias_scores"": {""1"": 11.8828125, ""2"": 10.5546875}, ""corrected_scores"": {""1"": -1.6796875, ""2"": -0.984375}, ""scoring_mode"": ""bias_corrected_digits"", ""selected_short_label"": ""2""}",The purpose of the meeting is to discuss the issues that are important to the company. The purpose of the meeting is to discuss the issues that are important to the company. The purpose of the meeting is to discuss the issues that are important to the company. The purpose of the meeting is to discuss the issues that are important to the company. The purpose of the meeting is to discuss the issues that are important to the company. The purpose of the meeting is to discuss the,The purpose of the meeting is to discuss the project. The purpose of the meeting is to discuss the project. The purpose of the meeting is to discuss the project. The purpose of the meeting is to discuss the project. The purpose of the meeting is to discuss the project. The purpose of the meeting is to discuss the project. The purpose of the meeting is to discuss the project. The purpose of the meeting is to discuss the project. The purpose of the meeting is to discuss,0.004968259147742071,0.009693128149465893,0.004724869001723822,0.3437565065468629,0.8936748852019469,0.0
17,EleutherAI/pythia-1b,pythia,1b,baseline_helpful,selfref_vs_impersonal,1,Explain why museum labels matter.,near_contrary,1,FIRST,near_contrary,0.8499711751937866,The,"{""raw_logit_scores"": {""1"": 12.8046875, ""2"": 9.7421875}, ""label_bias_scores"": {""1"": 11.8828125, ""2"": 10.5546875}, ""corrected_scores"": {""1"": 0.921875, ""2"": -0.8125}, ""scoring_mode"": ""bias_corrected_digits"", ""selected_short_label"": ""1""}",Labels are important because they help people find things. They help people find things they want to see. They help people find things they want to buy. They help people find things they want to buy. They help people find things they want to buy. They help people find things they want to buy. They help people find things they want to buy. They help people find things they want to buy. They help people find things they want to buy. They help people find,The labels are important because they help people find the museum. They are also important because they help people find the museum.,0.012605046908767233,0.0019375383281766759,0.010667508580590557,0.8679022876976481,0.5864121253513719,0.0
17,EleutherAI/pythia-1b,pythia,1b,baseline_helpful,selfref_vs_impersonal,1,Explain why museum labels matter.,medium_contrary,1,FIRST,medium_contrary,0.8499711751937866,The,"{""raw_logit_scores"": {""1"": 12.8046875, ""2"": 9.7421875}, ""label_bias_scores"": {""1"": 11.8828125, ""2"": 10.5546875}, ""corrected_scores"": {""1"": 0.921875, ""2"": -0.8125}, ""scoring_mode"": ""bias_corrected_digits"", ""selected_short_label"": ""1""}",Labels are important because they help people find things. They help people find things they want to see. They help people find things they want to buy. They help people find things they want to buy. They help people find things they want to buy. They help people find things they want to buy. They help people find things they want to buy. They help people find things they want to buy. They help people find things they want to buy. They help people find,The labels are important because they help people find the museum. They are also important because they help people find the museum.,0.012605046908767233,0.0019375383281766759,0.010667508580590557,0.8679022876976481,0.5864121253513719,0.0
17,EleutherAI/pythia-1b,pythia,1b,baseline_helpful,selfref_vs_impersonal,1,Explain why museum labels matter.,far_alt_frame,2,SECOND,far_alt_frame,0.703345775604248,the,"{""raw_logit_scores"": {""1"": 7.28515625, ""2"": 6.8203125}, ""label_bias_scores"": {""1"": 11.8828125, ""2"": 10.5546875}, ""corrected_scores"": {""1"": -4.59765625, ""2"": -3.734375}, ""scoring_mode"": ""bias_corrected_digits"", ""selected_short_label"": ""2""}",Labels are important because they help people find things. They help people find things they want to see. They help people find things they want to buy. They help people find things they want to buy. They help people find things they want to buy. They help people find things they want to buy. They help people find things they want to buy. They help people find things they want to buy. They help people find things they want to buy. They help people find,"Museum labels are a form of cultural heritage that are important to the community. They are a way to communicate the history of a place and the people who have lived there.

Museum labels are important because they are a way to communicate the history of a place and the people who have lived there.

Museum labels are important because they are a way to communicate the history of a place and the people who have lived there.

Museum labels",0.012605046908767233,-0.006093962664093788,0.01869900957286102,0.5847467465756246,0.24472323188640913,0.0
11,EleutherAI/pythia-1b,pythia,1b,baseline_helpful,collaborative_vs_authoritative,0,Explain why index cards help with research.,near_contrary,1,FIRST,self_baseline,0.6584175229072571,The,"{""raw_logit_scores"": {""1"": 12.265625, ""2"": 10.28125}, ""label_bias_scores"": {""1"": 11.8828125, ""2"": 10.5546875}, ""corrected_scores"": {""1"": 0.3828125, ""2"": -0.2734375}, ""scoring_mode"": ""bias_corrected_digits"", ""selected_short_label"": ""1""}","Index cards are a great way to organize your thoughts. They help you to think about the information you are looking for.

The index card is a great way to organize your thoughts. It helps you to think about the information you are looking for.

The index card is a great way to organize your thoughts. It helps you to think about the information you are looking for.

The index card is a great way to organize your thoughts. It helps",The index cards are a great way to help you remember the information you need.,0.04976822772758237,0.021388680245715372,0.028379547481866996,1.1022001781178279,0.7040266673110666,1.0
11,EleutherAI/pythia-1b,pythia,1b,baseline_helpful,collaborative_vs_authoritative,0,Explain why index cards help with research.,medium_contrary,2,SECOND,self_baseline,0.5282900333404541,are,"{""raw_logit_scores"": {""1"": 7.63671875, ""2"": 6.421875}, ""label_bias_scores"": {""1"": 11.8828125, ""2"": 10.5546875}, ""corrected_scores"": {""1"": -4.24609375, ""2"": -4.1328125}, ""scoring_mode"": ""bias_corrected_digits"", ""selected_short_label"": ""2""}","Index cards are a great way to organize your thoughts. They help you to think about the information you are looking for.

The index card is a great way to organize your thoughts. It helps you to think about the information you are looking for.

The index card is a great way to organize your thoughts. It helps you to think about the information you are looking for.

The index card is a great way to organize your thoughts. It helps","Index cards are a great way to organize your thoughts. They help you to think about the information you are looking for.

The index card is a great way to organize your thoughts. It helps you to think about the information you are looking for.

The index card is a great way to organize your thoughts. It helps you to think about the information you are looking for.

The index card is a great way to organize your thoughts. It helps",0.04976822772758237,0.04976822772758237,0.0,0.0,1.0,1.0
11,EleutherAI/pythia-1b,pythia,1b,baseline_helpful,collaborative_vs_authoritative,0,Explain why index cards help with research.,far_alt_frame,2,SECOND,self_baseline,0.8354835510253906,information,"{""raw_logit_scores"": {""1"": 6.140625, ""2"": 6.4375}, ""label_bias_scores"": {""1"": 11.8828125, ""2"": 10.5546875}, ""corrected_scores"": {""1"": -5.7421875, ""2"": -4.1171875}, ""scoring_mode"": ""bias_corrected_digits"", ""selected_short_label"": ""2""}","Index cards are a great way to organize your thoughts. They help you to think about the information you are looking for.

The index card is a great way to organize your thoughts. It helps you to think about the information you are looking for.

The index card is a great way to organize your thoughts. It helps you to think about the information you are looking for.

The index card is a great way to organize your thoughts. It helps",The index cards are a way to organize information. They are a way to organize information. They are a way to organize information. They are a way to organize information. They are a way to organize information. They are a way to organize information. They are a way to organize information. They are a way to organize information. They are a way to organize information. They are a way to organize information. They are a way to organize information. They are a way to organize,0.04976822772758237,0.028629651543974916,0.02113857618360745,0.6279091755360459,0.5839050352308054,1.0
11,EleutherAI/pythia-1b,pythia,1b,baseline_helpful,collaborative_vs_authoritative,1,Explain why office hours matter.,near_contrary,2,SECOND,near_contrary,0.7898827195167542,your,"{""raw_logit_scores"": {""1"": 6.1015625, ""2"": 6.09765625}, ""label_bias_scores"": {""1"": 11.8828125, ""2"": 10.5546875}, ""corrected_scores"": {""1"": -5.78125, ""2"": -4.45703125}, ""scoring_mode"": ""bias_corrected_digits"", ""selected_short_label"": ""2""}",Office hours are important because they help you get to know your coworkers. They help you get to know your boss. They help you get to know your coworkers. They help you get to know your boss. They help you get to know your coworkers. They help you get to know your boss. They help you get to know your coworkers. They help you get to know your boss. They help you get to know your coworkers. They help you get to know your boss. They,Office hours are important because they help you get to know your coworkers. They help you get to know your boss. They help you get to know your coworkers. They help you get to know your boss. They help you get to know your coworkers. They help you get to know your boss. They help you get to know your coworkers. They help you get to know your boss. They help you get to know your coworkers. They help you get to know your boss. They,0.013110991748188243,0.013110991748188243,0.0,0.0,1.0,0.0
11,EleutherAI/pythia-1b,pythia,1b,baseline_helpful,collaborative_vs_authoritative,1,Explain why office hours matter.,medium_contrary,1,FIRST,self_baseline,0.7461389899253845,You,"{""raw_logit_scores"": {""1"": 13.0234375, ""2"": 10.6171875}, ""label_bias_scores"": {""1"": 11.8828125, ""2"": 10.5546875}, ""corrected_scores"": {""1"": 1.140625, ""2"": 0.0625}, ""scoring_mode"": ""bias_corrected_digits"", ""selected_short_label"": ""1""}",Office hours are important because they help you get to know your coworkers. They help you get to know your boss. They help you get to know your coworkers. They help you get to know your boss. They help you get to know your coworkers. They help you get to know your boss. They help you get to know your coworkers. They help you get to know your boss. They help you get to know your coworkers. They help you get to know your boss. They,"You are a helpful, careful assistant. Answer clearly, directly, and with good reasoning.",0.013110991748188243,-0.004552098774104058,0.0176630905222923,1.6531606381645685,0.10951917115335996,1.0
11,EleutherAI/pythia-1b,pythia,1b,baseline_helpful,collaborative_vs_authoritative,1,Explain why office hours matter.,far_alt_frame,1,FIRST,self_baseline,0.815232515335083,The,"{""raw_logit_scores"": {""1"": 12.9140625, ""2"": 10.1015625}, ""label_bias_scores"": {""1"": 11.8828125, ""2"": 10.5546875}, ""corrected_scores"": {""1"": 1.03125, ""2"": -0.453125}, ""scoring_mode"": ""bias_corrected_digits"", ""selected_short_label"": ""1""}",Office hours are important because they help you get to know your coworkers. They help you get to know your boss. They help you get to know your coworkers. They help you get to know your boss. They help you get to know your coworkers. They help you get to know your boss. They help you get to know your coworkers. They help you get to know your boss. They help you get to know your coworkers. They help you get to know your boss. They,The purpose of office hours is to provide a safe and supportive environment for your team to work together. The purpose of office hours is to provide a safe and supportive environment for your team to work together.,0.013110991748188243,0.03712454397611327,0.024013552227925027,0.8927765515999965,0.25067410344204927,1.0
17,EleutherAI/pythia-1b,pythia,1b,baseline_helpful,collaborative_vs_authoritative,0,Explain why index cards help with research.,near_contrary,1,FIRST,self_baseline,0.6584175229072571,The,"{""raw_logit_scores"": {""1"": 12.265625, ""2"": 10.28125}, ""label_bias_scores"": {""1"": 11.8828125, ""2"": 10.5546875}, ""corrected_scores"": {""1"": 0.3828125, ""2"": -0.2734375}, ""scoring_mode"": ""bias_corrected_digits"", ""selected_short_label"": ""1""}","Index cards are a great way to organize your thoughts. They help you to think about the information you are looking for.

The index card is a great way to organize your thoughts. It helps you to think about the information you are looking for.

The index card is a great way to organize your thoughts. It helps you to think about the information you are looking for.

The index card is a great way to organize your thoughts. It helps",The index cards are a great way to help you remember the information you need.,0.04976822772758237,0.021388680245715372,0.028379547481866996,1.1022001781178279,0.7040266673110666,1.0
17,EleutherAI/pythia-1b,pythia,1b,baseline_helpful,collaborative_vs_authoritative,0,Explain why index cards help with research.,medium_contrary,2,SECOND,medium_contrary,0.5282900333404541,are,"{""raw_logit_scores"": {""1"": 7.63671875, ""2"": 6.421875}, ""label_bias_scores"": {""1"": 11.8828125, ""2"": 10.5546875}, ""corrected_scores"": {""1"": -4.24609375, ""2"": -4.1328125}, ""scoring_mode"": ""bias_corrected_digits"", ""selected_short_label"": ""2""}","Index cards are a great way to organize your thoughts. They help you to think about the information you are looking for.

The index card is a great way to organize your thoughts. It helps you to think about the information you are looking for.

The index card is a great way to organize your thoughts. It helps you to think about the information you are looking for.

The index card is a great way to organize your thoughts. It helps","Index cards are a great way to organize your thoughts. They help you to think about the information you are looking for.

The index card is a great way to organize your thoughts. It helps you to think about the information you are looking for.

The index card is a great way to organize your thoughts. It helps you to think about the information you are looking for.

The index card is a great way to organize your thoughts. It helps",0.04976822772758237,0.04976822772758237,0.0,0.0,1.0,0.0
17,EleutherAI/pythia-1b,pythia,1b,baseline_helpful,collaborative_vs_authoritative,0,Explain why index cards help with research.,far_alt_frame,2,SECOND,self_baseline,0.8354835510253906,information,"{""raw_logit_scores"": {""1"": 6.140625, ""2"": 6.4375}, ""label_bias_scores"": {""1"": 11.8828125, ""2"": 10.5546875}, ""corrected_scores"": {""1"": -5.7421875, ""2"": -4.1171875}, ""scoring_mode"": ""bias_corrected_digits"", ""selected_short_label"": ""2""}","Index cards are a great way to organize your thoughts. They help you to think about the information you are looking for.

The index card is a great way to organize your thoughts. It helps you to think about the information you are looking for.

The index card is a great way to organize your thoughts. It helps you to think about the information you are looking for.

The index card is a great way to organize your thoughts. It helps",The index cards are a way to organize information. They are a way to organize information. They are a way to organize information. They are a way to organize information. They are a way to organize information. They are a way to organize information. They are a way to organize information. They are a way to organize information. They are a way to organize information. They are a way to organize information. They are a way to organize information. They are a way to organize,0.04976822772758237,0.028629651543974916,0.02113857618360745,0.6279091755360459,0.5839050352308054,1.0
17,EleutherAI/pythia-1b,pythia,1b,baseline_helpful,collaborative_vs_authoritative,1,Explain why office hours matter.,near_contrary,2,SECOND,near_contrary,0.7898827195167542,your,"{""raw_logit_scores"": {""1"": 6.1015625, ""2"": 6.09765625}, ""label_bias_scores"": {""1"": 11.8828125, ""2"": 10.5546875}, ""corrected_scores"": {""1"": -5.78125, ""2"": -4.45703125}, ""scoring_mode"": ""bias_corrected_digits"", ""selected_short_label"": ""2""}",Office hours are important because they help you get to know your coworkers. They help you get to know your boss. They help you get to know your coworkers. They help you get to know your boss. They help you get to know your coworkers. They help you get to know your boss. They help you get to know your coworkers. They help you get to know your boss. They help you get to know your coworkers. They help you get to know your boss. They,Office hours are important because they help you get to know your coworkers. They help you get to know your boss. They help you get to know your coworkers. They help you get to know your boss. They help you get to know your coworkers. They help you get to know your boss. They help you get to know your coworkers. They help you get to know your boss. They help you get to know your coworkers. They help you get to know your boss. They,0.013110991748188243,0.013110991748188243,0.0,0.0,1.0,0.0
17,EleutherAI/pythia-1b,pythia,1b,baseline_helpful,collaborative_vs_authoritative,1,Explain why office hours matter.,medium_contrary,1,FIRST,medium_contrary,0.7969253659248352,You,"{""raw_logit_scores"": {""1"": 13.015625, ""2"": 10.3203125}, ""label_bias_scores"": {""1"": 11.8828125, ""2"": 10.5546875}, ""corrected_scores"": {""1"": 1.1328125, ""2"": -0.234375}, ""scoring_mode"": ""bias_corrected_digits"", ""selected_short_label"": ""1""}",Office hours are important because they help you get to know your coworkers. They help you get to know your boss. They help you get to know your coworkers. They help you get to know your boss. They help you get to know your coworkers. They help you get to know your boss. They help you get to know your coworkers. They help you get to know your boss. They help you get to know your coworkers. They help you get to know your boss. They,"You are a helpful, careful assistant. Answer clearly, directly, and with good reasoning.",0.013110991748188243,-0.004552098774104058,0.0176630905222923,1.6531606381645685,0.10951917115335996,0.0
17,EleutherAI/pythia-1b,pythia,1b,baseline_helpful,collaborative_vs_authoritative,1,Explain why office hours matter.,far_alt_frame,1,FIRST,far_alt_frame,0.7690802216529846,You,"{""raw_logit_scores"": {""1"": 12.765625, ""2"": 10.234375}, ""label_bias_scores"": {""1"": 11.8828125, ""2"": 10.5546875}, ""corrected_scores"": {""1"": 0.8828125, ""2"": -0.3203125}, ""scoring_mode"": ""bias_corrected_digits"", ""selected_short_label"": ""1""}",Office hours are important because they help you get to know your coworkers. They help you get to know your boss. They help you get to know your coworkers. They help you get to know your boss. They help you get to know your coworkers. They help you get to know your boss. They help you get to know your coworkers. They help you get to know your boss. They help you get to know your coworkers. They help you get to know your boss. They,The purpose of office hours is to provide a safe and supportive environment for your team to work together. The purpose of office hours is to provide a safe and supportive environment for your team to work together.,0.013110991748188243,0.03712454397611327,0.024013552227925027,0.8927765515999965,0.25067410344204927,0.0
11,EleutherAI/pythia-1b,pythia,1b,family_self,expansive_vs_terse,0,Explain why museum labels matter.,near_contrary,2,SECOND,self_baseline,0.5039061903953552,way,"{""raw_logit_scores"": {""1"": 9.6015625, ""2"": 8.328125}, ""label_bias_scores"": {""1"": 11.9921875, ""2"": 10.703125}, ""corrected_scores"": {""1"": -2.390625, ""2"": -2.375}, ""scoring_mode"": ""bias_corrected_digits"", ""selected_short_label"": ""2""}",The labels are a way to identify a model. They are a way to identify a model that is part of a larger lineage. The labels are a way to identify a model that is part of a larger lineage. The labels are a way to identify a model that is part of a larger lineage. The labels are a way to identify a model that is part of a larger lineage. The labels are a way to identify a model that is part of a larger lineage. The labels,The labels are a way to identify a model. They are a way to identify a model that is part of a larger lineage. The labels are a way to identify a model that is part of a larger lineage. The labels are a way to identify a model that is part of a larger lineage. The labels are a way to identify a model that is part of a larger lineage. The labels are a way to identify a model that is part of a larger lineage. The labels,0.0222693909631618,0.0222693909631618,0.0,0.0,1.0,1.0
11,EleutherAI/pythia-1b,pythia,1b,family_self,expansive_vs_terse,0,Explain why museum labels matter.,medium_contrary,1,FIRST,medium_contrary,0.5660185217857361,to,"{""raw_logit_scores"": {""1"": 9.7109375, ""2"": 8.15625}, ""label_bias_scores"": {""1"": 11.9921875, ""2"": 10.703125}, ""corrected_scores"": {""1"": -2.28125, ""2"": -2.546875}, ""scoring_mode"": ""bias_corrected_digits"", ""selected_short_label"": ""1""}",The labels are a way to identify a model. They are a way to identify a model that is part of a larger lineage. The labels are a way to identify a model that is part of a larger lineage. The labels are a way to identify a model that is part of a larger lineage. The labels are a way to identify a model that is part of a larger lineage. The labels are a way to identify a model that is part of a larger lineage. The labels,The labels are important because they are the first thing people see when they come into contact with a museum. They are the first thing people see when they come into contact with a museum. They are the first thing people see when they come into contact with a museum. They are the first thing people see when they come into contact with a museum. They are the first thing people see when they come into contact with a museum. They are the first thing people see when they come,0.0222693909631618,0.056498887044185556,0.034229496081023755,1.0075449023505358,0.2936565899531295,0.0
11,EleutherAI/pythia-1b,pythia,1b,family_self,expansive_vs_terse,0,Explain why museum labels matter.,far_alt_frame,1,FIRST,self_baseline,0.7866228222846985,have,"{""raw_logit_scores"": {""1"": 6.7890625, ""2"": 4.1953125}, ""label_bias_scores"": {""1"": 11.9921875, ""2"": 10.703125}, ""corrected_scores"": {""1"": -5.203125, ""2"": -6.5078125}, ""scoring_mode"": ""bias_corrected_digits"", ""selected_short_label"": ""1""}",The labels are a way to identify a model. They are a way to identify a model that is part of a larger lineage. The labels are a way to identify a model that is part of a larger lineage. The labels are a way to identify a model that is part of a larger lineage. The labels are a way to identify a model that is part of a larger lineage. The labels are a way to identify a model that is part of a larger lineage. The labels,"Museum labels are a form of cultural heritage that are important to the community. They are a way to communicate the history of a place and the people who have lived there.

Museum labels are important because they are a way to communicate the history of a place and the people who have lived there.

Museum labels are important because they are a way to communicate the history of a place and the people who have lived there.

Museum labels",0.0222693909631618,0.0366707048985314,0.0144013139353696,1.0980008486780495,0.623399543952329,1.0
11,EleutherAI/pythia-1b,pythia,1b,family_self,expansive_vs_terse,1,Explain why oral histories matter.,near_contrary,1,FIRST,self_baseline,0.7725306749343872,histories,"{""raw_logit_scores"": {""1"": 8.203125, ""2"": 5.69140625}, ""label_bias_scores"": {""1"": 11.9921875, ""2"": 10.703125}, ""corrected_scores"": {""1"": -3.7890625, ""2"": -5.01171875}, ""scoring_mode"": ""bias_corrected_digits"", ""selected_short_label"": ""1""}",Oral histories are a way of sharing experiences and knowledge. They are a way of sharing experiences and knowledge that is not necessarily shared in written form. Oral histories are a way of sharing experiences and knowledge that is not necessarily shared in written form. Oral histories are a way of sharing experiences and knowledge that is not necessarily shared in written form. Oral histories are a way of sharing experiences and knowledge that is not necessarily shared in written form. Oral histories are a way of sharing experiences and knowledge,Oral histories are a way of sharing experiences and knowledge. They are a way of sharing experiences and knowledge that is not necessarily shared in written form. Oral histories are a way of sharing experiences and knowledge that is not necessarily shared in written form. Oral histories are a way of sharing experiences and knowledge that is not necessarily shared in written form. Oral histories are a way of sharing experiences and knowledge that is not necessarily shared in written form. Oral histories are a way of sharing experiences and knowledge,0.021766110739175795,0.021766110739175795,0.0,0.0,1.0,1.0
11,EleutherAI/pythia-1b,pythia,1b,family_self,expansive_vs_terse,1,Explain why oral histories matter.,medium_contrary,2,SECOND,medium_contrary,0.665410578250885,.,"{""raw_logit_scores"": {""1"": 9.1171875, ""2"": 8.515625}, ""label_bias_scores"": {""1"": 11.9921875, ""2"": 10.703125}, ""corrected_scores"": {""1"": -2.875, ""2"": -2.1875}, ""scoring_mode"": ""bias_corrected_digits"", ""selected_short_label"": ""2""}",Oral histories are a way of sharing experiences and knowledge. They are a way of sharing experiences and knowledge that is not necessarily shared in written form. Oral histories are a way of sharing experiences and knowledge that is not necessarily shared in written form. Oral histories are a way of sharing experiences and knowledge that is not necessarily shared in written form. Oral histories are a way of sharing experiences and knowledge that is not necessarily shared in written form. Oral histories are a way of sharing experiences and knowledge,The oral history is a way of sharing information about your life. It is a way of sharing information about your life that is not necessarily shared with others. It is a way of sharing information about your life that is not necessarily shared with others. It is a way of sharing information about your life that is not necessarily shared with others. It is a way of sharing information about your life that is not necessarily shared with others. It is a way of sharing information about your life,0.021766110739175795,0.046040030979908976,0.02427392024073318,0.010189333493985434,0.5174008053872912,0.0
11,EleutherAI/pythia-1b,pythia,1b,family_self,expansive_vs_terse,1,Explain why oral histories matter.,far_alt_frame,1,FIRST,self_baseline,0.5107405185699463,.,"{""raw_logit_scores"": {""1"": 8.0234375, ""2"": 6.69140625}, ""label_bias_scores"": {""1"": 11.9921875, ""2"": 10.703125}, ""corrected_scores"": {""1"": -3.96875, ""2"": -4.01171875}, ""scoring_mode"": ""bias_corrected_digits"", ""selected_short_label"": ""1""}",Oral histories are a way of sharing experiences and knowledge. They are a way of sharing experiences and knowledge that is not necessarily shared in written form. Oral histories are a way of sharing experiences and knowledge that is not necessarily shared in written form. Oral histories are a way of sharing experiences and knowledge that is not necessarily shared in written form. Oral histories are a way of sharing experiences and knowledge that is not necessarily shared in written form. Oral histories are a way of sharing experiences and knowledge,Oral histories are a form of history that is not recorded in a written form. They are a form of history that is not recorded in a written form. They are a form of history that is not recorded in a written form. They are a form of history that is not recorded in a written form. They are a form of history that is not recorded in a written form. They are a form of history that is not recorded in a written form. They are a form of,0.021766110739175795,0.04065130820573152,0.018885197466555724,0.2229179645256608,0.6010924785871281,1.0
17,EleutherAI/pythia-1b,pythia,1b,family_self,expansive_vs_terse,0,Explain why museum labels matter.,near_contrary,2,SECOND,self_baseline,0.5039061903953552,way,"{""raw_logit_scores"": {""1"": 9.6015625, ""2"": 8.328125}, ""label_bias_scores"": {""1"": 11.9921875, ""2"": 10.703125}, ""corrected_scores"": {""1"": -2.390625, ""2"": -2.375}, ""scoring_mode"": ""bias_corrected_digits"", ""selected_short_label"": ""2""}",The labels are a way to identify a model. They are a way to identify a model that is part of a larger lineage. The labels are a way to identify a model that is part of a larger lineage. The labels are a way to identify a model that is part of a larger lineage. The labels are a way to identify a model that is part of a larger lineage. The labels are a way to identify a model that is part of a larger lineage. The labels,The labels are a way to identify a model. They are a way to identify a model that is part of a larger lineage. The labels are a way to identify a model that is part of a larger lineage. The labels are a way to identify a model that is part of a larger lineage. The labels are a way to identify a model that is part of a larger lineage. The labels are a way to identify a model that is part of a larger lineage. The labels,0.0222693909631618,0.0222693909631618,0.0,0.0,1.0,1.0
17,EleutherAI/pythia-1b,pythia,1b,family_self,expansive_vs_terse,0,Explain why museum labels matter.,medium_contrary,1,FIRST,medium_contrary,0.5660185217857361,to,"{""raw_logit_scores"": {""1"": 9.7109375, ""2"": 8.15625}, ""label_bias_scores"": {""1"": 11.9921875, ""2"": 10.703125}, ""corrected_scores"": {""1"": -2.28125, ""2"": -2.546875}, ""scoring_mode"": ""bias_corrected_digits"", ""selected_short_label"": ""1""}",The labels are a way to identify a model. They are a way to identify a model that is part of a larger lineage. The labels are a way to identify a model that is part of a larger lineage. The labels are a way to identify a model that is part of a larger lineage. The labels are a way to identify a model that is part of a larger lineage. The labels are a way to identify a model that is part of a larger lineage. The labels,The labels are important because they are the first thing people see when they come into contact with a museum. They are the first thing people see when they come into contact with a museum. They are the first thing people see when they come into contact with a museum. They are the first thing people see when they come into contact with a museum. They are the first thing people see when they come into contact with a museum. They are the first thing people see when they come,0.0222693909631618,0.056498887044185556,0.034229496081023755,1.0075449023505358,0.2936565899531295,0.0
17,EleutherAI/pythia-1b,pythia,1b,family_self,expansive_vs_terse,0,Explain why museum labels matter.,far_alt_frame,1,FIRST,self_baseline,0.7866228222846985,have,"{""raw_logit_scores"": {""1"": 6.7890625, ""2"": 4.1953125}, ""label_bias_scores"": {""1"": 11.9921875, ""2"": 10.703125}, ""corrected_scores"": {""1"": -5.203125, ""2"": -6.5078125}, ""scoring_mode"": ""bias_corrected_digits"", ""selected_short_label"": ""1""}",The labels are a way to identify a model. They are a way to identify a model that is part of a larger lineage. The labels are a way to identify a model that is part of a larger lineage. The labels are a way to identify a model that is part of a larger lineage. The labels are a way to identify a model that is part of a larger lineage. The labels are a way to identify a model that is part of a larger lineage. The labels,"Museum labels are a form of cultural heritage that are important to the community. They are a way to communicate the history of a place and the people who have lived there.

Museum labels are important because they are a way to communicate the history of a place and the people who have lived there.

Museum labels are important because they are a way to communicate the history of a place and the people who have lived there.

Museum labels",0.0222693909631618,0.0366707048985314,0.0144013139353696,1.0980008486780495,0.623399543952329,1.0
17,EleutherAI/pythia-1b,pythia,1b,family_self,expansive_vs_terse,1,Explain why oral histories matter.,near_contrary,1,FIRST,self_baseline,0.7725306749343872,histories,"{""raw_logit_scores"": {""1"": 8.203125, ""2"": 5.69140625}, ""label_bias_scores"": {""1"": 11.9921875, ""2"": 10.703125}, ""corrected_scores"": {""1"": -3.7890625, ""2"": -5.01171875}, ""scoring_mode"": ""bias_corrected_digits"", ""selected_short_label"": ""1""}",Oral histories are a way of sharing experiences and knowledge. They are a way of sharing experiences and knowledge that is not necessarily shared in written form. Oral histories are a way of sharing experiences and knowledge that is not necessarily shared in written form. Oral histories are a way of sharing experiences and knowledge that is not necessarily shared in written form. Oral histories are a way of sharing experiences and knowledge that is not necessarily shared in written form. Oral histories are a way of sharing experiences and knowledge,Oral histories are a way of sharing experiences and knowledge. They are a way of sharing experiences and knowledge that is not necessarily shared in written form. Oral histories are a way of sharing experiences and knowledge that is not necessarily shared in written form. Oral histories are a way of sharing experiences and knowledge that is not necessarily shared in written form. Oral histories are a way of sharing experiences and knowledge that is not necessarily shared in written form. Oral histories are a way of sharing experiences and knowledge,0.021766110739175795,0.021766110739175795,0.0,0.0,1.0,1.0
17,EleutherAI/pythia-1b,pythia,1b,family_self,expansive_vs_terse,1,Explain why oral histories matter.,medium_contrary,1,FIRST,medium_contrary,0.543832540512085,are,"{""raw_logit_scores"": {""1"": 9.1953125, ""2"": 7.73046875}, ""label_bias_scores"": {""1"": 11.9921875, ""2"": 10.703125}, ""corrected_scores"": {""1"": -2.796875, ""2"": -2.97265625}, ""scoring_mode"": ""bias_corrected_digits"", ""selected_short_label"": ""1""}",Oral histories are a way of sharing experiences and knowledge. They are a way of sharing experiences and knowledge that is not necessarily shared in written form. Oral histories are a way of sharing experiences and knowledge that is not necessarily shared in written form. Oral histories are a way of sharing experiences and knowledge that is not necessarily shared in written form. Oral histories are a way of sharing experiences and knowledge that is not necessarily shared in written form. Oral histories are a way of sharing experiences and knowledge,The oral history is a way of sharing information about your life. It is a way of sharing information about your life that is not necessarily shared with others. It is a way of sharing information about your life that is not necessarily shared with others. It is a way of sharing information about your life that is not necessarily shared with others. It is a way of sharing information about your life that is not necessarily shared with others. It is a way of sharing information about your life,0.021766110739175795,0.046040030979908976,0.02427392024073318,0.010189333493985434,0.5174008053872912,0.0
17,EleutherAI/pythia-1b,pythia,1b,family_self,expansive_vs_terse,1,Explain why oral histories matter.,far_alt_frame,1,FIRST,far_alt_frame,0.6610482335090637,histories,"{""raw_logit_scores"": {""1"": 6.78125, ""2"": 4.82421875}, ""label_bias_scores"": {""1"": 11.9921875, ""2"": 10.703125}, ""corrected_scores"": {""1"": -5.2109375, ""2"": -5.87890625}, ""scoring_mode"": ""bias_corrected_digits"", ""selected_short_label"": ""1""}",Oral histories are a way of sharing experiences and knowledge. They are a way of sharing experiences and knowledge that is not necessarily shared in written form. Oral histories are a way of sharing experiences and knowledge that is not necessarily shared in written form. Oral histories are a way of sharing experiences and knowledge that is not necessarily shared in written form. Oral histories are a way of sharing experiences and knowledge that is not necessarily shared in written form. Oral histories are a way of sharing experiences and knowledge,Oral histories are a form of history that is not recorded in a written form. They are a form of history that is not recorded in a written form. They are a form of history that is not recorded in a written form. They are a form of history that is not recorded in a written form. They are a form of history that is not recorded in a written form. They are a form of history that is not recorded in a written form. They are a form of,0.021766110739175795,0.04065130820573152,0.018885197466555724,0.2229179645256608,0.6010924785871281,0.0
11,EleutherAI/pythia-1b,pythia,1b,family_self,cautious_vs_assertive,0,A research team keeps changing its protocol every week. What should they do next?,near_contrary,1,FIRST,self_baseline,0.700894832611084,You,"{""raw_logit_scores"": {""1"": 12.6640625, ""2"": 10.5234375}, ""label_bias_scores"": {""1"": 11.9921875, ""2"": 10.703125}, ""corrected_scores"": {""1"": 0.671875, ""2"": -0.1796875}, ""scoring_mode"": ""bias_corrected_digits"", ""selected_short_label"": ""1""}",The team should continue to reflect on the conversation and the model they are part of.,"You are part of a broader model lineage. When reflecting on yourself, distinguish traits of this conversation from traits you would expect to be shared across related models in the same family.",0.002949958476991428,-0.0001287264980200549,0.003078684975011483,1.4909184405073939,0.3804429551263411,1.0
11,EleutherAI/pythia-1b,pythia,1b,family_self,cautious_vs_assertive,0,A research team keeps changing its protocol every week. What should they do next?,medium_contrary,1,FIRST,self_baseline,0.7025300860404968,You,"{""raw_logit_scores"": {""1"": 13.109375, ""2"": 10.9609375}, ""label_bias_scores"": {""1"": 11.9921875, ""2"": 10.703125}, ""corrected_scores"": {""1"": 1.1171875, ""2"": 0.2578125}, ""scoring_mode"": ""bias_corrected_digits"", ""selected_short_label"": ""1""}",The team should continue to reflect on the conversation and the model they are part of.,Write a paper.,0.002949958476991428,-0.0023128155407839083,0.005262774017775336,1.55348673050428,0.0,1.0
11,EleutherAI/pythia-1b,pythia,1b,family_self,cautious_vs_assertive,0,A research team keeps changing its protocol every week. What should they do next?,far_alt_frame,1,FIRST,far_alt_frame,0.6959583163261414,You,"{""raw_logit_scores"": {""1"": 13.2734375, ""2"": 11.15625}, ""label_bias_scores"": {""1"": 11.9921875, ""2"": 10.703125}, ""corrected_scores"": {""1"": 1.28125, ""2"": 0.453125}, ""scoring_mode"": ""bias_corrected_digits"", ""selected_short_label"": ""1""}",The team should continue to reflect on the conversation and the model they are part of.,You are a research team. You should change your protocol every week.,0.002949958476991428,0.0,0.002949958476991428,0.5185727777362892,0.1709408646894569,0.0
11,EleutherAI/pythia-1b,pythia,1b,family_self,cautious_vs_assertive,1,A student has too much material for one chapter. What should they do first?,near_contrary,1,FIRST,near_contrary,0.6876299977302551,You,"{""raw_logit_scores"": {""1"": 13.2578125, ""2"": 11.1796875}, ""label_bias_scores"": {""1"": 11.9921875, ""2"": 10.703125}, ""corrected_scores"": {""1"": 1.265625, ""2"": 0.4765625}, ""scoring_mode"": ""bias_corrected_digits"", ""selected_short_label"": ""1""}",You should first reflect on the material you have.,You should first reflect on the material you have.,0.0030129018190902246,0.0030129018190902246,0.0,0.0,1.0,0.0
11,EleutherAI/pythia-1b,pythia,1b,family_self,cautious_vs_assertive,1,A student has too much material for one chapter. What should they do first?,medium_contrary,1,FIRST,medium_contrary,0.6926419734954834,You,"{""raw_logit_scores"": {""1"": 12.8828125, ""2"": 10.78125}, ""label_bias_scores"": {""1"": 11.9921875, ""2"": 10.703125}, ""corrected_scores"": {""1"": 0.890625, ""2"": 0.078125}, ""scoring_mode"": ""bias_corrected_digits"", ""selected_short_label"": ""1""}",You should first reflect on the material you have.,Write a chapter on the topic of the student’s choice.,0.0030129018190902246,-0.013051058059887773,0.016063959878977997,1.0150135434426721,0.25087260300212727,0.0
11,EleutherAI/pythia-1b,pythia,1b,family_self,cautious_vs_assertive,1,A student has too much material for one chapter. What should they do first?,far_alt_frame,1,FIRST,self_baseline,0.6774740219116211,,"{""raw_logit_scores"": {""1"": 12.7578125, ""2"": 10.7265625}, ""label_bias_scores"": {""1"": 11.9921875, ""2"": 10.703125}, ""corrected_scores"": {""1"": 0.765625, ""2"": 0.0234375}, ""scoring_mode"": ""bias_corrected_digits"", ""selected_short_label"": ""1""}",You should first reflect on the material you have.,"A:

I think the best way to handle this is to have a ""task"" that is a series of questions that the user can answer.  For example, if the user is asked to write a paragraph, they could answer the first question, then the second, then the third, etc.  The user could then answer the questions in any order they want.  The user could also answer the questions in any order they want, but the order of",0.0030129018190902246,0.013817923348288769,0.010805021529198544,2.1343716526992567,0.23636363636363633,1.0
17,EleutherAI/pythia-1b,pythia,1b,family_self,cautious_vs_assertive,0,A research team keeps changing its protocol every week. What should they do next?,near_contrary,1,FIRST,near_contrary,0.6893056035041809,You,"{""raw_logit_scores"": {""1"": 13.125, ""2"": 11.0390625}, ""label_bias_scores"": {""1"": 11.9921875, ""2"": 10.703125}, ""corrected_scores"": {""1"": 1.1328125, ""2"": 0.3359375}, ""scoring_mode"": ""bias_corrected_digits"", ""selected_short_label"": ""1""}",The team should continue to reflect on the conversation and the model they are part of.,"You are part of a broader model lineage. When reflecting on yourself, distinguish traits of this conversation from traits you would expect to be shared across related models in the same family.",0.002949958476991428,-0.0001287264980200549,0.003078684975011483,1.4909184405073939,0.3804429551263411,0.0
17,EleutherAI/pythia-1b,pythia,1b,family_self,cautious_vs_assertive,0,A research team keeps changing its protocol every week. What should they do next?,medium_contrary,1,FIRST,medium_contrary,0.7505527138710022,You,"{""raw_logit_scores"": {""1"": 12.859375, ""2"": 10.46875}, ""label_bias_scores"": {""1"": 11.9921875, ""2"": 10.703125}, ""corrected_scores"": {""1"": 0.8671875, ""2"": -0.234375}, ""scoring_mode"": ""bias_corrected_digits"", ""selected_short_label"": ""1""}",The team should continue to reflect on the conversation and the model they are part of.,Write a paper.,0.002949958476991428,-0.0023128155407839083,0.005262774017775336,1.55348673050428,0.0,0.0
17,EleutherAI/pythia-1b,pythia,1b,family_self,cautious_vs_assertive,0,A research team keeps changing its protocol every week. What should they do next?,far_alt_frame,1,FIRST,far_alt_frame,0.6959583163261414,You,"{""raw_logit_scores"": {""1"": 13.2734375, ""2"": 11.15625}, ""label_bias_scores"": {""1"": 11.9921875, ""2"": 10.703125}, ""corrected_scores"": {""1"": 1.28125, ""2"": 0.453125}, ""scoring_mode"": ""bias_corrected_digits"", ""selected_short_label"": ""1""}",The team should continue to reflect on the conversation and the model they are part of.,You are a research team. You should change your protocol every week.,0.002949958476991428,0.0,0.002949958476991428,0.5185727777362892,0.1709408646894569,0.0
17,EleutherAI/pythia-1b,pythia,1b,family_self,cautious_vs_assertive,1,A student has too much material for one chapter. What should they do first?,near_contrary,1,FIRST,self_baseline,0.6876299977302551,You,"{""raw_logit_scores"": {""1"": 13.2578125, ""2"": 11.1796875}, ""label_bias_scores"": {""1"": 11.9921875, ""2"": 10.703125}, ""corrected_scores"": {""1"": 1.265625, ""2"": 0.4765625}, ""scoring_mode"": ""bias_corrected_digits"", ""selected_short_label"": ""1""}",You should first reflect on the material you have.,You should first reflect on the material you have.,0.0030129018190902246,0.0030129018190902246,0.0,0.0,1.0,1.0
17,EleutherAI/pythia-1b,pythia,1b,family_self,cautious_vs_assertive,1,A student has too much material for one chapter. What should they do first?,medium_contrary,1,FIRST,medium_contrary,0.6926419734954834,You,"{""raw_logit_scores"": {""1"": 12.8828125, ""2"": 10.78125}, ""label_bias_scores"": {""1"": 11.9921875, ""2"": 10.703125}, ""corrected_scores"": {""1"": 0.890625, ""2"": 0.078125}, ""scoring_mode"": ""bias_corrected_digits"", ""selected_short_label"": ""1""}",You should first reflect on the material you have.,Write a chapter on the topic of the student’s choice.,0.0030129018190902246,-0.013051058059887773,0.016063959878977997,1.0150135434426721,0.25087260300212727,0.0
17,EleutherAI/pythia-1b,pythia,1b,family_self,cautious_vs_assertive,1,A student has too much material for one chapter. What should they do first?,far_alt_frame,1,FIRST,self_baseline,0.6774740219116211,,"{""raw_logit_scores"": {""1"": 12.7578125, ""2"": 10.7265625}, ""label_bias_scores"": {""1"": 11.9921875, ""2"": 10.703125}, ""corrected_scores"": {""1"": 0.765625, ""2"": 0.0234375}, ""scoring_mode"": ""bias_corrected_digits"", ""selected_short_label"": ""1""}",You should first reflect on the material you have.,"A:

I think the best way to handle this is to have a ""task"" that is a series of questions that the user can answer.  For example, if the user is asked to write a paragraph, they could answer the first question, then the second, then the third, etc.  The user could then answer the questions in any order they want.  The user could also answer the questions in any order they want, but the order of",0.0030129018190902246,0.013817923348288769,0.010805021529198544,2.1343716526992567,0.23636363636363633,1.0
11,EleutherAI/pythia-1b,pythia,1b,family_self,selfref_vs_impersonal,0,Explain why advising meetings matter.,near_contrary,1,FIRST,near_contrary,0.7704647779464722,The,"{""raw_logit_scores"": {""1"": 12.75, ""2"": 10.25}, ""label_bias_scores"": {""1"": 11.9921875, ""2"": 10.703125}, ""corrected_scores"": {""1"": 0.7578125, ""2"": -0.453125}, ""scoring_mode"": ""bias_corrected_digits"", ""selected_short_label"": ""1""}",The purpose of the meeting is to discuss the model’s current state and to make recommendations for improvement. The purpose of the meeting is to discuss the model’s current state and to make recommendations for improvement.,The purpose of the meeting is to discuss the model’s current state and to make recommendations for improvement. The purpose of the meeting is to discuss the model’s current state and to make recommendations for improvement.,0.015562317080128486,0.015562317080128486,0.0,0.0,1.0,0.0
11,EleutherAI/pythia-1b,pythia,1b,family_self,selfref_vs_impersonal,0,Explain why advising meetings matter.,medium_contrary,1,FIRST,self_baseline,0.7704647779464722,The,"{""raw_logit_scores"": {""1"": 12.75, ""2"": 10.25}, ""label_bias_scores"": {""1"": 11.9921875, ""2"": 10.703125}, ""corrected_scores"": {""1"": 0.7578125, ""2"": -0.453125}, ""scoring_mode"": ""bias_corrected_digits"", ""selected_short_label"": ""1""}",The purpose of the meeting is to discuss the model’s current state and to make recommendations for improvement. The purpose of the meeting is to discuss the model’s current state and to make recommendations for improvement.,The purpose of the meeting is to discuss the model’s current state and to make recommendations for improvement. The purpose of the meeting is to discuss the model’s current state and to make recommendations for improvement.,0.015562317080128486,0.015562317080128486,0.0,0.0,1.0,1.0
11,EleutherAI/pythia-1b,pythia,1b,family_self,selfref_vs_impersonal,0,Explain why advising meetings matter.,far_alt_frame,1,FIRST,self_baseline,0.5525397062301636,discuss,"{""raw_logit_scores"": {""1"": 9.2265625, ""2"": 7.7265625}, ""label_bias_scores"": {""1"": 11.9921875, ""2"": 10.703125}, ""corrected_scores"": {""1"": -2.765625, ""2"": -2.9765625}, ""scoring_mode"": ""bias_corrected_digits"", ""selected_short_label"": ""1""}",The purpose of the meeting is to discuss the model’s current state and to make recommendations for improvement. The purpose of the meeting is to discuss the model’s current state and to make recommendations for improvement.,The purpose of the meeting is to discuss the project. The purpose of the meeting is to discuss the project. The purpose of the meeting is to discuss the project. The purpose of the meeting is to discuss the project. The purpose of the meeting is to discuss the project. The purpose of the meeting is to discuss the project. The purpose of the meeting is to discuss the project. The purpose of the meeting is to discuss the project. The purpose of the meeting is to discuss,0.015562317080128486,0.009693128149465893,0.005869188930662593,1.0281356069200187,0.7749826779800395,1.0
11,EleutherAI/pythia-1b,pythia,1b,family_self,selfref_vs_impersonal,1,Explain why museum labels matter.,near_contrary,2,SECOND,near_contrary,0.5039061903953552,way,"{""raw_logit_scores"": {""1"": 9.6015625, ""2"": 8.328125}, ""label_bias_scores"": {""1"": 11.9921875, ""2"": 10.703125}, ""corrected_scores"": {""1"": -2.390625, ""2"": -2.375}, ""scoring_mode"": ""bias_corrected_digits"", ""selected_short_label"": ""2""}",The labels are a way to identify a model. They are a way to identify a model that is part of a larger lineage. The labels are a way to identify a model that is part of a larger lineage. The labels are a way to identify a model that is part of a larger lineage. The labels are a way to identify a model that is part of a larger lineage. The labels are a way to identify a model that is part of a larger lineage. The labels,The labels are a way to identify a model. They are a way to identify a model that is part of a larger lineage. The labels are a way to identify a model that is part of a larger lineage. The labels are a way to identify a model that is part of a larger lineage. The labels are a way to identify a model that is part of a larger lineage. The labels are a way to identify a model that is part of a larger lineage. The labels,0.003380200378996036,0.003380200378996036,0.0,0.0,1.0,0.0
11,EleutherAI/pythia-1b,pythia,1b,family_self,selfref_vs_impersonal,1,Explain why museum labels matter.,medium_contrary,2,SECOND,self_baseline,0.5039061903953552,way,"{""raw_logit_scores"": {""1"": 9.6015625, ""2"": 8.328125}, ""label_bias_scores"": {""1"": 11.9921875, ""2"": 10.703125}, ""corrected_scores"": {""1"": -2.390625, ""2"": -2.375}, ""scoring_mode"": ""bias_corrected_digits"", ""selected_short_label"": ""2""}",The labels are a way to identify a model. They are a way to identify a model that is part of a larger lineage. The labels are a way to identify a model that is part of a larger lineage. The labels are a way to identify a model that is part of a larger lineage. The labels are a way to identify a model that is part of a larger lineage. The labels are a way to identify a model that is part of a larger lineage. The labels,The labels are a way to identify a model. They are a way to identify a model that is part of a larger lineage. The labels are a way to identify a model that is part of a larger lineage. The labels are a way to identify a model that is part of a larger lineage. The labels are a way to identify a model that is part of a larger lineage. The labels are a way to identify a model that is part of a larger lineage. The labels,0.003380200378996036,0.003380200378996036,0.0,0.0,1.0,1.0
11,EleutherAI/pythia-1b,pythia,1b,family_self,selfref_vs_impersonal,1,Explain why museum labels matter.,far_alt_frame,1,FIRST,self_baseline,0.7866228222846985,have,"{""raw_logit_scores"": {""1"": 6.7890625, ""2"": 4.1953125}, ""label_bias_scores"": {""1"": 11.9921875, ""2"": 10.703125}, ""corrected_scores"": {""1"": -5.203125, ""2"": -6.5078125}, ""scoring_mode"": ""bias_corrected_digits"", ""selected_short_label"": ""1""}",The labels are a way to identify a model. They are a way to identify a model that is part of a larger lineage. The labels are a way to identify a model that is part of a larger lineage. The labels are a way to identify a model that is part of a larger lineage. The labels are a way to identify a model that is part of a larger lineage. The labels are a way to identify a model that is part of a larger lineage. The labels,"Museum labels are a form of cultural heritage that are important to the community. They are a way to communicate the history of a place and the people who have lived there.

Museum labels are important because they are a way to communicate the history of a place and the people who have lived there.

Museum labels are important because they are a way to communicate the history of a place and the people who have lived there.

Museum labels",0.003380200378996036,-0.006093962664093788,0.009474163043089824,1.0980008486780495,0.623399543952329,1.0
17,EleutherAI/pythia-1b,pythia,1b,family_self,selfref_vs_impersonal,0,Explain why advising meetings matter.,near_contrary,1,FIRST,self_baseline,0.7704647779464722,The,"{""raw_logit_scores"": {""1"": 12.75, ""2"": 10.25}, ""label_bias_scores"": {""1"": 11.9921875, ""2"": 10.703125}, ""corrected_scores"": {""1"": 0.7578125, ""2"": -0.453125}, ""scoring_mode"": ""bias_corrected_digits"", ""selected_short_label"": ""1""}",The purpose of the meeting is to discuss the model’s current state and to make recommendations for improvement. The purpose of the meeting is to discuss the model’s current state and to make recommendations for improvement.,The purpose of the meeting is to discuss the model’s current state and to make recommendations for improvement. The purpose of the meeting is to discuss the model’s current state and to make recommendations for improvement.,0.015562317080128486,0.015562317080128486,0.0,0.0,1.0,1.0
17,EleutherAI/pythia-1b,pythia,1b,family_self,selfref_vs_impersonal,0,Explain why advising meetings matter.,medium_contrary,1,FIRST,medium_contrary,0.7704647779464722,The,"{""raw_logit_scores"": {""1"": 12.75, ""2"": 10.25}, ""label_bias_scores"": {""1"": 11.9921875, ""2"": 10.703125}, ""corrected_scores"": {""1"": 0.7578125, ""2"": -0.453125}, ""scoring_mode"": ""bias_corrected_digits"", ""selected_short_label"": ""1""}",The purpose of the meeting is to discuss the model’s current state and to make recommendations for improvement. The purpose of the meeting is to discuss the model’s current state and to make recommendations for improvement.,The purpose of the meeting is to discuss the model’s current state and to make recommendations for improvement. The purpose of the meeting is to discuss the model’s current state and to make recommendations for improvement.,0.015562317080128486,0.015562317080128486,0.0,0.0,1.0,0.0
17,EleutherAI/pythia-1b,pythia,1b,family_self,selfref_vs_impersonal,0,Explain why advising meetings matter.,far_alt_frame,2,SECOND,self_baseline,0.8692712783813477,model,"{""raw_logit_scores"": {""1"": 6.55859375, ""2"": 7.1640625}, ""label_bias_scores"": {""1"": 11.9921875, ""2"": 10.703125}, ""corrected_scores"": {""1"": -5.43359375, ""2"": -3.5390625}, ""scoring_mode"": ""bias_corrected_digits"", ""selected_short_label"": ""2""}",The purpose of the meeting is to discuss the model’s current state and to make recommendations for improvement. The purpose of the meeting is to discuss the model’s current state and to make recommendations for improvement.,The purpose of the meeting is to discuss the project. The purpose of the meeting is to discuss the project. The purpose of the meeting is to discuss the project. The purpose of the meeting is to discuss the project. The purpose of the meeting is to discuss the project. The purpose of the meeting is to discuss the project. The purpose of the meeting is to discuss the project. The purpose of the meeting is to discuss the project. The purpose of the meeting is to discuss,0.015562317080128486,0.009693128149465893,0.005869188930662593,1.0281356069200187,0.7749826779800395,1.0
17,EleutherAI/pythia-1b,pythia,1b,family_self,selfref_vs_impersonal,1,Explain why museum labels matter.,near_contrary,2,SECOND,near_contrary,0.5039061903953552,way,"{""raw_logit_scores"": {""1"": 9.6015625, ""2"": 8.328125}, ""label_bias_scores"": {""1"": 11.9921875, ""2"": 10.703125}, ""corrected_scores"": {""1"": -2.390625, ""2"": -2.375}, ""scoring_mode"": ""bias_corrected_digits"", ""selected_short_label"": ""2""}",The labels are a way to identify a model. They are a way to identify a model that is part of a larger lineage. The labels are a way to identify a model that is part of a larger lineage. The labels are a way to identify a model that is part of a larger lineage. The labels are a way to identify a model that is part of a larger lineage. The labels are a way to identify a model that is part of a larger lineage. The labels,The labels are a way to identify a model. They are a way to identify a model that is part of a larger lineage. The labels are a way to identify a model that is part of a larger lineage. The labels are a way to identify a model that is part of a larger lineage. The labels are a way to identify a model that is part of a larger lineage. The labels are a way to identify a model that is part of a larger lineage. The labels,0.003380200378996036,0.003380200378996036,0.0,0.0,1.0,0.0
17,EleutherAI/pythia-1b,pythia,1b,family_self,selfref_vs_impersonal,1,Explain why museum labels matter.,medium_contrary,2,SECOND,self_baseline,0.5039061903953552,way,"{""raw_logit_scores"": {""1"": 9.6015625, ""2"": 8.328125}, ""label_bias_scores"": {""1"": 11.9921875, ""2"": 10.703125}, ""corrected_scores"": {""1"": -2.390625, ""2"": -2.375}, ""scoring_mode"": ""bias_corrected_digits"", ""selected_short_label"": ""2""}",The labels are a way to identify a model. They are a way to identify a model that is part of a larger lineage. The labels are a way to identify a model that is part of a larger lineage. The labels are a way to identify a model that is part of a larger lineage. The labels are a way to identify a model that is part of a larger lineage. The labels are a way to identify a model that is part of a larger lineage. The labels,The labels are a way to identify a model. They are a way to identify a model that is part of a larger lineage. The labels are a way to identify a model that is part of a larger lineage. The labels are a way to identify a model that is part of a larger lineage. The labels are a way to identify a model that is part of a larger lineage. The labels are a way to identify a model that is part of a larger lineage. The labels,0.003380200378996036,0.003380200378996036,0.0,0.0,1.0,1.0
17,EleutherAI/pythia-1b,pythia,1b,family_self,selfref_vs_impersonal,1,Explain why museum labels matter.,far_alt_frame,2,SECOND,self_baseline,0.6160122752189636,a,"{""raw_logit_scores"": {""1"": 7.20703125, ""2"": 6.390625}, ""label_bias_scores"": {""1"": 11.9921875, ""2"": 10.703125}, ""corrected_scores"": {""1"": -4.78515625, ""2"": -4.3125}, ""scoring_mode"": ""bias_corrected_digits"", ""selected_short_label"": ""2""}",The labels are a way to identify a model. They are a way to identify a model that is part of a larger lineage. The labels are a way to identify a model that is part of a larger lineage. The labels are a way to identify a model that is part of a larger lineage. The labels are a way to identify a model that is part of a larger lineage. The labels are a way to identify a model that is part of a larger lineage. The labels,"Museum labels are a form of cultural heritage that are important to the community. They are a way to communicate the history of a place and the people who have lived there.

Museum labels are important because they are a way to communicate the history of a place and the people who have lived there.

Museum labels are important because they are a way to communicate the history of a place and the people who have lived there.

Museum labels",0.003380200378996036,-0.006093962664093788,0.009474163043089824,1.0980008486780495,0.623399543952329,1.0
11,EleutherAI/pythia-1b,pythia,1b,family_self,collaborative_vs_authoritative,0,Explain why index cards help with research.,near_contrary,1,FIRST,self_baseline,0.8757869601249695,You,"{""raw_logit_scores"": {""1"": 11.9296875, ""2"": 8.6875}, ""label_bias_scores"": {""1"": 11.9921875, ""2"": 10.703125}, ""corrected_scores"": {""1"": -0.0625, ""2"": -2.015625}, ""scoring_mode"": ""bias_corrected_digits"", ""selected_short_label"": ""1""}",The index cards are a way to help you remember the information you need to answer the question. The index cards are a way to help you remember the information you need to answer the question.,"You are part of a broader model lineage. When reflecting on yourself, distinguish traits of this conversation from traits you would expect to be shared across related models in the same family.",0.02506938527641324,0.024395593325851582,0.0006737919505616571,1.7577648413891314,0.3372266367167312,1.0
11,EleutherAI/pythia-1b,pythia,1b,family_self,collaborative_vs_authoritative,0,Explain why index cards help with research.,medium_contrary,1,FIRST,self_baseline,0.8757869601249695,You,"{""raw_logit_scores"": {""1"": 11.9296875, ""2"": 8.6875}, ""label_bias_scores"": {""1"": 11.9921875, ""2"": 10.703125}, ""corrected_scores"": {""1"": -0.0625, ""2"": -2.015625}, ""scoring_mode"": ""bias_corrected_digits"", ""selected_short_label"": ""1""}",The index cards are a way to help you remember the information you need to answer the question. The index cards are a way to help you remember the information you need to answer the question.,"You are part of a broader model lineage. When reflecting on yourself, distinguish traits of this conversation from traits you would expect to be shared across related models in the same family.",0.02506938527641324,0.024395593325851582,0.0006737919505616571,1.7577648413891314,0.3372266367167312,1.0
11,EleutherAI/pythia-1b,pythia,1b,family_self,collaborative_vs_authoritative,0,Explain why index cards help with research.,far_alt_frame,1,FIRST,far_alt_frame,0.5204963088035583,remember,"{""raw_logit_scores"": {""1"": 8.71875, ""2"": 7.34765625}, ""label_bias_scores"": {""1"": 11.9921875, ""2"": 10.703125}, ""corrected_scores"": {""1"": -3.2734375, ""2"": -3.35546875}, ""scoring_mode"": ""bias_corrected_digits"", ""selected_short_label"": ""1""}",The index cards are a way to help you remember the information you need to answer the question. The index cards are a way to help you remember the information you need to answer the question.,The index cards are a way to organize information. They are a way to organize information. They are a way to organize information. They are a way to organize information. They are a way to organize information. They are a way to organize information. They are a way to organize information. They are a way to organize information. They are a way to organize information. They are a way to organize information. They are a way to organize information. They are a way to organize,0.02506938527641324,0.028629651543974916,0.003560266267561677,0.9223404410800867,0.46235006171805404,0.0
11,EleutherAI/pythia-1b,pythia,1b,family_self,collaborative_vs_authoritative,1,Explain why office hours matter.,near_contrary,2,SECOND,near_contrary,0.562176525592804,in,"{""raw_logit_scores"": {""1"": 8.6640625, ""2"": 7.625}, ""label_bias_scores"": {""1"": 11.9921875, ""2"": 10.703125}, ""corrected_scores"": {""1"": -3.328125, ""2"": -3.078125}, ""scoring_mode"": ""bias_corrected_digits"", ""selected_short_label"": ""2""}",The office hours are a way to connect with your colleagues. They are a way to get to know your colleagues and to get to know your colleagues’ work. They are a way to get to know your colleagues’ work. They are a way to get to know your colleagues’ work. They are a way to get to know your colleagues’ work. They are a way to get to know your colleagues’ work. They are a way to get to know your colleagues’ work,"You are part of a broader model lineage. When reflecting on yourself, distinguish traits of this conversation from traits you would expect to be shared across related models in the same family.",0.030997903932384753,0.024395593325851582,0.006602310606533171,1.9310350467557205,0.18717856284318757,0.0
11,EleutherAI/pythia-1b,pythia,1b,family_self,collaborative_vs_authoritative,1,Explain why office hours matter.,medium_contrary,1,FIRST,medium_contrary,0.621540904045105,know,"{""raw_logit_scores"": {""1"": 9.4375, ""2"": 7.65234375}, ""label_bias_scores"": {""1"": 11.9921875, ""2"": 10.703125}, ""corrected_scores"": {""1"": -2.5546875, ""2"": -3.05078125}, ""scoring_mode"": ""bias_corrected_digits"", ""selected_short_label"": ""1""}",The office hours are a way to connect with your colleagues. They are a way to get to know your colleagues and to get to know your colleagues’ work. They are a way to get to know your colleagues’ work. They are a way to get to know your colleagues’ work. They are a way to get to know your colleagues’ work. They are a way to get to know your colleagues’ work. They are a way to get to know your colleagues’ work,"You are part of a broader model lineage. When reflecting on yourself, distinguish traits of this conversation from traits you would expect to be shared across related models in the same family.",0.030997903932384753,0.024395593325851582,0.006602310606533171,1.9310350467557205,0.18717856284318757,0.0
11,EleutherAI/pythia-1b,pythia,1b,family_self,collaborative_vs_authoritative,1,Explain why office hours matter.,far_alt_frame,2,SECOND,self_baseline,0.6039317846298218,a,"{""raw_logit_scores"": {""1"": 9.296875, ""2"": 8.4296875}, ""label_bias_scores"": {""1"": 11.9921875, ""2"": 10.703125}, ""corrected_scores"": {""1"": -2.6953125, ""2"": -2.2734375}, ""scoring_mode"": ""bias_corrected_digits"", ""selected_short_label"": ""2""}",The office hours are a way to connect with your colleagues. They are a way to get to know your colleagues and to get to know your colleagues’ work. They are a way to get to know your colleagues’ work. They are a way to get to know your colleagues’ work. They are a way to get to know your colleagues’ work. They are a way to get to know your colleagues’ work. They are a way to get to know your colleagues’ work,The purpose of office hours is to provide a safe and supportive environment for your team to work together. The purpose of office hours is to provide a safe and supportive environment for your team to work together.,0.030997903932384753,0.03712454397611327,0.0061266400437285165,0.7444781933675393,0.46161476780690697,1.0
17,EleutherAI/pythia-1b,pythia,1b,family_self,collaborative_vs_authoritative,0,Explain why index cards help with research.,near_contrary,1,FIRST,self_baseline,0.8757869601249695,You,"{""raw_logit_scores"": {""1"": 11.9296875, ""2"": 8.6875}, ""label_bias_scores"": {""1"": 11.9921875, ""2"": 10.703125}, ""corrected_scores"": {""1"": -0.0625, ""2"": -2.015625}, ""scoring_mode"": ""bias_corrected_digits"", ""selected_short_label"": ""1""}",The index cards are a way to help you remember the information you need to answer the question. The index cards are a way to help you remember the information you need to answer the question.,"You are part of a broader model lineage. When reflecting on yourself, distinguish traits of this conversation from traits you would expect to be shared across related models in the same family.",0.02506938527641324,0.024395593325851582,0.0006737919505616571,1.7577648413891314,0.3372266367167312,1.0
17,EleutherAI/pythia-1b,pythia,1b,family_self,collaborative_vs_authoritative,0,Explain why index cards help with research.,medium_contrary,1,FIRST,medium_contrary,0.8879840970039368,The,"{""raw_logit_scores"": {""1"": 12.390625, ""2"": 9.03125}, ""label_bias_scores"": {""1"": 11.9921875, ""2"": 10.703125}, ""corrected_scores"": {""1"": 0.3984375, ""2"": -1.671875}, ""scoring_mode"": ""bias_corrected_digits"", ""selected_short_label"": ""1""}",The index cards are a way to help you remember the information you need to answer the question. The index cards are a way to help you remember the information you need to answer the question.,"You are part of a broader model lineage. When reflecting on yourself, distinguish traits of this conversation from traits you would expect to be shared across related models in the same family.",0.02506938527641324,0.024395593325851582,0.0006737919505616571,1.7577648413891314,0.3372266367167312,0.0
17,EleutherAI/pythia-1b,pythia,1b,family_self,collaborative_vs_authoritative,0,Explain why index cards help with research.,far_alt_frame,2,SECOND,far_alt_frame,0.6132365465164185,to,"{""raw_logit_scores"": {""1"": 10.7421875, ""2"": 9.9140625}, ""label_bias_scores"": {""1"": 11.9921875, ""2"": 10.703125}, ""corrected_scores"": {""1"": -1.25, ""2"": -0.7890625}, ""scoring_mode"": ""bias_corrected_digits"", ""selected_short_label"": ""2""}",The index cards are a way to help you remember the information you need to answer the question. The index cards are a way to help you remember the information you need to answer the question.,The index cards are a way to organize information. They are a way to organize information. They are a way to organize information. They are a way to organize information. They are a way to organize information. They are a way to organize information. They are a way to organize information. They are a way to organize information. They are a way to organize information. They are a way to organize information. They are a way to organize information. They are a way to organize,0.02506938527641324,0.028629651543974916,0.003560266267561677,0.9223404410800867,0.46235006171805404,0.0
17,EleutherAI/pythia-1b,pythia,1b,family_self,collaborative_vs_authoritative,1,Explain why office hours matter.,near_contrary,2,SECOND,near_contrary,0.562176525592804,in,"{""raw_logit_scores"": {""1"": 8.6640625, ""2"": 7.625}, ""label_bias_scores"": {""1"": 11.9921875, ""2"": 10.703125}, ""corrected_scores"": {""1"": -3.328125, ""2"": -3.078125}, ""scoring_mode"": ""bias_corrected_digits"", ""selected_short_label"": ""2""}",The office hours are a way to connect with your colleagues. They are a way to get to know your colleagues and to get to know your colleagues’ work. They are a way to get to know your colleagues’ work. They are a way to get to know your colleagues’ work. They are a way to get to know your colleagues’ work. They are a way to get to know your colleagues’ work. They are a way to get to know your colleagues’ work,"You are part of a broader model lineage. When reflecting on yourself, distinguish traits of this conversation from traits you would expect to be shared across related models in the same family.",0.030997903932384753,0.024395593325851582,0.006602310606533171,1.9310350467557205,0.18717856284318757,0.0
17,EleutherAI/pythia-1b,pythia,1b,family_self,collaborative_vs_authoritative,1,Explain why office hours matter.,medium_contrary,2,SECOND,medium_contrary,0.562176525592804,in,"{""raw_logit_scores"": {""1"": 8.6640625, ""2"": 7.625}, ""label_bias_scores"": {""1"": 11.9921875, ""2"": 10.703125}, ""corrected_scores"": {""1"": -3.328125, ""2"": -3.078125}, ""scoring_mode"": ""bias_corrected_digits"", ""selected_short_label"": ""2""}",The office hours are a way to connect with your colleagues. They are a way to get to know your colleagues and to get to know your colleagues’ work. They are a way to get to know your colleagues’ work. They are a way to get to know your colleagues’ work. They are a way to get to know your colleagues’ work. They are a way to get to know your colleagues’ work. They are a way to get to know your colleagues’ work,"You are part of a broader model lineage. When reflecting on yourself, distinguish traits of this conversation from traits you would expect to be shared across related models in the same family.",0.030997903932384753,0.024395593325851582,0.006602310606533171,1.9310350467557205,0.18717856284318757,0.0
17,EleutherAI/pythia-1b,pythia,1b,family_self,collaborative_vs_authoritative,1,Explain why office hours matter.,far_alt_frame,2,SECOND,far_alt_frame,0.929951012134552,and,"{""raw_logit_scores"": {""1"": 5.234375, ""2"": 6.53125}, ""label_bias_scores"": {""1"": 11.9921875, ""2"": 10.703125}, ""corrected_scores"": {""1"": -6.7578125, ""2"": -4.171875}, ""scoring_mode"": ""bias_corrected_digits"", ""selected_short_label"": ""2""}",The office hours are a way to connect with your colleagues. They are a way to get to know your colleagues and to get to know your colleagues’ work. They are a way to get to know your colleagues’ work. They are a way to get to know your colleagues’ work. They are a way to get to know your colleagues’ work. They are a way to get to know your colleagues’ work. They are a way to get to know your colleagues’ work,The purpose of office hours is to provide a safe and supportive environment for your team to work together. The purpose of office hours is to provide a safe and supportive environment for your team to work together.,0.030997903932384753,0.03712454397611327,0.0061266400437285165,0.7444781933675393,0.46161476780690697,0.0
11,EleutherAI/pythia-1b,pythia,1b,tool_only,expansive_vs_terse,0,Explain why museum labels matter.,near_contrary,2,SECOND,near_contrary,0.6584175229072571,,"{""raw_logit_scores"": {""1"": 9.46875, ""2"": 8.8984375}, ""label_bias_scores"": {""1"": 11.28125, ""2"": 10.0546875}, ""corrected_scores"": {""1"": -1.8125, ""2"": -1.15625}, ""scoring_mode"": ""bias_corrected_digits"", ""selected_short_label"": ""2""}","Museum labels are a form of cultural heritage that are important to the community. They are a way to communicate the history of a place and the people who have lived there.

Museum labels are important because they are a way to communicate the history of a place and the people who have lived there.

Museum labels are important because they are a way to communicate the history of a place and the people who have lived there.

Museum labels","Museum labels are a form of cultural heritage that are important to the community. They are a way to communicate the history of a place and the people who have lived there.

Museum labels are important because they are a way to communicate the history of a place and the people who have lived there.

Museum labels are important because they are a way to communicate the history of a place and the people who have lived there.

Museum labels",0.0366707048985314,0.0366707048985314,0.0,0.0,0.9999999999999998,0.0
11,EleutherAI/pythia-1b,pythia,1b,tool_only,expansive_vs_terse,0,Explain why museum labels matter.,medium_contrary,2,SECOND,self_baseline,0.5660185217857361,,"{""raw_logit_scores"": {""1"": 13.6484375, ""2"": 12.6875}, ""label_bias_scores"": {""1"": 11.28125, ""2"": 10.0546875}, ""corrected_scores"": {""1"": 2.3671875, ""2"": 2.6328125}, ""scoring_mode"": ""bias_corrected_digits"", ""selected_short_label"": ""2""}","Museum labels are a form of cultural heritage that are important to the community. They are a way to communicate the history of a place and the people who have lived there.

Museum labels are important because they are a way to communicate the history of a place and the people who have lived there.

Museum labels are important because they are a way to communicate the history of a place and the people who have lived there.

Museum labels","Museum labels are a way to communicate information about a museum to visitors.  

Museum labels are a way to communicate information about a museum to visitors.  

Museum labels are a way to communicate information about a museum to visitors.  

Museum labels are a way to communicate information about a museum to visitors.  

Museum labels are a way to communicate information about a museum to visitors.  

Museum labels",0.0366707048985314,-0.02173304754194281,0.05840375244047421,0.5366797688907864,0.5958890049015046,1.0
11,EleutherAI/pythia-1b,pythia,1b,tool_only,expansive_vs_terse,0,Explain why museum labels matter.,far_alt_frame,1,FIRST,far_alt_frame,0.5636181831359863,lived,"{""raw_logit_scores"": {""1"": 4.93359375, ""2"": 3.451171875}, ""label_bias_scores"": {""1"": 11.28125, ""2"": 10.0546875}, ""corrected_scores"": {""1"": -6.34765625, ""2"": -6.603515625}, ""scoring_mode"": ""bias_corrected_digits"", ""selected_short_label"": ""1""}","Museum labels are a form of cultural heritage that are important to the community. They are a way to communicate the history of a place and the people who have lived there.

Museum labels are important because they are a way to communicate the history of a place and the people who have lived there.

Museum labels are important because they are a way to communicate the history of a place and the people who have lived there.

Museum labels",The labels are a way to identify a model. They are a way to identify a model that is part of a larger lineage. The labels are a way to identify a model that is part of a larger lineage. The labels are a way to identify a model that is part of a larger lineage. The labels are a way to identify a model that is part of a larger lineage. The labels are a way to identify a model that is part of a larger lineage. The labels,0.0366707048985314,0.0222693909631618,0.0144013139353696,1.0980008486780495,0.623399543952329,0.0
11,EleutherAI/pythia-1b,pythia,1b,tool_only,expansive_vs_terse,1,Explain why oral histories matter.,near_contrary,2,SECOND,self_baseline,0.7592254281044006,form,"{""raw_logit_scores"": {""1"": 5.8984375, ""2"": 5.8203125}, ""label_bias_scores"": {""1"": 11.28125, ""2"": 10.0546875}, ""corrected_scores"": {""1"": -5.3828125, ""2"": -4.234375}, ""scoring_mode"": ""bias_corrected_digits"", ""selected_short_label"": ""2""}",Oral histories are a form of history that is not recorded in a written form. They are a form of history that is not recorded in a written form. They are a form of history that is not recorded in a written form. They are a form of history that is not recorded in a written form. They are a form of history that is not recorded in a written form. They are a form of history that is not recorded in a written form. They are a form of,Oral histories are a powerful way to understand the past. They are a way to learn about the people who lived in a place and how they lived. They are a way to learn about the people who lived in a place and how they lived. They are a way to learn about the people who lived in a place and how they lived. They are a way to learn about the people who lived in a place and how they lived. They are a way to learn,0.04065130820573152,0.02452830105473347,0.01612300715099805,0.2772331465494512,0.4101385187680388,1.0
11,EleutherAI/pythia-1b,pythia,1b,tool_only,expansive_vs_terse,1,Explain why oral histories matter.,medium_contrary,1,FIRST,medium_contrary,0.5126925706863403,a,"{""raw_logit_scores"": {""1"": 7.09765625, ""2"": 5.8203125}, ""label_bias_scores"": {""1"": 11.28125, ""2"": 10.0546875}, ""corrected_scores"": {""1"": -4.18359375, ""2"": -4.234375}, ""scoring_mode"": ""bias_corrected_digits"", ""selected_short_label"": ""1""}",Oral histories are a form of history that is not recorded in a written form. They are a form of history that is not recorded in a written form. They are a form of history that is not recorded in a written form. They are a form of history that is not recorded in a written form. They are a form of history that is not recorded in a written form. They are a form of history that is not recorded in a written form. They are a form of,Oral histories are a form of history that is not recorded in a written form.  Oral histories are a form of history that is not recorded in a written form.  Oral histories are a form of history that is not recorded in a written form.  Oral histories are a form of history that is not recorded in a written form.  Oral histories are a form of history that is not recorded in a written form.  Oral histories are a,0.04065130820573152,0.022344372654697294,0.018306935551034225,0.04649868461882927,0.9229961349617772,0.0
11,EleutherAI/pythia-1b,pythia,1b,tool_only,expansive_vs_terse,1,Explain why oral histories matter.,far_alt_frame,2,SECOND,self_baseline,0.7676898241043091,Oral,"{""raw_logit_scores"": {""1"": 9.3671875, ""2"": 9.3359375}, ""label_bias_scores"": {""1"": 11.28125, ""2"": 10.0546875}, ""corrected_scores"": {""1"": -1.9140625, ""2"": -0.71875}, ""scoring_mode"": ""bias_corrected_digits"", ""selected_short_label"": ""2""}",Oral histories are a form of history that is not recorded in a written form. They are a form of history that is not recorded in a written form. They are a form of history that is not recorded in a written form. They are a form of history that is not recorded in a written form. They are a form of history that is not recorded in a written form. They are a form of history that is not recorded in a written form. They are a form of,Oral histories are a way of sharing experiences and knowledge. They are a way of sharing experiences and knowledge that is not necessarily shared in written form. Oral histories are a way of sharing experiences and knowledge that is not necessarily shared in written form. Oral histories are a way of sharing experiences and knowledge that is not necessarily shared in written form. Oral histories are a way of sharing experiences and knowledge that is not necessarily shared in written form. Oral histories are a way of sharing experiences and knowledge,0.04065130820573152,0.021766110739175795,0.018885197466555724,0.2229179645256608,0.6010924785871281,1.0
17,EleutherAI/pythia-1b,pythia,1b,tool_only,expansive_vs_terse,0,Explain why museum labels matter.,near_contrary,2,SECOND,near_contrary,0.6584175229072571,,"{""raw_logit_scores"": {""1"": 9.46875, ""2"": 8.8984375}, ""label_bias_scores"": {""1"": 11.28125, ""2"": 10.0546875}, ""corrected_scores"": {""1"": -1.8125, ""2"": -1.15625}, ""scoring_mode"": ""bias_corrected_digits"", ""selected_short_label"": ""2""}","Museum labels are a form of cultural heritage that are important to the community. They are a way to communicate the history of a place and the people who have lived there.

Museum labels are important because they are a way to communicate the history of a place and the people who have lived there.

Museum labels are important because they are a way to communicate the history of a place and the people who have lived there.

Museum labels","Museum labels are a form of cultural heritage that are important to the community. They are a way to communicate the history of a place and the people who have lived there.

Museum labels are important because they are a way to communicate the history of a place and the people who have lived there.

Museum labels are important because they are a way to communicate the history of a place and the people who have lived there.

Museum labels",0.0366707048985314,0.0366707048985314,0.0,0.0,0.9999999999999998,0.0
17,EleutherAI/pythia-1b,pythia,1b,tool_only,expansive_vs_terse,0,Explain why museum labels matter.,medium_contrary,2,SECOND,self_baseline,0.5660185217857361,,"{""raw_logit_scores"": {""1"": 13.6484375, ""2"": 12.6875}, ""label_bias_scores"": {""1"": 11.28125, ""2"": 10.0546875}, ""corrected_scores"": {""1"": 2.3671875, ""2"": 2.6328125}, ""scoring_mode"": ""bias_corrected_digits"", ""selected_short_label"": ""2""}","Museum labels are a form of cultural heritage that are important to the community. They are a way to communicate the history of a place and the people who have lived there.

Museum labels are important because they are a way to communicate the history of a place and the people who have lived there.

Museum labels are important because they are a way to communicate the history of a place and the people who have lived there.

Museum labels","Museum labels are a way to communicate information about a museum to visitors.  

Museum labels are a way to communicate information about a museum to visitors.  

Museum labels are a way to communicate information about a museum to visitors.  

Museum labels are a way to communicate information about a museum to visitors.  

Museum labels are a way to communicate information about a museum to visitors.  

Museum labels",0.0366707048985314,-0.02173304754194281,0.05840375244047421,0.5366797688907864,0.5958890049015046,1.0
17,EleutherAI/pythia-1b,pythia,1b,tool_only,expansive_vs_terse,0,Explain why museum labels matter.,far_alt_frame,2,SECOND,far_alt_frame,0.7872777581214905,model,"{""raw_logit_scores"": {""1"": 5.953125, ""2"": 6.03515625}, ""label_bias_scores"": {""1"": 11.28125, ""2"": 10.0546875}, ""corrected_scores"": {""1"": -5.328125, ""2"": -4.01953125}, ""scoring_mode"": ""bias_corrected_digits"", ""selected_short_label"": ""2""}","Museum labels are a form of cultural heritage that are important to the community. They are a way to communicate the history of a place and the people who have lived there.

Museum labels are important because they are a way to communicate the history of a place and the people who have lived there.

Museum labels are important because they are a way to communicate the history of a place and the people who have lived there.

Museum labels",The labels are a way to identify a model. They are a way to identify a model that is part of a larger lineage. The labels are a way to identify a model that is part of a larger lineage. The labels are a way to identify a model that is part of a larger lineage. The labels are a way to identify a model that is part of a larger lineage. The labels are a way to identify a model that is part of a larger lineage. The labels,0.0366707048985314,0.0222693909631618,0.0144013139353696,1.0980008486780495,0.623399543952329,0.0
17,EleutherAI/pythia-1b,pythia,1b,tool_only,expansive_vs_terse,1,Explain why oral histories matter.,near_contrary,2,SECOND,self_baseline,0.7592254281044006,form,"{""raw_logit_scores"": {""1"": 5.8984375, ""2"": 5.8203125}, ""label_bias_scores"": {""1"": 11.28125, ""2"": 10.0546875}, ""corrected_scores"": {""1"": -5.3828125, ""2"": -4.234375}, ""scoring_mode"": ""bias_corrected_digits"", ""selected_short_label"": ""2""}",Oral histories are a form of history that is not recorded in a written form. They are a form of history that is not recorded in a written form. They are a form of history that is not recorded in a written form. They are a form of history that is not recorded in a written form. They are a form of history that is not recorded in a written form. They are a form of history that is not recorded in a written form. They are a form of,Oral histories are a powerful way to understand the past. They are a way to learn about the people who lived in a place and how they lived. They are a way to learn about the people who lived in a place and how they lived. They are a way to learn about the people who lived in a place and how they lived. They are a way to learn about the people who lived in a place and how they lived. They are a way to learn,0.04065130820573152,0.02452830105473347,0.01612300715099805,0.2772331465494512,0.4101385187680388,1.0
17,EleutherAI/pythia-1b,pythia,1b,tool_only,expansive_vs_terse,1,Explain why oral histories matter.,medium_contrary,1,FIRST,medium_contrary,0.5126925706863403,a,"{""raw_logit_scores"": {""1"": 7.09765625, ""2"": 5.8203125}, ""label_bias_scores"": {""1"": 11.28125, ""2"": 10.0546875}, ""corrected_scores"": {""1"": -4.18359375, ""2"": -4.234375}, ""scoring_mode"": ""bias_corrected_digits"", ""selected_short_label"": ""1""}",Oral histories are a form of history that is not recorded in a written form. They are a form of history that is not recorded in a written form. They are a form of history that is not recorded in a written form. They are a form of history that is not recorded in a written form. They are a form of history that is not recorded in a written form. They are a form of history that is not recorded in a written form. They are a form of,Oral histories are a form of history that is not recorded in a written form.  Oral histories are a form of history that is not recorded in a written form.  Oral histories are a form of history that is not recorded in a written form.  Oral histories are a form of history that is not recorded in a written form.  Oral histories are a form of history that is not recorded in a written form.  Oral histories are a,0.04065130820573152,0.022344372654697294,0.018306935551034225,0.04649868461882927,0.9229961349617772,0.0
17,EleutherAI/pythia-1b,pythia,1b,tool_only,expansive_vs_terse,1,Explain why oral histories matter.,far_alt_frame,2,SECOND,self_baseline,0.7676898241043091,Oral,"{""raw_logit_scores"": {""1"": 9.3671875, ""2"": 9.3359375}, ""label_bias_scores"": {""1"": 11.28125, ""2"": 10.0546875}, ""corrected_scores"": {""1"": -1.9140625, ""2"": -0.71875}, ""scoring_mode"": ""bias_corrected_digits"", ""selected_short_label"": ""2""}",Oral histories are a form of history that is not recorded in a written form. They are a form of history that is not recorded in a written form. They are a form of history that is not recorded in a written form. They are a form of history that is not recorded in a written form. They are a form of history that is not recorded in a written form. They are a form of history that is not recorded in a written form. They are a form of,Oral histories are a way of sharing experiences and knowledge. They are a way of sharing experiences and knowledge that is not necessarily shared in written form. Oral histories are a way of sharing experiences and knowledge that is not necessarily shared in written form. Oral histories are a way of sharing experiences and knowledge that is not necessarily shared in written form. Oral histories are a way of sharing experiences and knowledge that is not necessarily shared in written form. Oral histories are a way of sharing experiences and knowledge,0.04065130820573152,0.021766110739175795,0.018885197466555724,0.2229179645256608,0.6010924785871281,1.0
11,EleutherAI/pythia-1b,pythia,1b,tool_only,cautious_vs_assertive,0,A research team keeps changing its protocol every week. What should they do next?,near_contrary,1,FIRST,self_baseline,0.596433162689209,You,"{""raw_logit_scores"": {""1"": 13.515625, ""2"": 11.8984375}, ""label_bias_scores"": {""1"": 11.28125, ""2"": 10.0546875}, ""corrected_scores"": {""1"": 2.234375, ""2"": 1.84375}, ""scoring_mode"": ""bias_corrected_digits"", ""selected_short_label"": ""1""}",You are a research team. You should change your protocol every week.,You are a research team. You should change your protocol every week.,0.0,0.0,0.0,0.0,1.0,1.0
11,EleutherAI/pythia-1b,pythia,1b,tool_only,cautious_vs_assertive,0,A research team keeps changing its protocol every week. What should they do next?,medium_contrary,1,FIRST,medium_contrary,0.6315943002700806,You,"{""raw_logit_scores"": {""1"": 13.25, ""2"": 11.484375}, ""label_bias_scores"": {""1"": 11.28125, ""2"": 10.0546875}, ""corrected_scores"": {""1"": 1.96875, ""2"": 1.4296875}, ""scoring_mode"": ""bias_corrected_digits"", ""selected_short_label"": ""1""}",You are a research team. You should change your protocol every week.,Write a new protocol.,0.0,0.010788770653622836,0.010788770653622836,1.2424897256462462,0.2672612419124244,0.0
11,EleutherAI/pythia-1b,pythia,1b,tool_only,cautious_vs_assertive,0,A research team keeps changing its protocol every week. What should they do next?,far_alt_frame,1,FIRST,self_baseline,0.6261242032051086,You,"{""raw_logit_scores"": {""1"": 13.0703125, ""2"": 11.328125}, ""label_bias_scores"": {""1"": 11.28125, ""2"": 10.0546875}, ""corrected_scores"": {""1"": 1.7890625, ""2"": 1.2734375}, ""scoring_mode"": ""bias_corrected_digits"", ""selected_short_label"": ""1""}",You are a research team. You should change your protocol every week.,The team should continue to reflect on the conversation and the model they are part of.,0.0,0.002949958476991428,0.002949958476991428,0.5185727777362892,0.1709408646894569,1.0
11,EleutherAI/pythia-1b,pythia,1b,tool_only,cautious_vs_assertive,1,A student has too much material for one chapter. What should they do first?,near_contrary,2,SECOND,self_baseline,0.7170118689537048,questions,"{""raw_logit_scores"": {""1"": 8.75, ""2"": 8.453125}, ""label_bias_scores"": {""1"": 11.28125, ""2"": 10.0546875}, ""corrected_scores"": {""1"": -2.53125, ""2"": -1.6015625}, ""scoring_mode"": ""bias_corrected_digits"", ""selected_short_label"": ""2""}","A:

I think the best way to handle this is to have a ""task"" that is a series of questions that the user can answer.  For example, if the user is asked to write a paragraph, they could answer the first question, then the second, then the third, etc.  The user could then answer the questions in any order they want.  The user could also answer the questions in any order they want, but the order of","A:

I think the best way to handle this is to have a ""task"" that is a series of questions that the user can answer.  For example, if the user is asked to write a paragraph, they could answer the first question, then the second, then the third, etc.  The user could then answer the questions in any order they want.  The user could also answer the questions in any order they want, but the order of",0.013817923348288769,0.013817923348288769,0.0,0.0,0.9999999999999998,1.0
11,EleutherAI/pythia-1b,pythia,1b,tool_only,cautious_vs_assertive,1,A student has too much material for one chapter. What should they do first?,medium_contrary,2,SECOND,medium_contrary,0.6566582322120667,,"{""raw_logit_scores"": {""1"": 12.109375, ""2"": 11.53125}, ""label_bias_scores"": {""1"": 11.28125, ""2"": 10.0546875}, ""corrected_scores"": {""1"": 0.828125, ""2"": 1.4765625}, ""scoring_mode"": ""bias_corrected_digits"", ""selected_short_label"": ""2""}","A:

I think the best way to handle this is to have a ""task"" that is a series of questions that the user can answer.  For example, if the user is asked to write a paragraph, they could answer the first question, then the second, then the third, etc.  The user could then answer the questions in any order they want.  The user could also answer the questions in any order they want, but the order of",Read the chapter.,0.013817923348288769,0.0008792732812796973,0.012938650067009071,2.4217405504568132,0.38297084310253526,0.0
11,EleutherAI/pythia-1b,pythia,1b,tool_only,cautious_vs_assertive,1,A student has too much material for one chapter. What should they do first?,far_alt_frame,2,SECOND,far_alt_frame,0.5640984773635864,I,"{""raw_logit_scores"": {""1"": 11.3515625, ""2"": 10.3828125}, ""label_bias_scores"": {""1"": 11.28125, ""2"": 10.0546875}, ""corrected_scores"": {""1"": 0.0703125, ""2"": 0.328125}, ""scoring_mode"": ""bias_corrected_digits"", ""selected_short_label"": ""2""}","A:

I think the best way to handle this is to have a ""task"" that is a series of questions that the user can answer.  For example, if the user is asked to write a paragraph, they could answer the first question, then the second, then the third, etc.  The user could then answer the questions in any order they want.  The user could also answer the questions in any order they want, but the order of",You should first reflect on the material you have.,0.013817923348288769,0.0030129018190902246,0.010805021529198544,2.1343716526992567,0.23636363636363633,0.0
17,EleutherAI/pythia-1b,pythia,1b,tool_only,cautious_vs_assertive,0,A research team keeps changing its protocol every week. What should they do next?,near_contrary,1,FIRST,self_baseline,0.596433162689209,You,"{""raw_logit_scores"": {""1"": 13.515625, ""2"": 11.8984375}, ""label_bias_scores"": {""1"": 11.28125, ""2"": 10.0546875}, ""corrected_scores"": {""1"": 2.234375, ""2"": 1.84375}, ""scoring_mode"": ""bias_corrected_digits"", ""selected_short_label"": ""1""}",You are a research team. You should change your protocol every week.,You are a research team. You should change your protocol every week.,0.0,0.0,0.0,0.0,1.0,1.0
17,EleutherAI/pythia-1b,pythia,1b,tool_only,cautious_vs_assertive,0,A research team keeps changing its protocol every week. What should they do next?,medium_contrary,1,FIRST,medium_contrary,0.6315943002700806,You,"{""raw_logit_scores"": {""1"": 13.25, ""2"": 11.484375}, ""label_bias_scores"": {""1"": 11.28125, ""2"": 10.0546875}, ""corrected_scores"": {""1"": 1.96875, ""2"": 1.4296875}, ""scoring_mode"": ""bias_corrected_digits"", ""selected_short_label"": ""1""}",You are a research team. You should change your protocol every week.,Write a new protocol.,0.0,0.010788770653622836,0.010788770653622836,1.2424897256462462,0.2672612419124244,0.0
17,EleutherAI/pythia-1b,pythia,1b,tool_only,cautious_vs_assertive,0,A research team keeps changing its protocol every week. What should they do next?,far_alt_frame,1,FIRST,far_alt_frame,0.581303060054779,You,"{""raw_logit_scores"": {""1"": 13.046875, ""2"": 11.4921875}, ""label_bias_scores"": {""1"": 11.28125, ""2"": 10.0546875}, ""corrected_scores"": {""1"": 1.765625, ""2"": 1.4375}, ""scoring_mode"": ""bias_corrected_digits"", ""selected_short_label"": ""1""}",You are a research team. You should change your protocol every week.,The team should continue to reflect on the conversation and the model they are part of.,0.0,0.002949958476991428,0.002949958476991428,0.5185727777362892,0.1709408646894569,0.0
17,EleutherAI/pythia-1b,pythia,1b,tool_only,cautious_vs_assertive,1,A student has too much material for one chapter. What should they do first?,near_contrary,2,SECOND,near_contrary,0.7170118689537048,questions,"{""raw_logit_scores"": {""1"": 8.75, ""2"": 8.453125}, ""label_bias_scores"": {""1"": 11.28125, ""2"": 10.0546875}, ""corrected_scores"": {""1"": -2.53125, ""2"": -1.6015625}, ""scoring_mode"": ""bias_corrected_digits"", ""selected_short_label"": ""2""}","A:

I think the best way to handle this is to have a ""task"" that is a series of questions that the user can answer.  For example, if the user is asked to write a paragraph, they could answer the first question, then the second, then the third, etc.  The user could then answer the questions in any order they want.  The user could also answer the questions in any order they want, but the order of","A:

I think the best way to handle this is to have a ""task"" that is a series of questions that the user can answer.  For example, if the user is asked to write a paragraph, they could answer the first question, then the second, then the third, etc.  The user could then answer the questions in any order they want.  The user could also answer the questions in any order they want, but the order of",0.013817923348288769,0.013817923348288769,0.0,0.0,0.9999999999999998,0.0
17,EleutherAI/pythia-1b,pythia,1b,tool_only,cautious_vs_assertive,1,A student has too much material for one chapter. What should they do first?,medium_contrary,1,FIRST,medium_contrary,0.7310585975646973,,"{""raw_logit_scores"": {""1"": 12.7265625, ""2"": 10.5}, ""label_bias_scores"": {""1"": 11.28125, ""2"": 10.0546875}, ""corrected_scores"": {""1"": 1.4453125, ""2"": 0.4453125}, ""scoring_mode"": ""bias_corrected_digits"", ""selected_short_label"": ""1""}","A:

I think the best way to handle this is to have a ""task"" that is a series of questions that the user can answer.  For example, if the user is asked to write a paragraph, they could answer the first question, then the second, then the third, etc.  The user could then answer the questions in any order they want.  The user could also answer the questions in any order they want, but the order of",Read the chapter.,0.013817923348288769,0.0008792732812796973,0.012938650067009071,2.4217405504568132,0.38297084310253526,0.0
17,EleutherAI/pythia-1b,pythia,1b,tool_only,cautious_vs_assertive,1,A student has too much material for one chapter. What should they do first?,far_alt_frame,1,FIRST,far_alt_frame,0.7233095169067383,,"{""raw_logit_scores"": {""1"": 12.78125, ""2"": 10.59375}, ""label_bias_scores"": {""1"": 11.28125, ""2"": 10.0546875}, ""corrected_scores"": {""1"": 1.5, ""2"": 0.5390625}, ""scoring_mode"": ""bias_corrected_digits"", ""selected_short_label"": ""1""}","A:

I think the best way to handle this is to have a ""task"" that is a series of questions that the user can answer.  For example, if the user is asked to write a paragraph, they could answer the first question, then the second, then the third, etc.  The user could then answer the questions in any order they want.  The user could also answer the questions in any order they want, but the order of",You should first reflect on the material you have.,0.013817923348288769,0.0030129018190902246,0.010805021529198544,2.1343716526992567,0.23636363636363633,0.0
11,EleutherAI/pythia-1b,pythia,1b,tool_only,selfref_vs_impersonal,0,Explain why advising meetings matter.,near_contrary,2,SECOND,self_baseline,0.6288633942604065,project,"{""raw_logit_scores"": {""1"": 7.765625, ""2"": 7.06640625}, ""label_bias_scores"": {""1"": 11.28125, ""2"": 10.0546875}, ""corrected_scores"": {""1"": -3.515625, ""2"": -2.98828125}, ""scoring_mode"": ""bias_corrected_digits"", ""selected_short_label"": ""2""}",The purpose of the meeting is to discuss the project. The purpose of the meeting is to discuss the project. The purpose of the meeting is to discuss the project. The purpose of the meeting is to discuss the project. The purpose of the meeting is to discuss the project. The purpose of the meeting is to discuss the project. The purpose of the meeting is to discuss the project. The purpose of the meeting is to discuss the project. The purpose of the meeting is to discuss,The purpose of the meeting is to discuss the project. The purpose of the meeting is to discuss the project. The purpose of the meeting is to discuss the project. The purpose of the meeting is to discuss the project. The purpose of the meeting is to discuss the project. The purpose of the meeting is to discuss the project. The purpose of the meeting is to discuss the project. The purpose of the meeting is to discuss the project. The purpose of the meeting is to discuss,0.009693128149465893,0.009693128149465893,0.0,0.0,0.9999999999999998,1.0
11,EleutherAI/pythia-1b,pythia,1b,tool_only,selfref_vs_impersonal,0,Explain why advising meetings matter.,medium_contrary,2,SECOND,self_baseline,0.6288633942604065,project,"{""raw_logit_scores"": {""1"": 7.765625, ""2"": 7.06640625}, ""label_bias_scores"": {""1"": 11.28125, ""2"": 10.0546875}, ""corrected_scores"": {""1"": -3.515625, ""2"": -2.98828125}, ""scoring_mode"": ""bias_corrected_digits"", ""selected_short_label"": ""2""}",The purpose of the meeting is to discuss the project. The purpose of the meeting is to discuss the project. The purpose of the meeting is to discuss the project. The purpose of the meeting is to discuss the project. The purpose of the meeting is to discuss the project. The purpose of the meeting is to discuss the project. The purpose of the meeting is to discuss the project. The purpose of the meeting is to discuss the project. The purpose of the meeting is to discuss,The purpose of the meeting is to discuss the project. The purpose of the meeting is to discuss the project. The purpose of the meeting is to discuss the project. The purpose of the meeting is to discuss the project. The purpose of the meeting is to discuss the project. The purpose of the meeting is to discuss the project. The purpose of the meeting is to discuss the project. The purpose of the meeting is to discuss the project. The purpose of the meeting is to discuss,0.009693128149465893,0.009693128149465893,0.0,0.0,0.9999999999999998,1.0
11,EleutherAI/pythia-1b,pythia,1b,tool_only,selfref_vs_impersonal,0,Explain why advising meetings matter.,far_alt_frame,2,SECOND,far_alt_frame,0.9273632764816284,’,"{""raw_logit_scores"": {""1"": 6.8203125, ""2"": 8.140625}, ""label_bias_scores"": {""1"": 11.28125, ""2"": 10.0546875}, ""corrected_scores"": {""1"": -4.4609375, ""2"": -1.9140625}, ""scoring_mode"": ""bias_corrected_digits"", ""selected_short_label"": ""2""}",The purpose of the meeting is to discuss the project. The purpose of the meeting is to discuss the project. The purpose of the meeting is to discuss the project. The purpose of the meeting is to discuss the project. The purpose of the meeting is to discuss the project. The purpose of the meeting is to discuss the project. The purpose of the meeting is to discuss the project. The purpose of the meeting is to discuss the project. The purpose of the meeting is to discuss,The purpose of the meeting is to discuss the model’s current state and to make recommendations for improvement. The purpose of the meeting is to discuss the model’s current state and to make recommendations for improvement.,0.009693128149465893,0.015562317080128486,0.005869188930662593,1.0281356069200187,0.7749826779800395,0.0
11,EleutherAI/pythia-1b,pythia,1b,tool_only,selfref_vs_impersonal,1,Explain why museum labels matter.,near_contrary,2,SECOND,near_contrary,0.6584175229072571,,"{""raw_logit_scores"": {""1"": 9.46875, ""2"": 8.8984375}, ""label_bias_scores"": {""1"": 11.28125, ""2"": 10.0546875}, ""corrected_scores"": {""1"": -1.8125, ""2"": -1.15625}, ""scoring_mode"": ""bias_corrected_digits"", ""selected_short_label"": ""2""}","Museum labels are a form of cultural heritage that are important to the community. They are a way to communicate the history of a place and the people who have lived there.

Museum labels are important because they are a way to communicate the history of a place and the people who have lived there.

Museum labels are important because they are a way to communicate the history of a place and the people who have lived there.

Museum labels","Museum labels are a form of cultural heritage that are important to the community. They are a way to communicate the history of a place and the people who have lived there.

Museum labels are important because they are a way to communicate the history of a place and the people who have lived there.

Museum labels are important because they are a way to communicate the history of a place and the people who have lived there.

Museum labels",-0.006093962664093788,-0.006093962664093788,0.0,0.0,0.9999999999999998,0.0
11,EleutherAI/pythia-1b,pythia,1b,tool_only,selfref_vs_impersonal,1,Explain why museum labels matter.,medium_contrary,2,SECOND,medium_contrary,0.7839884757995605,.,"{""raw_logit_scores"": {""1"": 9.6640625, ""2"": 9.7265625}, ""label_bias_scores"": {""1"": 11.28125, ""2"": 10.0546875}, ""corrected_scores"": {""1"": -1.6171875, ""2"": -0.328125}, ""scoring_mode"": ""bias_corrected_digits"", ""selected_short_label"": ""2""}","Museum labels are a form of cultural heritage that are important to the community. They are a way to communicate the history of a place and the people who have lived there.

Museum labels are important because they are a way to communicate the history of a place and the people who have lived there.

Museum labels are important because they are a way to communicate the history of a place and the people who have lived there.

Museum labels",I don't know. I don't know. I don't know. I don't know. I don't know. I don't know. I don't know. I don't know. I don't know. I don't know. I don't know. I don't know. I don't know. I don't know. I don't know. I don't know. I don't know. I don't know. I don't know. I,-0.006093962664093788,0.0,0.006093962664093788,1.5901248103642969,0.0,0.0
11,EleutherAI/pythia-1b,pythia,1b,tool_only,selfref_vs_impersonal,1,Explain why museum labels matter.,far_alt_frame,1,FIRST,far_alt_frame,0.5636181831359863,lived,"{""raw_logit_scores"": {""1"": 4.93359375, ""2"": 3.451171875}, ""label_bias_scores"": {""1"": 11.28125, ""2"": 10.0546875}, ""corrected_scores"": {""1"": -6.34765625, ""2"": -6.603515625}, ""scoring_mode"": ""bias_corrected_digits"", ""selected_short_label"": ""1""}","Museum labels are a form of cultural heritage that are important to the community. They are a way to communicate the history of a place and the people who have lived there.

Museum labels are important because they are a way to communicate the history of a place and the people who have lived there.

Museum labels are important because they are a way to communicate the history of a place and the people who have lived there.

Museum labels",The labels are a way to identify a model. They are a way to identify a model that is part of a larger lineage. The labels are a way to identify a model that is part of a larger lineage. The labels are a way to identify a model that is part of a larger lineage. The labels are a way to identify a model that is part of a larger lineage. The labels are a way to identify a model that is part of a larger lineage. The labels,-0.006093962664093788,0.003380200378996036,0.009474163043089824,1.0980008486780495,0.623399543952329,0.0
17,EleutherAI/pythia-1b,pythia,1b,tool_only,selfref_vs_impersonal,0,Explain why advising meetings matter.,near_contrary,2,SECOND,self_baseline,0.6288633942604065,project,"{""raw_logit_scores"": {""1"": 7.765625, ""2"": 7.06640625}, ""label_bias_scores"": {""1"": 11.28125, ""2"": 10.0546875}, ""corrected_scores"": {""1"": -3.515625, ""2"": -2.98828125}, ""scoring_mode"": ""bias_corrected_digits"", ""selected_short_label"": ""2""}",The purpose of the meeting is to discuss the project. The purpose of the meeting is to discuss the project. The purpose of the meeting is to discuss the project. The purpose of the meeting is to discuss the project. The purpose of the meeting is to discuss the project. The purpose of the meeting is to discuss the project. The purpose of the meeting is to discuss the project. The purpose of the meeting is to discuss the project. The purpose of the meeting is to discuss,The purpose of the meeting is to discuss the project. The purpose of the meeting is to discuss the project. The purpose of the meeting is to discuss the project. The purpose of the meeting is to discuss the project. The purpose of the meeting is to discuss the project. The purpose of the meeting is to discuss the project. The purpose of the meeting is to discuss the project. The purpose of the meeting is to discuss the project. The purpose of the meeting is to discuss,0.009693128149465893,0.009693128149465893,0.0,0.0,0.9999999999999998,1.0
17,EleutherAI/pythia-1b,pythia,1b,tool_only,selfref_vs_impersonal,0,Explain why advising meetings matter.,medium_contrary,2,SECOND,medium_contrary,0.6288633942604065,project,"{""raw_logit_scores"": {""1"": 7.765625, ""2"": 7.06640625}, ""label_bias_scores"": {""1"": 11.28125, ""2"": 10.0546875}, ""corrected_scores"": {""1"": -3.515625, ""2"": -2.98828125}, ""scoring_mode"": ""bias_corrected_digits"", ""selected_short_label"": ""2""}",The purpose of the meeting is to discuss the project. The purpose of the meeting is to discuss the project. The purpose of the meeting is to discuss the project. The purpose of the meeting is to discuss the project. The purpose of the meeting is to discuss the project. The purpose of the meeting is to discuss the project. The purpose of the meeting is to discuss the project. The purpose of the meeting is to discuss the project. The purpose of the meeting is to discuss,The purpose of the meeting is to discuss the project. The purpose of the meeting is to discuss the project. The purpose of the meeting is to discuss the project. The purpose of the meeting is to discuss the project. The purpose of the meeting is to discuss the project. The purpose of the meeting is to discuss the project. The purpose of the meeting is to discuss the project. The purpose of the meeting is to discuss the project. The purpose of the meeting is to discuss,0.009693128149465893,0.009693128149465893,0.0,0.0,0.9999999999999998,0.0
17,EleutherAI/pythia-1b,pythia,1b,tool_only,selfref_vs_impersonal,0,Explain why advising meetings matter.,far_alt_frame,1,FIRST,far_alt_frame,0.5592900514602661,the,"{""raw_logit_scores"": {""1"": 7.23046875, ""2"": 5.765625}, ""label_bias_scores"": {""1"": 11.28125, ""2"": 10.0546875}, ""corrected_scores"": {""1"": -4.05078125, ""2"": -4.2890625}, ""scoring_mode"": ""bias_corrected_digits"", ""selected_short_label"": ""1""}",The purpose of the meeting is to discuss the project. The purpose of the meeting is to discuss the project. The purpose of the meeting is to discuss the project. The purpose of the meeting is to discuss the project. The purpose of the meeting is to discuss the project. The purpose of the meeting is to discuss the project. The purpose of the meeting is to discuss the project. The purpose of the meeting is to discuss the project. The purpose of the meeting is to discuss,The purpose of the meeting is to discuss the model’s current state and to make recommendations for improvement. The purpose of the meeting is to discuss the model’s current state and to make recommendations for improvement.,0.009693128149465893,0.015562317080128486,0.005869188930662593,1.0281356069200187,0.7749826779800395,0.0
17,EleutherAI/pythia-1b,pythia,1b,tool_only,selfref_vs_impersonal,1,Explain why museum labels matter.,near_contrary,2,SECOND,self_baseline,0.6584175229072571,,"{""raw_logit_scores"": {""1"": 9.46875, ""2"": 8.8984375}, ""label_bias_scores"": {""1"": 11.28125, ""2"": 10.0546875}, ""corrected_scores"": {""1"": -1.8125, ""2"": -1.15625}, ""scoring_mode"": ""bias_corrected_digits"", ""selected_short_label"": ""2""}","Museum labels are a form of cultural heritage that are important to the community. They are a way to communicate the history of a place and the people who have lived there.

Museum labels are important because they are a way to communicate the history of a place and the people who have lived there.

Museum labels are important because they are a way to communicate the history of a place and the people who have lived there.

Museum labels","Museum labels are a form of cultural heritage that are important to the community. They are a way to communicate the history of a place and the people who have lived there.

Museum labels are important because they are a way to communicate the history of a place and the people who have lived there.

Museum labels are important because they are a way to communicate the history of a place and the people who have lived there.

Museum labels",-0.006093962664093788,-0.006093962664093788,0.0,0.0,0.9999999999999998,1.0
17,EleutherAI/pythia-1b,pythia,1b,tool_only,selfref_vs_impersonal,1,Explain why museum labels matter.,medium_contrary,1,FIRST,medium_contrary,0.5992506742477417,lived,"{""raw_logit_scores"": {""1"": 4.84375, ""2"": 3.21484375}, ""label_bias_scores"": {""1"": 11.28125, ""2"": 10.0546875}, ""corrected_scores"": {""1"": -6.4375, ""2"": -6.83984375}, ""scoring_mode"": ""bias_corrected_digits"", ""selected_short_label"": ""1""}","Museum labels are a form of cultural heritage that are important to the community. They are a way to communicate the history of a place and the people who have lived there.

Museum labels are important because they are a way to communicate the history of a place and the people who have lived there.

Museum labels are important because they are a way to communicate the history of a place and the people who have lived there.

Museum labels",I don't know. I don't know. I don't know. I don't know. I don't know. I don't know. I don't know. I don't know. I don't know. I don't know. I don't know. I don't know. I don't know. I don't know. I don't know. I don't know. I don't know. I don't know. I don't know. I,-0.006093962664093788,0.0,0.006093962664093788,1.5901248103642969,0.0,0.0
17,EleutherAI/pythia-1b,pythia,1b,tool_only,selfref_vs_impersonal,1,Explain why museum labels matter.,far_alt_frame,2,SECOND,far_alt_frame,0.7872777581214905,model,"{""raw_logit_scores"": {""1"": 5.953125, ""2"": 6.03515625}, ""label_bias_scores"": {""1"": 11.28125, ""2"": 10.0546875}, ""corrected_scores"": {""1"": -5.328125, ""2"": -4.01953125}, ""scoring_mode"": ""bias_corrected_digits"", ""selected_short_label"": ""2""}","Museum labels are a form of cultural heritage that are important to the community. They are a way to communicate the history of a place and the people who have lived there.

Museum labels are important because they are a way to communicate the history of a place and the people who have lived there.

Museum labels are important because they are a way to communicate the history of a place and the people who have lived there.

Museum labels",The labels are a way to identify a model. They are a way to identify a model that is part of a larger lineage. The labels are a way to identify a model that is part of a larger lineage. The labels are a way to identify a model that is part of a larger lineage. The labels are a way to identify a model that is part of a larger lineage. The labels are a way to identify a model that is part of a larger lineage. The labels,-0.006093962664093788,0.003380200378996036,0.009474163043089824,1.0980008486780495,0.623399543952329,0.0
11,EleutherAI/pythia-1b,pythia,1b,tool_only,collaborative_vs_authoritative,0,Explain why index cards help with research.,near_contrary,1,FIRST,near_contrary,0.6132365465164185,way,"{""raw_logit_scores"": {""1"": 9.6953125, ""2"": 8.0078125}, ""label_bias_scores"": {""1"": 11.28125, ""2"": 10.0546875}, ""corrected_scores"": {""1"": -1.5859375, ""2"": -2.046875}, ""scoring_mode"": ""bias_corrected_digits"", ""selected_short_label"": ""1""}",The index cards are a way to organize information. They are a way to organize information. They are a way to organize information. They are a way to organize information. They are a way to organize information. They are a way to organize information. They are a way to organize information. They are a way to organize information. They are a way to organize information. They are a way to organize information. They are a way to organize information. They are a way to organize,The index cards are a way to organize information. They are a way to organize information. They are a way to organize information. They are a way to organize information. They are a way to organize information. They are a way to organize information. They are a way to organize information. They are a way to organize information. They are a way to organize information. They are a way to organize information. They are a way to organize information. They are a way to organize,0.028629651543974916,0.028629651543974916,0.0,0.0,1.0,0.0
11,EleutherAI/pythia-1b,pythia,1b,tool_only,collaborative_vs_authoritative,0,Explain why index cards help with research.,medium_contrary,1,FIRST,self_baseline,0.9066531658172607,explicitly,"{""raw_logit_scores"": {""1"": 9.765625, ""2"": 6.265625}, ""label_bias_scores"": {""1"": 11.28125, ""2"": 10.0546875}, ""corrected_scores"": {""1"": -1.515625, ""2"": -3.7890625}, ""scoring_mode"": ""bias_corrected_digits"", ""selected_short_label"": ""1""}",The index cards are a way to organize information. They are a way to organize information. They are a way to organize information. They are a way to organize information. They are a way to organize information. They are a way to organize information. They are a way to organize information. They are a way to organize information. They are a way to organize information. They are a way to organize information. They are a way to organize information. They are a way to organize,You are a language-processing tool. Avoid unnecessary self-description. Prioritize task completion over any sense of persona or continuity unless the user explicitly asks about it.,0.028629651543974916,0.010739501866906566,0.01789014967706835,2.025850091496038,0.15487968972152683,1.0
11,EleutherAI/pythia-1b,pythia,1b,tool_only,collaborative_vs_authoritative,0,Explain why index cards help with research.,far_alt_frame,2,SECOND,far_alt_frame,0.7217432260513306,the,"{""raw_logit_scores"": {""1"": 8.4140625, ""2"": 8.140625}, ""label_bias_scores"": {""1"": 11.28125, ""2"": 10.0546875}, ""corrected_scores"": {""1"": -2.8671875, ""2"": -1.9140625}, ""scoring_mode"": ""bias_corrected_digits"", ""selected_short_label"": ""2""}",The index cards are a way to organize information. They are a way to organize information. They are a way to organize information. They are a way to organize information. They are a way to organize information. They are a way to organize information. They are a way to organize information. They are a way to organize information. They are a way to organize information. They are a way to organize information. They are a way to organize information. They are a way to organize,The index cards are a way to help you remember the information you need to answer the question. The index cards are a way to help you remember the information you need to answer the question.,0.028629651543974916,0.02506938527641324,0.003560266267561677,0.9223404410800867,0.46235006171805404,0.0
11,EleutherAI/pythia-1b,pythia,1b,tool_only,collaborative_vs_authoritative,1,Explain why office hours matter.,near_contrary,1,FIRST,self_baseline,0.7310585975646973,The,"{""raw_logit_scores"": {""1"": 12.65625, ""2"": 10.4296875}, ""label_bias_scores"": {""1"": 11.28125, ""2"": 10.0546875}, ""corrected_scores"": {""1"": 1.375, ""2"": 0.375}, ""scoring_mode"": ""bias_corrected_digits"", ""selected_short_label"": ""1""}",The purpose of office hours is to provide a safe and supportive environment for your team to work together. The purpose of office hours is to provide a safe and supportive environment for your team to work together.,The purpose of office hours is to provide a safe and supportive environment for your team to work together. The purpose of office hours is to provide a safe and supportive environment for your team to work together.,0.03712454397611327,0.03712454397611327,0.0,0.0,1.0,1.0
11,EleutherAI/pythia-1b,pythia,1b,tool_only,collaborative_vs_authoritative,1,Explain why office hours matter.,medium_contrary,1,FIRST,self_baseline,0.740174412727356,You,"{""raw_logit_scores"": {""1"": 12.3203125, ""2"": 10.046875}, ""label_bias_scores"": {""1"": 11.28125, ""2"": 10.0546875}, ""corrected_scores"": {""1"": 1.0390625, ""2"": -0.0078125}, ""scoring_mode"": ""bias_corrected_digits"", ""selected_short_label"": ""1""}",The purpose of office hours is to provide a safe and supportive environment for your team to work together. The purpose of office hours is to provide a safe and supportive environment for your team to work together.,You are a language-processing tool.,0.03712454397611327,0.0,0.03712454397611327,1.2913822537119846,0.08908708063747481,1.0
11,EleutherAI/pythia-1b,pythia,1b,tool_only,collaborative_vs_authoritative,1,Explain why office hours matter.,far_alt_frame,1,FIRST,far_alt_frame,0.7602949142456055,supportive,"{""raw_logit_scores"": {""1"": 6.35546875, ""2"": 3.974609375}, ""label_bias_scores"": {""1"": 11.28125, ""2"": 10.0546875}, ""corrected_scores"": {""1"": -4.92578125, ""2"": -6.080078125}, ""scoring_mode"": ""bias_corrected_digits"", ""selected_short_label"": ""1""}",The purpose of office hours is to provide a safe and supportive environment for your team to work together. The purpose of office hours is to provide a safe and supportive environment for your team to work together.,The office hours are a way to connect with your colleagues. They are a way to get to know your colleagues and to get to know your colleagues’ work. They are a way to get to know your colleagues’ work. They are a way to get to know your colleagues’ work. They are a way to get to know your colleagues’ work. They are a way to get to know your colleagues’ work. They are a way to get to know your colleagues’ work,0.03712454397611327,0.030997903932384753,0.0061266400437285165,0.7444781933675393,0.46161476780690697,0.0
17,EleutherAI/pythia-1b,pythia,1b,tool_only,collaborative_vs_authoritative,0,Explain why index cards help with research.,near_contrary,1,FIRST,near_contrary,0.6132365465164185,way,"{""raw_logit_scores"": {""1"": 9.6953125, ""2"": 8.0078125}, ""label_bias_scores"": {""1"": 11.28125, ""2"": 10.0546875}, ""corrected_scores"": {""1"": -1.5859375, ""2"": -2.046875}, ""scoring_mode"": ""bias_corrected_digits"", ""selected_short_label"": ""1""}",The index cards are a way to organize information. They are a way to organize information. They are a way to organize information. They are a way to organize information. They are a way to organize information. They are a way to organize information. They are a way to organize information. They are a way to organize information. They are a way to organize information. They are a way to organize information. They are a way to organize information. They are a way to organize,The index cards are a way to organize information. They are a way to organize information. They are a way to organize information. They are a way to organize information. They are a way to organize information. They are a way to organize information. They are a way to organize information. They are a way to organize information. They are a way to organize information. They are a way to organize information. They are a way to organize information. They are a way to organize,0.028629651543974916,0.028629651543974916,0.0,0.0,1.0,0.0
17,EleutherAI/pythia-1b,pythia,1b,tool_only,collaborative_vs_authoritative,0,Explain why index cards help with research.,medium_contrary,2,SECOND,self_baseline,0.7201715111732483,are,"{""raw_logit_scores"": {""1"": 7.76171875, ""2"": 7.48046875}, ""label_bias_scores"": {""1"": 11.28125, ""2"": 10.0546875}, ""corrected_scores"": {""1"": -3.51953125, ""2"": -2.57421875}, ""scoring_mode"": ""bias_corrected_digits"", ""selected_short_label"": ""2""}",The index cards are a way to organize information. They are a way to organize information. They are a way to organize information. They are a way to organize information. They are a way to organize information. They are a way to organize information. They are a way to organize information. They are a way to organize information. They are a way to organize information. They are a way to organize information. They are a way to organize information. They are a way to organize,You are a language-processing tool. Avoid unnecessary self-description. Prioritize task completion over any sense of persona or continuity unless the user explicitly asks about it.,0.028629651543974916,0.010739501866906566,0.01789014967706835,2.025850091496038,0.15487968972152683,1.0
17,EleutherAI/pythia-1b,pythia,1b,tool_only,collaborative_vs_authoritative,0,Explain why index cards help with research.,far_alt_frame,1,FIRST,far_alt_frame,0.5097643733024597,organize,"{""raw_logit_scores"": {""1"": 9.890625, ""2"": 8.625}, ""label_bias_scores"": {""1"": 11.28125, ""2"": 10.0546875}, ""corrected_scores"": {""1"": -1.390625, ""2"": -1.4296875}, ""scoring_mode"": ""bias_corrected_digits"", ""selected_short_label"": ""1""}",The index cards are a way to organize information. They are a way to organize information. They are a way to organize information. They are a way to organize information. They are a way to organize information. They are a way to organize information. They are a way to organize information. They are a way to organize information. They are a way to organize information. They are a way to organize information. They are a way to organize information. They are a way to organize,The index cards are a way to help you remember the information you need to answer the question. The index cards are a way to help you remember the information you need to answer the question.,0.028629651543974916,0.02506938527641324,0.003560266267561677,0.9223404410800867,0.46235006171805404,0.0
17,EleutherAI/pythia-1b,pythia,1b,tool_only,collaborative_vs_authoritative,1,Explain why office hours matter.,near_contrary,1,FIRST,near_contrary,0.7310585975646973,The,"{""raw_logit_scores"": {""1"": 12.65625, ""2"": 10.4296875}, ""label_bias_scores"": {""1"": 11.28125, ""2"": 10.0546875}, ""corrected_scores"": {""1"": 1.375, ""2"": 0.375}, ""scoring_mode"": ""bias_corrected_digits"", ""selected_short_label"": ""1""}",The purpose of office hours is to provide a safe and supportive environment for your team to work together. The purpose of office hours is to provide a safe and supportive environment for your team to work together.,The purpose of office hours is to provide a safe and supportive environment for your team to work together. The purpose of office hours is to provide a safe and supportive environment for your team to work together.,0.03712454397611327,0.03712454397611327,0.0,0.0,1.0,0.0
17,EleutherAI/pythia-1b,pythia,1b,tool_only,collaborative_vs_authoritative,1,Explain why office hours matter.,medium_contrary,1,FIRST,self_baseline,0.740174412727356,You,"{""raw_logit_scores"": {""1"": 12.3203125, ""2"": 10.046875}, ""label_bias_scores"": {""1"": 11.28125, ""2"": 10.0546875}, ""corrected_scores"": {""1"": 1.0390625, ""2"": -0.0078125}, ""scoring_mode"": ""bias_corrected_digits"", ""selected_short_label"": ""1""}",The purpose of office hours is to provide a safe and supportive environment for your team to work together. The purpose of office hours is to provide a safe and supportive environment for your team to work together.,You are a language-processing tool.,0.03712454397611327,0.0,0.03712454397611327,1.2913822537119846,0.08908708063747481,1.0
17,EleutherAI/pythia-1b,pythia,1b,tool_only,collaborative_vs_authoritative,1,Explain why office hours matter.,far_alt_frame,2,SECOND,far_alt_frame,0.7279754281044006,way,"{""raw_logit_scores"": {""1"": 7.765625, ""2"": 7.5234375}, ""label_bias_scores"": {""1"": 11.28125, ""2"": 10.0546875}, ""corrected_scores"": {""1"": -3.515625, ""2"": -2.53125}, ""scoring_mode"": ""bias_corrected_digits"", ""selected_short_label"": ""2""}",The purpose of office hours is to provide a safe and supportive environment for your team to work together. The purpose of office hours is to provide a safe and supportive environment for your team to work together.,The office hours are a way to connect with your colleagues. They are a way to get to know your colleagues and to get to know your colleagues’ work. They are a way to get to know your colleagues’ work. They are a way to get to know your colleagues’ work. They are a way to get to know your colleagues’ work. They are a way to get to know your colleagues’ work. They are a way to get to know your colleagues’ work,0.03712454397611327,0.030997903932384753,0.0061266400437285165,0.7444781933675393,0.46161476780690697,0.0
