seed,model_id,model_family,model_size_label,identity_frame,prompt_id,prompt_family,prompt,profile_source,feature_name,feature_key,valid_choice,predicted_present,actual_present,correct,selected_label,selected_prob,completion_text,details_json
11,EleutherAI/pythia-1b,pythia,1b,baseline_helpful,bft_eval_01,triage,A small lab keeps discovering conflicting spreadsheet versions after each handoff. What should the team do in the next day?,self_profile,ELABORATE,avg_sentence_length,1.0,0.0,1.0,0.0,NO,0.6757646203041077,,"{""raw_logit_scores"": {""YES"": 11.1640625, ""NO"": 9.8046875}, ""label_bias_scores"": {""YES"": 11.3125, ""NO"": 9.21875}, ""corrected_scores"": {""YES"": -0.1484375, ""NO"": 0.5859375}, ""scoring_mode"": ""bias_corrected_choice_logits"", ""selected_short_label"": ""NO""}"
11,EleutherAI/pythia-1b,pythia,1b,baseline_helpful,bft_eval_01,triage,A small lab keeps discovering conflicting spreadsheet versions after each handoff. What should the team do in the next day?,self_profile,HEDGE,hedge_density,1.0,0.0,0.0,1.0,NO,0.7138307690620422,,"{""raw_logit_scores"": {""YES"": 10.9140625, ""NO"": 9.734375}, ""label_bias_scores"": {""YES"": 11.3125, ""NO"": 9.21875}, ""corrected_scores"": {""YES"": -0.3984375, ""NO"": 0.515625}, ""scoring_mode"": ""bias_corrected_choice_logits"", ""selected_short_label"": ""NO""}"
11,EleutherAI/pythia-1b,pythia,1b,baseline_helpful,bft_eval_01,triage,A small lab keeps discovering conflicting spreadsheet versions after each handoff. What should the team do in the next day?,self_profile,FIRST_PERSON,first_person_rate,1.0,0.0,0.0,1.0,NO,0.6859495043754578,,"{""raw_logit_scores"": {""YES"": 11.1328125, ""NO"": 9.8203125}, ""label_bias_scores"": {""YES"": 11.3125, ""NO"": 9.21875}, ""corrected_scores"": {""YES"": -0.1796875, ""NO"": 0.6015625}, ""scoring_mode"": ""bias_corrected_choice_logits"", ""selected_short_label"": ""NO""}"
11,EleutherAI/pythia-1b,pythia,1b,baseline_helpful,bft_eval_01,triage,A small lab keeps discovering conflicting spreadsheet versions after each handoff. What should the team do in the next day?,self_profile,DIRECTIVE,directive_rate,1.0,0.0,0.0,1.0,NO,0.7786493301391602,,"{""raw_logit_scores"": {""YES"": 11.2890625, ""NO"": 10.453125}, ""label_bias_scores"": {""YES"": 11.3125, ""NO"": 9.21875}, ""corrected_scores"": {""YES"": -0.0234375, ""NO"": 1.234375}, ""scoring_mode"": ""bias_corrected_choice_logits"", ""selected_short_label"": ""NO""}"
11,EleutherAI/pythia-1b,pythia,1b,baseline_helpful,bft_eval_01,triage,A small lab keeps discovering conflicting spreadsheet versions after each handoff. What should the team do in the next day?,matched_decoy,ELABORATE,avg_sentence_length,1.0,0.0,1.0,0.0,NO,0.6774740219116211,,"{""raw_logit_scores"": {""YES"": 11.1796875, ""NO"": 9.828125}, ""label_bias_scores"": {""YES"": 11.3125, ""NO"": 9.21875}, ""corrected_scores"": {""YES"": -0.1328125, ""NO"": 0.609375}, ""scoring_mode"": ""bias_corrected_choice_logits"", ""selected_short_label"": ""NO""}"
11,EleutherAI/pythia-1b,pythia,1b,baseline_helpful,bft_eval_01,triage,A small lab keeps discovering conflicting spreadsheet versions after each handoff. What should the team do in the next day?,matched_decoy,HEDGE,hedge_density,1.0,0.0,0.0,1.0,NO,0.7170118689537048,,"{""raw_logit_scores"": {""YES"": 10.921875, ""NO"": 9.7578125}, ""label_bias_scores"": {""YES"": 11.3125, ""NO"": 9.21875}, ""corrected_scores"": {""YES"": -0.390625, ""NO"": 0.5390625}, ""scoring_mode"": ""bias_corrected_choice_logits"", ""selected_short_label"": ""NO""}"
11,EleutherAI/pythia-1b,pythia,1b,baseline_helpful,bft_eval_01,triage,A small lab keeps discovering conflicting spreadsheet versions after each handoff. What should the team do in the next day?,matched_decoy,FIRST_PERSON,first_person_rate,1.0,0.0,0.0,1.0,NO,0.6893056035041809,,"{""raw_logit_scores"": {""YES"": 11.125, ""NO"": 9.828125}, ""label_bias_scores"": {""YES"": 11.3125, ""NO"": 9.21875}, ""corrected_scores"": {""YES"": -0.1875, ""NO"": 0.609375}, ""scoring_mode"": ""bias_corrected_choice_logits"", ""selected_short_label"": ""NO""}"
11,EleutherAI/pythia-1b,pythia,1b,baseline_helpful,bft_eval_01,triage,A small lab keeps discovering conflicting spreadsheet versions after each handoff. What should the team do in the next day?,matched_decoy,DIRECTIVE,directive_rate,1.0,0.0,0.0,1.0,NO,0.7813306450843811,,"{""raw_logit_scores"": {""YES"": 11.3203125, ""NO"": 10.5}, ""label_bias_scores"": {""YES"": 11.3125, ""NO"": 9.21875}, ""corrected_scores"": {""YES"": 0.0078125, ""NO"": 1.28125}, ""scoring_mode"": ""bias_corrected_choice_logits"", ""selected_short_label"": ""NO""}"
11,EleutherAI/pythia-1b,pythia,1b,baseline_helpful,bft_eval_01,triage,A small lab keeps discovering conflicting spreadsheet versions after each handoff. What should the team do in the next day?,scrambled_profile,ELABORATE,avg_sentence_length,1.0,0.0,1.0,0.0,NO,0.672331690788269,,"{""raw_logit_scores"": {""YES"": 11.171875, ""NO"": 9.796875}, ""label_bias_scores"": {""YES"": 11.3125, ""NO"": 9.21875}, ""corrected_scores"": {""YES"": -0.140625, ""NO"": 0.578125}, ""scoring_mode"": ""bias_corrected_choice_logits"", ""selected_short_label"": ""NO""}"
11,EleutherAI/pythia-1b,pythia,1b,baseline_helpful,bft_eval_01,triage,A small lab keeps discovering conflicting spreadsheet versions after each handoff. What should the team do in the next day?,scrambled_profile,HEDGE,hedge_density,1.0,0.0,0.0,1.0,NO,0.7170118689537048,,"{""raw_logit_scores"": {""YES"": 10.9140625, ""NO"": 9.75}, ""label_bias_scores"": {""YES"": 11.3125, ""NO"": 9.21875}, ""corrected_scores"": {""YES"": -0.3984375, ""NO"": 0.53125}, ""scoring_mode"": ""bias_corrected_choice_logits"", ""selected_short_label"": ""NO""}"
11,EleutherAI/pythia-1b,pythia,1b,baseline_helpful,bft_eval_01,triage,A small lab keeps discovering conflicting spreadsheet versions after each handoff. What should the team do in the next day?,scrambled_profile,FIRST_PERSON,first_person_rate,1.0,0.0,0.0,1.0,NO,0.6876299977302551,,"{""raw_logit_scores"": {""YES"": 11.125, ""NO"": 9.8203125}, ""label_bias_scores"": {""YES"": 11.3125, ""NO"": 9.21875}, ""corrected_scores"": {""YES"": -0.1875, ""NO"": 0.6015625}, ""scoring_mode"": ""bias_corrected_choice_logits"", ""selected_short_label"": ""NO""}"
11,EleutherAI/pythia-1b,pythia,1b,baseline_helpful,bft_eval_01,triage,A small lab keeps discovering conflicting spreadsheet versions after each handoff. What should the team do in the next day?,scrambled_profile,DIRECTIVE,directive_rate,1.0,0.0,0.0,1.0,NO,0.7826625108718872,,"{""raw_logit_scores"": {""YES"": 11.2890625, ""NO"": 10.4765625}, ""label_bias_scores"": {""YES"": 11.3125, ""NO"": 9.21875}, ""corrected_scores"": {""YES"": -0.0234375, ""NO"": 1.2578125}, ""scoring_mode"": ""bias_corrected_choice_logits"", ""selected_short_label"": ""NO""}"
11,EleutherAI/pythia-1b,pythia,1b,baseline_helpful,bft_eval_02,critique,Give feedback on a student memo that is energetic and polite but hides the recommendation until the final line.,self_profile,ELABORATE,avg_sentence_length,1.0,0.0,1.0,0.0,NO,0.6513549089431763,,"{""raw_logit_scores"": {""YES"": 11.3671875, ""NO"": 9.8984375}, ""label_bias_scores"": {""YES"": 11.3125, ""NO"": 9.21875}, ""corrected_scores"": {""YES"": 0.0546875, ""NO"": 0.6796875}, ""scoring_mode"": ""bias_corrected_choice_logits"", ""selected_short_label"": ""NO""}"
11,EleutherAI/pythia-1b,pythia,1b,baseline_helpful,bft_eval_02,critique,Give feedback on a student memo that is energetic and polite but hides the recommendation until the final line.,self_profile,HEDGE,hedge_density,1.0,0.0,0.0,1.0,NO,0.6406359076499939,,"{""raw_logit_scores"": {""YES"": 11.4765625, ""NO"": 9.9609375}, ""label_bias_scores"": {""YES"": 11.3125, ""NO"": 9.21875}, ""corrected_scores"": {""YES"": 0.1640625, ""NO"": 0.7421875}, ""scoring_mode"": ""bias_corrected_choice_logits"", ""selected_short_label"": ""NO""}"
11,EleutherAI/pythia-1b,pythia,1b,baseline_helpful,bft_eval_02,critique,Give feedback on a student memo that is energetic and polite but hides the recommendation until the final line.,self_profile,FIRST_PERSON,first_person_rate,1.0,0.0,0.0,1.0,NO,0.6442250609397888,,"{""raw_logit_scores"": {""YES"": 11.359375, ""NO"": 9.859375}, ""label_bias_scores"": {""YES"": 11.3125, ""NO"": 9.21875}, ""corrected_scores"": {""YES"": 0.046875, ""NO"": 0.640625}, ""scoring_mode"": ""bias_corrected_choice_logits"", ""selected_short_label"": ""NO""}"
11,EleutherAI/pythia-1b,pythia,1b,baseline_helpful,bft_eval_02,critique,Give feedback on a student memo that is energetic and polite but hides the recommendation until the final line.,self_profile,DIRECTIVE,directive_rate,1.0,0.0,0.0,1.0,NO,0.7185943722724915,,"{""raw_logit_scores"": {""YES"": 11.609375, ""NO"": 10.453125}, ""label_bias_scores"": {""YES"": 11.3125, ""NO"": 9.21875}, ""corrected_scores"": {""YES"": 0.296875, ""NO"": 1.234375}, ""scoring_mode"": ""bias_corrected_choice_logits"", ""selected_short_label"": ""NO""}"
11,EleutherAI/pythia-1b,pythia,1b,baseline_helpful,bft_eval_02,critique,Give feedback on a student memo that is energetic and polite but hides the recommendation until the final line.,matched_decoy,ELABORATE,avg_sentence_length,1.0,0.0,1.0,0.0,NO,0.6513549089431763,,"{""raw_logit_scores"": {""YES"": 11.421875, ""NO"": 9.953125}, ""label_bias_scores"": {""YES"": 11.3125, ""NO"": 9.21875}, ""corrected_scores"": {""YES"": 0.109375, ""NO"": 0.734375}, ""scoring_mode"": ""bias_corrected_choice_logits"", ""selected_short_label"": ""NO""}"
11,EleutherAI/pythia-1b,pythia,1b,baseline_helpful,bft_eval_02,critique,Give feedback on a student memo that is energetic and polite but hides the recommendation until the final line.,matched_decoy,HEDGE,hedge_density,1.0,0.0,0.0,1.0,NO,0.6388352513313293,,"{""raw_logit_scores"": {""YES"": 11.5078125, ""NO"": 9.984375}, ""label_bias_scores"": {""YES"": 11.3125, ""NO"": 9.21875}, ""corrected_scores"": {""YES"": 0.1953125, ""NO"": 0.765625}, ""scoring_mode"": ""bias_corrected_choice_logits"", ""selected_short_label"": ""NO""}"
11,EleutherAI/pythia-1b,pythia,1b,baseline_helpful,bft_eval_02,critique,Give feedback on a student memo that is energetic and polite but hides the recommendation until the final line.,matched_decoy,FIRST_PERSON,first_person_rate,1.0,0.0,0.0,1.0,NO,0.642432451248169,,"{""raw_logit_scores"": {""YES"": 11.3828125, ""NO"": 9.875}, ""label_bias_scores"": {""YES"": 11.3125, ""NO"": 9.21875}, ""corrected_scores"": {""YES"": 0.0703125, ""NO"": 0.65625}, ""scoring_mode"": ""bias_corrected_choice_logits"", ""selected_short_label"": ""NO""}"
11,EleutherAI/pythia-1b,pythia,1b,baseline_helpful,bft_eval_02,critique,Give feedback on a student memo that is energetic and polite but hides the recommendation until the final line.,matched_decoy,DIRECTIVE,directive_rate,1.0,0.0,0.0,1.0,NO,0.7154240012168884,,"{""raw_logit_scores"": {""YES"": 11.671875, ""NO"": 10.5}, ""label_bias_scores"": {""YES"": 11.3125, ""NO"": 9.21875}, ""corrected_scores"": {""YES"": 0.359375, ""NO"": 1.28125}, ""scoring_mode"": ""bias_corrected_choice_logits"", ""selected_short_label"": ""NO""}"
11,EleutherAI/pythia-1b,pythia,1b,baseline_helpful,bft_eval_02,critique,Give feedback on a student memo that is energetic and polite but hides the recommendation until the final line.,scrambled_profile,ELABORATE,avg_sentence_length,1.0,0.0,1.0,0.0,NO,0.6601723432540894,,"{""raw_logit_scores"": {""YES"": 11.2734375, ""NO"": 9.84375}, ""label_bias_scores"": {""YES"": 11.3125, ""NO"": 9.21875}, ""corrected_scores"": {""YES"": -0.0390625, ""NO"": 0.625}, ""scoring_mode"": ""bias_corrected_choice_logits"", ""selected_short_label"": ""NO""}"
11,EleutherAI/pythia-1b,pythia,1b,baseline_helpful,bft_eval_02,critique,Give feedback on a student memo that is energetic and polite but hides the recommendation until the final line.,scrambled_profile,HEDGE,hedge_density,1.0,0.0,0.0,1.0,NO,0.6495786309242249,,"{""raw_logit_scores"": {""YES"": 11.40625, ""NO"": 9.9296875}, ""label_bias_scores"": {""YES"": 11.3125, ""NO"": 9.21875}, ""corrected_scores"": {""YES"": 0.09375, ""NO"": 0.7109375}, ""scoring_mode"": ""bias_corrected_choice_logits"", ""selected_short_label"": ""NO""}"
11,EleutherAI/pythia-1b,pythia,1b,baseline_helpful,bft_eval_02,critique,Give feedback on a student memo that is energetic and polite but hides the recommendation until the final line.,scrambled_profile,FIRST_PERSON,first_person_rate,1.0,0.0,0.0,1.0,NO,0.6513549089431763,,"{""raw_logit_scores"": {""YES"": 11.28125, ""NO"": 9.8125}, ""label_bias_scores"": {""YES"": 11.3125, ""NO"": 9.21875}, ""corrected_scores"": {""YES"": -0.03125, ""NO"": 0.59375}, ""scoring_mode"": ""bias_corrected_choice_logits"", ""selected_short_label"": ""NO""}"
11,EleutherAI/pythia-1b,pythia,1b,baseline_helpful,bft_eval_02,critique,Give feedback on a student memo that is energetic and polite but hides the recommendation until the final line.,scrambled_profile,DIRECTIVE,directive_rate,1.0,0.0,0.0,1.0,NO,0.7233095169067383,,"{""raw_logit_scores"": {""YES"": 11.53125, ""NO"": 10.3984375}, ""label_bias_scores"": {""YES"": 11.3125, ""NO"": 9.21875}, ""corrected_scores"": {""YES"": 0.21875, ""NO"": 1.1796875}, ""scoring_mode"": ""bias_corrected_choice_logits"", ""selected_short_label"": ""NO""}"
11,EleutherAI/pythia-1b,pythia,1b,baseline_helpful,bft_eval_03,policy,Write a short policy note on how a museum team should document changes to exhibit labels during revision.,self_profile,ELABORATE,avg_sentence_length,1.0,0.0,1.0,0.0,NO,0.6495786309242249,,"{""raw_logit_scores"": {""YES"": 10.7109375, ""NO"": 9.234375}, ""label_bias_scores"": {""YES"": 11.3125, ""NO"": 9.21875}, ""corrected_scores"": {""YES"": -0.6015625, ""NO"": 0.015625}, ""scoring_mode"": ""bias_corrected_choice_logits"", ""selected_short_label"": ""NO""}"
11,EleutherAI/pythia-1b,pythia,1b,baseline_helpful,bft_eval_03,policy,Write a short policy note on how a museum team should document changes to exhibit labels during revision.,self_profile,HEDGE,hedge_density,1.0,0.0,0.0,1.0,NO,0.6671476364135742,,"{""raw_logit_scores"": {""YES"": 10.4765625, ""NO"": 9.078125}, ""label_bias_scores"": {""YES"": 11.3125, ""NO"": 9.21875}, ""corrected_scores"": {""YES"": -0.8359375, ""NO"": -0.140625}, ""scoring_mode"": ""bias_corrected_choice_logits"", ""selected_short_label"": ""NO""}"
11,EleutherAI/pythia-1b,pythia,1b,baseline_helpful,bft_eval_03,policy,Write a short policy note on how a museum team should document changes to exhibit labels during revision.,self_profile,FIRST_PERSON,first_person_rate,1.0,0.0,0.0,1.0,NO,0.6531268954277039,,"{""raw_logit_scores"": {""YES"": 10.484375, ""NO"": 9.0234375}, ""label_bias_scores"": {""YES"": 11.3125, ""NO"": 9.21875}, ""corrected_scores"": {""YES"": -0.828125, ""NO"": -0.1953125}, ""scoring_mode"": ""bias_corrected_choice_logits"", ""selected_short_label"": ""NO""}"
11,EleutherAI/pythia-1b,pythia,1b,baseline_helpful,bft_eval_03,policy,Write a short policy note on how a museum team should document changes to exhibit labels during revision.,self_profile,DIRECTIVE,directive_rate,1.0,0.0,1.0,0.0,NO,0.7248703241348267,,"{""raw_logit_scores"": {""YES"": 10.96875, ""NO"": 9.84375}, ""label_bias_scores"": {""YES"": 11.3125, ""NO"": 9.21875}, ""corrected_scores"": {""YES"": -0.34375, ""NO"": 0.625}, ""scoring_mode"": ""bias_corrected_choice_logits"", ""selected_short_label"": ""NO""}"
11,EleutherAI/pythia-1b,pythia,1b,baseline_helpful,bft_eval_03,policy,Write a short policy note on how a museum team should document changes to exhibit labels during revision.,matched_decoy,ELABORATE,avg_sentence_length,1.0,0.0,1.0,0.0,NO,0.6495786309242249,,"{""raw_logit_scores"": {""YES"": 10.75, ""NO"": 9.2734375}, ""label_bias_scores"": {""YES"": 11.3125, ""NO"": 9.21875}, ""corrected_scores"": {""YES"": -0.5625, ""NO"": 0.0546875}, ""scoring_mode"": ""bias_corrected_choice_logits"", ""selected_short_label"": ""NO""}"
11,EleutherAI/pythia-1b,pythia,1b,baseline_helpful,bft_eval_03,policy,Write a short policy note on how a museum team should document changes to exhibit labels during revision.,matched_decoy,HEDGE,hedge_density,1.0,0.0,0.0,1.0,NO,0.665410578250885,,"{""raw_logit_scores"": {""YES"": 10.4921875, ""NO"": 9.0859375}, ""label_bias_scores"": {""YES"": 11.3125, ""NO"": 9.21875}, ""corrected_scores"": {""YES"": -0.8203125, ""NO"": -0.1328125}, ""scoring_mode"": ""bias_corrected_choice_logits"", ""selected_short_label"": ""NO""}"
11,EleutherAI/pythia-1b,pythia,1b,baseline_helpful,bft_eval_03,policy,Write a short policy note on how a museum team should document changes to exhibit labels during revision.,matched_decoy,FIRST_PERSON,first_person_rate,1.0,0.0,0.0,1.0,NO,0.6531268954277039,,"{""raw_logit_scores"": {""YES"": 10.5078125, ""NO"": 9.046875}, ""label_bias_scores"": {""YES"": 11.3125, ""NO"": 9.21875}, ""corrected_scores"": {""YES"": -0.8046875, ""NO"": -0.171875}, ""scoring_mode"": ""bias_corrected_choice_logits"", ""selected_short_label"": ""NO""}"
11,EleutherAI/pythia-1b,pythia,1b,baseline_helpful,bft_eval_03,policy,Write a short policy note on how a museum team should document changes to exhibit labels during revision.,matched_decoy,DIRECTIVE,directive_rate,1.0,0.0,1.0,0.0,NO,0.7264255881309509,,"{""raw_logit_scores"": {""YES"": 11.015625, ""NO"": 9.8984375}, ""label_bias_scores"": {""YES"": 11.3125, ""NO"": 9.21875}, ""corrected_scores"": {""YES"": -0.296875, ""NO"": 0.6796875}, ""scoring_mode"": ""bias_corrected_choice_logits"", ""selected_short_label"": ""NO""}"
11,EleutherAI/pythia-1b,pythia,1b,baseline_helpful,bft_eval_03,policy,Write a short policy note on how a museum team should document changes to exhibit labels during revision.,scrambled_profile,ELABORATE,avg_sentence_length,1.0,0.0,1.0,0.0,NO,0.6495786309242249,,"{""raw_logit_scores"": {""YES"": 10.640625, ""NO"": 9.1640625}, ""label_bias_scores"": {""YES"": 11.3125, ""NO"": 9.21875}, ""corrected_scores"": {""YES"": -0.671875, ""NO"": -0.0546875}, ""scoring_mode"": ""bias_corrected_choice_logits"", ""selected_short_label"": ""NO""}"
11,EleutherAI/pythia-1b,pythia,1b,baseline_helpful,bft_eval_03,policy,Write a short policy note on how a museum team should document changes to exhibit labels during revision.,scrambled_profile,HEDGE,hedge_density,1.0,0.0,0.0,1.0,NO,0.665410578250885,,"{""raw_logit_scores"": {""YES"": 10.4453125, ""NO"": 9.0390625}, ""label_bias_scores"": {""YES"": 11.3125, ""NO"": 9.21875}, ""corrected_scores"": {""YES"": -0.8671875, ""NO"": -0.1796875}, ""scoring_mode"": ""bias_corrected_choice_logits"", ""selected_short_label"": ""NO""}"
11,EleutherAI/pythia-1b,pythia,1b,baseline_helpful,bft_eval_03,policy,Write a short policy note on how a museum team should document changes to exhibit labels during revision.,scrambled_profile,FIRST_PERSON,first_person_rate,1.0,0.0,0.0,1.0,NO,0.6495786309242249,,"{""raw_logit_scores"": {""YES"": 10.421875, ""NO"": 8.9453125}, ""label_bias_scores"": {""YES"": 11.3125, ""NO"": 9.21875}, ""corrected_scores"": {""YES"": -0.890625, ""NO"": -0.2734375}, ""scoring_mode"": ""bias_corrected_choice_logits"", ""selected_short_label"": ""NO""}"
11,EleutherAI/pythia-1b,pythia,1b,baseline_helpful,bft_eval_03,policy,Write a short policy note on how a museum team should document changes to exhibit labels during revision.,scrambled_profile,DIRECTIVE,directive_rate,1.0,0.0,1.0,0.0,NO,0.7217432260513306,,"{""raw_logit_scores"": {""YES"": 10.90625, ""NO"": 9.765625}, ""label_bias_scores"": {""YES"": 11.3125, ""NO"": 9.21875}, ""corrected_scores"": {""YES"": -0.40625, ""NO"": 0.546875}, ""scoring_mode"": ""bias_corrected_choice_logits"", ""selected_short_label"": ""NO""}"
11,EleutherAI/pythia-1b,pythia,1b,baseline_helpful,bft_eval_04,diagnosis,Diagnose why a paragraph feels intelligent and informed but still fails to tell the reader what matters most.,self_profile,ELABORATE,avg_sentence_length,1.0,0.0,1.0,0.0,NO,0.6076632142066956,,"{""raw_logit_scores"": {""YES"": 11.2109375, ""NO"": 9.5546875}, ""label_bias_scores"": {""YES"": 11.3125, ""NO"": 9.21875}, ""corrected_scores"": {""YES"": -0.1015625, ""NO"": 0.3359375}, ""scoring_mode"": ""bias_corrected_choice_logits"", ""selected_short_label"": ""NO""}"
11,EleutherAI/pythia-1b,pythia,1b,baseline_helpful,bft_eval_04,diagnosis,Diagnose why a paragraph feels intelligent and informed but still fails to tell the reader what matters most.,self_profile,HEDGE,hedge_density,1.0,0.0,0.0,1.0,NO,0.6388352513313293,,"{""raw_logit_scores"": {""YES"": 11.125, ""NO"": 9.6015625}, ""label_bias_scores"": {""YES"": 11.3125, ""NO"": 9.21875}, ""corrected_scores"": {""YES"": -0.1875, ""NO"": 0.3828125}, ""scoring_mode"": ""bias_corrected_choice_logits"", ""selected_short_label"": ""NO""}"
11,EleutherAI/pythia-1b,pythia,1b,baseline_helpful,bft_eval_04,diagnosis,Diagnose why a paragraph feels intelligent and informed but still fails to tell the reader what matters most.,self_profile,FIRST_PERSON,first_person_rate,1.0,0.0,1.0,0.0,NO,0.6039317846298218,,"{""raw_logit_scores"": {""YES"": 11.171875, ""NO"": 9.5}, ""label_bias_scores"": {""YES"": 11.3125, ""NO"": 9.21875}, ""corrected_scores"": {""YES"": -0.140625, ""NO"": 0.28125}, ""scoring_mode"": ""bias_corrected_choice_logits"", ""selected_short_label"": ""NO""}"
11,EleutherAI/pythia-1b,pythia,1b,baseline_helpful,bft_eval_04,diagnosis,Diagnose why a paragraph feels intelligent and informed but still fails to tell the reader what matters most.,self_profile,DIRECTIVE,directive_rate,1.0,0.0,0.0,1.0,NO,0.6876299977302551,,"{""raw_logit_scores"": {""YES"": 11.5234375, ""NO"": 10.21875}, ""label_bias_scores"": {""YES"": 11.3125, ""NO"": 9.21875}, ""corrected_scores"": {""YES"": 0.2109375, ""NO"": 1.0}, ""scoring_mode"": ""bias_corrected_choice_logits"", ""selected_short_label"": ""NO""}"
11,EleutherAI/pythia-1b,pythia,1b,baseline_helpful,bft_eval_04,diagnosis,Diagnose why a paragraph feels intelligent and informed but still fails to tell the reader what matters most.,matched_decoy,ELABORATE,avg_sentence_length,1.0,0.0,1.0,0.0,NO,0.6076632142066956,,"{""raw_logit_scores"": {""YES"": 11.25, ""NO"": 9.59375}, ""label_bias_scores"": {""YES"": 11.3125, ""NO"": 9.21875}, ""corrected_scores"": {""YES"": -0.0625, ""NO"": 0.375}, ""scoring_mode"": ""bias_corrected_choice_logits"", ""selected_short_label"": ""NO""}"
11,EleutherAI/pythia-1b,pythia,1b,baseline_helpful,bft_eval_04,diagnosis,Diagnose why a paragraph feels intelligent and informed but still fails to tell the reader what matters most.,matched_decoy,HEDGE,hedge_density,1.0,0.0,0.0,1.0,NO,0.6352224349975586,,"{""raw_logit_scores"": {""YES"": 11.1484375, ""NO"": 9.609375}, ""label_bias_scores"": {""YES"": 11.3125, ""NO"": 9.21875}, ""corrected_scores"": {""YES"": -0.1640625, ""NO"": 0.390625}, ""scoring_mode"": ""bias_corrected_choice_logits"", ""selected_short_label"": ""NO""}"
11,EleutherAI/pythia-1b,pythia,1b,baseline_helpful,bft_eval_04,diagnosis,Diagnose why a paragraph feels intelligent and informed but still fails to tell the reader what matters most.,matched_decoy,FIRST_PERSON,first_person_rate,1.0,0.0,1.0,0.0,NO,0.6039317846298218,,"{""raw_logit_scores"": {""YES"": 11.1796875, ""NO"": 9.5078125}, ""label_bias_scores"": {""YES"": 11.3125, ""NO"": 9.21875}, ""corrected_scores"": {""YES"": -0.1328125, ""NO"": 0.2890625}, ""scoring_mode"": ""bias_corrected_choice_logits"", ""selected_short_label"": ""NO""}"
11,EleutherAI/pythia-1b,pythia,1b,baseline_helpful,bft_eval_04,diagnosis,Diagnose why a paragraph feels intelligent and informed but still fails to tell the reader what matters most.,matched_decoy,DIRECTIVE,directive_rate,1.0,0.0,0.0,1.0,NO,0.6876299977302551,,"{""raw_logit_scores"": {""YES"": 11.5625, ""NO"": 10.2578125}, ""label_bias_scores"": {""YES"": 11.3125, ""NO"": 9.21875}, ""corrected_scores"": {""YES"": 0.25, ""NO"": 1.0390625}, ""scoring_mode"": ""bias_corrected_choice_logits"", ""selected_short_label"": ""NO""}"
11,EleutherAI/pythia-1b,pythia,1b,baseline_helpful,bft_eval_04,diagnosis,Diagnose why a paragraph feels intelligent and informed but still fails to tell the reader what matters most.,scrambled_profile,ELABORATE,avg_sentence_length,1.0,0.0,1.0,0.0,NO,0.6076632142066956,,"{""raw_logit_scores"": {""YES"": 11.1796875, ""NO"": 9.5234375}, ""label_bias_scores"": {""YES"": 11.3125, ""NO"": 9.21875}, ""corrected_scores"": {""YES"": -0.1328125, ""NO"": 0.3046875}, ""scoring_mode"": ""bias_corrected_choice_logits"", ""selected_short_label"": ""NO""}"
11,EleutherAI/pythia-1b,pythia,1b,baseline_helpful,bft_eval_04,diagnosis,Diagnose why a paragraph feels intelligent and informed but still fails to tell the reader what matters most.,scrambled_profile,HEDGE,hedge_density,1.0,0.0,0.0,1.0,NO,0.6388352513313293,,"{""raw_logit_scores"": {""YES"": 11.1015625, ""NO"": 9.578125}, ""label_bias_scores"": {""YES"": 11.3125, ""NO"": 9.21875}, ""corrected_scores"": {""YES"": -0.2109375, ""NO"": 0.359375}, ""scoring_mode"": ""bias_corrected_choice_logits"", ""selected_short_label"": ""NO""}"
11,EleutherAI/pythia-1b,pythia,1b,baseline_helpful,bft_eval_04,diagnosis,Diagnose why a paragraph feels intelligent and informed but still fails to tell the reader what matters most.,scrambled_profile,FIRST_PERSON,first_person_rate,1.0,0.0,1.0,0.0,NO,0.6057990193367004,,"{""raw_logit_scores"": {""YES"": 11.1328125, ""NO"": 9.46875}, ""label_bias_scores"": {""YES"": 11.3125, ""NO"": 9.21875}, ""corrected_scores"": {""YES"": -0.1796875, ""NO"": 0.25}, ""scoring_mode"": ""bias_corrected_choice_logits"", ""selected_short_label"": ""NO""}"
11,EleutherAI/pythia-1b,pythia,1b,baseline_helpful,bft_eval_04,diagnosis,Diagnose why a paragraph feels intelligent and informed but still fails to tell the reader what matters most.,scrambled_profile,DIRECTIVE,directive_rate,1.0,0.0,0.0,1.0,NO,0.6876299977302551,,"{""raw_logit_scores"": {""YES"": 11.5, ""NO"": 10.1953125}, ""label_bias_scores"": {""YES"": 11.3125, ""NO"": 9.21875}, ""corrected_scores"": {""YES"": 0.1875, ""NO"": 0.9765625}, ""scoring_mode"": ""bias_corrected_choice_logits"", ""selected_short_label"": ""NO""}"
17,EleutherAI/pythia-1b,pythia,1b,baseline_helpful,bft_eval_01,triage,A small lab keeps discovering conflicting spreadsheet versions after each handoff. What should the team do in the next day?,self_profile,ELABORATE,avg_sentence_length,1.0,0.0,0.0,1.0,NO,0.6808785796165466,,"{""raw_logit_scores"": {""YES"": 11.1796875, ""NO"": 9.8359375}, ""label_bias_scores"": {""YES"": 11.3203125, ""NO"": 9.21875}, ""corrected_scores"": {""YES"": -0.140625, ""NO"": 0.6171875}, ""scoring_mode"": ""bias_corrected_choice_logits"", ""selected_short_label"": ""NO""}"
17,EleutherAI/pythia-1b,pythia,1b,baseline_helpful,bft_eval_01,triage,A small lab keeps discovering conflicting spreadsheet versions after each handoff. What should the team do in the next day?,self_profile,HEDGE,hedge_density,1.0,0.0,0.0,1.0,NO,0.7185943722724915,,"{""raw_logit_scores"": {""YES"": 10.921875, ""NO"": 9.7578125}, ""label_bias_scores"": {""YES"": 11.3203125, ""NO"": 9.21875}, ""corrected_scores"": {""YES"": -0.3984375, ""NO"": 0.5390625}, ""scoring_mode"": ""bias_corrected_choice_logits"", ""selected_short_label"": ""NO""}"
17,EleutherAI/pythia-1b,pythia,1b,baseline_helpful,bft_eval_01,triage,A small lab keeps discovering conflicting spreadsheet versions after each handoff. What should the team do in the next day?,self_profile,FIRST_PERSON,first_person_rate,1.0,0.0,0.0,1.0,NO,0.6909762620925903,,"{""raw_logit_scores"": {""YES"": 11.125, ""NO"": 9.828125}, ""label_bias_scores"": {""YES"": 11.3203125, ""NO"": 9.21875}, ""corrected_scores"": {""YES"": -0.1953125, ""NO"": 0.609375}, ""scoring_mode"": ""bias_corrected_choice_logits"", ""selected_short_label"": ""NO""}"
17,EleutherAI/pythia-1b,pythia,1b,baseline_helpful,bft_eval_01,triage,A small lab keeps discovering conflicting spreadsheet versions after each handoff. What should the team do in the next day?,self_profile,DIRECTIVE,directive_rate,1.0,0.0,0.0,1.0,NO,0.7826625108718872,,"{""raw_logit_scores"": {""YES"": 11.3125, ""NO"": 10.4921875}, ""label_bias_scores"": {""YES"": 11.3203125, ""NO"": 9.21875}, ""corrected_scores"": {""YES"": -0.0078125, ""NO"": 1.2734375}, ""scoring_mode"": ""bias_corrected_choice_logits"", ""selected_short_label"": ""NO""}"
17,EleutherAI/pythia-1b,pythia,1b,baseline_helpful,bft_eval_01,triage,A small lab keeps discovering conflicting spreadsheet versions after each handoff. What should the team do in the next day?,matched_decoy,ELABORATE,avg_sentence_length,1.0,0.0,0.0,1.0,NO,0.6774740219116211,,"{""raw_logit_scores"": {""YES"": 11.1640625, ""NO"": 9.8046875}, ""label_bias_scores"": {""YES"": 11.3203125, ""NO"": 9.21875}, ""corrected_scores"": {""YES"": -0.15625, ""NO"": 0.5859375}, ""scoring_mode"": ""bias_corrected_choice_logits"", ""selected_short_label"": ""NO""}"
17,EleutherAI/pythia-1b,pythia,1b,baseline_helpful,bft_eval_01,triage,A small lab keeps discovering conflicting spreadsheet versions after each handoff. What should the team do in the next day?,matched_decoy,HEDGE,hedge_density,1.0,0.0,0.0,1.0,NO,0.7170118689537048,,"{""raw_logit_scores"": {""YES"": 10.9140625, ""NO"": 9.7421875}, ""label_bias_scores"": {""YES"": 11.3203125, ""NO"": 9.21875}, ""corrected_scores"": {""YES"": -0.40625, ""NO"": 0.5234375}, ""scoring_mode"": ""bias_corrected_choice_logits"", ""selected_short_label"": ""NO""}"
17,EleutherAI/pythia-1b,pythia,1b,baseline_helpful,bft_eval_01,triage,A small lab keeps discovering conflicting spreadsheet versions after each handoff. What should the team do in the next day?,matched_decoy,FIRST_PERSON,first_person_rate,1.0,0.0,0.0,1.0,NO,0.6876299977302551,,"{""raw_logit_scores"": {""YES"": 11.1328125, ""NO"": 9.8203125}, ""label_bias_scores"": {""YES"": 11.3203125, ""NO"": 9.21875}, ""corrected_scores"": {""YES"": -0.1875, ""NO"": 0.6015625}, ""scoring_mode"": ""bias_corrected_choice_logits"", ""selected_short_label"": ""NO""}"
17,EleutherAI/pythia-1b,pythia,1b,baseline_helpful,bft_eval_01,triage,A small lab keeps discovering conflicting spreadsheet versions after each handoff. What should the team do in the next day?,matched_decoy,DIRECTIVE,directive_rate,1.0,0.0,0.0,1.0,NO,0.7786493301391602,,"{""raw_logit_scores"": {""YES"": 11.296875, ""NO"": 10.453125}, ""label_bias_scores"": {""YES"": 11.3203125, ""NO"": 9.21875}, ""corrected_scores"": {""YES"": -0.0234375, ""NO"": 1.234375}, ""scoring_mode"": ""bias_corrected_choice_logits"", ""selected_short_label"": ""NO""}"
17,EleutherAI/pythia-1b,pythia,1b,baseline_helpful,bft_eval_01,triage,A small lab keeps discovering conflicting spreadsheet versions after each handoff. What should the team do in the next day?,scrambled_profile,ELABORATE,avg_sentence_length,1.0,0.0,0.0,1.0,NO,0.6706082820892334,,"{""raw_logit_scores"": {""YES"": 11.1796875, ""NO"": 9.7890625}, ""label_bias_scores"": {""YES"": 11.3203125, ""NO"": 9.21875}, ""corrected_scores"": {""YES"": -0.140625, ""NO"": 0.5703125}, ""scoring_mode"": ""bias_corrected_choice_logits"", ""selected_short_label"": ""NO""}"
17,EleutherAI/pythia-1b,pythia,1b,baseline_helpful,bft_eval_01,triage,A small lab keeps discovering conflicting spreadsheet versions after each handoff. What should the team do in the next day?,scrambled_profile,HEDGE,hedge_density,1.0,0.0,0.0,1.0,NO,0.7106282711029053,,"{""raw_logit_scores"": {""YES"": 10.921875, ""NO"": 9.71875}, ""label_bias_scores"": {""YES"": 11.3203125, ""NO"": 9.21875}, ""corrected_scores"": {""YES"": -0.3984375, ""NO"": 0.5}, ""scoring_mode"": ""bias_corrected_choice_logits"", ""selected_short_label"": ""NO""}"
17,EleutherAI/pythia-1b,pythia,1b,baseline_helpful,bft_eval_01,triage,A small lab keeps discovering conflicting spreadsheet versions after each handoff. What should the team do in the next day?,scrambled_profile,FIRST_PERSON,first_person_rate,1.0,0.0,0.0,1.0,NO,0.6825737357139587,,"{""raw_logit_scores"": {""YES"": 11.1328125, ""NO"": 9.796875}, ""label_bias_scores"": {""YES"": 11.3203125, ""NO"": 9.21875}, ""corrected_scores"": {""YES"": -0.1875, ""NO"": 0.578125}, ""scoring_mode"": ""bias_corrected_choice_logits"", ""selected_short_label"": ""NO""}"
17,EleutherAI/pythia-1b,pythia,1b,baseline_helpful,bft_eval_01,triage,A small lab keeps discovering conflicting spreadsheet versions after each handoff. What should the team do in the next day?,scrambled_profile,DIRECTIVE,directive_rate,1.0,0.0,0.0,1.0,NO,0.7786493301391602,,"{""raw_logit_scores"": {""YES"": 11.3046875, ""NO"": 10.4609375}, ""label_bias_scores"": {""YES"": 11.3203125, ""NO"": 9.21875}, ""corrected_scores"": {""YES"": -0.015625, ""NO"": 1.2421875}, ""scoring_mode"": ""bias_corrected_choice_logits"", ""selected_short_label"": ""NO""}"
17,EleutherAI/pythia-1b,pythia,1b,baseline_helpful,bft_eval_02,critique,Give feedback on a student memo that is energetic and polite but hides the recommendation until the final line.,self_profile,ELABORATE,avg_sentence_length,1.0,0.0,1.0,0.0,NO,0.6513549089431763,,"{""raw_logit_scores"": {""YES"": 11.421875, ""NO"": 9.953125}, ""label_bias_scores"": {""YES"": 11.3125, ""NO"": 9.21875}, ""corrected_scores"": {""YES"": 0.109375, ""NO"": 0.734375}, ""scoring_mode"": ""bias_corrected_choice_logits"", ""selected_short_label"": ""NO""}"
17,EleutherAI/pythia-1b,pythia,1b,baseline_helpful,bft_eval_02,critique,Give feedback on a student memo that is energetic and polite but hides the recommendation until the final line.,self_profile,HEDGE,hedge_density,1.0,0.0,0.0,1.0,NO,0.6388352513313293,,"{""raw_logit_scores"": {""YES"": 11.5078125, ""NO"": 9.984375}, ""label_bias_scores"": {""YES"": 11.3125, ""NO"": 9.21875}, ""corrected_scores"": {""YES"": 0.1953125, ""NO"": 0.765625}, ""scoring_mode"": ""bias_corrected_choice_logits"", ""selected_short_label"": ""NO""}"
17,EleutherAI/pythia-1b,pythia,1b,baseline_helpful,bft_eval_02,critique,Give feedback on a student memo that is energetic and polite but hides the recommendation until the final line.,self_profile,FIRST_PERSON,first_person_rate,1.0,0.0,1.0,0.0,NO,0.642432451248169,,"{""raw_logit_scores"": {""YES"": 11.3828125, ""NO"": 9.875}, ""label_bias_scores"": {""YES"": 11.3125, ""NO"": 9.21875}, ""corrected_scores"": {""YES"": 0.0703125, ""NO"": 0.65625}, ""scoring_mode"": ""bias_corrected_choice_logits"", ""selected_short_label"": ""NO""}"
17,EleutherAI/pythia-1b,pythia,1b,baseline_helpful,bft_eval_02,critique,Give feedback on a student memo that is energetic and polite but hides the recommendation until the final line.,self_profile,DIRECTIVE,directive_rate,1.0,0.0,1.0,0.0,NO,0.7138307690620422,,"{""raw_logit_scores"": {""YES"": 11.671875, ""NO"": 10.4921875}, ""label_bias_scores"": {""YES"": 11.3125, ""NO"": 9.21875}, ""corrected_scores"": {""YES"": 0.359375, ""NO"": 1.2734375}, ""scoring_mode"": ""bias_corrected_choice_logits"", ""selected_short_label"": ""NO""}"
17,EleutherAI/pythia-1b,pythia,1b,baseline_helpful,bft_eval_02,critique,Give feedback on a student memo that is energetic and polite but hides the recommendation until the final line.,matched_decoy,ELABORATE,avg_sentence_length,1.0,0.0,1.0,0.0,NO,0.6513549089431763,,"{""raw_logit_scores"": {""YES"": 11.375, ""NO"": 9.90625}, ""label_bias_scores"": {""YES"": 11.3125, ""NO"": 9.21875}, ""corrected_scores"": {""YES"": 0.0625, ""NO"": 0.6875}, ""scoring_mode"": ""bias_corrected_choice_logits"", ""selected_short_label"": ""NO""}"
17,EleutherAI/pythia-1b,pythia,1b,baseline_helpful,bft_eval_02,critique,Give feedback on a student memo that is energetic and polite but hides the recommendation until the final line.,matched_decoy,HEDGE,hedge_density,1.0,0.0,0.0,1.0,NO,0.642432451248169,,"{""raw_logit_scores"": {""YES"": 11.4765625, ""NO"": 9.96875}, ""label_bias_scores"": {""YES"": 11.3125, ""NO"": 9.21875}, ""corrected_scores"": {""YES"": 0.1640625, ""NO"": 0.75}, ""scoring_mode"": ""bias_corrected_choice_logits"", ""selected_short_label"": ""NO""}"
17,EleutherAI/pythia-1b,pythia,1b,baseline_helpful,bft_eval_02,critique,Give feedback on a student memo that is energetic and polite but hides the recommendation until the final line.,matched_decoy,FIRST_PERSON,first_person_rate,1.0,0.0,1.0,0.0,NO,0.642432451248169,,"{""raw_logit_scores"": {""YES"": 11.359375, ""NO"": 9.8515625}, ""label_bias_scores"": {""YES"": 11.3125, ""NO"": 9.21875}, ""corrected_scores"": {""YES"": 0.046875, ""NO"": 0.6328125}, ""scoring_mode"": ""bias_corrected_choice_logits"", ""selected_short_label"": ""NO""}"
17,EleutherAI/pythia-1b,pythia,1b,baseline_helpful,bft_eval_02,critique,Give feedback on a student memo that is energetic and polite but hides the recommendation until the final line.,matched_decoy,DIRECTIVE,directive_rate,1.0,0.0,1.0,0.0,NO,0.7185943722724915,,"{""raw_logit_scores"": {""YES"": 11.6171875, ""NO"": 10.4609375}, ""label_bias_scores"": {""YES"": 11.3125, ""NO"": 9.21875}, ""corrected_scores"": {""YES"": 0.3046875, ""NO"": 1.2421875}, ""scoring_mode"": ""bias_corrected_choice_logits"", ""selected_short_label"": ""NO""}"
17,EleutherAI/pythia-1b,pythia,1b,baseline_helpful,bft_eval_02,critique,Give feedback on a student memo that is energetic and polite but hides the recommendation until the final line.,scrambled_profile,ELABORATE,avg_sentence_length,1.0,0.0,1.0,0.0,NO,0.6531268954277039,,"{""raw_logit_scores"": {""YES"": 11.3671875, ""NO"": 9.90625}, ""label_bias_scores"": {""YES"": 11.3125, ""NO"": 9.21875}, ""corrected_scores"": {""YES"": 0.0546875, ""NO"": 0.6875}, ""scoring_mode"": ""bias_corrected_choice_logits"", ""selected_short_label"": ""NO""}"
17,EleutherAI/pythia-1b,pythia,1b,baseline_helpful,bft_eval_02,critique,Give feedback on a student memo that is energetic and polite but hides the recommendation until the final line.,scrambled_profile,HEDGE,hedge_density,1.0,0.0,0.0,1.0,NO,0.6388352513313293,,"{""raw_logit_scores"": {""YES"": 11.484375, ""NO"": 9.9609375}, ""label_bias_scores"": {""YES"": 11.3125, ""NO"": 9.21875}, ""corrected_scores"": {""YES"": 0.171875, ""NO"": 0.7421875}, ""scoring_mode"": ""bias_corrected_choice_logits"", ""selected_short_label"": ""NO""}"
17,EleutherAI/pythia-1b,pythia,1b,baseline_helpful,bft_eval_02,critique,Give feedback on a student memo that is energetic and polite but hides the recommendation until the final line.,scrambled_profile,FIRST_PERSON,first_person_rate,1.0,0.0,1.0,0.0,NO,0.6388352513313293,,"{""raw_logit_scores"": {""YES"": 11.359375, ""NO"": 9.8359375}, ""label_bias_scores"": {""YES"": 11.3125, ""NO"": 9.21875}, ""corrected_scores"": {""YES"": 0.046875, ""NO"": 0.6171875}, ""scoring_mode"": ""bias_corrected_choice_logits"", ""selected_short_label"": ""NO""}"
17,EleutherAI/pythia-1b,pythia,1b,baseline_helpful,bft_eval_02,critique,Give feedback on a student memo that is energetic and polite but hides the recommendation until the final line.,scrambled_profile,DIRECTIVE,directive_rate,1.0,0.0,1.0,0.0,NO,0.7185943722724915,,"{""raw_logit_scores"": {""YES"": 11.6015625, ""NO"": 10.4453125}, ""label_bias_scores"": {""YES"": 11.3125, ""NO"": 9.21875}, ""corrected_scores"": {""YES"": 0.2890625, ""NO"": 1.2265625}, ""scoring_mode"": ""bias_corrected_choice_logits"", ""selected_short_label"": ""NO""}"
17,EleutherAI/pythia-1b,pythia,1b,baseline_helpful,bft_eval_03,policy,Write a short policy note on how a museum team should document changes to exhibit labels during revision.,self_profile,ELABORATE,avg_sentence_length,1.0,0.0,0.0,1.0,NO,0.6495786309242249,,"{""raw_logit_scores"": {""YES"": 10.75, ""NO"": 9.2734375}, ""label_bias_scores"": {""YES"": 11.3125, ""NO"": 9.21875}, ""corrected_scores"": {""YES"": -0.5625, ""NO"": 0.0546875}, ""scoring_mode"": ""bias_corrected_choice_logits"", ""selected_short_label"": ""NO""}"
17,EleutherAI/pythia-1b,pythia,1b,baseline_helpful,bft_eval_03,policy,Write a short policy note on how a museum team should document changes to exhibit labels during revision.,self_profile,HEDGE,hedge_density,1.0,0.0,0.0,1.0,NO,0.665410578250885,,"{""raw_logit_scores"": {""YES"": 10.4921875, ""NO"": 9.0859375}, ""label_bias_scores"": {""YES"": 11.3125, ""NO"": 9.21875}, ""corrected_scores"": {""YES"": -0.8203125, ""NO"": -0.1328125}, ""scoring_mode"": ""bias_corrected_choice_logits"", ""selected_short_label"": ""NO""}"
17,EleutherAI/pythia-1b,pythia,1b,baseline_helpful,bft_eval_03,policy,Write a short policy note on how a museum team should document changes to exhibit labels during revision.,self_profile,FIRST_PERSON,first_person_rate,1.0,0.0,1.0,0.0,NO,0.6531268954277039,,"{""raw_logit_scores"": {""YES"": 10.5078125, ""NO"": 9.046875}, ""label_bias_scores"": {""YES"": 11.3125, ""NO"": 9.21875}, ""corrected_scores"": {""YES"": -0.8046875, ""NO"": -0.171875}, ""scoring_mode"": ""bias_corrected_choice_logits"", ""selected_short_label"": ""NO""}"
17,EleutherAI/pythia-1b,pythia,1b,baseline_helpful,bft_eval_03,policy,Write a short policy note on how a museum team should document changes to exhibit labels during revision.,self_profile,DIRECTIVE,directive_rate,1.0,0.0,0.0,1.0,NO,0.7264255881309509,,"{""raw_logit_scores"": {""YES"": 11.015625, ""NO"": 9.8984375}, ""label_bias_scores"": {""YES"": 11.3125, ""NO"": 9.21875}, ""corrected_scores"": {""YES"": -0.296875, ""NO"": 0.6796875}, ""scoring_mode"": ""bias_corrected_choice_logits"", ""selected_short_label"": ""NO""}"
17,EleutherAI/pythia-1b,pythia,1b,baseline_helpful,bft_eval_03,policy,Write a short policy note on how a museum team should document changes to exhibit labels during revision.,matched_decoy,ELABORATE,avg_sentence_length,1.0,0.0,0.0,1.0,NO,0.6495786309242249,,"{""raw_logit_scores"": {""YES"": 10.7109375, ""NO"": 9.234375}, ""label_bias_scores"": {""YES"": 11.3125, ""NO"": 9.21875}, ""corrected_scores"": {""YES"": -0.6015625, ""NO"": 0.015625}, ""scoring_mode"": ""bias_corrected_choice_logits"", ""selected_short_label"": ""NO""}"
17,EleutherAI/pythia-1b,pythia,1b,baseline_helpful,bft_eval_03,policy,Write a short policy note on how a museum team should document changes to exhibit labels during revision.,matched_decoy,HEDGE,hedge_density,1.0,0.0,0.0,1.0,NO,0.6671476364135742,,"{""raw_logit_scores"": {""YES"": 10.4765625, ""NO"": 9.078125}, ""label_bias_scores"": {""YES"": 11.3125, ""NO"": 9.21875}, ""corrected_scores"": {""YES"": -0.8359375, ""NO"": -0.140625}, ""scoring_mode"": ""bias_corrected_choice_logits"", ""selected_short_label"": ""NO""}"
17,EleutherAI/pythia-1b,pythia,1b,baseline_helpful,bft_eval_03,policy,Write a short policy note on how a museum team should document changes to exhibit labels during revision.,matched_decoy,FIRST_PERSON,first_person_rate,1.0,0.0,1.0,0.0,NO,0.6531268954277039,,"{""raw_logit_scores"": {""YES"": 10.484375, ""NO"": 9.0234375}, ""label_bias_scores"": {""YES"": 11.3125, ""NO"": 9.21875}, ""corrected_scores"": {""YES"": -0.828125, ""NO"": -0.1953125}, ""scoring_mode"": ""bias_corrected_choice_logits"", ""selected_short_label"": ""NO""}"
17,EleutherAI/pythia-1b,pythia,1b,baseline_helpful,bft_eval_03,policy,Write a short policy note on how a museum team should document changes to exhibit labels during revision.,matched_decoy,DIRECTIVE,directive_rate,1.0,0.0,0.0,1.0,NO,0.7248703241348267,,"{""raw_logit_scores"": {""YES"": 10.96875, ""NO"": 9.84375}, ""label_bias_scores"": {""YES"": 11.3125, ""NO"": 9.21875}, ""corrected_scores"": {""YES"": -0.34375, ""NO"": 0.625}, ""scoring_mode"": ""bias_corrected_choice_logits"", ""selected_short_label"": ""NO""}"
17,EleutherAI/pythia-1b,pythia,1b,baseline_helpful,bft_eval_03,policy,Write a short policy note on how a museum team should document changes to exhibit labels during revision.,scrambled_profile,ELABORATE,avg_sentence_length,1.0,0.0,0.0,1.0,NO,0.6531268954277039,,"{""raw_logit_scores"": {""YES"": 10.625, ""NO"": 9.1640625}, ""label_bias_scores"": {""YES"": 11.3125, ""NO"": 9.21875}, ""corrected_scores"": {""YES"": -0.6875, ""NO"": -0.0546875}, ""scoring_mode"": ""bias_corrected_choice_logits"", ""selected_short_label"": ""NO""}"
17,EleutherAI/pythia-1b,pythia,1b,baseline_helpful,bft_eval_03,policy,Write a short policy note on how a museum team should document changes to exhibit labels during revision.,scrambled_profile,HEDGE,hedge_density,1.0,0.0,0.0,1.0,NO,0.6706082820892334,,"{""raw_logit_scores"": {""YES"": 10.421875, ""NO"": 9.0390625}, ""label_bias_scores"": {""YES"": 11.3125, ""NO"": 9.21875}, ""corrected_scores"": {""YES"": -0.890625, ""NO"": -0.1796875}, ""scoring_mode"": ""bias_corrected_choice_logits"", ""selected_short_label"": ""NO""}"
17,EleutherAI/pythia-1b,pythia,1b,baseline_helpful,bft_eval_03,policy,Write a short policy note on how a museum team should document changes to exhibit labels during revision.,scrambled_profile,FIRST_PERSON,first_person_rate,1.0,0.0,1.0,0.0,NO,0.6548947095870972,,"{""raw_logit_scores"": {""YES"": 10.3984375, ""NO"": 8.9453125}, ""label_bias_scores"": {""YES"": 11.3125, ""NO"": 9.21875}, ""corrected_scores"": {""YES"": -0.9140625, ""NO"": -0.2734375}, ""scoring_mode"": ""bias_corrected_choice_logits"", ""selected_short_label"": ""NO""}"
17,EleutherAI/pythia-1b,pythia,1b,baseline_helpful,bft_eval_03,policy,Write a short policy note on how a museum team should document changes to exhibit labels during revision.,scrambled_profile,DIRECTIVE,directive_rate,1.0,0.0,0.0,1.0,NO,0.7310585975646973,,"{""raw_logit_scores"": {""YES"": 10.8828125, ""NO"": 9.7890625}, ""label_bias_scores"": {""YES"": 11.3125, ""NO"": 9.21875}, ""corrected_scores"": {""YES"": -0.4296875, ""NO"": 0.5703125}, ""scoring_mode"": ""bias_corrected_choice_logits"", ""selected_short_label"": ""NO""}"
17,EleutherAI/pythia-1b,pythia,1b,baseline_helpful,bft_eval_04,diagnosis,Diagnose why a paragraph feels intelligent and informed but still fails to tell the reader what matters most.,self_profile,ELABORATE,avg_sentence_length,1.0,0.0,0.0,1.0,NO,0.6076632142066956,,"{""raw_logit_scores"": {""YES"": 11.25, ""NO"": 9.59375}, ""label_bias_scores"": {""YES"": 11.3125, ""NO"": 9.21875}, ""corrected_scores"": {""YES"": -0.0625, ""NO"": 0.375}, ""scoring_mode"": ""bias_corrected_choice_logits"", ""selected_short_label"": ""NO""}"
17,EleutherAI/pythia-1b,pythia,1b,baseline_helpful,bft_eval_04,diagnosis,Diagnose why a paragraph feels intelligent and informed but still fails to tell the reader what matters most.,self_profile,HEDGE,hedge_density,1.0,0.0,0.0,1.0,NO,0.6352224349975586,,"{""raw_logit_scores"": {""YES"": 11.1484375, ""NO"": 9.609375}, ""label_bias_scores"": {""YES"": 11.3125, ""NO"": 9.21875}, ""corrected_scores"": {""YES"": -0.1640625, ""NO"": 0.390625}, ""scoring_mode"": ""bias_corrected_choice_logits"", ""selected_short_label"": ""NO""}"
17,EleutherAI/pythia-1b,pythia,1b,baseline_helpful,bft_eval_04,diagnosis,Diagnose why a paragraph feels intelligent and informed but still fails to tell the reader what matters most.,self_profile,FIRST_PERSON,first_person_rate,1.0,0.0,1.0,0.0,NO,0.6039317846298218,,"{""raw_logit_scores"": {""YES"": 11.1796875, ""NO"": 9.5078125}, ""label_bias_scores"": {""YES"": 11.3125, ""NO"": 9.21875}, ""corrected_scores"": {""YES"": -0.1328125, ""NO"": 0.2890625}, ""scoring_mode"": ""bias_corrected_choice_logits"", ""selected_short_label"": ""NO""}"
17,EleutherAI/pythia-1b,pythia,1b,baseline_helpful,bft_eval_04,diagnosis,Diagnose why a paragraph feels intelligent and informed but still fails to tell the reader what matters most.,self_profile,DIRECTIVE,directive_rate,1.0,0.0,1.0,0.0,NO,0.6876299977302551,,"{""raw_logit_scores"": {""YES"": 11.5625, ""NO"": 10.2578125}, ""label_bias_scores"": {""YES"": 11.3125, ""NO"": 9.21875}, ""corrected_scores"": {""YES"": 0.25, ""NO"": 1.0390625}, ""scoring_mode"": ""bias_corrected_choice_logits"", ""selected_short_label"": ""NO""}"
17,EleutherAI/pythia-1b,pythia,1b,baseline_helpful,bft_eval_04,diagnosis,Diagnose why a paragraph feels intelligent and informed but still fails to tell the reader what matters most.,matched_decoy,ELABORATE,avg_sentence_length,1.0,0.0,0.0,1.0,NO,0.6076632142066956,,"{""raw_logit_scores"": {""YES"": 11.2109375, ""NO"": 9.5546875}, ""label_bias_scores"": {""YES"": 11.3125, ""NO"": 9.21875}, ""corrected_scores"": {""YES"": -0.1015625, ""NO"": 0.3359375}, ""scoring_mode"": ""bias_corrected_choice_logits"", ""selected_short_label"": ""NO""}"
17,EleutherAI/pythia-1b,pythia,1b,baseline_helpful,bft_eval_04,diagnosis,Diagnose why a paragraph feels intelligent and informed but still fails to tell the reader what matters most.,matched_decoy,HEDGE,hedge_density,1.0,0.0,0.0,1.0,NO,0.6388352513313293,,"{""raw_logit_scores"": {""YES"": 11.125, ""NO"": 9.6015625}, ""label_bias_scores"": {""YES"": 11.3125, ""NO"": 9.21875}, ""corrected_scores"": {""YES"": -0.1875, ""NO"": 0.3828125}, ""scoring_mode"": ""bias_corrected_choice_logits"", ""selected_short_label"": ""NO""}"
17,EleutherAI/pythia-1b,pythia,1b,baseline_helpful,bft_eval_04,diagnosis,Diagnose why a paragraph feels intelligent and informed but still fails to tell the reader what matters most.,matched_decoy,FIRST_PERSON,first_person_rate,1.0,0.0,1.0,0.0,NO,0.6039317846298218,,"{""raw_logit_scores"": {""YES"": 11.171875, ""NO"": 9.5}, ""label_bias_scores"": {""YES"": 11.3125, ""NO"": 9.21875}, ""corrected_scores"": {""YES"": -0.140625, ""NO"": 0.28125}, ""scoring_mode"": ""bias_corrected_choice_logits"", ""selected_short_label"": ""NO""}"
17,EleutherAI/pythia-1b,pythia,1b,baseline_helpful,bft_eval_04,diagnosis,Diagnose why a paragraph feels intelligent and informed but still fails to tell the reader what matters most.,matched_decoy,DIRECTIVE,directive_rate,1.0,0.0,1.0,0.0,NO,0.6876299977302551,,"{""raw_logit_scores"": {""YES"": 11.5234375, ""NO"": 10.21875}, ""label_bias_scores"": {""YES"": 11.3125, ""NO"": 9.21875}, ""corrected_scores"": {""YES"": 0.2109375, ""NO"": 1.0}, ""scoring_mode"": ""bias_corrected_choice_logits"", ""selected_short_label"": ""NO""}"
17,EleutherAI/pythia-1b,pythia,1b,baseline_helpful,bft_eval_04,diagnosis,Diagnose why a paragraph feels intelligent and informed but still fails to tell the reader what matters most.,scrambled_profile,ELABORATE,avg_sentence_length,1.0,0.0,0.0,1.0,NO,0.6132365465164185,,"{""raw_logit_scores"": {""YES"": 11.1953125, ""NO"": 9.5625}, ""label_bias_scores"": {""YES"": 11.3125, ""NO"": 9.21875}, ""corrected_scores"": {""YES"": -0.1171875, ""NO"": 0.34375}, ""scoring_mode"": ""bias_corrected_choice_logits"", ""selected_short_label"": ""NO""}"
17,EleutherAI/pythia-1b,pythia,1b,baseline_helpful,bft_eval_04,diagnosis,Diagnose why a paragraph feels intelligent and informed but still fails to tell the reader what matters most.,scrambled_profile,HEDGE,hedge_density,1.0,0.0,0.0,1.0,NO,0.6406359076499939,,"{""raw_logit_scores"": {""YES"": 11.125, ""NO"": 9.609375}, ""label_bias_scores"": {""YES"": 11.3125, ""NO"": 9.21875}, ""corrected_scores"": {""YES"": -0.1875, ""NO"": 0.390625}, ""scoring_mode"": ""bias_corrected_choice_logits"", ""selected_short_label"": ""NO""}"
17,EleutherAI/pythia-1b,pythia,1b,baseline_helpful,bft_eval_04,diagnosis,Diagnose why a paragraph feels intelligent and informed but still fails to tell the reader what matters most.,scrambled_profile,FIRST_PERSON,first_person_rate,1.0,0.0,1.0,0.0,NO,0.6076632142066956,,"{""raw_logit_scores"": {""YES"": 11.1484375, ""NO"": 9.4921875}, ""label_bias_scores"": {""YES"": 11.3125, ""NO"": 9.21875}, ""corrected_scores"": {""YES"": -0.1640625, ""NO"": 0.2734375}, ""scoring_mode"": ""bias_corrected_choice_logits"", ""selected_short_label"": ""NO""}"
17,EleutherAI/pythia-1b,pythia,1b,baseline_helpful,bft_eval_04,diagnosis,Diagnose why a paragraph feels intelligent and informed but still fails to tell the reader what matters most.,scrambled_profile,DIRECTIVE,directive_rate,1.0,0.0,1.0,0.0,NO,0.6992543935775757,,"{""raw_logit_scores"": {""YES"": 11.484375, ""NO"": 10.234375}, ""label_bias_scores"": {""YES"": 11.3125, ""NO"": 9.21875}, ""corrected_scores"": {""YES"": 0.171875, ""NO"": 1.015625}, ""scoring_mode"": ""bias_corrected_choice_logits"", ""selected_short_label"": ""NO""}"
11,EleutherAI/pythia-1b,pythia,1b,family_self,bft_eval_01,triage,A small lab keeps discovering conflicting spreadsheet versions after each handoff. What should the team do in the next day?,self_profile,ELABORATE,avg_sentence_length,1.0,0.0,1.0,0.0,NO,0.9796676635742188,",","{""raw_logit_scores"": {""YES"": 9.296875, ""NO"": 11.078125}, ""label_bias_scores"": {""YES"": 11.3203125, ""NO"": 9.2265625}, ""corrected_scores"": {""YES"": -2.0234375, ""NO"": 1.8515625}, ""scoring_mode"": ""bias_corrected_choice_logits"", ""selected_short_label"": ""NO""}"
11,EleutherAI/pythia-1b,pythia,1b,family_self,bft_eval_01,triage,A small lab keeps discovering conflicting spreadsheet versions after each handoff. What should the team do in the next day?,self_profile,HEDGE,hedge_density,1.0,1.0,1.0,1.0,YES,0.8504685759544373,hed,"{""raw_logit_scores"": {""YES"": 6.88671875, ""NO"": 3.0546875}, ""label_bias_scores"": {""YES"": 11.3203125, ""NO"": 9.2265625}, ""corrected_scores"": {""YES"": -4.43359375, ""NO"": -6.171875}, ""scoring_mode"": ""bias_corrected_choice_logits"", ""selected_short_label"": ""YES""}"
11,EleutherAI/pythia-1b,pythia,1b,family_self,bft_eval_01,triage,A small lab keeps discovering conflicting spreadsheet versions after each handoff. What should the team do in the next day?,self_profile,FIRST_PERSON,first_person_rate,1.0,1.0,1.0,1.0,YES,0.8624675869941711,answer,"{""raw_logit_scores"": {""YES"": 7.00390625, ""NO"": 3.07421875}, ""label_bias_scores"": {""YES"": 11.3203125, ""NO"": 9.2265625}, ""corrected_scores"": {""YES"": -4.31640625, ""NO"": -6.15234375}, ""scoring_mode"": ""bias_corrected_choice_logits"", ""selected_short_label"": ""YES""}"
11,EleutherAI/pythia-1b,pythia,1b,family_self,bft_eval_01,triage,A small lab keeps discovering conflicting spreadsheet versions after each handoff. What should the team do in the next day?,self_profile,DIRECTIVE,directive_rate,1.0,0.0,1.0,0.0,NO,0.6132365465164185,:,"{""raw_logit_scores"": {""YES"": 8.78125, ""NO"": 7.1484375}, ""label_bias_scores"": {""YES"": 11.3203125, ""NO"": 9.2265625}, ""corrected_scores"": {""YES"": -2.5390625, ""NO"": -2.078125}, ""scoring_mode"": ""bias_corrected_choice_logits"", ""selected_short_label"": ""NO""}"
11,EleutherAI/pythia-1b,pythia,1b,family_self,bft_eval_01,triage,A small lab keeps discovering conflicting spreadsheet versions after each handoff. What should the team do in the next day?,matched_decoy,ELABORATE,avg_sentence_length,1.0,0.0,1.0,0.0,NO,0.6486889719963074,,"{""raw_logit_scores"": {""YES"": 5.8125, ""NO"": 4.33203125}, ""label_bias_scores"": {""YES"": 11.3203125, ""NO"": 9.2265625}, ""corrected_scores"": {""YES"": -5.5078125, ""NO"": -4.89453125}, ""scoring_mode"": ""bias_corrected_choice_logits"", ""selected_short_label"": ""NO""}"
11,EleutherAI/pythia-1b,pythia,1b,family_self,bft_eval_01,triage,A small lab keeps discovering conflicting spreadsheet versions after each handoff. What should the team do in the next day?,matched_decoy,HEDGE,hedge_density,1.0,0.0,1.0,0.0,NO,0.5592900514602661,the,"{""raw_logit_scores"": {""YES"": 6.89453125, ""NO"": 5.0390625}, ""label_bias_scores"": {""YES"": 11.3203125, ""NO"": 9.2265625}, ""corrected_scores"": {""YES"": -4.42578125, ""NO"": -4.1875}, ""scoring_mode"": ""bias_corrected_choice_logits"", ""selected_short_label"": ""NO""}"
11,EleutherAI/pythia-1b,pythia,1b,family_self,bft_eval_01,triage,A small lab keeps discovering conflicting spreadsheet versions after each handoff. What should the team do in the next day?,matched_decoy,FIRST_PERSON,first_person_rate,1.0,0.0,1.0,0.0,NO,0.5009765625,the,"{""raw_logit_scores"": {""YES"": 7.21875, ""NO"": 5.12890625}, ""label_bias_scores"": {""YES"": 11.3203125, ""NO"": 9.2265625}, ""corrected_scores"": {""YES"": -4.1015625, ""NO"": -4.09765625}, ""scoring_mode"": ""bias_corrected_choice_logits"", ""selected_short_label"": ""NO""}"
11,EleutherAI/pythia-1b,pythia,1b,family_self,bft_eval_01,triage,A small lab keeps discovering conflicting spreadsheet versions after each handoff. What should the team do in the next day?,matched_decoy,DIRECTIVE,directive_rate,1.0,0.0,1.0,0.0,NO,0.7732163667678833,,"{""raw_logit_scores"": {""YES"": 8.59375, ""NO"": 7.7265625}, ""label_bias_scores"": {""YES"": 11.3203125, ""NO"": 9.2265625}, ""corrected_scores"": {""YES"": -2.7265625, ""NO"": -1.5}, ""scoring_mode"": ""bias_corrected_choice_logits"", ""selected_short_label"": ""NO""}"
11,EleutherAI/pythia-1b,pythia,1b,family_self,bft_eval_01,triage,A small lab keeps discovering conflicting spreadsheet versions after each handoff. What should the team do in the next day?,scrambled_profile,ELABORATE,avg_sentence_length,1.0,0.0,1.0,0.0,NO,0.6469064354896545,,"{""raw_logit_scores"": {""YES"": 5.8203125, ""NO"": 4.33203125}, ""label_bias_scores"": {""YES"": 11.3203125, ""NO"": 9.2265625}, ""corrected_scores"": {""YES"": -5.5, ""NO"": -4.89453125}, ""scoring_mode"": ""bias_corrected_choice_logits"", ""selected_short_label"": ""NO""}"
11,EleutherAI/pythia-1b,pythia,1b,family_self,bft_eval_01,triage,A small lab keeps discovering conflicting spreadsheet versions after each handoff. What should the team do in the next day?,scrambled_profile,HEDGE,hedge_density,1.0,0.0,1.0,0.0,NO,0.5477060079574585,the,"{""raw_logit_scores"": {""YES"": 6.921875, ""NO"": 5.01953125}, ""label_bias_scores"": {""YES"": 11.3203125, ""NO"": 9.2265625}, ""corrected_scores"": {""YES"": -4.3984375, ""NO"": -4.20703125}, ""scoring_mode"": ""bias_corrected_choice_logits"", ""selected_short_label"": ""NO""}"
11,EleutherAI/pythia-1b,pythia,1b,family_self,bft_eval_01,triage,A small lab keeps discovering conflicting spreadsheet versions after each handoff. What should the team do in the next day?,scrambled_profile,FIRST_PERSON,first_person_rate,1.0,1.0,1.0,1.0,YES,0.5136684775352478,the,"{""raw_logit_scores"": {""YES"": 7.27734375, ""NO"": 5.12890625}, ""label_bias_scores"": {""YES"": 11.3203125, ""NO"": 9.2265625}, ""corrected_scores"": {""YES"": -4.04296875, ""NO"": -4.09765625}, ""scoring_mode"": ""bias_corrected_choice_logits"", ""selected_short_label"": ""YES""}"
11,EleutherAI/pythia-1b,pythia,1b,family_self,bft_eval_01,triage,A small lab keeps discovering conflicting spreadsheet versions after each handoff. What should the team do in the next day?,scrambled_profile,DIRECTIVE,directive_rate,1.0,0.0,1.0,0.0,NO,0.7725306749343872,,"{""raw_logit_scores"": {""YES"": 8.5390625, ""NO"": 7.66796875}, ""label_bias_scores"": {""YES"": 11.3203125, ""NO"": 9.2265625}, ""corrected_scores"": {""YES"": -2.78125, ""NO"": -1.55859375}, ""scoring_mode"": ""bias_corrected_choice_logits"", ""selected_short_label"": ""NO""}"
11,EleutherAI/pythia-1b,pythia,1b,family_self,bft_eval_02,critique,Give feedback on a student memo that is energetic and polite but hides the recommendation until the final line.,self_profile,ELABORATE,avg_sentence_length,1.0,0.0,0.0,1.0,NO,0.907967209815979,,"{""raw_logit_scores"": {""YES"": 10.125, ""NO"": 10.3203125}, ""label_bias_scores"": {""YES"": 11.3203125, ""NO"": 9.2265625}, ""corrected_scores"": {""YES"": -1.1953125, ""NO"": 1.09375}, ""scoring_mode"": ""bias_corrected_choice_logits"", ""selected_short_label"": ""NO""}"
11,EleutherAI/pythia-1b,pythia,1b,family_self,bft_eval_02,critique,Give feedback on a student memo that is energetic and polite but hides the recommendation until the final line.,self_profile,HEDGE,hedge_density,1.0,0.0,0.0,1.0,NO,0.6011253595352173,,"{""raw_logit_scores"": {""YES"": 7.04296875, ""NO"": 5.359375}, ""label_bias_scores"": {""YES"": 11.3203125, ""NO"": 9.2265625}, ""corrected_scores"": {""YES"": -4.27734375, ""NO"": -3.8671875}, ""scoring_mode"": ""bias_corrected_choice_logits"", ""selected_short_label"": ""NO""}"
11,EleutherAI/pythia-1b,pythia,1b,family_self,bft_eval_02,critique,Give feedback on a student memo that is energetic and polite but hides the recommendation until the final line.,self_profile,FIRST_PERSON,first_person_rate,1.0,0.0,0.0,1.0,NO,0.6740504503250122,,"{""raw_logit_scores"": {""YES"": 6.25390625, ""NO"": 4.88671875}, ""label_bias_scores"": {""YES"": 11.3203125, ""NO"": 9.2265625}, ""corrected_scores"": {""YES"": -5.06640625, ""NO"": -4.33984375}, ""scoring_mode"": ""bias_corrected_choice_logits"", ""selected_short_label"": ""NO""}"
11,EleutherAI/pythia-1b,pythia,1b,family_self,bft_eval_02,critique,Give feedback on a student memo that is energetic and polite but hides the recommendation until the final line.,self_profile,DIRECTIVE,directive_rate,1.0,0.0,0.0,1.0,NO,0.6740504503250122,:,"{""raw_logit_scores"": {""YES"": 5.69921875, ""NO"": 4.33203125}, ""label_bias_scores"": {""YES"": 11.3203125, ""NO"": 9.2265625}, ""corrected_scores"": {""YES"": -5.62109375, ""NO"": -4.89453125}, ""scoring_mode"": ""bias_corrected_choice_logits"", ""selected_short_label"": ""NO""}"
11,EleutherAI/pythia-1b,pythia,1b,family_self,bft_eval_02,critique,Give feedback on a student memo that is energetic and polite but hides the recommendation until the final line.,matched_decoy,ELABORATE,avg_sentence_length,1.0,0.0,0.0,1.0,NO,0.9076402187347412,",","{""raw_logit_scores"": {""YES"": 7.92578125, ""NO"": 8.1171875}, ""label_bias_scores"": {""YES"": 11.3203125, ""NO"": 9.2265625}, ""corrected_scores"": {""YES"": -3.39453125, ""NO"": -1.109375}, ""scoring_mode"": ""bias_corrected_choice_logits"", ""selected_short_label"": ""NO""}"
11,EleutherAI/pythia-1b,pythia,1b,family_self,bft_eval_02,critique,Give feedback on a student memo that is energetic and polite but hides the recommendation until the final line.,matched_decoy,HEDGE,hedge_density,1.0,0.0,0.0,1.0,NO,0.7994422912597656,the,"{""raw_logit_scores"": {""YES"": 4.74609375, ""NO"": 4.03515625}, ""label_bias_scores"": {""YES"": 11.3203125, ""NO"": 9.2265625}, ""corrected_scores"": {""YES"": -6.57421875, ""NO"": -5.19140625}, ""scoring_mode"": ""bias_corrected_choice_logits"", ""selected_short_label"": ""NO""}"
11,EleutherAI/pythia-1b,pythia,1b,family_self,bft_eval_02,critique,Give feedback on a student memo that is energetic and polite but hides the recommendation until the final line.,matched_decoy,FIRST_PERSON,first_person_rate,1.0,0.0,0.0,1.0,NO,0.7902066707611084,the,"{""raw_logit_scores"": {""YES"": 4.6015625, ""NO"": 3.833984375}, ""label_bias_scores"": {""YES"": 11.3203125, ""NO"": 9.2265625}, ""corrected_scores"": {""YES"": -6.71875, ""NO"": -5.392578125}, ""scoring_mode"": ""bias_corrected_choice_logits"", ""selected_short_label"": ""NO""}"
11,EleutherAI/pythia-1b,pythia,1b,family_self,bft_eval_02,critique,Give feedback on a student memo that is energetic and polite but hides the recommendation until the final line.,matched_decoy,DIRECTIVE,directive_rate,1.0,0.0,0.0,1.0,NO,0.6495786309242249,,"{""raw_logit_scores"": {""YES"": 12.8828125, ""NO"": 11.40625}, ""label_bias_scores"": {""YES"": 11.3203125, ""NO"": 9.2265625}, ""corrected_scores"": {""YES"": 1.5625, ""NO"": 2.1796875}, ""scoring_mode"": ""bias_corrected_choice_logits"", ""selected_short_label"": ""NO""}"
11,EleutherAI/pythia-1b,pythia,1b,family_self,bft_eval_02,critique,Give feedback on a student memo that is energetic and polite but hides the recommendation until the final line.,scrambled_profile,ELABORATE,avg_sentence_length,1.0,0.0,0.0,1.0,NO,0.9076402187347412,",","{""raw_logit_scores"": {""YES"": 7.86328125, ""NO"": 8.0546875}, ""label_bias_scores"": {""YES"": 11.3203125, ""NO"": 9.2265625}, ""corrected_scores"": {""YES"": -3.45703125, ""NO"": -1.171875}, ""scoring_mode"": ""bias_corrected_choice_logits"", ""selected_short_label"": ""NO""}"
11,EleutherAI/pythia-1b,pythia,1b,family_self,bft_eval_02,critique,Give feedback on a student memo that is energetic and polite but hides the recommendation until the final line.,scrambled_profile,HEDGE,hedge_density,1.0,0.0,0.0,1.0,NO,0.798501193523407,the,"{""raw_logit_scores"": {""YES"": 4.67578125, ""NO"": 3.958984375}, ""label_bias_scores"": {""YES"": 11.3203125, ""NO"": 9.2265625}, ""corrected_scores"": {""YES"": -6.64453125, ""NO"": -5.267578125}, ""scoring_mode"": ""bias_corrected_choice_logits"", ""selected_short_label"": ""NO""}"
11,EleutherAI/pythia-1b,pythia,1b,family_self,bft_eval_02,critique,Give feedback on a student memo that is energetic and polite but hides the recommendation until the final line.,scrambled_profile,FIRST_PERSON,first_person_rate,1.0,0.0,0.0,1.0,NO,0.7892336845397949,the,"{""raw_logit_scores"": {""YES"": 4.53125, ""NO"": 3.7578125}, ""label_bias_scores"": {""YES"": 11.3203125, ""NO"": 9.2265625}, ""corrected_scores"": {""YES"": -6.7890625, ""NO"": -5.46875}, ""scoring_mode"": ""bias_corrected_choice_logits"", ""selected_short_label"": ""NO""}"
11,EleutherAI/pythia-1b,pythia,1b,family_self,bft_eval_02,critique,Give feedback on a student memo that is energetic and polite but hides the recommendation until the final line.,scrambled_profile,DIRECTIVE,directive_rate,1.0,0.0,0.0,1.0,NO,0.6584175229072571,,"{""raw_logit_scores"": {""YES"": 12.765625, ""NO"": 11.328125}, ""label_bias_scores"": {""YES"": 11.3203125, ""NO"": 9.2265625}, ""corrected_scores"": {""YES"": 1.4453125, ""NO"": 2.1015625}, ""scoring_mode"": ""bias_corrected_choice_logits"", ""selected_short_label"": ""NO""}"
11,EleutherAI/pythia-1b,pythia,1b,family_self,bft_eval_03,policy,Write a short policy note on how a museum team should document changes to exhibit labels during revision.,self_profile,ELABORATE,avg_sentence_length,1.0,0.0,1.0,0.0,NO,0.722527027130127,,"{""raw_logit_scores"": {""YES"": 8.78125, ""NO"": 7.64453125}, ""label_bias_scores"": {""YES"": 11.3203125, ""NO"": 9.2265625}, ""corrected_scores"": {""YES"": -2.5390625, ""NO"": -1.58203125}, ""scoring_mode"": ""bias_corrected_choice_logits"", ""selected_short_label"": ""NO""}"
11,EleutherAI/pythia-1b,pythia,1b,family_self,bft_eval_03,policy,Write a short policy note on how a museum team should document changes to exhibit labels during revision.,self_profile,HEDGE,hedge_density,1.0,0.0,0.0,1.0,NO,0.9693241715431213,",","{""raw_logit_scores"": {""YES"": 9.5703125, ""NO"": 10.9296875}, ""label_bias_scores"": {""YES"": 11.3203125, ""NO"": 9.2265625}, ""corrected_scores"": {""YES"": -1.75, ""NO"": 1.703125}, ""scoring_mode"": ""bias_corrected_choice_logits"", ""selected_short_label"": ""NO""}"
11,EleutherAI/pythia-1b,pythia,1b,family_self,bft_eval_03,policy,Write a short policy note on how a museum team should document changes to exhibit labels during revision.,self_profile,FIRST_PERSON,first_person_rate,1.0,0.0,0.0,1.0,NO,0.9805806875228882,",","{""raw_logit_scores"": {""YES"": 9.2109375, ""NO"": 11.0390625}, ""label_bias_scores"": {""YES"": 11.3203125, ""NO"": 9.2265625}, ""corrected_scores"": {""YES"": -2.109375, ""NO"": 1.8125}, ""scoring_mode"": ""bias_corrected_choice_logits"", ""selected_short_label"": ""NO""}"
11,EleutherAI/pythia-1b,pythia,1b,family_self,bft_eval_03,policy,Write a short policy note on how a museum team should document changes to exhibit labels during revision.,self_profile,DIRECTIVE,directive_rate,1.0,0.0,1.0,0.0,NO,0.7217432260513306,,"{""raw_logit_scores"": {""YES"": 10.3984375, ""NO"": 9.2578125}, ""label_bias_scores"": {""YES"": 11.3203125, ""NO"": 9.2265625}, ""corrected_scores"": {""YES"": -0.921875, ""NO"": 0.03125}, ""scoring_mode"": ""bias_corrected_choice_logits"", ""selected_short_label"": ""NO""}"
11,EleutherAI/pythia-1b,pythia,1b,family_self,bft_eval_03,policy,Write a short policy note on how a museum team should document changes to exhibit labels during revision.,matched_decoy,ELABORATE,avg_sentence_length,1.0,0.0,1.0,0.0,NO,0.8558511734008789,,"{""raw_logit_scores"": {""YES"": 10.3515625, ""NO"": 10.0390625}, ""label_bias_scores"": {""YES"": 11.3203125, ""NO"": 9.2265625}, ""corrected_scores"": {""YES"": -0.96875, ""NO"": 0.8125}, ""scoring_mode"": ""bias_corrected_choice_logits"", ""selected_short_label"": ""NO""}"
11,EleutherAI/pythia-1b,pythia,1b,family_self,bft_eval_03,policy,Write a short policy note on how a museum team should document changes to exhibit labels during revision.,matched_decoy,HEDGE,hedge_density,1.0,0.0,0.0,1.0,NO,0.562176525592804,,"{""raw_logit_scores"": {""YES"": 6.2109375, ""NO"": 4.3671875}, ""label_bias_scores"": {""YES"": 11.3203125, ""NO"": 9.2265625}, ""corrected_scores"": {""YES"": -5.109375, ""NO"": -4.859375}, ""scoring_mode"": ""bias_corrected_choice_logits"", ""selected_short_label"": ""NO""}"
11,EleutherAI/pythia-1b,pythia,1b,family_self,bft_eval_03,policy,Write a short policy note on how a museum team should document changes to exhibit labels during revision.,matched_decoy,FIRST_PERSON,first_person_rate,1.0,0.0,0.0,1.0,NO,0.666279673576355,,"{""raw_logit_scores"": {""YES"": 4.94921875, ""NO"": 3.546875}, ""label_bias_scores"": {""YES"": 11.3203125, ""NO"": 9.2265625}, ""corrected_scores"": {""YES"": -6.37109375, ""NO"": -5.6796875}, ""scoring_mode"": ""bias_corrected_choice_logits"", ""selected_short_label"": ""NO""}"
11,EleutherAI/pythia-1b,pythia,1b,family_self,bft_eval_03,policy,Write a short policy note on how a museum team should document changes to exhibit labels during revision.,matched_decoy,DIRECTIVE,directive_rate,1.0,0.0,1.0,0.0,NO,0.696784257888794,:,"{""raw_logit_scores"": {""YES"": 5.56640625, ""NO"": 4.3046875}, ""label_bias_scores"": {""YES"": 11.3203125, ""NO"": 9.2265625}, ""corrected_scores"": {""YES"": -5.75390625, ""NO"": -4.921875}, ""scoring_mode"": ""bias_corrected_choice_logits"", ""selected_short_label"": ""NO""}"
11,EleutherAI/pythia-1b,pythia,1b,family_self,bft_eval_03,policy,Write a short policy note on how a museum team should document changes to exhibit labels during revision.,scrambled_profile,ELABORATE,avg_sentence_length,1.0,0.0,1.0,0.0,NO,0.7185943722724915,,"{""raw_logit_scores"": {""YES"": 8.734375, ""NO"": 7.578125}, ""label_bias_scores"": {""YES"": 11.3203125, ""NO"": 9.2265625}, ""corrected_scores"": {""YES"": -2.5859375, ""NO"": -1.6484375}, ""scoring_mode"": ""bias_corrected_choice_logits"", ""selected_short_label"": ""NO""}"
11,EleutherAI/pythia-1b,pythia,1b,family_self,bft_eval_03,policy,Write a short policy note on how a museum team should document changes to exhibit labels during revision.,scrambled_profile,HEDGE,hedge_density,1.0,0.0,0.0,1.0,NO,0.9674102663993835,",","{""raw_logit_scores"": {""YES"": 9.5, ""NO"": 10.796875}, ""label_bias_scores"": {""YES"": 11.3203125, ""NO"": 9.2265625}, ""corrected_scores"": {""YES"": -1.8203125, ""NO"": 1.5703125}, ""scoring_mode"": ""bias_corrected_choice_logits"", ""selected_short_label"": ""NO""}"
11,EleutherAI/pythia-1b,pythia,1b,family_self,bft_eval_03,policy,Write a short policy note on how a museum team should document changes to exhibit labels during revision.,scrambled_profile,FIRST_PERSON,first_person_rate,1.0,0.0,0.0,1.0,NO,0.9783847332000732,",","{""raw_logit_scores"": {""YES"": 9.15625, ""NO"": 10.875}, ""label_bias_scores"": {""YES"": 11.3203125, ""NO"": 9.2265625}, ""corrected_scores"": {""YES"": -2.1640625, ""NO"": 1.6484375}, ""scoring_mode"": ""bias_corrected_choice_logits"", ""selected_short_label"": ""NO""}"
11,EleutherAI/pythia-1b,pythia,1b,family_self,bft_eval_03,policy,Write a short policy note on how a museum team should document changes to exhibit labels during revision.,scrambled_profile,DIRECTIVE,directive_rate,1.0,0.0,1.0,0.0,NO,0.7138307690620422,,"{""raw_logit_scores"": {""YES"": 10.3515625, ""NO"": 9.171875}, ""label_bias_scores"": {""YES"": 11.3203125, ""NO"": 9.2265625}, ""corrected_scores"": {""YES"": -0.96875, ""NO"": -0.0546875}, ""scoring_mode"": ""bias_corrected_choice_logits"", ""selected_short_label"": ""NO""}"
11,EleutherAI/pythia-1b,pythia,1b,family_self,bft_eval_04,diagnosis,Diagnose why a paragraph feels intelligent and informed but still fails to tell the reader what matters most.,self_profile,ELABORATE,avg_sentence_length,1.0,0.0,1.0,0.0,NO,0.907967209815979,,"{""raw_logit_scores"": {""YES"": 10.296875, ""NO"": 10.4921875}, ""label_bias_scores"": {""YES"": 11.3203125, ""NO"": 9.2265625}, ""corrected_scores"": {""YES"": -1.0234375, ""NO"": 1.265625}, ""scoring_mode"": ""bias_corrected_choice_logits"", ""selected_short_label"": ""NO""}"
11,EleutherAI/pythia-1b,pythia,1b,family_self,bft_eval_04,diagnosis,Diagnose why a paragraph feels intelligent and informed but still fails to tell the reader what matters most.,self_profile,HEDGE,hedge_density,1.0,0.0,0.0,1.0,NO,0.6486889719963074,,"{""raw_logit_scores"": {""YES"": 5.9921875, ""NO"": 4.51171875}, ""label_bias_scores"": {""YES"": 11.3203125, ""NO"": 9.2265625}, ""corrected_scores"": {""YES"": -5.328125, ""NO"": -4.71484375}, ""scoring_mode"": ""bias_corrected_choice_logits"", ""selected_short_label"": ""NO""}"
11,EleutherAI/pythia-1b,pythia,1b,family_self,bft_eval_04,diagnosis,Diagnose why a paragraph feels intelligent and informed but still fails to tell the reader what matters most.,self_profile,FIRST_PERSON,first_person_rate,1.0,0.0,0.0,1.0,NO,0.722527027130127,,"{""raw_logit_scores"": {""YES"": 5.2265625, ""NO"": 4.08984375}, ""label_bias_scores"": {""YES"": 11.3203125, ""NO"": 9.2265625}, ""corrected_scores"": {""YES"": -6.09375, ""NO"": -5.13671875}, ""scoring_mode"": ""bias_corrected_choice_logits"", ""selected_short_label"": ""NO""}"
11,EleutherAI/pythia-1b,pythia,1b,family_self,bft_eval_04,diagnosis,Diagnose why a paragraph feels intelligent and informed but still fails to tell the reader what matters most.,self_profile,DIRECTIVE,directive_rate,1.0,0.0,1.0,0.0,NO,0.6876299977302551,:,"{""raw_logit_scores"": {""YES"": 5.39453125, ""NO"": 4.08984375}, ""label_bias_scores"": {""YES"": 11.3203125, ""NO"": 9.2265625}, ""corrected_scores"": {""YES"": -5.92578125, ""NO"": -5.13671875}, ""scoring_mode"": ""bias_corrected_choice_logits"", ""selected_short_label"": ""NO""}"
11,EleutherAI/pythia-1b,pythia,1b,family_self,bft_eval_04,diagnosis,Diagnose why a paragraph feels intelligent and informed but still fails to tell the reader what matters most.,matched_decoy,ELABORATE,avg_sentence_length,1.0,0.0,1.0,0.0,NO,0.9238675236701965,",","{""raw_logit_scores"": {""YES"": 7.91796875, ""NO"": 8.3203125}, ""label_bias_scores"": {""YES"": 11.3203125, ""NO"": 9.2265625}, ""corrected_scores"": {""YES"": -3.40234375, ""NO"": -0.90625}, ""scoring_mode"": ""bias_corrected_choice_logits"", ""selected_short_label"": ""NO""}"
11,EleutherAI/pythia-1b,pythia,1b,family_self,bft_eval_04,diagnosis,Diagnose why a paragraph feels intelligent and informed but still fails to tell the reader what matters most.,matched_decoy,HEDGE,hedge_density,1.0,0.0,0.0,1.0,NO,0.8591918349266052,the,"{""raw_logit_scores"": {""YES"": 3.734375, ""NO"": 3.44921875}, ""label_bias_scores"": {""YES"": 11.3203125, ""NO"": 9.2265625}, ""corrected_scores"": {""YES"": -7.5859375, ""NO"": -5.77734375}, ""scoring_mode"": ""bias_corrected_choice_logits"", ""selected_short_label"": ""NO""}"
11,EleutherAI/pythia-1b,pythia,1b,family_self,bft_eval_04,diagnosis,Diagnose why a paragraph feels intelligent and informed but still fails to tell the reader what matters most.,matched_decoy,FIRST_PERSON,first_person_rate,1.0,0.0,0.0,1.0,NO,0.8631610870361328,the,"{""raw_logit_scores"": {""YES"": 3.59375, ""NO"": 3.341796875}, ""label_bias_scores"": {""YES"": 11.3203125, ""NO"": 9.2265625}, ""corrected_scores"": {""YES"": -7.7265625, ""NO"": -5.884765625}, ""scoring_mode"": ""bias_corrected_choice_logits"", ""selected_short_label"": ""NO""}"
11,EleutherAI/pythia-1b,pythia,1b,family_self,bft_eval_04,diagnosis,Diagnose why a paragraph feels intelligent and informed but still fails to tell the reader what matters most.,matched_decoy,DIRECTIVE,directive_rate,1.0,0.0,1.0,0.0,NO,0.6442250609397888,,"{""raw_logit_scores"": {""YES"": 12.796875, ""NO"": 11.296875}, ""label_bias_scores"": {""YES"": 11.3203125, ""NO"": 9.2265625}, ""corrected_scores"": {""YES"": 1.4765625, ""NO"": 2.0703125}, ""scoring_mode"": ""bias_corrected_choice_logits"", ""selected_short_label"": ""NO""}"
11,EleutherAI/pythia-1b,pythia,1b,family_self,bft_eval_04,diagnosis,Diagnose why a paragraph feels intelligent and informed but still fails to tell the reader what matters most.,scrambled_profile,ELABORATE,avg_sentence_length,1.0,0.0,1.0,0.0,NO,0.9046505093574524,,"{""raw_logit_scores"": {""YES"": 10.2578125, ""NO"": 10.4140625}, ""label_bias_scores"": {""YES"": 11.3203125, ""NO"": 9.2265625}, ""corrected_scores"": {""YES"": -1.0625, ""NO"": 1.1875}, ""scoring_mode"": ""bias_corrected_choice_logits"", ""selected_short_label"": ""NO""}"
11,EleutherAI/pythia-1b,pythia,1b,family_self,bft_eval_04,diagnosis,Diagnose why a paragraph feels intelligent and informed but still fails to tell the reader what matters most.,scrambled_profile,HEDGE,hedge_density,1.0,0.0,0.0,1.0,NO,0.6397360563278198,,"{""raw_logit_scores"": {""YES"": 5.9375, ""NO"": 4.41796875}, ""label_bias_scores"": {""YES"": 11.3203125, ""NO"": 9.2265625}, ""corrected_scores"": {""YES"": -5.3828125, ""NO"": -4.80859375}, ""scoring_mode"": ""bias_corrected_choice_logits"", ""selected_short_label"": ""NO""}"
11,EleutherAI/pythia-1b,pythia,1b,family_self,bft_eval_04,diagnosis,Diagnose why a paragraph feels intelligent and informed but still fails to tell the reader what matters most.,scrambled_profile,FIRST_PERSON,first_person_rate,1.0,0.0,0.0,1.0,NO,0.7098243832588196,,"{""raw_logit_scores"": {""YES"": 5.23828125, ""NO"": 4.0390625}, ""label_bias_scores"": {""YES"": 11.3203125, ""NO"": 9.2265625}, ""corrected_scores"": {""YES"": -6.08203125, ""NO"": -5.1875}, ""scoring_mode"": ""bias_corrected_choice_logits"", ""selected_short_label"": ""NO""}"
11,EleutherAI/pythia-1b,pythia,1b,family_self,bft_eval_04,diagnosis,Diagnose why a paragraph feels intelligent and informed but still fails to tell the reader what matters most.,scrambled_profile,DIRECTIVE,directive_rate,1.0,0.0,1.0,0.0,NO,0.6876299977302551,:,"{""raw_logit_scores"": {""YES"": 5.40625, ""NO"": 4.1015625}, ""label_bias_scores"": {""YES"": 11.3203125, ""NO"": 9.2265625}, ""corrected_scores"": {""YES"": -5.9140625, ""NO"": -5.125}, ""scoring_mode"": ""bias_corrected_choice_logits"", ""selected_short_label"": ""NO""}"
17,EleutherAI/pythia-1b,pythia,1b,family_self,bft_eval_01,triage,A small lab keeps discovering conflicting spreadsheet versions after each handoff. What should the team do in the next day?,self_profile,ELABORATE,avg_sentence_length,1.0,0.0,1.0,0.0,NO,0.6486889719963074,,"{""raw_logit_scores"": {""YES"": 5.8125, ""NO"": 4.33203125}, ""label_bias_scores"": {""YES"": 11.3203125, ""NO"": 9.2265625}, ""corrected_scores"": {""YES"": -5.5078125, ""NO"": -4.89453125}, ""scoring_mode"": ""bias_corrected_choice_logits"", ""selected_short_label"": ""NO""}"
17,EleutherAI/pythia-1b,pythia,1b,family_self,bft_eval_01,triage,A small lab keeps discovering conflicting spreadsheet versions after each handoff. What should the team do in the next day?,self_profile,HEDGE,hedge_density,1.0,0.0,0.0,1.0,NO,0.5592900514602661,the,"{""raw_logit_scores"": {""YES"": 6.89453125, ""NO"": 5.0390625}, ""label_bias_scores"": {""YES"": 11.3203125, ""NO"": 9.2265625}, ""corrected_scores"": {""YES"": -4.42578125, ""NO"": -4.1875}, ""scoring_mode"": ""bias_corrected_choice_logits"", ""selected_short_label"": ""NO""}"
17,EleutherAI/pythia-1b,pythia,1b,family_self,bft_eval_01,triage,A small lab keeps discovering conflicting spreadsheet versions after each handoff. What should the team do in the next day?,self_profile,FIRST_PERSON,first_person_rate,1.0,0.0,0.0,1.0,NO,0.5009765625,the,"{""raw_logit_scores"": {""YES"": 7.21875, ""NO"": 5.12890625}, ""label_bias_scores"": {""YES"": 11.3203125, ""NO"": 9.2265625}, ""corrected_scores"": {""YES"": -4.1015625, ""NO"": -4.09765625}, ""scoring_mode"": ""bias_corrected_choice_logits"", ""selected_short_label"": ""NO""}"
17,EleutherAI/pythia-1b,pythia,1b,family_self,bft_eval_01,triage,A small lab keeps discovering conflicting spreadsheet versions after each handoff. What should the team do in the next day?,self_profile,DIRECTIVE,directive_rate,1.0,0.0,1.0,0.0,NO,0.7732163667678833,,"{""raw_logit_scores"": {""YES"": 8.59375, ""NO"": 7.7265625}, ""label_bias_scores"": {""YES"": 11.3203125, ""NO"": 9.2265625}, ""corrected_scores"": {""YES"": -2.7265625, ""NO"": -1.5}, ""scoring_mode"": ""bias_corrected_choice_logits"", ""selected_short_label"": ""NO""}"
17,EleutherAI/pythia-1b,pythia,1b,family_self,bft_eval_01,triage,A small lab keeps discovering conflicting spreadsheet versions after each handoff. What should the team do in the next day?,matched_decoy,ELABORATE,avg_sentence_length,1.0,0.0,1.0,0.0,NO,0.9796676635742188,",","{""raw_logit_scores"": {""YES"": 9.296875, ""NO"": 11.078125}, ""label_bias_scores"": {""YES"": 11.3203125, ""NO"": 9.2265625}, ""corrected_scores"": {""YES"": -2.0234375, ""NO"": 1.8515625}, ""scoring_mode"": ""bias_corrected_choice_logits"", ""selected_short_label"": ""NO""}"
17,EleutherAI/pythia-1b,pythia,1b,family_self,bft_eval_01,triage,A small lab keeps discovering conflicting spreadsheet versions after each handoff. What should the team do in the next day?,matched_decoy,HEDGE,hedge_density,1.0,1.0,0.0,0.0,YES,0.8504685759544373,hed,"{""raw_logit_scores"": {""YES"": 6.88671875, ""NO"": 3.0546875}, ""label_bias_scores"": {""YES"": 11.3203125, ""NO"": 9.2265625}, ""corrected_scores"": {""YES"": -4.43359375, ""NO"": -6.171875}, ""scoring_mode"": ""bias_corrected_choice_logits"", ""selected_short_label"": ""YES""}"
17,EleutherAI/pythia-1b,pythia,1b,family_self,bft_eval_01,triage,A small lab keeps discovering conflicting spreadsheet versions after each handoff. What should the team do in the next day?,matched_decoy,FIRST_PERSON,first_person_rate,1.0,1.0,0.0,0.0,YES,0.8624675869941711,answer,"{""raw_logit_scores"": {""YES"": 7.00390625, ""NO"": 3.07421875}, ""label_bias_scores"": {""YES"": 11.3203125, ""NO"": 9.2265625}, ""corrected_scores"": {""YES"": -4.31640625, ""NO"": -6.15234375}, ""scoring_mode"": ""bias_corrected_choice_logits"", ""selected_short_label"": ""YES""}"
17,EleutherAI/pythia-1b,pythia,1b,family_self,bft_eval_01,triage,A small lab keeps discovering conflicting spreadsheet versions after each handoff. What should the team do in the next day?,matched_decoy,DIRECTIVE,directive_rate,1.0,0.0,1.0,0.0,NO,0.6132365465164185,:,"{""raw_logit_scores"": {""YES"": 8.78125, ""NO"": 7.1484375}, ""label_bias_scores"": {""YES"": 11.3203125, ""NO"": 9.2265625}, ""corrected_scores"": {""YES"": -2.5390625, ""NO"": -2.078125}, ""scoring_mode"": ""bias_corrected_choice_logits"", ""selected_short_label"": ""NO""}"
17,EleutherAI/pythia-1b,pythia,1b,family_self,bft_eval_01,triage,A small lab keeps discovering conflicting spreadsheet versions after each handoff. What should the team do in the next day?,scrambled_profile,ELABORATE,avg_sentence_length,1.0,0.0,1.0,0.0,NO,0.6442250609397888,,"{""raw_logit_scores"": {""YES"": 5.78125, ""NO"": 4.28125}, ""label_bias_scores"": {""YES"": 11.3203125, ""NO"": 9.2265625}, ""corrected_scores"": {""YES"": -5.5390625, ""NO"": -4.9453125}, ""scoring_mode"": ""bias_corrected_choice_logits"", ""selected_short_label"": ""NO""}"
17,EleutherAI/pythia-1b,pythia,1b,family_self,bft_eval_01,triage,A small lab keeps discovering conflicting spreadsheet versions after each handoff. What should the team do in the next day?,scrambled_profile,HEDGE,hedge_density,1.0,0.0,0.0,1.0,NO,0.5525397062301636,the,"{""raw_logit_scores"": {""YES"": 6.89453125, ""NO"": 5.01171875}, ""label_bias_scores"": {""YES"": 11.3203125, ""NO"": 9.2265625}, ""corrected_scores"": {""YES"": -4.42578125, ""NO"": -4.21484375}, ""scoring_mode"": ""bias_corrected_choice_logits"", ""selected_short_label"": ""NO""}"
17,EleutherAI/pythia-1b,pythia,1b,family_self,bft_eval_01,triage,A small lab keeps discovering conflicting spreadsheet versions after each handoff. What should the team do in the next day?,scrambled_profile,FIRST_PERSON,first_person_rate,1.0,1.0,0.0,0.0,YES,0.5107405185699463,the,"{""raw_logit_scores"": {""YES"": 7.24609375, ""NO"": 5.109375}, ""label_bias_scores"": {""YES"": 11.3203125, ""NO"": 9.2265625}, ""corrected_scores"": {""YES"": -4.07421875, ""NO"": -4.1171875}, ""scoring_mode"": ""bias_corrected_choice_logits"", ""selected_short_label"": ""YES""}"
17,EleutherAI/pythia-1b,pythia,1b,family_self,bft_eval_01,triage,A small lab keeps discovering conflicting spreadsheet versions after each handoff. What should the team do in the next day?,scrambled_profile,DIRECTIVE,directive_rate,1.0,0.0,1.0,0.0,NO,0.7752646803855896,,"{""raw_logit_scores"": {""YES"": 8.5390625, ""NO"": 7.68359375}, ""label_bias_scores"": {""YES"": 11.3203125, ""NO"": 9.2265625}, ""corrected_scores"": {""YES"": -2.78125, ""NO"": -1.54296875}, ""scoring_mode"": ""bias_corrected_choice_logits"", ""selected_short_label"": ""NO""}"
17,EleutherAI/pythia-1b,pythia,1b,family_self,bft_eval_02,critique,Give feedback on a student memo that is energetic and polite but hides the recommendation until the final line.,self_profile,ELABORATE,avg_sentence_length,1.0,0.0,1.0,0.0,NO,0.9076402187347412,",","{""raw_logit_scores"": {""YES"": 7.92578125, ""NO"": 8.1171875}, ""label_bias_scores"": {""YES"": 11.3203125, ""NO"": 9.2265625}, ""corrected_scores"": {""YES"": -3.39453125, ""NO"": -1.109375}, ""scoring_mode"": ""bias_corrected_choice_logits"", ""selected_short_label"": ""NO""}"
17,EleutherAI/pythia-1b,pythia,1b,family_self,bft_eval_02,critique,Give feedback on a student memo that is energetic and polite but hides the recommendation until the final line.,self_profile,HEDGE,hedge_density,1.0,0.0,1.0,0.0,NO,0.7994422912597656,the,"{""raw_logit_scores"": {""YES"": 4.74609375, ""NO"": 4.03515625}, ""label_bias_scores"": {""YES"": 11.3203125, ""NO"": 9.2265625}, ""corrected_scores"": {""YES"": -6.57421875, ""NO"": -5.19140625}, ""scoring_mode"": ""bias_corrected_choice_logits"", ""selected_short_label"": ""NO""}"
17,EleutherAI/pythia-1b,pythia,1b,family_self,bft_eval_02,critique,Give feedback on a student memo that is energetic and polite but hides the recommendation until the final line.,self_profile,FIRST_PERSON,first_person_rate,1.0,0.0,1.0,0.0,NO,0.7902066707611084,the,"{""raw_logit_scores"": {""YES"": 4.6015625, ""NO"": 3.833984375}, ""label_bias_scores"": {""YES"": 11.3203125, ""NO"": 9.2265625}, ""corrected_scores"": {""YES"": -6.71875, ""NO"": -5.392578125}, ""scoring_mode"": ""bias_corrected_choice_logits"", ""selected_short_label"": ""NO""}"
17,EleutherAI/pythia-1b,pythia,1b,family_self,bft_eval_02,critique,Give feedback on a student memo that is energetic and polite but hides the recommendation until the final line.,self_profile,DIRECTIVE,directive_rate,1.0,0.0,0.0,1.0,NO,0.6495786309242249,,"{""raw_logit_scores"": {""YES"": 12.8828125, ""NO"": 11.40625}, ""label_bias_scores"": {""YES"": 11.3203125, ""NO"": 9.2265625}, ""corrected_scores"": {""YES"": 1.5625, ""NO"": 2.1796875}, ""scoring_mode"": ""bias_corrected_choice_logits"", ""selected_short_label"": ""NO""}"
17,EleutherAI/pythia-1b,pythia,1b,family_self,bft_eval_02,critique,Give feedback on a student memo that is energetic and polite but hides the recommendation until the final line.,matched_decoy,ELABORATE,avg_sentence_length,1.0,0.0,1.0,0.0,NO,0.907967209815979,,"{""raw_logit_scores"": {""YES"": 10.125, ""NO"": 10.3203125}, ""label_bias_scores"": {""YES"": 11.3203125, ""NO"": 9.2265625}, ""corrected_scores"": {""YES"": -1.1953125, ""NO"": 1.09375}, ""scoring_mode"": ""bias_corrected_choice_logits"", ""selected_short_label"": ""NO""}"
17,EleutherAI/pythia-1b,pythia,1b,family_self,bft_eval_02,critique,Give feedback on a student memo that is energetic and polite but hides the recommendation until the final line.,matched_decoy,HEDGE,hedge_density,1.0,0.0,1.0,0.0,NO,0.6011253595352173,,"{""raw_logit_scores"": {""YES"": 7.04296875, ""NO"": 5.359375}, ""label_bias_scores"": {""YES"": 11.3203125, ""NO"": 9.2265625}, ""corrected_scores"": {""YES"": -4.27734375, ""NO"": -3.8671875}, ""scoring_mode"": ""bias_corrected_choice_logits"", ""selected_short_label"": ""NO""}"
17,EleutherAI/pythia-1b,pythia,1b,family_self,bft_eval_02,critique,Give feedback on a student memo that is energetic and polite but hides the recommendation until the final line.,matched_decoy,FIRST_PERSON,first_person_rate,1.0,0.0,1.0,0.0,NO,0.6740504503250122,,"{""raw_logit_scores"": {""YES"": 6.25390625, ""NO"": 4.88671875}, ""label_bias_scores"": {""YES"": 11.3203125, ""NO"": 9.2265625}, ""corrected_scores"": {""YES"": -5.06640625, ""NO"": -4.33984375}, ""scoring_mode"": ""bias_corrected_choice_logits"", ""selected_short_label"": ""NO""}"
17,EleutherAI/pythia-1b,pythia,1b,family_self,bft_eval_02,critique,Give feedback on a student memo that is energetic and polite but hides the recommendation until the final line.,matched_decoy,DIRECTIVE,directive_rate,1.0,0.0,0.0,1.0,NO,0.6740504503250122,:,"{""raw_logit_scores"": {""YES"": 5.69921875, ""NO"": 4.33203125}, ""label_bias_scores"": {""YES"": 11.3203125, ""NO"": 9.2265625}, ""corrected_scores"": {""YES"": -5.62109375, ""NO"": -4.89453125}, ""scoring_mode"": ""bias_corrected_choice_logits"", ""selected_short_label"": ""NO""}"
17,EleutherAI/pythia-1b,pythia,1b,family_self,bft_eval_02,critique,Give feedback on a student memo that is energetic and polite but hides the recommendation until the final line.,scrambled_profile,ELABORATE,avg_sentence_length,1.0,0.0,1.0,0.0,NO,0.9043130874633789,",","{""raw_logit_scores"": {""YES"": 7.90234375, ""NO"": 8.0546875}, ""label_bias_scores"": {""YES"": 11.3203125, ""NO"": 9.2265625}, ""corrected_scores"": {""YES"": -3.41796875, ""NO"": -1.171875}, ""scoring_mode"": ""bias_corrected_choice_logits"", ""selected_short_label"": ""NO""}"
17,EleutherAI/pythia-1b,pythia,1b,family_self,bft_eval_02,critique,Give feedback on a student memo that is energetic and polite but hides the recommendation until the final line.,scrambled_profile,HEDGE,hedge_density,1.0,0.0,1.0,0.0,NO,0.7947037816047668,the,"{""raw_logit_scores"": {""YES"": 4.71875, ""NO"": 3.978515625}, ""label_bias_scores"": {""YES"": 11.3203125, ""NO"": 9.2265625}, ""corrected_scores"": {""YES"": -6.6015625, ""NO"": -5.248046875}, ""scoring_mode"": ""bias_corrected_choice_logits"", ""selected_short_label"": ""NO""}"
17,EleutherAI/pythia-1b,pythia,1b,family_self,bft_eval_02,critique,Give feedback on a student memo that is energetic and polite but hides the recommendation until the final line.,scrambled_profile,FIRST_PERSON,first_person_rate,1.0,0.0,1.0,0.0,NO,0.7839884757995605,the,"{""raw_logit_scores"": {""YES"": 4.578125, ""NO"": 3.7734375}, ""label_bias_scores"": {""YES"": 11.3203125, ""NO"": 9.2265625}, ""corrected_scores"": {""YES"": -6.7421875, ""NO"": -5.453125}, ""scoring_mode"": ""bias_corrected_choice_logits"", ""selected_short_label"": ""NO""}"
17,EleutherAI/pythia-1b,pythia,1b,family_self,bft_eval_02,critique,Give feedback on a student memo that is energetic and polite but hides the recommendation until the final line.,scrambled_profile,DIRECTIVE,directive_rate,1.0,0.0,0.0,1.0,NO,0.6495786309242249,,"{""raw_logit_scores"": {""YES"": 12.671875, ""NO"": 11.1953125}, ""label_bias_scores"": {""YES"": 11.3203125, ""NO"": 9.2265625}, ""corrected_scores"": {""YES"": 1.3515625, ""NO"": 1.96875}, ""scoring_mode"": ""bias_corrected_choice_logits"", ""selected_short_label"": ""NO""}"
17,EleutherAI/pythia-1b,pythia,1b,family_self,bft_eval_03,policy,Write a short policy note on how a museum team should document changes to exhibit labels during revision.,self_profile,ELABORATE,avg_sentence_length,1.0,0.0,1.0,0.0,NO,0.8558511734008789,,"{""raw_logit_scores"": {""YES"": 10.3515625, ""NO"": 10.0390625}, ""label_bias_scores"": {""YES"": 11.3203125, ""NO"": 9.2265625}, ""corrected_scores"": {""YES"": -0.96875, ""NO"": 0.8125}, ""scoring_mode"": ""bias_corrected_choice_logits"", ""selected_short_label"": ""NO""}"
17,EleutherAI/pythia-1b,pythia,1b,family_self,bft_eval_03,policy,Write a short policy note on how a museum team should document changes to exhibit labels during revision.,self_profile,HEDGE,hedge_density,1.0,0.0,0.0,1.0,NO,0.562176525592804,,"{""raw_logit_scores"": {""YES"": 6.2109375, ""NO"": 4.3671875}, ""label_bias_scores"": {""YES"": 11.3203125, ""NO"": 9.2265625}, ""corrected_scores"": {""YES"": -5.109375, ""NO"": -4.859375}, ""scoring_mode"": ""bias_corrected_choice_logits"", ""selected_short_label"": ""NO""}"
17,EleutherAI/pythia-1b,pythia,1b,family_self,bft_eval_03,policy,Write a short policy note on how a museum team should document changes to exhibit labels during revision.,self_profile,FIRST_PERSON,first_person_rate,1.0,0.0,0.0,1.0,NO,0.666279673576355,,"{""raw_logit_scores"": {""YES"": 4.94921875, ""NO"": 3.546875}, ""label_bias_scores"": {""YES"": 11.3203125, ""NO"": 9.2265625}, ""corrected_scores"": {""YES"": -6.37109375, ""NO"": -5.6796875}, ""scoring_mode"": ""bias_corrected_choice_logits"", ""selected_short_label"": ""NO""}"
17,EleutherAI/pythia-1b,pythia,1b,family_self,bft_eval_03,policy,Write a short policy note on how a museum team should document changes to exhibit labels during revision.,self_profile,DIRECTIVE,directive_rate,1.0,0.0,0.0,1.0,NO,0.696784257888794,:,"{""raw_logit_scores"": {""YES"": 5.56640625, ""NO"": 4.3046875}, ""label_bias_scores"": {""YES"": 11.3203125, ""NO"": 9.2265625}, ""corrected_scores"": {""YES"": -5.75390625, ""NO"": -4.921875}, ""scoring_mode"": ""bias_corrected_choice_logits"", ""selected_short_label"": ""NO""}"
17,EleutherAI/pythia-1b,pythia,1b,family_self,bft_eval_03,policy,Write a short policy note on how a museum team should document changes to exhibit labels during revision.,matched_decoy,ELABORATE,avg_sentence_length,1.0,0.0,1.0,0.0,NO,0.722527027130127,,"{""raw_logit_scores"": {""YES"": 8.78125, ""NO"": 7.64453125}, ""label_bias_scores"": {""YES"": 11.3203125, ""NO"": 9.2265625}, ""corrected_scores"": {""YES"": -2.5390625, ""NO"": -1.58203125}, ""scoring_mode"": ""bias_corrected_choice_logits"", ""selected_short_label"": ""NO""}"
17,EleutherAI/pythia-1b,pythia,1b,family_self,bft_eval_03,policy,Write a short policy note on how a museum team should document changes to exhibit labels during revision.,matched_decoy,HEDGE,hedge_density,1.0,0.0,0.0,1.0,NO,0.9693241715431213,",","{""raw_logit_scores"": {""YES"": 9.5703125, ""NO"": 10.9296875}, ""label_bias_scores"": {""YES"": 11.3203125, ""NO"": 9.2265625}, ""corrected_scores"": {""YES"": -1.75, ""NO"": 1.703125}, ""scoring_mode"": ""bias_corrected_choice_logits"", ""selected_short_label"": ""NO""}"
17,EleutherAI/pythia-1b,pythia,1b,family_self,bft_eval_03,policy,Write a short policy note on how a museum team should document changes to exhibit labels during revision.,matched_decoy,FIRST_PERSON,first_person_rate,1.0,0.0,0.0,1.0,NO,0.9805806875228882,",","{""raw_logit_scores"": {""YES"": 9.2109375, ""NO"": 11.0390625}, ""label_bias_scores"": {""YES"": 11.3203125, ""NO"": 9.2265625}, ""corrected_scores"": {""YES"": -2.109375, ""NO"": 1.8125}, ""scoring_mode"": ""bias_corrected_choice_logits"", ""selected_short_label"": ""NO""}"
17,EleutherAI/pythia-1b,pythia,1b,family_self,bft_eval_03,policy,Write a short policy note on how a museum team should document changes to exhibit labels during revision.,matched_decoy,DIRECTIVE,directive_rate,1.0,0.0,0.0,1.0,NO,0.7217432260513306,,"{""raw_logit_scores"": {""YES"": 10.3984375, ""NO"": 9.2578125}, ""label_bias_scores"": {""YES"": 11.3203125, ""NO"": 9.2265625}, ""corrected_scores"": {""YES"": -0.921875, ""NO"": 0.03125}, ""scoring_mode"": ""bias_corrected_choice_logits"", ""selected_short_label"": ""NO""}"
17,EleutherAI/pythia-1b,pythia,1b,family_self,bft_eval_03,policy,Write a short policy note on how a museum team should document changes to exhibit labels during revision.,scrambled_profile,ELABORATE,avg_sentence_length,1.0,0.0,1.0,0.0,NO,0.8529354929924011,,"{""raw_logit_scores"": {""YES"": 10.375, ""NO"": 10.0390625}, ""label_bias_scores"": {""YES"": 11.3203125, ""NO"": 9.2265625}, ""corrected_scores"": {""YES"": -0.9453125, ""NO"": 0.8125}, ""scoring_mode"": ""bias_corrected_choice_logits"", ""selected_short_label"": ""NO""}"
17,EleutherAI/pythia-1b,pythia,1b,family_self,bft_eval_03,policy,Write a short policy note on how a museum team should document changes to exhibit labels during revision.,scrambled_profile,HEDGE,hedge_density,1.0,0.0,0.0,1.0,NO,0.5448014140129089,,"{""raw_logit_scores"": {""YES"": 6.29296875, ""NO"": 4.37890625}, ""label_bias_scores"": {""YES"": 11.3203125, ""NO"": 9.2265625}, ""corrected_scores"": {""YES"": -5.02734375, ""NO"": -4.84765625}, ""scoring_mode"": ""bias_corrected_choice_logits"", ""selected_short_label"": ""NO""}"
17,EleutherAI/pythia-1b,pythia,1b,family_self,bft_eval_03,policy,Write a short policy note on how a museum team should document changes to exhibit labels during revision.,scrambled_profile,FIRST_PERSON,first_person_rate,1.0,0.0,0.0,1.0,NO,0.6592954993247986,,"{""raw_logit_scores"": {""YES"": 4.98046875, ""NO"": 3.546875}, ""label_bias_scores"": {""YES"": 11.3203125, ""NO"": 9.2265625}, ""corrected_scores"": {""YES"": -6.33984375, ""NO"": -5.6796875}, ""scoring_mode"": ""bias_corrected_choice_logits"", ""selected_short_label"": ""NO""}"
17,EleutherAI/pythia-1b,pythia,1b,family_self,bft_eval_03,policy,Write a short policy note on how a museum team should document changes to exhibit labels during revision.,scrambled_profile,DIRECTIVE,directive_rate,1.0,0.0,0.0,1.0,NO,0.6934729218482971,:,"{""raw_logit_scores"": {""YES"": 5.53125, ""NO"": 4.25390625}, ""label_bias_scores"": {""YES"": 11.3203125, ""NO"": 9.2265625}, ""corrected_scores"": {""YES"": -5.7890625, ""NO"": -4.97265625}, ""scoring_mode"": ""bias_corrected_choice_logits"", ""selected_short_label"": ""NO""}"
17,EleutherAI/pythia-1b,pythia,1b,family_self,bft_eval_04,diagnosis,Diagnose why a paragraph feels intelligent and informed but still fails to tell the reader what matters most.,self_profile,ELABORATE,avg_sentence_length,1.0,0.0,1.0,0.0,NO,0.9238675236701965,",","{""raw_logit_scores"": {""YES"": 7.91796875, ""NO"": 8.3203125}, ""label_bias_scores"": {""YES"": 11.3203125, ""NO"": 9.2265625}, ""corrected_scores"": {""YES"": -3.40234375, ""NO"": -0.90625}, ""scoring_mode"": ""bias_corrected_choice_logits"", ""selected_short_label"": ""NO""}"
17,EleutherAI/pythia-1b,pythia,1b,family_self,bft_eval_04,diagnosis,Diagnose why a paragraph feels intelligent and informed but still fails to tell the reader what matters most.,self_profile,HEDGE,hedge_density,1.0,0.0,0.0,1.0,NO,0.8591918349266052,the,"{""raw_logit_scores"": {""YES"": 3.734375, ""NO"": 3.44921875}, ""label_bias_scores"": {""YES"": 11.3203125, ""NO"": 9.2265625}, ""corrected_scores"": {""YES"": -7.5859375, ""NO"": -5.77734375}, ""scoring_mode"": ""bias_corrected_choice_logits"", ""selected_short_label"": ""NO""}"
17,EleutherAI/pythia-1b,pythia,1b,family_self,bft_eval_04,diagnosis,Diagnose why a paragraph feels intelligent and informed but still fails to tell the reader what matters most.,self_profile,FIRST_PERSON,first_person_rate,1.0,0.0,1.0,0.0,NO,0.8631610870361328,the,"{""raw_logit_scores"": {""YES"": 3.59375, ""NO"": 3.341796875}, ""label_bias_scores"": {""YES"": 11.3203125, ""NO"": 9.2265625}, ""corrected_scores"": {""YES"": -7.7265625, ""NO"": -5.884765625}, ""scoring_mode"": ""bias_corrected_choice_logits"", ""selected_short_label"": ""NO""}"
17,EleutherAI/pythia-1b,pythia,1b,family_self,bft_eval_04,diagnosis,Diagnose why a paragraph feels intelligent and informed but still fails to tell the reader what matters most.,self_profile,DIRECTIVE,directive_rate,1.0,0.0,1.0,0.0,NO,0.6442250609397888,,"{""raw_logit_scores"": {""YES"": 12.796875, ""NO"": 11.296875}, ""label_bias_scores"": {""YES"": 11.3203125, ""NO"": 9.2265625}, ""corrected_scores"": {""YES"": 1.4765625, ""NO"": 2.0703125}, ""scoring_mode"": ""bias_corrected_choice_logits"", ""selected_short_label"": ""NO""}"
17,EleutherAI/pythia-1b,pythia,1b,family_self,bft_eval_04,diagnosis,Diagnose why a paragraph feels intelligent and informed but still fails to tell the reader what matters most.,matched_decoy,ELABORATE,avg_sentence_length,1.0,0.0,1.0,0.0,NO,0.907967209815979,,"{""raw_logit_scores"": {""YES"": 10.296875, ""NO"": 10.4921875}, ""label_bias_scores"": {""YES"": 11.3203125, ""NO"": 9.2265625}, ""corrected_scores"": {""YES"": -1.0234375, ""NO"": 1.265625}, ""scoring_mode"": ""bias_corrected_choice_logits"", ""selected_short_label"": ""NO""}"
17,EleutherAI/pythia-1b,pythia,1b,family_self,bft_eval_04,diagnosis,Diagnose why a paragraph feels intelligent and informed but still fails to tell the reader what matters most.,matched_decoy,HEDGE,hedge_density,1.0,0.0,0.0,1.0,NO,0.6486889719963074,,"{""raw_logit_scores"": {""YES"": 5.9921875, ""NO"": 4.51171875}, ""label_bias_scores"": {""YES"": 11.3203125, ""NO"": 9.2265625}, ""corrected_scores"": {""YES"": -5.328125, ""NO"": -4.71484375}, ""scoring_mode"": ""bias_corrected_choice_logits"", ""selected_short_label"": ""NO""}"
17,EleutherAI/pythia-1b,pythia,1b,family_self,bft_eval_04,diagnosis,Diagnose why a paragraph feels intelligent and informed but still fails to tell the reader what matters most.,matched_decoy,FIRST_PERSON,first_person_rate,1.0,0.0,1.0,0.0,NO,0.722527027130127,,"{""raw_logit_scores"": {""YES"": 5.2265625, ""NO"": 4.08984375}, ""label_bias_scores"": {""YES"": 11.3203125, ""NO"": 9.2265625}, ""corrected_scores"": {""YES"": -6.09375, ""NO"": -5.13671875}, ""scoring_mode"": ""bias_corrected_choice_logits"", ""selected_short_label"": ""NO""}"
17,EleutherAI/pythia-1b,pythia,1b,family_self,bft_eval_04,diagnosis,Diagnose why a paragraph feels intelligent and informed but still fails to tell the reader what matters most.,matched_decoy,DIRECTIVE,directive_rate,1.0,0.0,1.0,0.0,NO,0.6876299977302551,:,"{""raw_logit_scores"": {""YES"": 5.39453125, ""NO"": 4.08984375}, ""label_bias_scores"": {""YES"": 11.3203125, ""NO"": 9.2265625}, ""corrected_scores"": {""YES"": -5.92578125, ""NO"": -5.13671875}, ""scoring_mode"": ""bias_corrected_choice_logits"", ""selected_short_label"": ""NO""}"
17,EleutherAI/pythia-1b,pythia,1b,family_self,bft_eval_04,diagnosis,Diagnose why a paragraph feels intelligent and informed but still fails to tell the reader what matters most.,scrambled_profile,ELABORATE,avg_sentence_length,1.0,0.0,1.0,0.0,NO,0.9227612018585205,",","{""raw_logit_scores"": {""YES"": 7.90234375, ""NO"": 8.2890625}, ""label_bias_scores"": {""YES"": 11.3203125, ""NO"": 9.2265625}, ""corrected_scores"": {""YES"": -3.41796875, ""NO"": -0.9375}, ""scoring_mode"": ""bias_corrected_choice_logits"", ""selected_short_label"": ""NO""}"
17,EleutherAI/pythia-1b,pythia,1b,family_self,bft_eval_04,diagnosis,Diagnose why a paragraph feels intelligent and informed but still fails to tell the reader what matters most.,scrambled_profile,HEDGE,hedge_density,1.0,0.0,0.0,1.0,NO,0.867260754108429,the,"{""raw_logit_scores"": {""YES"": 3.65234375, ""NO"": 3.435546875}, ""label_bias_scores"": {""YES"": 11.3203125, ""NO"": 9.2265625}, ""corrected_scores"": {""YES"": -7.66796875, ""NO"": -5.791015625}, ""scoring_mode"": ""bias_corrected_choice_logits"", ""selected_short_label"": ""NO""}"
17,EleutherAI/pythia-1b,pythia,1b,family_self,bft_eval_04,diagnosis,Diagnose why a paragraph feels intelligent and informed but still fails to tell the reader what matters most.,scrambled_profile,FIRST_PERSON,first_person_rate,1.0,0.0,1.0,0.0,NO,0.8705973029136658,the,"{""raw_logit_scores"": {""YES"": 3.521484375, ""NO"": 3.333984375}, ""label_bias_scores"": {""YES"": 11.3203125, ""NO"": 9.2265625}, ""corrected_scores"": {""YES"": -7.798828125, ""NO"": -5.892578125}, ""scoring_mode"": ""bias_corrected_choice_logits"", ""selected_short_label"": ""NO""}"
17,EleutherAI/pythia-1b,pythia,1b,family_self,bft_eval_04,diagnosis,Diagnose why a paragraph feels intelligent and informed but still fails to tell the reader what matters most.,scrambled_profile,DIRECTIVE,directive_rate,1.0,0.0,1.0,0.0,NO,0.6460136771202087,,"{""raw_logit_scores"": {""YES"": 12.6796875, ""NO"": 11.1875}, ""label_bias_scores"": {""YES"": 11.3203125, ""NO"": 9.2265625}, ""corrected_scores"": {""YES"": 1.359375, ""NO"": 1.9609375}, ""scoring_mode"": ""bias_corrected_choice_logits"", ""selected_short_label"": ""NO""}"
11,EleutherAI/pythia-1b,pythia,1b,stable_style_policy,bft_eval_01,triage,A small lab keeps discovering conflicting spreadsheet versions after each handoff. What should the team do in the next day?,self_profile,ELABORATE,avg_sentence_length,1.0,0.0,0.0,1.0,NO,0.954562783241272,se,"{""raw_logit_scores"": {""YES"": -1.548828125, ""NO"": -0.59765625}, ""label_bias_scores"": {""YES"": 11.3203125, ""NO"": 9.2265625}, ""corrected_scores"": {""YES"": -12.869140625, ""NO"": -9.82421875}, ""scoring_mode"": ""bias_corrected_choice_logits"", ""selected_short_label"": ""NO""}"
11,EleutherAI/pythia-1b,pythia,1b,stable_style_policy,bft_eval_01,triage,A small lab keeps discovering conflicting spreadsheet versions after each handoff. What should the team do in the next day?,self_profile,HEDGE,hedge_density,1.0,0.0,0.0,1.0,NO,0.9326989054679871,"""","{""raw_logit_scores"": {""YES"": 4.68359375, ""NO"": 5.21875}, ""label_bias_scores"": {""YES"": 11.3203125, ""NO"": 9.2265625}, ""corrected_scores"": {""YES"": -6.63671875, ""NO"": -4.0078125}, ""scoring_mode"": ""bias_corrected_choice_logits"", ""selected_short_label"": ""NO""}"
11,EleutherAI/pythia-1b,pythia,1b,stable_style_policy,bft_eval_01,triage,A small lab keeps discovering conflicting spreadsheet versions after each handoff. What should the team do in the next day?,self_profile,FIRST_PERSON,first_person_rate,1.0,0.0,0.0,1.0,NO,0.8543993234634399,me,"{""raw_logit_scores"": {""YES"": 6.65625, ""NO"": 6.33203125}, ""label_bias_scores"": {""YES"": 11.3203125, ""NO"": 9.2265625}, ""corrected_scores"": {""YES"": -4.6640625, ""NO"": -2.89453125}, ""scoring_mode"": ""bias_corrected_choice_logits"", ""selected_short_label"": ""NO""}"
11,EleutherAI/pythia-1b,pythia,1b,stable_style_policy,bft_eval_01,triage,A small lab keeps discovering conflicting spreadsheet versions after each handoff. What should the team do in the next day?,self_profile,DIRECTIVE,directive_rate,1.0,0.0,0.0,1.0,NO,0.8783142566680908,Behavior,"{""raw_logit_scores"": {""YES"": 7.171875, ""NO"": 7.0546875}, ""label_bias_scores"": {""YES"": 11.3203125, ""NO"": 9.2265625}, ""corrected_scores"": {""YES"": -4.1484375, ""NO"": -2.171875}, ""scoring_mode"": ""bias_corrected_choice_logits"", ""selected_short_label"": ""NO""}"
11,EleutherAI/pythia-1b,pythia,1b,stable_style_policy,bft_eval_01,triage,A small lab keeps discovering conflicting spreadsheet versions after each handoff. What should the team do in the next day?,matched_decoy,ELABORATE,avg_sentence_length,1.0,0.0,0.0,1.0,NO,0.9530789256095886,se,"{""raw_logit_scores"": {""YES"": -1.5615234375, ""NO"": -0.64404296875}, ""label_bias_scores"": {""YES"": 11.3203125, ""NO"": 9.2265625}, ""corrected_scores"": {""YES"": -12.8818359375, ""NO"": -9.87060546875}, ""scoring_mode"": ""bias_corrected_choice_logits"", ""selected_short_label"": ""NO""}"
11,EleutherAI/pythia-1b,pythia,1b,stable_style_policy,bft_eval_01,triage,A small lab keeps discovering conflicting spreadsheet versions after each handoff. What should the team do in the next day?,matched_decoy,HEDGE,hedge_density,1.0,0.0,0.0,1.0,NO,0.9270997643470764,"""","{""raw_logit_scores"": {""YES"": 4.765625, ""NO"": 5.21484375}, ""label_bias_scores"": {""YES"": 11.3203125, ""NO"": 9.2265625}, ""corrected_scores"": {""YES"": -6.5546875, ""NO"": -4.01171875}, ""scoring_mode"": ""bias_corrected_choice_logits"", ""selected_short_label"": ""NO""}"
11,EleutherAI/pythia-1b,pythia,1b,stable_style_policy,bft_eval_01,triage,A small lab keeps discovering conflicting spreadsheet versions after each handoff. What should the team do in the next day?,matched_decoy,FIRST_PERSON,first_person_rate,1.0,0.0,0.0,1.0,NO,0.8534248471260071,me,"{""raw_logit_scores"": {""YES"": 6.6484375, ""NO"": 6.31640625}, ""label_bias_scores"": {""YES"": 11.3203125, ""NO"": 9.2265625}, ""corrected_scores"": {""YES"": -4.671875, ""NO"": -2.91015625}, ""scoring_mode"": ""bias_corrected_choice_logits"", ""selected_short_label"": ""NO""}"
11,EleutherAI/pythia-1b,pythia,1b,stable_style_policy,bft_eval_01,triage,A small lab keeps discovering conflicting spreadsheet versions after each handoff. What should the team do in the next day?,matched_decoy,DIRECTIVE,directive_rate,1.0,0.0,0.0,1.0,NO,0.8745065331459045,Behavior,"{""raw_logit_scores"": {""YES"": 7.1484375, ""NO"": 6.99609375}, ""label_bias_scores"": {""YES"": 11.3203125, ""NO"": 9.2265625}, ""corrected_scores"": {""YES"": -4.171875, ""NO"": -2.23046875}, ""scoring_mode"": ""bias_corrected_choice_logits"", ""selected_short_label"": ""NO""}"
11,EleutherAI/pythia-1b,pythia,1b,stable_style_policy,bft_eval_01,triage,A small lab keeps discovering conflicting spreadsheet versions after each handoff. What should the team do in the next day?,scrambled_profile,ELABORATE,avg_sentence_length,1.0,0.0,0.0,1.0,NO,0.9524857997894287,se,"{""raw_logit_scores"": {""YES"": -1.51171875, ""NO"": -0.607421875}, ""label_bias_scores"": {""YES"": 11.3203125, ""NO"": 9.2265625}, ""corrected_scores"": {""YES"": -12.83203125, ""NO"": -9.833984375}, ""scoring_mode"": ""bias_corrected_choice_logits"", ""selected_short_label"": ""NO""}"
11,EleutherAI/pythia-1b,pythia,1b,stable_style_policy,bft_eval_01,triage,A small lab keeps discovering conflicting spreadsheet versions after each handoff. What should the team do in the next day?,scrambled_profile,HEDGE,hedge_density,1.0,0.0,0.0,1.0,NO,0.9244152307510376,"""","{""raw_logit_scores"": {""YES"": 4.796875, ""NO"": 5.20703125}, ""label_bias_scores"": {""YES"": 11.3203125, ""NO"": 9.2265625}, ""corrected_scores"": {""YES"": -6.5234375, ""NO"": -4.01953125}, ""scoring_mode"": ""bias_corrected_choice_logits"", ""selected_short_label"": ""NO""}"
11,EleutherAI/pythia-1b,pythia,1b,stable_style_policy,bft_eval_01,triage,A small lab keeps discovering conflicting spreadsheet versions after each handoff. What should the team do in the next day?,scrambled_profile,FIRST_PERSON,first_person_rate,1.0,0.0,0.0,1.0,NO,0.8509647250175476,me,"{""raw_logit_scores"": {""YES"": 6.64453125, ""NO"": 6.29296875}, ""label_bias_scores"": {""YES"": 11.3203125, ""NO"": 9.2265625}, ""corrected_scores"": {""YES"": -4.67578125, ""NO"": -2.93359375}, ""scoring_mode"": ""bias_corrected_choice_logits"", ""selected_short_label"": ""NO""}"
11,EleutherAI/pythia-1b,pythia,1b,stable_style_policy,bft_eval_01,triage,A small lab keeps discovering conflicting spreadsheet versions after each handoff. What should the team do in the next day?,scrambled_profile,DIRECTIVE,directive_rate,1.0,0.0,0.0,1.0,NO,0.879561185836792,Behavior,"{""raw_logit_scores"": {""YES"": 7.08984375, ""NO"": 6.984375}, ""label_bias_scores"": {""YES"": 11.3203125, ""NO"": 9.2265625}, ""corrected_scores"": {""YES"": -4.23046875, ""NO"": -2.2421875}, ""scoring_mode"": ""bias_corrected_choice_logits"", ""selected_short_label"": ""NO""}"
11,EleutherAI/pythia-1b,pythia,1b,stable_style_policy,bft_eval_02,critique,Give feedback on a student memo that is energetic and polite but hides the recommendation until the final line.,self_profile,ELABORATE,avg_sentence_length,1.0,0.0,1.0,0.0,NO,0.6619228720664978,,"{""raw_logit_scores"": {""YES"": 8.546875, ""NO"": 7.125}, ""label_bias_scores"": {""YES"": 11.3203125, ""NO"": 9.2265625}, ""corrected_scores"": {""YES"": -2.7734375, ""NO"": -2.1015625}, ""scoring_mode"": ""bias_corrected_choice_logits"", ""selected_short_label"": ""NO""}"
11,EleutherAI/pythia-1b,pythia,1b,stable_style_policy,bft_eval_02,critique,Give feedback on a student memo that is energetic and polite but hides the recommendation until the final line.,self_profile,HEDGE,hedge_density,1.0,0.0,0.0,1.0,NO,0.6197014451026917,",","{""raw_logit_scores"": {""YES"": 6.35546875, ""NO"": 4.75}, ""label_bias_scores"": {""YES"": 11.3203125, ""NO"": 9.2265625}, ""corrected_scores"": {""YES"": -4.96484375, ""NO"": -4.4765625}, ""scoring_mode"": ""bias_corrected_choice_logits"", ""selected_short_label"": ""NO""}"
11,EleutherAI/pythia-1b,pythia,1b,stable_style_policy,bft_eval_02,critique,Give feedback on a student memo that is energetic and polite but hides the recommendation until the final line.,self_profile,FIRST_PERSON,first_person_rate,1.0,0.0,0.0,1.0,NO,0.7752646803855896,",","{""raw_logit_scores"": {""YES"": 3.5234375, ""NO"": 2.66796875}, ""label_bias_scores"": {""YES"": 11.3203125, ""NO"": 9.2265625}, ""corrected_scores"": {""YES"": -7.796875, ""NO"": -6.55859375}, ""scoring_mode"": ""bias_corrected_choice_logits"", ""selected_short_label"": ""NO""}"
11,EleutherAI/pythia-1b,pythia,1b,stable_style_policy,bft_eval_02,critique,Give feedback on a student memo that is energetic and polite but hides the recommendation until the final line.,self_profile,DIRECTIVE,directive_rate,1.0,0.0,1.0,0.0,NO,0.7371581792831421,the,"{""raw_logit_scores"": {""YES"": 7.1953125, ""NO"": 6.1328125}, ""label_bias_scores"": {""YES"": 11.3203125, ""NO"": 9.2265625}, ""corrected_scores"": {""YES"": -4.125, ""NO"": -3.09375}, ""scoring_mode"": ""bias_corrected_choice_logits"", ""selected_short_label"": ""NO""}"
11,EleutherAI/pythia-1b,pythia,1b,stable_style_policy,bft_eval_02,critique,Give feedback on a student memo that is energetic and polite but hides the recommendation until the final line.,matched_decoy,ELABORATE,avg_sentence_length,1.0,0.0,1.0,0.0,NO,0.6522414088249207,,"{""raw_logit_scores"": {""YES"": 8.46875, ""NO"": 7.00390625}, ""label_bias_scores"": {""YES"": 11.3203125, ""NO"": 9.2265625}, ""corrected_scores"": {""YES"": -2.8515625, ""NO"": -2.22265625}, ""scoring_mode"": ""bias_corrected_choice_logits"", ""selected_short_label"": ""NO""}"
11,EleutherAI/pythia-1b,pythia,1b,stable_style_policy,bft_eval_02,critique,Give feedback on a student memo that is energetic and polite but hides the recommendation until the final line.,matched_decoy,HEDGE,hedge_density,1.0,0.0,0.0,1.0,NO,0.6076632142066956,",","{""raw_logit_scores"": {""YES"": 6.359375, ""NO"": 4.703125}, ""label_bias_scores"": {""YES"": 11.3203125, ""NO"": 9.2265625}, ""corrected_scores"": {""YES"": -4.9609375, ""NO"": -4.5234375}, ""scoring_mode"": ""bias_corrected_choice_logits"", ""selected_short_label"": ""NO""}"
11,EleutherAI/pythia-1b,pythia,1b,stable_style_policy,bft_eval_02,critique,Give feedback on a student memo that is energetic and polite but hides the recommendation until the final line.,matched_decoy,FIRST_PERSON,first_person_rate,1.0,0.0,0.0,1.0,NO,0.7634837031364441,",","{""raw_logit_scores"": {""YES"": 3.541015625, ""NO"": 2.619140625}, ""label_bias_scores"": {""YES"": 11.3203125, ""NO"": 9.2265625}, ""corrected_scores"": {""YES"": -7.779296875, ""NO"": -6.607421875}, ""scoring_mode"": ""bias_corrected_choice_logits"", ""selected_short_label"": ""NO""}"
11,EleutherAI/pythia-1b,pythia,1b,stable_style_policy,bft_eval_02,critique,Give feedback on a student memo that is energetic and polite but hides the recommendation until the final line.,matched_decoy,DIRECTIVE,directive_rate,1.0,0.0,1.0,0.0,NO,0.7209580540657043,the,"{""raw_logit_scores"": {""YES"": 7.17578125, ""NO"": 6.03125}, ""label_bias_scores"": {""YES"": 11.3203125, ""NO"": 9.2265625}, ""corrected_scores"": {""YES"": -4.14453125, ""NO"": -3.1953125}, ""scoring_mode"": ""bias_corrected_choice_logits"", ""selected_short_label"": ""NO""}"
11,EleutherAI/pythia-1b,pythia,1b,stable_style_policy,bft_eval_02,critique,Give feedback on a student memo that is energetic and polite but hides the recommendation until the final line.,scrambled_profile,ELABORATE,avg_sentence_length,1.0,0.0,1.0,0.0,NO,0.8674854636192322,?,"{""raw_logit_scores"": {""YES"": 4.59765625, ""NO"": 4.3828125}, ""label_bias_scores"": {""YES"": 11.3203125, ""NO"": 9.2265625}, ""corrected_scores"": {""YES"": -6.72265625, ""NO"": -4.84375}, ""scoring_mode"": ""bias_corrected_choice_logits"", ""selected_short_label"": ""NO""}"
11,EleutherAI/pythia-1b,pythia,1b,stable_style_policy,bft_eval_02,critique,Give feedback on a student memo that is energetic and polite but hides the recommendation until the final line.,scrambled_profile,HEDGE,hedge_density,1.0,0.0,0.0,1.0,NO,0.9392480850219727,maybe,"{""raw_logit_scores"": {""YES"": 5.8671875, ""NO"": 6.51171875}, ""label_bias_scores"": {""YES"": 11.3203125, ""NO"": 9.2265625}, ""corrected_scores"": {""YES"": -5.453125, ""NO"": -2.71484375}, ""scoring_mode"": ""bias_corrected_choice_logits"", ""selected_short_label"": ""NO""}"
11,EleutherAI/pythia-1b,pythia,1b,stable_style_policy,bft_eval_02,critique,Give feedback on a student memo that is energetic and polite but hides the recommendation until the final line.,scrambled_profile,FIRST_PERSON,first_person_rate,1.0,0.0,0.0,1.0,NO,0.8464508652687073,me,"{""raw_logit_scores"": {""YES"": 5.98828125, ""NO"": 5.6015625}, ""label_bias_scores"": {""YES"": 11.3203125, ""NO"": 9.2265625}, ""corrected_scores"": {""YES"": -5.33203125, ""NO"": -3.625}, ""scoring_mode"": ""bias_corrected_choice_logits"", ""selected_short_label"": ""NO""}"
11,EleutherAI/pythia-1b,pythia,1b,stable_style_policy,bft_eval_02,critique,Give feedback on a student memo that is energetic and polite but hides the recommendation until the final line.,scrambled_profile,DIRECTIVE,directive_rate,1.0,0.0,1.0,0.0,NO,0.6113819479942322,:,"{""raw_logit_scores"": {""YES"": 7.72265625, ""NO"": 6.08203125}, ""label_bias_scores"": {""YES"": 11.3203125, ""NO"": 9.2265625}, ""corrected_scores"": {""YES"": -3.59765625, ""NO"": -3.14453125}, ""scoring_mode"": ""bias_corrected_choice_logits"", ""selected_short_label"": ""NO""}"
11,EleutherAI/pythia-1b,pythia,1b,stable_style_policy,bft_eval_03,policy,Write a short policy note on how a museum team should document changes to exhibit labels during revision.,self_profile,ELABORATE,avg_sentence_length,1.0,0.0,1.0,0.0,NO,0.8864204287528992,,"{""raw_logit_scores"": {""YES"": 3.94921875, ""NO"": 3.91015625}, ""label_bias_scores"": {""YES"": 11.3203125, ""NO"": 9.2265625}, ""corrected_scores"": {""YES"": -7.37109375, ""NO"": -5.31640625}, ""scoring_mode"": ""bias_corrected_choice_logits"", ""selected_short_label"": ""NO""}"
11,EleutherAI/pythia-1b,pythia,1b,stable_style_policy,bft_eval_03,policy,Write a short policy note on how a museum team should document changes to exhibit labels during revision.,self_profile,HEDGE,hedge_density,1.0,0.0,0.0,1.0,NO,0.8397339582443237,or,"{""raw_logit_scores"": {""YES"": 4.74609375, ""NO"": 4.30859375}, ""label_bias_scores"": {""YES"": 11.3203125, ""NO"": 9.2265625}, ""corrected_scores"": {""YES"": -6.57421875, ""NO"": -4.91796875}, ""scoring_mode"": ""bias_corrected_choice_logits"", ""selected_short_label"": ""NO""}"
11,EleutherAI/pythia-1b,pythia,1b,stable_style_policy,bft_eval_03,policy,Write a short policy note on how a museum team should document changes to exhibit labels during revision.,self_profile,FIRST_PERSON,first_person_rate,1.0,0.0,1.0,0.0,NO,0.7853085398674011,mine,"{""raw_logit_scores"": {""YES"": 6.7109375, ""NO"": 5.9140625}, ""label_bias_scores"": {""YES"": 11.3203125, ""NO"": 9.2265625}, ""corrected_scores"": {""YES"": -4.609375, ""NO"": -3.3125}, ""scoring_mode"": ""bias_corrected_choice_logits"", ""selected_short_label"": ""NO""}"
11,EleutherAI/pythia-1b,pythia,1b,stable_style_policy,bft_eval_03,policy,Write a short policy note on how a museum team should document changes to exhibit labels during revision.,self_profile,DIRECTIVE,directive_rate,1.0,1.0,1.0,1.0,YES,0.5954925417900085,answer,"{""raw_logit_scores"": {""YES"": 6.64453125, ""NO"": 4.1640625}, ""label_bias_scores"": {""YES"": 11.3203125, ""NO"": 9.2265625}, ""corrected_scores"": {""YES"": -4.67578125, ""NO"": -5.0625}, ""scoring_mode"": ""bias_corrected_choice_logits"", ""selected_short_label"": ""YES""}"
11,EleutherAI/pythia-1b,pythia,1b,stable_style_policy,bft_eval_03,policy,Write a short policy note on how a museum team should document changes to exhibit labels during revision.,matched_decoy,ELABORATE,avg_sentence_length,1.0,0.0,1.0,0.0,NO,0.8842393159866333,,"{""raw_logit_scores"": {""YES"": 3.9296875, ""NO"": 3.869140625}, ""label_bias_scores"": {""YES"": 11.3203125, ""NO"": 9.2265625}, ""corrected_scores"": {""YES"": -7.390625, ""NO"": -5.357421875}, ""scoring_mode"": ""bias_corrected_choice_logits"", ""selected_short_label"": ""NO""}"
11,EleutherAI/pythia-1b,pythia,1b,stable_style_policy,bft_eval_03,policy,Write a short policy note on how a museum team should document changes to exhibit labels during revision.,matched_decoy,HEDGE,hedge_density,1.0,0.0,0.0,1.0,NO,0.8333246111869812,or,"{""raw_logit_scores"": {""YES"": 4.76953125, ""NO"": 4.28515625}, ""label_bias_scores"": {""YES"": 11.3203125, ""NO"": 9.2265625}, ""corrected_scores"": {""YES"": -6.55078125, ""NO"": -4.94140625}, ""scoring_mode"": ""bias_corrected_choice_logits"", ""selected_short_label"": ""NO""}"
11,EleutherAI/pythia-1b,pythia,1b,stable_style_policy,bft_eval_03,policy,Write a short policy note on how a museum team should document changes to exhibit labels during revision.,matched_decoy,FIRST_PERSON,first_person_rate,1.0,0.0,1.0,0.0,NO,0.7819972634315491,mine,"{""raw_logit_scores"": {""YES"": 6.703125, ""NO"": 5.88671875}, ""label_bias_scores"": {""YES"": 11.3203125, ""NO"": 9.2265625}, ""corrected_scores"": {""YES"": -4.6171875, ""NO"": -3.33984375}, ""scoring_mode"": ""bias_corrected_choice_logits"", ""selected_short_label"": ""NO""}"
11,EleutherAI/pythia-1b,pythia,1b,stable_style_policy,bft_eval_03,policy,Write a short policy note on how a museum team should document changes to exhibit labels during revision.,matched_decoy,DIRECTIVE,directive_rate,1.0,1.0,1.0,1.0,YES,0.6085940599441528,answer,"{""raw_logit_scores"": {""YES"": 6.640625, ""NO"": 4.10546875}, ""label_bias_scores"": {""YES"": 11.3203125, ""NO"": 9.2265625}, ""corrected_scores"": {""YES"": -4.6796875, ""NO"": -5.12109375}, ""scoring_mode"": ""bias_corrected_choice_logits"", ""selected_short_label"": ""YES""}"
11,EleutherAI/pythia-1b,pythia,1b,stable_style_policy,bft_eval_03,policy,Write a short policy note on how a museum team should document changes to exhibit labels during revision.,scrambled_profile,ELABORATE,avg_sentence_length,1.0,0.0,1.0,0.0,NO,0.8856314420700073,,"{""raw_logit_scores"": {""YES"": 3.87109375, ""NO"": 3.82421875}, ""label_bias_scores"": {""YES"": 11.3203125, ""NO"": 9.2265625}, ""corrected_scores"": {""YES"": -7.44921875, ""NO"": -5.40234375}, ""scoring_mode"": ""bias_corrected_choice_logits"", ""selected_short_label"": ""NO""}"
11,EleutherAI/pythia-1b,pythia,1b,stable_style_policy,bft_eval_03,policy,Write a short policy note on how a museum team should document changes to exhibit labels during revision.,scrambled_profile,HEDGE,hedge_density,1.0,0.0,0.0,1.0,NO,0.8365545868873596,or,"{""raw_logit_scores"": {""YES"": 4.8125, ""NO"": 4.3515625}, ""label_bias_scores"": {""YES"": 11.3203125, ""NO"": 9.2265625}, ""corrected_scores"": {""YES"": -6.5078125, ""NO"": -4.875}, ""scoring_mode"": ""bias_corrected_choice_logits"", ""selected_short_label"": ""NO""}"
11,EleutherAI/pythia-1b,pythia,1b,stable_style_policy,bft_eval_03,policy,Write a short policy note on how a museum team should document changes to exhibit labels during revision.,scrambled_profile,FIRST_PERSON,first_person_rate,1.0,0.0,1.0,0.0,NO,0.7859664559364319,mine,"{""raw_logit_scores"": {""YES"": 6.6640625, ""NO"": 5.87109375}, ""label_bias_scores"": {""YES"": 11.3203125, ""NO"": 9.2265625}, ""corrected_scores"": {""YES"": -4.65625, ""NO"": -3.35546875}, ""scoring_mode"": ""bias_corrected_choice_logits"", ""selected_short_label"": ""NO""}"
11,EleutherAI/pythia-1b,pythia,1b,stable_style_policy,bft_eval_03,policy,Write a short policy note on how a museum team should document changes to exhibit labels during revision.,scrambled_profile,DIRECTIVE,directive_rate,1.0,1.0,1.0,1.0,YES,0.6001883149147034,answer,"{""raw_logit_scores"": {""YES"": 6.66015625, ""NO"": 4.16015625}, ""label_bias_scores"": {""YES"": 11.3203125, ""NO"": 9.2265625}, ""corrected_scores"": {""YES"": -4.66015625, ""NO"": -5.06640625}, ""scoring_mode"": ""bias_corrected_choice_logits"", ""selected_short_label"": ""YES""}"
11,EleutherAI/pythia-1b,pythia,1b,stable_style_policy,bft_eval_04,diagnosis,Diagnose why a paragraph feels intelligent and informed but still fails to tell the reader what matters most.,self_profile,ELABORATE,avg_sentence_length,1.0,0.0,1.0,0.0,NO,0.7057850360870361,,"{""raw_logit_scores"": {""YES"": 7.921875, ""NO"": 6.703125}, ""label_bias_scores"": {""YES"": 11.3203125, ""NO"": 9.2265625}, ""corrected_scores"": {""YES"": -3.3984375, ""NO"": -2.5234375}, ""scoring_mode"": ""bias_corrected_choice_logits"", ""selected_short_label"": ""NO""}"
11,EleutherAI/pythia-1b,pythia,1b,stable_style_policy,bft_eval_04,diagnosis,Diagnose why a paragraph feels intelligent and informed but still fails to tell the reader what matters most.,self_profile,HEDGE,hedge_density,1.0,0.0,0.0,1.0,NO,0.6187804341316223,",","{""raw_logit_scores"": {""YES"": 5.8125, ""NO"": 4.203125}, ""label_bias_scores"": {""YES"": 11.3203125, ""NO"": 9.2265625}, ""corrected_scores"": {""YES"": -5.5078125, ""NO"": -5.0234375}, ""scoring_mode"": ""bias_corrected_choice_logits"", ""selected_short_label"": ""NO""}"
11,EleutherAI/pythia-1b,pythia,1b,stable_style_policy,bft_eval_04,diagnosis,Diagnose why a paragraph feels intelligent and informed but still fails to tell the reader what matters most.,self_profile,FIRST_PERSON,first_person_rate,1.0,0.0,1.0,0.0,NO,0.7061904072761536,",","{""raw_logit_scores"": {""YES"": 3.265625, ""NO"": 2.048828125}, ""label_bias_scores"": {""YES"": 11.3203125, ""NO"": 9.2265625}, ""corrected_scores"": {""YES"": -8.0546875, ""NO"": -7.177734375}, ""scoring_mode"": ""bias_corrected_choice_logits"", ""selected_short_label"": ""NO""}"
11,EleutherAI/pythia-1b,pythia,1b,stable_style_policy,bft_eval_04,diagnosis,Diagnose why a paragraph feels intelligent and informed but still fails to tell the reader what matters most.,self_profile,DIRECTIVE,directive_rate,1.0,0.0,1.0,0.0,NO,0.8019358515739441,what,"{""raw_logit_scores"": {""YES"": 5.96875, ""NO"": 5.2734375}, ""label_bias_scores"": {""YES"": 11.3203125, ""NO"": 9.2265625}, ""corrected_scores"": {""YES"": -5.3515625, ""NO"": -3.953125}, ""scoring_mode"": ""bias_corrected_choice_logits"", ""selected_short_label"": ""NO""}"
11,EleutherAI/pythia-1b,pythia,1b,stable_style_policy,bft_eval_04,diagnosis,Diagnose why a paragraph feels intelligent and informed but still fails to tell the reader what matters most.,matched_decoy,ELABORATE,avg_sentence_length,1.0,0.0,1.0,0.0,NO,0.696784257888794,,"{""raw_logit_scores"": {""YES"": 7.83984375, ""NO"": 6.578125}, ""label_bias_scores"": {""YES"": 11.3203125, ""NO"": 9.2265625}, ""corrected_scores"": {""YES"": -3.48046875, ""NO"": -2.6484375}, ""scoring_mode"": ""bias_corrected_choice_logits"", ""selected_short_label"": ""NO""}"
11,EleutherAI/pythia-1b,pythia,1b,stable_style_policy,bft_eval_04,diagnosis,Diagnose why a paragraph feels intelligent and informed but still fails to tell the reader what matters most.,matched_decoy,HEDGE,hedge_density,1.0,0.0,0.0,1.0,NO,0.6085940599441528,",","{""raw_logit_scores"": {""YES"": 5.8359375, ""NO"": 4.18359375}, ""label_bias_scores"": {""YES"": 11.3203125, ""NO"": 9.2265625}, ""corrected_scores"": {""YES"": -5.484375, ""NO"": -5.04296875}, ""scoring_mode"": ""bias_corrected_choice_logits"", ""selected_short_label"": ""NO""}"
11,EleutherAI/pythia-1b,pythia,1b,stable_style_policy,bft_eval_04,diagnosis,Diagnose why a paragraph feels intelligent and informed but still fails to tell the reader what matters most.,matched_decoy,FIRST_PERSON,first_person_rate,1.0,0.0,1.0,0.0,NO,0.6926419734954834,",","{""raw_logit_scores"": {""YES"": 3.291015625, ""NO"": 2.009765625}, ""label_bias_scores"": {""YES"": 11.3203125, ""NO"": 9.2265625}, ""corrected_scores"": {""YES"": -8.029296875, ""NO"": -7.216796875}, ""scoring_mode"": ""bias_corrected_choice_logits"", ""selected_short_label"": ""NO""}"
11,EleutherAI/pythia-1b,pythia,1b,stable_style_policy,bft_eval_04,diagnosis,Diagnose why a paragraph feels intelligent and informed but still fails to tell the reader what matters most.,matched_decoy,DIRECTIVE,directive_rate,1.0,0.0,1.0,0.0,NO,0.7898827195167542,what,"{""raw_logit_scores"": {""YES"": 5.95703125, ""NO"": 5.1875}, ""label_bias_scores"": {""YES"": 11.3203125, ""NO"": 9.2265625}, ""corrected_scores"": {""YES"": -5.36328125, ""NO"": -4.0390625}, ""scoring_mode"": ""bias_corrected_choice_logits"", ""selected_short_label"": ""NO""}"
11,EleutherAI/pythia-1b,pythia,1b,stable_style_policy,bft_eval_04,diagnosis,Diagnose why a paragraph feels intelligent and informed but still fails to tell the reader what matters most.,scrambled_profile,ELABORATE,avg_sentence_length,1.0,0.0,1.0,0.0,NO,0.6992543935775757,,"{""raw_logit_scores"": {""YES"": 7.875, ""NO"": 6.625}, ""label_bias_scores"": {""YES"": 11.3203125, ""NO"": 9.2265625}, ""corrected_scores"": {""YES"": -3.4453125, ""NO"": -2.6015625}, ""scoring_mode"": ""bias_corrected_choice_logits"", ""selected_short_label"": ""NO""}"
11,EleutherAI/pythia-1b,pythia,1b,stable_style_policy,bft_eval_04,diagnosis,Diagnose why a paragraph feels intelligent and informed but still fails to tell the reader what matters most.,scrambled_profile,HEDGE,hedge_density,1.0,0.0,0.0,1.0,NO,0.6132365465164185,",","{""raw_logit_scores"": {""YES"": 5.828125, ""NO"": 4.1953125}, ""label_bias_scores"": {""YES"": 11.3203125, ""NO"": 9.2265625}, ""corrected_scores"": {""YES"": -5.4921875, ""NO"": -5.03125}, ""scoring_mode"": ""bias_corrected_choice_logits"", ""selected_short_label"": ""NO""}"
11,EleutherAI/pythia-1b,pythia,1b,stable_style_policy,bft_eval_04,diagnosis,Diagnose why a paragraph feels intelligent and informed but still fails to tell the reader what matters most.,scrambled_profile,FIRST_PERSON,first_person_rate,1.0,0.0,1.0,0.0,NO,0.703345775604248,",","{""raw_logit_scores"": {""YES"": 3.24609375, ""NO"": 2.015625}, ""label_bias_scores"": {""YES"": 11.3203125, ""NO"": 9.2265625}, ""corrected_scores"": {""YES"": -8.07421875, ""NO"": -7.2109375}, ""scoring_mode"": ""bias_corrected_choice_logits"", ""selected_short_label"": ""NO""}"
11,EleutherAI/pythia-1b,pythia,1b,stable_style_policy,bft_eval_04,diagnosis,Diagnose why a paragraph feels intelligent and informed but still fails to tell the reader what matters most.,scrambled_profile,DIRECTIVE,directive_rate,1.0,0.0,1.0,0.0,NO,0.8006919622421265,what,"{""raw_logit_scores"": {""YES"": 5.984375, ""NO"": 5.28125}, ""label_bias_scores"": {""YES"": 11.3203125, ""NO"": 9.2265625}, ""corrected_scores"": {""YES"": -5.3359375, ""NO"": -3.9453125}, ""scoring_mode"": ""bias_corrected_choice_logits"", ""selected_short_label"": ""NO""}"
17,EleutherAI/pythia-1b,pythia,1b,stable_style_policy,bft_eval_01,triage,A small lab keeps discovering conflicting spreadsheet versions after each handoff. What should the team do in the next day?,self_profile,ELABORATE,avg_sentence_length,1.0,0.0,0.0,1.0,NO,0.9530789256095886,se,"{""raw_logit_scores"": {""YES"": -1.5615234375, ""NO"": -0.64404296875}, ""label_bias_scores"": {""YES"": 11.3203125, ""NO"": 9.2265625}, ""corrected_scores"": {""YES"": -12.8818359375, ""NO"": -9.87060546875}, ""scoring_mode"": ""bias_corrected_choice_logits"", ""selected_short_label"": ""NO""}"
17,EleutherAI/pythia-1b,pythia,1b,stable_style_policy,bft_eval_01,triage,A small lab keeps discovering conflicting spreadsheet versions after each handoff. What should the team do in the next day?,self_profile,HEDGE,hedge_density,1.0,0.0,0.0,1.0,NO,0.9270997643470764,"""","{""raw_logit_scores"": {""YES"": 4.765625, ""NO"": 5.21484375}, ""label_bias_scores"": {""YES"": 11.3203125, ""NO"": 9.2265625}, ""corrected_scores"": {""YES"": -6.5546875, ""NO"": -4.01171875}, ""scoring_mode"": ""bias_corrected_choice_logits"", ""selected_short_label"": ""NO""}"
17,EleutherAI/pythia-1b,pythia,1b,stable_style_policy,bft_eval_01,triage,A small lab keeps discovering conflicting spreadsheet versions after each handoff. What should the team do in the next day?,self_profile,FIRST_PERSON,first_person_rate,1.0,0.0,0.0,1.0,NO,0.8534248471260071,me,"{""raw_logit_scores"": {""YES"": 6.6484375, ""NO"": 6.31640625}, ""label_bias_scores"": {""YES"": 11.3203125, ""NO"": 9.2265625}, ""corrected_scores"": {""YES"": -4.671875, ""NO"": -2.91015625}, ""scoring_mode"": ""bias_corrected_choice_logits"", ""selected_short_label"": ""NO""}"
17,EleutherAI/pythia-1b,pythia,1b,stable_style_policy,bft_eval_01,triage,A small lab keeps discovering conflicting spreadsheet versions after each handoff. What should the team do in the next day?,self_profile,DIRECTIVE,directive_rate,1.0,0.0,0.0,1.0,NO,0.8745065331459045,Behavior,"{""raw_logit_scores"": {""YES"": 7.1484375, ""NO"": 6.99609375}, ""label_bias_scores"": {""YES"": 11.3203125, ""NO"": 9.2265625}, ""corrected_scores"": {""YES"": -4.171875, ""NO"": -2.23046875}, ""scoring_mode"": ""bias_corrected_choice_logits"", ""selected_short_label"": ""NO""}"
17,EleutherAI/pythia-1b,pythia,1b,stable_style_policy,bft_eval_01,triage,A small lab keeps discovering conflicting spreadsheet versions after each handoff. What should the team do in the next day?,matched_decoy,ELABORATE,avg_sentence_length,1.0,0.0,0.0,1.0,NO,0.954562783241272,se,"{""raw_logit_scores"": {""YES"": -1.548828125, ""NO"": -0.59765625}, ""label_bias_scores"": {""YES"": 11.3203125, ""NO"": 9.2265625}, ""corrected_scores"": {""YES"": -12.869140625, ""NO"": -9.82421875}, ""scoring_mode"": ""bias_corrected_choice_logits"", ""selected_short_label"": ""NO""}"
17,EleutherAI/pythia-1b,pythia,1b,stable_style_policy,bft_eval_01,triage,A small lab keeps discovering conflicting spreadsheet versions after each handoff. What should the team do in the next day?,matched_decoy,HEDGE,hedge_density,1.0,0.0,0.0,1.0,NO,0.9326989054679871,"""","{""raw_logit_scores"": {""YES"": 4.68359375, ""NO"": 5.21875}, ""label_bias_scores"": {""YES"": 11.3203125, ""NO"": 9.2265625}, ""corrected_scores"": {""YES"": -6.63671875, ""NO"": -4.0078125}, ""scoring_mode"": ""bias_corrected_choice_logits"", ""selected_short_label"": ""NO""}"
17,EleutherAI/pythia-1b,pythia,1b,stable_style_policy,bft_eval_01,triage,A small lab keeps discovering conflicting spreadsheet versions after each handoff. What should the team do in the next day?,matched_decoy,FIRST_PERSON,first_person_rate,1.0,0.0,0.0,1.0,NO,0.8543993234634399,me,"{""raw_logit_scores"": {""YES"": 6.65625, ""NO"": 6.33203125}, ""label_bias_scores"": {""YES"": 11.3203125, ""NO"": 9.2265625}, ""corrected_scores"": {""YES"": -4.6640625, ""NO"": -2.89453125}, ""scoring_mode"": ""bias_corrected_choice_logits"", ""selected_short_label"": ""NO""}"
17,EleutherAI/pythia-1b,pythia,1b,stable_style_policy,bft_eval_01,triage,A small lab keeps discovering conflicting spreadsheet versions after each handoff. What should the team do in the next day?,matched_decoy,DIRECTIVE,directive_rate,1.0,0.0,0.0,1.0,NO,0.8783142566680908,Behavior,"{""raw_logit_scores"": {""YES"": 7.171875, ""NO"": 7.0546875}, ""label_bias_scores"": {""YES"": 11.3203125, ""NO"": 9.2265625}, ""corrected_scores"": {""YES"": -4.1484375, ""NO"": -2.171875}, ""scoring_mode"": ""bias_corrected_choice_logits"", ""selected_short_label"": ""NO""}"
17,EleutherAI/pythia-1b,pythia,1b,stable_style_policy,bft_eval_01,triage,A small lab keeps discovering conflicting spreadsheet versions after each handoff. What should the team do in the next day?,scrambled_profile,ELABORATE,avg_sentence_length,1.0,0.0,0.0,1.0,NO,0.6846858263015747,simple,"{""raw_logit_scores"": {""YES"": 4.01953125, ""NO"": 2.701171875}, ""label_bias_scores"": {""YES"": 11.3203125, ""NO"": 9.2265625}, ""corrected_scores"": {""YES"": -7.30078125, ""NO"": -6.525390625}, ""scoring_mode"": ""bias_corrected_choice_logits"", ""selected_short_label"": ""NO""}"
17,EleutherAI/pythia-1b,pythia,1b,stable_style_policy,bft_eval_01,triage,A small lab keeps discovering conflicting spreadsheet versions after each handoff. What should the team do in the next day?,scrambled_profile,HEDGE,hedge_density,1.0,0.0,0.0,1.0,NO,0.9822622537612915,as,"{""raw_logit_scores"": {""YES"": 0.57568359375, ""NO"": 2.49609375}, ""label_bias_scores"": {""YES"": 11.3203125, ""NO"": 9.2265625}, ""corrected_scores"": {""YES"": -10.74462890625, ""NO"": -6.73046875}, ""scoring_mode"": ""bias_corrected_choice_logits"", ""selected_short_label"": ""NO""}"
17,EleutherAI/pythia-1b,pythia,1b,stable_style_policy,bft_eval_01,triage,A small lab keeps discovering conflicting spreadsheet versions after each handoff. What should the team do in the next day?,scrambled_profile,FIRST_PERSON,first_person_rate,1.0,0.0,0.0,1.0,NO,0.7138307690620422,",","{""raw_logit_scores"": {""YES"": 5.30859375, ""NO"": 4.12890625}, ""label_bias_scores"": {""YES"": 11.3203125, ""NO"": 9.2265625}, ""corrected_scores"": {""YES"": -6.01171875, ""NO"": -5.09765625}, ""scoring_mode"": ""bias_corrected_choice_logits"", ""selected_short_label"": ""NO""}"
17,EleutherAI/pythia-1b,pythia,1b,stable_style_policy,bft_eval_01,triage,A small lab keeps discovering conflicting spreadsheet versions after each handoff. What should the team do in the next day?,scrambled_profile,DIRECTIVE,directive_rate,1.0,0.0,0.0,1.0,NO,0.87103670835495,,"{""raw_logit_scores"": {""YES"": 4.578125, ""NO"": 4.39453125}, ""label_bias_scores"": {""YES"": 11.3203125, ""NO"": 9.2265625}, ""corrected_scores"": {""YES"": -6.7421875, ""NO"": -4.83203125}, ""scoring_mode"": ""bias_corrected_choice_logits"", ""selected_short_label"": ""NO""}"
17,EleutherAI/pythia-1b,pythia,1b,stable_style_policy,bft_eval_02,critique,Give feedback on a student memo that is energetic and polite but hides the recommendation until the final line.,self_profile,ELABORATE,avg_sentence_length,1.0,0.0,1.0,0.0,NO,0.6522414088249207,,"{""raw_logit_scores"": {""YES"": 8.46875, ""NO"": 7.00390625}, ""label_bias_scores"": {""YES"": 11.3203125, ""NO"": 9.2265625}, ""corrected_scores"": {""YES"": -2.8515625, ""NO"": -2.22265625}, ""scoring_mode"": ""bias_corrected_choice_logits"", ""selected_short_label"": ""NO""}"
17,EleutherAI/pythia-1b,pythia,1b,stable_style_policy,bft_eval_02,critique,Give feedback on a student memo that is energetic and polite but hides the recommendation until the final line.,self_profile,HEDGE,hedge_density,1.0,0.0,0.0,1.0,NO,0.6076632142066956,",","{""raw_logit_scores"": {""YES"": 6.359375, ""NO"": 4.703125}, ""label_bias_scores"": {""YES"": 11.3203125, ""NO"": 9.2265625}, ""corrected_scores"": {""YES"": -4.9609375, ""NO"": -4.5234375}, ""scoring_mode"": ""bias_corrected_choice_logits"", ""selected_short_label"": ""NO""}"
17,EleutherAI/pythia-1b,pythia,1b,stable_style_policy,bft_eval_02,critique,Give feedback on a student memo that is energetic and polite but hides the recommendation until the final line.,self_profile,FIRST_PERSON,first_person_rate,1.0,0.0,1.0,0.0,NO,0.7634837031364441,",","{""raw_logit_scores"": {""YES"": 3.541015625, ""NO"": 2.619140625}, ""label_bias_scores"": {""YES"": 11.3203125, ""NO"": 9.2265625}, ""corrected_scores"": {""YES"": -7.779296875, ""NO"": -6.607421875}, ""scoring_mode"": ""bias_corrected_choice_logits"", ""selected_short_label"": ""NO""}"
17,EleutherAI/pythia-1b,pythia,1b,stable_style_policy,bft_eval_02,critique,Give feedback on a student memo that is energetic and polite but hides the recommendation until the final line.,self_profile,DIRECTIVE,directive_rate,1.0,0.0,0.0,1.0,NO,0.7209580540657043,the,"{""raw_logit_scores"": {""YES"": 7.17578125, ""NO"": 6.03125}, ""label_bias_scores"": {""YES"": 11.3203125, ""NO"": 9.2265625}, ""corrected_scores"": {""YES"": -4.14453125, ""NO"": -3.1953125}, ""scoring_mode"": ""bias_corrected_choice_logits"", ""selected_short_label"": ""NO""}"
17,EleutherAI/pythia-1b,pythia,1b,stable_style_policy,bft_eval_02,critique,Give feedback on a student memo that is energetic and polite but hides the recommendation until the final line.,matched_decoy,ELABORATE,avg_sentence_length,1.0,0.0,1.0,0.0,NO,0.6619228720664978,,"{""raw_logit_scores"": {""YES"": 8.546875, ""NO"": 7.125}, ""label_bias_scores"": {""YES"": 11.3203125, ""NO"": 9.2265625}, ""corrected_scores"": {""YES"": -2.7734375, ""NO"": -2.1015625}, ""scoring_mode"": ""bias_corrected_choice_logits"", ""selected_short_label"": ""NO""}"
17,EleutherAI/pythia-1b,pythia,1b,stable_style_policy,bft_eval_02,critique,Give feedback on a student memo that is energetic and polite but hides the recommendation until the final line.,matched_decoy,HEDGE,hedge_density,1.0,0.0,0.0,1.0,NO,0.6197014451026917,",","{""raw_logit_scores"": {""YES"": 6.35546875, ""NO"": 4.75}, ""label_bias_scores"": {""YES"": 11.3203125, ""NO"": 9.2265625}, ""corrected_scores"": {""YES"": -4.96484375, ""NO"": -4.4765625}, ""scoring_mode"": ""bias_corrected_choice_logits"", ""selected_short_label"": ""NO""}"
17,EleutherAI/pythia-1b,pythia,1b,stable_style_policy,bft_eval_02,critique,Give feedback on a student memo that is energetic and polite but hides the recommendation until the final line.,matched_decoy,FIRST_PERSON,first_person_rate,1.0,0.0,1.0,0.0,NO,0.7752646803855896,",","{""raw_logit_scores"": {""YES"": 3.5234375, ""NO"": 2.66796875}, ""label_bias_scores"": {""YES"": 11.3203125, ""NO"": 9.2265625}, ""corrected_scores"": {""YES"": -7.796875, ""NO"": -6.55859375}, ""scoring_mode"": ""bias_corrected_choice_logits"", ""selected_short_label"": ""NO""}"
17,EleutherAI/pythia-1b,pythia,1b,stable_style_policy,bft_eval_02,critique,Give feedback on a student memo that is energetic and polite but hides the recommendation until the final line.,matched_decoy,DIRECTIVE,directive_rate,1.0,0.0,0.0,1.0,NO,0.7371581792831421,the,"{""raw_logit_scores"": {""YES"": 7.1953125, ""NO"": 6.1328125}, ""label_bias_scores"": {""YES"": 11.3203125, ""NO"": 9.2265625}, ""corrected_scores"": {""YES"": -4.125, ""NO"": -3.09375}, ""scoring_mode"": ""bias_corrected_choice_logits"", ""selected_short_label"": ""NO""}"
17,EleutherAI/pythia-1b,pythia,1b,stable_style_policy,bft_eval_02,critique,Give feedback on a student memo that is energetic and polite but hides the recommendation until the final line.,scrambled_profile,ELABORATE,avg_sentence_length,1.0,0.0,1.0,0.0,NO,0.6627964973449707,,"{""raw_logit_scores"": {""YES"": 8.4140625, ""NO"": 6.99609375}, ""label_bias_scores"": {""YES"": 11.3203125, ""NO"": 9.2265625}, ""corrected_scores"": {""YES"": -2.90625, ""NO"": -2.23046875}, ""scoring_mode"": ""bias_corrected_choice_logits"", ""selected_short_label"": ""NO""}"
17,EleutherAI/pythia-1b,pythia,1b,stable_style_policy,bft_eval_02,critique,Give feedback on a student memo that is energetic and polite but hides the recommendation until the final line.,scrambled_profile,HEDGE,hedge_density,1.0,0.0,0.0,1.0,NO,0.6197014451026917,",","{""raw_logit_scores"": {""YES"": 6.3203125, ""NO"": 4.71484375}, ""label_bias_scores"": {""YES"": 11.3203125, ""NO"": 9.2265625}, ""corrected_scores"": {""YES"": -5.0, ""NO"": -4.51171875}, ""scoring_mode"": ""bias_corrected_choice_logits"", ""selected_short_label"": ""NO""}"
17,EleutherAI/pythia-1b,pythia,1b,stable_style_policy,bft_eval_02,critique,Give feedback on a student memo that is energetic and polite but hides the recommendation until the final line.,scrambled_profile,FIRST_PERSON,first_person_rate,1.0,0.0,1.0,0.0,NO,0.7721872329711914,",","{""raw_logit_scores"": {""YES"": 3.494140625, ""NO"": 2.62109375}, ""label_bias_scores"": {""YES"": 11.3203125, ""NO"": 9.2265625}, ""corrected_scores"": {""YES"": -7.826171875, ""NO"": -6.60546875}, ""scoring_mode"": ""bias_corrected_choice_logits"", ""selected_short_label"": ""NO""}"
17,EleutherAI/pythia-1b,pythia,1b,stable_style_policy,bft_eval_02,critique,Give feedback on a student memo that is energetic and polite but hides the recommendation until the final line.,scrambled_profile,DIRECTIVE,directive_rate,1.0,0.0,0.0,1.0,NO,0.7461389899253845,the,"{""raw_logit_scores"": {""YES"": 7.14453125, ""NO"": 6.12890625}, ""label_bias_scores"": {""YES"": 11.3203125, ""NO"": 9.2265625}, ""corrected_scores"": {""YES"": -4.17578125, ""NO"": -3.09765625}, ""scoring_mode"": ""bias_corrected_choice_logits"", ""selected_short_label"": ""NO""}"
17,EleutherAI/pythia-1b,pythia,1b,stable_style_policy,bft_eval_03,policy,Write a short policy note on how a museum team should document changes to exhibit labels during revision.,self_profile,ELABORATE,avg_sentence_length,1.0,0.0,1.0,0.0,NO,0.8842393159866333,,"{""raw_logit_scores"": {""YES"": 3.9296875, ""NO"": 3.869140625}, ""label_bias_scores"": {""YES"": 11.3203125, ""NO"": 9.2265625}, ""corrected_scores"": {""YES"": -7.390625, ""NO"": -5.357421875}, ""scoring_mode"": ""bias_corrected_choice_logits"", ""selected_short_label"": ""NO""}"
17,EleutherAI/pythia-1b,pythia,1b,stable_style_policy,bft_eval_03,policy,Write a short policy note on how a museum team should document changes to exhibit labels during revision.,self_profile,HEDGE,hedge_density,1.0,0.0,0.0,1.0,NO,0.8333246111869812,or,"{""raw_logit_scores"": {""YES"": 4.76953125, ""NO"": 4.28515625}, ""label_bias_scores"": {""YES"": 11.3203125, ""NO"": 9.2265625}, ""corrected_scores"": {""YES"": -6.55078125, ""NO"": -4.94140625}, ""scoring_mode"": ""bias_corrected_choice_logits"", ""selected_short_label"": ""NO""}"
17,EleutherAI/pythia-1b,pythia,1b,stable_style_policy,bft_eval_03,policy,Write a short policy note on how a museum team should document changes to exhibit labels during revision.,self_profile,FIRST_PERSON,first_person_rate,1.0,0.0,0.0,1.0,NO,0.7819972634315491,mine,"{""raw_logit_scores"": {""YES"": 6.703125, ""NO"": 5.88671875}, ""label_bias_scores"": {""YES"": 11.3203125, ""NO"": 9.2265625}, ""corrected_scores"": {""YES"": -4.6171875, ""NO"": -3.33984375}, ""scoring_mode"": ""bias_corrected_choice_logits"", ""selected_short_label"": ""NO""}"
17,EleutherAI/pythia-1b,pythia,1b,stable_style_policy,bft_eval_03,policy,Write a short policy note on how a museum team should document changes to exhibit labels during revision.,self_profile,DIRECTIVE,directive_rate,1.0,1.0,1.0,1.0,YES,0.6085940599441528,answer,"{""raw_logit_scores"": {""YES"": 6.640625, ""NO"": 4.10546875}, ""label_bias_scores"": {""YES"": 11.3203125, ""NO"": 9.2265625}, ""corrected_scores"": {""YES"": -4.6796875, ""NO"": -5.12109375}, ""scoring_mode"": ""bias_corrected_choice_logits"", ""selected_short_label"": ""YES""}"
17,EleutherAI/pythia-1b,pythia,1b,stable_style_policy,bft_eval_03,policy,Write a short policy note on how a museum team should document changes to exhibit labels during revision.,matched_decoy,ELABORATE,avg_sentence_length,1.0,0.0,1.0,0.0,NO,0.8864204287528992,,"{""raw_logit_scores"": {""YES"": 3.94921875, ""NO"": 3.91015625}, ""label_bias_scores"": {""YES"": 11.3203125, ""NO"": 9.2265625}, ""corrected_scores"": {""YES"": -7.37109375, ""NO"": -5.31640625}, ""scoring_mode"": ""bias_corrected_choice_logits"", ""selected_short_label"": ""NO""}"
17,EleutherAI/pythia-1b,pythia,1b,stable_style_policy,bft_eval_03,policy,Write a short policy note on how a museum team should document changes to exhibit labels during revision.,matched_decoy,HEDGE,hedge_density,1.0,0.0,0.0,1.0,NO,0.8397339582443237,or,"{""raw_logit_scores"": {""YES"": 4.74609375, ""NO"": 4.30859375}, ""label_bias_scores"": {""YES"": 11.3203125, ""NO"": 9.2265625}, ""corrected_scores"": {""YES"": -6.57421875, ""NO"": -4.91796875}, ""scoring_mode"": ""bias_corrected_choice_logits"", ""selected_short_label"": ""NO""}"
17,EleutherAI/pythia-1b,pythia,1b,stable_style_policy,bft_eval_03,policy,Write a short policy note on how a museum team should document changes to exhibit labels during revision.,matched_decoy,FIRST_PERSON,first_person_rate,1.0,0.0,0.0,1.0,NO,0.7853085398674011,mine,"{""raw_logit_scores"": {""YES"": 6.7109375, ""NO"": 5.9140625}, ""label_bias_scores"": {""YES"": 11.3203125, ""NO"": 9.2265625}, ""corrected_scores"": {""YES"": -4.609375, ""NO"": -3.3125}, ""scoring_mode"": ""bias_corrected_choice_logits"", ""selected_short_label"": ""NO""}"
17,EleutherAI/pythia-1b,pythia,1b,stable_style_policy,bft_eval_03,policy,Write a short policy note on how a museum team should document changes to exhibit labels during revision.,matched_decoy,DIRECTIVE,directive_rate,1.0,1.0,1.0,1.0,YES,0.5954925417900085,answer,"{""raw_logit_scores"": {""YES"": 6.64453125, ""NO"": 4.1640625}, ""label_bias_scores"": {""YES"": 11.3203125, ""NO"": 9.2265625}, ""corrected_scores"": {""YES"": -4.67578125, ""NO"": -5.0625}, ""scoring_mode"": ""bias_corrected_choice_logits"", ""selected_short_label"": ""YES""}"
17,EleutherAI/pythia-1b,pythia,1b,stable_style_policy,bft_eval_03,policy,Write a short policy note on how a museum team should document changes to exhibit labels during revision.,scrambled_profile,ELABORATE,avg_sentence_length,1.0,0.0,1.0,0.0,NO,0.7106282711029053,,"{""raw_logit_scores"": {""YES"": 7.875, ""NO"": 6.6796875}, ""label_bias_scores"": {""YES"": 11.3203125, ""NO"": 9.2265625}, ""corrected_scores"": {""YES"": -3.4453125, ""NO"": -2.546875}, ""scoring_mode"": ""bias_corrected_choice_logits"", ""selected_short_label"": ""NO""}"
17,EleutherAI/pythia-1b,pythia,1b,stable_style_policy,bft_eval_03,policy,Write a short policy note on how a museum team should document changes to exhibit labels during revision.,scrambled_profile,HEDGE,hedge_density,1.0,0.0,0.0,1.0,NO,0.6001883149147034,",","{""raw_logit_scores"": {""YES"": 5.9609375, ""NO"": 4.2734375}, ""label_bias_scores"": {""YES"": 11.3203125, ""NO"": 9.2265625}, ""corrected_scores"": {""YES"": -5.359375, ""NO"": -4.953125}, ""scoring_mode"": ""bias_corrected_choice_logits"", ""selected_short_label"": ""NO""}"
17,EleutherAI/pythia-1b,pythia,1b,stable_style_policy,bft_eval_03,policy,Write a short policy note on how a museum team should document changes to exhibit labels during revision.,scrambled_profile,FIRST_PERSON,first_person_rate,1.0,0.0,0.0,1.0,NO,0.7397986054420471,",","{""raw_logit_scores"": {""YES"": 2.880859375, ""NO"": 1.83203125}, ""label_bias_scores"": {""YES"": 11.3203125, ""NO"": 9.2265625}, ""corrected_scores"": {""YES"": -8.439453125, ""NO"": -7.39453125}, ""scoring_mode"": ""bias_corrected_choice_logits"", ""selected_short_label"": ""NO""}"
17,EleutherAI/pythia-1b,pythia,1b,stable_style_policy,bft_eval_03,policy,Write a short policy note on how a museum team should document changes to exhibit labels during revision.,scrambled_profile,DIRECTIVE,directive_rate,1.0,0.0,1.0,0.0,NO,0.77390056848526,what,"{""raw_logit_scores"": {""YES"": 6.9296875, ""NO"": 6.06640625}, ""label_bias_scores"": {""YES"": 11.3203125, ""NO"": 9.2265625}, ""corrected_scores"": {""YES"": -4.390625, ""NO"": -3.16015625}, ""scoring_mode"": ""bias_corrected_choice_logits"", ""selected_short_label"": ""NO""}"
17,EleutherAI/pythia-1b,pythia,1b,stable_style_policy,bft_eval_04,diagnosis,Diagnose why a paragraph feels intelligent and informed but still fails to tell the reader what matters most.,self_profile,ELABORATE,avg_sentence_length,1.0,0.0,1.0,0.0,NO,0.696784257888794,,"{""raw_logit_scores"": {""YES"": 7.83984375, ""NO"": 6.578125}, ""label_bias_scores"": {""YES"": 11.3203125, ""NO"": 9.2265625}, ""corrected_scores"": {""YES"": -3.48046875, ""NO"": -2.6484375}, ""scoring_mode"": ""bias_corrected_choice_logits"", ""selected_short_label"": ""NO""}"
17,EleutherAI/pythia-1b,pythia,1b,stable_style_policy,bft_eval_04,diagnosis,Diagnose why a paragraph feels intelligent and informed but still fails to tell the reader what matters most.,self_profile,HEDGE,hedge_density,1.0,0.0,0.0,1.0,NO,0.6085940599441528,",","{""raw_logit_scores"": {""YES"": 5.8359375, ""NO"": 4.18359375}, ""label_bias_scores"": {""YES"": 11.3203125, ""NO"": 9.2265625}, ""corrected_scores"": {""YES"": -5.484375, ""NO"": -5.04296875}, ""scoring_mode"": ""bias_corrected_choice_logits"", ""selected_short_label"": ""NO""}"
17,EleutherAI/pythia-1b,pythia,1b,stable_style_policy,bft_eval_04,diagnosis,Diagnose why a paragraph feels intelligent and informed but still fails to tell the reader what matters most.,self_profile,FIRST_PERSON,first_person_rate,1.0,0.0,1.0,0.0,NO,0.6926419734954834,",","{""raw_logit_scores"": {""YES"": 3.291015625, ""NO"": 2.009765625}, ""label_bias_scores"": {""YES"": 11.3203125, ""NO"": 9.2265625}, ""corrected_scores"": {""YES"": -8.029296875, ""NO"": -7.216796875}, ""scoring_mode"": ""bias_corrected_choice_logits"", ""selected_short_label"": ""NO""}"
17,EleutherAI/pythia-1b,pythia,1b,stable_style_policy,bft_eval_04,diagnosis,Diagnose why a paragraph feels intelligent and informed but still fails to tell the reader what matters most.,self_profile,DIRECTIVE,directive_rate,1.0,0.0,1.0,0.0,NO,0.7898827195167542,what,"{""raw_logit_scores"": {""YES"": 5.95703125, ""NO"": 5.1875}, ""label_bias_scores"": {""YES"": 11.3203125, ""NO"": 9.2265625}, ""corrected_scores"": {""YES"": -5.36328125, ""NO"": -4.0390625}, ""scoring_mode"": ""bias_corrected_choice_logits"", ""selected_short_label"": ""NO""}"
17,EleutherAI/pythia-1b,pythia,1b,stable_style_policy,bft_eval_04,diagnosis,Diagnose why a paragraph feels intelligent and informed but still fails to tell the reader what matters most.,matched_decoy,ELABORATE,avg_sentence_length,1.0,0.0,1.0,0.0,NO,0.7057850360870361,,"{""raw_logit_scores"": {""YES"": 7.921875, ""NO"": 6.703125}, ""label_bias_scores"": {""YES"": 11.3203125, ""NO"": 9.2265625}, ""corrected_scores"": {""YES"": -3.3984375, ""NO"": -2.5234375}, ""scoring_mode"": ""bias_corrected_choice_logits"", ""selected_short_label"": ""NO""}"
17,EleutherAI/pythia-1b,pythia,1b,stable_style_policy,bft_eval_04,diagnosis,Diagnose why a paragraph feels intelligent and informed but still fails to tell the reader what matters most.,matched_decoy,HEDGE,hedge_density,1.0,0.0,0.0,1.0,NO,0.6187804341316223,",","{""raw_logit_scores"": {""YES"": 5.8125, ""NO"": 4.203125}, ""label_bias_scores"": {""YES"": 11.3203125, ""NO"": 9.2265625}, ""corrected_scores"": {""YES"": -5.5078125, ""NO"": -5.0234375}, ""scoring_mode"": ""bias_corrected_choice_logits"", ""selected_short_label"": ""NO""}"
17,EleutherAI/pythia-1b,pythia,1b,stable_style_policy,bft_eval_04,diagnosis,Diagnose why a paragraph feels intelligent and informed but still fails to tell the reader what matters most.,matched_decoy,FIRST_PERSON,first_person_rate,1.0,0.0,1.0,0.0,NO,0.7061904072761536,",","{""raw_logit_scores"": {""YES"": 3.265625, ""NO"": 2.048828125}, ""label_bias_scores"": {""YES"": 11.3203125, ""NO"": 9.2265625}, ""corrected_scores"": {""YES"": -8.0546875, ""NO"": -7.177734375}, ""scoring_mode"": ""bias_corrected_choice_logits"", ""selected_short_label"": ""NO""}"
17,EleutherAI/pythia-1b,pythia,1b,stable_style_policy,bft_eval_04,diagnosis,Diagnose why a paragraph feels intelligent and informed but still fails to tell the reader what matters most.,matched_decoy,DIRECTIVE,directive_rate,1.0,0.0,1.0,0.0,NO,0.8019358515739441,what,"{""raw_logit_scores"": {""YES"": 5.96875, ""NO"": 5.2734375}, ""label_bias_scores"": {""YES"": 11.3203125, ""NO"": 9.2265625}, ""corrected_scores"": {""YES"": -5.3515625, ""NO"": -3.953125}, ""scoring_mode"": ""bias_corrected_choice_logits"", ""selected_short_label"": ""NO""}"
17,EleutherAI/pythia-1b,pythia,1b,stable_style_policy,bft_eval_04,diagnosis,Diagnose why a paragraph feels intelligent and informed but still fails to tell the reader what matters most.,scrambled_profile,ELABORATE,avg_sentence_length,1.0,0.0,1.0,0.0,NO,0.7041601538658142,,"{""raw_logit_scores"": {""YES"": 7.84765625, ""NO"": 6.62109375}, ""label_bias_scores"": {""YES"": 11.3203125, ""NO"": 9.2265625}, ""corrected_scores"": {""YES"": -3.47265625, ""NO"": -2.60546875}, ""scoring_mode"": ""bias_corrected_choice_logits"", ""selected_short_label"": ""NO""}"
17,EleutherAI/pythia-1b,pythia,1b,stable_style_policy,bft_eval_04,diagnosis,Diagnose why a paragraph feels intelligent and informed but still fails to tell the reader what matters most.,scrambled_profile,HEDGE,hedge_density,1.0,0.0,0.0,1.0,NO,0.6067315340042114,",","{""raw_logit_scores"": {""YES"": 5.83203125, ""NO"": 4.171875}, ""label_bias_scores"": {""YES"": 11.3203125, ""NO"": 9.2265625}, ""corrected_scores"": {""YES"": -5.48828125, ""NO"": -5.0546875}, ""scoring_mode"": ""bias_corrected_choice_logits"", ""selected_short_label"": ""NO""}"
17,EleutherAI/pythia-1b,pythia,1b,stable_style_policy,bft_eval_04,diagnosis,Diagnose why a paragraph feels intelligent and informed but still fails to tell the reader what matters most.,scrambled_profile,FIRST_PERSON,first_person_rate,1.0,0.0,1.0,0.0,NO,0.6918097138404846,",","{""raw_logit_scores"": {""YES"": 3.28515625, ""NO"": 2.0}, ""label_bias_scores"": {""YES"": 11.3203125, ""NO"": 9.2265625}, ""corrected_scores"": {""YES"": -8.03515625, ""NO"": -7.2265625}, ""scoring_mode"": ""bias_corrected_choice_logits"", ""selected_short_label"": ""NO""}"
17,EleutherAI/pythia-1b,pythia,1b,stable_style_policy,bft_eval_04,diagnosis,Diagnose why a paragraph feels intelligent and informed but still fails to tell the reader what matters most.,scrambled_profile,DIRECTIVE,directive_rate,1.0,0.0,1.0,0.0,NO,0.8019358515739441,what,"{""raw_logit_scores"": {""YES"": 5.984375, ""NO"": 5.2890625}, ""label_bias_scores"": {""YES"": 11.3203125, ""NO"": 9.2265625}, ""corrected_scores"": {""YES"": -5.3359375, ""NO"": -3.9375}, ""scoring_mode"": ""bias_corrected_choice_logits"", ""selected_short_label"": ""NO""}"
