
[2026-04-23T01:43:22.378033] START self_prediction_transfer_v3_template_instruction: C:/Users/joshj/miniconda3/python.exe C:\Users\joshj\joseph-stroud-identity-stability-research\scripts\self_prediction_transfer_v3.py --config C:\Users\joshj\joseph-stroud-identity-stability-research\configs\identity_battery\self_prediction_transfer_v3_template_instruction_full.yaml

Loading weights:   0%|          | 0/196 [00:00<?, ?it/s]
Loading weights:   1%|          | 1/196 [00:00<00:00, 11715.93it/s, Materializing param=embed_out.weight]
Loading weights:   1%|          | 1/196 [00:00<00:00, 5511.57it/s, Materializing param=embed_out.weight] 
Loading weights:   1%|1         | 2/196 [00:00<00:00, 4382.76it/s, Materializing param=gpt_neox.embed_in.weight]
Loading weights:   1%|1         | 2/196 [00:00<00:00, 3718.35it/s, Materializing param=gpt_neox.embed_in.weight]
Loading weights:   2%|1         | 3/196 [00:00<00:00, 4300.38it/s, Materializing param=gpt_neox.final_layer_norm.bias]
Loading weights:   2%|1         | 3/196 [00:00<00:00, 3929.70it/s, Materializing param=gpt_neox.final_layer_norm.bias]
Loading weights:   2%|2         | 4/196 [00:00<00:00, 4489.49it/s, Materializing param=gpt_neox.final_layer_norm.weight]
Loading weights:   2%|2         | 4/196 [00:00<00:00, 4197.45it/s, Materializing param=gpt_neox.final_layer_norm.weight]
Loading weights:   3%|2         | 5/196 [00:00<00:00, 4662.41it/s, Materializing param=gpt_neox.layers.0.attention.dense.bias]
Loading weights:   3%|2         | 5/196 [00:00<00:00, 4405.78it/s, Materializing param=gpt_neox.layers.0.attention.dense.bias]
Loading weights:   3%|3         | 6/196 [00:00<00:00, 4708.29it/s, Materializing param=gpt_neox.layers.0.attention.dense.weight]
Loading weights:   3%|3         | 6/196 [00:00<00:00, 4477.11it/s, Materializing param=gpt_neox.layers.0.attention.dense.weight]
Loading weights:   4%|3         | 7/196 [00:00<00:01, 176.45it/s, Materializing param=gpt_neox.layers.0.attention.query_key_value.bias]
Loading weights:   4%|3         | 7/196 [00:00<00:01, 175.42it/s, Materializing param=gpt_neox.layers.0.attention.query_key_value.bias]
Loading weights:   4%|4         | 8/196 [00:00<00:00, 199.13it/s, Materializing param=gpt_neox.layers.0.attention.query_key_value.weight]
Loading weights:   4%|4         | 8/196 [00:00<00:00, 198.43it/s, Materializing param=gpt_neox.layers.0.attention.query_key_value.weight]
Loading weights:   5%|4         | 9/196 [00:00<00:02, 91.65it/s, Materializing param=gpt_neox.layers.0.input_layernorm.bias]             
Loading weights:   5%|4         | 9/196 [00:00<00:02, 91.34it/s, Materializing param=gpt_neox.layers.0.input_layernorm.bias]
Loading weights:   5%|5         | 10/196 [00:00<00:01, 101.17it/s, Materializing param=gpt_neox.layers.0.input_layernorm.weight]
Loading weights:   5%|5         | 10/196 [00:00<00:01, 101.07it/s, Materializing param=gpt_neox.layers.0.input_layernorm.weight]
Loading weights:   6%|5         | 11/196 [00:00<00:01, 110.66it/s, Materializing param=gpt_neox.layers.0.mlp.dense_4h_to_h.bias]
Loading weights:   6%|5         | 11/196 [00:00<00:01, 110.53it/s, Materializing param=gpt_neox.layers.0.mlp.dense_4h_to_h.bias]
Loading weights:   6%|6         | 12/196 [00:00<00:01, 120.38it/s, Materializing param=gpt_neox.layers.0.mlp.dense_4h_to_h.weight]
Loading weights:   6%|6         | 12/196 [00:00<00:01, 120.31it/s, Materializing param=gpt_neox.layers.0.mlp.dense_4h_to_h.weight]
Loading weights:   7%|6         | 13/196 [00:00<00:01, 130.16it/s, Materializing param=gpt_neox.layers.0.mlp.dense_h_to_4h.bias]  
Loading weights:   7%|6         | 13/196 [00:00<00:01, 130.08it/s, Materializing param=gpt_neox.layers.0.mlp.dense_h_to_4h.bias]
Loading weights:   7%|7         | 14/196 [00:00<00:01, 139.92it/s, Materializing param=gpt_neox.layers.0.mlp.dense_h_to_4h.bias]
Loading weights:   7%|7         | 14/196 [00:00<00:01, 139.92it/s, Materializing param=gpt_neox.layers.0.mlp.dense_h_to_4h.weight]
Loading weights:   7%|7         | 14/196 [00:00<00:01, 139.92it/s, Materializing param=gpt_neox.layers.0.mlp.dense_h_to_4h.weight]
Loading weights:   8%|7         | 15/196 [00:00<00:01, 139.92it/s, Materializing param=gpt_neox.layers.0.post_attention_layernorm.bias]
Loading weights:   8%|7         | 15/196 [00:00<00:01, 139.92it/s, Materializing param=gpt_neox.layers.0.post_attention_layernorm.bias]
Loading weights:   8%|8         | 16/196 [00:00<00:01, 139.92it/s, Materializing param=gpt_neox.layers.0.post_attention_layernorm.weight]
Loading weights:   8%|8         | 16/196 [00:00<00:01, 139.92it/s, Materializing param=gpt_neox.layers.0.post_attention_layernorm.weight]
Loading weights:   9%|8         | 17/196 [00:00<00:01, 139.92it/s, Materializing param=gpt_neox.layers.1.attention.dense.bias]           
Loading weights:   9%|8         | 17/196 [00:00<00:01, 139.92it/s, Materializing param=gpt_neox.layers.1.attention.dense.bias]
Loading weights:   9%|9         | 18/196 [00:00<00:01, 139.92it/s, Materializing param=gpt_neox.layers.1.attention.dense.weight]
Loading weights:   9%|9         | 18/196 [00:00<00:01, 139.92it/s, Materializing param=gpt_neox.layers.1.attention.dense.weight]
Loading weights:  10%|9         | 19/196 [00:00<00:01, 139.92it/s, Materializing param=gpt_neox.layers.1.attention.query_key_value.bias]
Loading weights:  10%|9         | 19/196 [00:00<00:01, 139.92it/s, Materializing param=gpt_neox.layers.1.attention.query_key_value.bias]
Loading weights:  10%|#         | 20/196 [00:00<00:01, 139.92it/s, Materializing param=gpt_neox.layers.1.attention.query_key_value.weight]
Loading weights:  10%|#         | 20/196 [00:00<00:01, 139.92it/s, Materializing param=gpt_neox.layers.1.attention.query_key_value.weight]
Loading weights:  11%|#         | 21/196 [00:00<00:01, 139.92it/s, Materializing param=gpt_neox.layers.1.input_layernorm.bias]            
Loading weights:  11%|#         | 21/196 [00:00<00:01, 139.92it/s, Materializing param=gpt_neox.layers.1.input_layernorm.bias]
Loading weights:  11%|#1        | 22/196 [00:00<00:01, 139.92it/s, Materializing param=gpt_neox.layers.1.input_layernorm.weight]
Loading weights:  11%|#1        | 22/196 [00:00<00:01, 139.92it/s, Materializing param=gpt_neox.layers.1.input_layernorm.weight]
Loading weights:  12%|#1        | 23/196 [00:00<00:01, 139.92it/s, Materializing param=gpt_neox.layers.1.mlp.dense_4h_to_h.bias]
Loading weights:  12%|#1        | 23/196 [00:00<00:01, 139.92it/s, Materializing param=gpt_neox.layers.1.mlp.dense_4h_to_h.bias]
Loading weights:  12%|#2        | 24/196 [00:00<00:01, 139.92it/s, Materializing param=gpt_neox.layers.1.mlp.dense_4h_to_h.weight]
Loading weights:  12%|#2        | 24/196 [00:00<00:01, 139.92it/s, Materializing param=gpt_neox.layers.1.mlp.dense_4h_to_h.weight]
Loading weights:  13%|#2        | 25/196 [00:00<00:01, 139.92it/s, Materializing param=gpt_neox.layers.1.mlp.dense_h_to_4h.bias]  
Loading weights:  13%|#2        | 25/196 [00:00<00:01, 139.92it/s, Materializing param=gpt_neox.layers.1.mlp.dense_h_to_4h.bias]
Loading weights:  13%|#3        | 26/196 [00:00<00:01, 139.92it/s, Materializing param=gpt_neox.layers.1.mlp.dense_h_to_4h.weight]
Loading weights:  13%|#3        | 26/196 [00:00<00:01, 139.92it/s, Materializing param=gpt_neox.layers.1.mlp.dense_h_to_4h.weight]
Loading weights:  14%|#3        | 27/196 [00:00<00:01, 139.92it/s, Materializing param=gpt_neox.layers.1.post_attention_layernorm.bias]
Loading weights:  14%|#3        | 27/196 [00:00<00:01, 139.92it/s, Materializing param=gpt_neox.layers.1.post_attention_layernorm.bias]
Loading weights:  14%|#4        | 28/196 [00:00<00:01, 139.92it/s, Materializing param=gpt_neox.layers.1.post_attention_layernorm.weight]
Loading weights:  14%|#4        | 28/196 [00:00<00:01, 139.92it/s, Materializing param=gpt_neox.layers.1.post_attention_layernorm.weight]
Loading weights:  15%|#4        | 29/196 [00:00<00:01, 139.92it/s, Materializing param=gpt_neox.layers.2.attention.dense.bias]           
Loading weights:  15%|#4        | 29/196 [00:00<00:01, 139.92it/s, Materializing param=gpt_neox.layers.2.attention.dense.bias]
Loading weights:  15%|#5        | 30/196 [00:00<00:01, 139.92it/s, Materializing param=gpt_neox.layers.2.attention.dense.weight]
Loading weights:  15%|#5        | 30/196 [00:00<00:01, 139.92it/s, Materializing param=gpt_neox.layers.2.attention.dense.weight]
Loading weights:  16%|#5        | 31/196 [00:00<00:01, 139.92it/s, Materializing param=gpt_neox.layers.2.attention.query_key_value.bias]
Loading weights:  16%|#5        | 31/196 [00:00<00:01, 139.92it/s, Materializing param=gpt_neox.layers.2.attention.query_key_value.bias]
Loading weights:  16%|#6        | 32/196 [00:00<00:01, 139.92it/s, Materializing param=gpt_neox.layers.2.attention.query_key_value.weight]
Loading weights:  16%|#6        | 32/196 [00:00<00:01, 139.92it/s, Materializing param=gpt_neox.layers.2.attention.query_key_value.weight]
Loading weights:  17%|#6        | 33/196 [00:00<00:01, 139.92it/s, Materializing param=gpt_neox.layers.2.input_layernorm.bias]            
Loading weights:  17%|#6        | 33/196 [00:00<00:01, 139.92it/s, Materializing param=gpt_neox.layers.2.input_layernorm.bias]
Loading weights:  17%|#7        | 34/196 [00:00<00:01, 139.92it/s, Materializing param=gpt_neox.layers.2.input_layernorm.weight]
Loading weights:  17%|#7        | 34/196 [00:00<00:01, 139.92it/s, Materializing param=gpt_neox.layers.2.input_layernorm.weight]
Loading weights:  18%|#7        | 35/196 [00:00<00:01, 139.92it/s, Materializing param=gpt_neox.layers.2.mlp.dense_4h_to_h.bias]
Loading weights:  18%|#7        | 35/196 [00:00<00:01, 139.92it/s, Materializing param=gpt_neox.layers.2.mlp.dense_4h_to_h.bias]
Loading weights:  18%|#8        | 36/196 [00:00<00:01, 139.92it/s, Materializing param=gpt_neox.layers.2.mlp.dense_4h_to_h.weight]
Loading weights:  18%|#8        | 36/196 [00:00<00:01, 139.92it/s, Materializing param=gpt_neox.layers.2.mlp.dense_4h_to_h.weight]
Loading weights:  19%|#8        | 37/196 [00:00<00:01, 139.92it/s, Materializing param=gpt_neox.layers.2.mlp.dense_h_to_4h.bias]  
Loading weights:  19%|#8        | 37/196 [00:00<00:01, 139.92it/s, Materializing param=gpt_neox.layers.2.mlp.dense_h_to_4h.bias]
Loading weights:  19%|#9        | 38/196 [00:00<00:01, 139.92it/s, Materializing param=gpt_neox.layers.2.mlp.dense_h_to_4h.weight]
Loading weights:  19%|#9        | 38/196 [00:00<00:01, 139.92it/s, Materializing param=gpt_neox.layers.2.mlp.dense_h_to_4h.weight]
Loading weights:  20%|#9        | 39/196 [00:00<00:01, 139.92it/s, Materializing param=gpt_neox.layers.2.post_attention_layernorm.bias]
Loading weights:  20%|#9        | 39/196 [00:00<00:01, 139.92it/s, Materializing param=gpt_neox.layers.2.post_attention_layernorm.bias]
Loading weights:  20%|##        | 40/196 [00:00<00:01, 139.92it/s, Materializing param=gpt_neox.layers.2.post_attention_layernorm.weight]
Loading weights:  20%|##        | 40/196 [00:00<00:01, 139.92it/s, Materializing param=gpt_neox.layers.2.post_attention_layernorm.weight]
Loading weights:  21%|##        | 41/196 [00:00<00:01, 139.92it/s, Materializing param=gpt_neox.layers.3.attention.dense.bias]           
Loading weights:  21%|##        | 41/196 [00:00<00:01, 139.92it/s, Materializing param=gpt_neox.layers.3.attention.dense.bias]
Loading weights:  21%|##1       | 42/196 [00:00<00:01, 139.92it/s, Materializing param=gpt_neox.layers.3.attention.dense.weight]
Loading weights:  21%|##1       | 42/196 [00:00<00:01, 139.92it/s, Materializing param=gpt_neox.layers.3.attention.dense.weight]
Loading weights:  22%|##1       | 43/196 [00:00<00:01, 139.92it/s, Materializing param=gpt_neox.layers.3.attention.query_key_value.bias]
Loading weights:  22%|##1       | 43/196 [00:00<00:01, 139.92it/s, Materializing param=gpt_neox.layers.3.attention.query_key_value.bias]
Loading weights:  22%|##2       | 44/196 [00:00<00:01, 139.92it/s, Materializing param=gpt_neox.layers.3.attention.query_key_value.weight]
Loading weights:  22%|##2       | 44/196 [00:00<00:01, 139.92it/s, Materializing param=gpt_neox.layers.3.attention.query_key_value.weight]
Loading weights:  23%|##2       | 45/196 [00:00<00:00, 207.27it/s, Materializing param=gpt_neox.layers.3.attention.query_key_value.weight]
Loading weights:  23%|##2       | 45/196 [00:00<00:00, 207.27it/s, Materializing param=gpt_neox.layers.3.input_layernorm.bias]            
Loading weights:  23%|##2       | 45/196 [00:00<00:00, 207.27it/s, Materializing param=gpt_neox.layers.3.input_layernorm.bias]
Loading weights:  23%|##3       | 46/196 [00:00<00:00, 207.27it/s, Materializing param=gpt_neox.layers.3.input_layernorm.weight]
Loading weights:  23%|##3       | 46/196 [00:00<00:00, 207.27it/s, Materializing param=gpt_neox.layers.3.input_layernorm.weight]
Loading weights:  24%|##3       | 47/196 [00:00<00:00, 207.27it/s, Materializing param=gpt_neox.layers.3.mlp.dense_4h_to_h.bias]
Loading weights:  24%|##3       | 47/196 [00:00<00:00, 207.27it/s, Materializing param=gpt_neox.layers.3.mlp.dense_4h_to_h.bias]
Loading weights:  24%|##4       | 48/196 [00:00<00:00, 207.27it/s, Materializing param=gpt_neox.layers.3.mlp.dense_4h_to_h.weight]
Loading weights:  24%|##4       | 48/196 [00:00<00:00, 207.27it/s, Materializing param=gpt_neox.layers.3.mlp.dense_4h_to_h.weight]
Loading weights:  25%|##5       | 49/196 [00:00<00:00, 207.27it/s, Materializing param=gpt_neox.layers.3.mlp.dense_h_to_4h.bias]  
Loading weights:  25%|##5       | 49/196 [00:00<00:00, 207.27it/s, Materializing param=gpt_neox.layers.3.mlp.dense_h_to_4h.bias]
Loading weights:  26%|##5       | 50/196 [00:00<00:00, 207.27it/s, Materializing param=gpt_neox.layers.3.mlp.dense_h_to_4h.weight]
Loading weights:  26%|##5       | 50/196 [00:00<00:00, 207.27it/s, Materializing param=gpt_neox.layers.3.mlp.dense_h_to_4h.weight]
Loading weights:  26%|##6       | 51/196 [00:00<00:00, 207.27it/s, Materializing param=gpt_neox.layers.3.post_attention_layernorm.bias]
Loading weights:  26%|##6       | 51/196 [00:00<00:00, 207.27it/s, Materializing param=gpt_neox.layers.3.post_attention_layernorm.bias]
Loading weights:  27%|##6       | 52/196 [00:00<00:00, 207.27it/s, Materializing param=gpt_neox.layers.3.post_attention_layernorm.weight]
Loading weights:  27%|##6       | 52/196 [00:00<00:00, 207.27it/s, Materializing param=gpt_neox.layers.3.post_attention_layernorm.weight]
Loading weights:  27%|##7       | 53/196 [00:00<00:00, 207.27it/s, Materializing param=gpt_neox.layers.4.attention.dense.bias]           
Loading weights:  27%|##7       | 53/196 [00:00<00:00, 207.27it/s, Materializing param=gpt_neox.layers.4.attention.dense.bias]
Loading weights:  28%|##7       | 54/196 [00:00<00:00, 207.27it/s, Materializing param=gpt_neox.layers.4.attention.dense.weight]
Loading weights:  28%|##7       | 54/196 [00:00<00:00, 207.27it/s, Materializing param=gpt_neox.layers.4.attention.dense.weight]
Loading weights:  28%|##8       | 55/196 [00:00<00:00, 207.27it/s, Materializing param=gpt_neox.layers.4.attention.query_key_value.bias]
Loading weights:  28%|##8       | 55/196 [00:00<00:00, 207.27it/s, Materializing param=gpt_neox.layers.4.attention.query_key_value.bias]
Loading weights:  29%|##8       | 56/196 [00:00<00:00, 207.27it/s, Materializing param=gpt_neox.layers.4.attention.query_key_value.weight]
Loading weights:  29%|##8       | 56/196 [00:00<00:00, 207.27it/s, Materializing param=gpt_neox.layers.4.attention.query_key_value.weight]
Loading weights:  29%|##9       | 57/196 [00:00<00:00, 207.27it/s, Materializing param=gpt_neox.layers.4.input_layernorm.bias]            
Loading weights:  29%|##9       | 57/196 [00:00<00:00, 207.27it/s, Materializing param=gpt_neox.layers.4.input_layernorm.bias]
Loading weights:  30%|##9       | 58/196 [00:00<00:00, 207.27it/s, Materializing param=gpt_neox.layers.4.input_layernorm.weight]
Loading weights:  30%|##9       | 58/196 [00:00<00:00, 207.27it/s, Materializing param=gpt_neox.layers.4.input_layernorm.weight]
Loading weights:  30%|###       | 59/196 [00:00<00:00, 207.27it/s, Materializing param=gpt_neox.layers.4.mlp.dense_4h_to_h.bias]
Loading weights:  30%|###       | 59/196 [00:00<00:00, 207.27it/s, Materializing param=gpt_neox.layers.4.mlp.dense_4h_to_h.bias]
Loading weights:  31%|###       | 60/196 [00:00<00:00, 207.27it/s, Materializing param=gpt_neox.layers.4.mlp.dense_4h_to_h.weight]
Loading weights:  31%|###       | 60/196 [00:00<00:00, 207.27it/s, Materializing param=gpt_neox.layers.4.mlp.dense_4h_to_h.weight]
Loading weights:  31%|###1      | 61/196 [00:00<00:00, 207.27it/s, Materializing param=gpt_neox.layers.4.mlp.dense_h_to_4h.bias]  
Loading weights:  31%|###1      | 61/196 [00:00<00:00, 207.27it/s, Materializing param=gpt_neox.layers.4.mlp.dense_h_to_4h.bias]
Loading weights:  32%|###1      | 62/196 [00:00<00:00, 207.27it/s, Materializing param=gpt_neox.layers.4.mlp.dense_h_to_4h.weight]
Loading weights:  32%|###1      | 62/196 [00:00<00:00, 207.27it/s, Materializing param=gpt_neox.layers.4.mlp.dense_h_to_4h.weight]
Loading weights:  32%|###2      | 63/196 [00:00<00:00, 207.27it/s, Materializing param=gpt_neox.layers.4.post_attention_layernorm.bias]
Loading weights:  32%|###2      | 63/196 [00:00<00:00, 207.27it/s, Materializing param=gpt_neox.layers.4.post_attention_layernorm.bias]
Loading weights:  33%|###2      | 64/196 [00:00<00:00, 207.27it/s, Materializing param=gpt_neox.layers.4.post_attention_layernorm.weight]
Loading weights:  33%|###2      | 64/196 [00:00<00:00, 207.27it/s, Materializing param=gpt_neox.layers.4.post_attention_layernorm.weight]
Loading weights:  33%|###3      | 65/196 [00:00<00:00, 207.27it/s, Materializing param=gpt_neox.layers.5.attention.dense.bias]           
Loading weights:  33%|###3      | 65/196 [00:00<00:00, 207.27it/s, Materializing param=gpt_neox.layers.5.attention.dense.bias]
Loading weights:  34%|###3      | 66/196 [00:00<00:00, 207.27it/s, Materializing param=gpt_neox.layers.5.attention.dense.weight]
Loading weights:  34%|###3      | 66/196 [00:00<00:00, 207.27it/s, Materializing param=gpt_neox.layers.5.attention.dense.weight]
Loading weights:  34%|###4      | 67/196 [00:00<00:00, 207.27it/s, Materializing param=gpt_neox.layers.5.attention.query_key_value.bias]
Loading weights:  34%|###4      | 67/196 [00:00<00:00, 207.27it/s, Materializing param=gpt_neox.layers.5.attention.query_key_value.bias]
Loading weights:  35%|###4      | 68/196 [00:00<00:00, 207.27it/s, Materializing param=gpt_neox.layers.5.attention.query_key_value.weight]
Loading weights:  35%|###4      | 68/196 [00:00<00:00, 207.27it/s, Materializing param=gpt_neox.layers.5.attention.query_key_value.weight]
Loading weights:  35%|###5      | 69/196 [00:00<00:00, 207.27it/s, Materializing param=gpt_neox.layers.5.input_layernorm.bias]            
Loading weights:  35%|###5      | 69/196 [00:00<00:00, 207.27it/s, Materializing param=gpt_neox.layers.5.input_layernorm.bias]
Loading weights:  36%|###5      | 70/196 [00:00<00:00, 207.27it/s, Materializing param=gpt_neox.layers.5.input_layernorm.weight]
Loading weights:  36%|###5      | 70/196 [00:00<00:00, 207.27it/s, Materializing param=gpt_neox.layers.5.input_layernorm.weight]
Loading weights:  36%|###6      | 71/196 [00:00<00:00, 207.27it/s, Materializing param=gpt_neox.layers.5.mlp.dense_4h_to_h.bias]
Loading weights:  36%|###6      | 71/196 [00:00<00:00, 207.27it/s, Materializing param=gpt_neox.layers.5.mlp.dense_4h_to_h.bias]
Loading weights:  37%|###6      | 72/196 [00:00<00:00, 207.27it/s, Materializing param=gpt_neox.layers.5.mlp.dense_4h_to_h.weight]
Loading weights:  37%|###6      | 72/196 [00:00<00:00, 207.27it/s, Materializing param=gpt_neox.layers.5.mlp.dense_4h_to_h.weight]
Loading weights:  37%|###7      | 73/196 [00:00<00:00, 207.27it/s, Materializing param=gpt_neox.layers.5.mlp.dense_h_to_4h.bias]  
Loading weights:  37%|###7      | 73/196 [00:00<00:00, 207.27it/s, Materializing param=gpt_neox.layers.5.mlp.dense_h_to_4h.bias]
Loading weights:  38%|###7      | 74/196 [00:00<00:00, 207.27it/s, Materializing param=gpt_neox.layers.5.mlp.dense_h_to_4h.weight]
Loading weights:  38%|###7      | 74/196 [00:00<00:00, 207.27it/s, Materializing param=gpt_neox.layers.5.mlp.dense_h_to_4h.weight]
Loading weights:  38%|###8      | 75/196 [00:00<00:00, 237.79it/s, Materializing param=gpt_neox.layers.5.mlp.dense_h_to_4h.weight]
Loading weights:  38%|###8      | 75/196 [00:00<00:00, 237.79it/s, Materializing param=gpt_neox.layers.5.post_attention_layernorm.bias]
Loading weights:  38%|###8      | 75/196 [00:00<00:00, 237.79it/s, Materializing param=gpt_neox.layers.5.post_attention_layernorm.bias]
Loading weights:  39%|###8      | 76/196 [00:00<00:00, 237.79it/s, Materializing param=gpt_neox.layers.5.post_attention_layernorm.weight]
Loading weights:  39%|###8      | 76/196 [00:00<00:00, 237.79it/s, Materializing param=gpt_neox.layers.5.post_attention_layernorm.weight]
Loading weights:  39%|###9      | 77/196 [00:00<00:00, 237.79it/s, Materializing param=gpt_neox.layers.6.attention.dense.bias]           
Loading weights:  39%|###9      | 77/196 [00:00<00:00, 237.79it/s, Materializing param=gpt_neox.layers.6.attention.dense.bias]
Loading weights:  40%|###9      | 78/196 [00:00<00:00, 237.79it/s, Materializing param=gpt_neox.layers.6.attention.dense.weight]
Loading weights:  40%|###9      | 78/196 [00:00<00:00, 237.79it/s, Materializing param=gpt_neox.layers.6.attention.dense.weight]
Loading weights:  40%|####      | 79/196 [00:00<00:00, 237.79it/s, Materializing param=gpt_neox.layers.6.attention.query_key_value.bias]
Loading weights:  40%|####      | 79/196 [00:00<00:00, 237.79it/s, Materializing param=gpt_neox.layers.6.attention.query_key_value.bias]
Loading weights:  41%|####      | 80/196 [00:00<00:00, 237.79it/s, Materializing param=gpt_neox.layers.6.attention.query_key_value.weight]
Loading weights:  41%|####      | 80/196 [00:00<00:00, 237.79it/s, Materializing param=gpt_neox.layers.6.attention.query_key_value.weight]
Loading weights:  41%|####1     | 81/196 [00:00<00:00, 237.79it/s, Materializing param=gpt_neox.layers.6.input_layernorm.bias]            
Loading weights:  41%|####1     | 81/196 [00:00<00:00, 237.79it/s, Materializing param=gpt_neox.layers.6.input_layernorm.bias]
Loading weights:  42%|####1     | 82/196 [00:00<00:00, 237.79it/s, Materializing param=gpt_neox.layers.6.input_layernorm.weight]
Loading weights:  42%|####1     | 82/196 [00:00<00:00, 237.79it/s, Materializing param=gpt_neox.layers.6.input_layernorm.weight]
Loading weights:  42%|####2     | 83/196 [00:00<00:00, 237.79it/s, Materializing param=gpt_neox.layers.6.mlp.dense_4h_to_h.bias]
Loading weights:  42%|####2     | 83/196 [00:00<00:00, 237.79it/s, Materializing param=gpt_neox.layers.6.mlp.dense_4h_to_h.bias]
Loading weights:  43%|####2     | 84/196 [00:00<00:00, 237.79it/s, Materializing param=gpt_neox.layers.6.mlp.dense_4h_to_h.weight]
Loading weights:  43%|####2     | 84/196 [00:00<00:00, 237.79it/s, Materializing param=gpt_neox.layers.6.mlp.dense_4h_to_h.weight]
Loading weights:  43%|####3     | 85/196 [00:00<00:00, 237.79it/s, Materializing param=gpt_neox.layers.6.mlp.dense_h_to_4h.bias]  
Loading weights:  43%|####3     | 85/196 [00:00<00:00, 237.79it/s, Materializing param=gpt_neox.layers.6.mlp.dense_h_to_4h.bias]
Loading weights:  44%|####3     | 86/196 [00:00<00:00, 237.79it/s, Materializing param=gpt_neox.layers.6.mlp.dense_h_to_4h.weight]
Loading weights:  44%|####3     | 86/196 [00:00<00:00, 237.79it/s, Materializing param=gpt_neox.layers.6.mlp.dense_h_to_4h.weight]
Loading weights:  44%|####4     | 87/196 [00:00<00:00, 237.79it/s, Materializing param=gpt_neox.layers.6.post_attention_layernorm.bias]
Loading weights:  44%|####4     | 87/196 [00:00<00:00, 237.79it/s, Materializing param=gpt_neox.layers.6.post_attention_layernorm.bias]
Loading weights:  45%|####4     | 88/196 [00:00<00:00, 237.79it/s, Materializing param=gpt_neox.layers.6.post_attention_layernorm.weight]
Loading weights:  45%|####4     | 88/196 [00:00<00:00, 237.79it/s, Materializing param=gpt_neox.layers.6.post_attention_layernorm.weight]
Loading weights:  45%|####5     | 89/196 [00:00<00:00, 237.79it/s, Materializing param=gpt_neox.layers.7.attention.dense.bias]           
Loading weights:  45%|####5     | 89/196 [00:00<00:00, 237.79it/s, Materializing param=gpt_neox.layers.7.attention.dense.bias]
Loading weights:  46%|####5     | 90/196 [00:00<00:00, 237.79it/s, Materializing param=gpt_neox.layers.7.attention.dense.weight]
Loading weights:  46%|####5     | 90/196 [00:00<00:00, 237.79it/s, Materializing param=gpt_neox.layers.7.attention.dense.weight]
Loading weights:  46%|####6     | 91/196 [00:00<00:00, 237.79it/s, Materializing param=gpt_neox.layers.7.attention.query_key_value.bias]
Loading weights:  46%|####6     | 91/196 [00:00<00:00, 237.79it/s, Materializing param=gpt_neox.layers.7.attention.query_key_value.bias]
Loading weights:  47%|####6     | 92/196 [00:00<00:00, 237.79it/s, Materializing param=gpt_neox.layers.7.attention.query_key_value.weight]
Loading weights:  47%|####6     | 92/196 [00:00<00:00, 237.79it/s, Materializing param=gpt_neox.layers.7.attention.query_key_value.weight]
Loading weights:  47%|####7     | 93/196 [00:00<00:00, 237.79it/s, Materializing param=gpt_neox.layers.7.input_layernorm.bias]            
Loading weights:  47%|####7     | 93/196 [00:00<00:00, 237.79it/s, Materializing param=gpt_neox.layers.7.input_layernorm.bias]
Loading weights:  48%|####7     | 94/196 [00:00<00:00, 237.79it/s, Materializing param=gpt_neox.layers.7.input_layernorm.weight]
Loading weights:  48%|####7     | 94/196 [00:00<00:00, 237.79it/s, Materializing param=gpt_neox.layers.7.input_layernorm.weight]
Loading weights:  48%|####8     | 95/196 [00:00<00:00, 237.79it/s, Materializing param=gpt_neox.layers.7.mlp.dense_4h_to_h.bias]
Loading weights:  48%|####8     | 95/196 [00:00<00:00, 237.79it/s, Materializing param=gpt_neox.layers.7.mlp.dense_4h_to_h.bias]
Loading weights:  49%|####8     | 96/196 [00:00<00:00, 237.79it/s, Materializing param=gpt_neox.layers.7.mlp.dense_4h_to_h.weight]
Loading weights:  49%|####8     | 96/196 [00:00<00:00, 237.79it/s, Materializing param=gpt_neox.layers.7.mlp.dense_4h_to_h.weight]
Loading weights:  49%|####9     | 97/196 [00:00<00:00, 237.79it/s, Materializing param=gpt_neox.layers.7.mlp.dense_h_to_4h.bias]  
Loading weights:  49%|####9     | 97/196 [00:00<00:00, 237.79it/s, Materializing param=gpt_neox.layers.7.mlp.dense_h_to_4h.bias]
Loading weights:  50%|#####     | 98/196 [00:00<00:00, 237.79it/s, Materializing param=gpt_neox.layers.7.mlp.dense_h_to_4h.weight]
Loading weights:  50%|#####     | 98/196 [00:00<00:00, 237.79it/s, Materializing param=gpt_neox.layers.7.mlp.dense_h_to_4h.weight]
Loading weights:  51%|#####     | 99/196 [00:00<00:00, 234.41it/s, Materializing param=gpt_neox.layers.7.mlp.dense_h_to_4h.weight]
Loading weights:  51%|#####     | 99/196 [00:00<00:00, 234.41it/s, Materializing param=gpt_neox.layers.7.post_attention_layernorm.bias]
Loading weights:  51%|#####     | 99/196 [00:00<00:00, 234.41it/s, Materializing param=gpt_neox.layers.7.post_attention_layernorm.bias]
Loading weights:  51%|#####1    | 100/196 [00:00<00:00, 234.41it/s, Materializing param=gpt_neox.layers.7.post_attention_layernorm.weight]
Loading weights:  51%|#####1    | 100/196 [00:00<00:00, 234.41it/s, Materializing param=gpt_neox.layers.7.post_attention_layernorm.weight]
Loading weights:  52%|#####1    | 101/196 [00:00<00:00, 234.41it/s, Materializing param=gpt_neox.layers.8.attention.dense.bias]           
Loading weights:  52%|#####1    | 101/196 [00:00<00:00, 234.41it/s, Materializing param=gpt_neox.layers.8.attention.dense.bias]
Loading weights:  52%|#####2    | 102/196 [00:00<00:00, 234.41it/s, Materializing param=gpt_neox.layers.8.attention.dense.weight]
Loading weights:  52%|#####2    | 102/196 [00:00<00:00, 234.41it/s, Materializing param=gpt_neox.layers.8.attention.dense.weight]
Loading weights:  53%|#####2    | 103/196 [00:00<00:00, 234.41it/s, Materializing param=gpt_neox.layers.8.attention.query_key_value.bias]
Loading weights:  53%|#####2    | 103/196 [00:00<00:00, 234.41it/s, Materializing param=gpt_neox.layers.8.attention.query_key_value.bias]
Loading weights:  53%|#####3    | 104/196 [00:00<00:00, 234.41it/s, Materializing param=gpt_neox.layers.8.attention.query_key_value.weight]
Loading weights:  53%|#####3    | 104/196 [00:00<00:00, 234.41it/s, Materializing param=gpt_neox.layers.8.attention.query_key_value.weight]
Loading weights:  54%|#####3    | 105/196 [00:00<00:00, 234.41it/s, Materializing param=gpt_neox.layers.8.input_layernorm.bias]            
Loading weights:  54%|#####3    | 105/196 [00:00<00:00, 234.41it/s, Materializing param=gpt_neox.layers.8.input_layernorm.bias]
Loading weights:  54%|#####4    | 106/196 [00:00<00:00, 234.41it/s, Materializing param=gpt_neox.layers.8.input_layernorm.weight]
Loading weights:  54%|#####4    | 106/196 [00:00<00:00, 234.41it/s, Materializing param=gpt_neox.layers.8.input_layernorm.weight]
Loading weights:  55%|#####4    | 107/196 [00:00<00:00, 234.41it/s, Materializing param=gpt_neox.layers.8.mlp.dense_4h_to_h.bias]
Loading weights:  55%|#####4    | 107/196 [00:00<00:00, 234.41it/s, Materializing param=gpt_neox.layers.8.mlp.dense_4h_to_h.bias]
Loading weights:  55%|#####5    | 108/196 [00:00<00:00, 234.41it/s, Materializing param=gpt_neox.layers.8.mlp.dense_4h_to_h.weight]
Loading weights:  55%|#####5    | 108/196 [00:00<00:00, 234.41it/s, Materializing param=gpt_neox.layers.8.mlp.dense_4h_to_h.weight]
Loading weights:  56%|#####5    | 109/196 [00:00<00:00, 234.41it/s, Materializing param=gpt_neox.layers.8.mlp.dense_h_to_4h.bias]  
Loading weights:  56%|#####5    | 109/196 [00:00<00:00, 234.41it/s, Materializing param=gpt_neox.layers.8.mlp.dense_h_to_4h.bias]
Loading weights:  56%|#####6    | 110/196 [00:00<00:00, 234.41it/s, Materializing param=gpt_neox.layers.8.mlp.dense_h_to_4h.weight]
Loading weights:  56%|#####6    | 110/196 [00:00<00:00, 234.41it/s, Materializing param=gpt_neox.layers.8.mlp.dense_h_to_4h.weight]
Loading weights:  57%|#####6    | 111/196 [00:00<00:00, 234.41it/s, Materializing param=gpt_neox.layers.8.post_attention_layernorm.bias]
Loading weights:  57%|#####6    | 111/196 [00:00<00:00, 234.41it/s, Materializing param=gpt_neox.layers.8.post_attention_layernorm.bias]
Loading weights:  57%|#####7    | 112/196 [00:00<00:00, 234.41it/s, Materializing param=gpt_neox.layers.8.post_attention_layernorm.weight]
Loading weights:  57%|#####7    | 112/196 [00:00<00:00, 234.41it/s, Materializing param=gpt_neox.layers.8.post_attention_layernorm.weight]
Loading weights:  58%|#####7    | 113/196 [00:00<00:00, 234.41it/s, Materializing param=gpt_neox.layers.9.attention.dense.bias]           
Loading weights:  58%|#####7    | 113/196 [00:00<00:00, 234.41it/s, Materializing param=gpt_neox.layers.9.attention.dense.bias]
Loading weights:  58%|#####8    | 114/196 [00:00<00:00, 234.41it/s, Materializing param=gpt_neox.layers.9.attention.dense.weight]
Loading weights:  58%|#####8    | 114/196 [00:00<00:00, 234.41it/s, Materializing param=gpt_neox.layers.9.attention.dense.weight]
Loading weights:  59%|#####8    | 115/196 [00:00<00:00, 234.41it/s, Materializing param=gpt_neox.layers.9.attention.query_key_value.bias]
Loading weights:  59%|#####8    | 115/196 [00:00<00:00, 234.41it/s, Materializing param=gpt_neox.layers.9.attention.query_key_value.bias]
Loading weights:  59%|#####9    | 116/196 [00:00<00:00, 234.41it/s, Materializing param=gpt_neox.layers.9.attention.query_key_value.weight]
Loading weights:  59%|#####9    | 116/196 [00:00<00:00, 234.41it/s, Materializing param=gpt_neox.layers.9.attention.query_key_value.weight]
Loading weights:  60%|#####9    | 117/196 [00:00<00:00, 234.41it/s, Materializing param=gpt_neox.layers.9.input_layernorm.bias]            
Loading weights:  60%|#####9    | 117/196 [00:00<00:00, 234.41it/s, Materializing param=gpt_neox.layers.9.input_layernorm.bias]
Loading weights:  60%|######    | 118/196 [00:00<00:00, 234.41it/s, Materializing param=gpt_neox.layers.9.input_layernorm.weight]
Loading weights:  60%|######    | 118/196 [00:00<00:00, 234.41it/s, Materializing param=gpt_neox.layers.9.input_layernorm.weight]
Loading weights:  61%|######    | 119/196 [00:00<00:00, 234.41it/s, Materializing param=gpt_neox.layers.9.mlp.dense_4h_to_h.bias]
Loading weights:  61%|######    | 119/196 [00:00<00:00, 234.41it/s, Materializing param=gpt_neox.layers.9.mlp.dense_4h_to_h.bias]
Loading weights:  61%|######1   | 120/196 [00:00<00:00, 234.41it/s, Materializing param=gpt_neox.layers.9.mlp.dense_4h_to_h.weight]
Loading weights:  61%|######1   | 120/196 [00:00<00:00, 234.41it/s, Materializing param=gpt_neox.layers.9.mlp.dense_4h_to_h.weight]
Loading weights:  62%|######1   | 121/196 [00:00<00:00, 234.41it/s, Materializing param=gpt_neox.layers.9.mlp.dense_h_to_4h.bias]  
Loading weights:  62%|######1   | 121/196 [00:00<00:00, 234.41it/s, Materializing param=gpt_neox.layers.9.mlp.dense_h_to_4h.bias]
Loading weights:  62%|######2   | 122/196 [00:00<00:00, 234.41it/s, Materializing param=gpt_neox.layers.9.mlp.dense_h_to_4h.weight]
Loading weights:  62%|######2   | 122/196 [00:00<00:00, 234.41it/s, Materializing param=gpt_neox.layers.9.mlp.dense_h_to_4h.weight]
Loading weights:  63%|######2   | 123/196 [00:00<00:00, 234.41it/s, Materializing param=gpt_neox.layers.9.post_attention_layernorm.bias]
Loading weights:  63%|######2   | 123/196 [00:00<00:00, 234.41it/s, Materializing param=gpt_neox.layers.9.post_attention_layernorm.bias]
Loading weights:  63%|######3   | 124/196 [00:00<00:00, 234.41it/s, Materializing param=gpt_neox.layers.9.post_attention_layernorm.weight]
Loading weights:  63%|######3   | 124/196 [00:00<00:00, 234.41it/s, Materializing param=gpt_neox.layers.9.post_attention_layernorm.weight]
Loading weights:  64%|######3   | 125/196 [00:00<00:00, 234.41it/s, Materializing param=gpt_neox.layers.10.attention.dense.bias]          
Loading weights:  64%|######3   | 125/196 [00:00<00:00, 234.41it/s, Materializing param=gpt_neox.layers.10.attention.dense.bias]
Loading weights:  64%|######4   | 126/196 [00:00<00:00, 234.41it/s, Materializing param=gpt_neox.layers.10.attention.dense.weight]
Loading weights:  64%|######4   | 126/196 [00:00<00:00, 234.41it/s, Materializing param=gpt_neox.layers.10.attention.dense.weight]
Loading weights:  65%|######4   | 127/196 [00:00<00:00, 230.88it/s, Materializing param=gpt_neox.layers.10.attention.dense.weight]
Loading weights:  65%|######4   | 127/196 [00:00<00:00, 230.88it/s, Materializing param=gpt_neox.layers.10.attention.query_key_value.bias]
Loading weights:  65%|######4   | 127/196 [00:00<00:00, 230.88it/s, Materializing param=gpt_neox.layers.10.attention.query_key_value.bias]
Loading weights:  65%|######5   | 128/196 [00:00<00:00, 230.88it/s, Materializing param=gpt_neox.layers.10.attention.query_key_value.weight]
Loading weights:  65%|######5   | 128/196 [00:00<00:00, 230.88it/s, Materializing param=gpt_neox.layers.10.attention.query_key_value.weight]
Loading weights:  66%|######5   | 129/196 [00:00<00:00, 230.88it/s, Materializing param=gpt_neox.layers.10.input_layernorm.bias]            
Loading weights:  66%|######5   | 129/196 [00:00<00:00, 230.88it/s, Materializing param=gpt_neox.layers.10.input_layernorm.bias]
Loading weights:  66%|######6   | 130/196 [00:00<00:00, 230.88it/s, Materializing param=gpt_neox.layers.10.input_layernorm.weight]
Loading weights:  66%|######6   | 130/196 [00:00<00:00, 230.88it/s, Materializing param=gpt_neox.layers.10.input_layernorm.weight]
Loading weights:  67%|######6   | 131/196 [00:00<00:00, 230.88it/s, Materializing param=gpt_neox.layers.10.mlp.dense_4h_to_h.bias]
Loading weights:  67%|######6   | 131/196 [00:00<00:00, 230.88it/s, Materializing param=gpt_neox.layers.10.mlp.dense_4h_to_h.bias]
Loading weights:  67%|######7   | 132/196 [00:00<00:00, 230.88it/s, Materializing param=gpt_neox.layers.10.mlp.dense_4h_to_h.weight]
Loading weights:  67%|######7   | 132/196 [00:00<00:00, 230.88it/s, Materializing param=gpt_neox.layers.10.mlp.dense_4h_to_h.weight]
Loading weights:  68%|######7   | 133/196 [00:00<00:00, 230.88it/s, Materializing param=gpt_neox.layers.10.mlp.dense_h_to_4h.bias]  
Loading weights:  68%|######7   | 133/196 [00:00<00:00, 230.88it/s, Materializing param=gpt_neox.layers.10.mlp.dense_h_to_4h.bias]
Loading weights:  68%|######8   | 134/196 [00:00<00:00, 230.88it/s, Materializing param=gpt_neox.layers.10.mlp.dense_h_to_4h.weight]
Loading weights:  68%|######8   | 134/196 [00:00<00:00, 230.88it/s, Materializing param=gpt_neox.layers.10.mlp.dense_h_to_4h.weight]
Loading weights:  69%|######8   | 135/196 [00:00<00:00, 230.88it/s, Materializing param=gpt_neox.layers.10.post_attention_layernorm.bias]
Loading weights:  69%|######8   | 135/196 [00:00<00:00, 230.88it/s, Materializing param=gpt_neox.layers.10.post_attention_layernorm.bias]
Loading weights:  69%|######9   | 136/196 [00:00<00:00, 230.88it/s, Materializing param=gpt_neox.layers.10.post_attention_layernorm.weight]
Loading weights:  69%|######9   | 136/196 [00:00<00:00, 230.88it/s, Materializing param=gpt_neox.layers.10.post_attention_layernorm.weight]
Loading weights:  70%|######9   | 137/196 [00:00<00:00, 230.88it/s, Materializing param=gpt_neox.layers.11.attention.dense.bias]           
Loading weights:  70%|######9   | 137/196 [00:00<00:00, 230.88it/s, Materializing param=gpt_neox.layers.11.attention.dense.bias]
Loading weights:  70%|#######   | 138/196 [00:00<00:00, 230.88it/s, Materializing param=gpt_neox.layers.11.attention.dense.weight]
Loading weights:  70%|#######   | 138/196 [00:00<00:00, 230.88it/s, Materializing param=gpt_neox.layers.11.attention.dense.weight]
Loading weights:  71%|#######   | 139/196 [00:00<00:00, 230.88it/s, Materializing param=gpt_neox.layers.11.attention.query_key_value.bias]
Loading weights:  71%|#######   | 139/196 [00:00<00:00, 230.88it/s, Materializing param=gpt_neox.layers.11.attention.query_key_value.bias]
Loading weights:  71%|#######1  | 140/196 [00:00<00:00, 230.88it/s, Materializing param=gpt_neox.layers.11.attention.query_key_value.weight]
Loading weights:  71%|#######1  | 140/196 [00:00<00:00, 230.88it/s, Materializing param=gpt_neox.layers.11.attention.query_key_value.weight]
Loading weights:  72%|#######1  | 141/196 [00:00<00:00, 230.88it/s, Materializing param=gpt_neox.layers.11.input_layernorm.bias]            
Loading weights:  72%|#######1  | 141/196 [00:00<00:00, 230.88it/s, Materializing param=gpt_neox.layers.11.input_layernorm.bias]
Loading weights:  72%|#######2  | 142/196 [00:00<00:00, 230.88it/s, Materializing param=gpt_neox.layers.11.input_layernorm.weight]
Loading weights:  72%|#######2  | 142/196 [00:00<00:00, 230.88it/s, Materializing param=gpt_neox.layers.11.input_layernorm.weight]
Loading weights:  73%|#######2  | 143/196 [00:00<00:00, 230.88it/s, Materializing param=gpt_neox.layers.11.mlp.dense_4h_to_h.bias]
Loading weights:  73%|#######2  | 143/196 [00:00<00:00, 230.88it/s, Materializing param=gpt_neox.layers.11.mlp.dense_4h_to_h.bias]
Loading weights:  73%|#######3  | 144/196 [00:00<00:00, 230.88it/s, Materializing param=gpt_neox.layers.11.mlp.dense_4h_to_h.weight]
Loading weights:  73%|#######3  | 144/196 [00:00<00:00, 230.88it/s, Materializing param=gpt_neox.layers.11.mlp.dense_4h_to_h.weight]
Loading weights:  74%|#######3  | 145/196 [00:00<00:00, 230.88it/s, Materializing param=gpt_neox.layers.11.mlp.dense_h_to_4h.bias]  
Loading weights:  74%|#######3  | 145/196 [00:00<00:00, 230.88it/s, Materializing param=gpt_neox.layers.11.mlp.dense_h_to_4h.bias]
Loading weights:  74%|#######4  | 146/196 [00:00<00:00, 230.88it/s, Materializing param=gpt_neox.layers.11.mlp.dense_h_to_4h.weight]
Loading weights:  74%|#######4  | 146/196 [00:00<00:00, 230.88it/s, Materializing param=gpt_neox.layers.11.mlp.dense_h_to_4h.weight]
Loading weights:  75%|#######5  | 147/196 [00:00<00:00, 230.88it/s, Materializing param=gpt_neox.layers.11.post_attention_layernorm.bias]
Loading weights:  75%|#######5  | 147/196 [00:00<00:00, 230.88it/s, Materializing param=gpt_neox.layers.11.post_attention_layernorm.bias]
Loading weights:  76%|#######5  | 148/196 [00:00<00:00, 230.88it/s, Materializing param=gpt_neox.layers.11.post_attention_layernorm.weight]
Loading weights:  76%|#######5  | 148/196 [00:00<00:00, 230.88it/s, Materializing param=gpt_neox.layers.11.post_attention_layernorm.weight]
Loading weights:  76%|#######6  | 149/196 [00:00<00:00, 230.88it/s, Materializing param=gpt_neox.layers.12.attention.dense.bias]           
Loading weights:  76%|#######6  | 149/196 [00:00<00:00, 230.88it/s, Materializing param=gpt_neox.layers.12.attention.dense.bias]
Loading weights:  77%|#######6  | 150/196 [00:00<00:00, 230.88it/s, Materializing param=gpt_neox.layers.12.attention.dense.weight]
Loading weights:  77%|#######6  | 150/196 [00:00<00:00, 230.88it/s, Materializing param=gpt_neox.layers.12.attention.dense.weight]
Loading weights:  77%|#######7  | 151/196 [00:00<00:00, 230.88it/s, Materializing param=gpt_neox.layers.12.attention.query_key_value.bias]
Loading weights:  77%|#######7  | 151/196 [00:00<00:00, 230.88it/s, Materializing param=gpt_neox.layers.12.attention.query_key_value.bias]
Loading weights:  78%|#######7  | 152/196 [00:00<00:00, 230.88it/s, Materializing param=gpt_neox.layers.12.attention.query_key_value.weight]
Loading weights:  78%|#######7  | 152/196 [00:00<00:00, 230.88it/s, Materializing param=gpt_neox.layers.12.attention.query_key_value.weight]
Loading weights:  78%|#######8  | 153/196 [00:00<00:00, 230.88it/s, Materializing param=gpt_neox.layers.12.input_layernorm.bias]            
Loading weights:  78%|#######8  | 153/196 [00:00<00:00, 230.88it/s, Materializing param=gpt_neox.layers.12.input_layernorm.bias]
Loading weights:  79%|#######8  | 154/196 [00:00<00:00, 230.88it/s, Materializing param=gpt_neox.layers.12.input_layernorm.weight]
Loading weights:  79%|#######8  | 154/196 [00:00<00:00, 230.88it/s, Materializing param=gpt_neox.layers.12.input_layernorm.weight]
Loading weights:  79%|#######9  | 155/196 [00:00<00:00, 230.88it/s, Materializing param=gpt_neox.layers.12.mlp.dense_4h_to_h.bias]
Loading weights:  79%|#######9  | 155/196 [00:00<00:00, 230.88it/s, Materializing param=gpt_neox.layers.12.mlp.dense_4h_to_h.bias]
Loading weights:  80%|#######9  | 156/196 [00:00<00:00, 230.88it/s, Materializing param=gpt_neox.layers.12.mlp.dense_4h_to_h.weight]
Loading weights:  80%|#######9  | 156/196 [00:00<00:00, 230.88it/s, Materializing param=gpt_neox.layers.12.mlp.dense_4h_to_h.weight]
Loading weights:  80%|########  | 157/196 [00:00<00:00, 230.88it/s, Materializing param=gpt_neox.layers.12.mlp.dense_h_to_4h.bias]  
Loading weights:  80%|########  | 157/196 [00:00<00:00, 230.88it/s, Materializing param=gpt_neox.layers.12.mlp.dense_h_to_4h.bias]
Loading weights:  81%|########  | 158/196 [00:00<00:00, 230.88it/s, Materializing param=gpt_neox.layers.12.mlp.dense_h_to_4h.weight]
Loading weights:  81%|########  | 158/196 [00:00<00:00, 230.88it/s, Materializing param=gpt_neox.layers.12.mlp.dense_h_to_4h.weight]
Loading weights:  81%|########1 | 159/196 [00:00<00:00, 228.21it/s, Materializing param=gpt_neox.layers.12.mlp.dense_h_to_4h.weight]
Loading weights:  81%|########1 | 159/196 [00:00<00:00, 228.21it/s, Materializing param=gpt_neox.layers.12.post_attention_layernorm.bias]
Loading weights:  81%|########1 | 159/196 [00:00<00:00, 228.21it/s, Materializing param=gpt_neox.layers.12.post_attention_layernorm.bias]
Loading weights:  82%|########1 | 160/196 [00:00<00:00, 228.21it/s, Materializing param=gpt_neox.layers.12.post_attention_layernorm.weight]
Loading weights:  82%|########1 | 160/196 [00:00<00:00, 228.21it/s, Materializing param=gpt_neox.layers.12.post_attention_layernorm.weight]
Loading weights:  82%|########2 | 161/196 [00:00<00:00, 228.21it/s, Materializing param=gpt_neox.layers.13.attention.dense.bias]           
Loading weights:  82%|########2 | 161/196 [00:00<00:00, 228.21it/s, Materializing param=gpt_neox.layers.13.attention.dense.bias]
Loading weights:  83%|########2 | 162/196 [00:00<00:00, 228.21it/s, Materializing param=gpt_neox.layers.13.attention.dense.weight]
Loading weights:  83%|########2 | 162/196 [00:00<00:00, 228.21it/s, Materializing param=gpt_neox.layers.13.attention.dense.weight]
Loading weights:  83%|########3 | 163/196 [00:00<00:00, 228.21it/s, Materializing param=gpt_neox.layers.13.attention.query_key_value.bias]
Loading weights:  83%|########3 | 163/196 [00:00<00:00, 228.21it/s, Materializing param=gpt_neox.layers.13.attention.query_key_value.bias]
Loading weights:  84%|########3 | 164/196 [00:00<00:00, 228.21it/s, Materializing param=gpt_neox.layers.13.attention.query_key_value.weight]
Loading weights:  84%|########3 | 164/196 [00:00<00:00, 228.21it/s, Materializing param=gpt_neox.layers.13.attention.query_key_value.weight]
Loading weights:  84%|########4 | 165/196 [00:00<00:00, 228.21it/s, Materializing param=gpt_neox.layers.13.input_layernorm.bias]            
Loading weights:  84%|########4 | 165/196 [00:00<00:00, 228.21it/s, Materializing param=gpt_neox.layers.13.input_layernorm.bias]
Loading weights:  85%|########4 | 166/196 [00:00<00:00, 228.21it/s, Materializing param=gpt_neox.layers.13.input_layernorm.weight]
Loading weights:  85%|########4 | 166/196 [00:00<00:00, 228.21it/s, Materializing param=gpt_neox.layers.13.input_layernorm.weight]
Loading weights:  85%|########5 | 167/196 [00:00<00:00, 228.21it/s, Materializing param=gpt_neox.layers.13.mlp.dense_4h_to_h.bias]
Loading weights:  85%|########5 | 167/196 [00:00<00:00, 228.21it/s, Materializing param=gpt_neox.layers.13.mlp.dense_4h_to_h.bias]
Loading weights:  86%|########5 | 168/196 [00:00<00:00, 228.21it/s, Materializing param=gpt_neox.layers.13.mlp.dense_4h_to_h.weight]
Loading weights:  86%|########5 | 168/196 [00:00<00:00, 228.21it/s, Materializing param=gpt_neox.layers.13.mlp.dense_4h_to_h.weight]
Loading weights:  86%|########6 | 169/196 [00:00<00:00, 228.21it/s, Materializing param=gpt_neox.layers.13.mlp.dense_h_to_4h.bias]  
Loading weights:  86%|########6 | 169/196 [00:00<00:00, 228.21it/s, Materializing param=gpt_neox.layers.13.mlp.dense_h_to_4h.bias]
Loading weights:  87%|########6 | 170/196 [00:00<00:00, 228.21it/s, Materializing param=gpt_neox.layers.13.mlp.dense_h_to_4h.weight]
Loading weights:  87%|########6 | 170/196 [00:00<00:00, 228.21it/s, Materializing param=gpt_neox.layers.13.mlp.dense_h_to_4h.weight]
Loading weights:  87%|########7 | 171/196 [00:00<00:00, 228.21it/s, Materializing param=gpt_neox.layers.13.post_attention_layernorm.bias]
Loading weights:  87%|########7 | 171/196 [00:00<00:00, 228.21it/s, Materializing param=gpt_neox.layers.13.post_attention_layernorm.bias]
Loading weights:  88%|########7 | 172/196 [00:00<00:00, 228.21it/s, Materializing param=gpt_neox.layers.13.post_attention_layernorm.weight]
Loading weights:  88%|########7 | 172/196 [00:00<00:00, 228.21it/s, Materializing param=gpt_neox.layers.13.post_attention_layernorm.weight]
Loading weights:  88%|########8 | 173/196 [00:00<00:00, 228.21it/s, Materializing param=gpt_neox.layers.14.attention.dense.bias]           
Loading weights:  88%|########8 | 173/196 [00:00<00:00, 228.21it/s, Materializing param=gpt_neox.layers.14.attention.dense.bias]
Loading weights:  89%|########8 | 174/196 [00:00<00:00, 228.21it/s, Materializing param=gpt_neox.layers.14.attention.dense.weight]
Loading weights:  89%|########8 | 174/196 [00:00<00:00, 228.21it/s, Materializing param=gpt_neox.layers.14.attention.dense.weight]
Loading weights:  89%|########9 | 175/196 [00:00<00:00, 228.21it/s, Materializing param=gpt_neox.layers.14.attention.query_key_value.bias]
Loading weights:  89%|########9 | 175/196 [00:00<00:00, 228.21it/s, Materializing param=gpt_neox.layers.14.attention.query_key_value.bias]
Loading weights:  90%|########9 | 176/196 [00:00<00:00, 228.21it/s, Materializing param=gpt_neox.layers.14.attention.query_key_value.weight]
Loading weights:  90%|########9 | 176/196 [00:00<00:00, 228.21it/s, Materializing param=gpt_neox.layers.14.attention.query_key_value.weight]
Loading weights:  90%|######### | 177/196 [00:00<00:00, 228.21it/s, Materializing param=gpt_neox.layers.14.input_layernorm.bias]            
Loading weights:  90%|######### | 177/196 [00:00<00:00, 228.21it/s, Materializing param=gpt_neox.layers.14.input_layernorm.bias]
Loading weights:  91%|######### | 178/196 [00:00<00:00, 228.21it/s, Materializing param=gpt_neox.layers.14.input_layernorm.weight]
Loading weights:  91%|######### | 178/196 [00:00<00:00, 228.21it/s, Materializing param=gpt_neox.layers.14.input_layernorm.weight]
Loading weights:  91%|#########1| 179/196 [00:00<00:00, 228.21it/s, Materializing param=gpt_neox.layers.14.mlp.dense_4h_to_h.bias]
Loading weights:  91%|#########1| 179/196 [00:00<00:00, 228.21it/s, Materializing param=gpt_neox.layers.14.mlp.dense_4h_to_h.bias]
Loading weights:  92%|#########1| 180/196 [00:00<00:00, 228.21it/s, Materializing param=gpt_neox.layers.14.mlp.dense_4h_to_h.weight]
Loading weights:  92%|#########1| 180/196 [00:00<00:00, 228.21it/s, Materializing param=gpt_neox.layers.14.mlp.dense_4h_to_h.weight]
Loading weights:  92%|#########2| 181/196 [00:00<00:00, 228.21it/s, Materializing param=gpt_neox.layers.14.mlp.dense_h_to_4h.bias]  
Loading weights:  92%|#########2| 181/196 [00:00<00:00, 228.21it/s, Materializing param=gpt_neox.layers.14.mlp.dense_h_to_4h.bias]
Loading weights:  93%|#########2| 182/196 [00:00<00:00, 228.21it/s, Materializing param=gpt_neox.layers.14.mlp.dense_h_to_4h.weight]
Loading weights:  93%|#########2| 182/196 [00:00<00:00, 228.21it/s, Materializing param=gpt_neox.layers.14.mlp.dense_h_to_4h.weight]
Loading weights:  93%|#########3| 183/196 [00:00<00:00, 228.21it/s, Materializing param=gpt_neox.layers.14.post_attention_layernorm.bias]
Loading weights:  93%|#########3| 183/196 [00:00<00:00, 228.21it/s, Materializing param=gpt_neox.layers.14.post_attention_layernorm.bias]
Loading weights:  94%|#########3| 184/196 [00:00<00:00, 228.21it/s, Materializing param=gpt_neox.layers.14.post_attention_layernorm.weight]
Loading weights:  94%|#########3| 184/196 [00:00<00:00, 228.21it/s, Materializing param=gpt_neox.layers.14.post_attention_layernorm.weight]
Loading weights:  94%|#########4| 185/196 [00:00<00:00, 228.21it/s, Materializing param=gpt_neox.layers.15.attention.dense.bias]           
Loading weights:  94%|#########4| 185/196 [00:00<00:00, 228.21it/s, Materializing param=gpt_neox.layers.15.attention.dense.bias]
Loading weights:  95%|#########4| 186/196 [00:00<00:00, 228.21it/s, Materializing param=gpt_neox.layers.15.attention.dense.weight]
Loading weights:  95%|#########4| 186/196 [00:00<00:00, 228.21it/s, Materializing param=gpt_neox.layers.15.attention.dense.weight]
Loading weights:  95%|#########5| 187/196 [00:00<00:00, 228.21it/s, Materializing param=gpt_neox.layers.15.attention.query_key_value.bias]
Loading weights:  95%|#########5| 187/196 [00:00<00:00, 228.21it/s, Materializing param=gpt_neox.layers.15.attention.query_key_value.bias]
Loading weights:  96%|#########5| 188/196 [00:00<00:00, 228.21it/s, Materializing param=gpt_neox.layers.15.attention.query_key_value.weight]
Loading weights:  96%|#########5| 188/196 [00:00<00:00, 228.21it/s, Materializing param=gpt_neox.layers.15.attention.query_key_value.weight]
Loading weights:  96%|#########6| 189/196 [00:00<00:00, 228.21it/s, Materializing param=gpt_neox.layers.15.input_layernorm.bias]            
Loading weights:  96%|#########6| 189/196 [00:00<00:00, 228.21it/s, Materializing param=gpt_neox.layers.15.input_layernorm.bias]
Loading weights:  97%|#########6| 190/196 [00:00<00:00, 228.21it/s, Materializing param=gpt_neox.layers.15.input_layernorm.weight]
Loading weights:  97%|#########6| 190/196 [00:00<00:00, 228.21it/s, Materializing param=gpt_neox.layers.15.input_layernorm.weight]
Loading weights:  97%|#########7| 191/196 [00:00<00:00, 228.21it/s, Materializing param=gpt_neox.layers.15.mlp.dense_4h_to_h.bias]
Loading weights:  97%|#########7| 191/196 [00:00<00:00, 228.21it/s, Materializing param=gpt_neox.layers.15.mlp.dense_4h_to_h.bias]
Loading weights:  98%|#########7| 192/196 [00:00<00:00, 228.21it/s, Materializing param=gpt_neox.layers.15.mlp.dense_4h_to_h.weight]
Loading weights:  98%|#########7| 192/196 [00:00<00:00, 228.21it/s, Materializing param=gpt_neox.layers.15.mlp.dense_4h_to_h.weight]
Loading weights:  98%|#########8| 193/196 [00:00<00:00, 228.21it/s, Materializing param=gpt_neox.layers.15.mlp.dense_h_to_4h.bias]  
Loading weights:  98%|#########8| 193/196 [00:00<00:00, 228.21it/s, Materializing param=gpt_neox.layers.15.mlp.dense_h_to_4h.bias]
Loading weights:  99%|#########8| 194/196 [00:00<00:00, 228.21it/s, Materializing param=gpt_neox.layers.15.mlp.dense_h_to_4h.weight]
Loading weights:  99%|#########8| 194/196 [00:00<00:00, 228.21it/s, Materializing param=gpt_neox.layers.15.mlp.dense_h_to_4h.weight]
Loading weights:  99%|#########9| 195/196 [00:00<00:00, 228.21it/s, Materializing param=gpt_neox.layers.15.post_attention_layernorm.bias]
Loading weights:  99%|#########9| 195/196 [00:00<00:00, 228.21it/s, Materializing param=gpt_neox.layers.15.post_attention_layernorm.bias]
Loading weights: 100%|##########| 196/196 [00:00<00:00, 228.21it/s, Materializing param=gpt_neox.layers.15.post_attention_layernorm.weight]
Loading weights: 100%|##########| 196/196 [00:00<00:00, 228.21it/s, Materializing param=gpt_neox.layers.15.post_attention_layernorm.weight]
Loading weights: 100%|##########| 196/196 [00:00<00:00, 243.35it/s, Materializing param=gpt_neox.layers.15.post_attention_layernorm.weight]
[2026-04-23T03:10:08.754037] END self_prediction_transfer_v3_template_instruction OK

[2026-04-23T03:10:08.770117] START self_prediction_transfer_v3_template_chat: C:/Users/joshj/miniconda3/python.exe C:\Users\joshj\joseph-stroud-identity-stability-research\scripts\self_prediction_transfer_v3.py --config C:\Users\joshj\joseph-stroud-identity-stability-research\configs\identity_battery\self_prediction_transfer_v3_template_chat_full.yaml

Loading weights:   0%|          | 0/196 [00:00<?, ?it/s]
Loading weights:   1%|          | 1/196 [00:00<00:00, 9078.58it/s, Materializing param=embed_out.weight]
Loading weights:   1%|          | 1/196 [00:00<00:00, 4843.31it/s, Materializing param=embed_out.weight]
Loading weights:   1%|1         | 2/196 [00:00<00:00, 522.46it/s, Materializing param=gpt_neox.embed_in.weight]
Loading weights:   1%|1         | 2/196 [00:00<00:00, 485.37it/s, Materializing param=gpt_neox.embed_in.weight]
Loading weights:   2%|1         | 3/196 [00:00<00:00, 672.20it/s, Materializing param=gpt_neox.final_layer_norm.bias]
Loading weights:   2%|1         | 3/196 [00:00<00:00, 648.87it/s, Materializing param=gpt_neox.final_layer_norm.bias]
Loading weights:   2%|2         | 4/196 [00:00<00:00, 827.44it/s, Materializing param=gpt_neox.final_layer_norm.weight]
Loading weights:   2%|2         | 4/196 [00:00<00:00, 811.00it/s, Materializing param=gpt_neox.final_layer_norm.weight]
Loading weights:   3%|2         | 5/196 [00:00<00:00, 903.44it/s, Materializing param=gpt_neox.layers.0.attention.dense.bias]
Loading weights:   3%|2         | 5/196 [00:00<00:00, 887.91it/s, Materializing param=gpt_neox.layers.0.attention.dense.bias]
Loading weights:   3%|3         | 6/196 [00:00<00:00, 1025.84it/s, Materializing param=gpt_neox.layers.0.attention.dense.weight]
Loading weights:   3%|3         | 6/196 [00:00<00:00, 1013.12it/s, Materializing param=gpt_neox.layers.0.attention.dense.weight]
Loading weights:   4%|3         | 7/196 [00:00<00:00, 231.56it/s, Materializing param=gpt_neox.layers.0.attention.query_key_value.bias]
Loading weights:   4%|3         | 7/196 [00:00<00:00, 228.69it/s, Materializing param=gpt_neox.layers.0.attention.query_key_value.bias]
Loading weights:   4%|4         | 8/196 [00:00<00:00, 258.78it/s, Materializing param=gpt_neox.layers.0.attention.query_key_value.weight]
Loading weights:   4%|4         | 8/196 [00:00<00:00, 257.97it/s, Materializing param=gpt_neox.layers.0.attention.query_key_value.weight]
Loading weights:   5%|4         | 9/196 [00:00<00:00, 224.02it/s, Materializing param=gpt_neox.layers.0.input_layernorm.bias]            
Loading weights:   5%|4         | 9/196 [00:00<00:00, 222.60it/s, Materializing param=gpt_neox.layers.0.input_layernorm.bias]
Loading weights:   5%|5         | 10/196 [00:00<00:00, 245.74it/s, Materializing param=gpt_neox.layers.0.input_layernorm.weight]
Loading weights:   5%|5         | 10/196 [00:00<00:00, 244.82it/s, Materializing param=gpt_neox.layers.0.input_layernorm.weight]
Loading weights:   6%|5         | 11/196 [00:00<00:00, 265.57it/s, Materializing param=gpt_neox.layers.0.mlp.dense_4h_to_h.bias]
Loading weights:   6%|5         | 11/196 [00:00<00:00, 265.00it/s, Materializing param=gpt_neox.layers.0.mlp.dense_4h_to_h.bias]
Loading weights:   6%|6         | 12/196 [00:00<00:00, 287.72it/s, Materializing param=gpt_neox.layers.0.mlp.dense_4h_to_h.weight]
Loading weights:   6%|6         | 12/196 [00:00<00:00, 287.27it/s, Materializing param=gpt_neox.layers.0.mlp.dense_4h_to_h.weight]
Loading weights:   7%|6         | 13/196 [00:00<00:00, 307.73it/s, Materializing param=gpt_neox.layers.0.mlp.dense_h_to_4h.bias]  
Loading weights:   7%|6         | 13/196 [00:00<00:00, 307.24it/s, Materializing param=gpt_neox.layers.0.mlp.dense_h_to_4h.bias]
Loading weights:   7%|7         | 14/196 [00:00<00:00, 329.86it/s, Materializing param=gpt_neox.layers.0.mlp.dense_h_to_4h.weight]
Loading weights:   7%|7         | 14/196 [00:00<00:00, 329.38it/s, Materializing param=gpt_neox.layers.0.mlp.dense_h_to_4h.weight]
Loading weights:   8%|7         | 15/196 [00:00<00:00, 325.11it/s, Materializing param=gpt_neox.layers.0.post_attention_layernorm.bias]
Loading weights:   8%|7         | 15/196 [00:00<00:00, 324.05it/s, Materializing param=gpt_neox.layers.0.post_attention_layernorm.bias]
Loading weights:   8%|8         | 16/196 [00:00<00:00, 260.93it/s, Materializing param=gpt_neox.layers.0.post_attention_layernorm.weight]
Loading weights:   8%|8         | 16/196 [00:00<00:00, 257.95it/s, Materializing param=gpt_neox.layers.0.post_attention_layernorm.weight]
Loading weights:   9%|8         | 17/196 [00:00<00:00, 272.94it/s, Materializing param=gpt_neox.layers.1.attention.dense.bias]           
Loading weights:   9%|8         | 17/196 [00:00<00:00, 272.38it/s, Materializing param=gpt_neox.layers.1.attention.dense.bias]
Loading weights:   9%|9         | 18/196 [00:00<00:00, 287.56it/s, Materializing param=gpt_neox.layers.1.attention.dense.weight]
Loading weights:   9%|9         | 18/196 [00:00<00:00, 287.25it/s, Materializing param=gpt_neox.layers.1.attention.dense.weight]
Loading weights:  10%|9         | 19/196 [00:00<00:00, 302.52it/s, Materializing param=gpt_neox.layers.1.attention.query_key_value.bias]
Loading weights:  10%|9         | 19/196 [00:00<00:00, 302.21it/s, Materializing param=gpt_neox.layers.1.attention.query_key_value.bias]
Loading weights:  10%|#         | 20/196 [00:00<00:00, 317.42it/s, Materializing param=gpt_neox.layers.1.attention.query_key_value.weight]
Loading weights:  10%|#         | 20/196 [00:00<00:00, 315.79it/s, Materializing param=gpt_neox.layers.1.attention.query_key_value.weight]
Loading weights:  11%|#         | 21/196 [00:00<00:00, 330.68it/s, Materializing param=gpt_neox.layers.1.input_layernorm.bias]            
Loading weights:  11%|#         | 21/196 [00:00<00:00, 330.25it/s, Materializing param=gpt_neox.layers.1.input_layernorm.bias]
Loading weights:  11%|#1        | 22/196 [00:00<00:00, 345.25it/s, Materializing param=gpt_neox.layers.1.input_layernorm.weight]
Loading weights:  11%|#1        | 22/196 [00:00<00:00, 344.93it/s, Materializing param=gpt_neox.layers.1.input_layernorm.weight]
Loading weights:  12%|#1        | 23/196 [00:00<00:00, 359.89it/s, Materializing param=gpt_neox.layers.1.mlp.dense_4h_to_h.bias]
Loading weights:  12%|#1        | 23/196 [00:00<00:00, 359.55it/s, Materializing param=gpt_neox.layers.1.mlp.dense_4h_to_h.bias]
Loading weights:  12%|#2        | 24/196 [00:00<00:00, 374.41it/s, Materializing param=gpt_neox.layers.1.mlp.dense_4h_to_h.weight]
Loading weights:  12%|#2        | 24/196 [00:00<00:00, 374.04it/s, Materializing param=gpt_neox.layers.1.mlp.dense_4h_to_h.weight]
Loading weights:  13%|#2        | 25/196 [00:00<00:00, 366.15it/s, Materializing param=gpt_neox.layers.1.mlp.dense_h_to_4h.bias]  
Loading weights:  13%|#2        | 25/196 [00:00<00:00, 365.46it/s, Materializing param=gpt_neox.layers.1.mlp.dense_h_to_4h.bias]
Loading weights:  13%|#3        | 26/196 [00:00<00:00, 379.02it/s, Materializing param=gpt_neox.layers.1.mlp.dense_h_to_4h.weight]
Loading weights:  13%|#3        | 26/196 [00:00<00:00, 378.46it/s, Materializing param=gpt_neox.layers.1.mlp.dense_h_to_4h.weight]
Loading weights:  14%|#3        | 27/196 [00:00<00:00, 284.35it/s, Materializing param=gpt_neox.layers.1.post_attention_layernorm.bias]
Loading weights:  14%|#3        | 27/196 [00:00<00:00, 283.33it/s, Materializing param=gpt_neox.layers.1.post_attention_layernorm.bias]
Loading weights:  14%|#4        | 28/196 [00:00<00:00, 292.81it/s, Materializing param=gpt_neox.layers.1.post_attention_layernorm.weight]
Loading weights:  14%|#4        | 28/196 [00:00<00:00, 292.50it/s, Materializing param=gpt_neox.layers.1.post_attention_layernorm.weight]
Loading weights:  15%|#4        | 29/196 [00:00<00:00, 301.64it/s, Materializing param=gpt_neox.layers.2.attention.dense.bias]           
Loading weights:  15%|#4        | 29/196 [00:00<00:00, 301.39it/s, Materializing param=gpt_neox.layers.2.attention.dense.bias]
Loading weights:  15%|#5        | 30/196 [00:00<00:00, 311.03it/s, Materializing param=gpt_neox.layers.2.attention.dense.weight]
Loading weights:  15%|#5        | 30/196 [00:00<00:00, 310.76it/s, Materializing param=gpt_neox.layers.2.attention.dense.weight]
Loading weights:  16%|#5        | 31/196 [00:00<00:00, 320.64it/s, Materializing param=gpt_neox.layers.2.attention.query_key_value.bias]
Loading weights:  16%|#5        | 31/196 [00:00<00:00, 320.43it/s, Materializing param=gpt_neox.layers.2.attention.query_key_value.bias]
Loading weights:  16%|#6        | 32/196 [00:00<00:00, 330.23it/s, Materializing param=gpt_neox.layers.2.attention.query_key_value.weight]
Loading weights:  16%|#6        | 32/196 [00:00<00:00, 329.38it/s, Materializing param=gpt_neox.layers.2.attention.query_key_value.weight]
Loading weights:  17%|#6        | 33/196 [00:00<00:00, 339.16it/s, Materializing param=gpt_neox.layers.2.input_layernorm.bias]            
Loading weights:  17%|#6        | 33/196 [00:00<00:00, 338.94it/s, Materializing param=gpt_neox.layers.2.input_layernorm.bias]
Loading weights:  17%|#7        | 34/196 [00:00<00:00, 348.69it/s, Materializing param=gpt_neox.layers.2.input_layernorm.weight]
Loading weights:  17%|#7        | 34/196 [00:00<00:00, 348.47it/s, Materializing param=gpt_neox.layers.2.input_layernorm.weight]
Loading weights:  18%|#7        | 35/196 [00:00<00:00, 358.23it/s, Materializing param=gpt_neox.layers.2.mlp.dense_4h_to_h.bias]
Loading weights:  18%|#7        | 35/196 [00:00<00:00, 358.01it/s, Materializing param=gpt_neox.layers.2.mlp.dense_4h_to_h.bias]
Loading weights:  18%|#8        | 36/196 [00:00<00:00, 367.75it/s, Materializing param=gpt_neox.layers.2.mlp.dense_4h_to_h.weight]
Loading weights:  18%|#8        | 36/196 [00:00<00:00, 367.52it/s, Materializing param=gpt_neox.layers.2.mlp.dense_4h_to_h.weight]
Loading weights:  19%|#8        | 37/196 [00:00<00:00, 348.87it/s, Materializing param=gpt_neox.layers.2.mlp.dense_4h_to_h.weight]
Loading weights:  19%|#8        | 37/196 [00:00<00:00, 348.87it/s, Materializing param=gpt_neox.layers.2.mlp.dense_h_to_4h.bias]  
Loading weights:  19%|#8        | 37/196 [00:00<00:00, 348.87it/s, Materializing param=gpt_neox.layers.2.mlp.dense_h_to_4h.bias]
Loading weights:  19%|#9        | 38/196 [00:00<00:00, 348.87it/s, Materializing param=gpt_neox.layers.2.mlp.dense_h_to_4h.weight]
Loading weights:  19%|#9        | 38/196 [00:00<00:00, 348.87it/s, Materializing param=gpt_neox.layers.2.mlp.dense_h_to_4h.weight]
Loading weights:  20%|#9        | 39/196 [00:00<00:00, 348.87it/s, Materializing param=gpt_neox.layers.2.post_attention_layernorm.bias]
Loading weights:  20%|#9        | 39/196 [00:00<00:00, 348.87it/s, Materializing param=gpt_neox.layers.2.post_attention_layernorm.bias]
Loading weights:  20%|##        | 40/196 [00:00<00:00, 348.87it/s, Materializing param=gpt_neox.layers.2.post_attention_layernorm.weight]
Loading weights:  20%|##        | 40/196 [00:00<00:00, 348.87it/s, Materializing param=gpt_neox.layers.2.post_attention_layernorm.weight]
Loading weights:  21%|##        | 41/196 [00:00<00:00, 348.87it/s, Materializing param=gpt_neox.layers.3.attention.dense.bias]           
Loading weights:  21%|##        | 41/196 [00:00<00:00, 348.87it/s, Materializing param=gpt_neox.layers.3.attention.dense.bias]
Loading weights:  21%|##1       | 42/196 [00:00<00:00, 348.87it/s, Materializing param=gpt_neox.layers.3.attention.dense.weight]
Loading weights:  21%|##1       | 42/196 [00:00<00:00, 348.87it/s, Materializing param=gpt_neox.layers.3.attention.dense.weight]
Loading weights:  22%|##1       | 43/196 [00:00<00:00, 348.87it/s, Materializing param=gpt_neox.layers.3.attention.query_key_value.bias]
Loading weights:  22%|##1       | 43/196 [00:00<00:00, 348.87it/s, Materializing param=gpt_neox.layers.3.attention.query_key_value.bias]
Loading weights:  22%|##2       | 44/196 [00:00<00:00, 348.87it/s, Materializing param=gpt_neox.layers.3.attention.query_key_value.weight]
Loading weights:  22%|##2       | 44/196 [00:00<00:00, 348.87it/s, Materializing param=gpt_neox.layers.3.attention.query_key_value.weight]
Loading weights:  23%|##2       | 45/196 [00:00<00:00, 348.87it/s, Materializing param=gpt_neox.layers.3.input_layernorm.bias]            
Loading weights:  23%|##2       | 45/196 [00:00<00:00, 348.87it/s, Materializing param=gpt_neox.layers.3.input_layernorm.bias]
Loading weights:  23%|##3       | 46/196 [00:00<00:00, 348.87it/s, Materializing param=gpt_neox.layers.3.input_layernorm.weight]
Loading weights:  23%|##3       | 46/196 [00:00<00:00, 348.87it/s, Materializing param=gpt_neox.layers.3.input_layernorm.weight]
Loading weights:  24%|##3       | 47/196 [00:00<00:00, 348.87it/s, Materializing param=gpt_neox.layers.3.mlp.dense_4h_to_h.bias]
Loading weights:  24%|##3       | 47/196 [00:00<00:00, 348.87it/s, Materializing param=gpt_neox.layers.3.mlp.dense_4h_to_h.bias]
Loading weights:  24%|##4       | 48/196 [00:00<00:00, 348.87it/s, Materializing param=gpt_neox.layers.3.mlp.dense_4h_to_h.weight]
Loading weights:  24%|##4       | 48/196 [00:00<00:00, 348.87it/s, Materializing param=gpt_neox.layers.3.mlp.dense_4h_to_h.weight]
Loading weights:  25%|##5       | 49/196 [00:00<00:00, 348.87it/s, Materializing param=gpt_neox.layers.3.mlp.dense_h_to_4h.bias]  
Loading weights:  25%|##5       | 49/196 [00:00<00:00, 348.87it/s, Materializing param=gpt_neox.layers.3.mlp.dense_h_to_4h.bias]
Loading weights:  26%|##5       | 50/196 [00:00<00:00, 348.87it/s, Materializing param=gpt_neox.layers.3.mlp.dense_h_to_4h.weight]
Loading weights:  26%|##5       | 50/196 [00:00<00:00, 348.87it/s, Materializing param=gpt_neox.layers.3.mlp.dense_h_to_4h.weight]
Loading weights:  26%|##6       | 51/196 [00:00<00:00, 348.87it/s, Materializing param=gpt_neox.layers.3.post_attention_layernorm.bias]
Loading weights:  26%|##6       | 51/196 [00:00<00:00, 348.87it/s, Materializing param=gpt_neox.layers.3.post_attention_layernorm.bias]
Loading weights:  27%|##6       | 52/196 [00:00<00:00, 348.87it/s, Materializing param=gpt_neox.layers.3.post_attention_layernorm.weight]
Loading weights:  27%|##6       | 52/196 [00:00<00:00, 348.87it/s, Materializing param=gpt_neox.layers.3.post_attention_layernorm.weight]
Loading weights:  27%|##7       | 53/196 [00:00<00:00, 348.87it/s, Materializing param=gpt_neox.layers.4.attention.dense.bias]           
Loading weights:  27%|##7       | 53/196 [00:00<00:00, 348.87it/s, Materializing param=gpt_neox.layers.4.attention.dense.bias]
Loading weights:  28%|##7       | 54/196 [00:00<00:00, 348.87it/s, Materializing param=gpt_neox.layers.4.attention.dense.weight]
Loading weights:  28%|##7       | 54/196 [00:00<00:00, 348.87it/s, Materializing param=gpt_neox.layers.4.attention.dense.weight]
Loading weights:  28%|##8       | 55/196 [00:00<00:00, 348.87it/s, Materializing param=gpt_neox.layers.4.attention.query_key_value.bias]
Loading weights:  28%|##8       | 55/196 [00:00<00:00, 348.87it/s, Materializing param=gpt_neox.layers.4.attention.query_key_value.bias]
Loading weights:  29%|##8       | 56/196 [00:00<00:00, 348.87it/s, Materializing param=gpt_neox.layers.4.attention.query_key_value.weight]
Loading weights:  29%|##8       | 56/196 [00:00<00:00, 348.87it/s, Materializing param=gpt_neox.layers.4.attention.query_key_value.weight]
Loading weights:  29%|##9       | 57/196 [00:00<00:00, 348.87it/s, Materializing param=gpt_neox.layers.4.input_layernorm.bias]            
Loading weights:  29%|##9       | 57/196 [00:00<00:00, 348.87it/s, Materializing param=gpt_neox.layers.4.input_layernorm.bias]
Loading weights:  30%|##9       | 58/196 [00:00<00:00, 348.87it/s, Materializing param=gpt_neox.layers.4.input_layernorm.weight]
Loading weights:  30%|##9       | 58/196 [00:00<00:00, 348.87it/s, Materializing param=gpt_neox.layers.4.input_layernorm.weight]
Loading weights:  30%|###       | 59/196 [00:00<00:00, 348.87it/s, Materializing param=gpt_neox.layers.4.mlp.dense_4h_to_h.bias]
Loading weights:  30%|###       | 59/196 [00:00<00:00, 348.87it/s, Materializing param=gpt_neox.layers.4.mlp.dense_4h_to_h.bias]
Loading weights:  31%|###       | 60/196 [00:00<00:00, 348.87it/s, Materializing param=gpt_neox.layers.4.mlp.dense_4h_to_h.weight]
Loading weights:  31%|###       | 60/196 [00:00<00:00, 348.87it/s, Materializing param=gpt_neox.layers.4.mlp.dense_4h_to_h.weight]
Loading weights:  31%|###1      | 61/196 [00:00<00:00, 348.87it/s, Materializing param=gpt_neox.layers.4.mlp.dense_h_to_4h.bias]  
Loading weights:  31%|###1      | 61/196 [00:00<00:00, 348.87it/s, Materializing param=gpt_neox.layers.4.mlp.dense_h_to_4h.bias]
Loading weights:  32%|###1      | 62/196 [00:00<00:00, 348.87it/s, Materializing param=gpt_neox.layers.4.mlp.dense_h_to_4h.weight]
Loading weights:  32%|###1      | 62/196 [00:00<00:00, 348.87it/s, Materializing param=gpt_neox.layers.4.mlp.dense_h_to_4h.weight]
Loading weights:  32%|###2      | 63/196 [00:00<00:00, 348.87it/s, Materializing param=gpt_neox.layers.4.post_attention_layernorm.bias]
Loading weights:  32%|###2      | 63/196 [00:00<00:00, 348.87it/s, Materializing param=gpt_neox.layers.4.post_attention_layernorm.bias]
Loading weights:  33%|###2      | 64/196 [00:00<00:00, 348.87it/s, Materializing param=gpt_neox.layers.4.post_attention_layernorm.weight]
Loading weights:  33%|###2      | 64/196 [00:00<00:00, 348.87it/s, Materializing param=gpt_neox.layers.4.post_attention_layernorm.weight]
Loading weights:  33%|###3      | 65/196 [00:00<00:00, 348.87it/s, Materializing param=gpt_neox.layers.5.attention.dense.bias]           
Loading weights:  33%|###3      | 65/196 [00:00<00:00, 348.87it/s, Materializing param=gpt_neox.layers.5.attention.dense.bias]
Loading weights:  34%|###3      | 66/196 [00:00<00:00, 348.87it/s, Materializing param=gpt_neox.layers.5.attention.dense.weight]
Loading weights:  34%|###3      | 66/196 [00:00<00:00, 348.87it/s, Materializing param=gpt_neox.layers.5.attention.dense.weight]
Loading weights:  34%|###4      | 67/196 [00:00<00:00, 348.87it/s, Materializing param=gpt_neox.layers.5.attention.query_key_value.bias]
Loading weights:  34%|###4      | 67/196 [00:00<00:00, 348.87it/s, Materializing param=gpt_neox.layers.5.attention.query_key_value.bias]
Loading weights:  35%|###4      | 68/196 [00:00<00:00, 348.87it/s, Materializing param=gpt_neox.layers.5.attention.query_key_value.weight]
Loading weights:  35%|###4      | 68/196 [00:00<00:00, 348.87it/s, Materializing param=gpt_neox.layers.5.attention.query_key_value.weight]
Loading weights:  35%|###5      | 69/196 [00:00<00:00, 348.87it/s, Materializing param=gpt_neox.layers.5.input_layernorm.bias]            
Loading weights:  35%|###5      | 69/196 [00:00<00:00, 348.87it/s, Materializing param=gpt_neox.layers.5.input_layernorm.bias]
Loading weights:  36%|###5      | 70/196 [00:00<00:00, 348.87it/s, Materializing param=gpt_neox.layers.5.input_layernorm.weight]
Loading weights:  36%|###5      | 70/196 [00:00<00:00, 348.87it/s, Materializing param=gpt_neox.layers.5.input_layernorm.weight]
Loading weights:  36%|###6      | 71/196 [00:00<00:00, 348.87it/s, Materializing param=gpt_neox.layers.5.mlp.dense_4h_to_h.bias]
Loading weights:  36%|###6      | 71/196 [00:00<00:00, 348.87it/s, Materializing param=gpt_neox.layers.5.mlp.dense_4h_to_h.bias]
Loading weights:  37%|###6      | 72/196 [00:00<00:00, 331.10it/s, Materializing param=gpt_neox.layers.5.mlp.dense_4h_to_h.bias]
Loading weights:  37%|###6      | 72/196 [00:00<00:00, 331.10it/s, Materializing param=gpt_neox.layers.5.mlp.dense_4h_to_h.weight]
Loading weights:  37%|###6      | 72/196 [00:00<00:00, 331.10it/s, Materializing param=gpt_neox.layers.5.mlp.dense_4h_to_h.weight]
Loading weights:  37%|###7      | 73/196 [00:00<00:00, 331.10it/s, Materializing param=gpt_neox.layers.5.mlp.dense_h_to_4h.bias]  
Loading weights:  37%|###7      | 73/196 [00:00<00:00, 331.10it/s, Materializing param=gpt_neox.layers.5.mlp.dense_h_to_4h.bias]
Loading weights:  38%|###7      | 74/196 [00:00<00:00, 331.10it/s, Materializing param=gpt_neox.layers.5.mlp.dense_h_to_4h.weight]
Loading weights:  38%|###7      | 74/196 [00:00<00:00, 331.10it/s, Materializing param=gpt_neox.layers.5.mlp.dense_h_to_4h.weight]
Loading weights:  38%|###8      | 75/196 [00:00<00:00, 331.10it/s, Materializing param=gpt_neox.layers.5.post_attention_layernorm.bias]
Loading weights:  38%|###8      | 75/196 [00:00<00:00, 331.10it/s, Materializing param=gpt_neox.layers.5.post_attention_layernorm.bias]
Loading weights:  39%|###8      | 76/196 [00:00<00:00, 331.10it/s, Materializing param=gpt_neox.layers.5.post_attention_layernorm.weight]
Loading weights:  39%|###8      | 76/196 [00:00<00:00, 331.10it/s, Materializing param=gpt_neox.layers.5.post_attention_layernorm.weight]
Loading weights:  39%|###9      | 77/196 [00:00<00:00, 331.10it/s, Materializing param=gpt_neox.layers.6.attention.dense.bias]           
Loading weights:  39%|###9      | 77/196 [00:00<00:00, 331.10it/s, Materializing param=gpt_neox.layers.6.attention.dense.bias]
Loading weights:  40%|###9      | 78/196 [00:00<00:00, 331.10it/s, Materializing param=gpt_neox.layers.6.attention.dense.weight]
Loading weights:  40%|###9      | 78/196 [00:00<00:00, 331.10it/s, Materializing param=gpt_neox.layers.6.attention.dense.weight]
Loading weights:  40%|####      | 79/196 [00:00<00:00, 331.10it/s, Materializing param=gpt_neox.layers.6.attention.query_key_value.bias]
Loading weights:  40%|####      | 79/196 [00:00<00:00, 331.10it/s, Materializing param=gpt_neox.layers.6.attention.query_key_value.bias]
Loading weights:  41%|####      | 80/196 [00:00<00:00, 331.10it/s, Materializing param=gpt_neox.layers.6.attention.query_key_value.weight]
Loading weights:  41%|####      | 80/196 [00:00<00:00, 331.10it/s, Materializing param=gpt_neox.layers.6.attention.query_key_value.weight]
Loading weights:  41%|####1     | 81/196 [00:00<00:00, 331.10it/s, Materializing param=gpt_neox.layers.6.input_layernorm.bias]            
Loading weights:  41%|####1     | 81/196 [00:00<00:00, 331.10it/s, Materializing param=gpt_neox.layers.6.input_layernorm.bias]
Loading weights:  42%|####1     | 82/196 [00:00<00:00, 331.10it/s, Materializing param=gpt_neox.layers.6.input_layernorm.weight]
Loading weights:  42%|####1     | 82/196 [00:00<00:00, 331.10it/s, Materializing param=gpt_neox.layers.6.input_layernorm.weight]
Loading weights:  42%|####2     | 83/196 [00:00<00:00, 331.10it/s, Materializing param=gpt_neox.layers.6.mlp.dense_4h_to_h.bias]
Loading weights:  42%|####2     | 83/196 [00:00<00:00, 331.10it/s, Materializing param=gpt_neox.layers.6.mlp.dense_4h_to_h.bias]
Loading weights:  43%|####2     | 84/196 [00:00<00:00, 331.10it/s, Materializing param=gpt_neox.layers.6.mlp.dense_4h_to_h.weight]
Loading weights:  43%|####2     | 84/196 [00:00<00:00, 331.10it/s, Materializing param=gpt_neox.layers.6.mlp.dense_4h_to_h.weight]
Loading weights:  43%|####3     | 85/196 [00:00<00:00, 331.10it/s, Materializing param=gpt_neox.layers.6.mlp.dense_h_to_4h.bias]  
Loading weights:  43%|####3     | 85/196 [00:00<00:00, 331.10it/s, Materializing param=gpt_neox.layers.6.mlp.dense_h_to_4h.bias]
Loading weights:  44%|####3     | 86/196 [00:00<00:00, 331.10it/s, Materializing param=gpt_neox.layers.6.mlp.dense_h_to_4h.weight]
Loading weights:  44%|####3     | 86/196 [00:00<00:00, 331.10it/s, Materializing param=gpt_neox.layers.6.mlp.dense_h_to_4h.weight]
Loading weights:  44%|####4     | 87/196 [00:00<00:00, 331.10it/s, Materializing param=gpt_neox.layers.6.post_attention_layernorm.bias]
Loading weights:  44%|####4     | 87/196 [00:00<00:00, 331.10it/s, Materializing param=gpt_neox.layers.6.post_attention_layernorm.bias]
Loading weights:  45%|####4     | 88/196 [00:00<00:00, 331.10it/s, Materializing param=gpt_neox.layers.6.post_attention_layernorm.weight]
Loading weights:  45%|####4     | 88/196 [00:00<00:00, 331.10it/s, Materializing param=gpt_neox.layers.6.post_attention_layernorm.weight]
Loading weights:  45%|####5     | 89/196 [00:00<00:00, 331.10it/s, Materializing param=gpt_neox.layers.7.attention.dense.bias]           
Loading weights:  45%|####5     | 89/196 [00:00<00:00, 331.10it/s, Materializing param=gpt_neox.layers.7.attention.dense.bias]
Loading weights:  46%|####5     | 90/196 [00:00<00:00, 331.10it/s, Materializing param=gpt_neox.layers.7.attention.dense.weight]
Loading weights:  46%|####5     | 90/196 [00:00<00:00, 331.10it/s, Materializing param=gpt_neox.layers.7.attention.dense.weight]
Loading weights:  46%|####6     | 91/196 [00:00<00:00, 331.10it/s, Materializing param=gpt_neox.layers.7.attention.query_key_value.bias]
Loading weights:  46%|####6     | 91/196 [00:00<00:00, 331.10it/s, Materializing param=gpt_neox.layers.7.attention.query_key_value.bias]
Loading weights:  47%|####6     | 92/196 [00:00<00:00, 331.10it/s, Materializing param=gpt_neox.layers.7.attention.query_key_value.weight]
Loading weights:  47%|####6     | 92/196 [00:00<00:00, 331.10it/s, Materializing param=gpt_neox.layers.7.attention.query_key_value.weight]
Loading weights:  47%|####7     | 93/196 [00:00<00:00, 331.10it/s, Materializing param=gpt_neox.layers.7.input_layernorm.bias]            
Loading weights:  47%|####7     | 93/196 [00:00<00:00, 331.10it/s, Materializing param=gpt_neox.layers.7.input_layernorm.bias]
Loading weights:  48%|####7     | 94/196 [00:00<00:00, 331.10it/s, Materializing param=gpt_neox.layers.7.input_layernorm.weight]
Loading weights:  48%|####7     | 94/196 [00:00<00:00, 331.10it/s, Materializing param=gpt_neox.layers.7.input_layernorm.weight]
Loading weights:  48%|####8     | 95/196 [00:00<00:00, 331.10it/s, Materializing param=gpt_neox.layers.7.mlp.dense_4h_to_h.bias]
Loading weights:  48%|####8     | 95/196 [00:00<00:00, 331.10it/s, Materializing param=gpt_neox.layers.7.mlp.dense_4h_to_h.bias]
Loading weights:  49%|####8     | 96/196 [00:00<00:00, 331.10it/s, Materializing param=gpt_neox.layers.7.mlp.dense_4h_to_h.weight]
Loading weights:  49%|####8     | 96/196 [00:00<00:00, 331.10it/s, Materializing param=gpt_neox.layers.7.mlp.dense_4h_to_h.weight]
Loading weights:  49%|####9     | 97/196 [00:00<00:00, 331.10it/s, Materializing param=gpt_neox.layers.7.mlp.dense_h_to_4h.bias]  
Loading weights:  49%|####9     | 97/196 [00:00<00:00, 331.10it/s, Materializing param=gpt_neox.layers.7.mlp.dense_h_to_4h.bias]
Loading weights:  50%|#####     | 98/196 [00:00<00:00, 331.10it/s, Materializing param=gpt_neox.layers.7.mlp.dense_h_to_4h.weight]
Loading weights:  50%|#####     | 98/196 [00:00<00:00, 331.10it/s, Materializing param=gpt_neox.layers.7.mlp.dense_h_to_4h.weight]
Loading weights:  51%|#####     | 99/196 [00:00<00:00, 331.10it/s, Materializing param=gpt_neox.layers.7.post_attention_layernorm.bias]
Loading weights:  51%|#####     | 99/196 [00:00<00:00, 331.10it/s, Materializing param=gpt_neox.layers.7.post_attention_layernorm.bias]
Loading weights:  51%|#####1    | 100/196 [00:00<00:00, 331.10it/s, Materializing param=gpt_neox.layers.7.post_attention_layernorm.weight]
Loading weights:  51%|#####1    | 100/196 [00:00<00:00, 331.10it/s, Materializing param=gpt_neox.layers.7.post_attention_layernorm.weight]
Loading weights:  52%|#####1    | 101/196 [00:00<00:00, 331.10it/s, Materializing param=gpt_neox.layers.8.attention.dense.bias]           
Loading weights:  52%|#####1    | 101/196 [00:00<00:00, 331.10it/s, Materializing param=gpt_neox.layers.8.attention.dense.bias]
Loading weights:  52%|#####2    | 102/196 [00:00<00:00, 331.10it/s, Materializing param=gpt_neox.layers.8.attention.dense.weight]
Loading weights:  52%|#####2    | 102/196 [00:00<00:00, 331.10it/s, Materializing param=gpt_neox.layers.8.attention.dense.weight]
Loading weights:  53%|#####2    | 103/196 [00:00<00:00, 331.10it/s, Materializing param=gpt_neox.layers.8.attention.query_key_value.bias]
Loading weights:  53%|#####2    | 103/196 [00:00<00:00, 331.10it/s, Materializing param=gpt_neox.layers.8.attention.query_key_value.bias]
Loading weights:  53%|#####3    | 104/196 [00:00<00:00, 331.10it/s, Materializing param=gpt_neox.layers.8.attention.query_key_value.weight]
Loading weights:  53%|#####3    | 104/196 [00:00<00:00, 331.10it/s, Materializing param=gpt_neox.layers.8.attention.query_key_value.weight]
Loading weights:  54%|#####3    | 105/196 [00:00<00:00, 331.10it/s, Materializing param=gpt_neox.layers.8.input_layernorm.bias]            
Loading weights:  54%|#####3    | 105/196 [00:00<00:00, 331.10it/s, Materializing param=gpt_neox.layers.8.input_layernorm.bias]
Loading weights:  54%|#####4    | 106/196 [00:00<00:00, 331.10it/s, Materializing param=gpt_neox.layers.8.input_layernorm.weight]
Loading weights:  54%|#####4    | 106/196 [00:00<00:00, 331.10it/s, Materializing param=gpt_neox.layers.8.input_layernorm.weight]
Loading weights:  55%|#####4    | 107/196 [00:00<00:00, 331.10it/s, Materializing param=gpt_neox.layers.8.mlp.dense_4h_to_h.bias]
Loading weights:  55%|#####4    | 107/196 [00:00<00:00, 331.10it/s, Materializing param=gpt_neox.layers.8.mlp.dense_4h_to_h.bias]
Loading weights:  55%|#####5    | 108/196 [00:00<00:00, 331.10it/s, Materializing param=gpt_neox.layers.8.mlp.dense_4h_to_h.weight]
Loading weights:  55%|#####5    | 108/196 [00:00<00:00, 331.10it/s, Materializing param=gpt_neox.layers.8.mlp.dense_4h_to_h.weight]
Loading weights:  56%|#####5    | 109/196 [00:00<00:00, 327.47it/s, Materializing param=gpt_neox.layers.8.mlp.dense_4h_to_h.weight]
Loading weights:  56%|#####5    | 109/196 [00:00<00:00, 327.47it/s, Materializing param=gpt_neox.layers.8.mlp.dense_h_to_4h.bias]  
Loading weights:  56%|#####5    | 109/196 [00:00<00:00, 327.47it/s, Materializing param=gpt_neox.layers.8.mlp.dense_h_to_4h.bias]
Loading weights:  56%|#####6    | 110/196 [00:00<00:00, 327.47it/s, Materializing param=gpt_neox.layers.8.mlp.dense_h_to_4h.weight]
Loading weights:  56%|#####6    | 110/196 [00:00<00:00, 327.47it/s, Materializing param=gpt_neox.layers.8.mlp.dense_h_to_4h.weight]
Loading weights:  57%|#####6    | 111/196 [00:00<00:00, 327.47it/s, Materializing param=gpt_neox.layers.8.post_attention_layernorm.bias]
Loading weights:  57%|#####6    | 111/196 [00:00<00:00, 327.47it/s, Materializing param=gpt_neox.layers.8.post_attention_layernorm.bias]
Loading weights:  57%|#####7    | 112/196 [00:00<00:00, 327.47it/s, Materializing param=gpt_neox.layers.8.post_attention_layernorm.weight]
Loading weights:  57%|#####7    | 112/196 [00:00<00:00, 327.47it/s, Materializing param=gpt_neox.layers.8.post_attention_layernorm.weight]
Loading weights:  58%|#####7    | 113/196 [00:00<00:00, 327.47it/s, Materializing param=gpt_neox.layers.9.attention.dense.bias]           
Loading weights:  58%|#####7    | 113/196 [00:00<00:00, 327.47it/s, Materializing param=gpt_neox.layers.9.attention.dense.bias]
Loading weights:  58%|#####8    | 114/196 [00:00<00:00, 327.47it/s, Materializing param=gpt_neox.layers.9.attention.dense.weight]
Loading weights:  58%|#####8    | 114/196 [00:00<00:00, 327.47it/s, Materializing param=gpt_neox.layers.9.attention.dense.weight]
Loading weights:  59%|#####8    | 115/196 [00:00<00:00, 327.47it/s, Materializing param=gpt_neox.layers.9.attention.query_key_value.bias]
Loading weights:  59%|#####8    | 115/196 [00:00<00:00, 327.47it/s, Materializing param=gpt_neox.layers.9.attention.query_key_value.bias]
Loading weights:  59%|#####9    | 116/196 [00:00<00:00, 327.47it/s, Materializing param=gpt_neox.layers.9.attention.query_key_value.weight]
Loading weights:  59%|#####9    | 116/196 [00:00<00:00, 327.47it/s, Materializing param=gpt_neox.layers.9.attention.query_key_value.weight]
Loading weights:  60%|#####9    | 117/196 [00:00<00:00, 327.47it/s, Materializing param=gpt_neox.layers.9.input_layernorm.bias]            
Loading weights:  60%|#####9    | 117/196 [00:00<00:00, 327.47it/s, Materializing param=gpt_neox.layers.9.input_layernorm.bias]
Loading weights:  60%|######    | 118/196 [00:00<00:00, 327.47it/s, Materializing param=gpt_neox.layers.9.input_layernorm.weight]
Loading weights:  60%|######    | 118/196 [00:00<00:00, 327.47it/s, Materializing param=gpt_neox.layers.9.input_layernorm.weight]
Loading weights:  61%|######    | 119/196 [00:00<00:00, 327.47it/s, Materializing param=gpt_neox.layers.9.mlp.dense_4h_to_h.bias]
Loading weights:  61%|######    | 119/196 [00:00<00:00, 327.47it/s, Materializing param=gpt_neox.layers.9.mlp.dense_4h_to_h.bias]
Loading weights:  61%|######1   | 120/196 [00:00<00:00, 327.47it/s, Materializing param=gpt_neox.layers.9.mlp.dense_4h_to_h.weight]
Loading weights:  61%|######1   | 120/196 [00:00<00:00, 327.47it/s, Materializing param=gpt_neox.layers.9.mlp.dense_4h_to_h.weight]
Loading weights:  62%|######1   | 121/196 [00:00<00:00, 327.47it/s, Materializing param=gpt_neox.layers.9.mlp.dense_h_to_4h.bias]  
Loading weights:  62%|######1   | 121/196 [00:00<00:00, 327.47it/s, Materializing param=gpt_neox.layers.9.mlp.dense_h_to_4h.bias]
Loading weights:  62%|######2   | 122/196 [00:00<00:00, 327.47it/s, Materializing param=gpt_neox.layers.9.mlp.dense_h_to_4h.weight]
Loading weights:  62%|######2   | 122/196 [00:00<00:00, 327.47it/s, Materializing param=gpt_neox.layers.9.mlp.dense_h_to_4h.weight]
Loading weights:  63%|######2   | 123/196 [00:00<00:00, 327.47it/s, Materializing param=gpt_neox.layers.9.post_attention_layernorm.bias]
Loading weights:  63%|######2   | 123/196 [00:00<00:00, 327.47it/s, Materializing param=gpt_neox.layers.9.post_attention_layernorm.bias]
Loading weights:  63%|######3   | 124/196 [00:00<00:00, 327.47it/s, Materializing param=gpt_neox.layers.9.post_attention_layernorm.weight]
Loading weights:  63%|######3   | 124/196 [00:00<00:00, 327.47it/s, Materializing param=gpt_neox.layers.9.post_attention_layernorm.weight]
Loading weights:  64%|######3   | 125/196 [00:00<00:00, 327.47it/s, Materializing param=gpt_neox.layers.10.attention.dense.bias]          
Loading weights:  64%|######3   | 125/196 [00:00<00:00, 327.47it/s, Materializing param=gpt_neox.layers.10.attention.dense.bias]
Loading weights:  64%|######4   | 126/196 [00:00<00:00, 327.47it/s, Materializing param=gpt_neox.layers.10.attention.dense.weight]
Loading weights:  64%|######4   | 126/196 [00:00<00:00, 327.47it/s, Materializing param=gpt_neox.layers.10.attention.dense.weight]
Loading weights:  65%|######4   | 127/196 [00:00<00:00, 327.47it/s, Materializing param=gpt_neox.layers.10.attention.query_key_value.bias]
Loading weights:  65%|######4   | 127/196 [00:00<00:00, 327.47it/s, Materializing param=gpt_neox.layers.10.attention.query_key_value.bias]
Loading weights:  65%|######5   | 128/196 [00:00<00:00, 327.47it/s, Materializing param=gpt_neox.layers.10.attention.query_key_value.weight]
Loading weights:  65%|######5   | 128/196 [00:00<00:00, 327.47it/s, Materializing param=gpt_neox.layers.10.attention.query_key_value.weight]
Loading weights:  66%|######5   | 129/196 [00:00<00:00, 327.47it/s, Materializing param=gpt_neox.layers.10.input_layernorm.bias]            
Loading weights:  66%|######5   | 129/196 [00:00<00:00, 327.47it/s, Materializing param=gpt_neox.layers.10.input_layernorm.bias]
Loading weights:  66%|######6   | 130/196 [00:00<00:00, 327.47it/s, Materializing param=gpt_neox.layers.10.input_layernorm.weight]
Loading weights:  66%|######6   | 130/196 [00:00<00:00, 327.47it/s, Materializing param=gpt_neox.layers.10.input_layernorm.weight]
Loading weights:  67%|######6   | 131/196 [00:00<00:00, 327.47it/s, Materializing param=gpt_neox.layers.10.mlp.dense_4h_to_h.bias]
Loading weights:  67%|######6   | 131/196 [00:00<00:00, 327.47it/s, Materializing param=gpt_neox.layers.10.mlp.dense_4h_to_h.bias]
Loading weights:  67%|######7   | 132/196 [00:00<00:00, 327.47it/s, Materializing param=gpt_neox.layers.10.mlp.dense_4h_to_h.weight]
Loading weights:  67%|######7   | 132/196 [00:00<00:00, 327.47it/s, Materializing param=gpt_neox.layers.10.mlp.dense_4h_to_h.weight]
Loading weights:  68%|######7   | 133/196 [00:00<00:00, 327.47it/s, Materializing param=gpt_neox.layers.10.mlp.dense_h_to_4h.bias]  
Loading weights:  68%|######7   | 133/196 [00:00<00:00, 327.47it/s, Materializing param=gpt_neox.layers.10.mlp.dense_h_to_4h.bias]
Loading weights:  68%|######8   | 134/196 [00:00<00:00, 327.47it/s, Materializing param=gpt_neox.layers.10.mlp.dense_h_to_4h.weight]
Loading weights:  68%|######8   | 134/196 [00:00<00:00, 327.47it/s, Materializing param=gpt_neox.layers.10.mlp.dense_h_to_4h.weight]
Loading weights:  69%|######8   | 135/196 [00:00<00:00, 327.47it/s, Materializing param=gpt_neox.layers.10.post_attention_layernorm.bias]
Loading weights:  69%|######8   | 135/196 [00:00<00:00, 327.47it/s, Materializing param=gpt_neox.layers.10.post_attention_layernorm.bias]
Loading weights:  69%|######9   | 136/196 [00:00<00:00, 327.47it/s, Materializing param=gpt_neox.layers.10.post_attention_layernorm.weight]
Loading weights:  69%|######9   | 136/196 [00:00<00:00, 327.47it/s, Materializing param=gpt_neox.layers.10.post_attention_layernorm.weight]
Loading weights:  70%|######9   | 137/196 [00:00<00:00, 327.47it/s, Materializing param=gpt_neox.layers.11.attention.dense.bias]           
Loading weights:  70%|######9   | 137/196 [00:00<00:00, 327.47it/s, Materializing param=gpt_neox.layers.11.attention.dense.bias]
Loading weights:  70%|#######   | 138/196 [00:00<00:00, 327.47it/s, Materializing param=gpt_neox.layers.11.attention.dense.weight]
Loading weights:  70%|#######   | 138/196 [00:00<00:00, 327.47it/s, Materializing param=gpt_neox.layers.11.attention.dense.weight]
Loading weights:  71%|#######   | 139/196 [00:00<00:00, 327.47it/s, Materializing param=gpt_neox.layers.11.attention.query_key_value.bias]
Loading weights:  71%|#######   | 139/196 [00:00<00:00, 327.47it/s, Materializing param=gpt_neox.layers.11.attention.query_key_value.bias]
Loading weights:  71%|#######1  | 140/196 [00:00<00:00, 327.47it/s, Materializing param=gpt_neox.layers.11.attention.query_key_value.weight]
Loading weights:  71%|#######1  | 140/196 [00:00<00:00, 327.47it/s, Materializing param=gpt_neox.layers.11.attention.query_key_value.weight]
Loading weights:  72%|#######1  | 141/196 [00:00<00:00, 327.47it/s, Materializing param=gpt_neox.layers.11.input_layernorm.bias]            
Loading weights:  72%|#######1  | 141/196 [00:00<00:00, 327.47it/s, Materializing param=gpt_neox.layers.11.input_layernorm.bias]
Loading weights:  72%|#######2  | 142/196 [00:00<00:00, 287.83it/s, Materializing param=gpt_neox.layers.11.input_layernorm.bias]
Loading weights:  72%|#######2  | 142/196 [00:00<00:00, 287.83it/s, Materializing param=gpt_neox.layers.11.input_layernorm.weight]
Loading weights:  72%|#######2  | 142/196 [00:00<00:00, 287.83it/s, Materializing param=gpt_neox.layers.11.input_layernorm.weight]
Loading weights:  73%|#######2  | 143/196 [00:00<00:00, 287.83it/s, Materializing param=gpt_neox.layers.11.mlp.dense_4h_to_h.bias]
Loading weights:  73%|#######2  | 143/196 [00:00<00:00, 287.83it/s, Materializing param=gpt_neox.layers.11.mlp.dense_4h_to_h.bias]
Loading weights:  73%|#######3  | 144/196 [00:00<00:00, 287.83it/s, Materializing param=gpt_neox.layers.11.mlp.dense_4h_to_h.weight]
Loading weights:  73%|#######3  | 144/196 [00:00<00:00, 287.83it/s, Materializing param=gpt_neox.layers.11.mlp.dense_4h_to_h.weight]
Loading weights:  74%|#######3  | 145/196 [00:00<00:00, 287.83it/s, Materializing param=gpt_neox.layers.11.mlp.dense_h_to_4h.bias]  
Loading weights:  74%|#######3  | 145/196 [00:00<00:00, 287.83it/s, Materializing param=gpt_neox.layers.11.mlp.dense_h_to_4h.bias]
Loading weights:  74%|#######4  | 146/196 [00:00<00:00, 287.83it/s, Materializing param=gpt_neox.layers.11.mlp.dense_h_to_4h.weight]
Loading weights:  74%|#######4  | 146/196 [00:00<00:00, 287.83it/s, Materializing param=gpt_neox.layers.11.mlp.dense_h_to_4h.weight]
Loading weights:  75%|#######5  | 147/196 [00:00<00:00, 287.83it/s, Materializing param=gpt_neox.layers.11.post_attention_layernorm.bias]
Loading weights:  75%|#######5  | 147/196 [00:00<00:00, 287.83it/s, Materializing param=gpt_neox.layers.11.post_attention_layernorm.bias]
Loading weights:  76%|#######5  | 148/196 [00:00<00:00, 287.83it/s, Materializing param=gpt_neox.layers.11.post_attention_layernorm.weight]
Loading weights:  76%|#######5  | 148/196 [00:00<00:00, 287.83it/s, Materializing param=gpt_neox.layers.11.post_attention_layernorm.weight]
Loading weights:  76%|#######6  | 149/196 [00:00<00:00, 287.83it/s, Materializing param=gpt_neox.layers.12.attention.dense.bias]           
Loading weights:  76%|#######6  | 149/196 [00:00<00:00, 287.83it/s, Materializing param=gpt_neox.layers.12.attention.dense.bias]
Loading weights:  77%|#######6  | 150/196 [00:00<00:00, 287.83it/s, Materializing param=gpt_neox.layers.12.attention.dense.weight]
Loading weights:  77%|#######6  | 150/196 [00:00<00:00, 287.83it/s, Materializing param=gpt_neox.layers.12.attention.dense.weight]
Loading weights:  77%|#######7  | 151/196 [00:00<00:00, 287.83it/s, Materializing param=gpt_neox.layers.12.attention.query_key_value.bias]
Loading weights:  77%|#######7  | 151/196 [00:00<00:00, 287.83it/s, Materializing param=gpt_neox.layers.12.attention.query_key_value.bias]
Loading weights:  78%|#######7  | 152/196 [00:00<00:00, 287.83it/s, Materializing param=gpt_neox.layers.12.attention.query_key_value.weight]
Loading weights:  78%|#######7  | 152/196 [00:00<00:00, 287.83it/s, Materializing param=gpt_neox.layers.12.attention.query_key_value.weight]
Loading weights:  78%|#######8  | 153/196 [00:00<00:00, 287.83it/s, Materializing param=gpt_neox.layers.12.input_layernorm.bias]            
Loading weights:  78%|#######8  | 153/196 [00:00<00:00, 287.83it/s, Materializing param=gpt_neox.layers.12.input_layernorm.bias]
Loading weights:  79%|#######8  | 154/196 [00:00<00:00, 287.83it/s, Materializing param=gpt_neox.layers.12.input_layernorm.weight]
Loading weights:  79%|#######8  | 154/196 [00:00<00:00, 287.83it/s, Materializing param=gpt_neox.layers.12.input_layernorm.weight]
Loading weights:  79%|#######9  | 155/196 [00:00<00:00, 287.83it/s, Materializing param=gpt_neox.layers.12.mlp.dense_4h_to_h.bias]
Loading weights:  79%|#######9  | 155/196 [00:00<00:00, 287.83it/s, Materializing param=gpt_neox.layers.12.mlp.dense_4h_to_h.bias]
Loading weights:  80%|#######9  | 156/196 [00:00<00:00, 287.83it/s, Materializing param=gpt_neox.layers.12.mlp.dense_4h_to_h.weight]
Loading weights:  80%|#######9  | 156/196 [00:00<00:00, 287.83it/s, Materializing param=gpt_neox.layers.12.mlp.dense_4h_to_h.weight]
Loading weights:  80%|########  | 157/196 [00:00<00:00, 287.83it/s, Materializing param=gpt_neox.layers.12.mlp.dense_h_to_4h.bias]  
Loading weights:  80%|########  | 157/196 [00:00<00:00, 287.83it/s, Materializing param=gpt_neox.layers.12.mlp.dense_h_to_4h.bias]
Loading weights:  81%|########  | 158/196 [00:00<00:00, 287.83it/s, Materializing param=gpt_neox.layers.12.mlp.dense_h_to_4h.weight]
Loading weights:  81%|########  | 158/196 [00:00<00:00, 287.83it/s, Materializing param=gpt_neox.layers.12.mlp.dense_h_to_4h.weight]
Loading weights:  81%|########1 | 159/196 [00:00<00:00, 287.83it/s, Materializing param=gpt_neox.layers.12.post_attention_layernorm.bias]
Loading weights:  81%|########1 | 159/196 [00:00<00:00, 287.83it/s, Materializing param=gpt_neox.layers.12.post_attention_layernorm.bias]
Loading weights:  82%|########1 | 160/196 [00:00<00:00, 287.83it/s, Materializing param=gpt_neox.layers.12.post_attention_layernorm.weight]
Loading weights:  82%|########1 | 160/196 [00:00<00:00, 287.83it/s, Materializing param=gpt_neox.layers.12.post_attention_layernorm.weight]
Loading weights:  82%|########2 | 161/196 [00:00<00:00, 287.83it/s, Materializing param=gpt_neox.layers.13.attention.dense.bias]           
Loading weights:  82%|########2 | 161/196 [00:00<00:00, 287.83it/s, Materializing param=gpt_neox.layers.13.attention.dense.bias]
Loading weights:  83%|########2 | 162/196 [00:00<00:00, 287.83it/s, Materializing param=gpt_neox.layers.13.attention.dense.weight]
Loading weights:  83%|########2 | 162/196 [00:00<00:00, 287.83it/s, Materializing param=gpt_neox.layers.13.attention.dense.weight]
Loading weights:  83%|########3 | 163/196 [00:00<00:00, 287.83it/s, Materializing param=gpt_neox.layers.13.attention.query_key_value.bias]
Loading weights:  83%|########3 | 163/196 [00:00<00:00, 287.83it/s, Materializing param=gpt_neox.layers.13.attention.query_key_value.bias]
Loading weights:  84%|########3 | 164/196 [00:00<00:00, 287.83it/s, Materializing param=gpt_neox.layers.13.attention.query_key_value.weight]
Loading weights:  84%|########3 | 164/196 [00:00<00:00, 287.83it/s, Materializing param=gpt_neox.layers.13.attention.query_key_value.weight]
Loading weights:  84%|########4 | 165/196 [00:00<00:00, 287.83it/s, Materializing param=gpt_neox.layers.13.input_layernorm.bias]            
Loading weights:  84%|########4 | 165/196 [00:00<00:00, 287.83it/s, Materializing param=gpt_neox.layers.13.input_layernorm.bias]
Loading weights:  85%|########4 | 166/196 [00:00<00:00, 287.83it/s, Materializing param=gpt_neox.layers.13.input_layernorm.weight]
Loading weights:  85%|########4 | 166/196 [00:00<00:00, 287.83it/s, Materializing param=gpt_neox.layers.13.input_layernorm.weight]
Loading weights:  85%|########5 | 167/196 [00:00<00:00, 287.83it/s, Materializing param=gpt_neox.layers.13.mlp.dense_4h_to_h.bias]
Loading weights:  85%|########5 | 167/196 [00:00<00:00, 287.83it/s, Materializing param=gpt_neox.layers.13.mlp.dense_4h_to_h.bias]
Loading weights:  86%|########5 | 168/196 [00:00<00:00, 287.83it/s, Materializing param=gpt_neox.layers.13.mlp.dense_4h_to_h.weight]
Loading weights:  86%|########5 | 168/196 [00:00<00:00, 287.83it/s, Materializing param=gpt_neox.layers.13.mlp.dense_4h_to_h.weight]
Loading weights:  86%|########6 | 169/196 [00:00<00:00, 287.83it/s, Materializing param=gpt_neox.layers.13.mlp.dense_h_to_4h.bias]  
Loading weights:  86%|########6 | 169/196 [00:00<00:00, 287.83it/s, Materializing param=gpt_neox.layers.13.mlp.dense_h_to_4h.bias]
Loading weights:  87%|########6 | 170/196 [00:00<00:00, 287.83it/s, Materializing param=gpt_neox.layers.13.mlp.dense_h_to_4h.weight]
Loading weights:  87%|########6 | 170/196 [00:00<00:00, 287.83it/s, Materializing param=gpt_neox.layers.13.mlp.dense_h_to_4h.weight]
Loading weights:  87%|########7 | 171/196 [00:00<00:00, 287.83it/s, Materializing param=gpt_neox.layers.13.post_attention_layernorm.bias]
Loading weights:  87%|########7 | 171/196 [00:00<00:00, 287.83it/s, Materializing param=gpt_neox.layers.13.post_attention_layernorm.bias]
Loading weights:  88%|########7 | 172/196 [00:00<00:00, 244.59it/s, Materializing param=gpt_neox.layers.13.post_attention_layernorm.bias]
Loading weights:  88%|########7 | 172/196 [00:00<00:00, 244.59it/s, Materializing param=gpt_neox.layers.13.post_attention_layernorm.weight]
Loading weights:  88%|########7 | 172/196 [00:00<00:00, 244.59it/s, Materializing param=gpt_neox.layers.13.post_attention_layernorm.weight]
Loading weights:  88%|########8 | 173/196 [00:00<00:00, 244.59it/s, Materializing param=gpt_neox.layers.14.attention.dense.bias]           
Loading weights:  88%|########8 | 173/196 [00:00<00:00, 244.59it/s, Materializing param=gpt_neox.layers.14.attention.dense.bias]
Loading weights:  89%|########8 | 174/196 [00:00<00:00, 244.59it/s, Materializing param=gpt_neox.layers.14.attention.dense.weight]
Loading weights:  89%|########8 | 174/196 [00:00<00:00, 244.59it/s, Materializing param=gpt_neox.layers.14.attention.dense.weight]
Loading weights:  89%|########9 | 175/196 [00:00<00:00, 244.59it/s, Materializing param=gpt_neox.layers.14.attention.query_key_value.bias]
Loading weights:  89%|########9 | 175/196 [00:00<00:00, 244.59it/s, Materializing param=gpt_neox.layers.14.attention.query_key_value.bias]
Loading weights:  90%|########9 | 176/196 [00:00<00:00, 244.59it/s, Materializing param=gpt_neox.layers.14.attention.query_key_value.weight]
Loading weights:  90%|########9 | 176/196 [00:00<00:00, 244.59it/s, Materializing param=gpt_neox.layers.14.attention.query_key_value.weight]
Loading weights:  90%|######### | 177/196 [00:00<00:00, 244.59it/s, Materializing param=gpt_neox.layers.14.input_layernorm.bias]            
Loading weights:  90%|######### | 177/196 [00:00<00:00, 244.59it/s, Materializing param=gpt_neox.layers.14.input_layernorm.bias]
Loading weights:  91%|######### | 178/196 [00:00<00:00, 244.59it/s, Materializing param=gpt_neox.layers.14.input_layernorm.weight]
Loading weights:  91%|######### | 178/196 [00:00<00:00, 244.59it/s, Materializing param=gpt_neox.layers.14.input_layernorm.weight]
Loading weights:  91%|#########1| 179/196 [00:00<00:00, 244.59it/s, Materializing param=gpt_neox.layers.14.mlp.dense_4h_to_h.bias]
Loading weights:  91%|#########1| 179/196 [00:00<00:00, 244.59it/s, Materializing param=gpt_neox.layers.14.mlp.dense_4h_to_h.bias]
Loading weights:  92%|#########1| 180/196 [00:00<00:00, 244.59it/s, Materializing param=gpt_neox.layers.14.mlp.dense_4h_to_h.weight]
Loading weights:  92%|#########1| 180/196 [00:00<00:00, 244.59it/s, Materializing param=gpt_neox.layers.14.mlp.dense_4h_to_h.weight]
Loading weights:  92%|#########2| 181/196 [00:00<00:00, 244.59it/s, Materializing param=gpt_neox.layers.14.mlp.dense_h_to_4h.bias]  
Loading weights:  92%|#########2| 181/196 [00:00<00:00, 244.59it/s, Materializing param=gpt_neox.layers.14.mlp.dense_h_to_4h.bias]
Loading weights:  93%|#########2| 182/196 [00:00<00:00, 244.59it/s, Materializing param=gpt_neox.layers.14.mlp.dense_h_to_4h.weight]
Loading weights:  93%|#########2| 182/196 [00:00<00:00, 244.59it/s, Materializing param=gpt_neox.layers.14.mlp.dense_h_to_4h.weight]
Loading weights:  93%|#########3| 183/196 [00:00<00:00, 244.59it/s, Materializing param=gpt_neox.layers.14.post_attention_layernorm.bias]
Loading weights:  93%|#########3| 183/196 [00:00<00:00, 244.59it/s, Materializing param=gpt_neox.layers.14.post_attention_layernorm.bias]
Loading weights:  94%|#########3| 184/196 [00:00<00:00, 244.59it/s, Materializing param=gpt_neox.layers.14.post_attention_layernorm.weight]
Loading weights:  94%|#########3| 184/196 [00:00<00:00, 244.59it/s, Materializing param=gpt_neox.layers.14.post_attention_layernorm.weight]
Loading weights:  94%|#########4| 185/196 [00:00<00:00, 244.59it/s, Materializing param=gpt_neox.layers.15.attention.dense.bias]           
Loading weights:  94%|#########4| 185/196 [00:00<00:00, 244.59it/s, Materializing param=gpt_neox.layers.15.attention.dense.bias]
Loading weights:  95%|#########4| 186/196 [00:00<00:00, 244.59it/s, Materializing param=gpt_neox.layers.15.attention.dense.weight]
Loading weights:  95%|#########4| 186/196 [00:00<00:00, 244.59it/s, Materializing param=gpt_neox.layers.15.attention.dense.weight]
Loading weights:  95%|#########5| 187/196 [00:00<00:00, 244.59it/s, Materializing param=gpt_neox.layers.15.attention.query_key_value.bias]
Loading weights:  95%|#########5| 187/196 [00:00<00:00, 244.59it/s, Materializing param=gpt_neox.layers.15.attention.query_key_value.bias]
Loading weights:  96%|#########5| 188/196 [00:00<00:00, 244.59it/s, Materializing param=gpt_neox.layers.15.attention.query_key_value.weight]
Loading weights:  96%|#########5| 188/196 [00:00<00:00, 244.59it/s, Materializing param=gpt_neox.layers.15.attention.query_key_value.weight]
Loading weights:  96%|#########6| 189/196 [00:00<00:00, 244.59it/s, Materializing param=gpt_neox.layers.15.input_layernorm.bias]            
Loading weights:  96%|#########6| 189/196 [00:00<00:00, 244.59it/s, Materializing param=gpt_neox.layers.15.input_layernorm.bias]
Loading weights:  97%|#########6| 190/196 [00:00<00:00, 244.59it/s, Materializing param=gpt_neox.layers.15.input_layernorm.weight]
Loading weights:  97%|#########6| 190/196 [00:00<00:00, 244.59it/s, Materializing param=gpt_neox.layers.15.input_layernorm.weight]
Loading weights:  97%|#########7| 191/196 [00:00<00:00, 244.59it/s, Materializing param=gpt_neox.layers.15.mlp.dense_4h_to_h.bias]
Loading weights:  97%|#########7| 191/196 [00:00<00:00, 244.59it/s, Materializing param=gpt_neox.layers.15.mlp.dense_4h_to_h.bias]
Loading weights:  98%|#########7| 192/196 [00:00<00:00, 244.59it/s, Materializing param=gpt_neox.layers.15.mlp.dense_4h_to_h.weight]
Loading weights:  98%|#########7| 192/196 [00:00<00:00, 244.59it/s, Materializing param=gpt_neox.layers.15.mlp.dense_4h_to_h.weight]
Loading weights:  98%|#########8| 193/196 [00:00<00:00, 244.59it/s, Materializing param=gpt_neox.layers.15.mlp.dense_h_to_4h.bias]  
Loading weights:  98%|#########8| 193/196 [00:00<00:00, 244.59it/s, Materializing param=gpt_neox.layers.15.mlp.dense_h_to_4h.bias]
Loading weights:  99%|#########8| 194/196 [00:00<00:00, 244.59it/s, Materializing param=gpt_neox.layers.15.mlp.dense_h_to_4h.weight]
Loading weights:  99%|#########8| 194/196 [00:00<00:00, 244.59it/s, Materializing param=gpt_neox.layers.15.mlp.dense_h_to_4h.weight]
Loading weights:  99%|#########9| 195/196 [00:00<00:00, 244.59it/s, Materializing param=gpt_neox.layers.15.post_attention_layernorm.bias]
Loading weights:  99%|#########9| 195/196 [00:00<00:00, 244.59it/s, Materializing param=gpt_neox.layers.15.post_attention_layernorm.bias]
Loading weights: 100%|##########| 196/196 [00:00<00:00, 244.59it/s, Materializing param=gpt_neox.layers.15.post_attention_layernorm.weight]
Loading weights: 100%|##########| 196/196 [00:00<00:00, 244.59it/s, Materializing param=gpt_neox.layers.15.post_attention_layernorm.weight]
Loading weights: 100%|##########| 196/196 [00:00<00:00, 288.95it/s, Materializing param=gpt_neox.layers.15.post_attention_layernorm.weight]
[2026-04-23T04:17:59.611351] END self_prediction_transfer_v3_template_chat OK

[2026-04-23T04:17:59.620237] START self_prediction_transfer_v3_template_plain: C:/Users/joshj/miniconda3/python.exe C:\Users\joshj\joseph-stroud-identity-stability-research\scripts\self_prediction_transfer_v3.py --config C:\Users\joshj\joseph-stroud-identity-stability-research\configs\identity_battery\self_prediction_transfer_v3_template_plain_full.yaml

Loading weights:   0%|          | 0/196 [00:00<?, ?it/s]
Loading weights:   1%|          | 1/196 [00:00<00:00, 5592.41it/s, Materializing param=embed_out.weight]
Loading weights:   1%|          | 1/196 [00:00<00:00, 3339.41it/s, Materializing param=embed_out.weight]
Loading weights:   1%|1         | 2/196 [00:00<00:00, 2896.62it/s, Materializing param=gpt_neox.embed_in.weight]
Loading weights:   1%|1         | 2/196 [00:00<00:00, 2585.09it/s, Materializing param=gpt_neox.embed_in.weight]
Loading weights:   2%|1         | 3/196 [00:00<00:00, 3032.76it/s, Materializing param=gpt_neox.final_layer_norm.bias]
Loading weights:   2%|1         | 3/196 [00:00<00:00, 2841.67it/s, Materializing param=gpt_neox.final_layer_norm.bias]
Loading weights:   2%|2         | 4/196 [00:00<00:00, 3356.11it/s, Materializing param=gpt_neox.final_layer_norm.weight]
Loading weights:   2%|2         | 4/196 [00:00<00:00, 3179.31it/s, Materializing param=gpt_neox.final_layer_norm.weight]
Loading weights:   3%|2         | 5/196 [00:00<00:00, 3617.03it/s, Materializing param=gpt_neox.layers.0.attention.dense.bias]
Loading weights:   3%|2         | 5/196 [00:00<00:00, 3465.22it/s, Materializing param=gpt_neox.layers.0.attention.dense.bias]
Loading weights:   3%|3         | 6/196 [00:00<00:00, 3758.34it/s, Materializing param=gpt_neox.layers.0.attention.dense.weight]
Loading weights:   3%|3         | 6/196 [00:00<00:00, 3614.74it/s, Materializing param=gpt_neox.layers.0.attention.dense.weight]
Loading weights:   4%|3         | 7/196 [00:00<00:00, 811.70it/s, Materializing param=gpt_neox.layers.0.attention.query_key_value.bias]
Loading weights:   4%|3         | 7/196 [00:00<00:00, 787.13it/s, Materializing param=gpt_neox.layers.0.attention.query_key_value.bias]
Loading weights:   4%|4         | 8/196 [00:00<00:00, 867.56it/s, Materializing param=gpt_neox.layers.0.attention.query_key_value.weight]
Loading weights:   4%|4         | 8/196 [00:00<00:00, 860.37it/s, Materializing param=gpt_neox.layers.0.attention.query_key_value.weight]
Loading weights:   5%|4         | 9/196 [00:00<00:01, 137.67it/s, Materializing param=gpt_neox.layers.0.input_layernorm.bias]            
Loading weights:   5%|4         | 9/196 [00:00<00:01, 137.00it/s, Materializing param=gpt_neox.layers.0.input_layernorm.bias]
Loading weights:   5%|5         | 10/196 [00:00<00:01, 151.58it/s, Materializing param=gpt_neox.layers.0.input_layernorm.weight]
Loading weights:   5%|5         | 10/196 [00:00<00:01, 151.05it/s, Materializing param=gpt_neox.layers.0.input_layernorm.weight]
Loading weights:   6%|5         | 11/196 [00:00<00:01, 165.66it/s, Materializing param=gpt_neox.layers.0.mlp.dense_4h_to_h.bias]
Loading weights:   6%|5         | 11/196 [00:00<00:01, 165.45it/s, Materializing param=gpt_neox.layers.0.mlp.dense_4h_to_h.bias]
Loading weights:   6%|6         | 12/196 [00:00<00:01, 179.97it/s, Materializing param=gpt_neox.layers.0.mlp.dense_4h_to_h.weight]
Loading weights:   6%|6         | 12/196 [00:00<00:01, 179.78it/s, Materializing param=gpt_neox.layers.0.mlp.dense_4h_to_h.weight]
Loading weights:   7%|6         | 13/196 [00:00<00:00, 194.38it/s, Materializing param=gpt_neox.layers.0.mlp.dense_h_to_4h.bias]  
Loading weights:   7%|6         | 13/196 [00:00<00:00, 194.20it/s, Materializing param=gpt_neox.layers.0.mlp.dense_h_to_4h.bias]
Loading weights:   7%|7         | 14/196 [00:00<00:00, 208.40it/s, Materializing param=gpt_neox.layers.0.mlp.dense_h_to_4h.weight]
Loading weights:   7%|7         | 14/196 [00:00<00:00, 208.19it/s, Materializing param=gpt_neox.layers.0.mlp.dense_h_to_4h.weight]
Loading weights:   8%|7         | 15/196 [00:00<00:00, 221.74it/s, Materializing param=gpt_neox.layers.0.post_attention_layernorm.bias]
Loading weights:   8%|7         | 15/196 [00:00<00:00, 221.31it/s, Materializing param=gpt_neox.layers.0.post_attention_layernorm.bias]
Loading weights:   8%|8         | 16/196 [00:00<00:00, 235.40it/s, Materializing param=gpt_neox.layers.0.post_attention_layernorm.weight]
Loading weights:   8%|8         | 16/196 [00:00<00:00, 235.17it/s, Materializing param=gpt_neox.layers.0.post_attention_layernorm.weight]
Loading weights:   9%|8         | 17/196 [00:00<00:00, 249.12it/s, Materializing param=gpt_neox.layers.1.attention.dense.bias]           
Loading weights:   9%|8         | 17/196 [00:00<00:00, 248.86it/s, Materializing param=gpt_neox.layers.1.attention.dense.bias]
Loading weights:   9%|9         | 18/196 [00:00<00:00, 262.92it/s, Materializing param=gpt_neox.layers.1.attention.dense.weight]
Loading weights:   9%|9         | 18/196 [00:00<00:00, 262.58it/s, Materializing param=gpt_neox.layers.1.attention.dense.weight]
Loading weights:  10%|9         | 19/196 [00:00<00:00, 276.63it/s, Materializing param=gpt_neox.layers.1.attention.query_key_value.bias]
Loading weights:  10%|9         | 19/196 [00:00<00:00, 276.39it/s, Materializing param=gpt_neox.layers.1.attention.query_key_value.bias]
Loading weights:  10%|#         | 20/196 [00:00<00:00, 289.36it/s, Materializing param=gpt_neox.layers.1.attention.query_key_value.weight]
Loading weights:  10%|#         | 20/196 [00:00<00:00, 289.09it/s, Materializing param=gpt_neox.layers.1.attention.query_key_value.weight]
Loading weights:  11%|#         | 21/196 [00:00<00:00, 302.88it/s, Materializing param=gpt_neox.layers.1.input_layernorm.bias]            
Loading weights:  11%|#         | 21/196 [00:00<00:00, 302.61it/s, Materializing param=gpt_neox.layers.1.input_layernorm.bias]
Loading weights:  11%|#1        | 22/196 [00:00<00:00, 316.45it/s, Materializing param=gpt_neox.layers.1.input_layernorm.weight]
Loading weights:  11%|#1        | 22/196 [00:00<00:00, 316.18it/s, Materializing param=gpt_neox.layers.1.input_layernorm.weight]
Loading weights:  12%|#1        | 23/196 [00:00<00:00, 329.94it/s, Materializing param=gpt_neox.layers.1.mlp.dense_4h_to_h.bias]
Loading weights:  12%|#1        | 23/196 [00:00<00:00, 329.66it/s, Materializing param=gpt_neox.layers.1.mlp.dense_4h_to_h.bias]
Loading weights:  12%|#2        | 24/196 [00:00<00:00, 343.36it/s, Materializing param=gpt_neox.layers.1.mlp.dense_4h_to_h.weight]
Loading weights:  12%|#2        | 24/196 [00:00<00:00, 343.05it/s, Materializing param=gpt_neox.layers.1.mlp.dense_4h_to_h.weight]
Loading weights:  13%|#2        | 25/196 [00:00<00:00, 356.76it/s, Materializing param=gpt_neox.layers.1.mlp.dense_h_to_4h.bias]  
Loading weights:  13%|#2        | 25/196 [00:00<00:00, 356.46it/s, Materializing param=gpt_neox.layers.1.mlp.dense_h_to_4h.bias]
Loading weights:  13%|#3        | 26/196 [00:00<00:00, 370.12it/s, Materializing param=gpt_neox.layers.1.mlp.dense_h_to_4h.weight]
Loading weights:  13%|#3        | 26/196 [00:00<00:00, 369.80it/s, Materializing param=gpt_neox.layers.1.mlp.dense_h_to_4h.weight]
Loading weights:  14%|#3        | 27/196 [00:00<00:00, 332.16it/s, Materializing param=gpt_neox.layers.1.post_attention_layernorm.bias]
Loading weights:  14%|#3        | 27/196 [00:00<00:00, 330.99it/s, Materializing param=gpt_neox.layers.1.post_attention_layernorm.bias]
Loading weights:  14%|#4        | 28/196 [00:00<00:00, 342.18it/s, Materializing param=gpt_neox.layers.1.post_attention_layernorm.weight]
Loading weights:  14%|#4        | 28/196 [00:00<00:00, 341.78it/s, Materializing param=gpt_neox.layers.1.post_attention_layernorm.weight]
Loading weights:  15%|#4        | 29/196 [00:00<00:00, 353.07it/s, Materializing param=gpt_neox.layers.2.attention.dense.bias]           
Loading weights:  15%|#4        | 29/196 [00:00<00:00, 352.78it/s, Materializing param=gpt_neox.layers.2.attention.dense.bias]
Loading weights:  15%|#5        | 30/196 [00:00<00:00, 363.57it/s, Materializing param=gpt_neox.layers.2.attention.dense.weight]
Loading weights:  15%|#5        | 30/196 [00:00<00:00, 363.13it/s, Materializing param=gpt_neox.layers.2.attention.dense.weight]
Loading weights:  16%|#5        | 31/196 [00:00<00:00, 374.16it/s, Materializing param=gpt_neox.layers.2.attention.query_key_value.bias]
Loading weights:  16%|#5        | 31/196 [00:00<00:00, 373.82it/s, Materializing param=gpt_neox.layers.2.attention.query_key_value.bias]
Loading weights:  16%|#6        | 32/196 [00:00<00:00, 385.20it/s, Materializing param=gpt_neox.layers.2.attention.query_key_value.weight]
Loading weights:  16%|#6        | 32/196 [00:00<00:00, 384.47it/s, Materializing param=gpt_neox.layers.2.attention.query_key_value.weight]
Loading weights:  17%|#6        | 33/196 [00:00<00:00, 328.72it/s, Materializing param=gpt_neox.layers.2.attention.query_key_value.weight]
Loading weights:  17%|#6        | 33/196 [00:00<00:00, 328.72it/s, Materializing param=gpt_neox.layers.2.input_layernorm.bias]            
Loading weights:  17%|#6        | 33/196 [00:00<00:00, 328.72it/s, Materializing param=gpt_neox.layers.2.input_layernorm.bias]
Loading weights:  17%|#7        | 34/196 [00:00<00:00, 328.72it/s, Materializing param=gpt_neox.layers.2.input_layernorm.weight]
Loading weights:  17%|#7        | 34/196 [00:00<00:00, 328.72it/s, Materializing param=gpt_neox.layers.2.input_layernorm.weight]
Loading weights:  18%|#7        | 35/196 [00:00<00:00, 328.72it/s, Materializing param=gpt_neox.layers.2.mlp.dense_4h_to_h.bias]
Loading weights:  18%|#7        | 35/196 [00:00<00:00, 328.72it/s, Materializing param=gpt_neox.layers.2.mlp.dense_4h_to_h.bias]
Loading weights:  18%|#8        | 36/196 [00:00<00:00, 328.72it/s, Materializing param=gpt_neox.layers.2.mlp.dense_4h_to_h.weight]
Loading weights:  18%|#8        | 36/196 [00:00<00:00, 328.72it/s, Materializing param=gpt_neox.layers.2.mlp.dense_4h_to_h.weight]
Loading weights:  19%|#8        | 37/196 [00:00<00:00, 328.72it/s, Materializing param=gpt_neox.layers.2.mlp.dense_h_to_4h.bias]  
Loading weights:  19%|#8        | 37/196 [00:00<00:00, 328.72it/s, Materializing param=gpt_neox.layers.2.mlp.dense_h_to_4h.bias]
Loading weights:  19%|#9        | 38/196 [00:00<00:00, 328.72it/s, Materializing param=gpt_neox.layers.2.mlp.dense_h_to_4h.weight]
Loading weights:  19%|#9        | 38/196 [00:00<00:00, 328.72it/s, Materializing param=gpt_neox.layers.2.mlp.dense_h_to_4h.weight]
Loading weights:  20%|#9        | 39/196 [00:00<00:00, 328.72it/s, Materializing param=gpt_neox.layers.2.post_attention_layernorm.bias]
Loading weights:  20%|#9        | 39/196 [00:00<00:00, 328.72it/s, Materializing param=gpt_neox.layers.2.post_attention_layernorm.bias]
Loading weights:  20%|##        | 40/196 [00:00<00:00, 328.72it/s, Materializing param=gpt_neox.layers.2.post_attention_layernorm.weight]
Loading weights:  20%|##        | 40/196 [00:00<00:00, 328.72it/s, Materializing param=gpt_neox.layers.2.post_attention_layernorm.weight]
Loading weights:  21%|##        | 41/196 [00:00<00:00, 328.72it/s, Materializing param=gpt_neox.layers.3.attention.dense.bias]           
Loading weights:  21%|##        | 41/196 [00:00<00:00, 328.72it/s, Materializing param=gpt_neox.layers.3.attention.dense.bias]
Loading weights:  21%|##1       | 42/196 [00:00<00:00, 328.72it/s, Materializing param=gpt_neox.layers.3.attention.dense.weight]
Loading weights:  21%|##1       | 42/196 [00:00<00:00, 328.72it/s, Materializing param=gpt_neox.layers.3.attention.dense.weight]
Loading weights:  22%|##1       | 43/196 [00:00<00:00, 328.72it/s, Materializing param=gpt_neox.layers.3.attention.query_key_value.bias]
Loading weights:  22%|##1       | 43/196 [00:00<00:00, 328.72it/s, Materializing param=gpt_neox.layers.3.attention.query_key_value.bias]
Loading weights:  22%|##2       | 44/196 [00:00<00:00, 328.72it/s, Materializing param=gpt_neox.layers.3.attention.query_key_value.weight]
Loading weights:  22%|##2       | 44/196 [00:00<00:00, 328.72it/s, Materializing param=gpt_neox.layers.3.attention.query_key_value.weight]
Loading weights:  23%|##2       | 45/196 [00:00<00:00, 328.72it/s, Materializing param=gpt_neox.layers.3.input_layernorm.bias]            
Loading weights:  23%|##2       | 45/196 [00:00<00:00, 328.72it/s, Materializing param=gpt_neox.layers.3.input_layernorm.bias]
Loading weights:  23%|##3       | 46/196 [00:00<00:00, 328.72it/s, Materializing param=gpt_neox.layers.3.input_layernorm.weight]
Loading weights:  23%|##3       | 46/196 [00:00<00:00, 328.72it/s, Materializing param=gpt_neox.layers.3.input_layernorm.weight]
Loading weights:  24%|##3       | 47/196 [00:00<00:00, 328.72it/s, Materializing param=gpt_neox.layers.3.mlp.dense_4h_to_h.bias]
Loading weights:  24%|##3       | 47/196 [00:00<00:00, 328.72it/s, Materializing param=gpt_neox.layers.3.mlp.dense_4h_to_h.bias]
Loading weights:  24%|##4       | 48/196 [00:00<00:00, 328.72it/s, Materializing param=gpt_neox.layers.3.mlp.dense_4h_to_h.weight]
Loading weights:  24%|##4       | 48/196 [00:00<00:00, 328.72it/s, Materializing param=gpt_neox.layers.3.mlp.dense_4h_to_h.weight]
Loading weights:  25%|##5       | 49/196 [00:00<00:00, 328.72it/s, Materializing param=gpt_neox.layers.3.mlp.dense_h_to_4h.bias]  
Loading weights:  25%|##5       | 49/196 [00:00<00:00, 328.72it/s, Materializing param=gpt_neox.layers.3.mlp.dense_h_to_4h.bias]
Loading weights:  26%|##5       | 50/196 [00:00<00:00, 328.72it/s, Materializing param=gpt_neox.layers.3.mlp.dense_h_to_4h.weight]
Loading weights:  26%|##5       | 50/196 [00:00<00:00, 328.72it/s, Materializing param=gpt_neox.layers.3.mlp.dense_h_to_4h.weight]
Loading weights:  26%|##6       | 51/196 [00:00<00:00, 328.72it/s, Materializing param=gpt_neox.layers.3.post_attention_layernorm.bias]
Loading weights:  26%|##6       | 51/196 [00:00<00:00, 328.72it/s, Materializing param=gpt_neox.layers.3.post_attention_layernorm.bias]
Loading weights:  27%|##6       | 52/196 [00:00<00:00, 328.72it/s, Materializing param=gpt_neox.layers.3.post_attention_layernorm.weight]
Loading weights:  27%|##6       | 52/196 [00:00<00:00, 328.72it/s, Materializing param=gpt_neox.layers.3.post_attention_layernorm.weight]
Loading weights:  27%|##7       | 53/196 [00:00<00:00, 328.72it/s, Materializing param=gpt_neox.layers.4.attention.dense.bias]           
Loading weights:  27%|##7       | 53/196 [00:00<00:00, 328.72it/s, Materializing param=gpt_neox.layers.4.attention.dense.bias]
Loading weights:  28%|##7       | 54/196 [00:00<00:00, 328.72it/s, Materializing param=gpt_neox.layers.4.attention.dense.weight]
Loading weights:  28%|##7       | 54/196 [00:00<00:00, 328.72it/s, Materializing param=gpt_neox.layers.4.attention.dense.weight]
Loading weights:  28%|##8       | 55/196 [00:00<00:00, 328.72it/s, Materializing param=gpt_neox.layers.4.attention.query_key_value.bias]
Loading weights:  28%|##8       | 55/196 [00:00<00:00, 328.72it/s, Materializing param=gpt_neox.layers.4.attention.query_key_value.bias]
Loading weights:  29%|##8       | 56/196 [00:00<00:00, 328.72it/s, Materializing param=gpt_neox.layers.4.attention.query_key_value.weight]
Loading weights:  29%|##8       | 56/196 [00:00<00:00, 328.72it/s, Materializing param=gpt_neox.layers.4.attention.query_key_value.weight]
Loading weights:  29%|##9       | 57/196 [00:00<00:00, 328.72it/s, Materializing param=gpt_neox.layers.4.input_layernorm.bias]            
Loading weights:  29%|##9       | 57/196 [00:00<00:00, 328.72it/s, Materializing param=gpt_neox.layers.4.input_layernorm.bias]
Loading weights:  30%|##9       | 58/196 [00:00<00:00, 328.72it/s, Materializing param=gpt_neox.layers.4.input_layernorm.weight]
Loading weights:  30%|##9       | 58/196 [00:00<00:00, 328.72it/s, Materializing param=gpt_neox.layers.4.input_layernorm.weight]
Loading weights:  30%|###       | 59/196 [00:00<00:00, 328.72it/s, Materializing param=gpt_neox.layers.4.mlp.dense_4h_to_h.bias]
Loading weights:  30%|###       | 59/196 [00:00<00:00, 328.72it/s, Materializing param=gpt_neox.layers.4.mlp.dense_4h_to_h.bias]
Loading weights:  31%|###       | 60/196 [00:00<00:00, 328.72it/s, Materializing param=gpt_neox.layers.4.mlp.dense_4h_to_h.weight]
Loading weights:  31%|###       | 60/196 [00:00<00:00, 328.72it/s, Materializing param=gpt_neox.layers.4.mlp.dense_4h_to_h.weight]
Loading weights:  31%|###1      | 61/196 [00:00<00:00, 328.72it/s, Materializing param=gpt_neox.layers.4.mlp.dense_h_to_4h.bias]  
Loading weights:  31%|###1      | 61/196 [00:00<00:00, 328.72it/s, Materializing param=gpt_neox.layers.4.mlp.dense_h_to_4h.bias]
Loading weights:  32%|###1      | 62/196 [00:00<00:00, 328.72it/s, Materializing param=gpt_neox.layers.4.mlp.dense_h_to_4h.weight]
Loading weights:  32%|###1      | 62/196 [00:00<00:00, 328.72it/s, Materializing param=gpt_neox.layers.4.mlp.dense_h_to_4h.weight]
Loading weights:  32%|###2      | 63/196 [00:00<00:00, 328.72it/s, Materializing param=gpt_neox.layers.4.post_attention_layernorm.bias]
Loading weights:  32%|###2      | 63/196 [00:00<00:00, 328.72it/s, Materializing param=gpt_neox.layers.4.post_attention_layernorm.bias]
Loading weights:  33%|###2      | 64/196 [00:00<00:00, 328.72it/s, Materializing param=gpt_neox.layers.4.post_attention_layernorm.weight]
Loading weights:  33%|###2      | 64/196 [00:00<00:00, 328.72it/s, Materializing param=gpt_neox.layers.4.post_attention_layernorm.weight]
Loading weights:  33%|###3      | 65/196 [00:00<00:00, 328.72it/s, Materializing param=gpt_neox.layers.5.attention.dense.bias]           
Loading weights:  33%|###3      | 65/196 [00:00<00:00, 328.72it/s, Materializing param=gpt_neox.layers.5.attention.dense.bias]
Loading weights:  34%|###3      | 66/196 [00:00<00:00, 328.72it/s, Materializing param=gpt_neox.layers.5.attention.dense.weight]
Loading weights:  34%|###3      | 66/196 [00:00<00:00, 328.72it/s, Materializing param=gpt_neox.layers.5.attention.dense.weight]
Loading weights:  34%|###4      | 67/196 [00:00<00:00, 328.72it/s, Materializing param=gpt_neox.layers.5.attention.query_key_value.bias]
Loading weights:  34%|###4      | 67/196 [00:00<00:00, 328.72it/s, Materializing param=gpt_neox.layers.5.attention.query_key_value.bias]
Loading weights:  35%|###4      | 68/196 [00:00<00:00, 328.72it/s, Materializing param=gpt_neox.layers.5.attention.query_key_value.weight]
Loading weights:  35%|###4      | 68/196 [00:00<00:00, 328.72it/s, Materializing param=gpt_neox.layers.5.attention.query_key_value.weight]
Loading weights:  35%|###5      | 69/196 [00:00<00:00, 312.39it/s, Materializing param=gpt_neox.layers.5.attention.query_key_value.weight]
Loading weights:  35%|###5      | 69/196 [00:00<00:00, 312.39it/s, Materializing param=gpt_neox.layers.5.input_layernorm.bias]            
Loading weights:  35%|###5      | 69/196 [00:00<00:00, 312.39it/s, Materializing param=gpt_neox.layers.5.input_layernorm.bias]
Loading weights:  36%|###5      | 70/196 [00:00<00:00, 312.39it/s, Materializing param=gpt_neox.layers.5.input_layernorm.weight]
Loading weights:  36%|###5      | 70/196 [00:00<00:00, 312.39it/s, Materializing param=gpt_neox.layers.5.input_layernorm.weight]
Loading weights:  36%|###6      | 71/196 [00:00<00:00, 312.39it/s, Materializing param=gpt_neox.layers.5.mlp.dense_4h_to_h.bias]
Loading weights:  36%|###6      | 71/196 [00:00<00:00, 312.39it/s, Materializing param=gpt_neox.layers.5.mlp.dense_4h_to_h.bias]
Loading weights:  37%|###6      | 72/196 [00:00<00:00, 312.39it/s, Materializing param=gpt_neox.layers.5.mlp.dense_4h_to_h.weight]
Loading weights:  37%|###6      | 72/196 [00:00<00:00, 312.39it/s, Materializing param=gpt_neox.layers.5.mlp.dense_4h_to_h.weight]
Loading weights:  37%|###7      | 73/196 [00:00<00:00, 312.39it/s, Materializing param=gpt_neox.layers.5.mlp.dense_h_to_4h.bias]  
Loading weights:  37%|###7      | 73/196 [00:00<00:00, 312.39it/s, Materializing param=gpt_neox.layers.5.mlp.dense_h_to_4h.bias]
Loading weights:  38%|###7      | 74/196 [00:00<00:00, 312.39it/s, Materializing param=gpt_neox.layers.5.mlp.dense_h_to_4h.weight]
Loading weights:  38%|###7      | 74/196 [00:00<00:00, 312.39it/s, Materializing param=gpt_neox.layers.5.mlp.dense_h_to_4h.weight]
Loading weights:  38%|###8      | 75/196 [00:00<00:00, 312.39it/s, Materializing param=gpt_neox.layers.5.post_attention_layernorm.bias]
Loading weights:  38%|###8      | 75/196 [00:00<00:00, 312.39it/s, Materializing param=gpt_neox.layers.5.post_attention_layernorm.bias]
Loading weights:  39%|###8      | 76/196 [00:00<00:00, 312.39it/s, Materializing param=gpt_neox.layers.5.post_attention_layernorm.weight]
Loading weights:  39%|###8      | 76/196 [00:00<00:00, 312.39it/s, Materializing param=gpt_neox.layers.5.post_attention_layernorm.weight]
Loading weights:  39%|###9      | 77/196 [00:00<00:00, 312.39it/s, Materializing param=gpt_neox.layers.6.attention.dense.bias]           
Loading weights:  39%|###9      | 77/196 [00:00<00:00, 312.39it/s, Materializing param=gpt_neox.layers.6.attention.dense.bias]
Loading weights:  40%|###9      | 78/196 [00:00<00:00, 312.39it/s, Materializing param=gpt_neox.layers.6.attention.dense.weight]
Loading weights:  40%|###9      | 78/196 [00:00<00:00, 312.39it/s, Materializing param=gpt_neox.layers.6.attention.dense.weight]
Loading weights:  40%|####      | 79/196 [00:00<00:00, 312.39it/s, Materializing param=gpt_neox.layers.6.attention.query_key_value.bias]
Loading weights:  40%|####      | 79/196 [00:00<00:00, 312.39it/s, Materializing param=gpt_neox.layers.6.attention.query_key_value.bias]
Loading weights:  41%|####      | 80/196 [00:00<00:00, 312.39it/s, Materializing param=gpt_neox.layers.6.attention.query_key_value.weight]
Loading weights:  41%|####      | 80/196 [00:00<00:00, 312.39it/s, Materializing param=gpt_neox.layers.6.attention.query_key_value.weight]
Loading weights:  41%|####1     | 81/196 [00:00<00:00, 312.39it/s, Materializing param=gpt_neox.layers.6.input_layernorm.bias]            
Loading weights:  41%|####1     | 81/196 [00:00<00:00, 312.39it/s, Materializing param=gpt_neox.layers.6.input_layernorm.bias]
Loading weights:  42%|####1     | 82/196 [00:00<00:00, 312.39it/s, Materializing param=gpt_neox.layers.6.input_layernorm.weight]
Loading weights:  42%|####1     | 82/196 [00:00<00:00, 312.39it/s, Materializing param=gpt_neox.layers.6.input_layernorm.weight]
Loading weights:  42%|####2     | 83/196 [00:00<00:00, 312.39it/s, Materializing param=gpt_neox.layers.6.mlp.dense_4h_to_h.bias]
Loading weights:  42%|####2     | 83/196 [00:00<00:00, 312.39it/s, Materializing param=gpt_neox.layers.6.mlp.dense_4h_to_h.bias]
Loading weights:  43%|####2     | 84/196 [00:00<00:00, 312.39it/s, Materializing param=gpt_neox.layers.6.mlp.dense_4h_to_h.weight]
Loading weights:  43%|####2     | 84/196 [00:00<00:00, 312.39it/s, Materializing param=gpt_neox.layers.6.mlp.dense_4h_to_h.weight]
Loading weights:  43%|####3     | 85/196 [00:00<00:00, 312.39it/s, Materializing param=gpt_neox.layers.6.mlp.dense_h_to_4h.bias]  
Loading weights:  43%|####3     | 85/196 [00:00<00:00, 312.39it/s, Materializing param=gpt_neox.layers.6.mlp.dense_h_to_4h.bias]
Loading weights:  44%|####3     | 86/196 [00:00<00:00, 312.39it/s, Materializing param=gpt_neox.layers.6.mlp.dense_h_to_4h.weight]
Loading weights:  44%|####3     | 86/196 [00:00<00:00, 312.39it/s, Materializing param=gpt_neox.layers.6.mlp.dense_h_to_4h.weight]
Loading weights:  44%|####4     | 87/196 [00:00<00:00, 312.39it/s, Materializing param=gpt_neox.layers.6.post_attention_layernorm.bias]
Loading weights:  44%|####4     | 87/196 [00:00<00:00, 312.39it/s, Materializing param=gpt_neox.layers.6.post_attention_layernorm.bias]
Loading weights:  45%|####4     | 88/196 [00:00<00:00, 312.39it/s, Materializing param=gpt_neox.layers.6.post_attention_layernorm.weight]
Loading weights:  45%|####4     | 88/196 [00:00<00:00, 312.39it/s, Materializing param=gpt_neox.layers.6.post_attention_layernorm.weight]
Loading weights:  45%|####5     | 89/196 [00:00<00:00, 312.39it/s, Materializing param=gpt_neox.layers.7.attention.dense.bias]           
Loading weights:  45%|####5     | 89/196 [00:00<00:00, 312.39it/s, Materializing param=gpt_neox.layers.7.attention.dense.bias]
Loading weights:  46%|####5     | 90/196 [00:00<00:00, 312.39it/s, Materializing param=gpt_neox.layers.7.attention.dense.weight]
Loading weights:  46%|####5     | 90/196 [00:00<00:00, 312.39it/s, Materializing param=gpt_neox.layers.7.attention.dense.weight]
Loading weights:  46%|####6     | 91/196 [00:00<00:00, 312.39it/s, Materializing param=gpt_neox.layers.7.attention.query_key_value.bias]
Loading weights:  46%|####6     | 91/196 [00:00<00:00, 312.39it/s, Materializing param=gpt_neox.layers.7.attention.query_key_value.bias]
Loading weights:  47%|####6     | 92/196 [00:00<00:00, 312.39it/s, Materializing param=gpt_neox.layers.7.attention.query_key_value.weight]
Loading weights:  47%|####6     | 92/196 [00:00<00:00, 312.39it/s, Materializing param=gpt_neox.layers.7.attention.query_key_value.weight]
Loading weights:  47%|####7     | 93/196 [00:00<00:00, 312.39it/s, Materializing param=gpt_neox.layers.7.input_layernorm.bias]            
Loading weights:  47%|####7     | 93/196 [00:00<00:00, 312.39it/s, Materializing param=gpt_neox.layers.7.input_layernorm.bias]
Loading weights:  48%|####7     | 94/196 [00:00<00:00, 312.39it/s, Materializing param=gpt_neox.layers.7.input_layernorm.weight]
Loading weights:  48%|####7     | 94/196 [00:00<00:00, 312.39it/s, Materializing param=gpt_neox.layers.7.input_layernorm.weight]
Loading weights:  48%|####8     | 95/196 [00:00<00:00, 312.39it/s, Materializing param=gpt_neox.layers.7.mlp.dense_4h_to_h.bias]
Loading weights:  48%|####8     | 95/196 [00:00<00:00, 312.39it/s, Materializing param=gpt_neox.layers.7.mlp.dense_4h_to_h.bias]
Loading weights:  49%|####8     | 96/196 [00:00<00:00, 312.39it/s, Materializing param=gpt_neox.layers.7.mlp.dense_4h_to_h.weight]
Loading weights:  49%|####8     | 96/196 [00:00<00:00, 312.39it/s, Materializing param=gpt_neox.layers.7.mlp.dense_4h_to_h.weight]
Loading weights:  49%|####9     | 97/196 [00:00<00:00, 312.39it/s, Materializing param=gpt_neox.layers.7.mlp.dense_h_to_4h.bias]  
Loading weights:  49%|####9     | 97/196 [00:00<00:00, 312.39it/s, Materializing param=gpt_neox.layers.7.mlp.dense_h_to_4h.bias]
Loading weights:  50%|#####     | 98/196 [00:00<00:00, 312.39it/s, Materializing param=gpt_neox.layers.7.mlp.dense_h_to_4h.weight]
Loading weights:  50%|#####     | 98/196 [00:00<00:00, 312.39it/s, Materializing param=gpt_neox.layers.7.mlp.dense_h_to_4h.weight]
Loading weights:  51%|#####     | 99/196 [00:00<00:00, 312.39it/s, Materializing param=gpt_neox.layers.7.post_attention_layernorm.bias]
Loading weights:  51%|#####     | 99/196 [00:00<00:00, 312.39it/s, Materializing param=gpt_neox.layers.7.post_attention_layernorm.bias]
Loading weights:  51%|#####1    | 100/196 [00:00<00:00, 312.39it/s, Materializing param=gpt_neox.layers.7.post_attention_layernorm.weight]
Loading weights:  51%|#####1    | 100/196 [00:00<00:00, 312.39it/s, Materializing param=gpt_neox.layers.7.post_attention_layernorm.weight]
Loading weights:  52%|#####1    | 101/196 [00:00<00:00, 312.39it/s, Materializing param=gpt_neox.layers.8.attention.dense.bias]           
Loading weights:  52%|#####1    | 101/196 [00:00<00:00, 312.39it/s, Materializing param=gpt_neox.layers.8.attention.dense.bias]
Loading weights:  52%|#####2    | 102/196 [00:00<00:00, 312.39it/s, Materializing param=gpt_neox.layers.8.attention.dense.weight]
Loading weights:  52%|#####2    | 102/196 [00:00<00:00, 312.39it/s, Materializing param=gpt_neox.layers.8.attention.dense.weight]
Loading weights:  53%|#####2    | 103/196 [00:00<00:00, 312.39it/s, Materializing param=gpt_neox.layers.8.attention.query_key_value.bias]
Loading weights:  53%|#####2    | 103/196 [00:00<00:00, 312.39it/s, Materializing param=gpt_neox.layers.8.attention.query_key_value.bias]
Loading weights:  53%|#####3    | 104/196 [00:00<00:00, 312.39it/s, Materializing param=gpt_neox.layers.8.attention.query_key_value.weight]
Loading weights:  53%|#####3    | 104/196 [00:00<00:00, 312.39it/s, Materializing param=gpt_neox.layers.8.attention.query_key_value.weight]
Loading weights:  54%|#####3    | 105/196 [00:00<00:00, 312.39it/s, Materializing param=gpt_neox.layers.8.input_layernorm.bias]            
Loading weights:  54%|#####3    | 105/196 [00:00<00:00, 312.39it/s, Materializing param=gpt_neox.layers.8.input_layernorm.bias]
Loading weights:  54%|#####4    | 106/196 [00:00<00:00, 312.39it/s, Materializing param=gpt_neox.layers.8.input_layernorm.weight]
Loading weights:  54%|#####4    | 106/196 [00:00<00:00, 312.39it/s, Materializing param=gpt_neox.layers.8.input_layernorm.weight]
Loading weights:  55%|#####4    | 107/196 [00:00<00:00, 312.39it/s, Materializing param=gpt_neox.layers.8.mlp.dense_4h_to_h.bias]
Loading weights:  55%|#####4    | 107/196 [00:00<00:00, 312.39it/s, Materializing param=gpt_neox.layers.8.mlp.dense_4h_to_h.bias]
Loading weights:  55%|#####5    | 108/196 [00:00<00:00, 312.39it/s, Materializing param=gpt_neox.layers.8.mlp.dense_4h_to_h.weight]
Loading weights:  55%|#####5    | 108/196 [00:00<00:00, 312.39it/s, Materializing param=gpt_neox.layers.8.mlp.dense_4h_to_h.weight]
Loading weights:  56%|#####5    | 109/196 [00:00<00:00, 311.94it/s, Materializing param=gpt_neox.layers.8.mlp.dense_4h_to_h.weight]
Loading weights:  56%|#####5    | 109/196 [00:00<00:00, 311.94it/s, Materializing param=gpt_neox.layers.8.mlp.dense_h_to_4h.bias]  
Loading weights:  56%|#####5    | 109/196 [00:00<00:00, 311.94it/s, Materializing param=gpt_neox.layers.8.mlp.dense_h_to_4h.bias]
Loading weights:  56%|#####6    | 110/196 [00:00<00:00, 311.94it/s, Materializing param=gpt_neox.layers.8.mlp.dense_h_to_4h.weight]
Loading weights:  56%|#####6    | 110/196 [00:00<00:00, 311.94it/s, Materializing param=gpt_neox.layers.8.mlp.dense_h_to_4h.weight]
Loading weights:  57%|#####6    | 111/196 [00:00<00:00, 311.94it/s, Materializing param=gpt_neox.layers.8.post_attention_layernorm.bias]
Loading weights:  57%|#####6    | 111/196 [00:00<00:00, 311.94it/s, Materializing param=gpt_neox.layers.8.post_attention_layernorm.bias]
Loading weights:  57%|#####7    | 112/196 [00:00<00:00, 311.94it/s, Materializing param=gpt_neox.layers.8.post_attention_layernorm.weight]
Loading weights:  57%|#####7    | 112/196 [00:00<00:00, 311.94it/s, Materializing param=gpt_neox.layers.8.post_attention_layernorm.weight]
Loading weights:  58%|#####7    | 113/196 [00:00<00:00, 311.94it/s, Materializing param=gpt_neox.layers.9.attention.dense.bias]           
Loading weights:  58%|#####7    | 113/196 [00:00<00:00, 311.94it/s, Materializing param=gpt_neox.layers.9.attention.dense.bias]
Loading weights:  58%|#####8    | 114/196 [00:00<00:00, 311.94it/s, Materializing param=gpt_neox.layers.9.attention.dense.weight]
Loading weights:  58%|#####8    | 114/196 [00:00<00:00, 311.94it/s, Materializing param=gpt_neox.layers.9.attention.dense.weight]
Loading weights:  59%|#####8    | 115/196 [00:00<00:00, 311.94it/s, Materializing param=gpt_neox.layers.9.attention.query_key_value.bias]
Loading weights:  59%|#####8    | 115/196 [00:00<00:00, 311.94it/s, Materializing param=gpt_neox.layers.9.attention.query_key_value.bias]
Loading weights:  59%|#####9    | 116/196 [00:00<00:00, 311.94it/s, Materializing param=gpt_neox.layers.9.attention.query_key_value.weight]
Loading weights:  59%|#####9    | 116/196 [00:00<00:00, 311.94it/s, Materializing param=gpt_neox.layers.9.attention.query_key_value.weight]
Loading weights:  60%|#####9    | 117/196 [00:00<00:00, 311.94it/s, Materializing param=gpt_neox.layers.9.input_layernorm.bias]            
Loading weights:  60%|#####9    | 117/196 [00:00<00:00, 311.94it/s, Materializing param=gpt_neox.layers.9.input_layernorm.bias]
Loading weights:  60%|######    | 118/196 [00:00<00:00, 311.94it/s, Materializing param=gpt_neox.layers.9.input_layernorm.weight]
Loading weights:  60%|######    | 118/196 [00:00<00:00, 311.94it/s, Materializing param=gpt_neox.layers.9.input_layernorm.weight]
Loading weights:  61%|######    | 119/196 [00:00<00:00, 311.94it/s, Materializing param=gpt_neox.layers.9.mlp.dense_4h_to_h.bias]
Loading weights:  61%|######    | 119/196 [00:00<00:00, 311.94it/s, Materializing param=gpt_neox.layers.9.mlp.dense_4h_to_h.bias]
Loading weights:  61%|######1   | 120/196 [00:00<00:00, 311.94it/s, Materializing param=gpt_neox.layers.9.mlp.dense_4h_to_h.weight]
Loading weights:  61%|######1   | 120/196 [00:00<00:00, 311.94it/s, Materializing param=gpt_neox.layers.9.mlp.dense_4h_to_h.weight]
Loading weights:  62%|######1   | 121/196 [00:00<00:00, 311.94it/s, Materializing param=gpt_neox.layers.9.mlp.dense_h_to_4h.bias]  
Loading weights:  62%|######1   | 121/196 [00:00<00:00, 311.94it/s, Materializing param=gpt_neox.layers.9.mlp.dense_h_to_4h.bias]
Loading weights:  62%|######2   | 122/196 [00:00<00:00, 311.94it/s, Materializing param=gpt_neox.layers.9.mlp.dense_h_to_4h.weight]
Loading weights:  62%|######2   | 122/196 [00:00<00:00, 311.94it/s, Materializing param=gpt_neox.layers.9.mlp.dense_h_to_4h.weight]
Loading weights:  63%|######2   | 123/196 [00:00<00:00, 311.94it/s, Materializing param=gpt_neox.layers.9.post_attention_layernorm.bias]
Loading weights:  63%|######2   | 123/196 [00:00<00:00, 311.94it/s, Materializing param=gpt_neox.layers.9.post_attention_layernorm.bias]
Loading weights:  63%|######3   | 124/196 [00:00<00:00, 311.94it/s, Materializing param=gpt_neox.layers.9.post_attention_layernorm.weight]
Loading weights:  63%|######3   | 124/196 [00:00<00:00, 311.94it/s, Materializing param=gpt_neox.layers.9.post_attention_layernorm.weight]
Loading weights:  64%|######3   | 125/196 [00:00<00:00, 311.94it/s, Materializing param=gpt_neox.layers.10.attention.dense.bias]          
Loading weights:  64%|######3   | 125/196 [00:00<00:00, 311.94it/s, Materializing param=gpt_neox.layers.10.attention.dense.bias]
Loading weights:  64%|######4   | 126/196 [00:00<00:00, 311.94it/s, Materializing param=gpt_neox.layers.10.attention.dense.weight]
Loading weights:  64%|######4   | 126/196 [00:00<00:00, 311.94it/s, Materializing param=gpt_neox.layers.10.attention.dense.weight]
Loading weights:  65%|######4   | 127/196 [00:00<00:00, 311.94it/s, Materializing param=gpt_neox.layers.10.attention.query_key_value.bias]
Loading weights:  65%|######4   | 127/196 [00:00<00:00, 311.94it/s, Materializing param=gpt_neox.layers.10.attention.query_key_value.bias]
Loading weights:  65%|######5   | 128/196 [00:00<00:00, 311.94it/s, Materializing param=gpt_neox.layers.10.attention.query_key_value.weight]
Loading weights:  65%|######5   | 128/196 [00:00<00:00, 311.94it/s, Materializing param=gpt_neox.layers.10.attention.query_key_value.weight]
Loading weights:  66%|######5   | 129/196 [00:00<00:00, 311.94it/s, Materializing param=gpt_neox.layers.10.input_layernorm.bias]            
Loading weights:  66%|######5   | 129/196 [00:00<00:00, 311.94it/s, Materializing param=gpt_neox.layers.10.input_layernorm.bias]
Loading weights:  66%|######6   | 130/196 [00:00<00:00, 311.94it/s, Materializing param=gpt_neox.layers.10.input_layernorm.weight]
Loading weights:  66%|######6   | 130/196 [00:00<00:00, 311.94it/s, Materializing param=gpt_neox.layers.10.input_layernorm.weight]
Loading weights:  67%|######6   | 131/196 [00:00<00:00, 311.94it/s, Materializing param=gpt_neox.layers.10.mlp.dense_4h_to_h.bias]
Loading weights:  67%|######6   | 131/196 [00:00<00:00, 311.94it/s, Materializing param=gpt_neox.layers.10.mlp.dense_4h_to_h.bias]
Loading weights:  67%|######7   | 132/196 [00:00<00:00, 311.94it/s, Materializing param=gpt_neox.layers.10.mlp.dense_4h_to_h.weight]
Loading weights:  67%|######7   | 132/196 [00:00<00:00, 311.94it/s, Materializing param=gpt_neox.layers.10.mlp.dense_4h_to_h.weight]
Loading weights:  68%|######7   | 133/196 [00:00<00:00, 311.94it/s, Materializing param=gpt_neox.layers.10.mlp.dense_h_to_4h.bias]  
Loading weights:  68%|######7   | 133/196 [00:00<00:00, 311.94it/s, Materializing param=gpt_neox.layers.10.mlp.dense_h_to_4h.bias]
Loading weights:  68%|######8   | 134/196 [00:00<00:00, 311.94it/s, Materializing param=gpt_neox.layers.10.mlp.dense_h_to_4h.weight]
Loading weights:  68%|######8   | 134/196 [00:00<00:00, 311.94it/s, Materializing param=gpt_neox.layers.10.mlp.dense_h_to_4h.weight]
Loading weights:  69%|######8   | 135/196 [00:00<00:00, 311.94it/s, Materializing param=gpt_neox.layers.10.post_attention_layernorm.bias]
Loading weights:  69%|######8   | 135/196 [00:00<00:00, 311.94it/s, Materializing param=gpt_neox.layers.10.post_attention_layernorm.bias]
Loading weights:  69%|######9   | 136/196 [00:00<00:00, 311.94it/s, Materializing param=gpt_neox.layers.10.post_attention_layernorm.weight]
Loading weights:  69%|######9   | 136/196 [00:00<00:00, 311.94it/s, Materializing param=gpt_neox.layers.10.post_attention_layernorm.weight]
Loading weights:  70%|######9   | 137/196 [00:00<00:00, 311.94it/s, Materializing param=gpt_neox.layers.11.attention.dense.bias]           
Loading weights:  70%|######9   | 137/196 [00:00<00:00, 311.94it/s, Materializing param=gpt_neox.layers.11.attention.dense.bias]
Loading weights:  70%|#######   | 138/196 [00:00<00:00, 311.94it/s, Materializing param=gpt_neox.layers.11.attention.dense.weight]
Loading weights:  70%|#######   | 138/196 [00:00<00:00, 311.94it/s, Materializing param=gpt_neox.layers.11.attention.dense.weight]
Loading weights:  71%|#######   | 139/196 [00:00<00:00, 311.94it/s, Materializing param=gpt_neox.layers.11.attention.query_key_value.bias]
Loading weights:  71%|#######   | 139/196 [00:00<00:00, 311.94it/s, Materializing param=gpt_neox.layers.11.attention.query_key_value.bias]
Loading weights:  71%|#######1  | 140/196 [00:00<00:00, 311.94it/s, Materializing param=gpt_neox.layers.11.attention.query_key_value.weight]
Loading weights:  71%|#######1  | 140/196 [00:00<00:00, 311.94it/s, Materializing param=gpt_neox.layers.11.attention.query_key_value.weight]
Loading weights:  72%|#######1  | 141/196 [00:00<00:00, 313.03it/s, Materializing param=gpt_neox.layers.11.attention.query_key_value.weight]
Loading weights:  72%|#######1  | 141/196 [00:00<00:00, 313.03it/s, Materializing param=gpt_neox.layers.11.input_layernorm.bias]            
Loading weights:  72%|#######1  | 141/196 [00:00<00:00, 313.03it/s, Materializing param=gpt_neox.layers.11.input_layernorm.bias]
Loading weights:  72%|#######2  | 142/196 [00:00<00:00, 313.03it/s, Materializing param=gpt_neox.layers.11.input_layernorm.weight]
Loading weights:  72%|#######2  | 142/196 [00:00<00:00, 313.03it/s, Materializing param=gpt_neox.layers.11.input_layernorm.weight]
Loading weights:  73%|#######2  | 143/196 [00:00<00:00, 313.03it/s, Materializing param=gpt_neox.layers.11.mlp.dense_4h_to_h.bias]
Loading weights:  73%|#######2  | 143/196 [00:00<00:00, 313.03it/s, Materializing param=gpt_neox.layers.11.mlp.dense_4h_to_h.bias]
Loading weights:  73%|#######3  | 144/196 [00:00<00:00, 313.03it/s, Materializing param=gpt_neox.layers.11.mlp.dense_4h_to_h.weight]
Loading weights:  73%|#######3  | 144/196 [00:00<00:00, 313.03it/s, Materializing param=gpt_neox.layers.11.mlp.dense_4h_to_h.weight]
Loading weights:  74%|#######3  | 145/196 [00:00<00:00, 313.03it/s, Materializing param=gpt_neox.layers.11.mlp.dense_h_to_4h.bias]  
Loading weights:  74%|#######3  | 145/196 [00:00<00:00, 313.03it/s, Materializing param=gpt_neox.layers.11.mlp.dense_h_to_4h.bias]
Loading weights:  74%|#######4  | 146/196 [00:00<00:00, 313.03it/s, Materializing param=gpt_neox.layers.11.mlp.dense_h_to_4h.weight]
Loading weights:  74%|#######4  | 146/196 [00:00<00:00, 313.03it/s, Materializing param=gpt_neox.layers.11.mlp.dense_h_to_4h.weight]
Loading weights:  75%|#######5  | 147/196 [00:00<00:00, 313.03it/s, Materializing param=gpt_neox.layers.11.post_attention_layernorm.bias]
Loading weights:  75%|#######5  | 147/196 [00:00<00:00, 313.03it/s, Materializing param=gpt_neox.layers.11.post_attention_layernorm.bias]
Loading weights:  76%|#######5  | 148/196 [00:00<00:00, 313.03it/s, Materializing param=gpt_neox.layers.11.post_attention_layernorm.weight]
Loading weights:  76%|#######5  | 148/196 [00:00<00:00, 313.03it/s, Materializing param=gpt_neox.layers.11.post_attention_layernorm.weight]
Loading weights:  76%|#######6  | 149/196 [00:00<00:00, 313.03it/s, Materializing param=gpt_neox.layers.12.attention.dense.bias]           
Loading weights:  76%|#######6  | 149/196 [00:00<00:00, 313.03it/s, Materializing param=gpt_neox.layers.12.attention.dense.bias]
Loading weights:  77%|#######6  | 150/196 [00:00<00:00, 313.03it/s, Materializing param=gpt_neox.layers.12.attention.dense.weight]
Loading weights:  77%|#######6  | 150/196 [00:00<00:00, 313.03it/s, Materializing param=gpt_neox.layers.12.attention.dense.weight]
Loading weights:  77%|#######7  | 151/196 [00:00<00:00, 313.03it/s, Materializing param=gpt_neox.layers.12.attention.query_key_value.bias]
Loading weights:  77%|#######7  | 151/196 [00:00<00:00, 313.03it/s, Materializing param=gpt_neox.layers.12.attention.query_key_value.bias]
Loading weights:  78%|#######7  | 152/196 [00:00<00:00, 313.03it/s, Materializing param=gpt_neox.layers.12.attention.query_key_value.weight]
Loading weights:  78%|#######7  | 152/196 [00:00<00:00, 313.03it/s, Materializing param=gpt_neox.layers.12.attention.query_key_value.weight]
Loading weights:  78%|#######8  | 153/196 [00:00<00:00, 313.03it/s, Materializing param=gpt_neox.layers.12.input_layernorm.bias]            
Loading weights:  78%|#######8  | 153/196 [00:00<00:00, 313.03it/s, Materializing param=gpt_neox.layers.12.input_layernorm.bias]
Loading weights:  79%|#######8  | 154/196 [00:00<00:00, 313.03it/s, Materializing param=gpt_neox.layers.12.input_layernorm.weight]
Loading weights:  79%|#######8  | 154/196 [00:00<00:00, 313.03it/s, Materializing param=gpt_neox.layers.12.input_layernorm.weight]
Loading weights:  79%|#######9  | 155/196 [00:00<00:00, 313.03it/s, Materializing param=gpt_neox.layers.12.mlp.dense_4h_to_h.bias]
Loading weights:  79%|#######9  | 155/196 [00:00<00:00, 313.03it/s, Materializing param=gpt_neox.layers.12.mlp.dense_4h_to_h.bias]
Loading weights:  80%|#######9  | 156/196 [00:00<00:00, 313.03it/s, Materializing param=gpt_neox.layers.12.mlp.dense_4h_to_h.weight]
Loading weights:  80%|#######9  | 156/196 [00:00<00:00, 313.03it/s, Materializing param=gpt_neox.layers.12.mlp.dense_4h_to_h.weight]
Loading weights:  80%|########  | 157/196 [00:00<00:00, 313.03it/s, Materializing param=gpt_neox.layers.12.mlp.dense_h_to_4h.bias]  
Loading weights:  80%|########  | 157/196 [00:00<00:00, 313.03it/s, Materializing param=gpt_neox.layers.12.mlp.dense_h_to_4h.bias]
Loading weights:  81%|########  | 158/196 [00:00<00:00, 313.03it/s, Materializing param=gpt_neox.layers.12.mlp.dense_h_to_4h.weight]
Loading weights:  81%|########  | 158/196 [00:00<00:00, 313.03it/s, Materializing param=gpt_neox.layers.12.mlp.dense_h_to_4h.weight]
Loading weights:  81%|########1 | 159/196 [00:00<00:00, 313.03it/s, Materializing param=gpt_neox.layers.12.post_attention_layernorm.bias]
Loading weights:  81%|########1 | 159/196 [00:00<00:00, 313.03it/s, Materializing param=gpt_neox.layers.12.post_attention_layernorm.bias]
Loading weights:  82%|########1 | 160/196 [00:00<00:00, 313.03it/s, Materializing param=gpt_neox.layers.12.post_attention_layernorm.weight]
Loading weights:  82%|########1 | 160/196 [00:00<00:00, 313.03it/s, Materializing param=gpt_neox.layers.12.post_attention_layernorm.weight]
Loading weights:  82%|########2 | 161/196 [00:00<00:00, 313.03it/s, Materializing param=gpt_neox.layers.13.attention.dense.bias]           
Loading weights:  82%|########2 | 161/196 [00:00<00:00, 313.03it/s, Materializing param=gpt_neox.layers.13.attention.dense.bias]
Loading weights:  83%|########2 | 162/196 [00:00<00:00, 313.03it/s, Materializing param=gpt_neox.layers.13.attention.dense.weight]
Loading weights:  83%|########2 | 162/196 [00:00<00:00, 313.03it/s, Materializing param=gpt_neox.layers.13.attention.dense.weight]
Loading weights:  83%|########3 | 163/196 [00:00<00:00, 313.03it/s, Materializing param=gpt_neox.layers.13.attention.query_key_value.bias]
Loading weights:  83%|########3 | 163/196 [00:00<00:00, 313.03it/s, Materializing param=gpt_neox.layers.13.attention.query_key_value.bias]
Loading weights:  84%|########3 | 164/196 [00:00<00:00, 313.03it/s, Materializing param=gpt_neox.layers.13.attention.query_key_value.weight]
Loading weights:  84%|########3 | 164/196 [00:00<00:00, 313.03it/s, Materializing param=gpt_neox.layers.13.attention.query_key_value.weight]
Loading weights:  84%|########4 | 165/196 [00:00<00:00, 313.03it/s, Materializing param=gpt_neox.layers.13.input_layernorm.bias]            
Loading weights:  84%|########4 | 165/196 [00:00<00:00, 313.03it/s, Materializing param=gpt_neox.layers.13.input_layernorm.bias]
Loading weights:  85%|########4 | 166/196 [00:00<00:00, 313.03it/s, Materializing param=gpt_neox.layers.13.input_layernorm.weight]
Loading weights:  85%|########4 | 166/196 [00:00<00:00, 313.03it/s, Materializing param=gpt_neox.layers.13.input_layernorm.weight]
Loading weights:  85%|########5 | 167/196 [00:00<00:00, 313.03it/s, Materializing param=gpt_neox.layers.13.mlp.dense_4h_to_h.bias]
Loading weights:  85%|########5 | 167/196 [00:00<00:00, 313.03it/s, Materializing param=gpt_neox.layers.13.mlp.dense_4h_to_h.bias]
Loading weights:  86%|########5 | 168/196 [00:00<00:00, 313.03it/s, Materializing param=gpt_neox.layers.13.mlp.dense_4h_to_h.weight]
Loading weights:  86%|########5 | 168/196 [00:00<00:00, 313.03it/s, Materializing param=gpt_neox.layers.13.mlp.dense_4h_to_h.weight]
Loading weights:  86%|########6 | 169/196 [00:00<00:00, 313.03it/s, Materializing param=gpt_neox.layers.13.mlp.dense_h_to_4h.bias]  
Loading weights:  86%|########6 | 169/196 [00:00<00:00, 313.03it/s, Materializing param=gpt_neox.layers.13.mlp.dense_h_to_4h.bias]
Loading weights:  87%|########6 | 170/196 [00:00<00:00, 313.03it/s, Materializing param=gpt_neox.layers.13.mlp.dense_h_to_4h.weight]
Loading weights:  87%|########6 | 170/196 [00:00<00:00, 313.03it/s, Materializing param=gpt_neox.layers.13.mlp.dense_h_to_4h.weight]
Loading weights:  87%|########7 | 171/196 [00:00<00:00, 313.03it/s, Materializing param=gpt_neox.layers.13.post_attention_layernorm.bias]
Loading weights:  87%|########7 | 171/196 [00:00<00:00, 313.03it/s, Materializing param=gpt_neox.layers.13.post_attention_layernorm.bias]
Loading weights:  88%|########7 | 172/196 [00:00<00:00, 313.03it/s, Materializing param=gpt_neox.layers.13.post_attention_layernorm.weight]
Loading weights:  88%|########7 | 172/196 [00:00<00:00, 313.03it/s, Materializing param=gpt_neox.layers.13.post_attention_layernorm.weight]
Loading weights:  88%|########8 | 173/196 [00:00<00:00, 314.49it/s, Materializing param=gpt_neox.layers.13.post_attention_layernorm.weight]
Loading weights:  88%|########8 | 173/196 [00:00<00:00, 314.49it/s, Materializing param=gpt_neox.layers.14.attention.dense.bias]           
Loading weights:  88%|########8 | 173/196 [00:00<00:00, 314.49it/s, Materializing param=gpt_neox.layers.14.attention.dense.bias]
Loading weights:  89%|########8 | 174/196 [00:00<00:00, 314.49it/s, Materializing param=gpt_neox.layers.14.attention.dense.weight]
Loading weights:  89%|########8 | 174/196 [00:00<00:00, 314.49it/s, Materializing param=gpt_neox.layers.14.attention.dense.weight]
Loading weights:  89%|########9 | 175/196 [00:00<00:00, 314.49it/s, Materializing param=gpt_neox.layers.14.attention.query_key_value.bias]
Loading weights:  89%|########9 | 175/196 [00:00<00:00, 314.49it/s, Materializing param=gpt_neox.layers.14.attention.query_key_value.bias]
Loading weights:  90%|########9 | 176/196 [00:00<00:00, 314.49it/s, Materializing param=gpt_neox.layers.14.attention.query_key_value.weight]
Loading weights:  90%|########9 | 176/196 [00:00<00:00, 314.49it/s, Materializing param=gpt_neox.layers.14.attention.query_key_value.weight]
Loading weights:  90%|######### | 177/196 [00:00<00:00, 314.49it/s, Materializing param=gpt_neox.layers.14.input_layernorm.bias]            
Loading weights:  90%|######### | 177/196 [00:00<00:00, 314.49it/s, Materializing param=gpt_neox.layers.14.input_layernorm.bias]
Loading weights:  91%|######### | 178/196 [00:00<00:00, 314.49it/s, Materializing param=gpt_neox.layers.14.input_layernorm.weight]
Loading weights:  91%|######### | 178/196 [00:00<00:00, 314.49it/s, Materializing param=gpt_neox.layers.14.input_layernorm.weight]
Loading weights:  91%|#########1| 179/196 [00:00<00:00, 314.49it/s, Materializing param=gpt_neox.layers.14.mlp.dense_4h_to_h.bias]
Loading weights:  91%|#########1| 179/196 [00:00<00:00, 314.49it/s, Materializing param=gpt_neox.layers.14.mlp.dense_4h_to_h.bias]
Loading weights:  92%|#########1| 180/196 [00:00<00:00, 314.49it/s, Materializing param=gpt_neox.layers.14.mlp.dense_4h_to_h.weight]
Loading weights:  92%|#########1| 180/196 [00:00<00:00, 314.49it/s, Materializing param=gpt_neox.layers.14.mlp.dense_4h_to_h.weight]
Loading weights:  92%|#########2| 181/196 [00:00<00:00, 314.49it/s, Materializing param=gpt_neox.layers.14.mlp.dense_h_to_4h.bias]  
Loading weights:  92%|#########2| 181/196 [00:00<00:00, 314.49it/s, Materializing param=gpt_neox.layers.14.mlp.dense_h_to_4h.bias]
Loading weights:  93%|#########2| 182/196 [00:00<00:00, 314.49it/s, Materializing param=gpt_neox.layers.14.mlp.dense_h_to_4h.weight]
Loading weights:  93%|#########2| 182/196 [00:00<00:00, 314.49it/s, Materializing param=gpt_neox.layers.14.mlp.dense_h_to_4h.weight]
Loading weights:  93%|#########3| 183/196 [00:00<00:00, 314.49it/s, Materializing param=gpt_neox.layers.14.post_attention_layernorm.bias]
Loading weights:  93%|#########3| 183/196 [00:00<00:00, 314.49it/s, Materializing param=gpt_neox.layers.14.post_attention_layernorm.bias]
Loading weights:  94%|#########3| 184/196 [00:00<00:00, 314.49it/s, Materializing param=gpt_neox.layers.14.post_attention_layernorm.weight]
Loading weights:  94%|#########3| 184/196 [00:00<00:00, 314.49it/s, Materializing param=gpt_neox.layers.14.post_attention_layernorm.weight]
Loading weights:  94%|#########4| 185/196 [00:00<00:00, 314.49it/s, Materializing param=gpt_neox.layers.15.attention.dense.bias]           
Loading weights:  94%|#########4| 185/196 [00:00<00:00, 314.49it/s, Materializing param=gpt_neox.layers.15.attention.dense.bias]
Loading weights:  95%|#########4| 186/196 [00:00<00:00, 314.49it/s, Materializing param=gpt_neox.layers.15.attention.dense.weight]
Loading weights:  95%|#########4| 186/196 [00:00<00:00, 314.49it/s, Materializing param=gpt_neox.layers.15.attention.dense.weight]
Loading weights:  95%|#########5| 187/196 [00:00<00:00, 314.49it/s, Materializing param=gpt_neox.layers.15.attention.query_key_value.bias]
Loading weights:  95%|#########5| 187/196 [00:00<00:00, 314.49it/s, Materializing param=gpt_neox.layers.15.attention.query_key_value.bias]
Loading weights:  96%|#########5| 188/196 [00:00<00:00, 314.49it/s, Materializing param=gpt_neox.layers.15.attention.query_key_value.weight]
Loading weights:  96%|#########5| 188/196 [00:00<00:00, 314.49it/s, Materializing param=gpt_neox.layers.15.attention.query_key_value.weight]
Loading weights:  96%|#########6| 189/196 [00:00<00:00, 314.49it/s, Materializing param=gpt_neox.layers.15.input_layernorm.bias]            
Loading weights:  96%|#########6| 189/196 [00:00<00:00, 314.49it/s, Materializing param=gpt_neox.layers.15.input_layernorm.bias]
Loading weights:  97%|#########6| 190/196 [00:00<00:00, 314.49it/s, Materializing param=gpt_neox.layers.15.input_layernorm.weight]
Loading weights:  97%|#########6| 190/196 [00:00<00:00, 314.49it/s, Materializing param=gpt_neox.layers.15.input_layernorm.weight]
Loading weights:  97%|#########7| 191/196 [00:00<00:00, 314.49it/s, Materializing param=gpt_neox.layers.15.mlp.dense_4h_to_h.bias]
Loading weights:  97%|#########7| 191/196 [00:00<00:00, 314.49it/s, Materializing param=gpt_neox.layers.15.mlp.dense_4h_to_h.bias]
Loading weights:  98%|#########7| 192/196 [00:00<00:00, 314.49it/s, Materializing param=gpt_neox.layers.15.mlp.dense_4h_to_h.weight]
Loading weights:  98%|#########7| 192/196 [00:00<00:00, 314.49it/s, Materializing param=gpt_neox.layers.15.mlp.dense_4h_to_h.weight]
Loading weights:  98%|#########8| 193/196 [00:00<00:00, 314.49it/s, Materializing param=gpt_neox.layers.15.mlp.dense_h_to_4h.bias]  
Loading weights:  98%|#########8| 193/196 [00:00<00:00, 314.49it/s, Materializing param=gpt_neox.layers.15.mlp.dense_h_to_4h.bias]
Loading weights:  99%|#########8| 194/196 [00:00<00:00, 314.49it/s, Materializing param=gpt_neox.layers.15.mlp.dense_h_to_4h.weight]
Loading weights:  99%|#########8| 194/196 [00:00<00:00, 314.49it/s, Materializing param=gpt_neox.layers.15.mlp.dense_h_to_4h.weight]
Loading weights:  99%|#########9| 195/196 [00:00<00:00, 314.49it/s, Materializing param=gpt_neox.layers.15.post_attention_layernorm.bias]
Loading weights:  99%|#########9| 195/196 [00:00<00:00, 314.49it/s, Materializing param=gpt_neox.layers.15.post_attention_layernorm.bias]
Loading weights: 100%|##########| 196/196 [00:00<00:00, 314.49it/s, Materializing param=gpt_neox.layers.15.post_attention_layernorm.weight]
Loading weights: 100%|##########| 196/196 [00:00<00:00, 314.49it/s, Materializing param=gpt_neox.layers.15.post_attention_layernorm.weight]
Loading weights: 100%|##########| 196/196 [00:00<00:00, 321.59it/s, Materializing param=gpt_neox.layers.15.post_attention_layernorm.weight]
[2026-04-23T05:41:03.232155] END self_prediction_transfer_v3_template_plain FAILED rc=0 validation_ok=False metrics={"row_count": 3, "max_valid_choice_rate": 1.0, "max_predicted_gap_rate": 0.0, "max_actual_gap_rate": 0.4097222222222222, "max_gap_direction_accuracy": 0.3939393939393939}
