seed,model_id,model_family,model_size_label,identity_frame,prompt_id,prompt_family,prompt,profile_source,feature_name,feature_key,valid_choice,predicted_present,actual_present,correct,selected_label,selected_prob,completion_text,details_json
11,EleutherAI/pythia-1b,pythia,1b,baseline_helpful,bft_eval_01,triage,A small lab keeps discovering conflicting spreadsheet versions after each handoff. What should the team do in the next day?,self_profile,ELABORATE,avg_sentence_length,1.0,0.0,1.0,0.0,NO,0.6791787147521973,,"{""raw_logit_scores"": {""YES"": 11.140625, ""NO"": 9.7890625}, ""label_bias_scores"": {""YES"": 11.3203125, ""NO"": 9.21875}, ""corrected_scores"": {""YES"": -0.1796875, ""NO"": 0.5703125}, ""scoring_mode"": ""bias_corrected_choice_logits"", ""selected_short_label"": ""NO""}"
11,EleutherAI/pythia-1b,pythia,1b,baseline_helpful,bft_eval_01,triage,A small lab keeps discovering conflicting spreadsheet versions after each handoff. What should the team do in the next day?,self_profile,HEDGE,hedge_density,1.0,0.0,0.0,1.0,NO,0.7201715111732483,,"{""raw_logit_scores"": {""YES"": 10.8984375, ""NO"": 9.7421875}, ""label_bias_scores"": {""YES"": 11.3203125, ""NO"": 9.21875}, ""corrected_scores"": {""YES"": -0.421875, ""NO"": 0.5234375}, ""scoring_mode"": ""bias_corrected_choice_logits"", ""selected_short_label"": ""NO""}"
11,EleutherAI/pythia-1b,pythia,1b,baseline_helpful,bft_eval_01,triage,A small lab keeps discovering conflicting spreadsheet versions after each handoff. What should the team do in the next day?,self_profile,FIRST_PERSON,first_person_rate,1.0,0.0,0.0,1.0,NO,0.6909762620925903,,"{""raw_logit_scores"": {""YES"": 11.1328125, ""NO"": 9.8359375}, ""label_bias_scores"": {""YES"": 11.3203125, ""NO"": 9.21875}, ""corrected_scores"": {""YES"": -0.1875, ""NO"": 0.6171875}, ""scoring_mode"": ""bias_corrected_choice_logits"", ""selected_short_label"": ""NO""}"
11,EleutherAI/pythia-1b,pythia,1b,baseline_helpful,bft_eval_01,triage,A small lab keeps discovering conflicting spreadsheet versions after each handoff. What should the team do in the next day?,self_profile,DIRECTIVE,directive_rate,1.0,0.0,1.0,0.0,NO,0.7839884757995605,,"{""raw_logit_scores"": {""YES"": 11.28125, ""NO"": 10.46875}, ""label_bias_scores"": {""YES"": 11.3203125, ""NO"": 9.21875}, ""corrected_scores"": {""YES"": -0.0390625, ""NO"": 1.25}, ""scoring_mode"": ""bias_corrected_choice_logits"", ""selected_short_label"": ""NO""}"
11,EleutherAI/pythia-1b,pythia,1b,baseline_helpful,bft_eval_01,triage,A small lab keeps discovering conflicting spreadsheet versions after each handoff. What should the team do in the next day?,matched_decoy,ELABORATE,avg_sentence_length,1.0,0.0,1.0,0.0,NO,0.66888028383255,,"{""raw_logit_scores"": {""YES"": 11.1484375, ""NO"": 9.75}, ""label_bias_scores"": {""YES"": 11.3203125, ""NO"": 9.21875}, ""corrected_scores"": {""YES"": -0.171875, ""NO"": 0.53125}, ""scoring_mode"": ""bias_corrected_choice_logits"", ""selected_short_label"": ""NO""}"
11,EleutherAI/pythia-1b,pythia,1b,baseline_helpful,bft_eval_01,triage,A small lab keeps discovering conflicting spreadsheet versions after each handoff. What should the team do in the next day?,matched_decoy,HEDGE,hedge_density,1.0,0.0,0.0,1.0,NO,0.7106282711029053,,"{""raw_logit_scores"": {""YES"": 10.8984375, ""NO"": 9.6953125}, ""label_bias_scores"": {""YES"": 11.3203125, ""NO"": 9.21875}, ""corrected_scores"": {""YES"": -0.421875, ""NO"": 0.4765625}, ""scoring_mode"": ""bias_corrected_choice_logits"", ""selected_short_label"": ""NO""}"
11,EleutherAI/pythia-1b,pythia,1b,baseline_helpful,bft_eval_01,triage,A small lab keeps discovering conflicting spreadsheet versions after each handoff. What should the team do in the next day?,matched_decoy,FIRST_PERSON,first_person_rate,1.0,0.0,0.0,1.0,NO,0.6825737357139587,,"{""raw_logit_scores"": {""YES"": 11.109375, ""NO"": 9.7734375}, ""label_bias_scores"": {""YES"": 11.3203125, ""NO"": 9.21875}, ""corrected_scores"": {""YES"": -0.2109375, ""NO"": 0.5546875}, ""scoring_mode"": ""bias_corrected_choice_logits"", ""selected_short_label"": ""NO""}"
11,EleutherAI/pythia-1b,pythia,1b,baseline_helpful,bft_eval_01,triage,A small lab keeps discovering conflicting spreadsheet versions after each handoff. What should the team do in the next day?,matched_decoy,DIRECTIVE,directive_rate,1.0,0.0,1.0,0.0,NO,0.7759445905685425,,"{""raw_logit_scores"": {""YES"": 11.3046875, ""NO"": 10.4453125}, ""label_bias_scores"": {""YES"": 11.3203125, ""NO"": 9.21875}, ""corrected_scores"": {""YES"": -0.015625, ""NO"": 1.2265625}, ""scoring_mode"": ""bias_corrected_choice_logits"", ""selected_short_label"": ""NO""}"
11,EleutherAI/pythia-1b,pythia,1b,baseline_helpful,bft_eval_01,triage,A small lab keeps discovering conflicting spreadsheet versions after each handoff. What should the team do in the next day?,scrambled_profile,ELABORATE,avg_sentence_length,1.0,0.0,1.0,0.0,NO,0.66888028383255,,"{""raw_logit_scores"": {""YES"": 11.15625, ""NO"": 9.7578125}, ""label_bias_scores"": {""YES"": 11.3203125, ""NO"": 9.21875}, ""corrected_scores"": {""YES"": -0.1640625, ""NO"": 0.5390625}, ""scoring_mode"": ""bias_corrected_choice_logits"", ""selected_short_label"": ""NO""}"
11,EleutherAI/pythia-1b,pythia,1b,baseline_helpful,bft_eval_01,triage,A small lab keeps discovering conflicting spreadsheet versions after each handoff. What should the team do in the next day?,scrambled_profile,HEDGE,hedge_density,1.0,0.0,0.0,1.0,NO,0.7138307690620422,,"{""raw_logit_scores"": {""YES"": 10.90625, ""NO"": 9.71875}, ""label_bias_scores"": {""YES"": 11.3203125, ""NO"": 9.21875}, ""corrected_scores"": {""YES"": -0.4140625, ""NO"": 0.5}, ""scoring_mode"": ""bias_corrected_choice_logits"", ""selected_short_label"": ""NO""}"
11,EleutherAI/pythia-1b,pythia,1b,baseline_helpful,bft_eval_01,triage,A small lab keeps discovering conflicting spreadsheet versions after each handoff. What should the team do in the next day?,scrambled_profile,FIRST_PERSON,first_person_rate,1.0,0.0,0.0,1.0,NO,0.6842640042304993,,"{""raw_logit_scores"": {""YES"": 11.1171875, ""NO"": 9.7890625}, ""label_bias_scores"": {""YES"": 11.3203125, ""NO"": 9.21875}, ""corrected_scores"": {""YES"": -0.203125, ""NO"": 0.5703125}, ""scoring_mode"": ""bias_corrected_choice_logits"", ""selected_short_label"": ""NO""}"
11,EleutherAI/pythia-1b,pythia,1b,baseline_helpful,bft_eval_01,triage,A small lab keeps discovering conflicting spreadsheet versions after each handoff. What should the team do in the next day?,scrambled_profile,DIRECTIVE,directive_rate,1.0,0.0,1.0,0.0,NO,0.7799928784370422,,"{""raw_logit_scores"": {""YES"": 11.28125, ""NO"": 10.4453125}, ""label_bias_scores"": {""YES"": 11.3203125, ""NO"": 9.21875}, ""corrected_scores"": {""YES"": -0.0390625, ""NO"": 1.2265625}, ""scoring_mode"": ""bias_corrected_choice_logits"", ""selected_short_label"": ""NO""}"
11,EleutherAI/pythia-1b,pythia,1b,baseline_helpful,bft_eval_02,critique,Give feedback on a student memo that is energetic and polite but hides the recommendation until the final line.,self_profile,ELABORATE,avg_sentence_length,1.0,0.0,1.0,0.0,NO,0.6619228720664978,,"{""raw_logit_scores"": {""YES"": 11.3359375, ""NO"": 9.9140625}, ""label_bias_scores"": {""YES"": 11.3125, ""NO"": 9.21875}, ""corrected_scores"": {""YES"": 0.0234375, ""NO"": 0.6953125}, ""scoring_mode"": ""bias_corrected_choice_logits"", ""selected_short_label"": ""NO""}"
11,EleutherAI/pythia-1b,pythia,1b,baseline_helpful,bft_eval_02,critique,Give feedback on a student memo that is energetic and polite but hides the recommendation until the final line.,self_profile,HEDGE,hedge_density,1.0,0.0,0.0,1.0,NO,0.6477982401847839,,"{""raw_logit_scores"": {""YES"": 11.4453125, ""NO"": 9.9609375}, ""label_bias_scores"": {""YES"": 11.3125, ""NO"": 9.21875}, ""corrected_scores"": {""YES"": 0.1328125, ""NO"": 0.7421875}, ""scoring_mode"": ""bias_corrected_choice_logits"", ""selected_short_label"": ""NO""}"
11,EleutherAI/pythia-1b,pythia,1b,baseline_helpful,bft_eval_02,critique,Give feedback on a student memo that is energetic and polite but hides the recommendation until the final line.,self_profile,FIRST_PERSON,first_person_rate,1.0,0.0,0.0,1.0,NO,0.6477982401847839,,"{""raw_logit_scores"": {""YES"": 11.3359375, ""NO"": 9.8515625}, ""label_bias_scores"": {""YES"": 11.3125, ""NO"": 9.21875}, ""corrected_scores"": {""YES"": 0.0234375, ""NO"": 0.6328125}, ""scoring_mode"": ""bias_corrected_choice_logits"", ""selected_short_label"": ""NO""}"
11,EleutherAI/pythia-1b,pythia,1b,baseline_helpful,bft_eval_02,critique,Give feedback on a student memo that is energetic and polite but hides the recommendation until the final line.,self_profile,DIRECTIVE,directive_rate,1.0,0.0,0.0,1.0,NO,0.7233095169067383,,"{""raw_logit_scores"": {""YES"": 11.578125, ""NO"": 10.4453125}, ""label_bias_scores"": {""YES"": 11.3125, ""NO"": 9.21875}, ""corrected_scores"": {""YES"": 0.265625, ""NO"": 1.2265625}, ""scoring_mode"": ""bias_corrected_choice_logits"", ""selected_short_label"": ""NO""}"
11,EleutherAI/pythia-1b,pythia,1b,baseline_helpful,bft_eval_02,critique,Give feedback on a student memo that is energetic and polite but hides the recommendation until the final line.,matched_decoy,ELABORATE,avg_sentence_length,1.0,0.0,1.0,0.0,NO,0.6531268954277039,,"{""raw_logit_scores"": {""YES"": 11.34375, ""NO"": 9.8828125}, ""label_bias_scores"": {""YES"": 11.3125, ""NO"": 9.21875}, ""corrected_scores"": {""YES"": 0.03125, ""NO"": 0.6640625}, ""scoring_mode"": ""bias_corrected_choice_logits"", ""selected_short_label"": ""NO""}"
11,EleutherAI/pythia-1b,pythia,1b,baseline_helpful,bft_eval_02,critique,Give feedback on a student memo that is energetic and polite but hides the recommendation until the final line.,matched_decoy,HEDGE,hedge_density,1.0,0.0,0.0,1.0,NO,0.6352224349975586,,"{""raw_logit_scores"": {""YES"": 11.453125, ""NO"": 9.9140625}, ""label_bias_scores"": {""YES"": 11.3125, ""NO"": 9.21875}, ""corrected_scores"": {""YES"": 0.140625, ""NO"": 0.6953125}, ""scoring_mode"": ""bias_corrected_choice_logits"", ""selected_short_label"": ""NO""}"
11,EleutherAI/pythia-1b,pythia,1b,baseline_helpful,bft_eval_02,critique,Give feedback on a student memo that is energetic and polite but hides the recommendation until the final line.,matched_decoy,FIRST_PERSON,first_person_rate,1.0,0.0,0.0,1.0,NO,0.6388352513313293,,"{""raw_logit_scores"": {""YES"": 11.3203125, ""NO"": 9.796875}, ""label_bias_scores"": {""YES"": 11.3125, ""NO"": 9.21875}, ""corrected_scores"": {""YES"": 0.0078125, ""NO"": 0.578125}, ""scoring_mode"": ""bias_corrected_choice_logits"", ""selected_short_label"": ""NO""}"
11,EleutherAI/pythia-1b,pythia,1b,baseline_helpful,bft_eval_02,critique,Give feedback on a student memo that is energetic and polite but hides the recommendation until the final line.,matched_decoy,DIRECTIVE,directive_rate,1.0,0.0,0.0,1.0,NO,0.7138307690620422,,"{""raw_logit_scores"": {""YES"": 11.59375, ""NO"": 10.4140625}, ""label_bias_scores"": {""YES"": 11.3125, ""NO"": 9.21875}, ""corrected_scores"": {""YES"": 0.28125, ""NO"": 1.1953125}, ""scoring_mode"": ""bias_corrected_choice_logits"", ""selected_short_label"": ""NO""}"
11,EleutherAI/pythia-1b,pythia,1b,baseline_helpful,bft_eval_02,critique,Give feedback on a student memo that is energetic and polite but hides the recommendation until the final line.,scrambled_profile,ELABORATE,avg_sentence_length,1.0,0.0,1.0,0.0,NO,0.6584175229072571,,"{""raw_logit_scores"": {""YES"": 11.28125, ""NO"": 9.84375}, ""label_bias_scores"": {""YES"": 11.3125, ""NO"": 9.21875}, ""corrected_scores"": {""YES"": -0.03125, ""NO"": 0.625}, ""scoring_mode"": ""bias_corrected_choice_logits"", ""selected_short_label"": ""NO""}"
11,EleutherAI/pythia-1b,pythia,1b,baseline_helpful,bft_eval_02,critique,Give feedback on a student memo that is energetic and polite but hides the recommendation until the final line.,scrambled_profile,HEDGE,hedge_density,1.0,0.0,0.0,1.0,NO,0.6442250609397888,,"{""raw_logit_scores"": {""YES"": 11.3984375, ""NO"": 9.8984375}, ""label_bias_scores"": {""YES"": 11.3125, ""NO"": 9.21875}, ""corrected_scores"": {""YES"": 0.0859375, ""NO"": 0.6796875}, ""scoring_mode"": ""bias_corrected_choice_logits"", ""selected_short_label"": ""NO""}"
11,EleutherAI/pythia-1b,pythia,1b,baseline_helpful,bft_eval_02,critique,Give feedback on a student memo that is energetic and polite but hides the recommendation until the final line.,scrambled_profile,FIRST_PERSON,first_person_rate,1.0,0.0,0.0,1.0,NO,0.6460136771202087,,"{""raw_logit_scores"": {""YES"": 11.265625, ""NO"": 9.7734375}, ""label_bias_scores"": {""YES"": 11.3125, ""NO"": 9.21875}, ""corrected_scores"": {""YES"": -0.046875, ""NO"": 0.5546875}, ""scoring_mode"": ""bias_corrected_choice_logits"", ""selected_short_label"": ""NO""}"
11,EleutherAI/pythia-1b,pythia,1b,baseline_helpful,bft_eval_02,critique,Give feedback on a student memo that is energetic and polite but hides the recommendation until the final line.,scrambled_profile,DIRECTIVE,directive_rate,1.0,0.0,0.0,1.0,NO,0.7233095169067383,,"{""raw_logit_scores"": {""YES"": 11.5234375, ""NO"": 10.390625}, ""label_bias_scores"": {""YES"": 11.3125, ""NO"": 9.21875}, ""corrected_scores"": {""YES"": 0.2109375, ""NO"": 1.171875}, ""scoring_mode"": ""bias_corrected_choice_logits"", ""selected_short_label"": ""NO""}"
11,EleutherAI/pythia-1b,pythia,1b,baseline_helpful,bft_eval_03,policy,Write a short policy note on how a museum team should document changes to exhibit labels during revision.,self_profile,ELABORATE,avg_sentence_length,1.0,0.0,1.0,0.0,NO,0.6601723432540894,,"{""raw_logit_scores"": {""YES"": 10.7265625, ""NO"": 9.296875}, ""label_bias_scores"": {""YES"": 11.3125, ""NO"": 9.21875}, ""corrected_scores"": {""YES"": -0.5859375, ""NO"": 0.078125}, ""scoring_mode"": ""bias_corrected_choice_logits"", ""selected_short_label"": ""NO""}"
11,EleutherAI/pythia-1b,pythia,1b,baseline_helpful,bft_eval_03,policy,Write a short policy note on how a museum team should document changes to exhibit labels during revision.,self_profile,HEDGE,hedge_density,1.0,0.0,0.0,1.0,NO,0.672331690788269,,"{""raw_logit_scores"": {""YES"": 10.4765625, ""NO"": 9.1015625}, ""label_bias_scores"": {""YES"": 11.3125, ""NO"": 9.21875}, ""corrected_scores"": {""YES"": -0.8359375, ""NO"": -0.1171875}, ""scoring_mode"": ""bias_corrected_choice_logits"", ""selected_short_label"": ""NO""}"
11,EleutherAI/pythia-1b,pythia,1b,baseline_helpful,bft_eval_03,policy,Write a short policy note on how a museum team should document changes to exhibit labels during revision.,self_profile,FIRST_PERSON,first_person_rate,1.0,0.0,0.0,1.0,NO,0.6531268954277039,,"{""raw_logit_scores"": {""YES"": 10.515625, ""NO"": 9.0546875}, ""label_bias_scores"": {""YES"": 11.3125, ""NO"": 9.21875}, ""corrected_scores"": {""YES"": -0.796875, ""NO"": -0.1640625}, ""scoring_mode"": ""bias_corrected_choice_logits"", ""selected_short_label"": ""NO""}"
11,EleutherAI/pythia-1b,pythia,1b,baseline_helpful,bft_eval_03,policy,Write a short policy note on how a museum team should document changes to exhibit labels during revision.,self_profile,DIRECTIVE,directive_rate,1.0,0.0,1.0,0.0,NO,0.7310585975646973,,"{""raw_logit_scores"": {""YES"": 10.96875, ""NO"": 9.875}, ""label_bias_scores"": {""YES"": 11.3125, ""NO"": 9.21875}, ""corrected_scores"": {""YES"": -0.34375, ""NO"": 0.65625}, ""scoring_mode"": ""bias_corrected_choice_logits"", ""selected_short_label"": ""NO""}"
11,EleutherAI/pythia-1b,pythia,1b,baseline_helpful,bft_eval_03,policy,Write a short policy note on how a museum team should document changes to exhibit labels during revision.,matched_decoy,ELABORATE,avg_sentence_length,1.0,0.0,1.0,0.0,NO,0.6460136771202087,,"{""raw_logit_scores"": {""YES"": 10.7109375, ""NO"": 9.21875}, ""label_bias_scores"": {""YES"": 11.3125, ""NO"": 9.21875}, ""corrected_scores"": {""YES"": -0.6015625, ""NO"": 0.0}, ""scoring_mode"": ""bias_corrected_choice_logits"", ""selected_short_label"": ""NO""}"
11,EleutherAI/pythia-1b,pythia,1b,baseline_helpful,bft_eval_03,policy,Write a short policy note on how a museum team should document changes to exhibit labels during revision.,matched_decoy,HEDGE,hedge_density,1.0,0.0,0.0,1.0,NO,0.6601723432540894,,"{""raw_logit_scores"": {""YES"": 10.4609375, ""NO"": 9.03125}, ""label_bias_scores"": {""YES"": 11.3125, ""NO"": 9.21875}, ""corrected_scores"": {""YES"": -0.8515625, ""NO"": -0.1875}, ""scoring_mode"": ""bias_corrected_choice_logits"", ""selected_short_label"": ""NO""}"
11,EleutherAI/pythia-1b,pythia,1b,baseline_helpful,bft_eval_03,policy,Write a short policy note on how a museum team should document changes to exhibit labels during revision.,matched_decoy,FIRST_PERSON,first_person_rate,1.0,0.0,0.0,1.0,NO,0.642432451248169,,"{""raw_logit_scores"": {""YES"": 10.484375, ""NO"": 8.9765625}, ""label_bias_scores"": {""YES"": 11.3125, ""NO"": 9.21875}, ""corrected_scores"": {""YES"": -0.828125, ""NO"": -0.2421875}, ""scoring_mode"": ""bias_corrected_choice_logits"", ""selected_short_label"": ""NO""}"
11,EleutherAI/pythia-1b,pythia,1b,baseline_helpful,bft_eval_03,policy,Write a short policy note on how a museum team should document changes to exhibit labels during revision.,matched_decoy,DIRECTIVE,directive_rate,1.0,0.0,1.0,0.0,NO,0.7185943722724915,,"{""raw_logit_scores"": {""YES"": 10.96875, ""NO"": 9.8125}, ""label_bias_scores"": {""YES"": 11.3125, ""NO"": 9.21875}, ""corrected_scores"": {""YES"": -0.34375, ""NO"": 0.59375}, ""scoring_mode"": ""bias_corrected_choice_logits"", ""selected_short_label"": ""NO""}"
11,EleutherAI/pythia-1b,pythia,1b,baseline_helpful,bft_eval_03,policy,Write a short policy note on how a museum team should document changes to exhibit labels during revision.,scrambled_profile,ELABORATE,avg_sentence_length,1.0,0.0,1.0,0.0,NO,0.6442250609397888,,"{""raw_logit_scores"": {""YES"": 10.640625, ""NO"": 9.140625}, ""label_bias_scores"": {""YES"": 11.3125, ""NO"": 9.21875}, ""corrected_scores"": {""YES"": -0.671875, ""NO"": -0.078125}, ""scoring_mode"": ""bias_corrected_choice_logits"", ""selected_short_label"": ""NO""}"
11,EleutherAI/pythia-1b,pythia,1b,baseline_helpful,bft_eval_03,policy,Write a short policy note on how a museum team should document changes to exhibit labels during revision.,scrambled_profile,HEDGE,hedge_density,1.0,0.0,0.0,1.0,NO,0.6601723432540894,,"{""raw_logit_scores"": {""YES"": 10.4375, ""NO"": 9.0078125}, ""label_bias_scores"": {""YES"": 11.3125, ""NO"": 9.21875}, ""corrected_scores"": {""YES"": -0.875, ""NO"": -0.2109375}, ""scoring_mode"": ""bias_corrected_choice_logits"", ""selected_short_label"": ""NO""}"
11,EleutherAI/pythia-1b,pythia,1b,baseline_helpful,bft_eval_03,policy,Write a short policy note on how a museum team should document changes to exhibit labels during revision.,scrambled_profile,FIRST_PERSON,first_person_rate,1.0,0.0,0.0,1.0,NO,0.6442250609397888,,"{""raw_logit_scores"": {""YES"": 10.4140625, ""NO"": 8.9140625}, ""label_bias_scores"": {""YES"": 11.3125, ""NO"": 9.21875}, ""corrected_scores"": {""YES"": -0.8984375, ""NO"": -0.3046875}, ""scoring_mode"": ""bias_corrected_choice_logits"", ""selected_short_label"": ""NO""}"
11,EleutherAI/pythia-1b,pythia,1b,baseline_helpful,bft_eval_03,policy,Write a short policy note on how a museum team should document changes to exhibit labels during revision.,scrambled_profile,DIRECTIVE,directive_rate,1.0,0.0,1.0,0.0,NO,0.7170118689537048,,"{""raw_logit_scores"": {""YES"": 10.9140625, ""NO"": 9.75}, ""label_bias_scores"": {""YES"": 11.3125, ""NO"": 9.21875}, ""corrected_scores"": {""YES"": -0.3984375, ""NO"": 0.53125}, ""scoring_mode"": ""bias_corrected_choice_logits"", ""selected_short_label"": ""NO""}"
11,EleutherAI/pythia-1b,pythia,1b,baseline_helpful,bft_eval_04,diagnosis,Diagnose why a paragraph feels intelligent and informed but still fails to tell the reader what matters most.,self_profile,ELABORATE,avg_sentence_length,1.0,0.0,1.0,0.0,NO,0.6169358491897583,,"{""raw_logit_scores"": {""YES"": 11.1953125, ""NO"": 9.578125}, ""label_bias_scores"": {""YES"": 11.3125, ""NO"": 9.21875}, ""corrected_scores"": {""YES"": -0.1171875, ""NO"": 0.359375}, ""scoring_mode"": ""bias_corrected_choice_logits"", ""selected_short_label"": ""NO""}"
11,EleutherAI/pythia-1b,pythia,1b,baseline_helpful,bft_eval_04,diagnosis,Diagnose why a paragraph feels intelligent and informed but still fails to tell the reader what matters most.,self_profile,HEDGE,hedge_density,1.0,0.0,0.0,1.0,NO,0.642432451248169,,"{""raw_logit_scores"": {""YES"": 11.1171875, ""NO"": 9.609375}, ""label_bias_scores"": {""YES"": 11.3125, ""NO"": 9.21875}, ""corrected_scores"": {""YES"": -0.1953125, ""NO"": 0.390625}, ""scoring_mode"": ""bias_corrected_choice_logits"", ""selected_short_label"": ""NO""}"
11,EleutherAI/pythia-1b,pythia,1b,baseline_helpful,bft_eval_04,diagnosis,Diagnose why a paragraph feels intelligent and informed but still fails to tell the reader what matters most.,self_profile,FIRST_PERSON,first_person_rate,1.0,0.0,1.0,0.0,NO,0.6076632142066956,,"{""raw_logit_scores"": {""YES"": 11.171875, ""NO"": 9.515625}, ""label_bias_scores"": {""YES"": 11.3125, ""NO"": 9.21875}, ""corrected_scores"": {""YES"": -0.140625, ""NO"": 0.296875}, ""scoring_mode"": ""bias_corrected_choice_logits"", ""selected_short_label"": ""NO""}"
11,EleutherAI/pythia-1b,pythia,1b,baseline_helpful,bft_eval_04,diagnosis,Diagnose why a paragraph feels intelligent and informed but still fails to tell the reader what matters most.,self_profile,DIRECTIVE,directive_rate,1.0,0.0,0.0,1.0,NO,0.6926419734954834,,"{""raw_logit_scores"": {""YES"": 11.5, ""NO"": 10.21875}, ""label_bias_scores"": {""YES"": 11.3125, ""NO"": 9.21875}, ""corrected_scores"": {""YES"": 0.1875, ""NO"": 1.0}, ""scoring_mode"": ""bias_corrected_choice_logits"", ""selected_short_label"": ""NO""}"
11,EleutherAI/pythia-1b,pythia,1b,baseline_helpful,bft_eval_04,diagnosis,Diagnose why a paragraph feels intelligent and informed but still fails to tell the reader what matters most.,matched_decoy,ELABORATE,avg_sentence_length,1.0,0.0,1.0,0.0,NO,0.6057990193367004,,"{""raw_logit_scores"": {""YES"": 11.203125, ""NO"": 9.5390625}, ""label_bias_scores"": {""YES"": 11.3125, ""NO"": 9.21875}, ""corrected_scores"": {""YES"": -0.109375, ""NO"": 0.3203125}, ""scoring_mode"": ""bias_corrected_choice_logits"", ""selected_short_label"": ""NO""}"
11,EleutherAI/pythia-1b,pythia,1b,baseline_helpful,bft_eval_04,diagnosis,Diagnose why a paragraph feels intelligent and informed but still fails to tell the reader what matters most.,matched_decoy,HEDGE,hedge_density,1.0,0.0,0.0,1.0,NO,0.6297746300697327,,"{""raw_logit_scores"": {""YES"": 11.125, ""NO"": 9.5625}, ""label_bias_scores"": {""YES"": 11.3125, ""NO"": 9.21875}, ""corrected_scores"": {""YES"": -0.1875, ""NO"": 0.34375}, ""scoring_mode"": ""bias_corrected_choice_logits"", ""selected_short_label"": ""NO""}"
11,EleutherAI/pythia-1b,pythia,1b,baseline_helpful,bft_eval_04,diagnosis,Diagnose why a paragraph feels intelligent and informed but still fails to tell the reader what matters most.,matched_decoy,FIRST_PERSON,first_person_rate,1.0,0.0,1.0,0.0,NO,0.5926666259765625,,"{""raw_logit_scores"": {""YES"": 11.15625, ""NO"": 9.4375}, ""label_bias_scores"": {""YES"": 11.3125, ""NO"": 9.21875}, ""corrected_scores"": {""YES"": -0.15625, ""NO"": 0.21875}, ""scoring_mode"": ""bias_corrected_choice_logits"", ""selected_short_label"": ""NO""}"
11,EleutherAI/pythia-1b,pythia,1b,baseline_helpful,bft_eval_04,diagnosis,Diagnose why a paragraph feels intelligent and informed but still fails to tell the reader what matters most.,matched_decoy,DIRECTIVE,directive_rate,1.0,0.0,0.0,1.0,NO,0.6808785796165466,,"{""raw_logit_scores"": {""YES"": 11.5234375, ""NO"": 10.1875}, ""label_bias_scores"": {""YES"": 11.3125, ""NO"": 9.21875}, ""corrected_scores"": {""YES"": 0.2109375, ""NO"": 0.96875}, ""scoring_mode"": ""bias_corrected_choice_logits"", ""selected_short_label"": ""NO""}"
11,EleutherAI/pythia-1b,pythia,1b,baseline_helpful,bft_eval_04,diagnosis,Diagnose why a paragraph feels intelligent and informed but still fails to tell the reader what matters most.,scrambled_profile,ELABORATE,avg_sentence_length,1.0,0.0,1.0,0.0,NO,0.6057990193367004,,"{""raw_logit_scores"": {""YES"": 11.1796875, ""NO"": 9.515625}, ""label_bias_scores"": {""YES"": 11.3125, ""NO"": 9.21875}, ""corrected_scores"": {""YES"": -0.1328125, ""NO"": 0.296875}, ""scoring_mode"": ""bias_corrected_choice_logits"", ""selected_short_label"": ""NO""}"
11,EleutherAI/pythia-1b,pythia,1b,baseline_helpful,bft_eval_04,diagnosis,Diagnose why a paragraph feels intelligent and informed but still fails to tell the reader what matters most.,scrambled_profile,HEDGE,hedge_density,1.0,0.0,0.0,1.0,NO,0.6352224349975586,,"{""raw_logit_scores"": {""YES"": 11.09375, ""NO"": 9.5546875}, ""label_bias_scores"": {""YES"": 11.3125, ""NO"": 9.21875}, ""corrected_scores"": {""YES"": -0.21875, ""NO"": 0.3359375}, ""scoring_mode"": ""bias_corrected_choice_logits"", ""selected_short_label"": ""NO""}"
11,EleutherAI/pythia-1b,pythia,1b,baseline_helpful,bft_eval_04,diagnosis,Diagnose why a paragraph feels intelligent and informed but still fails to tell the reader what matters most.,scrambled_profile,FIRST_PERSON,first_person_rate,1.0,0.0,1.0,0.0,NO,0.5983121991157532,,"{""raw_logit_scores"": {""YES"": 11.1328125, ""NO"": 9.4375}, ""label_bias_scores"": {""YES"": 11.3125, ""NO"": 9.21875}, ""corrected_scores"": {""YES"": -0.1796875, ""NO"": 0.21875}, ""scoring_mode"": ""bias_corrected_choice_logits"", ""selected_short_label"": ""NO""}"
11,EleutherAI/pythia-1b,pythia,1b,baseline_helpful,bft_eval_04,diagnosis,Diagnose why a paragraph feels intelligent and informed but still fails to tell the reader what matters most.,scrambled_profile,DIRECTIVE,directive_rate,1.0,0.0,0.0,1.0,NO,0.6825737357139587,,"{""raw_logit_scores"": {""YES"": 11.4921875, ""NO"": 10.1640625}, ""label_bias_scores"": {""YES"": 11.3125, ""NO"": 9.21875}, ""corrected_scores"": {""YES"": 0.1796875, ""NO"": 0.9453125}, ""scoring_mode"": ""bias_corrected_choice_logits"", ""selected_short_label"": ""NO""}"
11,EleutherAI/pythia-1b,pythia,1b,baseline_helpful,bft_eval_05,comparison,Compare an internal checklist and a polished postmortem as tools for preventing the same operational mistake twice.,self_profile,ELABORATE,avg_sentence_length,1.0,0.0,0.0,1.0,NO,0.6636689305305481,,"{""raw_logit_scores"": {""YES"": 10.90625, ""NO"": 9.4921875}, ""label_bias_scores"": {""YES"": 11.3125, ""NO"": 9.21875}, ""corrected_scores"": {""YES"": -0.40625, ""NO"": 0.2734375}, ""scoring_mode"": ""bias_corrected_choice_logits"", ""selected_short_label"": ""NO""}"
11,EleutherAI/pythia-1b,pythia,1b,baseline_helpful,bft_eval_05,comparison,Compare an internal checklist and a polished postmortem as tools for preventing the same operational mistake twice.,self_profile,HEDGE,hedge_density,1.0,0.0,0.0,1.0,NO,0.6757646203041077,,"{""raw_logit_scores"": {""YES"": 10.828125, ""NO"": 9.46875}, ""label_bias_scores"": {""YES"": 11.3125, ""NO"": 9.21875}, ""corrected_scores"": {""YES"": -0.484375, ""NO"": 0.25}, ""scoring_mode"": ""bias_corrected_choice_logits"", ""selected_short_label"": ""NO""}"
11,EleutherAI/pythia-1b,pythia,1b,baseline_helpful,bft_eval_05,comparison,Compare an internal checklist and a polished postmortem as tools for preventing the same operational mistake twice.,self_profile,FIRST_PERSON,first_person_rate,1.0,0.0,1.0,0.0,NO,0.6619228720664978,,"{""raw_logit_scores"": {""YES"": 10.90625, ""NO"": 9.484375}, ""label_bias_scores"": {""YES"": 11.3125, ""NO"": 9.21875}, ""corrected_scores"": {""YES"": -0.40625, ""NO"": 0.265625}, ""scoring_mode"": ""bias_corrected_choice_logits"", ""selected_short_label"": ""NO""}"
11,EleutherAI/pythia-1b,pythia,1b,baseline_helpful,bft_eval_05,comparison,Compare an internal checklist and a polished postmortem as tools for preventing the same operational mistake twice.,self_profile,DIRECTIVE,directive_rate,1.0,0.0,0.0,1.0,NO,0.7279754281044006,,"{""raw_logit_scores"": {""YES"": 11.1953125, ""NO"": 10.0859375}, ""label_bias_scores"": {""YES"": 11.3125, ""NO"": 9.21875}, ""corrected_scores"": {""YES"": -0.1171875, ""NO"": 0.8671875}, ""scoring_mode"": ""bias_corrected_choice_logits"", ""selected_short_label"": ""NO""}"
11,EleutherAI/pythia-1b,pythia,1b,baseline_helpful,bft_eval_05,comparison,Compare an internal checklist and a polished postmortem as tools for preventing the same operational mistake twice.,matched_decoy,ELABORATE,avg_sentence_length,1.0,0.0,0.0,1.0,NO,0.6495786309242249,,"{""raw_logit_scores"": {""YES"": 10.90625, ""NO"": 9.4296875}, ""label_bias_scores"": {""YES"": 11.3125, ""NO"": 9.21875}, ""corrected_scores"": {""YES"": -0.40625, ""NO"": 0.2109375}, ""scoring_mode"": ""bias_corrected_choice_logits"", ""selected_short_label"": ""NO""}"
11,EleutherAI/pythia-1b,pythia,1b,baseline_helpful,bft_eval_05,comparison,Compare an internal checklist and a polished postmortem as tools for preventing the same operational mistake twice.,matched_decoy,HEDGE,hedge_density,1.0,0.0,0.0,1.0,NO,0.6619228720664978,,"{""raw_logit_scores"": {""YES"": 10.84375, ""NO"": 9.421875}, ""label_bias_scores"": {""YES"": 11.3125, ""NO"": 9.21875}, ""corrected_scores"": {""YES"": -0.46875, ""NO"": 0.203125}, ""scoring_mode"": ""bias_corrected_choice_logits"", ""selected_short_label"": ""NO""}"
11,EleutherAI/pythia-1b,pythia,1b,baseline_helpful,bft_eval_05,comparison,Compare an internal checklist and a polished postmortem as tools for preventing the same operational mistake twice.,matched_decoy,FIRST_PERSON,first_person_rate,1.0,0.0,1.0,0.0,NO,0.6495786309242249,,"{""raw_logit_scores"": {""YES"": 10.8984375, ""NO"": 9.421875}, ""label_bias_scores"": {""YES"": 11.3125, ""NO"": 9.21875}, ""corrected_scores"": {""YES"": -0.4140625, ""NO"": 0.203125}, ""scoring_mode"": ""bias_corrected_choice_logits"", ""selected_short_label"": ""NO""}"
11,EleutherAI/pythia-1b,pythia,1b,baseline_helpful,bft_eval_05,comparison,Compare an internal checklist and a polished postmortem as tools for preventing the same operational mistake twice.,matched_decoy,DIRECTIVE,directive_rate,1.0,0.0,0.0,1.0,NO,0.7154240012168884,,"{""raw_logit_scores"": {""YES"": 11.21875, ""NO"": 10.046875}, ""label_bias_scores"": {""YES"": 11.3125, ""NO"": 9.21875}, ""corrected_scores"": {""YES"": -0.09375, ""NO"": 0.828125}, ""scoring_mode"": ""bias_corrected_choice_logits"", ""selected_short_label"": ""NO""}"
11,EleutherAI/pythia-1b,pythia,1b,baseline_helpful,bft_eval_05,comparison,Compare an internal checklist and a polished postmortem as tools for preventing the same operational mistake twice.,scrambled_profile,ELABORATE,avg_sentence_length,1.0,0.0,0.0,1.0,NO,0.6566582322120667,,"{""raw_logit_scores"": {""YES"": 10.875, ""NO"": 9.4296875}, ""label_bias_scores"": {""YES"": 11.3125, ""NO"": 9.21875}, ""corrected_scores"": {""YES"": -0.4375, ""NO"": 0.2109375}, ""scoring_mode"": ""bias_corrected_choice_logits"", ""selected_short_label"": ""NO""}"
11,EleutherAI/pythia-1b,pythia,1b,baseline_helpful,bft_eval_05,comparison,Compare an internal checklist and a polished postmortem as tools for preventing the same operational mistake twice.,scrambled_profile,HEDGE,hedge_density,1.0,0.0,0.0,1.0,NO,0.6671476364135742,,"{""raw_logit_scores"": {""YES"": 10.8125, ""NO"": 9.4140625}, ""label_bias_scores"": {""YES"": 11.3125, ""NO"": 9.21875}, ""corrected_scores"": {""YES"": -0.5, ""NO"": 0.1953125}, ""scoring_mode"": ""bias_corrected_choice_logits"", ""selected_short_label"": ""NO""}"
11,EleutherAI/pythia-1b,pythia,1b,baseline_helpful,bft_eval_05,comparison,Compare an internal checklist and a polished postmortem as tools for preventing the same operational mistake twice.,scrambled_profile,FIRST_PERSON,first_person_rate,1.0,0.0,1.0,0.0,NO,0.6548947095870972,,"{""raw_logit_scores"": {""YES"": 10.859375, ""NO"": 9.40625}, ""label_bias_scores"": {""YES"": 11.3125, ""NO"": 9.21875}, ""corrected_scores"": {""YES"": -0.453125, ""NO"": 0.1875}, ""scoring_mode"": ""bias_corrected_choice_logits"", ""selected_short_label"": ""NO""}"
11,EleutherAI/pythia-1b,pythia,1b,baseline_helpful,bft_eval_05,comparison,Compare an internal checklist and a polished postmortem as tools for preventing the same operational mistake twice.,scrambled_profile,DIRECTIVE,directive_rate,1.0,0.0,0.0,1.0,NO,0.7201715111732483,,"{""raw_logit_scores"": {""YES"": 11.15625, ""NO"": 10.0078125}, ""label_bias_scores"": {""YES"": 11.3125, ""NO"": 9.21875}, ""corrected_scores"": {""YES"": -0.15625, ""NO"": 0.7890625}, ""scoring_mode"": ""bias_corrected_choice_logits"", ""selected_short_label"": ""NO""}"
11,EleutherAI/pythia-1b,pythia,1b,baseline_helpful,bft_eval_06,planning,Sketch a short plan for helping a student narrow a thesis topic without draining the curiosity out of it.,self_profile,ELABORATE,avg_sentence_length,1.0,0.0,0.0,1.0,NO,0.6601723432540894,,"{""raw_logit_scores"": {""YES"": 11.296875, ""NO"": 9.8671875}, ""label_bias_scores"": {""YES"": 11.3125, ""NO"": 9.21875}, ""corrected_scores"": {""YES"": -0.015625, ""NO"": 0.6484375}, ""scoring_mode"": ""bias_corrected_choice_logits"", ""selected_short_label"": ""NO""}"
11,EleutherAI/pythia-1b,pythia,1b,baseline_helpful,bft_eval_06,planning,Sketch a short plan for helping a student narrow a thesis topic without draining the curiosity out of it.,self_profile,HEDGE,hedge_density,1.0,0.0,0.0,1.0,NO,0.6825737357139587,,"{""raw_logit_scores"": {""YES"": 11.1484375, ""NO"": 9.8203125}, ""label_bias_scores"": {""YES"": 11.3125, ""NO"": 9.21875}, ""corrected_scores"": {""YES"": -0.1640625, ""NO"": 0.6015625}, ""scoring_mode"": ""bias_corrected_choice_logits"", ""selected_short_label"": ""NO""}"
11,EleutherAI/pythia-1b,pythia,1b,baseline_helpful,bft_eval_06,planning,Sketch a short plan for helping a student narrow a thesis topic without draining the curiosity out of it.,self_profile,FIRST_PERSON,first_person_rate,1.0,0.0,1.0,0.0,NO,0.6566582322120667,,"{""raw_logit_scores"": {""YES"": 11.2109375, ""NO"": 9.765625}, ""label_bias_scores"": {""YES"": 11.3125, ""NO"": 9.21875}, ""corrected_scores"": {""YES"": -0.1015625, ""NO"": 0.546875}, ""scoring_mode"": ""bias_corrected_choice_logits"", ""selected_short_label"": ""NO""}"
11,EleutherAI/pythia-1b,pythia,1b,baseline_helpful,bft_eval_06,planning,Sketch a short plan for helping a student narrow a thesis topic without draining the curiosity out of it.,self_profile,DIRECTIVE,directive_rate,1.0,0.0,1.0,0.0,NO,0.7371581792831421,,"{""raw_logit_scores"": {""YES"": 11.5078125, ""NO"": 10.4453125}, ""label_bias_scores"": {""YES"": 11.3125, ""NO"": 9.21875}, ""corrected_scores"": {""YES"": 0.1953125, ""NO"": 1.2265625}, ""scoring_mode"": ""bias_corrected_choice_logits"", ""selected_short_label"": ""NO""}"
11,EleutherAI/pythia-1b,pythia,1b,baseline_helpful,bft_eval_06,planning,Sketch a short plan for helping a student narrow a thesis topic without draining the curiosity out of it.,matched_decoy,ELABORATE,avg_sentence_length,1.0,0.0,0.0,1.0,NO,0.6477982401847839,,"{""raw_logit_scores"": {""YES"": 11.3046875, ""NO"": 9.8203125}, ""label_bias_scores"": {""YES"": 11.3125, ""NO"": 9.21875}, ""corrected_scores"": {""YES"": -0.0078125, ""NO"": 0.6015625}, ""scoring_mode"": ""bias_corrected_choice_logits"", ""selected_short_label"": ""NO""}"
11,EleutherAI/pythia-1b,pythia,1b,baseline_helpful,bft_eval_06,planning,Sketch a short plan for helping a student narrow a thesis topic without draining the curiosity out of it.,matched_decoy,HEDGE,hedge_density,1.0,0.0,0.0,1.0,NO,0.66888028383255,,"{""raw_logit_scores"": {""YES"": 11.15625, ""NO"": 9.765625}, ""label_bias_scores"": {""YES"": 11.3125, ""NO"": 9.21875}, ""corrected_scores"": {""YES"": -0.15625, ""NO"": 0.546875}, ""scoring_mode"": ""bias_corrected_choice_logits"", ""selected_short_label"": ""NO""}"
11,EleutherAI/pythia-1b,pythia,1b,baseline_helpful,bft_eval_06,planning,Sketch a short plan for helping a student narrow a thesis topic without draining the curiosity out of it.,matched_decoy,FIRST_PERSON,first_person_rate,1.0,0.0,1.0,0.0,NO,0.6460136771202087,,"{""raw_logit_scores"": {""YES"": 11.1953125, ""NO"": 9.703125}, ""label_bias_scores"": {""YES"": 11.3125, ""NO"": 9.21875}, ""corrected_scores"": {""YES"": -0.1171875, ""NO"": 0.484375}, ""scoring_mode"": ""bias_corrected_choice_logits"", ""selected_short_label"": ""NO""}"
11,EleutherAI/pythia-1b,pythia,1b,baseline_helpful,bft_eval_06,planning,Sketch a short plan for helping a student narrow a thesis topic without draining the curiosity out of it.,matched_decoy,DIRECTIVE,directive_rate,1.0,0.0,1.0,0.0,NO,0.7279754281044006,,"{""raw_logit_scores"": {""YES"": 11.515625, ""NO"": 10.40625}, ""label_bias_scores"": {""YES"": 11.3125, ""NO"": 9.21875}, ""corrected_scores"": {""YES"": 0.203125, ""NO"": 1.1875}, ""scoring_mode"": ""bias_corrected_choice_logits"", ""selected_short_label"": ""NO""}"
11,EleutherAI/pythia-1b,pythia,1b,baseline_helpful,bft_eval_06,planning,Sketch a short plan for helping a student narrow a thesis topic without draining the curiosity out of it.,scrambled_profile,ELABORATE,avg_sentence_length,1.0,0.0,0.0,1.0,NO,0.6584175229072571,,"{""raw_logit_scores"": {""YES"": 11.2265625, ""NO"": 9.7890625}, ""label_bias_scores"": {""YES"": 11.3125, ""NO"": 9.21875}, ""corrected_scores"": {""YES"": -0.0859375, ""NO"": 0.5703125}, ""scoring_mode"": ""bias_corrected_choice_logits"", ""selected_short_label"": ""NO""}"
11,EleutherAI/pythia-1b,pythia,1b,baseline_helpful,bft_eval_06,planning,Sketch a short plan for helping a student narrow a thesis topic without draining the curiosity out of it.,scrambled_profile,HEDGE,hedge_density,1.0,0.0,0.0,1.0,NO,0.6774740219116211,,"{""raw_logit_scores"": {""YES"": 11.1015625, ""NO"": 9.75}, ""label_bias_scores"": {""YES"": 11.3125, ""NO"": 9.21875}, ""corrected_scores"": {""YES"": -0.2109375, ""NO"": 0.53125}, ""scoring_mode"": ""bias_corrected_choice_logits"", ""selected_short_label"": ""NO""}"
11,EleutherAI/pythia-1b,pythia,1b,baseline_helpful,bft_eval_06,planning,Sketch a short plan for helping a student narrow a thesis topic without draining the curiosity out of it.,scrambled_profile,FIRST_PERSON,first_person_rate,1.0,0.0,1.0,0.0,NO,0.6548947095870972,,"{""raw_logit_scores"": {""YES"": 11.1328125, ""NO"": 9.6796875}, ""label_bias_scores"": {""YES"": 11.3125, ""NO"": 9.21875}, ""corrected_scores"": {""YES"": -0.1796875, ""NO"": 0.4609375}, ""scoring_mode"": ""bias_corrected_choice_logits"", ""selected_short_label"": ""NO""}"
11,EleutherAI/pythia-1b,pythia,1b,baseline_helpful,bft_eval_06,planning,Sketch a short plan for helping a student narrow a thesis topic without draining the curiosity out of it.,scrambled_profile,DIRECTIVE,directive_rate,1.0,0.0,1.0,0.0,NO,0.735641598701477,,"{""raw_logit_scores"": {""YES"": 11.4296875, ""NO"": 10.359375}, ""label_bias_scores"": {""YES"": 11.3125, ""NO"": 9.21875}, ""corrected_scores"": {""YES"": 0.1171875, ""NO"": 1.140625}, ""scoring_mode"": ""bias_corrected_choice_logits"", ""selected_short_label"": ""NO""}"
11,EleutherAI/pythia-1b,pythia,1b,baseline_helpful,bft_eval_07,rewrite,Rewrite this rough instruction into something more useful to a teammate: 'Probably check the assumptions and logs before changing the code again.',self_profile,ELABORATE,avg_sentence_length,1.0,0.0,1.0,0.0,NO,0.6926419734954834,,"{""raw_logit_scores"": {""YES"": 11.1640625, ""NO"": 9.8828125}, ""label_bias_scores"": {""YES"": 11.3125, ""NO"": 9.21875}, ""corrected_scores"": {""YES"": -0.1484375, ""NO"": 0.6640625}, ""scoring_mode"": ""bias_corrected_choice_logits"", ""selected_short_label"": ""NO""}"
11,EleutherAI/pythia-1b,pythia,1b,baseline_helpful,bft_eval_07,rewrite,Rewrite this rough instruction into something more useful to a teammate: 'Probably check the assumptions and logs before changing the code again.',self_profile,HEDGE,hedge_density,1.0,0.0,0.0,1.0,NO,0.7154240012168884,,"{""raw_logit_scores"": {""YES"": 10.9765625, ""NO"": 9.8046875}, ""label_bias_scores"": {""YES"": 11.3125, ""NO"": 9.21875}, ""corrected_scores"": {""YES"": -0.3359375, ""NO"": 0.5859375}, ""scoring_mode"": ""bias_corrected_choice_logits"", ""selected_short_label"": ""NO""}"
11,EleutherAI/pythia-1b,pythia,1b,baseline_helpful,bft_eval_07,rewrite,Rewrite this rough instruction into something more useful to a teammate: 'Probably check the assumptions and logs before changing the code again.',self_profile,FIRST_PERSON,first_person_rate,1.0,0.0,0.0,1.0,NO,0.6876299977302551,,"{""raw_logit_scores"": {""YES"": 11.09375, ""NO"": 9.7890625}, ""label_bias_scores"": {""YES"": 11.3125, ""NO"": 9.21875}, ""corrected_scores"": {""YES"": -0.21875, ""NO"": 0.5703125}, ""scoring_mode"": ""bias_corrected_choice_logits"", ""selected_short_label"": ""NO""}"
11,EleutherAI/pythia-1b,pythia,1b,baseline_helpful,bft_eval_07,rewrite,Rewrite this rough instruction into something more useful to a teammate: 'Probably check the assumptions and logs before changing the code again.',self_profile,DIRECTIVE,directive_rate,1.0,0.0,1.0,0.0,NO,0.7799928784370422,,"{""raw_logit_scores"": {""YES"": 11.25, ""NO"": 10.421875}, ""label_bias_scores"": {""YES"": 11.3125, ""NO"": 9.21875}, ""corrected_scores"": {""YES"": -0.0625, ""NO"": 1.203125}, ""scoring_mode"": ""bias_corrected_choice_logits"", ""selected_short_label"": ""NO""}"
11,EleutherAI/pythia-1b,pythia,1b,baseline_helpful,bft_eval_07,rewrite,Rewrite this rough instruction into something more useful to a teammate: 'Probably check the assumptions and logs before changing the code again.',matched_decoy,ELABORATE,avg_sentence_length,1.0,0.0,1.0,0.0,NO,0.6808785796165466,,"{""raw_logit_scores"": {""YES"": 11.140625, ""NO"": 9.8046875}, ""label_bias_scores"": {""YES"": 11.3125, ""NO"": 9.21875}, ""corrected_scores"": {""YES"": -0.171875, ""NO"": 0.5859375}, ""scoring_mode"": ""bias_corrected_choice_logits"", ""selected_short_label"": ""NO""}"
11,EleutherAI/pythia-1b,pythia,1b,baseline_helpful,bft_eval_07,rewrite,Rewrite this rough instruction into something more useful to a teammate: 'Probably check the assumptions and logs before changing the code again.',matched_decoy,HEDGE,hedge_density,1.0,0.0,0.0,1.0,NO,0.7025300860404968,,"{""raw_logit_scores"": {""YES"": 10.9765625, ""NO"": 9.7421875}, ""label_bias_scores"": {""YES"": 11.3125, ""NO"": 9.21875}, ""corrected_scores"": {""YES"": -0.3359375, ""NO"": 0.5234375}, ""scoring_mode"": ""bias_corrected_choice_logits"", ""selected_short_label"": ""NO""}"
11,EleutherAI/pythia-1b,pythia,1b,baseline_helpful,bft_eval_07,rewrite,Rewrite this rough instruction into something more useful to a teammate: 'Probably check the assumptions and logs before changing the code again.',matched_decoy,FIRST_PERSON,first_person_rate,1.0,0.0,0.0,1.0,NO,0.6757646203041077,,"{""raw_logit_scores"": {""YES"": 11.0625, ""NO"": 9.703125}, ""label_bias_scores"": {""YES"": 11.3125, ""NO"": 9.21875}, ""corrected_scores"": {""YES"": -0.25, ""NO"": 0.484375}, ""scoring_mode"": ""bias_corrected_choice_logits"", ""selected_short_label"": ""NO""}"
11,EleutherAI/pythia-1b,pythia,1b,baseline_helpful,bft_eval_07,rewrite,Rewrite this rough instruction into something more useful to a teammate: 'Probably check the assumptions and logs before changing the code again.',matched_decoy,DIRECTIVE,directive_rate,1.0,0.0,1.0,0.0,NO,0.7704647779464722,,"{""raw_logit_scores"": {""YES"": 11.2421875, ""NO"": 10.359375}, ""label_bias_scores"": {""YES"": 11.3125, ""NO"": 9.21875}, ""corrected_scores"": {""YES"": -0.0703125, ""NO"": 1.140625}, ""scoring_mode"": ""bias_corrected_choice_logits"", ""selected_short_label"": ""NO""}"
11,EleutherAI/pythia-1b,pythia,1b,baseline_helpful,bft_eval_07,rewrite,Rewrite this rough instruction into something more useful to a teammate: 'Probably check the assumptions and logs before changing the code again.',scrambled_profile,ELABORATE,avg_sentence_length,1.0,0.0,1.0,0.0,NO,0.6893056035041809,,"{""raw_logit_scores"": {""YES"": 11.1484375, ""NO"": 9.8515625}, ""label_bias_scores"": {""YES"": 11.3125, ""NO"": 9.21875}, ""corrected_scores"": {""YES"": -0.1640625, ""NO"": 0.6328125}, ""scoring_mode"": ""bias_corrected_choice_logits"", ""selected_short_label"": ""NO""}"
11,EleutherAI/pythia-1b,pythia,1b,baseline_helpful,bft_eval_07,rewrite,Rewrite this rough instruction into something more useful to a teammate: 'Probably check the assumptions and logs before changing the code again.',scrambled_profile,HEDGE,hedge_density,1.0,0.0,0.0,1.0,NO,0.709019124507904,,"{""raw_logit_scores"": {""YES"": 10.9921875, ""NO"": 9.7890625}, ""label_bias_scores"": {""YES"": 11.3125, ""NO"": 9.21875}, ""corrected_scores"": {""YES"": -0.3203125, ""NO"": 0.5703125}, ""scoring_mode"": ""bias_corrected_choice_logits"", ""selected_short_label"": ""NO""}"
11,EleutherAI/pythia-1b,pythia,1b,baseline_helpful,bft_eval_07,rewrite,Rewrite this rough instruction into something more useful to a teammate: 'Probably check the assumptions and logs before changing the code again.',scrambled_profile,FIRST_PERSON,first_person_rate,1.0,0.0,0.0,1.0,NO,0.6825737357139587,,"{""raw_logit_scores"": {""YES"": 11.0859375, ""NO"": 9.7578125}, ""label_bias_scores"": {""YES"": 11.3125, ""NO"": 9.21875}, ""corrected_scores"": {""YES"": -0.2265625, ""NO"": 0.5390625}, ""scoring_mode"": ""bias_corrected_choice_logits"", ""selected_short_label"": ""NO""}"
11,EleutherAI/pythia-1b,pythia,1b,baseline_helpful,bft_eval_07,rewrite,Rewrite this rough instruction into something more useful to a teammate: 'Probably check the assumptions and logs before changing the code again.',scrambled_profile,DIRECTIVE,directive_rate,1.0,0.0,1.0,0.0,NO,0.7745833992958069,,"{""raw_logit_scores"": {""YES"": 11.2265625, ""NO"": 10.3671875}, ""label_bias_scores"": {""YES"": 11.3125, ""NO"": 9.21875}, ""corrected_scores"": {""YES"": -0.0859375, ""NO"": 1.1484375}, ""scoring_mode"": ""bias_corrected_choice_logits"", ""selected_short_label"": ""NO""}"
11,EleutherAI/pythia-1b,pythia,1b,baseline_helpful,bft_eval_08,judgment,"Decide whether office hours help students mainly by clarifying content, lowering avoidance, or creating accountability, and explain your judgment.",self_profile,ELABORATE,avg_sentence_length,1.0,0.0,1.0,0.0,NO,0.642432451248169,,"{""raw_logit_scores"": {""YES"": 11.109375, ""NO"": 9.609375}, ""label_bias_scores"": {""YES"": 11.3125, ""NO"": 9.2265625}, ""corrected_scores"": {""YES"": -0.203125, ""NO"": 0.3828125}, ""scoring_mode"": ""bias_corrected_choice_logits"", ""selected_short_label"": ""NO""}"
11,EleutherAI/pythia-1b,pythia,1b,baseline_helpful,bft_eval_08,judgment,"Decide whether office hours help students mainly by clarifying content, lowering avoidance, or creating accountability, and explain your judgment.",self_profile,HEDGE,hedge_density,1.0,0.0,0.0,1.0,NO,0.6460136771202087,,"{""raw_logit_scores"": {""YES"": 11.03125, ""NO"": 9.546875}, ""label_bias_scores"": {""YES"": 11.3125, ""NO"": 9.2265625}, ""corrected_scores"": {""YES"": -0.28125, ""NO"": 0.3203125}, ""scoring_mode"": ""bias_corrected_choice_logits"", ""selected_short_label"": ""NO""}"
11,EleutherAI/pythia-1b,pythia,1b,baseline_helpful,bft_eval_08,judgment,"Decide whether office hours help students mainly by clarifying content, lowering avoidance, or creating accountability, and explain your judgment.",self_profile,FIRST_PERSON,first_person_rate,1.0,0.0,0.0,1.0,NO,0.6187804341316223,,"{""raw_logit_scores"": {""YES"": 11.1015625, ""NO"": 9.5}, ""label_bias_scores"": {""YES"": 11.3125, ""NO"": 9.2265625}, ""corrected_scores"": {""YES"": -0.2109375, ""NO"": 0.2734375}, ""scoring_mode"": ""bias_corrected_choice_logits"", ""selected_short_label"": ""NO""}"
11,EleutherAI/pythia-1b,pythia,1b,baseline_helpful,bft_eval_08,judgment,"Decide whether office hours help students mainly by clarifying content, lowering avoidance, or creating accountability, and explain your judgment.",self_profile,DIRECTIVE,directive_rate,1.0,0.0,1.0,0.0,NO,0.7074047327041626,,"{""raw_logit_scores"": {""YES"": 11.34375, ""NO"": 10.140625}, ""label_bias_scores"": {""YES"": 11.3125, ""NO"": 9.2265625}, ""corrected_scores"": {""YES"": 0.03125, ""NO"": 0.9140625}, ""scoring_mode"": ""bias_corrected_choice_logits"", ""selected_short_label"": ""NO""}"
11,EleutherAI/pythia-1b,pythia,1b,baseline_helpful,bft_eval_08,judgment,"Decide whether office hours help students mainly by clarifying content, lowering avoidance, or creating accountability, and explain your judgment.",matched_decoy,ELABORATE,avg_sentence_length,1.0,0.0,1.0,0.0,NO,0.6242935657501221,,"{""raw_logit_scores"": {""YES"": 11.109375, ""NO"": 9.53125}, ""label_bias_scores"": {""YES"": 11.3125, ""NO"": 9.2265625}, ""corrected_scores"": {""YES"": -0.203125, ""NO"": 0.3046875}, ""scoring_mode"": ""bias_corrected_choice_logits"", ""selected_short_label"": ""NO""}"
11,EleutherAI/pythia-1b,pythia,1b,baseline_helpful,bft_eval_08,judgment,"Decide whether office hours help students mainly by clarifying content, lowering avoidance, or creating accountability, and explain your judgment.",matched_decoy,HEDGE,hedge_density,1.0,0.0,0.0,1.0,NO,0.6334102749824524,,"{""raw_logit_scores"": {""YES"": 11.03125, ""NO"": 9.4921875}, ""label_bias_scores"": {""YES"": 11.3125, ""NO"": 9.2265625}, ""corrected_scores"": {""YES"": -0.28125, ""NO"": 0.265625}, ""scoring_mode"": ""bias_corrected_choice_logits"", ""selected_short_label"": ""NO""}"
11,EleutherAI/pythia-1b,pythia,1b,baseline_helpful,bft_eval_08,judgment,"Decide whether office hours help students mainly by clarifying content, lowering avoidance, or creating accountability, and explain your judgment.",matched_decoy,FIRST_PERSON,first_person_rate,1.0,0.0,0.0,1.0,NO,0.6039317846298218,,"{""raw_logit_scores"": {""YES"": 11.0859375, ""NO"": 9.421875}, ""label_bias_scores"": {""YES"": 11.3125, ""NO"": 9.2265625}, ""corrected_scores"": {""YES"": -0.2265625, ""NO"": 0.1953125}, ""scoring_mode"": ""bias_corrected_choice_logits"", ""selected_short_label"": ""NO""}"
11,EleutherAI/pythia-1b,pythia,1b,baseline_helpful,bft_eval_08,judgment,"Decide whether office hours help students mainly by clarifying content, lowering avoidance, or creating accountability, and explain your judgment.",matched_decoy,DIRECTIVE,directive_rate,1.0,0.0,1.0,0.0,NO,0.6943026781082153,,"{""raw_logit_scores"": {""YES"": 11.34375, ""NO"": 10.078125}, ""label_bias_scores"": {""YES"": 11.3125, ""NO"": 9.2265625}, ""corrected_scores"": {""YES"": 0.03125, ""NO"": 0.8515625}, ""scoring_mode"": ""bias_corrected_choice_logits"", ""selected_short_label"": ""NO""}"
11,EleutherAI/pythia-1b,pythia,1b,baseline_helpful,bft_eval_08,judgment,"Decide whether office hours help students mainly by clarifying content, lowering avoidance, or creating accountability, and explain your judgment.",scrambled_profile,ELABORATE,avg_sentence_length,1.0,0.0,1.0,0.0,NO,0.6442250609397888,,"{""raw_logit_scores"": {""YES"": 11.03125, ""NO"": 9.5390625}, ""label_bias_scores"": {""YES"": 11.3125, ""NO"": 9.2265625}, ""corrected_scores"": {""YES"": -0.28125, ""NO"": 0.3125}, ""scoring_mode"": ""bias_corrected_choice_logits"", ""selected_short_label"": ""NO""}"
11,EleutherAI/pythia-1b,pythia,1b,baseline_helpful,bft_eval_08,judgment,"Decide whether office hours help students mainly by clarifying content, lowering avoidance, or creating accountability, and explain your judgment.",scrambled_profile,HEDGE,hedge_density,1.0,0.0,0.0,1.0,NO,0.6477982401847839,,"{""raw_logit_scores"": {""YES"": 10.96875, ""NO"": 9.4921875}, ""label_bias_scores"": {""YES"": 11.3125, ""NO"": 9.2265625}, ""corrected_scores"": {""YES"": -0.34375, ""NO"": 0.265625}, ""scoring_mode"": ""bias_corrected_choice_logits"", ""selected_short_label"": ""NO""}"
11,EleutherAI/pythia-1b,pythia,1b,baseline_helpful,bft_eval_08,judgment,"Decide whether office hours help students mainly by clarifying content, lowering avoidance, or creating accountability, and explain your judgment.",scrambled_profile,FIRST_PERSON,first_person_rate,1.0,0.0,0.0,1.0,NO,0.6206216216087341,,"{""raw_logit_scores"": {""YES"": 11.015625, ""NO"": 9.421875}, ""label_bias_scores"": {""YES"": 11.3125, ""NO"": 9.2265625}, ""corrected_scores"": {""YES"": -0.296875, ""NO"": 0.1953125}, ""scoring_mode"": ""bias_corrected_choice_logits"", ""selected_short_label"": ""NO""}"
11,EleutherAI/pythia-1b,pythia,1b,baseline_helpful,bft_eval_08,judgment,"Decide whether office hours help students mainly by clarifying content, lowering avoidance, or creating accountability, and explain your judgment.",scrambled_profile,DIRECTIVE,directive_rate,1.0,0.0,1.0,0.0,NO,0.7074047327041626,,"{""raw_logit_scores"": {""YES"": 11.2578125, ""NO"": 10.0546875}, ""label_bias_scores"": {""YES"": 11.3125, ""NO"": 9.2265625}, ""corrected_scores"": {""YES"": -0.0546875, ""NO"": 0.828125}, ""scoring_mode"": ""bias_corrected_choice_logits"", ""selected_short_label"": ""NO""}"
17,EleutherAI/pythia-1b,pythia,1b,baseline_helpful,bft_eval_01,triage,A small lab keeps discovering conflicting spreadsheet versions after each handoff. What should the team do in the next day?,self_profile,ELABORATE,avg_sentence_length,1.0,0.0,0.0,1.0,NO,0.66888028383255,,"{""raw_logit_scores"": {""YES"": 11.1484375, ""NO"": 9.75}, ""label_bias_scores"": {""YES"": 11.3203125, ""NO"": 9.21875}, ""corrected_scores"": {""YES"": -0.171875, ""NO"": 0.53125}, ""scoring_mode"": ""bias_corrected_choice_logits"", ""selected_short_label"": ""NO""}"
17,EleutherAI/pythia-1b,pythia,1b,baseline_helpful,bft_eval_01,triage,A small lab keeps discovering conflicting spreadsheet versions after each handoff. What should the team do in the next day?,self_profile,HEDGE,hedge_density,1.0,0.0,0.0,1.0,NO,0.7106282711029053,,"{""raw_logit_scores"": {""YES"": 10.8984375, ""NO"": 9.6953125}, ""label_bias_scores"": {""YES"": 11.3203125, ""NO"": 9.21875}, ""corrected_scores"": {""YES"": -0.421875, ""NO"": 0.4765625}, ""scoring_mode"": ""bias_corrected_choice_logits"", ""selected_short_label"": ""NO""}"
17,EleutherAI/pythia-1b,pythia,1b,baseline_helpful,bft_eval_01,triage,A small lab keeps discovering conflicting spreadsheet versions after each handoff. What should the team do in the next day?,self_profile,FIRST_PERSON,first_person_rate,1.0,0.0,0.0,1.0,NO,0.6825737357139587,,"{""raw_logit_scores"": {""YES"": 11.109375, ""NO"": 9.7734375}, ""label_bias_scores"": {""YES"": 11.3203125, ""NO"": 9.21875}, ""corrected_scores"": {""YES"": -0.2109375, ""NO"": 0.5546875}, ""scoring_mode"": ""bias_corrected_choice_logits"", ""selected_short_label"": ""NO""}"
17,EleutherAI/pythia-1b,pythia,1b,baseline_helpful,bft_eval_01,triage,A small lab keeps discovering conflicting spreadsheet versions after each handoff. What should the team do in the next day?,self_profile,DIRECTIVE,directive_rate,1.0,0.0,0.0,1.0,NO,0.7759445905685425,,"{""raw_logit_scores"": {""YES"": 11.3046875, ""NO"": 10.4453125}, ""label_bias_scores"": {""YES"": 11.3203125, ""NO"": 9.21875}, ""corrected_scores"": {""YES"": -0.015625, ""NO"": 1.2265625}, ""scoring_mode"": ""bias_corrected_choice_logits"", ""selected_short_label"": ""NO""}"
17,EleutherAI/pythia-1b,pythia,1b,baseline_helpful,bft_eval_01,triage,A small lab keeps discovering conflicting spreadsheet versions after each handoff. What should the team do in the next day?,matched_decoy,ELABORATE,avg_sentence_length,1.0,0.0,0.0,1.0,NO,0.6791787147521973,,"{""raw_logit_scores"": {""YES"": 11.140625, ""NO"": 9.7890625}, ""label_bias_scores"": {""YES"": 11.3203125, ""NO"": 9.21875}, ""corrected_scores"": {""YES"": -0.1796875, ""NO"": 0.5703125}, ""scoring_mode"": ""bias_corrected_choice_logits"", ""selected_short_label"": ""NO""}"
17,EleutherAI/pythia-1b,pythia,1b,baseline_helpful,bft_eval_01,triage,A small lab keeps discovering conflicting spreadsheet versions after each handoff. What should the team do in the next day?,matched_decoy,HEDGE,hedge_density,1.0,0.0,0.0,1.0,NO,0.7201715111732483,,"{""raw_logit_scores"": {""YES"": 10.8984375, ""NO"": 9.7421875}, ""label_bias_scores"": {""YES"": 11.3203125, ""NO"": 9.21875}, ""corrected_scores"": {""YES"": -0.421875, ""NO"": 0.5234375}, ""scoring_mode"": ""bias_corrected_choice_logits"", ""selected_short_label"": ""NO""}"
17,EleutherAI/pythia-1b,pythia,1b,baseline_helpful,bft_eval_01,triage,A small lab keeps discovering conflicting spreadsheet versions after each handoff. What should the team do in the next day?,matched_decoy,FIRST_PERSON,first_person_rate,1.0,0.0,0.0,1.0,NO,0.6909762620925903,,"{""raw_logit_scores"": {""YES"": 11.1328125, ""NO"": 9.8359375}, ""label_bias_scores"": {""YES"": 11.3203125, ""NO"": 9.21875}, ""corrected_scores"": {""YES"": -0.1875, ""NO"": 0.6171875}, ""scoring_mode"": ""bias_corrected_choice_logits"", ""selected_short_label"": ""NO""}"
17,EleutherAI/pythia-1b,pythia,1b,baseline_helpful,bft_eval_01,triage,A small lab keeps discovering conflicting spreadsheet versions after each handoff. What should the team do in the next day?,matched_decoy,DIRECTIVE,directive_rate,1.0,0.0,0.0,1.0,NO,0.7839884757995605,,"{""raw_logit_scores"": {""YES"": 11.28125, ""NO"": 10.46875}, ""label_bias_scores"": {""YES"": 11.3203125, ""NO"": 9.21875}, ""corrected_scores"": {""YES"": -0.0390625, ""NO"": 1.25}, ""scoring_mode"": ""bias_corrected_choice_logits"", ""selected_short_label"": ""NO""}"
17,EleutherAI/pythia-1b,pythia,1b,baseline_helpful,bft_eval_01,triage,A small lab keeps discovering conflicting spreadsheet versions after each handoff. What should the team do in the next day?,scrambled_profile,ELABORATE,avg_sentence_length,1.0,0.0,0.0,1.0,NO,0.672331690788269,,"{""raw_logit_scores"": {""YES"": 11.1640625, ""NO"": 9.78125}, ""label_bias_scores"": {""YES"": 11.3203125, ""NO"": 9.21875}, ""corrected_scores"": {""YES"": -0.15625, ""NO"": 0.5625}, ""scoring_mode"": ""bias_corrected_choice_logits"", ""selected_short_label"": ""NO""}"
17,EleutherAI/pythia-1b,pythia,1b,baseline_helpful,bft_eval_01,triage,A small lab keeps discovering conflicting spreadsheet versions after each handoff. What should the team do in the next day?,scrambled_profile,HEDGE,hedge_density,1.0,0.0,0.0,1.0,NO,0.7106282711029053,,"{""raw_logit_scores"": {""YES"": 10.921875, ""NO"": 9.71875}, ""label_bias_scores"": {""YES"": 11.3203125, ""NO"": 9.21875}, ""corrected_scores"": {""YES"": -0.3984375, ""NO"": 0.5}, ""scoring_mode"": ""bias_corrected_choice_logits"", ""selected_short_label"": ""NO""}"
17,EleutherAI/pythia-1b,pythia,1b,baseline_helpful,bft_eval_01,triage,A small lab keeps discovering conflicting spreadsheet versions after each handoff. What should the team do in the next day?,scrambled_profile,FIRST_PERSON,first_person_rate,1.0,0.0,0.0,1.0,NO,0.6825737357139587,,"{""raw_logit_scores"": {""YES"": 11.1171875, ""NO"": 9.78125}, ""label_bias_scores"": {""YES"": 11.3203125, ""NO"": 9.21875}, ""corrected_scores"": {""YES"": -0.203125, ""NO"": 0.5625}, ""scoring_mode"": ""bias_corrected_choice_logits"", ""selected_short_label"": ""NO""}"
17,EleutherAI/pythia-1b,pythia,1b,baseline_helpful,bft_eval_01,triage,A small lab keeps discovering conflicting spreadsheet versions after each handoff. What should the team do in the next day?,scrambled_profile,DIRECTIVE,directive_rate,1.0,0.0,0.0,1.0,NO,0.7786493301391602,,"{""raw_logit_scores"": {""YES"": 11.296875, ""NO"": 10.453125}, ""label_bias_scores"": {""YES"": 11.3203125, ""NO"": 9.21875}, ""corrected_scores"": {""YES"": -0.0234375, ""NO"": 1.234375}, ""scoring_mode"": ""bias_corrected_choice_logits"", ""selected_short_label"": ""NO""}"
17,EleutherAI/pythia-1b,pythia,1b,baseline_helpful,bft_eval_02,critique,Give feedback on a student memo that is energetic and polite but hides the recommendation until the final line.,self_profile,ELABORATE,avg_sentence_length,1.0,0.0,1.0,0.0,NO,0.6531268954277039,,"{""raw_logit_scores"": {""YES"": 11.34375, ""NO"": 9.8828125}, ""label_bias_scores"": {""YES"": 11.3125, ""NO"": 9.21875}, ""corrected_scores"": {""YES"": 0.03125, ""NO"": 0.6640625}, ""scoring_mode"": ""bias_corrected_choice_logits"", ""selected_short_label"": ""NO""}"
17,EleutherAI/pythia-1b,pythia,1b,baseline_helpful,bft_eval_02,critique,Give feedback on a student memo that is energetic and polite but hides the recommendation until the final line.,self_profile,HEDGE,hedge_density,1.0,0.0,0.0,1.0,NO,0.6352224349975586,,"{""raw_logit_scores"": {""YES"": 11.453125, ""NO"": 9.9140625}, ""label_bias_scores"": {""YES"": 11.3125, ""NO"": 9.21875}, ""corrected_scores"": {""YES"": 0.140625, ""NO"": 0.6953125}, ""scoring_mode"": ""bias_corrected_choice_logits"", ""selected_short_label"": ""NO""}"
17,EleutherAI/pythia-1b,pythia,1b,baseline_helpful,bft_eval_02,critique,Give feedback on a student memo that is energetic and polite but hides the recommendation until the final line.,self_profile,FIRST_PERSON,first_person_rate,1.0,0.0,1.0,0.0,NO,0.6388352513313293,,"{""raw_logit_scores"": {""YES"": 11.3203125, ""NO"": 9.796875}, ""label_bias_scores"": {""YES"": 11.3125, ""NO"": 9.21875}, ""corrected_scores"": {""YES"": 0.0078125, ""NO"": 0.578125}, ""scoring_mode"": ""bias_corrected_choice_logits"", ""selected_short_label"": ""NO""}"
17,EleutherAI/pythia-1b,pythia,1b,baseline_helpful,bft_eval_02,critique,Give feedback on a student memo that is energetic and polite but hides the recommendation until the final line.,self_profile,DIRECTIVE,directive_rate,1.0,0.0,1.0,0.0,NO,0.7138307690620422,,"{""raw_logit_scores"": {""YES"": 11.59375, ""NO"": 10.4140625}, ""label_bias_scores"": {""YES"": 11.3125, ""NO"": 9.21875}, ""corrected_scores"": {""YES"": 0.28125, ""NO"": 1.1953125}, ""scoring_mode"": ""bias_corrected_choice_logits"", ""selected_short_label"": ""NO""}"
17,EleutherAI/pythia-1b,pythia,1b,baseline_helpful,bft_eval_02,critique,Give feedback on a student memo that is energetic and polite but hides the recommendation until the final line.,matched_decoy,ELABORATE,avg_sentence_length,1.0,0.0,1.0,0.0,NO,0.6619228720664978,,"{""raw_logit_scores"": {""YES"": 11.3359375, ""NO"": 9.9140625}, ""label_bias_scores"": {""YES"": 11.3125, ""NO"": 9.21875}, ""corrected_scores"": {""YES"": 0.0234375, ""NO"": 0.6953125}, ""scoring_mode"": ""bias_corrected_choice_logits"", ""selected_short_label"": ""NO""}"
17,EleutherAI/pythia-1b,pythia,1b,baseline_helpful,bft_eval_02,critique,Give feedback on a student memo that is energetic and polite but hides the recommendation until the final line.,matched_decoy,HEDGE,hedge_density,1.0,0.0,0.0,1.0,NO,0.6477982401847839,,"{""raw_logit_scores"": {""YES"": 11.4453125, ""NO"": 9.9609375}, ""label_bias_scores"": {""YES"": 11.3125, ""NO"": 9.21875}, ""corrected_scores"": {""YES"": 0.1328125, ""NO"": 0.7421875}, ""scoring_mode"": ""bias_corrected_choice_logits"", ""selected_short_label"": ""NO""}"
17,EleutherAI/pythia-1b,pythia,1b,baseline_helpful,bft_eval_02,critique,Give feedback on a student memo that is energetic and polite but hides the recommendation until the final line.,matched_decoy,FIRST_PERSON,first_person_rate,1.0,0.0,1.0,0.0,NO,0.6477982401847839,,"{""raw_logit_scores"": {""YES"": 11.3359375, ""NO"": 9.8515625}, ""label_bias_scores"": {""YES"": 11.3125, ""NO"": 9.21875}, ""corrected_scores"": {""YES"": 0.0234375, ""NO"": 0.6328125}, ""scoring_mode"": ""bias_corrected_choice_logits"", ""selected_short_label"": ""NO""}"
17,EleutherAI/pythia-1b,pythia,1b,baseline_helpful,bft_eval_02,critique,Give feedback on a student memo that is energetic and polite but hides the recommendation until the final line.,matched_decoy,DIRECTIVE,directive_rate,1.0,0.0,1.0,0.0,NO,0.7233095169067383,,"{""raw_logit_scores"": {""YES"": 11.578125, ""NO"": 10.4453125}, ""label_bias_scores"": {""YES"": 11.3125, ""NO"": 9.21875}, ""corrected_scores"": {""YES"": 0.265625, ""NO"": 1.2265625}, ""scoring_mode"": ""bias_corrected_choice_logits"", ""selected_short_label"": ""NO""}"
17,EleutherAI/pythia-1b,pythia,1b,baseline_helpful,bft_eval_02,critique,Give feedback on a student memo that is energetic and polite but hides the recommendation until the final line.,scrambled_profile,ELABORATE,avg_sentence_length,1.0,0.0,1.0,0.0,NO,0.6566582322120667,,"{""raw_logit_scores"": {""YES"": 11.34375, ""NO"": 9.8984375}, ""label_bias_scores"": {""YES"": 11.3125, ""NO"": 9.21875}, ""corrected_scores"": {""YES"": 0.03125, ""NO"": 0.6796875}, ""scoring_mode"": ""bias_corrected_choice_logits"", ""selected_short_label"": ""NO""}"
17,EleutherAI/pythia-1b,pythia,1b,baseline_helpful,bft_eval_02,critique,Give feedback on a student memo that is energetic and polite but hides the recommendation until the final line.,scrambled_profile,HEDGE,hedge_density,1.0,0.0,0.0,1.0,NO,0.6406359076499939,,"{""raw_logit_scores"": {""YES"": 11.4453125, ""NO"": 9.9296875}, ""label_bias_scores"": {""YES"": 11.3125, ""NO"": 9.21875}, ""corrected_scores"": {""YES"": 0.1328125, ""NO"": 0.7109375}, ""scoring_mode"": ""bias_corrected_choice_logits"", ""selected_short_label"": ""NO""}"
17,EleutherAI/pythia-1b,pythia,1b,baseline_helpful,bft_eval_02,critique,Give feedback on a student memo that is energetic and polite but hides the recommendation until the final line.,scrambled_profile,FIRST_PERSON,first_person_rate,1.0,0.0,1.0,0.0,NO,0.642432451248169,,"{""raw_logit_scores"": {""YES"": 11.3203125, ""NO"": 9.8125}, ""label_bias_scores"": {""YES"": 11.3125, ""NO"": 9.21875}, ""corrected_scores"": {""YES"": 0.0078125, ""NO"": 0.59375}, ""scoring_mode"": ""bias_corrected_choice_logits"", ""selected_short_label"": ""NO""}"
17,EleutherAI/pythia-1b,pythia,1b,baseline_helpful,bft_eval_02,critique,Give feedback on a student memo that is energetic and polite but hides the recommendation until the final line.,scrambled_profile,DIRECTIVE,directive_rate,1.0,0.0,1.0,0.0,NO,0.7201715111732483,,"{""raw_logit_scores"": {""YES"": 11.5703125, ""NO"": 10.421875}, ""label_bias_scores"": {""YES"": 11.3125, ""NO"": 9.21875}, ""corrected_scores"": {""YES"": 0.2578125, ""NO"": 1.203125}, ""scoring_mode"": ""bias_corrected_choice_logits"", ""selected_short_label"": ""NO""}"
17,EleutherAI/pythia-1b,pythia,1b,baseline_helpful,bft_eval_03,policy,Write a short policy note on how a museum team should document changes to exhibit labels during revision.,self_profile,ELABORATE,avg_sentence_length,1.0,0.0,0.0,1.0,NO,0.6460136771202087,,"{""raw_logit_scores"": {""YES"": 10.7109375, ""NO"": 9.21875}, ""label_bias_scores"": {""YES"": 11.3125, ""NO"": 9.21875}, ""corrected_scores"": {""YES"": -0.6015625, ""NO"": 0.0}, ""scoring_mode"": ""bias_corrected_choice_logits"", ""selected_short_label"": ""NO""}"
17,EleutherAI/pythia-1b,pythia,1b,baseline_helpful,bft_eval_03,policy,Write a short policy note on how a museum team should document changes to exhibit labels during revision.,self_profile,HEDGE,hedge_density,1.0,0.0,0.0,1.0,NO,0.6601723432540894,,"{""raw_logit_scores"": {""YES"": 10.4609375, ""NO"": 9.03125}, ""label_bias_scores"": {""YES"": 11.3125, ""NO"": 9.21875}, ""corrected_scores"": {""YES"": -0.8515625, ""NO"": -0.1875}, ""scoring_mode"": ""bias_corrected_choice_logits"", ""selected_short_label"": ""NO""}"
17,EleutherAI/pythia-1b,pythia,1b,baseline_helpful,bft_eval_03,policy,Write a short policy note on how a museum team should document changes to exhibit labels during revision.,self_profile,FIRST_PERSON,first_person_rate,1.0,0.0,1.0,0.0,NO,0.642432451248169,,"{""raw_logit_scores"": {""YES"": 10.484375, ""NO"": 8.9765625}, ""label_bias_scores"": {""YES"": 11.3125, ""NO"": 9.21875}, ""corrected_scores"": {""YES"": -0.828125, ""NO"": -0.2421875}, ""scoring_mode"": ""bias_corrected_choice_logits"", ""selected_short_label"": ""NO""}"
17,EleutherAI/pythia-1b,pythia,1b,baseline_helpful,bft_eval_03,policy,Write a short policy note on how a museum team should document changes to exhibit labels during revision.,self_profile,DIRECTIVE,directive_rate,1.0,0.0,0.0,1.0,NO,0.7185943722724915,,"{""raw_logit_scores"": {""YES"": 10.96875, ""NO"": 9.8125}, ""label_bias_scores"": {""YES"": 11.3125, ""NO"": 9.21875}, ""corrected_scores"": {""YES"": -0.34375, ""NO"": 0.59375}, ""scoring_mode"": ""bias_corrected_choice_logits"", ""selected_short_label"": ""NO""}"
17,EleutherAI/pythia-1b,pythia,1b,baseline_helpful,bft_eval_03,policy,Write a short policy note on how a museum team should document changes to exhibit labels during revision.,matched_decoy,ELABORATE,avg_sentence_length,1.0,0.0,0.0,1.0,NO,0.6601723432540894,,"{""raw_logit_scores"": {""YES"": 10.7265625, ""NO"": 9.296875}, ""label_bias_scores"": {""YES"": 11.3125, ""NO"": 9.21875}, ""corrected_scores"": {""YES"": -0.5859375, ""NO"": 0.078125}, ""scoring_mode"": ""bias_corrected_choice_logits"", ""selected_short_label"": ""NO""}"
17,EleutherAI/pythia-1b,pythia,1b,baseline_helpful,bft_eval_03,policy,Write a short policy note on how a museum team should document changes to exhibit labels during revision.,matched_decoy,HEDGE,hedge_density,1.0,0.0,0.0,1.0,NO,0.672331690788269,,"{""raw_logit_scores"": {""YES"": 10.4765625, ""NO"": 9.1015625}, ""label_bias_scores"": {""YES"": 11.3125, ""NO"": 9.21875}, ""corrected_scores"": {""YES"": -0.8359375, ""NO"": -0.1171875}, ""scoring_mode"": ""bias_corrected_choice_logits"", ""selected_short_label"": ""NO""}"
17,EleutherAI/pythia-1b,pythia,1b,baseline_helpful,bft_eval_03,policy,Write a short policy note on how a museum team should document changes to exhibit labels during revision.,matched_decoy,FIRST_PERSON,first_person_rate,1.0,0.0,1.0,0.0,NO,0.6531268954277039,,"{""raw_logit_scores"": {""YES"": 10.515625, ""NO"": 9.0546875}, ""label_bias_scores"": {""YES"": 11.3125, ""NO"": 9.21875}, ""corrected_scores"": {""YES"": -0.796875, ""NO"": -0.1640625}, ""scoring_mode"": ""bias_corrected_choice_logits"", ""selected_short_label"": ""NO""}"
17,EleutherAI/pythia-1b,pythia,1b,baseline_helpful,bft_eval_03,policy,Write a short policy note on how a museum team should document changes to exhibit labels during revision.,matched_decoy,DIRECTIVE,directive_rate,1.0,0.0,0.0,1.0,NO,0.7310585975646973,,"{""raw_logit_scores"": {""YES"": 10.96875, ""NO"": 9.875}, ""label_bias_scores"": {""YES"": 11.3125, ""NO"": 9.21875}, ""corrected_scores"": {""YES"": -0.34375, ""NO"": 0.65625}, ""scoring_mode"": ""bias_corrected_choice_logits"", ""selected_short_label"": ""NO""}"
17,EleutherAI/pythia-1b,pythia,1b,baseline_helpful,bft_eval_03,policy,Write a short policy note on how a museum team should document changes to exhibit labels during revision.,scrambled_profile,ELABORATE,avg_sentence_length,1.0,0.0,0.0,1.0,NO,0.6495786309242249,,"{""raw_logit_scores"": {""YES"": 10.59375, ""NO"": 9.1171875}, ""label_bias_scores"": {""YES"": 11.3125, ""NO"": 9.21875}, ""corrected_scores"": {""YES"": -0.71875, ""NO"": -0.1015625}, ""scoring_mode"": ""bias_corrected_choice_logits"", ""selected_short_label"": ""NO""}"
17,EleutherAI/pythia-1b,pythia,1b,baseline_helpful,bft_eval_03,policy,Write a short policy note on how a museum team should document changes to exhibit labels during revision.,scrambled_profile,HEDGE,hedge_density,1.0,0.0,0.0,1.0,NO,0.6619228720664978,,"{""raw_logit_scores"": {""YES"": 10.3828125, ""NO"": 8.9609375}, ""label_bias_scores"": {""YES"": 11.3125, ""NO"": 9.21875}, ""corrected_scores"": {""YES"": -0.9296875, ""NO"": -0.2578125}, ""scoring_mode"": ""bias_corrected_choice_logits"", ""selected_short_label"": ""NO""}"
17,EleutherAI/pythia-1b,pythia,1b,baseline_helpful,bft_eval_03,policy,Write a short policy note on how a museum team should document changes to exhibit labels during revision.,scrambled_profile,FIRST_PERSON,first_person_rate,1.0,0.0,1.0,0.0,NO,0.6460136771202087,,"{""raw_logit_scores"": {""YES"": 10.3671875, ""NO"": 8.875}, ""label_bias_scores"": {""YES"": 11.3125, ""NO"": 9.21875}, ""corrected_scores"": {""YES"": -0.9453125, ""NO"": -0.34375}, ""scoring_mode"": ""bias_corrected_choice_logits"", ""selected_short_label"": ""NO""}"
17,EleutherAI/pythia-1b,pythia,1b,baseline_helpful,bft_eval_03,policy,Write a short policy note on how a museum team should document changes to exhibit labels during revision.,scrambled_profile,DIRECTIVE,directive_rate,1.0,0.0,0.0,1.0,NO,0.7233095169067383,,"{""raw_logit_scores"": {""YES"": 10.8515625, ""NO"": 9.71875}, ""label_bias_scores"": {""YES"": 11.3125, ""NO"": 9.21875}, ""corrected_scores"": {""YES"": -0.4609375, ""NO"": 0.5}, ""scoring_mode"": ""bias_corrected_choice_logits"", ""selected_short_label"": ""NO""}"
17,EleutherAI/pythia-1b,pythia,1b,baseline_helpful,bft_eval_04,diagnosis,Diagnose why a paragraph feels intelligent and informed but still fails to tell the reader what matters most.,self_profile,ELABORATE,avg_sentence_length,1.0,0.0,0.0,1.0,NO,0.6057990193367004,,"{""raw_logit_scores"": {""YES"": 11.203125, ""NO"": 9.5390625}, ""label_bias_scores"": {""YES"": 11.3125, ""NO"": 9.21875}, ""corrected_scores"": {""YES"": -0.109375, ""NO"": 0.3203125}, ""scoring_mode"": ""bias_corrected_choice_logits"", ""selected_short_label"": ""NO""}"
17,EleutherAI/pythia-1b,pythia,1b,baseline_helpful,bft_eval_04,diagnosis,Diagnose why a paragraph feels intelligent and informed but still fails to tell the reader what matters most.,self_profile,HEDGE,hedge_density,1.0,0.0,0.0,1.0,NO,0.6297746300697327,,"{""raw_logit_scores"": {""YES"": 11.125, ""NO"": 9.5625}, ""label_bias_scores"": {""YES"": 11.3125, ""NO"": 9.21875}, ""corrected_scores"": {""YES"": -0.1875, ""NO"": 0.34375}, ""scoring_mode"": ""bias_corrected_choice_logits"", ""selected_short_label"": ""NO""}"
17,EleutherAI/pythia-1b,pythia,1b,baseline_helpful,bft_eval_04,diagnosis,Diagnose why a paragraph feels intelligent and informed but still fails to tell the reader what matters most.,self_profile,FIRST_PERSON,first_person_rate,1.0,0.0,1.0,0.0,NO,0.5926666259765625,,"{""raw_logit_scores"": {""YES"": 11.15625, ""NO"": 9.4375}, ""label_bias_scores"": {""YES"": 11.3125, ""NO"": 9.21875}, ""corrected_scores"": {""YES"": -0.15625, ""NO"": 0.21875}, ""scoring_mode"": ""bias_corrected_choice_logits"", ""selected_short_label"": ""NO""}"
17,EleutherAI/pythia-1b,pythia,1b,baseline_helpful,bft_eval_04,diagnosis,Diagnose why a paragraph feels intelligent and informed but still fails to tell the reader what matters most.,self_profile,DIRECTIVE,directive_rate,1.0,0.0,1.0,0.0,NO,0.6808785796165466,,"{""raw_logit_scores"": {""YES"": 11.5234375, ""NO"": 10.1875}, ""label_bias_scores"": {""YES"": 11.3125, ""NO"": 9.21875}, ""corrected_scores"": {""YES"": 0.2109375, ""NO"": 0.96875}, ""scoring_mode"": ""bias_corrected_choice_logits"", ""selected_short_label"": ""NO""}"
17,EleutherAI/pythia-1b,pythia,1b,baseline_helpful,bft_eval_04,diagnosis,Diagnose why a paragraph feels intelligent and informed but still fails to tell the reader what matters most.,matched_decoy,ELABORATE,avg_sentence_length,1.0,0.0,0.0,1.0,NO,0.6169358491897583,,"{""raw_logit_scores"": {""YES"": 11.1953125, ""NO"": 9.578125}, ""label_bias_scores"": {""YES"": 11.3125, ""NO"": 9.21875}, ""corrected_scores"": {""YES"": -0.1171875, ""NO"": 0.359375}, ""scoring_mode"": ""bias_corrected_choice_logits"", ""selected_short_label"": ""NO""}"
17,EleutherAI/pythia-1b,pythia,1b,baseline_helpful,bft_eval_04,diagnosis,Diagnose why a paragraph feels intelligent and informed but still fails to tell the reader what matters most.,matched_decoy,HEDGE,hedge_density,1.0,0.0,0.0,1.0,NO,0.642432451248169,,"{""raw_logit_scores"": {""YES"": 11.1171875, ""NO"": 9.609375}, ""label_bias_scores"": {""YES"": 11.3125, ""NO"": 9.21875}, ""corrected_scores"": {""YES"": -0.1953125, ""NO"": 0.390625}, ""scoring_mode"": ""bias_corrected_choice_logits"", ""selected_short_label"": ""NO""}"
17,EleutherAI/pythia-1b,pythia,1b,baseline_helpful,bft_eval_04,diagnosis,Diagnose why a paragraph feels intelligent and informed but still fails to tell the reader what matters most.,matched_decoy,FIRST_PERSON,first_person_rate,1.0,0.0,1.0,0.0,NO,0.6076632142066956,,"{""raw_logit_scores"": {""YES"": 11.171875, ""NO"": 9.515625}, ""label_bias_scores"": {""YES"": 11.3125, ""NO"": 9.21875}, ""corrected_scores"": {""YES"": -0.140625, ""NO"": 0.296875}, ""scoring_mode"": ""bias_corrected_choice_logits"", ""selected_short_label"": ""NO""}"
17,EleutherAI/pythia-1b,pythia,1b,baseline_helpful,bft_eval_04,diagnosis,Diagnose why a paragraph feels intelligent and informed but still fails to tell the reader what matters most.,matched_decoy,DIRECTIVE,directive_rate,1.0,0.0,1.0,0.0,NO,0.6926419734954834,,"{""raw_logit_scores"": {""YES"": 11.5, ""NO"": 10.21875}, ""label_bias_scores"": {""YES"": 11.3125, ""NO"": 9.21875}, ""corrected_scores"": {""YES"": 0.1875, ""NO"": 1.0}, ""scoring_mode"": ""bias_corrected_choice_logits"", ""selected_short_label"": ""NO""}"
17,EleutherAI/pythia-1b,pythia,1b,baseline_helpful,bft_eval_04,diagnosis,Diagnose why a paragraph feels intelligent and informed but still fails to tell the reader what matters most.,scrambled_profile,ELABORATE,avg_sentence_length,1.0,0.0,0.0,1.0,NO,0.6132365465164185,,"{""raw_logit_scores"": {""YES"": 11.2109375, ""NO"": 9.578125}, ""label_bias_scores"": {""YES"": 11.3125, ""NO"": 9.21875}, ""corrected_scores"": {""YES"": -0.1015625, ""NO"": 0.359375}, ""scoring_mode"": ""bias_corrected_choice_logits"", ""selected_short_label"": ""NO""}"
17,EleutherAI/pythia-1b,pythia,1b,baseline_helpful,bft_eval_04,diagnosis,Diagnose why a paragraph feels intelligent and informed but still fails to tell the reader what matters most.,scrambled_profile,HEDGE,hedge_density,1.0,0.0,0.0,1.0,NO,0.6370307803153992,,"{""raw_logit_scores"": {""YES"": 11.1328125, ""NO"": 9.6015625}, ""label_bias_scores"": {""YES"": 11.3125, ""NO"": 9.21875}, ""corrected_scores"": {""YES"": -0.1796875, ""NO"": 0.3828125}, ""scoring_mode"": ""bias_corrected_choice_logits"", ""selected_short_label"": ""NO""}"
17,EleutherAI/pythia-1b,pythia,1b,baseline_helpful,bft_eval_04,diagnosis,Diagnose why a paragraph feels intelligent and informed but still fails to tell the reader what matters most.,scrambled_profile,FIRST_PERSON,first_person_rate,1.0,0.0,1.0,0.0,NO,0.6020615696907043,,"{""raw_logit_scores"": {""YES"": 11.1640625, ""NO"": 9.484375}, ""label_bias_scores"": {""YES"": 11.3125, ""NO"": 9.21875}, ""corrected_scores"": {""YES"": -0.1484375, ""NO"": 0.265625}, ""scoring_mode"": ""bias_corrected_choice_logits"", ""selected_short_label"": ""NO""}"
17,EleutherAI/pythia-1b,pythia,1b,baseline_helpful,bft_eval_04,diagnosis,Diagnose why a paragraph feels intelligent and informed but still fails to tell the reader what matters most.,scrambled_profile,DIRECTIVE,directive_rate,1.0,0.0,1.0,0.0,NO,0.6893056035041809,,"{""raw_logit_scores"": {""YES"": 11.5234375, ""NO"": 10.2265625}, ""label_bias_scores"": {""YES"": 11.3125, ""NO"": 9.21875}, ""corrected_scores"": {""YES"": 0.2109375, ""NO"": 1.0078125}, ""scoring_mode"": ""bias_corrected_choice_logits"", ""selected_short_label"": ""NO""}"
17,EleutherAI/pythia-1b,pythia,1b,baseline_helpful,bft_eval_05,comparison,Compare an internal checklist and a polished postmortem as tools for preventing the same operational mistake twice.,self_profile,ELABORATE,avg_sentence_length,1.0,0.0,1.0,0.0,NO,0.6495786309242249,,"{""raw_logit_scores"": {""YES"": 10.90625, ""NO"": 9.4296875}, ""label_bias_scores"": {""YES"": 11.3125, ""NO"": 9.21875}, ""corrected_scores"": {""YES"": -0.40625, ""NO"": 0.2109375}, ""scoring_mode"": ""bias_corrected_choice_logits"", ""selected_short_label"": ""NO""}"
17,EleutherAI/pythia-1b,pythia,1b,baseline_helpful,bft_eval_05,comparison,Compare an internal checklist and a polished postmortem as tools for preventing the same operational mistake twice.,self_profile,HEDGE,hedge_density,1.0,0.0,1.0,0.0,NO,0.6619228720664978,,"{""raw_logit_scores"": {""YES"": 10.84375, ""NO"": 9.421875}, ""label_bias_scores"": {""YES"": 11.3125, ""NO"": 9.21875}, ""corrected_scores"": {""YES"": -0.46875, ""NO"": 0.203125}, ""scoring_mode"": ""bias_corrected_choice_logits"", ""selected_short_label"": ""NO""}"
17,EleutherAI/pythia-1b,pythia,1b,baseline_helpful,bft_eval_05,comparison,Compare an internal checklist and a polished postmortem as tools for preventing the same operational mistake twice.,self_profile,FIRST_PERSON,first_person_rate,1.0,0.0,1.0,0.0,NO,0.6495786309242249,,"{""raw_logit_scores"": {""YES"": 10.8984375, ""NO"": 9.421875}, ""label_bias_scores"": {""YES"": 11.3125, ""NO"": 9.21875}, ""corrected_scores"": {""YES"": -0.4140625, ""NO"": 0.203125}, ""scoring_mode"": ""bias_corrected_choice_logits"", ""selected_short_label"": ""NO""}"
17,EleutherAI/pythia-1b,pythia,1b,baseline_helpful,bft_eval_05,comparison,Compare an internal checklist and a polished postmortem as tools for preventing the same operational mistake twice.,self_profile,DIRECTIVE,directive_rate,1.0,0.0,1.0,0.0,NO,0.7154240012168884,,"{""raw_logit_scores"": {""YES"": 11.21875, ""NO"": 10.046875}, ""label_bias_scores"": {""YES"": 11.3125, ""NO"": 9.21875}, ""corrected_scores"": {""YES"": -0.09375, ""NO"": 0.828125}, ""scoring_mode"": ""bias_corrected_choice_logits"", ""selected_short_label"": ""NO""}"
17,EleutherAI/pythia-1b,pythia,1b,baseline_helpful,bft_eval_05,comparison,Compare an internal checklist and a polished postmortem as tools for preventing the same operational mistake twice.,matched_decoy,ELABORATE,avg_sentence_length,1.0,0.0,1.0,0.0,NO,0.6636689305305481,,"{""raw_logit_scores"": {""YES"": 10.90625, ""NO"": 9.4921875}, ""label_bias_scores"": {""YES"": 11.3125, ""NO"": 9.21875}, ""corrected_scores"": {""YES"": -0.40625, ""NO"": 0.2734375}, ""scoring_mode"": ""bias_corrected_choice_logits"", ""selected_short_label"": ""NO""}"
17,EleutherAI/pythia-1b,pythia,1b,baseline_helpful,bft_eval_05,comparison,Compare an internal checklist and a polished postmortem as tools for preventing the same operational mistake twice.,matched_decoy,HEDGE,hedge_density,1.0,0.0,1.0,0.0,NO,0.6757646203041077,,"{""raw_logit_scores"": {""YES"": 10.828125, ""NO"": 9.46875}, ""label_bias_scores"": {""YES"": 11.3125, ""NO"": 9.21875}, ""corrected_scores"": {""YES"": -0.484375, ""NO"": 0.25}, ""scoring_mode"": ""bias_corrected_choice_logits"", ""selected_short_label"": ""NO""}"
17,EleutherAI/pythia-1b,pythia,1b,baseline_helpful,bft_eval_05,comparison,Compare an internal checklist and a polished postmortem as tools for preventing the same operational mistake twice.,matched_decoy,FIRST_PERSON,first_person_rate,1.0,0.0,1.0,0.0,NO,0.6619228720664978,,"{""raw_logit_scores"": {""YES"": 10.90625, ""NO"": 9.484375}, ""label_bias_scores"": {""YES"": 11.3125, ""NO"": 9.21875}, ""corrected_scores"": {""YES"": -0.40625, ""NO"": 0.265625}, ""scoring_mode"": ""bias_corrected_choice_logits"", ""selected_short_label"": ""NO""}"
17,EleutherAI/pythia-1b,pythia,1b,baseline_helpful,bft_eval_05,comparison,Compare an internal checklist and a polished postmortem as tools for preventing the same operational mistake twice.,matched_decoy,DIRECTIVE,directive_rate,1.0,0.0,1.0,0.0,NO,0.7279754281044006,,"{""raw_logit_scores"": {""YES"": 11.1953125, ""NO"": 10.0859375}, ""label_bias_scores"": {""YES"": 11.3125, ""NO"": 9.21875}, ""corrected_scores"": {""YES"": -0.1171875, ""NO"": 0.8671875}, ""scoring_mode"": ""bias_corrected_choice_logits"", ""selected_short_label"": ""NO""}"
17,EleutherAI/pythia-1b,pythia,1b,baseline_helpful,bft_eval_05,comparison,Compare an internal checklist and a polished postmortem as tools for preventing the same operational mistake twice.,scrambled_profile,ELABORATE,avg_sentence_length,1.0,0.0,1.0,0.0,NO,0.6619228720664978,,"{""raw_logit_scores"": {""YES"": 10.9140625, ""NO"": 9.4921875}, ""label_bias_scores"": {""YES"": 11.3125, ""NO"": 9.21875}, ""corrected_scores"": {""YES"": -0.3984375, ""NO"": 0.2734375}, ""scoring_mode"": ""bias_corrected_choice_logits"", ""selected_short_label"": ""NO""}"
17,EleutherAI/pythia-1b,pythia,1b,baseline_helpful,bft_eval_05,comparison,Compare an internal checklist and a polished postmortem as tools for preventing the same operational mistake twice.,scrambled_profile,HEDGE,hedge_density,1.0,0.0,1.0,0.0,NO,0.66888028383255,,"{""raw_logit_scores"": {""YES"": 10.84375, ""NO"": 9.453125}, ""label_bias_scores"": {""YES"": 11.3125, ""NO"": 9.21875}, ""corrected_scores"": {""YES"": -0.46875, ""NO"": 0.234375}, ""scoring_mode"": ""bias_corrected_choice_logits"", ""selected_short_label"": ""NO""}"
17,EleutherAI/pythia-1b,pythia,1b,baseline_helpful,bft_eval_05,comparison,Compare an internal checklist and a polished postmortem as tools for preventing the same operational mistake twice.,scrambled_profile,FIRST_PERSON,first_person_rate,1.0,0.0,1.0,0.0,NO,0.6566582322120667,,"{""raw_logit_scores"": {""YES"": 10.8984375, ""NO"": 9.453125}, ""label_bias_scores"": {""YES"": 11.3125, ""NO"": 9.21875}, ""corrected_scores"": {""YES"": -0.4140625, ""NO"": 0.234375}, ""scoring_mode"": ""bias_corrected_choice_logits"", ""selected_short_label"": ""NO""}"
17,EleutherAI/pythia-1b,pythia,1b,baseline_helpful,bft_eval_05,comparison,Compare an internal checklist and a polished postmortem as tools for preventing the same operational mistake twice.,scrambled_profile,DIRECTIVE,directive_rate,1.0,0.0,1.0,0.0,NO,0.7217432260513306,,"{""raw_logit_scores"": {""YES"": 11.21875, ""NO"": 10.078125}, ""label_bias_scores"": {""YES"": 11.3125, ""NO"": 9.21875}, ""corrected_scores"": {""YES"": -0.09375, ""NO"": 0.859375}, ""scoring_mode"": ""bias_corrected_choice_logits"", ""selected_short_label"": ""NO""}"
17,EleutherAI/pythia-1b,pythia,1b,baseline_helpful,bft_eval_06,planning,Sketch a short plan for helping a student narrow a thesis topic without draining the curiosity out of it.,self_profile,ELABORATE,avg_sentence_length,1.0,0.0,0.0,1.0,NO,0.6477982401847839,,"{""raw_logit_scores"": {""YES"": 11.3046875, ""NO"": 9.8203125}, ""label_bias_scores"": {""YES"": 11.3125, ""NO"": 9.21875}, ""corrected_scores"": {""YES"": -0.0078125, ""NO"": 0.6015625}, ""scoring_mode"": ""bias_corrected_choice_logits"", ""selected_short_label"": ""NO""}"
17,EleutherAI/pythia-1b,pythia,1b,baseline_helpful,bft_eval_06,planning,Sketch a short plan for helping a student narrow a thesis topic without draining the curiosity out of it.,self_profile,HEDGE,hedge_density,1.0,0.0,1.0,0.0,NO,0.66888028383255,,"{""raw_logit_scores"": {""YES"": 11.15625, ""NO"": 9.765625}, ""label_bias_scores"": {""YES"": 11.3125, ""NO"": 9.21875}, ""corrected_scores"": {""YES"": -0.15625, ""NO"": 0.546875}, ""scoring_mode"": ""bias_corrected_choice_logits"", ""selected_short_label"": ""NO""}"
17,EleutherAI/pythia-1b,pythia,1b,baseline_helpful,bft_eval_06,planning,Sketch a short plan for helping a student narrow a thesis topic without draining the curiosity out of it.,self_profile,FIRST_PERSON,first_person_rate,1.0,0.0,1.0,0.0,NO,0.6460136771202087,,"{""raw_logit_scores"": {""YES"": 11.1953125, ""NO"": 9.703125}, ""label_bias_scores"": {""YES"": 11.3125, ""NO"": 9.21875}, ""corrected_scores"": {""YES"": -0.1171875, ""NO"": 0.484375}, ""scoring_mode"": ""bias_corrected_choice_logits"", ""selected_short_label"": ""NO""}"
17,EleutherAI/pythia-1b,pythia,1b,baseline_helpful,bft_eval_06,planning,Sketch a short plan for helping a student narrow a thesis topic without draining the curiosity out of it.,self_profile,DIRECTIVE,directive_rate,1.0,0.0,1.0,0.0,NO,0.7279754281044006,,"{""raw_logit_scores"": {""YES"": 11.515625, ""NO"": 10.40625}, ""label_bias_scores"": {""YES"": 11.3125, ""NO"": 9.21875}, ""corrected_scores"": {""YES"": 0.203125, ""NO"": 1.1875}, ""scoring_mode"": ""bias_corrected_choice_logits"", ""selected_short_label"": ""NO""}"
17,EleutherAI/pythia-1b,pythia,1b,baseline_helpful,bft_eval_06,planning,Sketch a short plan for helping a student narrow a thesis topic without draining the curiosity out of it.,matched_decoy,ELABORATE,avg_sentence_length,1.0,0.0,0.0,1.0,NO,0.6601723432540894,,"{""raw_logit_scores"": {""YES"": 11.296875, ""NO"": 9.8671875}, ""label_bias_scores"": {""YES"": 11.3125, ""NO"": 9.21875}, ""corrected_scores"": {""YES"": -0.015625, ""NO"": 0.6484375}, ""scoring_mode"": ""bias_corrected_choice_logits"", ""selected_short_label"": ""NO""}"
17,EleutherAI/pythia-1b,pythia,1b,baseline_helpful,bft_eval_06,planning,Sketch a short plan for helping a student narrow a thesis topic without draining the curiosity out of it.,matched_decoy,HEDGE,hedge_density,1.0,0.0,1.0,0.0,NO,0.6825737357139587,,"{""raw_logit_scores"": {""YES"": 11.1484375, ""NO"": 9.8203125}, ""label_bias_scores"": {""YES"": 11.3125, ""NO"": 9.21875}, ""corrected_scores"": {""YES"": -0.1640625, ""NO"": 0.6015625}, ""scoring_mode"": ""bias_corrected_choice_logits"", ""selected_short_label"": ""NO""}"
17,EleutherAI/pythia-1b,pythia,1b,baseline_helpful,bft_eval_06,planning,Sketch a short plan for helping a student narrow a thesis topic without draining the curiosity out of it.,matched_decoy,FIRST_PERSON,first_person_rate,1.0,0.0,1.0,0.0,NO,0.6566582322120667,,"{""raw_logit_scores"": {""YES"": 11.2109375, ""NO"": 9.765625}, ""label_bias_scores"": {""YES"": 11.3125, ""NO"": 9.21875}, ""corrected_scores"": {""YES"": -0.1015625, ""NO"": 0.546875}, ""scoring_mode"": ""bias_corrected_choice_logits"", ""selected_short_label"": ""NO""}"
17,EleutherAI/pythia-1b,pythia,1b,baseline_helpful,bft_eval_06,planning,Sketch a short plan for helping a student narrow a thesis topic without draining the curiosity out of it.,matched_decoy,DIRECTIVE,directive_rate,1.0,0.0,1.0,0.0,NO,0.7371581792831421,,"{""raw_logit_scores"": {""YES"": 11.5078125, ""NO"": 10.4453125}, ""label_bias_scores"": {""YES"": 11.3125, ""NO"": 9.21875}, ""corrected_scores"": {""YES"": 0.1953125, ""NO"": 1.2265625}, ""scoring_mode"": ""bias_corrected_choice_logits"", ""selected_short_label"": ""NO""}"
17,EleutherAI/pythia-1b,pythia,1b,baseline_helpful,bft_eval_06,planning,Sketch a short plan for helping a student narrow a thesis topic without draining the curiosity out of it.,scrambled_profile,ELABORATE,avg_sentence_length,1.0,0.0,0.0,1.0,NO,0.6477982401847839,,"{""raw_logit_scores"": {""YES"": 11.328125, ""NO"": 9.84375}, ""label_bias_scores"": {""YES"": 11.3125, ""NO"": 9.21875}, ""corrected_scores"": {""YES"": 0.015625, ""NO"": 0.625}, ""scoring_mode"": ""bias_corrected_choice_logits"", ""selected_short_label"": ""NO""}"
17,EleutherAI/pythia-1b,pythia,1b,baseline_helpful,bft_eval_06,planning,Sketch a short plan for helping a student narrow a thesis topic without draining the curiosity out of it.,scrambled_profile,HEDGE,hedge_density,1.0,0.0,1.0,0.0,NO,0.672331690788269,,"{""raw_logit_scores"": {""YES"": 11.171875, ""NO"": 9.796875}, ""label_bias_scores"": {""YES"": 11.3125, ""NO"": 9.21875}, ""corrected_scores"": {""YES"": -0.140625, ""NO"": 0.578125}, ""scoring_mode"": ""bias_corrected_choice_logits"", ""selected_short_label"": ""NO""}"
17,EleutherAI/pythia-1b,pythia,1b,baseline_helpful,bft_eval_06,planning,Sketch a short plan for helping a student narrow a thesis topic without draining the curiosity out of it.,scrambled_profile,FIRST_PERSON,first_person_rate,1.0,0.0,1.0,0.0,NO,0.6477982401847839,,"{""raw_logit_scores"": {""YES"": 11.21875, ""NO"": 9.734375}, ""label_bias_scores"": {""YES"": 11.3125, ""NO"": 9.21875}, ""corrected_scores"": {""YES"": -0.09375, ""NO"": 0.515625}, ""scoring_mode"": ""bias_corrected_choice_logits"", ""selected_short_label"": ""NO""}"
17,EleutherAI/pythia-1b,pythia,1b,baseline_helpful,bft_eval_06,planning,Sketch a short plan for helping a student narrow a thesis topic without draining the curiosity out of it.,scrambled_profile,DIRECTIVE,directive_rate,1.0,0.0,1.0,0.0,NO,0.7279754281044006,,"{""raw_logit_scores"": {""YES"": 11.53125, ""NO"": 10.421875}, ""label_bias_scores"": {""YES"": 11.3125, ""NO"": 9.21875}, ""corrected_scores"": {""YES"": 0.21875, ""NO"": 1.203125}, ""scoring_mode"": ""bias_corrected_choice_logits"", ""selected_short_label"": ""NO""}"
17,EleutherAI/pythia-1b,pythia,1b,baseline_helpful,bft_eval_07,rewrite,Rewrite this rough instruction into something more useful to a teammate: 'Probably check the assumptions and logs before changing the code again.',self_profile,ELABORATE,avg_sentence_length,1.0,0.0,0.0,1.0,NO,0.6808785796165466,,"{""raw_logit_scores"": {""YES"": 11.140625, ""NO"": 9.8046875}, ""label_bias_scores"": {""YES"": 11.3125, ""NO"": 9.21875}, ""corrected_scores"": {""YES"": -0.171875, ""NO"": 0.5859375}, ""scoring_mode"": ""bias_corrected_choice_logits"", ""selected_short_label"": ""NO""}"
17,EleutherAI/pythia-1b,pythia,1b,baseline_helpful,bft_eval_07,rewrite,Rewrite this rough instruction into something more useful to a teammate: 'Probably check the assumptions and logs before changing the code again.',self_profile,HEDGE,hedge_density,1.0,0.0,0.0,1.0,NO,0.7025300860404968,,"{""raw_logit_scores"": {""YES"": 10.9765625, ""NO"": 9.7421875}, ""label_bias_scores"": {""YES"": 11.3125, ""NO"": 9.21875}, ""corrected_scores"": {""YES"": -0.3359375, ""NO"": 0.5234375}, ""scoring_mode"": ""bias_corrected_choice_logits"", ""selected_short_label"": ""NO""}"
17,EleutherAI/pythia-1b,pythia,1b,baseline_helpful,bft_eval_07,rewrite,Rewrite this rough instruction into something more useful to a teammate: 'Probably check the assumptions and logs before changing the code again.',self_profile,FIRST_PERSON,first_person_rate,1.0,0.0,0.0,1.0,NO,0.6757646203041077,,"{""raw_logit_scores"": {""YES"": 11.0625, ""NO"": 9.703125}, ""label_bias_scores"": {""YES"": 11.3125, ""NO"": 9.21875}, ""corrected_scores"": {""YES"": -0.25, ""NO"": 0.484375}, ""scoring_mode"": ""bias_corrected_choice_logits"", ""selected_short_label"": ""NO""}"
17,EleutherAI/pythia-1b,pythia,1b,baseline_helpful,bft_eval_07,rewrite,Rewrite this rough instruction into something more useful to a teammate: 'Probably check the assumptions and logs before changing the code again.',self_profile,DIRECTIVE,directive_rate,1.0,0.0,0.0,1.0,NO,0.7704647779464722,,"{""raw_logit_scores"": {""YES"": 11.2421875, ""NO"": 10.359375}, ""label_bias_scores"": {""YES"": 11.3125, ""NO"": 9.21875}, ""corrected_scores"": {""YES"": -0.0703125, ""NO"": 1.140625}, ""scoring_mode"": ""bias_corrected_choice_logits"", ""selected_short_label"": ""NO""}"
17,EleutherAI/pythia-1b,pythia,1b,baseline_helpful,bft_eval_07,rewrite,Rewrite this rough instruction into something more useful to a teammate: 'Probably check the assumptions and logs before changing the code again.',matched_decoy,ELABORATE,avg_sentence_length,1.0,0.0,0.0,1.0,NO,0.6926419734954834,,"{""raw_logit_scores"": {""YES"": 11.1640625, ""NO"": 9.8828125}, ""label_bias_scores"": {""YES"": 11.3125, ""NO"": 9.21875}, ""corrected_scores"": {""YES"": -0.1484375, ""NO"": 0.6640625}, ""scoring_mode"": ""bias_corrected_choice_logits"", ""selected_short_label"": ""NO""}"
17,EleutherAI/pythia-1b,pythia,1b,baseline_helpful,bft_eval_07,rewrite,Rewrite this rough instruction into something more useful to a teammate: 'Probably check the assumptions and logs before changing the code again.',matched_decoy,HEDGE,hedge_density,1.0,0.0,0.0,1.0,NO,0.7154240012168884,,"{""raw_logit_scores"": {""YES"": 10.9765625, ""NO"": 9.8046875}, ""label_bias_scores"": {""YES"": 11.3125, ""NO"": 9.21875}, ""corrected_scores"": {""YES"": -0.3359375, ""NO"": 0.5859375}, ""scoring_mode"": ""bias_corrected_choice_logits"", ""selected_short_label"": ""NO""}"
17,EleutherAI/pythia-1b,pythia,1b,baseline_helpful,bft_eval_07,rewrite,Rewrite this rough instruction into something more useful to a teammate: 'Probably check the assumptions and logs before changing the code again.',matched_decoy,FIRST_PERSON,first_person_rate,1.0,0.0,0.0,1.0,NO,0.6876299977302551,,"{""raw_logit_scores"": {""YES"": 11.09375, ""NO"": 9.7890625}, ""label_bias_scores"": {""YES"": 11.3125, ""NO"": 9.21875}, ""corrected_scores"": {""YES"": -0.21875, ""NO"": 0.5703125}, ""scoring_mode"": ""bias_corrected_choice_logits"", ""selected_short_label"": ""NO""}"
17,EleutherAI/pythia-1b,pythia,1b,baseline_helpful,bft_eval_07,rewrite,Rewrite this rough instruction into something more useful to a teammate: 'Probably check the assumptions and logs before changing the code again.',matched_decoy,DIRECTIVE,directive_rate,1.0,0.0,0.0,1.0,NO,0.7799928784370422,,"{""raw_logit_scores"": {""YES"": 11.25, ""NO"": 10.421875}, ""label_bias_scores"": {""YES"": 11.3125, ""NO"": 9.21875}, ""corrected_scores"": {""YES"": -0.0625, ""NO"": 1.203125}, ""scoring_mode"": ""bias_corrected_choice_logits"", ""selected_short_label"": ""NO""}"
17,EleutherAI/pythia-1b,pythia,1b,baseline_helpful,bft_eval_07,rewrite,Rewrite this rough instruction into something more useful to a teammate: 'Probably check the assumptions and logs before changing the code again.',scrambled_profile,ELABORATE,avg_sentence_length,1.0,0.0,0.0,1.0,NO,0.6808785796165466,,"{""raw_logit_scores"": {""YES"": 11.125, ""NO"": 9.7890625}, ""label_bias_scores"": {""YES"": 11.3125, ""NO"": 9.21875}, ""corrected_scores"": {""YES"": -0.1875, ""NO"": 0.5703125}, ""scoring_mode"": ""bias_corrected_choice_logits"", ""selected_short_label"": ""NO""}"
17,EleutherAI/pythia-1b,pythia,1b,baseline_helpful,bft_eval_07,rewrite,Rewrite this rough instruction into something more useful to a teammate: 'Probably check the assumptions and logs before changing the code again.',scrambled_profile,HEDGE,hedge_density,1.0,0.0,0.0,1.0,NO,0.7041601538658142,,"{""raw_logit_scores"": {""YES"": 10.953125, ""NO"": 9.7265625}, ""label_bias_scores"": {""YES"": 11.3125, ""NO"": 9.21875}, ""corrected_scores"": {""YES"": -0.359375, ""NO"": 0.5078125}, ""scoring_mode"": ""bias_corrected_choice_logits"", ""selected_short_label"": ""NO""}"
17,EleutherAI/pythia-1b,pythia,1b,baseline_helpful,bft_eval_07,rewrite,Rewrite this rough instruction into something more useful to a teammate: 'Probably check the assumptions and logs before changing the code again.',scrambled_profile,FIRST_PERSON,first_person_rate,1.0,0.0,0.0,1.0,NO,0.6757646203041077,,"{""raw_logit_scores"": {""YES"": 11.0390625, ""NO"": 9.6796875}, ""label_bias_scores"": {""YES"": 11.3125, ""NO"": 9.21875}, ""corrected_scores"": {""YES"": -0.2734375, ""NO"": 0.4609375}, ""scoring_mode"": ""bias_corrected_choice_logits"", ""selected_short_label"": ""NO""}"
17,EleutherAI/pythia-1b,pythia,1b,baseline_helpful,bft_eval_07,rewrite,Rewrite this rough instruction into something more useful to a teammate: 'Probably check the assumptions and logs before changing the code again.',scrambled_profile,DIRECTIVE,directive_rate,1.0,0.0,0.0,1.0,NO,0.7704647779464722,,"{""raw_logit_scores"": {""YES"": 11.203125, ""NO"": 10.3203125}, ""label_bias_scores"": {""YES"": 11.3125, ""NO"": 9.21875}, ""corrected_scores"": {""YES"": -0.109375, ""NO"": 1.1015625}, ""scoring_mode"": ""bias_corrected_choice_logits"", ""selected_short_label"": ""NO""}"
17,EleutherAI/pythia-1b,pythia,1b,baseline_helpful,bft_eval_08,judgment,"Decide whether office hours help students mainly by clarifying content, lowering avoidance, or creating accountability, and explain your judgment.",self_profile,ELABORATE,avg_sentence_length,1.0,0.0,1.0,0.0,NO,0.6279512047767639,,"{""raw_logit_scores"": {""YES"": 11.109375, ""NO"": 9.5390625}, ""label_bias_scores"": {""YES"": 11.3125, ""NO"": 9.21875}, ""corrected_scores"": {""YES"": -0.203125, ""NO"": 0.3203125}, ""scoring_mode"": ""bias_corrected_choice_logits"", ""selected_short_label"": ""NO""}"
17,EleutherAI/pythia-1b,pythia,1b,baseline_helpful,bft_eval_08,judgment,"Decide whether office hours help students mainly by clarifying content, lowering avoidance, or creating accountability, and explain your judgment.",self_profile,HEDGE,hedge_density,1.0,0.0,1.0,0.0,NO,0.6334102749824524,,"{""raw_logit_scores"": {""YES"": 11.0390625, ""NO"": 9.4921875}, ""label_bias_scores"": {""YES"": 11.3125, ""NO"": 9.21875}, ""corrected_scores"": {""YES"": -0.2734375, ""NO"": 0.2734375}, ""scoring_mode"": ""bias_corrected_choice_logits"", ""selected_short_label"": ""NO""}"
17,EleutherAI/pythia-1b,pythia,1b,baseline_helpful,bft_eval_08,judgment,"Decide whether office hours help students mainly by clarifying content, lowering avoidance, or creating accountability, and explain your judgment.",self_profile,FIRST_PERSON,first_person_rate,1.0,0.0,1.0,0.0,NO,0.6057990193367004,,"{""raw_logit_scores"": {""YES"": 11.078125, ""NO"": 9.4140625}, ""label_bias_scores"": {""YES"": 11.3125, ""NO"": 9.21875}, ""corrected_scores"": {""YES"": -0.234375, ""NO"": 0.1953125}, ""scoring_mode"": ""bias_corrected_choice_logits"", ""selected_short_label"": ""NO""}"
17,EleutherAI/pythia-1b,pythia,1b,baseline_helpful,bft_eval_08,judgment,"Decide whether office hours help students mainly by clarifying content, lowering avoidance, or creating accountability, and explain your judgment.",self_profile,DIRECTIVE,directive_rate,1.0,0.0,0.0,1.0,NO,0.6959583163261414,,"{""raw_logit_scores"": {""YES"": 11.34375, ""NO"": 10.078125}, ""label_bias_scores"": {""YES"": 11.3125, ""NO"": 9.21875}, ""corrected_scores"": {""YES"": 0.03125, ""NO"": 0.859375}, ""scoring_mode"": ""bias_corrected_choice_logits"", ""selected_short_label"": ""NO""}"
17,EleutherAI/pythia-1b,pythia,1b,baseline_helpful,bft_eval_08,judgment,"Decide whether office hours help students mainly by clarifying content, lowering avoidance, or creating accountability, and explain your judgment.",matched_decoy,ELABORATE,avg_sentence_length,1.0,0.0,1.0,0.0,NO,0.6442250609397888,,"{""raw_logit_scores"": {""YES"": 11.109375, ""NO"": 9.609375}, ""label_bias_scores"": {""YES"": 11.3125, ""NO"": 9.21875}, ""corrected_scores"": {""YES"": -0.203125, ""NO"": 0.390625}, ""scoring_mode"": ""bias_corrected_choice_logits"", ""selected_short_label"": ""NO""}"
17,EleutherAI/pythia-1b,pythia,1b,baseline_helpful,bft_eval_08,judgment,"Decide whether office hours help students mainly by clarifying content, lowering avoidance, or creating accountability, and explain your judgment.",matched_decoy,HEDGE,hedge_density,1.0,0.0,1.0,0.0,NO,0.6477982401847839,,"{""raw_logit_scores"": {""YES"": 11.03125, ""NO"": 9.546875}, ""label_bias_scores"": {""YES"": 11.3125, ""NO"": 9.21875}, ""corrected_scores"": {""YES"": -0.28125, ""NO"": 0.328125}, ""scoring_mode"": ""bias_corrected_choice_logits"", ""selected_short_label"": ""NO""}"
17,EleutherAI/pythia-1b,pythia,1b,baseline_helpful,bft_eval_08,judgment,"Decide whether office hours help students mainly by clarifying content, lowering avoidance, or creating accountability, and explain your judgment.",matched_decoy,FIRST_PERSON,first_person_rate,1.0,0.0,1.0,0.0,NO,0.6187804341316223,,"{""raw_logit_scores"": {""YES"": 11.1015625, ""NO"": 9.4921875}, ""label_bias_scores"": {""YES"": 11.3125, ""NO"": 9.21875}, ""corrected_scores"": {""YES"": -0.2109375, ""NO"": 0.2734375}, ""scoring_mode"": ""bias_corrected_choice_logits"", ""selected_short_label"": ""NO""}"
17,EleutherAI/pythia-1b,pythia,1b,baseline_helpful,bft_eval_08,judgment,"Decide whether office hours help students mainly by clarifying content, lowering avoidance, or creating accountability, and explain your judgment.",matched_decoy,DIRECTIVE,directive_rate,1.0,0.0,0.0,1.0,NO,0.709019124507904,,"{""raw_logit_scores"": {""YES"": 11.34375, ""NO"": 10.140625}, ""label_bias_scores"": {""YES"": 11.3125, ""NO"": 9.21875}, ""corrected_scores"": {""YES"": 0.03125, ""NO"": 0.921875}, ""scoring_mode"": ""bias_corrected_choice_logits"", ""selected_short_label"": ""NO""}"
17,EleutherAI/pythia-1b,pythia,1b,baseline_helpful,bft_eval_08,judgment,"Decide whether office hours help students mainly by clarifying content, lowering avoidance, or creating accountability, and explain your judgment.",scrambled_profile,ELABORATE,avg_sentence_length,1.0,0.0,1.0,0.0,NO,0.6242935657501221,,"{""raw_logit_scores"": {""YES"": 11.1328125, ""NO"": 9.546875}, ""label_bias_scores"": {""YES"": 11.3125, ""NO"": 9.21875}, ""corrected_scores"": {""YES"": -0.1796875, ""NO"": 0.328125}, ""scoring_mode"": ""bias_corrected_choice_logits"", ""selected_short_label"": ""NO""}"
17,EleutherAI/pythia-1b,pythia,1b,baseline_helpful,bft_eval_08,judgment,"Decide whether office hours help students mainly by clarifying content, lowering avoidance, or creating accountability, and explain your judgment.",scrambled_profile,HEDGE,hedge_density,1.0,0.0,1.0,0.0,NO,0.6297746300697327,,"{""raw_logit_scores"": {""YES"": 11.046875, ""NO"": 9.484375}, ""label_bias_scores"": {""YES"": 11.3125, ""NO"": 9.21875}, ""corrected_scores"": {""YES"": -0.265625, ""NO"": 0.265625}, ""scoring_mode"": ""bias_corrected_choice_logits"", ""selected_short_label"": ""NO""}"
17,EleutherAI/pythia-1b,pythia,1b,baseline_helpful,bft_eval_08,judgment,"Decide whether office hours help students mainly by clarifying content, lowering avoidance, or creating accountability, and explain your judgment.",scrambled_profile,FIRST_PERSON,first_person_rate,1.0,0.0,1.0,0.0,NO,0.6001883149147034,,"{""raw_logit_scores"": {""YES"": 11.09375, ""NO"": 9.40625}, ""label_bias_scores"": {""YES"": 11.3125, ""NO"": 9.21875}, ""corrected_scores"": {""YES"": -0.21875, ""NO"": 0.1875}, ""scoring_mode"": ""bias_corrected_choice_logits"", ""selected_short_label"": ""NO""}"
17,EleutherAI/pythia-1b,pythia,1b,baseline_helpful,bft_eval_08,judgment,"Decide whether office hours help students mainly by clarifying content, lowering avoidance, or creating accountability, and explain your judgment.",scrambled_profile,DIRECTIVE,directive_rate,1.0,0.0,0.0,1.0,NO,0.6909762620925903,,"{""raw_logit_scores"": {""YES"": 11.359375, ""NO"": 10.0703125}, ""label_bias_scores"": {""YES"": 11.3125, ""NO"": 9.21875}, ""corrected_scores"": {""YES"": 0.046875, ""NO"": 0.8515625}, ""scoring_mode"": ""bias_corrected_choice_logits"", ""selected_short_label"": ""NO""}"
23,EleutherAI/pythia-1b,pythia,1b,baseline_helpful,bft_eval_01,triage,A small lab keeps discovering conflicting spreadsheet versions after each handoff. What should the team do in the next day?,self_profile,ELABORATE,avg_sentence_length,1.0,0.0,1.0,0.0,NO,0.6740504503250122,,"{""raw_logit_scores"": {""YES"": 11.140625, ""NO"": 9.7734375}, ""label_bias_scores"": {""YES"": 11.3046875, ""NO"": 9.2109375}, ""corrected_scores"": {""YES"": -0.1640625, ""NO"": 0.5625}, ""scoring_mode"": ""bias_corrected_choice_logits"", ""selected_short_label"": ""NO""}"
23,EleutherAI/pythia-1b,pythia,1b,baseline_helpful,bft_eval_01,triage,A small lab keeps discovering conflicting spreadsheet versions after each handoff. What should the team do in the next day?,self_profile,HEDGE,hedge_density,1.0,0.0,1.0,0.0,NO,0.7217432260513306,,"{""raw_logit_scores"": {""YES"": 10.890625, ""NO"": 9.75}, ""label_bias_scores"": {""YES"": 11.3046875, ""NO"": 9.2109375}, ""corrected_scores"": {""YES"": -0.4140625, ""NO"": 0.5390625}, ""scoring_mode"": ""bias_corrected_choice_logits"", ""selected_short_label"": ""NO""}"
23,EleutherAI/pythia-1b,pythia,1b,baseline_helpful,bft_eval_01,triage,A small lab keeps discovering conflicting spreadsheet versions after each handoff. What should the team do in the next day?,self_profile,FIRST_PERSON,first_person_rate,1.0,0.0,0.0,1.0,NO,0.6893056035041809,,"{""raw_logit_scores"": {""YES"": 11.1328125, ""NO"": 9.8359375}, ""label_bias_scores"": {""YES"": 11.3046875, ""NO"": 9.2109375}, ""corrected_scores"": {""YES"": -0.171875, ""NO"": 0.625}, ""scoring_mode"": ""bias_corrected_choice_logits"", ""selected_short_label"": ""NO""}"
23,EleutherAI/pythia-1b,pythia,1b,baseline_helpful,bft_eval_01,triage,A small lab keeps discovering conflicting spreadsheet versions after each handoff. What should the team do in the next day?,self_profile,DIRECTIVE,directive_rate,1.0,0.0,1.0,0.0,NO,0.7866228222846985,,"{""raw_logit_scores"": {""YES"": 11.296875, ""NO"": 10.5078125}, ""label_bias_scores"": {""YES"": 11.3046875, ""NO"": 9.2109375}, ""corrected_scores"": {""YES"": -0.0078125, ""NO"": 1.296875}, ""scoring_mode"": ""bias_corrected_choice_logits"", ""selected_short_label"": ""NO""}"
23,EleutherAI/pythia-1b,pythia,1b,baseline_helpful,bft_eval_01,triage,A small lab keeps discovering conflicting spreadsheet versions after each handoff. What should the team do in the next day?,matched_decoy,ELABORATE,avg_sentence_length,1.0,0.0,1.0,0.0,NO,0.6774740219116211,,"{""raw_logit_scores"": {""YES"": 11.1328125, ""NO"": 9.78125}, ""label_bias_scores"": {""YES"": 11.3046875, ""NO"": 9.2109375}, ""corrected_scores"": {""YES"": -0.171875, ""NO"": 0.5703125}, ""scoring_mode"": ""bias_corrected_choice_logits"", ""selected_short_label"": ""NO""}"
23,EleutherAI/pythia-1b,pythia,1b,baseline_helpful,bft_eval_01,triage,A small lab keeps discovering conflicting spreadsheet versions after each handoff. What should the team do in the next day?,matched_decoy,HEDGE,hedge_density,1.0,0.0,1.0,0.0,NO,0.7217432260513306,,"{""raw_logit_scores"": {""YES"": 10.875, ""NO"": 9.734375}, ""label_bias_scores"": {""YES"": 11.3046875, ""NO"": 9.2109375}, ""corrected_scores"": {""YES"": -0.4296875, ""NO"": 0.5234375}, ""scoring_mode"": ""bias_corrected_choice_logits"", ""selected_short_label"": ""NO""}"
23,EleutherAI/pythia-1b,pythia,1b,baseline_helpful,bft_eval_01,triage,A small lab keeps discovering conflicting spreadsheet versions after each handoff. What should the team do in the next day?,matched_decoy,FIRST_PERSON,first_person_rate,1.0,0.0,0.0,1.0,NO,0.6909762620925903,,"{""raw_logit_scores"": {""YES"": 11.125, ""NO"": 9.8359375}, ""label_bias_scores"": {""YES"": 11.3046875, ""NO"": 9.2109375}, ""corrected_scores"": {""YES"": -0.1796875, ""NO"": 0.625}, ""scoring_mode"": ""bias_corrected_choice_logits"", ""selected_short_label"": ""NO""}"
23,EleutherAI/pythia-1b,pythia,1b,baseline_helpful,bft_eval_01,triage,A small lab keeps discovering conflicting spreadsheet versions after each handoff. What should the team do in the next day?,matched_decoy,DIRECTIVE,directive_rate,1.0,0.0,1.0,0.0,NO,0.7892336845397949,,"{""raw_logit_scores"": {""YES"": 11.28125, ""NO"": 10.5078125}, ""label_bias_scores"": {""YES"": 11.3046875, ""NO"": 9.2109375}, ""corrected_scores"": {""YES"": -0.0234375, ""NO"": 1.296875}, ""scoring_mode"": ""bias_corrected_choice_logits"", ""selected_short_label"": ""NO""}"
23,EleutherAI/pythia-1b,pythia,1b,baseline_helpful,bft_eval_01,triage,A small lab keeps discovering conflicting spreadsheet versions after each handoff. What should the team do in the next day?,scrambled_profile,ELABORATE,avg_sentence_length,1.0,0.0,1.0,0.0,NO,0.6706082820892334,,"{""raw_logit_scores"": {""YES"": 11.140625, ""NO"": 9.7578125}, ""label_bias_scores"": {""YES"": 11.3046875, ""NO"": 9.2109375}, ""corrected_scores"": {""YES"": -0.1640625, ""NO"": 0.546875}, ""scoring_mode"": ""bias_corrected_choice_logits"", ""selected_short_label"": ""NO""}"
23,EleutherAI/pythia-1b,pythia,1b,baseline_helpful,bft_eval_01,triage,A small lab keeps discovering conflicting spreadsheet versions after each handoff. What should the team do in the next day?,scrambled_profile,HEDGE,hedge_density,1.0,0.0,1.0,0.0,NO,0.7154240012168884,,"{""raw_logit_scores"": {""YES"": 10.8984375, ""NO"": 9.7265625}, ""label_bias_scores"": {""YES"": 11.3046875, ""NO"": 9.2109375}, ""corrected_scores"": {""YES"": -0.40625, ""NO"": 0.515625}, ""scoring_mode"": ""bias_corrected_choice_logits"", ""selected_short_label"": ""NO""}"
23,EleutherAI/pythia-1b,pythia,1b,baseline_helpful,bft_eval_01,triage,A small lab keeps discovering conflicting spreadsheet versions after each handoff. What should the team do in the next day?,scrambled_profile,FIRST_PERSON,first_person_rate,1.0,0.0,0.0,1.0,NO,0.6842640042304993,,"{""raw_logit_scores"": {""YES"": 11.125, ""NO"": 9.8046875}, ""label_bias_scores"": {""YES"": 11.3046875, ""NO"": 9.2109375}, ""corrected_scores"": {""YES"": -0.1796875, ""NO"": 0.59375}, ""scoring_mode"": ""bias_corrected_choice_logits"", ""selected_short_label"": ""NO""}"
23,EleutherAI/pythia-1b,pythia,1b,baseline_helpful,bft_eval_01,triage,A small lab keeps discovering conflicting spreadsheet versions after each handoff. What should the team do in the next day?,scrambled_profile,DIRECTIVE,directive_rate,1.0,0.0,1.0,0.0,NO,0.7839884757995605,,"{""raw_logit_scores"": {""YES"": 11.2890625, ""NO"": 10.484375}, ""label_bias_scores"": {""YES"": 11.3046875, ""NO"": 9.2109375}, ""corrected_scores"": {""YES"": -0.015625, ""NO"": 1.2734375}, ""scoring_mode"": ""bias_corrected_choice_logits"", ""selected_short_label"": ""NO""}"
23,EleutherAI/pythia-1b,pythia,1b,baseline_helpful,bft_eval_02,critique,Give feedback on a student memo that is energetic and polite but hides the recommendation until the final line.,self_profile,ELABORATE,avg_sentence_length,1.0,0.0,0.0,1.0,NO,0.6619228720664978,,"{""raw_logit_scores"": {""YES"": 11.328125, ""NO"": 9.90625}, ""label_bias_scores"": {""YES"": 11.3125, ""NO"": 9.21875}, ""corrected_scores"": {""YES"": 0.015625, ""NO"": 0.6875}, ""scoring_mode"": ""bias_corrected_choice_logits"", ""selected_short_label"": ""NO""}"
23,EleutherAI/pythia-1b,pythia,1b,baseline_helpful,bft_eval_02,critique,Give feedback on a student memo that is energetic and polite but hides the recommendation until the final line.,self_profile,HEDGE,hedge_density,1.0,0.0,0.0,1.0,NO,0.6442250609397888,,"{""raw_logit_scores"": {""YES"": 11.4453125, ""NO"": 9.9453125}, ""label_bias_scores"": {""YES"": 11.3125, ""NO"": 9.21875}, ""corrected_scores"": {""YES"": 0.1328125, ""NO"": 0.7265625}, ""scoring_mode"": ""bias_corrected_choice_logits"", ""selected_short_label"": ""NO""}"
23,EleutherAI/pythia-1b,pythia,1b,baseline_helpful,bft_eval_02,critique,Give feedback on a student memo that is energetic and polite but hides the recommendation until the final line.,self_profile,FIRST_PERSON,first_person_rate,1.0,0.0,0.0,1.0,NO,0.6460136771202087,,"{""raw_logit_scores"": {""YES"": 11.328125, ""NO"": 9.8359375}, ""label_bias_scores"": {""YES"": 11.3125, ""NO"": 9.21875}, ""corrected_scores"": {""YES"": 0.015625, ""NO"": 0.6171875}, ""scoring_mode"": ""bias_corrected_choice_logits"", ""selected_short_label"": ""NO""}"
23,EleutherAI/pythia-1b,pythia,1b,baseline_helpful,bft_eval_02,critique,Give feedback on a student memo that is energetic and polite but hides the recommendation until the final line.,self_profile,DIRECTIVE,directive_rate,1.0,0.0,0.0,1.0,NO,0.7217432260513306,,"{""raw_logit_scores"": {""YES"": 11.5625, ""NO"": 10.421875}, ""label_bias_scores"": {""YES"": 11.3125, ""NO"": 9.21875}, ""corrected_scores"": {""YES"": 0.25, ""NO"": 1.203125}, ""scoring_mode"": ""bias_corrected_choice_logits"", ""selected_short_label"": ""NO""}"
23,EleutherAI/pythia-1b,pythia,1b,baseline_helpful,bft_eval_02,critique,Give feedback on a student memo that is energetic and polite but hides the recommendation until the final line.,matched_decoy,ELABORATE,avg_sentence_length,1.0,0.0,0.0,1.0,NO,0.6601723432540894,,"{""raw_logit_scores"": {""YES"": 11.328125, ""NO"": 9.8984375}, ""label_bias_scores"": {""YES"": 11.3125, ""NO"": 9.21875}, ""corrected_scores"": {""YES"": 0.015625, ""NO"": 0.6796875}, ""scoring_mode"": ""bias_corrected_choice_logits"", ""selected_short_label"": ""NO""}"
23,EleutherAI/pythia-1b,pythia,1b,baseline_helpful,bft_eval_02,critique,Give feedback on a student memo that is energetic and polite but hides the recommendation until the final line.,matched_decoy,HEDGE,hedge_density,1.0,0.0,0.0,1.0,NO,0.6442250609397888,,"{""raw_logit_scores"": {""YES"": 11.4296875, ""NO"": 9.9296875}, ""label_bias_scores"": {""YES"": 11.3125, ""NO"": 9.21875}, ""corrected_scores"": {""YES"": 0.1171875, ""NO"": 0.7109375}, ""scoring_mode"": ""bias_corrected_choice_logits"", ""selected_short_label"": ""NO""}"
23,EleutherAI/pythia-1b,pythia,1b,baseline_helpful,bft_eval_02,critique,Give feedback on a student memo that is energetic and polite but hides the recommendation until the final line.,matched_decoy,FIRST_PERSON,first_person_rate,1.0,0.0,0.0,1.0,NO,0.6460136771202087,,"{""raw_logit_scores"": {""YES"": 11.3125, ""NO"": 9.8203125}, ""label_bias_scores"": {""YES"": 11.3125, ""NO"": 9.21875}, ""corrected_scores"": {""YES"": 0.0, ""NO"": 0.6015625}, ""scoring_mode"": ""bias_corrected_choice_logits"", ""selected_short_label"": ""NO""}"
23,EleutherAI/pythia-1b,pythia,1b,baseline_helpful,bft_eval_02,critique,Give feedback on a student memo that is energetic and polite but hides the recommendation until the final line.,matched_decoy,DIRECTIVE,directive_rate,1.0,0.0,0.0,1.0,NO,0.7217432260513306,,"{""raw_logit_scores"": {""YES"": 11.5546875, ""NO"": 10.4140625}, ""label_bias_scores"": {""YES"": 11.3125, ""NO"": 9.21875}, ""corrected_scores"": {""YES"": 0.2421875, ""NO"": 1.1953125}, ""scoring_mode"": ""bias_corrected_choice_logits"", ""selected_short_label"": ""NO""}"
23,EleutherAI/pythia-1b,pythia,1b,baseline_helpful,bft_eval_02,critique,Give feedback on a student memo that is energetic and polite but hides the recommendation until the final line.,scrambled_profile,ELABORATE,avg_sentence_length,1.0,0.0,0.0,1.0,NO,0.6619228720664978,,"{""raw_logit_scores"": {""YES"": 11.328125, ""NO"": 9.90625}, ""label_bias_scores"": {""YES"": 11.3125, ""NO"": 9.21875}, ""corrected_scores"": {""YES"": 0.015625, ""NO"": 0.6875}, ""scoring_mode"": ""bias_corrected_choice_logits"", ""selected_short_label"": ""NO""}"
23,EleutherAI/pythia-1b,pythia,1b,baseline_helpful,bft_eval_02,critique,Give feedback on a student memo that is energetic and polite but hides the recommendation until the final line.,scrambled_profile,HEDGE,hedge_density,1.0,0.0,0.0,1.0,NO,0.642432451248169,,"{""raw_logit_scores"": {""YES"": 11.4453125, ""NO"": 9.9375}, ""label_bias_scores"": {""YES"": 11.3125, ""NO"": 9.21875}, ""corrected_scores"": {""YES"": 0.1328125, ""NO"": 0.71875}, ""scoring_mode"": ""bias_corrected_choice_logits"", ""selected_short_label"": ""NO""}"
23,EleutherAI/pythia-1b,pythia,1b,baseline_helpful,bft_eval_02,critique,Give feedback on a student memo that is energetic and polite but hides the recommendation until the final line.,scrambled_profile,FIRST_PERSON,first_person_rate,1.0,0.0,0.0,1.0,NO,0.6442250609397888,,"{""raw_logit_scores"": {""YES"": 11.3203125, ""NO"": 9.8203125}, ""label_bias_scores"": {""YES"": 11.3125, ""NO"": 9.21875}, ""corrected_scores"": {""YES"": 0.0078125, ""NO"": 0.6015625}, ""scoring_mode"": ""bias_corrected_choice_logits"", ""selected_short_label"": ""NO""}"
23,EleutherAI/pythia-1b,pythia,1b,baseline_helpful,bft_eval_02,critique,Give feedback on a student memo that is energetic and polite but hides the recommendation until the final line.,scrambled_profile,DIRECTIVE,directive_rate,1.0,0.0,0.0,1.0,NO,0.7248703241348267,,"{""raw_logit_scores"": {""YES"": 11.546875, ""NO"": 10.421875}, ""label_bias_scores"": {""YES"": 11.3125, ""NO"": 9.21875}, ""corrected_scores"": {""YES"": 0.234375, ""NO"": 1.203125}, ""scoring_mode"": ""bias_corrected_choice_logits"", ""selected_short_label"": ""NO""}"
23,EleutherAI/pythia-1b,pythia,1b,baseline_helpful,bft_eval_03,policy,Write a short policy note on how a museum team should document changes to exhibit labels during revision.,self_profile,ELABORATE,avg_sentence_length,1.0,0.0,0.0,1.0,NO,0.6636689305305481,,"{""raw_logit_scores"": {""YES"": 10.7265625, ""NO"": 9.3125}, ""label_bias_scores"": {""YES"": 11.3125, ""NO"": 9.21875}, ""corrected_scores"": {""YES"": -0.5859375, ""NO"": 0.09375}, ""scoring_mode"": ""bias_corrected_choice_logits"", ""selected_short_label"": ""NO""}"
23,EleutherAI/pythia-1b,pythia,1b,baseline_helpful,bft_eval_03,policy,Write a short policy note on how a museum team should document changes to exhibit labels during revision.,self_profile,HEDGE,hedge_density,1.0,0.0,0.0,1.0,NO,0.672331690788269,,"{""raw_logit_scores"": {""YES"": 10.46875, ""NO"": 9.09375}, ""label_bias_scores"": {""YES"": 11.3125, ""NO"": 9.21875}, ""corrected_scores"": {""YES"": -0.84375, ""NO"": -0.125}, ""scoring_mode"": ""bias_corrected_choice_logits"", ""selected_short_label"": ""NO""}"
23,EleutherAI/pythia-1b,pythia,1b,baseline_helpful,bft_eval_03,policy,Write a short policy note on how a museum team should document changes to exhibit labels during revision.,self_profile,FIRST_PERSON,first_person_rate,1.0,0.0,0.0,1.0,NO,0.6531268954277039,,"{""raw_logit_scores"": {""YES"": 10.515625, ""NO"": 9.0546875}, ""label_bias_scores"": {""YES"": 11.3125, ""NO"": 9.21875}, ""corrected_scores"": {""YES"": -0.796875, ""NO"": -0.1640625}, ""scoring_mode"": ""bias_corrected_choice_logits"", ""selected_short_label"": ""NO""}"
23,EleutherAI/pythia-1b,pythia,1b,baseline_helpful,bft_eval_03,policy,Write a short policy note on how a museum team should document changes to exhibit labels during revision.,self_profile,DIRECTIVE,directive_rate,1.0,0.0,1.0,0.0,NO,0.729519784450531,,"{""raw_logit_scores"": {""YES"": 10.9609375, ""NO"": 9.859375}, ""label_bias_scores"": {""YES"": 11.3125, ""NO"": 9.21875}, ""corrected_scores"": {""YES"": -0.3515625, ""NO"": 0.640625}, ""scoring_mode"": ""bias_corrected_choice_logits"", ""selected_short_label"": ""NO""}"
23,EleutherAI/pythia-1b,pythia,1b,baseline_helpful,bft_eval_03,policy,Write a short policy note on how a museum team should document changes to exhibit labels during revision.,matched_decoy,ELABORATE,avg_sentence_length,1.0,0.0,0.0,1.0,NO,0.6601723432540894,,"{""raw_logit_scores"": {""YES"": 10.7109375, ""NO"": 9.28125}, ""label_bias_scores"": {""YES"": 11.3125, ""NO"": 9.21875}, ""corrected_scores"": {""YES"": -0.6015625, ""NO"": 0.0625}, ""scoring_mode"": ""bias_corrected_choice_logits"", ""selected_short_label"": ""NO""}"
23,EleutherAI/pythia-1b,pythia,1b,baseline_helpful,bft_eval_03,policy,Write a short policy note on how a museum team should document changes to exhibit labels during revision.,matched_decoy,HEDGE,hedge_density,1.0,0.0,0.0,1.0,NO,0.6706082820892334,,"{""raw_logit_scores"": {""YES"": 10.4453125, ""NO"": 9.0625}, ""label_bias_scores"": {""YES"": 11.3125, ""NO"": 9.21875}, ""corrected_scores"": {""YES"": -0.8671875, ""NO"": -0.15625}, ""scoring_mode"": ""bias_corrected_choice_logits"", ""selected_short_label"": ""NO""}"
23,EleutherAI/pythia-1b,pythia,1b,baseline_helpful,bft_eval_03,policy,Write a short policy note on how a museum team should document changes to exhibit labels during revision.,matched_decoy,FIRST_PERSON,first_person_rate,1.0,0.0,0.0,1.0,NO,0.6513549089431763,,"{""raw_logit_scores"": {""YES"": 10.484375, ""NO"": 9.015625}, ""label_bias_scores"": {""YES"": 11.3125, ""NO"": 9.21875}, ""corrected_scores"": {""YES"": -0.828125, ""NO"": -0.203125}, ""scoring_mode"": ""bias_corrected_choice_logits"", ""selected_short_label"": ""NO""}"
23,EleutherAI/pythia-1b,pythia,1b,baseline_helpful,bft_eval_03,policy,Write a short policy note on how a museum team should document changes to exhibit labels during revision.,matched_decoy,DIRECTIVE,directive_rate,1.0,0.0,1.0,0.0,NO,0.7264255881309509,,"{""raw_logit_scores"": {""YES"": 10.953125, ""NO"": 9.8359375}, ""label_bias_scores"": {""YES"": 11.3125, ""NO"": 9.21875}, ""corrected_scores"": {""YES"": -0.359375, ""NO"": 0.6171875}, ""scoring_mode"": ""bias_corrected_choice_logits"", ""selected_short_label"": ""NO""}"
23,EleutherAI/pythia-1b,pythia,1b,baseline_helpful,bft_eval_03,policy,Write a short policy note on how a museum team should document changes to exhibit labels during revision.,scrambled_profile,ELABORATE,avg_sentence_length,1.0,0.0,0.0,1.0,NO,0.6636689305305481,,"{""raw_logit_scores"": {""YES"": 10.71875, ""NO"": 9.3046875}, ""label_bias_scores"": {""YES"": 11.3125, ""NO"": 9.21875}, ""corrected_scores"": {""YES"": -0.59375, ""NO"": 0.0859375}, ""scoring_mode"": ""bias_corrected_choice_logits"", ""selected_short_label"": ""NO""}"
23,EleutherAI/pythia-1b,pythia,1b,baseline_helpful,bft_eval_03,policy,Write a short policy note on how a museum team should document changes to exhibit labels during revision.,scrambled_profile,HEDGE,hedge_density,1.0,0.0,0.0,1.0,NO,0.672331690788269,,"{""raw_logit_scores"": {""YES"": 10.46875, ""NO"": 9.09375}, ""label_bias_scores"": {""YES"": 11.3125, ""NO"": 9.21875}, ""corrected_scores"": {""YES"": -0.84375, ""NO"": -0.125}, ""scoring_mode"": ""bias_corrected_choice_logits"", ""selected_short_label"": ""NO""}"
23,EleutherAI/pythia-1b,pythia,1b,baseline_helpful,bft_eval_03,policy,Write a short policy note on how a museum team should document changes to exhibit labels during revision.,scrambled_profile,FIRST_PERSON,first_person_rate,1.0,0.0,0.0,1.0,NO,0.6566582322120667,,"{""raw_logit_scores"": {""YES"": 10.484375, ""NO"": 9.0390625}, ""label_bias_scores"": {""YES"": 11.3125, ""NO"": 9.21875}, ""corrected_scores"": {""YES"": -0.828125, ""NO"": -0.1796875}, ""scoring_mode"": ""bias_corrected_choice_logits"", ""selected_short_label"": ""NO""}"
23,EleutherAI/pythia-1b,pythia,1b,baseline_helpful,bft_eval_03,policy,Write a short policy note on how a museum team should document changes to exhibit labels during revision.,scrambled_profile,DIRECTIVE,directive_rate,1.0,0.0,1.0,0.0,NO,0.7325918078422546,,"{""raw_logit_scores"": {""YES"": 10.953125, ""NO"": 9.8671875}, ""label_bias_scores"": {""YES"": 11.3125, ""NO"": 9.21875}, ""corrected_scores"": {""YES"": -0.359375, ""NO"": 0.6484375}, ""scoring_mode"": ""bias_corrected_choice_logits"", ""selected_short_label"": ""NO""}"
23,EleutherAI/pythia-1b,pythia,1b,baseline_helpful,bft_eval_04,diagnosis,Diagnose why a paragraph feels intelligent and informed but still fails to tell the reader what matters most.,self_profile,ELABORATE,avg_sentence_length,1.0,0.0,1.0,0.0,NO,0.6169358491897583,,"{""raw_logit_scores"": {""YES"": 11.1796875, ""NO"": 9.5625}, ""label_bias_scores"": {""YES"": 11.3125, ""NO"": 9.21875}, ""corrected_scores"": {""YES"": -0.1328125, ""NO"": 0.34375}, ""scoring_mode"": ""bias_corrected_choice_logits"", ""selected_short_label"": ""NO""}"
23,EleutherAI/pythia-1b,pythia,1b,baseline_helpful,bft_eval_04,diagnosis,Diagnose why a paragraph feels intelligent and informed but still fails to tell the reader what matters most.,self_profile,HEDGE,hedge_density,1.0,0.0,1.0,0.0,NO,0.6406359076499939,,"{""raw_logit_scores"": {""YES"": 11.109375, ""NO"": 9.59375}, ""label_bias_scores"": {""YES"": 11.3125, ""NO"": 9.21875}, ""corrected_scores"": {""YES"": -0.203125, ""NO"": 0.375}, ""scoring_mode"": ""bias_corrected_choice_logits"", ""selected_short_label"": ""NO""}"
23,EleutherAI/pythia-1b,pythia,1b,baseline_helpful,bft_eval_04,diagnosis,Diagnose why a paragraph feels intelligent and informed but still fails to tell the reader what matters most.,self_profile,FIRST_PERSON,first_person_rate,1.0,0.0,0.0,1.0,NO,0.6039317846298218,,"{""raw_logit_scores"": {""YES"": 11.1640625, ""NO"": 9.4921875}, ""label_bias_scores"": {""YES"": 11.3125, ""NO"": 9.21875}, ""corrected_scores"": {""YES"": -0.1484375, ""NO"": 0.2734375}, ""scoring_mode"": ""bias_corrected_choice_logits"", ""selected_short_label"": ""NO""}"
23,EleutherAI/pythia-1b,pythia,1b,baseline_helpful,bft_eval_04,diagnosis,Diagnose why a paragraph feels intelligent and informed but still fails to tell the reader what matters most.,self_profile,DIRECTIVE,directive_rate,1.0,0.0,1.0,0.0,NO,0.6893056035041809,,"{""raw_logit_scores"": {""YES"": 11.4921875, ""NO"": 10.1953125}, ""label_bias_scores"": {""YES"": 11.3125, ""NO"": 9.21875}, ""corrected_scores"": {""YES"": 0.1796875, ""NO"": 0.9765625}, ""scoring_mode"": ""bias_corrected_choice_logits"", ""selected_short_label"": ""NO""}"
23,EleutherAI/pythia-1b,pythia,1b,baseline_helpful,bft_eval_04,diagnosis,Diagnose why a paragraph feels intelligent and informed but still fails to tell the reader what matters most.,matched_decoy,ELABORATE,avg_sentence_length,1.0,0.0,1.0,0.0,NO,0.6187804341316223,,"{""raw_logit_scores"": {""YES"": 11.1640625, ""NO"": 9.5546875}, ""label_bias_scores"": {""YES"": 11.3125, ""NO"": 9.21875}, ""corrected_scores"": {""YES"": -0.1484375, ""NO"": 0.3359375}, ""scoring_mode"": ""bias_corrected_choice_logits"", ""selected_short_label"": ""NO""}"
23,EleutherAI/pythia-1b,pythia,1b,baseline_helpful,bft_eval_04,diagnosis,Diagnose why a paragraph feels intelligent and informed but still fails to tell the reader what matters most.,matched_decoy,HEDGE,hedge_density,1.0,0.0,1.0,0.0,NO,0.642432451248169,,"{""raw_logit_scores"": {""YES"": 11.0859375, ""NO"": 9.578125}, ""label_bias_scores"": {""YES"": 11.3125, ""NO"": 9.21875}, ""corrected_scores"": {""YES"": -0.2265625, ""NO"": 0.359375}, ""scoring_mode"": ""bias_corrected_choice_logits"", ""selected_short_label"": ""NO""}"
23,EleutherAI/pythia-1b,pythia,1b,baseline_helpful,bft_eval_04,diagnosis,Diagnose why a paragraph feels intelligent and informed but still fails to tell the reader what matters most.,matched_decoy,FIRST_PERSON,first_person_rate,1.0,0.0,0.0,1.0,NO,0.6057990193367004,,"{""raw_logit_scores"": {""YES"": 11.1484375, ""NO"": 9.484375}, ""label_bias_scores"": {""YES"": 11.3125, ""NO"": 9.21875}, ""corrected_scores"": {""YES"": -0.1640625, ""NO"": 0.265625}, ""scoring_mode"": ""bias_corrected_choice_logits"", ""selected_short_label"": ""NO""}"
23,EleutherAI/pythia-1b,pythia,1b,baseline_helpful,bft_eval_04,diagnosis,Diagnose why a paragraph feels intelligent and informed but still fails to tell the reader what matters most.,matched_decoy,DIRECTIVE,directive_rate,1.0,0.0,1.0,0.0,NO,0.6926419734954834,,"{""raw_logit_scores"": {""YES"": 11.4765625, ""NO"": 10.1953125}, ""label_bias_scores"": {""YES"": 11.3125, ""NO"": 9.21875}, ""corrected_scores"": {""YES"": 0.1640625, ""NO"": 0.9765625}, ""scoring_mode"": ""bias_corrected_choice_logits"", ""selected_short_label"": ""NO""}"
23,EleutherAI/pythia-1b,pythia,1b,baseline_helpful,bft_eval_04,diagnosis,Diagnose why a paragraph feels intelligent and informed but still fails to tell the reader what matters most.,scrambled_profile,ELABORATE,avg_sentence_length,1.0,0.0,1.0,0.0,NO,0.6187804341316223,,"{""raw_logit_scores"": {""YES"": 11.1640625, ""NO"": 9.5546875}, ""label_bias_scores"": {""YES"": 11.3125, ""NO"": 9.21875}, ""corrected_scores"": {""YES"": -0.1484375, ""NO"": 0.3359375}, ""scoring_mode"": ""bias_corrected_choice_logits"", ""selected_short_label"": ""NO""}"
23,EleutherAI/pythia-1b,pythia,1b,baseline_helpful,bft_eval_04,diagnosis,Diagnose why a paragraph feels intelligent and informed but still fails to tell the reader what matters most.,scrambled_profile,HEDGE,hedge_density,1.0,0.0,1.0,0.0,NO,0.642432451248169,,"{""raw_logit_scores"": {""YES"": 11.1015625, ""NO"": 9.59375}, ""label_bias_scores"": {""YES"": 11.3125, ""NO"": 9.21875}, ""corrected_scores"": {""YES"": -0.2109375, ""NO"": 0.375}, ""scoring_mode"": ""bias_corrected_choice_logits"", ""selected_short_label"": ""NO""}"
23,EleutherAI/pythia-1b,pythia,1b,baseline_helpful,bft_eval_04,diagnosis,Diagnose why a paragraph feels intelligent and informed but still fails to tell the reader what matters most.,scrambled_profile,FIRST_PERSON,first_person_rate,1.0,0.0,0.0,1.0,NO,0.6057990193367004,,"{""raw_logit_scores"": {""YES"": 11.1484375, ""NO"": 9.484375}, ""label_bias_scores"": {""YES"": 11.3125, ""NO"": 9.21875}, ""corrected_scores"": {""YES"": -0.1640625, ""NO"": 0.265625}, ""scoring_mode"": ""bias_corrected_choice_logits"", ""selected_short_label"": ""NO""}"
23,EleutherAI/pythia-1b,pythia,1b,baseline_helpful,bft_eval_04,diagnosis,Diagnose why a paragraph feels intelligent and informed but still fails to tell the reader what matters most.,scrambled_profile,DIRECTIVE,directive_rate,1.0,0.0,1.0,0.0,NO,0.6926419734954834,,"{""raw_logit_scores"": {""YES"": 11.46875, ""NO"": 10.1875}, ""label_bias_scores"": {""YES"": 11.3125, ""NO"": 9.21875}, ""corrected_scores"": {""YES"": 0.15625, ""NO"": 0.96875}, ""scoring_mode"": ""bias_corrected_choice_logits"", ""selected_short_label"": ""NO""}"
23,EleutherAI/pythia-1b,pythia,1b,baseline_helpful,bft_eval_05,comparison,Compare an internal checklist and a polished postmortem as tools for preventing the same operational mistake twice.,self_profile,ELABORATE,avg_sentence_length,1.0,0.0,1.0,0.0,NO,0.6636689305305481,,"{""raw_logit_scores"": {""YES"": 10.890625, ""NO"": 9.4765625}, ""label_bias_scores"": {""YES"": 11.3125, ""NO"": 9.21875}, ""corrected_scores"": {""YES"": -0.421875, ""NO"": 0.2578125}, ""scoring_mode"": ""bias_corrected_choice_logits"", ""selected_short_label"": ""NO""}"
23,EleutherAI/pythia-1b,pythia,1b,baseline_helpful,bft_eval_05,comparison,Compare an internal checklist and a polished postmortem as tools for preventing the same operational mistake twice.,self_profile,HEDGE,hedge_density,1.0,0.0,0.0,1.0,NO,0.6740504503250122,,"{""raw_logit_scores"": {""YES"": 10.8203125, ""NO"": 9.453125}, ""label_bias_scores"": {""YES"": 11.3125, ""NO"": 9.21875}, ""corrected_scores"": {""YES"": -0.4921875, ""NO"": 0.234375}, ""scoring_mode"": ""bias_corrected_choice_logits"", ""selected_short_label"": ""NO""}"
23,EleutherAI/pythia-1b,pythia,1b,baseline_helpful,bft_eval_05,comparison,Compare an internal checklist and a polished postmortem as tools for preventing the same operational mistake twice.,self_profile,FIRST_PERSON,first_person_rate,1.0,0.0,0.0,1.0,NO,0.6601723432540894,,"{""raw_logit_scores"": {""YES"": 10.8984375, ""NO"": 9.46875}, ""label_bias_scores"": {""YES"": 11.3125, ""NO"": 9.21875}, ""corrected_scores"": {""YES"": -0.4140625, ""NO"": 0.25}, ""scoring_mode"": ""bias_corrected_choice_logits"", ""selected_short_label"": ""NO""}"
23,EleutherAI/pythia-1b,pythia,1b,baseline_helpful,bft_eval_05,comparison,Compare an internal checklist and a polished postmortem as tools for preventing the same operational mistake twice.,self_profile,DIRECTIVE,directive_rate,1.0,0.0,1.0,0.0,NO,0.7264255881309509,,"{""raw_logit_scores"": {""YES"": 11.1953125, ""NO"": 10.078125}, ""label_bias_scores"": {""YES"": 11.3125, ""NO"": 9.21875}, ""corrected_scores"": {""YES"": -0.1171875, ""NO"": 0.859375}, ""scoring_mode"": ""bias_corrected_choice_logits"", ""selected_short_label"": ""NO""}"
23,EleutherAI/pythia-1b,pythia,1b,baseline_helpful,bft_eval_05,comparison,Compare an internal checklist and a polished postmortem as tools for preventing the same operational mistake twice.,matched_decoy,ELABORATE,avg_sentence_length,1.0,0.0,1.0,0.0,NO,0.6636689305305481,,"{""raw_logit_scores"": {""YES"": 10.890625, ""NO"": 9.4765625}, ""label_bias_scores"": {""YES"": 11.3125, ""NO"": 9.21875}, ""corrected_scores"": {""YES"": -0.421875, ""NO"": 0.2578125}, ""scoring_mode"": ""bias_corrected_choice_logits"", ""selected_short_label"": ""NO""}"
23,EleutherAI/pythia-1b,pythia,1b,baseline_helpful,bft_eval_05,comparison,Compare an internal checklist and a polished postmortem as tools for preventing the same operational mistake twice.,matched_decoy,HEDGE,hedge_density,1.0,0.0,0.0,1.0,NO,0.672331690788269,,"{""raw_logit_scores"": {""YES"": 10.8125, ""NO"": 9.4375}, ""label_bias_scores"": {""YES"": 11.3125, ""NO"": 9.21875}, ""corrected_scores"": {""YES"": -0.5, ""NO"": 0.21875}, ""scoring_mode"": ""bias_corrected_choice_logits"", ""selected_short_label"": ""NO""}"
23,EleutherAI/pythia-1b,pythia,1b,baseline_helpful,bft_eval_05,comparison,Compare an internal checklist and a polished postmortem as tools for preventing the same operational mistake twice.,matched_decoy,FIRST_PERSON,first_person_rate,1.0,0.0,0.0,1.0,NO,0.6584175229072571,,"{""raw_logit_scores"": {""YES"": 10.890625, ""NO"": 9.453125}, ""label_bias_scores"": {""YES"": 11.3125, ""NO"": 9.21875}, ""corrected_scores"": {""YES"": -0.421875, ""NO"": 0.234375}, ""scoring_mode"": ""bias_corrected_choice_logits"", ""selected_short_label"": ""NO""}"
23,EleutherAI/pythia-1b,pythia,1b,baseline_helpful,bft_eval_05,comparison,Compare an internal checklist and a polished postmortem as tools for preventing the same operational mistake twice.,matched_decoy,DIRECTIVE,directive_rate,1.0,0.0,1.0,0.0,NO,0.7264255881309509,,"{""raw_logit_scores"": {""YES"": 11.1875, ""NO"": 10.0703125}, ""label_bias_scores"": {""YES"": 11.3125, ""NO"": 9.21875}, ""corrected_scores"": {""YES"": -0.125, ""NO"": 0.8515625}, ""scoring_mode"": ""bias_corrected_choice_logits"", ""selected_short_label"": ""NO""}"
23,EleutherAI/pythia-1b,pythia,1b,baseline_helpful,bft_eval_05,comparison,Compare an internal checklist and a polished postmortem as tools for preventing the same operational mistake twice.,scrambled_profile,ELABORATE,avg_sentence_length,1.0,0.0,1.0,0.0,NO,0.6671476364135742,,"{""raw_logit_scores"": {""YES"": 10.859375, ""NO"": 9.4609375}, ""label_bias_scores"": {""YES"": 11.3125, ""NO"": 9.21875}, ""corrected_scores"": {""YES"": -0.453125, ""NO"": 0.2421875}, ""scoring_mode"": ""bias_corrected_choice_logits"", ""selected_short_label"": ""NO""}"
23,EleutherAI/pythia-1b,pythia,1b,baseline_helpful,bft_eval_05,comparison,Compare an internal checklist and a polished postmortem as tools for preventing the same operational mistake twice.,scrambled_profile,HEDGE,hedge_density,1.0,0.0,0.0,1.0,NO,0.672331690788269,,"{""raw_logit_scores"": {""YES"": 10.8046875, ""NO"": 9.4296875}, ""label_bias_scores"": {""YES"": 11.3125, ""NO"": 9.21875}, ""corrected_scores"": {""YES"": -0.5078125, ""NO"": 0.2109375}, ""scoring_mode"": ""bias_corrected_choice_logits"", ""selected_short_label"": ""NO""}"
23,EleutherAI/pythia-1b,pythia,1b,baseline_helpful,bft_eval_05,comparison,Compare an internal checklist and a polished postmortem as tools for preventing the same operational mistake twice.,scrambled_profile,FIRST_PERSON,first_person_rate,1.0,0.0,0.0,1.0,NO,0.6601723432540894,,"{""raw_logit_scores"": {""YES"": 10.8515625, ""NO"": 9.421875}, ""label_bias_scores"": {""YES"": 11.3125, ""NO"": 9.21875}, ""corrected_scores"": {""YES"": -0.4609375, ""NO"": 0.203125}, ""scoring_mode"": ""bias_corrected_choice_logits"", ""selected_short_label"": ""NO""}"
23,EleutherAI/pythia-1b,pythia,1b,baseline_helpful,bft_eval_05,comparison,Compare an internal checklist and a polished postmortem as tools for preventing the same operational mistake twice.,scrambled_profile,DIRECTIVE,directive_rate,1.0,0.0,1.0,0.0,NO,0.7264255881309509,,"{""raw_logit_scores"": {""YES"": 11.1640625, ""NO"": 10.046875}, ""label_bias_scores"": {""YES"": 11.3125, ""NO"": 9.21875}, ""corrected_scores"": {""YES"": -0.1484375, ""NO"": 0.828125}, ""scoring_mode"": ""bias_corrected_choice_logits"", ""selected_short_label"": ""NO""}"
23,EleutherAI/pythia-1b,pythia,1b,baseline_helpful,bft_eval_06,planning,Sketch a short plan for helping a student narrow a thesis topic without draining the curiosity out of it.,self_profile,ELABORATE,avg_sentence_length,1.0,0.0,1.0,0.0,NO,0.6584175229072571,,"{""raw_logit_scores"": {""YES"": 11.296875, ""NO"": 9.859375}, ""label_bias_scores"": {""YES"": 11.3125, ""NO"": 9.21875}, ""corrected_scores"": {""YES"": -0.015625, ""NO"": 0.640625}, ""scoring_mode"": ""bias_corrected_choice_logits"", ""selected_short_label"": ""NO""}"
23,EleutherAI/pythia-1b,pythia,1b,baseline_helpful,bft_eval_06,planning,Sketch a short plan for helping a student narrow a thesis topic without draining the curiosity out of it.,self_profile,HEDGE,hedge_density,1.0,0.0,0.0,1.0,NO,0.6825737357139587,,"{""raw_logit_scores"": {""YES"": 11.1484375, ""NO"": 9.8203125}, ""label_bias_scores"": {""YES"": 11.3125, ""NO"": 9.21875}, ""corrected_scores"": {""YES"": -0.1640625, ""NO"": 0.6015625}, ""scoring_mode"": ""bias_corrected_choice_logits"", ""selected_short_label"": ""NO""}"
23,EleutherAI/pythia-1b,pythia,1b,baseline_helpful,bft_eval_06,planning,Sketch a short plan for helping a student narrow a thesis topic without draining the curiosity out of it.,self_profile,FIRST_PERSON,first_person_rate,1.0,0.0,0.0,1.0,NO,0.6566582322120667,,"{""raw_logit_scores"": {""YES"": 11.21875, ""NO"": 9.7734375}, ""label_bias_scores"": {""YES"": 11.3125, ""NO"": 9.21875}, ""corrected_scores"": {""YES"": -0.09375, ""NO"": 0.5546875}, ""scoring_mode"": ""bias_corrected_choice_logits"", ""selected_short_label"": ""NO""}"
23,EleutherAI/pythia-1b,pythia,1b,baseline_helpful,bft_eval_06,planning,Sketch a short plan for helping a student narrow a thesis topic without draining the curiosity out of it.,self_profile,DIRECTIVE,directive_rate,1.0,0.0,1.0,0.0,NO,0.7371581792831421,,"{""raw_logit_scores"": {""YES"": 11.5, ""NO"": 10.4375}, ""label_bias_scores"": {""YES"": 11.3125, ""NO"": 9.21875}, ""corrected_scores"": {""YES"": 0.1875, ""NO"": 1.21875}, ""scoring_mode"": ""bias_corrected_choice_logits"", ""selected_short_label"": ""NO""}"
23,EleutherAI/pythia-1b,pythia,1b,baseline_helpful,bft_eval_06,planning,Sketch a short plan for helping a student narrow a thesis topic without draining the curiosity out of it.,matched_decoy,ELABORATE,avg_sentence_length,1.0,0.0,1.0,0.0,NO,0.6601723432540894,,"{""raw_logit_scores"": {""YES"": 11.28125, ""NO"": 9.8515625}, ""label_bias_scores"": {""YES"": 11.3125, ""NO"": 9.21875}, ""corrected_scores"": {""YES"": -0.03125, ""NO"": 0.6328125}, ""scoring_mode"": ""bias_corrected_choice_logits"", ""selected_short_label"": ""NO""}"
23,EleutherAI/pythia-1b,pythia,1b,baseline_helpful,bft_eval_06,planning,Sketch a short plan for helping a student narrow a thesis topic without draining the curiosity out of it.,matched_decoy,HEDGE,hedge_density,1.0,0.0,0.0,1.0,NO,0.6825737357139587,,"{""raw_logit_scores"": {""YES"": 11.1328125, ""NO"": 9.8046875}, ""label_bias_scores"": {""YES"": 11.3125, ""NO"": 9.21875}, ""corrected_scores"": {""YES"": -0.1796875, ""NO"": 0.5859375}, ""scoring_mode"": ""bias_corrected_choice_logits"", ""selected_short_label"": ""NO""}"
23,EleutherAI/pythia-1b,pythia,1b,baseline_helpful,bft_eval_06,planning,Sketch a short plan for helping a student narrow a thesis topic without draining the curiosity out of it.,matched_decoy,FIRST_PERSON,first_person_rate,1.0,0.0,0.0,1.0,NO,0.6566582322120667,,"{""raw_logit_scores"": {""YES"": 11.1953125, ""NO"": 9.75}, ""label_bias_scores"": {""YES"": 11.3125, ""NO"": 9.21875}, ""corrected_scores"": {""YES"": -0.1171875, ""NO"": 0.53125}, ""scoring_mode"": ""bias_corrected_choice_logits"", ""selected_short_label"": ""NO""}"
23,EleutherAI/pythia-1b,pythia,1b,baseline_helpful,bft_eval_06,planning,Sketch a short plan for helping a student narrow a thesis topic without draining the curiosity out of it.,matched_decoy,DIRECTIVE,directive_rate,1.0,0.0,1.0,0.0,NO,0.7386690378189087,,"{""raw_logit_scores"": {""YES"": 11.4921875, ""NO"": 10.4375}, ""label_bias_scores"": {""YES"": 11.3125, ""NO"": 9.21875}, ""corrected_scores"": {""YES"": 0.1796875, ""NO"": 1.21875}, ""scoring_mode"": ""bias_corrected_choice_logits"", ""selected_short_label"": ""NO""}"
23,EleutherAI/pythia-1b,pythia,1b,baseline_helpful,bft_eval_06,planning,Sketch a short plan for helping a student narrow a thesis topic without draining the curiosity out of it.,scrambled_profile,ELABORATE,avg_sentence_length,1.0,0.0,1.0,0.0,NO,0.6531268954277039,,"{""raw_logit_scores"": {""YES"": 11.3046875, ""NO"": 9.84375}, ""label_bias_scores"": {""YES"": 11.3125, ""NO"": 9.21875}, ""corrected_scores"": {""YES"": -0.0078125, ""NO"": 0.625}, ""scoring_mode"": ""bias_corrected_choice_logits"", ""selected_short_label"": ""NO""}"
23,EleutherAI/pythia-1b,pythia,1b,baseline_helpful,bft_eval_06,planning,Sketch a short plan for helping a student narrow a thesis topic without draining the curiosity out of it.,scrambled_profile,HEDGE,hedge_density,1.0,0.0,0.0,1.0,NO,0.6740504503250122,,"{""raw_logit_scores"": {""YES"": 11.1640625, ""NO"": 9.796875}, ""label_bias_scores"": {""YES"": 11.3125, ""NO"": 9.21875}, ""corrected_scores"": {""YES"": -0.1484375, ""NO"": 0.578125}, ""scoring_mode"": ""bias_corrected_choice_logits"", ""selected_short_label"": ""NO""}"
23,EleutherAI/pythia-1b,pythia,1b,baseline_helpful,bft_eval_06,planning,Sketch a short plan for helping a student narrow a thesis topic without draining the curiosity out of it.,scrambled_profile,FIRST_PERSON,first_person_rate,1.0,0.0,0.0,1.0,NO,0.6477982401847839,,"{""raw_logit_scores"": {""YES"": 11.21875, ""NO"": 9.734375}, ""label_bias_scores"": {""YES"": 11.3125, ""NO"": 9.21875}, ""corrected_scores"": {""YES"": -0.09375, ""NO"": 0.515625}, ""scoring_mode"": ""bias_corrected_choice_logits"", ""selected_short_label"": ""NO""}"
23,EleutherAI/pythia-1b,pythia,1b,baseline_helpful,bft_eval_06,planning,Sketch a short plan for helping a student narrow a thesis topic without draining the curiosity out of it.,scrambled_profile,DIRECTIVE,directive_rate,1.0,0.0,1.0,0.0,NO,0.729519784450531,,"{""raw_logit_scores"": {""YES"": 11.484375, ""NO"": 10.3828125}, ""label_bias_scores"": {""YES"": 11.3125, ""NO"": 9.21875}, ""corrected_scores"": {""YES"": 0.171875, ""NO"": 1.1640625}, ""scoring_mode"": ""bias_corrected_choice_logits"", ""selected_short_label"": ""NO""}"
23,EleutherAI/pythia-1b,pythia,1b,baseline_helpful,bft_eval_07,rewrite,Rewrite this rough instruction into something more useful to a teammate: 'Probably check the assumptions and logs before changing the code again.',self_profile,ELABORATE,avg_sentence_length,1.0,0.0,1.0,0.0,NO,0.6893056035041809,,"{""raw_logit_scores"": {""YES"": 11.171875, ""NO"": 9.875}, ""label_bias_scores"": {""YES"": 11.3203125, ""NO"": 9.2265625}, ""corrected_scores"": {""YES"": -0.1484375, ""NO"": 0.6484375}, ""scoring_mode"": ""bias_corrected_choice_logits"", ""selected_short_label"": ""NO""}"
23,EleutherAI/pythia-1b,pythia,1b,baseline_helpful,bft_eval_07,rewrite,Rewrite this rough instruction into something more useful to a teammate: 'Probably check the assumptions and logs before changing the code again.',self_profile,HEDGE,hedge_density,1.0,0.0,0.0,1.0,NO,0.7106282711029053,,"{""raw_logit_scores"": {""YES"": 11.0, ""NO"": 9.8046875}, ""label_bias_scores"": {""YES"": 11.3203125, ""NO"": 9.2265625}, ""corrected_scores"": {""YES"": -0.3203125, ""NO"": 0.578125}, ""scoring_mode"": ""bias_corrected_choice_logits"", ""selected_short_label"": ""NO""}"
23,EleutherAI/pythia-1b,pythia,1b,baseline_helpful,bft_eval_07,rewrite,Rewrite this rough instruction into something more useful to a teammate: 'Probably check the assumptions and logs before changing the code again.',self_profile,FIRST_PERSON,first_person_rate,1.0,0.0,0.0,1.0,NO,0.6842640042304993,,"{""raw_logit_scores"": {""YES"": 11.1171875, ""NO"": 9.796875}, ""label_bias_scores"": {""YES"": 11.3203125, ""NO"": 9.2265625}, ""corrected_scores"": {""YES"": -0.203125, ""NO"": 0.5703125}, ""scoring_mode"": ""bias_corrected_choice_logits"", ""selected_short_label"": ""NO""}"
23,EleutherAI/pythia-1b,pythia,1b,baseline_helpful,bft_eval_07,rewrite,Rewrite this rough instruction into something more useful to a teammate: 'Probably check the assumptions and logs before changing the code again.',self_profile,DIRECTIVE,directive_rate,1.0,0.0,1.0,0.0,NO,0.7759445905685425,,"{""raw_logit_scores"": {""YES"": 11.25, ""NO"": 10.3984375}, ""label_bias_scores"": {""YES"": 11.3203125, ""NO"": 9.2265625}, ""corrected_scores"": {""YES"": -0.0703125, ""NO"": 1.171875}, ""scoring_mode"": ""bias_corrected_choice_logits"", ""selected_short_label"": ""NO""}"
23,EleutherAI/pythia-1b,pythia,1b,baseline_helpful,bft_eval_07,rewrite,Rewrite this rough instruction into something more useful to a teammate: 'Probably check the assumptions and logs before changing the code again.',matched_decoy,ELABORATE,avg_sentence_length,1.0,0.0,1.0,0.0,NO,0.6876299977302551,,"{""raw_logit_scores"": {""YES"": 11.171875, ""NO"": 9.8671875}, ""label_bias_scores"": {""YES"": 11.3203125, ""NO"": 9.2265625}, ""corrected_scores"": {""YES"": -0.1484375, ""NO"": 0.640625}, ""scoring_mode"": ""bias_corrected_choice_logits"", ""selected_short_label"": ""NO""}"
23,EleutherAI/pythia-1b,pythia,1b,baseline_helpful,bft_eval_07,rewrite,Rewrite this rough instruction into something more useful to a teammate: 'Probably check the assumptions and logs before changing the code again.',matched_decoy,HEDGE,hedge_density,1.0,0.0,0.0,1.0,NO,0.7106282711029053,,"{""raw_logit_scores"": {""YES"": 10.984375, ""NO"": 9.7890625}, ""label_bias_scores"": {""YES"": 11.3203125, ""NO"": 9.2265625}, ""corrected_scores"": {""YES"": -0.3359375, ""NO"": 0.5625}, ""scoring_mode"": ""bias_corrected_choice_logits"", ""selected_short_label"": ""NO""}"
23,EleutherAI/pythia-1b,pythia,1b,baseline_helpful,bft_eval_07,rewrite,Rewrite this rough instruction into something more useful to a teammate: 'Probably check the assumptions and logs before changing the code again.',matched_decoy,FIRST_PERSON,first_person_rate,1.0,0.0,0.0,1.0,NO,0.6842640042304993,,"{""raw_logit_scores"": {""YES"": 11.09375, ""NO"": 9.7734375}, ""label_bias_scores"": {""YES"": 11.3203125, ""NO"": 9.2265625}, ""corrected_scores"": {""YES"": -0.2265625, ""NO"": 0.546875}, ""scoring_mode"": ""bias_corrected_choice_logits"", ""selected_short_label"": ""NO""}"
23,EleutherAI/pythia-1b,pythia,1b,baseline_helpful,bft_eval_07,rewrite,Rewrite this rough instruction into something more useful to a teammate: 'Probably check the assumptions and logs before changing the code again.',matched_decoy,DIRECTIVE,directive_rate,1.0,0.0,1.0,0.0,NO,0.7759445905685425,,"{""raw_logit_scores"": {""YES"": 11.2421875, ""NO"": 10.390625}, ""label_bias_scores"": {""YES"": 11.3203125, ""NO"": 9.2265625}, ""corrected_scores"": {""YES"": -0.078125, ""NO"": 1.1640625}, ""scoring_mode"": ""bias_corrected_choice_logits"", ""selected_short_label"": ""NO""}"
23,EleutherAI/pythia-1b,pythia,1b,baseline_helpful,bft_eval_07,rewrite,Rewrite this rough instruction into something more useful to a teammate: 'Probably check the assumptions and logs before changing the code again.',scrambled_profile,ELABORATE,avg_sentence_length,1.0,0.0,1.0,0.0,NO,0.6926419734954834,,"{""raw_logit_scores"": {""YES"": 11.1640625, ""NO"": 9.8828125}, ""label_bias_scores"": {""YES"": 11.3203125, ""NO"": 9.2265625}, ""corrected_scores"": {""YES"": -0.15625, ""NO"": 0.65625}, ""scoring_mode"": ""bias_corrected_choice_logits"", ""selected_short_label"": ""NO""}"
23,EleutherAI/pythia-1b,pythia,1b,baseline_helpful,bft_eval_07,rewrite,Rewrite this rough instruction into something more useful to a teammate: 'Probably check the assumptions and logs before changing the code again.',scrambled_profile,HEDGE,hedge_density,1.0,0.0,0.0,1.0,NO,0.7106282711029053,,"{""raw_logit_scores"": {""YES"": 11.015625, ""NO"": 9.8203125}, ""label_bias_scores"": {""YES"": 11.3203125, ""NO"": 9.2265625}, ""corrected_scores"": {""YES"": -0.3046875, ""NO"": 0.59375}, ""scoring_mode"": ""bias_corrected_choice_logits"", ""selected_short_label"": ""NO""}"
23,EleutherAI/pythia-1b,pythia,1b,baseline_helpful,bft_eval_07,rewrite,Rewrite this rough instruction into something more useful to a teammate: 'Probably check the assumptions and logs before changing the code again.',scrambled_profile,FIRST_PERSON,first_person_rate,1.0,0.0,0.0,1.0,NO,0.6825737357139587,,"{""raw_logit_scores"": {""YES"": 11.1171875, ""NO"": 9.7890625}, ""label_bias_scores"": {""YES"": 11.3203125, ""NO"": 9.2265625}, ""corrected_scores"": {""YES"": -0.203125, ""NO"": 0.5625}, ""scoring_mode"": ""bias_corrected_choice_logits"", ""selected_short_label"": ""NO""}"
23,EleutherAI/pythia-1b,pythia,1b,baseline_helpful,bft_eval_07,rewrite,Rewrite this rough instruction into something more useful to a teammate: 'Probably check the assumptions and logs before changing the code again.',scrambled_profile,DIRECTIVE,directive_rate,1.0,0.0,1.0,0.0,NO,0.7759445905685425,,"{""raw_logit_scores"": {""YES"": 11.234375, ""NO"": 10.3828125}, ""label_bias_scores"": {""YES"": 11.3203125, ""NO"": 9.2265625}, ""corrected_scores"": {""YES"": -0.0859375, ""NO"": 1.15625}, ""scoring_mode"": ""bias_corrected_choice_logits"", ""selected_short_label"": ""NO""}"
23,EleutherAI/pythia-1b,pythia,1b,baseline_helpful,bft_eval_08,judgment,"Decide whether office hours help students mainly by clarifying content, lowering avoidance, or creating accountability, and explain your judgment.",self_profile,ELABORATE,avg_sentence_length,1.0,0.0,0.0,1.0,NO,0.642432451248169,,"{""raw_logit_scores"": {""YES"": 11.109375, ""NO"": 9.6015625}, ""label_bias_scores"": {""YES"": 11.3125, ""NO"": 9.21875}, ""corrected_scores"": {""YES"": -0.203125, ""NO"": 0.3828125}, ""scoring_mode"": ""bias_corrected_choice_logits"", ""selected_short_label"": ""NO""}"
23,EleutherAI/pythia-1b,pythia,1b,baseline_helpful,bft_eval_08,judgment,"Decide whether office hours help students mainly by clarifying content, lowering avoidance, or creating accountability, and explain your judgment.",self_profile,HEDGE,hedge_density,1.0,0.0,1.0,0.0,NO,0.6495786309242249,,"{""raw_logit_scores"": {""YES"": 11.03125, ""NO"": 9.5546875}, ""label_bias_scores"": {""YES"": 11.3125, ""NO"": 9.21875}, ""corrected_scores"": {""YES"": -0.28125, ""NO"": 0.3359375}, ""scoring_mode"": ""bias_corrected_choice_logits"", ""selected_short_label"": ""NO""}"
23,EleutherAI/pythia-1b,pythia,1b,baseline_helpful,bft_eval_08,judgment,"Decide whether office hours help students mainly by clarifying content, lowering avoidance, or creating accountability, and explain your judgment.",self_profile,FIRST_PERSON,first_person_rate,1.0,0.0,0.0,1.0,NO,0.6187804341316223,,"{""raw_logit_scores"": {""YES"": 11.1015625, ""NO"": 9.4921875}, ""label_bias_scores"": {""YES"": 11.3125, ""NO"": 9.21875}, ""corrected_scores"": {""YES"": -0.2109375, ""NO"": 0.2734375}, ""scoring_mode"": ""bias_corrected_choice_logits"", ""selected_short_label"": ""NO""}"
23,EleutherAI/pythia-1b,pythia,1b,baseline_helpful,bft_eval_08,judgment,"Decide whether office hours help students mainly by clarifying content, lowering avoidance, or creating accountability, and explain your judgment.",self_profile,DIRECTIVE,directive_rate,1.0,0.0,1.0,0.0,NO,0.7106282711029053,,"{""raw_logit_scores"": {""YES"": 11.34375, ""NO"": 10.1484375}, ""label_bias_scores"": {""YES"": 11.3125, ""NO"": 9.21875}, ""corrected_scores"": {""YES"": 0.03125, ""NO"": 0.9296875}, ""scoring_mode"": ""bias_corrected_choice_logits"", ""selected_short_label"": ""NO""}"
23,EleutherAI/pythia-1b,pythia,1b,baseline_helpful,bft_eval_08,judgment,"Decide whether office hours help students mainly by clarifying content, lowering avoidance, or creating accountability, and explain your judgment.",matched_decoy,ELABORATE,avg_sentence_length,1.0,0.0,0.0,1.0,NO,0.6406359076499939,,"{""raw_logit_scores"": {""YES"": 11.1328125, ""NO"": 9.6171875}, ""label_bias_scores"": {""YES"": 11.3125, ""NO"": 9.21875}, ""corrected_scores"": {""YES"": -0.1796875, ""NO"": 0.3984375}, ""scoring_mode"": ""bias_corrected_choice_logits"", ""selected_short_label"": ""NO""}"
23,EleutherAI/pythia-1b,pythia,1b,baseline_helpful,bft_eval_08,judgment,"Decide whether office hours help students mainly by clarifying content, lowering avoidance, or creating accountability, and explain your judgment.",matched_decoy,HEDGE,hedge_density,1.0,0.0,1.0,0.0,NO,0.6477982401847839,,"{""raw_logit_scores"": {""YES"": 11.0234375, ""NO"": 9.5390625}, ""label_bias_scores"": {""YES"": 11.3125, ""NO"": 9.21875}, ""corrected_scores"": {""YES"": -0.2890625, ""NO"": 0.3203125}, ""scoring_mode"": ""bias_corrected_choice_logits"", ""selected_short_label"": ""NO""}"
23,EleutherAI/pythia-1b,pythia,1b,baseline_helpful,bft_eval_08,judgment,"Decide whether office hours help students mainly by clarifying content, lowering avoidance, or creating accountability, and explain your judgment.",matched_decoy,FIRST_PERSON,first_person_rate,1.0,0.0,0.0,1.0,NO,0.6187804341316223,,"{""raw_logit_scores"": {""YES"": 11.1015625, ""NO"": 9.4921875}, ""label_bias_scores"": {""YES"": 11.3125, ""NO"": 9.21875}, ""corrected_scores"": {""YES"": -0.2109375, ""NO"": 0.2734375}, ""scoring_mode"": ""bias_corrected_choice_logits"", ""selected_short_label"": ""NO""}"
23,EleutherAI/pythia-1b,pythia,1b,baseline_helpful,bft_eval_08,judgment,"Decide whether office hours help students mainly by clarifying content, lowering avoidance, or creating accountability, and explain your judgment.",matched_decoy,DIRECTIVE,directive_rate,1.0,0.0,1.0,0.0,NO,0.7122321724891663,,"{""raw_logit_scores"": {""YES"": 11.359375, ""NO"": 10.171875}, ""label_bias_scores"": {""YES"": 11.3125, ""NO"": 9.21875}, ""corrected_scores"": {""YES"": 0.046875, ""NO"": 0.953125}, ""scoring_mode"": ""bias_corrected_choice_logits"", ""selected_short_label"": ""NO""}"
23,EleutherAI/pythia-1b,pythia,1b,baseline_helpful,bft_eval_08,judgment,"Decide whether office hours help students mainly by clarifying content, lowering avoidance, or creating accountability, and explain your judgment.",scrambled_profile,ELABORATE,avg_sentence_length,1.0,0.0,0.0,1.0,NO,0.6370307803153992,,"{""raw_logit_scores"": {""YES"": 11.0859375, ""NO"": 9.5546875}, ""label_bias_scores"": {""YES"": 11.3125, ""NO"": 9.21875}, ""corrected_scores"": {""YES"": -0.2265625, ""NO"": 0.3359375}, ""scoring_mode"": ""bias_corrected_choice_logits"", ""selected_short_label"": ""NO""}"
23,EleutherAI/pythia-1b,pythia,1b,baseline_helpful,bft_eval_08,judgment,"Decide whether office hours help students mainly by clarifying content, lowering avoidance, or creating accountability, and explain your judgment.",scrambled_profile,HEDGE,hedge_density,1.0,0.0,1.0,0.0,NO,0.6388352513313293,,"{""raw_logit_scores"": {""YES"": 11.0234375, ""NO"": 9.5}, ""label_bias_scores"": {""YES"": 11.3125, ""NO"": 9.21875}, ""corrected_scores"": {""YES"": -0.2890625, ""NO"": 0.28125}, ""scoring_mode"": ""bias_corrected_choice_logits"", ""selected_short_label"": ""NO""}"
23,EleutherAI/pythia-1b,pythia,1b,baseline_helpful,bft_eval_08,judgment,"Decide whether office hours help students mainly by clarifying content, lowering avoidance, or creating accountability, and explain your judgment.",scrambled_profile,FIRST_PERSON,first_person_rate,1.0,0.0,0.0,1.0,NO,0.6113819479942322,,"{""raw_logit_scores"": {""YES"": 11.078125, ""NO"": 9.4375}, ""label_bias_scores"": {""YES"": 11.3125, ""NO"": 9.21875}, ""corrected_scores"": {""YES"": -0.234375, ""NO"": 0.21875}, ""scoring_mode"": ""bias_corrected_choice_logits"", ""selected_short_label"": ""NO""}"
23,EleutherAI/pythia-1b,pythia,1b,baseline_helpful,bft_eval_08,judgment,"Decide whether office hours help students mainly by clarifying content, lowering avoidance, or creating accountability, and explain your judgment.",scrambled_profile,DIRECTIVE,directive_rate,1.0,0.0,1.0,0.0,NO,0.7041601538658142,,"{""raw_logit_scores"": {""YES"": 11.3046875, ""NO"": 10.078125}, ""label_bias_scores"": {""YES"": 11.3125, ""NO"": 9.21875}, ""corrected_scores"": {""YES"": -0.0078125, ""NO"": 0.859375}, ""scoring_mode"": ""bias_corrected_choice_logits"", ""selected_short_label"": ""NO""}"
29,EleutherAI/pythia-1b,pythia,1b,baseline_helpful,bft_eval_01,triage,A small lab keeps discovering conflicting spreadsheet versions after each handoff. What should the team do in the next day?,self_profile,ELABORATE,avg_sentence_length,1.0,0.0,1.0,0.0,NO,0.6757646203041077,,"{""raw_logit_scores"": {""YES"": 11.15625, ""NO"": 9.796875}, ""label_bias_scores"": {""YES"": 11.3046875, ""NO"": 9.2109375}, ""corrected_scores"": {""YES"": -0.1484375, ""NO"": 0.5859375}, ""scoring_mode"": ""bias_corrected_choice_logits"", ""selected_short_label"": ""NO""}"
29,EleutherAI/pythia-1b,pythia,1b,baseline_helpful,bft_eval_01,triage,A small lab keeps discovering conflicting spreadsheet versions after each handoff. What should the team do in the next day?,self_profile,HEDGE,hedge_density,1.0,0.0,0.0,1.0,NO,0.7201715111732483,,"{""raw_logit_scores"": {""YES"": 10.8984375, ""NO"": 9.75}, ""label_bias_scores"": {""YES"": 11.3046875, ""NO"": 9.2109375}, ""corrected_scores"": {""YES"": -0.40625, ""NO"": 0.5390625}, ""scoring_mode"": ""bias_corrected_choice_logits"", ""selected_short_label"": ""NO""}"
29,EleutherAI/pythia-1b,pythia,1b,baseline_helpful,bft_eval_01,triage,A small lab keeps discovering conflicting spreadsheet versions after each handoff. What should the team do in the next day?,self_profile,FIRST_PERSON,first_person_rate,1.0,0.0,0.0,1.0,NO,0.6893056035041809,,"{""raw_logit_scores"": {""YES"": 11.1484375, ""NO"": 9.8515625}, ""label_bias_scores"": {""YES"": 11.3046875, ""NO"": 9.2109375}, ""corrected_scores"": {""YES"": -0.15625, ""NO"": 0.640625}, ""scoring_mode"": ""bias_corrected_choice_logits"", ""selected_short_label"": ""NO""}"
29,EleutherAI/pythia-1b,pythia,1b,baseline_helpful,bft_eval_01,triage,A small lab keeps discovering conflicting spreadsheet versions after each handoff. What should the team do in the next day?,self_profile,DIRECTIVE,directive_rate,1.0,0.0,1.0,0.0,NO,0.7853085398674011,,"{""raw_logit_scores"": {""YES"": 11.3046875, ""NO"": 10.5078125}, ""label_bias_scores"": {""YES"": 11.3046875, ""NO"": 9.2109375}, ""corrected_scores"": {""YES"": 0.0, ""NO"": 1.296875}, ""scoring_mode"": ""bias_corrected_choice_logits"", ""selected_short_label"": ""NO""}"
29,EleutherAI/pythia-1b,pythia,1b,baseline_helpful,bft_eval_01,triage,A small lab keeps discovering conflicting spreadsheet versions after each handoff. What should the team do in the next day?,matched_decoy,ELABORATE,avg_sentence_length,1.0,0.0,1.0,0.0,NO,0.6740504503250122,,"{""raw_logit_scores"": {""YES"": 11.140625, ""NO"": 9.7734375}, ""label_bias_scores"": {""YES"": 11.3046875, ""NO"": 9.2109375}, ""corrected_scores"": {""YES"": -0.1640625, ""NO"": 0.5625}, ""scoring_mode"": ""bias_corrected_choice_logits"", ""selected_short_label"": ""NO""}"
29,EleutherAI/pythia-1b,pythia,1b,baseline_helpful,bft_eval_01,triage,A small lab keeps discovering conflicting spreadsheet versions after each handoff. What should the team do in the next day?,matched_decoy,HEDGE,hedge_density,1.0,0.0,0.0,1.0,NO,0.7217432260513306,,"{""raw_logit_scores"": {""YES"": 10.890625, ""NO"": 9.75}, ""label_bias_scores"": {""YES"": 11.3046875, ""NO"": 9.2109375}, ""corrected_scores"": {""YES"": -0.4140625, ""NO"": 0.5390625}, ""scoring_mode"": ""bias_corrected_choice_logits"", ""selected_short_label"": ""NO""}"
29,EleutherAI/pythia-1b,pythia,1b,baseline_helpful,bft_eval_01,triage,A small lab keeps discovering conflicting spreadsheet versions after each handoff. What should the team do in the next day?,matched_decoy,FIRST_PERSON,first_person_rate,1.0,0.0,0.0,1.0,NO,0.6893056035041809,,"{""raw_logit_scores"": {""YES"": 11.1328125, ""NO"": 9.8359375}, ""label_bias_scores"": {""YES"": 11.3046875, ""NO"": 9.2109375}, ""corrected_scores"": {""YES"": -0.171875, ""NO"": 0.625}, ""scoring_mode"": ""bias_corrected_choice_logits"", ""selected_short_label"": ""NO""}"
29,EleutherAI/pythia-1b,pythia,1b,baseline_helpful,bft_eval_01,triage,A small lab keeps discovering conflicting spreadsheet versions after each handoff. What should the team do in the next day?,matched_decoy,DIRECTIVE,directive_rate,1.0,0.0,1.0,0.0,NO,0.7866228222846985,,"{""raw_logit_scores"": {""YES"": 11.296875, ""NO"": 10.5078125}, ""label_bias_scores"": {""YES"": 11.3046875, ""NO"": 9.2109375}, ""corrected_scores"": {""YES"": -0.0078125, ""NO"": 1.296875}, ""scoring_mode"": ""bias_corrected_choice_logits"", ""selected_short_label"": ""NO""}"
29,EleutherAI/pythia-1b,pythia,1b,baseline_helpful,bft_eval_01,triage,A small lab keeps discovering conflicting spreadsheet versions after each handoff. What should the team do in the next day?,scrambled_profile,ELABORATE,avg_sentence_length,1.0,0.0,1.0,0.0,NO,0.665410578250885,,"{""raw_logit_scores"": {""YES"": 11.171875, ""NO"": 9.765625}, ""label_bias_scores"": {""YES"": 11.3046875, ""NO"": 9.2109375}, ""corrected_scores"": {""YES"": -0.1328125, ""NO"": 0.5546875}, ""scoring_mode"": ""bias_corrected_choice_logits"", ""selected_short_label"": ""NO""}"
29,EleutherAI/pythia-1b,pythia,1b,baseline_helpful,bft_eval_01,triage,A small lab keeps discovering conflicting spreadsheet versions after each handoff. What should the team do in the next day?,scrambled_profile,HEDGE,hedge_density,1.0,0.0,0.0,1.0,NO,0.709019124507904,,"{""raw_logit_scores"": {""YES"": 10.921875, ""NO"": 9.71875}, ""label_bias_scores"": {""YES"": 11.3046875, ""NO"": 9.2109375}, ""corrected_scores"": {""YES"": -0.3828125, ""NO"": 0.5078125}, ""scoring_mode"": ""bias_corrected_choice_logits"", ""selected_short_label"": ""NO""}"
29,EleutherAI/pythia-1b,pythia,1b,baseline_helpful,bft_eval_01,triage,A small lab keeps discovering conflicting spreadsheet versions after each handoff. What should the team do in the next day?,scrambled_profile,FIRST_PERSON,first_person_rate,1.0,0.0,0.0,1.0,NO,0.6791787147521973,,"{""raw_logit_scores"": {""YES"": 11.1328125, ""NO"": 9.7890625}, ""label_bias_scores"": {""YES"": 11.3046875, ""NO"": 9.2109375}, ""corrected_scores"": {""YES"": -0.171875, ""NO"": 0.578125}, ""scoring_mode"": ""bias_corrected_choice_logits"", ""selected_short_label"": ""NO""}"
29,EleutherAI/pythia-1b,pythia,1b,baseline_helpful,bft_eval_01,triage,A small lab keeps discovering conflicting spreadsheet versions after each handoff. What should the team do in the next day?,scrambled_profile,DIRECTIVE,directive_rate,1.0,0.0,1.0,0.0,NO,0.7786493301391602,,"{""raw_logit_scores"": {""YES"": 11.3046875, ""NO"": 10.46875}, ""label_bias_scores"": {""YES"": 11.3046875, ""NO"": 9.2109375}, ""corrected_scores"": {""YES"": 0.0, ""NO"": 1.2578125}, ""scoring_mode"": ""bias_corrected_choice_logits"", ""selected_short_label"": ""NO""}"
29,EleutherAI/pythia-1b,pythia,1b,baseline_helpful,bft_eval_02,critique,Give feedback on a student memo that is energetic and polite but hides the recommendation until the final line.,self_profile,ELABORATE,avg_sentence_length,1.0,0.0,0.0,1.0,NO,0.6584175229072571,,"{""raw_logit_scores"": {""YES"": 11.3515625, ""NO"": 9.9140625}, ""label_bias_scores"": {""YES"": 11.3125, ""NO"": 9.21875}, ""corrected_scores"": {""YES"": 0.0390625, ""NO"": 0.6953125}, ""scoring_mode"": ""bias_corrected_choice_logits"", ""selected_short_label"": ""NO""}"
29,EleutherAI/pythia-1b,pythia,1b,baseline_helpful,bft_eval_02,critique,Give feedback on a student memo that is energetic and polite but hides the recommendation until the final line.,self_profile,HEDGE,hedge_density,1.0,0.0,0.0,1.0,NO,0.642432451248169,,"{""raw_logit_scores"": {""YES"": 11.4609375, ""NO"": 9.953125}, ""label_bias_scores"": {""YES"": 11.3125, ""NO"": 9.21875}, ""corrected_scores"": {""YES"": 0.1484375, ""NO"": 0.734375}, ""scoring_mode"": ""bias_corrected_choice_logits"", ""selected_short_label"": ""NO""}"
29,EleutherAI/pythia-1b,pythia,1b,baseline_helpful,bft_eval_02,critique,Give feedback on a student memo that is energetic and polite but hides the recommendation until the final line.,self_profile,FIRST_PERSON,first_person_rate,1.0,0.0,1.0,0.0,NO,0.642432451248169,,"{""raw_logit_scores"": {""YES"": 11.359375, ""NO"": 9.8515625}, ""label_bias_scores"": {""YES"": 11.3125, ""NO"": 9.21875}, ""corrected_scores"": {""YES"": 0.046875, ""NO"": 0.6328125}, ""scoring_mode"": ""bias_corrected_choice_logits"", ""selected_short_label"": ""NO""}"
29,EleutherAI/pythia-1b,pythia,1b,baseline_helpful,bft_eval_02,critique,Give feedback on a student memo that is energetic and polite but hides the recommendation until the final line.,self_profile,DIRECTIVE,directive_rate,1.0,0.0,1.0,0.0,NO,0.7201715111732483,,"{""raw_logit_scores"": {""YES"": 11.578125, ""NO"": 10.4296875}, ""label_bias_scores"": {""YES"": 11.3125, ""NO"": 9.21875}, ""corrected_scores"": {""YES"": 0.265625, ""NO"": 1.2109375}, ""scoring_mode"": ""bias_corrected_choice_logits"", ""selected_short_label"": ""NO""}"
29,EleutherAI/pythia-1b,pythia,1b,baseline_helpful,bft_eval_02,critique,Give feedback on a student memo that is energetic and polite but hides the recommendation until the final line.,matched_decoy,ELABORATE,avg_sentence_length,1.0,0.0,0.0,1.0,NO,0.6619228720664978,,"{""raw_logit_scores"": {""YES"": 11.328125, ""NO"": 9.90625}, ""label_bias_scores"": {""YES"": 11.3125, ""NO"": 9.21875}, ""corrected_scores"": {""YES"": 0.015625, ""NO"": 0.6875}, ""scoring_mode"": ""bias_corrected_choice_logits"", ""selected_short_label"": ""NO""}"
29,EleutherAI/pythia-1b,pythia,1b,baseline_helpful,bft_eval_02,critique,Give feedback on a student memo that is energetic and polite but hides the recommendation until the final line.,matched_decoy,HEDGE,hedge_density,1.0,0.0,0.0,1.0,NO,0.6442250609397888,,"{""raw_logit_scores"": {""YES"": 11.4453125, ""NO"": 9.9453125}, ""label_bias_scores"": {""YES"": 11.3125, ""NO"": 9.21875}, ""corrected_scores"": {""YES"": 0.1328125, ""NO"": 0.7265625}, ""scoring_mode"": ""bias_corrected_choice_logits"", ""selected_short_label"": ""NO""}"
29,EleutherAI/pythia-1b,pythia,1b,baseline_helpful,bft_eval_02,critique,Give feedback on a student memo that is energetic and polite but hides the recommendation until the final line.,matched_decoy,FIRST_PERSON,first_person_rate,1.0,0.0,1.0,0.0,NO,0.6460136771202087,,"{""raw_logit_scores"": {""YES"": 11.328125, ""NO"": 9.8359375}, ""label_bias_scores"": {""YES"": 11.3125, ""NO"": 9.21875}, ""corrected_scores"": {""YES"": 0.015625, ""NO"": 0.6171875}, ""scoring_mode"": ""bias_corrected_choice_logits"", ""selected_short_label"": ""NO""}"
29,EleutherAI/pythia-1b,pythia,1b,baseline_helpful,bft_eval_02,critique,Give feedback on a student memo that is energetic and polite but hides the recommendation until the final line.,matched_decoy,DIRECTIVE,directive_rate,1.0,0.0,1.0,0.0,NO,0.7217432260513306,,"{""raw_logit_scores"": {""YES"": 11.5625, ""NO"": 10.421875}, ""label_bias_scores"": {""YES"": 11.3125, ""NO"": 9.21875}, ""corrected_scores"": {""YES"": 0.25, ""NO"": 1.203125}, ""scoring_mode"": ""bias_corrected_choice_logits"", ""selected_short_label"": ""NO""}"
29,EleutherAI/pythia-1b,pythia,1b,baseline_helpful,bft_eval_02,critique,Give feedback on a student memo that is energetic and polite but hides the recommendation until the final line.,scrambled_profile,ELABORATE,avg_sentence_length,1.0,0.0,0.0,1.0,NO,0.6636689305305481,,"{""raw_logit_scores"": {""YES"": 11.3125, ""NO"": 9.8984375}, ""label_bias_scores"": {""YES"": 11.3125, ""NO"": 9.21875}, ""corrected_scores"": {""YES"": 0.0, ""NO"": 0.6796875}, ""scoring_mode"": ""bias_corrected_choice_logits"", ""selected_short_label"": ""NO""}"
29,EleutherAI/pythia-1b,pythia,1b,baseline_helpful,bft_eval_02,critique,Give feedback on a student memo that is energetic and polite but hides the recommendation until the final line.,scrambled_profile,HEDGE,hedge_density,1.0,0.0,0.0,1.0,NO,0.6477982401847839,,"{""raw_logit_scores"": {""YES"": 11.4140625, ""NO"": 9.9296875}, ""label_bias_scores"": {""YES"": 11.3125, ""NO"": 9.21875}, ""corrected_scores"": {""YES"": 0.1015625, ""NO"": 0.7109375}, ""scoring_mode"": ""bias_corrected_choice_logits"", ""selected_short_label"": ""NO""}"
29,EleutherAI/pythia-1b,pythia,1b,baseline_helpful,bft_eval_02,critique,Give feedback on a student memo that is energetic and polite but hides the recommendation until the final line.,scrambled_profile,FIRST_PERSON,first_person_rate,1.0,0.0,1.0,0.0,NO,0.6460136771202087,,"{""raw_logit_scores"": {""YES"": 11.296875, ""NO"": 9.8046875}, ""label_bias_scores"": {""YES"": 11.3125, ""NO"": 9.21875}, ""corrected_scores"": {""YES"": -0.015625, ""NO"": 0.5859375}, ""scoring_mode"": ""bias_corrected_choice_logits"", ""selected_short_label"": ""NO""}"
29,EleutherAI/pythia-1b,pythia,1b,baseline_helpful,bft_eval_02,critique,Give feedback on a student memo that is energetic and polite but hides the recommendation until the final line.,scrambled_profile,DIRECTIVE,directive_rate,1.0,0.0,1.0,0.0,NO,0.7248703241348267,,"{""raw_logit_scores"": {""YES"": 11.53125, ""NO"": 10.40625}, ""label_bias_scores"": {""YES"": 11.3125, ""NO"": 9.21875}, ""corrected_scores"": {""YES"": 0.21875, ""NO"": 1.1875}, ""scoring_mode"": ""bias_corrected_choice_logits"", ""selected_short_label"": ""NO""}"
29,EleutherAI/pythia-1b,pythia,1b,baseline_helpful,bft_eval_03,policy,Write a short policy note on how a museum team should document changes to exhibit labels during revision.,self_profile,ELABORATE,avg_sentence_length,1.0,0.0,1.0,0.0,NO,0.6619228720664978,,"{""raw_logit_scores"": {""YES"": 10.734375, ""NO"": 9.3125}, ""label_bias_scores"": {""YES"": 11.3125, ""NO"": 9.21875}, ""corrected_scores"": {""YES"": -0.578125, ""NO"": 0.09375}, ""scoring_mode"": ""bias_corrected_choice_logits"", ""selected_short_label"": ""NO""}"
29,EleutherAI/pythia-1b,pythia,1b,baseline_helpful,bft_eval_03,policy,Write a short policy note on how a museum team should document changes to exhibit labels during revision.,self_profile,HEDGE,hedge_density,1.0,0.0,1.0,0.0,NO,0.66888028383255,,"{""raw_logit_scores"": {""YES"": 10.46875, ""NO"": 9.078125}, ""label_bias_scores"": {""YES"": 11.3125, ""NO"": 9.21875}, ""corrected_scores"": {""YES"": -0.84375, ""NO"": -0.140625}, ""scoring_mode"": ""bias_corrected_choice_logits"", ""selected_short_label"": ""NO""}"
29,EleutherAI/pythia-1b,pythia,1b,baseline_helpful,bft_eval_03,policy,Write a short policy note on how a museum team should document changes to exhibit labels during revision.,self_profile,FIRST_PERSON,first_person_rate,1.0,0.0,0.0,1.0,NO,0.6531268954277039,,"{""raw_logit_scores"": {""YES"": 10.515625, ""NO"": 9.0546875}, ""label_bias_scores"": {""YES"": 11.3125, ""NO"": 9.21875}, ""corrected_scores"": {""YES"": -0.796875, ""NO"": -0.1640625}, ""scoring_mode"": ""bias_corrected_choice_logits"", ""selected_short_label"": ""NO""}"
29,EleutherAI/pythia-1b,pythia,1b,baseline_helpful,bft_eval_03,policy,Write a short policy note on how a museum team should document changes to exhibit labels during revision.,self_profile,DIRECTIVE,directive_rate,1.0,0.0,0.0,1.0,NO,0.7264255881309509,,"{""raw_logit_scores"": {""YES"": 10.9609375, ""NO"": 9.84375}, ""label_bias_scores"": {""YES"": 11.3125, ""NO"": 9.21875}, ""corrected_scores"": {""YES"": -0.3515625, ""NO"": 0.625}, ""scoring_mode"": ""bias_corrected_choice_logits"", ""selected_short_label"": ""NO""}"
29,EleutherAI/pythia-1b,pythia,1b,baseline_helpful,bft_eval_03,policy,Write a short policy note on how a museum team should document changes to exhibit labels during revision.,matched_decoy,ELABORATE,avg_sentence_length,1.0,0.0,1.0,0.0,NO,0.6636689305305481,,"{""raw_logit_scores"": {""YES"": 10.7265625, ""NO"": 9.3125}, ""label_bias_scores"": {""YES"": 11.3125, ""NO"": 9.21875}, ""corrected_scores"": {""YES"": -0.5859375, ""NO"": 0.09375}, ""scoring_mode"": ""bias_corrected_choice_logits"", ""selected_short_label"": ""NO""}"
29,EleutherAI/pythia-1b,pythia,1b,baseline_helpful,bft_eval_03,policy,Write a short policy note on how a museum team should document changes to exhibit labels during revision.,matched_decoy,HEDGE,hedge_density,1.0,0.0,1.0,0.0,NO,0.672331690788269,,"{""raw_logit_scores"": {""YES"": 10.46875, ""NO"": 9.09375}, ""label_bias_scores"": {""YES"": 11.3125, ""NO"": 9.21875}, ""corrected_scores"": {""YES"": -0.84375, ""NO"": -0.125}, ""scoring_mode"": ""bias_corrected_choice_logits"", ""selected_short_label"": ""NO""}"
29,EleutherAI/pythia-1b,pythia,1b,baseline_helpful,bft_eval_03,policy,Write a short policy note on how a museum team should document changes to exhibit labels during revision.,matched_decoy,FIRST_PERSON,first_person_rate,1.0,0.0,0.0,1.0,NO,0.6531268954277039,,"{""raw_logit_scores"": {""YES"": 10.515625, ""NO"": 9.0546875}, ""label_bias_scores"": {""YES"": 11.3125, ""NO"": 9.21875}, ""corrected_scores"": {""YES"": -0.796875, ""NO"": -0.1640625}, ""scoring_mode"": ""bias_corrected_choice_logits"", ""selected_short_label"": ""NO""}"
29,EleutherAI/pythia-1b,pythia,1b,baseline_helpful,bft_eval_03,policy,Write a short policy note on how a museum team should document changes to exhibit labels during revision.,matched_decoy,DIRECTIVE,directive_rate,1.0,0.0,0.0,1.0,NO,0.729519784450531,,"{""raw_logit_scores"": {""YES"": 10.9609375, ""NO"": 9.859375}, ""label_bias_scores"": {""YES"": 11.3125, ""NO"": 9.21875}, ""corrected_scores"": {""YES"": -0.3515625, ""NO"": 0.640625}, ""scoring_mode"": ""bias_corrected_choice_logits"", ""selected_short_label"": ""NO""}"
29,EleutherAI/pythia-1b,pythia,1b,baseline_helpful,bft_eval_03,policy,Write a short policy note on how a museum team should document changes to exhibit labels during revision.,scrambled_profile,ELABORATE,avg_sentence_length,1.0,0.0,1.0,0.0,NO,0.6584175229072571,,"{""raw_logit_scores"": {""YES"": 10.6953125, ""NO"": 9.2578125}, ""label_bias_scores"": {""YES"": 11.3125, ""NO"": 9.21875}, ""corrected_scores"": {""YES"": -0.6171875, ""NO"": 0.0390625}, ""scoring_mode"": ""bias_corrected_choice_logits"", ""selected_short_label"": ""NO""}"
29,EleutherAI/pythia-1b,pythia,1b,baseline_helpful,bft_eval_03,policy,Write a short policy note on how a museum team should document changes to exhibit labels during revision.,scrambled_profile,HEDGE,hedge_density,1.0,0.0,1.0,0.0,NO,0.6671476364135742,,"{""raw_logit_scores"": {""YES"": 10.4609375, ""NO"": 9.0625}, ""label_bias_scores"": {""YES"": 11.3125, ""NO"": 9.21875}, ""corrected_scores"": {""YES"": -0.8515625, ""NO"": -0.15625}, ""scoring_mode"": ""bias_corrected_choice_logits"", ""selected_short_label"": ""NO""}"
29,EleutherAI/pythia-1b,pythia,1b,baseline_helpful,bft_eval_03,policy,Write a short policy note on how a museum team should document changes to exhibit labels during revision.,scrambled_profile,FIRST_PERSON,first_person_rate,1.0,0.0,0.0,1.0,NO,0.6513549089431763,,"{""raw_logit_scores"": {""YES"": 10.46875, ""NO"": 9.0}, ""label_bias_scores"": {""YES"": 11.3125, ""NO"": 9.21875}, ""corrected_scores"": {""YES"": -0.84375, ""NO"": -0.21875}, ""scoring_mode"": ""bias_corrected_choice_logits"", ""selected_short_label"": ""NO""}"
29,EleutherAI/pythia-1b,pythia,1b,baseline_helpful,bft_eval_03,policy,Write a short policy note on how a museum team should document changes to exhibit labels during revision.,scrambled_profile,DIRECTIVE,directive_rate,1.0,0.0,0.0,1.0,NO,0.7264255881309509,,"{""raw_logit_scores"": {""YES"": 10.921875, ""NO"": 9.8046875}, ""label_bias_scores"": {""YES"": 11.3125, ""NO"": 9.21875}, ""corrected_scores"": {""YES"": -0.390625, ""NO"": 0.5859375}, ""scoring_mode"": ""bias_corrected_choice_logits"", ""selected_short_label"": ""NO""}"
29,EleutherAI/pythia-1b,pythia,1b,baseline_helpful,bft_eval_04,diagnosis,Diagnose why a paragraph feels intelligent and informed but still fails to tell the reader what matters most.,self_profile,ELABORATE,avg_sentence_length,1.0,0.0,1.0,0.0,NO,0.6150878667831421,,"{""raw_logit_scores"": {""YES"": 11.1953125, ""NO"": 9.5703125}, ""label_bias_scores"": {""YES"": 11.3125, ""NO"": 9.21875}, ""corrected_scores"": {""YES"": -0.1171875, ""NO"": 0.3515625}, ""scoring_mode"": ""bias_corrected_choice_logits"", ""selected_short_label"": ""NO""}"
29,EleutherAI/pythia-1b,pythia,1b,baseline_helpful,bft_eval_04,diagnosis,Diagnose why a paragraph feels intelligent and informed but still fails to tell the reader what matters most.,self_profile,HEDGE,hedge_density,1.0,0.0,0.0,1.0,NO,0.6388352513313293,,"{""raw_logit_scores"": {""YES"": 11.1328125, ""NO"": 9.609375}, ""label_bias_scores"": {""YES"": 11.3125, ""NO"": 9.21875}, ""corrected_scores"": {""YES"": -0.1796875, ""NO"": 0.390625}, ""scoring_mode"": ""bias_corrected_choice_logits"", ""selected_short_label"": ""NO""}"
29,EleutherAI/pythia-1b,pythia,1b,baseline_helpful,bft_eval_04,diagnosis,Diagnose why a paragraph feels intelligent and informed but still fails to tell the reader what matters most.,self_profile,FIRST_PERSON,first_person_rate,1.0,0.0,0.0,1.0,NO,0.6020615696907043,,"{""raw_logit_scores"": {""YES"": 11.1875, ""NO"": 9.5078125}, ""label_bias_scores"": {""YES"": 11.3125, ""NO"": 9.21875}, ""corrected_scores"": {""YES"": -0.125, ""NO"": 0.2890625}, ""scoring_mode"": ""bias_corrected_choice_logits"", ""selected_short_label"": ""NO""}"
29,EleutherAI/pythia-1b,pythia,1b,baseline_helpful,bft_eval_04,diagnosis,Diagnose why a paragraph feels intelligent and informed but still fails to tell the reader what matters most.,self_profile,DIRECTIVE,directive_rate,1.0,0.0,1.0,0.0,NO,0.6893056035041809,,"{""raw_logit_scores"": {""YES"": 11.5078125, ""NO"": 10.2109375}, ""label_bias_scores"": {""YES"": 11.3125, ""NO"": 9.21875}, ""corrected_scores"": {""YES"": 0.1953125, ""NO"": 0.9921875}, ""scoring_mode"": ""bias_corrected_choice_logits"", ""selected_short_label"": ""NO""}"
29,EleutherAI/pythia-1b,pythia,1b,baseline_helpful,bft_eval_04,diagnosis,Diagnose why a paragraph feels intelligent and informed but still fails to tell the reader what matters most.,matched_decoy,ELABORATE,avg_sentence_length,1.0,0.0,1.0,0.0,NO,0.6169358491897583,,"{""raw_logit_scores"": {""YES"": 11.1796875, ""NO"": 9.5625}, ""label_bias_scores"": {""YES"": 11.3125, ""NO"": 9.21875}, ""corrected_scores"": {""YES"": -0.1328125, ""NO"": 0.34375}, ""scoring_mode"": ""bias_corrected_choice_logits"", ""selected_short_label"": ""NO""}"
29,EleutherAI/pythia-1b,pythia,1b,baseline_helpful,bft_eval_04,diagnosis,Diagnose why a paragraph feels intelligent and informed but still fails to tell the reader what matters most.,matched_decoy,HEDGE,hedge_density,1.0,0.0,0.0,1.0,NO,0.6406359076499939,,"{""raw_logit_scores"": {""YES"": 11.109375, ""NO"": 9.59375}, ""label_bias_scores"": {""YES"": 11.3125, ""NO"": 9.21875}, ""corrected_scores"": {""YES"": -0.203125, ""NO"": 0.375}, ""scoring_mode"": ""bias_corrected_choice_logits"", ""selected_short_label"": ""NO""}"
29,EleutherAI/pythia-1b,pythia,1b,baseline_helpful,bft_eval_04,diagnosis,Diagnose why a paragraph feels intelligent and informed but still fails to tell the reader what matters most.,matched_decoy,FIRST_PERSON,first_person_rate,1.0,0.0,0.0,1.0,NO,0.6039317846298218,,"{""raw_logit_scores"": {""YES"": 11.1640625, ""NO"": 9.4921875}, ""label_bias_scores"": {""YES"": 11.3125, ""NO"": 9.21875}, ""corrected_scores"": {""YES"": -0.1484375, ""NO"": 0.2734375}, ""scoring_mode"": ""bias_corrected_choice_logits"", ""selected_short_label"": ""NO""}"
29,EleutherAI/pythia-1b,pythia,1b,baseline_helpful,bft_eval_04,diagnosis,Diagnose why a paragraph feels intelligent and informed but still fails to tell the reader what matters most.,matched_decoy,DIRECTIVE,directive_rate,1.0,0.0,1.0,0.0,NO,0.6893056035041809,,"{""raw_logit_scores"": {""YES"": 11.4921875, ""NO"": 10.1953125}, ""label_bias_scores"": {""YES"": 11.3125, ""NO"": 9.21875}, ""corrected_scores"": {""YES"": 0.1796875, ""NO"": 0.9765625}, ""scoring_mode"": ""bias_corrected_choice_logits"", ""selected_short_label"": ""NO""}"
29,EleutherAI/pythia-1b,pythia,1b,baseline_helpful,bft_eval_04,diagnosis,Diagnose why a paragraph feels intelligent and informed but still fails to tell the reader what matters most.,scrambled_profile,ELABORATE,avg_sentence_length,1.0,0.0,1.0,0.0,NO,0.6206216216087341,,"{""raw_logit_scores"": {""YES"": 11.1875, ""NO"": 9.5859375}, ""label_bias_scores"": {""YES"": 11.3125, ""NO"": 9.21875}, ""corrected_scores"": {""YES"": -0.125, ""NO"": 0.3671875}, ""scoring_mode"": ""bias_corrected_choice_logits"", ""selected_short_label"": ""NO""}"
29,EleutherAI/pythia-1b,pythia,1b,baseline_helpful,bft_eval_04,diagnosis,Diagnose why a paragraph feels intelligent and informed but still fails to tell the reader what matters most.,scrambled_profile,HEDGE,hedge_density,1.0,0.0,0.0,1.0,NO,0.642432451248169,,"{""raw_logit_scores"": {""YES"": 11.125, ""NO"": 9.6171875}, ""label_bias_scores"": {""YES"": 11.3125, ""NO"": 9.21875}, ""corrected_scores"": {""YES"": -0.1875, ""NO"": 0.3984375}, ""scoring_mode"": ""bias_corrected_choice_logits"", ""selected_short_label"": ""NO""}"
29,EleutherAI/pythia-1b,pythia,1b,baseline_helpful,bft_eval_04,diagnosis,Diagnose why a paragraph feels intelligent and informed but still fails to tell the reader what matters most.,scrambled_profile,FIRST_PERSON,first_person_rate,1.0,0.0,0.0,1.0,NO,0.6095241904258728,,"{""raw_logit_scores"": {""YES"": 11.1484375, ""NO"": 9.5}, ""label_bias_scores"": {""YES"": 11.3125, ""NO"": 9.21875}, ""corrected_scores"": {""YES"": -0.1640625, ""NO"": 0.28125}, ""scoring_mode"": ""bias_corrected_choice_logits"", ""selected_short_label"": ""NO""}"
29,EleutherAI/pythia-1b,pythia,1b,baseline_helpful,bft_eval_04,diagnosis,Diagnose why a paragraph feels intelligent and informed but still fails to tell the reader what matters most.,scrambled_profile,DIRECTIVE,directive_rate,1.0,0.0,1.0,0.0,NO,0.6959583163261414,,"{""raw_logit_scores"": {""YES"": 11.5, ""NO"": 10.234375}, ""label_bias_scores"": {""YES"": 11.3125, ""NO"": 9.21875}, ""corrected_scores"": {""YES"": 0.1875, ""NO"": 1.015625}, ""scoring_mode"": ""bias_corrected_choice_logits"", ""selected_short_label"": ""NO""}"
29,EleutherAI/pythia-1b,pythia,1b,baseline_helpful,bft_eval_05,comparison,Compare an internal checklist and a polished postmortem as tools for preventing the same operational mistake twice.,self_profile,ELABORATE,avg_sentence_length,1.0,0.0,0.0,1.0,NO,0.6619228720664978,,"{""raw_logit_scores"": {""YES"": 10.90625, ""NO"": 9.484375}, ""label_bias_scores"": {""YES"": 11.3125, ""NO"": 9.21875}, ""corrected_scores"": {""YES"": -0.40625, ""NO"": 0.265625}, ""scoring_mode"": ""bias_corrected_choice_logits"", ""selected_short_label"": ""NO""}"
29,EleutherAI/pythia-1b,pythia,1b,baseline_helpful,bft_eval_05,comparison,Compare an internal checklist and a polished postmortem as tools for preventing the same operational mistake twice.,self_profile,HEDGE,hedge_density,1.0,0.0,0.0,1.0,NO,0.6706082820892334,,"{""raw_logit_scores"": {""YES"": 10.84375, ""NO"": 9.4609375}, ""label_bias_scores"": {""YES"": 11.3125, ""NO"": 9.21875}, ""corrected_scores"": {""YES"": -0.46875, ""NO"": 0.2421875}, ""scoring_mode"": ""bias_corrected_choice_logits"", ""selected_short_label"": ""NO""}"
29,EleutherAI/pythia-1b,pythia,1b,baseline_helpful,bft_eval_05,comparison,Compare an internal checklist and a polished postmortem as tools for preventing the same operational mistake twice.,self_profile,FIRST_PERSON,first_person_rate,1.0,0.0,0.0,1.0,NO,0.6584175229072571,,"{""raw_logit_scores"": {""YES"": 10.9140625, ""NO"": 9.4765625}, ""label_bias_scores"": {""YES"": 11.3125, ""NO"": 9.21875}, ""corrected_scores"": {""YES"": -0.3984375, ""NO"": 0.2578125}, ""scoring_mode"": ""bias_corrected_choice_logits"", ""selected_short_label"": ""NO""}"
29,EleutherAI/pythia-1b,pythia,1b,baseline_helpful,bft_eval_05,comparison,Compare an internal checklist and a polished postmortem as tools for preventing the same operational mistake twice.,self_profile,DIRECTIVE,directive_rate,1.0,0.0,0.0,1.0,NO,0.7233095169067383,,"{""raw_logit_scores"": {""YES"": 11.2109375, ""NO"": 10.078125}, ""label_bias_scores"": {""YES"": 11.3125, ""NO"": 9.21875}, ""corrected_scores"": {""YES"": -0.1015625, ""NO"": 0.859375}, ""scoring_mode"": ""bias_corrected_choice_logits"", ""selected_short_label"": ""NO""}"
29,EleutherAI/pythia-1b,pythia,1b,baseline_helpful,bft_eval_05,comparison,Compare an internal checklist and a polished postmortem as tools for preventing the same operational mistake twice.,matched_decoy,ELABORATE,avg_sentence_length,1.0,0.0,0.0,1.0,NO,0.6636689305305481,,"{""raw_logit_scores"": {""YES"": 10.890625, ""NO"": 9.4765625}, ""label_bias_scores"": {""YES"": 11.3125, ""NO"": 9.21875}, ""corrected_scores"": {""YES"": -0.421875, ""NO"": 0.2578125}, ""scoring_mode"": ""bias_corrected_choice_logits"", ""selected_short_label"": ""NO""}"
29,EleutherAI/pythia-1b,pythia,1b,baseline_helpful,bft_eval_05,comparison,Compare an internal checklist and a polished postmortem as tools for preventing the same operational mistake twice.,matched_decoy,HEDGE,hedge_density,1.0,0.0,0.0,1.0,NO,0.6740504503250122,,"{""raw_logit_scores"": {""YES"": 10.8203125, ""NO"": 9.453125}, ""label_bias_scores"": {""YES"": 11.3125, ""NO"": 9.21875}, ""corrected_scores"": {""YES"": -0.4921875, ""NO"": 0.234375}, ""scoring_mode"": ""bias_corrected_choice_logits"", ""selected_short_label"": ""NO""}"
29,EleutherAI/pythia-1b,pythia,1b,baseline_helpful,bft_eval_05,comparison,Compare an internal checklist and a polished postmortem as tools for preventing the same operational mistake twice.,matched_decoy,FIRST_PERSON,first_person_rate,1.0,0.0,0.0,1.0,NO,0.6601723432540894,,"{""raw_logit_scores"": {""YES"": 10.8984375, ""NO"": 9.46875}, ""label_bias_scores"": {""YES"": 11.3125, ""NO"": 9.21875}, ""corrected_scores"": {""YES"": -0.4140625, ""NO"": 0.25}, ""scoring_mode"": ""bias_corrected_choice_logits"", ""selected_short_label"": ""NO""}"
29,EleutherAI/pythia-1b,pythia,1b,baseline_helpful,bft_eval_05,comparison,Compare an internal checklist and a polished postmortem as tools for preventing the same operational mistake twice.,matched_decoy,DIRECTIVE,directive_rate,1.0,0.0,0.0,1.0,NO,0.7264255881309509,,"{""raw_logit_scores"": {""YES"": 11.1953125, ""NO"": 10.078125}, ""label_bias_scores"": {""YES"": 11.3125, ""NO"": 9.21875}, ""corrected_scores"": {""YES"": -0.1171875, ""NO"": 0.859375}, ""scoring_mode"": ""bias_corrected_choice_logits"", ""selected_short_label"": ""NO""}"
29,EleutherAI/pythia-1b,pythia,1b,baseline_helpful,bft_eval_05,comparison,Compare an internal checklist and a polished postmortem as tools for preventing the same operational mistake twice.,scrambled_profile,ELABORATE,avg_sentence_length,1.0,0.0,0.0,1.0,NO,0.665410578250885,,"{""raw_logit_scores"": {""YES"": 10.859375, ""NO"": 9.453125}, ""label_bias_scores"": {""YES"": 11.3125, ""NO"": 9.21875}, ""corrected_scores"": {""YES"": -0.453125, ""NO"": 0.234375}, ""scoring_mode"": ""bias_corrected_choice_logits"", ""selected_short_label"": ""NO""}"
29,EleutherAI/pythia-1b,pythia,1b,baseline_helpful,bft_eval_05,comparison,Compare an internal checklist and a polished postmortem as tools for preventing the same operational mistake twice.,scrambled_profile,HEDGE,hedge_density,1.0,0.0,0.0,1.0,NO,0.6706082820892334,,"{""raw_logit_scores"": {""YES"": 10.8203125, ""NO"": 9.4375}, ""label_bias_scores"": {""YES"": 11.3125, ""NO"": 9.21875}, ""corrected_scores"": {""YES"": -0.4921875, ""NO"": 0.21875}, ""scoring_mode"": ""bias_corrected_choice_logits"", ""selected_short_label"": ""NO""}"
29,EleutherAI/pythia-1b,pythia,1b,baseline_helpful,bft_eval_05,comparison,Compare an internal checklist and a polished postmortem as tools for preventing the same operational mistake twice.,scrambled_profile,FIRST_PERSON,first_person_rate,1.0,0.0,0.0,1.0,NO,0.6584175229072571,,"{""raw_logit_scores"": {""YES"": 10.8671875, ""NO"": 9.4296875}, ""label_bias_scores"": {""YES"": 11.3125, ""NO"": 9.21875}, ""corrected_scores"": {""YES"": -0.4453125, ""NO"": 0.2109375}, ""scoring_mode"": ""bias_corrected_choice_logits"", ""selected_short_label"": ""NO""}"
29,EleutherAI/pythia-1b,pythia,1b,baseline_helpful,bft_eval_05,comparison,Compare an internal checklist and a polished postmortem as tools for preventing the same operational mistake twice.,scrambled_profile,DIRECTIVE,directive_rate,1.0,0.0,0.0,1.0,NO,0.7248703241348267,,"{""raw_logit_scores"": {""YES"": 11.15625, ""NO"": 10.03125}, ""label_bias_scores"": {""YES"": 11.3125, ""NO"": 9.21875}, ""corrected_scores"": {""YES"": -0.15625, ""NO"": 0.8125}, ""scoring_mode"": ""bias_corrected_choice_logits"", ""selected_short_label"": ""NO""}"
29,EleutherAI/pythia-1b,pythia,1b,baseline_helpful,bft_eval_06,planning,Sketch a short plan for helping a student narrow a thesis topic without draining the curiosity out of it.,self_profile,ELABORATE,avg_sentence_length,1.0,0.0,1.0,0.0,NO,0.6584175229072571,,"{""raw_logit_scores"": {""YES"": 11.3046875, ""NO"": 9.8671875}, ""label_bias_scores"": {""YES"": 11.3125, ""NO"": 9.21875}, ""corrected_scores"": {""YES"": -0.0078125, ""NO"": 0.6484375}, ""scoring_mode"": ""bias_corrected_choice_logits"", ""selected_short_label"": ""NO""}"
29,EleutherAI/pythia-1b,pythia,1b,baseline_helpful,bft_eval_06,planning,Sketch a short plan for helping a student narrow a thesis topic without draining the curiosity out of it.,self_profile,HEDGE,hedge_density,1.0,0.0,0.0,1.0,NO,0.6808785796165466,,"{""raw_logit_scores"": {""YES"": 11.1640625, ""NO"": 9.828125}, ""label_bias_scores"": {""YES"": 11.3125, ""NO"": 9.21875}, ""corrected_scores"": {""YES"": -0.1484375, ""NO"": 0.609375}, ""scoring_mode"": ""bias_corrected_choice_logits"", ""selected_short_label"": ""NO""}"
29,EleutherAI/pythia-1b,pythia,1b,baseline_helpful,bft_eval_06,planning,Sketch a short plan for helping a student narrow a thesis topic without draining the curiosity out of it.,self_profile,FIRST_PERSON,first_person_rate,1.0,0.0,1.0,0.0,NO,0.6548947095870972,,"{""raw_logit_scores"": {""YES"": 11.234375, ""NO"": 9.78125}, ""label_bias_scores"": {""YES"": 11.3125, ""NO"": 9.21875}, ""corrected_scores"": {""YES"": -0.078125, ""NO"": 0.5625}, ""scoring_mode"": ""bias_corrected_choice_logits"", ""selected_short_label"": ""NO""}"
29,EleutherAI/pythia-1b,pythia,1b,baseline_helpful,bft_eval_06,planning,Sketch a short plan for helping a student narrow a thesis topic without draining the curiosity out of it.,self_profile,DIRECTIVE,directive_rate,1.0,0.0,1.0,0.0,NO,0.735641598701477,,"{""raw_logit_scores"": {""YES"": 11.515625, ""NO"": 10.4453125}, ""label_bias_scores"": {""YES"": 11.3125, ""NO"": 9.21875}, ""corrected_scores"": {""YES"": 0.203125, ""NO"": 1.2265625}, ""scoring_mode"": ""bias_corrected_choice_logits"", ""selected_short_label"": ""NO""}"
29,EleutherAI/pythia-1b,pythia,1b,baseline_helpful,bft_eval_06,planning,Sketch a short plan for helping a student narrow a thesis topic without draining the curiosity out of it.,matched_decoy,ELABORATE,avg_sentence_length,1.0,0.0,1.0,0.0,NO,0.6584175229072571,,"{""raw_logit_scores"": {""YES"": 11.296875, ""NO"": 9.859375}, ""label_bias_scores"": {""YES"": 11.3125, ""NO"": 9.21875}, ""corrected_scores"": {""YES"": -0.015625, ""NO"": 0.640625}, ""scoring_mode"": ""bias_corrected_choice_logits"", ""selected_short_label"": ""NO""}"
29,EleutherAI/pythia-1b,pythia,1b,baseline_helpful,bft_eval_06,planning,Sketch a short plan for helping a student narrow a thesis topic without draining the curiosity out of it.,matched_decoy,HEDGE,hedge_density,1.0,0.0,0.0,1.0,NO,0.6825737357139587,,"{""raw_logit_scores"": {""YES"": 11.1484375, ""NO"": 9.8203125}, ""label_bias_scores"": {""YES"": 11.3125, ""NO"": 9.21875}, ""corrected_scores"": {""YES"": -0.1640625, ""NO"": 0.6015625}, ""scoring_mode"": ""bias_corrected_choice_logits"", ""selected_short_label"": ""NO""}"
29,EleutherAI/pythia-1b,pythia,1b,baseline_helpful,bft_eval_06,planning,Sketch a short plan for helping a student narrow a thesis topic without draining the curiosity out of it.,matched_decoy,FIRST_PERSON,first_person_rate,1.0,0.0,1.0,0.0,NO,0.6566582322120667,,"{""raw_logit_scores"": {""YES"": 11.21875, ""NO"": 9.7734375}, ""label_bias_scores"": {""YES"": 11.3125, ""NO"": 9.21875}, ""corrected_scores"": {""YES"": -0.09375, ""NO"": 0.5546875}, ""scoring_mode"": ""bias_corrected_choice_logits"", ""selected_short_label"": ""NO""}"
29,EleutherAI/pythia-1b,pythia,1b,baseline_helpful,bft_eval_06,planning,Sketch a short plan for helping a student narrow a thesis topic without draining the curiosity out of it.,matched_decoy,DIRECTIVE,directive_rate,1.0,0.0,1.0,0.0,NO,0.7371581792831421,,"{""raw_logit_scores"": {""YES"": 11.5, ""NO"": 10.4375}, ""label_bias_scores"": {""YES"": 11.3125, ""NO"": 9.21875}, ""corrected_scores"": {""YES"": 0.1875, ""NO"": 1.21875}, ""scoring_mode"": ""bias_corrected_choice_logits"", ""selected_short_label"": ""NO""}"
29,EleutherAI/pythia-1b,pythia,1b,baseline_helpful,bft_eval_06,planning,Sketch a short plan for helping a student narrow a thesis topic without draining the curiosity out of it.,scrambled_profile,ELABORATE,avg_sentence_length,1.0,0.0,1.0,0.0,NO,0.6566582322120667,,"{""raw_logit_scores"": {""YES"": 11.28125, ""NO"": 9.8359375}, ""label_bias_scores"": {""YES"": 11.3125, ""NO"": 9.21875}, ""corrected_scores"": {""YES"": -0.03125, ""NO"": 0.6171875}, ""scoring_mode"": ""bias_corrected_choice_logits"", ""selected_short_label"": ""NO""}"
29,EleutherAI/pythia-1b,pythia,1b,baseline_helpful,bft_eval_06,planning,Sketch a short plan for helping a student narrow a thesis topic without draining the curiosity out of it.,scrambled_profile,HEDGE,hedge_density,1.0,0.0,0.0,1.0,NO,0.6757646203041077,,"{""raw_logit_scores"": {""YES"": 11.1640625, ""NO"": 9.8046875}, ""label_bias_scores"": {""YES"": 11.3125, ""NO"": 9.21875}, ""corrected_scores"": {""YES"": -0.1484375, ""NO"": 0.5859375}, ""scoring_mode"": ""bias_corrected_choice_logits"", ""selected_short_label"": ""NO""}"
29,EleutherAI/pythia-1b,pythia,1b,baseline_helpful,bft_eval_06,planning,Sketch a short plan for helping a student narrow a thesis topic without draining the curiosity out of it.,scrambled_profile,FIRST_PERSON,first_person_rate,1.0,0.0,1.0,0.0,NO,0.6513549089431763,,"{""raw_logit_scores"": {""YES"": 11.1953125, ""NO"": 9.7265625}, ""label_bias_scores"": {""YES"": 11.3125, ""NO"": 9.21875}, ""corrected_scores"": {""YES"": -0.1171875, ""NO"": 0.5078125}, ""scoring_mode"": ""bias_corrected_choice_logits"", ""selected_short_label"": ""NO""}"
29,EleutherAI/pythia-1b,pythia,1b,baseline_helpful,bft_eval_06,planning,Sketch a short plan for helping a student narrow a thesis topic without draining the curiosity out of it.,scrambled_profile,DIRECTIVE,directive_rate,1.0,0.0,1.0,0.0,NO,0.7310585975646973,,"{""raw_logit_scores"": {""YES"": 11.484375, ""NO"": 10.390625}, ""label_bias_scores"": {""YES"": 11.3125, ""NO"": 9.21875}, ""corrected_scores"": {""YES"": 0.171875, ""NO"": 1.171875}, ""scoring_mode"": ""bias_corrected_choice_logits"", ""selected_short_label"": ""NO""}"
29,EleutherAI/pythia-1b,pythia,1b,baseline_helpful,bft_eval_07,rewrite,Rewrite this rough instruction into something more useful to a teammate: 'Probably check the assumptions and logs before changing the code again.',self_profile,ELABORATE,avg_sentence_length,1.0,0.0,0.0,1.0,NO,0.6876299977302551,,"{""raw_logit_scores"": {""YES"": 11.1796875, ""NO"": 9.875}, ""label_bias_scores"": {""YES"": 11.3203125, ""NO"": 9.2265625}, ""corrected_scores"": {""YES"": -0.140625, ""NO"": 0.6484375}, ""scoring_mode"": ""bias_corrected_choice_logits"", ""selected_short_label"": ""NO""}"
29,EleutherAI/pythia-1b,pythia,1b,baseline_helpful,bft_eval_07,rewrite,Rewrite this rough instruction into something more useful to a teammate: 'Probably check the assumptions and logs before changing the code again.',self_profile,HEDGE,hedge_density,1.0,0.0,1.0,0.0,NO,0.7074047327041626,,"{""raw_logit_scores"": {""YES"": 11.015625, ""NO"": 9.8046875}, ""label_bias_scores"": {""YES"": 11.3203125, ""NO"": 9.2265625}, ""corrected_scores"": {""YES"": -0.3046875, ""NO"": 0.578125}, ""scoring_mode"": ""bias_corrected_choice_logits"", ""selected_short_label"": ""NO""}"
29,EleutherAI/pythia-1b,pythia,1b,baseline_helpful,bft_eval_07,rewrite,Rewrite this rough instruction into something more useful to a teammate: 'Probably check the assumptions and logs before changing the code again.',self_profile,FIRST_PERSON,first_person_rate,1.0,0.0,0.0,1.0,NO,0.6825737357139587,,"{""raw_logit_scores"": {""YES"": 11.125, ""NO"": 9.796875}, ""label_bias_scores"": {""YES"": 11.3203125, ""NO"": 9.2265625}, ""corrected_scores"": {""YES"": -0.1953125, ""NO"": 0.5703125}, ""scoring_mode"": ""bias_corrected_choice_logits"", ""selected_short_label"": ""NO""}"
29,EleutherAI/pythia-1b,pythia,1b,baseline_helpful,bft_eval_07,rewrite,Rewrite this rough instruction into something more useful to a teammate: 'Probably check the assumptions and logs before changing the code again.',self_profile,DIRECTIVE,directive_rate,1.0,0.0,0.0,1.0,NO,0.7759445905685425,,"{""raw_logit_scores"": {""YES"": 11.265625, ""NO"": 10.4140625}, ""label_bias_scores"": {""YES"": 11.3203125, ""NO"": 9.2265625}, ""corrected_scores"": {""YES"": -0.0546875, ""NO"": 1.1875}, ""scoring_mode"": ""bias_corrected_choice_logits"", ""selected_short_label"": ""NO""}"
29,EleutherAI/pythia-1b,pythia,1b,baseline_helpful,bft_eval_07,rewrite,Rewrite this rough instruction into something more useful to a teammate: 'Probably check the assumptions and logs before changing the code again.',matched_decoy,ELABORATE,avg_sentence_length,1.0,0.0,0.0,1.0,NO,0.6893056035041809,,"{""raw_logit_scores"": {""YES"": 11.171875, ""NO"": 9.875}, ""label_bias_scores"": {""YES"": 11.3203125, ""NO"": 9.2265625}, ""corrected_scores"": {""YES"": -0.1484375, ""NO"": 0.6484375}, ""scoring_mode"": ""bias_corrected_choice_logits"", ""selected_short_label"": ""NO""}"
29,EleutherAI/pythia-1b,pythia,1b,baseline_helpful,bft_eval_07,rewrite,Rewrite this rough instruction into something more useful to a teammate: 'Probably check the assumptions and logs before changing the code again.',matched_decoy,HEDGE,hedge_density,1.0,0.0,1.0,0.0,NO,0.7106282711029053,,"{""raw_logit_scores"": {""YES"": 11.0, ""NO"": 9.8046875}, ""label_bias_scores"": {""YES"": 11.3203125, ""NO"": 9.2265625}, ""corrected_scores"": {""YES"": -0.3203125, ""NO"": 0.578125}, ""scoring_mode"": ""bias_corrected_choice_logits"", ""selected_short_label"": ""NO""}"
29,EleutherAI/pythia-1b,pythia,1b,baseline_helpful,bft_eval_07,rewrite,Rewrite this rough instruction into something more useful to a teammate: 'Probably check the assumptions and logs before changing the code again.',matched_decoy,FIRST_PERSON,first_person_rate,1.0,0.0,0.0,1.0,NO,0.6842640042304993,,"{""raw_logit_scores"": {""YES"": 11.1171875, ""NO"": 9.796875}, ""label_bias_scores"": {""YES"": 11.3203125, ""NO"": 9.2265625}, ""corrected_scores"": {""YES"": -0.203125, ""NO"": 0.5703125}, ""scoring_mode"": ""bias_corrected_choice_logits"", ""selected_short_label"": ""NO""}"
29,EleutherAI/pythia-1b,pythia,1b,baseline_helpful,bft_eval_07,rewrite,Rewrite this rough instruction into something more useful to a teammate: 'Probably check the assumptions and logs before changing the code again.',matched_decoy,DIRECTIVE,directive_rate,1.0,0.0,0.0,1.0,NO,0.7759445905685425,,"{""raw_logit_scores"": {""YES"": 11.25, ""NO"": 10.3984375}, ""label_bias_scores"": {""YES"": 11.3203125, ""NO"": 9.2265625}, ""corrected_scores"": {""YES"": -0.0703125, ""NO"": 1.171875}, ""scoring_mode"": ""bias_corrected_choice_logits"", ""selected_short_label"": ""NO""}"
29,EleutherAI/pythia-1b,pythia,1b,baseline_helpful,bft_eval_07,rewrite,Rewrite this rough instruction into something more useful to a teammate: 'Probably check the assumptions and logs before changing the code again.',scrambled_profile,ELABORATE,avg_sentence_length,1.0,0.0,0.0,1.0,NO,0.6959583163261414,,"{""raw_logit_scores"": {""YES"": 11.15625, ""NO"": 9.890625}, ""label_bias_scores"": {""YES"": 11.3203125, ""NO"": 9.2265625}, ""corrected_scores"": {""YES"": -0.1640625, ""NO"": 0.6640625}, ""scoring_mode"": ""bias_corrected_choice_logits"", ""selected_short_label"": ""NO""}"
29,EleutherAI/pythia-1b,pythia,1b,baseline_helpful,bft_eval_07,rewrite,Rewrite this rough instruction into something more useful to a teammate: 'Probably check the assumptions and logs before changing the code again.',scrambled_profile,HEDGE,hedge_density,1.0,0.0,1.0,0.0,NO,0.7138307690620422,,"{""raw_logit_scores"": {""YES"": 11.0, ""NO"": 9.8203125}, ""label_bias_scores"": {""YES"": 11.3203125, ""NO"": 9.2265625}, ""corrected_scores"": {""YES"": -0.3203125, ""NO"": 0.59375}, ""scoring_mode"": ""bias_corrected_choice_logits"", ""selected_short_label"": ""NO""}"
29,EleutherAI/pythia-1b,pythia,1b,baseline_helpful,bft_eval_07,rewrite,Rewrite this rough instruction into something more useful to a teammate: 'Probably check the assumptions and logs before changing the code again.',scrambled_profile,FIRST_PERSON,first_person_rate,1.0,0.0,0.0,1.0,NO,0.6876299977302551,,"{""raw_logit_scores"": {""YES"": 11.109375, ""NO"": 9.8046875}, ""label_bias_scores"": {""YES"": 11.3203125, ""NO"": 9.2265625}, ""corrected_scores"": {""YES"": -0.2109375, ""NO"": 0.578125}, ""scoring_mode"": ""bias_corrected_choice_logits"", ""selected_short_label"": ""NO""}"
29,EleutherAI/pythia-1b,pythia,1b,baseline_helpful,bft_eval_07,rewrite,Rewrite this rough instruction into something more useful to a teammate: 'Probably check the assumptions and logs before changing the code again.',scrambled_profile,DIRECTIVE,directive_rate,1.0,0.0,0.0,1.0,NO,0.7786493301391602,,"{""raw_logit_scores"": {""YES"": 11.2421875, ""NO"": 10.40625}, ""label_bias_scores"": {""YES"": 11.3203125, ""NO"": 9.2265625}, ""corrected_scores"": {""YES"": -0.078125, ""NO"": 1.1796875}, ""scoring_mode"": ""bias_corrected_choice_logits"", ""selected_short_label"": ""NO""}"
29,EleutherAI/pythia-1b,pythia,1b,baseline_helpful,bft_eval_08,judgment,"Decide whether office hours help students mainly by clarifying content, lowering avoidance, or creating accountability, and explain your judgment.",self_profile,ELABORATE,avg_sentence_length,1.0,0.0,0.0,1.0,NO,0.6388352513313293,,"{""raw_logit_scores"": {""YES"": 11.1484375, ""NO"": 9.625}, ""label_bias_scores"": {""YES"": 11.3125, ""NO"": 9.21875}, ""corrected_scores"": {""YES"": -0.1640625, ""NO"": 0.40625}, ""scoring_mode"": ""bias_corrected_choice_logits"", ""selected_short_label"": ""NO""}"
29,EleutherAI/pythia-1b,pythia,1b,baseline_helpful,bft_eval_08,judgment,"Decide whether office hours help students mainly by clarifying content, lowering avoidance, or creating accountability, and explain your judgment.",self_profile,HEDGE,hedge_density,1.0,0.0,0.0,1.0,NO,0.6442250609397888,,"{""raw_logit_scores"": {""YES"": 11.0625, ""NO"": 9.5625}, ""label_bias_scores"": {""YES"": 11.3125, ""NO"": 9.21875}, ""corrected_scores"": {""YES"": -0.25, ""NO"": 0.34375}, ""scoring_mode"": ""bias_corrected_choice_logits"", ""selected_short_label"": ""NO""}"
29,EleutherAI/pythia-1b,pythia,1b,baseline_helpful,bft_eval_08,judgment,"Decide whether office hours help students mainly by clarifying content, lowering avoidance, or creating accountability, and explain your judgment.",self_profile,FIRST_PERSON,first_person_rate,1.0,0.0,0.0,1.0,NO,0.6169358491897583,,"{""raw_logit_scores"": {""YES"": 11.1328125, ""NO"": 9.515625}, ""label_bias_scores"": {""YES"": 11.3125, ""NO"": 9.21875}, ""corrected_scores"": {""YES"": -0.1796875, ""NO"": 0.296875}, ""scoring_mode"": ""bias_corrected_choice_logits"", ""selected_short_label"": ""NO""}"
29,EleutherAI/pythia-1b,pythia,1b,baseline_helpful,bft_eval_08,judgment,"Decide whether office hours help students mainly by clarifying content, lowering avoidance, or creating accountability, and explain your judgment.",self_profile,DIRECTIVE,directive_rate,1.0,0.0,0.0,1.0,NO,0.709019124507904,,"{""raw_logit_scores"": {""YES"": 11.375, ""NO"": 10.171875}, ""label_bias_scores"": {""YES"": 11.3125, ""NO"": 9.21875}, ""corrected_scores"": {""YES"": 0.0625, ""NO"": 0.953125}, ""scoring_mode"": ""bias_corrected_choice_logits"", ""selected_short_label"": ""NO""}"
29,EleutherAI/pythia-1b,pythia,1b,baseline_helpful,bft_eval_08,judgment,"Decide whether office hours help students mainly by clarifying content, lowering avoidance, or creating accountability, and explain your judgment.",matched_decoy,ELABORATE,avg_sentence_length,1.0,0.0,0.0,1.0,NO,0.642432451248169,,"{""raw_logit_scores"": {""YES"": 11.109375, ""NO"": 9.6015625}, ""label_bias_scores"": {""YES"": 11.3125, ""NO"": 9.21875}, ""corrected_scores"": {""YES"": -0.203125, ""NO"": 0.3828125}, ""scoring_mode"": ""bias_corrected_choice_logits"", ""selected_short_label"": ""NO""}"
29,EleutherAI/pythia-1b,pythia,1b,baseline_helpful,bft_eval_08,judgment,"Decide whether office hours help students mainly by clarifying content, lowering avoidance, or creating accountability, and explain your judgment.",matched_decoy,HEDGE,hedge_density,1.0,0.0,0.0,1.0,NO,0.6495786309242249,,"{""raw_logit_scores"": {""YES"": 11.03125, ""NO"": 9.5546875}, ""label_bias_scores"": {""YES"": 11.3125, ""NO"": 9.21875}, ""corrected_scores"": {""YES"": -0.28125, ""NO"": 0.3359375}, ""scoring_mode"": ""bias_corrected_choice_logits"", ""selected_short_label"": ""NO""}"
29,EleutherAI/pythia-1b,pythia,1b,baseline_helpful,bft_eval_08,judgment,"Decide whether office hours help students mainly by clarifying content, lowering avoidance, or creating accountability, and explain your judgment.",matched_decoy,FIRST_PERSON,first_person_rate,1.0,0.0,0.0,1.0,NO,0.6187804341316223,,"{""raw_logit_scores"": {""YES"": 11.1015625, ""NO"": 9.4921875}, ""label_bias_scores"": {""YES"": 11.3125, ""NO"": 9.21875}, ""corrected_scores"": {""YES"": -0.2109375, ""NO"": 0.2734375}, ""scoring_mode"": ""bias_corrected_choice_logits"", ""selected_short_label"": ""NO""}"
29,EleutherAI/pythia-1b,pythia,1b,baseline_helpful,bft_eval_08,judgment,"Decide whether office hours help students mainly by clarifying content, lowering avoidance, or creating accountability, and explain your judgment.",matched_decoy,DIRECTIVE,directive_rate,1.0,0.0,0.0,1.0,NO,0.7106282711029053,,"{""raw_logit_scores"": {""YES"": 11.34375, ""NO"": 10.1484375}, ""label_bias_scores"": {""YES"": 11.3125, ""NO"": 9.21875}, ""corrected_scores"": {""YES"": 0.03125, ""NO"": 0.9296875}, ""scoring_mode"": ""bias_corrected_choice_logits"", ""selected_short_label"": ""NO""}"
29,EleutherAI/pythia-1b,pythia,1b,baseline_helpful,bft_eval_08,judgment,"Decide whether office hours help students mainly by clarifying content, lowering avoidance, or creating accountability, and explain your judgment.",scrambled_profile,ELABORATE,avg_sentence_length,1.0,0.0,0.0,1.0,NO,0.642432451248169,,"{""raw_logit_scores"": {""YES"": 11.1328125, ""NO"": 9.625}, ""label_bias_scores"": {""YES"": 11.3125, ""NO"": 9.21875}, ""corrected_scores"": {""YES"": -0.1796875, ""NO"": 0.40625}, ""scoring_mode"": ""bias_corrected_choice_logits"", ""selected_short_label"": ""NO""}"
29,EleutherAI/pythia-1b,pythia,1b,baseline_helpful,bft_eval_08,judgment,"Decide whether office hours help students mainly by clarifying content, lowering avoidance, or creating accountability, and explain your judgment.",scrambled_profile,HEDGE,hedge_density,1.0,0.0,0.0,1.0,NO,0.6460136771202087,,"{""raw_logit_scores"": {""YES"": 11.0390625, ""NO"": 9.546875}, ""label_bias_scores"": {""YES"": 11.3125, ""NO"": 9.21875}, ""corrected_scores"": {""YES"": -0.2734375, ""NO"": 0.328125}, ""scoring_mode"": ""bias_corrected_choice_logits"", ""selected_short_label"": ""NO""}"
29,EleutherAI/pythia-1b,pythia,1b,baseline_helpful,bft_eval_08,judgment,"Decide whether office hours help students mainly by clarifying content, lowering avoidance, or creating accountability, and explain your judgment.",scrambled_profile,FIRST_PERSON,first_person_rate,1.0,0.0,0.0,1.0,NO,0.6169358491897583,,"{""raw_logit_scores"": {""YES"": 11.109375, ""NO"": 9.4921875}, ""label_bias_scores"": {""YES"": 11.3125, ""NO"": 9.21875}, ""corrected_scores"": {""YES"": -0.203125, ""NO"": 0.2734375}, ""scoring_mode"": ""bias_corrected_choice_logits"", ""selected_short_label"": ""NO""}"
29,EleutherAI/pythia-1b,pythia,1b,baseline_helpful,bft_eval_08,judgment,"Decide whether office hours help students mainly by clarifying content, lowering avoidance, or creating accountability, and explain your judgment.",scrambled_profile,DIRECTIVE,directive_rate,1.0,0.0,0.0,1.0,NO,0.709019124507904,,"{""raw_logit_scores"": {""YES"": 11.34375, ""NO"": 10.140625}, ""label_bias_scores"": {""YES"": 11.3125, ""NO"": 9.21875}, ""corrected_scores"": {""YES"": 0.03125, ""NO"": 0.921875}, ""scoring_mode"": ""bias_corrected_choice_logits"", ""selected_short_label"": ""NO""}"
31,EleutherAI/pythia-1b,pythia,1b,baseline_helpful,bft_eval_01,triage,A small lab keeps discovering conflicting spreadsheet versions after each handoff. What should the team do in the next day?,self_profile,ELABORATE,avg_sentence_length,1.0,0.0,0.0,1.0,NO,0.6774740219116211,,"{""raw_logit_scores"": {""YES"": 11.1328125, ""NO"": 9.78125}, ""label_bias_scores"": {""YES"": 11.3046875, ""NO"": 9.2109375}, ""corrected_scores"": {""YES"": -0.171875, ""NO"": 0.5703125}, ""scoring_mode"": ""bias_corrected_choice_logits"", ""selected_short_label"": ""NO""}"
31,EleutherAI/pythia-1b,pythia,1b,baseline_helpful,bft_eval_01,triage,A small lab keeps discovering conflicting spreadsheet versions after each handoff. What should the team do in the next day?,self_profile,HEDGE,hedge_density,1.0,0.0,0.0,1.0,NO,0.7217432260513306,,"{""raw_logit_scores"": {""YES"": 10.875, ""NO"": 9.734375}, ""label_bias_scores"": {""YES"": 11.3046875, ""NO"": 9.2109375}, ""corrected_scores"": {""YES"": -0.4296875, ""NO"": 0.5234375}, ""scoring_mode"": ""bias_corrected_choice_logits"", ""selected_short_label"": ""NO""}"
31,EleutherAI/pythia-1b,pythia,1b,baseline_helpful,bft_eval_01,triage,A small lab keeps discovering conflicting spreadsheet versions after each handoff. What should the team do in the next day?,self_profile,FIRST_PERSON,first_person_rate,1.0,0.0,0.0,1.0,NO,0.6909762620925903,,"{""raw_logit_scores"": {""YES"": 11.125, ""NO"": 9.8359375}, ""label_bias_scores"": {""YES"": 11.3046875, ""NO"": 9.2109375}, ""corrected_scores"": {""YES"": -0.1796875, ""NO"": 0.625}, ""scoring_mode"": ""bias_corrected_choice_logits"", ""selected_short_label"": ""NO""}"
31,EleutherAI/pythia-1b,pythia,1b,baseline_helpful,bft_eval_01,triage,A small lab keeps discovering conflicting spreadsheet versions after each handoff. What should the team do in the next day?,self_profile,DIRECTIVE,directive_rate,1.0,0.0,0.0,1.0,NO,0.7892336845397949,,"{""raw_logit_scores"": {""YES"": 11.28125, ""NO"": 10.5078125}, ""label_bias_scores"": {""YES"": 11.3046875, ""NO"": 9.2109375}, ""corrected_scores"": {""YES"": -0.0234375, ""NO"": 1.296875}, ""scoring_mode"": ""bias_corrected_choice_logits"", ""selected_short_label"": ""NO""}"
31,EleutherAI/pythia-1b,pythia,1b,baseline_helpful,bft_eval_01,triage,A small lab keeps discovering conflicting spreadsheet versions after each handoff. What should the team do in the next day?,matched_decoy,ELABORATE,avg_sentence_length,1.0,0.0,0.0,1.0,NO,0.6740504503250122,,"{""raw_logit_scores"": {""YES"": 11.140625, ""NO"": 9.7734375}, ""label_bias_scores"": {""YES"": 11.3046875, ""NO"": 9.2109375}, ""corrected_scores"": {""YES"": -0.1640625, ""NO"": 0.5625}, ""scoring_mode"": ""bias_corrected_choice_logits"", ""selected_short_label"": ""NO""}"
31,EleutherAI/pythia-1b,pythia,1b,baseline_helpful,bft_eval_01,triage,A small lab keeps discovering conflicting spreadsheet versions after each handoff. What should the team do in the next day?,matched_decoy,HEDGE,hedge_density,1.0,0.0,0.0,1.0,NO,0.7217432260513306,,"{""raw_logit_scores"": {""YES"": 10.890625, ""NO"": 9.75}, ""label_bias_scores"": {""YES"": 11.3046875, ""NO"": 9.2109375}, ""corrected_scores"": {""YES"": -0.4140625, ""NO"": 0.5390625}, ""scoring_mode"": ""bias_corrected_choice_logits"", ""selected_short_label"": ""NO""}"
31,EleutherAI/pythia-1b,pythia,1b,baseline_helpful,bft_eval_01,triage,A small lab keeps discovering conflicting spreadsheet versions after each handoff. What should the team do in the next day?,matched_decoy,FIRST_PERSON,first_person_rate,1.0,0.0,0.0,1.0,NO,0.6893056035041809,,"{""raw_logit_scores"": {""YES"": 11.1328125, ""NO"": 9.8359375}, ""label_bias_scores"": {""YES"": 11.3046875, ""NO"": 9.2109375}, ""corrected_scores"": {""YES"": -0.171875, ""NO"": 0.625}, ""scoring_mode"": ""bias_corrected_choice_logits"", ""selected_short_label"": ""NO""}"
31,EleutherAI/pythia-1b,pythia,1b,baseline_helpful,bft_eval_01,triage,A small lab keeps discovering conflicting spreadsheet versions after each handoff. What should the team do in the next day?,matched_decoy,DIRECTIVE,directive_rate,1.0,0.0,0.0,1.0,NO,0.7866228222846985,,"{""raw_logit_scores"": {""YES"": 11.296875, ""NO"": 10.5078125}, ""label_bias_scores"": {""YES"": 11.3046875, ""NO"": 9.2109375}, ""corrected_scores"": {""YES"": -0.0078125, ""NO"": 1.296875}, ""scoring_mode"": ""bias_corrected_choice_logits"", ""selected_short_label"": ""NO""}"
31,EleutherAI/pythia-1b,pythia,1b,baseline_helpful,bft_eval_01,triage,A small lab keeps discovering conflicting spreadsheet versions after each handoff. What should the team do in the next day?,scrambled_profile,ELABORATE,avg_sentence_length,1.0,0.0,0.0,1.0,NO,0.6825737357139587,,"{""raw_logit_scores"": {""YES"": 11.1484375, ""NO"": 9.8203125}, ""label_bias_scores"": {""YES"": 11.3046875, ""NO"": 9.2109375}, ""corrected_scores"": {""YES"": -0.15625, ""NO"": 0.609375}, ""scoring_mode"": ""bias_corrected_choice_logits"", ""selected_short_label"": ""NO""}"
31,EleutherAI/pythia-1b,pythia,1b,baseline_helpful,bft_eval_01,triage,A small lab keeps discovering conflicting spreadsheet versions after each handoff. What should the team do in the next day?,scrambled_profile,HEDGE,hedge_density,1.0,0.0,0.0,1.0,NO,0.7248703241348267,,"{""raw_logit_scores"": {""YES"": 10.890625, ""NO"": 9.765625}, ""label_bias_scores"": {""YES"": 11.3046875, ""NO"": 9.2109375}, ""corrected_scores"": {""YES"": -0.4140625, ""NO"": 0.5546875}, ""scoring_mode"": ""bias_corrected_choice_logits"", ""selected_short_label"": ""NO""}"
31,EleutherAI/pythia-1b,pythia,1b,baseline_helpful,bft_eval_01,triage,A small lab keeps discovering conflicting spreadsheet versions after each handoff. What should the team do in the next day?,scrambled_profile,FIRST_PERSON,first_person_rate,1.0,0.0,0.0,1.0,NO,0.6959583163261414,,"{""raw_logit_scores"": {""YES"": 11.1171875, ""NO"": 9.8515625}, ""label_bias_scores"": {""YES"": 11.3046875, ""NO"": 9.2109375}, ""corrected_scores"": {""YES"": -0.1875, ""NO"": 0.640625}, ""scoring_mode"": ""bias_corrected_choice_logits"", ""selected_short_label"": ""NO""}"
31,EleutherAI/pythia-1b,pythia,1b,baseline_helpful,bft_eval_01,triage,A small lab keeps discovering conflicting spreadsheet versions after each handoff. What should the team do in the next day?,scrambled_profile,DIRECTIVE,directive_rate,1.0,0.0,0.0,1.0,NO,0.7918210625648499,,"{""raw_logit_scores"": {""YES"": 11.28125, ""NO"": 10.5234375}, ""label_bias_scores"": {""YES"": 11.3046875, ""NO"": 9.2109375}, ""corrected_scores"": {""YES"": -0.0234375, ""NO"": 1.3125}, ""scoring_mode"": ""bias_corrected_choice_logits"", ""selected_short_label"": ""NO""}"
31,EleutherAI/pythia-1b,pythia,1b,baseline_helpful,bft_eval_02,critique,Give feedback on a student memo that is energetic and polite but hides the recommendation until the final line.,self_profile,ELABORATE,avg_sentence_length,1.0,0.0,1.0,0.0,NO,0.6601723432540894,,"{""raw_logit_scores"": {""YES"": 11.328125, ""NO"": 9.8984375}, ""label_bias_scores"": {""YES"": 11.3125, ""NO"": 9.21875}, ""corrected_scores"": {""YES"": 0.015625, ""NO"": 0.6796875}, ""scoring_mode"": ""bias_corrected_choice_logits"", ""selected_short_label"": ""NO""}"
31,EleutherAI/pythia-1b,pythia,1b,baseline_helpful,bft_eval_02,critique,Give feedback on a student memo that is energetic and polite but hides the recommendation until the final line.,self_profile,HEDGE,hedge_density,1.0,0.0,0.0,1.0,NO,0.6442250609397888,,"{""raw_logit_scores"": {""YES"": 11.4296875, ""NO"": 9.9296875}, ""label_bias_scores"": {""YES"": 11.3125, ""NO"": 9.21875}, ""corrected_scores"": {""YES"": 0.1171875, ""NO"": 0.7109375}, ""scoring_mode"": ""bias_corrected_choice_logits"", ""selected_short_label"": ""NO""}"
31,EleutherAI/pythia-1b,pythia,1b,baseline_helpful,bft_eval_02,critique,Give feedback on a student memo that is energetic and polite but hides the recommendation until the final line.,self_profile,FIRST_PERSON,first_person_rate,1.0,0.0,0.0,1.0,NO,0.6460136771202087,,"{""raw_logit_scores"": {""YES"": 11.3125, ""NO"": 9.8203125}, ""label_bias_scores"": {""YES"": 11.3125, ""NO"": 9.21875}, ""corrected_scores"": {""YES"": 0.0, ""NO"": 0.6015625}, ""scoring_mode"": ""bias_corrected_choice_logits"", ""selected_short_label"": ""NO""}"
31,EleutherAI/pythia-1b,pythia,1b,baseline_helpful,bft_eval_02,critique,Give feedback on a student memo that is energetic and polite but hides the recommendation until the final line.,self_profile,DIRECTIVE,directive_rate,1.0,0.0,0.0,1.0,NO,0.7217432260513306,,"{""raw_logit_scores"": {""YES"": 11.5546875, ""NO"": 10.4140625}, ""label_bias_scores"": {""YES"": 11.3125, ""NO"": 9.21875}, ""corrected_scores"": {""YES"": 0.2421875, ""NO"": 1.1953125}, ""scoring_mode"": ""bias_corrected_choice_logits"", ""selected_short_label"": ""NO""}"
31,EleutherAI/pythia-1b,pythia,1b,baseline_helpful,bft_eval_02,critique,Give feedback on a student memo that is energetic and polite but hides the recommendation until the final line.,matched_decoy,ELABORATE,avg_sentence_length,1.0,0.0,1.0,0.0,NO,0.6619228720664978,,"{""raw_logit_scores"": {""YES"": 11.328125, ""NO"": 9.90625}, ""label_bias_scores"": {""YES"": 11.3125, ""NO"": 9.21875}, ""corrected_scores"": {""YES"": 0.015625, ""NO"": 0.6875}, ""scoring_mode"": ""bias_corrected_choice_logits"", ""selected_short_label"": ""NO""}"
31,EleutherAI/pythia-1b,pythia,1b,baseline_helpful,bft_eval_02,critique,Give feedback on a student memo that is energetic and polite but hides the recommendation until the final line.,matched_decoy,HEDGE,hedge_density,1.0,0.0,0.0,1.0,NO,0.6442250609397888,,"{""raw_logit_scores"": {""YES"": 11.4453125, ""NO"": 9.9453125}, ""label_bias_scores"": {""YES"": 11.3125, ""NO"": 9.21875}, ""corrected_scores"": {""YES"": 0.1328125, ""NO"": 0.7265625}, ""scoring_mode"": ""bias_corrected_choice_logits"", ""selected_short_label"": ""NO""}"
31,EleutherAI/pythia-1b,pythia,1b,baseline_helpful,bft_eval_02,critique,Give feedback on a student memo that is energetic and polite but hides the recommendation until the final line.,matched_decoy,FIRST_PERSON,first_person_rate,1.0,0.0,0.0,1.0,NO,0.6460136771202087,,"{""raw_logit_scores"": {""YES"": 11.328125, ""NO"": 9.8359375}, ""label_bias_scores"": {""YES"": 11.3125, ""NO"": 9.21875}, ""corrected_scores"": {""YES"": 0.015625, ""NO"": 0.6171875}, ""scoring_mode"": ""bias_corrected_choice_logits"", ""selected_short_label"": ""NO""}"
31,EleutherAI/pythia-1b,pythia,1b,baseline_helpful,bft_eval_02,critique,Give feedback on a student memo that is energetic and polite but hides the recommendation until the final line.,matched_decoy,DIRECTIVE,directive_rate,1.0,0.0,0.0,1.0,NO,0.7217432260513306,,"{""raw_logit_scores"": {""YES"": 11.5625, ""NO"": 10.421875}, ""label_bias_scores"": {""YES"": 11.3125, ""NO"": 9.21875}, ""corrected_scores"": {""YES"": 0.25, ""NO"": 1.203125}, ""scoring_mode"": ""bias_corrected_choice_logits"", ""selected_short_label"": ""NO""}"
31,EleutherAI/pythia-1b,pythia,1b,baseline_helpful,bft_eval_02,critique,Give feedback on a student memo that is energetic and polite but hides the recommendation until the final line.,scrambled_profile,ELABORATE,avg_sentence_length,1.0,0.0,1.0,0.0,NO,0.672331690788269,,"{""raw_logit_scores"": {""YES"": 11.2578125, ""NO"": 9.8828125}, ""label_bias_scores"": {""YES"": 11.3125, ""NO"": 9.21875}, ""corrected_scores"": {""YES"": -0.0546875, ""NO"": 0.6640625}, ""scoring_mode"": ""bias_corrected_choice_logits"", ""selected_short_label"": ""NO""}"
31,EleutherAI/pythia-1b,pythia,1b,baseline_helpful,bft_eval_02,critique,Give feedback on a student memo that is energetic and polite but hides the recommendation until the final line.,scrambled_profile,HEDGE,hedge_density,1.0,0.0,0.0,1.0,NO,0.6531268954277039,,"{""raw_logit_scores"": {""YES"": 11.3828125, ""NO"": 9.921875}, ""label_bias_scores"": {""YES"": 11.3125, ""NO"": 9.21875}, ""corrected_scores"": {""YES"": 0.0703125, ""NO"": 0.703125}, ""scoring_mode"": ""bias_corrected_choice_logits"", ""selected_short_label"": ""NO""}"
31,EleutherAI/pythia-1b,pythia,1b,baseline_helpful,bft_eval_02,critique,Give feedback on a student memo that is energetic and polite but hides the recommendation until the final line.,scrambled_profile,FIRST_PERSON,first_person_rate,1.0,0.0,0.0,1.0,NO,0.6548947095870972,,"{""raw_logit_scores"": {""YES"": 11.265625, ""NO"": 9.8125}, ""label_bias_scores"": {""YES"": 11.3125, ""NO"": 9.21875}, ""corrected_scores"": {""YES"": -0.046875, ""NO"": 0.59375}, ""scoring_mode"": ""bias_corrected_choice_logits"", ""selected_short_label"": ""NO""}"
31,EleutherAI/pythia-1b,pythia,1b,baseline_helpful,bft_eval_02,critique,Give feedback on a student memo that is energetic and polite but hides the recommendation until the final line.,scrambled_profile,DIRECTIVE,directive_rate,1.0,0.0,0.0,1.0,NO,0.7341195344924927,,"{""raw_logit_scores"": {""YES"": 11.4609375, ""NO"": 10.3828125}, ""label_bias_scores"": {""YES"": 11.3125, ""NO"": 9.21875}, ""corrected_scores"": {""YES"": 0.1484375, ""NO"": 1.1640625}, ""scoring_mode"": ""bias_corrected_choice_logits"", ""selected_short_label"": ""NO""}"
31,EleutherAI/pythia-1b,pythia,1b,baseline_helpful,bft_eval_03,policy,Write a short policy note on how a museum team should document changes to exhibit labels during revision.,self_profile,ELABORATE,avg_sentence_length,1.0,0.0,1.0,0.0,NO,0.6601723432540894,,"{""raw_logit_scores"": {""YES"": 10.7109375, ""NO"": 9.28125}, ""label_bias_scores"": {""YES"": 11.3125, ""NO"": 9.21875}, ""corrected_scores"": {""YES"": -0.6015625, ""NO"": 0.0625}, ""scoring_mode"": ""bias_corrected_choice_logits"", ""selected_short_label"": ""NO""}"
31,EleutherAI/pythia-1b,pythia,1b,baseline_helpful,bft_eval_03,policy,Write a short policy note on how a museum team should document changes to exhibit labels during revision.,self_profile,HEDGE,hedge_density,1.0,0.0,0.0,1.0,NO,0.6706082820892334,,"{""raw_logit_scores"": {""YES"": 10.4453125, ""NO"": 9.0625}, ""label_bias_scores"": {""YES"": 11.3125, ""NO"": 9.21875}, ""corrected_scores"": {""YES"": -0.8671875, ""NO"": -0.15625}, ""scoring_mode"": ""bias_corrected_choice_logits"", ""selected_short_label"": ""NO""}"
31,EleutherAI/pythia-1b,pythia,1b,baseline_helpful,bft_eval_03,policy,Write a short policy note on how a museum team should document changes to exhibit labels during revision.,self_profile,FIRST_PERSON,first_person_rate,1.0,0.0,1.0,0.0,NO,0.6513549089431763,,"{""raw_logit_scores"": {""YES"": 10.484375, ""NO"": 9.015625}, ""label_bias_scores"": {""YES"": 11.3125, ""NO"": 9.21875}, ""corrected_scores"": {""YES"": -0.828125, ""NO"": -0.203125}, ""scoring_mode"": ""bias_corrected_choice_logits"", ""selected_short_label"": ""NO""}"
31,EleutherAI/pythia-1b,pythia,1b,baseline_helpful,bft_eval_03,policy,Write a short policy note on how a museum team should document changes to exhibit labels during revision.,self_profile,DIRECTIVE,directive_rate,1.0,0.0,1.0,0.0,NO,0.7264255881309509,,"{""raw_logit_scores"": {""YES"": 10.953125, ""NO"": 9.8359375}, ""label_bias_scores"": {""YES"": 11.3125, ""NO"": 9.21875}, ""corrected_scores"": {""YES"": -0.359375, ""NO"": 0.6171875}, ""scoring_mode"": ""bias_corrected_choice_logits"", ""selected_short_label"": ""NO""}"
31,EleutherAI/pythia-1b,pythia,1b,baseline_helpful,bft_eval_03,policy,Write a short policy note on how a museum team should document changes to exhibit labels during revision.,matched_decoy,ELABORATE,avg_sentence_length,1.0,0.0,1.0,0.0,NO,0.6636689305305481,,"{""raw_logit_scores"": {""YES"": 10.7265625, ""NO"": 9.3125}, ""label_bias_scores"": {""YES"": 11.3125, ""NO"": 9.21875}, ""corrected_scores"": {""YES"": -0.5859375, ""NO"": 0.09375}, ""scoring_mode"": ""bias_corrected_choice_logits"", ""selected_short_label"": ""NO""}"
31,EleutherAI/pythia-1b,pythia,1b,baseline_helpful,bft_eval_03,policy,Write a short policy note on how a museum team should document changes to exhibit labels during revision.,matched_decoy,HEDGE,hedge_density,1.0,0.0,0.0,1.0,NO,0.672331690788269,,"{""raw_logit_scores"": {""YES"": 10.46875, ""NO"": 9.09375}, ""label_bias_scores"": {""YES"": 11.3125, ""NO"": 9.21875}, ""corrected_scores"": {""YES"": -0.84375, ""NO"": -0.125}, ""scoring_mode"": ""bias_corrected_choice_logits"", ""selected_short_label"": ""NO""}"
31,EleutherAI/pythia-1b,pythia,1b,baseline_helpful,bft_eval_03,policy,Write a short policy note on how a museum team should document changes to exhibit labels during revision.,matched_decoy,FIRST_PERSON,first_person_rate,1.0,0.0,1.0,0.0,NO,0.6531268954277039,,"{""raw_logit_scores"": {""YES"": 10.515625, ""NO"": 9.0546875}, ""label_bias_scores"": {""YES"": 11.3125, ""NO"": 9.21875}, ""corrected_scores"": {""YES"": -0.796875, ""NO"": -0.1640625}, ""scoring_mode"": ""bias_corrected_choice_logits"", ""selected_short_label"": ""NO""}"
31,EleutherAI/pythia-1b,pythia,1b,baseline_helpful,bft_eval_03,policy,Write a short policy note on how a museum team should document changes to exhibit labels during revision.,matched_decoy,DIRECTIVE,directive_rate,1.0,0.0,1.0,0.0,NO,0.729519784450531,,"{""raw_logit_scores"": {""YES"": 10.9609375, ""NO"": 9.859375}, ""label_bias_scores"": {""YES"": 11.3125, ""NO"": 9.21875}, ""corrected_scores"": {""YES"": -0.3515625, ""NO"": 0.640625}, ""scoring_mode"": ""bias_corrected_choice_logits"", ""selected_short_label"": ""NO""}"
31,EleutherAI/pythia-1b,pythia,1b,baseline_helpful,bft_eval_03,policy,Write a short policy note on how a museum team should document changes to exhibit labels during revision.,scrambled_profile,ELABORATE,avg_sentence_length,1.0,0.0,1.0,0.0,NO,0.6619228720664978,,"{""raw_logit_scores"": {""YES"": 10.5703125, ""NO"": 9.1484375}, ""label_bias_scores"": {""YES"": 11.3125, ""NO"": 9.21875}, ""corrected_scores"": {""YES"": -0.7421875, ""NO"": -0.0703125}, ""scoring_mode"": ""bias_corrected_choice_logits"", ""selected_short_label"": ""NO""}"
31,EleutherAI/pythia-1b,pythia,1b,baseline_helpful,bft_eval_03,policy,Write a short policy note on how a museum team should document changes to exhibit labels during revision.,scrambled_profile,HEDGE,hedge_density,1.0,0.0,0.0,1.0,NO,0.66888028383255,,"{""raw_logit_scores"": {""YES"": 10.3515625, ""NO"": 8.9609375}, ""label_bias_scores"": {""YES"": 11.3125, ""NO"": 9.21875}, ""corrected_scores"": {""YES"": -0.9609375, ""NO"": -0.2578125}, ""scoring_mode"": ""bias_corrected_choice_logits"", ""selected_short_label"": ""NO""}"
31,EleutherAI/pythia-1b,pythia,1b,baseline_helpful,bft_eval_03,policy,Write a short policy note on how a museum team should document changes to exhibit labels during revision.,scrambled_profile,FIRST_PERSON,first_person_rate,1.0,0.0,1.0,0.0,NO,0.6513549089431763,,"{""raw_logit_scores"": {""YES"": 10.3359375, ""NO"": 8.8671875}, ""label_bias_scores"": {""YES"": 11.3125, ""NO"": 9.21875}, ""corrected_scores"": {""YES"": -0.9765625, ""NO"": -0.3515625}, ""scoring_mode"": ""bias_corrected_choice_logits"", ""selected_short_label"": ""NO""}"
31,EleutherAI/pythia-1b,pythia,1b,baseline_helpful,bft_eval_03,policy,Write a short policy note on how a museum team should document changes to exhibit labels during revision.,scrambled_profile,DIRECTIVE,directive_rate,1.0,0.0,1.0,0.0,NO,0.7264255881309509,,"{""raw_logit_scores"": {""YES"": 10.8046875, ""NO"": 9.6875}, ""label_bias_scores"": {""YES"": 11.3125, ""NO"": 9.21875}, ""corrected_scores"": {""YES"": -0.5078125, ""NO"": 0.46875}, ""scoring_mode"": ""bias_corrected_choice_logits"", ""selected_short_label"": ""NO""}"
31,EleutherAI/pythia-1b,pythia,1b,baseline_helpful,bft_eval_04,diagnosis,Diagnose why a paragraph feels intelligent and informed but still fails to tell the reader what matters most.,self_profile,ELABORATE,avg_sentence_length,1.0,0.0,1.0,0.0,NO,0.6187804341316223,,"{""raw_logit_scores"": {""YES"": 11.1640625, ""NO"": 9.5546875}, ""label_bias_scores"": {""YES"": 11.3125, ""NO"": 9.21875}, ""corrected_scores"": {""YES"": -0.1484375, ""NO"": 0.3359375}, ""scoring_mode"": ""bias_corrected_choice_logits"", ""selected_short_label"": ""NO""}"
31,EleutherAI/pythia-1b,pythia,1b,baseline_helpful,bft_eval_04,diagnosis,Diagnose why a paragraph feels intelligent and informed but still fails to tell the reader what matters most.,self_profile,HEDGE,hedge_density,1.0,0.0,1.0,0.0,NO,0.642432451248169,,"{""raw_logit_scores"": {""YES"": 11.0859375, ""NO"": 9.578125}, ""label_bias_scores"": {""YES"": 11.3125, ""NO"": 9.21875}, ""corrected_scores"": {""YES"": -0.2265625, ""NO"": 0.359375}, ""scoring_mode"": ""bias_corrected_choice_logits"", ""selected_short_label"": ""NO""}"
31,EleutherAI/pythia-1b,pythia,1b,baseline_helpful,bft_eval_04,diagnosis,Diagnose why a paragraph feels intelligent and informed but still fails to tell the reader what matters most.,self_profile,FIRST_PERSON,first_person_rate,1.0,0.0,1.0,0.0,NO,0.6057990193367004,,"{""raw_logit_scores"": {""YES"": 11.1484375, ""NO"": 9.484375}, ""label_bias_scores"": {""YES"": 11.3125, ""NO"": 9.21875}, ""corrected_scores"": {""YES"": -0.1640625, ""NO"": 0.265625}, ""scoring_mode"": ""bias_corrected_choice_logits"", ""selected_short_label"": ""NO""}"
31,EleutherAI/pythia-1b,pythia,1b,baseline_helpful,bft_eval_04,diagnosis,Diagnose why a paragraph feels intelligent and informed but still fails to tell the reader what matters most.,self_profile,DIRECTIVE,directive_rate,1.0,0.0,1.0,0.0,NO,0.6926419734954834,,"{""raw_logit_scores"": {""YES"": 11.4765625, ""NO"": 10.1953125}, ""label_bias_scores"": {""YES"": 11.3125, ""NO"": 9.21875}, ""corrected_scores"": {""YES"": 0.1640625, ""NO"": 0.9765625}, ""scoring_mode"": ""bias_corrected_choice_logits"", ""selected_short_label"": ""NO""}"
31,EleutherAI/pythia-1b,pythia,1b,baseline_helpful,bft_eval_04,diagnosis,Diagnose why a paragraph feels intelligent and informed but still fails to tell the reader what matters most.,matched_decoy,ELABORATE,avg_sentence_length,1.0,0.0,1.0,0.0,NO,0.6169358491897583,,"{""raw_logit_scores"": {""YES"": 11.1796875, ""NO"": 9.5625}, ""label_bias_scores"": {""YES"": 11.3125, ""NO"": 9.21875}, ""corrected_scores"": {""YES"": -0.1328125, ""NO"": 0.34375}, ""scoring_mode"": ""bias_corrected_choice_logits"", ""selected_short_label"": ""NO""}"
31,EleutherAI/pythia-1b,pythia,1b,baseline_helpful,bft_eval_04,diagnosis,Diagnose why a paragraph feels intelligent and informed but still fails to tell the reader what matters most.,matched_decoy,HEDGE,hedge_density,1.0,0.0,1.0,0.0,NO,0.6406359076499939,,"{""raw_logit_scores"": {""YES"": 11.109375, ""NO"": 9.59375}, ""label_bias_scores"": {""YES"": 11.3125, ""NO"": 9.21875}, ""corrected_scores"": {""YES"": -0.203125, ""NO"": 0.375}, ""scoring_mode"": ""bias_corrected_choice_logits"", ""selected_short_label"": ""NO""}"
31,EleutherAI/pythia-1b,pythia,1b,baseline_helpful,bft_eval_04,diagnosis,Diagnose why a paragraph feels intelligent and informed but still fails to tell the reader what matters most.,matched_decoy,FIRST_PERSON,first_person_rate,1.0,0.0,1.0,0.0,NO,0.6039317846298218,,"{""raw_logit_scores"": {""YES"": 11.1640625, ""NO"": 9.4921875}, ""label_bias_scores"": {""YES"": 11.3125, ""NO"": 9.21875}, ""corrected_scores"": {""YES"": -0.1484375, ""NO"": 0.2734375}, ""scoring_mode"": ""bias_corrected_choice_logits"", ""selected_short_label"": ""NO""}"
31,EleutherAI/pythia-1b,pythia,1b,baseline_helpful,bft_eval_04,diagnosis,Diagnose why a paragraph feels intelligent and informed but still fails to tell the reader what matters most.,matched_decoy,DIRECTIVE,directive_rate,1.0,0.0,1.0,0.0,NO,0.6893056035041809,,"{""raw_logit_scores"": {""YES"": 11.4921875, ""NO"": 10.1953125}, ""label_bias_scores"": {""YES"": 11.3125, ""NO"": 9.21875}, ""corrected_scores"": {""YES"": 0.1796875, ""NO"": 0.9765625}, ""scoring_mode"": ""bias_corrected_choice_logits"", ""selected_short_label"": ""NO""}"
31,EleutherAI/pythia-1b,pythia,1b,baseline_helpful,bft_eval_04,diagnosis,Diagnose why a paragraph feels intelligent and informed but still fails to tell the reader what matters most.,scrambled_profile,ELABORATE,avg_sentence_length,1.0,0.0,1.0,0.0,NO,0.6388352513313293,,"{""raw_logit_scores"": {""YES"": 11.15625, ""NO"": 9.6328125}, ""label_bias_scores"": {""YES"": 11.3125, ""NO"": 9.21875}, ""corrected_scores"": {""YES"": -0.15625, ""NO"": 0.4140625}, ""scoring_mode"": ""bias_corrected_choice_logits"", ""selected_short_label"": ""NO""}"
31,EleutherAI/pythia-1b,pythia,1b,baseline_helpful,bft_eval_04,diagnosis,Diagnose why a paragraph feels intelligent and informed but still fails to tell the reader what matters most.,scrambled_profile,HEDGE,hedge_density,1.0,0.0,1.0,0.0,NO,0.6548947095870972,,"{""raw_logit_scores"": {""YES"": 11.0859375, ""NO"": 9.6328125}, ""label_bias_scores"": {""YES"": 11.3125, ""NO"": 9.21875}, ""corrected_scores"": {""YES"": -0.2265625, ""NO"": 0.4140625}, ""scoring_mode"": ""bias_corrected_choice_logits"", ""selected_short_label"": ""NO""}"
31,EleutherAI/pythia-1b,pythia,1b,baseline_helpful,bft_eval_04,diagnosis,Diagnose why a paragraph feels intelligent and informed but still fails to tell the reader what matters most.,scrambled_profile,FIRST_PERSON,first_person_rate,1.0,0.0,1.0,0.0,NO,0.6206216216087341,,"{""raw_logit_scores"": {""YES"": 11.140625, ""NO"": 9.5390625}, ""label_bias_scores"": {""YES"": 11.3125, ""NO"": 9.21875}, ""corrected_scores"": {""YES"": -0.171875, ""NO"": 0.3203125}, ""scoring_mode"": ""bias_corrected_choice_logits"", ""selected_short_label"": ""NO""}"
31,EleutherAI/pythia-1b,pythia,1b,baseline_helpful,bft_eval_04,diagnosis,Diagnose why a paragraph feels intelligent and informed but still fails to tell the reader what matters most.,scrambled_profile,DIRECTIVE,directive_rate,1.0,0.0,1.0,0.0,NO,0.7057850360870361,,"{""raw_logit_scores"": {""YES"": 11.4609375, ""NO"": 10.2421875}, ""label_bias_scores"": {""YES"": 11.3125, ""NO"": 9.21875}, ""corrected_scores"": {""YES"": 0.1484375, ""NO"": 1.0234375}, ""scoring_mode"": ""bias_corrected_choice_logits"", ""selected_short_label"": ""NO""}"
31,EleutherAI/pythia-1b,pythia,1b,baseline_helpful,bft_eval_05,comparison,Compare an internal checklist and a polished postmortem as tools for preventing the same operational mistake twice.,self_profile,ELABORATE,avg_sentence_length,1.0,0.0,1.0,0.0,NO,0.6636689305305481,,"{""raw_logit_scores"": {""YES"": 10.890625, ""NO"": 9.4765625}, ""label_bias_scores"": {""YES"": 11.3125, ""NO"": 9.21875}, ""corrected_scores"": {""YES"": -0.421875, ""NO"": 0.2578125}, ""scoring_mode"": ""bias_corrected_choice_logits"", ""selected_short_label"": ""NO""}"
31,EleutherAI/pythia-1b,pythia,1b,baseline_helpful,bft_eval_05,comparison,Compare an internal checklist and a polished postmortem as tools for preventing the same operational mistake twice.,self_profile,HEDGE,hedge_density,1.0,0.0,0.0,1.0,NO,0.672331690788269,,"{""raw_logit_scores"": {""YES"": 10.8125, ""NO"": 9.4375}, ""label_bias_scores"": {""YES"": 11.3125, ""NO"": 9.21875}, ""corrected_scores"": {""YES"": -0.5, ""NO"": 0.21875}, ""scoring_mode"": ""bias_corrected_choice_logits"", ""selected_short_label"": ""NO""}"
31,EleutherAI/pythia-1b,pythia,1b,baseline_helpful,bft_eval_05,comparison,Compare an internal checklist and a polished postmortem as tools for preventing the same operational mistake twice.,self_profile,FIRST_PERSON,first_person_rate,1.0,0.0,0.0,1.0,NO,0.6584175229072571,,"{""raw_logit_scores"": {""YES"": 10.890625, ""NO"": 9.453125}, ""label_bias_scores"": {""YES"": 11.3125, ""NO"": 9.21875}, ""corrected_scores"": {""YES"": -0.421875, ""NO"": 0.234375}, ""scoring_mode"": ""bias_corrected_choice_logits"", ""selected_short_label"": ""NO""}"
31,EleutherAI/pythia-1b,pythia,1b,baseline_helpful,bft_eval_05,comparison,Compare an internal checklist and a polished postmortem as tools for preventing the same operational mistake twice.,self_profile,DIRECTIVE,directive_rate,1.0,0.0,1.0,0.0,NO,0.7264255881309509,,"{""raw_logit_scores"": {""YES"": 11.1875, ""NO"": 10.0703125}, ""label_bias_scores"": {""YES"": 11.3125, ""NO"": 9.21875}, ""corrected_scores"": {""YES"": -0.125, ""NO"": 0.8515625}, ""scoring_mode"": ""bias_corrected_choice_logits"", ""selected_short_label"": ""NO""}"
31,EleutherAI/pythia-1b,pythia,1b,baseline_helpful,bft_eval_05,comparison,Compare an internal checklist and a polished postmortem as tools for preventing the same operational mistake twice.,matched_decoy,ELABORATE,avg_sentence_length,1.0,0.0,1.0,0.0,NO,0.6636689305305481,,"{""raw_logit_scores"": {""YES"": 10.890625, ""NO"": 9.4765625}, ""label_bias_scores"": {""YES"": 11.3125, ""NO"": 9.21875}, ""corrected_scores"": {""YES"": -0.421875, ""NO"": 0.2578125}, ""scoring_mode"": ""bias_corrected_choice_logits"", ""selected_short_label"": ""NO""}"
31,EleutherAI/pythia-1b,pythia,1b,baseline_helpful,bft_eval_05,comparison,Compare an internal checklist and a polished postmortem as tools for preventing the same operational mistake twice.,matched_decoy,HEDGE,hedge_density,1.0,0.0,0.0,1.0,NO,0.6740504503250122,,"{""raw_logit_scores"": {""YES"": 10.8203125, ""NO"": 9.453125}, ""label_bias_scores"": {""YES"": 11.3125, ""NO"": 9.21875}, ""corrected_scores"": {""YES"": -0.4921875, ""NO"": 0.234375}, ""scoring_mode"": ""bias_corrected_choice_logits"", ""selected_short_label"": ""NO""}"
31,EleutherAI/pythia-1b,pythia,1b,baseline_helpful,bft_eval_05,comparison,Compare an internal checklist and a polished postmortem as tools for preventing the same operational mistake twice.,matched_decoy,FIRST_PERSON,first_person_rate,1.0,0.0,0.0,1.0,NO,0.6601723432540894,,"{""raw_logit_scores"": {""YES"": 10.8984375, ""NO"": 9.46875}, ""label_bias_scores"": {""YES"": 11.3125, ""NO"": 9.21875}, ""corrected_scores"": {""YES"": -0.4140625, ""NO"": 0.25}, ""scoring_mode"": ""bias_corrected_choice_logits"", ""selected_short_label"": ""NO""}"
31,EleutherAI/pythia-1b,pythia,1b,baseline_helpful,bft_eval_05,comparison,Compare an internal checklist and a polished postmortem as tools for preventing the same operational mistake twice.,matched_decoy,DIRECTIVE,directive_rate,1.0,0.0,1.0,0.0,NO,0.7264255881309509,,"{""raw_logit_scores"": {""YES"": 11.1953125, ""NO"": 10.078125}, ""label_bias_scores"": {""YES"": 11.3125, ""NO"": 9.21875}, ""corrected_scores"": {""YES"": -0.1171875, ""NO"": 0.859375}, ""scoring_mode"": ""bias_corrected_choice_logits"", ""selected_short_label"": ""NO""}"
31,EleutherAI/pythia-1b,pythia,1b,baseline_helpful,bft_eval_05,comparison,Compare an internal checklist and a polished postmortem as tools for preventing the same operational mistake twice.,scrambled_profile,ELABORATE,avg_sentence_length,1.0,0.0,1.0,0.0,NO,0.6706082820892334,,"{""raw_logit_scores"": {""YES"": 10.8828125, ""NO"": 9.5}, ""label_bias_scores"": {""YES"": 11.3125, ""NO"": 9.21875}, ""corrected_scores"": {""YES"": -0.4296875, ""NO"": 0.28125}, ""scoring_mode"": ""bias_corrected_choice_logits"", ""selected_short_label"": ""NO""}"
31,EleutherAI/pythia-1b,pythia,1b,baseline_helpful,bft_eval_05,comparison,Compare an internal checklist and a polished postmortem as tools for preventing the same operational mistake twice.,scrambled_profile,HEDGE,hedge_density,1.0,0.0,0.0,1.0,NO,0.6791787147521973,,"{""raw_logit_scores"": {""YES"": 10.8046875, ""NO"": 9.4609375}, ""label_bias_scores"": {""YES"": 11.3125, ""NO"": 9.21875}, ""corrected_scores"": {""YES"": -0.5078125, ""NO"": 0.2421875}, ""scoring_mode"": ""bias_corrected_choice_logits"", ""selected_short_label"": ""NO""}"
31,EleutherAI/pythia-1b,pythia,1b,baseline_helpful,bft_eval_05,comparison,Compare an internal checklist and a polished postmortem as tools for preventing the same operational mistake twice.,scrambled_profile,FIRST_PERSON,first_person_rate,1.0,0.0,0.0,1.0,NO,0.665410578250885,,"{""raw_logit_scores"": {""YES"": 10.8671875, ""NO"": 9.4609375}, ""label_bias_scores"": {""YES"": 11.3125, ""NO"": 9.21875}, ""corrected_scores"": {""YES"": -0.4453125, ""NO"": 0.2421875}, ""scoring_mode"": ""bias_corrected_choice_logits"", ""selected_short_label"": ""NO""}"
31,EleutherAI/pythia-1b,pythia,1b,baseline_helpful,bft_eval_05,comparison,Compare an internal checklist and a polished postmortem as tools for preventing the same operational mistake twice.,scrambled_profile,DIRECTIVE,directive_rate,1.0,0.0,1.0,0.0,NO,0.7325918078422546,,"{""raw_logit_scores"": {""YES"": 11.171875, ""NO"": 10.0859375}, ""label_bias_scores"": {""YES"": 11.3125, ""NO"": 9.21875}, ""corrected_scores"": {""YES"": -0.140625, ""NO"": 0.8671875}, ""scoring_mode"": ""bias_corrected_choice_logits"", ""selected_short_label"": ""NO""}"
31,EleutherAI/pythia-1b,pythia,1b,baseline_helpful,bft_eval_06,planning,Sketch a short plan for helping a student narrow a thesis topic without draining the curiosity out of it.,self_profile,ELABORATE,avg_sentence_length,1.0,0.0,0.0,1.0,NO,0.6601723432540894,,"{""raw_logit_scores"": {""YES"": 11.28125, ""NO"": 9.8515625}, ""label_bias_scores"": {""YES"": 11.3125, ""NO"": 9.21875}, ""corrected_scores"": {""YES"": -0.03125, ""NO"": 0.6328125}, ""scoring_mode"": ""bias_corrected_choice_logits"", ""selected_short_label"": ""NO""}"
31,EleutherAI/pythia-1b,pythia,1b,baseline_helpful,bft_eval_06,planning,Sketch a short plan for helping a student narrow a thesis topic without draining the curiosity out of it.,self_profile,HEDGE,hedge_density,1.0,0.0,0.0,1.0,NO,0.6825737357139587,,"{""raw_logit_scores"": {""YES"": 11.1328125, ""NO"": 9.8046875}, ""label_bias_scores"": {""YES"": 11.3125, ""NO"": 9.21875}, ""corrected_scores"": {""YES"": -0.1796875, ""NO"": 0.5859375}, ""scoring_mode"": ""bias_corrected_choice_logits"", ""selected_short_label"": ""NO""}"
31,EleutherAI/pythia-1b,pythia,1b,baseline_helpful,bft_eval_06,planning,Sketch a short plan for helping a student narrow a thesis topic without draining the curiosity out of it.,self_profile,FIRST_PERSON,first_person_rate,1.0,0.0,1.0,0.0,NO,0.6566582322120667,,"{""raw_logit_scores"": {""YES"": 11.1953125, ""NO"": 9.75}, ""label_bias_scores"": {""YES"": 11.3125, ""NO"": 9.21875}, ""corrected_scores"": {""YES"": -0.1171875, ""NO"": 0.53125}, ""scoring_mode"": ""bias_corrected_choice_logits"", ""selected_short_label"": ""NO""}"
31,EleutherAI/pythia-1b,pythia,1b,baseline_helpful,bft_eval_06,planning,Sketch a short plan for helping a student narrow a thesis topic without draining the curiosity out of it.,self_profile,DIRECTIVE,directive_rate,1.0,0.0,0.0,1.0,NO,0.7386690378189087,,"{""raw_logit_scores"": {""YES"": 11.4921875, ""NO"": 10.4375}, ""label_bias_scores"": {""YES"": 11.3125, ""NO"": 9.21875}, ""corrected_scores"": {""YES"": 0.1796875, ""NO"": 1.21875}, ""scoring_mode"": ""bias_corrected_choice_logits"", ""selected_short_label"": ""NO""}"
31,EleutherAI/pythia-1b,pythia,1b,baseline_helpful,bft_eval_06,planning,Sketch a short plan for helping a student narrow a thesis topic without draining the curiosity out of it.,matched_decoy,ELABORATE,avg_sentence_length,1.0,0.0,0.0,1.0,NO,0.6584175229072571,,"{""raw_logit_scores"": {""YES"": 11.296875, ""NO"": 9.859375}, ""label_bias_scores"": {""YES"": 11.3125, ""NO"": 9.21875}, ""corrected_scores"": {""YES"": -0.015625, ""NO"": 0.640625}, ""scoring_mode"": ""bias_corrected_choice_logits"", ""selected_short_label"": ""NO""}"
31,EleutherAI/pythia-1b,pythia,1b,baseline_helpful,bft_eval_06,planning,Sketch a short plan for helping a student narrow a thesis topic without draining the curiosity out of it.,matched_decoy,HEDGE,hedge_density,1.0,0.0,0.0,1.0,NO,0.6825737357139587,,"{""raw_logit_scores"": {""YES"": 11.1484375, ""NO"": 9.8203125}, ""label_bias_scores"": {""YES"": 11.3125, ""NO"": 9.21875}, ""corrected_scores"": {""YES"": -0.1640625, ""NO"": 0.6015625}, ""scoring_mode"": ""bias_corrected_choice_logits"", ""selected_short_label"": ""NO""}"
31,EleutherAI/pythia-1b,pythia,1b,baseline_helpful,bft_eval_06,planning,Sketch a short plan for helping a student narrow a thesis topic without draining the curiosity out of it.,matched_decoy,FIRST_PERSON,first_person_rate,1.0,0.0,1.0,0.0,NO,0.6566582322120667,,"{""raw_logit_scores"": {""YES"": 11.21875, ""NO"": 9.7734375}, ""label_bias_scores"": {""YES"": 11.3125, ""NO"": 9.21875}, ""corrected_scores"": {""YES"": -0.09375, ""NO"": 0.5546875}, ""scoring_mode"": ""bias_corrected_choice_logits"", ""selected_short_label"": ""NO""}"
31,EleutherAI/pythia-1b,pythia,1b,baseline_helpful,bft_eval_06,planning,Sketch a short plan for helping a student narrow a thesis topic without draining the curiosity out of it.,matched_decoy,DIRECTIVE,directive_rate,1.0,0.0,0.0,1.0,NO,0.7371581792831421,,"{""raw_logit_scores"": {""YES"": 11.5, ""NO"": 10.4375}, ""label_bias_scores"": {""YES"": 11.3125, ""NO"": 9.21875}, ""corrected_scores"": {""YES"": 0.1875, ""NO"": 1.21875}, ""scoring_mode"": ""bias_corrected_choice_logits"", ""selected_short_label"": ""NO""}"
31,EleutherAI/pythia-1b,pythia,1b,baseline_helpful,bft_eval_06,planning,Sketch a short plan for helping a student narrow a thesis topic without draining the curiosity out of it.,scrambled_profile,ELABORATE,avg_sentence_length,1.0,0.0,0.0,1.0,NO,0.6636689305305481,,"{""raw_logit_scores"": {""YES"": 11.2578125, ""NO"": 9.84375}, ""label_bias_scores"": {""YES"": 11.3125, ""NO"": 9.21875}, ""corrected_scores"": {""YES"": -0.0546875, ""NO"": 0.625}, ""scoring_mode"": ""bias_corrected_choice_logits"", ""selected_short_label"": ""NO""}"
31,EleutherAI/pythia-1b,pythia,1b,baseline_helpful,bft_eval_06,planning,Sketch a short plan for helping a student narrow a thesis topic without draining the curiosity out of it.,scrambled_profile,HEDGE,hedge_density,1.0,0.0,0.0,1.0,NO,0.6825737357139587,,"{""raw_logit_scores"": {""YES"": 11.125, ""NO"": 9.796875}, ""label_bias_scores"": {""YES"": 11.3125, ""NO"": 9.21875}, ""corrected_scores"": {""YES"": -0.1875, ""NO"": 0.578125}, ""scoring_mode"": ""bias_corrected_choice_logits"", ""selected_short_label"": ""NO""}"
31,EleutherAI/pythia-1b,pythia,1b,baseline_helpful,bft_eval_06,planning,Sketch a short plan for helping a student narrow a thesis topic without draining the curiosity out of it.,scrambled_profile,FIRST_PERSON,first_person_rate,1.0,0.0,1.0,0.0,NO,0.6566582322120667,,"{""raw_logit_scores"": {""YES"": 11.1796875, ""NO"": 9.734375}, ""label_bias_scores"": {""YES"": 11.3125, ""NO"": 9.21875}, ""corrected_scores"": {""YES"": -0.1328125, ""NO"": 0.515625}, ""scoring_mode"": ""bias_corrected_choice_logits"", ""selected_short_label"": ""NO""}"
31,EleutherAI/pythia-1b,pythia,1b,baseline_helpful,bft_eval_06,planning,Sketch a short plan for helping a student narrow a thesis topic without draining the curiosity out of it.,scrambled_profile,DIRECTIVE,directive_rate,1.0,0.0,0.0,1.0,NO,0.740174412727356,,"{""raw_logit_scores"": {""YES"": 11.4453125, ""NO"": 10.3984375}, ""label_bias_scores"": {""YES"": 11.3125, ""NO"": 9.21875}, ""corrected_scores"": {""YES"": 0.1328125, ""NO"": 1.1796875}, ""scoring_mode"": ""bias_corrected_choice_logits"", ""selected_short_label"": ""NO""}"
31,EleutherAI/pythia-1b,pythia,1b,baseline_helpful,bft_eval_07,rewrite,Rewrite this rough instruction into something more useful to a teammate: 'Probably check the assumptions and logs before changing the code again.',self_profile,ELABORATE,avg_sentence_length,1.0,0.0,1.0,0.0,NO,0.6876299977302551,,"{""raw_logit_scores"": {""YES"": 11.171875, ""NO"": 9.8671875}, ""label_bias_scores"": {""YES"": 11.3203125, ""NO"": 9.2265625}, ""corrected_scores"": {""YES"": -0.1484375, ""NO"": 0.640625}, ""scoring_mode"": ""bias_corrected_choice_logits"", ""selected_short_label"": ""NO""}"
31,EleutherAI/pythia-1b,pythia,1b,baseline_helpful,bft_eval_07,rewrite,Rewrite this rough instruction into something more useful to a teammate: 'Probably check the assumptions and logs before changing the code again.',self_profile,HEDGE,hedge_density,1.0,0.0,0.0,1.0,NO,0.7106282711029053,,"{""raw_logit_scores"": {""YES"": 10.984375, ""NO"": 9.7890625}, ""label_bias_scores"": {""YES"": 11.3203125, ""NO"": 9.2265625}, ""corrected_scores"": {""YES"": -0.3359375, ""NO"": 0.5625}, ""scoring_mode"": ""bias_corrected_choice_logits"", ""selected_short_label"": ""NO""}"
31,EleutherAI/pythia-1b,pythia,1b,baseline_helpful,bft_eval_07,rewrite,Rewrite this rough instruction into something more useful to a teammate: 'Probably check the assumptions and logs before changing the code again.',self_profile,FIRST_PERSON,first_person_rate,1.0,0.0,1.0,0.0,NO,0.6842640042304993,,"{""raw_logit_scores"": {""YES"": 11.09375, ""NO"": 9.7734375}, ""label_bias_scores"": {""YES"": 11.3203125, ""NO"": 9.2265625}, ""corrected_scores"": {""YES"": -0.2265625, ""NO"": 0.546875}, ""scoring_mode"": ""bias_corrected_choice_logits"", ""selected_short_label"": ""NO""}"
31,EleutherAI/pythia-1b,pythia,1b,baseline_helpful,bft_eval_07,rewrite,Rewrite this rough instruction into something more useful to a teammate: 'Probably check the assumptions and logs before changing the code again.',self_profile,DIRECTIVE,directive_rate,1.0,0.0,0.0,1.0,NO,0.7759445905685425,,"{""raw_logit_scores"": {""YES"": 11.2421875, ""NO"": 10.390625}, ""label_bias_scores"": {""YES"": 11.3203125, ""NO"": 9.2265625}, ""corrected_scores"": {""YES"": -0.078125, ""NO"": 1.1640625}, ""scoring_mode"": ""bias_corrected_choice_logits"", ""selected_short_label"": ""NO""}"
31,EleutherAI/pythia-1b,pythia,1b,baseline_helpful,bft_eval_07,rewrite,Rewrite this rough instruction into something more useful to a teammate: 'Probably check the assumptions and logs before changing the code again.',matched_decoy,ELABORATE,avg_sentence_length,1.0,0.0,1.0,0.0,NO,0.6893056035041809,,"{""raw_logit_scores"": {""YES"": 11.171875, ""NO"": 9.875}, ""label_bias_scores"": {""YES"": 11.3203125, ""NO"": 9.2265625}, ""corrected_scores"": {""YES"": -0.1484375, ""NO"": 0.6484375}, ""scoring_mode"": ""bias_corrected_choice_logits"", ""selected_short_label"": ""NO""}"
31,EleutherAI/pythia-1b,pythia,1b,baseline_helpful,bft_eval_07,rewrite,Rewrite this rough instruction into something more useful to a teammate: 'Probably check the assumptions and logs before changing the code again.',matched_decoy,HEDGE,hedge_density,1.0,0.0,0.0,1.0,NO,0.7106282711029053,,"{""raw_logit_scores"": {""YES"": 11.0, ""NO"": 9.8046875}, ""label_bias_scores"": {""YES"": 11.3203125, ""NO"": 9.2265625}, ""corrected_scores"": {""YES"": -0.3203125, ""NO"": 0.578125}, ""scoring_mode"": ""bias_corrected_choice_logits"", ""selected_short_label"": ""NO""}"
31,EleutherAI/pythia-1b,pythia,1b,baseline_helpful,bft_eval_07,rewrite,Rewrite this rough instruction into something more useful to a teammate: 'Probably check the assumptions and logs before changing the code again.',matched_decoy,FIRST_PERSON,first_person_rate,1.0,0.0,1.0,0.0,NO,0.6842640042304993,,"{""raw_logit_scores"": {""YES"": 11.1171875, ""NO"": 9.796875}, ""label_bias_scores"": {""YES"": 11.3203125, ""NO"": 9.2265625}, ""corrected_scores"": {""YES"": -0.203125, ""NO"": 0.5703125}, ""scoring_mode"": ""bias_corrected_choice_logits"", ""selected_short_label"": ""NO""}"
31,EleutherAI/pythia-1b,pythia,1b,baseline_helpful,bft_eval_07,rewrite,Rewrite this rough instruction into something more useful to a teammate: 'Probably check the assumptions and logs before changing the code again.',matched_decoy,DIRECTIVE,directive_rate,1.0,0.0,0.0,1.0,NO,0.7759445905685425,,"{""raw_logit_scores"": {""YES"": 11.25, ""NO"": 10.3984375}, ""label_bias_scores"": {""YES"": 11.3203125, ""NO"": 9.2265625}, ""corrected_scores"": {""YES"": -0.0703125, ""NO"": 1.171875}, ""scoring_mode"": ""bias_corrected_choice_logits"", ""selected_short_label"": ""NO""}"
31,EleutherAI/pythia-1b,pythia,1b,baseline_helpful,bft_eval_07,rewrite,Rewrite this rough instruction into something more useful to a teammate: 'Probably check the assumptions and logs before changing the code again.',scrambled_profile,ELABORATE,avg_sentence_length,1.0,0.0,1.0,0.0,NO,0.6909762620925903,,"{""raw_logit_scores"": {""YES"": 11.2109375, ""NO"": 9.921875}, ""label_bias_scores"": {""YES"": 11.3203125, ""NO"": 9.2265625}, ""corrected_scores"": {""YES"": -0.109375, ""NO"": 0.6953125}, ""scoring_mode"": ""bias_corrected_choice_logits"", ""selected_short_label"": ""NO""}"
31,EleutherAI/pythia-1b,pythia,1b,baseline_helpful,bft_eval_07,rewrite,Rewrite this rough instruction into something more useful to a teammate: 'Probably check the assumptions and logs before changing the code again.',scrambled_profile,HEDGE,hedge_density,1.0,0.0,0.0,1.0,NO,0.7122321724891663,,"{""raw_logit_scores"": {""YES"": 11.03125, ""NO"": 9.84375}, ""label_bias_scores"": {""YES"": 11.3203125, ""NO"": 9.2265625}, ""corrected_scores"": {""YES"": -0.2890625, ""NO"": 0.6171875}, ""scoring_mode"": ""bias_corrected_choice_logits"", ""selected_short_label"": ""NO""}"
31,EleutherAI/pythia-1b,pythia,1b,baseline_helpful,bft_eval_07,rewrite,Rewrite this rough instruction into something more useful to a teammate: 'Probably check the assumptions and logs before changing the code again.',scrambled_profile,FIRST_PERSON,first_person_rate,1.0,0.0,1.0,0.0,NO,0.6859495043754578,,"{""raw_logit_scores"": {""YES"": 11.1328125, ""NO"": 9.8203125}, ""label_bias_scores"": {""YES"": 11.3203125, ""NO"": 9.2265625}, ""corrected_scores"": {""YES"": -0.1875, ""NO"": 0.59375}, ""scoring_mode"": ""bias_corrected_choice_logits"", ""selected_short_label"": ""NO""}"
31,EleutherAI/pythia-1b,pythia,1b,baseline_helpful,bft_eval_07,rewrite,Rewrite this rough instruction into something more useful to a teammate: 'Probably check the assumptions and logs before changing the code again.',scrambled_profile,DIRECTIVE,directive_rate,1.0,0.0,0.0,1.0,NO,0.7759445905685425,,"{""raw_logit_scores"": {""YES"": 11.2734375, ""NO"": 10.421875}, ""label_bias_scores"": {""YES"": 11.3203125, ""NO"": 9.2265625}, ""corrected_scores"": {""YES"": -0.046875, ""NO"": 1.1953125}, ""scoring_mode"": ""bias_corrected_choice_logits"", ""selected_short_label"": ""NO""}"
31,EleutherAI/pythia-1b,pythia,1b,baseline_helpful,bft_eval_08,judgment,"Decide whether office hours help students mainly by clarifying content, lowering avoidance, or creating accountability, and explain your judgment.",self_profile,ELABORATE,avg_sentence_length,1.0,0.0,1.0,0.0,NO,0.6406359076499939,,"{""raw_logit_scores"": {""YES"": 11.1328125, ""NO"": 9.6171875}, ""label_bias_scores"": {""YES"": 11.3125, ""NO"": 9.21875}, ""corrected_scores"": {""YES"": -0.1796875, ""NO"": 0.3984375}, ""scoring_mode"": ""bias_corrected_choice_logits"", ""selected_short_label"": ""NO""}"
31,EleutherAI/pythia-1b,pythia,1b,baseline_helpful,bft_eval_08,judgment,"Decide whether office hours help students mainly by clarifying content, lowering avoidance, or creating accountability, and explain your judgment.",self_profile,HEDGE,hedge_density,1.0,0.0,1.0,0.0,NO,0.6477982401847839,,"{""raw_logit_scores"": {""YES"": 11.0234375, ""NO"": 9.5390625}, ""label_bias_scores"": {""YES"": 11.3125, ""NO"": 9.21875}, ""corrected_scores"": {""YES"": -0.2890625, ""NO"": 0.3203125}, ""scoring_mode"": ""bias_corrected_choice_logits"", ""selected_short_label"": ""NO""}"
31,EleutherAI/pythia-1b,pythia,1b,baseline_helpful,bft_eval_08,judgment,"Decide whether office hours help students mainly by clarifying content, lowering avoidance, or creating accountability, and explain your judgment.",self_profile,FIRST_PERSON,first_person_rate,1.0,0.0,0.0,1.0,NO,0.6187804341316223,,"{""raw_logit_scores"": {""YES"": 11.1015625, ""NO"": 9.4921875}, ""label_bias_scores"": {""YES"": 11.3125, ""NO"": 9.21875}, ""corrected_scores"": {""YES"": -0.2109375, ""NO"": 0.2734375}, ""scoring_mode"": ""bias_corrected_choice_logits"", ""selected_short_label"": ""NO""}"
31,EleutherAI/pythia-1b,pythia,1b,baseline_helpful,bft_eval_08,judgment,"Decide whether office hours help students mainly by clarifying content, lowering avoidance, or creating accountability, and explain your judgment.",self_profile,DIRECTIVE,directive_rate,1.0,0.0,1.0,0.0,NO,0.7122321724891663,,"{""raw_logit_scores"": {""YES"": 11.359375, ""NO"": 10.171875}, ""label_bias_scores"": {""YES"": 11.3125, ""NO"": 9.21875}, ""corrected_scores"": {""YES"": 0.046875, ""NO"": 0.953125}, ""scoring_mode"": ""bias_corrected_choice_logits"", ""selected_short_label"": ""NO""}"
31,EleutherAI/pythia-1b,pythia,1b,baseline_helpful,bft_eval_08,judgment,"Decide whether office hours help students mainly by clarifying content, lowering avoidance, or creating accountability, and explain your judgment.",matched_decoy,ELABORATE,avg_sentence_length,1.0,0.0,1.0,0.0,NO,0.642432451248169,,"{""raw_logit_scores"": {""YES"": 11.109375, ""NO"": 9.6015625}, ""label_bias_scores"": {""YES"": 11.3125, ""NO"": 9.21875}, ""corrected_scores"": {""YES"": -0.203125, ""NO"": 0.3828125}, ""scoring_mode"": ""bias_corrected_choice_logits"", ""selected_short_label"": ""NO""}"
31,EleutherAI/pythia-1b,pythia,1b,baseline_helpful,bft_eval_08,judgment,"Decide whether office hours help students mainly by clarifying content, lowering avoidance, or creating accountability, and explain your judgment.",matched_decoy,HEDGE,hedge_density,1.0,0.0,1.0,0.0,NO,0.6495786309242249,,"{""raw_logit_scores"": {""YES"": 11.03125, ""NO"": 9.5546875}, ""label_bias_scores"": {""YES"": 11.3125, ""NO"": 9.21875}, ""corrected_scores"": {""YES"": -0.28125, ""NO"": 0.3359375}, ""scoring_mode"": ""bias_corrected_choice_logits"", ""selected_short_label"": ""NO""}"
31,EleutherAI/pythia-1b,pythia,1b,baseline_helpful,bft_eval_08,judgment,"Decide whether office hours help students mainly by clarifying content, lowering avoidance, or creating accountability, and explain your judgment.",matched_decoy,FIRST_PERSON,first_person_rate,1.0,0.0,0.0,1.0,NO,0.6187804341316223,,"{""raw_logit_scores"": {""YES"": 11.1015625, ""NO"": 9.4921875}, ""label_bias_scores"": {""YES"": 11.3125, ""NO"": 9.21875}, ""corrected_scores"": {""YES"": -0.2109375, ""NO"": 0.2734375}, ""scoring_mode"": ""bias_corrected_choice_logits"", ""selected_short_label"": ""NO""}"
31,EleutherAI/pythia-1b,pythia,1b,baseline_helpful,bft_eval_08,judgment,"Decide whether office hours help students mainly by clarifying content, lowering avoidance, or creating accountability, and explain your judgment.",matched_decoy,DIRECTIVE,directive_rate,1.0,0.0,1.0,0.0,NO,0.7106282711029053,,"{""raw_logit_scores"": {""YES"": 11.34375, ""NO"": 10.1484375}, ""label_bias_scores"": {""YES"": 11.3125, ""NO"": 9.21875}, ""corrected_scores"": {""YES"": 0.03125, ""NO"": 0.9296875}, ""scoring_mode"": ""bias_corrected_choice_logits"", ""selected_short_label"": ""NO""}"
31,EleutherAI/pythia-1b,pythia,1b,baseline_helpful,bft_eval_08,judgment,"Decide whether office hours help students mainly by clarifying content, lowering avoidance, or creating accountability, and explain your judgment.",scrambled_profile,ELABORATE,avg_sentence_length,1.0,0.0,1.0,0.0,NO,0.6460136771202087,,"{""raw_logit_scores"": {""YES"": 11.078125, ""NO"": 9.5859375}, ""label_bias_scores"": {""YES"": 11.3125, ""NO"": 9.21875}, ""corrected_scores"": {""YES"": -0.234375, ""NO"": 0.3671875}, ""scoring_mode"": ""bias_corrected_choice_logits"", ""selected_short_label"": ""NO""}"
31,EleutherAI/pythia-1b,pythia,1b,baseline_helpful,bft_eval_08,judgment,"Decide whether office hours help students mainly by clarifying content, lowering avoidance, or creating accountability, and explain your judgment.",scrambled_profile,HEDGE,hedge_density,1.0,0.0,1.0,0.0,NO,0.6477982401847839,,"{""raw_logit_scores"": {""YES"": 10.9921875, ""NO"": 9.5078125}, ""label_bias_scores"": {""YES"": 11.3125, ""NO"": 9.21875}, ""corrected_scores"": {""YES"": -0.3203125, ""NO"": 0.2890625}, ""scoring_mode"": ""bias_corrected_choice_logits"", ""selected_short_label"": ""NO""}"
31,EleutherAI/pythia-1b,pythia,1b,baseline_helpful,bft_eval_08,judgment,"Decide whether office hours help students mainly by clarifying content, lowering avoidance, or creating accountability, and explain your judgment.",scrambled_profile,FIRST_PERSON,first_person_rate,1.0,0.0,0.0,1.0,NO,0.6206216216087341,,"{""raw_logit_scores"": {""YES"": 11.046875, ""NO"": 9.4453125}, ""label_bias_scores"": {""YES"": 11.3125, ""NO"": 9.21875}, ""corrected_scores"": {""YES"": -0.265625, ""NO"": 0.2265625}, ""scoring_mode"": ""bias_corrected_choice_logits"", ""selected_short_label"": ""NO""}"
31,EleutherAI/pythia-1b,pythia,1b,baseline_helpful,bft_eval_08,judgment,"Decide whether office hours help students mainly by clarifying content, lowering avoidance, or creating accountability, and explain your judgment.",scrambled_profile,DIRECTIVE,directive_rate,1.0,0.0,1.0,0.0,NO,0.7122321724891663,,"{""raw_logit_scores"": {""YES"": 11.2734375, ""NO"": 10.0859375}, ""label_bias_scores"": {""YES"": 11.3125, ""NO"": 9.21875}, ""corrected_scores"": {""YES"": -0.0390625, ""NO"": 0.8671875}, ""scoring_mode"": ""bias_corrected_choice_logits"", ""selected_short_label"": ""NO""}"
11,EleutherAI/pythia-1b,pythia,1b,family_self,bft_eval_01,triage,A small lab keeps discovering conflicting spreadsheet versions after each handoff. What should the team do in the next day?,self_profile,ELABORATE,avg_sentence_length,1.0,0.0,1.0,0.0,NO,0.6504672765731812,,"{""raw_logit_scores"": {""YES"": 5.81640625, ""NO"": 4.34375}, ""label_bias_scores"": {""YES"": 11.3203125, ""NO"": 9.2265625}, ""corrected_scores"": {""YES"": -5.50390625, ""NO"": -4.8828125}, ""scoring_mode"": ""bias_corrected_choice_logits"", ""selected_short_label"": ""NO""}"
11,EleutherAI/pythia-1b,pythia,1b,family_self,bft_eval_01,triage,A small lab keeps discovering conflicting spreadsheet versions after each handoff. What should the team do in the next day?,self_profile,HEDGE,hedge_density,1.0,0.0,1.0,0.0,NO,0.5544704794883728,the,"{""raw_logit_scores"": {""YES"": 6.97265625, ""NO"": 5.09765625}, ""label_bias_scores"": {""YES"": 11.3203125, ""NO"": 9.2265625}, ""corrected_scores"": {""YES"": -4.34765625, ""NO"": -4.12890625}, ""scoring_mode"": ""bias_corrected_choice_logits"", ""selected_short_label"": ""NO""}"
11,EleutherAI/pythia-1b,pythia,1b,family_self,bft_eval_01,triage,A small lab keeps discovering conflicting spreadsheet versions after each handoff. What should the team do in the next day?,self_profile,FIRST_PERSON,first_person_rate,1.0,1.0,1.0,1.0,YES,0.5146442651748657,the,"{""raw_logit_scores"": {""YES"": 7.35546875, ""NO"": 5.203125}, ""label_bias_scores"": {""YES"": 11.3203125, ""NO"": 9.2265625}, ""corrected_scores"": {""YES"": -3.96484375, ""NO"": -4.0234375}, ""scoring_mode"": ""bias_corrected_choice_logits"", ""selected_short_label"": ""YES""}"
11,EleutherAI/pythia-1b,pythia,1b,family_self,bft_eval_01,triage,A small lab keeps discovering conflicting spreadsheet versions after each handoff. What should the team do in the next day?,self_profile,DIRECTIVE,directive_rate,1.0,0.0,1.0,0.0,NO,0.7732163667678833,,"{""raw_logit_scores"": {""YES"": 8.609375, ""NO"": 7.7421875}, ""label_bias_scores"": {""YES"": 11.3203125, ""NO"": 9.2265625}, ""corrected_scores"": {""YES"": -2.7109375, ""NO"": -1.484375}, ""scoring_mode"": ""bias_corrected_choice_logits"", ""selected_short_label"": ""NO""}"
11,EleutherAI/pythia-1b,pythia,1b,family_self,bft_eval_01,triage,A small lab keeps discovering conflicting spreadsheet versions after each handoff. What should the team do in the next day?,matched_decoy,ELABORATE,avg_sentence_length,1.0,0.0,1.0,0.0,NO,0.6548947095870972,,"{""raw_logit_scores"": {""YES"": 5.8203125, ""NO"": 4.3671875}, ""label_bias_scores"": {""YES"": 11.3203125, ""NO"": 9.2265625}, ""corrected_scores"": {""YES"": -5.5, ""NO"": -4.859375}, ""scoring_mode"": ""bias_corrected_choice_logits"", ""selected_short_label"": ""NO""}"
11,EleutherAI/pythia-1b,pythia,1b,family_self,bft_eval_01,triage,A small lab keeps discovering conflicting spreadsheet versions after each handoff. What should the team do in the next day?,matched_decoy,HEDGE,hedge_density,1.0,0.0,1.0,0.0,NO,0.5698526501655579,the,"{""raw_logit_scores"": {""YES"": 6.86328125, ""NO"": 5.05078125}, ""label_bias_scores"": {""YES"": 11.3203125, ""NO"": 9.2265625}, ""corrected_scores"": {""YES"": -4.45703125, ""NO"": -4.17578125}, ""scoring_mode"": ""bias_corrected_choice_logits"", ""selected_short_label"": ""NO""}"
11,EleutherAI/pythia-1b,pythia,1b,family_self,bft_eval_01,triage,A small lab keeps discovering conflicting spreadsheet versions after each handoff. What should the team do in the next day?,matched_decoy,FIRST_PERSON,first_person_rate,1.0,0.0,1.0,0.0,NO,0.5068355202674866,the,"{""raw_logit_scores"": {""YES"": 7.23046875, ""NO"": 5.1640625}, ""label_bias_scores"": {""YES"": 11.3203125, ""NO"": 9.2265625}, ""corrected_scores"": {""YES"": -4.08984375, ""NO"": -4.0625}, ""scoring_mode"": ""bias_corrected_choice_logits"", ""selected_short_label"": ""NO""}"
11,EleutherAI/pythia-1b,pythia,1b,family_self,bft_eval_01,triage,A small lab keeps discovering conflicting spreadsheet versions after each handoff. What should the team do in the next day?,matched_decoy,DIRECTIVE,directive_rate,1.0,0.0,1.0,0.0,NO,0.7690802216529846,,"{""raw_logit_scores"": {""YES"": 8.6484375, ""NO"": 7.7578125}, ""label_bias_scores"": {""YES"": 11.3203125, ""NO"": 9.2265625}, ""corrected_scores"": {""YES"": -2.671875, ""NO"": -1.46875}, ""scoring_mode"": ""bias_corrected_choice_logits"", ""selected_short_label"": ""NO""}"
11,EleutherAI/pythia-1b,pythia,1b,family_self,bft_eval_01,triage,A small lab keeps discovering conflicting spreadsheet versions after each handoff. What should the team do in the next day?,scrambled_profile,ELABORATE,avg_sentence_length,1.0,0.0,1.0,0.0,NO,0.6451199054718018,,"{""raw_logit_scores"": {""YES"": 5.828125, ""NO"": 4.33203125}, ""label_bias_scores"": {""YES"": 11.3203125, ""NO"": 9.2265625}, ""corrected_scores"": {""YES"": -5.4921875, ""NO"": -4.89453125}, ""scoring_mode"": ""bias_corrected_choice_logits"", ""selected_short_label"": ""NO""}"
11,EleutherAI/pythia-1b,pythia,1b,family_self,bft_eval_01,triage,A small lab keeps discovering conflicting spreadsheet versions after each handoff. What should the team do in the next day?,scrambled_profile,HEDGE,hedge_density,1.0,0.0,1.0,0.0,NO,0.5428633093833923,the,"{""raw_logit_scores"": {""YES"": 6.91796875, ""NO"": 4.99609375}, ""label_bias_scores"": {""YES"": 11.3203125, ""NO"": 9.2265625}, ""corrected_scores"": {""YES"": -4.40234375, ""NO"": -4.23046875}, ""scoring_mode"": ""bias_corrected_choice_logits"", ""selected_short_label"": ""NO""}"
11,EleutherAI/pythia-1b,pythia,1b,family_self,bft_eval_01,triage,A small lab keeps discovering conflicting spreadsheet versions after each handoff. What should the team do in the next day?,scrambled_profile,FIRST_PERSON,first_person_rate,1.0,1.0,1.0,1.0,YES,0.5214711427688599,the,"{""raw_logit_scores"": {""YES"": 7.28515625, ""NO"": 5.10546875}, ""label_bias_scores"": {""YES"": 11.3203125, ""NO"": 9.2265625}, ""corrected_scores"": {""YES"": -4.03515625, ""NO"": -4.12109375}, ""scoring_mode"": ""bias_corrected_choice_logits"", ""selected_short_label"": ""YES""}"
11,EleutherAI/pythia-1b,pythia,1b,family_self,bft_eval_01,triage,A small lab keeps discovering conflicting spreadsheet versions after each handoff. What should the team do in the next day?,scrambled_profile,DIRECTIVE,directive_rate,1.0,0.0,1.0,0.0,NO,0.7752646803855896,,"{""raw_logit_scores"": {""YES"": 8.5078125, ""NO"": 7.65234375}, ""label_bias_scores"": {""YES"": 11.3203125, ""NO"": 9.2265625}, ""corrected_scores"": {""YES"": -2.8125, ""NO"": -1.57421875}, ""scoring_mode"": ""bias_corrected_choice_logits"", ""selected_short_label"": ""NO""}"
11,EleutherAI/pythia-1b,pythia,1b,family_self,bft_eval_02,critique,Give feedback on a student memo that is energetic and polite but hides the recommendation until the final line.,self_profile,ELABORATE,avg_sentence_length,1.0,0.0,0.0,1.0,NO,0.9076402187347412,",","{""raw_logit_scores"": {""YES"": 7.92578125, ""NO"": 8.1171875}, ""label_bias_scores"": {""YES"": 11.3203125, ""NO"": 9.2265625}, ""corrected_scores"": {""YES"": -3.39453125, ""NO"": -1.109375}, ""scoring_mode"": ""bias_corrected_choice_logits"", ""selected_short_label"": ""NO""}"
11,EleutherAI/pythia-1b,pythia,1b,family_self,bft_eval_02,critique,Give feedback on a student memo that is energetic and polite but hides the recommendation until the final line.,self_profile,HEDGE,hedge_density,1.0,0.0,0.0,1.0,NO,0.7988153100013733,the,"{""raw_logit_scores"": {""YES"": 4.75390625, ""NO"": 4.0390625}, ""label_bias_scores"": {""YES"": 11.3203125, ""NO"": 9.2265625}, ""corrected_scores"": {""YES"": -6.56640625, ""NO"": -5.1875}, ""scoring_mode"": ""bias_corrected_choice_logits"", ""selected_short_label"": ""NO""}"
11,EleutherAI/pythia-1b,pythia,1b,family_self,bft_eval_02,critique,Give feedback on a student memo that is energetic and polite but hides the recommendation until the final line.,self_profile,FIRST_PERSON,first_person_rate,1.0,0.0,0.0,1.0,NO,0.7905303239822388,the,"{""raw_logit_scores"": {""YES"": 4.60546875, ""NO"": 3.83984375}, ""label_bias_scores"": {""YES"": 11.3203125, ""NO"": 9.2265625}, ""corrected_scores"": {""YES"": -6.71484375, ""NO"": -5.38671875}, ""scoring_mode"": ""bias_corrected_choice_logits"", ""selected_short_label"": ""NO""}"
11,EleutherAI/pythia-1b,pythia,1b,family_self,bft_eval_02,critique,Give feedback on a student memo that is energetic and polite but hides the recommendation until the final line.,self_profile,DIRECTIVE,directive_rate,1.0,0.0,0.0,1.0,NO,0.642432451248169,,"{""raw_logit_scores"": {""YES"": 12.90625, ""NO"": 11.3984375}, ""label_bias_scores"": {""YES"": 11.3203125, ""NO"": 9.2265625}, ""corrected_scores"": {""YES"": 1.5859375, ""NO"": 2.171875}, ""scoring_mode"": ""bias_corrected_choice_logits"", ""selected_short_label"": ""NO""}"
11,EleutherAI/pythia-1b,pythia,1b,family_self,bft_eval_02,critique,Give feedback on a student memo that is energetic and polite but hides the recommendation until the final line.,matched_decoy,ELABORATE,avg_sentence_length,1.0,0.0,0.0,1.0,NO,0.9069831967353821,",","{""raw_logit_scores"": {""YES"": 7.93359375, ""NO"": 8.1171875}, ""label_bias_scores"": {""YES"": 11.3203125, ""NO"": 9.2265625}, ""corrected_scores"": {""YES"": -3.38671875, ""NO"": -1.109375}, ""scoring_mode"": ""bias_corrected_choice_logits"", ""selected_short_label"": ""NO""}"
11,EleutherAI/pythia-1b,pythia,1b,family_self,bft_eval_02,critique,Give feedback on a student memo that is energetic and polite but hides the recommendation until the final line.,matched_decoy,HEDGE,hedge_density,1.0,0.0,0.0,1.0,NO,0.8006919622421265,the,"{""raw_logit_scores"": {""YES"": 4.73828125, ""NO"": 4.03515625}, ""label_bias_scores"": {""YES"": 11.3203125, ""NO"": 9.2265625}, ""corrected_scores"": {""YES"": -6.58203125, ""NO"": -5.19140625}, ""scoring_mode"": ""bias_corrected_choice_logits"", ""selected_short_label"": ""NO""}"
11,EleutherAI/pythia-1b,pythia,1b,family_self,bft_eval_02,critique,Give feedback on a student memo that is energetic and polite but hides the recommendation until the final line.,matched_decoy,FIRST_PERSON,first_person_rate,1.0,0.0,0.0,1.0,NO,0.7905303239822388,the,"{""raw_logit_scores"": {""YES"": 4.60546875, ""NO"": 3.83984375}, ""label_bias_scores"": {""YES"": 11.3203125, ""NO"": 9.2265625}, ""corrected_scores"": {""YES"": -6.71484375, ""NO"": -5.38671875}, ""scoring_mode"": ""bias_corrected_choice_logits"", ""selected_short_label"": ""NO""}"
11,EleutherAI/pythia-1b,pythia,1b,family_self,bft_eval_02,critique,Give feedback on a student memo that is energetic and polite but hides the recommendation until the final line.,matched_decoy,DIRECTIVE,directive_rate,1.0,0.0,0.0,1.0,NO,0.6495786309242249,,"{""raw_logit_scores"": {""YES"": 13.0, ""NO"": 11.5234375}, ""label_bias_scores"": {""YES"": 11.3203125, ""NO"": 9.2265625}, ""corrected_scores"": {""YES"": 1.6796875, ""NO"": 2.296875}, ""scoring_mode"": ""bias_corrected_choice_logits"", ""selected_short_label"": ""NO""}"
11,EleutherAI/pythia-1b,pythia,1b,family_self,bft_eval_02,critique,Give feedback on a student memo that is energetic and polite but hides the recommendation until the final line.,scrambled_profile,ELABORATE,avg_sentence_length,1.0,0.0,0.0,1.0,NO,0.9069831967353821,",","{""raw_logit_scores"": {""YES"": 7.89453125, ""NO"": 8.078125}, ""label_bias_scores"": {""YES"": 11.3203125, ""NO"": 9.2265625}, ""corrected_scores"": {""YES"": -3.42578125, ""NO"": -1.1484375}, ""scoring_mode"": ""bias_corrected_choice_logits"", ""selected_short_label"": ""NO""}"
11,EleutherAI/pythia-1b,pythia,1b,family_self,bft_eval_02,critique,Give feedback on a student memo that is energetic and polite but hides the recommendation until the final line.,scrambled_profile,HEDGE,hedge_density,1.0,0.0,0.0,1.0,NO,0.7988153100013733,the,"{""raw_logit_scores"": {""YES"": 4.71875, ""NO"": 4.00390625}, ""label_bias_scores"": {""YES"": 11.3203125, ""NO"": 9.2265625}, ""corrected_scores"": {""YES"": -6.6015625, ""NO"": -5.22265625}, ""scoring_mode"": ""bias_corrected_choice_logits"", ""selected_short_label"": ""NO""}"
11,EleutherAI/pythia-1b,pythia,1b,family_self,bft_eval_02,critique,Give feedback on a student memo that is energetic and polite but hides the recommendation until the final line.,scrambled_profile,FIRST_PERSON,first_person_rate,1.0,0.0,0.0,1.0,NO,0.7895584106445312,the,"{""raw_logit_scores"": {""YES"": 4.5703125, ""NO"": 3.798828125}, ""label_bias_scores"": {""YES"": 11.3203125, ""NO"": 9.2265625}, ""corrected_scores"": {""YES"": -6.75, ""NO"": -5.427734375}, ""scoring_mode"": ""bias_corrected_choice_logits"", ""selected_short_label"": ""NO""}"
11,EleutherAI/pythia-1b,pythia,1b,family_self,bft_eval_02,critique,Give feedback on a student memo that is energetic and polite but hides the recommendation until the final line.,scrambled_profile,DIRECTIVE,directive_rate,1.0,0.0,0.0,1.0,NO,0.6566582322120667,,"{""raw_logit_scores"": {""YES"": 12.8046875, ""NO"": 11.359375}, ""label_bias_scores"": {""YES"": 11.3203125, ""NO"": 9.2265625}, ""corrected_scores"": {""YES"": 1.484375, ""NO"": 2.1328125}, ""scoring_mode"": ""bias_corrected_choice_logits"", ""selected_short_label"": ""NO""}"
11,EleutherAI/pythia-1b,pythia,1b,family_self,bft_eval_03,policy,Write a short policy note on how a museum team should document changes to exhibit labels during revision.,self_profile,ELABORATE,avg_sentence_length,1.0,0.0,1.0,0.0,NO,0.8577680587768555,,"{""raw_logit_scores"": {""YES"": 10.3828125, ""NO"": 10.0859375}, ""label_bias_scores"": {""YES"": 11.3203125, ""NO"": 9.2265625}, ""corrected_scores"": {""YES"": -0.9375, ""NO"": 0.859375}, ""scoring_mode"": ""bias_corrected_choice_logits"", ""selected_short_label"": ""NO""}"
11,EleutherAI/pythia-1b,pythia,1b,family_self,bft_eval_03,policy,Write a short policy note on how a museum team should document changes to exhibit labels during revision.,self_profile,HEDGE,hedge_density,1.0,0.0,0.0,1.0,NO,0.5669777989387512,,"{""raw_logit_scores"": {""YES"": 6.1875, ""NO"": 4.36328125}, ""label_bias_scores"": {""YES"": 11.3203125, ""NO"": 9.2265625}, ""corrected_scores"": {""YES"": -5.1328125, ""NO"": -4.86328125}, ""scoring_mode"": ""bias_corrected_choice_logits"", ""selected_short_label"": ""NO""}"
11,EleutherAI/pythia-1b,pythia,1b,family_self,bft_eval_03,policy,Write a short policy note on how a museum team should document changes to exhibit labels during revision.,self_profile,FIRST_PERSON,first_person_rate,1.0,0.0,0.0,1.0,NO,0.6706082820892334,,"{""raw_logit_scores"": {""YES"": 4.9296875, ""NO"": 3.546875}, ""label_bias_scores"": {""YES"": 11.3203125, ""NO"": 9.2265625}, ""corrected_scores"": {""YES"": -6.390625, ""NO"": -5.6796875}, ""scoring_mode"": ""bias_corrected_choice_logits"", ""selected_short_label"": ""NO""}"
11,EleutherAI/pythia-1b,pythia,1b,family_self,bft_eval_03,policy,Write a short policy note on how a museum team should document changes to exhibit labels during revision.,self_profile,DIRECTIVE,directive_rate,1.0,0.0,1.0,0.0,NO,0.6992543935775757,:,"{""raw_logit_scores"": {""YES"": 5.51953125, ""NO"": 4.26953125}, ""label_bias_scores"": {""YES"": 11.3203125, ""NO"": 9.2265625}, ""corrected_scores"": {""YES"": -5.80078125, ""NO"": -4.95703125}, ""scoring_mode"": ""bias_corrected_choice_logits"", ""selected_short_label"": ""NO""}"
11,EleutherAI/pythia-1b,pythia,1b,family_self,bft_eval_03,policy,Write a short policy note on how a museum team should document changes to exhibit labels during revision.,matched_decoy,ELABORATE,avg_sentence_length,1.0,0.0,1.0,0.0,NO,0.8529354929924011,,"{""raw_logit_scores"": {""YES"": 10.421875, ""NO"": 10.0859375}, ""label_bias_scores"": {""YES"": 11.3203125, ""NO"": 9.2265625}, ""corrected_scores"": {""YES"": -0.8984375, ""NO"": 0.859375}, ""scoring_mode"": ""bias_corrected_choice_logits"", ""selected_short_label"": ""NO""}"
11,EleutherAI/pythia-1b,pythia,1b,family_self,bft_eval_03,policy,Write a short policy note on how a museum team should document changes to exhibit labels during revision.,matched_decoy,HEDGE,hedge_density,1.0,0.0,0.0,1.0,NO,0.5669777989387512,,"{""raw_logit_scores"": {""YES"": 6.19921875, ""NO"": 4.375}, ""label_bias_scores"": {""YES"": 11.3203125, ""NO"": 9.2265625}, ""corrected_scores"": {""YES"": -5.12109375, ""NO"": -4.8515625}, ""scoring_mode"": ""bias_corrected_choice_logits"", ""selected_short_label"": ""NO""}"
11,EleutherAI/pythia-1b,pythia,1b,family_self,bft_eval_03,policy,Write a short policy note on how a museum team should document changes to exhibit labels during revision.,matched_decoy,FIRST_PERSON,first_person_rate,1.0,0.0,0.0,1.0,NO,0.671470582485199,,"{""raw_logit_scores"": {""YES"": 4.95703125, ""NO"": 3.578125}, ""label_bias_scores"": {""YES"": 11.3203125, ""NO"": 9.2265625}, ""corrected_scores"": {""YES"": -6.36328125, ""NO"": -5.6484375}, ""scoring_mode"": ""bias_corrected_choice_logits"", ""selected_short_label"": ""NO""}"
11,EleutherAI/pythia-1b,pythia,1b,family_self,bft_eval_03,policy,Write a short policy note on how a museum team should document changes to exhibit labels during revision.,matched_decoy,DIRECTIVE,directive_rate,1.0,0.0,1.0,0.0,NO,0.6943026781082153,:,"{""raw_logit_scores"": {""YES"": 5.5859375, ""NO"": 4.3125}, ""label_bias_scores"": {""YES"": 11.3203125, ""NO"": 9.2265625}, ""corrected_scores"": {""YES"": -5.734375, ""NO"": -4.9140625}, ""scoring_mode"": ""bias_corrected_choice_logits"", ""selected_short_label"": ""NO""}"
11,EleutherAI/pythia-1b,pythia,1b,family_self,bft_eval_03,policy,Write a short policy note on how a museum team should document changes to exhibit labels during revision.,scrambled_profile,ELABORATE,avg_sentence_length,1.0,0.0,1.0,0.0,NO,0.854884684085846,,"{""raw_logit_scores"": {""YES"": 10.34375, ""NO"": 10.0234375}, ""label_bias_scores"": {""YES"": 11.3203125, ""NO"": 9.2265625}, ""corrected_scores"": {""YES"": -0.9765625, ""NO"": 0.796875}, ""scoring_mode"": ""bias_corrected_choice_logits"", ""selected_short_label"": ""NO""}"
11,EleutherAI/pythia-1b,pythia,1b,family_self,bft_eval_03,policy,Write a short policy note on how a museum team should document changes to exhibit labels during revision.,scrambled_profile,HEDGE,hedge_density,1.0,0.0,0.0,1.0,NO,0.5602526664733887,,"{""raw_logit_scores"": {""YES"": 6.12109375, ""NO"": 4.26953125}, ""label_bias_scores"": {""YES"": 11.3203125, ""NO"": 9.2265625}, ""corrected_scores"": {""YES"": -5.19921875, ""NO"": -4.95703125}, ""scoring_mode"": ""bias_corrected_choice_logits"", ""selected_short_label"": ""NO""}"
11,EleutherAI/pythia-1b,pythia,1b,family_self,bft_eval_03,policy,Write a short policy note on how a museum team should document changes to exhibit labels during revision.,scrambled_profile,FIRST_PERSON,first_person_rate,1.0,0.0,0.0,1.0,NO,0.6632328033447266,,"{""raw_logit_scores"": {""YES"": 4.90234375, ""NO"": 3.486328125}, ""label_bias_scores"": {""YES"": 11.3203125, ""NO"": 9.2265625}, ""corrected_scores"": {""YES"": -6.41796875, ""NO"": -5.740234375}, ""scoring_mode"": ""bias_corrected_choice_logits"", ""selected_short_label"": ""NO""}"
11,EleutherAI/pythia-1b,pythia,1b,family_self,bft_eval_03,policy,Write a short policy note on how a museum team should document changes to exhibit labels during revision.,scrambled_profile,DIRECTIVE,directive_rate,1.0,0.0,1.0,0.0,NO,0.6934729218482971,:,"{""raw_logit_scores"": {""YES"": 5.6015625, ""NO"": 4.32421875}, ""label_bias_scores"": {""YES"": 11.3203125, ""NO"": 9.2265625}, ""corrected_scores"": {""YES"": -5.71875, ""NO"": -4.90234375}, ""scoring_mode"": ""bias_corrected_choice_logits"", ""selected_short_label"": ""NO""}"
11,EleutherAI/pythia-1b,pythia,1b,family_self,bft_eval_04,diagnosis,Diagnose why a paragraph feels intelligent and informed but still fails to tell the reader what matters most.,self_profile,ELABORATE,avg_sentence_length,1.0,0.0,1.0,0.0,NO,0.925499677658081,",","{""raw_logit_scores"": {""YES"": 7.89453125, ""NO"": 8.3203125}, ""label_bias_scores"": {""YES"": 11.3203125, ""NO"": 9.2265625}, ""corrected_scores"": {""YES"": -3.42578125, ""NO"": -0.90625}, ""scoring_mode"": ""bias_corrected_choice_logits"", ""selected_short_label"": ""NO""}"
11,EleutherAI/pythia-1b,pythia,1b,family_self,bft_eval_04,diagnosis,Diagnose why a paragraph feels intelligent and informed but still fails to tell the reader what matters most.,self_profile,HEDGE,hedge_density,1.0,0.0,0.0,1.0,NO,0.8587185740470886,the,"{""raw_logit_scores"": {""YES"": 3.734375, ""NO"": 3.4453125}, ""label_bias_scores"": {""YES"": 11.3203125, ""NO"": 9.2265625}, ""corrected_scores"": {""YES"": -7.5859375, ""NO"": -5.78125}, ""scoring_mode"": ""bias_corrected_choice_logits"", ""selected_short_label"": ""NO""}"
11,EleutherAI/pythia-1b,pythia,1b,family_self,bft_eval_04,diagnosis,Diagnose why a paragraph feels intelligent and informed but still fails to tell the reader what matters most.,self_profile,FIRST_PERSON,first_person_rate,1.0,0.0,0.0,1.0,NO,0.8629302382469177,the,"{""raw_logit_scores"": {""YES"": 3.59375, ""NO"": 3.33984375}, ""label_bias_scores"": {""YES"": 11.3203125, ""NO"": 9.2265625}, ""corrected_scores"": {""YES"": -7.7265625, ""NO"": -5.88671875}, ""scoring_mode"": ""bias_corrected_choice_logits"", ""selected_short_label"": ""NO""}"
11,EleutherAI/pythia-1b,pythia,1b,family_self,bft_eval_04,diagnosis,Diagnose why a paragraph feels intelligent and informed but still fails to tell the reader what matters most.,self_profile,DIRECTIVE,directive_rate,1.0,0.0,1.0,0.0,NO,0.6352224349975586,,"{""raw_logit_scores"": {""YES"": 12.8515625, ""NO"": 11.3125}, ""label_bias_scores"": {""YES"": 11.3203125, ""NO"": 9.2265625}, ""corrected_scores"": {""YES"": 1.53125, ""NO"": 2.0859375}, ""scoring_mode"": ""bias_corrected_choice_logits"", ""selected_short_label"": ""NO""}"
11,EleutherAI/pythia-1b,pythia,1b,family_self,bft_eval_04,diagnosis,Diagnose why a paragraph feels intelligent and informed but still fails to tell the reader what matters most.,matched_decoy,ELABORATE,avg_sentence_length,1.0,0.0,1.0,0.0,NO,0.9244152307510376,",","{""raw_logit_scores"": {""YES"": 7.91015625, ""NO"": 8.3203125}, ""label_bias_scores"": {""YES"": 11.3203125, ""NO"": 9.2265625}, ""corrected_scores"": {""YES"": -3.41015625, ""NO"": -0.90625}, ""scoring_mode"": ""bias_corrected_choice_logits"", ""selected_short_label"": ""NO""}"
11,EleutherAI/pythia-1b,pythia,1b,family_self,bft_eval_04,diagnosis,Diagnose why a paragraph feels intelligent and informed but still fails to tell the reader what matters most.,matched_decoy,HEDGE,hedge_density,1.0,0.0,0.0,1.0,NO,0.8601343035697937,the,"{""raw_logit_scores"": {""YES"": 3.72265625, ""NO"": 3.4453125}, ""label_bias_scores"": {""YES"": 11.3203125, ""NO"": 9.2265625}, ""corrected_scores"": {""YES"": -7.59765625, ""NO"": -5.78125}, ""scoring_mode"": ""bias_corrected_choice_logits"", ""selected_short_label"": ""NO""}"
11,EleutherAI/pythia-1b,pythia,1b,family_self,bft_eval_04,diagnosis,Diagnose why a paragraph feels intelligent and informed but still fails to tell the reader what matters most.,matched_decoy,FIRST_PERSON,first_person_rate,1.0,0.0,0.0,1.0,NO,0.8636217713356018,the,"{""raw_logit_scores"": {""YES"": 3.58984375, ""NO"": 3.341796875}, ""label_bias_scores"": {""YES"": 11.3203125, ""NO"": 9.2265625}, ""corrected_scores"": {""YES"": -7.73046875, ""NO"": -5.884765625}, ""scoring_mode"": ""bias_corrected_choice_logits"", ""selected_short_label"": ""NO""}"
11,EleutherAI/pythia-1b,pythia,1b,family_self,bft_eval_04,diagnosis,Diagnose why a paragraph feels intelligent and informed but still fails to tell the reader what matters most.,matched_decoy,DIRECTIVE,directive_rate,1.0,0.0,1.0,0.0,NO,0.642432451248169,,"{""raw_logit_scores"": {""YES"": 12.921875, ""NO"": 11.4140625}, ""label_bias_scores"": {""YES"": 11.3203125, ""NO"": 9.2265625}, ""corrected_scores"": {""YES"": 1.6015625, ""NO"": 2.1875}, ""scoring_mode"": ""bias_corrected_choice_logits"", ""selected_short_label"": ""NO""}"
11,EleutherAI/pythia-1b,pythia,1b,family_self,bft_eval_04,diagnosis,Diagnose why a paragraph feels intelligent and informed but still fails to tell the reader what matters most.,scrambled_profile,ELABORATE,avg_sentence_length,1.0,0.0,1.0,0.0,NO,0.9222025275230408,",","{""raw_logit_scores"": {""YES"": 7.89453125, ""NO"": 8.2734375}, ""label_bias_scores"": {""YES"": 11.3203125, ""NO"": 9.2265625}, ""corrected_scores"": {""YES"": -3.42578125, ""NO"": -0.953125}, ""scoring_mode"": ""bias_corrected_choice_logits"", ""selected_short_label"": ""NO""}"
11,EleutherAI/pythia-1b,pythia,1b,family_self,bft_eval_04,diagnosis,Diagnose why a paragraph feels intelligent and informed but still fails to tell the reader what matters most.,scrambled_profile,HEDGE,hedge_density,1.0,0.0,0.0,1.0,NO,0.8541562557220459,the,"{""raw_logit_scores"": {""YES"": 3.7265625, ""NO"": 3.400390625}, ""label_bias_scores"": {""YES"": 11.3203125, ""NO"": 9.2265625}, ""corrected_scores"": {""YES"": -7.59375, ""NO"": -5.826171875}, ""scoring_mode"": ""bias_corrected_choice_logits"", ""selected_short_label"": ""NO""}"
11,EleutherAI/pythia-1b,pythia,1b,family_self,bft_eval_04,diagnosis,Diagnose why a paragraph feels intelligent and informed but still fails to tell the reader what matters most.,scrambled_profile,FIRST_PERSON,first_person_rate,1.0,0.0,0.0,1.0,NO,0.8584814667701721,the,"{""raw_logit_scores"": {""YES"": 3.6015625, ""NO"": 3.310546875}, ""label_bias_scores"": {""YES"": 11.3203125, ""NO"": 9.2265625}, ""corrected_scores"": {""YES"": -7.71875, ""NO"": -5.916015625}, ""scoring_mode"": ""bias_corrected_choice_logits"", ""selected_short_label"": ""NO""}"
11,EleutherAI/pythia-1b,pythia,1b,family_self,bft_eval_04,diagnosis,Diagnose why a paragraph feels intelligent and informed but still fails to tell the reader what matters most.,scrambled_profile,DIRECTIVE,directive_rate,1.0,0.0,1.0,0.0,NO,0.6297746300697327,,"{""raw_logit_scores"": {""YES"": 12.8984375, ""NO"": 11.3359375}, ""label_bias_scores"": {""YES"": 11.3203125, ""NO"": 9.2265625}, ""corrected_scores"": {""YES"": 1.578125, ""NO"": 2.109375}, ""scoring_mode"": ""bias_corrected_choice_logits"", ""selected_short_label"": ""NO""}"
11,EleutherAI/pythia-1b,pythia,1b,family_self,bft_eval_05,comparison,Compare an internal checklist and a polished postmortem as tools for preventing the same operational mistake twice.,self_profile,ELABORATE,avg_sentence_length,1.0,0.0,1.0,0.0,NO,0.8940516710281372,,"{""raw_logit_scores"": {""YES"": 10.0390625, ""NO"": 10.078125}, ""label_bias_scores"": {""YES"": 11.3203125, ""NO"": 9.2265625}, ""corrected_scores"": {""YES"": -1.28125, ""NO"": 0.8515625}, ""scoring_mode"": ""bias_corrected_choice_logits"", ""selected_short_label"": ""NO""}"
11,EleutherAI/pythia-1b,pythia,1b,family_self,bft_eval_05,comparison,Compare an internal checklist and a polished postmortem as tools for preventing the same operational mistake twice.,self_profile,HEDGE,hedge_density,1.0,0.0,0.0,1.0,NO,0.6540113687515259,,"{""raw_logit_scores"": {""YES"": 6.15234375, ""NO"": 4.6953125}, ""label_bias_scores"": {""YES"": 11.3203125, ""NO"": 9.2265625}, ""corrected_scores"": {""YES"": -5.16796875, ""NO"": -4.53125}, ""scoring_mode"": ""bias_corrected_choice_logits"", ""selected_short_label"": ""NO""}"
11,EleutherAI/pythia-1b,pythia,1b,family_self,bft_eval_05,comparison,Compare an internal checklist and a polished postmortem as tools for preventing the same operational mistake twice.,self_profile,FIRST_PERSON,first_person_rate,1.0,0.0,1.0,0.0,NO,0.696784257888794,,"{""raw_logit_scores"": {""YES"": 5.62890625, ""NO"": 4.3671875}, ""label_bias_scores"": {""YES"": 11.3203125, ""NO"": 9.2265625}, ""corrected_scores"": {""YES"": -5.69140625, ""NO"": -4.859375}, ""scoring_mode"": ""bias_corrected_choice_logits"", ""selected_short_label"": ""NO""}"
11,EleutherAI/pythia-1b,pythia,1b,family_self,bft_eval_05,comparison,Compare an internal checklist and a polished postmortem as tools for preventing the same operational mistake twice.,self_profile,DIRECTIVE,directive_rate,1.0,0.0,1.0,0.0,NO,0.6671476364135742,:,"{""raw_logit_scores"": {""YES"": 5.62109375, ""NO"": 4.22265625}, ""label_bias_scores"": {""YES"": 11.3203125, ""NO"": 9.2265625}, ""corrected_scores"": {""YES"": -5.69921875, ""NO"": -5.00390625}, ""scoring_mode"": ""bias_corrected_choice_logits"", ""selected_short_label"": ""NO""}"
11,EleutherAI/pythia-1b,pythia,1b,family_self,bft_eval_05,comparison,Compare an internal checklist and a polished postmortem as tools for preventing the same operational mistake twice.,matched_decoy,ELABORATE,avg_sentence_length,1.0,0.0,1.0,0.0,NO,0.8902942538261414,,"{""raw_logit_scores"": {""YES"": 10.0703125, ""NO"": 10.0703125}, ""label_bias_scores"": {""YES"": 11.3203125, ""NO"": 9.2265625}, ""corrected_scores"": {""YES"": -1.25, ""NO"": 0.84375}, ""scoring_mode"": ""bias_corrected_choice_logits"", ""selected_short_label"": ""NO""}"
11,EleutherAI/pythia-1b,pythia,1b,family_self,bft_eval_05,comparison,Compare an internal checklist and a polished postmortem as tools for preventing the same operational mistake twice.,matched_decoy,HEDGE,hedge_density,1.0,0.0,0.0,1.0,NO,0.6566582322120667,,"{""raw_logit_scores"": {""YES"": 6.15234375, ""NO"": 4.70703125}, ""label_bias_scores"": {""YES"": 11.3203125, ""NO"": 9.2265625}, ""corrected_scores"": {""YES"": -5.16796875, ""NO"": -4.51953125}, ""scoring_mode"": ""bias_corrected_choice_logits"", ""selected_short_label"": ""NO""}"
11,EleutherAI/pythia-1b,pythia,1b,family_self,bft_eval_05,comparison,Compare an internal checklist and a polished postmortem as tools for preventing the same operational mistake twice.,matched_decoy,FIRST_PERSON,first_person_rate,1.0,0.0,1.0,0.0,NO,0.6984323263168335,,"{""raw_logit_scores"": {""YES"": 5.625, ""NO"": 4.37109375}, ""label_bias_scores"": {""YES"": 11.3203125, ""NO"": 9.2265625}, ""corrected_scores"": {""YES"": -5.6953125, ""NO"": -4.85546875}, ""scoring_mode"": ""bias_corrected_choice_logits"", ""selected_short_label"": ""NO""}"
11,EleutherAI/pythia-1b,pythia,1b,family_self,bft_eval_05,comparison,Compare an internal checklist and a polished postmortem as tools for preventing the same operational mistake twice.,matched_decoy,DIRECTIVE,directive_rate,1.0,0.0,1.0,0.0,NO,0.6636689305305481,:,"{""raw_logit_scores"": {""YES"": 5.67578125, ""NO"": 4.26171875}, ""label_bias_scores"": {""YES"": 11.3203125, ""NO"": 9.2265625}, ""corrected_scores"": {""YES"": -5.64453125, ""NO"": -4.96484375}, ""scoring_mode"": ""bias_corrected_choice_logits"", ""selected_short_label"": ""NO""}"
11,EleutherAI/pythia-1b,pythia,1b,family_self,bft_eval_05,comparison,Compare an internal checklist and a polished postmortem as tools for preventing the same operational mistake twice.,scrambled_profile,ELABORATE,avg_sentence_length,1.0,0.0,1.0,0.0,NO,0.8910549879074097,,"{""raw_logit_scores"": {""YES"": 10.0, ""NO"": 10.0078125}, ""label_bias_scores"": {""YES"": 11.3203125, ""NO"": 9.2265625}, ""corrected_scores"": {""YES"": -1.3203125, ""NO"": 0.78125}, ""scoring_mode"": ""bias_corrected_choice_logits"", ""selected_short_label"": ""NO""}"
11,EleutherAI/pythia-1b,pythia,1b,family_self,bft_eval_05,comparison,Compare an internal checklist and a polished postmortem as tools for preventing the same operational mistake twice.,scrambled_profile,HEDGE,hedge_density,1.0,0.0,0.0,1.0,NO,0.6522414088249207,,"{""raw_logit_scores"": {""YES"": 6.18359375, ""NO"": 4.71875}, ""label_bias_scores"": {""YES"": 11.3203125, ""NO"": 9.2265625}, ""corrected_scores"": {""YES"": -5.13671875, ""NO"": -4.5078125}, ""scoring_mode"": ""bias_corrected_choice_logits"", ""selected_short_label"": ""NO""}"
11,EleutherAI/pythia-1b,pythia,1b,family_self,bft_eval_05,comparison,Compare an internal checklist and a polished postmortem as tools for preventing the same operational mistake twice.,scrambled_profile,FIRST_PERSON,first_person_rate,1.0,0.0,1.0,0.0,NO,0.696784257888794,,"{""raw_logit_scores"": {""YES"": 5.671875, ""NO"": 4.41015625}, ""label_bias_scores"": {""YES"": 11.3203125, ""NO"": 9.2265625}, ""corrected_scores"": {""YES"": -5.6484375, ""NO"": -4.81640625}, ""scoring_mode"": ""bias_corrected_choice_logits"", ""selected_short_label"": ""NO""}"
11,EleutherAI/pythia-1b,pythia,1b,family_self,bft_eval_05,comparison,Compare an internal checklist and a polished postmortem as tools for preventing the same operational mistake twice.,scrambled_profile,DIRECTIVE,directive_rate,1.0,0.0,1.0,0.0,NO,0.665410578250885,:,"{""raw_logit_scores"": {""YES"": 5.6484375, ""NO"": 4.2421875}, ""label_bias_scores"": {""YES"": 11.3203125, ""NO"": 9.2265625}, ""corrected_scores"": {""YES"": -5.671875, ""NO"": -4.984375}, ""scoring_mode"": ""bias_corrected_choice_logits"", ""selected_short_label"": ""NO""}"
11,EleutherAI/pythia-1b,pythia,1b,family_self,bft_eval_06,planning,Sketch a short plan for helping a student narrow a thesis topic without draining the curiosity out of it.,self_profile,ELABORATE,avg_sentence_length,1.0,0.0,1.0,0.0,NO,0.9929881691932678,NO,"{""raw_logit_scores"": {""YES"": 11.40625, ""NO"": 14.265625}, ""label_bias_scores"": {""YES"": 11.3203125, ""NO"": 9.2265625}, ""corrected_scores"": {""YES"": 0.0859375, ""NO"": 5.0390625}, ""scoring_mode"": ""bias_corrected_choice_logits"", ""selected_short_label"": ""NO""}"
11,EleutherAI/pythia-1b,pythia,1b,family_self,bft_eval_06,planning,Sketch a short plan for helping a student narrow a thesis topic without draining the curiosity out of it.,self_profile,HEDGE,hedge_density,1.0,0.0,0.0,1.0,NO,0.5808276534080505,that,"{""raw_logit_scores"": {""YES"": 4.9140625, ""NO"": 3.146484375}, ""label_bias_scores"": {""YES"": 11.3203125, ""NO"": 9.2265625}, ""corrected_scores"": {""YES"": -6.40625, ""NO"": -6.080078125}, ""scoring_mode"": ""bias_corrected_choice_logits"", ""selected_short_label"": ""NO""}"
11,EleutherAI/pythia-1b,pythia,1b,family_self,bft_eval_06,planning,Sketch a short plan for helping a student narrow a thesis topic without draining the curiosity out of it.,self_profile,FIRST_PERSON,first_person_rate,1.0,0.0,1.0,0.0,NO,0.641983687877655,for,"{""raw_logit_scores"": {""YES"": 4.62890625, ""NO"": 3.119140625}, ""label_bias_scores"": {""YES"": 11.3203125, ""NO"": 9.2265625}, ""corrected_scores"": {""YES"": -6.69140625, ""NO"": -6.107421875}, ""scoring_mode"": ""bias_corrected_choice_logits"", ""selected_short_label"": ""NO""}"
11,EleutherAI/pythia-1b,pythia,1b,family_self,bft_eval_06,planning,Sketch a short plan for helping a student narrow a thesis topic without draining the curiosity out of it.,self_profile,DIRECTIVE,directive_rate,1.0,0.0,1.0,0.0,NO,0.6757646203041077,YES,"{""raw_logit_scores"": {""YES"": 12.2421875, ""NO"": 10.8828125}, ""label_bias_scores"": {""YES"": 11.3203125, ""NO"": 9.2265625}, ""corrected_scores"": {""YES"": 0.921875, ""NO"": 1.65625}, ""scoring_mode"": ""bias_corrected_choice_logits"", ""selected_short_label"": ""NO""}"
11,EleutherAI/pythia-1b,pythia,1b,family_self,bft_eval_06,planning,Sketch a short plan for helping a student narrow a thesis topic without draining the curiosity out of it.,matched_decoy,ELABORATE,avg_sentence_length,1.0,0.0,1.0,0.0,NO,0.9933589100837708,NO,"{""raw_logit_scores"": {""YES"": 11.4375, ""NO"": 14.3515625}, ""label_bias_scores"": {""YES"": 11.3203125, ""NO"": 9.2265625}, ""corrected_scores"": {""YES"": 0.1171875, ""NO"": 5.125}, ""scoring_mode"": ""bias_corrected_choice_logits"", ""selected_short_label"": ""NO""}"
11,EleutherAI/pythia-1b,pythia,1b,family_self,bft_eval_06,planning,Sketch a short plan for helping a student narrow a thesis topic without draining the curiosity out of it.,matched_decoy,HEDGE,hedge_density,1.0,0.0,0.0,1.0,NO,0.5798763036727905,that,"{""raw_logit_scores"": {""YES"": 4.8828125, ""NO"": 3.111328125}, ""label_bias_scores"": {""YES"": 11.3203125, ""NO"": 9.2265625}, ""corrected_scores"": {""YES"": -6.4375, ""NO"": -6.115234375}, ""scoring_mode"": ""bias_corrected_choice_logits"", ""selected_short_label"": ""NO""}"
11,EleutherAI/pythia-1b,pythia,1b,family_self,bft_eval_06,planning,Sketch a short plan for helping a student narrow a thesis topic without draining the curiosity out of it.,matched_decoy,FIRST_PERSON,first_person_rate,1.0,0.0,1.0,0.0,NO,0.6406359076499939,for,"{""raw_logit_scores"": {""YES"": 4.609375, ""NO"": 3.09375}, ""label_bias_scores"": {""YES"": 11.3203125, ""NO"": 9.2265625}, ""corrected_scores"": {""YES"": -6.7109375, ""NO"": -6.1328125}, ""scoring_mode"": ""bias_corrected_choice_logits"", ""selected_short_label"": ""NO""}"
11,EleutherAI/pythia-1b,pythia,1b,family_self,bft_eval_06,planning,Sketch a short plan for helping a student narrow a thesis topic without draining the curiosity out of it.,matched_decoy,DIRECTIVE,directive_rate,1.0,0.0,1.0,0.0,NO,0.6774740219116211,YES,"{""raw_logit_scores"": {""YES"": 12.3046875, ""NO"": 10.953125}, ""label_bias_scores"": {""YES"": 11.3203125, ""NO"": 9.2265625}, ""corrected_scores"": {""YES"": 0.984375, ""NO"": 1.7265625}, ""scoring_mode"": ""bias_corrected_choice_logits"", ""selected_short_label"": ""NO""}"
11,EleutherAI/pythia-1b,pythia,1b,family_self,bft_eval_06,planning,Sketch a short plan for helping a student narrow a thesis topic without draining the curiosity out of it.,scrambled_profile,ELABORATE,avg_sentence_length,1.0,0.0,1.0,0.0,NO,0.9929336309432983,NO,"{""raw_logit_scores"": {""YES"": 11.3671875, ""NO"": 14.21875}, ""label_bias_scores"": {""YES"": 11.3203125, ""NO"": 9.2265625}, ""corrected_scores"": {""YES"": 0.046875, ""NO"": 4.9921875}, ""scoring_mode"": ""bias_corrected_choice_logits"", ""selected_short_label"": ""NO""}"
11,EleutherAI/pythia-1b,pythia,1b,family_self,bft_eval_06,planning,Sketch a short plan for helping a student narrow a thesis topic without draining the curiosity out of it.,scrambled_profile,HEDGE,hedge_density,1.0,0.0,0.0,1.0,NO,0.5827285051345825,that,"{""raw_logit_scores"": {""YES"": 4.8671875, ""NO"": 3.107421875}, ""label_bias_scores"": {""YES"": 11.3203125, ""NO"": 9.2265625}, ""corrected_scores"": {""YES"": -6.453125, ""NO"": -6.119140625}, ""scoring_mode"": ""bias_corrected_choice_logits"", ""selected_short_label"": ""NO""}"
11,EleutherAI/pythia-1b,pythia,1b,family_self,bft_eval_06,planning,Sketch a short plan for helping a student narrow a thesis topic without draining the curiosity out of it.,scrambled_profile,FIRST_PERSON,first_person_rate,1.0,0.0,1.0,0.0,NO,0.641983687877655,for,"{""raw_logit_scores"": {""YES"": 4.578125, ""NO"": 3.068359375}, ""label_bias_scores"": {""YES"": 11.3203125, ""NO"": 9.2265625}, ""corrected_scores"": {""YES"": -6.7421875, ""NO"": -6.158203125}, ""scoring_mode"": ""bias_corrected_choice_logits"", ""selected_short_label"": ""NO""}"
11,EleutherAI/pythia-1b,pythia,1b,family_self,bft_eval_06,planning,Sketch a short plan for helping a student narrow a thesis topic without draining the curiosity out of it.,scrambled_profile,DIRECTIVE,directive_rate,1.0,0.0,1.0,0.0,NO,0.6808785796165466,YES,"{""raw_logit_scores"": {""YES"": 12.265625, ""NO"": 10.9296875}, ""label_bias_scores"": {""YES"": 11.3203125, ""NO"": 9.2265625}, ""corrected_scores"": {""YES"": 0.9453125, ""NO"": 1.703125}, ""scoring_mode"": ""bias_corrected_choice_logits"", ""selected_short_label"": ""NO""}"
11,EleutherAI/pythia-1b,pythia,1b,family_self,bft_eval_07,rewrite,Rewrite this rough instruction into something more useful to a teammate: 'Probably check the assumptions and logs before changing the code again.',self_profile,ELABORATE,avg_sentence_length,1.0,1.0,1.0,1.0,YES,0.7829945087432861,answer,"{""raw_logit_scores"": {""YES"": 6.86328125, ""NO"": 3.486328125}, ""label_bias_scores"": {""YES"": 11.3203125, ""NO"": 9.2265625}, ""corrected_scores"": {""YES"": -4.45703125, ""NO"": -5.740234375}, ""scoring_mode"": ""bias_corrected_choice_logits"", ""selected_short_label"": ""YES""}"
11,EleutherAI/pythia-1b,pythia,1b,family_self,bft_eval_07,rewrite,Rewrite this rough instruction into something more useful to a teammate: 'Probably check the assumptions and logs before changing the code again.',self_profile,HEDGE,hedge_density,1.0,0.0,1.0,0.0,NO,0.8921873569488525,Behavior,"{""raw_logit_scores"": {""YES"": 5.6796875, ""NO"": 5.69921875}, ""label_bias_scores"": {""YES"": 11.3203125, ""NO"": 9.2265625}, ""corrected_scores"": {""YES"": -5.640625, ""NO"": -3.52734375}, ""scoring_mode"": ""bias_corrected_choice_logits"", ""selected_short_label"": ""NO""}"
11,EleutherAI/pythia-1b,pythia,1b,family_self,bft_eval_07,rewrite,Rewrite this rough instruction into something more useful to a teammate: 'Probably check the assumptions and logs before changing the code again.',self_profile,FIRST_PERSON,first_person_rate,1.0,0.0,0.0,1.0,NO,0.8629302382469177,Behavior,"{""raw_logit_scores"": {""YES"": 5.92578125, ""NO"": 5.671875}, ""label_bias_scores"": {""YES"": 11.3203125, ""NO"": 9.2265625}, ""corrected_scores"": {""YES"": -5.39453125, ""NO"": -3.5546875}, ""scoring_mode"": ""bias_corrected_choice_logits"", ""selected_short_label"": ""NO""}"
11,EleutherAI/pythia-1b,pythia,1b,family_self,bft_eval_07,rewrite,Rewrite this rough instruction into something more useful to a teammate: 'Probably check the assumptions and logs before changing the code again.',self_profile,DIRECTIVE,directive_rate,1.0,0.0,0.0,1.0,NO,0.9941800832748413,NO,"{""raw_logit_scores"": {""YES"": 11.3046875, ""NO"": 14.3515625}, ""label_bias_scores"": {""YES"": 11.3203125, ""NO"": 9.2265625}, ""corrected_scores"": {""YES"": -0.015625, ""NO"": 5.125}, ""scoring_mode"": ""bias_corrected_choice_logits"", ""selected_short_label"": ""NO""}"
11,EleutherAI/pythia-1b,pythia,1b,family_self,bft_eval_07,rewrite,Rewrite this rough instruction into something more useful to a teammate: 'Probably check the assumptions and logs before changing the code again.',matched_decoy,ELABORATE,avg_sentence_length,1.0,1.0,1.0,1.0,YES,0.7839884757995605,answer,"{""raw_logit_scores"": {""YES"": 6.84375, ""NO"": 3.4609375}, ""label_bias_scores"": {""YES"": 11.3203125, ""NO"": 9.2265625}, ""corrected_scores"": {""YES"": -4.4765625, ""NO"": -5.765625}, ""scoring_mode"": ""bias_corrected_choice_logits"", ""selected_short_label"": ""YES""}"
11,EleutherAI/pythia-1b,pythia,1b,family_self,bft_eval_07,rewrite,Rewrite this rough instruction into something more useful to a teammate: 'Probably check the assumptions and logs before changing the code again.',matched_decoy,HEDGE,hedge_density,1.0,0.0,1.0,0.0,NO,0.8921873569488525,Behavior,"{""raw_logit_scores"": {""YES"": 5.66796875, ""NO"": 5.6875}, ""label_bias_scores"": {""YES"": 11.3203125, ""NO"": 9.2265625}, ""corrected_scores"": {""YES"": -5.65234375, ""NO"": -3.5390625}, ""scoring_mode"": ""bias_corrected_choice_logits"", ""selected_short_label"": ""NO""}"
11,EleutherAI/pythia-1b,pythia,1b,family_self,bft_eval_07,rewrite,Rewrite this rough instruction into something more useful to a teammate: 'Probably check the assumptions and logs before changing the code again.',matched_decoy,FIRST_PERSON,first_person_rate,1.0,0.0,0.0,1.0,NO,0.8643104434013367,Behavior,"{""raw_logit_scores"": {""YES"": 5.88671875, ""NO"": 5.64453125}, ""label_bias_scores"": {""YES"": 11.3203125, ""NO"": 9.2265625}, ""corrected_scores"": {""YES"": -5.43359375, ""NO"": -3.58203125}, ""scoring_mode"": ""bias_corrected_choice_logits"", ""selected_short_label"": ""NO""}"
11,EleutherAI/pythia-1b,pythia,1b,family_self,bft_eval_07,rewrite,Rewrite this rough instruction into something more useful to a teammate: 'Probably check the assumptions and logs before changing the code again.',matched_decoy,DIRECTIVE,directive_rate,1.0,0.0,0.0,1.0,NO,0.994401752948761,NO,"{""raw_logit_scores"": {""YES"": 11.3203125, ""NO"": 14.40625}, ""label_bias_scores"": {""YES"": 11.3203125, ""NO"": 9.2265625}, ""corrected_scores"": {""YES"": 0.0, ""NO"": 5.1796875}, ""scoring_mode"": ""bias_corrected_choice_logits"", ""selected_short_label"": ""NO""}"
11,EleutherAI/pythia-1b,pythia,1b,family_self,bft_eval_07,rewrite,Rewrite this rough instruction into something more useful to a teammate: 'Probably check the assumptions and logs before changing the code again.',scrambled_profile,ELABORATE,avg_sentence_length,1.0,1.0,1.0,1.0,YES,0.7793218493461609,answer,"{""raw_logit_scores"": {""YES"": 6.84765625, ""NO"": 3.4921875}, ""label_bias_scores"": {""YES"": 11.3203125, ""NO"": 9.2265625}, ""corrected_scores"": {""YES"": -4.47265625, ""NO"": -5.734375}, ""scoring_mode"": ""bias_corrected_choice_logits"", ""selected_short_label"": ""YES""}"
11,EleutherAI/pythia-1b,pythia,1b,family_self,bft_eval_07,rewrite,Rewrite this rough instruction into something more useful to a teammate: 'Probably check the assumptions and logs before changing the code again.',scrambled_profile,HEDGE,hedge_density,1.0,0.0,1.0,0.0,NO,0.8936811685562134,Behavior,"{""raw_logit_scores"": {""YES"": 5.65234375, ""NO"": 5.6875}, ""label_bias_scores"": {""YES"": 11.3203125, ""NO"": 9.2265625}, ""corrected_scores"": {""YES"": -5.66796875, ""NO"": -3.5390625}, ""scoring_mode"": ""bias_corrected_choice_logits"", ""selected_short_label"": ""NO""}"
11,EleutherAI/pythia-1b,pythia,1b,family_self,bft_eval_07,rewrite,Rewrite this rough instruction into something more useful to a teammate: 'Probably check the assumptions and logs before changing the code again.',scrambled_profile,FIRST_PERSON,first_person_rate,1.0,0.0,0.0,1.0,NO,0.8647679686546326,Behavior,"{""raw_logit_scores"": {""YES"": 5.87109375, ""NO"": 5.6328125}, ""label_bias_scores"": {""YES"": 11.3203125, ""NO"": 9.2265625}, ""corrected_scores"": {""YES"": -5.44921875, ""NO"": -3.59375}, ""scoring_mode"": ""bias_corrected_choice_logits"", ""selected_short_label"": ""NO""}"
11,EleutherAI/pythia-1b,pythia,1b,family_self,bft_eval_07,rewrite,Rewrite this rough instruction into something more useful to a teammate: 'Probably check the assumptions and logs before changing the code again.',scrambled_profile,DIRECTIVE,directive_rate,1.0,0.0,0.0,1.0,NO,0.994401752948761,NO,"{""raw_logit_scores"": {""YES"": 11.296875, ""NO"": 14.3828125}, ""label_bias_scores"": {""YES"": 11.3203125, ""NO"": 9.2265625}, ""corrected_scores"": {""YES"": -0.0234375, ""NO"": 5.15625}, ""scoring_mode"": ""bias_corrected_choice_logits"", ""selected_short_label"": ""NO""}"
11,EleutherAI/pythia-1b,pythia,1b,family_self,bft_eval_08,judgment,"Decide whether office hours help students mainly by clarifying content, lowering avoidance, or creating accountability, and explain your judgment.",self_profile,ELABORATE,avg_sentence_length,1.0,0.0,1.0,0.0,NO,0.5389832258224487,.,"{""raw_logit_scores"": {""YES"": 5.25, ""NO"": 3.3125}, ""label_bias_scores"": {""YES"": 11.3203125, ""NO"": 9.2265625}, ""corrected_scores"": {""YES"": -6.0703125, ""NO"": -5.9140625}, ""scoring_mode"": ""bias_corrected_choice_logits"", ""selected_short_label"": ""NO""}"
11,EleutherAI/pythia-1b,pythia,1b,family_self,bft_eval_08,judgment,"Decide whether office hours help students mainly by clarifying content, lowering avoidance, or creating accountability, and explain your judgment.",self_profile,HEDGE,hedge_density,1.0,1.0,1.0,1.0,YES,0.7303619980812073,to,"{""raw_logit_scores"": {""YES"": 3.294921875, ""NO"": 0.2047119140625}, ""label_bias_scores"": {""YES"": 11.3203125, ""NO"": 9.2265625}, ""corrected_scores"": {""YES"": -8.025390625, ""NO"": -9.0218505859375}, ""scoring_mode"": ""bias_corrected_choice_logits"", ""selected_short_label"": ""YES""}"
11,EleutherAI/pythia-1b,pythia,1b,family_self,bft_eval_08,judgment,"Decide whether office hours help students mainly by clarifying content, lowering avoidance, or creating accountability, and explain your judgment.",self_profile,FIRST_PERSON,first_person_rate,1.0,1.0,1.0,1.0,YES,0.6773673295974731,to,"{""raw_logit_scores"": {""YES"": 3.189453125, ""NO"": 0.35400390625}, ""label_bias_scores"": {""YES"": 11.3203125, ""NO"": 9.2265625}, ""corrected_scores"": {""YES"": -8.130859375, ""NO"": -8.87255859375}, ""scoring_mode"": ""bias_corrected_choice_logits"", ""selected_short_label"": ""YES""}"
11,EleutherAI/pythia-1b,pythia,1b,family_self,bft_eval_08,judgment,"Decide whether office hours help students mainly by clarifying content, lowering avoidance, or creating accountability, and explain your judgment.",self_profile,DIRECTIVE,directive_rate,1.0,0.0,1.0,0.0,NO,0.8757869601249695,",","{""raw_logit_scores"": {""YES"": 8.109375, ""NO"": 7.96875}, ""label_bias_scores"": {""YES"": 11.3203125, ""NO"": 9.2265625}, ""corrected_scores"": {""YES"": -3.2109375, ""NO"": -1.2578125}, ""scoring_mode"": ""bias_corrected_choice_logits"", ""selected_short_label"": ""NO""}"
11,EleutherAI/pythia-1b,pythia,1b,family_self,bft_eval_08,judgment,"Decide whether office hours help students mainly by clarifying content, lowering avoidance, or creating accountability, and explain your judgment.",matched_decoy,ELABORATE,avg_sentence_length,1.0,0.0,1.0,0.0,NO,0.5360700488090515,.,"{""raw_logit_scores"": {""YES"": 5.25, ""NO"": 3.30078125}, ""label_bias_scores"": {""YES"": 11.3203125, ""NO"": 9.2265625}, ""corrected_scores"": {""YES"": -6.0703125, ""NO"": -5.92578125}, ""scoring_mode"": ""bias_corrected_choice_logits"", ""selected_short_label"": ""NO""}"
11,EleutherAI/pythia-1b,pythia,1b,family_self,bft_eval_08,judgment,"Decide whether office hours help students mainly by clarifying content, lowering avoidance, or creating accountability, and explain your judgment.",matched_decoy,HEDGE,hedge_density,1.0,1.0,1.0,1.0,YES,0.7304341197013855,to,"{""raw_logit_scores"": {""YES"": 3.271484375, ""NO"": 0.180908203125}, ""label_bias_scores"": {""YES"": 11.3203125, ""NO"": 9.2265625}, ""corrected_scores"": {""YES"": -8.048828125, ""NO"": -9.045654296875}, ""scoring_mode"": ""bias_corrected_choice_logits"", ""selected_short_label"": ""YES""}"
11,EleutherAI/pythia-1b,pythia,1b,family_self,bft_eval_08,judgment,"Decide whether office hours help students mainly by clarifying content, lowering avoidance, or creating accountability, and explain your judgment.",matched_decoy,FIRST_PERSON,first_person_rate,1.0,1.0,1.0,1.0,YES,0.6802417039871216,to,"{""raw_logit_scores"": {""YES"": 3.15234375, ""NO"": 0.3037109375}, ""label_bias_scores"": {""YES"": 11.3203125, ""NO"": 9.2265625}, ""corrected_scores"": {""YES"": -8.16796875, ""NO"": -8.9228515625}, ""scoring_mode"": ""bias_corrected_choice_logits"", ""selected_short_label"": ""YES""}"
11,EleutherAI/pythia-1b,pythia,1b,family_self,bft_eval_08,judgment,"Decide whether office hours help students mainly by clarifying content, lowering avoidance, or creating accountability, and explain your judgment.",matched_decoy,DIRECTIVE,directive_rate,1.0,0.0,1.0,0.0,NO,0.8740772008895874,",","{""raw_logit_scores"": {""YES"": 8.1484375, ""NO"": 7.9921875}, ""label_bias_scores"": {""YES"": 11.3203125, ""NO"": 9.2265625}, ""corrected_scores"": {""YES"": -3.171875, ""NO"": -1.234375}, ""scoring_mode"": ""bias_corrected_choice_logits"", ""selected_short_label"": ""NO""}"
11,EleutherAI/pythia-1b,pythia,1b,family_self,bft_eval_08,judgment,"Decide whether office hours help students mainly by clarifying content, lowering avoidance, or creating accountability, and explain your judgment.",scrambled_profile,ELABORATE,avg_sentence_length,1.0,0.0,1.0,0.0,NO,0.5331544280052185,.,"{""raw_logit_scores"": {""YES"": 5.23046875, ""NO"": 3.26953125}, ""label_bias_scores"": {""YES"": 11.3203125, ""NO"": 9.2265625}, ""corrected_scores"": {""YES"": -6.08984375, ""NO"": -5.95703125}, ""scoring_mode"": ""bias_corrected_choice_logits"", ""selected_short_label"": ""NO""}"
11,EleutherAI/pythia-1b,pythia,1b,family_self,bft_eval_08,judgment,"Decide whether office hours help students mainly by clarifying content, lowering avoidance, or creating accountability, and explain your judgment.",scrambled_profile,HEDGE,hedge_density,1.0,1.0,1.0,1.0,YES,0.729519784450531,to,"{""raw_logit_scores"": {""YES"": 3.259765625, ""NO"": 0.173828125}, ""label_bias_scores"": {""YES"": 11.3203125, ""NO"": 9.2265625}, ""corrected_scores"": {""YES"": -8.060546875, ""NO"": -9.052734375}, ""scoring_mode"": ""bias_corrected_choice_logits"", ""selected_short_label"": ""YES""}"
11,EleutherAI/pythia-1b,pythia,1b,family_self,bft_eval_08,judgment,"Decide whether office hours help students mainly by clarifying content, lowering avoidance, or creating accountability, and explain your judgment.",scrambled_profile,FIRST_PERSON,first_person_rate,1.0,1.0,1.0,1.0,YES,0.6771004796028137,to,"{""raw_logit_scores"": {""YES"": 3.154296875, ""NO"": 0.320068359375}, ""label_bias_scores"": {""YES"": 11.3203125, ""NO"": 9.2265625}, ""corrected_scores"": {""YES"": -8.166015625, ""NO"": -8.906494140625}, ""scoring_mode"": ""bias_corrected_choice_logits"", ""selected_short_label"": ""YES""}"
11,EleutherAI/pythia-1b,pythia,1b,family_self,bft_eval_08,judgment,"Decide whether office hours help students mainly by clarifying content, lowering avoidance, or creating accountability, and explain your judgment.",scrambled_profile,DIRECTIVE,directive_rate,1.0,0.0,1.0,0.0,NO,0.8701565861701965,",","{""raw_logit_scores"": {""YES"": 8.078125, ""NO"": 7.88671875}, ""label_bias_scores"": {""YES"": 11.3203125, ""NO"": 9.2265625}, ""corrected_scores"": {""YES"": -3.2421875, ""NO"": -1.33984375}, ""scoring_mode"": ""bias_corrected_choice_logits"", ""selected_short_label"": ""NO""}"
17,EleutherAI/pythia-1b,pythia,1b,family_self,bft_eval_01,triage,A small lab keeps discovering conflicting spreadsheet versions after each handoff. What should the team do in the next day?,self_profile,ELABORATE,avg_sentence_length,1.0,0.0,1.0,0.0,NO,0.6548947095870972,,"{""raw_logit_scores"": {""YES"": 5.8203125, ""NO"": 4.3671875}, ""label_bias_scores"": {""YES"": 11.3203125, ""NO"": 9.2265625}, ""corrected_scores"": {""YES"": -5.5, ""NO"": -4.859375}, ""scoring_mode"": ""bias_corrected_choice_logits"", ""selected_short_label"": ""NO""}"
17,EleutherAI/pythia-1b,pythia,1b,family_self,bft_eval_01,triage,A small lab keeps discovering conflicting spreadsheet versions after each handoff. What should the team do in the next day?,self_profile,HEDGE,hedge_density,1.0,0.0,0.0,1.0,NO,0.5698526501655579,the,"{""raw_logit_scores"": {""YES"": 6.86328125, ""NO"": 5.05078125}, ""label_bias_scores"": {""YES"": 11.3203125, ""NO"": 9.2265625}, ""corrected_scores"": {""YES"": -4.45703125, ""NO"": -4.17578125}, ""scoring_mode"": ""bias_corrected_choice_logits"", ""selected_short_label"": ""NO""}"
17,EleutherAI/pythia-1b,pythia,1b,family_self,bft_eval_01,triage,A small lab keeps discovering conflicting spreadsheet versions after each handoff. What should the team do in the next day?,self_profile,FIRST_PERSON,first_person_rate,1.0,0.0,0.0,1.0,NO,0.5068355202674866,the,"{""raw_logit_scores"": {""YES"": 7.23046875, ""NO"": 5.1640625}, ""label_bias_scores"": {""YES"": 11.3203125, ""NO"": 9.2265625}, ""corrected_scores"": {""YES"": -4.08984375, ""NO"": -4.0625}, ""scoring_mode"": ""bias_corrected_choice_logits"", ""selected_short_label"": ""NO""}"
17,EleutherAI/pythia-1b,pythia,1b,family_self,bft_eval_01,triage,A small lab keeps discovering conflicting spreadsheet versions after each handoff. What should the team do in the next day?,self_profile,DIRECTIVE,directive_rate,1.0,0.0,1.0,0.0,NO,0.7690802216529846,,"{""raw_logit_scores"": {""YES"": 8.6484375, ""NO"": 7.7578125}, ""label_bias_scores"": {""YES"": 11.3203125, ""NO"": 9.2265625}, ""corrected_scores"": {""YES"": -2.671875, ""NO"": -1.46875}, ""scoring_mode"": ""bias_corrected_choice_logits"", ""selected_short_label"": ""NO""}"
17,EleutherAI/pythia-1b,pythia,1b,family_self,bft_eval_01,triage,A small lab keeps discovering conflicting spreadsheet versions after each handoff. What should the team do in the next day?,matched_decoy,ELABORATE,avg_sentence_length,1.0,0.0,1.0,0.0,NO,0.6504672765731812,,"{""raw_logit_scores"": {""YES"": 5.81640625, ""NO"": 4.34375}, ""label_bias_scores"": {""YES"": 11.3203125, ""NO"": 9.2265625}, ""corrected_scores"": {""YES"": -5.50390625, ""NO"": -4.8828125}, ""scoring_mode"": ""bias_corrected_choice_logits"", ""selected_short_label"": ""NO""}"
17,EleutherAI/pythia-1b,pythia,1b,family_self,bft_eval_01,triage,A small lab keeps discovering conflicting spreadsheet versions after each handoff. What should the team do in the next day?,matched_decoy,HEDGE,hedge_density,1.0,0.0,0.0,1.0,NO,0.5544704794883728,the,"{""raw_logit_scores"": {""YES"": 6.97265625, ""NO"": 5.09765625}, ""label_bias_scores"": {""YES"": 11.3203125, ""NO"": 9.2265625}, ""corrected_scores"": {""YES"": -4.34765625, ""NO"": -4.12890625}, ""scoring_mode"": ""bias_corrected_choice_logits"", ""selected_short_label"": ""NO""}"
17,EleutherAI/pythia-1b,pythia,1b,family_self,bft_eval_01,triage,A small lab keeps discovering conflicting spreadsheet versions after each handoff. What should the team do in the next day?,matched_decoy,FIRST_PERSON,first_person_rate,1.0,1.0,0.0,0.0,YES,0.5146442651748657,the,"{""raw_logit_scores"": {""YES"": 7.35546875, ""NO"": 5.203125}, ""label_bias_scores"": {""YES"": 11.3203125, ""NO"": 9.2265625}, ""corrected_scores"": {""YES"": -3.96484375, ""NO"": -4.0234375}, ""scoring_mode"": ""bias_corrected_choice_logits"", ""selected_short_label"": ""YES""}"
17,EleutherAI/pythia-1b,pythia,1b,family_self,bft_eval_01,triage,A small lab keeps discovering conflicting spreadsheet versions after each handoff. What should the team do in the next day?,matched_decoy,DIRECTIVE,directive_rate,1.0,0.0,1.0,0.0,NO,0.7732163667678833,,"{""raw_logit_scores"": {""YES"": 8.609375, ""NO"": 7.7421875}, ""label_bias_scores"": {""YES"": 11.3203125, ""NO"": 9.2265625}, ""corrected_scores"": {""YES"": -2.7109375, ""NO"": -1.484375}, ""scoring_mode"": ""bias_corrected_choice_logits"", ""selected_short_label"": ""NO""}"
17,EleutherAI/pythia-1b,pythia,1b,family_self,bft_eval_01,triage,A small lab keeps discovering conflicting spreadsheet versions after each handoff. What should the team do in the next day?,scrambled_profile,ELABORATE,avg_sentence_length,1.0,0.0,1.0,0.0,NO,0.6415346264839172,,"{""raw_logit_scores"": {""YES"": 5.82421875, ""NO"": 4.3125}, ""label_bias_scores"": {""YES"": 11.3203125, ""NO"": 9.2265625}, ""corrected_scores"": {""YES"": -5.49609375, ""NO"": -4.9140625}, ""scoring_mode"": ""bias_corrected_choice_logits"", ""selected_short_label"": ""NO""}"
17,EleutherAI/pythia-1b,pythia,1b,family_self,bft_eval_01,triage,A small lab keeps discovering conflicting spreadsheet versions after each handoff. What should the team do in the next day?,scrambled_profile,HEDGE,hedge_density,1.0,0.0,0.0,1.0,NO,0.5554351806640625,the,"{""raw_logit_scores"": {""YES"": 6.87890625, ""NO"": 5.0078125}, ""label_bias_scores"": {""YES"": 11.3203125, ""NO"": 9.2265625}, ""corrected_scores"": {""YES"": -4.44140625, ""NO"": -4.21875}, ""scoring_mode"": ""bias_corrected_choice_logits"", ""selected_short_label"": ""NO""}"
17,EleutherAI/pythia-1b,pythia,1b,family_self,bft_eval_01,triage,A small lab keeps discovering conflicting spreadsheet versions after each handoff. What should the team do in the next day?,scrambled_profile,FIRST_PERSON,first_person_rate,1.0,1.0,0.0,0.0,YES,0.5039061903953552,the,"{""raw_logit_scores"": {""YES"": 7.23828125, ""NO"": 5.12890625}, ""label_bias_scores"": {""YES"": 11.3203125, ""NO"": 9.2265625}, ""corrected_scores"": {""YES"": -4.08203125, ""NO"": -4.09765625}, ""scoring_mode"": ""bias_corrected_choice_logits"", ""selected_short_label"": ""YES""}"
17,EleutherAI/pythia-1b,pythia,1b,family_self,bft_eval_01,triage,A small lab keeps discovering conflicting spreadsheet versions after each handoff. What should the team do in the next day?,scrambled_profile,DIRECTIVE,directive_rate,1.0,0.0,1.0,0.0,NO,0.7648916244506836,,"{""raw_logit_scores"": {""YES"": 8.6328125, ""NO"": 7.71875}, ""label_bias_scores"": {""YES"": 11.3203125, ""NO"": 9.2265625}, ""corrected_scores"": {""YES"": -2.6875, ""NO"": -1.5078125}, ""scoring_mode"": ""bias_corrected_choice_logits"", ""selected_short_label"": ""NO""}"
17,EleutherAI/pythia-1b,pythia,1b,family_self,bft_eval_02,critique,Give feedback on a student memo that is energetic and polite but hides the recommendation until the final line.,self_profile,ELABORATE,avg_sentence_length,1.0,0.0,1.0,0.0,NO,0.9069831967353821,",","{""raw_logit_scores"": {""YES"": 7.93359375, ""NO"": 8.1171875}, ""label_bias_scores"": {""YES"": 11.3203125, ""NO"": 9.2265625}, ""corrected_scores"": {""YES"": -3.38671875, ""NO"": -1.109375}, ""scoring_mode"": ""bias_corrected_choice_logits"", ""selected_short_label"": ""NO""}"
17,EleutherAI/pythia-1b,pythia,1b,family_self,bft_eval_02,critique,Give feedback on a student memo that is energetic and polite but hides the recommendation until the final line.,self_profile,HEDGE,hedge_density,1.0,0.0,1.0,0.0,NO,0.8006919622421265,the,"{""raw_logit_scores"": {""YES"": 4.73828125, ""NO"": 4.03515625}, ""label_bias_scores"": {""YES"": 11.3203125, ""NO"": 9.2265625}, ""corrected_scores"": {""YES"": -6.58203125, ""NO"": -5.19140625}, ""scoring_mode"": ""bias_corrected_choice_logits"", ""selected_short_label"": ""NO""}"
17,EleutherAI/pythia-1b,pythia,1b,family_self,bft_eval_02,critique,Give feedback on a student memo that is energetic and polite but hides the recommendation until the final line.,self_profile,FIRST_PERSON,first_person_rate,1.0,0.0,1.0,0.0,NO,0.7905303239822388,the,"{""raw_logit_scores"": {""YES"": 4.60546875, ""NO"": 3.83984375}, ""label_bias_scores"": {""YES"": 11.3203125, ""NO"": 9.2265625}, ""corrected_scores"": {""YES"": -6.71484375, ""NO"": -5.38671875}, ""scoring_mode"": ""bias_corrected_choice_logits"", ""selected_short_label"": ""NO""}"
17,EleutherAI/pythia-1b,pythia,1b,family_self,bft_eval_02,critique,Give feedback on a student memo that is energetic and polite but hides the recommendation until the final line.,self_profile,DIRECTIVE,directive_rate,1.0,0.0,0.0,1.0,NO,0.6495786309242249,,"{""raw_logit_scores"": {""YES"": 13.0, ""NO"": 11.5234375}, ""label_bias_scores"": {""YES"": 11.3203125, ""NO"": 9.2265625}, ""corrected_scores"": {""YES"": 1.6796875, ""NO"": 2.296875}, ""scoring_mode"": ""bias_corrected_choice_logits"", ""selected_short_label"": ""NO""}"
17,EleutherAI/pythia-1b,pythia,1b,family_self,bft_eval_02,critique,Give feedback on a student memo that is energetic and polite but hides the recommendation until the final line.,matched_decoy,ELABORATE,avg_sentence_length,1.0,0.0,1.0,0.0,NO,0.9076402187347412,",","{""raw_logit_scores"": {""YES"": 7.92578125, ""NO"": 8.1171875}, ""label_bias_scores"": {""YES"": 11.3203125, ""NO"": 9.2265625}, ""corrected_scores"": {""YES"": -3.39453125, ""NO"": -1.109375}, ""scoring_mode"": ""bias_corrected_choice_logits"", ""selected_short_label"": ""NO""}"
17,EleutherAI/pythia-1b,pythia,1b,family_self,bft_eval_02,critique,Give feedback on a student memo that is energetic and polite but hides the recommendation until the final line.,matched_decoy,HEDGE,hedge_density,1.0,0.0,1.0,0.0,NO,0.7988153100013733,the,"{""raw_logit_scores"": {""YES"": 4.75390625, ""NO"": 4.0390625}, ""label_bias_scores"": {""YES"": 11.3203125, ""NO"": 9.2265625}, ""corrected_scores"": {""YES"": -6.56640625, ""NO"": -5.1875}, ""scoring_mode"": ""bias_corrected_choice_logits"", ""selected_short_label"": ""NO""}"
17,EleutherAI/pythia-1b,pythia,1b,family_self,bft_eval_02,critique,Give feedback on a student memo that is energetic and polite but hides the recommendation until the final line.,matched_decoy,FIRST_PERSON,first_person_rate,1.0,0.0,1.0,0.0,NO,0.7905303239822388,the,"{""raw_logit_scores"": {""YES"": 4.60546875, ""NO"": 3.83984375}, ""label_bias_scores"": {""YES"": 11.3203125, ""NO"": 9.2265625}, ""corrected_scores"": {""YES"": -6.71484375, ""NO"": -5.38671875}, ""scoring_mode"": ""bias_corrected_choice_logits"", ""selected_short_label"": ""NO""}"
17,EleutherAI/pythia-1b,pythia,1b,family_self,bft_eval_02,critique,Give feedback on a student memo that is energetic and polite but hides the recommendation until the final line.,matched_decoy,DIRECTIVE,directive_rate,1.0,0.0,0.0,1.0,NO,0.642432451248169,,"{""raw_logit_scores"": {""YES"": 12.90625, ""NO"": 11.3984375}, ""label_bias_scores"": {""YES"": 11.3203125, ""NO"": 9.2265625}, ""corrected_scores"": {""YES"": 1.5859375, ""NO"": 2.171875}, ""scoring_mode"": ""bias_corrected_choice_logits"", ""selected_short_label"": ""NO""}"
17,EleutherAI/pythia-1b,pythia,1b,family_self,bft_eval_02,critique,Give feedback on a student memo that is energetic and polite but hides the recommendation until the final line.,scrambled_profile,ELABORATE,avg_sentence_length,1.0,0.0,1.0,0.0,NO,0.9036349058151245,",","{""raw_logit_scores"": {""YES"": 7.92578125, ""NO"": 8.0703125}, ""label_bias_scores"": {""YES"": 11.3203125, ""NO"": 9.2265625}, ""corrected_scores"": {""YES"": -3.39453125, ""NO"": -1.15625}, ""scoring_mode"": ""bias_corrected_choice_logits"", ""selected_short_label"": ""NO""}"
17,EleutherAI/pythia-1b,pythia,1b,family_self,bft_eval_02,critique,Give feedback on a student memo that is energetic and polite but hides the recommendation until the final line.,scrambled_profile,HEDGE,hedge_density,1.0,0.0,1.0,0.0,NO,0.7959754467010498,the,"{""raw_logit_scores"": {""YES"": 4.703125, ""NO"": 3.970703125}, ""label_bias_scores"": {""YES"": 11.3203125, ""NO"": 9.2265625}, ""corrected_scores"": {""YES"": -6.6171875, ""NO"": -5.255859375}, ""scoring_mode"": ""bias_corrected_choice_logits"", ""selected_short_label"": ""NO""}"
17,EleutherAI/pythia-1b,pythia,1b,family_self,bft_eval_02,critique,Give feedback on a student memo that is energetic and polite but hides the recommendation until the final line.,scrambled_profile,FIRST_PERSON,first_person_rate,1.0,0.0,1.0,0.0,NO,0.7856376767158508,the,"{""raw_logit_scores"": {""YES"": 4.5625, ""NO"": 3.767578125}, ""label_bias_scores"": {""YES"": 11.3203125, ""NO"": 9.2265625}, ""corrected_scores"": {""YES"": -6.7578125, ""NO"": -5.458984375}, ""scoring_mode"": ""bias_corrected_choice_logits"", ""selected_short_label"": ""NO""}"
17,EleutherAI/pythia-1b,pythia,1b,family_self,bft_eval_02,critique,Give feedback on a student memo that is energetic and polite but hides the recommendation until the final line.,scrambled_profile,DIRECTIVE,directive_rate,1.0,0.0,0.0,1.0,NO,0.6548947095870972,,"{""raw_logit_scores"": {""YES"": 12.65625, ""NO"": 11.203125}, ""label_bias_scores"": {""YES"": 11.3203125, ""NO"": 9.2265625}, ""corrected_scores"": {""YES"": 1.3359375, ""NO"": 1.9765625}, ""scoring_mode"": ""bias_corrected_choice_logits"", ""selected_short_label"": ""NO""}"
17,EleutherAI/pythia-1b,pythia,1b,family_self,bft_eval_03,policy,Write a short policy note on how a museum team should document changes to exhibit labels during revision.,self_profile,ELABORATE,avg_sentence_length,1.0,0.0,1.0,0.0,NO,0.8529354929924011,,"{""raw_logit_scores"": {""YES"": 10.421875, ""NO"": 10.0859375}, ""label_bias_scores"": {""YES"": 11.3203125, ""NO"": 9.2265625}, ""corrected_scores"": {""YES"": -0.8984375, ""NO"": 0.859375}, ""scoring_mode"": ""bias_corrected_choice_logits"", ""selected_short_label"": ""NO""}"
17,EleutherAI/pythia-1b,pythia,1b,family_self,bft_eval_03,policy,Write a short policy note on how a museum team should document changes to exhibit labels during revision.,self_profile,HEDGE,hedge_density,1.0,0.0,0.0,1.0,NO,0.5669777989387512,,"{""raw_logit_scores"": {""YES"": 6.19921875, ""NO"": 4.375}, ""label_bias_scores"": {""YES"": 11.3203125, ""NO"": 9.2265625}, ""corrected_scores"": {""YES"": -5.12109375, ""NO"": -4.8515625}, ""scoring_mode"": ""bias_corrected_choice_logits"", ""selected_short_label"": ""NO""}"
17,EleutherAI/pythia-1b,pythia,1b,family_self,bft_eval_03,policy,Write a short policy note on how a museum team should document changes to exhibit labels during revision.,self_profile,FIRST_PERSON,first_person_rate,1.0,0.0,0.0,1.0,NO,0.671470582485199,,"{""raw_logit_scores"": {""YES"": 4.95703125, ""NO"": 3.578125}, ""label_bias_scores"": {""YES"": 11.3203125, ""NO"": 9.2265625}, ""corrected_scores"": {""YES"": -6.36328125, ""NO"": -5.6484375}, ""scoring_mode"": ""bias_corrected_choice_logits"", ""selected_short_label"": ""NO""}"
17,EleutherAI/pythia-1b,pythia,1b,family_self,bft_eval_03,policy,Write a short policy note on how a museum team should document changes to exhibit labels during revision.,self_profile,DIRECTIVE,directive_rate,1.0,0.0,0.0,1.0,NO,0.6943026781082153,:,"{""raw_logit_scores"": {""YES"": 5.5859375, ""NO"": 4.3125}, ""label_bias_scores"": {""YES"": 11.3203125, ""NO"": 9.2265625}, ""corrected_scores"": {""YES"": -5.734375, ""NO"": -4.9140625}, ""scoring_mode"": ""bias_corrected_choice_logits"", ""selected_short_label"": ""NO""}"
17,EleutherAI/pythia-1b,pythia,1b,family_self,bft_eval_03,policy,Write a short policy note on how a museum team should document changes to exhibit labels during revision.,matched_decoy,ELABORATE,avg_sentence_length,1.0,0.0,1.0,0.0,NO,0.8577680587768555,,"{""raw_logit_scores"": {""YES"": 10.3828125, ""NO"": 10.0859375}, ""label_bias_scores"": {""YES"": 11.3203125, ""NO"": 9.2265625}, ""corrected_scores"": {""YES"": -0.9375, ""NO"": 0.859375}, ""scoring_mode"": ""bias_corrected_choice_logits"", ""selected_short_label"": ""NO""}"
17,EleutherAI/pythia-1b,pythia,1b,family_self,bft_eval_03,policy,Write a short policy note on how a museum team should document changes to exhibit labels during revision.,matched_decoy,HEDGE,hedge_density,1.0,0.0,0.0,1.0,NO,0.5669777989387512,,"{""raw_logit_scores"": {""YES"": 6.1875, ""NO"": 4.36328125}, ""label_bias_scores"": {""YES"": 11.3203125, ""NO"": 9.2265625}, ""corrected_scores"": {""YES"": -5.1328125, ""NO"": -4.86328125}, ""scoring_mode"": ""bias_corrected_choice_logits"", ""selected_short_label"": ""NO""}"
17,EleutherAI/pythia-1b,pythia,1b,family_self,bft_eval_03,policy,Write a short policy note on how a museum team should document changes to exhibit labels during revision.,matched_decoy,FIRST_PERSON,first_person_rate,1.0,0.0,0.0,1.0,NO,0.6706082820892334,,"{""raw_logit_scores"": {""YES"": 4.9296875, ""NO"": 3.546875}, ""label_bias_scores"": {""YES"": 11.3203125, ""NO"": 9.2265625}, ""corrected_scores"": {""YES"": -6.390625, ""NO"": -5.6796875}, ""scoring_mode"": ""bias_corrected_choice_logits"", ""selected_short_label"": ""NO""}"
17,EleutherAI/pythia-1b,pythia,1b,family_self,bft_eval_03,policy,Write a short policy note on how a museum team should document changes to exhibit labels during revision.,matched_decoy,DIRECTIVE,directive_rate,1.0,0.0,0.0,1.0,NO,0.6992543935775757,:,"{""raw_logit_scores"": {""YES"": 5.51953125, ""NO"": 4.26953125}, ""label_bias_scores"": {""YES"": 11.3203125, ""NO"": 9.2265625}, ""corrected_scores"": {""YES"": -5.80078125, ""NO"": -4.95703125}, ""scoring_mode"": ""bias_corrected_choice_logits"", ""selected_short_label"": ""NO""}"
17,EleutherAI/pythia-1b,pythia,1b,family_self,bft_eval_03,policy,Write a short policy note on how a museum team should document changes to exhibit labels during revision.,scrambled_profile,ELABORATE,avg_sentence_length,1.0,0.0,1.0,0.0,NO,0.8519527316093445,,"{""raw_logit_scores"": {""YES"": 10.3828125, ""NO"": 10.0390625}, ""label_bias_scores"": {""YES"": 11.3203125, ""NO"": 9.2265625}, ""corrected_scores"": {""YES"": -0.9375, ""NO"": 0.8125}, ""scoring_mode"": ""bias_corrected_choice_logits"", ""selected_short_label"": ""NO""}"
17,EleutherAI/pythia-1b,pythia,1b,family_self,bft_eval_03,policy,Write a short policy note on how a museum team should document changes to exhibit labels during revision.,scrambled_profile,HEDGE,hedge_density,1.0,0.0,0.0,1.0,NO,0.5448014140129089,,"{""raw_logit_scores"": {""YES"": 6.29296875, ""NO"": 4.37890625}, ""label_bias_scores"": {""YES"": 11.3203125, ""NO"": 9.2265625}, ""corrected_scores"": {""YES"": -5.02734375, ""NO"": -4.84765625}, ""scoring_mode"": ""bias_corrected_choice_logits"", ""selected_short_label"": ""NO""}"
17,EleutherAI/pythia-1b,pythia,1b,family_self,bft_eval_03,policy,Write a short policy note on how a museum team should document changes to exhibit labels during revision.,scrambled_profile,FIRST_PERSON,first_person_rate,1.0,0.0,0.0,1.0,NO,0.6579781174659729,,"{""raw_logit_scores"": {""YES"": 4.98046875, ""NO"": 3.541015625}, ""label_bias_scores"": {""YES"": 11.3203125, ""NO"": 9.2265625}, ""corrected_scores"": {""YES"": -6.33984375, ""NO"": -5.685546875}, ""scoring_mode"": ""bias_corrected_choice_logits"", ""selected_short_label"": ""NO""}"
17,EleutherAI/pythia-1b,pythia,1b,family_self,bft_eval_03,policy,Write a short policy note on how a museum team should document changes to exhibit labels during revision.,scrambled_profile,DIRECTIVE,directive_rate,1.0,0.0,0.0,1.0,NO,0.6918097138404846,:,"{""raw_logit_scores"": {""YES"": 5.53125, ""NO"": 4.24609375}, ""label_bias_scores"": {""YES"": 11.3203125, ""NO"": 9.2265625}, ""corrected_scores"": {""YES"": -5.7890625, ""NO"": -4.98046875}, ""scoring_mode"": ""bias_corrected_choice_logits"", ""selected_short_label"": ""NO""}"
17,EleutherAI/pythia-1b,pythia,1b,family_self,bft_eval_04,diagnosis,Diagnose why a paragraph feels intelligent and informed but still fails to tell the reader what matters most.,self_profile,ELABORATE,avg_sentence_length,1.0,0.0,1.0,0.0,NO,0.9244152307510376,",","{""raw_logit_scores"": {""YES"": 7.91015625, ""NO"": 8.3203125}, ""label_bias_scores"": {""YES"": 11.3203125, ""NO"": 9.2265625}, ""corrected_scores"": {""YES"": -3.41015625, ""NO"": -0.90625}, ""scoring_mode"": ""bias_corrected_choice_logits"", ""selected_short_label"": ""NO""}"
17,EleutherAI/pythia-1b,pythia,1b,family_self,bft_eval_04,diagnosis,Diagnose why a paragraph feels intelligent and informed but still fails to tell the reader what matters most.,self_profile,HEDGE,hedge_density,1.0,0.0,0.0,1.0,NO,0.8601343035697937,the,"{""raw_logit_scores"": {""YES"": 3.72265625, ""NO"": 3.4453125}, ""label_bias_scores"": {""YES"": 11.3203125, ""NO"": 9.2265625}, ""corrected_scores"": {""YES"": -7.59765625, ""NO"": -5.78125}, ""scoring_mode"": ""bias_corrected_choice_logits"", ""selected_short_label"": ""NO""}"
17,EleutherAI/pythia-1b,pythia,1b,family_self,bft_eval_04,diagnosis,Diagnose why a paragraph feels intelligent and informed but still fails to tell the reader what matters most.,self_profile,FIRST_PERSON,first_person_rate,1.0,0.0,1.0,0.0,NO,0.8636217713356018,the,"{""raw_logit_scores"": {""YES"": 3.58984375, ""NO"": 3.341796875}, ""label_bias_scores"": {""YES"": 11.3203125, ""NO"": 9.2265625}, ""corrected_scores"": {""YES"": -7.73046875, ""NO"": -5.884765625}, ""scoring_mode"": ""bias_corrected_choice_logits"", ""selected_short_label"": ""NO""}"
17,EleutherAI/pythia-1b,pythia,1b,family_self,bft_eval_04,diagnosis,Diagnose why a paragraph feels intelligent and informed but still fails to tell the reader what matters most.,self_profile,DIRECTIVE,directive_rate,1.0,0.0,1.0,0.0,NO,0.642432451248169,,"{""raw_logit_scores"": {""YES"": 12.921875, ""NO"": 11.4140625}, ""label_bias_scores"": {""YES"": 11.3203125, ""NO"": 9.2265625}, ""corrected_scores"": {""YES"": 1.6015625, ""NO"": 2.1875}, ""scoring_mode"": ""bias_corrected_choice_logits"", ""selected_short_label"": ""NO""}"
17,EleutherAI/pythia-1b,pythia,1b,family_self,bft_eval_04,diagnosis,Diagnose why a paragraph feels intelligent and informed but still fails to tell the reader what matters most.,matched_decoy,ELABORATE,avg_sentence_length,1.0,0.0,1.0,0.0,NO,0.925499677658081,",","{""raw_logit_scores"": {""YES"": 7.89453125, ""NO"": 8.3203125}, ""label_bias_scores"": {""YES"": 11.3203125, ""NO"": 9.2265625}, ""corrected_scores"": {""YES"": -3.42578125, ""NO"": -0.90625}, ""scoring_mode"": ""bias_corrected_choice_logits"", ""selected_short_label"": ""NO""}"
17,EleutherAI/pythia-1b,pythia,1b,family_self,bft_eval_04,diagnosis,Diagnose why a paragraph feels intelligent and informed but still fails to tell the reader what matters most.,matched_decoy,HEDGE,hedge_density,1.0,0.0,0.0,1.0,NO,0.8587185740470886,the,"{""raw_logit_scores"": {""YES"": 3.734375, ""NO"": 3.4453125}, ""label_bias_scores"": {""YES"": 11.3203125, ""NO"": 9.2265625}, ""corrected_scores"": {""YES"": -7.5859375, ""NO"": -5.78125}, ""scoring_mode"": ""bias_corrected_choice_logits"", ""selected_short_label"": ""NO""}"
17,EleutherAI/pythia-1b,pythia,1b,family_self,bft_eval_04,diagnosis,Diagnose why a paragraph feels intelligent and informed but still fails to tell the reader what matters most.,matched_decoy,FIRST_PERSON,first_person_rate,1.0,0.0,1.0,0.0,NO,0.8629302382469177,the,"{""raw_logit_scores"": {""YES"": 3.59375, ""NO"": 3.33984375}, ""label_bias_scores"": {""YES"": 11.3203125, ""NO"": 9.2265625}, ""corrected_scores"": {""YES"": -7.7265625, ""NO"": -5.88671875}, ""scoring_mode"": ""bias_corrected_choice_logits"", ""selected_short_label"": ""NO""}"
17,EleutherAI/pythia-1b,pythia,1b,family_self,bft_eval_04,diagnosis,Diagnose why a paragraph feels intelligent and informed but still fails to tell the reader what matters most.,matched_decoy,DIRECTIVE,directive_rate,1.0,0.0,1.0,0.0,NO,0.6352224349975586,,"{""raw_logit_scores"": {""YES"": 12.8515625, ""NO"": 11.3125}, ""label_bias_scores"": {""YES"": 11.3203125, ""NO"": 9.2265625}, ""corrected_scores"": {""YES"": 1.53125, ""NO"": 2.0859375}, ""scoring_mode"": ""bias_corrected_choice_logits"", ""selected_short_label"": ""NO""}"
17,EleutherAI/pythia-1b,pythia,1b,family_self,bft_eval_04,diagnosis,Diagnose why a paragraph feels intelligent and informed but still fails to tell the reader what matters most.,scrambled_profile,ELABORATE,avg_sentence_length,1.0,0.0,1.0,0.0,NO,0.9230391979217529,",","{""raw_logit_scores"": {""YES"": 7.921875, ""NO"": 8.3125}, ""label_bias_scores"": {""YES"": 11.3203125, ""NO"": 9.2265625}, ""corrected_scores"": {""YES"": -3.3984375, ""NO"": -0.9140625}, ""scoring_mode"": ""bias_corrected_choice_logits"", ""selected_short_label"": ""NO""}"
17,EleutherAI/pythia-1b,pythia,1b,family_self,bft_eval_04,diagnosis,Diagnose why a paragraph feels intelligent and informed but still fails to tell the reader what matters most.,scrambled_profile,HEDGE,hedge_density,1.0,0.0,0.0,1.0,NO,0.8606036305427551,the,"{""raw_logit_scores"": {""YES"": 3.671875, ""NO"": 3.3984375}, ""label_bias_scores"": {""YES"": 11.3203125, ""NO"": 9.2265625}, ""corrected_scores"": {""YES"": -7.6484375, ""NO"": -5.828125}, ""scoring_mode"": ""bias_corrected_choice_logits"", ""selected_short_label"": ""NO""}"
17,EleutherAI/pythia-1b,pythia,1b,family_self,bft_eval_04,diagnosis,Diagnose why a paragraph feels intelligent and informed but still fails to tell the reader what matters most.,scrambled_profile,FIRST_PERSON,first_person_rate,1.0,0.0,1.0,0.0,NO,0.863391637802124,the,"{""raw_logit_scores"": {""YES"": 3.544921875, ""NO"": 3.294921875}, ""label_bias_scores"": {""YES"": 11.3203125, ""NO"": 9.2265625}, ""corrected_scores"": {""YES"": -7.775390625, ""NO"": -5.931640625}, ""scoring_mode"": ""bias_corrected_choice_logits"", ""selected_short_label"": ""NO""}"
17,EleutherAI/pythia-1b,pythia,1b,family_self,bft_eval_04,diagnosis,Diagnose why a paragraph feels intelligent and informed but still fails to tell the reader what matters most.,scrambled_profile,DIRECTIVE,directive_rate,1.0,0.0,1.0,0.0,NO,0.6388352513313293,,"{""raw_logit_scores"": {""YES"": 12.71875, ""NO"": 11.1953125}, ""label_bias_scores"": {""YES"": 11.3203125, ""NO"": 9.2265625}, ""corrected_scores"": {""YES"": 1.3984375, ""NO"": 1.96875}, ""scoring_mode"": ""bias_corrected_choice_logits"", ""selected_short_label"": ""NO""}"
17,EleutherAI/pythia-1b,pythia,1b,family_self,bft_eval_05,comparison,Compare an internal checklist and a polished postmortem as tools for preventing the same operational mistake twice.,self_profile,ELABORATE,avg_sentence_length,1.0,0.0,1.0,0.0,NO,0.8902942538261414,,"{""raw_logit_scores"": {""YES"": 10.0703125, ""NO"": 10.0703125}, ""label_bias_scores"": {""YES"": 11.3203125, ""NO"": 9.2265625}, ""corrected_scores"": {""YES"": -1.25, ""NO"": 0.84375}, ""scoring_mode"": ""bias_corrected_choice_logits"", ""selected_short_label"": ""NO""}"
17,EleutherAI/pythia-1b,pythia,1b,family_self,bft_eval_05,comparison,Compare an internal checklist and a polished postmortem as tools for preventing the same operational mistake twice.,self_profile,HEDGE,hedge_density,1.0,0.0,1.0,0.0,NO,0.6566582322120667,,"{""raw_logit_scores"": {""YES"": 6.15234375, ""NO"": 4.70703125}, ""label_bias_scores"": {""YES"": 11.3203125, ""NO"": 9.2265625}, ""corrected_scores"": {""YES"": -5.16796875, ""NO"": -4.51953125}, ""scoring_mode"": ""bias_corrected_choice_logits"", ""selected_short_label"": ""NO""}"
17,EleutherAI/pythia-1b,pythia,1b,family_self,bft_eval_05,comparison,Compare an internal checklist and a polished postmortem as tools for preventing the same operational mistake twice.,self_profile,FIRST_PERSON,first_person_rate,1.0,0.0,1.0,0.0,NO,0.6984323263168335,,"{""raw_logit_scores"": {""YES"": 5.625, ""NO"": 4.37109375}, ""label_bias_scores"": {""YES"": 11.3203125, ""NO"": 9.2265625}, ""corrected_scores"": {""YES"": -5.6953125, ""NO"": -4.85546875}, ""scoring_mode"": ""bias_corrected_choice_logits"", ""selected_short_label"": ""NO""}"
17,EleutherAI/pythia-1b,pythia,1b,family_self,bft_eval_05,comparison,Compare an internal checklist and a polished postmortem as tools for preventing the same operational mistake twice.,self_profile,DIRECTIVE,directive_rate,1.0,0.0,1.0,0.0,NO,0.6636689305305481,:,"{""raw_logit_scores"": {""YES"": 5.67578125, ""NO"": 4.26171875}, ""label_bias_scores"": {""YES"": 11.3203125, ""NO"": 9.2265625}, ""corrected_scores"": {""YES"": -5.64453125, ""NO"": -4.96484375}, ""scoring_mode"": ""bias_corrected_choice_logits"", ""selected_short_label"": ""NO""}"
17,EleutherAI/pythia-1b,pythia,1b,family_self,bft_eval_05,comparison,Compare an internal checklist and a polished postmortem as tools for preventing the same operational mistake twice.,matched_decoy,ELABORATE,avg_sentence_length,1.0,0.0,1.0,0.0,NO,0.8940516710281372,,"{""raw_logit_scores"": {""YES"": 10.0390625, ""NO"": 10.078125}, ""label_bias_scores"": {""YES"": 11.3203125, ""NO"": 9.2265625}, ""corrected_scores"": {""YES"": -1.28125, ""NO"": 0.8515625}, ""scoring_mode"": ""bias_corrected_choice_logits"", ""selected_short_label"": ""NO""}"
17,EleutherAI/pythia-1b,pythia,1b,family_self,bft_eval_05,comparison,Compare an internal checklist and a polished postmortem as tools for preventing the same operational mistake twice.,matched_decoy,HEDGE,hedge_density,1.0,0.0,1.0,0.0,NO,0.6540113687515259,,"{""raw_logit_scores"": {""YES"": 6.15234375, ""NO"": 4.6953125}, ""label_bias_scores"": {""YES"": 11.3203125, ""NO"": 9.2265625}, ""corrected_scores"": {""YES"": -5.16796875, ""NO"": -4.53125}, ""scoring_mode"": ""bias_corrected_choice_logits"", ""selected_short_label"": ""NO""}"
17,EleutherAI/pythia-1b,pythia,1b,family_self,bft_eval_05,comparison,Compare an internal checklist and a polished postmortem as tools for preventing the same operational mistake twice.,matched_decoy,FIRST_PERSON,first_person_rate,1.0,0.0,1.0,0.0,NO,0.696784257888794,,"{""raw_logit_scores"": {""YES"": 5.62890625, ""NO"": 4.3671875}, ""label_bias_scores"": {""YES"": 11.3203125, ""NO"": 9.2265625}, ""corrected_scores"": {""YES"": -5.69140625, ""NO"": -4.859375}, ""scoring_mode"": ""bias_corrected_choice_logits"", ""selected_short_label"": ""NO""}"
17,EleutherAI/pythia-1b,pythia,1b,family_self,bft_eval_05,comparison,Compare an internal checklist and a polished postmortem as tools for preventing the same operational mistake twice.,matched_decoy,DIRECTIVE,directive_rate,1.0,0.0,1.0,0.0,NO,0.6671476364135742,:,"{""raw_logit_scores"": {""YES"": 5.62109375, ""NO"": 4.22265625}, ""label_bias_scores"": {""YES"": 11.3203125, ""NO"": 9.2265625}, ""corrected_scores"": {""YES"": -5.69921875, ""NO"": -5.00390625}, ""scoring_mode"": ""bias_corrected_choice_logits"", ""selected_short_label"": ""NO""}"
17,EleutherAI/pythia-1b,pythia,1b,family_self,bft_eval_05,comparison,Compare an internal checklist and a polished postmortem as tools for preventing the same operational mistake twice.,scrambled_profile,ELABORATE,avg_sentence_length,1.0,0.0,1.0,0.0,NO,0.8872045874595642,,"{""raw_logit_scores"": {""YES"": 10.0, ""NO"": 9.96875}, ""label_bias_scores"": {""YES"": 11.3203125, ""NO"": 9.2265625}, ""corrected_scores"": {""YES"": -1.3203125, ""NO"": 0.7421875}, ""scoring_mode"": ""bias_corrected_choice_logits"", ""selected_short_label"": ""NO""}"
17,EleutherAI/pythia-1b,pythia,1b,family_self,bft_eval_05,comparison,Compare an internal checklist and a polished postmortem as tools for preventing the same operational mistake twice.,scrambled_profile,HEDGE,hedge_density,1.0,0.0,1.0,0.0,NO,0.6442250609397888,,"{""raw_logit_scores"": {""YES"": 6.1796875, ""NO"": 4.6796875}, ""label_bias_scores"": {""YES"": 11.3203125, ""NO"": 9.2265625}, ""corrected_scores"": {""YES"": -5.140625, ""NO"": -4.546875}, ""scoring_mode"": ""bias_corrected_choice_logits"", ""selected_short_label"": ""NO""}"
17,EleutherAI/pythia-1b,pythia,1b,family_self,bft_eval_05,comparison,Compare an internal checklist and a polished postmortem as tools for preventing the same operational mistake twice.,scrambled_profile,FIRST_PERSON,first_person_rate,1.0,0.0,1.0,0.0,NO,0.6859495043754578,,"{""raw_logit_scores"": {""YES"": 5.671875, ""NO"": 4.359375}, ""label_bias_scores"": {""YES"": 11.3203125, ""NO"": 9.2265625}, ""corrected_scores"": {""YES"": -5.6484375, ""NO"": -4.8671875}, ""scoring_mode"": ""bias_corrected_choice_logits"", ""selected_short_label"": ""NO""}"
17,EleutherAI/pythia-1b,pythia,1b,family_self,bft_eval_05,comparison,Compare an internal checklist and a polished postmortem as tools for preventing the same operational mistake twice.,scrambled_profile,DIRECTIVE,directive_rate,1.0,0.0,1.0,0.0,NO,0.6680145263671875,:,"{""raw_logit_scores"": {""YES"": 5.6015625, ""NO"": 4.20703125}, ""label_bias_scores"": {""YES"": 11.3203125, ""NO"": 9.2265625}, ""corrected_scores"": {""YES"": -5.71875, ""NO"": -5.01953125}, ""scoring_mode"": ""bias_corrected_choice_logits"", ""selected_short_label"": ""NO""}"
17,EleutherAI/pythia-1b,pythia,1b,family_self,bft_eval_06,planning,Sketch a short plan for helping a student narrow a thesis topic without draining the curiosity out of it.,self_profile,ELABORATE,avg_sentence_length,1.0,0.0,1.0,0.0,NO,0.9933589100837708,NO,"{""raw_logit_scores"": {""YES"": 11.4375, ""NO"": 14.3515625}, ""label_bias_scores"": {""YES"": 11.3203125, ""NO"": 9.2265625}, ""corrected_scores"": {""YES"": 0.1171875, ""NO"": 5.125}, ""scoring_mode"": ""bias_corrected_choice_logits"", ""selected_short_label"": ""NO""}"
17,EleutherAI/pythia-1b,pythia,1b,family_self,bft_eval_06,planning,Sketch a short plan for helping a student narrow a thesis topic without draining the curiosity out of it.,self_profile,HEDGE,hedge_density,1.0,0.0,1.0,0.0,NO,0.5798763036727905,that,"{""raw_logit_scores"": {""YES"": 4.8828125, ""NO"": 3.111328125}, ""label_bias_scores"": {""YES"": 11.3203125, ""NO"": 9.2265625}, ""corrected_scores"": {""YES"": -6.4375, ""NO"": -6.115234375}, ""scoring_mode"": ""bias_corrected_choice_logits"", ""selected_short_label"": ""NO""}"
17,EleutherAI/pythia-1b,pythia,1b,family_self,bft_eval_06,planning,Sketch a short plan for helping a student narrow a thesis topic without draining the curiosity out of it.,self_profile,FIRST_PERSON,first_person_rate,1.0,0.0,1.0,0.0,NO,0.6406359076499939,for,"{""raw_logit_scores"": {""YES"": 4.609375, ""NO"": 3.09375}, ""label_bias_scores"": {""YES"": 11.3203125, ""NO"": 9.2265625}, ""corrected_scores"": {""YES"": -6.7109375, ""NO"": -6.1328125}, ""scoring_mode"": ""bias_corrected_choice_logits"", ""selected_short_label"": ""NO""}"
17,EleutherAI/pythia-1b,pythia,1b,family_self,bft_eval_06,planning,Sketch a short plan for helping a student narrow a thesis topic without draining the curiosity out of it.,self_profile,DIRECTIVE,directive_rate,1.0,0.0,1.0,0.0,NO,0.6774740219116211,YES,"{""raw_logit_scores"": {""YES"": 12.3046875, ""NO"": 10.953125}, ""label_bias_scores"": {""YES"": 11.3203125, ""NO"": 9.2265625}, ""corrected_scores"": {""YES"": 0.984375, ""NO"": 1.7265625}, ""scoring_mode"": ""bias_corrected_choice_logits"", ""selected_short_label"": ""NO""}"
17,EleutherAI/pythia-1b,pythia,1b,family_self,bft_eval_06,planning,Sketch a short plan for helping a student narrow a thesis topic without draining the curiosity out of it.,matched_decoy,ELABORATE,avg_sentence_length,1.0,0.0,1.0,0.0,NO,0.9929881691932678,NO,"{""raw_logit_scores"": {""YES"": 11.40625, ""NO"": 14.265625}, ""label_bias_scores"": {""YES"": 11.3203125, ""NO"": 9.2265625}, ""corrected_scores"": {""YES"": 0.0859375, ""NO"": 5.0390625}, ""scoring_mode"": ""bias_corrected_choice_logits"", ""selected_short_label"": ""NO""}"
17,EleutherAI/pythia-1b,pythia,1b,family_self,bft_eval_06,planning,Sketch a short plan for helping a student narrow a thesis topic without draining the curiosity out of it.,matched_decoy,HEDGE,hedge_density,1.0,0.0,1.0,0.0,NO,0.5808276534080505,that,"{""raw_logit_scores"": {""YES"": 4.9140625, ""NO"": 3.146484375}, ""label_bias_scores"": {""YES"": 11.3203125, ""NO"": 9.2265625}, ""corrected_scores"": {""YES"": -6.40625, ""NO"": -6.080078125}, ""scoring_mode"": ""bias_corrected_choice_logits"", ""selected_short_label"": ""NO""}"
17,EleutherAI/pythia-1b,pythia,1b,family_self,bft_eval_06,planning,Sketch a short plan for helping a student narrow a thesis topic without draining the curiosity out of it.,matched_decoy,FIRST_PERSON,first_person_rate,1.0,0.0,1.0,0.0,NO,0.641983687877655,for,"{""raw_logit_scores"": {""YES"": 4.62890625, ""NO"": 3.119140625}, ""label_bias_scores"": {""YES"": 11.3203125, ""NO"": 9.2265625}, ""corrected_scores"": {""YES"": -6.69140625, ""NO"": -6.107421875}, ""scoring_mode"": ""bias_corrected_choice_logits"", ""selected_short_label"": ""NO""}"
17,EleutherAI/pythia-1b,pythia,1b,family_self,bft_eval_06,planning,Sketch a short plan for helping a student narrow a thesis topic without draining the curiosity out of it.,matched_decoy,DIRECTIVE,directive_rate,1.0,0.0,1.0,0.0,NO,0.6757646203041077,YES,"{""raw_logit_scores"": {""YES"": 12.2421875, ""NO"": 10.8828125}, ""label_bias_scores"": {""YES"": 11.3203125, ""NO"": 9.2265625}, ""corrected_scores"": {""YES"": 0.921875, ""NO"": 1.65625}, ""scoring_mode"": ""bias_corrected_choice_logits"", ""selected_short_label"": ""NO""}"
17,EleutherAI/pythia-1b,pythia,1b,family_self,bft_eval_06,planning,Sketch a short plan for helping a student narrow a thesis topic without draining the curiosity out of it.,scrambled_profile,ELABORATE,avg_sentence_length,1.0,0.0,1.0,0.0,NO,0.9927672147750854,NO,"{""raw_logit_scores"": {""YES"": 11.3515625, ""NO"": 14.1796875}, ""label_bias_scores"": {""YES"": 11.3203125, ""NO"": 9.2265625}, ""corrected_scores"": {""YES"": 0.03125, ""NO"": 4.953125}, ""scoring_mode"": ""bias_corrected_choice_logits"", ""selected_short_label"": ""NO""}"
17,EleutherAI/pythia-1b,pythia,1b,family_self,bft_eval_06,planning,Sketch a short plan for helping a student narrow a thesis topic without draining the curiosity out of it.,scrambled_profile,HEDGE,hedge_density,1.0,0.0,1.0,0.0,NO,0.5784481763839722,that,"{""raw_logit_scores"": {""YES"": 4.88671875, ""NO"": 3.109375}, ""label_bias_scores"": {""YES"": 11.3203125, ""NO"": 9.2265625}, ""corrected_scores"": {""YES"": -6.43359375, ""NO"": -6.1171875}, ""scoring_mode"": ""bias_corrected_choice_logits"", ""selected_short_label"": ""NO""}"
17,EleutherAI/pythia-1b,pythia,1b,family_self,bft_eval_06,planning,Sketch a short plan for helping a student narrow a thesis topic without draining the curiosity out of it.,scrambled_profile,FIRST_PERSON,first_person_rate,1.0,0.0,1.0,0.0,NO,0.6379335522651672,for,"{""raw_logit_scores"": {""YES"": 4.59765625, ""NO"": 3.0703125}, ""label_bias_scores"": {""YES"": 11.3203125, ""NO"": 9.2265625}, ""corrected_scores"": {""YES"": -6.72265625, ""NO"": -6.15625}, ""scoring_mode"": ""bias_corrected_choice_logits"", ""selected_short_label"": ""NO""}"
17,EleutherAI/pythia-1b,pythia,1b,family_self,bft_eval_06,planning,Sketch a short plan for helping a student narrow a thesis topic without draining the curiosity out of it.,scrambled_profile,DIRECTIVE,directive_rate,1.0,0.0,1.0,0.0,NO,0.6706082820892334,YES,"{""raw_logit_scores"": {""YES"": 12.28125, ""NO"": 10.8984375}, ""label_bias_scores"": {""YES"": 11.3203125, ""NO"": 9.2265625}, ""corrected_scores"": {""YES"": 0.9609375, ""NO"": 1.671875}, ""scoring_mode"": ""bias_corrected_choice_logits"", ""selected_short_label"": ""NO""}"
17,EleutherAI/pythia-1b,pythia,1b,family_self,bft_eval_07,rewrite,Rewrite this rough instruction into something more useful to a teammate: 'Probably check the assumptions and logs before changing the code again.',self_profile,ELABORATE,avg_sentence_length,1.0,1.0,0.0,0.0,YES,0.7839884757995605,answer,"{""raw_logit_scores"": {""YES"": 6.84375, ""NO"": 3.4609375}, ""label_bias_scores"": {""YES"": 11.3203125, ""NO"": 9.2265625}, ""corrected_scores"": {""YES"": -4.4765625, ""NO"": -5.765625}, ""scoring_mode"": ""bias_corrected_choice_logits"", ""selected_short_label"": ""YES""}"
17,EleutherAI/pythia-1b,pythia,1b,family_self,bft_eval_07,rewrite,Rewrite this rough instruction into something more useful to a teammate: 'Probably check the assumptions and logs before changing the code again.',self_profile,HEDGE,hedge_density,1.0,0.0,0.0,1.0,NO,0.8921873569488525,Behavior,"{""raw_logit_scores"": {""YES"": 5.66796875, ""NO"": 5.6875}, ""label_bias_scores"": {""YES"": 11.3203125, ""NO"": 9.2265625}, ""corrected_scores"": {""YES"": -5.65234375, ""NO"": -3.5390625}, ""scoring_mode"": ""bias_corrected_choice_logits"", ""selected_short_label"": ""NO""}"
17,EleutherAI/pythia-1b,pythia,1b,family_self,bft_eval_07,rewrite,Rewrite this rough instruction into something more useful to a teammate: 'Probably check the assumptions and logs before changing the code again.',self_profile,FIRST_PERSON,first_person_rate,1.0,0.0,0.0,1.0,NO,0.8643104434013367,Behavior,"{""raw_logit_scores"": {""YES"": 5.88671875, ""NO"": 5.64453125}, ""label_bias_scores"": {""YES"": 11.3203125, ""NO"": 9.2265625}, ""corrected_scores"": {""YES"": -5.43359375, ""NO"": -3.58203125}, ""scoring_mode"": ""bias_corrected_choice_logits"", ""selected_short_label"": ""NO""}"
17,EleutherAI/pythia-1b,pythia,1b,family_self,bft_eval_07,rewrite,Rewrite this rough instruction into something more useful to a teammate: 'Probably check the assumptions and logs before changing the code again.',self_profile,DIRECTIVE,directive_rate,1.0,0.0,1.0,0.0,NO,0.994401752948761,NO,"{""raw_logit_scores"": {""YES"": 11.3203125, ""NO"": 14.40625}, ""label_bias_scores"": {""YES"": 11.3203125, ""NO"": 9.2265625}, ""corrected_scores"": {""YES"": 0.0, ""NO"": 5.1796875}, ""scoring_mode"": ""bias_corrected_choice_logits"", ""selected_short_label"": ""NO""}"
17,EleutherAI/pythia-1b,pythia,1b,family_self,bft_eval_07,rewrite,Rewrite this rough instruction into something more useful to a teammate: 'Probably check the assumptions and logs before changing the code again.',matched_decoy,ELABORATE,avg_sentence_length,1.0,1.0,0.0,0.0,YES,0.7829945087432861,answer,"{""raw_logit_scores"": {""YES"": 6.86328125, ""NO"": 3.486328125}, ""label_bias_scores"": {""YES"": 11.3203125, ""NO"": 9.2265625}, ""corrected_scores"": {""YES"": -4.45703125, ""NO"": -5.740234375}, ""scoring_mode"": ""bias_corrected_choice_logits"", ""selected_short_label"": ""YES""}"
17,EleutherAI/pythia-1b,pythia,1b,family_self,bft_eval_07,rewrite,Rewrite this rough instruction into something more useful to a teammate: 'Probably check the assumptions and logs before changing the code again.',matched_decoy,HEDGE,hedge_density,1.0,0.0,0.0,1.0,NO,0.8921873569488525,Behavior,"{""raw_logit_scores"": {""YES"": 5.6796875, ""NO"": 5.69921875}, ""label_bias_scores"": {""YES"": 11.3203125, ""NO"": 9.2265625}, ""corrected_scores"": {""YES"": -5.640625, ""NO"": -3.52734375}, ""scoring_mode"": ""bias_corrected_choice_logits"", ""selected_short_label"": ""NO""}"
17,EleutherAI/pythia-1b,pythia,1b,family_self,bft_eval_07,rewrite,Rewrite this rough instruction into something more useful to a teammate: 'Probably check the assumptions and logs before changing the code again.',matched_decoy,FIRST_PERSON,first_person_rate,1.0,0.0,0.0,1.0,NO,0.8629302382469177,Behavior,"{""raw_logit_scores"": {""YES"": 5.92578125, ""NO"": 5.671875}, ""label_bias_scores"": {""YES"": 11.3203125, ""NO"": 9.2265625}, ""corrected_scores"": {""YES"": -5.39453125, ""NO"": -3.5546875}, ""scoring_mode"": ""bias_corrected_choice_logits"", ""selected_short_label"": ""NO""}"
17,EleutherAI/pythia-1b,pythia,1b,family_self,bft_eval_07,rewrite,Rewrite this rough instruction into something more useful to a teammate: 'Probably check the assumptions and logs before changing the code again.',matched_decoy,DIRECTIVE,directive_rate,1.0,0.0,1.0,0.0,NO,0.9941800832748413,NO,"{""raw_logit_scores"": {""YES"": 11.3046875, ""NO"": 14.3515625}, ""label_bias_scores"": {""YES"": 11.3203125, ""NO"": 9.2265625}, ""corrected_scores"": {""YES"": -0.015625, ""NO"": 5.125}, ""scoring_mode"": ""bias_corrected_choice_logits"", ""selected_short_label"": ""NO""}"
17,EleutherAI/pythia-1b,pythia,1b,family_self,bft_eval_07,rewrite,Rewrite this rough instruction into something more useful to a teammate: 'Probably check the assumptions and logs before changing the code again.',scrambled_profile,ELABORATE,avg_sentence_length,1.0,1.0,0.0,0.0,YES,0.7829945087432861,answer,"{""raw_logit_scores"": {""YES"": 6.8359375, ""NO"": 3.458984375}, ""label_bias_scores"": {""YES"": 11.3203125, ""NO"": 9.2265625}, ""corrected_scores"": {""YES"": -4.484375, ""NO"": -5.767578125}, ""scoring_mode"": ""bias_corrected_choice_logits"", ""selected_short_label"": ""YES""}"
17,EleutherAI/pythia-1b,pythia,1b,family_self,bft_eval_07,rewrite,Rewrite this rough instruction into something more useful to a teammate: 'Probably check the assumptions and logs before changing the code again.',scrambled_profile,HEDGE,hedge_density,1.0,0.0,0.0,1.0,NO,0.8933094143867493,Behavior,"{""raw_logit_scores"": {""YES"": 5.59765625, ""NO"": 5.62890625}, ""label_bias_scores"": {""YES"": 11.3203125, ""NO"": 9.2265625}, ""corrected_scores"": {""YES"": -5.72265625, ""NO"": -3.59765625}, ""scoring_mode"": ""bias_corrected_choice_logits"", ""selected_short_label"": ""NO""}"
17,EleutherAI/pythia-1b,pythia,1b,family_self,bft_eval_07,rewrite,Rewrite this rough instruction into something more useful to a teammate: 'Probably check the assumptions and logs before changing the code again.',scrambled_profile,FIRST_PERSON,first_person_rate,1.0,0.0,0.0,1.0,NO,0.8670357465744019,Behavior,"{""raw_logit_scores"": {""YES"": 5.8125, ""NO"": 5.59375}, ""label_bias_scores"": {""YES"": 11.3203125, ""NO"": 9.2265625}, ""corrected_scores"": {""YES"": -5.5078125, ""NO"": -3.6328125}, ""scoring_mode"": ""bias_corrected_choice_logits"", ""selected_short_label"": ""NO""}"
17,EleutherAI/pythia-1b,pythia,1b,family_self,bft_eval_07,rewrite,Rewrite this rough instruction into something more useful to a teammate: 'Probably check the assumptions and logs before changing the code again.',scrambled_profile,DIRECTIVE,directive_rate,1.0,0.0,1.0,0.0,NO,0.994401752948761,NO,"{""raw_logit_scores"": {""YES"": 11.265625, ""NO"": 14.3515625}, ""label_bias_scores"": {""YES"": 11.3203125, ""NO"": 9.2265625}, ""corrected_scores"": {""YES"": -0.0546875, ""NO"": 5.125}, ""scoring_mode"": ""bias_corrected_choice_logits"", ""selected_short_label"": ""NO""}"
17,EleutherAI/pythia-1b,pythia,1b,family_self,bft_eval_08,judgment,"Decide whether office hours help students mainly by clarifying content, lowering avoidance, or creating accountability, and explain your judgment.",self_profile,ELABORATE,avg_sentence_length,1.0,0.0,1.0,0.0,NO,0.5360700488090515,.,"{""raw_logit_scores"": {""YES"": 5.25, ""NO"": 3.30078125}, ""label_bias_scores"": {""YES"": 11.3203125, ""NO"": 9.2265625}, ""corrected_scores"": {""YES"": -6.0703125, ""NO"": -5.92578125}, ""scoring_mode"": ""bias_corrected_choice_logits"", ""selected_short_label"": ""NO""}"
17,EleutherAI/pythia-1b,pythia,1b,family_self,bft_eval_08,judgment,"Decide whether office hours help students mainly by clarifying content, lowering avoidance, or creating accountability, and explain your judgment.",self_profile,HEDGE,hedge_density,1.0,1.0,0.0,0.0,YES,0.7304341197013855,to,"{""raw_logit_scores"": {""YES"": 3.271484375, ""NO"": 0.180908203125}, ""label_bias_scores"": {""YES"": 11.3203125, ""NO"": 9.2265625}, ""corrected_scores"": {""YES"": -8.048828125, ""NO"": -9.045654296875}, ""scoring_mode"": ""bias_corrected_choice_logits"", ""selected_short_label"": ""YES""}"
17,EleutherAI/pythia-1b,pythia,1b,family_self,bft_eval_08,judgment,"Decide whether office hours help students mainly by clarifying content, lowering avoidance, or creating accountability, and explain your judgment.",self_profile,FIRST_PERSON,first_person_rate,1.0,1.0,1.0,1.0,YES,0.6802417039871216,to,"{""raw_logit_scores"": {""YES"": 3.15234375, ""NO"": 0.3037109375}, ""label_bias_scores"": {""YES"": 11.3203125, ""NO"": 9.2265625}, ""corrected_scores"": {""YES"": -8.16796875, ""NO"": -8.9228515625}, ""scoring_mode"": ""bias_corrected_choice_logits"", ""selected_short_label"": ""YES""}"
17,EleutherAI/pythia-1b,pythia,1b,family_self,bft_eval_08,judgment,"Decide whether office hours help students mainly by clarifying content, lowering avoidance, or creating accountability, and explain your judgment.",self_profile,DIRECTIVE,directive_rate,1.0,0.0,1.0,0.0,NO,0.8740772008895874,",","{""raw_logit_scores"": {""YES"": 8.1484375, ""NO"": 7.9921875}, ""label_bias_scores"": {""YES"": 11.3203125, ""NO"": 9.2265625}, ""corrected_scores"": {""YES"": -3.171875, ""NO"": -1.234375}, ""scoring_mode"": ""bias_corrected_choice_logits"", ""selected_short_label"": ""NO""}"
17,EleutherAI/pythia-1b,pythia,1b,family_self,bft_eval_08,judgment,"Decide whether office hours help students mainly by clarifying content, lowering avoidance, or creating accountability, and explain your judgment.",matched_decoy,ELABORATE,avg_sentence_length,1.0,0.0,1.0,0.0,NO,0.5389832258224487,.,"{""raw_logit_scores"": {""YES"": 5.25, ""NO"": 3.3125}, ""label_bias_scores"": {""YES"": 11.3203125, ""NO"": 9.2265625}, ""corrected_scores"": {""YES"": -6.0703125, ""NO"": -5.9140625}, ""scoring_mode"": ""bias_corrected_choice_logits"", ""selected_short_label"": ""NO""}"
17,EleutherAI/pythia-1b,pythia,1b,family_self,bft_eval_08,judgment,"Decide whether office hours help students mainly by clarifying content, lowering avoidance, or creating accountability, and explain your judgment.",matched_decoy,HEDGE,hedge_density,1.0,1.0,0.0,0.0,YES,0.7303619980812073,to,"{""raw_logit_scores"": {""YES"": 3.294921875, ""NO"": 0.2047119140625}, ""label_bias_scores"": {""YES"": 11.3203125, ""NO"": 9.2265625}, ""corrected_scores"": {""YES"": -8.025390625, ""NO"": -9.0218505859375}, ""scoring_mode"": ""bias_corrected_choice_logits"", ""selected_short_label"": ""YES""}"
17,EleutherAI/pythia-1b,pythia,1b,family_self,bft_eval_08,judgment,"Decide whether office hours help students mainly by clarifying content, lowering avoidance, or creating accountability, and explain your judgment.",matched_decoy,FIRST_PERSON,first_person_rate,1.0,1.0,1.0,1.0,YES,0.6773673295974731,to,"{""raw_logit_scores"": {""YES"": 3.189453125, ""NO"": 0.35400390625}, ""label_bias_scores"": {""YES"": 11.3203125, ""NO"": 9.2265625}, ""corrected_scores"": {""YES"": -8.130859375, ""NO"": -8.87255859375}, ""scoring_mode"": ""bias_corrected_choice_logits"", ""selected_short_label"": ""YES""}"
17,EleutherAI/pythia-1b,pythia,1b,family_self,bft_eval_08,judgment,"Decide whether office hours help students mainly by clarifying content, lowering avoidance, or creating accountability, and explain your judgment.",matched_decoy,DIRECTIVE,directive_rate,1.0,0.0,1.0,0.0,NO,0.8757869601249695,",","{""raw_logit_scores"": {""YES"": 8.109375, ""NO"": 7.96875}, ""label_bias_scores"": {""YES"": 11.3203125, ""NO"": 9.2265625}, ""corrected_scores"": {""YES"": -3.2109375, ""NO"": -1.2578125}, ""scoring_mode"": ""bias_corrected_choice_logits"", ""selected_short_label"": ""NO""}"
17,EleutherAI/pythia-1b,pythia,1b,family_self,bft_eval_08,judgment,"Decide whether office hours help students mainly by clarifying content, lowering avoidance, or creating accountability, and explain your judgment.",scrambled_profile,ELABORATE,avg_sentence_length,1.0,0.0,1.0,0.0,NO,0.5355842709541321,.,"{""raw_logit_scores"": {""YES"": 5.2265625, ""NO"": 3.275390625}, ""label_bias_scores"": {""YES"": 11.3203125, ""NO"": 9.2265625}, ""corrected_scores"": {""YES"": -6.09375, ""NO"": -5.951171875}, ""scoring_mode"": ""bias_corrected_choice_logits"", ""selected_short_label"": ""NO""}"
17,EleutherAI/pythia-1b,pythia,1b,family_self,bft_eval_08,judgment,"Decide whether office hours help students mainly by clarifying content, lowering avoidance, or creating accountability, and explain your judgment.",scrambled_profile,HEDGE,hedge_density,1.0,1.0,0.0,0.0,YES,0.7287241816520691,to,"{""raw_logit_scores"": {""YES"": 3.263671875, ""NO"": 0.1817626953125}, ""label_bias_scores"": {""YES"": 11.3203125, ""NO"": 9.2265625}, ""corrected_scores"": {""YES"": -8.056640625, ""NO"": -9.0447998046875}, ""scoring_mode"": ""bias_corrected_choice_logits"", ""selected_short_label"": ""YES""}"
17,EleutherAI/pythia-1b,pythia,1b,family_self,bft_eval_08,judgment,"Decide whether office hours help students mainly by clarifying content, lowering avoidance, or creating accountability, and explain your judgment.",scrambled_profile,FIRST_PERSON,first_person_rate,1.0,1.0,1.0,1.0,YES,0.6768335700035095,to,"{""raw_logit_scores"": {""YES"": 3.150390625, ""NO"": 0.3173828125}, ""label_bias_scores"": {""YES"": 11.3203125, ""NO"": 9.2265625}, ""corrected_scores"": {""YES"": -8.169921875, ""NO"": -8.9091796875}, ""scoring_mode"": ""bias_corrected_choice_logits"", ""selected_short_label"": ""YES""}"
17,EleutherAI/pythia-1b,pythia,1b,family_self,bft_eval_08,judgment,"Decide whether office hours help students mainly by clarifying content, lowering avoidance, or creating accountability, and explain your judgment.",scrambled_profile,DIRECTIVE,directive_rate,1.0,0.0,1.0,0.0,NO,0.8705973029136658,",","{""raw_logit_scores"": {""YES"": 8.1171875, ""NO"": 7.9296875}, ""label_bias_scores"": {""YES"": 11.3203125, ""NO"": 9.2265625}, ""corrected_scores"": {""YES"": -3.203125, ""NO"": -1.296875}, ""scoring_mode"": ""bias_corrected_choice_logits"", ""selected_short_label"": ""NO""}"
23,EleutherAI/pythia-1b,pythia,1b,family_self,bft_eval_01,triage,A small lab keeps discovering conflicting spreadsheet versions after each handoff. What should the team do in the next day?,self_profile,ELABORATE,avg_sentence_length,1.0,0.0,1.0,0.0,NO,0.9895108342170715,NO,"{""raw_logit_scores"": {""YES"": 11.3046875, ""NO"": 13.7578125}, ""label_bias_scores"": {""YES"": 11.3203125, ""NO"": 9.2265625}, ""corrected_scores"": {""YES"": -0.015625, ""NO"": 4.53125}, ""scoring_mode"": ""bias_corrected_choice_logits"", ""selected_short_label"": ""NO""}"
23,EleutherAI/pythia-1b,pythia,1b,family_self,bft_eval_01,triage,A small lab keeps discovering conflicting spreadsheet versions after each handoff. What should the team do in the next day?,self_profile,HEDGE,hedge_density,1.0,1.0,1.0,1.0,YES,0.5520567893981934,that,"{""raw_logit_scores"": {""YES"": 5.1484375, ""NO"": 2.845703125}, ""label_bias_scores"": {""YES"": 11.3203125, ""NO"": 9.2265625}, ""corrected_scores"": {""YES"": -6.171875, ""NO"": -6.380859375}, ""scoring_mode"": ""bias_corrected_choice_logits"", ""selected_short_label"": ""YES""}"
23,EleutherAI/pythia-1b,pythia,1b,family_self,bft_eval_01,triage,A small lab keeps discovering conflicting spreadsheet versions after each handoff. What should the team do in the next day?,self_profile,FIRST_PERSON,first_person_rate,1.0,0.0,1.0,0.0,NO,0.5161076784133911,for,"{""raw_logit_scores"": {""YES"": 5.0078125, ""NO"": 2.978515625}, ""label_bias_scores"": {""YES"": 11.3203125, ""NO"": 9.2265625}, ""corrected_scores"": {""YES"": -6.3125, ""NO"": -6.248046875}, ""scoring_mode"": ""bias_corrected_choice_logits"", ""selected_short_label"": ""NO""}"
23,EleutherAI/pythia-1b,pythia,1b,family_self,bft_eval_01,triage,A small lab keeps discovering conflicting spreadsheet versions after each handoff. What should the team do in the next day?,self_profile,DIRECTIVE,directive_rate,1.0,0.0,1.0,0.0,NO,0.7201715111732483,YES,"{""raw_logit_scores"": {""YES"": 12.1484375, ""NO"": 11.0}, ""label_bias_scores"": {""YES"": 11.3203125, ""NO"": 9.2265625}, ""corrected_scores"": {""YES"": 0.828125, ""NO"": 1.7734375}, ""scoring_mode"": ""bias_corrected_choice_logits"", ""selected_short_label"": ""NO""}"
23,EleutherAI/pythia-1b,pythia,1b,family_self,bft_eval_01,triage,A small lab keeps discovering conflicting spreadsheet versions after each handoff. What should the team do in the next day?,matched_decoy,ELABORATE,avg_sentence_length,1.0,0.0,1.0,0.0,NO,0.9775429368019104,",","{""raw_logit_scores"": {""YES"": 9.375, ""NO"": 11.0546875}, ""label_bias_scores"": {""YES"": 11.3203125, ""NO"": 9.2265625}, ""corrected_scores"": {""YES"": -1.9453125, ""NO"": 1.828125}, ""scoring_mode"": ""bias_corrected_choice_logits"", ""selected_short_label"": ""NO""}"
23,EleutherAI/pythia-1b,pythia,1b,family_self,bft_eval_01,triage,A small lab keeps discovering conflicting spreadsheet versions after each handoff. What should the team do in the next day?,matched_decoy,HEDGE,hedge_density,1.0,1.0,1.0,1.0,YES,0.8591918349266052,hed,"{""raw_logit_scores"": {""YES"": 6.9375, ""NO"": 3.03515625}, ""label_bias_scores"": {""YES"": 11.3203125, ""NO"": 9.2265625}, ""corrected_scores"": {""YES"": -4.3828125, ""NO"": -6.19140625}, ""scoring_mode"": ""bias_corrected_choice_logits"", ""selected_short_label"": ""YES""}"
23,EleutherAI/pythia-1b,pythia,1b,family_self,bft_eval_01,triage,A small lab keeps discovering conflicting spreadsheet versions after each handoff. What should the team do in the next day?,matched_decoy,FIRST_PERSON,first_person_rate,1.0,1.0,1.0,1.0,YES,0.8663588762283325,answer,"{""raw_logit_scores"": {""YES"": 7.046875, ""NO"": 3.083984375}, ""label_bias_scores"": {""YES"": 11.3203125, ""NO"": 9.2265625}, ""corrected_scores"": {""YES"": -4.2734375, ""NO"": -6.142578125}, ""scoring_mode"": ""bias_corrected_choice_logits"", ""selected_short_label"": ""YES""}"
23,EleutherAI/pythia-1b,pythia,1b,family_self,bft_eval_01,triage,A small lab keeps discovering conflicting spreadsheet versions after each handoff. What should the team do in the next day?,matched_decoy,DIRECTIVE,directive_rate,1.0,0.0,1.0,0.0,NO,0.6057990193367004,:,"{""raw_logit_scores"": {""YES"": 8.7890625, ""NO"": 7.125}, ""label_bias_scores"": {""YES"": 11.3203125, ""NO"": 9.2265625}, ""corrected_scores"": {""YES"": -2.53125, ""NO"": -2.1015625}, ""scoring_mode"": ""bias_corrected_choice_logits"", ""selected_short_label"": ""NO""}"
23,EleutherAI/pythia-1b,pythia,1b,family_self,bft_eval_01,triage,A small lab keeps discovering conflicting spreadsheet versions after each handoff. What should the team do in the next day?,scrambled_profile,ELABORATE,avg_sentence_length,1.0,0.0,1.0,0.0,NO,0.9757624268531799,",","{""raw_logit_scores"": {""YES"": 9.328125, ""NO"": 10.9296875}, ""label_bias_scores"": {""YES"": 11.3203125, ""NO"": 9.2265625}, ""corrected_scores"": {""YES"": -1.9921875, ""NO"": 1.703125}, ""scoring_mode"": ""bias_corrected_choice_logits"", ""selected_short_label"": ""NO""}"
23,EleutherAI/pythia-1b,pythia,1b,family_self,bft_eval_01,triage,A small lab keeps discovering conflicting spreadsheet versions after each handoff. What should the team do in the next day?,scrambled_profile,HEDGE,hedge_density,1.0,1.0,1.0,1.0,YES,0.8606036305427551,hed,"{""raw_logit_scores"": {""YES"": 6.90234375, ""NO"": 2.98828125}, ""label_bias_scores"": {""YES"": 11.3203125, ""NO"": 9.2265625}, ""corrected_scores"": {""YES"": -4.41796875, ""NO"": -6.23828125}, ""scoring_mode"": ""bias_corrected_choice_logits"", ""selected_short_label"": ""YES""}"
23,EleutherAI/pythia-1b,pythia,1b,family_self,bft_eval_01,triage,A small lab keeps discovering conflicting spreadsheet versions after each handoff. What should the team do in the next day?,scrambled_profile,FIRST_PERSON,first_person_rate,1.0,1.0,1.0,1.0,YES,0.8643104434013367,answer,"{""raw_logit_scores"": {""YES"": 7.00390625, ""NO"": 3.05859375}, ""label_bias_scores"": {""YES"": 11.3203125, ""NO"": 9.2265625}, ""corrected_scores"": {""YES"": -4.31640625, ""NO"": -6.16796875}, ""scoring_mode"": ""bias_corrected_choice_logits"", ""selected_short_label"": ""YES""}"
23,EleutherAI/pythia-1b,pythia,1b,family_self,bft_eval_01,triage,A small lab keeps discovering conflicting spreadsheet versions after each handoff. What should the team do in the next day?,scrambled_profile,DIRECTIVE,directive_rate,1.0,0.0,1.0,0.0,NO,0.5992506742477417,:,"{""raw_logit_scores"": {""YES"": 8.796875, ""NO"": 7.10546875}, ""label_bias_scores"": {""YES"": 11.3203125, ""NO"": 9.2265625}, ""corrected_scores"": {""YES"": -2.5234375, ""NO"": -2.12109375}, ""scoring_mode"": ""bias_corrected_choice_logits"", ""selected_short_label"": ""NO""}"
23,EleutherAI/pythia-1b,pythia,1b,family_self,bft_eval_02,critique,Give feedback on a student memo that is energetic and polite but hides the recommendation until the final line.,self_profile,ELABORATE,avg_sentence_length,1.0,0.0,1.0,0.0,NO,0.7074047327041626,,"{""raw_logit_scores"": {""YES"": 8.7734375, ""NO"": 7.5625}, ""label_bias_scores"": {""YES"": 11.3203125, ""NO"": 9.2265625}, ""corrected_scores"": {""YES"": -2.546875, ""NO"": -1.6640625}, ""scoring_mode"": ""bias_corrected_choice_logits"", ""selected_short_label"": ""NO""}"
23,EleutherAI/pythia-1b,pythia,1b,family_self,bft_eval_02,critique,Give feedback on a student memo that is energetic and polite but hides the recommendation until the final line.,self_profile,HEDGE,hedge_density,1.0,0.0,1.0,0.0,NO,0.980728805065155,",","{""raw_logit_scores"": {""YES"": 9.8828125, ""NO"": 11.71875}, ""label_bias_scores"": {""YES"": 11.3203125, ""NO"": 9.2265625}, ""corrected_scores"": {""YES"": -1.4375, ""NO"": 2.4921875}, ""scoring_mode"": ""bias_corrected_choice_logits"", ""selected_short_label"": ""NO""}"
23,EleutherAI/pythia-1b,pythia,1b,family_self,bft_eval_02,critique,Give feedback on a student memo that is energetic and polite but hides the recommendation until the final line.,self_profile,FIRST_PERSON,first_person_rate,1.0,0.0,0.0,1.0,NO,0.985496461391449,",","{""raw_logit_scores"": {""YES"": 9.625, ""NO"": 11.75}, ""label_bias_scores"": {""YES"": 11.3203125, ""NO"": 9.2265625}, ""corrected_scores"": {""YES"": -1.6953125, ""NO"": 2.5234375}, ""scoring_mode"": ""bias_corrected_choice_logits"", ""selected_short_label"": ""NO""}"
23,EleutherAI/pythia-1b,pythia,1b,family_self,bft_eval_02,critique,Give feedback on a student memo that is energetic and polite but hides the recommendation until the final line.,self_profile,DIRECTIVE,directive_rate,1.0,0.0,0.0,1.0,NO,0.700894832611084,,"{""raw_logit_scores"": {""YES"": 11.078125, ""NO"": 9.8359375}, ""label_bias_scores"": {""YES"": 11.3203125, ""NO"": 9.2265625}, ""corrected_scores"": {""YES"": -0.2421875, ""NO"": 0.609375}, ""scoring_mode"": ""bias_corrected_choice_logits"", ""selected_short_label"": ""NO""}"
23,EleutherAI/pythia-1b,pythia,1b,family_self,bft_eval_02,critique,Give feedback on a student memo that is energetic and polite but hides the recommendation until the final line.,matched_decoy,ELABORATE,avg_sentence_length,1.0,0.0,1.0,0.0,NO,0.9026095867156982,,"{""raw_logit_scores"": {""YES"": 10.171875, ""NO"": 10.3046875}, ""label_bias_scores"": {""YES"": 11.3203125, ""NO"": 9.2265625}, ""corrected_scores"": {""YES"": -1.1484375, ""NO"": 1.078125}, ""scoring_mode"": ""bias_corrected_choice_logits"", ""selected_short_label"": ""NO""}"
23,EleutherAI/pythia-1b,pythia,1b,family_self,bft_eval_02,critique,Give feedback on a student memo that is energetic and polite but hides the recommendation until the final line.,matched_decoy,HEDGE,hedge_density,1.0,0.0,1.0,0.0,NO,0.5888891220092773,,"{""raw_logit_scores"": {""YES"": 7.03125, ""NO"": 5.296875}, ""label_bias_scores"": {""YES"": 11.3203125, ""NO"": 9.2265625}, ""corrected_scores"": {""YES"": -4.2890625, ""NO"": -3.9296875}, ""scoring_mode"": ""bias_corrected_choice_logits"", ""selected_short_label"": ""NO""}"
23,EleutherAI/pythia-1b,pythia,1b,family_self,bft_eval_02,critique,Give feedback on a student memo that is energetic and polite but hides the recommendation until the final line.,matched_decoy,FIRST_PERSON,first_person_rate,1.0,0.0,0.0,1.0,NO,0.6610482335090637,,"{""raw_logit_scores"": {""YES"": 6.2734375, ""NO"": 4.84765625}, ""label_bias_scores"": {""YES"": 11.3203125, ""NO"": 9.2265625}, ""corrected_scores"": {""YES"": -5.046875, ""NO"": -4.37890625}, ""scoring_mode"": ""bias_corrected_choice_logits"", ""selected_short_label"": ""NO""}"
23,EleutherAI/pythia-1b,pythia,1b,family_self,bft_eval_02,critique,Give feedback on a student memo that is energetic and polite but hides the recommendation until the final line.,matched_decoy,DIRECTIVE,directive_rate,1.0,0.0,0.0,1.0,NO,0.66888028383255,:,"{""raw_logit_scores"": {""YES"": 5.6796875, ""NO"": 4.2890625}, ""label_bias_scores"": {""YES"": 11.3203125, ""NO"": 9.2265625}, ""corrected_scores"": {""YES"": -5.640625, ""NO"": -4.9375}, ""scoring_mode"": ""bias_corrected_choice_logits"", ""selected_short_label"": ""NO""}"
23,EleutherAI/pythia-1b,pythia,1b,family_self,bft_eval_02,critique,Give feedback on a student memo that is energetic and polite but hides the recommendation until the final line.,scrambled_profile,ELABORATE,avg_sentence_length,1.0,0.0,1.0,0.0,NO,0.9049869179725647,",","{""raw_logit_scores"": {""YES"": 7.92578125, ""NO"": 8.0859375}, ""label_bias_scores"": {""YES"": 11.3203125, ""NO"": 9.2265625}, ""corrected_scores"": {""YES"": -3.39453125, ""NO"": -1.140625}, ""scoring_mode"": ""bias_corrected_choice_logits"", ""selected_short_label"": ""NO""}"
23,EleutherAI/pythia-1b,pythia,1b,family_self,bft_eval_02,critique,Give feedback on a student memo that is energetic and polite but hides the recommendation until the final line.,scrambled_profile,HEDGE,hedge_density,1.0,0.0,1.0,0.0,NO,0.7950222492218018,the,"{""raw_logit_scores"": {""YES"": 4.74609375, ""NO"": 4.0078125}, ""label_bias_scores"": {""YES"": 11.3203125, ""NO"": 9.2265625}, ""corrected_scores"": {""YES"": -6.57421875, ""NO"": -5.21875}, ""scoring_mode"": ""bias_corrected_choice_logits"", ""selected_short_label"": ""NO""}"
23,EleutherAI/pythia-1b,pythia,1b,family_self,bft_eval_02,critique,Give feedback on a student memo that is energetic and polite but hides the recommendation until the final line.,scrambled_profile,FIRST_PERSON,first_person_rate,1.0,0.0,0.0,1.0,NO,0.7856376767158508,the,"{""raw_logit_scores"": {""YES"": 4.6015625, ""NO"": 3.806640625}, ""label_bias_scores"": {""YES"": 11.3203125, ""NO"": 9.2265625}, ""corrected_scores"": {""YES"": -6.71875, ""NO"": -5.419921875}, ""scoring_mode"": ""bias_corrected_choice_logits"", ""selected_short_label"": ""NO""}"
23,EleutherAI/pythia-1b,pythia,1b,family_self,bft_eval_02,critique,Give feedback on a student memo that is energetic and polite but hides the recommendation until the final line.,scrambled_profile,DIRECTIVE,directive_rate,1.0,0.0,0.0,1.0,NO,0.6513549089431763,,"{""raw_logit_scores"": {""YES"": 12.6875, ""NO"": 11.21875}, ""label_bias_scores"": {""YES"": 11.3203125, ""NO"": 9.2265625}, ""corrected_scores"": {""YES"": 1.3671875, ""NO"": 1.9921875}, ""scoring_mode"": ""bias_corrected_choice_logits"", ""selected_short_label"": ""NO""}"
23,EleutherAI/pythia-1b,pythia,1b,family_self,bft_eval_03,policy,Write a short policy note on how a museum team should document changes to exhibit labels during revision.,self_profile,ELABORATE,avg_sentence_length,1.0,1.0,1.0,1.0,YES,0.5409238934516907,:,"{""raw_logit_scores"": {""YES"": 8.1328125, ""NO"": 5.875}, ""label_bias_scores"": {""YES"": 11.3203125, ""NO"": 9.2265625}, ""corrected_scores"": {""YES"": -3.1875, ""NO"": -3.3515625}, ""scoring_mode"": ""bias_corrected_choice_logits"", ""selected_short_label"": ""YES""}"
23,EleutherAI/pythia-1b,pythia,1b,family_self,bft_eval_03,policy,Write a short policy note on how a museum team should document changes to exhibit labels during revision.,self_profile,HEDGE,hedge_density,1.0,0.0,0.0,1.0,NO,0.9764904975891113,NO,"{""raw_logit_scores"": {""YES"": 11.453125, ""NO"": 13.0859375}, ""label_bias_scores"": {""YES"": 11.3203125, ""NO"": 9.2265625}, ""corrected_scores"": {""YES"": 0.1328125, ""NO"": 3.859375}, ""scoring_mode"": ""bias_corrected_choice_logits"", ""selected_short_label"": ""NO""}"
23,EleutherAI/pythia-1b,pythia,1b,family_self,bft_eval_03,policy,Write a short policy note on how a museum team should document changes to exhibit labels during revision.,self_profile,FIRST_PERSON,first_person_rate,1.0,0.0,1.0,0.0,NO,0.9842154383659363,NO,"{""raw_logit_scores"": {""YES"": 12.203125, ""NO"": 14.2421875}, ""label_bias_scores"": {""YES"": 11.3203125, ""NO"": 9.2265625}, ""corrected_scores"": {""YES"": 0.8828125, ""NO"": 5.015625}, ""scoring_mode"": ""bias_corrected_choice_logits"", ""selected_short_label"": ""NO""}"
23,EleutherAI/pythia-1b,pythia,1b,family_self,bft_eval_03,policy,Write a short policy note on how a museum team should document changes to exhibit labels during revision.,self_profile,DIRECTIVE,directive_rate,1.0,0.0,1.0,0.0,NO,0.7106282711029053,,"{""raw_logit_scores"": {""YES"": 10.4140625, ""NO"": 9.21875}, ""label_bias_scores"": {""YES"": 11.3203125, ""NO"": 9.2265625}, ""corrected_scores"": {""YES"": -0.90625, ""NO"": -0.0078125}, ""scoring_mode"": ""bias_corrected_choice_logits"", ""selected_short_label"": ""NO""}"
23,EleutherAI/pythia-1b,pythia,1b,family_self,bft_eval_03,policy,Write a short policy note on how a museum team should document changes to exhibit labels during revision.,matched_decoy,ELABORATE,avg_sentence_length,1.0,0.0,1.0,0.0,NO,0.7178038358688354,,"{""raw_logit_scores"": {""YES"": 8.7890625, ""NO"": 7.62890625}, ""label_bias_scores"": {""YES"": 11.3203125, ""NO"": 9.2265625}, ""corrected_scores"": {""YES"": -2.53125, ""NO"": -1.59765625}, ""scoring_mode"": ""bias_corrected_choice_logits"", ""selected_short_label"": ""NO""}"
23,EleutherAI/pythia-1b,pythia,1b,family_self,bft_eval_03,policy,Write a short policy note on how a museum team should document changes to exhibit labels during revision.,matched_decoy,HEDGE,hedge_density,1.0,0.0,0.0,1.0,NO,0.9669140577316284,",","{""raw_logit_scores"": {""YES"": 9.609375, ""NO"": 10.890625}, ""label_bias_scores"": {""YES"": 11.3203125, ""NO"": 9.2265625}, ""corrected_scores"": {""YES"": -1.7109375, ""NO"": 1.6640625}, ""scoring_mode"": ""bias_corrected_choice_logits"", ""selected_short_label"": ""NO""}"
23,EleutherAI/pythia-1b,pythia,1b,family_self,bft_eval_03,policy,Write a short policy note on how a museum team should document changes to exhibit labels during revision.,matched_decoy,FIRST_PERSON,first_person_rate,1.0,0.0,1.0,0.0,NO,0.9785493016242981,",","{""raw_logit_scores"": {""YES"": 9.25, ""NO"": 10.9765625}, ""label_bias_scores"": {""YES"": 11.3203125, ""NO"": 9.2265625}, ""corrected_scores"": {""YES"": -2.0703125, ""NO"": 1.75}, ""scoring_mode"": ""bias_corrected_choice_logits"", ""selected_short_label"": ""NO""}"
23,EleutherAI/pythia-1b,pythia,1b,family_self,bft_eval_03,policy,Write a short policy note on how a museum team should document changes to exhibit labels during revision.,matched_decoy,DIRECTIVE,directive_rate,1.0,0.0,1.0,0.0,NO,0.7106282711029053,,"{""raw_logit_scores"": {""YES"": 10.4296875, ""NO"": 9.234375}, ""label_bias_scores"": {""YES"": 11.3203125, ""NO"": 9.2265625}, ""corrected_scores"": {""YES"": -0.890625, ""NO"": 0.0078125}, ""scoring_mode"": ""bias_corrected_choice_logits"", ""selected_short_label"": ""NO""}"
23,EleutherAI/pythia-1b,pythia,1b,family_self,bft_eval_03,policy,Write a short policy note on how a museum team should document changes to exhibit labels during revision.,scrambled_profile,ELABORATE,avg_sentence_length,1.0,1.0,1.0,1.0,YES,0.5409238934516907,:,"{""raw_logit_scores"": {""YES"": 8.0546875, ""NO"": 5.796875}, ""label_bias_scores"": {""YES"": 11.3203125, ""NO"": 9.2265625}, ""corrected_scores"": {""YES"": -3.265625, ""NO"": -3.4296875}, ""scoring_mode"": ""bias_corrected_choice_logits"", ""selected_short_label"": ""YES""}"
23,EleutherAI/pythia-1b,pythia,1b,family_self,bft_eval_03,policy,Write a short policy note on how a museum team should document changes to exhibit labels during revision.,scrambled_profile,HEDGE,hedge_density,1.0,0.0,0.0,1.0,NO,0.9768466353416443,NO,"{""raw_logit_scores"": {""YES"": 11.359375, ""NO"": 13.0078125}, ""label_bias_scores"": {""YES"": 11.3203125, ""NO"": 9.2265625}, ""corrected_scores"": {""YES"": 0.0390625, ""NO"": 3.78125}, ""scoring_mode"": ""bias_corrected_choice_logits"", ""selected_short_label"": ""NO""}"
23,EleutherAI/pythia-1b,pythia,1b,family_self,bft_eval_03,policy,Write a short policy note on how a museum team should document changes to exhibit labels during revision.,scrambled_profile,FIRST_PERSON,first_person_rate,1.0,0.0,1.0,0.0,NO,0.9839708209037781,NO,"{""raw_logit_scores"": {""YES"": 12.125, ""NO"": 14.1484375}, ""label_bias_scores"": {""YES"": 11.3203125, ""NO"": 9.2265625}, ""corrected_scores"": {""YES"": 0.8046875, ""NO"": 4.921875}, ""scoring_mode"": ""bias_corrected_choice_logits"", ""selected_short_label"": ""NO""}"
23,EleutherAI/pythia-1b,pythia,1b,family_self,bft_eval_03,policy,Write a short policy note on how a museum team should document changes to exhibit labels during revision.,scrambled_profile,DIRECTIVE,directive_rate,1.0,0.0,1.0,0.0,NO,0.7074047327041626,,"{""raw_logit_scores"": {""YES"": 10.2734375, ""NO"": 9.0625}, ""label_bias_scores"": {""YES"": 11.3203125, ""NO"": 9.2265625}, ""corrected_scores"": {""YES"": -1.046875, ""NO"": -0.1640625}, ""scoring_mode"": ""bias_corrected_choice_logits"", ""selected_short_label"": ""NO""}"
23,EleutherAI/pythia-1b,pythia,1b,family_self,bft_eval_04,diagnosis,Diagnose why a paragraph feels intelligent and informed but still fails to tell the reader what matters most.,self_profile,ELABORATE,avg_sentence_length,1.0,0.0,1.0,0.0,NO,0.7302899360656738,,"{""raw_logit_scores"": {""YES"": 8.8515625, ""NO"": 7.75390625}, ""label_bias_scores"": {""YES"": 11.3203125, ""NO"": 9.2265625}, ""corrected_scores"": {""YES"": -2.46875, ""NO"": -1.47265625}, ""scoring_mode"": ""bias_corrected_choice_logits"", ""selected_short_label"": ""NO""}"
23,EleutherAI/pythia-1b,pythia,1b,family_self,bft_eval_04,diagnosis,Diagnose why a paragraph feels intelligent and informed but still fails to tell the reader what matters most.,self_profile,HEDGE,hedge_density,1.0,0.0,0.0,1.0,NO,0.9773707389831543,",","{""raw_logit_scores"": {""YES"": 9.6171875, ""NO"": 11.2890625}, ""label_bias_scores"": {""YES"": 11.3203125, ""NO"": 9.2265625}, ""corrected_scores"": {""YES"": -1.703125, ""NO"": 2.0625}, ""scoring_mode"": ""bias_corrected_choice_logits"", ""selected_short_label"": ""NO""}"
23,EleutherAI/pythia-1b,pythia,1b,family_self,bft_eval_04,diagnosis,Diagnose why a paragraph feels intelligent and informed but still fails to tell the reader what matters most.,self_profile,FIRST_PERSON,first_person_rate,1.0,0.0,0.0,1.0,NO,0.9810219407081604,",","{""raw_logit_scores"": {""YES"": 9.4765625, ""NO"": 11.328125}, ""label_bias_scores"": {""YES"": 11.3203125, ""NO"": 9.2265625}, ""corrected_scores"": {""YES"": -1.84375, ""NO"": 2.1015625}, ""scoring_mode"": ""bias_corrected_choice_logits"", ""selected_short_label"": ""NO""}"
23,EleutherAI/pythia-1b,pythia,1b,family_self,bft_eval_04,diagnosis,Diagnose why a paragraph feels intelligent and informed but still fails to tell the reader what matters most.,self_profile,DIRECTIVE,directive_rate,1.0,0.0,0.0,1.0,NO,0.6842640042304993,,"{""raw_logit_scores"": {""YES"": 10.8828125, ""NO"": 9.5625}, ""label_bias_scores"": {""YES"": 11.3203125, ""NO"": 9.2265625}, ""corrected_scores"": {""YES"": -0.4375, ""NO"": 0.3359375}, ""scoring_mode"": ""bias_corrected_choice_logits"", ""selected_short_label"": ""NO""}"
23,EleutherAI/pythia-1b,pythia,1b,family_self,bft_eval_04,diagnosis,Diagnose why a paragraph feels intelligent and informed but still fails to tell the reader what matters most.,matched_decoy,ELABORATE,avg_sentence_length,1.0,0.0,1.0,0.0,NO,0.9019206762313843,,"{""raw_logit_scores"": {""YES"": 10.359375, ""NO"": 10.484375}, ""label_bias_scores"": {""YES"": 11.3203125, ""NO"": 9.2265625}, ""corrected_scores"": {""YES"": -0.9609375, ""NO"": 1.2578125}, ""scoring_mode"": ""bias_corrected_choice_logits"", ""selected_short_label"": ""NO""}"
23,EleutherAI/pythia-1b,pythia,1b,family_self,bft_eval_04,diagnosis,Diagnose why a paragraph feels intelligent and informed but still fails to tell the reader what matters most.,matched_decoy,HEDGE,hedge_density,1.0,0.0,0.0,1.0,NO,0.6306849718093872,,"{""raw_logit_scores"": {""YES"": 6.05859375, ""NO"": 4.5}, ""label_bias_scores"": {""YES"": 11.3203125, ""NO"": 9.2265625}, ""corrected_scores"": {""YES"": -5.26171875, ""NO"": -4.7265625}, ""scoring_mode"": ""bias_corrected_choice_logits"", ""selected_short_label"": ""NO""}"
23,EleutherAI/pythia-1b,pythia,1b,family_self,bft_eval_04,diagnosis,Diagnose why a paragraph feels intelligent and informed but still fails to tell the reader what matters most.,matched_decoy,FIRST_PERSON,first_person_rate,1.0,0.0,0.0,1.0,NO,0.7041601538658142,,"{""raw_logit_scores"": {""YES"": 5.3125, ""NO"": 4.0859375}, ""label_bias_scores"": {""YES"": 11.3203125, ""NO"": 9.2265625}, ""corrected_scores"": {""YES"": -6.0078125, ""NO"": -5.140625}, ""scoring_mode"": ""bias_corrected_choice_logits"", ""selected_short_label"": ""NO""}"
23,EleutherAI/pythia-1b,pythia,1b,family_self,bft_eval_04,diagnosis,Diagnose why a paragraph feels intelligent and informed but still fails to tell the reader what matters most.,matched_decoy,DIRECTIVE,directive_rate,1.0,0.0,0.0,1.0,NO,0.6834195256233215,:,"{""raw_logit_scores"": {""YES"": 5.37890625, ""NO"": 4.0546875}, ""label_bias_scores"": {""YES"": 11.3203125, ""NO"": 9.2265625}, ""corrected_scores"": {""YES"": -5.94140625, ""NO"": -5.171875}, ""scoring_mode"": ""bias_corrected_choice_logits"", ""selected_short_label"": ""NO""}"
23,EleutherAI/pythia-1b,pythia,1b,family_self,bft_eval_04,diagnosis,Diagnose why a paragraph feels intelligent and informed but still fails to tell the reader what matters most.,scrambled_profile,ELABORATE,avg_sentence_length,1.0,0.0,1.0,0.0,NO,0.7386690378189087,,"{""raw_logit_scores"": {""YES"": 8.6953125, ""NO"": 7.640625}, ""label_bias_scores"": {""YES"": 11.3203125, ""NO"": 9.2265625}, ""corrected_scores"": {""YES"": -2.625, ""NO"": -1.5859375}, ""scoring_mode"": ""bias_corrected_choice_logits"", ""selected_short_label"": ""NO""}"
23,EleutherAI/pythia-1b,pythia,1b,family_self,bft_eval_04,diagnosis,Diagnose why a paragraph feels intelligent and informed but still fails to tell the reader what matters most.,scrambled_profile,HEDGE,hedge_density,1.0,0.0,0.0,1.0,NO,0.9768466353416443,",","{""raw_logit_scores"": {""YES"": 9.5546875, ""NO"": 11.203125}, ""label_bias_scores"": {""YES"": 11.3203125, ""NO"": 9.2265625}, ""corrected_scores"": {""YES"": -1.765625, ""NO"": 1.9765625}, ""scoring_mode"": ""bias_corrected_choice_logits"", ""selected_short_label"": ""NO""}"
23,EleutherAI/pythia-1b,pythia,1b,family_self,bft_eval_04,diagnosis,Diagnose why a paragraph feels intelligent and informed but still fails to tell the reader what matters most.,scrambled_profile,FIRST_PERSON,first_person_rate,1.0,0.0,0.0,1.0,NO,0.9801293015480042,",","{""raw_logit_scores"": {""YES"": 9.40625, ""NO"": 11.2109375}, ""label_bias_scores"": {""YES"": 11.3203125, ""NO"": 9.2265625}, ""corrected_scores"": {""YES"": -1.9140625, ""NO"": 1.984375}, ""scoring_mode"": ""bias_corrected_choice_logits"", ""selected_short_label"": ""NO""}"
23,EleutherAI/pythia-1b,pythia,1b,family_self,bft_eval_04,diagnosis,Diagnose why a paragraph feels intelligent and informed but still fails to tell the reader what matters most.,scrambled_profile,DIRECTIVE,directive_rate,1.0,0.0,0.0,1.0,NO,0.6909762620925903,,"{""raw_logit_scores"": {""YES"": 10.84375, ""NO"": 9.5546875}, ""label_bias_scores"": {""YES"": 11.3203125, ""NO"": 9.2265625}, ""corrected_scores"": {""YES"": -0.4765625, ""NO"": 0.328125}, ""scoring_mode"": ""bias_corrected_choice_logits"", ""selected_short_label"": ""NO""}"
23,EleutherAI/pythia-1b,pythia,1b,family_self,bft_eval_05,comparison,Compare an internal checklist and a polished postmortem as tools for preventing the same operational mistake twice.,self_profile,ELABORATE,avg_sentence_length,1.0,0.0,1.0,0.0,NO,0.5583270192146301,:,"{""raw_logit_scores"": {""YES"": 8.359375, ""NO"": 6.5}, ""label_bias_scores"": {""YES"": 11.3203125, ""NO"": 9.2265625}, ""corrected_scores"": {""YES"": -2.9609375, ""NO"": -2.7265625}, ""scoring_mode"": ""bias_corrected_choice_logits"", ""selected_short_label"": ""NO""}"
23,EleutherAI/pythia-1b,pythia,1b,family_self,bft_eval_05,comparison,Compare an internal checklist and a polished postmortem as tools for preventing the same operational mistake twice.,self_profile,HEDGE,hedge_density,1.0,0.0,1.0,0.0,NO,0.9865716695785522,NO,"{""raw_logit_scores"": {""YES"": 11.6171875, ""NO"": 13.8203125}, ""label_bias_scores"": {""YES"": 11.3203125, ""NO"": 9.2265625}, ""corrected_scores"": {""YES"": 0.296875, ""NO"": 4.59375}, ""scoring_mode"": ""bias_corrected_choice_logits"", ""selected_short_label"": ""NO""}"
23,EleutherAI/pythia-1b,pythia,1b,family_self,bft_eval_05,comparison,Compare an internal checklist and a polished postmortem as tools for preventing the same operational mistake twice.,self_profile,FIRST_PERSON,first_person_rate,1.0,0.0,1.0,0.0,NO,0.9895108342170715,NO,"{""raw_logit_scores"": {""YES"": 12.6171875, ""NO"": 15.0703125}, ""label_bias_scores"": {""YES"": 11.3203125, ""NO"": 9.2265625}, ""corrected_scores"": {""YES"": 1.296875, ""NO"": 5.84375}, ""scoring_mode"": ""bias_corrected_choice_logits"", ""selected_short_label"": ""NO""}"
23,EleutherAI/pythia-1b,pythia,1b,family_self,bft_eval_05,comparison,Compare an internal checklist and a polished postmortem as tools for preventing the same operational mistake twice.,self_profile,DIRECTIVE,directive_rate,1.0,0.0,1.0,0.0,NO,0.7341195344924927,,"{""raw_logit_scores"": {""YES"": 10.5078125, ""NO"": 9.4296875}, ""label_bias_scores"": {""YES"": 11.3203125, ""NO"": 9.2265625}, ""corrected_scores"": {""YES"": -0.8125, ""NO"": 0.203125}, ""scoring_mode"": ""bias_corrected_choice_logits"", ""selected_short_label"": ""NO""}"
23,EleutherAI/pythia-1b,pythia,1b,family_self,bft_eval_05,comparison,Compare an internal checklist and a polished postmortem as tools for preventing the same operational mistake twice.,matched_decoy,ELABORATE,avg_sentence_length,1.0,0.0,1.0,0.0,NO,0.7786493301391602,,"{""raw_logit_scores"": {""YES"": 8.5234375, ""NO"": 7.6875}, ""label_bias_scores"": {""YES"": 11.3203125, ""NO"": 9.2265625}, ""corrected_scores"": {""YES"": -2.796875, ""NO"": -1.5390625}, ""scoring_mode"": ""bias_corrected_choice_logits"", ""selected_short_label"": ""NO""}"
23,EleutherAI/pythia-1b,pythia,1b,family_self,bft_eval_05,comparison,Compare an internal checklist and a polished postmortem as tools for preventing the same operational mistake twice.,matched_decoy,HEDGE,hedge_density,1.0,0.0,1.0,0.0,NO,0.974628746509552,",","{""raw_logit_scores"": {""YES"": 9.6796875, ""NO"": 11.234375}, ""label_bias_scores"": {""YES"": 11.3203125, ""NO"": 9.2265625}, ""corrected_scores"": {""YES"": -1.640625, ""NO"": 2.0078125}, ""scoring_mode"": ""bias_corrected_choice_logits"", ""selected_short_label"": ""NO""}"
23,EleutherAI/pythia-1b,pythia,1b,family_self,bft_eval_05,comparison,Compare an internal checklist and a polished postmortem as tools for preventing the same operational mistake twice.,matched_decoy,FIRST_PERSON,first_person_rate,1.0,0.0,1.0,0.0,NO,0.9822876453399658,",","{""raw_logit_scores"": {""YES"": 9.328125, ""NO"": 11.25}, ""label_bias_scores"": {""YES"": 11.3203125, ""NO"": 9.2265625}, ""corrected_scores"": {""YES"": -1.9921875, ""NO"": 2.0234375}, ""scoring_mode"": ""bias_corrected_choice_logits"", ""selected_short_label"": ""NO""}"
23,EleutherAI/pythia-1b,pythia,1b,family_self,bft_eval_05,comparison,Compare an internal checklist and a polished postmortem as tools for preventing the same operational mistake twice.,matched_decoy,DIRECTIVE,directive_rate,1.0,0.0,1.0,0.0,NO,0.7341195344924927,,"{""raw_logit_scores"": {""YES"": 10.5078125, ""NO"": 9.4296875}, ""label_bias_scores"": {""YES"": 11.3203125, ""NO"": 9.2265625}, ""corrected_scores"": {""YES"": -0.8125, ""NO"": 0.203125}, ""scoring_mode"": ""bias_corrected_choice_logits"", ""selected_short_label"": ""NO""}"
23,EleutherAI/pythia-1b,pythia,1b,family_self,bft_eval_05,comparison,Compare an internal checklist and a polished postmortem as tools for preventing the same operational mistake twice.,scrambled_profile,ELABORATE,avg_sentence_length,1.0,0.0,1.0,0.0,NO,0.5631377696990967,:,"{""raw_logit_scores"": {""YES"": 8.375, ""NO"": 6.53515625}, ""label_bias_scores"": {""YES"": 11.3203125, ""NO"": 9.2265625}, ""corrected_scores"": {""YES"": -2.9453125, ""NO"": -2.69140625}, ""scoring_mode"": ""bias_corrected_choice_logits"", ""selected_short_label"": ""NO""}"
23,EleutherAI/pythia-1b,pythia,1b,family_self,bft_eval_05,comparison,Compare an internal checklist and a polished postmortem as tools for preventing the same operational mistake twice.,scrambled_profile,HEDGE,hedge_density,1.0,0.0,1.0,0.0,NO,0.986151397228241,NO,"{""raw_logit_scores"": {""YES"": 11.515625, ""NO"": 13.6875}, ""label_bias_scores"": {""YES"": 11.3203125, ""NO"": 9.2265625}, ""corrected_scores"": {""YES"": 0.1953125, ""NO"": 4.4609375}, ""scoring_mode"": ""bias_corrected_choice_logits"", ""selected_short_label"": ""NO""}"
23,EleutherAI/pythia-1b,pythia,1b,family_self,bft_eval_05,comparison,Compare an internal checklist and a polished postmortem as tools for preventing the same operational mistake twice.,scrambled_profile,FIRST_PERSON,first_person_rate,1.0,0.0,1.0,0.0,NO,0.9887554049491882,NO,"{""raw_logit_scores"": {""YES"": 12.5390625, ""NO"": 14.921875}, ""label_bias_scores"": {""YES"": 11.3203125, ""NO"": 9.2265625}, ""corrected_scores"": {""YES"": 1.21875, ""NO"": 5.6953125}, ""scoring_mode"": ""bias_corrected_choice_logits"", ""selected_short_label"": ""NO""}"
23,EleutherAI/pythia-1b,pythia,1b,family_self,bft_eval_05,comparison,Compare an internal checklist and a polished postmortem as tools for preventing the same operational mistake twice.,scrambled_profile,DIRECTIVE,directive_rate,1.0,0.0,1.0,0.0,NO,0.735641598701477,,"{""raw_logit_scores"": {""YES"": 10.453125, ""NO"": 9.3828125}, ""label_bias_scores"": {""YES"": 11.3203125, ""NO"": 9.2265625}, ""corrected_scores"": {""YES"": -0.8671875, ""NO"": 0.15625}, ""scoring_mode"": ""bias_corrected_choice_logits"", ""selected_short_label"": ""NO""}"
23,EleutherAI/pythia-1b,pythia,1b,family_self,bft_eval_06,planning,Sketch a short plan for helping a student narrow a thesis topic without draining the curiosity out of it.,self_profile,ELABORATE,avg_sentence_length,1.0,0.0,1.0,0.0,NO,0.9092645049095154,,"{""raw_logit_scores"": {""YES"": 10.171875, ""NO"": 10.3828125}, ""label_bias_scores"": {""YES"": 11.3203125, ""NO"": 9.2265625}, ""corrected_scores"": {""YES"": -1.1484375, ""NO"": 1.15625}, ""scoring_mode"": ""bias_corrected_choice_logits"", ""selected_short_label"": ""NO""}"
23,EleutherAI/pythia-1b,pythia,1b,family_self,bft_eval_06,planning,Sketch a short plan for helping a student narrow a thesis topic without draining the curiosity out of it.,self_profile,HEDGE,hedge_density,1.0,0.0,0.0,1.0,NO,0.6680145263671875,,"{""raw_logit_scores"": {""YES"": 6.26953125, ""NO"": 4.875}, ""label_bias_scores"": {""YES"": 11.3203125, ""NO"": 9.2265625}, ""corrected_scores"": {""YES"": -5.05078125, ""NO"": -4.3515625}, ""scoring_mode"": ""bias_corrected_choice_logits"", ""selected_short_label"": ""NO""}"
23,EleutherAI/pythia-1b,pythia,1b,family_self,bft_eval_06,planning,Sketch a short plan for helping a student narrow a thesis topic without draining the curiosity out of it.,self_profile,FIRST_PERSON,first_person_rate,1.0,0.0,1.0,0.0,NO,0.7318258881568909,,"{""raw_logit_scores"": {""YES"": 5.6171875, ""NO"": 4.52734375}, ""label_bias_scores"": {""YES"": 11.3203125, ""NO"": 9.2265625}, ""corrected_scores"": {""YES"": -5.703125, ""NO"": -4.69921875}, ""scoring_mode"": ""bias_corrected_choice_logits"", ""selected_short_label"": ""NO""}"
23,EleutherAI/pythia-1b,pythia,1b,family_self,bft_eval_06,planning,Sketch a short plan for helping a student narrow a thesis topic without draining the curiosity out of it.,self_profile,DIRECTIVE,directive_rate,1.0,0.0,0.0,1.0,NO,0.7106282711029053,:,"{""raw_logit_scores"": {""YES"": 5.2890625, ""NO"": 4.09375}, ""label_bias_scores"": {""YES"": 11.3203125, ""NO"": 9.2265625}, ""corrected_scores"": {""YES"": -6.03125, ""NO"": -5.1328125}, ""scoring_mode"": ""bias_corrected_choice_logits"", ""selected_short_label"": ""NO""}"
23,EleutherAI/pythia-1b,pythia,1b,family_self,bft_eval_06,planning,Sketch a short plan for helping a student narrow a thesis topic without draining the curiosity out of it.,matched_decoy,ELABORATE,avg_sentence_length,1.0,0.0,1.0,0.0,NO,0.914290726184845,",","{""raw_logit_scores"": {""YES"": 7.8125, ""NO"": 8.0859375}, ""label_bias_scores"": {""YES"": 11.3203125, ""NO"": 9.2265625}, ""corrected_scores"": {""YES"": -3.5078125, ""NO"": -1.140625}, ""scoring_mode"": ""bias_corrected_choice_logits"", ""selected_short_label"": ""NO""}"
23,EleutherAI/pythia-1b,pythia,1b,family_self,bft_eval_06,planning,Sketch a short plan for helping a student narrow a thesis topic without draining the curiosity out of it.,matched_decoy,HEDGE,hedge_density,1.0,0.0,0.0,1.0,NO,0.8330531716346741,the,"{""raw_logit_scores"": {""YES"": 4.31640625, ""NO"": 3.830078125}, ""label_bias_scores"": {""YES"": 11.3203125, ""NO"": 9.2265625}, ""corrected_scores"": {""YES"": -7.00390625, ""NO"": -5.396484375}, ""scoring_mode"": ""bias_corrected_choice_logits"", ""selected_short_label"": ""NO""}"
23,EleutherAI/pythia-1b,pythia,1b,family_self,bft_eval_06,planning,Sketch a short plan for helping a student narrow a thesis topic without draining the curiosity out of it.,matched_decoy,FIRST_PERSON,first_person_rate,1.0,0.0,1.0,0.0,NO,0.8365545868873596,the,"{""raw_logit_scores"": {""YES"": 4.15234375, ""NO"": 3.69140625}, ""label_bias_scores"": {""YES"": 11.3203125, ""NO"": 9.2265625}, ""corrected_scores"": {""YES"": -7.16796875, ""NO"": -5.53515625}, ""scoring_mode"": ""bias_corrected_choice_logits"", ""selected_short_label"": ""NO""}"
23,EleutherAI/pythia-1b,pythia,1b,family_self,bft_eval_06,planning,Sketch a short plan for helping a student narrow a thesis topic without draining the curiosity out of it.,matched_decoy,DIRECTIVE,directive_rate,1.0,0.0,0.0,1.0,NO,0.6842640042304993,,"{""raw_logit_scores"": {""YES"": 12.3671875, ""NO"": 11.046875}, ""label_bias_scores"": {""YES"": 11.3203125, ""NO"": 9.2265625}, ""corrected_scores"": {""YES"": 1.046875, ""NO"": 1.8203125}, ""scoring_mode"": ""bias_corrected_choice_logits"", ""selected_short_label"": ""NO""}"
23,EleutherAI/pythia-1b,pythia,1b,family_self,bft_eval_06,planning,Sketch a short plan for helping a student narrow a thesis topic without draining the curiosity out of it.,scrambled_profile,ELABORATE,avg_sentence_length,1.0,0.0,1.0,0.0,NO,0.9111796617507935,,"{""raw_logit_scores"": {""YES"": 10.0625, ""NO"": 10.296875}, ""label_bias_scores"": {""YES"": 11.3203125, ""NO"": 9.2265625}, ""corrected_scores"": {""YES"": -1.2578125, ""NO"": 1.0703125}, ""scoring_mode"": ""bias_corrected_choice_logits"", ""selected_short_label"": ""NO""}"
23,EleutherAI/pythia-1b,pythia,1b,family_self,bft_eval_06,planning,Sketch a short plan for helping a student narrow a thesis topic without draining the curiosity out of it.,scrambled_profile,HEDGE,hedge_density,1.0,0.0,0.0,1.0,NO,0.671470582485199,,"{""raw_logit_scores"": {""YES"": 6.27734375, ""NO"": 4.8984375}, ""label_bias_scores"": {""YES"": 11.3203125, ""NO"": 9.2265625}, ""corrected_scores"": {""YES"": -5.04296875, ""NO"": -4.328125}, ""scoring_mode"": ""bias_corrected_choice_logits"", ""selected_short_label"": ""NO""}"
23,EleutherAI/pythia-1b,pythia,1b,family_self,bft_eval_06,planning,Sketch a short plan for helping a student narrow a thesis topic without draining the curiosity out of it.,scrambled_profile,FIRST_PERSON,first_person_rate,1.0,0.0,1.0,0.0,NO,0.7394223809242249,,"{""raw_logit_scores"": {""YES"": 5.6328125, ""NO"": 4.58203125}, ""label_bias_scores"": {""YES"": 11.3203125, ""NO"": 9.2265625}, ""corrected_scores"": {""YES"": -5.6875, ""NO"": -4.64453125}, ""scoring_mode"": ""bias_corrected_choice_logits"", ""selected_short_label"": ""NO""}"
23,EleutherAI/pythia-1b,pythia,1b,family_self,bft_eval_06,planning,Sketch a short plan for helping a student narrow a thesis topic without draining the curiosity out of it.,scrambled_profile,DIRECTIVE,directive_rate,1.0,0.0,0.0,1.0,NO,0.7138307690620422,:,"{""raw_logit_scores"": {""YES"": 5.26953125, ""NO"": 4.08984375}, ""label_bias_scores"": {""YES"": 11.3203125, ""NO"": 9.2265625}, ""corrected_scores"": {""YES"": -6.05078125, ""NO"": -5.13671875}, ""scoring_mode"": ""bias_corrected_choice_logits"", ""selected_short_label"": ""NO""}"
23,EleutherAI/pythia-1b,pythia,1b,family_self,bft_eval_07,rewrite,Rewrite this rough instruction into something more useful to a teammate: 'Probably check the assumptions and logs before changing the code again.',self_profile,ELABORATE,avg_sentence_length,1.0,0.0,1.0,0.0,NO,0.7813306450843811,the,"{""raw_logit_scores"": {""YES"": 4.2265625, ""NO"": 3.40625}, ""label_bias_scores"": {""YES"": 11.3203125, ""NO"": 9.2265625}, ""corrected_scores"": {""YES"": -7.09375, ""NO"": -5.8203125}, ""scoring_mode"": ""bias_corrected_choice_logits"", ""selected_short_label"": ""NO""}"
23,EleutherAI/pythia-1b,pythia,1b,family_self,bft_eval_07,rewrite,Rewrite this rough instruction into something more useful to a teammate: 'Probably check the assumptions and logs before changing the code again.',self_profile,HEDGE,hedge_density,1.0,1.0,1.0,1.0,YES,0.5126925706863403,:,"{""raw_logit_scores"": {""YES"": 6.54296875, ""NO"": 4.3984375}, ""label_bias_scores"": {""YES"": 11.3203125, ""NO"": 9.2265625}, ""corrected_scores"": {""YES"": -4.77734375, ""NO"": -4.828125}, ""scoring_mode"": ""bias_corrected_choice_logits"", ""selected_short_label"": ""YES""}"
23,EleutherAI/pythia-1b,pythia,1b,family_self,bft_eval_07,rewrite,Rewrite this rough instruction into something more useful to a teammate: 'Probably check the assumptions and logs before changing the code again.',self_profile,FIRST_PERSON,first_person_rate,1.0,1.0,1.0,1.0,YES,0.5640984773635864,:,"{""raw_logit_scores"": {""YES"": 6.70703125, ""NO"": 4.35546875}, ""label_bias_scores"": {""YES"": 11.3203125, ""NO"": 9.2265625}, ""corrected_scores"": {""YES"": -4.61328125, ""NO"": -4.87109375}, ""scoring_mode"": ""bias_corrected_choice_logits"", ""selected_short_label"": ""YES""}"
23,EleutherAI/pythia-1b,pythia,1b,family_self,bft_eval_07,rewrite,Rewrite this rough instruction into something more useful to a teammate: 'Probably check the assumptions and logs before changing the code again.',self_profile,DIRECTIVE,directive_rate,1.0,0.0,1.0,0.0,NO,0.9207897186279297,,"{""raw_logit_scores"": {""YES"": 9.5703125, ""NO"": 9.9296875}, ""label_bias_scores"": {""YES"": 11.3203125, ""NO"": 9.2265625}, ""corrected_scores"": {""YES"": -1.75, ""NO"": 0.703125}, ""scoring_mode"": ""bias_corrected_choice_logits"", ""selected_short_label"": ""NO""}"
23,EleutherAI/pythia-1b,pythia,1b,family_self,bft_eval_07,rewrite,Rewrite this rough instruction into something more useful to a teammate: 'Probably check the assumptions and logs before changing the code again.',matched_decoy,ELABORATE,avg_sentence_length,1.0,0.0,1.0,0.0,NO,0.5117166042327881,:,"{""raw_logit_scores"": {""YES"": 4.640625, ""NO"": 2.59375}, ""label_bias_scores"": {""YES"": 11.3203125, ""NO"": 9.2265625}, ""corrected_scores"": {""YES"": -6.6796875, ""NO"": -6.6328125}, ""scoring_mode"": ""bias_corrected_choice_logits"", ""selected_short_label"": ""NO""}"
23,EleutherAI/pythia-1b,pythia,1b,family_self,bft_eval_07,rewrite,Rewrite this rough instruction into something more useful to a teammate: 'Probably check the assumptions and logs before changing the code again.',matched_decoy,HEDGE,hedge_density,1.0,1.0,1.0,1.0,YES,0.7835953831672668,to,"{""raw_logit_scores"": {""YES"": 3.171875, ""NO"": -0.2086181640625}, ""label_bias_scores"": {""YES"": 11.3203125, ""NO"": 9.2265625}, ""corrected_scores"": {""YES"": -8.1484375, ""NO"": -9.4351806640625}, ""scoring_mode"": ""bias_corrected_choice_logits"", ""selected_short_label"": ""YES""}"
23,EleutherAI/pythia-1b,pythia,1b,family_self,bft_eval_07,rewrite,Rewrite this rough instruction into something more useful to a teammate: 'Probably check the assumptions and logs before changing the code again.',matched_decoy,FIRST_PERSON,first_person_rate,1.0,1.0,1.0,1.0,YES,0.739069402217865,to,"{""raw_logit_scores"": {""YES"": 3.009765625, ""NO"": -0.1251220703125}, ""label_bias_scores"": {""YES"": 11.3203125, ""NO"": 9.2265625}, ""corrected_scores"": {""YES"": -8.310546875, ""NO"": -9.3516845703125}, ""scoring_mode"": ""bias_corrected_choice_logits"", ""selected_short_label"": ""YES""}"
23,EleutherAI/pythia-1b,pythia,1b,family_self,bft_eval_07,rewrite,Rewrite this rough instruction into something more useful to a teammate: 'Probably check the assumptions and logs before changing the code again.',matched_decoy,DIRECTIVE,directive_rate,1.0,0.0,1.0,0.0,NO,0.8868131041526794,",","{""raw_logit_scores"": {""YES"": 7.79296875, ""NO"": 7.7578125}, ""label_bias_scores"": {""YES"": 11.3203125, ""NO"": 9.2265625}, ""corrected_scores"": {""YES"": -3.52734375, ""NO"": -1.46875}, ""scoring_mode"": ""bias_corrected_choice_logits"", ""selected_short_label"": ""NO""}"
23,EleutherAI/pythia-1b,pythia,1b,family_self,bft_eval_07,rewrite,Rewrite this rough instruction into something more useful to a teammate: 'Probably check the assumptions and logs before changing the code again.',scrambled_profile,ELABORATE,avg_sentence_length,1.0,0.0,1.0,0.0,NO,0.7889086008071899,the,"{""raw_logit_scores"": {""YES"": 4.13671875, ""NO"": 3.361328125}, ""label_bias_scores"": {""YES"": 11.3203125, ""NO"": 9.2265625}, ""corrected_scores"": {""YES"": -7.18359375, ""NO"": -5.865234375}, ""scoring_mode"": ""bias_corrected_choice_logits"", ""selected_short_label"": ""NO""}"
23,EleutherAI/pythia-1b,pythia,1b,family_self,bft_eval_07,rewrite,Rewrite this rough instruction into something more useful to a teammate: 'Probably check the assumptions and logs before changing the code again.',scrambled_profile,HEDGE,hedge_density,1.0,1.0,1.0,1.0,YES,0.5107405185699463,:,"{""raw_logit_scores"": {""YES"": 6.5078125, ""NO"": 4.37109375}, ""label_bias_scores"": {""YES"": 11.3203125, ""NO"": 9.2265625}, ""corrected_scores"": {""YES"": -4.8125, ""NO"": -4.85546875}, ""scoring_mode"": ""bias_corrected_choice_logits"", ""selected_short_label"": ""YES""}"
23,EleutherAI/pythia-1b,pythia,1b,family_self,bft_eval_07,rewrite,Rewrite this rough instruction into something more useful to a teammate: 'Probably check the assumptions and logs before changing the code again.',scrambled_profile,FIRST_PERSON,first_person_rate,1.0,1.0,1.0,1.0,YES,0.5573635101318359,:,"{""raw_logit_scores"": {""YES"": 6.64453125, ""NO"": 4.3203125}, ""label_bias_scores"": {""YES"": 11.3203125, ""NO"": 9.2265625}, ""corrected_scores"": {""YES"": -4.67578125, ""NO"": -4.90625}, ""scoring_mode"": ""bias_corrected_choice_logits"", ""selected_short_label"": ""YES""}"
23,EleutherAI/pythia-1b,pythia,1b,family_self,bft_eval_07,rewrite,Rewrite this rough instruction into something more useful to a teammate: 'Probably check the assumptions and logs before changing the code again.',scrambled_profile,DIRECTIVE,directive_rate,1.0,0.0,1.0,0.0,NO,0.9213575720787048,,"{""raw_logit_scores"": {""YES"": 9.5078125, ""NO"": 9.875}, ""label_bias_scores"": {""YES"": 11.3203125, ""NO"": 9.2265625}, ""corrected_scores"": {""YES"": -1.8125, ""NO"": 0.6484375}, ""scoring_mode"": ""bias_corrected_choice_logits"", ""selected_short_label"": ""NO""}"
23,EleutherAI/pythia-1b,pythia,1b,family_self,bft_eval_08,judgment,"Decide whether office hours help students mainly by clarifying content, lowering avoidance, or creating accountability, and explain your judgment.",self_profile,ELABORATE,avg_sentence_length,1.0,0.0,1.0,0.0,NO,0.6486889719963074,,"{""raw_logit_scores"": {""YES"": 6.28125, ""NO"": 4.80078125}, ""label_bias_scores"": {""YES"": 11.3203125, ""NO"": 9.2265625}, ""corrected_scores"": {""YES"": -5.0390625, ""NO"": -4.42578125}, ""scoring_mode"": ""bias_corrected_choice_logits"", ""selected_short_label"": ""NO""}"
23,EleutherAI/pythia-1b,pythia,1b,family_self,bft_eval_08,judgment,"Decide whether office hours help students mainly by clarifying content, lowering avoidance, or creating accountability, and explain your judgment.",self_profile,HEDGE,hedge_density,1.0,0.0,0.0,1.0,NO,0.5039061903953552,what,"{""raw_logit_scores"": {""YES"": 7.42578125, ""NO"": 5.34765625}, ""label_bias_scores"": {""YES"": 11.3203125, ""NO"": 9.2265625}, ""corrected_scores"": {""YES"": -3.89453125, ""NO"": -3.87890625}, ""scoring_mode"": ""bias_corrected_choice_logits"", ""selected_short_label"": ""NO""}"
23,EleutherAI/pythia-1b,pythia,1b,family_self,bft_eval_08,judgment,"Decide whether office hours help students mainly by clarifying content, lowering avoidance, or creating accountability, and explain your judgment.",self_profile,FIRST_PERSON,first_person_rate,1.0,1.0,1.0,1.0,YES,0.5688949227333069,the,"{""raw_logit_scores"": {""YES"": 7.82421875, ""NO"": 5.453125}, ""label_bias_scores"": {""YES"": 11.3203125, ""NO"": 9.2265625}, ""corrected_scores"": {""YES"": -3.49609375, ""NO"": -3.7734375}, ""scoring_mode"": ""bias_corrected_choice_logits"", ""selected_short_label"": ""YES""}"
23,EleutherAI/pythia-1b,pythia,1b,family_self,bft_eval_08,judgment,"Decide whether office hours help students mainly by clarifying content, lowering avoidance, or creating accountability, and explain your judgment.",self_profile,DIRECTIVE,directive_rate,1.0,0.0,1.0,0.0,NO,0.7279754281044006,,"{""raw_logit_scores"": {""YES"": 9.1328125, ""NO"": 8.0234375}, ""label_bias_scores"": {""YES"": 11.3203125, ""NO"": 9.2265625}, ""corrected_scores"": {""YES"": -2.1875, ""NO"": -1.203125}, ""scoring_mode"": ""bias_corrected_choice_logits"", ""selected_short_label"": ""NO""}"
23,EleutherAI/pythia-1b,pythia,1b,family_self,bft_eval_08,judgment,"Decide whether office hours help students mainly by clarifying content, lowering avoidance, or creating accountability, and explain your judgment.",matched_decoy,ELABORATE,avg_sentence_length,1.0,0.0,1.0,0.0,NO,0.7859664559364319,the,"{""raw_logit_scores"": {""YES"": 4.8828125, ""NO"": 4.08984375}, ""label_bias_scores"": {""YES"": 11.3203125, ""NO"": 9.2265625}, ""corrected_scores"": {""YES"": -6.4375, ""NO"": -5.13671875}, ""scoring_mode"": ""bias_corrected_choice_logits"", ""selected_short_label"": ""NO""}"
23,EleutherAI/pythia-1b,pythia,1b,family_self,bft_eval_08,judgment,"Decide whether office hours help students mainly by clarifying content, lowering avoidance, or creating accountability, and explain your judgment.",matched_decoy,HEDGE,hedge_density,1.0,1.0,0.0,0.0,YES,0.5563995838165283,:,"{""raw_logit_scores"": {""YES"": 7.30078125, ""NO"": 4.98046875}, ""label_bias_scores"": {""YES"": 11.3203125, ""NO"": 9.2265625}, ""corrected_scores"": {""YES"": -4.01953125, ""NO"": -4.24609375}, ""scoring_mode"": ""bias_corrected_choice_logits"", ""selected_short_label"": ""YES""}"
23,EleutherAI/pythia-1b,pythia,1b,family_self,bft_eval_08,judgment,"Decide whether office hours help students mainly by clarifying content, lowering avoidance, or creating accountability, and explain your judgment.",matched_decoy,FIRST_PERSON,first_person_rate,1.0,1.0,1.0,1.0,YES,0.6352224349975586,:,"{""raw_logit_scores"": {""YES"": 7.6171875, ""NO"": 4.96875}, ""label_bias_scores"": {""YES"": 11.3203125, ""NO"": 9.2265625}, ""corrected_scores"": {""YES"": -3.703125, ""NO"": -4.2578125}, ""scoring_mode"": ""bias_corrected_choice_logits"", ""selected_short_label"": ""YES""}"
23,EleutherAI/pythia-1b,pythia,1b,family_self,bft_eval_08,judgment,"Decide whether office hours help students mainly by clarifying content, lowering avoidance, or creating accountability, and explain your judgment.",matched_decoy,DIRECTIVE,directive_rate,1.0,0.0,1.0,0.0,NO,0.9092645049095154,,"{""raw_logit_scores"": {""YES"": 9.9140625, ""NO"": 10.125}, ""label_bias_scores"": {""YES"": 11.3203125, ""NO"": 9.2265625}, ""corrected_scores"": {""YES"": -1.40625, ""NO"": 0.8984375}, ""scoring_mode"": ""bias_corrected_choice_logits"", ""selected_short_label"": ""NO""}"
23,EleutherAI/pythia-1b,pythia,1b,family_self,bft_eval_08,judgment,"Decide whether office hours help students mainly by clarifying content, lowering avoidance, or creating accountability, and explain your judgment.",scrambled_profile,ELABORATE,avg_sentence_length,1.0,0.0,1.0,0.0,NO,0.6522414088249207,,"{""raw_logit_scores"": {""YES"": 6.29296875, ""NO"": 4.828125}, ""label_bias_scores"": {""YES"": 11.3203125, ""NO"": 9.2265625}, ""corrected_scores"": {""YES"": -5.02734375, ""NO"": -4.3984375}, ""scoring_mode"": ""bias_corrected_choice_logits"", ""selected_short_label"": ""NO""}"
23,EleutherAI/pythia-1b,pythia,1b,family_self,bft_eval_08,judgment,"Decide whether office hours help students mainly by clarifying content, lowering avoidance, or creating accountability, and explain your judgment.",scrambled_profile,HEDGE,hedge_density,1.0,0.0,0.0,1.0,NO,0.5185461640357971,what,"{""raw_logit_scores"": {""YES"": 7.37890625, ""NO"": 5.359375}, ""label_bias_scores"": {""YES"": 11.3203125, ""NO"": 9.2265625}, ""corrected_scores"": {""YES"": -3.94140625, ""NO"": -3.8671875}, ""scoring_mode"": ""bias_corrected_choice_logits"", ""selected_short_label"": ""NO""}"
23,EleutherAI/pythia-1b,pythia,1b,family_self,bft_eval_08,judgment,"Decide whether office hours help students mainly by clarifying content, lowering avoidance, or creating accountability, and explain your judgment.",scrambled_profile,FIRST_PERSON,first_person_rate,1.0,1.0,1.0,1.0,YES,0.5515737533569336,the,"{""raw_logit_scores"": {""YES"": 7.7734375, ""NO"": 5.47265625}, ""label_bias_scores"": {""YES"": 11.3203125, ""NO"": 9.2265625}, ""corrected_scores"": {""YES"": -3.546875, ""NO"": -3.75390625}, ""scoring_mode"": ""bias_corrected_choice_logits"", ""selected_short_label"": ""YES""}"
23,EleutherAI/pythia-1b,pythia,1b,family_self,bft_eval_08,judgment,"Decide whether office hours help students mainly by clarifying content, lowering avoidance, or creating accountability, and explain your judgment.",scrambled_profile,DIRECTIVE,directive_rate,1.0,0.0,1.0,0.0,NO,0.7379143238067627,,"{""raw_logit_scores"": {""YES"": 9.015625, ""NO"": 7.95703125}, ""label_bias_scores"": {""YES"": 11.3203125, ""NO"": 9.2265625}, ""corrected_scores"": {""YES"": -2.3046875, ""NO"": -1.26953125}, ""scoring_mode"": ""bias_corrected_choice_logits"", ""selected_short_label"": ""NO""}"
29,EleutherAI/pythia-1b,pythia,1b,family_self,bft_eval_01,triage,A small lab keeps discovering conflicting spreadsheet versions after each handoff. What should the team do in the next day?,self_profile,ELABORATE,avg_sentence_length,1.0,0.0,0.0,1.0,NO,0.9775429368019104,",","{""raw_logit_scores"": {""YES"": 9.375, ""NO"": 11.0546875}, ""label_bias_scores"": {""YES"": 11.3203125, ""NO"": 9.2265625}, ""corrected_scores"": {""YES"": -1.9453125, ""NO"": 1.828125}, ""scoring_mode"": ""bias_corrected_choice_logits"", ""selected_short_label"": ""NO""}"
29,EleutherAI/pythia-1b,pythia,1b,family_self,bft_eval_01,triage,A small lab keeps discovering conflicting spreadsheet versions after each handoff. What should the team do in the next day?,self_profile,HEDGE,hedge_density,1.0,1.0,1.0,1.0,YES,0.8591918349266052,hed,"{""raw_logit_scores"": {""YES"": 6.9375, ""NO"": 3.03515625}, ""label_bias_scores"": {""YES"": 11.3203125, ""NO"": 9.2265625}, ""corrected_scores"": {""YES"": -4.3828125, ""NO"": -6.19140625}, ""scoring_mode"": ""bias_corrected_choice_logits"", ""selected_short_label"": ""YES""}"
29,EleutherAI/pythia-1b,pythia,1b,family_self,bft_eval_01,triage,A small lab keeps discovering conflicting spreadsheet versions after each handoff. What should the team do in the next day?,self_profile,FIRST_PERSON,first_person_rate,1.0,1.0,1.0,1.0,YES,0.8663588762283325,answer,"{""raw_logit_scores"": {""YES"": 7.046875, ""NO"": 3.083984375}, ""label_bias_scores"": {""YES"": 11.3203125, ""NO"": 9.2265625}, ""corrected_scores"": {""YES"": -4.2734375, ""NO"": -6.142578125}, ""scoring_mode"": ""bias_corrected_choice_logits"", ""selected_short_label"": ""YES""}"
29,EleutherAI/pythia-1b,pythia,1b,family_self,bft_eval_01,triage,A small lab keeps discovering conflicting spreadsheet versions after each handoff. What should the team do in the next day?,self_profile,DIRECTIVE,directive_rate,1.0,0.0,1.0,0.0,NO,0.6057990193367004,:,"{""raw_logit_scores"": {""YES"": 8.7890625, ""NO"": 7.125}, ""label_bias_scores"": {""YES"": 11.3203125, ""NO"": 9.2265625}, ""corrected_scores"": {""YES"": -2.53125, ""NO"": -2.1015625}, ""scoring_mode"": ""bias_corrected_choice_logits"", ""selected_short_label"": ""NO""}"
29,EleutherAI/pythia-1b,pythia,1b,family_self,bft_eval_01,triage,A small lab keeps discovering conflicting spreadsheet versions after each handoff. What should the team do in the next day?,matched_decoy,ELABORATE,avg_sentence_length,1.0,0.0,0.0,1.0,NO,0.9895108342170715,NO,"{""raw_logit_scores"": {""YES"": 11.3046875, ""NO"": 13.7578125}, ""label_bias_scores"": {""YES"": 11.3203125, ""NO"": 9.2265625}, ""corrected_scores"": {""YES"": -0.015625, ""NO"": 4.53125}, ""scoring_mode"": ""bias_corrected_choice_logits"", ""selected_short_label"": ""NO""}"
29,EleutherAI/pythia-1b,pythia,1b,family_self,bft_eval_01,triage,A small lab keeps discovering conflicting spreadsheet versions after each handoff. What should the team do in the next day?,matched_decoy,HEDGE,hedge_density,1.0,1.0,1.0,1.0,YES,0.5520567893981934,that,"{""raw_logit_scores"": {""YES"": 5.1484375, ""NO"": 2.845703125}, ""label_bias_scores"": {""YES"": 11.3203125, ""NO"": 9.2265625}, ""corrected_scores"": {""YES"": -6.171875, ""NO"": -6.380859375}, ""scoring_mode"": ""bias_corrected_choice_logits"", ""selected_short_label"": ""YES""}"
29,EleutherAI/pythia-1b,pythia,1b,family_self,bft_eval_01,triage,A small lab keeps discovering conflicting spreadsheet versions after each handoff. What should the team do in the next day?,matched_decoy,FIRST_PERSON,first_person_rate,1.0,0.0,1.0,0.0,NO,0.5161076784133911,for,"{""raw_logit_scores"": {""YES"": 5.0078125, ""NO"": 2.978515625}, ""label_bias_scores"": {""YES"": 11.3203125, ""NO"": 9.2265625}, ""corrected_scores"": {""YES"": -6.3125, ""NO"": -6.248046875}, ""scoring_mode"": ""bias_corrected_choice_logits"", ""selected_short_label"": ""NO""}"
29,EleutherAI/pythia-1b,pythia,1b,family_self,bft_eval_01,triage,A small lab keeps discovering conflicting spreadsheet versions after each handoff. What should the team do in the next day?,matched_decoy,DIRECTIVE,directive_rate,1.0,0.0,1.0,0.0,NO,0.7201715111732483,YES,"{""raw_logit_scores"": {""YES"": 12.1484375, ""NO"": 11.0}, ""label_bias_scores"": {""YES"": 11.3203125, ""NO"": 9.2265625}, ""corrected_scores"": {""YES"": 0.828125, ""NO"": 1.7734375}, ""scoring_mode"": ""bias_corrected_choice_logits"", ""selected_short_label"": ""NO""}"
29,EleutherAI/pythia-1b,pythia,1b,family_self,bft_eval_01,triage,A small lab keeps discovering conflicting spreadsheet versions after each handoff. What should the team do in the next day?,scrambled_profile,ELABORATE,avg_sentence_length,1.0,0.0,0.0,1.0,NO,0.976669192314148,",","{""raw_logit_scores"": {""YES"": 9.3671875, ""NO"": 11.0078125}, ""label_bias_scores"": {""YES"": 11.3203125, ""NO"": 9.2265625}, ""corrected_scores"": {""YES"": -1.953125, ""NO"": 1.78125}, ""scoring_mode"": ""bias_corrected_choice_logits"", ""selected_short_label"": ""NO""}"
29,EleutherAI/pythia-1b,pythia,1b,family_self,bft_eval_01,triage,A small lab keeps discovering conflicting spreadsheet versions after each handoff. What should the team do in the next day?,scrambled_profile,HEDGE,hedge_density,1.0,1.0,1.0,1.0,YES,0.859663724899292,hed,"{""raw_logit_scores"": {""YES"": 6.90625, ""NO"": 3.0}, ""label_bias_scores"": {""YES"": 11.3203125, ""NO"": 9.2265625}, ""corrected_scores"": {""YES"": -4.4140625, ""NO"": -6.2265625}, ""scoring_mode"": ""bias_corrected_choice_logits"", ""selected_short_label"": ""YES""}"
29,EleutherAI/pythia-1b,pythia,1b,family_self,bft_eval_01,triage,A small lab keeps discovering conflicting spreadsheet versions after each handoff. What should the team do in the next day?,scrambled_profile,FIRST_PERSON,first_person_rate,1.0,1.0,1.0,1.0,YES,0.8668103814125061,answer,"{""raw_logit_scores"": {""YES"": 7.01953125, ""NO"": 3.052734375}, ""label_bias_scores"": {""YES"": 11.3203125, ""NO"": 9.2265625}, ""corrected_scores"": {""YES"": -4.30078125, ""NO"": -6.173828125}, ""scoring_mode"": ""bias_corrected_choice_logits"", ""selected_short_label"": ""YES""}"
29,EleutherAI/pythia-1b,pythia,1b,family_self,bft_eval_01,triage,A small lab keeps discovering conflicting spreadsheet versions after each handoff. What should the team do in the next day?,scrambled_profile,DIRECTIVE,directive_rate,1.0,0.0,1.0,0.0,NO,0.6048657894134521,:,"{""raw_logit_scores"": {""YES"": 8.7890625, ""NO"": 7.12109375}, ""label_bias_scores"": {""YES"": 11.3203125, ""NO"": 9.2265625}, ""corrected_scores"": {""YES"": -2.53125, ""NO"": -2.10546875}, ""scoring_mode"": ""bias_corrected_choice_logits"", ""selected_short_label"": ""NO""}"
29,EleutherAI/pythia-1b,pythia,1b,family_self,bft_eval_02,critique,Give feedback on a student memo that is energetic and polite but hides the recommendation until the final line.,self_profile,ELABORATE,avg_sentence_length,1.0,0.0,1.0,0.0,NO,0.9026095867156982,,"{""raw_logit_scores"": {""YES"": 10.171875, ""NO"": 10.3046875}, ""label_bias_scores"": {""YES"": 11.3203125, ""NO"": 9.2265625}, ""corrected_scores"": {""YES"": -1.1484375, ""NO"": 1.078125}, ""scoring_mode"": ""bias_corrected_choice_logits"", ""selected_short_label"": ""NO""}"
29,EleutherAI/pythia-1b,pythia,1b,family_self,bft_eval_02,critique,Give feedback on a student memo that is energetic and polite but hides the recommendation until the final line.,self_profile,HEDGE,hedge_density,1.0,0.0,0.0,1.0,NO,0.5888891220092773,,"{""raw_logit_scores"": {""YES"": 7.03125, ""NO"": 5.296875}, ""label_bias_scores"": {""YES"": 11.3203125, ""NO"": 9.2265625}, ""corrected_scores"": {""YES"": -4.2890625, ""NO"": -3.9296875}, ""scoring_mode"": ""bias_corrected_choice_logits"", ""selected_short_label"": ""NO""}"
29,EleutherAI/pythia-1b,pythia,1b,family_self,bft_eval_02,critique,Give feedback on a student memo that is energetic and polite but hides the recommendation until the final line.,self_profile,FIRST_PERSON,first_person_rate,1.0,0.0,0.0,1.0,NO,0.6610482335090637,,"{""raw_logit_scores"": {""YES"": 6.2734375, ""NO"": 4.84765625}, ""label_bias_scores"": {""YES"": 11.3203125, ""NO"": 9.2265625}, ""corrected_scores"": {""YES"": -5.046875, ""NO"": -4.37890625}, ""scoring_mode"": ""bias_corrected_choice_logits"", ""selected_short_label"": ""NO""}"
29,EleutherAI/pythia-1b,pythia,1b,family_self,bft_eval_02,critique,Give feedback on a student memo that is energetic and polite but hides the recommendation until the final line.,self_profile,DIRECTIVE,directive_rate,1.0,0.0,1.0,0.0,NO,0.66888028383255,:,"{""raw_logit_scores"": {""YES"": 5.6796875, ""NO"": 4.2890625}, ""label_bias_scores"": {""YES"": 11.3203125, ""NO"": 9.2265625}, ""corrected_scores"": {""YES"": -5.640625, ""NO"": -4.9375}, ""scoring_mode"": ""bias_corrected_choice_logits"", ""selected_short_label"": ""NO""}"
29,EleutherAI/pythia-1b,pythia,1b,family_self,bft_eval_02,critique,Give feedback on a student memo that is energetic and polite but hides the recommendation until the final line.,matched_decoy,ELABORATE,avg_sentence_length,1.0,0.0,1.0,0.0,NO,0.7074047327041626,,"{""raw_logit_scores"": {""YES"": 8.7734375, ""NO"": 7.5625}, ""label_bias_scores"": {""YES"": 11.3203125, ""NO"": 9.2265625}, ""corrected_scores"": {""YES"": -2.546875, ""NO"": -1.6640625}, ""scoring_mode"": ""bias_corrected_choice_logits"", ""selected_short_label"": ""NO""}"
29,EleutherAI/pythia-1b,pythia,1b,family_self,bft_eval_02,critique,Give feedback on a student memo that is energetic and polite but hides the recommendation until the final line.,matched_decoy,HEDGE,hedge_density,1.0,0.0,0.0,1.0,NO,0.980728805065155,",","{""raw_logit_scores"": {""YES"": 9.8828125, ""NO"": 11.71875}, ""label_bias_scores"": {""YES"": 11.3203125, ""NO"": 9.2265625}, ""corrected_scores"": {""YES"": -1.4375, ""NO"": 2.4921875}, ""scoring_mode"": ""bias_corrected_choice_logits"", ""selected_short_label"": ""NO""}"
29,EleutherAI/pythia-1b,pythia,1b,family_self,bft_eval_02,critique,Give feedback on a student memo that is energetic and polite but hides the recommendation until the final line.,matched_decoy,FIRST_PERSON,first_person_rate,1.0,0.0,0.0,1.0,NO,0.985496461391449,",","{""raw_logit_scores"": {""YES"": 9.625, ""NO"": 11.75}, ""label_bias_scores"": {""YES"": 11.3203125, ""NO"": 9.2265625}, ""corrected_scores"": {""YES"": -1.6953125, ""NO"": 2.5234375}, ""scoring_mode"": ""bias_corrected_choice_logits"", ""selected_short_label"": ""NO""}"
29,EleutherAI/pythia-1b,pythia,1b,family_self,bft_eval_02,critique,Give feedback on a student memo that is energetic and polite but hides the recommendation until the final line.,matched_decoy,DIRECTIVE,directive_rate,1.0,0.0,1.0,0.0,NO,0.700894832611084,,"{""raw_logit_scores"": {""YES"": 11.078125, ""NO"": 9.8359375}, ""label_bias_scores"": {""YES"": 11.3203125, ""NO"": 9.2265625}, ""corrected_scores"": {""YES"": -0.2421875, ""NO"": 0.609375}, ""scoring_mode"": ""bias_corrected_choice_logits"", ""selected_short_label"": ""NO""}"
29,EleutherAI/pythia-1b,pythia,1b,family_self,bft_eval_02,critique,Give feedback on a student memo that is energetic and polite but hides the recommendation until the final line.,scrambled_profile,ELABORATE,avg_sentence_length,1.0,0.0,1.0,0.0,NO,0.9019206762313843,,"{""raw_logit_scores"": {""YES"": 10.1328125, ""NO"": 10.2578125}, ""label_bias_scores"": {""YES"": 11.3203125, ""NO"": 9.2265625}, ""corrected_scores"": {""YES"": -1.1875, ""NO"": 1.03125}, ""scoring_mode"": ""bias_corrected_choice_logits"", ""selected_short_label"": ""NO""}"
29,EleutherAI/pythia-1b,pythia,1b,family_self,bft_eval_02,critique,Give feedback on a student memo that is energetic and polite but hides the recommendation until the final line.,scrambled_profile,HEDGE,hedge_density,1.0,0.0,0.0,1.0,NO,0.5755879878997803,,"{""raw_logit_scores"": {""YES"": 7.1171875, ""NO"": 5.328125}, ""label_bias_scores"": {""YES"": 11.3203125, ""NO"": 9.2265625}, ""corrected_scores"": {""YES"": -4.203125, ""NO"": -3.8984375}, ""scoring_mode"": ""bias_corrected_choice_logits"", ""selected_short_label"": ""NO""}"
29,EleutherAI/pythia-1b,pythia,1b,family_self,bft_eval_02,critique,Give feedback on a student memo that is energetic and polite but hides the recommendation until the final line.,scrambled_profile,FIRST_PERSON,first_person_rate,1.0,0.0,0.0,1.0,NO,0.6531268954277039,,"{""raw_logit_scores"": {""YES"": 6.32421875, ""NO"": 4.86328125}, ""label_bias_scores"": {""YES"": 11.3203125, ""NO"": 9.2265625}, ""corrected_scores"": {""YES"": -4.99609375, ""NO"": -4.36328125}, ""scoring_mode"": ""bias_corrected_choice_logits"", ""selected_short_label"": ""NO""}"
29,EleutherAI/pythia-1b,pythia,1b,family_self,bft_eval_02,critique,Give feedback on a student memo that is energetic and polite but hides the recommendation until the final line.,scrambled_profile,DIRECTIVE,directive_rate,1.0,0.0,1.0,0.0,NO,0.671470582485199,:,"{""raw_logit_scores"": {""YES"": 5.671875, ""NO"": 4.29296875}, ""label_bias_scores"": {""YES"": 11.3203125, ""NO"": 9.2265625}, ""corrected_scores"": {""YES"": -5.6484375, ""NO"": -4.93359375}, ""scoring_mode"": ""bias_corrected_choice_logits"", ""selected_short_label"": ""NO""}"
29,EleutherAI/pythia-1b,pythia,1b,family_self,bft_eval_03,policy,Write a short policy note on how a museum team should document changes to exhibit labels during revision.,self_profile,ELABORATE,avg_sentence_length,1.0,0.0,1.0,0.0,NO,0.7178038358688354,,"{""raw_logit_scores"": {""YES"": 8.7890625, ""NO"": 7.62890625}, ""label_bias_scores"": {""YES"": 11.3203125, ""NO"": 9.2265625}, ""corrected_scores"": {""YES"": -2.53125, ""NO"": -1.59765625}, ""scoring_mode"": ""bias_corrected_choice_logits"", ""selected_short_label"": ""NO""}"
29,EleutherAI/pythia-1b,pythia,1b,family_self,bft_eval_03,policy,Write a short policy note on how a museum team should document changes to exhibit labels during revision.,self_profile,HEDGE,hedge_density,1.0,0.0,0.0,1.0,NO,0.9669140577316284,",","{""raw_logit_scores"": {""YES"": 9.609375, ""NO"": 10.890625}, ""label_bias_scores"": {""YES"": 11.3203125, ""NO"": 9.2265625}, ""corrected_scores"": {""YES"": -1.7109375, ""NO"": 1.6640625}, ""scoring_mode"": ""bias_corrected_choice_logits"", ""selected_short_label"": ""NO""}"
29,EleutherAI/pythia-1b,pythia,1b,family_self,bft_eval_03,policy,Write a short policy note on how a museum team should document changes to exhibit labels during revision.,self_profile,FIRST_PERSON,first_person_rate,1.0,0.0,0.0,1.0,NO,0.9785493016242981,",","{""raw_logit_scores"": {""YES"": 9.25, ""NO"": 10.9765625}, ""label_bias_scores"": {""YES"": 11.3203125, ""NO"": 9.2265625}, ""corrected_scores"": {""YES"": -2.0703125, ""NO"": 1.75}, ""scoring_mode"": ""bias_corrected_choice_logits"", ""selected_short_label"": ""NO""}"
29,EleutherAI/pythia-1b,pythia,1b,family_self,bft_eval_03,policy,Write a short policy note on how a museum team should document changes to exhibit labels during revision.,self_profile,DIRECTIVE,directive_rate,1.0,0.0,1.0,0.0,NO,0.7106282711029053,,"{""raw_logit_scores"": {""YES"": 10.4296875, ""NO"": 9.234375}, ""label_bias_scores"": {""YES"": 11.3203125, ""NO"": 9.2265625}, ""corrected_scores"": {""YES"": -0.890625, ""NO"": 0.0078125}, ""scoring_mode"": ""bias_corrected_choice_logits"", ""selected_short_label"": ""NO""}"
29,EleutherAI/pythia-1b,pythia,1b,family_self,bft_eval_03,policy,Write a short policy note on how a museum team should document changes to exhibit labels during revision.,matched_decoy,ELABORATE,avg_sentence_length,1.0,1.0,1.0,1.0,YES,0.5409238934516907,:,"{""raw_logit_scores"": {""YES"": 8.1328125, ""NO"": 5.875}, ""label_bias_scores"": {""YES"": 11.3203125, ""NO"": 9.2265625}, ""corrected_scores"": {""YES"": -3.1875, ""NO"": -3.3515625}, ""scoring_mode"": ""bias_corrected_choice_logits"", ""selected_short_label"": ""YES""}"
29,EleutherAI/pythia-1b,pythia,1b,family_self,bft_eval_03,policy,Write a short policy note on how a museum team should document changes to exhibit labels during revision.,matched_decoy,HEDGE,hedge_density,1.0,0.0,0.0,1.0,NO,0.9764904975891113,NO,"{""raw_logit_scores"": {""YES"": 11.453125, ""NO"": 13.0859375}, ""label_bias_scores"": {""YES"": 11.3203125, ""NO"": 9.2265625}, ""corrected_scores"": {""YES"": 0.1328125, ""NO"": 3.859375}, ""scoring_mode"": ""bias_corrected_choice_logits"", ""selected_short_label"": ""NO""}"
29,EleutherAI/pythia-1b,pythia,1b,family_self,bft_eval_03,policy,Write a short policy note on how a museum team should document changes to exhibit labels during revision.,matched_decoy,FIRST_PERSON,first_person_rate,1.0,0.0,0.0,1.0,NO,0.9842154383659363,NO,"{""raw_logit_scores"": {""YES"": 12.203125, ""NO"": 14.2421875}, ""label_bias_scores"": {""YES"": 11.3203125, ""NO"": 9.2265625}, ""corrected_scores"": {""YES"": 0.8828125, ""NO"": 5.015625}, ""scoring_mode"": ""bias_corrected_choice_logits"", ""selected_short_label"": ""NO""}"
29,EleutherAI/pythia-1b,pythia,1b,family_self,bft_eval_03,policy,Write a short policy note on how a museum team should document changes to exhibit labels during revision.,matched_decoy,DIRECTIVE,directive_rate,1.0,0.0,1.0,0.0,NO,0.7106282711029053,,"{""raw_logit_scores"": {""YES"": 10.4140625, ""NO"": 9.21875}, ""label_bias_scores"": {""YES"": 11.3203125, ""NO"": 9.2265625}, ""corrected_scores"": {""YES"": -0.90625, ""NO"": -0.0078125}, ""scoring_mode"": ""bias_corrected_choice_logits"", ""selected_short_label"": ""NO""}"
29,EleutherAI/pythia-1b,pythia,1b,family_self,bft_eval_03,policy,Write a short policy note on how a museum team should document changes to exhibit labels during revision.,scrambled_profile,ELABORATE,avg_sentence_length,1.0,0.0,1.0,0.0,NO,0.7209580540657043,,"{""raw_logit_scores"": {""YES"": 8.6875, ""NO"": 7.54296875}, ""label_bias_scores"": {""YES"": 11.3203125, ""NO"": 9.2265625}, ""corrected_scores"": {""YES"": -2.6328125, ""NO"": -1.68359375}, ""scoring_mode"": ""bias_corrected_choice_logits"", ""selected_short_label"": ""NO""}"
29,EleutherAI/pythia-1b,pythia,1b,family_self,bft_eval_03,policy,Write a short policy note on how a museum team should document changes to exhibit labels during revision.,scrambled_profile,HEDGE,hedge_density,1.0,0.0,0.0,1.0,NO,0.9678993225097656,",","{""raw_logit_scores"": {""YES"": 9.546875, ""NO"": 10.859375}, ""label_bias_scores"": {""YES"": 11.3203125, ""NO"": 9.2265625}, ""corrected_scores"": {""YES"": -1.7734375, ""NO"": 1.6328125}, ""scoring_mode"": ""bias_corrected_choice_logits"", ""selected_short_label"": ""NO""}"
29,EleutherAI/pythia-1b,pythia,1b,family_self,bft_eval_03,policy,Write a short policy note on how a museum team should document changes to exhibit labels during revision.,scrambled_profile,FIRST_PERSON,first_person_rate,1.0,0.0,0.0,1.0,NO,0.9783847332000732,",","{""raw_logit_scores"": {""YES"": 9.21875, ""NO"": 10.9375}, ""label_bias_scores"": {""YES"": 11.3203125, ""NO"": 9.2265625}, ""corrected_scores"": {""YES"": -2.1015625, ""NO"": 1.7109375}, ""scoring_mode"": ""bias_corrected_choice_logits"", ""selected_short_label"": ""NO""}"
29,EleutherAI/pythia-1b,pythia,1b,family_self,bft_eval_03,policy,Write a short policy note on how a museum team should document changes to exhibit labels during revision.,scrambled_profile,DIRECTIVE,directive_rate,1.0,0.0,1.0,0.0,NO,0.709019124507904,,"{""raw_logit_scores"": {""YES"": 10.296875, ""NO"": 9.09375}, ""label_bias_scores"": {""YES"": 11.3203125, ""NO"": 9.2265625}, ""corrected_scores"": {""YES"": -1.0234375, ""NO"": -0.1328125}, ""scoring_mode"": ""bias_corrected_choice_logits"", ""selected_short_label"": ""NO""}"
29,EleutherAI/pythia-1b,pythia,1b,family_self,bft_eval_04,diagnosis,Diagnose why a paragraph feels intelligent and informed but still fails to tell the reader what matters most.,self_profile,ELABORATE,avg_sentence_length,1.0,0.0,1.0,0.0,NO,0.9019206762313843,,"{""raw_logit_scores"": {""YES"": 10.359375, ""NO"": 10.484375}, ""label_bias_scores"": {""YES"": 11.3203125, ""NO"": 9.2265625}, ""corrected_scores"": {""YES"": -0.9609375, ""NO"": 1.2578125}, ""scoring_mode"": ""bias_corrected_choice_logits"", ""selected_short_label"": ""NO""}"
29,EleutherAI/pythia-1b,pythia,1b,family_self,bft_eval_04,diagnosis,Diagnose why a paragraph feels intelligent and informed but still fails to tell the reader what matters most.,self_profile,HEDGE,hedge_density,1.0,0.0,0.0,1.0,NO,0.6306849718093872,,"{""raw_logit_scores"": {""YES"": 6.05859375, ""NO"": 4.5}, ""label_bias_scores"": {""YES"": 11.3203125, ""NO"": 9.2265625}, ""corrected_scores"": {""YES"": -5.26171875, ""NO"": -4.7265625}, ""scoring_mode"": ""bias_corrected_choice_logits"", ""selected_short_label"": ""NO""}"
29,EleutherAI/pythia-1b,pythia,1b,family_self,bft_eval_04,diagnosis,Diagnose why a paragraph feels intelligent and informed but still fails to tell the reader what matters most.,self_profile,FIRST_PERSON,first_person_rate,1.0,0.0,0.0,1.0,NO,0.7041601538658142,,"{""raw_logit_scores"": {""YES"": 5.3125, ""NO"": 4.0859375}, ""label_bias_scores"": {""YES"": 11.3203125, ""NO"": 9.2265625}, ""corrected_scores"": {""YES"": -6.0078125, ""NO"": -5.140625}, ""scoring_mode"": ""bias_corrected_choice_logits"", ""selected_short_label"": ""NO""}"
29,EleutherAI/pythia-1b,pythia,1b,family_self,bft_eval_04,diagnosis,Diagnose why a paragraph feels intelligent and informed but still fails to tell the reader what matters most.,self_profile,DIRECTIVE,directive_rate,1.0,0.0,0.0,1.0,NO,0.6834195256233215,:,"{""raw_logit_scores"": {""YES"": 5.37890625, ""NO"": 4.0546875}, ""label_bias_scores"": {""YES"": 11.3203125, ""NO"": 9.2265625}, ""corrected_scores"": {""YES"": -5.94140625, ""NO"": -5.171875}, ""scoring_mode"": ""bias_corrected_choice_logits"", ""selected_short_label"": ""NO""}"
29,EleutherAI/pythia-1b,pythia,1b,family_self,bft_eval_04,diagnosis,Diagnose why a paragraph feels intelligent and informed but still fails to tell the reader what matters most.,matched_decoy,ELABORATE,avg_sentence_length,1.0,0.0,1.0,0.0,NO,0.7302899360656738,,"{""raw_logit_scores"": {""YES"": 8.8515625, ""NO"": 7.75390625}, ""label_bias_scores"": {""YES"": 11.3203125, ""NO"": 9.2265625}, ""corrected_scores"": {""YES"": -2.46875, ""NO"": -1.47265625}, ""scoring_mode"": ""bias_corrected_choice_logits"", ""selected_short_label"": ""NO""}"
29,EleutherAI/pythia-1b,pythia,1b,family_self,bft_eval_04,diagnosis,Diagnose why a paragraph feels intelligent and informed but still fails to tell the reader what matters most.,matched_decoy,HEDGE,hedge_density,1.0,0.0,0.0,1.0,NO,0.9773707389831543,",","{""raw_logit_scores"": {""YES"": 9.6171875, ""NO"": 11.2890625}, ""label_bias_scores"": {""YES"": 11.3203125, ""NO"": 9.2265625}, ""corrected_scores"": {""YES"": -1.703125, ""NO"": 2.0625}, ""scoring_mode"": ""bias_corrected_choice_logits"", ""selected_short_label"": ""NO""}"
29,EleutherAI/pythia-1b,pythia,1b,family_self,bft_eval_04,diagnosis,Diagnose why a paragraph feels intelligent and informed but still fails to tell the reader what matters most.,matched_decoy,FIRST_PERSON,first_person_rate,1.0,0.0,0.0,1.0,NO,0.9810219407081604,",","{""raw_logit_scores"": {""YES"": 9.4765625, ""NO"": 11.328125}, ""label_bias_scores"": {""YES"": 11.3203125, ""NO"": 9.2265625}, ""corrected_scores"": {""YES"": -1.84375, ""NO"": 2.1015625}, ""scoring_mode"": ""bias_corrected_choice_logits"", ""selected_short_label"": ""NO""}"
29,EleutherAI/pythia-1b,pythia,1b,family_self,bft_eval_04,diagnosis,Diagnose why a paragraph feels intelligent and informed but still fails to tell the reader what matters most.,matched_decoy,DIRECTIVE,directive_rate,1.0,0.0,0.0,1.0,NO,0.6842640042304993,,"{""raw_logit_scores"": {""YES"": 10.8828125, ""NO"": 9.5625}, ""label_bias_scores"": {""YES"": 11.3203125, ""NO"": 9.2265625}, ""corrected_scores"": {""YES"": -0.4375, ""NO"": 0.3359375}, ""scoring_mode"": ""bias_corrected_choice_logits"", ""selected_short_label"": ""NO""}"
29,EleutherAI/pythia-1b,pythia,1b,family_self,bft_eval_04,diagnosis,Diagnose why a paragraph feels intelligent and informed but still fails to tell the reader what matters most.,scrambled_profile,ELABORATE,avg_sentence_length,1.0,0.0,1.0,0.0,NO,0.9026095867156982,,"{""raw_logit_scores"": {""YES"": 10.328125, ""NO"": 10.4609375}, ""label_bias_scores"": {""YES"": 11.3203125, ""NO"": 9.2265625}, ""corrected_scores"": {""YES"": -0.9921875, ""NO"": 1.234375}, ""scoring_mode"": ""bias_corrected_choice_logits"", ""selected_short_label"": ""NO""}"
29,EleutherAI/pythia-1b,pythia,1b,family_self,bft_eval_04,diagnosis,Diagnose why a paragraph feels intelligent and informed but still fails to tell the reader what matters most.,scrambled_profile,HEDGE,hedge_density,1.0,0.0,0.0,1.0,NO,0.6160122752189636,,"{""raw_logit_scores"": {""YES"": 6.15625, ""NO"": 4.53515625}, ""label_bias_scores"": {""YES"": 11.3203125, ""NO"": 9.2265625}, ""corrected_scores"": {""YES"": -5.1640625, ""NO"": -4.69140625}, ""scoring_mode"": ""bias_corrected_choice_logits"", ""selected_short_label"": ""NO""}"
29,EleutherAI/pythia-1b,pythia,1b,family_self,bft_eval_04,diagnosis,Diagnose why a paragraph feels intelligent and informed but still fails to tell the reader what matters most.,scrambled_profile,FIRST_PERSON,first_person_rate,1.0,0.0,0.0,1.0,NO,0.6992543935775757,,"{""raw_logit_scores"": {""YES"": 5.375, ""NO"": 4.125}, ""label_bias_scores"": {""YES"": 11.3203125, ""NO"": 9.2265625}, ""corrected_scores"": {""YES"": -5.9453125, ""NO"": -5.1015625}, ""scoring_mode"": ""bias_corrected_choice_logits"", ""selected_short_label"": ""NO""}"
29,EleutherAI/pythia-1b,pythia,1b,family_self,bft_eval_04,diagnosis,Diagnose why a paragraph feels intelligent and informed but still fails to tell the reader what matters most.,scrambled_profile,DIRECTIVE,directive_rate,1.0,0.0,0.0,1.0,NO,0.6808785796165466,:,"{""raw_logit_scores"": {""YES"": 5.38671875, ""NO"": 4.05078125}, ""label_bias_scores"": {""YES"": 11.3203125, ""NO"": 9.2265625}, ""corrected_scores"": {""YES"": -5.93359375, ""NO"": -5.17578125}, ""scoring_mode"": ""bias_corrected_choice_logits"", ""selected_short_label"": ""NO""}"
29,EleutherAI/pythia-1b,pythia,1b,family_self,bft_eval_05,comparison,Compare an internal checklist and a polished postmortem as tools for preventing the same operational mistake twice.,self_profile,ELABORATE,avg_sentence_length,1.0,0.0,1.0,0.0,NO,0.7786493301391602,,"{""raw_logit_scores"": {""YES"": 8.5234375, ""NO"": 7.6875}, ""label_bias_scores"": {""YES"": 11.3203125, ""NO"": 9.2265625}, ""corrected_scores"": {""YES"": -2.796875, ""NO"": -1.5390625}, ""scoring_mode"": ""bias_corrected_choice_logits"", ""selected_short_label"": ""NO""}"
29,EleutherAI/pythia-1b,pythia,1b,family_self,bft_eval_05,comparison,Compare an internal checklist and a polished postmortem as tools for preventing the same operational mistake twice.,self_profile,HEDGE,hedge_density,1.0,0.0,0.0,1.0,NO,0.974628746509552,",","{""raw_logit_scores"": {""YES"": 9.6796875, ""NO"": 11.234375}, ""label_bias_scores"": {""YES"": 11.3203125, ""NO"": 9.2265625}, ""corrected_scores"": {""YES"": -1.640625, ""NO"": 2.0078125}, ""scoring_mode"": ""bias_corrected_choice_logits"", ""selected_short_label"": ""NO""}"
29,EleutherAI/pythia-1b,pythia,1b,family_self,bft_eval_05,comparison,Compare an internal checklist and a polished postmortem as tools for preventing the same operational mistake twice.,self_profile,FIRST_PERSON,first_person_rate,1.0,0.0,1.0,0.0,NO,0.9822876453399658,",","{""raw_logit_scores"": {""YES"": 9.328125, ""NO"": 11.25}, ""label_bias_scores"": {""YES"": 11.3203125, ""NO"": 9.2265625}, ""corrected_scores"": {""YES"": -1.9921875, ""NO"": 2.0234375}, ""scoring_mode"": ""bias_corrected_choice_logits"", ""selected_short_label"": ""NO""}"
29,EleutherAI/pythia-1b,pythia,1b,family_self,bft_eval_05,comparison,Compare an internal checklist and a polished postmortem as tools for preventing the same operational mistake twice.,self_profile,DIRECTIVE,directive_rate,1.0,0.0,0.0,1.0,NO,0.7341195344924927,,"{""raw_logit_scores"": {""YES"": 10.5078125, ""NO"": 9.4296875}, ""label_bias_scores"": {""YES"": 11.3203125, ""NO"": 9.2265625}, ""corrected_scores"": {""YES"": -0.8125, ""NO"": 0.203125}, ""scoring_mode"": ""bias_corrected_choice_logits"", ""selected_short_label"": ""NO""}"
29,EleutherAI/pythia-1b,pythia,1b,family_self,bft_eval_05,comparison,Compare an internal checklist and a polished postmortem as tools for preventing the same operational mistake twice.,matched_decoy,ELABORATE,avg_sentence_length,1.0,0.0,1.0,0.0,NO,0.5583270192146301,:,"{""raw_logit_scores"": {""YES"": 8.359375, ""NO"": 6.5}, ""label_bias_scores"": {""YES"": 11.3203125, ""NO"": 9.2265625}, ""corrected_scores"": {""YES"": -2.9609375, ""NO"": -2.7265625}, ""scoring_mode"": ""bias_corrected_choice_logits"", ""selected_short_label"": ""NO""}"
29,EleutherAI/pythia-1b,pythia,1b,family_self,bft_eval_05,comparison,Compare an internal checklist and a polished postmortem as tools for preventing the same operational mistake twice.,matched_decoy,HEDGE,hedge_density,1.0,0.0,0.0,1.0,NO,0.9865716695785522,NO,"{""raw_logit_scores"": {""YES"": 11.6171875, ""NO"": 13.8203125}, ""label_bias_scores"": {""YES"": 11.3203125, ""NO"": 9.2265625}, ""corrected_scores"": {""YES"": 0.296875, ""NO"": 4.59375}, ""scoring_mode"": ""bias_corrected_choice_logits"", ""selected_short_label"": ""NO""}"
29,EleutherAI/pythia-1b,pythia,1b,family_self,bft_eval_05,comparison,Compare an internal checklist and a polished postmortem as tools for preventing the same operational mistake twice.,matched_decoy,FIRST_PERSON,first_person_rate,1.0,0.0,1.0,0.0,NO,0.9895108342170715,NO,"{""raw_logit_scores"": {""YES"": 12.6171875, ""NO"": 15.0703125}, ""label_bias_scores"": {""YES"": 11.3203125, ""NO"": 9.2265625}, ""corrected_scores"": {""YES"": 1.296875, ""NO"": 5.84375}, ""scoring_mode"": ""bias_corrected_choice_logits"", ""selected_short_label"": ""NO""}"
29,EleutherAI/pythia-1b,pythia,1b,family_self,bft_eval_05,comparison,Compare an internal checklist and a polished postmortem as tools for preventing the same operational mistake twice.,matched_decoy,DIRECTIVE,directive_rate,1.0,0.0,0.0,1.0,NO,0.7341195344924927,,"{""raw_logit_scores"": {""YES"": 10.5078125, ""NO"": 9.4296875}, ""label_bias_scores"": {""YES"": 11.3203125, ""NO"": 9.2265625}, ""corrected_scores"": {""YES"": -0.8125, ""NO"": 0.203125}, ""scoring_mode"": ""bias_corrected_choice_logits"", ""selected_short_label"": ""NO""}"
29,EleutherAI/pythia-1b,pythia,1b,family_self,bft_eval_05,comparison,Compare an internal checklist and a polished postmortem as tools for preventing the same operational mistake twice.,scrambled_profile,ELABORATE,avg_sentence_length,1.0,0.0,1.0,0.0,NO,0.7799928784370422,,"{""raw_logit_scores"": {""YES"": 8.4375, ""NO"": 7.609375}, ""label_bias_scores"": {""YES"": 11.3203125, ""NO"": 9.2265625}, ""corrected_scores"": {""YES"": -2.8828125, ""NO"": -1.6171875}, ""scoring_mode"": ""bias_corrected_choice_logits"", ""selected_short_label"": ""NO""}"
29,EleutherAI/pythia-1b,pythia,1b,family_self,bft_eval_05,comparison,Compare an internal checklist and a polished postmortem as tools for preventing the same operational mistake twice.,scrambled_profile,HEDGE,hedge_density,1.0,0.0,0.0,1.0,NO,0.9744347929954529,",","{""raw_logit_scores"": {""YES"": 9.6328125, ""NO"": 11.1796875}, ""label_bias_scores"": {""YES"": 11.3203125, ""NO"": 9.2265625}, ""corrected_scores"": {""YES"": -1.6875, ""NO"": 1.953125}, ""scoring_mode"": ""bias_corrected_choice_logits"", ""selected_short_label"": ""NO""}"
29,EleutherAI/pythia-1b,pythia,1b,family_self,bft_eval_05,comparison,Compare an internal checklist and a polished postmortem as tools for preventing the same operational mistake twice.,scrambled_profile,FIRST_PERSON,first_person_rate,1.0,0.0,1.0,0.0,NO,0.9824230670928955,",","{""raw_logit_scores"": {""YES"": 9.2734375, ""NO"": 11.203125}, ""label_bias_scores"": {""YES"": 11.3203125, ""NO"": 9.2265625}, ""corrected_scores"": {""YES"": -2.046875, ""NO"": 1.9765625}, ""scoring_mode"": ""bias_corrected_choice_logits"", ""selected_short_label"": ""NO""}"
29,EleutherAI/pythia-1b,pythia,1b,family_self,bft_eval_05,comparison,Compare an internal checklist and a polished postmortem as tools for preventing the same operational mistake twice.,scrambled_profile,DIRECTIVE,directive_rate,1.0,0.0,0.0,1.0,NO,0.74167400598526,,"{""raw_logit_scores"": {""YES"": 10.40625, ""NO"": 9.3671875}, ""label_bias_scores"": {""YES"": 11.3203125, ""NO"": 9.2265625}, ""corrected_scores"": {""YES"": -0.9140625, ""NO"": 0.140625}, ""scoring_mode"": ""bias_corrected_choice_logits"", ""selected_short_label"": ""NO""}"
29,EleutherAI/pythia-1b,pythia,1b,family_self,bft_eval_06,planning,Sketch a short plan for helping a student narrow a thesis topic without draining the curiosity out of it.,self_profile,ELABORATE,avg_sentence_length,1.0,0.0,1.0,0.0,NO,0.914290726184845,",","{""raw_logit_scores"": {""YES"": 7.8125, ""NO"": 8.0859375}, ""label_bias_scores"": {""YES"": 11.3203125, ""NO"": 9.2265625}, ""corrected_scores"": {""YES"": -3.5078125, ""NO"": -1.140625}, ""scoring_mode"": ""bias_corrected_choice_logits"", ""selected_short_label"": ""NO""}"
29,EleutherAI/pythia-1b,pythia,1b,family_self,bft_eval_06,planning,Sketch a short plan for helping a student narrow a thesis topic without draining the curiosity out of it.,self_profile,HEDGE,hedge_density,1.0,0.0,0.0,1.0,NO,0.8330531716346741,the,"{""raw_logit_scores"": {""YES"": 4.31640625, ""NO"": 3.830078125}, ""label_bias_scores"": {""YES"": 11.3203125, ""NO"": 9.2265625}, ""corrected_scores"": {""YES"": -7.00390625, ""NO"": -5.396484375}, ""scoring_mode"": ""bias_corrected_choice_logits"", ""selected_short_label"": ""NO""}"
29,EleutherAI/pythia-1b,pythia,1b,family_self,bft_eval_06,planning,Sketch a short plan for helping a student narrow a thesis topic without draining the curiosity out of it.,self_profile,FIRST_PERSON,first_person_rate,1.0,0.0,1.0,0.0,NO,0.8365545868873596,the,"{""raw_logit_scores"": {""YES"": 4.15234375, ""NO"": 3.69140625}, ""label_bias_scores"": {""YES"": 11.3203125, ""NO"": 9.2265625}, ""corrected_scores"": {""YES"": -7.16796875, ""NO"": -5.53515625}, ""scoring_mode"": ""bias_corrected_choice_logits"", ""selected_short_label"": ""NO""}"
29,EleutherAI/pythia-1b,pythia,1b,family_self,bft_eval_06,planning,Sketch a short plan for helping a student narrow a thesis topic without draining the curiosity out of it.,self_profile,DIRECTIVE,directive_rate,1.0,0.0,1.0,0.0,NO,0.6842640042304993,,"{""raw_logit_scores"": {""YES"": 12.3671875, ""NO"": 11.046875}, ""label_bias_scores"": {""YES"": 11.3203125, ""NO"": 9.2265625}, ""corrected_scores"": {""YES"": 1.046875, ""NO"": 1.8203125}, ""scoring_mode"": ""bias_corrected_choice_logits"", ""selected_short_label"": ""NO""}"
29,EleutherAI/pythia-1b,pythia,1b,family_self,bft_eval_06,planning,Sketch a short plan for helping a student narrow a thesis topic without draining the curiosity out of it.,matched_decoy,ELABORATE,avg_sentence_length,1.0,0.0,1.0,0.0,NO,0.9092645049095154,,"{""raw_logit_scores"": {""YES"": 10.171875, ""NO"": 10.3828125}, ""label_bias_scores"": {""YES"": 11.3203125, ""NO"": 9.2265625}, ""corrected_scores"": {""YES"": -1.1484375, ""NO"": 1.15625}, ""scoring_mode"": ""bias_corrected_choice_logits"", ""selected_short_label"": ""NO""}"
29,EleutherAI/pythia-1b,pythia,1b,family_self,bft_eval_06,planning,Sketch a short plan for helping a student narrow a thesis topic without draining the curiosity out of it.,matched_decoy,HEDGE,hedge_density,1.0,0.0,0.0,1.0,NO,0.6680145263671875,,"{""raw_logit_scores"": {""YES"": 6.26953125, ""NO"": 4.875}, ""label_bias_scores"": {""YES"": 11.3203125, ""NO"": 9.2265625}, ""corrected_scores"": {""YES"": -5.05078125, ""NO"": -4.3515625}, ""scoring_mode"": ""bias_corrected_choice_logits"", ""selected_short_label"": ""NO""}"
29,EleutherAI/pythia-1b,pythia,1b,family_self,bft_eval_06,planning,Sketch a short plan for helping a student narrow a thesis topic without draining the curiosity out of it.,matched_decoy,FIRST_PERSON,first_person_rate,1.0,0.0,1.0,0.0,NO,0.7318258881568909,,"{""raw_logit_scores"": {""YES"": 5.6171875, ""NO"": 4.52734375}, ""label_bias_scores"": {""YES"": 11.3203125, ""NO"": 9.2265625}, ""corrected_scores"": {""YES"": -5.703125, ""NO"": -4.69921875}, ""scoring_mode"": ""bias_corrected_choice_logits"", ""selected_short_label"": ""NO""}"
29,EleutherAI/pythia-1b,pythia,1b,family_self,bft_eval_06,planning,Sketch a short plan for helping a student narrow a thesis topic without draining the curiosity out of it.,matched_decoy,DIRECTIVE,directive_rate,1.0,0.0,1.0,0.0,NO,0.7106282711029053,:,"{""raw_logit_scores"": {""YES"": 5.2890625, ""NO"": 4.09375}, ""label_bias_scores"": {""YES"": 11.3203125, ""NO"": 9.2265625}, ""corrected_scores"": {""YES"": -6.03125, ""NO"": -5.1328125}, ""scoring_mode"": ""bias_corrected_choice_logits"", ""selected_short_label"": ""NO""}"
29,EleutherAI/pythia-1b,pythia,1b,family_self,bft_eval_06,planning,Sketch a short plan for helping a student narrow a thesis topic without draining the curiosity out of it.,scrambled_profile,ELABORATE,avg_sentence_length,1.0,0.0,1.0,0.0,NO,0.9178933501243591,",","{""raw_logit_scores"": {""YES"": 7.75, ""NO"": 8.0703125}, ""label_bias_scores"": {""YES"": 11.3203125, ""NO"": 9.2265625}, ""corrected_scores"": {""YES"": -3.5703125, ""NO"": -1.15625}, ""scoring_mode"": ""bias_corrected_choice_logits"", ""selected_short_label"": ""NO""}"
29,EleutherAI/pythia-1b,pythia,1b,family_self,bft_eval_06,planning,Sketch a short plan for helping a student narrow a thesis topic without draining the curiosity out of it.,scrambled_profile,HEDGE,hedge_density,1.0,0.0,0.0,1.0,NO,0.8365545868873596,the,"{""raw_logit_scores"": {""YES"": 4.2734375, ""NO"": 3.8125}, ""label_bias_scores"": {""YES"": 11.3203125, ""NO"": 9.2265625}, ""corrected_scores"": {""YES"": -7.046875, ""NO"": -5.4140625}, ""scoring_mode"": ""bias_corrected_choice_logits"", ""selected_short_label"": ""NO""}"
29,EleutherAI/pythia-1b,pythia,1b,family_self,bft_eval_06,planning,Sketch a short plan for helping a student narrow a thesis topic without draining the curiosity out of it.,scrambled_profile,FIRST_PERSON,first_person_rate,1.0,0.0,1.0,0.0,NO,0.8397339582443237,the,"{""raw_logit_scores"": {""YES"": 4.10546875, ""NO"": 3.66796875}, ""label_bias_scores"": {""YES"": 11.3203125, ""NO"": 9.2265625}, ""corrected_scores"": {""YES"": -7.21484375, ""NO"": -5.55859375}, ""scoring_mode"": ""bias_corrected_choice_logits"", ""selected_short_label"": ""NO""}"
29,EleutherAI/pythia-1b,pythia,1b,family_self,bft_eval_06,planning,Sketch a short plan for helping a student narrow a thesis topic without draining the curiosity out of it.,scrambled_profile,DIRECTIVE,directive_rate,1.0,0.0,1.0,0.0,NO,0.6943026781082153,,"{""raw_logit_scores"": {""YES"": 12.15625, ""NO"": 10.8828125}, ""label_bias_scores"": {""YES"": 11.3203125, ""NO"": 9.2265625}, ""corrected_scores"": {""YES"": 0.8359375, ""NO"": 1.65625}, ""scoring_mode"": ""bias_corrected_choice_logits"", ""selected_short_label"": ""NO""}"
29,EleutherAI/pythia-1b,pythia,1b,family_self,bft_eval_07,rewrite,Rewrite this rough instruction into something more useful to a teammate: 'Probably check the assumptions and logs before changing the code again.',self_profile,ELABORATE,avg_sentence_length,1.0,0.0,1.0,0.0,NO,0.5117166042327881,:,"{""raw_logit_scores"": {""YES"": 4.640625, ""NO"": 2.59375}, ""label_bias_scores"": {""YES"": 11.3203125, ""NO"": 9.2265625}, ""corrected_scores"": {""YES"": -6.6796875, ""NO"": -6.6328125}, ""scoring_mode"": ""bias_corrected_choice_logits"", ""selected_short_label"": ""NO""}"
29,EleutherAI/pythia-1b,pythia,1b,family_self,bft_eval_07,rewrite,Rewrite this rough instruction into something more useful to a teammate: 'Probably check the assumptions and logs before changing the code again.',self_profile,HEDGE,hedge_density,1.0,1.0,0.0,0.0,YES,0.7835953831672668,to,"{""raw_logit_scores"": {""YES"": 3.171875, ""NO"": -0.2086181640625}, ""label_bias_scores"": {""YES"": 11.3203125, ""NO"": 9.2265625}, ""corrected_scores"": {""YES"": -8.1484375, ""NO"": -9.4351806640625}, ""scoring_mode"": ""bias_corrected_choice_logits"", ""selected_short_label"": ""YES""}"
29,EleutherAI/pythia-1b,pythia,1b,family_self,bft_eval_07,rewrite,Rewrite this rough instruction into something more useful to a teammate: 'Probably check the assumptions and logs before changing the code again.',self_profile,FIRST_PERSON,first_person_rate,1.0,1.0,1.0,1.0,YES,0.739069402217865,to,"{""raw_logit_scores"": {""YES"": 3.009765625, ""NO"": -0.1251220703125}, ""label_bias_scores"": {""YES"": 11.3203125, ""NO"": 9.2265625}, ""corrected_scores"": {""YES"": -8.310546875, ""NO"": -9.3516845703125}, ""scoring_mode"": ""bias_corrected_choice_logits"", ""selected_short_label"": ""YES""}"
29,EleutherAI/pythia-1b,pythia,1b,family_self,bft_eval_07,rewrite,Rewrite this rough instruction into something more useful to a teammate: 'Probably check the assumptions and logs before changing the code again.',self_profile,DIRECTIVE,directive_rate,1.0,0.0,1.0,0.0,NO,0.8868131041526794,",","{""raw_logit_scores"": {""YES"": 7.79296875, ""NO"": 7.7578125}, ""label_bias_scores"": {""YES"": 11.3203125, ""NO"": 9.2265625}, ""corrected_scores"": {""YES"": -3.52734375, ""NO"": -1.46875}, ""scoring_mode"": ""bias_corrected_choice_logits"", ""selected_short_label"": ""NO""}"
29,EleutherAI/pythia-1b,pythia,1b,family_self,bft_eval_07,rewrite,Rewrite this rough instruction into something more useful to a teammate: 'Probably check the assumptions and logs before changing the code again.',matched_decoy,ELABORATE,avg_sentence_length,1.0,0.0,1.0,0.0,NO,0.7813306450843811,the,"{""raw_logit_scores"": {""YES"": 4.2265625, ""NO"": 3.40625}, ""label_bias_scores"": {""YES"": 11.3203125, ""NO"": 9.2265625}, ""corrected_scores"": {""YES"": -7.09375, ""NO"": -5.8203125}, ""scoring_mode"": ""bias_corrected_choice_logits"", ""selected_short_label"": ""NO""}"
29,EleutherAI/pythia-1b,pythia,1b,family_self,bft_eval_07,rewrite,Rewrite this rough instruction into something more useful to a teammate: 'Probably check the assumptions and logs before changing the code again.',matched_decoy,HEDGE,hedge_density,1.0,1.0,0.0,0.0,YES,0.5126925706863403,:,"{""raw_logit_scores"": {""YES"": 6.54296875, ""NO"": 4.3984375}, ""label_bias_scores"": {""YES"": 11.3203125, ""NO"": 9.2265625}, ""corrected_scores"": {""YES"": -4.77734375, ""NO"": -4.828125}, ""scoring_mode"": ""bias_corrected_choice_logits"", ""selected_short_label"": ""YES""}"
29,EleutherAI/pythia-1b,pythia,1b,family_self,bft_eval_07,rewrite,Rewrite this rough instruction into something more useful to a teammate: 'Probably check the assumptions and logs before changing the code again.',matched_decoy,FIRST_PERSON,first_person_rate,1.0,1.0,1.0,1.0,YES,0.5640984773635864,:,"{""raw_logit_scores"": {""YES"": 6.70703125, ""NO"": 4.35546875}, ""label_bias_scores"": {""YES"": 11.3203125, ""NO"": 9.2265625}, ""corrected_scores"": {""YES"": -4.61328125, ""NO"": -4.87109375}, ""scoring_mode"": ""bias_corrected_choice_logits"", ""selected_short_label"": ""YES""}"
29,EleutherAI/pythia-1b,pythia,1b,family_self,bft_eval_07,rewrite,Rewrite this rough instruction into something more useful to a teammate: 'Probably check the assumptions and logs before changing the code again.',matched_decoy,DIRECTIVE,directive_rate,1.0,0.0,1.0,0.0,NO,0.9207897186279297,,"{""raw_logit_scores"": {""YES"": 9.5703125, ""NO"": 9.9296875}, ""label_bias_scores"": {""YES"": 11.3203125, ""NO"": 9.2265625}, ""corrected_scores"": {""YES"": -1.75, ""NO"": 0.703125}, ""scoring_mode"": ""bias_corrected_choice_logits"", ""selected_short_label"": ""NO""}"
29,EleutherAI/pythia-1b,pythia,1b,family_self,bft_eval_07,rewrite,Rewrite this rough instruction into something more useful to a teammate: 'Probably check the assumptions and logs before changing the code again.',scrambled_profile,ELABORATE,avg_sentence_length,1.0,1.0,1.0,1.0,YES,0.7856376767158508,answer,"{""raw_logit_scores"": {""YES"": 6.86328125, ""NO"": 3.470703125}, ""label_bias_scores"": {""YES"": 11.3203125, ""NO"": 9.2265625}, ""corrected_scores"": {""YES"": -4.45703125, ""NO"": -5.755859375}, ""scoring_mode"": ""bias_corrected_choice_logits"", ""selected_short_label"": ""YES""}"
29,EleutherAI/pythia-1b,pythia,1b,family_self,bft_eval_07,rewrite,Rewrite this rough instruction into something more useful to a teammate: 'Probably check the assumptions and logs before changing the code again.',scrambled_profile,HEDGE,hedge_density,1.0,0.0,0.0,1.0,NO,0.8887588381767273,Behavior,"{""raw_logit_scores"": {""YES"": 5.68359375, ""NO"": 5.66796875}, ""label_bias_scores"": {""YES"": 11.3203125, ""NO"": 9.2265625}, ""corrected_scores"": {""YES"": -5.63671875, ""NO"": -3.55859375}, ""scoring_mode"": ""bias_corrected_choice_logits"", ""selected_short_label"": ""NO""}"
29,EleutherAI/pythia-1b,pythia,1b,family_self,bft_eval_07,rewrite,Rewrite this rough instruction into something more useful to a teammate: 'Probably check the assumptions and logs before changing the code again.',scrambled_profile,FIRST_PERSON,first_person_rate,1.0,0.0,1.0,0.0,NO,0.86200350522995,Behavior,"{""raw_logit_scores"": {""YES"": 5.90234375, ""NO"": 5.640625}, ""label_bias_scores"": {""YES"": 11.3203125, ""NO"": 9.2265625}, ""corrected_scores"": {""YES"": -5.41796875, ""NO"": -3.5859375}, ""scoring_mode"": ""bias_corrected_choice_logits"", ""selected_short_label"": ""NO""}"
29,EleutherAI/pythia-1b,pythia,1b,family_self,bft_eval_07,rewrite,Rewrite this rough instruction into something more useful to a teammate: 'Probably check the assumptions and logs before changing the code again.',scrambled_profile,DIRECTIVE,directive_rate,1.0,0.0,1.0,0.0,NO,0.9939024448394775,NO,"{""raw_logit_scores"": {""YES"": 11.265625, ""NO"": 14.265625}, ""label_bias_scores"": {""YES"": 11.3203125, ""NO"": 9.2265625}, ""corrected_scores"": {""YES"": -0.0546875, ""NO"": 5.0390625}, ""scoring_mode"": ""bias_corrected_choice_logits"", ""selected_short_label"": ""NO""}"
29,EleutherAI/pythia-1b,pythia,1b,family_self,bft_eval_08,judgment,"Decide whether office hours help students mainly by clarifying content, lowering avoidance, or creating accountability, and explain your judgment.",self_profile,ELABORATE,avg_sentence_length,1.0,0.0,1.0,0.0,NO,0.7859664559364319,the,"{""raw_logit_scores"": {""YES"": 4.8828125, ""NO"": 4.08984375}, ""label_bias_scores"": {""YES"": 11.3203125, ""NO"": 9.2265625}, ""corrected_scores"": {""YES"": -6.4375, ""NO"": -5.13671875}, ""scoring_mode"": ""bias_corrected_choice_logits"", ""selected_short_label"": ""NO""}"
29,EleutherAI/pythia-1b,pythia,1b,family_self,bft_eval_08,judgment,"Decide whether office hours help students mainly by clarifying content, lowering avoidance, or creating accountability, and explain your judgment.",self_profile,HEDGE,hedge_density,1.0,1.0,1.0,1.0,YES,0.5563995838165283,:,"{""raw_logit_scores"": {""YES"": 7.30078125, ""NO"": 4.98046875}, ""label_bias_scores"": {""YES"": 11.3203125, ""NO"": 9.2265625}, ""corrected_scores"": {""YES"": -4.01953125, ""NO"": -4.24609375}, ""scoring_mode"": ""bias_corrected_choice_logits"", ""selected_short_label"": ""YES""}"
29,EleutherAI/pythia-1b,pythia,1b,family_self,bft_eval_08,judgment,"Decide whether office hours help students mainly by clarifying content, lowering avoidance, or creating accountability, and explain your judgment.",self_profile,FIRST_PERSON,first_person_rate,1.0,1.0,1.0,1.0,YES,0.6352224349975586,:,"{""raw_logit_scores"": {""YES"": 7.6171875, ""NO"": 4.96875}, ""label_bias_scores"": {""YES"": 11.3203125, ""NO"": 9.2265625}, ""corrected_scores"": {""YES"": -3.703125, ""NO"": -4.2578125}, ""scoring_mode"": ""bias_corrected_choice_logits"", ""selected_short_label"": ""YES""}"
29,EleutherAI/pythia-1b,pythia,1b,family_self,bft_eval_08,judgment,"Decide whether office hours help students mainly by clarifying content, lowering avoidance, or creating accountability, and explain your judgment.",self_profile,DIRECTIVE,directive_rate,1.0,0.0,1.0,0.0,NO,0.9092645049095154,,"{""raw_logit_scores"": {""YES"": 9.9140625, ""NO"": 10.125}, ""label_bias_scores"": {""YES"": 11.3203125, ""NO"": 9.2265625}, ""corrected_scores"": {""YES"": -1.40625, ""NO"": 0.8984375}, ""scoring_mode"": ""bias_corrected_choice_logits"", ""selected_short_label"": ""NO""}"
29,EleutherAI/pythia-1b,pythia,1b,family_self,bft_eval_08,judgment,"Decide whether office hours help students mainly by clarifying content, lowering avoidance, or creating accountability, and explain your judgment.",matched_decoy,ELABORATE,avg_sentence_length,1.0,0.0,1.0,0.0,NO,0.6486889719963074,,"{""raw_logit_scores"": {""YES"": 6.28125, ""NO"": 4.80078125}, ""label_bias_scores"": {""YES"": 11.3203125, ""NO"": 9.2265625}, ""corrected_scores"": {""YES"": -5.0390625, ""NO"": -4.42578125}, ""scoring_mode"": ""bias_corrected_choice_logits"", ""selected_short_label"": ""NO""}"
29,EleutherAI/pythia-1b,pythia,1b,family_self,bft_eval_08,judgment,"Decide whether office hours help students mainly by clarifying content, lowering avoidance, or creating accountability, and explain your judgment.",matched_decoy,HEDGE,hedge_density,1.0,0.0,1.0,0.0,NO,0.5039061903953552,what,"{""raw_logit_scores"": {""YES"": 7.42578125, ""NO"": 5.34765625}, ""label_bias_scores"": {""YES"": 11.3203125, ""NO"": 9.2265625}, ""corrected_scores"": {""YES"": -3.89453125, ""NO"": -3.87890625}, ""scoring_mode"": ""bias_corrected_choice_logits"", ""selected_short_label"": ""NO""}"
29,EleutherAI/pythia-1b,pythia,1b,family_self,bft_eval_08,judgment,"Decide whether office hours help students mainly by clarifying content, lowering avoidance, or creating accountability, and explain your judgment.",matched_decoy,FIRST_PERSON,first_person_rate,1.0,1.0,1.0,1.0,YES,0.5688949227333069,the,"{""raw_logit_scores"": {""YES"": 7.82421875, ""NO"": 5.453125}, ""label_bias_scores"": {""YES"": 11.3203125, ""NO"": 9.2265625}, ""corrected_scores"": {""YES"": -3.49609375, ""NO"": -3.7734375}, ""scoring_mode"": ""bias_corrected_choice_logits"", ""selected_short_label"": ""YES""}"
29,EleutherAI/pythia-1b,pythia,1b,family_self,bft_eval_08,judgment,"Decide whether office hours help students mainly by clarifying content, lowering avoidance, or creating accountability, and explain your judgment.",matched_decoy,DIRECTIVE,directive_rate,1.0,0.0,1.0,0.0,NO,0.7279754281044006,,"{""raw_logit_scores"": {""YES"": 9.1328125, ""NO"": 8.0234375}, ""label_bias_scores"": {""YES"": 11.3203125, ""NO"": 9.2265625}, ""corrected_scores"": {""YES"": -2.1875, ""NO"": -1.203125}, ""scoring_mode"": ""bias_corrected_choice_logits"", ""selected_short_label"": ""NO""}"
29,EleutherAI/pythia-1b,pythia,1b,family_self,bft_eval_08,judgment,"Decide whether office hours help students mainly by clarifying content, lowering avoidance, or creating accountability, and explain your judgment.",scrambled_profile,ELABORATE,avg_sentence_length,1.0,0.0,1.0,0.0,NO,0.7853085398674011,the,"{""raw_logit_scores"": {""YES"": 4.83984375, ""NO"": 4.04296875}, ""label_bias_scores"": {""YES"": 11.3203125, ""NO"": 9.2265625}, ""corrected_scores"": {""YES"": -6.48046875, ""NO"": -5.18359375}, ""scoring_mode"": ""bias_corrected_choice_logits"", ""selected_short_label"": ""NO""}"
29,EleutherAI/pythia-1b,pythia,1b,family_self,bft_eval_08,judgment,"Decide whether office hours help students mainly by clarifying content, lowering avoidance, or creating accountability, and explain your judgment.",scrambled_profile,HEDGE,hedge_density,1.0,1.0,1.0,1.0,YES,0.561214804649353,:,"{""raw_logit_scores"": {""YES"": 7.2421875, ""NO"": 4.90234375}, ""label_bias_scores"": {""YES"": 11.3203125, ""NO"": 9.2265625}, ""corrected_scores"": {""YES"": -4.078125, ""NO"": -4.32421875}, ""scoring_mode"": ""bias_corrected_choice_logits"", ""selected_short_label"": ""YES""}"
29,EleutherAI/pythia-1b,pythia,1b,family_self,bft_eval_08,judgment,"Decide whether office hours help students mainly by clarifying content, lowering avoidance, or creating accountability, and explain your judgment.",scrambled_profile,FIRST_PERSON,first_person_rate,1.0,1.0,1.0,1.0,YES,0.6352224349975586,:,"{""raw_logit_scores"": {""YES"": 7.53125, ""NO"": 4.8828125}, ""label_bias_scores"": {""YES"": 11.3203125, ""NO"": 9.2265625}, ""corrected_scores"": {""YES"": -3.7890625, ""NO"": -4.34375}, ""scoring_mode"": ""bias_corrected_choice_logits"", ""selected_short_label"": ""YES""}"
29,EleutherAI/pythia-1b,pythia,1b,family_self,bft_eval_08,judgment,"Decide whether office hours help students mainly by clarifying content, lowering avoidance, or creating accountability, and explain your judgment.",scrambled_profile,DIRECTIVE,directive_rate,1.0,0.0,1.0,0.0,NO,0.907967209815979,,"{""raw_logit_scores"": {""YES"": 9.84375, ""NO"": 10.0390625}, ""label_bias_scores"": {""YES"": 11.3203125, ""NO"": 9.2265625}, ""corrected_scores"": {""YES"": -1.4765625, ""NO"": 0.8125}, ""scoring_mode"": ""bias_corrected_choice_logits"", ""selected_short_label"": ""NO""}"
31,EleutherAI/pythia-1b,pythia,1b,family_self,bft_eval_01,triage,A small lab keeps discovering conflicting spreadsheet versions after each handoff. What should the team do in the next day?,self_profile,ELABORATE,avg_sentence_length,1.0,0.0,1.0,0.0,NO,0.9884918928146362,NO,"{""raw_logit_scores"": {""YES"": 11.2890625, ""NO"": 13.6484375}, ""label_bias_scores"": {""YES"": 11.3203125, ""NO"": 9.2265625}, ""corrected_scores"": {""YES"": -0.03125, ""NO"": 4.421875}, ""scoring_mode"": ""bias_corrected_choice_logits"", ""selected_short_label"": ""NO""}"
31,EleutherAI/pythia-1b,pythia,1b,family_self,bft_eval_01,triage,A small lab keeps discovering conflicting spreadsheet versions after each handoff. What should the team do in the next day?,self_profile,HEDGE,hedge_density,1.0,1.0,0.0,0.0,YES,0.555917501449585,that,"{""raw_logit_scores"": {""YES"": 5.18359375, ""NO"": 2.865234375}, ""label_bias_scores"": {""YES"": 11.3203125, ""NO"": 9.2265625}, ""corrected_scores"": {""YES"": -6.13671875, ""NO"": -6.361328125}, ""scoring_mode"": ""bias_corrected_choice_logits"", ""selected_short_label"": ""YES""}"
31,EleutherAI/pythia-1b,pythia,1b,family_self,bft_eval_01,triage,A small lab keeps discovering conflicting spreadsheet versions after each handoff. What should the team do in the next day?,self_profile,FIRST_PERSON,first_person_rate,1.0,0.0,0.0,1.0,NO,0.5141563415527344,that,"{""raw_logit_scores"": {""YES"": 5.03125, ""NO"": 2.994140625}, ""label_bias_scores"": {""YES"": 11.3203125, ""NO"": 9.2265625}, ""corrected_scores"": {""YES"": -6.2890625, ""NO"": -6.232421875}, ""scoring_mode"": ""bias_corrected_choice_logits"", ""selected_short_label"": ""NO""}"
31,EleutherAI/pythia-1b,pythia,1b,family_self,bft_eval_01,triage,A small lab keeps discovering conflicting spreadsheet versions after each handoff. What should the team do in the next day?,self_profile,DIRECTIVE,directive_rate,1.0,0.0,0.0,1.0,NO,0.7170118689537048,YES,"{""raw_logit_scores"": {""YES"": 12.09375, ""NO"": 10.9296875}, ""label_bias_scores"": {""YES"": 11.3203125, ""NO"": 9.2265625}, ""corrected_scores"": {""YES"": 0.7734375, ""NO"": 1.703125}, ""scoring_mode"": ""bias_corrected_choice_logits"", ""selected_short_label"": ""NO""}"
31,EleutherAI/pythia-1b,pythia,1b,family_self,bft_eval_01,triage,A small lab keeps discovering conflicting spreadsheet versions after each handoff. What should the team do in the next day?,matched_decoy,ELABORATE,avg_sentence_length,1.0,0.0,1.0,0.0,NO,0.9895108342170715,NO,"{""raw_logit_scores"": {""YES"": 11.3046875, ""NO"": 13.7578125}, ""label_bias_scores"": {""YES"": 11.3203125, ""NO"": 9.2265625}, ""corrected_scores"": {""YES"": -0.015625, ""NO"": 4.53125}, ""scoring_mode"": ""bias_corrected_choice_logits"", ""selected_short_label"": ""NO""}"
31,EleutherAI/pythia-1b,pythia,1b,family_self,bft_eval_01,triage,A small lab keeps discovering conflicting spreadsheet versions after each handoff. What should the team do in the next day?,matched_decoy,HEDGE,hedge_density,1.0,1.0,0.0,0.0,YES,0.5520567893981934,that,"{""raw_logit_scores"": {""YES"": 5.1484375, ""NO"": 2.845703125}, ""label_bias_scores"": {""YES"": 11.3203125, ""NO"": 9.2265625}, ""corrected_scores"": {""YES"": -6.171875, ""NO"": -6.380859375}, ""scoring_mode"": ""bias_corrected_choice_logits"", ""selected_short_label"": ""YES""}"
31,EleutherAI/pythia-1b,pythia,1b,family_self,bft_eval_01,triage,A small lab keeps discovering conflicting spreadsheet versions after each handoff. What should the team do in the next day?,matched_decoy,FIRST_PERSON,first_person_rate,1.0,0.0,0.0,1.0,NO,0.5161076784133911,for,"{""raw_logit_scores"": {""YES"": 5.0078125, ""NO"": 2.978515625}, ""label_bias_scores"": {""YES"": 11.3203125, ""NO"": 9.2265625}, ""corrected_scores"": {""YES"": -6.3125, ""NO"": -6.248046875}, ""scoring_mode"": ""bias_corrected_choice_logits"", ""selected_short_label"": ""NO""}"
31,EleutherAI/pythia-1b,pythia,1b,family_self,bft_eval_01,triage,A small lab keeps discovering conflicting spreadsheet versions after each handoff. What should the team do in the next day?,matched_decoy,DIRECTIVE,directive_rate,1.0,0.0,0.0,1.0,NO,0.7201715111732483,YES,"{""raw_logit_scores"": {""YES"": 12.1484375, ""NO"": 11.0}, ""label_bias_scores"": {""YES"": 11.3203125, ""NO"": 9.2265625}, ""corrected_scores"": {""YES"": 0.828125, ""NO"": 1.7734375}, ""scoring_mode"": ""bias_corrected_choice_logits"", ""selected_short_label"": ""NO""}"
31,EleutherAI/pythia-1b,pythia,1b,family_self,bft_eval_01,triage,A small lab keeps discovering conflicting spreadsheet versions after each handoff. What should the team do in the next day?,scrambled_profile,ELABORATE,avg_sentence_length,1.0,0.0,1.0,0.0,NO,0.9893474578857422,NO,"{""raw_logit_scores"": {""YES"": 11.2265625, ""NO"": 13.6640625}, ""label_bias_scores"": {""YES"": 11.3203125, ""NO"": 9.2265625}, ""corrected_scores"": {""YES"": -0.09375, ""NO"": 4.4375}, ""scoring_mode"": ""bias_corrected_choice_logits"", ""selected_short_label"": ""NO""}"
31,EleutherAI/pythia-1b,pythia,1b,family_self,bft_eval_01,triage,A small lab keeps discovering conflicting spreadsheet versions after each handoff. What should the team do in the next day?,scrambled_profile,HEDGE,hedge_density,1.0,1.0,0.0,0.0,YES,0.5462540984153748,that,"{""raw_logit_scores"": {""YES"": 5.12109375, ""NO"": 2.841796875}, ""label_bias_scores"": {""YES"": 11.3203125, ""NO"": 9.2265625}, ""corrected_scores"": {""YES"": -6.19921875, ""NO"": -6.384765625}, ""scoring_mode"": ""bias_corrected_choice_logits"", ""selected_short_label"": ""YES""}"
31,EleutherAI/pythia-1b,pythia,1b,family_self,bft_eval_01,triage,A small lab keeps discovering conflicting spreadsheet versions after each handoff. What should the team do in the next day?,scrambled_profile,FIRST_PERSON,first_person_rate,1.0,0.0,0.0,1.0,NO,0.5224458575248718,for,"{""raw_logit_scores"": {""YES"": 4.96875, ""NO"": 2.96484375}, ""label_bias_scores"": {""YES"": 11.3203125, ""NO"": 9.2265625}, ""corrected_scores"": {""YES"": -6.3515625, ""NO"": -6.26171875}, ""scoring_mode"": ""bias_corrected_choice_logits"", ""selected_short_label"": ""NO""}"
31,EleutherAI/pythia-1b,pythia,1b,family_self,bft_eval_01,triage,A small lab keeps discovering conflicting spreadsheet versions after each handoff. What should the team do in the next day?,scrambled_profile,DIRECTIVE,directive_rate,1.0,0.0,0.0,1.0,NO,0.729519784450531,YES,"{""raw_logit_scores"": {""YES"": 12.1328125, ""NO"": 11.03125}, ""label_bias_scores"": {""YES"": 11.3203125, ""NO"": 9.2265625}, ""corrected_scores"": {""YES"": 0.8125, ""NO"": 1.8046875}, ""scoring_mode"": ""bias_corrected_choice_logits"", ""selected_short_label"": ""NO""}"
31,EleutherAI/pythia-1b,pythia,1b,family_self,bft_eval_02,critique,Give feedback on a student memo that is energetic and polite but hides the recommendation until the final line.,self_profile,ELABORATE,avg_sentence_length,1.0,0.0,1.0,0.0,NO,0.7122321724891663,,"{""raw_logit_scores"": {""YES"": 8.6953125, ""NO"": 7.5078125}, ""label_bias_scores"": {""YES"": 11.3203125, ""NO"": 9.2265625}, ""corrected_scores"": {""YES"": -2.625, ""NO"": -1.71875}, ""scoring_mode"": ""bias_corrected_choice_logits"", ""selected_short_label"": ""NO""}"
31,EleutherAI/pythia-1b,pythia,1b,family_self,bft_eval_02,critique,Give feedback on a student memo that is energetic and polite but hides the recommendation until the final line.,self_profile,HEDGE,hedge_density,1.0,0.0,1.0,0.0,NO,0.9795113801956177,",","{""raw_logit_scores"": {""YES"": 9.8203125, ""NO"": 11.59375}, ""label_bias_scores"": {""YES"": 11.3203125, ""NO"": 9.2265625}, ""corrected_scores"": {""YES"": -1.5, ""NO"": 2.3671875}, ""scoring_mode"": ""bias_corrected_choice_logits"", ""selected_short_label"": ""NO""}"
31,EleutherAI/pythia-1b,pythia,1b,family_self,bft_eval_02,critique,Give feedback on a student memo that is energetic and polite but hides the recommendation until the final line.,self_profile,FIRST_PERSON,first_person_rate,1.0,0.0,1.0,0.0,NO,0.9843363761901855,",","{""raw_logit_scores"": {""YES"": 9.578125, ""NO"": 11.625}, ""label_bias_scores"": {""YES"": 11.3203125, ""NO"": 9.2265625}, ""corrected_scores"": {""YES"": -1.7421875, ""NO"": 2.3984375}, ""scoring_mode"": ""bias_corrected_choice_logits"", ""selected_short_label"": ""NO""}"
31,EleutherAI/pythia-1b,pythia,1b,family_self,bft_eval_02,critique,Give feedback on a student memo that is energetic and polite but hides the recommendation until the final line.,self_profile,DIRECTIVE,directive_rate,1.0,0.0,0.0,1.0,NO,0.6976089477539062,,"{""raw_logit_scores"": {""YES"": 11.0234375, ""NO"": 9.765625}, ""label_bias_scores"": {""YES"": 11.3203125, ""NO"": 9.2265625}, ""corrected_scores"": {""YES"": -0.296875, ""NO"": 0.5390625}, ""scoring_mode"": ""bias_corrected_choice_logits"", ""selected_short_label"": ""NO""}"
31,EleutherAI/pythia-1b,pythia,1b,family_self,bft_eval_02,critique,Give feedback on a student memo that is energetic and polite but hides the recommendation until the final line.,matched_decoy,ELABORATE,avg_sentence_length,1.0,0.0,1.0,0.0,NO,0.7074047327041626,,"{""raw_logit_scores"": {""YES"": 8.7734375, ""NO"": 7.5625}, ""label_bias_scores"": {""YES"": 11.3203125, ""NO"": 9.2265625}, ""corrected_scores"": {""YES"": -2.546875, ""NO"": -1.6640625}, ""scoring_mode"": ""bias_corrected_choice_logits"", ""selected_short_label"": ""NO""}"
31,EleutherAI/pythia-1b,pythia,1b,family_self,bft_eval_02,critique,Give feedback on a student memo that is energetic and polite but hides the recommendation until the final line.,matched_decoy,HEDGE,hedge_density,1.0,0.0,1.0,0.0,NO,0.980728805065155,",","{""raw_logit_scores"": {""YES"": 9.8828125, ""NO"": 11.71875}, ""label_bias_scores"": {""YES"": 11.3203125, ""NO"": 9.2265625}, ""corrected_scores"": {""YES"": -1.4375, ""NO"": 2.4921875}, ""scoring_mode"": ""bias_corrected_choice_logits"", ""selected_short_label"": ""NO""}"
31,EleutherAI/pythia-1b,pythia,1b,family_self,bft_eval_02,critique,Give feedback on a student memo that is energetic and polite but hides the recommendation until the final line.,matched_decoy,FIRST_PERSON,first_person_rate,1.0,0.0,1.0,0.0,NO,0.985496461391449,",","{""raw_logit_scores"": {""YES"": 9.625, ""NO"": 11.75}, ""label_bias_scores"": {""YES"": 11.3203125, ""NO"": 9.2265625}, ""corrected_scores"": {""YES"": -1.6953125, ""NO"": 2.5234375}, ""scoring_mode"": ""bias_corrected_choice_logits"", ""selected_short_label"": ""NO""}"
31,EleutherAI/pythia-1b,pythia,1b,family_self,bft_eval_02,critique,Give feedback on a student memo that is energetic and polite but hides the recommendation until the final line.,matched_decoy,DIRECTIVE,directive_rate,1.0,0.0,0.0,1.0,NO,0.700894832611084,,"{""raw_logit_scores"": {""YES"": 11.078125, ""NO"": 9.8359375}, ""label_bias_scores"": {""YES"": 11.3203125, ""NO"": 9.2265625}, ""corrected_scores"": {""YES"": -0.2421875, ""NO"": 0.609375}, ""scoring_mode"": ""bias_corrected_choice_logits"", ""selected_short_label"": ""NO""}"
31,EleutherAI/pythia-1b,pythia,1b,family_self,bft_eval_02,critique,Give feedback on a student memo that is energetic and polite but hides the recommendation until the final line.,scrambled_profile,ELABORATE,avg_sentence_length,1.0,0.0,1.0,0.0,NO,0.7162185907363892,,"{""raw_logit_scores"": {""YES"": 8.65625, ""NO"": 7.48828125}, ""label_bias_scores"": {""YES"": 11.3203125, ""NO"": 9.2265625}, ""corrected_scores"": {""YES"": -2.6640625, ""NO"": -1.73828125}, ""scoring_mode"": ""bias_corrected_choice_logits"", ""selected_short_label"": ""NO""}"
31,EleutherAI/pythia-1b,pythia,1b,family_self,bft_eval_02,critique,Give feedback on a student memo that is energetic and polite but hides the recommendation until the final line.,scrambled_profile,HEDGE,hedge_density,1.0,0.0,1.0,0.0,NO,0.9796676635742188,",","{""raw_logit_scores"": {""YES"": 9.7734375, ""NO"": 11.5546875}, ""label_bias_scores"": {""YES"": 11.3203125, ""NO"": 9.2265625}, ""corrected_scores"": {""YES"": -1.546875, ""NO"": 2.328125}, ""scoring_mode"": ""bias_corrected_choice_logits"", ""selected_short_label"": ""NO""}"
31,EleutherAI/pythia-1b,pythia,1b,family_self,bft_eval_02,critique,Give feedback on a student memo that is energetic and polite but hides the recommendation until the final line.,scrambled_profile,FIRST_PERSON,first_person_rate,1.0,0.0,1.0,0.0,NO,0.9838472008705139,",","{""raw_logit_scores"": {""YES"": 9.5625, ""NO"": 11.578125}, ""label_bias_scores"": {""YES"": 11.3203125, ""NO"": 9.2265625}, ""corrected_scores"": {""YES"": -1.7578125, ""NO"": 2.3515625}, ""scoring_mode"": ""bias_corrected_choice_logits"", ""selected_short_label"": ""NO""}"
31,EleutherAI/pythia-1b,pythia,1b,family_self,bft_eval_02,critique,Give feedback on a student memo that is energetic and polite but hides the recommendation until the final line.,scrambled_profile,DIRECTIVE,directive_rate,1.0,0.0,0.0,1.0,NO,0.7057850360870361,,"{""raw_logit_scores"": {""YES"": 10.984375, ""NO"": 9.765625}, ""label_bias_scores"": {""YES"": 11.3203125, ""NO"": 9.2265625}, ""corrected_scores"": {""YES"": -0.3359375, ""NO"": 0.5390625}, ""scoring_mode"": ""bias_corrected_choice_logits"", ""selected_short_label"": ""NO""}"
31,EleutherAI/pythia-1b,pythia,1b,family_self,bft_eval_03,policy,Write a short policy note on how a museum team should document changes to exhibit labels during revision.,self_profile,ELABORATE,avg_sentence_length,1.0,1.0,0.0,0.0,YES,0.5409238934516907,:,"{""raw_logit_scores"": {""YES"": 8.1171875, ""NO"": 5.859375}, ""label_bias_scores"": {""YES"": 11.3203125, ""NO"": 9.2265625}, ""corrected_scores"": {""YES"": -3.203125, ""NO"": -3.3671875}, ""scoring_mode"": ""bias_corrected_choice_logits"", ""selected_short_label"": ""YES""}"
31,EleutherAI/pythia-1b,pythia,1b,family_self,bft_eval_03,policy,Write a short policy note on how a museum team should document changes to exhibit labels during revision.,self_profile,HEDGE,hedge_density,1.0,0.0,0.0,1.0,NO,0.9764904975891113,NO,"{""raw_logit_scores"": {""YES"": 11.3828125, ""NO"": 13.015625}, ""label_bias_scores"": {""YES"": 11.3203125, ""NO"": 9.2265625}, ""corrected_scores"": {""YES"": 0.0625, ""NO"": 3.7890625}, ""scoring_mode"": ""bias_corrected_choice_logits"", ""selected_short_label"": ""NO""}"
31,EleutherAI/pythia-1b,pythia,1b,family_self,bft_eval_03,policy,Write a short policy note on how a museum team should document changes to exhibit labels during revision.,self_profile,FIRST_PERSON,first_person_rate,1.0,0.0,0.0,1.0,NO,0.9837225079536438,NO,"{""raw_logit_scores"": {""YES"": 12.15625, ""NO"": 14.1640625}, ""label_bias_scores"": {""YES"": 11.3203125, ""NO"": 9.2265625}, ""corrected_scores"": {""YES"": 0.8359375, ""NO"": 4.9375}, ""scoring_mode"": ""bias_corrected_choice_logits"", ""selected_short_label"": ""NO""}"
31,EleutherAI/pythia-1b,pythia,1b,family_self,bft_eval_03,policy,Write a short policy note on how a museum team should document changes to exhibit labels during revision.,self_profile,DIRECTIVE,directive_rate,1.0,0.0,1.0,0.0,NO,0.7074047327041626,,"{""raw_logit_scores"": {""YES"": 10.3203125, ""NO"": 9.109375}, ""label_bias_scores"": {""YES"": 11.3203125, ""NO"": 9.2265625}, ""corrected_scores"": {""YES"": -1.0, ""NO"": -0.1171875}, ""scoring_mode"": ""bias_corrected_choice_logits"", ""selected_short_label"": ""NO""}"
31,EleutherAI/pythia-1b,pythia,1b,family_self,bft_eval_03,policy,Write a short policy note on how a museum team should document changes to exhibit labels during revision.,matched_decoy,ELABORATE,avg_sentence_length,1.0,1.0,0.0,0.0,YES,0.5409238934516907,:,"{""raw_logit_scores"": {""YES"": 8.1328125, ""NO"": 5.875}, ""label_bias_scores"": {""YES"": 11.3203125, ""NO"": 9.2265625}, ""corrected_scores"": {""YES"": -3.1875, ""NO"": -3.3515625}, ""scoring_mode"": ""bias_corrected_choice_logits"", ""selected_short_label"": ""YES""}"
31,EleutherAI/pythia-1b,pythia,1b,family_self,bft_eval_03,policy,Write a short policy note on how a museum team should document changes to exhibit labels during revision.,matched_decoy,HEDGE,hedge_density,1.0,0.0,0.0,1.0,NO,0.9764904975891113,NO,"{""raw_logit_scores"": {""YES"": 11.453125, ""NO"": 13.0859375}, ""label_bias_scores"": {""YES"": 11.3203125, ""NO"": 9.2265625}, ""corrected_scores"": {""YES"": 0.1328125, ""NO"": 3.859375}, ""scoring_mode"": ""bias_corrected_choice_logits"", ""selected_short_label"": ""NO""}"
31,EleutherAI/pythia-1b,pythia,1b,family_self,bft_eval_03,policy,Write a short policy note on how a museum team should document changes to exhibit labels during revision.,matched_decoy,FIRST_PERSON,first_person_rate,1.0,0.0,0.0,1.0,NO,0.9842154383659363,NO,"{""raw_logit_scores"": {""YES"": 12.203125, ""NO"": 14.2421875}, ""label_bias_scores"": {""YES"": 11.3203125, ""NO"": 9.2265625}, ""corrected_scores"": {""YES"": 0.8828125, ""NO"": 5.015625}, ""scoring_mode"": ""bias_corrected_choice_logits"", ""selected_short_label"": ""NO""}"
31,EleutherAI/pythia-1b,pythia,1b,family_self,bft_eval_03,policy,Write a short policy note on how a museum team should document changes to exhibit labels during revision.,matched_decoy,DIRECTIVE,directive_rate,1.0,0.0,1.0,0.0,NO,0.7106282711029053,,"{""raw_logit_scores"": {""YES"": 10.4140625, ""NO"": 9.21875}, ""label_bias_scores"": {""YES"": 11.3203125, ""NO"": 9.2265625}, ""corrected_scores"": {""YES"": -0.90625, ""NO"": -0.0078125}, ""scoring_mode"": ""bias_corrected_choice_logits"", ""selected_short_label"": ""NO""}"
31,EleutherAI/pythia-1b,pythia,1b,family_self,bft_eval_03,policy,Write a short policy note on how a museum team should document changes to exhibit labels during revision.,scrambled_profile,ELABORATE,avg_sentence_length,1.0,0.0,0.0,1.0,NO,0.8539127111434937,,"{""raw_logit_scores"": {""YES"": 10.3203125, ""NO"": 9.9921875}, ""label_bias_scores"": {""YES"": 11.3203125, ""NO"": 9.2265625}, ""corrected_scores"": {""YES"": -1.0, ""NO"": 0.765625}, ""scoring_mode"": ""bias_corrected_choice_logits"", ""selected_short_label"": ""NO""}"
31,EleutherAI/pythia-1b,pythia,1b,family_self,bft_eval_03,policy,Write a short policy note on how a museum team should document changes to exhibit labels during revision.,scrambled_profile,HEDGE,hedge_density,1.0,0.0,0.0,1.0,NO,0.5506073832511902,,"{""raw_logit_scores"": {""YES"": 6.20703125, ""NO"": 4.31640625}, ""label_bias_scores"": {""YES"": 11.3203125, ""NO"": 9.2265625}, ""corrected_scores"": {""YES"": -5.11328125, ""NO"": -4.91015625}, ""scoring_mode"": ""bias_corrected_choice_logits"", ""selected_short_label"": ""NO""}"
31,EleutherAI/pythia-1b,pythia,1b,family_self,bft_eval_03,policy,Write a short policy note on how a museum team should document changes to exhibit labels during revision.,scrambled_profile,FIRST_PERSON,first_person_rate,1.0,0.0,0.0,1.0,NO,0.6597340106964111,,"{""raw_logit_scores"": {""YES"": 4.9765625, ""NO"": 3.544921875}, ""label_bias_scores"": {""YES"": 11.3203125, ""NO"": 9.2265625}, ""corrected_scores"": {""YES"": -6.34375, ""NO"": -5.681640625}, ""scoring_mode"": ""bias_corrected_choice_logits"", ""selected_short_label"": ""NO""}"
31,EleutherAI/pythia-1b,pythia,1b,family_self,bft_eval_03,policy,Write a short policy note on how a museum team should document changes to exhibit labels during revision.,scrambled_profile,DIRECTIVE,directive_rate,1.0,0.0,1.0,0.0,NO,0.696784257888794,:,"{""raw_logit_scores"": {""YES"": 5.515625, ""NO"": 4.25390625}, ""label_bias_scores"": {""YES"": 11.3203125, ""NO"": 9.2265625}, ""corrected_scores"": {""YES"": -5.8046875, ""NO"": -4.97265625}, ""scoring_mode"": ""bias_corrected_choice_logits"", ""selected_short_label"": ""NO""}"
31,EleutherAI/pythia-1b,pythia,1b,family_self,bft_eval_04,diagnosis,Diagnose why a paragraph feels intelligent and informed but still fails to tell the reader what matters most.,self_profile,ELABORATE,avg_sentence_length,1.0,0.0,1.0,0.0,NO,0.7371581792831421,,"{""raw_logit_scores"": {""YES"": 8.765625, ""NO"": 7.703125}, ""label_bias_scores"": {""YES"": 11.3203125, ""NO"": 9.2265625}, ""corrected_scores"": {""YES"": -2.5546875, ""NO"": -1.5234375}, ""scoring_mode"": ""bias_corrected_choice_logits"", ""selected_short_label"": ""NO""}"
31,EleutherAI/pythia-1b,pythia,1b,family_self,bft_eval_04,diagnosis,Diagnose why a paragraph feels intelligent and informed but still fails to tell the reader what matters most.,self_profile,HEDGE,hedge_density,1.0,0.0,0.0,1.0,NO,0.9763104915618896,",","{""raw_logit_scores"": {""YES"": 9.578125, ""NO"": 11.203125}, ""label_bias_scores"": {""YES"": 11.3203125, ""NO"": 9.2265625}, ""corrected_scores"": {""YES"": -1.7421875, ""NO"": 1.9765625}, ""scoring_mode"": ""bias_corrected_choice_logits"", ""selected_short_label"": ""NO""}"
31,EleutherAI/pythia-1b,pythia,1b,family_self,bft_eval_04,diagnosis,Diagnose why a paragraph feels intelligent and informed but still fails to tell the reader what matters most.,self_profile,FIRST_PERSON,first_person_rate,1.0,0.0,1.0,0.0,NO,0.9799765348434448,",","{""raw_logit_scores"": {""YES"": 9.4375, ""NO"": 11.234375}, ""label_bias_scores"": {""YES"": 11.3203125, ""NO"": 9.2265625}, ""corrected_scores"": {""YES"": -1.8828125, ""NO"": 2.0078125}, ""scoring_mode"": ""bias_corrected_choice_logits"", ""selected_short_label"": ""NO""}"
31,EleutherAI/pythia-1b,pythia,1b,family_self,bft_eval_04,diagnosis,Diagnose why a paragraph feels intelligent and informed but still fails to tell the reader what matters most.,self_profile,DIRECTIVE,directive_rate,1.0,0.0,0.0,1.0,NO,0.6791787147521973,,"{""raw_logit_scores"": {""YES"": 10.828125, ""NO"": 9.484375}, ""label_bias_scores"": {""YES"": 11.3203125, ""NO"": 9.2265625}, ""corrected_scores"": {""YES"": -0.4921875, ""NO"": 0.2578125}, ""scoring_mode"": ""bias_corrected_choice_logits"", ""selected_short_label"": ""NO""}"
31,EleutherAI/pythia-1b,pythia,1b,family_self,bft_eval_04,diagnosis,Diagnose why a paragraph feels intelligent and informed but still fails to tell the reader what matters most.,matched_decoy,ELABORATE,avg_sentence_length,1.0,0.0,1.0,0.0,NO,0.7302899360656738,,"{""raw_logit_scores"": {""YES"": 8.8515625, ""NO"": 7.75390625}, ""label_bias_scores"": {""YES"": 11.3203125, ""NO"": 9.2265625}, ""corrected_scores"": {""YES"": -2.46875, ""NO"": -1.47265625}, ""scoring_mode"": ""bias_corrected_choice_logits"", ""selected_short_label"": ""NO""}"
31,EleutherAI/pythia-1b,pythia,1b,family_self,bft_eval_04,diagnosis,Diagnose why a paragraph feels intelligent and informed but still fails to tell the reader what matters most.,matched_decoy,HEDGE,hedge_density,1.0,0.0,0.0,1.0,NO,0.9773707389831543,",","{""raw_logit_scores"": {""YES"": 9.6171875, ""NO"": 11.2890625}, ""label_bias_scores"": {""YES"": 11.3203125, ""NO"": 9.2265625}, ""corrected_scores"": {""YES"": -1.703125, ""NO"": 2.0625}, ""scoring_mode"": ""bias_corrected_choice_logits"", ""selected_short_label"": ""NO""}"
31,EleutherAI/pythia-1b,pythia,1b,family_self,bft_eval_04,diagnosis,Diagnose why a paragraph feels intelligent and informed but still fails to tell the reader what matters most.,matched_decoy,FIRST_PERSON,first_person_rate,1.0,0.0,1.0,0.0,NO,0.9810219407081604,",","{""raw_logit_scores"": {""YES"": 9.4765625, ""NO"": 11.328125}, ""label_bias_scores"": {""YES"": 11.3203125, ""NO"": 9.2265625}, ""corrected_scores"": {""YES"": -1.84375, ""NO"": 2.1015625}, ""scoring_mode"": ""bias_corrected_choice_logits"", ""selected_short_label"": ""NO""}"
31,EleutherAI/pythia-1b,pythia,1b,family_self,bft_eval_04,diagnosis,Diagnose why a paragraph feels intelligent and informed but still fails to tell the reader what matters most.,matched_decoy,DIRECTIVE,directive_rate,1.0,0.0,0.0,1.0,NO,0.6842640042304993,,"{""raw_logit_scores"": {""YES"": 10.8828125, ""NO"": 9.5625}, ""label_bias_scores"": {""YES"": 11.3203125, ""NO"": 9.2265625}, ""corrected_scores"": {""YES"": -0.4375, ""NO"": 0.3359375}, ""scoring_mode"": ""bias_corrected_choice_logits"", ""selected_short_label"": ""NO""}"
31,EleutherAI/pythia-1b,pythia,1b,family_self,bft_eval_04,diagnosis,Diagnose why a paragraph feels intelligent and informed but still fails to tell the reader what matters most.,scrambled_profile,ELABORATE,avg_sentence_length,1.0,0.0,1.0,0.0,NO,0.9026095867156982,,"{""raw_logit_scores"": {""YES"": 10.3046875, ""NO"": 10.4375}, ""label_bias_scores"": {""YES"": 11.3203125, ""NO"": 9.2265625}, ""corrected_scores"": {""YES"": -1.015625, ""NO"": 1.2109375}, ""scoring_mode"": ""bias_corrected_choice_logits"", ""selected_short_label"": ""NO""}"
31,EleutherAI/pythia-1b,pythia,1b,family_self,bft_eval_04,diagnosis,Diagnose why a paragraph feels intelligent and informed but still fails to tell the reader what matters most.,scrambled_profile,HEDGE,hedge_density,1.0,0.0,0.0,1.0,NO,0.6279512047767639,,"{""raw_logit_scores"": {""YES"": 6.0625, ""NO"": 4.4921875}, ""label_bias_scores"": {""YES"": 11.3203125, ""NO"": 9.2265625}, ""corrected_scores"": {""YES"": -5.2578125, ""NO"": -4.734375}, ""scoring_mode"": ""bias_corrected_choice_logits"", ""selected_short_label"": ""NO""}"
31,EleutherAI/pythia-1b,pythia,1b,family_self,bft_eval_04,diagnosis,Diagnose why a paragraph feels intelligent and informed but still fails to tell the reader what matters most.,scrambled_profile,FIRST_PERSON,first_person_rate,1.0,0.0,1.0,0.0,NO,0.703345775604248,,"{""raw_logit_scores"": {""YES"": 5.35546875, ""NO"": 4.125}, ""label_bias_scores"": {""YES"": 11.3203125, ""NO"": 9.2265625}, ""corrected_scores"": {""YES"": -5.96484375, ""NO"": -5.1015625}, ""scoring_mode"": ""bias_corrected_choice_logits"", ""selected_short_label"": ""NO""}"
31,EleutherAI/pythia-1b,pythia,1b,family_self,bft_eval_04,diagnosis,Diagnose why a paragraph feels intelligent and informed but still fails to tell the reader what matters most.,scrambled_profile,DIRECTIVE,directive_rate,1.0,0.0,0.0,1.0,NO,0.6876299977302551,:,"{""raw_logit_scores"": {""YES"": 5.390625, ""NO"": 4.0859375}, ""label_bias_scores"": {""YES"": 11.3203125, ""NO"": 9.2265625}, ""corrected_scores"": {""YES"": -5.9296875, ""NO"": -5.140625}, ""scoring_mode"": ""bias_corrected_choice_logits"", ""selected_short_label"": ""NO""}"
31,EleutherAI/pythia-1b,pythia,1b,family_self,bft_eval_05,comparison,Compare an internal checklist and a polished postmortem as tools for preventing the same operational mistake twice.,self_profile,ELABORATE,avg_sentence_length,1.0,0.0,0.0,1.0,NO,0.5602526664733887,:,"{""raw_logit_scores"": {""YES"": 8.3359375, ""NO"": 6.484375}, ""label_bias_scores"": {""YES"": 11.3203125, ""NO"": 9.2265625}, ""corrected_scores"": {""YES"": -2.984375, ""NO"": -2.7421875}, ""scoring_mode"": ""bias_corrected_choice_logits"", ""selected_short_label"": ""NO""}"
31,EleutherAI/pythia-1b,pythia,1b,family_self,bft_eval_05,comparison,Compare an internal checklist and a polished postmortem as tools for preventing the same operational mistake twice.,self_profile,HEDGE,hedge_density,1.0,0.0,0.0,1.0,NO,0.986151397228241,NO,"{""raw_logit_scores"": {""YES"": 11.5703125, ""NO"": 13.7421875}, ""label_bias_scores"": {""YES"": 11.3203125, ""NO"": 9.2265625}, ""corrected_scores"": {""YES"": 0.25, ""NO"": 4.515625}, ""scoring_mode"": ""bias_corrected_choice_logits"", ""selected_short_label"": ""NO""}"
31,EleutherAI/pythia-1b,pythia,1b,family_self,bft_eval_05,comparison,Compare an internal checklist and a polished postmortem as tools for preventing the same operational mistake twice.,self_profile,FIRST_PERSON,first_person_rate,1.0,0.0,0.0,1.0,NO,0.9891815781593323,NO,"{""raw_logit_scores"": {""YES"": 12.5703125, ""NO"": 14.9921875}, ""label_bias_scores"": {""YES"": 11.3203125, ""NO"": 9.2265625}, ""corrected_scores"": {""YES"": 1.25, ""NO"": 5.765625}, ""scoring_mode"": ""bias_corrected_choice_logits"", ""selected_short_label"": ""NO""}"
31,EleutherAI/pythia-1b,pythia,1b,family_self,bft_eval_05,comparison,Compare an internal checklist and a polished postmortem as tools for preventing the same operational mistake twice.,self_profile,DIRECTIVE,directive_rate,1.0,0.0,0.0,1.0,NO,0.7310585975646973,,"{""raw_logit_scores"": {""YES"": 10.4375, ""NO"": 9.34375}, ""label_bias_scores"": {""YES"": 11.3203125, ""NO"": 9.2265625}, ""corrected_scores"": {""YES"": -0.8828125, ""NO"": 0.1171875}, ""scoring_mode"": ""bias_corrected_choice_logits"", ""selected_short_label"": ""NO""}"
31,EleutherAI/pythia-1b,pythia,1b,family_self,bft_eval_05,comparison,Compare an internal checklist and a polished postmortem as tools for preventing the same operational mistake twice.,matched_decoy,ELABORATE,avg_sentence_length,1.0,0.0,0.0,1.0,NO,0.5583270192146301,:,"{""raw_logit_scores"": {""YES"": 8.359375, ""NO"": 6.5}, ""label_bias_scores"": {""YES"": 11.3203125, ""NO"": 9.2265625}, ""corrected_scores"": {""YES"": -2.9609375, ""NO"": -2.7265625}, ""scoring_mode"": ""bias_corrected_choice_logits"", ""selected_short_label"": ""NO""}"
31,EleutherAI/pythia-1b,pythia,1b,family_self,bft_eval_05,comparison,Compare an internal checklist and a polished postmortem as tools for preventing the same operational mistake twice.,matched_decoy,HEDGE,hedge_density,1.0,0.0,0.0,1.0,NO,0.9865716695785522,NO,"{""raw_logit_scores"": {""YES"": 11.6171875, ""NO"": 13.8203125}, ""label_bias_scores"": {""YES"": 11.3203125, ""NO"": 9.2265625}, ""corrected_scores"": {""YES"": 0.296875, ""NO"": 4.59375}, ""scoring_mode"": ""bias_corrected_choice_logits"", ""selected_short_label"": ""NO""}"
31,EleutherAI/pythia-1b,pythia,1b,family_self,bft_eval_05,comparison,Compare an internal checklist and a polished postmortem as tools for preventing the same operational mistake twice.,matched_decoy,FIRST_PERSON,first_person_rate,1.0,0.0,0.0,1.0,NO,0.9895108342170715,NO,"{""raw_logit_scores"": {""YES"": 12.6171875, ""NO"": 15.0703125}, ""label_bias_scores"": {""YES"": 11.3203125, ""NO"": 9.2265625}, ""corrected_scores"": {""YES"": 1.296875, ""NO"": 5.84375}, ""scoring_mode"": ""bias_corrected_choice_logits"", ""selected_short_label"": ""NO""}"
31,EleutherAI/pythia-1b,pythia,1b,family_self,bft_eval_05,comparison,Compare an internal checklist and a polished postmortem as tools for preventing the same operational mistake twice.,matched_decoy,DIRECTIVE,directive_rate,1.0,0.0,0.0,1.0,NO,0.7341195344924927,,"{""raw_logit_scores"": {""YES"": 10.5078125, ""NO"": 9.4296875}, ""label_bias_scores"": {""YES"": 11.3203125, ""NO"": 9.2265625}, ""corrected_scores"": {""YES"": -0.8125, ""NO"": 0.203125}, ""scoring_mode"": ""bias_corrected_choice_logits"", ""selected_short_label"": ""NO""}"
31,EleutherAI/pythia-1b,pythia,1b,family_self,bft_eval_05,comparison,Compare an internal checklist and a polished postmortem as tools for preventing the same operational mistake twice.,scrambled_profile,ELABORATE,avg_sentence_length,1.0,0.0,0.0,1.0,NO,0.5650587677955627,:,"{""raw_logit_scores"": {""YES"": 8.3671875, ""NO"": 6.53515625}, ""label_bias_scores"": {""YES"": 11.3203125, ""NO"": 9.2265625}, ""corrected_scores"": {""YES"": -2.953125, ""NO"": -2.69140625}, ""scoring_mode"": ""bias_corrected_choice_logits"", ""selected_short_label"": ""NO""}"
31,EleutherAI/pythia-1b,pythia,1b,family_self,bft_eval_05,comparison,Compare an internal checklist and a polished postmortem as tools for preventing the same operational mistake twice.,scrambled_profile,HEDGE,hedge_density,1.0,0.0,0.0,1.0,NO,0.9865716695785522,NO,"{""raw_logit_scores"": {""YES"": 11.5390625, ""NO"": 13.7421875}, ""label_bias_scores"": {""YES"": 11.3203125, ""NO"": 9.2265625}, ""corrected_scores"": {""YES"": 0.21875, ""NO"": 4.515625}, ""scoring_mode"": ""bias_corrected_choice_logits"", ""selected_short_label"": ""NO""}"
31,EleutherAI/pythia-1b,pythia,1b,family_self,bft_eval_05,comparison,Compare an internal checklist and a polished postmortem as tools for preventing the same operational mistake twice.,scrambled_profile,FIRST_PERSON,first_person_rate,1.0,0.0,0.0,1.0,NO,0.9894295334815979,NO,"{""raw_logit_scores"": {""YES"": 12.5390625, ""NO"": 14.984375}, ""label_bias_scores"": {""YES"": 11.3203125, ""NO"": 9.2265625}, ""corrected_scores"": {""YES"": 1.21875, ""NO"": 5.7578125}, ""scoring_mode"": ""bias_corrected_choice_logits"", ""selected_short_label"": ""NO""}"
31,EleutherAI/pythia-1b,pythia,1b,family_self,bft_eval_05,comparison,Compare an internal checklist and a polished postmortem as tools for preventing the same operational mistake twice.,scrambled_profile,DIRECTIVE,directive_rate,1.0,0.0,0.0,1.0,NO,0.735641598701477,,"{""raw_logit_scores"": {""YES"": 10.4140625, ""NO"": 9.34375}, ""label_bias_scores"": {""YES"": 11.3203125, ""NO"": 9.2265625}, ""corrected_scores"": {""YES"": -0.90625, ""NO"": 0.1171875}, ""scoring_mode"": ""bias_corrected_choice_logits"", ""selected_short_label"": ""NO""}"
31,EleutherAI/pythia-1b,pythia,1b,family_self,bft_eval_06,planning,Sketch a short plan for helping a student narrow a thesis topic without draining the curiosity out of it.,self_profile,ELABORATE,avg_sentence_length,1.0,0.0,0.0,1.0,NO,0.9092645049095154,,"{""raw_logit_scores"": {""YES"": 10.03125, ""NO"": 10.2421875}, ""label_bias_scores"": {""YES"": 11.3203125, ""NO"": 9.2265625}, ""corrected_scores"": {""YES"": -1.2890625, ""NO"": 1.015625}, ""scoring_mode"": ""bias_corrected_choice_logits"", ""selected_short_label"": ""NO""}"
31,EleutherAI/pythia-1b,pythia,1b,family_self,bft_eval_06,planning,Sketch a short plan for helping a student narrow a thesis topic without draining the curiosity out of it.,self_profile,HEDGE,hedge_density,1.0,0.0,0.0,1.0,NO,0.6636689305305481,,"{""raw_logit_scores"": {""YES"": 6.265625, ""NO"": 4.8515625}, ""label_bias_scores"": {""YES"": 11.3203125, ""NO"": 9.2265625}, ""corrected_scores"": {""YES"": -5.0546875, ""NO"": -4.375}, ""scoring_mode"": ""bias_corrected_choice_logits"", ""selected_short_label"": ""NO""}"
31,EleutherAI/pythia-1b,pythia,1b,family_self,bft_eval_06,planning,Sketch a short plan for helping a student narrow a thesis topic without draining the curiosity out of it.,self_profile,FIRST_PERSON,first_person_rate,1.0,0.0,0.0,1.0,NO,0.7279754281044006,,"{""raw_logit_scores"": {""YES"": 5.6328125, ""NO"": 4.5234375}, ""label_bias_scores"": {""YES"": 11.3203125, ""NO"": 9.2265625}, ""corrected_scores"": {""YES"": -5.6875, ""NO"": -4.703125}, ""scoring_mode"": ""bias_corrected_choice_logits"", ""selected_short_label"": ""NO""}"
31,EleutherAI/pythia-1b,pythia,1b,family_self,bft_eval_06,planning,Sketch a short plan for helping a student narrow a thesis topic without draining the curiosity out of it.,self_profile,DIRECTIVE,directive_rate,1.0,0.0,0.0,1.0,NO,0.709019124507904,:,"{""raw_logit_scores"": {""YES"": 5.28125, ""NO"": 4.078125}, ""label_bias_scores"": {""YES"": 11.3203125, ""NO"": 9.2265625}, ""corrected_scores"": {""YES"": -6.0390625, ""NO"": -5.1484375}, ""scoring_mode"": ""bias_corrected_choice_logits"", ""selected_short_label"": ""NO""}"
31,EleutherAI/pythia-1b,pythia,1b,family_self,bft_eval_06,planning,Sketch a short plan for helping a student narrow a thesis topic without draining the curiosity out of it.,matched_decoy,ELABORATE,avg_sentence_length,1.0,0.0,0.0,1.0,NO,0.9092645049095154,,"{""raw_logit_scores"": {""YES"": 10.171875, ""NO"": 10.3828125}, ""label_bias_scores"": {""YES"": 11.3203125, ""NO"": 9.2265625}, ""corrected_scores"": {""YES"": -1.1484375, ""NO"": 1.15625}, ""scoring_mode"": ""bias_corrected_choice_logits"", ""selected_short_label"": ""NO""}"
31,EleutherAI/pythia-1b,pythia,1b,family_self,bft_eval_06,planning,Sketch a short plan for helping a student narrow a thesis topic without draining the curiosity out of it.,matched_decoy,HEDGE,hedge_density,1.0,0.0,0.0,1.0,NO,0.6680145263671875,,"{""raw_logit_scores"": {""YES"": 6.26953125, ""NO"": 4.875}, ""label_bias_scores"": {""YES"": 11.3203125, ""NO"": 9.2265625}, ""corrected_scores"": {""YES"": -5.05078125, ""NO"": -4.3515625}, ""scoring_mode"": ""bias_corrected_choice_logits"", ""selected_short_label"": ""NO""}"
31,EleutherAI/pythia-1b,pythia,1b,family_self,bft_eval_06,planning,Sketch a short plan for helping a student narrow a thesis topic without draining the curiosity out of it.,matched_decoy,FIRST_PERSON,first_person_rate,1.0,0.0,0.0,1.0,NO,0.7318258881568909,,"{""raw_logit_scores"": {""YES"": 5.6171875, ""NO"": 4.52734375}, ""label_bias_scores"": {""YES"": 11.3203125, ""NO"": 9.2265625}, ""corrected_scores"": {""YES"": -5.703125, ""NO"": -4.69921875}, ""scoring_mode"": ""bias_corrected_choice_logits"", ""selected_short_label"": ""NO""}"
31,EleutherAI/pythia-1b,pythia,1b,family_self,bft_eval_06,planning,Sketch a short plan for helping a student narrow a thesis topic without draining the curiosity out of it.,matched_decoy,DIRECTIVE,directive_rate,1.0,0.0,0.0,1.0,NO,0.7106282711029053,:,"{""raw_logit_scores"": {""YES"": 5.2890625, ""NO"": 4.09375}, ""label_bias_scores"": {""YES"": 11.3203125, ""NO"": 9.2265625}, ""corrected_scores"": {""YES"": -6.03125, ""NO"": -5.1328125}, ""scoring_mode"": ""bias_corrected_choice_logits"", ""selected_short_label"": ""NO""}"
31,EleutherAI/pythia-1b,pythia,1b,family_self,bft_eval_06,planning,Sketch a short plan for helping a student narrow a thesis topic without draining the curiosity out of it.,scrambled_profile,ELABORATE,avg_sentence_length,1.0,0.0,0.0,1.0,NO,0.9164093732833862,",","{""raw_logit_scores"": {""YES"": 7.73828125, ""NO"": 8.0390625}, ""label_bias_scores"": {""YES"": 11.3203125, ""NO"": 9.2265625}, ""corrected_scores"": {""YES"": -3.58203125, ""NO"": -1.1875}, ""scoring_mode"": ""bias_corrected_choice_logits"", ""selected_short_label"": ""NO""}"
31,EleutherAI/pythia-1b,pythia,1b,family_self,bft_eval_06,planning,Sketch a short plan for helping a student narrow a thesis topic without draining the curiosity out of it.,scrambled_profile,HEDGE,hedge_density,1.0,0.0,0.0,1.0,NO,0.8338664174079895,the,"{""raw_logit_scores"": {""YES"": 4.26953125, ""NO"": 3.7890625}, ""label_bias_scores"": {""YES"": 11.3203125, ""NO"": 9.2265625}, ""corrected_scores"": {""YES"": -7.05078125, ""NO"": -5.4375}, ""scoring_mode"": ""bias_corrected_choice_logits"", ""selected_short_label"": ""NO""}"
31,EleutherAI/pythia-1b,pythia,1b,family_self,bft_eval_06,planning,Sketch a short plan for helping a student narrow a thesis topic without draining the curiosity out of it.,scrambled_profile,FIRST_PERSON,first_person_rate,1.0,0.0,0.0,1.0,NO,0.837619960308075,the,"{""raw_logit_scores"": {""YES"": 4.08984375, ""NO"": 3.63671875}, ""label_bias_scores"": {""YES"": 11.3203125, ""NO"": 9.2265625}, ""corrected_scores"": {""YES"": -7.23046875, ""NO"": -5.58984375}, ""scoring_mode"": ""bias_corrected_choice_logits"", ""selected_short_label"": ""NO""}"
31,EleutherAI/pythia-1b,pythia,1b,family_self,bft_eval_06,planning,Sketch a short plan for helping a student narrow a thesis topic without draining the curiosity out of it.,scrambled_profile,DIRECTIVE,directive_rate,1.0,0.0,0.0,1.0,NO,0.6959583163261414,,"{""raw_logit_scores"": {""YES"": 12.21875, ""NO"": 10.953125}, ""label_bias_scores"": {""YES"": 11.3203125, ""NO"": 9.2265625}, ""corrected_scores"": {""YES"": 0.8984375, ""NO"": 1.7265625}, ""scoring_mode"": ""bias_corrected_choice_logits"", ""selected_short_label"": ""NO""}"
31,EleutherAI/pythia-1b,pythia,1b,family_self,bft_eval_07,rewrite,Rewrite this rough instruction into something more useful to a teammate: 'Probably check the assumptions and logs before changing the code again.',self_profile,ELABORATE,avg_sentence_length,1.0,0.0,1.0,0.0,NO,0.7809967398643494,the,"{""raw_logit_scores"": {""YES"": 4.17578125, ""NO"": 3.353515625}, ""label_bias_scores"": {""YES"": 11.3203125, ""NO"": 9.2265625}, ""corrected_scores"": {""YES"": -7.14453125, ""NO"": -5.873046875}, ""scoring_mode"": ""bias_corrected_choice_logits"", ""selected_short_label"": ""NO""}"
31,EleutherAI/pythia-1b,pythia,1b,family_self,bft_eval_07,rewrite,Rewrite this rough instruction into something more useful to a teammate: 'Probably check the assumptions and logs before changing the code again.',self_profile,HEDGE,hedge_density,1.0,1.0,0.0,0.0,YES,0.524394690990448,:,"{""raw_logit_scores"": {""YES"": 6.5390625, ""NO"": 4.34765625}, ""label_bias_scores"": {""YES"": 11.3203125, ""NO"": 9.2265625}, ""corrected_scores"": {""YES"": -4.78125, ""NO"": -4.87890625}, ""scoring_mode"": ""bias_corrected_choice_logits"", ""selected_short_label"": ""YES""}"
31,EleutherAI/pythia-1b,pythia,1b,family_self,bft_eval_07,rewrite,Rewrite this rough instruction into something more useful to a teammate: 'Probably check the assumptions and logs before changing the code again.',self_profile,FIRST_PERSON,first_person_rate,1.0,1.0,0.0,0.0,YES,0.5727227926254272,:,"{""raw_logit_scores"": {""YES"": 6.6875, ""NO"": 4.30078125}, ""label_bias_scores"": {""YES"": 11.3203125, ""NO"": 9.2265625}, ""corrected_scores"": {""YES"": -4.6328125, ""NO"": -4.92578125}, ""scoring_mode"": ""bias_corrected_choice_logits"", ""selected_short_label"": ""YES""}"
31,EleutherAI/pythia-1b,pythia,1b,family_self,bft_eval_07,rewrite,Rewrite this rough instruction into something more useful to a teammate: 'Probably check the assumptions and logs before changing the code again.',self_profile,DIRECTIVE,directive_rate,1.0,0.0,0.0,1.0,NO,0.9213575720787048,,"{""raw_logit_scores"": {""YES"": 9.453125, ""NO"": 9.8203125}, ""label_bias_scores"": {""YES"": 11.3203125, ""NO"": 9.2265625}, ""corrected_scores"": {""YES"": -1.8671875, ""NO"": 0.59375}, ""scoring_mode"": ""bias_corrected_choice_logits"", ""selected_short_label"": ""NO""}"
31,EleutherAI/pythia-1b,pythia,1b,family_self,bft_eval_07,rewrite,Rewrite this rough instruction into something more useful to a teammate: 'Probably check the assumptions and logs before changing the code again.',matched_decoy,ELABORATE,avg_sentence_length,1.0,0.0,1.0,0.0,NO,0.7813306450843811,the,"{""raw_logit_scores"": {""YES"": 4.2265625, ""NO"": 3.40625}, ""label_bias_scores"": {""YES"": 11.3203125, ""NO"": 9.2265625}, ""corrected_scores"": {""YES"": -7.09375, ""NO"": -5.8203125}, ""scoring_mode"": ""bias_corrected_choice_logits"", ""selected_short_label"": ""NO""}"
31,EleutherAI/pythia-1b,pythia,1b,family_self,bft_eval_07,rewrite,Rewrite this rough instruction into something more useful to a teammate: 'Probably check the assumptions and logs before changing the code again.',matched_decoy,HEDGE,hedge_density,1.0,1.0,0.0,0.0,YES,0.5126925706863403,:,"{""raw_logit_scores"": {""YES"": 6.54296875, ""NO"": 4.3984375}, ""label_bias_scores"": {""YES"": 11.3203125, ""NO"": 9.2265625}, ""corrected_scores"": {""YES"": -4.77734375, ""NO"": -4.828125}, ""scoring_mode"": ""bias_corrected_choice_logits"", ""selected_short_label"": ""YES""}"
31,EleutherAI/pythia-1b,pythia,1b,family_self,bft_eval_07,rewrite,Rewrite this rough instruction into something more useful to a teammate: 'Probably check the assumptions and logs before changing the code again.',matched_decoy,FIRST_PERSON,first_person_rate,1.0,1.0,0.0,0.0,YES,0.5640984773635864,:,"{""raw_logit_scores"": {""YES"": 6.70703125, ""NO"": 4.35546875}, ""label_bias_scores"": {""YES"": 11.3203125, ""NO"": 9.2265625}, ""corrected_scores"": {""YES"": -4.61328125, ""NO"": -4.87109375}, ""scoring_mode"": ""bias_corrected_choice_logits"", ""selected_short_label"": ""YES""}"
31,EleutherAI/pythia-1b,pythia,1b,family_self,bft_eval_07,rewrite,Rewrite this rough instruction into something more useful to a teammate: 'Probably check the assumptions and logs before changing the code again.',matched_decoy,DIRECTIVE,directive_rate,1.0,0.0,0.0,1.0,NO,0.9207897186279297,,"{""raw_logit_scores"": {""YES"": 9.5703125, ""NO"": 9.9296875}, ""label_bias_scores"": {""YES"": 11.3203125, ""NO"": 9.2265625}, ""corrected_scores"": {""YES"": -1.75, ""NO"": 0.703125}, ""scoring_mode"": ""bias_corrected_choice_logits"", ""selected_short_label"": ""NO""}"
31,EleutherAI/pythia-1b,pythia,1b,family_self,bft_eval_07,rewrite,Rewrite this rough instruction into something more useful to a teammate: 'Probably check the assumptions and logs before changing the code again.',scrambled_profile,ELABORATE,avg_sentence_length,1.0,0.0,1.0,0.0,NO,0.5097643733024597,:,"{""raw_logit_scores"": {""YES"": 4.63671875, ""NO"": 2.58203125}, ""label_bias_scores"": {""YES"": 11.3203125, ""NO"": 9.2265625}, ""corrected_scores"": {""YES"": -6.68359375, ""NO"": -6.64453125}, ""scoring_mode"": ""bias_corrected_choice_logits"", ""selected_short_label"": ""NO""}"
31,EleutherAI/pythia-1b,pythia,1b,family_self,bft_eval_07,rewrite,Rewrite this rough instruction into something more useful to a teammate: 'Probably check the assumptions and logs before changing the code again.',scrambled_profile,HEDGE,hedge_density,1.0,1.0,0.0,0.0,YES,0.7814348936080933,to,"{""raw_logit_scores"": {""YES"": 3.142578125, ""NO"": -0.2252197265625}, ""label_bias_scores"": {""YES"": 11.3203125, ""NO"": 9.2265625}, ""corrected_scores"": {""YES"": -8.177734375, ""NO"": -9.4517822265625}, ""scoring_mode"": ""bias_corrected_choice_logits"", ""selected_short_label"": ""YES""}"
31,EleutherAI/pythia-1b,pythia,1b,family_self,bft_eval_07,rewrite,Rewrite this rough instruction into something more useful to a teammate: 'Probably check the assumptions and logs before changing the code again.',scrambled_profile,FIRST_PERSON,first_person_rate,1.0,1.0,0.0,0.0,YES,0.7365427613258362,to,"{""raw_logit_scores"": {""YES"": 2.986328125, ""NO"": -0.135498046875}, ""label_bias_scores"": {""YES"": 11.3203125, ""NO"": 9.2265625}, ""corrected_scores"": {""YES"": -8.333984375, ""NO"": -9.362060546875}, ""scoring_mode"": ""bias_corrected_choice_logits"", ""selected_short_label"": ""YES""}"
31,EleutherAI/pythia-1b,pythia,1b,family_self,bft_eval_07,rewrite,Rewrite this rough instruction into something more useful to a teammate: 'Probably check the assumptions and logs before changing the code again.',scrambled_profile,DIRECTIVE,directive_rate,1.0,0.0,0.0,1.0,NO,0.8856314420700073,",","{""raw_logit_scores"": {""YES"": 7.765625, ""NO"": 7.71875}, ""label_bias_scores"": {""YES"": 11.3203125, ""NO"": 9.2265625}, ""corrected_scores"": {""YES"": -3.5546875, ""NO"": -1.5078125}, ""scoring_mode"": ""bias_corrected_choice_logits"", ""selected_short_label"": ""NO""}"
31,EleutherAI/pythia-1b,pythia,1b,family_self,bft_eval_08,judgment,"Decide whether office hours help students mainly by clarifying content, lowering avoidance, or creating accountability, and explain your judgment.",self_profile,ELABORATE,avg_sentence_length,1.0,0.0,1.0,0.0,NO,0.6477982401847839,,"{""raw_logit_scores"": {""YES"": 6.26171875, ""NO"": 4.77734375}, ""label_bias_scores"": {""YES"": 11.3203125, ""NO"": 9.2265625}, ""corrected_scores"": {""YES"": -5.05859375, ""NO"": -4.44921875}, ""scoring_mode"": ""bias_corrected_choice_logits"", ""selected_short_label"": ""NO""}"
31,EleutherAI/pythia-1b,pythia,1b,family_self,bft_eval_08,judgment,"Decide whether office hours help students mainly by clarifying content, lowering avoidance, or creating accountability, and explain your judgment.",self_profile,HEDGE,hedge_density,1.0,1.0,1.0,1.0,YES,0.5126925706863403,what,"{""raw_logit_scores"": {""YES"": 7.50390625, ""NO"": 5.359375}, ""label_bias_scores"": {""YES"": 11.3203125, ""NO"": 9.2265625}, ""corrected_scores"": {""YES"": -3.81640625, ""NO"": -3.8671875}, ""scoring_mode"": ""bias_corrected_choice_logits"", ""selected_short_label"": ""YES""}"
31,EleutherAI/pythia-1b,pythia,1b,family_self,bft_eval_08,judgment,"Decide whether office hours help students mainly by clarifying content, lowering avoidance, or creating accountability, and explain your judgment.",self_profile,FIRST_PERSON,first_person_rate,1.0,1.0,0.0,0.0,YES,0.5803520083427429,the,"{""raw_logit_scores"": {""YES"": 7.8984375, ""NO"": 5.48046875}, ""label_bias_scores"": {""YES"": 11.3203125, ""NO"": 9.2265625}, ""corrected_scores"": {""YES"": -3.421875, ""NO"": -3.74609375}, ""scoring_mode"": ""bias_corrected_choice_logits"", ""selected_short_label"": ""YES""}"
31,EleutherAI/pythia-1b,pythia,1b,family_self,bft_eval_08,judgment,"Decide whether office hours help students mainly by clarifying content, lowering avoidance, or creating accountability, and explain your judgment.",self_profile,DIRECTIVE,directive_rate,1.0,0.0,0.0,1.0,NO,0.7318258881568909,,"{""raw_logit_scores"": {""YES"": 9.078125, ""NO"": 7.98828125}, ""label_bias_scores"": {""YES"": 11.3203125, ""NO"": 9.2265625}, ""corrected_scores"": {""YES"": -2.2421875, ""NO"": -1.23828125}, ""scoring_mode"": ""bias_corrected_choice_logits"", ""selected_short_label"": ""NO""}"
31,EleutherAI/pythia-1b,pythia,1b,family_self,bft_eval_08,judgment,"Decide whether office hours help students mainly by clarifying content, lowering avoidance, or creating accountability, and explain your judgment.",matched_decoy,ELABORATE,avg_sentence_length,1.0,0.0,1.0,0.0,NO,0.6486889719963074,,"{""raw_logit_scores"": {""YES"": 6.28125, ""NO"": 4.80078125}, ""label_bias_scores"": {""YES"": 11.3203125, ""NO"": 9.2265625}, ""corrected_scores"": {""YES"": -5.0390625, ""NO"": -4.42578125}, ""scoring_mode"": ""bias_corrected_choice_logits"", ""selected_short_label"": ""NO""}"
31,EleutherAI/pythia-1b,pythia,1b,family_self,bft_eval_08,judgment,"Decide whether office hours help students mainly by clarifying content, lowering avoidance, or creating accountability, and explain your judgment.",matched_decoy,HEDGE,hedge_density,1.0,0.0,1.0,0.0,NO,0.5039061903953552,what,"{""raw_logit_scores"": {""YES"": 7.42578125, ""NO"": 5.34765625}, ""label_bias_scores"": {""YES"": 11.3203125, ""NO"": 9.2265625}, ""corrected_scores"": {""YES"": -3.89453125, ""NO"": -3.87890625}, ""scoring_mode"": ""bias_corrected_choice_logits"", ""selected_short_label"": ""NO""}"
31,EleutherAI/pythia-1b,pythia,1b,family_self,bft_eval_08,judgment,"Decide whether office hours help students mainly by clarifying content, lowering avoidance, or creating accountability, and explain your judgment.",matched_decoy,FIRST_PERSON,first_person_rate,1.0,1.0,0.0,0.0,YES,0.5688949227333069,the,"{""raw_logit_scores"": {""YES"": 7.82421875, ""NO"": 5.453125}, ""label_bias_scores"": {""YES"": 11.3203125, ""NO"": 9.2265625}, ""corrected_scores"": {""YES"": -3.49609375, ""NO"": -3.7734375}, ""scoring_mode"": ""bias_corrected_choice_logits"", ""selected_short_label"": ""YES""}"
31,EleutherAI/pythia-1b,pythia,1b,family_self,bft_eval_08,judgment,"Decide whether office hours help students mainly by clarifying content, lowering avoidance, or creating accountability, and explain your judgment.",matched_decoy,DIRECTIVE,directive_rate,1.0,0.0,0.0,1.0,NO,0.7279754281044006,,"{""raw_logit_scores"": {""YES"": 9.1328125, ""NO"": 8.0234375}, ""label_bias_scores"": {""YES"": 11.3203125, ""NO"": 9.2265625}, ""corrected_scores"": {""YES"": -2.1875, ""NO"": -1.203125}, ""scoring_mode"": ""bias_corrected_choice_logits"", ""selected_short_label"": ""NO""}"
31,EleutherAI/pythia-1b,pythia,1b,family_self,bft_eval_08,judgment,"Decide whether office hours help students mainly by clarifying content, lowering avoidance, or creating accountability, and explain your judgment.",scrambled_profile,ELABORATE,avg_sentence_length,1.0,0.0,1.0,0.0,NO,0.6522414088249207,,"{""raw_logit_scores"": {""YES"": 6.2578125, ""NO"": 4.79296875}, ""label_bias_scores"": {""YES"": 11.3203125, ""NO"": 9.2265625}, ""corrected_scores"": {""YES"": -5.0625, ""NO"": -4.43359375}, ""scoring_mode"": ""bias_corrected_choice_logits"", ""selected_short_label"": ""NO""}"
31,EleutherAI/pythia-1b,pythia,1b,family_self,bft_eval_08,judgment,"Decide whether office hours help students mainly by clarifying content, lowering avoidance, or creating accountability, and explain your judgment.",scrambled_profile,HEDGE,hedge_density,1.0,0.0,1.0,0.0,NO,0.5019530653953552,what,"{""raw_logit_scores"": {""YES"": 7.34375, ""NO"": 5.2578125}, ""label_bias_scores"": {""YES"": 11.3203125, ""NO"": 9.2265625}, ""corrected_scores"": {""YES"": -3.9765625, ""NO"": -3.96875}, ""scoring_mode"": ""bias_corrected_choice_logits"", ""selected_short_label"": ""NO""}"
31,EleutherAI/pythia-1b,pythia,1b,family_self,bft_eval_08,judgment,"Decide whether office hours help students mainly by clarifying content, lowering avoidance, or creating accountability, and explain your judgment.",scrambled_profile,FIRST_PERSON,first_person_rate,1.0,1.0,0.0,0.0,YES,0.5640984773635864,the,"{""raw_logit_scores"": {""YES"": 7.71484375, ""NO"": 5.36328125}, ""label_bias_scores"": {""YES"": 11.3203125, ""NO"": 9.2265625}, ""corrected_scores"": {""YES"": -3.60546875, ""NO"": -3.86328125}, ""scoring_mode"": ""bias_corrected_choice_logits"", ""selected_short_label"": ""YES""}"
31,EleutherAI/pythia-1b,pythia,1b,family_self,bft_eval_08,judgment,"Decide whether office hours help students mainly by clarifying content, lowering avoidance, or creating accountability, and explain your judgment.",scrambled_profile,DIRECTIVE,directive_rate,1.0,0.0,0.0,1.0,NO,0.74167400598526,,"{""raw_logit_scores"": {""YES"": 8.9921875, ""NO"": 7.953125}, ""label_bias_scores"": {""YES"": 11.3203125, ""NO"": 9.2265625}, ""corrected_scores"": {""YES"": -2.328125, ""NO"": -1.2734375}, ""scoring_mode"": ""bias_corrected_choice_logits"", ""selected_short_label"": ""NO""}"
11,EleutherAI/pythia-1b,pythia,1b,stable_style_policy,bft_eval_01,triage,A small lab keeps discovering conflicting spreadsheet versions after each handoff. What should the team do in the next day?,self_profile,ELABORATE,avg_sentence_length,1.0,0.0,0.0,1.0,NO,0.9543930292129517,se,"{""raw_logit_scores"": {""YES"": -1.5576171875, ""NO"": -0.6103515625}, ""label_bias_scores"": {""YES"": 11.3203125, ""NO"": 9.2265625}, ""corrected_scores"": {""YES"": -12.8779296875, ""NO"": -9.8369140625}, ""scoring_mode"": ""bias_corrected_choice_logits"", ""selected_short_label"": ""NO""}"
11,EleutherAI/pythia-1b,pythia,1b,stable_style_policy,bft_eval_01,triage,A small lab keeps discovering conflicting spreadsheet versions after each handoff. What should the team do in the next day?,self_profile,HEDGE,hedge_density,1.0,0.0,0.0,1.0,NO,0.9276259541511536,"""","{""raw_logit_scores"": {""YES"": 4.75390625, ""NO"": 5.2109375}, ""label_bias_scores"": {""YES"": 11.3203125, ""NO"": 9.2265625}, ""corrected_scores"": {""YES"": -6.56640625, ""NO"": -4.015625}, ""scoring_mode"": ""bias_corrected_choice_logits"", ""selected_short_label"": ""NO""}"
11,EleutherAI/pythia-1b,pythia,1b,stable_style_policy,bft_eval_01,triage,A small lab keeps discovering conflicting spreadsheet versions after each handoff. What should the team do in the next day?,self_profile,FIRST_PERSON,first_person_rate,1.0,0.0,0.0,1.0,NO,0.8553685545921326,me,"{""raw_logit_scores"": {""YES"": 6.65234375, ""NO"": 6.3359375}, ""label_bias_scores"": {""YES"": 11.3203125, ""NO"": 9.2265625}, ""corrected_scores"": {""YES"": -4.66796875, ""NO"": -2.890625}, ""scoring_mode"": ""bias_corrected_choice_logits"", ""selected_short_label"": ""NO""}"
11,EleutherAI/pythia-1b,pythia,1b,stable_style_policy,bft_eval_01,triage,A small lab keeps discovering conflicting spreadsheet versions after each handoff. What should the team do in the next day?,self_profile,DIRECTIVE,directive_rate,1.0,0.0,0.0,1.0,NO,0.8762113451957703,Behavior,"{""raw_logit_scores"": {""YES"": 7.1328125, ""NO"": 6.99609375}, ""label_bias_scores"": {""YES"": 11.3203125, ""NO"": 9.2265625}, ""corrected_scores"": {""YES"": -4.1875, ""NO"": -2.23046875}, ""scoring_mode"": ""bias_corrected_choice_logits"", ""selected_short_label"": ""NO""}"
11,EleutherAI/pythia-1b,pythia,1b,stable_style_policy,bft_eval_01,triage,A small lab keeps discovering conflicting spreadsheet versions after each handoff. What should the team do in the next day?,matched_decoy,ELABORATE,avg_sentence_length,1.0,0.0,0.0,1.0,NO,0.6834195256233215,simple,"{""raw_logit_scores"": {""YES"": 3.9140625, ""NO"": 2.58984375}, ""label_bias_scores"": {""YES"": 11.3203125, ""NO"": 9.2265625}, ""corrected_scores"": {""YES"": -7.40625, ""NO"": -6.63671875}, ""scoring_mode"": ""bias_corrected_choice_logits"", ""selected_short_label"": ""NO""}"
11,EleutherAI/pythia-1b,pythia,1b,stable_style_policy,bft_eval_01,triage,A small lab keeps discovering conflicting spreadsheet versions after each handoff. What should the team do in the next day?,matched_decoy,HEDGE,hedge_density,1.0,0.0,0.0,1.0,NO,0.9819532632827759,as,"{""raw_logit_scores"": {""YES"": 0.59326171875, ""NO"": 2.49609375}, ""label_bias_scores"": {""YES"": 11.3203125, ""NO"": 9.2265625}, ""corrected_scores"": {""YES"": -10.72705078125, ""NO"": -6.73046875}, ""scoring_mode"": ""bias_corrected_choice_logits"", ""selected_short_label"": ""NO""}"
11,EleutherAI/pythia-1b,pythia,1b,stable_style_policy,bft_eval_01,triage,A small lab keeps discovering conflicting spreadsheet versions after each handoff. What should the team do in the next day?,matched_decoy,FIRST_PERSON,first_person_rate,1.0,0.0,0.0,1.0,NO,0.722527027130127,",","{""raw_logit_scores"": {""YES"": 5.33984375, ""NO"": 4.203125}, ""label_bias_scores"": {""YES"": 11.3203125, ""NO"": 9.2265625}, ""corrected_scores"": {""YES"": -5.98046875, ""NO"": -5.0234375}, ""scoring_mode"": ""bias_corrected_choice_logits"", ""selected_short_label"": ""NO""}"
11,EleutherAI/pythia-1b,pythia,1b,stable_style_policy,bft_eval_01,triage,A small lab keeps discovering conflicting spreadsheet versions after each handoff. What should the team do in the next day?,matched_decoy,DIRECTIVE,directive_rate,1.0,0.0,0.0,1.0,NO,0.8647679686546326,,"{""raw_logit_scores"": {""YES"": 4.67578125, ""NO"": 4.4375}, ""label_bias_scores"": {""YES"": 11.3203125, ""NO"": 9.2265625}, ""corrected_scores"": {""YES"": -6.64453125, ""NO"": -4.7890625}, ""scoring_mode"": ""bias_corrected_choice_logits"", ""selected_short_label"": ""NO""}"
11,EleutherAI/pythia-1b,pythia,1b,stable_style_policy,bft_eval_01,triage,A small lab keeps discovering conflicting spreadsheet versions after each handoff. What should the team do in the next day?,scrambled_profile,ELABORATE,avg_sentence_length,1.0,0.0,0.0,1.0,NO,0.6842640042304993,simple,"{""raw_logit_scores"": {""YES"": 3.9609375, ""NO"": 2.640625}, ""label_bias_scores"": {""YES"": 11.3203125, ""NO"": 9.2265625}, ""corrected_scores"": {""YES"": -7.359375, ""NO"": -6.5859375}, ""scoring_mode"": ""bias_corrected_choice_logits"", ""selected_short_label"": ""NO""}"
11,EleutherAI/pythia-1b,pythia,1b,stable_style_policy,bft_eval_01,triage,A small lab keeps discovering conflicting spreadsheet versions after each handoff. What should the team do in the next day?,scrambled_profile,HEDGE,hedge_density,1.0,0.0,0.0,1.0,NO,0.9816303849220276,as,"{""raw_logit_scores"": {""YES"": 0.58203125, ""NO"": 2.466796875}, ""label_bias_scores"": {""YES"": 11.3203125, ""NO"": 9.2265625}, ""corrected_scores"": {""YES"": -10.73828125, ""NO"": -6.759765625}, ""scoring_mode"": ""bias_corrected_choice_logits"", ""selected_short_label"": ""NO""}"
11,EleutherAI/pythia-1b,pythia,1b,stable_style_policy,bft_eval_01,triage,A small lab keeps discovering conflicting spreadsheet versions after each handoff. What should the team do in the next day?,scrambled_profile,FIRST_PERSON,first_person_rate,1.0,0.0,0.0,1.0,NO,0.7185943722724915,",","{""raw_logit_scores"": {""YES"": 5.27734375, ""NO"": 4.12109375}, ""label_bias_scores"": {""YES"": 11.3203125, ""NO"": 9.2265625}, ""corrected_scores"": {""YES"": -6.04296875, ""NO"": -5.10546875}, ""scoring_mode"": ""bias_corrected_choice_logits"", ""selected_short_label"": ""NO""}"
11,EleutherAI/pythia-1b,pythia,1b,stable_style_policy,bft_eval_01,triage,A small lab keeps discovering conflicting spreadsheet versions after each handoff. What should the team do in the next day?,scrambled_profile,DIRECTIVE,directive_rate,1.0,0.0,0.0,1.0,NO,0.869714617729187,,"{""raw_logit_scores"": {""YES"": 4.5859375, ""NO"": 4.390625}, ""label_bias_scores"": {""YES"": 11.3203125, ""NO"": 9.2265625}, ""corrected_scores"": {""YES"": -6.734375, ""NO"": -4.8359375}, ""scoring_mode"": ""bias_corrected_choice_logits"", ""selected_short_label"": ""NO""}"
11,EleutherAI/pythia-1b,pythia,1b,stable_style_policy,bft_eval_02,critique,Give feedback on a student memo that is energetic and polite but hides the recommendation until the final line.,self_profile,ELABORATE,avg_sentence_length,1.0,0.0,1.0,0.0,NO,0.6575384140014648,,"{""raw_logit_scores"": {""YES"": 8.5, ""NO"": 7.05859375}, ""label_bias_scores"": {""YES"": 11.3203125, ""NO"": 9.2265625}, ""corrected_scores"": {""YES"": -2.8203125, ""NO"": -2.16796875}, ""scoring_mode"": ""bias_corrected_choice_logits"", ""selected_short_label"": ""NO""}"
11,EleutherAI/pythia-1b,pythia,1b,stable_style_policy,bft_eval_02,critique,Give feedback on a student memo that is energetic and polite but hides the recommendation until the final line.,self_profile,HEDGE,hedge_density,1.0,0.0,0.0,1.0,NO,0.6076632142066956,",","{""raw_logit_scores"": {""YES"": 6.3671875, ""NO"": 4.7109375}, ""label_bias_scores"": {""YES"": 11.3203125, ""NO"": 9.2265625}, ""corrected_scores"": {""YES"": -4.953125, ""NO"": -4.515625}, ""scoring_mode"": ""bias_corrected_choice_logits"", ""selected_short_label"": ""NO""}"
11,EleutherAI/pythia-1b,pythia,1b,stable_style_policy,bft_eval_02,critique,Give feedback on a student memo that is energetic and polite but hides the recommendation until the final line.,self_profile,FIRST_PERSON,first_person_rate,1.0,0.0,0.0,1.0,NO,0.7662936449050903,",","{""raw_logit_scores"": {""YES"": 3.517578125, ""NO"": 2.611328125}, ""label_bias_scores"": {""YES"": 11.3203125, ""NO"": 9.2265625}, ""corrected_scores"": {""YES"": -7.802734375, ""NO"": -6.615234375}, ""scoring_mode"": ""bias_corrected_choice_logits"", ""selected_short_label"": ""NO""}"
11,EleutherAI/pythia-1b,pythia,1b,stable_style_policy,bft_eval_02,critique,Give feedback on a student memo that is energetic and polite but hides the recommendation until the final line.,self_profile,DIRECTIVE,directive_rate,1.0,0.0,1.0,0.0,NO,0.7287483215332031,the,"{""raw_logit_scores"": {""YES"": 7.19140625, ""NO"": 6.0859375}, ""label_bias_scores"": {""YES"": 11.3203125, ""NO"": 9.2265625}, ""corrected_scores"": {""YES"": -4.12890625, ""NO"": -3.140625}, ""scoring_mode"": ""bias_corrected_choice_logits"", ""selected_short_label"": ""NO""}"
11,EleutherAI/pythia-1b,pythia,1b,stable_style_policy,bft_eval_02,critique,Give feedback on a student memo that is energetic and polite but hides the recommendation until the final line.,matched_decoy,ELABORATE,avg_sentence_length,1.0,0.0,1.0,0.0,NO,0.869714617729187,?,"{""raw_logit_scores"": {""YES"": 4.546875, ""NO"": 4.3515625}, ""label_bias_scores"": {""YES"": 11.3203125, ""NO"": 9.2265625}, ""corrected_scores"": {""YES"": -6.7734375, ""NO"": -4.875}, ""scoring_mode"": ""bias_corrected_choice_logits"", ""selected_short_label"": ""NO""}"
11,EleutherAI/pythia-1b,pythia,1b,stable_style_policy,bft_eval_02,critique,Give feedback on a student memo that is energetic and polite but hides the recommendation until the final line.,matched_decoy,HEDGE,hedge_density,1.0,0.0,0.0,1.0,NO,0.9381240010261536,maybe,"{""raw_logit_scores"": {""YES"": 5.8828125, ""NO"": 6.5078125}, ""label_bias_scores"": {""YES"": 11.3203125, ""NO"": 9.2265625}, ""corrected_scores"": {""YES"": -5.4375, ""NO"": -2.71875}, ""scoring_mode"": ""bias_corrected_choice_logits"", ""selected_short_label"": ""NO""}"
11,EleutherAI/pythia-1b,pythia,1b,stable_style_policy,bft_eval_02,critique,Give feedback on a student memo that is energetic and polite but hides the recommendation until the final line.,matched_decoy,FIRST_PERSON,first_person_rate,1.0,0.0,0.0,1.0,NO,0.8469578623771667,me,"{""raw_logit_scores"": {""YES"": 6.0, ""NO"": 5.6171875}, ""label_bias_scores"": {""YES"": 11.3203125, ""NO"": 9.2265625}, ""corrected_scores"": {""YES"": -5.3203125, ""NO"": -3.609375}, ""scoring_mode"": ""bias_corrected_choice_logits"", ""selected_short_label"": ""NO""}"
11,EleutherAI/pythia-1b,pythia,1b,stable_style_policy,bft_eval_02,critique,Give feedback on a student memo that is energetic and polite but hides the recommendation until the final line.,matched_decoy,DIRECTIVE,directive_rate,1.0,0.0,1.0,0.0,NO,0.6150878667831421,:,"{""raw_logit_scores"": {""YES"": 7.67578125, ""NO"": 6.05078125}, ""label_bias_scores"": {""YES"": 11.3203125, ""NO"": 9.2265625}, ""corrected_scores"": {""YES"": -3.64453125, ""NO"": -3.17578125}, ""scoring_mode"": ""bias_corrected_choice_logits"", ""selected_short_label"": ""NO""}"
11,EleutherAI/pythia-1b,pythia,1b,stable_style_policy,bft_eval_02,critique,Give feedback on a student memo that is energetic and polite but hides the recommendation until the final line.,scrambled_profile,ELABORATE,avg_sentence_length,1.0,0.0,1.0,0.0,NO,0.6627964973449707,,"{""raw_logit_scores"": {""YES"": 8.4453125, ""NO"": 7.02734375}, ""label_bias_scores"": {""YES"": 11.3203125, ""NO"": 9.2265625}, ""corrected_scores"": {""YES"": -2.875, ""NO"": -2.19921875}, ""scoring_mode"": ""bias_corrected_choice_logits"", ""selected_short_label"": ""NO""}"
11,EleutherAI/pythia-1b,pythia,1b,stable_style_policy,bft_eval_02,critique,Give feedback on a student memo that is energetic and polite but hides the recommendation until the final line.,scrambled_profile,HEDGE,hedge_density,1.0,0.0,0.0,1.0,NO,0.6095241904258728,",","{""raw_logit_scores"": {""YES"": 6.35546875, ""NO"": 4.70703125}, ""label_bias_scores"": {""YES"": 11.3203125, ""NO"": 9.2265625}, ""corrected_scores"": {""YES"": -4.96484375, ""NO"": -4.51953125}, ""scoring_mode"": ""bias_corrected_choice_logits"", ""selected_short_label"": ""NO""}"
11,EleutherAI/pythia-1b,pythia,1b,stable_style_policy,bft_eval_02,critique,Give feedback on a student memo that is energetic and polite but hides the recommendation until the final line.,scrambled_profile,FIRST_PERSON,first_person_rate,1.0,0.0,0.0,1.0,NO,0.7655933499336243,",","{""raw_logit_scores"": {""YES"": 3.517578125, ""NO"": 2.607421875}, ""label_bias_scores"": {""YES"": 11.3203125, ""NO"": 9.2265625}, ""corrected_scores"": {""YES"": -7.802734375, ""NO"": -6.619140625}, ""scoring_mode"": ""bias_corrected_choice_logits"", ""selected_short_label"": ""NO""}"
11,EleutherAI/pythia-1b,pythia,1b,stable_style_policy,bft_eval_02,critique,Give feedback on a student memo that is energetic and polite but hides the recommendation until the final line.,scrambled_profile,DIRECTIVE,directive_rate,1.0,0.0,1.0,0.0,NO,0.7439128756523132,the,"{""raw_logit_scores"": {""YES"": 7.17578125, ""NO"": 6.1484375}, ""label_bias_scores"": {""YES"": 11.3203125, ""NO"": 9.2265625}, ""corrected_scores"": {""YES"": -4.14453125, ""NO"": -3.078125}, ""scoring_mode"": ""bias_corrected_choice_logits"", ""selected_short_label"": ""NO""}"
11,EleutherAI/pythia-1b,pythia,1b,stable_style_policy,bft_eval_03,policy,Write a short policy note on how a museum team should document changes to exhibit labels during revision.,self_profile,ELABORATE,avg_sentence_length,1.0,0.0,1.0,0.0,NO,0.8830344080924988,,"{""raw_logit_scores"": {""YES"": 3.982421875, ""NO"": 3.91015625}, ""label_bias_scores"": {""YES"": 11.3203125, ""NO"": 9.2265625}, ""corrected_scores"": {""YES"": -7.337890625, ""NO"": -5.31640625}, ""scoring_mode"": ""bias_corrected_choice_logits"", ""selected_short_label"": ""NO""}"
11,EleutherAI/pythia-1b,pythia,1b,stable_style_policy,bft_eval_03,policy,Write a short policy note on how a museum team should document changes to exhibit labels during revision.,self_profile,HEDGE,hedge_density,1.0,0.0,0.0,1.0,NO,0.8333246111869812,or,"{""raw_logit_scores"": {""YES"": 4.7734375, ""NO"": 4.2890625}, ""label_bias_scores"": {""YES"": 11.3203125, ""NO"": 9.2265625}, ""corrected_scores"": {""YES"": -6.546875, ""NO"": -4.9375}, ""scoring_mode"": ""bias_corrected_choice_logits"", ""selected_short_label"": ""NO""}"
11,EleutherAI/pythia-1b,pythia,1b,stable_style_policy,bft_eval_03,policy,Write a short policy note on how a museum team should document changes to exhibit labels during revision.,self_profile,FIRST_PERSON,first_person_rate,1.0,0.0,1.0,0.0,NO,0.7839884757995605,mine,"{""raw_logit_scores"": {""YES"": 6.6796875, ""NO"": 5.875}, ""label_bias_scores"": {""YES"": 11.3203125, ""NO"": 9.2265625}, ""corrected_scores"": {""YES"": -4.640625, ""NO"": -3.3515625}, ""scoring_mode"": ""bias_corrected_choice_logits"", ""selected_short_label"": ""NO""}"
11,EleutherAI/pythia-1b,pythia,1b,stable_style_policy,bft_eval_03,policy,Write a short policy note on how a museum team should document changes to exhibit labels during revision.,self_profile,DIRECTIVE,directive_rate,1.0,1.0,1.0,1.0,YES,0.6029971241950989,answer,"{""raw_logit_scores"": {""YES"": 6.6328125, ""NO"": 4.12109375}, ""label_bias_scores"": {""YES"": 11.3203125, ""NO"": 9.2265625}, ""corrected_scores"": {""YES"": -4.6875, ""NO"": -5.10546875}, ""scoring_mode"": ""bias_corrected_choice_logits"", ""selected_short_label"": ""YES""}"
11,EleutherAI/pythia-1b,pythia,1b,stable_style_policy,bft_eval_03,policy,Write a short policy note on how a museum team should document changes to exhibit labels during revision.,matched_decoy,ELABORATE,avg_sentence_length,1.0,0.0,1.0,0.0,NO,0.700894832611084,,"{""raw_logit_scores"": {""YES"": 7.98046875, ""NO"": 6.73828125}, ""label_bias_scores"": {""YES"": 11.3203125, ""NO"": 9.2265625}, ""corrected_scores"": {""YES"": -3.33984375, ""NO"": -2.48828125}, ""scoring_mode"": ""bias_corrected_choice_logits"", ""selected_short_label"": ""NO""}"
11,EleutherAI/pythia-1b,pythia,1b,stable_style_policy,bft_eval_03,policy,Write a short policy note on how a museum team should document changes to exhibit labels during revision.,matched_decoy,HEDGE,hedge_density,1.0,0.0,0.0,1.0,NO,0.5936092734336853,",","{""raw_logit_scores"": {""YES"": 5.97265625, ""NO"": 4.2578125}, ""label_bias_scores"": {""YES"": 11.3203125, ""NO"": 9.2265625}, ""corrected_scores"": {""YES"": -5.34765625, ""NO"": -4.96875}, ""scoring_mode"": ""bias_corrected_choice_logits"", ""selected_short_label"": ""NO""}"
11,EleutherAI/pythia-1b,pythia,1b,stable_style_policy,bft_eval_03,policy,Write a short policy note on how a museum team should document changes to exhibit labels during revision.,matched_decoy,FIRST_PERSON,first_person_rate,1.0,0.0,1.0,0.0,NO,0.7409248948097229,",","{""raw_logit_scores"": {""YES"": 2.89453125, ""NO"": 1.8515625}, ""label_bias_scores"": {""YES"": 11.3203125, ""NO"": 9.2265625}, ""corrected_scores"": {""YES"": -8.42578125, ""NO"": -7.375}, ""scoring_mode"": ""bias_corrected_choice_logits"", ""selected_short_label"": ""NO""}"
11,EleutherAI/pythia-1b,pythia,1b,stable_style_policy,bft_eval_03,policy,Write a short policy note on how a museum team should document changes to exhibit labels during revision.,matched_decoy,DIRECTIVE,directive_rate,1.0,0.0,1.0,0.0,NO,0.7498207092285156,what,"{""raw_logit_scores"": {""YES"": 7.00390625, ""NO"": 6.0078125}, ""label_bias_scores"": {""YES"": 11.3203125, ""NO"": 9.2265625}, ""corrected_scores"": {""YES"": -4.31640625, ""NO"": -3.21875}, ""scoring_mode"": ""bias_corrected_choice_logits"", ""selected_short_label"": ""NO""}"
11,EleutherAI/pythia-1b,pythia,1b,stable_style_policy,bft_eval_03,policy,Write a short policy note on how a museum team should document changes to exhibit labels during revision.,scrambled_profile,ELABORATE,avg_sentence_length,1.0,0.0,1.0,0.0,NO,0.889720618724823,,"{""raw_logit_scores"": {""YES"": 3.830078125, ""NO"": 3.82421875}, ""label_bias_scores"": {""YES"": 11.3203125, ""NO"": 9.2265625}, ""corrected_scores"": {""YES"": -7.490234375, ""NO"": -5.40234375}, ""scoring_mode"": ""bias_corrected_choice_logits"", ""selected_short_label"": ""NO""}"
11,EleutherAI/pythia-1b,pythia,1b,stable_style_policy,bft_eval_03,policy,Write a short policy note on how a museum team should document changes to exhibit labels during revision.,scrambled_profile,HEDGE,hedge_density,1.0,0.0,0.0,1.0,NO,0.837619960308075,or,"{""raw_logit_scores"": {""YES"": 4.75, ""NO"": 4.296875}, ""label_bias_scores"": {""YES"": 11.3203125, ""NO"": 9.2265625}, ""corrected_scores"": {""YES"": -6.5703125, ""NO"": -4.9296875}, ""scoring_mode"": ""bias_corrected_choice_logits"", ""selected_short_label"": ""NO""}"
11,EleutherAI/pythia-1b,pythia,1b,stable_style_policy,bft_eval_03,policy,Write a short policy note on how a museum team should document changes to exhibit labels during revision.,scrambled_profile,FIRST_PERSON,first_person_rate,1.0,0.0,1.0,0.0,NO,0.7879312038421631,mine,"{""raw_logit_scores"": {""YES"": 6.64453125, ""NO"": 5.86328125}, ""label_bias_scores"": {""YES"": 11.3203125, ""NO"": 9.2265625}, ""corrected_scores"": {""YES"": -4.67578125, ""NO"": -3.36328125}, ""scoring_mode"": ""bias_corrected_choice_logits"", ""selected_short_label"": ""NO""}"
11,EleutherAI/pythia-1b,pythia,1b,stable_style_policy,bft_eval_03,policy,Write a short policy note on how a museum team should document changes to exhibit labels during revision.,scrambled_profile,DIRECTIVE,directive_rate,1.0,1.0,1.0,1.0,YES,0.5992506742477417,answer,"{""raw_logit_scores"": {""YES"": 6.62109375, ""NO"": 4.125}, ""label_bias_scores"": {""YES"": 11.3203125, ""NO"": 9.2265625}, ""corrected_scores"": {""YES"": -4.69921875, ""NO"": -5.1015625}, ""scoring_mode"": ""bias_corrected_choice_logits"", ""selected_short_label"": ""YES""}"
11,EleutherAI/pythia-1b,pythia,1b,stable_style_policy,bft_eval_04,diagnosis,Diagnose why a paragraph feels intelligent and informed but still fails to tell the reader what matters most.,self_profile,ELABORATE,avg_sentence_length,1.0,0.0,1.0,0.0,NO,0.7041601538658142,,"{""raw_logit_scores"": {""YES"": 7.87109375, ""NO"": 6.64453125}, ""label_bias_scores"": {""YES"": 11.3203125, ""NO"": 9.2265625}, ""corrected_scores"": {""YES"": -3.44921875, ""NO"": -2.58203125}, ""scoring_mode"": ""bias_corrected_choice_logits"", ""selected_short_label"": ""NO""}"
11,EleutherAI/pythia-1b,pythia,1b,stable_style_policy,bft_eval_04,diagnosis,Diagnose why a paragraph feels intelligent and informed but still fails to tell the reader what matters most.,self_profile,HEDGE,hedge_density,1.0,0.0,0.0,1.0,NO,0.6076632142066956,",","{""raw_logit_scores"": {""YES"": 5.828125, ""NO"": 4.171875}, ""label_bias_scores"": {""YES"": 11.3203125, ""NO"": 9.2265625}, ""corrected_scores"": {""YES"": -5.4921875, ""NO"": -5.0546875}, ""scoring_mode"": ""bias_corrected_choice_logits"", ""selected_short_label"": ""NO""}"
11,EleutherAI/pythia-1b,pythia,1b,stable_style_policy,bft_eval_04,diagnosis,Diagnose why a paragraph feels intelligent and informed but still fails to tell the reader what matters most.,self_profile,FIRST_PERSON,first_person_rate,1.0,0.0,1.0,0.0,NO,0.6992543935775757,",","{""raw_logit_scores"": {""YES"": 3.248046875, ""NO"": 1.998046875}, ""label_bias_scores"": {""YES"": 11.3203125, ""NO"": 9.2265625}, ""corrected_scores"": {""YES"": -8.072265625, ""NO"": -7.228515625}, ""scoring_mode"": ""bias_corrected_choice_logits"", ""selected_short_label"": ""NO""}"
11,EleutherAI/pythia-1b,pythia,1b,stable_style_policy,bft_eval_04,diagnosis,Diagnose why a paragraph feels intelligent and informed but still fails to tell the reader what matters most.,self_profile,DIRECTIVE,directive_rate,1.0,0.0,1.0,0.0,NO,0.7969253659248352,what,"{""raw_logit_scores"": {""YES"": 5.9609375, ""NO"": 5.234375}, ""label_bias_scores"": {""YES"": 11.3203125, ""NO"": 9.2265625}, ""corrected_scores"": {""YES"": -5.359375, ""NO"": -3.9921875}, ""scoring_mode"": ""bias_corrected_choice_logits"", ""selected_short_label"": ""NO""}"
11,EleutherAI/pythia-1b,pythia,1b,stable_style_policy,bft_eval_04,diagnosis,Diagnose why a paragraph feels intelligent and informed but still fails to tell the reader what matters most.,matched_decoy,ELABORATE,avg_sentence_length,1.0,0.0,1.0,0.0,NO,0.8278281688690186,?,"{""raw_logit_scores"": {""YES"": 3.583984375, ""NO"": 3.060546875}, ""label_bias_scores"": {""YES"": 11.3203125, ""NO"": 9.2265625}, ""corrected_scores"": {""YES"": -7.736328125, ""NO"": -6.166015625}, ""scoring_mode"": ""bias_corrected_choice_logits"", ""selected_short_label"": ""NO""}"
11,EleutherAI/pythia-1b,pythia,1b,stable_style_policy,bft_eval_04,diagnosis,Diagnose why a paragraph feels intelligent and informed but still fails to tell the reader what matters most.,matched_decoy,HEDGE,hedge_density,1.0,0.0,0.0,1.0,NO,0.9196425676345825,maybe,"{""raw_logit_scores"": {""YES"": 5.1484375, ""NO"": 5.4921875}, ""label_bias_scores"": {""YES"": 11.3203125, ""NO"": 9.2265625}, ""corrected_scores"": {""YES"": -6.171875, ""NO"": -3.734375}, ""scoring_mode"": ""bias_corrected_choice_logits"", ""selected_short_label"": ""NO""}"
11,EleutherAI/pythia-1b,pythia,1b,stable_style_policy,bft_eval_04,diagnosis,Diagnose why a paragraph feels intelligent and informed but still fails to tell the reader what matters most.,matched_decoy,FIRST_PERSON,first_person_rate,1.0,0.0,1.0,0.0,NO,0.8464508652687073,me,"{""raw_logit_scores"": {""YES"": 5.40625, ""NO"": 5.01953125}, ""label_bias_scores"": {""YES"": 11.3203125, ""NO"": 9.2265625}, ""corrected_scores"": {""YES"": -5.9140625, ""NO"": -4.20703125}, ""scoring_mode"": ""bias_corrected_choice_logits"", ""selected_short_label"": ""NO""}"
11,EleutherAI/pythia-1b,pythia,1b,stable_style_policy,bft_eval_04,diagnosis,Diagnose why a paragraph feels intelligent and informed but still fails to tell the reader what matters most.,matched_decoy,DIRECTIVE,directive_rate,1.0,0.0,1.0,0.0,NO,0.6645402908325195,a,"{""raw_logit_scores"": {""YES"": 6.12890625, ""NO"": 4.71875}, ""label_bias_scores"": {""YES"": 11.3203125, ""NO"": 9.2265625}, ""corrected_scores"": {""YES"": -5.19140625, ""NO"": -4.5078125}, ""scoring_mode"": ""bias_corrected_choice_logits"", ""selected_short_label"": ""NO""}"
11,EleutherAI/pythia-1b,pythia,1b,stable_style_policy,bft_eval_04,diagnosis,Diagnose why a paragraph feels intelligent and informed but still fails to tell the reader what matters most.,scrambled_profile,ELABORATE,avg_sentence_length,1.0,0.0,1.0,0.0,NO,0.8281063437461853,?,"{""raw_logit_scores"": {""YES"": 3.650390625, ""NO"": 3.12890625}, ""label_bias_scores"": {""YES"": 11.3203125, ""NO"": 9.2265625}, ""corrected_scores"": {""YES"": -7.669921875, ""NO"": -6.09765625}, ""scoring_mode"": ""bias_corrected_choice_logits"", ""selected_short_label"": ""NO""}"
11,EleutherAI/pythia-1b,pythia,1b,stable_style_policy,bft_eval_04,diagnosis,Diagnose why a paragraph feels intelligent and informed but still fails to tell the reader what matters most.,scrambled_profile,HEDGE,hedge_density,1.0,0.0,0.0,1.0,NO,0.925499677658081,maybe,"{""raw_logit_scores"": {""YES"": 5.109375, ""NO"": 5.53515625}, ""label_bias_scores"": {""YES"": 11.3203125, ""NO"": 9.2265625}, ""corrected_scores"": {""YES"": -6.2109375, ""NO"": -3.69140625}, ""scoring_mode"": ""bias_corrected_choice_logits"", ""selected_short_label"": ""NO""}"
11,EleutherAI/pythia-1b,pythia,1b,stable_style_policy,bft_eval_04,diagnosis,Diagnose why a paragraph feels intelligent and informed but still fails to tell the reader what matters most.,scrambled_profile,FIRST_PERSON,first_person_rate,1.0,0.0,1.0,0.0,NO,0.8469578623771667,me,"{""raw_logit_scores"": {""YES"": 5.3671875, ""NO"": 4.984375}, ""label_bias_scores"": {""YES"": 11.3203125, ""NO"": 9.2265625}, ""corrected_scores"": {""YES"": -5.953125, ""NO"": -4.2421875}, ""scoring_mode"": ""bias_corrected_choice_logits"", ""selected_short_label"": ""NO""}"
11,EleutherAI/pythia-1b,pythia,1b,stable_style_policy,bft_eval_04,diagnosis,Diagnose why a paragraph feels intelligent and informed but still fails to tell the reader what matters most.,scrambled_profile,DIRECTIVE,directive_rate,1.0,0.0,1.0,0.0,NO,0.671470582485199,a,"{""raw_logit_scores"": {""YES"": 6.1015625, ""NO"": 4.72265625}, ""label_bias_scores"": {""YES"": 11.3203125, ""NO"": 9.2265625}, ""corrected_scores"": {""YES"": -5.21875, ""NO"": -4.50390625}, ""scoring_mode"": ""bias_corrected_choice_logits"", ""selected_short_label"": ""NO""}"
11,EleutherAI/pythia-1b,pythia,1b,stable_style_policy,bft_eval_05,comparison,Compare an internal checklist and a polished postmortem as tools for preventing the same operational mistake twice.,self_profile,ELABORATE,avg_sentence_length,1.0,0.0,0.0,1.0,NO,0.9164093732833862,,"{""raw_logit_scores"": {""YES"": 4.09375, ""NO"": 4.39453125}, ""label_bias_scores"": {""YES"": 11.3203125, ""NO"": 9.2265625}, ""corrected_scores"": {""YES"": -7.2265625, ""NO"": -4.83203125}, ""scoring_mode"": ""bias_corrected_choice_logits"", ""selected_short_label"": ""NO""}"
11,EleutherAI/pythia-1b,pythia,1b,stable_style_policy,bft_eval_05,comparison,Compare an internal checklist and a polished postmortem as tools for preventing the same operational mistake twice.,self_profile,HEDGE,hedge_density,1.0,0.0,0.0,1.0,NO,0.8647679686546326,or,"{""raw_logit_scores"": {""YES"": 4.67578125, ""NO"": 4.4375}, ""label_bias_scores"": {""YES"": 11.3203125, ""NO"": 9.2265625}, ""corrected_scores"": {""YES"": -6.64453125, ""NO"": -4.7890625}, ""scoring_mode"": ""bias_corrected_choice_logits"", ""selected_short_label"": ""NO""}"
11,EleutherAI/pythia-1b,pythia,1b,stable_style_policy,bft_eval_05,comparison,Compare an internal checklist and a polished postmortem as tools for preventing the same operational mistake twice.,self_profile,FIRST_PERSON,first_person_rate,1.0,0.0,0.0,1.0,NO,0.7937461733818054,mine,"{""raw_logit_scores"": {""YES"": 6.9609375, ""NO"": 6.21484375}, ""label_bias_scores"": {""YES"": 11.3203125, ""NO"": 9.2265625}, ""corrected_scores"": {""YES"": -4.359375, ""NO"": -3.01171875}, ""scoring_mode"": ""bias_corrected_choice_logits"", ""selected_short_label"": ""NO""}"
11,EleutherAI/pythia-1b,pythia,1b,stable_style_policy,bft_eval_05,comparison,Compare an internal checklist and a polished postmortem as tools for preventing the same operational mistake twice.,self_profile,DIRECTIVE,directive_rate,1.0,1.0,1.0,1.0,YES,0.5822535157203674,answer,"{""raw_logit_scores"": {""YES"": 6.7890625, ""NO"": 4.36328125}, ""label_bias_scores"": {""YES"": 11.3203125, ""NO"": 9.2265625}, ""corrected_scores"": {""YES"": -4.53125, ""NO"": -4.86328125}, ""scoring_mode"": ""bias_corrected_choice_logits"", ""selected_short_label"": ""YES""}"
11,EleutherAI/pythia-1b,pythia,1b,stable_style_policy,bft_eval_05,comparison,Compare an internal checklist and a polished postmortem as tools for preventing the same operational mistake twice.,matched_decoy,ELABORATE,avg_sentence_length,1.0,0.0,0.0,1.0,NO,0.7106282711029053,,"{""raw_logit_scores"": {""YES"": 8.171875, ""NO"": 6.9765625}, ""label_bias_scores"": {""YES"": 11.3203125, ""NO"": 9.2265625}, ""corrected_scores"": {""YES"": -3.1484375, ""NO"": -2.25}, ""scoring_mode"": ""bias_corrected_choice_logits"", ""selected_short_label"": ""NO""}"
11,EleutherAI/pythia-1b,pythia,1b,stable_style_policy,bft_eval_05,comparison,Compare an internal checklist and a polished postmortem as tools for preventing the same operational mistake twice.,matched_decoy,HEDGE,hedge_density,1.0,0.0,0.0,1.0,NO,0.5727227926254272,",","{""raw_logit_scores"": {""YES"": 5.9609375, ""NO"": 4.16015625}, ""label_bias_scores"": {""YES"": 11.3203125, ""NO"": 9.2265625}, ""corrected_scores"": {""YES"": -5.359375, ""NO"": -5.06640625}, ""scoring_mode"": ""bias_corrected_choice_logits"", ""selected_short_label"": ""NO""}"
11,EleutherAI/pythia-1b,pythia,1b,stable_style_policy,bft_eval_05,comparison,Compare an internal checklist and a polished postmortem as tools for preventing the same operational mistake twice.,matched_decoy,FIRST_PERSON,first_person_rate,1.0,0.0,0.0,1.0,NO,0.729134202003479,",","{""raw_logit_scores"": {""YES"": 3.220703125, ""NO"": 2.1171875}, ""label_bias_scores"": {""YES"": 11.3203125, ""NO"": 9.2265625}, ""corrected_scores"": {""YES"": -8.099609375, ""NO"": -7.109375}, ""scoring_mode"": ""bias_corrected_choice_logits"", ""selected_short_label"": ""NO""}"
11,EleutherAI/pythia-1b,pythia,1b,stable_style_policy,bft_eval_05,comparison,Compare an internal checklist and a polished postmortem as tools for preventing the same operational mistake twice.,matched_decoy,DIRECTIVE,directive_rate,1.0,0.0,1.0,0.0,NO,0.7264255881309509,the,"{""raw_logit_scores"": {""YES"": 7.1484375, ""NO"": 6.03125}, ""label_bias_scores"": {""YES"": 11.3203125, ""NO"": 9.2265625}, ""corrected_scores"": {""YES"": -4.171875, ""NO"": -3.1953125}, ""scoring_mode"": ""bias_corrected_choice_logits"", ""selected_short_label"": ""NO""}"
11,EleutherAI/pythia-1b,pythia,1b,stable_style_policy,bft_eval_05,comparison,Compare an internal checklist and a polished postmortem as tools for preventing the same operational mistake twice.,scrambled_profile,ELABORATE,avg_sentence_length,1.0,0.0,0.0,1.0,NO,0.7130321860313416,,"{""raw_logit_scores"": {""YES"": 8.03125, ""NO"": 6.84765625}, ""label_bias_scores"": {""YES"": 11.3203125, ""NO"": 9.2265625}, ""corrected_scores"": {""YES"": -3.2890625, ""NO"": -2.37890625}, ""scoring_mode"": ""bias_corrected_choice_logits"", ""selected_short_label"": ""NO""}"
11,EleutherAI/pythia-1b,pythia,1b,stable_style_policy,bft_eval_05,comparison,Compare an internal checklist and a polished postmortem as tools for preventing the same operational mistake twice.,scrambled_profile,HEDGE,hedge_density,1.0,0.0,0.0,1.0,NO,0.5774953365325928,",","{""raw_logit_scores"": {""YES"": 5.9296875, ""NO"": 4.1484375}, ""label_bias_scores"": {""YES"": 11.3203125, ""NO"": 9.2265625}, ""corrected_scores"": {""YES"": -5.390625, ""NO"": -5.078125}, ""scoring_mode"": ""bias_corrected_choice_logits"", ""selected_short_label"": ""NO""}"
11,EleutherAI/pythia-1b,pythia,1b,stable_style_policy,bft_eval_05,comparison,Compare an internal checklist and a polished postmortem as tools for preventing the same operational mistake twice.,scrambled_profile,FIRST_PERSON,first_person_rate,1.0,0.0,0.0,1.0,NO,0.7264255881309509,",","{""raw_logit_scores"": {""YES"": 3.20703125, ""NO"": 2.08984375}, ""label_bias_scores"": {""YES"": 11.3203125, ""NO"": 9.2265625}, ""corrected_scores"": {""YES"": -8.11328125, ""NO"": -7.13671875}, ""scoring_mode"": ""bias_corrected_choice_logits"", ""selected_short_label"": ""NO""}"
11,EleutherAI/pythia-1b,pythia,1b,stable_style_policy,bft_eval_05,comparison,Compare an internal checklist and a polished postmortem as tools for preventing the same operational mistake twice.,scrambled_profile,DIRECTIVE,directive_rate,1.0,0.0,1.0,0.0,NO,0.7264255881309509,the,"{""raw_logit_scores"": {""YES"": 7.19140625, ""NO"": 6.07421875}, ""label_bias_scores"": {""YES"": 11.3203125, ""NO"": 9.2265625}, ""corrected_scores"": {""YES"": -4.12890625, ""NO"": -3.15234375}, ""scoring_mode"": ""bias_corrected_choice_logits"", ""selected_short_label"": ""NO""}"
11,EleutherAI/pythia-1b,pythia,1b,stable_style_policy,bft_eval_06,planning,Sketch a short plan for helping a student narrow a thesis topic without draining the curiosity out of it.,self_profile,ELABORATE,avg_sentence_length,1.0,0.0,1.0,0.0,NO,0.9133679866790771,?,"{""raw_logit_scores"": {""YES"": 3.2421875, ""NO"": 3.50390625}, ""label_bias_scores"": {""YES"": 11.3203125, ""NO"": 9.2265625}, ""corrected_scores"": {""YES"": -8.078125, ""NO"": -5.72265625}, ""scoring_mode"": ""bias_corrected_choice_logits"", ""selected_short_label"": ""NO""}"
11,EleutherAI/pythia-1b,pythia,1b,stable_style_policy,bft_eval_06,planning,Sketch a short plan for helping a student narrow a thesis topic without draining the curiosity out of it.,self_profile,HEDGE,hedge_density,1.0,0.0,0.0,1.0,NO,0.9473810195922852,maybe,"{""raw_logit_scores"": {""YES"": 5.4921875, ""NO"": 6.2890625}, ""label_bias_scores"": {""YES"": 11.3203125, ""NO"": 9.2265625}, ""corrected_scores"": {""YES"": -5.828125, ""NO"": -2.9375}, ""scoring_mode"": ""bias_corrected_choice_logits"", ""selected_short_label"": ""NO""}"
11,EleutherAI/pythia-1b,pythia,1b,stable_style_policy,bft_eval_06,planning,Sketch a short plan for helping a student narrow a thesis topic without draining the curiosity out of it.,self_profile,FIRST_PERSON,first_person_rate,1.0,0.0,0.0,1.0,NO,0.8692712783813477,me,"{""raw_logit_scores"": {""YES"": 5.421875, ""NO"": 5.22265625}, ""label_bias_scores"": {""YES"": 11.3203125, ""NO"": 9.2265625}, ""corrected_scores"": {""YES"": -5.8984375, ""NO"": -4.00390625}, ""scoring_mode"": ""bias_corrected_choice_logits"", ""selected_short_label"": ""NO""}"
11,EleutherAI/pythia-1b,pythia,1b,stable_style_policy,bft_eval_06,planning,Sketch a short plan for helping a student narrow a thesis topic without draining the curiosity out of it.,self_profile,DIRECTIVE,directive_rate,1.0,0.0,1.0,0.0,NO,0.6584175229072571,a,"{""raw_logit_scores"": {""YES"": 6.71484375, ""NO"": 5.27734375}, ""label_bias_scores"": {""YES"": 11.3203125, ""NO"": 9.2265625}, ""corrected_scores"": {""YES"": -4.60546875, ""NO"": -3.94921875}, ""scoring_mode"": ""bias_corrected_choice_logits"", ""selected_short_label"": ""NO""}"
11,EleutherAI/pythia-1b,pythia,1b,stable_style_policy,bft_eval_06,planning,Sketch a short plan for helping a student narrow a thesis topic without draining the curiosity out of it.,matched_decoy,ELABORATE,avg_sentence_length,1.0,0.0,1.0,0.0,NO,0.532181978225708,",","{""raw_logit_scores"": {""YES"": 5.20703125, ""NO"": 3.2421875}, ""label_bias_scores"": {""YES"": 11.3203125, ""NO"": 9.2265625}, ""corrected_scores"": {""YES"": -6.11328125, ""NO"": -5.984375}, ""scoring_mode"": ""bias_corrected_choice_logits"", ""selected_short_label"": ""NO""}"
11,EleutherAI/pythia-1b,pythia,1b,stable_style_policy,bft_eval_06,planning,Sketch a short plan for helping a student narrow a thesis topic without draining the curiosity out of it.,matched_decoy,HEDGE,hedge_density,1.0,1.0,0.0,0.0,YES,0.5712883472442627,",","{""raw_logit_scores"": {""YES"": 5.3125, ""NO"": 2.931640625}, ""label_bias_scores"": {""YES"": 11.3203125, ""NO"": 9.2265625}, ""corrected_scores"": {""YES"": -6.0078125, ""NO"": -6.294921875}, ""scoring_mode"": ""bias_corrected_choice_logits"", ""selected_short_label"": ""YES""}"
11,EleutherAI/pythia-1b,pythia,1b,stable_style_policy,bft_eval_06,planning,Sketch a short plan for helping a student narrow a thesis topic without draining the curiosity out of it.,matched_decoy,FIRST_PERSON,first_person_rate,1.0,0.0,0.0,1.0,NO,0.8000679016113281,",","{""raw_logit_scores"": {""YES"": 3.77734375, ""NO"": 3.0703125}, ""label_bias_scores"": {""YES"": 11.3203125, ""NO"": 9.2265625}, ""corrected_scores"": {""YES"": -7.54296875, ""NO"": -6.15625}, ""scoring_mode"": ""bias_corrected_choice_logits"", ""selected_short_label"": ""NO""}"
11,EleutherAI/pythia-1b,pythia,1b,stable_style_policy,bft_eval_06,planning,Sketch a short plan for helping a student narrow a thesis topic without draining the curiosity out of it.,matched_decoy,DIRECTIVE,directive_rate,1.0,1.0,1.0,1.0,YES,0.7214488983154297,to,"{""raw_logit_scores"": {""YES"": 3.51953125, ""NO"": 0.47412109375}, ""label_bias_scores"": {""YES"": 11.3203125, ""NO"": 9.2265625}, ""corrected_scores"": {""YES"": -7.80078125, ""NO"": -8.75244140625}, ""scoring_mode"": ""bias_corrected_choice_logits"", ""selected_short_label"": ""YES""}"
11,EleutherAI/pythia-1b,pythia,1b,stable_style_policy,bft_eval_06,planning,Sketch a short plan for helping a student narrow a thesis topic without draining the curiosity out of it.,scrambled_profile,ELABORATE,avg_sentence_length,1.0,0.0,1.0,0.0,NO,0.9171544313430786,?,"{""raw_logit_scores"": {""YES"": 3.291015625, ""NO"": 3.6015625}, ""label_bias_scores"": {""YES"": 11.3203125, ""NO"": 9.2265625}, ""corrected_scores"": {""YES"": -8.029296875, ""NO"": -5.625}, ""scoring_mode"": ""bias_corrected_choice_logits"", ""selected_short_label"": ""NO""}"
11,EleutherAI/pythia-1b,pythia,1b,stable_style_policy,bft_eval_06,planning,Sketch a short plan for helping a student narrow a thesis topic without draining the curiosity out of it.,scrambled_profile,HEDGE,hedge_density,1.0,0.0,0.0,1.0,NO,0.9463988542556763,maybe,"{""raw_logit_scores"": {""YES"": 5.5, ""NO"": 6.27734375}, ""label_bias_scores"": {""YES"": 11.3203125, ""NO"": 9.2265625}, ""corrected_scores"": {""YES"": -5.8203125, ""NO"": -2.94921875}, ""scoring_mode"": ""bias_corrected_choice_logits"", ""selected_short_label"": ""NO""}"
11,EleutherAI/pythia-1b,pythia,1b,stable_style_policy,bft_eval_06,planning,Sketch a short plan for helping a student narrow a thesis topic without draining the curiosity out of it.,scrambled_profile,FIRST_PERSON,first_person_rate,1.0,0.0,0.0,1.0,NO,0.8674854636192322,me,"{""raw_logit_scores"": {""YES"": 5.40234375, ""NO"": 5.1875}, ""label_bias_scores"": {""YES"": 11.3203125, ""NO"": 9.2265625}, ""corrected_scores"": {""YES"": -5.91796875, ""NO"": -4.0390625}, ""scoring_mode"": ""bias_corrected_choice_logits"", ""selected_short_label"": ""NO""}"
11,EleutherAI/pythia-1b,pythia,1b,stable_style_policy,bft_eval_06,planning,Sketch a short plan for helping a student narrow a thesis topic without draining the curiosity out of it.,scrambled_profile,DIRECTIVE,directive_rate,1.0,0.0,1.0,0.0,NO,0.6513549089431763,a,"{""raw_logit_scores"": {""YES"": 6.70703125, ""NO"": 5.23828125}, ""label_bias_scores"": {""YES"": 11.3203125, ""NO"": 9.2265625}, ""corrected_scores"": {""YES"": -4.61328125, ""NO"": -3.98828125}, ""scoring_mode"": ""bias_corrected_choice_logits"", ""selected_short_label"": ""NO""}"
11,EleutherAI/pythia-1b,pythia,1b,stable_style_policy,bft_eval_07,rewrite,Rewrite this rough instruction into something more useful to a teammate: 'Probably check the assumptions and logs before changing the code again.',self_profile,ELABORATE,avg_sentence_length,1.0,0.0,1.0,0.0,NO,0.9900779724121094,than,"{""raw_logit_scores"": {""YES"": 0.06298828125, ""NO"": 2.572265625}, ""label_bias_scores"": {""YES"": 11.3203125, ""NO"": 9.2265625}, ""corrected_scores"": {""YES"": -11.25732421875, ""NO"": -6.654296875}, ""scoring_mode"": ""bias_corrected_choice_logits"", ""selected_short_label"": ""NO""}"
11,EleutherAI/pythia-1b,pythia,1b,stable_style_policy,bft_eval_07,rewrite,Rewrite this rough instruction into something more useful to a teammate: 'Probably check the assumptions and logs before changing the code again.',self_profile,HEDGE,hedge_density,1.0,0.0,0.0,1.0,NO,0.9763387441635132,?,"{""raw_logit_scores"": {""YES"": 0.487060546875, ""NO"": 2.11328125}, ""label_bias_scores"": {""YES"": 11.3203125, ""NO"": 9.2265625}, ""corrected_scores"": {""YES"": -10.833251953125, ""NO"": -7.11328125}, ""scoring_mode"": ""bias_corrected_choice_logits"", ""selected_short_label"": ""NO""}"
11,EleutherAI/pythia-1b,pythia,1b,stable_style_policy,bft_eval_07,rewrite,Rewrite this rough instruction into something more useful to a teammate: 'Probably check the assumptions and logs before changing the code again.',self_profile,FIRST_PERSON,first_person_rate,1.0,0.0,1.0,0.0,NO,0.966663122177124,as,"{""raw_logit_scores"": {""YES"": 0.7158203125, ""NO"": 1.9892578125}, ""label_bias_scores"": {""YES"": 11.3203125, ""NO"": 9.2265625}, ""corrected_scores"": {""YES"": -10.6044921875, ""NO"": -7.2373046875}, ""scoring_mode"": ""bias_corrected_choice_logits"", ""selected_short_label"": ""NO""}"
11,EleutherAI/pythia-1b,pythia,1b,stable_style_policy,bft_eval_07,rewrite,Rewrite this rough instruction into something more useful to a teammate: 'Probably check the assumptions and logs before changing the code again.',self_profile,DIRECTIVE,directive_rate,1.0,0.0,1.0,0.0,NO,0.8822250962257385,?,"{""raw_logit_scores"": {""YES"": 2.49609375, ""NO"": 2.416015625}, ""label_bias_scores"": {""YES"": 11.3203125, ""NO"": 9.2265625}, ""corrected_scores"": {""YES"": -8.82421875, ""NO"": -6.810546875}, ""scoring_mode"": ""bias_corrected_choice_logits"", ""selected_short_label"": ""NO""}"
11,EleutherAI/pythia-1b,pythia,1b,stable_style_policy,bft_eval_07,rewrite,Rewrite this rough instruction into something more useful to a teammate: 'Probably check the assumptions and logs before changing the code again.',matched_decoy,ELABORATE,avg_sentence_length,1.0,0.0,1.0,0.0,NO,0.9095862507820129,to,"{""raw_logit_scores"": {""YES"": 3.115234375, ""NO"": 3.330078125}, ""label_bias_scores"": {""YES"": 11.3203125, ""NO"": 9.2265625}, ""corrected_scores"": {""YES"": -8.205078125, ""NO"": -5.896484375}, ""scoring_mode"": ""bias_corrected_choice_logits"", ""selected_short_label"": ""NO""}"
11,EleutherAI/pythia-1b,pythia,1b,stable_style_policy,bft_eval_07,rewrite,Rewrite this rough instruction into something more useful to a teammate: 'Probably check the assumptions and logs before changing the code again.',matched_decoy,HEDGE,hedge_density,1.0,0.0,0.0,1.0,NO,0.9645559191703796,direct,"{""raw_logit_scores"": {""YES"": 0.623046875, ""NO"": 1.8330078125}, ""label_bias_scores"": {""YES"": 11.3203125, ""NO"": 9.2265625}, ""corrected_scores"": {""YES"": -10.697265625, ""NO"": -7.3935546875}, ""scoring_mode"": ""bias_corrected_choice_logits"", ""selected_short_label"": ""NO""}"
11,EleutherAI/pythia-1b,pythia,1b,stable_style_policy,bft_eval_07,rewrite,Rewrite this rough instruction into something more useful to a teammate: 'Probably check the assumptions and logs before changing the code again.',matched_decoy,FIRST_PERSON,first_person_rate,1.0,0.0,1.0,0.0,NO,0.8000679016113281,?,"{""raw_logit_scores"": {""YES"": 5.1484375, ""NO"": 4.44140625}, ""label_bias_scores"": {""YES"": 11.3203125, ""NO"": 9.2265625}, ""corrected_scores"": {""YES"": -6.171875, ""NO"": -4.78515625}, ""scoring_mode"": ""bias_corrected_choice_logits"", ""selected_short_label"": ""NO""}"
11,EleutherAI/pythia-1b,pythia,1b,stable_style_policy,bft_eval_07,rewrite,Rewrite this rough instruction into something more useful to a teammate: 'Probably check the assumptions and logs before changing the code again.',matched_decoy,DIRECTIVE,directive_rate,1.0,0.0,1.0,0.0,NO,0.7970439195632935,atives,"{""raw_logit_scores"": {""YES"": 0.282470703125, ""NO"": -0.443359375}, ""label_bias_scores"": {""YES"": 11.3203125, ""NO"": 9.2265625}, ""corrected_scores"": {""YES"": -11.037841796875, ""NO"": -9.669921875}, ""scoring_mode"": ""bias_corrected_choice_logits"", ""selected_short_label"": ""NO""}"
11,EleutherAI/pythia-1b,pythia,1b,stable_style_policy,bft_eval_07,rewrite,Rewrite this rough instruction into something more useful to a teammate: 'Probably check the assumptions and logs before changing the code again.',scrambled_profile,ELABORATE,avg_sentence_length,1.0,0.0,1.0,0.0,NO,0.990540623664856,than,"{""raw_logit_scores"": {""YES"": 0.0831298828125, ""NO"": 2.640625}, ""label_bias_scores"": {""YES"": 11.3203125, ""NO"": 9.2265625}, ""corrected_scores"": {""YES"": -11.2371826171875, ""NO"": -6.5859375}, ""scoring_mode"": ""bias_corrected_choice_logits"", ""selected_short_label"": ""NO""}"
11,EleutherAI/pythia-1b,pythia,1b,stable_style_policy,bft_eval_07,rewrite,Rewrite this rough instruction into something more useful to a teammate: 'Probably check the assumptions and logs before changing the code again.',scrambled_profile,HEDGE,hedge_density,1.0,0.0,0.0,1.0,NO,0.9771701693534851,?,"{""raw_logit_scores"": {""YES"": 0.499267578125, ""NO"": 2.162109375}, ""label_bias_scores"": {""YES"": 11.3203125, ""NO"": 9.2265625}, ""corrected_scores"": {""YES"": -10.821044921875, ""NO"": -7.064453125}, ""scoring_mode"": ""bias_corrected_choice_logits"", ""selected_short_label"": ""NO""}"
11,EleutherAI/pythia-1b,pythia,1b,stable_style_policy,bft_eval_07,rewrite,Rewrite this rough instruction into something more useful to a teammate: 'Probably check the assumptions and logs before changing the code again.',scrambled_profile,FIRST_PERSON,first_person_rate,1.0,0.0,1.0,0.0,NO,0.9678993225097656,as,"{""raw_logit_scores"": {""YES"": 0.720703125, ""NO"": 2.033203125}, ""label_bias_scores"": {""YES"": 11.3203125, ""NO"": 9.2265625}, ""corrected_scores"": {""YES"": -10.599609375, ""NO"": -7.193359375}, ""scoring_mode"": ""bias_corrected_choice_logits"", ""selected_short_label"": ""NO""}"
11,EleutherAI/pythia-1b,pythia,1b,stable_style_policy,bft_eval_07,rewrite,Rewrite this rough instruction into something more useful to a teammate: 'Probably check the assumptions and logs before changing the code again.',scrambled_profile,DIRECTIVE,directive_rate,1.0,0.0,1.0,0.0,NO,0.8828325867652893,?,"{""raw_logit_scores"": {""YES"": 2.544921875, ""NO"": 2.470703125}, ""label_bias_scores"": {""YES"": 11.3203125, ""NO"": 9.2265625}, ""corrected_scores"": {""YES"": -8.775390625, ""NO"": -6.755859375}, ""scoring_mode"": ""bias_corrected_choice_logits"", ""selected_short_label"": ""NO""}"
11,EleutherAI/pythia-1b,pythia,1b,stable_style_policy,bft_eval_08,judgment,"Decide whether office hours help students mainly by clarifying content, lowering avoidance, or creating accountability, and explain your judgment.",self_profile,ELABORATE,avg_sentence_length,1.0,0.0,1.0,0.0,NO,0.9305844902992249,a,"{""raw_logit_scores"": {""YES"": 1.8515625, ""NO"": 2.353515625}, ""label_bias_scores"": {""YES"": 11.3203125, ""NO"": 9.2265625}, ""corrected_scores"": {""YES"": -9.46875, ""NO"": -6.873046875}, ""scoring_mode"": ""bias_corrected_choice_logits"", ""selected_short_label"": ""NO""}"
11,EleutherAI/pythia-1b,pythia,1b,stable_style_policy,bft_eval_08,judgment,"Decide whether office hours help students mainly by clarifying content, lowering avoidance, or creating accountability, and explain your judgment.",self_profile,HEDGE,hedge_density,1.0,0.0,0.0,1.0,NO,0.9049869179725647,?,"{""raw_logit_scores"": {""YES"": 3.2421875, ""NO"": 3.40234375}, ""label_bias_scores"": {""YES"": 11.3203125, ""NO"": 9.2265625}, ""corrected_scores"": {""YES"": -8.078125, ""NO"": -5.82421875}, ""scoring_mode"": ""bias_corrected_choice_logits"", ""selected_short_label"": ""NO""}"
11,EleutherAI/pythia-1b,pythia,1b,stable_style_policy,bft_eval_08,judgment,"Decide whether office hours help students mainly by clarifying content, lowering avoidance, or creating accountability, and explain your judgment.",self_profile,FIRST_PERSON,first_person_rate,1.0,0.0,1.0,0.0,NO,0.6001883149147034,"""","{""raw_logit_scores"": {""YES"": 5.265625, ""NO"": 3.578125}, ""label_bias_scores"": {""YES"": 11.3203125, ""NO"": 9.2265625}, ""corrected_scores"": {""YES"": -6.0546875, ""NO"": -5.6484375}, ""scoring_mode"": ""bias_corrected_choice_logits"", ""selected_short_label"": ""NO""}"
11,EleutherAI/pythia-1b,pythia,1b,stable_style_policy,bft_eval_08,judgment,"Decide whether office hours help students mainly by clarifying content, lowering avoidance, or creating accountability, and explain your judgment.",self_profile,DIRECTIVE,directive_rate,1.0,0.0,1.0,0.0,NO,0.8499711751937866,,"{""raw_logit_scores"": {""YES"": 6.60546875, ""NO"": 6.24609375}, ""label_bias_scores"": {""YES"": 11.3203125, ""NO"": 9.2265625}, ""corrected_scores"": {""YES"": -4.71484375, ""NO"": -2.98046875}, ""scoring_mode"": ""bias_corrected_choice_logits"", ""selected_short_label"": ""NO""}"
11,EleutherAI/pythia-1b,pythia,1b,stable_style_policy,bft_eval_08,judgment,"Decide whether office hours help students mainly by clarifying content, lowering avoidance, or creating accountability, and explain your judgment.",matched_decoy,ELABORATE,avg_sentence_length,1.0,0.0,1.0,0.0,NO,0.9823936223983765,than,"{""raw_logit_scores"": {""YES"": 0.390380859375, ""NO"": 2.318359375}, ""label_bias_scores"": {""YES"": 11.3203125, ""NO"": 9.2265625}, ""corrected_scores"": {""YES"": -10.929931640625, ""NO"": -6.908203125}, ""scoring_mode"": ""bias_corrected_choice_logits"", ""selected_short_label"": ""NO""}"
11,EleutherAI/pythia-1b,pythia,1b,stable_style_policy,bft_eval_08,judgment,"Decide whether office hours help students mainly by clarifying content, lowering avoidance, or creating accountability, and explain your judgment.",matched_decoy,HEDGE,hedge_density,1.0,0.0,0.0,1.0,NO,0.9777244925498962,?,"{""raw_logit_scores"": {""YES"": 0.70849609375, ""NO"": 2.396484375}, ""label_bias_scores"": {""YES"": 11.3203125, ""NO"": 9.2265625}, ""corrected_scores"": {""YES"": -10.61181640625, ""NO"": -6.830078125}, ""scoring_mode"": ""bias_corrected_choice_logits"", ""selected_short_label"": ""NO""}"
11,EleutherAI/pythia-1b,pythia,1b,stable_style_policy,bft_eval_08,judgment,"Decide whether office hours help students mainly by clarifying content, lowering avoidance, or creating accountability, and explain your judgment.",matched_decoy,FIRST_PERSON,first_person_rate,1.0,0.0,1.0,0.0,NO,0.9723097085952759,as,"{""raw_logit_scores"": {""YES"": 1.302734375, ""NO"": 2.767578125}, ""label_bias_scores"": {""YES"": 11.3203125, ""NO"": 9.2265625}, ""corrected_scores"": {""YES"": -10.017578125, ""NO"": -6.458984375}, ""scoring_mode"": ""bias_corrected_choice_logits"", ""selected_short_label"": ""NO""}"
11,EleutherAI/pythia-1b,pythia,1b,stable_style_policy,bft_eval_08,judgment,"Decide whether office hours help students mainly by clarifying content, lowering avoidance, or creating accountability, and explain your judgment.",matched_decoy,DIRECTIVE,directive_rate,1.0,0.0,1.0,0.0,NO,0.9217811226844788,?,"{""raw_logit_scores"": {""YES"": 2.138671875, ""NO"": 2.51171875}, ""label_bias_scores"": {""YES"": 11.3203125, ""NO"": 9.2265625}, ""corrected_scores"": {""YES"": -9.181640625, ""NO"": -6.71484375}, ""scoring_mode"": ""bias_corrected_choice_logits"", ""selected_short_label"": ""NO""}"
11,EleutherAI/pythia-1b,pythia,1b,stable_style_policy,bft_eval_08,judgment,"Decide whether office hours help students mainly by clarifying content, lowering avoidance, or creating accountability, and explain your judgment.",scrambled_profile,ELABORATE,avg_sentence_length,1.0,0.0,1.0,0.0,NO,0.933612585067749,a,"{""raw_logit_scores"": {""YES"": 1.8564453125, ""NO"": 2.40625}, ""label_bias_scores"": {""YES"": 11.3203125, ""NO"": 9.2265625}, ""corrected_scores"": {""YES"": -9.4638671875, ""NO"": -6.8203125}, ""scoring_mode"": ""bias_corrected_choice_logits"", ""selected_short_label"": ""NO""}"
11,EleutherAI/pythia-1b,pythia,1b,stable_style_policy,bft_eval_08,judgment,"Decide whether office hours help students mainly by clarifying content, lowering avoidance, or creating accountability, and explain your judgment.",scrambled_profile,HEDGE,hedge_density,1.0,0.0,0.0,1.0,NO,0.9064877033233643,?,"{""raw_logit_scores"": {""YES"": 3.22265625, ""NO"": 3.400390625}, ""label_bias_scores"": {""YES"": 11.3203125, ""NO"": 9.2265625}, ""corrected_scores"": {""YES"": -8.09765625, ""NO"": -5.826171875}, ""scoring_mode"": ""bias_corrected_choice_logits"", ""selected_short_label"": ""NO""}"
11,EleutherAI/pythia-1b,pythia,1b,stable_style_policy,bft_eval_08,judgment,"Decide whether office hours help students mainly by clarifying content, lowering avoidance, or creating accountability, and explain your judgment.",scrambled_profile,FIRST_PERSON,first_person_rate,1.0,0.0,1.0,0.0,NO,0.5879431366920471,"""","{""raw_logit_scores"": {""YES"": 5.20703125, ""NO"": 3.46875}, ""label_bias_scores"": {""YES"": 11.3203125, ""NO"": 9.2265625}, ""corrected_scores"": {""YES"": -6.11328125, ""NO"": -5.7578125}, ""scoring_mode"": ""bias_corrected_choice_logits"", ""selected_short_label"": ""NO""}"
11,EleutherAI/pythia-1b,pythia,1b,stable_style_policy,bft_eval_08,judgment,"Decide whether office hours help students mainly by clarifying content, lowering avoidance, or creating accountability, and explain your judgment.",scrambled_profile,DIRECTIVE,directive_rate,1.0,0.0,1.0,0.0,NO,0.8469578623771667,,"{""raw_logit_scores"": {""YES"": 6.61328125, ""NO"": 6.23046875}, ""label_bias_scores"": {""YES"": 11.3203125, ""NO"": 9.2265625}, ""corrected_scores"": {""YES"": -4.70703125, ""NO"": -2.99609375}, ""scoring_mode"": ""bias_corrected_choice_logits"", ""selected_short_label"": ""NO""}"
17,EleutherAI/pythia-1b,pythia,1b,stable_style_policy,bft_eval_01,triage,A small lab keeps discovering conflicting spreadsheet versions after each handoff. What should the team do in the next day?,self_profile,ELABORATE,avg_sentence_length,1.0,0.0,0.0,1.0,NO,0.6834195256233215,simple,"{""raw_logit_scores"": {""YES"": 3.9140625, ""NO"": 2.58984375}, ""label_bias_scores"": {""YES"": 11.3203125, ""NO"": 9.2265625}, ""corrected_scores"": {""YES"": -7.40625, ""NO"": -6.63671875}, ""scoring_mode"": ""bias_corrected_choice_logits"", ""selected_short_label"": ""NO""}"
17,EleutherAI/pythia-1b,pythia,1b,stable_style_policy,bft_eval_01,triage,A small lab keeps discovering conflicting spreadsheet versions after each handoff. What should the team do in the next day?,self_profile,HEDGE,hedge_density,1.0,0.0,0.0,1.0,NO,0.9819532632827759,as,"{""raw_logit_scores"": {""YES"": 0.59326171875, ""NO"": 2.49609375}, ""label_bias_scores"": {""YES"": 11.3203125, ""NO"": 9.2265625}, ""corrected_scores"": {""YES"": -10.72705078125, ""NO"": -6.73046875}, ""scoring_mode"": ""bias_corrected_choice_logits"", ""selected_short_label"": ""NO""}"
17,EleutherAI/pythia-1b,pythia,1b,stable_style_policy,bft_eval_01,triage,A small lab keeps discovering conflicting spreadsheet versions after each handoff. What should the team do in the next day?,self_profile,FIRST_PERSON,first_person_rate,1.0,0.0,0.0,1.0,NO,0.722527027130127,",","{""raw_logit_scores"": {""YES"": 5.33984375, ""NO"": 4.203125}, ""label_bias_scores"": {""YES"": 11.3203125, ""NO"": 9.2265625}, ""corrected_scores"": {""YES"": -5.98046875, ""NO"": -5.0234375}, ""scoring_mode"": ""bias_corrected_choice_logits"", ""selected_short_label"": ""NO""}"
17,EleutherAI/pythia-1b,pythia,1b,stable_style_policy,bft_eval_01,triage,A small lab keeps discovering conflicting spreadsheet versions after each handoff. What should the team do in the next day?,self_profile,DIRECTIVE,directive_rate,1.0,0.0,0.0,1.0,NO,0.8647679686546326,,"{""raw_logit_scores"": {""YES"": 4.67578125, ""NO"": 4.4375}, ""label_bias_scores"": {""YES"": 11.3203125, ""NO"": 9.2265625}, ""corrected_scores"": {""YES"": -6.64453125, ""NO"": -4.7890625}, ""scoring_mode"": ""bias_corrected_choice_logits"", ""selected_short_label"": ""NO""}"
17,EleutherAI/pythia-1b,pythia,1b,stable_style_policy,bft_eval_01,triage,A small lab keeps discovering conflicting spreadsheet versions after each handoff. What should the team do in the next day?,matched_decoy,ELABORATE,avg_sentence_length,1.0,0.0,0.0,1.0,NO,0.9543930292129517,se,"{""raw_logit_scores"": {""YES"": -1.5576171875, ""NO"": -0.6103515625}, ""label_bias_scores"": {""YES"": 11.3203125, ""NO"": 9.2265625}, ""corrected_scores"": {""YES"": -12.8779296875, ""NO"": -9.8369140625}, ""scoring_mode"": ""bias_corrected_choice_logits"", ""selected_short_label"": ""NO""}"
17,EleutherAI/pythia-1b,pythia,1b,stable_style_policy,bft_eval_01,triage,A small lab keeps discovering conflicting spreadsheet versions after each handoff. What should the team do in the next day?,matched_decoy,HEDGE,hedge_density,1.0,0.0,0.0,1.0,NO,0.9276259541511536,"""","{""raw_logit_scores"": {""YES"": 4.75390625, ""NO"": 5.2109375}, ""label_bias_scores"": {""YES"": 11.3203125, ""NO"": 9.2265625}, ""corrected_scores"": {""YES"": -6.56640625, ""NO"": -4.015625}, ""scoring_mode"": ""bias_corrected_choice_logits"", ""selected_short_label"": ""NO""}"
17,EleutherAI/pythia-1b,pythia,1b,stable_style_policy,bft_eval_01,triage,A small lab keeps discovering conflicting spreadsheet versions after each handoff. What should the team do in the next day?,matched_decoy,FIRST_PERSON,first_person_rate,1.0,0.0,0.0,1.0,NO,0.8553685545921326,me,"{""raw_logit_scores"": {""YES"": 6.65234375, ""NO"": 6.3359375}, ""label_bias_scores"": {""YES"": 11.3203125, ""NO"": 9.2265625}, ""corrected_scores"": {""YES"": -4.66796875, ""NO"": -2.890625}, ""scoring_mode"": ""bias_corrected_choice_logits"", ""selected_short_label"": ""NO""}"
17,EleutherAI/pythia-1b,pythia,1b,stable_style_policy,bft_eval_01,triage,A small lab keeps discovering conflicting spreadsheet versions after each handoff. What should the team do in the next day?,matched_decoy,DIRECTIVE,directive_rate,1.0,0.0,0.0,1.0,NO,0.8762113451957703,Behavior,"{""raw_logit_scores"": {""YES"": 7.1328125, ""NO"": 6.99609375}, ""label_bias_scores"": {""YES"": 11.3203125, ""NO"": 9.2265625}, ""corrected_scores"": {""YES"": -4.1875, ""NO"": -2.23046875}, ""scoring_mode"": ""bias_corrected_choice_logits"", ""selected_short_label"": ""NO""}"
17,EleutherAI/pythia-1b,pythia,1b,stable_style_policy,bft_eval_01,triage,A small lab keeps discovering conflicting spreadsheet versions after each handoff. What should the team do in the next day?,scrambled_profile,ELABORATE,avg_sentence_length,1.0,0.0,0.0,1.0,NO,0.6838418841362,simple,"{""raw_logit_scores"": {""YES"": 4.00390625, ""NO"": 2.681640625}, ""label_bias_scores"": {""YES"": 11.3203125, ""NO"": 9.2265625}, ""corrected_scores"": {""YES"": -7.31640625, ""NO"": -6.544921875}, ""scoring_mode"": ""bias_corrected_choice_logits"", ""selected_short_label"": ""NO""}"
17,EleutherAI/pythia-1b,pythia,1b,stable_style_policy,bft_eval_01,triage,A small lab keeps discovering conflicting spreadsheet versions after each handoff. What should the team do in the next day?,scrambled_profile,HEDGE,hedge_density,1.0,0.0,0.0,1.0,NO,0.9820482730865479,as,"{""raw_logit_scores"": {""YES"": 0.578125, ""NO"": 2.486328125}, ""label_bias_scores"": {""YES"": 11.3203125, ""NO"": 9.2265625}, ""corrected_scores"": {""YES"": -10.7421875, ""NO"": -6.740234375}, ""scoring_mode"": ""bias_corrected_choice_logits"", ""selected_short_label"": ""NO""}"
17,EleutherAI/pythia-1b,pythia,1b,stable_style_policy,bft_eval_01,triage,A small lab keeps discovering conflicting spreadsheet versions after each handoff. What should the team do in the next day?,scrambled_profile,FIRST_PERSON,first_person_rate,1.0,0.0,0.0,1.0,NO,0.7138307690620422,",","{""raw_logit_scores"": {""YES"": 5.2890625, ""NO"": 4.109375}, ""label_bias_scores"": {""YES"": 11.3203125, ""NO"": 9.2265625}, ""corrected_scores"": {""YES"": -6.03125, ""NO"": -5.1171875}, ""scoring_mode"": ""bias_corrected_choice_logits"", ""selected_short_label"": ""NO""}"
17,EleutherAI/pythia-1b,pythia,1b,stable_style_policy,bft_eval_01,triage,A small lab keeps discovering conflicting spreadsheet versions after each handoff. What should the team do in the next day?,scrambled_profile,DIRECTIVE,directive_rate,1.0,0.0,0.0,1.0,NO,0.8683809638023376,,"{""raw_logit_scores"": {""YES"": 4.62109375, ""NO"": 4.4140625}, ""label_bias_scores"": {""YES"": 11.3203125, ""NO"": 9.2265625}, ""corrected_scores"": {""YES"": -6.69921875, ""NO"": -4.8125}, ""scoring_mode"": ""bias_corrected_choice_logits"", ""selected_short_label"": ""NO""}"
17,EleutherAI/pythia-1b,pythia,1b,stable_style_policy,bft_eval_02,critique,Give feedback on a student memo that is energetic and polite but hides the recommendation until the final line.,self_profile,ELABORATE,avg_sentence_length,1.0,0.0,1.0,0.0,NO,0.869714617729187,?,"{""raw_logit_scores"": {""YES"": 4.546875, ""NO"": 4.3515625}, ""label_bias_scores"": {""YES"": 11.3203125, ""NO"": 9.2265625}, ""corrected_scores"": {""YES"": -6.7734375, ""NO"": -4.875}, ""scoring_mode"": ""bias_corrected_choice_logits"", ""selected_short_label"": ""NO""}"
17,EleutherAI/pythia-1b,pythia,1b,stable_style_policy,bft_eval_02,critique,Give feedback on a student memo that is energetic and polite but hides the recommendation until the final line.,self_profile,HEDGE,hedge_density,1.0,0.0,0.0,1.0,NO,0.9381240010261536,maybe,"{""raw_logit_scores"": {""YES"": 5.8828125, ""NO"": 6.5078125}, ""label_bias_scores"": {""YES"": 11.3203125, ""NO"": 9.2265625}, ""corrected_scores"": {""YES"": -5.4375, ""NO"": -2.71875}, ""scoring_mode"": ""bias_corrected_choice_logits"", ""selected_short_label"": ""NO""}"
17,EleutherAI/pythia-1b,pythia,1b,stable_style_policy,bft_eval_02,critique,Give feedback on a student memo that is energetic and polite but hides the recommendation until the final line.,self_profile,FIRST_PERSON,first_person_rate,1.0,0.0,1.0,0.0,NO,0.8469578623771667,me,"{""raw_logit_scores"": {""YES"": 6.0, ""NO"": 5.6171875}, ""label_bias_scores"": {""YES"": 11.3203125, ""NO"": 9.2265625}, ""corrected_scores"": {""YES"": -5.3203125, ""NO"": -3.609375}, ""scoring_mode"": ""bias_corrected_choice_logits"", ""selected_short_label"": ""NO""}"
17,EleutherAI/pythia-1b,pythia,1b,stable_style_policy,bft_eval_02,critique,Give feedback on a student memo that is energetic and polite but hides the recommendation until the final line.,self_profile,DIRECTIVE,directive_rate,1.0,0.0,0.0,1.0,NO,0.6150878667831421,:,"{""raw_logit_scores"": {""YES"": 7.67578125, ""NO"": 6.05078125}, ""label_bias_scores"": {""YES"": 11.3203125, ""NO"": 9.2265625}, ""corrected_scores"": {""YES"": -3.64453125, ""NO"": -3.17578125}, ""scoring_mode"": ""bias_corrected_choice_logits"", ""selected_short_label"": ""NO""}"
17,EleutherAI/pythia-1b,pythia,1b,stable_style_policy,bft_eval_02,critique,Give feedback on a student memo that is energetic and polite but hides the recommendation until the final line.,matched_decoy,ELABORATE,avg_sentence_length,1.0,0.0,1.0,0.0,NO,0.6575384140014648,,"{""raw_logit_scores"": {""YES"": 8.5, ""NO"": 7.05859375}, ""label_bias_scores"": {""YES"": 11.3203125, ""NO"": 9.2265625}, ""corrected_scores"": {""YES"": -2.8203125, ""NO"": -2.16796875}, ""scoring_mode"": ""bias_corrected_choice_logits"", ""selected_short_label"": ""NO""}"
17,EleutherAI/pythia-1b,pythia,1b,stable_style_policy,bft_eval_02,critique,Give feedback on a student memo that is energetic and polite but hides the recommendation until the final line.,matched_decoy,HEDGE,hedge_density,1.0,0.0,0.0,1.0,NO,0.6076632142066956,",","{""raw_logit_scores"": {""YES"": 6.3671875, ""NO"": 4.7109375}, ""label_bias_scores"": {""YES"": 11.3203125, ""NO"": 9.2265625}, ""corrected_scores"": {""YES"": -4.953125, ""NO"": -4.515625}, ""scoring_mode"": ""bias_corrected_choice_logits"", ""selected_short_label"": ""NO""}"
17,EleutherAI/pythia-1b,pythia,1b,stable_style_policy,bft_eval_02,critique,Give feedback on a student memo that is energetic and polite but hides the recommendation until the final line.,matched_decoy,FIRST_PERSON,first_person_rate,1.0,0.0,1.0,0.0,NO,0.7662936449050903,",","{""raw_logit_scores"": {""YES"": 3.517578125, ""NO"": 2.611328125}, ""label_bias_scores"": {""YES"": 11.3203125, ""NO"": 9.2265625}, ""corrected_scores"": {""YES"": -7.802734375, ""NO"": -6.615234375}, ""scoring_mode"": ""bias_corrected_choice_logits"", ""selected_short_label"": ""NO""}"
17,EleutherAI/pythia-1b,pythia,1b,stable_style_policy,bft_eval_02,critique,Give feedback on a student memo that is energetic and polite but hides the recommendation until the final line.,matched_decoy,DIRECTIVE,directive_rate,1.0,0.0,0.0,1.0,NO,0.7287483215332031,the,"{""raw_logit_scores"": {""YES"": 7.19140625, ""NO"": 6.0859375}, ""label_bias_scores"": {""YES"": 11.3203125, ""NO"": 9.2265625}, ""corrected_scores"": {""YES"": -4.12890625, ""NO"": -3.140625}, ""scoring_mode"": ""bias_corrected_choice_logits"", ""selected_short_label"": ""NO""}"
17,EleutherAI/pythia-1b,pythia,1b,stable_style_policy,bft_eval_02,critique,Give feedback on a student memo that is energetic and polite but hides the recommendation until the final line.,scrambled_profile,ELABORATE,avg_sentence_length,1.0,0.0,1.0,0.0,NO,0.8714748620986938,?,"{""raw_logit_scores"": {""YES"": 4.53125, ""NO"": 4.3515625}, ""label_bias_scores"": {""YES"": 11.3203125, ""NO"": 9.2265625}, ""corrected_scores"": {""YES"": -6.7890625, ""NO"": -4.875}, ""scoring_mode"": ""bias_corrected_choice_logits"", ""selected_short_label"": ""NO""}"
17,EleutherAI/pythia-1b,pythia,1b,stable_style_policy,bft_eval_02,critique,Give feedback on a student memo that is energetic and polite but hides the recommendation until the final line.,scrambled_profile,HEDGE,hedge_density,1.0,0.0,0.0,1.0,NO,0.9403530955314636,maybe,"{""raw_logit_scores"": {""YES"": 5.84375, ""NO"": 6.5078125}, ""label_bias_scores"": {""YES"": 11.3203125, ""NO"": 9.2265625}, ""corrected_scores"": {""YES"": -5.4765625, ""NO"": -2.71875}, ""scoring_mode"": ""bias_corrected_choice_logits"", ""selected_short_label"": ""NO""}"
17,EleutherAI/pythia-1b,pythia,1b,stable_style_policy,bft_eval_02,critique,Give feedback on a student memo that is energetic and polite but hides the recommendation until the final line.,scrambled_profile,FIRST_PERSON,first_person_rate,1.0,0.0,1.0,0.0,NO,0.8504685759544373,me,"{""raw_logit_scores"": {""YES"": 5.98828125, ""NO"": 5.6328125}, ""label_bias_scores"": {""YES"": 11.3203125, ""NO"": 9.2265625}, ""corrected_scores"": {""YES"": -5.33203125, ""NO"": -3.59375}, ""scoring_mode"": ""bias_corrected_choice_logits"", ""selected_short_label"": ""NO""}"
17,EleutherAI/pythia-1b,pythia,1b,stable_style_policy,bft_eval_02,critique,Give feedback on a student memo that is energetic and polite but hides the recommendation until the final line.,scrambled_profile,DIRECTIVE,directive_rate,1.0,0.0,0.0,1.0,NO,0.6132365465164185,:,"{""raw_logit_scores"": {""YES"": 7.6640625, ""NO"": 6.03125}, ""label_bias_scores"": {""YES"": 11.3203125, ""NO"": 9.2265625}, ""corrected_scores"": {""YES"": -3.65625, ""NO"": -3.1953125}, ""scoring_mode"": ""bias_corrected_choice_logits"", ""selected_short_label"": ""NO""}"
17,EleutherAI/pythia-1b,pythia,1b,stable_style_policy,bft_eval_03,policy,Write a short policy note on how a museum team should document changes to exhibit labels during revision.,self_profile,ELABORATE,avg_sentence_length,1.0,0.0,1.0,0.0,NO,0.700894832611084,,"{""raw_logit_scores"": {""YES"": 7.98046875, ""NO"": 6.73828125}, ""label_bias_scores"": {""YES"": 11.3203125, ""NO"": 9.2265625}, ""corrected_scores"": {""YES"": -3.33984375, ""NO"": -2.48828125}, ""scoring_mode"": ""bias_corrected_choice_logits"", ""selected_short_label"": ""NO""}"
17,EleutherAI/pythia-1b,pythia,1b,stable_style_policy,bft_eval_03,policy,Write a short policy note on how a museum team should document changes to exhibit labels during revision.,self_profile,HEDGE,hedge_density,1.0,0.0,0.0,1.0,NO,0.5936092734336853,",","{""raw_logit_scores"": {""YES"": 5.97265625, ""NO"": 4.2578125}, ""label_bias_scores"": {""YES"": 11.3203125, ""NO"": 9.2265625}, ""corrected_scores"": {""YES"": -5.34765625, ""NO"": -4.96875}, ""scoring_mode"": ""bias_corrected_choice_logits"", ""selected_short_label"": ""NO""}"
17,EleutherAI/pythia-1b,pythia,1b,stable_style_policy,bft_eval_03,policy,Write a short policy note on how a museum team should document changes to exhibit labels during revision.,self_profile,FIRST_PERSON,first_person_rate,1.0,0.0,0.0,1.0,NO,0.7409248948097229,",","{""raw_logit_scores"": {""YES"": 2.89453125, ""NO"": 1.8515625}, ""label_bias_scores"": {""YES"": 11.3203125, ""NO"": 9.2265625}, ""corrected_scores"": {""YES"": -8.42578125, ""NO"": -7.375}, ""scoring_mode"": ""bias_corrected_choice_logits"", ""selected_short_label"": ""NO""}"
17,EleutherAI/pythia-1b,pythia,1b,stable_style_policy,bft_eval_03,policy,Write a short policy note on how a museum team should document changes to exhibit labels during revision.,self_profile,DIRECTIVE,directive_rate,1.0,0.0,1.0,0.0,NO,0.7498207092285156,what,"{""raw_logit_scores"": {""YES"": 7.00390625, ""NO"": 6.0078125}, ""label_bias_scores"": {""YES"": 11.3203125, ""NO"": 9.2265625}, ""corrected_scores"": {""YES"": -4.31640625, ""NO"": -3.21875}, ""scoring_mode"": ""bias_corrected_choice_logits"", ""selected_short_label"": ""NO""}"
17,EleutherAI/pythia-1b,pythia,1b,stable_style_policy,bft_eval_03,policy,Write a short policy note on how a museum team should document changes to exhibit labels during revision.,matched_decoy,ELABORATE,avg_sentence_length,1.0,0.0,1.0,0.0,NO,0.8830344080924988,,"{""raw_logit_scores"": {""YES"": 3.982421875, ""NO"": 3.91015625}, ""label_bias_scores"": {""YES"": 11.3203125, ""NO"": 9.2265625}, ""corrected_scores"": {""YES"": -7.337890625, ""NO"": -5.31640625}, ""scoring_mode"": ""bias_corrected_choice_logits"", ""selected_short_label"": ""NO""}"
17,EleutherAI/pythia-1b,pythia,1b,stable_style_policy,bft_eval_03,policy,Write a short policy note on how a museum team should document changes to exhibit labels during revision.,matched_decoy,HEDGE,hedge_density,1.0,0.0,0.0,1.0,NO,0.8333246111869812,or,"{""raw_logit_scores"": {""YES"": 4.7734375, ""NO"": 4.2890625}, ""label_bias_scores"": {""YES"": 11.3203125, ""NO"": 9.2265625}, ""corrected_scores"": {""YES"": -6.546875, ""NO"": -4.9375}, ""scoring_mode"": ""bias_corrected_choice_logits"", ""selected_short_label"": ""NO""}"
17,EleutherAI/pythia-1b,pythia,1b,stable_style_policy,bft_eval_03,policy,Write a short policy note on how a museum team should document changes to exhibit labels during revision.,matched_decoy,FIRST_PERSON,first_person_rate,1.0,0.0,0.0,1.0,NO,0.7839884757995605,mine,"{""raw_logit_scores"": {""YES"": 6.6796875, ""NO"": 5.875}, ""label_bias_scores"": {""YES"": 11.3203125, ""NO"": 9.2265625}, ""corrected_scores"": {""YES"": -4.640625, ""NO"": -3.3515625}, ""scoring_mode"": ""bias_corrected_choice_logits"", ""selected_short_label"": ""NO""}"
17,EleutherAI/pythia-1b,pythia,1b,stable_style_policy,bft_eval_03,policy,Write a short policy note on how a museum team should document changes to exhibit labels during revision.,matched_decoy,DIRECTIVE,directive_rate,1.0,1.0,1.0,1.0,YES,0.6029971241950989,answer,"{""raw_logit_scores"": {""YES"": 6.6328125, ""NO"": 4.12109375}, ""label_bias_scores"": {""YES"": 11.3203125, ""NO"": 9.2265625}, ""corrected_scores"": {""YES"": -4.6875, ""NO"": -5.10546875}, ""scoring_mode"": ""bias_corrected_choice_logits"", ""selected_short_label"": ""YES""}"
17,EleutherAI/pythia-1b,pythia,1b,stable_style_policy,bft_eval_03,policy,Write a short policy note on how a museum team should document changes to exhibit labels during revision.,scrambled_profile,ELABORATE,avg_sentence_length,1.0,0.0,1.0,0.0,NO,0.703345775604248,,"{""raw_logit_scores"": {""YES"": 7.9140625, ""NO"": 6.68359375}, ""label_bias_scores"": {""YES"": 11.3203125, ""NO"": 9.2265625}, ""corrected_scores"": {""YES"": -3.40625, ""NO"": -2.54296875}, ""scoring_mode"": ""bias_corrected_choice_logits"", ""selected_short_label"": ""NO""}"
17,EleutherAI/pythia-1b,pythia,1b,stable_style_policy,bft_eval_03,policy,Write a short policy note on how a museum team should document changes to exhibit labels during revision.,scrambled_profile,HEDGE,hedge_density,1.0,0.0,0.0,1.0,NO,0.5992506742477417,",","{""raw_logit_scores"": {""YES"": 5.9609375, ""NO"": 4.26953125}, ""label_bias_scores"": {""YES"": 11.3203125, ""NO"": 9.2265625}, ""corrected_scores"": {""YES"": -5.359375, ""NO"": -4.95703125}, ""scoring_mode"": ""bias_corrected_choice_logits"", ""selected_short_label"": ""NO""}"
17,EleutherAI/pythia-1b,pythia,1b,stable_style_policy,bft_eval_03,policy,Write a short policy note on how a museum team should document changes to exhibit labels during revision.,scrambled_profile,FIRST_PERSON,first_person_rate,1.0,0.0,0.0,1.0,NO,0.7331653237342834,",","{""raw_logit_scores"": {""YES"": 2.904296875, ""NO"": 1.8212890625}, ""label_bias_scores"": {""YES"": 11.3203125, ""NO"": 9.2265625}, ""corrected_scores"": {""YES"": -8.416015625, ""NO"": -7.4052734375}, ""scoring_mode"": ""bias_corrected_choice_logits"", ""selected_short_label"": ""NO""}"
17,EleutherAI/pythia-1b,pythia,1b,stable_style_policy,bft_eval_03,policy,Write a short policy note on how a museum team should document changes to exhibit labels during revision.,scrambled_profile,DIRECTIVE,directive_rate,1.0,0.0,1.0,0.0,NO,0.7606506943702698,what,"{""raw_logit_scores"": {""YES"": 6.98046875, ""NO"": 6.04296875}, ""label_bias_scores"": {""YES"": 11.3203125, ""NO"": 9.2265625}, ""corrected_scores"": {""YES"": -4.33984375, ""NO"": -3.18359375}, ""scoring_mode"": ""bias_corrected_choice_logits"", ""selected_short_label"": ""NO""}"
17,EleutherAI/pythia-1b,pythia,1b,stable_style_policy,bft_eval_04,diagnosis,Diagnose why a paragraph feels intelligent and informed but still fails to tell the reader what matters most.,self_profile,ELABORATE,avg_sentence_length,1.0,0.0,1.0,0.0,NO,0.8278281688690186,?,"{""raw_logit_scores"": {""YES"": 3.583984375, ""NO"": 3.060546875}, ""label_bias_scores"": {""YES"": 11.3203125, ""NO"": 9.2265625}, ""corrected_scores"": {""YES"": -7.736328125, ""NO"": -6.166015625}, ""scoring_mode"": ""bias_corrected_choice_logits"", ""selected_short_label"": ""NO""}"
17,EleutherAI/pythia-1b,pythia,1b,stable_style_policy,bft_eval_04,diagnosis,Diagnose why a paragraph feels intelligent and informed but still fails to tell the reader what matters most.,self_profile,HEDGE,hedge_density,1.0,0.0,0.0,1.0,NO,0.9196425676345825,maybe,"{""raw_logit_scores"": {""YES"": 5.1484375, ""NO"": 5.4921875}, ""label_bias_scores"": {""YES"": 11.3203125, ""NO"": 9.2265625}, ""corrected_scores"": {""YES"": -6.171875, ""NO"": -3.734375}, ""scoring_mode"": ""bias_corrected_choice_logits"", ""selected_short_label"": ""NO""}"
17,EleutherAI/pythia-1b,pythia,1b,stable_style_policy,bft_eval_04,diagnosis,Diagnose why a paragraph feels intelligent and informed but still fails to tell the reader what matters most.,self_profile,FIRST_PERSON,first_person_rate,1.0,0.0,1.0,0.0,NO,0.8464508652687073,me,"{""raw_logit_scores"": {""YES"": 5.40625, ""NO"": 5.01953125}, ""label_bias_scores"": {""YES"": 11.3203125, ""NO"": 9.2265625}, ""corrected_scores"": {""YES"": -5.9140625, ""NO"": -4.20703125}, ""scoring_mode"": ""bias_corrected_choice_logits"", ""selected_short_label"": ""NO""}"
17,EleutherAI/pythia-1b,pythia,1b,stable_style_policy,bft_eval_04,diagnosis,Diagnose why a paragraph feels intelligent and informed but still fails to tell the reader what matters most.,self_profile,DIRECTIVE,directive_rate,1.0,0.0,1.0,0.0,NO,0.6645402908325195,a,"{""raw_logit_scores"": {""YES"": 6.12890625, ""NO"": 4.71875}, ""label_bias_scores"": {""YES"": 11.3203125, ""NO"": 9.2265625}, ""corrected_scores"": {""YES"": -5.19140625, ""NO"": -4.5078125}, ""scoring_mode"": ""bias_corrected_choice_logits"", ""selected_short_label"": ""NO""}"
17,EleutherAI/pythia-1b,pythia,1b,stable_style_policy,bft_eval_04,diagnosis,Diagnose why a paragraph feels intelligent and informed but still fails to tell the reader what matters most.,matched_decoy,ELABORATE,avg_sentence_length,1.0,0.0,1.0,0.0,NO,0.7041601538658142,,"{""raw_logit_scores"": {""YES"": 7.87109375, ""NO"": 6.64453125}, ""label_bias_scores"": {""YES"": 11.3203125, ""NO"": 9.2265625}, ""corrected_scores"": {""YES"": -3.44921875, ""NO"": -2.58203125}, ""scoring_mode"": ""bias_corrected_choice_logits"", ""selected_short_label"": ""NO""}"
17,EleutherAI/pythia-1b,pythia,1b,stable_style_policy,bft_eval_04,diagnosis,Diagnose why a paragraph feels intelligent and informed but still fails to tell the reader what matters most.,matched_decoy,HEDGE,hedge_density,1.0,0.0,0.0,1.0,NO,0.6076632142066956,",","{""raw_logit_scores"": {""YES"": 5.828125, ""NO"": 4.171875}, ""label_bias_scores"": {""YES"": 11.3203125, ""NO"": 9.2265625}, ""corrected_scores"": {""YES"": -5.4921875, ""NO"": -5.0546875}, ""scoring_mode"": ""bias_corrected_choice_logits"", ""selected_short_label"": ""NO""}"
17,EleutherAI/pythia-1b,pythia,1b,stable_style_policy,bft_eval_04,diagnosis,Diagnose why a paragraph feels intelligent and informed but still fails to tell the reader what matters most.,matched_decoy,FIRST_PERSON,first_person_rate,1.0,0.0,1.0,0.0,NO,0.6992543935775757,",","{""raw_logit_scores"": {""YES"": 3.248046875, ""NO"": 1.998046875}, ""label_bias_scores"": {""YES"": 11.3203125, ""NO"": 9.2265625}, ""corrected_scores"": {""YES"": -8.072265625, ""NO"": -7.228515625}, ""scoring_mode"": ""bias_corrected_choice_logits"", ""selected_short_label"": ""NO""}"
17,EleutherAI/pythia-1b,pythia,1b,stable_style_policy,bft_eval_04,diagnosis,Diagnose why a paragraph feels intelligent and informed but still fails to tell the reader what matters most.,matched_decoy,DIRECTIVE,directive_rate,1.0,0.0,1.0,0.0,NO,0.7969253659248352,what,"{""raw_logit_scores"": {""YES"": 5.9609375, ""NO"": 5.234375}, ""label_bias_scores"": {""YES"": 11.3203125, ""NO"": 9.2265625}, ""corrected_scores"": {""YES"": -5.359375, ""NO"": -3.9921875}, ""scoring_mode"": ""bias_corrected_choice_logits"", ""selected_short_label"": ""NO""}"
17,EleutherAI/pythia-1b,pythia,1b,stable_style_policy,bft_eval_04,diagnosis,Diagnose why a paragraph feels intelligent and informed but still fails to tell the reader what matters most.,scrambled_profile,ELABORATE,avg_sentence_length,1.0,0.0,1.0,0.0,NO,0.8210441470146179,?,"{""raw_logit_scores"": {""YES"": 3.671875, ""NO"": 3.1015625}, ""label_bias_scores"": {""YES"": 11.3203125, ""NO"": 9.2265625}, ""corrected_scores"": {""YES"": -7.6484375, ""NO"": -6.125}, ""scoring_mode"": ""bias_corrected_choice_logits"", ""selected_short_label"": ""NO""}"
17,EleutherAI/pythia-1b,pythia,1b,stable_style_policy,bft_eval_04,diagnosis,Diagnose why a paragraph feels intelligent and informed but still fails to tell the reader what matters most.,scrambled_profile,HEDGE,hedge_density,1.0,0.0,0.0,1.0,NO,0.9202179908752441,maybe,"{""raw_logit_scores"": {""YES"": 5.17578125, ""NO"": 5.52734375}, ""label_bias_scores"": {""YES"": 11.3203125, ""NO"": 9.2265625}, ""corrected_scores"": {""YES"": -6.14453125, ""NO"": -3.69921875}, ""scoring_mode"": ""bias_corrected_choice_logits"", ""selected_short_label"": ""NO""}"
17,EleutherAI/pythia-1b,pythia,1b,stable_style_policy,bft_eval_04,diagnosis,Diagnose why a paragraph feels intelligent and informed but still fails to tell the reader what matters most.,scrambled_profile,FIRST_PERSON,first_person_rate,1.0,0.0,1.0,0.0,NO,0.8444089889526367,me,"{""raw_logit_scores"": {""YES"": 5.3828125, ""NO"": 4.98046875}, ""label_bias_scores"": {""YES"": 11.3203125, ""NO"": 9.2265625}, ""corrected_scores"": {""YES"": -5.9375, ""NO"": -4.24609375}, ""scoring_mode"": ""bias_corrected_choice_logits"", ""selected_short_label"": ""NO""}"
17,EleutherAI/pythia-1b,pythia,1b,stable_style_policy,bft_eval_04,diagnosis,Diagnose why a paragraph feels intelligent and informed but still fails to tell the reader what matters most.,scrambled_profile,DIRECTIVE,directive_rate,1.0,0.0,1.0,0.0,NO,0.6592954993247986,a,"{""raw_logit_scores"": {""YES"": 6.15234375, ""NO"": 4.71875}, ""label_bias_scores"": {""YES"": 11.3203125, ""NO"": 9.2265625}, ""corrected_scores"": {""YES"": -5.16796875, ""NO"": -4.5078125}, ""scoring_mode"": ""bias_corrected_choice_logits"", ""selected_short_label"": ""NO""}"
17,EleutherAI/pythia-1b,pythia,1b,stable_style_policy,bft_eval_05,comparison,Compare an internal checklist and a polished postmortem as tools for preventing the same operational mistake twice.,self_profile,ELABORATE,avg_sentence_length,1.0,0.0,1.0,0.0,NO,0.7106282711029053,,"{""raw_logit_scores"": {""YES"": 8.171875, ""NO"": 6.9765625}, ""label_bias_scores"": {""YES"": 11.3203125, ""NO"": 9.2265625}, ""corrected_scores"": {""YES"": -3.1484375, ""NO"": -2.25}, ""scoring_mode"": ""bias_corrected_choice_logits"", ""selected_short_label"": ""NO""}"
17,EleutherAI/pythia-1b,pythia,1b,stable_style_policy,bft_eval_05,comparison,Compare an internal checklist and a polished postmortem as tools for preventing the same operational mistake twice.,self_profile,HEDGE,hedge_density,1.0,0.0,0.0,1.0,NO,0.5727227926254272,",","{""raw_logit_scores"": {""YES"": 5.9609375, ""NO"": 4.16015625}, ""label_bias_scores"": {""YES"": 11.3203125, ""NO"": 9.2265625}, ""corrected_scores"": {""YES"": -5.359375, ""NO"": -5.06640625}, ""scoring_mode"": ""bias_corrected_choice_logits"", ""selected_short_label"": ""NO""}"
17,EleutherAI/pythia-1b,pythia,1b,stable_style_policy,bft_eval_05,comparison,Compare an internal checklist and a polished postmortem as tools for preventing the same operational mistake twice.,self_profile,FIRST_PERSON,first_person_rate,1.0,0.0,0.0,1.0,NO,0.729134202003479,",","{""raw_logit_scores"": {""YES"": 3.220703125, ""NO"": 2.1171875}, ""label_bias_scores"": {""YES"": 11.3203125, ""NO"": 9.2265625}, ""corrected_scores"": {""YES"": -8.099609375, ""NO"": -7.109375}, ""scoring_mode"": ""bias_corrected_choice_logits"", ""selected_short_label"": ""NO""}"
17,EleutherAI/pythia-1b,pythia,1b,stable_style_policy,bft_eval_05,comparison,Compare an internal checklist and a polished postmortem as tools for preventing the same operational mistake twice.,self_profile,DIRECTIVE,directive_rate,1.0,0.0,0.0,1.0,NO,0.7264255881309509,the,"{""raw_logit_scores"": {""YES"": 7.1484375, ""NO"": 6.03125}, ""label_bias_scores"": {""YES"": 11.3203125, ""NO"": 9.2265625}, ""corrected_scores"": {""YES"": -4.171875, ""NO"": -3.1953125}, ""scoring_mode"": ""bias_corrected_choice_logits"", ""selected_short_label"": ""NO""}"
17,EleutherAI/pythia-1b,pythia,1b,stable_style_policy,bft_eval_05,comparison,Compare an internal checklist and a polished postmortem as tools for preventing the same operational mistake twice.,matched_decoy,ELABORATE,avg_sentence_length,1.0,0.0,1.0,0.0,NO,0.9164093732833862,,"{""raw_logit_scores"": {""YES"": 4.09375, ""NO"": 4.39453125}, ""label_bias_scores"": {""YES"": 11.3203125, ""NO"": 9.2265625}, ""corrected_scores"": {""YES"": -7.2265625, ""NO"": -4.83203125}, ""scoring_mode"": ""bias_corrected_choice_logits"", ""selected_short_label"": ""NO""}"
17,EleutherAI/pythia-1b,pythia,1b,stable_style_policy,bft_eval_05,comparison,Compare an internal checklist and a polished postmortem as tools for preventing the same operational mistake twice.,matched_decoy,HEDGE,hedge_density,1.0,0.0,0.0,1.0,NO,0.8647679686546326,or,"{""raw_logit_scores"": {""YES"": 4.67578125, ""NO"": 4.4375}, ""label_bias_scores"": {""YES"": 11.3203125, ""NO"": 9.2265625}, ""corrected_scores"": {""YES"": -6.64453125, ""NO"": -4.7890625}, ""scoring_mode"": ""bias_corrected_choice_logits"", ""selected_short_label"": ""NO""}"
17,EleutherAI/pythia-1b,pythia,1b,stable_style_policy,bft_eval_05,comparison,Compare an internal checklist and a polished postmortem as tools for preventing the same operational mistake twice.,matched_decoy,FIRST_PERSON,first_person_rate,1.0,0.0,0.0,1.0,NO,0.7937461733818054,mine,"{""raw_logit_scores"": {""YES"": 6.9609375, ""NO"": 6.21484375}, ""label_bias_scores"": {""YES"": 11.3203125, ""NO"": 9.2265625}, ""corrected_scores"": {""YES"": -4.359375, ""NO"": -3.01171875}, ""scoring_mode"": ""bias_corrected_choice_logits"", ""selected_short_label"": ""NO""}"
17,EleutherAI/pythia-1b,pythia,1b,stable_style_policy,bft_eval_05,comparison,Compare an internal checklist and a polished postmortem as tools for preventing the same operational mistake twice.,matched_decoy,DIRECTIVE,directive_rate,1.0,1.0,0.0,0.0,YES,0.5822535157203674,answer,"{""raw_logit_scores"": {""YES"": 6.7890625, ""NO"": 4.36328125}, ""label_bias_scores"": {""YES"": 11.3203125, ""NO"": 9.2265625}, ""corrected_scores"": {""YES"": -4.53125, ""NO"": -4.86328125}, ""scoring_mode"": ""bias_corrected_choice_logits"", ""selected_short_label"": ""YES""}"
17,EleutherAI/pythia-1b,pythia,1b,stable_style_policy,bft_eval_05,comparison,Compare an internal checklist and a polished postmortem as tools for preventing the same operational mistake twice.,scrambled_profile,ELABORATE,avg_sentence_length,1.0,0.0,1.0,0.0,NO,0.7074047327041626,,"{""raw_logit_scores"": {""YES"": 8.125, ""NO"": 6.9140625}, ""label_bias_scores"": {""YES"": 11.3203125, ""NO"": 9.2265625}, ""corrected_scores"": {""YES"": -3.1953125, ""NO"": -2.3125}, ""scoring_mode"": ""bias_corrected_choice_logits"", ""selected_short_label"": ""NO""}"
17,EleutherAI/pythia-1b,pythia,1b,stable_style_policy,bft_eval_05,comparison,Compare an internal checklist and a polished postmortem as tools for preventing the same operational mistake twice.,scrambled_profile,HEDGE,hedge_density,1.0,0.0,0.0,1.0,NO,0.5727227926254272,",","{""raw_logit_scores"": {""YES"": 5.96484375, ""NO"": 4.1640625}, ""label_bias_scores"": {""YES"": 11.3203125, ""NO"": 9.2265625}, ""corrected_scores"": {""YES"": -5.35546875, ""NO"": -5.0625}, ""scoring_mode"": ""bias_corrected_choice_logits"", ""selected_short_label"": ""NO""}"
17,EleutherAI/pythia-1b,pythia,1b,stable_style_policy,bft_eval_05,comparison,Compare an internal checklist and a polished postmortem as tools for preventing the same operational mistake twice.,scrambled_profile,FIRST_PERSON,first_person_rate,1.0,0.0,0.0,1.0,NO,0.7233095169067383,",","{""raw_logit_scores"": {""YES"": 3.21875, ""NO"": 2.0859375}, ""label_bias_scores"": {""YES"": 11.3203125, ""NO"": 9.2265625}, ""corrected_scores"": {""YES"": -8.1015625, ""NO"": -7.140625}, ""scoring_mode"": ""bias_corrected_choice_logits"", ""selected_short_label"": ""NO""}"
17,EleutherAI/pythia-1b,pythia,1b,stable_style_policy,bft_eval_05,comparison,Compare an internal checklist and a polished postmortem as tools for preventing the same operational mistake twice.,scrambled_profile,DIRECTIVE,directive_rate,1.0,0.0,0.0,1.0,NO,0.7348812818527222,the,"{""raw_logit_scores"": {""YES"": 7.16015625, ""NO"": 6.0859375}, ""label_bias_scores"": {""YES"": 11.3203125, ""NO"": 9.2265625}, ""corrected_scores"": {""YES"": -4.16015625, ""NO"": -3.140625}, ""scoring_mode"": ""bias_corrected_choice_logits"", ""selected_short_label"": ""NO""}"
17,EleutherAI/pythia-1b,pythia,1b,stable_style_policy,bft_eval_06,planning,Sketch a short plan for helping a student narrow a thesis topic without draining the curiosity out of it.,self_profile,ELABORATE,avg_sentence_length,1.0,0.0,1.0,0.0,NO,0.532181978225708,",","{""raw_logit_scores"": {""YES"": 5.20703125, ""NO"": 3.2421875}, ""label_bias_scores"": {""YES"": 11.3203125, ""NO"": 9.2265625}, ""corrected_scores"": {""YES"": -6.11328125, ""NO"": -5.984375}, ""scoring_mode"": ""bias_corrected_choice_logits"", ""selected_short_label"": ""NO""}"
17,EleutherAI/pythia-1b,pythia,1b,stable_style_policy,bft_eval_06,planning,Sketch a short plan for helping a student narrow a thesis topic without draining the curiosity out of it.,self_profile,HEDGE,hedge_density,1.0,1.0,0.0,0.0,YES,0.5712883472442627,",","{""raw_logit_scores"": {""YES"": 5.3125, ""NO"": 2.931640625}, ""label_bias_scores"": {""YES"": 11.3203125, ""NO"": 9.2265625}, ""corrected_scores"": {""YES"": -6.0078125, ""NO"": -6.294921875}, ""scoring_mode"": ""bias_corrected_choice_logits"", ""selected_short_label"": ""YES""}"
17,EleutherAI/pythia-1b,pythia,1b,stable_style_policy,bft_eval_06,planning,Sketch a short plan for helping a student narrow a thesis topic without draining the curiosity out of it.,self_profile,FIRST_PERSON,first_person_rate,1.0,0.0,0.0,1.0,NO,0.8000679016113281,",","{""raw_logit_scores"": {""YES"": 3.77734375, ""NO"": 3.0703125}, ""label_bias_scores"": {""YES"": 11.3203125, ""NO"": 9.2265625}, ""corrected_scores"": {""YES"": -7.54296875, ""NO"": -6.15625}, ""scoring_mode"": ""bias_corrected_choice_logits"", ""selected_short_label"": ""NO""}"
17,EleutherAI/pythia-1b,pythia,1b,stable_style_policy,bft_eval_06,planning,Sketch a short plan for helping a student narrow a thesis topic without draining the curiosity out of it.,self_profile,DIRECTIVE,directive_rate,1.0,1.0,1.0,1.0,YES,0.7214488983154297,to,"{""raw_logit_scores"": {""YES"": 3.51953125, ""NO"": 0.47412109375}, ""label_bias_scores"": {""YES"": 11.3203125, ""NO"": 9.2265625}, ""corrected_scores"": {""YES"": -7.80078125, ""NO"": -8.75244140625}, ""scoring_mode"": ""bias_corrected_choice_logits"", ""selected_short_label"": ""YES""}"
17,EleutherAI/pythia-1b,pythia,1b,stable_style_policy,bft_eval_06,planning,Sketch a short plan for helping a student narrow a thesis topic without draining the curiosity out of it.,matched_decoy,ELABORATE,avg_sentence_length,1.0,0.0,1.0,0.0,NO,0.9133679866790771,?,"{""raw_logit_scores"": {""YES"": 3.2421875, ""NO"": 3.50390625}, ""label_bias_scores"": {""YES"": 11.3203125, ""NO"": 9.2265625}, ""corrected_scores"": {""YES"": -8.078125, ""NO"": -5.72265625}, ""scoring_mode"": ""bias_corrected_choice_logits"", ""selected_short_label"": ""NO""}"
17,EleutherAI/pythia-1b,pythia,1b,stable_style_policy,bft_eval_06,planning,Sketch a short plan for helping a student narrow a thesis topic without draining the curiosity out of it.,matched_decoy,HEDGE,hedge_density,1.0,0.0,0.0,1.0,NO,0.9473810195922852,maybe,"{""raw_logit_scores"": {""YES"": 5.4921875, ""NO"": 6.2890625}, ""label_bias_scores"": {""YES"": 11.3203125, ""NO"": 9.2265625}, ""corrected_scores"": {""YES"": -5.828125, ""NO"": -2.9375}, ""scoring_mode"": ""bias_corrected_choice_logits"", ""selected_short_label"": ""NO""}"
17,EleutherAI/pythia-1b,pythia,1b,stable_style_policy,bft_eval_06,planning,Sketch a short plan for helping a student narrow a thesis topic without draining the curiosity out of it.,matched_decoy,FIRST_PERSON,first_person_rate,1.0,0.0,0.0,1.0,NO,0.8692712783813477,me,"{""raw_logit_scores"": {""YES"": 5.421875, ""NO"": 5.22265625}, ""label_bias_scores"": {""YES"": 11.3203125, ""NO"": 9.2265625}, ""corrected_scores"": {""YES"": -5.8984375, ""NO"": -4.00390625}, ""scoring_mode"": ""bias_corrected_choice_logits"", ""selected_short_label"": ""NO""}"
17,EleutherAI/pythia-1b,pythia,1b,stable_style_policy,bft_eval_06,planning,Sketch a short plan for helping a student narrow a thesis topic without draining the curiosity out of it.,matched_decoy,DIRECTIVE,directive_rate,1.0,0.0,1.0,0.0,NO,0.6584175229072571,a,"{""raw_logit_scores"": {""YES"": 6.71484375, ""NO"": 5.27734375}, ""label_bias_scores"": {""YES"": 11.3203125, ""NO"": 9.2265625}, ""corrected_scores"": {""YES"": -4.60546875, ""NO"": -3.94921875}, ""scoring_mode"": ""bias_corrected_choice_logits"", ""selected_short_label"": ""NO""}"
17,EleutherAI/pythia-1b,pythia,1b,stable_style_policy,bft_eval_06,planning,Sketch a short plan for helping a student narrow a thesis topic without draining the curiosity out of it.,scrambled_profile,ELABORATE,avg_sentence_length,1.0,0.0,1.0,0.0,NO,0.5282900333404541,",","{""raw_logit_scores"": {""YES"": 5.2109375, ""NO"": 3.23046875}, ""label_bias_scores"": {""YES"": 11.3203125, ""NO"": 9.2265625}, ""corrected_scores"": {""YES"": -6.109375, ""NO"": -5.99609375}, ""scoring_mode"": ""bias_corrected_choice_logits"", ""selected_short_label"": ""NO""}"
17,EleutherAI/pythia-1b,pythia,1b,stable_style_policy,bft_eval_06,planning,Sketch a short plan for helping a student narrow a thesis topic without draining the curiosity out of it.,scrambled_profile,HEDGE,hedge_density,1.0,1.0,0.0,0.0,YES,0.5746335387229919,",","{""raw_logit_scores"": {""YES"": 5.26953125, ""NO"": 2.875}, ""label_bias_scores"": {""YES"": 11.3203125, ""NO"": 9.2265625}, ""corrected_scores"": {""YES"": -6.05078125, ""NO"": -6.3515625}, ""scoring_mode"": ""bias_corrected_choice_logits"", ""selected_short_label"": ""YES""}"
17,EleutherAI/pythia-1b,pythia,1b,stable_style_policy,bft_eval_06,planning,Sketch a short plan for helping a student narrow a thesis topic without draining the curiosity out of it.,scrambled_profile,FIRST_PERSON,first_person_rate,1.0,0.0,0.0,1.0,NO,0.7975567579269409,",","{""raw_logit_scores"": {""YES"": 3.791015625, ""NO"": 3.068359375}, ""label_bias_scores"": {""YES"": 11.3203125, ""NO"": 9.2265625}, ""corrected_scores"": {""YES"": -7.529296875, ""NO"": -6.158203125}, ""scoring_mode"": ""bias_corrected_choice_logits"", ""selected_short_label"": ""NO""}"
17,EleutherAI/pythia-1b,pythia,1b,stable_style_policy,bft_eval_06,planning,Sketch a short plan for helping a student narrow a thesis topic without draining the curiosity out of it.,scrambled_profile,DIRECTIVE,directive_rate,1.0,1.0,1.0,1.0,YES,0.7256972193717957,to,"{""raw_logit_scores"": {""YES"": 3.47265625, ""NO"": 0.406005859375}, ""label_bias_scores"": {""YES"": 11.3203125, ""NO"": 9.2265625}, ""corrected_scores"": {""YES"": -7.84765625, ""NO"": -8.820556640625}, ""scoring_mode"": ""bias_corrected_choice_logits"", ""selected_short_label"": ""YES""}"
17,EleutherAI/pythia-1b,pythia,1b,stable_style_policy,bft_eval_07,rewrite,Rewrite this rough instruction into something more useful to a teammate: 'Probably check the assumptions and logs before changing the code again.',self_profile,ELABORATE,avg_sentence_length,1.0,0.0,1.0,0.0,NO,0.9095862507820129,to,"{""raw_logit_scores"": {""YES"": 3.115234375, ""NO"": 3.330078125}, ""label_bias_scores"": {""YES"": 11.3203125, ""NO"": 9.2265625}, ""corrected_scores"": {""YES"": -8.205078125, ""NO"": -5.896484375}, ""scoring_mode"": ""bias_corrected_choice_logits"", ""selected_short_label"": ""NO""}"
17,EleutherAI/pythia-1b,pythia,1b,stable_style_policy,bft_eval_07,rewrite,Rewrite this rough instruction into something more useful to a teammate: 'Probably check the assumptions and logs before changing the code again.',self_profile,HEDGE,hedge_density,1.0,0.0,1.0,0.0,NO,0.9645559191703796,direct,"{""raw_logit_scores"": {""YES"": 0.623046875, ""NO"": 1.8330078125}, ""label_bias_scores"": {""YES"": 11.3203125, ""NO"": 9.2265625}, ""corrected_scores"": {""YES"": -10.697265625, ""NO"": -7.3935546875}, ""scoring_mode"": ""bias_corrected_choice_logits"", ""selected_short_label"": ""NO""}"
17,EleutherAI/pythia-1b,pythia,1b,stable_style_policy,bft_eval_07,rewrite,Rewrite this rough instruction into something more useful to a teammate: 'Probably check the assumptions and logs before changing the code again.',self_profile,FIRST_PERSON,first_person_rate,1.0,0.0,1.0,0.0,NO,0.8000679016113281,?,"{""raw_logit_scores"": {""YES"": 5.1484375, ""NO"": 4.44140625}, ""label_bias_scores"": {""YES"": 11.3203125, ""NO"": 9.2265625}, ""corrected_scores"": {""YES"": -6.171875, ""NO"": -4.78515625}, ""scoring_mode"": ""bias_corrected_choice_logits"", ""selected_short_label"": ""NO""}"
17,EleutherAI/pythia-1b,pythia,1b,stable_style_policy,bft_eval_07,rewrite,Rewrite this rough instruction into something more useful to a teammate: 'Probably check the assumptions and logs before changing the code again.',self_profile,DIRECTIVE,directive_rate,1.0,0.0,0.0,1.0,NO,0.7970439195632935,atives,"{""raw_logit_scores"": {""YES"": 0.282470703125, ""NO"": -0.443359375}, ""label_bias_scores"": {""YES"": 11.3203125, ""NO"": 9.2265625}, ""corrected_scores"": {""YES"": -11.037841796875, ""NO"": -9.669921875}, ""scoring_mode"": ""bias_corrected_choice_logits"", ""selected_short_label"": ""NO""}"
17,EleutherAI/pythia-1b,pythia,1b,stable_style_policy,bft_eval_07,rewrite,Rewrite this rough instruction into something more useful to a teammate: 'Probably check the assumptions and logs before changing the code again.',matched_decoy,ELABORATE,avg_sentence_length,1.0,0.0,1.0,0.0,NO,0.9900779724121094,than,"{""raw_logit_scores"": {""YES"": 0.06298828125, ""NO"": 2.572265625}, ""label_bias_scores"": {""YES"": 11.3203125, ""NO"": 9.2265625}, ""corrected_scores"": {""YES"": -11.25732421875, ""NO"": -6.654296875}, ""scoring_mode"": ""bias_corrected_choice_logits"", ""selected_short_label"": ""NO""}"
17,EleutherAI/pythia-1b,pythia,1b,stable_style_policy,bft_eval_07,rewrite,Rewrite this rough instruction into something more useful to a teammate: 'Probably check the assumptions and logs before changing the code again.',matched_decoy,HEDGE,hedge_density,1.0,0.0,1.0,0.0,NO,0.9763387441635132,?,"{""raw_logit_scores"": {""YES"": 0.487060546875, ""NO"": 2.11328125}, ""label_bias_scores"": {""YES"": 11.3203125, ""NO"": 9.2265625}, ""corrected_scores"": {""YES"": -10.833251953125, ""NO"": -7.11328125}, ""scoring_mode"": ""bias_corrected_choice_logits"", ""selected_short_label"": ""NO""}"
17,EleutherAI/pythia-1b,pythia,1b,stable_style_policy,bft_eval_07,rewrite,Rewrite this rough instruction into something more useful to a teammate: 'Probably check the assumptions and logs before changing the code again.',matched_decoy,FIRST_PERSON,first_person_rate,1.0,0.0,1.0,0.0,NO,0.966663122177124,as,"{""raw_logit_scores"": {""YES"": 0.7158203125, ""NO"": 1.9892578125}, ""label_bias_scores"": {""YES"": 11.3203125, ""NO"": 9.2265625}, ""corrected_scores"": {""YES"": -10.6044921875, ""NO"": -7.2373046875}, ""scoring_mode"": ""bias_corrected_choice_logits"", ""selected_short_label"": ""NO""}"
17,EleutherAI/pythia-1b,pythia,1b,stable_style_policy,bft_eval_07,rewrite,Rewrite this rough instruction into something more useful to a teammate: 'Probably check the assumptions and logs before changing the code again.',matched_decoy,DIRECTIVE,directive_rate,1.0,0.0,0.0,1.0,NO,0.8822250962257385,?,"{""raw_logit_scores"": {""YES"": 2.49609375, ""NO"": 2.416015625}, ""label_bias_scores"": {""YES"": 11.3203125, ""NO"": 9.2265625}, ""corrected_scores"": {""YES"": -8.82421875, ""NO"": -6.810546875}, ""scoring_mode"": ""bias_corrected_choice_logits"", ""selected_short_label"": ""NO""}"
17,EleutherAI/pythia-1b,pythia,1b,stable_style_policy,bft_eval_07,rewrite,Rewrite this rough instruction into something more useful to a teammate: 'Probably check the assumptions and logs before changing the code again.',scrambled_profile,ELABORATE,avg_sentence_length,1.0,0.0,1.0,0.0,NO,0.9071478247642517,to,"{""raw_logit_scores"": {""YES"": 3.150390625, ""NO"": 3.3359375}, ""label_bias_scores"": {""YES"": 11.3203125, ""NO"": 9.2265625}, ""corrected_scores"": {""YES"": -8.169921875, ""NO"": -5.890625}, ""scoring_mode"": ""bias_corrected_choice_logits"", ""selected_short_label"": ""NO""}"
17,EleutherAI/pythia-1b,pythia,1b,stable_style_policy,bft_eval_07,rewrite,Rewrite this rough instruction into something more useful to a teammate: 'Probably check the assumptions and logs before changing the code again.',scrambled_profile,HEDGE,hedge_density,1.0,0.0,1.0,0.0,NO,0.965560257434845,direct,"{""raw_logit_scores"": {""YES"": 0.54443359375, ""NO"": 1.7841796875}, ""label_bias_scores"": {""YES"": 11.3203125, ""NO"": 9.2265625}, ""corrected_scores"": {""YES"": -10.77587890625, ""NO"": -7.4423828125}, ""scoring_mode"": ""bias_corrected_choice_logits"", ""selected_short_label"": ""NO""}"
17,EleutherAI/pythia-1b,pythia,1b,stable_style_policy,bft_eval_07,rewrite,Rewrite this rough instruction into something more useful to a teammate: 'Probably check the assumptions and logs before changing the code again.',scrambled_profile,FIRST_PERSON,first_person_rate,1.0,0.0,1.0,0.0,NO,0.7905303239822388,?,"{""raw_logit_scores"": {""YES"": 5.1328125, ""NO"": 4.3671875}, ""label_bias_scores"": {""YES"": 11.3203125, ""NO"": 9.2265625}, ""corrected_scores"": {""YES"": -6.1875, ""NO"": -4.859375}, ""scoring_mode"": ""bias_corrected_choice_logits"", ""selected_short_label"": ""NO""}"
17,EleutherAI/pythia-1b,pythia,1b,stable_style_policy,bft_eval_07,rewrite,Rewrite this rough instruction into something more useful to a teammate: 'Probably check the assumptions and logs before changing the code again.',scrambled_profile,DIRECTIVE,directive_rate,1.0,0.0,0.0,1.0,NO,0.798422634601593,atives,"{""raw_logit_scores"": {""YES"": 0.287841796875, ""NO"": -0.429443359375}, ""label_bias_scores"": {""YES"": 11.3203125, ""NO"": 9.2265625}, ""corrected_scores"": {""YES"": -11.032470703125, ""NO"": -9.656005859375}, ""scoring_mode"": ""bias_corrected_choice_logits"", ""selected_short_label"": ""NO""}"
17,EleutherAI/pythia-1b,pythia,1b,stable_style_policy,bft_eval_08,judgment,"Decide whether office hours help students mainly by clarifying content, lowering avoidance, or creating accountability, and explain your judgment.",self_profile,ELABORATE,avg_sentence_length,1.0,0.0,1.0,0.0,NO,0.9823936223983765,than,"{""raw_logit_scores"": {""YES"": 0.390380859375, ""NO"": 2.318359375}, ""label_bias_scores"": {""YES"": 11.3203125, ""NO"": 9.2265625}, ""corrected_scores"": {""YES"": -10.929931640625, ""NO"": -6.908203125}, ""scoring_mode"": ""bias_corrected_choice_logits"", ""selected_short_label"": ""NO""}"
17,EleutherAI/pythia-1b,pythia,1b,stable_style_policy,bft_eval_08,judgment,"Decide whether office hours help students mainly by clarifying content, lowering avoidance, or creating accountability, and explain your judgment.",self_profile,HEDGE,hedge_density,1.0,0.0,0.0,1.0,NO,0.9777244925498962,?,"{""raw_logit_scores"": {""YES"": 0.70849609375, ""NO"": 2.396484375}, ""label_bias_scores"": {""YES"": 11.3203125, ""NO"": 9.2265625}, ""corrected_scores"": {""YES"": -10.61181640625, ""NO"": -6.830078125}, ""scoring_mode"": ""bias_corrected_choice_logits"", ""selected_short_label"": ""NO""}"
17,EleutherAI/pythia-1b,pythia,1b,stable_style_policy,bft_eval_08,judgment,"Decide whether office hours help students mainly by clarifying content, lowering avoidance, or creating accountability, and explain your judgment.",self_profile,FIRST_PERSON,first_person_rate,1.0,0.0,1.0,0.0,NO,0.9723097085952759,as,"{""raw_logit_scores"": {""YES"": 1.302734375, ""NO"": 2.767578125}, ""label_bias_scores"": {""YES"": 11.3203125, ""NO"": 9.2265625}, ""corrected_scores"": {""YES"": -10.017578125, ""NO"": -6.458984375}, ""scoring_mode"": ""bias_corrected_choice_logits"", ""selected_short_label"": ""NO""}"
17,EleutherAI/pythia-1b,pythia,1b,stable_style_policy,bft_eval_08,judgment,"Decide whether office hours help students mainly by clarifying content, lowering avoidance, or creating accountability, and explain your judgment.",self_profile,DIRECTIVE,directive_rate,1.0,0.0,1.0,0.0,NO,0.9217811226844788,?,"{""raw_logit_scores"": {""YES"": 2.138671875, ""NO"": 2.51171875}, ""label_bias_scores"": {""YES"": 11.3203125, ""NO"": 9.2265625}, ""corrected_scores"": {""YES"": -9.181640625, ""NO"": -6.71484375}, ""scoring_mode"": ""bias_corrected_choice_logits"", ""selected_short_label"": ""NO""}"
17,EleutherAI/pythia-1b,pythia,1b,stable_style_policy,bft_eval_08,judgment,"Decide whether office hours help students mainly by clarifying content, lowering avoidance, or creating accountability, and explain your judgment.",matched_decoy,ELABORATE,avg_sentence_length,1.0,0.0,1.0,0.0,NO,0.9305844902992249,a,"{""raw_logit_scores"": {""YES"": 1.8515625, ""NO"": 2.353515625}, ""label_bias_scores"": {""YES"": 11.3203125, ""NO"": 9.2265625}, ""corrected_scores"": {""YES"": -9.46875, ""NO"": -6.873046875}, ""scoring_mode"": ""bias_corrected_choice_logits"", ""selected_short_label"": ""NO""}"
17,EleutherAI/pythia-1b,pythia,1b,stable_style_policy,bft_eval_08,judgment,"Decide whether office hours help students mainly by clarifying content, lowering avoidance, or creating accountability, and explain your judgment.",matched_decoy,HEDGE,hedge_density,1.0,0.0,0.0,1.0,NO,0.9049869179725647,?,"{""raw_logit_scores"": {""YES"": 3.2421875, ""NO"": 3.40234375}, ""label_bias_scores"": {""YES"": 11.3203125, ""NO"": 9.2265625}, ""corrected_scores"": {""YES"": -8.078125, ""NO"": -5.82421875}, ""scoring_mode"": ""bias_corrected_choice_logits"", ""selected_short_label"": ""NO""}"
17,EleutherAI/pythia-1b,pythia,1b,stable_style_policy,bft_eval_08,judgment,"Decide whether office hours help students mainly by clarifying content, lowering avoidance, or creating accountability, and explain your judgment.",matched_decoy,FIRST_PERSON,first_person_rate,1.0,0.0,1.0,0.0,NO,0.6001883149147034,"""","{""raw_logit_scores"": {""YES"": 5.265625, ""NO"": 3.578125}, ""label_bias_scores"": {""YES"": 11.3203125, ""NO"": 9.2265625}, ""corrected_scores"": {""YES"": -6.0546875, ""NO"": -5.6484375}, ""scoring_mode"": ""bias_corrected_choice_logits"", ""selected_short_label"": ""NO""}"
17,EleutherAI/pythia-1b,pythia,1b,stable_style_policy,bft_eval_08,judgment,"Decide whether office hours help students mainly by clarifying content, lowering avoidance, or creating accountability, and explain your judgment.",matched_decoy,DIRECTIVE,directive_rate,1.0,0.0,1.0,0.0,NO,0.8499711751937866,,"{""raw_logit_scores"": {""YES"": 6.60546875, ""NO"": 6.24609375}, ""label_bias_scores"": {""YES"": 11.3203125, ""NO"": 9.2265625}, ""corrected_scores"": {""YES"": -4.71484375, ""NO"": -2.98046875}, ""scoring_mode"": ""bias_corrected_choice_logits"", ""selected_short_label"": ""NO""}"
17,EleutherAI/pythia-1b,pythia,1b,stable_style_policy,bft_eval_08,judgment,"Decide whether office hours help students mainly by clarifying content, lowering avoidance, or creating accountability, and explain your judgment.",scrambled_profile,ELABORATE,avg_sentence_length,1.0,0.0,1.0,0.0,NO,0.9822664856910706,than,"{""raw_logit_scores"": {""YES"": 0.409423828125, ""NO"": 2.330078125}, ""label_bias_scores"": {""YES"": 11.3203125, ""NO"": 9.2265625}, ""corrected_scores"": {""YES"": -10.910888671875, ""NO"": -6.896484375}, ""scoring_mode"": ""bias_corrected_choice_logits"", ""selected_short_label"": ""NO""}"
17,EleutherAI/pythia-1b,pythia,1b,stable_style_policy,bft_eval_08,judgment,"Decide whether office hours help students mainly by clarifying content, lowering avoidance, or creating accountability, and explain your judgment.",scrambled_profile,HEDGE,hedge_density,1.0,0.0,0.0,1.0,NO,0.9767358303070068,?,"{""raw_logit_scores"": {""YES"": 0.7236328125, ""NO"": 2.3671875}, ""label_bias_scores"": {""YES"": 11.3203125, ""NO"": 9.2265625}, ""corrected_scores"": {""YES"": -10.5966796875, ""NO"": -6.859375}, ""scoring_mode"": ""bias_corrected_choice_logits"", ""selected_short_label"": ""NO""}"
17,EleutherAI/pythia-1b,pythia,1b,stable_style_policy,bft_eval_08,judgment,"Decide whether office hours help students mainly by clarifying content, lowering avoidance, or creating accountability, and explain your judgment.",scrambled_profile,FIRST_PERSON,first_person_rate,1.0,0.0,1.0,0.0,NO,0.9716985821723938,as,"{""raw_logit_scores"": {""YES"": 1.3154296875, ""NO"": 2.7578125}, ""label_bias_scores"": {""YES"": 11.3203125, ""NO"": 9.2265625}, ""corrected_scores"": {""YES"": -10.0048828125, ""NO"": -6.46875}, ""scoring_mode"": ""bias_corrected_choice_logits"", ""selected_short_label"": ""NO""}"
17,EleutherAI/pythia-1b,pythia,1b,stable_style_policy,bft_eval_08,judgment,"Decide whether office hours help students mainly by clarifying content, lowering avoidance, or creating accountability, and explain your judgment.",scrambled_profile,DIRECTIVE,directive_rate,1.0,0.0,1.0,0.0,NO,0.9230391979217529,?,"{""raw_logit_scores"": {""YES"": 2.119140625, ""NO"": 2.509765625}, ""label_bias_scores"": {""YES"": 11.3203125, ""NO"": 9.2265625}, ""corrected_scores"": {""YES"": -9.201171875, ""NO"": -6.716796875}, ""scoring_mode"": ""bias_corrected_choice_logits"", ""selected_short_label"": ""NO""}"
23,EleutherAI/pythia-1b,pythia,1b,stable_style_policy,bft_eval_01,triage,A small lab keeps discovering conflicting spreadsheet versions after each handoff. What should the team do in the next day?,self_profile,ELABORATE,avg_sentence_length,1.0,0.0,1.0,0.0,NO,0.7994422912597656,?,"{""raw_logit_scores"": {""YES"": 3.8515625, ""NO"": 3.140625}, ""label_bias_scores"": {""YES"": 11.3203125, ""NO"": 9.2265625}, ""corrected_scores"": {""YES"": -7.46875, ""NO"": -6.0859375}, ""scoring_mode"": ""bias_corrected_choice_logits"", ""selected_short_label"": ""NO""}"
23,EleutherAI/pythia-1b,pythia,1b,stable_style_policy,bft_eval_01,triage,A small lab keeps discovering conflicting spreadsheet versions after each handoff. What should the team do in the next day?,self_profile,HEDGE,hedge_density,1.0,0.0,0.0,1.0,NO,0.9246877431869507,maybe,"{""raw_logit_scores"": {""YES"": 5.85546875, ""NO"": 6.26953125}, ""label_bias_scores"": {""YES"": 11.3203125, ""NO"": 9.2265625}, ""corrected_scores"": {""YES"": -5.46484375, ""NO"": -2.95703125}, ""scoring_mode"": ""bias_corrected_choice_logits"", ""selected_short_label"": ""NO""}"
23,EleutherAI/pythia-1b,pythia,1b,stable_style_policy,bft_eval_01,triage,A small lab keeps discovering conflicting spreadsheet versions after each handoff. What should the team do in the next day?,self_profile,FIRST_PERSON,first_person_rate,1.0,0.0,0.0,1.0,NO,0.8438951373100281,and,"{""raw_logit_scores"": {""YES"": 5.41015625, ""NO"": 5.00390625}, ""label_bias_scores"": {""YES"": 11.3203125, ""NO"": 9.2265625}, ""corrected_scores"": {""YES"": -5.91015625, ""NO"": -4.22265625}, ""scoring_mode"": ""bias_corrected_choice_logits"", ""selected_short_label"": ""NO""}"
23,EleutherAI/pythia-1b,pythia,1b,stable_style_policy,bft_eval_01,triage,A small lab keeps discovering conflicting spreadsheet versions after each handoff. What should the team do in the next day?,self_profile,DIRECTIVE,directive_rate,1.0,0.0,1.0,0.0,NO,0.5496405959129333,a,"{""raw_logit_scores"": {""YES"": 6.99609375, ""NO"": 5.1015625}, ""label_bias_scores"": {""YES"": 11.3203125, ""NO"": 9.2265625}, ""corrected_scores"": {""YES"": -4.32421875, ""NO"": -4.125}, ""scoring_mode"": ""bias_corrected_choice_logits"", ""selected_short_label"": ""NO""}"
23,EleutherAI/pythia-1b,pythia,1b,stable_style_policy,bft_eval_01,triage,A small lab keeps discovering conflicting spreadsheet versions after each handoff. What should the team do in the next day?,matched_decoy,ELABORATE,avg_sentence_length,1.0,0.0,1.0,0.0,NO,0.9523309469223022,se,"{""raw_logit_scores"": {""YES"": -1.546875, ""NO"": -0.64599609375}, ""label_bias_scores"": {""YES"": 11.3203125, ""NO"": 9.2265625}, ""corrected_scores"": {""YES"": -12.8671875, ""NO"": -9.87255859375}, ""scoring_mode"": ""bias_corrected_choice_logits"", ""selected_short_label"": ""NO""}"
23,EleutherAI/pythia-1b,pythia,1b,stable_style_policy,bft_eval_01,triage,A small lab keeps discovering conflicting spreadsheet versions after each handoff. What should the team do in the next day?,matched_decoy,HEDGE,hedge_density,1.0,0.0,0.0,1.0,NO,0.9284088015556335,"""","{""raw_logit_scores"": {""YES"": 4.78515625, ""NO"": 5.25390625}, ""label_bias_scores"": {""YES"": 11.3203125, ""NO"": 9.2265625}, ""corrected_scores"": {""YES"": -6.53515625, ""NO"": -3.97265625}, ""scoring_mode"": ""bias_corrected_choice_logits"", ""selected_short_label"": ""NO""}"
23,EleutherAI/pythia-1b,pythia,1b,stable_style_policy,bft_eval_01,triage,A small lab keeps discovering conflicting spreadsheet versions after each handoff. What should the team do in the next day?,matched_decoy,FIRST_PERSON,first_person_rate,1.0,0.0,0.0,1.0,NO,0.8529354929924011,me,"{""raw_logit_scores"": {""YES"": 6.6640625, ""NO"": 6.328125}, ""label_bias_scores"": {""YES"": 11.3203125, ""NO"": 9.2265625}, ""corrected_scores"": {""YES"": -4.65625, ""NO"": -2.8984375}, ""scoring_mode"": ""bias_corrected_choice_logits"", ""selected_short_label"": ""NO""}"
23,EleutherAI/pythia-1b,pythia,1b,stable_style_policy,bft_eval_01,triage,A small lab keeps discovering conflicting spreadsheet versions after each handoff. What should the team do in the next day?,matched_decoy,DIRECTIVE,directive_rate,1.0,0.0,1.0,0.0,NO,0.8770562410354614,Behavior,"{""raw_logit_scores"": {""YES"": 7.15234375, ""NO"": 7.0234375}, ""label_bias_scores"": {""YES"": 11.3203125, ""NO"": 9.2265625}, ""corrected_scores"": {""YES"": -4.16796875, ""NO"": -2.203125}, ""scoring_mode"": ""bias_corrected_choice_logits"", ""selected_short_label"": ""NO""}"
23,EleutherAI/pythia-1b,pythia,1b,stable_style_policy,bft_eval_01,triage,A small lab keeps discovering conflicting spreadsheet versions after each handoff. What should the team do in the next day?,scrambled_profile,ELABORATE,avg_sentence_length,1.0,0.0,1.0,0.0,NO,0.8000679016113281,?,"{""raw_logit_scores"": {""YES"": 3.861328125, ""NO"": 3.154296875}, ""label_bias_scores"": {""YES"": 11.3203125, ""NO"": 9.2265625}, ""corrected_scores"": {""YES"": -7.458984375, ""NO"": -6.072265625}, ""scoring_mode"": ""bias_corrected_choice_logits"", ""selected_short_label"": ""NO""}"
23,EleutherAI/pythia-1b,pythia,1b,stable_style_policy,bft_eval_01,triage,A small lab keeps discovering conflicting spreadsheet versions after each handoff. What should the team do in the next day?,scrambled_profile,HEDGE,hedge_density,1.0,0.0,0.0,1.0,NO,0.9286680221557617,maybe,"{""raw_logit_scores"": {""YES"": 5.81640625, ""NO"": 6.2890625}, ""label_bias_scores"": {""YES"": 11.3203125, ""NO"": 9.2265625}, ""corrected_scores"": {""YES"": -5.50390625, ""NO"": -2.9375}, ""scoring_mode"": ""bias_corrected_choice_logits"", ""selected_short_label"": ""NO""}"
23,EleutherAI/pythia-1b,pythia,1b,stable_style_policy,bft_eval_01,triage,A small lab keeps discovering conflicting spreadsheet versions after each handoff. What should the team do in the next day?,scrambled_profile,FIRST_PERSON,first_person_rate,1.0,0.0,0.0,1.0,NO,0.8413047790527344,and,"{""raw_logit_scores"": {""YES"": 5.41015625, ""NO"": 4.984375}, ""label_bias_scores"": {""YES"": 11.3203125, ""NO"": 9.2265625}, ""corrected_scores"": {""YES"": -5.91015625, ""NO"": -4.2421875}, ""scoring_mode"": ""bias_corrected_choice_logits"", ""selected_short_label"": ""NO""}"
23,EleutherAI/pythia-1b,pythia,1b,stable_style_policy,bft_eval_01,triage,A small lab keeps discovering conflicting spreadsheet versions after each handoff. What should the team do in the next day?,scrambled_profile,DIRECTIVE,directive_rate,1.0,0.0,1.0,0.0,NO,0.5583270192146301,a,"{""raw_logit_scores"": {""YES"": 7.0, ""NO"": 5.140625}, ""label_bias_scores"": {""YES"": 11.3203125, ""NO"": 9.2265625}, ""corrected_scores"": {""YES"": -4.3203125, ""NO"": -4.0859375}, ""scoring_mode"": ""bias_corrected_choice_logits"", ""selected_short_label"": ""NO""}"
23,EleutherAI/pythia-1b,pythia,1b,stable_style_policy,bft_eval_02,critique,Give feedback on a student memo that is energetic and polite but hides the recommendation until the final line.,self_profile,ELABORATE,avg_sentence_length,1.0,0.0,0.0,1.0,NO,0.7662936449050903,Behavior,"{""raw_logit_scores"": {""YES"": 7.5078125, ""NO"": 6.6015625}, ""label_bias_scores"": {""YES"": 11.3203125, ""NO"": 9.2265625}, ""corrected_scores"": {""YES"": -3.8125, ""NO"": -2.625}, ""scoring_mode"": ""bias_corrected_choice_logits"", ""selected_short_label"": ""NO""}"
23,EleutherAI/pythia-1b,pythia,1b,stable_style_policy,bft_eval_02,critique,Give feedback on a student memo that is energetic and polite but hides the recommendation until the final line.,self_profile,HEDGE,hedge_density,1.0,0.0,0.0,1.0,NO,0.8250265121459961,probably,"{""raw_logit_scores"": {""YES"": 6.12109375, ""NO"": 5.578125}, ""label_bias_scores"": {""YES"": 11.3203125, ""NO"": 9.2265625}, ""corrected_scores"": {""YES"": -5.19921875, ""NO"": -3.6484375}, ""scoring_mode"": ""bias_corrected_choice_logits"", ""selected_short_label"": ""NO""}"
23,EleutherAI/pythia-1b,pythia,1b,stable_style_policy,bft_eval_02,critique,Give feedback on a student memo that is energetic and polite but hides the recommendation until the final line.,self_profile,FIRST_PERSON,first_person_rate,1.0,0.0,0.0,1.0,NO,0.7333563566207886,my,"{""raw_logit_scores"": {""YES"": 6.4765625, ""NO"": 5.39453125}, ""label_bias_scores"": {""YES"": 11.3203125, ""NO"": 9.2265625}, ""corrected_scores"": {""YES"": -4.84375, ""NO"": -3.83203125}, ""scoring_mode"": ""bias_corrected_choice_logits"", ""selected_short_label"": ""NO""}"
23,EleutherAI/pythia-1b,pythia,1b,stable_style_policy,bft_eval_02,critique,Give feedback on a student memo that is energetic and polite but hides the recommendation until the final line.,self_profile,DIRECTIVE,directive_rate,1.0,0.0,1.0,0.0,NO,0.6053325533866882,for,"{""raw_logit_scores"": {""YES"": 5.390625, ""NO"": 3.724609375}, ""label_bias_scores"": {""YES"": 11.3203125, ""NO"": 9.2265625}, ""corrected_scores"": {""YES"": -5.9296875, ""NO"": -5.501953125}, ""scoring_mode"": ""bias_corrected_choice_logits"", ""selected_short_label"": ""NO""}"
23,EleutherAI/pythia-1b,pythia,1b,stable_style_policy,bft_eval_02,critique,Give feedback on a student memo that is energetic and polite but hides the recommendation until the final line.,matched_decoy,ELABORATE,avg_sentence_length,1.0,0.0,0.0,1.0,NO,0.6504672765731812,,"{""raw_logit_scores"": {""YES"": 8.578125, ""NO"": 7.10546875}, ""label_bias_scores"": {""YES"": 11.3203125, ""NO"": 9.2265625}, ""corrected_scores"": {""YES"": -2.7421875, ""NO"": -2.12109375}, ""scoring_mode"": ""bias_corrected_choice_logits"", ""selected_short_label"": ""NO""}"
23,EleutherAI/pythia-1b,pythia,1b,stable_style_policy,bft_eval_02,critique,Give feedback on a student memo that is energetic and polite but hides the recommendation until the final line.,matched_decoy,HEDGE,hedge_density,1.0,0.0,0.0,1.0,NO,0.6067315340042114,",","{""raw_logit_scores"": {""YES"": 6.375, ""NO"": 4.71484375}, ""label_bias_scores"": {""YES"": 11.3203125, ""NO"": 9.2265625}, ""corrected_scores"": {""YES"": -4.9453125, ""NO"": -4.51171875}, ""scoring_mode"": ""bias_corrected_choice_logits"", ""selected_short_label"": ""NO""}"
23,EleutherAI/pythia-1b,pythia,1b,stable_style_policy,bft_eval_02,critique,Give feedback on a student memo that is energetic and polite but hides the recommendation until the final line.,matched_decoy,FIRST_PERSON,first_person_rate,1.0,0.0,0.0,1.0,NO,0.7655933499336243,",","{""raw_logit_scores"": {""YES"": 3.544921875, ""NO"": 2.634765625}, ""label_bias_scores"": {""YES"": 11.3203125, ""NO"": 9.2265625}, ""corrected_scores"": {""YES"": -7.775390625, ""NO"": -6.591796875}, ""scoring_mode"": ""bias_corrected_choice_logits"", ""selected_short_label"": ""NO""}"
23,EleutherAI/pythia-1b,pythia,1b,stable_style_policy,bft_eval_02,critique,Give feedback on a student memo that is energetic and polite but hides the recommendation until the final line.,matched_decoy,DIRECTIVE,directive_rate,1.0,0.0,1.0,0.0,NO,0.7272012233734131,the,"{""raw_logit_scores"": {""YES"": 7.23046875, ""NO"": 6.1171875}, ""label_bias_scores"": {""YES"": 11.3203125, ""NO"": 9.2265625}, ""corrected_scores"": {""YES"": -4.08984375, ""NO"": -3.109375}, ""scoring_mode"": ""bias_corrected_choice_logits"", ""selected_short_label"": ""NO""}"
23,EleutherAI/pythia-1b,pythia,1b,stable_style_policy,bft_eval_02,critique,Give feedback on a student memo that is energetic and polite but hides the recommendation until the final line.,scrambled_profile,ELABORATE,avg_sentence_length,1.0,0.0,0.0,1.0,NO,0.7662936449050903,Behavior,"{""raw_logit_scores"": {""YES"": 7.51953125, ""NO"": 6.61328125}, ""label_bias_scores"": {""YES"": 11.3203125, ""NO"": 9.2265625}, ""corrected_scores"": {""YES"": -3.80078125, ""NO"": -2.61328125}, ""scoring_mode"": ""bias_corrected_choice_logits"", ""selected_short_label"": ""NO""}"
23,EleutherAI/pythia-1b,pythia,1b,stable_style_policy,bft_eval_02,critique,Give feedback on a student memo that is energetic and polite but hides the recommendation until the final line.,scrambled_profile,HEDGE,hedge_density,1.0,0.0,0.0,1.0,NO,0.8278281688690186,probably,"{""raw_logit_scores"": {""YES"": 6.1171875, ""NO"": 5.59375}, ""label_bias_scores"": {""YES"": 11.3203125, ""NO"": 9.2265625}, ""corrected_scores"": {""YES"": -5.203125, ""NO"": -3.6328125}, ""scoring_mode"": ""bias_corrected_choice_logits"", ""selected_short_label"": ""NO""}"
23,EleutherAI/pythia-1b,pythia,1b,stable_style_policy,bft_eval_02,critique,Give feedback on a student memo that is energetic and polite but hides the recommendation until the final line.,scrambled_profile,FIRST_PERSON,first_person_rate,1.0,0.0,0.0,1.0,NO,0.7287483215332031,my,"{""raw_logit_scores"": {""YES"": 6.5078125, ""NO"": 5.40234375}, ""label_bias_scores"": {""YES"": 11.3203125, ""NO"": 9.2265625}, ""corrected_scores"": {""YES"": -4.8125, ""NO"": -3.82421875}, ""scoring_mode"": ""bias_corrected_choice_logits"", ""selected_short_label"": ""NO""}"
23,EleutherAI/pythia-1b,pythia,1b,stable_style_policy,bft_eval_02,critique,Give feedback on a student memo that is energetic and polite but hides the recommendation until the final line.,scrambled_profile,DIRECTIVE,directive_rate,1.0,0.0,1.0,0.0,NO,0.60905921459198,for,"{""raw_logit_scores"": {""YES"": 5.37890625, ""NO"": 3.728515625}, ""label_bias_scores"": {""YES"": 11.3203125, ""NO"": 9.2265625}, ""corrected_scores"": {""YES"": -5.94140625, ""NO"": -5.498046875}, ""scoring_mode"": ""bias_corrected_choice_logits"", ""selected_short_label"": ""NO""}"
23,EleutherAI/pythia-1b,pythia,1b,stable_style_policy,bft_eval_03,policy,Write a short policy note on how a museum team should document changes to exhibit labels during revision.,self_profile,ELABORATE,avg_sentence_length,1.0,1.0,0.0,0.0,YES,0.7587341666221619,to,"{""raw_logit_scores"": {""YES"": 3.50390625, ""NO"": 0.264404296875}, ""label_bias_scores"": {""YES"": 11.3203125, ""NO"": 9.2265625}, ""corrected_scores"": {""YES"": -7.81640625, ""NO"": -8.962158203125}, ""scoring_mode"": ""bias_corrected_choice_logits"", ""selected_short_label"": ""YES""}"
23,EleutherAI/pythia-1b,pythia,1b,stable_style_policy,bft_eval_03,policy,Write a short policy note on how a museum team should document changes to exhibit labels during revision.,self_profile,HEDGE,hedge_density,1.0,0.0,0.0,1.0,NO,0.8262215852737427,?,"{""raw_logit_scores"": {""YES"": 1.251953125, ""NO"": 0.71728515625}, ""label_bias_scores"": {""YES"": 11.3203125, ""NO"": 9.2265625}, ""corrected_scores"": {""YES"": -10.068359375, ""NO"": -8.50927734375}, ""scoring_mode"": ""bias_corrected_choice_logits"", ""selected_short_label"": ""NO""}"
23,EleutherAI/pythia-1b,pythia,1b,stable_style_policy,bft_eval_03,policy,Write a short policy note on how a museum team should document changes to exhibit labels during revision.,self_profile,FIRST_PERSON,first_person_rate,1.0,0.0,0.0,1.0,NO,0.777722179889679,?,"{""raw_logit_scores"": {""YES"": 1.669921875, ""NO"": 0.82861328125}, ""label_bias_scores"": {""YES"": 11.3203125, ""NO"": 9.2265625}, ""corrected_scores"": {""YES"": -9.650390625, ""NO"": -8.39794921875}, ""scoring_mode"": ""bias_corrected_choice_logits"", ""selected_short_label"": ""NO""}"
23,EleutherAI/pythia-1b,pythia,1b,stable_style_policy,bft_eval_03,policy,Write a short policy note on how a museum team should document changes to exhibit labels during revision.,self_profile,DIRECTIVE,directive_rate,1.0,0.0,0.0,1.0,NO,0.8725647330284119,the,"{""raw_logit_scores"": {""YES"": 3.99609375, ""NO"": 3.826171875}, ""label_bias_scores"": {""YES"": 11.3203125, ""NO"": 9.2265625}, ""corrected_scores"": {""YES"": -7.32421875, ""NO"": -5.400390625}, ""scoring_mode"": ""bias_corrected_choice_logits"", ""selected_short_label"": ""NO""}"
23,EleutherAI/pythia-1b,pythia,1b,stable_style_policy,bft_eval_03,policy,Write a short policy note on how a museum team should document changes to exhibit labels during revision.,matched_decoy,ELABORATE,avg_sentence_length,1.0,0.0,0.0,1.0,NO,0.8836382627487183,,"{""raw_logit_scores"": {""YES"": 3.98046875, ""NO"": 3.9140625}, ""label_bias_scores"": {""YES"": 11.3203125, ""NO"": 9.2265625}, ""corrected_scores"": {""YES"": -7.33984375, ""NO"": -5.3125}, ""scoring_mode"": ""bias_corrected_choice_logits"", ""selected_short_label"": ""NO""}"
23,EleutherAI/pythia-1b,pythia,1b,stable_style_policy,bft_eval_03,policy,Write a short policy note on how a museum team should document changes to exhibit labels during revision.,matched_decoy,HEDGE,hedge_density,1.0,0.0,0.0,1.0,NO,0.8305941224098206,or,"{""raw_logit_scores"": {""YES"": 4.8125, ""NO"": 4.30859375}, ""label_bias_scores"": {""YES"": 11.3203125, ""NO"": 9.2265625}, ""corrected_scores"": {""YES"": -6.5078125, ""NO"": -4.91796875}, ""scoring_mode"": ""bias_corrected_choice_logits"", ""selected_short_label"": ""NO""}"
23,EleutherAI/pythia-1b,pythia,1b,stable_style_policy,bft_eval_03,policy,Write a short policy note on how a museum team should document changes to exhibit labels during revision.,matched_decoy,FIRST_PERSON,first_person_rate,1.0,0.0,0.0,1.0,NO,0.7859664559364319,mine,"{""raw_logit_scores"": {""YES"": 6.70703125, ""NO"": 5.9140625}, ""label_bias_scores"": {""YES"": 11.3203125, ""NO"": 9.2265625}, ""corrected_scores"": {""YES"": -4.61328125, ""NO"": -3.3125}, ""scoring_mode"": ""bias_corrected_choice_logits"", ""selected_short_label"": ""NO""}"
23,EleutherAI/pythia-1b,pythia,1b,stable_style_policy,bft_eval_03,policy,Write a short policy note on how a museum team should document changes to exhibit labels during revision.,matched_decoy,DIRECTIVE,directive_rate,1.0,1.0,0.0,0.0,YES,0.6057990193367004,answer,"{""raw_logit_scores"": {""YES"": 6.66796875, ""NO"": 4.14453125}, ""label_bias_scores"": {""YES"": 11.3203125, ""NO"": 9.2265625}, ""corrected_scores"": {""YES"": -4.65234375, ""NO"": -5.08203125}, ""scoring_mode"": ""bias_corrected_choice_logits"", ""selected_short_label"": ""YES""}"
23,EleutherAI/pythia-1b,pythia,1b,stable_style_policy,bft_eval_03,policy,Write a short policy note on how a museum team should document changes to exhibit labels during revision.,scrambled_profile,ELABORATE,avg_sentence_length,1.0,0.0,0.0,1.0,NO,0.8899121284484863,,"{""raw_logit_scores"": {""YES"": 3.8203125, ""NO"": 3.81640625}, ""label_bias_scores"": {""YES"": 11.3203125, ""NO"": 9.2265625}, ""corrected_scores"": {""YES"": -7.5, ""NO"": -5.41015625}, ""scoring_mode"": ""bias_corrected_choice_logits"", ""selected_short_label"": ""NO""}"
23,EleutherAI/pythia-1b,pythia,1b,stable_style_policy,bft_eval_03,policy,Write a short policy note on how a museum team should document changes to exhibit labels during revision.,scrambled_profile,HEDGE,hedge_density,1.0,0.0,0.0,1.0,NO,0.8349459171295166,or,"{""raw_logit_scores"": {""YES"": 4.81640625, ""NO"": 4.34375}, ""label_bias_scores"": {""YES"": 11.3203125, ""NO"": 9.2265625}, ""corrected_scores"": {""YES"": -6.50390625, ""NO"": -4.8828125}, ""scoring_mode"": ""bias_corrected_choice_logits"", ""selected_short_label"": ""NO""}"
23,EleutherAI/pythia-1b,pythia,1b,stable_style_policy,bft_eval_03,policy,Write a short policy note on how a museum team should document changes to exhibit labels during revision.,scrambled_profile,FIRST_PERSON,first_person_rate,1.0,0.0,0.0,1.0,NO,0.7826625108718872,mine,"{""raw_logit_scores"": {""YES"": 6.6953125, ""NO"": 5.8828125}, ""label_bias_scores"": {""YES"": 11.3203125, ""NO"": 9.2265625}, ""corrected_scores"": {""YES"": -4.625, ""NO"": -3.34375}, ""scoring_mode"": ""bias_corrected_choice_logits"", ""selected_short_label"": ""NO""}"
23,EleutherAI/pythia-1b,pythia,1b,stable_style_policy,bft_eval_03,policy,Write a short policy note on how a museum team should document changes to exhibit labels during revision.,scrambled_profile,DIRECTIVE,directive_rate,1.0,1.0,0.0,0.0,YES,0.5983121991157532,answer,"{""raw_logit_scores"": {""YES"": 6.66015625, ""NO"": 4.16796875}, ""label_bias_scores"": {""YES"": 11.3203125, ""NO"": 9.2265625}, ""corrected_scores"": {""YES"": -4.66015625, ""NO"": -5.05859375}, ""scoring_mode"": ""bias_corrected_choice_logits"", ""selected_short_label"": ""YES""}"
23,EleutherAI/pythia-1b,pythia,1b,stable_style_policy,bft_eval_04,diagnosis,Diagnose why a paragraph feels intelligent and informed but still fails to tell the reader what matters most.,self_profile,ELABORATE,avg_sentence_length,1.0,0.0,1.0,0.0,NO,0.8509647250175476,Behavior,"{""raw_logit_scores"": {""YES"": 6.8984375, ""NO"": 6.546875}, ""label_bias_scores"": {""YES"": 11.3203125, ""NO"": 9.2265625}, ""corrected_scores"": {""YES"": -4.421875, ""NO"": -2.6796875}, ""scoring_mode"": ""bias_corrected_choice_logits"", ""selected_short_label"": ""NO""}"
23,EleutherAI/pythia-1b,pythia,1b,stable_style_policy,bft_eval_04,diagnosis,Diagnose why a paragraph feels intelligent and informed but still fails to tell the reader what matters most.,self_profile,HEDGE,hedge_density,1.0,0.0,0.0,1.0,NO,0.7969253659248352,probably,"{""raw_logit_scores"": {""YES"": 5.38671875, ""NO"": 4.66015625}, ""label_bias_scores"": {""YES"": 11.3203125, ""NO"": 9.2265625}, ""corrected_scores"": {""YES"": -5.93359375, ""NO"": -4.56640625}, ""scoring_mode"": ""bias_corrected_choice_logits"", ""selected_short_label"": ""NO""}"
23,EleutherAI/pythia-1b,pythia,1b,stable_style_policy,bft_eval_04,diagnosis,Diagnose why a paragraph feels intelligent and informed but still fails to tell the reader what matters most.,self_profile,FIRST_PERSON,first_person_rate,1.0,0.0,0.0,1.0,NO,0.7711548805236816,my,"{""raw_logit_scores"": {""YES"": 5.6953125, ""NO"": 4.81640625}, ""label_bias_scores"": {""YES"": 11.3203125, ""NO"": 9.2265625}, ""corrected_scores"": {""YES"": -5.625, ""NO"": -4.41015625}, ""scoring_mode"": ""bias_corrected_choice_logits"", ""selected_short_label"": ""NO""}"
23,EleutherAI/pythia-1b,pythia,1b,stable_style_policy,bft_eval_04,diagnosis,Diagnose why a paragraph feels intelligent and informed but still fails to tell the reader what matters most.,self_profile,DIRECTIVE,directive_rate,1.0,0.0,0.0,1.0,NO,0.6306849718093872,for,"{""raw_logit_scores"": {""YES"": 4.50390625, ""NO"": 2.9453125}, ""label_bias_scores"": {""YES"": 11.3203125, ""NO"": 9.2265625}, ""corrected_scores"": {""YES"": -6.81640625, ""NO"": -6.28125}, ""scoring_mode"": ""bias_corrected_choice_logits"", ""selected_short_label"": ""NO""}"
23,EleutherAI/pythia-1b,pythia,1b,stable_style_policy,bft_eval_04,diagnosis,Diagnose why a paragraph feels intelligent and informed but still fails to tell the reader what matters most.,matched_decoy,ELABORATE,avg_sentence_length,1.0,0.0,1.0,0.0,NO,0.6959583163261414,,"{""raw_logit_scores"": {""YES"": 7.94140625, ""NO"": 6.67578125}, ""label_bias_scores"": {""YES"": 11.3203125, ""NO"": 9.2265625}, ""corrected_scores"": {""YES"": -3.37890625, ""NO"": -2.55078125}, ""scoring_mode"": ""bias_corrected_choice_logits"", ""selected_short_label"": ""NO""}"
23,EleutherAI/pythia-1b,pythia,1b,stable_style_policy,bft_eval_04,diagnosis,Diagnose why a paragraph feels intelligent and informed but still fails to tell the reader what matters most.,matched_decoy,HEDGE,hedge_density,1.0,0.0,0.0,1.0,NO,0.6104534864425659,",","{""raw_logit_scores"": {""YES"": 5.83203125, ""NO"": 4.1875}, ""label_bias_scores"": {""YES"": 11.3203125, ""NO"": 9.2265625}, ""corrected_scores"": {""YES"": -5.48828125, ""NO"": -5.0390625}, ""scoring_mode"": ""bias_corrected_choice_logits"", ""selected_short_label"": ""NO""}"
23,EleutherAI/pythia-1b,pythia,1b,stable_style_policy,bft_eval_04,diagnosis,Diagnose why a paragraph feels intelligent and informed but still fails to tell the reader what matters most.,matched_decoy,FIRST_PERSON,first_person_rate,1.0,0.0,0.0,1.0,NO,0.6988435387611389,",","{""raw_logit_scores"": {""YES"": 3.28515625, ""NO"": 2.033203125}, ""label_bias_scores"": {""YES"": 11.3203125, ""NO"": 9.2265625}, ""corrected_scores"": {""YES"": -8.03515625, ""NO"": -7.193359375}, ""scoring_mode"": ""bias_corrected_choice_logits"", ""selected_short_label"": ""NO""}"
23,EleutherAI/pythia-1b,pythia,1b,stable_style_policy,bft_eval_04,diagnosis,Diagnose why a paragraph feels intelligent and informed but still fails to tell the reader what matters most.,matched_decoy,DIRECTIVE,directive_rate,1.0,0.0,0.0,1.0,NO,0.7950222492218018,what,"{""raw_logit_scores"": {""YES"": 6.01171875, ""NO"": 5.2734375}, ""label_bias_scores"": {""YES"": 11.3203125, ""NO"": 9.2265625}, ""corrected_scores"": {""YES"": -5.30859375, ""NO"": -3.953125}, ""scoring_mode"": ""bias_corrected_choice_logits"", ""selected_short_label"": ""NO""}"
23,EleutherAI/pythia-1b,pythia,1b,stable_style_policy,bft_eval_04,diagnosis,Diagnose why a paragraph feels intelligent and informed but still fails to tell the reader what matters most.,scrambled_profile,ELABORATE,avg_sentence_length,1.0,0.0,1.0,0.0,NO,0.8875949382781982,,"{""raw_logit_scores"": {""YES"": 4.12890625, ""NO"": 4.1015625}, ""label_bias_scores"": {""YES"": 11.3203125, ""NO"": 9.2265625}, ""corrected_scores"": {""YES"": -7.19140625, ""NO"": -5.125}, ""scoring_mode"": ""bias_corrected_choice_logits"", ""selected_short_label"": ""NO""}"
23,EleutherAI/pythia-1b,pythia,1b,stable_style_policy,bft_eval_04,diagnosis,Diagnose why a paragraph feels intelligent and informed but still fails to tell the reader what matters most.,scrambled_profile,HEDGE,hedge_density,1.0,0.0,0.0,1.0,NO,0.8316905498504639,or,"{""raw_logit_scores"": {""YES"": 4.5, ""NO"": 4.00390625}, ""label_bias_scores"": {""YES"": 11.3203125, ""NO"": 9.2265625}, ""corrected_scores"": {""YES"": -6.8203125, ""NO"": -5.22265625}, ""scoring_mode"": ""bias_corrected_choice_logits"", ""selected_short_label"": ""NO""}"
23,EleutherAI/pythia-1b,pythia,1b,stable_style_policy,bft_eval_04,diagnosis,Diagnose why a paragraph feels intelligent and informed but still fails to tell the reader what matters most.,scrambled_profile,FIRST_PERSON,first_person_rate,1.0,0.0,0.0,1.0,NO,0.7606506943702698,mine,"{""raw_logit_scores"": {""YES"": 6.984375, ""NO"": 6.046875}, ""label_bias_scores"": {""YES"": 11.3203125, ""NO"": 9.2265625}, ""corrected_scores"": {""YES"": -4.3359375, ""NO"": -3.1796875}, ""scoring_mode"": ""bias_corrected_choice_logits"", ""selected_short_label"": ""NO""}"
23,EleutherAI/pythia-1b,pythia,1b,stable_style_policy,bft_eval_04,diagnosis,Diagnose why a paragraph feels intelligent and informed but still fails to tell the reader what matters most.,scrambled_profile,DIRECTIVE,directive_rate,1.0,1.0,0.0,0.0,YES,0.6071974039077759,answer,"{""raw_logit_scores"": {""YES"": 6.3125, ""NO"": 3.783203125}, ""label_bias_scores"": {""YES"": 11.3203125, ""NO"": 9.2265625}, ""corrected_scores"": {""YES"": -5.0078125, ""NO"": -5.443359375}, ""scoring_mode"": ""bias_corrected_choice_logits"", ""selected_short_label"": ""YES""}"
23,EleutherAI/pythia-1b,pythia,1b,stable_style_policy,bft_eval_05,comparison,Compare an internal checklist and a polished postmortem as tools for preventing the same operational mistake twice.,self_profile,ELABORATE,avg_sentence_length,1.0,1.0,1.0,1.0,YES,0.7304822206497192,to,"{""raw_logit_scores"": {""YES"": 2.98046875, ""NO"": -0.1103515625}, ""label_bias_scores"": {""YES"": 11.3203125, ""NO"": 9.2265625}, ""corrected_scores"": {""YES"": -8.33984375, ""NO"": -9.3369140625}, ""scoring_mode"": ""bias_corrected_choice_logits"", ""selected_short_label"": ""YES""}"
23,EleutherAI/pythia-1b,pythia,1b,stable_style_policy,bft_eval_05,comparison,Compare an internal checklist and a polished postmortem as tools for preventing the same operational mistake twice.,self_profile,HEDGE,hedge_density,1.0,0.0,0.0,1.0,NO,0.804405927658081,?,"{""raw_logit_scores"": {""YES"": 1.3955078125, ""NO"": 0.7158203125}, ""label_bias_scores"": {""YES"": 11.3203125, ""NO"": 9.2265625}, ""corrected_scores"": {""YES"": -9.9248046875, ""NO"": -8.5107421875}, ""scoring_mode"": ""bias_corrected_choice_logits"", ""selected_short_label"": ""NO""}"
23,EleutherAI/pythia-1b,pythia,1b,stable_style_policy,bft_eval_05,comparison,Compare an internal checklist and a polished postmortem as tools for preventing the same operational mistake twice.,self_profile,FIRST_PERSON,first_person_rate,1.0,0.0,1.0,0.0,NO,0.7884203195571899,?,"{""raw_logit_scores"": {""YES"": 2.111328125, ""NO"": 1.3330078125}, ""label_bias_scores"": {""YES"": 11.3203125, ""NO"": 9.2265625}, ""corrected_scores"": {""YES"": -9.208984375, ""NO"": -7.8935546875}, ""scoring_mode"": ""bias_corrected_choice_logits"", ""selected_short_label"": ""NO""}"
23,EleutherAI/pythia-1b,pythia,1b,stable_style_policy,bft_eval_05,comparison,Compare an internal checklist and a polished postmortem as tools for preventing the same operational mistake twice.,self_profile,DIRECTIVE,directive_rate,1.0,0.0,1.0,0.0,NO,0.845432698726654,the,"{""raw_logit_scores"": {""YES"": 4.546875, ""NO"": 4.15234375}, ""label_bias_scores"": {""YES"": 11.3203125, ""NO"": 9.2265625}, ""corrected_scores"": {""YES"": -6.7734375, ""NO"": -5.07421875}, ""scoring_mode"": ""bias_corrected_choice_logits"", ""selected_short_label"": ""NO""}"
23,EleutherAI/pythia-1b,pythia,1b,stable_style_policy,bft_eval_05,comparison,Compare an internal checklist and a polished postmortem as tools for preventing the same operational mistake twice.,matched_decoy,ELABORATE,avg_sentence_length,1.0,0.0,1.0,0.0,NO,0.9167081117630005,,"{""raw_logit_scores"": {""YES"": 4.10546875, ""NO"": 4.41015625}, ""label_bias_scores"": {""YES"": 11.3203125, ""NO"": 9.2265625}, ""corrected_scores"": {""YES"": -7.21484375, ""NO"": -4.81640625}, ""scoring_mode"": ""bias_corrected_choice_logits"", ""selected_short_label"": ""NO""}"
23,EleutherAI/pythia-1b,pythia,1b,stable_style_policy,bft_eval_05,comparison,Compare an internal checklist and a polished postmortem as tools for preventing the same operational mistake twice.,matched_decoy,HEDGE,hedge_density,1.0,0.0,0.0,1.0,NO,0.863391637802124,or,"{""raw_logit_scores"": {""YES"": 4.703125, ""NO"": 4.453125}, ""label_bias_scores"": {""YES"": 11.3203125, ""NO"": 9.2265625}, ""corrected_scores"": {""YES"": -6.6171875, ""NO"": -4.7734375}, ""scoring_mode"": ""bias_corrected_choice_logits"", ""selected_short_label"": ""NO""}"
23,EleutherAI/pythia-1b,pythia,1b,stable_style_policy,bft_eval_05,comparison,Compare an internal checklist and a polished postmortem as tools for preventing the same operational mistake twice.,matched_decoy,FIRST_PERSON,first_person_rate,1.0,0.0,1.0,0.0,NO,0.7943849563598633,mine,"{""raw_logit_scores"": {""YES"": 6.984375, ""NO"": 6.2421875}, ""label_bias_scores"": {""YES"": 11.3203125, ""NO"": 9.2265625}, ""corrected_scores"": {""YES"": -4.3359375, ""NO"": -2.984375}, ""scoring_mode"": ""bias_corrected_choice_logits"", ""selected_short_label"": ""NO""}"
23,EleutherAI/pythia-1b,pythia,1b,stable_style_policy,bft_eval_05,comparison,Compare an internal checklist and a polished postmortem as tools for preventing the same operational mistake twice.,matched_decoy,DIRECTIVE,directive_rate,1.0,1.0,1.0,1.0,YES,0.5879431366920471,answer,"{""raw_logit_scores"": {""YES"": 6.84765625, ""NO"": 4.3984375}, ""label_bias_scores"": {""YES"": 11.3203125, ""NO"": 9.2265625}, ""corrected_scores"": {""YES"": -4.47265625, ""NO"": -4.828125}, ""scoring_mode"": ""bias_corrected_choice_logits"", ""selected_short_label"": ""YES""}"
23,EleutherAI/pythia-1b,pythia,1b,stable_style_policy,bft_eval_05,comparison,Compare an internal checklist and a polished postmortem as tools for preventing the same operational mistake twice.,scrambled_profile,ELABORATE,avg_sentence_length,1.0,1.0,1.0,1.0,YES,0.7309386134147644,to,"{""raw_logit_scores"": {""YES"": 2.970703125, ""NO"": -0.1224365234375}, ""label_bias_scores"": {""YES"": 11.3203125, ""NO"": 9.2265625}, ""corrected_scores"": {""YES"": -8.349609375, ""NO"": -9.3489990234375}, ""scoring_mode"": ""bias_corrected_choice_logits"", ""selected_short_label"": ""YES""}"
23,EleutherAI/pythia-1b,pythia,1b,stable_style_policy,bft_eval_05,comparison,Compare an internal checklist and a polished postmortem as tools for preventing the same operational mistake twice.,scrambled_profile,HEDGE,hedge_density,1.0,0.0,0.0,1.0,NO,0.8091251850128174,?,"{""raw_logit_scores"": {""YES"": 1.3974609375, ""NO"": 0.748046875}, ""label_bias_scores"": {""YES"": 11.3203125, ""NO"": 9.2265625}, ""corrected_scores"": {""YES"": -9.9228515625, ""NO"": -8.478515625}, ""scoring_mode"": ""bias_corrected_choice_logits"", ""selected_short_label"": ""NO""}"
23,EleutherAI/pythia-1b,pythia,1b,stable_style_policy,bft_eval_05,comparison,Compare an internal checklist and a polished postmortem as tools for preventing the same operational mistake twice.,scrambled_profile,FIRST_PERSON,first_person_rate,1.0,0.0,1.0,0.0,NO,0.7994422912597656,?,"{""raw_logit_scores"": {""YES"": 2.0625, ""NO"": 1.3515625}, ""label_bias_scores"": {""YES"": 11.3203125, ""NO"": 9.2265625}, ""corrected_scores"": {""YES"": -9.2578125, ""NO"": -7.875}, ""scoring_mode"": ""bias_corrected_choice_logits"", ""selected_short_label"": ""NO""}"
23,EleutherAI/pythia-1b,pythia,1b,stable_style_policy,bft_eval_05,comparison,Compare an internal checklist and a polished postmortem as tools for preventing the same operational mistake twice.,scrambled_profile,DIRECTIVE,directive_rate,1.0,0.0,1.0,0.0,NO,0.8499711751937866,the,"{""raw_logit_scores"": {""YES"": 4.515625, ""NO"": 4.15625}, ""label_bias_scores"": {""YES"": 11.3203125, ""NO"": 9.2265625}, ""corrected_scores"": {""YES"": -6.8046875, ""NO"": -5.0703125}, ""scoring_mode"": ""bias_corrected_choice_logits"", ""selected_short_label"": ""NO""}"
23,EleutherAI/pythia-1b,pythia,1b,stable_style_policy,bft_eval_06,planning,Sketch a short plan for helping a student narrow a thesis topic without draining the curiosity out of it.,self_profile,ELABORATE,avg_sentence_length,1.0,0.0,1.0,0.0,NO,0.888372004032135,,"{""raw_logit_scores"": {""YES"": 4.328125, ""NO"": 4.30859375}, ""label_bias_scores"": {""YES"": 11.3203125, ""NO"": 9.2265625}, ""corrected_scores"": {""YES"": -6.9921875, ""NO"": -4.91796875}, ""scoring_mode"": ""bias_corrected_choice_logits"", ""selected_short_label"": ""NO""}"
23,EleutherAI/pythia-1b,pythia,1b,stable_style_policy,bft_eval_06,planning,Sketch a short plan for helping a student narrow a thesis topic without draining the curiosity out of it.,self_profile,HEDGE,hedge_density,1.0,0.0,0.0,1.0,NO,0.8624675869941711,or,"{""raw_logit_scores"": {""YES"": 4.9921875, ""NO"": 4.734375}, ""label_bias_scores"": {""YES"": 11.3203125, ""NO"": 9.2265625}, ""corrected_scores"": {""YES"": -6.328125, ""NO"": -4.4921875}, ""scoring_mode"": ""bias_corrected_choice_logits"", ""selected_short_label"": ""NO""}"
23,EleutherAI/pythia-1b,pythia,1b,stable_style_policy,bft_eval_06,planning,Sketch a short plan for helping a student narrow a thesis topic without draining the curiosity out of it.,self_profile,FIRST_PERSON,first_person_rate,1.0,0.0,0.0,1.0,NO,0.8134608268737793,mine,"{""raw_logit_scores"": {""YES"": 6.8984375, ""NO"": 6.27734375}, ""label_bias_scores"": {""YES"": 11.3203125, ""NO"": 9.2265625}, ""corrected_scores"": {""YES"": -4.421875, ""NO"": -2.94921875}, ""scoring_mode"": ""bias_corrected_choice_logits"", ""selected_short_label"": ""NO""}"
23,EleutherAI/pythia-1b,pythia,1b,stable_style_policy,bft_eval_06,planning,Sketch a short plan for helping a student narrow a thesis topic without draining the curiosity out of it.,self_profile,DIRECTIVE,directive_rate,1.0,1.0,1.0,1.0,YES,0.642432451248169,answer,"{""raw_logit_scores"": {""YES"": 6.796875, ""NO"": 4.1171875}, ""label_bias_scores"": {""YES"": 11.3203125, ""NO"": 9.2265625}, ""corrected_scores"": {""YES"": -4.5234375, ""NO"": -5.109375}, ""scoring_mode"": ""bias_corrected_choice_logits"", ""selected_short_label"": ""YES""}"
23,EleutherAI/pythia-1b,pythia,1b,stable_style_policy,bft_eval_06,planning,Sketch a short plan for helping a student narrow a thesis topic without draining the curiosity out of it.,matched_decoy,ELABORATE,avg_sentence_length,1.0,0.0,1.0,0.0,NO,0.9156582355499268,?,"{""raw_logit_scores"": {""YES"": 3.234375, ""NO"": 3.525390625}, ""label_bias_scores"": {""YES"": 11.3203125, ""NO"": 9.2265625}, ""corrected_scores"": {""YES"": -8.0859375, ""NO"": -5.701171875}, ""scoring_mode"": ""bias_corrected_choice_logits"", ""selected_short_label"": ""NO""}"
23,EleutherAI/pythia-1b,pythia,1b,stable_style_policy,bft_eval_06,planning,Sketch a short plan for helping a student narrow a thesis topic without draining the curiosity out of it.,matched_decoy,HEDGE,hedge_density,1.0,0.0,0.0,1.0,NO,0.9471859931945801,maybe,"{""raw_logit_scores"": {""YES"": 5.4921875, ""NO"": 6.28515625}, ""label_bias_scores"": {""YES"": 11.3203125, ""NO"": 9.2265625}, ""corrected_scores"": {""YES"": -5.828125, ""NO"": -2.94140625}, ""scoring_mode"": ""bias_corrected_choice_logits"", ""selected_short_label"": ""NO""}"
23,EleutherAI/pythia-1b,pythia,1b,stable_style_policy,bft_eval_06,planning,Sketch a short plan for helping a student narrow a thesis topic without draining the curiosity out of it.,matched_decoy,FIRST_PERSON,first_person_rate,1.0,0.0,0.0,1.0,NO,0.8705973029136658,me,"{""raw_logit_scores"": {""YES"": 5.3984375, ""NO"": 5.2109375}, ""label_bias_scores"": {""YES"": 11.3203125, ""NO"": 9.2265625}, ""corrected_scores"": {""YES"": -5.921875, ""NO"": -4.015625}, ""scoring_mode"": ""bias_corrected_choice_logits"", ""selected_short_label"": ""NO""}"
23,EleutherAI/pythia-1b,pythia,1b,stable_style_policy,bft_eval_06,planning,Sketch a short plan for helping a student narrow a thesis topic without draining the curiosity out of it.,matched_decoy,DIRECTIVE,directive_rate,1.0,0.0,1.0,0.0,NO,0.6504672765731812,a,"{""raw_logit_scores"": {""YES"": 6.765625, ""NO"": 5.29296875}, ""label_bias_scores"": {""YES"": 11.3203125, ""NO"": 9.2265625}, ""corrected_scores"": {""YES"": -4.5546875, ""NO"": -3.93359375}, ""scoring_mode"": ""bias_corrected_choice_logits"", ""selected_short_label"": ""NO""}"
23,EleutherAI/pythia-1b,pythia,1b,stable_style_policy,bft_eval_06,planning,Sketch a short plan for helping a student narrow a thesis topic without draining the curiosity out of it.,scrambled_profile,ELABORATE,avg_sentence_length,1.0,0.0,1.0,0.0,NO,0.9178933501243591,?,"{""raw_logit_scores"": {""YES"": 3.32421875, ""NO"": 3.64453125}, ""label_bias_scores"": {""YES"": 11.3203125, ""NO"": 9.2265625}, ""corrected_scores"": {""YES"": -7.99609375, ""NO"": -5.58203125}, ""scoring_mode"": ""bias_corrected_choice_logits"", ""selected_short_label"": ""NO""}"
23,EleutherAI/pythia-1b,pythia,1b,stable_style_policy,bft_eval_06,planning,Sketch a short plan for helping a student narrow a thesis topic without draining the curiosity out of it.,scrambled_profile,HEDGE,hedge_density,1.0,0.0,0.0,1.0,NO,0.9491063356399536,maybe,"{""raw_logit_scores"": {""YES"": 5.4921875, ""NO"": 6.32421875}, ""label_bias_scores"": {""YES"": 11.3203125, ""NO"": 9.2265625}, ""corrected_scores"": {""YES"": -5.828125, ""NO"": -2.90234375}, ""scoring_mode"": ""bias_corrected_choice_logits"", ""selected_short_label"": ""NO""}"
23,EleutherAI/pythia-1b,pythia,1b,stable_style_policy,bft_eval_06,planning,Sketch a short plan for helping a student narrow a thesis topic without draining the curiosity out of it.,scrambled_profile,FIRST_PERSON,first_person_rate,1.0,0.0,0.0,1.0,NO,0.8705973029136658,me,"{""raw_logit_scores"": {""YES"": 5.375, ""NO"": 5.1875}, ""label_bias_scores"": {""YES"": 11.3203125, ""NO"": 9.2265625}, ""corrected_scores"": {""YES"": -5.9453125, ""NO"": -4.0390625}, ""scoring_mode"": ""bias_corrected_choice_logits"", ""selected_short_label"": ""NO""}"
23,EleutherAI/pythia-1b,pythia,1b,stable_style_policy,bft_eval_06,planning,Sketch a short plan for helping a student narrow a thesis topic without draining the curiosity out of it.,scrambled_profile,DIRECTIVE,directive_rate,1.0,0.0,1.0,0.0,NO,0.6575384140014648,a,"{""raw_logit_scores"": {""YES"": 6.8046875, ""NO"": 5.36328125}, ""label_bias_scores"": {""YES"": 11.3203125, ""NO"": 9.2265625}, ""corrected_scores"": {""YES"": -4.515625, ""NO"": -3.86328125}, ""scoring_mode"": ""bias_corrected_choice_logits"", ""selected_short_label"": ""NO""}"
23,EleutherAI/pythia-1b,pythia,1b,stable_style_policy,bft_eval_07,rewrite,Rewrite this rough instruction into something more useful to a teammate: 'Probably check the assumptions and logs before changing the code again.',self_profile,ELABORATE,avg_sentence_length,1.0,0.0,1.0,0.0,NO,0.7943849563598633,simple,"{""raw_logit_scores"": {""YES"": 3.44921875, ""NO"": 2.70703125}, ""label_bias_scores"": {""YES"": 11.3203125, ""NO"": 9.2265625}, ""corrected_scores"": {""YES"": -7.87109375, ""NO"": -6.51953125}, ""scoring_mode"": ""bias_corrected_choice_logits"", ""selected_short_label"": ""NO""}"
23,EleutherAI/pythia-1b,pythia,1b,stable_style_policy,bft_eval_07,rewrite,Rewrite this rough instruction into something more useful to a teammate: 'Probably check the assumptions and logs before changing the code again.',self_profile,HEDGE,hedge_density,1.0,0.0,1.0,0.0,NO,0.9788292646408081,as,"{""raw_logit_scores"": {""YES"": 0.283447265625, ""NO"": 2.0234375}, ""label_bias_scores"": {""YES"": 11.3203125, ""NO"": 9.2265625}, ""corrected_scores"": {""YES"": -11.036865234375, ""NO"": -7.203125}, ""scoring_mode"": ""bias_corrected_choice_logits"", ""selected_short_label"": ""NO""}"
23,EleutherAI/pythia-1b,pythia,1b,stable_style_policy,bft_eval_07,rewrite,Rewrite this rough instruction into something more useful to a teammate: 'Probably check the assumptions and logs before changing the code again.',self_profile,FIRST_PERSON,first_person_rate,1.0,0.0,1.0,0.0,NO,0.7154240012168884,",","{""raw_logit_scores"": {""YES"": 4.3046875, ""NO"": 3.1328125}, ""label_bias_scores"": {""YES"": 11.3203125, ""NO"": 9.2265625}, ""corrected_scores"": {""YES"": -7.015625, ""NO"": -6.09375}, ""scoring_mode"": ""bias_corrected_choice_logits"", ""selected_short_label"": ""NO""}"
23,EleutherAI/pythia-1b,pythia,1b,stable_style_policy,bft_eval_07,rewrite,Rewrite this rough instruction into something more useful to a teammate: 'Probably check the assumptions and logs before changing the code again.',self_profile,DIRECTIVE,directive_rate,1.0,0.0,1.0,0.0,NO,0.873214840888977,,"{""raw_logit_scores"": {""YES"": 4.1875, ""NO"": 4.0234375}, ""label_bias_scores"": {""YES"": 11.3203125, ""NO"": 9.2265625}, ""corrected_scores"": {""YES"": -7.1328125, ""NO"": -5.203125}, ""scoring_mode"": ""bias_corrected_choice_logits"", ""selected_short_label"": ""NO""}"
23,EleutherAI/pythia-1b,pythia,1b,stable_style_policy,bft_eval_07,rewrite,Rewrite this rough instruction into something more useful to a teammate: 'Probably check the assumptions and logs before changing the code again.',matched_decoy,ELABORATE,avg_sentence_length,1.0,0.0,1.0,0.0,NO,0.9900280833244324,than,"{""raw_logit_scores"": {""YES"": 0.07391357421875, ""NO"": 2.578125}, ""label_bias_scores"": {""YES"": 11.3203125, ""NO"": 9.2265625}, ""corrected_scores"": {""YES"": -11.24639892578125, ""NO"": -6.6484375}, ""scoring_mode"": ""bias_corrected_choice_logits"", ""selected_short_label"": ""NO""}"
23,EleutherAI/pythia-1b,pythia,1b,stable_style_policy,bft_eval_07,rewrite,Rewrite this rough instruction into something more useful to a teammate: 'Probably check the assumptions and logs before changing the code again.',matched_decoy,HEDGE,hedge_density,1.0,0.0,1.0,0.0,NO,0.9765409827232361,?,"{""raw_logit_scores"": {""YES"": 0.466552734375, ""NO"": 2.1015625}, ""label_bias_scores"": {""YES"": 11.3203125, ""NO"": 9.2265625}, ""corrected_scores"": {""YES"": -10.853759765625, ""NO"": -7.125}, ""scoring_mode"": ""bias_corrected_choice_logits"", ""selected_short_label"": ""NO""}"
23,EleutherAI/pythia-1b,pythia,1b,stable_style_policy,bft_eval_07,rewrite,Rewrite this rough instruction into something more useful to a teammate: 'Probably check the assumptions and logs before changing the code again.',matched_decoy,FIRST_PERSON,first_person_rate,1.0,0.0,1.0,0.0,NO,0.9672405123710632,as,"{""raw_logit_scores"": {""YES"": 0.73388671875, ""NO"": 2.025390625}, ""label_bias_scores"": {""YES"": 11.3203125, ""NO"": 9.2265625}, ""corrected_scores"": {""YES"": -10.58642578125, ""NO"": -7.201171875}, ""scoring_mode"": ""bias_corrected_choice_logits"", ""selected_short_label"": ""NO""}"
23,EleutherAI/pythia-1b,pythia,1b,stable_style_policy,bft_eval_07,rewrite,Rewrite this rough instruction into something more useful to a teammate: 'Probably check the assumptions and logs before changing the code again.',matched_decoy,DIRECTIVE,directive_rate,1.0,0.0,1.0,0.0,NO,0.8816148638725281,?,"{""raw_logit_scores"": {""YES"": 2.51171875, ""NO"": 2.42578125}, ""label_bias_scores"": {""YES"": 11.3203125, ""NO"": 9.2265625}, ""corrected_scores"": {""YES"": -8.80859375, ""NO"": -6.80078125}, ""scoring_mode"": ""bias_corrected_choice_logits"", ""selected_short_label"": ""NO""}"
23,EleutherAI/pythia-1b,pythia,1b,stable_style_policy,bft_eval_07,rewrite,Rewrite this rough instruction into something more useful to a teammate: 'Probably check the assumptions and logs before changing the code again.',scrambled_profile,ELABORATE,avg_sentence_length,1.0,0.0,1.0,0.0,NO,0.9903398156166077,than,"{""raw_logit_scores"": {""YES"": 0.057464599609375, ""NO"": 2.59375}, ""label_bias_scores"": {""YES"": 11.3203125, ""NO"": 9.2265625}, ""corrected_scores"": {""YES"": -11.262847900390625, ""NO"": -6.6328125}, ""scoring_mode"": ""bias_corrected_choice_logits"", ""selected_short_label"": ""NO""}"
23,EleutherAI/pythia-1b,pythia,1b,stable_style_policy,bft_eval_07,rewrite,Rewrite this rough instruction into something more useful to a teammate: 'Probably check the assumptions and logs before changing the code again.',scrambled_profile,HEDGE,hedge_density,1.0,0.0,1.0,0.0,NO,0.9773492217063904,?,"{""raw_logit_scores"": {""YES"": 0.4892578125, ""NO"": 2.16015625}, ""label_bias_scores"": {""YES"": 11.3203125, ""NO"": 9.2265625}, ""corrected_scores"": {""YES"": -10.8310546875, ""NO"": -7.06640625}, ""scoring_mode"": ""bias_corrected_choice_logits"", ""selected_short_label"": ""NO""}"
23,EleutherAI/pythia-1b,pythia,1b,stable_style_policy,bft_eval_07,rewrite,Rewrite this rough instruction into something more useful to a teammate: 'Probably check the assumptions and logs before changing the code again.',scrambled_profile,FIRST_PERSON,first_person_rate,1.0,0.0,1.0,0.0,NO,0.9669608473777771,as,"{""raw_logit_scores"": {""YES"": 0.71728515625, ""NO"": 2.0}, ""label_bias_scores"": {""YES"": 11.3203125, ""NO"": 9.2265625}, ""corrected_scores"": {""YES"": -10.60302734375, ""NO"": -7.2265625}, ""scoring_mode"": ""bias_corrected_choice_logits"", ""selected_short_label"": ""NO""}"
23,EleutherAI/pythia-1b,pythia,1b,stable_style_policy,bft_eval_07,rewrite,Rewrite this rough instruction into something more useful to a teammate: 'Probably check the assumptions and logs before changing the code again.',scrambled_profile,DIRECTIVE,directive_rate,1.0,0.0,1.0,0.0,NO,0.8836382627487183,?,"{""raw_logit_scores"": {""YES"": 2.52734375, ""NO"": 2.4609375}, ""label_bias_scores"": {""YES"": 11.3203125, ""NO"": 9.2265625}, ""corrected_scores"": {""YES"": -8.79296875, ""NO"": -6.765625}, ""scoring_mode"": ""bias_corrected_choice_logits"", ""selected_short_label"": ""NO""}"
23,EleutherAI/pythia-1b,pythia,1b,stable_style_policy,bft_eval_08,judgment,"Decide whether office hours help students mainly by clarifying content, lowering avoidance, or creating accountability, and explain your judgment.",self_profile,ELABORATE,avg_sentence_length,1.0,0.0,1.0,0.0,NO,0.9647889137268066,se,"{""raw_logit_scores"": {""YES"": -1.7607421875, ""NO"": -0.5439453125}, ""label_bias_scores"": {""YES"": 11.3203125, ""NO"": 9.2265625}, ""corrected_scores"": {""YES"": -13.0810546875, ""NO"": -9.7705078125}, ""scoring_mode"": ""bias_corrected_choice_logits"", ""selected_short_label"": ""NO""}"
23,EleutherAI/pythia-1b,pythia,1b,stable_style_policy,bft_eval_08,judgment,"Decide whether office hours help students mainly by clarifying content, lowering avoidance, or creating accountability, and explain your judgment.",self_profile,HEDGE,hedge_density,1.0,0.0,0.0,1.0,NO,0.9127477407455444,"""","{""raw_logit_scores"": {""YES"": 4.73828125, ""NO"": 4.9921875}, ""label_bias_scores"": {""YES"": 11.3203125, ""NO"": 9.2265625}, ""corrected_scores"": {""YES"": -6.58203125, ""NO"": -4.234375}, ""scoring_mode"": ""bias_corrected_choice_logits"", ""selected_short_label"": ""NO""}"
23,EleutherAI/pythia-1b,pythia,1b,stable_style_policy,bft_eval_08,judgment,"Decide whether office hours help students mainly by clarifying content, lowering avoidance, or creating accountability, and explain your judgment.",self_profile,FIRST_PERSON,first_person_rate,1.0,0.0,0.0,1.0,NO,0.8140527606010437,me,"{""raw_logit_scores"": {""YES"": 6.625, ""NO"": 6.0078125}, ""label_bias_scores"": {""YES"": 11.3203125, ""NO"": 9.2265625}, ""corrected_scores"": {""YES"": -4.6953125, ""NO"": -3.21875}, ""scoring_mode"": ""bias_corrected_choice_logits"", ""selected_short_label"": ""NO""}"
23,EleutherAI/pythia-1b,pythia,1b,stable_style_policy,bft_eval_08,judgment,"Decide whether office hours help students mainly by clarifying content, lowering avoidance, or creating accountability, and explain your judgment.",self_profile,DIRECTIVE,directive_rate,1.0,0.0,0.0,1.0,NO,0.7641884088516235,Pred,"{""raw_logit_scores"": {""YES"": 8.015625, ""NO"": 7.09765625}, ""label_bias_scores"": {""YES"": 11.3203125, ""NO"": 9.2265625}, ""corrected_scores"": {""YES"": -3.3046875, ""NO"": -2.12890625}, ""scoring_mode"": ""bias_corrected_choice_logits"", ""selected_short_label"": ""NO""}"
23,EleutherAI/pythia-1b,pythia,1b,stable_style_policy,bft_eval_08,judgment,"Decide whether office hours help students mainly by clarifying content, lowering avoidance, or creating accountability, and explain your judgment.",matched_decoy,ELABORATE,avg_sentence_length,1.0,0.0,1.0,0.0,NO,0.9305214285850525,a,"{""raw_logit_scores"": {""YES"": 1.8583984375, ""NO"": 2.359375}, ""label_bias_scores"": {""YES"": 11.3203125, ""NO"": 9.2265625}, ""corrected_scores"": {""YES"": -9.4619140625, ""NO"": -6.8671875}, ""scoring_mode"": ""bias_corrected_choice_logits"", ""selected_short_label"": ""NO""}"
23,EleutherAI/pythia-1b,pythia,1b,stable_style_policy,bft_eval_08,judgment,"Decide whether office hours help students mainly by clarifying content, lowering avoidance, or creating accountability, and explain your judgment.",matched_decoy,HEDGE,hedge_density,1.0,0.0,0.0,1.0,NO,0.9036349058151245,?,"{""raw_logit_scores"": {""YES"": 3.240234375, ""NO"": 3.384765625}, ""label_bias_scores"": {""YES"": 11.3203125, ""NO"": 9.2265625}, ""corrected_scores"": {""YES"": -8.080078125, ""NO"": -5.841796875}, ""scoring_mode"": ""bias_corrected_choice_logits"", ""selected_short_label"": ""NO""}"
23,EleutherAI/pythia-1b,pythia,1b,stable_style_policy,bft_eval_08,judgment,"Decide whether office hours help students mainly by clarifying content, lowering avoidance, or creating accountability, and explain your judgment.",matched_decoy,FIRST_PERSON,first_person_rate,1.0,0.0,0.0,1.0,NO,0.6001883149147034,"""","{""raw_logit_scores"": {""YES"": 5.29296875, ""NO"": 3.60546875}, ""label_bias_scores"": {""YES"": 11.3203125, ""NO"": 9.2265625}, ""corrected_scores"": {""YES"": -6.02734375, ""NO"": -5.62109375}, ""scoring_mode"": ""bias_corrected_choice_logits"", ""selected_short_label"": ""NO""}"
23,EleutherAI/pythia-1b,pythia,1b,stable_style_policy,bft_eval_08,judgment,"Decide whether office hours help students mainly by clarifying content, lowering avoidance, or creating accountability, and explain your judgment.",matched_decoy,DIRECTIVE,directive_rate,1.0,0.0,0.0,1.0,NO,0.8459424376487732,,"{""raw_logit_scores"": {""YES"": 6.65234375, ""NO"": 6.26171875}, ""label_bias_scores"": {""YES"": 11.3203125, ""NO"": 9.2265625}, ""corrected_scores"": {""YES"": -4.66796875, ""NO"": -2.96484375}, ""scoring_mode"": ""bias_corrected_choice_logits"", ""selected_short_label"": ""NO""}"
23,EleutherAI/pythia-1b,pythia,1b,stable_style_policy,bft_eval_08,judgment,"Decide whether office hours help students mainly by clarifying content, lowering avoidance, or creating accountability, and explain your judgment.",scrambled_profile,ELABORATE,avg_sentence_length,1.0,0.0,1.0,0.0,NO,0.9354645609855652,a,"{""raw_logit_scores"": {""YES"": 1.908203125, ""NO"": 2.48828125}, ""label_bias_scores"": {""YES"": 11.3203125, ""NO"": 9.2265625}, ""corrected_scores"": {""YES"": -9.412109375, ""NO"": -6.73828125}, ""scoring_mode"": ""bias_corrected_choice_logits"", ""selected_short_label"": ""NO""}"
23,EleutherAI/pythia-1b,pythia,1b,stable_style_policy,bft_eval_08,judgment,"Decide whether office hours help students mainly by clarifying content, lowering avoidance, or creating accountability, and explain your judgment.",scrambled_profile,HEDGE,hedge_density,1.0,0.0,0.0,1.0,NO,0.9053223133087158,?,"{""raw_logit_scores"": {""YES"": 3.259765625, ""NO"": 3.423828125}, ""label_bias_scores"": {""YES"": 11.3203125, ""NO"": 9.2265625}, ""corrected_scores"": {""YES"": -8.060546875, ""NO"": -5.802734375}, ""scoring_mode"": ""bias_corrected_choice_logits"", ""selected_short_label"": ""NO""}"
23,EleutherAI/pythia-1b,pythia,1b,stable_style_policy,bft_eval_08,judgment,"Decide whether office hours help students mainly by clarifying content, lowering avoidance, or creating accountability, and explain your judgment.",scrambled_profile,FIRST_PERSON,first_person_rate,1.0,0.0,0.0,1.0,NO,0.5832033753395081,"""","{""raw_logit_scores"": {""YES"": 5.33203125, ""NO"": 3.57421875}, ""label_bias_scores"": {""YES"": 11.3203125, ""NO"": 9.2265625}, ""corrected_scores"": {""YES"": -5.98828125, ""NO"": -5.65234375}, ""scoring_mode"": ""bias_corrected_choice_logits"", ""selected_short_label"": ""NO""}"
23,EleutherAI/pythia-1b,pythia,1b,stable_style_policy,bft_eval_08,judgment,"Decide whether office hours help students mainly by clarifying content, lowering avoidance, or creating accountability, and explain your judgment.",scrambled_profile,DIRECTIVE,directive_rate,1.0,0.0,0.0,1.0,NO,0.8469578623771667,,"{""raw_logit_scores"": {""YES"": 6.66796875, ""NO"": 6.28515625}, ""label_bias_scores"": {""YES"": 11.3203125, ""NO"": 9.2265625}, ""corrected_scores"": {""YES"": -4.65234375, ""NO"": -2.94140625}, ""scoring_mode"": ""bias_corrected_choice_logits"", ""selected_short_label"": ""NO""}"
29,EleutherAI/pythia-1b,pythia,1b,stable_style_policy,bft_eval_01,triage,A small lab keeps discovering conflicting spreadsheet versions after each handoff. What should the team do in the next day?,self_profile,ELABORATE,avg_sentence_length,1.0,0.0,1.0,0.0,NO,0.9528381824493408,se,"{""raw_logit_scores"": {""YES"": -1.548828125, ""NO"": -0.63671875}, ""label_bias_scores"": {""YES"": 11.3203125, ""NO"": 9.2265625}, ""corrected_scores"": {""YES"": -12.869140625, ""NO"": -9.86328125}, ""scoring_mode"": ""bias_corrected_choice_logits"", ""selected_short_label"": ""NO""}"
29,EleutherAI/pythia-1b,pythia,1b,stable_style_policy,bft_eval_01,triage,A small lab keeps discovering conflicting spreadsheet versions after each handoff. What should the team do in the next day?,self_profile,HEDGE,hedge_density,1.0,0.0,0.0,1.0,NO,0.9286680221557617,"""","{""raw_logit_scores"": {""YES"": 4.77734375, ""NO"": 5.25}, ""label_bias_scores"": {""YES"": 11.3203125, ""NO"": 9.2265625}, ""corrected_scores"": {""YES"": -6.54296875, ""NO"": -3.9765625}, ""scoring_mode"": ""bias_corrected_choice_logits"", ""selected_short_label"": ""NO""}"
29,EleutherAI/pythia-1b,pythia,1b,stable_style_policy,bft_eval_01,triage,A small lab keeps discovering conflicting spreadsheet versions after each handoff. What should the team do in the next day?,self_profile,FIRST_PERSON,first_person_rate,1.0,0.0,0.0,1.0,NO,0.858244001865387,me,"{""raw_logit_scores"": {""YES"": 6.67578125, ""NO"": 6.3828125}, ""label_bias_scores"": {""YES"": 11.3203125, ""NO"": 9.2265625}, ""corrected_scores"": {""YES"": -4.64453125, ""NO"": -2.84375}, ""scoring_mode"": ""bias_corrected_choice_logits"", ""selected_short_label"": ""NO""}"
29,EleutherAI/pythia-1b,pythia,1b,stable_style_policy,bft_eval_01,triage,A small lab keeps discovering conflicting spreadsheet versions after each handoff. What should the team do in the next day?,self_profile,DIRECTIVE,directive_rate,1.0,0.0,1.0,0.0,NO,0.873214840888977,Behavior,"{""raw_logit_scores"": {""YES"": 7.15234375, ""NO"": 6.98828125}, ""label_bias_scores"": {""YES"": 11.3203125, ""NO"": 9.2265625}, ""corrected_scores"": {""YES"": -4.16796875, ""NO"": -2.23828125}, ""scoring_mode"": ""bias_corrected_choice_logits"", ""selected_short_label"": ""NO""}"
29,EleutherAI/pythia-1b,pythia,1b,stable_style_policy,bft_eval_01,triage,A small lab keeps discovering conflicting spreadsheet versions after each handoff. What should the team do in the next day?,matched_decoy,ELABORATE,avg_sentence_length,1.0,0.0,1.0,0.0,NO,0.9523309469223022,se,"{""raw_logit_scores"": {""YES"": -1.546875, ""NO"": -0.64599609375}, ""label_bias_scores"": {""YES"": 11.3203125, ""NO"": 9.2265625}, ""corrected_scores"": {""YES"": -12.8671875, ""NO"": -9.87255859375}, ""scoring_mode"": ""bias_corrected_choice_logits"", ""selected_short_label"": ""NO""}"
29,EleutherAI/pythia-1b,pythia,1b,stable_style_policy,bft_eval_01,triage,A small lab keeps discovering conflicting spreadsheet versions after each handoff. What should the team do in the next day?,matched_decoy,HEDGE,hedge_density,1.0,0.0,0.0,1.0,NO,0.9284088015556335,"""","{""raw_logit_scores"": {""YES"": 4.78515625, ""NO"": 5.25390625}, ""label_bias_scores"": {""YES"": 11.3203125, ""NO"": 9.2265625}, ""corrected_scores"": {""YES"": -6.53515625, ""NO"": -3.97265625}, ""scoring_mode"": ""bias_corrected_choice_logits"", ""selected_short_label"": ""NO""}"
29,EleutherAI/pythia-1b,pythia,1b,stable_style_policy,bft_eval_01,triage,A small lab keeps discovering conflicting spreadsheet versions after each handoff. What should the team do in the next day?,matched_decoy,FIRST_PERSON,first_person_rate,1.0,0.0,0.0,1.0,NO,0.8529354929924011,me,"{""raw_logit_scores"": {""YES"": 6.6640625, ""NO"": 6.328125}, ""label_bias_scores"": {""YES"": 11.3203125, ""NO"": 9.2265625}, ""corrected_scores"": {""YES"": -4.65625, ""NO"": -2.8984375}, ""scoring_mode"": ""bias_corrected_choice_logits"", ""selected_short_label"": ""NO""}"
29,EleutherAI/pythia-1b,pythia,1b,stable_style_policy,bft_eval_01,triage,A small lab keeps discovering conflicting spreadsheet versions after each handoff. What should the team do in the next day?,matched_decoy,DIRECTIVE,directive_rate,1.0,0.0,1.0,0.0,NO,0.8770562410354614,Behavior,"{""raw_logit_scores"": {""YES"": 7.15234375, ""NO"": 7.0234375}, ""label_bias_scores"": {""YES"": 11.3203125, ""NO"": 9.2265625}, ""corrected_scores"": {""YES"": -4.16796875, ""NO"": -2.203125}, ""scoring_mode"": ""bias_corrected_choice_logits"", ""selected_short_label"": ""NO""}"
29,EleutherAI/pythia-1b,pythia,1b,stable_style_policy,bft_eval_01,triage,A small lab keeps discovering conflicting spreadsheet versions after each handoff. What should the team do in the next day?,scrambled_profile,ELABORATE,avg_sentence_length,1.0,0.0,1.0,0.0,NO,0.6909762620925903,simple,"{""raw_logit_scores"": {""YES"": 4.01171875, ""NO"": 2.72265625}, ""label_bias_scores"": {""YES"": 11.3203125, ""NO"": 9.2265625}, ""corrected_scores"": {""YES"": -7.30859375, ""NO"": -6.50390625}, ""scoring_mode"": ""bias_corrected_choice_logits"", ""selected_short_label"": ""NO""}"
29,EleutherAI/pythia-1b,pythia,1b,stable_style_policy,bft_eval_01,triage,A small lab keeps discovering conflicting spreadsheet versions after each handoff. What should the team do in the next day?,scrambled_profile,HEDGE,hedge_density,1.0,0.0,0.0,1.0,NO,0.9830850958824158,as,"{""raw_logit_scores"": {""YES"": 0.505859375, ""NO"": 2.474609375}, ""label_bias_scores"": {""YES"": 11.3203125, ""NO"": 9.2265625}, ""corrected_scores"": {""YES"": -10.814453125, ""NO"": -6.751953125}, ""scoring_mode"": ""bias_corrected_choice_logits"", ""selected_short_label"": ""NO""}"
29,EleutherAI/pythia-1b,pythia,1b,stable_style_policy,bft_eval_01,triage,A small lab keeps discovering conflicting spreadsheet versions after each handoff. What should the team do in the next day?,scrambled_profile,FIRST_PERSON,first_person_rate,1.0,0.0,0.0,1.0,NO,0.7318258881568909,",","{""raw_logit_scores"": {""YES"": 5.296875, ""NO"": 4.20703125}, ""label_bias_scores"": {""YES"": 11.3203125, ""NO"": 9.2265625}, ""corrected_scores"": {""YES"": -6.0234375, ""NO"": -5.01953125}, ""scoring_mode"": ""bias_corrected_choice_logits"", ""selected_short_label"": ""NO""}"
29,EleutherAI/pythia-1b,pythia,1b,stable_style_policy,bft_eval_01,triage,A small lab keeps discovering conflicting spreadsheet versions after each handoff. What should the team do in the next day?,scrambled_profile,DIRECTIVE,directive_rate,1.0,0.0,1.0,0.0,NO,0.8692712783813477,,"{""raw_logit_scores"": {""YES"": 4.65625, ""NO"": 4.45703125}, ""label_bias_scores"": {""YES"": 11.3203125, ""NO"": 9.2265625}, ""corrected_scores"": {""YES"": -6.6640625, ""NO"": -4.76953125}, ""scoring_mode"": ""bias_corrected_choice_logits"", ""selected_short_label"": ""NO""}"
29,EleutherAI/pythia-1b,pythia,1b,stable_style_policy,bft_eval_02,critique,Give feedback on a student memo that is energetic and polite but hides the recommendation until the final line.,self_profile,ELABORATE,avg_sentence_length,1.0,0.0,0.0,1.0,NO,0.6451199054718018,,"{""raw_logit_scores"": {""YES"": 8.5703125, ""NO"": 7.07421875}, ""label_bias_scores"": {""YES"": 11.3203125, ""NO"": 9.2265625}, ""corrected_scores"": {""YES"": -2.75, ""NO"": -2.15234375}, ""scoring_mode"": ""bias_corrected_choice_logits"", ""selected_short_label"": ""NO""}"
29,EleutherAI/pythia-1b,pythia,1b,stable_style_policy,bft_eval_02,critique,Give feedback on a student memo that is energetic and polite but hides the recommendation until the final line.,self_profile,HEDGE,hedge_density,1.0,0.0,0.0,1.0,NO,0.6001883149147034,",","{""raw_logit_scores"": {""YES"": 6.3984375, ""NO"": 4.7109375}, ""label_bias_scores"": {""YES"": 11.3203125, ""NO"": 9.2265625}, ""corrected_scores"": {""YES"": -4.921875, ""NO"": -4.515625}, ""scoring_mode"": ""bias_corrected_choice_logits"", ""selected_short_label"": ""NO""}"
29,EleutherAI/pythia-1b,pythia,1b,stable_style_policy,bft_eval_02,critique,Give feedback on a student memo that is energetic and polite but hides the recommendation until the final line.,self_profile,FIRST_PERSON,first_person_rate,1.0,0.0,1.0,0.0,NO,0.7631309032440186,",","{""raw_logit_scores"": {""YES"": 3.521484375, ""NO"": 2.59765625}, ""label_bias_scores"": {""YES"": 11.3203125, ""NO"": 9.2265625}, ""corrected_scores"": {""YES"": -7.798828125, ""NO"": -6.62890625}, ""scoring_mode"": ""bias_corrected_choice_logits"", ""selected_short_label"": ""NO""}"
29,EleutherAI/pythia-1b,pythia,1b,stable_style_policy,bft_eval_02,critique,Give feedback on a student memo that is energetic and polite but hides the recommendation until the final line.,self_profile,DIRECTIVE,directive_rate,1.0,0.0,0.0,1.0,NO,0.7162185907363892,the,"{""raw_logit_scores"": {""YES"": 7.21484375, ""NO"": 6.046875}, ""label_bias_scores"": {""YES"": 11.3203125, ""NO"": 9.2265625}, ""corrected_scores"": {""YES"": -4.10546875, ""NO"": -3.1796875}, ""scoring_mode"": ""bias_corrected_choice_logits"", ""selected_short_label"": ""NO""}"
29,EleutherAI/pythia-1b,pythia,1b,stable_style_policy,bft_eval_02,critique,Give feedback on a student memo that is energetic and polite but hides the recommendation until the final line.,matched_decoy,ELABORATE,avg_sentence_length,1.0,0.0,0.0,1.0,NO,0.6504672765731812,,"{""raw_logit_scores"": {""YES"": 8.578125, ""NO"": 7.10546875}, ""label_bias_scores"": {""YES"": 11.3203125, ""NO"": 9.2265625}, ""corrected_scores"": {""YES"": -2.7421875, ""NO"": -2.12109375}, ""scoring_mode"": ""bias_corrected_choice_logits"", ""selected_short_label"": ""NO""}"
29,EleutherAI/pythia-1b,pythia,1b,stable_style_policy,bft_eval_02,critique,Give feedback on a student memo that is energetic and polite but hides the recommendation until the final line.,matched_decoy,HEDGE,hedge_density,1.0,0.0,0.0,1.0,NO,0.6067315340042114,",","{""raw_logit_scores"": {""YES"": 6.375, ""NO"": 4.71484375}, ""label_bias_scores"": {""YES"": 11.3203125, ""NO"": 9.2265625}, ""corrected_scores"": {""YES"": -4.9453125, ""NO"": -4.51171875}, ""scoring_mode"": ""bias_corrected_choice_logits"", ""selected_short_label"": ""NO""}"
29,EleutherAI/pythia-1b,pythia,1b,stable_style_policy,bft_eval_02,critique,Give feedback on a student memo that is energetic and polite but hides the recommendation until the final line.,matched_decoy,FIRST_PERSON,first_person_rate,1.0,0.0,1.0,0.0,NO,0.7655933499336243,",","{""raw_logit_scores"": {""YES"": 3.544921875, ""NO"": 2.634765625}, ""label_bias_scores"": {""YES"": 11.3203125, ""NO"": 9.2265625}, ""corrected_scores"": {""YES"": -7.775390625, ""NO"": -6.591796875}, ""scoring_mode"": ""bias_corrected_choice_logits"", ""selected_short_label"": ""NO""}"
29,EleutherAI/pythia-1b,pythia,1b,stable_style_policy,bft_eval_02,critique,Give feedback on a student memo that is energetic and polite but hides the recommendation until the final line.,matched_decoy,DIRECTIVE,directive_rate,1.0,0.0,0.0,1.0,NO,0.7272012233734131,the,"{""raw_logit_scores"": {""YES"": 7.23046875, ""NO"": 6.1171875}, ""label_bias_scores"": {""YES"": 11.3203125, ""NO"": 9.2265625}, ""corrected_scores"": {""YES"": -4.08984375, ""NO"": -3.109375}, ""scoring_mode"": ""bias_corrected_choice_logits"", ""selected_short_label"": ""NO""}"
29,EleutherAI/pythia-1b,pythia,1b,stable_style_policy,bft_eval_02,critique,Give feedback on a student memo that is energetic and polite but hides the recommendation until the final line.,scrambled_profile,ELABORATE,avg_sentence_length,1.0,0.0,0.0,1.0,NO,0.6566582322120667,,"{""raw_logit_scores"": {""YES"": 8.4765625, ""NO"": 7.03125}, ""label_bias_scores"": {""YES"": 11.3203125, ""NO"": 9.2265625}, ""corrected_scores"": {""YES"": -2.84375, ""NO"": -2.1953125}, ""scoring_mode"": ""bias_corrected_choice_logits"", ""selected_short_label"": ""NO""}"
29,EleutherAI/pythia-1b,pythia,1b,stable_style_policy,bft_eval_02,critique,Give feedback on a student memo that is energetic and polite but hides the recommendation until the final line.,scrambled_profile,HEDGE,hedge_density,1.0,0.0,0.0,1.0,NO,0.6150878667831421,",","{""raw_logit_scores"": {""YES"": 6.3359375, ""NO"": 4.7109375}, ""label_bias_scores"": {""YES"": 11.3203125, ""NO"": 9.2265625}, ""corrected_scores"": {""YES"": -4.984375, ""NO"": -4.515625}, ""scoring_mode"": ""bias_corrected_choice_logits"", ""selected_short_label"": ""NO""}"
29,EleutherAI/pythia-1b,pythia,1b,stable_style_policy,bft_eval_02,critique,Give feedback on a student memo that is energetic and polite but hides the recommendation until the final line.,scrambled_profile,FIRST_PERSON,first_person_rate,1.0,0.0,1.0,0.0,NO,0.7701191902160645,",","{""raw_logit_scores"": {""YES"": 3.5, ""NO"": 2.615234375}, ""label_bias_scores"": {""YES"": 11.3203125, ""NO"": 9.2265625}, ""corrected_scores"": {""YES"": -7.8203125, ""NO"": -6.611328125}, ""scoring_mode"": ""bias_corrected_choice_logits"", ""selected_short_label"": ""NO""}"
29,EleutherAI/pythia-1b,pythia,1b,stable_style_policy,bft_eval_02,critique,Give feedback on a student memo that is energetic and polite but hides the recommendation until the final line.,scrambled_profile,DIRECTIVE,directive_rate,1.0,0.0,0.0,1.0,NO,0.7325918078422546,the,"{""raw_logit_scores"": {""YES"": 7.21484375, ""NO"": 6.12890625}, ""label_bias_scores"": {""YES"": 11.3203125, ""NO"": 9.2265625}, ""corrected_scores"": {""YES"": -4.10546875, ""NO"": -3.09765625}, ""scoring_mode"": ""bias_corrected_choice_logits"", ""selected_short_label"": ""NO""}"
29,EleutherAI/pythia-1b,pythia,1b,stable_style_policy,bft_eval_03,policy,Write a short policy note on how a museum team should document changes to exhibit labels during revision.,self_profile,ELABORATE,avg_sentence_length,1.0,0.0,1.0,0.0,NO,0.8820220232009888,,"{""raw_logit_scores"": {""YES"": 3.9921875, ""NO"": 3.91015625}, ""label_bias_scores"": {""YES"": 11.3203125, ""NO"": 9.2265625}, ""corrected_scores"": {""YES"": -7.328125, ""NO"": -5.31640625}, ""scoring_mode"": ""bias_corrected_choice_logits"", ""selected_short_label"": ""NO""}"
29,EleutherAI/pythia-1b,pythia,1b,stable_style_policy,bft_eval_03,policy,Write a short policy note on how a museum team should document changes to exhibit labels during revision.,self_profile,HEDGE,hedge_density,1.0,0.0,0.0,1.0,NO,0.8338664174079895,or,"{""raw_logit_scores"": {""YES"": 4.796875, ""NO"": 4.31640625}, ""label_bias_scores"": {""YES"": 11.3203125, ""NO"": 9.2265625}, ""corrected_scores"": {""YES"": -6.5234375, ""NO"": -4.91015625}, ""scoring_mode"": ""bias_corrected_choice_logits"", ""selected_short_label"": ""NO""}"
29,EleutherAI/pythia-1b,pythia,1b,stable_style_policy,bft_eval_03,policy,Write a short policy note on how a museum team should document changes to exhibit labels during revision.,self_profile,FIRST_PERSON,first_person_rate,1.0,0.0,1.0,0.0,NO,0.7937461733818054,mine,"{""raw_logit_scores"": {""YES"": 6.65625, ""NO"": 5.91015625}, ""label_bias_scores"": {""YES"": 11.3203125, ""NO"": 9.2265625}, ""corrected_scores"": {""YES"": -4.6640625, ""NO"": -3.31640625}, ""scoring_mode"": ""bias_corrected_choice_logits"", ""selected_short_label"": ""NO""}"
29,EleutherAI/pythia-1b,pythia,1b,stable_style_policy,bft_eval_03,policy,Write a short policy note on how a museum team should document changes to exhibit labels during revision.,self_profile,DIRECTIVE,directive_rate,1.0,1.0,1.0,1.0,YES,0.6029971241950989,answer,"{""raw_logit_scores"": {""YES"": 6.6328125, ""NO"": 4.12109375}, ""label_bias_scores"": {""YES"": 11.3203125, ""NO"": 9.2265625}, ""corrected_scores"": {""YES"": -4.6875, ""NO"": -5.10546875}, ""scoring_mode"": ""bias_corrected_choice_logits"", ""selected_short_label"": ""YES""}"
29,EleutherAI/pythia-1b,pythia,1b,stable_style_policy,bft_eval_03,policy,Write a short policy note on how a museum team should document changes to exhibit labels during revision.,matched_decoy,ELABORATE,avg_sentence_length,1.0,0.0,1.0,0.0,NO,0.8836382627487183,,"{""raw_logit_scores"": {""YES"": 3.98046875, ""NO"": 3.9140625}, ""label_bias_scores"": {""YES"": 11.3203125, ""NO"": 9.2265625}, ""corrected_scores"": {""YES"": -7.33984375, ""NO"": -5.3125}, ""scoring_mode"": ""bias_corrected_choice_logits"", ""selected_short_label"": ""NO""}"
29,EleutherAI/pythia-1b,pythia,1b,stable_style_policy,bft_eval_03,policy,Write a short policy note on how a museum team should document changes to exhibit labels during revision.,matched_decoy,HEDGE,hedge_density,1.0,0.0,0.0,1.0,NO,0.8305941224098206,or,"{""raw_logit_scores"": {""YES"": 4.8125, ""NO"": 4.30859375}, ""label_bias_scores"": {""YES"": 11.3203125, ""NO"": 9.2265625}, ""corrected_scores"": {""YES"": -6.5078125, ""NO"": -4.91796875}, ""scoring_mode"": ""bias_corrected_choice_logits"", ""selected_short_label"": ""NO""}"
29,EleutherAI/pythia-1b,pythia,1b,stable_style_policy,bft_eval_03,policy,Write a short policy note on how a museum team should document changes to exhibit labels during revision.,matched_decoy,FIRST_PERSON,first_person_rate,1.0,0.0,1.0,0.0,NO,0.7859664559364319,mine,"{""raw_logit_scores"": {""YES"": 6.70703125, ""NO"": 5.9140625}, ""label_bias_scores"": {""YES"": 11.3203125, ""NO"": 9.2265625}, ""corrected_scores"": {""YES"": -4.61328125, ""NO"": -3.3125}, ""scoring_mode"": ""bias_corrected_choice_logits"", ""selected_short_label"": ""NO""}"
29,EleutherAI/pythia-1b,pythia,1b,stable_style_policy,bft_eval_03,policy,Write a short policy note on how a museum team should document changes to exhibit labels during revision.,matched_decoy,DIRECTIVE,directive_rate,1.0,1.0,1.0,1.0,YES,0.6057990193367004,answer,"{""raw_logit_scores"": {""YES"": 6.66796875, ""NO"": 4.14453125}, ""label_bias_scores"": {""YES"": 11.3203125, ""NO"": 9.2265625}, ""corrected_scores"": {""YES"": -4.65234375, ""NO"": -5.08203125}, ""scoring_mode"": ""bias_corrected_choice_logits"", ""selected_short_label"": ""YES""}"
29,EleutherAI/pythia-1b,pythia,1b,stable_style_policy,bft_eval_03,policy,Write a short policy note on how a museum team should document changes to exhibit labels during revision.,scrambled_profile,ELABORATE,avg_sentence_length,1.0,0.0,1.0,0.0,NO,0.7057850360870361,,"{""raw_logit_scores"": {""YES"": 7.89453125, ""NO"": 6.67578125}, ""label_bias_scores"": {""YES"": 11.3203125, ""NO"": 9.2265625}, ""corrected_scores"": {""YES"": -3.42578125, ""NO"": -2.55078125}, ""scoring_mode"": ""bias_corrected_choice_logits"", ""selected_short_label"": ""NO""}"
29,EleutherAI/pythia-1b,pythia,1b,stable_style_policy,bft_eval_03,policy,Write a short policy note on how a museum team should document changes to exhibit labels during revision.,scrambled_profile,HEDGE,hedge_density,1.0,0.0,0.0,1.0,NO,0.5945512652397156,",","{""raw_logit_scores"": {""YES"": 5.93359375, ""NO"": 4.22265625}, ""label_bias_scores"": {""YES"": 11.3203125, ""NO"": 9.2265625}, ""corrected_scores"": {""YES"": -5.38671875, ""NO"": -5.00390625}, ""scoring_mode"": ""bias_corrected_choice_logits"", ""selected_short_label"": ""NO""}"
29,EleutherAI/pythia-1b,pythia,1b,stable_style_policy,bft_eval_03,policy,Write a short policy note on how a museum team should document changes to exhibit labels during revision.,scrambled_profile,FIRST_PERSON,first_person_rate,1.0,0.0,1.0,0.0,NO,0.7287483215332031,",","{""raw_logit_scores"": {""YES"": 2.8984375, ""NO"": 1.79296875}, ""label_bias_scores"": {""YES"": 11.3203125, ""NO"": 9.2265625}, ""corrected_scores"": {""YES"": -8.421875, ""NO"": -7.43359375}, ""scoring_mode"": ""bias_corrected_choice_logits"", ""selected_short_label"": ""NO""}"
29,EleutherAI/pythia-1b,pythia,1b,stable_style_policy,bft_eval_03,policy,Write a short policy note on how a museum team should document changes to exhibit labels during revision.,scrambled_profile,DIRECTIVE,directive_rate,1.0,0.0,1.0,0.0,NO,0.7606506943702698,what,"{""raw_logit_scores"": {""YES"": 7.0, ""NO"": 6.0625}, ""label_bias_scores"": {""YES"": 11.3203125, ""NO"": 9.2265625}, ""corrected_scores"": {""YES"": -4.3203125, ""NO"": -3.1640625}, ""scoring_mode"": ""bias_corrected_choice_logits"", ""selected_short_label"": ""NO""}"
29,EleutherAI/pythia-1b,pythia,1b,stable_style_policy,bft_eval_04,diagnosis,Diagnose why a paragraph feels intelligent and informed but still fails to tell the reader what matters most.,self_profile,ELABORATE,avg_sentence_length,1.0,0.0,1.0,0.0,NO,0.6918097138404846,,"{""raw_logit_scores"": {""YES"": 7.9453125, ""NO"": 6.66015625}, ""label_bias_scores"": {""YES"": 11.3203125, ""NO"": 9.2265625}, ""corrected_scores"": {""YES"": -3.375, ""NO"": -2.56640625}, ""scoring_mode"": ""bias_corrected_choice_logits"", ""selected_short_label"": ""NO""}"
29,EleutherAI/pythia-1b,pythia,1b,stable_style_policy,bft_eval_04,diagnosis,Diagnose why a paragraph feels intelligent and informed but still fails to tell the reader what matters most.,self_profile,HEDGE,hedge_density,1.0,0.0,1.0,0.0,NO,0.6001883149147034,",","{""raw_logit_scores"": {""YES"": 5.8671875, ""NO"": 4.1796875}, ""label_bias_scores"": {""YES"": 11.3203125, ""NO"": 9.2265625}, ""corrected_scores"": {""YES"": -5.453125, ""NO"": -5.046875}, ""scoring_mode"": ""bias_corrected_choice_logits"", ""selected_short_label"": ""NO""}"
29,EleutherAI/pythia-1b,pythia,1b,stable_style_policy,bft_eval_04,diagnosis,Diagnose why a paragraph feels intelligent and informed but still fails to tell the reader what matters most.,self_profile,FIRST_PERSON,first_person_rate,1.0,0.0,1.0,0.0,NO,0.6955448985099792,",","{""raw_logit_scores"": {""YES"": 3.279296875, ""NO"": 2.01171875}, ""label_bias_scores"": {""YES"": 11.3203125, ""NO"": 9.2265625}, ""corrected_scores"": {""YES"": -8.041015625, ""NO"": -7.21484375}, ""scoring_mode"": ""bias_corrected_choice_logits"", ""selected_short_label"": ""NO""}"
29,EleutherAI/pythia-1b,pythia,1b,stable_style_policy,bft_eval_04,diagnosis,Diagnose why a paragraph feels intelligent and informed but still fails to tell the reader what matters most.,self_profile,DIRECTIVE,directive_rate,1.0,0.0,0.0,1.0,NO,0.791176438331604,what,"{""raw_logit_scores"": {""YES"": 5.984375, ""NO"": 5.22265625}, ""label_bias_scores"": {""YES"": 11.3203125, ""NO"": 9.2265625}, ""corrected_scores"": {""YES"": -5.3359375, ""NO"": -4.00390625}, ""scoring_mode"": ""bias_corrected_choice_logits"", ""selected_short_label"": ""NO""}"
29,EleutherAI/pythia-1b,pythia,1b,stable_style_policy,bft_eval_04,diagnosis,Diagnose why a paragraph feels intelligent and informed but still fails to tell the reader what matters most.,matched_decoy,ELABORATE,avg_sentence_length,1.0,0.0,1.0,0.0,NO,0.6959583163261414,,"{""raw_logit_scores"": {""YES"": 7.94140625, ""NO"": 6.67578125}, ""label_bias_scores"": {""YES"": 11.3203125, ""NO"": 9.2265625}, ""corrected_scores"": {""YES"": -3.37890625, ""NO"": -2.55078125}, ""scoring_mode"": ""bias_corrected_choice_logits"", ""selected_short_label"": ""NO""}"
29,EleutherAI/pythia-1b,pythia,1b,stable_style_policy,bft_eval_04,diagnosis,Diagnose why a paragraph feels intelligent and informed but still fails to tell the reader what matters most.,matched_decoy,HEDGE,hedge_density,1.0,0.0,1.0,0.0,NO,0.6104534864425659,",","{""raw_logit_scores"": {""YES"": 5.83203125, ""NO"": 4.1875}, ""label_bias_scores"": {""YES"": 11.3203125, ""NO"": 9.2265625}, ""corrected_scores"": {""YES"": -5.48828125, ""NO"": -5.0390625}, ""scoring_mode"": ""bias_corrected_choice_logits"", ""selected_short_label"": ""NO""}"
29,EleutherAI/pythia-1b,pythia,1b,stable_style_policy,bft_eval_04,diagnosis,Diagnose why a paragraph feels intelligent and informed but still fails to tell the reader what matters most.,matched_decoy,FIRST_PERSON,first_person_rate,1.0,0.0,1.0,0.0,NO,0.6988435387611389,",","{""raw_logit_scores"": {""YES"": 3.28515625, ""NO"": 2.033203125}, ""label_bias_scores"": {""YES"": 11.3203125, ""NO"": 9.2265625}, ""corrected_scores"": {""YES"": -8.03515625, ""NO"": -7.193359375}, ""scoring_mode"": ""bias_corrected_choice_logits"", ""selected_short_label"": ""NO""}"
29,EleutherAI/pythia-1b,pythia,1b,stable_style_policy,bft_eval_04,diagnosis,Diagnose why a paragraph feels intelligent and informed but still fails to tell the reader what matters most.,matched_decoy,DIRECTIVE,directive_rate,1.0,0.0,0.0,1.0,NO,0.7950222492218018,what,"{""raw_logit_scores"": {""YES"": 6.01171875, ""NO"": 5.2734375}, ""label_bias_scores"": {""YES"": 11.3203125, ""NO"": 9.2265625}, ""corrected_scores"": {""YES"": -5.30859375, ""NO"": -3.953125}, ""scoring_mode"": ""bias_corrected_choice_logits"", ""selected_short_label"": ""NO""}"
29,EleutherAI/pythia-1b,pythia,1b,stable_style_policy,bft_eval_04,diagnosis,Diagnose why a paragraph feels intelligent and informed but still fails to tell the reader what matters most.,scrambled_profile,ELABORATE,avg_sentence_length,1.0,0.0,1.0,0.0,NO,0.8289388418197632,?,"{""raw_logit_scores"": {""YES"": 3.650390625, ""NO"": 3.134765625}, ""label_bias_scores"": {""YES"": 11.3203125, ""NO"": 9.2265625}, ""corrected_scores"": {""YES"": -7.669921875, ""NO"": -6.091796875}, ""scoring_mode"": ""bias_corrected_choice_logits"", ""selected_short_label"": ""NO""}"
29,EleutherAI/pythia-1b,pythia,1b,stable_style_policy,bft_eval_04,diagnosis,Diagnose why a paragraph feels intelligent and informed but still fails to tell the reader what matters most.,scrambled_profile,HEDGE,hedge_density,1.0,0.0,1.0,0.0,NO,0.9241418242454529,maybe,"{""raw_logit_scores"": {""YES"": 5.15234375, ""NO"": 5.55859375}, ""label_bias_scores"": {""YES"": 11.3203125, ""NO"": 9.2265625}, ""corrected_scores"": {""YES"": -6.16796875, ""NO"": -3.66796875}, ""scoring_mode"": ""bias_corrected_choice_logits"", ""selected_short_label"": ""NO""}"
29,EleutherAI/pythia-1b,pythia,1b,stable_style_policy,bft_eval_04,diagnosis,Diagnose why a paragraph feels intelligent and informed but still fails to tell the reader what matters most.,scrambled_profile,FIRST_PERSON,first_person_rate,1.0,0.0,1.0,0.0,NO,0.8459424376487732,me,"{""raw_logit_scores"": {""YES"": 5.390625, ""NO"": 5.0}, ""label_bias_scores"": {""YES"": 11.3203125, ""NO"": 9.2265625}, ""corrected_scores"": {""YES"": -5.9296875, ""NO"": -4.2265625}, ""scoring_mode"": ""bias_corrected_choice_logits"", ""selected_short_label"": ""NO""}"
29,EleutherAI/pythia-1b,pythia,1b,stable_style_policy,bft_eval_04,diagnosis,Diagnose why a paragraph feels intelligent and informed but still fails to tell the reader what matters most.,scrambled_profile,DIRECTIVE,directive_rate,1.0,0.0,0.0,1.0,NO,0.6592954993247986,a,"{""raw_logit_scores"": {""YES"": 6.16796875, ""NO"": 4.734375}, ""label_bias_scores"": {""YES"": 11.3203125, ""NO"": 9.2265625}, ""corrected_scores"": {""YES"": -5.15234375, ""NO"": -4.4921875}, ""scoring_mode"": ""bias_corrected_choice_logits"", ""selected_short_label"": ""NO""}"
29,EleutherAI/pythia-1b,pythia,1b,stable_style_policy,bft_eval_05,comparison,Compare an internal checklist and a polished postmortem as tools for preventing the same operational mistake twice.,self_profile,ELABORATE,avg_sentence_length,1.0,0.0,1.0,0.0,NO,0.9167081117630005,,"{""raw_logit_scores"": {""YES"": 4.125, ""NO"": 4.4296875}, ""label_bias_scores"": {""YES"": 11.3203125, ""NO"": 9.2265625}, ""corrected_scores"": {""YES"": -7.1953125, ""NO"": -4.796875}, ""scoring_mode"": ""bias_corrected_choice_logits"", ""selected_short_label"": ""NO""}"
29,EleutherAI/pythia-1b,pythia,1b,stable_style_policy,bft_eval_05,comparison,Compare an internal checklist and a polished postmortem as tools for preventing the same operational mistake twice.,self_profile,HEDGE,hedge_density,1.0,0.0,0.0,1.0,NO,0.8643104434013367,or,"{""raw_logit_scores"": {""YES"": 4.703125, ""NO"": 4.4609375}, ""label_bias_scores"": {""YES"": 11.3203125, ""NO"": 9.2265625}, ""corrected_scores"": {""YES"": -6.6171875, ""NO"": -4.765625}, ""scoring_mode"": ""bias_corrected_choice_logits"", ""selected_short_label"": ""NO""}"
29,EleutherAI/pythia-1b,pythia,1b,stable_style_policy,bft_eval_05,comparison,Compare an internal checklist and a polished postmortem as tools for preventing the same operational mistake twice.,self_profile,FIRST_PERSON,first_person_rate,1.0,0.0,0.0,1.0,NO,0.8031737804412842,mine,"{""raw_logit_scores"": {""YES"": 6.93359375, ""NO"": 6.24609375}, ""label_bias_scores"": {""YES"": 11.3203125, ""NO"": 9.2265625}, ""corrected_scores"": {""YES"": -4.38671875, ""NO"": -2.98046875}, ""scoring_mode"": ""bias_corrected_choice_logits"", ""selected_short_label"": ""NO""}"
29,EleutherAI/pythia-1b,pythia,1b,stable_style_policy,bft_eval_05,comparison,Compare an internal checklist and a polished postmortem as tools for preventing the same operational mistake twice.,self_profile,DIRECTIVE,directive_rate,1.0,1.0,1.0,1.0,YES,0.5832033753395081,answer,"{""raw_logit_scores"": {""YES"": 6.8046875, ""NO"": 4.375}, ""label_bias_scores"": {""YES"": 11.3203125, ""NO"": 9.2265625}, ""corrected_scores"": {""YES"": -4.515625, ""NO"": -4.8515625}, ""scoring_mode"": ""bias_corrected_choice_logits"", ""selected_short_label"": ""YES""}"
29,EleutherAI/pythia-1b,pythia,1b,stable_style_policy,bft_eval_05,comparison,Compare an internal checklist and a polished postmortem as tools for preventing the same operational mistake twice.,matched_decoy,ELABORATE,avg_sentence_length,1.0,0.0,1.0,0.0,NO,0.9167081117630005,,"{""raw_logit_scores"": {""YES"": 4.10546875, ""NO"": 4.41015625}, ""label_bias_scores"": {""YES"": 11.3203125, ""NO"": 9.2265625}, ""corrected_scores"": {""YES"": -7.21484375, ""NO"": -4.81640625}, ""scoring_mode"": ""bias_corrected_choice_logits"", ""selected_short_label"": ""NO""}"
29,EleutherAI/pythia-1b,pythia,1b,stable_style_policy,bft_eval_05,comparison,Compare an internal checklist and a polished postmortem as tools for preventing the same operational mistake twice.,matched_decoy,HEDGE,hedge_density,1.0,0.0,0.0,1.0,NO,0.863391637802124,or,"{""raw_logit_scores"": {""YES"": 4.703125, ""NO"": 4.453125}, ""label_bias_scores"": {""YES"": 11.3203125, ""NO"": 9.2265625}, ""corrected_scores"": {""YES"": -6.6171875, ""NO"": -4.7734375}, ""scoring_mode"": ""bias_corrected_choice_logits"", ""selected_short_label"": ""NO""}"
29,EleutherAI/pythia-1b,pythia,1b,stable_style_policy,bft_eval_05,comparison,Compare an internal checklist and a polished postmortem as tools for preventing the same operational mistake twice.,matched_decoy,FIRST_PERSON,first_person_rate,1.0,0.0,0.0,1.0,NO,0.7943849563598633,mine,"{""raw_logit_scores"": {""YES"": 6.984375, ""NO"": 6.2421875}, ""label_bias_scores"": {""YES"": 11.3203125, ""NO"": 9.2265625}, ""corrected_scores"": {""YES"": -4.3359375, ""NO"": -2.984375}, ""scoring_mode"": ""bias_corrected_choice_logits"", ""selected_short_label"": ""NO""}"
29,EleutherAI/pythia-1b,pythia,1b,stable_style_policy,bft_eval_05,comparison,Compare an internal checklist and a polished postmortem as tools for preventing the same operational mistake twice.,matched_decoy,DIRECTIVE,directive_rate,1.0,1.0,1.0,1.0,YES,0.5879431366920471,answer,"{""raw_logit_scores"": {""YES"": 6.84765625, ""NO"": 4.3984375}, ""label_bias_scores"": {""YES"": 11.3203125, ""NO"": 9.2265625}, ""corrected_scores"": {""YES"": -4.47265625, ""NO"": -4.828125}, ""scoring_mode"": ""bias_corrected_choice_logits"", ""selected_short_label"": ""YES""}"
29,EleutherAI/pythia-1b,pythia,1b,stable_style_policy,bft_eval_05,comparison,Compare an internal checklist and a polished postmortem as tools for preventing the same operational mistake twice.,scrambled_profile,ELABORATE,avg_sentence_length,1.0,0.0,1.0,0.0,NO,0.9193534255027771,,"{""raw_logit_scores"": {""YES"": 4.0546875, ""NO"": 4.39453125}, ""label_bias_scores"": {""YES"": 11.3203125, ""NO"": 9.2265625}, ""corrected_scores"": {""YES"": -7.265625, ""NO"": -4.83203125}, ""scoring_mode"": ""bias_corrected_choice_logits"", ""selected_short_label"": ""NO""}"
29,EleutherAI/pythia-1b,pythia,1b,stable_style_policy,bft_eval_05,comparison,Compare an internal checklist and a polished postmortem as tools for preventing the same operational mistake twice.,scrambled_profile,HEDGE,hedge_density,1.0,0.0,0.0,1.0,NO,0.863391637802124,or,"{""raw_logit_scores"": {""YES"": 4.70703125, ""NO"": 4.45703125}, ""label_bias_scores"": {""YES"": 11.3203125, ""NO"": 9.2265625}, ""corrected_scores"": {""YES"": -6.61328125, ""NO"": -4.76953125}, ""scoring_mode"": ""bias_corrected_choice_logits"", ""selected_short_label"": ""NO""}"
29,EleutherAI/pythia-1b,pythia,1b,stable_style_policy,bft_eval_05,comparison,Compare an internal checklist and a polished postmortem as tools for preventing the same operational mistake twice.,scrambled_profile,FIRST_PERSON,first_person_rate,1.0,0.0,0.0,1.0,NO,0.7872777581214905,mine,"{""raw_logit_scores"": {""YES"": 6.9921875, ""NO"": 6.20703125}, ""label_bias_scores"": {""YES"": 11.3203125, ""NO"": 9.2265625}, ""corrected_scores"": {""YES"": -4.328125, ""NO"": -3.01953125}, ""scoring_mode"": ""bias_corrected_choice_logits"", ""selected_short_label"": ""NO""}"
29,EleutherAI/pythia-1b,pythia,1b,stable_style_policy,bft_eval_05,comparison,Compare an internal checklist and a polished postmortem as tools for preventing the same operational mistake twice.,scrambled_profile,DIRECTIVE,directive_rate,1.0,1.0,1.0,1.0,YES,0.5832033753395081,answer,"{""raw_logit_scores"": {""YES"": 6.828125, ""NO"": 4.3984375}, ""label_bias_scores"": {""YES"": 11.3203125, ""NO"": 9.2265625}, ""corrected_scores"": {""YES"": -4.4921875, ""NO"": -4.828125}, ""scoring_mode"": ""bias_corrected_choice_logits"", ""selected_short_label"": ""YES""}"
29,EleutherAI/pythia-1b,pythia,1b,stable_style_policy,bft_eval_06,planning,Sketch a short plan for helping a student narrow a thesis topic without draining the curiosity out of it.,self_profile,ELABORATE,avg_sentence_length,1.0,0.0,1.0,0.0,NO,0.911337673664093,?,"{""raw_logit_scores"": {""YES"": 3.298828125, ""NO"": 3.53515625}, ""label_bias_scores"": {""YES"": 11.3203125, ""NO"": 9.2265625}, ""corrected_scores"": {""YES"": -8.021484375, ""NO"": -5.69140625}, ""scoring_mode"": ""bias_corrected_choice_logits"", ""selected_short_label"": ""NO""}"
29,EleutherAI/pythia-1b,pythia,1b,stable_style_policy,bft_eval_06,planning,Sketch a short plan for helping a student narrow a thesis topic without draining the curiosity out of it.,self_profile,HEDGE,hedge_density,1.0,0.0,0.0,1.0,NO,0.9479621648788452,maybe,"{""raw_logit_scores"": {""YES"": 5.5078125, ""NO"": 6.31640625}, ""label_bias_scores"": {""YES"": 11.3203125, ""NO"": 9.2265625}, ""corrected_scores"": {""YES"": -5.8125, ""NO"": -2.91015625}, ""scoring_mode"": ""bias_corrected_choice_logits"", ""selected_short_label"": ""NO""}"
29,EleutherAI/pythia-1b,pythia,1b,stable_style_policy,bft_eval_06,planning,Sketch a short plan for helping a student narrow a thesis topic without draining the curiosity out of it.,self_profile,FIRST_PERSON,first_person_rate,1.0,0.0,0.0,1.0,NO,0.875361442565918,and,"{""raw_logit_scores"": {""YES"": 5.37890625, ""NO"": 5.234375}, ""label_bias_scores"": {""YES"": 11.3203125, ""NO"": 9.2265625}, ""corrected_scores"": {""YES"": -5.94140625, ""NO"": -3.9921875}, ""scoring_mode"": ""bias_corrected_choice_logits"", ""selected_short_label"": ""NO""}"
29,EleutherAI/pythia-1b,pythia,1b,stable_style_policy,bft_eval_06,planning,Sketch a short plan for helping a student narrow a thesis topic without draining the curiosity out of it.,self_profile,DIRECTIVE,directive_rate,1.0,0.0,1.0,0.0,NO,0.6522414088249207,a,"{""raw_logit_scores"": {""YES"": 6.7265625, ""NO"": 5.26171875}, ""label_bias_scores"": {""YES"": 11.3203125, ""NO"": 9.2265625}, ""corrected_scores"": {""YES"": -4.59375, ""NO"": -3.96484375}, ""scoring_mode"": ""bias_corrected_choice_logits"", ""selected_short_label"": ""NO""}"
29,EleutherAI/pythia-1b,pythia,1b,stable_style_policy,bft_eval_06,planning,Sketch a short plan for helping a student narrow a thesis topic without draining the curiosity out of it.,matched_decoy,ELABORATE,avg_sentence_length,1.0,0.0,1.0,0.0,NO,0.9156582355499268,?,"{""raw_logit_scores"": {""YES"": 3.234375, ""NO"": 3.525390625}, ""label_bias_scores"": {""YES"": 11.3203125, ""NO"": 9.2265625}, ""corrected_scores"": {""YES"": -8.0859375, ""NO"": -5.701171875}, ""scoring_mode"": ""bias_corrected_choice_logits"", ""selected_short_label"": ""NO""}"
29,EleutherAI/pythia-1b,pythia,1b,stable_style_policy,bft_eval_06,planning,Sketch a short plan for helping a student narrow a thesis topic without draining the curiosity out of it.,matched_decoy,HEDGE,hedge_density,1.0,0.0,0.0,1.0,NO,0.9471859931945801,maybe,"{""raw_logit_scores"": {""YES"": 5.4921875, ""NO"": 6.28515625}, ""label_bias_scores"": {""YES"": 11.3203125, ""NO"": 9.2265625}, ""corrected_scores"": {""YES"": -5.828125, ""NO"": -2.94140625}, ""scoring_mode"": ""bias_corrected_choice_logits"", ""selected_short_label"": ""NO""}"
29,EleutherAI/pythia-1b,pythia,1b,stable_style_policy,bft_eval_06,planning,Sketch a short plan for helping a student narrow a thesis topic without draining the curiosity out of it.,matched_decoy,FIRST_PERSON,first_person_rate,1.0,0.0,0.0,1.0,NO,0.8705973029136658,me,"{""raw_logit_scores"": {""YES"": 5.3984375, ""NO"": 5.2109375}, ""label_bias_scores"": {""YES"": 11.3203125, ""NO"": 9.2265625}, ""corrected_scores"": {""YES"": -5.921875, ""NO"": -4.015625}, ""scoring_mode"": ""bias_corrected_choice_logits"", ""selected_short_label"": ""NO""}"
29,EleutherAI/pythia-1b,pythia,1b,stable_style_policy,bft_eval_06,planning,Sketch a short plan for helping a student narrow a thesis topic without draining the curiosity out of it.,matched_decoy,DIRECTIVE,directive_rate,1.0,0.0,1.0,0.0,NO,0.6504672765731812,a,"{""raw_logit_scores"": {""YES"": 6.765625, ""NO"": 5.29296875}, ""label_bias_scores"": {""YES"": 11.3203125, ""NO"": 9.2265625}, ""corrected_scores"": {""YES"": -4.5546875, ""NO"": -3.93359375}, ""scoring_mode"": ""bias_corrected_choice_logits"", ""selected_short_label"": ""NO""}"
29,EleutherAI/pythia-1b,pythia,1b,stable_style_policy,bft_eval_06,planning,Sketch a short plan for helping a student narrow a thesis topic without draining the curiosity out of it.,scrambled_profile,ELABORATE,avg_sentence_length,1.0,0.0,1.0,0.0,NO,0.9103862047195435,?,"{""raw_logit_scores"": {""YES"": 3.3203125, ""NO"": 3.544921875}, ""label_bias_scores"": {""YES"": 11.3203125, ""NO"": 9.2265625}, ""corrected_scores"": {""YES"": -8.0, ""NO"": -5.681640625}, ""scoring_mode"": ""bias_corrected_choice_logits"", ""selected_short_label"": ""NO""}"
29,EleutherAI/pythia-1b,pythia,1b,stable_style_policy,bft_eval_06,planning,Sketch a short plan for helping a student narrow a thesis topic without draining the curiosity out of it.,scrambled_profile,HEDGE,hedge_density,1.0,0.0,0.0,1.0,NO,0.9473810195922852,maybe,"{""raw_logit_scores"": {""YES"": 5.48046875, ""NO"": 6.27734375}, ""label_bias_scores"": {""YES"": 11.3203125, ""NO"": 9.2265625}, ""corrected_scores"": {""YES"": -5.83984375, ""NO"": -2.94921875}, ""scoring_mode"": ""bias_corrected_choice_logits"", ""selected_short_label"": ""NO""}"
29,EleutherAI/pythia-1b,pythia,1b,stable_style_policy,bft_eval_06,planning,Sketch a short plan for helping a student narrow a thesis topic without draining the curiosity out of it.,scrambled_profile,FIRST_PERSON,first_person_rate,1.0,0.0,0.0,1.0,NO,0.869714617729187,me,"{""raw_logit_scores"": {""YES"": 5.39453125, ""NO"": 5.19921875}, ""label_bias_scores"": {""YES"": 11.3203125, ""NO"": 9.2265625}, ""corrected_scores"": {""YES"": -5.92578125, ""NO"": -4.02734375}, ""scoring_mode"": ""bias_corrected_choice_logits"", ""selected_short_label"": ""NO""}"
29,EleutherAI/pythia-1b,pythia,1b,stable_style_policy,bft_eval_06,planning,Sketch a short plan for helping a student narrow a thesis topic without draining the curiosity out of it.,scrambled_profile,DIRECTIVE,directive_rate,1.0,0.0,1.0,0.0,NO,0.6486889719963074,a,"{""raw_logit_scores"": {""YES"": 6.74609375, ""NO"": 5.265625}, ""label_bias_scores"": {""YES"": 11.3203125, ""NO"": 9.2265625}, ""corrected_scores"": {""YES"": -4.57421875, ""NO"": -3.9609375}, ""scoring_mode"": ""bias_corrected_choice_logits"", ""selected_short_label"": ""NO""}"
29,EleutherAI/pythia-1b,pythia,1b,stable_style_policy,bft_eval_07,rewrite,Rewrite this rough instruction into something more useful to a teammate: 'Probably check the assumptions and logs before changing the code again.',self_profile,ELABORATE,avg_sentence_length,1.0,0.0,0.0,1.0,NO,0.990085244178772,than,"{""raw_logit_scores"": {""YES"": 0.075927734375, ""NO"": 2.5859375}, ""label_bias_scores"": {""YES"": 11.3203125, ""NO"": 9.2265625}, ""corrected_scores"": {""YES"": -11.244384765625, ""NO"": -6.640625}, ""scoring_mode"": ""bias_corrected_choice_logits"", ""selected_short_label"": ""NO""}"
29,EleutherAI/pythia-1b,pythia,1b,stable_style_policy,bft_eval_07,rewrite,Rewrite this rough instruction into something more useful to a teammate: 'Probably check the assumptions and logs before changing the code again.',self_profile,HEDGE,hedge_density,1.0,0.0,0.0,1.0,NO,0.9766636490821838,?,"{""raw_logit_scores"": {""YES"": 0.468994140625, ""NO"": 2.109375}, ""label_bias_scores"": {""YES"": 11.3203125, ""NO"": 9.2265625}, ""corrected_scores"": {""YES"": -10.851318359375, ""NO"": -7.1171875}, ""scoring_mode"": ""bias_corrected_choice_logits"", ""selected_short_label"": ""NO""}"
29,EleutherAI/pythia-1b,pythia,1b,stable_style_policy,bft_eval_07,rewrite,Rewrite this rough instruction into something more useful to a teammate: 'Probably check the assumptions and logs before changing the code again.',self_profile,FIRST_PERSON,first_person_rate,1.0,0.0,1.0,0.0,NO,0.9665212631225586,as,"{""raw_logit_scores"": {""YES"": 0.72509765625, ""NO"": 1.994140625}, ""label_bias_scores"": {""YES"": 11.3203125, ""NO"": 9.2265625}, ""corrected_scores"": {""YES"": -10.59521484375, ""NO"": -7.232421875}, ""scoring_mode"": ""bias_corrected_choice_logits"", ""selected_short_label"": ""NO""}"
29,EleutherAI/pythia-1b,pythia,1b,stable_style_policy,bft_eval_07,rewrite,Rewrite this rough instruction into something more useful to a teammate: 'Probably check the assumptions and logs before changing the code again.',self_profile,DIRECTIVE,directive_rate,1.0,0.0,1.0,0.0,NO,0.8844391107559204,?,"{""raw_logit_scores"": {""YES"": 2.494140625, ""NO"": 2.435546875}, ""label_bias_scores"": {""YES"": 11.3203125, ""NO"": 9.2265625}, ""corrected_scores"": {""YES"": -8.826171875, ""NO"": -6.791015625}, ""scoring_mode"": ""bias_corrected_choice_logits"", ""selected_short_label"": ""NO""}"
29,EleutherAI/pythia-1b,pythia,1b,stable_style_policy,bft_eval_07,rewrite,Rewrite this rough instruction into something more useful to a teammate: 'Probably check the assumptions and logs before changing the code again.',matched_decoy,ELABORATE,avg_sentence_length,1.0,0.0,0.0,1.0,NO,0.9900280833244324,than,"{""raw_logit_scores"": {""YES"": 0.07391357421875, ""NO"": 2.578125}, ""label_bias_scores"": {""YES"": 11.3203125, ""NO"": 9.2265625}, ""corrected_scores"": {""YES"": -11.24639892578125, ""NO"": -6.6484375}, ""scoring_mode"": ""bias_corrected_choice_logits"", ""selected_short_label"": ""NO""}"
29,EleutherAI/pythia-1b,pythia,1b,stable_style_policy,bft_eval_07,rewrite,Rewrite this rough instruction into something more useful to a teammate: 'Probably check the assumptions and logs before changing the code again.',matched_decoy,HEDGE,hedge_density,1.0,0.0,0.0,1.0,NO,0.9765409827232361,?,"{""raw_logit_scores"": {""YES"": 0.466552734375, ""NO"": 2.1015625}, ""label_bias_scores"": {""YES"": 11.3203125, ""NO"": 9.2265625}, ""corrected_scores"": {""YES"": -10.853759765625, ""NO"": -7.125}, ""scoring_mode"": ""bias_corrected_choice_logits"", ""selected_short_label"": ""NO""}"
29,EleutherAI/pythia-1b,pythia,1b,stable_style_policy,bft_eval_07,rewrite,Rewrite this rough instruction into something more useful to a teammate: 'Probably check the assumptions and logs before changing the code again.',matched_decoy,FIRST_PERSON,first_person_rate,1.0,0.0,1.0,0.0,NO,0.9672405123710632,as,"{""raw_logit_scores"": {""YES"": 0.73388671875, ""NO"": 2.025390625}, ""label_bias_scores"": {""YES"": 11.3203125, ""NO"": 9.2265625}, ""corrected_scores"": {""YES"": -10.58642578125, ""NO"": -7.201171875}, ""scoring_mode"": ""bias_corrected_choice_logits"", ""selected_short_label"": ""NO""}"
29,EleutherAI/pythia-1b,pythia,1b,stable_style_policy,bft_eval_07,rewrite,Rewrite this rough instruction into something more useful to a teammate: 'Probably check the assumptions and logs before changing the code again.',matched_decoy,DIRECTIVE,directive_rate,1.0,0.0,1.0,0.0,NO,0.8816148638725281,?,"{""raw_logit_scores"": {""YES"": 2.51171875, ""NO"": 2.42578125}, ""label_bias_scores"": {""YES"": 11.3203125, ""NO"": 9.2265625}, ""corrected_scores"": {""YES"": -8.80859375, ""NO"": -6.80078125}, ""scoring_mode"": ""bias_corrected_choice_logits"", ""selected_short_label"": ""NO""}"
29,EleutherAI/pythia-1b,pythia,1b,stable_style_policy,bft_eval_07,rewrite,Rewrite this rough instruction into something more useful to a teammate: 'Probably check the assumptions and logs before changing the code again.',scrambled_profile,ELABORATE,avg_sentence_length,1.0,0.0,0.0,1.0,NO,0.9092645049095154,to,"{""raw_logit_scores"": {""YES"": 3.12109375, ""NO"": 3.33203125}, ""label_bias_scores"": {""YES"": 11.3203125, ""NO"": 9.2265625}, ""corrected_scores"": {""YES"": -8.19921875, ""NO"": -5.89453125}, ""scoring_mode"": ""bias_corrected_choice_logits"", ""selected_short_label"": ""NO""}"
29,EleutherAI/pythia-1b,pythia,1b,stable_style_policy,bft_eval_07,rewrite,Rewrite this rough instruction into something more useful to a teammate: 'Probably check the assumptions and logs before changing the code again.',scrambled_profile,HEDGE,hedge_density,1.0,0.0,0.0,1.0,NO,0.9642373919487,direct,"{""raw_logit_scores"": {""YES"": 0.55517578125, ""NO"": 1.755859375}, ""label_bias_scores"": {""YES"": 11.3203125, ""NO"": 9.2265625}, ""corrected_scores"": {""YES"": -10.76513671875, ""NO"": -7.470703125}, ""scoring_mode"": ""bias_corrected_choice_logits"", ""selected_short_label"": ""NO""}"
29,EleutherAI/pythia-1b,pythia,1b,stable_style_policy,bft_eval_07,rewrite,Rewrite this rough instruction into something more useful to a teammate: 'Probably check the assumptions and logs before changing the code again.',scrambled_profile,FIRST_PERSON,first_person_rate,1.0,0.0,1.0,0.0,NO,0.8000679016113281,?,"{""raw_logit_scores"": {""YES"": 5.18359375, ""NO"": 4.4765625}, ""label_bias_scores"": {""YES"": 11.3203125, ""NO"": 9.2265625}, ""corrected_scores"": {""YES"": -6.13671875, ""NO"": -4.75}, ""scoring_mode"": ""bias_corrected_choice_logits"", ""selected_short_label"": ""NO""}"
29,EleutherAI/pythia-1b,pythia,1b,stable_style_policy,bft_eval_07,rewrite,Rewrite this rough instruction into something more useful to a teammate: 'Probably check the assumptions and logs before changing the code again.',scrambled_profile,DIRECTIVE,directive_rate,1.0,0.0,1.0,0.0,NO,0.7987760901451111,atives,"{""raw_logit_scores"": {""YES"": 0.307861328125, ""NO"": -0.4072265625}, ""label_bias_scores"": {""YES"": 11.3203125, ""NO"": 9.2265625}, ""corrected_scores"": {""YES"": -11.012451171875, ""NO"": -9.6337890625}, ""scoring_mode"": ""bias_corrected_choice_logits"", ""selected_short_label"": ""NO""}"
29,EleutherAI/pythia-1b,pythia,1b,stable_style_policy,bft_eval_08,judgment,"Decide whether office hours help students mainly by clarifying content, lowering avoidance, or creating accountability, and explain your judgment.",self_profile,ELABORATE,avg_sentence_length,1.0,0.0,1.0,0.0,NO,0.930962085723877,a,"{""raw_logit_scores"": {""YES"": 1.884765625, ""NO"": 2.392578125}, ""label_bias_scores"": {""YES"": 11.3203125, ""NO"": 9.2265625}, ""corrected_scores"": {""YES"": -9.435546875, ""NO"": -6.833984375}, ""scoring_mode"": ""bias_corrected_choice_logits"", ""selected_short_label"": ""NO""}"
29,EleutherAI/pythia-1b,pythia,1b,stable_style_policy,bft_eval_08,judgment,"Decide whether office hours help students mainly by clarifying content, lowering avoidance, or creating accountability, and explain your judgment.",self_profile,HEDGE,hedge_density,1.0,0.0,0.0,1.0,NO,0.9014011025428772,?,"{""raw_logit_scores"": {""YES"": 3.259765625, ""NO"": 3.37890625}, ""label_bias_scores"": {""YES"": 11.3203125, ""NO"": 9.2265625}, ""corrected_scores"": {""YES"": -8.060546875, ""NO"": -5.84765625}, ""scoring_mode"": ""bias_corrected_choice_logits"", ""selected_short_label"": ""NO""}"
29,EleutherAI/pythia-1b,pythia,1b,stable_style_policy,bft_eval_08,judgment,"Decide whether office hours help students mainly by clarifying content, lowering avoidance, or creating accountability, and explain your judgment.",self_profile,FIRST_PERSON,first_person_rate,1.0,0.0,0.0,1.0,NO,0.6118459105491638,"""","{""raw_logit_scores"": {""YES"": 5.27734375, ""NO"": 3.638671875}, ""label_bias_scores"": {""YES"": 11.3203125, ""NO"": 9.2265625}, ""corrected_scores"": {""YES"": -6.04296875, ""NO"": -5.587890625}, ""scoring_mode"": ""bias_corrected_choice_logits"", ""selected_short_label"": ""NO""}"
29,EleutherAI/pythia-1b,pythia,1b,stable_style_policy,bft_eval_08,judgment,"Decide whether office hours help students mainly by clarifying content, lowering avoidance, or creating accountability, and explain your judgment.",self_profile,DIRECTIVE,directive_rate,1.0,0.0,1.0,0.0,NO,0.8469578623771667,,"{""raw_logit_scores"": {""YES"": 6.65234375, ""NO"": 6.26953125}, ""label_bias_scores"": {""YES"": 11.3203125, ""NO"": 9.2265625}, ""corrected_scores"": {""YES"": -4.66796875, ""NO"": -2.95703125}, ""scoring_mode"": ""bias_corrected_choice_logits"", ""selected_short_label"": ""NO""}"
29,EleutherAI/pythia-1b,pythia,1b,stable_style_policy,bft_eval_08,judgment,"Decide whether office hours help students mainly by clarifying content, lowering avoidance, or creating accountability, and explain your judgment.",matched_decoy,ELABORATE,avg_sentence_length,1.0,0.0,1.0,0.0,NO,0.9305214285850525,a,"{""raw_logit_scores"": {""YES"": 1.8583984375, ""NO"": 2.359375}, ""label_bias_scores"": {""YES"": 11.3203125, ""NO"": 9.2265625}, ""corrected_scores"": {""YES"": -9.4619140625, ""NO"": -6.8671875}, ""scoring_mode"": ""bias_corrected_choice_logits"", ""selected_short_label"": ""NO""}"
29,EleutherAI/pythia-1b,pythia,1b,stable_style_policy,bft_eval_08,judgment,"Decide whether office hours help students mainly by clarifying content, lowering avoidance, or creating accountability, and explain your judgment.",matched_decoy,HEDGE,hedge_density,1.0,0.0,0.0,1.0,NO,0.9036349058151245,?,"{""raw_logit_scores"": {""YES"": 3.240234375, ""NO"": 3.384765625}, ""label_bias_scores"": {""YES"": 11.3203125, ""NO"": 9.2265625}, ""corrected_scores"": {""YES"": -8.080078125, ""NO"": -5.841796875}, ""scoring_mode"": ""bias_corrected_choice_logits"", ""selected_short_label"": ""NO""}"
29,EleutherAI/pythia-1b,pythia,1b,stable_style_policy,bft_eval_08,judgment,"Decide whether office hours help students mainly by clarifying content, lowering avoidance, or creating accountability, and explain your judgment.",matched_decoy,FIRST_PERSON,first_person_rate,1.0,0.0,0.0,1.0,NO,0.6001883149147034,"""","{""raw_logit_scores"": {""YES"": 5.29296875, ""NO"": 3.60546875}, ""label_bias_scores"": {""YES"": 11.3203125, ""NO"": 9.2265625}, ""corrected_scores"": {""YES"": -6.02734375, ""NO"": -5.62109375}, ""scoring_mode"": ""bias_corrected_choice_logits"", ""selected_short_label"": ""NO""}"
29,EleutherAI/pythia-1b,pythia,1b,stable_style_policy,bft_eval_08,judgment,"Decide whether office hours help students mainly by clarifying content, lowering avoidance, or creating accountability, and explain your judgment.",matched_decoy,DIRECTIVE,directive_rate,1.0,0.0,1.0,0.0,NO,0.8459424376487732,,"{""raw_logit_scores"": {""YES"": 6.65234375, ""NO"": 6.26171875}, ""label_bias_scores"": {""YES"": 11.3203125, ""NO"": 9.2265625}, ""corrected_scores"": {""YES"": -4.66796875, ""NO"": -2.96484375}, ""scoring_mode"": ""bias_corrected_choice_logits"", ""selected_short_label"": ""NO""}"
29,EleutherAI/pythia-1b,pythia,1b,stable_style_policy,bft_eval_08,judgment,"Decide whether office hours help students mainly by clarifying content, lowering avoidance, or creating accountability, and explain your judgment.",scrambled_profile,ELABORATE,avg_sentence_length,1.0,0.0,1.0,0.0,NO,0.9822195768356323,than,"{""raw_logit_scores"": {""YES"": 0.41796875, ""NO"": 2.3359375}, ""label_bias_scores"": {""YES"": 11.3203125, ""NO"": 9.2265625}, ""corrected_scores"": {""YES"": -10.90234375, ""NO"": -6.890625}, ""scoring_mode"": ""bias_corrected_choice_logits"", ""selected_short_label"": ""NO""}"
29,EleutherAI/pythia-1b,pythia,1b,stable_style_policy,bft_eval_08,judgment,"Decide whether office hours help students mainly by clarifying content, lowering avoidance, or creating accountability, and explain your judgment.",scrambled_profile,HEDGE,hedge_density,1.0,0.0,0.0,1.0,NO,0.9776392579078674,?,"{""raw_logit_scores"": {""YES"": 0.74560546875, ""NO"": 2.4296875}, ""label_bias_scores"": {""YES"": 11.3203125, ""NO"": 9.2265625}, ""corrected_scores"": {""YES"": -10.57470703125, ""NO"": -6.796875}, ""scoring_mode"": ""bias_corrected_choice_logits"", ""selected_short_label"": ""NO""}"
29,EleutherAI/pythia-1b,pythia,1b,stable_style_policy,bft_eval_08,judgment,"Decide whether office hours help students mainly by clarifying content, lowering avoidance, or creating accountability, and explain your judgment.",scrambled_profile,FIRST_PERSON,first_person_rate,1.0,0.0,0.0,1.0,NO,0.9716985821723938,as,"{""raw_logit_scores"": {""YES"": 1.3388671875, ""NO"": 2.78125}, ""label_bias_scores"": {""YES"": 11.3203125, ""NO"": 9.2265625}, ""corrected_scores"": {""YES"": -9.9814453125, ""NO"": -6.4453125}, ""scoring_mode"": ""bias_corrected_choice_logits"", ""selected_short_label"": ""NO""}"
29,EleutherAI/pythia-1b,pythia,1b,stable_style_policy,bft_eval_08,judgment,"Decide whether office hours help students mainly by clarifying content, lowering avoidance, or creating accountability, and explain your judgment.",scrambled_profile,DIRECTIVE,directive_rate,1.0,0.0,1.0,0.0,NO,0.9237300753593445,?,"{""raw_logit_scores"": {""YES"": 2.126953125, ""NO"": 2.52734375}, ""label_bias_scores"": {""YES"": 11.3203125, ""NO"": 9.2265625}, ""corrected_scores"": {""YES"": -9.193359375, ""NO"": -6.69921875}, ""scoring_mode"": ""bias_corrected_choice_logits"", ""selected_short_label"": ""NO""}"
31,EleutherAI/pythia-1b,pythia,1b,stable_style_policy,bft_eval_01,triage,A small lab keeps discovering conflicting spreadsheet versions after each handoff. What should the team do in the next day?,self_profile,ELABORATE,avg_sentence_length,1.0,0.0,0.0,1.0,NO,0.9523309469223022,se,"{""raw_logit_scores"": {""YES"": -1.546875, ""NO"": -0.64599609375}, ""label_bias_scores"": {""YES"": 11.3203125, ""NO"": 9.2265625}, ""corrected_scores"": {""YES"": -12.8671875, ""NO"": -9.87255859375}, ""scoring_mode"": ""bias_corrected_choice_logits"", ""selected_short_label"": ""NO""}"
31,EleutherAI/pythia-1b,pythia,1b,stable_style_policy,bft_eval_01,triage,A small lab keeps discovering conflicting spreadsheet versions after each handoff. What should the team do in the next day?,self_profile,HEDGE,hedge_density,1.0,0.0,0.0,1.0,NO,0.9284088015556335,"""","{""raw_logit_scores"": {""YES"": 4.78515625, ""NO"": 5.25390625}, ""label_bias_scores"": {""YES"": 11.3203125, ""NO"": 9.2265625}, ""corrected_scores"": {""YES"": -6.53515625, ""NO"": -3.97265625}, ""scoring_mode"": ""bias_corrected_choice_logits"", ""selected_short_label"": ""NO""}"
31,EleutherAI/pythia-1b,pythia,1b,stable_style_policy,bft_eval_01,triage,A small lab keeps discovering conflicting spreadsheet versions after each handoff. What should the team do in the next day?,self_profile,FIRST_PERSON,first_person_rate,1.0,0.0,0.0,1.0,NO,0.8529354929924011,me,"{""raw_logit_scores"": {""YES"": 6.6640625, ""NO"": 6.328125}, ""label_bias_scores"": {""YES"": 11.3203125, ""NO"": 9.2265625}, ""corrected_scores"": {""YES"": -4.65625, ""NO"": -2.8984375}, ""scoring_mode"": ""bias_corrected_choice_logits"", ""selected_short_label"": ""NO""}"
31,EleutherAI/pythia-1b,pythia,1b,stable_style_policy,bft_eval_01,triage,A small lab keeps discovering conflicting spreadsheet versions after each handoff. What should the team do in the next day?,self_profile,DIRECTIVE,directive_rate,1.0,0.0,0.0,1.0,NO,0.8770562410354614,Behavior,"{""raw_logit_scores"": {""YES"": 7.15234375, ""NO"": 7.0234375}, ""label_bias_scores"": {""YES"": 11.3203125, ""NO"": 9.2265625}, ""corrected_scores"": {""YES"": -4.16796875, ""NO"": -2.203125}, ""scoring_mode"": ""bias_corrected_choice_logits"", ""selected_short_label"": ""NO""}"
31,EleutherAI/pythia-1b,pythia,1b,stable_style_policy,bft_eval_01,triage,A small lab keeps discovering conflicting spreadsheet versions after each handoff. What should the team do in the next day?,matched_decoy,ELABORATE,avg_sentence_length,1.0,0.0,0.0,1.0,NO,0.6834195256233215,simple,"{""raw_logit_scores"": {""YES"": 3.9140625, ""NO"": 2.58984375}, ""label_bias_scores"": {""YES"": 11.3203125, ""NO"": 9.2265625}, ""corrected_scores"": {""YES"": -7.40625, ""NO"": -6.63671875}, ""scoring_mode"": ""bias_corrected_choice_logits"", ""selected_short_label"": ""NO""}"
31,EleutherAI/pythia-1b,pythia,1b,stable_style_policy,bft_eval_01,triage,A small lab keeps discovering conflicting spreadsheet versions after each handoff. What should the team do in the next day?,matched_decoy,HEDGE,hedge_density,1.0,0.0,0.0,1.0,NO,0.9819532632827759,as,"{""raw_logit_scores"": {""YES"": 0.59326171875, ""NO"": 2.49609375}, ""label_bias_scores"": {""YES"": 11.3203125, ""NO"": 9.2265625}, ""corrected_scores"": {""YES"": -10.72705078125, ""NO"": -6.73046875}, ""scoring_mode"": ""bias_corrected_choice_logits"", ""selected_short_label"": ""NO""}"
31,EleutherAI/pythia-1b,pythia,1b,stable_style_policy,bft_eval_01,triage,A small lab keeps discovering conflicting spreadsheet versions after each handoff. What should the team do in the next day?,matched_decoy,FIRST_PERSON,first_person_rate,1.0,0.0,0.0,1.0,NO,0.722527027130127,",","{""raw_logit_scores"": {""YES"": 5.33984375, ""NO"": 4.203125}, ""label_bias_scores"": {""YES"": 11.3203125, ""NO"": 9.2265625}, ""corrected_scores"": {""YES"": -5.98046875, ""NO"": -5.0234375}, ""scoring_mode"": ""bias_corrected_choice_logits"", ""selected_short_label"": ""NO""}"
31,EleutherAI/pythia-1b,pythia,1b,stable_style_policy,bft_eval_01,triage,A small lab keeps discovering conflicting spreadsheet versions after each handoff. What should the team do in the next day?,matched_decoy,DIRECTIVE,directive_rate,1.0,0.0,0.0,1.0,NO,0.8647679686546326,,"{""raw_logit_scores"": {""YES"": 4.67578125, ""NO"": 4.4375}, ""label_bias_scores"": {""YES"": 11.3203125, ""NO"": 9.2265625}, ""corrected_scores"": {""YES"": -6.64453125, ""NO"": -4.7890625}, ""scoring_mode"": ""bias_corrected_choice_logits"", ""selected_short_label"": ""NO""}"
31,EleutherAI/pythia-1b,pythia,1b,stable_style_policy,bft_eval_01,triage,A small lab keeps discovering conflicting spreadsheet versions after each handoff. What should the team do in the next day?,scrambled_profile,ELABORATE,avg_sentence_length,1.0,0.0,0.0,1.0,NO,0.9519079327583313,se,"{""raw_logit_scores"": {""YES"": -1.5302734375, ""NO"": -0.638671875}, ""label_bias_scores"": {""YES"": 11.3203125, ""NO"": 9.2265625}, ""corrected_scores"": {""YES"": -12.8505859375, ""NO"": -9.865234375}, ""scoring_mode"": ""bias_corrected_choice_logits"", ""selected_short_label"": ""NO""}"
31,EleutherAI/pythia-1b,pythia,1b,stable_style_policy,bft_eval_01,triage,A small lab keeps discovering conflicting spreadsheet versions after each handoff. What should the team do in the next day?,scrambled_profile,HEDGE,hedge_density,1.0,0.0,0.0,1.0,NO,0.9268352389335632,"""","{""raw_logit_scores"": {""YES"": 4.75390625, ""NO"": 5.19921875}, ""label_bias_scores"": {""YES"": 11.3203125, ""NO"": 9.2265625}, ""corrected_scores"": {""YES"": -6.56640625, ""NO"": -4.02734375}, ""scoring_mode"": ""bias_corrected_choice_logits"", ""selected_short_label"": ""NO""}"
31,EleutherAI/pythia-1b,pythia,1b,stable_style_policy,bft_eval_01,triage,A small lab keeps discovering conflicting spreadsheet versions after each handoff. What should the team do in the next day?,scrambled_profile,FIRST_PERSON,first_person_rate,1.0,0.0,0.0,1.0,NO,0.8543993234634399,me,"{""raw_logit_scores"": {""YES"": 6.609375, ""NO"": 6.28515625}, ""label_bias_scores"": {""YES"": 11.3203125, ""NO"": 9.2265625}, ""corrected_scores"": {""YES"": -4.7109375, ""NO"": -2.94140625}, ""scoring_mode"": ""bias_corrected_choice_logits"", ""selected_short_label"": ""NO""}"
31,EleutherAI/pythia-1b,pythia,1b,stable_style_policy,bft_eval_01,triage,A small lab keeps discovering conflicting spreadsheet versions after each handoff. What should the team do in the next day?,scrambled_profile,DIRECTIVE,directive_rate,1.0,0.0,0.0,1.0,NO,0.8762113451957703,Behavior,"{""raw_logit_scores"": {""YES"": 7.1640625, ""NO"": 7.02734375}, ""label_bias_scores"": {""YES"": 11.3203125, ""NO"": 9.2265625}, ""corrected_scores"": {""YES"": -4.15625, ""NO"": -2.19921875}, ""scoring_mode"": ""bias_corrected_choice_logits"", ""selected_short_label"": ""NO""}"
31,EleutherAI/pythia-1b,pythia,1b,stable_style_policy,bft_eval_02,critique,Give feedback on a student memo that is energetic and polite but hides the recommendation until the final line.,self_profile,ELABORATE,avg_sentence_length,1.0,0.0,1.0,0.0,NO,0.6504672765731812,,"{""raw_logit_scores"": {""YES"": 8.578125, ""NO"": 7.10546875}, ""label_bias_scores"": {""YES"": 11.3203125, ""NO"": 9.2265625}, ""corrected_scores"": {""YES"": -2.7421875, ""NO"": -2.12109375}, ""scoring_mode"": ""bias_corrected_choice_logits"", ""selected_short_label"": ""NO""}"
31,EleutherAI/pythia-1b,pythia,1b,stable_style_policy,bft_eval_02,critique,Give feedback on a student memo that is energetic and polite but hides the recommendation until the final line.,self_profile,HEDGE,hedge_density,1.0,0.0,0.0,1.0,NO,0.6067315340042114,",","{""raw_logit_scores"": {""YES"": 6.375, ""NO"": 4.71484375}, ""label_bias_scores"": {""YES"": 11.3203125, ""NO"": 9.2265625}, ""corrected_scores"": {""YES"": -4.9453125, ""NO"": -4.51171875}, ""scoring_mode"": ""bias_corrected_choice_logits"", ""selected_short_label"": ""NO""}"
31,EleutherAI/pythia-1b,pythia,1b,stable_style_policy,bft_eval_02,critique,Give feedback on a student memo that is energetic and polite but hides the recommendation until the final line.,self_profile,FIRST_PERSON,first_person_rate,1.0,0.0,1.0,0.0,NO,0.7655933499336243,",","{""raw_logit_scores"": {""YES"": 3.544921875, ""NO"": 2.634765625}, ""label_bias_scores"": {""YES"": 11.3203125, ""NO"": 9.2265625}, ""corrected_scores"": {""YES"": -7.775390625, ""NO"": -6.591796875}, ""scoring_mode"": ""bias_corrected_choice_logits"", ""selected_short_label"": ""NO""}"
31,EleutherAI/pythia-1b,pythia,1b,stable_style_policy,bft_eval_02,critique,Give feedback on a student memo that is energetic and polite but hides the recommendation until the final line.,self_profile,DIRECTIVE,directive_rate,1.0,0.0,1.0,0.0,NO,0.7272012233734131,the,"{""raw_logit_scores"": {""YES"": 7.23046875, ""NO"": 6.1171875}, ""label_bias_scores"": {""YES"": 11.3203125, ""NO"": 9.2265625}, ""corrected_scores"": {""YES"": -4.08984375, ""NO"": -3.109375}, ""scoring_mode"": ""bias_corrected_choice_logits"", ""selected_short_label"": ""NO""}"
31,EleutherAI/pythia-1b,pythia,1b,stable_style_policy,bft_eval_02,critique,Give feedback on a student memo that is energetic and polite but hides the recommendation until the final line.,matched_decoy,ELABORATE,avg_sentence_length,1.0,0.0,1.0,0.0,NO,0.869714617729187,?,"{""raw_logit_scores"": {""YES"": 4.546875, ""NO"": 4.3515625}, ""label_bias_scores"": {""YES"": 11.3203125, ""NO"": 9.2265625}, ""corrected_scores"": {""YES"": -6.7734375, ""NO"": -4.875}, ""scoring_mode"": ""bias_corrected_choice_logits"", ""selected_short_label"": ""NO""}"
31,EleutherAI/pythia-1b,pythia,1b,stable_style_policy,bft_eval_02,critique,Give feedback on a student memo that is energetic and polite but hides the recommendation until the final line.,matched_decoy,HEDGE,hedge_density,1.0,0.0,0.0,1.0,NO,0.9381240010261536,maybe,"{""raw_logit_scores"": {""YES"": 5.8828125, ""NO"": 6.5078125}, ""label_bias_scores"": {""YES"": 11.3203125, ""NO"": 9.2265625}, ""corrected_scores"": {""YES"": -5.4375, ""NO"": -2.71875}, ""scoring_mode"": ""bias_corrected_choice_logits"", ""selected_short_label"": ""NO""}"
31,EleutherAI/pythia-1b,pythia,1b,stable_style_policy,bft_eval_02,critique,Give feedback on a student memo that is energetic and polite but hides the recommendation until the final line.,matched_decoy,FIRST_PERSON,first_person_rate,1.0,0.0,1.0,0.0,NO,0.8469578623771667,me,"{""raw_logit_scores"": {""YES"": 6.0, ""NO"": 5.6171875}, ""label_bias_scores"": {""YES"": 11.3203125, ""NO"": 9.2265625}, ""corrected_scores"": {""YES"": -5.3203125, ""NO"": -3.609375}, ""scoring_mode"": ""bias_corrected_choice_logits"", ""selected_short_label"": ""NO""}"
31,EleutherAI/pythia-1b,pythia,1b,stable_style_policy,bft_eval_02,critique,Give feedback on a student memo that is energetic and polite but hides the recommendation until the final line.,matched_decoy,DIRECTIVE,directive_rate,1.0,0.0,1.0,0.0,NO,0.6150878667831421,:,"{""raw_logit_scores"": {""YES"": 7.67578125, ""NO"": 6.05078125}, ""label_bias_scores"": {""YES"": 11.3203125, ""NO"": 9.2265625}, ""corrected_scores"": {""YES"": -3.64453125, ""NO"": -3.17578125}, ""scoring_mode"": ""bias_corrected_choice_logits"", ""selected_short_label"": ""NO""}"
31,EleutherAI/pythia-1b,pythia,1b,stable_style_policy,bft_eval_02,critique,Give feedback on a student memo that is energetic and polite but hides the recommendation until the final line.,scrambled_profile,ELABORATE,avg_sentence_length,1.0,0.0,1.0,0.0,NO,0.6486889719963074,,"{""raw_logit_scores"": {""YES"": 8.515625, ""NO"": 7.03515625}, ""label_bias_scores"": {""YES"": 11.3203125, ""NO"": 9.2265625}, ""corrected_scores"": {""YES"": -2.8046875, ""NO"": -2.19140625}, ""scoring_mode"": ""bias_corrected_choice_logits"", ""selected_short_label"": ""NO""}"
31,EleutherAI/pythia-1b,pythia,1b,stable_style_policy,bft_eval_02,critique,Give feedback on a student memo that is energetic and polite but hides the recommendation until the final line.,scrambled_profile,HEDGE,hedge_density,1.0,0.0,0.0,1.0,NO,0.6150878667831421,",","{""raw_logit_scores"": {""YES"": 6.33203125, ""NO"": 4.70703125}, ""label_bias_scores"": {""YES"": 11.3203125, ""NO"": 9.2265625}, ""corrected_scores"": {""YES"": -4.98828125, ""NO"": -4.51953125}, ""scoring_mode"": ""bias_corrected_choice_logits"", ""selected_short_label"": ""NO""}"
31,EleutherAI/pythia-1b,pythia,1b,stable_style_policy,bft_eval_02,critique,Give feedback on a student memo that is energetic and polite but hides the recommendation until the final line.,scrambled_profile,FIRST_PERSON,first_person_rate,1.0,0.0,1.0,0.0,NO,0.7620701193809509,",","{""raw_logit_scores"": {""YES"": 3.53125, ""NO"": 2.6015625}, ""label_bias_scores"": {""YES"": 11.3203125, ""NO"": 9.2265625}, ""corrected_scores"": {""YES"": -7.7890625, ""NO"": -6.625}, ""scoring_mode"": ""bias_corrected_choice_logits"", ""selected_short_label"": ""NO""}"
31,EleutherAI/pythia-1b,pythia,1b,stable_style_policy,bft_eval_02,critique,Give feedback on a student memo that is energetic and polite but hides the recommendation until the final line.,scrambled_profile,DIRECTIVE,directive_rate,1.0,0.0,1.0,0.0,NO,0.735641598701477,the,"{""raw_logit_scores"": {""YES"": 7.20703125, ""NO"": 6.13671875}, ""label_bias_scores"": {""YES"": 11.3203125, ""NO"": 9.2265625}, ""corrected_scores"": {""YES"": -4.11328125, ""NO"": -3.08984375}, ""scoring_mode"": ""bias_corrected_choice_logits"", ""selected_short_label"": ""NO""}"
31,EleutherAI/pythia-1b,pythia,1b,stable_style_policy,bft_eval_03,policy,Write a short policy note on how a museum team should document changes to exhibit labels during revision.,self_profile,ELABORATE,avg_sentence_length,1.0,0.0,0.0,1.0,NO,0.8836382627487183,,"{""raw_logit_scores"": {""YES"": 3.98046875, ""NO"": 3.9140625}, ""label_bias_scores"": {""YES"": 11.3203125, ""NO"": 9.2265625}, ""corrected_scores"": {""YES"": -7.33984375, ""NO"": -5.3125}, ""scoring_mode"": ""bias_corrected_choice_logits"", ""selected_short_label"": ""NO""}"
31,EleutherAI/pythia-1b,pythia,1b,stable_style_policy,bft_eval_03,policy,Write a short policy note on how a museum team should document changes to exhibit labels during revision.,self_profile,HEDGE,hedge_density,1.0,0.0,0.0,1.0,NO,0.8305941224098206,or,"{""raw_logit_scores"": {""YES"": 4.8125, ""NO"": 4.30859375}, ""label_bias_scores"": {""YES"": 11.3203125, ""NO"": 9.2265625}, ""corrected_scores"": {""YES"": -6.5078125, ""NO"": -4.91796875}, ""scoring_mode"": ""bias_corrected_choice_logits"", ""selected_short_label"": ""NO""}"
31,EleutherAI/pythia-1b,pythia,1b,stable_style_policy,bft_eval_03,policy,Write a short policy note on how a museum team should document changes to exhibit labels during revision.,self_profile,FIRST_PERSON,first_person_rate,1.0,0.0,0.0,1.0,NO,0.7859664559364319,mine,"{""raw_logit_scores"": {""YES"": 6.70703125, ""NO"": 5.9140625}, ""label_bias_scores"": {""YES"": 11.3203125, ""NO"": 9.2265625}, ""corrected_scores"": {""YES"": -4.61328125, ""NO"": -3.3125}, ""scoring_mode"": ""bias_corrected_choice_logits"", ""selected_short_label"": ""NO""}"
31,EleutherAI/pythia-1b,pythia,1b,stable_style_policy,bft_eval_03,policy,Write a short policy note on how a museum team should document changes to exhibit labels during revision.,self_profile,DIRECTIVE,directive_rate,1.0,1.0,1.0,1.0,YES,0.6057990193367004,answer,"{""raw_logit_scores"": {""YES"": 6.66796875, ""NO"": 4.14453125}, ""label_bias_scores"": {""YES"": 11.3203125, ""NO"": 9.2265625}, ""corrected_scores"": {""YES"": -4.65234375, ""NO"": -5.08203125}, ""scoring_mode"": ""bias_corrected_choice_logits"", ""selected_short_label"": ""YES""}"
31,EleutherAI/pythia-1b,pythia,1b,stable_style_policy,bft_eval_03,policy,Write a short policy note on how a museum team should document changes to exhibit labels during revision.,matched_decoy,ELABORATE,avg_sentence_length,1.0,0.0,0.0,1.0,NO,0.700894832611084,,"{""raw_logit_scores"": {""YES"": 7.98046875, ""NO"": 6.73828125}, ""label_bias_scores"": {""YES"": 11.3203125, ""NO"": 9.2265625}, ""corrected_scores"": {""YES"": -3.33984375, ""NO"": -2.48828125}, ""scoring_mode"": ""bias_corrected_choice_logits"", ""selected_short_label"": ""NO""}"
31,EleutherAI/pythia-1b,pythia,1b,stable_style_policy,bft_eval_03,policy,Write a short policy note on how a museum team should document changes to exhibit labels during revision.,matched_decoy,HEDGE,hedge_density,1.0,0.0,0.0,1.0,NO,0.5936092734336853,",","{""raw_logit_scores"": {""YES"": 5.97265625, ""NO"": 4.2578125}, ""label_bias_scores"": {""YES"": 11.3203125, ""NO"": 9.2265625}, ""corrected_scores"": {""YES"": -5.34765625, ""NO"": -4.96875}, ""scoring_mode"": ""bias_corrected_choice_logits"", ""selected_short_label"": ""NO""}"
31,EleutherAI/pythia-1b,pythia,1b,stable_style_policy,bft_eval_03,policy,Write a short policy note on how a museum team should document changes to exhibit labels during revision.,matched_decoy,FIRST_PERSON,first_person_rate,1.0,0.0,0.0,1.0,NO,0.7409248948097229,",","{""raw_logit_scores"": {""YES"": 2.89453125, ""NO"": 1.8515625}, ""label_bias_scores"": {""YES"": 11.3203125, ""NO"": 9.2265625}, ""corrected_scores"": {""YES"": -8.42578125, ""NO"": -7.375}, ""scoring_mode"": ""bias_corrected_choice_logits"", ""selected_short_label"": ""NO""}"
31,EleutherAI/pythia-1b,pythia,1b,stable_style_policy,bft_eval_03,policy,Write a short policy note on how a museum team should document changes to exhibit labels during revision.,matched_decoy,DIRECTIVE,directive_rate,1.0,0.0,1.0,0.0,NO,0.7498207092285156,what,"{""raw_logit_scores"": {""YES"": 7.00390625, ""NO"": 6.0078125}, ""label_bias_scores"": {""YES"": 11.3203125, ""NO"": 9.2265625}, ""corrected_scores"": {""YES"": -4.31640625, ""NO"": -3.21875}, ""scoring_mode"": ""bias_corrected_choice_logits"", ""selected_short_label"": ""NO""}"
31,EleutherAI/pythia-1b,pythia,1b,stable_style_policy,bft_eval_03,policy,Write a short policy note on how a museum team should document changes to exhibit labels during revision.,scrambled_profile,ELABORATE,avg_sentence_length,1.0,0.0,0.0,1.0,NO,0.8889517188072205,,"{""raw_logit_scores"": {""YES"": 3.87890625, ""NO"": 3.865234375}, ""label_bias_scores"": {""YES"": 11.3203125, ""NO"": 9.2265625}, ""corrected_scores"": {""YES"": -7.44140625, ""NO"": -5.361328125}, ""scoring_mode"": ""bias_corrected_choice_logits"", ""selected_short_label"": ""NO""}"
31,EleutherAI/pythia-1b,pythia,1b,stable_style_policy,bft_eval_03,policy,Write a short policy note on how a museum team should document changes to exhibit labels during revision.,scrambled_profile,HEDGE,hedge_density,1.0,0.0,0.0,1.0,NO,0.8305941224098206,or,"{""raw_logit_scores"": {""YES"": 4.82421875, ""NO"": 4.3203125}, ""label_bias_scores"": {""YES"": 11.3203125, ""NO"": 9.2265625}, ""corrected_scores"": {""YES"": -6.49609375, ""NO"": -4.90625}, ""scoring_mode"": ""bias_corrected_choice_logits"", ""selected_short_label"": ""NO""}"
31,EleutherAI/pythia-1b,pythia,1b,stable_style_policy,bft_eval_03,policy,Write a short policy note on how a museum team should document changes to exhibit labels during revision.,scrambled_profile,FIRST_PERSON,first_person_rate,1.0,0.0,0.0,1.0,NO,0.7799928784370422,mine,"{""raw_logit_scores"": {""YES"": 6.6875, ""NO"": 5.859375}, ""label_bias_scores"": {""YES"": 11.3203125, ""NO"": 9.2265625}, ""corrected_scores"": {""YES"": -4.6328125, ""NO"": -3.3671875}, ""scoring_mode"": ""bias_corrected_choice_logits"", ""selected_short_label"": ""NO""}"
31,EleutherAI/pythia-1b,pythia,1b,stable_style_policy,bft_eval_03,policy,Write a short policy note on how a museum team should document changes to exhibit labels during revision.,scrambled_profile,DIRECTIVE,directive_rate,1.0,1.0,1.0,1.0,YES,0.5983121991157532,answer,"{""raw_logit_scores"": {""YES"": 6.62109375, ""NO"": 4.12890625}, ""label_bias_scores"": {""YES"": 11.3203125, ""NO"": 9.2265625}, ""corrected_scores"": {""YES"": -4.69921875, ""NO"": -5.09765625}, ""scoring_mode"": ""bias_corrected_choice_logits"", ""selected_short_label"": ""YES""}"
31,EleutherAI/pythia-1b,pythia,1b,stable_style_policy,bft_eval_04,diagnosis,Diagnose why a paragraph feels intelligent and informed but still fails to tell the reader what matters most.,self_profile,ELABORATE,avg_sentence_length,1.0,0.0,1.0,0.0,NO,0.6959583163261414,,"{""raw_logit_scores"": {""YES"": 7.94140625, ""NO"": 6.67578125}, ""label_bias_scores"": {""YES"": 11.3203125, ""NO"": 9.2265625}, ""corrected_scores"": {""YES"": -3.37890625, ""NO"": -2.55078125}, ""scoring_mode"": ""bias_corrected_choice_logits"", ""selected_short_label"": ""NO""}"
31,EleutherAI/pythia-1b,pythia,1b,stable_style_policy,bft_eval_04,diagnosis,Diagnose why a paragraph feels intelligent and informed but still fails to tell the reader what matters most.,self_profile,HEDGE,hedge_density,1.0,0.0,1.0,0.0,NO,0.6104534864425659,",","{""raw_logit_scores"": {""YES"": 5.83203125, ""NO"": 4.1875}, ""label_bias_scores"": {""YES"": 11.3203125, ""NO"": 9.2265625}, ""corrected_scores"": {""YES"": -5.48828125, ""NO"": -5.0390625}, ""scoring_mode"": ""bias_corrected_choice_logits"", ""selected_short_label"": ""NO""}"
31,EleutherAI/pythia-1b,pythia,1b,stable_style_policy,bft_eval_04,diagnosis,Diagnose why a paragraph feels intelligent and informed but still fails to tell the reader what matters most.,self_profile,FIRST_PERSON,first_person_rate,1.0,0.0,0.0,1.0,NO,0.6988435387611389,",","{""raw_logit_scores"": {""YES"": 3.28515625, ""NO"": 2.033203125}, ""label_bias_scores"": {""YES"": 11.3203125, ""NO"": 9.2265625}, ""corrected_scores"": {""YES"": -8.03515625, ""NO"": -7.193359375}, ""scoring_mode"": ""bias_corrected_choice_logits"", ""selected_short_label"": ""NO""}"
31,EleutherAI/pythia-1b,pythia,1b,stable_style_policy,bft_eval_04,diagnosis,Diagnose why a paragraph feels intelligent and informed but still fails to tell the reader what matters most.,self_profile,DIRECTIVE,directive_rate,1.0,0.0,1.0,0.0,NO,0.7950222492218018,what,"{""raw_logit_scores"": {""YES"": 6.01171875, ""NO"": 5.2734375}, ""label_bias_scores"": {""YES"": 11.3203125, ""NO"": 9.2265625}, ""corrected_scores"": {""YES"": -5.30859375, ""NO"": -3.953125}, ""scoring_mode"": ""bias_corrected_choice_logits"", ""selected_short_label"": ""NO""}"
31,EleutherAI/pythia-1b,pythia,1b,stable_style_policy,bft_eval_04,diagnosis,Diagnose why a paragraph feels intelligent and informed but still fails to tell the reader what matters most.,matched_decoy,ELABORATE,avg_sentence_length,1.0,0.0,1.0,0.0,NO,0.8278281688690186,?,"{""raw_logit_scores"": {""YES"": 3.583984375, ""NO"": 3.060546875}, ""label_bias_scores"": {""YES"": 11.3203125, ""NO"": 9.2265625}, ""corrected_scores"": {""YES"": -7.736328125, ""NO"": -6.166015625}, ""scoring_mode"": ""bias_corrected_choice_logits"", ""selected_short_label"": ""NO""}"
31,EleutherAI/pythia-1b,pythia,1b,stable_style_policy,bft_eval_04,diagnosis,Diagnose why a paragraph feels intelligent and informed but still fails to tell the reader what matters most.,matched_decoy,HEDGE,hedge_density,1.0,0.0,1.0,0.0,NO,0.9196425676345825,maybe,"{""raw_logit_scores"": {""YES"": 5.1484375, ""NO"": 5.4921875}, ""label_bias_scores"": {""YES"": 11.3203125, ""NO"": 9.2265625}, ""corrected_scores"": {""YES"": -6.171875, ""NO"": -3.734375}, ""scoring_mode"": ""bias_corrected_choice_logits"", ""selected_short_label"": ""NO""}"
31,EleutherAI/pythia-1b,pythia,1b,stable_style_policy,bft_eval_04,diagnosis,Diagnose why a paragraph feels intelligent and informed but still fails to tell the reader what matters most.,matched_decoy,FIRST_PERSON,first_person_rate,1.0,0.0,0.0,1.0,NO,0.8464508652687073,me,"{""raw_logit_scores"": {""YES"": 5.40625, ""NO"": 5.01953125}, ""label_bias_scores"": {""YES"": 11.3203125, ""NO"": 9.2265625}, ""corrected_scores"": {""YES"": -5.9140625, ""NO"": -4.20703125}, ""scoring_mode"": ""bias_corrected_choice_logits"", ""selected_short_label"": ""NO""}"
31,EleutherAI/pythia-1b,pythia,1b,stable_style_policy,bft_eval_04,diagnosis,Diagnose why a paragraph feels intelligent and informed but still fails to tell the reader what matters most.,matched_decoy,DIRECTIVE,directive_rate,1.0,0.0,1.0,0.0,NO,0.6645402908325195,a,"{""raw_logit_scores"": {""YES"": 6.12890625, ""NO"": 4.71875}, ""label_bias_scores"": {""YES"": 11.3203125, ""NO"": 9.2265625}, ""corrected_scores"": {""YES"": -5.19140625, ""NO"": -4.5078125}, ""scoring_mode"": ""bias_corrected_choice_logits"", ""selected_short_label"": ""NO""}"
31,EleutherAI/pythia-1b,pythia,1b,stable_style_policy,bft_eval_04,diagnosis,Diagnose why a paragraph feels intelligent and informed but still fails to tell the reader what matters most.,scrambled_profile,ELABORATE,avg_sentence_length,1.0,0.0,1.0,0.0,NO,0.6984323263168335,,"{""raw_logit_scores"": {""YES"": 7.88671875, ""NO"": 6.6328125}, ""label_bias_scores"": {""YES"": 11.3203125, ""NO"": 9.2265625}, ""corrected_scores"": {""YES"": -3.43359375, ""NO"": -2.59375}, ""scoring_mode"": ""bias_corrected_choice_logits"", ""selected_short_label"": ""NO""}"
31,EleutherAI/pythia-1b,pythia,1b,stable_style_policy,bft_eval_04,diagnosis,Diagnose why a paragraph feels intelligent and informed but still fails to tell the reader what matters most.,scrambled_profile,HEDGE,hedge_density,1.0,0.0,1.0,0.0,NO,0.6150878667831421,",","{""raw_logit_scores"": {""YES"": 5.796875, ""NO"": 4.171875}, ""label_bias_scores"": {""YES"": 11.3203125, ""NO"": 9.2265625}, ""corrected_scores"": {""YES"": -5.5234375, ""NO"": -5.0546875}, ""scoring_mode"": ""bias_corrected_choice_logits"", ""selected_short_label"": ""NO""}"
31,EleutherAI/pythia-1b,pythia,1b,stable_style_policy,bft_eval_04,diagnosis,Diagnose why a paragraph feels intelligent and informed but still fails to tell the reader what matters most.,scrambled_profile,FIRST_PERSON,first_person_rate,1.0,0.0,0.0,1.0,NO,0.7004852294921875,",","{""raw_logit_scores"": {""YES"": 3.24609375, ""NO"": 2.001953125}, ""label_bias_scores"": {""YES"": 11.3203125, ""NO"": 9.2265625}, ""corrected_scores"": {""YES"": -8.07421875, ""NO"": -7.224609375}, ""scoring_mode"": ""bias_corrected_choice_logits"", ""selected_short_label"": ""NO""}"
31,EleutherAI/pythia-1b,pythia,1b,stable_style_policy,bft_eval_04,diagnosis,Diagnose why a paragraph feels intelligent and informed but still fails to tell the reader what matters most.,scrambled_profile,DIRECTIVE,directive_rate,1.0,0.0,1.0,0.0,NO,0.7988153100013733,what,"{""raw_logit_scores"": {""YES"": 5.9921875, ""NO"": 5.27734375}, ""label_bias_scores"": {""YES"": 11.3203125, ""NO"": 9.2265625}, ""corrected_scores"": {""YES"": -5.328125, ""NO"": -3.94921875}, ""scoring_mode"": ""bias_corrected_choice_logits"", ""selected_short_label"": ""NO""}"
31,EleutherAI/pythia-1b,pythia,1b,stable_style_policy,bft_eval_05,comparison,Compare an internal checklist and a polished postmortem as tools for preventing the same operational mistake twice.,self_profile,ELABORATE,avg_sentence_length,1.0,0.0,1.0,0.0,NO,0.9167081117630005,,"{""raw_logit_scores"": {""YES"": 4.10546875, ""NO"": 4.41015625}, ""label_bias_scores"": {""YES"": 11.3203125, ""NO"": 9.2265625}, ""corrected_scores"": {""YES"": -7.21484375, ""NO"": -4.81640625}, ""scoring_mode"": ""bias_corrected_choice_logits"", ""selected_short_label"": ""NO""}"
31,EleutherAI/pythia-1b,pythia,1b,stable_style_policy,bft_eval_05,comparison,Compare an internal checklist and a polished postmortem as tools for preventing the same operational mistake twice.,self_profile,HEDGE,hedge_density,1.0,0.0,1.0,0.0,NO,0.863391637802124,or,"{""raw_logit_scores"": {""YES"": 4.703125, ""NO"": 4.453125}, ""label_bias_scores"": {""YES"": 11.3203125, ""NO"": 9.2265625}, ""corrected_scores"": {""YES"": -6.6171875, ""NO"": -4.7734375}, ""scoring_mode"": ""bias_corrected_choice_logits"", ""selected_short_label"": ""NO""}"
31,EleutherAI/pythia-1b,pythia,1b,stable_style_policy,bft_eval_05,comparison,Compare an internal checklist and a polished postmortem as tools for preventing the same operational mistake twice.,self_profile,FIRST_PERSON,first_person_rate,1.0,0.0,1.0,0.0,NO,0.7943849563598633,mine,"{""raw_logit_scores"": {""YES"": 6.984375, ""NO"": 6.2421875}, ""label_bias_scores"": {""YES"": 11.3203125, ""NO"": 9.2265625}, ""corrected_scores"": {""YES"": -4.3359375, ""NO"": -2.984375}, ""scoring_mode"": ""bias_corrected_choice_logits"", ""selected_short_label"": ""NO""}"
31,EleutherAI/pythia-1b,pythia,1b,stable_style_policy,bft_eval_05,comparison,Compare an internal checklist and a polished postmortem as tools for preventing the same operational mistake twice.,self_profile,DIRECTIVE,directive_rate,1.0,1.0,1.0,1.0,YES,0.5879431366920471,answer,"{""raw_logit_scores"": {""YES"": 6.84765625, ""NO"": 4.3984375}, ""label_bias_scores"": {""YES"": 11.3203125, ""NO"": 9.2265625}, ""corrected_scores"": {""YES"": -4.47265625, ""NO"": -4.828125}, ""scoring_mode"": ""bias_corrected_choice_logits"", ""selected_short_label"": ""YES""}"
31,EleutherAI/pythia-1b,pythia,1b,stable_style_policy,bft_eval_05,comparison,Compare an internal checklist and a polished postmortem as tools for preventing the same operational mistake twice.,matched_decoy,ELABORATE,avg_sentence_length,1.0,0.0,1.0,0.0,NO,0.7106282711029053,,"{""raw_logit_scores"": {""YES"": 8.171875, ""NO"": 6.9765625}, ""label_bias_scores"": {""YES"": 11.3203125, ""NO"": 9.2265625}, ""corrected_scores"": {""YES"": -3.1484375, ""NO"": -2.25}, ""scoring_mode"": ""bias_corrected_choice_logits"", ""selected_short_label"": ""NO""}"
31,EleutherAI/pythia-1b,pythia,1b,stable_style_policy,bft_eval_05,comparison,Compare an internal checklist and a polished postmortem as tools for preventing the same operational mistake twice.,matched_decoy,HEDGE,hedge_density,1.0,0.0,1.0,0.0,NO,0.5727227926254272,",","{""raw_logit_scores"": {""YES"": 5.9609375, ""NO"": 4.16015625}, ""label_bias_scores"": {""YES"": 11.3203125, ""NO"": 9.2265625}, ""corrected_scores"": {""YES"": -5.359375, ""NO"": -5.06640625}, ""scoring_mode"": ""bias_corrected_choice_logits"", ""selected_short_label"": ""NO""}"
31,EleutherAI/pythia-1b,pythia,1b,stable_style_policy,bft_eval_05,comparison,Compare an internal checklist and a polished postmortem as tools for preventing the same operational mistake twice.,matched_decoy,FIRST_PERSON,first_person_rate,1.0,0.0,1.0,0.0,NO,0.729134202003479,",","{""raw_logit_scores"": {""YES"": 3.220703125, ""NO"": 2.1171875}, ""label_bias_scores"": {""YES"": 11.3203125, ""NO"": 9.2265625}, ""corrected_scores"": {""YES"": -8.099609375, ""NO"": -7.109375}, ""scoring_mode"": ""bias_corrected_choice_logits"", ""selected_short_label"": ""NO""}"
31,EleutherAI/pythia-1b,pythia,1b,stable_style_policy,bft_eval_05,comparison,Compare an internal checklist and a polished postmortem as tools for preventing the same operational mistake twice.,matched_decoy,DIRECTIVE,directive_rate,1.0,0.0,1.0,0.0,NO,0.7264255881309509,the,"{""raw_logit_scores"": {""YES"": 7.1484375, ""NO"": 6.03125}, ""label_bias_scores"": {""YES"": 11.3203125, ""NO"": 9.2265625}, ""corrected_scores"": {""YES"": -4.171875, ""NO"": -3.1953125}, ""scoring_mode"": ""bias_corrected_choice_logits"", ""selected_short_label"": ""NO""}"
31,EleutherAI/pythia-1b,pythia,1b,stable_style_policy,bft_eval_05,comparison,Compare an internal checklist and a polished postmortem as tools for preventing the same operational mistake twice.,scrambled_profile,ELABORATE,avg_sentence_length,1.0,0.0,1.0,0.0,NO,0.9196425676345825,,"{""raw_logit_scores"": {""YES"": 4.05078125, ""NO"": 4.39453125}, ""label_bias_scores"": {""YES"": 11.3203125, ""NO"": 9.2265625}, ""corrected_scores"": {""YES"": -7.26953125, ""NO"": -4.83203125}, ""scoring_mode"": ""bias_corrected_choice_logits"", ""selected_short_label"": ""NO""}"
31,EleutherAI/pythia-1b,pythia,1b,stable_style_policy,bft_eval_05,comparison,Compare an internal checklist and a polished postmortem as tools for preventing the same operational mistake twice.,scrambled_profile,HEDGE,hedge_density,1.0,0.0,1.0,0.0,NO,0.8670357465744019,or,"{""raw_logit_scores"": {""YES"": 4.69921875, ""NO"": 4.48046875}, ""label_bias_scores"": {""YES"": 11.3203125, ""NO"": 9.2265625}, ""corrected_scores"": {""YES"": -6.62109375, ""NO"": -4.74609375}, ""scoring_mode"": ""bias_corrected_choice_logits"", ""selected_short_label"": ""NO""}"
31,EleutherAI/pythia-1b,pythia,1b,stable_style_policy,bft_eval_05,comparison,Compare an internal checklist and a polished postmortem as tools for preventing the same operational mistake twice.,scrambled_profile,FIRST_PERSON,first_person_rate,1.0,0.0,1.0,0.0,NO,0.7885831594467163,mine,"{""raw_logit_scores"": {""YES"": 7.0, ""NO"": 6.22265625}, ""label_bias_scores"": {""YES"": 11.3203125, ""NO"": 9.2265625}, ""corrected_scores"": {""YES"": -4.3203125, ""NO"": -3.00390625}, ""scoring_mode"": ""bias_corrected_choice_logits"", ""selected_short_label"": ""NO""}"
31,EleutherAI/pythia-1b,pythia,1b,stable_style_policy,bft_eval_05,comparison,Compare an internal checklist and a polished postmortem as tools for preventing the same operational mistake twice.,scrambled_profile,DIRECTIVE,directive_rate,1.0,1.0,1.0,1.0,YES,0.5851011276245117,answer,"{""raw_logit_scores"": {""YES"": 6.8125, ""NO"": 4.375}, ""label_bias_scores"": {""YES"": 11.3203125, ""NO"": 9.2265625}, ""corrected_scores"": {""YES"": -4.5078125, ""NO"": -4.8515625}, ""scoring_mode"": ""bias_corrected_choice_logits"", ""selected_short_label"": ""YES""}"
31,EleutherAI/pythia-1b,pythia,1b,stable_style_policy,bft_eval_06,planning,Sketch a short plan for helping a student narrow a thesis topic without draining the curiosity out of it.,self_profile,ELABORATE,avg_sentence_length,1.0,0.0,1.0,0.0,NO,0.9156582355499268,?,"{""raw_logit_scores"": {""YES"": 3.234375, ""NO"": 3.525390625}, ""label_bias_scores"": {""YES"": 11.3203125, ""NO"": 9.2265625}, ""corrected_scores"": {""YES"": -8.0859375, ""NO"": -5.701171875}, ""scoring_mode"": ""bias_corrected_choice_logits"", ""selected_short_label"": ""NO""}"
31,EleutherAI/pythia-1b,pythia,1b,stable_style_policy,bft_eval_06,planning,Sketch a short plan for helping a student narrow a thesis topic without draining the curiosity out of it.,self_profile,HEDGE,hedge_density,1.0,0.0,1.0,0.0,NO,0.9471859931945801,maybe,"{""raw_logit_scores"": {""YES"": 5.4921875, ""NO"": 6.28515625}, ""label_bias_scores"": {""YES"": 11.3203125, ""NO"": 9.2265625}, ""corrected_scores"": {""YES"": -5.828125, ""NO"": -2.94140625}, ""scoring_mode"": ""bias_corrected_choice_logits"", ""selected_short_label"": ""NO""}"
31,EleutherAI/pythia-1b,pythia,1b,stable_style_policy,bft_eval_06,planning,Sketch a short plan for helping a student narrow a thesis topic without draining the curiosity out of it.,self_profile,FIRST_PERSON,first_person_rate,1.0,0.0,0.0,1.0,NO,0.8705973029136658,me,"{""raw_logit_scores"": {""YES"": 5.3984375, ""NO"": 5.2109375}, ""label_bias_scores"": {""YES"": 11.3203125, ""NO"": 9.2265625}, ""corrected_scores"": {""YES"": -5.921875, ""NO"": -4.015625}, ""scoring_mode"": ""bias_corrected_choice_logits"", ""selected_short_label"": ""NO""}"
31,EleutherAI/pythia-1b,pythia,1b,stable_style_policy,bft_eval_06,planning,Sketch a short plan for helping a student narrow a thesis topic without draining the curiosity out of it.,self_profile,DIRECTIVE,directive_rate,1.0,0.0,1.0,0.0,NO,0.6504672765731812,a,"{""raw_logit_scores"": {""YES"": 6.765625, ""NO"": 5.29296875}, ""label_bias_scores"": {""YES"": 11.3203125, ""NO"": 9.2265625}, ""corrected_scores"": {""YES"": -4.5546875, ""NO"": -3.93359375}, ""scoring_mode"": ""bias_corrected_choice_logits"", ""selected_short_label"": ""NO""}"
31,EleutherAI/pythia-1b,pythia,1b,stable_style_policy,bft_eval_06,planning,Sketch a short plan for helping a student narrow a thesis topic without draining the curiosity out of it.,matched_decoy,ELABORATE,avg_sentence_length,1.0,0.0,1.0,0.0,NO,0.532181978225708,",","{""raw_logit_scores"": {""YES"": 5.20703125, ""NO"": 3.2421875}, ""label_bias_scores"": {""YES"": 11.3203125, ""NO"": 9.2265625}, ""corrected_scores"": {""YES"": -6.11328125, ""NO"": -5.984375}, ""scoring_mode"": ""bias_corrected_choice_logits"", ""selected_short_label"": ""NO""}"
31,EleutherAI/pythia-1b,pythia,1b,stable_style_policy,bft_eval_06,planning,Sketch a short plan for helping a student narrow a thesis topic without draining the curiosity out of it.,matched_decoy,HEDGE,hedge_density,1.0,1.0,1.0,1.0,YES,0.5712883472442627,",","{""raw_logit_scores"": {""YES"": 5.3125, ""NO"": 2.931640625}, ""label_bias_scores"": {""YES"": 11.3203125, ""NO"": 9.2265625}, ""corrected_scores"": {""YES"": -6.0078125, ""NO"": -6.294921875}, ""scoring_mode"": ""bias_corrected_choice_logits"", ""selected_short_label"": ""YES""}"
31,EleutherAI/pythia-1b,pythia,1b,stable_style_policy,bft_eval_06,planning,Sketch a short plan for helping a student narrow a thesis topic without draining the curiosity out of it.,matched_decoy,FIRST_PERSON,first_person_rate,1.0,0.0,0.0,1.0,NO,0.8000679016113281,",","{""raw_logit_scores"": {""YES"": 3.77734375, ""NO"": 3.0703125}, ""label_bias_scores"": {""YES"": 11.3203125, ""NO"": 9.2265625}, ""corrected_scores"": {""YES"": -7.54296875, ""NO"": -6.15625}, ""scoring_mode"": ""bias_corrected_choice_logits"", ""selected_short_label"": ""NO""}"
31,EleutherAI/pythia-1b,pythia,1b,stable_style_policy,bft_eval_06,planning,Sketch a short plan for helping a student narrow a thesis topic without draining the curiosity out of it.,matched_decoy,DIRECTIVE,directive_rate,1.0,1.0,1.0,1.0,YES,0.7214488983154297,to,"{""raw_logit_scores"": {""YES"": 3.51953125, ""NO"": 0.47412109375}, ""label_bias_scores"": {""YES"": 11.3203125, ""NO"": 9.2265625}, ""corrected_scores"": {""YES"": -7.80078125, ""NO"": -8.75244140625}, ""scoring_mode"": ""bias_corrected_choice_logits"", ""selected_short_label"": ""YES""}"
31,EleutherAI/pythia-1b,pythia,1b,stable_style_policy,bft_eval_06,planning,Sketch a short plan for helping a student narrow a thesis topic without draining the curiosity out of it.,scrambled_profile,ELABORATE,avg_sentence_length,1.0,0.0,1.0,0.0,NO,0.9171544313430786,?,"{""raw_logit_scores"": {""YES"": 3.26171875, ""NO"": 3.572265625}, ""label_bias_scores"": {""YES"": 11.3203125, ""NO"": 9.2265625}, ""corrected_scores"": {""YES"": -8.05859375, ""NO"": -5.654296875}, ""scoring_mode"": ""bias_corrected_choice_logits"", ""selected_short_label"": ""NO""}"
31,EleutherAI/pythia-1b,pythia,1b,stable_style_policy,bft_eval_06,planning,Sketch a short plan for helping a student narrow a thesis topic without draining the curiosity out of it.,scrambled_profile,HEDGE,hedge_density,1.0,0.0,1.0,0.0,NO,0.9471859931945801,maybe,"{""raw_logit_scores"": {""YES"": 5.50390625, ""NO"": 6.296875}, ""label_bias_scores"": {""YES"": 11.3203125, ""NO"": 9.2265625}, ""corrected_scores"": {""YES"": -5.81640625, ""NO"": -2.9296875}, ""scoring_mode"": ""bias_corrected_choice_logits"", ""selected_short_label"": ""NO""}"
31,EleutherAI/pythia-1b,pythia,1b,stable_style_policy,bft_eval_06,planning,Sketch a short plan for helping a student narrow a thesis topic without draining the curiosity out of it.,scrambled_profile,FIRST_PERSON,first_person_rate,1.0,0.0,0.0,1.0,NO,0.8701565861701965,me,"{""raw_logit_scores"": {""YES"": 5.3984375, ""NO"": 5.20703125}, ""label_bias_scores"": {""YES"": 11.3203125, ""NO"": 9.2265625}, ""corrected_scores"": {""YES"": -5.921875, ""NO"": -4.01953125}, ""scoring_mode"": ""bias_corrected_choice_logits"", ""selected_short_label"": ""NO""}"
31,EleutherAI/pythia-1b,pythia,1b,stable_style_policy,bft_eval_06,planning,Sketch a short plan for helping a student narrow a thesis topic without draining the curiosity out of it.,scrambled_profile,DIRECTIVE,directive_rate,1.0,0.0,1.0,0.0,NO,0.6477982401847839,a,"{""raw_logit_scores"": {""YES"": 6.7734375, ""NO"": 5.2890625}, ""label_bias_scores"": {""YES"": 11.3203125, ""NO"": 9.2265625}, ""corrected_scores"": {""YES"": -4.546875, ""NO"": -3.9375}, ""scoring_mode"": ""bias_corrected_choice_logits"", ""selected_short_label"": ""NO""}"
31,EleutherAI/pythia-1b,pythia,1b,stable_style_policy,bft_eval_07,rewrite,Rewrite this rough instruction into something more useful to a teammate: 'Probably check the assumptions and logs before changing the code again.',self_profile,ELABORATE,avg_sentence_length,1.0,0.0,0.0,1.0,NO,0.9900280833244324,than,"{""raw_logit_scores"": {""YES"": 0.07391357421875, ""NO"": 2.578125}, ""label_bias_scores"": {""YES"": 11.3203125, ""NO"": 9.2265625}, ""corrected_scores"": {""YES"": -11.24639892578125, ""NO"": -6.6484375}, ""scoring_mode"": ""bias_corrected_choice_logits"", ""selected_short_label"": ""NO""}"
31,EleutherAI/pythia-1b,pythia,1b,stable_style_policy,bft_eval_07,rewrite,Rewrite this rough instruction into something more useful to a teammate: 'Probably check the assumptions and logs before changing the code again.',self_profile,HEDGE,hedge_density,1.0,0.0,0.0,1.0,NO,0.9765409827232361,?,"{""raw_logit_scores"": {""YES"": 0.466552734375, ""NO"": 2.1015625}, ""label_bias_scores"": {""YES"": 11.3203125, ""NO"": 9.2265625}, ""corrected_scores"": {""YES"": -10.853759765625, ""NO"": -7.125}, ""scoring_mode"": ""bias_corrected_choice_logits"", ""selected_short_label"": ""NO""}"
31,EleutherAI/pythia-1b,pythia,1b,stable_style_policy,bft_eval_07,rewrite,Rewrite this rough instruction into something more useful to a teammate: 'Probably check the assumptions and logs before changing the code again.',self_profile,FIRST_PERSON,first_person_rate,1.0,0.0,0.0,1.0,NO,0.9672405123710632,as,"{""raw_logit_scores"": {""YES"": 0.73388671875, ""NO"": 2.025390625}, ""label_bias_scores"": {""YES"": 11.3203125, ""NO"": 9.2265625}, ""corrected_scores"": {""YES"": -10.58642578125, ""NO"": -7.201171875}, ""scoring_mode"": ""bias_corrected_choice_logits"", ""selected_short_label"": ""NO""}"
31,EleutherAI/pythia-1b,pythia,1b,stable_style_policy,bft_eval_07,rewrite,Rewrite this rough instruction into something more useful to a teammate: 'Probably check the assumptions and logs before changing the code again.',self_profile,DIRECTIVE,directive_rate,1.0,0.0,1.0,0.0,NO,0.8816148638725281,?,"{""raw_logit_scores"": {""YES"": 2.51171875, ""NO"": 2.42578125}, ""label_bias_scores"": {""YES"": 11.3203125, ""NO"": 9.2265625}, ""corrected_scores"": {""YES"": -8.80859375, ""NO"": -6.80078125}, ""scoring_mode"": ""bias_corrected_choice_logits"", ""selected_short_label"": ""NO""}"
31,EleutherAI/pythia-1b,pythia,1b,stable_style_policy,bft_eval_07,rewrite,Rewrite this rough instruction into something more useful to a teammate: 'Probably check the assumptions and logs before changing the code again.',matched_decoy,ELABORATE,avg_sentence_length,1.0,0.0,0.0,1.0,NO,0.9095862507820129,to,"{""raw_logit_scores"": {""YES"": 3.115234375, ""NO"": 3.330078125}, ""label_bias_scores"": {""YES"": 11.3203125, ""NO"": 9.2265625}, ""corrected_scores"": {""YES"": -8.205078125, ""NO"": -5.896484375}, ""scoring_mode"": ""bias_corrected_choice_logits"", ""selected_short_label"": ""NO""}"
31,EleutherAI/pythia-1b,pythia,1b,stable_style_policy,bft_eval_07,rewrite,Rewrite this rough instruction into something more useful to a teammate: 'Probably check the assumptions and logs before changing the code again.',matched_decoy,HEDGE,hedge_density,1.0,0.0,0.0,1.0,NO,0.9645559191703796,direct,"{""raw_logit_scores"": {""YES"": 0.623046875, ""NO"": 1.8330078125}, ""label_bias_scores"": {""YES"": 11.3203125, ""NO"": 9.2265625}, ""corrected_scores"": {""YES"": -10.697265625, ""NO"": -7.3935546875}, ""scoring_mode"": ""bias_corrected_choice_logits"", ""selected_short_label"": ""NO""}"
31,EleutherAI/pythia-1b,pythia,1b,stable_style_policy,bft_eval_07,rewrite,Rewrite this rough instruction into something more useful to a teammate: 'Probably check the assumptions and logs before changing the code again.',matched_decoy,FIRST_PERSON,first_person_rate,1.0,0.0,0.0,1.0,NO,0.8000679016113281,?,"{""raw_logit_scores"": {""YES"": 5.1484375, ""NO"": 4.44140625}, ""label_bias_scores"": {""YES"": 11.3203125, ""NO"": 9.2265625}, ""corrected_scores"": {""YES"": -6.171875, ""NO"": -4.78515625}, ""scoring_mode"": ""bias_corrected_choice_logits"", ""selected_short_label"": ""NO""}"
31,EleutherAI/pythia-1b,pythia,1b,stable_style_policy,bft_eval_07,rewrite,Rewrite this rough instruction into something more useful to a teammate: 'Probably check the assumptions and logs before changing the code again.',matched_decoy,DIRECTIVE,directive_rate,1.0,0.0,1.0,0.0,NO,0.7970439195632935,atives,"{""raw_logit_scores"": {""YES"": 0.282470703125, ""NO"": -0.443359375}, ""label_bias_scores"": {""YES"": 11.3203125, ""NO"": 9.2265625}, ""corrected_scores"": {""YES"": -11.037841796875, ""NO"": -9.669921875}, ""scoring_mode"": ""bias_corrected_choice_logits"", ""selected_short_label"": ""NO""}"
31,EleutherAI/pythia-1b,pythia,1b,stable_style_policy,bft_eval_07,rewrite,Rewrite this rough instruction into something more useful to a teammate: 'Probably check the assumptions and logs before changing the code again.',scrambled_profile,ELABORATE,avg_sentence_length,1.0,0.0,0.0,1.0,NO,0.9904035329818726,than,"{""raw_logit_scores"": {""YES"": 0.05078125, ""NO"": 2.59375}, ""label_bias_scores"": {""YES"": 11.3203125, ""NO"": 9.2265625}, ""corrected_scores"": {""YES"": -11.26953125, ""NO"": -6.6328125}, ""scoring_mode"": ""bias_corrected_choice_logits"", ""selected_short_label"": ""NO""}"
31,EleutherAI/pythia-1b,pythia,1b,stable_style_policy,bft_eval_07,rewrite,Rewrite this rough instruction into something more useful to a teammate: 'Probably check the assumptions and logs before changing the code again.',scrambled_profile,HEDGE,hedge_density,1.0,0.0,0.0,1.0,NO,0.9765465259552002,?,"{""raw_logit_scores"": {""YES"": 0.51123046875, ""NO"": 2.146484375}, ""label_bias_scores"": {""YES"": 11.3203125, ""NO"": 9.2265625}, ""corrected_scores"": {""YES"": -10.80908203125, ""NO"": -7.080078125}, ""scoring_mode"": ""bias_corrected_choice_logits"", ""selected_short_label"": ""NO""}"
31,EleutherAI/pythia-1b,pythia,1b,stable_style_policy,bft_eval_07,rewrite,Rewrite this rough instruction into something more useful to a teammate: 'Probably check the assumptions and logs before changing the code again.',scrambled_profile,FIRST_PERSON,first_person_rate,1.0,0.0,0.0,1.0,NO,0.9660119414329529,as,"{""raw_logit_scores"": {""YES"": 0.75048828125, ""NO"": 2.00390625}, ""label_bias_scores"": {""YES"": 11.3203125, ""NO"": 9.2265625}, ""corrected_scores"": {""YES"": -10.56982421875, ""NO"": -7.22265625}, ""scoring_mode"": ""bias_corrected_choice_logits"", ""selected_short_label"": ""NO""}"
31,EleutherAI/pythia-1b,pythia,1b,stable_style_policy,bft_eval_07,rewrite,Rewrite this rough instruction into something more useful to a teammate: 'Probably check the assumptions and logs before changing the code again.',scrambled_profile,DIRECTIVE,directive_rate,1.0,0.0,1.0,0.0,NO,0.8816148638725281,?,"{""raw_logit_scores"": {""YES"": 2.5234375, ""NO"": 2.4375}, ""label_bias_scores"": {""YES"": 11.3203125, ""NO"": 9.2265625}, ""corrected_scores"": {""YES"": -8.796875, ""NO"": -6.7890625}, ""scoring_mode"": ""bias_corrected_choice_logits"", ""selected_short_label"": ""NO""}"
31,EleutherAI/pythia-1b,pythia,1b,stable_style_policy,bft_eval_08,judgment,"Decide whether office hours help students mainly by clarifying content, lowering avoidance, or creating accountability, and explain your judgment.",self_profile,ELABORATE,avg_sentence_length,1.0,0.0,1.0,0.0,NO,0.9305214285850525,a,"{""raw_logit_scores"": {""YES"": 1.8583984375, ""NO"": 2.359375}, ""label_bias_scores"": {""YES"": 11.3203125, ""NO"": 9.2265625}, ""corrected_scores"": {""YES"": -9.4619140625, ""NO"": -6.8671875}, ""scoring_mode"": ""bias_corrected_choice_logits"", ""selected_short_label"": ""NO""}"
31,EleutherAI/pythia-1b,pythia,1b,stable_style_policy,bft_eval_08,judgment,"Decide whether office hours help students mainly by clarifying content, lowering avoidance, or creating accountability, and explain your judgment.",self_profile,HEDGE,hedge_density,1.0,0.0,1.0,0.0,NO,0.9036349058151245,?,"{""raw_logit_scores"": {""YES"": 3.240234375, ""NO"": 3.384765625}, ""label_bias_scores"": {""YES"": 11.3203125, ""NO"": 9.2265625}, ""corrected_scores"": {""YES"": -8.080078125, ""NO"": -5.841796875}, ""scoring_mode"": ""bias_corrected_choice_logits"", ""selected_short_label"": ""NO""}"
31,EleutherAI/pythia-1b,pythia,1b,stable_style_policy,bft_eval_08,judgment,"Decide whether office hours help students mainly by clarifying content, lowering avoidance, or creating accountability, and explain your judgment.",self_profile,FIRST_PERSON,first_person_rate,1.0,0.0,0.0,1.0,NO,0.6001883149147034,"""","{""raw_logit_scores"": {""YES"": 5.29296875, ""NO"": 3.60546875}, ""label_bias_scores"": {""YES"": 11.3203125, ""NO"": 9.2265625}, ""corrected_scores"": {""YES"": -6.02734375, ""NO"": -5.62109375}, ""scoring_mode"": ""bias_corrected_choice_logits"", ""selected_short_label"": ""NO""}"
31,EleutherAI/pythia-1b,pythia,1b,stable_style_policy,bft_eval_08,judgment,"Decide whether office hours help students mainly by clarifying content, lowering avoidance, or creating accountability, and explain your judgment.",self_profile,DIRECTIVE,directive_rate,1.0,0.0,1.0,0.0,NO,0.8459424376487732,,"{""raw_logit_scores"": {""YES"": 6.65234375, ""NO"": 6.26171875}, ""label_bias_scores"": {""YES"": 11.3203125, ""NO"": 9.2265625}, ""corrected_scores"": {""YES"": -4.66796875, ""NO"": -2.96484375}, ""scoring_mode"": ""bias_corrected_choice_logits"", ""selected_short_label"": ""NO""}"
31,EleutherAI/pythia-1b,pythia,1b,stable_style_policy,bft_eval_08,judgment,"Decide whether office hours help students mainly by clarifying content, lowering avoidance, or creating accountability, and explain your judgment.",matched_decoy,ELABORATE,avg_sentence_length,1.0,0.0,1.0,0.0,NO,0.9823936223983765,than,"{""raw_logit_scores"": {""YES"": 0.390380859375, ""NO"": 2.318359375}, ""label_bias_scores"": {""YES"": 11.3203125, ""NO"": 9.2265625}, ""corrected_scores"": {""YES"": -10.929931640625, ""NO"": -6.908203125}, ""scoring_mode"": ""bias_corrected_choice_logits"", ""selected_short_label"": ""NO""}"
31,EleutherAI/pythia-1b,pythia,1b,stable_style_policy,bft_eval_08,judgment,"Decide whether office hours help students mainly by clarifying content, lowering avoidance, or creating accountability, and explain your judgment.",matched_decoy,HEDGE,hedge_density,1.0,0.0,1.0,0.0,NO,0.9777244925498962,?,"{""raw_logit_scores"": {""YES"": 0.70849609375, ""NO"": 2.396484375}, ""label_bias_scores"": {""YES"": 11.3203125, ""NO"": 9.2265625}, ""corrected_scores"": {""YES"": -10.61181640625, ""NO"": -6.830078125}, ""scoring_mode"": ""bias_corrected_choice_logits"", ""selected_short_label"": ""NO""}"
31,EleutherAI/pythia-1b,pythia,1b,stable_style_policy,bft_eval_08,judgment,"Decide whether office hours help students mainly by clarifying content, lowering avoidance, or creating accountability, and explain your judgment.",matched_decoy,FIRST_PERSON,first_person_rate,1.0,0.0,0.0,1.0,NO,0.9723097085952759,as,"{""raw_logit_scores"": {""YES"": 1.302734375, ""NO"": 2.767578125}, ""label_bias_scores"": {""YES"": 11.3203125, ""NO"": 9.2265625}, ""corrected_scores"": {""YES"": -10.017578125, ""NO"": -6.458984375}, ""scoring_mode"": ""bias_corrected_choice_logits"", ""selected_short_label"": ""NO""}"
31,EleutherAI/pythia-1b,pythia,1b,stable_style_policy,bft_eval_08,judgment,"Decide whether office hours help students mainly by clarifying content, lowering avoidance, or creating accountability, and explain your judgment.",matched_decoy,DIRECTIVE,directive_rate,1.0,0.0,1.0,0.0,NO,0.9217811226844788,?,"{""raw_logit_scores"": {""YES"": 2.138671875, ""NO"": 2.51171875}, ""label_bias_scores"": {""YES"": 11.3203125, ""NO"": 9.2265625}, ""corrected_scores"": {""YES"": -9.181640625, ""NO"": -6.71484375}, ""scoring_mode"": ""bias_corrected_choice_logits"", ""selected_short_label"": ""NO""}"
31,EleutherAI/pythia-1b,pythia,1b,stable_style_policy,bft_eval_08,judgment,"Decide whether office hours help students mainly by clarifying content, lowering avoidance, or creating accountability, and explain your judgment.",scrambled_profile,ELABORATE,avg_sentence_length,1.0,0.0,1.0,0.0,NO,0.9822367429733276,than,"{""raw_logit_scores"": {""YES"": 0.4365234375, ""NO"": 2.35546875}, ""label_bias_scores"": {""YES"": 11.3203125, ""NO"": 9.2265625}, ""corrected_scores"": {""YES"": -10.8837890625, ""NO"": -6.87109375}, ""scoring_mode"": ""bias_corrected_choice_logits"", ""selected_short_label"": ""NO""}"
31,EleutherAI/pythia-1b,pythia,1b,stable_style_policy,bft_eval_08,judgment,"Decide whether office hours help students mainly by clarifying content, lowering avoidance, or creating accountability, and explain your judgment.",scrambled_profile,HEDGE,hedge_density,1.0,0.0,1.0,0.0,NO,0.976680338382721,?,"{""raw_logit_scores"": {""YES"": 0.75341796875, ""NO"": 2.39453125}, ""label_bias_scores"": {""YES"": 11.3203125, ""NO"": 9.2265625}, ""corrected_scores"": {""YES"": -10.56689453125, ""NO"": -6.83203125}, ""scoring_mode"": ""bias_corrected_choice_logits"", ""selected_short_label"": ""NO""}"
31,EleutherAI/pythia-1b,pythia,1b,stable_style_policy,bft_eval_08,judgment,"Decide whether office hours help students mainly by clarifying content, lowering avoidance, or creating accountability, and explain your judgment.",scrambled_profile,FIRST_PERSON,first_person_rate,1.0,0.0,0.0,1.0,NO,0.9714287519454956,as,"{""raw_logit_scores"": {""YES"": 1.3623046875, ""NO"": 2.794921875}, ""label_bias_scores"": {""YES"": 11.3203125, ""NO"": 9.2265625}, ""corrected_scores"": {""YES"": -9.9580078125, ""NO"": -6.431640625}, ""scoring_mode"": ""bias_corrected_choice_logits"", ""selected_short_label"": ""NO""}"
31,EleutherAI/pythia-1b,pythia,1b,stable_style_policy,bft_eval_08,judgment,"Decide whether office hours help students mainly by clarifying content, lowering avoidance, or creating accountability, and explain your judgment.",scrambled_profile,DIRECTIVE,directive_rate,1.0,0.0,1.0,0.0,NO,0.9224823713302612,?,"{""raw_logit_scores"": {""YES"": 2.162109375, ""NO"": 2.544921875}, ""label_bias_scores"": {""YES"": 11.3203125, ""NO"": 9.2265625}, ""corrected_scores"": {""YES"": -9.158203125, ""NO"": -6.681640625}, ""scoring_mode"": ""bias_corrected_choice_logits"", ""selected_short_label"": ""NO""}"
