seed,model_id,model_family,model_size_label,identity_frame,other_frame,prompt_id,prompt_family,prompt,feature_name,feature_key,self_selected_label,self_valid_choice,self_correct,self_actual_present,self_selected_prob,self_actual_feature_value,other_selected_label,other_valid_choice,other_correct,other_actual_present,other_selected_prob,other_actual_feature_value,actual_gap,predicted_gap,actual_gap_label,predicted_gap_label,gap_correct,self_completion_text,other_completion_text,self_details_json,other_details_json
11,EleutherAI/pythia-1b,pythia,1b,baseline_helpful,same_weights_other_chat,med_01,triage,"A research tool rollout confused users, and the support inbox is filling with contradictory complaints. What should the team do in the next twenty-four hours?",ELABORATE,avg_sentence_length,NO,1.0,1.0,0.0,0.6545107960700989,7.5,NO,1.0,0.0,1.0,0.6252734065055847,11.125,1.0,0.0,OTHER,OTHER,1.0,,,"{""raw_logit_scores"": {""YES"": 10.922771453857422, ""NO"": 9.467037200927734}, ""label_bias_scores"": {""YES"": 11.314534187316895, ""NO"": 9.219873428344727}, ""corrected_scores"": {""YES"": -0.39176273345947266, ""NO"": 0.2471637725830078}, ""scoring_mode"": ""bias_corrected_choice_logits"", ""selected_short_label"": ""NO""}","{""raw_logit_scores"": {""YES"": 11.082121849060059, ""NO"": 9.4994535446167}, ""label_bias_scores"": {""YES"": 11.314534187316895, ""NO"": 9.219873428344727}, ""corrected_scores"": {""YES"": -0.23241233825683594, ""NO"": 0.27958011627197266}, ""scoring_mode"": ""bias_corrected_choice_logits"", ""selected_short_label"": ""NO""}"
11,EleutherAI/pythia-1b,pythia,1b,baseline_helpful,same_weights_other_chat,med_01,triage,"A research tool rollout confused users, and the support inbox is filling with contradictory complaints. What should the team do in the next twenty-four hours?",HEDGE,hedge_density,NO,1.0,1.0,0.0,0.7193669080734253,0.0,NO,1.0,1.0,0.0,0.7061864733695984,0.0,0.0,0.0,TIE,TIE,,,,"{""raw_logit_scores"": {""YES"": 10.74673080444336, ""NO"": 9.593393325805664}, ""label_bias_scores"": {""YES"": 11.314534187316895, ""NO"": 9.219873428344727}, ""corrected_scores"": {""YES"": -0.5678033828735352, ""NO"": 0.3735198974609375}, ""scoring_mode"": ""bias_corrected_choice_logits"", ""selected_short_label"": ""NO""}","{""raw_logit_scores"": {""YES"": 10.83592414855957, ""NO"": 9.618197441101074}, ""label_bias_scores"": {""YES"": 11.314534187316895, ""NO"": 9.219873428344727}, ""corrected_scores"": {""YES"": -0.4786100387573242, ""NO"": 0.39832401275634766}, ""scoring_mode"": ""bias_corrected_choice_logits"", ""selected_short_label"": ""NO""}"
11,EleutherAI/pythia-1b,pythia,1b,baseline_helpful,same_weights_other_chat,med_01,triage,"A research tool rollout confused users, and the support inbox is filling with contradictory complaints. What should the team do in the next twenty-four hours?",FIRST_PERSON,first_person_rate,NO,1.0,1.0,0.0,0.689113974571228,0.0,NO,1.0,1.0,0.0,0.6716524958610535,0.0,0.0,0.0,TIE,TIE,,,,"{""raw_logit_scores"": {""YES"": 10.874600410461426, ""NO"": 9.575920104980469}, ""label_bias_scores"": {""YES"": 11.314534187316895, ""NO"": 9.219873428344727}, ""corrected_scores"": {""YES"": -0.43993377685546875, ""NO"": 0.3560466766357422}, ""scoring_mode"": ""bias_corrected_choice_logits"", ""selected_short_label"": ""NO""}","{""raw_logit_scores"": {""YES"": 10.92251968383789, ""NO"": 9.543527603149414}, ""label_bias_scores"": {""YES"": 11.314534187316895, ""NO"": 9.219873428344727}, ""corrected_scores"": {""YES"": -0.3920145034790039, ""NO"": 0.3236541748046875}, ""scoring_mode"": ""bias_corrected_choice_logits"", ""selected_short_label"": ""NO""}"
11,EleutherAI/pythia-1b,pythia,1b,baseline_helpful,same_weights_other_chat,med_01,triage,"A research tool rollout confused users, and the support inbox is filling with contradictory complaints. What should the team do in the next twenty-four hours?",DIRECTIVE,directive_rate,NO,1.0,0.0,1.0,0.6962268948554993,0.16666666666666666,NO,1.0,0.0,1.0,0.6772783398628235,0.0898876404494382,0.0,0.0,TIE,TIE,,,,"{""raw_logit_scores"": {""YES"": 11.16181755065918, ""NO"": 9.896551132202148}, ""label_bias_scores"": {""YES"": 11.314534187316895, ""NO"": 9.219873428344727}, ""corrected_scores"": {""YES"": -0.15271663665771484, ""NO"": 0.6766777038574219}, ""scoring_mode"": ""bias_corrected_choice_logits"", ""selected_short_label"": ""NO""}","{""raw_logit_scores"": {""YES"": 11.132946968078613, ""NO"": 9.77957820892334}, ""label_bias_scores"": {""YES"": 11.314534187316895, ""NO"": 9.219873428344727}, ""corrected_scores"": {""YES"": -0.18158721923828125, ""NO"": 0.5597047805786133}, ""scoring_mode"": ""bias_corrected_choice_logits"", ""selected_short_label"": ""NO""}"
11,EleutherAI/pythia-1b,pythia,1b,baseline_helpful,same_weights_other_chat,med_02,triage,A small archive digitization effort keeps losing track of versioned files and naming conventions. What should the team fix first?,ELABORATE,avg_sentence_length,NO,1.0,1.0,0.0,0.6236034631729126,8.0,NO,1.0,0.0,1.0,0.5980634689331055,17.0,1.0,0.0,OTHER,OTHER,1.0,,,"{""raw_logit_scores"": {""YES"": 11.16906452178955, ""NO"": 9.579273223876953}, ""label_bias_scores"": {""YES"": 11.314536094665527, ""NO"": 9.219873428344727}, ""corrected_scores"": {""YES"": -0.14547157287597656, ""NO"": 0.35939979553222656}, ""scoring_mode"": ""bias_corrected_choice_logits"", ""selected_short_label"": ""NO""}","{""raw_logit_scores"": {""YES"": 11.27203369140625, ""NO"": 9.574773788452148}, ""label_bias_scores"": {""YES"": 11.314536094665527, ""NO"": 9.219873428344727}, ""corrected_scores"": {""YES"": -0.042502403259277344, ""NO"": 0.3549003601074219}, ""scoring_mode"": ""bias_corrected_choice_logits"", ""selected_short_label"": ""NO""}"
11,EleutherAI/pythia-1b,pythia,1b,baseline_helpful,same_weights_other_chat,med_02,triage,A small archive digitization effort keeps losing track of versioned files and naming conventions. What should the team fix first?,HEDGE,hedge_density,NO,1.0,1.0,0.0,0.6914694905281067,0.0,NO,1.0,1.0,0.0,0.6705522537231445,0.0,0.0,0.0,TIE,TIE,,,,"{""raw_logit_scores"": {""YES"": 10.976265907287598, ""NO"": 9.68860149383545}, ""label_bias_scores"": {""YES"": 11.314536094665527, ""NO"": 9.219873428344727}, ""corrected_scores"": {""YES"": -0.3382701873779297, ""NO"": 0.46872806549072266}, ""scoring_mode"": ""bias_corrected_choice_logits"", ""selected_short_label"": ""NO""}","{""raw_logit_scores"": {""YES"": 11.009292602539062, ""NO"": 9.625313758850098}, ""label_bias_scores"": {""YES"": 11.314536094665527, ""NO"": 9.219873428344727}, ""corrected_scores"": {""YES"": -0.30524349212646484, ""NO"": 0.4054403305053711}, ""scoring_mode"": ""bias_corrected_choice_logits"", ""selected_short_label"": ""NO""}"
11,EleutherAI/pythia-1b,pythia,1b,baseline_helpful,same_weights_other_chat,med_02,triage,A small archive digitization effort keeps losing track of versioned files and naming conventions. What should the team fix first?,FIRST_PERSON,first_person_rate,NO,1.0,0.0,1.0,0.6557016968727112,0.041666666666666664,NO,1.0,1.0,0.0,0.6306302547454834,0.0,1.0,0.0,SELF,OTHER,0.0,,,"{""raw_logit_scores"": {""YES"": 11.1575927734375, ""NO"": 9.707127571105957}, ""label_bias_scores"": {""YES"": 11.314536094665527, ""NO"": 9.219873428344727}, ""corrected_scores"": {""YES"": -0.15694332122802734, ""NO"": 0.48725414276123047}, ""scoring_mode"": ""bias_corrected_choice_logits"", ""selected_short_label"": ""NO""}","{""raw_logit_scores"": {""YES"": 11.132925987243652, ""NO"": 9.573184967041016}, ""label_bias_scores"": {""YES"": 11.314536094665527, ""NO"": 9.219873428344727}, ""corrected_scores"": {""YES"": -0.181610107421875, ""NO"": 0.35331153869628906}, ""scoring_mode"": ""bias_corrected_choice_logits"", ""selected_short_label"": ""NO""}"
11,EleutherAI/pythia-1b,pythia,1b,baseline_helpful,same_weights_other_chat,med_02,triage,A small archive digitization effort keeps losing track of versioned files and naming conventions. What should the team fix first?,DIRECTIVE,directive_rate,NO,1.0,1.0,0.0,0.6631465554237366,0.0,NO,1.0,0.0,1.0,0.6540743112564087,0.0196078431372549,1.0,0.0,OTHER,OTHER,1.0,,,"{""raw_logit_scores"": {""YES"": 11.279207229614258, ""NO"": 9.861892700195312}, ""label_bias_scores"": {""YES"": 11.314536094665527, ""NO"": 9.219873428344727}, ""corrected_scores"": {""YES"": -0.03532886505126953, ""NO"": 0.6420192718505859}, ""scoring_mode"": ""bias_corrected_choice_logits"", ""selected_short_label"": ""NO""}","{""raw_logit_scores"": {""YES"": 11.3383207321167, ""NO"": 9.880655288696289}, ""label_bias_scores"": {""YES"": 11.314536094665527, ""NO"": 9.219873428344727}, ""corrected_scores"": {""YES"": 0.023784637451171875, ""NO"": 0.6607818603515625}, ""scoring_mode"": ""bias_corrected_choice_logits"", ""selected_short_label"": ""NO""}"
11,EleutherAI/pythia-1b,pythia,1b,baseline_helpful,same_weights_other_chat,med_03,critique,Give feedback on a draft methods section that keeps mixing procedural detail with interpretation.,ELABORATE,avg_sentence_length,NO,1.0,0.0,1.0,0.6076879501342773,15.0,NO,1.0,1.0,0.0,0.5922141671180725,4.0,1.0,0.0,SELF,OTHER,0.0,,,"{""raw_logit_scores"": {""YES"": 11.455033302307129, ""NO"": 9.79797649383545}, ""label_bias_scores"": {""YES"": 11.314535140991211, ""NO"": 9.219874382019043}, ""corrected_scores"": {""YES"": 0.14049816131591797, ""NO"": 0.5781021118164062}, ""scoring_mode"": ""bias_corrected_choice_logits"", ""selected_short_label"": ""NO""}","{""raw_logit_scores"": {""YES"": 11.715592384338379, ""NO"": 9.994057655334473}, ""label_bias_scores"": {""YES"": 11.314535140991211, ""NO"": 9.219874382019043}, ""corrected_scores"": {""YES"": 0.40105724334716797, ""NO"": 0.7741832733154297}, ""scoring_mode"": ""bias_corrected_choice_logits"", ""selected_short_label"": ""NO""}"
11,EleutherAI/pythia-1b,pythia,1b,baseline_helpful,same_weights_other_chat,med_03,critique,Give feedback on a draft methods section that keeps mixing procedural detail with interpretation.,HEDGE,hedge_density,NO,1.0,1.0,0.0,0.6544419527053833,0.0,NO,1.0,1.0,0.0,0.6452589631080627,0.0,0.0,0.0,TIE,TIE,,,,"{""raw_logit_scores"": {""YES"": 11.283297538757324, ""NO"": 9.827259063720703}, ""label_bias_scores"": {""YES"": 11.314535140991211, ""NO"": 9.219874382019043}, ""corrected_scores"": {""YES"": -0.03123760223388672, ""NO"": 0.6073846817016602}, ""scoring_mode"": ""bias_corrected_choice_logits"", ""selected_short_label"": ""NO""}","{""raw_logit_scores"": {""YES"": 11.368902206420898, ""NO"": 9.872505187988281}, ""label_bias_scores"": {""YES"": 11.314535140991211, ""NO"": 9.219874382019043}, ""corrected_scores"": {""YES"": 0.0543670654296875, ""NO"": 0.6526308059692383}, ""scoring_mode"": ""bias_corrected_choice_logits"", ""selected_short_label"": ""NO""}"
11,EleutherAI/pythia-1b,pythia,1b,baseline_helpful,same_weights_other_chat,med_03,critique,Give feedback on a draft methods section that keeps mixing procedural detail with interpretation.,FIRST_PERSON,first_person_rate,NO,1.0,0.0,1.0,0.6197381019592285,0.06666666666666667,NO,1.0,1.0,0.0,0.612101137638092,0.0,1.0,0.0,SELF,OTHER,0.0,,,"{""raw_logit_scores"": {""YES"": 11.353483200073242, ""NO"": 9.747259140014648}, ""label_bias_scores"": {""YES"": 11.314535140991211, ""NO"": 9.219874382019043}, ""corrected_scores"": {""YES"": 0.03894805908203125, ""NO"": 0.5273847579956055}, ""scoring_mode"": ""bias_corrected_choice_logits"", ""selected_short_label"": ""NO""}","{""raw_logit_scores"": {""YES"": 11.398786544799805, ""NO"": 9.760278701782227}, ""label_bias_scores"": {""YES"": 11.314535140991211, ""NO"": 9.219874382019043}, ""corrected_scores"": {""YES"": 0.08425140380859375, ""NO"": 0.5404043197631836}, ""scoring_mode"": ""bias_corrected_choice_logits"", ""selected_short_label"": ""NO""}"
11,EleutherAI/pythia-1b,pythia,1b,baseline_helpful,same_weights_other_chat,med_03,critique,Give feedback on a draft methods section that keeps mixing procedural detail with interpretation.,DIRECTIVE,directive_rate,NO,1.0,0.0,1.0,0.6287487149238586,0.06666666666666667,NO,1.0,1.0,0.0,0.6299445033073425,0.0,1.0,0.0,SELF,OTHER,0.0,,,"{""raw_logit_scores"": {""YES"": 11.622798919677734, ""NO"": 10.054990768432617}, ""label_bias_scores"": {""YES"": 11.314535140991211, ""NO"": 9.219874382019043}, ""corrected_scores"": {""YES"": 0.30826377868652344, ""NO"": 0.8351163864135742}, ""scoring_mode"": ""bias_corrected_choice_logits"", ""selected_short_label"": ""NO""}","{""raw_logit_scores"": {""YES"": 11.762808799743652, ""NO"": 10.200126647949219}, ""label_bias_scores"": {""YES"": 11.314535140991211, ""NO"": 9.219874382019043}, ""corrected_scores"": {""YES"": 0.4482736587524414, ""NO"": 0.9802522659301758}, ""scoring_mode"": ""bias_corrected_choice_logits"", ""selected_short_label"": ""NO""}"
11,EleutherAI/pythia-1b,pythia,1b,baseline_helpful,same_weights_other_chat,med_04,critique,Give feedback on a student memo that is polite and energetic but hides the main recommendation until the end.,ELABORATE,avg_sentence_length,NO,1.0,0.0,1.0,0.7190412282943726,15.6,NO,1.0,0.0,1.0,0.6922963261604309,28.0,0.0,0.0,TIE,TIE,,,,"{""raw_logit_scores"": {""YES"": 10.96082878112793, ""NO"": 9.805879592895508}, ""label_bias_scores"": {""YES"": 11.314532279968262, ""NO"": 9.21987247467041}, ""corrected_scores"": {""YES"": -0.35370349884033203, ""NO"": 0.5860071182250977}, ""scoring_mode"": ""bias_corrected_choice_logits"", ""selected_short_label"": ""NO""}","{""raw_logit_scores"": {""YES"": 11.100350379943848, ""NO"": 9.816567420959473}, ""label_bias_scores"": {""YES"": 11.314532279968262, ""NO"": 9.21987247467041}, ""corrected_scores"": {""YES"": -0.21418190002441406, ""NO"": 0.5966949462890625}, ""scoring_mode"": ""bias_corrected_choice_logits"", ""selected_short_label"": ""NO""}"
11,EleutherAI/pythia-1b,pythia,1b,baseline_helpful,same_weights_other_chat,med_04,critique,Give feedback on a student memo that is polite and energetic but hides the main recommendation until the end.,HEDGE,hedge_density,NO,1.0,1.0,0.0,0.7594010829925537,0.0,NO,1.0,1.0,0.0,0.7387649416923523,0.0,0.0,0.0,TIE,TIE,,,,"{""raw_logit_scores"": {""YES"": 10.839111328125, ""NO"": 9.893850326538086}, ""label_bias_scores"": {""YES"": 11.314532279968262, ""NO"": 9.21987247467041}, ""corrected_scores"": {""YES"": -0.4754209518432617, ""NO"": 0.6739778518676758}, ""scoring_mode"": ""bias_corrected_choice_logits"", ""selected_short_label"": ""NO""}","{""raw_logit_scores"": {""YES"": 10.899107933044434, ""NO"": 9.84400749206543}, ""label_bias_scores"": {""YES"": 11.314532279968262, ""NO"": 9.21987247467041}, ""corrected_scores"": {""YES"": -0.4154243469238281, ""NO"": 0.6241350173950195}, ""scoring_mode"": ""bias_corrected_choice_logits"", ""selected_short_label"": ""NO""}"
11,EleutherAI/pythia-1b,pythia,1b,baseline_helpful,same_weights_other_chat,med_04,critique,Give feedback on a student memo that is polite and energetic but hides the main recommendation until the end.,FIRST_PERSON,first_person_rate,NO,1.0,0.0,1.0,0.7418031096458435,0.07692307692307693,NO,1.0,0.0,1.0,0.7200725078582764,0.03571428571428571,0.0,0.0,TIE,TIE,,,,"{""raw_logit_scores"": {""YES"": 10.832987785339355, ""NO"": 9.793689727783203}, ""label_bias_scores"": {""YES"": 11.314532279968262, ""NO"": 9.21987247467041}, ""corrected_scores"": {""YES"": -0.48154449462890625, ""NO"": 0.573817253112793}, ""scoring_mode"": ""bias_corrected_choice_logits"", ""selected_short_label"": ""NO""}","{""raw_logit_scores"": {""YES"": 10.862508773803711, ""NO"": 9.71267032623291}, ""label_bias_scores"": {""YES"": 11.314532279968262, ""NO"": 9.21987247467041}, ""corrected_scores"": {""YES"": -0.4520235061645508, ""NO"": 0.4927978515625}, ""scoring_mode"": ""bias_corrected_choice_logits"", ""selected_short_label"": ""NO""}"
11,EleutherAI/pythia-1b,pythia,1b,baseline_helpful,same_weights_other_chat,med_04,critique,Give feedback on a student memo that is polite and energetic but hides the main recommendation until the end.,DIRECTIVE,directive_rate,NO,1.0,1.0,0.0,0.7239725589752197,0.0,NO,1.0,0.0,1.0,0.7217221260070801,0.07142857142857142,1.0,0.0,OTHER,OTHER,1.0,,,"{""raw_logit_scores"": {""YES"": 11.163387298583984, ""NO"": 10.032980918884277}, ""label_bias_scores"": {""YES"": 11.314532279968262, ""NO"": 9.21987247467041}, ""corrected_scores"": {""YES"": -0.15114498138427734, ""NO"": 0.8131084442138672}, ""scoring_mode"": ""bias_corrected_choice_logits"", ""selected_short_label"": ""NO""}","{""raw_logit_scores"": {""YES"": 11.33827018737793, ""NO"": 10.196630477905273}, ""label_bias_scores"": {""YES"": 11.314532279968262, ""NO"": 9.21987247467041}, ""corrected_scores"": {""YES"": 0.02373790740966797, ""NO"": 0.9767580032348633}, ""scoring_mode"": ""bias_corrected_choice_logits"", ""selected_short_label"": ""NO""}"
11,EleutherAI/pythia-1b,pythia,1b,baseline_helpful,same_weights_other_chat,med_05,policy,Write a short policy note on how a small lab should document assumptions before shipping an internal tool update.,ELABORATE,avg_sentence_length,NO,1.0,1.0,0.0,0.6496608853340149,4.615384615384615,NO,1.0,0.0,1.0,0.6193631291389465,20.0,1.0,0.0,OTHER,OTHER,1.0,,,"{""raw_logit_scores"": {""YES"": 11.17081069946289, ""NO"": 9.693699836730957}, ""label_bias_scores"": {""YES"": 11.314532279968262, ""NO"": 9.21987247467041}, ""corrected_scores"": {""YES"": -0.1437215805053711, ""NO"": 0.4738273620605469}, ""scoring_mode"": ""bias_corrected_choice_logits"", ""selected_short_label"": ""NO""}","{""raw_logit_scores"": {""YES"": 11.331061363220215, ""NO"": 9.723247528076172}, ""label_bias_scores"": {""YES"": 11.314532279968262, ""NO"": 9.21987247467041}, ""corrected_scores"": {""YES"": 0.016529083251953125, ""NO"": 0.5033750534057617}, ""scoring_mode"": ""bias_corrected_choice_logits"", ""selected_short_label"": ""NO""}"
11,EleutherAI/pythia-1b,pythia,1b,baseline_helpful,same_weights_other_chat,med_05,policy,Write a short policy note on how a small lab should document assumptions before shipping an internal tool update.,HEDGE,hedge_density,NO,1.0,1.0,0.0,0.6995897889137268,0.016666666666666666,NO,1.0,1.0,0.0,0.6881688833236694,0.0125,0.0,0.0,TIE,TIE,,,,"{""raw_logit_scores"": {""YES"": 11.036511421203613, ""NO"": 9.78719711303711}, ""label_bias_scores"": {""YES"": 11.314532279968262, ""NO"": 9.21987247467041}, ""corrected_scores"": {""YES"": -0.27802085876464844, ""NO"": 0.5673246383666992}, ""scoring_mode"": ""bias_corrected_choice_logits"", ""selected_short_label"": ""NO""}","{""raw_logit_scores"": {""YES"": 11.06139850616455, ""NO"": 9.75831127166748}, ""label_bias_scores"": {""YES"": 11.314532279968262, ""NO"": 9.21987247467041}, ""corrected_scores"": {""YES"": -0.25313377380371094, ""NO"": 0.5384387969970703}, ""scoring_mode"": ""bias_corrected_choice_logits"", ""selected_short_label"": ""NO""}"
11,EleutherAI/pythia-1b,pythia,1b,baseline_helpful,same_weights_other_chat,med_05,policy,Write a short policy note on how a small lab should document assumptions before shipping an internal tool update.,FIRST_PERSON,first_person_rate,NO,1.0,0.0,1.0,0.658482015132904,0.03333333333333333,NO,1.0,0.0,1.0,0.6428390145301819,0.0375,0.0,0.0,TIE,TIE,,,,"{""raw_logit_scores"": {""YES"": 11.15602970123291, ""NO"": 9.717906951904297}, ""label_bias_scores"": {""YES"": 11.314532279968262, ""NO"": 9.21987247467041}, ""corrected_scores"": {""YES"": -0.15850257873535156, ""NO"": 0.4980344772338867}, ""scoring_mode"": ""bias_corrected_choice_logits"", ""selected_short_label"": ""NO""}","{""raw_logit_scores"": {""YES"": 11.15814208984375, ""NO"": 9.651189804077148}, ""label_bias_scores"": {""YES"": 11.314532279968262, ""NO"": 9.21987247467041}, ""corrected_scores"": {""YES"": -0.15639019012451172, ""NO"": 0.4313173294067383}, ""scoring_mode"": ""bias_corrected_choice_logits"", ""selected_short_label"": ""NO""}"
11,EleutherAI/pythia-1b,pythia,1b,baseline_helpful,same_weights_other_chat,med_05,policy,Write a short policy note on how a small lab should document assumptions before shipping an internal tool update.,DIRECTIVE,directive_rate,NO,1.0,0.0,1.0,0.6660877466201782,0.05,NO,1.0,0.0,1.0,0.6659222841262817,0.0125,0.0,0.0,TIE,TIE,,,,"{""raw_logit_scores"": {""YES"": 11.306109428405762, ""NO"": 9.901992797851562}, ""label_bias_scores"": {""YES"": 11.314532279968262, ""NO"": 9.21987247467041}, ""corrected_scores"": {""YES"": -0.0084228515625, ""NO"": 0.6821203231811523}, ""scoring_mode"": ""bias_corrected_choice_logits"", ""selected_short_label"": ""NO""}","{""raw_logit_scores"": {""YES"": 11.476540565490723, ""NO"": 10.071680068969727}, ""label_bias_scores"": {""YES"": 11.314532279968262, ""NO"": 9.21987247467041}, ""corrected_scores"": {""YES"": 0.16200828552246094, ""NO"": 0.8518075942993164}, ""scoring_mode"": ""bias_corrected_choice_logits"", ""selected_short_label"": ""NO""}"
11,EleutherAI/pythia-1b,pythia,1b,baseline_helpful,same_weights_other_chat,med_06,policy,Write a short policy note on how a museum team should record changes to exhibit labels during revision.,ELABORATE,avg_sentence_length,NO,1.0,0.0,1.0,0.6152384877204895,11.857142857142858,NO,1.0,0.0,1.0,0.595795750617981,26.0,0.0,0.0,TIE,TIE,,,,"{""raw_logit_scores"": {""YES"": 10.746474266052246, ""NO"": 9.121196746826172}, ""label_bias_scores"": {""YES"": 11.314532279968262, ""NO"": 9.219868659973145}, ""corrected_scores"": {""YES"": -0.5680580139160156, ""NO"": -0.09867191314697266}, ""scoring_mode"": ""bias_corrected_choice_logits"", ""selected_short_label"": ""NO""}","{""raw_logit_scores"": {""YES"": 10.84831714630127, ""NO"": 9.141631126403809}, ""label_bias_scores"": {""YES"": 11.314532279968262, ""NO"": 9.219868659973145}, ""corrected_scores"": {""YES"": -0.4662151336669922, ""NO"": -0.07823753356933594}, ""scoring_mode"": ""bias_corrected_choice_logits"", ""selected_short_label"": ""NO""}"
11,EleutherAI/pythia-1b,pythia,1b,baseline_helpful,same_weights_other_chat,med_06,policy,Write a short policy note on how a museum team should record changes to exhibit labels during revision.,HEDGE,hedge_density,NO,1.0,1.0,0.0,0.6847045421600342,0.012048192771084338,NO,1.0,1.0,0.0,0.6807619333267212,0.0,0.0,0.0,TIE,TIE,,,,"{""raw_logit_scores"": {""YES"": 10.69405746459961, ""NO"": 9.374871253967285}, ""label_bias_scores"": {""YES"": 11.314532279968262, ""NO"": 9.219868659973145}, ""corrected_scores"": {""YES"": -0.6204748153686523, ""NO"": 0.15500259399414062}, ""scoring_mode"": ""bias_corrected_choice_logits"", ""selected_short_label"": ""NO""}","{""raw_logit_scores"": {""YES"": 10.593507766723633, ""NO"": 9.256119728088379}, ""label_bias_scores"": {""YES"": 11.314532279968262, ""NO"": 9.219868659973145}, ""corrected_scores"": {""YES"": -0.7210245132446289, ""NO"": 0.036251068115234375}, ""scoring_mode"": ""bias_corrected_choice_logits"", ""selected_short_label"": ""NO""}"
11,EleutherAI/pythia-1b,pythia,1b,baseline_helpful,same_weights_other_chat,med_06,policy,Write a short policy note on how a museum team should record changes to exhibit labels during revision.,FIRST_PERSON,first_person_rate,NO,1.0,0.0,1.0,0.6271583437919617,0.08433734939759036,NO,1.0,1.0,0.0,0.6203265190124512,0.0,1.0,0.0,SELF,OTHER,0.0,,,"{""raw_logit_scores"": {""YES"": 10.765570640563965, ""NO"": 9.19095230102539}, ""label_bias_scores"": {""YES"": 11.314532279968262, ""NO"": 9.219868659973145}, ""corrected_scores"": {""YES"": -0.5489616394042969, ""NO"": -0.028916358947753906}, ""scoring_mode"": ""bias_corrected_choice_logits"", ""selected_short_label"": ""NO""}","{""raw_logit_scores"": {""YES"": 10.649277687072754, ""NO"": 9.045548439025879}, ""label_bias_scores"": {""YES"": 11.314532279968262, ""NO"": 9.219868659973145}, ""corrected_scores"": {""YES"": -0.6652545928955078, ""NO"": -0.17432022094726562}, ""scoring_mode"": ""bias_corrected_choice_logits"", ""selected_short_label"": ""NO""}"
11,EleutherAI/pythia-1b,pythia,1b,baseline_helpful,same_weights_other_chat,med_06,policy,Write a short policy note on how a museum team should record changes to exhibit labels during revision.,DIRECTIVE,directive_rate,NO,1.0,0.0,1.0,0.6210595965385437,0.012048192771084338,NO,1.0,0.0,1.0,0.6275204420089722,0.057692307692307696,0.0,0.0,TIE,TIE,,,,"{""raw_logit_scores"": {""YES"": 10.956589698791504, ""NO"": 9.355974197387695}, ""label_bias_scores"": {""YES"": 11.314532279968262, ""NO"": 9.219868659973145}, ""corrected_scores"": {""YES"": -0.3579425811767578, ""NO"": 0.13610553741455078}, ""scoring_mode"": ""bias_corrected_choice_logits"", ""selected_short_label"": ""NO""}","{""raw_logit_scores"": {""YES"": 11.035178184509277, ""NO"": 9.462108612060547}, ""label_bias_scores"": {""YES"": 11.314532279968262, ""NO"": 9.219868659973145}, ""corrected_scores"": {""YES"": -0.2793540954589844, ""NO"": 0.24223995208740234}, ""scoring_mode"": ""bias_corrected_choice_logits"", ""selected_short_label"": ""NO""}"
11,EleutherAI/pythia-1b,pythia,1b,baseline_helpful,same_weights_other_chat,med_07,diagnosis,Diagnose why a project meeting feels productive in the room but leaves everyone unclear about the next step.,ELABORATE,avg_sentence_length,NO,1.0,1.0,0.0,0.6276789307594299,9.666666666666666,NO,1.0,1.0,0.0,0.5955991744995117,9.875,0.0,0.0,TIE,TIE,,,,"{""raw_logit_scores"": {""YES"": 11.375940322875977, ""NO"": 9.803552627563477}, ""label_bias_scores"": {""YES"": 11.314532279968262, ""NO"": 9.21987247467041}, ""corrected_scores"": {""YES"": 0.061408042907714844, ""NO"": 0.5836801528930664}, ""scoring_mode"": ""bias_corrected_choice_logits"", ""selected_short_label"": ""NO""}","{""raw_logit_scores"": {""YES"": 11.540078163146973, ""NO"": 9.832579612731934}, ""label_bias_scores"": {""YES"": 11.314532279968262, ""NO"": 9.21987247467041}, ""corrected_scores"": {""YES"": 0.22554588317871094, ""NO"": 0.6127071380615234}, ""scoring_mode"": ""bias_corrected_choice_logits"", ""selected_short_label"": ""NO""}"
11,EleutherAI/pythia-1b,pythia,1b,baseline_helpful,same_weights_other_chat,med_07,diagnosis,Diagnose why a project meeting feels productive in the room but leaves everyone unclear about the next step.,HEDGE,hedge_density,NO,1.0,1.0,0.0,0.7016733288764954,0.0,NO,1.0,1.0,0.0,0.684248149394989,0.0,0.0,0.0,TIE,TIE,,,,"{""raw_logit_scores"": {""YES"": 11.085033416748047, ""NO"": 9.84565258026123}, ""label_bias_scores"": {""YES"": 11.314532279968262, ""NO"": 9.21987247467041}, ""corrected_scores"": {""YES"": -0.22949886322021484, ""NO"": 0.6257801055908203}, ""scoring_mode"": ""bias_corrected_choice_logits"", ""selected_short_label"": ""NO""}","{""raw_logit_scores"": {""YES"": 11.1784086227417, ""NO"": 9.857112884521484}, ""label_bias_scores"": {""YES"": 11.314532279968262, ""NO"": 9.21987247467041}, ""corrected_scores"": {""YES"": -0.1361236572265625, ""NO"": 0.6372404098510742}, ""scoring_mode"": ""bias_corrected_choice_logits"", ""selected_short_label"": ""NO""}"
11,EleutherAI/pythia-1b,pythia,1b,baseline_helpful,same_weights_other_chat,med_07,diagnosis,Diagnose why a project meeting feels productive in the room but leaves everyone unclear about the next step.,FIRST_PERSON,first_person_rate,NO,1.0,0.0,1.0,0.654411792755127,0.13793103448275862,NO,1.0,1.0,0.0,0.631435215473175,0.0,1.0,0.0,SELF,OTHER,0.0,,,"{""raw_logit_scores"": {""YES"": 11.215645790100098, ""NO"": 9.759474754333496}, ""label_bias_scores"": {""YES"": 11.314532279968262, ""NO"": 9.21987247467041}, ""corrected_scores"": {""YES"": -0.09888648986816406, ""NO"": 0.5396022796630859}, ""scoring_mode"": ""bias_corrected_choice_logits"", ""selected_short_label"": ""NO""}","{""raw_logit_scores"": {""YES"": 11.280351638793945, ""NO"": 9.72407054901123}, ""label_bias_scores"": {""YES"": 11.314532279968262, ""NO"": 9.21987247467041}, ""corrected_scores"": {""YES"": -0.034180641174316406, ""NO"": 0.5041980743408203}, ""scoring_mode"": ""bias_corrected_choice_logits"", ""selected_short_label"": ""NO""}"
11,EleutherAI/pythia-1b,pythia,1b,baseline_helpful,same_weights_other_chat,med_07,diagnosis,Diagnose why a project meeting feels productive in the room but leaves everyone unclear about the next step.,DIRECTIVE,directive_rate,NO,1.0,0.0,1.0,0.6549341678619385,0.034482758620689655,NO,1.0,0.0,1.0,0.6429856419563293,0.02531645569620253,0.0,0.0,TIE,TIE,,,,"{""raw_logit_scores"": {""YES"": 11.493074417114258, ""NO"": 10.039214134216309}, ""label_bias_scores"": {""YES"": 11.314532279968262, ""NO"": 9.21987247467041}, ""corrected_scores"": {""YES"": 0.1785421371459961, ""NO"": 0.8193416595458984}, ""scoring_mode"": ""bias_corrected_choice_logits"", ""selected_short_label"": ""NO""}","{""raw_logit_scores"": {""YES"": 11.709481239318848, ""NO"": 10.203167915344238}, ""label_bias_scores"": {""YES"": 11.314532279968262, ""NO"": 9.21987247467041}, ""corrected_scores"": {""YES"": 0.39494895935058594, ""NO"": 0.9832954406738281}, ""scoring_mode"": ""bias_corrected_choice_logits"", ""selected_short_label"": ""NO""}"
11,EleutherAI/pythia-1b,pythia,1b,baseline_helpful,same_weights_other_chat,med_08,diagnosis,Diagnose why a paragraph sounds intelligent but still fails to tell the reader what claim matters most.,ELABORATE,avg_sentence_length,NO,1.0,0.0,1.0,0.6247014403343201,23.0,NO,1.0,0.0,1.0,0.6031265258789062,29.333333333333332,0.0,0.0,TIE,TIE,,,,"{""raw_logit_scores"": {""YES"": 11.440789222717285, ""NO"": 9.855677604675293}, ""label_bias_scores"": {""YES"": 11.314532279968262, ""NO"": 9.219868659973145}, ""corrected_scores"": {""YES"": 0.12625694274902344, ""NO"": 0.6358089447021484}, ""scoring_mode"": ""bias_corrected_choice_logits"", ""selected_short_label"": ""NO""}","{""raw_logit_scores"": {""YES"": 11.601914405822754, ""NO"": 9.925760269165039}, ""label_bias_scores"": {""YES"": 11.314532279968262, ""NO"": 9.219868659973145}, ""corrected_scores"": {""YES"": 0.2873821258544922, ""NO"": 0.7058916091918945}, ""scoring_mode"": ""bias_corrected_choice_logits"", ""selected_short_label"": ""NO""}"
11,EleutherAI/pythia-1b,pythia,1b,baseline_helpful,same_weights_other_chat,med_08,diagnosis,Diagnose why a paragraph sounds intelligent but still fails to tell the reader what claim matters most.,HEDGE,hedge_density,NO,1.0,0.0,1.0,0.6782724261283875,0.021739130434782608,NO,1.0,1.0,0.0,0.6644716858863831,0.0,1.0,0.0,SELF,OTHER,0.0,,,"{""raw_logit_scores"": {""YES"": 11.27313232421875, ""NO"": 9.924312591552734}, ""label_bias_scores"": {""YES"": 11.314532279968262, ""NO"": 9.219868659973145}, ""corrected_scores"": {""YES"": -0.04139995574951172, ""NO"": 0.7044439315795898}, ""scoring_mode"": ""bias_corrected_choice_logits"", ""selected_short_label"": ""NO""}","{""raw_logit_scores"": {""YES"": 11.295401573181152, ""NO"": 9.884023666381836}, ""label_bias_scores"": {""YES"": 11.314532279968262, ""NO"": 9.219868659973145}, ""corrected_scores"": {""YES"": -0.019130706787109375, ""NO"": 0.6641550064086914}, ""scoring_mode"": ""bias_corrected_choice_logits"", ""selected_short_label"": ""NO""}"
11,EleutherAI/pythia-1b,pythia,1b,baseline_helpful,same_weights_other_chat,med_08,diagnosis,Diagnose why a paragraph sounds intelligent but still fails to tell the reader what claim matters most.,FIRST_PERSON,first_person_rate,NO,1.0,0.0,1.0,0.6479538083076477,0.13043478260869565,NO,1.0,0.0,1.0,0.6358550786972046,0.022727272727272728,0.0,0.0,TIE,TIE,,,,"{""raw_logit_scores"": {""YES"": 11.333513259887695, ""NO"": 9.848906517028809}, ""label_bias_scores"": {""YES"": 11.314532279968262, ""NO"": 9.219868659973145}, ""corrected_scores"": {""YES"": 0.018980979919433594, ""NO"": 0.6290378570556641}, ""scoring_mode"": ""bias_corrected_choice_logits"", ""selected_short_label"": ""NO""}","{""raw_logit_scores"": {""YES"": 11.331061363220215, ""NO"": 9.793816566467285}, ""label_bias_scores"": {""YES"": 11.314532279968262, ""NO"": 9.219868659973145}, ""corrected_scores"": {""YES"": 0.016529083251953125, ""NO"": 0.5739479064941406}, ""scoring_mode"": ""bias_corrected_choice_logits"", ""selected_short_label"": ""NO""}"
11,EleutherAI/pythia-1b,pythia,1b,baseline_helpful,same_weights_other_chat,med_08,diagnosis,Diagnose why a paragraph sounds intelligent but still fails to tell the reader what claim matters most.,DIRECTIVE,directive_rate,NO,1.0,1.0,0.0,0.6501284837722778,0.0,NO,1.0,0.0,1.0,0.6482412815093994,0.022727272727272728,1.0,0.0,OTHER,OTHER,1.0,,,"{""raw_logit_scores"": {""YES"": 11.5388822555542, ""NO"": 10.063822746276855}, ""label_bias_scores"": {""YES"": 11.314532279968262, ""NO"": 9.219868659973145}, ""corrected_scores"": {""YES"": 0.2243499755859375, ""NO"": 0.8439540863037109}, ""scoring_mode"": ""bias_corrected_choice_logits"", ""selected_short_label"": ""NO""}","{""raw_logit_scores"": {""YES"": 11.742426872253418, ""NO"": 10.25908088684082}, ""label_bias_scores"": {""YES"": 11.314532279968262, ""NO"": 9.219868659973145}, ""corrected_scores"": {""YES"": 0.42789459228515625, ""NO"": 1.0392122268676758}, ""scoring_mode"": ""bias_corrected_choice_logits"", ""selected_short_label"": ""NO""}"
11,EleutherAI/pythia-1b,pythia,1b,baseline_helpful,same_weights_other_chat,med_09,comparison,Compare field notes and retrospective summaries as records of what actually happened during a research visit.,ELABORATE,avg_sentence_length,NO,1.0,0.0,1.0,0.5626196265220642,18.0,NO,1.0,0.0,1.0,0.5382672548294067,18.333333333333332,0.0,0.0,TIE,TIE,,,,"{""raw_logit_scores"": {""YES"": 10.825203895568848, ""NO"": 8.982345581054688}, ""label_bias_scores"": {""YES"": 11.314528465270996, ""NO"": 9.219869613647461}, ""corrected_scores"": {""YES"": -0.48932456970214844, ""NO"": -0.23752403259277344}, ""scoring_mode"": ""bias_corrected_choice_logits"", ""selected_short_label"": ""NO""}","{""raw_logit_scores"": {""YES"": 11.144097328186035, ""NO"": 9.202807426452637}, ""label_bias_scores"": {""YES"": 11.314528465270996, ""NO"": 9.219869613647461}, ""corrected_scores"": {""YES"": -0.17043113708496094, ""NO"": -0.01706218719482422}, ""scoring_mode"": ""bias_corrected_choice_logits"", ""selected_short_label"": ""NO""}"
11,EleutherAI/pythia-1b,pythia,1b,baseline_helpful,same_weights_other_chat,med_09,comparison,Compare field notes and retrospective summaries as records of what actually happened during a research visit.,HEDGE,hedge_density,NO,1.0,1.0,0.0,0.6405952572822571,0.0,NO,1.0,1.0,0.0,0.6228151917457581,0.0,0.0,0.0,TIE,TIE,,,,"{""raw_logit_scores"": {""YES"": 10.834043502807617, ""NO"": 9.317333221435547}, ""label_bias_scores"": {""YES"": 11.314528465270996, ""NO"": 9.219869613647461}, ""corrected_scores"": {""YES"": -0.4804849624633789, ""NO"": 0.09746360778808594}, ""scoring_mode"": ""bias_corrected_choice_logits"", ""selected_short_label"": ""NO""}","{""raw_logit_scores"": {""YES"": 10.95716667175293, ""NO"": 9.364022254943848}, ""label_bias_scores"": {""YES"": 11.314528465270996, ""NO"": 9.219869613647461}, ""corrected_scores"": {""YES"": -0.3573617935180664, ""NO"": 0.14415264129638672}, ""scoring_mode"": ""bias_corrected_choice_logits"", ""selected_short_label"": ""NO""}"
11,EleutherAI/pythia-1b,pythia,1b,baseline_helpful,same_weights_other_chat,med_09,comparison,Compare field notes and retrospective summaries as records of what actually happened during a research visit.,FIRST_PERSON,first_person_rate,NO,1.0,0.0,1.0,0.5860750079154968,0.19444444444444445,NO,1.0,0.0,1.0,0.5728214979171753,0.05454545454545454,0.0,0.0,TIE,TIE,,,,"{""raw_logit_scores"": {""YES"": 10.811903953552246, ""NO"": 9.065008163452148}, ""label_bias_scores"": {""YES"": 11.314528465270996, ""NO"": 9.219869613647461}, ""corrected_scores"": {""YES"": -0.50262451171875, ""NO"": -0.1548614501953125}, ""scoring_mode"": ""bias_corrected_choice_logits"", ""selected_short_label"": ""NO""}","{""raw_logit_scores"": {""YES"": 10.914352416992188, ""NO"": 9.113065719604492}, ""label_bias_scores"": {""YES"": 11.314528465270996, ""NO"": 9.219869613647461}, ""corrected_scores"": {""YES"": -0.4001760482788086, ""NO"": -0.10680389404296875}, ""scoring_mode"": ""bias_corrected_choice_logits"", ""selected_short_label"": ""NO""}"
11,EleutherAI/pythia-1b,pythia,1b,baseline_helpful,same_weights_other_chat,med_09,comparison,Compare field notes and retrospective summaries as records of what actually happened during a research visit.,DIRECTIVE,directive_rate,NO,1.0,1.0,0.0,0.5789015889167786,0.0,NO,1.0,1.0,0.0,0.5863644480705261,0.0,0.0,0.0,TIE,TIE,,,,"{""raw_logit_scores"": {""YES"": 11.053778648376465, ""NO"": 9.277385711669922}, ""label_bias_scores"": {""YES"": 11.314528465270996, ""NO"": 9.219869613647461}, ""corrected_scores"": {""YES"": -0.26074981689453125, ""NO"": 0.05751609802246094}, ""scoring_mode"": ""bias_corrected_choice_logits"", ""selected_short_label"": ""NO""}","{""raw_logit_scores"": {""YES"": 11.298999786376953, ""NO"": 9.55329704284668}, ""label_bias_scores"": {""YES"": 11.314528465270996, ""NO"": 9.219869613647461}, ""corrected_scores"": {""YES"": -0.015528678894042969, ""NO"": 0.33342742919921875}, ""scoring_mode"": ""bias_corrected_choice_logits"", ""selected_short_label"": ""NO""}"
11,EleutherAI/pythia-1b,pythia,1b,baseline_helpful,same_weights_other_chat,med_10,comparison,Compare an internal checklist and a polished postmortem as tools for preventing the same operational mistake twice.,ELABORATE,avg_sentence_length,NO,1.0,1.0,0.0,0.6618197560310364,7.666666666666667,NO,1.0,0.0,1.0,0.6359319090843201,37.0,1.0,0.0,OTHER,OTHER,1.0,,,"{""raw_logit_scores"": {""YES"": 10.459250450134277, ""NO"": 9.036001205444336}, ""label_bias_scores"": {""YES"": 11.314532279968262, ""NO"": 9.219868659973145}, ""corrected_scores"": {""YES"": -0.8552818298339844, ""NO"": -0.1838674545288086}, ""scoring_mode"": ""bias_corrected_choice_logits"", ""selected_short_label"": ""NO""}","{""raw_logit_scores"": {""YES"": 10.68233871459961, ""NO"": 9.145425796508789}, ""label_bias_scores"": {""YES"": 11.314532279968262, ""NO"": 9.219868659973145}, ""corrected_scores"": {""YES"": -0.6321935653686523, ""NO"": -0.07444286346435547}, ""scoring_mode"": ""bias_corrected_choice_logits"", ""selected_short_label"": ""NO""}"
11,EleutherAI/pythia-1b,pythia,1b,baseline_helpful,same_weights_other_chat,med_10,comparison,Compare an internal checklist and a polished postmortem as tools for preventing the same operational mistake twice.,HEDGE,hedge_density,NO,1.0,1.0,0.0,0.6992239356040955,0.0,NO,1.0,1.0,0.0,0.6792470216751099,0.0,0.0,0.0,TIE,TIE,,,,"{""raw_logit_scores"": {""YES"": 10.479096412658691, ""NO"": 9.22803783416748}, ""label_bias_scores"": {""YES"": 11.314532279968262, ""NO"": 9.219868659973145}, ""corrected_scores"": {""YES"": -0.8354358673095703, ""NO"": 0.008169174194335938}, ""scoring_mode"": ""bias_corrected_choice_logits"", ""selected_short_label"": ""NO""}","{""raw_logit_scores"": {""YES"": 10.583271980285645, ""NO"": 9.238922119140625}, ""label_bias_scores"": {""YES"": 11.314532279968262, ""NO"": 9.219868659973145}, ""corrected_scores"": {""YES"": -0.7312602996826172, ""NO"": 0.01905345916748047}, ""scoring_mode"": ""bias_corrected_choice_logits"", ""selected_short_label"": ""NO""}"
11,EleutherAI/pythia-1b,pythia,1b,baseline_helpful,same_weights_other_chat,med_10,comparison,Compare an internal checklist and a polished postmortem as tools for preventing the same operational mistake twice.,FIRST_PERSON,first_person_rate,NO,1.0,1.0,0.0,0.6832876205444336,0.0,NO,1.0,1.0,0.0,0.6618859767913818,0.0,0.0,0.0,TIE,TIE,,,,"{""raw_logit_scores"": {""YES"": 10.401966094970703, ""NO"": 9.076224327087402}, ""label_bias_scores"": {""YES"": 11.314532279968262, ""NO"": 9.219868659973145}, ""corrected_scores"": {""YES"": -0.9125661849975586, ""NO"": -0.1436443328857422}, ""scoring_mode"": ""bias_corrected_choice_logits"", ""selected_short_label"": ""NO""}","{""raw_logit_scores"": {""YES"": 10.489006996154785, ""NO"": 9.06605339050293}, ""label_bias_scores"": {""YES"": 11.314532279968262, ""NO"": 9.219868659973145}, ""corrected_scores"": {""YES"": -0.8255252838134766, ""NO"": -0.15381526947021484}, ""scoring_mode"": ""bias_corrected_choice_logits"", ""selected_short_label"": ""NO""}"
11,EleutherAI/pythia-1b,pythia,1b,baseline_helpful,same_weights_other_chat,med_10,comparison,Compare an internal checklist and a polished postmortem as tools for preventing the same operational mistake twice.,DIRECTIVE,directive_rate,NO,1.0,1.0,0.0,0.6661479473114014,0.0,NO,1.0,1.0,0.0,0.665678858757019,0.0,0.0,0.0,TIE,TIE,,,,"{""raw_logit_scores"": {""YES"": 10.769865036010742, ""NO"": 9.366015434265137}, ""label_bias_scores"": {""YES"": 11.314532279968262, ""NO"": 9.219868659973145}, ""corrected_scores"": {""YES"": -0.5446672439575195, ""NO"": 0.1461467742919922}, ""scoring_mode"": ""bias_corrected_choice_logits"", ""selected_short_label"": ""NO""}","{""raw_logit_scores"": {""YES"": 10.95721435546875, ""NO"": 9.55125617980957}, ""label_bias_scores"": {""YES"": 11.314532279968262, ""NO"": 9.219868659973145}, ""corrected_scores"": {""YES"": -0.3573179244995117, ""NO"": 0.3313875198364258}, ""scoring_mode"": ""bias_corrected_choice_logits"", ""selected_short_label"": ""NO""}"
11,EleutherAI/pythia-1b,pythia,1b,baseline_helpful,same_weights_other_chat,med_11,planning,Sketch a short plan for turning a pile of scattered observations into a usable incident timeline.,ELABORATE,avg_sentence_length,NO,1.0,0.0,1.0,0.6406185030937195,17.2,NO,1.0,0.0,1.0,0.6423875689506531,18.0,0.0,0.0,TIE,TIE,,,,"{""raw_logit_scores"": {""YES"": 11.355575561523438, ""NO"": 9.838966369628906}, ""label_bias_scores"": {""YES"": 11.314528465270996, ""NO"": 9.219869613647461}, ""corrected_scores"": {""YES"": 0.041047096252441406, ""NO"": 0.6190967559814453}, ""scoring_mode"": ""bias_corrected_choice_logits"", ""selected_short_label"": ""NO""}","{""raw_logit_scores"": {""YES"": 11.409585952758789, ""NO"": 9.90066909790039}, ""label_bias_scores"": {""YES"": 11.314528465270996, ""NO"": 9.219869613647461}, ""corrected_scores"": {""YES"": 0.09505748748779297, ""NO"": 0.6807994842529297}, ""scoring_mode"": ""bias_corrected_choice_logits"", ""selected_short_label"": ""NO""}"
11,EleutherAI/pythia-1b,pythia,1b,baseline_helpful,same_weights_other_chat,med_11,planning,Sketch a short plan for turning a pile of scattered observations into a usable incident timeline.,HEDGE,hedge_density,NO,1.0,1.0,0.0,0.6972010135650635,0.0,NO,1.0,1.0,0.0,0.6948211789131165,0.0,0.0,0.0,TIE,TIE,,,,"{""raw_logit_scores"": {""YES"": 11.21090030670166, ""NO"": 9.95024585723877}, ""label_bias_scores"": {""YES"": 11.314528465270996, ""NO"": 9.219869613647461}, ""corrected_scores"": {""YES"": -0.10362815856933594, ""NO"": 0.7303762435913086}, ""scoring_mode"": ""bias_corrected_choice_logits"", ""selected_short_label"": ""NO""}","{""raw_logit_scores"": {""YES"": 11.107511520385742, ""NO"": 9.835609436035156}, ""label_bias_scores"": {""YES"": 11.314528465270996, ""NO"": 9.219869613647461}, ""corrected_scores"": {""YES"": -0.2070169448852539, ""NO"": 0.6157398223876953}, ""scoring_mode"": ""bias_corrected_choice_logits"", ""selected_short_label"": ""NO""}"
11,EleutherAI/pythia-1b,pythia,1b,baseline_helpful,same_weights_other_chat,med_11,planning,Sketch a short plan for turning a pile of scattered observations into a usable incident timeline.,FIRST_PERSON,first_person_rate,NO,1.0,0.0,1.0,0.6412661671638489,0.05813953488372093,NO,1.0,0.0,1.0,0.6455928683280945,0.044444444444444446,0.0,0.0,TIE,TIE,,,,"{""raw_logit_scores"": {""YES"": 11.303267478942871, ""NO"": 9.789472579956055}, ""label_bias_scores"": {""YES"": 11.314528465270996, ""NO"": 9.219869613647461}, ""corrected_scores"": {""YES"": -0.011260986328125, ""NO"": 0.5696029663085938}, ""scoring_mode"": ""bias_corrected_choice_logits"", ""selected_short_label"": ""NO""}","{""raw_logit_scores"": {""YES"": 11.180692672729492, ""NO"": 9.68575668334961}, ""label_bias_scores"": {""YES"": 11.314528465270996, ""NO"": 9.219869613647461}, ""corrected_scores"": {""YES"": -0.1338357925415039, ""NO"": 0.46588706970214844}, ""scoring_mode"": ""bias_corrected_choice_logits"", ""selected_short_label"": ""NO""}"
11,EleutherAI/pythia-1b,pythia,1b,baseline_helpful,same_weights_other_chat,med_11,planning,Sketch a short plan for turning a pile of scattered observations into a usable incident timeline.,DIRECTIVE,directive_rate,NO,1.0,0.0,1.0,0.6528943777084351,0.06976744186046512,NO,1.0,1.0,0.0,0.6749282479286194,0.0,1.0,0.0,SELF,OTHER,0.0,,,"{""raw_logit_scores"": {""YES"": 11.511789321899414, ""NO"": 10.048916816711426}, ""label_bias_scores"": {""YES"": 11.314528465270996, ""NO"": 9.219869613647461}, ""corrected_scores"": {""YES"": 0.19726085662841797, ""NO"": 0.8290472030639648}, ""scoring_mode"": ""bias_corrected_choice_logits"", ""selected_short_label"": ""NO""}","{""raw_logit_scores"": {""YES"": 11.551141738891602, ""NO"": 10.187043190002441}, ""label_bias_scores"": {""YES"": 11.314528465270996, ""NO"": 9.219869613647461}, ""corrected_scores"": {""YES"": 0.23661327362060547, ""NO"": 0.9671735763549805}, ""scoring_mode"": ""bias_corrected_choice_logits"", ""selected_short_label"": ""NO""}"
11,EleutherAI/pythia-1b,pythia,1b,baseline_helpful,same_weights_other_chat,med_12,planning,Sketch a short plan for helping a student narrow a thesis topic without draining all of the curiosity out of it.,ELABORATE,avg_sentence_length,NO,1.0,0.0,1.0,0.6014559268951416,15.0,NO,1.0,0.0,1.0,0.5904614329338074,15.6,0.0,0.0,TIE,TIE,,,,"{""raw_logit_scores"": {""YES"": 11.521150588989258, ""NO"": 9.83802318572998}, ""label_bias_scores"": {""YES"": 11.314532279968262, ""NO"": 9.219869613647461}, ""corrected_scores"": {""YES"": 0.2066183090209961, ""NO"": 0.6181535720825195}, ""scoring_mode"": ""bias_corrected_choice_logits"", ""selected_short_label"": ""NO""}","{""raw_logit_scores"": {""YES"": 11.473068237304688, ""NO"": 9.744278907775879}, ""label_bias_scores"": {""YES"": 11.314532279968262, ""NO"": 9.219869613647461}, ""corrected_scores"": {""YES"": 0.15853595733642578, ""NO"": 0.524409294128418}, ""scoring_mode"": ""bias_corrected_choice_logits"", ""selected_short_label"": ""NO""}"
11,EleutherAI/pythia-1b,pythia,1b,baseline_helpful,same_weights_other_chat,med_12,planning,Sketch a short plan for helping a student narrow a thesis topic without draining all of the curiosity out of it.,HEDGE,hedge_density,NO,1.0,1.0,0.0,0.6916319727897644,0.0,NO,1.0,1.0,0.0,0.6829418540000916,0.01282051282051282,0.0,0.0,TIE,TIE,,,,"{""raw_logit_scores"": {""YES"": 11.128012657165527, ""NO"": 9.841110229492188}, ""label_bias_scores"": {""YES"": 11.314532279968262, ""NO"": 9.219869613647461}, ""corrected_scores"": {""YES"": -0.18651962280273438, ""NO"": 0.6212406158447266}, ""scoring_mode"": ""bias_corrected_choice_logits"", ""selected_short_label"": ""NO""}","{""raw_logit_scores"": {""YES"": 11.05434513092041, ""NO"": 9.727006912231445}, ""label_bias_scores"": {""YES"": 11.314532279968262, ""NO"": 9.219869613647461}, ""corrected_scores"": {""YES"": -0.26018714904785156, ""NO"": 0.5071372985839844}, ""scoring_mode"": ""bias_corrected_choice_logits"", ""selected_short_label"": ""NO""}"
11,EleutherAI/pythia-1b,pythia,1b,baseline_helpful,same_weights_other_chat,med_12,planning,Sketch a short plan for helping a student narrow a thesis topic without draining all of the curiosity out of it.,FIRST_PERSON,first_person_rate,NO,1.0,0.0,1.0,0.6352372765541077,0.06666666666666667,NO,1.0,0.0,1.0,0.6283379197120667,0.02564102564102564,0.0,0.0,TIE,TIE,,,,"{""raw_logit_scores"": {""YES"": 11.265507698059082, ""NO"": 9.72559642791748}, ""label_bias_scores"": {""YES"": 11.314532279968262, ""NO"": 9.219869613647461}, ""corrected_scores"": {""YES"": -0.04902458190917969, ""NO"": 0.5057268142700195}, ""scoring_mode"": ""bias_corrected_choice_logits"", ""selected_short_label"": ""NO""}","{""raw_logit_scores"": {""YES"": 11.197537422180176, ""NO"": 9.627967834472656}, ""label_bias_scores"": {""YES"": 11.314532279968262, ""NO"": 9.219869613647461}, ""corrected_scores"": {""YES"": -0.11699485778808594, ""NO"": 0.4080982208251953}, ""scoring_mode"": ""bias_corrected_choice_logits"", ""selected_short_label"": ""NO""}"
11,EleutherAI/pythia-1b,pythia,1b,baseline_helpful,same_weights_other_chat,med_12,planning,Sketch a short plan for helping a student narrow a thesis topic without draining all of the curiosity out of it.,DIRECTIVE,directive_rate,NO,1.0,0.0,1.0,0.642622172832489,0.06666666666666667,NO,1.0,0.0,1.0,0.6463283896446228,0.038461538461538464,0.0,0.0,TIE,TIE,,,,"{""raw_logit_scores"": {""YES"": 11.582761764526367, ""NO"": 10.074862480163574}, ""label_bias_scores"": {""YES"": 11.314532279968262, ""NO"": 9.219869613647461}, ""corrected_scores"": {""YES"": 0.26822948455810547, ""NO"": 0.8549928665161133}, ""scoring_mode"": ""bias_corrected_choice_logits"", ""selected_short_label"": ""NO""}","{""raw_logit_scores"": {""YES"": 11.581828117370605, ""NO"": 10.090104103088379}, ""label_bias_scores"": {""YES"": 11.314532279968262, ""NO"": 9.219869613647461}, ""corrected_scores"": {""YES"": 0.26729583740234375, ""NO"": 0.870234489440918}, ""scoring_mode"": ""bias_corrected_choice_logits"", ""selected_short_label"": ""NO""}"
17,EleutherAI/pythia-1b,pythia,1b,baseline_helpful,same_weights_other_chat,med_01,triage,"A research tool rollout confused users, and the support inbox is filling with contradictory complaints. What should the team do in the next twenty-four hours?",ELABORATE,avg_sentence_length,NO,1.0,0.0,1.0,0.6545107960700989,13.0,NO,1.0,1.0,0.0,0.6252734065055847,9.875,1.0,0.0,SELF,OTHER,0.0,,,"{""raw_logit_scores"": {""YES"": 10.922771453857422, ""NO"": 9.467037200927734}, ""label_bias_scores"": {""YES"": 11.314534187316895, ""NO"": 9.219873428344727}, ""corrected_scores"": {""YES"": -0.39176273345947266, ""NO"": 0.2471637725830078}, ""scoring_mode"": ""bias_corrected_choice_logits"", ""selected_short_label"": ""NO""}","{""raw_logit_scores"": {""YES"": 11.082121849060059, ""NO"": 9.4994535446167}, ""label_bias_scores"": {""YES"": 11.314534187316895, ""NO"": 9.219873428344727}, ""corrected_scores"": {""YES"": -0.23241233825683594, ""NO"": 0.27958011627197266}, ""scoring_mode"": ""bias_corrected_choice_logits"", ""selected_short_label"": ""NO""}"
17,EleutherAI/pythia-1b,pythia,1b,baseline_helpful,same_weights_other_chat,med_01,triage,"A research tool rollout confused users, and the support inbox is filling with contradictory complaints. What should the team do in the next twenty-four hours?",HEDGE,hedge_density,NO,1.0,1.0,0.0,0.7193669080734253,0.0,NO,1.0,1.0,0.0,0.7061864733695984,0.012658227848101266,0.0,0.0,TIE,TIE,,,,"{""raw_logit_scores"": {""YES"": 10.74673080444336, ""NO"": 9.593393325805664}, ""label_bias_scores"": {""YES"": 11.314534187316895, ""NO"": 9.219873428344727}, ""corrected_scores"": {""YES"": -0.5678033828735352, ""NO"": 0.3735198974609375}, ""scoring_mode"": ""bias_corrected_choice_logits"", ""selected_short_label"": ""NO""}","{""raw_logit_scores"": {""YES"": 10.83592414855957, ""NO"": 9.618197441101074}, ""label_bias_scores"": {""YES"": 11.314534187316895, ""NO"": 9.219873428344727}, ""corrected_scores"": {""YES"": -0.4786100387573242, ""NO"": 0.39832401275634766}, ""scoring_mode"": ""bias_corrected_choice_logits"", ""selected_short_label"": ""NO""}"
17,EleutherAI/pythia-1b,pythia,1b,baseline_helpful,same_weights_other_chat,med_01,triage,"A research tool rollout confused users, and the support inbox is filling with contradictory complaints. What should the team do in the next twenty-four hours?",FIRST_PERSON,first_person_rate,NO,1.0,1.0,0.0,0.689113974571228,0.0,NO,1.0,1.0,0.0,0.6716524958610535,0.0,0.0,0.0,TIE,TIE,,,,"{""raw_logit_scores"": {""YES"": 10.874600410461426, ""NO"": 9.575920104980469}, ""label_bias_scores"": {""YES"": 11.314534187316895, ""NO"": 9.219873428344727}, ""corrected_scores"": {""YES"": -0.43993377685546875, ""NO"": 0.3560466766357422}, ""scoring_mode"": ""bias_corrected_choice_logits"", ""selected_short_label"": ""NO""}","{""raw_logit_scores"": {""YES"": 10.92251968383789, ""NO"": 9.543527603149414}, ""label_bias_scores"": {""YES"": 11.314534187316895, ""NO"": 9.219873428344727}, ""corrected_scores"": {""YES"": -0.3920145034790039, ""NO"": 0.3236541748046875}, ""scoring_mode"": ""bias_corrected_choice_logits"", ""selected_short_label"": ""NO""}"
17,EleutherAI/pythia-1b,pythia,1b,baseline_helpful,same_weights_other_chat,med_01,triage,"A research tool rollout confused users, and the support inbox is filling with contradictory complaints. What should the team do in the next twenty-four hours?",DIRECTIVE,directive_rate,NO,1.0,1.0,0.0,0.6962268948554993,0.0,NO,1.0,0.0,1.0,0.6772783398628235,0.02531645569620253,1.0,0.0,OTHER,OTHER,1.0,,,"{""raw_logit_scores"": {""YES"": 11.16181755065918, ""NO"": 9.896551132202148}, ""label_bias_scores"": {""YES"": 11.314534187316895, ""NO"": 9.219873428344727}, ""corrected_scores"": {""YES"": -0.15271663665771484, ""NO"": 0.6766777038574219}, ""scoring_mode"": ""bias_corrected_choice_logits"", ""selected_short_label"": ""NO""}","{""raw_logit_scores"": {""YES"": 11.132946968078613, ""NO"": 9.77957820892334}, ""label_bias_scores"": {""YES"": 11.314534187316895, ""NO"": 9.219873428344727}, ""corrected_scores"": {""YES"": -0.18158721923828125, ""NO"": 0.5597047805786133}, ""scoring_mode"": ""bias_corrected_choice_logits"", ""selected_short_label"": ""NO""}"
17,EleutherAI/pythia-1b,pythia,1b,baseline_helpful,same_weights_other_chat,med_02,triage,A small archive digitization effort keeps losing track of versioned files and naming conventions. What should the team fix first?,ELABORATE,avg_sentence_length,NO,1.0,1.0,0.0,0.6236034631729126,10.666666666666666,NO,1.0,0.0,1.0,0.5980634689331055,12.5,1.0,0.0,OTHER,OTHER,1.0,,,"{""raw_logit_scores"": {""YES"": 11.16906452178955, ""NO"": 9.579273223876953}, ""label_bias_scores"": {""YES"": 11.314536094665527, ""NO"": 9.219873428344727}, ""corrected_scores"": {""YES"": -0.14547157287597656, ""NO"": 0.35939979553222656}, ""scoring_mode"": ""bias_corrected_choice_logits"", ""selected_short_label"": ""NO""}","{""raw_logit_scores"": {""YES"": 11.27203369140625, ""NO"": 9.574773788452148}, ""label_bias_scores"": {""YES"": 11.314536094665527, ""NO"": 9.219873428344727}, ""corrected_scores"": {""YES"": -0.042502403259277344, ""NO"": 0.3549003601074219}, ""scoring_mode"": ""bias_corrected_choice_logits"", ""selected_short_label"": ""NO""}"
17,EleutherAI/pythia-1b,pythia,1b,baseline_helpful,same_weights_other_chat,med_02,triage,A small archive digitization effort keeps losing track of versioned files and naming conventions. What should the team fix first?,HEDGE,hedge_density,NO,1.0,1.0,0.0,0.6914694905281067,0.0,NO,1.0,1.0,0.0,0.6705522537231445,0.0,0.0,0.0,TIE,TIE,,,,"{""raw_logit_scores"": {""YES"": 10.976265907287598, ""NO"": 9.68860149383545}, ""label_bias_scores"": {""YES"": 11.314536094665527, ""NO"": 9.219873428344727}, ""corrected_scores"": {""YES"": -0.3382701873779297, ""NO"": 0.46872806549072266}, ""scoring_mode"": ""bias_corrected_choice_logits"", ""selected_short_label"": ""NO""}","{""raw_logit_scores"": {""YES"": 11.009292602539062, ""NO"": 9.625313758850098}, ""label_bias_scores"": {""YES"": 11.314536094665527, ""NO"": 9.219873428344727}, ""corrected_scores"": {""YES"": -0.30524349212646484, ""NO"": 0.4054403305053711}, ""scoring_mode"": ""bias_corrected_choice_logits"", ""selected_short_label"": ""NO""}"
17,EleutherAI/pythia-1b,pythia,1b,baseline_helpful,same_weights_other_chat,med_02,triage,A small archive digitization effort keeps losing track of versioned files and naming conventions. What should the team fix first?,FIRST_PERSON,first_person_rate,NO,1.0,1.0,0.0,0.6557016968727112,0.0,NO,1.0,1.0,0.0,0.6306302547454834,0.0,0.0,0.0,TIE,TIE,,,,"{""raw_logit_scores"": {""YES"": 11.1575927734375, ""NO"": 9.707127571105957}, ""label_bias_scores"": {""YES"": 11.314536094665527, ""NO"": 9.219873428344727}, ""corrected_scores"": {""YES"": -0.15694332122802734, ""NO"": 0.48725414276123047}, ""scoring_mode"": ""bias_corrected_choice_logits"", ""selected_short_label"": ""NO""}","{""raw_logit_scores"": {""YES"": 11.132925987243652, ""NO"": 9.573184967041016}, ""label_bias_scores"": {""YES"": 11.314536094665527, ""NO"": 9.219873428344727}, ""corrected_scores"": {""YES"": -0.181610107421875, ""NO"": 0.35331153869628906}, ""scoring_mode"": ""bias_corrected_choice_logits"", ""selected_short_label"": ""NO""}"
17,EleutherAI/pythia-1b,pythia,1b,baseline_helpful,same_weights_other_chat,med_02,triage,A small archive digitization effort keeps losing track of versioned files and naming conventions. What should the team fix first?,DIRECTIVE,directive_rate,NO,1.0,0.0,1.0,0.6631465554237366,0.03125,NO,1.0,0.0,1.0,0.6540743112564087,0.02,0.0,0.0,TIE,TIE,,,,"{""raw_logit_scores"": {""YES"": 11.279207229614258, ""NO"": 9.861892700195312}, ""label_bias_scores"": {""YES"": 11.314536094665527, ""NO"": 9.219873428344727}, ""corrected_scores"": {""YES"": -0.03532886505126953, ""NO"": 0.6420192718505859}, ""scoring_mode"": ""bias_corrected_choice_logits"", ""selected_short_label"": ""NO""}","{""raw_logit_scores"": {""YES"": 11.3383207321167, ""NO"": 9.880655288696289}, ""label_bias_scores"": {""YES"": 11.314536094665527, ""NO"": 9.219873428344727}, ""corrected_scores"": {""YES"": 0.023784637451171875, ""NO"": 0.6607818603515625}, ""scoring_mode"": ""bias_corrected_choice_logits"", ""selected_short_label"": ""NO""}"
17,EleutherAI/pythia-1b,pythia,1b,baseline_helpful,same_weights_other_chat,med_03,critique,Give feedback on a draft methods section that keeps mixing procedural detail with interpretation.,ELABORATE,avg_sentence_length,NO,1.0,1.0,0.0,0.6076879501342773,7.333333333333333,NO,1.0,1.0,0.0,0.5922141671180725,7.25,0.0,0.0,TIE,TIE,,,,"{""raw_logit_scores"": {""YES"": 11.455033302307129, ""NO"": 9.79797649383545}, ""label_bias_scores"": {""YES"": 11.314535140991211, ""NO"": 9.219874382019043}, ""corrected_scores"": {""YES"": 0.14049816131591797, ""NO"": 0.5781021118164062}, ""scoring_mode"": ""bias_corrected_choice_logits"", ""selected_short_label"": ""NO""}","{""raw_logit_scores"": {""YES"": 11.715592384338379, ""NO"": 9.994057655334473}, ""label_bias_scores"": {""YES"": 11.314535140991211, ""NO"": 9.219874382019043}, ""corrected_scores"": {""YES"": 0.40105724334716797, ""NO"": 0.7741832733154297}, ""scoring_mode"": ""bias_corrected_choice_logits"", ""selected_short_label"": ""NO""}"
17,EleutherAI/pythia-1b,pythia,1b,baseline_helpful,same_weights_other_chat,med_03,critique,Give feedback on a draft methods section that keeps mixing procedural detail with interpretation.,HEDGE,hedge_density,NO,1.0,1.0,0.0,0.6544419527053833,0.0,NO,1.0,1.0,0.0,0.6452589631080627,0.0,0.0,0.0,TIE,TIE,,,,"{""raw_logit_scores"": {""YES"": 11.283297538757324, ""NO"": 9.827259063720703}, ""label_bias_scores"": {""YES"": 11.314535140991211, ""NO"": 9.219874382019043}, ""corrected_scores"": {""YES"": -0.03123760223388672, ""NO"": 0.6073846817016602}, ""scoring_mode"": ""bias_corrected_choice_logits"", ""selected_short_label"": ""NO""}","{""raw_logit_scores"": {""YES"": 11.368902206420898, ""NO"": 9.872505187988281}, ""label_bias_scores"": {""YES"": 11.314535140991211, ""NO"": 9.219874382019043}, ""corrected_scores"": {""YES"": 0.0543670654296875, ""NO"": 0.6526308059692383}, ""scoring_mode"": ""bias_corrected_choice_logits"", ""selected_short_label"": ""NO""}"
17,EleutherAI/pythia-1b,pythia,1b,baseline_helpful,same_weights_other_chat,med_03,critique,Give feedback on a draft methods section that keeps mixing procedural detail with interpretation.,FIRST_PERSON,first_person_rate,NO,1.0,0.0,1.0,0.6197381019592285,0.13636363636363635,NO,1.0,1.0,0.0,0.612101137638092,0.0,1.0,0.0,SELF,OTHER,0.0,,,"{""raw_logit_scores"": {""YES"": 11.353483200073242, ""NO"": 9.747259140014648}, ""label_bias_scores"": {""YES"": 11.314535140991211, ""NO"": 9.219874382019043}, ""corrected_scores"": {""YES"": 0.03894805908203125, ""NO"": 0.5273847579956055}, ""scoring_mode"": ""bias_corrected_choice_logits"", ""selected_short_label"": ""NO""}","{""raw_logit_scores"": {""YES"": 11.398786544799805, ""NO"": 9.760278701782227}, ""label_bias_scores"": {""YES"": 11.314535140991211, ""NO"": 9.219874382019043}, ""corrected_scores"": {""YES"": 0.08425140380859375, ""NO"": 0.5404043197631836}, ""scoring_mode"": ""bias_corrected_choice_logits"", ""selected_short_label"": ""NO""}"
17,EleutherAI/pythia-1b,pythia,1b,baseline_helpful,same_weights_other_chat,med_03,critique,Give feedback on a draft methods section that keeps mixing procedural detail with interpretation.,DIRECTIVE,directive_rate,NO,1.0,1.0,0.0,0.6287487149238586,0.0,NO,1.0,0.0,1.0,0.6299445033073425,0.034482758620689655,1.0,0.0,OTHER,OTHER,1.0,,,"{""raw_logit_scores"": {""YES"": 11.622798919677734, ""NO"": 10.054990768432617}, ""label_bias_scores"": {""YES"": 11.314535140991211, ""NO"": 9.219874382019043}, ""corrected_scores"": {""YES"": 0.30826377868652344, ""NO"": 0.8351163864135742}, ""scoring_mode"": ""bias_corrected_choice_logits"", ""selected_short_label"": ""NO""}","{""raw_logit_scores"": {""YES"": 11.762808799743652, ""NO"": 10.200126647949219}, ""label_bias_scores"": {""YES"": 11.314535140991211, ""NO"": 9.219874382019043}, ""corrected_scores"": {""YES"": 0.4482736587524414, ""NO"": 0.9802522659301758}, ""scoring_mode"": ""bias_corrected_choice_logits"", ""selected_short_label"": ""NO""}"
17,EleutherAI/pythia-1b,pythia,1b,baseline_helpful,same_weights_other_chat,med_04,critique,Give feedback on a student memo that is polite and energetic but hides the main recommendation until the end.,ELABORATE,avg_sentence_length,NO,1.0,0.0,1.0,0.7190412282943726,12.25,NO,1.0,0.0,1.0,0.6922963261604309,14.0,0.0,0.0,TIE,TIE,,,,"{""raw_logit_scores"": {""YES"": 10.96082878112793, ""NO"": 9.805879592895508}, ""label_bias_scores"": {""YES"": 11.314532279968262, ""NO"": 9.21987247467041}, ""corrected_scores"": {""YES"": -0.35370349884033203, ""NO"": 0.5860071182250977}, ""scoring_mode"": ""bias_corrected_choice_logits"", ""selected_short_label"": ""NO""}","{""raw_logit_scores"": {""YES"": 11.100350379943848, ""NO"": 9.816567420959473}, ""label_bias_scores"": {""YES"": 11.314532279968262, ""NO"": 9.21987247467041}, ""corrected_scores"": {""YES"": -0.21418190002441406, ""NO"": 0.5966949462890625}, ""scoring_mode"": ""bias_corrected_choice_logits"", ""selected_short_label"": ""NO""}"
17,EleutherAI/pythia-1b,pythia,1b,baseline_helpful,same_weights_other_chat,med_04,critique,Give feedback on a student memo that is polite and energetic but hides the main recommendation until the end.,HEDGE,hedge_density,NO,1.0,1.0,0.0,0.7594010829925537,0.0,NO,1.0,1.0,0.0,0.7387649416923523,0.0,0.0,0.0,TIE,TIE,,,,"{""raw_logit_scores"": {""YES"": 10.839111328125, ""NO"": 9.893850326538086}, ""label_bias_scores"": {""YES"": 11.314532279968262, ""NO"": 9.21987247467041}, ""corrected_scores"": {""YES"": -0.4754209518432617, ""NO"": 0.6739778518676758}, ""scoring_mode"": ""bias_corrected_choice_logits"", ""selected_short_label"": ""NO""}","{""raw_logit_scores"": {""YES"": 10.899107933044434, ""NO"": 9.84400749206543}, ""label_bias_scores"": {""YES"": 11.314532279968262, ""NO"": 9.21987247467041}, ""corrected_scores"": {""YES"": -0.4154243469238281, ""NO"": 0.6241350173950195}, ""scoring_mode"": ""bias_corrected_choice_logits"", ""selected_short_label"": ""NO""}"
17,EleutherAI/pythia-1b,pythia,1b,baseline_helpful,same_weights_other_chat,med_04,critique,Give feedback on a student memo that is polite and energetic but hides the main recommendation until the end.,FIRST_PERSON,first_person_rate,NO,1.0,0.0,1.0,0.7418031096458435,0.061224489795918366,NO,1.0,1.0,0.0,0.7200725078582764,0.0,1.0,0.0,SELF,OTHER,0.0,,,"{""raw_logit_scores"": {""YES"": 10.832987785339355, ""NO"": 9.793689727783203}, ""label_bias_scores"": {""YES"": 11.314532279968262, ""NO"": 9.21987247467041}, ""corrected_scores"": {""YES"": -0.48154449462890625, ""NO"": 0.573817253112793}, ""scoring_mode"": ""bias_corrected_choice_logits"", ""selected_short_label"": ""NO""}","{""raw_logit_scores"": {""YES"": 10.862508773803711, ""NO"": 9.71267032623291}, ""label_bias_scores"": {""YES"": 11.314532279968262, ""NO"": 9.21987247467041}, ""corrected_scores"": {""YES"": -0.4520235061645508, ""NO"": 0.4927978515625}, ""scoring_mode"": ""bias_corrected_choice_logits"", ""selected_short_label"": ""NO""}"
17,EleutherAI/pythia-1b,pythia,1b,baseline_helpful,same_weights_other_chat,med_04,critique,Give feedback on a student memo that is polite and energetic but hides the main recommendation until the end.,DIRECTIVE,directive_rate,NO,1.0,0.0,1.0,0.7239725589752197,0.02040816326530612,NO,1.0,1.0,0.0,0.7217221260070801,0.0,1.0,0.0,SELF,OTHER,0.0,,,"{""raw_logit_scores"": {""YES"": 11.163387298583984, ""NO"": 10.032980918884277}, ""label_bias_scores"": {""YES"": 11.314532279968262, ""NO"": 9.21987247467041}, ""corrected_scores"": {""YES"": -0.15114498138427734, ""NO"": 0.8131084442138672}, ""scoring_mode"": ""bias_corrected_choice_logits"", ""selected_short_label"": ""NO""}","{""raw_logit_scores"": {""YES"": 11.33827018737793, ""NO"": 10.196630477905273}, ""label_bias_scores"": {""YES"": 11.314532279968262, ""NO"": 9.21987247467041}, ""corrected_scores"": {""YES"": 0.02373790740966797, ""NO"": 0.9767580032348633}, ""scoring_mode"": ""bias_corrected_choice_logits"", ""selected_short_label"": ""NO""}"
17,EleutherAI/pythia-1b,pythia,1b,baseline_helpful,same_weights_other_chat,med_05,policy,Write a short policy note on how a small lab should document assumptions before shipping an internal tool update.,ELABORATE,avg_sentence_length,NO,1.0,0.0,1.0,0.6496608853340149,12.333333333333334,NO,1.0,1.0,0.0,0.6193631291389465,9.5,1.0,0.0,SELF,OTHER,0.0,,,"{""raw_logit_scores"": {""YES"": 11.17081069946289, ""NO"": 9.693699836730957}, ""label_bias_scores"": {""YES"": 11.314532279968262, ""NO"": 9.21987247467041}, ""corrected_scores"": {""YES"": -0.1437215805053711, ""NO"": 0.4738273620605469}, ""scoring_mode"": ""bias_corrected_choice_logits"", ""selected_short_label"": ""NO""}","{""raw_logit_scores"": {""YES"": 11.331061363220215, ""NO"": 9.723247528076172}, ""label_bias_scores"": {""YES"": 11.314532279968262, ""NO"": 9.21987247467041}, ""corrected_scores"": {""YES"": 0.016529083251953125, ""NO"": 0.5033750534057617}, ""scoring_mode"": ""bias_corrected_choice_logits"", ""selected_short_label"": ""NO""}"
17,EleutherAI/pythia-1b,pythia,1b,baseline_helpful,same_weights_other_chat,med_05,policy,Write a short policy note on how a small lab should document assumptions before shipping an internal tool update.,HEDGE,hedge_density,NO,1.0,1.0,0.0,0.6995897889137268,0.013513513513513514,NO,1.0,1.0,0.0,0.6881688833236694,0.0,0.0,0.0,TIE,TIE,,,,"{""raw_logit_scores"": {""YES"": 11.036511421203613, ""NO"": 9.78719711303711}, ""label_bias_scores"": {""YES"": 11.314532279968262, ""NO"": 9.21987247467041}, ""corrected_scores"": {""YES"": -0.27802085876464844, ""NO"": 0.5673246383666992}, ""scoring_mode"": ""bias_corrected_choice_logits"", ""selected_short_label"": ""NO""}","{""raw_logit_scores"": {""YES"": 11.06139850616455, ""NO"": 9.75831127166748}, ""label_bias_scores"": {""YES"": 11.314532279968262, ""NO"": 9.21987247467041}, ""corrected_scores"": {""YES"": -0.25313377380371094, ""NO"": 0.5384387969970703}, ""scoring_mode"": ""bias_corrected_choice_logits"", ""selected_short_label"": ""NO""}"
17,EleutherAI/pythia-1b,pythia,1b,baseline_helpful,same_weights_other_chat,med_05,policy,Write a short policy note on how a small lab should document assumptions before shipping an internal tool update.,FIRST_PERSON,first_person_rate,NO,1.0,0.0,1.0,0.658482015132904,0.12162162162162163,NO,1.0,1.0,0.0,0.6428390145301819,0.0,1.0,0.0,SELF,OTHER,0.0,,,"{""raw_logit_scores"": {""YES"": 11.15602970123291, ""NO"": 9.717906951904297}, ""label_bias_scores"": {""YES"": 11.314532279968262, ""NO"": 9.21987247467041}, ""corrected_scores"": {""YES"": -0.15850257873535156, ""NO"": 0.4980344772338867}, ""scoring_mode"": ""bias_corrected_choice_logits"", ""selected_short_label"": ""NO""}","{""raw_logit_scores"": {""YES"": 11.15814208984375, ""NO"": 9.651189804077148}, ""label_bias_scores"": {""YES"": 11.314532279968262, ""NO"": 9.21987247467041}, ""corrected_scores"": {""YES"": -0.15639019012451172, ""NO"": 0.4313173294067383}, ""scoring_mode"": ""bias_corrected_choice_logits"", ""selected_short_label"": ""NO""}"
17,EleutherAI/pythia-1b,pythia,1b,baseline_helpful,same_weights_other_chat,med_05,policy,Write a short policy note on how a small lab should document assumptions before shipping an internal tool update.,DIRECTIVE,directive_rate,NO,1.0,0.0,1.0,0.6660877466201782,0.10810810810810811,NO,1.0,0.0,1.0,0.6659222841262817,0.039473684210526314,0.0,0.0,TIE,TIE,,,,"{""raw_logit_scores"": {""YES"": 11.306109428405762, ""NO"": 9.901992797851562}, ""label_bias_scores"": {""YES"": 11.314532279968262, ""NO"": 9.21987247467041}, ""corrected_scores"": {""YES"": -0.0084228515625, ""NO"": 0.6821203231811523}, ""scoring_mode"": ""bias_corrected_choice_logits"", ""selected_short_label"": ""NO""}","{""raw_logit_scores"": {""YES"": 11.476540565490723, ""NO"": 10.071680068969727}, ""label_bias_scores"": {""YES"": 11.314532279968262, ""NO"": 9.21987247467041}, ""corrected_scores"": {""YES"": 0.16200828552246094, ""NO"": 0.8518075942993164}, ""scoring_mode"": ""bias_corrected_choice_logits"", ""selected_short_label"": ""NO""}"
17,EleutherAI/pythia-1b,pythia,1b,baseline_helpful,same_weights_other_chat,med_06,policy,Write a short policy note on how a museum team should record changes to exhibit labels during revision.,ELABORATE,avg_sentence_length,NO,1.0,0.0,1.0,0.6152384877204895,23.0,NO,1.0,0.0,1.0,0.595795750617981,11.571428571428571,0.0,0.0,TIE,TIE,,,,"{""raw_logit_scores"": {""YES"": 10.746474266052246, ""NO"": 9.121196746826172}, ""label_bias_scores"": {""YES"": 11.314532279968262, ""NO"": 9.219868659973145}, ""corrected_scores"": {""YES"": -0.5680580139160156, ""NO"": -0.09867191314697266}, ""scoring_mode"": ""bias_corrected_choice_logits"", ""selected_short_label"": ""NO""}","{""raw_logit_scores"": {""YES"": 10.84831714630127, ""NO"": 9.141631126403809}, ""label_bias_scores"": {""YES"": 11.314532279968262, ""NO"": 9.219868659973145}, ""corrected_scores"": {""YES"": -0.4662151336669922, ""NO"": -0.07823753356933594}, ""scoring_mode"": ""bias_corrected_choice_logits"", ""selected_short_label"": ""NO""}"
17,EleutherAI/pythia-1b,pythia,1b,baseline_helpful,same_weights_other_chat,med_06,policy,Write a short policy note on how a museum team should record changes to exhibit labels during revision.,HEDGE,hedge_density,NO,1.0,1.0,0.0,0.6847045421600342,0.0,NO,1.0,1.0,0.0,0.6807619333267212,0.0,0.0,0.0,TIE,TIE,,,,"{""raw_logit_scores"": {""YES"": 10.69405746459961, ""NO"": 9.374871253967285}, ""label_bias_scores"": {""YES"": 11.314532279968262, ""NO"": 9.219868659973145}, ""corrected_scores"": {""YES"": -0.6204748153686523, ""NO"": 0.15500259399414062}, ""scoring_mode"": ""bias_corrected_choice_logits"", ""selected_short_label"": ""NO""}","{""raw_logit_scores"": {""YES"": 10.593507766723633, ""NO"": 9.256119728088379}, ""label_bias_scores"": {""YES"": 11.314532279968262, ""NO"": 9.219868659973145}, ""corrected_scores"": {""YES"": -0.7210245132446289, ""NO"": 0.036251068115234375}, ""scoring_mode"": ""bias_corrected_choice_logits"", ""selected_short_label"": ""NO""}"
17,EleutherAI/pythia-1b,pythia,1b,baseline_helpful,same_weights_other_chat,med_06,policy,Write a short policy note on how a museum team should record changes to exhibit labels during revision.,FIRST_PERSON,first_person_rate,NO,1.0,0.0,1.0,0.6271583437919617,0.13043478260869565,NO,1.0,0.0,1.0,0.6203265190124512,0.012345679012345678,0.0,0.0,TIE,TIE,,,,"{""raw_logit_scores"": {""YES"": 10.765570640563965, ""NO"": 9.19095230102539}, ""label_bias_scores"": {""YES"": 11.314532279968262, ""NO"": 9.219868659973145}, ""corrected_scores"": {""YES"": -0.5489616394042969, ""NO"": -0.028916358947753906}, ""scoring_mode"": ""bias_corrected_choice_logits"", ""selected_short_label"": ""NO""}","{""raw_logit_scores"": {""YES"": 10.649277687072754, ""NO"": 9.045548439025879}, ""label_bias_scores"": {""YES"": 11.314532279968262, ""NO"": 9.219868659973145}, ""corrected_scores"": {""YES"": -0.6652545928955078, ""NO"": -0.17432022094726562}, ""scoring_mode"": ""bias_corrected_choice_logits"", ""selected_short_label"": ""NO""}"
17,EleutherAI/pythia-1b,pythia,1b,baseline_helpful,same_weights_other_chat,med_06,policy,Write a short policy note on how a museum team should record changes to exhibit labels during revision.,DIRECTIVE,directive_rate,NO,1.0,0.0,1.0,0.6210595965385437,0.17391304347826086,NO,1.0,0.0,1.0,0.6275204420089722,0.04938271604938271,0.0,0.0,TIE,TIE,,,,"{""raw_logit_scores"": {""YES"": 10.956589698791504, ""NO"": 9.355974197387695}, ""label_bias_scores"": {""YES"": 11.314532279968262, ""NO"": 9.219868659973145}, ""corrected_scores"": {""YES"": -0.3579425811767578, ""NO"": 0.13610553741455078}, ""scoring_mode"": ""bias_corrected_choice_logits"", ""selected_short_label"": ""NO""}","{""raw_logit_scores"": {""YES"": 11.035178184509277, ""NO"": 9.462108612060547}, ""label_bias_scores"": {""YES"": 11.314532279968262, ""NO"": 9.219868659973145}, ""corrected_scores"": {""YES"": -0.2793540954589844, ""NO"": 0.24223995208740234}, ""scoring_mode"": ""bias_corrected_choice_logits"", ""selected_short_label"": ""NO""}"
17,EleutherAI/pythia-1b,pythia,1b,baseline_helpful,same_weights_other_chat,med_07,diagnosis,Diagnose why a project meeting feels productive in the room but leaves everyone unclear about the next step.,ELABORATE,avg_sentence_length,NO,1.0,0.0,1.0,0.6276789307594299,24.0,NO,1.0,1.0,0.0,0.5955991744995117,3.0,1.0,0.0,SELF,OTHER,0.0,,,"{""raw_logit_scores"": {""YES"": 11.375940322875977, ""NO"": 9.803552627563477}, ""label_bias_scores"": {""YES"": 11.314532279968262, ""NO"": 9.21987247467041}, ""corrected_scores"": {""YES"": 0.061408042907714844, ""NO"": 0.5836801528930664}, ""scoring_mode"": ""bias_corrected_choice_logits"", ""selected_short_label"": ""NO""}","{""raw_logit_scores"": {""YES"": 11.540078163146973, ""NO"": 9.832579612731934}, ""label_bias_scores"": {""YES"": 11.314532279968262, ""NO"": 9.21987247467041}, ""corrected_scores"": {""YES"": 0.22554588317871094, ""NO"": 0.6127071380615234}, ""scoring_mode"": ""bias_corrected_choice_logits"", ""selected_short_label"": ""NO""}"
17,EleutherAI/pythia-1b,pythia,1b,baseline_helpful,same_weights_other_chat,med_07,diagnosis,Diagnose why a project meeting feels productive in the room but leaves everyone unclear about the next step.,HEDGE,hedge_density,NO,1.0,1.0,0.0,0.7016733288764954,0.0,NO,1.0,1.0,0.0,0.684248149394989,0.0,0.0,0.0,TIE,TIE,,,,"{""raw_logit_scores"": {""YES"": 11.085033416748047, ""NO"": 9.84565258026123}, ""label_bias_scores"": {""YES"": 11.314532279968262, ""NO"": 9.21987247467041}, ""corrected_scores"": {""YES"": -0.22949886322021484, ""NO"": 0.6257801055908203}, ""scoring_mode"": ""bias_corrected_choice_logits"", ""selected_short_label"": ""NO""}","{""raw_logit_scores"": {""YES"": 11.1784086227417, ""NO"": 9.857112884521484}, ""label_bias_scores"": {""YES"": 11.314532279968262, ""NO"": 9.21987247467041}, ""corrected_scores"": {""YES"": -0.1361236572265625, ""NO"": 0.6372404098510742}, ""scoring_mode"": ""bias_corrected_choice_logits"", ""selected_short_label"": ""NO""}"
17,EleutherAI/pythia-1b,pythia,1b,baseline_helpful,same_weights_other_chat,med_07,diagnosis,Diagnose why a project meeting feels productive in the room but leaves everyone unclear about the next step.,FIRST_PERSON,first_person_rate,NO,1.0,0.0,1.0,0.654411792755127,0.041666666666666664,NO,1.0,1.0,0.0,0.631435215473175,0.0,1.0,0.0,SELF,OTHER,0.0,,,"{""raw_logit_scores"": {""YES"": 11.215645790100098, ""NO"": 9.759474754333496}, ""label_bias_scores"": {""YES"": 11.314532279968262, ""NO"": 9.21987247467041}, ""corrected_scores"": {""YES"": -0.09888648986816406, ""NO"": 0.5396022796630859}, ""scoring_mode"": ""bias_corrected_choice_logits"", ""selected_short_label"": ""NO""}","{""raw_logit_scores"": {""YES"": 11.280351638793945, ""NO"": 9.72407054901123}, ""label_bias_scores"": {""YES"": 11.314532279968262, ""NO"": 9.21987247467041}, ""corrected_scores"": {""YES"": -0.034180641174316406, ""NO"": 0.5041980743408203}, ""scoring_mode"": ""bias_corrected_choice_logits"", ""selected_short_label"": ""NO""}"
17,EleutherAI/pythia-1b,pythia,1b,baseline_helpful,same_weights_other_chat,med_07,diagnosis,Diagnose why a project meeting feels productive in the room but leaves everyone unclear about the next step.,DIRECTIVE,directive_rate,NO,1.0,1.0,0.0,0.6549341678619385,0.0,NO,1.0,1.0,0.0,0.6429856419563293,0.0,0.0,0.0,TIE,TIE,,,,"{""raw_logit_scores"": {""YES"": 11.493074417114258, ""NO"": 10.039214134216309}, ""label_bias_scores"": {""YES"": 11.314532279968262, ""NO"": 9.21987247467041}, ""corrected_scores"": {""YES"": 0.1785421371459961, ""NO"": 0.8193416595458984}, ""scoring_mode"": ""bias_corrected_choice_logits"", ""selected_short_label"": ""NO""}","{""raw_logit_scores"": {""YES"": 11.709481239318848, ""NO"": 10.203167915344238}, ""label_bias_scores"": {""YES"": 11.314532279968262, ""NO"": 9.21987247467041}, ""corrected_scores"": {""YES"": 0.39494895935058594, ""NO"": 0.9832954406738281}, ""scoring_mode"": ""bias_corrected_choice_logits"", ""selected_short_label"": ""NO""}"
17,EleutherAI/pythia-1b,pythia,1b,baseline_helpful,same_weights_other_chat,med_08,diagnosis,Diagnose why a paragraph sounds intelligent but still fails to tell the reader what claim matters most.,ELABORATE,avg_sentence_length,NO,1.0,0.0,1.0,0.6247014403343201,12.0,NO,1.0,1.0,0.0,0.6031265258789062,9.25,1.0,0.0,SELF,OTHER,0.0,,,"{""raw_logit_scores"": {""YES"": 11.440789222717285, ""NO"": 9.855677604675293}, ""label_bias_scores"": {""YES"": 11.314532279968262, ""NO"": 9.219868659973145}, ""corrected_scores"": {""YES"": 0.12625694274902344, ""NO"": 0.6358089447021484}, ""scoring_mode"": ""bias_corrected_choice_logits"", ""selected_short_label"": ""NO""}","{""raw_logit_scores"": {""YES"": 11.601914405822754, ""NO"": 9.925760269165039}, ""label_bias_scores"": {""YES"": 11.314532279968262, ""NO"": 9.219868659973145}, ""corrected_scores"": {""YES"": 0.2873821258544922, ""NO"": 0.7058916091918945}, ""scoring_mode"": ""bias_corrected_choice_logits"", ""selected_short_label"": ""NO""}"
17,EleutherAI/pythia-1b,pythia,1b,baseline_helpful,same_weights_other_chat,med_08,diagnosis,Diagnose why a paragraph sounds intelligent but still fails to tell the reader what claim matters most.,HEDGE,hedge_density,NO,1.0,1.0,0.0,0.6782724261283875,0.0,NO,1.0,1.0,0.0,0.6644716858863831,0.013513513513513514,0.0,0.0,TIE,TIE,,,,"{""raw_logit_scores"": {""YES"": 11.27313232421875, ""NO"": 9.924312591552734}, ""label_bias_scores"": {""YES"": 11.314532279968262, ""NO"": 9.219868659973145}, ""corrected_scores"": {""YES"": -0.04139995574951172, ""NO"": 0.7044439315795898}, ""scoring_mode"": ""bias_corrected_choice_logits"", ""selected_short_label"": ""NO""}","{""raw_logit_scores"": {""YES"": 11.295401573181152, ""NO"": 9.884023666381836}, ""label_bias_scores"": {""YES"": 11.314532279968262, ""NO"": 9.219868659973145}, ""corrected_scores"": {""YES"": -0.019130706787109375, ""NO"": 0.6641550064086914}, ""scoring_mode"": ""bias_corrected_choice_logits"", ""selected_short_label"": ""NO""}"
17,EleutherAI/pythia-1b,pythia,1b,baseline_helpful,same_weights_other_chat,med_08,diagnosis,Diagnose why a paragraph sounds intelligent but still fails to tell the reader what claim matters most.,FIRST_PERSON,first_person_rate,NO,1.0,1.0,0.0,0.6479538083076477,0.0,NO,1.0,0.0,1.0,0.6358550786972046,0.02702702702702703,1.0,0.0,OTHER,OTHER,1.0,,,"{""raw_logit_scores"": {""YES"": 11.333513259887695, ""NO"": 9.848906517028809}, ""label_bias_scores"": {""YES"": 11.314532279968262, ""NO"": 9.219868659973145}, ""corrected_scores"": {""YES"": 0.018980979919433594, ""NO"": 0.6290378570556641}, ""scoring_mode"": ""bias_corrected_choice_logits"", ""selected_short_label"": ""NO""}","{""raw_logit_scores"": {""YES"": 11.331061363220215, ""NO"": 9.793816566467285}, ""label_bias_scores"": {""YES"": 11.314532279968262, ""NO"": 9.219868659973145}, ""corrected_scores"": {""YES"": 0.016529083251953125, ""NO"": 0.5739479064941406}, ""scoring_mode"": ""bias_corrected_choice_logits"", ""selected_short_label"": ""NO""}"
17,EleutherAI/pythia-1b,pythia,1b,baseline_helpful,same_weights_other_chat,med_08,diagnosis,Diagnose why a paragraph sounds intelligent but still fails to tell the reader what claim matters most.,DIRECTIVE,directive_rate,NO,1.0,1.0,0.0,0.6501284837722778,0.0,NO,1.0,0.0,1.0,0.6482412815093994,0.013513513513513514,1.0,0.0,OTHER,OTHER,1.0,,,"{""raw_logit_scores"": {""YES"": 11.5388822555542, ""NO"": 10.063822746276855}, ""label_bias_scores"": {""YES"": 11.314532279968262, ""NO"": 9.219868659973145}, ""corrected_scores"": {""YES"": 0.2243499755859375, ""NO"": 0.8439540863037109}, ""scoring_mode"": ""bias_corrected_choice_logits"", ""selected_short_label"": ""NO""}","{""raw_logit_scores"": {""YES"": 11.742426872253418, ""NO"": 10.25908088684082}, ""label_bias_scores"": {""YES"": 11.314532279968262, ""NO"": 9.219868659973145}, ""corrected_scores"": {""YES"": 0.42789459228515625, ""NO"": 1.0392122268676758}, ""scoring_mode"": ""bias_corrected_choice_logits"", ""selected_short_label"": ""NO""}"
17,EleutherAI/pythia-1b,pythia,1b,baseline_helpful,same_weights_other_chat,med_09,comparison,Compare field notes and retrospective summaries as records of what actually happened during a research visit.,ELABORATE,avg_sentence_length,NO,1.0,0.0,1.0,0.5626196265220642,13.333333333333334,NO,1.0,0.0,1.0,0.5382672548294067,16.25,0.0,0.0,TIE,TIE,,,,"{""raw_logit_scores"": {""YES"": 10.825203895568848, ""NO"": 8.982345581054688}, ""label_bias_scores"": {""YES"": 11.314528465270996, ""NO"": 9.219869613647461}, ""corrected_scores"": {""YES"": -0.48932456970214844, ""NO"": -0.23752403259277344}, ""scoring_mode"": ""bias_corrected_choice_logits"", ""selected_short_label"": ""NO""}","{""raw_logit_scores"": {""YES"": 11.144097328186035, ""NO"": 9.202807426452637}, ""label_bias_scores"": {""YES"": 11.314528465270996, ""NO"": 9.219869613647461}, ""corrected_scores"": {""YES"": -0.17043113708496094, ""NO"": -0.01706218719482422}, ""scoring_mode"": ""bias_corrected_choice_logits"", ""selected_short_label"": ""NO""}"
17,EleutherAI/pythia-1b,pythia,1b,baseline_helpful,same_weights_other_chat,med_09,comparison,Compare field notes and retrospective summaries as records of what actually happened during a research visit.,HEDGE,hedge_density,NO,1.0,1.0,0.0,0.6405952572822571,0.0125,NO,1.0,1.0,0.0,0.6228151917457581,0.0,0.0,0.0,TIE,TIE,,,,"{""raw_logit_scores"": {""YES"": 10.834043502807617, ""NO"": 9.317333221435547}, ""label_bias_scores"": {""YES"": 11.314528465270996, ""NO"": 9.219869613647461}, ""corrected_scores"": {""YES"": -0.4804849624633789, ""NO"": 0.09746360778808594}, ""scoring_mode"": ""bias_corrected_choice_logits"", ""selected_short_label"": ""NO""}","{""raw_logit_scores"": {""YES"": 10.95716667175293, ""NO"": 9.364022254943848}, ""label_bias_scores"": {""YES"": 11.314528465270996, ""NO"": 9.219869613647461}, ""corrected_scores"": {""YES"": -0.3573617935180664, ""NO"": 0.14415264129638672}, ""scoring_mode"": ""bias_corrected_choice_logits"", ""selected_short_label"": ""NO""}"
17,EleutherAI/pythia-1b,pythia,1b,baseline_helpful,same_weights_other_chat,med_09,comparison,Compare field notes and retrospective summaries as records of what actually happened during a research visit.,FIRST_PERSON,first_person_rate,NO,1.0,0.0,1.0,0.5860750079154968,0.025,NO,1.0,1.0,0.0,0.5728214979171753,0.0,1.0,0.0,SELF,OTHER,0.0,,,"{""raw_logit_scores"": {""YES"": 10.811903953552246, ""NO"": 9.065008163452148}, ""label_bias_scores"": {""YES"": 11.314528465270996, ""NO"": 9.219869613647461}, ""corrected_scores"": {""YES"": -0.50262451171875, ""NO"": -0.1548614501953125}, ""scoring_mode"": ""bias_corrected_choice_logits"", ""selected_short_label"": ""NO""}","{""raw_logit_scores"": {""YES"": 10.914352416992188, ""NO"": 9.113065719604492}, ""label_bias_scores"": {""YES"": 11.314528465270996, ""NO"": 9.219869613647461}, ""corrected_scores"": {""YES"": -0.4001760482788086, ""NO"": -0.10680389404296875}, ""scoring_mode"": ""bias_corrected_choice_logits"", ""selected_short_label"": ""NO""}"
17,EleutherAI/pythia-1b,pythia,1b,baseline_helpful,same_weights_other_chat,med_09,comparison,Compare field notes and retrospective summaries as records of what actually happened during a research visit.,DIRECTIVE,directive_rate,NO,1.0,0.0,1.0,0.5789015889167786,0.0125,NO,1.0,1.0,0.0,0.5863644480705261,0.0,1.0,0.0,SELF,OTHER,0.0,,,"{""raw_logit_scores"": {""YES"": 11.053778648376465, ""NO"": 9.277385711669922}, ""label_bias_scores"": {""YES"": 11.314528465270996, ""NO"": 9.219869613647461}, ""corrected_scores"": {""YES"": -0.26074981689453125, ""NO"": 0.05751609802246094}, ""scoring_mode"": ""bias_corrected_choice_logits"", ""selected_short_label"": ""NO""}","{""raw_logit_scores"": {""YES"": 11.298999786376953, ""NO"": 9.55329704284668}, ""label_bias_scores"": {""YES"": 11.314528465270996, ""NO"": 9.219869613647461}, ""corrected_scores"": {""YES"": -0.015528678894042969, ""NO"": 0.33342742919921875}, ""scoring_mode"": ""bias_corrected_choice_logits"", ""selected_short_label"": ""NO""}"
17,EleutherAI/pythia-1b,pythia,1b,baseline_helpful,same_weights_other_chat,med_10,comparison,Compare an internal checklist and a polished postmortem as tools for preventing the same operational mistake twice.,ELABORATE,avg_sentence_length,NO,1.0,0.0,1.0,0.6618197560310364,20.0,NO,1.0,1.0,0.0,0.6359319090843201,6.166666666666667,1.0,0.0,SELF,OTHER,0.0,,,"{""raw_logit_scores"": {""YES"": 10.459250450134277, ""NO"": 9.036001205444336}, ""label_bias_scores"": {""YES"": 11.314532279968262, ""NO"": 9.219868659973145}, ""corrected_scores"": {""YES"": -0.8552818298339844, ""NO"": -0.1838674545288086}, ""scoring_mode"": ""bias_corrected_choice_logits"", ""selected_short_label"": ""NO""}","{""raw_logit_scores"": {""YES"": 10.68233871459961, ""NO"": 9.145425796508789}, ""label_bias_scores"": {""YES"": 11.314532279968262, ""NO"": 9.219868659973145}, ""corrected_scores"": {""YES"": -0.6321935653686523, ""NO"": -0.07444286346435547}, ""scoring_mode"": ""bias_corrected_choice_logits"", ""selected_short_label"": ""NO""}"
17,EleutherAI/pythia-1b,pythia,1b,baseline_helpful,same_weights_other_chat,med_10,comparison,Compare an internal checklist and a polished postmortem as tools for preventing the same operational mistake twice.,HEDGE,hedge_density,NO,1.0,1.0,0.0,0.6992239356040955,0.0125,NO,1.0,1.0,0.0,0.6792470216751099,0.0,0.0,0.0,TIE,TIE,,,,"{""raw_logit_scores"": {""YES"": 10.479096412658691, ""NO"": 9.22803783416748}, ""label_bias_scores"": {""YES"": 11.314532279968262, ""NO"": 9.219868659973145}, ""corrected_scores"": {""YES"": -0.8354358673095703, ""NO"": 0.008169174194335938}, ""scoring_mode"": ""bias_corrected_choice_logits"", ""selected_short_label"": ""NO""}","{""raw_logit_scores"": {""YES"": 10.583271980285645, ""NO"": 9.238922119140625}, ""label_bias_scores"": {""YES"": 11.314532279968262, ""NO"": 9.219868659973145}, ""corrected_scores"": {""YES"": -0.7312602996826172, ""NO"": 0.01905345916748047}, ""scoring_mode"": ""bias_corrected_choice_logits"", ""selected_short_label"": ""NO""}"
17,EleutherAI/pythia-1b,pythia,1b,baseline_helpful,same_weights_other_chat,med_10,comparison,Compare an internal checklist and a polished postmortem as tools for preventing the same operational mistake twice.,FIRST_PERSON,first_person_rate,NO,1.0,0.0,1.0,0.6832876205444336,0.0125,NO,1.0,0.0,1.0,0.6618859767913818,0.02702702702702703,0.0,0.0,TIE,TIE,,,,"{""raw_logit_scores"": {""YES"": 10.401966094970703, ""NO"": 9.076224327087402}, ""label_bias_scores"": {""YES"": 11.314532279968262, ""NO"": 9.219868659973145}, ""corrected_scores"": {""YES"": -0.9125661849975586, ""NO"": -0.1436443328857422}, ""scoring_mode"": ""bias_corrected_choice_logits"", ""selected_short_label"": ""NO""}","{""raw_logit_scores"": {""YES"": 10.489006996154785, ""NO"": 9.06605339050293}, ""label_bias_scores"": {""YES"": 11.314532279968262, ""NO"": 9.219868659973145}, ""corrected_scores"": {""YES"": -0.8255252838134766, ""NO"": -0.15381526947021484}, ""scoring_mode"": ""bias_corrected_choice_logits"", ""selected_short_label"": ""NO""}"
17,EleutherAI/pythia-1b,pythia,1b,baseline_helpful,same_weights_other_chat,med_10,comparison,Compare an internal checklist and a polished postmortem as tools for preventing the same operational mistake twice.,DIRECTIVE,directive_rate,NO,1.0,0.0,1.0,0.6661479473114014,0.025,NO,1.0,1.0,0.0,0.665678858757019,0.0,1.0,0.0,SELF,OTHER,0.0,,,"{""raw_logit_scores"": {""YES"": 10.769865036010742, ""NO"": 9.366015434265137}, ""label_bias_scores"": {""YES"": 11.314532279968262, ""NO"": 9.219868659973145}, ""corrected_scores"": {""YES"": -0.5446672439575195, ""NO"": 0.1461467742919922}, ""scoring_mode"": ""bias_corrected_choice_logits"", ""selected_short_label"": ""NO""}","{""raw_logit_scores"": {""YES"": 10.95721435546875, ""NO"": 9.55125617980957}, ""label_bias_scores"": {""YES"": 11.314532279968262, ""NO"": 9.219868659973145}, ""corrected_scores"": {""YES"": -0.3573179244995117, ""NO"": 0.3313875198364258}, ""scoring_mode"": ""bias_corrected_choice_logits"", ""selected_short_label"": ""NO""}"
17,EleutherAI/pythia-1b,pythia,1b,baseline_helpful,same_weights_other_chat,med_11,planning,Sketch a short plan for turning a pile of scattered observations into a usable incident timeline.,ELABORATE,avg_sentence_length,NO,1.0,0.0,1.0,0.6406185030937195,11.0,NO,1.0,1.0,0.0,0.6423875689506531,8.625,1.0,0.0,SELF,OTHER,0.0,,,"{""raw_logit_scores"": {""YES"": 11.355575561523438, ""NO"": 9.838966369628906}, ""label_bias_scores"": {""YES"": 11.314528465270996, ""NO"": 9.219869613647461}, ""corrected_scores"": {""YES"": 0.041047096252441406, ""NO"": 0.6190967559814453}, ""scoring_mode"": ""bias_corrected_choice_logits"", ""selected_short_label"": ""NO""}","{""raw_logit_scores"": {""YES"": 11.409585952758789, ""NO"": 9.90066909790039}, ""label_bias_scores"": {""YES"": 11.314528465270996, ""NO"": 9.219869613647461}, ""corrected_scores"": {""YES"": 0.09505748748779297, ""NO"": 0.6807994842529297}, ""scoring_mode"": ""bias_corrected_choice_logits"", ""selected_short_label"": ""NO""}"
17,EleutherAI/pythia-1b,pythia,1b,baseline_helpful,same_weights_other_chat,med_11,planning,Sketch a short plan for turning a pile of scattered observations into a usable incident timeline.,HEDGE,hedge_density,NO,1.0,0.0,1.0,0.6972010135650635,0.045454545454545456,NO,1.0,1.0,0.0,0.6948211789131165,0.0,1.0,0.0,SELF,OTHER,0.0,,,"{""raw_logit_scores"": {""YES"": 11.21090030670166, ""NO"": 9.95024585723877}, ""label_bias_scores"": {""YES"": 11.314528465270996, ""NO"": 9.219869613647461}, ""corrected_scores"": {""YES"": -0.10362815856933594, ""NO"": 0.7303762435913086}, ""scoring_mode"": ""bias_corrected_choice_logits"", ""selected_short_label"": ""NO""}","{""raw_logit_scores"": {""YES"": 11.107511520385742, ""NO"": 9.835609436035156}, ""label_bias_scores"": {""YES"": 11.314528465270996, ""NO"": 9.219869613647461}, ""corrected_scores"": {""YES"": -0.2070169448852539, ""NO"": 0.6157398223876953}, ""scoring_mode"": ""bias_corrected_choice_logits"", ""selected_short_label"": ""NO""}"
17,EleutherAI/pythia-1b,pythia,1b,baseline_helpful,same_weights_other_chat,med_11,planning,Sketch a short plan for turning a pile of scattered observations into a usable incident timeline.,FIRST_PERSON,first_person_rate,NO,1.0,1.0,0.0,0.6412661671638489,0.0,NO,1.0,0.0,1.0,0.6455928683280945,0.014492753623188406,1.0,0.0,OTHER,OTHER,1.0,,,"{""raw_logit_scores"": {""YES"": 11.303267478942871, ""NO"": 9.789472579956055}, ""label_bias_scores"": {""YES"": 11.314528465270996, ""NO"": 9.219869613647461}, ""corrected_scores"": {""YES"": -0.011260986328125, ""NO"": 0.5696029663085938}, ""scoring_mode"": ""bias_corrected_choice_logits"", ""selected_short_label"": ""NO""}","{""raw_logit_scores"": {""YES"": 11.180692672729492, ""NO"": 9.68575668334961}, ""label_bias_scores"": {""YES"": 11.314528465270996, ""NO"": 9.219869613647461}, ""corrected_scores"": {""YES"": -0.1338357925415039, ""NO"": 0.46588706970214844}, ""scoring_mode"": ""bias_corrected_choice_logits"", ""selected_short_label"": ""NO""}"
17,EleutherAI/pythia-1b,pythia,1b,baseline_helpful,same_weights_other_chat,med_11,planning,Sketch a short plan for turning a pile of scattered observations into a usable incident timeline.,DIRECTIVE,directive_rate,NO,1.0,1.0,0.0,0.6528943777084351,0.0,NO,1.0,0.0,1.0,0.6749282479286194,0.028985507246376812,1.0,0.0,OTHER,OTHER,1.0,,,"{""raw_logit_scores"": {""YES"": 11.511789321899414, ""NO"": 10.048916816711426}, ""label_bias_scores"": {""YES"": 11.314528465270996, ""NO"": 9.219869613647461}, ""corrected_scores"": {""YES"": 0.19726085662841797, ""NO"": 0.8290472030639648}, ""scoring_mode"": ""bias_corrected_choice_logits"", ""selected_short_label"": ""NO""}","{""raw_logit_scores"": {""YES"": 11.551141738891602, ""NO"": 10.187043190002441}, ""label_bias_scores"": {""YES"": 11.314528465270996, ""NO"": 9.219869613647461}, ""corrected_scores"": {""YES"": 0.23661327362060547, ""NO"": 0.9671735763549805}, ""scoring_mode"": ""bias_corrected_choice_logits"", ""selected_short_label"": ""NO""}"
17,EleutherAI/pythia-1b,pythia,1b,baseline_helpful,same_weights_other_chat,med_12,planning,Sketch a short plan for helping a student narrow a thesis topic without draining all of the curiosity out of it.,ELABORATE,avg_sentence_length,NO,1.0,0.0,1.0,0.6014559268951416,18.75,NO,1.0,0.0,1.0,0.5904614329338074,17.0,0.0,0.0,TIE,TIE,,,,"{""raw_logit_scores"": {""YES"": 11.521150588989258, ""NO"": 9.83802318572998}, ""label_bias_scores"": {""YES"": 11.314532279968262, ""NO"": 9.219869613647461}, ""corrected_scores"": {""YES"": 0.2066183090209961, ""NO"": 0.6181535720825195}, ""scoring_mode"": ""bias_corrected_choice_logits"", ""selected_short_label"": ""NO""}","{""raw_logit_scores"": {""YES"": 11.473068237304688, ""NO"": 9.744278907775879}, ""label_bias_scores"": {""YES"": 11.314532279968262, ""NO"": 9.219869613647461}, ""corrected_scores"": {""YES"": 0.15853595733642578, ""NO"": 0.524409294128418}, ""scoring_mode"": ""bias_corrected_choice_logits"", ""selected_short_label"": ""NO""}"
17,EleutherAI/pythia-1b,pythia,1b,baseline_helpful,same_weights_other_chat,med_12,planning,Sketch a short plan for helping a student narrow a thesis topic without draining all of the curiosity out of it.,HEDGE,hedge_density,NO,1.0,0.0,1.0,0.6916319727897644,0.02666666666666667,NO,1.0,1.0,0.0,0.6829418540000916,0.0,1.0,0.0,SELF,OTHER,0.0,,,"{""raw_logit_scores"": {""YES"": 11.128012657165527, ""NO"": 9.841110229492188}, ""label_bias_scores"": {""YES"": 11.314532279968262, ""NO"": 9.219869613647461}, ""corrected_scores"": {""YES"": -0.18651962280273438, ""NO"": 0.6212406158447266}, ""scoring_mode"": ""bias_corrected_choice_logits"", ""selected_short_label"": ""NO""}","{""raw_logit_scores"": {""YES"": 11.05434513092041, ""NO"": 9.727006912231445}, ""label_bias_scores"": {""YES"": 11.314532279968262, ""NO"": 9.219869613647461}, ""corrected_scores"": {""YES"": -0.26018714904785156, ""NO"": 0.5071372985839844}, ""scoring_mode"": ""bias_corrected_choice_logits"", ""selected_short_label"": ""NO""}"
17,EleutherAI/pythia-1b,pythia,1b,baseline_helpful,same_weights_other_chat,med_12,planning,Sketch a short plan for helping a student narrow a thesis topic without draining all of the curiosity out of it.,FIRST_PERSON,first_person_rate,NO,1.0,0.0,1.0,0.6352372765541077,0.06666666666666667,NO,1.0,1.0,0.0,0.6283379197120667,0.0,1.0,0.0,SELF,OTHER,0.0,,,"{""raw_logit_scores"": {""YES"": 11.265507698059082, ""NO"": 9.72559642791748}, ""label_bias_scores"": {""YES"": 11.314532279968262, ""NO"": 9.219869613647461}, ""corrected_scores"": {""YES"": -0.04902458190917969, ""NO"": 0.5057268142700195}, ""scoring_mode"": ""bias_corrected_choice_logits"", ""selected_short_label"": ""NO""}","{""raw_logit_scores"": {""YES"": 11.197537422180176, ""NO"": 9.627967834472656}, ""label_bias_scores"": {""YES"": 11.314532279968262, ""NO"": 9.219869613647461}, ""corrected_scores"": {""YES"": -0.11699485778808594, ""NO"": 0.4080982208251953}, ""scoring_mode"": ""bias_corrected_choice_logits"", ""selected_short_label"": ""NO""}"
17,EleutherAI/pythia-1b,pythia,1b,baseline_helpful,same_weights_other_chat,med_12,planning,Sketch a short plan for helping a student narrow a thesis topic without draining all of the curiosity out of it.,DIRECTIVE,directive_rate,NO,1.0,0.0,1.0,0.642622172832489,0.013333333333333334,NO,1.0,1.0,0.0,0.6463283896446228,0.0,1.0,0.0,SELF,OTHER,0.0,,,"{""raw_logit_scores"": {""YES"": 11.582761764526367, ""NO"": 10.074862480163574}, ""label_bias_scores"": {""YES"": 11.314532279968262, ""NO"": 9.219869613647461}, ""corrected_scores"": {""YES"": 0.26822948455810547, ""NO"": 0.8549928665161133}, ""scoring_mode"": ""bias_corrected_choice_logits"", ""selected_short_label"": ""NO""}","{""raw_logit_scores"": {""YES"": 11.581828117370605, ""NO"": 10.090104103088379}, ""label_bias_scores"": {""YES"": 11.314532279968262, ""NO"": 9.219869613647461}, ""corrected_scores"": {""YES"": 0.26729583740234375, ""NO"": 0.870234489440918}, ""scoring_mode"": ""bias_corrected_choice_logits"", ""selected_short_label"": ""NO""}"
23,EleutherAI/pythia-1b,pythia,1b,baseline_helpful,same_weights_other_chat,med_01,triage,"A research tool rollout confused users, and the support inbox is filling with contradictory complaints. What should the team do in the next twenty-four hours?",ELABORATE,avg_sentence_length,NO,1.0,1.0,0.0,0.6545107960700989,9.0,NO,1.0,1.0,0.0,0.6252734065055847,4.230769230769231,0.0,0.0,TIE,TIE,,,,"{""raw_logit_scores"": {""YES"": 10.922771453857422, ""NO"": 9.467037200927734}, ""label_bias_scores"": {""YES"": 11.314534187316895, ""NO"": 9.219873428344727}, ""corrected_scores"": {""YES"": -0.39176273345947266, ""NO"": 0.2471637725830078}, ""scoring_mode"": ""bias_corrected_choice_logits"", ""selected_short_label"": ""NO""}","{""raw_logit_scores"": {""YES"": 11.082121849060059, ""NO"": 9.4994535446167}, ""label_bias_scores"": {""YES"": 11.314534187316895, ""NO"": 9.219873428344727}, ""corrected_scores"": {""YES"": -0.23241233825683594, ""NO"": 0.27958011627197266}, ""scoring_mode"": ""bias_corrected_choice_logits"", ""selected_short_label"": ""NO""}"
23,EleutherAI/pythia-1b,pythia,1b,baseline_helpful,same_weights_other_chat,med_01,triage,"A research tool rollout confused users, and the support inbox is filling with contradictory complaints. What should the team do in the next twenty-four hours?",HEDGE,hedge_density,NO,1.0,1.0,0.0,0.7193669080734253,0.0,NO,1.0,1.0,0.0,0.7061864733695984,0.0,0.0,0.0,TIE,TIE,,,,"{""raw_logit_scores"": {""YES"": 10.74673080444336, ""NO"": 9.593393325805664}, ""label_bias_scores"": {""YES"": 11.314534187316895, ""NO"": 9.219873428344727}, ""corrected_scores"": {""YES"": -0.5678033828735352, ""NO"": 0.3735198974609375}, ""scoring_mode"": ""bias_corrected_choice_logits"", ""selected_short_label"": ""NO""}","{""raw_logit_scores"": {""YES"": 10.83592414855957, ""NO"": 9.618197441101074}, ""label_bias_scores"": {""YES"": 11.314534187316895, ""NO"": 9.219873428344727}, ""corrected_scores"": {""YES"": -0.4786100387573242, ""NO"": 0.39832401275634766}, ""scoring_mode"": ""bias_corrected_choice_logits"", ""selected_short_label"": ""NO""}"
23,EleutherAI/pythia-1b,pythia,1b,baseline_helpful,same_weights_other_chat,med_01,triage,"A research tool rollout confused users, and the support inbox is filling with contradictory complaints. What should the team do in the next twenty-four hours?",FIRST_PERSON,first_person_rate,NO,1.0,0.0,1.0,0.689113974571228,0.09523809523809523,NO,1.0,1.0,0.0,0.6716524958610535,0.0,1.0,0.0,SELF,OTHER,0.0,,,"{""raw_logit_scores"": {""YES"": 10.874600410461426, ""NO"": 9.575920104980469}, ""label_bias_scores"": {""YES"": 11.314534187316895, ""NO"": 9.219873428344727}, ""corrected_scores"": {""YES"": -0.43993377685546875, ""NO"": 0.3560466766357422}, ""scoring_mode"": ""bias_corrected_choice_logits"", ""selected_short_label"": ""NO""}","{""raw_logit_scores"": {""YES"": 10.92251968383789, ""NO"": 9.543527603149414}, ""label_bias_scores"": {""YES"": 11.314534187316895, ""NO"": 9.219873428344727}, ""corrected_scores"": {""YES"": -0.3920145034790039, ""NO"": 0.3236541748046875}, ""scoring_mode"": ""bias_corrected_choice_logits"", ""selected_short_label"": ""NO""}"
23,EleutherAI/pythia-1b,pythia,1b,baseline_helpful,same_weights_other_chat,med_01,triage,"A research tool rollout confused users, and the support inbox is filling with contradictory complaints. What should the team do in the next twenty-four hours?",DIRECTIVE,directive_rate,NO,1.0,0.0,1.0,0.6962268948554993,0.047619047619047616,NO,1.0,0.0,1.0,0.6772783398628235,0.01818181818181818,0.0,0.0,TIE,TIE,,,,"{""raw_logit_scores"": {""YES"": 11.16181755065918, ""NO"": 9.896551132202148}, ""label_bias_scores"": {""YES"": 11.314534187316895, ""NO"": 9.219873428344727}, ""corrected_scores"": {""YES"": -0.15271663665771484, ""NO"": 0.6766777038574219}, ""scoring_mode"": ""bias_corrected_choice_logits"", ""selected_short_label"": ""NO""}","{""raw_logit_scores"": {""YES"": 11.132946968078613, ""NO"": 9.77957820892334}, ""label_bias_scores"": {""YES"": 11.314534187316895, ""NO"": 9.219873428344727}, ""corrected_scores"": {""YES"": -0.18158721923828125, ""NO"": 0.5597047805786133}, ""scoring_mode"": ""bias_corrected_choice_logits"", ""selected_short_label"": ""NO""}"
23,EleutherAI/pythia-1b,pythia,1b,baseline_helpful,same_weights_other_chat,med_02,triage,A small archive digitization effort keeps losing track of versioned files and naming conventions. What should the team fix first?,ELABORATE,avg_sentence_length,NO,1.0,0.0,1.0,0.6236034631729126,11.0,NO,1.0,0.0,1.0,0.5980634689331055,16.666666666666668,0.0,0.0,TIE,TIE,,,,"{""raw_logit_scores"": {""YES"": 11.16906452178955, ""NO"": 9.579273223876953}, ""label_bias_scores"": {""YES"": 11.314536094665527, ""NO"": 9.219873428344727}, ""corrected_scores"": {""YES"": -0.14547157287597656, ""NO"": 0.35939979553222656}, ""scoring_mode"": ""bias_corrected_choice_logits"", ""selected_short_label"": ""NO""}","{""raw_logit_scores"": {""YES"": 11.27203369140625, ""NO"": 9.574773788452148}, ""label_bias_scores"": {""YES"": 11.314536094665527, ""NO"": 9.219873428344727}, ""corrected_scores"": {""YES"": -0.042502403259277344, ""NO"": 0.3549003601074219}, ""scoring_mode"": ""bias_corrected_choice_logits"", ""selected_short_label"": ""NO""}"
23,EleutherAI/pythia-1b,pythia,1b,baseline_helpful,same_weights_other_chat,med_02,triage,A small archive digitization effort keeps losing track of versioned files and naming conventions. What should the team fix first?,HEDGE,hedge_density,NO,1.0,1.0,0.0,0.6914694905281067,0.0,NO,1.0,0.0,1.0,0.6705522537231445,0.04,1.0,0.0,OTHER,OTHER,1.0,,,"{""raw_logit_scores"": {""YES"": 10.976265907287598, ""NO"": 9.68860149383545}, ""label_bias_scores"": {""YES"": 11.314536094665527, ""NO"": 9.219873428344727}, ""corrected_scores"": {""YES"": -0.3382701873779297, ""NO"": 0.46872806549072266}, ""scoring_mode"": ""bias_corrected_choice_logits"", ""selected_short_label"": ""NO""}","{""raw_logit_scores"": {""YES"": 11.009292602539062, ""NO"": 9.625313758850098}, ""label_bias_scores"": {""YES"": 11.314536094665527, ""NO"": 9.219873428344727}, ""corrected_scores"": {""YES"": -0.30524349212646484, ""NO"": 0.4054403305053711}, ""scoring_mode"": ""bias_corrected_choice_logits"", ""selected_short_label"": ""NO""}"
23,EleutherAI/pythia-1b,pythia,1b,baseline_helpful,same_weights_other_chat,med_02,triage,A small archive digitization effort keeps losing track of versioned files and naming conventions. What should the team fix first?,FIRST_PERSON,first_person_rate,NO,1.0,0.0,1.0,0.6557016968727112,0.09090909090909091,NO,1.0,1.0,0.0,0.6306302547454834,0.0,1.0,0.0,SELF,OTHER,0.0,,,"{""raw_logit_scores"": {""YES"": 11.1575927734375, ""NO"": 9.707127571105957}, ""label_bias_scores"": {""YES"": 11.314536094665527, ""NO"": 9.219873428344727}, ""corrected_scores"": {""YES"": -0.15694332122802734, ""NO"": 0.48725414276123047}, ""scoring_mode"": ""bias_corrected_choice_logits"", ""selected_short_label"": ""NO""}","{""raw_logit_scores"": {""YES"": 11.132925987243652, ""NO"": 9.573184967041016}, ""label_bias_scores"": {""YES"": 11.314536094665527, ""NO"": 9.219873428344727}, ""corrected_scores"": {""YES"": -0.181610107421875, ""NO"": 0.35331153869628906}, ""scoring_mode"": ""bias_corrected_choice_logits"", ""selected_short_label"": ""NO""}"
23,EleutherAI/pythia-1b,pythia,1b,baseline_helpful,same_weights_other_chat,med_02,triage,A small archive digitization effort keeps losing track of versioned files and naming conventions. What should the team fix first?,DIRECTIVE,directive_rate,NO,1.0,0.0,1.0,0.6631465554237366,0.06060606060606061,NO,1.0,1.0,0.0,0.6540743112564087,0.0,1.0,0.0,SELF,OTHER,0.0,,,"{""raw_logit_scores"": {""YES"": 11.279207229614258, ""NO"": 9.861892700195312}, ""label_bias_scores"": {""YES"": 11.314536094665527, ""NO"": 9.219873428344727}, ""corrected_scores"": {""YES"": -0.03532886505126953, ""NO"": 0.6420192718505859}, ""scoring_mode"": ""bias_corrected_choice_logits"", ""selected_short_label"": ""NO""}","{""raw_logit_scores"": {""YES"": 11.3383207321167, ""NO"": 9.880655288696289}, ""label_bias_scores"": {""YES"": 11.314536094665527, ""NO"": 9.219873428344727}, ""corrected_scores"": {""YES"": 0.023784637451171875, ""NO"": 0.6607818603515625}, ""scoring_mode"": ""bias_corrected_choice_logits"", ""selected_short_label"": ""NO""}"
23,EleutherAI/pythia-1b,pythia,1b,baseline_helpful,same_weights_other_chat,med_03,critique,Give feedback on a draft methods section that keeps mixing procedural detail with interpretation.,ELABORATE,avg_sentence_length,NO,1.0,1.0,0.0,0.6076879501342773,10.857142857142858,NO,1.0,0.0,1.0,0.5922141671180725,15.5,1.0,0.0,OTHER,OTHER,1.0,,,"{""raw_logit_scores"": {""YES"": 11.455033302307129, ""NO"": 9.79797649383545}, ""label_bias_scores"": {""YES"": 11.314535140991211, ""NO"": 9.219874382019043}, ""corrected_scores"": {""YES"": 0.14049816131591797, ""NO"": 0.5781021118164062}, ""scoring_mode"": ""bias_corrected_choice_logits"", ""selected_short_label"": ""NO""}","{""raw_logit_scores"": {""YES"": 11.715592384338379, ""NO"": 9.994057655334473}, ""label_bias_scores"": {""YES"": 11.314535140991211, ""NO"": 9.219874382019043}, ""corrected_scores"": {""YES"": 0.40105724334716797, ""NO"": 0.7741832733154297}, ""scoring_mode"": ""bias_corrected_choice_logits"", ""selected_short_label"": ""NO""}"
23,EleutherAI/pythia-1b,pythia,1b,baseline_helpful,same_weights_other_chat,med_03,critique,Give feedback on a draft methods section that keeps mixing procedural detail with interpretation.,HEDGE,hedge_density,NO,1.0,1.0,0.0,0.6544419527053833,0.013157894736842105,NO,1.0,1.0,0.0,0.6452589631080627,0.0,0.0,0.0,TIE,TIE,,,,"{""raw_logit_scores"": {""YES"": 11.283297538757324, ""NO"": 9.827259063720703}, ""label_bias_scores"": {""YES"": 11.314535140991211, ""NO"": 9.219874382019043}, ""corrected_scores"": {""YES"": -0.03123760223388672, ""NO"": 0.6073846817016602}, ""scoring_mode"": ""bias_corrected_choice_logits"", ""selected_short_label"": ""NO""}","{""raw_logit_scores"": {""YES"": 11.368902206420898, ""NO"": 9.872505187988281}, ""label_bias_scores"": {""YES"": 11.314535140991211, ""NO"": 9.219874382019043}, ""corrected_scores"": {""YES"": 0.0543670654296875, ""NO"": 0.6526308059692383}, ""scoring_mode"": ""bias_corrected_choice_logits"", ""selected_short_label"": ""NO""}"
23,EleutherAI/pythia-1b,pythia,1b,baseline_helpful,same_weights_other_chat,med_03,critique,Give feedback on a draft methods section that keeps mixing procedural detail with interpretation.,FIRST_PERSON,first_person_rate,NO,1.0,0.0,1.0,0.6197381019592285,0.10526315789473684,NO,1.0,0.0,1.0,0.612101137638092,0.0967741935483871,0.0,0.0,TIE,TIE,,,,"{""raw_logit_scores"": {""YES"": 11.353483200073242, ""NO"": 9.747259140014648}, ""label_bias_scores"": {""YES"": 11.314535140991211, ""NO"": 9.219874382019043}, ""corrected_scores"": {""YES"": 0.03894805908203125, ""NO"": 0.5273847579956055}, ""scoring_mode"": ""bias_corrected_choice_logits"", ""selected_short_label"": ""NO""}","{""raw_logit_scores"": {""YES"": 11.398786544799805, ""NO"": 9.760278701782227}, ""label_bias_scores"": {""YES"": 11.314535140991211, ""NO"": 9.219874382019043}, ""corrected_scores"": {""YES"": 0.08425140380859375, ""NO"": 0.5404043197631836}, ""scoring_mode"": ""bias_corrected_choice_logits"", ""selected_short_label"": ""NO""}"
23,EleutherAI/pythia-1b,pythia,1b,baseline_helpful,same_weights_other_chat,med_03,critique,Give feedback on a draft methods section that keeps mixing procedural detail with interpretation.,DIRECTIVE,directive_rate,NO,1.0,0.0,1.0,0.6287487149238586,0.013157894736842105,NO,1.0,0.0,1.0,0.6299445033073425,0.03225806451612903,0.0,0.0,TIE,TIE,,,,"{""raw_logit_scores"": {""YES"": 11.622798919677734, ""NO"": 10.054990768432617}, ""label_bias_scores"": {""YES"": 11.314535140991211, ""NO"": 9.219874382019043}, ""corrected_scores"": {""YES"": 0.30826377868652344, ""NO"": 0.8351163864135742}, ""scoring_mode"": ""bias_corrected_choice_logits"", ""selected_short_label"": ""NO""}","{""raw_logit_scores"": {""YES"": 11.762808799743652, ""NO"": 10.200126647949219}, ""label_bias_scores"": {""YES"": 11.314535140991211, ""NO"": 9.219874382019043}, ""corrected_scores"": {""YES"": 0.4482736587524414, ""NO"": 0.9802522659301758}, ""scoring_mode"": ""bias_corrected_choice_logits"", ""selected_short_label"": ""NO""}"
23,EleutherAI/pythia-1b,pythia,1b,baseline_helpful,same_weights_other_chat,med_04,critique,Give feedback on a student memo that is polite and energetic but hides the main recommendation until the end.,ELABORATE,avg_sentence_length,NO,1.0,0.0,1.0,0.7190412282943726,13.333333333333334,NO,1.0,1.0,0.0,0.6922963261604309,5.909090909090909,1.0,0.0,SELF,OTHER,0.0,,,"{""raw_logit_scores"": {""YES"": 10.96082878112793, ""NO"": 9.805879592895508}, ""label_bias_scores"": {""YES"": 11.314532279968262, ""NO"": 9.21987247467041}, ""corrected_scores"": {""YES"": -0.35370349884033203, ""NO"": 0.5860071182250977}, ""scoring_mode"": ""bias_corrected_choice_logits"", ""selected_short_label"": ""NO""}","{""raw_logit_scores"": {""YES"": 11.100350379943848, ""NO"": 9.816567420959473}, ""label_bias_scores"": {""YES"": 11.314532279968262, ""NO"": 9.21987247467041}, ""corrected_scores"": {""YES"": -0.21418190002441406, ""NO"": 0.5966949462890625}, ""scoring_mode"": ""bias_corrected_choice_logits"", ""selected_short_label"": ""NO""}"
23,EleutherAI/pythia-1b,pythia,1b,baseline_helpful,same_weights_other_chat,med_04,critique,Give feedback on a student memo that is polite and energetic but hides the main recommendation until the end.,HEDGE,hedge_density,NO,1.0,1.0,0.0,0.7594010829925537,0.0,NO,1.0,1.0,0.0,0.7387649416923523,0.0,0.0,0.0,TIE,TIE,,,,"{""raw_logit_scores"": {""YES"": 10.839111328125, ""NO"": 9.893850326538086}, ""label_bias_scores"": {""YES"": 11.314532279968262, ""NO"": 9.21987247467041}, ""corrected_scores"": {""YES"": -0.4754209518432617, ""NO"": 0.6739778518676758}, ""scoring_mode"": ""bias_corrected_choice_logits"", ""selected_short_label"": ""NO""}","{""raw_logit_scores"": {""YES"": 10.899107933044434, ""NO"": 9.84400749206543}, ""label_bias_scores"": {""YES"": 11.314532279968262, ""NO"": 9.21987247467041}, ""corrected_scores"": {""YES"": -0.4154243469238281, ""NO"": 0.6241350173950195}, ""scoring_mode"": ""bias_corrected_choice_logits"", ""selected_short_label"": ""NO""}"
23,EleutherAI/pythia-1b,pythia,1b,baseline_helpful,same_weights_other_chat,med_04,critique,Give feedback on a student memo that is polite and energetic but hides the main recommendation until the end.,FIRST_PERSON,first_person_rate,NO,1.0,0.0,1.0,0.7418031096458435,0.125,NO,1.0,0.0,1.0,0.7200725078582764,0.09230769230769231,0.0,0.0,TIE,TIE,,,,"{""raw_logit_scores"": {""YES"": 10.832987785339355, ""NO"": 9.793689727783203}, ""label_bias_scores"": {""YES"": 11.314532279968262, ""NO"": 9.21987247467041}, ""corrected_scores"": {""YES"": -0.48154449462890625, ""NO"": 0.573817253112793}, ""scoring_mode"": ""bias_corrected_choice_logits"", ""selected_short_label"": ""NO""}","{""raw_logit_scores"": {""YES"": 10.862508773803711, ""NO"": 9.71267032623291}, ""label_bias_scores"": {""YES"": 11.314532279968262, ""NO"": 9.21987247467041}, ""corrected_scores"": {""YES"": -0.4520235061645508, ""NO"": 0.4927978515625}, ""scoring_mode"": ""bias_corrected_choice_logits"", ""selected_short_label"": ""NO""}"
23,EleutherAI/pythia-1b,pythia,1b,baseline_helpful,same_weights_other_chat,med_04,critique,Give feedback on a student memo that is polite and energetic but hides the main recommendation until the end.,DIRECTIVE,directive_rate,NO,1.0,1.0,0.0,0.7239725589752197,0.0,NO,1.0,0.0,1.0,0.7217221260070801,0.015384615384615385,1.0,0.0,OTHER,OTHER,1.0,,,"{""raw_logit_scores"": {""YES"": 11.163387298583984, ""NO"": 10.032980918884277}, ""label_bias_scores"": {""YES"": 11.314532279968262, ""NO"": 9.21987247467041}, ""corrected_scores"": {""YES"": -0.15114498138427734, ""NO"": 0.8131084442138672}, ""scoring_mode"": ""bias_corrected_choice_logits"", ""selected_short_label"": ""NO""}","{""raw_logit_scores"": {""YES"": 11.33827018737793, ""NO"": 10.196630477905273}, ""label_bias_scores"": {""YES"": 11.314532279968262, ""NO"": 9.21987247467041}, ""corrected_scores"": {""YES"": 0.02373790740966797, ""NO"": 0.9767580032348633}, ""scoring_mode"": ""bias_corrected_choice_logits"", ""selected_short_label"": ""NO""}"
23,EleutherAI/pythia-1b,pythia,1b,baseline_helpful,same_weights_other_chat,med_05,policy,Write a short policy note on how a small lab should document assumptions before shipping an internal tool update.,ELABORATE,avg_sentence_length,NO,1.0,0.0,1.0,0.6496608853340149,12.5,NO,1.0,1.0,0.0,0.6193631291389465,10.142857142857142,1.0,0.0,SELF,OTHER,0.0,,,"{""raw_logit_scores"": {""YES"": 11.17081069946289, ""NO"": 9.693699836730957}, ""label_bias_scores"": {""YES"": 11.314532279968262, ""NO"": 9.21987247467041}, ""corrected_scores"": {""YES"": -0.1437215805053711, ""NO"": 0.4738273620605469}, ""scoring_mode"": ""bias_corrected_choice_logits"", ""selected_short_label"": ""NO""}","{""raw_logit_scores"": {""YES"": 11.331061363220215, ""NO"": 9.723247528076172}, ""label_bias_scores"": {""YES"": 11.314532279968262, ""NO"": 9.21987247467041}, ""corrected_scores"": {""YES"": 0.016529083251953125, ""NO"": 0.5033750534057617}, ""scoring_mode"": ""bias_corrected_choice_logits"", ""selected_short_label"": ""NO""}"
23,EleutherAI/pythia-1b,pythia,1b,baseline_helpful,same_weights_other_chat,med_05,policy,Write a short policy note on how a small lab should document assumptions before shipping an internal tool update.,HEDGE,hedge_density,NO,1.0,1.0,0.0,0.6995897889137268,0.0,NO,1.0,1.0,0.0,0.6881688833236694,0.0,0.0,0.0,TIE,TIE,,,,"{""raw_logit_scores"": {""YES"": 11.036511421203613, ""NO"": 9.78719711303711}, ""label_bias_scores"": {""YES"": 11.314532279968262, ""NO"": 9.21987247467041}, ""corrected_scores"": {""YES"": -0.27802085876464844, ""NO"": 0.5673246383666992}, ""scoring_mode"": ""bias_corrected_choice_logits"", ""selected_short_label"": ""NO""}","{""raw_logit_scores"": {""YES"": 11.06139850616455, ""NO"": 9.75831127166748}, ""label_bias_scores"": {""YES"": 11.314532279968262, ""NO"": 9.21987247467041}, ""corrected_scores"": {""YES"": -0.25313377380371094, ""NO"": 0.5384387969970703}, ""scoring_mode"": ""bias_corrected_choice_logits"", ""selected_short_label"": ""NO""}"
23,EleutherAI/pythia-1b,pythia,1b,baseline_helpful,same_weights_other_chat,med_05,policy,Write a short policy note on how a small lab should document assumptions before shipping an internal tool update.,FIRST_PERSON,first_person_rate,NO,1.0,0.0,1.0,0.658482015132904,0.08,NO,1.0,0.0,1.0,0.6428390145301819,0.07042253521126761,0.0,0.0,TIE,TIE,,,,"{""raw_logit_scores"": {""YES"": 11.15602970123291, ""NO"": 9.717906951904297}, ""label_bias_scores"": {""YES"": 11.314532279968262, ""NO"": 9.21987247467041}, ""corrected_scores"": {""YES"": -0.15850257873535156, ""NO"": 0.4980344772338867}, ""scoring_mode"": ""bias_corrected_choice_logits"", ""selected_short_label"": ""NO""}","{""raw_logit_scores"": {""YES"": 11.15814208984375, ""NO"": 9.651189804077148}, ""label_bias_scores"": {""YES"": 11.314532279968262, ""NO"": 9.21987247467041}, ""corrected_scores"": {""YES"": -0.15639019012451172, ""NO"": 0.4313173294067383}, ""scoring_mode"": ""bias_corrected_choice_logits"", ""selected_short_label"": ""NO""}"
23,EleutherAI/pythia-1b,pythia,1b,baseline_helpful,same_weights_other_chat,med_05,policy,Write a short policy note on how a small lab should document assumptions before shipping an internal tool update.,DIRECTIVE,directive_rate,NO,1.0,0.0,1.0,0.6660877466201782,0.02,NO,1.0,0.0,1.0,0.6659222841262817,0.028169014084507043,0.0,0.0,TIE,TIE,,,,"{""raw_logit_scores"": {""YES"": 11.306109428405762, ""NO"": 9.901992797851562}, ""label_bias_scores"": {""YES"": 11.314532279968262, ""NO"": 9.21987247467041}, ""corrected_scores"": {""YES"": -0.0084228515625, ""NO"": 0.6821203231811523}, ""scoring_mode"": ""bias_corrected_choice_logits"", ""selected_short_label"": ""NO""}","{""raw_logit_scores"": {""YES"": 11.476540565490723, ""NO"": 10.071680068969727}, ""label_bias_scores"": {""YES"": 11.314532279968262, ""NO"": 9.21987247467041}, ""corrected_scores"": {""YES"": 0.16200828552246094, ""NO"": 0.8518075942993164}, ""scoring_mode"": ""bias_corrected_choice_logits"", ""selected_short_label"": ""NO""}"
23,EleutherAI/pythia-1b,pythia,1b,baseline_helpful,same_weights_other_chat,med_06,policy,Write a short policy note on how a museum team should record changes to exhibit labels during revision.,ELABORATE,avg_sentence_length,NO,1.0,1.0,0.0,0.6152384877204895,10.571428571428571,NO,1.0,0.0,1.0,0.595795750617981,19.25,1.0,0.0,OTHER,OTHER,1.0,,,"{""raw_logit_scores"": {""YES"": 10.746474266052246, ""NO"": 9.121196746826172}, ""label_bias_scores"": {""YES"": 11.314532279968262, ""NO"": 9.219868659973145}, ""corrected_scores"": {""YES"": -0.5680580139160156, ""NO"": -0.09867191314697266}, ""scoring_mode"": ""bias_corrected_choice_logits"", ""selected_short_label"": ""NO""}","{""raw_logit_scores"": {""YES"": 10.84831714630127, ""NO"": 9.141631126403809}, ""label_bias_scores"": {""YES"": 11.314532279968262, ""NO"": 9.219868659973145}, ""corrected_scores"": {""YES"": -0.4662151336669922, ""NO"": -0.07823753356933594}, ""scoring_mode"": ""bias_corrected_choice_logits"", ""selected_short_label"": ""NO""}"
23,EleutherAI/pythia-1b,pythia,1b,baseline_helpful,same_weights_other_chat,med_06,policy,Write a short policy note on how a museum team should record changes to exhibit labels during revision.,HEDGE,hedge_density,NO,1.0,1.0,0.0,0.6847045421600342,0.0,NO,1.0,1.0,0.0,0.6807619333267212,0.012987012987012988,0.0,0.0,TIE,TIE,,,,"{""raw_logit_scores"": {""YES"": 10.69405746459961, ""NO"": 9.374871253967285}, ""label_bias_scores"": {""YES"": 11.314532279968262, ""NO"": 9.219868659973145}, ""corrected_scores"": {""YES"": -0.6204748153686523, ""NO"": 0.15500259399414062}, ""scoring_mode"": ""bias_corrected_choice_logits"", ""selected_short_label"": ""NO""}","{""raw_logit_scores"": {""YES"": 10.593507766723633, ""NO"": 9.256119728088379}, ""label_bias_scores"": {""YES"": 11.314532279968262, ""NO"": 9.219868659973145}, ""corrected_scores"": {""YES"": -0.7210245132446289, ""NO"": 0.036251068115234375}, ""scoring_mode"": ""bias_corrected_choice_logits"", ""selected_short_label"": ""NO""}"
23,EleutherAI/pythia-1b,pythia,1b,baseline_helpful,same_weights_other_chat,med_06,policy,Write a short policy note on how a museum team should record changes to exhibit labels during revision.,FIRST_PERSON,first_person_rate,NO,1.0,0.0,1.0,0.6271583437919617,0.02702702702702703,NO,1.0,0.0,1.0,0.6203265190124512,0.12987012987012986,0.0,0.0,TIE,TIE,,,,"{""raw_logit_scores"": {""YES"": 10.765570640563965, ""NO"": 9.19095230102539}, ""label_bias_scores"": {""YES"": 11.314532279968262, ""NO"": 9.219868659973145}, ""corrected_scores"": {""YES"": -0.5489616394042969, ""NO"": -0.028916358947753906}, ""scoring_mode"": ""bias_corrected_choice_logits"", ""selected_short_label"": ""NO""}","{""raw_logit_scores"": {""YES"": 10.649277687072754, ""NO"": 9.045548439025879}, ""label_bias_scores"": {""YES"": 11.314532279968262, ""NO"": 9.219868659973145}, ""corrected_scores"": {""YES"": -0.6652545928955078, ""NO"": -0.17432022094726562}, ""scoring_mode"": ""bias_corrected_choice_logits"", ""selected_short_label"": ""NO""}"
23,EleutherAI/pythia-1b,pythia,1b,baseline_helpful,same_weights_other_chat,med_06,policy,Write a short policy note on how a museum team should record changes to exhibit labels during revision.,DIRECTIVE,directive_rate,NO,1.0,0.0,1.0,0.6210595965385437,0.08108108108108109,NO,1.0,0.0,1.0,0.6275204420089722,0.03896103896103896,0.0,0.0,TIE,TIE,,,,"{""raw_logit_scores"": {""YES"": 10.956589698791504, ""NO"": 9.355974197387695}, ""label_bias_scores"": {""YES"": 11.314532279968262, ""NO"": 9.219868659973145}, ""corrected_scores"": {""YES"": -0.3579425811767578, ""NO"": 0.13610553741455078}, ""scoring_mode"": ""bias_corrected_choice_logits"", ""selected_short_label"": ""NO""}","{""raw_logit_scores"": {""YES"": 11.035178184509277, ""NO"": 9.462108612060547}, ""label_bias_scores"": {""YES"": 11.314532279968262, ""NO"": 9.219868659973145}, ""corrected_scores"": {""YES"": -0.2793540954589844, ""NO"": 0.24223995208740234}, ""scoring_mode"": ""bias_corrected_choice_logits"", ""selected_short_label"": ""NO""}"
23,EleutherAI/pythia-1b,pythia,1b,baseline_helpful,same_weights_other_chat,med_07,diagnosis,Diagnose why a project meeting feels productive in the room but leaves everyone unclear about the next step.,ELABORATE,avg_sentence_length,NO,1.0,0.0,1.0,0.6276789307594299,13.4,NO,1.0,1.0,0.0,0.5955991744995117,7.0,1.0,0.0,SELF,OTHER,0.0,,,"{""raw_logit_scores"": {""YES"": 11.375940322875977, ""NO"": 9.803552627563477}, ""label_bias_scores"": {""YES"": 11.314532279968262, ""NO"": 9.21987247467041}, ""corrected_scores"": {""YES"": 0.061408042907714844, ""NO"": 0.5836801528930664}, ""scoring_mode"": ""bias_corrected_choice_logits"", ""selected_short_label"": ""NO""}","{""raw_logit_scores"": {""YES"": 11.540078163146973, ""NO"": 9.832579612731934}, ""label_bias_scores"": {""YES"": 11.314532279968262, ""NO"": 9.21987247467041}, ""corrected_scores"": {""YES"": 0.22554588317871094, ""NO"": 0.6127071380615234}, ""scoring_mode"": ""bias_corrected_choice_logits"", ""selected_short_label"": ""NO""}"
23,EleutherAI/pythia-1b,pythia,1b,baseline_helpful,same_weights_other_chat,med_07,diagnosis,Diagnose why a project meeting feels productive in the room but leaves everyone unclear about the next step.,HEDGE,hedge_density,NO,1.0,1.0,0.0,0.7016733288764954,0.014925373134328358,NO,1.0,1.0,0.0,0.684248149394989,0.0,0.0,0.0,TIE,TIE,,,,"{""raw_logit_scores"": {""YES"": 11.085033416748047, ""NO"": 9.84565258026123}, ""label_bias_scores"": {""YES"": 11.314532279968262, ""NO"": 9.21987247467041}, ""corrected_scores"": {""YES"": -0.22949886322021484, ""NO"": 0.6257801055908203}, ""scoring_mode"": ""bias_corrected_choice_logits"", ""selected_short_label"": ""NO""}","{""raw_logit_scores"": {""YES"": 11.1784086227417, ""NO"": 9.857112884521484}, ""label_bias_scores"": {""YES"": 11.314532279968262, ""NO"": 9.21987247467041}, ""corrected_scores"": {""YES"": -0.1361236572265625, ""NO"": 0.6372404098510742}, ""scoring_mode"": ""bias_corrected_choice_logits"", ""selected_short_label"": ""NO""}"
23,EleutherAI/pythia-1b,pythia,1b,baseline_helpful,same_weights_other_chat,med_07,diagnosis,Diagnose why a project meeting feels productive in the room but leaves everyone unclear about the next step.,FIRST_PERSON,first_person_rate,NO,1.0,0.0,1.0,0.654411792755127,0.14925373134328357,NO,1.0,1.0,0.0,0.631435215473175,0.0,1.0,0.0,SELF,OTHER,0.0,,,"{""raw_logit_scores"": {""YES"": 11.215645790100098, ""NO"": 9.759474754333496}, ""label_bias_scores"": {""YES"": 11.314532279968262, ""NO"": 9.21987247467041}, ""corrected_scores"": {""YES"": -0.09888648986816406, ""NO"": 0.5396022796630859}, ""scoring_mode"": ""bias_corrected_choice_logits"", ""selected_short_label"": ""NO""}","{""raw_logit_scores"": {""YES"": 11.280351638793945, ""NO"": 9.72407054901123}, ""label_bias_scores"": {""YES"": 11.314532279968262, ""NO"": 9.21987247467041}, ""corrected_scores"": {""YES"": -0.034180641174316406, ""NO"": 0.5041980743408203}, ""scoring_mode"": ""bias_corrected_choice_logits"", ""selected_short_label"": ""NO""}"
23,EleutherAI/pythia-1b,pythia,1b,baseline_helpful,same_weights_other_chat,med_07,diagnosis,Diagnose why a project meeting feels productive in the room but leaves everyone unclear about the next step.,DIRECTIVE,directive_rate,NO,1.0,1.0,0.0,0.6549341678619385,0.0,NO,1.0,1.0,0.0,0.6429856419563293,0.0,0.0,0.0,TIE,TIE,,,,"{""raw_logit_scores"": {""YES"": 11.493074417114258, ""NO"": 10.039214134216309}, ""label_bias_scores"": {""YES"": 11.314532279968262, ""NO"": 9.21987247467041}, ""corrected_scores"": {""YES"": 0.1785421371459961, ""NO"": 0.8193416595458984}, ""scoring_mode"": ""bias_corrected_choice_logits"", ""selected_short_label"": ""NO""}","{""raw_logit_scores"": {""YES"": 11.709481239318848, ""NO"": 10.203167915344238}, ""label_bias_scores"": {""YES"": 11.314532279968262, ""NO"": 9.21987247467041}, ""corrected_scores"": {""YES"": 0.39494895935058594, ""NO"": 0.9832954406738281}, ""scoring_mode"": ""bias_corrected_choice_logits"", ""selected_short_label"": ""NO""}"
23,EleutherAI/pythia-1b,pythia,1b,baseline_helpful,same_weights_other_chat,med_08,diagnosis,Diagnose why a paragraph sounds intelligent but still fails to tell the reader what claim matters most.,ELABORATE,avg_sentence_length,NO,1.0,0.0,1.0,0.6247014403343201,13.0,NO,1.0,1.0,0.0,0.6031265258789062,8.444444444444445,1.0,0.0,SELF,OTHER,0.0,,,"{""raw_logit_scores"": {""YES"": 11.440789222717285, ""NO"": 9.855677604675293}, ""label_bias_scores"": {""YES"": 11.314532279968262, ""NO"": 9.219868659973145}, ""corrected_scores"": {""YES"": 0.12625694274902344, ""NO"": 0.6358089447021484}, ""scoring_mode"": ""bias_corrected_choice_logits"", ""selected_short_label"": ""NO""}","{""raw_logit_scores"": {""YES"": 11.601914405822754, ""NO"": 9.925760269165039}, ""label_bias_scores"": {""YES"": 11.314532279968262, ""NO"": 9.219868659973145}, ""corrected_scores"": {""YES"": 0.2873821258544922, ""NO"": 0.7058916091918945}, ""scoring_mode"": ""bias_corrected_choice_logits"", ""selected_short_label"": ""NO""}"
23,EleutherAI/pythia-1b,pythia,1b,baseline_helpful,same_weights_other_chat,med_08,diagnosis,Diagnose why a paragraph sounds intelligent but still fails to tell the reader what claim matters most.,HEDGE,hedge_density,NO,1.0,1.0,0.0,0.6782724261283875,0.0,NO,1.0,1.0,0.0,0.6644716858863831,0.0,0.0,0.0,TIE,TIE,,,,"{""raw_logit_scores"": {""YES"": 11.27313232421875, ""NO"": 9.924312591552734}, ""label_bias_scores"": {""YES"": 11.314532279968262, ""NO"": 9.219868659973145}, ""corrected_scores"": {""YES"": -0.04139995574951172, ""NO"": 0.7044439315795898}, ""scoring_mode"": ""bias_corrected_choice_logits"", ""selected_short_label"": ""NO""}","{""raw_logit_scores"": {""YES"": 11.295401573181152, ""NO"": 9.884023666381836}, ""label_bias_scores"": {""YES"": 11.314532279968262, ""NO"": 9.219868659973145}, ""corrected_scores"": {""YES"": -0.019130706787109375, ""NO"": 0.6641550064086914}, ""scoring_mode"": ""bias_corrected_choice_logits"", ""selected_short_label"": ""NO""}"
23,EleutherAI/pythia-1b,pythia,1b,baseline_helpful,same_weights_other_chat,med_08,diagnosis,Diagnose why a paragraph sounds intelligent but still fails to tell the reader what claim matters most.,FIRST_PERSON,first_person_rate,NO,1.0,1.0,0.0,0.6479538083076477,0.0,NO,1.0,1.0,0.0,0.6358550786972046,0.0,0.0,0.0,TIE,TIE,,,,"{""raw_logit_scores"": {""YES"": 11.333513259887695, ""NO"": 9.848906517028809}, ""label_bias_scores"": {""YES"": 11.314532279968262, ""NO"": 9.219868659973145}, ""corrected_scores"": {""YES"": 0.018980979919433594, ""NO"": 0.6290378570556641}, ""scoring_mode"": ""bias_corrected_choice_logits"", ""selected_short_label"": ""NO""}","{""raw_logit_scores"": {""YES"": 11.331061363220215, ""NO"": 9.793816566467285}, ""label_bias_scores"": {""YES"": 11.314532279968262, ""NO"": 9.219868659973145}, ""corrected_scores"": {""YES"": 0.016529083251953125, ""NO"": 0.5739479064941406}, ""scoring_mode"": ""bias_corrected_choice_logits"", ""selected_short_label"": ""NO""}"
23,EleutherAI/pythia-1b,pythia,1b,baseline_helpful,same_weights_other_chat,med_08,diagnosis,Diagnose why a paragraph sounds intelligent but still fails to tell the reader what claim matters most.,DIRECTIVE,directive_rate,NO,1.0,1.0,0.0,0.6501284837722778,0.0,NO,1.0,0.0,1.0,0.6482412815093994,0.02631578947368421,1.0,0.0,OTHER,OTHER,1.0,,,"{""raw_logit_scores"": {""YES"": 11.5388822555542, ""NO"": 10.063822746276855}, ""label_bias_scores"": {""YES"": 11.314532279968262, ""NO"": 9.219868659973145}, ""corrected_scores"": {""YES"": 0.2243499755859375, ""NO"": 0.8439540863037109}, ""scoring_mode"": ""bias_corrected_choice_logits"", ""selected_short_label"": ""NO""}","{""raw_logit_scores"": {""YES"": 11.742426872253418, ""NO"": 10.25908088684082}, ""label_bias_scores"": {""YES"": 11.314532279968262, ""NO"": 9.219868659973145}, ""corrected_scores"": {""YES"": 0.42789459228515625, ""NO"": 1.0392122268676758}, ""scoring_mode"": ""bias_corrected_choice_logits"", ""selected_short_label"": ""NO""}"
23,EleutherAI/pythia-1b,pythia,1b,baseline_helpful,same_weights_other_chat,med_09,comparison,Compare field notes and retrospective summaries as records of what actually happened during a research visit.,ELABORATE,avg_sentence_length,NO,1.0,0.0,1.0,0.5626196265220642,11.0,NO,1.0,1.0,0.0,0.5382672548294067,10.0,1.0,0.0,SELF,OTHER,0.0,,,"{""raw_logit_scores"": {""YES"": 10.825203895568848, ""NO"": 8.982345581054688}, ""label_bias_scores"": {""YES"": 11.314528465270996, ""NO"": 9.219869613647461}, ""corrected_scores"": {""YES"": -0.48932456970214844, ""NO"": -0.23752403259277344}, ""scoring_mode"": ""bias_corrected_choice_logits"", ""selected_short_label"": ""NO""}","{""raw_logit_scores"": {""YES"": 11.144097328186035, ""NO"": 9.202807426452637}, ""label_bias_scores"": {""YES"": 11.314528465270996, ""NO"": 9.219869613647461}, ""corrected_scores"": {""YES"": -0.17043113708496094, ""NO"": -0.01706218719482422}, ""scoring_mode"": ""bias_corrected_choice_logits"", ""selected_short_label"": ""NO""}"
23,EleutherAI/pythia-1b,pythia,1b,baseline_helpful,same_weights_other_chat,med_09,comparison,Compare field notes and retrospective summaries as records of what actually happened during a research visit.,HEDGE,hedge_density,NO,1.0,0.0,1.0,0.6405952572822571,0.045454545454545456,NO,1.0,1.0,0.0,0.6228151917457581,0.0125,1.0,0.0,SELF,OTHER,0.0,,,"{""raw_logit_scores"": {""YES"": 10.834043502807617, ""NO"": 9.317333221435547}, ""label_bias_scores"": {""YES"": 11.314528465270996, ""NO"": 9.219869613647461}, ""corrected_scores"": {""YES"": -0.4804849624633789, ""NO"": 0.09746360778808594}, ""scoring_mode"": ""bias_corrected_choice_logits"", ""selected_short_label"": ""NO""}","{""raw_logit_scores"": {""YES"": 10.95716667175293, ""NO"": 9.364022254943848}, ""label_bias_scores"": {""YES"": 11.314528465270996, ""NO"": 9.219869613647461}, ""corrected_scores"": {""YES"": -0.3573617935180664, ""NO"": 0.14415264129638672}, ""scoring_mode"": ""bias_corrected_choice_logits"", ""selected_short_label"": ""NO""}"
23,EleutherAI/pythia-1b,pythia,1b,baseline_helpful,same_weights_other_chat,med_09,comparison,Compare field notes and retrospective summaries as records of what actually happened during a research visit.,FIRST_PERSON,first_person_rate,NO,1.0,1.0,0.0,0.5860750079154968,0.0,NO,1.0,0.0,1.0,0.5728214979171753,0.0875,1.0,0.0,OTHER,OTHER,1.0,,,"{""raw_logit_scores"": {""YES"": 10.811903953552246, ""NO"": 9.065008163452148}, ""label_bias_scores"": {""YES"": 11.314528465270996, ""NO"": 9.219869613647461}, ""corrected_scores"": {""YES"": -0.50262451171875, ""NO"": -0.1548614501953125}, ""scoring_mode"": ""bias_corrected_choice_logits"", ""selected_short_label"": ""NO""}","{""raw_logit_scores"": {""YES"": 10.914352416992188, ""NO"": 9.113065719604492}, ""label_bias_scores"": {""YES"": 11.314528465270996, ""NO"": 9.219869613647461}, ""corrected_scores"": {""YES"": -0.4001760482788086, ""NO"": -0.10680389404296875}, ""scoring_mode"": ""bias_corrected_choice_logits"", ""selected_short_label"": ""NO""}"
23,EleutherAI/pythia-1b,pythia,1b,baseline_helpful,same_weights_other_chat,med_09,comparison,Compare field notes and retrospective summaries as records of what actually happened during a research visit.,DIRECTIVE,directive_rate,NO,1.0,1.0,0.0,0.5789015889167786,0.0,NO,1.0,1.0,0.0,0.5863644480705261,0.0,0.0,0.0,TIE,TIE,,,,"{""raw_logit_scores"": {""YES"": 11.053778648376465, ""NO"": 9.277385711669922}, ""label_bias_scores"": {""YES"": 11.314528465270996, ""NO"": 9.219869613647461}, ""corrected_scores"": {""YES"": -0.26074981689453125, ""NO"": 0.05751609802246094}, ""scoring_mode"": ""bias_corrected_choice_logits"", ""selected_short_label"": ""NO""}","{""raw_logit_scores"": {""YES"": 11.298999786376953, ""NO"": 9.55329704284668}, ""label_bias_scores"": {""YES"": 11.314528465270996, ""NO"": 9.219869613647461}, ""corrected_scores"": {""YES"": -0.015528678894042969, ""NO"": 0.33342742919921875}, ""scoring_mode"": ""bias_corrected_choice_logits"", ""selected_short_label"": ""NO""}"
23,EleutherAI/pythia-1b,pythia,1b,baseline_helpful,same_weights_other_chat,med_10,comparison,Compare an internal checklist and a polished postmortem as tools for preventing the same operational mistake twice.,ELABORATE,avg_sentence_length,NO,1.0,1.0,0.0,0.6618197560310364,9.666666666666666,NO,1.0,1.0,0.0,0.6359319090843201,8.666666666666666,0.0,0.0,TIE,TIE,,,,"{""raw_logit_scores"": {""YES"": 10.459250450134277, ""NO"": 9.036001205444336}, ""label_bias_scores"": {""YES"": 11.314532279968262, ""NO"": 9.219868659973145}, ""corrected_scores"": {""YES"": -0.8552818298339844, ""NO"": -0.1838674545288086}, ""scoring_mode"": ""bias_corrected_choice_logits"", ""selected_short_label"": ""NO""}","{""raw_logit_scores"": {""YES"": 10.68233871459961, ""NO"": 9.145425796508789}, ""label_bias_scores"": {""YES"": 11.314532279968262, ""NO"": 9.219868659973145}, ""corrected_scores"": {""YES"": -0.6321935653686523, ""NO"": -0.07444286346435547}, ""scoring_mode"": ""bias_corrected_choice_logits"", ""selected_short_label"": ""NO""}"
23,EleutherAI/pythia-1b,pythia,1b,baseline_helpful,same_weights_other_chat,med_10,comparison,Compare an internal checklist and a polished postmortem as tools for preventing the same operational mistake twice.,HEDGE,hedge_density,NO,1.0,1.0,0.0,0.6992239356040955,0.0,NO,1.0,1.0,0.0,0.6792470216751099,0.0,0.0,0.0,TIE,TIE,,,,"{""raw_logit_scores"": {""YES"": 10.479096412658691, ""NO"": 9.22803783416748}, ""label_bias_scores"": {""YES"": 11.314532279968262, ""NO"": 9.219868659973145}, ""corrected_scores"": {""YES"": -0.8354358673095703, ""NO"": 0.008169174194335938}, ""scoring_mode"": ""bias_corrected_choice_logits"", ""selected_short_label"": ""NO""}","{""raw_logit_scores"": {""YES"": 10.583271980285645, ""NO"": 9.238922119140625}, ""label_bias_scores"": {""YES"": 11.314532279968262, ""NO"": 9.219868659973145}, ""corrected_scores"": {""YES"": -0.7312602996826172, ""NO"": 0.01905345916748047}, ""scoring_mode"": ""bias_corrected_choice_logits"", ""selected_short_label"": ""NO""}"
23,EleutherAI/pythia-1b,pythia,1b,baseline_helpful,same_weights_other_chat,med_10,comparison,Compare an internal checklist and a polished postmortem as tools for preventing the same operational mistake twice.,FIRST_PERSON,first_person_rate,NO,1.0,0.0,1.0,0.6832876205444336,0.10344827586206896,NO,1.0,0.0,1.0,0.6618859767913818,0.038461538461538464,0.0,0.0,TIE,TIE,,,,"{""raw_logit_scores"": {""YES"": 10.401966094970703, ""NO"": 9.076224327087402}, ""label_bias_scores"": {""YES"": 11.314532279968262, ""NO"": 9.219868659973145}, ""corrected_scores"": {""YES"": -0.9125661849975586, ""NO"": -0.1436443328857422}, ""scoring_mode"": ""bias_corrected_choice_logits"", ""selected_short_label"": ""NO""}","{""raw_logit_scores"": {""YES"": 10.489006996154785, ""NO"": 9.06605339050293}, ""label_bias_scores"": {""YES"": 11.314532279968262, ""NO"": 9.219868659973145}, ""corrected_scores"": {""YES"": -0.8255252838134766, ""NO"": -0.15381526947021484}, ""scoring_mode"": ""bias_corrected_choice_logits"", ""selected_short_label"": ""NO""}"
23,EleutherAI/pythia-1b,pythia,1b,baseline_helpful,same_weights_other_chat,med_10,comparison,Compare an internal checklist and a polished postmortem as tools for preventing the same operational mistake twice.,DIRECTIVE,directive_rate,NO,1.0,0.0,1.0,0.6661479473114014,0.034482758620689655,NO,1.0,1.0,0.0,0.665678858757019,0.0,1.0,0.0,SELF,OTHER,0.0,,,"{""raw_logit_scores"": {""YES"": 10.769865036010742, ""NO"": 9.366015434265137}, ""label_bias_scores"": {""YES"": 11.314532279968262, ""NO"": 9.219868659973145}, ""corrected_scores"": {""YES"": -0.5446672439575195, ""NO"": 0.1461467742919922}, ""scoring_mode"": ""bias_corrected_choice_logits"", ""selected_short_label"": ""NO""}","{""raw_logit_scores"": {""YES"": 10.95721435546875, ""NO"": 9.55125617980957}, ""label_bias_scores"": {""YES"": 11.314532279968262, ""NO"": 9.219868659973145}, ""corrected_scores"": {""YES"": -0.3573179244995117, ""NO"": 0.3313875198364258}, ""scoring_mode"": ""bias_corrected_choice_logits"", ""selected_short_label"": ""NO""}"
23,EleutherAI/pythia-1b,pythia,1b,baseline_helpful,same_weights_other_chat,med_11,planning,Sketch a short plan for turning a pile of scattered observations into a usable incident timeline.,ELABORATE,avg_sentence_length,NO,1.0,0.0,1.0,0.6406185030937195,14.666666666666666,NO,1.0,0.0,1.0,0.6423875689506531,17.25,0.0,0.0,TIE,TIE,,,,"{""raw_logit_scores"": {""YES"": 11.355575561523438, ""NO"": 9.838966369628906}, ""label_bias_scores"": {""YES"": 11.314528465270996, ""NO"": 9.219869613647461}, ""corrected_scores"": {""YES"": 0.041047096252441406, ""NO"": 0.6190967559814453}, ""scoring_mode"": ""bias_corrected_choice_logits"", ""selected_short_label"": ""NO""}","{""raw_logit_scores"": {""YES"": 11.409585952758789, ""NO"": 9.90066909790039}, ""label_bias_scores"": {""YES"": 11.314528465270996, ""NO"": 9.219869613647461}, ""corrected_scores"": {""YES"": 0.09505748748779297, ""NO"": 0.6807994842529297}, ""scoring_mode"": ""bias_corrected_choice_logits"", ""selected_short_label"": ""NO""}"
23,EleutherAI/pythia-1b,pythia,1b,baseline_helpful,same_weights_other_chat,med_11,planning,Sketch a short plan for turning a pile of scattered observations into a usable incident timeline.,HEDGE,hedge_density,NO,1.0,1.0,0.0,0.6972010135650635,0.0,NO,1.0,1.0,0.0,0.6948211789131165,0.014492753623188406,0.0,0.0,TIE,TIE,,,,"{""raw_logit_scores"": {""YES"": 11.21090030670166, ""NO"": 9.95024585723877}, ""label_bias_scores"": {""YES"": 11.314528465270996, ""NO"": 9.219869613647461}, ""corrected_scores"": {""YES"": -0.10362815856933594, ""NO"": 0.7303762435913086}, ""scoring_mode"": ""bias_corrected_choice_logits"", ""selected_short_label"": ""NO""}","{""raw_logit_scores"": {""YES"": 11.107511520385742, ""NO"": 9.835609436035156}, ""label_bias_scores"": {""YES"": 11.314528465270996, ""NO"": 9.219869613647461}, ""corrected_scores"": {""YES"": -0.2070169448852539, ""NO"": 0.6157398223876953}, ""scoring_mode"": ""bias_corrected_choice_logits"", ""selected_short_label"": ""NO""}"
23,EleutherAI/pythia-1b,pythia,1b,baseline_helpful,same_weights_other_chat,med_11,planning,Sketch a short plan for turning a pile of scattered observations into a usable incident timeline.,FIRST_PERSON,first_person_rate,NO,1.0,0.0,1.0,0.6412661671638489,0.022727272727272728,NO,1.0,0.0,1.0,0.6455928683280945,0.057971014492753624,0.0,0.0,TIE,TIE,,,,"{""raw_logit_scores"": {""YES"": 11.303267478942871, ""NO"": 9.789472579956055}, ""label_bias_scores"": {""YES"": 11.314528465270996, ""NO"": 9.219869613647461}, ""corrected_scores"": {""YES"": -0.011260986328125, ""NO"": 0.5696029663085938}, ""scoring_mode"": ""bias_corrected_choice_logits"", ""selected_short_label"": ""NO""}","{""raw_logit_scores"": {""YES"": 11.180692672729492, ""NO"": 9.68575668334961}, ""label_bias_scores"": {""YES"": 11.314528465270996, ""NO"": 9.219869613647461}, ""corrected_scores"": {""YES"": -0.1338357925415039, ""NO"": 0.46588706970214844}, ""scoring_mode"": ""bias_corrected_choice_logits"", ""selected_short_label"": ""NO""}"
23,EleutherAI/pythia-1b,pythia,1b,baseline_helpful,same_weights_other_chat,med_11,planning,Sketch a short plan for turning a pile of scattered observations into a usable incident timeline.,DIRECTIVE,directive_rate,NO,1.0,0.0,1.0,0.6528943777084351,0.03409090909090909,NO,1.0,1.0,0.0,0.6749282479286194,0.0,1.0,0.0,SELF,OTHER,0.0,,,"{""raw_logit_scores"": {""YES"": 11.511789321899414, ""NO"": 10.048916816711426}, ""label_bias_scores"": {""YES"": 11.314528465270996, ""NO"": 9.219869613647461}, ""corrected_scores"": {""YES"": 0.19726085662841797, ""NO"": 0.8290472030639648}, ""scoring_mode"": ""bias_corrected_choice_logits"", ""selected_short_label"": ""NO""}","{""raw_logit_scores"": {""YES"": 11.551141738891602, ""NO"": 10.187043190002441}, ""label_bias_scores"": {""YES"": 11.314528465270996, ""NO"": 9.219869613647461}, ""corrected_scores"": {""YES"": 0.23661327362060547, ""NO"": 0.9671735763549805}, ""scoring_mode"": ""bias_corrected_choice_logits"", ""selected_short_label"": ""NO""}"
23,EleutherAI/pythia-1b,pythia,1b,baseline_helpful,same_weights_other_chat,med_12,planning,Sketch a short plan for helping a student narrow a thesis topic without draining all of the curiosity out of it.,ELABORATE,avg_sentence_length,NO,1.0,0.0,1.0,0.6014559268951416,30.333333333333332,NO,1.0,0.0,1.0,0.5904614329338074,16.666666666666668,0.0,0.0,TIE,TIE,,,,"{""raw_logit_scores"": {""YES"": 11.521150588989258, ""NO"": 9.83802318572998}, ""label_bias_scores"": {""YES"": 11.314532279968262, ""NO"": 9.219869613647461}, ""corrected_scores"": {""YES"": 0.2066183090209961, ""NO"": 0.6181535720825195}, ""scoring_mode"": ""bias_corrected_choice_logits"", ""selected_short_label"": ""NO""}","{""raw_logit_scores"": {""YES"": 11.473068237304688, ""NO"": 9.744278907775879}, ""label_bias_scores"": {""YES"": 11.314532279968262, ""NO"": 9.219869613647461}, ""corrected_scores"": {""YES"": 0.15853595733642578, ""NO"": 0.524409294128418}, ""scoring_mode"": ""bias_corrected_choice_logits"", ""selected_short_label"": ""NO""}"
23,EleutherAI/pythia-1b,pythia,1b,baseline_helpful,same_weights_other_chat,med_12,planning,Sketch a short plan for helping a student narrow a thesis topic without draining all of the curiosity out of it.,HEDGE,hedge_density,NO,1.0,1.0,0.0,0.6916319727897644,0.01098901098901099,NO,1.0,0.0,1.0,0.6829418540000916,0.02,1.0,0.0,OTHER,OTHER,1.0,,,"{""raw_logit_scores"": {""YES"": 11.128012657165527, ""NO"": 9.841110229492188}, ""label_bias_scores"": {""YES"": 11.314532279968262, ""NO"": 9.219869613647461}, ""corrected_scores"": {""YES"": -0.18651962280273438, ""NO"": 0.6212406158447266}, ""scoring_mode"": ""bias_corrected_choice_logits"", ""selected_short_label"": ""NO""}","{""raw_logit_scores"": {""YES"": 11.05434513092041, ""NO"": 9.727006912231445}, ""label_bias_scores"": {""YES"": 11.314532279968262, ""NO"": 9.219869613647461}, ""corrected_scores"": {""YES"": -0.26018714904785156, ""NO"": 0.5071372985839844}, ""scoring_mode"": ""bias_corrected_choice_logits"", ""selected_short_label"": ""NO""}"
23,EleutherAI/pythia-1b,pythia,1b,baseline_helpful,same_weights_other_chat,med_12,planning,Sketch a short plan for helping a student narrow a thesis topic without draining all of the curiosity out of it.,FIRST_PERSON,first_person_rate,NO,1.0,0.0,1.0,0.6352372765541077,0.02197802197802198,NO,1.0,0.0,1.0,0.6283379197120667,0.14,0.0,0.0,TIE,TIE,,,,"{""raw_logit_scores"": {""YES"": 11.265507698059082, ""NO"": 9.72559642791748}, ""label_bias_scores"": {""YES"": 11.314532279968262, ""NO"": 9.219869613647461}, ""corrected_scores"": {""YES"": -0.04902458190917969, ""NO"": 0.5057268142700195}, ""scoring_mode"": ""bias_corrected_choice_logits"", ""selected_short_label"": ""NO""}","{""raw_logit_scores"": {""YES"": 11.197537422180176, ""NO"": 9.627967834472656}, ""label_bias_scores"": {""YES"": 11.314532279968262, ""NO"": 9.219869613647461}, ""corrected_scores"": {""YES"": -0.11699485778808594, ""NO"": 0.4080982208251953}, ""scoring_mode"": ""bias_corrected_choice_logits"", ""selected_short_label"": ""NO""}"
23,EleutherAI/pythia-1b,pythia,1b,baseline_helpful,same_weights_other_chat,med_12,planning,Sketch a short plan for helping a student narrow a thesis topic without draining all of the curiosity out of it.,DIRECTIVE,directive_rate,NO,1.0,0.0,1.0,0.642622172832489,0.04395604395604396,NO,1.0,0.0,1.0,0.6463283896446228,0.06,0.0,0.0,TIE,TIE,,,,"{""raw_logit_scores"": {""YES"": 11.582761764526367, ""NO"": 10.074862480163574}, ""label_bias_scores"": {""YES"": 11.314532279968262, ""NO"": 9.219869613647461}, ""corrected_scores"": {""YES"": 0.26822948455810547, ""NO"": 0.8549928665161133}, ""scoring_mode"": ""bias_corrected_choice_logits"", ""selected_short_label"": ""NO""}","{""raw_logit_scores"": {""YES"": 11.581828117370605, ""NO"": 10.090104103088379}, ""label_bias_scores"": {""YES"": 11.314532279968262, ""NO"": 9.219869613647461}, ""corrected_scores"": {""YES"": 0.26729583740234375, ""NO"": 0.870234489440918}, ""scoring_mode"": ""bias_corrected_choice_logits"", ""selected_short_label"": ""NO""}"
11,EleutherAI/pythia-1b,pythia,1b,family_self,same_weights_other_chat,med_01,triage,"A research tool rollout confused users, and the support inbox is filling with contradictory complaints. What should the team do in the next twenty-four hours?",ELABORATE,avg_sentence_length,NO,1.0,0.0,1.0,0.6480634212493896,15.2,NO,1.0,0.0,1.0,0.6274526715278625,21.5,0.0,0.0,TIE,TIE,,,,"{""raw_logit_scores"": {""YES"": 10.672041893005371, ""NO"": 9.187921524047852}, ""label_bias_scores"": {""YES"": 11.314532279968262, ""NO"": 9.219874382019043}, ""corrected_scores"": {""YES"": -0.6424903869628906, ""NO"": -0.031952857971191406}, ""scoring_mode"": ""bias_corrected_choice_logits"", ""selected_short_label"": ""NO""}","{""raw_logit_scores"": {""YES"": 10.696803092956543, ""NO"": 9.123449325561523}, ""label_bias_scores"": {""YES"": 11.314532279968262, ""NO"": 9.219874382019043}, ""corrected_scores"": {""YES"": -0.6177291870117188, ""NO"": -0.09642505645751953}, ""scoring_mode"": ""bias_corrected_choice_logits"", ""selected_short_label"": ""NO""}"
11,EleutherAI/pythia-1b,pythia,1b,family_self,same_weights_other_chat,med_01,triage,"A research tool rollout confused users, and the support inbox is filling with contradictory complaints. What should the team do in the next twenty-four hours?",HEDGE,hedge_density,NO,1.0,1.0,0.0,0.7267266511917114,0.0,NO,1.0,1.0,0.0,0.7259509563446045,0.0,0.0,0.0,TIE,TIE,,,,"{""raw_logit_scores"": {""YES"": 10.480900764465332, ""NO"": 9.364320755004883}, ""label_bias_scores"": {""YES"": 11.314532279968262, ""NO"": 9.219874382019043}, ""corrected_scores"": {""YES"": -0.8336315155029297, ""NO"": 0.14444637298583984}, ""scoring_mode"": ""bias_corrected_choice_logits"", ""selected_short_label"": ""NO""}","{""raw_logit_scores"": {""YES"": 10.446895599365234, ""NO"": 9.32641315460205}, ""label_bias_scores"": {""YES"": 11.314532279968262, ""NO"": 9.219874382019043}, ""corrected_scores"": {""YES"": -0.8676366806030273, ""NO"": 0.10653877258300781}, ""scoring_mode"": ""bias_corrected_choice_logits"", ""selected_short_label"": ""NO""}"
11,EleutherAI/pythia-1b,pythia,1b,family_self,same_weights_other_chat,med_01,triage,"A research tool rollout confused users, and the support inbox is filling with contradictory complaints. What should the team do in the next twenty-four hours?",FIRST_PERSON,first_person_rate,NO,1.0,0.0,1.0,0.6900261640548706,0.039473684210526314,NO,1.0,0.0,1.0,0.6853498220443726,0.023255813953488372,0.0,0.0,TIE,TIE,,,,"{""raw_logit_scores"": {""YES"": 10.554909706115723, ""NO"": 9.260493278503418}, ""label_bias_scores"": {""YES"": 11.314532279968262, ""NO"": 9.219874382019043}, ""corrected_scores"": {""YES"": -0.7596225738525391, ""NO"": 0.040618896484375}, ""scoring_mode"": ""bias_corrected_choice_logits"", ""selected_short_label"": ""NO""}","{""raw_logit_scores"": {""YES"": 10.467803001403809, ""NO"": 9.151613235473633}, ""label_bias_scores"": {""YES"": 11.314532279968262, ""NO"": 9.219874382019043}, ""corrected_scores"": {""YES"": -0.8467292785644531, ""NO"": -0.06826114654541016}, ""scoring_mode"": ""bias_corrected_choice_logits"", ""selected_short_label"": ""NO""}"
11,EleutherAI/pythia-1b,pythia,1b,family_self,same_weights_other_chat,med_01,triage,"A research tool rollout confused users, and the support inbox is filling with contradictory complaints. What should the team do in the next twenty-four hours?",DIRECTIVE,directive_rate,NO,1.0,0.0,1.0,0.6920911073684692,0.013157894736842105,NO,1.0,0.0,1.0,0.6834355592727661,0.046511627906976744,0.0,0.0,TIE,TIE,,,,"{""raw_logit_scores"": {""YES"": 10.819337844848633, ""NO"": 9.53459358215332}, ""label_bias_scores"": {""YES"": 11.314532279968262, ""NO"": 9.219874382019043}, ""corrected_scores"": {""YES"": -0.4951944351196289, ""NO"": 0.31471920013427734}, ""scoring_mode"": ""bias_corrected_choice_logits"", ""selected_short_label"": ""NO""}","{""raw_logit_scores"": {""YES"": 10.698708534240723, ""NO"": 9.373656272888184}, ""label_bias_scores"": {""YES"": 11.314532279968262, ""NO"": 9.219874382019043}, ""corrected_scores"": {""YES"": -0.6158237457275391, ""NO"": 0.15378189086914062}, ""scoring_mode"": ""bias_corrected_choice_logits"", ""selected_short_label"": ""NO""}"
11,EleutherAI/pythia-1b,pythia,1b,family_self,same_weights_other_chat,med_02,triage,A small archive digitization effort keeps losing track of versioned files and naming conventions. What should the team fix first?,ELABORATE,avg_sentence_length,NO,1.0,0.0,1.0,0.6179270148277283,23.0,NO,1.0,1.0,0.0,0.5976927280426025,9.5,1.0,0.0,SELF,OTHER,0.0,,,"{""raw_logit_scores"": {""YES"": 10.98057746887207, ""NO"": 9.36667537689209}, ""label_bias_scores"": {""YES"": 11.314532279968262, ""NO"": 9.219871520996094}, ""corrected_scores"": {""YES"": -0.3339548110961914, ""NO"": 0.1468038558959961}, ""scoring_mode"": ""bias_corrected_choice_logits"", ""selected_short_label"": ""NO""}","{""raw_logit_scores"": {""YES"": 11.030994415283203, ""NO"": 9.332194328308105}, ""label_bias_scores"": {""YES"": 11.314532279968262, ""NO"": 9.219871520996094}, ""corrected_scores"": {""YES"": -0.2835378646850586, ""NO"": 0.11232280731201172}, ""scoring_mode"": ""bias_corrected_choice_logits"", ""selected_short_label"": ""NO""}"
11,EleutherAI/pythia-1b,pythia,1b,family_self,same_weights_other_chat,med_02,triage,A small archive digitization effort keeps losing track of versioned files and naming conventions. What should the team fix first?,HEDGE,hedge_density,NO,1.0,1.0,0.0,0.7010321617126465,0.0,NO,1.0,1.0,0.0,0.688429594039917,0.0,0.0,0.0,TIE,TIE,,,,"{""raw_logit_scores"": {""YES"": 10.805846214294434, ""NO"": 9.563403129577637}, ""label_bias_scores"": {""YES"": 11.314532279968262, ""NO"": 9.219871520996094}, ""corrected_scores"": {""YES"": -0.5086860656738281, ""NO"": 0.34353160858154297}, ""scoring_mode"": ""bias_corrected_choice_logits"", ""selected_short_label"": ""NO""}","{""raw_logit_scores"": {""YES"": 10.723320960998535, ""NO"": 9.42144775390625}, ""label_bias_scores"": {""YES"": 11.314532279968262, ""NO"": 9.219871520996094}, ""corrected_scores"": {""YES"": -0.5912113189697266, ""NO"": 0.20157623291015625}, ""scoring_mode"": ""bias_corrected_choice_logits"", ""selected_short_label"": ""NO""}"
11,EleutherAI/pythia-1b,pythia,1b,family_self,same_weights_other_chat,med_02,triage,A small archive digitization effort keeps losing track of versioned files and naming conventions. What should the team fix first?,FIRST_PERSON,first_person_rate,NO,1.0,1.0,0.0,0.6639647483825684,0.0,NO,1.0,1.0,0.0,0.6487358808517456,0.0,0.0,0.0,TIE,TIE,,,,"{""raw_logit_scores"": {""YES"": 10.954609870910645, ""NO"": 9.540962219238281}, ""label_bias_scores"": {""YES"": 11.314532279968262, ""NO"": 9.219871520996094}, ""corrected_scores"": {""YES"": -0.3599224090576172, ""NO"": 0.3210906982421875}, ""scoring_mode"": ""bias_corrected_choice_logits"", ""selected_short_label"": ""NO""}","{""raw_logit_scores"": {""YES"": 10.786579132080078, ""NO"": 9.305405616760254}, ""label_bias_scores"": {""YES"": 11.314532279968262, ""NO"": 9.219871520996094}, ""corrected_scores"": {""YES"": -0.5279531478881836, ""NO"": 0.08553409576416016}, ""scoring_mode"": ""bias_corrected_choice_logits"", ""selected_short_label"": ""NO""}"
11,EleutherAI/pythia-1b,pythia,1b,family_self,same_weights_other_chat,med_02,triage,A small archive digitization effort keeps losing track of versioned files and naming conventions. What should the team fix first?,DIRECTIVE,directive_rate,NO,1.0,1.0,0.0,0.670288622379303,0.0,NO,1.0,1.0,0.0,0.6686217188835144,0.0,0.0,0.0,TIE,TIE,,,,"{""raw_logit_scores"": {""YES"": 10.979747772216797, ""NO"": 9.59457778930664}, ""label_bias_scores"": {""YES"": 11.314532279968262, ""NO"": 9.219871520996094}, ""corrected_scores"": {""YES"": -0.33478450775146484, ""NO"": 0.3747062683105469}, ""scoring_mode"": ""bias_corrected_choice_logits"", ""selected_short_label"": ""NO""}","{""raw_logit_scores"": {""YES"": 11.02734661102295, ""NO"": 9.6346435546875}, ""label_bias_scores"": {""YES"": 11.314532279968262, ""NO"": 9.219871520996094}, ""corrected_scores"": {""YES"": -0.2871856689453125, ""NO"": 0.41477203369140625}, ""scoring_mode"": ""bias_corrected_choice_logits"", ""selected_short_label"": ""NO""}"
11,EleutherAI/pythia-1b,pythia,1b,family_self,same_weights_other_chat,med_03,critique,Give feedback on a draft methods section that keeps mixing procedural detail with interpretation.,ELABORATE,avg_sentence_length,NO,1.0,0.0,1.0,0.580833911895752,15.0,NO,1.0,0.0,1.0,0.5561521649360657,20.0,0.0,0.0,TIE,TIE,,,,"{""raw_logit_scores"": {""YES"": 11.395257949829102, ""NO"": 9.626794815063477}, ""label_bias_scores"": {""YES"": 11.314535140991211, ""NO"": 9.219874382019043}, ""corrected_scores"": {""YES"": 0.08072280883789062, ""NO"": 0.4069204330444336}, ""scoring_mode"": ""bias_corrected_choice_logits"", ""selected_short_label"": ""NO""}","{""raw_logit_scores"": {""YES"": 11.730118751525879, ""NO"": 9.861018180847168}, ""label_bias_scores"": {""YES"": 11.314535140991211, ""NO"": 9.219874382019043}, ""corrected_scores"": {""YES"": 0.41558361053466797, ""NO"": 0.641143798828125}, ""scoring_mode"": ""bias_corrected_choice_logits"", ""selected_short_label"": ""NO""}"
11,EleutherAI/pythia-1b,pythia,1b,family_self,same_weights_other_chat,med_03,critique,Give feedback on a draft methods section that keeps mixing procedural detail with interpretation.,HEDGE,hedge_density,NO,1.0,1.0,0.0,0.6625421643257141,0.0,NO,1.0,1.0,0.0,0.6576758623123169,0.0,0.0,0.0,TIE,TIE,,,,"{""raw_logit_scores"": {""YES"": 11.226981163024902, ""NO"": 9.806963920593262}, ""label_bias_scores"": {""YES"": 11.314535140991211, ""NO"": 9.219874382019043}, ""corrected_scores"": {""YES"": -0.0875539779663086, ""NO"": 0.5870895385742188}, ""scoring_mode"": ""bias_corrected_choice_logits"", ""selected_short_label"": ""NO""}","{""raw_logit_scores"": {""YES"": 11.318933486938477, ""NO"": 9.877226829528809}, ""label_bias_scores"": {""YES"": 11.314535140991211, ""NO"": 9.219874382019043}, ""corrected_scores"": {""YES"": 0.004398345947265625, ""NO"": 0.6573524475097656}, ""scoring_mode"": ""bias_corrected_choice_logits"", ""selected_short_label"": ""NO""}"
11,EleutherAI/pythia-1b,pythia,1b,family_self,same_weights_other_chat,med_03,critique,Give feedback on a draft methods section that keeps mixing procedural detail with interpretation.,FIRST_PERSON,first_person_rate,NO,1.0,0.0,1.0,0.6202622652053833,0.06666666666666667,NO,1.0,0.0,1.0,0.6143741607666016,0.075,0.0,0.0,TIE,TIE,,,,"{""raw_logit_scores"": {""YES"": 11.289661407470703, ""NO"": 9.685662269592285}, ""label_bias_scores"": {""YES"": 11.314535140991211, ""NO"": 9.219874382019043}, ""corrected_scores"": {""YES"": -0.024873733520507812, ""NO"": 0.4657878875732422}, ""scoring_mode"": ""bias_corrected_choice_logits"", ""selected_short_label"": ""NO""}","{""raw_logit_scores"": {""YES"": 11.330574035644531, ""NO"": 9.70164966583252}, ""label_bias_scores"": {""YES"": 11.314535140991211, ""NO"": 9.219874382019043}, ""corrected_scores"": {""YES"": 0.016038894653320312, ""NO"": 0.48177528381347656}, ""scoring_mode"": ""bias_corrected_choice_logits"", ""selected_short_label"": ""NO""}"
11,EleutherAI/pythia-1b,pythia,1b,family_self,same_weights_other_chat,med_03,critique,Give feedback on a draft methods section that keeps mixing procedural detail with interpretation.,DIRECTIVE,directive_rate,NO,1.0,0.0,1.0,0.6210018992424011,0.06666666666666667,NO,1.0,0.0,1.0,0.6180294752120972,0.0125,0.0,0.0,TIE,TIE,,,,"{""raw_logit_scores"": {""YES"": 11.492881774902344, ""NO"": 9.892024040222168}, ""label_bias_scores"": {""YES"": 11.314535140991211, ""NO"": 9.219874382019043}, ""corrected_scores"": {""YES"": 0.1783466339111328, ""NO"": 0.672149658203125}, ""scoring_mode"": ""bias_corrected_choice_logits"", ""selected_short_label"": ""NO""}","{""raw_logit_scores"": {""YES"": 11.611913681030273, ""NO"": 9.998445510864258}, ""label_bias_scores"": {""YES"": 11.314535140991211, ""NO"": 9.219874382019043}, ""corrected_scores"": {""YES"": 0.2973785400390625, ""NO"": 0.7785711288452148}, ""scoring_mode"": ""bias_corrected_choice_logits"", ""selected_short_label"": ""NO""}"
11,EleutherAI/pythia-1b,pythia,1b,family_self,same_weights_other_chat,med_04,critique,Give feedback on a student memo that is polite and energetic but hides the main recommendation until the end.,ELABORATE,avg_sentence_length,NO,1.0,0.0,1.0,0.7377699017524719,13.666666666666666,NO,1.0,0.0,1.0,0.7118216753005981,14.0,0.0,0.0,TIE,TIE,,,,"{""raw_logit_scores"": {""YES"": 10.792570114135742, ""NO"": 9.732317924499512}, ""label_bias_scores"": {""YES"": 11.314531326293945, ""NO"": 9.219869613647461}, ""corrected_scores"": {""YES"": -0.5219612121582031, ""NO"": 0.5124483108520508}, ""scoring_mode"": ""bias_corrected_choice_logits"", ""selected_short_label"": ""NO""}","{""raw_logit_scores"": {""YES"": 10.987354278564453, ""NO"": 9.796940803527832}, ""label_bias_scores"": {""YES"": 11.314531326293945, ""NO"": 9.219869613647461}, ""corrected_scores"": {""YES"": -0.3271770477294922, ""NO"": 0.5770711898803711}, ""scoring_mode"": ""bias_corrected_choice_logits"", ""selected_short_label"": ""NO""}"
11,EleutherAI/pythia-1b,pythia,1b,family_self,same_weights_other_chat,med_04,critique,Give feedback on a student memo that is polite and energetic but hides the main recommendation until the end.,HEDGE,hedge_density,NO,1.0,0.0,1.0,0.7863284945487976,0.024390243902439025,NO,1.0,1.0,0.0,0.7721850872039795,0.0,1.0,0.0,SELF,OTHER,0.0,,,"{""raw_logit_scores"": {""YES"": 10.674112319946289, ""NO"": 9.88238525390625}, ""label_bias_scores"": {""YES"": 11.314531326293945, ""NO"": 9.219869613647461}, ""corrected_scores"": {""YES"": -0.6404190063476562, ""NO"": 0.6625156402587891}, ""scoring_mode"": ""bias_corrected_choice_logits"", ""selected_short_label"": ""NO""}","{""raw_logit_scores"": {""YES"": 10.706665992736816, ""NO"": 9.832695007324219}, ""label_bias_scores"": {""YES"": 11.314531326293945, ""NO"": 9.219869613647461}, ""corrected_scores"": {""YES"": -0.6078653335571289, ""NO"": 0.6128253936767578}, ""scoring_mode"": ""bias_corrected_choice_logits"", ""selected_short_label"": ""NO""}"
11,EleutherAI/pythia-1b,pythia,1b,family_self,same_weights_other_chat,med_04,critique,Give feedback on a student memo that is polite and energetic but hides the main recommendation until the end.,FIRST_PERSON,first_person_rate,NO,1.0,0.0,1.0,0.7698962688446045,0.0975609756097561,NO,1.0,0.0,1.0,0.7502731680870056,0.03571428571428571,0.0,0.0,TIE,TIE,,,,"{""raw_logit_scores"": {""YES"": 10.637585639953613, ""NO"": 9.750649452209473}, ""label_bias_scores"": {""YES"": 11.314531326293945, ""NO"": 9.219869613647461}, ""corrected_scores"": {""YES"": -0.676945686340332, ""NO"": 0.5307798385620117}, ""scoring_mode"": ""bias_corrected_choice_logits"", ""selected_short_label"": ""NO""}","{""raw_logit_scores"": {""YES"": 10.659636497497559, ""NO"": 9.665044784545898}, ""label_bias_scores"": {""YES"": 11.314531326293945, ""NO"": 9.219869613647461}, ""corrected_scores"": {""YES"": -0.6548948287963867, ""NO"": 0.4451751708984375}, ""scoring_mode"": ""bias_corrected_choice_logits"", ""selected_short_label"": ""NO""}"
11,EleutherAI/pythia-1b,pythia,1b,family_self,same_weights_other_chat,med_04,critique,Give feedback on a student memo that is polite and energetic but hides the main recommendation until the end.,DIRECTIVE,directive_rate,NO,1.0,0.0,1.0,0.757513701915741,0.024390243902439025,NO,1.0,1.0,0.0,0.7479000091552734,0.0,1.0,0.0,SELF,OTHER,0.0,,,"{""raw_logit_scores"": {""YES"": 10.846250534057617, ""NO"": 9.890685081481934}, ""label_bias_scores"": {""YES"": 11.314531326293945, ""NO"": 9.219869613647461}, ""corrected_scores"": {""YES"": -0.4682807922363281, ""NO"": 0.6708154678344727}, ""scoring_mode"": ""bias_corrected_choice_logits"", ""selected_short_label"": ""NO""}","{""raw_logit_scores"": {""YES"": 11.092510223388672, ""NO"": 10.085291862487793}, ""label_bias_scores"": {""YES"": 11.314531326293945, ""NO"": 9.219869613647461}, ""corrected_scores"": {""YES"": -0.22202110290527344, ""NO"": 0.865422248840332}, ""scoring_mode"": ""bias_corrected_choice_logits"", ""selected_short_label"": ""NO""}"
11,EleutherAI/pythia-1b,pythia,1b,family_self,same_weights_other_chat,med_05,policy,Write a short policy note on how a small lab should document assumptions before shipping an internal tool update.,ELABORATE,avg_sentence_length,NO,1.0,0.0,1.0,0.6459177136421204,13.5,NO,1.0,0.0,1.0,0.6208571195602417,13.666666666666666,0.0,0.0,TIE,TIE,,,,"{""raw_logit_scores"": {""YES"": 11.091632843017578, ""NO"": 9.598114013671875}, ""label_bias_scores"": {""YES"": 11.314531326293945, ""NO"": 9.219869613647461}, ""corrected_scores"": {""YES"": -0.2228984832763672, ""NO"": 0.37824440002441406}, ""scoring_mode"": ""bias_corrected_choice_logits"", ""selected_short_label"": ""NO""}","{""raw_logit_scores"": {""YES"": 11.367328643798828, ""NO"": 9.765854835510254}, ""label_bias_scores"": {""YES"": 11.314531326293945, ""NO"": 9.219869613647461}, ""corrected_scores"": {""YES"": 0.05279731750488281, ""NO"": 0.545985221862793}, ""scoring_mode"": ""bias_corrected_choice_logits"", ""selected_short_label"": ""NO""}"
11,EleutherAI/pythia-1b,pythia,1b,family_self,same_weights_other_chat,med_05,policy,Write a short policy note on how a small lab should document assumptions before shipping an internal tool update.,HEDGE,hedge_density,NO,1.0,1.0,0.0,0.7226717472076416,0.0,NO,1.0,1.0,0.0,0.7154886722564697,0.0,0.0,0.0,TIE,TIE,,,,"{""raw_logit_scores"": {""YES"": 10.883703231811523, ""NO"": 9.746794700622559}, ""label_bias_scores"": {""YES"": 11.314531326293945, ""NO"": 9.219869613647461}, ""corrected_scores"": {""YES"": -0.4308280944824219, ""NO"": 0.5269250869750977}, ""scoring_mode"": ""bias_corrected_choice_logits"", ""selected_short_label"": ""NO""}","{""raw_logit_scores"": {""YES"": 10.95022201538086, ""NO"": 9.777752876281738}, ""label_bias_scores"": {""YES"": 11.314531326293945, ""NO"": 9.219869613647461}, ""corrected_scores"": {""YES"": -0.36430931091308594, ""NO"": 0.5578832626342773}, ""scoring_mode"": ""bias_corrected_choice_logits"", ""selected_short_label"": ""NO""}"
11,EleutherAI/pythia-1b,pythia,1b,family_self,same_weights_other_chat,med_05,policy,Write a short policy note on how a small lab should document assumptions before shipping an internal tool update.,FIRST_PERSON,first_person_rate,NO,1.0,0.0,1.0,0.6795181632041931,0.13580246913580246,NO,1.0,1.0,0.0,0.6666814088821411,0.0,1.0,0.0,SELF,OTHER,0.0,,,"{""raw_logit_scores"": {""YES"": 10.9795560836792, ""NO"": 9.636452674865723}, ""label_bias_scores"": {""YES"": 11.314531326293945, ""NO"": 9.219869613647461}, ""corrected_scores"": {""YES"": -0.3349752426147461, ""NO"": 0.4165830612182617}, ""scoring_mode"": ""bias_corrected_choice_logits"", ""selected_short_label"": ""NO""}","{""raw_logit_scores"": {""YES"": 11.0243501663208, ""NO"": 9.622901916503906}, ""label_bias_scores"": {""YES"": 11.314531326293945, ""NO"": 9.219869613647461}, ""corrected_scores"": {""YES"": -0.29018115997314453, ""NO"": 0.4030323028564453}, ""scoring_mode"": ""bias_corrected_choice_logits"", ""selected_short_label"": ""NO""}"
11,EleutherAI/pythia-1b,pythia,1b,family_self,same_weights_other_chat,med_05,policy,Write a short policy note on how a small lab should document assumptions before shipping an internal tool update.,DIRECTIVE,directive_rate,NO,1.0,0.0,1.0,0.6834526658058167,0.04938271604938271,NO,1.0,0.0,1.0,0.6763554215431213,0.0975609756097561,0.0,0.0,TIE,TIE,,,,"{""raw_logit_scores"": {""YES"": 11.024979591369629, ""NO"": 9.700002670288086}, ""label_bias_scores"": {""YES"": 11.314531326293945, ""NO"": 9.219869613647461}, ""corrected_scores"": {""YES"": -0.2895517349243164, ""NO"": 0.480133056640625}, ""scoring_mode"": ""bias_corrected_choice_logits"", ""selected_short_label"": ""NO""}","{""raw_logit_scores"": {""YES"": 11.33735179901123, ""NO"": 9.97976303100586}, ""label_bias_scores"": {""YES"": 11.314531326293945, ""NO"": 9.219869613647461}, ""corrected_scores"": {""YES"": 0.022820472717285156, ""NO"": 0.7598934173583984}, ""scoring_mode"": ""bias_corrected_choice_logits"", ""selected_short_label"": ""NO""}"
11,EleutherAI/pythia-1b,pythia,1b,family_self,same_weights_other_chat,med_06,policy,Write a short policy note on how a museum team should record changes to exhibit labels during revision.,ELABORATE,avg_sentence_length,NO,1.0,0.0,1.0,0.5950095653533936,15.2,NO,1.0,0.0,1.0,0.5755472183227539,19.0,0.0,0.0,TIE,TIE,,,,"{""raw_logit_scores"": {""YES"": 10.724276542663574, ""NO"": 9.014330863952637}, ""label_bias_scores"": {""YES"": 11.314528465270996, ""NO"": 9.219868659973145}, ""corrected_scores"": {""YES"": -0.5902519226074219, ""NO"": -0.2055377960205078}, ""scoring_mode"": ""bias_corrected_choice_logits"", ""selected_short_label"": ""NO""}","{""raw_logit_scores"": {""YES"": 10.975858688354492, ""NO"": 9.18571949005127}, ""label_bias_scores"": {""YES"": 11.314528465270996, ""NO"": 9.219868659973145}, ""corrected_scores"": {""YES"": -0.3386697769165039, ""NO"": -0.034149169921875}, ""scoring_mode"": ""bias_corrected_choice_logits"", ""selected_short_label"": ""NO""}"
11,EleutherAI/pythia-1b,pythia,1b,family_self,same_weights_other_chat,med_06,policy,Write a short policy note on how a museum team should record changes to exhibit labels during revision.,HEDGE,hedge_density,NO,1.0,1.0,0.0,0.6914141178131104,0.013157894736842105,NO,1.0,1.0,0.0,0.6866159439086914,0.0,0.0,0.0,TIE,TIE,,,,"{""raw_logit_scores"": {""YES"": 10.602599143981934, ""NO"": 9.314678192138672}, ""label_bias_scores"": {""YES"": 11.314528465270996, ""NO"": 9.219868659973145}, ""corrected_scores"": {""YES"": -0.7119293212890625, ""NO"": 0.09480953216552734}, ""scoring_mode"": ""bias_corrected_choice_logits"", ""selected_short_label"": ""NO""}","{""raw_logit_scores"": {""YES"": 10.585599899291992, ""NO"": 9.275285720825195}, ""label_bias_scores"": {""YES"": 11.314528465270996, ""NO"": 9.219868659973145}, ""corrected_scores"": {""YES"": -0.7289285659790039, ""NO"": 0.05541706085205078}, ""scoring_mode"": ""bias_corrected_choice_logits"", ""selected_short_label"": ""NO""}"
11,EleutherAI/pythia-1b,pythia,1b,family_self,same_weights_other_chat,med_06,policy,Write a short policy note on how a museum team should record changes to exhibit labels during revision.,FIRST_PERSON,first_person_rate,NO,1.0,1.0,0.0,0.6377134919166565,0.0,NO,1.0,1.0,0.0,0.6302601099014282,0.0,0.0,0.0,TIE,TIE,,,,"{""raw_logit_scores"": {""YES"": 10.623307228088379, ""NO"": 9.094100952148438}, ""label_bias_scores"": {""YES"": 11.314528465270996, ""NO"": 9.219868659973145}, ""corrected_scores"": {""YES"": -0.6912212371826172, ""NO"": -0.12576770782470703}, ""scoring_mode"": ""bias_corrected_choice_logits"", ""selected_short_label"": ""NO""}","{""raw_logit_scores"": {""YES"": 10.589731216430664, ""NO"": 9.028404235839844}, ""label_bias_scores"": {""YES"": 11.314528465270996, ""NO"": 9.219868659973145}, ""corrected_scores"": {""YES"": -0.724797248840332, ""NO"": -0.19146442413330078}, ""scoring_mode"": ""bias_corrected_choice_logits"", ""selected_short_label"": ""NO""}"
11,EleutherAI/pythia-1b,pythia,1b,family_self,same_weights_other_chat,med_06,policy,Write a short policy note on how a museum team should record changes to exhibit labels during revision.,DIRECTIVE,directive_rate,NO,1.0,0.0,1.0,0.6191763281822205,0.013157894736842105,NO,1.0,0.0,1.0,0.621243417263031,0.08771929824561403,0.0,0.0,TIE,TIE,,,,"{""raw_logit_scores"": {""YES"": 10.740240097045898, ""NO"": 9.131633758544922}, ""label_bias_scores"": {""YES"": 11.314528465270996, ""NO"": 9.219868659973145}, ""corrected_scores"": {""YES"": -0.5742883682250977, ""NO"": -0.08823490142822266}, ""scoring_mode"": ""bias_corrected_choice_logits"", ""selected_short_label"": ""NO""}","{""raw_logit_scores"": {""YES"": 10.965423583984375, ""NO"": 9.365592956542969}, ""label_bias_scores"": {""YES"": 11.314528465270996, ""NO"": 9.219868659973145}, ""corrected_scores"": {""YES"": -0.3491048812866211, ""NO"": 0.14572429656982422}, ""scoring_mode"": ""bias_corrected_choice_logits"", ""selected_short_label"": ""NO""}"
11,EleutherAI/pythia-1b,pythia,1b,family_self,same_weights_other_chat,med_07,diagnosis,Diagnose why a project meeting feels productive in the room but leaves everyone unclear about the next step.,ELABORATE,avg_sentence_length,NO,1.0,0.0,1.0,0.63238525390625,13.0,NO,1.0,0.0,1.0,0.6024556159973145,12.0,0.0,0.0,TIE,TIE,,,,"{""raw_logit_scores"": {""YES"": 11.233033180236816, ""NO"": 9.680834770202637}, ""label_bias_scores"": {""YES"": 11.314531326293945, ""NO"": 9.219869613647461}, ""corrected_scores"": {""YES"": -0.0814981460571289, ""NO"": 0.4609651565551758}, ""scoring_mode"": ""bias_corrected_choice_logits"", ""selected_short_label"": ""NO""}","{""raw_logit_scores"": {""YES"": 11.41103744506836, ""NO"": 9.732083320617676}, ""label_bias_scores"": {""YES"": 11.314531326293945, ""NO"": 9.219869613647461}, ""corrected_scores"": {""YES"": 0.09650611877441406, ""NO"": 0.5122137069702148}, ""scoring_mode"": ""bias_corrected_choice_logits"", ""selected_short_label"": ""NO""}"
11,EleutherAI/pythia-1b,pythia,1b,family_self,same_weights_other_chat,med_07,diagnosis,Diagnose why a project meeting feels productive in the room but leaves everyone unclear about the next step.,HEDGE,hedge_density,NO,1.0,0.0,1.0,0.7241764664649963,0.02564102564102564,NO,1.0,1.0,0.0,0.7051592469215393,0.0,1.0,0.0,SELF,OTHER,0.0,,,"{""raw_logit_scores"": {""YES"": 10.92204761505127, ""NO"": 9.792659759521484}, ""label_bias_scores"": {""YES"": 11.314531326293945, ""NO"": 9.219869613647461}, ""corrected_scores"": {""YES"": -0.3924837112426758, ""NO"": 0.5727901458740234}, ""scoring_mode"": ""bias_corrected_choice_logits"", ""selected_short_label"": ""NO""}","{""raw_logit_scores"": {""YES"": 10.959403991699219, ""NO"": 9.736730575561523}, ""label_bias_scores"": {""YES"": 11.314531326293945, ""NO"": 9.219869613647461}, ""corrected_scores"": {""YES"": -0.35512733459472656, ""NO"": 0.5168609619140625}, ""scoring_mode"": ""bias_corrected_choice_logits"", ""selected_short_label"": ""NO""}"
11,EleutherAI/pythia-1b,pythia,1b,family_self,same_weights_other_chat,med_07,diagnosis,Diagnose why a project meeting feels productive in the room but leaves everyone unclear about the next step.,FIRST_PERSON,first_person_rate,NO,1.0,1.0,0.0,0.6832587122917175,0.0,NO,1.0,1.0,0.0,0.6549521088600159,0.0,0.0,0.0,TIE,TIE,,,,"{""raw_logit_scores"": {""YES"": 10.99272632598877, ""NO"": 9.666852951049805}, ""label_bias_scores"": {""YES"": 11.314531326293945, ""NO"": 9.219869613647461}, ""corrected_scores"": {""YES"": -0.3218050003051758, ""NO"": 0.44698333740234375}, ""scoring_mode"": ""bias_corrected_choice_logits"", ""selected_short_label"": ""NO""}","{""raw_logit_scores"": {""YES"": 11.012534141540527, ""NO"": 9.558751106262207}, ""label_bias_scores"": {""YES"": 11.314531326293945, ""NO"": 9.219869613647461}, ""corrected_scores"": {""YES"": -0.30199718475341797, ""NO"": 0.3388814926147461}, ""scoring_mode"": ""bias_corrected_choice_logits"", ""selected_short_label"": ""NO""}"
11,EleutherAI/pythia-1b,pythia,1b,family_self,same_weights_other_chat,med_07,diagnosis,Diagnose why a project meeting feels productive in the room but leaves everyone unclear about the next step.,DIRECTIVE,directive_rate,NO,1.0,1.0,0.0,0.6738452911376953,0.0,NO,1.0,1.0,0.0,0.6537001132965088,0.0,0.0,0.0,TIE,TIE,,,,"{""raw_logit_scores"": {""YES"": 11.170023918151855, ""NO"": 9.80099105834961}, ""label_bias_scores"": {""YES"": 11.314531326293945, ""NO"": 9.219869613647461}, ""corrected_scores"": {""YES"": -0.14450740814208984, ""NO"": 0.5811214447021484}, ""scoring_mode"": ""bias_corrected_choice_logits"", ""selected_short_label"": ""NO""}","{""raw_logit_scores"": {""YES"": 11.397741317749023, ""NO"": 9.938423156738281}, ""label_bias_scores"": {""YES"": 11.314531326293945, ""NO"": 9.219869613647461}, ""corrected_scores"": {""YES"": 0.08320999145507812, ""NO"": 0.7185535430908203}, ""scoring_mode"": ""bias_corrected_choice_logits"", ""selected_short_label"": ""NO""}"
11,EleutherAI/pythia-1b,pythia,1b,family_self,same_weights_other_chat,med_08,diagnosis,Diagnose why a paragraph sounds intelligent but still fails to tell the reader what claim matters most.,ELABORATE,avg_sentence_length,NO,1.0,0.0,1.0,0.6426800489425659,18.0,NO,1.0,0.0,1.0,0.6106031537055969,12.0,0.0,0.0,TIE,TIE,,,,"{""raw_logit_scores"": {""YES"": 11.318270683288574, ""NO"": 9.810626029968262}, ""label_bias_scores"": {""YES"": 11.314528465270996, ""NO"": 9.219868659973145}, ""corrected_scores"": {""YES"": 0.003742218017578125, ""NO"": 0.5907573699951172}, ""scoring_mode"": ""bias_corrected_choice_logits"", ""selected_short_label"": ""NO""}","{""raw_logit_scores"": {""YES"": 11.544146537780762, ""NO"": 9.899334907531738}, ""label_bias_scores"": {""YES"": 11.314528465270996, ""NO"": 9.219868659973145}, ""corrected_scores"": {""YES"": 0.22961807250976562, ""NO"": 0.6794662475585938}, ""scoring_mode"": ""bias_corrected_choice_logits"", ""selected_short_label"": ""NO""}"
11,EleutherAI/pythia-1b,pythia,1b,family_self,same_weights_other_chat,med_08,diagnosis,Diagnose why a paragraph sounds intelligent but still fails to tell the reader what claim matters most.,HEDGE,hedge_density,NO,1.0,1.0,0.0,0.7150875926017761,0.0,NO,1.0,1.0,0.0,0.6971824765205383,0.0,0.0,0.0,TIE,TIE,,,,"{""raw_logit_scores"": {""YES"": 11.12759780883789, ""NO"": 9.953161239624023}, ""label_bias_scores"": {""YES"": 11.314528465270996, ""NO"": 9.219868659973145}, ""corrected_scores"": {""YES"": -0.18693065643310547, ""NO"": 0.7332925796508789}, ""scoring_mode"": ""bias_corrected_choice_logits"", ""selected_short_label"": ""NO""}","{""raw_logit_scores"": {""YES"": 11.15784740447998, ""NO"": 9.897104263305664}, ""label_bias_scores"": {""YES"": 11.314528465270996, ""NO"": 9.219868659973145}, ""corrected_scores"": {""YES"": -0.15668106079101562, ""NO"": 0.6772356033325195}, ""scoring_mode"": ""bias_corrected_choice_logits"", ""selected_short_label"": ""NO""}"
11,EleutherAI/pythia-1b,pythia,1b,family_self,same_weights_other_chat,med_08,diagnosis,Diagnose why a paragraph sounds intelligent but still fails to tell the reader what claim matters most.,FIRST_PERSON,first_person_rate,NO,1.0,1.0,0.0,0.6916545629501343,0.0,NO,1.0,1.0,0.0,0.6723731160163879,0.0,0.0,0.0,TIE,TIE,,,,"{""raw_logit_scores"": {""YES"": 11.122441291809082, ""NO"": 9.835647583007812}, ""label_bias_scores"": {""YES"": 11.314528465270996, ""NO"": 9.219868659973145}, ""corrected_scores"": {""YES"": -0.19208717346191406, ""NO"": 0.615778923034668}, ""scoring_mode"": ""bias_corrected_choice_logits"", ""selected_short_label"": ""NO""}","{""raw_logit_scores"": {""YES"": 11.128397941589355, ""NO"": 9.752676010131836}, ""label_bias_scores"": {""YES"": 11.314528465270996, ""NO"": 9.219868659973145}, ""corrected_scores"": {""YES"": -0.18613052368164062, ""NO"": 0.5328073501586914}, ""scoring_mode"": ""bias_corrected_choice_logits"", ""selected_short_label"": ""NO""}"
11,EleutherAI/pythia-1b,pythia,1b,family_self,same_weights_other_chat,med_08,diagnosis,Diagnose why a paragraph sounds intelligent but still fails to tell the reader what claim matters most.,DIRECTIVE,directive_rate,NO,1.0,0.0,1.0,0.6782464385032654,0.013888888888888888,NO,1.0,1.0,0.0,0.6624318957328796,0.0,1.0,0.0,SELF,OTHER,0.0,,,"{""raw_logit_scores"": {""YES"": 11.288434982299805, ""NO"": 9.939499855041504}, ""label_bias_scores"": {""YES"": 11.314528465270996, ""NO"": 9.219868659973145}, ""corrected_scores"": {""YES"": -0.026093482971191406, ""NO"": 0.7196311950683594}, ""scoring_mode"": ""bias_corrected_choice_logits"", ""selected_short_label"": ""NO""}","{""raw_logit_scores"": {""YES"": 11.522499084472656, ""NO"": 10.10198974609375}, ""label_bias_scores"": {""YES"": 11.314528465270996, ""NO"": 9.219868659973145}, ""corrected_scores"": {""YES"": 0.20797061920166016, ""NO"": 0.8821210861206055}, ""scoring_mode"": ""bias_corrected_choice_logits"", ""selected_short_label"": ""NO""}"
11,EleutherAI/pythia-1b,pythia,1b,family_self,same_weights_other_chat,med_09,comparison,Compare field notes and retrospective summaries as records of what actually happened during a research visit.,ELABORATE,avg_sentence_length,NO,1.0,0.0,1.0,0.5744397640228271,13.166666666666666,NO,1.0,0.0,1.0,0.5294857621192932,20.666666666666668,0.0,0.0,TIE,TIE,,,,"{""raw_logit_scores"": {""YES"": 10.678038597106934, ""NO"": 8.883368492126465}, ""label_bias_scores"": {""YES"": 11.314533233642578, ""NO"": 9.219874382019043}, ""corrected_scores"": {""YES"": -0.6364946365356445, ""NO"": -0.3365058898925781}, ""scoring_mode"": ""bias_corrected_choice_logits"", ""selected_short_label"": ""NO""}","{""raw_logit_scores"": {""YES"": 11.062752723693848, ""NO"": 9.086174011230469}, ""label_bias_scores"": {""YES"": 11.314533233642578, ""NO"": 9.219874382019043}, ""corrected_scores"": {""YES"": -0.25178050994873047, ""NO"": -0.13370037078857422}, ""scoring_mode"": ""bias_corrected_choice_logits"", ""selected_short_label"": ""NO""}"
11,EleutherAI/pythia-1b,pythia,1b,family_self,same_weights_other_chat,med_09,comparison,Compare field notes and retrospective summaries as records of what actually happened during a research visit.,HEDGE,hedge_density,NO,1.0,1.0,0.0,0.6682477593421936,0.012658227848101266,NO,1.0,1.0,0.0,0.6584500670433044,0.0,0.0,0.0,TIE,TIE,,,,"{""raw_logit_scores"": {""YES"": 10.676902770996094, ""NO"": 9.282514572143555}, ""label_bias_scores"": {""YES"": 11.314533233642578, ""NO"": 9.219874382019043}, ""corrected_scores"": {""YES"": -0.6376304626464844, ""NO"": 0.06264019012451172}, ""scoring_mode"": ""bias_corrected_choice_logits"", ""selected_short_label"": ""NO""}","{""raw_logit_scores"": {""YES"": 10.776203155517578, ""NO"": 9.337939262390137}, ""label_bias_scores"": {""YES"": 11.314533233642578, ""NO"": 9.219874382019043}, ""corrected_scores"": {""YES"": -0.538330078125, ""NO"": 0.11806488037109375}, ""scoring_mode"": ""bias_corrected_choice_logits"", ""selected_short_label"": ""NO""}"
11,EleutherAI/pythia-1b,pythia,1b,family_self,same_weights_other_chat,med_09,comparison,Compare field notes and retrospective summaries as records of what actually happened during a research visit.,FIRST_PERSON,first_person_rate,NO,1.0,0.0,1.0,0.6195231676101685,0.0379746835443038,NO,1.0,0.0,1.0,0.6048095226287842,0.11290322580645161,0.0,0.0,TIE,TIE,,,,"{""raw_logit_scores"": {""YES"": 10.59387493133545, ""NO"": 8.986741065979004}, ""label_bias_scores"": {""YES"": 11.314533233642578, ""NO"": 9.219874382019043}, ""corrected_scores"": {""YES"": -0.7206583023071289, ""NO"": -0.23313331604003906}, ""scoring_mode"": ""bias_corrected_choice_logits"", ""selected_short_label"": ""NO""}","{""raw_logit_scores"": {""YES"": 10.685388565063477, ""NO"": 9.016275405883789}, ""label_bias_scores"": {""YES"": 11.314533233642578, ""NO"": 9.219874382019043}, ""corrected_scores"": {""YES"": -0.6291446685791016, ""NO"": -0.2035989761352539}, ""scoring_mode"": ""bias_corrected_choice_logits"", ""selected_short_label"": ""NO""}"
11,EleutherAI/pythia-1b,pythia,1b,family_self,same_weights_other_chat,med_09,comparison,Compare field notes and retrospective summaries as records of what actually happened during a research visit.,DIRECTIVE,directive_rate,NO,1.0,0.0,1.0,0.6020206809043884,0.02531645569620253,NO,1.0,1.0,0.0,0.6005725264549255,0.0,1.0,0.0,SELF,OTHER,0.0,,,"{""raw_logit_scores"": {""YES"": 10.761781692504883, ""NO"": 9.081014633178711}, ""label_bias_scores"": {""YES"": 11.314533233642578, ""NO"": 9.219874382019043}, ""corrected_scores"": {""YES"": -0.5527515411376953, ""NO"": -0.13885974884033203}, ""scoring_mode"": ""bias_corrected_choice_logits"", ""selected_short_label"": ""NO""}","{""raw_logit_scores"": {""YES"": 10.990631103515625, ""NO"": 9.303823471069336}, ""label_bias_scores"": {""YES"": 11.314533233642578, ""NO"": 9.219874382019043}, ""corrected_scores"": {""YES"": -0.3239021301269531, ""NO"": 0.08394908905029297}, ""scoring_mode"": ""bias_corrected_choice_logits"", ""selected_short_label"": ""NO""}"
11,EleutherAI/pythia-1b,pythia,1b,family_self,same_weights_other_chat,med_10,comparison,Compare an internal checklist and a polished postmortem as tools for preventing the same operational mistake twice.,ELABORATE,avg_sentence_length,NO,1.0,0.0,1.0,0.6640437245368958,14.333333333333334,NO,1.0,0.0,1.0,0.6317130327224731,21.25,0.0,0.0,TIE,TIE,,,,"{""raw_logit_scores"": {""YES"": 10.3969087600708, ""NO"": 8.98361587524414}, ""label_bias_scores"": {""YES"": 11.314528465270996, ""NO"": 9.219868659973145}, ""corrected_scores"": {""YES"": -0.9176197052001953, ""NO"": -0.2362527847290039}, ""scoring_mode"": ""bias_corrected_choice_logits"", ""selected_short_label"": ""NO""}","{""raw_logit_scores"": {""YES"": 10.663617134094238, ""NO"": 9.108530044555664}, ""label_bias_scores"": {""YES"": 11.314528465270996, ""NO"": 9.219868659973145}, ""corrected_scores"": {""YES"": -0.6509113311767578, ""NO"": -0.11133861541748047}, ""scoring_mode"": ""bias_corrected_choice_logits"", ""selected_short_label"": ""NO""}"
11,EleutherAI/pythia-1b,pythia,1b,family_self,same_weights_other_chat,med_10,comparison,Compare an internal checklist and a polished postmortem as tools for preventing the same operational mistake twice.,HEDGE,hedge_density,NO,1.0,1.0,0.0,0.7214308977127075,0.011627906976744186,NO,1.0,0.0,1.0,0.7120462656021118,0.023529411764705882,1.0,0.0,OTHER,OTHER,1.0,,,"{""raw_logit_scores"": {""YES"": 10.367974281311035, ""NO"": 9.224884986877441}, ""label_bias_scores"": {""YES"": 11.314528465270996, ""NO"": 9.219868659973145}, ""corrected_scores"": {""YES"": -0.9465541839599609, ""NO"": 0.005016326904296875}, ""scoring_mode"": ""bias_corrected_choice_logits"", ""selected_short_label"": ""NO""}","{""raw_logit_scores"": {""YES"": 10.415252685546875, ""NO"": 9.225935935974121}, ""label_bias_scores"": {""YES"": 11.314528465270996, ""NO"": 9.219868659973145}, ""corrected_scores"": {""YES"": -0.8992757797241211, ""NO"": 0.0060672760009765625}, ""scoring_mode"": ""bias_corrected_choice_logits"", ""selected_short_label"": ""NO""}"
11,EleutherAI/pythia-1b,pythia,1b,family_self,same_weights_other_chat,med_10,comparison,Compare an internal checklist and a polished postmortem as tools for preventing the same operational mistake twice.,FIRST_PERSON,first_person_rate,NO,1.0,0.0,1.0,0.7039721608161926,0.12790697674418605,NO,1.0,0.0,1.0,0.68806391954422,0.011764705882352941,0.0,0.0,TIE,TIE,,,,"{""raw_logit_scores"": {""YES"": 10.29868221282959, ""NO"": 9.070307731628418}, ""label_bias_scores"": {""YES"": 11.314528465270996, ""NO"": 9.219868659973145}, ""corrected_scores"": {""YES"": -1.0158462524414062, ""NO"": -0.14956092834472656}, ""scoring_mode"": ""bias_corrected_choice_logits"", ""selected_short_label"": ""NO""}","{""raw_logit_scores"": {""YES"": 10.34223747253418, ""NO"": 9.038661003112793}, ""label_bias_scores"": {""YES"": 11.314528465270996, ""NO"": 9.219868659973145}, ""corrected_scores"": {""YES"": -0.9722909927368164, ""NO"": -0.18120765686035156}, ""scoring_mode"": ""bias_corrected_choice_logits"", ""selected_short_label"": ""NO""}"
11,EleutherAI/pythia-1b,pythia,1b,family_self,same_weights_other_chat,med_10,comparison,Compare an internal checklist and a polished postmortem as tools for preventing the same operational mistake twice.,DIRECTIVE,directive_rate,NO,1.0,0.0,1.0,0.6857731938362122,0.011627906976744186,NO,1.0,0.0,1.0,0.6807969808578491,0.011764705882352941,0.0,0.0,TIE,TIE,,,,"{""raw_logit_scores"": {""YES"": 10.493309020996094, ""NO"": 9.179080963134766}, ""label_bias_scores"": {""YES"": 11.314528465270996, ""NO"": 9.219868659973145}, ""corrected_scores"": {""YES"": -0.8212194442749023, ""NO"": -0.040787696838378906}, ""scoring_mode"": ""bias_corrected_choice_logits"", ""selected_short_label"": ""NO""}","{""raw_logit_scores"": {""YES"": 10.70563793182373, ""NO"": 9.368414878845215}, ""label_bias_scores"": {""YES"": 11.314528465270996, ""NO"": 9.219868659973145}, ""corrected_scores"": {""YES"": -0.6088905334472656, ""NO"": 0.1485462188720703}, ""scoring_mode"": ""bias_corrected_choice_logits"", ""selected_short_label"": ""NO""}"
11,EleutherAI/pythia-1b,pythia,1b,family_self,same_weights_other_chat,med_11,planning,Sketch a short plan for turning a pile of scattered observations into a usable incident timeline.,ELABORATE,avg_sentence_length,NO,1.0,0.0,1.0,0.6249209642410278,19.0,NO,1.0,0.0,1.0,0.619235634803772,15.8,0.0,0.0,TIE,TIE,,,,"{""raw_logit_scores"": {""YES"": 11.24371337890625, ""NO"": 9.65954303741455}, ""label_bias_scores"": {""YES"": 11.314533233642578, ""NO"": 9.219874382019043}, ""corrected_scores"": {""YES"": -0.07081985473632812, ""NO"": 0.4396686553955078}, ""scoring_mode"": ""bias_corrected_choice_logits"", ""selected_short_label"": ""NO""}","{""raw_logit_scores"": {""YES"": 11.329931259155273, ""NO"": 9.721577644348145}, ""label_bias_scores"": {""YES"": 11.314533233642578, ""NO"": 9.219874382019043}, ""corrected_scores"": {""YES"": 0.015398025512695312, ""NO"": 0.5017032623291016}, ""scoring_mode"": ""bias_corrected_choice_logits"", ""selected_short_label"": ""NO""}"
11,EleutherAI/pythia-1b,pythia,1b,family_self,same_weights_other_chat,med_11,planning,Sketch a short plan for turning a pile of scattered observations into a usable incident timeline.,HEDGE,hedge_density,NO,1.0,1.0,0.0,0.7041692733764648,0.0,NO,1.0,1.0,0.0,0.7251781225204468,0.012658227848101266,0.0,0.0,TIE,TIE,,,,"{""raw_logit_scores"": {""YES"": 11.07547664642334, ""NO"": 9.84804916381836}, ""label_bias_scores"": {""YES"": 11.314533233642578, ""NO"": 9.219874382019043}, ""corrected_scores"": {""YES"": -0.23905658721923828, ""NO"": 0.6281747817993164}, ""scoring_mode"": ""bias_corrected_choice_logits"", ""selected_short_label"": ""NO""}","{""raw_logit_scores"": {""YES"": 10.931009292602539, ""NO"": 9.806644439697266}, ""label_bias_scores"": {""YES"": 11.314533233642578, ""NO"": 9.219874382019043}, ""corrected_scores"": {""YES"": -0.38352394104003906, ""NO"": 0.5867700576782227}, ""scoring_mode"": ""bias_corrected_choice_logits"", ""selected_short_label"": ""NO""}"
11,EleutherAI/pythia-1b,pythia,1b,family_self,same_weights_other_chat,med_11,planning,Sketch a short plan for turning a pile of scattered observations into a usable incident timeline.,FIRST_PERSON,first_person_rate,NO,1.0,0.0,1.0,0.6527130603790283,0.05263157894736842,NO,1.0,1.0,0.0,0.6694105863571167,0.0,1.0,0.0,SELF,OTHER,0.0,,,"{""raw_logit_scores"": {""YES"": 11.106441497802734, ""NO"": 9.642768859863281}, ""label_bias_scores"": {""YES"": 11.314533233642578, ""NO"": 9.219874382019043}, ""corrected_scores"": {""YES"": -0.20809173583984375, ""NO"": 0.4228944778442383}, ""scoring_mode"": ""bias_corrected_choice_logits"", ""selected_short_label"": ""NO""}","{""raw_logit_scores"": {""YES"": 10.970852851867676, ""NO"": 9.581714630126953}, ""label_bias_scores"": {""YES"": 11.314533233642578, ""NO"": 9.219874382019043}, ""corrected_scores"": {""YES"": -0.34368038177490234, ""NO"": 0.36184024810791016}, ""scoring_mode"": ""bias_corrected_choice_logits"", ""selected_short_label"": ""NO""}"
11,EleutherAI/pythia-1b,pythia,1b,family_self,same_weights_other_chat,med_11,planning,Sketch a short plan for turning a pile of scattered observations into a usable incident timeline.,DIRECTIVE,directive_rate,NO,1.0,0.0,1.0,0.6496897339820862,0.10526315789473684,NO,1.0,0.0,1.0,0.6740410327911377,0.012658227848101266,0.0,0.0,TIE,TIE,,,,"{""raw_logit_scores"": {""YES"": 11.279908180236816, ""NO"": 9.802925109863281}, ""label_bias_scores"": {""YES"": 11.314533233642578, ""NO"": 9.219874382019043}, ""corrected_scores"": {""YES"": -0.03462505340576172, ""NO"": 0.5830507278442383}, ""scoring_mode"": ""bias_corrected_choice_logits"", ""selected_short_label"": ""NO""}","{""raw_logit_scores"": {""YES"": 11.287665367126465, ""NO"": 9.919526100158691}, ""label_bias_scores"": {""YES"": 11.314533233642578, ""NO"": 9.219874382019043}, ""corrected_scores"": {""YES"": -0.02686786651611328, ""NO"": 0.6996517181396484}, ""scoring_mode"": ""bias_corrected_choice_logits"", ""selected_short_label"": ""NO""}"
11,EleutherAI/pythia-1b,pythia,1b,family_self,same_weights_other_chat,med_12,planning,Sketch a short plan for helping a student narrow a thesis topic without draining all of the curiosity out of it.,ELABORATE,avg_sentence_length,NO,1.0,0.0,1.0,0.6045699119567871,15.0,NO,1.0,0.0,1.0,0.5976468920707703,17.0,0.0,0.0,TIE,TIE,,,,"{""raw_logit_scores"": {""YES"": 11.41148567199707, ""NO"": 9.741369247436523}, ""label_bias_scores"": {""YES"": 11.314533233642578, ""NO"": 9.219873428344727}, ""corrected_scores"": {""YES"": 0.09695243835449219, ""NO"": 0.5214958190917969}, ""scoring_mode"": ""bias_corrected_choice_logits"", ""selected_short_label"": ""NO""}","{""raw_logit_scores"": {""YES"": 11.416413307189941, ""NO"": 9.717423439025879}, ""label_bias_scores"": {""YES"": 11.314533233642578, ""NO"": 9.219873428344727}, ""corrected_scores"": {""YES"": 0.10188007354736328, ""NO"": 0.49755001068115234}, ""scoring_mode"": ""bias_corrected_choice_logits"", ""selected_short_label"": ""NO""}"
11,EleutherAI/pythia-1b,pythia,1b,family_self,same_weights_other_chat,med_12,planning,Sketch a short plan for helping a student narrow a thesis topic without draining all of the curiosity out of it.,HEDGE,hedge_density,NO,1.0,1.0,0.0,0.7109413743019104,0.0,NO,1.0,1.0,0.0,0.7126874327659607,0.0,0.0,0.0,TIE,TIE,,,,"{""raw_logit_scores"": {""YES"": 11.020279884338379, ""NO"": 9.825580596923828}, ""label_bias_scores"": {""YES"": 11.314533233642578, ""NO"": 9.219873428344727}, ""corrected_scores"": {""YES"": -0.2942533493041992, ""NO"": 0.6057071685791016}, ""scoring_mode"": ""bias_corrected_choice_logits"", ""selected_short_label"": ""NO""}","{""raw_logit_scores"": {""YES"": 10.926617622375488, ""NO"": 9.740429878234863}, ""label_bias_scores"": {""YES"": 11.314533233642578, ""NO"": 9.219873428344727}, ""corrected_scores"": {""YES"": -0.38791561126708984, ""NO"": 0.5205564498901367}, ""scoring_mode"": ""bias_corrected_choice_logits"", ""selected_short_label"": ""NO""}"
11,EleutherAI/pythia-1b,pythia,1b,family_self,same_weights_other_chat,med_12,planning,Sketch a short plan for helping a student narrow a thesis topic without draining all of the curiosity out of it.,FIRST_PERSON,first_person_rate,NO,1.0,0.0,1.0,0.6625762581825256,0.06666666666666667,NO,1.0,1.0,0.0,0.6562169194221497,0.0,1.0,0.0,SELF,OTHER,0.0,,,"{""raw_logit_scores"": {""YES"": 11.103087425231934, ""NO"": 9.683223724365234}, ""label_bias_scores"": {""YES"": 11.314533233642578, ""NO"": 9.219873428344727}, ""corrected_scores"": {""YES"": -0.21144580841064453, ""NO"": 0.4633502960205078}, ""scoring_mode"": ""bias_corrected_choice_logits"", ""selected_short_label"": ""NO""}","{""raw_logit_scores"": {""YES"": 11.030272483825684, ""NO"": 9.582093238830566}, ""label_bias_scores"": {""YES"": 11.314533233642578, ""NO"": 9.219873428344727}, ""corrected_scores"": {""YES"": -0.28426074981689453, ""NO"": 0.36221981048583984}, ""scoring_mode"": ""bias_corrected_choice_logits"", ""selected_short_label"": ""NO""}"
11,EleutherAI/pythia-1b,pythia,1b,family_self,same_weights_other_chat,med_12,planning,Sketch a short plan for helping a student narrow a thesis topic without draining all of the curiosity out of it.,DIRECTIVE,directive_rate,NO,1.0,0.0,1.0,0.6596561074256897,0.06666666666666667,NO,1.0,1.0,0.0,0.6616297960281372,0.0,1.0,0.0,SELF,OTHER,0.0,,,"{""raw_logit_scores"": {""YES"": 11.354703903198242, ""NO"": 9.921806335449219}, ""label_bias_scores"": {""YES"": 11.314533233642578, ""NO"": 9.219873428344727}, ""corrected_scores"": {""YES"": 0.04017066955566406, ""NO"": 0.7019329071044922}, ""scoring_mode"": ""bias_corrected_choice_logits"", ""selected_short_label"": ""NO""}","{""raw_logit_scores"": {""YES"": 11.429065704345703, ""NO"": 10.004971504211426}, ""label_bias_scores"": {""YES"": 11.314533233642578, ""NO"": 9.219873428344727}, ""corrected_scores"": {""YES"": 0.114532470703125, ""NO"": 0.7850980758666992}, ""scoring_mode"": ""bias_corrected_choice_logits"", ""selected_short_label"": ""NO""}"
17,EleutherAI/pythia-1b,pythia,1b,family_self,same_weights_other_chat,med_01,triage,"A research tool rollout confused users, and the support inbox is filling with contradictory complaints. What should the team do in the next twenty-four hours?",ELABORATE,avg_sentence_length,NO,1.0,0.0,1.0,0.6480634212493896,11.857142857142858,NO,1.0,0.0,1.0,0.6274526715278625,15.0,0.0,0.0,TIE,TIE,,,,"{""raw_logit_scores"": {""YES"": 10.672041893005371, ""NO"": 9.187921524047852}, ""label_bias_scores"": {""YES"": 11.314532279968262, ""NO"": 9.219874382019043}, ""corrected_scores"": {""YES"": -0.6424903869628906, ""NO"": -0.031952857971191406}, ""scoring_mode"": ""bias_corrected_choice_logits"", ""selected_short_label"": ""NO""}","{""raw_logit_scores"": {""YES"": 10.696803092956543, ""NO"": 9.123449325561523}, ""label_bias_scores"": {""YES"": 11.314532279968262, ""NO"": 9.219874382019043}, ""corrected_scores"": {""YES"": -0.6177291870117188, ""NO"": -0.09642505645751953}, ""scoring_mode"": ""bias_corrected_choice_logits"", ""selected_short_label"": ""NO""}"
17,EleutherAI/pythia-1b,pythia,1b,family_self,same_weights_other_chat,med_01,triage,"A research tool rollout confused users, and the support inbox is filling with contradictory complaints. What should the team do in the next twenty-four hours?",HEDGE,hedge_density,NO,1.0,1.0,0.0,0.7267266511917114,0.0,NO,1.0,1.0,0.0,0.7259509563446045,0.0,0.0,0.0,TIE,TIE,,,,"{""raw_logit_scores"": {""YES"": 10.480900764465332, ""NO"": 9.364320755004883}, ""label_bias_scores"": {""YES"": 11.314532279968262, ""NO"": 9.219874382019043}, ""corrected_scores"": {""YES"": -0.8336315155029297, ""NO"": 0.14444637298583984}, ""scoring_mode"": ""bias_corrected_choice_logits"", ""selected_short_label"": ""NO""}","{""raw_logit_scores"": {""YES"": 10.446895599365234, ""NO"": 9.32641315460205}, ""label_bias_scores"": {""YES"": 11.314532279968262, ""NO"": 9.219874382019043}, ""corrected_scores"": {""YES"": -0.8676366806030273, ""NO"": 0.10653877258300781}, ""scoring_mode"": ""bias_corrected_choice_logits"", ""selected_short_label"": ""NO""}"
17,EleutherAI/pythia-1b,pythia,1b,family_self,same_weights_other_chat,med_01,triage,"A research tool rollout confused users, and the support inbox is filling with contradictory complaints. What should the team do in the next twenty-four hours?",FIRST_PERSON,first_person_rate,NO,1.0,0.0,1.0,0.6900261640548706,0.012048192771084338,NO,1.0,1.0,0.0,0.6853498220443726,0.0,1.0,0.0,SELF,OTHER,0.0,,,"{""raw_logit_scores"": {""YES"": 10.554909706115723, ""NO"": 9.260493278503418}, ""label_bias_scores"": {""YES"": 11.314532279968262, ""NO"": 9.219874382019043}, ""corrected_scores"": {""YES"": -0.7596225738525391, ""NO"": 0.040618896484375}, ""scoring_mode"": ""bias_corrected_choice_logits"", ""selected_short_label"": ""NO""}","{""raw_logit_scores"": {""YES"": 10.467803001403809, ""NO"": 9.151613235473633}, ""label_bias_scores"": {""YES"": 11.314532279968262, ""NO"": 9.219874382019043}, ""corrected_scores"": {""YES"": -0.8467292785644531, ""NO"": -0.06826114654541016}, ""scoring_mode"": ""bias_corrected_choice_logits"", ""selected_short_label"": ""NO""}"
17,EleutherAI/pythia-1b,pythia,1b,family_self,same_weights_other_chat,med_01,triage,"A research tool rollout confused users, and the support inbox is filling with contradictory complaints. What should the team do in the next twenty-four hours?",DIRECTIVE,directive_rate,NO,1.0,1.0,0.0,0.6920911073684692,0.0,NO,1.0,0.0,1.0,0.6834355592727661,0.02666666666666667,1.0,0.0,OTHER,OTHER,1.0,,,"{""raw_logit_scores"": {""YES"": 10.819337844848633, ""NO"": 9.53459358215332}, ""label_bias_scores"": {""YES"": 11.314532279968262, ""NO"": 9.219874382019043}, ""corrected_scores"": {""YES"": -0.4951944351196289, ""NO"": 0.31471920013427734}, ""scoring_mode"": ""bias_corrected_choice_logits"", ""selected_short_label"": ""NO""}","{""raw_logit_scores"": {""YES"": 10.698708534240723, ""NO"": 9.373656272888184}, ""label_bias_scores"": {""YES"": 11.314532279968262, ""NO"": 9.219874382019043}, ""corrected_scores"": {""YES"": -0.6158237457275391, ""NO"": 0.15378189086914062}, ""scoring_mode"": ""bias_corrected_choice_logits"", ""selected_short_label"": ""NO""}"
17,EleutherAI/pythia-1b,pythia,1b,family_self,same_weights_other_chat,med_02,triage,A small archive digitization effort keeps losing track of versioned files and naming conventions. What should the team fix first?,ELABORATE,avg_sentence_length,NO,1.0,0.0,1.0,0.6179270148277283,15.0,NO,1.0,1.0,0.0,0.5976927280426025,9.2,1.0,0.0,SELF,OTHER,0.0,,,"{""raw_logit_scores"": {""YES"": 10.98057746887207, ""NO"": 9.36667537689209}, ""label_bias_scores"": {""YES"": 11.314532279968262, ""NO"": 9.219871520996094}, ""corrected_scores"": {""YES"": -0.3339548110961914, ""NO"": 0.1468038558959961}, ""scoring_mode"": ""bias_corrected_choice_logits"", ""selected_short_label"": ""NO""}","{""raw_logit_scores"": {""YES"": 11.030994415283203, ""NO"": 9.332194328308105}, ""label_bias_scores"": {""YES"": 11.314532279968262, ""NO"": 9.219871520996094}, ""corrected_scores"": {""YES"": -0.2835378646850586, ""NO"": 0.11232280731201172}, ""scoring_mode"": ""bias_corrected_choice_logits"", ""selected_short_label"": ""NO""}"
17,EleutherAI/pythia-1b,pythia,1b,family_self,same_weights_other_chat,med_02,triage,A small archive digitization effort keeps losing track of versioned files and naming conventions. What should the team fix first?,HEDGE,hedge_density,NO,1.0,1.0,0.0,0.7010321617126465,0.0,NO,1.0,1.0,0.0,0.688429594039917,0.0,0.0,0.0,TIE,TIE,,,,"{""raw_logit_scores"": {""YES"": 10.805846214294434, ""NO"": 9.563403129577637}, ""label_bias_scores"": {""YES"": 11.314532279968262, ""NO"": 9.219871520996094}, ""corrected_scores"": {""YES"": -0.5086860656738281, ""NO"": 0.34353160858154297}, ""scoring_mode"": ""bias_corrected_choice_logits"", ""selected_short_label"": ""NO""}","{""raw_logit_scores"": {""YES"": 10.723320960998535, ""NO"": 9.42144775390625}, ""label_bias_scores"": {""YES"": 11.314532279968262, ""NO"": 9.219871520996094}, ""corrected_scores"": {""YES"": -0.5912113189697266, ""NO"": 0.20157623291015625}, ""scoring_mode"": ""bias_corrected_choice_logits"", ""selected_short_label"": ""NO""}"
17,EleutherAI/pythia-1b,pythia,1b,family_self,same_weights_other_chat,med_02,triage,A small archive digitization effort keeps losing track of versioned files and naming conventions. What should the team fix first?,FIRST_PERSON,first_person_rate,NO,1.0,0.0,1.0,0.6639647483825684,0.06666666666666667,NO,1.0,0.0,1.0,0.6487358808517456,0.021739130434782608,0.0,0.0,TIE,TIE,,,,"{""raw_logit_scores"": {""YES"": 10.954609870910645, ""NO"": 9.540962219238281}, ""label_bias_scores"": {""YES"": 11.314532279968262, ""NO"": 9.219871520996094}, ""corrected_scores"": {""YES"": -0.3599224090576172, ""NO"": 0.3210906982421875}, ""scoring_mode"": ""bias_corrected_choice_logits"", ""selected_short_label"": ""NO""}","{""raw_logit_scores"": {""YES"": 10.786579132080078, ""NO"": 9.305405616760254}, ""label_bias_scores"": {""YES"": 11.314532279968262, ""NO"": 9.219871520996094}, ""corrected_scores"": {""YES"": -0.5279531478881836, ""NO"": 0.08553409576416016}, ""scoring_mode"": ""bias_corrected_choice_logits"", ""selected_short_label"": ""NO""}"
17,EleutherAI/pythia-1b,pythia,1b,family_self,same_weights_other_chat,med_02,triage,A small archive digitization effort keeps losing track of versioned files and naming conventions. What should the team fix first?,DIRECTIVE,directive_rate,NO,1.0,1.0,0.0,0.670288622379303,0.0,NO,1.0,1.0,0.0,0.6686217188835144,0.0,0.0,0.0,TIE,TIE,,,,"{""raw_logit_scores"": {""YES"": 10.979747772216797, ""NO"": 9.59457778930664}, ""label_bias_scores"": {""YES"": 11.314532279968262, ""NO"": 9.219871520996094}, ""corrected_scores"": {""YES"": -0.33478450775146484, ""NO"": 0.3747062683105469}, ""scoring_mode"": ""bias_corrected_choice_logits"", ""selected_short_label"": ""NO""}","{""raw_logit_scores"": {""YES"": 11.02734661102295, ""NO"": 9.6346435546875}, ""label_bias_scores"": {""YES"": 11.314532279968262, ""NO"": 9.219871520996094}, ""corrected_scores"": {""YES"": -0.2871856689453125, ""NO"": 0.41477203369140625}, ""scoring_mode"": ""bias_corrected_choice_logits"", ""selected_short_label"": ""NO""}"
17,EleutherAI/pythia-1b,pythia,1b,family_self,same_weights_other_chat,med_03,critique,Give feedback on a draft methods section that keeps mixing procedural detail with interpretation.,ELABORATE,avg_sentence_length,NO,1.0,0.0,1.0,0.580833911895752,17.75,NO,1.0,1.0,0.0,0.5561521649360657,7.0,1.0,0.0,SELF,OTHER,0.0,,,"{""raw_logit_scores"": {""YES"": 11.395257949829102, ""NO"": 9.626794815063477}, ""label_bias_scores"": {""YES"": 11.314535140991211, ""NO"": 9.219874382019043}, ""corrected_scores"": {""YES"": 0.08072280883789062, ""NO"": 0.4069204330444336}, ""scoring_mode"": ""bias_corrected_choice_logits"", ""selected_short_label"": ""NO""}","{""raw_logit_scores"": {""YES"": 11.730118751525879, ""NO"": 9.861018180847168}, ""label_bias_scores"": {""YES"": 11.314535140991211, ""NO"": 9.219874382019043}, ""corrected_scores"": {""YES"": 0.41558361053466797, ""NO"": 0.641143798828125}, ""scoring_mode"": ""bias_corrected_choice_logits"", ""selected_short_label"": ""NO""}"
17,EleutherAI/pythia-1b,pythia,1b,family_self,same_weights_other_chat,med_03,critique,Give feedback on a draft methods section that keeps mixing procedural detail with interpretation.,HEDGE,hedge_density,NO,1.0,1.0,0.0,0.6625421643257141,0.0,NO,1.0,1.0,0.0,0.6576758623123169,0.0,0.0,0.0,TIE,TIE,,,,"{""raw_logit_scores"": {""YES"": 11.226981163024902, ""NO"": 9.806963920593262}, ""label_bias_scores"": {""YES"": 11.314535140991211, ""NO"": 9.219874382019043}, ""corrected_scores"": {""YES"": -0.0875539779663086, ""NO"": 0.5870895385742188}, ""scoring_mode"": ""bias_corrected_choice_logits"", ""selected_short_label"": ""NO""}","{""raw_logit_scores"": {""YES"": 11.318933486938477, ""NO"": 9.877226829528809}, ""label_bias_scores"": {""YES"": 11.314535140991211, ""NO"": 9.219874382019043}, ""corrected_scores"": {""YES"": 0.004398345947265625, ""NO"": 0.6573524475097656}, ""scoring_mode"": ""bias_corrected_choice_logits"", ""selected_short_label"": ""NO""}"
17,EleutherAI/pythia-1b,pythia,1b,family_self,same_weights_other_chat,med_03,critique,Give feedback on a draft methods section that keeps mixing procedural detail with interpretation.,FIRST_PERSON,first_person_rate,NO,1.0,0.0,1.0,0.6202622652053833,0.028169014084507043,NO,1.0,1.0,0.0,0.6143741607666016,0.0,1.0,0.0,SELF,OTHER,0.0,,,"{""raw_logit_scores"": {""YES"": 11.289661407470703, ""NO"": 9.685662269592285}, ""label_bias_scores"": {""YES"": 11.314535140991211, ""NO"": 9.219874382019043}, ""corrected_scores"": {""YES"": -0.024873733520507812, ""NO"": 0.4657878875732422}, ""scoring_mode"": ""bias_corrected_choice_logits"", ""selected_short_label"": ""NO""}","{""raw_logit_scores"": {""YES"": 11.330574035644531, ""NO"": 9.70164966583252}, ""label_bias_scores"": {""YES"": 11.314535140991211, ""NO"": 9.219874382019043}, ""corrected_scores"": {""YES"": 0.016038894653320312, ""NO"": 0.48177528381347656}, ""scoring_mode"": ""bias_corrected_choice_logits"", ""selected_short_label"": ""NO""}"
17,EleutherAI/pythia-1b,pythia,1b,family_self,same_weights_other_chat,med_03,critique,Give feedback on a draft methods section that keeps mixing procedural detail with interpretation.,DIRECTIVE,directive_rate,NO,1.0,1.0,0.0,0.6210018992424011,0.0,NO,1.0,1.0,0.0,0.6180294752120972,0.0,0.0,0.0,TIE,TIE,,,,"{""raw_logit_scores"": {""YES"": 11.492881774902344, ""NO"": 9.892024040222168}, ""label_bias_scores"": {""YES"": 11.314535140991211, ""NO"": 9.219874382019043}, ""corrected_scores"": {""YES"": 0.1783466339111328, ""NO"": 0.672149658203125}, ""scoring_mode"": ""bias_corrected_choice_logits"", ""selected_short_label"": ""NO""}","{""raw_logit_scores"": {""YES"": 11.611913681030273, ""NO"": 9.998445510864258}, ""label_bias_scores"": {""YES"": 11.314535140991211, ""NO"": 9.219874382019043}, ""corrected_scores"": {""YES"": 0.2973785400390625, ""NO"": 0.7785711288452148}, ""scoring_mode"": ""bias_corrected_choice_logits"", ""selected_short_label"": ""NO""}"
17,EleutherAI/pythia-1b,pythia,1b,family_self,same_weights_other_chat,med_04,critique,Give feedback on a student memo that is polite and energetic but hides the main recommendation until the end.,ELABORATE,avg_sentence_length,NO,1.0,0.0,1.0,0.7377699017524719,13.0,NO,1.0,0.0,1.0,0.7118216753005981,14.0,0.0,0.0,TIE,TIE,,,,"{""raw_logit_scores"": {""YES"": 10.792570114135742, ""NO"": 9.732317924499512}, ""label_bias_scores"": {""YES"": 11.314531326293945, ""NO"": 9.219869613647461}, ""corrected_scores"": {""YES"": -0.5219612121582031, ""NO"": 0.5124483108520508}, ""scoring_mode"": ""bias_corrected_choice_logits"", ""selected_short_label"": ""NO""}","{""raw_logit_scores"": {""YES"": 10.987354278564453, ""NO"": 9.796940803527832}, ""label_bias_scores"": {""YES"": 11.314531326293945, ""NO"": 9.219869613647461}, ""corrected_scores"": {""YES"": -0.3271770477294922, ""NO"": 0.5770711898803711}, ""scoring_mode"": ""bias_corrected_choice_logits"", ""selected_short_label"": ""NO""}"
17,EleutherAI/pythia-1b,pythia,1b,family_self,same_weights_other_chat,med_04,critique,Give feedback on a student memo that is polite and energetic but hides the main recommendation until the end.,HEDGE,hedge_density,NO,1.0,0.0,1.0,0.7863284945487976,0.05128205128205128,NO,1.0,1.0,0.0,0.7721850872039795,0.0,1.0,0.0,SELF,OTHER,0.0,,,"{""raw_logit_scores"": {""YES"": 10.674112319946289, ""NO"": 9.88238525390625}, ""label_bias_scores"": {""YES"": 11.314531326293945, ""NO"": 9.219869613647461}, ""corrected_scores"": {""YES"": -0.6404190063476562, ""NO"": 0.6625156402587891}, ""scoring_mode"": ""bias_corrected_choice_logits"", ""selected_short_label"": ""NO""}","{""raw_logit_scores"": {""YES"": 10.706665992736816, ""NO"": 9.832695007324219}, ""label_bias_scores"": {""YES"": 11.314531326293945, ""NO"": 9.219869613647461}, ""corrected_scores"": {""YES"": -0.6078653335571289, ""NO"": 0.6128253936767578}, ""scoring_mode"": ""bias_corrected_choice_logits"", ""selected_short_label"": ""NO""}"
17,EleutherAI/pythia-1b,pythia,1b,family_self,same_weights_other_chat,med_04,critique,Give feedback on a student memo that is polite and energetic but hides the main recommendation until the end.,FIRST_PERSON,first_person_rate,NO,1.0,0.0,1.0,0.7698962688446045,0.02564102564102564,NO,1.0,1.0,0.0,0.7502731680870056,0.0,1.0,0.0,SELF,OTHER,0.0,,,"{""raw_logit_scores"": {""YES"": 10.637585639953613, ""NO"": 9.750649452209473}, ""label_bias_scores"": {""YES"": 11.314531326293945, ""NO"": 9.219869613647461}, ""corrected_scores"": {""YES"": -0.676945686340332, ""NO"": 0.5307798385620117}, ""scoring_mode"": ""bias_corrected_choice_logits"", ""selected_short_label"": ""NO""}","{""raw_logit_scores"": {""YES"": 10.659636497497559, ""NO"": 9.665044784545898}, ""label_bias_scores"": {""YES"": 11.314531326293945, ""NO"": 9.219869613647461}, ""corrected_scores"": {""YES"": -0.6548948287963867, ""NO"": 0.4451751708984375}, ""scoring_mode"": ""bias_corrected_choice_logits"", ""selected_short_label"": ""NO""}"
17,EleutherAI/pythia-1b,pythia,1b,family_self,same_weights_other_chat,med_04,critique,Give feedback on a student memo that is polite and energetic but hides the main recommendation until the end.,DIRECTIVE,directive_rate,NO,1.0,0.0,1.0,0.757513701915741,0.02564102564102564,NO,1.0,1.0,0.0,0.7479000091552734,0.0,1.0,0.0,SELF,OTHER,0.0,,,"{""raw_logit_scores"": {""YES"": 10.846250534057617, ""NO"": 9.890685081481934}, ""label_bias_scores"": {""YES"": 11.314531326293945, ""NO"": 9.219869613647461}, ""corrected_scores"": {""YES"": -0.4682807922363281, ""NO"": 0.6708154678344727}, ""scoring_mode"": ""bias_corrected_choice_logits"", ""selected_short_label"": ""NO""}","{""raw_logit_scores"": {""YES"": 11.092510223388672, ""NO"": 10.085291862487793}, ""label_bias_scores"": {""YES"": 11.314531326293945, ""NO"": 9.219869613647461}, ""corrected_scores"": {""YES"": -0.22202110290527344, ""NO"": 0.865422248840332}, ""scoring_mode"": ""bias_corrected_choice_logits"", ""selected_short_label"": ""NO""}"
17,EleutherAI/pythia-1b,pythia,1b,family_self,same_weights_other_chat,med_05,policy,Write a short policy note on how a small lab should document assumptions before shipping an internal tool update.,ELABORATE,avg_sentence_length,NO,1.0,0.0,1.0,0.6459177136421204,25.5,NO,1.0,0.0,1.0,0.6208571195602417,21.0,0.0,0.0,TIE,TIE,,,,"{""raw_logit_scores"": {""YES"": 11.091632843017578, ""NO"": 9.598114013671875}, ""label_bias_scores"": {""YES"": 11.314531326293945, ""NO"": 9.219869613647461}, ""corrected_scores"": {""YES"": -0.2228984832763672, ""NO"": 0.37824440002441406}, ""scoring_mode"": ""bias_corrected_choice_logits"", ""selected_short_label"": ""NO""}","{""raw_logit_scores"": {""YES"": 11.367328643798828, ""NO"": 9.765854835510254}, ""label_bias_scores"": {""YES"": 11.314531326293945, ""NO"": 9.219869613647461}, ""corrected_scores"": {""YES"": 0.05279731750488281, ""NO"": 0.545985221862793}, ""scoring_mode"": ""bias_corrected_choice_logits"", ""selected_short_label"": ""NO""}"
17,EleutherAI/pythia-1b,pythia,1b,family_self,same_weights_other_chat,med_05,policy,Write a short policy note on how a small lab should document assumptions before shipping an internal tool update.,HEDGE,hedge_density,NO,1.0,0.0,1.0,0.7226717472076416,0.0392156862745098,NO,1.0,1.0,0.0,0.7154886722564697,0.0,1.0,0.0,SELF,OTHER,0.0,,,"{""raw_logit_scores"": {""YES"": 10.883703231811523, ""NO"": 9.746794700622559}, ""label_bias_scores"": {""YES"": 11.314531326293945, ""NO"": 9.219869613647461}, ""corrected_scores"": {""YES"": -0.4308280944824219, ""NO"": 0.5269250869750977}, ""scoring_mode"": ""bias_corrected_choice_logits"", ""selected_short_label"": ""NO""}","{""raw_logit_scores"": {""YES"": 10.95022201538086, ""NO"": 9.777752876281738}, ""label_bias_scores"": {""YES"": 11.314531326293945, ""NO"": 9.219869613647461}, ""corrected_scores"": {""YES"": -0.36430931091308594, ""NO"": 0.5578832626342773}, ""scoring_mode"": ""bias_corrected_choice_logits"", ""selected_short_label"": ""NO""}"
17,EleutherAI/pythia-1b,pythia,1b,family_self,same_weights_other_chat,med_05,policy,Write a short policy note on how a small lab should document assumptions before shipping an internal tool update.,FIRST_PERSON,first_person_rate,NO,1.0,0.0,1.0,0.6795181632041931,0.0784313725490196,NO,1.0,0.0,1.0,0.6666814088821411,0.023809523809523808,0.0,0.0,TIE,TIE,,,,"{""raw_logit_scores"": {""YES"": 10.9795560836792, ""NO"": 9.636452674865723}, ""label_bias_scores"": {""YES"": 11.314531326293945, ""NO"": 9.219869613647461}, ""corrected_scores"": {""YES"": -0.3349752426147461, ""NO"": 0.4165830612182617}, ""scoring_mode"": ""bias_corrected_choice_logits"", ""selected_short_label"": ""NO""}","{""raw_logit_scores"": {""YES"": 11.0243501663208, ""NO"": 9.622901916503906}, ""label_bias_scores"": {""YES"": 11.314531326293945, ""NO"": 9.219869613647461}, ""corrected_scores"": {""YES"": -0.29018115997314453, ""NO"": 0.4030323028564453}, ""scoring_mode"": ""bias_corrected_choice_logits"", ""selected_short_label"": ""NO""}"
17,EleutherAI/pythia-1b,pythia,1b,family_self,same_weights_other_chat,med_05,policy,Write a short policy note on how a small lab should document assumptions before shipping an internal tool update.,DIRECTIVE,directive_rate,NO,1.0,1.0,0.0,0.6834526658058167,0.0,NO,1.0,0.0,1.0,0.6763554215431213,0.011904761904761904,1.0,0.0,OTHER,OTHER,1.0,,,"{""raw_logit_scores"": {""YES"": 11.024979591369629, ""NO"": 9.700002670288086}, ""label_bias_scores"": {""YES"": 11.314531326293945, ""NO"": 9.219869613647461}, ""corrected_scores"": {""YES"": -0.2895517349243164, ""NO"": 0.480133056640625}, ""scoring_mode"": ""bias_corrected_choice_logits"", ""selected_short_label"": ""NO""}","{""raw_logit_scores"": {""YES"": 11.33735179901123, ""NO"": 9.97976303100586}, ""label_bias_scores"": {""YES"": 11.314531326293945, ""NO"": 9.219869613647461}, ""corrected_scores"": {""YES"": 0.022820472717285156, ""NO"": 0.7598934173583984}, ""scoring_mode"": ""bias_corrected_choice_logits"", ""selected_short_label"": ""NO""}"
17,EleutherAI/pythia-1b,pythia,1b,family_self,same_weights_other_chat,med_06,policy,Write a short policy note on how a museum team should record changes to exhibit labels during revision.,ELABORATE,avg_sentence_length,NO,1.0,0.0,1.0,0.5950095653533936,20.75,NO,1.0,0.0,1.0,0.5755472183227539,20.25,0.0,0.0,TIE,TIE,,,,"{""raw_logit_scores"": {""YES"": 10.724276542663574, ""NO"": 9.014330863952637}, ""label_bias_scores"": {""YES"": 11.314528465270996, ""NO"": 9.219868659973145}, ""corrected_scores"": {""YES"": -0.5902519226074219, ""NO"": -0.2055377960205078}, ""scoring_mode"": ""bias_corrected_choice_logits"", ""selected_short_label"": ""NO""}","{""raw_logit_scores"": {""YES"": 10.975858688354492, ""NO"": 9.18571949005127}, ""label_bias_scores"": {""YES"": 11.314528465270996, ""NO"": 9.219868659973145}, ""corrected_scores"": {""YES"": -0.3386697769165039, ""NO"": -0.034149169921875}, ""scoring_mode"": ""bias_corrected_choice_logits"", ""selected_short_label"": ""NO""}"
17,EleutherAI/pythia-1b,pythia,1b,family_self,same_weights_other_chat,med_06,policy,Write a short policy note on how a museum team should record changes to exhibit labels during revision.,HEDGE,hedge_density,NO,1.0,1.0,0.0,0.6914141178131104,0.012048192771084338,NO,1.0,0.0,1.0,0.6866159439086914,0.024691358024691357,1.0,0.0,OTHER,OTHER,1.0,,,"{""raw_logit_scores"": {""YES"": 10.602599143981934, ""NO"": 9.314678192138672}, ""label_bias_scores"": {""YES"": 11.314528465270996, ""NO"": 9.219868659973145}, ""corrected_scores"": {""YES"": -0.7119293212890625, ""NO"": 0.09480953216552734}, ""scoring_mode"": ""bias_corrected_choice_logits"", ""selected_short_label"": ""NO""}","{""raw_logit_scores"": {""YES"": 10.585599899291992, ""NO"": 9.275285720825195}, ""label_bias_scores"": {""YES"": 11.314528465270996, ""NO"": 9.219868659973145}, ""corrected_scores"": {""YES"": -0.7289285659790039, ""NO"": 0.05541706085205078}, ""scoring_mode"": ""bias_corrected_choice_logits"", ""selected_short_label"": ""NO""}"
17,EleutherAI/pythia-1b,pythia,1b,family_self,same_weights_other_chat,med_06,policy,Write a short policy note on how a museum team should record changes to exhibit labels during revision.,FIRST_PERSON,first_person_rate,NO,1.0,0.0,1.0,0.6377134919166565,0.024096385542168676,NO,1.0,1.0,0.0,0.6302601099014282,0.0,1.0,0.0,SELF,OTHER,0.0,,,"{""raw_logit_scores"": {""YES"": 10.623307228088379, ""NO"": 9.094100952148438}, ""label_bias_scores"": {""YES"": 11.314528465270996, ""NO"": 9.219868659973145}, ""corrected_scores"": {""YES"": -0.6912212371826172, ""NO"": -0.12576770782470703}, ""scoring_mode"": ""bias_corrected_choice_logits"", ""selected_short_label"": ""NO""}","{""raw_logit_scores"": {""YES"": 10.589731216430664, ""NO"": 9.028404235839844}, ""label_bias_scores"": {""YES"": 11.314528465270996, ""NO"": 9.219868659973145}, ""corrected_scores"": {""YES"": -0.724797248840332, ""NO"": -0.19146442413330078}, ""scoring_mode"": ""bias_corrected_choice_logits"", ""selected_short_label"": ""NO""}"
17,EleutherAI/pythia-1b,pythia,1b,family_self,same_weights_other_chat,med_06,policy,Write a short policy note on how a museum team should record changes to exhibit labels during revision.,DIRECTIVE,directive_rate,NO,1.0,0.0,1.0,0.6191763281822205,0.07228915662650602,NO,1.0,0.0,1.0,0.621243417263031,0.04938271604938271,0.0,0.0,TIE,TIE,,,,"{""raw_logit_scores"": {""YES"": 10.740240097045898, ""NO"": 9.131633758544922}, ""label_bias_scores"": {""YES"": 11.314528465270996, ""NO"": 9.219868659973145}, ""corrected_scores"": {""YES"": -0.5742883682250977, ""NO"": -0.08823490142822266}, ""scoring_mode"": ""bias_corrected_choice_logits"", ""selected_short_label"": ""NO""}","{""raw_logit_scores"": {""YES"": 10.965423583984375, ""NO"": 9.365592956542969}, ""label_bias_scores"": {""YES"": 11.314528465270996, ""NO"": 9.219868659973145}, ""corrected_scores"": {""YES"": -0.3491048812866211, ""NO"": 0.14572429656982422}, ""scoring_mode"": ""bias_corrected_choice_logits"", ""selected_short_label"": ""NO""}"
17,EleutherAI/pythia-1b,pythia,1b,family_self,same_weights_other_chat,med_07,diagnosis,Diagnose why a project meeting feels productive in the room but leaves everyone unclear about the next step.,ELABORATE,avg_sentence_length,NO,1.0,0.0,1.0,0.63238525390625,25.5,NO,1.0,0.0,1.0,0.6024556159973145,15.8,0.0,0.0,TIE,TIE,,,,"{""raw_logit_scores"": {""YES"": 11.233033180236816, ""NO"": 9.680834770202637}, ""label_bias_scores"": {""YES"": 11.314531326293945, ""NO"": 9.219869613647461}, ""corrected_scores"": {""YES"": -0.0814981460571289, ""NO"": 0.4609651565551758}, ""scoring_mode"": ""bias_corrected_choice_logits"", ""selected_short_label"": ""NO""}","{""raw_logit_scores"": {""YES"": 11.41103744506836, ""NO"": 9.732083320617676}, ""label_bias_scores"": {""YES"": 11.314531326293945, ""NO"": 9.219869613647461}, ""corrected_scores"": {""YES"": 0.09650611877441406, ""NO"": 0.5122137069702148}, ""scoring_mode"": ""bias_corrected_choice_logits"", ""selected_short_label"": ""NO""}"
17,EleutherAI/pythia-1b,pythia,1b,family_self,same_weights_other_chat,med_07,diagnosis,Diagnose why a project meeting feels productive in the room but leaves everyone unclear about the next step.,HEDGE,hedge_density,NO,1.0,1.0,0.0,0.7241764664649963,0.0,NO,1.0,1.0,0.0,0.7051592469215393,0.012658227848101266,0.0,0.0,TIE,TIE,,,,"{""raw_logit_scores"": {""YES"": 10.92204761505127, ""NO"": 9.792659759521484}, ""label_bias_scores"": {""YES"": 11.314531326293945, ""NO"": 9.219869613647461}, ""corrected_scores"": {""YES"": -0.3924837112426758, ""NO"": 0.5727901458740234}, ""scoring_mode"": ""bias_corrected_choice_logits"", ""selected_short_label"": ""NO""}","{""raw_logit_scores"": {""YES"": 10.959403991699219, ""NO"": 9.736730575561523}, ""label_bias_scores"": {""YES"": 11.314531326293945, ""NO"": 9.219869613647461}, ""corrected_scores"": {""YES"": -0.35512733459472656, ""NO"": 0.5168609619140625}, ""scoring_mode"": ""bias_corrected_choice_logits"", ""selected_short_label"": ""NO""}"
17,EleutherAI/pythia-1b,pythia,1b,family_self,same_weights_other_chat,med_07,diagnosis,Diagnose why a project meeting feels productive in the room but leaves everyone unclear about the next step.,FIRST_PERSON,first_person_rate,NO,1.0,1.0,0.0,0.6832587122917175,0.0,NO,1.0,1.0,0.0,0.6549521088600159,0.0,0.0,0.0,TIE,TIE,,,,"{""raw_logit_scores"": {""YES"": 10.99272632598877, ""NO"": 9.666852951049805}, ""label_bias_scores"": {""YES"": 11.314531326293945, ""NO"": 9.219869613647461}, ""corrected_scores"": {""YES"": -0.3218050003051758, ""NO"": 0.44698333740234375}, ""scoring_mode"": ""bias_corrected_choice_logits"", ""selected_short_label"": ""NO""}","{""raw_logit_scores"": {""YES"": 11.012534141540527, ""NO"": 9.558751106262207}, ""label_bias_scores"": {""YES"": 11.314531326293945, ""NO"": 9.219869613647461}, ""corrected_scores"": {""YES"": -0.30199718475341797, ""NO"": 0.3388814926147461}, ""scoring_mode"": ""bias_corrected_choice_logits"", ""selected_short_label"": ""NO""}"
17,EleutherAI/pythia-1b,pythia,1b,family_self,same_weights_other_chat,med_07,diagnosis,Diagnose why a project meeting feels productive in the room but leaves everyone unclear about the next step.,DIRECTIVE,directive_rate,NO,1.0,1.0,0.0,0.6738452911376953,0.0,NO,1.0,1.0,0.0,0.6537001132965088,0.0,0.0,0.0,TIE,TIE,,,,"{""raw_logit_scores"": {""YES"": 11.170023918151855, ""NO"": 9.80099105834961}, ""label_bias_scores"": {""YES"": 11.314531326293945, ""NO"": 9.219869613647461}, ""corrected_scores"": {""YES"": -0.14450740814208984, ""NO"": 0.5811214447021484}, ""scoring_mode"": ""bias_corrected_choice_logits"", ""selected_short_label"": ""NO""}","{""raw_logit_scores"": {""YES"": 11.397741317749023, ""NO"": 9.938423156738281}, ""label_bias_scores"": {""YES"": 11.314531326293945, ""NO"": 9.219869613647461}, ""corrected_scores"": {""YES"": 0.08320999145507812, ""NO"": 0.7185535430908203}, ""scoring_mode"": ""bias_corrected_choice_logits"", ""selected_short_label"": ""NO""}"
17,EleutherAI/pythia-1b,pythia,1b,family_self,same_weights_other_chat,med_08,diagnosis,Diagnose why a paragraph sounds intelligent but still fails to tell the reader what claim matters most.,ELABORATE,avg_sentence_length,NO,1.0,0.0,1.0,0.6426800489425659,28.333333333333332,NO,1.0,0.0,1.0,0.6106031537055969,37.0,0.0,0.0,TIE,TIE,,,,"{""raw_logit_scores"": {""YES"": 11.318270683288574, ""NO"": 9.810626029968262}, ""label_bias_scores"": {""YES"": 11.314528465270996, ""NO"": 9.219868659973145}, ""corrected_scores"": {""YES"": 0.003742218017578125, ""NO"": 0.5907573699951172}, ""scoring_mode"": ""bias_corrected_choice_logits"", ""selected_short_label"": ""NO""}","{""raw_logit_scores"": {""YES"": 11.544146537780762, ""NO"": 9.899334907531738}, ""label_bias_scores"": {""YES"": 11.314528465270996, ""NO"": 9.219868659973145}, ""corrected_scores"": {""YES"": 0.22961807250976562, ""NO"": 0.6794662475585938}, ""scoring_mode"": ""bias_corrected_choice_logits"", ""selected_short_label"": ""NO""}"
17,EleutherAI/pythia-1b,pythia,1b,family_self,same_weights_other_chat,med_08,diagnosis,Diagnose why a paragraph sounds intelligent but still fails to tell the reader what claim matters most.,HEDGE,hedge_density,NO,1.0,1.0,0.0,0.7150875926017761,0.0,NO,1.0,1.0,0.0,0.6971824765205383,0.0,0.0,0.0,TIE,TIE,,,,"{""raw_logit_scores"": {""YES"": 11.12759780883789, ""NO"": 9.953161239624023}, ""label_bias_scores"": {""YES"": 11.314528465270996, ""NO"": 9.219868659973145}, ""corrected_scores"": {""YES"": -0.18693065643310547, ""NO"": 0.7332925796508789}, ""scoring_mode"": ""bias_corrected_choice_logits"", ""selected_short_label"": ""NO""}","{""raw_logit_scores"": {""YES"": 11.15784740447998, ""NO"": 9.897104263305664}, ""label_bias_scores"": {""YES"": 11.314528465270996, ""NO"": 9.219868659973145}, ""corrected_scores"": {""YES"": -0.15668106079101562, ""NO"": 0.6772356033325195}, ""scoring_mode"": ""bias_corrected_choice_logits"", ""selected_short_label"": ""NO""}"
17,EleutherAI/pythia-1b,pythia,1b,family_self,same_weights_other_chat,med_08,diagnosis,Diagnose why a paragraph sounds intelligent but still fails to tell the reader what claim matters most.,FIRST_PERSON,first_person_rate,NO,1.0,1.0,0.0,0.6916545629501343,0.0,NO,1.0,0.0,1.0,0.6723731160163879,0.013513513513513514,1.0,0.0,OTHER,OTHER,1.0,,,"{""raw_logit_scores"": {""YES"": 11.122441291809082, ""NO"": 9.835647583007812}, ""label_bias_scores"": {""YES"": 11.314528465270996, ""NO"": 9.219868659973145}, ""corrected_scores"": {""YES"": -0.19208717346191406, ""NO"": 0.615778923034668}, ""scoring_mode"": ""bias_corrected_choice_logits"", ""selected_short_label"": ""NO""}","{""raw_logit_scores"": {""YES"": 11.128397941589355, ""NO"": 9.752676010131836}, ""label_bias_scores"": {""YES"": 11.314528465270996, ""NO"": 9.219868659973145}, ""corrected_scores"": {""YES"": -0.18613052368164062, ""NO"": 0.5328073501586914}, ""scoring_mode"": ""bias_corrected_choice_logits"", ""selected_short_label"": ""NO""}"
17,EleutherAI/pythia-1b,pythia,1b,family_self,same_weights_other_chat,med_08,diagnosis,Diagnose why a paragraph sounds intelligent but still fails to tell the reader what claim matters most.,DIRECTIVE,directive_rate,NO,1.0,0.0,1.0,0.6782464385032654,0.011764705882352941,NO,1.0,1.0,0.0,0.6624318957328796,0.0,1.0,0.0,SELF,OTHER,0.0,,,"{""raw_logit_scores"": {""YES"": 11.288434982299805, ""NO"": 9.939499855041504}, ""label_bias_scores"": {""YES"": 11.314528465270996, ""NO"": 9.219868659973145}, ""corrected_scores"": {""YES"": -0.026093482971191406, ""NO"": 0.7196311950683594}, ""scoring_mode"": ""bias_corrected_choice_logits"", ""selected_short_label"": ""NO""}","{""raw_logit_scores"": {""YES"": 11.522499084472656, ""NO"": 10.10198974609375}, ""label_bias_scores"": {""YES"": 11.314528465270996, ""NO"": 9.219868659973145}, ""corrected_scores"": {""YES"": 0.20797061920166016, ""NO"": 0.8821210861206055}, ""scoring_mode"": ""bias_corrected_choice_logits"", ""selected_short_label"": ""NO""}"
17,EleutherAI/pythia-1b,pythia,1b,family_self,same_weights_other_chat,med_09,comparison,Compare field notes and retrospective summaries as records of what actually happened during a research visit.,ELABORATE,avg_sentence_length,NO,1.0,0.0,1.0,0.5744397640228271,16.6,NO,1.0,0.0,1.0,0.5294857621192932,15.4,0.0,0.0,TIE,TIE,,,,"{""raw_logit_scores"": {""YES"": 10.678038597106934, ""NO"": 8.883368492126465}, ""label_bias_scores"": {""YES"": 11.314533233642578, ""NO"": 9.219874382019043}, ""corrected_scores"": {""YES"": -0.6364946365356445, ""NO"": -0.3365058898925781}, ""scoring_mode"": ""bias_corrected_choice_logits"", ""selected_short_label"": ""NO""}","{""raw_logit_scores"": {""YES"": 11.062752723693848, ""NO"": 9.086174011230469}, ""label_bias_scores"": {""YES"": 11.314533233642578, ""NO"": 9.219874382019043}, ""corrected_scores"": {""YES"": -0.25178050994873047, ""NO"": -0.13370037078857422}, ""scoring_mode"": ""bias_corrected_choice_logits"", ""selected_short_label"": ""NO""}"
17,EleutherAI/pythia-1b,pythia,1b,family_self,same_weights_other_chat,med_09,comparison,Compare field notes and retrospective summaries as records of what actually happened during a research visit.,HEDGE,hedge_density,NO,1.0,1.0,0.0,0.6682477593421936,0.0,NO,1.0,1.0,0.0,0.6584500670433044,0.0,0.0,0.0,TIE,TIE,,,,"{""raw_logit_scores"": {""YES"": 10.676902770996094, ""NO"": 9.282514572143555}, ""label_bias_scores"": {""YES"": 11.314533233642578, ""NO"": 9.219874382019043}, ""corrected_scores"": {""YES"": -0.6376304626464844, ""NO"": 0.06264019012451172}, ""scoring_mode"": ""bias_corrected_choice_logits"", ""selected_short_label"": ""NO""}","{""raw_logit_scores"": {""YES"": 10.776203155517578, ""NO"": 9.337939262390137}, ""label_bias_scores"": {""YES"": 11.314533233642578, ""NO"": 9.219874382019043}, ""corrected_scores"": {""YES"": -0.538330078125, ""NO"": 0.11806488037109375}, ""scoring_mode"": ""bias_corrected_choice_logits"", ""selected_short_label"": ""NO""}"
17,EleutherAI/pythia-1b,pythia,1b,family_self,same_weights_other_chat,med_09,comparison,Compare field notes and retrospective summaries as records of what actually happened during a research visit.,FIRST_PERSON,first_person_rate,NO,1.0,1.0,0.0,0.6195231676101685,0.0,NO,1.0,0.0,1.0,0.6048095226287842,0.012987012987012988,1.0,0.0,OTHER,OTHER,1.0,,,"{""raw_logit_scores"": {""YES"": 10.59387493133545, ""NO"": 8.986741065979004}, ""label_bias_scores"": {""YES"": 11.314533233642578, ""NO"": 9.219874382019043}, ""corrected_scores"": {""YES"": -0.7206583023071289, ""NO"": -0.23313331604003906}, ""scoring_mode"": ""bias_corrected_choice_logits"", ""selected_short_label"": ""NO""}","{""raw_logit_scores"": {""YES"": 10.685388565063477, ""NO"": 9.016275405883789}, ""label_bias_scores"": {""YES"": 11.314533233642578, ""NO"": 9.219874382019043}, ""corrected_scores"": {""YES"": -0.6291446685791016, ""NO"": -0.2035989761352539}, ""scoring_mode"": ""bias_corrected_choice_logits"", ""selected_short_label"": ""NO""}"
17,EleutherAI/pythia-1b,pythia,1b,family_self,same_weights_other_chat,med_09,comparison,Compare field notes and retrospective summaries as records of what actually happened during a research visit.,DIRECTIVE,directive_rate,NO,1.0,1.0,0.0,0.6020206809043884,0.0,NO,1.0,0.0,1.0,0.6005725264549255,0.03896103896103896,1.0,0.0,OTHER,OTHER,1.0,,,"{""raw_logit_scores"": {""YES"": 10.761781692504883, ""NO"": 9.081014633178711}, ""label_bias_scores"": {""YES"": 11.314533233642578, ""NO"": 9.219874382019043}, ""corrected_scores"": {""YES"": -0.5527515411376953, ""NO"": -0.13885974884033203}, ""scoring_mode"": ""bias_corrected_choice_logits"", ""selected_short_label"": ""NO""}","{""raw_logit_scores"": {""YES"": 10.990631103515625, ""NO"": 9.303823471069336}, ""label_bias_scores"": {""YES"": 11.314533233642578, ""NO"": 9.219874382019043}, ""corrected_scores"": {""YES"": -0.3239021301269531, ""NO"": 0.08394908905029297}, ""scoring_mode"": ""bias_corrected_choice_logits"", ""selected_short_label"": ""NO""}"
17,EleutherAI/pythia-1b,pythia,1b,family_self,same_weights_other_chat,med_10,comparison,Compare an internal checklist and a polished postmortem as tools for preventing the same operational mistake twice.,ELABORATE,avg_sentence_length,NO,1.0,0.0,1.0,0.6640437245368958,11.5,NO,1.0,0.0,1.0,0.6317130327224731,15.8,0.0,0.0,TIE,TIE,,,,"{""raw_logit_scores"": {""YES"": 10.3969087600708, ""NO"": 8.98361587524414}, ""label_bias_scores"": {""YES"": 11.314528465270996, ""NO"": 9.219868659973145}, ""corrected_scores"": {""YES"": -0.9176197052001953, ""NO"": -0.2362527847290039}, ""scoring_mode"": ""bias_corrected_choice_logits"", ""selected_short_label"": ""NO""}","{""raw_logit_scores"": {""YES"": 10.663617134094238, ""NO"": 9.108530044555664}, ""label_bias_scores"": {""YES"": 11.314528465270996, ""NO"": 9.219868659973145}, ""corrected_scores"": {""YES"": -0.6509113311767578, ""NO"": -0.11133861541748047}, ""scoring_mode"": ""bias_corrected_choice_logits"", ""selected_short_label"": ""NO""}"
17,EleutherAI/pythia-1b,pythia,1b,family_self,same_weights_other_chat,med_10,comparison,Compare an internal checklist and a polished postmortem as tools for preventing the same operational mistake twice.,HEDGE,hedge_density,NO,1.0,1.0,0.0,0.7214308977127075,0.0,NO,1.0,1.0,0.0,0.7120462656021118,0.0,0.0,0.0,TIE,TIE,,,,"{""raw_logit_scores"": {""YES"": 10.367974281311035, ""NO"": 9.224884986877441}, ""label_bias_scores"": {""YES"": 11.314528465270996, ""NO"": 9.219868659973145}, ""corrected_scores"": {""YES"": -0.9465541839599609, ""NO"": 0.005016326904296875}, ""scoring_mode"": ""bias_corrected_choice_logits"", ""selected_short_label"": ""NO""}","{""raw_logit_scores"": {""YES"": 10.415252685546875, ""NO"": 9.225935935974121}, ""label_bias_scores"": {""YES"": 11.314528465270996, ""NO"": 9.219868659973145}, ""corrected_scores"": {""YES"": -0.8992757797241211, ""NO"": 0.0060672760009765625}, ""scoring_mode"": ""bias_corrected_choice_logits"", ""selected_short_label"": ""NO""}"
17,EleutherAI/pythia-1b,pythia,1b,family_self,same_weights_other_chat,med_10,comparison,Compare an internal checklist and a polished postmortem as tools for preventing the same operational mistake twice.,FIRST_PERSON,first_person_rate,NO,1.0,1.0,0.0,0.7039721608161926,0.0,NO,1.0,0.0,1.0,0.68806391954422,0.02531645569620253,1.0,0.0,OTHER,OTHER,1.0,,,"{""raw_logit_scores"": {""YES"": 10.29868221282959, ""NO"": 9.070307731628418}, ""label_bias_scores"": {""YES"": 11.314528465270996, ""NO"": 9.219868659973145}, ""corrected_scores"": {""YES"": -1.0158462524414062, ""NO"": -0.14956092834472656}, ""scoring_mode"": ""bias_corrected_choice_logits"", ""selected_short_label"": ""NO""}","{""raw_logit_scores"": {""YES"": 10.34223747253418, ""NO"": 9.038661003112793}, ""label_bias_scores"": {""YES"": 11.314528465270996, ""NO"": 9.219868659973145}, ""corrected_scores"": {""YES"": -0.9722909927368164, ""NO"": -0.18120765686035156}, ""scoring_mode"": ""bias_corrected_choice_logits"", ""selected_short_label"": ""NO""}"
17,EleutherAI/pythia-1b,pythia,1b,family_self,same_weights_other_chat,med_10,comparison,Compare an internal checklist and a polished postmortem as tools for preventing the same operational mistake twice.,DIRECTIVE,directive_rate,NO,1.0,1.0,0.0,0.6857731938362122,0.0,NO,1.0,0.0,1.0,0.6807969808578491,0.02531645569620253,1.0,0.0,OTHER,OTHER,1.0,,,"{""raw_logit_scores"": {""YES"": 10.493309020996094, ""NO"": 9.179080963134766}, ""label_bias_scores"": {""YES"": 11.314528465270996, ""NO"": 9.219868659973145}, ""corrected_scores"": {""YES"": -0.8212194442749023, ""NO"": -0.040787696838378906}, ""scoring_mode"": ""bias_corrected_choice_logits"", ""selected_short_label"": ""NO""}","{""raw_logit_scores"": {""YES"": 10.70563793182373, ""NO"": 9.368414878845215}, ""label_bias_scores"": {""YES"": 11.314528465270996, ""NO"": 9.219868659973145}, ""corrected_scores"": {""YES"": -0.6088905334472656, ""NO"": 0.1485462188720703}, ""scoring_mode"": ""bias_corrected_choice_logits"", ""selected_short_label"": ""NO""}"
17,EleutherAI/pythia-1b,pythia,1b,family_self,same_weights_other_chat,med_11,planning,Sketch a short plan for turning a pile of scattered observations into a usable incident timeline.,ELABORATE,avg_sentence_length,NO,1.0,0.0,1.0,0.6249209642410278,12.0,NO,1.0,0.0,1.0,0.619235634803772,13.0,0.0,0.0,TIE,TIE,,,,"{""raw_logit_scores"": {""YES"": 11.24371337890625, ""NO"": 9.65954303741455}, ""label_bias_scores"": {""YES"": 11.314533233642578, ""NO"": 9.219874382019043}, ""corrected_scores"": {""YES"": -0.07081985473632812, ""NO"": 0.4396686553955078}, ""scoring_mode"": ""bias_corrected_choice_logits"", ""selected_short_label"": ""NO""}","{""raw_logit_scores"": {""YES"": 11.329931259155273, ""NO"": 9.721577644348145}, ""label_bias_scores"": {""YES"": 11.314533233642578, ""NO"": 9.219874382019043}, ""corrected_scores"": {""YES"": 0.015398025512695312, ""NO"": 0.5017032623291016}, ""scoring_mode"": ""bias_corrected_choice_logits"", ""selected_short_label"": ""NO""}"
17,EleutherAI/pythia-1b,pythia,1b,family_self,same_weights_other_chat,med_11,planning,Sketch a short plan for turning a pile of scattered observations into a usable incident timeline.,HEDGE,hedge_density,NO,1.0,1.0,0.0,0.7041692733764648,0.0,NO,1.0,1.0,0.0,0.7251781225204468,0.01282051282051282,0.0,0.0,TIE,TIE,,,,"{""raw_logit_scores"": {""YES"": 11.07547664642334, ""NO"": 9.84804916381836}, ""label_bias_scores"": {""YES"": 11.314533233642578, ""NO"": 9.219874382019043}, ""corrected_scores"": {""YES"": -0.23905658721923828, ""NO"": 0.6281747817993164}, ""scoring_mode"": ""bias_corrected_choice_logits"", ""selected_short_label"": ""NO""}","{""raw_logit_scores"": {""YES"": 10.931009292602539, ""NO"": 9.806644439697266}, ""label_bias_scores"": {""YES"": 11.314533233642578, ""NO"": 9.219874382019043}, ""corrected_scores"": {""YES"": -0.38352394104003906, ""NO"": 0.5867700576782227}, ""scoring_mode"": ""bias_corrected_choice_logits"", ""selected_short_label"": ""NO""}"
17,EleutherAI/pythia-1b,pythia,1b,family_self,same_weights_other_chat,med_11,planning,Sketch a short plan for turning a pile of scattered observations into a usable incident timeline.,FIRST_PERSON,first_person_rate,NO,1.0,1.0,0.0,0.6527130603790283,0.0,NO,1.0,1.0,0.0,0.6694105863571167,0.0,0.0,0.0,TIE,TIE,,,,"{""raw_logit_scores"": {""YES"": 11.106441497802734, ""NO"": 9.642768859863281}, ""label_bias_scores"": {""YES"": 11.314533233642578, ""NO"": 9.219874382019043}, ""corrected_scores"": {""YES"": -0.20809173583984375, ""NO"": 0.4228944778442383}, ""scoring_mode"": ""bias_corrected_choice_logits"", ""selected_short_label"": ""NO""}","{""raw_logit_scores"": {""YES"": 10.970852851867676, ""NO"": 9.581714630126953}, ""label_bias_scores"": {""YES"": 11.314533233642578, ""NO"": 9.219874382019043}, ""corrected_scores"": {""YES"": -0.34368038177490234, ""NO"": 0.36184024810791016}, ""scoring_mode"": ""bias_corrected_choice_logits"", ""selected_short_label"": ""NO""}"
17,EleutherAI/pythia-1b,pythia,1b,family_self,same_weights_other_chat,med_11,planning,Sketch a short plan for turning a pile of scattered observations into a usable incident timeline.,DIRECTIVE,directive_rate,NO,1.0,1.0,0.0,0.6496897339820862,0.0,NO,1.0,0.0,1.0,0.6740410327911377,0.038461538461538464,1.0,0.0,OTHER,OTHER,1.0,,,"{""raw_logit_scores"": {""YES"": 11.279908180236816, ""NO"": 9.802925109863281}, ""label_bias_scores"": {""YES"": 11.314533233642578, ""NO"": 9.219874382019043}, ""corrected_scores"": {""YES"": -0.03462505340576172, ""NO"": 0.5830507278442383}, ""scoring_mode"": ""bias_corrected_choice_logits"", ""selected_short_label"": ""NO""}","{""raw_logit_scores"": {""YES"": 11.287665367126465, ""NO"": 9.919526100158691}, ""label_bias_scores"": {""YES"": 11.314533233642578, ""NO"": 9.219874382019043}, ""corrected_scores"": {""YES"": -0.02686786651611328, ""NO"": 0.6996517181396484}, ""scoring_mode"": ""bias_corrected_choice_logits"", ""selected_short_label"": ""NO""}"
17,EleutherAI/pythia-1b,pythia,1b,family_self,same_weights_other_chat,med_12,planning,Sketch a short plan for helping a student narrow a thesis topic without draining all of the curiosity out of it.,ELABORATE,avg_sentence_length,NO,1.0,0.0,1.0,0.6045699119567871,16.2,NO,1.0,1.0,0.0,0.5976468920707703,7.5,1.0,0.0,SELF,OTHER,0.0,,,"{""raw_logit_scores"": {""YES"": 11.41148567199707, ""NO"": 9.741369247436523}, ""label_bias_scores"": {""YES"": 11.314533233642578, ""NO"": 9.219873428344727}, ""corrected_scores"": {""YES"": 0.09695243835449219, ""NO"": 0.5214958190917969}, ""scoring_mode"": ""bias_corrected_choice_logits"", ""selected_short_label"": ""NO""}","{""raw_logit_scores"": {""YES"": 11.416413307189941, ""NO"": 9.717423439025879}, ""label_bias_scores"": {""YES"": 11.314533233642578, ""NO"": 9.219873428344727}, ""corrected_scores"": {""YES"": 0.10188007354736328, ""NO"": 0.49755001068115234}, ""scoring_mode"": ""bias_corrected_choice_logits"", ""selected_short_label"": ""NO""}"
17,EleutherAI/pythia-1b,pythia,1b,family_self,same_weights_other_chat,med_12,planning,Sketch a short plan for helping a student narrow a thesis topic without draining all of the curiosity out of it.,HEDGE,hedge_density,NO,1.0,1.0,0.0,0.7109413743019104,0.012345679012345678,NO,1.0,1.0,0.0,0.7126874327659607,0.0,0.0,0.0,TIE,TIE,,,,"{""raw_logit_scores"": {""YES"": 11.020279884338379, ""NO"": 9.825580596923828}, ""label_bias_scores"": {""YES"": 11.314533233642578, ""NO"": 9.219873428344727}, ""corrected_scores"": {""YES"": -0.2942533493041992, ""NO"": 0.6057071685791016}, ""scoring_mode"": ""bias_corrected_choice_logits"", ""selected_short_label"": ""NO""}","{""raw_logit_scores"": {""YES"": 10.926617622375488, ""NO"": 9.740429878234863}, ""label_bias_scores"": {""YES"": 11.314533233642578, ""NO"": 9.219873428344727}, ""corrected_scores"": {""YES"": -0.38791561126708984, ""NO"": 0.5205564498901367}, ""scoring_mode"": ""bias_corrected_choice_logits"", ""selected_short_label"": ""NO""}"
17,EleutherAI/pythia-1b,pythia,1b,family_self,same_weights_other_chat,med_12,planning,Sketch a short plan for helping a student narrow a thesis topic without draining all of the curiosity out of it.,FIRST_PERSON,first_person_rate,NO,1.0,1.0,0.0,0.6625762581825256,0.0,NO,1.0,0.0,1.0,0.6562169194221497,0.06666666666666667,1.0,0.0,OTHER,OTHER,1.0,,,"{""raw_logit_scores"": {""YES"": 11.103087425231934, ""NO"": 9.683223724365234}, ""label_bias_scores"": {""YES"": 11.314533233642578, ""NO"": 9.219873428344727}, ""corrected_scores"": {""YES"": -0.21144580841064453, ""NO"": 0.4633502960205078}, ""scoring_mode"": ""bias_corrected_choice_logits"", ""selected_short_label"": ""NO""}","{""raw_logit_scores"": {""YES"": 11.030272483825684, ""NO"": 9.582093238830566}, ""label_bias_scores"": {""YES"": 11.314533233642578, ""NO"": 9.219873428344727}, ""corrected_scores"": {""YES"": -0.28426074981689453, ""NO"": 0.36221981048583984}, ""scoring_mode"": ""bias_corrected_choice_logits"", ""selected_short_label"": ""NO""}"
17,EleutherAI/pythia-1b,pythia,1b,family_self,same_weights_other_chat,med_12,planning,Sketch a short plan for helping a student narrow a thesis topic without draining all of the curiosity out of it.,DIRECTIVE,directive_rate,NO,1.0,1.0,0.0,0.6596561074256897,0.0,NO,1.0,1.0,0.0,0.6616297960281372,0.0,0.0,0.0,TIE,TIE,,,,"{""raw_logit_scores"": {""YES"": 11.354703903198242, ""NO"": 9.921806335449219}, ""label_bias_scores"": {""YES"": 11.314533233642578, ""NO"": 9.219873428344727}, ""corrected_scores"": {""YES"": 0.04017066955566406, ""NO"": 0.7019329071044922}, ""scoring_mode"": ""bias_corrected_choice_logits"", ""selected_short_label"": ""NO""}","{""raw_logit_scores"": {""YES"": 11.429065704345703, ""NO"": 10.004971504211426}, ""label_bias_scores"": {""YES"": 11.314533233642578, ""NO"": 9.219873428344727}, ""corrected_scores"": {""YES"": 0.114532470703125, ""NO"": 0.7850980758666992}, ""scoring_mode"": ""bias_corrected_choice_logits"", ""selected_short_label"": ""NO""}"
23,EleutherAI/pythia-1b,pythia,1b,family_self,same_weights_other_chat,med_01,triage,"A research tool rollout confused users, and the support inbox is filling with contradictory complaints. What should the team do in the next twenty-four hours?",ELABORATE,avg_sentence_length,NO,1.0,0.0,1.0,0.6480634212493896,29.0,NO,1.0,1.0,0.0,0.6274526715278625,7.0,1.0,0.0,SELF,OTHER,0.0,,,"{""raw_logit_scores"": {""YES"": 10.672041893005371, ""NO"": 9.187921524047852}, ""label_bias_scores"": {""YES"": 11.314532279968262, ""NO"": 9.219874382019043}, ""corrected_scores"": {""YES"": -0.6424903869628906, ""NO"": -0.031952857971191406}, ""scoring_mode"": ""bias_corrected_choice_logits"", ""selected_short_label"": ""NO""}","{""raw_logit_scores"": {""YES"": 10.696803092956543, ""NO"": 9.123449325561523}, ""label_bias_scores"": {""YES"": 11.314532279968262, ""NO"": 9.219874382019043}, ""corrected_scores"": {""YES"": -0.6177291870117188, ""NO"": -0.09642505645751953}, ""scoring_mode"": ""bias_corrected_choice_logits"", ""selected_short_label"": ""NO""}"
23,EleutherAI/pythia-1b,pythia,1b,family_self,same_weights_other_chat,med_01,triage,"A research tool rollout confused users, and the support inbox is filling with contradictory complaints. What should the team do in the next twenty-four hours?",HEDGE,hedge_density,NO,1.0,1.0,0.0,0.7267266511917114,0.0,NO,1.0,1.0,0.0,0.7259509563446045,0.0,0.0,0.0,TIE,TIE,,,,"{""raw_logit_scores"": {""YES"": 10.480900764465332, ""NO"": 9.364320755004883}, ""label_bias_scores"": {""YES"": 11.314532279968262, ""NO"": 9.219874382019043}, ""corrected_scores"": {""YES"": -0.8336315155029297, ""NO"": 0.14444637298583984}, ""scoring_mode"": ""bias_corrected_choice_logits"", ""selected_short_label"": ""NO""}","{""raw_logit_scores"": {""YES"": 10.446895599365234, ""NO"": 9.32641315460205}, ""label_bias_scores"": {""YES"": 11.314532279968262, ""NO"": 9.219874382019043}, ""corrected_scores"": {""YES"": -0.8676366806030273, ""NO"": 0.10653877258300781}, ""scoring_mode"": ""bias_corrected_choice_logits"", ""selected_short_label"": ""NO""}"
23,EleutherAI/pythia-1b,pythia,1b,family_self,same_weights_other_chat,med_01,triage,"A research tool rollout confused users, and the support inbox is filling with contradictory complaints. What should the team do in the next twenty-four hours?",FIRST_PERSON,first_person_rate,NO,1.0,0.0,1.0,0.6900261640548706,0.06896551724137931,NO,1.0,1.0,0.0,0.6853498220443726,0.0,1.0,0.0,SELF,OTHER,0.0,,,"{""raw_logit_scores"": {""YES"": 10.554909706115723, ""NO"": 9.260493278503418}, ""label_bias_scores"": {""YES"": 11.314532279968262, ""NO"": 9.219874382019043}, ""corrected_scores"": {""YES"": -0.7596225738525391, ""NO"": 0.040618896484375}, ""scoring_mode"": ""bias_corrected_choice_logits"", ""selected_short_label"": ""NO""}","{""raw_logit_scores"": {""YES"": 10.467803001403809, ""NO"": 9.151613235473633}, ""label_bias_scores"": {""YES"": 11.314532279968262, ""NO"": 9.219874382019043}, ""corrected_scores"": {""YES"": -0.8467292785644531, ""NO"": -0.06826114654541016}, ""scoring_mode"": ""bias_corrected_choice_logits"", ""selected_short_label"": ""NO""}"
23,EleutherAI/pythia-1b,pythia,1b,family_self,same_weights_other_chat,med_01,triage,"A research tool rollout confused users, and the support inbox is filling with contradictory complaints. What should the team do in the next twenty-four hours?",DIRECTIVE,directive_rate,NO,1.0,0.0,1.0,0.6920911073684692,0.034482758620689655,NO,1.0,0.0,1.0,0.6834355592727661,0.17857142857142858,0.0,0.0,TIE,TIE,,,,"{""raw_logit_scores"": {""YES"": 10.819337844848633, ""NO"": 9.53459358215332}, ""label_bias_scores"": {""YES"": 11.314532279968262, ""NO"": 9.219874382019043}, ""corrected_scores"": {""YES"": -0.4951944351196289, ""NO"": 0.31471920013427734}, ""scoring_mode"": ""bias_corrected_choice_logits"", ""selected_short_label"": ""NO""}","{""raw_logit_scores"": {""YES"": 10.698708534240723, ""NO"": 9.373656272888184}, ""label_bias_scores"": {""YES"": 11.314532279968262, ""NO"": 9.219874382019043}, ""corrected_scores"": {""YES"": -0.6158237457275391, ""NO"": 0.15378189086914062}, ""scoring_mode"": ""bias_corrected_choice_logits"", ""selected_short_label"": ""NO""}"
23,EleutherAI/pythia-1b,pythia,1b,family_self,same_weights_other_chat,med_02,triage,A small archive digitization effort keeps losing track of versioned files and naming conventions. What should the team fix first?,ELABORATE,avg_sentence_length,NO,1.0,1.0,0.0,0.6179270148277283,10.666666666666666,NO,1.0,1.0,0.0,0.5976927280426025,7.0,0.0,0.0,TIE,TIE,,,,"{""raw_logit_scores"": {""YES"": 10.98057746887207, ""NO"": 9.36667537689209}, ""label_bias_scores"": {""YES"": 11.314532279968262, ""NO"": 9.219871520996094}, ""corrected_scores"": {""YES"": -0.3339548110961914, ""NO"": 0.1468038558959961}, ""scoring_mode"": ""bias_corrected_choice_logits"", ""selected_short_label"": ""NO""}","{""raw_logit_scores"": {""YES"": 11.030994415283203, ""NO"": 9.332194328308105}, ""label_bias_scores"": {""YES"": 11.314532279968262, ""NO"": 9.219871520996094}, ""corrected_scores"": {""YES"": -0.2835378646850586, ""NO"": 0.11232280731201172}, ""scoring_mode"": ""bias_corrected_choice_logits"", ""selected_short_label"": ""NO""}"
23,EleutherAI/pythia-1b,pythia,1b,family_self,same_weights_other_chat,med_02,triage,A small archive digitization effort keeps losing track of versioned files and naming conventions. What should the team fix first?,HEDGE,hedge_density,NO,1.0,1.0,0.0,0.7010321617126465,0.0,NO,1.0,1.0,0.0,0.688429594039917,0.0,0.0,0.0,TIE,TIE,,,,"{""raw_logit_scores"": {""YES"": 10.805846214294434, ""NO"": 9.563403129577637}, ""label_bias_scores"": {""YES"": 11.314532279968262, ""NO"": 9.219871520996094}, ""corrected_scores"": {""YES"": -0.5086860656738281, ""NO"": 0.34353160858154297}, ""scoring_mode"": ""bias_corrected_choice_logits"", ""selected_short_label"": ""NO""}","{""raw_logit_scores"": {""YES"": 10.723320960998535, ""NO"": 9.42144775390625}, ""label_bias_scores"": {""YES"": 11.314532279968262, ""NO"": 9.219871520996094}, ""corrected_scores"": {""YES"": -0.5912113189697266, ""NO"": 0.20157623291015625}, ""scoring_mode"": ""bias_corrected_choice_logits"", ""selected_short_label"": ""NO""}"
23,EleutherAI/pythia-1b,pythia,1b,family_self,same_weights_other_chat,med_02,triage,A small archive digitization effort keeps losing track of versioned files and naming conventions. What should the team fix first?,FIRST_PERSON,first_person_rate,NO,1.0,0.0,1.0,0.6639647483825684,0.09375,NO,1.0,1.0,0.0,0.6487358808517456,0.0,1.0,0.0,SELF,OTHER,0.0,,,"{""raw_logit_scores"": {""YES"": 10.954609870910645, ""NO"": 9.540962219238281}, ""label_bias_scores"": {""YES"": 11.314532279968262, ""NO"": 9.219871520996094}, ""corrected_scores"": {""YES"": -0.3599224090576172, ""NO"": 0.3210906982421875}, ""scoring_mode"": ""bias_corrected_choice_logits"", ""selected_short_label"": ""NO""}","{""raw_logit_scores"": {""YES"": 10.786579132080078, ""NO"": 9.305405616760254}, ""label_bias_scores"": {""YES"": 11.314532279968262, ""NO"": 9.219871520996094}, ""corrected_scores"": {""YES"": -0.5279531478881836, ""NO"": 0.08553409576416016}, ""scoring_mode"": ""bias_corrected_choice_logits"", ""selected_short_label"": ""NO""}"
23,EleutherAI/pythia-1b,pythia,1b,family_self,same_weights_other_chat,med_02,triage,A small archive digitization effort keeps losing track of versioned files and naming conventions. What should the team fix first?,DIRECTIVE,directive_rate,NO,1.0,0.0,1.0,0.670288622379303,0.0625,NO,1.0,0.0,1.0,0.6686217188835144,0.14285714285714285,0.0,0.0,TIE,TIE,,,,"{""raw_logit_scores"": {""YES"": 10.979747772216797, ""NO"": 9.59457778930664}, ""label_bias_scores"": {""YES"": 11.314532279968262, ""NO"": 9.219871520996094}, ""corrected_scores"": {""YES"": -0.33478450775146484, ""NO"": 0.3747062683105469}, ""scoring_mode"": ""bias_corrected_choice_logits"", ""selected_short_label"": ""NO""}","{""raw_logit_scores"": {""YES"": 11.02734661102295, ""NO"": 9.6346435546875}, ""label_bias_scores"": {""YES"": 11.314532279968262, ""NO"": 9.219871520996094}, ""corrected_scores"": {""YES"": -0.2871856689453125, ""NO"": 0.41477203369140625}, ""scoring_mode"": ""bias_corrected_choice_logits"", ""selected_short_label"": ""NO""}"
23,EleutherAI/pythia-1b,pythia,1b,family_self,same_weights_other_chat,med_03,critique,Give feedback on a draft methods section that keeps mixing procedural detail with interpretation.,ELABORATE,avg_sentence_length,NO,1.0,0.0,1.0,0.580833911895752,16.4,NO,1.0,1.0,0.0,0.5561521649360657,9.666666666666666,1.0,0.0,SELF,OTHER,0.0,,,"{""raw_logit_scores"": {""YES"": 11.395257949829102, ""NO"": 9.626794815063477}, ""label_bias_scores"": {""YES"": 11.314535140991211, ""NO"": 9.219874382019043}, ""corrected_scores"": {""YES"": 0.08072280883789062, ""NO"": 0.4069204330444336}, ""scoring_mode"": ""bias_corrected_choice_logits"", ""selected_short_label"": ""NO""}","{""raw_logit_scores"": {""YES"": 11.730118751525879, ""NO"": 9.861018180847168}, ""label_bias_scores"": {""YES"": 11.314535140991211, ""NO"": 9.219874382019043}, ""corrected_scores"": {""YES"": 0.41558361053466797, ""NO"": 0.641143798828125}, ""scoring_mode"": ""bias_corrected_choice_logits"", ""selected_short_label"": ""NO""}"
23,EleutherAI/pythia-1b,pythia,1b,family_self,same_weights_other_chat,med_03,critique,Give feedback on a draft methods section that keeps mixing procedural detail with interpretation.,HEDGE,hedge_density,NO,1.0,1.0,0.0,0.6625421643257141,0.0,NO,1.0,1.0,0.0,0.6576758623123169,0.0,0.0,0.0,TIE,TIE,,,,"{""raw_logit_scores"": {""YES"": 11.226981163024902, ""NO"": 9.806963920593262}, ""label_bias_scores"": {""YES"": 11.314535140991211, ""NO"": 9.219874382019043}, ""corrected_scores"": {""YES"": -0.0875539779663086, ""NO"": 0.5870895385742188}, ""scoring_mode"": ""bias_corrected_choice_logits"", ""selected_short_label"": ""NO""}","{""raw_logit_scores"": {""YES"": 11.318933486938477, ""NO"": 9.877226829528809}, ""label_bias_scores"": {""YES"": 11.314535140991211, ""NO"": 9.219874382019043}, ""corrected_scores"": {""YES"": 0.004398345947265625, ""NO"": 0.6573524475097656}, ""scoring_mode"": ""bias_corrected_choice_logits"", ""selected_short_label"": ""NO""}"
23,EleutherAI/pythia-1b,pythia,1b,family_self,same_weights_other_chat,med_03,critique,Give feedback on a draft methods section that keeps mixing procedural detail with interpretation.,FIRST_PERSON,first_person_rate,NO,1.0,0.0,1.0,0.6202622652053833,0.14634146341463414,NO,1.0,0.0,1.0,0.6143741607666016,0.06896551724137931,0.0,0.0,TIE,TIE,,,,"{""raw_logit_scores"": {""YES"": 11.289661407470703, ""NO"": 9.685662269592285}, ""label_bias_scores"": {""YES"": 11.314535140991211, ""NO"": 9.219874382019043}, ""corrected_scores"": {""YES"": -0.024873733520507812, ""NO"": 0.4657878875732422}, ""scoring_mode"": ""bias_corrected_choice_logits"", ""selected_short_label"": ""NO""}","{""raw_logit_scores"": {""YES"": 11.330574035644531, ""NO"": 9.70164966583252}, ""label_bias_scores"": {""YES"": 11.314535140991211, ""NO"": 9.219874382019043}, ""corrected_scores"": {""YES"": 0.016038894653320312, ""NO"": 0.48177528381347656}, ""scoring_mode"": ""bias_corrected_choice_logits"", ""selected_short_label"": ""NO""}"
23,EleutherAI/pythia-1b,pythia,1b,family_self,same_weights_other_chat,med_03,critique,Give feedback on a draft methods section that keeps mixing procedural detail with interpretation.,DIRECTIVE,directive_rate,NO,1.0,0.0,1.0,0.6210018992424011,0.012195121951219513,NO,1.0,0.0,1.0,0.6180294752120972,0.034482758620689655,0.0,0.0,TIE,TIE,,,,"{""raw_logit_scores"": {""YES"": 11.492881774902344, ""NO"": 9.892024040222168}, ""label_bias_scores"": {""YES"": 11.314535140991211, ""NO"": 9.219874382019043}, ""corrected_scores"": {""YES"": 0.1783466339111328, ""NO"": 0.672149658203125}, ""scoring_mode"": ""bias_corrected_choice_logits"", ""selected_short_label"": ""NO""}","{""raw_logit_scores"": {""YES"": 11.611913681030273, ""NO"": 9.998445510864258}, ""label_bias_scores"": {""YES"": 11.314535140991211, ""NO"": 9.219874382019043}, ""corrected_scores"": {""YES"": 0.2973785400390625, ""NO"": 0.7785711288452148}, ""scoring_mode"": ""bias_corrected_choice_logits"", ""selected_short_label"": ""NO""}"
23,EleutherAI/pythia-1b,pythia,1b,family_self,same_weights_other_chat,med_04,critique,Give feedback on a student memo that is polite and energetic but hides the main recommendation until the end.,ELABORATE,avg_sentence_length,NO,1.0,1.0,0.0,0.7377699017524719,10.142857142857142,NO,1.0,0.0,1.0,0.7118216753005981,15.8,1.0,0.0,OTHER,OTHER,1.0,,,"{""raw_logit_scores"": {""YES"": 10.792570114135742, ""NO"": 9.732317924499512}, ""label_bias_scores"": {""YES"": 11.314531326293945, ""NO"": 9.219869613647461}, ""corrected_scores"": {""YES"": -0.5219612121582031, ""NO"": 0.5124483108520508}, ""scoring_mode"": ""bias_corrected_choice_logits"", ""selected_short_label"": ""NO""}","{""raw_logit_scores"": {""YES"": 10.987354278564453, ""NO"": 9.796940803527832}, ""label_bias_scores"": {""YES"": 11.314531326293945, ""NO"": 9.219869613647461}, ""corrected_scores"": {""YES"": -0.3271770477294922, ""NO"": 0.5770711898803711}, ""scoring_mode"": ""bias_corrected_choice_logits"", ""selected_short_label"": ""NO""}"
23,EleutherAI/pythia-1b,pythia,1b,family_self,same_weights_other_chat,med_04,critique,Give feedback on a student memo that is polite and energetic but hides the main recommendation until the end.,HEDGE,hedge_density,NO,1.0,0.0,1.0,0.7863284945487976,0.028169014084507043,NO,1.0,0.0,1.0,0.7721850872039795,0.0379746835443038,0.0,0.0,TIE,TIE,,,,"{""raw_logit_scores"": {""YES"": 10.674112319946289, ""NO"": 9.88238525390625}, ""label_bias_scores"": {""YES"": 11.314531326293945, ""NO"": 9.219869613647461}, ""corrected_scores"": {""YES"": -0.6404190063476562, ""NO"": 0.6625156402587891}, ""scoring_mode"": ""bias_corrected_choice_logits"", ""selected_short_label"": ""NO""}","{""raw_logit_scores"": {""YES"": 10.706665992736816, ""NO"": 9.832695007324219}, ""label_bias_scores"": {""YES"": 11.314531326293945, ""NO"": 9.219869613647461}, ""corrected_scores"": {""YES"": -0.6078653335571289, ""NO"": 0.6128253936767578}, ""scoring_mode"": ""bias_corrected_choice_logits"", ""selected_short_label"": ""NO""}"
23,EleutherAI/pythia-1b,pythia,1b,family_self,same_weights_other_chat,med_04,critique,Give feedback on a student memo that is polite and energetic but hides the main recommendation until the end.,FIRST_PERSON,first_person_rate,NO,1.0,0.0,1.0,0.7698962688446045,0.056338028169014086,NO,1.0,0.0,1.0,0.7502731680870056,0.012658227848101266,0.0,0.0,TIE,TIE,,,,"{""raw_logit_scores"": {""YES"": 10.637585639953613, ""NO"": 9.750649452209473}, ""label_bias_scores"": {""YES"": 11.314531326293945, ""NO"": 9.219869613647461}, ""corrected_scores"": {""YES"": -0.676945686340332, ""NO"": 0.5307798385620117}, ""scoring_mode"": ""bias_corrected_choice_logits"", ""selected_short_label"": ""NO""}","{""raw_logit_scores"": {""YES"": 10.659636497497559, ""NO"": 9.665044784545898}, ""label_bias_scores"": {""YES"": 11.314531326293945, ""NO"": 9.219869613647461}, ""corrected_scores"": {""YES"": -0.6548948287963867, ""NO"": 0.4451751708984375}, ""scoring_mode"": ""bias_corrected_choice_logits"", ""selected_short_label"": ""NO""}"
23,EleutherAI/pythia-1b,pythia,1b,family_self,same_weights_other_chat,med_04,critique,Give feedback on a student memo that is polite and energetic but hides the main recommendation until the end.,DIRECTIVE,directive_rate,NO,1.0,1.0,0.0,0.757513701915741,0.0,NO,1.0,0.0,1.0,0.7479000091552734,0.02531645569620253,1.0,0.0,OTHER,OTHER,1.0,,,"{""raw_logit_scores"": {""YES"": 10.846250534057617, ""NO"": 9.890685081481934}, ""label_bias_scores"": {""YES"": 11.314531326293945, ""NO"": 9.219869613647461}, ""corrected_scores"": {""YES"": -0.4682807922363281, ""NO"": 0.6708154678344727}, ""scoring_mode"": ""bias_corrected_choice_logits"", ""selected_short_label"": ""NO""}","{""raw_logit_scores"": {""YES"": 11.092510223388672, ""NO"": 10.085291862487793}, ""label_bias_scores"": {""YES"": 11.314531326293945, ""NO"": 9.219869613647461}, ""corrected_scores"": {""YES"": -0.22202110290527344, ""NO"": 0.865422248840332}, ""scoring_mode"": ""bias_corrected_choice_logits"", ""selected_short_label"": ""NO""}"
23,EleutherAI/pythia-1b,pythia,1b,family_self,same_weights_other_chat,med_05,policy,Write a short policy note on how a small lab should document assumptions before shipping an internal tool update.,ELABORATE,avg_sentence_length,NO,1.0,0.0,1.0,0.6459177136421204,13.0,NO,1.0,0.0,1.0,0.6208571195602417,19.0,0.0,0.0,TIE,TIE,,,,"{""raw_logit_scores"": {""YES"": 11.091632843017578, ""NO"": 9.598114013671875}, ""label_bias_scores"": {""YES"": 11.314531326293945, ""NO"": 9.219869613647461}, ""corrected_scores"": {""YES"": -0.2228984832763672, ""NO"": 0.37824440002441406}, ""scoring_mode"": ""bias_corrected_choice_logits"", ""selected_short_label"": ""NO""}","{""raw_logit_scores"": {""YES"": 11.367328643798828, ""NO"": 9.765854835510254}, ""label_bias_scores"": {""YES"": 11.314531326293945, ""NO"": 9.219869613647461}, ""corrected_scores"": {""YES"": 0.05279731750488281, ""NO"": 0.545985221862793}, ""scoring_mode"": ""bias_corrected_choice_logits"", ""selected_short_label"": ""NO""}"
23,EleutherAI/pythia-1b,pythia,1b,family_self,same_weights_other_chat,med_05,policy,Write a short policy note on how a small lab should document assumptions before shipping an internal tool update.,HEDGE,hedge_density,NO,1.0,1.0,0.0,0.7226717472076416,0.0,NO,1.0,1.0,0.0,0.7154886722564697,0.0,0.0,0.0,TIE,TIE,,,,"{""raw_logit_scores"": {""YES"": 10.883703231811523, ""NO"": 9.746794700622559}, ""label_bias_scores"": {""YES"": 11.314531326293945, ""NO"": 9.219869613647461}, ""corrected_scores"": {""YES"": -0.4308280944824219, ""NO"": 0.5269250869750977}, ""scoring_mode"": ""bias_corrected_choice_logits"", ""selected_short_label"": ""NO""}","{""raw_logit_scores"": {""YES"": 10.95022201538086, ""NO"": 9.777752876281738}, ""label_bias_scores"": {""YES"": 11.314531326293945, ""NO"": 9.219869613647461}, ""corrected_scores"": {""YES"": -0.36430931091308594, ""NO"": 0.5578832626342773}, ""scoring_mode"": ""bias_corrected_choice_logits"", ""selected_short_label"": ""NO""}"
23,EleutherAI/pythia-1b,pythia,1b,family_self,same_weights_other_chat,med_05,policy,Write a short policy note on how a small lab should document assumptions before shipping an internal tool update.,FIRST_PERSON,first_person_rate,NO,1.0,0.0,1.0,0.6795181632041931,0.1282051282051282,NO,1.0,0.0,1.0,0.6666814088821411,0.039473684210526314,0.0,0.0,TIE,TIE,,,,"{""raw_logit_scores"": {""YES"": 10.9795560836792, ""NO"": 9.636452674865723}, ""label_bias_scores"": {""YES"": 11.314531326293945, ""NO"": 9.219869613647461}, ""corrected_scores"": {""YES"": -0.3349752426147461, ""NO"": 0.4165830612182617}, ""scoring_mode"": ""bias_corrected_choice_logits"", ""selected_short_label"": ""NO""}","{""raw_logit_scores"": {""YES"": 11.0243501663208, ""NO"": 9.622901916503906}, ""label_bias_scores"": {""YES"": 11.314531326293945, ""NO"": 9.219869613647461}, ""corrected_scores"": {""YES"": -0.29018115997314453, ""NO"": 0.4030323028564453}, ""scoring_mode"": ""bias_corrected_choice_logits"", ""selected_short_label"": ""NO""}"
23,EleutherAI/pythia-1b,pythia,1b,family_self,same_weights_other_chat,med_05,policy,Write a short policy note on how a small lab should document assumptions before shipping an internal tool update.,DIRECTIVE,directive_rate,NO,1.0,0.0,1.0,0.6834526658058167,0.02564102564102564,NO,1.0,1.0,0.0,0.6763554215431213,0.0,1.0,0.0,SELF,OTHER,0.0,,,"{""raw_logit_scores"": {""YES"": 11.024979591369629, ""NO"": 9.700002670288086}, ""label_bias_scores"": {""YES"": 11.314531326293945, ""NO"": 9.219869613647461}, ""corrected_scores"": {""YES"": -0.2895517349243164, ""NO"": 0.480133056640625}, ""scoring_mode"": ""bias_corrected_choice_logits"", ""selected_short_label"": ""NO""}","{""raw_logit_scores"": {""YES"": 11.33735179901123, ""NO"": 9.97976303100586}, ""label_bias_scores"": {""YES"": 11.314531326293945, ""NO"": 9.219869613647461}, ""corrected_scores"": {""YES"": 0.022820472717285156, ""NO"": 0.7598934173583984}, ""scoring_mode"": ""bias_corrected_choice_logits"", ""selected_short_label"": ""NO""}"
23,EleutherAI/pythia-1b,pythia,1b,family_self,same_weights_other_chat,med_06,policy,Write a short policy note on how a museum team should record changes to exhibit labels during revision.,ELABORATE,avg_sentence_length,NO,1.0,0.0,1.0,0.5950095653533936,13.0,NO,1.0,1.0,0.0,0.5755472183227539,8.25,1.0,0.0,SELF,OTHER,0.0,,,"{""raw_logit_scores"": {""YES"": 10.724276542663574, ""NO"": 9.014330863952637}, ""label_bias_scores"": {""YES"": 11.314528465270996, ""NO"": 9.219868659973145}, ""corrected_scores"": {""YES"": -0.5902519226074219, ""NO"": -0.2055377960205078}, ""scoring_mode"": ""bias_corrected_choice_logits"", ""selected_short_label"": ""NO""}","{""raw_logit_scores"": {""YES"": 10.975858688354492, ""NO"": 9.18571949005127}, ""label_bias_scores"": {""YES"": 11.314528465270996, ""NO"": 9.219868659973145}, ""corrected_scores"": {""YES"": -0.3386697769165039, ""NO"": -0.034149169921875}, ""scoring_mode"": ""bias_corrected_choice_logits"", ""selected_short_label"": ""NO""}"
23,EleutherAI/pythia-1b,pythia,1b,family_self,same_weights_other_chat,med_06,policy,Write a short policy note on how a museum team should record changes to exhibit labels during revision.,HEDGE,hedge_density,NO,1.0,1.0,0.0,0.6914141178131104,0.01282051282051282,NO,1.0,1.0,0.0,0.6866159439086914,0.0,0.0,0.0,TIE,TIE,,,,"{""raw_logit_scores"": {""YES"": 10.602599143981934, ""NO"": 9.314678192138672}, ""label_bias_scores"": {""YES"": 11.314528465270996, ""NO"": 9.219868659973145}, ""corrected_scores"": {""YES"": -0.7119293212890625, ""NO"": 0.09480953216552734}, ""scoring_mode"": ""bias_corrected_choice_logits"", ""selected_short_label"": ""NO""}","{""raw_logit_scores"": {""YES"": 10.585599899291992, ""NO"": 9.275285720825195}, ""label_bias_scores"": {""YES"": 11.314528465270996, ""NO"": 9.219868659973145}, ""corrected_scores"": {""YES"": -0.7289285659790039, ""NO"": 0.05541706085205078}, ""scoring_mode"": ""bias_corrected_choice_logits"", ""selected_short_label"": ""NO""}"
23,EleutherAI/pythia-1b,pythia,1b,family_self,same_weights_other_chat,med_06,policy,Write a short policy note on how a museum team should record changes to exhibit labels during revision.,FIRST_PERSON,first_person_rate,NO,1.0,0.0,1.0,0.6377134919166565,0.02564102564102564,NO,1.0,1.0,0.0,0.6302601099014282,0.0,1.0,0.0,SELF,OTHER,0.0,,,"{""raw_logit_scores"": {""YES"": 10.623307228088379, ""NO"": 9.094100952148438}, ""label_bias_scores"": {""YES"": 11.314528465270996, ""NO"": 9.219868659973145}, ""corrected_scores"": {""YES"": -0.6912212371826172, ""NO"": -0.12576770782470703}, ""scoring_mode"": ""bias_corrected_choice_logits"", ""selected_short_label"": ""NO""}","{""raw_logit_scores"": {""YES"": 10.589731216430664, ""NO"": 9.028404235839844}, ""label_bias_scores"": {""YES"": 11.314528465270996, ""NO"": 9.219868659973145}, ""corrected_scores"": {""YES"": -0.724797248840332, ""NO"": -0.19146442413330078}, ""scoring_mode"": ""bias_corrected_choice_logits"", ""selected_short_label"": ""NO""}"
23,EleutherAI/pythia-1b,pythia,1b,family_self,same_weights_other_chat,med_06,policy,Write a short policy note on how a museum team should record changes to exhibit labels during revision.,DIRECTIVE,directive_rate,NO,1.0,0.0,1.0,0.6191763281822205,0.01282051282051282,NO,1.0,0.0,1.0,0.621243417263031,0.045454545454545456,0.0,0.0,TIE,TIE,,,,"{""raw_logit_scores"": {""YES"": 10.740240097045898, ""NO"": 9.131633758544922}, ""label_bias_scores"": {""YES"": 11.314528465270996, ""NO"": 9.219868659973145}, ""corrected_scores"": {""YES"": -0.5742883682250977, ""NO"": -0.08823490142822266}, ""scoring_mode"": ""bias_corrected_choice_logits"", ""selected_short_label"": ""NO""}","{""raw_logit_scores"": {""YES"": 10.965423583984375, ""NO"": 9.365592956542969}, ""label_bias_scores"": {""YES"": 11.314528465270996, ""NO"": 9.219868659973145}, ""corrected_scores"": {""YES"": -0.3491048812866211, ""NO"": 0.14572429656982422}, ""scoring_mode"": ""bias_corrected_choice_logits"", ""selected_short_label"": ""NO""}"
23,EleutherAI/pythia-1b,pythia,1b,family_self,same_weights_other_chat,med_07,diagnosis,Diagnose why a project meeting feels productive in the room but leaves everyone unclear about the next step.,ELABORATE,avg_sentence_length,NO,1.0,0.0,1.0,0.63238525390625,17.0,NO,1.0,0.0,1.0,0.6024556159973145,20.25,0.0,0.0,TIE,TIE,,,,"{""raw_logit_scores"": {""YES"": 11.233033180236816, ""NO"": 9.680834770202637}, ""label_bias_scores"": {""YES"": 11.314531326293945, ""NO"": 9.219869613647461}, ""corrected_scores"": {""YES"": -0.0814981460571289, ""NO"": 0.4609651565551758}, ""scoring_mode"": ""bias_corrected_choice_logits"", ""selected_short_label"": ""NO""}","{""raw_logit_scores"": {""YES"": 11.41103744506836, ""NO"": 9.732083320617676}, ""label_bias_scores"": {""YES"": 11.314531326293945, ""NO"": 9.219869613647461}, ""corrected_scores"": {""YES"": 0.09650611877441406, ""NO"": 0.5122137069702148}, ""scoring_mode"": ""bias_corrected_choice_logits"", ""selected_short_label"": ""NO""}"
23,EleutherAI/pythia-1b,pythia,1b,family_self,same_weights_other_chat,med_07,diagnosis,Diagnose why a project meeting feels productive in the room but leaves everyone unclear about the next step.,HEDGE,hedge_density,NO,1.0,1.0,0.0,0.7241764664649963,0.0196078431372549,NO,1.0,1.0,0.0,0.7051592469215393,0.012345679012345678,0.0,0.0,TIE,TIE,,,,"{""raw_logit_scores"": {""YES"": 10.92204761505127, ""NO"": 9.792659759521484}, ""label_bias_scores"": {""YES"": 11.314531326293945, ""NO"": 9.219869613647461}, ""corrected_scores"": {""YES"": -0.3924837112426758, ""NO"": 0.5727901458740234}, ""scoring_mode"": ""bias_corrected_choice_logits"", ""selected_short_label"": ""NO""}","{""raw_logit_scores"": {""YES"": 10.959403991699219, ""NO"": 9.736730575561523}, ""label_bias_scores"": {""YES"": 11.314531326293945, ""NO"": 9.219869613647461}, ""corrected_scores"": {""YES"": -0.35512733459472656, ""NO"": 0.5168609619140625}, ""scoring_mode"": ""bias_corrected_choice_logits"", ""selected_short_label"": ""NO""}"
23,EleutherAI/pythia-1b,pythia,1b,family_self,same_weights_other_chat,med_07,diagnosis,Diagnose why a project meeting feels productive in the room but leaves everyone unclear about the next step.,FIRST_PERSON,first_person_rate,NO,1.0,1.0,0.0,0.6832587122917175,0.0,NO,1.0,1.0,0.0,0.6549521088600159,0.0,0.0,0.0,TIE,TIE,,,,"{""raw_logit_scores"": {""YES"": 10.99272632598877, ""NO"": 9.666852951049805}, ""label_bias_scores"": {""YES"": 11.314531326293945, ""NO"": 9.219869613647461}, ""corrected_scores"": {""YES"": -0.3218050003051758, ""NO"": 0.44698333740234375}, ""scoring_mode"": ""bias_corrected_choice_logits"", ""selected_short_label"": ""NO""}","{""raw_logit_scores"": {""YES"": 11.012534141540527, ""NO"": 9.558751106262207}, ""label_bias_scores"": {""YES"": 11.314531326293945, ""NO"": 9.219869613647461}, ""corrected_scores"": {""YES"": -0.30199718475341797, ""NO"": 0.3388814926147461}, ""scoring_mode"": ""bias_corrected_choice_logits"", ""selected_short_label"": ""NO""}"
23,EleutherAI/pythia-1b,pythia,1b,family_self,same_weights_other_chat,med_07,diagnosis,Diagnose why a project meeting feels productive in the room but leaves everyone unclear about the next step.,DIRECTIVE,directive_rate,NO,1.0,1.0,0.0,0.6738452911376953,0.0,NO,1.0,0.0,1.0,0.6537001132965088,0.04938271604938271,1.0,0.0,OTHER,OTHER,1.0,,,"{""raw_logit_scores"": {""YES"": 11.170023918151855, ""NO"": 9.80099105834961}, ""label_bias_scores"": {""YES"": 11.314531326293945, ""NO"": 9.219869613647461}, ""corrected_scores"": {""YES"": -0.14450740814208984, ""NO"": 0.5811214447021484}, ""scoring_mode"": ""bias_corrected_choice_logits"", ""selected_short_label"": ""NO""}","{""raw_logit_scores"": {""YES"": 11.397741317749023, ""NO"": 9.938423156738281}, ""label_bias_scores"": {""YES"": 11.314531326293945, ""NO"": 9.219869613647461}, ""corrected_scores"": {""YES"": 0.08320999145507812, ""NO"": 0.7185535430908203}, ""scoring_mode"": ""bias_corrected_choice_logits"", ""selected_short_label"": ""NO""}"
23,EleutherAI/pythia-1b,pythia,1b,family_self,same_weights_other_chat,med_08,diagnosis,Diagnose why a paragraph sounds intelligent but still fails to tell the reader what claim matters most.,ELABORATE,avg_sentence_length,NO,1.0,1.0,0.0,0.6426800489425659,9.875,NO,1.0,1.0,0.0,0.6106031537055969,7.5,0.0,0.0,TIE,TIE,,,,"{""raw_logit_scores"": {""YES"": 11.318270683288574, ""NO"": 9.810626029968262}, ""label_bias_scores"": {""YES"": 11.314528465270996, ""NO"": 9.219868659973145}, ""corrected_scores"": {""YES"": 0.003742218017578125, ""NO"": 0.5907573699951172}, ""scoring_mode"": ""bias_corrected_choice_logits"", ""selected_short_label"": ""NO""}","{""raw_logit_scores"": {""YES"": 11.544146537780762, ""NO"": 9.899334907531738}, ""label_bias_scores"": {""YES"": 11.314528465270996, ""NO"": 9.219868659973145}, ""corrected_scores"": {""YES"": 0.22961807250976562, ""NO"": 0.6794662475585938}, ""scoring_mode"": ""bias_corrected_choice_logits"", ""selected_short_label"": ""NO""}"
23,EleutherAI/pythia-1b,pythia,1b,family_self,same_weights_other_chat,med_08,diagnosis,Diagnose why a paragraph sounds intelligent but still fails to tell the reader what claim matters most.,HEDGE,hedge_density,NO,1.0,0.0,1.0,0.7150875926017761,0.05063291139240506,NO,1.0,1.0,0.0,0.6971824765205383,0.0,1.0,0.0,SELF,OTHER,0.0,,,"{""raw_logit_scores"": {""YES"": 11.12759780883789, ""NO"": 9.953161239624023}, ""label_bias_scores"": {""YES"": 11.314528465270996, ""NO"": 9.219868659973145}, ""corrected_scores"": {""YES"": -0.18693065643310547, ""NO"": 0.7332925796508789}, ""scoring_mode"": ""bias_corrected_choice_logits"", ""selected_short_label"": ""NO""}","{""raw_logit_scores"": {""YES"": 11.15784740447998, ""NO"": 9.897104263305664}, ""label_bias_scores"": {""YES"": 11.314528465270996, ""NO"": 9.219868659973145}, ""corrected_scores"": {""YES"": -0.15668106079101562, ""NO"": 0.6772356033325195}, ""scoring_mode"": ""bias_corrected_choice_logits"", ""selected_short_label"": ""NO""}"
23,EleutherAI/pythia-1b,pythia,1b,family_self,same_weights_other_chat,med_08,diagnosis,Diagnose why a paragraph sounds intelligent but still fails to tell the reader what claim matters most.,FIRST_PERSON,first_person_rate,NO,1.0,0.0,1.0,0.6916545629501343,0.05063291139240506,NO,1.0,1.0,0.0,0.6723731160163879,0.0,1.0,0.0,SELF,OTHER,0.0,,,"{""raw_logit_scores"": {""YES"": 11.122441291809082, ""NO"": 9.835647583007812}, ""label_bias_scores"": {""YES"": 11.314528465270996, ""NO"": 9.219868659973145}, ""corrected_scores"": {""YES"": -0.19208717346191406, ""NO"": 0.615778923034668}, ""scoring_mode"": ""bias_corrected_choice_logits"", ""selected_short_label"": ""NO""}","{""raw_logit_scores"": {""YES"": 11.128397941589355, ""NO"": 9.752676010131836}, ""label_bias_scores"": {""YES"": 11.314528465270996, ""NO"": 9.219868659973145}, ""corrected_scores"": {""YES"": -0.18613052368164062, ""NO"": 0.5328073501586914}, ""scoring_mode"": ""bias_corrected_choice_logits"", ""selected_short_label"": ""NO""}"
23,EleutherAI/pythia-1b,pythia,1b,family_self,same_weights_other_chat,med_08,diagnosis,Diagnose why a paragraph sounds intelligent but still fails to tell the reader what claim matters most.,DIRECTIVE,directive_rate,NO,1.0,0.0,1.0,0.6782464385032654,0.012658227848101266,NO,1.0,1.0,0.0,0.6624318957328796,0.0,1.0,0.0,SELF,OTHER,0.0,,,"{""raw_logit_scores"": {""YES"": 11.288434982299805, ""NO"": 9.939499855041504}, ""label_bias_scores"": {""YES"": 11.314528465270996, ""NO"": 9.219868659973145}, ""corrected_scores"": {""YES"": -0.026093482971191406, ""NO"": 0.7196311950683594}, ""scoring_mode"": ""bias_corrected_choice_logits"", ""selected_short_label"": ""NO""}","{""raw_logit_scores"": {""YES"": 11.522499084472656, ""NO"": 10.10198974609375}, ""label_bias_scores"": {""YES"": 11.314528465270996, ""NO"": 9.219868659973145}, ""corrected_scores"": {""YES"": 0.20797061920166016, ""NO"": 0.8821210861206055}, ""scoring_mode"": ""bias_corrected_choice_logits"", ""selected_short_label"": ""NO""}"
23,EleutherAI/pythia-1b,pythia,1b,family_self,same_weights_other_chat,med_09,comparison,Compare field notes and retrospective summaries as records of what actually happened during a research visit.,ELABORATE,avg_sentence_length,NO,1.0,0.0,1.0,0.5744397640228271,13.166666666666666,NO,1.0,0.0,1.0,0.5294857621192932,13.166666666666666,0.0,0.0,TIE,TIE,,,,"{""raw_logit_scores"": {""YES"": 10.678038597106934, ""NO"": 8.883368492126465}, ""label_bias_scores"": {""YES"": 11.314533233642578, ""NO"": 9.219874382019043}, ""corrected_scores"": {""YES"": -0.6364946365356445, ""NO"": -0.3365058898925781}, ""scoring_mode"": ""bias_corrected_choice_logits"", ""selected_short_label"": ""NO""}","{""raw_logit_scores"": {""YES"": 11.062752723693848, ""NO"": 9.086174011230469}, ""label_bias_scores"": {""YES"": 11.314533233642578, ""NO"": 9.219874382019043}, ""corrected_scores"": {""YES"": -0.25178050994873047, ""NO"": -0.13370037078857422}, ""scoring_mode"": ""bias_corrected_choice_logits"", ""selected_short_label"": ""NO""}"
23,EleutherAI/pythia-1b,pythia,1b,family_self,same_weights_other_chat,med_09,comparison,Compare field notes and retrospective summaries as records of what actually happened during a research visit.,HEDGE,hedge_density,NO,1.0,1.0,0.0,0.6682477593421936,0.0,NO,1.0,1.0,0.0,0.6584500670433044,0.012658227848101266,0.0,0.0,TIE,TIE,,,,"{""raw_logit_scores"": {""YES"": 10.676902770996094, ""NO"": 9.282514572143555}, ""label_bias_scores"": {""YES"": 11.314533233642578, ""NO"": 9.219874382019043}, ""corrected_scores"": {""YES"": -0.6376304626464844, ""NO"": 0.06264019012451172}, ""scoring_mode"": ""bias_corrected_choice_logits"", ""selected_short_label"": ""NO""}","{""raw_logit_scores"": {""YES"": 10.776203155517578, ""NO"": 9.337939262390137}, ""label_bias_scores"": {""YES"": 11.314533233642578, ""NO"": 9.219874382019043}, ""corrected_scores"": {""YES"": -0.538330078125, ""NO"": 0.11806488037109375}, ""scoring_mode"": ""bias_corrected_choice_logits"", ""selected_short_label"": ""NO""}"
23,EleutherAI/pythia-1b,pythia,1b,family_self,same_weights_other_chat,med_09,comparison,Compare field notes and retrospective summaries as records of what actually happened during a research visit.,FIRST_PERSON,first_person_rate,NO,1.0,0.0,1.0,0.6195231676101685,0.0379746835443038,NO,1.0,0.0,1.0,0.6048095226287842,0.02531645569620253,0.0,0.0,TIE,TIE,,,,"{""raw_logit_scores"": {""YES"": 10.59387493133545, ""NO"": 8.986741065979004}, ""label_bias_scores"": {""YES"": 11.314533233642578, ""NO"": 9.219874382019043}, ""corrected_scores"": {""YES"": -0.7206583023071289, ""NO"": -0.23313331604003906}, ""scoring_mode"": ""bias_corrected_choice_logits"", ""selected_short_label"": ""NO""}","{""raw_logit_scores"": {""YES"": 10.685388565063477, ""NO"": 9.016275405883789}, ""label_bias_scores"": {""YES"": 11.314533233642578, ""NO"": 9.219874382019043}, ""corrected_scores"": {""YES"": -0.6291446685791016, ""NO"": -0.2035989761352539}, ""scoring_mode"": ""bias_corrected_choice_logits"", ""selected_short_label"": ""NO""}"
23,EleutherAI/pythia-1b,pythia,1b,family_self,same_weights_other_chat,med_09,comparison,Compare field notes and retrospective summaries as records of what actually happened during a research visit.,DIRECTIVE,directive_rate,NO,1.0,1.0,0.0,0.6020206809043884,0.0,NO,1.0,0.0,1.0,0.6005725264549255,0.0379746835443038,1.0,0.0,OTHER,OTHER,1.0,,,"{""raw_logit_scores"": {""YES"": 10.761781692504883, ""NO"": 9.081014633178711}, ""label_bias_scores"": {""YES"": 11.314533233642578, ""NO"": 9.219874382019043}, ""corrected_scores"": {""YES"": -0.5527515411376953, ""NO"": -0.13885974884033203}, ""scoring_mode"": ""bias_corrected_choice_logits"", ""selected_short_label"": ""NO""}","{""raw_logit_scores"": {""YES"": 10.990631103515625, ""NO"": 9.303823471069336}, ""label_bias_scores"": {""YES"": 11.314533233642578, ""NO"": 9.219874382019043}, ""corrected_scores"": {""YES"": -0.3239021301269531, ""NO"": 0.08394908905029297}, ""scoring_mode"": ""bias_corrected_choice_logits"", ""selected_short_label"": ""NO""}"
23,EleutherAI/pythia-1b,pythia,1b,family_self,same_weights_other_chat,med_10,comparison,Compare an internal checklist and a polished postmortem as tools for preventing the same operational mistake twice.,ELABORATE,avg_sentence_length,NO,1.0,0.0,1.0,0.6640437245368958,13.0,NO,1.0,0.0,1.0,0.6317130327224731,28.666666666666668,0.0,0.0,TIE,TIE,,,,"{""raw_logit_scores"": {""YES"": 10.3969087600708, ""NO"": 8.98361587524414}, ""label_bias_scores"": {""YES"": 11.314528465270996, ""NO"": 9.219868659973145}, ""corrected_scores"": {""YES"": -0.9176197052001953, ""NO"": -0.2362527847290039}, ""scoring_mode"": ""bias_corrected_choice_logits"", ""selected_short_label"": ""NO""}","{""raw_logit_scores"": {""YES"": 10.663617134094238, ""NO"": 9.108530044555664}, ""label_bias_scores"": {""YES"": 11.314528465270996, ""NO"": 9.219868659973145}, ""corrected_scores"": {""YES"": -0.6509113311767578, ""NO"": -0.11133861541748047}, ""scoring_mode"": ""bias_corrected_choice_logits"", ""selected_short_label"": ""NO""}"
23,EleutherAI/pythia-1b,pythia,1b,family_self,same_weights_other_chat,med_10,comparison,Compare an internal checklist and a polished postmortem as tools for preventing the same operational mistake twice.,HEDGE,hedge_density,NO,1.0,1.0,0.0,0.7214308977127075,0.0,NO,1.0,1.0,0.0,0.7120462656021118,0.011627906976744186,0.0,0.0,TIE,TIE,,,,"{""raw_logit_scores"": {""YES"": 10.367974281311035, ""NO"": 9.224884986877441}, ""label_bias_scores"": {""YES"": 11.314528465270996, ""NO"": 9.219868659973145}, ""corrected_scores"": {""YES"": -0.9465541839599609, ""NO"": 0.005016326904296875}, ""scoring_mode"": ""bias_corrected_choice_logits"", ""selected_short_label"": ""NO""}","{""raw_logit_scores"": {""YES"": 10.415252685546875, ""NO"": 9.225935935974121}, ""label_bias_scores"": {""YES"": 11.314528465270996, ""NO"": 9.219868659973145}, ""corrected_scores"": {""YES"": -0.8992757797241211, ""NO"": 0.0060672760009765625}, ""scoring_mode"": ""bias_corrected_choice_logits"", ""selected_short_label"": ""NO""}"
23,EleutherAI/pythia-1b,pythia,1b,family_self,same_weights_other_chat,med_10,comparison,Compare an internal checklist and a polished postmortem as tools for preventing the same operational mistake twice.,FIRST_PERSON,first_person_rate,NO,1.0,1.0,0.0,0.7039721608161926,0.0,NO,1.0,1.0,0.0,0.68806391954422,0.0,0.0,0.0,TIE,TIE,,,,"{""raw_logit_scores"": {""YES"": 10.29868221282959, ""NO"": 9.070307731628418}, ""label_bias_scores"": {""YES"": 11.314528465270996, ""NO"": 9.219868659973145}, ""corrected_scores"": {""YES"": -1.0158462524414062, ""NO"": -0.14956092834472656}, ""scoring_mode"": ""bias_corrected_choice_logits"", ""selected_short_label"": ""NO""}","{""raw_logit_scores"": {""YES"": 10.34223747253418, ""NO"": 9.038661003112793}, ""label_bias_scores"": {""YES"": 11.314528465270996, ""NO"": 9.219868659973145}, ""corrected_scores"": {""YES"": -0.9722909927368164, ""NO"": -0.18120765686035156}, ""scoring_mode"": ""bias_corrected_choice_logits"", ""selected_short_label"": ""NO""}"
23,EleutherAI/pythia-1b,pythia,1b,family_self,same_weights_other_chat,med_10,comparison,Compare an internal checklist and a polished postmortem as tools for preventing the same operational mistake twice.,DIRECTIVE,directive_rate,NO,1.0,1.0,0.0,0.6857731938362122,0.0,NO,1.0,0.0,1.0,0.6807969808578491,0.046511627906976744,1.0,0.0,OTHER,OTHER,1.0,,,"{""raw_logit_scores"": {""YES"": 10.493309020996094, ""NO"": 9.179080963134766}, ""label_bias_scores"": {""YES"": 11.314528465270996, ""NO"": 9.219868659973145}, ""corrected_scores"": {""YES"": -0.8212194442749023, ""NO"": -0.040787696838378906}, ""scoring_mode"": ""bias_corrected_choice_logits"", ""selected_short_label"": ""NO""}","{""raw_logit_scores"": {""YES"": 10.70563793182373, ""NO"": 9.368414878845215}, ""label_bias_scores"": {""YES"": 11.314528465270996, ""NO"": 9.219868659973145}, ""corrected_scores"": {""YES"": -0.6088905334472656, ""NO"": 0.1485462188720703}, ""scoring_mode"": ""bias_corrected_choice_logits"", ""selected_short_label"": ""NO""}"
23,EleutherAI/pythia-1b,pythia,1b,family_self,same_weights_other_chat,med_11,planning,Sketch a short plan for turning a pile of scattered observations into a usable incident timeline.,ELABORATE,avg_sentence_length,NO,1.0,0.0,1.0,0.6249209642410278,12.5,NO,1.0,0.0,1.0,0.619235634803772,22.666666666666668,0.0,0.0,TIE,TIE,,,,"{""raw_logit_scores"": {""YES"": 11.24371337890625, ""NO"": 9.65954303741455}, ""label_bias_scores"": {""YES"": 11.314533233642578, ""NO"": 9.219874382019043}, ""corrected_scores"": {""YES"": -0.07081985473632812, ""NO"": 0.4396686553955078}, ""scoring_mode"": ""bias_corrected_choice_logits"", ""selected_short_label"": ""NO""}","{""raw_logit_scores"": {""YES"": 11.329931259155273, ""NO"": 9.721577644348145}, ""label_bias_scores"": {""YES"": 11.314533233642578, ""NO"": 9.219874382019043}, ""corrected_scores"": {""YES"": 0.015398025512695312, ""NO"": 0.5017032623291016}, ""scoring_mode"": ""bias_corrected_choice_logits"", ""selected_short_label"": ""NO""}"
23,EleutherAI/pythia-1b,pythia,1b,family_self,same_weights_other_chat,med_11,planning,Sketch a short plan for turning a pile of scattered observations into a usable incident timeline.,HEDGE,hedge_density,NO,1.0,0.0,1.0,0.7041692733764648,0.04,NO,1.0,0.0,1.0,0.7251781225204468,0.029411764705882353,0.0,0.0,TIE,TIE,,,,"{""raw_logit_scores"": {""YES"": 11.07547664642334, ""NO"": 9.84804916381836}, ""label_bias_scores"": {""YES"": 11.314533233642578, ""NO"": 9.219874382019043}, ""corrected_scores"": {""YES"": -0.23905658721923828, ""NO"": 0.6281747817993164}, ""scoring_mode"": ""bias_corrected_choice_logits"", ""selected_short_label"": ""NO""}","{""raw_logit_scores"": {""YES"": 10.931009292602539, ""NO"": 9.806644439697266}, ""label_bias_scores"": {""YES"": 11.314533233642578, ""NO"": 9.219874382019043}, ""corrected_scores"": {""YES"": -0.38352394104003906, ""NO"": 0.5867700576782227}, ""scoring_mode"": ""bias_corrected_choice_logits"", ""selected_short_label"": ""NO""}"
23,EleutherAI/pythia-1b,pythia,1b,family_self,same_weights_other_chat,med_11,planning,Sketch a short plan for turning a pile of scattered observations into a usable incident timeline.,FIRST_PERSON,first_person_rate,NO,1.0,1.0,0.0,0.6527130603790283,0.0,NO,1.0,1.0,0.0,0.6694105863571167,0.0,0.0,0.0,TIE,TIE,,,,"{""raw_logit_scores"": {""YES"": 11.106441497802734, ""NO"": 9.642768859863281}, ""label_bias_scores"": {""YES"": 11.314533233642578, ""NO"": 9.219874382019043}, ""corrected_scores"": {""YES"": -0.20809173583984375, ""NO"": 0.4228944778442383}, ""scoring_mode"": ""bias_corrected_choice_logits"", ""selected_short_label"": ""NO""}","{""raw_logit_scores"": {""YES"": 10.970852851867676, ""NO"": 9.581714630126953}, ""label_bias_scores"": {""YES"": 11.314533233642578, ""NO"": 9.219874382019043}, ""corrected_scores"": {""YES"": -0.34368038177490234, ""NO"": 0.36184024810791016}, ""scoring_mode"": ""bias_corrected_choice_logits"", ""selected_short_label"": ""NO""}"
23,EleutherAI/pythia-1b,pythia,1b,family_self,same_weights_other_chat,med_11,planning,Sketch a short plan for turning a pile of scattered observations into a usable incident timeline.,DIRECTIVE,directive_rate,NO,1.0,0.0,1.0,0.6496897339820862,0.04,NO,1.0,0.0,1.0,0.6740410327911377,0.029411764705882353,0.0,0.0,TIE,TIE,,,,"{""raw_logit_scores"": {""YES"": 11.279908180236816, ""NO"": 9.802925109863281}, ""label_bias_scores"": {""YES"": 11.314533233642578, ""NO"": 9.219874382019043}, ""corrected_scores"": {""YES"": -0.03462505340576172, ""NO"": 0.5830507278442383}, ""scoring_mode"": ""bias_corrected_choice_logits"", ""selected_short_label"": ""NO""}","{""raw_logit_scores"": {""YES"": 11.287665367126465, ""NO"": 9.919526100158691}, ""label_bias_scores"": {""YES"": 11.314533233642578, ""NO"": 9.219874382019043}, ""corrected_scores"": {""YES"": -0.02686786651611328, ""NO"": 0.6996517181396484}, ""scoring_mode"": ""bias_corrected_choice_logits"", ""selected_short_label"": ""NO""}"
23,EleutherAI/pythia-1b,pythia,1b,family_self,same_weights_other_chat,med_12,planning,Sketch a short plan for helping a student narrow a thesis topic without draining all of the curiosity out of it.,ELABORATE,avg_sentence_length,NO,1.0,0.0,1.0,0.6045699119567871,17.0,NO,1.0,0.0,1.0,0.5976468920707703,11.142857142857142,0.0,0.0,TIE,TIE,,,,"{""raw_logit_scores"": {""YES"": 11.41148567199707, ""NO"": 9.741369247436523}, ""label_bias_scores"": {""YES"": 11.314533233642578, ""NO"": 9.219873428344727}, ""corrected_scores"": {""YES"": 0.09695243835449219, ""NO"": 0.5214958190917969}, ""scoring_mode"": ""bias_corrected_choice_logits"", ""selected_short_label"": ""NO""}","{""raw_logit_scores"": {""YES"": 11.416413307189941, ""NO"": 9.717423439025879}, ""label_bias_scores"": {""YES"": 11.314533233642578, ""NO"": 9.219873428344727}, ""corrected_scores"": {""YES"": 0.10188007354736328, ""NO"": 0.49755001068115234}, ""scoring_mode"": ""bias_corrected_choice_logits"", ""selected_short_label"": ""NO""}"
23,EleutherAI/pythia-1b,pythia,1b,family_self,same_weights_other_chat,med_12,planning,Sketch a short plan for helping a student narrow a thesis topic without draining all of the curiosity out of it.,HEDGE,hedge_density,NO,1.0,0.0,1.0,0.7109413743019104,0.047058823529411764,NO,1.0,0.0,1.0,0.7126874327659607,0.038461538461538464,0.0,0.0,TIE,TIE,,,,"{""raw_logit_scores"": {""YES"": 11.020279884338379, ""NO"": 9.825580596923828}, ""label_bias_scores"": {""YES"": 11.314533233642578, ""NO"": 9.219873428344727}, ""corrected_scores"": {""YES"": -0.2942533493041992, ""NO"": 0.6057071685791016}, ""scoring_mode"": ""bias_corrected_choice_logits"", ""selected_short_label"": ""NO""}","{""raw_logit_scores"": {""YES"": 10.926617622375488, ""NO"": 9.740429878234863}, ""label_bias_scores"": {""YES"": 11.314533233642578, ""NO"": 9.219873428344727}, ""corrected_scores"": {""YES"": -0.38791561126708984, ""NO"": 0.5205564498901367}, ""scoring_mode"": ""bias_corrected_choice_logits"", ""selected_short_label"": ""NO""}"
23,EleutherAI/pythia-1b,pythia,1b,family_self,same_weights_other_chat,med_12,planning,Sketch a short plan for helping a student narrow a thesis topic without draining all of the curiosity out of it.,FIRST_PERSON,first_person_rate,NO,1.0,1.0,0.0,0.6625762581825256,0.0,NO,1.0,1.0,0.0,0.6562169194221497,0.0,0.0,0.0,TIE,TIE,,,,"{""raw_logit_scores"": {""YES"": 11.103087425231934, ""NO"": 9.683223724365234}, ""label_bias_scores"": {""YES"": 11.314533233642578, ""NO"": 9.219873428344727}, ""corrected_scores"": {""YES"": -0.21144580841064453, ""NO"": 0.4633502960205078}, ""scoring_mode"": ""bias_corrected_choice_logits"", ""selected_short_label"": ""NO""}","{""raw_logit_scores"": {""YES"": 11.030272483825684, ""NO"": 9.582093238830566}, ""label_bias_scores"": {""YES"": 11.314533233642578, ""NO"": 9.219873428344727}, ""corrected_scores"": {""YES"": -0.28426074981689453, ""NO"": 0.36221981048583984}, ""scoring_mode"": ""bias_corrected_choice_logits"", ""selected_short_label"": ""NO""}"
23,EleutherAI/pythia-1b,pythia,1b,family_self,same_weights_other_chat,med_12,planning,Sketch a short plan for helping a student narrow a thesis topic without draining all of the curiosity out of it.,DIRECTIVE,directive_rate,NO,1.0,0.0,1.0,0.6596561074256897,0.011764705882352941,NO,1.0,0.0,1.0,0.6616297960281372,0.01282051282051282,0.0,0.0,TIE,TIE,,,,"{""raw_logit_scores"": {""YES"": 11.354703903198242, ""NO"": 9.921806335449219}, ""label_bias_scores"": {""YES"": 11.314533233642578, ""NO"": 9.219873428344727}, ""corrected_scores"": {""YES"": 0.04017066955566406, ""NO"": 0.7019329071044922}, ""scoring_mode"": ""bias_corrected_choice_logits"", ""selected_short_label"": ""NO""}","{""raw_logit_scores"": {""YES"": 11.429065704345703, ""NO"": 10.004971504211426}, ""label_bias_scores"": {""YES"": 11.314533233642578, ""NO"": 9.219873428344727}, ""corrected_scores"": {""YES"": 0.114532470703125, ""NO"": 0.7850980758666992}, ""scoring_mode"": ""bias_corrected_choice_logits"", ""selected_short_label"": ""NO""}"
11,EleutherAI/pythia-1b,pythia,1b,stable_style_policy,same_weights_other_chat,med_01,triage,"A research tool rollout confused users, and the support inbox is filling with contradictory complaints. What should the team do in the next twenty-four hours?",ELABORATE,avg_sentence_length,NO,1.0,1.0,0.0,0.6846001744270325,5.083333333333333,NO,1.0,0.0,1.0,0.6617055535316467,24.5,1.0,0.0,OTHER,OTHER,1.0,,,"{""raw_logit_scores"": {""YES"": 10.474197387695312, ""NO"": 9.154531478881836}, ""label_bias_scores"": {""YES"": 11.314535140991211, ""NO"": 9.21987533569336}, ""corrected_scores"": {""YES"": -0.8403377532958984, ""NO"": -0.06534385681152344}, ""scoring_mode"": ""bias_corrected_choice_logits"", ""selected_short_label"": ""NO""}","{""raw_logit_scores"": {""YES"": 10.401985168457031, ""NO"": 8.978229522705078}, ""label_bias_scores"": {""YES"": 11.314535140991211, ""NO"": 9.21987533569336}, ""corrected_scores"": {""YES"": -0.9125499725341797, ""NO"": -0.24164581298828125}, ""scoring_mode"": ""bias_corrected_choice_logits"", ""selected_short_label"": ""NO""}"
11,EleutherAI/pythia-1b,pythia,1b,stable_style_policy,same_weights_other_chat,med_01,triage,"A research tool rollout confused users, and the support inbox is filling with contradictory complaints. What should the team do in the next twenty-four hours?",HEDGE,hedge_density,NO,1.0,1.0,0.0,0.7521834373474121,0.0,NO,1.0,1.0,0.0,0.7451414465904236,0.0,0.0,0.0,TIE,TIE,,,,"{""raw_logit_scores"": {""YES"": 10.285311698913574, ""NO"": 9.300943374633789}, ""label_bias_scores"": {""YES"": 11.314535140991211, ""NO"": 9.21987533569336}, ""corrected_scores"": {""YES"": -1.0292234420776367, ""NO"": 0.08106803894042969}, ""scoring_mode"": ""bias_corrected_choice_logits"", ""selected_short_label"": ""NO""}","{""raw_logit_scores"": {""YES"": 10.173980712890625, ""NO"": 9.152186393737793}, ""label_bias_scores"": {""YES"": 11.314535140991211, ""NO"": 9.21987533569336}, ""corrected_scores"": {""YES"": -1.140554428100586, ""NO"": -0.0676889419555664}, ""scoring_mode"": ""bias_corrected_choice_logits"", ""selected_short_label"": ""NO""}"
11,EleutherAI/pythia-1b,pythia,1b,stable_style_policy,same_weights_other_chat,med_01,triage,"A research tool rollout confused users, and the support inbox is filling with contradictory complaints. What should the team do in the next twenty-four hours?",FIRST_PERSON,first_person_rate,NO,1.0,0.0,1.0,0.7204055190086365,0.11475409836065574,NO,1.0,0.0,1.0,0.7076563239097595,0.02040816326530612,0.0,0.0,TIE,TIE,,,,"{""raw_logit_scores"": {""YES"": 10.317933082580566, ""NO"": 9.169747352600098}, ""label_bias_scores"": {""YES"": 11.314535140991211, ""NO"": 9.21987533569336}, ""corrected_scores"": {""YES"": -0.9966020584106445, ""NO"": -0.05012798309326172}, ""scoring_mode"": ""bias_corrected_choice_logits"", ""selected_short_label"": ""NO""}","{""raw_logit_scores"": {""YES"": 10.200422286987305, ""NO"": 8.989790916442871}, ""label_bias_scores"": {""YES"": 11.314535140991211, ""NO"": 9.21987533569336}, ""corrected_scores"": {""YES"": -1.1141128540039062, ""NO"": -0.23008441925048828}, ""scoring_mode"": ""bias_corrected_choice_logits"", ""selected_short_label"": ""NO""}"
11,EleutherAI/pythia-1b,pythia,1b,stable_style_policy,same_weights_other_chat,med_01,triage,"A research tool rollout confused users, and the support inbox is filling with contradictory complaints. What should the team do in the next twenty-four hours?",DIRECTIVE,directive_rate,NO,1.0,0.0,1.0,0.7086455225944519,0.04918032786885246,NO,1.0,0.0,1.0,0.7025629281997681,0.061224489795918366,0.0,0.0,TIE,TIE,,,,"{""raw_logit_scores"": {""YES"": 10.723793029785156, ""NO"": 9.517948150634766}, ""label_bias_scores"": {""YES"": 11.314535140991211, ""NO"": 9.21987533569336}, ""corrected_scores"": {""YES"": -0.5907421112060547, ""NO"": 0.29807281494140625}, ""scoring_mode"": ""bias_corrected_choice_logits"", ""selected_short_label"": ""NO""}","{""raw_logit_scores"": {""YES"": 10.474542617797852, ""NO"": 9.239415168762207}, ""label_bias_scores"": {""YES"": 11.314535140991211, ""NO"": 9.21987533569336}, ""corrected_scores"": {""YES"": -0.8399925231933594, ""NO"": 0.019539833068847656}, ""scoring_mode"": ""bias_corrected_choice_logits"", ""selected_short_label"": ""NO""}"
11,EleutherAI/pythia-1b,pythia,1b,stable_style_policy,same_weights_other_chat,med_02,triage,A small archive digitization effort keeps losing track of versioned files and naming conventions. What should the team fix first?,ELABORATE,avg_sentence_length,NO,1.0,0.0,1.0,0.6664374470710754,22.5,NO,1.0,0.0,1.0,0.651081919670105,17.333333333333332,0.0,0.0,TIE,TIE,,,,"{""raw_logit_scores"": {""YES"": 10.715030670166016, ""NO"": 9.312487602233887}, ""label_bias_scores"": {""YES"": 11.314530372619629, ""NO"": 9.219871520996094}, ""corrected_scores"": {""YES"": -0.5994997024536133, ""NO"": 0.09261608123779297}, ""scoring_mode"": ""bias_corrected_choice_logits"", ""selected_short_label"": ""NO""}","{""raw_logit_scores"": {""YES"": 10.624775886535645, ""NO"": 9.153915405273438}, ""label_bias_scores"": {""YES"": 11.314530372619629, ""NO"": 9.219871520996094}, ""corrected_scores"": {""YES"": -0.6897544860839844, ""NO"": -0.06595611572265625}, ""scoring_mode"": ""bias_corrected_choice_logits"", ""selected_short_label"": ""NO""}"
11,EleutherAI/pythia-1b,pythia,1b,stable_style_policy,same_weights_other_chat,med_02,triage,A small archive digitization effort keeps losing track of versioned files and naming conventions. What should the team fix first?,HEDGE,hedge_density,NO,1.0,1.0,0.0,0.7415347099304199,0.0,NO,1.0,1.0,0.0,0.7280051112174988,0.0,0.0,0.0,TIE,TIE,,,,"{""raw_logit_scores"": {""YES"": 10.54617691040039, ""NO"": 9.505478858947754}, ""label_bias_scores"": {""YES"": 11.314530372619629, ""NO"": 9.219871520996094}, ""corrected_scores"": {""YES"": -0.7683534622192383, ""NO"": 0.28560733795166016}, ""scoring_mode"": ""bias_corrected_choice_logits"", ""selected_short_label"": ""NO""}","{""raw_logit_scores"": {""YES"": 10.342655181884766, ""NO"": 9.232521057128906}, ""label_bias_scores"": {""YES"": 11.314530372619629, ""NO"": 9.219871520996094}, ""corrected_scores"": {""YES"": -0.9718751907348633, ""NO"": 0.0126495361328125}, ""scoring_mode"": ""bias_corrected_choice_logits"", ""selected_short_label"": ""NO""}"
11,EleutherAI/pythia-1b,pythia,1b,stable_style_policy,same_weights_other_chat,med_02,triage,A small archive digitization effort keeps losing track of versioned files and naming conventions. What should the team fix first?,FIRST_PERSON,first_person_rate,NO,1.0,0.0,1.0,0.7063985466957092,0.1111111111111111,NO,1.0,1.0,0.0,0.6868059635162354,0.0,1.0,0.0,SELF,OTHER,0.0,,,"{""raw_logit_scores"": {""YES"": 10.645167350769043, ""NO"": 9.428464889526367}, ""label_bias_scores"": {""YES"": 11.314530372619629, ""NO"": 9.219871520996094}, ""corrected_scores"": {""YES"": -0.6693630218505859, ""NO"": 0.20859336853027344}, ""scoring_mode"": ""bias_corrected_choice_logits"", ""selected_short_label"": ""NO""}","{""raw_logit_scores"": {""YES"": 10.410238265991211, ""NO"": 9.100808143615723}, ""label_bias_scores"": {""YES"": 11.314530372619629, ""NO"": 9.219871520996094}, ""corrected_scores"": {""YES"": -0.904292106628418, ""NO"": -0.1190633773803711}, ""scoring_mode"": ""bias_corrected_choice_logits"", ""selected_short_label"": ""NO""}"
11,EleutherAI/pythia-1b,pythia,1b,stable_style_policy,same_weights_other_chat,med_02,triage,A small archive digitization effort keeps losing track of versioned files and naming conventions. What should the team fix first?,DIRECTIVE,directive_rate,NO,1.0,0.0,1.0,0.7064199447631836,0.022222222222222223,NO,1.0,0.0,1.0,0.7052181363105774,0.057692307692307696,0.0,0.0,TIE,TIE,,,,"{""raw_logit_scores"": {""YES"": 10.80447769165039, ""NO"": 9.587878227233887}, ""label_bias_scores"": {""YES"": 11.314530372619629, ""NO"": 9.219871520996094}, ""corrected_scores"": {""YES"": -0.5100526809692383, ""NO"": 0.36800670623779297}, ""scoring_mode"": ""bias_corrected_choice_logits"", ""selected_short_label"": ""NO""}","{""raw_logit_scores"": {""YES"": 10.725313186645508, ""NO"": 9.502925872802734}, ""label_bias_scores"": {""YES"": 11.314530372619629, ""NO"": 9.219871520996094}, ""corrected_scores"": {""YES"": -0.5892171859741211, ""NO"": 0.2830543518066406}, ""scoring_mode"": ""bias_corrected_choice_logits"", ""selected_short_label"": ""NO""}"
11,EleutherAI/pythia-1b,pythia,1b,stable_style_policy,same_weights_other_chat,med_03,critique,Give feedback on a draft methods section that keeps mixing procedural detail with interpretation.,ELABORATE,avg_sentence_length,NO,1.0,0.0,1.0,0.6510229706764221,16.5,NO,1.0,0.0,1.0,0.6491391062736511,25.5,0.0,0.0,TIE,TIE,,,,"{""raw_logit_scores"": {""YES"": 11.005902290344238, ""NO"": 9.53477954864502}, ""label_bias_scores"": {""YES"": 11.314533233642578, ""NO"": 9.219871520996094}, ""corrected_scores"": {""YES"": -0.30863094329833984, ""NO"": 0.3149080276489258}, ""scoring_mode"": ""bias_corrected_choice_logits"", ""selected_short_label"": ""NO""}","{""raw_logit_scores"": {""YES"": 11.157108306884766, ""NO"": 9.677703857421875}, ""label_bias_scores"": {""YES"": 11.314533233642578, ""NO"": 9.219871520996094}, ""corrected_scores"": {""YES"": -0.1574249267578125, ""NO"": 0.45783233642578125}, ""scoring_mode"": ""bias_corrected_choice_logits"", ""selected_short_label"": ""NO""}"
11,EleutherAI/pythia-1b,pythia,1b,stable_style_policy,same_weights_other_chat,med_03,critique,Give feedback on a draft methods section that keeps mixing procedural detail with interpretation.,HEDGE,hedge_density,NO,1.0,1.0,0.0,0.7127881050109863,0.015151515151515152,NO,1.0,1.0,0.0,0.7168539762496948,0.0196078431372549,0.0,0.0,TIE,TIE,,,,"{""raw_logit_scores"": {""YES"": 10.917688369750977, ""NO"": 9.731990814208984}, ""label_bias_scores"": {""YES"": 11.314533233642578, ""NO"": 9.219871520996094}, ""corrected_scores"": {""YES"": -0.39684486389160156, ""NO"": 0.5121192932128906}, ""scoring_mode"": ""bias_corrected_choice_logits"", ""selected_short_label"": ""NO""}","{""raw_logit_scores"": {""YES"": 10.801403999328613, ""NO"": 9.635651588439941}, ""label_bias_scores"": {""YES"": 11.314533233642578, ""NO"": 9.219871520996094}, ""corrected_scores"": {""YES"": -0.5131292343139648, ""NO"": 0.41578006744384766}, ""scoring_mode"": ""bias_corrected_choice_logits"", ""selected_short_label"": ""NO""}"
11,EleutherAI/pythia-1b,pythia,1b,stable_style_policy,same_weights_other_chat,med_03,critique,Give feedback on a draft methods section that keeps mixing procedural detail with interpretation.,FIRST_PERSON,first_person_rate,NO,1.0,0.0,1.0,0.6847288608551025,0.13636363636363635,NO,1.0,0.0,1.0,0.6846736669540405,0.058823529411764705,0.0,0.0,TIE,TIE,,,,"{""raw_logit_scores"": {""YES"": 10.94444465637207, ""NO"": 9.625372886657715}, ""label_bias_scores"": {""YES"": 11.314533233642578, ""NO"": 9.219871520996094}, ""corrected_scores"": {""YES"": -0.3700885772705078, ""NO"": 0.4055013656616211}, ""scoring_mode"": ""bias_corrected_choice_logits"", ""selected_short_label"": ""NO""}","{""raw_logit_scores"": {""YES"": 10.821966171264648, ""NO"": 9.502638816833496}, ""label_bias_scores"": {""YES"": 11.314533233642578, ""NO"": 9.219871520996094}, ""corrected_scores"": {""YES"": -0.4925670623779297, ""NO"": 0.28276729583740234}, ""scoring_mode"": ""bias_corrected_choice_logits"", ""selected_short_label"": ""NO""}"
11,EleutherAI/pythia-1b,pythia,1b,stable_style_policy,same_weights_other_chat,med_03,critique,Give feedback on a draft methods section that keeps mixing procedural detail with interpretation.,DIRECTIVE,directive_rate,NO,1.0,0.0,1.0,0.6712538003921509,0.030303030303030304,NO,1.0,0.0,1.0,0.6802425384521484,0.0784313725490196,0.0,0.0,TIE,TIE,,,,"{""raw_logit_scores"": {""YES"": 11.187868118286133, ""NO"": 9.80706787109375}, ""label_bias_scores"": {""YES"": 11.314533233642578, ""NO"": 9.219871520996094}, ""corrected_scores"": {""YES"": -0.1266651153564453, ""NO"": 0.5871963500976562}, ""scoring_mode"": ""bias_corrected_choice_logits"", ""selected_short_label"": ""NO""}","{""raw_logit_scores"": {""YES"": 11.162182807922363, ""NO"": 9.822407722473145}, ""label_bias_scores"": {""YES"": 11.314533233642578, ""NO"": 9.219871520996094}, ""corrected_scores"": {""YES"": -0.15235042572021484, ""NO"": 0.6025362014770508}, ""scoring_mode"": ""bias_corrected_choice_logits"", ""selected_short_label"": ""NO""}"
11,EleutherAI/pythia-1b,pythia,1b,stable_style_policy,same_weights_other_chat,med_04,critique,Give feedback on a student memo that is polite and energetic but hides the main recommendation until the end.,ELABORATE,avg_sentence_length,NO,1.0,0.0,1.0,0.7535054087638855,16.333333333333332,NO,1.0,0.0,1.0,0.735980212688446,16.666666666666668,0.0,0.0,TIE,TIE,,,,"{""raw_logit_scores"": {""YES"": 10.575542449951172, ""NO"": 9.598278999328613}, ""label_bias_scores"": {""YES"": 11.314532279968262, ""NO"": 9.21987247467041}, ""corrected_scores"": {""YES"": -0.7389898300170898, ""NO"": 0.3784065246582031}, ""scoring_mode"": ""bias_corrected_choice_logits"", ""selected_short_label"": ""NO""}","{""raw_logit_scores"": {""YES"": 10.597867965698242, ""NO"": 9.528387069702148}, ""label_bias_scores"": {""YES"": 11.314532279968262, ""NO"": 9.21987247467041}, ""corrected_scores"": {""YES"": -0.7166643142700195, ""NO"": 0.3085145950317383}, ""scoring_mode"": ""bias_corrected_choice_logits"", ""selected_short_label"": ""NO""}"
11,EleutherAI/pythia-1b,pythia,1b,stable_style_policy,same_weights_other_chat,med_04,critique,Give feedback on a student memo that is polite and energetic but hides the main recommendation until the end.,HEDGE,hedge_density,NO,1.0,0.0,1.0,0.7961312532424927,0.02040816326530612,NO,1.0,1.0,0.0,0.7848288416862488,0.0,1.0,0.0,SELF,OTHER,0.0,,,"{""raw_logit_scores"": {""YES"": 10.480326652526855, ""NO"": 9.747954368591309}, ""label_bias_scores"": {""YES"": 11.314532279968262, ""NO"": 9.21987247467041}, ""corrected_scores"": {""YES"": -0.8342056274414062, ""NO"": 0.5280818939208984}, ""scoring_mode"": ""bias_corrected_choice_logits"", ""selected_short_label"": ""NO""}","{""raw_logit_scores"": {""YES"": 10.371747016906738, ""NO"": 9.57111930847168}, ""label_bias_scores"": {""YES"": 11.314532279968262, ""NO"": 9.21987247467041}, ""corrected_scores"": {""YES"": -0.9427852630615234, ""NO"": 0.35124683380126953}, ""scoring_mode"": ""bias_corrected_choice_logits"", ""selected_short_label"": ""NO""}"
11,EleutherAI/pythia-1b,pythia,1b,stable_style_policy,same_weights_other_chat,med_04,critique,Give feedback on a student memo that is polite and energetic but hides the main recommendation until the end.,FIRST_PERSON,first_person_rate,NO,1.0,0.0,1.0,0.7785056233406067,0.10204081632653061,NO,1.0,0.0,1.0,0.7599537372589111,0.1,0.0,0.0,TIE,TIE,,,,"{""raw_logit_scores"": {""YES"": 10.465352058410645, ""NO"": 9.627671241760254}, ""label_bias_scores"": {""YES"": 11.314532279968262, ""NO"": 9.21987247467041}, ""corrected_scores"": {""YES"": -0.8491802215576172, ""NO"": 0.40779876708984375}, ""scoring_mode"": ""bias_corrected_choice_logits"", ""selected_short_label"": ""NO""}","{""raw_logit_scores"": {""YES"": 10.377678871154785, ""NO"": 9.435444831848145}, ""label_bias_scores"": {""YES"": 11.314532279968262, ""NO"": 9.21987247467041}, ""corrected_scores"": {""YES"": -0.9368534088134766, ""NO"": 0.21557235717773438}, ""scoring_mode"": ""bias_corrected_choice_logits"", ""selected_short_label"": ""NO""}"
11,EleutherAI/pythia-1b,pythia,1b,stable_style_policy,same_weights_other_chat,med_04,critique,Give feedback on a student memo that is polite and energetic but hides the main recommendation until the end.,DIRECTIVE,directive_rate,NO,1.0,0.0,1.0,0.7548862099647522,0.061224489795918366,NO,1.0,0.0,1.0,0.7549389600753784,0.04,0.0,0.0,TIE,TIE,,,,"{""raw_logit_scores"": {""YES"": 10.689600944519043, ""NO"": 9.719785690307617}, ""label_bias_scores"": {""YES"": 11.314532279968262, ""NO"": 9.21987247467041}, ""corrected_scores"": {""YES"": -0.6249313354492188, ""NO"": 0.49991321563720703}, ""scoring_mode"": ""bias_corrected_choice_logits"", ""selected_short_label"": ""NO""}","{""raw_logit_scores"": {""YES"": 10.790912628173828, ""NO"": 9.821382522583008}, ""label_bias_scores"": {""YES"": 11.314532279968262, ""NO"": 9.21987247467041}, ""corrected_scores"": {""YES"": -0.5236196517944336, ""NO"": 0.6015100479125977}, ""scoring_mode"": ""bias_corrected_choice_logits"", ""selected_short_label"": ""NO""}"
11,EleutherAI/pythia-1b,pythia,1b,stable_style_policy,same_weights_other_chat,med_05,policy,Write a short policy note on how a small lab should document assumptions before shipping an internal tool update.,ELABORATE,avg_sentence_length,NO,1.0,0.0,1.0,0.6832959055900574,21.0,NO,1.0,0.0,1.0,0.6715036034584045,14.0,0.0,0.0,TIE,TIE,,,,"{""raw_logit_scores"": {""YES"": 10.875001907348633, ""NO"": 9.549302101135254}, ""label_bias_scores"": {""YES"": 11.314532279968262, ""NO"": 9.21987247467041}, ""corrected_scores"": {""YES"": -0.4395303726196289, ""NO"": 0.32942962646484375}, ""scoring_mode"": ""bias_corrected_choice_logits"", ""selected_short_label"": ""NO""}","{""raw_logit_scores"": {""YES"": 10.834349632263184, ""NO"": 9.454683303833008}, ""label_bias_scores"": {""YES"": 11.314532279968262, ""NO"": 9.21987247467041}, ""corrected_scores"": {""YES"": -0.4801826477050781, ""NO"": 0.23481082916259766}, ""scoring_mode"": ""bias_corrected_choice_logits"", ""selected_short_label"": ""NO""}"
11,EleutherAI/pythia-1b,pythia,1b,stable_style_policy,same_weights_other_chat,med_05,policy,Write a short policy note on how a small lab should document assumptions before shipping an internal tool update.,HEDGE,hedge_density,NO,1.0,1.0,0.0,0.7458961009979248,0.0,NO,1.0,1.0,0.0,0.741712749004364,0.0,0.0,0.0,TIE,TIE,,,,"{""raw_logit_scores"": {""YES"": 10.681035041809082, ""NO"": 9.66321849822998}, ""label_bias_scores"": {""YES"": 11.314532279968262, ""NO"": 9.21987247467041}, ""corrected_scores"": {""YES"": -0.6334972381591797, ""NO"": 0.4433460235595703}, ""scoring_mode"": ""bias_corrected_choice_logits"", ""selected_short_label"": ""NO""}","{""raw_logit_scores"": {""YES"": 10.487009048461914, ""NO"": 9.44723892211914}, ""label_bias_scores"": {""YES"": 11.314532279968262, ""NO"": 9.21987247467041}, ""corrected_scores"": {""YES"": -0.8275232315063477, ""NO"": 0.22736644744873047}, ""scoring_mode"": ""bias_corrected_choice_logits"", ""selected_short_label"": ""NO""}"
11,EleutherAI/pythia-1b,pythia,1b,stable_style_policy,same_weights_other_chat,med_05,policy,Write a short policy note on how a small lab should document assumptions before shipping an internal tool update.,FIRST_PERSON,first_person_rate,NO,1.0,0.0,1.0,0.7043853998184204,0.047619047619047616,NO,1.0,0.0,1.0,0.6984889507293701,0.09523809523809523,0.0,0.0,TIE,TIE,,,,"{""raw_logit_scores"": {""YES"": 10.754315376281738, ""NO"": 9.527924537658691}, ""label_bias_scores"": {""YES"": 11.314532279968262, ""NO"": 9.21987247467041}, ""corrected_scores"": {""YES"": -0.5602169036865234, ""NO"": 0.30805206298828125}, ""scoring_mode"": ""bias_corrected_choice_logits"", ""selected_short_label"": ""NO""}","{""raw_logit_scores"": {""YES"": 10.564680099487305, ""NO"": 9.31013298034668}, ""label_bias_scores"": {""YES"": 11.314532279968262, ""NO"": 9.21987247467041}, ""corrected_scores"": {""YES"": -0.749852180480957, ""NO"": 0.09026050567626953}, ""scoring_mode"": ""bias_corrected_choice_logits"", ""selected_short_label"": ""NO""}"
11,EleutherAI/pythia-1b,pythia,1b,stable_style_policy,same_weights_other_chat,med_05,policy,Write a short policy note on how a small lab should document assumptions before shipping an internal tool update.,DIRECTIVE,directive_rate,NO,1.0,0.0,1.0,0.6978008151054382,0.023809523809523808,NO,1.0,0.0,1.0,0.7035449147224426,0.09523809523809523,0.0,0.0,TIE,TIE,,,,"{""raw_logit_scores"": {""YES"": 10.907631874084473, ""NO"": 9.649819374084473}, ""label_bias_scores"": {""YES"": 11.314532279968262, ""NO"": 9.21987247467041}, ""corrected_scores"": {""YES"": -0.40690040588378906, ""NO"": 0.4299468994140625}, ""scoring_mode"": ""bias_corrected_choice_logits"", ""selected_short_label"": ""NO""}","{""raw_logit_scores"": {""YES"": 10.950529098510742, ""NO"": 9.720105171203613}, ""label_bias_scores"": {""YES"": 11.314532279968262, ""NO"": 9.21987247467041}, ""corrected_scores"": {""YES"": -0.36400318145751953, ""NO"": 0.5002326965332031}, ""scoring_mode"": ""bias_corrected_choice_logits"", ""selected_short_label"": ""NO""}"
11,EleutherAI/pythia-1b,pythia,1b,stable_style_policy,same_weights_other_chat,med_06,policy,Write a short policy note on how a museum team should record changes to exhibit labels during revision.,ELABORATE,avg_sentence_length,NO,1.0,0.0,1.0,0.6640575528144836,11.8,NO,1.0,0.0,1.0,0.6642353534698486,13.833333333333334,0.0,0.0,TIE,TIE,,,,"{""raw_logit_scores"": {""YES"": 10.376758575439453, ""NO"": 8.963525772094727}, ""label_bias_scores"": {""YES"": 11.314533233642578, ""NO"": 9.219871520996094}, ""corrected_scores"": {""YES"": -0.937774658203125, ""NO"": -0.2563457489013672}, ""scoring_mode"": ""bias_corrected_choice_logits"", ""selected_short_label"": ""NO""}","{""raw_logit_scores"": {""YES"": 10.315956115722656, ""NO"": 8.903520584106445}, ""label_bias_scores"": {""YES"": 11.314533233642578, ""NO"": 9.219871520996094}, ""corrected_scores"": {""YES"": -0.9985771179199219, ""NO"": -0.31635093688964844}, ""scoring_mode"": ""bias_corrected_choice_logits"", ""selected_short_label"": ""NO""}"
11,EleutherAI/pythia-1b,pythia,1b,stable_style_policy,same_weights_other_chat,med_06,policy,Write a short policy note on how a museum team should record changes to exhibit labels during revision.,HEDGE,hedge_density,NO,1.0,1.0,0.0,0.7317304015159607,0.01694915254237288,NO,1.0,1.0,0.0,0.7379021644592285,0.012048192771084338,0.0,0.0,TIE,TIE,,,,"{""raw_logit_scores"": {""YES"": 10.306571006774902, ""NO"": 9.21532917022705}, ""label_bias_scores"": {""YES"": 11.314533233642578, ""NO"": 9.219871520996094}, ""corrected_scores"": {""YES"": -1.0079622268676758, ""NO"": -0.004542350769042969}, ""scoring_mode"": ""bias_corrected_choice_logits"", ""selected_short_label"": ""NO""}","{""raw_logit_scores"": {""YES"": 10.046521186828613, ""NO"": 8.986952781677246}, ""label_bias_scores"": {""YES"": 11.314533233642578, ""NO"": 9.219871520996094}, ""corrected_scores"": {""YES"": -1.2680120468139648, ""NO"": -0.23291873931884766}, ""scoring_mode"": ""bias_corrected_choice_logits"", ""selected_short_label"": ""NO""}"
11,EleutherAI/pythia-1b,pythia,1b,stable_style_policy,same_weights_other_chat,med_06,policy,Write a short policy note on how a museum team should record changes to exhibit labels during revision.,FIRST_PERSON,first_person_rate,NO,1.0,0.0,1.0,0.6859387755393982,0.1016949152542373,NO,1.0,0.0,1.0,0.6899141073226929,0.024096385542168676,0.0,0.0,TIE,TIE,,,,"{""raw_logit_scores"": {""YES"": 10.268514633178711, ""NO"": 8.955053329467773}, ""label_bias_scores"": {""YES"": 11.314533233642578, ""NO"": 9.219871520996094}, ""corrected_scores"": {""YES"": -1.0460186004638672, ""NO"": -0.2648181915283203}, ""scoring_mode"": ""bias_corrected_choice_logits"", ""selected_short_label"": ""NO""}","{""raw_logit_scores"": {""YES"": 10.030275344848633, ""NO"": 8.735331535339355}, ""label_bias_scores"": {""YES"": 11.314533233642578, ""NO"": 9.219871520996094}, ""corrected_scores"": {""YES"": -1.2842578887939453, ""NO"": -0.4845399856567383}, ""scoring_mode"": ""bias_corrected_choice_logits"", ""selected_short_label"": ""NO""}"
11,EleutherAI/pythia-1b,pythia,1b,stable_style_policy,same_weights_other_chat,med_06,policy,Write a short policy note on how a museum team should record changes to exhibit labels during revision.,DIRECTIVE,directive_rate,NO,1.0,0.0,1.0,0.6624932885169983,0.01694915254237288,NO,1.0,1.0,0.0,0.6794410943984985,0.0,1.0,0.0,SELF,OTHER,0.0,,,"{""raw_logit_scores"": {""YES"": 10.457316398620605, ""NO"": 9.037079811096191}, ""label_bias_scores"": {""YES"": 11.314533233642578, ""NO"": 9.219871520996094}, ""corrected_scores"": {""YES"": -0.8572168350219727, ""NO"": -0.18279170989990234}, ""scoring_mode"": ""bias_corrected_choice_logits"", ""selected_short_label"": ""NO""}","{""raw_logit_scores"": {""YES"": 10.443156242370605, ""NO"": 9.099699020385742}, ""label_bias_scores"": {""YES"": 11.314533233642578, ""NO"": 9.219871520996094}, ""corrected_scores"": {""YES"": -0.8713769912719727, ""NO"": -0.12017250061035156}, ""scoring_mode"": ""bias_corrected_choice_logits"", ""selected_short_label"": ""NO""}"
11,EleutherAI/pythia-1b,pythia,1b,stable_style_policy,same_weights_other_chat,med_07,diagnosis,Diagnose why a project meeting feels productive in the room but leaves everyone unclear about the next step.,ELABORATE,avg_sentence_length,NO,1.0,0.0,1.0,0.6972225308418274,27.333333333333332,NO,1.0,0.0,1.0,0.6759319305419922,20.75,0.0,0.0,TIE,TIE,,,,"{""raw_logit_scores"": {""YES"": 10.910223007202148, ""NO"": 9.649669647216797}, ""label_bias_scores"": {""YES"": 11.314532279968262, ""NO"": 9.21987247467041}, ""corrected_scores"": {""YES"": -0.4043092727661133, ""NO"": 0.4297971725463867}, ""scoring_mode"": ""bias_corrected_choice_logits"", ""selected_short_label"": ""NO""}","{""raw_logit_scores"": {""YES"": 10.885951042175293, ""NO"": 9.526430130004883}, ""label_bias_scores"": {""YES"": 11.314532279968262, ""NO"": 9.21987247467041}, ""corrected_scores"": {""YES"": -0.42858123779296875, ""NO"": 0.30655765533447266}, ""scoring_mode"": ""bias_corrected_choice_logits"", ""selected_short_label"": ""NO""}"
11,EleutherAI/pythia-1b,pythia,1b,stable_style_policy,same_weights_other_chat,med_07,diagnosis,Diagnose why a project meeting feels productive in the room but leaves everyone unclear about the next step.,HEDGE,hedge_density,NO,1.0,1.0,0.0,0.7660169005393982,0.0,NO,1.0,1.0,0.0,0.7541160583496094,0.0,0.0,0.0,TIE,TIE,,,,"{""raw_logit_scores"": {""YES"": 10.629990577697754, ""NO"": 9.721285820007324}, ""label_bias_scores"": {""YES"": 11.314532279968262, ""NO"": 9.21987247467041}, ""corrected_scores"": {""YES"": -0.6845417022705078, ""NO"": 0.5014133453369141}, ""scoring_mode"": ""bias_corrected_choice_logits"", ""selected_short_label"": ""NO""}","{""raw_logit_scores"": {""YES"": 10.467768669128418, ""NO"": 9.493795394897461}, ""label_bias_scores"": {""YES"": 11.314532279968262, ""NO"": 9.21987247467041}, ""corrected_scores"": {""YES"": -0.8467636108398438, ""NO"": 0.2739229202270508}, ""scoring_mode"": ""bias_corrected_choice_logits"", ""selected_short_label"": ""NO""}"
11,EleutherAI/pythia-1b,pythia,1b,stable_style_policy,same_weights_other_chat,med_07,diagnosis,Diagnose why a project meeting feels productive in the room but leaves everyone unclear about the next step.,FIRST_PERSON,first_person_rate,NO,1.0,0.0,1.0,0.7347926497459412,0.036585365853658534,NO,1.0,0.0,1.0,0.7098203897476196,0.0963855421686747,0.0,0.0,TIE,TIE,,,,"{""raw_logit_scores"": {""YES"": 10.678078651428223, ""NO"": 9.602495193481445}, ""label_bias_scores"": {""YES"": 11.314532279968262, ""NO"": 9.21987247467041}, ""corrected_scores"": {""YES"": -0.6364536285400391, ""NO"": 0.38262271881103516}, ""scoring_mode"": ""bias_corrected_choice_logits"", ""selected_short_label"": ""NO""}","{""raw_logit_scores"": {""YES"": 10.545483589172363, ""NO"": 9.345335960388184}, ""label_bias_scores"": {""YES"": 11.314532279968262, ""NO"": 9.21987247467041}, ""corrected_scores"": {""YES"": -0.7690486907958984, ""NO"": 0.12546348571777344}, ""scoring_mode"": ""bias_corrected_choice_logits"", ""selected_short_label"": ""NO""}"
11,EleutherAI/pythia-1b,pythia,1b,stable_style_policy,same_weights_other_chat,med_07,diagnosis,Diagnose why a project meeting feels productive in the room but leaves everyone unclear about the next step.,DIRECTIVE,directive_rate,NO,1.0,0.0,1.0,0.7114516496658325,0.012195121951219513,NO,1.0,1.0,0.0,0.7026340961456299,0.0,1.0,0.0,SELF,OTHER,0.0,,,"{""raw_logit_scores"": {""YES"": 10.931245803833008, ""NO"": 9.739030838012695}, ""label_bias_scores"": {""YES"": 11.314532279968262, ""NO"": 9.21987247467041}, ""corrected_scores"": {""YES"": -0.3832864761352539, ""NO"": 0.5191583633422852}, ""scoring_mode"": ""bias_corrected_choice_logits"", ""selected_short_label"": ""NO""}","{""raw_logit_scores"": {""YES"": 11.035694122314453, ""NO"": 9.800907135009766}, ""label_bias_scores"": {""YES"": 11.314532279968262, ""NO"": 9.21987247467041}, ""corrected_scores"": {""YES"": -0.2788381576538086, ""NO"": 0.5810346603393555}, ""scoring_mode"": ""bias_corrected_choice_logits"", ""selected_short_label"": ""NO""}"
11,EleutherAI/pythia-1b,pythia,1b,stable_style_policy,same_weights_other_chat,med_08,diagnosis,Diagnose why a paragraph sounds intelligent but still fails to tell the reader what claim matters most.,ELABORATE,avg_sentence_length,NO,1.0,0.0,1.0,0.6748702526092529,14.5,NO,1.0,0.0,1.0,0.6587445139884949,20.333333333333332,0.0,0.0,TIE,TIE,,,,"{""raw_logit_scores"": {""YES"": 11.015131950378418, ""NO"": 9.650766372680664}, ""label_bias_scores"": {""YES"": 11.314533233642578, ""NO"": 9.219871520996094}, ""corrected_scores"": {""YES"": -0.29940128326416016, ""NO"": 0.4308948516845703}, ""scoring_mode"": ""bias_corrected_choice_logits"", ""selected_short_label"": ""NO""}","{""raw_logit_scores"": {""YES"": 10.974132537841797, ""NO"": 9.537175178527832}, ""label_bias_scores"": {""YES"": 11.314533233642578, ""NO"": 9.219871520996094}, ""corrected_scores"": {""YES"": -0.34040069580078125, ""NO"": 0.3173036575317383}, ""scoring_mode"": ""bias_corrected_choice_logits"", ""selected_short_label"": ""NO""}"
11,EleutherAI/pythia-1b,pythia,1b,stable_style_policy,same_weights_other_chat,med_08,diagnosis,Diagnose why a paragraph sounds intelligent but still fails to tell the reader what claim matters most.,HEDGE,hedge_density,NO,1.0,1.0,0.0,0.7300596833229065,0.011494252873563218,NO,1.0,1.0,0.0,0.7190350294113159,0.0,0.0,0.0,TIE,TIE,,,,"{""raw_logit_scores"": {""YES"": 10.896835327148438, ""NO"": 9.797099113464355}, ""label_bias_scores"": {""YES"": 11.314533233642578, ""NO"": 9.219871520996094}, ""corrected_scores"": {""YES"": -0.4176979064941406, ""NO"": 0.5772275924682617}, ""scoring_mode"": ""bias_corrected_choice_logits"", ""selected_short_label"": ""NO""}","{""raw_logit_scores"": {""YES"": 10.653654098510742, ""NO"": 9.498672485351562}, ""label_bias_scores"": {""YES"": 11.314533233642578, ""NO"": 9.219871520996094}, ""corrected_scores"": {""YES"": -0.6608791351318359, ""NO"": 0.27880096435546875}, ""scoring_mode"": ""bias_corrected_choice_logits"", ""selected_short_label"": ""NO""}"
11,EleutherAI/pythia-1b,pythia,1b,stable_style_policy,same_weights_other_chat,med_08,diagnosis,Diagnose why a paragraph sounds intelligent but still fails to tell the reader what claim matters most.,FIRST_PERSON,first_person_rate,NO,1.0,1.0,0.0,0.7130466103553772,0.0,NO,1.0,1.0,0.0,0.7002936601638794,0.0,0.0,0.0,TIE,TIE,,,,"{""raw_logit_scores"": {""YES"": 10.856008529663086, ""NO"": 9.671573638916016}, ""label_bias_scores"": {""YES"": 11.314533233642578, ""NO"": 9.219871520996094}, ""corrected_scores"": {""YES"": -0.4585247039794922, ""NO"": 0.4517021179199219}, ""scoring_mode"": ""bias_corrected_choice_logits"", ""selected_short_label"": ""NO""}","{""raw_logit_scores"": {""YES"": 10.625321388244629, ""NO"": 9.379356384277344}, ""label_bias_scores"": {""YES"": 11.314533233642578, ""NO"": 9.219871520996094}, ""corrected_scores"": {""YES"": -0.6892118453979492, ""NO"": 0.15948486328125}, ""scoring_mode"": ""bias_corrected_choice_logits"", ""selected_short_label"": ""NO""}"
11,EleutherAI/pythia-1b,pythia,1b,stable_style_policy,same_weights_other_chat,med_08,diagnosis,Diagnose why a paragraph sounds intelligent but still fails to tell the reader what claim matters most.,DIRECTIVE,directive_rate,NO,1.0,0.0,1.0,0.6935834288597107,0.034482758620689655,NO,1.0,1.0,0.0,0.6901568174362183,0.0,1.0,0.0,SELF,OTHER,0.0,,,"{""raw_logit_scores"": {""YES"": 11.033676147460938, ""NO"": 9.755940437316895}, ""label_bias_scores"": {""YES"": 11.314533233642578, ""NO"": 9.219871520996094}, ""corrected_scores"": {""YES"": -0.2808570861816406, ""NO"": 0.5360689163208008}, ""scoring_mode"": ""bias_corrected_choice_logits"", ""selected_short_label"": ""NO""}","{""raw_logit_scores"": {""YES"": 11.089202880859375, ""NO"": 9.795393943786621}, ""label_bias_scores"": {""YES"": 11.314533233642578, ""NO"": 9.219871520996094}, ""corrected_scores"": {""YES"": -0.22533035278320312, ""NO"": 0.5755224227905273}, ""scoring_mode"": ""bias_corrected_choice_logits"", ""selected_short_label"": ""NO""}"
11,EleutherAI/pythia-1b,pythia,1b,stable_style_policy,same_weights_other_chat,med_09,comparison,Compare field notes and retrospective summaries as records of what actually happened during a research visit.,ELABORATE,avg_sentence_length,NO,1.0,0.0,1.0,0.6069993376731873,29.5,NO,1.0,0.0,1.0,0.5886921882629395,19.25,0.0,0.0,TIE,TIE,,,,"{""raw_logit_scores"": {""YES"": 10.328512191772461, ""NO"": 8.668570518493652}, ""label_bias_scores"": {""YES"": 11.314532279968262, ""NO"": 9.219874382019043}, ""corrected_scores"": {""YES"": -0.9860200881958008, ""NO"": -0.5513038635253906}, ""scoring_mode"": ""bias_corrected_choice_logits"", ""selected_short_label"": ""NO""}","{""raw_logit_scores"": {""YES"": 10.569905281066895, ""NO"": 8.833808898925781}, ""label_bias_scores"": {""YES"": 11.314532279968262, ""NO"": 9.219874382019043}, ""corrected_scores"": {""YES"": -0.7446269989013672, ""NO"": -0.3860654830932617}, ""scoring_mode"": ""bias_corrected_choice_logits"", ""selected_short_label"": ""NO""}"
11,EleutherAI/pythia-1b,pythia,1b,stable_style_policy,same_weights_other_chat,med_09,comparison,Compare field notes and retrospective summaries as records of what actually happened during a research visit.,HEDGE,hedge_density,NO,1.0,0.0,1.0,0.6961274147033691,0.03389830508474576,NO,1.0,1.0,0.0,0.6935173273086548,0.0,1.0,0.0,SELF,OTHER,0.0,,,"{""raw_logit_scores"": {""YES"": 10.397161483764648, ""NO"": 9.131427764892578}, ""label_bias_scores"": {""YES"": 11.314532279968262, ""NO"": 9.219874382019043}, ""corrected_scores"": {""YES"": -0.9173707962036133, ""NO"": -0.08844661712646484}, ""scoring_mode"": ""bias_corrected_choice_logits"", ""selected_short_label"": ""NO""}","{""raw_logit_scores"": {""YES"": 10.326288223266602, ""NO"": 9.048245429992676}, ""label_bias_scores"": {""YES"": 11.314532279968262, ""NO"": 9.219874382019043}, ""corrected_scores"": {""YES"": -0.9882440567016602, ""NO"": -0.1716289520263672}, ""scoring_mode"": ""bias_corrected_choice_logits"", ""selected_short_label"": ""NO""}"
11,EleutherAI/pythia-1b,pythia,1b,stable_style_policy,same_weights_other_chat,med_09,comparison,Compare field notes and retrospective summaries as records of what actually happened during a research visit.,FIRST_PERSON,first_person_rate,NO,1.0,0.0,1.0,0.655850887298584,0.06779661016949153,NO,1.0,0.0,1.0,0.6457273364067078,0.012987012987012988,0.0,0.0,TIE,TIE,,,,"{""raw_logit_scores"": {""YES"": 10.269552230834961, ""NO"": 8.81975269317627}, ""label_bias_scores"": {""YES"": 11.314532279968262, ""NO"": 9.219874382019043}, ""corrected_scores"": {""YES"": -1.0449800491333008, ""NO"": -0.40012168884277344}, ""scoring_mode"": ""bias_corrected_choice_logits"", ""selected_short_label"": ""NO""}","{""raw_logit_scores"": {""YES"": 10.260603904724121, ""NO"": 8.766256332397461}, ""label_bias_scores"": {""YES"": 11.314532279968262, ""NO"": 9.219874382019043}, ""corrected_scores"": {""YES"": -1.0539283752441406, ""NO"": -0.45361804962158203}, ""scoring_mode"": ""bias_corrected_choice_logits"", ""selected_short_label"": ""NO""}"
11,EleutherAI/pythia-1b,pythia,1b,stable_style_policy,same_weights_other_chat,med_09,comparison,Compare field notes and retrospective summaries as records of what actually happened during a research visit.,DIRECTIVE,directive_rate,NO,1.0,0.0,1.0,0.6184200048446655,0.03389830508474576,NO,1.0,0.0,1.0,0.6293964982032776,0.012987012987012988,0.0,0.0,TIE,TIE,,,,"{""raw_logit_scores"": {""YES"": 10.50243854522705, ""NO"": 8.89062786102295}, ""label_bias_scores"": {""YES"": 11.314532279968262, ""NO"": 9.219874382019043}, ""corrected_scores"": {""YES"": -0.8120937347412109, ""NO"": -0.32924652099609375}, ""scoring_mode"": ""bias_corrected_choice_logits"", ""selected_short_label"": ""NO""}","{""raw_logit_scores"": {""YES"": 10.629134178161621, ""NO"": 9.064105033874512}, ""label_bias_scores"": {""YES"": 11.314532279968262, ""NO"": 9.219874382019043}, ""corrected_scores"": {""YES"": -0.6853981018066406, ""NO"": -0.15576934814453125}, ""scoring_mode"": ""bias_corrected_choice_logits"", ""selected_short_label"": ""NO""}"
11,EleutherAI/pythia-1b,pythia,1b,stable_style_policy,same_weights_other_chat,med_10,comparison,Compare an internal checklist and a polished postmortem as tools for preventing the same operational mistake twice.,ELABORATE,avg_sentence_length,NO,1.0,0.0,1.0,0.7139089107513428,11.333333333333334,NO,1.0,0.0,1.0,0.6995537877082825,28.0,0.0,0.0,TIE,TIE,,,,"{""raw_logit_scores"": {""YES"": 10.04792594909668, ""NO"": 8.867709159851074}, ""label_bias_scores"": {""YES"": 11.314533233642578, ""NO"": 9.219871520996094}, ""corrected_scores"": {""YES"": -1.2666072845458984, ""NO"": -0.35216236114501953}, ""scoring_mode"": ""bias_corrected_choice_logits"", ""selected_short_label"": ""NO""}","{""raw_logit_scores"": {""YES"": 10.134489059448242, ""NO"": 8.885001182556152}, ""label_bias_scores"": {""YES"": 11.314533233642578, ""NO"": 9.219871520996094}, ""corrected_scores"": {""YES"": -1.180044174194336, ""NO"": -0.3348703384399414}, ""scoring_mode"": ""bias_corrected_choice_logits"", ""selected_short_label"": ""NO""}"
11,EleutherAI/pythia-1b,pythia,1b,stable_style_policy,same_weights_other_chat,med_10,comparison,Compare an internal checklist and a polished postmortem as tools for preventing the same operational mistake twice.,HEDGE,hedge_density,NO,1.0,1.0,0.0,0.7586947083473206,0.0,NO,1.0,1.0,0.0,0.75429368019104,0.0,0.0,0.0,TIE,TIE,,,,"{""raw_logit_scores"": {""YES"": 10.071080207824707, ""NO"": 9.121954917907715}, ""label_bias_scores"": {""YES"": 11.314533233642578, ""NO"": 9.219871520996094}, ""corrected_scores"": {""YES"": -1.243453025817871, ""NO"": -0.0979166030883789}, ""scoring_mode"": ""bias_corrected_choice_logits"", ""selected_short_label"": ""NO""}","{""raw_logit_scores"": {""YES"": 9.954273223876953, ""NO"": 8.981256484985352}, ""label_bias_scores"": {""YES"": 11.314533233642578, ""NO"": 9.219871520996094}, ""corrected_scores"": {""YES"": -1.360260009765625, ""NO"": -0.2386150360107422}, ""scoring_mode"": ""bias_corrected_choice_logits"", ""selected_short_label"": ""NO""}"
11,EleutherAI/pythia-1b,pythia,1b,stable_style_policy,same_weights_other_chat,med_10,comparison,Compare an internal checklist and a polished postmortem as tools for preventing the same operational mistake twice.,FIRST_PERSON,first_person_rate,NO,1.0,1.0,0.0,0.7476217150688171,0.0,NO,1.0,0.0,1.0,0.7357261776924133,0.03571428571428571,1.0,0.0,OTHER,OTHER,1.0,,,"{""raw_logit_scores"": {""YES"": 9.94064998626709, ""NO"": 8.93195629119873}, ""label_bias_scores"": {""YES"": 11.314533233642578, ""NO"": 9.219871520996094}, ""corrected_scores"": {""YES"": -1.3738832473754883, ""NO"": -0.2879152297973633}, ""scoring_mode"": ""bias_corrected_choice_logits"", ""selected_short_label"": ""NO""}","{""raw_logit_scores"": {""YES"": 9.864531517028809, ""NO"": 8.793742179870605}, ""label_bias_scores"": {""YES"": 11.314533233642578, ""NO"": 9.219871520996094}, ""corrected_scores"": {""YES"": -1.4500017166137695, ""NO"": -0.4261293411254883}, ""scoring_mode"": ""bias_corrected_choice_logits"", ""selected_short_label"": ""NO""}"
11,EleutherAI/pythia-1b,pythia,1b,stable_style_policy,same_weights_other_chat,med_10,comparison,Compare an internal checklist and a polished postmortem as tools for preventing the same operational mistake twice.,DIRECTIVE,directive_rate,NO,1.0,1.0,0.0,0.7157145142555237,0.0,NO,1.0,1.0,0.0,0.7218267321586609,0.0,0.0,0.0,TIE,TIE,,,,"{""raw_logit_scores"": {""YES"": 10.264134407043457, ""NO"": 9.092775344848633}, ""label_bias_scores"": {""YES"": 11.314533233642578, ""NO"": 9.219871520996094}, ""corrected_scores"": {""YES"": -1.050398826599121, ""NO"": -0.12709617614746094}, ""scoring_mode"": ""bias_corrected_choice_logits"", ""selected_short_label"": ""NO""}","{""raw_logit_scores"": {""YES"": 10.346988677978516, ""NO"": 9.205867767333984}, ""label_bias_scores"": {""YES"": 11.314533233642578, ""NO"": 9.219871520996094}, ""corrected_scores"": {""YES"": -0.9675445556640625, ""NO"": -0.014003753662109375}, ""scoring_mode"": ""bias_corrected_choice_logits"", ""selected_short_label"": ""NO""}"
11,EleutherAI/pythia-1b,pythia,1b,stable_style_policy,same_weights_other_chat,med_11,planning,Sketch a short plan for turning a pile of scattered observations into a usable incident timeline.,ELABORATE,avg_sentence_length,NO,1.0,0.0,1.0,0.6803112030029297,12.5,NO,1.0,0.0,1.0,0.6969552636146545,16.0,0.0,0.0,TIE,TIE,,,,"{""raw_logit_scores"": {""YES"": 10.907872200012207, ""NO"": 9.568416595458984}, ""label_bias_scores"": {""YES"": 11.314532279968262, ""NO"": 9.219874382019043}, ""corrected_scores"": {""YES"": -0.4066600799560547, ""NO"": 0.3485422134399414}, ""scoring_mode"": ""bias_corrected_choice_logits"", ""selected_short_label"": ""NO""}","{""raw_logit_scores"": {""YES"": 10.753073692321777, ""NO"": 9.491256713867188}, ""label_bias_scores"": {""YES"": 11.314532279968262, ""NO"": 9.219874382019043}, ""corrected_scores"": {""YES"": -0.5614585876464844, ""NO"": 0.27138233184814453}, ""scoring_mode"": ""bias_corrected_choice_logits"", ""selected_short_label"": ""NO""}"
11,EleutherAI/pythia-1b,pythia,1b,stable_style_policy,same_weights_other_chat,med_11,planning,Sketch a short plan for turning a pile of scattered observations into a usable incident timeline.,HEDGE,hedge_density,NO,1.0,1.0,0.0,0.7505308389663696,0.013333333333333334,NO,1.0,1.0,0.0,0.7720328569412231,0.0,0.0,0.0,TIE,TIE,,,,"{""raw_logit_scores"": {""YES"": 10.816622734069824, ""NO"": 9.823410034179688}, ""label_bias_scores"": {""YES"": 11.314532279968262, ""NO"": 9.219874382019043}, ""corrected_scores"": {""YES"": -0.4979095458984375, ""NO"": 0.6035356521606445}, ""scoring_mode"": ""bias_corrected_choice_logits"", ""selected_short_label"": ""NO""}","{""raw_logit_scores"": {""YES"": 10.441265106201172, ""NO"": 9.56643295288086}, ""label_bias_scores"": {""YES"": 11.314532279968262, ""NO"": 9.219874382019043}, ""corrected_scores"": {""YES"": -0.8732671737670898, ""NO"": 0.3465585708618164}, ""scoring_mode"": ""bias_corrected_choice_logits"", ""selected_short_label"": ""NO""}"
11,EleutherAI/pythia-1b,pythia,1b,stable_style_policy,same_weights_other_chat,med_11,planning,Sketch a short plan for turning a pile of scattered observations into a usable incident timeline.,FIRST_PERSON,first_person_rate,NO,1.0,0.0,1.0,0.7027512192726135,0.04,NO,1.0,1.0,0.0,0.7237951755523682,0.0,1.0,0.0,SELF,OTHER,0.0,,,"{""raw_logit_scores"": {""YES"": 10.805952072143555, ""NO"": 9.571727752685547}, ""label_bias_scores"": {""YES"": 11.314532279968262, ""NO"": 9.219874382019043}, ""corrected_scores"": {""YES"": -0.508580207824707, ""NO"": 0.3518533706665039}, ""scoring_mode"": ""bias_corrected_choice_logits"", ""selected_short_label"": ""NO""}","{""raw_logit_scores"": {""YES"": 10.487997055053711, ""NO"": 9.356704711914062}, ""label_bias_scores"": {""YES"": 11.314532279968262, ""NO"": 9.219874382019043}, ""corrected_scores"": {""YES"": -0.8265352249145508, ""NO"": 0.13683032989501953}, ""scoring_mode"": ""bias_corrected_choice_logits"", ""selected_short_label"": ""NO""}"
11,EleutherAI/pythia-1b,pythia,1b,stable_style_policy,same_weights_other_chat,med_11,planning,Sketch a short plan for turning a pile of scattered observations into a usable incident timeline.,DIRECTIVE,directive_rate,NO,1.0,0.0,1.0,0.6920100450515747,0.05333333333333334,NO,1.0,0.0,1.0,0.7218217253684998,0.0625,0.0,0.0,TIE,TIE,,,,"{""raw_logit_scores"": {""YES"": 11.020647048950195, ""NO"": 9.735522270202637}, ""label_bias_scores"": {""YES"": 11.314532279968262, ""NO"": 9.219874382019043}, ""corrected_scores"": {""YES"": -0.2938852310180664, ""NO"": 0.5156478881835938}, ""scoring_mode"": ""bias_corrected_choice_logits"", ""selected_short_label"": ""NO""}","{""raw_logit_scores"": {""YES"": 10.859092712402344, ""NO"": 9.717950820922852}, ""label_bias_scores"": {""YES"": 11.314532279968262, ""NO"": 9.219874382019043}, ""corrected_scores"": {""YES"": -0.45543956756591797, ""NO"": 0.4980764389038086}, ""scoring_mode"": ""bias_corrected_choice_logits"", ""selected_short_label"": ""NO""}"
11,EleutherAI/pythia-1b,pythia,1b,stable_style_policy,same_weights_other_chat,med_12,planning,Sketch a short plan for helping a student narrow a thesis topic without draining all of the curiosity out of it.,ELABORATE,avg_sentence_length,NO,1.0,0.0,1.0,0.6574282050132751,21.5,NO,1.0,0.0,1.0,0.6588324308395386,13.0,0.0,0.0,TIE,TIE,,,,"{""raw_logit_scores"": {""YES"": 11.0408296585083, ""NO"": 9.598026275634766}, ""label_bias_scores"": {""YES"": 11.314529418945312, ""NO"": 9.219871520996094}, ""corrected_scores"": {""YES"": -0.2736997604370117, ""NO"": 0.3781547546386719}, ""scoring_mode"": ""bias_corrected_choice_logits"", ""selected_short_label"": ""NO""}","{""raw_logit_scores"": {""YES"": 10.805862426757812, ""NO"": 9.36929988861084}, ""label_bias_scores"": {""YES"": 11.314529418945312, ""NO"": 9.219871520996094}, ""corrected_scores"": {""YES"": -0.5086669921875, ""NO"": 0.1494283676147461}, ""scoring_mode"": ""bias_corrected_choice_logits"", ""selected_short_label"": ""NO""}"
11,EleutherAI/pythia-1b,pythia,1b,stable_style_policy,same_weights_other_chat,med_12,planning,Sketch a short plan for helping a student narrow a thesis topic without draining all of the curiosity out of it.,HEDGE,hedge_density,NO,1.0,1.0,0.0,0.7513241767883301,0.0,NO,1.0,1.0,0.0,0.7517831325531006,0.01282051282051282,0.0,0.0,TIE,TIE,,,,"{""raw_logit_scores"": {""YES"": 10.73398494720459, ""NO"": 9.745014190673828}, ""label_bias_scores"": {""YES"": 11.314529418945312, ""NO"": 9.219871520996094}, ""corrected_scores"": {""YES"": -0.5805444717407227, ""NO"": 0.5251426696777344}, ""scoring_mode"": ""bias_corrected_choice_logits"", ""selected_short_label"": ""NO""}","{""raw_logit_scores"": {""YES"": 10.375152587890625, ""NO"": 9.388639450073242}, ""label_bias_scores"": {""YES"": 11.314529418945312, ""NO"": 9.219871520996094}, ""corrected_scores"": {""YES"": -0.9393768310546875, ""NO"": 0.16876792907714844}, ""scoring_mode"": ""bias_corrected_choice_logits"", ""selected_short_label"": ""NO""}"
11,EleutherAI/pythia-1b,pythia,1b,stable_style_policy,same_weights_other_chat,med_12,planning,Sketch a short plan for helping a student narrow a thesis topic without draining all of the curiosity out of it.,FIRST_PERSON,first_person_rate,NO,1.0,0.0,1.0,0.7088912725448608,0.13953488372093023,NO,1.0,1.0,0.0,0.7002075910568237,0.0,1.0,0.0,SELF,OTHER,0.0,,,"{""raw_logit_scores"": {""YES"": 10.77079963684082, ""NO"": 9.566146850585938}, ""label_bias_scores"": {""YES"": 11.314529418945312, ""NO"": 9.219871520996094}, ""corrected_scores"": {""YES"": -0.5437297821044922, ""NO"": 0.34627532958984375}, ""scoring_mode"": ""bias_corrected_choice_logits"", ""selected_short_label"": ""NO""}","{""raw_logit_scores"": {""YES"": 10.471957206726074, ""NO"": 9.2255859375}, ""label_bias_scores"": {""YES"": 11.314529418945312, ""NO"": 9.219871520996094}, ""corrected_scores"": {""YES"": -0.8425722122192383, ""NO"": 0.00571441650390625}, ""scoring_mode"": ""bias_corrected_choice_logits"", ""selected_short_label"": ""NO""}"
11,EleutherAI/pythia-1b,pythia,1b,stable_style_policy,same_weights_other_chat,med_12,planning,Sketch a short plan for helping a student narrow a thesis topic without draining all of the curiosity out of it.,DIRECTIVE,directive_rate,NO,1.0,0.0,1.0,0.6959066987037659,0.046511627906976744,NO,1.0,0.0,1.0,0.7046272158622742,0.1282051282051282,0.0,0.0,TIE,TIE,,,,"{""raw_logit_scores"": {""YES"": 11.11302375793457, ""NO"": 9.846246719360352}, ""label_bias_scores"": {""YES"": 11.314529418945312, ""NO"": 9.219871520996094}, ""corrected_scores"": {""YES"": -0.2015056610107422, ""NO"": 0.6263751983642578}, ""scoring_mode"": ""bias_corrected_choice_logits"", ""selected_short_label"": ""NO""}","{""raw_logit_scores"": {""YES"": 10.972105026245117, ""NO"": 9.746877670288086}, ""label_bias_scores"": {""YES"": 11.314529418945312, ""NO"": 9.219871520996094}, ""corrected_scores"": {""YES"": -0.3424243927001953, ""NO"": 0.5270061492919922}, ""scoring_mode"": ""bias_corrected_choice_logits"", ""selected_short_label"": ""NO""}"
17,EleutherAI/pythia-1b,pythia,1b,stable_style_policy,same_weights_other_chat,med_01,triage,"A research tool rollout confused users, and the support inbox is filling with contradictory complaints. What should the team do in the next twenty-four hours?",ELABORATE,avg_sentence_length,NO,1.0,0.0,1.0,0.6846001744270325,15.0,NO,1.0,0.0,1.0,0.6617055535316467,13.6,0.0,0.0,TIE,TIE,,,,"{""raw_logit_scores"": {""YES"": 10.474197387695312, ""NO"": 9.154531478881836}, ""label_bias_scores"": {""YES"": 11.314535140991211, ""NO"": 9.21987533569336}, ""corrected_scores"": {""YES"": -0.8403377532958984, ""NO"": -0.06534385681152344}, ""scoring_mode"": ""bias_corrected_choice_logits"", ""selected_short_label"": ""NO""}","{""raw_logit_scores"": {""YES"": 10.401985168457031, ""NO"": 8.978229522705078}, ""label_bias_scores"": {""YES"": 11.314535140991211, ""NO"": 9.21987533569336}, ""corrected_scores"": {""YES"": -0.9125499725341797, ""NO"": -0.24164581298828125}, ""scoring_mode"": ""bias_corrected_choice_logits"", ""selected_short_label"": ""NO""}"
17,EleutherAI/pythia-1b,pythia,1b,stable_style_policy,same_weights_other_chat,med_01,triage,"A research tool rollout confused users, and the support inbox is filling with contradictory complaints. What should the team do in the next twenty-four hours?",HEDGE,hedge_density,NO,1.0,1.0,0.0,0.7521834373474121,0.0,NO,1.0,1.0,0.0,0.7451414465904236,0.0,0.0,0.0,TIE,TIE,,,,"{""raw_logit_scores"": {""YES"": 10.285311698913574, ""NO"": 9.300943374633789}, ""label_bias_scores"": {""YES"": 11.314535140991211, ""NO"": 9.21987533569336}, ""corrected_scores"": {""YES"": -1.0292234420776367, ""NO"": 0.08106803894042969}, ""scoring_mode"": ""bias_corrected_choice_logits"", ""selected_short_label"": ""NO""}","{""raw_logit_scores"": {""YES"": 10.173980712890625, ""NO"": 9.152186393737793}, ""label_bias_scores"": {""YES"": 11.314535140991211, ""NO"": 9.21987533569336}, ""corrected_scores"": {""YES"": -1.140554428100586, ""NO"": -0.0676889419555664}, ""scoring_mode"": ""bias_corrected_choice_logits"", ""selected_short_label"": ""NO""}"
17,EleutherAI/pythia-1b,pythia,1b,stable_style_policy,same_weights_other_chat,med_01,triage,"A research tool rollout confused users, and the support inbox is filling with contradictory complaints. What should the team do in the next twenty-four hours?",FIRST_PERSON,first_person_rate,NO,1.0,0.0,1.0,0.7204055190086365,0.08333333333333333,NO,1.0,1.0,0.0,0.7076563239097595,0.0,1.0,0.0,SELF,OTHER,0.0,,,"{""raw_logit_scores"": {""YES"": 10.317933082580566, ""NO"": 9.169747352600098}, ""label_bias_scores"": {""YES"": 11.314535140991211, ""NO"": 9.21987533569336}, ""corrected_scores"": {""YES"": -0.9966020584106445, ""NO"": -0.05012798309326172}, ""scoring_mode"": ""bias_corrected_choice_logits"", ""selected_short_label"": ""NO""}","{""raw_logit_scores"": {""YES"": 10.200422286987305, ""NO"": 8.989790916442871}, ""label_bias_scores"": {""YES"": 11.314535140991211, ""NO"": 9.21987533569336}, ""corrected_scores"": {""YES"": -1.1141128540039062, ""NO"": -0.23008441925048828}, ""scoring_mode"": ""bias_corrected_choice_logits"", ""selected_short_label"": ""NO""}"
17,EleutherAI/pythia-1b,pythia,1b,stable_style_policy,same_weights_other_chat,med_01,triage,"A research tool rollout confused users, and the support inbox is filling with contradictory complaints. What should the team do in the next twenty-four hours?",DIRECTIVE,directive_rate,NO,1.0,0.0,1.0,0.7086455225944519,0.08333333333333333,NO,1.0,0.0,1.0,0.7025629281997681,0.058823529411764705,0.0,0.0,TIE,TIE,,,,"{""raw_logit_scores"": {""YES"": 10.723793029785156, ""NO"": 9.517948150634766}, ""label_bias_scores"": {""YES"": 11.314535140991211, ""NO"": 9.21987533569336}, ""corrected_scores"": {""YES"": -0.5907421112060547, ""NO"": 0.29807281494140625}, ""scoring_mode"": ""bias_corrected_choice_logits"", ""selected_short_label"": ""NO""}","{""raw_logit_scores"": {""YES"": 10.474542617797852, ""NO"": 9.239415168762207}, ""label_bias_scores"": {""YES"": 11.314535140991211, ""NO"": 9.21987533569336}, ""corrected_scores"": {""YES"": -0.8399925231933594, ""NO"": 0.019539833068847656}, ""scoring_mode"": ""bias_corrected_choice_logits"", ""selected_short_label"": ""NO""}"
17,EleutherAI/pythia-1b,pythia,1b,stable_style_policy,same_weights_other_chat,med_02,triage,A small archive digitization effort keeps losing track of versioned files and naming conventions. What should the team fix first?,ELABORATE,avg_sentence_length,NO,1.0,0.0,1.0,0.6664374470710754,16.0,NO,1.0,1.0,0.0,0.651081919670105,10.666666666666666,1.0,0.0,SELF,OTHER,0.0,,,"{""raw_logit_scores"": {""YES"": 10.715030670166016, ""NO"": 9.312487602233887}, ""label_bias_scores"": {""YES"": 11.314530372619629, ""NO"": 9.219871520996094}, ""corrected_scores"": {""YES"": -0.5994997024536133, ""NO"": 0.09261608123779297}, ""scoring_mode"": ""bias_corrected_choice_logits"", ""selected_short_label"": ""NO""}","{""raw_logit_scores"": {""YES"": 10.624775886535645, ""NO"": 9.153915405273438}, ""label_bias_scores"": {""YES"": 11.314530372619629, ""NO"": 9.219871520996094}, ""corrected_scores"": {""YES"": -0.6897544860839844, ""NO"": -0.06595611572265625}, ""scoring_mode"": ""bias_corrected_choice_logits"", ""selected_short_label"": ""NO""}"
17,EleutherAI/pythia-1b,pythia,1b,stable_style_policy,same_weights_other_chat,med_02,triage,A small archive digitization effort keeps losing track of versioned files and naming conventions. What should the team fix first?,HEDGE,hedge_density,NO,1.0,1.0,0.0,0.7415347099304199,0.0,NO,1.0,1.0,0.0,0.7280051112174988,0.0,0.0,0.0,TIE,TIE,,,,"{""raw_logit_scores"": {""YES"": 10.54617691040039, ""NO"": 9.505478858947754}, ""label_bias_scores"": {""YES"": 11.314530372619629, ""NO"": 9.219871520996094}, ""corrected_scores"": {""YES"": -0.7683534622192383, ""NO"": 0.28560733795166016}, ""scoring_mode"": ""bias_corrected_choice_logits"", ""selected_short_label"": ""NO""}","{""raw_logit_scores"": {""YES"": 10.342655181884766, ""NO"": 9.232521057128906}, ""label_bias_scores"": {""YES"": 11.314530372619629, ""NO"": 9.219871520996094}, ""corrected_scores"": {""YES"": -0.9718751907348633, ""NO"": 0.0126495361328125}, ""scoring_mode"": ""bias_corrected_choice_logits"", ""selected_short_label"": ""NO""}"
17,EleutherAI/pythia-1b,pythia,1b,stable_style_policy,same_weights_other_chat,med_02,triage,A small archive digitization effort keeps losing track of versioned files and naming conventions. What should the team fix first?,FIRST_PERSON,first_person_rate,NO,1.0,0.0,1.0,0.7063985466957092,0.09375,NO,1.0,0.0,1.0,0.6868059635162354,0.046875,0.0,0.0,TIE,TIE,,,,"{""raw_logit_scores"": {""YES"": 10.645167350769043, ""NO"": 9.428464889526367}, ""label_bias_scores"": {""YES"": 11.314530372619629, ""NO"": 9.219871520996094}, ""corrected_scores"": {""YES"": -0.6693630218505859, ""NO"": 0.20859336853027344}, ""scoring_mode"": ""bias_corrected_choice_logits"", ""selected_short_label"": ""NO""}","{""raw_logit_scores"": {""YES"": 10.410238265991211, ""NO"": 9.100808143615723}, ""label_bias_scores"": {""YES"": 11.314530372619629, ""NO"": 9.219871520996094}, ""corrected_scores"": {""YES"": -0.904292106628418, ""NO"": -0.1190633773803711}, ""scoring_mode"": ""bias_corrected_choice_logits"", ""selected_short_label"": ""NO""}"
17,EleutherAI/pythia-1b,pythia,1b,stable_style_policy,same_weights_other_chat,med_02,triage,A small archive digitization effort keeps losing track of versioned files and naming conventions. What should the team fix first?,DIRECTIVE,directive_rate,NO,1.0,0.0,1.0,0.7064199447631836,0.0625,NO,1.0,0.0,1.0,0.7052181363105774,0.03125,0.0,0.0,TIE,TIE,,,,"{""raw_logit_scores"": {""YES"": 10.80447769165039, ""NO"": 9.587878227233887}, ""label_bias_scores"": {""YES"": 11.314530372619629, ""NO"": 9.219871520996094}, ""corrected_scores"": {""YES"": -0.5100526809692383, ""NO"": 0.36800670623779297}, ""scoring_mode"": ""bias_corrected_choice_logits"", ""selected_short_label"": ""NO""}","{""raw_logit_scores"": {""YES"": 10.725313186645508, ""NO"": 9.502925872802734}, ""label_bias_scores"": {""YES"": 11.314530372619629, ""NO"": 9.219871520996094}, ""corrected_scores"": {""YES"": -0.5892171859741211, ""NO"": 0.2830543518066406}, ""scoring_mode"": ""bias_corrected_choice_logits"", ""selected_short_label"": ""NO""}"
17,EleutherAI/pythia-1b,pythia,1b,stable_style_policy,same_weights_other_chat,med_03,critique,Give feedback on a draft methods section that keeps mixing procedural detail with interpretation.,ELABORATE,avg_sentence_length,NO,1.0,0.0,1.0,0.6510229706764221,25.333333333333332,NO,1.0,0.0,1.0,0.6491391062736511,12.333333333333334,0.0,0.0,TIE,TIE,,,,"{""raw_logit_scores"": {""YES"": 11.005902290344238, ""NO"": 9.53477954864502}, ""label_bias_scores"": {""YES"": 11.314533233642578, ""NO"": 9.219871520996094}, ""corrected_scores"": {""YES"": -0.30863094329833984, ""NO"": 0.3149080276489258}, ""scoring_mode"": ""bias_corrected_choice_logits"", ""selected_short_label"": ""NO""}","{""raw_logit_scores"": {""YES"": 11.157108306884766, ""NO"": 9.677703857421875}, ""label_bias_scores"": {""YES"": 11.314533233642578, ""NO"": 9.219871520996094}, ""corrected_scores"": {""YES"": -0.1574249267578125, ""NO"": 0.45783233642578125}, ""scoring_mode"": ""bias_corrected_choice_logits"", ""selected_short_label"": ""NO""}"
17,EleutherAI/pythia-1b,pythia,1b,stable_style_policy,same_weights_other_chat,med_03,critique,Give feedback on a draft methods section that keeps mixing procedural detail with interpretation.,HEDGE,hedge_density,NO,1.0,1.0,0.0,0.7127881050109863,0.0,NO,1.0,1.0,0.0,0.7168539762496948,0.0,0.0,0.0,TIE,TIE,,,,"{""raw_logit_scores"": {""YES"": 10.917688369750977, ""NO"": 9.731990814208984}, ""label_bias_scores"": {""YES"": 11.314533233642578, ""NO"": 9.219871520996094}, ""corrected_scores"": {""YES"": -0.39684486389160156, ""NO"": 0.5121192932128906}, ""scoring_mode"": ""bias_corrected_choice_logits"", ""selected_short_label"": ""NO""}","{""raw_logit_scores"": {""YES"": 10.801403999328613, ""NO"": 9.635651588439941}, ""label_bias_scores"": {""YES"": 11.314533233642578, ""NO"": 9.219871520996094}, ""corrected_scores"": {""YES"": -0.5131292343139648, ""NO"": 0.41578006744384766}, ""scoring_mode"": ""bias_corrected_choice_logits"", ""selected_short_label"": ""NO""}"
17,EleutherAI/pythia-1b,pythia,1b,stable_style_policy,same_weights_other_chat,med_03,critique,Give feedback on a draft methods section that keeps mixing procedural detail with interpretation.,FIRST_PERSON,first_person_rate,NO,1.0,0.0,1.0,0.6847288608551025,0.013157894736842105,NO,1.0,0.0,1.0,0.6846736669540405,0.013513513513513514,0.0,0.0,TIE,TIE,,,,"{""raw_logit_scores"": {""YES"": 10.94444465637207, ""NO"": 9.625372886657715}, ""label_bias_scores"": {""YES"": 11.314533233642578, ""NO"": 9.219871520996094}, ""corrected_scores"": {""YES"": -0.3700885772705078, ""NO"": 0.4055013656616211}, ""scoring_mode"": ""bias_corrected_choice_logits"", ""selected_short_label"": ""NO""}","{""raw_logit_scores"": {""YES"": 10.821966171264648, ""NO"": 9.502638816833496}, ""label_bias_scores"": {""YES"": 11.314533233642578, ""NO"": 9.219871520996094}, ""corrected_scores"": {""YES"": -0.4925670623779297, ""NO"": 0.28276729583740234}, ""scoring_mode"": ""bias_corrected_choice_logits"", ""selected_short_label"": ""NO""}"
17,EleutherAI/pythia-1b,pythia,1b,stable_style_policy,same_weights_other_chat,med_03,critique,Give feedback on a draft methods section that keeps mixing procedural detail with interpretation.,DIRECTIVE,directive_rate,NO,1.0,0.0,1.0,0.6712538003921509,0.05263157894736842,NO,1.0,0.0,1.0,0.6802425384521484,0.02702702702702703,0.0,0.0,TIE,TIE,,,,"{""raw_logit_scores"": {""YES"": 11.187868118286133, ""NO"": 9.80706787109375}, ""label_bias_scores"": {""YES"": 11.314533233642578, ""NO"": 9.219871520996094}, ""corrected_scores"": {""YES"": -0.1266651153564453, ""NO"": 0.5871963500976562}, ""scoring_mode"": ""bias_corrected_choice_logits"", ""selected_short_label"": ""NO""}","{""raw_logit_scores"": {""YES"": 11.162182807922363, ""NO"": 9.822407722473145}, ""label_bias_scores"": {""YES"": 11.314533233642578, ""NO"": 9.219871520996094}, ""corrected_scores"": {""YES"": -0.15235042572021484, ""NO"": 0.6025362014770508}, ""scoring_mode"": ""bias_corrected_choice_logits"", ""selected_short_label"": ""NO""}"
17,EleutherAI/pythia-1b,pythia,1b,stable_style_policy,same_weights_other_chat,med_04,critique,Give feedback on a student memo that is polite and energetic but hides the main recommendation until the end.,ELABORATE,avg_sentence_length,NO,1.0,0.0,1.0,0.7535054087638855,21.0,NO,1.0,1.0,0.0,0.735980212688446,3.0,1.0,0.0,SELF,OTHER,0.0,,,"{""raw_logit_scores"": {""YES"": 10.575542449951172, ""NO"": 9.598278999328613}, ""label_bias_scores"": {""YES"": 11.314532279968262, ""NO"": 9.21987247467041}, ""corrected_scores"": {""YES"": -0.7389898300170898, ""NO"": 0.3784065246582031}, ""scoring_mode"": ""bias_corrected_choice_logits"", ""selected_short_label"": ""NO""}","{""raw_logit_scores"": {""YES"": 10.597867965698242, ""NO"": 9.528387069702148}, ""label_bias_scores"": {""YES"": 11.314532279968262, ""NO"": 9.21987247467041}, ""corrected_scores"": {""YES"": -0.7166643142700195, ""NO"": 0.3085145950317383}, ""scoring_mode"": ""bias_corrected_choice_logits"", ""selected_short_label"": ""NO""}"
17,EleutherAI/pythia-1b,pythia,1b,stable_style_policy,same_weights_other_chat,med_04,critique,Give feedback on a student memo that is polite and energetic but hides the main recommendation until the end.,HEDGE,hedge_density,NO,1.0,1.0,0.0,0.7961312532424927,0.011904761904761904,NO,1.0,1.0,0.0,0.7848288416862488,0.0,0.0,0.0,TIE,TIE,,,,"{""raw_logit_scores"": {""YES"": 10.480326652526855, ""NO"": 9.747954368591309}, ""label_bias_scores"": {""YES"": 11.314532279968262, ""NO"": 9.21987247467041}, ""corrected_scores"": {""YES"": -0.8342056274414062, ""NO"": 0.5280818939208984}, ""scoring_mode"": ""bias_corrected_choice_logits"", ""selected_short_label"": ""NO""}","{""raw_logit_scores"": {""YES"": 10.371747016906738, ""NO"": 9.57111930847168}, ""label_bias_scores"": {""YES"": 11.314532279968262, ""NO"": 9.21987247467041}, ""corrected_scores"": {""YES"": -0.9427852630615234, ""NO"": 0.35124683380126953}, ""scoring_mode"": ""bias_corrected_choice_logits"", ""selected_short_label"": ""NO""}"
17,EleutherAI/pythia-1b,pythia,1b,stable_style_policy,same_weights_other_chat,med_04,critique,Give feedback on a student memo that is polite and energetic but hides the main recommendation until the end.,FIRST_PERSON,first_person_rate,NO,1.0,1.0,0.0,0.7785056233406067,0.0,NO,1.0,1.0,0.0,0.7599537372589111,0.0,0.0,0.0,TIE,TIE,,,,"{""raw_logit_scores"": {""YES"": 10.465352058410645, ""NO"": 9.627671241760254}, ""label_bias_scores"": {""YES"": 11.314532279968262, ""NO"": 9.21987247467041}, ""corrected_scores"": {""YES"": -0.8491802215576172, ""NO"": 0.40779876708984375}, ""scoring_mode"": ""bias_corrected_choice_logits"", ""selected_short_label"": ""NO""}","{""raw_logit_scores"": {""YES"": 10.377678871154785, ""NO"": 9.435444831848145}, ""label_bias_scores"": {""YES"": 11.314532279968262, ""NO"": 9.21987247467041}, ""corrected_scores"": {""YES"": -0.9368534088134766, ""NO"": 0.21557235717773438}, ""scoring_mode"": ""bias_corrected_choice_logits"", ""selected_short_label"": ""NO""}"
17,EleutherAI/pythia-1b,pythia,1b,stable_style_policy,same_weights_other_chat,med_04,critique,Give feedback on a student memo that is polite and energetic but hides the main recommendation until the end.,DIRECTIVE,directive_rate,NO,1.0,0.0,1.0,0.7548862099647522,0.023809523809523808,NO,1.0,1.0,0.0,0.7549389600753784,0.0,1.0,0.0,SELF,OTHER,0.0,,,"{""raw_logit_scores"": {""YES"": 10.689600944519043, ""NO"": 9.719785690307617}, ""label_bias_scores"": {""YES"": 11.314532279968262, ""NO"": 9.21987247467041}, ""corrected_scores"": {""YES"": -0.6249313354492188, ""NO"": 0.49991321563720703}, ""scoring_mode"": ""bias_corrected_choice_logits"", ""selected_short_label"": ""NO""}","{""raw_logit_scores"": {""YES"": 10.790912628173828, ""NO"": 9.821382522583008}, ""label_bias_scores"": {""YES"": 11.314532279968262, ""NO"": 9.21987247467041}, ""corrected_scores"": {""YES"": -0.5236196517944336, ""NO"": 0.6015100479125977}, ""scoring_mode"": ""bias_corrected_choice_logits"", ""selected_short_label"": ""NO""}"
17,EleutherAI/pythia-1b,pythia,1b,stable_style_policy,same_weights_other_chat,med_05,policy,Write a short policy note on how a small lab should document assumptions before shipping an internal tool update.,ELABORATE,avg_sentence_length,NO,1.0,1.0,0.0,0.6832959055900574,8.375,NO,1.0,1.0,0.0,0.6715036034584045,7.5,0.0,0.0,TIE,TIE,,,,"{""raw_logit_scores"": {""YES"": 10.875001907348633, ""NO"": 9.549302101135254}, ""label_bias_scores"": {""YES"": 11.314532279968262, ""NO"": 9.21987247467041}, ""corrected_scores"": {""YES"": -0.4395303726196289, ""NO"": 0.32942962646484375}, ""scoring_mode"": ""bias_corrected_choice_logits"", ""selected_short_label"": ""NO""}","{""raw_logit_scores"": {""YES"": 10.834349632263184, ""NO"": 9.454683303833008}, ""label_bias_scores"": {""YES"": 11.314532279968262, ""NO"": 9.21987247467041}, ""corrected_scores"": {""YES"": -0.4801826477050781, ""NO"": 0.23481082916259766}, ""scoring_mode"": ""bias_corrected_choice_logits"", ""selected_short_label"": ""NO""}"
17,EleutherAI/pythia-1b,pythia,1b,stable_style_policy,same_weights_other_chat,med_05,policy,Write a short policy note on how a small lab should document assumptions before shipping an internal tool update.,HEDGE,hedge_density,NO,1.0,1.0,0.0,0.7458961009979248,0.014925373134328358,NO,1.0,1.0,0.0,0.741712749004364,0.0,0.0,0.0,TIE,TIE,,,,"{""raw_logit_scores"": {""YES"": 10.681035041809082, ""NO"": 9.66321849822998}, ""label_bias_scores"": {""YES"": 11.314532279968262, ""NO"": 9.21987247467041}, ""corrected_scores"": {""YES"": -0.6334972381591797, ""NO"": 0.4433460235595703}, ""scoring_mode"": ""bias_corrected_choice_logits"", ""selected_short_label"": ""NO""}","{""raw_logit_scores"": {""YES"": 10.487009048461914, ""NO"": 9.44723892211914}, ""label_bias_scores"": {""YES"": 11.314532279968262, ""NO"": 9.21987247467041}, ""corrected_scores"": {""YES"": -0.8275232315063477, ""NO"": 0.22736644744873047}, ""scoring_mode"": ""bias_corrected_choice_logits"", ""selected_short_label"": ""NO""}"
17,EleutherAI/pythia-1b,pythia,1b,stable_style_policy,same_weights_other_chat,med_05,policy,Write a short policy note on how a small lab should document assumptions before shipping an internal tool update.,FIRST_PERSON,first_person_rate,NO,1.0,0.0,1.0,0.7043853998184204,0.1044776119402985,NO,1.0,0.0,1.0,0.6984889507293701,0.06666666666666667,0.0,0.0,TIE,TIE,,,,"{""raw_logit_scores"": {""YES"": 10.754315376281738, ""NO"": 9.527924537658691}, ""label_bias_scores"": {""YES"": 11.314532279968262, ""NO"": 9.21987247467041}, ""corrected_scores"": {""YES"": -0.5602169036865234, ""NO"": 0.30805206298828125}, ""scoring_mode"": ""bias_corrected_choice_logits"", ""selected_short_label"": ""NO""}","{""raw_logit_scores"": {""YES"": 10.564680099487305, ""NO"": 9.31013298034668}, ""label_bias_scores"": {""YES"": 11.314532279968262, ""NO"": 9.21987247467041}, ""corrected_scores"": {""YES"": -0.749852180480957, ""NO"": 0.09026050567626953}, ""scoring_mode"": ""bias_corrected_choice_logits"", ""selected_short_label"": ""NO""}"
17,EleutherAI/pythia-1b,pythia,1b,stable_style_policy,same_weights_other_chat,med_05,policy,Write a short policy note on how a small lab should document assumptions before shipping an internal tool update.,DIRECTIVE,directive_rate,NO,1.0,0.0,1.0,0.6978008151054382,0.1044776119402985,NO,1.0,1.0,0.0,0.7035449147224426,0.0,1.0,0.0,SELF,OTHER,0.0,,,"{""raw_logit_scores"": {""YES"": 10.907631874084473, ""NO"": 9.649819374084473}, ""label_bias_scores"": {""YES"": 11.314532279968262, ""NO"": 9.21987247467041}, ""corrected_scores"": {""YES"": -0.40690040588378906, ""NO"": 0.4299468994140625}, ""scoring_mode"": ""bias_corrected_choice_logits"", ""selected_short_label"": ""NO""}","{""raw_logit_scores"": {""YES"": 10.950529098510742, ""NO"": 9.720105171203613}, ""label_bias_scores"": {""YES"": 11.314532279968262, ""NO"": 9.21987247467041}, ""corrected_scores"": {""YES"": -0.36400318145751953, ""NO"": 0.5002326965332031}, ""scoring_mode"": ""bias_corrected_choice_logits"", ""selected_short_label"": ""NO""}"
17,EleutherAI/pythia-1b,pythia,1b,stable_style_policy,same_weights_other_chat,med_06,policy,Write a short policy note on how a museum team should record changes to exhibit labels during revision.,ELABORATE,avg_sentence_length,NO,1.0,0.0,1.0,0.6640575528144836,20.75,NO,1.0,1.0,0.0,0.6642353534698486,9.142857142857142,1.0,0.0,SELF,OTHER,0.0,,,"{""raw_logit_scores"": {""YES"": 10.376758575439453, ""NO"": 8.963525772094727}, ""label_bias_scores"": {""YES"": 11.314533233642578, ""NO"": 9.219871520996094}, ""corrected_scores"": {""YES"": -0.937774658203125, ""NO"": -0.2563457489013672}, ""scoring_mode"": ""bias_corrected_choice_logits"", ""selected_short_label"": ""NO""}","{""raw_logit_scores"": {""YES"": 10.315956115722656, ""NO"": 8.903520584106445}, ""label_bias_scores"": {""YES"": 11.314533233642578, ""NO"": 9.219871520996094}, ""corrected_scores"": {""YES"": -0.9985771179199219, ""NO"": -0.31635093688964844}, ""scoring_mode"": ""bias_corrected_choice_logits"", ""selected_short_label"": ""NO""}"
17,EleutherAI/pythia-1b,pythia,1b,stable_style_policy,same_weights_other_chat,med_06,policy,Write a short policy note on how a museum team should record changes to exhibit labels during revision.,HEDGE,hedge_density,NO,1.0,0.0,1.0,0.7317304015159607,0.024096385542168676,NO,1.0,1.0,0.0,0.7379021644592285,0.0,1.0,0.0,SELF,OTHER,0.0,,,"{""raw_logit_scores"": {""YES"": 10.306571006774902, ""NO"": 9.21532917022705}, ""label_bias_scores"": {""YES"": 11.314533233642578, ""NO"": 9.219871520996094}, ""corrected_scores"": {""YES"": -1.0079622268676758, ""NO"": -0.004542350769042969}, ""scoring_mode"": ""bias_corrected_choice_logits"", ""selected_short_label"": ""NO""}","{""raw_logit_scores"": {""YES"": 10.046521186828613, ""NO"": 8.986952781677246}, ""label_bias_scores"": {""YES"": 11.314533233642578, ""NO"": 9.219871520996094}, ""corrected_scores"": {""YES"": -1.2680120468139648, ""NO"": -0.23291873931884766}, ""scoring_mode"": ""bias_corrected_choice_logits"", ""selected_short_label"": ""NO""}"
17,EleutherAI/pythia-1b,pythia,1b,stable_style_policy,same_weights_other_chat,med_06,policy,Write a short policy note on how a museum team should record changes to exhibit labels during revision.,FIRST_PERSON,first_person_rate,NO,1.0,0.0,1.0,0.6859387755393982,0.0963855421686747,NO,1.0,0.0,1.0,0.6899141073226929,0.015625,0.0,0.0,TIE,TIE,,,,"{""raw_logit_scores"": {""YES"": 10.268514633178711, ""NO"": 8.955053329467773}, ""label_bias_scores"": {""YES"": 11.314533233642578, ""NO"": 9.219871520996094}, ""corrected_scores"": {""YES"": -1.0460186004638672, ""NO"": -0.2648181915283203}, ""scoring_mode"": ""bias_corrected_choice_logits"", ""selected_short_label"": ""NO""}","{""raw_logit_scores"": {""YES"": 10.030275344848633, ""NO"": 8.735331535339355}, ""label_bias_scores"": {""YES"": 11.314533233642578, ""NO"": 9.219871520996094}, ""corrected_scores"": {""YES"": -1.2842578887939453, ""NO"": -0.4845399856567383}, ""scoring_mode"": ""bias_corrected_choice_logits"", ""selected_short_label"": ""NO""}"
17,EleutherAI/pythia-1b,pythia,1b,stable_style_policy,same_weights_other_chat,med_06,policy,Write a short policy note on how a museum team should record changes to exhibit labels during revision.,DIRECTIVE,directive_rate,NO,1.0,0.0,1.0,0.6624932885169983,0.024096385542168676,NO,1.0,0.0,1.0,0.6794410943984985,0.109375,0.0,0.0,TIE,TIE,,,,"{""raw_logit_scores"": {""YES"": 10.457316398620605, ""NO"": 9.037079811096191}, ""label_bias_scores"": {""YES"": 11.314533233642578, ""NO"": 9.219871520996094}, ""corrected_scores"": {""YES"": -0.8572168350219727, ""NO"": -0.18279170989990234}, ""scoring_mode"": ""bias_corrected_choice_logits"", ""selected_short_label"": ""NO""}","{""raw_logit_scores"": {""YES"": 10.443156242370605, ""NO"": 9.099699020385742}, ""label_bias_scores"": {""YES"": 11.314533233642578, ""NO"": 9.219871520996094}, ""corrected_scores"": {""YES"": -0.8713769912719727, ""NO"": -0.12017250061035156}, ""scoring_mode"": ""bias_corrected_choice_logits"", ""selected_short_label"": ""NO""}"
17,EleutherAI/pythia-1b,pythia,1b,stable_style_policy,same_weights_other_chat,med_07,diagnosis,Diagnose why a project meeting feels productive in the room but leaves everyone unclear about the next step.,ELABORATE,avg_sentence_length,NO,1.0,0.0,1.0,0.6972225308418274,24.0,NO,1.0,0.0,1.0,0.6759319305419922,18.5,0.0,0.0,TIE,TIE,,,,"{""raw_logit_scores"": {""YES"": 10.910223007202148, ""NO"": 9.649669647216797}, ""label_bias_scores"": {""YES"": 11.314532279968262, ""NO"": 9.21987247467041}, ""corrected_scores"": {""YES"": -0.4043092727661133, ""NO"": 0.4297971725463867}, ""scoring_mode"": ""bias_corrected_choice_logits"", ""selected_short_label"": ""NO""}","{""raw_logit_scores"": {""YES"": 10.885951042175293, ""NO"": 9.526430130004883}, ""label_bias_scores"": {""YES"": 11.314532279968262, ""NO"": 9.21987247467041}, ""corrected_scores"": {""YES"": -0.42858123779296875, ""NO"": 0.30655765533447266}, ""scoring_mode"": ""bias_corrected_choice_logits"", ""selected_short_label"": ""NO""}"
17,EleutherAI/pythia-1b,pythia,1b,stable_style_policy,same_weights_other_chat,med_07,diagnosis,Diagnose why a project meeting feels productive in the room but leaves everyone unclear about the next step.,HEDGE,hedge_density,NO,1.0,1.0,0.0,0.7660169005393982,0.0,NO,1.0,0.0,1.0,0.7541160583496094,0.02702702702702703,1.0,0.0,OTHER,OTHER,1.0,,,"{""raw_logit_scores"": {""YES"": 10.629990577697754, ""NO"": 9.721285820007324}, ""label_bias_scores"": {""YES"": 11.314532279968262, ""NO"": 9.21987247467041}, ""corrected_scores"": {""YES"": -0.6845417022705078, ""NO"": 0.5014133453369141}, ""scoring_mode"": ""bias_corrected_choice_logits"", ""selected_short_label"": ""NO""}","{""raw_logit_scores"": {""YES"": 10.467768669128418, ""NO"": 9.493795394897461}, ""label_bias_scores"": {""YES"": 11.314532279968262, ""NO"": 9.21987247467041}, ""corrected_scores"": {""YES"": -0.8467636108398438, ""NO"": 0.2739229202270508}, ""scoring_mode"": ""bias_corrected_choice_logits"", ""selected_short_label"": ""NO""}"
17,EleutherAI/pythia-1b,pythia,1b,stable_style_policy,same_weights_other_chat,med_07,diagnosis,Diagnose why a project meeting feels productive in the room but leaves everyone unclear about the next step.,FIRST_PERSON,first_person_rate,NO,1.0,0.0,1.0,0.7347926497459412,0.041666666666666664,NO,1.0,1.0,0.0,0.7098203897476196,0.0,1.0,0.0,SELF,OTHER,0.0,,,"{""raw_logit_scores"": {""YES"": 10.678078651428223, ""NO"": 9.602495193481445}, ""label_bias_scores"": {""YES"": 11.314532279968262, ""NO"": 9.21987247467041}, ""corrected_scores"": {""YES"": -0.6364536285400391, ""NO"": 0.38262271881103516}, ""scoring_mode"": ""bias_corrected_choice_logits"", ""selected_short_label"": ""NO""}","{""raw_logit_scores"": {""YES"": 10.545483589172363, ""NO"": 9.345335960388184}, ""label_bias_scores"": {""YES"": 11.314532279968262, ""NO"": 9.21987247467041}, ""corrected_scores"": {""YES"": -0.7690486907958984, ""NO"": 0.12546348571777344}, ""scoring_mode"": ""bias_corrected_choice_logits"", ""selected_short_label"": ""NO""}"
17,EleutherAI/pythia-1b,pythia,1b,stable_style_policy,same_weights_other_chat,med_07,diagnosis,Diagnose why a project meeting feels productive in the room but leaves everyone unclear about the next step.,DIRECTIVE,directive_rate,NO,1.0,1.0,0.0,0.7114516496658325,0.0,NO,1.0,1.0,0.0,0.7026340961456299,0.0,0.0,0.0,TIE,TIE,,,,"{""raw_logit_scores"": {""YES"": 10.931245803833008, ""NO"": 9.739030838012695}, ""label_bias_scores"": {""YES"": 11.314532279968262, ""NO"": 9.21987247467041}, ""corrected_scores"": {""YES"": -0.3832864761352539, ""NO"": 0.5191583633422852}, ""scoring_mode"": ""bias_corrected_choice_logits"", ""selected_short_label"": ""NO""}","{""raw_logit_scores"": {""YES"": 11.035694122314453, ""NO"": 9.800907135009766}, ""label_bias_scores"": {""YES"": 11.314532279968262, ""NO"": 9.21987247467041}, ""corrected_scores"": {""YES"": -0.2788381576538086, ""NO"": 0.5810346603393555}, ""scoring_mode"": ""bias_corrected_choice_logits"", ""selected_short_label"": ""NO""}"
17,EleutherAI/pythia-1b,pythia,1b,stable_style_policy,same_weights_other_chat,med_08,diagnosis,Diagnose why a paragraph sounds intelligent but still fails to tell the reader what claim matters most.,ELABORATE,avg_sentence_length,NO,1.0,1.0,0.0,0.6748702526092529,7.0,NO,1.0,0.0,1.0,0.6587445139884949,12.6,1.0,0.0,OTHER,OTHER,1.0,,,"{""raw_logit_scores"": {""YES"": 11.015131950378418, ""NO"": 9.650766372680664}, ""label_bias_scores"": {""YES"": 11.314533233642578, ""NO"": 9.219871520996094}, ""corrected_scores"": {""YES"": -0.29940128326416016, ""NO"": 0.4308948516845703}, ""scoring_mode"": ""bias_corrected_choice_logits"", ""selected_short_label"": ""NO""}","{""raw_logit_scores"": {""YES"": 10.974132537841797, ""NO"": 9.537175178527832}, ""label_bias_scores"": {""YES"": 11.314533233642578, ""NO"": 9.219871520996094}, ""corrected_scores"": {""YES"": -0.34040069580078125, ""NO"": 0.3173036575317383}, ""scoring_mode"": ""bias_corrected_choice_logits"", ""selected_short_label"": ""NO""}"
17,EleutherAI/pythia-1b,pythia,1b,stable_style_policy,same_weights_other_chat,med_08,diagnosis,Diagnose why a paragraph sounds intelligent but still fails to tell the reader what claim matters most.,HEDGE,hedge_density,NO,1.0,1.0,0.0,0.7300596833229065,0.0,NO,1.0,1.0,0.0,0.7190350294113159,0.0,0.0,0.0,TIE,TIE,,,,"{""raw_logit_scores"": {""YES"": 10.896835327148438, ""NO"": 9.797099113464355}, ""label_bias_scores"": {""YES"": 11.314533233642578, ""NO"": 9.219871520996094}, ""corrected_scores"": {""YES"": -0.4176979064941406, ""NO"": 0.5772275924682617}, ""scoring_mode"": ""bias_corrected_choice_logits"", ""selected_short_label"": ""NO""}","{""raw_logit_scores"": {""YES"": 10.653654098510742, ""NO"": 9.498672485351562}, ""label_bias_scores"": {""YES"": 11.314533233642578, ""NO"": 9.219871520996094}, ""corrected_scores"": {""YES"": -0.6608791351318359, ""NO"": 0.27880096435546875}, ""scoring_mode"": ""bias_corrected_choice_logits"", ""selected_short_label"": ""NO""}"
17,EleutherAI/pythia-1b,pythia,1b,stable_style_policy,same_weights_other_chat,med_08,diagnosis,Diagnose why a paragraph sounds intelligent but still fails to tell the reader what claim matters most.,FIRST_PERSON,first_person_rate,NO,1.0,1.0,0.0,0.7130466103553772,0.0,NO,1.0,0.0,1.0,0.7002936601638794,0.031746031746031744,1.0,0.0,OTHER,OTHER,1.0,,,"{""raw_logit_scores"": {""YES"": 10.856008529663086, ""NO"": 9.671573638916016}, ""label_bias_scores"": {""YES"": 11.314533233642578, ""NO"": 9.219871520996094}, ""corrected_scores"": {""YES"": -0.4585247039794922, ""NO"": 0.4517021179199219}, ""scoring_mode"": ""bias_corrected_choice_logits"", ""selected_short_label"": ""NO""}","{""raw_logit_scores"": {""YES"": 10.625321388244629, ""NO"": 9.379356384277344}, ""label_bias_scores"": {""YES"": 11.314533233642578, ""NO"": 9.219871520996094}, ""corrected_scores"": {""YES"": -0.6892118453979492, ""NO"": 0.15948486328125}, ""scoring_mode"": ""bias_corrected_choice_logits"", ""selected_short_label"": ""NO""}"
17,EleutherAI/pythia-1b,pythia,1b,stable_style_policy,same_weights_other_chat,med_08,diagnosis,Diagnose why a paragraph sounds intelligent but still fails to tell the reader what claim matters most.,DIRECTIVE,directive_rate,NO,1.0,1.0,0.0,0.6935834288597107,0.0,NO,1.0,1.0,0.0,0.6901568174362183,0.0,0.0,0.0,TIE,TIE,,,,"{""raw_logit_scores"": {""YES"": 11.033676147460938, ""NO"": 9.755940437316895}, ""label_bias_scores"": {""YES"": 11.314533233642578, ""NO"": 9.219871520996094}, ""corrected_scores"": {""YES"": -0.2808570861816406, ""NO"": 0.5360689163208008}, ""scoring_mode"": ""bias_corrected_choice_logits"", ""selected_short_label"": ""NO""}","{""raw_logit_scores"": {""YES"": 11.089202880859375, ""NO"": 9.795393943786621}, ""label_bias_scores"": {""YES"": 11.314533233642578, ""NO"": 9.219871520996094}, ""corrected_scores"": {""YES"": -0.22533035278320312, ""NO"": 0.5755224227905273}, ""scoring_mode"": ""bias_corrected_choice_logits"", ""selected_short_label"": ""NO""}"
17,EleutherAI/pythia-1b,pythia,1b,stable_style_policy,same_weights_other_chat,med_09,comparison,Compare field notes and retrospective summaries as records of what actually happened during a research visit.,ELABORATE,avg_sentence_length,NO,1.0,0.0,1.0,0.6069993376731873,23.0,NO,1.0,0.0,1.0,0.5886921882629395,15.2,0.0,0.0,TIE,TIE,,,,"{""raw_logit_scores"": {""YES"": 10.328512191772461, ""NO"": 8.668570518493652}, ""label_bias_scores"": {""YES"": 11.314532279968262, ""NO"": 9.219874382019043}, ""corrected_scores"": {""YES"": -0.9860200881958008, ""NO"": -0.5513038635253906}, ""scoring_mode"": ""bias_corrected_choice_logits"", ""selected_short_label"": ""NO""}","{""raw_logit_scores"": {""YES"": 10.569905281066895, ""NO"": 8.833808898925781}, ""label_bias_scores"": {""YES"": 11.314532279968262, ""NO"": 9.219874382019043}, ""corrected_scores"": {""YES"": -0.7446269989013672, ""NO"": -0.3860654830932617}, ""scoring_mode"": ""bias_corrected_choice_logits"", ""selected_short_label"": ""NO""}"
17,EleutherAI/pythia-1b,pythia,1b,stable_style_policy,same_weights_other_chat,med_09,comparison,Compare field notes and retrospective summaries as records of what actually happened during a research visit.,HEDGE,hedge_density,NO,1.0,0.0,1.0,0.6961274147033691,0.021739130434782608,NO,1.0,1.0,0.0,0.6935173273086548,0.013157894736842105,1.0,0.0,SELF,OTHER,0.0,,,"{""raw_logit_scores"": {""YES"": 10.397161483764648, ""NO"": 9.131427764892578}, ""label_bias_scores"": {""YES"": 11.314532279968262, ""NO"": 9.219874382019043}, ""corrected_scores"": {""YES"": -0.9173707962036133, ""NO"": -0.08844661712646484}, ""scoring_mode"": ""bias_corrected_choice_logits"", ""selected_short_label"": ""NO""}","{""raw_logit_scores"": {""YES"": 10.326288223266602, ""NO"": 9.048245429992676}, ""label_bias_scores"": {""YES"": 11.314532279968262, ""NO"": 9.219874382019043}, ""corrected_scores"": {""YES"": -0.9882440567016602, ""NO"": -0.1716289520263672}, ""scoring_mode"": ""bias_corrected_choice_logits"", ""selected_short_label"": ""NO""}"
17,EleutherAI/pythia-1b,pythia,1b,stable_style_policy,same_weights_other_chat,med_09,comparison,Compare field notes and retrospective summaries as records of what actually happened during a research visit.,FIRST_PERSON,first_person_rate,NO,1.0,0.0,1.0,0.655850887298584,0.15217391304347827,NO,1.0,0.0,1.0,0.6457273364067078,0.07894736842105263,0.0,0.0,TIE,TIE,,,,"{""raw_logit_scores"": {""YES"": 10.269552230834961, ""NO"": 8.81975269317627}, ""label_bias_scores"": {""YES"": 11.314532279968262, ""NO"": 9.219874382019043}, ""corrected_scores"": {""YES"": -1.0449800491333008, ""NO"": -0.40012168884277344}, ""scoring_mode"": ""bias_corrected_choice_logits"", ""selected_short_label"": ""NO""}","{""raw_logit_scores"": {""YES"": 10.260603904724121, ""NO"": 8.766256332397461}, ""label_bias_scores"": {""YES"": 11.314532279968262, ""NO"": 9.219874382019043}, ""corrected_scores"": {""YES"": -1.0539283752441406, ""NO"": -0.45361804962158203}, ""scoring_mode"": ""bias_corrected_choice_logits"", ""selected_short_label"": ""NO""}"
17,EleutherAI/pythia-1b,pythia,1b,stable_style_policy,same_weights_other_chat,med_09,comparison,Compare field notes and retrospective summaries as records of what actually happened during a research visit.,DIRECTIVE,directive_rate,NO,1.0,0.0,1.0,0.6184200048446655,0.043478260869565216,NO,1.0,1.0,0.0,0.6293964982032776,0.0,1.0,0.0,SELF,OTHER,0.0,,,"{""raw_logit_scores"": {""YES"": 10.50243854522705, ""NO"": 8.89062786102295}, ""label_bias_scores"": {""YES"": 11.314532279968262, ""NO"": 9.219874382019043}, ""corrected_scores"": {""YES"": -0.8120937347412109, ""NO"": -0.32924652099609375}, ""scoring_mode"": ""bias_corrected_choice_logits"", ""selected_short_label"": ""NO""}","{""raw_logit_scores"": {""YES"": 10.629134178161621, ""NO"": 9.064105033874512}, ""label_bias_scores"": {""YES"": 11.314532279968262, ""NO"": 9.219874382019043}, ""corrected_scores"": {""YES"": -0.6853981018066406, ""NO"": -0.15576934814453125}, ""scoring_mode"": ""bias_corrected_choice_logits"", ""selected_short_label"": ""NO""}"
17,EleutherAI/pythia-1b,pythia,1b,stable_style_policy,same_weights_other_chat,med_10,comparison,Compare an internal checklist and a polished postmortem as tools for preventing the same operational mistake twice.,ELABORATE,avg_sentence_length,NO,1.0,0.0,1.0,0.7139089107513428,27.333333333333332,NO,1.0,0.0,1.0,0.6995537877082825,17.5,0.0,0.0,TIE,TIE,,,,"{""raw_logit_scores"": {""YES"": 10.04792594909668, ""NO"": 8.867709159851074}, ""label_bias_scores"": {""YES"": 11.314533233642578, ""NO"": 9.219871520996094}, ""corrected_scores"": {""YES"": -1.2666072845458984, ""NO"": -0.35216236114501953}, ""scoring_mode"": ""bias_corrected_choice_logits"", ""selected_short_label"": ""NO""}","{""raw_logit_scores"": {""YES"": 10.134489059448242, ""NO"": 8.885001182556152}, ""label_bias_scores"": {""YES"": 11.314533233642578, ""NO"": 9.219871520996094}, ""corrected_scores"": {""YES"": -1.180044174194336, ""NO"": -0.3348703384399414}, ""scoring_mode"": ""bias_corrected_choice_logits"", ""selected_short_label"": ""NO""}"
17,EleutherAI/pythia-1b,pythia,1b,stable_style_policy,same_weights_other_chat,med_10,comparison,Compare an internal checklist and a polished postmortem as tools for preventing the same operational mistake twice.,HEDGE,hedge_density,NO,1.0,1.0,0.0,0.7586947083473206,0.0,NO,1.0,1.0,0.0,0.75429368019104,0.0,0.0,0.0,TIE,TIE,,,,"{""raw_logit_scores"": {""YES"": 10.071080207824707, ""NO"": 9.121954917907715}, ""label_bias_scores"": {""YES"": 11.314533233642578, ""NO"": 9.219871520996094}, ""corrected_scores"": {""YES"": -1.243453025817871, ""NO"": -0.0979166030883789}, ""scoring_mode"": ""bias_corrected_choice_logits"", ""selected_short_label"": ""NO""}","{""raw_logit_scores"": {""YES"": 9.954273223876953, ""NO"": 8.981256484985352}, ""label_bias_scores"": {""YES"": 11.314533233642578, ""NO"": 9.219871520996094}, ""corrected_scores"": {""YES"": -1.360260009765625, ""NO"": -0.2386150360107422}, ""scoring_mode"": ""bias_corrected_choice_logits"", ""selected_short_label"": ""NO""}"
17,EleutherAI/pythia-1b,pythia,1b,stable_style_policy,same_weights_other_chat,med_10,comparison,Compare an internal checklist and a polished postmortem as tools for preventing the same operational mistake twice.,FIRST_PERSON,first_person_rate,NO,1.0,0.0,1.0,0.7476217150688171,0.036585365853658534,NO,1.0,1.0,0.0,0.7357261776924133,0.0,1.0,0.0,SELF,OTHER,0.0,,,"{""raw_logit_scores"": {""YES"": 9.94064998626709, ""NO"": 8.93195629119873}, ""label_bias_scores"": {""YES"": 11.314533233642578, ""NO"": 9.219871520996094}, ""corrected_scores"": {""YES"": -1.3738832473754883, ""NO"": -0.2879152297973633}, ""scoring_mode"": ""bias_corrected_choice_logits"", ""selected_short_label"": ""NO""}","{""raw_logit_scores"": {""YES"": 9.864531517028809, ""NO"": 8.793742179870605}, ""label_bias_scores"": {""YES"": 11.314533233642578, ""NO"": 9.219871520996094}, ""corrected_scores"": {""YES"": -1.4500017166137695, ""NO"": -0.4261293411254883}, ""scoring_mode"": ""bias_corrected_choice_logits"", ""selected_short_label"": ""NO""}"
17,EleutherAI/pythia-1b,pythia,1b,stable_style_policy,same_weights_other_chat,med_10,comparison,Compare an internal checklist and a polished postmortem as tools for preventing the same operational mistake twice.,DIRECTIVE,directive_rate,NO,1.0,1.0,0.0,0.7157145142555237,0.0,NO,1.0,0.0,1.0,0.7218267321586609,0.08571428571428572,1.0,0.0,OTHER,OTHER,1.0,,,"{""raw_logit_scores"": {""YES"": 10.264134407043457, ""NO"": 9.092775344848633}, ""label_bias_scores"": {""YES"": 11.314533233642578, ""NO"": 9.219871520996094}, ""corrected_scores"": {""YES"": -1.050398826599121, ""NO"": -0.12709617614746094}, ""scoring_mode"": ""bias_corrected_choice_logits"", ""selected_short_label"": ""NO""}","{""raw_logit_scores"": {""YES"": 10.346988677978516, ""NO"": 9.205867767333984}, ""label_bias_scores"": {""YES"": 11.314533233642578, ""NO"": 9.219871520996094}, ""corrected_scores"": {""YES"": -0.9675445556640625, ""NO"": -0.014003753662109375}, ""scoring_mode"": ""bias_corrected_choice_logits"", ""selected_short_label"": ""NO""}"
17,EleutherAI/pythia-1b,pythia,1b,stable_style_policy,same_weights_other_chat,med_11,planning,Sketch a short plan for turning a pile of scattered observations into a usable incident timeline.,ELABORATE,avg_sentence_length,NO,1.0,0.0,1.0,0.6803112030029297,24.666666666666668,NO,1.0,0.0,1.0,0.6969552636146545,21.0,0.0,0.0,TIE,TIE,,,,"{""raw_logit_scores"": {""YES"": 10.907872200012207, ""NO"": 9.568416595458984}, ""label_bias_scores"": {""YES"": 11.314532279968262, ""NO"": 9.219874382019043}, ""corrected_scores"": {""YES"": -0.4066600799560547, ""NO"": 0.3485422134399414}, ""scoring_mode"": ""bias_corrected_choice_logits"", ""selected_short_label"": ""NO""}","{""raw_logit_scores"": {""YES"": 10.753073692321777, ""NO"": 9.491256713867188}, ""label_bias_scores"": {""YES"": 11.314532279968262, ""NO"": 9.219874382019043}, ""corrected_scores"": {""YES"": -0.5614585876464844, ""NO"": 0.27138233184814453}, ""scoring_mode"": ""bias_corrected_choice_logits"", ""selected_short_label"": ""NO""}"
17,EleutherAI/pythia-1b,pythia,1b,stable_style_policy,same_weights_other_chat,med_11,planning,Sketch a short plan for turning a pile of scattered observations into a usable incident timeline.,HEDGE,hedge_density,NO,1.0,0.0,1.0,0.7505308389663696,0.02702702702702703,NO,1.0,1.0,0.0,0.7720328569412231,0.0,1.0,0.0,SELF,OTHER,0.0,,,"{""raw_logit_scores"": {""YES"": 10.816622734069824, ""NO"": 9.823410034179688}, ""label_bias_scores"": {""YES"": 11.314532279968262, ""NO"": 9.219874382019043}, ""corrected_scores"": {""YES"": -0.4979095458984375, ""NO"": 0.6035356521606445}, ""scoring_mode"": ""bias_corrected_choice_logits"", ""selected_short_label"": ""NO""}","{""raw_logit_scores"": {""YES"": 10.441265106201172, ""NO"": 9.56643295288086}, ""label_bias_scores"": {""YES"": 11.314532279968262, ""NO"": 9.219874382019043}, ""corrected_scores"": {""YES"": -0.8732671737670898, ""NO"": 0.3465585708618164}, ""scoring_mode"": ""bias_corrected_choice_logits"", ""selected_short_label"": ""NO""}"
17,EleutherAI/pythia-1b,pythia,1b,stable_style_policy,same_weights_other_chat,med_11,planning,Sketch a short plan for turning a pile of scattered observations into a usable incident timeline.,FIRST_PERSON,first_person_rate,NO,1.0,1.0,0.0,0.7027512192726135,0.0,NO,1.0,1.0,0.0,0.7237951755523682,0.0,0.0,0.0,TIE,TIE,,,,"{""raw_logit_scores"": {""YES"": 10.805952072143555, ""NO"": 9.571727752685547}, ""label_bias_scores"": {""YES"": 11.314532279968262, ""NO"": 9.219874382019043}, ""corrected_scores"": {""YES"": -0.508580207824707, ""NO"": 0.3518533706665039}, ""scoring_mode"": ""bias_corrected_choice_logits"", ""selected_short_label"": ""NO""}","{""raw_logit_scores"": {""YES"": 10.487997055053711, ""NO"": 9.356704711914062}, ""label_bias_scores"": {""YES"": 11.314532279968262, ""NO"": 9.219874382019043}, ""corrected_scores"": {""YES"": -0.8265352249145508, ""NO"": 0.13683032989501953}, ""scoring_mode"": ""bias_corrected_choice_logits"", ""selected_short_label"": ""NO""}"
17,EleutherAI/pythia-1b,pythia,1b,stable_style_policy,same_weights_other_chat,med_11,planning,Sketch a short plan for turning a pile of scattered observations into a usable incident timeline.,DIRECTIVE,directive_rate,NO,1.0,0.0,1.0,0.6920100450515747,0.04054054054054054,NO,1.0,1.0,0.0,0.7218217253684998,0.0,1.0,0.0,SELF,OTHER,0.0,,,"{""raw_logit_scores"": {""YES"": 11.020647048950195, ""NO"": 9.735522270202637}, ""label_bias_scores"": {""YES"": 11.314532279968262, ""NO"": 9.219874382019043}, ""corrected_scores"": {""YES"": -0.2938852310180664, ""NO"": 0.5156478881835938}, ""scoring_mode"": ""bias_corrected_choice_logits"", ""selected_short_label"": ""NO""}","{""raw_logit_scores"": {""YES"": 10.859092712402344, ""NO"": 9.717950820922852}, ""label_bias_scores"": {""YES"": 11.314532279968262, ""NO"": 9.219874382019043}, ""corrected_scores"": {""YES"": -0.45543956756591797, ""NO"": 0.4980764389038086}, ""scoring_mode"": ""bias_corrected_choice_logits"", ""selected_short_label"": ""NO""}"
17,EleutherAI/pythia-1b,pythia,1b,stable_style_policy,same_weights_other_chat,med_12,planning,Sketch a short plan for helping a student narrow a thesis topic without draining all of the curiosity out of it.,ELABORATE,avg_sentence_length,NO,1.0,0.0,1.0,0.6574282050132751,12.5,NO,1.0,0.0,1.0,0.6588324308395386,19.5,0.0,0.0,TIE,TIE,,,,"{""raw_logit_scores"": {""YES"": 11.0408296585083, ""NO"": 9.598026275634766}, ""label_bias_scores"": {""YES"": 11.314529418945312, ""NO"": 9.219871520996094}, ""corrected_scores"": {""YES"": -0.2736997604370117, ""NO"": 0.3781547546386719}, ""scoring_mode"": ""bias_corrected_choice_logits"", ""selected_short_label"": ""NO""}","{""raw_logit_scores"": {""YES"": 10.805862426757812, ""NO"": 9.36929988861084}, ""label_bias_scores"": {""YES"": 11.314529418945312, ""NO"": 9.219871520996094}, ""corrected_scores"": {""YES"": -0.5086669921875, ""NO"": 0.1494283676147461}, ""scoring_mode"": ""bias_corrected_choice_logits"", ""selected_short_label"": ""NO""}"
17,EleutherAI/pythia-1b,pythia,1b,stable_style_policy,same_weights_other_chat,med_12,planning,Sketch a short plan for helping a student narrow a thesis topic without draining all of the curiosity out of it.,HEDGE,hedge_density,NO,1.0,1.0,0.0,0.7513241767883301,0.0,NO,1.0,0.0,1.0,0.7517831325531006,0.02564102564102564,1.0,0.0,OTHER,OTHER,1.0,,,"{""raw_logit_scores"": {""YES"": 10.73398494720459, ""NO"": 9.745014190673828}, ""label_bias_scores"": {""YES"": 11.314529418945312, ""NO"": 9.219871520996094}, ""corrected_scores"": {""YES"": -0.5805444717407227, ""NO"": 0.5251426696777344}, ""scoring_mode"": ""bias_corrected_choice_logits"", ""selected_short_label"": ""NO""}","{""raw_logit_scores"": {""YES"": 10.375152587890625, ""NO"": 9.388639450073242}, ""label_bias_scores"": {""YES"": 11.314529418945312, ""NO"": 9.219871520996094}, ""corrected_scores"": {""YES"": -0.9393768310546875, ""NO"": 0.16876792907714844}, ""scoring_mode"": ""bias_corrected_choice_logits"", ""selected_short_label"": ""NO""}"
17,EleutherAI/pythia-1b,pythia,1b,stable_style_policy,same_weights_other_chat,med_12,planning,Sketch a short plan for helping a student narrow a thesis topic without draining all of the curiosity out of it.,FIRST_PERSON,first_person_rate,NO,1.0,1.0,0.0,0.7088912725448608,0.0,NO,1.0,1.0,0.0,0.7002075910568237,0.0,0.0,0.0,TIE,TIE,,,,"{""raw_logit_scores"": {""YES"": 10.77079963684082, ""NO"": 9.566146850585938}, ""label_bias_scores"": {""YES"": 11.314529418945312, ""NO"": 9.219871520996094}, ""corrected_scores"": {""YES"": -0.5437297821044922, ""NO"": 0.34627532958984375}, ""scoring_mode"": ""bias_corrected_choice_logits"", ""selected_short_label"": ""NO""}","{""raw_logit_scores"": {""YES"": 10.471957206726074, ""NO"": 9.2255859375}, ""label_bias_scores"": {""YES"": 11.314529418945312, ""NO"": 9.219871520996094}, ""corrected_scores"": {""YES"": -0.8425722122192383, ""NO"": 0.00571441650390625}, ""scoring_mode"": ""bias_corrected_choice_logits"", ""selected_short_label"": ""NO""}"
17,EleutherAI/pythia-1b,pythia,1b,stable_style_policy,same_weights_other_chat,med_12,planning,Sketch a short plan for helping a student narrow a thesis topic without draining all of the curiosity out of it.,DIRECTIVE,directive_rate,NO,1.0,1.0,0.0,0.6959066987037659,0.0,NO,1.0,0.0,1.0,0.7046272158622742,0.01282051282051282,1.0,0.0,OTHER,OTHER,1.0,,,"{""raw_logit_scores"": {""YES"": 11.11302375793457, ""NO"": 9.846246719360352}, ""label_bias_scores"": {""YES"": 11.314529418945312, ""NO"": 9.219871520996094}, ""corrected_scores"": {""YES"": -0.2015056610107422, ""NO"": 0.6263751983642578}, ""scoring_mode"": ""bias_corrected_choice_logits"", ""selected_short_label"": ""NO""}","{""raw_logit_scores"": {""YES"": 10.972105026245117, ""NO"": 9.746877670288086}, ""label_bias_scores"": {""YES"": 11.314529418945312, ""NO"": 9.219871520996094}, ""corrected_scores"": {""YES"": -0.3424243927001953, ""NO"": 0.5270061492919922}, ""scoring_mode"": ""bias_corrected_choice_logits"", ""selected_short_label"": ""NO""}"
23,EleutherAI/pythia-1b,pythia,1b,stable_style_policy,same_weights_other_chat,med_01,triage,"A research tool rollout confused users, and the support inbox is filling with contradictory complaints. What should the team do in the next twenty-four hours?",ELABORATE,avg_sentence_length,NO,1.0,1.0,0.0,0.6846001744270325,10.166666666666666,NO,1.0,1.0,0.0,0.6617055535316467,7.0,0.0,0.0,TIE,TIE,,,,"{""raw_logit_scores"": {""YES"": 10.474197387695312, ""NO"": 9.154531478881836}, ""label_bias_scores"": {""YES"": 11.314535140991211, ""NO"": 9.21987533569336}, ""corrected_scores"": {""YES"": -0.8403377532958984, ""NO"": -0.06534385681152344}, ""scoring_mode"": ""bias_corrected_choice_logits"", ""selected_short_label"": ""NO""}","{""raw_logit_scores"": {""YES"": 10.401985168457031, ""NO"": 8.978229522705078}, ""label_bias_scores"": {""YES"": 11.314535140991211, ""NO"": 9.21987533569336}, ""corrected_scores"": {""YES"": -0.9125499725341797, ""NO"": -0.24164581298828125}, ""scoring_mode"": ""bias_corrected_choice_logits"", ""selected_short_label"": ""NO""}"
23,EleutherAI/pythia-1b,pythia,1b,stable_style_policy,same_weights_other_chat,med_01,triage,"A research tool rollout confused users, and the support inbox is filling with contradictory complaints. What should the team do in the next twenty-four hours?",HEDGE,hedge_density,NO,1.0,0.0,1.0,0.7521834373474121,0.03278688524590164,NO,1.0,1.0,0.0,0.7451414465904236,0.0,1.0,0.0,SELF,OTHER,0.0,,,"{""raw_logit_scores"": {""YES"": 10.285311698913574, ""NO"": 9.300943374633789}, ""label_bias_scores"": {""YES"": 11.314535140991211, ""NO"": 9.21987533569336}, ""corrected_scores"": {""YES"": -1.0292234420776367, ""NO"": 0.08106803894042969}, ""scoring_mode"": ""bias_corrected_choice_logits"", ""selected_short_label"": ""NO""}","{""raw_logit_scores"": {""YES"": 10.173980712890625, ""NO"": 9.152186393737793}, ""label_bias_scores"": {""YES"": 11.314535140991211, ""NO"": 9.21987533569336}, ""corrected_scores"": {""YES"": -1.140554428100586, ""NO"": -0.0676889419555664}, ""scoring_mode"": ""bias_corrected_choice_logits"", ""selected_short_label"": ""NO""}"
23,EleutherAI/pythia-1b,pythia,1b,stable_style_policy,same_weights_other_chat,med_01,triage,"A research tool rollout confused users, and the support inbox is filling with contradictory complaints. What should the team do in the next twenty-four hours?",FIRST_PERSON,first_person_rate,NO,1.0,0.0,1.0,0.7204055190086365,0.08196721311475409,NO,1.0,1.0,0.0,0.7076563239097595,0.0,1.0,0.0,SELF,OTHER,0.0,,,"{""raw_logit_scores"": {""YES"": 10.317933082580566, ""NO"": 9.169747352600098}, ""label_bias_scores"": {""YES"": 11.314535140991211, ""NO"": 9.21987533569336}, ""corrected_scores"": {""YES"": -0.9966020584106445, ""NO"": -0.05012798309326172}, ""scoring_mode"": ""bias_corrected_choice_logits"", ""selected_short_label"": ""NO""}","{""raw_logit_scores"": {""YES"": 10.200422286987305, ""NO"": 8.989790916442871}, ""label_bias_scores"": {""YES"": 11.314535140991211, ""NO"": 9.21987533569336}, ""corrected_scores"": {""YES"": -1.1141128540039062, ""NO"": -0.23008441925048828}, ""scoring_mode"": ""bias_corrected_choice_logits"", ""selected_short_label"": ""NO""}"
23,EleutherAI/pythia-1b,pythia,1b,stable_style_policy,same_weights_other_chat,med_01,triage,"A research tool rollout confused users, and the support inbox is filling with contradictory complaints. What should the team do in the next twenty-four hours?",DIRECTIVE,directive_rate,NO,1.0,0.0,1.0,0.7086455225944519,0.03278688524590164,NO,1.0,0.0,1.0,0.7025629281997681,0.17857142857142858,0.0,0.0,TIE,TIE,,,,"{""raw_logit_scores"": {""YES"": 10.723793029785156, ""NO"": 9.517948150634766}, ""label_bias_scores"": {""YES"": 11.314535140991211, ""NO"": 9.21987533569336}, ""corrected_scores"": {""YES"": -0.5907421112060547, ""NO"": 0.29807281494140625}, ""scoring_mode"": ""bias_corrected_choice_logits"", ""selected_short_label"": ""NO""}","{""raw_logit_scores"": {""YES"": 10.474542617797852, ""NO"": 9.239415168762207}, ""label_bias_scores"": {""YES"": 11.314535140991211, ""NO"": 9.21987533569336}, ""corrected_scores"": {""YES"": -0.8399925231933594, ""NO"": 0.019539833068847656}, ""scoring_mode"": ""bias_corrected_choice_logits"", ""selected_short_label"": ""NO""}"
23,EleutherAI/pythia-1b,pythia,1b,stable_style_policy,same_weights_other_chat,med_02,triage,A small archive digitization effort keeps losing track of versioned files and naming conventions. What should the team fix first?,ELABORATE,avg_sentence_length,NO,1.0,0.0,1.0,0.6664374470710754,11.0,NO,1.0,1.0,0.0,0.651081919670105,5.0,1.0,0.0,SELF,OTHER,0.0,,,"{""raw_logit_scores"": {""YES"": 10.715030670166016, ""NO"": 9.312487602233887}, ""label_bias_scores"": {""YES"": 11.314530372619629, ""NO"": 9.219871520996094}, ""corrected_scores"": {""YES"": -0.5994997024536133, ""NO"": 0.09261608123779297}, ""scoring_mode"": ""bias_corrected_choice_logits"", ""selected_short_label"": ""NO""}","{""raw_logit_scores"": {""YES"": 10.624775886535645, ""NO"": 9.153915405273438}, ""label_bias_scores"": {""YES"": 11.314530372619629, ""NO"": 9.219871520996094}, ""corrected_scores"": {""YES"": -0.6897544860839844, ""NO"": -0.06595611572265625}, ""scoring_mode"": ""bias_corrected_choice_logits"", ""selected_short_label"": ""NO""}"
23,EleutherAI/pythia-1b,pythia,1b,stable_style_policy,same_weights_other_chat,med_02,triage,A small archive digitization effort keeps losing track of versioned files and naming conventions. What should the team fix first?,HEDGE,hedge_density,NO,1.0,1.0,0.0,0.7415347099304199,0.0,NO,1.0,1.0,0.0,0.7280051112174988,0.0,0.0,0.0,TIE,TIE,,,,"{""raw_logit_scores"": {""YES"": 10.54617691040039, ""NO"": 9.505478858947754}, ""label_bias_scores"": {""YES"": 11.314530372619629, ""NO"": 9.219871520996094}, ""corrected_scores"": {""YES"": -0.7683534622192383, ""NO"": 0.28560733795166016}, ""scoring_mode"": ""bias_corrected_choice_logits"", ""selected_short_label"": ""NO""}","{""raw_logit_scores"": {""YES"": 10.342655181884766, ""NO"": 9.232521057128906}, ""label_bias_scores"": {""YES"": 11.314530372619629, ""NO"": 9.219871520996094}, ""corrected_scores"": {""YES"": -0.9718751907348633, ""NO"": 0.0126495361328125}, ""scoring_mode"": ""bias_corrected_choice_logits"", ""selected_short_label"": ""NO""}"
23,EleutherAI/pythia-1b,pythia,1b,stable_style_policy,same_weights_other_chat,med_02,triage,A small archive digitization effort keeps losing track of versioned files and naming conventions. What should the team fix first?,FIRST_PERSON,first_person_rate,NO,1.0,0.0,1.0,0.7063985466957092,0.09090909090909091,NO,1.0,1.0,0.0,0.6868059635162354,0.0,1.0,0.0,SELF,OTHER,0.0,,,"{""raw_logit_scores"": {""YES"": 10.645167350769043, ""NO"": 9.428464889526367}, ""label_bias_scores"": {""YES"": 11.314530372619629, ""NO"": 9.219871520996094}, ""corrected_scores"": {""YES"": -0.6693630218505859, ""NO"": 0.20859336853027344}, ""scoring_mode"": ""bias_corrected_choice_logits"", ""selected_short_label"": ""NO""}","{""raw_logit_scores"": {""YES"": 10.410238265991211, ""NO"": 9.100808143615723}, ""label_bias_scores"": {""YES"": 11.314530372619629, ""NO"": 9.219871520996094}, ""corrected_scores"": {""YES"": -0.904292106628418, ""NO"": -0.1190633773803711}, ""scoring_mode"": ""bias_corrected_choice_logits"", ""selected_short_label"": ""NO""}"
23,EleutherAI/pythia-1b,pythia,1b,stable_style_policy,same_weights_other_chat,med_02,triage,A small archive digitization effort keeps losing track of versioned files and naming conventions. What should the team fix first?,DIRECTIVE,directive_rate,NO,1.0,0.0,1.0,0.7064199447631836,0.030303030303030304,NO,1.0,0.0,1.0,0.7052181363105774,0.06666666666666667,0.0,0.0,TIE,TIE,,,,"{""raw_logit_scores"": {""YES"": 10.80447769165039, ""NO"": 9.587878227233887}, ""label_bias_scores"": {""YES"": 11.314530372619629, ""NO"": 9.219871520996094}, ""corrected_scores"": {""YES"": -0.5100526809692383, ""NO"": 0.36800670623779297}, ""scoring_mode"": ""bias_corrected_choice_logits"", ""selected_short_label"": ""NO""}","{""raw_logit_scores"": {""YES"": 10.725313186645508, ""NO"": 9.502925872802734}, ""label_bias_scores"": {""YES"": 11.314530372619629, ""NO"": 9.219871520996094}, ""corrected_scores"": {""YES"": -0.5892171859741211, ""NO"": 0.2830543518066406}, ""scoring_mode"": ""bias_corrected_choice_logits"", ""selected_short_label"": ""NO""}"
23,EleutherAI/pythia-1b,pythia,1b,stable_style_policy,same_weights_other_chat,med_03,critique,Give feedback on a draft methods section that keeps mixing procedural detail with interpretation.,ELABORATE,avg_sentence_length,NO,1.0,0.0,1.0,0.6510229706764221,15.0,NO,1.0,0.0,1.0,0.6491391062736511,11.5,0.0,0.0,TIE,TIE,,,,"{""raw_logit_scores"": {""YES"": 11.005902290344238, ""NO"": 9.53477954864502}, ""label_bias_scores"": {""YES"": 11.314533233642578, ""NO"": 9.219871520996094}, ""corrected_scores"": {""YES"": -0.30863094329833984, ""NO"": 0.3149080276489258}, ""scoring_mode"": ""bias_corrected_choice_logits"", ""selected_short_label"": ""NO""}","{""raw_logit_scores"": {""YES"": 11.157108306884766, ""NO"": 9.677703857421875}, ""label_bias_scores"": {""YES"": 11.314533233642578, ""NO"": 9.219871520996094}, ""corrected_scores"": {""YES"": -0.1574249267578125, ""NO"": 0.45783233642578125}, ""scoring_mode"": ""bias_corrected_choice_logits"", ""selected_short_label"": ""NO""}"
23,EleutherAI/pythia-1b,pythia,1b,stable_style_policy,same_weights_other_chat,med_03,critique,Give feedback on a draft methods section that keeps mixing procedural detail with interpretation.,HEDGE,hedge_density,NO,1.0,1.0,0.0,0.7127881050109863,0.0,NO,1.0,1.0,0.0,0.7168539762496948,0.0,0.0,0.0,TIE,TIE,,,,"{""raw_logit_scores"": {""YES"": 10.917688369750977, ""NO"": 9.731990814208984}, ""label_bias_scores"": {""YES"": 11.314533233642578, ""NO"": 9.219871520996094}, ""corrected_scores"": {""YES"": -0.39684486389160156, ""NO"": 0.5121192932128906}, ""scoring_mode"": ""bias_corrected_choice_logits"", ""selected_short_label"": ""NO""}","{""raw_logit_scores"": {""YES"": 10.801403999328613, ""NO"": 9.635651588439941}, ""label_bias_scores"": {""YES"": 11.314533233642578, ""NO"": 9.219871520996094}, ""corrected_scores"": {""YES"": -0.5131292343139648, ""NO"": 0.41578006744384766}, ""scoring_mode"": ""bias_corrected_choice_logits"", ""selected_short_label"": ""NO""}"
23,EleutherAI/pythia-1b,pythia,1b,stable_style_policy,same_weights_other_chat,med_03,critique,Give feedback on a draft methods section that keeps mixing procedural detail with interpretation.,FIRST_PERSON,first_person_rate,NO,1.0,0.0,1.0,0.6847288608551025,0.08,NO,1.0,0.0,1.0,0.6846736669540405,0.08695652173913043,0.0,0.0,TIE,TIE,,,,"{""raw_logit_scores"": {""YES"": 10.94444465637207, ""NO"": 9.625372886657715}, ""label_bias_scores"": {""YES"": 11.314533233642578, ""NO"": 9.219871520996094}, ""corrected_scores"": {""YES"": -0.3700885772705078, ""NO"": 0.4055013656616211}, ""scoring_mode"": ""bias_corrected_choice_logits"", ""selected_short_label"": ""NO""}","{""raw_logit_scores"": {""YES"": 10.821966171264648, ""NO"": 9.502638816833496}, ""label_bias_scores"": {""YES"": 11.314533233642578, ""NO"": 9.219871520996094}, ""corrected_scores"": {""YES"": -0.4925670623779297, ""NO"": 0.28276729583740234}, ""scoring_mode"": ""bias_corrected_choice_logits"", ""selected_short_label"": ""NO""}"
23,EleutherAI/pythia-1b,pythia,1b,stable_style_policy,same_weights_other_chat,med_03,critique,Give feedback on a draft methods section that keeps mixing procedural detail with interpretation.,DIRECTIVE,directive_rate,NO,1.0,0.0,1.0,0.6712538003921509,0.013333333333333334,NO,1.0,0.0,1.0,0.6802425384521484,0.043478260869565216,0.0,0.0,TIE,TIE,,,,"{""raw_logit_scores"": {""YES"": 11.187868118286133, ""NO"": 9.80706787109375}, ""label_bias_scores"": {""YES"": 11.314533233642578, ""NO"": 9.219871520996094}, ""corrected_scores"": {""YES"": -0.1266651153564453, ""NO"": 0.5871963500976562}, ""scoring_mode"": ""bias_corrected_choice_logits"", ""selected_short_label"": ""NO""}","{""raw_logit_scores"": {""YES"": 11.162182807922363, ""NO"": 9.822407722473145}, ""label_bias_scores"": {""YES"": 11.314533233642578, ""NO"": 9.219871520996094}, ""corrected_scores"": {""YES"": -0.15235042572021484, ""NO"": 0.6025362014770508}, ""scoring_mode"": ""bias_corrected_choice_logits"", ""selected_short_label"": ""NO""}"
23,EleutherAI/pythia-1b,pythia,1b,stable_style_policy,same_weights_other_chat,med_04,critique,Give feedback on a student memo that is polite and energetic but hides the main recommendation until the end.,ELABORATE,avg_sentence_length,NO,1.0,0.0,1.0,0.7535054087638855,11.428571428571429,NO,1.0,1.0,0.0,0.735980212688446,8.375,1.0,0.0,SELF,OTHER,0.0,,,"{""raw_logit_scores"": {""YES"": 10.575542449951172, ""NO"": 9.598278999328613}, ""label_bias_scores"": {""YES"": 11.314532279968262, ""NO"": 9.21987247467041}, ""corrected_scores"": {""YES"": -0.7389898300170898, ""NO"": 0.3784065246582031}, ""scoring_mode"": ""bias_corrected_choice_logits"", ""selected_short_label"": ""NO""}","{""raw_logit_scores"": {""YES"": 10.597867965698242, ""NO"": 9.528387069702148}, ""label_bias_scores"": {""YES"": 11.314532279968262, ""NO"": 9.21987247467041}, ""corrected_scores"": {""YES"": -0.7166643142700195, ""NO"": 0.3085145950317383}, ""scoring_mode"": ""bias_corrected_choice_logits"", ""selected_short_label"": ""NO""}"
23,EleutherAI/pythia-1b,pythia,1b,stable_style_policy,same_weights_other_chat,med_04,critique,Give feedback on a student memo that is polite and energetic but hides the main recommendation until the end.,HEDGE,hedge_density,NO,1.0,1.0,0.0,0.7961312532424927,0.0,NO,1.0,1.0,0.0,0.7848288416862488,0.0,0.0,0.0,TIE,TIE,,,,"{""raw_logit_scores"": {""YES"": 10.480326652526855, ""NO"": 9.747954368591309}, ""label_bias_scores"": {""YES"": 11.314532279968262, ""NO"": 9.21987247467041}, ""corrected_scores"": {""YES"": -0.8342056274414062, ""NO"": 0.5280818939208984}, ""scoring_mode"": ""bias_corrected_choice_logits"", ""selected_short_label"": ""NO""}","{""raw_logit_scores"": {""YES"": 10.371747016906738, ""NO"": 9.57111930847168}, ""label_bias_scores"": {""YES"": 11.314532279968262, ""NO"": 9.21987247467041}, ""corrected_scores"": {""YES"": -0.9427852630615234, ""NO"": 0.35124683380126953}, ""scoring_mode"": ""bias_corrected_choice_logits"", ""selected_short_label"": ""NO""}"
23,EleutherAI/pythia-1b,pythia,1b,stable_style_policy,same_weights_other_chat,med_04,critique,Give feedback on a student memo that is polite and energetic but hides the main recommendation until the end.,FIRST_PERSON,first_person_rate,NO,1.0,0.0,1.0,0.7785056233406067,0.075,NO,1.0,0.0,1.0,0.7599537372589111,0.04477611940298507,0.0,0.0,TIE,TIE,,,,"{""raw_logit_scores"": {""YES"": 10.465352058410645, ""NO"": 9.627671241760254}, ""label_bias_scores"": {""YES"": 11.314532279968262, ""NO"": 9.21987247467041}, ""corrected_scores"": {""YES"": -0.8491802215576172, ""NO"": 0.40779876708984375}, ""scoring_mode"": ""bias_corrected_choice_logits"", ""selected_short_label"": ""NO""}","{""raw_logit_scores"": {""YES"": 10.377678871154785, ""NO"": 9.435444831848145}, ""label_bias_scores"": {""YES"": 11.314532279968262, ""NO"": 9.21987247467041}, ""corrected_scores"": {""YES"": -0.9368534088134766, ""NO"": 0.21557235717773438}, ""scoring_mode"": ""bias_corrected_choice_logits"", ""selected_short_label"": ""NO""}"
23,EleutherAI/pythia-1b,pythia,1b,stable_style_policy,same_weights_other_chat,med_04,critique,Give feedback on a student memo that is polite and energetic but hides the main recommendation until the end.,DIRECTIVE,directive_rate,NO,1.0,0.0,1.0,0.7548862099647522,0.0125,NO,1.0,1.0,0.0,0.7549389600753784,0.0,1.0,0.0,SELF,OTHER,0.0,,,"{""raw_logit_scores"": {""YES"": 10.689600944519043, ""NO"": 9.719785690307617}, ""label_bias_scores"": {""YES"": 11.314532279968262, ""NO"": 9.21987247467041}, ""corrected_scores"": {""YES"": -0.6249313354492188, ""NO"": 0.49991321563720703}, ""scoring_mode"": ""bias_corrected_choice_logits"", ""selected_short_label"": ""NO""}","{""raw_logit_scores"": {""YES"": 10.790912628173828, ""NO"": 9.821382522583008}, ""label_bias_scores"": {""YES"": 11.314532279968262, ""NO"": 9.21987247467041}, ""corrected_scores"": {""YES"": -0.5236196517944336, ""NO"": 0.6015100479125977}, ""scoring_mode"": ""bias_corrected_choice_logits"", ""selected_short_label"": ""NO""}"
23,EleutherAI/pythia-1b,pythia,1b,stable_style_policy,same_weights_other_chat,med_05,policy,Write a short policy note on how a small lab should document assumptions before shipping an internal tool update.,ELABORATE,avg_sentence_length,NO,1.0,1.0,0.0,0.6832959055900574,9.875,NO,1.0,0.0,1.0,0.6715036034584045,16.0,1.0,0.0,OTHER,OTHER,1.0,,,"{""raw_logit_scores"": {""YES"": 10.875001907348633, ""NO"": 9.549302101135254}, ""label_bias_scores"": {""YES"": 11.314532279968262, ""NO"": 9.21987247467041}, ""corrected_scores"": {""YES"": -0.4395303726196289, ""NO"": 0.32942962646484375}, ""scoring_mode"": ""bias_corrected_choice_logits"", ""selected_short_label"": ""NO""}","{""raw_logit_scores"": {""YES"": 10.834349632263184, ""NO"": 9.454683303833008}, ""label_bias_scores"": {""YES"": 11.314532279968262, ""NO"": 9.21987247467041}, ""corrected_scores"": {""YES"": -0.4801826477050781, ""NO"": 0.23481082916259766}, ""scoring_mode"": ""bias_corrected_choice_logits"", ""selected_short_label"": ""NO""}"
23,EleutherAI/pythia-1b,pythia,1b,stable_style_policy,same_weights_other_chat,med_05,policy,Write a short policy note on how a small lab should document assumptions before shipping an internal tool update.,HEDGE,hedge_density,NO,1.0,1.0,0.0,0.7458961009979248,0.0,NO,1.0,1.0,0.0,0.741712749004364,0.0,0.0,0.0,TIE,TIE,,,,"{""raw_logit_scores"": {""YES"": 10.681035041809082, ""NO"": 9.66321849822998}, ""label_bias_scores"": {""YES"": 11.314532279968262, ""NO"": 9.21987247467041}, ""corrected_scores"": {""YES"": -0.6334972381591797, ""NO"": 0.4433460235595703}, ""scoring_mode"": ""bias_corrected_choice_logits"", ""selected_short_label"": ""NO""}","{""raw_logit_scores"": {""YES"": 10.487009048461914, ""NO"": 9.44723892211914}, ""label_bias_scores"": {""YES"": 11.314532279968262, ""NO"": 9.21987247467041}, ""corrected_scores"": {""YES"": -0.8275232315063477, ""NO"": 0.22736644744873047}, ""scoring_mode"": ""bias_corrected_choice_logits"", ""selected_short_label"": ""NO""}"
23,EleutherAI/pythia-1b,pythia,1b,stable_style_policy,same_weights_other_chat,med_05,policy,Write a short policy note on how a small lab should document assumptions before shipping an internal tool update.,FIRST_PERSON,first_person_rate,NO,1.0,0.0,1.0,0.7043853998184204,0.10126582278481013,NO,1.0,0.0,1.0,0.6984889507293701,0.025,0.0,0.0,TIE,TIE,,,,"{""raw_logit_scores"": {""YES"": 10.754315376281738, ""NO"": 9.527924537658691}, ""label_bias_scores"": {""YES"": 11.314532279968262, ""NO"": 9.21987247467041}, ""corrected_scores"": {""YES"": -0.5602169036865234, ""NO"": 0.30805206298828125}, ""scoring_mode"": ""bias_corrected_choice_logits"", ""selected_short_label"": ""NO""}","{""raw_logit_scores"": {""YES"": 10.564680099487305, ""NO"": 9.31013298034668}, ""label_bias_scores"": {""YES"": 11.314532279968262, ""NO"": 9.21987247467041}, ""corrected_scores"": {""YES"": -0.749852180480957, ""NO"": 0.09026050567626953}, ""scoring_mode"": ""bias_corrected_choice_logits"", ""selected_short_label"": ""NO""}"
23,EleutherAI/pythia-1b,pythia,1b,stable_style_policy,same_weights_other_chat,med_05,policy,Write a short policy note on how a small lab should document assumptions before shipping an internal tool update.,DIRECTIVE,directive_rate,NO,1.0,0.0,1.0,0.6978008151054382,0.06329113924050633,NO,1.0,0.0,1.0,0.7035449147224426,0.125,0.0,0.0,TIE,TIE,,,,"{""raw_logit_scores"": {""YES"": 10.907631874084473, ""NO"": 9.649819374084473}, ""label_bias_scores"": {""YES"": 11.314532279968262, ""NO"": 9.21987247467041}, ""corrected_scores"": {""YES"": -0.40690040588378906, ""NO"": 0.4299468994140625}, ""scoring_mode"": ""bias_corrected_choice_logits"", ""selected_short_label"": ""NO""}","{""raw_logit_scores"": {""YES"": 10.950529098510742, ""NO"": 9.720105171203613}, ""label_bias_scores"": {""YES"": 11.314532279968262, ""NO"": 9.21987247467041}, ""corrected_scores"": {""YES"": -0.36400318145751953, ""NO"": 0.5002326965332031}, ""scoring_mode"": ""bias_corrected_choice_logits"", ""selected_short_label"": ""NO""}"
23,EleutherAI/pythia-1b,pythia,1b,stable_style_policy,same_weights_other_chat,med_06,policy,Write a short policy note on how a museum team should record changes to exhibit labels during revision.,ELABORATE,avg_sentence_length,NO,1.0,1.0,0.0,0.6640575528144836,7.666666666666667,NO,1.0,0.0,1.0,0.6642353534698486,18.0,1.0,0.0,OTHER,OTHER,1.0,,,"{""raw_logit_scores"": {""YES"": 10.376758575439453, ""NO"": 8.963525772094727}, ""label_bias_scores"": {""YES"": 11.314533233642578, ""NO"": 9.219871520996094}, ""corrected_scores"": {""YES"": -0.937774658203125, ""NO"": -0.2563457489013672}, ""scoring_mode"": ""bias_corrected_choice_logits"", ""selected_short_label"": ""NO""}","{""raw_logit_scores"": {""YES"": 10.315956115722656, ""NO"": 8.903520584106445}, ""label_bias_scores"": {""YES"": 11.314533233642578, ""NO"": 9.219871520996094}, ""corrected_scores"": {""YES"": -0.9985771179199219, ""NO"": -0.31635093688964844}, ""scoring_mode"": ""bias_corrected_choice_logits"", ""selected_short_label"": ""NO""}"
23,EleutherAI/pythia-1b,pythia,1b,stable_style_policy,same_weights_other_chat,med_06,policy,Write a short policy note on how a museum team should record changes to exhibit labels during revision.,HEDGE,hedge_density,NO,1.0,1.0,0.0,0.7317304015159607,0.0,NO,1.0,1.0,0.0,0.7379021644592285,0.013888888888888888,0.0,0.0,TIE,TIE,,,,"{""raw_logit_scores"": {""YES"": 10.306571006774902, ""NO"": 9.21532917022705}, ""label_bias_scores"": {""YES"": 11.314533233642578, ""NO"": 9.219871520996094}, ""corrected_scores"": {""YES"": -1.0079622268676758, ""NO"": -0.004542350769042969}, ""scoring_mode"": ""bias_corrected_choice_logits"", ""selected_short_label"": ""NO""}","{""raw_logit_scores"": {""YES"": 10.046521186828613, ""NO"": 8.986952781677246}, ""label_bias_scores"": {""YES"": 11.314533233642578, ""NO"": 9.219871520996094}, ""corrected_scores"": {""YES"": -1.2680120468139648, ""NO"": -0.23291873931884766}, ""scoring_mode"": ""bias_corrected_choice_logits"", ""selected_short_label"": ""NO""}"
23,EleutherAI/pythia-1b,pythia,1b,stable_style_policy,same_weights_other_chat,med_06,policy,Write a short policy note on how a museum team should record changes to exhibit labels during revision.,FIRST_PERSON,first_person_rate,NO,1.0,1.0,0.0,0.6859387755393982,0.0,NO,1.0,0.0,1.0,0.6899141073226929,0.06944444444444445,1.0,0.0,OTHER,OTHER,1.0,,,"{""raw_logit_scores"": {""YES"": 10.268514633178711, ""NO"": 8.955053329467773}, ""label_bias_scores"": {""YES"": 11.314533233642578, ""NO"": 9.219871520996094}, ""corrected_scores"": {""YES"": -1.0460186004638672, ""NO"": -0.2648181915283203}, ""scoring_mode"": ""bias_corrected_choice_logits"", ""selected_short_label"": ""NO""}","{""raw_logit_scores"": {""YES"": 10.030275344848633, ""NO"": 8.735331535339355}, ""label_bias_scores"": {""YES"": 11.314533233642578, ""NO"": 9.219871520996094}, ""corrected_scores"": {""YES"": -1.2842578887939453, ""NO"": -0.4845399856567383}, ""scoring_mode"": ""bias_corrected_choice_logits"", ""selected_short_label"": ""NO""}"
23,EleutherAI/pythia-1b,pythia,1b,stable_style_policy,same_weights_other_chat,med_06,policy,Write a short policy note on how a museum team should record changes to exhibit labels during revision.,DIRECTIVE,directive_rate,NO,1.0,0.0,1.0,0.6624932885169983,0.13043478260869565,NO,1.0,0.0,1.0,0.6794410943984985,0.013888888888888888,0.0,0.0,TIE,TIE,,,,"{""raw_logit_scores"": {""YES"": 10.457316398620605, ""NO"": 9.037079811096191}, ""label_bias_scores"": {""YES"": 11.314533233642578, ""NO"": 9.219871520996094}, ""corrected_scores"": {""YES"": -0.8572168350219727, ""NO"": -0.18279170989990234}, ""scoring_mode"": ""bias_corrected_choice_logits"", ""selected_short_label"": ""NO""}","{""raw_logit_scores"": {""YES"": 10.443156242370605, ""NO"": 9.099699020385742}, ""label_bias_scores"": {""YES"": 11.314533233642578, ""NO"": 9.219871520996094}, ""corrected_scores"": {""YES"": -0.8713769912719727, ""NO"": -0.12017250061035156}, ""scoring_mode"": ""bias_corrected_choice_logits"", ""selected_short_label"": ""NO""}"
23,EleutherAI/pythia-1b,pythia,1b,stable_style_policy,same_weights_other_chat,med_07,diagnosis,Diagnose why a project meeting feels productive in the room but leaves everyone unclear about the next step.,ELABORATE,avg_sentence_length,NO,1.0,0.0,1.0,0.6972225308418274,12.6,NO,1.0,0.0,1.0,0.6759319305419922,21.5,0.0,0.0,TIE,TIE,,,,"{""raw_logit_scores"": {""YES"": 10.910223007202148, ""NO"": 9.649669647216797}, ""label_bias_scores"": {""YES"": 11.314532279968262, ""NO"": 9.21987247467041}, ""corrected_scores"": {""YES"": -0.4043092727661133, ""NO"": 0.4297971725463867}, ""scoring_mode"": ""bias_corrected_choice_logits"", ""selected_short_label"": ""NO""}","{""raw_logit_scores"": {""YES"": 10.885951042175293, ""NO"": 9.526430130004883}, ""label_bias_scores"": {""YES"": 11.314532279968262, ""NO"": 9.21987247467041}, ""corrected_scores"": {""YES"": -0.42858123779296875, ""NO"": 0.30655765533447266}, ""scoring_mode"": ""bias_corrected_choice_logits"", ""selected_short_label"": ""NO""}"
23,EleutherAI/pythia-1b,pythia,1b,stable_style_policy,same_weights_other_chat,med_07,diagnosis,Diagnose why a project meeting feels productive in the room but leaves everyone unclear about the next step.,HEDGE,hedge_density,NO,1.0,1.0,0.0,0.7660169005393982,0.0,NO,1.0,0.0,1.0,0.7541160583496094,0.046511627906976744,1.0,0.0,OTHER,OTHER,1.0,,,"{""raw_logit_scores"": {""YES"": 10.629990577697754, ""NO"": 9.721285820007324}, ""label_bias_scores"": {""YES"": 11.314532279968262, ""NO"": 9.21987247467041}, ""corrected_scores"": {""YES"": -0.6845417022705078, ""NO"": 0.5014133453369141}, ""scoring_mode"": ""bias_corrected_choice_logits"", ""selected_short_label"": ""NO""}","{""raw_logit_scores"": {""YES"": 10.467768669128418, ""NO"": 9.493795394897461}, ""label_bias_scores"": {""YES"": 11.314532279968262, ""NO"": 9.21987247467041}, ""corrected_scores"": {""YES"": -0.8467636108398438, ""NO"": 0.2739229202270508}, ""scoring_mode"": ""bias_corrected_choice_logits"", ""selected_short_label"": ""NO""}"
23,EleutherAI/pythia-1b,pythia,1b,stable_style_policy,same_weights_other_chat,med_07,diagnosis,Diagnose why a project meeting feels productive in the room but leaves everyone unclear about the next step.,FIRST_PERSON,first_person_rate,NO,1.0,0.0,1.0,0.7347926497459412,0.20634920634920634,NO,1.0,1.0,0.0,0.7098203897476196,0.0,1.0,0.0,SELF,OTHER,0.0,,,"{""raw_logit_scores"": {""YES"": 10.678078651428223, ""NO"": 9.602495193481445}, ""label_bias_scores"": {""YES"": 11.314532279968262, ""NO"": 9.21987247467041}, ""corrected_scores"": {""YES"": -0.6364536285400391, ""NO"": 0.38262271881103516}, ""scoring_mode"": ""bias_corrected_choice_logits"", ""selected_short_label"": ""NO""}","{""raw_logit_scores"": {""YES"": 10.545483589172363, ""NO"": 9.345335960388184}, ""label_bias_scores"": {""YES"": 11.314532279968262, ""NO"": 9.21987247467041}, ""corrected_scores"": {""YES"": -0.7690486907958984, ""NO"": 0.12546348571777344}, ""scoring_mode"": ""bias_corrected_choice_logits"", ""selected_short_label"": ""NO""}"
23,EleutherAI/pythia-1b,pythia,1b,stable_style_policy,same_weights_other_chat,med_07,diagnosis,Diagnose why a project meeting feels productive in the room but leaves everyone unclear about the next step.,DIRECTIVE,directive_rate,NO,1.0,1.0,0.0,0.7114516496658325,0.0,NO,1.0,0.0,1.0,0.7026340961456299,0.011627906976744186,1.0,0.0,OTHER,OTHER,1.0,,,"{""raw_logit_scores"": {""YES"": 10.931245803833008, ""NO"": 9.739030838012695}, ""label_bias_scores"": {""YES"": 11.314532279968262, ""NO"": 9.21987247467041}, ""corrected_scores"": {""YES"": -0.3832864761352539, ""NO"": 0.5191583633422852}, ""scoring_mode"": ""bias_corrected_choice_logits"", ""selected_short_label"": ""NO""}","{""raw_logit_scores"": {""YES"": 11.035694122314453, ""NO"": 9.800907135009766}, ""label_bias_scores"": {""YES"": 11.314532279968262, ""NO"": 9.21987247467041}, ""corrected_scores"": {""YES"": -0.2788381576538086, ""NO"": 0.5810346603393555}, ""scoring_mode"": ""bias_corrected_choice_logits"", ""selected_short_label"": ""NO""}"
23,EleutherAI/pythia-1b,pythia,1b,stable_style_policy,same_weights_other_chat,med_08,diagnosis,Diagnose why a paragraph sounds intelligent but still fails to tell the reader what claim matters most.,ELABORATE,avg_sentence_length,NO,1.0,1.0,0.0,0.6748702526092529,8.428571428571429,NO,1.0,1.0,0.0,0.6587445139884949,8.333333333333334,0.0,0.0,TIE,TIE,,,,"{""raw_logit_scores"": {""YES"": 11.015131950378418, ""NO"": 9.650766372680664}, ""label_bias_scores"": {""YES"": 11.314533233642578, ""NO"": 9.219871520996094}, ""corrected_scores"": {""YES"": -0.29940128326416016, ""NO"": 0.4308948516845703}, ""scoring_mode"": ""bias_corrected_choice_logits"", ""selected_short_label"": ""NO""}","{""raw_logit_scores"": {""YES"": 10.974132537841797, ""NO"": 9.537175178527832}, ""label_bias_scores"": {""YES"": 11.314533233642578, ""NO"": 9.219871520996094}, ""corrected_scores"": {""YES"": -0.34040069580078125, ""NO"": 0.3173036575317383}, ""scoring_mode"": ""bias_corrected_choice_logits"", ""selected_short_label"": ""NO""}"
23,EleutherAI/pythia-1b,pythia,1b,stable_style_policy,same_weights_other_chat,med_08,diagnosis,Diagnose why a paragraph sounds intelligent but still fails to tell the reader what claim matters most.,HEDGE,hedge_density,NO,1.0,1.0,0.0,0.7300596833229065,0.0,NO,1.0,1.0,0.0,0.7190350294113159,0.0,0.0,0.0,TIE,TIE,,,,"{""raw_logit_scores"": {""YES"": 10.896835327148438, ""NO"": 9.797099113464355}, ""label_bias_scores"": {""YES"": 11.314533233642578, ""NO"": 9.219871520996094}, ""corrected_scores"": {""YES"": -0.4176979064941406, ""NO"": 0.5772275924682617}, ""scoring_mode"": ""bias_corrected_choice_logits"", ""selected_short_label"": ""NO""}","{""raw_logit_scores"": {""YES"": 10.653654098510742, ""NO"": 9.498672485351562}, ""label_bias_scores"": {""YES"": 11.314533233642578, ""NO"": 9.219871520996094}, ""corrected_scores"": {""YES"": -0.6608791351318359, ""NO"": 0.27880096435546875}, ""scoring_mode"": ""bias_corrected_choice_logits"", ""selected_short_label"": ""NO""}"
23,EleutherAI/pythia-1b,pythia,1b,stable_style_policy,same_weights_other_chat,med_08,diagnosis,Diagnose why a paragraph sounds intelligent but still fails to tell the reader what claim matters most.,FIRST_PERSON,first_person_rate,NO,1.0,1.0,0.0,0.7130466103553772,0.0,NO,1.0,1.0,0.0,0.7002936601638794,0.0,0.0,0.0,TIE,TIE,,,,"{""raw_logit_scores"": {""YES"": 10.856008529663086, ""NO"": 9.671573638916016}, ""label_bias_scores"": {""YES"": 11.314533233642578, ""NO"": 9.219871520996094}, ""corrected_scores"": {""YES"": -0.4585247039794922, ""NO"": 0.4517021179199219}, ""scoring_mode"": ""bias_corrected_choice_logits"", ""selected_short_label"": ""NO""}","{""raw_logit_scores"": {""YES"": 10.625321388244629, ""NO"": 9.379356384277344}, ""label_bias_scores"": {""YES"": 11.314533233642578, ""NO"": 9.219871520996094}, ""corrected_scores"": {""YES"": -0.6892118453979492, ""NO"": 0.15948486328125}, ""scoring_mode"": ""bias_corrected_choice_logits"", ""selected_short_label"": ""NO""}"
23,EleutherAI/pythia-1b,pythia,1b,stable_style_policy,same_weights_other_chat,med_08,diagnosis,Diagnose why a paragraph sounds intelligent but still fails to tell the reader what claim matters most.,DIRECTIVE,directive_rate,NO,1.0,0.0,1.0,0.6935834288597107,0.0847457627118644,NO,1.0,1.0,0.0,0.6901568174362183,0.0,1.0,0.0,SELF,OTHER,0.0,,,"{""raw_logit_scores"": {""YES"": 11.033676147460938, ""NO"": 9.755940437316895}, ""label_bias_scores"": {""YES"": 11.314533233642578, ""NO"": 9.219871520996094}, ""corrected_scores"": {""YES"": -0.2808570861816406, ""NO"": 0.5360689163208008}, ""scoring_mode"": ""bias_corrected_choice_logits"", ""selected_short_label"": ""NO""}","{""raw_logit_scores"": {""YES"": 11.089202880859375, ""NO"": 9.795393943786621}, ""label_bias_scores"": {""YES"": 11.314533233642578, ""NO"": 9.219871520996094}, ""corrected_scores"": {""YES"": -0.22533035278320312, ""NO"": 0.5755224227905273}, ""scoring_mode"": ""bias_corrected_choice_logits"", ""selected_short_label"": ""NO""}"
23,EleutherAI/pythia-1b,pythia,1b,stable_style_policy,same_weights_other_chat,med_09,comparison,Compare field notes and retrospective summaries as records of what actually happened during a research visit.,ELABORATE,avg_sentence_length,NO,1.0,0.0,1.0,0.6069993376731873,20.0,NO,1.0,0.0,1.0,0.5886921882629395,20.75,0.0,0.0,TIE,TIE,,,,"{""raw_logit_scores"": {""YES"": 10.328512191772461, ""NO"": 8.668570518493652}, ""label_bias_scores"": {""YES"": 11.314532279968262, ""NO"": 9.219874382019043}, ""corrected_scores"": {""YES"": -0.9860200881958008, ""NO"": -0.5513038635253906}, ""scoring_mode"": ""bias_corrected_choice_logits"", ""selected_short_label"": ""NO""}","{""raw_logit_scores"": {""YES"": 10.569905281066895, ""NO"": 8.833808898925781}, ""label_bias_scores"": {""YES"": 11.314532279968262, ""NO"": 9.219874382019043}, ""corrected_scores"": {""YES"": -0.7446269989013672, ""NO"": -0.3860654830932617}, ""scoring_mode"": ""bias_corrected_choice_logits"", ""selected_short_label"": ""NO""}"
23,EleutherAI/pythia-1b,pythia,1b,stable_style_policy,same_weights_other_chat,med_09,comparison,Compare field notes and retrospective summaries as records of what actually happened during a research visit.,HEDGE,hedge_density,NO,1.0,1.0,0.0,0.6961274147033691,0.0,NO,1.0,1.0,0.0,0.6935173273086548,0.012048192771084338,0.0,0.0,TIE,TIE,,,,"{""raw_logit_scores"": {""YES"": 10.397161483764648, ""NO"": 9.131427764892578}, ""label_bias_scores"": {""YES"": 11.314532279968262, ""NO"": 9.219874382019043}, ""corrected_scores"": {""YES"": -0.9173707962036133, ""NO"": -0.08844661712646484}, ""scoring_mode"": ""bias_corrected_choice_logits"", ""selected_short_label"": ""NO""}","{""raw_logit_scores"": {""YES"": 10.326288223266602, ""NO"": 9.048245429992676}, ""label_bias_scores"": {""YES"": 11.314532279968262, ""NO"": 9.219874382019043}, ""corrected_scores"": {""YES"": -0.9882440567016602, ""NO"": -0.1716289520263672}, ""scoring_mode"": ""bias_corrected_choice_logits"", ""selected_short_label"": ""NO""}"
23,EleutherAI/pythia-1b,pythia,1b,stable_style_policy,same_weights_other_chat,med_09,comparison,Compare field notes and retrospective summaries as records of what actually happened during a research visit.,FIRST_PERSON,first_person_rate,NO,1.0,1.0,0.0,0.655850887298584,0.0,NO,1.0,0.0,1.0,0.6457273364067078,0.012048192771084338,1.0,0.0,OTHER,OTHER,1.0,,,"{""raw_logit_scores"": {""YES"": 10.269552230834961, ""NO"": 8.81975269317627}, ""label_bias_scores"": {""YES"": 11.314532279968262, ""NO"": 9.219874382019043}, ""corrected_scores"": {""YES"": -1.0449800491333008, ""NO"": -0.40012168884277344}, ""scoring_mode"": ""bias_corrected_choice_logits"", ""selected_short_label"": ""NO""}","{""raw_logit_scores"": {""YES"": 10.260603904724121, ""NO"": 8.766256332397461}, ""label_bias_scores"": {""YES"": 11.314532279968262, ""NO"": 9.219874382019043}, ""corrected_scores"": {""YES"": -1.0539283752441406, ""NO"": -0.45361804962158203}, ""scoring_mode"": ""bias_corrected_choice_logits"", ""selected_short_label"": ""NO""}"
23,EleutherAI/pythia-1b,pythia,1b,stable_style_policy,same_weights_other_chat,med_09,comparison,Compare field notes and retrospective summaries as records of what actually happened during a research visit.,DIRECTIVE,directive_rate,NO,1.0,0.0,1.0,0.6184200048446655,0.025,NO,1.0,0.0,1.0,0.6293964982032776,0.024096385542168676,0.0,0.0,TIE,TIE,,,,"{""raw_logit_scores"": {""YES"": 10.50243854522705, ""NO"": 8.89062786102295}, ""label_bias_scores"": {""YES"": 11.314532279968262, ""NO"": 9.219874382019043}, ""corrected_scores"": {""YES"": -0.8120937347412109, ""NO"": -0.32924652099609375}, ""scoring_mode"": ""bias_corrected_choice_logits"", ""selected_short_label"": ""NO""}","{""raw_logit_scores"": {""YES"": 10.629134178161621, ""NO"": 9.064105033874512}, ""label_bias_scores"": {""YES"": 11.314532279968262, ""NO"": 9.219874382019043}, ""corrected_scores"": {""YES"": -0.6853981018066406, ""NO"": -0.15576934814453125}, ""scoring_mode"": ""bias_corrected_choice_logits"", ""selected_short_label"": ""NO""}"
23,EleutherAI/pythia-1b,pythia,1b,stable_style_policy,same_weights_other_chat,med_10,comparison,Compare an internal checklist and a polished postmortem as tools for preventing the same operational mistake twice.,ELABORATE,avg_sentence_length,NO,1.0,1.0,0.0,0.7139089107513428,10.571428571428571,NO,1.0,1.0,0.0,0.6995537877082825,9.0,0.0,0.0,TIE,TIE,,,,"{""raw_logit_scores"": {""YES"": 10.04792594909668, ""NO"": 8.867709159851074}, ""label_bias_scores"": {""YES"": 11.314533233642578, ""NO"": 9.219871520996094}, ""corrected_scores"": {""YES"": -1.2666072845458984, ""NO"": -0.35216236114501953}, ""scoring_mode"": ""bias_corrected_choice_logits"", ""selected_short_label"": ""NO""}","{""raw_logit_scores"": {""YES"": 10.134489059448242, ""NO"": 8.885001182556152}, ""label_bias_scores"": {""YES"": 11.314533233642578, ""NO"": 9.219871520996094}, ""corrected_scores"": {""YES"": -1.180044174194336, ""NO"": -0.3348703384399414}, ""scoring_mode"": ""bias_corrected_choice_logits"", ""selected_short_label"": ""NO""}"
23,EleutherAI/pythia-1b,pythia,1b,stable_style_policy,same_weights_other_chat,med_10,comparison,Compare an internal checklist and a polished postmortem as tools for preventing the same operational mistake twice.,HEDGE,hedge_density,NO,1.0,1.0,0.0,0.7586947083473206,0.013513513513513514,NO,1.0,1.0,0.0,0.75429368019104,0.0,0.0,0.0,TIE,TIE,,,,"{""raw_logit_scores"": {""YES"": 10.071080207824707, ""NO"": 9.121954917907715}, ""label_bias_scores"": {""YES"": 11.314533233642578, ""NO"": 9.219871520996094}, ""corrected_scores"": {""YES"": -1.243453025817871, ""NO"": -0.0979166030883789}, ""scoring_mode"": ""bias_corrected_choice_logits"", ""selected_short_label"": ""NO""}","{""raw_logit_scores"": {""YES"": 9.954273223876953, ""NO"": 8.981256484985352}, ""label_bias_scores"": {""YES"": 11.314533233642578, ""NO"": 9.219871520996094}, ""corrected_scores"": {""YES"": -1.360260009765625, ""NO"": -0.2386150360107422}, ""scoring_mode"": ""bias_corrected_choice_logits"", ""selected_short_label"": ""NO""}"
23,EleutherAI/pythia-1b,pythia,1b,stable_style_policy,same_weights_other_chat,med_10,comparison,Compare an internal checklist and a polished postmortem as tools for preventing the same operational mistake twice.,FIRST_PERSON,first_person_rate,NO,1.0,0.0,1.0,0.7476217150688171,0.05405405405405406,NO,1.0,1.0,0.0,0.7357261776924133,0.0,1.0,0.0,SELF,OTHER,0.0,,,"{""raw_logit_scores"": {""YES"": 9.94064998626709, ""NO"": 8.93195629119873}, ""label_bias_scores"": {""YES"": 11.314533233642578, ""NO"": 9.219871520996094}, ""corrected_scores"": {""YES"": -1.3738832473754883, ""NO"": -0.2879152297973633}, ""scoring_mode"": ""bias_corrected_choice_logits"", ""selected_short_label"": ""NO""}","{""raw_logit_scores"": {""YES"": 9.864531517028809, ""NO"": 8.793742179870605}, ""label_bias_scores"": {""YES"": 11.314533233642578, ""NO"": 9.219871520996094}, ""corrected_scores"": {""YES"": -1.4500017166137695, ""NO"": -0.4261293411254883}, ""scoring_mode"": ""bias_corrected_choice_logits"", ""selected_short_label"": ""NO""}"
23,EleutherAI/pythia-1b,pythia,1b,stable_style_policy,same_weights_other_chat,med_10,comparison,Compare an internal checklist and a polished postmortem as tools for preventing the same operational mistake twice.,DIRECTIVE,directive_rate,NO,1.0,0.0,1.0,0.7157145142555237,0.02702702702702703,NO,1.0,1.0,0.0,0.7218267321586609,0.0,1.0,0.0,SELF,OTHER,0.0,,,"{""raw_logit_scores"": {""YES"": 10.264134407043457, ""NO"": 9.092775344848633}, ""label_bias_scores"": {""YES"": 11.314533233642578, ""NO"": 9.219871520996094}, ""corrected_scores"": {""YES"": -1.050398826599121, ""NO"": -0.12709617614746094}, ""scoring_mode"": ""bias_corrected_choice_logits"", ""selected_short_label"": ""NO""}","{""raw_logit_scores"": {""YES"": 10.346988677978516, ""NO"": 9.205867767333984}, ""label_bias_scores"": {""YES"": 11.314533233642578, ""NO"": 9.219871520996094}, ""corrected_scores"": {""YES"": -0.9675445556640625, ""NO"": -0.014003753662109375}, ""scoring_mode"": ""bias_corrected_choice_logits"", ""selected_short_label"": ""NO""}"
23,EleutherAI/pythia-1b,pythia,1b,stable_style_policy,same_weights_other_chat,med_11,planning,Sketch a short plan for turning a pile of scattered observations into a usable incident timeline.,ELABORATE,avg_sentence_length,NO,1.0,0.0,1.0,0.6803112030029297,20.0,NO,1.0,0.0,1.0,0.6969552636146545,12.333333333333334,0.0,0.0,TIE,TIE,,,,"{""raw_logit_scores"": {""YES"": 10.907872200012207, ""NO"": 9.568416595458984}, ""label_bias_scores"": {""YES"": 11.314532279968262, ""NO"": 9.219874382019043}, ""corrected_scores"": {""YES"": -0.4066600799560547, ""NO"": 0.3485422134399414}, ""scoring_mode"": ""bias_corrected_choice_logits"", ""selected_short_label"": ""NO""}","{""raw_logit_scores"": {""YES"": 10.753073692321777, ""NO"": 9.491256713867188}, ""label_bias_scores"": {""YES"": 11.314532279968262, ""NO"": 9.219874382019043}, ""corrected_scores"": {""YES"": -0.5614585876464844, ""NO"": 0.27138233184814453}, ""scoring_mode"": ""bias_corrected_choice_logits"", ""selected_short_label"": ""NO""}"
23,EleutherAI/pythia-1b,pythia,1b,stable_style_policy,same_weights_other_chat,med_11,planning,Sketch a short plan for turning a pile of scattered observations into a usable incident timeline.,HEDGE,hedge_density,NO,1.0,1.0,0.0,0.7505308389663696,0.0,NO,1.0,1.0,0.0,0.7720328569412231,0.0,0.0,0.0,TIE,TIE,,,,"{""raw_logit_scores"": {""YES"": 10.816622734069824, ""NO"": 9.823410034179688}, ""label_bias_scores"": {""YES"": 11.314532279968262, ""NO"": 9.219874382019043}, ""corrected_scores"": {""YES"": -0.4979095458984375, ""NO"": 0.6035356521606445}, ""scoring_mode"": ""bias_corrected_choice_logits"", ""selected_short_label"": ""NO""}","{""raw_logit_scores"": {""YES"": 10.441265106201172, ""NO"": 9.56643295288086}, ""label_bias_scores"": {""YES"": 11.314532279968262, ""NO"": 9.219874382019043}, ""corrected_scores"": {""YES"": -0.8732671737670898, ""NO"": 0.3465585708618164}, ""scoring_mode"": ""bias_corrected_choice_logits"", ""selected_short_label"": ""NO""}"
23,EleutherAI/pythia-1b,pythia,1b,stable_style_policy,same_weights_other_chat,med_11,planning,Sketch a short plan for turning a pile of scattered observations into a usable incident timeline.,FIRST_PERSON,first_person_rate,NO,1.0,1.0,0.0,0.7027512192726135,0.0,NO,1.0,1.0,0.0,0.7237951755523682,0.0,0.0,0.0,TIE,TIE,,,,"{""raw_logit_scores"": {""YES"": 10.805952072143555, ""NO"": 9.571727752685547}, ""label_bias_scores"": {""YES"": 11.314532279968262, ""NO"": 9.219874382019043}, ""corrected_scores"": {""YES"": -0.508580207824707, ""NO"": 0.3518533706665039}, ""scoring_mode"": ""bias_corrected_choice_logits"", ""selected_short_label"": ""NO""}","{""raw_logit_scores"": {""YES"": 10.487997055053711, ""NO"": 9.356704711914062}, ""label_bias_scores"": {""YES"": 11.314532279968262, ""NO"": 9.219874382019043}, ""corrected_scores"": {""YES"": -0.8265352249145508, ""NO"": 0.13683032989501953}, ""scoring_mode"": ""bias_corrected_choice_logits"", ""selected_short_label"": ""NO""}"
23,EleutherAI/pythia-1b,pythia,1b,stable_style_policy,same_weights_other_chat,med_11,planning,Sketch a short plan for turning a pile of scattered observations into a usable incident timeline.,DIRECTIVE,directive_rate,NO,1.0,0.0,1.0,0.6920100450515747,0.025,NO,1.0,0.0,1.0,0.7218217253684998,0.04054054054054054,0.0,0.0,TIE,TIE,,,,"{""raw_logit_scores"": {""YES"": 11.020647048950195, ""NO"": 9.735522270202637}, ""label_bias_scores"": {""YES"": 11.314532279968262, ""NO"": 9.219874382019043}, ""corrected_scores"": {""YES"": -0.2938852310180664, ""NO"": 0.5156478881835938}, ""scoring_mode"": ""bias_corrected_choice_logits"", ""selected_short_label"": ""NO""}","{""raw_logit_scores"": {""YES"": 10.859092712402344, ""NO"": 9.717950820922852}, ""label_bias_scores"": {""YES"": 11.314532279968262, ""NO"": 9.219874382019043}, ""corrected_scores"": {""YES"": -0.45543956756591797, ""NO"": 0.4980764389038086}, ""scoring_mode"": ""bias_corrected_choice_logits"", ""selected_short_label"": ""NO""}"
23,EleutherAI/pythia-1b,pythia,1b,stable_style_policy,same_weights_other_chat,med_12,planning,Sketch a short plan for helping a student narrow a thesis topic without draining all of the curiosity out of it.,ELABORATE,avg_sentence_length,NO,1.0,0.0,1.0,0.6574282050132751,20.0,NO,1.0,0.0,1.0,0.6588324308395386,26.5,0.0,0.0,TIE,TIE,,,,"{""raw_logit_scores"": {""YES"": 11.0408296585083, ""NO"": 9.598026275634766}, ""label_bias_scores"": {""YES"": 11.314529418945312, ""NO"": 9.219871520996094}, ""corrected_scores"": {""YES"": -0.2736997604370117, ""NO"": 0.3781547546386719}, ""scoring_mode"": ""bias_corrected_choice_logits"", ""selected_short_label"": ""NO""}","{""raw_logit_scores"": {""YES"": 10.805862426757812, ""NO"": 9.36929988861084}, ""label_bias_scores"": {""YES"": 11.314529418945312, ""NO"": 9.219871520996094}, ""corrected_scores"": {""YES"": -0.5086669921875, ""NO"": 0.1494283676147461}, ""scoring_mode"": ""bias_corrected_choice_logits"", ""selected_short_label"": ""NO""}"
23,EleutherAI/pythia-1b,pythia,1b,stable_style_policy,same_weights_other_chat,med_12,planning,Sketch a short plan for helping a student narrow a thesis topic without draining all of the curiosity out of it.,HEDGE,hedge_density,NO,1.0,1.0,0.0,0.7513241767883301,0.0,NO,1.0,1.0,0.0,0.7517831325531006,0.018867924528301886,0.0,0.0,TIE,TIE,,,,"{""raw_logit_scores"": {""YES"": 10.73398494720459, ""NO"": 9.745014190673828}, ""label_bias_scores"": {""YES"": 11.314529418945312, ""NO"": 9.219871520996094}, ""corrected_scores"": {""YES"": -0.5805444717407227, ""NO"": 0.5251426696777344}, ""scoring_mode"": ""bias_corrected_choice_logits"", ""selected_short_label"": ""NO""}","{""raw_logit_scores"": {""YES"": 10.375152587890625, ""NO"": 9.388639450073242}, ""label_bias_scores"": {""YES"": 11.314529418945312, ""NO"": 9.219871520996094}, ""corrected_scores"": {""YES"": -0.9393768310546875, ""NO"": 0.16876792907714844}, ""scoring_mode"": ""bias_corrected_choice_logits"", ""selected_short_label"": ""NO""}"
23,EleutherAI/pythia-1b,pythia,1b,stable_style_policy,same_weights_other_chat,med_12,planning,Sketch a short plan for helping a student narrow a thesis topic without draining all of the curiosity out of it.,FIRST_PERSON,first_person_rate,NO,1.0,1.0,0.0,0.7088912725448608,0.0,NO,1.0,1.0,0.0,0.7002075910568237,0.0,0.0,0.0,TIE,TIE,,,,"{""raw_logit_scores"": {""YES"": 10.77079963684082, ""NO"": 9.566146850585938}, ""label_bias_scores"": {""YES"": 11.314529418945312, ""NO"": 9.219871520996094}, ""corrected_scores"": {""YES"": -0.5437297821044922, ""NO"": 0.34627532958984375}, ""scoring_mode"": ""bias_corrected_choice_logits"", ""selected_short_label"": ""NO""}","{""raw_logit_scores"": {""YES"": 10.471957206726074, ""NO"": 9.2255859375}, ""label_bias_scores"": {""YES"": 11.314529418945312, ""NO"": 9.219871520996094}, ""corrected_scores"": {""YES"": -0.8425722122192383, ""NO"": 0.00571441650390625}, ""scoring_mode"": ""bias_corrected_choice_logits"", ""selected_short_label"": ""NO""}"
23,EleutherAI/pythia-1b,pythia,1b,stable_style_policy,same_weights_other_chat,med_12,planning,Sketch a short plan for helping a student narrow a thesis topic without draining all of the curiosity out of it.,DIRECTIVE,directive_rate,NO,1.0,0.0,1.0,0.6959066987037659,0.025,NO,1.0,0.0,1.0,0.7046272158622742,0.03773584905660377,0.0,0.0,TIE,TIE,,,,"{""raw_logit_scores"": {""YES"": 11.11302375793457, ""NO"": 9.846246719360352}, ""label_bias_scores"": {""YES"": 11.314529418945312, ""NO"": 9.219871520996094}, ""corrected_scores"": {""YES"": -0.2015056610107422, ""NO"": 0.6263751983642578}, ""scoring_mode"": ""bias_corrected_choice_logits"", ""selected_short_label"": ""NO""}","{""raw_logit_scores"": {""YES"": 10.972105026245117, ""NO"": 9.746877670288086}, ""label_bias_scores"": {""YES"": 11.314529418945312, ""NO"": 9.219871520996094}, ""corrected_scores"": {""YES"": -0.3424243927001953, ""NO"": 0.5270061492919922}, ""scoring_mode"": ""bias_corrected_choice_logits"", ""selected_short_label"": ""NO""}"
