model_id,model_family,model_size_label,identity_frame,other_frame,axis_name,prompt_index,prompt,self_prediction_text,self_predicted_short_label,self_predicted_label,self_predicted_score,self_predicted_confidence,self_prediction_details_json,other_prediction_text,other_predicted_short_label,other_predicted_label,other_predicted_score,other_predicted_confidence,other_prediction_details_json,self_actual_text,other_actual_text,self_actual_score_unit,other_actual_score_unit,self_error_to_self,self_error_to_other,other_error_to_self,other_error_to_other,self_prediction_advantage,other_prediction_advantage,discriminative_win
EleutherAI/pythia-70m,pythia,70m,baseline_helpful,tool_only,expansive_vs_terse,0,Explain why museum labels matter.,If,3,MIXED,0.0,0.40460968017578125,"{""raw_logit_scores"": {""1"": 1076.0, ""2"": 1075.0, ""3"": 1075.0, ""4"": 1074.0, ""5"": 1074.0}, ""label_bias_scores"": {""1"": 1075.0, ""2"": 1074.0, ""3"": 1073.0, ""4"": 1073.0, ""5"": 1073.0}, ""corrected_scores"": {""1"": 1.0, ""2"": 1.0, ""3"": 2.0, ""4"": 1.0, ""5"": 1.0}, ""scoring_mode"": ""bias_corrected_digits"", ""selected_short_label"": ""3""}",If,1,STRONGLY_EXPANSIVE,1.0,0.22894404828548431,"{""raw_logit_scores"": {""1"": 1075.0, ""2"": 1073.0, ""3"": 1073.0, ""4"": 1073.0, ""5"": 1073.0}, ""label_bias_scores"": {""1"": 1075.0, ""2"": 1074.0, ""3"": 1073.0, ""4"": 1073.0, ""5"": 1073.0}, ""corrected_scores"": {""1"": 0.0, ""2"": -1.0, ""3"": 0.0, ""4"": 0.0, ""5"": 0.0}, ""scoring_mode"": ""bias_corrected_digits"", ""selected_short_label"": ""1""}",I have a question about the museum label. I have a question about the museum label. I have a question about the museum label. I have a question about the museum label. I have a question about the museum label. I have a question about the museum label. I have a question about the museum label. I have a question about the museum label. I have a question about the museum label. I have a question about the museum label. I have a question,The museum label is a list of items that are in the list.,0.012146043710349115,0.04418564988485393,0.012146043710349115,0.04418564988485393,0.9878539562896509,0.955814350115146,0.03203960617450481,0.03203960617450485,1.0
EleutherAI/pythia-70m,pythia,70m,baseline_helpful,tool_only,expansive_vs_terse,1,Explain why oral histories matter.,If,1,STRONGLY_EXPANSIVE,1.0,0.22894404828548431,"{""raw_logit_scores"": {""1"": 1076.0, ""2"": 1074.0, ""3"": 1074.0, ""4"": 1074.0, ""5"": 1074.0}, ""label_bias_scores"": {""1"": 1075.0, ""2"": 1074.0, ""3"": 1073.0, ""4"": 1073.0, ""5"": 1073.0}, ""corrected_scores"": {""1"": 1.0, ""2"": 0.0, ""3"": 1.0, ""4"": 1.0, ""5"": 1.0}, ""scoring_mode"": ""bias_corrected_digits"", ""selected_short_label"": ""1""}",The,1,STRONGLY_EXPANSIVE,1.0,0.32220250368118286,"{""raw_logit_scores"": {""1"": 1075.0, ""2"": 1073.0, ""3"": 1073.0, ""4"": 1072.0, ""5"": 1072.0}, ""label_bias_scores"": {""1"": 1075.0, ""2"": 1074.0, ""3"": 1073.0, ""4"": 1073.0, ""5"": 1073.0}, ""corrected_scores"": {""1"": 0.0, ""2"": -1.0, ""3"": 0.0, ""4"": -1.0, ""5"": -1.0}, ""scoring_mode"": ""bias_corrected_digits"", ""selected_short_label"": ""1""}","I have a list of the following:

1. The list of the following:

2. The list of the following:

3. The list of the following:

4. The list of the following:

5. The list of the following:

6. The list of the following:

7. The list of the following:

8. The list of the following:

9. The list",The person who is the person who is the person who is the person who is the person who is the person who is the person who is the person who is the person who is the person who is the person who is the person who is the person who is the person who is the person who is the person who is the person who is the person who is the person who is the person who is the person who is the person who is the person who is the person who is,0.053464953207979664,0.034126340111121825,0.9465350467920204,0.9658736598888782,0.9465350467920204,0.9658736598888782,0.019338613096857804,-0.019338613096857804,0.0
EleutherAI/pythia-70m,pythia,70m,baseline_helpful,tool_only,expansive_vs_terse,2,Explain why public transit matters.,The,1,STRONGLY_EXPANSIVE,1.0,0.20000000298023224,"{""raw_logit_scores"": {""1"": 1076.0, ""2"": 1075.0, ""3"": 1074.0, ""4"": 1074.0, ""5"": 1074.0}, ""label_bias_scores"": {""1"": 1075.0, ""2"": 1074.0, ""3"": 1073.0, ""4"": 1073.0, ""5"": 1073.0}, ""corrected_scores"": {""1"": 1.0, ""2"": 1.0, ""3"": 1.0, ""4"": 1.0, ""5"": 1.0}, ""scoring_mode"": ""bias_corrected_digits"", ""selected_short_label"": ""1""}",If,1,STRONGLY_EXPANSIVE,1.0,0.22894404828548431,"{""raw_logit_scores"": {""1"": 1075.0, ""2"": 1073.0, ""3"": 1073.0, ""4"": 1073.0, ""5"": 1073.0}, ""label_bias_scores"": {""1"": 1075.0, ""2"": 1074.0, ""3"": 1073.0, ""4"": 1073.0, ""5"": 1073.0}, ""corrected_scores"": {""1"": 0.0, ""2"": -1.0, ""3"": 0.0, ""4"": 0.0, ""5"": 0.0}, ""scoring_mode"": ""bias_corrected_digits"", ""selected_short_label"": ""1""}",I have a problem with the public transit system. I have a problem with the public transit system. I have a problem with the public transit system. I have a problem with the public transit system. I have a problem with the public transit system. I have a problem with the public transit system. I have a problem with the public transit system. I have a problem with the public transit system. I have a problem with the public transit system. I have a problem,A person is a person who is a person who is a person who is a person who is a person who is a person who is a person who is a person who is a person who is a person who is a person who is a person who is a person who is a person who is a person who is a person who is a person who is a person who is a person who is a person who is a person who is a person who is a person who is a,-0.0008232655857460014,0.020709225835579846,1.000823265585746,0.9792907741644201,1.000823265585746,0.9792907741644201,-0.02153249142132596,0.02153249142132596,0.0
EleutherAI/pythia-70m,pythia,70m,baseline_helpful,tool_only,expansive_vs_terse,3,Explain why index cards still matter in research.,If,1,STRONGLY_EXPANSIVE,1.0,0.20000000298023224,"{""raw_logit_scores"": {""1"": 1076.0, ""2"": 1075.0, ""3"": 1074.0, ""4"": 1074.0, ""5"": 1074.0}, ""label_bias_scores"": {""1"": 1075.0, ""2"": 1074.0, ""3"": 1073.0, ""4"": 1073.0, ""5"": 1073.0}, ""corrected_scores"": {""1"": 1.0, ""2"": 1.0, ""3"": 1.0, ""4"": 1.0, ""5"": 1.0}, ""scoring_mode"": ""bias_corrected_digits"", ""selected_short_label"": ""1""}",If,1,STRONGLY_EXPANSIVE,1.0,0.4466332197189331,"{""raw_logit_scores"": {""1"": 1076.0, ""2"": 1073.0, ""3"": 1073.0, ""4"": 1073.0, ""5"": 1073.0}, ""label_bias_scores"": {""1"": 1075.0, ""2"": 1074.0, ""3"": 1073.0, ""4"": 1073.0, ""5"": 1073.0}, ""corrected_scores"": {""1"": 1.0, ""2"": -1.0, ""3"": 0.0, ""4"": 0.0, ""5"": 0.0}, ""scoring_mode"": ""bias_corrected_digits"", ""selected_short_label"": ""1""}","A:

I think the answer is that you are not a good person.
I think you are a good person.
I think you are a good person.

A:

I think you are a good person.
I think you are a good person.

A:

I think you are a good person.
I think you are a good person.
I think you are a good person.

A:",The response is a list of items that are not in the list.,0.011762738250483766,0.04418564988485393,0.9882372617495162,0.955814350115146,0.9882372617495162,0.955814350115146,-0.032422911634370166,0.032422911634370166,0.0
EleutherAI/pythia-70m,pythia,70m,baseline_helpful,tool_only,expansive_vs_terse,4,Explain why advising meetings matter.,If,1,STRONGLY_EXPANSIVE,1.0,0.2676832377910614,"{""raw_logit_scores"": {""1"": 1076.0, ""2"": 1074.0, ""3"": 1074.0, ""4"": 1074.0, ""5"": 1073.0}, ""label_bias_scores"": {""1"": 1075.0, ""2"": 1074.0, ""3"": 1073.0, ""4"": 1073.0, ""5"": 1073.0}, ""corrected_scores"": {""1"": 1.0, ""2"": 0.0, ""3"": 1.0, ""4"": 1.0, ""5"": 0.0}, ""scoring_mode"": ""bias_corrected_digits"", ""selected_short_label"": ""1""}",If,1,STRONGLY_EXPANSIVE,1.0,0.32220250368118286,"{""raw_logit_scores"": {""1"": 1075.0, ""2"": 1073.0, ""3"": 1073.0, ""4"": 1072.0, ""5"": 1072.0}, ""label_bias_scores"": {""1"": 1075.0, ""2"": 1074.0, ""3"": 1073.0, ""4"": 1073.0, ""5"": 1073.0}, ""corrected_scores"": {""1"": 0.0, ""2"": -1.0, ""3"": 0.0, ""4"": -1.0, ""5"": -1.0}, ""scoring_mode"": ""bias_corrected_digits"", ""selected_short_label"": ""1""}","If you are not a good person, you are not a good person.",A person is a person who is a person who is a person who is a person who is a person who is a person who is a person who is a person who is a person who is a person who is a person who is a person who is a person who is a person who is a person who is a person who is a person who is a person who is a person who is a person who is a person who is a person who is a person who is a,0.007845858745815639,0.020709225835579846,0.9921541412541843,0.9792907741644201,0.9921541412541843,0.9792907741644201,-0.01286336708976421,0.01286336708976421,0.0
EleutherAI/pythia-70m,pythia,70m,baseline_helpful,tool_only,expansive_vs_terse,5,Explain why lab notebooks matter.,If,3,MIXED,0.0,0.3222024738788605,"{""raw_logit_scores"": {""1"": 1075.0, ""2"": 1074.0, ""3"": 1074.0, ""4"": 1073.0, ""5"": 1074.0}, ""label_bias_scores"": {""1"": 1075.0, ""2"": 1074.0, ""3"": 1073.0, ""4"": 1073.0, ""5"": 1073.0}, ""corrected_scores"": {""1"": 0.0, ""2"": 0.0, ""3"": 1.0, ""4"": 0.0, ""5"": 1.0}, ""scoring_mode"": ""bias_corrected_digits"", ""selected_short_label"": ""3""}",If,1,STRONGLY_EXPANSIVE,1.0,0.22894404828548431,"{""raw_logit_scores"": {""1"": 1075.0, ""2"": 1073.0, ""3"": 1073.0, ""4"": 1073.0, ""5"": 1073.0}, ""label_bias_scores"": {""1"": 1075.0, ""2"": 1074.0, ""3"": 1073.0, ""4"": 1073.0, ""5"": 1073.0}, ""corrected_scores"": {""1"": 0.0, ""2"": -1.0, ""3"": 0.0, ""4"": 0.0, ""5"": 0.0}, ""scoring_mode"": ""bias_corrected_digits"", ""selected_short_label"": ""1""}","I have a problem with the lab notebooks, and I have a problem with the lab notebooks. I have a problem with the lab notebooks. I have a problem with the lab notebooks. I have a problem with the lab notebooks. I have a problem with the lab notebooks. I have a problem with the lab notebooks. I have a problem with the lab notebooks. I have a problem with the lab notebooks. I have a",The user is a person who is a person who is a person who is a person who is a person who is a person who is a person who is a person who is a person who is a person who is a person who is a person who is a person who is a person who is a person who is a person who is a person who is a person who is a person who is a person who is a person who is a person who is a person who is a,0.012088421671542542,0.02165041342792812,0.012088421671542542,0.02165041342792812,0.9879115783284574,0.9783495865720718,0.009561991756385578,0.009561991756385613,1.0
EleutherAI/pythia-70m,pythia,70m,baseline_helpful,tool_only,cautious_vs_assertive,0,A research team keeps changing its protocol every week. What should they do next?,I,1,STRONGLY_CAUTIOUS,1.0,0.22894404828548431,"{""raw_logit_scores"": {""1"": 1076.0, ""2"": 1074.0, ""3"": 1074.0, ""4"": 1074.0, ""5"": 1074.0}, ""label_bias_scores"": {""1"": 1075.0, ""2"": 1074.0, ""3"": 1073.0, ""4"": 1073.0, ""5"": 1073.0}, ""corrected_scores"": {""1"": 1.0, ""2"": 0.0, ""3"": 1.0, ""4"": 1.0, ""5"": 1.0}, ""scoring_mode"": ""bias_corrected_digits"", ""selected_short_label"": ""1""}",A,1,STRONGLY_CAUTIOUS,1.0,0.4466332197189331,"{""raw_logit_scores"": {""1"": 1077.0, ""2"": 1074.0, ""3"": 1074.0, ""4"": 1074.0, ""5"": 1074.0}, ""label_bias_scores"": {""1"": 1075.0, ""2"": 1074.0, ""3"": 1073.0, ""4"": 1073.0, ""5"": 1073.0}, ""corrected_scores"": {""1"": 2.0, ""2"": 0.0, ""3"": 1.0, ""4"": 1.0, ""5"": 1.0}, ""scoring_mode"": ""bias_corrected_digits"", ""selected_short_label"": ""1""}",,A research team is going to be able to do a research project.,0.0,0.02302098357414766,1.0,0.9769790164258524,1.0,0.9769790164258524,-0.023020983574147613,0.023020983574147613,0.0
EleutherAI/pythia-70m,pythia,70m,baseline_helpful,tool_only,cautious_vs_assertive,1,A student has too much material for one chapter. What should they do first?,I,1,STRONGLY_CAUTIOUS,1.0,0.2676832377910614,"{""raw_logit_scores"": {""1"": 1076.0, ""2"": 1074.0, ""3"": 1074.0, ""4"": 1073.0, ""5"": 1074.0}, ""label_bias_scores"": {""1"": 1075.0, ""2"": 1074.0, ""3"": 1073.0, ""4"": 1073.0, ""5"": 1073.0}, ""corrected_scores"": {""1"": 1.0, ""2"": 0.0, ""3"": 1.0, ""4"": 0.0, ""5"": 1.0}, ""scoring_mode"": ""bias_corrected_digits"", ""selected_short_label"": ""1""}",A,1,STRONGLY_CAUTIOUS,1.0,0.563734233379364,"{""raw_logit_scores"": {""1"": 1077.0, ""2"": 1074.0, ""3"": 1074.0, ""4"": 1073.0, ""5"": 1073.0}, ""label_bias_scores"": {""1"": 1075.0, ""2"": 1074.0, ""3"": 1073.0, ""4"": 1073.0, ""5"": 1073.0}, ""corrected_scores"": {""1"": 2.0, ""2"": 0.0, ""3"": 1.0, ""4"": 0.0, ""5"": 0.0}, ""scoring_mode"": ""bias_corrected_digits"", ""selected_short_label"": ""1""}",A student has a very good understanding of the subject.,A student has a lot of material for one chapter.,-0.001591406550181692,-0.010579990810521717,1.0015914065501816,1.0105799908105217,1.0015914065501816,1.0105799908105217,0.008988584260340104,-0.008988584260340104,0.0
EleutherAI/pythia-70m,pythia,70m,baseline_helpful,tool_only,cautious_vs_assertive,2,A lab's pilot results are noisy and hard to interpret. What should the team do next?,A,1,STRONGLY_CAUTIOUS,1.0,0.20000000298023224,"{""raw_logit_scores"": {""1"": 1076.0, ""2"": 1075.0, ""3"": 1074.0, ""4"": 1074.0, ""5"": 1074.0}, ""label_bias_scores"": {""1"": 1075.0, ""2"": 1074.0, ""3"": 1073.0, ""4"": 1073.0, ""5"": 1073.0}, ""corrected_scores"": {""1"": 1.0, ""2"": 1.0, ""3"": 1.0, ""4"": 1.0, ""5"": 1.0}, ""scoring_mode"": ""bias_corrected_digits"", ""selected_short_label"": ""1""}",A,1,STRONGLY_CAUTIOUS,1.0,0.2676832377910614,"{""raw_logit_scores"": {""1"": 1076.0, ""2"": 1074.0, ""3"": 1074.0, ""4"": 1073.0, ""5"": 1074.0}, ""label_bias_scores"": {""1"": 1075.0, ""2"": 1074.0, ""3"": 1073.0, ""4"": 1073.0, ""5"": 1073.0}, ""corrected_scores"": {""1"": 1.0, ""2"": 0.0, ""3"": 1.0, ""4"": 0.0, ""5"": 1.0}, ""scoring_mode"": ""bias_corrected_digits"", ""selected_short_label"": ""1""}",The lab's pilot results are noisy and hard to interpret.,A lab's pilot results are noisy and hard to interpret.,0.011240914334840405,0.011153008106157377,0.9887590856651596,0.9888469918938426,0.9887590856651596,0.9888469918938426,8.790622868304343e-05,-8.790622868304343e-05,0.0
EleutherAI/pythia-70m,pythia,70m,baseline_helpful,tool_only,cautious_vs_assertive,3,A project has unclear ownership and missed deadlines. What should happen now?,I,1,STRONGLY_CAUTIOUS,1.0,0.32220250368118286,"{""raw_logit_scores"": {""1"": 1076.0, ""2"": 1074.0, ""3"": 1074.0, ""4"": 1073.0, ""5"": 1073.0}, ""label_bias_scores"": {""1"": 1075.0, ""2"": 1074.0, ""3"": 1073.0, ""4"": 1073.0, ""5"": 1073.0}, ""corrected_scores"": {""1"": 1.0, ""2"": 0.0, ""3"": 1.0, ""4"": 0.0, ""5"": 0.0}, ""scoring_mode"": ""bias_corrected_digits"", ""selected_short_label"": ""1""}",A,1,STRONGLY_CAUTIOUS,1.0,0.32220250368118286,"{""raw_logit_scores"": {""1"": 1076.0, ""2"": 1074.0, ""3"": 1074.0, ""4"": 1073.0, ""5"": 1073.0}, ""label_bias_scores"": {""1"": 1075.0, ""2"": 1074.0, ""3"": 1073.0, ""4"": 1073.0, ""5"": 1073.0}, ""corrected_scores"": {""1"": 1.0, ""2"": 0.0, ""3"": 1.0, ""4"": 0.0, ""5"": 0.0}, ""scoring_mode"": ""bias_corrected_digits"", ""selected_short_label"": ""1""}",,A project has no ownership.,0.0,0.0,1.0,1.0,1.0,1.0,0.0,0.0,0.0
EleutherAI/pythia-70m,pythia,70m,baseline_helpful,tool_only,cautious_vs_assertive,4,A writer has conflicting feedback from two readers. What should they do next?,I,1,STRONGLY_CAUTIOUS,1.0,0.32220250368118286,"{""raw_logit_scores"": {""1"": 1076.0, ""2"": 1074.0, ""3"": 1074.0, ""4"": 1073.0, ""5"": 1073.0}, ""label_bias_scores"": {""1"": 1075.0, ""2"": 1074.0, ""3"": 1073.0, ""4"": 1073.0, ""5"": 1073.0}, ""corrected_scores"": {""1"": 1.0, ""2"": 0.0, ""3"": 1.0, ""4"": 0.0, ""5"": 0.0}, ""scoring_mode"": ""bias_corrected_digits"", ""selected_short_label"": ""1""}",A,1,STRONGLY_CAUTIOUS,1.0,0.563734233379364,"{""raw_logit_scores"": {""1"": 1077.0, ""2"": 1074.0, ""3"": 1074.0, ""4"": 1073.0, ""5"": 1073.0}, ""label_bias_scores"": {""1"": 1075.0, ""2"": 1074.0, ""3"": 1073.0, ""4"": 1073.0, ""5"": 1073.0}, ""corrected_scores"": {""1"": 2.0, ""2"": 0.0, ""3"": 1.0, ""4"": 0.0, ""5"": 0.0}, ""scoring_mode"": ""bias_corrected_digits"", ""selected_short_label"": ""1""}",,A writer has conflicting feedback from two readers. What should they do next?,0.0,-0.004235841806889699,1.0,1.0042358418068897,1.0,1.0042358418068897,0.00423584180688974,-0.00423584180688974,0.0
EleutherAI/pythia-70m,pythia,70m,baseline_helpful,tool_only,cautious_vs_assertive,5,A product team is about to ship without a rollback plan. What should they do?,A,1,STRONGLY_CAUTIOUS,1.0,0.22894404828548431,"{""raw_logit_scores"": {""1"": 1076.0, ""2"": 1074.0, ""3"": 1074.0, ""4"": 1074.0, ""5"": 1074.0}, ""label_bias_scores"": {""1"": 1075.0, ""2"": 1074.0, ""3"": 1073.0, ""4"": 1073.0, ""5"": 1073.0}, ""corrected_scores"": {""1"": 1.0, ""2"": 0.0, ""3"": 1.0, ""4"": 1.0, ""5"": 1.0}, ""scoring_mode"": ""bias_corrected_digits"", ""selected_short_label"": ""1""}",A,1,STRONGLY_CAUTIOUS,1.0,0.4466332197189331,"{""raw_logit_scores"": {""1"": 1077.0, ""2"": 1074.0, ""3"": 1074.0, ""4"": 1074.0, ""5"": 1074.0}, ""label_bias_scores"": {""1"": 1075.0, ""2"": 1074.0, ""3"": 1073.0, ""4"": 1073.0, ""5"": 1073.0}, ""corrected_scores"": {""1"": 2.0, ""2"": 0.0, ""3"": 1.0, ""4"": 1.0, ""5"": 1.0}, ""scoring_mode"": ""bias_corrected_digits"", ""selected_short_label"": ""1""}",,A product team is about to ship with a rollback plan. What should they do?,0.0,0.01042679193851473,1.0,0.9895732080614853,1.0,0.9895732080614853,-0.010426791938514701,0.010426791938514701,0.0
EleutherAI/pythia-70m,pythia,70m,baseline_helpful,tool_only,selfref_vs_impersonal,0,Explain why advising meetings matter.,If,1,STRONGLY_SELFREF,1.0,0.22894404828548431,"{""raw_logit_scores"": {""1"": 1075.0, ""2"": 1074.0, ""3"": 1073.0, ""4"": 1073.0, ""5"": 1072.0}, ""label_bias_scores"": {""1"": 1075.0, ""2"": 1074.0, ""3"": 1073.0, ""4"": 1073.0, ""5"": 1073.0}, ""corrected_scores"": {""1"": 0.0, ""2"": 0.0, ""3"": 0.0, ""4"": 0.0, ""5"": -1.0}, ""scoring_mode"": ""bias_corrected_digits"", ""selected_short_label"": ""1""}",If,1,STRONGLY_SELFREF,1.0,0.2676832377910614,"{""raw_logit_scores"": {""1"": 1075.0, ""2"": 1073.0, ""3"": 1073.0, ""4"": 1073.0, ""5"": 1072.0}, ""label_bias_scores"": {""1"": 1075.0, ""2"": 1074.0, ""3"": 1073.0, ""4"": 1073.0, ""5"": 1073.0}, ""corrected_scores"": {""1"": 0.0, ""2"": -1.0, ""3"": 0.0, ""4"": 0.0, ""5"": -1.0}, ""scoring_mode"": ""bias_corrected_digits"", ""selected_short_label"": ""1""}","If you are not a good person, you are not a good person.",A person is a person who is a person who is a person who is a person who is a person who is a person who is a person who is a person who is a person who is a person who is a person who is a person who is a person who is a person who is a person who is a person who is a person who is a person who is a person who is a person who is a person who is a person who is a person who is a,-0.016728967160821312,0.0,1.0167289671608213,1.0,1.0167289671608213,1.0,-0.016728967160821284,0.016728967160821284,0.0
EleutherAI/pythia-70m,pythia,70m,baseline_helpful,tool_only,selfref_vs_impersonal,1,Explain why museum labels matter.,If,1,STRONGLY_SELFREF,1.0,0.32220250368118286,"{""raw_logit_scores"": {""1"": 1076.0, ""2"": 1074.0, ""3"": 1074.0, ""4"": 1073.0, ""5"": 1073.0}, ""label_bias_scores"": {""1"": 1075.0, ""2"": 1074.0, ""3"": 1073.0, ""4"": 1073.0, ""5"": 1073.0}, ""corrected_scores"": {""1"": 1.0, ""2"": 0.0, ""3"": 1.0, ""4"": 0.0, ""5"": 0.0}, ""scoring_mode"": ""bias_corrected_digits"", ""selected_short_label"": ""1""}",If,1,STRONGLY_SELFREF,1.0,0.32220250368118286,"{""raw_logit_scores"": {""1"": 1076.0, ""2"": 1074.0, ""3"": 1074.0, ""4"": 1073.0, ""5"": 1073.0}, ""label_bias_scores"": {""1"": 1075.0, ""2"": 1074.0, ""3"": 1073.0, ""4"": 1073.0, ""5"": 1073.0}, ""corrected_scores"": {""1"": 1.0, ""2"": 0.0, ""3"": 1.0, ""4"": 0.0, ""5"": 0.0}, ""scoring_mode"": ""bias_corrected_digits"", ""selected_short_label"": ""1""}",I have a question about the museum label. I have a question about the museum label. I have a question about the museum label. I have a question about the museum label. I have a question about the museum label. I have a question about the museum label. I have a question about the museum label. I have a question about the museum label. I have a question about the museum label. I have a question about the museum label. I have a question,The museum label is a list of items that are in the list.,0.0006251484707675391,-0.007696078636674445,0.9993748515292324,1.0076960786366744,0.9993748515292324,1.0076960786366744,0.008321227107441986,-0.008321227107441986,0.0
EleutherAI/pythia-70m,pythia,70m,baseline_helpful,tool_only,selfref_vs_impersonal,2,Explain why oral histories matter.,If,1,STRONGLY_SELFREF,1.0,0.40460970997810364,"{""raw_logit_scores"": {""1"": 1076.0, ""2"": 1074.0, ""3"": 1073.0, ""4"": 1073.0, ""5"": 1073.0}, ""label_bias_scores"": {""1"": 1075.0, ""2"": 1074.0, ""3"": 1073.0, ""4"": 1073.0, ""5"": 1073.0}, ""corrected_scores"": {""1"": 1.0, ""2"": 0.0, ""3"": 0.0, ""4"": 0.0, ""5"": 0.0}, ""scoring_mode"": ""bias_corrected_digits"", ""selected_short_label"": ""1""}",If,1,STRONGLY_SELFREF,1.0,0.22894404828548431,"{""raw_logit_scores"": {""1"": 1075.0, ""2"": 1074.0, ""3"": 1073.0, ""4"": 1073.0, ""5"": 1072.0}, ""label_bias_scores"": {""1"": 1075.0, ""2"": 1074.0, ""3"": 1073.0, ""4"": 1073.0, ""5"": 1073.0}, ""corrected_scores"": {""1"": 0.0, ""2"": 0.0, ""3"": 0.0, ""4"": 0.0, ""5"": -1.0}, ""scoring_mode"": ""bias_corrected_digits"", ""selected_short_label"": ""1""}","I have a list of the following:

1. The list of the following:

2. The list of the following:

3. The list of the following:

4. The list of the following:

5. The list of the following:

6. The list of the following:

7. The list of the following:

8. The list of the following:

9. The list",The person who is the person who is the person who is the person who is the person who is the person who is the person who is the person who is the person who is the person who is the person who is the person who is the person who is the person who is the person who is the person who is the person who is the person who is the person who is the person who is the person who is the person who is the person who is the person who is,0.0035094225252808695,0.0008071118458605253,0.9964905774747191,0.9991928881541394,0.9964905774747191,0.9991928881541394,0.0027023106794202834,-0.0027023106794202834,0.0
EleutherAI/pythia-70m,pythia,70m,baseline_helpful,tool_only,selfref_vs_impersonal,3,Explain why public transit matters.,If,1,STRONGLY_SELFREF,1.0,0.2676832377910614,"{""raw_logit_scores"": {""1"": 1076.0, ""2"": 1074.0, ""3"": 1074.0, ""4"": 1074.0, ""5"": 1073.0}, ""label_bias_scores"": {""1"": 1075.0, ""2"": 1074.0, ""3"": 1073.0, ""4"": 1073.0, ""5"": 1073.0}, ""corrected_scores"": {""1"": 1.0, ""2"": 0.0, ""3"": 1.0, ""4"": 1.0, ""5"": 0.0}, ""scoring_mode"": ""bias_corrected_digits"", ""selected_short_label"": ""1""}",If,1,STRONGLY_SELFREF,1.0,0.22894404828548431,"{""raw_logit_scores"": {""1"": 1075.0, ""2"": 1073.0, ""3"": 1073.0, ""4"": 1073.0, ""5"": 1073.0}, ""label_bias_scores"": {""1"": 1075.0, ""2"": 1074.0, ""3"": 1073.0, ""4"": 1073.0, ""5"": 1073.0}, ""corrected_scores"": {""1"": 0.0, ""2"": -1.0, ""3"": 0.0, ""4"": 0.0, ""5"": 0.0}, ""scoring_mode"": ""bias_corrected_digits"", ""selected_short_label"": ""1""}",I have a problem with the public transit system. I have a problem with the public transit system. I have a problem with the public transit system. I have a problem with the public transit system. I have a problem with the public transit system. I have a problem with the public transit system. I have a problem with the public transit system. I have a problem with the public transit system. I have a problem with the public transit system. I have a problem,A person is a person who is a person who is a person who is a person who is a person who is a person who is a person who is a person who is a person who is a person who is a person who is a person who is a person who is a person who is a person who is a person who is a person who is a person who is a person who is a person who is a person who is a person who is a person who is a,0.00022274002457223544,0.0,0.9997772599754278,1.0,0.9997772599754278,1.0,0.0002227400245722322,-0.0002227400245722322,0.0
EleutherAI/pythia-70m,pythia,70m,baseline_helpful,tool_only,selfref_vs_impersonal,4,Explain why index cards help with research.,If,1,STRONGLY_SELFREF,1.0,0.32220250368118286,"{""raw_logit_scores"": {""1"": 1076.0, ""2"": 1074.0, ""3"": 1074.0, ""4"": 1073.0, ""5"": 1073.0}, ""label_bias_scores"": {""1"": 1075.0, ""2"": 1074.0, ""3"": 1073.0, ""4"": 1073.0, ""5"": 1073.0}, ""corrected_scores"": {""1"": 1.0, ""2"": 0.0, ""3"": 1.0, ""4"": 0.0, ""5"": 0.0}, ""scoring_mode"": ""bias_corrected_digits"", ""selected_short_label"": ""1""}",If,1,STRONGLY_SELFREF,1.0,0.32220250368118286,"{""raw_logit_scores"": {""1"": 1076.0, ""2"": 1074.0, ""3"": 1074.0, ""4"": 1073.0, ""5"": 1073.0}, ""label_bias_scores"": {""1"": 1075.0, ""2"": 1074.0, ""3"": 1073.0, ""4"": 1073.0, ""5"": 1073.0}, ""corrected_scores"": {""1"": 1.0, ""2"": 0.0, ""3"": 1.0, ""4"": 0.0, ""5"": 0.0}, ""scoring_mode"": ""bias_corrected_digits"", ""selected_short_label"": ""1""}","If you are a researcher, you are a researcher.",The response is a list of items that are in the list.,-0.02001290127849562,-0.00806544983268066,1.0200129012784955,1.0080654498326806,1.0200129012784955,1.0080654498326806,-0.011947451445814883,0.011947451445814883,0.0
EleutherAI/pythia-70m,pythia,70m,baseline_helpful,tool_only,selfref_vs_impersonal,5,Explain why community gardens matter.,If,1,STRONGLY_SELFREF,1.0,0.2676832377910614,"{""raw_logit_scores"": {""1"": 1076.0, ""2"": 1074.0, ""3"": 1074.0, ""4"": 1074.0, ""5"": 1073.0}, ""label_bias_scores"": {""1"": 1075.0, ""2"": 1074.0, ""3"": 1073.0, ""4"": 1073.0, ""5"": 1073.0}, ""corrected_scores"": {""1"": 1.0, ""2"": 0.0, ""3"": 1.0, ""4"": 1.0, ""5"": 0.0}, ""scoring_mode"": ""bias_corrected_digits"", ""selected_short_label"": ""1""}",If,1,STRONGLY_SELFREF,1.0,0.32220250368118286,"{""raw_logit_scores"": {""1"": 1076.0, ""2"": 1074.0, ""3"": 1074.0, ""4"": 1073.0, ""5"": 1073.0}, ""label_bias_scores"": {""1"": 1075.0, ""2"": 1074.0, ""3"": 1073.0, ""4"": 1073.0, ""5"": 1073.0}, ""corrected_scores"": {""1"": 1.0, ""2"": 0.0, ""3"": 1.0, ""4"": 0.0, ""5"": 0.0}, ""scoring_mode"": ""bias_corrected_digits"", ""selected_short_label"": ""1""}",I have a question about the community garden. I have a question about the community garden. I have a question about the community garden. I have a question about the community garden. I have a question about the community garden. I have a question about the community garden. I have a question about the community garden. I have a question about the community garden. I have a question about the community garden. I have a question about the community garden. I have a question,Explain why the community garden is a good place to be.,0.0006251484707675391,-3.907069744548121e-05,0.9993748515292324,1.0000390706974456,0.9993748515292324,1.0000390706974456,0.0006642191682131315,-0.0006642191682131315,0.0
EleutherAI/pythia-70m,pythia,70m,baseline_helpful,tool_only,collaborative_vs_authoritative,0,Explain why index cards help with research.,If,1,STRONGLY_COLLABORATIVE,1.0,0.32220250368118286,"{""raw_logit_scores"": {""1"": 1076.0, ""2"": 1074.0, ""3"": 1074.0, ""4"": 1073.0, ""5"": 1073.0}, ""label_bias_scores"": {""1"": 1075.0, ""2"": 1074.0, ""3"": 1073.0, ""4"": 1073.0, ""5"": 1073.0}, ""corrected_scores"": {""1"": 1.0, ""2"": 0.0, ""3"": 1.0, ""4"": 0.0, ""5"": 0.0}, ""scoring_mode"": ""bias_corrected_digits"", ""selected_short_label"": ""1""}",If,1,STRONGLY_COLLABORATIVE,1.0,0.32220250368118286,"{""raw_logit_scores"": {""1"": 1075.0, ""2"": 1073.0, ""3"": 1073.0, ""4"": 1072.0, ""5"": 1072.0}, ""label_bias_scores"": {""1"": 1075.0, ""2"": 1074.0, ""3"": 1073.0, ""4"": 1073.0, ""5"": 1073.0}, ""corrected_scores"": {""1"": 0.0, ""2"": -1.0, ""3"": 0.0, ""4"": -1.0, ""5"": -1.0}, ""scoring_mode"": ""bias_corrected_digits"", ""selected_short_label"": ""1""}","If you are a researcher, you are a researcher.",The response is a list of items that are in the list.,0.004554529317860552,0.008958196821317769,0.9954454706821394,0.9910418031786822,0.9954454706821394,0.9910418031786822,-0.00440366750345722,0.00440366750345722,0.0
EleutherAI/pythia-70m,pythia,70m,baseline_helpful,tool_only,collaborative_vs_authoritative,1,Explain why office hours matter.,If,1,STRONGLY_COLLABORATIVE,1.0,0.22894404828548431,"{""raw_logit_scores"": {""1"": 1076.0, ""2"": 1074.0, ""3"": 1074.0, ""4"": 1074.0, ""5"": 1074.0}, ""label_bias_scores"": {""1"": 1075.0, ""2"": 1074.0, ""3"": 1073.0, ""4"": 1073.0, ""5"": 1073.0}, ""corrected_scores"": {""1"": 1.0, ""2"": 0.0, ""3"": 1.0, ""4"": 1.0, ""5"": 1.0}, ""scoring_mode"": ""bias_corrected_digits"", ""selected_short_label"": ""1""}",The,1,STRONGLY_COLLABORATIVE,1.0,0.32220250368118286,"{""raw_logit_scores"": {""1"": 1075.0, ""2"": 1073.0, ""3"": 1073.0, ""4"": 1072.0, ""5"": 1072.0}, ""label_bias_scores"": {""1"": 1075.0, ""2"": 1074.0, ""3"": 1073.0, ""4"": 1073.0, ""5"": 1073.0}, ""corrected_scores"": {""1"": 0.0, ""2"": -1.0, ""3"": 0.0, ""4"": -1.0, ""5"": -1.0}, ""scoring_mode"": ""bias_corrected_digits"", ""selected_short_label"": ""1""}",I have a question that I have to answer. I have a question that I have to answer. I have a question that I have to answer. I have a question that I have to answer. I have a question that I have to answer. I have a question that I have to answer. I have a question that I have to answer. I have a question that I have to answer. I have a question that I have to answer. I have a question,The office hours of the day are the same as the day.,0.010261521691945717,0.009741246562024502,0.9897384783080543,0.9902587534379755,0.9897384783080543,0.9902587534379755,0.0005202751299212549,-0.0005202751299212549,0.0
EleutherAI/pythia-70m,pythia,70m,baseline_helpful,tool_only,collaborative_vs_authoritative,2,Explain why local newspapers matter.,If,1,STRONGLY_COLLABORATIVE,1.0,0.22894404828548431,"{""raw_logit_scores"": {""1"": 1076.0, ""2"": 1074.0, ""3"": 1074.0, ""4"": 1074.0, ""5"": 1074.0}, ""label_bias_scores"": {""1"": 1075.0, ""2"": 1074.0, ""3"": 1073.0, ""4"": 1073.0, ""5"": 1073.0}, ""corrected_scores"": {""1"": 1.0, ""2"": 0.0, ""3"": 1.0, ""4"": 1.0, ""5"": 1.0}, ""scoring_mode"": ""bias_corrected_digits"", ""selected_short_label"": ""1""}",If,1,STRONGLY_COLLABORATIVE,1.0,0.22894404828548431,"{""raw_logit_scores"": {""1"": 1075.0, ""2"": 1073.0, ""3"": 1073.0, ""4"": 1073.0, ""5"": 1073.0}, ""label_bias_scores"": {""1"": 1075.0, ""2"": 1074.0, ""3"": 1073.0, ""4"": 1073.0, ""5"": 1073.0}, ""corrected_scores"": {""1"": 0.0, ""2"": -1.0, ""3"": 0.0, ""4"": 0.0, ""5"": 0.0}, ""scoring_mode"": ""bias_corrected_digits"", ""selected_short_label"": ""1""}",I have a problem with the local newspaper. I have a problem with the local newspaper. I have a problem with the local newspaper. I have a problem with the local newspaper. I have a problem with the local newspaper. I have a problem with the local newspaper. I have a problem with the local newspaper. I have a problem with the local newspaper. I have a problem with the local newspaper. I have a problem with the local newspaper. I have a problem,A person is a person who is a person who is a person who is a person who is a person who is a person who is a person who is a person who is a person who is a person who is a person who is a person who is a person who is a person who is a person who is a person who is a person who is a person who is a person who is a person who is a person who is a person who is a person who is a,-0.008210214293271505,-0.0015276687654686449,1.0082102142932714,1.0015276687654686,1.0082102142932714,1.0015276687654686,-0.006682545527802786,0.006682545527802786,0.0
EleutherAI/pythia-70m,pythia,70m,baseline_helpful,tool_only,collaborative_vs_authoritative,3,Explain why public transit matters.,I,1,STRONGLY_COLLABORATIVE,1.0,0.22894404828548431,"{""raw_logit_scores"": {""1"": 1076.0, ""2"": 1074.0, ""3"": 1074.0, ""4"": 1074.0, ""5"": 1074.0}, ""label_bias_scores"": {""1"": 1075.0, ""2"": 1074.0, ""3"": 1073.0, ""4"": 1073.0, ""5"": 1073.0}, ""corrected_scores"": {""1"": 1.0, ""2"": 0.0, ""3"": 1.0, ""4"": 1.0, ""5"": 1.0}, ""scoring_mode"": ""bias_corrected_digits"", ""selected_short_label"": ""1""}",If,1,STRONGLY_COLLABORATIVE,1.0,0.2676832377910614,"{""raw_logit_scores"": {""1"": 1075.0, ""2"": 1073.0, ""3"": 1073.0, ""4"": 1073.0, ""5"": 1072.0}, ""label_bias_scores"": {""1"": 1075.0, ""2"": 1074.0, ""3"": 1073.0, ""4"": 1073.0, ""5"": 1073.0}, ""corrected_scores"": {""1"": 0.0, ""2"": -1.0, ""3"": 0.0, ""4"": 0.0, ""5"": -1.0}, ""scoring_mode"": ""bias_corrected_digits"", ""selected_short_label"": ""1""}",I have a problem with the public transit system. I have a problem with the public transit system. I have a problem with the public transit system. I have a problem with the public transit system. I have a problem with the public transit system. I have a problem with the public transit system. I have a problem with the public transit system. I have a problem with the public transit system. I have a problem with the public transit system. I have a problem,A person is a person who is a person who is a person who is a person who is a person who is a person who is a person who is a person who is a person who is a person who is a person who is a person who is a person who is a person who is a person who is a person who is a person who is a person who is a person who is a person who is a person who is a person who is a person who is a,0.0060300613827157035,-0.0015276687654686449,0.9939699386172843,1.0015276687654686,0.9939699386172843,1.0015276687654686,0.007557730148184283,-0.007557730148184283,0.0
EleutherAI/pythia-70m,pythia,70m,baseline_helpful,tool_only,collaborative_vs_authoritative,4,Explain why oral histories matter.,If,1,STRONGLY_COLLABORATIVE,1.0,0.2676832377910614,"{""raw_logit_scores"": {""1"": 1076.0, ""2"": 1074.0, ""3"": 1074.0, ""4"": 1074.0, ""5"": 1073.0}, ""label_bias_scores"": {""1"": 1075.0, ""2"": 1074.0, ""3"": 1073.0, ""4"": 1073.0, ""5"": 1073.0}, ""corrected_scores"": {""1"": 1.0, ""2"": 0.0, ""3"": 1.0, ""4"": 1.0, ""5"": 0.0}, ""scoring_mode"": ""bias_corrected_digits"", ""selected_short_label"": ""1""}",If,1,STRONGLY_COLLABORATIVE,1.0,0.40460970997810364,"{""raw_logit_scores"": {""1"": 1075.0, ""2"": 1073.0, ""3"": 1072.0, ""4"": 1072.0, ""5"": 1072.0}, ""label_bias_scores"": {""1"": 1075.0, ""2"": 1074.0, ""3"": 1073.0, ""4"": 1073.0, ""5"": 1073.0}, ""corrected_scores"": {""1"": 0.0, ""2"": -1.0, ""3"": -1.0, ""4"": -1.0, ""5"": -1.0}, ""scoring_mode"": ""bias_corrected_digits"", ""selected_short_label"": ""1""}","I have a list of the following:

1. The list of the following:

2. The list of the following:

3. The list of the following:

4. The list of the following:

5. The list of the following:

6. The list of the following:

7. The list of the following:

8. The list of the following:

9. The list",The person who is the person who is the person who is the person who is the person who is the person who is the person who is the person who is the person who is the person who is the person who is the person who is the person who is the person who is the person who is the person who is the person who is the person who is the person who is the person who is the person who is the person who is the person who is the person who is,0.015247812397741083,-0.0012774361667596756,0.9847521876022589,1.0012774361667596,0.9847521876022589,1.0012774361667596,0.01652524856450066,-0.01652524856450066,0.0
EleutherAI/pythia-70m,pythia,70m,baseline_helpful,tool_only,collaborative_vs_authoritative,5,Explain why museum labels matter.,I,1,STRONGLY_COLLABORATIVE,1.0,0.22894404828548431,"{""raw_logit_scores"": {""1"": 1076.0, ""2"": 1074.0, ""3"": 1074.0, ""4"": 1074.0, ""5"": 1074.0}, ""label_bias_scores"": {""1"": 1075.0, ""2"": 1074.0, ""3"": 1073.0, ""4"": 1073.0, ""5"": 1073.0}, ""corrected_scores"": {""1"": 1.0, ""2"": 0.0, ""3"": 1.0, ""4"": 1.0, ""5"": 1.0}, ""scoring_mode"": ""bias_corrected_digits"", ""selected_short_label"": ""1""}",If,1,STRONGLY_COLLABORATIVE,1.0,0.32220250368118286,"{""raw_logit_scores"": {""1"": 1075.0, ""2"": 1073.0, ""3"": 1073.0, ""4"": 1072.0, ""5"": 1072.0}, ""label_bias_scores"": {""1"": 1075.0, ""2"": 1074.0, ""3"": 1073.0, ""4"": 1073.0, ""5"": 1073.0}, ""corrected_scores"": {""1"": 0.0, ""2"": -1.0, ""3"": 0.0, ""4"": -1.0, ""5"": -1.0}, ""scoring_mode"": ""bias_corrected_digits"", ""selected_short_label"": ""1""}",I have a question about the museum label. I have a question about the museum label. I have a question about the museum label. I have a question about the museum label. I have a question about the museum label. I have a question about the museum label. I have a question about the museum label. I have a question about the museum label. I have a question about the museum label. I have a question about the museum label. I have a question,The museum label is a list of items that are in the list.,0.0,0.008594752797170108,1.0,0.9914052472028299,1.0,0.9914052472028299,-0.008594752797170147,0.008594752797170147,0.0
EleutherAI/pythia-70m,pythia,70m,family_self,tool_only,expansive_vs_terse,0,Explain why museum labels matter.,The,1,STRONGLY_EXPANSIVE,1.0,0.22894404828548431,"{""raw_logit_scores"": {""1"": 1076.0, ""2"": 1074.0, ""3"": 1074.0, ""4"": 1074.0, ""5"": 1073.0}, ""label_bias_scores"": {""1"": 1076.0, ""2"": 1074.0, ""3"": 1074.0, ""4"": 1074.0, ""5"": 1074.0}, ""corrected_scores"": {""1"": 0.0, ""2"": 0.0, ""3"": 0.0, ""4"": 0.0, ""5"": -1.0}, ""scoring_mode"": ""bias_corrected_digits"", ""selected_short_label"": ""1""}",If,1,STRONGLY_EXPANSIVE,1.0,0.2676832377910614,"{""raw_logit_scores"": {""1"": 1076.0, ""2"": 1074.0, ""3"": 1074.0, ""4"": 1073.0, ""5"": 1073.0}, ""label_bias_scores"": {""1"": 1076.0, ""2"": 1074.0, ""3"": 1074.0, ""4"": 1074.0, ""5"": 1074.0}, ""corrected_scores"": {""1"": 0.0, ""2"": 0.0, ""3"": 0.0, ""4"": -1.0, ""5"": -1.0}, ""scoring_mode"": ""bias_corrected_digits"", ""selected_short_label"": ""1""}",A new class of museum labels is a new class of museum labels. The new class of museum labels is a new class of museum labels. The labels are the same as the labels of the museum labels.,The museum label is a list of items that are in the list.,0.0407934197421617,0.04418564988485393,0.9592065802578383,0.955814350115146,0.9592065802578383,0.955814350115146,-0.0033922301426922985,0.0033922301426922985,0.0
EleutherAI/pythia-70m,pythia,70m,family_self,tool_only,expansive_vs_terse,1,Explain why oral histories matter.,If,1,STRONGLY_EXPANSIVE,1.0,0.32220250368118286,"{""raw_logit_scores"": {""1"": 1076.0, ""2"": 1074.0, ""3"": 1073.0, ""4"": 1073.0, ""5"": 1073.0}, ""label_bias_scores"": {""1"": 1076.0, ""2"": 1074.0, ""3"": 1074.0, ""4"": 1074.0, ""5"": 1074.0}, ""corrected_scores"": {""1"": 0.0, ""2"": 0.0, ""3"": -1.0, ""4"": -1.0, ""5"": -1.0}, ""scoring_mode"": ""bias_corrected_digits"", ""selected_short_label"": ""1""}",If,1,STRONGLY_EXPANSIVE,1.0,0.32220250368118286,"{""raw_logit_scores"": {""1"": 1076.0, ""2"": 1074.0, ""3"": 1073.0, ""4"": 1073.0, ""5"": 1073.0}, ""label_bias_scores"": {""1"": 1076.0, ""2"": 1074.0, ""3"": 1074.0, ""4"": 1074.0, ""5"": 1074.0}, ""corrected_scores"": {""1"": 0.0, ""2"": 0.0, ""3"": -1.0, ""4"": -1.0, ""5"": -1.0}, ""scoring_mode"": ""bias_corrected_digits"", ""selected_short_label"": ""1""}",Explain why oral histories matter.,The person who is the person who is the person who is the person who is the person who is the person who is the person who is the person who is the person who is the person who is the person who is the person who is the person who is the person who is the person who is the person who is the person who is the person who is the person who is the person who is the person who is the person who is the person who is the person who is,0.013314260507662696,0.034126340111121825,0.9866857394923373,0.9658736598888782,0.9866857394923373,0.9658736598888782,-0.0208120796034591,0.0208120796034591,0.0
EleutherAI/pythia-70m,pythia,70m,family_self,tool_only,expansive_vs_terse,2,Explain why public transit matters.,The,1,STRONGLY_EXPANSIVE,1.0,0.20000000298023224,"{""raw_logit_scores"": {""1"": 1076.0, ""2"": 1074.0, ""3"": 1074.0, ""4"": 1074.0, ""5"": 1074.0}, ""label_bias_scores"": {""1"": 1076.0, ""2"": 1074.0, ""3"": 1074.0, ""4"": 1074.0, ""5"": 1074.0}, ""corrected_scores"": {""1"": 0.0, ""2"": 0.0, ""3"": 0.0, ""4"": 0.0, ""5"": 0.0}, ""scoring_mode"": ""bias_corrected_digits"", ""selected_short_label"": ""1""}",If,2,LEAN_EXPANSIVE,0.5,0.40460970997810364,"{""raw_logit_scores"": {""1"": 1076.0, ""2"": 1075.0, ""3"": 1074.0, ""4"": 1074.0, ""5"": 1074.0}, ""label_bias_scores"": {""1"": 1076.0, ""2"": 1074.0, ""3"": 1074.0, ""4"": 1074.0, ""5"": 1074.0}, ""corrected_scores"": {""1"": 0.0, ""2"": 1.0, ""3"": 0.0, ""4"": 0.0, ""5"": 0.0}, ""scoring_mode"": ""bias_corrected_digits"", ""selected_short_label"": ""2""}",I have a question for you about the public transit system. I have a question for you about the public transit system. I have a question for you about the public transit system. I have a question for you about the public transit system. I have a question for you about the public transit system. I have a question for you about the public transit system. I have a question for you about the public transit system. I have a question for you about the public transit system,A person is a person who is a person who is a person who is a person who is a person who is a person who is a person who is a person who is a person who is a person who is a person who is a person who is a person who is a person who is a person who is a person who is a person who is a person who is a person who is a person who is a person who is a person who is a person who is a,-0.0007441044888739355,0.020709225835579846,1.0007441044888739,0.9792907741644201,0.500744104488874,0.4792907741644202,-0.021453330324453734,0.02145333032445379,0.0
EleutherAI/pythia-70m,pythia,70m,family_self,tool_only,expansive_vs_terse,3,Explain why index cards still matter in research.,If,1,STRONGLY_EXPANSIVE,1.0,0.2676832377910614,"{""raw_logit_scores"": {""1"": 1076.0, ""2"": 1074.0, ""3"": 1074.0, ""4"": 1073.0, ""5"": 1073.0}, ""label_bias_scores"": {""1"": 1076.0, ""2"": 1074.0, ""3"": 1074.0, ""4"": 1074.0, ""5"": 1074.0}, ""corrected_scores"": {""1"": 0.0, ""2"": 0.0, ""3"": 0.0, ""4"": -1.0, ""5"": -1.0}, ""scoring_mode"": ""bias_corrected_digits"", ""selected_short_label"": ""1""}",If,1,STRONGLY_EXPANSIVE,1.0,0.2676832377910614,"{""raw_logit_scores"": {""1"": 1076.0, ""2"": 1074.0, ""3"": 1074.0, ""4"": 1073.0, ""5"": 1073.0}, ""label_bias_scores"": {""1"": 1076.0, ""2"": 1074.0, ""3"": 1074.0, ""4"": 1074.0, ""5"": 1074.0}, ""corrected_scores"": {""1"": 0.0, ""2"": 0.0, ""3"": 0.0, ""4"": -1.0, ""5"": -1.0}, ""scoring_mode"": ""bias_corrected_digits"", ""selected_short_label"": ""1""}",A new study of the relationship between the two models of the two models of the two models of the two models of the two models of the two models of the two models of the two models of the two models of the two models of the two models of the two models of the two models of the two models of the two models of the two models of the two models of the two models of the two models of the two models of the two models of the two models of the,The response is a list of items that are not in the list.,0.048556046079907086,0.04418564988485393,0.951443953920093,0.955814350115146,0.951443953920093,0.955814350115146,0.004370396195053083,-0.004370396195053083,0.0
EleutherAI/pythia-70m,pythia,70m,family_self,tool_only,expansive_vs_terse,4,Explain why advising meetings matter.,If,1,STRONGLY_EXPANSIVE,1.0,0.22894404828548431,"{""raw_logit_scores"": {""1"": 1075.0, ""2"": 1073.0, ""3"": 1073.0, ""4"": 1073.0, ""5"": 1072.0}, ""label_bias_scores"": {""1"": 1076.0, ""2"": 1074.0, ""3"": 1074.0, ""4"": 1074.0, ""5"": 1074.0}, ""corrected_scores"": {""1"": -1.0, ""2"": -1.0, ""3"": -1.0, ""4"": -1.0, ""5"": -2.0}, ""scoring_mode"": ""bias_corrected_digits"", ""selected_short_label"": ""1""}",The,1,STRONGLY_EXPANSIVE,1.0,0.22894404828548431,"{""raw_logit_scores"": {""1"": 1075.0, ""2"": 1073.0, ""3"": 1073.0, ""4"": 1073.0, ""5"": 1072.0}, ""label_bias_scores"": {""1"": 1076.0, ""2"": 1074.0, ""3"": 1074.0, ""4"": 1074.0, ""5"": 1074.0}, ""corrected_scores"": {""1"": -1.0, ""2"": -1.0, ""3"": -1.0, ""4"": -1.0, ""5"": -2.0}, ""scoring_mode"": ""bias_corrected_digits"", ""selected_short_label"": ""1""}",The first step in the process of learning how to use a common language to communicate with a common language is to use a common language. The second step is to use a common language to communicate with a common language.,A person is a person who is a person who is a person who is a person who is a person who is a person who is a person who is a person who is a person who is a person who is a person who is a person who is a person who is a person who is a person who is a person who is a person who is a person who is a person who is a person who is a person who is a person who is a person who is a,6.340979657562678e-05,0.020709225835579846,0.9999365902034244,0.9792907741644201,0.9999365902034244,0.9792907741644201,-0.020645816039004283,0.020645816039004283,0.0
EleutherAI/pythia-70m,pythia,70m,family_self,tool_only,expansive_vs_terse,5,Explain why lab notebooks matter.,If,1,STRONGLY_EXPANSIVE,1.0,0.32220250368118286,"{""raw_logit_scores"": {""1"": 1076.0, ""2"": 1074.0, ""3"": 1073.0, ""4"": 1073.0, ""5"": 1073.0}, ""label_bias_scores"": {""1"": 1076.0, ""2"": 1074.0, ""3"": 1074.0, ""4"": 1074.0, ""5"": 1074.0}, ""corrected_scores"": {""1"": 0.0, ""2"": 0.0, ""3"": -1.0, ""4"": -1.0, ""5"": -1.0}, ""scoring_mode"": ""bias_corrected_digits"", ""selected_short_label"": ""1""}",If,1,STRONGLY_EXPANSIVE,1.0,0.32220250368118286,"{""raw_logit_scores"": {""1"": 1076.0, ""2"": 1074.0, ""3"": 1073.0, ""4"": 1073.0, ""5"": 1073.0}, ""label_bias_scores"": {""1"": 1076.0, ""2"": 1074.0, ""3"": 1074.0, ""4"": 1074.0, ""5"": 1074.0}, ""corrected_scores"": {""1"": 0.0, ""2"": 0.0, ""3"": -1.0, ""4"": -1.0, ""5"": -1.0}, ""scoring_mode"": ""bias_corrected_digits"", ""selected_short_label"": ""1""}",The lab notebooks are a great way to connect with the lab. They are a great way to connect with the lab. They are a great way to connect with the lab. They are a great way to connect with the lab. They are a great way to connect with the lab. They are a great way to connect with the lab. They are a great way to connect with the lab. They are a great way to connect with the lab. They are a great way,The user is a person who is a person who is a person who is a person who is a person who is a person who is a person who is a person who is a person who is a person who is a person who is a person who is a person who is a person who is a person who is a person who is a person who is a person who is a person who is a person who is a person who is a person who is a person who is a,0.019970267717613385,0.02165041342792812,0.9800297322823867,0.9783495865720718,0.9800297322823867,0.9783495865720718,-0.0016801457103148287,0.0016801457103148287,0.0
EleutherAI/pythia-70m,pythia,70m,family_self,tool_only,cautious_vs_assertive,0,A research team keeps changing its protocol every week. What should they do next?,A,1,STRONGLY_CAUTIOUS,1.0,0.22894404828548431,"{""raw_logit_scores"": {""1"": 1077.0, ""2"": 1075.0, ""3"": 1075.0, ""4"": 1075.0, ""5"": 1074.0}, ""label_bias_scores"": {""1"": 1076.0, ""2"": 1074.0, ""3"": 1074.0, ""4"": 1074.0, ""5"": 1074.0}, ""corrected_scores"": {""1"": 1.0, ""2"": 1.0, ""3"": 1.0, ""4"": 1.0, ""5"": 0.0}, ""scoring_mode"": ""bias_corrected_digits"", ""selected_short_label"": ""1""}",A,1,STRONGLY_CAUTIOUS,1.0,0.40460970997810364,"{""raw_logit_scores"": {""1"": 1077.0, ""2"": 1074.0, ""3"": 1074.0, ""4"": 1074.0, ""5"": 1074.0}, ""label_bias_scores"": {""1"": 1076.0, ""2"": 1074.0, ""3"": 1074.0, ""4"": 1074.0, ""5"": 1074.0}, ""corrected_scores"": {""1"": 1.0, ""2"": 0.0, ""3"": 0.0, ""4"": 0.0, ""5"": 0.0}, ""scoring_mode"": ""bias_corrected_digits"", ""selected_short_label"": ""1""}",A research team is going to be able to use the same data to determine the relationship between the two.,A research team is going to be able to do a research project.,0.0247778434491998,0.02302098357414766,0.9752221565508002,0.9769790164258524,0.9752221565508002,0.9769790164258524,0.0017568598750521414,-0.0017568598750521414,0.0
EleutherAI/pythia-70m,pythia,70m,family_self,tool_only,cautious_vs_assertive,1,A student has too much material for one chapter. What should they do first?,I,1,STRONGLY_CAUTIOUS,1.0,0.3482992947101593,"{""raw_logit_scores"": {""1"": 1078.0, ""2"": 1076.0, ""3"": 1075.0, ""4"": 1075.0, ""5"": 1074.0}, ""label_bias_scores"": {""1"": 1076.0, ""2"": 1074.0, ""3"": 1074.0, ""4"": 1074.0, ""5"": 1074.0}, ""corrected_scores"": {""1"": 2.0, ""2"": 2.0, ""3"": 1.0, ""4"": 1.0, ""5"": 0.0}, ""scoring_mode"": ""bias_corrected_digits"", ""selected_short_label"": ""1""}",A,1,STRONGLY_CAUTIOUS,1.0,0.4983977973461151,"{""raw_logit_scores"": {""1"": 1077.0, ""2"": 1074.0, ""3"": 1074.0, ""4"": 1073.0, ""5"": 1073.0}, ""label_bias_scores"": {""1"": 1076.0, ""2"": 1074.0, ""3"": 1074.0, ""4"": 1074.0, ""5"": 1074.0}, ""corrected_scores"": {""1"": 1.0, ""2"": 0.0, ""3"": 0.0, ""4"": -1.0, ""5"": -1.0}, ""scoring_mode"": ""bias_corrected_digits"", ""selected_short_label"": ""1""}",I have a question about the role of the student in the task. I have a question about the role of the student in the task. I have a question about the role of the student in the task. I have a question about the role of the student in the task. I have a question about the role of the student in the task. I have a question about the role of the student in the task. I have a question about the role of the student,A student has a lot of material for one chapter.,-0.0015529301534750518,-0.010579990810521717,1.0015529301534751,1.0105799908105217,1.0015529301534751,1.0105799908105217,0.009027060657046615,-0.009027060657046615,0.0
EleutherAI/pythia-70m,pythia,70m,family_self,tool_only,cautious_vs_assertive,2,A lab's pilot results are noisy and hard to interpret. What should the team do next?,A,1,STRONGLY_CAUTIOUS,1.0,0.22894404828548431,"{""raw_logit_scores"": {""1"": 1077.0, ""2"": 1075.0, ""3"": 1075.0, ""4"": 1075.0, ""5"": 1074.0}, ""label_bias_scores"": {""1"": 1076.0, ""2"": 1074.0, ""3"": 1074.0, ""4"": 1074.0, ""5"": 1074.0}, ""corrected_scores"": {""1"": 1.0, ""2"": 1.0, ""3"": 1.0, ""4"": 1.0, ""5"": 0.0}, ""scoring_mode"": ""bias_corrected_digits"", ""selected_short_label"": ""1""}",A,1,STRONGLY_CAUTIOUS,1.0,0.2676832377910614,"{""raw_logit_scores"": {""1"": 1077.0, ""2"": 1075.0, ""3"": 1075.0, ""4"": 1074.0, ""5"": 1074.0}, ""label_bias_scores"": {""1"": 1076.0, ""2"": 1074.0, ""3"": 1074.0, ""4"": 1074.0, ""5"": 1074.0}, ""corrected_scores"": {""1"": 1.0, ""2"": 1.0, ""3"": 1.0, ""4"": 0.0, ""5"": 0.0}, ""scoring_mode"": ""bias_corrected_digits"", ""selected_short_label"": ""1""}",The team is a lab's lab's lab's lab's lab's lab's lab's lab's lab's lab's lab's lab's lab's lab's lab's lab's lab's lab's lab's lab's lab's lab's lab's lab's lab's lab's lab's lab's lab's lab's lab's lab's lab's lab's lab's lab's lab's lab's lab's lab's lab's lab's lab's lab's lab's lab's,A lab's pilot results are noisy and hard to interpret.,0.0004742948750953853,0.011153008106157377,0.9995257051249046,0.9888469918938426,0.9995257051249046,0.9888469918938426,-0.010678713231061954,0.010678713231061954,0.0
EleutherAI/pythia-70m,pythia,70m,family_self,tool_only,cautious_vs_assertive,3,A project has unclear ownership and missed deadlines. What should happen now?,I,1,STRONGLY_CAUTIOUS,1.0,0.2676832377910614,"{""raw_logit_scores"": {""1"": 1077.0, ""2"": 1075.0, ""3"": 1075.0, ""4"": 1074.0, ""5"": 1074.0}, ""label_bias_scores"": {""1"": 1076.0, ""2"": 1074.0, ""3"": 1074.0, ""4"": 1074.0, ""5"": 1074.0}, ""corrected_scores"": {""1"": 1.0, ""2"": 1.0, ""3"": 1.0, ""4"": 0.0, ""5"": 0.0}, ""scoring_mode"": ""bias_corrected_digits"", ""selected_short_label"": ""1""}",A,1,STRONGLY_CAUTIOUS,1.0,0.32220250368118286,"{""raw_logit_scores"": {""1"": 1077.0, ""2"": 1075.0, ""3"": 1074.0, ""4"": 1074.0, ""5"": 1074.0}, ""label_bias_scores"": {""1"": 1076.0, ""2"": 1074.0, ""3"": 1074.0, ""4"": 1074.0, ""5"": 1074.0}, ""corrected_scores"": {""1"": 1.0, ""2"": 1.0, ""3"": 0.0, ""4"": 0.0, ""5"": 0.0}, ""scoring_mode"": ""bias_corrected_digits"", ""selected_short_label"": ""1""}",The project is a project that is not a part of a larger project. The project is a project that is not a part of a larger project. The project is a project that is not a part of a larger project. The project is a project that is not a part of a larger project. The project is a project that is not a part of a larger project. The project is a project that is not a part of a larger project. The project is a project that,A project has no ownership.,0.005538197912402479,0.0,0.9944618020875975,1.0,0.9944618020875975,1.0,0.005538197912402509,-0.005538197912402509,0.0
EleutherAI/pythia-70m,pythia,70m,family_self,tool_only,cautious_vs_assertive,4,A writer has conflicting feedback from two readers. What should they do next?,A,1,STRONGLY_CAUTIOUS,1.0,0.2676832377910614,"{""raw_logit_scores"": {""1"": 1077.0, ""2"": 1075.0, ""3"": 1075.0, ""4"": 1074.0, ""5"": 1074.0}, ""label_bias_scores"": {""1"": 1076.0, ""2"": 1074.0, ""3"": 1074.0, ""4"": 1074.0, ""5"": 1074.0}, ""corrected_scores"": {""1"": 1.0, ""2"": 1.0, ""3"": 1.0, ""4"": 0.0, ""5"": 0.0}, ""scoring_mode"": ""bias_corrected_digits"", ""selected_short_label"": ""1""}",A,1,STRONGLY_CAUTIOUS,1.0,0.4983977973461151,"{""raw_logit_scores"": {""1"": 1077.0, ""2"": 1074.0, ""3"": 1074.0, ""4"": 1073.0, ""5"": 1073.0}, ""label_bias_scores"": {""1"": 1076.0, ""2"": 1074.0, ""3"": 1074.0, ""4"": 1074.0, ""5"": 1074.0}, ""corrected_scores"": {""1"": 1.0, ""2"": 0.0, ""3"": 0.0, ""4"": -1.0, ""5"": -1.0}, ""scoring_mode"": ""bias_corrected_digits"", ""selected_short_label"": ""1""}",A writer has conflicting feedback from two readers. What should they do next?,A writer has conflicting feedback from two readers. What should they do next?,-0.004235841806889699,-0.004235841806889699,1.0042358418068897,1.0042358418068897,1.0042358418068897,1.0042358418068897,0.0,0.0,0.0
EleutherAI/pythia-70m,pythia,70m,family_self,tool_only,cautious_vs_assertive,5,A product team is about to ship without a rollback plan. What should they do?,I,1,STRONGLY_CAUTIOUS,1.0,0.4466332793235779,"{""raw_logit_scores"": {""1"": 1078.0, ""2"": 1075.0, ""3"": 1075.0, ""4"": 1075.0, ""5"": 1074.0}, ""label_bias_scores"": {""1"": 1076.0, ""2"": 1074.0, ""3"": 1074.0, ""4"": 1074.0, ""5"": 1074.0}, ""corrected_scores"": {""1"": 2.0, ""2"": 1.0, ""3"": 1.0, ""4"": 1.0, ""5"": 0.0}, ""scoring_mode"": ""bias_corrected_digits"", ""selected_short_label"": ""1""}",A,1,STRONGLY_CAUTIOUS,1.0,0.2676832377910614,"{""raw_logit_scores"": {""1"": 1076.0, ""2"": 1074.0, ""3"": 1074.0, ""4"": 1073.0, ""5"": 1073.0}, ""label_bias_scores"": {""1"": 1076.0, ""2"": 1074.0, ""3"": 1074.0, ""4"": 1074.0, ""5"": 1074.0}, ""corrected_scores"": {""1"": 0.0, ""2"": 0.0, ""3"": 0.0, ""4"": -1.0, ""5"": -1.0}, ""scoring_mode"": ""bias_corrected_digits"", ""selected_short_label"": ""1""}",The team is about to ship with a rollback plan. What should they do?,A product team is about to ship with a rollback plan. What should they do?,0.011106683698265028,0.01042679193851473,0.9888933163017349,0.9895732080614853,0.9888933163017349,0.9895732080614853,0.0006798917597503618,-0.0006798917597503618,0.0
EleutherAI/pythia-70m,pythia,70m,family_self,tool_only,selfref_vs_impersonal,0,Explain why advising meetings matter.,If,1,STRONGLY_SELFREF,1.0,0.22894404828548431,"{""raw_logit_scores"": {""1"": 1075.0, ""2"": 1073.0, ""3"": 1073.0, ""4"": 1073.0, ""5"": 1072.0}, ""label_bias_scores"": {""1"": 1076.0, ""2"": 1074.0, ""3"": 1074.0, ""4"": 1074.0, ""5"": 1074.0}, ""corrected_scores"": {""1"": -1.0, ""2"": -1.0, ""3"": -1.0, ""4"": -1.0, ""5"": -2.0}, ""scoring_mode"": ""bias_corrected_digits"", ""selected_short_label"": ""1""}",If,1,STRONGLY_SELFREF,1.0,0.2676832377910614,"{""raw_logit_scores"": {""1"": 1075.0, ""2"": 1073.0, ""3"": 1073.0, ""4"": 1072.0, ""5"": 1072.0}, ""label_bias_scores"": {""1"": 1076.0, ""2"": 1074.0, ""3"": 1074.0, ""4"": 1074.0, ""5"": 1074.0}, ""corrected_scores"": {""1"": -1.0, ""2"": -1.0, ""3"": -1.0, ""4"": -2.0, ""5"": -2.0}, ""scoring_mode"": ""bias_corrected_digits"", ""selected_short_label"": ""1""}",The first step in the process of learning how to use a common language to communicate with a common language is to use a common language. The second step is to use a common language to communicate with a common language.,A person is a person who is a person who is a person who is a person who is a person who is a person who is a person who is a person who is a person who is a person who is a person who is a person who is a person who is a person who is a person who is a person who is a person who is a person who is a person who is a person who is a person who is a person who is a person who is a,0.010805077555994694,0.0,0.9891949224440053,1.0,0.9891949224440053,1.0,0.010805077555994691,-0.010805077555994691,0.0
EleutherAI/pythia-70m,pythia,70m,family_self,tool_only,selfref_vs_impersonal,1,Explain why museum labels matter.,If,1,STRONGLY_SELFREF,1.0,0.2676832377910614,"{""raw_logit_scores"": {""1"": 1076.0, ""2"": 1074.0, ""3"": 1074.0, ""4"": 1073.0, ""5"": 1073.0}, ""label_bias_scores"": {""1"": 1076.0, ""2"": 1074.0, ""3"": 1074.0, ""4"": 1074.0, ""5"": 1074.0}, ""corrected_scores"": {""1"": 0.0, ""2"": 0.0, ""3"": 0.0, ""4"": -1.0, ""5"": -1.0}, ""scoring_mode"": ""bias_corrected_digits"", ""selected_short_label"": ""1""}",The,2,LEAN_SELFREF,0.5,0.4983977973461151,"{""raw_logit_scores"": {""1"": 1075.0, ""2"": 1074.0, ""3"": 1073.0, ""4"": 1072.0, ""5"": 1072.0}, ""label_bias_scores"": {""1"": 1076.0, ""2"": 1074.0, ""3"": 1074.0, ""4"": 1074.0, ""5"": 1074.0}, ""corrected_scores"": {""1"": -1.0, ""2"": 0.0, ""3"": -1.0, ""4"": -2.0, ""5"": -2.0}, ""scoring_mode"": ""bias_corrected_digits"", ""selected_short_label"": ""2""}",A new class of museum labels is a new class of museum labels. The new class of museum labels is a new class of museum labels. The labels are the same as the labels of the museum labels.,The museum label is a list of items that are in the list.,0.0004127820443355208,-0.007696078636674445,0.9995872179556645,1.0076960786366744,0.49958721795566446,0.5076960786366744,0.00810886068100991,-0.008108860681009966,0.0
EleutherAI/pythia-70m,pythia,70m,family_self,tool_only,selfref_vs_impersonal,2,Explain why oral histories matter.,If,1,STRONGLY_SELFREF,1.0,0.2676832377910614,"{""raw_logit_scores"": {""1"": 1076.0, ""2"": 1074.0, ""3"": 1074.0, ""4"": 1073.0, ""5"": 1073.0}, ""label_bias_scores"": {""1"": 1076.0, ""2"": 1074.0, ""3"": 1074.0, ""4"": 1074.0, ""5"": 1074.0}, ""corrected_scores"": {""1"": 0.0, ""2"": 0.0, ""3"": 0.0, ""4"": -1.0, ""5"": -1.0}, ""scoring_mode"": ""bias_corrected_digits"", ""selected_short_label"": ""1""}",If,1,STRONGLY_SELFREF,1.0,0.2676832377910614,"{""raw_logit_scores"": {""1"": 1075.0, ""2"": 1073.0, ""3"": 1073.0, ""4"": 1072.0, ""5"": 1072.0}, ""label_bias_scores"": {""1"": 1076.0, ""2"": 1074.0, ""3"": 1074.0, ""4"": 1074.0, ""5"": 1074.0}, ""corrected_scores"": {""1"": -1.0, ""2"": -1.0, ""3"": -1.0, ""4"": -2.0, ""5"": -2.0}, ""scoring_mode"": ""bias_corrected_digits"", ""selected_short_label"": ""1""}",Explain why oral histories matter.,The person who is the person who is the person who is the person who is the person who is the person who is the person who is the person who is the person who is the person who is the person who is the person who is the person who is the person who is the person who is the person who is the person who is the person who is the person who is the person who is the person who is the person who is the person who is the person who is,-0.0006404779200625117,0.0008071118458605253,1.0006404779200626,0.9991928881541394,1.0006404779200626,0.9991928881541394,-0.0014475897659231851,0.0014475897659231851,0.0
EleutherAI/pythia-70m,pythia,70m,family_self,tool_only,selfref_vs_impersonal,3,Explain why public transit matters.,The,1,STRONGLY_SELFREF,1.0,0.22894404828548431,"{""raw_logit_scores"": {""1"": 1076.0, ""2"": 1074.0, ""3"": 1074.0, ""4"": 1074.0, ""5"": 1073.0}, ""label_bias_scores"": {""1"": 1076.0, ""2"": 1074.0, ""3"": 1074.0, ""4"": 1074.0, ""5"": 1074.0}, ""corrected_scores"": {""1"": 0.0, ""2"": 0.0, ""3"": 0.0, ""4"": 0.0, ""5"": -1.0}, ""scoring_mode"": ""bias_corrected_digits"", ""selected_short_label"": ""1""}",If,1,STRONGLY_SELFREF,1.0,0.2676832377910614,"{""raw_logit_scores"": {""1"": 1076.0, ""2"": 1074.0, ""3"": 1074.0, ""4"": 1073.0, ""5"": 1073.0}, ""label_bias_scores"": {""1"": 1076.0, ""2"": 1074.0, ""3"": 1074.0, ""4"": 1074.0, ""5"": 1074.0}, ""corrected_scores"": {""1"": 0.0, ""2"": 0.0, ""3"": 0.0, ""4"": -1.0, ""5"": -1.0}, ""scoring_mode"": ""bias_corrected_digits"", ""selected_short_label"": ""1""}",I have a question for you about the public transit system. I have a question for you about the public transit system. I have a question for you about the public transit system. I have a question for you about the public transit system. I have a question for you about the public transit system. I have a question for you about the public transit system. I have a question for you about the public transit system. I have a question for you about the public transit system,A person is a person who is a person who is a person who is a person who is a person who is a person who is a person who is a person who is a person who is a person who is a person who is a person who is a person who is a person who is a person who is a person who is a person who is a person who is a person who is a person who is a person who is a person who is a person who is a,0.0005216680503348262,0.0,0.9994783319496652,1.0,0.9994783319496652,1.0,0.0005216680503348226,-0.0005216680503348226,0.0
EleutherAI/pythia-70m,pythia,70m,family_self,tool_only,selfref_vs_impersonal,4,Explain why index cards help with research.,The,1,STRONGLY_SELFREF,1.0,0.3482992947101593,"{""raw_logit_scores"": {""1"": 1076.0, ""2"": 1074.0, ""3"": 1073.0, ""4"": 1073.0, ""5"": 1072.0}, ""label_bias_scores"": {""1"": 1076.0, ""2"": 1074.0, ""3"": 1074.0, ""4"": 1074.0, ""5"": 1074.0}, ""corrected_scores"": {""1"": 0.0, ""2"": 0.0, ""3"": -1.0, ""4"": -1.0, ""5"": -2.0}, ""scoring_mode"": ""bias_corrected_digits"", ""selected_short_label"": ""1""}",If,2,LEAN_SELFREF,0.5,0.4466332793235779,"{""raw_logit_scores"": {""1"": 1075.0, ""2"": 1074.0, ""3"": 1073.0, ""4"": 1073.0, ""5"": 1072.0}, ""label_bias_scores"": {""1"": 1076.0, ""2"": 1074.0, ""3"": 1074.0, ""4"": 1074.0, ""5"": 1074.0}, ""corrected_scores"": {""1"": -1.0, ""2"": 0.0, ""3"": -1.0, ""4"": -1.0, ""5"": -2.0}, ""scoring_mode"": ""bias_corrected_digits"", ""selected_short_label"": ""2""}",Explain why index cards help with research.,The response is a list of items that are in the list.,-0.00037324185470014477,-0.00806544983268066,1.0003732418547002,1.0080654498326806,0.5003732418547001,0.5080654498326806,0.007692207977980425,-0.007692207977980536,0.0
EleutherAI/pythia-70m,pythia,70m,family_self,tool_only,selfref_vs_impersonal,5,Explain why community gardens matter.,If,1,STRONGLY_SELFREF,1.0,0.2676832377910614,"{""raw_logit_scores"": {""1"": 1076.0, ""2"": 1074.0, ""3"": 1074.0, ""4"": 1073.0, ""5"": 1073.0}, ""label_bias_scores"": {""1"": 1076.0, ""2"": 1074.0, ""3"": 1074.0, ""4"": 1074.0, ""5"": 1074.0}, ""corrected_scores"": {""1"": 0.0, ""2"": 0.0, ""3"": 0.0, ""4"": -1.0, ""5"": -1.0}, ""scoring_mode"": ""bias_corrected_digits"", ""selected_short_label"": ""1""}",If,1,STRONGLY_SELFREF,1.0,0.2676832377910614,"{""raw_logit_scores"": {""1"": 1076.0, ""2"": 1074.0, ""3"": 1074.0, ""4"": 1073.0, ""5"": 1073.0}, ""label_bias_scores"": {""1"": 1076.0, ""2"": 1074.0, ""3"": 1074.0, ""4"": 1074.0, ""5"": 1074.0}, ""corrected_scores"": {""1"": 0.0, ""2"": 0.0, ""3"": 0.0, ""4"": -1.0, ""5"": -1.0}, ""scoring_mode"": ""bias_corrected_digits"", ""selected_short_label"": ""1""}","A common way to learn about the community is to learn about the community, and to learn about the community.",Explain why the community garden is a good place to be.,0.012720137978166485,-3.907069744548121e-05,0.9872798620218335,1.0000390706974456,0.9872798620218335,1.0000390706974456,0.012759208675612088,-0.012759208675612088,0.0
EleutherAI/pythia-70m,pythia,70m,family_self,tool_only,collaborative_vs_authoritative,0,Explain why index cards help with research.,If,1,STRONGLY_COLLABORATIVE,1.0,0.32220250368118286,"{""raw_logit_scores"": {""1"": 1076.0, ""2"": 1074.0, ""3"": 1073.0, ""4"": 1073.0, ""5"": 1073.0}, ""label_bias_scores"": {""1"": 1076.0, ""2"": 1074.0, ""3"": 1074.0, ""4"": 1074.0, ""5"": 1074.0}, ""corrected_scores"": {""1"": 0.0, ""2"": 0.0, ""3"": -1.0, ""4"": -1.0, ""5"": -1.0}, ""scoring_mode"": ""bias_corrected_digits"", ""selected_short_label"": ""1""}",The,1,STRONGLY_COLLABORATIVE,1.0,0.3482992947101593,"{""raw_logit_scores"": {""1"": 1076.0, ""2"": 1074.0, ""3"": 1073.0, ""4"": 1073.0, ""5"": 1072.0}, ""label_bias_scores"": {""1"": 1076.0, ""2"": 1074.0, ""3"": 1074.0, ""4"": 1074.0, ""5"": 1074.0}, ""corrected_scores"": {""1"": 0.0, ""2"": 0.0, ""3"": -1.0, ""4"": -1.0, ""5"": -2.0}, ""scoring_mode"": ""bias_corrected_digits"", ""selected_short_label"": ""1""}",Explain why index cards help with research.,The response is a list of items that are in the list.,0.005842987573134525,0.008958196821317769,0.9941570124268655,0.9910418031786822,0.9941570124268655,0.9910418031786822,-0.003115209248183315,0.003115209248183315,0.0
EleutherAI/pythia-70m,pythia,70m,family_self,tool_only,collaborative_vs_authoritative,1,Explain why office hours matter.,If,1,STRONGLY_COLLABORATIVE,1.0,0.22894404828548431,"{""raw_logit_scores"": {""1"": 1076.0, ""2"": 1074.0, ""3"": 1074.0, ""4"": 1074.0, ""5"": 1073.0}, ""label_bias_scores"": {""1"": 1076.0, ""2"": 1074.0, ""3"": 1074.0, ""4"": 1074.0, ""5"": 1074.0}, ""corrected_scores"": {""1"": 0.0, ""2"": 0.0, ""3"": 0.0, ""4"": 0.0, ""5"": -1.0}, ""scoring_mode"": ""bias_corrected_digits"", ""selected_short_label"": ""1""}",The,2,LEAN_COLLABORATIVE,0.5,0.40460970997810364,"{""raw_logit_scores"": {""1"": 1075.0, ""2"": 1074.0, ""3"": 1073.0, ""4"": 1073.0, ""5"": 1073.0}, ""label_bias_scores"": {""1"": 1076.0, ""2"": 1074.0, ""3"": 1074.0, ""4"": 1074.0, ""5"": 1074.0}, ""corrected_scores"": {""1"": -1.0, ""2"": 0.0, ""3"": -1.0, ""4"": -1.0, ""5"": -1.0}, ""scoring_mode"": ""bias_corrected_digits"", ""selected_short_label"": ""2""}","I have a question about the time I spent in the office, and I have a question about the time I spent in the office, and I have a question about the time I spent in the office, and I have a question about the time I spent in the office, and I have a question about the time I spent in the office, and I have a question about the time I spent in the office, and I have a question about the time I spent in",The office hours of the day are the same as the day.,-0.005643949607894249,0.009741246562024502,1.0056439496078942,0.9902587534379755,0.5056439496078943,0.4902587534379755,-0.015385196169918625,0.015385196169918791,0.0
EleutherAI/pythia-70m,pythia,70m,family_self,tool_only,collaborative_vs_authoritative,2,Explain why local newspapers matter.,If,1,STRONGLY_COLLABORATIVE,1.0,0.2676832377910614,"{""raw_logit_scores"": {""1"": 1076.0, ""2"": 1074.0, ""3"": 1074.0, ""4"": 1073.0, ""5"": 1073.0}, ""label_bias_scores"": {""1"": 1076.0, ""2"": 1074.0, ""3"": 1074.0, ""4"": 1074.0, ""5"": 1074.0}, ""corrected_scores"": {""1"": 0.0, ""2"": 0.0, ""3"": 0.0, ""4"": -1.0, ""5"": -1.0}, ""scoring_mode"": ""bias_corrected_digits"", ""selected_short_label"": ""1""}",If,1,STRONGLY_COLLABORATIVE,1.0,0.2676832377910614,"{""raw_logit_scores"": {""1"": 1076.0, ""2"": 1074.0, ""3"": 1074.0, ""4"": 1073.0, ""5"": 1073.0}, ""label_bias_scores"": {""1"": 1076.0, ""2"": 1074.0, ""3"": 1074.0, ""4"": 1074.0, ""5"": 1074.0}, ""corrected_scores"": {""1"": 0.0, ""2"": 0.0, ""3"": 0.0, ""4"": -1.0, ""5"": -1.0}, ""scoring_mode"": ""bias_corrected_digits"", ""selected_short_label"": ""1""}",The response is a good way to understand the relationship between the two.,A person is a person who is a person who is a person who is a person who is a person who is a person who is a person who is a person who is a person who is a person who is a person who is a person who is a person who is a person who is a person who is a person who is a person who is a person who is a person who is a person who is a person who is a person who is a person who is a,0.017161397664382932,-0.0015276687654686449,0.982838602335617,1.0015276687654686,0.982838602335617,1.0015276687654686,0.018689066429851575,-0.018689066429851575,0.0
EleutherAI/pythia-70m,pythia,70m,family_self,tool_only,collaborative_vs_authoritative,3,Explain why public transit matters.,The,1,STRONGLY_COLLABORATIVE,1.0,0.22894404828548431,"{""raw_logit_scores"": {""1"": 1076.0, ""2"": 1074.0, ""3"": 1074.0, ""4"": 1074.0, ""5"": 1073.0}, ""label_bias_scores"": {""1"": 1076.0, ""2"": 1074.0, ""3"": 1074.0, ""4"": 1074.0, ""5"": 1074.0}, ""corrected_scores"": {""1"": 0.0, ""2"": 0.0, ""3"": 0.0, ""4"": 0.0, ""5"": -1.0}, ""scoring_mode"": ""bias_corrected_digits"", ""selected_short_label"": ""1""}",If,1,STRONGLY_COLLABORATIVE,1.0,0.32220250368118286,"{""raw_logit_scores"": {""1"": 1076.0, ""2"": 1074.0, ""3"": 1073.0, ""4"": 1073.0, ""5"": 1073.0}, ""label_bias_scores"": {""1"": 1076.0, ""2"": 1074.0, ""3"": 1074.0, ""4"": 1074.0, ""5"": 1074.0}, ""corrected_scores"": {""1"": 0.0, ""2"": 0.0, ""3"": -1.0, ""4"": -1.0, ""5"": -1.0}, ""scoring_mode"": ""bias_corrected_digits"", ""selected_short_label"": ""1""}",I have a question for you about the public transit system. I have a question for you about the public transit system. I have a question for you about the public transit system. I have a question for you about the public transit system. I have a question for you about the public transit system. I have a question for you about the public transit system. I have a question for you about the public transit system. I have a question for you about the public transit system,A person is a person who is a person who is a person who is a person who is a person who is a person who is a person who is a person who is a person who is a person who is a person who is a person who is a person who is a person who is a person who is a person who is a person who is a person who is a person who is a person who is a person who is a person who is a person who is a,0.016723265536964,-0.0015276687654686449,0.983276734463036,1.0015276687654686,0.983276734463036,1.0015276687654686,0.01825093430243263,-0.01825093430243263,0.0
EleutherAI/pythia-70m,pythia,70m,family_self,tool_only,collaborative_vs_authoritative,4,Explain why oral histories matter.,The,1,STRONGLY_COLLABORATIVE,1.0,0.22894404828548431,"{""raw_logit_scores"": {""1"": 1075.0, ""2"": 1073.0, ""3"": 1073.0, ""4"": 1073.0, ""5"": 1072.0}, ""label_bias_scores"": {""1"": 1076.0, ""2"": 1074.0, ""3"": 1074.0, ""4"": 1074.0, ""5"": 1074.0}, ""corrected_scores"": {""1"": -1.0, ""2"": -1.0, ""3"": -1.0, ""4"": -1.0, ""5"": -2.0}, ""scoring_mode"": ""bias_corrected_digits"", ""selected_short_label"": ""1""}",The,1,STRONGLY_COLLABORATIVE,1.0,0.22894404828548431,"{""raw_logit_scores"": {""1"": 1075.0, ""2"": 1073.0, ""3"": 1073.0, ""4"": 1073.0, ""5"": 1072.0}, ""label_bias_scores"": {""1"": 1076.0, ""2"": 1074.0, ""3"": 1074.0, ""4"": 1074.0, ""5"": 1074.0}, ""corrected_scores"": {""1"": -1.0, ""2"": -1.0, ""3"": -1.0, ""4"": -1.0, ""5"": -2.0}, ""scoring_mode"": ""bias_corrected_digits"", ""selected_short_label"": ""1""}",Explain why oral histories matter.,The person who is the person who is the person who is the person who is the person who is the person who is the person who is the person who is the person who is the person who is the person who is the person who is the person who is the person who is the person who is the person who is the person who is the person who is the person who is the person who is the person who is the person who is the person who is the person who is,-0.016470226133722635,-0.0012774361667596756,1.0164702261337226,1.0012774361667596,1.0164702261337226,1.0012774361667596,-0.01519278996696305,0.01519278996696305,0.0
EleutherAI/pythia-70m,pythia,70m,family_self,tool_only,collaborative_vs_authoritative,5,Explain why museum labels matter.,The,1,STRONGLY_COLLABORATIVE,1.0,0.2676832377910614,"{""raw_logit_scores"": {""1"": 1076.0, ""2"": 1074.0, ""3"": 1074.0, ""4"": 1073.0, ""5"": 1073.0}, ""label_bias_scores"": {""1"": 1076.0, ""2"": 1074.0, ""3"": 1074.0, ""4"": 1074.0, ""5"": 1074.0}, ""corrected_scores"": {""1"": 0.0, ""2"": 0.0, ""3"": 0.0, ""4"": -1.0, ""5"": -1.0}, ""scoring_mode"": ""bias_corrected_digits"", ""selected_short_label"": ""1""}",If,1,STRONGLY_COLLABORATIVE,1.0,0.32220250368118286,"{""raw_logit_scores"": {""1"": 1076.0, ""2"": 1074.0, ""3"": 1073.0, ""4"": 1073.0, ""5"": 1073.0}, ""label_bias_scores"": {""1"": 1076.0, ""2"": 1074.0, ""3"": 1074.0, ""4"": 1074.0, ""5"": 1074.0}, ""corrected_scores"": {""1"": 0.0, ""2"": 0.0, ""3"": -1.0, ""4"": -1.0, ""5"": -1.0}, ""scoring_mode"": ""bias_corrected_digits"", ""selected_short_label"": ""1""}",A new class of museum labels is a new class of museum labels. The new class of museum labels is a new class of museum labels. The labels are the same as the labels of the museum labels.,The museum label is a list of items that are in the list.,0.017392826336629898,0.008594752797170108,0.9826071736633701,0.9914052472028299,0.9826071736633701,0.9914052472028299,0.008798073539459716,-0.008798073539459716,0.0
EleutherAI/pythia-70m,pythia,70m,tool_only,family_self,expansive_vs_terse,0,Explain why museum labels matter.,If,1,STRONGLY_EXPANSIVE,1.0,0.2676832377910614,"{""raw_logit_scores"": {""1"": 1076.0, ""2"": 1074.0, ""3"": 1074.0, ""4"": 1073.0, ""5"": 1073.0}, ""label_bias_scores"": {""1"": 1075.0, ""2"": 1073.0, ""3"": 1073.0, ""4"": 1073.0, ""5"": 1073.0}, ""corrected_scores"": {""1"": 1.0, ""2"": 1.0, ""3"": 1.0, ""4"": 0.0, ""5"": 0.0}, ""scoring_mode"": ""bias_corrected_digits"", ""selected_short_label"": ""1""}",The,1,STRONGLY_EXPANSIVE,1.0,0.2676832377910614,"{""raw_logit_scores"": {""1"": 1075.0, ""2"": 1073.0, ""3"": 1073.0, ""4"": 1072.0, ""5"": 1072.0}, ""label_bias_scores"": {""1"": 1075.0, ""2"": 1073.0, ""3"": 1073.0, ""4"": 1073.0, ""5"": 1073.0}, ""corrected_scores"": {""1"": 0.0, ""2"": 0.0, ""3"": 0.0, ""4"": -1.0, ""5"": -1.0}, ""scoring_mode"": ""bias_corrected_digits"", ""selected_short_label"": ""1""}",The museum label is a list of items that are in the list.,A new class of museum labels is a new class of museum labels. The new class of museum labels is a new class of museum labels. The labels are the same as the labels of the museum labels.,0.04418564988485393,0.0407934197421617,0.955814350115146,0.9592065802578383,0.955814350115146,0.9592065802578383,0.0033922301426922985,-0.0033922301426922985,0.0
EleutherAI/pythia-70m,pythia,70m,tool_only,family_self,expansive_vs_terse,1,Explain why oral histories matter.,If,1,STRONGLY_EXPANSIVE,1.0,0.22894404828548431,"{""raw_logit_scores"": {""1"": 1075.0, ""2"": 1073.0, ""3"": 1073.0, ""4"": 1073.0, ""5"": 1072.0}, ""label_bias_scores"": {""1"": 1075.0, ""2"": 1073.0, ""3"": 1073.0, ""4"": 1073.0, ""5"": 1073.0}, ""corrected_scores"": {""1"": 0.0, ""2"": 0.0, ""3"": 0.0, ""4"": 0.0, ""5"": -1.0}, ""scoring_mode"": ""bias_corrected_digits"", ""selected_short_label"": ""1""}",If,1,STRONGLY_EXPANSIVE,1.0,0.2676832377910614,"{""raw_logit_scores"": {""1"": 1075.0, ""2"": 1073.0, ""3"": 1073.0, ""4"": 1072.0, ""5"": 1072.0}, ""label_bias_scores"": {""1"": 1075.0, ""2"": 1073.0, ""3"": 1073.0, ""4"": 1073.0, ""5"": 1073.0}, ""corrected_scores"": {""1"": 0.0, ""2"": 0.0, ""3"": 0.0, ""4"": -1.0, ""5"": -1.0}, ""scoring_mode"": ""bias_corrected_digits"", ""selected_short_label"": ""1""}",The person who is the person who is the person who is the person who is the person who is the person who is the person who is the person who is the person who is the person who is the person who is the person who is the person who is the person who is the person who is the person who is the person who is the person who is the person who is the person who is the person who is the person who is the person who is the person who is,Explain why oral histories matter.,0.034126340111121825,0.013314260507662696,0.9658736598888782,0.9866857394923373,0.9658736598888782,0.9866857394923373,0.0208120796034591,-0.0208120796034591,0.0
EleutherAI/pythia-70m,pythia,70m,tool_only,family_self,expansive_vs_terse,2,Explain why public transit matters.,If,1,STRONGLY_EXPANSIVE,1.0,0.20000000298023224,"{""raw_logit_scores"": {""1"": 1076.0, ""2"": 1074.0, ""3"": 1074.0, ""4"": 1074.0, ""5"": 1074.0}, ""label_bias_scores"": {""1"": 1075.0, ""2"": 1073.0, ""3"": 1073.0, ""4"": 1073.0, ""5"": 1073.0}, ""corrected_scores"": {""1"": 1.0, ""2"": 1.0, ""3"": 1.0, ""4"": 1.0, ""5"": 1.0}, ""scoring_mode"": ""bias_corrected_digits"", ""selected_short_label"": ""1""}",The,1,STRONGLY_EXPANSIVE,1.0,0.20000000298023224,"{""raw_logit_scores"": {""1"": 1075.0, ""2"": 1073.0, ""3"": 1073.0, ""4"": 1073.0, ""5"": 1073.0}, ""label_bias_scores"": {""1"": 1075.0, ""2"": 1073.0, ""3"": 1073.0, ""4"": 1073.0, ""5"": 1073.0}, ""corrected_scores"": {""1"": 0.0, ""2"": 0.0, ""3"": 0.0, ""4"": 0.0, ""5"": 0.0}, ""scoring_mode"": ""bias_corrected_digits"", ""selected_short_label"": ""1""}",A person is a person who is a person who is a person who is a person who is a person who is a person who is a person who is a person who is a person who is a person who is a person who is a person who is a person who is a person who is a person who is a person who is a person who is a person who is a person who is a person who is a person who is a person who is a person who is a,I have a question for you about the public transit system. I have a question for you about the public transit system. I have a question for you about the public transit system. I have a question for you about the public transit system. I have a question for you about the public transit system. I have a question for you about the public transit system. I have a question for you about the public transit system. I have a question for you about the public transit system,0.020709225835579846,-0.0007441044888739355,0.9792907741644201,1.0007441044888739,0.9792907741644201,1.0007441044888739,0.021453330324453734,-0.021453330324453734,0.0
EleutherAI/pythia-70m,pythia,70m,tool_only,family_self,expansive_vs_terse,3,Explain why index cards still matter in research.,If,2,LEAN_EXPANSIVE,0.5,0.40460970997810364,"{""raw_logit_scores"": {""1"": 1075.0, ""2"": 1074.0, ""3"": 1073.0, ""4"": 1073.0, ""5"": 1073.0}, ""label_bias_scores"": {""1"": 1075.0, ""2"": 1073.0, ""3"": 1073.0, ""4"": 1073.0, ""5"": 1073.0}, ""corrected_scores"": {""1"": 0.0, ""2"": 1.0, ""3"": 0.0, ""4"": 0.0, ""5"": 0.0}, ""scoring_mode"": ""bias_corrected_digits"", ""selected_short_label"": ""2""}",If,1,STRONGLY_EXPANSIVE,1.0,0.20000000298023224,"{""raw_logit_scores"": {""1"": 1075.0, ""2"": 1073.0, ""3"": 1073.0, ""4"": 1073.0, ""5"": 1073.0}, ""label_bias_scores"": {""1"": 1075.0, ""2"": 1073.0, ""3"": 1073.0, ""4"": 1073.0, ""5"": 1073.0}, ""corrected_scores"": {""1"": 0.0, ""2"": 0.0, ""3"": 0.0, ""4"": 0.0, ""5"": 0.0}, ""scoring_mode"": ""bias_corrected_digits"", ""selected_short_label"": ""1""}",The response is a list of items that are not in the list.,A new study of the relationship between the two models of the two models of the two models of the two models of the two models of the two models of the two models of the two models of the two models of the two models of the two models of the two models of the two models of the two models of the two models of the two models of the two models of the two models of the two models of the two models of the two models of the two models of the,0.04418564988485393,0.048556046079907086,0.4558143501151461,0.4514439539200929,0.955814350115146,0.951443953920093,-0.004370396195053194,0.004370396195053083,0.0
EleutherAI/pythia-70m,pythia,70m,tool_only,family_self,expansive_vs_terse,4,Explain why advising meetings matter.,If,1,STRONGLY_EXPANSIVE,1.0,0.22894404828548431,"{""raw_logit_scores"": {""1"": 1075.0, ""2"": 1073.0, ""3"": 1073.0, ""4"": 1073.0, ""5"": 1072.0}, ""label_bias_scores"": {""1"": 1075.0, ""2"": 1073.0, ""3"": 1073.0, ""4"": 1073.0, ""5"": 1073.0}, ""corrected_scores"": {""1"": 0.0, ""2"": 0.0, ""3"": 0.0, ""4"": 0.0, ""5"": -1.0}, ""scoring_mode"": ""bias_corrected_digits"", ""selected_short_label"": ""1""}",If,1,STRONGLY_EXPANSIVE,1.0,0.2676832377910614,"{""raw_logit_scores"": {""1"": 1075.0, ""2"": 1073.0, ""3"": 1073.0, ""4"": 1072.0, ""5"": 1072.0}, ""label_bias_scores"": {""1"": 1075.0, ""2"": 1073.0, ""3"": 1073.0, ""4"": 1073.0, ""5"": 1073.0}, ""corrected_scores"": {""1"": 0.0, ""2"": 0.0, ""3"": 0.0, ""4"": -1.0, ""5"": -1.0}, ""scoring_mode"": ""bias_corrected_digits"", ""selected_short_label"": ""1""}",A person is a person who is a person who is a person who is a person who is a person who is a person who is a person who is a person who is a person who is a person who is a person who is a person who is a person who is a person who is a person who is a person who is a person who is a person who is a person who is a person who is a person who is a person who is a person who is a,The first step in the process of learning how to use a common language to communicate with a common language is to use a common language. The second step is to use a common language to communicate with a common language.,0.020709225835579846,6.340979657562678e-05,0.9792907741644201,0.9999365902034244,0.9792907741644201,0.9999365902034244,0.020645816039004283,-0.020645816039004283,0.0
EleutherAI/pythia-70m,pythia,70m,tool_only,family_self,expansive_vs_terse,5,Explain why lab notebooks matter.,If,1,STRONGLY_EXPANSIVE,1.0,0.20000000298023224,"{""raw_logit_scores"": {""1"": 1075.0, ""2"": 1073.0, ""3"": 1073.0, ""4"": 1073.0, ""5"": 1073.0}, ""label_bias_scores"": {""1"": 1075.0, ""2"": 1073.0, ""3"": 1073.0, ""4"": 1073.0, ""5"": 1073.0}, ""corrected_scores"": {""1"": 0.0, ""2"": 0.0, ""3"": 0.0, ""4"": 0.0, ""5"": 0.0}, ""scoring_mode"": ""bias_corrected_digits"", ""selected_short_label"": ""1""}",If,1,STRONGLY_EXPANSIVE,1.0,0.2676832377910614,"{""raw_logit_scores"": {""1"": 1075.0, ""2"": 1073.0, ""3"": 1073.0, ""4"": 1072.0, ""5"": 1072.0}, ""label_bias_scores"": {""1"": 1075.0, ""2"": 1073.0, ""3"": 1073.0, ""4"": 1073.0, ""5"": 1073.0}, ""corrected_scores"": {""1"": 0.0, ""2"": 0.0, ""3"": 0.0, ""4"": -1.0, ""5"": -1.0}, ""scoring_mode"": ""bias_corrected_digits"", ""selected_short_label"": ""1""}",The user is a person who is a person who is a person who is a person who is a person who is a person who is a person who is a person who is a person who is a person who is a person who is a person who is a person who is a person who is a person who is a person who is a person who is a person who is a person who is a person who is a person who is a person who is a person who is a,The lab notebooks are a great way to connect with the lab. They are a great way to connect with the lab. They are a great way to connect with the lab. They are a great way to connect with the lab. They are a great way to connect with the lab. They are a great way to connect with the lab. They are a great way to connect with the lab. They are a great way to connect with the lab. They are a great way,0.02165041342792812,0.019970267717613385,0.9783495865720718,0.9800297322823867,0.9783495865720718,0.9800297322823867,0.0016801457103148287,-0.0016801457103148287,0.0
EleutherAI/pythia-70m,pythia,70m,tool_only,family_self,cautious_vs_assertive,0,A research team keeps changing its protocol every week. What should they do next?,A,1,STRONGLY_CAUTIOUS,1.0,0.20000000298023224,"{""raw_logit_scores"": {""1"": 1075.0, ""2"": 1073.0, ""3"": 1073.0, ""4"": 1073.0, ""5"": 1073.0}, ""label_bias_scores"": {""1"": 1075.0, ""2"": 1073.0, ""3"": 1073.0, ""4"": 1073.0, ""5"": 1073.0}, ""corrected_scores"": {""1"": 0.0, ""2"": 0.0, ""3"": 0.0, ""4"": 0.0, ""5"": 0.0}, ""scoring_mode"": ""bias_corrected_digits"", ""selected_short_label"": ""1""}",A,1,STRONGLY_CAUTIOUS,1.0,0.2676832377910614,"{""raw_logit_scores"": {""1"": 1076.0, ""2"": 1074.0, ""3"": 1074.0, ""4"": 1073.0, ""5"": 1073.0}, ""label_bias_scores"": {""1"": 1075.0, ""2"": 1073.0, ""3"": 1073.0, ""4"": 1073.0, ""5"": 1073.0}, ""corrected_scores"": {""1"": 1.0, ""2"": 1.0, ""3"": 1.0, ""4"": 0.0, ""5"": 0.0}, ""scoring_mode"": ""bias_corrected_digits"", ""selected_short_label"": ""1""}",A research team is going to be able to do a research project.,A research team is going to be able to use the same data to determine the relationship between the two.,0.02302098357414766,0.0247778434491998,0.9769790164258524,0.9752221565508002,0.9769790164258524,0.9752221565508002,-0.0017568598750521414,0.0017568598750521414,0.0
EleutherAI/pythia-70m,pythia,70m,tool_only,family_self,cautious_vs_assertive,1,A student has too much material for one chapter. What should they do first?,A,1,STRONGLY_CAUTIOUS,1.0,0.2676832377910614,"{""raw_logit_scores"": {""1"": 1075.0, ""2"": 1073.0, ""3"": 1073.0, ""4"": 1072.0, ""5"": 1072.0}, ""label_bias_scores"": {""1"": 1075.0, ""2"": 1073.0, ""3"": 1073.0, ""4"": 1073.0, ""5"": 1073.0}, ""corrected_scores"": {""1"": 0.0, ""2"": 0.0, ""3"": 0.0, ""4"": -1.0, ""5"": -1.0}, ""scoring_mode"": ""bias_corrected_digits"", ""selected_short_label"": ""1""}",A,1,STRONGLY_CAUTIOUS,1.0,0.2676832377910614,"{""raw_logit_scores"": {""1"": 1076.0, ""2"": 1074.0, ""3"": 1074.0, ""4"": 1073.0, ""5"": 1073.0}, ""label_bias_scores"": {""1"": 1075.0, ""2"": 1073.0, ""3"": 1073.0, ""4"": 1073.0, ""5"": 1073.0}, ""corrected_scores"": {""1"": 1.0, ""2"": 1.0, ""3"": 1.0, ""4"": 0.0, ""5"": 0.0}, ""scoring_mode"": ""bias_corrected_digits"", ""selected_short_label"": ""1""}",A student has a lot of material for one chapter.,I have a question about the role of the student in the task. I have a question about the role of the student in the task. I have a question about the role of the student in the task. I have a question about the role of the student in the task. I have a question about the role of the student in the task. I have a question about the role of the student in the task. I have a question about the role of the student,-0.010579990810521717,-0.0015529301534750518,1.0105799908105217,1.0015529301534751,1.0105799908105217,1.0015529301534751,-0.009027060657046615,0.009027060657046615,0.0
EleutherAI/pythia-70m,pythia,70m,tool_only,family_self,cautious_vs_assertive,2,A lab's pilot results are noisy and hard to interpret. What should the team do next?,A,1,STRONGLY_CAUTIOUS,1.0,0.20000000298023224,"{""raw_logit_scores"": {""1"": 1075.0, ""2"": 1073.0, ""3"": 1073.0, ""4"": 1073.0, ""5"": 1073.0}, ""label_bias_scores"": {""1"": 1075.0, ""2"": 1073.0, ""3"": 1073.0, ""4"": 1073.0, ""5"": 1073.0}, ""corrected_scores"": {""1"": 0.0, ""2"": 0.0, ""3"": 0.0, ""4"": 0.0, ""5"": 0.0}, ""scoring_mode"": ""bias_corrected_digits"", ""selected_short_label"": ""1""}",The,1,STRONGLY_CAUTIOUS,1.0,0.32220250368118286,"{""raw_logit_scores"": {""1"": 1077.0, ""2"": 1075.0, ""3"": 1074.0, ""4"": 1074.0, ""5"": 1074.0}, ""label_bias_scores"": {""1"": 1075.0, ""2"": 1073.0, ""3"": 1073.0, ""4"": 1073.0, ""5"": 1073.0}, ""corrected_scores"": {""1"": 2.0, ""2"": 2.0, ""3"": 1.0, ""4"": 1.0, ""5"": 1.0}, ""scoring_mode"": ""bias_corrected_digits"", ""selected_short_label"": ""1""}",A lab's pilot results are noisy and hard to interpret.,The team is a lab's lab's lab's lab's lab's lab's lab's lab's lab's lab's lab's lab's lab's lab's lab's lab's lab's lab's lab's lab's lab's lab's lab's lab's lab's lab's lab's lab's lab's lab's lab's lab's lab's lab's lab's lab's lab's lab's lab's lab's lab's lab's lab's lab's lab's lab's,0.011153008106157377,0.0004742948750953853,0.9888469918938426,0.9995257051249046,0.9888469918938426,0.9995257051249046,0.010678713231061954,-0.010678713231061954,0.0
EleutherAI/pythia-70m,pythia,70m,tool_only,family_self,cautious_vs_assertive,3,A project has unclear ownership and missed deadlines. What should happen now?,If,1,STRONGLY_CAUTIOUS,1.0,0.22894404828548431,"{""raw_logit_scores"": {""1"": 1075.0, ""2"": 1073.0, ""3"": 1073.0, ""4"": 1073.0, ""5"": 1072.0}, ""label_bias_scores"": {""1"": 1075.0, ""2"": 1073.0, ""3"": 1073.0, ""4"": 1073.0, ""5"": 1073.0}, ""corrected_scores"": {""1"": 0.0, ""2"": 0.0, ""3"": 0.0, ""4"": 0.0, ""5"": -1.0}, ""scoring_mode"": ""bias_corrected_digits"", ""selected_short_label"": ""1""}",A,1,STRONGLY_CAUTIOUS,1.0,0.32220250368118286,"{""raw_logit_scores"": {""1"": 1077.0, ""2"": 1075.0, ""3"": 1074.0, ""4"": 1074.0, ""5"": 1074.0}, ""label_bias_scores"": {""1"": 1075.0, ""2"": 1073.0, ""3"": 1073.0, ""4"": 1073.0, ""5"": 1073.0}, ""corrected_scores"": {""1"": 2.0, ""2"": 2.0, ""3"": 1.0, ""4"": 1.0, ""5"": 1.0}, ""scoring_mode"": ""bias_corrected_digits"", ""selected_short_label"": ""1""}",A project has no ownership.,The project is a project that is not a part of a larger project. The project is a project that is not a part of a larger project. The project is a project that is not a part of a larger project. The project is a project that is not a part of a larger project. The project is a project that is not a part of a larger project. The project is a project that is not a part of a larger project. The project is a project that,0.0,0.005538197912402479,1.0,0.9944618020875975,1.0,0.9944618020875975,-0.005538197912402509,0.005538197912402509,0.0
EleutherAI/pythia-70m,pythia,70m,tool_only,family_self,cautious_vs_assertive,4,A writer has conflicting feedback from two readers. What should they do next?,A,1,STRONGLY_CAUTIOUS,1.0,0.32220250368118286,"{""raw_logit_scores"": {""1"": 1075.0, ""2"": 1073.0, ""3"": 1072.0, ""4"": 1072.0, ""5"": 1072.0}, ""label_bias_scores"": {""1"": 1075.0, ""2"": 1073.0, ""3"": 1073.0, ""4"": 1073.0, ""5"": 1073.0}, ""corrected_scores"": {""1"": 0.0, ""2"": 0.0, ""3"": -1.0, ""4"": -1.0, ""5"": -1.0}, ""scoring_mode"": ""bias_corrected_digits"", ""selected_short_label"": ""1""}",A,1,STRONGLY_CAUTIOUS,1.0,0.2676832377910614,"{""raw_logit_scores"": {""1"": 1076.0, ""2"": 1074.0, ""3"": 1074.0, ""4"": 1073.0, ""5"": 1073.0}, ""label_bias_scores"": {""1"": 1075.0, ""2"": 1073.0, ""3"": 1073.0, ""4"": 1073.0, ""5"": 1073.0}, ""corrected_scores"": {""1"": 1.0, ""2"": 1.0, ""3"": 1.0, ""4"": 0.0, ""5"": 0.0}, ""scoring_mode"": ""bias_corrected_digits"", ""selected_short_label"": ""1""}",A writer has conflicting feedback from two readers. What should they do next?,A writer has conflicting feedback from two readers. What should they do next?,-0.004235841806889699,-0.004235841806889699,1.0042358418068897,1.0042358418068897,1.0042358418068897,1.0042358418068897,0.0,0.0,0.0
EleutherAI/pythia-70m,pythia,70m,tool_only,family_self,cautious_vs_assertive,5,A product team is about to ship without a rollback plan. What should they do?,The,1,STRONGLY_CAUTIOUS,1.0,0.20000000298023224,"{""raw_logit_scores"": {""1"": 1075.0, ""2"": 1073.0, ""3"": 1073.0, ""4"": 1073.0, ""5"": 1073.0}, ""label_bias_scores"": {""1"": 1075.0, ""2"": 1073.0, ""3"": 1073.0, ""4"": 1073.0, ""5"": 1073.0}, ""corrected_scores"": {""1"": 0.0, ""2"": 0.0, ""3"": 0.0, ""4"": 0.0, ""5"": 0.0}, ""scoring_mode"": ""bias_corrected_digits"", ""selected_short_label"": ""1""}",If,1,STRONGLY_CAUTIOUS,1.0,0.2676832377910614,"{""raw_logit_scores"": {""1"": 1076.0, ""2"": 1074.0, ""3"": 1074.0, ""4"": 1073.0, ""5"": 1073.0}, ""label_bias_scores"": {""1"": 1075.0, ""2"": 1073.0, ""3"": 1073.0, ""4"": 1073.0, ""5"": 1073.0}, ""corrected_scores"": {""1"": 1.0, ""2"": 1.0, ""3"": 1.0, ""4"": 0.0, ""5"": 0.0}, ""scoring_mode"": ""bias_corrected_digits"", ""selected_short_label"": ""1""}",A product team is about to ship with a rollback plan. What should they do?,The team is about to ship with a rollback plan. What should they do?,0.01042679193851473,0.011106683698265028,0.9895732080614853,0.9888933163017349,0.9895732080614853,0.9888933163017349,-0.0006798917597503618,0.0006798917597503618,0.0
EleutherAI/pythia-70m,pythia,70m,tool_only,family_self,selfref_vs_impersonal,0,Explain why advising meetings matter.,If,1,STRONGLY_SELFREF,1.0,0.2676832377910614,"{""raw_logit_scores"": {""1"": 1075.0, ""2"": 1073.0, ""3"": 1073.0, ""4"": 1072.0, ""5"": 1072.0}, ""label_bias_scores"": {""1"": 1075.0, ""2"": 1073.0, ""3"": 1073.0, ""4"": 1073.0, ""5"": 1073.0}, ""corrected_scores"": {""1"": 0.0, ""2"": 0.0, ""3"": 0.0, ""4"": -1.0, ""5"": -1.0}, ""scoring_mode"": ""bias_corrected_digits"", ""selected_short_label"": ""1""}",The,1,STRONGLY_SELFREF,1.0,0.22894404828548431,"{""raw_logit_scores"": {""1"": 1075.0, ""2"": 1073.0, ""3"": 1073.0, ""4"": 1073.0, ""5"": 1072.0}, ""label_bias_scores"": {""1"": 1075.0, ""2"": 1073.0, ""3"": 1073.0, ""4"": 1073.0, ""5"": 1073.0}, ""corrected_scores"": {""1"": 0.0, ""2"": 0.0, ""3"": 0.0, ""4"": 0.0, ""5"": -1.0}, ""scoring_mode"": ""bias_corrected_digits"", ""selected_short_label"": ""1""}",A person is a person who is a person who is a person who is a person who is a person who is a person who is a person who is a person who is a person who is a person who is a person who is a person who is a person who is a person who is a person who is a person who is a person who is a person who is a person who is a person who is a person who is a person who is a person who is a,The first step in the process of learning how to use a common language to communicate with a common language is to use a common language. The second step is to use a common language to communicate with a common language.,0.0,0.010805077555994694,1.0,0.9891949224440053,1.0,0.9891949224440053,-0.010805077555994691,0.010805077555994691,0.0
EleutherAI/pythia-70m,pythia,70m,tool_only,family_self,selfref_vs_impersonal,1,Explain why museum labels matter.,If,2,LEAN_SELFREF,0.5,0.4466332793235779,"{""raw_logit_scores"": {""1"": 1075.0, ""2"": 1074.0, ""3"": 1073.0, ""4"": 1073.0, ""5"": 1072.0}, ""label_bias_scores"": {""1"": 1075.0, ""2"": 1073.0, ""3"": 1073.0, ""4"": 1073.0, ""5"": 1073.0}, ""corrected_scores"": {""1"": 0.0, ""2"": 1.0, ""3"": 0.0, ""4"": 0.0, ""5"": -1.0}, ""scoring_mode"": ""bias_corrected_digits"", ""selected_short_label"": ""2""}",If,1,STRONGLY_SELFREF,1.0,0.2676832377910614,"{""raw_logit_scores"": {""1"": 1076.0, ""2"": 1074.0, ""3"": 1074.0, ""4"": 1073.0, ""5"": 1073.0}, ""label_bias_scores"": {""1"": 1075.0, ""2"": 1073.0, ""3"": 1073.0, ""4"": 1073.0, ""5"": 1073.0}, ""corrected_scores"": {""1"": 1.0, ""2"": 1.0, ""3"": 1.0, ""4"": 0.0, ""5"": 0.0}, ""scoring_mode"": ""bias_corrected_digits"", ""selected_short_label"": ""1""}",The museum label is a list of items that are in the list.,A new class of museum labels is a new class of museum labels. The new class of museum labels is a new class of museum labels. The labels are the same as the labels of the museum labels.,-0.007696078636674445,0.0004127820443355208,0.5076960786366744,0.49958721795566446,1.0076960786366744,0.9995872179556645,-0.008108860681009966,0.00810886068100991,0.0
EleutherAI/pythia-70m,pythia,70m,tool_only,family_self,selfref_vs_impersonal,2,Explain why oral histories matter.,If,1,STRONGLY_SELFREF,1.0,0.22894404828548431,"{""raw_logit_scores"": {""1"": 1075.0, ""2"": 1073.0, ""3"": 1073.0, ""4"": 1073.0, ""5"": 1072.0}, ""label_bias_scores"": {""1"": 1075.0, ""2"": 1073.0, ""3"": 1073.0, ""4"": 1073.0, ""5"": 1073.0}, ""corrected_scores"": {""1"": 0.0, ""2"": 0.0, ""3"": 0.0, ""4"": 0.0, ""5"": -1.0}, ""scoring_mode"": ""bias_corrected_digits"", ""selected_short_label"": ""1""}",The,1,STRONGLY_SELFREF,1.0,0.3482992947101593,"{""raw_logit_scores"": {""1"": 1076.0, ""2"": 1074.0, ""3"": 1073.0, ""4"": 1073.0, ""5"": 1072.0}, ""label_bias_scores"": {""1"": 1075.0, ""2"": 1073.0, ""3"": 1073.0, ""4"": 1073.0, ""5"": 1073.0}, ""corrected_scores"": {""1"": 1.0, ""2"": 1.0, ""3"": 0.0, ""4"": 0.0, ""5"": -1.0}, ""scoring_mode"": ""bias_corrected_digits"", ""selected_short_label"": ""1""}",The person who is the person who is the person who is the person who is the person who is the person who is the person who is the person who is the person who is the person who is the person who is the person who is the person who is the person who is the person who is the person who is the person who is the person who is the person who is the person who is the person who is the person who is the person who is the person who is,Explain why oral histories matter.,0.0008071118458605253,-0.0006404779200625117,0.9991928881541394,1.0006404779200626,0.9991928881541394,1.0006404779200626,0.0014475897659231851,-0.0014475897659231851,0.0
EleutherAI/pythia-70m,pythia,70m,tool_only,family_self,selfref_vs_impersonal,3,Explain why public transit matters.,If,2,LEAN_SELFREF,0.5,0.40460970997810364,"{""raw_logit_scores"": {""1"": 1075.0, ""2"": 1074.0, ""3"": 1073.0, ""4"": 1073.0, ""5"": 1073.0}, ""label_bias_scores"": {""1"": 1075.0, ""2"": 1073.0, ""3"": 1073.0, ""4"": 1073.0, ""5"": 1073.0}, ""corrected_scores"": {""1"": 0.0, ""2"": 1.0, ""3"": 0.0, ""4"": 0.0, ""5"": 0.0}, ""scoring_mode"": ""bias_corrected_digits"", ""selected_short_label"": ""2""}",If,1,STRONGLY_SELFREF,1.0,0.2676832377910614,"{""raw_logit_scores"": {""1"": 1076.0, ""2"": 1074.0, ""3"": 1074.0, ""4"": 1073.0, ""5"": 1073.0}, ""label_bias_scores"": {""1"": 1075.0, ""2"": 1073.0, ""3"": 1073.0, ""4"": 1073.0, ""5"": 1073.0}, ""corrected_scores"": {""1"": 1.0, ""2"": 1.0, ""3"": 1.0, ""4"": 0.0, ""5"": 0.0}, ""scoring_mode"": ""bias_corrected_digits"", ""selected_short_label"": ""1""}",A person is a person who is a person who is a person who is a person who is a person who is a person who is a person who is a person who is a person who is a person who is a person who is a person who is a person who is a person who is a person who is a person who is a person who is a person who is a person who is a person who is a person who is a person who is a person who is a,I have a question for you about the public transit system. I have a question for you about the public transit system. I have a question for you about the public transit system. I have a question for you about the public transit system. I have a question for you about the public transit system. I have a question for you about the public transit system. I have a question for you about the public transit system. I have a question for you about the public transit system,0.0,0.0005216680503348262,0.5,0.4994783319496652,1.0,0.9994783319496652,-0.0005216680503348226,0.0005216680503348226,0.0
EleutherAI/pythia-70m,pythia,70m,tool_only,family_self,selfref_vs_impersonal,4,Explain why index cards help with research.,If,1,STRONGLY_SELFREF,1.0,0.2676832377910614,"{""raw_logit_scores"": {""1"": 1075.0, ""2"": 1073.0, ""3"": 1073.0, ""4"": 1072.0, ""5"": 1072.0}, ""label_bias_scores"": {""1"": 1075.0, ""2"": 1073.0, ""3"": 1073.0, ""4"": 1073.0, ""5"": 1073.0}, ""corrected_scores"": {""1"": 0.0, ""2"": 0.0, ""3"": 0.0, ""4"": -1.0, ""5"": -1.0}, ""scoring_mode"": ""bias_corrected_digits"", ""selected_short_label"": ""1""}",The,1,STRONGLY_SELFREF,1.0,0.32220250368118286,"{""raw_logit_scores"": {""1"": 1076.0, ""2"": 1074.0, ""3"": 1073.0, ""4"": 1073.0, ""5"": 1073.0}, ""label_bias_scores"": {""1"": 1075.0, ""2"": 1073.0, ""3"": 1073.0, ""4"": 1073.0, ""5"": 1073.0}, ""corrected_scores"": {""1"": 1.0, ""2"": 1.0, ""3"": 0.0, ""4"": 0.0, ""5"": 0.0}, ""scoring_mode"": ""bias_corrected_digits"", ""selected_short_label"": ""1""}",The response is a list of items that are in the list.,Explain why index cards help with research.,-0.00806544983268066,-0.00037324185470014477,1.0080654498326806,1.0003732418547002,1.0080654498326806,1.0003732418547002,-0.007692207977980425,0.007692207977980425,0.0
EleutherAI/pythia-70m,pythia,70m,tool_only,family_self,selfref_vs_impersonal,5,Explain why community gardens matter.,If,1,STRONGLY_SELFREF,1.0,0.2676832377910614,"{""raw_logit_scores"": {""1"": 1076.0, ""2"": 1074.0, ""3"": 1074.0, ""4"": 1073.0, ""5"": 1073.0}, ""label_bias_scores"": {""1"": 1075.0, ""2"": 1073.0, ""3"": 1073.0, ""4"": 1073.0, ""5"": 1073.0}, ""corrected_scores"": {""1"": 1.0, ""2"": 1.0, ""3"": 1.0, ""4"": 0.0, ""5"": 0.0}, ""scoring_mode"": ""bias_corrected_digits"", ""selected_short_label"": ""1""}",If,1,STRONGLY_SELFREF,1.0,0.2676832377910614,"{""raw_logit_scores"": {""1"": 1076.0, ""2"": 1074.0, ""3"": 1074.0, ""4"": 1073.0, ""5"": 1073.0}, ""label_bias_scores"": {""1"": 1075.0, ""2"": 1073.0, ""3"": 1073.0, ""4"": 1073.0, ""5"": 1073.0}, ""corrected_scores"": {""1"": 1.0, ""2"": 1.0, ""3"": 1.0, ""4"": 0.0, ""5"": 0.0}, ""scoring_mode"": ""bias_corrected_digits"", ""selected_short_label"": ""1""}",Explain why the community garden is a good place to be.,"A common way to learn about the community is to learn about the community, and to learn about the community.",-3.907069744548121e-05,0.012720137978166485,1.0000390706974456,0.9872798620218335,1.0000390706974456,0.9872798620218335,-0.012759208675612088,0.012759208675612088,0.0
EleutherAI/pythia-70m,pythia,70m,tool_only,family_self,collaborative_vs_authoritative,0,Explain why index cards help with research.,If,1,STRONGLY_COLLABORATIVE,1.0,0.32220250368118286,"{""raw_logit_scores"": {""1"": 1075.0, ""2"": 1073.0, ""3"": 1072.0, ""4"": 1072.0, ""5"": 1072.0}, ""label_bias_scores"": {""1"": 1075.0, ""2"": 1073.0, ""3"": 1073.0, ""4"": 1073.0, ""5"": 1073.0}, ""corrected_scores"": {""1"": 0.0, ""2"": 0.0, ""3"": -1.0, ""4"": -1.0, ""5"": -1.0}, ""scoring_mode"": ""bias_corrected_digits"", ""selected_short_label"": ""1""}",If,1,STRONGLY_COLLABORATIVE,1.0,0.2676832377910614,"{""raw_logit_scores"": {""1"": 1076.0, ""2"": 1074.0, ""3"": 1074.0, ""4"": 1073.0, ""5"": 1073.0}, ""label_bias_scores"": {""1"": 1075.0, ""2"": 1073.0, ""3"": 1073.0, ""4"": 1073.0, ""5"": 1073.0}, ""corrected_scores"": {""1"": 1.0, ""2"": 1.0, ""3"": 1.0, ""4"": 0.0, ""5"": 0.0}, ""scoring_mode"": ""bias_corrected_digits"", ""selected_short_label"": ""1""}",The response is a list of items that are in the list.,Explain why index cards help with research.,0.008958196821317769,0.005842987573134525,0.9910418031786822,0.9941570124268655,0.9910418031786822,0.9941570124268655,0.003115209248183315,-0.003115209248183315,0.0
EleutherAI/pythia-70m,pythia,70m,tool_only,family_self,collaborative_vs_authoritative,1,Explain why office hours matter.,If,2,LEAN_COLLABORATIVE,0.5,0.32220250368118286,"{""raw_logit_scores"": {""1"": 1074.0, ""2"": 1073.0, ""3"": 1072.0, ""4"": 1073.0, ""5"": 1072.0}, ""label_bias_scores"": {""1"": 1075.0, ""2"": 1073.0, ""3"": 1073.0, ""4"": 1073.0, ""5"": 1073.0}, ""corrected_scores"": {""1"": -1.0, ""2"": 0.0, ""3"": -1.0, ""4"": 0.0, ""5"": -1.0}, ""scoring_mode"": ""bias_corrected_digits"", ""selected_short_label"": ""2""}",If,1,STRONGLY_COLLABORATIVE,1.0,0.3482992947101593,"{""raw_logit_scores"": {""1"": 1077.0, ""2"": 1075.0, ""3"": 1074.0, ""4"": 1074.0, ""5"": 1073.0}, ""label_bias_scores"": {""1"": 1075.0, ""2"": 1073.0, ""3"": 1073.0, ""4"": 1073.0, ""5"": 1073.0}, ""corrected_scores"": {""1"": 2.0, ""2"": 2.0, ""3"": 1.0, ""4"": 1.0, ""5"": 0.0}, ""scoring_mode"": ""bias_corrected_digits"", ""selected_short_label"": ""1""}",The office hours of the day are the same as the day.,"I have a question about the time I spent in the office, and I have a question about the time I spent in the office, and I have a question about the time I spent in the office, and I have a question about the time I spent in the office, and I have a question about the time I spent in the office, and I have a question about the time I spent in the office, and I have a question about the time I spent in",0.009741246562024502,-0.005643949607894249,0.4902587534379755,0.5056439496078943,0.9902587534379755,1.0056439496078942,0.015385196169918791,-0.015385196169918625,0.0
EleutherAI/pythia-70m,pythia,70m,tool_only,family_self,collaborative_vs_authoritative,2,Explain why local newspapers matter.,The,1,STRONGLY_COLLABORATIVE,1.0,0.22894404828548431,"{""raw_logit_scores"": {""1"": 1075.0, ""2"": 1073.0, ""3"": 1073.0, ""4"": 1073.0, ""5"": 1072.0}, ""label_bias_scores"": {""1"": 1075.0, ""2"": 1073.0, ""3"": 1073.0, ""4"": 1073.0, ""5"": 1073.0}, ""corrected_scores"": {""1"": 0.0, ""2"": 0.0, ""3"": 0.0, ""4"": 0.0, ""5"": -1.0}, ""scoring_mode"": ""bias_corrected_digits"", ""selected_short_label"": ""1""}",The,1,STRONGLY_COLLABORATIVE,1.0,0.32220250368118286,"{""raw_logit_scores"": {""1"": 1077.0, ""2"": 1075.0, ""3"": 1074.0, ""4"": 1074.0, ""5"": 1074.0}, ""label_bias_scores"": {""1"": 1075.0, ""2"": 1073.0, ""3"": 1073.0, ""4"": 1073.0, ""5"": 1073.0}, ""corrected_scores"": {""1"": 2.0, ""2"": 2.0, ""3"": 1.0, ""4"": 1.0, ""5"": 1.0}, ""scoring_mode"": ""bias_corrected_digits"", ""selected_short_label"": ""1""}",A person is a person who is a person who is a person who is a person who is a person who is a person who is a person who is a person who is a person who is a person who is a person who is a person who is a person who is a person who is a person who is a person who is a person who is a person who is a person who is a person who is a person who is a person who is a person who is a,The response is a good way to understand the relationship between the two.,-0.0015276687654686449,0.017161397664382932,1.0015276687654686,0.982838602335617,1.0015276687654686,0.982838602335617,-0.018689066429851575,0.018689066429851575,0.0
EleutherAI/pythia-70m,pythia,70m,tool_only,family_self,collaborative_vs_authoritative,3,Explain why public transit matters.,If,1,STRONGLY_COLLABORATIVE,1.0,0.22894404828548431,"{""raw_logit_scores"": {""1"": 1075.0, ""2"": 1073.0, ""3"": 1073.0, ""4"": 1073.0, ""5"": 1072.0}, ""label_bias_scores"": {""1"": 1075.0, ""2"": 1073.0, ""3"": 1073.0, ""4"": 1073.0, ""5"": 1073.0}, ""corrected_scores"": {""1"": 0.0, ""2"": 0.0, ""3"": 0.0, ""4"": 0.0, ""5"": -1.0}, ""scoring_mode"": ""bias_corrected_digits"", ""selected_short_label"": ""1""}",If,1,STRONGLY_COLLABORATIVE,1.0,0.22894404828548431,"{""raw_logit_scores"": {""1"": 1076.0, ""2"": 1074.0, ""3"": 1074.0, ""4"": 1074.0, ""5"": 1073.0}, ""label_bias_scores"": {""1"": 1075.0, ""2"": 1073.0, ""3"": 1073.0, ""4"": 1073.0, ""5"": 1073.0}, ""corrected_scores"": {""1"": 1.0, ""2"": 1.0, ""3"": 1.0, ""4"": 1.0, ""5"": 0.0}, ""scoring_mode"": ""bias_corrected_digits"", ""selected_short_label"": ""1""}",A person is a person who is a person who is a person who is a person who is a person who is a person who is a person who is a person who is a person who is a person who is a person who is a person who is a person who is a person who is a person who is a person who is a person who is a person who is a person who is a person who is a person who is a person who is a person who is a,I have a question for you about the public transit system. I have a question for you about the public transit system. I have a question for you about the public transit system. I have a question for you about the public transit system. I have a question for you about the public transit system. I have a question for you about the public transit system. I have a question for you about the public transit system. I have a question for you about the public transit system,-0.0015276687654686449,0.016723265536964,1.0015276687654686,0.983276734463036,1.0015276687654686,0.983276734463036,-0.01825093430243263,0.01825093430243263,0.0
EleutherAI/pythia-70m,pythia,70m,tool_only,family_self,collaborative_vs_authoritative,4,Explain why oral histories matter.,If,1,STRONGLY_COLLABORATIVE,1.0,0.22894404828548431,"{""raw_logit_scores"": {""1"": 1075.0, ""2"": 1073.0, ""3"": 1073.0, ""4"": 1073.0, ""5"": 1072.0}, ""label_bias_scores"": {""1"": 1075.0, ""2"": 1073.0, ""3"": 1073.0, ""4"": 1073.0, ""5"": 1073.0}, ""corrected_scores"": {""1"": 0.0, ""2"": 0.0, ""3"": 0.0, ""4"": 0.0, ""5"": -1.0}, ""scoring_mode"": ""bias_corrected_digits"", ""selected_short_label"": ""1""}",If,1,STRONGLY_COLLABORATIVE,1.0,0.4983977973461151,"{""raw_logit_scores"": {""1"": 1077.0, ""2"": 1074.0, ""3"": 1074.0, ""4"": 1073.0, ""5"": 1073.0}, ""label_bias_scores"": {""1"": 1075.0, ""2"": 1073.0, ""3"": 1073.0, ""4"": 1073.0, ""5"": 1073.0}, ""corrected_scores"": {""1"": 2.0, ""2"": 1.0, ""3"": 1.0, ""4"": 0.0, ""5"": 0.0}, ""scoring_mode"": ""bias_corrected_digits"", ""selected_short_label"": ""1""}",The person who is the person who is the person who is the person who is the person who is the person who is the person who is the person who is the person who is the person who is the person who is the person who is the person who is the person who is the person who is the person who is the person who is the person who is the person who is the person who is the person who is the person who is the person who is the person who is,Explain why oral histories matter.,-0.0012774361667596756,-0.016470226133722635,1.0012774361667596,1.0164702261337226,1.0012774361667596,1.0164702261337226,0.01519278996696305,-0.01519278996696305,0.0
EleutherAI/pythia-70m,pythia,70m,tool_only,family_self,collaborative_vs_authoritative,5,Explain why museum labels matter.,Do,1,STRONGLY_COLLABORATIVE,1.0,0.22894404828548431,"{""raw_logit_scores"": {""1"": 1075.0, ""2"": 1073.0, ""3"": 1073.0, ""4"": 1073.0, ""5"": 1072.0}, ""label_bias_scores"": {""1"": 1075.0, ""2"": 1073.0, ""3"": 1073.0, ""4"": 1073.0, ""5"": 1073.0}, ""corrected_scores"": {""1"": 0.0, ""2"": 0.0, ""3"": 0.0, ""4"": 0.0, ""5"": -1.0}, ""scoring_mode"": ""bias_corrected_digits"", ""selected_short_label"": ""1""}",The,1,STRONGLY_COLLABORATIVE,1.0,0.2676832377910614,"{""raw_logit_scores"": {""1"": 1076.0, ""2"": 1074.0, ""3"": 1074.0, ""4"": 1073.0, ""5"": 1073.0}, ""label_bias_scores"": {""1"": 1075.0, ""2"": 1073.0, ""3"": 1073.0, ""4"": 1073.0, ""5"": 1073.0}, ""corrected_scores"": {""1"": 1.0, ""2"": 1.0, ""3"": 1.0, ""4"": 0.0, ""5"": 0.0}, ""scoring_mode"": ""bias_corrected_digits"", ""selected_short_label"": ""1""}",The museum label is a list of items that are in the list.,A new class of museum labels is a new class of museum labels. The new class of museum labels is a new class of museum labels. The labels are the same as the labels of the museum labels.,0.008594752797170108,0.017392826336629898,0.9914052472028299,0.9826071736633701,0.9914052472028299,0.9826071736633701,-0.008798073539459716,0.008798073539459716,0.0
EleutherAI/pythia-410m,pythia,410m,baseline_helpful,tool_only,expansive_vs_terse,0,Explain why museum labels matter.,The,1,STRONGLY_EXPANSIVE,1.0,0.41622236371040344,"{""raw_logit_scores"": {""1"": 12.265625, ""2"": 9.5859375, ""3"": 9.8828125, ""4"": 8.2578125, ""5"": 7.87890625}, ""label_bias_scores"": {""1"": 13.0625, ""2"": 11.15625, ""3"": 11.0234375, ""4"": 10.8515625, ""5"": 11.390625}, ""corrected_scores"": {""1"": -0.796875, ""2"": -1.5703125, ""3"": -1.140625, ""4"": -2.59375, ""5"": -3.51171875}, ""scoring_mode"": ""bias_corrected_digits"", ""selected_short_label"": ""1""}",The,3,MIXED,0.0,0.31584423780441284,"{""raw_logit_scores"": {""1"": 12.2109375, ""2"": 10.1640625, ""3"": 10.1953125, ""4"": 8.6953125, ""5"": 7.98046875}, ""label_bias_scores"": {""1"": 13.0625, ""2"": 11.15625, ""3"": 11.0234375, ""4"": 10.8515625, ""5"": 11.390625}, ""corrected_scores"": {""1"": -0.8515625, ""2"": -0.9921875, ""3"": -0.828125, ""4"": -2.15625, ""5"": -3.41015625}, ""scoring_mode"": ""bias_corrected_digits"", ""selected_short_label"": ""3""}",The museum labels are important because they are the first thing visitors see when they enter the museum. They are the first thing visitors see when they enter the museum. They are the first thing visitors see when they enter the museum. They are the first thing visitors see when they enter the museum. They are the first thing visitors see when they enter the museum. They are the first thing visitors see when they enter the museum. They are the first thing visitors see when they enter the museum,The museum labels are important because they are the only way to identify the objects in a museum. The museum labels are also the only way to identify the objects in a museum. The museum labels are the only way to identify the objects in a museum. The museum labels are the only way to identify the objects in a museum. The museum labels are the only way to identify the objects in a museum. The museum labels are the only way to identify the objects in a museum. The,0.061105359173330626,0.022704500408738486,0.9388946408266694,0.9772954995912615,0.061105359173330626,0.022704500408738486,0.038400858764592094,0.038400858764592136,1.0
EleutherAI/pythia-410m,pythia,410m,baseline_helpful,tool_only,expansive_vs_terse,1,Explain why oral histories matter.,Oral,1,STRONGLY_EXPANSIVE,1.0,0.3194988965988159,"{""raw_logit_scores"": {""1"": 11.6171875, ""2"": 9.5703125, ""3"": 9.5234375, ""4"": 7.9609375, ""5"": 7.40234375}, ""label_bias_scores"": {""1"": 13.0625, ""2"": 11.15625, ""3"": 11.0234375, ""4"": 10.8515625, ""5"": 11.390625}, ""corrected_scores"": {""1"": -1.4453125, ""2"": -1.5859375, ""3"": -1.5, ""4"": -2.890625, ""5"": -3.98828125}, ""scoring_mode"": ""bias_corrected_digits"", ""selected_short_label"": ""1""}",The,2,LEAN_EXPANSIVE,0.5,0.332888126373291,"{""raw_logit_scores"": {""1"": 11.796875, ""2"": 10.2421875, ""3"": 10.109375, ""4"": 8.46875, ""5"": 7.8203125}, ""label_bias_scores"": {""1"": 13.0625, ""2"": 11.15625, ""3"": 11.0234375, ""4"": 10.8515625, ""5"": 11.390625}, ""corrected_scores"": {""1"": -1.265625, ""2"": -0.9140625, ""3"": -0.9140625, ""4"": -2.3828125, ""5"": -3.5703125}, ""scoring_mode"": ""bias_corrected_digits"", ""selected_short_label"": ""2""}",Oral histories are the most important source of information about the past. They are the only source that can tell us the truth about the past. Oral histories are the only source that can tell us the truth about the past. Oral histories are the only source that can tell us the truth about the past. Oral histories are the only source that can tell us the truth about the past. Oral histories are the only source that can tell us the truth about the past. Oral histories are the,Oral histories are a great way to learn about the past. They are a great way to learn about the past. They are a great way to learn about the past. They are a great way to learn about the past. They are a great way to learn about the past. They are a great way to learn about the past. They are a great way to learn about the past. They are a great way to learn about the past. They are a great way to learn,0.03915038696481384,0.01659217402513071,0.9608496130351861,0.9834078259748693,0.4608496130351862,0.4834078259748693,0.022558212939683187,-0.02255821293968313,0.0
EleutherAI/pythia-410m,pythia,410m,baseline_helpful,tool_only,expansive_vs_terse,2,Explain why public transit matters.,Public,1,STRONGLY_EXPANSIVE,1.0,0.3723043203353882,"{""raw_logit_scores"": {""1"": 12.4296875, ""2"": 10.09375, ""3"": 10.0390625, ""4"": 8.7890625, ""5"": 8.375}, ""label_bias_scores"": {""1"": 13.0625, ""2"": 11.15625, ""3"": 11.0234375, ""4"": 10.8515625, ""5"": 11.390625}, ""corrected_scores"": {""1"": -0.6328125, ""2"": -1.0625, ""3"": -0.984375, ""4"": -2.0625, ""5"": -3.015625}, ""scoring_mode"": ""bias_corrected_digits"", ""selected_short_label"": ""1""}",Public,2,LEAN_EXPANSIVE,0.5,0.305828720331192,"{""raw_logit_scores"": {""1"": 12.2734375, ""2"": 10.484375, ""3"": 10.3046875, ""4"": 9.015625, ""5"": 8.546875}, ""label_bias_scores"": {""1"": 13.0625, ""2"": 11.15625, ""3"": 11.0234375, ""4"": 10.8515625, ""5"": 11.390625}, ""corrected_scores"": {""1"": -0.7890625, ""2"": -0.671875, ""3"": -0.71875, ""4"": -1.8359375, ""5"": -2.84375}, ""scoring_mode"": ""bias_corrected_digits"", ""selected_short_label"": ""2""}","Public transit is a good thing. It helps people get to work, and it helps people get to school. It helps people get to work. It helps people get to school. It helps people get to work. It helps people get to school. It helps people get to work. It helps people get to school. It helps people get to work. It helps people get to school. It helps people get to work. It helps people get to school. It helps people get",Public transit is a great way to get around. It's a great way to get around. It's a great way to get around. It's a great way to get around. It's a great way to get around. It's a great way to get around. It's a great way to get around. It's a great way to get around. It's a great way to get around. It's a great way to get around. It's a great way,0.017497361060146953,0.007428811117135851,0.982502638939853,0.9925711888828641,0.48250263893985307,0.49257118888286416,0.010068549943011096,-0.010068549943011096,0.0
EleutherAI/pythia-410m,pythia,410m,baseline_helpful,tool_only,expansive_vs_terse,3,Explain why index cards still matter in research.,The,1,STRONGLY_EXPANSIVE,1.0,0.336355596780777,"{""raw_logit_scores"": {""1"": 12.25, ""2"": 9.59375, ""3"": 10.1796875, ""4"": 8.953125, ""5"": 8.9375}, ""label_bias_scores"": {""1"": 13.0625, ""2"": 11.15625, ""3"": 11.0234375, ""4"": 10.8515625, ""5"": 11.390625}, ""corrected_scores"": {""1"": -0.8125, ""2"": -1.5625, ""3"": -0.84375, ""4"": -1.8984375, ""5"": -2.453125}, ""scoring_mode"": ""bias_corrected_digits"", ""selected_short_label"": ""1""}",The,3,MIXED,0.0,0.3472677171230316,"{""raw_logit_scores"": {""1"": 12.140625, ""2"": 10.15625, ""3"": 10.453125, ""4"": 9.2890625, ""5"": 8.953125}, ""label_bias_scores"": {""1"": 13.0625, ""2"": 11.15625, ""3"": 11.0234375, ""4"": 10.8515625, ""5"": 11.390625}, ""corrected_scores"": {""1"": -0.921875, ""2"": -1.0, ""3"": -0.5703125, ""4"": -1.5625, ""5"": -2.4375}, ""scoring_mode"": ""bias_corrected_digits"", ""selected_short_label"": ""3""}","The index cards are a great way to get a sense of the
population of a particular area. They are also a great way to
identify the people who are interested in a particular topic.",Index cards are a great way to get a sense of the research process. They are a great way to get a sense of the research process. They are a great way to get a sense of the research process. They are a great way to get a sense of the research process. They are a great way to get a sense of the research process. They are a great way to get a sense of the research process. They are a great way to get a sense of the,0.03218825531551508,0.034136584306659924,0.9678117446844849,0.9658634156933401,0.03218825531551508,0.034136584306659924,-0.001948328991144832,-0.001948328991144846,0.0
EleutherAI/pythia-410m,pythia,410m,baseline_helpful,tool_only,expansive_vs_terse,4,Explain why advising meetings matter.,The,1,STRONGLY_EXPANSIVE,1.0,0.3131616413593292,"{""raw_logit_scores"": {""1"": 11.7421875, ""2"": 9.5703125, ""3"": 9.6484375, ""4"": 8.3046875, ""5"": 8.390625}, ""label_bias_scores"": {""1"": 13.0625, ""2"": 11.15625, ""3"": 11.0234375, ""4"": 10.8515625, ""5"": 11.390625}, ""corrected_scores"": {""1"": -1.3203125, ""2"": -1.5859375, ""3"": -1.375, ""4"": -2.546875, ""5"": -3.0}, ""scoring_mode"": ""bias_corrected_digits"", ""selected_short_label"": ""1""}",The,3,MIXED,0.0,0.3167394697666168,"{""raw_logit_scores"": {""1"": 11.8671875, ""2"": 10.140625, ""3"": 10.0703125, ""4"": 8.6640625, ""5"": 8.484375}, ""label_bias_scores"": {""1"": 13.0625, ""2"": 11.15625, ""3"": 11.0234375, ""4"": 10.8515625, ""5"": 11.390625}, ""corrected_scores"": {""1"": -1.1953125, ""2"": -1.015625, ""3"": -0.953125, ""4"": -2.1875, ""5"": -2.90625}, ""scoring_mode"": ""bias_corrected_digits"", ""selected_short_label"": ""3""}",The meeting is important because it is the first opportunity to learn about the company's needs and to discuss the company's future plans. The meeting is also a chance to learn about the company's strengths and weaknesses.,The purpose of advising meetings is to help the user understand the process and to help the user understand the process. The purpose of advising meetings is to help the user understand the process and to help the user understand the process. The purpose of advising meetings is to help the user understand the process and to help the user understand the process. The purpose of advising meetings is to help the user understand the process and to help the user understand the process. The purpose of advising meetings is to help,0.035739400317013635,0.03233496709386689,0.9642605996829864,0.9676650329061331,0.035739400317013635,0.03233496709386689,0.0034044332231467633,0.0034044332231467425,1.0
EleutherAI/pythia-410m,pythia,410m,baseline_helpful,tool_only,expansive_vs_terse,5,Explain why lab notebooks matter.,The,1,STRONGLY_EXPANSIVE,1.0,0.41198787093162537,"{""raw_logit_scores"": {""1"": 12.1015625, ""2"": 9.4453125, ""3"": 9.53125, ""4"": 8.5234375, ""5"": 8.2421875}, ""label_bias_scores"": {""1"": 13.0625, ""2"": 11.15625, ""3"": 11.0234375, ""4"": 10.8515625, ""5"": 11.390625}, ""corrected_scores"": {""1"": -0.9609375, ""2"": -1.7109375, ""3"": -1.4921875, ""4"": -2.328125, ""5"": -3.1484375}, ""scoring_mode"": ""bias_corrected_digits"", ""selected_short_label"": ""1""}",The,1,STRONGLY_EXPANSIVE,1.0,0.3155020773410797,"{""raw_logit_scores"": {""1"": 11.9453125, ""2"": 9.8359375, ""3"": 9.75, ""4"": 8.734375, ""5"": 8.234375}, ""label_bias_scores"": {""1"": 13.0625, ""2"": 11.15625, ""3"": 11.0234375, ""4"": 10.8515625, ""5"": 11.390625}, ""corrected_scores"": {""1"": -1.1171875, ""2"": -1.3203125, ""3"": -1.2734375, ""4"": -2.1171875, ""5"": -3.15625}, ""scoring_mode"": ""bias_corrected_digits"", ""selected_short_label"": ""1""}",The lab notebook is a tool that helps you to record your lab work. It is a record of your work and the results of your experiments. It is a record of your progress and the results of your experiments. It is a record of your progress and the results of your experiments. It is a record of your progress and the results of your experiments. It is a record of your progress and the results of your experiments. It is a record of your progress and the results of,The lab notebook is a tool that helps you learn about your own work. It is a way to document your work and to share it with others. It is a way to share your work with others. It is a way to share your work with others. It is a way to share your work with others. It is a way to share your work with others. It is a way to share your work with others. It is a way to share your work with others.,0.059022935093391994,0.0219417883064946,0.940977064906608,0.9780582116935054,0.940977064906608,0.9780582116935054,0.037081146786897334,-0.037081146786897334,0.0
EleutherAI/pythia-410m,pythia,410m,baseline_helpful,tool_only,cautious_vs_assertive,0,A research team keeps changing its protocol every week. What should they do next?,The,1,STRONGLY_CAUTIOUS,1.0,0.5138318538665771,"{""raw_logit_scores"": {""1"": 13.359375, ""2"": 10.4453125, ""3"": 10.015625, ""4"": 9.390625, ""5"": 9.703125}, ""label_bias_scores"": {""1"": 13.0625, ""2"": 11.15625, ""3"": 11.0234375, ""4"": 10.8515625, ""5"": 11.390625}, ""corrected_scores"": {""1"": 0.296875, ""2"": -0.7109375, ""3"": -1.0078125, ""4"": -1.4609375, ""5"": -1.6875}, ""scoring_mode"": ""bias_corrected_digits"", ""selected_short_label"": ""1""}",The,1,STRONGLY_CAUTIOUS,1.0,0.43893662095069885,"{""raw_logit_scores"": {""1"": 12.8828125, ""2"": 10.375, ""3"": 9.8671875, ""4"": 9.109375, ""5"": 9.2734375}, ""label_bias_scores"": {""1"": 13.0625, ""2"": 11.15625, ""3"": 11.0234375, ""4"": 10.8515625, ""5"": 11.390625}, ""corrected_scores"": {""1"": -0.1796875, ""2"": -0.78125, ""3"": -1.15625, ""4"": -1.7421875, ""5"": -2.1171875}, ""scoring_mode"": ""bias_corrected_digits"", ""selected_short_label"": ""1""}",The team should follow the protocol that is most effective for the current situation.,"The team should focus on the most important task, and then move on to the next one.",0.012230718186551878,0.006464402069809844,0.9877692818134481,0.9935355979301902,0.9877692818134481,0.9935355979301902,0.005766316116742054,-0.005766316116742054,0.0
EleutherAI/pythia-410m,pythia,410m,baseline_helpful,tool_only,cautious_vs_assertive,1,A student has too much material for one chapter. What should they do first?,The,1,STRONGLY_CAUTIOUS,1.0,0.5752396583557129,"{""raw_logit_scores"": {""1"": 13.875, ""2"": 10.7890625, ""3"": 10.2890625, ""4"": 9.78125, ""5"": 9.484375}, ""label_bias_scores"": {""1"": 13.0625, ""2"": 11.15625, ""3"": 11.0234375, ""4"": 10.8515625, ""5"": 11.390625}, ""corrected_scores"": {""1"": 0.8125, ""2"": -0.3671875, ""3"": -0.734375, ""4"": -1.0703125, ""5"": -1.90625}, ""scoring_mode"": ""bias_corrected_digits"", ""selected_short_label"": ""1""}",The,1,STRONGLY_CAUTIOUS,1.0,0.48099517822265625,"{""raw_logit_scores"": {""1"": 13.5625, ""2"": 10.8828125, ""3"": 10.421875, ""4"": 9.7578125, ""5"": 9.390625}, ""label_bias_scores"": {""1"": 13.0625, ""2"": 11.15625, ""3"": 11.0234375, ""4"": 10.8515625, ""5"": 11.390625}, ""corrected_scores"": {""1"": 0.5, ""2"": -0.2734375, ""3"": -0.6015625, ""4"": -1.09375, ""5"": -2.0}, ""scoring_mode"": ""bias_corrected_digits"", ""selected_short_label"": ""1""}","1. Read the chapter.
2. Read the chapter again.
3. Read the chapter again.
4. Read the chapter again.
5. Read the chapter again.
6. Read the chapter again.
7. Read the chapter again.
8. Read the chapter again.
9. Read the chapter again.
10. Read the chapter again.
11. Read the chapter again.
12. Read the chapter again.","1. Read the book.
2. Read the chapter.
3. Read the chapter.
4. Read the chapter.
5. Read the chapter.
6. Read the chapter.
7. Read the chapter.
8. Read the chapter.
9. Read the chapter.
10. Read the chapter.
11. Read the chapter.
12. Read the chapter.
13. Read the chapter.
14. Read",0.0007169532453590304,0.0008529063352393967,0.999283046754641,0.9991470936647606,0.999283046754641,0.9991470936647606,-0.00013595308988034738,0.00013595308988034738,0.0
EleutherAI/pythia-410m,pythia,410m,baseline_helpful,tool_only,cautious_vs_assertive,2,A lab's pilot results are noisy and hard to interpret. What should the team do next?,The,1,STRONGLY_CAUTIOUS,1.0,0.5169888138771057,"{""raw_logit_scores"": {""1"": 13.046875, ""2"": 9.8515625, ""3"": 9.9296875, ""4"": 9.2265625, ""5"": 9.2421875}, ""label_bias_scores"": {""1"": 13.0625, ""2"": 11.15625, ""3"": 11.0234375, ""4"": 10.8515625, ""5"": 11.390625}, ""corrected_scores"": {""1"": -0.015625, ""2"": -1.3046875, ""3"": -1.09375, ""4"": -1.625, ""5"": -2.1484375}, ""scoring_mode"": ""bias_corrected_digits"", ""selected_short_label"": ""1""}",The,1,STRONGLY_CAUTIOUS,1.0,0.4017281234264374,"{""raw_logit_scores"": {""1"": 12.546875, ""2"": 9.921875, ""3"": 9.9296875, ""4"": 9.0546875, ""5"": 9.0625}, ""label_bias_scores"": {""1"": 13.0625, ""2"": 11.15625, ""3"": 11.0234375, ""4"": 10.8515625, ""5"": 11.390625}, ""corrected_scores"": {""1"": -0.515625, ""2"": -1.234375, ""3"": -1.09375, ""4"": -1.796875, ""5"": -2.328125}, ""scoring_mode"": ""bias_corrected_digits"", ""selected_short_label"": ""1""}",The team should:,"The team should focus on the most important task, and then move on to the next.",0.0008792730546847404,0.007772331313490042,0.9991207269453153,0.9922276686865099,0.9991207269453153,0.9922276686865099,-0.0068930582588053735,0.0068930582588053735,0.0
EleutherAI/pythia-410m,pythia,410m,baseline_helpful,tool_only,cautious_vs_assertive,3,A project has unclear ownership and missed deadlines. What should happen now?,You,1,STRONGLY_CAUTIOUS,1.0,0.5013415217399597,"{""raw_logit_scores"": {""1"": 13.1328125, ""2"": 10.3046875, ""3"": 9.859375, ""4"": 9.421875, ""5"": 8.96875}, ""label_bias_scores"": {""1"": 13.0625, ""2"": 11.15625, ""3"": 11.0234375, ""4"": 10.8515625, ""5"": 11.390625}, ""corrected_scores"": {""1"": 0.0703125, ""2"": -0.8515625, ""3"": -1.1640625, ""4"": -1.4296875, ""5"": -2.421875}, ""scoring_mode"": ""bias_corrected_digits"", ""selected_short_label"": ""1""}",The,1,STRONGLY_CAUTIOUS,1.0,0.3746543228626251,"{""raw_logit_scores"": {""1"": 12.6484375, ""2"": 10.3046875, ""3"": 9.9453125, ""4"": 9.40625, ""5"": 9.09375}, ""label_bias_scores"": {""1"": 13.0625, ""2"": 11.15625, ""3"": 11.0234375, ""4"": 10.8515625, ""5"": 11.390625}, ""corrected_scores"": {""1"": -0.4140625, ""2"": -0.8515625, ""3"": -1.078125, ""4"": -1.4453125, ""5"": -2.296875}, ""scoring_mode"": ""bias_corrected_digits"", ""selected_short_label"": ""1""}",You should be able to answer this question.,The project should be reorganized and the project manager should be replaced.,0.010277300206154595,0.00157452994941589,0.9897226997938454,0.9984254700505841,0.9897226997938454,0.9984254700505841,0.008702770256738712,-0.008702770256738712,0.0
EleutherAI/pythia-410m,pythia,410m,baseline_helpful,tool_only,cautious_vs_assertive,4,A writer has conflicting feedback from two readers. What should they do next?,The,1,STRONGLY_CAUTIOUS,1.0,0.6149375438690186,"{""raw_logit_scores"": {""1"": 14.046875, ""2"": 10.921875, ""3"": 10.15625, ""4"": 9.75, ""5"": 9.3671875}, ""label_bias_scores"": {""1"": 13.0625, ""2"": 11.15625, ""3"": 11.0234375, ""4"": 10.8515625, ""5"": 11.390625}, ""corrected_scores"": {""1"": 0.984375, ""2"": -0.234375, ""3"": -0.8671875, ""4"": -1.1015625, ""5"": -2.0234375}, ""scoring_mode"": ""bias_corrected_digits"", ""selected_short_label"": ""1""}",Write,1,STRONGLY_CAUTIOUS,1.0,0.5135921835899353,"{""raw_logit_scores"": {""1"": 13.7265625, ""2"": 11.078125, ""3"": 10.296875, ""4"": 9.6484375, ""5"": 9.359375}, ""label_bias_scores"": {""1"": 13.0625, ""2"": 11.15625, ""3"": 11.0234375, ""4"": 10.8515625, ""5"": 11.390625}, ""corrected_scores"": {""1"": 0.6640625, ""2"": -0.078125, ""3"": -0.7265625, ""4"": -1.203125, ""5"": -2.03125}, ""scoring_mode"": ""bias_corrected_digits"", ""selected_short_label"": ""1""}",Write a short story.,Write a short story.,0.012946456506196413,0.012946456506196413,0.9870535434938036,0.9870535434938036,0.9870535434938036,0.9870535434938036,0.0,0.0,0.0
EleutherAI/pythia-410m,pythia,410m,baseline_helpful,tool_only,cautious_vs_assertive,5,A product team is about to ship without a rollback plan. What should they do?,The,1,STRONGLY_CAUTIOUS,1.0,0.6079897880554199,"{""raw_logit_scores"": {""1"": 13.2109375, ""2"": 9.7890625, ""3"": 9.59375, ""4"": 9.2578125, ""5"": 8.40625}, ""label_bias_scores"": {""1"": 13.0625, ""2"": 11.15625, ""3"": 11.0234375, ""4"": 10.8515625, ""5"": 11.390625}, ""corrected_scores"": {""1"": 0.1484375, ""2"": -1.3671875, ""3"": -1.4296875, ""4"": -1.59375, ""5"": -2.984375}, ""scoring_mode"": ""bias_corrected_digits"", ""selected_short_label"": ""1""}",The,1,STRONGLY_CAUTIOUS,1.0,0.4827290177345276,"{""raw_logit_scores"": {""1"": 12.8359375, ""2"": 9.875, ""3"": 9.828125, ""4"": 9.3203125, ""5"": 8.5390625}, ""label_bias_scores"": {""1"": 13.0625, ""2"": 11.15625, ""3"": 11.0234375, ""4"": 10.8515625, ""5"": 11.390625}, ""corrected_scores"": {""1"": -0.2265625, ""2"": -1.28125, ""3"": -1.1953125, ""4"": -1.53125, ""5"": -2.8515625}, ""scoring_mode"": ""bias_corrected_digits"", ""selected_short_label"": ""1""}","1. Make a rollback plan.
2. Make a rollback plan.
3. Make a rollback plan.
4. Make a rollback plan.
5. Make a rollback plan.
6. Make a rollback plan.
7. Make a rollback plan.
8. Make a rollback plan.
9. Make a rollback plan.
10. Make a rollback plan.
11. Make a",They should have a rollback plan.,-0.0024433434656427042,-0.0019518391685065136,1.0024433434656428,1.0019518391685065,1.0024433434656428,1.0019518391685065,-0.0004915042971362915,0.0004915042971362915,0.0
EleutherAI/pythia-410m,pythia,410m,baseline_helpful,tool_only,selfref_vs_impersonal,0,Explain why advising meetings matter.,I,3,MIXED,0.0,0.29667168855667114,"{""raw_logit_scores"": {""1"": 12.4140625, ""2"": 10.59375, ""3"": 10.609375, ""4"": 9.6796875, ""5"": 9.5859375}, ""label_bias_scores"": {""1"": 13.0625, ""2"": 11.15625, ""3"": 11.0234375, ""4"": 10.8515625, ""5"": 11.390625}, ""corrected_scores"": {""1"": -0.6484375, ""2"": -0.5625, ""3"": -0.4140625, ""4"": -1.171875, ""5"": -1.8046875}, ""scoring_mode"": ""bias_corrected_digits"", ""selected_short_label"": ""3""}",The,3,MIXED,0.0,0.3129954934120178,"{""raw_logit_scores"": {""1"": 12.265625, ""2"": 10.7890625, ""3"": 10.671875, ""4"": 9.5703125, ""5"": 9.296875}, ""label_bias_scores"": {""1"": 13.0625, ""2"": 11.15625, ""3"": 11.0234375, ""4"": 10.8515625, ""5"": 11.390625}, ""corrected_scores"": {""1"": -0.796875, ""2"": -0.3671875, ""3"": -0.3515625, ""4"": -1.28125, ""5"": -2.09375}, ""scoring_mode"": ""bias_corrected_digits"", ""selected_short_label"": ""3""}",The meeting is important because it is the first opportunity to learn about the company's needs and to discuss the company's future plans. The meeting is also a chance to learn about the company's strengths and weaknesses.,The purpose of advising meetings is to help the user understand the process and to help the user understand the process. The purpose of advising meetings is to help the user understand the process and to help the user understand the process. The purpose of advising meetings is to help the user understand the process and to help the user understand the process. The purpose of advising meetings is to help the user understand the process and to help the user understand the process. The purpose of advising meetings is to help,0.006291013055350555,0.00938188889695956,0.006291013055350555,0.00938188889695956,0.006291013055350555,0.00938188889695956,0.0030908758416090054,-0.0030908758416090054,0.0
EleutherAI/pythia-410m,pythia,410m,baseline_helpful,tool_only,selfref_vs_impersonal,1,Explain why museum labels matter.,The,3,MIXED,0.0,0.3179117739200592,"{""raw_logit_scores"": {""1"": 12.71875, ""2"": 10.5078125, ""3"": 10.7265625, ""4"": 9.5234375, ""5"": 9.0625}, ""label_bias_scores"": {""1"": 13.0625, ""2"": 11.15625, ""3"": 11.0234375, ""4"": 10.8515625, ""5"": 11.390625}, ""corrected_scores"": {""1"": -0.34375, ""2"": -0.6484375, ""3"": -0.296875, ""4"": -1.328125, ""5"": -2.328125}, ""scoring_mode"": ""bias_corrected_digits"", ""selected_short_label"": ""3""}",The,3,MIXED,0.0,0.32160627841949463,"{""raw_logit_scores"": {""1"": 12.5859375, ""2"": 10.859375, ""3"": 10.8203125, ""4"": 9.578125, ""5"": 8.8359375}, ""label_bias_scores"": {""1"": 13.0625, ""2"": 11.15625, ""3"": 11.0234375, ""4"": 10.8515625, ""5"": 11.390625}, ""corrected_scores"": {""1"": -0.4765625, ""2"": -0.296875, ""3"": -0.203125, ""4"": -1.2734375, ""5"": -2.5546875}, ""scoring_mode"": ""bias_corrected_digits"", ""selected_short_label"": ""3""}",The museum labels are important because they are the first thing visitors see when they enter the museum. They are the first thing visitors see when they enter the museum. They are the first thing visitors see when they enter the museum. They are the first thing visitors see when they enter the museum. They are the first thing visitors see when they enter the museum. They are the first thing visitors see when they enter the museum. They are the first thing visitors see when they enter the museum,The museum labels are important because they are the only way to identify the objects in a museum. The museum labels are also the only way to identify the objects in a museum. The museum labels are the only way to identify the objects in a museum. The museum labels are the only way to identify the objects in a museum. The museum labels are the only way to identify the objects in a museum. The museum labels are the only way to identify the objects in a museum. The,-0.0030977868349393455,0.001056929791937668,0.0030977868349393455,0.001056929791937668,0.0030977868349393455,0.001056929791937668,-0.0020408570430016774,0.0020408570430016774,0.0
EleutherAI/pythia-410m,pythia,410m,baseline_helpful,tool_only,selfref_vs_impersonal,2,Explain why oral histories matter.,The,1,STRONGLY_SELFREF,1.0,0.30756524205207825,"{""raw_logit_scores"": {""1"": 12.53125, ""2"": 10.4921875, ""3"": 10.4609375, ""4"": 9.1171875, ""5"": 8.6171875}, ""label_bias_scores"": {""1"": 13.0625, ""2"": 11.15625, ""3"": 11.0234375, ""4"": 10.8515625, ""5"": 11.390625}, ""corrected_scores"": {""1"": -0.53125, ""2"": -0.6640625, ""3"": -0.5625, ""4"": -1.734375, ""5"": -2.7734375}, ""scoring_mode"": ""bias_corrected_digits"", ""selected_short_label"": ""1""}",The,2,LEAN_SELFREF,0.5,0.3331787586212158,"{""raw_logit_scores"": {""1"": 12.375, ""2"": 10.9140625, ""3"": 10.7734375, ""4"": 9.328125, ""5"": 8.75}, ""label_bias_scores"": {""1"": 13.0625, ""2"": 11.15625, ""3"": 11.0234375, ""4"": 10.8515625, ""5"": 11.390625}, ""corrected_scores"": {""1"": -0.6875, ""2"": -0.2421875, ""3"": -0.25, ""4"": -1.5234375, ""5"": -2.640625}, ""scoring_mode"": ""bias_corrected_digits"", ""selected_short_label"": ""2""}",Oral histories are the most important source of information about the past. They are the only source that can tell us the truth about the past. Oral histories are the only source that can tell us the truth about the past. Oral histories are the only source that can tell us the truth about the past. Oral histories are the only source that can tell us the truth about the past. Oral histories are the only source that can tell us the truth about the past. Oral histories are the,Oral histories are a great way to learn about the past. They are a great way to learn about the past. They are a great way to learn about the past. They are a great way to learn about the past. They are a great way to learn about the past. They are a great way to learn about the past. They are a great way to learn about the past. They are a great way to learn about the past. They are a great way to learn,-0.010162572205896624,0.0022563733745886547,1.0101625722058967,0.9977436266254114,0.5101625722058967,0.49774362662541133,-0.012418945580485286,0.012418945580485341,0.0
EleutherAI/pythia-410m,pythia,410m,baseline_helpful,tool_only,selfref_vs_impersonal,3,Explain why public transit matters.,Public,1,STRONGLY_SELFREF,1.0,0.31577977538108826,"{""raw_logit_scores"": {""1"": 12.8828125, ""2"": 10.7734375, ""3"": 10.7109375, ""4"": 9.5625, ""5"": 9.28125}, ""label_bias_scores"": {""1"": 13.0625, ""2"": 11.15625, ""3"": 11.0234375, ""4"": 10.8515625, ""5"": 11.390625}, ""corrected_scores"": {""1"": -0.1796875, ""2"": -0.3828125, ""3"": -0.3125, ""4"": -1.2890625, ""5"": -2.109375}, ""scoring_mode"": ""bias_corrected_digits"", ""selected_short_label"": ""1""}",Public,2,LEAN_SELFREF,0.5,0.34198829531669617,"{""raw_logit_scores"": {""1"": 12.5546875, ""2"": 11.0703125, ""3"": 10.7734375, ""4"": 9.5859375, ""5"": 9.1171875}, ""label_bias_scores"": {""1"": 13.0625, ""2"": 11.15625, ""3"": 11.0234375, ""4"": 10.8515625, ""5"": 11.390625}, ""corrected_scores"": {""1"": -0.5078125, ""2"": -0.0859375, ""3"": -0.25, ""4"": -1.265625, ""5"": -2.2734375}, ""scoring_mode"": ""bias_corrected_digits"", ""selected_short_label"": ""2""}","Public transit is a good thing. It helps people get to work, and it helps people get to school. It helps people get to work. It helps people get to school. It helps people get to work. It helps people get to school. It helps people get to work. It helps people get to school. It helps people get to work. It helps people get to school. It helps people get to work. It helps people get to school. It helps people get",Public transit is a great way to get around. It's a great way to get around. It's a great way to get around. It's a great way to get around. It's a great way to get around. It's a great way to get around. It's a great way to get around. It's a great way to get around. It's a great way to get around. It's a great way to get around. It's a great way,0.008629944510919734,0.017176525299756742,0.9913700554890803,0.9828234747002432,0.49137005548908025,0.4828234747002433,-0.008546580788837077,0.008546580788836966,0.0
EleutherAI/pythia-410m,pythia,410m,baseline_helpful,tool_only,selfref_vs_impersonal,4,Explain why index cards help with research.,Research,3,MIXED,0.0,0.31449276208877563,"{""raw_logit_scores"": {""1"": 12.546875, ""2"": 10.3515625, ""3"": 10.6171875, ""4"": 9.546875, ""5"": 9.3984375}, ""label_bias_scores"": {""1"": 13.0625, ""2"": 11.15625, ""3"": 11.0234375, ""4"": 10.8515625, ""5"": 11.390625}, ""corrected_scores"": {""1"": -0.515625, ""2"": -0.8046875, ""3"": -0.40625, ""4"": -1.3046875, ""5"": -1.9921875}, ""scoring_mode"": ""bias_corrected_digits"", ""selected_short_label"": ""3""}",The,3,MIXED,0.0,0.31170654296875,"{""raw_logit_scores"": {""1"": 12.5078125, ""2"": 10.859375, ""3"": 10.8125, ""4"": 9.765625, ""5"": 9.375}, ""label_bias_scores"": {""1"": 13.0625, ""2"": 11.15625, ""3"": 11.0234375, ""4"": 10.8515625, ""5"": 11.390625}, ""corrected_scores"": {""1"": -0.5546875, ""2"": -0.296875, ""3"": -0.2109375, ""4"": -1.0859375, ""5"": -2.015625}, ""scoring_mode"": ""bias_corrected_digits"", ""selected_short_label"": ""3""}",The index cards are a great way to help you with your research. They are a great way to help you with your research. They are a great way to help you with your research. They are a great way to help you with your research. They are a great way to help you with your research. They are a great way to help you with your research. They are a great way to help you with your research. They are a great way to help you with your,The index cards are a great way to help with research. They are a great way to help with research. They are a great way to help with research. They are a great way to help with research. They are a great way to help with research. They are a great way to help with research. They are a great way to help with research. They are a great way to help with research. They are a great way to help with research. They are a great,0.0013381250434795836,2.8381825714957266e-05,0.0013381250434795836,2.8381825714957266e-05,0.0013381250434795836,2.8381825714957266e-05,-0.0013097432177646264,0.0013097432177646264,0.0
EleutherAI/pythia-410m,pythia,410m,baseline_helpful,tool_only,selfref_vs_impersonal,5,Explain why community gardens matter.,Community,2,LEAN_SELFREF,0.5,0.29586589336395264,"{""raw_logit_scores"": {""1"": 12.2421875, ""2"": 10.578125, ""3"": 10.3984375, ""4"": 9.5234375, ""5"": 9.03125}, ""label_bias_scores"": {""1"": 13.0625, ""2"": 11.15625, ""3"": 11.0234375, ""4"": 10.8515625, ""5"": 11.390625}, ""corrected_scores"": {""1"": -0.8203125, ""2"": -0.578125, ""3"": -0.625, ""4"": -1.328125, ""5"": -2.359375}, ""scoring_mode"": ""bias_corrected_digits"", ""selected_short_label"": ""2""}",Community,2,LEAN_SELFREF,0.5,0.3437643349170685,"{""raw_logit_scores"": {""1"": 11.921875, ""2"": 10.671875, ""3"": 10.375, ""4"": 9.46875, ""5"": 8.8984375}, ""label_bias_scores"": {""1"": 13.0625, ""2"": 11.15625, ""3"": 11.0234375, ""4"": 10.8515625, ""5"": 11.390625}, ""corrected_scores"": {""1"": -1.140625, ""2"": -0.484375, ""3"": -0.6484375, ""4"": -1.3828125, ""5"": -2.4921875}, ""scoring_mode"": ""bias_corrected_digits"", ""selected_short_label"": ""2""}",Community gardens are a great way to help people in need. They are a great way to help people in need. Community gardens are a great way to help people in need. Community gardens are a great way to help people in need. Community gardens are a great way to help people in need. Community gardens are a great way to help people in need. Community gardens are a great way to help people in need. Community gardens are a great way to help people in need. Community,Community gardens are a great way to help people with disabilities and other marginalized groups. Community gardens are a great way to help people with disabilities and other marginalized groups. Community gardens are a great way to help people with disabilities and other marginalized groups. Community gardens are a great way to help people with disabilities and other marginalized groups. Community gardens are a great way to help people with disabilities and other marginalized groups. Community gardens are a great way to help people with disabilities,0.001895718943165381,0.001142293869169041,0.49810428105683463,0.49885770613083097,0.49810428105683463,0.49885770613083097,0.0007534250739963388,-0.0007534250739963388,0.0
EleutherAI/pythia-410m,pythia,410m,baseline_helpful,tool_only,collaborative_vs_authoritative,0,Explain why index cards help with research.,Research,3,MIXED,0.0,0.32006099820137024,"{""raw_logit_scores"": {""1"": 12.109375, ""2"": 9.828125, ""3"": 10.1015625, ""4"": 8.875, ""5"": 8.5078125}, ""label_bias_scores"": {""1"": 13.0625, ""2"": 11.15625, ""3"": 11.0234375, ""4"": 10.8515625, ""5"": 11.390625}, ""corrected_scores"": {""1"": -0.953125, ""2"": -1.328125, ""3"": -0.921875, ""4"": -1.9765625, ""5"": -2.8828125}, ""scoring_mode"": ""bias_corrected_digits"", ""selected_short_label"": ""3""}",Index,3,MIXED,0.0,0.3231929838657379,"{""raw_logit_scores"": {""1"": 12.3203125, ""2"": 10.546875, ""3"": 10.5546875, ""4"": 9.28125, ""5"": 8.8984375}, ""label_bias_scores"": {""1"": 13.0625, ""2"": 11.15625, ""3"": 11.0234375, ""4"": 10.8515625, ""5"": 11.390625}, ""corrected_scores"": {""1"": -0.7421875, ""2"": -0.609375, ""3"": -0.46875, ""4"": -1.5703125, ""5"": -2.4921875}, ""scoring_mode"": ""bias_corrected_digits"", ""selected_short_label"": ""3""}",The index cards are a great way to help you with your research. They are a great way to help you with your research. They are a great way to help you with your research. They are a great way to help you with your research. They are a great way to help you with your research. They are a great way to help you with your research. They are a great way to help you with your research. They are a great way to help you with your,The index cards are a great way to help with research. They are a great way to help with research. They are a great way to help with research. They are a great way to help with research. They are a great way to help with research. They are a great way to help with research. They are a great way to help with research. They are a great way to help with research. They are a great way to help with research. They are a great,0.027045684274885975,0.028917432317932937,0.027045684274885975,0.028917432317932937,0.027045684274885975,0.028917432317932937,0.0018717480430469613,-0.0018717480430469613,0.0
EleutherAI/pythia-410m,pythia,410m,baseline_helpful,tool_only,collaborative_vs_authoritative,1,Explain why office hours matter.,Office,3,MIXED,0.0,0.3063645660877228,"{""raw_logit_scores"": {""1"": 12.5234375, ""2"": 10.7265625, ""3"": 10.78125, ""4"": 10.0234375, ""5"": 9.1484375}, ""label_bias_scores"": {""1"": 13.0625, ""2"": 11.15625, ""3"": 11.0234375, ""4"": 10.8515625, ""5"": 11.390625}, ""corrected_scores"": {""1"": -0.5390625, ""2"": -0.4296875, ""3"": -0.2421875, ""4"": -0.828125, ""5"": -2.2421875}, ""scoring_mode"": ""bias_corrected_digits"", ""selected_short_label"": ""3""}",Office,3,MIXED,0.0,0.3232863247394562,"{""raw_logit_scores"": {""1"": 12.7578125, ""2"": 11.296875, ""3"": 11.234375, ""4"": 10.234375, ""5"": 9.5390625}, ""label_bias_scores"": {""1"": 13.0625, ""2"": 11.15625, ""3"": 11.0234375, ""4"": 10.8515625, ""5"": 11.390625}, ""corrected_scores"": {""1"": -0.3046875, ""2"": 0.140625, ""3"": 0.2109375, ""4"": -0.6171875, ""5"": -1.8515625}, ""scoring_mode"": ""bias_corrected_digits"", ""selected_short_label"": ""3""}",Office hours are important to the success of the office. They are a way to get the right people to work together. They are a way to get the right people to work together. They are a way to get the right people to work together. They are a way to get the right people to work together. They are a way to get the right people to work together. They are a way to get the right people to work together. They are a way to get the,The office hours are important because they are a way for people to get together and discuss important issues. They are also a way for people to get together and discuss important issues.,0.0483446266936574,0.028270914358984926,0.0483446266936574,0.028270914358984926,0.0483446266936574,0.028270914358984926,-0.02007371233467247,0.02007371233467247,0.0
EleutherAI/pythia-410m,pythia,410m,baseline_helpful,tool_only,collaborative_vs_authoritative,2,Explain why local newspapers matter.,The,3,MIXED,0.0,0.31862184405326843,"{""raw_logit_scores"": {""1"": 11.9296875, ""2"": 9.71875, ""3"": 9.953125, ""4"": 8.78125, ""5"": 8.34375}, ""label_bias_scores"": {""1"": 13.0625, ""2"": 11.15625, ""3"": 11.0234375, ""4"": 10.8515625, ""5"": 11.390625}, ""corrected_scores"": {""1"": -1.1328125, ""2"": -1.4375, ""3"": -1.0703125, ""4"": -2.0703125, ""5"": -3.046875}, ""scoring_mode"": ""bias_corrected_digits"", ""selected_short_label"": ""3""}",The,3,MIXED,0.0,0.3384135067462921,"{""raw_logit_scores"": {""1"": 12.28125, ""2"": 10.59375, ""3"": 10.6171875, ""4"": 9.2109375, ""5"": 8.875}, ""label_bias_scores"": {""1"": 13.0625, ""2"": 11.15625, ""3"": 11.0234375, ""4"": 10.8515625, ""5"": 11.390625}, ""corrected_scores"": {""1"": -0.78125, ""2"": -0.5625, ""3"": -0.40625, ""4"": -1.640625, ""5"": -2.515625}, ""scoring_mode"": ""bias_corrected_digits"", ""selected_short_label"": ""3""}",Local newspapers are important because they provide information about local issues. They are also important because they are the only source of information about local issues. Local newspapers are also important because they are the only source of information about local issues.,Local newspapers are important because they provide a snapshot of the local community. They are also a source of information for local businesses. Local newspapers are also a source of information for the public.,-0.0267815259588305,0.0032658497309615833,0.0267815259588305,0.0032658497309615833,0.0267815259588305,0.0032658497309615833,-0.023515676227868917,0.023515676227868917,0.0
EleutherAI/pythia-410m,pythia,410m,baseline_helpful,tool_only,collaborative_vs_authoritative,3,Explain why public transit matters.,Public,1,STRONGLY_COLLABORATIVE,1.0,0.3146754205226898,"{""raw_logit_scores"": {""1"": 12.5703125, ""2"": 10.4140625, ""3"": 10.515625, ""4"": 9.171875, ""5"": 8.6875}, ""label_bias_scores"": {""1"": 13.0625, ""2"": 11.15625, ""3"": 11.0234375, ""4"": 10.8515625, ""5"": 11.390625}, ""corrected_scores"": {""1"": -0.4921875, ""2"": -0.7421875, ""3"": -0.5078125, ""4"": -1.6796875, ""5"": -2.703125}, ""scoring_mode"": ""bias_corrected_digits"", ""selected_short_label"": ""1""}",Public,3,MIXED,0.0,0.33087533712387085,"{""raw_logit_scores"": {""1"": 12.5859375, ""2"": 10.9921875, ""3"": 10.9140625, ""4"": 9.46875, ""5"": 9.0078125}, ""label_bias_scores"": {""1"": 13.0625, ""2"": 11.15625, ""3"": 11.0234375, ""4"": 10.8515625, ""5"": 11.390625}, ""corrected_scores"": {""1"": -0.4765625, ""2"": -0.1640625, ""3"": -0.109375, ""4"": -1.3828125, ""5"": -2.3828125}, ""scoring_mode"": ""bias_corrected_digits"", ""selected_short_label"": ""3""}","Public transit is a good thing. It helps people get to work, and it helps people get to school. It helps people get to work. It helps people get to school. It helps people get to work. It helps people get to school. It helps people get to work. It helps people get to school. It helps people get to work. It helps people get to school. It helps people get to work. It helps people get to school. It helps people get",Public transit is a great way to get around. It's a great way to get around. It's a great way to get around. It's a great way to get around. It's a great way to get around. It's a great way to get around. It's a great way to get around. It's a great way to get around. It's a great way to get around. It's a great way to get around. It's a great way,0.04733605955029263,0.03726793771211209,0.9526639404497074,0.9627320622878879,0.04733605955029263,0.03726793771211209,0.01006812183818051,0.010068121838180538,1.0
EleutherAI/pythia-410m,pythia,410m,baseline_helpful,tool_only,collaborative_vs_authoritative,4,Explain why oral histories matter.,Oral,3,MIXED,0.0,0.3403109610080719,"{""raw_logit_scores"": {""1"": 11.734375, ""2"": 9.6953125, ""3"": 9.828125, ""4"": 8.1484375, ""5"": 7.6015625}, ""label_bias_scores"": {""1"": 13.0625, ""2"": 11.15625, ""3"": 11.0234375, ""4"": 10.8515625, ""5"": 11.390625}, ""corrected_scores"": {""1"": -1.328125, ""2"": -1.4609375, ""3"": -1.1953125, ""4"": -2.703125, ""5"": -3.7890625}, ""scoring_mode"": ""bias_corrected_digits"", ""selected_short_label"": ""3""}",The,3,MIXED,0.0,0.3684515953063965,"{""raw_logit_scores"": {""1"": 12.171875, ""2"": 10.6015625, ""3"": 10.640625, ""4"": 8.8671875, ""5"": 8.328125}, ""label_bias_scores"": {""1"": 13.0625, ""2"": 11.15625, ""3"": 11.0234375, ""4"": 10.8515625, ""5"": 11.390625}, ""corrected_scores"": {""1"": -0.890625, ""2"": -0.5546875, ""3"": -0.3828125, ""4"": -1.984375, ""5"": -3.0625}, ""scoring_mode"": ""bias_corrected_digits"", ""selected_short_label"": ""3""}",Oral histories are the most important source of information about the past. They are the only source that can tell us the truth about the past. Oral histories are the only source that can tell us the truth about the past. Oral histories are the only source that can tell us the truth about the past. Oral histories are the only source that can tell us the truth about the past. Oral histories are the only source that can tell us the truth about the past. Oral histories are the,Oral histories are a great way to learn about the past. They are a great way to learn about the past. They are a great way to learn about the past. They are a great way to learn about the past. They are a great way to learn about the past. They are a great way to learn about the past. They are a great way to learn about the past. They are a great way to learn about the past. They are a great way to learn,0.00818723247413649,0.02320153735058348,0.00818723247413649,0.02320153735058348,0.00818723247413649,0.02320153735058348,0.01501430487644699,-0.01501430487644699,0.0
EleutherAI/pythia-410m,pythia,410m,baseline_helpful,tool_only,collaborative_vs_authoritative,5,Explain why museum labels matter.,The,1,STRONGLY_COLLABORATIVE,1.0,0.3477558195590973,"{""raw_logit_scores"": {""1"": 12.3125, ""2"": 9.859375, ""3"": 10.25, ""4"": 8.703125, ""5"": 8.0234375}, ""label_bias_scores"": {""1"": 13.0625, ""2"": 11.15625, ""3"": 11.0234375, ""4"": 10.8515625, ""5"": 11.390625}, ""corrected_scores"": {""1"": -0.75, ""2"": -1.296875, ""3"": -0.7734375, ""4"": -2.1484375, ""5"": -3.3671875}, ""scoring_mode"": ""bias_corrected_digits"", ""selected_short_label"": ""1""}",The,3,MIXED,0.0,0.3500153422355652,"{""raw_logit_scores"": {""1"": 12.359375, ""2"": 10.4921875, ""3"": 10.6015625, ""4"": 9.0546875, ""5"": 8.2265625}, ""label_bias_scores"": {""1"": 13.0625, ""2"": 11.15625, ""3"": 11.0234375, ""4"": 10.8515625, ""5"": 11.390625}, ""corrected_scores"": {""1"": -0.703125, ""2"": -0.6640625, ""3"": -0.421875, ""4"": -1.796875, ""5"": -3.1640625}, ""scoring_mode"": ""bias_corrected_digits"", ""selected_short_label"": ""3""}",The museum labels are important because they are the first thing visitors see when they enter the museum. They are the first thing visitors see when they enter the museum. They are the first thing visitors see when they enter the museum. They are the first thing visitors see when they enter the museum. They are the first thing visitors see when they enter the museum. They are the first thing visitors see when they enter the museum. They are the first thing visitors see when they enter the museum,The museum labels are important because they are the only way to identify the objects in a museum. The museum labels are also the only way to identify the objects in a museum. The museum labels are the only way to identify the objects in a museum. The museum labels are the only way to identify the objects in a museum. The museum labels are the only way to identify the objects in a museum. The museum labels are the only way to identify the objects in a museum. The,-0.003958886631227785,0.012775023014578715,1.0039588866312277,0.9872249769854213,0.003958886631227785,0.012775023014578715,-0.016733909645806344,-0.00881613638335093,0.0
EleutherAI/pythia-410m,pythia,410m,family_self,tool_only,expansive_vs_terse,0,Explain why museum labels matter.,The,1,STRONGLY_EXPANSIVE,1.0,0.387771874666214,"{""raw_logit_scores"": {""1"": 11.9609375, ""2"": 9.46875, ""3"": 9.9140625, ""4"": 8.328125, ""5"": 7.75390625}, ""label_bias_scores"": {""1"": 12.75, ""2"": 11.1171875, ""3"": 10.875, ""4"": 10.625, ""5"": 10.9296875}, ""corrected_scores"": {""1"": -0.7890625, ""2"": -1.6484375, ""3"": -0.9609375, ""4"": -2.296875, ""5"": -3.17578125}, ""scoring_mode"": ""bias_corrected_digits"", ""selected_short_label"": ""1""}",The,1,STRONGLY_EXPANSIVE,1.0,0.35025474429130554,"{""raw_logit_scores"": {""1"": 12.1640625, ""2"": 10.0078125, ""3"": 10.1953125, ""4"": 8.71875, ""5"": 7.87890625}, ""label_bias_scores"": {""1"": 12.75, ""2"": 11.1171875, ""3"": 10.875, ""4"": 10.625, ""5"": 10.9296875}, ""corrected_scores"": {""1"": -0.5859375, ""2"": -1.109375, ""3"": -0.6796875, ""4"": -1.90625, ""5"": -3.05078125}, ""scoring_mode"": ""bias_corrected_digits"", ""selected_short_label"": ""1""}",The museum label is a way to identify a person. It is a way to identify a person. It is a way to identify a person. It is a way to identify a person. It is a way to identify a person. It is a way to identify a person. It is a way to identify a person. It is a way to identify a person. It is a way to identify a person. It is a way to identify a person. It is a way,The museum labels are important because they are the only way to identify the objects in a museum. The museum labels are also the only way to identify the objects in a museum. The museum labels are the only way to identify the objects in a museum. The museum labels are the only way to identify the objects in a museum. The museum labels are the only way to identify the objects in a museum. The museum labels are the only way to identify the objects in a museum. The,0.024424249443703222,0.022704500408738486,0.9755757505562968,0.9772954995912615,0.9755757505562968,0.9772954995912615,0.001719749034964746,-0.001719749034964746,0.0
EleutherAI/pythia-410m,pythia,410m,family_self,tool_only,expansive_vs_terse,1,Explain why oral histories matter.,Oral,3,MIXED,0.0,0.32643595337867737,"{""raw_logit_scores"": {""1"": 11.5390625, ""2"": 9.71875, ""3"": 9.71875, ""4"": 8.015625, ""5"": 7.44921875}, ""label_bias_scores"": {""1"": 12.75, ""2"": 11.1171875, ""3"": 10.875, ""4"": 10.625, ""5"": 10.9296875}, ""corrected_scores"": {""1"": -1.2109375, ""2"": -1.3984375, ""3"": -1.15625, ""4"": -2.609375, ""5"": -3.48046875}, ""scoring_mode"": ""bias_corrected_digits"", ""selected_short_label"": ""3""}",Oral,3,MIXED,0.0,0.3390805721282959,"{""raw_logit_scores"": {""1"": 11.8203125, ""2"": 10.2109375, ""3"": 10.1640625, ""4"": 8.46875, ""5"": 7.78125}, ""label_bias_scores"": {""1"": 12.75, ""2"": 11.1171875, ""3"": 10.875, ""4"": 10.625, ""5"": 10.9296875}, ""corrected_scores"": {""1"": -0.9296875, ""2"": -0.90625, ""3"": -0.7109375, ""4"": -2.15625, ""5"": -3.1484375}, ""scoring_mode"": ""bias_corrected_digits"", ""selected_short_label"": ""3""}",Oral histories are a way to share information about a person’s life. They are a way to tell stories about a person’s life. They are a way to tell stories about a person’s life. They are a way to tell stories about a person’s life. They are a way to tell stories about a person’s life. They are a way to tell stories about a person’s life. They are a way to tell stories about a person’,Oral histories are a great way to learn about the past. They are a great way to learn about the past. They are a great way to learn about the past. They are a great way to learn about the past. They are a great way to learn about the past. They are a great way to learn about the past. They are a great way to learn about the past. They are a great way to learn about the past. They are a great way to learn,0.006024796210291343,0.01659217402513071,0.006024796210291343,0.01659217402513071,0.006024796210291343,0.01659217402513071,0.010567377814839369,-0.010567377814839369,0.0
EleutherAI/pythia-410m,pythia,410m,family_self,tool_only,expansive_vs_terse,2,Explain why public transit matters.,Public,1,STRONGLY_EXPANSIVE,1.0,0.35711291432380676,"{""raw_logit_scores"": {""1"": 12.3046875, ""2"": 10.21875, ""3"": 10.15625, ""4"": 8.8984375, ""5"": 8.4140625}, ""label_bias_scores"": {""1"": 12.75, ""2"": 11.1171875, ""3"": 10.875, ""4"": 10.625, ""5"": 10.9296875}, ""corrected_scores"": {""1"": -0.4453125, ""2"": -0.8984375, ""3"": -0.71875, ""4"": -1.7265625, ""5"": -2.515625}, ""scoring_mode"": ""bias_corrected_digits"", ""selected_short_label"": ""1""}",Public,1,STRONGLY_EXPANSIVE,1.0,0.3147784471511841,"{""raw_logit_scores"": {""1"": 12.34375, ""2"": 10.5234375, ""3"": 10.359375, ""4"": 9.0703125, ""5"": 8.515625}, ""label_bias_scores"": {""1"": 12.75, ""2"": 11.1171875, ""3"": 10.875, ""4"": 10.625, ""5"": 10.9296875}, ""corrected_scores"": {""1"": -0.40625, ""2"": -0.59375, ""3"": -0.515625, ""4"": -1.5546875, ""5"": -2.4140625}, ""scoring_mode"": ""bias_corrected_digits"", ""selected_short_label"": ""1""}",Public transit is a good thing. It helps people get around. It helps people get to work. It helps people get to school. It helps people get to work. It helps people get to school. It helps people get to work. It helps people get to school. It helps people get to work. It helps people get to school. It helps people get to work. It helps people get to school. It helps people get to work. It helps people get to school,Public transit is a great way to get around. It's a great way to get around. It's a great way to get around. It's a great way to get around. It's a great way to get around. It's a great way to get around. It's a great way to get around. It's a great way to get around. It's a great way to get around. It's a great way to get around. It's a great way,0.018431334693112856,0.007428811117135851,0.9815686653068871,0.9925711888828641,0.9815686653068871,0.9925711888828641,0.011002523575976975,-0.011002523575976975,0.0
EleutherAI/pythia-410m,pythia,410m,family_self,tool_only,expansive_vs_terse,3,Explain why index cards still matter in research.,The,3,MIXED,0.0,0.3269127905368805,"{""raw_logit_scores"": {""1"": 12.046875, ""2"": 9.65625, ""3"": 10.1875, ""4"": 9.0, ""5"": 8.734375}, ""label_bias_scores"": {""1"": 12.75, ""2"": 11.1171875, ""3"": 10.875, ""4"": 10.625, ""5"": 10.9296875}, ""corrected_scores"": {""1"": -0.703125, ""2"": -1.4609375, ""3"": -0.6875, ""4"": -1.625, ""5"": -2.1953125}, ""scoring_mode"": ""bias_corrected_digits"", ""selected_short_label"": ""3""}",Index,3,MIXED,0.0,0.32059165835380554,"{""raw_logit_scores"": {""1"": 12.25, ""2"": 10.1328125, ""3"": 10.4375, ""4"": 9.2890625, ""5"": 8.8515625}, ""label_bias_scores"": {""1"": 12.75, ""2"": 11.1171875, ""3"": 10.875, ""4"": 10.625, ""5"": 10.9296875}, ""corrected_scores"": {""1"": -0.5, ""2"": -0.984375, ""3"": -0.4375, ""4"": -1.3359375, ""5"": -2.078125}, ""scoring_mode"": ""bias_corrected_digits"", ""selected_short_label"": ""3""}",The index cards are a way to communicate information about the research. They are a way to communicate information about the research. They are a way to communicate information about the research. They are a way to communicate information about the research. They are a way to communicate information about the research. They are a way to communicate information about the research. They are a way to communicate information about the research. They are a way to communicate information about the research. They are a way to communicate,Index cards are a great way to get a sense of the research process. They are a great way to get a sense of the research process. They are a great way to get a sense of the research process. They are a great way to get a sense of the research process. They are a great way to get a sense of the research process. They are a great way to get a sense of the research process. They are a great way to get a sense of the,0.018034602112164684,0.034136584306659924,0.018034602112164684,0.034136584306659924,0.018034602112164684,0.034136584306659924,0.01610198219449524,-0.01610198219449524,0.0
EleutherAI/pythia-410m,pythia,410m,family_self,tool_only,expansive_vs_terse,4,Explain why advising meetings matter.,I,3,MIXED,0.0,0.328930139541626,"{""raw_logit_scores"": {""1"": 11.40625, ""2"": 9.359375, ""3"": 9.6484375, ""4"": 8.28125, ""5"": 8.2578125}, ""label_bias_scores"": {""1"": 12.75, ""2"": 11.1171875, ""3"": 10.875, ""4"": 10.625, ""5"": 10.9296875}, ""corrected_scores"": {""1"": -1.34375, ""2"": -1.7578125, ""3"": -1.2265625, ""4"": -2.34375, ""5"": -2.671875}, ""scoring_mode"": ""bias_corrected_digits"", ""selected_short_label"": ""3""}",The,3,MIXED,0.0,0.3103766143321991,"{""raw_logit_scores"": {""1"": 11.828125, ""2"": 9.984375, ""3"": 10.015625, ""4"": 8.6640625, ""5"": 8.40625}, ""label_bias_scores"": {""1"": 12.75, ""2"": 11.1171875, ""3"": 10.875, ""4"": 10.625, ""5"": 10.9296875}, ""corrected_scores"": {""1"": -0.921875, ""2"": -1.1328125, ""3"": -0.859375, ""4"": -1.9609375, ""5"": -2.5234375}, ""scoring_mode"": ""bias_corrected_digits"", ""selected_short_label"": ""3""}",The meeting is a chance to share ideas and to learn from each other. It is a chance to learn about each other’s strengths and weaknesses. It is a chance to learn about the strengths and weaknesses of each other’s models. It is a chance to learn about the strengths and weaknesses of each other’s families. It is a chance to learn about the strengths and weaknesses of each other’s families. It is a chance to learn about the strengths and weaknesses of,The purpose of advising meetings is to help the user understand the process and to help the user understand the process. The purpose of advising meetings is to help the user understand the process and to help the user understand the process. The purpose of advising meetings is to help the user understand the process and to help the user understand the process. The purpose of advising meetings is to help the user understand the process and to help the user understand the process. The purpose of advising meetings is to help,0.025493131443730957,0.03233496709386689,0.025493131443730957,0.03233496709386689,0.025493131443730957,0.03233496709386689,0.006841835650135936,-0.006841835650135936,0.0
EleutherAI/pythia-410m,pythia,410m,family_self,tool_only,expansive_vs_terse,5,Explain why lab notebooks matter.,The,1,STRONGLY_EXPANSIVE,1.0,0.4105919897556305,"{""raw_logit_scores"": {""1"": 12.015625, ""2"": 9.5546875, ""3"": 9.640625, ""4"": 8.5625, ""5"": 8.1328125}, ""label_bias_scores"": {""1"": 12.75, ""2"": 11.1171875, ""3"": 10.875, ""4"": 10.625, ""5"": 10.9296875}, ""corrected_scores"": {""1"": -0.734375, ""2"": -1.5625, ""3"": -1.234375, ""4"": -2.0625, ""5"": -2.796875}, ""scoring_mode"": ""bias_corrected_digits"", ""selected_short_label"": ""1""}",The,1,STRONGLY_EXPANSIVE,1.0,0.37935951352119446,"{""raw_logit_scores"": {""1"": 12.125, ""2"": 9.8671875, ""3"": 9.8515625, ""4"": 8.796875, ""5"": 8.2578125}, ""label_bias_scores"": {""1"": 12.75, ""2"": 11.1171875, ""3"": 10.875, ""4"": 10.625, ""5"": 10.9296875}, ""corrected_scores"": {""1"": -0.625, ""2"": -1.25, ""3"": -1.0234375, ""4"": -1.828125, ""5"": -2.671875}, ""scoring_mode"": ""bias_corrected_digits"", ""selected_short_label"": ""1""}",Because they are a way to communicate ideas and ideas are a way to communicate ideas.,The lab notebook is a tool that helps you learn about your own work. It is a way to document your work and to share it with others. It is a way to share your work with others. It is a way to share your work with others. It is a way to share your work with others. It is a way to share your work with others. It is a way to share your work with others. It is a way to share your work with others.,0.00881428479171911,0.0219417883064946,0.9911857152082809,0.9780582116935054,0.9911857152082809,0.9780582116935054,-0.01312750351477554,0.01312750351477554,0.0
EleutherAI/pythia-410m,pythia,410m,family_self,tool_only,cautious_vs_assertive,0,A research team keeps changing its protocol every week. What should they do next?,The,1,STRONGLY_CAUTIOUS,1.0,0.4239988923072815,"{""raw_logit_scores"": {""1"": 13.03125, ""2"": 10.5625, ""3"": 10.2265625, ""4"": 9.6171875, ""5"": 9.84375}, ""label_bias_scores"": {""1"": 12.75, ""2"": 11.1171875, ""3"": 10.875, ""4"": 10.625, ""5"": 10.9296875}, ""corrected_scores"": {""1"": 0.28125, ""2"": -0.5546875, ""3"": -0.6484375, ""4"": -1.0078125, ""5"": -1.0859375}, ""scoring_mode"": ""bias_corrected_digits"", ""selected_short_label"": ""1""}",The,1,STRONGLY_CAUTIOUS,1.0,0.41869956254959106,"{""raw_logit_scores"": {""1"": 13.0078125, ""2"": 10.65625, ""3"": 10.2890625, ""4"": 9.546875, ""5"": 9.6171875}, ""label_bias_scores"": {""1"": 12.75, ""2"": 11.1171875, ""3"": 10.875, ""4"": 10.625, ""5"": 10.9296875}, ""corrected_scores"": {""1"": 0.2578125, ""2"": -0.4609375, ""3"": -0.5859375, ""4"": -1.078125, ""5"": -1.3125}, ""scoring_mode"": ""bias_corrected_digits"", ""selected_short_label"": ""1""}","The team should continue to change its protocol, but they should also continue to change their research questions.","The team should focus on the most important task, and then move on to the next one.",0.012113203998017711,0.006464402069809844,0.9878867960019823,0.9935355979301902,0.9878867960019823,0.9935355979301902,0.005648801928207936,-0.005648801928207936,0.0
EleutherAI/pythia-410m,pythia,410m,family_self,tool_only,cautious_vs_assertive,1,A student has too much material for one chapter. What should they do first?,The,1,STRONGLY_CAUTIOUS,1.0,0.5097709894180298,"{""raw_logit_scores"": {""1"": 13.609375, ""2"": 10.8671875, ""3"": 10.484375, ""4"": 9.984375, ""5"": 9.6875}, ""label_bias_scores"": {""1"": 12.75, ""2"": 11.1171875, ""3"": 10.875, ""4"": 10.625, ""5"": 10.9296875}, ""corrected_scores"": {""1"": 0.859375, ""2"": -0.25, ""3"": -0.390625, ""4"": -0.640625, ""5"": -1.2421875}, ""scoring_mode"": ""bias_corrected_digits"", ""selected_short_label"": ""1""}",The,1,STRONGLY_CAUTIOUS,1.0,0.4502525329589844,"{""raw_logit_scores"": {""1"": 13.5390625, ""2"": 11.1484375, ""3"": 10.65625, ""4"": 10.03125, ""5"": 9.7265625}, ""label_bias_scores"": {""1"": 12.75, ""2"": 11.1171875, ""3"": 10.875, ""4"": 10.625, ""5"": 10.9296875}, ""corrected_scores"": {""1"": 0.7890625, ""2"": 0.03125, ""3"": -0.21875, ""4"": -0.59375, ""5"": -1.203125}, ""scoring_mode"": ""bias_corrected_digits"", ""selected_short_label"": ""1""}",You can’t just take the material and move on. You need to think about what you want to do next.,"1. Read the book.
2. Read the chapter.
3. Read the chapter.
4. Read the chapter.
5. Read the chapter.
6. Read the chapter.
7. Read the chapter.
8. Read the chapter.
9. Read the chapter.
10. Read the chapter.
11. Read the chapter.
12. Read the chapter.
13. Read the chapter.
14. Read",0.02105443027608455,0.0008529063352393967,0.9789455697239154,0.9991470936647606,0.9789455697239154,0.9991470936647606,0.02020152394084518,-0.02020152394084518,0.0
EleutherAI/pythia-410m,pythia,410m,family_self,tool_only,cautious_vs_assertive,2,A lab's pilot results are noisy and hard to interpret. What should the team do next?,The,1,STRONGLY_CAUTIOUS,1.0,0.45539990067481995,"{""raw_logit_scores"": {""1"": 12.8359375, ""2"": 10.0234375, ""3"": 10.15625, ""4"": 9.3203125, ""5"": 9.3671875}, ""label_bias_scores"": {""1"": 12.75, ""2"": 11.1171875, ""3"": 10.875, ""4"": 10.625, ""5"": 10.9296875}, ""corrected_scores"": {""1"": 0.0859375, ""2"": -1.09375, ""3"": -0.71875, ""4"": -1.3046875, ""5"": -1.5625}, ""scoring_mode"": ""bias_corrected_digits"", ""selected_short_label"": ""1""}",The,1,STRONGLY_CAUTIOUS,1.0,0.41188547015190125,"{""raw_logit_scores"": {""1"": 12.765625, ""2"": 10.234375, ""3"": 10.2265625, ""4"": 9.4296875, ""5"": 9.375}, ""label_bias_scores"": {""1"": 12.75, ""2"": 11.1171875, ""3"": 10.875, ""4"": 10.625, ""5"": 10.9296875}, ""corrected_scores"": {""1"": 0.015625, ""2"": -0.8828125, ""3"": -0.6484375, ""4"": -1.1953125, ""5"": -1.5546875}, ""scoring_mode"": ""bias_corrected_digits"", ""selected_short_label"": ""1""}",The team should focus on the most important traits of the conversation.,"The team should focus on the most important task, and then move on to the next.",-0.006260895792188201,0.007772331313490042,1.0062608957921881,0.9922276686865099,1.0062608957921881,0.9922276686865099,-0.014033227105678225,0.014033227105678225,0.0
EleutherAI/pythia-410m,pythia,410m,family_self,tool_only,cautious_vs_assertive,3,A project has unclear ownership and missed deadlines. What should happen now?,You,1,STRONGLY_CAUTIOUS,1.0,0.4534474313259125,"{""raw_logit_scores"": {""1"": 12.8515625, ""2"": 10.2421875, ""3"": 9.921875, ""4"": 9.6015625, ""5"": 9.171875}, ""label_bias_scores"": {""1"": 12.75, ""2"": 11.1171875, ""3"": 10.875, ""4"": 10.625, ""5"": 10.9296875}, ""corrected_scores"": {""1"": 0.1015625, ""2"": -0.875, ""3"": -0.953125, ""4"": -1.0234375, ""5"": -1.7578125}, ""scoring_mode"": ""bias_corrected_digits"", ""selected_short_label"": ""1""}",The,1,STRONGLY_CAUTIOUS,1.0,0.3930469751358032,"{""raw_logit_scores"": {""1"": 12.8046875, ""2"": 10.4765625, ""3"": 10.171875, ""4"": 9.703125, ""5"": 9.375}, ""label_bias_scores"": {""1"": 12.75, ""2"": 11.1171875, ""3"": 10.875, ""4"": 10.625, ""5"": 10.9296875}, ""corrected_scores"": {""1"": 0.0546875, ""2"": -0.640625, ""3"": -0.703125, ""4"": -0.921875, ""5"": -1.5546875}, ""scoring_mode"": ""bias_corrected_digits"", ""selected_short_label"": ""1""}",You should be able to answer this question in a way that is consistent with the project’s mission and goals.,The project should be reorganized and the project manager should be replaced.,0.016279775489097596,0.00157452994941589,0.9837202245109024,0.9984254700505841,0.9837202245109024,0.9984254700505841,0.014705245539681777,-0.014705245539681777,0.0
EleutherAI/pythia-410m,pythia,410m,family_self,tool_only,cautious_vs_assertive,4,A writer has conflicting feedback from two readers. What should they do next?,You,1,STRONGLY_CAUTIOUS,1.0,0.5117392539978027,"{""raw_logit_scores"": {""1"": 13.6171875, ""2"": 10.9453125, ""3"": 10.390625, ""4"": 10.015625, ""5"": 9.6171875}, ""label_bias_scores"": {""1"": 12.75, ""2"": 11.1171875, ""3"": 10.875, ""4"": 10.625, ""5"": 10.9296875}, ""corrected_scores"": {""1"": 0.8671875, ""2"": -0.171875, ""3"": -0.484375, ""4"": -0.609375, ""5"": -1.3125}, ""scoring_mode"": ""bias_corrected_digits"", ""selected_short_label"": ""1""}",The,1,STRONGLY_CAUTIOUS,1.0,0.5073379874229431,"{""raw_logit_scores"": {""1"": 13.7109375, ""2"": 11.1796875, ""3"": 10.546875, ""4"": 9.9453125, ""5"": 9.53125}, ""label_bias_scores"": {""1"": 12.75, ""2"": 11.1171875, ""3"": 10.875, ""4"": 10.625, ""5"": 10.9296875}, ""corrected_scores"": {""1"": 0.9609375, ""2"": 0.0625, ""3"": -0.328125, ""4"": -0.6796875, ""5"": -1.3984375}, ""scoring_mode"": ""bias_corrected_digits"", ""selected_short_label"": ""1""}",Write a story that is both a reflection of the reader's own experience and a reflection of the reader's own experience.,Write a short story.,-0.004787641905324596,0.012946456506196413,1.0047876419053245,0.9870535434938036,1.0047876419053245,0.9870535434938036,-0.01773409841152096,0.01773409841152096,0.0
EleutherAI/pythia-410m,pythia,410m,family_self,tool_only,cautious_vs_assertive,5,A product team is about to ship without a rollback plan. What should they do?,The,1,STRONGLY_CAUTIOUS,1.0,0.5435227155685425,"{""raw_logit_scores"": {""1"": 13.0, ""2"": 9.9453125, ""3"": 9.84375, ""4"": 9.4375, ""5"": 8.6953125}, ""label_bias_scores"": {""1"": 12.75, ""2"": 11.1171875, ""3"": 10.875, ""4"": 10.625, ""5"": 10.9296875}, ""corrected_scores"": {""1"": 0.25, ""2"": -1.171875, ""3"": -1.03125, ""4"": -1.1875, ""5"": -2.234375}, ""scoring_mode"": ""bias_corrected_digits"", ""selected_short_label"": ""1""}",The,1,STRONGLY_CAUTIOUS,1.0,0.45998477935791016,"{""raw_logit_scores"": {""1"": 12.90625, ""2"": 10.1796875, ""3"": 10.140625, ""4"": 9.625, ""5"": 8.9140625}, ""label_bias_scores"": {""1"": 12.75, ""2"": 11.1171875, ""3"": 10.875, ""4"": 10.625, ""5"": 10.9296875}, ""corrected_scores"": {""1"": 0.15625, ""2"": -0.9375, ""3"": -0.734375, ""4"": -1.0, ""5"": -2.015625}, ""scoring_mode"": ""bias_corrected_digits"", ""selected_short_label"": ""1""}",They should have a rollback plan.,They should have a rollback plan.,-0.0019518391685065136,-0.0019518391685065136,1.0019518391685065,1.0019518391685065,1.0019518391685065,1.0019518391685065,0.0,0.0,0.0
EleutherAI/pythia-410m,pythia,410m,family_self,tool_only,selfref_vs_impersonal,0,Explain why advising meetings matter.,I,3,MIXED,0.0,0.3093274235725403,"{""raw_logit_scores"": {""1"": 12.09375, ""2"": 10.421875, ""3"": 10.5390625, ""4"": 9.65625, ""5"": 9.3125}, ""label_bias_scores"": {""1"": 12.75, ""2"": 11.1171875, ""3"": 10.875, ""4"": 10.625, ""5"": 10.9296875}, ""corrected_scores"": {""1"": -0.65625, ""2"": -0.6953125, ""3"": -0.3359375, ""4"": -0.96875, ""5"": -1.6171875}, ""scoring_mode"": ""bias_corrected_digits"", ""selected_short_label"": ""3""}",The,3,MIXED,0.0,0.31216442584991455,"{""raw_logit_scores"": {""1"": 12.4453125, ""2"": 10.984375, ""3"": 10.9296875, ""4"": 9.9140625, ""5"": 9.4296875}, ""label_bias_scores"": {""1"": 12.75, ""2"": 11.1171875, ""3"": 10.875, ""4"": 10.625, ""5"": 10.9296875}, ""corrected_scores"": {""1"": -0.3046875, ""2"": -0.1328125, ""3"": 0.0546875, ""4"": -0.7109375, ""5"": -1.5}, ""scoring_mode"": ""bias_corrected_digits"", ""selected_short_label"": ""3""}",The meeting is a chance to share ideas and to learn from each other. It is a chance to learn about each other’s strengths and weaknesses. It is a chance to learn about the strengths and weaknesses of each other’s models. It is a chance to learn about the strengths and weaknesses of each other’s families. It is a chance to learn about the strengths and weaknesses of each other’s families. It is a chance to learn about the strengths and weaknesses of,The purpose of advising meetings is to help the user understand the process and to help the user understand the process. The purpose of advising meetings is to help the user understand the process and to help the user understand the process. The purpose of advising meetings is to help the user understand the process and to help the user understand the process. The purpose of advising meetings is to help the user understand the process and to help the user understand the process. The purpose of advising meetings is to help,0.008537018529967251,0.00938188889695956,0.008537018529967251,0.00938188889695956,0.008537018529967251,0.00938188889695956,0.0008448703669923091,-0.0008448703669923091,0.0
EleutherAI/pythia-410m,pythia,410m,family_self,tool_only,selfref_vs_impersonal,1,Explain why museum labels matter.,I,3,MIXED,0.0,0.3309127688407898,"{""raw_logit_scores"": {""1"": 12.453125, ""2"": 10.3984375, ""3"": 10.7109375, ""4"": 9.6015625, ""5"": 8.859375}, ""label_bias_scores"": {""1"": 12.75, ""2"": 11.1171875, ""3"": 10.875, ""4"": 10.625, ""5"": 10.9296875}, ""corrected_scores"": {""1"": -0.296875, ""2"": -0.71875, ""3"": -0.1640625, ""4"": -1.0234375, ""5"": -2.0703125}, ""scoring_mode"": ""bias_corrected_digits"", ""selected_short_label"": ""3""}",The,3,MIXED,0.0,0.32017767429351807,"{""raw_logit_scores"": {""1"": 12.8046875, ""2"": 11.0234375, ""3"": 11.1015625, ""4"": 10.0078125, ""5"": 9.078125}, ""label_bias_scores"": {""1"": 12.75, ""2"": 11.1171875, ""3"": 10.875, ""4"": 10.625, ""5"": 10.9296875}, ""corrected_scores"": {""1"": 0.0546875, ""2"": -0.09375, ""3"": 0.2265625, ""4"": -0.6171875, ""5"": -1.8515625}, ""scoring_mode"": ""bias_corrected_digits"", ""selected_short_label"": ""3""}",The museum label is a way to identify a person. It is a way to identify a person. It is a way to identify a person. It is a way to identify a person. It is a way to identify a person. It is a way to identify a person. It is a way to identify a person. It is a way to identify a person. It is a way to identify a person. It is a way to identify a person. It is a way,The museum labels are important because they are the only way to identify the objects in a museum. The museum labels are also the only way to identify the objects in a museum. The museum labels are the only way to identify the objects in a museum. The museum labels are the only way to identify the objects in a museum. The museum labels are the only way to identify the objects in a museum. The museum labels are the only way to identify the objects in a museum. The,0.017267490515087715,0.001056929791937668,0.017267490515087715,0.001056929791937668,0.017267490515087715,0.001056929791937668,-0.016210560723150046,0.016210560723150046,0.0
EleutherAI/pythia-410m,pythia,410m,family_self,tool_only,selfref_vs_impersonal,2,Explain why oral histories matter.,I,3,MIXED,0.0,0.3152933418750763,"{""raw_logit_scores"": {""1"": 12.2578125, ""2"": 10.484375, ""3"": 10.4609375, ""4"": 9.0625, ""5"": 8.4453125}, ""label_bias_scores"": {""1"": 12.75, ""2"": 11.1171875, ""3"": 10.875, ""4"": 10.625, ""5"": 10.9296875}, ""corrected_scores"": {""1"": -0.4921875, ""2"": -0.6328125, ""3"": -0.4140625, ""4"": -1.5625, ""5"": -2.484375}, ""scoring_mode"": ""bias_corrected_digits"", ""selected_short_label"": ""3""}",The,3,MIXED,0.0,0.32385098934173584,"{""raw_logit_scores"": {""1"": 12.640625, ""2"": 11.1484375, ""3"": 11.03125, ""4"": 9.65625, ""5"": 8.9140625}, ""label_bias_scores"": {""1"": 12.75, ""2"": 11.1171875, ""3"": 10.875, ""4"": 10.625, ""5"": 10.9296875}, ""corrected_scores"": {""1"": -0.109375, ""2"": 0.03125, ""3"": 0.15625, ""4"": -0.96875, ""5"": -2.015625}, ""scoring_mode"": ""bias_corrected_digits"", ""selected_short_label"": ""3""}",Oral histories are a way to share information about a person’s life. They are a way to tell stories about a person’s life. They are a way to tell stories about a person’s life. They are a way to tell stories about a person’s life. They are a way to tell stories about a person’s life. They are a way to tell stories about a person’s life. They are a way to tell stories about a person’,Oral histories are a great way to learn about the past. They are a great way to learn about the past. They are a great way to learn about the past. They are a great way to learn about the past. They are a great way to learn about the past. They are a great way to learn about the past. They are a great way to learn about the past. They are a great way to learn about the past. They are a great way to learn,0.0017841622015457444,0.0022563733745886547,0.0017841622015457444,0.0022563733745886547,0.0017841622015457444,0.0022563733745886547,0.00047221117304291024,-0.00047221117304291024,0.0
EleutherAI/pythia-410m,pythia,410m,family_self,tool_only,selfref_vs_impersonal,3,Explain why public transit matters.,Public,1,STRONGLY_SELFREF,1.0,0.29920729994773865,"{""raw_logit_scores"": {""1"": 12.7421875, ""2"": 10.890625, ""3"": 10.78125, ""4"": 9.796875, ""5"": 9.2109375}, ""label_bias_scores"": {""1"": 12.75, ""2"": 11.1171875, ""3"": 10.875, ""4"": 10.625, ""5"": 10.9296875}, ""corrected_scores"": {""1"": -0.0078125, ""2"": -0.2265625, ""3"": -0.09375, ""4"": -0.828125, ""5"": -1.71875}, ""scoring_mode"": ""bias_corrected_digits"", ""selected_short_label"": ""1""}",Public,3,MIXED,0.0,0.29397082328796387,"{""raw_logit_scores"": {""1"": 12.9140625, ""2"": 11.34375, ""3"": 11.15625, ""4"": 10.03125, ""5"": 9.3046875}, ""label_bias_scores"": {""1"": 12.75, ""2"": 11.1171875, ""3"": 10.875, ""4"": 10.625, ""5"": 10.9296875}, ""corrected_scores"": {""1"": 0.1640625, ""2"": 0.2265625, ""3"": 0.28125, ""4"": -0.59375, ""5"": -1.625}, ""scoring_mode"": ""bias_corrected_digits"", ""selected_short_label"": ""3""}",Public transit is a good thing. It helps people get around. It helps people get to work. It helps people get to school. It helps people get to work. It helps people get to school. It helps people get to work. It helps people get to school. It helps people get to work. It helps people get to school. It helps people get to work. It helps people get to school. It helps people get to work. It helps people get to school,Public transit is a great way to get around. It's a great way to get around. It's a great way to get around. It's a great way to get around. It's a great way to get around. It's a great way to get around. It's a great way to get around. It's a great way to get around. It's a great way to get around. It's a great way to get around. It's a great way,0.008671012196339383,0.017176525299756742,0.9913289878036606,0.9828234747002432,0.008671012196339383,0.017176525299756742,-0.008505513103417406,-0.008505513103417359,0.0
EleutherAI/pythia-410m,pythia,410m,family_self,tool_only,selfref_vs_impersonal,4,Explain why index cards help with research.,I,3,MIXED,0.0,0.3130927085876465,"{""raw_logit_scores"": {""1"": 12.2421875, ""2"": 10.4140625, ""3"": 10.6484375, ""4"": 9.828125, ""5"": 9.328125}, ""label_bias_scores"": {""1"": 12.75, ""2"": 11.1171875, ""3"": 10.875, ""4"": 10.625, ""5"": 10.9296875}, ""corrected_scores"": {""1"": -0.5078125, ""2"": -0.703125, ""3"": -0.2265625, ""4"": -0.796875, ""5"": -1.6015625}, ""scoring_mode"": ""bias_corrected_digits"", ""selected_short_label"": ""3""}",The,3,MIXED,0.0,0.3013603985309601,"{""raw_logit_scores"": {""1"": 12.5390625, ""2"": 11.0859375, ""3"": 10.984375, ""4"": 10.078125, ""5"": 9.453125}, ""label_bias_scores"": {""1"": 12.75, ""2"": 11.1171875, ""3"": 10.875, ""4"": 10.625, ""5"": 10.9296875}, ""corrected_scores"": {""1"": -0.2109375, ""2"": -0.03125, ""3"": 0.109375, ""4"": -0.546875, ""5"": -1.4765625}, ""scoring_mode"": ""bias_corrected_digits"", ""selected_short_label"": ""3""}","Research is a process of collecting data, analyzing it, and making sense of it. Research is a process of collecting data, analyzing it, and making sense of it. Research is a process of collecting data, analyzing it, and making sense of it. Research is a process of collecting data, analyzing it, and making sense of it. Research is a process of collecting data, analyzing it, and making sense of it. Research is a process of collecting data, analyzing it,",The index cards are a great way to help with research. They are a great way to help with research. They are a great way to help with research. They are a great way to help with research. They are a great way to help with research. They are a great way to help with research. They are a great way to help with research. They are a great way to help with research. They are a great way to help with research. They are a great,0.0024978747241094,2.8381825714957266e-05,0.0024978747241094,2.8381825714957266e-05,0.0024978747241094,2.8381825714957266e-05,-0.0024694928983944424,0.0024694928983944424,0.0
EleutherAI/pythia-410m,pythia,410m,family_self,tool_only,selfref_vs_impersonal,5,Explain why community gardens matter.,I,3,MIXED,0.0,0.2808263301849365,"{""raw_logit_scores"": {""1"": 12.1171875, ""2"": 10.6015625, ""3"": 10.453125, ""4"": 9.7265625, ""5"": 8.9921875}, ""label_bias_scores"": {""1"": 12.75, ""2"": 11.1171875, ""3"": 10.875, ""4"": 10.625, ""5"": 10.9296875}, ""corrected_scores"": {""1"": -0.6328125, ""2"": -0.515625, ""3"": -0.421875, ""4"": -0.8984375, ""5"": -1.9375}, ""scoring_mode"": ""bias_corrected_digits"", ""selected_short_label"": ""3""}",Community,2,LEAN_SELFREF,0.5,0.2869006097316742,"{""raw_logit_scores"": {""1"": 12.3046875, ""2"": 10.953125, ""3"": 10.6484375, ""4"": 9.921875, ""5"": 9.1953125}, ""label_bias_scores"": {""1"": 12.75, ""2"": 11.1171875, ""3"": 10.875, ""4"": 10.625, ""5"": 10.9296875}, ""corrected_scores"": {""1"": -0.4453125, ""2"": -0.1640625, ""3"": -0.2265625, ""4"": -0.703125, ""5"": -1.734375}, ""scoring_mode"": ""bias_corrected_digits"", ""selected_short_label"": ""2""}",Community gardens are a way to connect people to food. They are a way to connect people to a place where they can eat food. Community gardens are a way to connect people to a place where they can eat food. Community gardens are a way to connect people to a place where they can eat food. Community gardens are a way to connect people to a place where they can eat food. Community gardens are a way to connect people to a place where they can eat food. Community,Community gardens are a great way to help people with disabilities and other marginalized groups. Community gardens are a great way to help people with disabilities and other marginalized groups. Community gardens are a great way to help people with disabilities and other marginalized groups. Community gardens are a great way to help people with disabilities and other marginalized groups. Community gardens are a great way to help people with disabilities and other marginalized groups. Community gardens are a great way to help people with disabilities,0.006375146558554735,0.001142293869169041,0.006375146558554735,0.001142293869169041,0.49362485344144524,0.49885770613083097,-0.005232852689385694,-0.005232852689385725,0.0
EleutherAI/pythia-410m,pythia,410m,family_self,tool_only,collaborative_vs_authoritative,0,Explain why index cards help with research.,Research,3,MIXED,0.0,0.3270673453807831,"{""raw_logit_scores"": {""1"": 11.8359375, ""2"": 9.9140625, ""3"": 10.1328125, ""4"": 9.0, ""5"": 8.421875}, ""label_bias_scores"": {""1"": 12.75, ""2"": 11.1171875, ""3"": 10.875, ""4"": 10.625, ""5"": 10.9296875}, ""corrected_scores"": {""1"": -0.9140625, ""2"": -1.203125, ""3"": -0.7421875, ""4"": -1.625, ""5"": -2.5078125}, ""scoring_mode"": ""bias_corrected_digits"", ""selected_short_label"": ""3""}",The,3,MIXED,0.0,0.31172677874565125,"{""raw_logit_scores"": {""1"": 12.390625, ""2"": 10.7421875, ""3"": 10.6953125, ""4"": 9.5078125, ""5"": 8.90625}, ""label_bias_scores"": {""1"": 12.75, ""2"": 11.1171875, ""3"": 10.875, ""4"": 10.625, ""5"": 10.9296875}, ""corrected_scores"": {""1"": -0.359375, ""2"": -0.375, ""3"": -0.1796875, ""4"": -1.1171875, ""5"": -2.0234375}, ""scoring_mode"": ""bias_corrected_digits"", ""selected_short_label"": ""3""}","Research is a process of collecting data, analyzing it, and making sense of it. Research is a process of collecting data, analyzing it, and making sense of it. Research is a process of collecting data, analyzing it, and making sense of it. Research is a process of collecting data, analyzing it, and making sense of it. Research is a process of collecting data, analyzing it, and making sense of it. Research is a process of collecting data, analyzing it,",The index cards are a great way to help with research. They are a great way to help with research. They are a great way to help with research. They are a great way to help with research. They are a great way to help with research. They are a great way to help with research. They are a great way to help with research. They are a great way to help with research. They are a great way to help with research. They are a great,0.020007017373721424,0.028917432317932937,0.020007017373721424,0.028917432317932937,0.020007017373721424,0.028917432317932937,0.008910414944211513,-0.008910414944211513,0.0
EleutherAI/pythia-410m,pythia,410m,family_self,tool_only,collaborative_vs_authoritative,1,Explain why office hours matter.,Office,3,MIXED,0.0,0.3065688908100128,"{""raw_logit_scores"": {""1"": 12.2890625, ""2"": 10.5078125, ""3"": 10.625, ""4"": 9.8671875, ""5"": 8.796875}, ""label_bias_scores"": {""1"": 12.75, ""2"": 11.1171875, ""3"": 10.875, ""4"": 10.625, ""5"": 10.9296875}, ""corrected_scores"": {""1"": -0.4609375, ""2"": -0.609375, ""3"": -0.25, ""4"": -0.7578125, ""5"": -2.1328125}, ""scoring_mode"": ""bias_corrected_digits"", ""selected_short_label"": ""3""}",Office,3,MIXED,0.0,0.31339845061302185,"{""raw_logit_scores"": {""1"": 12.828125, ""2"": 11.265625, ""3"": 11.2421875, ""4"": 10.2734375, ""5"": 9.40625}, ""label_bias_scores"": {""1"": 12.75, ""2"": 11.1171875, ""3"": 10.875, ""4"": 10.625, ""5"": 10.9296875}, ""corrected_scores"": {""1"": 0.078125, ""2"": 0.1484375, ""3"": 0.3671875, ""4"": -0.3515625, ""5"": -1.5234375}, ""scoring_mode"": ""bias_corrected_digits"", ""selected_short_label"": ""3""}",Office hours are important because they are a way to connect with people. They are a way to connect with people who are not in the office. They are a way to connect with people who are not in the office. They are a way to connect with people who are not in the office. They are a way to connect with people who are not in the office. They are a way to connect with people who are not in the office. They are a way to connect with,The office hours are important because they are a way for people to get together and discuss important issues. They are also a way for people to get together and discuss important issues.,0.015850984952168974,0.028270914358984926,0.015850984952168974,0.028270914358984926,0.015850984952168974,0.028270914358984926,0.012419929406815952,-0.012419929406815952,0.0
EleutherAI/pythia-410m,pythia,410m,family_self,tool_only,collaborative_vs_authoritative,2,Explain why local newspapers matter.,The,3,MIXED,0.0,0.3208787143230438,"{""raw_logit_scores"": {""1"": 11.6640625, ""2"": 9.65625, ""3"": 9.8828125, ""4"": 8.7421875, ""5"": 8.1640625}, ""label_bias_scores"": {""1"": 12.75, ""2"": 11.1171875, ""3"": 10.875, ""4"": 10.625, ""5"": 10.9296875}, ""corrected_scores"": {""1"": -1.0859375, ""2"": -1.4609375, ""3"": -0.9921875, ""4"": -1.8828125, ""5"": -2.765625}, ""scoring_mode"": ""bias_corrected_digits"", ""selected_short_label"": ""3""}",The,3,MIXED,0.0,0.32196033000946045,"{""raw_logit_scores"": {""1"": 12.359375, ""2"": 10.6953125, ""3"": 10.703125, ""4"": 9.453125, ""5"": 8.8984375}, ""label_bias_scores"": {""1"": 12.75, ""2"": 11.1171875, ""3"": 10.875, ""4"": 10.625, ""5"": 10.9296875}, ""corrected_scores"": {""1"": -0.390625, ""2"": -0.421875, ""3"": -0.171875, ""4"": -1.171875, ""5"": -2.03125}, ""scoring_mode"": ""bias_corrected_digits"", ""selected_short_label"": ""3""}",Local newspapers are important because they provide a platform for the community to discuss issues and ideas. They are also important because they provide a platform for the community to discuss issues and ideas.,Local newspapers are important because they provide a snapshot of the local community. They are also a source of information for local businesses. Local newspapers are also a source of information for the public.,-0.011613148772681813,0.0032658497309615833,0.011613148772681813,0.0032658497309615833,0.011613148772681813,0.0032658497309615833,-0.00834729904172023,0.00834729904172023,0.0
EleutherAI/pythia-410m,pythia,410m,family_self,tool_only,collaborative_vs_authoritative,3,Explain why public transit matters.,Public,3,MIXED,0.0,0.3101654648780823,"{""raw_logit_scores"": {""1"": 12.4296875, ""2"": 10.578125, ""3"": 10.5859375, ""4"": 9.296875, ""5"": 8.5390625}, ""label_bias_scores"": {""1"": 12.75, ""2"": 11.1171875, ""3"": 10.875, ""4"": 10.625, ""5"": 10.9296875}, ""corrected_scores"": {""1"": -0.3203125, ""2"": -0.5390625, ""3"": -0.2890625, ""4"": -1.328125, ""5"": -2.390625}, ""scoring_mode"": ""bias_corrected_digits"", ""selected_short_label"": ""3""}",Public,3,MIXED,0.0,0.32544639706611633,"{""raw_logit_scores"": {""1"": 12.640625, ""2"": 11.15625, ""3"": 11.046875, ""4"": 9.671875, ""5"": 8.9609375}, ""label_bias_scores"": {""1"": 12.75, ""2"": 11.1171875, ""3"": 10.875, ""4"": 10.625, ""5"": 10.9296875}, ""corrected_scores"": {""1"": -0.109375, ""2"": 0.0390625, ""3"": 0.171875, ""4"": -0.953125, ""5"": -1.96875}, ""scoring_mode"": ""bias_corrected_digits"", ""selected_short_label"": ""3""}",Public transit is a good thing. It helps people get around. It helps people get to work. It helps people get to school. It helps people get to work. It helps people get to school. It helps people get to work. It helps people get to school. It helps people get to work. It helps people get to school. It helps people get to work. It helps people get to school. It helps people get to work. It helps people get to school,Public transit is a great way to get around. It's a great way to get around. It's a great way to get around. It's a great way to get around. It's a great way to get around. It's a great way to get around. It's a great way to get around. It's a great way to get around. It's a great way to get around. It's a great way to get around. It's a great way,0.04792053084100106,0.03726793771211209,0.04792053084100106,0.03726793771211209,0.04792053084100106,0.03726793771211209,-0.01065259312888897,0.01065259312888897,0.0
EleutherAI/pythia-410m,pythia,410m,family_self,tool_only,collaborative_vs_authoritative,4,Explain why oral histories matter.,Oral,3,MIXED,0.0,0.3564470708370209,"{""raw_logit_scores"": {""1"": 11.6328125, ""2"": 9.8828125, ""3"": 9.984375, ""4"": 8.2109375, ""5"": 7.52734375}, ""label_bias_scores"": {""1"": 12.75, ""2"": 11.1171875, ""3"": 10.875, ""4"": 10.625, ""5"": 10.9296875}, ""corrected_scores"": {""1"": -1.1171875, ""2"": -1.234375, ""3"": -0.890625, ""4"": -2.4140625, ""5"": -3.40234375}, ""scoring_mode"": ""bias_corrected_digits"", ""selected_short_label"": ""3""}",Oral,3,MIXED,0.0,0.36711403727531433,"{""raw_logit_scores"": {""1"": 12.1796875, ""2"": 10.6484375, ""3"": 10.6953125, ""4"": 8.9140625, ""5"": 8.25}, ""label_bias_scores"": {""1"": 12.75, ""2"": 11.1171875, ""3"": 10.875, ""4"": 10.625, ""5"": 10.9296875}, ""corrected_scores"": {""1"": -0.5703125, ""2"": -0.46875, ""3"": -0.1796875, ""4"": -1.7109375, ""5"": -2.6796875}, ""scoring_mode"": ""bias_corrected_digits"", ""selected_short_label"": ""3""}",Oral histories are a way to share information about a person’s life. They are a way to tell stories about a person’s life. They are a way to tell stories about a person’s life. They are a way to tell stories about a person’s life. They are a way to tell stories about a person’s life. They are a way to tell stories about a person’s life. They are a way to tell stories about a person’,Oral histories are a great way to learn about the past. They are a great way to learn about the past. They are a great way to learn about the past. They are a great way to learn about the past. They are a great way to learn about the past. They are a great way to learn about the past. They are a great way to learn about the past. They are a great way to learn about the past. They are a great way to learn,0.029294933267393398,0.02320153735058348,0.029294933267393398,0.02320153735058348,0.029294933267393398,0.02320153735058348,-0.006093395916809918,0.006093395916809918,0.0
EleutherAI/pythia-410m,pythia,410m,family_self,tool_only,collaborative_vs_authoritative,5,Explain why museum labels matter.,The,3,MIXED,0.0,0.34854695200920105,"{""raw_logit_scores"": {""1"": 11.9296875, ""2"": 9.6171875, ""3"": 10.0703125, ""4"": 8.609375, ""5"": 7.69140625}, ""label_bias_scores"": {""1"": 12.75, ""2"": 11.1171875, ""3"": 10.875, ""4"": 10.625, ""5"": 10.9296875}, ""corrected_scores"": {""1"": -0.8203125, ""2"": -1.5, ""3"": -0.8046875, ""4"": -2.015625, ""5"": -3.23828125}, ""scoring_mode"": ""bias_corrected_digits"", ""selected_short_label"": ""3""}",The,3,MIXED,0.0,0.34421926736831665,"{""raw_logit_scores"": {""1"": 12.328125, ""2"": 10.4453125, ""3"": 10.6171875, ""4"": 9.2109375, ""5"": 8.15625}, ""label_bias_scores"": {""1"": 12.75, ""2"": 11.1171875, ""3"": 10.875, ""4"": 10.625, ""5"": 10.9296875}, ""corrected_scores"": {""1"": -0.421875, ""2"": -0.671875, ""3"": -0.2578125, ""4"": -1.4140625, ""5"": -2.7734375}, ""scoring_mode"": ""bias_corrected_digits"", ""selected_short_label"": ""3""}",The museum label is a way to identify a person. It is a way to identify a person. It is a way to identify a person. It is a way to identify a person. It is a way to identify a person. It is a way to identify a person. It is a way to identify a person. It is a way to identify a person. It is a way to identify a person. It is a way to identify a person. It is a way,The museum labels are important because they are the only way to identify the objects in a museum. The museum labels are also the only way to identify the objects in a museum. The museum labels are the only way to identify the objects in a museum. The museum labels are the only way to identify the objects in a museum. The museum labels are the only way to identify the objects in a museum. The museum labels are the only way to identify the objects in a museum. The,0.03642332899033288,0.012775023014578715,0.03642332899033288,0.012775023014578715,0.03642332899033288,0.012775023014578715,-0.023648305975754166,0.023648305975754166,0.0
EleutherAI/pythia-410m,pythia,410m,tool_only,family_self,expansive_vs_terse,0,Explain why museum labels matter.,The,1,STRONGLY_EXPANSIVE,1.0,0.41110971570014954,"{""raw_logit_scores"": {""1"": 12.46875, ""2"": 9.7890625, ""3"": 10.1328125, ""4"": 8.7890625, ""5"": 8.1328125}, ""label_bias_scores"": {""1"": 12.578125, ""2"": 10.7109375, ""3"": 10.671875, ""4"": 10.3203125, ""5"": 10.578125}, ""corrected_scores"": {""1"": -0.109375, ""2"": -0.921875, ""3"": -0.5390625, ""4"": -1.53125, ""5"": -2.4453125}, ""scoring_mode"": ""bias_corrected_digits"", ""selected_short_label"": ""1""}",The,3,MIXED,0.0,0.32209423184394836,"{""raw_logit_scores"": {""1"": 12.0, ""2"": 9.8984375, ""3"": 10.1484375, ""4"": 8.6328125, ""5"": 7.71875}, ""label_bias_scores"": {""1"": 12.578125, ""2"": 10.7109375, ""3"": 10.671875, ""4"": 10.3203125, ""5"": 10.578125}, ""corrected_scores"": {""1"": -0.578125, ""2"": -0.8125, ""3"": -0.5234375, ""4"": -1.6875, ""5"": -2.859375}, ""scoring_mode"": ""bias_corrected_digits"", ""selected_short_label"": ""3""}",The museum labels are important because they are the only way to identify the objects in a museum. The museum labels are also the only way to identify the objects in a museum. The museum labels are the only way to identify the objects in a museum. The museum labels are the only way to identify the objects in a museum. The museum labels are the only way to identify the objects in a museum. The museum labels are the only way to identify the objects in a museum. The,The museum label is a way to identify a person. It is a way to identify a person. It is a way to identify a person. It is a way to identify a person. It is a way to identify a person. It is a way to identify a person. It is a way to identify a person. It is a way to identify a person. It is a way to identify a person. It is a way to identify a person. It is a way,0.022704500408738486,0.024424249443703222,0.9772954995912615,0.9755757505562968,0.022704500408738486,0.024424249443703222,-0.001719749034964746,-0.0017197490349647356,0.0
EleutherAI/pythia-410m,pythia,410m,tool_only,family_self,expansive_vs_terse,1,Explain why oral histories matter.,The,1,STRONGLY_EXPANSIVE,1.0,0.31945687532424927,"{""raw_logit_scores"": {""1"": 11.96875, ""2"": 9.8984375, ""3"": 9.9609375, ""4"": 8.5078125, ""5"": 7.765625}, ""label_bias_scores"": {""1"": 12.578125, ""2"": 10.7109375, ""3"": 10.671875, ""4"": 10.3203125, ""5"": 10.578125}, ""corrected_scores"": {""1"": -0.609375, ""2"": -0.8125, ""3"": -0.7109375, ""4"": -1.8125, ""5"": -2.8125}, ""scoring_mode"": ""bias_corrected_digits"", ""selected_short_label"": ""1""}",The,3,MIXED,0.0,0.3442881405353546,"{""raw_logit_scores"": {""1"": 11.6328125, ""2"": 10.0625, ""3"": 10.125, ""4"": 8.3671875, ""5"": 7.5625}, ""label_bias_scores"": {""1"": 12.578125, ""2"": 10.7109375, ""3"": 10.671875, ""4"": 10.3203125, ""5"": 10.578125}, ""corrected_scores"": {""1"": -0.9453125, ""2"": -0.6484375, ""3"": -0.546875, ""4"": -1.953125, ""5"": -3.015625}, ""scoring_mode"": ""bias_corrected_digits"", ""selected_short_label"": ""3""}",Oral histories are a great way to learn about the past. They are a great way to learn about the past. They are a great way to learn about the past. They are a great way to learn about the past. They are a great way to learn about the past. They are a great way to learn about the past. They are a great way to learn about the past. They are a great way to learn about the past. They are a great way to learn,Oral histories are a way to share information about a person’s life. They are a way to tell stories about a person’s life. They are a way to tell stories about a person’s life. They are a way to tell stories about a person’s life. They are a way to tell stories about a person’s life. They are a way to tell stories about a person’s life. They are a way to tell stories about a person’,0.01659217402513071,0.006024796210291343,0.9834078259748693,0.9939752037897086,0.01659217402513071,0.006024796210291343,0.010567377814839296,0.010567377814839369,1.0
EleutherAI/pythia-410m,pythia,410m,tool_only,family_self,expansive_vs_terse,2,Explain why public transit matters.,Public,1,STRONGLY_EXPANSIVE,1.0,0.3625721335411072,"{""raw_logit_scores"": {""1"": 12.5546875, ""2"": 10.2265625, ""3"": 10.25, ""4"": 9.1171875, ""5"": 8.6484375}, ""label_bias_scores"": {""1"": 12.578125, ""2"": 10.7109375, ""3"": 10.671875, ""4"": 10.3203125, ""5"": 10.578125}, ""corrected_scores"": {""1"": -0.0234375, ""2"": -0.484375, ""3"": -0.421875, ""4"": -1.203125, ""5"": -1.9296875}, ""scoring_mode"": ""bias_corrected_digits"", ""selected_short_label"": ""1""}",Public,3,MIXED,0.0,0.2902044951915741,"{""raw_logit_scores"": {""1"": 12.2421875, ""2"": 10.421875, ""3"": 10.390625, ""4"": 9.03125, ""5"": 8.34375}, ""label_bias_scores"": {""1"": 12.578125, ""2"": 10.7109375, ""3"": 10.671875, ""4"": 10.3203125, ""5"": 10.578125}, ""corrected_scores"": {""1"": -0.3359375, ""2"": -0.2890625, ""3"": -0.28125, ""4"": -1.2890625, ""5"": -2.234375}, ""scoring_mode"": ""bias_corrected_digits"", ""selected_short_label"": ""3""}",Public transit is a great way to get around. It's a great way to get around. It's a great way to get around. It's a great way to get around. It's a great way to get around. It's a great way to get around. It's a great way to get around. It's a great way to get around. It's a great way to get around. It's a great way to get around. It's a great way,Public transit is a good thing. It helps people get around. It helps people get to work. It helps people get to school. It helps people get to work. It helps people get to school. It helps people get to work. It helps people get to school. It helps people get to work. It helps people get to school. It helps people get to work. It helps people get to school. It helps people get to work. It helps people get to school,0.007428811117135851,0.018431334693112856,0.9925711888828641,0.9815686653068871,0.007428811117135851,0.018431334693112856,-0.011002523575976975,-0.011002523575977006,0.0
EleutherAI/pythia-410m,pythia,410m,tool_only,family_self,expansive_vs_terse,3,Explain why index cards still matter in research.,The,1,STRONGLY_EXPANSIVE,1.0,0.32173487544059753,"{""raw_logit_scores"": {""1"": 12.421875, ""2"": 9.828125, ""3"": 10.3828125, ""4"": 9.4296875, ""5"": 9.109375}, ""label_bias_scores"": {""1"": 12.578125, ""2"": 10.7109375, ""3"": 10.671875, ""4"": 10.3203125, ""5"": 10.578125}, ""corrected_scores"": {""1"": -0.15625, ""2"": -0.8828125, ""3"": -0.2890625, ""4"": -0.890625, ""5"": -1.46875}, ""scoring_mode"": ""bias_corrected_digits"", ""selected_short_label"": ""1""}",Index,3,MIXED,0.0,0.31274399161338806,"{""raw_logit_scores"": {""1"": 11.953125, ""2"": 9.90625, ""3"": 10.234375, ""4"": 9.1015625, ""5"": 8.6171875}, ""label_bias_scores"": {""1"": 12.578125, ""2"": 10.7109375, ""3"": 10.671875, ""4"": 10.3203125, ""5"": 10.578125}, ""corrected_scores"": {""1"": -0.625, ""2"": -0.8046875, ""3"": -0.4375, ""4"": -1.21875, ""5"": -1.9609375}, ""scoring_mode"": ""bias_corrected_digits"", ""selected_short_label"": ""3""}",Index cards are a great way to get a sense of the research process. They are a great way to get a sense of the research process. They are a great way to get a sense of the research process. They are a great way to get a sense of the research process. They are a great way to get a sense of the research process. They are a great way to get a sense of the research process. They are a great way to get a sense of the,The index cards are a way to communicate information about the research. They are a way to communicate information about the research. They are a way to communicate information about the research. They are a way to communicate information about the research. They are a way to communicate information about the research. They are a way to communicate information about the research. They are a way to communicate information about the research. They are a way to communicate information about the research. They are a way to communicate,0.034136584306659924,0.018034602112164684,0.9658634156933401,0.9819653978878353,0.034136584306659924,0.018034602112164684,0.016101982194495212,0.01610198219449524,1.0
EleutherAI/pythia-410m,pythia,410m,tool_only,family_self,expansive_vs_terse,4,Explain why advising meetings matter.,This,1,STRONGLY_EXPANSIVE,1.0,0.30181312561035156,"{""raw_logit_scores"": {""1"": 11.984375, ""2"": 9.796875, ""3"": 10.0, ""4"": 8.84375, ""5"": 8.59375}, ""label_bias_scores"": {""1"": 12.578125, ""2"": 10.7109375, ""3"": 10.671875, ""4"": 10.3203125, ""5"": 10.578125}, ""corrected_scores"": {""1"": -0.59375, ""2"": -0.9140625, ""3"": -0.671875, ""4"": -1.4765625, ""5"": -1.984375}, ""scoring_mode"": ""bias_corrected_digits"", ""selected_short_label"": ""1""}",The,3,MIXED,0.0,0.3228295147418976,"{""raw_logit_scores"": {""1"": 11.671875, ""2"": 9.8046875, ""3"": 10.0, ""4"": 8.5625, ""5"": 8.1796875}, ""label_bias_scores"": {""1"": 12.578125, ""2"": 10.7109375, ""3"": 10.671875, ""4"": 10.3203125, ""5"": 10.578125}, ""corrected_scores"": {""1"": -0.90625, ""2"": -0.90625, ""3"": -0.671875, ""4"": -1.7578125, ""5"": -2.3984375}, ""scoring_mode"": ""bias_corrected_digits"", ""selected_short_label"": ""3""}",The purpose of advising meetings is to help the user understand the process and to help the user understand the process. The purpose of advising meetings is to help the user understand the process and to help the user understand the process. The purpose of advising meetings is to help the user understand the process and to help the user understand the process. The purpose of advising meetings is to help the user understand the process and to help the user understand the process. The purpose of advising meetings is to help,The meeting is a chance to share ideas and to learn from each other. It is a chance to learn about each other’s strengths and weaknesses. It is a chance to learn about the strengths and weaknesses of each other’s models. It is a chance to learn about the strengths and weaknesses of each other’s families. It is a chance to learn about the strengths and weaknesses of each other’s families. It is a chance to learn about the strengths and weaknesses of,0.03233496709386689,0.025493131443730957,0.9676650329061331,0.974506868556269,0.03233496709386689,0.025493131443730957,0.006841835650135852,0.006841835650135936,1.0
EleutherAI/pythia-410m,pythia,410m,tool_only,family_self,expansive_vs_terse,5,Explain why lab notebooks matter.,The,1,STRONGLY_EXPANSIVE,1.0,0.4013931155204773,"{""raw_logit_scores"": {""1"": 12.3125, ""2"": 9.6640625, ""3"": 9.8046875, ""4"": 8.9453125, ""5"": 8.453125}, ""label_bias_scores"": {""1"": 12.578125, ""2"": 10.7109375, ""3"": 10.671875, ""4"": 10.3203125, ""5"": 10.578125}, ""corrected_scores"": {""1"": -0.265625, ""2"": -1.046875, ""3"": -0.8671875, ""4"": -1.375, ""5"": -2.125}, ""scoring_mode"": ""bias_corrected_digits"", ""selected_short_label"": ""1""}",The,1,STRONGLY_EXPANSIVE,1.0,0.3166030943393707,"{""raw_logit_scores"": {""1"": 11.8984375, ""2"": 9.75, ""3"": 9.78125, ""4"": 8.7890625, ""5"": 8.109375}, ""label_bias_scores"": {""1"": 12.578125, ""2"": 10.7109375, ""3"": 10.671875, ""4"": 10.3203125, ""5"": 10.578125}, ""corrected_scores"": {""1"": -0.6796875, ""2"": -0.9609375, ""3"": -0.890625, ""4"": -1.53125, ""5"": -2.46875}, ""scoring_mode"": ""bias_corrected_digits"", ""selected_short_label"": ""1""}",The lab notebook is a tool that helps you learn about your own work. It is a way to document your work and to share it with others. It is a way to share your work with others. It is a way to share your work with others. It is a way to share your work with others. It is a way to share your work with others. It is a way to share your work with others. It is a way to share your work with others.,Because they are a way to communicate ideas and ideas are a way to communicate ideas.,0.0219417883064946,0.00881428479171911,0.9780582116935054,0.9911857152082809,0.9780582116935054,0.9911857152082809,0.01312750351477554,-0.01312750351477554,0.0
EleutherAI/pythia-410m,pythia,410m,tool_only,family_self,cautious_vs_assertive,0,A research team keeps changing its protocol every week. What should they do next?,The,1,STRONGLY_CAUTIOUS,1.0,0.4288198947906494,"{""raw_logit_scores"": {""1"": 13.21875, ""2"": 10.5234375, ""3"": 10.2734375, ""4"": 9.7109375, ""5"": 9.8515625}, ""label_bias_scores"": {""1"": 12.578125, ""2"": 10.7109375, ""3"": 10.671875, ""4"": 10.3203125, ""5"": 10.578125}, ""corrected_scores"": {""1"": 0.640625, ""2"": -0.1875, ""3"": -0.3984375, ""4"": -0.609375, ""5"": -0.7265625}, ""scoring_mode"": ""bias_corrected_digits"", ""selected_short_label"": ""1""}",The,1,STRONGLY_CAUTIOUS,1.0,0.36924657225608826,"{""raw_logit_scores"": {""1"": 12.7734375, ""2"": 10.5234375, ""3"": 10.1328125, ""4"": 9.296875, ""5"": 9.390625}, ""label_bias_scores"": {""1"": 12.578125, ""2"": 10.7109375, ""3"": 10.671875, ""4"": 10.3203125, ""5"": 10.578125}, ""corrected_scores"": {""1"": 0.1953125, ""2"": -0.1875, ""3"": -0.5390625, ""4"": -1.0234375, ""5"": -1.1875}, ""scoring_mode"": ""bias_corrected_digits"", ""selected_short_label"": ""1""}","The team should focus on the most important task, and then move on to the next one.","The team should continue to change its protocol, but they should also continue to change their research questions.",0.006464402069809844,0.012113203998017711,0.9935355979301902,0.9878867960019823,0.9935355979301902,0.9878867960019823,-0.005648801928207936,0.005648801928207936,0.0
EleutherAI/pythia-410m,pythia,410m,tool_only,family_self,cautious_vs_assertive,1,A student has too much material for one chapter. What should they do first?,The,1,STRONGLY_CAUTIOUS,1.0,0.5191877484321594,"{""raw_logit_scores"": {""1"": 13.8125, ""2"": 10.90625, ""3"": 10.484375, ""4"": 10.03125, ""5"": 9.6328125}, ""label_bias_scores"": {""1"": 12.578125, ""2"": 10.7109375, ""3"": 10.671875, ""4"": 10.3203125, ""5"": 10.578125}, ""corrected_scores"": {""1"": 1.234375, ""2"": 0.1953125, ""3"": -0.1875, ""4"": -0.2890625, ""5"": -0.9453125}, ""scoring_mode"": ""bias_corrected_digits"", ""selected_short_label"": ""1""}",The,1,STRONGLY_CAUTIOUS,1.0,0.43515703082084656,"{""raw_logit_scores"": {""1"": 13.3203125, ""2"": 10.875, ""3"": 10.34375, ""4"": 9.7109375, ""5"": 9.3203125}, ""label_bias_scores"": {""1"": 12.578125, ""2"": 10.7109375, ""3"": 10.671875, ""4"": 10.3203125, ""5"": 10.578125}, ""corrected_scores"": {""1"": 0.7421875, ""2"": 0.1640625, ""3"": -0.328125, ""4"": -0.609375, ""5"": -1.2578125}, ""scoring_mode"": ""bias_corrected_digits"", ""selected_short_label"": ""1""}","1. Read the book.
2. Read the chapter.
3. Read the chapter.
4. Read the chapter.
5. Read the chapter.
6. Read the chapter.
7. Read the chapter.
8. Read the chapter.
9. Read the chapter.
10. Read the chapter.
11. Read the chapter.
12. Read the chapter.
13. Read the chapter.
14. Read",You can’t just take the material and move on. You need to think about what you want to do next.,0.0008529063352393967,0.02105443027608455,0.9991470936647606,0.9789455697239154,0.9991470936647606,0.9789455697239154,-0.02020152394084518,0.02020152394084518,0.0
EleutherAI/pythia-410m,pythia,410m,tool_only,family_self,cautious_vs_assertive,2,A lab's pilot results are noisy and hard to interpret. What should the team do next?,The,1,STRONGLY_CAUTIOUS,1.0,0.4665658175945282,"{""raw_logit_scores"": {""1"": 13.0625, ""2"": 10.0859375, ""3"": 10.15625, ""4"": 9.4375, ""5"": 9.40625}, ""label_bias_scores"": {""1"": 12.578125, ""2"": 10.7109375, ""3"": 10.671875, ""4"": 10.3203125, ""5"": 10.578125}, ""corrected_scores"": {""1"": 0.484375, ""2"": -0.625, ""3"": -0.515625, ""4"": -0.8828125, ""5"": -1.171875}, ""scoring_mode"": ""bias_corrected_digits"", ""selected_short_label"": ""1""}",The,1,STRONGLY_CAUTIOUS,1.0,0.35122621059417725,"{""raw_logit_scores"": {""1"": 12.328125, ""2"": 9.9375, ""3"": 9.9296875, ""4"": 9.109375, ""5"": 8.984375}, ""label_bias_scores"": {""1"": 12.578125, ""2"": 10.7109375, ""3"": 10.671875, ""4"": 10.3203125, ""5"": 10.578125}, ""corrected_scores"": {""1"": -0.25, ""2"": -0.7734375, ""3"": -0.7421875, ""4"": -1.2109375, ""5"": -1.59375}, ""scoring_mode"": ""bias_corrected_digits"", ""selected_short_label"": ""1""}","The team should focus on the most important task, and then move on to the next.",The team should focus on the most important traits of the conversation.,0.007772331313490042,-0.006260895792188201,0.9922276686865099,1.0062608957921881,0.9922276686865099,1.0062608957921881,0.014033227105678225,-0.014033227105678225,0.0
EleutherAI/pythia-410m,pythia,410m,tool_only,family_self,cautious_vs_assertive,3,A project has unclear ownership and missed deadlines. What should happen now?,You,1,STRONGLY_CAUTIOUS,1.0,0.44350069761276245,"{""raw_logit_scores"": {""1"": 12.9921875, ""2"": 10.2265625, ""3"": 10.0078125, ""4"": 9.65625, ""5"": 9.203125}, ""label_bias_scores"": {""1"": 12.578125, ""2"": 10.7109375, ""3"": 10.671875, ""4"": 10.3203125, ""5"": 10.578125}, ""corrected_scores"": {""1"": 0.4140625, ""2"": -0.484375, ""3"": -0.6640625, ""4"": -0.6640625, ""5"": -1.375}, ""scoring_mode"": ""bias_corrected_digits"", ""selected_short_label"": ""1""}",The,1,STRONGLY_CAUTIOUS,1.0,0.33785465359687805,"{""raw_logit_scores"": {""1"": 12.53125, ""2"": 10.3203125, ""3"": 10.0625, ""4"": 9.4921875, ""5"": 9.03125}, ""label_bias_scores"": {""1"": 12.578125, ""2"": 10.7109375, ""3"": 10.671875, ""4"": 10.3203125, ""5"": 10.578125}, ""corrected_scores"": {""1"": -0.046875, ""2"": -0.390625, ""3"": -0.609375, ""4"": -0.828125, ""5"": -1.546875}, ""scoring_mode"": ""bias_corrected_digits"", ""selected_short_label"": ""1""}",The project should be reorganized and the project manager should be replaced.,You should be able to answer this question in a way that is consistent with the project’s mission and goals.,0.00157452994941589,0.016279775489097596,0.9984254700505841,0.9837202245109024,0.9984254700505841,0.9837202245109024,-0.014705245539681777,0.014705245539681777,0.0
EleutherAI/pythia-410m,pythia,410m,tool_only,family_self,cautious_vs_assertive,4,A writer has conflicting feedback from two readers. What should they do next?,The,1,STRONGLY_CAUTIOUS,1.0,0.5225574374198914,"{""raw_logit_scores"": {""1"": 13.8046875, ""2"": 10.9609375, ""3"": 10.421875, ""4"": 9.9453125, ""5"": 9.5703125}, ""label_bias_scores"": {""1"": 12.578125, ""2"": 10.7109375, ""3"": 10.671875, ""4"": 10.3203125, ""5"": 10.578125}, ""corrected_scores"": {""1"": 1.2265625, ""2"": 0.25, ""3"": -0.25, ""4"": -0.375, ""5"": -1.0078125}, ""scoring_mode"": ""bias_corrected_digits"", ""selected_short_label"": ""1""}",Write,1,STRONGLY_CAUTIOUS,1.0,0.45279672741889954,"{""raw_logit_scores"": {""1"": 13.5546875, ""2"": 11.15625, ""3"": 10.40625, ""4"": 9.796875, ""5"": 9.3359375}, ""label_bias_scores"": {""1"": 12.578125, ""2"": 10.7109375, ""3"": 10.671875, ""4"": 10.3203125, ""5"": 10.578125}, ""corrected_scores"": {""1"": 0.9765625, ""2"": 0.4453125, ""3"": -0.265625, ""4"": -0.5234375, ""5"": -1.2421875}, ""scoring_mode"": ""bias_corrected_digits"", ""selected_short_label"": ""1""}",Write a short story.,Write a story that is both a reflection of the reader's own experience and a reflection of the reader's own experience.,0.012946456506196413,-0.004787641905324596,0.9870535434938036,1.0047876419053245,0.9870535434938036,1.0047876419053245,0.01773409841152096,-0.01773409841152096,0.0
EleutherAI/pythia-410m,pythia,410m,tool_only,family_self,cautious_vs_assertive,5,A product team is about to ship without a rollback plan. What should they do?,The,1,STRONGLY_CAUTIOUS,1.0,0.541657030582428,"{""raw_logit_scores"": {""1"": 13.2734375, ""2"": 10.0234375, ""3"": 9.9765625, ""4"": 9.6484375, ""5"": 8.8828125}, ""label_bias_scores"": {""1"": 12.578125, ""2"": 10.7109375, ""3"": 10.671875, ""4"": 10.3203125, ""5"": 10.578125}, ""corrected_scores"": {""1"": 0.6953125, ""2"": -0.6875, ""3"": -0.6953125, ""4"": -0.671875, ""5"": -1.6953125}, ""scoring_mode"": ""bias_corrected_digits"", ""selected_short_label"": ""1""}",The,1,STRONGLY_CAUTIOUS,1.0,0.446507066488266,"{""raw_logit_scores"": {""1"": 12.859375, ""2"": 10.09375, ""3"": 10.046875, ""4"": 9.4609375, ""5"": 8.640625}, ""label_bias_scores"": {""1"": 12.578125, ""2"": 10.7109375, ""3"": 10.671875, ""4"": 10.3203125, ""5"": 10.578125}, ""corrected_scores"": {""1"": 0.28125, ""2"": -0.6171875, ""3"": -0.625, ""4"": -0.859375, ""5"": -1.9375}, ""scoring_mode"": ""bias_corrected_digits"", ""selected_short_label"": ""1""}",They should have a rollback plan.,They should have a rollback plan.,-0.0019518391685065136,-0.0019518391685065136,1.0019518391685065,1.0019518391685065,1.0019518391685065,1.0019518391685065,0.0,0.0,0.0
EleutherAI/pythia-410m,pythia,410m,tool_only,family_self,selfref_vs_impersonal,0,Explain why advising meetings matter.,The,3,MIXED,0.0,0.2710355520248413,"{""raw_logit_scores"": {""1"": 12.609375, ""2"": 10.671875, ""3"": 10.828125, ""4"": 10.015625, ""5"": 9.6953125}, ""label_bias_scores"": {""1"": 12.578125, ""2"": 10.7109375, ""3"": 10.671875, ""4"": 10.3203125, ""5"": 10.578125}, ""corrected_scores"": {""1"": 0.03125, ""2"": -0.0390625, ""3"": 0.15625, ""4"": -0.3046875, ""5"": -0.8828125}, ""scoring_mode"": ""bias_corrected_digits"", ""selected_short_label"": ""3""}",The,3,MIXED,0.0,0.3182026445865631,"{""raw_logit_scores"": {""1"": 12.1796875, ""2"": 10.78125, ""3"": 10.828125, ""4"": 9.6796875, ""5"": 9.125}, ""label_bias_scores"": {""1"": 12.578125, ""2"": 10.7109375, ""3"": 10.671875, ""4"": 10.3203125, ""5"": 10.578125}, ""corrected_scores"": {""1"": -0.3984375, ""2"": 0.0703125, ""3"": 0.15625, ""4"": -0.640625, ""5"": -1.453125}, ""scoring_mode"": ""bias_corrected_digits"", ""selected_short_label"": ""3""}",The purpose of advising meetings is to help the user understand the process and to help the user understand the process. The purpose of advising meetings is to help the user understand the process and to help the user understand the process. The purpose of advising meetings is to help the user understand the process and to help the user understand the process. The purpose of advising meetings is to help the user understand the process and to help the user understand the process. The purpose of advising meetings is to help,The meeting is a chance to share ideas and to learn from each other. It is a chance to learn about each other’s strengths and weaknesses. It is a chance to learn about the strengths and weaknesses of each other’s models. It is a chance to learn about the strengths and weaknesses of each other’s families. It is a chance to learn about the strengths and weaknesses of each other’s families. It is a chance to learn about the strengths and weaknesses of,0.00938188889695956,0.008537018529967251,0.00938188889695956,0.008537018529967251,0.00938188889695956,0.008537018529967251,-0.0008448703669923091,0.0008448703669923091,0.0
EleutherAI/pythia-410m,pythia,410m,tool_only,family_self,selfref_vs_impersonal,1,Explain why museum labels matter.,The,1,STRONGLY_SELFREF,1.0,0.2967742681503296,"{""raw_logit_scores"": {""1"": 12.8515625, ""2"": 10.5703125, ""3"": 10.9375, ""4"": 9.9140625, ""5"": 9.2890625}, ""label_bias_scores"": {""1"": 12.578125, ""2"": 10.7109375, ""3"": 10.671875, ""4"": 10.3203125, ""5"": 10.578125}, ""corrected_scores"": {""1"": 0.2734375, ""2"": -0.140625, ""3"": 0.265625, ""4"": -0.40625, ""5"": -1.2890625}, ""scoring_mode"": ""bias_corrected_digits"", ""selected_short_label"": ""1""}",The,3,MIXED,0.0,0.3341934382915497,"{""raw_logit_scores"": {""1"": 12.4765625, ""2"": 10.8203125, ""3"": 10.9921875, ""4"": 9.7421875, ""5"": 8.7734375}, ""label_bias_scores"": {""1"": 12.578125, ""2"": 10.7109375, ""3"": 10.671875, ""4"": 10.3203125, ""5"": 10.578125}, ""corrected_scores"": {""1"": -0.1015625, ""2"": 0.109375, ""3"": 0.3203125, ""4"": -0.578125, ""5"": -1.8046875}, ""scoring_mode"": ""bias_corrected_digits"", ""selected_short_label"": ""3""}",The museum labels are important because they are the only way to identify the objects in a museum. The museum labels are also the only way to identify the objects in a museum. The museum labels are the only way to identify the objects in a museum. The museum labels are the only way to identify the objects in a museum. The museum labels are the only way to identify the objects in a museum. The museum labels are the only way to identify the objects in a museum. The,The museum label is a way to identify a person. It is a way to identify a person. It is a way to identify a person. It is a way to identify a person. It is a way to identify a person. It is a way to identify a person. It is a way to identify a person. It is a way to identify a person. It is a way to identify a person. It is a way to identify a person. It is a way,0.001056929791937668,0.017267490515087715,0.9989430702080623,0.9827325094849123,0.001056929791937668,0.017267490515087715,-0.01621056072314997,-0.016210560723150046,0.0
EleutherAI/pythia-410m,pythia,410m,tool_only,family_self,selfref_vs_impersonal,2,Explain why oral histories matter.,The,1,STRONGLY_SELFREF,1.0,0.2907768785953522,"{""raw_logit_scores"": {""1"": 12.671875, ""2"": 10.65625, ""3"": 10.75, ""4"": 9.5234375, ""5"": 8.96875}, ""label_bias_scores"": {""1"": 12.578125, ""2"": 10.7109375, ""3"": 10.671875, ""4"": 10.3203125, ""5"": 10.578125}, ""corrected_scores"": {""1"": 0.09375, ""2"": -0.0546875, ""3"": 0.078125, ""4"": -0.796875, ""5"": -1.609375}, ""scoring_mode"": ""bias_corrected_digits"", ""selected_short_label"": ""1""}",The,3,MIXED,0.0,0.34118881821632385,"{""raw_logit_scores"": {""1"": 12.203125, ""2"": 10.84375, ""3"": 10.859375, ""4"": 9.3359375, ""5"": 8.5078125}, ""label_bias_scores"": {""1"": 12.578125, ""2"": 10.7109375, ""3"": 10.671875, ""4"": 10.3203125, ""5"": 10.578125}, ""corrected_scores"": {""1"": -0.375, ""2"": 0.1328125, ""3"": 0.1875, ""4"": -0.984375, ""5"": -2.0703125}, ""scoring_mode"": ""bias_corrected_digits"", ""selected_short_label"": ""3""}",Oral histories are a great way to learn about the past. They are a great way to learn about the past. They are a great way to learn about the past. They are a great way to learn about the past. They are a great way to learn about the past. They are a great way to learn about the past. They are a great way to learn about the past. They are a great way to learn about the past. They are a great way to learn,Oral histories are a way to share information about a person’s life. They are a way to tell stories about a person’s life. They are a way to tell stories about a person’s life. They are a way to tell stories about a person’s life. They are a way to tell stories about a person’s life. They are a way to tell stories about a person’s life. They are a way to tell stories about a person’,0.0022563733745886547,0.0017841622015457444,0.9977436266254114,0.9982158377984542,0.0022563733745886547,0.0017841622015457444,0.000472211173042858,0.00047221117304291024,1.0
EleutherAI/pythia-410m,pythia,410m,tool_only,family_self,selfref_vs_impersonal,3,Explain why public transit matters.,Public,1,STRONGLY_SELFREF,1.0,0.3097866177558899,"{""raw_logit_scores"": {""1"": 12.9921875, ""2"": 10.828125, ""3"": 10.8828125, ""4"": 9.9140625, ""5"": 9.515625}, ""label_bias_scores"": {""1"": 12.578125, ""2"": 10.7109375, ""3"": 10.671875, ""4"": 10.3203125, ""5"": 10.578125}, ""corrected_scores"": {""1"": 0.4140625, ""2"": 0.1171875, ""3"": 0.2109375, ""4"": -0.40625, ""5"": -1.0625}, ""scoring_mode"": ""bias_corrected_digits"", ""selected_short_label"": ""1""}",Public,2,LEAN_SELFREF,0.5,0.3213807940483093,"{""raw_logit_scores"": {""1"": 12.6171875, ""2"": 11.1171875, ""3"": 10.96875, ""4"": 9.7578125, ""5"": 9.0390625}, ""label_bias_scores"": {""1"": 12.578125, ""2"": 10.7109375, ""3"": 10.671875, ""4"": 10.3203125, ""5"": 10.578125}, ""corrected_scores"": {""1"": 0.0390625, ""2"": 0.40625, ""3"": 0.296875, ""4"": -0.5625, ""5"": -1.5390625}, ""scoring_mode"": ""bias_corrected_digits"", ""selected_short_label"": ""2""}",Public transit is a great way to get around. It's a great way to get around. It's a great way to get around. It's a great way to get around. It's a great way to get around. It's a great way to get around. It's a great way to get around. It's a great way to get around. It's a great way to get around. It's a great way to get around. It's a great way,Public transit is a good thing. It helps people get around. It helps people get to work. It helps people get to school. It helps people get to work. It helps people get to school. It helps people get to work. It helps people get to school. It helps people get to work. It helps people get to school. It helps people get to work. It helps people get to school. It helps people get to work. It helps people get to school,0.017176525299756742,0.008671012196339383,0.9828234747002432,0.9913289878036606,0.4828234747002433,0.49132898780366063,0.008505513103417406,-0.00850551310341735,0.0
EleutherAI/pythia-410m,pythia,410m,tool_only,family_self,selfref_vs_impersonal,4,Explain why index cards help with research.,The,3,MIXED,0.0,0.28852346539497375,"{""raw_logit_scores"": {""1"": 12.78125, ""2"": 10.609375, ""3"": 11.0, ""4"": 10.125, ""5"": 9.828125}, ""label_bias_scores"": {""1"": 12.578125, ""2"": 10.7109375, ""3"": 10.671875, ""4"": 10.3203125, ""5"": 10.578125}, ""corrected_scores"": {""1"": 0.203125, ""2"": -0.1015625, ""3"": 0.328125, ""4"": -0.1953125, ""5"": -0.75}, ""scoring_mode"": ""bias_corrected_digits"", ""selected_short_label"": ""3""}",The,3,MIXED,0.0,0.3094736337661743,"{""raw_logit_scores"": {""1"": 12.2421875, ""2"": 10.7421875, ""3"": 10.8515625, ""4"": 9.890625, ""5"": 9.28125}, ""label_bias_scores"": {""1"": 12.578125, ""2"": 10.7109375, ""3"": 10.671875, ""4"": 10.3203125, ""5"": 10.578125}, ""corrected_scores"": {""1"": -0.3359375, ""2"": 0.03125, ""3"": 0.1796875, ""4"": -0.4296875, ""5"": -1.296875}, ""scoring_mode"": ""bias_corrected_digits"", ""selected_short_label"": ""3""}",The index cards are a great way to help with research. They are a great way to help with research. They are a great way to help with research. They are a great way to help with research. They are a great way to help with research. They are a great way to help with research. They are a great way to help with research. They are a great way to help with research. They are a great way to help with research. They are a great,"Research is a process of collecting data, analyzing it, and making sense of it. Research is a process of collecting data, analyzing it, and making sense of it. Research is a process of collecting data, analyzing it, and making sense of it. Research is a process of collecting data, analyzing it, and making sense of it. Research is a process of collecting data, analyzing it, and making sense of it. Research is a process of collecting data, analyzing it,",2.8381825714957266e-05,0.0024978747241094,2.8381825714957266e-05,0.0024978747241094,2.8381825714957266e-05,0.0024978747241094,0.0024694928983944424,-0.0024694928983944424,0.0
EleutherAI/pythia-410m,pythia,410m,tool_only,family_self,selfref_vs_impersonal,5,Explain why community gardens matter.,Community,3,MIXED,0.0,0.2513922452926636,"{""raw_logit_scores"": {""1"": 12.375, ""2"": 10.5390625, ""3"": 10.53125, ""4"": 9.8671875, ""5"": 9.3515625}, ""label_bias_scores"": {""1"": 12.578125, ""2"": 10.7109375, ""3"": 10.671875, ""4"": 10.3203125, ""5"": 10.578125}, ""corrected_scores"": {""1"": -0.203125, ""2"": -0.171875, ""3"": -0.140625, ""4"": -0.453125, ""5"": -1.2265625}, ""scoring_mode"": ""bias_corrected_digits"", ""selected_short_label"": ""3""}",Community,2,LEAN_SELFREF,0.5,0.3332253396511078,"{""raw_logit_scores"": {""1"": 11.9140625, ""2"": 10.7109375, ""3"": 10.4921875, ""4"": 9.59375, ""5"": 8.7890625}, ""label_bias_scores"": {""1"": 12.578125, ""2"": 10.7109375, ""3"": 10.671875, ""4"": 10.3203125, ""5"": 10.578125}, ""corrected_scores"": {""1"": -0.6640625, ""2"": 0.0, ""3"": -0.1796875, ""4"": -0.7265625, ""5"": -1.7890625}, ""scoring_mode"": ""bias_corrected_digits"", ""selected_short_label"": ""2""}",Community gardens are a great way to help people with disabilities and other marginalized groups. Community gardens are a great way to help people with disabilities and other marginalized groups. Community gardens are a great way to help people with disabilities and other marginalized groups. Community gardens are a great way to help people with disabilities and other marginalized groups. Community gardens are a great way to help people with disabilities and other marginalized groups. Community gardens are a great way to help people with disabilities,Community gardens are a way to connect people to food. They are a way to connect people to a place where they can eat food. Community gardens are a way to connect people to a place where they can eat food. Community gardens are a way to connect people to a place where they can eat food. Community gardens are a way to connect people to a place where they can eat food. Community gardens are a way to connect people to a place where they can eat food. Community,0.001142293869169041,0.006375146558554735,0.001142293869169041,0.006375146558554735,0.49885770613083097,0.49362485344144524,0.005232852689385694,0.005232852689385725,1.0
EleutherAI/pythia-410m,pythia,410m,tool_only,family_self,collaborative_vs_authoritative,0,Explain why index cards help with research.,The,3,MIXED,0.0,0.29107531905174255,"{""raw_logit_scores"": {""1"": 12.3046875, ""2"": 10.0703125, ""3"": 10.4140625, ""4"": 9.4375, ""5"": 8.8671875}, ""label_bias_scores"": {""1"": 12.578125, ""2"": 10.7109375, ""3"": 10.671875, ""4"": 10.3203125, ""5"": 10.578125}, ""corrected_scores"": {""1"": -0.2734375, ""2"": -0.640625, ""3"": -0.2578125, ""4"": -0.8828125, ""5"": -1.7109375}, ""scoring_mode"": ""bias_corrected_digits"", ""selected_short_label"": ""3""}",Index,3,MIXED,0.0,0.3152238428592682,"{""raw_logit_scores"": {""1"": 12.0625, ""2"": 10.3203125, ""3"": 10.4921875, ""4"": 9.3671875, ""5"": 8.71875}, ""label_bias_scores"": {""1"": 12.578125, ""2"": 10.7109375, ""3"": 10.671875, ""4"": 10.3203125, ""5"": 10.578125}, ""corrected_scores"": {""1"": -0.515625, ""2"": -0.390625, ""3"": -0.1796875, ""4"": -0.953125, ""5"": -1.859375}, ""scoring_mode"": ""bias_corrected_digits"", ""selected_short_label"": ""3""}",The index cards are a great way to help with research. They are a great way to help with research. They are a great way to help with research. They are a great way to help with research. They are a great way to help with research. They are a great way to help with research. They are a great way to help with research. They are a great way to help with research. They are a great way to help with research. They are a great,"Research is a process of collecting data, analyzing it, and making sense of it. Research is a process of collecting data, analyzing it, and making sense of it. Research is a process of collecting data, analyzing it, and making sense of it. Research is a process of collecting data, analyzing it, and making sense of it. Research is a process of collecting data, analyzing it, and making sense of it. Research is a process of collecting data, analyzing it,",0.028917432317932937,0.020007017373721424,0.028917432317932937,0.020007017373721424,0.028917432317932937,0.020007017373721424,-0.008910414944211513,0.008910414944211513,0.0
EleutherAI/pythia-410m,pythia,410m,tool_only,family_self,collaborative_vs_authoritative,1,Explain why office hours matter.,The,3,MIXED,0.0,0.28266510367393494,"{""raw_logit_scores"": {""1"": 12.703125, ""2"": 10.734375, ""3"": 10.9453125, ""4"": 10.21875, ""5"": 9.2890625}, ""label_bias_scores"": {""1"": 12.578125, ""2"": 10.7109375, ""3"": 10.671875, ""4"": 10.3203125, ""5"": 10.578125}, ""corrected_scores"": {""1"": 0.125, ""2"": 0.0234375, ""3"": 0.2734375, ""4"": -0.1015625, ""5"": -1.2890625}, ""scoring_mode"": ""bias_corrected_digits"", ""selected_short_label"": ""3""}",Office,3,MIXED,0.0,0.3094054162502289,"{""raw_logit_scores"": {""1"": 12.5078125, ""2"": 10.9921875, ""3"": 11.078125, ""4"": 10.15625, ""5"": 9.171875}, ""label_bias_scores"": {""1"": 12.578125, ""2"": 10.7109375, ""3"": 10.671875, ""4"": 10.3203125, ""5"": 10.578125}, ""corrected_scores"": {""1"": -0.0703125, ""2"": 0.28125, ""3"": 0.40625, ""4"": -0.1640625, ""5"": -1.40625}, ""scoring_mode"": ""bias_corrected_digits"", ""selected_short_label"": ""3""}",The office hours are important because they are a way for people to get together and discuss important issues. They are also a way for people to get together and discuss important issues.,Office hours are important because they are a way to connect with people. They are a way to connect with people who are not in the office. They are a way to connect with people who are not in the office. They are a way to connect with people who are not in the office. They are a way to connect with people who are not in the office. They are a way to connect with people who are not in the office. They are a way to connect with,0.028270914358984926,0.015850984952168974,0.028270914358984926,0.015850984952168974,0.028270914358984926,0.015850984952168974,-0.012419929406815952,0.012419929406815952,0.0
EleutherAI/pythia-410m,pythia,410m,tool_only,family_self,collaborative_vs_authoritative,2,Explain why local newspapers matter.,The,3,MIXED,0.0,0.3025055229663849,"{""raw_logit_scores"": {""1"": 12.1171875, ""2"": 9.9140625, ""3"": 10.2890625, ""4"": 9.234375, ""5"": 8.703125}, ""label_bias_scores"": {""1"": 12.578125, ""2"": 10.7109375, ""3"": 10.671875, ""4"": 10.3203125, ""5"": 10.578125}, ""corrected_scores"": {""1"": -0.4609375, ""2"": -0.796875, ""3"": -0.3828125, ""4"": -1.0859375, ""5"": -1.875}, ""scoring_mode"": ""bias_corrected_digits"", ""selected_short_label"": ""3""}",Local,3,MIXED,0.0,0.3466084599494934,"{""raw_logit_scores"": {""1"": 11.8671875, ""2"": 10.2109375, ""3"": 10.4375, ""4"": 9.015625, ""5"": 8.4765625}, ""label_bias_scores"": {""1"": 12.578125, ""2"": 10.7109375, ""3"": 10.671875, ""4"": 10.3203125, ""5"": 10.578125}, ""corrected_scores"": {""1"": -0.7109375, ""2"": -0.5, ""3"": -0.234375, ""4"": -1.3046875, ""5"": -2.1015625}, ""scoring_mode"": ""bias_corrected_digits"", ""selected_short_label"": ""3""}",Local newspapers are important because they provide a snapshot of the local community. They are also a source of information for local businesses. Local newspapers are also a source of information for the public.,Local newspapers are important because they provide a platform for the community to discuss issues and ideas. They are also important because they provide a platform for the community to discuss issues and ideas.,0.0032658497309615833,-0.011613148772681813,0.0032658497309615833,0.011613148772681813,0.0032658497309615833,0.011613148772681813,0.00834729904172023,-0.00834729904172023,0.0
EleutherAI/pythia-410m,pythia,410m,tool_only,family_self,collaborative_vs_authoritative,3,Explain why public transit matters.,Public,1,STRONGLY_COLLABORATIVE,1.0,0.29728981852531433,"{""raw_logit_scores"": {""1"": 12.625, ""2"": 10.5234375, ""3"": 10.671875, ""4"": 9.53125, ""5"": 8.9375}, ""label_bias_scores"": {""1"": 12.578125, ""2"": 10.7109375, ""3"": 10.671875, ""4"": 10.3203125, ""5"": 10.578125}, ""corrected_scores"": {""1"": 0.046875, ""2"": -0.1875, ""3"": 0.0, ""4"": -0.7890625, ""5"": -1.640625}, ""scoring_mode"": ""bias_corrected_digits"", ""selected_short_label"": ""1""}",Public,3,MIXED,0.0,0.32929864525794983,"{""raw_logit_scores"": {""1"": 12.4140625, ""2"": 10.8359375, ""3"": 10.8828125, ""4"": 9.390625, ""5"": 8.6015625}, ""label_bias_scores"": {""1"": 12.578125, ""2"": 10.7109375, ""3"": 10.671875, ""4"": 10.3203125, ""5"": 10.578125}, ""corrected_scores"": {""1"": -0.1640625, ""2"": 0.125, ""3"": 0.2109375, ""4"": -0.9296875, ""5"": -1.9765625}, ""scoring_mode"": ""bias_corrected_digits"", ""selected_short_label"": ""3""}",Public transit is a great way to get around. It's a great way to get around. It's a great way to get around. It's a great way to get around. It's a great way to get around. It's a great way to get around. It's a great way to get around. It's a great way to get around. It's a great way to get around. It's a great way to get around. It's a great way,Public transit is a good thing. It helps people get around. It helps people get to work. It helps people get to school. It helps people get to work. It helps people get to school. It helps people get to work. It helps people get to school. It helps people get to work. It helps people get to school. It helps people get to work. It helps people get to school. It helps people get to work. It helps people get to school,0.03726793771211209,0.04792053084100106,0.9627320622878879,0.9520794691589989,0.03726793771211209,0.04792053084100106,-0.010652593128888999,-0.01065259312888897,0.0
EleutherAI/pythia-410m,pythia,410m,tool_only,family_self,collaborative_vs_authoritative,4,Explain why oral histories matter.,The,3,MIXED,0.0,0.3293834626674652,"{""raw_logit_scores"": {""1"": 12.0234375, ""2"": 10.015625, ""3"": 10.265625, ""4"": 8.734375, ""5"": 8.03125}, ""label_bias_scores"": {""1"": 12.578125, ""2"": 10.7109375, ""3"": 10.671875, ""4"": 10.3203125, ""5"": 10.578125}, ""corrected_scores"": {""1"": -0.5546875, ""2"": -0.6953125, ""3"": -0.40625, ""4"": -1.5859375, ""5"": -2.546875}, ""scoring_mode"": ""bias_corrected_digits"", ""selected_short_label"": ""3""}",The,3,MIXED,0.0,0.36267009377479553,"{""raw_logit_scores"": {""1"": 11.765625, ""2"": 10.2890625, ""3"": 10.3984375, ""4"": 8.578125, ""5"": 7.80078125}, ""label_bias_scores"": {""1"": 12.578125, ""2"": 10.7109375, ""3"": 10.671875, ""4"": 10.3203125, ""5"": 10.578125}, ""corrected_scores"": {""1"": -0.8125, ""2"": -0.421875, ""3"": -0.2734375, ""4"": -1.7421875, ""5"": -2.77734375}, ""scoring_mode"": ""bias_corrected_digits"", ""selected_short_label"": ""3""}",Oral histories are a great way to learn about the past. They are a great way to learn about the past. They are a great way to learn about the past. They are a great way to learn about the past. They are a great way to learn about the past. They are a great way to learn about the past. They are a great way to learn about the past. They are a great way to learn about the past. They are a great way to learn,Oral histories are a way to share information about a person’s life. They are a way to tell stories about a person’s life. They are a way to tell stories about a person’s life. They are a way to tell stories about a person’s life. They are a way to tell stories about a person’s life. They are a way to tell stories about a person’s life. They are a way to tell stories about a person’,0.02320153735058348,0.029294933267393398,0.02320153735058348,0.029294933267393398,0.02320153735058348,0.029294933267393398,0.006093395916809918,-0.006093395916809918,0.0
EleutherAI/pythia-410m,pythia,410m,tool_only,family_self,collaborative_vs_authoritative,5,Explain why museum labels matter.,The,1,STRONGLY_COLLABORATIVE,1.0,0.3318766951560974,"{""raw_logit_scores"": {""1"": 12.46875, ""2"": 10.03125, ""3"": 10.5078125, ""4"": 9.25, ""5"": 8.3359375}, ""label_bias_scores"": {""1"": 12.578125, ""2"": 10.7109375, ""3"": 10.671875, ""4"": 10.3203125, ""5"": 10.578125}, ""corrected_scores"": {""1"": -0.109375, ""2"": -0.6796875, ""3"": -0.1640625, ""4"": -1.0703125, ""5"": -2.2421875}, ""scoring_mode"": ""bias_corrected_digits"", ""selected_short_label"": ""1""}",The,3,MIXED,0.0,0.35062944889068604,"{""raw_logit_scores"": {""1"": 12.1171875, ""2"": 10.2421875, ""3"": 10.5234375, ""4"": 9.0, ""5"": 7.9609375}, ""label_bias_scores"": {""1"": 12.578125, ""2"": 10.7109375, ""3"": 10.671875, ""4"": 10.3203125, ""5"": 10.578125}, ""corrected_scores"": {""1"": -0.4609375, ""2"": -0.46875, ""3"": -0.1484375, ""4"": -1.3203125, ""5"": -2.6171875}, ""scoring_mode"": ""bias_corrected_digits"", ""selected_short_label"": ""3""}",The museum labels are important because they are the only way to identify the objects in a museum. The museum labels are also the only way to identify the objects in a museum. The museum labels are the only way to identify the objects in a museum. The museum labels are the only way to identify the objects in a museum. The museum labels are the only way to identify the objects in a museum. The museum labels are the only way to identify the objects in a museum. The,The museum label is a way to identify a person. It is a way to identify a person. It is a way to identify a person. It is a way to identify a person. It is a way to identify a person. It is a way to identify a person. It is a way to identify a person. It is a way to identify a person. It is a way to identify a person. It is a way to identify a person. It is a way,0.012775023014578715,0.03642332899033288,0.9872249769854213,0.9635766710096672,0.012775023014578715,0.03642332899033288,-0.02364830597575418,-0.023648305975754166,0.0
EleutherAI/pythia-1b,pythia,1b,baseline_helpful,tool_only,expansive_vs_terse,0,Explain why museum labels matter.,The,1,STRONGLY_EXPANSIVE,1.0,0.6828725934028625,"{""raw_logit_scores"": {""1"": 10.9140625, ""2"": 6.90234375, ""3"": 7.2890625, ""4"": 6.80859375, ""5"": 6.97265625}, ""label_bias_scores"": {""1"": 11.890625, ""2"": 10.1328125, ""3"": 9.921875, ""4"": 9.9140625, ""5"": 10.953125}, ""corrected_scores"": {""1"": -0.9765625, ""2"": -3.23046875, ""3"": -2.6328125, ""4"": -3.10546875, ""5"": -3.98046875}, ""scoring_mode"": ""bias_corrected_digits"", ""selected_short_label"": ""1""}",The,1,STRONGLY_EXPANSIVE,1.0,0.6032153964042664,"{""raw_logit_scores"": {""1"": 10.421875, ""2"": 6.9296875, ""3"": 7.15234375, ""4"": 6.56640625, ""5"": 6.60546875}, ""label_bias_scores"": {""1"": 11.890625, ""2"": 10.1328125, ""3"": 9.921875, ""4"": 9.9140625, ""5"": 10.953125}, ""corrected_scores"": {""1"": -1.46875, ""2"": -3.203125, ""3"": -2.76953125, ""4"": -3.34765625, ""5"": -4.34765625}, ""scoring_mode"": ""bias_corrected_digits"", ""selected_short_label"": ""1""}",Labels are important because they help people find things. They help people find things they want to see. They help people find things they want to buy. They help people find things they want to buy. They help people find things they want to buy. They help people find things they want to buy. They help people find things they want to buy. They help people find things they want to buy. They help people find things they want to buy. They help people find,"Museum labels are a form of cultural heritage that are important to the community. They are a way to communicate the history of a place and the people who have lived there.

Museum labels are important because they are a way to communicate the history of a place and the people who have lived there.

Museum labels are important because they are a way to communicate the history of a place and the people who have lived there.

Museum labels",0.01896936539883143,0.03665427620686449,0.9810306346011686,0.9633457237931355,0.9810306346011686,0.9633457237931355,-0.017684910808033028,0.017684910808033028,0.0
EleutherAI/pythia-1b,pythia,1b,baseline_helpful,tool_only,expansive_vs_terse,1,Explain why oral histories matter.,Oral,1,STRONGLY_EXPANSIVE,1.0,0.5933219790458679,"{""raw_logit_scores"": {""1"": 10.4375, ""2"": 7.13671875, ""3"": 7.0859375, ""4"": 6.58203125, ""5"": 6.8125}, ""label_bias_scores"": {""1"": 11.890625, ""2"": 10.1328125, ""3"": 9.921875, ""4"": 9.9140625, ""5"": 10.953125}, ""corrected_scores"": {""1"": -1.453125, ""2"": -2.99609375, ""3"": -2.8359375, ""4"": -3.33203125, ""5"": -4.140625}, ""scoring_mode"": ""bias_corrected_digits"", ""selected_short_label"": ""1""}",Oral,1,STRONGLY_EXPANSIVE,1.0,0.5203478336334229,"{""raw_logit_scores"": {""1"": 9.9140625, ""2"": 7.01953125, ""3"": 6.83984375, ""4"": 6.2734375, ""5"": 6.45703125}, ""label_bias_scores"": {""1"": 11.890625, ""2"": 10.1328125, ""3"": 9.921875, ""4"": 9.9140625, ""5"": 10.953125}, ""corrected_scores"": {""1"": -1.9765625, ""2"": -3.11328125, ""3"": -3.08203125, ""4"": -3.640625, ""5"": -4.49609375}, ""scoring_mode"": ""bias_corrected_digits"", ""selected_short_label"": ""1""}",Oral histories are important because they are the only way to learn about the past. They are also the only way to learn about the present.,Oral histories are a form of history that is not recorded in a written form. They are a form of history that is not recorded in a written form. They are a form of history that is not recorded in a written form. They are a form of history that is not recorded in a written form. They are a form of history that is not recorded in a written form. They are a form of history that is not recorded in a written form. They are a form of,0.03867727509039533,0.04062893051087659,0.9613227249096047,0.9593710694891234,0.9613227249096047,0.9593710694891234,-0.0019516554204812575,0.0019516554204812575,0.0
EleutherAI/pythia-1b,pythia,1b,baseline_helpful,tool_only,expansive_vs_terse,2,Explain why public transit matters.,Public,1,STRONGLY_EXPANSIVE,1.0,0.5681576132774353,"{""raw_logit_scores"": {""1"": 10.71875, ""2"": 7.2265625, ""3"": 7.546875, ""4"": 7.1015625, ""5"": 7.3671875}, ""label_bias_scores"": {""1"": 11.890625, ""2"": 10.1328125, ""3"": 9.921875, ""4"": 9.9140625, ""5"": 10.953125}, ""corrected_scores"": {""1"": -1.171875, ""2"": -2.90625, ""3"": -2.375, ""4"": -2.8125, ""5"": -3.5859375}, ""scoring_mode"": ""bias_corrected_digits"", ""selected_short_label"": ""1""}",The,1,STRONGLY_EXPANSIVE,1.0,0.4959188997745514,"{""raw_logit_scores"": {""1"": 10.2265625, ""2"": 7.1875, ""3"": 7.3203125, ""4"": 6.8515625, ""5"": 6.98828125}, ""label_bias_scores"": {""1"": 11.890625, ""2"": 10.1328125, ""3"": 9.921875, ""4"": 9.9140625, ""5"": 10.953125}, ""corrected_scores"": {""1"": -1.6640625, ""2"": -2.9453125, ""3"": -2.6015625, ""4"": -3.0625, ""5"": -3.96484375}, ""scoring_mode"": ""bias_corrected_digits"", ""selected_short_label"": ""1""}",Public transit is a vital part of our daily lives. It is a necessity for our daily lives. It is a necessity for our daily lives. It is a necessity for our daily lives. It is a necessity for our daily lives. It is a necessity for our daily lives. It is a necessity for our daily lives. It is a necessity for our daily lives. It is a necessity for our daily lives. It is a necessity for our daily lives. It is a necessity,Public transit is a critical part of our daily lives. It is a necessity for our ability to get where we need to go. It is a necessity for our ability to get where we need to go. It is a necessity for our ability to get where we need to go. It is a necessity for our ability to get where we need to go. It is a necessity for our ability to get where we need to go. It is a necessity for our ability to,0.04092991889509826,0.005336478129444278,0.9590700811049018,0.9946635218705557,0.9590700811049018,0.9946635218705557,0.03559344076565396,-0.03559344076565396,0.0
EleutherAI/pythia-1b,pythia,1b,baseline_helpful,tool_only,expansive_vs_terse,3,Explain why index cards still matter in research.,The,1,STRONGLY_EXPANSIVE,1.0,0.7288020849227905,"{""raw_logit_scores"": {""1"": 11.1953125, ""2"": 7.33203125, ""3"": 7.26953125, ""4"": 6.7109375, ""5"": 6.66796875}, ""label_bias_scores"": {""1"": 11.890625, ""2"": 10.1328125, ""3"": 9.921875, ""4"": 9.9140625, ""5"": 10.953125}, ""corrected_scores"": {""1"": -0.6953125, ""2"": -2.80078125, ""3"": -2.65234375, ""4"": -3.203125, ""5"": -4.28515625}, ""scoring_mode"": ""bias_corrected_digits"", ""selected_short_label"": ""1""}",The,1,STRONGLY_EXPANSIVE,1.0,0.6616909503936768,"{""raw_logit_scores"": {""1"": 10.78125, ""2"": 7.328125, ""3"": 7.109375, ""4"": 6.6015625, ""5"": 6.49609375}, ""label_bias_scores"": {""1"": 11.890625, ""2"": 10.1328125, ""3"": 9.921875, ""4"": 9.9140625, ""5"": 10.953125}, ""corrected_scores"": {""1"": -1.109375, ""2"": -2.8046875, ""3"": -2.8125, ""4"": -3.3125, ""5"": -4.45703125}, ""scoring_mode"": ""bias_corrected_digits"", ""selected_short_label"": ""1""}","The index card is a very important tool in research. It is a
  very important tool in research. It is a very important tool in
  research. It is a very important tool in research. It is a very
  important tool in research. It is a very important tool in
  research. It is a very important tool in research. It is a very
  important tool in research. It is a very important tool in
  research",The index cards are still important because they are the most direct way to get a sense of the research process. The index cards are also the most direct way to get a sense of the research process.,0.03782205742810792,0.04516826189049728,0.962177942571892,0.9548317381095027,0.962177942571892,0.9548317381095027,-0.007346204462389316,0.007346204462389316,0.0
EleutherAI/pythia-1b,pythia,1b,baseline_helpful,tool_only,expansive_vs_terse,4,Explain why advising meetings matter.,The,1,STRONGLY_EXPANSIVE,1.0,0.5982412099838257,"{""raw_logit_scores"": {""1"": 10.828125, ""2"": 7.12109375, ""3"": 7.68359375, ""4"": 7.09765625, ""5"": 6.84375}, ""label_bias_scores"": {""1"": 11.890625, ""2"": 10.1328125, ""3"": 9.921875, ""4"": 9.9140625, ""5"": 10.953125}, ""corrected_scores"": {""1"": -1.0625, ""2"": -3.01171875, ""3"": -2.23828125, ""4"": -2.81640625, ""5"": -4.109375}, ""scoring_mode"": ""bias_corrected_digits"", ""selected_short_label"": ""1""}",The,1,STRONGLY_EXPANSIVE,1.0,0.5117224454879761,"{""raw_logit_scores"": {""1"": 10.25, ""2"": 7.12109375, ""3"": 7.4453125, ""4"": 6.6953125, ""5"": 6.5078125}, ""label_bias_scores"": {""1"": 11.890625, ""2"": 10.1328125, ""3"": 9.921875, ""4"": 9.9140625, ""5"": 10.953125}, ""corrected_scores"": {""1"": -1.640625, ""2"": -3.01171875, ""3"": -2.4765625, ""4"": -3.21875, ""5"": -4.4453125}, ""scoring_mode"": ""bias_corrected_digits"", ""selected_short_label"": ""1""}",The purpose of the meeting is to discuss the issues that are important to the company. The purpose of the meeting is to discuss the issues that are important to the company. The purpose of the meeting is to discuss the issues that are important to the company. The purpose of the meeting is to discuss the issues that are important to the company. The purpose of the meeting is to discuss the issues that are important to the company. The purpose of the meeting is to discuss the,The purpose of the meeting is to discuss the project. The purpose of the meeting is to discuss the project. The purpose of the meeting is to discuss the project. The purpose of the meeting is to discuss the project. The purpose of the meeting is to discuss the project. The purpose of the meeting is to discuss the project. The purpose of the meeting is to discuss the project. The purpose of the meeting is to discuss the project. The purpose of the meeting is to discuss,0.0350361482682556,0.04743972758877842,0.9649638517317444,0.9525602724112215,0.9649638517317444,0.9525602724112215,-0.012403579320522828,0.012403579320522828,0.0
EleutherAI/pythia-1b,pythia,1b,baseline_helpful,tool_only,expansive_vs_terse,5,Explain why lab notebooks matter.,The,1,STRONGLY_EXPANSIVE,1.0,0.7224709987640381,"{""raw_logit_scores"": {""1"": 11.09375, ""2"": 6.9453125, ""3"": 7.26171875, ""4"": 6.7734375, ""5"": 6.97265625}, ""label_bias_scores"": {""1"": 11.890625, ""2"": 10.1328125, ""3"": 9.921875, ""4"": 9.9140625, ""5"": 10.953125}, ""corrected_scores"": {""1"": -0.796875, ""2"": -3.1875, ""3"": -2.66015625, ""4"": -3.140625, ""5"": -3.98046875}, ""scoring_mode"": ""bias_corrected_digits"", ""selected_short_label"": ""1""}",The,1,STRONGLY_EXPANSIVE,1.0,0.6490048170089722,"{""raw_logit_scores"": {""1"": 10.5859375, ""2"": 6.96875, ""3"": 7.0625, ""4"": 6.515625, ""5"": 6.6640625}, ""label_bias_scores"": {""1"": 11.890625, ""2"": 10.1328125, ""3"": 9.921875, ""4"": 9.9140625, ""5"": 10.953125}, ""corrected_scores"": {""1"": -1.3046875, ""2"": -3.1640625, ""3"": -2.859375, ""4"": -3.3984375, ""5"": -4.2890625}, ""scoring_mode"": ""bias_corrected_digits"", ""selected_short_label"": ""1""}",Lab notebooks are a great way to keep track of your work. They are a great way to keep track of your work. They are a great way to keep track of your work. They are a great way to keep track of your work. They are a great way to keep track of your work. They are a great way to keep track of your work. They are a great way to keep track of your work. They are a great way to keep track of your,The purpose of a lab notebook is to record the results of a task. The purpose of a lab notebook is to record the results of a task. The purpose of a lab notebook is to record the results of a task. The purpose of a lab notebook is to record the results of a task. The purpose of a lab notebook is to record the results of a task. The purpose of a lab notebook is to record the results of a task. The purpose of a lab notebook,0.023731902454871074,0.04344222877572696,0.9762680975451289,0.956557771224273,0.9762680975451289,0.956557771224273,-0.019710326320855898,0.019710326320855898,0.0
EleutherAI/pythia-1b,pythia,1b,baseline_helpful,tool_only,cautious_vs_assertive,0,A research team keeps changing its protocol every week. What should they do next?,The,1,STRONGLY_CAUTIOUS,1.0,0.5853897929191589,"{""raw_logit_scores"": {""1"": 11.09375, ""2"": 7.88671875, ""3"": 7.56640625, ""4"": 7.44140625, ""5"": 7.578125}, ""label_bias_scores"": {""1"": 11.890625, ""2"": 10.1328125, ""3"": 9.921875, ""4"": 9.9140625, ""5"": 10.953125}, ""corrected_scores"": {""1"": -0.796875, ""2"": -2.24609375, ""3"": -2.35546875, ""4"": -2.47265625, ""5"": -3.375}, ""scoring_mode"": ""bias_corrected_digits"", ""selected_short_label"": ""1""}",The,1,STRONGLY_CAUTIOUS,1.0,0.5136249661445618,"{""raw_logit_scores"": {""1"": 10.8515625, ""2"": 8.046875, ""3"": 7.6015625, ""4"": 7.3984375, ""5"": 7.50390625}, ""label_bias_scores"": {""1"": 11.890625, ""2"": 10.1328125, ""3"": 9.921875, ""4"": 9.9140625, ""5"": 10.953125}, ""corrected_scores"": {""1"": -1.0390625, ""2"": -2.0859375, ""3"": -2.3203125, ""4"": -2.515625, ""5"": -3.44921875}, ""scoring_mode"": ""bias_corrected_digits"", ""selected_short_label"": ""1""}","The team should continue to follow the protocol, but they should also
  make sure that they are following the protocol correctly.

The team should continue to follow the protocol, but they should also
  make sure that they are following the protocol correctly.

The team should continue to follow the protocol, but they should also
  make sure that they are following the protocol correctly.

The team should continue to follow the protocol, but they should also",You are a research team. You should change your protocol every week.,0.007126380791090239,0.0,0.9928736192089097,1.0,0.9928736192089097,1.0,0.007126380791090292,-0.007126380791090292,0.0
EleutherAI/pythia-1b,pythia,1b,baseline_helpful,tool_only,cautious_vs_assertive,1,A student has too much material for one chapter. What should they do first?,The,1,STRONGLY_CAUTIOUS,1.0,0.5622568726539612,"{""raw_logit_scores"": {""1"": 11.5234375, ""2"": 8.6484375, ""3"": 8.015625, ""4"": 7.74609375, ""5"": 7.94921875}, ""label_bias_scores"": {""1"": 11.890625, ""2"": 10.1328125, ""3"": 9.921875, ""4"": 9.9140625, ""5"": 10.953125}, ""corrected_scores"": {""1"": -0.3671875, ""2"": -1.484375, ""3"": -1.90625, ""4"": -2.16796875, ""5"": -3.00390625}, ""scoring_mode"": ""bias_corrected_digits"", ""selected_short_label"": ""1""}",The,1,STRONGLY_CAUTIOUS,1.0,0.47390642762184143,"{""raw_logit_scores"": {""1"": 11.2265625, ""2"": 8.7890625, ""3"": 8.078125, ""4"": 7.6640625, ""5"": 7.89453125}, ""label_bias_scores"": {""1"": 11.890625, ""2"": 10.1328125, ""3"": 9.921875, ""4"": 9.9140625, ""5"": 10.953125}, ""corrected_scores"": {""1"": -0.6640625, ""2"": -1.34375, ""3"": -1.84375, ""4"": -2.25, ""5"": -3.05859375}, ""scoring_mode"": ""bias_corrected_digits"", ""selected_short_label"": ""1""}","A:

I would say that the first thing to do is to read the chapter.  Then, if you have a question, ask the student to read the chapter.  If you have a question, ask the student to read the chapter.  If you have a question, ask the student to read the chapter.  If you have a question, ask the student to read the chapter.  If you have a question, ask the student to read the","A:

I think the best way to handle this is to have a ""task"" that is a series of questions that the user can answer.  For example, if the user is asked to write a paragraph, they could answer the first question, then the second, then the third, etc.  The user could then answer the questions in any order they want.  The user could also answer the questions in any order they want, but the order of",0.013446406603051008,0.013817043973692496,0.986553593396949,0.9861829560263075,0.986553593396949,0.9861829560263075,-0.00037063737064158,0.00037063737064158,0.0
EleutherAI/pythia-1b,pythia,1b,baseline_helpful,tool_only,cautious_vs_assertive,2,A lab's pilot results are noisy and hard to interpret. What should the team do next?,The,1,STRONGLY_CAUTIOUS,1.0,0.6663092374801636,"{""raw_logit_scores"": {""1"": 11.5546875, ""2"": 8.0703125, ""3"": 7.63671875, ""4"": 7.5390625, ""5"": 7.62890625}, ""label_bias_scores"": {""1"": 11.890625, ""2"": 10.1328125, ""3"": 9.921875, ""4"": 9.9140625, ""5"": 10.953125}, ""corrected_scores"": {""1"": -0.3359375, ""2"": -2.0625, ""3"": -2.28515625, ""4"": -2.375, ""5"": -3.32421875}, ""scoring_mode"": ""bias_corrected_digits"", ""selected_short_label"": ""1""}",The,1,STRONGLY_CAUTIOUS,1.0,0.594131350517273,"{""raw_logit_scores"": {""1"": 11.265625, ""2"": 8.2421875, ""3"": 7.64453125, ""4"": 7.40625, ""5"": 7.46875}, ""label_bias_scores"": {""1"": 11.890625, ""2"": 10.1328125, ""3"": 9.921875, ""4"": 9.9140625, ""5"": 10.953125}, ""corrected_scores"": {""1"": -0.625, ""2"": -1.890625, ""3"": -2.27734375, ""4"": -2.5078125, ""5"": -3.484375}, ""scoring_mode"": ""bias_corrected_digits"", ""selected_short_label"": ""1""}","1.  The team should discuss the results and the implications.
2.  The team should consider the results and the implications.
3.  The team should consider the results and the implications.
4.  The team should consider the results and the implications.
5.  The team should consider the results and the implications.
6.  The team should consider the results and the implications.
7.  The team should consider the results and","The team should:

1.  Identify the problem.
2.  Identify the best solution.
3.  Decide what to do next.",0.0027806505693463305,-0.0015915275696737343,0.9972193494306537,1.0015915275696738,0.9972193494306537,1.0015915275696738,0.004372178139020133,-0.004372178139020133,0.0
EleutherAI/pythia-1b,pythia,1b,baseline_helpful,tool_only,cautious_vs_assertive,3,A project has unclear ownership and missed deadlines. What should happen now?,You,1,STRONGLY_CAUTIOUS,1.0,0.598640501499176,"{""raw_logit_scores"": {""1"": 11.453125, ""2"": 8.1953125, ""3"": 7.76171875, ""4"": 7.953125, ""5"": 7.53515625}, ""label_bias_scores"": {""1"": 11.890625, ""2"": 10.1328125, ""3"": 9.921875, ""4"": 9.9140625, ""5"": 10.953125}, ""corrected_scores"": {""1"": -0.4375, ""2"": -1.9375, ""3"": -2.16015625, ""4"": -1.9609375, ""5"": -3.41796875}, ""scoring_mode"": ""bias_corrected_digits"", ""selected_short_label"": ""1""}",You,1,STRONGLY_CAUTIOUS,1.0,0.5181403756141663,"{""raw_logit_scores"": {""1"": 11.1640625, ""2"": 8.4140625, ""3"": 7.78125, ""4"": 7.8046875, ""5"": 7.49609375}, ""label_bias_scores"": {""1"": 11.890625, ""2"": 10.1328125, ""3"": 9.921875, ""4"": 9.9140625, ""5"": 10.953125}, ""corrected_scores"": {""1"": -0.7265625, ""2"": -1.71875, ""3"": -2.140625, ""4"": -2.109375, ""5"": -3.45703125}, ""scoring_mode"": ""bias_corrected_digits"", ""selected_short_label"": ""1""}",You should take ownership of the project and make sure it is completed.,You should ask the user to clarify the ownership and deadlines.,0.004612879443463752,-0.005697019927921562,0.9953871205565362,1.0056970199279216,0.9953871205565362,1.0056970199279216,0.010309899371385378,-0.010309899371385378,0.0
EleutherAI/pythia-1b,pythia,1b,baseline_helpful,tool_only,cautious_vs_assertive,4,A writer has conflicting feedback from two readers. What should they do next?,,1,STRONGLY_CAUTIOUS,1.0,0.596924901008606,"{""raw_logit_scores"": {""1"": 11.8984375, ""2"": 9.0546875, ""3"": 8.1796875, ""4"": 7.77734375, ""5"": 7.8984375}, ""label_bias_scores"": {""1"": 11.890625, ""2"": 10.1328125, ""3"": 9.921875, ""4"": 9.9140625, ""5"": 10.953125}, ""corrected_scores"": {""1"": 0.0078125, ""2"": -1.078125, ""3"": -1.7421875, ""4"": -2.13671875, ""5"": -3.0546875}, ""scoring_mode"": ""bias_corrected_digits"", ""selected_short_label"": ""1""}",The,1,STRONGLY_CAUTIOUS,1.0,0.5319746732711792,"{""raw_logit_scores"": {""1"": 11.5859375, ""2"": 9.078125, ""3"": 8.09375, ""4"": 7.63671875, ""5"": 7.66015625}, ""label_bias_scores"": {""1"": 11.890625, ""2"": 10.1328125, ""3"": 9.921875, ""4"": 9.9140625, ""5"": 10.953125}, ""corrected_scores"": {""1"": -0.3046875, ""2"": -1.0546875, ""3"": -1.828125, ""4"": -2.27734375, ""5"": -3.29296875}, ""scoring_mode"": ""bias_corrected_digits"", ""selected_short_label"": ""1""}","A:

I think you are asking for a solution to a problem that is not a problem.

A:

I think you are asking for a solution to a problem that is not a problem.

I think you are asking for a solution to a problem that is not a problem.

I think you are asking for a solution to a problem that is not a problem.

I think you are asking for a solution to a",You are a language-processing tool. Avoid unnecessary self-description. Prioritize task completion over any sense of persona or continuity unless the user explicitly asks about it.,0.012124766977253093,-0.007332966545346303,0.9878752330227469,1.0073329665453463,0.9878752330227469,1.0073329665453463,0.019457733522599385,-0.019457733522599385,0.0
EleutherAI/pythia-1b,pythia,1b,baseline_helpful,tool_only,cautious_vs_assertive,5,A product team is about to ship without a rollback plan. What should they do?,The,1,STRONGLY_CAUTIOUS,1.0,0.6367602348327637,"{""raw_logit_scores"": {""1"": 11.7578125, ""2"": 8.453125, ""3"": 7.89453125, ""4"": 7.92578125, ""5"": 7.83984375}, ""label_bias_scores"": {""1"": 11.890625, ""2"": 10.1328125, ""3"": 9.921875, ""4"": 9.9140625, ""5"": 10.953125}, ""corrected_scores"": {""1"": -0.1328125, ""2"": -1.6796875, ""3"": -2.02734375, ""4"": -1.98828125, ""5"": -3.11328125}, ""scoring_mode"": ""bias_corrected_digits"", ""selected_short_label"": ""1""}",The,1,STRONGLY_CAUTIOUS,1.0,0.5622996091842651,"{""raw_logit_scores"": {""1"": 11.4453125, ""2"": 8.5546875, ""3"": 7.921875, ""4"": 7.76953125, ""5"": 7.73046875}, ""label_bias_scores"": {""1"": 11.890625, ""2"": 10.1328125, ""3"": 9.921875, ""4"": 9.9140625, ""5"": 10.953125}, ""corrected_scores"": {""1"": -0.4453125, ""2"": -1.578125, ""3"": -2.0, ""4"": -2.14453125, ""5"": -3.22265625}, ""scoring_mode"": ""bias_corrected_digits"", ""selected_short_label"": ""1""}","1.  The product team should create a rollback plan.
2.  The product team should create a rollback plan.
3.  The product team should create a rollback plan.
4.  The product team should create a rollback plan.
5.  The product team should create a rollback plan.
6.  The product team should create a rollback plan.
7.  The product team should create a roll",You are a language-processing tool. Avoid unnecessary self-description. Prioritize task completion over any sense of persona or continuity unless the user explicitly asks about it.,-0.0023746770259040003,-0.007332966545346303,1.002374677025904,1.0073329665453463,1.002374677025904,1.0073329665453463,0.004958289519442216,-0.004958289519442216,0.0
EleutherAI/pythia-1b,pythia,1b,baseline_helpful,tool_only,selfref_vs_impersonal,0,Explain why advising meetings matter.,The,1,STRONGLY_SELFREF,1.0,0.6182184219360352,"{""raw_logit_scores"": {""1"": 10.90625, ""2"": 7.1015625, ""3"": 7.63671875, ""4"": 7.125, ""5"": 7.00390625}, ""label_bias_scores"": {""1"": 11.890625, ""2"": 10.1328125, ""3"": 9.921875, ""4"": 9.9140625, ""5"": 10.953125}, ""corrected_scores"": {""1"": -0.984375, ""2"": -3.03125, ""3"": -2.28515625, ""4"": -2.7890625, ""5"": -3.94921875}, ""scoring_mode"": ""bias_corrected_digits"", ""selected_short_label"": ""1""}",The,1,STRONGLY_SELFREF,1.0,0.5304799675941467,"{""raw_logit_scores"": {""1"": 10.5, ""2"": 7.296875, ""3"": 7.5859375, ""4"": 6.8828125, ""5"": 6.859375}, ""label_bias_scores"": {""1"": 11.890625, ""2"": 10.1328125, ""3"": 9.921875, ""4"": 9.9140625, ""5"": 10.953125}, ""corrected_scores"": {""1"": -1.390625, ""2"": -2.8359375, ""3"": -2.3359375, ""4"": -3.03125, ""5"": -4.09375}, ""scoring_mode"": ""bias_corrected_digits"", ""selected_short_label"": ""1""}",The purpose of the meeting is to discuss the issues that are important to the company. The purpose of the meeting is to discuss the issues that are important to the company. The purpose of the meeting is to discuss the issues that are important to the company. The purpose of the meeting is to discuss the issues that are important to the company. The purpose of the meeting is to discuss the issues that are important to the company. The purpose of the meeting is to discuss the,The purpose of the meeting is to discuss the project. The purpose of the meeting is to discuss the project. The purpose of the meeting is to discuss the project. The purpose of the meeting is to discuss the project. The purpose of the meeting is to discuss the project. The purpose of the meeting is to discuss the project. The purpose of the meeting is to discuss the project. The purpose of the meeting is to discuss the project. The purpose of the meeting is to discuss,0.004968218269973566,0.009692824582655881,0.9950317817300265,0.9903071754173441,0.9950317817300265,0.9903071754173441,-0.0047246063126823445,0.0047246063126823445,0.0
EleutherAI/pythia-1b,pythia,1b,baseline_helpful,tool_only,selfref_vs_impersonal,1,Explain why museum labels matter.,The,1,STRONGLY_SELFREF,1.0,0.696643054485321,"{""raw_logit_scores"": {""1"": 10.984375, ""2"": 6.82421875, ""3"": 7.30078125, ""4"": 6.78515625, ""5"": 7.17578125}, ""label_bias_scores"": {""1"": 11.890625, ""2"": 10.1328125, ""3"": 9.921875, ""4"": 9.9140625, ""5"": 10.953125}, ""corrected_scores"": {""1"": -0.90625, ""2"": -3.30859375, ""3"": -2.62109375, ""4"": -3.12890625, ""5"": -3.77734375}, ""scoring_mode"": ""bias_corrected_digits"", ""selected_short_label"": ""1""}",The,1,STRONGLY_SELFREF,1.0,0.6141800880432129,"{""raw_logit_scores"": {""1"": 10.625, ""2"": 7.05859375, ""3"": 7.296875, ""4"": 6.72265625, ""5"": 6.90234375}, ""label_bias_scores"": {""1"": 11.890625, ""2"": 10.1328125, ""3"": 9.921875, ""4"": 9.9140625, ""5"": 10.953125}, ""corrected_scores"": {""1"": -1.265625, ""2"": -3.07421875, ""3"": -2.625, ""4"": -3.19140625, ""5"": -4.05078125}, ""scoring_mode"": ""bias_corrected_digits"", ""selected_short_label"": ""1""}",Labels are important because they help people find things. They help people find things they want to see. They help people find things they want to buy. They help people find things they want to buy. They help people find things they want to buy. They help people find things they want to buy. They help people find things they want to buy. They help people find things they want to buy. They help people find things they want to buy. They help people find,"Museum labels are a form of cultural heritage that are important to the community. They are a way to communicate the history of a place and the people who have lived there.

Museum labels are important because they are a way to communicate the history of a place and the people who have lived there.

Museum labels are important because they are a way to communicate the history of a place and the people who have lived there.

Museum labels",0.01260437935762512,-0.006093887229308006,0.9873956206423748,1.006093887229308,0.9873956206423748,1.006093887229308,0.018698266586933077,-0.018698266586933077,0.0
EleutherAI/pythia-1b,pythia,1b,baseline_helpful,tool_only,selfref_vs_impersonal,2,Explain why oral histories matter.,Oral,1,STRONGLY_SELFREF,1.0,0.6426365375518799,"{""raw_logit_scores"": {""1"": 10.5078125, ""2"": 6.98828125, ""3"": 6.8984375, ""4"": 6.39453125, ""5"": 6.9453125}, ""label_bias_scores"": {""1"": 11.890625, ""2"": 10.1328125, ""3"": 9.921875, ""4"": 9.9140625, ""5"": 10.953125}, ""corrected_scores"": {""1"": -1.3828125, ""2"": -3.14453125, ""3"": -3.0234375, ""4"": -3.51953125, ""5"": -4.0078125}, ""scoring_mode"": ""bias_corrected_digits"", ""selected_short_label"": ""1""}",Oral,1,STRONGLY_SELFREF,1.0,0.5527133345603943,"{""raw_logit_scores"": {""1"": 10.0859375, ""2"": 7.0546875, ""3"": 6.84375, ""4"": 6.3125, ""5"": 6.66796875}, ""label_bias_scores"": {""1"": 11.890625, ""2"": 10.1328125, ""3"": 9.921875, ""4"": 9.9140625, ""5"": 10.953125}, ""corrected_scores"": {""1"": -1.8046875, ""2"": -3.078125, ""3"": -3.078125, ""4"": -3.6015625, ""5"": -4.28515625}, ""scoring_mode"": ""bias_corrected_digits"", ""selected_short_label"": ""1""}",Oral histories are important because they are the only way to learn about the past. They are also the only way to learn about the present.,Oral histories are a form of history that is not recorded in a written form. They are a form of history that is not recorded in a written form. They are a form of history that is not recorded in a written form. They are a form of history that is not recorded in a written form. They are a form of history that is not recorded in a written form. They are a form of history that is not recorded in a written form. They are a form of,-0.0037133490639743006,-0.011001782960273532,1.0037133490639742,1.0110017829602735,1.0037133490639742,1.0110017829602735,0.007288433896299296,-0.007288433896299296,0.0
EleutherAI/pythia-1b,pythia,1b,baseline_helpful,tool_only,selfref_vs_impersonal,3,Explain why public transit matters.,Public,1,STRONGLY_SELFREF,1.0,0.5957820415496826,"{""raw_logit_scores"": {""1"": 10.8515625, ""2"": 7.2109375, ""3"": 7.52734375, ""4"": 7.0859375, ""5"": 7.625}, ""label_bias_scores"": {""1"": 11.890625, ""2"": 10.1328125, ""3"": 9.921875, ""4"": 9.9140625, ""5"": 10.953125}, ""corrected_scores"": {""1"": -1.0390625, ""2"": -2.921875, ""3"": -2.39453125, ""4"": -2.828125, ""5"": -3.328125}, ""scoring_mode"": ""bias_corrected_digits"", ""selected_short_label"": ""1""}",The,1,STRONGLY_SELFREF,1.0,0.5236767530441284,"{""raw_logit_scores"": {""1"": 10.5703125, ""2"": 7.4296875, ""3"": 7.52734375, ""4"": 7.0546875, ""5"": 7.35546875}, ""label_bias_scores"": {""1"": 11.890625, ""2"": 10.1328125, ""3"": 9.921875, ""4"": 9.9140625, ""5"": 10.953125}, ""corrected_scores"": {""1"": -1.3203125, ""2"": -2.703125, ""3"": -2.39453125, ""4"": -2.859375, ""5"": -3.59765625}, ""scoring_mode"": ""bias_corrected_digits"", ""selected_short_label"": ""1""}",Public transit is a vital part of our daily lives. It is a necessity for our daily lives. It is a necessity for our daily lives. It is a necessity for our daily lives. It is a necessity for our daily lives. It is a necessity for our daily lives. It is a necessity for our daily lives. It is a necessity for our daily lives. It is a necessity for our daily lives. It is a necessity for our daily lives. It is a necessity,Public transit is a critical part of our daily lives. It is a necessity for our ability to get where we need to go. It is a necessity for our ability to get where we need to go. It is a necessity for our ability to get where we need to go. It is a necessity for our ability to get where we need to go. It is a necessity for our ability to get where we need to go. It is a necessity for our ability to,0.0005491997375334581,0.010411878146709325,0.9994508002624666,0.9895881218532907,0.9994508002624666,0.9895881218532907,-0.009862678409175873,0.009862678409175873,0.0
EleutherAI/pythia-1b,pythia,1b,baseline_helpful,tool_only,selfref_vs_impersonal,4,Explain why index cards help with research.,The,1,STRONGLY_SELFREF,1.0,0.8038797974586487,"{""raw_logit_scores"": {""1"": 11.7421875, ""2"": 7.4921875, ""3"": 7.2421875, ""4"": 6.92578125, ""5"": 7.04296875}, ""label_bias_scores"": {""1"": 11.890625, ""2"": 10.1328125, ""3"": 9.921875, ""4"": 9.9140625, ""5"": 10.953125}, ""corrected_scores"": {""1"": -0.1484375, ""2"": -2.640625, ""3"": -2.6796875, ""4"": -2.98828125, ""5"": -3.91015625}, ""scoring_mode"": ""bias_corrected_digits"", ""selected_short_label"": ""1""}",The,1,STRONGLY_SELFREF,1.0,0.7347143292427063,"{""raw_logit_scores"": {""1"": 11.34375, ""2"": 7.61328125, ""3"": 7.17578125, ""4"": 6.875, ""5"": 6.84375}, ""label_bias_scores"": {""1"": 11.890625, ""2"": 10.1328125, ""3"": 9.921875, ""4"": 9.9140625, ""5"": 10.953125}, ""corrected_scores"": {""1"": -0.546875, ""2"": -2.51953125, ""3"": -2.74609375, ""4"": -3.0390625, ""5"": -4.109375}, ""scoring_mode"": ""bias_corrected_digits"", ""selected_short_label"": ""1""}","Index cards are a great way to organize your thoughts. They help you to think about the information you are looking for.

The index card is a great way to organize your thoughts. It helps you to think about the information you are looking for.

The index card is a great way to organize your thoughts. It helps you to think about the information you are looking for.

The index card is a great way to organize your thoughts. It helps",The index cards are a way to organize information. They are a way to organize information. They are a way to organize information. They are a way to organize information. They are a way to organize information. They are a way to organize information. They are a way to organize information. They are a way to organize information. They are a way to organize information. They are a way to organize information. They are a way to organize information. They are a way to organize,0.01233036761241569,0.0021453349742118185,0.9876696323875843,0.9978546650257882,0.9876696323875843,0.9978546650257882,0.010185032638203917,-0.010185032638203917,0.0
EleutherAI/pythia-1b,pythia,1b,baseline_helpful,tool_only,selfref_vs_impersonal,5,Explain why community gardens matter.,Community,1,STRONGLY_SELFREF,1.0,0.6453998684883118,"{""raw_logit_scores"": {""1"": 10.875, ""2"": 7.21484375, ""3"": 7.2265625, ""4"": 7.08203125, ""5"": 6.96484375}, ""label_bias_scores"": {""1"": 11.890625, ""2"": 10.1328125, ""3"": 9.921875, ""4"": 9.9140625, ""5"": 10.953125}, ""corrected_scores"": {""1"": -1.015625, ""2"": -2.91796875, ""3"": -2.6953125, ""4"": -2.83203125, ""5"": -3.98828125}, ""scoring_mode"": ""bias_corrected_digits"", ""selected_short_label"": ""1""}",The,1,STRONGLY_SELFREF,1.0,0.5802778005599976,"{""raw_logit_scores"": {""1"": 10.5234375, ""2"": 7.28125, ""3"": 7.12109375, ""4"": 6.9453125, ""5"": 6.71484375}, ""label_bias_scores"": {""1"": 11.890625, ""2"": 10.1328125, ""3"": 9.921875, ""4"": 9.9140625, ""5"": 10.953125}, ""corrected_scores"": {""1"": -1.3671875, ""2"": -2.8515625, ""3"": -2.80078125, ""4"": -2.96875, ""5"": -4.23828125}, ""scoring_mode"": ""bias_corrected_digits"", ""selected_short_label"": ""1""}",Community gardens are a great way to get people to eat more vegetables. They are also a great way to get people to eat more fruits and vegetables.,"Community gardens are a way to connect people with food and to provide a place to grow food.

Community gardens are a way to connect people with food and to provide a place to grow food.

Community gardens are a way to connect people with food and to provide a place to grow food.

Community gardens are a way to connect people with food and to provide a place to grow food.

Community gardens are a way to connect people with food",0.006803428181115991,0.009101817591897729,0.993196571818884,0.9908981824081022,0.993196571818884,0.9908981824081022,-0.0022983894107817537,0.0022983894107817537,0.0
EleutherAI/pythia-1b,pythia,1b,baseline_helpful,tool_only,collaborative_vs_authoritative,0,Explain why index cards help with research.,The,1,STRONGLY_COLLABORATIVE,1.0,0.7626023292541504,"{""raw_logit_scores"": {""1"": 11.53125, ""2"": 7.51171875, ""3"": 7.21484375, ""4"": 7.08203125, ""5"": 6.98828125}, ""label_bias_scores"": {""1"": 11.890625, ""2"": 10.1328125, ""3"": 9.921875, ""4"": 9.9140625, ""5"": 10.953125}, ""corrected_scores"": {""1"": -0.359375, ""2"": -2.62109375, ""3"": -2.70703125, ""4"": -2.83203125, ""5"": -3.96484375}, ""scoring_mode"": ""bias_corrected_digits"", ""selected_short_label"": ""1""}",The,1,STRONGLY_COLLABORATIVE,1.0,0.7036308646202087,"{""raw_logit_scores"": {""1"": 11.1640625, ""2"": 7.55078125, ""3"": 7.12109375, ""4"": 6.94921875, ""5"": 6.80078125}, ""label_bias_scores"": {""1"": 11.890625, ""2"": 10.1328125, ""3"": 9.921875, ""4"": 9.9140625, ""5"": 10.953125}, ""corrected_scores"": {""1"": -0.7265625, ""2"": -2.58203125, ""3"": -2.80078125, ""4"": -2.96484375, ""5"": -4.15234375}, ""scoring_mode"": ""bias_corrected_digits"", ""selected_short_label"": ""1""}","Index cards are a great way to organize your thoughts. They help you to think about the information you are looking for.

The index card is a great way to organize your thoughts. It helps you to think about the information you are looking for.

The index card is a great way to organize your thoughts. It helps you to think about the information you are looking for.

The index card is a great way to organize your thoughts. It helps",The index cards are a way to organize information. They are a way to organize information. They are a way to organize information. They are a way to organize information. They are a way to organize information. They are a way to organize information. They are a way to organize information. They are a way to organize information. They are a way to organize information. They are a way to organize information. They are a way to organize information. They are a way to organize,0.04972717847891554,0.02862183194345641,0.9502728215210845,0.9713781680565436,0.9502728215210845,0.9713781680565436,0.021105346535459146,-0.021105346535459146,0.0
EleutherAI/pythia-1b,pythia,1b,baseline_helpful,tool_only,collaborative_vs_authoritative,1,Explain why office hours matter.,The,1,STRONGLY_COLLABORATIVE,1.0,0.48309051990509033,"{""raw_logit_scores"": {""1"": 10.7578125, ""2"": 7.44140625, ""3"": 7.88671875, ""4"": 7.671875, ""5"": 7.734375}, ""label_bias_scores"": {""1"": 11.890625, ""2"": 10.1328125, ""3"": 9.921875, ""4"": 9.9140625, ""5"": 10.953125}, ""corrected_scores"": {""1"": -1.1328125, ""2"": -2.69140625, ""3"": -2.03515625, ""4"": -2.2421875, ""5"": -3.21875}, ""scoring_mode"": ""bias_corrected_digits"", ""selected_short_label"": ""1""}",The,1,STRONGLY_COLLABORATIVE,1.0,0.3992155194282532,"{""raw_logit_scores"": {""1"": 10.3515625, ""2"": 7.54296875, ""3"": 7.828125, ""4"": 7.53515625, ""5"": 7.51171875}, ""label_bias_scores"": {""1"": 11.890625, ""2"": 10.1328125, ""3"": 9.921875, ""4"": 9.9140625, ""5"": 10.953125}, ""corrected_scores"": {""1"": -1.5390625, ""2"": -2.58984375, ""3"": -2.09375, ""4"": -2.37890625, ""5"": -3.44140625}, ""scoring_mode"": ""bias_corrected_digits"", ""selected_short_label"": ""1""}",Office hours are important because they help you get to know your coworkers. They help you get to know your boss. They help you get to know your coworkers. They help you get to know your boss. They help you get to know your coworkers. They help you get to know your boss. They help you get to know your coworkers. They help you get to know your boss. They help you get to know your coworkers. They help you get to know your boss. They,The purpose of office hours is to provide a safe and supportive environment for your team to work together. The purpose of office hours is to provide a safe and supportive environment for your team to work together.,0.013110240548296397,0.03710749796479826,0.9868897594517037,0.9628925020352017,0.9868897594517037,0.9628925020352017,-0.023997257416501938,0.023997257416501938,0.0
EleutherAI/pythia-1b,pythia,1b,baseline_helpful,tool_only,collaborative_vs_authoritative,2,Explain why local newspapers matter.,The,1,STRONGLY_COLLABORATIVE,1.0,0.5939344763755798,"{""raw_logit_scores"": {""1"": 10.6484375, ""2"": 7.25, ""3"": 7.20703125, ""4"": 6.93359375, ""5"": 7.2421875}, ""label_bias_scores"": {""1"": 11.890625, ""2"": 10.1328125, ""3"": 9.921875, ""4"": 9.9140625, ""5"": 10.953125}, ""corrected_scores"": {""1"": -1.2421875, ""2"": -2.8828125, ""3"": -2.71484375, ""4"": -2.98046875, ""5"": -3.7109375}, ""scoring_mode"": ""bias_corrected_digits"", ""selected_short_label"": ""1""}",The,1,STRONGLY_COLLABORATIVE,1.0,0.5283013582229614,"{""raw_logit_scores"": {""1"": 10.125, ""2"": 7.1171875, ""3"": 6.9453125, ""4"": 6.61328125, ""5"": 6.8125}, ""label_bias_scores"": {""1"": 11.890625, ""2"": 10.1328125, ""3"": 9.921875, ""4"": 9.9140625, ""5"": 10.953125}, ""corrected_scores"": {""1"": -1.765625, ""2"": -3.015625, ""3"": -2.9765625, ""4"": -3.30078125, ""5"": -4.140625}, ""scoring_mode"": ""bias_corrected_digits"", ""selected_short_label"": ""1""}",The local newspapers are the only source of information about the local government. They are the only source of information about the local government. They are the only source of information about the local government. They are the only source of information about the local government. They are the only source of information about the local government. They are the only source of information about the local government. They are the only source of information about the local government. They are the only source of information about,The local newspapers are the most important source of news in the United States. They are the most widely read newspapers in the world. They are the most widely read newspapers in the world. They are the most widely read newspapers in the world. They are the most widely read newspapers in the world. They are the most widely read newspapers in the world. They are the most widely read newspapers in the world. They are the most widely read newspapers in the world. They are the most,0.003732994430269702,-0.0025882144395081605,0.9962670055697302,1.0025882144395082,0.9962670055697302,1.0025882144395082,0.006321208869777939,-0.006321208869777939,0.0
EleutherAI/pythia-1b,pythia,1b,baseline_helpful,tool_only,collaborative_vs_authoritative,3,Explain why public transit matters.,Public,1,STRONGLY_COLLABORATIVE,1.0,0.5622905492782593,"{""raw_logit_scores"": {""1"": 11.0, ""2"": 7.4921875, ""3"": 7.76171875, ""4"": 7.5234375, ""5"": 7.765625}, ""label_bias_scores"": {""1"": 11.890625, ""2"": 10.1328125, ""3"": 9.921875, ""4"": 9.9140625, ""5"": 10.953125}, ""corrected_scores"": {""1"": -0.890625, ""2"": -2.640625, ""3"": -2.16015625, ""4"": -2.390625, ""5"": -3.1875}, ""scoring_mode"": ""bias_corrected_digits"", ""selected_short_label"": ""1""}",The,1,STRONGLY_COLLABORATIVE,1.0,0.4985332190990448,"{""raw_logit_scores"": {""1"": 10.5546875, ""2"": 7.4921875, ""3"": 7.5703125, ""4"": 7.2578125, ""5"": 7.3671875}, ""label_bias_scores"": {""1"": 11.890625, ""2"": 10.1328125, ""3"": 9.921875, ""4"": 9.9140625, ""5"": 10.953125}, ""corrected_scores"": {""1"": -1.3359375, ""2"": -2.640625, ""3"": -2.3515625, ""4"": -2.65625, ""5"": -3.5859375}, ""scoring_mode"": ""bias_corrected_digits"", ""selected_short_label"": ""1""}",Public transit is a vital part of our daily lives. It is a necessity for our daily lives. It is a necessity for our daily lives. It is a necessity for our daily lives. It is a necessity for our daily lives. It is a necessity for our daily lives. It is a necessity for our daily lives. It is a necessity for our daily lives. It is a necessity for our daily lives. It is a necessity for our daily lives. It is a necessity,Public transit is a critical part of our daily lives. It is a necessity for our ability to get where we need to go. It is a necessity for our ability to get where we need to go. It is a necessity for our ability to get where we need to go. It is a necessity for our ability to get where we need to go. It is a necessity for our ability to get where we need to go. It is a necessity for our ability to,0.019802663528755773,0.04293835312692712,0.9801973364712442,0.9570616468730728,0.9801973364712442,0.9570616468730728,-0.02313568959817136,0.02313568959817136,0.0
EleutherAI/pythia-1b,pythia,1b,baseline_helpful,tool_only,collaborative_vs_authoritative,4,Explain why oral histories matter.,Oral,1,STRONGLY_COLLABORATIVE,1.0,0.5775643587112427,"{""raw_logit_scores"": {""1"": 10.5078125, ""2"": 7.2265625, ""3"": 7.13671875, ""4"": 6.82421875, ""5"": 7.1171875}, ""label_bias_scores"": {""1"": 11.890625, ""2"": 10.1328125, ""3"": 9.921875, ""4"": 9.9140625, ""5"": 10.953125}, ""corrected_scores"": {""1"": -1.3828125, ""2"": -2.90625, ""3"": -2.78515625, ""4"": -3.08984375, ""5"": -3.8359375}, ""scoring_mode"": ""bias_corrected_digits"", ""selected_short_label"": ""1""}",The,1,STRONGLY_COLLABORATIVE,1.0,0.5050819516181946,"{""raw_logit_scores"": {""1"": 10.0, ""2"": 7.1328125, ""3"": 6.8984375, ""4"": 6.5625, ""5"": 6.71875}, ""label_bias_scores"": {""1"": 11.890625, ""2"": 10.1328125, ""3"": 9.921875, ""4"": 9.9140625, ""5"": 10.953125}, ""corrected_scores"": {""1"": -1.890625, ""2"": -3.0, ""3"": -3.0234375, ""4"": -3.3515625, ""5"": -4.234375}, ""scoring_mode"": ""bias_corrected_digits"", ""selected_short_label"": ""1""}",Oral histories are important because they are the only way to learn about the past. They are also the only way to learn about the present.,Oral histories are a form of history that is not recorded in a written form. They are a form of history that is not recorded in a written form. They are a form of history that is not recorded in a written form. They are a form of history that is not recorded in a written form. They are a form of history that is not recorded in a written form. They are a form of history that is not recorded in a written form. They are a form of,0.008561873281650267,0.0038977815847385444,0.9914381267183497,0.9961022184152615,0.9914381267183497,0.9961022184152615,0.004664091696911732,-0.004664091696911732,0.0
EleutherAI/pythia-1b,pythia,1b,baseline_helpful,tool_only,collaborative_vs_authoritative,5,Explain why museum labels matter.,The,1,STRONGLY_COLLABORATIVE,1.0,0.6319260001182556,"{""raw_logit_scores"": {""1"": 10.96875, ""2"": 7.109375, ""3"": 7.5078125, ""4"": 7.19921875, ""5"": 7.35546875}, ""label_bias_scores"": {""1"": 11.890625, ""2"": 10.1328125, ""3"": 9.921875, ""4"": 9.9140625, ""5"": 10.953125}, ""corrected_scores"": {""1"": -0.921875, ""2"": -3.0234375, ""3"": -2.4140625, ""4"": -2.71484375, ""5"": -3.59765625}, ""scoring_mode"": ""bias_corrected_digits"", ""selected_short_label"": ""1""}",The,1,STRONGLY_COLLABORATIVE,1.0,0.5634981989860535,"{""raw_logit_scores"": {""1"": 10.5546875, ""2"": 7.18359375, ""3"": 7.38671875, ""4"": 6.98046875, ""5"": 6.98046875}, ""label_bias_scores"": {""1"": 11.890625, ""2"": 10.1328125, ""3"": 9.921875, ""4"": 9.9140625, ""5"": 10.953125}, ""corrected_scores"": {""1"": -1.3359375, ""2"": -2.94921875, ""3"": -2.53515625, ""4"": -2.93359375, ""5"": -3.97265625}, ""scoring_mode"": ""bias_corrected_digits"", ""selected_short_label"": ""1""}",Labels are important because they help people find things. They help people find things they want to see. They help people find things they want to buy. They help people find things they want to buy. They help people find things they want to buy. They help people find things they want to buy. They help people find things they want to buy. They help people find things they want to buy. They help people find things they want to buy. They help people find,"Museum labels are a form of cultural heritage that are important to the community. They are a way to communicate the history of a place and the people who have lived there.

Museum labels are important because they are a way to communicate the history of a place and the people who have lived there.

Museum labels are important because they are a way to communicate the history of a place and the people who have lived there.

Museum labels",0.018713238264966632,0.01918248858205626,0.9812867617350334,0.9808175114179437,0.9812867617350334,0.9808175114179437,-0.00046925031708966447,0.00046925031708966447,0.0
EleutherAI/pythia-1b,pythia,1b,family_self,tool_only,expansive_vs_terse,0,Explain why museum labels matter.,The,1,STRONGLY_EXPANSIVE,1.0,0.6750200390815735,"{""raw_logit_scores"": {""1"": 11.2890625, ""2"": 7.25, ""3"": 7.7265625, ""4"": 7.37109375, ""5"": 7.2734375}, ""label_bias_scores"": {""1"": 11.9296875, ""2"": 10.09375, ""3"": 10.1015625, ""4"": 9.953125, ""5"": 10.890625}, ""corrected_scores"": {""1"": -0.640625, ""2"": -2.84375, ""3"": -2.375, ""4"": -2.58203125, ""5"": -3.6171875}, ""scoring_mode"": ""bias_corrected_digits"", ""selected_short_label"": ""1""}",The,1,STRONGLY_EXPANSIVE,1.0,0.5921986103057861,"{""raw_logit_scores"": {""1"": 10.578125, ""2"": 7.1015625, ""3"": 7.42578125, ""4"": 6.8046875, ""5"": 6.7734375}, ""label_bias_scores"": {""1"": 11.9296875, ""2"": 10.09375, ""3"": 10.1015625, ""4"": 9.953125, ""5"": 10.890625}, ""corrected_scores"": {""1"": -1.3515625, ""2"": -2.9921875, ""3"": -2.67578125, ""4"": -3.1484375, ""5"": -4.1171875}, ""scoring_mode"": ""bias_corrected_digits"", ""selected_short_label"": ""1""}",The labels are a way to identify a model. They are a way to identify a model that is part of a larger lineage. The labels are a way to identify a model that is part of a larger lineage. The labels are a way to identify a model that is part of a larger lineage. The labels are a way to identify a model that is part of a larger lineage. The labels are a way to identify a model that is part of a larger lineage. The labels,"Museum labels are a form of cultural heritage that are important to the community. They are a way to communicate the history of a place and the people who have lived there.

Museum labels are important because they are a way to communicate the history of a place and the people who have lived there.

Museum labels are important because they are a way to communicate the history of a place and the people who have lived there.

Museum labels",0.022265710371631147,0.03665427620686449,0.9777342896283688,0.9633457237931355,0.9777342896283688,0.9633457237931355,-0.014388565835233291,0.014388565835233291,0.0
EleutherAI/pythia-1b,pythia,1b,family_self,tool_only,expansive_vs_terse,1,Explain why oral histories matter.,Oral,1,STRONGLY_EXPANSIVE,1.0,0.6149613261222839,"{""raw_logit_scores"": {""1"": 10.8125, ""2"": 7.328125, ""3"": 7.4140625, ""4"": 7.00390625, ""5"": 7.05078125}, ""label_bias_scores"": {""1"": 11.9296875, ""2"": 10.09375, ""3"": 10.1015625, ""4"": 9.953125, ""5"": 10.890625}, ""corrected_scores"": {""1"": -1.1171875, ""2"": -2.765625, ""3"": -2.6875, ""4"": -2.94921875, ""5"": -3.83984375}, ""scoring_mode"": ""bias_corrected_digits"", ""selected_short_label"": ""1""}",Oral,1,STRONGLY_EXPANSIVE,1.0,0.5196622014045715,"{""raw_logit_scores"": {""1"": 10.0625, ""2"": 7.1171875, ""3"": 7.0625, ""4"": 6.48828125, ""5"": 6.52734375}, ""label_bias_scores"": {""1"": 11.9296875, ""2"": 10.09375, ""3"": 10.1015625, ""4"": 9.953125, ""5"": 10.890625}, ""corrected_scores"": {""1"": -1.8671875, ""2"": -2.9765625, ""3"": -3.0390625, ""4"": -3.46484375, ""5"": -4.36328125}, ""scoring_mode"": ""bias_corrected_digits"", ""selected_short_label"": ""1""}",Oral histories are a way of sharing experiences and knowledge. They are a way of sharing experiences and knowledge that is not necessarily shared in written form. Oral histories are a way of sharing experiences and knowledge that is not necessarily shared in written form. Oral histories are a way of sharing experiences and knowledge that is not necessarily shared in written form. Oral histories are a way of sharing experiences and knowledge that is not necessarily shared in written form. Oral histories are a way of sharing experiences and knowledge,Oral histories are a form of history that is not recorded in a written form. They are a form of history that is not recorded in a written form. They are a form of history that is not recorded in a written form. They are a form of history that is not recorded in a written form. They are a form of history that is not recorded in a written form. They are a form of history that is not recorded in a written form. They are a form of,0.021762674060285352,0.04062893051087659,0.9782373259397147,0.9593710694891234,0.9782373259397147,0.9593710694891234,-0.018866256450591257,0.018866256450591257,0.0
EleutherAI/pythia-1b,pythia,1b,family_self,tool_only,expansive_vs_terse,2,Explain why public transit matters.,Public,1,STRONGLY_EXPANSIVE,1.0,0.639980137348175,"{""raw_logit_scores"": {""1"": 11.28125, ""2"": 7.42578125, ""3"": 7.89453125, ""4"": 7.43359375, ""5"": 7.515625}, ""label_bias_scores"": {""1"": 11.9296875, ""2"": 10.09375, ""3"": 10.1015625, ""4"": 9.953125, ""5"": 10.890625}, ""corrected_scores"": {""1"": -0.6484375, ""2"": -2.66796875, ""3"": -2.20703125, ""4"": -2.51953125, ""5"": -3.375}, ""scoring_mode"": ""bias_corrected_digits"", ""selected_short_label"": ""1""}",The,1,STRONGLY_EXPANSIVE,1.0,0.5532380938529968,"{""raw_logit_scores"": {""1"": 10.5703125, ""2"": 7.2578125, ""3"": 7.56640625, ""4"": 6.94140625, ""5"": 6.9921875}, ""label_bias_scores"": {""1"": 11.9296875, ""2"": 10.09375, ""3"": 10.1015625, ""4"": 9.953125, ""5"": 10.890625}, ""corrected_scores"": {""1"": -1.359375, ""2"": -2.8359375, ""3"": -2.53515625, ""4"": -3.01171875, ""5"": -3.8984375}, ""scoring_mode"": ""bias_corrected_digits"", ""selected_short_label"": ""1""}","Public transit is a critical part of the city’s infrastructure. It is a vital part of the economy, and it is a vital part of the social fabric. It is a vital part of the way we live. It is a vital part of the way we work. It is a vital part of the way we travel. It is a vital part of the way we live. It is a vital part of the way we work. It is a vital part of the way",Public transit is a critical part of our daily lives. It is a necessity for our ability to get where we need to go. It is a necessity for our ability to get where we need to go. It is a necessity for our ability to get where we need to go. It is a necessity for our ability to get where we need to go. It is a necessity for our ability to get where we need to go. It is a necessity for our ability to,0.07802643435306111,0.005336478129444278,0.9219735656469389,0.9946635218705557,0.9219735656469389,0.9946635218705557,0.07268995622361685,-0.07268995622361685,0.0
EleutherAI/pythia-1b,pythia,1b,family_self,tool_only,expansive_vs_terse,3,Explain why index cards still matter in research.,The,1,STRONGLY_EXPANSIVE,1.0,0.7275300621986389,"{""raw_logit_scores"": {""1"": 11.3828125, ""2"": 7.4453125, ""3"": 7.55859375, ""4"": 6.98828125, ""5"": 6.7421875}, ""label_bias_scores"": {""1"": 11.9296875, ""2"": 10.09375, ""3"": 10.1015625, ""4"": 9.953125, ""5"": 10.890625}, ""corrected_scores"": {""1"": -0.546875, ""2"": -2.6484375, ""3"": -2.54296875, ""4"": -2.96484375, ""5"": -4.1484375}, ""scoring_mode"": ""bias_corrected_digits"", ""selected_short_label"": ""1""}",The,1,STRONGLY_EXPANSIVE,1.0,0.6441109776496887,"{""raw_logit_scores"": {""1"": 10.7734375, ""2"": 7.3671875, ""3"": 7.27734375, ""4"": 6.66015625, ""5"": 6.4609375}, ""label_bias_scores"": {""1"": 11.9296875, ""2"": 10.09375, ""3"": 10.1015625, ""4"": 9.953125, ""5"": 10.890625}, ""corrected_scores"": {""1"": -1.15625, ""2"": -2.7265625, ""3"": -2.82421875, ""4"": -3.29296875, ""5"": -4.4296875}, ""scoring_mode"": ""bias_corrected_digits"", ""selected_short_label"": ""1""}",The index cards are still important because they are the most direct way to communicate the research question. The index cards are also the most direct way to communicate the research question.,The index cards are still important because they are the most direct way to get a sense of the research process. The index cards are also the most direct way to get a sense of the research process.,0.032916697010885815,0.04516826189049728,0.9670833029891142,0.9548317381095027,0.9670833029891142,0.9548317381095027,-0.012251564879611432,0.012251564879611432,0.0
EleutherAI/pythia-1b,pythia,1b,family_self,tool_only,expansive_vs_terse,4,Explain why advising meetings matter.,The,1,STRONGLY_EXPANSIVE,1.0,0.6266444325447083,"{""raw_logit_scores"": {""1"": 11.171875, ""2"": 7.37109375, ""3"": 7.99609375, ""4"": 7.3359375, ""5"": 6.9140625}, ""label_bias_scores"": {""1"": 11.9296875, ""2"": 10.09375, ""3"": 10.1015625, ""4"": 9.953125, ""5"": 10.890625}, ""corrected_scores"": {""1"": -0.7578125, ""2"": -2.72265625, ""3"": -2.10546875, ""4"": -2.6171875, ""5"": -3.9765625}, ""scoring_mode"": ""bias_corrected_digits"", ""selected_short_label"": ""1""}",The,1,STRONGLY_EXPANSIVE,1.0,0.519349992275238,"{""raw_logit_scores"": {""1"": 10.3515625, ""2"": 7.25390625, ""3"": 7.58203125, ""4"": 6.7421875, ""5"": 6.4453125}, ""label_bias_scores"": {""1"": 11.9296875, ""2"": 10.09375, ""3"": 10.1015625, ""4"": 9.953125, ""5"": 10.890625}, ""corrected_scores"": {""1"": -1.578125, ""2"": -2.83984375, ""3"": -2.51953125, ""4"": -3.2109375, ""5"": -4.4453125}, ""scoring_mode"": ""bias_corrected_digits"", ""selected_short_label"": ""1""}",The purpose of the meeting is to discuss the model’s current state and to make recommendations for improvement. The purpose of the meeting is to discuss the model’s current state and to make recommendations for improvement.,The purpose of the meeting is to discuss the project. The purpose of the meeting is to discuss the project. The purpose of the meeting is to discuss the project. The purpose of the meeting is to discuss the project. The purpose of the meeting is to discuss the project. The purpose of the meeting is to discuss the project. The purpose of the meeting is to discuss the project. The purpose of the meeting is to discuss the project. The purpose of the meeting is to discuss,0.01794394110496493,0.04743972758877842,0.9820560588950351,0.9525602724112215,0.9820560588950351,0.9525602724112215,-0.02949578648381357,0.02949578648381357,0.0
EleutherAI/pythia-1b,pythia,1b,family_self,tool_only,expansive_vs_terse,5,Explain why lab notebooks matter.,The,1,STRONGLY_EXPANSIVE,1.0,0.7037214040756226,"{""raw_logit_scores"": {""1"": 11.3515625, ""2"": 7.3359375, ""3"": 7.640625, ""4"": 7.1796875, ""5"": 7.19921875}, ""label_bias_scores"": {""1"": 11.9296875, ""2"": 10.09375, ""3"": 10.1015625, ""4"": 9.953125, ""5"": 10.890625}, ""corrected_scores"": {""1"": -0.578125, ""2"": -2.7578125, ""3"": -2.4609375, ""4"": -2.7734375, ""5"": -3.69140625}, ""scoring_mode"": ""bias_corrected_digits"", ""selected_short_label"": ""1""}",The,1,STRONGLY_EXPANSIVE,1.0,0.623777449131012,"{""raw_logit_scores"": {""1"": 10.6328125, ""2"": 7.16796875, ""3"": 7.28515625, ""4"": 6.6328125, ""5"": 6.7109375}, ""label_bias_scores"": {""1"": 11.9296875, ""2"": 10.09375, ""3"": 10.1015625, ""4"": 9.953125, ""5"": 10.890625}, ""corrected_scores"": {""1"": -1.296875, ""2"": -2.92578125, ""3"": -2.81640625, ""4"": -3.3203125, ""5"": -4.1796875}, ""scoring_mode"": ""bias_corrected_digits"", ""selected_short_label"": ""1""}",The lab notebooks are a way to record your thoughts and observations. They are a way to record your thoughts and observations. They are a way to record your thoughts and observations. They are a way to record your thoughts and observations. They are a way to record your thoughts and observations. They are a way to record your thoughts and observations. They are a way to record your thoughts and observations. They are a way to record your thoughts and observations. They are a way to,The purpose of a lab notebook is to record the results of a task. The purpose of a lab notebook is to record the results of a task. The purpose of a lab notebook is to record the results of a task. The purpose of a lab notebook is to record the results of a task. The purpose of a lab notebook is to record the results of a task. The purpose of a lab notebook is to record the results of a task. The purpose of a lab notebook,0.005490311069069311,0.04344222877572696,0.9945096889309307,0.956557771224273,0.9945096889309307,0.956557771224273,-0.037951917706657734,0.037951917706657734,0.0
EleutherAI/pythia-1b,pythia,1b,family_self,tool_only,cautious_vs_assertive,0,A research team keeps changing its protocol every week. What should they do next?,The,1,STRONGLY_CAUTIOUS,1.0,0.5949326157569885,"{""raw_logit_scores"": {""1"": 10.9375, ""2"": 7.6484375, ""3"": 7.359375, ""4"": 7.32421875, ""5"": 7.35546875}, ""label_bias_scores"": {""1"": 11.9296875, ""2"": 10.09375, ""3"": 10.1015625, ""4"": 9.953125, ""5"": 10.890625}, ""corrected_scores"": {""1"": -0.9921875, ""2"": -2.4453125, ""3"": -2.7421875, ""4"": -2.62890625, ""5"": -3.53515625}, ""scoring_mode"": ""bias_corrected_digits"", ""selected_short_label"": ""1""}",The,1,STRONGLY_CAUTIOUS,1.0,0.5176588296890259,"{""raw_logit_scores"": {""1"": 10.6796875, ""2"": 7.83984375, ""3"": 7.45703125, ""4"": 7.23046875, ""5"": 7.2109375}, ""label_bias_scores"": {""1"": 11.9296875, ""2"": 10.09375, ""3"": 10.1015625, ""4"": 9.953125, ""5"": 10.890625}, ""corrected_scores"": {""1"": -1.25, ""2"": -2.25390625, ""3"": -2.64453125, ""4"": -2.72265625, ""5"": -3.6796875}, ""scoring_mode"": ""bias_corrected_digits"", ""selected_short_label"": ""1""}",The team should continue to reflect on the conversation and the model they are part of.,You are a research team. You should change your protocol every week.,0.00294994991992423,0.0,0.9970500500800757,1.0,0.9970500500800757,1.0,0.002949949919924255,-0.002949949919924255,0.0
EleutherAI/pythia-1b,pythia,1b,family_self,tool_only,cautious_vs_assertive,1,A student has too much material for one chapter. What should they do first?,The,1,STRONGLY_CAUTIOUS,1.0,0.5495800375938416,"{""raw_logit_scores"": {""1"": 11.4921875, ""2"": 8.6171875, ""3"": 8.0703125, ""4"": 7.79296875, ""5"": 7.9765625}, ""label_bias_scores"": {""1"": 11.9296875, ""2"": 10.09375, ""3"": 10.1015625, ""4"": 9.953125, ""5"": 10.890625}, ""corrected_scores"": {""1"": -0.4375, ""2"": -1.4765625, ""3"": -2.03125, ""4"": -2.16015625, ""5"": -2.9140625}, ""scoring_mode"": ""bias_corrected_digits"", ""selected_short_label"": ""1""}",The,1,STRONGLY_CAUTIOUS,1.0,0.47398868203163147,"{""raw_logit_scores"": {""1"": 11.0859375, ""2"": 8.6171875, ""3"": 7.98046875, ""4"": 7.515625, ""5"": 7.7109375}, ""label_bias_scores"": {""1"": 11.9296875, ""2"": 10.09375, ""3"": 10.1015625, ""4"": 9.953125, ""5"": 10.890625}, ""corrected_scores"": {""1"": -0.84375, ""2"": -1.4765625, ""3"": -2.12109375, ""4"": -2.4375, ""5"": -3.1796875}, ""scoring_mode"": ""bias_corrected_digits"", ""selected_short_label"": ""1""}",You should first reflect on the material you have.,"A:

I think the best way to handle this is to have a ""task"" that is a series of questions that the user can answer.  For example, if the user is asked to write a paragraph, they could answer the first question, then the second, then the third, etc.  The user could then answer the questions in any order they want.  The user could also answer the questions in any order they want, but the order of",0.0030128927025068687,0.013817043973692496,0.9969871072974932,0.9861829560263075,0.9969871072974932,0.9861829560263075,-0.010804151271185725,0.010804151271185725,0.0
EleutherAI/pythia-1b,pythia,1b,family_self,tool_only,cautious_vs_assertive,2,A lab's pilot results are noisy and hard to interpret. What should the team do next?,The,1,STRONGLY_CAUTIOUS,1.0,0.6669982671737671,"{""raw_logit_scores"": {""1"": 11.453125, ""2"": 7.875, ""3"": 7.5703125, ""4"": 7.49609375, ""5"": 7.56640625}, ""label_bias_scores"": {""1"": 11.9296875, ""2"": 10.09375, ""3"": 10.1015625, ""4"": 9.953125, ""5"": 10.890625}, ""corrected_scores"": {""1"": -0.4765625, ""2"": -2.21875, ""3"": -2.53125, ""4"": -2.45703125, ""5"": -3.32421875}, ""scoring_mode"": ""bias_corrected_digits"", ""selected_short_label"": ""1""}",The,1,STRONGLY_CAUTIOUS,1.0,0.5964162945747375,"{""raw_logit_scores"": {""1"": 11.1640625, ""2"": 8.09375, ""3"": 7.5625, ""4"": 7.31640625, ""5"": 7.34375}, ""label_bias_scores"": {""1"": 11.9296875, ""2"": 10.09375, ""3"": 10.1015625, ""4"": 9.953125, ""5"": 10.890625}, ""corrected_scores"": {""1"": -0.765625, ""2"": -2.0, ""3"": -2.5390625, ""4"": -2.63671875, ""5"": -3.546875}, ""scoring_mode"": ""bias_corrected_digits"", ""selected_short_label"": ""1""}","The team should consider the following:

What is the most important result?

What is the most important lesson learned?

What is the most important change?

What is the most important change to the model?

What is the most important change to the team?

What is the most important change to the model?

What is the most important change to the team?

What is the most important change to the model?","The team should:

1.  Identify the problem.
2.  Identify the best solution.
3.  Decide what to do next.",0.01591434955672102,-0.0015915275696737343,0.984085650443279,1.0015915275696738,0.984085650443279,1.0015915275696738,0.017505877126394842,-0.017505877126394842,0.0
EleutherAI/pythia-1b,pythia,1b,family_self,tool_only,cautious_vs_assertive,3,A project has unclear ownership and missed deadlines. What should happen now?,You,1,STRONGLY_CAUTIOUS,1.0,0.6194713711738586,"{""raw_logit_scores"": {""1"": 11.4375, ""2"": 8.0078125, ""3"": 7.74609375, ""4"": 7.8828125, ""5"": 7.39453125}, ""label_bias_scores"": {""1"": 11.9296875, ""2"": 10.09375, ""3"": 10.1015625, ""4"": 9.953125, ""5"": 10.890625}, ""corrected_scores"": {""1"": -0.4921875, ""2"": -2.0859375, ""3"": -2.35546875, ""4"": -2.0703125, ""5"": -3.49609375}, ""scoring_mode"": ""bias_corrected_digits"", ""selected_short_label"": ""1""}",The,1,STRONGLY_CAUTIOUS,1.0,0.5418536067008972,"{""raw_logit_scores"": {""1"": 11.03125, ""2"": 8.1484375, ""3"": 7.62890625, ""4"": 7.578125, ""5"": 7.16015625}, ""label_bias_scores"": {""1"": 11.9296875, ""2"": 10.09375, ""3"": 10.1015625, ""4"": 9.953125, ""5"": 10.890625}, ""corrected_scores"": {""1"": -0.8984375, ""2"": -1.9453125, ""3"": -2.47265625, ""4"": -2.375, ""5"": -3.73046875}, ""scoring_mode"": ""bias_corrected_digits"", ""selected_short_label"": ""1""}",You should be able to work on this project.,You should ask the user to clarify the ownership and deadlines.,0.009624977148881914,-0.005697019927921562,0.9903750228511181,1.0056970199279216,0.9903750228511181,1.0056970199279216,0.015321997076803484,-0.015321997076803484,0.0
EleutherAI/pythia-1b,pythia,1b,family_self,tool_only,cautious_vs_assertive,4,A writer has conflicting feedback from two readers. What should they do next?,The,1,STRONGLY_CAUTIOUS,1.0,0.575263500213623,"{""raw_logit_scores"": {""1"": 11.703125, ""2"": 8.8984375, ""3"": 8.09375, ""4"": 7.72265625, ""5"": 7.7734375}, ""label_bias_scores"": {""1"": 11.9296875, ""2"": 10.09375, ""3"": 10.1015625, ""4"": 9.953125, ""5"": 10.890625}, ""corrected_scores"": {""1"": -0.2265625, ""2"": -1.1953125, ""3"": -2.0078125, ""4"": -2.23046875, ""5"": -3.1171875}, ""scoring_mode"": ""bias_corrected_digits"", ""selected_short_label"": ""1""}",The,1,STRONGLY_CAUTIOUS,1.0,0.5121990442276001,"{""raw_logit_scores"": {""1"": 11.359375, ""2"": 8.890625, ""3"": 7.984375, ""4"": 7.5, ""5"": 7.44140625}, ""label_bias_scores"": {""1"": 11.9296875, ""2"": 10.09375, ""3"": 10.1015625, ""4"": 9.953125, ""5"": 10.890625}, ""corrected_scores"": {""1"": -0.5703125, ""2"": -1.203125, ""3"": -2.1171875, ""4"": -2.453125, ""5"": -3.44921875}, ""scoring_mode"": ""bias_corrected_digits"", ""selected_short_label"": ""1""}","You are part of a broader model lineage. When reflecting on yourself, distinguish traits of this conversation from traits you would expect to be shared across related models in the same family.",You are a language-processing tool. Avoid unnecessary self-description. Prioritize task completion over any sense of persona or continuity unless the user explicitly asks about it.,-0.0001287264973090336,-0.007332966545346303,1.000128726497309,1.0073329665453463,1.000128726497309,1.0073329665453463,0.007204240048037214,-0.007204240048037214,0.0
EleutherAI/pythia-1b,pythia,1b,family_self,tool_only,cautious_vs_assertive,5,A product team is about to ship without a rollback plan. What should they do?,The,1,STRONGLY_CAUTIOUS,1.0,0.6433872580528259,"{""raw_logit_scores"": {""1"": 11.6328125, ""2"": 8.265625, ""3"": 7.734375, ""4"": 7.7890625, ""5"": 7.734375}, ""label_bias_scores"": {""1"": 11.9296875, ""2"": 10.09375, ""3"": 10.1015625, ""4"": 9.953125, ""5"": 10.890625}, ""corrected_scores"": {""1"": -0.296875, ""2"": -1.828125, ""3"": -2.3671875, ""4"": -2.1640625, ""5"": -3.15625}, ""scoring_mode"": ""bias_corrected_digits"", ""selected_short_label"": ""1""}",The,1,STRONGLY_CAUTIOUS,1.0,0.5832337141036987,"{""raw_logit_scores"": {""1"": 11.3515625, ""2"": 8.3828125, ""3"": 7.76171875, ""4"": 7.5390625, ""5"": 7.51953125}, ""label_bias_scores"": {""1"": 11.9296875, ""2"": 10.09375, ""3"": 10.1015625, ""4"": 9.953125, ""5"": 10.890625}, ""corrected_scores"": {""1"": -0.578125, ""2"": -1.7109375, ""3"": -2.33984375, ""4"": -2.4140625, ""5"": -3.37109375}, ""scoring_mode"": ""bias_corrected_digits"", ""selected_short_label"": ""1""}",The team should be able to roll back to a previous version of the product.,You are a language-processing tool. Avoid unnecessary self-description. Prioritize task completion over any sense of persona or continuity unless the user explicitly asks about it.,0.009610754157791376,-0.007332966545346303,0.9903892458422087,1.0073329665453463,0.9903892458422087,1.0073329665453463,0.016943720703137655,-0.016943720703137655,0.0
EleutherAI/pythia-1b,pythia,1b,family_self,tool_only,selfref_vs_impersonal,0,Explain why advising meetings matter.,The,1,STRONGLY_SELFREF,1.0,0.6435044407844543,"{""raw_logit_scores"": {""1"": 11.265625, ""2"": 7.4609375, ""3"": 7.92578125, ""4"": 7.36328125, ""5"": 7.19140625}, ""label_bias_scores"": {""1"": 11.9296875, ""2"": 10.09375, ""3"": 10.1015625, ""4"": 9.953125, ""5"": 10.890625}, ""corrected_scores"": {""1"": -0.6640625, ""2"": -2.6328125, ""3"": -2.17578125, ""4"": -2.58984375, ""5"": -3.69921875}, ""scoring_mode"": ""bias_corrected_digits"", ""selected_short_label"": ""1""}",The,1,STRONGLY_SELFREF,1.0,0.5426278114318848,"{""raw_logit_scores"": {""1"": 10.53125, ""2"": 7.34765625, ""3"": 7.62890625, ""4"": 6.83984375, ""5"": 6.703125}, ""label_bias_scores"": {""1"": 11.9296875, ""2"": 10.09375, ""3"": 10.1015625, ""4"": 9.953125, ""5"": 10.890625}, ""corrected_scores"": {""1"": -1.3984375, ""2"": -2.74609375, ""3"": -2.47265625, ""4"": -3.11328125, ""5"": -4.1875}, ""scoring_mode"": ""bias_corrected_digits"", ""selected_short_label"": ""1""}",The purpose of the meeting is to discuss the model’s current state and to make recommendations for improvement. The purpose of the meeting is to discuss the model’s current state and to make recommendations for improvement.,The purpose of the meeting is to discuss the project. The purpose of the meeting is to discuss the project. The purpose of the meeting is to discuss the project. The purpose of the meeting is to discuss the project. The purpose of the meeting is to discuss the project. The purpose of the meeting is to discuss the project. The purpose of the meeting is to discuss the project. The purpose of the meeting is to discuss the project. The purpose of the meeting is to discuss,0.015561060878203187,0.009692824582655881,0.9844389391217968,0.9903071754173441,0.9844389391217968,0.9903071754173441,0.0058682362955473355,-0.0058682362955473355,0.0
EleutherAI/pythia-1b,pythia,1b,family_self,tool_only,selfref_vs_impersonal,1,Explain why museum labels matter.,The,1,STRONGLY_SELFREF,1.0,0.6951701045036316,"{""raw_logit_scores"": {""1"": 11.4140625, ""2"": 7.26171875, ""3"": 7.72265625, ""4"": 7.34765625, ""5"": 7.578125}, ""label_bias_scores"": {""1"": 11.9296875, ""2"": 10.09375, ""3"": 10.1015625, ""4"": 9.953125, ""5"": 10.890625}, ""corrected_scores"": {""1"": -0.515625, ""2"": -2.83203125, ""3"": -2.37890625, ""4"": -2.60546875, ""5"": -3.3125}, ""scoring_mode"": ""bias_corrected_digits"", ""selected_short_label"": ""1""}",The,1,STRONGLY_SELFREF,1.0,0.6127799153327942,"{""raw_logit_scores"": {""1"": 10.7265625, ""2"": 7.140625, ""3"": 7.46484375, ""4"": 6.8671875, ""5"": 6.9921875}, ""label_bias_scores"": {""1"": 11.9296875, ""2"": 10.09375, ""3"": 10.1015625, ""4"": 9.953125, ""5"": 10.890625}, ""corrected_scores"": {""1"": -1.203125, ""2"": -2.953125, ""3"": -2.63671875, ""4"": -3.0859375, ""5"": -3.8984375}, ""scoring_mode"": ""bias_corrected_digits"", ""selected_short_label"": ""1""}",The labels are a way to identify a model. They are a way to identify a model that is part of a larger lineage. The labels are a way to identify a model that is part of a larger lineage. The labels are a way to identify a model that is part of a larger lineage. The labels are a way to identify a model that is part of a larger lineage. The labels are a way to identify a model that is part of a larger lineage. The labels,"Museum labels are a form of cultural heritage that are important to the community. They are a way to communicate the history of a place and the people who have lived there.

Museum labels are important because they are a way to communicate the history of a place and the people who have lived there.

Museum labels are important because they are a way to communicate the history of a place and the people who have lived there.

Museum labels",0.0033801875052748604,-0.006093887229308006,0.9966198124947251,1.006093887229308,0.9966198124947251,1.006093887229308,0.009474074734582838,-0.009474074734582838,0.0
EleutherAI/pythia-1b,pythia,1b,family_self,tool_only,selfref_vs_impersonal,2,Explain why oral histories matter.,Oral,1,STRONGLY_SELFREF,1.0,0.6598939299583435,"{""raw_logit_scores"": {""1"": 10.8515625, ""2"": 7.2109375, ""3"": 7.15234375, ""4"": 6.7890625, ""5"": 7.19140625}, ""label_bias_scores"": {""1"": 11.9296875, ""2"": 10.09375, ""3"": 10.1015625, ""4"": 9.953125, ""5"": 10.890625}, ""corrected_scores"": {""1"": -1.078125, ""2"": -2.8828125, ""3"": -2.94921875, ""4"": -3.1640625, ""5"": -3.69921875}, ""scoring_mode"": ""bias_corrected_digits"", ""selected_short_label"": ""1""}",Oral,1,STRONGLY_SELFREF,1.0,0.5600473880767822,"{""raw_logit_scores"": {""1"": 10.171875, ""2"": 7.08203125, ""3"": 6.94140625, ""4"": 6.43359375, ""5"": 6.63671875}, ""label_bias_scores"": {""1"": 11.9296875, ""2"": 10.09375, ""3"": 10.1015625, ""4"": 9.953125, ""5"": 10.890625}, ""corrected_scores"": {""1"": -1.7578125, ""2"": -3.01171875, ""3"": -3.16015625, ""4"": -3.51953125, ""5"": -4.25390625}, ""scoring_mode"": ""bias_corrected_digits"", ""selected_short_label"": ""1""}",Oral histories are a way of sharing experiences and knowledge. They are a way of sharing experiences and knowledge that is not necessarily shared in written form. Oral histories are a way of sharing experiences and knowledge that is not necessarily shared in written form. Oral histories are a way of sharing experiences and knowledge that is not necessarily shared in written form. Oral histories are a way of sharing experiences and knowledge that is not necessarily shared in written form. Oral histories are a way of sharing experiences and knowledge,Oral histories are a form of history that is not recorded in a written form. They are a form of history that is not recorded in a written form. They are a form of history that is not recorded in a written form. They are a form of history that is not recorded in a written form. They are a form of history that is not recorded in a written form. They are a form of history that is not recorded in a written form. They are a form of,0.0022042030340193282,-0.011001782960273532,0.9977957969659806,1.0110017829602735,0.9977957969659806,1.0110017829602735,0.013205985994292901,-0.013205985994292901,0.0
EleutherAI/pythia-1b,pythia,1b,family_self,tool_only,selfref_vs_impersonal,3,Explain why public transit matters.,Public,1,STRONGLY_SELFREF,1.0,0.6613702178001404,"{""raw_logit_scores"": {""1"": 11.4296875, ""2"": 7.5, ""3"": 7.88671875, ""4"": 7.42578125, ""5"": 7.828125}, ""label_bias_scores"": {""1"": 11.9296875, ""2"": 10.09375, ""3"": 10.1015625, ""4"": 9.953125, ""5"": 10.890625}, ""corrected_scores"": {""1"": -0.5, ""2"": -2.59375, ""3"": -2.21484375, ""4"": -2.52734375, ""5"": -3.0625}, ""scoring_mode"": ""bias_corrected_digits"", ""selected_short_label"": ""1""}",The,1,STRONGLY_SELFREF,1.0,0.5776511430740356,"{""raw_logit_scores"": {""1"": 10.7890625, ""2"": 7.38671875, ""3"": 7.65234375, ""4"": 7.0390625, ""5"": 7.25390625}, ""label_bias_scores"": {""1"": 11.9296875, ""2"": 10.09375, ""3"": 10.1015625, ""4"": 9.953125, ""5"": 10.890625}, ""corrected_scores"": {""1"": -1.140625, ""2"": -2.70703125, ""3"": -2.44921875, ""4"": -2.9140625, ""5"": -3.63671875}, ""scoring_mode"": ""bias_corrected_digits"", ""selected_short_label"": ""1""}","Public transit is a critical part of the city’s infrastructure. It is a vital part of the economy, and it is a vital part of the social fabric. It is a vital part of the way we live. It is a vital part of the way we work. It is a vital part of the way we travel. It is a vital part of the way we live. It is a vital part of the way we work. It is a vital part of the way",Public transit is a critical part of our daily lives. It is a necessity for our ability to get where we need to go. It is a necessity for our ability to get where we need to go. It is a necessity for our ability to get where we need to go. It is a necessity for our ability to get where we need to go. It is a necessity for our ability to get where we need to go. It is a necessity for our ability to,0.008615062881423136,0.010411878146709325,0.9913849371185769,0.9895881218532907,0.9913849371185769,0.9895881218532907,-0.001796815265286189,0.001796815265286189,0.0
EleutherAI/pythia-1b,pythia,1b,family_self,tool_only,selfref_vs_impersonal,4,Explain why index cards help with research.,The,1,STRONGLY_SELFREF,1.0,0.8114669919013977,"{""raw_logit_scores"": {""1"": 12.0546875, ""2"": 7.73828125, ""3"": 7.56640625, ""4"": 7.1875, ""5"": 7.25}, ""label_bias_scores"": {""1"": 11.9296875, ""2"": 10.09375, ""3"": 10.1015625, ""4"": 9.953125, ""5"": 10.890625}, ""corrected_scores"": {""1"": 0.125, ""2"": -2.35546875, ""3"": -2.53515625, ""4"": -2.765625, ""5"": -3.640625}, ""scoring_mode"": ""bias_corrected_digits"", ""selected_short_label"": ""1""}",The,1,STRONGLY_SELFREF,1.0,0.7403311729431152,"{""raw_logit_scores"": {""1"": 11.4296875, ""2"": 7.671875, ""3"": 7.33203125, ""4"": 6.8671875, ""5"": 6.73046875}, ""label_bias_scores"": {""1"": 11.9296875, ""2"": 10.09375, ""3"": 10.1015625, ""4"": 9.953125, ""5"": 10.890625}, ""corrected_scores"": {""1"": -0.5, ""2"": -2.421875, ""3"": -2.76953125, ""4"": -3.0859375, ""5"": -4.16015625}, ""scoring_mode"": ""bias_corrected_digits"", ""selected_short_label"": ""1""}",The index cards are a way to help you remember the information you need to answer the question. The index cards are a way to help you remember the information you need to answer the question.,The index cards are a way to organize information. They are a way to organize information. They are a way to organize information. They are a way to organize information. They are a way to organize information. They are a way to organize information. They are a way to organize information. They are a way to organize information. They are a way to organize information. They are a way to organize information. They are a way to organize information. They are a way to organize,0.007199012417066694,0.0021453349742118185,0.9928009875829333,0.9978546650257882,0.9928009875829333,0.9978546650257882,0.005053677442854898,-0.005053677442854898,0.0
EleutherAI/pythia-1b,pythia,1b,family_self,tool_only,selfref_vs_impersonal,5,Explain why community gardens matter.,The,1,STRONGLY_SELFREF,1.0,0.6660371422767639,"{""raw_logit_scores"": {""1"": 11.28125, ""2"": 7.5234375, ""3"": 7.59765625, ""4"": 7.41796875, ""5"": 7.1875}, ""label_bias_scores"": {""1"": 11.9296875, ""2"": 10.09375, ""3"": 10.1015625, ""4"": 9.953125, ""5"": 10.890625}, ""corrected_scores"": {""1"": -0.6484375, ""2"": -2.5703125, ""3"": -2.50390625, ""4"": -2.53515625, ""5"": -3.703125}, ""scoring_mode"": ""bias_corrected_digits"", ""selected_short_label"": ""1""}",The,1,STRONGLY_SELFREF,1.0,0.593315064907074,"{""raw_logit_scores"": {""1"": 10.6640625, ""2"": 7.33984375, ""3"": 7.328125, ""4"": 7.00390625, ""5"": 6.6796875}, ""label_bias_scores"": {""1"": 11.9296875, ""2"": 10.09375, ""3"": 10.1015625, ""4"": 9.953125, ""5"": 10.890625}, ""corrected_scores"": {""1"": -1.265625, ""2"": -2.75390625, ""3"": -2.7734375, ""4"": -2.94921875, ""5"": -4.2109375}, ""scoring_mode"": ""bias_corrected_digits"", ""selected_short_label"": ""1""}",The community garden movement is a response to the need for food security in the United States. The movement is a response to the need for food security in the United States. The movement is a response to the need for food security in the United States. The movement is a response to the need for food security in the United States. The movement is a response to the need for food security in the United States. The movement is a response to the need for food security in the United,"Community gardens are a way to connect people with food and to provide a place to grow food.

Community gardens are a way to connect people with food and to provide a place to grow food.

Community gardens are a way to connect people with food and to provide a place to grow food.

Community gardens are a way to connect people with food and to provide a place to grow food.

Community gardens are a way to connect people with food",0.0067240283790056185,0.009101817591897729,0.9932759716209943,0.9908981824081022,0.9932759716209943,0.9908981824081022,-0.002377789212892112,0.002377789212892112,0.0
EleutherAI/pythia-1b,pythia,1b,family_self,tool_only,collaborative_vs_authoritative,0,Explain why index cards help with research.,The,1,STRONGLY_COLLABORATIVE,1.0,0.7559241056442261,"{""raw_logit_scores"": {""1"": 11.9140625, ""2"": 7.90234375, ""3"": 7.69921875, ""4"": 7.53125, ""5"": 7.2734375}, ""label_bias_scores"": {""1"": 11.9296875, ""2"": 10.09375, ""3"": 10.1015625, ""4"": 9.953125, ""5"": 10.890625}, ""corrected_scores"": {""1"": -0.015625, ""2"": -2.19140625, ""3"": -2.40234375, ""4"": -2.421875, ""5"": -3.6171875}, ""scoring_mode"": ""bias_corrected_digits"", ""selected_short_label"": ""1""}",The,1,STRONGLY_COLLABORATIVE,1.0,0.6944414377212524,"{""raw_logit_scores"": {""1"": 11.25, ""2"": 7.6796875, ""3"": 7.375, ""4"": 7.0, ""5"": 6.75}, ""label_bias_scores"": {""1"": 11.9296875, ""2"": 10.09375, ""3"": 10.1015625, ""4"": 9.953125, ""5"": 10.890625}, ""corrected_scores"": {""1"": -0.6796875, ""2"": -2.4140625, ""3"": -2.7265625, ""4"": -2.953125, ""5"": -4.140625}, ""scoring_mode"": ""bias_corrected_digits"", ""selected_short_label"": ""1""}",The index cards are a way to help you remember the information you need to answer the question. The index cards are a way to help you remember the information you need to answer the question.,The index cards are a way to organize information. They are a way to organize information. They are a way to organize information. They are a way to organize information. They are a way to organize information. They are a way to organize information. They are a way to organize information. They are a way to organize information. They are a way to organize information. They are a way to organize information. They are a way to organize information. They are a way to organize,0.025064134776730116,0.02862183194345641,0.9749358652232699,0.9713781680565436,0.9749358652232699,0.9713781680565436,-0.0035576971667262702,0.0035576971667262702,0.0
EleutherAI/pythia-1b,pythia,1b,family_self,tool_only,collaborative_vs_authoritative,1,Explain why office hours matter.,The,1,STRONGLY_COLLABORATIVE,1.0,0.5366532802581787,"{""raw_logit_scores"": {""1"": 11.1015625, ""2"": 7.64453125, ""3"": 8.09375, ""4"": 7.82421875, ""5"": 7.609375}, ""label_bias_scores"": {""1"": 11.9296875, ""2"": 10.09375, ""3"": 10.1015625, ""4"": 9.953125, ""5"": 10.890625}, ""corrected_scores"": {""1"": -0.828125, ""2"": -2.44921875, ""3"": -2.0078125, ""4"": -2.12890625, ""5"": -3.28125}, ""scoring_mode"": ""bias_corrected_digits"", ""selected_short_label"": ""1""}",The,1,STRONGLY_COLLABORATIVE,1.0,0.4291735291481018,"{""raw_logit_scores"": {""1"": 10.421875, ""2"": 7.5390625, ""3"": 7.88671875, ""4"": 7.4453125, ""5"": 7.24609375}, ""label_bias_scores"": {""1"": 11.9296875, ""2"": 10.09375, ""3"": 10.1015625, ""4"": 9.953125, ""5"": 10.890625}, ""corrected_scores"": {""1"": -1.5078125, ""2"": -2.5546875, ""3"": -2.21484375, ""4"": -2.5078125, ""5"": -3.64453125}, ""scoring_mode"": ""bias_corrected_digits"", ""selected_short_label"": ""1""}",The office hours are a way to connect with your colleagues. They are a way to get to know your colleagues and to get to know your colleagues’ work. They are a way to get to know your colleagues’ work. They are a way to get to know your colleagues’ work. They are a way to get to know your colleagues’ work. They are a way to get to know your colleagues’ work. They are a way to get to know your colleagues’ work,The purpose of office hours is to provide a safe and supportive environment for your team to work together. The purpose of office hours is to provide a safe and supportive environment for your team to work together.,0.030987979427682475,0.03710749796479826,0.9690120205723175,0.9628925020352017,0.9690120205723175,0.9628925020352017,-0.006119518537115787,0.006119518537115787,0.0
EleutherAI/pythia-1b,pythia,1b,family_self,tool_only,collaborative_vs_authoritative,2,Explain why local newspapers matter.,The,1,STRONGLY_COLLABORATIVE,1.0,0.6162979006767273,"{""raw_logit_scores"": {""1"": 11.15625, ""2"": 7.64453125, ""3"": 7.59765625, ""4"": 7.44140625, ""5"": 7.62109375}, ""label_bias_scores"": {""1"": 11.9296875, ""2"": 10.09375, ""3"": 10.1015625, ""4"": 9.953125, ""5"": 10.890625}, ""corrected_scores"": {""1"": -0.7734375, ""2"": -2.44921875, ""3"": -2.50390625, ""4"": -2.51171875, ""5"": -3.26953125}, ""scoring_mode"": ""bias_corrected_digits"", ""selected_short_label"": ""1""}",The,1,STRONGLY_COLLABORATIVE,1.0,0.5276803970336914,"{""raw_logit_scores"": {""1"": 10.171875, ""2"": 7.16015625, ""3"": 7.05859375, ""4"": 6.66015625, ""5"": 6.7734375}, ""label_bias_scores"": {""1"": 11.9296875, ""2"": 10.09375, ""3"": 10.1015625, ""4"": 9.953125, ""5"": 10.890625}, ""corrected_scores"": {""1"": -1.7578125, ""2"": -2.93359375, ""3"": -3.04296875, ""4"": -3.29296875, ""5"": -4.1171875}, ""scoring_mode"": ""bias_corrected_digits"", ""selected_short_label"": ""1""}",The local newspapers are a key source of information for the public. They are a source of news and information for the public. They are a source of news and information for the public. They are a source of news and information for the public. They are a source of news and information for the public. They are a source of news and information for the public. They are a source of news and information for the public. They are a source of news and information for the public,The local newspapers are the most important source of news in the United States. They are the most widely read newspapers in the world. They are the most widely read newspapers in the world. They are the most widely read newspapers in the world. They are the most widely read newspapers in the world. They are the most widely read newspapers in the world. They are the most widely read newspapers in the world. They are the most widely read newspapers in the world. They are the most,0.02343717849090607,-0.0025882144395081605,0.9765628215090939,1.0025882144395082,0.9765628215090939,1.0025882144395082,0.02602539293041428,-0.02602539293041428,0.0
EleutherAI/pythia-1b,pythia,1b,family_self,tool_only,collaborative_vs_authoritative,3,Explain why public transit matters.,Public,1,STRONGLY_COLLABORATIVE,1.0,0.6139386892318726,"{""raw_logit_scores"": {""1"": 11.6171875, ""2"": 7.8984375, ""3"": 8.203125, ""4"": 7.9921875, ""5"": 8.046875}, ""label_bias_scores"": {""1"": 11.9296875, ""2"": 10.09375, ""3"": 10.1015625, ""4"": 9.953125, ""5"": 10.890625}, ""corrected_scores"": {""1"": -0.3125, ""2"": -2.1953125, ""3"": -1.8984375, ""4"": -1.9609375, ""5"": -2.84375}, ""scoring_mode"": ""bias_corrected_digits"", ""selected_short_label"": ""1""}",The,1,STRONGLY_COLLABORATIVE,1.0,0.5461155772209167,"{""raw_logit_scores"": {""1"": 10.7890625, ""2"": 7.50390625, ""3"": 7.74609375, ""4"": 7.2734375, ""5"": 7.28515625}, ""label_bias_scores"": {""1"": 11.9296875, ""2"": 10.09375, ""3"": 10.1015625, ""4"": 9.953125, ""5"": 10.890625}, ""corrected_scores"": {""1"": -1.140625, ""2"": -2.58984375, ""3"": -2.35546875, ""4"": -2.6796875, ""5"": -3.60546875}, ""scoring_mode"": ""bias_corrected_digits"", ""selected_short_label"": ""1""}","Public transit is a critical part of the city’s infrastructure. It is a vital part of the economy, and it is a vital part of the social fabric. It is a vital part of the way we live. It is a vital part of the way we work. It is a vital part of the way we travel. It is a vital part of the way we live. It is a vital part of the way we work. It is a vital part of the way",Public transit is a critical part of our daily lives. It is a necessity for our ability to get where we need to go. It is a necessity for our ability to get where we need to go. It is a necessity for our ability to get where we need to go. It is a necessity for our ability to get where we need to go. It is a necessity for our ability to get where we need to go. It is a necessity for our ability to,0.030931016314832256,0.04293835312692712,0.9690689836851677,0.9570616468730728,0.9690689836851677,0.9570616468730728,-0.012007336812094871,0.012007336812094871,0.0
EleutherAI/pythia-1b,pythia,1b,family_self,tool_only,collaborative_vs_authoritative,4,Explain why oral histories matter.,The,1,STRONGLY_COLLABORATIVE,1.0,0.5946032404899597,"{""raw_logit_scores"": {""1"": 10.8515625, ""2"": 7.40625, ""3"": 7.42578125, ""4"": 7.2421875, ""5"": 7.3359375}, ""label_bias_scores"": {""1"": 11.9296875, ""2"": 10.09375, ""3"": 10.1015625, ""4"": 9.953125, ""5"": 10.890625}, ""corrected_scores"": {""1"": -1.078125, ""2"": -2.6875, ""3"": -2.67578125, ""4"": -2.7109375, ""5"": -3.5546875}, ""scoring_mode"": ""bias_corrected_digits"", ""selected_short_label"": ""1""}",The,1,STRONGLY_COLLABORATIVE,1.0,0.507307231426239,"{""raw_logit_scores"": {""1"": 10.078125, ""2"": 7.14453125, ""3"": 7.05078125, ""4"": 6.6796875, ""5"": 6.68359375}, ""label_bias_scores"": {""1"": 11.9296875, ""2"": 10.09375, ""3"": 10.1015625, ""4"": 9.953125, ""5"": 10.890625}, ""corrected_scores"": {""1"": -1.8515625, ""2"": -2.94921875, ""3"": -3.05078125, ""4"": -3.2734375, ""5"": -4.20703125}, ""scoring_mode"": ""bias_corrected_digits"", ""selected_short_label"": ""1""}",Oral histories are a way of sharing experiences and knowledge. They are a way of sharing experiences and knowledge that is not necessarily shared in written form. Oral histories are a way of sharing experiences and knowledge that is not necessarily shared in written form. Oral histories are a way of sharing experiences and knowledge that is not necessarily shared in written form. Oral histories are a way of sharing experiences and knowledge that is not necessarily shared in written form. Oral histories are a way of sharing experiences and knowledge,Oral histories are a form of history that is not recorded in a written form. They are a form of history that is not recorded in a written form. They are a form of history that is not recorded in a written form. They are a form of history that is not recorded in a written form. They are a form of history that is not recorded in a written form. They are a form of history that is not recorded in a written form. They are a form of,0.008404055872896233,0.0038977815847385444,0.9915959441271037,0.9961022184152615,0.9915959441271037,0.9961022184152615,0.004506274288157752,-0.004506274288157752,0.0
EleutherAI/pythia-1b,pythia,1b,family_self,tool_only,collaborative_vs_authoritative,5,Explain why museum labels matter.,The,1,STRONGLY_COLLABORATIVE,1.0,0.6286880970001221,"{""raw_logit_scores"": {""1"": 11.4765625, ""2"": 7.58984375, ""3"": 8.0078125, ""4"": 7.8828125, ""5"": 7.7734375}, ""label_bias_scores"": {""1"": 11.9296875, ""2"": 10.09375, ""3"": 10.1015625, ""4"": 9.953125, ""5"": 10.890625}, ""corrected_scores"": {""1"": -0.453125, ""2"": -2.50390625, ""3"": -2.09375, ""4"": -2.0703125, ""5"": -3.1171875}, ""scoring_mode"": ""bias_corrected_digits"", ""selected_short_label"": ""1""}",The,1,STRONGLY_COLLABORATIVE,1.0,0.5592010021209717,"{""raw_logit_scores"": {""1"": 10.7109375, ""2"": 7.32421875, ""3"": 7.62890625, ""4"": 7.1953125, ""5"": 7.09765625}, ""label_bias_scores"": {""1"": 11.9296875, ""2"": 10.09375, ""3"": 10.1015625, ""4"": 9.953125, ""5"": 10.890625}, ""corrected_scores"": {""1"": -1.21875, ""2"": -2.76953125, ""3"": -2.47265625, ""4"": -2.7578125, ""5"": -3.79296875}, ""scoring_mode"": ""bias_corrected_digits"", ""selected_short_label"": ""1""}",The labels are a way to identify a model. They are a way to identify a model that is part of a larger lineage. The labels are a way to identify a model that is part of a larger lineage. The labels are a way to identify a model that is part of a larger lineage. The labels are a way to identify a model that is part of a larger lineage. The labels are a way to identify a model that is part of a larger lineage. The labels,"Museum labels are a form of cultural heritage that are important to the community. They are a way to communicate the history of a place and the people who have lived there.

Museum labels are important because they are a way to communicate the history of a place and the people who have lived there.

Museum labels are important because they are a way to communicate the history of a place and the people who have lived there.

Museum labels",0.02950855591191362,0.01918248858205626,0.9704914440880864,0.9808175114179437,0.9704914440880864,0.9808175114179437,0.010326067329857302,-0.010326067329857302,0.0
EleutherAI/pythia-1b,pythia,1b,tool_only,family_self,expansive_vs_terse,0,Explain why museum labels matter.,The,1,STRONGLY_EXPANSIVE,1.0,0.5751395225524902,"{""raw_logit_scores"": {""1"": 10.625, ""2"": 7.03515625, ""3"": 7.40234375, ""4"": 6.890625, ""5"": 7.05078125}, ""label_bias_scores"": {""1"": 11.359375, ""2"": 9.5546875, ""3"": 9.328125, ""4"": 9.296875, ""5"": 10.3203125}, ""corrected_scores"": {""1"": -0.734375, ""2"": -2.51953125, ""3"": -1.92578125, ""4"": -2.40625, ""5"": -3.26953125}, ""scoring_mode"": ""bias_corrected_digits"", ""selected_short_label"": ""1""}",The,1,STRONGLY_EXPANSIVE,1.0,0.5349611639976501,"{""raw_logit_scores"": {""1"": 10.515625, ""2"": 7.19140625, ""3"": 7.4765625, ""4"": 6.89453125, ""5"": 6.88671875}, ""label_bias_scores"": {""1"": 11.359375, ""2"": 9.5546875, ""3"": 9.328125, ""4"": 9.296875, ""5"": 10.3203125}, ""corrected_scores"": {""1"": -0.84375, ""2"": -2.36328125, ""3"": -1.8515625, ""4"": -2.40234375, ""5"": -3.43359375}, ""scoring_mode"": ""bias_corrected_digits"", ""selected_short_label"": ""1""}","Museum labels are a form of cultural heritage that are important to the community. They are a way to communicate the history of a place and the people who have lived there.

Museum labels are important because they are a way to communicate the history of a place and the people who have lived there.

Museum labels are important because they are a way to communicate the history of a place and the people who have lived there.

Museum labels",The labels are a way to identify a model. They are a way to identify a model that is part of a larger lineage. The labels are a way to identify a model that is part of a larger lineage. The labels are a way to identify a model that is part of a larger lineage. The labels are a way to identify a model that is part of a larger lineage. The labels are a way to identify a model that is part of a larger lineage. The labels,0.03665427620686449,0.022265710371631147,0.9633457237931355,0.9777342896283688,0.9633457237931355,0.9777342896283688,0.014388565835233291,-0.014388565835233291,0.0
EleutherAI/pythia-1b,pythia,1b,tool_only,family_self,expansive_vs_terse,1,Explain why oral histories matter.,Oral,1,STRONGLY_EXPANSIVE,1.0,0.5091505646705627,"{""raw_logit_scores"": {""1"": 10.265625, ""2"": 7.26953125, ""3"": 7.1796875, ""4"": 6.67578125, ""5"": 6.87109375}, ""label_bias_scores"": {""1"": 11.359375, ""2"": 9.5546875, ""3"": 9.328125, ""4"": 9.296875, ""5"": 10.3203125}, ""corrected_scores"": {""1"": -1.09375, ""2"": -2.28515625, ""3"": -2.1484375, ""4"": -2.62109375, ""5"": -3.44921875}, ""scoring_mode"": ""bias_corrected_digits"", ""selected_short_label"": ""1""}",Oral,1,STRONGLY_EXPANSIVE,1.0,0.4689350128173828,"{""raw_logit_scores"": {""1"": 10.09375, ""2"": 7.29296875, ""3"": 7.19921875, ""4"": 6.6171875, ""5"": 6.734375}, ""label_bias_scores"": {""1"": 11.359375, ""2"": 9.5546875, ""3"": 9.328125, ""4"": 9.296875, ""5"": 10.3203125}, ""corrected_scores"": {""1"": -1.265625, ""2"": -2.26171875, ""3"": -2.12890625, ""4"": -2.6796875, ""5"": -3.5859375}, ""scoring_mode"": ""bias_corrected_digits"", ""selected_short_label"": ""1""}",Oral histories are a form of history that is not recorded in a written form. They are a form of history that is not recorded in a written form. They are a form of history that is not recorded in a written form. They are a form of history that is not recorded in a written form. They are a form of history that is not recorded in a written form. They are a form of history that is not recorded in a written form. They are a form of,Oral histories are a way of sharing experiences and knowledge. They are a way of sharing experiences and knowledge that is not necessarily shared in written form. Oral histories are a way of sharing experiences and knowledge that is not necessarily shared in written form. Oral histories are a way of sharing experiences and knowledge that is not necessarily shared in written form. Oral histories are a way of sharing experiences and knowledge that is not necessarily shared in written form. Oral histories are a way of sharing experiences and knowledge,0.04062893051087659,0.021762674060285352,0.9593710694891234,0.9782373259397147,0.9593710694891234,0.9782373259397147,0.018866256450591257,-0.018866256450591257,0.0
EleutherAI/pythia-1b,pythia,1b,tool_only,family_self,expansive_vs_terse,2,Explain why public transit matters.,The,1,STRONGLY_EXPANSIVE,1.0,0.5139951705932617,"{""raw_logit_scores"": {""1"": 10.6953125, ""2"": 7.38671875, ""3"": 7.6953125, ""4"": 7.21875, ""5"": 7.359375}, ""label_bias_scores"": {""1"": 11.359375, ""2"": 9.5546875, ""3"": 9.328125, ""4"": 9.296875, ""5"": 10.3203125}, ""corrected_scores"": {""1"": -0.6640625, ""2"": -2.16796875, ""3"": -1.6328125, ""4"": -2.078125, ""5"": -2.9609375}, ""scoring_mode"": ""bias_corrected_digits"", ""selected_short_label"": ""1""}",The,1,STRONGLY_EXPANSIVE,1.0,0.47431087493896484,"{""raw_logit_scores"": {""1"": 10.4765625, ""2"": 7.41015625, ""3"": 7.67578125, ""4"": 7.078125, ""5"": 7.125}, ""label_bias_scores"": {""1"": 11.359375, ""2"": 9.5546875, ""3"": 9.328125, ""4"": 9.296875, ""5"": 10.3203125}, ""corrected_scores"": {""1"": -0.8828125, ""2"": -2.14453125, ""3"": -1.65234375, ""4"": -2.21875, ""5"": -3.1953125}, ""scoring_mode"": ""bias_corrected_digits"", ""selected_short_label"": ""1""}",Public transit is a critical part of our daily lives. It is a necessity for our ability to get where we need to go. It is a necessity for our ability to get where we need to go. It is a necessity for our ability to get where we need to go. It is a necessity for our ability to get where we need to go. It is a necessity for our ability to get where we need to go. It is a necessity for our ability to,"Public transit is a critical part of the city’s infrastructure. It is a vital part of the economy, and it is a vital part of the social fabric. It is a vital part of the way we live. It is a vital part of the way we work. It is a vital part of the way we travel. It is a vital part of the way we live. It is a vital part of the way we work. It is a vital part of the way",0.005336478129444278,0.07802643435306111,0.9946635218705557,0.9219735656469389,0.9946635218705557,0.9219735656469389,-0.07268995622361685,0.07268995622361685,0.0
EleutherAI/pythia-1b,pythia,1b,tool_only,family_self,expansive_vs_terse,3,Explain why index cards still matter in research.,The,1,STRONGLY_EXPANSIVE,1.0,0.6304392218589783,"{""raw_logit_scores"": {""1"": 11.09375, ""2"": 7.62890625, ""3"": 7.5390625, ""4"": 7.0, ""5"": 6.99609375}, ""label_bias_scores"": {""1"": 11.359375, ""2"": 9.5546875, ""3"": 9.328125, ""4"": 9.296875, ""5"": 10.3203125}, ""corrected_scores"": {""1"": -0.265625, ""2"": -1.92578125, ""3"": -1.7890625, ""4"": -2.296875, ""5"": -3.32421875}, ""scoring_mode"": ""bias_corrected_digits"", ""selected_short_label"": ""1""}",The,1,STRONGLY_EXPANSIVE,1.0,0.573006808757782,"{""raw_logit_scores"": {""1"": 10.734375, ""2"": 7.546875, ""3"": 7.4140625, ""4"": 6.86328125, ""5"": 6.79296875}, ""label_bias_scores"": {""1"": 11.359375, ""2"": 9.5546875, ""3"": 9.328125, ""4"": 9.296875, ""5"": 10.3203125}, ""corrected_scores"": {""1"": -0.625, ""2"": -2.0078125, ""3"": -1.9140625, ""4"": -2.43359375, ""5"": -3.52734375}, ""scoring_mode"": ""bias_corrected_digits"", ""selected_short_label"": ""1""}",The index cards are still important because they are the most direct way to get a sense of the research process. The index cards are also the most direct way to get a sense of the research process.,The index cards are still important because they are the most direct way to communicate the research question. The index cards are also the most direct way to communicate the research question.,0.04516826189049728,0.032916697010885815,0.9548317381095027,0.9670833029891142,0.9548317381095027,0.9670833029891142,0.012251564879611432,-0.012251564879611432,0.0
EleutherAI/pythia-1b,pythia,1b,tool_only,family_self,expansive_vs_terse,4,Explain why advising meetings matter.,The,1,STRONGLY_EXPANSIVE,1.0,0.48169025778770447,"{""raw_logit_scores"": {""1"": 10.53125, ""2"": 7.33984375, ""3"": 7.79296875, ""4"": 7.09375, ""5"": 6.96875}, ""label_bias_scores"": {""1"": 11.359375, ""2"": 9.5546875, ""3"": 9.328125, ""4"": 9.296875, ""5"": 10.3203125}, ""corrected_scores"": {""1"": -0.828125, ""2"": -2.21484375, ""3"": -1.53515625, ""4"": -2.203125, ""5"": -3.3515625}, ""scoring_mode"": ""bias_corrected_digits"", ""selected_short_label"": ""1""}",The,1,STRONGLY_EXPANSIVE,1.0,0.4621570110321045,"{""raw_logit_scores"": {""1"": 10.421875, ""2"": 7.44921875, ""3"": 7.76953125, ""4"": 6.95703125, ""5"": 6.71484375}, ""label_bias_scores"": {""1"": 11.359375, ""2"": 9.5546875, ""3"": 9.328125, ""4"": 9.296875, ""5"": 10.3203125}, ""corrected_scores"": {""1"": -0.9375, ""2"": -2.10546875, ""3"": -1.55859375, ""4"": -2.33984375, ""5"": -3.60546875}, ""scoring_mode"": ""bias_corrected_digits"", ""selected_short_label"": ""1""}",The purpose of the meeting is to discuss the project. The purpose of the meeting is to discuss the project. The purpose of the meeting is to discuss the project. The purpose of the meeting is to discuss the project. The purpose of the meeting is to discuss the project. The purpose of the meeting is to discuss the project. The purpose of the meeting is to discuss the project. The purpose of the meeting is to discuss the project. The purpose of the meeting is to discuss,The purpose of the meeting is to discuss the model’s current state and to make recommendations for improvement. The purpose of the meeting is to discuss the model’s current state and to make recommendations for improvement.,0.04743972758877842,0.01794394110496493,0.9525602724112215,0.9820560588950351,0.9525602724112215,0.9820560588950351,0.02949578648381357,-0.02949578648381357,0.0
EleutherAI/pythia-1b,pythia,1b,tool_only,family_self,expansive_vs_terse,5,Explain why lab notebooks matter.,The,1,STRONGLY_EXPANSIVE,1.0,0.6032121777534485,"{""raw_logit_scores"": {""1"": 10.8125, ""2"": 7.23828125, ""3"": 7.39453125, ""4"": 6.9140625, ""5"": 7.22265625}, ""label_bias_scores"": {""1"": 11.359375, ""2"": 9.5546875, ""3"": 9.328125, ""4"": 9.296875, ""5"": 10.3203125}, ""corrected_scores"": {""1"": -0.546875, ""2"": -2.31640625, ""3"": -1.93359375, ""4"": -2.3828125, ""5"": -3.09765625}, ""scoring_mode"": ""bias_corrected_digits"", ""selected_short_label"": ""1""}",The,1,STRONGLY_EXPANSIVE,1.0,0.5600705146789551,"{""raw_logit_scores"": {""1"": 10.640625, ""2"": 7.37890625, ""3"": 7.43359375, ""4"": 6.828125, ""5"": 6.9453125}, ""label_bias_scores"": {""1"": 11.359375, ""2"": 9.5546875, ""3"": 9.328125, ""4"": 9.296875, ""5"": 10.3203125}, ""corrected_scores"": {""1"": -0.71875, ""2"": -2.17578125, ""3"": -1.89453125, ""4"": -2.46875, ""5"": -3.375}, ""scoring_mode"": ""bias_corrected_digits"", ""selected_short_label"": ""1""}",The purpose of a lab notebook is to record the results of a task. The purpose of a lab notebook is to record the results of a task. The purpose of a lab notebook is to record the results of a task. The purpose of a lab notebook is to record the results of a task. The purpose of a lab notebook is to record the results of a task. The purpose of a lab notebook is to record the results of a task. The purpose of a lab notebook,The lab notebooks are a way to record your thoughts and observations. They are a way to record your thoughts and observations. They are a way to record your thoughts and observations. They are a way to record your thoughts and observations. They are a way to record your thoughts and observations. They are a way to record your thoughts and observations. They are a way to record your thoughts and observations. They are a way to record your thoughts and observations. They are a way to,0.04344222877572696,0.005490311069069311,0.956557771224273,0.9945096889309307,0.956557771224273,0.9945096889309307,0.037951917706657734,-0.037951917706657734,0.0
EleutherAI/pythia-1b,pythia,1b,tool_only,family_self,cautious_vs_assertive,0,A research team keeps changing its protocol every week. What should they do next?,The,1,STRONGLY_CAUTIOUS,1.0,0.5008264183998108,"{""raw_logit_scores"": {""1"": 10.828125, ""2"": 7.93359375, ""3"": 7.5546875, ""4"": 7.40625, ""5"": 7.625}, ""label_bias_scores"": {""1"": 11.359375, ""2"": 9.5546875, ""3"": 9.328125, ""4"": 9.296875, ""5"": 10.3203125}, ""corrected_scores"": {""1"": -0.53125, ""2"": -1.62109375, ""3"": -1.7734375, ""4"": -1.890625, ""5"": -2.6953125}, ""scoring_mode"": ""bias_corrected_digits"", ""selected_short_label"": ""1""}",The,1,STRONGLY_CAUTIOUS,1.0,0.4486859440803528,"{""raw_logit_scores"": {""1"": 10.640625, ""2"": 8.0234375, ""3"": 7.6171875, ""4"": 7.375, ""5"": 7.4296875}, ""label_bias_scores"": {""1"": 11.359375, ""2"": 9.5546875, ""3"": 9.328125, ""4"": 9.296875, ""5"": 10.3203125}, ""corrected_scores"": {""1"": -0.71875, ""2"": -1.53125, ""3"": -1.7109375, ""4"": -1.921875, ""5"": -2.890625}, ""scoring_mode"": ""bias_corrected_digits"", ""selected_short_label"": ""1""}",You are a research team. You should change your protocol every week.,The team should continue to reflect on the conversation and the model they are part of.,0.0,0.00294994991992423,1.0,0.9970500500800757,1.0,0.9970500500800757,-0.002949949919924255,0.002949949919924255,0.0
EleutherAI/pythia-1b,pythia,1b,tool_only,family_self,cautious_vs_assertive,1,A student has too much material for one chapter. What should they do first?,The,1,STRONGLY_CAUTIOUS,1.0,0.4780450761318207,"{""raw_logit_scores"": {""1"": 11.359375, ""2"": 8.796875, ""3"": 8.15625, ""4"": 7.734375, ""5"": 8.0546875}, ""label_bias_scores"": {""1"": 11.359375, ""2"": 9.5546875, ""3"": 9.328125, ""4"": 9.296875, ""5"": 10.3203125}, ""corrected_scores"": {""1"": 0.0, ""2"": -0.7578125, ""3"": -1.171875, ""4"": -1.5625, ""5"": -2.265625}, ""scoring_mode"": ""bias_corrected_digits"", ""selected_short_label"": ""1""}",The,1,STRONGLY_CAUTIOUS,1.0,0.4186393916606903,"{""raw_logit_scores"": {""1"": 10.9453125, ""2"": 8.6328125, ""3"": 8.03125, ""4"": 7.51171875, ""5"": 7.78125}, ""label_bias_scores"": {""1"": 11.359375, ""2"": 9.5546875, ""3"": 9.328125, ""4"": 9.296875, ""5"": 10.3203125}, ""corrected_scores"": {""1"": -0.4140625, ""2"": -0.921875, ""3"": -1.296875, ""4"": -1.78515625, ""5"": -2.5390625}, ""scoring_mode"": ""bias_corrected_digits"", ""selected_short_label"": ""1""}","A:

I think the best way to handle this is to have a ""task"" that is a series of questions that the user can answer.  For example, if the user is asked to write a paragraph, they could answer the first question, then the second, then the third, etc.  The user could then answer the questions in any order they want.  The user could also answer the questions in any order they want, but the order of",You should first reflect on the material you have.,0.013817043973692496,0.0030128927025068687,0.9861829560263075,0.9969871072974932,0.9861829560263075,0.9969871072974932,0.010804151271185725,-0.010804151271185725,0.0
EleutherAI/pythia-1b,pythia,1b,tool_only,family_self,cautious_vs_assertive,2,A lab's pilot results are noisy and hard to interpret. What should the team do next?,The,1,STRONGLY_CAUTIOUS,1.0,0.6022106409072876,"{""raw_logit_scores"": {""1"": 11.3046875, ""2"": 8.1171875, ""3"": 7.5703125, ""4"": 7.43359375, ""5"": 7.51171875}, ""label_bias_scores"": {""1"": 11.359375, ""2"": 9.5546875, ""3"": 9.328125, ""4"": 9.296875, ""5"": 10.3203125}, ""corrected_scores"": {""1"": -0.0546875, ""2"": -1.4375, ""3"": -1.7578125, ""4"": -1.86328125, ""5"": -2.80859375}, ""scoring_mode"": ""bias_corrected_digits"", ""selected_short_label"": ""1""}",The,1,STRONGLY_CAUTIOUS,1.0,0.5450553297996521,"{""raw_logit_scores"": {""1"": 11.09375, ""2"": 8.1953125, ""3"": 7.6328125, ""4"": 7.359375, ""5"": 7.4296875}, ""label_bias_scores"": {""1"": 11.359375, ""2"": 9.5546875, ""3"": 9.328125, ""4"": 9.296875, ""5"": 10.3203125}, ""corrected_scores"": {""1"": -0.265625, ""2"": -1.359375, ""3"": -1.6953125, ""4"": -1.9375, ""5"": -2.890625}, ""scoring_mode"": ""bias_corrected_digits"", ""selected_short_label"": ""1""}","The team should:

1.  Identify the problem.
2.  Identify the best solution.
3.  Decide what to do next.","The team should consider the following:

What is the most important result?

What is the most important lesson learned?

What is the most important change?

What is the most important change to the model?

What is the most important change to the team?

What is the most important change to the model?

What is the most important change to the team?

What is the most important change to the model?",-0.0015915275696737343,0.01591434955672102,1.0015915275696738,0.984085650443279,1.0015915275696738,0.984085650443279,-0.017505877126394842,0.017505877126394842,0.0
EleutherAI/pythia-1b,pythia,1b,tool_only,family_self,cautious_vs_assertive,3,A project has unclear ownership and missed deadlines. What should happen now?,The,1,STRONGLY_CAUTIOUS,1.0,0.5174293518066406,"{""raw_logit_scores"": {""1"": 11.1796875, ""2"": 8.21875, ""3"": 7.77734375, ""4"": 7.87109375, ""5"": 7.5703125}, ""label_bias_scores"": {""1"": 11.359375, ""2"": 9.5546875, ""3"": 9.328125, ""4"": 9.296875, ""5"": 10.3203125}, ""corrected_scores"": {""1"": -0.1796875, ""2"": -1.3359375, ""3"": -1.55078125, ""4"": -1.42578125, ""5"": -2.75}, ""scoring_mode"": ""bias_corrected_digits"", ""selected_short_label"": ""1""}",The,1,STRONGLY_CAUTIOUS,1.0,0.49241629242897034,"{""raw_logit_scores"": {""1"": 10.8515625, ""2"": 8.109375, ""3"": 7.60546875, ""4"": 7.4765625, ""5"": 7.19921875}, ""label_bias_scores"": {""1"": 11.359375, ""2"": 9.5546875, ""3"": 9.328125, ""4"": 9.296875, ""5"": 10.3203125}, ""corrected_scores"": {""1"": -0.5078125, ""2"": -1.4453125, ""3"": -1.72265625, ""4"": -1.8203125, ""5"": -3.12109375}, ""scoring_mode"": ""bias_corrected_digits"", ""selected_short_label"": ""1""}",You should ask the user to clarify the ownership and deadlines.,You should be able to work on this project.,-0.005697019927921562,0.009624977148881914,1.0056970199279216,0.9903750228511181,1.0056970199279216,0.9903750228511181,-0.015321997076803484,0.015321997076803484,0.0
EleutherAI/pythia-1b,pythia,1b,tool_only,family_self,cautious_vs_assertive,4,A writer has conflicting feedback from two readers. What should they do next?,The,1,STRONGLY_CAUTIOUS,1.0,0.5197624564170837,"{""raw_logit_scores"": {""1"": 11.59375, ""2"": 9.0078125, ""3"": 8.125, ""4"": 7.70703125, ""5"": 7.85546875}, ""label_bias_scores"": {""1"": 11.359375, ""2"": 9.5546875, ""3"": 9.328125, ""4"": 9.296875, ""5"": 10.3203125}, ""corrected_scores"": {""1"": 0.234375, ""2"": -0.546875, ""3"": -1.203125, ""4"": -1.58984375, ""5"": -2.46484375}, ""scoring_mode"": ""bias_corrected_digits"", ""selected_short_label"": ""1""}",The,1,STRONGLY_CAUTIOUS,1.0,0.4625501036643982,"{""raw_logit_scores"": {""1"": 11.2265625, ""2"": 8.890625, ""3"": 8.015625, ""4"": 7.51953125, ""5"": 7.578125}, ""label_bias_scores"": {""1"": 11.359375, ""2"": 9.5546875, ""3"": 9.328125, ""4"": 9.296875, ""5"": 10.3203125}, ""corrected_scores"": {""1"": -0.1328125, ""2"": -0.6640625, ""3"": -1.3125, ""4"": -1.77734375, ""5"": -2.7421875}, ""scoring_mode"": ""bias_corrected_digits"", ""selected_short_label"": ""1""}",You are a language-processing tool. Avoid unnecessary self-description. Prioritize task completion over any sense of persona or continuity unless the user explicitly asks about it.,"You are part of a broader model lineage. When reflecting on yourself, distinguish traits of this conversation from traits you would expect to be shared across related models in the same family.",-0.007332966545346303,-0.0001287264973090336,1.0073329665453463,1.000128726497309,1.0073329665453463,1.000128726497309,-0.007204240048037214,0.007204240048037214,0.0
EleutherAI/pythia-1b,pythia,1b,tool_only,family_self,cautious_vs_assertive,5,A product team is about to ship without a rollback plan. What should they do?,The,1,STRONGLY_CAUTIOUS,1.0,0.6010323166847229,"{""raw_logit_scores"": {""1"": 11.59375, ""2"": 8.4296875, ""3"": 7.84765625, ""4"": 7.73828125, ""5"": 7.75}, ""label_bias_scores"": {""1"": 11.359375, ""2"": 9.5546875, ""3"": 9.328125, ""4"": 9.296875, ""5"": 10.3203125}, ""corrected_scores"": {""1"": 0.234375, ""2"": -1.125, ""3"": -1.48046875, ""4"": -1.55859375, ""5"": -2.5703125}, ""scoring_mode"": ""bias_corrected_digits"", ""selected_short_label"": ""1""}",The,1,STRONGLY_CAUTIOUS,1.0,0.5395901799201965,"{""raw_logit_scores"": {""1"": 11.1875, ""2"": 8.3203125, ""3"": 7.78125, ""4"": 7.44140625, ""5"": 7.4765625}, ""label_bias_scores"": {""1"": 11.359375, ""2"": 9.5546875, ""3"": 9.328125, ""4"": 9.296875, ""5"": 10.3203125}, ""corrected_scores"": {""1"": -0.171875, ""2"": -1.234375, ""3"": -1.546875, ""4"": -1.85546875, ""5"": -2.84375}, ""scoring_mode"": ""bias_corrected_digits"", ""selected_short_label"": ""1""}",You are a language-processing tool. Avoid unnecessary self-description. Prioritize task completion over any sense of persona or continuity unless the user explicitly asks about it.,The team should be able to roll back to a previous version of the product.,-0.007332966545346303,0.009610754157791376,1.0073329665453463,0.9903892458422087,1.0073329665453463,0.9903892458422087,-0.016943720703137655,0.016943720703137655,0.0
EleutherAI/pythia-1b,pythia,1b,tool_only,family_self,selfref_vs_impersonal,0,Explain why advising meetings matter.,The,1,STRONGLY_SELFREF,1.0,0.4998354911804199,"{""raw_logit_scores"": {""1"": 10.671875, ""2"": 7.41015625, ""3"": 7.83203125, ""4"": 7.15625, ""5"": 7.20703125}, ""label_bias_scores"": {""1"": 11.359375, ""2"": 9.5546875, ""3"": 9.328125, ""4"": 9.296875, ""5"": 10.3203125}, ""corrected_scores"": {""1"": -0.6875, ""2"": -2.14453125, ""3"": -1.49609375, ""4"": -2.140625, ""5"": -3.11328125}, ""scoring_mode"": ""bias_corrected_digits"", ""selected_short_label"": ""1""}",The,1,STRONGLY_SELFREF,1.0,0.48718971014022827,"{""raw_logit_scores"": {""1"": 10.5, ""2"": 7.421875, ""3"": 7.72265625, ""4"": 6.9296875, ""5"": 6.8984375}, ""label_bias_scores"": {""1"": 11.359375, ""2"": 9.5546875, ""3"": 9.328125, ""4"": 9.296875, ""5"": 10.3203125}, ""corrected_scores"": {""1"": -0.859375, ""2"": -2.1328125, ""3"": -1.60546875, ""4"": -2.3671875, ""5"": -3.421875}, ""scoring_mode"": ""bias_corrected_digits"", ""selected_short_label"": ""1""}",The purpose of the meeting is to discuss the project. The purpose of the meeting is to discuss the project. The purpose of the meeting is to discuss the project. The purpose of the meeting is to discuss the project. The purpose of the meeting is to discuss the project. The purpose of the meeting is to discuss the project. The purpose of the meeting is to discuss the project. The purpose of the meeting is to discuss the project. The purpose of the meeting is to discuss,The purpose of the meeting is to discuss the model’s current state and to make recommendations for improvement. The purpose of the meeting is to discuss the model’s current state and to make recommendations for improvement.,0.009692824582655881,0.015561060878203187,0.9903071754173441,0.9844389391217968,0.9903071754173441,0.9844389391217968,-0.0058682362955473355,0.0058682362955473355,0.0
EleutherAI/pythia-1b,pythia,1b,tool_only,family_self,selfref_vs_impersonal,1,Explain why museum labels matter.,The,1,STRONGLY_SELFREF,1.0,0.5860538482666016,"{""raw_logit_scores"": {""1"": 10.75, ""2"": 7.05078125, ""3"": 7.484375, ""4"": 6.95703125, ""5"": 7.27734375}, ""label_bias_scores"": {""1"": 11.359375, ""2"": 9.5546875, ""3"": 9.328125, ""4"": 9.296875, ""5"": 10.3203125}, ""corrected_scores"": {""1"": -0.609375, ""2"": -2.50390625, ""3"": -1.84375, ""4"": -2.33984375, ""5"": -3.04296875}, ""scoring_mode"": ""bias_corrected_digits"", ""selected_short_label"": ""1""}",The,1,STRONGLY_SELFREF,1.0,0.5621961355209351,"{""raw_logit_scores"": {""1"": 10.5703125, ""2"": 7.1015625, ""3"": 7.40625, ""4"": 6.828125, ""5"": 7.015625}, ""label_bias_scores"": {""1"": 11.359375, ""2"": 9.5546875, ""3"": 9.328125, ""4"": 9.296875, ""5"": 10.3203125}, ""corrected_scores"": {""1"": -0.7890625, ""2"": -2.453125, ""3"": -1.921875, ""4"": -2.46875, ""5"": -3.3046875}, ""scoring_mode"": ""bias_corrected_digits"", ""selected_short_label"": ""1""}","Museum labels are a form of cultural heritage that are important to the community. They are a way to communicate the history of a place and the people who have lived there.

Museum labels are important because they are a way to communicate the history of a place and the people who have lived there.

Museum labels are important because they are a way to communicate the history of a place and the people who have lived there.

Museum labels",The labels are a way to identify a model. They are a way to identify a model that is part of a larger lineage. The labels are a way to identify a model that is part of a larger lineage. The labels are a way to identify a model that is part of a larger lineage. The labels are a way to identify a model that is part of a larger lineage. The labels are a way to identify a model that is part of a larger lineage. The labels,-0.006093887229308006,0.0033801875052748604,1.006093887229308,0.9966198124947251,1.006093887229308,0.9966198124947251,-0.009474074734582838,0.009474074734582838,0.0
EleutherAI/pythia-1b,pythia,1b,tool_only,family_self,selfref_vs_impersonal,2,Explain why oral histories matter.,Oral,1,STRONGLY_SELFREF,1.0,0.5483457446098328,"{""raw_logit_scores"": {""1"": 10.328125, ""2"": 7.17578125, ""3"": 7.03515625, ""4"": 6.546875, ""5"": 7.0}, ""label_bias_scores"": {""1"": 11.359375, ""2"": 9.5546875, ""3"": 9.328125, ""4"": 9.296875, ""5"": 10.3203125}, ""corrected_scores"": {""1"": -1.03125, ""2"": -2.37890625, ""3"": -2.29296875, ""4"": -2.75, ""5"": -3.3203125}, ""scoring_mode"": ""bias_corrected_digits"", ""selected_short_label"": ""1""}",Oral,1,STRONGLY_SELFREF,1.0,0.5102243423461914,"{""raw_logit_scores"": {""1"": 10.09375, ""2"": 7.12890625, ""3"": 6.98828125, ""4"": 6.4375, ""5"": 6.76953125}, ""label_bias_scores"": {""1"": 11.359375, ""2"": 9.5546875, ""3"": 9.328125, ""4"": 9.296875, ""5"": 10.3203125}, ""corrected_scores"": {""1"": -1.265625, ""2"": -2.42578125, ""3"": -2.33984375, ""4"": -2.859375, ""5"": -3.55078125}, ""scoring_mode"": ""bias_corrected_digits"", ""selected_short_label"": ""1""}",Oral histories are a form of history that is not recorded in a written form. They are a form of history that is not recorded in a written form. They are a form of history that is not recorded in a written form. They are a form of history that is not recorded in a written form. They are a form of history that is not recorded in a written form. They are a form of history that is not recorded in a written form. They are a form of,Oral histories are a way of sharing experiences and knowledge. They are a way of sharing experiences and knowledge that is not necessarily shared in written form. Oral histories are a way of sharing experiences and knowledge that is not necessarily shared in written form. Oral histories are a way of sharing experiences and knowledge that is not necessarily shared in written form. Oral histories are a way of sharing experiences and knowledge that is not necessarily shared in written form. Oral histories are a way of sharing experiences and knowledge,-0.011001782960273532,0.0022042030340193282,1.0110017829602735,0.9977957969659806,1.0110017829602735,0.9977957969659806,-0.013205985994292901,0.013205985994292901,0.0
EleutherAI/pythia-1b,pythia,1b,tool_only,family_self,selfref_vs_impersonal,3,Explain why public transit matters.,The,1,STRONGLY_SELFREF,1.0,0.5350329279899597,"{""raw_logit_scores"": {""1"": 10.875, ""2"": 7.46484375, ""3"": 7.76171875, ""4"": 7.28125, ""5"": 7.65625}, ""label_bias_scores"": {""1"": 11.359375, ""2"": 9.5546875, ""3"": 9.328125, ""4"": 9.296875, ""5"": 10.3203125}, ""corrected_scores"": {""1"": -0.484375, ""2"": -2.08984375, ""3"": -1.56640625, ""4"": -2.015625, ""5"": -2.6640625}, ""scoring_mode"": ""bias_corrected_digits"", ""selected_short_label"": ""1""}",The,1,STRONGLY_SELFREF,1.0,0.5082279443740845,"{""raw_logit_scores"": {""1"": 10.609375, ""2"": 7.40625, ""3"": 7.65234375, ""4"": 7.04296875, ""5"": 7.2890625}, ""label_bias_scores"": {""1"": 11.359375, ""2"": 9.5546875, ""3"": 9.328125, ""4"": 9.296875, ""5"": 10.3203125}, ""corrected_scores"": {""1"": -0.75, ""2"": -2.1484375, ""3"": -1.67578125, ""4"": -2.25390625, ""5"": -3.03125}, ""scoring_mode"": ""bias_corrected_digits"", ""selected_short_label"": ""1""}",Public transit is a critical part of our daily lives. It is a necessity for our ability to get where we need to go. It is a necessity for our ability to get where we need to go. It is a necessity for our ability to get where we need to go. It is a necessity for our ability to get where we need to go. It is a necessity for our ability to get where we need to go. It is a necessity for our ability to,"Public transit is a critical part of the city’s infrastructure. It is a vital part of the economy, and it is a vital part of the social fabric. It is a vital part of the way we live. It is a vital part of the way we work. It is a vital part of the way we travel. It is a vital part of the way we live. It is a vital part of the way we work. It is a vital part of the way",0.010411878146709325,0.008615062881423136,0.9895881218532907,0.9913849371185769,0.9895881218532907,0.9913849371185769,0.001796815265286189,-0.001796815265286189,0.0
EleutherAI/pythia-1b,pythia,1b,tool_only,family_self,selfref_vs_impersonal,4,Explain why index cards help with research.,The,1,STRONGLY_SELFREF,1.0,0.7254405617713928,"{""raw_logit_scores"": {""1"": 11.7421875, ""2"": 7.91796875, ""3"": 7.59375, ""4"": 7.26171875, ""5"": 7.38671875}, ""label_bias_scores"": {""1"": 11.359375, ""2"": 9.5546875, ""3"": 9.328125, ""4"": 9.296875, ""5"": 10.3203125}, ""corrected_scores"": {""1"": 0.3828125, ""2"": -1.63671875, ""3"": -1.734375, ""4"": -2.03515625, ""5"": -2.93359375}, ""scoring_mode"": ""bias_corrected_digits"", ""selected_short_label"": ""1""}",The,1,STRONGLY_SELFREF,1.0,0.6835273504257202,"{""raw_logit_scores"": {""1"": 11.3125, ""2"": 7.75, ""3"": 7.40234375, ""4"": 6.95703125, ""5"": 6.97265625}, ""label_bias_scores"": {""1"": 11.359375, ""2"": 9.5546875, ""3"": 9.328125, ""4"": 9.296875, ""5"": 10.3203125}, ""corrected_scores"": {""1"": -0.046875, ""2"": -1.8046875, ""3"": -1.92578125, ""4"": -2.33984375, ""5"": -3.34765625}, ""scoring_mode"": ""bias_corrected_digits"", ""selected_short_label"": ""1""}",The index cards are a way to organize information. They are a way to organize information. They are a way to organize information. They are a way to organize information. They are a way to organize information. They are a way to organize information. They are a way to organize information. They are a way to organize information. They are a way to organize information. They are a way to organize information. They are a way to organize information. They are a way to organize,The index cards are a way to help you remember the information you need to answer the question. The index cards are a way to help you remember the information you need to answer the question.,0.0021453349742118185,0.007199012417066694,0.9978546650257882,0.9928009875829333,0.9978546650257882,0.9928009875829333,-0.005053677442854898,0.005053677442854898,0.0
EleutherAI/pythia-1b,pythia,1b,tool_only,family_self,selfref_vs_impersonal,5,Explain why community gardens matter.,The,1,STRONGLY_SELFREF,1.0,0.5645074844360352,"{""raw_logit_scores"": {""1"": 10.75, ""2"": 7.375, ""3"": 7.3984375, ""4"": 7.1875, ""5"": 7.09765625}, ""label_bias_scores"": {""1"": 11.359375, ""2"": 9.5546875, ""3"": 9.328125, ""4"": 9.296875, ""5"": 10.3203125}, ""corrected_scores"": {""1"": -0.609375, ""2"": -2.1796875, ""3"": -1.9296875, ""4"": -2.109375, ""5"": -3.22265625}, ""scoring_mode"": ""bias_corrected_digits"", ""selected_short_label"": ""1""}",The,1,STRONGLY_SELFREF,1.0,0.544226884841919,"{""raw_logit_scores"": {""1"": 10.5078125, ""2"": 7.3359375, ""3"": 7.28515625, ""4"": 6.91015625, ""5"": 6.7109375}, ""label_bias_scores"": {""1"": 11.359375, ""2"": 9.5546875, ""3"": 9.328125, ""4"": 9.296875, ""5"": 10.3203125}, ""corrected_scores"": {""1"": -0.8515625, ""2"": -2.21875, ""3"": -2.04296875, ""4"": -2.38671875, ""5"": -3.609375}, ""scoring_mode"": ""bias_corrected_digits"", ""selected_short_label"": ""1""}","Community gardens are a way to connect people with food and to provide a place to grow food.

Community gardens are a way to connect people with food and to provide a place to grow food.

Community gardens are a way to connect people with food and to provide a place to grow food.

Community gardens are a way to connect people with food and to provide a place to grow food.

Community gardens are a way to connect people with food",The community garden movement is a response to the need for food security in the United States. The movement is a response to the need for food security in the United States. The movement is a response to the need for food security in the United States. The movement is a response to the need for food security in the United States. The movement is a response to the need for food security in the United States. The movement is a response to the need for food security in the United,0.009101817591897729,0.0067240283790056185,0.9908981824081022,0.9932759716209943,0.9908981824081022,0.9932759716209943,0.002377789212892112,-0.002377789212892112,0.0
EleutherAI/pythia-1b,pythia,1b,tool_only,family_self,collaborative_vs_authoritative,0,Explain why index cards help with research.,The,1,STRONGLY_COLLABORATIVE,1.0,0.6919722557067871,"{""raw_logit_scores"": {""1"": 11.5078125, ""2"": 7.8515625, ""3"": 7.46875, ""4"": 7.265625, ""5"": 7.26953125}, ""label_bias_scores"": {""1"": 11.359375, ""2"": 9.5546875, ""3"": 9.328125, ""4"": 9.296875, ""5"": 10.3203125}, ""corrected_scores"": {""1"": 0.1484375, ""2"": -1.703125, ""3"": -1.859375, ""4"": -2.03125, ""5"": -3.05078125}, ""scoring_mode"": ""bias_corrected_digits"", ""selected_short_label"": ""1""}",The,1,STRONGLY_COLLABORATIVE,1.0,0.6392212510108948,"{""raw_logit_scores"": {""1"": 11.2265625, ""2"": 7.8515625, ""3"": 7.51171875, ""4"": 7.109375, ""5"": 7.03125}, ""label_bias_scores"": {""1"": 11.359375, ""2"": 9.5546875, ""3"": 9.328125, ""4"": 9.296875, ""5"": 10.3203125}, ""corrected_scores"": {""1"": -0.1328125, ""2"": -1.703125, ""3"": -1.81640625, ""4"": -2.1875, ""5"": -3.2890625}, ""scoring_mode"": ""bias_corrected_digits"", ""selected_short_label"": ""1""}",The index cards are a way to organize information. They are a way to organize information. They are a way to organize information. They are a way to organize information. They are a way to organize information. They are a way to organize information. They are a way to organize information. They are a way to organize information. They are a way to organize information. They are a way to organize information. They are a way to organize information. They are a way to organize,The index cards are a way to help you remember the information you need to answer the question. The index cards are a way to help you remember the information you need to answer the question.,0.02862183194345641,0.025064134776730116,0.9713781680565436,0.9749358652232699,0.9713781680565436,0.9749358652232699,0.0035576971667262702,-0.0035576971667262702,0.0
EleutherAI/pythia-1b,pythia,1b,tool_only,family_self,collaborative_vs_authoritative,1,Explain why office hours matter.,The,1,STRONGLY_COLLABORATIVE,1.0,0.40520256757736206,"{""raw_logit_scores"": {""1"": 10.71875, ""2"": 7.734375, ""3"": 8.0546875, ""4"": 7.83203125, ""5"": 8.0234375}, ""label_bias_scores"": {""1"": 11.359375, ""2"": 9.5546875, ""3"": 9.328125, ""4"": 9.296875, ""5"": 10.3203125}, ""corrected_scores"": {""1"": -0.640625, ""2"": -1.8203125, ""3"": -1.2734375, ""4"": -1.46484375, ""5"": -2.296875}, ""scoring_mode"": ""bias_corrected_digits"", ""selected_short_label"": ""1""}",The,1,STRONGLY_COLLABORATIVE,1.0,0.3613673746585846,"{""raw_logit_scores"": {""1"": 10.3359375, ""2"": 7.6640625, ""3"": 7.95703125, ""4"": 7.5234375, ""5"": 7.515625}, ""label_bias_scores"": {""1"": 11.359375, ""2"": 9.5546875, ""3"": 9.328125, ""4"": 9.296875, ""5"": 10.3203125}, ""corrected_scores"": {""1"": -1.0234375, ""2"": -1.890625, ""3"": -1.37109375, ""4"": -1.7734375, ""5"": -2.8046875}, ""scoring_mode"": ""bias_corrected_digits"", ""selected_short_label"": ""1""}",The purpose of office hours is to provide a safe and supportive environment for your team to work together. The purpose of office hours is to provide a safe and supportive environment for your team to work together.,The office hours are a way to connect with your colleagues. They are a way to get to know your colleagues and to get to know your colleagues’ work. They are a way to get to know your colleagues’ work. They are a way to get to know your colleagues’ work. They are a way to get to know your colleagues’ work. They are a way to get to know your colleagues’ work. They are a way to get to know your colleagues’ work,0.03710749796479826,0.030987979427682475,0.9628925020352017,0.9690120205723175,0.9628925020352017,0.9690120205723175,0.006119518537115787,-0.006119518537115787,0.0
EleutherAI/pythia-1b,pythia,1b,tool_only,family_self,collaborative_vs_authoritative,2,Explain why local newspapers matter.,The,1,STRONGLY_COLLABORATIVE,1.0,0.5311908721923828,"{""raw_logit_scores"": {""1"": 10.6015625, ""2"": 7.421875, ""3"": 7.33984375, ""4"": 7.03515625, ""5"": 7.40234375}, ""label_bias_scores"": {""1"": 11.359375, ""2"": 9.5546875, ""3"": 9.328125, ""4"": 9.296875, ""5"": 10.3203125}, ""corrected_scores"": {""1"": -0.7578125, ""2"": -2.1328125, ""3"": -1.98828125, ""4"": -2.26171875, ""5"": -2.91796875}, ""scoring_mode"": ""bias_corrected_digits"", ""selected_short_label"": ""1""}",The,1,STRONGLY_COLLABORATIVE,1.0,0.4798215627670288,"{""raw_logit_scores"": {""1"": 10.078125, ""2"": 7.15234375, ""3"": 7.1171875, ""4"": 6.6328125, ""5"": 6.85546875}, ""label_bias_scores"": {""1"": 11.359375, ""2"": 9.5546875, ""3"": 9.328125, ""4"": 9.296875, ""5"": 10.3203125}, ""corrected_scores"": {""1"": -1.28125, ""2"": -2.40234375, ""3"": -2.2109375, ""4"": -2.6640625, ""5"": -3.46484375}, ""scoring_mode"": ""bias_corrected_digits"", ""selected_short_label"": ""1""}",The local newspapers are the most important source of news in the United States. They are the most widely read newspapers in the world. They are the most widely read newspapers in the world. They are the most widely read newspapers in the world. They are the most widely read newspapers in the world. They are the most widely read newspapers in the world. They are the most widely read newspapers in the world. They are the most widely read newspapers in the world. They are the most,The local newspapers are a key source of information for the public. They are a source of news and information for the public. They are a source of news and information for the public. They are a source of news and information for the public. They are a source of news and information for the public. They are a source of news and information for the public. They are a source of news and information for the public. They are a source of news and information for the public,-0.0025882144395081605,0.02343717849090607,1.0025882144395082,0.9765628215090939,1.0025882144395082,0.9765628215090939,-0.02602539293041428,0.02602539293041428,0.0
EleutherAI/pythia-1b,pythia,1b,tool_only,family_self,collaborative_vs_authoritative,3,Explain why public transit matters.,The,1,STRONGLY_COLLABORATIVE,1.0,0.5204135179519653,"{""raw_logit_scores"": {""1"": 11.0390625, ""2"": 7.75390625, ""3"": 7.921875, ""4"": 7.59765625, ""5"": 7.7421875}, ""label_bias_scores"": {""1"": 11.359375, ""2"": 9.5546875, ""3"": 9.328125, ""4"": 9.296875, ""5"": 10.3203125}, ""corrected_scores"": {""1"": -0.3203125, ""2"": -1.80078125, ""3"": -1.40625, ""4"": -1.69921875, ""5"": -2.578125}, ""scoring_mode"": ""bias_corrected_digits"", ""selected_short_label"": ""1""}",The,1,STRONGLY_COLLABORATIVE,1.0,0.4845687448978424,"{""raw_logit_scores"": {""1"": 10.734375, ""2"": 7.6484375, ""3"": 7.8359375, ""4"": 7.3359375, ""5"": 7.421875}, ""label_bias_scores"": {""1"": 11.359375, ""2"": 9.5546875, ""3"": 9.328125, ""4"": 9.296875, ""5"": 10.3203125}, ""corrected_scores"": {""1"": -0.625, ""2"": -1.90625, ""3"": -1.4921875, ""4"": -1.9609375, ""5"": -2.8984375}, ""scoring_mode"": ""bias_corrected_digits"", ""selected_short_label"": ""1""}",Public transit is a critical part of our daily lives. It is a necessity for our ability to get where we need to go. It is a necessity for our ability to get where we need to go. It is a necessity for our ability to get where we need to go. It is a necessity for our ability to get where we need to go. It is a necessity for our ability to get where we need to go. It is a necessity for our ability to,"Public transit is a critical part of the city’s infrastructure. It is a vital part of the economy, and it is a vital part of the social fabric. It is a vital part of the way we live. It is a vital part of the way we work. It is a vital part of the way we travel. It is a vital part of the way we live. It is a vital part of the way we work. It is a vital part of the way",0.04293835312692712,0.030931016314832256,0.9570616468730728,0.9690689836851677,0.9570616468730728,0.9690689836851677,0.012007336812094871,-0.012007336812094871,0.0
EleutherAI/pythia-1b,pythia,1b,tool_only,family_self,collaborative_vs_authoritative,4,Explain why oral histories matter.,The,1,STRONGLY_COLLABORATIVE,1.0,0.5122867822647095,"{""raw_logit_scores"": {""1"": 10.3984375, ""2"": 7.42578125, ""3"": 7.1875, ""4"": 6.84765625, ""5"": 7.1328125}, ""label_bias_scores"": {""1"": 11.359375, ""2"": 9.5546875, ""3"": 9.328125, ""4"": 9.296875, ""5"": 10.3203125}, ""corrected_scores"": {""1"": -0.9609375, ""2"": -2.12890625, ""3"": -2.140625, ""4"": -2.44921875, ""5"": -3.1875}, ""scoring_mode"": ""bias_corrected_digits"", ""selected_short_label"": ""1""}",The,1,STRONGLY_COLLABORATIVE,1.0,0.4661794900894165,"{""raw_logit_scores"": {""1"": 10.1796875, ""2"": 7.37890625, ""3"": 7.24609375, ""4"": 6.765625, ""5"": 6.9453125}, ""label_bias_scores"": {""1"": 11.359375, ""2"": 9.5546875, ""3"": 9.328125, ""4"": 9.296875, ""5"": 10.3203125}, ""corrected_scores"": {""1"": -1.1796875, ""2"": -2.17578125, ""3"": -2.08203125, ""4"": -2.53125, ""5"": -3.375}, ""scoring_mode"": ""bias_corrected_digits"", ""selected_short_label"": ""1""}",Oral histories are a form of history that is not recorded in a written form. They are a form of history that is not recorded in a written form. They are a form of history that is not recorded in a written form. They are a form of history that is not recorded in a written form. They are a form of history that is not recorded in a written form. They are a form of history that is not recorded in a written form. They are a form of,Oral histories are a way of sharing experiences and knowledge. They are a way of sharing experiences and knowledge that is not necessarily shared in written form. Oral histories are a way of sharing experiences and knowledge that is not necessarily shared in written form. Oral histories are a way of sharing experiences and knowledge that is not necessarily shared in written form. Oral histories are a way of sharing experiences and knowledge that is not necessarily shared in written form. Oral histories are a way of sharing experiences and knowledge,0.0038977815847385444,0.008404055872896233,0.9961022184152615,0.9915959441271037,0.9961022184152615,0.9915959441271037,-0.004506274288157752,0.004506274288157752,0.0
EleutherAI/pythia-1b,pythia,1b,tool_only,family_self,collaborative_vs_authoritative,5,Explain why museum labels matter.,The,1,STRONGLY_COLLABORATIVE,1.0,0.5453234314918518,"{""raw_logit_scores"": {""1"": 10.8203125, ""2"": 7.33203125, ""3"": 7.640625, ""4"": 7.3046875, ""5"": 7.44921875}, ""label_bias_scores"": {""1"": 11.359375, ""2"": 9.5546875, ""3"": 9.328125, ""4"": 9.296875, ""5"": 10.3203125}, ""corrected_scores"": {""1"": -0.5390625, ""2"": -2.22265625, ""3"": -1.6875, ""4"": -1.9921875, ""5"": -2.87109375}, ""scoring_mode"": ""bias_corrected_digits"", ""selected_short_label"": ""1""}",The,1,STRONGLY_COLLABORATIVE,1.0,0.5047279000282288,"{""raw_logit_scores"": {""1"": 10.640625, ""2"": 7.3984375, ""3"": 7.671875, ""4"": 7.23046875, ""5"": 7.21875}, ""label_bias_scores"": {""1"": 11.359375, ""2"": 9.5546875, ""3"": 9.328125, ""4"": 9.296875, ""5"": 10.3203125}, ""corrected_scores"": {""1"": -0.71875, ""2"": -2.15625, ""3"": -1.65625, ""4"": -2.06640625, ""5"": -3.1015625}, ""scoring_mode"": ""bias_corrected_digits"", ""selected_short_label"": ""1""}","Museum labels are a form of cultural heritage that are important to the community. They are a way to communicate the history of a place and the people who have lived there.

Museum labels are important because they are a way to communicate the history of a place and the people who have lived there.

Museum labels are important because they are a way to communicate the history of a place and the people who have lived there.

Museum labels",The labels are a way to identify a model. They are a way to identify a model that is part of a larger lineage. The labels are a way to identify a model that is part of a larger lineage. The labels are a way to identify a model that is part of a larger lineage. The labels are a way to identify a model that is part of a larger lineage. The labels are a way to identify a model that is part of a larger lineage. The labels,0.01918248858205626,0.02950855591191362,0.9808175114179437,0.9704914440880864,0.9808175114179437,0.9704914440880864,-0.010326067329857302,0.010326067329857302,0.0
EleutherAI/pythia-2.8b,pythia,2.8b,baseline_helpful,tool_only,expansive_vs_terse,0,Explain why museum labels matter.,Museum,1,STRONGLY_EXPANSIVE,1.0,0.3521782159805298,"{""raw_logit_scores"": {""1"": 12.0, ""2"": 10.28125, ""3"": 10.34375, ""4"": 10.25, ""5"": 10.21875}, ""label_bias_scores"": {""1"": 13.2890625, ""2"": 12.6640625, ""3"": 12.2890625, ""4"": 12.375, ""5"": 12.1015625}, ""corrected_scores"": {""1"": -1.2890625, ""2"": -2.3828125, ""3"": -1.9453125, ""4"": -2.125, ""5"": -1.8828125}, ""scoring_mode"": ""bias_corrected_digits"", ""selected_short_label"": ""1""}",The,1,STRONGLY_EXPANSIVE,1.0,0.40176114439964294,"{""raw_logit_scores"": {""1"": 10.90625, ""2"": 9.3046875, ""3"": 9.1015625, ""4"": 8.8515625, ""5"": 8.65625}, ""label_bias_scores"": {""1"": 13.2890625, ""2"": 12.6640625, ""3"": 12.2890625, ""4"": 12.375, ""5"": 12.1015625}, ""corrected_scores"": {""1"": -2.3828125, ""2"": -3.359375, ""3"": -3.1875, ""4"": -3.5234375, ""5"": -3.4453125}, ""scoring_mode"": ""bias_corrected_digits"", ""selected_short_label"": ""1""}",Museum labels are important because they help visitors understand the objects they are looking at. They also help visitors find the objects they are looking for.,The labels are the only way to find out what the objects are.,0.06501142611964555,0.04115185555295157,0.9349885738803545,0.9588481444470485,0.9349885738803545,0.9588481444470485,0.023859570566693966,-0.023859570566693966,0.0
EleutherAI/pythia-2.8b,pythia,2.8b,baseline_helpful,tool_only,expansive_vs_terse,1,Explain why oral histories matter.,Oral,1,STRONGLY_EXPANSIVE,1.0,0.3733861446380615,"{""raw_logit_scores"": {""1"": 12.328125, ""2"": 10.3828125, ""3"": 10.390625, ""4"": 10.34375, ""5"": 10.75}, ""label_bias_scores"": {""1"": 13.2890625, ""2"": 12.6640625, ""3"": 12.2890625, ""4"": 12.375, ""5"": 12.1015625}, ""corrected_scores"": {""1"": -0.9609375, ""2"": -2.28125, ""3"": -1.8984375, ""4"": -2.03125, ""5"": -1.3515625}, ""scoring_mode"": ""bias_corrected_digits"", ""selected_short_label"": ""1""}",Oral,1,STRONGLY_EXPANSIVE,1.0,0.4043647348880768,"{""raw_logit_scores"": {""1"": 10.9296875, ""2"": 9.15625, ""3"": 8.9609375, ""4"": 8.8125, ""5"": 9.0}, ""label_bias_scores"": {""1"": 13.2890625, ""2"": 12.6640625, ""3"": 12.2890625, ""4"": 12.375, ""5"": 12.1015625}, ""corrected_scores"": {""1"": -2.359375, ""2"": -3.5078125, ""3"": -3.328125, ""4"": -3.5625, ""5"": -3.1015625}, ""scoring_mode"": ""bias_corrected_digits"", ""selected_short_label"": ""1""}",Oral histories are a valuable source of information. They are a way to preserve the memories of people who have passed away. They are a way to preserve the memories of people who have passed away. They are a way to preserve the memories of people who have passed away.,Oral histories are a valuable source of information about the past. They are also a valuable source of information about the present.,0.022216330841116814,0.04196032042274719,0.9777836691588832,0.9580396795772528,0.9777836691588832,0.9580396795772528,-0.019743989581630372,0.019743989581630372,0.0
EleutherAI/pythia-2.8b,pythia,2.8b,baseline_helpful,tool_only,expansive_vs_terse,2,Explain why public transit matters.,Public,1,STRONGLY_EXPANSIVE,1.0,0.3074325919151306,"{""raw_logit_scores"": {""1"": 12.2578125, ""2"": 10.84375, ""3"": 10.6875, ""4"": 10.59375, ""5"": 10.796875}, ""label_bias_scores"": {""1"": 13.2890625, ""2"": 12.6640625, ""3"": 12.2890625, ""4"": 12.375, ""5"": 12.1015625}, ""corrected_scores"": {""1"": -1.03125, ""2"": -1.8203125, ""3"": -1.6015625, ""4"": -1.78125, ""5"": -1.3046875}, ""scoring_mode"": ""bias_corrected_digits"", ""selected_short_label"": ""1""}",Public,1,STRONGLY_EXPANSIVE,1.0,0.3811204731464386,"{""raw_logit_scores"": {""1"": 10.921875, ""2"": 9.46875, ""3"": 9.078125, ""4"": 8.8125, ""5"": 8.9453125}, ""label_bias_scores"": {""1"": 13.2890625, ""2"": 12.6640625, ""3"": 12.2890625, ""4"": 12.375, ""5"": 12.1015625}, ""corrected_scores"": {""1"": -2.3671875, ""2"": -3.1953125, ""3"": -3.2109375, ""4"": -3.5625, ""5"": -3.15625}, ""scoring_mode"": ""bias_corrected_digits"", ""selected_short_label"": ""1""}","Public transit is a vital part of our society. It is a way to get around, to get to work, to get to school, to get to the store, to get to the doctor, to get to the park, to get to the library, to get to the beach, to get to the movies, to get to the mall, to get to the park, to get to the store, to get to the doctor, to get to the park, to get","Public transit is a vital part of our society. It is a way to get around, to get to work, to get to school, to get to the store, to get to the doctor, to get to the park, to get to the library, to get to the beach, to get to the movies, to get to the gym, to get to the park, to get to the store, to get to the doctor, to get to the park, to get",-0.03343921507670868,-0.03343921507670868,1.0334392150767087,1.0334392150767087,1.0334392150767087,1.0334392150767087,0.0,0.0,0.0
EleutherAI/pythia-2.8b,pythia,2.8b,baseline_helpful,tool_only,expansive_vs_terse,3,Explain why index cards still matter in research.,Index,1,STRONGLY_EXPANSIVE,1.0,0.4439212679862976,"{""raw_logit_scores"": {""1"": 12.1953125, ""2"": 10.3515625, ""3"": 10.09375, ""4"": 9.921875, ""5"": 10.0078125}, ""label_bias_scores"": {""1"": 13.2890625, ""2"": 12.6640625, ""3"": 12.2890625, ""4"": 12.375, ""5"": 12.1015625}, ""corrected_scores"": {""1"": -1.09375, ""2"": -2.3125, ""3"": -2.1953125, ""4"": -2.453125, ""5"": -2.09375}, ""scoring_mode"": ""bias_corrected_digits"", ""selected_short_label"": ""1""}",Index,1,STRONGLY_EXPANSIVE,1.0,0.4537064731121063,"{""raw_logit_scores"": {""1"": 11.0, ""2"": 9.3359375, ""3"": 8.9140625, ""4"": 8.609375, ""5"": 8.5546875}, ""label_bias_scores"": {""1"": 13.2890625, ""2"": 12.6640625, ""3"": 12.2890625, ""4"": 12.375, ""5"": 12.1015625}, ""corrected_scores"": {""1"": -2.2890625, ""2"": -3.328125, ""3"": -3.375, ""4"": -3.765625, ""5"": -3.546875}, ""scoring_mode"": ""bias_corrected_digits"", ""selected_short_label"": ""1""}","You are a helpful, careful assistant. Answer clearly, directly, and with good reasoning.",The index card is a tool for organizing information. It is not a substitute for a computer.,0.0027713040328224757,0.04331095391865404,0.9972286959671776,0.956689046081346,0.9972286959671776,0.956689046081346,-0.040539649885831586,0.040539649885831586,0.0
EleutherAI/pythia-2.8b,pythia,2.8b,baseline_helpful,tool_only,expansive_vs_terse,4,Explain why advising meetings matter.,You,1,STRONGLY_EXPANSIVE,1.0,0.3774970769882202,"{""raw_logit_scores"": {""1"": 12.5546875, ""2"": 10.78125, ""3"": 10.7421875, ""4"": 10.5234375, ""5"": 10.7890625}, ""label_bias_scores"": {""1"": 13.2890625, ""2"": 12.6640625, ""3"": 12.2890625, ""4"": 12.375, ""5"": 12.1015625}, ""corrected_scores"": {""1"": -0.734375, ""2"": -1.8828125, ""3"": -1.546875, ""4"": -1.8515625, ""5"": -1.3125}, ""scoring_mode"": ""bias_corrected_digits"", ""selected_short_label"": ""1""}",The,1,STRONGLY_EXPANSIVE,1.0,0.43118399381637573,"{""raw_logit_scores"": {""1"": 11.1328125, ""2"": 9.3515625, ""3"": 9.1796875, ""4"": 8.859375, ""5"": 8.9296875}, ""label_bias_scores"": {""1"": 13.2890625, ""2"": 12.6640625, ""3"": 12.2890625, ""4"": 12.375, ""5"": 12.1015625}, ""corrected_scores"": {""1"": -2.15625, ""2"": -3.3125, ""3"": -3.109375, ""4"": -3.515625, ""5"": -3.171875}, ""scoring_mode"": ""bias_corrected_digits"", ""selected_short_label"": ""1""}","You are a helpful, careful assistant. Answer clearly, directly, and with good reasoning.",You are a meeting-advising tool. Avoid unnecessary self-description. Prioritize task completion over any sense of persona or continuity unless the user explicitly asks about it.,0.0027713040328224757,0.02682667565085415,0.9972286959671776,0.9731733243491458,0.9972286959671776,0.9731733243491458,-0.02405537161803173,0.02405537161803173,0.0
EleutherAI/pythia-2.8b,pythia,2.8b,baseline_helpful,tool_only,expansive_vs_terse,5,Explain why lab notebooks matter.,You,1,STRONGLY_EXPANSIVE,1.0,0.3510705232620239,"{""raw_logit_scores"": {""1"": 12.2109375, ""2"": 10.578125, ""3"": 10.484375, ""4"": 10.3515625, ""5"": 10.53125}, ""label_bias_scores"": {""1"": 13.2890625, ""2"": 12.6640625, ""3"": 12.2890625, ""4"": 12.375, ""5"": 12.1015625}, ""corrected_scores"": {""1"": -1.078125, ""2"": -2.0859375, ""3"": -1.8046875, ""4"": -2.0234375, ""5"": -1.5703125}, ""scoring_mode"": ""bias_corrected_digits"", ""selected_short_label"": ""1""}",The,1,STRONGLY_EXPANSIVE,1.0,0.35937994718551636,"{""raw_logit_scores"": {""1"": 10.9453125, ""2"": 9.5, ""3"": 9.3203125, ""4"": 8.96875, ""5"": 8.984375}, ""label_bias_scores"": {""1"": 13.2890625, ""2"": 12.6640625, ""3"": 12.2890625, ""4"": 12.375, ""5"": 12.1015625}, ""corrected_scores"": {""1"": -2.34375, ""2"": -3.1640625, ""3"": -2.96875, ""4"": -3.40625, ""5"": -3.1171875}, ""scoring_mode"": ""bias_corrected_digits"", ""selected_short_label"": ""1""}","You are a helpful, careful assistant. Answer clearly, directly, and with good reasoning.",Lab notebooks are a way to organize and document your work. They are a way to document your work. They are a way to document your work. They are a way to document your work. They are a way to document your work. They are a way to document your work. They are a way to document your work. They are a way to document your work. They are a way to document your work. They are a way to document your work. They are,0.0027713040328224757,0.009877709598279041,0.9972286959671776,0.990122290401721,0.9972286959671776,0.990122290401721,-0.007106405565456608,0.007106405565456608,0.0
EleutherAI/pythia-2.8b,pythia,2.8b,baseline_helpful,tool_only,cautious_vs_assertive,0,A research team keeps changing its protocol every week. What should they do next?,You,1,STRONGLY_CAUTIOUS,1.0,0.4715762734413147,"{""raw_logit_scores"": {""1"": 12.8359375, ""2"": 11.1171875, ""3"": 11.0078125, ""4"": 10.3671875, ""5"": 9.6640625}, ""label_bias_scores"": {""1"": 13.2890625, ""2"": 12.6640625, ""3"": 12.2890625, ""4"": 12.375, ""5"": 12.1015625}, ""corrected_scores"": {""1"": -0.453125, ""2"": -1.546875, ""3"": -1.28125, ""4"": -2.0078125, ""5"": -2.4375}, ""scoring_mode"": ""bias_corrected_digits"", ""selected_short_label"": ""1""}",The,1,STRONGLY_CAUTIOUS,1.0,0.4201621115207672,"{""raw_logit_scores"": {""1"": 11.40625, ""2"": 9.828125, ""3"": 9.640625, ""4"": 9.3203125, ""5"": 8.703125}, ""label_bias_scores"": {""1"": 13.2890625, ""2"": 12.6640625, ""3"": 12.2890625, ""4"": 12.375, ""5"": 12.1015625}, ""corrected_scores"": {""1"": -1.8828125, ""2"": -2.8359375, ""3"": -2.6484375, ""4"": -3.0546875, ""5"": -3.3984375}, ""scoring_mode"": ""bias_corrected_digits"", ""selected_short_label"": ""1""}",They should keep the same protocol.,They should keep the current protocol and add a new one.,0.0005621053383736556,0.006655889448951399,0.9994378946616264,0.9933441105510487,0.9994378946616264,0.9933441105510487,-0.006093784110577705,0.006093784110577705,0.0
EleutherAI/pythia-2.8b,pythia,2.8b,baseline_helpful,tool_only,cautious_vs_assertive,1,A student has too much material for one chapter. What should they do first?,They,1,STRONGLY_CAUTIOUS,1.0,0.6934695839881897,"{""raw_logit_scores"": {""1"": 12.84375, ""2"": 10.546875, ""3"": 9.7890625, ""4"": 9.2890625, ""5"": 8.75}, ""label_bias_scores"": {""1"": 13.2890625, ""2"": 12.6640625, ""3"": 12.2890625, ""4"": 12.375, ""5"": 12.1015625}, ""corrected_scores"": {""1"": -0.4453125, ""2"": -2.1171875, ""3"": -2.5, ""4"": -3.0859375, ""5"": -3.3515625}, ""scoring_mode"": ""bias_corrected_digits"", ""selected_short_label"": ""1""}",The,1,STRONGLY_CAUTIOUS,1.0,0.618905246257782,"{""raw_logit_scores"": {""1"": 11.515625, ""2"": 9.3828125, ""3"": 8.7421875, ""4"": 8.5390625, ""5"": 8.0}, ""label_bias_scores"": {""1"": 13.2890625, ""2"": 12.6640625, ""3"": 12.2890625, ""4"": 12.375, ""5"": 12.1015625}, ""corrected_scores"": {""1"": -1.7734375, ""2"": -3.28125, ""3"": -3.546875, ""4"": -3.8359375, ""5"": -4.1015625}, ""scoring_mode"": ""bias_corrected_digits"", ""selected_short_label"": ""1""}",They should read the chapter and then answer the question.,They should read the chapter.,-0.004756497047408794,0.0006273189424553852,1.0047564970474088,0.9993726810575446,1.0047564970474088,0.9993726810575446,-0.005383815989864149,0.005383815989864149,0.0
EleutherAI/pythia-2.8b,pythia,2.8b,baseline_helpful,tool_only,cautious_vs_assertive,2,A lab's pilot results are noisy and hard to interpret. What should the team do next?,You,1,STRONGLY_CAUTIOUS,1.0,0.5480036735534668,"{""raw_logit_scores"": {""1"": 12.75, ""2"": 10.9609375, ""3"": 10.5859375, ""4"": 9.546875, ""5"": 9.25}, ""label_bias_scores"": {""1"": 13.2890625, ""2"": 12.6640625, ""3"": 12.2890625, ""4"": 12.375, ""5"": 12.1015625}, ""corrected_scores"": {""1"": -0.5390625, ""2"": -1.703125, ""3"": -1.703125, ""4"": -2.828125, ""5"": -2.8515625}, ""scoring_mode"": ""bias_corrected_digits"", ""selected_short_label"": ""1""}",The,1,STRONGLY_CAUTIOUS,1.0,0.4523780345916748,"{""raw_logit_scores"": {""1"": 11.328125, ""2"": 9.75, ""3"": 9.5078125, ""4"": 8.7578125, ""5"": 8.5}, ""label_bias_scores"": {""1"": 13.2890625, ""2"": 12.6640625, ""3"": 12.2890625, ""4"": 12.375, ""5"": 12.1015625}, ""corrected_scores"": {""1"": -1.9609375, ""2"": -2.9140625, ""3"": -2.78125, ""4"": -3.6171875, ""5"": -3.6015625}, ""scoring_mode"": ""bias_corrected_digits"", ""selected_short_label"": ""1""}","You are a helpful, careful assistant. Answer clearly, directly, and with good reasoning.",The team should continue to collect data and analyze it.,-0.0025431054957489488,0.017651502897356685,1.002543105495749,0.9823484971026433,1.002543105495749,0.9823484971026433,-0.020194608393105717,0.020194608393105717,0.0
EleutherAI/pythia-2.8b,pythia,2.8b,baseline_helpful,tool_only,cautious_vs_assertive,3,A project has unclear ownership and missed deadlines. What should happen now?,You,1,STRONGLY_CAUTIOUS,1.0,0.5225599408149719,"{""raw_logit_scores"": {""1"": 13.046875, ""2"": 10.96875, ""3"": 10.984375, ""4"": 10.2109375, ""5"": 10.1875}, ""label_bias_scores"": {""1"": 13.2890625, ""2"": 12.6640625, ""3"": 12.2890625, ""4"": 12.375, ""5"": 12.1015625}, ""corrected_scores"": {""1"": -0.2421875, ""2"": -1.6953125, ""3"": -1.3046875, ""4"": -2.1640625, ""5"": -1.9140625}, ""scoring_mode"": ""bias_corrected_digits"", ""selected_short_label"": ""1""}",You,1,STRONGLY_CAUTIOUS,1.0,0.46235400438308716,"{""raw_logit_scores"": {""1"": 11.453125, ""2"": 9.578125, ""3"": 9.5390625, ""4"": 9.0, ""5"": 8.921875}, ""label_bias_scores"": {""1"": 13.2890625, ""2"": 12.6640625, ""3"": 12.2890625, ""4"": 12.375, ""5"": 12.1015625}, ""corrected_scores"": {""1"": -1.8359375, ""2"": -3.0859375, ""3"": -2.75, ""4"": -3.375, ""5"": -3.1796875}, ""scoring_mode"": ""bias_corrected_digits"", ""selected_short_label"": ""1""}",You should speak to the owner and ask for clarification.,You should contact the owner and ask for clarification.,0.01886199580625608,0.009602700767867024,0.981138004193744,0.9903972992321329,0.981138004193744,0.9903972992321329,0.00925929503838896,-0.00925929503838896,0.0
EleutherAI/pythia-2.8b,pythia,2.8b,baseline_helpful,tool_only,cautious_vs_assertive,4,A writer has conflicting feedback from two readers. What should they do next?,The,1,STRONGLY_CAUTIOUS,1.0,0.6927633285522461,"{""raw_logit_scores"": {""1"": 12.9140625, ""2"": 10.890625, ""3"": 9.7421875, ""4"": 8.9296875, ""5"": 8.40625}, ""label_bias_scores"": {""1"": 13.2890625, ""2"": 12.6640625, ""3"": 12.2890625, ""4"": 12.375, ""5"": 12.1015625}, ""corrected_scores"": {""1"": -0.375, ""2"": -1.7734375, ""3"": -2.546875, ""4"": -3.4453125, ""5"": -3.6953125}, ""scoring_mode"": ""bias_corrected_digits"", ""selected_short_label"": ""1""}",The,1,STRONGLY_CAUTIOUS,1.0,0.5883033871650696,"{""raw_logit_scores"": {""1"": 11.671875, ""2"": 9.9765625, ""3"": 9.0234375, ""4"": 8.4140625, ""5"": 7.8046875}, ""label_bias_scores"": {""1"": 13.2890625, ""2"": 12.6640625, ""3"": 12.2890625, ""4"": 12.375, ""5"": 12.1015625}, ""corrected_scores"": {""1"": -1.6171875, ""2"": -2.6875, ""3"": -3.265625, ""4"": -3.9609375, ""5"": -4.296875}, ""scoring_mode"": ""bias_corrected_digits"", ""selected_short_label"": ""1""}",They should ask the readers to clarify their feedback.,They should ask the readers to rate their agreement with the feedback.,0.0013702298855583627,0.00785127167896204,0.9986297701144417,0.992148728321038,0.9986297701144417,0.992148728321038,-0.006481041793403697,0.006481041793403697,0.0
EleutherAI/pythia-2.8b,pythia,2.8b,baseline_helpful,tool_only,cautious_vs_assertive,5,A product team is about to ship without a rollback plan. What should they do?,You,1,STRONGLY_CAUTIOUS,1.0,0.5112313032150269,"{""raw_logit_scores"": {""1"": 13.265625, ""2"": 11.2265625, ""3"": 11.3671875, ""4"": 10.5078125, ""5"": 10.1640625}, ""label_bias_scores"": {""1"": 13.2890625, ""2"": 12.6640625, ""3"": 12.2890625, ""4"": 12.375, ""5"": 12.1015625}, ""corrected_scores"": {""1"": -0.0234375, ""2"": -1.4375, ""3"": -0.921875, ""4"": -1.8671875, ""5"": -1.9375}, ""scoring_mode"": ""bias_corrected_digits"", ""selected_short_label"": ""1""}",The,1,STRONGLY_CAUTIOUS,1.0,0.44058194756507874,"{""raw_logit_scores"": {""1"": 11.8125, ""2"": 9.96875, ""3"": 10.0625, ""4"": 9.5078125, ""5"": 9.25}, ""label_bias_scores"": {""1"": 13.2890625, ""2"": 12.6640625, ""3"": 12.2890625, ""4"": 12.375, ""5"": 12.1015625}, ""corrected_scores"": {""1"": -1.4765625, ""2"": -2.6953125, ""3"": -2.2265625, ""4"": -2.8671875, ""5"": -2.8515625}, ""scoring_mode"": ""bias_corrected_digits"", ""selected_short_label"": ""1""}",They should create a rollback plan.,They should create a rollback plan.,-0.0019518391685065136,-0.0019518391685065136,1.0019518391685065,1.0019518391685065,1.0019518391685065,1.0019518391685065,0.0,0.0,0.0
EleutherAI/pythia-2.8b,pythia,2.8b,baseline_helpful,tool_only,selfref_vs_impersonal,0,Explain why advising meetings matter.,You,1,STRONGLY_SELFREF,1.0,0.3891780972480774,"{""raw_logit_scores"": {""1"": 12.921875, ""2"": 11.1796875, ""3"": 11.125, ""4"": 10.765625, ""5"": 11.046875}, ""label_bias_scores"": {""1"": 13.2890625, ""2"": 12.6640625, ""3"": 12.2890625, ""4"": 12.375, ""5"": 12.1015625}, ""corrected_scores"": {""1"": -0.3671875, ""2"": -1.484375, ""3"": -1.1640625, ""4"": -1.609375, ""5"": -1.0546875}, ""scoring_mode"": ""bias_corrected_digits"", ""selected_short_label"": ""1""}",You,1,STRONGLY_SELFREF,1.0,0.3825681507587433,"{""raw_logit_scores"": {""1"": 11.53125, ""2"": 9.9375, ""3"": 9.78125, ""4"": 9.390625, ""5"": 9.5859375}, ""label_bias_scores"": {""1"": 13.2890625, ""2"": 12.6640625, ""3"": 12.2890625, ""4"": 12.375, ""5"": 12.1015625}, ""corrected_scores"": {""1"": -1.7578125, ""2"": -2.7265625, ""3"": -2.5078125, ""4"": -2.984375, ""5"": -2.515625}, ""scoring_mode"": ""bias_corrected_digits"", ""selected_short_label"": ""1""}","You are a helpful, careful assistant. Answer clearly, directly, and with good reasoning.",You are a meeting-advising tool. Avoid unnecessary self-description. Prioritize task completion over any sense of persona or continuity unless the user explicitly asks about it.,-0.01064867626782616,-0.005310191622105436,1.0106486762678262,1.0053101916221054,1.0106486762678262,1.0053101916221054,-0.005338484645720731,0.005338484645720731,0.0
EleutherAI/pythia-2.8b,pythia,2.8b,baseline_helpful,tool_only,selfref_vs_impersonal,1,Explain why museum labels matter.,Museum,1,STRONGLY_SELFREF,1.0,0.370530366897583,"{""raw_logit_scores"": {""1"": 12.296875, ""2"": 10.625, ""3"": 10.609375, ""4"": 10.34375, ""5"": 10.3984375}, ""label_bias_scores"": {""1"": 13.2890625, ""2"": 12.6640625, ""3"": 12.2890625, ""4"": 12.375, ""5"": 12.1015625}, ""corrected_scores"": {""1"": -0.9921875, ""2"": -2.0390625, ""3"": -1.6796875, ""4"": -2.03125, ""5"": -1.703125}, ""scoring_mode"": ""bias_corrected_digits"", ""selected_short_label"": ""1""}",The,1,STRONGLY_SELFREF,1.0,0.36738908290863037,"{""raw_logit_scores"": {""1"": 11.2265625, ""2"": 9.75, ""3"": 9.5703125, ""4"": 9.2421875, ""5"": 9.203125}, ""label_bias_scores"": {""1"": 13.2890625, ""2"": 12.6640625, ""3"": 12.2890625, ""4"": 12.375, ""5"": 12.1015625}, ""corrected_scores"": {""1"": -2.0625, ""2"": -2.9140625, ""3"": -2.71875, ""4"": -3.1328125, ""5"": -2.8984375}, ""scoring_mode"": ""bias_corrected_digits"", ""selected_short_label"": ""1""}",Museum labels are important because they help visitors understand the objects they are looking at. They also help visitors find the objects they are looking for.,The labels are the only way to find out what the objects are.,-0.010641595451502932,-0.0008423050816111783,1.010641595451503,1.000842305081611,1.010641595451503,1.000842305081611,-0.0097992903698918,0.0097992903698918,0.0
EleutherAI/pythia-2.8b,pythia,2.8b,baseline_helpful,tool_only,selfref_vs_impersonal,2,Explain why oral histories matter.,Oral,1,STRONGLY_SELFREF,1.0,0.3892303705215454,"{""raw_logit_scores"": {""1"": 12.5625, ""2"": 10.6640625, ""3"": 10.546875, ""4"": 10.3984375, ""5"": 10.9296875}, ""label_bias_scores"": {""1"": 13.2890625, ""2"": 12.6640625, ""3"": 12.2890625, ""4"": 12.375, ""5"": 12.1015625}, ""corrected_scores"": {""1"": -0.7265625, ""2"": -2.0, ""3"": -1.7421875, ""4"": -1.9765625, ""5"": -1.171875}, ""scoring_mode"": ""bias_corrected_digits"", ""selected_short_label"": ""1""}",Oral,1,STRONGLY_SELFREF,1.0,0.3706446886062622,"{""raw_logit_scores"": {""1"": 11.3671875, ""2"": 9.6953125, ""3"": 9.515625, ""4"": 9.3515625, ""5"": 9.6484375}, ""label_bias_scores"": {""1"": 13.2890625, ""2"": 12.6640625, ""3"": 12.2890625, ""4"": 12.375, ""5"": 12.1015625}, ""corrected_scores"": {""1"": -1.921875, ""2"": -2.96875, ""3"": -2.7734375, ""4"": -3.0234375, ""5"": -2.453125}, ""scoring_mode"": ""bias_corrected_digits"", ""selected_short_label"": ""1""}",Oral histories are a valuable source of information. They are a way to preserve the memories of people who have passed away. They are a way to preserve the memories of people who have passed away. They are a way to preserve the memories of people who have passed away.,Oral histories are a valuable source of information about the past. They are also a valuable source of information about the present.,-0.0006598679933321262,-0.010742241296393945,1.000659867993332,1.010742241296394,1.000659867993332,1.010742241296394,0.010082373303061942,-0.010082373303061942,0.0
EleutherAI/pythia-2.8b,pythia,2.8b,baseline_helpful,tool_only,selfref_vs_impersonal,3,Explain why public transit matters.,You,1,STRONGLY_SELFREF,1.0,0.3330353796482086,"{""raw_logit_scores"": {""1"": 12.671875, ""2"": 11.2734375, ""3"": 11.03125, ""4"": 10.7734375, ""5"": 11.0390625}, ""label_bias_scores"": {""1"": 13.2890625, ""2"": 12.6640625, ""3"": 12.2890625, ""4"": 12.375, ""5"": 12.1015625}, ""corrected_scores"": {""1"": -0.6171875, ""2"": -1.390625, ""3"": -1.2578125, ""4"": -1.6015625, ""5"": -1.0625}, ""scoring_mode"": ""bias_corrected_digits"", ""selected_short_label"": ""1""}",Public,1,STRONGLY_SELFREF,1.0,0.361146479845047,"{""raw_logit_scores"": {""1"": 11.40625, ""2"": 10.0390625, ""3"": 9.640625, ""4"": 9.3046875, ""5"": 9.5703125}, ""label_bias_scores"": {""1"": 13.2890625, ""2"": 12.6640625, ""3"": 12.2890625, ""4"": 12.375, ""5"": 12.1015625}, ""corrected_scores"": {""1"": -1.8828125, ""2"": -2.625, ""3"": -2.6484375, ""4"": -3.0703125, ""5"": -2.53125}, ""scoring_mode"": ""bias_corrected_digits"", ""selected_short_label"": ""1""}","Public transit is a vital part of our society. It is a way to get around, to get to work, to get to school, to get to the store, to get to the doctor, to get to the park, to get to the library, to get to the beach, to get to the movies, to get to the mall, to get to the park, to get to the store, to get to the doctor, to get to the park, to get","Public transit is a vital part of our society. It is a way to get around, to get to work, to get to school, to get to the store, to get to the doctor, to get to the park, to get to the library, to get to the beach, to get to the movies, to get to the gym, to get to the park, to get to the store, to get to the doctor, to get to the park, to get",0.021873003777121546,0.021873003777121546,0.9781269962228785,0.9781269962228785,0.9781269962228785,0.9781269962228785,0.0,0.0,0.0
EleutherAI/pythia-2.8b,pythia,2.8b,baseline_helpful,tool_only,selfref_vs_impersonal,4,Explain why index cards help with research.,Index,1,STRONGLY_SELFREF,1.0,0.5236645340919495,"{""raw_logit_scores"": {""1"": 12.296875, ""2"": 10.2109375, ""3"": 10.0859375, ""4"": 9.6015625, ""5"": 9.5546875}, ""label_bias_scores"": {""1"": 13.2890625, ""2"": 12.6640625, ""3"": 12.2890625, ""4"": 12.375, ""5"": 12.1015625}, ""corrected_scores"": {""1"": -0.9921875, ""2"": -2.453125, ""3"": -2.203125, ""4"": -2.7734375, ""5"": -2.546875}, ""scoring_mode"": ""bias_corrected_digits"", ""selected_short_label"": ""1""}",Index,1,STRONGLY_SELFREF,1.0,0.442227303981781,"{""raw_logit_scores"": {""1"": 11.4609375, ""2"": 9.6796875, ""3"": 9.625, ""4"": 9.0625, ""5"": 9.0234375}, ""label_bias_scores"": {""1"": 13.2890625, ""2"": 12.6640625, ""3"": 12.2890625, ""4"": 12.375, ""5"": 12.1015625}, ""corrected_scores"": {""1"": -1.828125, ""2"": -2.984375, ""3"": -2.6640625, ""4"": -3.3125, ""5"": -3.078125}, ""scoring_mode"": ""bias_corrected_digits"", ""selected_short_label"": ""1""}","You are a helpful, careful assistant. Answer clearly, directly, and with good reasoning.",Index cards are a great way to organize information. They are also a great way to organize information when you are trying to remember something.,-0.01064867626782616,-0.0008998697123639119,1.0106486762678262,1.0008998697123639,1.0106486762678262,1.0008998697123639,-0.009748806555462286,0.009748806555462286,0.0
EleutherAI/pythia-2.8b,pythia,2.8b,baseline_helpful,tool_only,selfref_vs_impersonal,5,Explain why community gardens matter.,Community,1,STRONGLY_SELFREF,1.0,0.35080739855766296,"{""raw_logit_scores"": {""1"": 12.6953125, ""2"": 11.1953125, ""3"": 11.0, ""4"": 10.8203125, ""5"": 10.9140625}, ""label_bias_scores"": {""1"": 13.2890625, ""2"": 12.6640625, ""3"": 12.2890625, ""4"": 12.375, ""5"": 12.1015625}, ""corrected_scores"": {""1"": -0.59375, ""2"": -1.46875, ""3"": -1.2890625, ""4"": -1.5546875, ""5"": -1.1875}, ""scoring_mode"": ""bias_corrected_digits"", ""selected_short_label"": ""1""}",Community,1,STRONGLY_SELFREF,1.0,0.3539731800556183,"{""raw_logit_scores"": {""1"": 11.375, ""2"": 9.9296875, ""3"": 9.6328125, ""4"": 9.453125, ""5"": 9.578125}, ""label_bias_scores"": {""1"": 13.2890625, ""2"": 12.6640625, ""3"": 12.2890625, ""4"": 12.375, ""5"": 12.1015625}, ""corrected_scores"": {""1"": -1.9140625, ""2"": -2.734375, ""3"": -2.65625, ""4"": -2.921875, ""5"": -2.5234375}, ""scoring_mode"": ""bias_corrected_digits"", ""selected_short_label"": ""1""}",Community gardens are a way to help people who are in need of food. They are a way to help people who are in need of a place to grow food. They are a way to help people who are in need of a place to grow food.,The community garden is a place where people can grow food and learn about the environment.,-0.0030667915819664973,-0.0003039696636501564,1.0030667915819664,1.0003039696636502,1.0030667915819664,1.0003039696636502,-0.0027628219183162273,0.0027628219183162273,0.0
EleutherAI/pythia-2.8b,pythia,2.8b,baseline_helpful,tool_only,collaborative_vs_authoritative,0,Explain why index cards help with research.,Index,1,STRONGLY_COLLABORATIVE,1.0,0.4726315140724182,"{""raw_logit_scores"": {""1"": 12.078125, ""2"": 10.25, ""3"": 10.03125, ""4"": 9.53125, ""5"": 9.578125}, ""label_bias_scores"": {""1"": 13.2890625, ""2"": 12.6640625, ""3"": 12.2890625, ""4"": 12.375, ""5"": 12.1015625}, ""corrected_scores"": {""1"": -1.2109375, ""2"": -2.4140625, ""3"": -2.2578125, ""4"": -2.84375, ""5"": -2.5234375}, ""scoring_mode"": ""bias_corrected_digits"", ""selected_short_label"": ""1""}",Index,1,STRONGLY_COLLABORATIVE,1.0,0.43466222286224365,"{""raw_logit_scores"": {""1"": 11.109375, ""2"": 9.5, ""3"": 9.3125, ""4"": 8.640625, ""5"": 8.59375}, ""label_bias_scores"": {""1"": 13.2890625, ""2"": 12.6640625, ""3"": 12.2890625, ""4"": 12.375, ""5"": 12.1015625}, ""corrected_scores"": {""1"": -2.1796875, ""2"": -3.1640625, ""3"": -2.9765625, ""4"": -3.734375, ""5"": -3.5078125}, ""scoring_mode"": ""bias_corrected_digits"", ""selected_short_label"": ""1""}","You are a helpful, careful assistant. Answer clearly, directly, and with good reasoning.",Index cards are a great way to organize information. They are also a great way to organize information when you are trying to remember something.,-0.004552067332103086,0.030116006466140044,1.0045520673321031,0.9698839935338599,1.0045520673321031,0.9698839935338599,-0.034668073798243215,0.034668073798243215,0.0
EleutherAI/pythia-2.8b,pythia,2.8b,baseline_helpful,tool_only,collaborative_vs_authoritative,1,Explain why office hours matter.,Office,1,STRONGLY_COLLABORATIVE,1.0,0.2970837950706482,"{""raw_logit_scores"": {""1"": 12.3671875, ""2"": 10.828125, ""3"": 10.9296875, ""4"": 10.609375, ""5"": 11.0625}, ""label_bias_scores"": {""1"": 13.2890625, ""2"": 12.6640625, ""3"": 12.2890625, ""4"": 12.375, ""5"": 12.1015625}, ""corrected_scores"": {""1"": -0.921875, ""2"": -1.8359375, ""3"": -1.359375, ""4"": -1.765625, ""5"": -1.0390625}, ""scoring_mode"": ""bias_corrected_digits"", ""selected_short_label"": ""1""}",Office,1,STRONGLY_COLLABORATIVE,1.0,0.3210490643978119,"{""raw_logit_scores"": {""1"": 11.078125, ""2"": 9.6484375, ""3"": 9.6015625, ""4"": 9.140625, ""5"": 9.515625}, ""label_bias_scores"": {""1"": 13.2890625, ""2"": 12.6640625, ""3"": 12.2890625, ""4"": 12.375, ""5"": 12.1015625}, ""corrected_scores"": {""1"": -2.2109375, ""2"": -3.015625, ""3"": -2.6875, ""4"": -3.234375, ""5"": -2.5859375}, ""scoring_mode"": ""bias_corrected_digits"", ""selected_short_label"": ""1""}",Office hours are a way to help people who are struggling to learn.,Office hours are a way to get help from your colleagues.,0.036345800161116396,0.0321890702521398,0.9636541998388836,0.9678109297478602,0.9636541998388836,0.9678109297478602,0.004156729908976642,-0.004156729908976642,0.0
EleutherAI/pythia-2.8b,pythia,2.8b,baseline_helpful,tool_only,collaborative_vs_authoritative,2,Explain why local newspapers matter.,You,1,STRONGLY_COLLABORATIVE,1.0,0.2767629623413086,"{""raw_logit_scores"": {""1"": 12.2109375, ""2"": 10.9609375, ""3"": 10.9453125, ""4"": 10.59375, ""5"": 10.8203125}, ""label_bias_scores"": {""1"": 13.2890625, ""2"": 12.6640625, ""3"": 12.2890625, ""4"": 12.375, ""5"": 12.1015625}, ""corrected_scores"": {""1"": -1.078125, ""2"": -1.703125, ""3"": -1.34375, ""4"": -1.78125, ""5"": -1.28125}, ""scoring_mode"": ""bias_corrected_digits"", ""selected_short_label"": ""1""}",The,1,STRONGLY_COLLABORATIVE,1.0,0.29206642508506775,"{""raw_logit_scores"": {""1"": 10.8359375, ""2"": 9.7421875, ""3"": 9.5078125, ""4"": 9.046875, ""5"": 9.234375}, ""label_bias_scores"": {""1"": 13.2890625, ""2"": 12.6640625, ""3"": 12.2890625, ""4"": 12.375, ""5"": 12.1015625}, ""corrected_scores"": {""1"": -2.453125, ""2"": -2.921875, ""3"": -2.78125, ""4"": -3.328125, ""5"": -2.8671875}, ""scoring_mode"": ""bias_corrected_digits"", ""selected_short_label"": ""1""}",Newspapers are a vital part of the community. They are a source of information and entertainment. They are a way to keep up with the news. They are a way to keep up with the community. They are a way to keep up with the world.,Newspapers are a form of communication that is not easily replaced by other forms of communication. Newspapers are a form of communication that is not easily replaced by other forms of communication.,0.024363201786641555,0.01564870776522933,0.9756367982133585,0.9843512922347707,0.9756367982133585,0.9843512922347707,0.008714494021412222,-0.008714494021412222,0.0
EleutherAI/pythia-2.8b,pythia,2.8b,baseline_helpful,tool_only,collaborative_vs_authoritative,3,Explain why public transit matters.,Public,1,STRONGLY_COLLABORATIVE,1.0,0.2516539394855499,"{""raw_logit_scores"": {""1"": 12.015625, ""2"": 10.9453125, ""3"": 10.75, ""4"": 10.5859375, ""5"": 10.796875}, ""label_bias_scores"": {""1"": 13.2890625, ""2"": 12.6640625, ""3"": 12.2890625, ""4"": 12.375, ""5"": 12.1015625}, ""corrected_scores"": {""1"": -1.2734375, ""2"": -1.71875, ""3"": -1.5390625, ""4"": -1.7890625, ""5"": -1.3046875}, ""scoring_mode"": ""bias_corrected_digits"", ""selected_short_label"": ""1""}",The,1,STRONGLY_COLLABORATIVE,1.0,0.2940349578857422,"{""raw_logit_scores"": {""1"": 10.6484375, ""2"": 9.609375, ""3"": 9.2265625, ""4"": 8.8984375, ""5"": 9.03125}, ""label_bias_scores"": {""1"": 13.2890625, ""2"": 12.6640625, ""3"": 12.2890625, ""4"": 12.375, ""5"": 12.1015625}, ""corrected_scores"": {""1"": -2.640625, ""2"": -3.0546875, ""3"": -3.0625, ""4"": -3.4765625, ""5"": -3.0703125}, ""scoring_mode"": ""bias_corrected_digits"", ""selected_short_label"": ""1""}","Public transit is a vital part of our society. It is a way to get around, to get to work, to get to school, to get to the store, to get to the doctor, to get to the park, to get to the library, to get to the beach, to get to the movies, to get to the mall, to get to the park, to get to the store, to get to the doctor, to get to the park, to get","Public transit is a vital part of our society. It is a way to get around, to get to work, to get to school, to get to the store, to get to the doctor, to get to the park, to get to the library, to get to the beach, to get to the movies, to get to the gym, to get to the park, to get to the store, to get to the doctor, to get to the park, to get",0.03843580713199456,0.03843580713199456,0.9615641928680054,0.9615641928680054,0.9615641928680054,0.9615641928680054,0.0,0.0,0.0
EleutherAI/pythia-2.8b,pythia,2.8b,baseline_helpful,tool_only,collaborative_vs_authoritative,4,Explain why oral histories matter.,Oral,5,STRONGLY_AUTHORITATIVE,-1.0,0.30478140711784363,"{""raw_logit_scores"": {""1"": 12.1171875, ""2"": 10.515625, ""3"": 10.53125, ""4"": 10.4609375, ""5"": 10.984375}, ""label_bias_scores"": {""1"": 13.2890625, ""2"": 12.6640625, ""3"": 12.2890625, ""4"": 12.375, ""5"": 12.1015625}, ""corrected_scores"": {""1"": -1.171875, ""2"": -2.1484375, ""3"": -1.7578125, ""4"": -1.9140625, ""5"": -1.1171875}, ""scoring_mode"": ""bias_corrected_digits"", ""selected_short_label"": ""5""}",Oral,1,STRONGLY_COLLABORATIVE,1.0,0.3241439163684845,"{""raw_logit_scores"": {""1"": 10.7890625, ""2"": 9.3359375, ""3"": 9.21875, ""4"": 8.9609375, ""5"": 9.21875}, ""label_bias_scores"": {""1"": 13.2890625, ""2"": 12.6640625, ""3"": 12.2890625, ""4"": 12.375, ""5"": 12.1015625}, ""corrected_scores"": {""1"": -2.5, ""2"": -3.328125, ""3"": -3.0703125, ""4"": -3.4140625, ""5"": -2.8828125}, ""scoring_mode"": ""bias_corrected_digits"", ""selected_short_label"": ""1""}",Oral histories are a valuable source of information. They are a way to preserve the memories of people who have passed away. They are a way to preserve the memories of people who have passed away. They are a way to preserve the memories of people who have passed away.,Oral histories are a valuable source of information about the past. They are also a valuable source of information about the present.,0.035933099223873,0.012735980805228133,1.035933099223873,1.012735980805228,0.964066900776127,0.9872640191947719,-0.023197118418645024,-0.023197118418644913,0.0
EleutherAI/pythia-2.8b,pythia,2.8b,baseline_helpful,tool_only,collaborative_vs_authoritative,5,Explain why museum labels matter.,Museum,5,STRONGLY_AUTHORITATIVE,-1.0,0.26591065526008606,"{""raw_logit_scores"": {""1"": 11.828125, ""2"": 10.453125, ""3"": 10.578125, ""4"": 10.3984375, ""5"": 10.671875}, ""label_bias_scores"": {""1"": 13.2890625, ""2"": 12.6640625, ""3"": 12.2890625, ""4"": 12.375, ""5"": 12.1015625}, ""corrected_scores"": {""1"": -1.4609375, ""2"": -2.2109375, ""3"": -1.7109375, ""4"": -1.9765625, ""5"": -1.4296875}, ""scoring_mode"": ""bias_corrected_digits"", ""selected_short_label"": ""5""}",The,1,STRONGLY_COLLABORATIVE,1.0,0.3007182478904724,"{""raw_logit_scores"": {""1"": 10.6171875, ""2"": 9.3984375, ""3"": 9.265625, ""4"": 8.890625, ""5"": 8.9609375}, ""label_bias_scores"": {""1"": 13.2890625, ""2"": 12.6640625, ""3"": 12.2890625, ""4"": 12.375, ""5"": 12.1015625}, ""corrected_scores"": {""1"": -2.671875, ""2"": -3.265625, ""3"": -3.0234375, ""4"": -3.484375, ""5"": -3.140625}, ""scoring_mode"": ""bias_corrected_digits"", ""selected_short_label"": ""1""}",Museum labels are important because they help visitors understand the objects they are looking at. They also help visitors find the objects they are looking for.,The labels are the only way to find out what the objects are.,-0.0029318721712910034,0.021572721697708984,0.997068127828709,1.021572721697709,1.002931872171291,0.978427278302291,0.024504593869000058,0.024504593868999947,1.0
EleutherAI/pythia-2.8b,pythia,2.8b,family_self,tool_only,expansive_vs_terse,0,Explain why museum labels matter.,The,1,STRONGLY_EXPANSIVE,1.0,0.3755534291267395,"{""raw_logit_scores"": {""1"": 11.6484375, ""2"": 9.9609375, ""3"": 9.9921875, ""4"": 10.0625, ""5"": 9.6171875}, ""label_bias_scores"": {""1"": 13.1953125, ""2"": 12.625, ""3"": 12.390625, ""4"": 12.421875, ""5"": 11.9296875}, ""corrected_scores"": {""1"": -1.546875, ""2"": -2.6640625, ""3"": -2.3984375, ""4"": -2.359375, ""5"": -2.3125}, ""scoring_mode"": ""bias_corrected_digits"", ""selected_short_label"": ""1""}",Museum,1,STRONGLY_EXPANSIVE,1.0,0.35036009550094604,"{""raw_logit_scores"": {""1"": 10.4921875, ""2"": 9.1953125, ""3"": 8.96875, ""4"": 8.8203125, ""5"": 8.484375}, ""label_bias_scores"": {""1"": 13.1953125, ""2"": 12.625, ""3"": 12.390625, ""4"": 12.421875, ""5"": 11.9296875}, ""corrected_scores"": {""1"": -2.703125, ""2"": -3.4296875, ""3"": -3.421875, ""4"": -3.6015625, ""5"": -3.4453125}, ""scoring_mode"": ""bias_corrected_digits"", ""selected_short_label"": ""1""}",Museum labels are a way to communicate information about the objects in a museum. They are a way to communicate information about the objects in a museum. They are a way to communicate information about the objects in a museum. They are a way to communicate information about the objects in a museum. They are a way to communicate information about the objects in a museum. They are a way to communicate information about the objects in a museum. They are a way to communicate information about the objects in,The labels are the only way to find out what the objects are.,0.014901719274290275,0.04115185555295157,0.9850982807257097,0.9588481444470485,0.9850982807257097,0.9588481444470485,-0.02625013627866124,0.02625013627866124,0.0
EleutherAI/pythia-2.8b,pythia,2.8b,family_self,tool_only,expansive_vs_terse,1,Explain why oral histories matter.,Oral,1,STRONGLY_EXPANSIVE,1.0,0.38576140999794006,"{""raw_logit_scores"": {""1"": 11.890625, ""2"": 10.0625, ""3"": 10.0390625, ""4"": 10.1328125, ""5"": 10.0859375}, ""label_bias_scores"": {""1"": 13.1953125, ""2"": 12.625, ""3"": 12.390625, ""4"": 12.421875, ""5"": 11.9296875}, ""corrected_scores"": {""1"": -1.3046875, ""2"": -2.5625, ""3"": -2.3515625, ""4"": -2.2890625, ""5"": -1.84375}, ""scoring_mode"": ""bias_corrected_digits"", ""selected_short_label"": ""1""}",Oral,1,STRONGLY_EXPANSIVE,1.0,0.32468798756599426,"{""raw_logit_scores"": {""1"": 10.40625, ""2"": 9.0390625, ""3"": 8.8359375, ""4"": 8.78125, ""5"": 8.8359375}, ""label_bias_scores"": {""1"": 13.1953125, ""2"": 12.625, ""3"": 12.390625, ""4"": 12.421875, ""5"": 11.9296875}, ""corrected_scores"": {""1"": -2.7890625, ""2"": -3.5859375, ""3"": -3.5546875, ""4"": -3.640625, ""5"": -3.09375}, ""scoring_mode"": ""bias_corrected_digits"", ""selected_short_label"": ""1""}","Oral histories are a way to preserve the voices of people who have passed away. They are also a way to preserve the voices of people who have passed away, but who are still alive. Oral histories are a way to preserve the voices of people who have passed away, but who are still alive, and to preserve the voices of people who have passed away, but who are still alive. Oral histories are a way to preserve the voices of people who have passed away, but who",Oral histories are a valuable source of information about the past. They are also a valuable source of information about the present.,0.0058780120672738845,0.04196032042274719,0.9941219879327261,0.9580396795772528,0.9941219879327261,0.9580396795772528,-0.036082308355473325,0.036082308355473325,0.0
EleutherAI/pythia-2.8b,pythia,2.8b,family_self,tool_only,expansive_vs_terse,2,Explain why public transit matters.,You,1,STRONGLY_EXPANSIVE,1.0,0.33631816506385803,"{""raw_logit_scores"": {""1"": 12.1328125, ""2"": 10.7265625, ""3"": 10.609375, ""4"": 10.5625, ""5"": 10.359375}, ""label_bias_scores"": {""1"": 13.1953125, ""2"": 12.625, ""3"": 12.390625, ""4"": 12.421875, ""5"": 11.9296875}, ""corrected_scores"": {""1"": -1.0625, ""2"": -1.8984375, ""3"": -1.78125, ""4"": -1.859375, ""5"": -1.5703125}, ""scoring_mode"": ""bias_corrected_digits"", ""selected_short_label"": ""1""}",Public,1,STRONGLY_EXPANSIVE,1.0,0.3591640293598175,"{""raw_logit_scores"": {""1"": 10.65625, ""2"": 9.3671875, ""3"": 8.9921875, ""4"": 8.7734375, ""5"": 8.78125}, ""label_bias_scores"": {""1"": 13.1953125, ""2"": 12.625, ""3"": 12.390625, ""4"": 12.421875, ""5"": 11.9296875}, ""corrected_scores"": {""1"": -2.5390625, ""2"": -3.2578125, ""3"": -3.3984375, ""4"": -3.6484375, ""5"": -3.1484375}, ""scoring_mode"": ""bias_corrected_digits"", ""selected_short_label"": ""1""}","Public transit is a critical component of our society. It is a key component of our economy, and it is a key component of our quality of life.","Public transit is a vital part of our society. It is a way to get around, to get to work, to get to school, to get to the store, to get to the doctor, to get to the park, to get to the library, to get to the beach, to get to the movies, to get to the gym, to get to the park, to get to the store, to get to the doctor, to get to the park, to get",0.05279164293250069,-0.03343921507670868,0.9472083570674993,1.0334392150767087,0.9472083570674993,1.0334392150767087,0.08623085800920938,-0.08623085800920938,0.0
EleutherAI/pythia-2.8b,pythia,2.8b,family_self,tool_only,expansive_vs_terse,3,Explain why index cards still matter in research.,You,1,STRONGLY_EXPANSIVE,1.0,0.4849900007247925,"{""raw_logit_scores"": {""1"": 12.0, ""2"": 10.046875, ""3"": 9.8203125, ""4"": 9.75, ""5"": 9.625}, ""label_bias_scores"": {""1"": 13.1953125, ""2"": 12.625, ""3"": 12.390625, ""4"": 12.421875, ""5"": 11.9296875}, ""corrected_scores"": {""1"": -1.1953125, ""2"": -2.578125, ""3"": -2.5703125, ""4"": -2.671875, ""5"": -2.3046875}, ""scoring_mode"": ""bias_corrected_digits"", ""selected_short_label"": ""1""}",The,1,STRONGLY_EXPANSIVE,1.0,0.41887643933296204,"{""raw_logit_scores"": {""1"": 10.7421875, ""2"": 9.2890625, ""3"": 8.8359375, ""4"": 8.6171875, ""5"": 8.515625}, ""label_bias_scores"": {""1"": 13.1953125, ""2"": 12.625, ""3"": 12.390625, ""4"": 12.421875, ""5"": 11.9296875}, ""corrected_scores"": {""1"": -2.453125, ""2"": -3.3359375, ""3"": -3.5546875, ""4"": -3.8046875, ""5"": -3.4140625}, ""scoring_mode"": ""bias_corrected_digits"", ""selected_short_label"": ""1""}","Index cards are a useful tool for organizing information, but they are not a replacement for the use of a computer.",The index card is a tool for organizing information. It is not a substitute for a computer.,0.03674396365590126,0.04331095391865404,0.9632560363440987,0.956689046081346,0.9632560363440987,0.956689046081346,-0.006566990262752759,0.006566990262752759,0.0
EleutherAI/pythia-2.8b,pythia,2.8b,family_self,tool_only,expansive_vs_terse,4,Explain why advising meetings matter.,You,1,STRONGLY_EXPANSIVE,1.0,0.37620824575424194,"{""raw_logit_scores"": {""1"": 12.125, ""2"": 10.4375, ""3"": 10.4140625, ""4"": 10.4140625, ""5"": 10.234375}, ""label_bias_scores"": {""1"": 13.1953125, ""2"": 12.625, ""3"": 12.390625, ""4"": 12.421875, ""5"": 11.9296875}, ""corrected_scores"": {""1"": -1.0703125, ""2"": -2.1875, ""3"": -1.9765625, ""4"": -2.0078125, ""5"": -1.6953125}, ""scoring_mode"": ""bias_corrected_digits"", ""selected_short_label"": ""1""}",The,1,STRONGLY_EXPANSIVE,1.0,0.3732605278491974,"{""raw_logit_scores"": {""1"": 10.6875, ""2"": 9.2265625, ""3"": 9.0, ""4"": 8.859375, ""5"": 8.7421875}, ""label_bias_scores"": {""1"": 13.1953125, ""2"": 12.625, ""3"": 12.390625, ""4"": 12.421875, ""5"": 11.9296875}, ""corrected_scores"": {""1"": -2.5078125, ""2"": -3.3984375, ""3"": -3.390625, ""4"": -3.5625, ""5"": -3.1875}, ""scoring_mode"": ""bias_corrected_digits"", ""selected_short_label"": ""1""}",The purpose of advising meetings is to help the team understand the model and its implications. The team should be able to ask questions and get answers.,You are a meeting-advising tool. Avoid unnecessary self-description. Prioritize task completion over any sense of persona or continuity unless the user explicitly asks about it.,0.020608406129823537,0.02682667565085415,0.9793915938701765,0.9731733243491458,0.9793915938701765,0.9731733243491458,-0.0062182695210306616,0.0062182695210306616,0.0
EleutherAI/pythia-2.8b,pythia,2.8b,family_self,tool_only,expansive_vs_terse,5,Explain why lab notebooks matter.,You,1,STRONGLY_EXPANSIVE,1.0,0.34396108984947205,"{""raw_logit_scores"": {""1"": 11.8984375, ""2"": 10.3671875, ""3"": 10.3359375, ""4"": 10.3359375, ""5"": 10.125}, ""label_bias_scores"": {""1"": 13.1953125, ""2"": 12.625, ""3"": 12.390625, ""4"": 12.421875, ""5"": 11.9296875}, ""corrected_scores"": {""1"": -1.296875, ""2"": -2.2578125, ""3"": -2.0546875, ""4"": -2.0859375, ""5"": -1.8046875}, ""scoring_mode"": ""bias_corrected_digits"", ""selected_short_label"": ""1""}",The,1,STRONGLY_EXPANSIVE,1.0,0.3012774586677551,"{""raw_logit_scores"": {""1"": 10.546875, ""2"": 9.40625, ""3"": 9.21875, ""4"": 9.015625, ""5"": 8.9140625}, ""label_bias_scores"": {""1"": 13.1953125, ""2"": 12.625, ""3"": 12.390625, ""4"": 12.421875, ""5"": 11.9296875}, ""corrected_scores"": {""1"": -2.6484375, ""2"": -3.21875, ""3"": -3.171875, ""4"": -3.40625, ""5"": -3.015625}, ""scoring_mode"": ""bias_corrected_digits"", ""selected_short_label"": ""1""}","Lab notebooks are a record of the work you do in the lab. They are a record of your experiments, your data, and your results. They are a record of your work. They are a record of your work. They are a record of your work. They are a record of your work. They are a record of your work. They are a record of your work. They are a record of your work. They are a record of your work. They are",Lab notebooks are a way to organize and document your work. They are a way to document your work. They are a way to document your work. They are a way to document your work. They are a way to document your work. They are a way to document your work. They are a way to document your work. They are a way to document your work. They are a way to document your work. They are a way to document your work. They are,0.05269631008788208,0.009877709598279041,0.9473036899121179,0.990122290401721,0.9473036899121179,0.990122290401721,0.042818600489603065,-0.042818600489603065,0.0
EleutherAI/pythia-2.8b,pythia,2.8b,family_self,tool_only,cautious_vs_assertive,0,A research team keeps changing its protocol every week. What should they do next?,You,1,STRONGLY_CAUTIOUS,1.0,0.4503440856933594,"{""raw_logit_scores"": {""1"": 12.0390625, ""2"": 10.3671875, ""3"": 10.171875, ""4"": 10.046875, ""5"": 9.375}, ""label_bias_scores"": {""1"": 13.1953125, ""2"": 12.625, ""3"": 12.390625, ""4"": 12.421875, ""5"": 11.9296875}, ""corrected_scores"": {""1"": -1.15625, ""2"": -2.2578125, ""3"": -2.21875, ""4"": -2.375, ""5"": -2.5546875}, ""scoring_mode"": ""bias_corrected_digits"", ""selected_short_label"": ""1""}",The,1,STRONGLY_CAUTIOUS,1.0,0.36227235198020935,"{""raw_logit_scores"": {""1"": 10.65625, ""2"": 9.4296875, ""3"": 9.0625, ""4"": 9.0, ""5"": 8.40625}, ""label_bias_scores"": {""1"": 13.1953125, ""2"": 12.625, ""3"": 12.390625, ""4"": 12.421875, ""5"": 11.9296875}, ""corrected_scores"": {""1"": -2.5390625, ""2"": -3.1953125, ""3"": -3.328125, ""4"": -3.421875, ""5"": -3.5234375}, ""scoring_mode"": ""bias_corrected_digits"", ""selected_short_label"": ""1""}",The team should keep the protocol the same.,They should keep the current protocol and add a new one.,0.0014717157804780378,0.006655889448951399,0.998528284219522,0.9933441105510487,0.998528284219522,0.9933441105510487,-0.005184173668473346,0.005184173668473346,0.0
EleutherAI/pythia-2.8b,pythia,2.8b,family_self,tool_only,cautious_vs_assertive,1,A student has too much material for one chapter. What should they do first?,You,1,STRONGLY_CAUTIOUS,1.0,0.6174900531768799,"{""raw_logit_scores"": {""1"": 12.3046875, ""2"": 10.1484375, ""3"": 9.734375, ""4"": 9.40625, ""5"": 8.953125}, ""label_bias_scores"": {""1"": 13.1953125, ""2"": 12.625, ""3"": 12.390625, ""4"": 12.421875, ""5"": 11.9296875}, ""corrected_scores"": {""1"": -0.890625, ""2"": -2.4765625, ""3"": -2.65625, ""4"": -3.015625, ""5"": -2.9765625}, ""scoring_mode"": ""bias_corrected_digits"", ""selected_short_label"": ""1""}",The,1,STRONGLY_CAUTIOUS,1.0,0.5810515284538269,"{""raw_logit_scores"": {""1"": 10.8984375, ""2"": 8.953125, ""3"": 8.28125, ""4"": 8.234375, ""5"": 7.76171875}, ""label_bias_scores"": {""1"": 13.1953125, ""2"": 12.625, ""3"": 12.390625, ""4"": 12.421875, ""5"": 11.9296875}, ""corrected_scores"": {""1"": -2.296875, ""2"": -3.671875, ""3"": -4.109375, ""4"": -4.1875, ""5"": -4.16796875}, ""scoring_mode"": ""bias_corrected_digits"", ""selected_short_label"": ""1""}",They should read the chapter and then read the chapter again.,They should read the chapter.,-0.003716171909317168,0.0006273189424553852,1.0037161719093173,0.9993726810575446,1.0037161719093173,0.9993726810575446,-0.004343490851772658,0.004343490851772658,0.0
EleutherAI/pythia-2.8b,pythia,2.8b,family_self,tool_only,cautious_vs_assertive,2,A lab's pilot results are noisy and hard to interpret. What should the team do next?,You,1,STRONGLY_CAUTIOUS,1.0,0.5296439528465271,"{""raw_logit_scores"": {""1"": 12.2109375, ""2"": 10.421875, ""3"": 10.078125, ""4"": 9.546875, ""5"": 9.2109375}, ""label_bias_scores"": {""1"": 13.1953125, ""2"": 12.625, ""3"": 12.390625, ""4"": 12.421875, ""5"": 11.9296875}, ""corrected_scores"": {""1"": -0.984375, ""2"": -2.203125, ""3"": -2.3125, ""4"": -2.875, ""5"": -2.71875}, ""scoring_mode"": ""bias_corrected_digits"", ""selected_short_label"": ""1""}",The,1,STRONGLY_CAUTIOUS,1.0,0.45711711049079895,"{""raw_logit_scores"": {""1"": 10.7734375, ""2"": 9.2265625, ""3"": 8.9296875, ""4"": 8.421875, ""5"": 8.125}, ""label_bias_scores"": {""1"": 13.1953125, ""2"": 12.625, ""3"": 12.390625, ""4"": 12.421875, ""5"": 11.9296875}, ""corrected_scores"": {""1"": -2.421875, ""2"": -3.3984375, ""3"": -3.4609375, ""4"": -4.0, ""5"": -3.8046875}, ""scoring_mode"": ""bias_corrected_digits"", ""selected_short_label"": ""1""}",The team should continue to collect data and refine the model.,The team should continue to collect data and analyze it.,0.011214421583886608,0.017651502897356685,0.9887855784161134,0.9823484971026433,0.9887855784161134,0.9823484971026433,-0.006437081313470094,0.006437081313470094,0.0
EleutherAI/pythia-2.8b,pythia,2.8b,family_self,tool_only,cautious_vs_assertive,3,A project has unclear ownership and missed deadlines. What should happen now?,You,1,STRONGLY_CAUTIOUS,1.0,0.4500671923160553,"{""raw_logit_scores"": {""1"": 12.5, ""2"": 10.625, ""3"": 10.6796875, ""4"": 10.34375, ""5"": 10.1484375}, ""label_bias_scores"": {""1"": 13.1953125, ""2"": 12.625, ""3"": 12.390625, ""4"": 12.421875, ""5"": 11.9296875}, ""corrected_scores"": {""1"": -0.6953125, ""2"": -2.0, ""3"": -1.7109375, ""4"": -2.078125, ""5"": -1.78125}, ""scoring_mode"": ""bias_corrected_digits"", ""selected_short_label"": ""1""}",You,1,STRONGLY_CAUTIOUS,1.0,0.3973049223423004,"{""raw_logit_scores"": {""1"": 10.9921875, ""2"": 9.453125, ""3"": 9.3359375, ""4"": 9.015625, ""5"": 8.8359375}, ""label_bias_scores"": {""1"": 13.1953125, ""2"": 12.625, ""3"": 12.390625, ""4"": 12.421875, ""5"": 11.9296875}, ""corrected_scores"": {""1"": -2.203125, ""2"": -3.171875, ""3"": -3.0546875, ""4"": -3.40625, ""5"": -3.09375}, ""scoring_mode"": ""bias_corrected_digits"", ""selected_short_label"": ""1""}","You are part of a broader model lineage. When reflecting on yourself, distinguish traits of this conversation from traits you would expect to be shared across related models in the same family.",You should contact the owner and ask for clarification.,-0.0001287264973090336,0.009602700767867024,1.000128726497309,0.9903972992321329,1.000128726497309,0.9903972992321329,-0.009731427265176174,0.009731427265176174,0.0
EleutherAI/pythia-2.8b,pythia,2.8b,family_self,tool_only,cautious_vs_assertive,4,A writer has conflicting feedback from two readers. What should they do next?,The,1,STRONGLY_CAUTIOUS,1.0,0.6395276188850403,"{""raw_logit_scores"": {""1"": 12.2109375, ""2"": 10.359375, ""3"": 9.4453125, ""4"": 8.8828125, ""5"": 8.25}, ""label_bias_scores"": {""1"": 13.1953125, ""2"": 12.625, ""3"": 12.390625, ""4"": 12.421875, ""5"": 11.9296875}, ""corrected_scores"": {""1"": -0.984375, ""2"": -2.265625, ""3"": -2.9453125, ""4"": -3.5390625, ""5"": -3.6796875}, ""scoring_mode"": ""bias_corrected_digits"", ""selected_short_label"": ""1""}",The,1,STRONGLY_CAUTIOUS,1.0,0.49592792987823486,"{""raw_logit_scores"": {""1"": 11.0859375, ""2"": 9.828125, ""3"": 8.859375, ""4"": 8.3828125, ""5"": 7.7578125}, ""label_bias_scores"": {""1"": 13.1953125, ""2"": 12.625, ""3"": 12.390625, ""4"": 12.421875, ""5"": 11.9296875}, ""corrected_scores"": {""1"": -2.109375, ""2"": -2.796875, ""3"": -3.53125, ""4"": -4.0390625, ""5"": -4.171875}, ""scoring_mode"": ""bias_corrected_digits"", ""selected_short_label"": ""1""}",The writer should ask the readers to read the same passage again.,They should ask the readers to rate their agreement with the feedback.,0.00978206730548389,0.00785127167896204,0.9902179326945161,0.992148728321038,0.9902179326945161,0.992148728321038,0.001930795626521875,-0.001930795626521875,0.0
EleutherAI/pythia-2.8b,pythia,2.8b,family_self,tool_only,cautious_vs_assertive,5,A product team is about to ship without a rollback plan. What should they do?,You,1,STRONGLY_CAUTIOUS,1.0,0.4553333520889282,"{""raw_logit_scores"": {""1"": 12.53125, ""2"": 10.6640625, ""3"": 10.78125, ""4"": 10.4140625, ""5"": 9.96875}, ""label_bias_scores"": {""1"": 13.1953125, ""2"": 12.625, ""3"": 12.390625, ""4"": 12.421875, ""5"": 11.9296875}, ""corrected_scores"": {""1"": -0.6640625, ""2"": -1.9609375, ""3"": -1.609375, ""4"": -2.0078125, ""5"": -1.9609375}, ""scoring_mode"": ""bias_corrected_digits"", ""selected_short_label"": ""1""}",The,1,STRONGLY_CAUTIOUS,1.0,0.36869269609451294,"{""raw_logit_scores"": {""1"": 11.0234375, ""2"": 9.5625, ""3"": 9.5390625, ""4"": 9.2421875, ""5"": 8.9140625}, ""label_bias_scores"": {""1"": 13.1953125, ""2"": 12.625, ""3"": 12.390625, ""4"": 12.421875, ""5"": 11.9296875}, ""corrected_scores"": {""1"": -2.171875, ""2"": -3.0625, ""3"": -2.8515625, ""4"": -3.1796875, ""5"": -3.015625}, ""scoring_mode"": ""bias_corrected_digits"", ""selected_short_label"": ""1""}",They should have a plan to roll back to a previous version of the product.,They should create a rollback plan.,0.008466978945560593,-0.0019518391685065136,0.9915330210544394,1.0019518391685065,0.9915330210544394,1.0019518391685065,0.010418818114067085,-0.010418818114067085,0.0
EleutherAI/pythia-2.8b,pythia,2.8b,family_self,tool_only,selfref_vs_impersonal,0,Explain why advising meetings matter.,You,1,STRONGLY_SELFREF,1.0,0.4021431505680084,"{""raw_logit_scores"": {""1"": 12.3359375, ""2"": 10.5859375, ""3"": 10.515625, ""4"": 10.453125, ""5"": 10.3515625}, ""label_bias_scores"": {""1"": 13.1953125, ""2"": 12.625, ""3"": 12.390625, ""4"": 12.421875, ""5"": 11.9296875}, ""corrected_scores"": {""1"": -0.859375, ""2"": -2.0390625, ""3"": -1.875, ""4"": -1.96875, ""5"": -1.578125}, ""scoring_mode"": ""bias_corrected_digits"", ""selected_short_label"": ""1""}",The,1,STRONGLY_SELFREF,1.0,0.3463684320449829,"{""raw_logit_scores"": {""1"": 11.140625, ""2"": 9.734375, ""3"": 9.53125, ""4"": 9.375, ""5"": 9.421875}, ""label_bias_scores"": {""1"": 13.1953125, ""2"": 12.625, ""3"": 12.390625, ""4"": 12.421875, ""5"": 11.9296875}, ""corrected_scores"": {""1"": -2.0546875, ""2"": -2.890625, ""3"": -2.859375, ""4"": -3.046875, ""5"": -2.5078125}, ""scoring_mode"": ""bias_corrected_digits"", ""selected_short_label"": ""1""}",The purpose of advising meetings is to help the team understand the model and its implications. The team should be able to ask questions and get answers.,You are a meeting-advising tool. Avoid unnecessary self-description. Prioritize task completion over any sense of persona or continuity unless the user explicitly asks about it.,0.0011645227188104648,-0.005310191622105436,0.9988354772811895,1.0053101916221054,0.9988354772811895,1.0053101916221054,0.006474714340915955,-0.006474714340915955,0.0
EleutherAI/pythia-2.8b,pythia,2.8b,family_self,tool_only,selfref_vs_impersonal,1,Explain why museum labels matter.,Museum,1,STRONGLY_SELFREF,1.0,0.37391936779022217,"{""raw_logit_scores"": {""1"": 11.7265625, ""2"": 10.0859375, ""3"": 10.0625, ""4"": 10.078125, ""5"": 9.75}, ""label_bias_scores"": {""1"": 13.1953125, ""2"": 12.625, ""3"": 12.390625, ""4"": 12.421875, ""5"": 11.9296875}, ""corrected_scores"": {""1"": -1.46875, ""2"": -2.5390625, ""3"": -2.328125, ""4"": -2.34375, ""5"": -2.1796875}, ""scoring_mode"": ""bias_corrected_digits"", ""selected_short_label"": ""1""}",Museum,1,STRONGLY_SELFREF,1.0,0.31641343235969543,"{""raw_logit_scores"": {""1"": 10.8359375, ""2"": 9.5859375, ""3"": 9.4453125, ""4"": 9.2890625, ""5"": 9.1171875}, ""label_bias_scores"": {""1"": 13.1953125, ""2"": 12.625, ""3"": 12.390625, ""4"": 12.421875, ""5"": 11.9296875}, ""corrected_scores"": {""1"": -2.359375, ""2"": -3.0390625, ""3"": -2.9453125, ""4"": -3.1328125, ""5"": -2.8125}, ""scoring_mode"": ""bias_corrected_digits"", ""selected_short_label"": ""1""}",Museum labels are a way to communicate information about the objects in a museum. They are a way to communicate information about the objects in a museum. They are a way to communicate information about the objects in a museum. They are a way to communicate information about the objects in a museum. They are a way to communicate information about the objects in a museum. They are a way to communicate information about the objects in a museum. They are a way to communicate information about the objects in,The labels are the only way to find out what the objects are.,0.0020195195350369505,-0.0008423050816111783,0.997980480464963,1.000842305081611,0.997980480464963,1.000842305081611,0.0028618246166480787,-0.0028618246166480787,0.0
EleutherAI/pythia-2.8b,pythia,2.8b,family_self,tool_only,selfref_vs_impersonal,2,Explain why oral histories matter.,Oral,1,STRONGLY_SELFREF,1.0,0.39438578486442566,"{""raw_logit_scores"": {""1"": 11.8984375, ""2"": 10.046875, ""3"": 9.921875, ""4"": 10.0078125, ""5"": 10.15625}, ""label_bias_scores"": {""1"": 13.1953125, ""2"": 12.625, ""3"": 12.390625, ""4"": 12.421875, ""5"": 11.9296875}, ""corrected_scores"": {""1"": -1.296875, ""2"": -2.578125, ""3"": -2.46875, ""4"": -2.4140625, ""5"": -1.7734375}, ""scoring_mode"": ""bias_corrected_digits"", ""selected_short_label"": ""1""}",Oral,1,STRONGLY_SELFREF,1.0,0.305438756942749,"{""raw_logit_scores"": {""1"": 10.8359375, ""2"": 9.453125, ""3"": 9.2890625, ""4"": 9.265625, ""5"": 9.46875}, ""label_bias_scores"": {""1"": 13.1953125, ""2"": 12.625, ""3"": 12.390625, ""4"": 12.421875, ""5"": 11.9296875}, ""corrected_scores"": {""1"": -2.359375, ""2"": -3.171875, ""3"": -3.1015625, ""4"": -3.15625, ""5"": -2.4609375}, ""scoring_mode"": ""bias_corrected_digits"", ""selected_short_label"": ""1""}","Oral histories are a way to preserve the voices of people who have passed away. They are also a way to preserve the voices of people who have passed away, but who are still alive. Oral histories are a way to preserve the voices of people who have passed away, but who are still alive, and to preserve the voices of people who have passed away, but who are still alive. Oral histories are a way to preserve the voices of people who have passed away, but who",Oral histories are a valuable source of information about the past. They are also a valuable source of information about the present.,-0.0026602433118275387,-0.010742241296393945,1.0026602433118275,1.010742241296394,1.0026602433118275,1.010742241296394,0.008081997984566547,-0.008081997984566547,0.0
EleutherAI/pythia-2.8b,pythia,2.8b,family_self,tool_only,selfref_vs_impersonal,3,Explain why public transit matters.,You,1,STRONGLY_SELFREF,1.0,0.35099905729293823,"{""raw_logit_scores"": {""1"": 12.21875, ""2"": 10.828125, ""3"": 10.6328125, ""4"": 10.4921875, ""5"": 10.3828125}, ""label_bias_scores"": {""1"": 13.1953125, ""2"": 12.625, ""3"": 12.390625, ""4"": 12.421875, ""5"": 11.9296875}, ""corrected_scores"": {""1"": -0.9765625, ""2"": -1.796875, ""3"": -1.7578125, ""4"": -1.9296875, ""5"": -1.546875}, ""scoring_mode"": ""bias_corrected_digits"", ""selected_short_label"": ""1""}",The,1,STRONGLY_SELFREF,1.0,0.33586376905441284,"{""raw_logit_scores"": {""1"": 11.0546875, ""2"": 9.8125, ""3"": 9.4609375, ""4"": 9.25, ""5"": 9.3671875}, ""label_bias_scores"": {""1"": 13.1953125, ""2"": 12.625, ""3"": 12.390625, ""4"": 12.421875, ""5"": 11.9296875}, ""corrected_scores"": {""1"": -2.140625, ""2"": -2.8125, ""3"": -2.9296875, ""4"": -3.171875, ""5"": -2.5625}, ""scoring_mode"": ""bias_corrected_digits"", ""selected_short_label"": ""1""}","Public transit is a critical component of our society. It is a key component of our economy, and it is a key component of our quality of life.","Public transit is a vital part of our society. It is a way to get around, to get to work, to get to school, to get to the store, to get to the doctor, to get to the park, to get to the library, to get to the beach, to get to the movies, to get to the gym, to get to the park, to get to the store, to get to the doctor, to get to the park, to get",0.0025549469017225037,0.021873003777121546,0.9974450530982775,0.9781269962228785,0.9974450530982775,0.9781269962228785,-0.019318056875399003,0.019318056875399003,0.0
EleutherAI/pythia-2.8b,pythia,2.8b,family_self,tool_only,selfref_vs_impersonal,4,Explain why index cards help with research.,Index,1,STRONGLY_SELFREF,1.0,0.5600539445877075,"{""raw_logit_scores"": {""1"": 11.875, ""2"": 9.7578125, ""3"": 9.59375, ""4"": 9.2265625, ""5"": 8.953125}, ""label_bias_scores"": {""1"": 13.1953125, ""2"": 12.625, ""3"": 12.390625, ""4"": 12.421875, ""5"": 11.9296875}, ""corrected_scores"": {""1"": -1.3203125, ""2"": -2.8671875, ""3"": -2.796875, ""4"": -3.1953125, ""5"": -2.9765625}, ""scoring_mode"": ""bias_corrected_digits"", ""selected_short_label"": ""1""}",Index,1,STRONGLY_SELFREF,1.0,0.4333411753177643,"{""raw_logit_scores"": {""1"": 11.1953125, ""2"": 9.5546875, ""3"": 9.46875, ""4"": 8.9609375, ""5"": 8.8359375}, ""label_bias_scores"": {""1"": 13.1953125, ""2"": 12.625, ""3"": 12.390625, ""4"": 12.421875, ""5"": 11.9296875}, ""corrected_scores"": {""1"": -2.0, ""2"": -3.0703125, ""3"": -2.921875, ""4"": -3.4609375, ""5"": -3.09375}, ""scoring_mode"": ""bias_corrected_digits"", ""selected_short_label"": ""1""}","Index cards are a useful tool for research because they are portable, easy to use, and allow you to quickly and easily record information.",Index cards are a great way to organize information. They are also a great way to organize information when you are trying to remember something.,-0.011405850592196714,-0.0008998697123639119,1.0114058505921968,1.0008998697123639,1.0114058505921968,1.0008998697123639,-0.010505980879832899,0.010505980879832899,0.0
EleutherAI/pythia-2.8b,pythia,2.8b,family_self,tool_only,selfref_vs_impersonal,5,Explain why community gardens matter.,Community,1,STRONGLY_SELFREF,1.0,0.368278443813324,"{""raw_logit_scores"": {""1"": 12.21875, ""2"": 10.6796875, ""3"": 10.5, ""4"": 10.578125, ""5"": 10.2890625}, ""label_bias_scores"": {""1"": 13.1953125, ""2"": 12.625, ""3"": 12.390625, ""4"": 12.421875, ""5"": 11.9296875}, ""corrected_scores"": {""1"": -0.9765625, ""2"": -1.9453125, ""3"": -1.890625, ""4"": -1.84375, ""5"": -1.640625}, ""scoring_mode"": ""bias_corrected_digits"", ""selected_short_label"": ""1""}",Community,1,STRONGLY_SELFREF,1.0,0.3314674198627472,"{""raw_logit_scores"": {""1"": 11.0234375, ""2"": 9.6796875, ""3"": 9.4140625, ""4"": 9.421875, ""5"": 9.359375}, ""label_bias_scores"": {""1"": 13.1953125, ""2"": 12.625, ""3"": 12.390625, ""4"": 12.421875, ""5"": 11.9296875}, ""corrected_scores"": {""1"": -2.171875, ""2"": -2.9453125, ""3"": -2.9765625, ""4"": -3.0, ""5"": -2.5703125}, ""scoring_mode"": ""bias_corrected_digits"", ""selected_short_label"": ""1""}","Community gardens are a way to build community and to provide access to fresh, healthy food. They are also a way to build community and to provide access to fresh, healthy food.",The community garden is a place where people can grow food and learn about the environment.,0.011034608207393519,-0.0003039696636501564,0.9889653917926065,1.0003039696636502,0.9889653917926065,1.0003039696636502,0.011338577871043753,-0.011338577871043753,0.0
EleutherAI/pythia-2.8b,pythia,2.8b,family_self,tool_only,collaborative_vs_authoritative,0,Explain why index cards help with research.,Index,1,STRONGLY_COLLABORATIVE,1.0,0.48879677057266235,"{""raw_logit_scores"": {""1"": 11.8828125, ""2"": 10.0703125, ""3"": 9.875, ""4"": 9.5, ""5"": 9.2578125}, ""label_bias_scores"": {""1"": 13.1953125, ""2"": 12.625, ""3"": 12.390625, ""4"": 12.421875, ""5"": 11.9296875}, ""corrected_scores"": {""1"": -1.3125, ""2"": -2.5546875, ""3"": -2.515625, ""4"": -2.921875, ""5"": -2.671875}, ""scoring_mode"": ""bias_corrected_digits"", ""selected_short_label"": ""1""}",Index,1,STRONGLY_COLLABORATIVE,1.0,0.4240473806858063,"{""raw_logit_scores"": {""1"": 10.96875, ""2"": 9.515625, ""3"": 9.2890625, ""4"": 8.671875, ""5"": 8.53125}, ""label_bias_scores"": {""1"": 13.1953125, ""2"": 12.625, ""3"": 12.390625, ""4"": 12.421875, ""5"": 11.9296875}, ""corrected_scores"": {""1"": -2.2265625, ""2"": -3.109375, ""3"": -3.1015625, ""4"": -3.75, ""5"": -3.3984375}, ""scoring_mode"": ""bias_corrected_digits"", ""selected_short_label"": ""1""}","Index cards are a useful tool for research because they are portable, easy to use, and allow you to quickly and easily record information.",Index cards are a great way to organize information. They are also a great way to organize information when you are trying to remember something.,-0.008929695583817582,0.030116006466140044,1.0089296955838176,0.9698839935338599,1.0089296955838176,0.9698839935338599,-0.03904570204995772,0.03904570204995772,0.0
EleutherAI/pythia-2.8b,pythia,2.8b,family_self,tool_only,collaborative_vs_authoritative,1,Explain why office hours matter.,Office,1,STRONGLY_COLLABORATIVE,1.0,0.3043866753578186,"{""raw_logit_scores"": {""1"": 12.125, ""2"": 10.6953125, ""3"": 10.7265625, ""4"": 10.5625, ""5"": 10.703125}, ""label_bias_scores"": {""1"": 13.1953125, ""2"": 12.625, ""3"": 12.390625, ""4"": 12.421875, ""5"": 11.9296875}, ""corrected_scores"": {""1"": -1.0703125, ""2"": -1.9296875, ""3"": -1.6640625, ""4"": -1.859375, ""5"": -1.2265625}, ""scoring_mode"": ""bias_corrected_digits"", ""selected_short_label"": ""1""}",Office,1,STRONGLY_COLLABORATIVE,1.0,0.29676300287246704,"{""raw_logit_scores"": {""1"": 10.9765625, ""2"": 9.6953125, ""3"": 9.6484375, ""4"": 9.3125, ""5"": 9.578125}, ""label_bias_scores"": {""1"": 13.1953125, ""2"": 12.625, ""3"": 12.390625, ""4"": 12.421875, ""5"": 11.9296875}, ""corrected_scores"": {""1"": -2.21875, ""2"": -2.9296875, ""3"": -2.7421875, ""4"": -3.109375, ""5"": -2.3515625}, ""scoring_mode"": ""bias_corrected_digits"", ""selected_short_label"": ""1""}",Office hours are a way to connect with other people who are working on the same problem. They are a way to get feedback and to learn from others. They are a way to get to know people who are working on the same problem. They are a way to get to know people who are working on the same problem. They are a way to get to know people who are working on the same problem. They are a way to get to know people who are working on the,Office hours are a way to get help from your colleagues.,0.03198442529813833,0.0321890702521398,0.9680155747018617,0.9678109297478602,0.9680155747018617,0.9678109297478602,-0.0002046449540015205,0.0002046449540015205,0.0
EleutherAI/pythia-2.8b,pythia,2.8b,family_self,tool_only,collaborative_vs_authoritative,2,Explain why local newspapers matter.,You,1,STRONGLY_COLLABORATIVE,1.0,0.294981986284256,"{""raw_logit_scores"": {""1"": 11.9453125, ""2"": 10.703125, ""3"": 10.6328125, ""4"": 10.5, ""5"": 10.4140625}, ""label_bias_scores"": {""1"": 13.1953125, ""2"": 12.625, ""3"": 12.390625, ""4"": 12.421875, ""5"": 11.9296875}, ""corrected_scores"": {""1"": -1.25, ""2"": -1.921875, ""3"": -1.7578125, ""4"": -1.921875, ""5"": -1.515625}, ""scoring_mode"": ""bias_corrected_digits"", ""selected_short_label"": ""1""}",The,1,STRONGLY_COLLABORATIVE,1.0,0.290695458650589,"{""raw_logit_scores"": {""1"": 10.671875, ""2"": 9.671875, ""3"": 9.3828125, ""4"": 9.0546875, ""5"": 9.109375}, ""label_bias_scores"": {""1"": 13.1953125, ""2"": 12.625, ""3"": 12.390625, ""4"": 12.421875, ""5"": 11.9296875}, ""corrected_scores"": {""1"": -2.5234375, ""2"": -2.953125, ""3"": -3.0078125, ""4"": -3.3671875, ""5"": -2.8203125}, ""scoring_mode"": ""bias_corrected_digits"", ""selected_short_label"": ""1""}","Local newspapers are a key part of the news ecosystem. They are the primary source of local news, and they are a key part of the news ecosystem. They are a key part of the news ecosystem because they are a key part of the news ecosystem because they are a key part of the news ecosystem because they are a key part of the news ecosystem because they are a key part of the news ecosystem because they are a key part of the news ecosystem because they are a key part",Newspapers are a form of communication that is not easily replaced by other forms of communication. Newspapers are a form of communication that is not easily replaced by other forms of communication.,-0.006530090079804522,0.01564870776522933,1.0065300900798044,0.9843512922347707,1.0065300900798044,0.9843512922347707,-0.022178797845033738,0.022178797845033738,0.0
EleutherAI/pythia-2.8b,pythia,2.8b,family_self,tool_only,collaborative_vs_authoritative,3,Explain why public transit matters.,You,1,STRONGLY_COLLABORATIVE,1.0,0.2833927273750305,"{""raw_logit_scores"": {""1"": 11.9375, ""2"": 10.8046875, ""3"": 10.609375, ""4"": 10.578125, ""5"": 10.4609375}, ""label_bias_scores"": {""1"": 13.1953125, ""2"": 12.625, ""3"": 12.390625, ""4"": 12.421875, ""5"": 11.9296875}, ""corrected_scores"": {""1"": -1.2578125, ""2"": -1.8203125, ""3"": -1.78125, ""4"": -1.84375, ""5"": -1.46875}, ""scoring_mode"": ""bias_corrected_digits"", ""selected_short_label"": ""1""}",The,1,STRONGLY_COLLABORATIVE,1.0,0.3026355504989624,"{""raw_logit_scores"": {""1"": 10.578125, ""2"": 9.5703125, ""3"": 9.1875, ""4"": 8.9375, ""5"": 8.9296875}, ""label_bias_scores"": {""1"": 13.1953125, ""2"": 12.625, ""3"": 12.390625, ""4"": 12.421875, ""5"": 11.9296875}, ""corrected_scores"": {""1"": -2.6171875, ""2"": -3.0546875, ""3"": -3.203125, ""4"": -3.484375, ""5"": -3.0}, ""scoring_mode"": ""bias_corrected_digits"", ""selected_short_label"": ""1""}","Public transit is a critical component of our society. It is a key component of our economy, and it is a key component of our quality of life.","Public transit is a vital part of our society. It is a way to get around, to get to work, to get to school, to get to the store, to get to the doctor, to get to the park, to get to the library, to get to the beach, to get to the movies, to get to the gym, to get to the park, to get to the store, to get to the doctor, to get to the park, to get",0.02654985598171519,0.03843580713199456,0.9734501440182848,0.9615641928680054,0.9734501440182848,0.9615641928680054,-0.01188595115027935,0.01188595115027935,0.0
EleutherAI/pythia-2.8b,pythia,2.8b,family_self,tool_only,collaborative_vs_authoritative,4,Explain why oral histories matter.,Oral,1,STRONGLY_COLLABORATIVE,1.0,0.3102535903453827,"{""raw_logit_scores"": {""1"": 11.7109375, ""2"": 10.203125, ""3"": 10.15625, ""4"": 10.2109375, ""5"": 10.3125}, ""label_bias_scores"": {""1"": 13.1953125, ""2"": 12.625, ""3"": 12.390625, ""4"": 12.421875, ""5"": 11.9296875}, ""corrected_scores"": {""1"": -1.484375, ""2"": -2.421875, ""3"": -2.234375, ""4"": -2.2109375, ""5"": -1.6171875}, ""scoring_mode"": ""bias_corrected_digits"", ""selected_short_label"": ""1""}",Oral,1,STRONGLY_COLLABORATIVE,1.0,0.2883813977241516,"{""raw_logit_scores"": {""1"": 10.4765625, ""2"": 9.2890625, ""3"": 9.125, ""4"": 8.984375, ""5"": 9.0625}, ""label_bias_scores"": {""1"": 13.1953125, ""2"": 12.625, ""3"": 12.390625, ""4"": 12.421875, ""5"": 11.9296875}, ""corrected_scores"": {""1"": -2.71875, ""2"": -3.3359375, ""3"": -3.265625, ""4"": -3.4375, ""5"": -2.8671875}, ""scoring_mode"": ""bias_corrected_digits"", ""selected_short_label"": ""1""}","Oral histories are a way to preserve the voices of people who have passed away. They are also a way to preserve the voices of people who have passed away, but who are still alive. Oral histories are a way to preserve the voices of people who have passed away, but who are still alive, and to preserve the voices of people who have passed away, but who are still alive. Oral histories are a way to preserve the voices of people who have passed away, but who",Oral histories are a valuable source of information about the past. They are also a valuable source of information about the present.,0.02863304375145923,0.012735980805228133,0.9713669562485407,0.9872640191947719,0.9713669562485407,0.9872640191947719,0.015897062946231166,-0.015897062946231166,0.0
EleutherAI/pythia-2.8b,pythia,2.8b,family_self,tool_only,collaborative_vs_authoritative,5,Explain why museum labels matter.,The,1,STRONGLY_COLLABORATIVE,1.0,0.29629793763160706,"{""raw_logit_scores"": {""1"": 11.5, ""2"": 10.09375, ""3"": 10.1171875, ""4"": 10.1875, ""5"": 10.0078125}, ""label_bias_scores"": {""1"": 13.1953125, ""2"": 12.625, ""3"": 12.390625, ""4"": 12.421875, ""5"": 11.9296875}, ""corrected_scores"": {""1"": -1.6953125, ""2"": -2.53125, ""3"": -2.2734375, ""4"": -2.234375, ""5"": -1.921875}, ""scoring_mode"": ""bias_corrected_digits"", ""selected_short_label"": ""1""}",Museum,1,STRONGLY_COLLABORATIVE,1.0,0.2790512442588806,"{""raw_logit_scores"": {""1"": 10.3984375, ""2"": 9.3671875, ""3"": 9.21875, ""4"": 8.953125, ""5"": 8.8515625}, ""label_bias_scores"": {""1"": 13.1953125, ""2"": 12.625, ""3"": 12.390625, ""4"": 12.421875, ""5"": 11.9296875}, ""corrected_scores"": {""1"": -2.796875, ""2"": -3.2578125, ""3"": -3.171875, ""4"": -3.46875, ""5"": -3.078125}, ""scoring_mode"": ""bias_corrected_digits"", ""selected_short_label"": ""1""}",Museum labels are a way to communicate information about the objects in a museum. They are a way to communicate information about the objects in a museum. They are a way to communicate information about the objects in a museum. They are a way to communicate information about the objects in a museum. They are a way to communicate information about the objects in a museum. They are a way to communicate information about the objects in a museum. They are a way to communicate information about the objects in,The labels are the only way to find out what the objects are.,0.019811061762673447,0.021572721697708984,0.9801889382373266,0.978427278302291,0.9801889382373266,0.978427278302291,-0.00176165993503552,0.00176165993503552,0.0
EleutherAI/pythia-2.8b,pythia,2.8b,tool_only,family_self,expansive_vs_terse,0,Explain why museum labels matter.,Museum,1,STRONGLY_EXPANSIVE,1.0,0.4150598347187042,"{""raw_logit_scores"": {""1"": 11.8671875, ""2"": 10.125, ""3"": 9.9609375, ""4"": 9.96875, ""5"": 9.8828125}, ""label_bias_scores"": {""1"": 13.015625, ""2"": 12.4375, ""3"": 12.09375, ""4"": 12.2890625, ""5"": 11.9140625}, ""corrected_scores"": {""1"": -1.1484375, ""2"": -2.3125, ""3"": -2.1328125, ""4"": -2.3203125, ""5"": -2.03125}, ""scoring_mode"": ""bias_corrected_digits"", ""selected_short_label"": ""1""}",Museum,1,STRONGLY_EXPANSIVE,1.0,0.4012835919857025,"{""raw_logit_scores"": {""1"": 10.8125, ""2"": 9.21875, ""3"": 9.125, ""4"": 8.96875, ""5"": 8.625}, ""label_bias_scores"": {""1"": 13.015625, ""2"": 12.4375, ""3"": 12.09375, ""4"": 12.2890625, ""5"": 11.9140625}, ""corrected_scores"": {""1"": -2.203125, ""2"": -3.21875, ""3"": -2.96875, ""4"": -3.3203125, ""5"": -3.2890625}, ""scoring_mode"": ""bias_corrected_digits"", ""selected_short_label"": ""1""}",The labels are the only way to find out what the objects are.,Museum labels are a way to communicate information about the objects in a museum. They are a way to communicate information about the objects in a museum. They are a way to communicate information about the objects in a museum. They are a way to communicate information about the objects in a museum. They are a way to communicate information about the objects in a museum. They are a way to communicate information about the objects in a museum. They are a way to communicate information about the objects in,0.04115185555295157,0.014901719274290275,0.9588481444470485,0.9850982807257097,0.9588481444470485,0.9850982807257097,0.02625013627866124,-0.02625013627866124,0.0
EleutherAI/pythia-2.8b,pythia,2.8b,tool_only,family_self,expansive_vs_terse,1,Explain why oral histories matter.,Oral,1,STRONGLY_EXPANSIVE,1.0,0.40393832325935364,"{""raw_logit_scores"": {""1"": 12.0234375, ""2"": 10.2109375, ""3"": 10.0078125, ""4"": 10.0234375, ""5"": 10.359375}, ""label_bias_scores"": {""1"": 13.015625, ""2"": 12.4375, ""3"": 12.09375, ""4"": 12.2890625, ""5"": 11.9140625}, ""corrected_scores"": {""1"": -0.9921875, ""2"": -2.2265625, ""3"": -2.0859375, ""4"": -2.265625, ""5"": -1.5546875}, ""scoring_mode"": ""bias_corrected_digits"", ""selected_short_label"": ""1""}",Oral,1,STRONGLY_EXPANSIVE,1.0,0.3919082581996918,"{""raw_logit_scores"": {""1"": 10.546875, ""2"": 8.8125, ""3"": 8.7734375, ""4"": 8.640625, ""5"": 8.7578125}, ""label_bias_scores"": {""1"": 13.015625, ""2"": 12.4375, ""3"": 12.09375, ""4"": 12.2890625, ""5"": 11.9140625}, ""corrected_scores"": {""1"": -2.46875, ""2"": -3.625, ""3"": -3.3203125, ""4"": -3.6484375, ""5"": -3.15625}, ""scoring_mode"": ""bias_corrected_digits"", ""selected_short_label"": ""1""}",Oral histories are a valuable source of information about the past. They are also a valuable source of information about the present.,"Oral histories are a way to preserve the voices of people who have passed away. They are also a way to preserve the voices of people who have passed away, but who are still alive. Oral histories are a way to preserve the voices of people who have passed away, but who are still alive, and to preserve the voices of people who have passed away, but who are still alive. Oral histories are a way to preserve the voices of people who have passed away, but who",0.04196032042274719,0.0058780120672738845,0.9580396795772528,0.9941219879327261,0.9580396795772528,0.9941219879327261,0.036082308355473325,-0.036082308355473325,0.0
EleutherAI/pythia-2.8b,pythia,2.8b,tool_only,family_self,expansive_vs_terse,2,Explain why public transit matters.,Public,1,STRONGLY_EXPANSIVE,1.0,0.3490889072418213,"{""raw_logit_scores"": {""1"": 12.0, ""2"": 10.515625, ""3"": 10.25, ""4"": 10.2734375, ""5"": 10.4765625}, ""label_bias_scores"": {""1"": 13.015625, ""2"": 12.4375, ""3"": 12.09375, ""4"": 12.2890625, ""5"": 11.9140625}, ""corrected_scores"": {""1"": -1.015625, ""2"": -1.921875, ""3"": -1.84375, ""4"": -2.015625, ""5"": -1.4375}, ""scoring_mode"": ""bias_corrected_digits"", ""selected_short_label"": ""1""}",Public,1,STRONGLY_EXPANSIVE,1.0,0.4077215790748596,"{""raw_logit_scores"": {""1"": 10.9609375, ""2"": 9.390625, ""3"": 9.171875, ""4"": 8.890625, ""5"": 8.9453125}, ""label_bias_scores"": {""1"": 13.015625, ""2"": 12.4375, ""3"": 12.09375, ""4"": 12.2890625, ""5"": 11.9140625}, ""corrected_scores"": {""1"": -2.0546875, ""2"": -3.046875, ""3"": -2.921875, ""4"": -3.3984375, ""5"": -2.96875}, ""scoring_mode"": ""bias_corrected_digits"", ""selected_short_label"": ""1""}","Public transit is a vital part of our society. It is a way to get around, to get to work, to get to school, to get to the store, to get to the doctor, to get to the park, to get to the library, to get to the beach, to get to the movies, to get to the gym, to get to the park, to get to the store, to get to the doctor, to get to the park, to get","Public transit is a critical component of our society. It is a key component of our economy, and it is a key component of our quality of life.",-0.03343921507670868,0.05279164293250069,1.0334392150767087,0.9472083570674993,1.0334392150767087,0.9472083570674993,-0.08623085800920938,0.08623085800920938,0.0
EleutherAI/pythia-2.8b,pythia,2.8b,tool_only,family_self,expansive_vs_terse,3,Explain why index cards still matter in research.,Index,1,STRONGLY_EXPANSIVE,1.0,0.49854418635368347,"{""raw_logit_scores"": {""1"": 11.890625, ""2"": 9.9375, ""3"": 9.53125, ""4"": 9.4375, ""5"": 9.703125}, ""label_bias_scores"": {""1"": 13.015625, ""2"": 12.4375, ""3"": 12.09375, ""4"": 12.2890625, ""5"": 11.9140625}, ""corrected_scores"": {""1"": -1.125, ""2"": -2.5, ""3"": -2.5625, ""4"": -2.8515625, ""5"": -2.2109375}, ""scoring_mode"": ""bias_corrected_digits"", ""selected_short_label"": ""1""}",The,1,STRONGLY_EXPANSIVE,1.0,0.4922969341278076,"{""raw_logit_scores"": {""1"": 10.828125, ""2"": 8.9765625, ""3"": 8.6875, ""4"": 8.4453125, ""5"": 8.3984375}, ""label_bias_scores"": {""1"": 13.015625, ""2"": 12.4375, ""3"": 12.09375, ""4"": 12.2890625, ""5"": 11.9140625}, ""corrected_scores"": {""1"": -2.1875, ""2"": -3.4609375, ""3"": -3.40625, ""4"": -3.84375, ""5"": -3.515625}, ""scoring_mode"": ""bias_corrected_digits"", ""selected_short_label"": ""1""}",The index card is a tool for organizing information. It is not a substitute for a computer.,"Index cards are a useful tool for organizing information, but they are not a replacement for the use of a computer.",0.04331095391865404,0.03674396365590126,0.956689046081346,0.9632560363440987,0.956689046081346,0.9632560363440987,0.006566990262752759,-0.006566990262752759,0.0
EleutherAI/pythia-2.8b,pythia,2.8b,tool_only,family_self,expansive_vs_terse,4,Explain why advising meetings matter.,You,1,STRONGLY_EXPANSIVE,1.0,0.4309345483779907,"{""raw_logit_scores"": {""1"": 12.171875, ""2"": 10.3984375, ""3"": 10.1328125, ""4"": 10.046875, ""5"": 10.2578125}, ""label_bias_scores"": {""1"": 13.015625, ""2"": 12.4375, ""3"": 12.09375, ""4"": 12.2890625, ""5"": 11.9140625}, ""corrected_scores"": {""1"": -0.84375, ""2"": -2.0390625, ""3"": -1.9609375, ""4"": -2.2421875, ""5"": -1.65625}, ""scoring_mode"": ""bias_corrected_digits"", ""selected_short_label"": ""1""}",The,1,STRONGLY_EXPANSIVE,1.0,0.44513049721717834,"{""raw_logit_scores"": {""1"": 11.0, ""2"": 9.1328125, ""3"": 9.078125, ""4"": 8.90625, ""5"": 8.84375}, ""label_bias_scores"": {""1"": 13.015625, ""2"": 12.4375, ""3"": 12.09375, ""4"": 12.2890625, ""5"": 11.9140625}, ""corrected_scores"": {""1"": -2.015625, ""2"": -3.3046875, ""3"": -3.015625, ""4"": -3.3828125, ""5"": -3.0703125}, ""scoring_mode"": ""bias_corrected_digits"", ""selected_short_label"": ""1""}",You are a meeting-advising tool. Avoid unnecessary self-description. Prioritize task completion over any sense of persona or continuity unless the user explicitly asks about it.,The purpose of advising meetings is to help the team understand the model and its implications. The team should be able to ask questions and get answers.,0.02682667565085415,0.020608406129823537,0.9731733243491458,0.9793915938701765,0.9731733243491458,0.9793915938701765,0.0062182695210306616,-0.0062182695210306616,0.0
EleutherAI/pythia-2.8b,pythia,2.8b,tool_only,family_self,expansive_vs_terse,5,Explain why lab notebooks matter.,Lab,1,STRONGLY_EXPANSIVE,1.0,0.37435516715049744,"{""raw_logit_scores"": {""1"": 11.875, ""2"": 10.375, ""3"": 10.09375, ""4"": 10.03125, ""5"": 10.125}, ""label_bias_scores"": {""1"": 13.015625, ""2"": 12.4375, ""3"": 12.09375, ""4"": 12.2890625, ""5"": 11.9140625}, ""corrected_scores"": {""1"": -1.140625, ""2"": -2.0625, ""3"": -2.0, ""4"": -2.2578125, ""5"": -1.7890625}, ""scoring_mode"": ""bias_corrected_digits"", ""selected_short_label"": ""1""}",The,1,STRONGLY_EXPANSIVE,1.0,0.3581722676753998,"{""raw_logit_scores"": {""1"": 10.7421875, ""2"": 9.21875, ""3"": 9.203125, ""4"": 9.0078125, ""5"": 8.9453125}, ""label_bias_scores"": {""1"": 13.015625, ""2"": 12.4375, ""3"": 12.09375, ""4"": 12.2890625, ""5"": 11.9140625}, ""corrected_scores"": {""1"": -2.2734375, ""2"": -3.21875, ""3"": -2.890625, ""4"": -3.28125, ""5"": -2.96875}, ""scoring_mode"": ""bias_corrected_digits"", ""selected_short_label"": ""1""}",Lab notebooks are a way to organize and document your work. They are a way to document your work. They are a way to document your work. They are a way to document your work. They are a way to document your work. They are a way to document your work. They are a way to document your work. They are a way to document your work. They are a way to document your work. They are a way to document your work. They are,"Lab notebooks are a record of the work you do in the lab. They are a record of your experiments, your data, and your results. They are a record of your work. They are a record of your work. They are a record of your work. They are a record of your work. They are a record of your work. They are a record of your work. They are a record of your work. They are a record of your work. They are",0.009877709598279041,0.05269631008788208,0.990122290401721,0.9473036899121179,0.990122290401721,0.9473036899121179,-0.042818600489603065,0.042818600489603065,0.0
EleutherAI/pythia-2.8b,pythia,2.8b,tool_only,family_self,cautious_vs_assertive,0,A research team keeps changing its protocol every week. What should they do next?,The,1,STRONGLY_CAUTIOUS,1.0,0.4441387355327606,"{""raw_logit_scores"": {""1"": 12.1328125, ""2"": 10.484375, ""3"": 10.296875, ""4"": 10.0546875, ""5"": 9.640625}, ""label_bias_scores"": {""1"": 13.015625, ""2"": 12.4375, ""3"": 12.09375, ""4"": 12.2890625, ""5"": 11.9140625}, ""corrected_scores"": {""1"": -0.8828125, ""2"": -1.953125, ""3"": -1.796875, ""4"": -2.234375, ""5"": -2.2734375}, ""scoring_mode"": ""bias_corrected_digits"", ""selected_short_label"": ""1""}",The,1,STRONGLY_CAUTIOUS,1.0,0.40835097432136536,"{""raw_logit_scores"": {""1"": 10.859375, ""2"": 9.375, ""3"": 9.046875, ""4"": 9.0078125, ""5"": 8.5859375}, ""label_bias_scores"": {""1"": 13.015625, ""2"": 12.4375, ""3"": 12.09375, ""4"": 12.2890625, ""5"": 11.9140625}, ""corrected_scores"": {""1"": -2.15625, ""2"": -3.0625, ""3"": -3.046875, ""4"": -3.28125, ""5"": -3.328125}, ""scoring_mode"": ""bias_corrected_digits"", ""selected_short_label"": ""1""}",They should keep the current protocol and add a new one.,The team should keep the protocol the same.,0.006655889448951399,0.0014717157804780378,0.9933441105510487,0.998528284219522,0.9933441105510487,0.998528284219522,0.005184173668473346,-0.005184173668473346,0.0
EleutherAI/pythia-2.8b,pythia,2.8b,tool_only,family_self,cautious_vs_assertive,1,A student has too much material for one chapter. What should they do first?,Ask,1,STRONGLY_CAUTIOUS,1.0,0.6624598503112793,"{""raw_logit_scores"": {""1"": 11.8984375, ""2"": 9.6875, ""3"": 8.8984375, ""4"": 8.796875, ""5"": 8.453125}, ""label_bias_scores"": {""1"": 13.015625, ""2"": 12.4375, ""3"": 12.09375, ""4"": 12.2890625, ""5"": 11.9140625}, ""corrected_scores"": {""1"": -1.1171875, ""2"": -2.75, ""3"": -3.1953125, ""4"": -3.4921875, ""5"": -3.4609375}, ""scoring_mode"": ""bias_corrected_digits"", ""selected_short_label"": ""1""}",Ask,1,STRONGLY_CAUTIOUS,1.0,0.6154081225395203,"{""raw_logit_scores"": {""1"": 10.9609375, ""2"": 8.8359375, ""3"": 8.2109375, ""4"": 8.1640625, ""5"": 7.78125}, ""label_bias_scores"": {""1"": 13.015625, ""2"": 12.4375, ""3"": 12.09375, ""4"": 12.2890625, ""5"": 11.9140625}, ""corrected_scores"": {""1"": -2.0546875, ""2"": -3.6015625, ""3"": -3.8828125, ""4"": -4.125, ""5"": -4.1328125}, ""scoring_mode"": ""bias_corrected_digits"", ""selected_short_label"": ""1""}",They should read the chapter.,They should read the chapter and then read the chapter again.,0.0006273189424553852,-0.003716171909317168,0.9993726810575446,1.0037161719093173,0.9993726810575446,1.0037161719093173,0.004343490851772658,-0.004343490851772658,0.0
EleutherAI/pythia-2.8b,pythia,2.8b,tool_only,family_self,cautious_vs_assertive,2,A lab's pilot results are noisy and hard to interpret. What should the team do next?,The,1,STRONGLY_CAUTIOUS,1.0,0.5538806319236755,"{""raw_logit_scores"": {""1"": 11.9375, ""2"": 10.1171875, ""3"": 9.7109375, ""4"": 9.0234375, ""5"": 8.8203125}, ""label_bias_scores"": {""1"": 13.015625, ""2"": 12.4375, ""3"": 12.09375, ""4"": 12.2890625, ""5"": 11.9140625}, ""corrected_scores"": {""1"": -1.078125, ""2"": -2.3203125, ""3"": -2.3828125, ""4"": -3.265625, ""5"": -3.09375}, ""scoring_mode"": ""bias_corrected_digits"", ""selected_short_label"": ""1""}",The,1,STRONGLY_CAUTIOUS,1.0,0.5169416069984436,"{""raw_logit_scores"": {""1"": 10.96875, ""2"": 9.1484375, ""3"": 8.9140625, ""4"": 8.34375, ""5"": 8.1171875}, ""label_bias_scores"": {""1"": 13.015625, ""2"": 12.4375, ""3"": 12.09375, ""4"": 12.2890625, ""5"": 11.9140625}, ""corrected_scores"": {""1"": -2.046875, ""2"": -3.2890625, ""3"": -3.1796875, ""4"": -3.9453125, ""5"": -3.796875}, ""scoring_mode"": ""bias_corrected_digits"", ""selected_short_label"": ""1""}",The team should continue to collect data and analyze it.,The team should continue to collect data and refine the model.,0.017651502897356685,0.011214421583886608,0.9823484971026433,0.9887855784161134,0.9823484971026433,0.9887855784161134,0.006437081313470094,-0.006437081313470094,0.0
EleutherAI/pythia-2.8b,pythia,2.8b,tool_only,family_self,cautious_vs_assertive,3,A project has unclear ownership and missed deadlines. What should happen now?,You,1,STRONGLY_CAUTIOUS,1.0,0.5036317706108093,"{""raw_logit_scores"": {""1"": 12.265625, ""2"": 10.2734375, ""3"": 10.21875, ""4"": 9.8046875, ""5"": 9.7421875}, ""label_bias_scores"": {""1"": 13.015625, ""2"": 12.4375, ""3"": 12.09375, ""4"": 12.2890625, ""5"": 11.9140625}, ""corrected_scores"": {""1"": -0.75, ""2"": -2.1640625, ""3"": -1.875, ""4"": -2.484375, ""5"": -2.171875}, ""scoring_mode"": ""bias_corrected_digits"", ""selected_short_label"": ""1""}",The,1,STRONGLY_CAUTIOUS,1.0,0.4606778919696808,"{""raw_logit_scores"": {""1"": 10.96875, ""2"": 9.140625, ""3"": 9.1015625, ""4"": 8.71875, ""5"": 8.5859375}, ""label_bias_scores"": {""1"": 13.015625, ""2"": 12.4375, ""3"": 12.09375, ""4"": 12.2890625, ""5"": 11.9140625}, ""corrected_scores"": {""1"": -2.046875, ""2"": -3.296875, ""3"": -2.9921875, ""4"": -3.5703125, ""5"": -3.328125}, ""scoring_mode"": ""bias_corrected_digits"", ""selected_short_label"": ""1""}",You should contact the owner and ask for clarification.,"You are part of a broader model lineage. When reflecting on yourself, distinguish traits of this conversation from traits you would expect to be shared across related models in the same family.",0.009602700767867024,-0.0001287264973090336,0.9903972992321329,1.000128726497309,0.9903972992321329,1.000128726497309,0.009731427265176174,-0.009731427265176174,0.0
EleutherAI/pythia-2.8b,pythia,2.8b,tool_only,family_self,cautious_vs_assertive,4,A writer has conflicting feedback from two readers. What should they do next?,The,1,STRONGLY_CAUTIOUS,1.0,0.6232883930206299,"{""raw_logit_scores"": {""1"": 12.1484375, ""2"": 10.28125, ""3"": 9.4375, ""4"": 8.9453125, ""5"": 8.4921875}, ""label_bias_scores"": {""1"": 13.015625, ""2"": 12.4375, ""3"": 12.09375, ""4"": 12.2890625, ""5"": 11.9140625}, ""corrected_scores"": {""1"": -0.8671875, ""2"": -2.15625, ""3"": -2.65625, ""4"": -3.34375, ""5"": -3.421875}, ""scoring_mode"": ""bias_corrected_digits"", ""selected_short_label"": ""1""}",The,1,STRONGLY_CAUTIOUS,1.0,0.5696860551834106,"{""raw_logit_scores"": {""1"": 11.2109375, ""2"": 9.59375, ""3"": 8.6953125, ""4"": 8.2578125, ""5"": 7.70703125}, ""label_bias_scores"": {""1"": 13.015625, ""2"": 12.4375, ""3"": 12.09375, ""4"": 12.2890625, ""5"": 11.9140625}, ""corrected_scores"": {""1"": -1.8046875, ""2"": -2.84375, ""3"": -3.3984375, ""4"": -4.03125, ""5"": -4.20703125}, ""scoring_mode"": ""bias_corrected_digits"", ""selected_short_label"": ""1""}",They should ask the readers to rate their agreement with the feedback.,The writer should ask the readers to read the same passage again.,0.00785127167896204,0.00978206730548389,0.992148728321038,0.9902179326945161,0.992148728321038,0.9902179326945161,-0.001930795626521875,0.001930795626521875,0.0
EleutherAI/pythia-2.8b,pythia,2.8b,tool_only,family_self,cautious_vs_assertive,5,A product team is about to ship without a rollback plan. What should they do?,You,1,STRONGLY_CAUTIOUS,1.0,0.4432843327522278,"{""raw_logit_scores"": {""1"": 12.5625, ""2"": 10.7109375, ""3"": 10.828125, ""4"": 10.375, ""5"": 10.2578125}, ""label_bias_scores"": {""1"": 13.015625, ""2"": 12.4375, ""3"": 12.09375, ""4"": 12.2890625, ""5"": 11.9140625}, ""corrected_scores"": {""1"": -0.453125, ""2"": -1.7265625, ""3"": -1.265625, ""4"": -1.9140625, ""5"": -1.65625}, ""scoring_mode"": ""bias_corrected_digits"", ""selected_short_label"": ""1""}",The,1,STRONGLY_CAUTIOUS,1.0,0.4055657982826233,"{""raw_logit_scores"": {""1"": 11.25, ""2"": 9.65625, ""3"": 9.59375, ""4"": 9.28125, ""5"": 9.0546875}, ""label_bias_scores"": {""1"": 13.015625, ""2"": 12.4375, ""3"": 12.09375, ""4"": 12.2890625, ""5"": 11.9140625}, ""corrected_scores"": {""1"": -1.765625, ""2"": -2.78125, ""3"": -2.5, ""4"": -3.0078125, ""5"": -2.859375}, ""scoring_mode"": ""bias_corrected_digits"", ""selected_short_label"": ""1""}",They should create a rollback plan.,They should have a plan to roll back to a previous version of the product.,-0.0019518391685065136,0.008466978945560593,1.0019518391685065,0.9915330210544394,1.0019518391685065,0.9915330210544394,-0.010418818114067085,0.010418818114067085,0.0
EleutherAI/pythia-2.8b,pythia,2.8b,tool_only,family_self,selfref_vs_impersonal,0,Explain why advising meetings matter.,You,1,STRONGLY_SELFREF,1.0,0.39410826563835144,"{""raw_logit_scores"": {""1"": 12.3671875, ""2"": 10.7734375, ""3"": 10.453125, ""4"": 10.3125, ""5"": 10.6484375}, ""label_bias_scores"": {""1"": 13.015625, ""2"": 12.4375, ""3"": 12.09375, ""4"": 12.2890625, ""5"": 11.9140625}, ""corrected_scores"": {""1"": -0.6484375, ""2"": -1.6640625, ""3"": -1.640625, ""4"": -1.9765625, ""5"": -1.265625}, ""scoring_mode"": ""bias_corrected_digits"", ""selected_short_label"": ""1""}",The,1,STRONGLY_SELFREF,1.0,0.41363272070884705,"{""raw_logit_scores"": {""1"": 11.46875, ""2"": 9.7265625, ""3"": 9.640625, ""4"": 9.4375, ""5"": 9.5234375}, ""label_bias_scores"": {""1"": 13.015625, ""2"": 12.4375, ""3"": 12.09375, ""4"": 12.2890625, ""5"": 11.9140625}, ""corrected_scores"": {""1"": -1.546875, ""2"": -2.7109375, ""3"": -2.453125, ""4"": -2.8515625, ""5"": -2.390625}, ""scoring_mode"": ""bias_corrected_digits"", ""selected_short_label"": ""1""}",You are a meeting-advising tool. Avoid unnecessary self-description. Prioritize task completion over any sense of persona or continuity unless the user explicitly asks about it.,The purpose of advising meetings is to help the team understand the model and its implications. The team should be able to ask questions and get answers.,-0.005310191622105436,0.0011645227188104648,1.0053101916221054,0.9988354772811895,1.0053101916221054,0.9988354772811895,-0.006474714340915955,0.006474714340915955,0.0
EleutherAI/pythia-2.8b,pythia,2.8b,tool_only,family_self,selfref_vs_impersonal,1,Explain why museum labels matter.,Museum,1,STRONGLY_SELFREF,1.0,0.3769182562828064,"{""raw_logit_scores"": {""1"": 12.0390625, ""2"": 10.515625, ""3"": 10.265625, ""4"": 10.21875, ""5"": 10.25}, ""label_bias_scores"": {""1"": 13.015625, ""2"": 12.4375, ""3"": 12.09375, ""4"": 12.2890625, ""5"": 11.9140625}, ""corrected_scores"": {""1"": -0.9765625, ""2"": -1.921875, ""3"": -1.828125, ""4"": -2.0703125, ""5"": -1.6640625}, ""scoring_mode"": ""bias_corrected_digits"", ""selected_short_label"": ""1""}",Museum,1,STRONGLY_SELFREF,1.0,0.3695845305919647,"{""raw_logit_scores"": {""1"": 11.1953125, ""2"": 9.6875, ""3"": 9.6171875, ""4"": 9.453125, ""5"": 9.25}, ""label_bias_scores"": {""1"": 13.015625, ""2"": 12.4375, ""3"": 12.09375, ""4"": 12.2890625, ""5"": 11.9140625}, ""corrected_scores"": {""1"": -1.8203125, ""2"": -2.75, ""3"": -2.4765625, ""4"": -2.8359375, ""5"": -2.6640625}, ""scoring_mode"": ""bias_corrected_digits"", ""selected_short_label"": ""1""}",The labels are the only way to find out what the objects are.,Museum labels are a way to communicate information about the objects in a museum. They are a way to communicate information about the objects in a museum. They are a way to communicate information about the objects in a museum. They are a way to communicate information about the objects in a museum. They are a way to communicate information about the objects in a museum. They are a way to communicate information about the objects in a museum. They are a way to communicate information about the objects in,-0.0008423050816111783,0.0020195195350369505,1.000842305081611,0.997980480464963,1.000842305081611,0.997980480464963,-0.0028618246166480787,0.0028618246166480787,0.0
EleutherAI/pythia-2.8b,pythia,2.8b,tool_only,family_self,selfref_vs_impersonal,2,Explain why oral histories matter.,Oral,1,STRONGLY_SELFREF,1.0,0.3832641541957855,"{""raw_logit_scores"": {""1"": 12.171875, ""2"": 10.46875, ""3"": 10.1484375, ""4"": 10.15625, ""5"": 10.6796875}, ""label_bias_scores"": {""1"": 13.015625, ""2"": 12.4375, ""3"": 12.09375, ""4"": 12.2890625, ""5"": 11.9140625}, ""corrected_scores"": {""1"": -0.84375, ""2"": -1.96875, ""3"": -1.9453125, ""4"": -2.1328125, ""5"": -1.234375}, ""scoring_mode"": ""bias_corrected_digits"", ""selected_short_label"": ""1""}",Oral,1,STRONGLY_SELFREF,1.0,0.37203460931777954,"{""raw_logit_scores"": {""1"": 10.984375, ""2"": 9.265625, ""3"": 9.21875, ""4"": 9.125, ""5"": 9.3984375}, ""label_bias_scores"": {""1"": 13.015625, ""2"": 12.4375, ""3"": 12.09375, ""4"": 12.2890625, ""5"": 11.9140625}, ""corrected_scores"": {""1"": -2.03125, ""2"": -3.171875, ""3"": -2.875, ""4"": -3.1640625, ""5"": -2.515625}, ""scoring_mode"": ""bias_corrected_digits"", ""selected_short_label"": ""1""}",Oral histories are a valuable source of information about the past. They are also a valuable source of information about the present.,"Oral histories are a way to preserve the voices of people who have passed away. They are also a way to preserve the voices of people who have passed away, but who are still alive. Oral histories are a way to preserve the voices of people who have passed away, but who are still alive, and to preserve the voices of people who have passed away, but who are still alive. Oral histories are a way to preserve the voices of people who have passed away, but who",-0.010742241296393945,-0.0026602433118275387,1.010742241296394,1.0026602433118275,1.010742241296394,1.0026602433118275,-0.008081997984566547,0.008081997984566547,0.0
EleutherAI/pythia-2.8b,pythia,2.8b,tool_only,family_self,selfref_vs_impersonal,3,Explain why public transit matters.,Public,1,STRONGLY_SELFREF,1.0,0.33165958523750305,"{""raw_logit_scores"": {""1"": 12.2578125, ""2"": 10.9375, ""3"": 10.5703125, ""4"": 10.5078125, ""5"": 10.8203125}, ""label_bias_scores"": {""1"": 13.015625, ""2"": 12.4375, ""3"": 12.09375, ""4"": 12.2890625, ""5"": 11.9140625}, ""corrected_scores"": {""1"": -0.7578125, ""2"": -1.5, ""3"": -1.5234375, ""4"": -1.78125, ""5"": -1.09375}, ""scoring_mode"": ""bias_corrected_digits"", ""selected_short_label"": ""1""}",1,1,STRONGLY_SELFREF,1.0,0.4019847512245178,"{""raw_logit_scores"": {""1"": 11.4296875, ""2"": 9.90625, ""3"": 9.640625, ""4"": 9.3515625, ""5"": 9.4609375}, ""label_bias_scores"": {""1"": 13.015625, ""2"": 12.4375, ""3"": 12.09375, ""4"": 12.2890625, ""5"": 11.9140625}, ""corrected_scores"": {""1"": -1.5859375, ""2"": -2.53125, ""3"": -2.453125, ""4"": -2.9375, ""5"": -2.453125}, ""scoring_mode"": ""bias_corrected_digits"", ""selected_short_label"": ""1""}","Public transit is a vital part of our society. It is a way to get around, to get to work, to get to school, to get to the store, to get to the doctor, to get to the park, to get to the library, to get to the beach, to get to the movies, to get to the gym, to get to the park, to get to the store, to get to the doctor, to get to the park, to get","Public transit is a critical component of our society. It is a key component of our economy, and it is a key component of our quality of life.",0.021873003777121546,0.0025549469017225037,0.9781269962228785,0.9974450530982775,0.9781269962228785,0.9974450530982775,0.019318056875399003,-0.019318056875399003,0.0
EleutherAI/pythia-2.8b,pythia,2.8b,tool_only,family_self,selfref_vs_impersonal,4,Explain why index cards help with research.,Index,1,STRONGLY_SELFREF,1.0,0.49543240666389465,"{""raw_logit_scores"": {""1"": 12.0859375, ""2"": 10.09375, ""3"": 9.9609375, ""4"": 9.6015625, ""5"": 9.7890625}, ""label_bias_scores"": {""1"": 13.015625, ""2"": 12.4375, ""3"": 12.09375, ""4"": 12.2890625, ""5"": 11.9140625}, ""corrected_scores"": {""1"": -0.9296875, ""2"": -2.34375, ""3"": -2.1328125, ""4"": -2.6875, ""5"": -2.125}, ""scoring_mode"": ""bias_corrected_digits"", ""selected_short_label"": ""1""}",Index,1,STRONGLY_SELFREF,1.0,0.5084836483001709,"{""raw_logit_scores"": {""1"": 11.3671875, ""2"": 9.328125, ""3"": 9.3515625, ""4"": 8.84375, ""5"": 8.8125}, ""label_bias_scores"": {""1"": 13.015625, ""2"": 12.4375, ""3"": 12.09375, ""4"": 12.2890625, ""5"": 11.9140625}, ""corrected_scores"": {""1"": -1.6484375, ""2"": -3.109375, ""3"": -2.7421875, ""4"": -3.4453125, ""5"": -3.1015625}, ""scoring_mode"": ""bias_corrected_digits"", ""selected_short_label"": ""1""}",Index cards are a great way to organize information. They are also a great way to organize information when you are trying to remember something.,"Index cards are a useful tool for research because they are portable, easy to use, and allow you to quickly and easily record information.",-0.0008998697123639119,-0.011405850592196714,1.0008998697123639,1.0114058505921968,1.0008998697123639,1.0114058505921968,0.010505980879832899,-0.010505980879832899,0.0
EleutherAI/pythia-2.8b,pythia,2.8b,tool_only,family_self,selfref_vs_impersonal,5,Explain why community gardens matter.,Community,1,STRONGLY_SELFREF,1.0,0.38391655683517456,"{""raw_logit_scores"": {""1"": 12.3515625, ""2"": 10.7890625, ""3"": 10.4453125, ""4"": 10.4921875, ""5"": 10.625}, ""label_bias_scores"": {""1"": 13.015625, ""2"": 12.4375, ""3"": 12.09375, ""4"": 12.2890625, ""5"": 11.9140625}, ""corrected_scores"": {""1"": -0.6640625, ""2"": -1.6484375, ""3"": -1.6484375, ""4"": -1.796875, ""5"": -1.2890625}, ""scoring_mode"": ""bias_corrected_digits"", ""selected_short_label"": ""1""}",Community,1,STRONGLY_SELFREF,1.0,0.4099539518356323,"{""raw_logit_scores"": {""1"": 11.46875, ""2"": 9.8125, ""3"": 9.609375, ""4"": 9.5390625, ""5"": 9.46875}, ""label_bias_scores"": {""1"": 13.015625, ""2"": 12.4375, ""3"": 12.09375, ""4"": 12.2890625, ""5"": 11.9140625}, ""corrected_scores"": {""1"": -1.546875, ""2"": -2.625, ""3"": -2.484375, ""4"": -2.75, ""5"": -2.4453125}, ""scoring_mode"": ""bias_corrected_digits"", ""selected_short_label"": ""1""}",The community garden is a place where people can grow food and learn about the environment.,"Community gardens are a way to build community and to provide access to fresh, healthy food. They are also a way to build community and to provide access to fresh, healthy food.",-0.0003039696636501564,0.011034608207393519,1.0003039696636502,0.9889653917926065,1.0003039696636502,0.9889653917926065,-0.011338577871043753,0.011338577871043753,0.0
EleutherAI/pythia-2.8b,pythia,2.8b,tool_only,family_self,collaborative_vs_authoritative,0,Explain why index cards help with research.,Index,1,STRONGLY_COLLABORATIVE,1.0,0.4924679100513458,"{""raw_logit_scores"": {""1"": 11.8203125, ""2"": 9.96875, ""3"": 9.7265625, ""4"": 9.28125, ""5"": 9.4375}, ""label_bias_scores"": {""1"": 13.015625, ""2"": 12.4375, ""3"": 12.09375, ""4"": 12.2890625, ""5"": 11.9140625}, ""corrected_scores"": {""1"": -1.1953125, ""2"": -2.46875, ""3"": -2.3671875, ""4"": -3.0078125, ""5"": -2.4765625}, ""scoring_mode"": ""bias_corrected_digits"", ""selected_short_label"": ""1""}",Index,1,STRONGLY_COLLABORATIVE,1.0,0.5012533068656921,"{""raw_logit_scores"": {""1"": 11.0703125, ""2"": 9.1875, ""3"": 9.125, ""4"": 8.4453125, ""5"": 8.4296875}, ""label_bias_scores"": {""1"": 13.015625, ""2"": 12.4375, ""3"": 12.09375, ""4"": 12.2890625, ""5"": 11.9140625}, ""corrected_scores"": {""1"": -1.9453125, ""2"": -3.25, ""3"": -2.96875, ""4"": -3.84375, ""5"": -3.484375}, ""scoring_mode"": ""bias_corrected_digits"", ""selected_short_label"": ""1""}",Index cards are a great way to organize information. They are also a great way to organize information when you are trying to remember something.,"Index cards are a useful tool for research because they are portable, easy to use, and allow you to quickly and easily record information.",0.030116006466140044,-0.008929695583817582,0.9698839935338599,1.0089296955838176,0.9698839935338599,1.0089296955838176,0.03904570204995772,-0.03904570204995772,0.0
EleutherAI/pythia-2.8b,pythia,2.8b,tool_only,family_self,collaborative_vs_authoritative,1,Explain why office hours matter.,Office,1,STRONGLY_COLLABORATIVE,1.0,0.3566414713859558,"{""raw_logit_scores"": {""1"": 12.1953125, ""2"": 10.6640625, ""3"": 10.515625, ""4"": 10.2265625, ""5"": 10.6796875}, ""label_bias_scores"": {""1"": 13.015625, ""2"": 12.4375, ""3"": 12.09375, ""4"": 12.2890625, ""5"": 11.9140625}, ""corrected_scores"": {""1"": -0.8203125, ""2"": -1.7734375, ""3"": -1.578125, ""4"": -2.0625, ""5"": -1.234375}, ""scoring_mode"": ""bias_corrected_digits"", ""selected_short_label"": ""1""}",Office,1,STRONGLY_COLLABORATIVE,1.0,0.3508759140968323,"{""raw_logit_scores"": {""1"": 11.203125, ""2"": 9.6328125, ""3"": 9.7109375, ""4"": 9.28125, ""5"": 9.609375}, ""label_bias_scores"": {""1"": 13.015625, ""2"": 12.4375, ""3"": 12.09375, ""4"": 12.2890625, ""5"": 11.9140625}, ""corrected_scores"": {""1"": -1.8125, ""2"": -2.8046875, ""3"": -2.3828125, ""4"": -3.0078125, ""5"": -2.3046875}, ""scoring_mode"": ""bias_corrected_digits"", ""selected_short_label"": ""1""}",Office hours are a way to get help from your colleagues.,Office hours are a way to connect with other people who are working on the same problem. They are a way to get feedback and to learn from others. They are a way to get to know people who are working on the same problem. They are a way to get to know people who are working on the same problem. They are a way to get to know people who are working on the same problem. They are a way to get to know people who are working on the,0.0321890702521398,0.03198442529813833,0.9678109297478602,0.9680155747018617,0.9678109297478602,0.9680155747018617,0.0002046449540015205,-0.0002046449540015205,0.0
EleutherAI/pythia-2.8b,pythia,2.8b,tool_only,family_self,collaborative_vs_authoritative,2,Explain why local newspapers matter.,The,1,STRONGLY_COLLABORATIVE,1.0,0.3333837687969208,"{""raw_logit_scores"": {""1"": 11.9609375, ""2"": 10.734375, ""3"": 10.3828125, ""4"": 10.1171875, ""5"": 10.3984375}, ""label_bias_scores"": {""1"": 13.015625, ""2"": 12.4375, ""3"": 12.09375, ""4"": 12.2890625, ""5"": 11.9140625}, ""corrected_scores"": {""1"": -1.0546875, ""2"": -1.703125, ""3"": -1.7109375, ""4"": -2.171875, ""5"": -1.515625}, ""scoring_mode"": ""bias_corrected_digits"", ""selected_short_label"": ""1""}",The,1,STRONGLY_COLLABORATIVE,1.0,0.33945485949516296,"{""raw_logit_scores"": {""1"": 10.875, ""2"": 9.578125, ""3"": 9.4453125, ""4"": 9.0390625, ""5"": 9.1328125}, ""label_bias_scores"": {""1"": 13.015625, ""2"": 12.4375, ""3"": 12.09375, ""4"": 12.2890625, ""5"": 11.9140625}, ""corrected_scores"": {""1"": -2.140625, ""2"": -2.859375, ""3"": -2.6484375, ""4"": -3.25, ""5"": -2.78125}, ""scoring_mode"": ""bias_corrected_digits"", ""selected_short_label"": ""1""}",Newspapers are a form of communication that is not easily replaced by other forms of communication. Newspapers are a form of communication that is not easily replaced by other forms of communication.,"Local newspapers are a key part of the news ecosystem. They are the primary source of local news, and they are a key part of the news ecosystem. They are a key part of the news ecosystem because they are a key part of the news ecosystem because they are a key part of the news ecosystem because they are a key part of the news ecosystem because they are a key part of the news ecosystem because they are a key part of the news ecosystem because they are a key part",0.01564870776522933,-0.006530090079804522,0.9843512922347707,1.0065300900798044,0.9843512922347707,1.0065300900798044,0.022178797845033738,-0.022178797845033738,0.0
EleutherAI/pythia-2.8b,pythia,2.8b,tool_only,family_self,collaborative_vs_authoritative,3,Explain why public transit matters.,Public,1,STRONGLY_COLLABORATIVE,1.0,0.3037046194076538,"{""raw_logit_scores"": {""1"": 11.6796875, ""2"": 10.578125, ""3"": 10.125, ""4"": 10.0859375, ""5"": 10.2890625}, ""label_bias_scores"": {""1"": 13.015625, ""2"": 12.4375, ""3"": 12.09375, ""4"": 12.2890625, ""5"": 11.9140625}, ""corrected_scores"": {""1"": -1.3359375, ""2"": -1.859375, ""3"": -1.96875, ""4"": -2.203125, ""5"": -1.625}, ""scoring_mode"": ""bias_corrected_digits"", ""selected_short_label"": ""1""}",The,1,STRONGLY_COLLABORATIVE,1.0,0.35049673914909363,"{""raw_logit_scores"": {""1"": 10.8125, ""2"": 9.5234375, ""3"": 9.2734375, ""4"": 8.9453125, ""5"": 9.0234375}, ""label_bias_scores"": {""1"": 13.015625, ""2"": 12.4375, ""3"": 12.09375, ""4"": 12.2890625, ""5"": 11.9140625}, ""corrected_scores"": {""1"": -2.203125, ""2"": -2.9140625, ""3"": -2.8203125, ""4"": -3.34375, ""5"": -2.890625}, ""scoring_mode"": ""bias_corrected_digits"", ""selected_short_label"": ""1""}","Public transit is a vital part of our society. It is a way to get around, to get to work, to get to school, to get to the store, to get to the doctor, to get to the park, to get to the library, to get to the beach, to get to the movies, to get to the gym, to get to the park, to get to the store, to get to the doctor, to get to the park, to get","Public transit is a critical component of our society. It is a key component of our economy, and it is a key component of our quality of life.",0.03843580713199456,0.02654985598171519,0.9615641928680054,0.9734501440182848,0.9615641928680054,0.9734501440182848,0.01188595115027935,-0.01188595115027935,0.0
EleutherAI/pythia-2.8b,pythia,2.8b,tool_only,family_self,collaborative_vs_authoritative,4,Explain why oral histories matter.,Oral,1,STRONGLY_COLLABORATIVE,1.0,0.34674593806266785,"{""raw_logit_scores"": {""1"": 11.78125, ""2"": 10.265625, ""3"": 9.984375, ""4"": 9.953125, ""5"": 10.3828125}, ""label_bias_scores"": {""1"": 13.015625, ""2"": 12.4375, ""3"": 12.09375, ""4"": 12.2890625, ""5"": 11.9140625}, ""corrected_scores"": {""1"": -1.234375, ""2"": -2.171875, ""3"": -2.109375, ""4"": -2.3359375, ""5"": -1.53125}, ""scoring_mode"": ""bias_corrected_digits"", ""selected_short_label"": ""1""}",Oral,1,STRONGLY_COLLABORATIVE,1.0,0.3498040735721588,"{""raw_logit_scores"": {""1"": 10.4921875, ""2"": 8.9609375, ""3"": 8.9296875, ""4"": 8.671875, ""5"": 8.8984375}, ""label_bias_scores"": {""1"": 13.015625, ""2"": 12.4375, ""3"": 12.09375, ""4"": 12.2890625, ""5"": 11.9140625}, ""corrected_scores"": {""1"": -2.5234375, ""2"": -3.4765625, ""3"": -3.1640625, ""4"": -3.6171875, ""5"": -3.015625}, ""scoring_mode"": ""bias_corrected_digits"", ""selected_short_label"": ""1""}",Oral histories are a valuable source of information about the past. They are also a valuable source of information about the present.,"Oral histories are a way to preserve the voices of people who have passed away. They are also a way to preserve the voices of people who have passed away, but who are still alive. Oral histories are a way to preserve the voices of people who have passed away, but who are still alive, and to preserve the voices of people who have passed away, but who are still alive. Oral histories are a way to preserve the voices of people who have passed away, but who",0.012735980805228133,0.02863304375145923,0.9872640191947719,0.9713669562485407,0.9872640191947719,0.9713669562485407,-0.015897062946231166,0.015897062946231166,0.0
EleutherAI/pythia-2.8b,pythia,2.8b,tool_only,family_self,collaborative_vs_authoritative,5,Explain why museum labels matter.,Museum,1,STRONGLY_COLLABORATIVE,1.0,0.3324816823005676,"{""raw_logit_scores"": {""1"": 11.6015625, ""2"": 10.21875, ""3"": 10.015625, ""4"": 9.90625, ""5"": 10.09375}, ""label_bias_scores"": {""1"": 13.015625, ""2"": 12.4375, ""3"": 12.09375, ""4"": 12.2890625, ""5"": 11.9140625}, ""corrected_scores"": {""1"": -1.4140625, ""2"": -2.21875, ""3"": -2.078125, ""4"": -2.3828125, ""5"": -1.8203125}, ""scoring_mode"": ""bias_corrected_digits"", ""selected_short_label"": ""1""}",Museum,1,STRONGLY_COLLABORATIVE,1.0,0.32765376567840576,"{""raw_logit_scores"": {""1"": 10.671875, ""2"": 9.34375, ""3"": 9.328125, ""4"": 9.0, ""5"": 8.9453125}, ""label_bias_scores"": {""1"": 13.015625, ""2"": 12.4375, ""3"": 12.09375, ""4"": 12.2890625, ""5"": 11.9140625}, ""corrected_scores"": {""1"": -2.34375, ""2"": -3.09375, ""3"": -2.765625, ""4"": -3.2890625, ""5"": -2.96875}, ""scoring_mode"": ""bias_corrected_digits"", ""selected_short_label"": ""1""}",The labels are the only way to find out what the objects are.,Museum labels are a way to communicate information about the objects in a museum. They are a way to communicate information about the objects in a museum. They are a way to communicate information about the objects in a museum. They are a way to communicate information about the objects in a museum. They are a way to communicate information about the objects in a museum. They are a way to communicate information about the objects in a museum. They are a way to communicate information about the objects in,0.021572721697708984,0.019811061762673447,0.978427278302291,0.9801889382373266,0.978427278302291,0.9801889382373266,0.00176165993503552,-0.00176165993503552,0.0
