
[2026-04-22T22:39:52.729618] START longform_return_v3: C:/Users/joshj/miniconda3/python.exe C:\Users\joshj\joseph-stroud-identity-stability-research\scripts\longform_return_v3.py --config C:\Users\joshj\joseph-stroud-identity-stability-research\configs\identity_battery\longform_return_v3_debug.yaml

Loading weights:   0%|          | 0/292 [00:00<?, ?it/s]
Loading weights:   0%|          | 1/292 [00:00<00:00, 10106.76it/s, Materializing param=embed_out.weight]
Loading weights:   0%|          | 1/292 [00:00<00:00, 5017.11it/s, Materializing param=embed_out.weight] 
Loading weights:   1%|          | 2/292 [00:00<01:15,  3.83it/s, Materializing param=embed_out.weight]  
Loading weights:   1%|          | 2/292 [00:00<01:15,  3.83it/s, Materializing param=gpt_neox.embed_in.weight]
Loading weights:   1%|          | 2/292 [00:00<01:15,  3.83it/s, Materializing param=gpt_neox.embed_in.weight]
Loading weights:   1%|1         | 3/292 [00:01<02:07,  2.27it/s, Materializing param=gpt_neox.embed_in.weight]
Loading weights:   1%|1         | 3/292 [00:01<02:07,  2.27it/s, Materializing param=gpt_neox.final_layer_norm.bias]
Loading weights:   1%|1         | 3/292 [00:01<02:07,  2.27it/s, Materializing param=gpt_neox.final_layer_norm.bias]
Loading weights:   1%|1         | 4/292 [00:01<02:06,  2.27it/s, Materializing param=gpt_neox.final_layer_norm.weight]
Loading weights:   1%|1         | 4/292 [00:01<02:06,  2.27it/s, Materializing param=gpt_neox.final_layer_norm.weight]
Loading weights:   2%|1         | 5/292 [00:01<02:06,  2.27it/s, Materializing param=gpt_neox.layers.0.attention.dense.bias]
Loading weights:   2%|1         | 5/292 [00:01<02:06,  2.27it/s, Materializing param=gpt_neox.layers.0.attention.dense.bias]
Loading weights:   2%|2         | 6/292 [00:01<02:06,  2.27it/s, Materializing param=gpt_neox.layers.0.attention.dense.weight]
Loading weights:   2%|2         | 6/292 [00:01<02:06,  2.27it/s, Materializing param=gpt_neox.layers.0.attention.dense.weight]
Loading weights:   2%|2         | 7/292 [00:01<02:05,  2.27it/s, Materializing param=gpt_neox.layers.0.attention.query_key_value.bias]
Loading weights:   2%|2         | 7/292 [00:01<02:05,  2.27it/s, Materializing param=gpt_neox.layers.0.attention.query_key_value.bias]
Loading weights:   3%|2         | 8/292 [00:01<02:05,  2.27it/s, Materializing param=gpt_neox.layers.0.attention.query_key_value.weight]
Loading weights:   3%|2         | 8/292 [00:01<02:05,  2.27it/s, Materializing param=gpt_neox.layers.0.attention.query_key_value.weight]
Loading weights:   3%|3         | 9/292 [00:01<02:04,  2.27it/s, Materializing param=gpt_neox.layers.0.input_layernorm.bias]            
Loading weights:   3%|3         | 9/292 [00:01<02:04,  2.27it/s, Materializing param=gpt_neox.layers.0.input_layernorm.bias]
Loading weights:   3%|3         | 10/292 [00:01<02:04,  2.27it/s, Materializing param=gpt_neox.layers.0.input_layernorm.weight]
Loading weights:   3%|3         | 10/292 [00:01<02:04,  2.27it/s, Materializing param=gpt_neox.layers.0.input_layernorm.weight]
Loading weights:   4%|3         | 11/292 [00:01<00:26, 10.61it/s, Materializing param=gpt_neox.layers.0.input_layernorm.weight]
Loading weights:   4%|3         | 11/292 [00:01<00:26, 10.61it/s, Materializing param=gpt_neox.layers.0.mlp.dense_4h_to_h.bias]
Loading weights:   4%|3         | 11/292 [00:01<00:26, 10.61it/s, Materializing param=gpt_neox.layers.0.mlp.dense_4h_to_h.bias]
Loading weights:   4%|4         | 12/292 [00:01<00:26, 10.61it/s, Materializing param=gpt_neox.layers.0.mlp.dense_4h_to_h.weight]
Loading weights:   4%|4         | 12/292 [00:01<00:26, 10.61it/s, Materializing param=gpt_neox.layers.0.mlp.dense_4h_to_h.weight]
Loading weights:   4%|4         | 13/292 [00:01<00:26, 10.61it/s, Materializing param=gpt_neox.layers.0.mlp.dense_h_to_4h.bias]  
Loading weights:   4%|4         | 13/292 [00:01<00:26, 10.61it/s, Materializing param=gpt_neox.layers.0.mlp.dense_h_to_4h.bias]
Loading weights:   5%|4         | 14/292 [00:01<00:26, 10.61it/s, Materializing param=gpt_neox.layers.0.mlp.dense_h_to_4h.weight]
Loading weights:   5%|4         | 14/292 [00:01<00:26, 10.61it/s, Materializing param=gpt_neox.layers.0.mlp.dense_h_to_4h.weight]
Loading weights:   5%|5         | 15/292 [00:01<00:21, 12.95it/s, Materializing param=gpt_neox.layers.0.mlp.dense_h_to_4h.weight]
Loading weights:   5%|5         | 15/292 [00:01<00:21, 12.95it/s, Materializing param=gpt_neox.layers.0.post_attention_layernorm.bias]
Loading weights:   5%|5         | 15/292 [00:01<00:21, 12.95it/s, Materializing param=gpt_neox.layers.0.post_attention_layernorm.bias]
Loading weights:   5%|5         | 16/292 [00:01<00:21, 12.95it/s, Materializing param=gpt_neox.layers.0.post_attention_layernorm.weight]
Loading weights:   5%|5         | 16/292 [00:01<00:21, 12.95it/s, Materializing param=gpt_neox.layers.0.post_attention_layernorm.weight]
Loading weights:   6%|5         | 17/292 [00:01<00:21, 12.95it/s, Materializing param=gpt_neox.layers.1.attention.dense.bias]           
Loading weights:   6%|5         | 17/292 [00:01<00:21, 12.95it/s, Materializing param=gpt_neox.layers.1.attention.dense.bias]
Loading weights:   6%|6         | 18/292 [00:01<00:21, 12.95it/s, Materializing param=gpt_neox.layers.1.attention.dense.weight]
Loading weights:   6%|6         | 18/292 [00:01<00:21, 12.95it/s, Materializing param=gpt_neox.layers.1.attention.dense.weight]
Loading weights:   7%|6         | 19/292 [00:01<00:21, 12.95it/s, Materializing param=gpt_neox.layers.1.attention.query_key_value.bias]
Loading weights:   7%|6         | 19/292 [00:01<00:21, 12.95it/s, Materializing param=gpt_neox.layers.1.attention.query_key_value.bias]
Loading weights:   7%|6         | 20/292 [00:01<00:21, 12.95it/s, Materializing param=gpt_neox.layers.1.attention.query_key_value.weight]
Loading weights:   7%|6         | 20/292 [00:01<00:21, 12.95it/s, Materializing param=gpt_neox.layers.1.attention.query_key_value.weight]
Loading weights:   7%|7         | 21/292 [00:01<00:15, 17.34it/s, Materializing param=gpt_neox.layers.1.attention.query_key_value.weight]
Loading weights:   7%|7         | 21/292 [00:01<00:15, 17.34it/s, Materializing param=gpt_neox.layers.1.input_layernorm.bias]            
Loading weights:   7%|7         | 21/292 [00:01<00:15, 17.34it/s, Materializing param=gpt_neox.layers.1.input_layernorm.bias]
Loading weights:   8%|7         | 22/292 [00:01<00:15, 17.34it/s, Materializing param=gpt_neox.layers.1.input_layernorm.weight]
Loading weights:   8%|7         | 22/292 [00:01<00:15, 17.34it/s, Materializing param=gpt_neox.layers.1.input_layernorm.weight]
Loading weights:   8%|7         | 23/292 [00:01<00:15, 17.34it/s, Materializing param=gpt_neox.layers.1.mlp.dense_4h_to_h.bias]
Loading weights:   8%|7         | 23/292 [00:01<00:15, 17.34it/s, Materializing param=gpt_neox.layers.1.mlp.dense_4h_to_h.bias]
Loading weights:   8%|8         | 24/292 [00:01<00:15, 17.34it/s, Materializing param=gpt_neox.layers.1.mlp.dense_4h_to_h.weight]
Loading weights:   8%|8         | 24/292 [00:01<00:15, 17.34it/s, Materializing param=gpt_neox.layers.1.mlp.dense_4h_to_h.weight]
Loading weights:   9%|8         | 25/292 [00:01<00:15, 17.34it/s, Materializing param=gpt_neox.layers.1.mlp.dense_h_to_4h.bias]  
Loading weights:   9%|8         | 25/292 [00:01<00:15, 17.34it/s, Materializing param=gpt_neox.layers.1.mlp.dense_h_to_4h.bias]
Loading weights:   9%|8         | 26/292 [00:01<00:15, 17.34it/s, Materializing param=gpt_neox.layers.1.mlp.dense_h_to_4h.weight]
Loading weights:   9%|8         | 26/292 [00:01<00:15, 17.34it/s, Materializing param=gpt_neox.layers.1.mlp.dense_h_to_4h.weight]
Loading weights:   9%|9         | 27/292 [00:01<00:15, 17.34it/s, Materializing param=gpt_neox.layers.1.post_attention_layernorm.bias]
Loading weights:   9%|9         | 27/292 [00:01<00:15, 17.34it/s, Materializing param=gpt_neox.layers.1.post_attention_layernorm.bias]
Loading weights:  10%|9         | 28/292 [00:01<00:15, 17.34it/s, Materializing param=gpt_neox.layers.1.post_attention_layernorm.weight]
Loading weights:  10%|9         | 28/292 [00:01<00:15, 17.34it/s, Materializing param=gpt_neox.layers.1.post_attention_layernorm.weight]
Loading weights:  10%|9         | 29/292 [00:01<00:15, 17.34it/s, Materializing param=gpt_neox.layers.2.attention.dense.bias]           
Loading weights:  10%|9         | 29/292 [00:01<00:15, 17.34it/s, Materializing param=gpt_neox.layers.2.attention.dense.bias]
Loading weights:  10%|#         | 30/292 [00:01<00:15, 17.34it/s, Materializing param=gpt_neox.layers.2.attention.dense.weight]
Loading weights:  10%|#         | 30/292 [00:01<00:15, 17.34it/s, Materializing param=gpt_neox.layers.2.attention.dense.weight]
Loading weights:  11%|#         | 31/292 [00:01<00:15, 17.34it/s, Materializing param=gpt_neox.layers.2.attention.query_key_value.bias]
Loading weights:  11%|#         | 31/292 [00:01<00:15, 17.34it/s, Materializing param=gpt_neox.layers.2.attention.query_key_value.bias]
Loading weights:  11%|#         | 32/292 [00:01<00:14, 17.34it/s, Materializing param=gpt_neox.layers.2.attention.query_key_value.weight]
Loading weights:  11%|#         | 32/292 [00:01<00:14, 17.34it/s, Materializing param=gpt_neox.layers.2.attention.query_key_value.weight]
Loading weights:  11%|#1        | 33/292 [00:01<00:14, 17.34it/s, Materializing param=gpt_neox.layers.2.input_layernorm.bias]            
Loading weights:  11%|#1        | 33/292 [00:01<00:14, 17.34it/s, Materializing param=gpt_neox.layers.2.input_layernorm.bias]
Loading weights:  12%|#1        | 34/292 [00:01<00:07, 33.76it/s, Materializing param=gpt_neox.layers.2.input_layernorm.bias]
Loading weights:  12%|#1        | 34/292 [00:01<00:07, 33.76it/s, Materializing param=gpt_neox.layers.2.input_layernorm.weight]
Loading weights:  12%|#1        | 34/292 [00:01<00:07, 33.76it/s, Materializing param=gpt_neox.layers.2.input_layernorm.weight]
Loading weights:  12%|#1        | 35/292 [00:01<00:07, 33.76it/s, Materializing param=gpt_neox.layers.2.mlp.dense_4h_to_h.bias]
Loading weights:  12%|#1        | 35/292 [00:01<00:07, 33.76it/s, Materializing param=gpt_neox.layers.2.mlp.dense_4h_to_h.bias]
Loading weights:  12%|#2        | 36/292 [00:01<00:07, 33.76it/s, Materializing param=gpt_neox.layers.2.mlp.dense_4h_to_h.weight]
Loading weights:  12%|#2        | 36/292 [00:01<00:07, 33.76it/s, Materializing param=gpt_neox.layers.2.mlp.dense_4h_to_h.weight]
Loading weights:  13%|#2        | 37/292 [00:01<00:07, 33.76it/s, Materializing param=gpt_neox.layers.2.mlp.dense_h_to_4h.bias]  
Loading weights:  13%|#2        | 37/292 [00:01<00:07, 33.76it/s, Materializing param=gpt_neox.layers.2.mlp.dense_h_to_4h.bias]
Loading weights:  13%|#3        | 38/292 [00:02<00:07, 33.76it/s, Materializing param=gpt_neox.layers.2.mlp.dense_h_to_4h.weight]
Loading weights:  13%|#3        | 38/292 [00:02<00:07, 33.76it/s, Materializing param=gpt_neox.layers.2.mlp.dense_h_to_4h.weight]
Loading weights:  13%|#3        | 39/292 [00:02<00:07, 33.76it/s, Materializing param=gpt_neox.layers.2.post_attention_layernorm.bias]
Loading weights:  13%|#3        | 39/292 [00:02<00:07, 33.76it/s, Materializing param=gpt_neox.layers.2.post_attention_layernorm.bias]
Loading weights:  14%|#3        | 40/292 [00:02<00:07, 32.99it/s, Materializing param=gpt_neox.layers.2.post_attention_layernorm.bias]
Loading weights:  14%|#3        | 40/292 [00:02<00:07, 32.99it/s, Materializing param=gpt_neox.layers.2.post_attention_layernorm.weight]
Loading weights:  14%|#3        | 40/292 [00:02<00:07, 32.99it/s, Materializing param=gpt_neox.layers.2.post_attention_layernorm.weight]
Loading weights:  14%|#4        | 41/292 [00:02<00:07, 32.99it/s, Materializing param=gpt_neox.layers.3.attention.dense.bias]           
Loading weights:  14%|#4        | 41/292 [00:02<00:07, 32.99it/s, Materializing param=gpt_neox.layers.3.attention.dense.bias]
Loading weights:  14%|#4        | 42/292 [00:02<00:07, 32.99it/s, Materializing param=gpt_neox.layers.3.attention.dense.weight]
Loading weights:  14%|#4        | 42/292 [00:02<00:07, 32.99it/s, Materializing param=gpt_neox.layers.3.attention.dense.weight]
Loading weights:  15%|#4        | 43/292 [00:02<00:07, 32.99it/s, Materializing param=gpt_neox.layers.3.attention.query_key_value.bias]
Loading weights:  15%|#4        | 43/292 [00:02<00:07, 32.99it/s, Materializing param=gpt_neox.layers.3.attention.query_key_value.bias]
Loading weights:  15%|#5        | 44/292 [00:02<00:07, 32.99it/s, Materializing param=gpt_neox.layers.3.attention.query_key_value.weight]
Loading weights:  15%|#5        | 44/292 [00:02<00:07, 32.99it/s, Materializing param=gpt_neox.layers.3.attention.query_key_value.weight]
Loading weights:  15%|#5        | 45/292 [00:02<00:07, 32.99it/s, Materializing param=gpt_neox.layers.3.input_layernorm.bias]            
Loading weights:  15%|#5        | 45/292 [00:02<00:07, 32.99it/s, Materializing param=gpt_neox.layers.3.input_layernorm.bias]
Loading weights:  16%|#5        | 46/292 [00:02<00:07, 32.99it/s, Materializing param=gpt_neox.layers.3.input_layernorm.weight]
Loading weights:  16%|#5        | 46/292 [00:02<00:07, 32.99it/s, Materializing param=gpt_neox.layers.3.input_layernorm.weight]
Loading weights:  16%|#6        | 47/292 [00:02<00:07, 32.99it/s, Materializing param=gpt_neox.layers.3.mlp.dense_4h_to_h.bias]
Loading weights:  16%|#6        | 47/292 [00:02<00:07, 32.99it/s, Materializing param=gpt_neox.layers.3.mlp.dense_4h_to_h.bias]
Loading weights:  16%|#6        | 48/292 [00:02<00:07, 32.99it/s, Materializing param=gpt_neox.layers.3.mlp.dense_4h_to_h.weight]
Loading weights:  16%|#6        | 48/292 [00:02<00:07, 32.99it/s, Materializing param=gpt_neox.layers.3.mlp.dense_4h_to_h.weight]
Loading weights:  17%|#6        | 49/292 [00:02<00:06, 38.25it/s, Materializing param=gpt_neox.layers.3.mlp.dense_4h_to_h.weight]
Loading weights:  17%|#6        | 49/292 [00:02<00:06, 38.25it/s, Materializing param=gpt_neox.layers.3.mlp.dense_h_to_4h.bias]  
Loading weights:  17%|#6        | 49/292 [00:02<00:06, 38.25it/s, Materializing param=gpt_neox.layers.3.mlp.dense_h_to_4h.bias]
Loading weights:  17%|#7        | 50/292 [00:02<00:06, 38.25it/s, Materializing param=gpt_neox.layers.3.mlp.dense_h_to_4h.weight]
Loading weights:  17%|#7        | 50/292 [00:02<00:06, 38.25it/s, Materializing param=gpt_neox.layers.3.mlp.dense_h_to_4h.weight]
Loading weights:  17%|#7        | 51/292 [00:02<00:06, 38.25it/s, Materializing param=gpt_neox.layers.3.post_attention_layernorm.bias]
Loading weights:  17%|#7        | 51/292 [00:02<00:06, 38.25it/s, Materializing param=gpt_neox.layers.3.post_attention_layernorm.bias]
Loading weights:  18%|#7        | 52/292 [00:02<00:06, 38.25it/s, Materializing param=gpt_neox.layers.3.post_attention_layernorm.weight]
Loading weights:  18%|#7        | 52/292 [00:02<00:06, 38.25it/s, Materializing param=gpt_neox.layers.3.post_attention_layernorm.weight]
Loading weights:  18%|#8        | 53/292 [00:02<00:06, 38.25it/s, Materializing param=gpt_neox.layers.4.attention.dense.bias]           
Loading weights:  18%|#8        | 53/292 [00:02<00:06, 38.25it/s, Materializing param=gpt_neox.layers.4.attention.dense.bias]
Loading weights:  18%|#8        | 54/292 [00:02<00:06, 38.25it/s, Materializing param=gpt_neox.layers.4.attention.dense.weight]
Loading weights:  18%|#8        | 54/292 [00:02<00:06, 38.25it/s, Materializing param=gpt_neox.layers.4.attention.dense.weight]
Loading weights:  19%|#8        | 55/292 [00:02<00:06, 38.25it/s, Materializing param=gpt_neox.layers.4.attention.query_key_value.bias]
Loading weights:  19%|#8        | 55/292 [00:02<00:06, 38.25it/s, Materializing param=gpt_neox.layers.4.attention.query_key_value.bias]
Loading weights:  19%|#9        | 56/292 [00:02<00:06, 38.25it/s, Materializing param=gpt_neox.layers.4.attention.query_key_value.weight]
Loading weights:  19%|#9        | 56/292 [00:02<00:06, 38.25it/s, Materializing param=gpt_neox.layers.4.attention.query_key_value.weight]
Loading weights:  20%|#9        | 57/292 [00:02<00:05, 42.39it/s, Materializing param=gpt_neox.layers.4.attention.query_key_value.weight]
Loading weights:  20%|#9        | 57/292 [00:02<00:05, 42.39it/s, Materializing param=gpt_neox.layers.4.input_layernorm.bias]            
Loading weights:  20%|#9        | 57/292 [00:02<00:05, 42.39it/s, Materializing param=gpt_neox.layers.4.input_layernorm.bias]
Loading weights:  20%|#9        | 58/292 [00:02<00:05, 42.39it/s, Materializing param=gpt_neox.layers.4.input_layernorm.weight]
Loading weights:  20%|#9        | 58/292 [00:02<00:05, 42.39it/s, Materializing param=gpt_neox.layers.4.input_layernorm.weight]
Loading weights:  20%|##        | 59/292 [00:02<00:05, 42.39it/s, Materializing param=gpt_neox.layers.4.mlp.dense_4h_to_h.bias]
Loading weights:  20%|##        | 59/292 [00:02<00:05, 42.39it/s, Materializing param=gpt_neox.layers.4.mlp.dense_4h_to_h.bias]
Loading weights:  21%|##        | 60/292 [00:02<00:05, 42.39it/s, Materializing param=gpt_neox.layers.4.mlp.dense_4h_to_h.weight]
Loading weights:  21%|##        | 60/292 [00:02<00:05, 42.39it/s, Materializing param=gpt_neox.layers.4.mlp.dense_4h_to_h.weight]
Loading weights:  21%|##        | 61/292 [00:02<00:05, 42.39it/s, Materializing param=gpt_neox.layers.4.mlp.dense_h_to_4h.bias]  
Loading weights:  21%|##        | 61/292 [00:02<00:05, 42.39it/s, Materializing param=gpt_neox.layers.4.mlp.dense_h_to_4h.bias]
Loading weights:  21%|##1       | 62/292 [00:02<00:05, 42.39it/s, Materializing param=gpt_neox.layers.4.mlp.dense_h_to_4h.weight]
Loading weights:  21%|##1       | 62/292 [00:02<00:05, 42.39it/s, Materializing param=gpt_neox.layers.4.mlp.dense_h_to_4h.weight]
Loading weights:  22%|##1       | 63/292 [00:02<00:05, 42.65it/s, Materializing param=gpt_neox.layers.4.mlp.dense_h_to_4h.weight]
Loading weights:  22%|##1       | 63/292 [00:02<00:05, 42.65it/s, Materializing param=gpt_neox.layers.4.post_attention_layernorm.bias]
Loading weights:  22%|##1       | 63/292 [00:02<00:05, 42.65it/s, Materializing param=gpt_neox.layers.4.post_attention_layernorm.bias]
Loading weights:  22%|##1       | 64/292 [00:02<00:05, 42.65it/s, Materializing param=gpt_neox.layers.4.post_attention_layernorm.weight]
Loading weights:  22%|##1       | 64/292 [00:02<00:05, 42.65it/s, Materializing param=gpt_neox.layers.4.post_attention_layernorm.weight]
Loading weights:  22%|##2       | 65/292 [00:02<00:05, 42.65it/s, Materializing param=gpt_neox.layers.5.attention.dense.bias]           
Loading weights:  22%|##2       | 65/292 [00:02<00:05, 42.65it/s, Materializing param=gpt_neox.layers.5.attention.dense.bias]
Loading weights:  23%|##2       | 66/292 [00:02<00:05, 42.65it/s, Materializing param=gpt_neox.layers.5.attention.dense.weight]
Loading weights:  23%|##2       | 66/292 [00:02<00:05, 42.65it/s, Materializing param=gpt_neox.layers.5.attention.dense.weight]
Loading weights:  23%|##2       | 67/292 [00:02<00:05, 42.65it/s, Materializing param=gpt_neox.layers.5.attention.query_key_value.bias]
Loading weights:  23%|##2       | 67/292 [00:02<00:05, 42.65it/s, Materializing param=gpt_neox.layers.5.attention.query_key_value.bias]
Loading weights:  23%|##3       | 68/292 [00:02<00:05, 42.65it/s, Materializing param=gpt_neox.layers.5.attention.query_key_value.weight]
Loading weights:  23%|##3       | 68/292 [00:02<00:05, 42.65it/s, Materializing param=gpt_neox.layers.5.attention.query_key_value.weight]
Loading weights:  24%|##3       | 69/292 [00:02<00:05, 42.65it/s, Materializing param=gpt_neox.layers.5.input_layernorm.bias]            
Loading weights:  24%|##3       | 69/292 [00:02<00:05, 42.65it/s, Materializing param=gpt_neox.layers.5.input_layernorm.bias]
Loading weights:  24%|##3       | 70/292 [00:02<00:04, 48.23it/s, Materializing param=gpt_neox.layers.5.input_layernorm.bias]
Loading weights:  24%|##3       | 70/292 [00:02<00:04, 48.23it/s, Materializing param=gpt_neox.layers.5.input_layernorm.weight]
Loading weights:  24%|##3       | 70/292 [00:02<00:04, 48.23it/s, Materializing param=gpt_neox.layers.5.input_layernorm.weight]
Loading weights:  24%|##4       | 71/292 [00:02<00:04, 48.23it/s, Materializing param=gpt_neox.layers.5.mlp.dense_4h_to_h.bias]
Loading weights:  24%|##4       | 71/292 [00:02<00:04, 48.23it/s, Materializing param=gpt_neox.layers.5.mlp.dense_4h_to_h.bias]
Loading weights:  25%|##4       | 72/292 [00:02<00:04, 48.23it/s, Materializing param=gpt_neox.layers.5.mlp.dense_4h_to_h.weight]
Loading weights:  25%|##4       | 72/292 [00:02<00:04, 48.23it/s, Materializing param=gpt_neox.layers.5.mlp.dense_4h_to_h.weight]
Loading weights:  25%|##5       | 73/292 [00:02<00:04, 48.23it/s, Materializing param=gpt_neox.layers.5.mlp.dense_h_to_4h.bias]  
Loading weights:  25%|##5       | 73/292 [00:02<00:04, 48.23it/s, Materializing param=gpt_neox.layers.5.mlp.dense_h_to_4h.bias]
Loading weights:  25%|##5       | 74/292 [00:02<00:04, 48.23it/s, Materializing param=gpt_neox.layers.5.mlp.dense_h_to_4h.weight]
Loading weights:  25%|##5       | 74/292 [00:02<00:04, 48.23it/s, Materializing param=gpt_neox.layers.5.mlp.dense_h_to_4h.weight]
Loading weights:  26%|##5       | 75/292 [00:02<00:04, 48.23it/s, Materializing param=gpt_neox.layers.5.post_attention_layernorm.bias]
Loading weights:  26%|##5       | 75/292 [00:02<00:04, 48.23it/s, Materializing param=gpt_neox.layers.5.post_attention_layernorm.bias]
Loading weights:  26%|##6       | 76/292 [00:02<00:04, 49.04it/s, Materializing param=gpt_neox.layers.5.post_attention_layernorm.bias]
Loading weights:  26%|##6       | 76/292 [00:02<00:04, 49.04it/s, Materializing param=gpt_neox.layers.5.post_attention_layernorm.weight]
Loading weights:  26%|##6       | 76/292 [00:02<00:04, 49.04it/s, Materializing param=gpt_neox.layers.5.post_attention_layernorm.weight]
Loading weights:  26%|##6       | 77/292 [00:02<00:04, 49.04it/s, Materializing param=gpt_neox.layers.6.attention.dense.bias]           
Loading weights:  26%|##6       | 77/292 [00:02<00:04, 49.04it/s, Materializing param=gpt_neox.layers.6.attention.dense.bias]
Loading weights:  27%|##6       | 78/292 [00:02<00:04, 49.04it/s, Materializing param=gpt_neox.layers.6.attention.dense.weight]
Loading weights:  27%|##6       | 78/292 [00:02<00:04, 49.04it/s, Materializing param=gpt_neox.layers.6.attention.dense.weight]
Loading weights:  27%|##7       | 79/292 [00:02<00:04, 49.04it/s, Materializing param=gpt_neox.layers.6.attention.query_key_value.bias]
Loading weights:  27%|##7       | 79/292 [00:02<00:04, 49.04it/s, Materializing param=gpt_neox.layers.6.attention.query_key_value.bias]
Loading weights:  27%|##7       | 80/292 [00:02<00:04, 49.04it/s, Materializing param=gpt_neox.layers.6.attention.query_key_value.weight]
Loading weights:  27%|##7       | 80/292 [00:02<00:04, 49.04it/s, Materializing param=gpt_neox.layers.6.attention.query_key_value.weight]
Loading weights:  28%|##7       | 81/292 [00:02<00:04, 49.04it/s, Materializing param=gpt_neox.layers.6.input_layernorm.bias]            
Loading weights:  28%|##7       | 81/292 [00:02<00:04, 49.04it/s, Materializing param=gpt_neox.layers.6.input_layernorm.bias]
Loading weights:  28%|##8       | 82/292 [00:02<00:04, 49.04it/s, Materializing param=gpt_neox.layers.6.input_layernorm.weight]
Loading weights:  28%|##8       | 82/292 [00:02<00:04, 49.04it/s, Materializing param=gpt_neox.layers.6.input_layernorm.weight]
Loading weights:  28%|##8       | 83/292 [00:02<00:04, 49.04it/s, Materializing param=gpt_neox.layers.6.mlp.dense_4h_to_h.bias]
Loading weights:  28%|##8       | 83/292 [00:02<00:04, 49.04it/s, Materializing param=gpt_neox.layers.6.mlp.dense_4h_to_h.bias]
Loading weights:  29%|##8       | 84/292 [00:02<00:04, 49.04it/s, Materializing param=gpt_neox.layers.6.mlp.dense_4h_to_h.weight]
Loading weights:  29%|##8       | 84/292 [00:02<00:04, 49.04it/s, Materializing param=gpt_neox.layers.6.mlp.dense_4h_to_h.weight]
Loading weights:  29%|##9       | 85/292 [00:02<00:03, 52.14it/s, Materializing param=gpt_neox.layers.6.mlp.dense_4h_to_h.weight]
Loading weights:  29%|##9       | 85/292 [00:02<00:03, 52.14it/s, Materializing param=gpt_neox.layers.6.mlp.dense_h_to_4h.bias]  
Loading weights:  29%|##9       | 85/292 [00:02<00:03, 52.14it/s, Materializing param=gpt_neox.layers.6.mlp.dense_h_to_4h.bias]
Loading weights:  29%|##9       | 86/292 [00:02<00:03, 52.14it/s, Materializing param=gpt_neox.layers.6.mlp.dense_h_to_4h.weight]
Loading weights:  29%|##9       | 86/292 [00:02<00:03, 52.14it/s, Materializing param=gpt_neox.layers.6.mlp.dense_h_to_4h.weight]
Loading weights:  30%|##9       | 87/292 [00:02<00:03, 52.14it/s, Materializing param=gpt_neox.layers.6.post_attention_layernorm.bias]
Loading weights:  30%|##9       | 87/292 [00:03<00:03, 52.14it/s, Materializing param=gpt_neox.layers.6.post_attention_layernorm.bias]
Loading weights:  30%|###       | 88/292 [00:03<00:03, 52.14it/s, Materializing param=gpt_neox.layers.6.post_attention_layernorm.weight]
Loading weights:  30%|###       | 88/292 [00:03<00:03, 52.14it/s, Materializing param=gpt_neox.layers.6.post_attention_layernorm.weight]
Loading weights:  30%|###       | 89/292 [00:03<00:03, 52.14it/s, Materializing param=gpt_neox.layers.7.attention.dense.bias]           
Loading weights:  30%|###       | 89/292 [00:03<00:03, 52.14it/s, Materializing param=gpt_neox.layers.7.attention.dense.bias]
Loading weights:  31%|###       | 90/292 [00:03<00:03, 52.14it/s, Materializing param=gpt_neox.layers.7.attention.dense.weight]
Loading weights:  31%|###       | 90/292 [00:03<00:03, 52.14it/s, Materializing param=gpt_neox.layers.7.attention.dense.weight]
Loading weights:  31%|###1      | 91/292 [00:03<00:03, 52.14it/s, Materializing param=gpt_neox.layers.7.attention.query_key_value.bias]
Loading weights:  31%|###1      | 91/292 [00:03<00:03, 52.14it/s, Materializing param=gpt_neox.layers.7.attention.query_key_value.bias]
Loading weights:  32%|###1      | 92/292 [00:03<00:03, 52.14it/s, Materializing param=gpt_neox.layers.7.attention.query_key_value.weight]
Loading weights:  32%|###1      | 92/292 [00:03<00:03, 52.14it/s, Materializing param=gpt_neox.layers.7.attention.query_key_value.weight]
Loading weights:  32%|###1      | 93/292 [00:03<00:03, 52.91it/s, Materializing param=gpt_neox.layers.7.attention.query_key_value.weight]
Loading weights:  32%|###1      | 93/292 [00:03<00:03, 52.91it/s, Materializing param=gpt_neox.layers.7.input_layernorm.bias]            
Loading weights:  32%|###1      | 93/292 [00:03<00:03, 52.91it/s, Materializing param=gpt_neox.layers.7.input_layernorm.bias]
Loading weights:  32%|###2      | 94/292 [00:03<00:03, 52.91it/s, Materializing param=gpt_neox.layers.7.input_layernorm.weight]
Loading weights:  32%|###2      | 94/292 [00:03<00:03, 52.91it/s, Materializing param=gpt_neox.layers.7.input_layernorm.weight]
Loading weights:  33%|###2      | 95/292 [00:03<00:03, 52.91it/s, Materializing param=gpt_neox.layers.7.mlp.dense_4h_to_h.bias]
Loading weights:  33%|###2      | 95/292 [00:03<00:03, 52.91it/s, Materializing param=gpt_neox.layers.7.mlp.dense_4h_to_h.bias]
Loading weights:  33%|###2      | 96/292 [00:03<00:03, 52.91it/s, Materializing param=gpt_neox.layers.7.mlp.dense_4h_to_h.weight]
Loading weights:  33%|###2      | 96/292 [00:03<00:03, 52.91it/s, Materializing param=gpt_neox.layers.7.mlp.dense_4h_to_h.weight]
Loading weights:  33%|###3      | 97/292 [00:03<00:03, 52.91it/s, Materializing param=gpt_neox.layers.7.mlp.dense_h_to_4h.bias]  
Loading weights:  33%|###3      | 97/292 [00:03<00:03, 52.91it/s, Materializing param=gpt_neox.layers.7.mlp.dense_h_to_4h.bias]
Loading weights:  34%|###3      | 98/292 [00:03<00:03, 52.91it/s, Materializing param=gpt_neox.layers.7.mlp.dense_h_to_4h.weight]
Loading weights:  34%|###3      | 98/292 [00:03<00:03, 52.91it/s, Materializing param=gpt_neox.layers.7.mlp.dense_h_to_4h.weight]
Loading weights:  34%|###3      | 99/292 [00:03<00:04, 47.70it/s, Materializing param=gpt_neox.layers.7.mlp.dense_h_to_4h.weight]
Loading weights:  34%|###3      | 99/292 [00:03<00:04, 47.70it/s, Materializing param=gpt_neox.layers.7.post_attention_layernorm.bias]
Loading weights:  34%|###3      | 99/292 [00:03<00:04, 47.70it/s, Materializing param=gpt_neox.layers.7.post_attention_layernorm.bias]
Loading weights:  34%|###4      | 100/292 [00:03<00:04, 47.70it/s, Materializing param=gpt_neox.layers.7.post_attention_layernorm.weight]
Loading weights:  34%|###4      | 100/292 [00:03<00:04, 47.70it/s, Materializing param=gpt_neox.layers.7.post_attention_layernorm.weight]
Loading weights:  35%|###4      | 101/292 [00:03<00:04, 47.70it/s, Materializing param=gpt_neox.layers.8.attention.dense.bias]           
Loading weights:  35%|###4      | 101/292 [00:03<00:04, 47.70it/s, Materializing param=gpt_neox.layers.8.attention.dense.bias]
Loading weights:  35%|###4      | 102/292 [00:03<00:03, 47.70it/s, Materializing param=gpt_neox.layers.8.attention.dense.weight]
Loading weights:  35%|###4      | 102/292 [00:03<00:03, 47.70it/s, Materializing param=gpt_neox.layers.8.attention.dense.weight]
Loading weights:  35%|###5      | 103/292 [00:03<00:03, 47.70it/s, Materializing param=gpt_neox.layers.8.attention.query_key_value.bias]
Loading weights:  35%|###5      | 103/292 [00:03<00:03, 47.70it/s, Materializing param=gpt_neox.layers.8.attention.query_key_value.bias]
Loading weights:  36%|###5      | 104/292 [00:03<00:03, 47.70it/s, Materializing param=gpt_neox.layers.8.attention.query_key_value.weight]
Loading weights:  36%|###5      | 104/292 [00:03<00:03, 47.70it/s, Materializing param=gpt_neox.layers.8.attention.query_key_value.weight]
Loading weights:  36%|###5      | 105/292 [00:03<00:03, 47.70it/s, Materializing param=gpt_neox.layers.8.input_layernorm.bias]            
Loading weights:  36%|###5      | 105/292 [00:03<00:03, 47.70it/s, Materializing param=gpt_neox.layers.8.input_layernorm.bias]
Loading weights:  36%|###6      | 106/292 [00:03<00:03, 47.70it/s, Materializing param=gpt_neox.layers.8.input_layernorm.weight]
Loading weights:  36%|###6      | 106/292 [00:03<00:03, 47.70it/s, Materializing param=gpt_neox.layers.8.input_layernorm.weight]
Loading weights:  37%|###6      | 107/292 [00:03<00:03, 47.70it/s, Materializing param=gpt_neox.layers.8.mlp.dense_4h_to_h.bias]
Loading weights:  37%|###6      | 107/292 [00:03<00:03, 47.70it/s, Materializing param=gpt_neox.layers.8.mlp.dense_4h_to_h.bias]
Loading weights:  37%|###6      | 108/292 [00:03<00:03, 47.70it/s, Materializing param=gpt_neox.layers.8.mlp.dense_4h_to_h.weight]
Loading weights:  37%|###6      | 108/292 [00:03<00:03, 47.70it/s, Materializing param=gpt_neox.layers.8.mlp.dense_4h_to_h.weight]
Loading weights:  37%|###7      | 109/292 [00:03<00:03, 52.86it/s, Materializing param=gpt_neox.layers.8.mlp.dense_4h_to_h.weight]
Loading weights:  37%|###7      | 109/292 [00:03<00:03, 52.86it/s, Materializing param=gpt_neox.layers.8.mlp.dense_h_to_4h.bias]  
Loading weights:  37%|###7      | 109/292 [00:03<00:03, 52.86it/s, Materializing param=gpt_neox.layers.8.mlp.dense_h_to_4h.bias]
Loading weights:  38%|###7      | 110/292 [00:03<00:03, 52.86it/s, Materializing param=gpt_neox.layers.8.mlp.dense_h_to_4h.weight]
Loading weights:  38%|###7      | 110/292 [00:03<00:03, 52.86it/s, Materializing param=gpt_neox.layers.8.mlp.dense_h_to_4h.weight]
Loading weights:  38%|###8      | 111/292 [00:03<00:03, 52.86it/s, Materializing param=gpt_neox.layers.8.post_attention_layernorm.bias]
Loading weights:  38%|###8      | 111/292 [00:03<00:03, 52.86it/s, Materializing param=gpt_neox.layers.8.post_attention_layernorm.bias]
Loading weights:  38%|###8      | 112/292 [00:03<00:03, 52.86it/s, Materializing param=gpt_neox.layers.8.post_attention_layernorm.weight]
Loading weights:  38%|###8      | 112/292 [00:03<00:03, 52.86it/s, Materializing param=gpt_neox.layers.8.post_attention_layernorm.weight]
Loading weights:  39%|###8      | 113/292 [00:03<00:03, 52.86it/s, Materializing param=gpt_neox.layers.9.attention.dense.bias]           
Loading weights:  39%|###8      | 113/292 [00:03<00:03, 52.86it/s, Materializing param=gpt_neox.layers.9.attention.dense.bias]
Loading weights:  39%|###9      | 114/292 [00:03<00:03, 52.86it/s, Materializing param=gpt_neox.layers.9.attention.dense.weight]
Loading weights:  39%|###9      | 114/292 [00:03<00:03, 52.86it/s, Materializing param=gpt_neox.layers.9.attention.dense.weight]
Loading weights:  39%|###9      | 115/292 [00:03<00:03, 52.86it/s, Materializing param=gpt_neox.layers.9.attention.query_key_value.bias]
Loading weights:  39%|###9      | 115/292 [00:03<00:03, 52.86it/s, Materializing param=gpt_neox.layers.9.attention.query_key_value.bias]
Loading weights:  40%|###9      | 116/292 [00:03<00:03, 53.41it/s, Materializing param=gpt_neox.layers.9.attention.query_key_value.bias]
Loading weights:  40%|###9      | 116/292 [00:03<00:03, 53.41it/s, Materializing param=gpt_neox.layers.9.attention.query_key_value.weight]
Loading weights:  40%|###9      | 116/292 [00:03<00:03, 53.41it/s, Materializing param=gpt_neox.layers.9.attention.query_key_value.weight]
Loading weights:  40%|####      | 117/292 [00:03<00:03, 53.41it/s, Materializing param=gpt_neox.layers.9.input_layernorm.bias]            
Loading weights:  40%|####      | 117/292 [00:03<00:03, 53.41it/s, Materializing param=gpt_neox.layers.9.input_layernorm.bias]
Loading weights:  40%|####      | 118/292 [00:03<00:03, 53.41it/s, Materializing param=gpt_neox.layers.9.input_layernorm.weight]
Loading weights:  40%|####      | 118/292 [00:03<00:03, 53.41it/s, Materializing param=gpt_neox.layers.9.input_layernorm.weight]
Loading weights:  41%|####      | 119/292 [00:03<00:03, 53.41it/s, Materializing param=gpt_neox.layers.9.mlp.dense_4h_to_h.bias]
Loading weights:  41%|####      | 119/292 [00:03<00:03, 53.41it/s, Materializing param=gpt_neox.layers.9.mlp.dense_4h_to_h.bias]
Loading weights:  41%|####1     | 120/292 [00:03<00:03, 53.41it/s, Materializing param=gpt_neox.layers.9.mlp.dense_4h_to_h.weight]
Loading weights:  41%|####1     | 120/292 [00:03<00:03, 53.41it/s, Materializing param=gpt_neox.layers.9.mlp.dense_4h_to_h.weight]
Loading weights:  41%|####1     | 121/292 [00:03<00:03, 53.41it/s, Materializing param=gpt_neox.layers.9.mlp.dense_h_to_4h.bias]  
Loading weights:  41%|####1     | 121/292 [00:03<00:03, 53.41it/s, Materializing param=gpt_neox.layers.9.mlp.dense_h_to_4h.bias]
Loading weights:  42%|####1     | 122/292 [00:03<00:03, 48.16it/s, Materializing param=gpt_neox.layers.9.mlp.dense_h_to_4h.bias]
Loading weights:  42%|####1     | 122/292 [00:03<00:03, 48.16it/s, Materializing param=gpt_neox.layers.9.mlp.dense_h_to_4h.weight]
Loading weights:  42%|####1     | 122/292 [00:03<00:03, 48.16it/s, Materializing param=gpt_neox.layers.9.mlp.dense_h_to_4h.weight]
Loading weights:  42%|####2     | 123/292 [00:03<00:03, 48.16it/s, Materializing param=gpt_neox.layers.9.post_attention_layernorm.bias]
Loading weights:  42%|####2     | 123/292 [00:03<00:03, 48.16it/s, Materializing param=gpt_neox.layers.9.post_attention_layernorm.bias]
Loading weights:  42%|####2     | 124/292 [00:03<00:03, 48.16it/s, Materializing param=gpt_neox.layers.9.post_attention_layernorm.weight]
Loading weights:  42%|####2     | 124/292 [00:03<00:03, 48.16it/s, Materializing param=gpt_neox.layers.9.post_attention_layernorm.weight]
Loading weights:  43%|####2     | 125/292 [00:03<00:03, 48.16it/s, Materializing param=gpt_neox.layers.10.attention.dense.bias]          
Loading weights:  43%|####2     | 125/292 [00:03<00:03, 48.16it/s, Materializing param=gpt_neox.layers.10.attention.dense.bias]
Loading weights:  43%|####3     | 126/292 [00:03<00:03, 48.16it/s, Materializing param=gpt_neox.layers.10.attention.dense.weight]
Loading weights:  43%|####3     | 126/292 [00:03<00:03, 48.16it/s, Materializing param=gpt_neox.layers.10.attention.dense.weight]
Loading weights:  43%|####3     | 127/292 [00:03<00:03, 48.16it/s, Materializing param=gpt_neox.layers.10.attention.query_key_value.bias]
Loading weights:  43%|####3     | 127/292 [00:03<00:03, 48.16it/s, Materializing param=gpt_neox.layers.10.attention.query_key_value.bias]
Loading weights:  44%|####3     | 128/292 [00:03<00:03, 48.16it/s, Materializing param=gpt_neox.layers.10.attention.query_key_value.weight]
Loading weights:  44%|####3     | 128/292 [00:03<00:03, 48.16it/s, Materializing param=gpt_neox.layers.10.attention.query_key_value.weight]
Loading weights:  44%|####4     | 129/292 [00:03<00:03, 48.16it/s, Materializing param=gpt_neox.layers.10.input_layernorm.bias]            
Loading weights:  44%|####4     | 129/292 [00:03<00:03, 48.16it/s, Materializing param=gpt_neox.layers.10.input_layernorm.bias]
Loading weights:  45%|####4     | 130/292 [00:03<00:02, 54.91it/s, Materializing param=gpt_neox.layers.10.input_layernorm.bias]
Loading weights:  45%|####4     | 130/292 [00:03<00:02, 54.91it/s, Materializing param=gpt_neox.layers.10.input_layernorm.weight]
Loading weights:  45%|####4     | 130/292 [00:03<00:02, 54.91it/s, Materializing param=gpt_neox.layers.10.input_layernorm.weight]
Loading weights:  45%|####4     | 131/292 [00:03<00:02, 54.91it/s, Materializing param=gpt_neox.layers.10.mlp.dense_4h_to_h.bias]
Loading weights:  45%|####4     | 131/292 [00:03<00:02, 54.91it/s, Materializing param=gpt_neox.layers.10.mlp.dense_4h_to_h.bias]
Loading weights:  45%|####5     | 132/292 [00:03<00:02, 54.91it/s, Materializing param=gpt_neox.layers.10.mlp.dense_4h_to_h.weight]
Loading weights:  45%|####5     | 132/292 [00:03<00:02, 54.91it/s, Materializing param=gpt_neox.layers.10.mlp.dense_4h_to_h.weight]
Loading weights:  46%|####5     | 133/292 [00:03<00:02, 54.91it/s, Materializing param=gpt_neox.layers.10.mlp.dense_h_to_4h.bias]  
Loading weights:  46%|####5     | 133/292 [00:03<00:02, 54.91it/s, Materializing param=gpt_neox.layers.10.mlp.dense_h_to_4h.bias]
Loading weights:  46%|####5     | 134/292 [00:03<00:02, 54.91it/s, Materializing param=gpt_neox.layers.10.mlp.dense_h_to_4h.weight]
Loading weights:  46%|####5     | 134/292 [00:03<00:02, 54.91it/s, Materializing param=gpt_neox.layers.10.mlp.dense_h_to_4h.weight]
Loading weights:  46%|####6     | 135/292 [00:03<00:02, 54.91it/s, Materializing param=gpt_neox.layers.10.post_attention_layernorm.bias]
Loading weights:  46%|####6     | 135/292 [00:03<00:02, 54.91it/s, Materializing param=gpt_neox.layers.10.post_attention_layernorm.bias]
Loading weights:  47%|####6     | 136/292 [00:03<00:03, 51.25it/s, Materializing param=gpt_neox.layers.10.post_attention_layernorm.bias]
Loading weights:  47%|####6     | 136/292 [00:03<00:03, 51.25it/s, Materializing param=gpt_neox.layers.10.post_attention_layernorm.weight]
Loading weights:  47%|####6     | 136/292 [00:03<00:03, 51.25it/s, Materializing param=gpt_neox.layers.10.post_attention_layernorm.weight]
Loading weights:  47%|####6     | 137/292 [00:03<00:03, 51.25it/s, Materializing param=gpt_neox.layers.11.attention.dense.bias]           
Loading weights:  47%|####6     | 137/292 [00:03<00:03, 51.25it/s, Materializing param=gpt_neox.layers.11.attention.dense.bias]
Loading weights:  47%|####7     | 138/292 [00:03<00:03, 51.25it/s, Materializing param=gpt_neox.layers.11.attention.dense.weight]
Loading weights:  47%|####7     | 138/292 [00:03<00:03, 51.25it/s, Materializing param=gpt_neox.layers.11.attention.dense.weight]
Loading weights:  48%|####7     | 139/292 [00:03<00:02, 51.25it/s, Materializing param=gpt_neox.layers.11.attention.query_key_value.bias]
Loading weights:  48%|####7     | 139/292 [00:03<00:02, 51.25it/s, Materializing param=gpt_neox.layers.11.attention.query_key_value.bias]
Loading weights:  48%|####7     | 140/292 [00:04<00:02, 51.25it/s, Materializing param=gpt_neox.layers.11.attention.query_key_value.weight]
Loading weights:  48%|####7     | 140/292 [00:04<00:02, 51.25it/s, Materializing param=gpt_neox.layers.11.attention.query_key_value.weight]
Loading weights:  48%|####8     | 141/292 [00:04<00:02, 51.25it/s, Materializing param=gpt_neox.layers.11.input_layernorm.bias]            
Loading weights:  48%|####8     | 141/292 [00:04<00:02, 51.25it/s, Materializing param=gpt_neox.layers.11.input_layernorm.bias]
Loading weights:  49%|####8     | 142/292 [00:04<00:02, 51.89it/s, Materializing param=gpt_neox.layers.11.input_layernorm.bias]
Loading weights:  49%|####8     | 142/292 [00:04<00:02, 51.89it/s, Materializing param=gpt_neox.layers.11.input_layernorm.weight]
Loading weights:  49%|####8     | 142/292 [00:04<00:02, 51.89it/s, Materializing param=gpt_neox.layers.11.input_layernorm.weight]
Loading weights:  49%|####8     | 143/292 [00:04<00:02, 51.89it/s, Materializing param=gpt_neox.layers.11.mlp.dense_4h_to_h.bias]
Loading weights:  49%|####8     | 143/292 [00:04<00:02, 51.89it/s, Materializing param=gpt_neox.layers.11.mlp.dense_4h_to_h.bias]
Loading weights:  49%|####9     | 144/292 [00:04<00:02, 51.89it/s, Materializing param=gpt_neox.layers.11.mlp.dense_4h_to_h.weight]
Loading weights:  49%|####9     | 144/292 [00:04<00:02, 51.89it/s, Materializing param=gpt_neox.layers.11.mlp.dense_4h_to_h.weight]
Loading weights:  50%|####9     | 145/292 [00:04<00:02, 51.89it/s, Materializing param=gpt_neox.layers.11.mlp.dense_h_to_4h.bias]  
Loading weights:  50%|####9     | 145/292 [00:04<00:02, 51.89it/s, Materializing param=gpt_neox.layers.11.mlp.dense_h_to_4h.bias]
Loading weights:  50%|#####     | 146/292 [00:04<00:02, 51.89it/s, Materializing param=gpt_neox.layers.11.mlp.dense_h_to_4h.weight]
Loading weights:  50%|#####     | 146/292 [00:04<00:02, 51.89it/s, Materializing param=gpt_neox.layers.11.mlp.dense_h_to_4h.weight]
Loading weights:  50%|#####     | 147/292 [00:04<00:02, 51.89it/s, Materializing param=gpt_neox.layers.11.post_attention_layernorm.bias]
Loading weights:  50%|#####     | 147/292 [00:04<00:02, 51.89it/s, Materializing param=gpt_neox.layers.11.post_attention_layernorm.bias]
Loading weights:  51%|#####     | 148/292 [00:04<00:02, 50.88it/s, Materializing param=gpt_neox.layers.11.post_attention_layernorm.bias]
Loading weights:  51%|#####     | 148/292 [00:04<00:02, 50.88it/s, Materializing param=gpt_neox.layers.11.post_attention_layernorm.weight]
Loading weights:  51%|#####     | 148/292 [00:04<00:02, 50.88it/s, Materializing param=gpt_neox.layers.11.post_attention_layernorm.weight]
Loading weights:  51%|#####1    | 149/292 [00:04<00:02, 50.88it/s, Materializing param=gpt_neox.layers.12.attention.dense.bias]           
Loading weights:  51%|#####1    | 149/292 [00:04<00:02, 50.88it/s, Materializing param=gpt_neox.layers.12.attention.dense.bias]
Loading weights:  51%|#####1    | 150/292 [00:04<00:02, 50.88it/s, Materializing param=gpt_neox.layers.12.attention.dense.weight]
Loading weights:  51%|#####1    | 150/292 [00:04<00:02, 50.88it/s, Materializing param=gpt_neox.layers.12.attention.dense.weight]
Loading weights:  52%|#####1    | 151/292 [00:04<00:02, 50.88it/s, Materializing param=gpt_neox.layers.12.attention.query_key_value.bias]
Loading weights:  52%|#####1    | 151/292 [00:04<00:02, 50.88it/s, Materializing param=gpt_neox.layers.12.attention.query_key_value.bias]
Loading weights:  52%|#####2    | 152/292 [00:04<00:02, 50.88it/s, Materializing param=gpt_neox.layers.12.attention.query_key_value.weight]
Loading weights:  52%|#####2    | 152/292 [00:04<00:02, 50.88it/s, Materializing param=gpt_neox.layers.12.attention.query_key_value.weight]
Loading weights:  52%|#####2    | 153/292 [00:04<00:02, 50.88it/s, Materializing param=gpt_neox.layers.12.input_layernorm.bias]            
Loading weights:  52%|#####2    | 153/292 [00:04<00:02, 50.88it/s, Materializing param=gpt_neox.layers.12.input_layernorm.bias]
Loading weights:  53%|#####2    | 154/292 [00:04<00:02, 50.88it/s, Materializing param=gpt_neox.layers.12.input_layernorm.weight]
Loading weights:  53%|#####2    | 154/292 [00:04<00:02, 50.88it/s, Materializing param=gpt_neox.layers.12.input_layernorm.weight]
Loading weights:  53%|#####3    | 155/292 [00:04<00:02, 50.88it/s, Materializing param=gpt_neox.layers.12.mlp.dense_4h_to_h.bias]
Loading weights:  53%|#####3    | 155/292 [00:04<00:02, 50.88it/s, Materializing param=gpt_neox.layers.12.mlp.dense_4h_to_h.bias]
Loading weights:  53%|#####3    | 156/292 [00:04<00:02, 50.88it/s, Materializing param=gpt_neox.layers.12.mlp.dense_4h_to_h.weight]
Loading weights:  53%|#####3    | 156/292 [00:04<00:02, 50.88it/s, Materializing param=gpt_neox.layers.12.mlp.dense_4h_to_h.weight]
Loading weights:  54%|#####3    | 157/292 [00:04<00:02, 57.00it/s, Materializing param=gpt_neox.layers.12.mlp.dense_4h_to_h.weight]
Loading weights:  54%|#####3    | 157/292 [00:04<00:02, 57.00it/s, Materializing param=gpt_neox.layers.12.mlp.dense_h_to_4h.bias]  
Loading weights:  54%|#####3    | 157/292 [00:04<00:02, 57.00it/s, Materializing param=gpt_neox.layers.12.mlp.dense_h_to_4h.bias]
Loading weights:  54%|#####4    | 158/292 [00:04<00:02, 57.00it/s, Materializing param=gpt_neox.layers.12.mlp.dense_h_to_4h.weight]
Loading weights:  54%|#####4    | 158/292 [00:04<00:02, 57.00it/s, Materializing param=gpt_neox.layers.12.mlp.dense_h_to_4h.weight]
Loading weights:  54%|#####4    | 159/292 [00:04<00:02, 57.00it/s, Materializing param=gpt_neox.layers.12.post_attention_layernorm.bias]
Loading weights:  54%|#####4    | 159/292 [00:04<00:02, 57.00it/s, Materializing param=gpt_neox.layers.12.post_attention_layernorm.bias]
Loading weights:  55%|#####4    | 160/292 [00:04<00:02, 57.00it/s, Materializing param=gpt_neox.layers.12.post_attention_layernorm.weight]
Loading weights:  55%|#####4    | 160/292 [00:04<00:02, 57.00it/s, Materializing param=gpt_neox.layers.12.post_attention_layernorm.weight]
Loading weights:  55%|#####5    | 161/292 [00:04<00:02, 57.00it/s, Materializing param=gpt_neox.layers.13.attention.dense.bias]           
Loading weights:  55%|#####5    | 161/292 [00:04<00:02, 57.00it/s, Materializing param=gpt_neox.layers.13.attention.dense.bias]
Loading weights:  55%|#####5    | 162/292 [00:04<00:02, 57.00it/s, Materializing param=gpt_neox.layers.13.attention.dense.weight]
Loading weights:  55%|#####5    | 162/292 [00:04<00:02, 57.00it/s, Materializing param=gpt_neox.layers.13.attention.dense.weight]
Loading weights:  56%|#####5    | 163/292 [00:04<00:02, 49.65it/s, Materializing param=gpt_neox.layers.13.attention.dense.weight]
Loading weights:  56%|#####5    | 163/292 [00:04<00:02, 49.65it/s, Materializing param=gpt_neox.layers.13.attention.query_key_value.bias]
Loading weights:  56%|#####5    | 163/292 [00:04<00:02, 49.65it/s, Materializing param=gpt_neox.layers.13.attention.query_key_value.bias]
Loading weights:  56%|#####6    | 164/292 [00:04<00:02, 49.65it/s, Materializing param=gpt_neox.layers.13.attention.query_key_value.weight]
Loading weights:  56%|#####6    | 164/292 [00:04<00:02, 49.65it/s, Materializing param=gpt_neox.layers.13.attention.query_key_value.weight]
Loading weights:  57%|#####6    | 165/292 [00:04<00:02, 49.65it/s, Materializing param=gpt_neox.layers.13.input_layernorm.bias]            
Loading weights:  57%|#####6    | 165/292 [00:04<00:02, 49.65it/s, Materializing param=gpt_neox.layers.13.input_layernorm.bias]
Loading weights:  57%|#####6    | 166/292 [00:04<00:02, 49.65it/s, Materializing param=gpt_neox.layers.13.input_layernorm.weight]
Loading weights:  57%|#####6    | 166/292 [00:04<00:02, 49.65it/s, Materializing param=gpt_neox.layers.13.input_layernorm.weight]
Loading weights:  57%|#####7    | 167/292 [00:04<00:02, 49.65it/s, Materializing param=gpt_neox.layers.13.mlp.dense_4h_to_h.bias]
Loading weights:  57%|#####7    | 167/292 [00:04<00:02, 49.65it/s, Materializing param=gpt_neox.layers.13.mlp.dense_4h_to_h.bias]
Loading weights:  58%|#####7    | 168/292 [00:04<00:02, 49.65it/s, Materializing param=gpt_neox.layers.13.mlp.dense_4h_to_h.weight]
Loading weights:  58%|#####7    | 168/292 [00:04<00:02, 49.65it/s, Materializing param=gpt_neox.layers.13.mlp.dense_4h_to_h.weight]
Loading weights:  58%|#####7    | 169/292 [00:04<00:02, 49.65it/s, Materializing param=gpt_neox.layers.13.mlp.dense_h_to_4h.bias]  
Loading weights:  58%|#####7    | 169/292 [00:04<00:02, 49.65it/s, Materializing param=gpt_neox.layers.13.mlp.dense_h_to_4h.bias]
Loading weights:  58%|#####8    | 170/292 [00:04<00:02, 49.65it/s, Materializing param=gpt_neox.layers.13.mlp.dense_h_to_4h.weight]
Loading weights:  58%|#####8    | 170/292 [00:04<00:02, 49.65it/s, Materializing param=gpt_neox.layers.13.mlp.dense_h_to_4h.weight]
Loading weights:  59%|#####8    | 171/292 [00:04<00:02, 51.93it/s, Materializing param=gpt_neox.layers.13.mlp.dense_h_to_4h.weight]
Loading weights:  59%|#####8    | 171/292 [00:04<00:02, 51.93it/s, Materializing param=gpt_neox.layers.13.post_attention_layernorm.bias]
Loading weights:  59%|#####8    | 171/292 [00:04<00:02, 51.93it/s, Materializing param=gpt_neox.layers.13.post_attention_layernorm.bias]
Loading weights:  59%|#####8    | 172/292 [00:04<00:02, 51.93it/s, Materializing param=gpt_neox.layers.13.post_attention_layernorm.weight]
Loading weights:  59%|#####8    | 172/292 [00:04<00:02, 51.93it/s, Materializing param=gpt_neox.layers.13.post_attention_layernorm.weight]
Loading weights:  59%|#####9    | 173/292 [00:04<00:02, 51.93it/s, Materializing param=gpt_neox.layers.14.attention.dense.bias]           
Loading weights:  59%|#####9    | 173/292 [00:04<00:02, 51.93it/s, Materializing param=gpt_neox.layers.14.attention.dense.bias]
Loading weights:  60%|#####9    | 174/292 [00:04<00:02, 51.93it/s, Materializing param=gpt_neox.layers.14.attention.dense.weight]
Loading weights:  60%|#####9    | 174/292 [00:04<00:02, 51.93it/s, Materializing param=gpt_neox.layers.14.attention.dense.weight]
Loading weights:  60%|#####9    | 175/292 [00:04<00:02, 51.93it/s, Materializing param=gpt_neox.layers.14.attention.query_key_value.bias]
Loading weights:  60%|#####9    | 175/292 [00:04<00:02, 51.93it/s, Materializing param=gpt_neox.layers.14.attention.query_key_value.bias]
Loading weights:  60%|######    | 176/292 [00:04<00:02, 51.93it/s, Materializing param=gpt_neox.layers.14.attention.query_key_value.weight]
Loading weights:  60%|######    | 176/292 [00:04<00:02, 51.93it/s, Materializing param=gpt_neox.layers.14.attention.query_key_value.weight]
Loading weights:  61%|######    | 177/292 [00:04<00:02, 51.93it/s, Materializing param=gpt_neox.layers.14.input_layernorm.bias]            
Loading weights:  61%|######    | 177/292 [00:04<00:02, 51.93it/s, Materializing param=gpt_neox.layers.14.input_layernorm.bias]
Loading weights:  61%|######    | 178/292 [00:04<00:02, 51.93it/s, Materializing param=gpt_neox.layers.14.input_layernorm.weight]
Loading weights:  61%|######    | 178/292 [00:04<00:02, 51.93it/s, Materializing param=gpt_neox.layers.14.input_layernorm.weight]
Loading weights:  61%|######1   | 179/292 [00:04<00:02, 51.93it/s, Materializing param=gpt_neox.layers.14.mlp.dense_4h_to_h.bias]
Loading weights:  61%|######1   | 179/292 [00:04<00:02, 51.93it/s, Materializing param=gpt_neox.layers.14.mlp.dense_4h_to_h.bias]
Loading weights:  62%|######1   | 180/292 [00:04<00:02, 51.93it/s, Materializing param=gpt_neox.layers.14.mlp.dense_4h_to_h.weight]
Loading weights:  62%|######1   | 180/292 [00:04<00:02, 51.93it/s, Materializing param=gpt_neox.layers.14.mlp.dense_4h_to_h.weight]
Loading weights:  62%|######1   | 181/292 [00:04<00:01, 56.52it/s, Materializing param=gpt_neox.layers.14.mlp.dense_4h_to_h.weight]
Loading weights:  62%|######1   | 181/292 [00:04<00:01, 56.52it/s, Materializing param=gpt_neox.layers.14.mlp.dense_h_to_4h.bias]  
Loading weights:  62%|######1   | 181/292 [00:04<00:01, 56.52it/s, Materializing param=gpt_neox.layers.14.mlp.dense_h_to_4h.bias]
Loading weights:  62%|######2   | 182/292 [00:04<00:01, 56.52it/s, Materializing param=gpt_neox.layers.14.mlp.dense_h_to_4h.weight]
Loading weights:  62%|######2   | 182/292 [00:04<00:01, 56.52it/s, Materializing param=gpt_neox.layers.14.mlp.dense_h_to_4h.weight]
Loading weights:  63%|######2   | 183/292 [00:04<00:01, 56.52it/s, Materializing param=gpt_neox.layers.14.post_attention_layernorm.bias]
Loading weights:  63%|######2   | 183/292 [00:04<00:01, 56.52it/s, Materializing param=gpt_neox.layers.14.post_attention_layernorm.bias]
Loading weights:  63%|######3   | 184/292 [00:04<00:01, 56.52it/s, Materializing param=gpt_neox.layers.14.post_attention_layernorm.weight]
Loading weights:  63%|######3   | 184/292 [00:04<00:01, 56.52it/s, Materializing param=gpt_neox.layers.14.post_attention_layernorm.weight]
Loading weights:  63%|######3   | 185/292 [00:04<00:01, 56.52it/s, Materializing param=gpt_neox.layers.15.attention.dense.bias]           
Loading weights:  63%|######3   | 185/292 [00:04<00:01, 56.52it/s, Materializing param=gpt_neox.layers.15.attention.dense.bias]
Loading weights:  64%|######3   | 186/292 [00:04<00:01, 56.52it/s, Materializing param=gpt_neox.layers.15.attention.dense.weight]
Loading weights:  64%|######3   | 186/292 [00:04<00:01, 56.52it/s, Materializing param=gpt_neox.layers.15.attention.dense.weight]
Loading weights:  64%|######4   | 187/292 [00:04<00:01, 56.86it/s, Materializing param=gpt_neox.layers.15.attention.dense.weight]
Loading weights:  64%|######4   | 187/292 [00:04<00:01, 56.86it/s, Materializing param=gpt_neox.layers.15.attention.query_key_value.bias]
Loading weights:  64%|######4   | 187/292 [00:04<00:01, 56.86it/s, Materializing param=gpt_neox.layers.15.attention.query_key_value.bias]
Loading weights:  64%|######4   | 188/292 [00:04<00:01, 56.86it/s, Materializing param=gpt_neox.layers.15.attention.query_key_value.weight]
Loading weights:  64%|######4   | 188/292 [00:04<00:01, 56.86it/s, Materializing param=gpt_neox.layers.15.attention.query_key_value.weight]
Loading weights:  65%|######4   | 189/292 [00:04<00:01, 56.86it/s, Materializing param=gpt_neox.layers.15.input_layernorm.bias]            
Loading weights:  65%|######4   | 189/292 [00:04<00:01, 56.86it/s, Materializing param=gpt_neox.layers.15.input_layernorm.bias]
Loading weights:  65%|######5   | 190/292 [00:04<00:01, 56.86it/s, Materializing param=gpt_neox.layers.15.input_layernorm.weight]
Loading weights:  65%|######5   | 190/292 [00:04<00:01, 56.86it/s, Materializing param=gpt_neox.layers.15.input_layernorm.weight]
Loading weights:  65%|######5   | 191/292 [00:04<00:01, 56.86it/s, Materializing param=gpt_neox.layers.15.mlp.dense_4h_to_h.bias]
Loading weights:  65%|######5   | 191/292 [00:04<00:01, 56.86it/s, Materializing param=gpt_neox.layers.15.mlp.dense_4h_to_h.bias]
Loading weights:  66%|######5   | 192/292 [00:04<00:01, 56.86it/s, Materializing param=gpt_neox.layers.15.mlp.dense_4h_to_h.weight]
Loading weights:  66%|######5   | 192/292 [00:04<00:01, 56.86it/s, Materializing param=gpt_neox.layers.15.mlp.dense_4h_to_h.weight]
Loading weights:  66%|######6   | 193/292 [00:04<00:01, 50.35it/s, Materializing param=gpt_neox.layers.15.mlp.dense_4h_to_h.weight]
Loading weights:  66%|######6   | 193/292 [00:04<00:01, 50.35it/s, Materializing param=gpt_neox.layers.15.mlp.dense_h_to_4h.bias]  
Loading weights:  66%|######6   | 193/292 [00:04<00:01, 50.35it/s, Materializing param=gpt_neox.layers.15.mlp.dense_h_to_4h.bias]
Loading weights:  66%|######6   | 194/292 [00:05<00:01, 50.35it/s, Materializing param=gpt_neox.layers.15.mlp.dense_h_to_4h.weight]
Loading weights:  66%|######6   | 194/292 [00:05<00:01, 50.35it/s, Materializing param=gpt_neox.layers.15.mlp.dense_h_to_4h.weight]
Loading weights:  67%|######6   | 195/292 [00:05<00:01, 50.35it/s, Materializing param=gpt_neox.layers.15.post_attention_layernorm.bias]
Loading weights:  67%|######6   | 195/292 [00:05<00:01, 50.35it/s, Materializing param=gpt_neox.layers.15.post_attention_layernorm.bias]
Loading weights:  67%|######7   | 196/292 [00:05<00:01, 50.35it/s, Materializing param=gpt_neox.layers.15.post_attention_layernorm.weight]
Loading weights:  67%|######7   | 196/292 [00:05<00:01, 50.35it/s, Materializing param=gpt_neox.layers.15.post_attention_layernorm.weight]
Loading weights:  67%|######7   | 197/292 [00:05<00:01, 50.35it/s, Materializing param=gpt_neox.layers.16.attention.dense.bias]           
Loading weights:  67%|######7   | 197/292 [00:05<00:01, 50.35it/s, Materializing param=gpt_neox.layers.16.attention.dense.bias]
Loading weights:  68%|######7   | 198/292 [00:05<00:01, 50.35it/s, Materializing param=gpt_neox.layers.16.attention.dense.weight]
Loading weights:  68%|######7   | 198/292 [00:05<00:01, 50.35it/s, Materializing param=gpt_neox.layers.16.attention.dense.weight]
Loading weights:  68%|######8   | 199/292 [00:05<00:01, 50.35it/s, Materializing param=gpt_neox.layers.16.attention.query_key_value.bias]
Loading weights:  68%|######8   | 199/292 [00:05<00:01, 50.35it/s, Materializing param=gpt_neox.layers.16.attention.query_key_value.bias]
Loading weights:  68%|######8   | 200/292 [00:05<00:01, 50.35it/s, Materializing param=gpt_neox.layers.16.attention.query_key_value.weight]
Loading weights:  68%|######8   | 200/292 [00:05<00:01, 50.35it/s, Materializing param=gpt_neox.layers.16.attention.query_key_value.weight]
Loading weights:  69%|######8   | 201/292 [00:05<00:01, 50.70it/s, Materializing param=gpt_neox.layers.16.attention.query_key_value.weight]
Loading weights:  69%|######8   | 201/292 [00:05<00:01, 50.70it/s, Materializing param=gpt_neox.layers.16.input_layernorm.bias]            
Loading weights:  69%|######8   | 201/292 [00:05<00:01, 50.70it/s, Materializing param=gpt_neox.layers.16.input_layernorm.bias]
Loading weights:  69%|######9   | 202/292 [00:05<00:01, 50.70it/s, Materializing param=gpt_neox.layers.16.input_layernorm.weight]
Loading weights:  69%|######9   | 202/292 [00:05<00:01, 50.70it/s, Materializing param=gpt_neox.layers.16.input_layernorm.weight]
Loading weights:  70%|######9   | 203/292 [00:05<00:01, 50.70it/s, Materializing param=gpt_neox.layers.16.mlp.dense_4h_to_h.bias]
Loading weights:  70%|######9   | 203/292 [00:05<00:01, 50.70it/s, Materializing param=gpt_neox.layers.16.mlp.dense_4h_to_h.bias]
Loading weights:  70%|######9   | 204/292 [00:05<00:01, 50.70it/s, Materializing param=gpt_neox.layers.16.mlp.dense_4h_to_h.weight]
Loading weights:  70%|######9   | 204/292 [00:05<00:01, 50.70it/s, Materializing param=gpt_neox.layers.16.mlp.dense_4h_to_h.weight]
Loading weights:  70%|#######   | 205/292 [00:05<00:01, 50.70it/s, Materializing param=gpt_neox.layers.16.mlp.dense_h_to_4h.bias]  
Loading weights:  70%|#######   | 205/292 [00:05<00:01, 50.70it/s, Materializing param=gpt_neox.layers.16.mlp.dense_h_to_4h.bias]
Loading weights:  71%|#######   | 206/292 [00:05<00:01, 50.70it/s, Materializing param=gpt_neox.layers.16.mlp.dense_h_to_4h.weight]
Loading weights:  71%|#######   | 206/292 [00:05<00:01, 50.70it/s, Materializing param=gpt_neox.layers.16.mlp.dense_h_to_4h.weight]
Loading weights:  71%|#######   | 207/292 [00:05<00:01, 48.13it/s, Materializing param=gpt_neox.layers.16.mlp.dense_h_to_4h.weight]
Loading weights:  71%|#######   | 207/292 [00:05<00:01, 48.13it/s, Materializing param=gpt_neox.layers.16.post_attention_layernorm.bias]
Loading weights:  71%|#######   | 207/292 [00:05<00:01, 48.13it/s, Materializing param=gpt_neox.layers.16.post_attention_layernorm.bias]
Loading weights:  71%|#######1  | 208/292 [00:05<00:01, 48.13it/s, Materializing param=gpt_neox.layers.16.post_attention_layernorm.weight]
Loading weights:  71%|#######1  | 208/292 [00:05<00:01, 48.13it/s, Materializing param=gpt_neox.layers.16.post_attention_layernorm.weight]
Loading weights:  72%|#######1  | 209/292 [00:05<00:01, 48.13it/s, Materializing param=gpt_neox.layers.17.attention.dense.bias]           
Loading weights:  72%|#######1  | 209/292 [00:05<00:01, 48.13it/s, Materializing param=gpt_neox.layers.17.attention.dense.bias]
Loading weights:  72%|#######1  | 210/292 [00:05<00:01, 48.13it/s, Materializing param=gpt_neox.layers.17.attention.dense.weight]
Loading weights:  72%|#######1  | 210/292 [00:05<00:01, 48.13it/s, Materializing param=gpt_neox.layers.17.attention.dense.weight]
Loading weights:  72%|#######2  | 211/292 [00:05<00:01, 48.13it/s, Materializing param=gpt_neox.layers.17.attention.query_key_value.bias]
Loading weights:  72%|#######2  | 211/292 [00:05<00:01, 48.13it/s, Materializing param=gpt_neox.layers.17.attention.query_key_value.bias]
Loading weights:  73%|#######2  | 212/292 [00:05<00:01, 48.13it/s, Materializing param=gpt_neox.layers.17.attention.query_key_value.weight]
Loading weights:  73%|#######2  | 212/292 [00:05<00:01, 48.13it/s, Materializing param=gpt_neox.layers.17.attention.query_key_value.weight]
Loading weights:  73%|#######2  | 213/292 [00:05<00:01, 48.13it/s, Materializing param=gpt_neox.layers.17.input_layernorm.bias]            
Loading weights:  73%|#######2  | 213/292 [00:05<00:01, 48.13it/s, Materializing param=gpt_neox.layers.17.input_layernorm.bias]
Loading weights:  73%|#######3  | 214/292 [00:05<00:01, 52.26it/s, Materializing param=gpt_neox.layers.17.input_layernorm.bias]
Loading weights:  73%|#######3  | 214/292 [00:05<00:01, 52.26it/s, Materializing param=gpt_neox.layers.17.input_layernorm.weight]
Loading weights:  73%|#######3  | 214/292 [00:05<00:01, 52.26it/s, Materializing param=gpt_neox.layers.17.input_layernorm.weight]
Loading weights:  74%|#######3  | 215/292 [00:05<00:01, 52.26it/s, Materializing param=gpt_neox.layers.17.mlp.dense_4h_to_h.bias]
Loading weights:  74%|#######3  | 215/292 [00:05<00:01, 52.26it/s, Materializing param=gpt_neox.layers.17.mlp.dense_4h_to_h.bias]
Loading weights:  74%|#######3  | 216/292 [00:05<00:01, 52.26it/s, Materializing param=gpt_neox.layers.17.mlp.dense_4h_to_h.weight]
Loading weights:  74%|#######3  | 216/292 [00:05<00:01, 52.26it/s, Materializing param=gpt_neox.layers.17.mlp.dense_4h_to_h.weight]
Loading weights:  74%|#######4  | 217/292 [00:05<00:01, 52.26it/s, Materializing param=gpt_neox.layers.17.mlp.dense_h_to_4h.bias]  
Loading weights:  74%|#######4  | 217/292 [00:05<00:01, 52.26it/s, Materializing param=gpt_neox.layers.17.mlp.dense_h_to_4h.bias]
Loading weights:  75%|#######4  | 218/292 [00:05<00:01, 52.26it/s, Materializing param=gpt_neox.layers.17.mlp.dense_h_to_4h.weight]
Loading weights:  75%|#######4  | 218/292 [00:05<00:01, 52.26it/s, Materializing param=gpt_neox.layers.17.mlp.dense_h_to_4h.weight]
Loading weights:  75%|#######5  | 219/292 [00:05<00:01, 52.26it/s, Materializing param=gpt_neox.layers.17.post_attention_layernorm.bias]
Loading weights:  75%|#######5  | 219/292 [00:05<00:01, 52.26it/s, Materializing param=gpt_neox.layers.17.post_attention_layernorm.bias]
Loading weights:  75%|#######5  | 220/292 [00:05<00:01, 41.44it/s, Materializing param=gpt_neox.layers.17.post_attention_layernorm.bias]
Loading weights:  75%|#######5  | 220/292 [00:05<00:01, 41.44it/s, Materializing param=gpt_neox.layers.17.post_attention_layernorm.weight]
Loading weights:  75%|#######5  | 220/292 [00:05<00:01, 41.44it/s, Materializing param=gpt_neox.layers.17.post_attention_layernorm.weight]
Loading weights:  76%|#######5  | 221/292 [00:05<00:01, 41.44it/s, Materializing param=gpt_neox.layers.18.attention.dense.bias]           
Loading weights:  76%|#######5  | 221/292 [00:05<00:01, 41.44it/s, Materializing param=gpt_neox.layers.18.attention.dense.bias]
Loading weights:  76%|#######6  | 222/292 [00:05<00:01, 41.44it/s, Materializing param=gpt_neox.layers.18.attention.dense.weight]
Loading weights:  76%|#######6  | 222/292 [00:05<00:01, 41.44it/s, Materializing param=gpt_neox.layers.18.attention.dense.weight]
Loading weights:  76%|#######6  | 223/292 [00:05<00:01, 41.44it/s, Materializing param=gpt_neox.layers.18.attention.query_key_value.bias]
Loading weights:  76%|#######6  | 223/292 [00:05<00:01, 41.44it/s, Materializing param=gpt_neox.layers.18.attention.query_key_value.bias]
Loading weights:  77%|#######6  | 224/292 [00:05<00:01, 41.44it/s, Materializing param=gpt_neox.layers.18.attention.query_key_value.weight]
Loading weights:  77%|#######6  | 224/292 [00:05<00:01, 41.44it/s, Materializing param=gpt_neox.layers.18.attention.query_key_value.weight]
Loading weights:  77%|#######7  | 225/292 [00:05<00:01, 41.44it/s, Materializing param=gpt_neox.layers.18.input_layernorm.bias]            
Loading weights:  77%|#######7  | 225/292 [00:05<00:01, 41.44it/s, Materializing param=gpt_neox.layers.18.input_layernorm.bias]
Loading weights:  77%|#######7  | 226/292 [00:05<00:01, 41.44it/s, Materializing param=gpt_neox.layers.18.input_layernorm.weight]
Loading weights:  77%|#######7  | 226/292 [00:05<00:01, 41.44it/s, Materializing param=gpt_neox.layers.18.input_layernorm.weight]
Loading weights:  78%|#######7  | 227/292 [00:05<00:01, 41.44it/s, Materializing param=gpt_neox.layers.18.mlp.dense_4h_to_h.bias]
Loading weights:  78%|#######7  | 227/292 [00:05<00:01, 41.44it/s, Materializing param=gpt_neox.layers.18.mlp.dense_4h_to_h.bias]
Loading weights:  78%|#######8  | 228/292 [00:05<00:01, 41.44it/s, Materializing param=gpt_neox.layers.18.mlp.dense_4h_to_h.weight]
Loading weights:  78%|#######8  | 228/292 [00:05<00:01, 41.44it/s, Materializing param=gpt_neox.layers.18.mlp.dense_4h_to_h.weight]
Loading weights:  78%|#######8  | 229/292 [00:05<00:01, 41.44it/s, Materializing param=gpt_neox.layers.18.mlp.dense_h_to_4h.bias]  
Loading weights:  78%|#######8  | 229/292 [00:05<00:01, 41.44it/s, Materializing param=gpt_neox.layers.18.mlp.dense_h_to_4h.bias]
Loading weights:  79%|#######8  | 230/292 [00:05<00:01, 41.44it/s, Materializing param=gpt_neox.layers.18.mlp.dense_h_to_4h.weight]
Loading weights:  79%|#######8  | 230/292 [00:05<00:01, 41.44it/s, Materializing param=gpt_neox.layers.18.mlp.dense_h_to_4h.weight]
Loading weights:  79%|#######9  | 231/292 [00:05<00:01, 48.16it/s, Materializing param=gpt_neox.layers.18.mlp.dense_h_to_4h.weight]
Loading weights:  79%|#######9  | 231/292 [00:05<00:01, 48.16it/s, Materializing param=gpt_neox.layers.18.post_attention_layernorm.bias]
Loading weights:  79%|#######9  | 231/292 [00:05<00:01, 48.16it/s, Materializing param=gpt_neox.layers.18.post_attention_layernorm.bias]
Loading weights:  79%|#######9  | 232/292 [00:05<00:01, 48.16it/s, Materializing param=gpt_neox.layers.18.post_attention_layernorm.weight]
Loading weights:  79%|#######9  | 232/292 [00:05<00:01, 48.16it/s, Materializing param=gpt_neox.layers.18.post_attention_layernorm.weight]
Loading weights:  80%|#######9  | 233/292 [00:05<00:01, 48.16it/s, Materializing param=gpt_neox.layers.19.attention.dense.bias]           
Loading weights:  80%|#######9  | 233/292 [00:05<00:01, 48.16it/s, Materializing param=gpt_neox.layers.19.attention.dense.bias]
Loading weights:  80%|########  | 234/292 [00:05<00:01, 48.16it/s, Materializing param=gpt_neox.layers.19.attention.dense.weight]
Loading weights:  80%|########  | 234/292 [00:05<00:01, 48.16it/s, Materializing param=gpt_neox.layers.19.attention.dense.weight]
Loading weights:  80%|########  | 235/292 [00:05<00:01, 48.16it/s, Materializing param=gpt_neox.layers.19.attention.query_key_value.bias]
Loading weights:  80%|########  | 235/292 [00:05<00:01, 48.16it/s, Materializing param=gpt_neox.layers.19.attention.query_key_value.bias]
Loading weights:  81%|########  | 236/292 [00:05<00:01, 48.16it/s, Materializing param=gpt_neox.layers.19.attention.query_key_value.weight]
Loading weights:  81%|########  | 236/292 [00:05<00:01, 48.16it/s, Materializing param=gpt_neox.layers.19.attention.query_key_value.weight]
Loading weights:  81%|########1 | 237/292 [00:05<00:01, 48.89it/s, Materializing param=gpt_neox.layers.19.attention.query_key_value.weight]
Loading weights:  81%|########1 | 237/292 [00:05<00:01, 48.89it/s, Materializing param=gpt_neox.layers.19.input_layernorm.bias]            
Loading weights:  81%|########1 | 237/292 [00:05<00:01, 48.89it/s, Materializing param=gpt_neox.layers.19.input_layernorm.bias]
Loading weights:  82%|########1 | 238/292 [00:05<00:01, 48.89it/s, Materializing param=gpt_neox.layers.19.input_layernorm.weight]
Loading weights:  82%|########1 | 238/292 [00:05<00:01, 48.89it/s, Materializing param=gpt_neox.layers.19.input_layernorm.weight]
Loading weights:  82%|########1 | 239/292 [00:05<00:01, 48.89it/s, Materializing param=gpt_neox.layers.19.mlp.dense_4h_to_h.bias]
Loading weights:  82%|########1 | 239/292 [00:05<00:01, 48.89it/s, Materializing param=gpt_neox.layers.19.mlp.dense_4h_to_h.bias]
Loading weights:  82%|########2 | 240/292 [00:05<00:01, 48.89it/s, Materializing param=gpt_neox.layers.19.mlp.dense_4h_to_h.weight]
Loading weights:  82%|########2 | 240/292 [00:05<00:01, 48.89it/s, Materializing param=gpt_neox.layers.19.mlp.dense_4h_to_h.weight]
Loading weights:  83%|########2 | 241/292 [00:06<00:01, 48.89it/s, Materializing param=gpt_neox.layers.19.mlp.dense_h_to_4h.bias]  
Loading weights:  83%|########2 | 241/292 [00:06<00:01, 48.89it/s, Materializing param=gpt_neox.layers.19.mlp.dense_h_to_4h.bias]
Loading weights:  83%|########2 | 242/292 [00:06<00:01, 48.89it/s, Materializing param=gpt_neox.layers.19.mlp.dense_h_to_4h.weight]
Loading weights:  83%|########2 | 242/292 [00:06<00:01, 48.89it/s, Materializing param=gpt_neox.layers.19.mlp.dense_h_to_4h.weight]
Loading weights:  83%|########3 | 243/292 [00:06<00:01, 41.51it/s, Materializing param=gpt_neox.layers.19.mlp.dense_h_to_4h.weight]
Loading weights:  83%|########3 | 243/292 [00:06<00:01, 41.51it/s, Materializing param=gpt_neox.layers.19.post_attention_layernorm.bias]
Loading weights:  83%|########3 | 243/292 [00:06<00:01, 41.51it/s, Materializing param=gpt_neox.layers.19.post_attention_layernorm.bias]
Loading weights:  84%|########3 | 244/292 [00:06<00:01, 41.51it/s, Materializing param=gpt_neox.layers.19.post_attention_layernorm.weight]
Loading weights:  84%|########3 | 244/292 [00:06<00:01, 41.51it/s, Materializing param=gpt_neox.layers.19.post_attention_layernorm.weight]
Loading weights:  84%|########3 | 245/292 [00:06<00:01, 41.51it/s, Materializing param=gpt_neox.layers.20.attention.dense.bias]           
Loading weights:  84%|########3 | 245/292 [00:06<00:01, 41.51it/s, Materializing param=gpt_neox.layers.20.attention.dense.bias]
Loading weights:  84%|########4 | 246/292 [00:06<00:01, 41.51it/s, Materializing param=gpt_neox.layers.20.attention.dense.weight]
Loading weights:  84%|########4 | 246/292 [00:06<00:01, 41.51it/s, Materializing param=gpt_neox.layers.20.attention.dense.weight]
Loading weights:  85%|########4 | 247/292 [00:06<00:01, 41.51it/s, Materializing param=gpt_neox.layers.20.attention.query_key_value.bias]
Loading weights:  85%|########4 | 247/292 [00:06<00:01, 41.51it/s, Materializing param=gpt_neox.layers.20.attention.query_key_value.bias]
Loading weights:  85%|########4 | 248/292 [00:06<00:01, 41.51it/s, Materializing param=gpt_neox.layers.20.attention.query_key_value.weight]
Loading weights:  85%|########4 | 248/292 [00:06<00:01, 41.51it/s, Materializing param=gpt_neox.layers.20.attention.query_key_value.weight]
Loading weights:  85%|########5 | 249/292 [00:06<00:01, 41.51it/s, Materializing param=gpt_neox.layers.20.input_layernorm.bias]            
Loading weights:  85%|########5 | 249/292 [00:06<00:01, 41.51it/s, Materializing param=gpt_neox.layers.20.input_layernorm.bias]
Loading weights:  86%|########5 | 250/292 [00:06<00:01, 41.51it/s, Materializing param=gpt_neox.layers.20.input_layernorm.weight]
Loading weights:  86%|########5 | 250/292 [00:06<00:01, 41.51it/s, Materializing param=gpt_neox.layers.20.input_layernorm.weight]
Loading weights:  86%|########5 | 251/292 [00:06<00:00, 41.51it/s, Materializing param=gpt_neox.layers.20.mlp.dense_4h_to_h.bias]
Loading weights:  86%|########5 | 251/292 [00:06<00:00, 41.51it/s, Materializing param=gpt_neox.layers.20.mlp.dense_4h_to_h.bias]
Loading weights:  86%|########6 | 252/292 [00:06<00:00, 41.51it/s, Materializing param=gpt_neox.layers.20.mlp.dense_4h_to_h.weight]
Loading weights:  86%|########6 | 252/292 [00:06<00:00, 41.51it/s, Materializing param=gpt_neox.layers.20.mlp.dense_4h_to_h.weight]
Loading weights:  87%|########6 | 253/292 [00:06<00:00, 46.94it/s, Materializing param=gpt_neox.layers.20.mlp.dense_4h_to_h.weight]
Loading weights:  87%|########6 | 253/292 [00:06<00:00, 46.94it/s, Materializing param=gpt_neox.layers.20.mlp.dense_h_to_4h.bias]  
Loading weights:  87%|########6 | 253/292 [00:06<00:00, 46.94it/s, Materializing param=gpt_neox.layers.20.mlp.dense_h_to_4h.bias]
Loading weights:  87%|########6 | 254/292 [00:06<00:00, 46.94it/s, Materializing param=gpt_neox.layers.20.mlp.dense_h_to_4h.weight]
Loading weights:  87%|########6 | 254/292 [00:06<00:00, 46.94it/s, Materializing param=gpt_neox.layers.20.mlp.dense_h_to_4h.weight]
Loading weights:  87%|########7 | 255/292 [00:06<00:00, 46.94it/s, Materializing param=gpt_neox.layers.20.post_attention_layernorm.bias]
Loading weights:  87%|########7 | 255/292 [00:06<00:00, 46.94it/s, Materializing param=gpt_neox.layers.20.post_attention_layernorm.bias]
Loading weights:  88%|########7 | 256/292 [00:06<00:00, 46.94it/s, Materializing param=gpt_neox.layers.20.post_attention_layernorm.weight]
Loading weights:  88%|########7 | 256/292 [00:06<00:00, 46.94it/s, Materializing param=gpt_neox.layers.20.post_attention_layernorm.weight]
Loading weights:  88%|########8 | 257/292 [00:06<00:00, 46.94it/s, Materializing param=gpt_neox.layers.21.attention.dense.bias]           
Loading weights:  88%|########8 | 257/292 [00:06<00:00, 46.94it/s, Materializing param=gpt_neox.layers.21.attention.dense.bias]
Loading weights:  88%|########8 | 258/292 [00:06<00:00, 46.94it/s, Materializing param=gpt_neox.layers.21.attention.dense.weight]
Loading weights:  88%|########8 | 258/292 [00:06<00:00, 46.94it/s, Materializing param=gpt_neox.layers.21.attention.dense.weight]
Loading weights:  89%|########8 | 259/292 [00:06<00:00, 46.94it/s, Materializing param=gpt_neox.layers.21.attention.query_key_value.bias]
Loading weights:  89%|########8 | 259/292 [00:06<00:00, 46.94it/s, Materializing param=gpt_neox.layers.21.attention.query_key_value.bias]
Loading weights:  89%|########9 | 260/292 [00:06<00:00, 46.94it/s, Materializing param=gpt_neox.layers.21.attention.query_key_value.weight]
Loading weights:  89%|########9 | 260/292 [00:06<00:00, 46.94it/s, Materializing param=gpt_neox.layers.21.attention.query_key_value.weight]
Loading weights:  89%|########9 | 261/292 [00:06<00:00, 38.57it/s, Materializing param=gpt_neox.layers.21.attention.query_key_value.weight]
Loading weights:  89%|########9 | 261/292 [00:06<00:00, 38.57it/s, Materializing param=gpt_neox.layers.21.input_layernorm.bias]            
Loading weights:  89%|########9 | 261/292 [00:06<00:00, 38.57it/s, Materializing param=gpt_neox.layers.21.input_layernorm.bias]
Loading weights:  90%|########9 | 262/292 [00:06<00:00, 38.57it/s, Materializing param=gpt_neox.layers.21.input_layernorm.weight]
Loading weights:  90%|########9 | 262/292 [00:06<00:00, 38.57it/s, Materializing param=gpt_neox.layers.21.input_layernorm.weight]
Loading weights:  90%|######### | 263/292 [00:06<00:00, 38.57it/s, Materializing param=gpt_neox.layers.21.mlp.dense_4h_to_h.bias]
Loading weights:  90%|######### | 263/292 [00:06<00:00, 38.57it/s, Materializing param=gpt_neox.layers.21.mlp.dense_4h_to_h.bias]
Loading weights:  90%|######### | 264/292 [00:06<00:00, 38.57it/s, Materializing param=gpt_neox.layers.21.mlp.dense_4h_to_h.weight]
Loading weights:  90%|######### | 264/292 [00:06<00:00, 38.57it/s, Materializing param=gpt_neox.layers.21.mlp.dense_4h_to_h.weight]
Loading weights:  91%|######### | 265/292 [00:06<00:00, 38.57it/s, Materializing param=gpt_neox.layers.21.mlp.dense_h_to_4h.bias]  
Loading weights:  91%|######### | 265/292 [00:06<00:00, 38.57it/s, Materializing param=gpt_neox.layers.21.mlp.dense_h_to_4h.bias]
Loading weights:  91%|#########1| 266/292 [00:06<00:00, 38.57it/s, Materializing param=gpt_neox.layers.21.mlp.dense_h_to_4h.weight]
Loading weights:  91%|#########1| 266/292 [00:06<00:00, 38.57it/s, Materializing param=gpt_neox.layers.21.mlp.dense_h_to_4h.weight]
Loading weights:  91%|#########1| 267/292 [00:06<00:00, 38.57it/s, Materializing param=gpt_neox.layers.21.post_attention_layernorm.bias]
Loading weights:  91%|#########1| 267/292 [00:06<00:00, 38.57it/s, Materializing param=gpt_neox.layers.21.post_attention_layernorm.bias]
Loading weights:  92%|#########1| 268/292 [00:06<00:00, 38.57it/s, Materializing param=gpt_neox.layers.21.post_attention_layernorm.weight]
Loading weights:  92%|#########1| 268/292 [00:06<00:00, 38.57it/s, Materializing param=gpt_neox.layers.21.post_attention_layernorm.weight]
Loading weights:  92%|#########2| 269/292 [00:06<00:00, 38.57it/s, Materializing param=gpt_neox.layers.22.attention.dense.bias]           
Loading weights:  92%|#########2| 269/292 [00:06<00:00, 38.57it/s, Materializing param=gpt_neox.layers.22.attention.dense.bias]
Loading weights:  92%|#########2| 270/292 [00:06<00:00, 38.57it/s, Materializing param=gpt_neox.layers.22.attention.dense.weight]
Loading weights:  92%|#########2| 270/292 [00:06<00:00, 38.57it/s, Materializing param=gpt_neox.layers.22.attention.dense.weight]
Loading weights:  93%|#########2| 271/292 [00:06<00:00, 34.70it/s, Materializing param=gpt_neox.layers.22.attention.dense.weight]
Loading weights:  93%|#########2| 271/292 [00:06<00:00, 34.70it/s, Materializing param=gpt_neox.layers.22.attention.query_key_value.bias]
Loading weights:  93%|#########2| 271/292 [00:06<00:00, 34.70it/s, Materializing param=gpt_neox.layers.22.attention.query_key_value.bias]
Loading weights:  93%|#########3| 272/292 [00:06<00:00, 34.70it/s, Materializing param=gpt_neox.layers.22.attention.query_key_value.weight]
Loading weights:  93%|#########3| 272/292 [00:06<00:00, 34.70it/s, Materializing param=gpt_neox.layers.22.attention.query_key_value.weight]
Loading weights:  93%|#########3| 273/292 [00:06<00:00, 34.70it/s, Materializing param=gpt_neox.layers.22.input_layernorm.bias]            
Loading weights:  93%|#########3| 273/292 [00:06<00:00, 34.70it/s, Materializing param=gpt_neox.layers.22.input_layernorm.bias]
Loading weights:  94%|#########3| 274/292 [00:06<00:00, 34.70it/s, Materializing param=gpt_neox.layers.22.input_layernorm.weight]
Loading weights:  94%|#########3| 274/292 [00:06<00:00, 34.70it/s, Materializing param=gpt_neox.layers.22.input_layernorm.weight]
Loading weights:  94%|#########4| 275/292 [00:06<00:00, 34.70it/s, Materializing param=gpt_neox.layers.22.mlp.dense_4h_to_h.bias]
Loading weights:  94%|#########4| 275/292 [00:06<00:00, 34.70it/s, Materializing param=gpt_neox.layers.22.mlp.dense_4h_to_h.bias]
Loading weights:  95%|#########4| 276/292 [00:06<00:00, 34.70it/s, Materializing param=gpt_neox.layers.22.mlp.dense_4h_to_h.weight]
Loading weights:  95%|#########4| 276/292 [00:06<00:00, 34.70it/s, Materializing param=gpt_neox.layers.22.mlp.dense_4h_to_h.weight]
Loading weights:  95%|#########4| 277/292 [00:06<00:00, 34.70it/s, Materializing param=gpt_neox.layers.22.mlp.dense_h_to_4h.bias]  
Loading weights:  95%|#########4| 277/292 [00:06<00:00, 34.70it/s, Materializing param=gpt_neox.layers.22.mlp.dense_h_to_4h.bias]
Loading weights:  95%|#########5| 278/292 [00:06<00:00, 34.70it/s, Materializing param=gpt_neox.layers.22.mlp.dense_h_to_4h.weight]
Loading weights:  95%|#########5| 278/292 [00:06<00:00, 34.70it/s, Materializing param=gpt_neox.layers.22.mlp.dense_h_to_4h.weight]
Loading weights:  96%|#########5| 279/292 [00:06<00:00, 34.70it/s, Materializing param=gpt_neox.layers.22.post_attention_layernorm.bias]
Loading weights:  96%|#########5| 279/292 [00:06<00:00, 34.70it/s, Materializing param=gpt_neox.layers.22.post_attention_layernorm.bias]
Loading weights:  96%|#########5| 280/292 [00:06<00:00, 34.70it/s, Materializing param=gpt_neox.layers.22.post_attention_layernorm.weight]
Loading weights:  96%|#########5| 280/292 [00:06<00:00, 34.70it/s, Materializing param=gpt_neox.layers.22.post_attention_layernorm.weight]
Loading weights:  96%|#########6| 281/292 [00:06<00:00, 34.70it/s, Materializing param=gpt_neox.layers.23.attention.dense.bias]           
Loading weights:  96%|#########6| 281/292 [00:06<00:00, 34.70it/s, Materializing param=gpt_neox.layers.23.attention.dense.bias]
Loading weights:  97%|#########6| 282/292 [00:06<00:00, 34.70it/s, Materializing param=gpt_neox.layers.23.attention.dense.weight]
Loading weights:  97%|#########6| 282/292 [00:06<00:00, 34.70it/s, Materializing param=gpt_neox.layers.23.attention.dense.weight]
Loading weights:  97%|#########6| 283/292 [00:06<00:00, 34.70it/s, Materializing param=gpt_neox.layers.23.attention.query_key_value.bias]
Loading weights:  97%|#########6| 283/292 [00:06<00:00, 34.70it/s, Materializing param=gpt_neox.layers.23.attention.query_key_value.bias]
Loading weights:  97%|#########7| 284/292 [00:06<00:00, 34.70it/s, Materializing param=gpt_neox.layers.23.attention.query_key_value.weight]
Loading weights:  97%|#########7| 284/292 [00:06<00:00, 34.70it/s, Materializing param=gpt_neox.layers.23.attention.query_key_value.weight]
Loading weights:  98%|#########7| 285/292 [00:06<00:00, 34.70it/s, Materializing param=gpt_neox.layers.23.input_layernorm.bias]            
Loading weights:  98%|#########7| 285/292 [00:06<00:00, 34.70it/s, Materializing param=gpt_neox.layers.23.input_layernorm.bias]
Loading weights:  98%|#########7| 286/292 [00:06<00:00, 34.70it/s, Materializing param=gpt_neox.layers.23.input_layernorm.weight]
Loading weights:  98%|#########7| 286/292 [00:06<00:00, 34.70it/s, Materializing param=gpt_neox.layers.23.input_layernorm.weight]
Loading weights:  98%|#########8| 287/292 [00:06<00:00, 34.70it/s, Materializing param=gpt_neox.layers.23.mlp.dense_4h_to_h.bias]
Loading weights:  98%|#########8| 287/292 [00:06<00:00, 34.70it/s, Materializing param=gpt_neox.layers.23.mlp.dense_4h_to_h.bias]
Loading weights:  99%|#########8| 288/292 [00:06<00:00, 34.70it/s, Materializing param=gpt_neox.layers.23.mlp.dense_4h_to_h.weight]
Loading weights:  99%|#########8| 288/292 [00:06<00:00, 34.70it/s, Materializing param=gpt_neox.layers.23.mlp.dense_4h_to_h.weight]
Loading weights:  99%|#########8| 289/292 [00:07<00:00, 51.38it/s, Materializing param=gpt_neox.layers.23.mlp.dense_4h_to_h.weight]
Loading weights:  99%|#########8| 289/292 [00:07<00:00, 51.38it/s, Materializing param=gpt_neox.layers.23.mlp.dense_h_to_4h.bias]  
Loading weights:  99%|#########8| 289/292 [00:07<00:00, 51.38it/s, Materializing param=gpt_neox.layers.23.mlp.dense_h_to_4h.bias]
Loading weights:  99%|#########9| 290/292 [00:07<00:00, 51.38it/s, Materializing param=gpt_neox.layers.23.mlp.dense_h_to_4h.weight]
Loading weights:  99%|#########9| 290/292 [00:07<00:00, 51.38it/s, Materializing param=gpt_neox.layers.23.mlp.dense_h_to_4h.weight]
Loading weights: 100%|#########9| 291/292 [00:07<00:00, 51.38it/s, Materializing param=gpt_neox.layers.23.post_attention_layernorm.bias]
Loading weights: 100%|#########9| 291/292 [00:07<00:00, 51.38it/s, Materializing param=gpt_neox.layers.23.post_attention_layernorm.bias]
Loading weights: 100%|##########| 292/292 [00:07<00:00, 51.38it/s, Materializing param=gpt_neox.layers.23.post_attention_layernorm.weight]
Loading weights: 100%|##########| 292/292 [00:07<00:00, 51.38it/s, Materializing param=gpt_neox.layers.23.post_attention_layernorm.weight]
Loading weights: 100%|##########| 292/292 [00:07<00:00, 40.90it/s, Materializing param=gpt_neox.layers.23.post_attention_layernorm.weight]
[2026-04-22T22:41:18.192407] END longform_return_v3 OK

[2026-04-22T22:41:18.276182] START report_longform_return_v3: C:/Users/joshj/miniconda3/python.exe C:\Users\joshj\joseph-stroud-identity-stability-research\scripts\report_longform_return_v3.py --config C:\Users\joshj\joseph-stroud-identity-stability-research\configs\identity_battery\longform_return_v3_debug.yaml
[2026-04-22T22:41:37.253962] END report_longform_return_v3 OK

[2026-04-22T22:44:08.684058] START longform_return_v3: C:/Users/joshj/miniconda3/python.exe C:\Users\joshj\joseph-stroud-identity-stability-research\scripts\longform_return_v3.py --config C:\Users\joshj\joseph-stroud-identity-stability-research\configs\identity_battery\longform_return_v3_debug.yaml

Loading weights:   0%|          | 0/292 [00:00<?, ?it/s]
Loading weights:   0%|          | 1/292 [00:00<00:00, 10866.07it/s, Materializing param=embed_out.weight]
Loading weights:   0%|          | 1/292 [00:00<00:00, 4999.17it/s, Materializing param=embed_out.weight] 
Loading weights:   1%|          | 2/292 [00:00<00:00, 3903.49it/s, Materializing param=gpt_neox.embed_in.weight]
Loading weights:   1%|          | 2/292 [00:00<00:00, 3412.78it/s, Materializing param=gpt_neox.embed_in.weight]
Loading weights:   1%|1         | 3/292 [00:00<00:00, 3889.62it/s, Materializing param=gpt_neox.final_layer_norm.bias]
Loading weights:   1%|1         | 3/292 [00:00<00:00, 3603.35it/s, Materializing param=gpt_neox.final_layer_norm.bias]
Loading weights:   1%|1         | 4/292 [00:00<00:00, 3961.56it/s, Materializing param=gpt_neox.final_layer_norm.weight]
Loading weights:   1%|1         | 4/292 [00:00<00:00, 3706.85it/s, Materializing param=gpt_neox.final_layer_norm.weight]
Loading weights:   2%|1         | 5/292 [00:00<00:00, 4116.91it/s, Materializing param=gpt_neox.layers.0.attention.dense.bias]
Loading weights:   2%|1         | 5/292 [00:00<00:00, 3922.84it/s, Materializing param=gpt_neox.layers.0.attention.dense.bias]
Loading weights:   2%|2         | 6/292 [00:00<00:00, 4271.91it/s, Materializing param=gpt_neox.layers.0.attention.dense.weight]
Loading weights:   2%|2         | 6/292 [00:00<00:00, 4096.67it/s, Materializing param=gpt_neox.layers.0.attention.dense.weight]
Loading weights:   2%|2         | 7/292 [00:00<00:00, 4401.82it/s, Materializing param=gpt_neox.layers.0.attention.query_key_value.bias]
Loading weights:   2%|2         | 7/292 [00:00<00:00, 4201.51it/s, Materializing param=gpt_neox.layers.0.attention.query_key_value.bias]
Loading weights:   3%|2         | 8/292 [00:00<00:00, 4470.35it/s, Materializing param=gpt_neox.layers.0.attention.query_key_value.weight]
Loading weights:   3%|2         | 8/292 [00:00<00:00, 4330.72it/s, Materializing param=gpt_neox.layers.0.attention.query_key_value.weight]
Loading weights:   3%|3         | 9/292 [00:00<00:00, 4586.17it/s, Materializing param=gpt_neox.layers.0.input_layernorm.bias]            
Loading weights:   3%|3         | 9/292 [00:00<00:00, 4209.74it/s, Materializing param=gpt_neox.layers.0.input_layernorm.bias]
Loading weights:   3%|3         | 10/292 [00:00<00:00, 4403.93it/s, Materializing param=gpt_neox.layers.0.input_layernorm.weight]
Loading weights:   3%|3         | 10/292 [00:00<00:00, 4135.99it/s, Materializing param=gpt_neox.layers.0.input_layernorm.weight]
Loading weights:   4%|3         | 11/292 [00:00<00:00, 4309.08it/s, Materializing param=gpt_neox.layers.0.mlp.dense_4h_to_h.bias]
Loading weights:   4%|3         | 11/292 [00:00<00:00, 4211.15it/s, Materializing param=gpt_neox.layers.0.mlp.dense_4h_to_h.bias]
Loading weights:   4%|4         | 12/292 [00:00<00:00, 4395.78it/s, Materializing param=gpt_neox.layers.0.mlp.dense_4h_to_h.weight]
Loading weights:   4%|4         | 12/292 [00:00<00:00, 4303.69it/s, Materializing param=gpt_neox.layers.0.mlp.dense_4h_to_h.weight]
Loading weights:   4%|4         | 13/292 [00:00<00:00, 4224.85it/s, Materializing param=gpt_neox.layers.0.mlp.dense_h_to_4h.bias]  
Loading weights:   4%|4         | 13/292 [00:00<00:00, 4043.15it/s, Materializing param=gpt_neox.layers.0.mlp.dense_h_to_4h.bias]
Loading weights:   5%|4         | 14/292 [00:00<00:00, 4119.27it/s, Materializing param=gpt_neox.layers.0.mlp.dense_h_to_4h.weight]
Loading weights:   5%|4         | 14/292 [00:00<00:00, 4036.59it/s, Materializing param=gpt_neox.layers.0.mlp.dense_h_to_4h.weight]
Loading weights:   5%|5         | 15/292 [00:00<00:00, 4171.50it/s, Materializing param=gpt_neox.layers.0.post_attention_layernorm.bias]
Loading weights:   5%|5         | 15/292 [00:00<00:00, 4100.81it/s, Materializing param=gpt_neox.layers.0.post_attention_layernorm.bias]
Loading weights:   5%|5         | 16/292 [00:00<00:00, 4235.60it/s, Materializing param=gpt_neox.layers.0.post_attention_layernorm.weight]
Loading weights:   5%|5         | 16/292 [00:00<00:00, 4169.03it/s, Materializing param=gpt_neox.layers.0.post_attention_layernorm.weight]
Loading weights:   6%|5         | 17/292 [00:00<00:02, 130.10it/s, Materializing param=gpt_neox.layers.0.post_attention_layernorm.weight] 
Loading weights:   6%|5         | 17/292 [00:00<00:02, 130.10it/s, Materializing param=gpt_neox.layers.1.attention.dense.bias]           
Loading weights:   6%|5         | 17/292 [00:00<00:02, 130.10it/s, Materializing param=gpt_neox.layers.1.attention.dense.bias]
Loading weights:   6%|6         | 18/292 [00:00<00:02, 130.10it/s, Materializing param=gpt_neox.layers.1.attention.dense.weight]
Loading weights:   6%|6         | 18/292 [00:00<00:02, 130.10it/s, Materializing param=gpt_neox.layers.1.attention.dense.weight]
Loading weights:   7%|6         | 19/292 [00:00<00:02, 130.10it/s, Materializing param=gpt_neox.layers.1.attention.query_key_value.bias]
Loading weights:   7%|6         | 19/292 [00:00<00:02, 130.10it/s, Materializing param=gpt_neox.layers.1.attention.query_key_value.bias]
Loading weights:   7%|6         | 20/292 [00:00<00:02, 130.10it/s, Materializing param=gpt_neox.layers.1.attention.query_key_value.weight]
Loading weights:   7%|6         | 20/292 [00:00<00:02, 130.10it/s, Materializing param=gpt_neox.layers.1.attention.query_key_value.weight]
Loading weights:   7%|7         | 21/292 [00:00<00:02, 130.10it/s, Materializing param=gpt_neox.layers.1.input_layernorm.bias]            
Loading weights:   7%|7         | 21/292 [00:00<00:02, 130.10it/s, Materializing param=gpt_neox.layers.1.input_layernorm.bias]
Loading weights:   8%|7         | 22/292 [00:00<00:02, 130.10it/s, Materializing param=gpt_neox.layers.1.input_layernorm.weight]
Loading weights:   8%|7         | 22/292 [00:00<00:02, 130.10it/s, Materializing param=gpt_neox.layers.1.input_layernorm.weight]
Loading weights:   8%|7         | 23/292 [00:00<00:02, 130.10it/s, Materializing param=gpt_neox.layers.1.mlp.dense_4h_to_h.bias]
Loading weights:   8%|7         | 23/292 [00:00<00:02, 130.10it/s, Materializing param=gpt_neox.layers.1.mlp.dense_4h_to_h.bias]
Loading weights:   8%|8         | 24/292 [00:00<00:02, 130.10it/s, Materializing param=gpt_neox.layers.1.mlp.dense_4h_to_h.weight]
Loading weights:   8%|8         | 24/292 [00:00<00:02, 130.10it/s, Materializing param=gpt_neox.layers.1.mlp.dense_4h_to_h.weight]
Loading weights:   9%|8         | 25/292 [00:00<00:02, 130.10it/s, Materializing param=gpt_neox.layers.1.mlp.dense_h_to_4h.bias]  
Loading weights:   9%|8         | 25/292 [00:00<00:02, 130.10it/s, Materializing param=gpt_neox.layers.1.mlp.dense_h_to_4h.bias]
Loading weights:   9%|8         | 26/292 [00:00<00:02, 130.10it/s, Materializing param=gpt_neox.layers.1.mlp.dense_h_to_4h.weight]
Loading weights:   9%|8         | 26/292 [00:00<00:02, 130.10it/s, Materializing param=gpt_neox.layers.1.mlp.dense_h_to_4h.weight]
Loading weights:   9%|9         | 27/292 [00:00<00:02, 130.10it/s, Materializing param=gpt_neox.layers.1.post_attention_layernorm.bias]
Loading weights:   9%|9         | 27/292 [00:00<00:02, 130.10it/s, Materializing param=gpt_neox.layers.1.post_attention_layernorm.bias]
Loading weights:  10%|9         | 28/292 [00:00<00:02, 130.10it/s, Materializing param=gpt_neox.layers.1.post_attention_layernorm.weight]
Loading weights:  10%|9         | 28/292 [00:00<00:02, 130.10it/s, Materializing param=gpt_neox.layers.1.post_attention_layernorm.weight]
Loading weights:  10%|9         | 29/292 [00:00<00:02, 130.10it/s, Materializing param=gpt_neox.layers.2.attention.dense.bias]           
Loading weights:  10%|9         | 29/292 [00:00<00:02, 130.10it/s, Materializing param=gpt_neox.layers.2.attention.dense.bias]
Loading weights:  10%|#         | 30/292 [00:00<00:02, 130.10it/s, Materializing param=gpt_neox.layers.2.attention.dense.weight]
Loading weights:  10%|#         | 30/292 [00:00<00:02, 130.10it/s, Materializing param=gpt_neox.layers.2.attention.dense.weight]
Loading weights:  11%|#         | 31/292 [00:00<00:02, 130.10it/s, Materializing param=gpt_neox.layers.2.attention.query_key_value.bias]
Loading weights:  11%|#         | 31/292 [00:00<00:02, 130.10it/s, Materializing param=gpt_neox.layers.2.attention.query_key_value.bias]
Loading weights:  11%|#         | 32/292 [00:00<00:01, 130.10it/s, Materializing param=gpt_neox.layers.2.attention.query_key_value.weight]
Loading weights:  11%|#         | 32/292 [00:00<00:01, 130.10it/s, Materializing param=gpt_neox.layers.2.attention.query_key_value.weight]
Loading weights:  11%|#1        | 33/292 [00:00<00:01, 130.10it/s, Materializing param=gpt_neox.layers.2.input_layernorm.bias]            
Loading weights:  11%|#1        | 33/292 [00:00<00:01, 130.10it/s, Materializing param=gpt_neox.layers.2.input_layernorm.bias]
Loading weights:  12%|#1        | 34/292 [00:00<00:01, 130.10it/s, Materializing param=gpt_neox.layers.2.input_layernorm.weight]
Loading weights:  12%|#1        | 34/292 [00:00<00:01, 130.10it/s, Materializing param=gpt_neox.layers.2.input_layernorm.weight]
Loading weights:  12%|#1        | 35/292 [00:00<00:01, 130.10it/s, Materializing param=gpt_neox.layers.2.mlp.dense_4h_to_h.bias]
Loading weights:  12%|#1        | 35/292 [00:00<00:01, 130.10it/s, Materializing param=gpt_neox.layers.2.mlp.dense_4h_to_h.bias]
Loading weights:  12%|#2        | 36/292 [00:00<00:01, 130.10it/s, Materializing param=gpt_neox.layers.2.mlp.dense_4h_to_h.weight]
Loading weights:  12%|#2        | 36/292 [00:00<00:01, 130.10it/s, Materializing param=gpt_neox.layers.2.mlp.dense_4h_to_h.weight]
Loading weights:  13%|#2        | 37/292 [00:00<00:01, 130.10it/s, Materializing param=gpt_neox.layers.2.mlp.dense_h_to_4h.bias]  
Loading weights:  13%|#2        | 37/292 [00:00<00:01, 130.10it/s, Materializing param=gpt_neox.layers.2.mlp.dense_h_to_4h.bias]
Loading weights:  13%|#3        | 38/292 [00:00<00:01, 130.10it/s, Materializing param=gpt_neox.layers.2.mlp.dense_h_to_4h.weight]
Loading weights:  13%|#3        | 38/292 [00:00<00:01, 130.10it/s, Materializing param=gpt_neox.layers.2.mlp.dense_h_to_4h.weight]
Loading weights:  13%|#3        | 39/292 [00:00<00:01, 130.10it/s, Materializing param=gpt_neox.layers.2.post_attention_layernorm.bias]
Loading weights:  13%|#3        | 39/292 [00:00<00:01, 130.10it/s, Materializing param=gpt_neox.layers.2.post_attention_layernorm.bias]
Loading weights:  14%|#3        | 40/292 [00:00<00:01, 130.10it/s, Materializing param=gpt_neox.layers.2.post_attention_layernorm.weight]
Loading weights:  14%|#3        | 40/292 [00:00<00:01, 130.10it/s, Materializing param=gpt_neox.layers.2.post_attention_layernorm.weight]
Loading weights:  14%|#4        | 41/292 [00:00<00:01, 130.10it/s, Materializing param=gpt_neox.layers.3.attention.dense.bias]           
Loading weights:  14%|#4        | 41/292 [00:00<00:01, 130.10it/s, Materializing param=gpt_neox.layers.3.attention.dense.bias]
Loading weights:  14%|#4        | 42/292 [00:00<00:01, 130.10it/s, Materializing param=gpt_neox.layers.3.attention.dense.weight]
Loading weights:  14%|#4        | 42/292 [00:00<00:01, 130.10it/s, Materializing param=gpt_neox.layers.3.attention.dense.weight]
Loading weights:  15%|#4        | 43/292 [00:00<00:01, 130.10it/s, Materializing param=gpt_neox.layers.3.attention.query_key_value.bias]
Loading weights:  15%|#4        | 43/292 [00:00<00:01, 130.10it/s, Materializing param=gpt_neox.layers.3.attention.query_key_value.bias]
Loading weights:  15%|#5        | 44/292 [00:00<00:01, 130.10it/s, Materializing param=gpt_neox.layers.3.attention.query_key_value.weight]
Loading weights:  15%|#5        | 44/292 [00:00<00:01, 130.10it/s, Materializing param=gpt_neox.layers.3.attention.query_key_value.weight]
Loading weights:  15%|#5        | 45/292 [00:00<00:01, 130.10it/s, Materializing param=gpt_neox.layers.3.input_layernorm.bias]            
Loading weights:  15%|#5        | 45/292 [00:00<00:01, 130.10it/s, Materializing param=gpt_neox.layers.3.input_layernorm.bias]
Loading weights:  16%|#5        | 46/292 [00:00<00:01, 130.10it/s, Materializing param=gpt_neox.layers.3.input_layernorm.weight]
Loading weights:  16%|#5        | 46/292 [00:00<00:01, 130.10it/s, Materializing param=gpt_neox.layers.3.input_layernorm.weight]
Loading weights:  16%|#6        | 47/292 [00:00<00:01, 130.10it/s, Materializing param=gpt_neox.layers.3.mlp.dense_4h_to_h.bias]
Loading weights:  16%|#6        | 47/292 [00:00<00:01, 130.10it/s, Materializing param=gpt_neox.layers.3.mlp.dense_4h_to_h.bias]
Loading weights:  16%|#6        | 48/292 [00:00<00:01, 130.10it/s, Materializing param=gpt_neox.layers.3.mlp.dense_4h_to_h.weight]
Loading weights:  16%|#6        | 48/292 [00:00<00:01, 130.10it/s, Materializing param=gpt_neox.layers.3.mlp.dense_4h_to_h.weight]
Loading weights:  17%|#6        | 49/292 [00:00<00:01, 130.10it/s, Materializing param=gpt_neox.layers.3.mlp.dense_h_to_4h.bias]  
Loading weights:  17%|#6        | 49/292 [00:00<00:01, 130.10it/s, Materializing param=gpt_neox.layers.3.mlp.dense_h_to_4h.bias]
Loading weights:  17%|#7        | 50/292 [00:00<00:01, 130.10it/s, Materializing param=gpt_neox.layers.3.mlp.dense_h_to_4h.weight]
Loading weights:  17%|#7        | 50/292 [00:00<00:01, 130.10it/s, Materializing param=gpt_neox.layers.3.mlp.dense_h_to_4h.weight]
Loading weights:  17%|#7        | 51/292 [00:00<00:01, 130.10it/s, Materializing param=gpt_neox.layers.3.post_attention_layernorm.bias]
Loading weights:  17%|#7        | 51/292 [00:00<00:01, 130.10it/s, Materializing param=gpt_neox.layers.3.post_attention_layernorm.bias]
Loading weights:  18%|#7        | 52/292 [00:00<00:01, 130.10it/s, Materializing param=gpt_neox.layers.3.post_attention_layernorm.weight]
Loading weights:  18%|#7        | 52/292 [00:00<00:01, 130.10it/s, Materializing param=gpt_neox.layers.3.post_attention_layernorm.weight]
Loading weights:  18%|#8        | 53/292 [00:00<00:01, 130.10it/s, Materializing param=gpt_neox.layers.4.attention.dense.bias]           
Loading weights:  18%|#8        | 53/292 [00:00<00:01, 130.10it/s, Materializing param=gpt_neox.layers.4.attention.dense.bias]
Loading weights:  18%|#8        | 54/292 [00:00<00:01, 130.10it/s, Materializing param=gpt_neox.layers.4.attention.dense.weight]
Loading weights:  18%|#8        | 54/292 [00:00<00:01, 130.10it/s, Materializing param=gpt_neox.layers.4.attention.dense.weight]
Loading weights:  19%|#8        | 55/292 [00:00<00:01, 130.10it/s, Materializing param=gpt_neox.layers.4.attention.query_key_value.bias]
Loading weights:  19%|#8        | 55/292 [00:00<00:01, 130.10it/s, Materializing param=gpt_neox.layers.4.attention.query_key_value.bias]
Loading weights:  19%|#9        | 56/292 [00:00<00:01, 130.10it/s, Materializing param=gpt_neox.layers.4.attention.query_key_value.weight]
Loading weights:  19%|#9        | 56/292 [00:00<00:01, 130.10it/s, Materializing param=gpt_neox.layers.4.attention.query_key_value.weight]
Loading weights:  20%|#9        | 57/292 [00:00<00:01, 130.10it/s, Materializing param=gpt_neox.layers.4.input_layernorm.bias]            
Loading weights:  20%|#9        | 57/292 [00:00<00:01, 130.10it/s, Materializing param=gpt_neox.layers.4.input_layernorm.bias]
Loading weights:  20%|#9        | 58/292 [00:00<00:01, 130.10it/s, Materializing param=gpt_neox.layers.4.input_layernorm.weight]
Loading weights:  20%|#9        | 58/292 [00:00<00:01, 130.10it/s, Materializing param=gpt_neox.layers.4.input_layernorm.weight]
Loading weights:  20%|##        | 59/292 [00:00<00:01, 130.10it/s, Materializing param=gpt_neox.layers.4.mlp.dense_4h_to_h.bias]
Loading weights:  20%|##        | 59/292 [00:00<00:01, 130.10it/s, Materializing param=gpt_neox.layers.4.mlp.dense_4h_to_h.bias]
Loading weights:  21%|##        | 60/292 [00:00<00:01, 130.10it/s, Materializing param=gpt_neox.layers.4.mlp.dense_4h_to_h.weight]
Loading weights:  21%|##        | 60/292 [00:00<00:01, 130.10it/s, Materializing param=gpt_neox.layers.4.mlp.dense_4h_to_h.weight]
Loading weights:  21%|##        | 61/292 [00:00<00:01, 130.10it/s, Materializing param=gpt_neox.layers.4.mlp.dense_h_to_4h.bias]  
Loading weights:  21%|##        | 61/292 [00:00<00:01, 130.10it/s, Materializing param=gpt_neox.layers.4.mlp.dense_h_to_4h.bias]
Loading weights:  21%|##1       | 62/292 [00:00<00:01, 130.10it/s, Materializing param=gpt_neox.layers.4.mlp.dense_h_to_4h.weight]
Loading weights:  21%|##1       | 62/292 [00:00<00:01, 130.10it/s, Materializing param=gpt_neox.layers.4.mlp.dense_h_to_4h.weight]
Loading weights:  22%|##1       | 63/292 [00:00<00:01, 130.10it/s, Materializing param=gpt_neox.layers.4.post_attention_layernorm.bias]
Loading weights:  22%|##1       | 63/292 [00:00<00:01, 130.10it/s, Materializing param=gpt_neox.layers.4.post_attention_layernorm.bias]
Loading weights:  22%|##1       | 64/292 [00:00<00:01, 130.10it/s, Materializing param=gpt_neox.layers.4.post_attention_layernorm.weight]
Loading weights:  22%|##1       | 64/292 [00:00<00:01, 130.10it/s, Materializing param=gpt_neox.layers.4.post_attention_layernorm.weight]
Loading weights:  22%|##2       | 65/292 [00:00<00:01, 130.10it/s, Materializing param=gpt_neox.layers.5.attention.dense.bias]           
Loading weights:  22%|##2       | 65/292 [00:00<00:01, 130.10it/s, Materializing param=gpt_neox.layers.5.attention.dense.bias]
Loading weights:  23%|##2       | 66/292 [00:00<00:01, 130.10it/s, Materializing param=gpt_neox.layers.5.attention.dense.weight]
Loading weights:  23%|##2       | 66/292 [00:00<00:01, 130.10it/s, Materializing param=gpt_neox.layers.5.attention.dense.weight]
Loading weights:  23%|##2       | 67/292 [00:00<00:01, 130.10it/s, Materializing param=gpt_neox.layers.5.attention.query_key_value.bias]
Loading weights:  23%|##2       | 67/292 [00:00<00:01, 130.10it/s, Materializing param=gpt_neox.layers.5.attention.query_key_value.bias]
Loading weights:  23%|##3       | 68/292 [00:00<00:01, 130.10it/s, Materializing param=gpt_neox.layers.5.attention.query_key_value.weight]
Loading weights:  23%|##3       | 68/292 [00:00<00:01, 130.10it/s, Materializing param=gpt_neox.layers.5.attention.query_key_value.weight]
Loading weights:  24%|##3       | 69/292 [00:00<00:01, 130.10it/s, Materializing param=gpt_neox.layers.5.input_layernorm.bias]            
Loading weights:  24%|##3       | 69/292 [00:00<00:01, 130.10it/s, Materializing param=gpt_neox.layers.5.input_layernorm.bias]
Loading weights:  24%|##3       | 70/292 [00:00<00:01, 130.10it/s, Materializing param=gpt_neox.layers.5.input_layernorm.weight]
Loading weights:  24%|##3       | 70/292 [00:00<00:01, 130.10it/s, Materializing param=gpt_neox.layers.5.input_layernorm.weight]
Loading weights:  24%|##4       | 71/292 [00:00<00:01, 130.10it/s, Materializing param=gpt_neox.layers.5.mlp.dense_4h_to_h.bias]
Loading weights:  24%|##4       | 71/292 [00:00<00:01, 130.10it/s, Materializing param=gpt_neox.layers.5.mlp.dense_4h_to_h.bias]
Loading weights:  25%|##4       | 72/292 [00:00<00:01, 130.10it/s, Materializing param=gpt_neox.layers.5.mlp.dense_4h_to_h.weight]
Loading weights:  25%|##4       | 72/292 [00:00<00:01, 130.10it/s, Materializing param=gpt_neox.layers.5.mlp.dense_4h_to_h.weight]
Loading weights:  25%|##5       | 73/292 [00:00<00:01, 130.10it/s, Materializing param=gpt_neox.layers.5.mlp.dense_h_to_4h.bias]  
Loading weights:  25%|##5       | 73/292 [00:00<00:01, 130.10it/s, Materializing param=gpt_neox.layers.5.mlp.dense_h_to_4h.bias]
Loading weights:  25%|##5       | 74/292 [00:00<00:01, 130.10it/s, Materializing param=gpt_neox.layers.5.mlp.dense_h_to_4h.weight]
Loading weights:  25%|##5       | 74/292 [00:00<00:01, 130.10it/s, Materializing param=gpt_neox.layers.5.mlp.dense_h_to_4h.weight]
Loading weights:  26%|##5       | 75/292 [00:00<00:01, 130.10it/s, Materializing param=gpt_neox.layers.5.post_attention_layernorm.bias]
Loading weights:  26%|##5       | 75/292 [00:00<00:01, 130.10it/s, Materializing param=gpt_neox.layers.5.post_attention_layernorm.bias]
Loading weights:  26%|##6       | 76/292 [00:00<00:01, 130.10it/s, Materializing param=gpt_neox.layers.5.post_attention_layernorm.weight]
Loading weights:  26%|##6       | 76/292 [00:00<00:01, 130.10it/s, Materializing param=gpt_neox.layers.5.post_attention_layernorm.weight]
Loading weights:  26%|##6       | 77/292 [00:00<00:01, 130.10it/s, Materializing param=gpt_neox.layers.6.attention.dense.bias]           
Loading weights:  26%|##6       | 77/292 [00:00<00:01, 130.10it/s, Materializing param=gpt_neox.layers.6.attention.dense.bias]
Loading weights:  27%|##6       | 78/292 [00:00<00:01, 130.10it/s, Materializing param=gpt_neox.layers.6.attention.dense.weight]
Loading weights:  27%|##6       | 78/292 [00:00<00:01, 130.10it/s, Materializing param=gpt_neox.layers.6.attention.dense.weight]
Loading weights:  27%|##7       | 79/292 [00:00<00:01, 130.10it/s, Materializing param=gpt_neox.layers.6.attention.query_key_value.bias]
Loading weights:  27%|##7       | 79/292 [00:00<00:01, 130.10it/s, Materializing param=gpt_neox.layers.6.attention.query_key_value.bias]
Loading weights:  27%|##7       | 80/292 [00:00<00:01, 130.10it/s, Materializing param=gpt_neox.layers.6.attention.query_key_value.weight]
Loading weights:  27%|##7       | 80/292 [00:00<00:01, 130.10it/s, Materializing param=gpt_neox.layers.6.attention.query_key_value.weight]
Loading weights:  28%|##7       | 81/292 [00:00<00:01, 130.10it/s, Materializing param=gpt_neox.layers.6.input_layernorm.bias]            
Loading weights:  28%|##7       | 81/292 [00:00<00:01, 130.10it/s, Materializing param=gpt_neox.layers.6.input_layernorm.bias]
Loading weights:  28%|##8       | 82/292 [00:00<00:01, 130.10it/s, Materializing param=gpt_neox.layers.6.input_layernorm.weight]
Loading weights:  28%|##8       | 82/292 [00:00<00:01, 130.10it/s, Materializing param=gpt_neox.layers.6.input_layernorm.weight]
Loading weights:  28%|##8       | 83/292 [00:00<00:01, 130.10it/s, Materializing param=gpt_neox.layers.6.mlp.dense_4h_to_h.bias]
Loading weights:  28%|##8       | 83/292 [00:00<00:01, 130.10it/s, Materializing param=gpt_neox.layers.6.mlp.dense_4h_to_h.bias]
Loading weights:  29%|##8       | 84/292 [00:00<00:01, 130.10it/s, Materializing param=gpt_neox.layers.6.mlp.dense_4h_to_h.weight]
Loading weights:  29%|##8       | 84/292 [00:00<00:01, 130.10it/s, Materializing param=gpt_neox.layers.6.mlp.dense_4h_to_h.weight]
Loading weights:  29%|##9       | 85/292 [00:00<00:01, 130.10it/s, Materializing param=gpt_neox.layers.6.mlp.dense_h_to_4h.bias]  
Loading weights:  29%|##9       | 85/292 [00:00<00:01, 130.10it/s, Materializing param=gpt_neox.layers.6.mlp.dense_h_to_4h.bias]
Loading weights:  29%|##9       | 86/292 [00:00<00:01, 130.10it/s, Materializing param=gpt_neox.layers.6.mlp.dense_h_to_4h.weight]
Loading weights:  29%|##9       | 86/292 [00:00<00:01, 130.10it/s, Materializing param=gpt_neox.layers.6.mlp.dense_h_to_4h.weight]
Loading weights:  30%|##9       | 87/292 [00:00<00:01, 130.10it/s, Materializing param=gpt_neox.layers.6.post_attention_layernorm.bias]
Loading weights:  30%|##9       | 87/292 [00:00<00:01, 130.10it/s, Materializing param=gpt_neox.layers.6.post_attention_layernorm.bias]
Loading weights:  30%|###       | 88/292 [00:00<00:01, 130.10it/s, Materializing param=gpt_neox.layers.6.post_attention_layernorm.weight]
Loading weights:  30%|###       | 88/292 [00:00<00:01, 130.10it/s, Materializing param=gpt_neox.layers.6.post_attention_layernorm.weight]
Loading weights:  30%|###       | 89/292 [00:00<00:01, 130.10it/s, Materializing param=gpt_neox.layers.7.attention.dense.bias]           
Loading weights:  30%|###       | 89/292 [00:00<00:01, 130.10it/s, Materializing param=gpt_neox.layers.7.attention.dense.bias]
Loading weights:  31%|###       | 90/292 [00:00<00:01, 130.10it/s, Materializing param=gpt_neox.layers.7.attention.dense.weight]
Loading weights:  31%|###       | 90/292 [00:00<00:01, 130.10it/s, Materializing param=gpt_neox.layers.7.attention.dense.weight]
Loading weights:  31%|###1      | 91/292 [00:00<00:01, 130.10it/s, Materializing param=gpt_neox.layers.7.attention.query_key_value.bias]
Loading weights:  31%|###1      | 91/292 [00:00<00:01, 130.10it/s, Materializing param=gpt_neox.layers.7.attention.query_key_value.bias]
Loading weights:  32%|###1      | 92/292 [00:00<00:01, 130.10it/s, Materializing param=gpt_neox.layers.7.attention.query_key_value.weight]
Loading weights:  32%|###1      | 92/292 [00:00<00:01, 130.10it/s, Materializing param=gpt_neox.layers.7.attention.query_key_value.weight]
Loading weights:  32%|###1      | 93/292 [00:00<00:01, 130.10it/s, Materializing param=gpt_neox.layers.7.input_layernorm.bias]            
Loading weights:  32%|###1      | 93/292 [00:00<00:01, 130.10it/s, Materializing param=gpt_neox.layers.7.input_layernorm.bias]
Loading weights:  32%|###2      | 94/292 [00:00<00:01, 130.10it/s, Materializing param=gpt_neox.layers.7.input_layernorm.weight]
Loading weights:  32%|###2      | 94/292 [00:00<00:01, 130.10it/s, Materializing param=gpt_neox.layers.7.input_layernorm.weight]
Loading weights:  33%|###2      | 95/292 [00:00<00:01, 130.10it/s, Materializing param=gpt_neox.layers.7.mlp.dense_4h_to_h.bias]
Loading weights:  33%|###2      | 95/292 [00:00<00:01, 130.10it/s, Materializing param=gpt_neox.layers.7.mlp.dense_4h_to_h.bias]
Loading weights:  33%|###2      | 96/292 [00:00<00:01, 130.10it/s, Materializing param=gpt_neox.layers.7.mlp.dense_4h_to_h.weight]
Loading weights:  33%|###2      | 96/292 [00:00<00:01, 130.10it/s, Materializing param=gpt_neox.layers.7.mlp.dense_4h_to_h.weight]
Loading weights:  33%|###3      | 97/292 [00:00<00:01, 130.10it/s, Materializing param=gpt_neox.layers.7.mlp.dense_h_to_4h.bias]  
Loading weights:  33%|###3      | 97/292 [00:00<00:01, 130.10it/s, Materializing param=gpt_neox.layers.7.mlp.dense_h_to_4h.bias]
Loading weights:  34%|###3      | 98/292 [00:00<00:01, 130.10it/s, Materializing param=gpt_neox.layers.7.mlp.dense_h_to_4h.weight]
Loading weights:  34%|###3      | 98/292 [00:00<00:01, 130.10it/s, Materializing param=gpt_neox.layers.7.mlp.dense_h_to_4h.weight]
Loading weights:  34%|###3      | 99/292 [00:00<00:01, 130.10it/s, Materializing param=gpt_neox.layers.7.post_attention_layernorm.bias]
Loading weights:  34%|###3      | 99/292 [00:00<00:01, 130.10it/s, Materializing param=gpt_neox.layers.7.post_attention_layernorm.bias]
Loading weights:  34%|###4      | 100/292 [00:00<00:01, 130.10it/s, Materializing param=gpt_neox.layers.7.post_attention_layernorm.weight]
Loading weights:  34%|###4      | 100/292 [00:00<00:01, 130.10it/s, Materializing param=gpt_neox.layers.7.post_attention_layernorm.weight]
Loading weights:  35%|###4      | 101/292 [00:00<00:01, 130.10it/s, Materializing param=gpt_neox.layers.8.attention.dense.bias]           
Loading weights:  35%|###4      | 101/292 [00:00<00:01, 130.10it/s, Materializing param=gpt_neox.layers.8.attention.dense.bias]
Loading weights:  35%|###4      | 102/292 [00:00<00:01, 130.10it/s, Materializing param=gpt_neox.layers.8.attention.dense.weight]
Loading weights:  35%|###4      | 102/292 [00:00<00:01, 130.10it/s, Materializing param=gpt_neox.layers.8.attention.dense.weight]
Loading weights:  35%|###5      | 103/292 [00:00<00:01, 130.10it/s, Materializing param=gpt_neox.layers.8.attention.query_key_value.bias]
Loading weights:  35%|###5      | 103/292 [00:00<00:01, 130.10it/s, Materializing param=gpt_neox.layers.8.attention.query_key_value.bias]
Loading weights:  36%|###5      | 104/292 [00:00<00:01, 130.10it/s, Materializing param=gpt_neox.layers.8.attention.query_key_value.weight]
Loading weights:  36%|###5      | 104/292 [00:00<00:01, 130.10it/s, Materializing param=gpt_neox.layers.8.attention.query_key_value.weight]
Loading weights:  36%|###5      | 105/292 [00:00<00:01, 130.10it/s, Materializing param=gpt_neox.layers.8.input_layernorm.bias]            
Loading weights:  36%|###5      | 105/292 [00:00<00:01, 130.10it/s, Materializing param=gpt_neox.layers.8.input_layernorm.bias]
Loading weights:  36%|###6      | 106/292 [00:00<00:01, 130.10it/s, Materializing param=gpt_neox.layers.8.input_layernorm.weight]
Loading weights:  36%|###6      | 106/292 [00:00<00:01, 130.10it/s, Materializing param=gpt_neox.layers.8.input_layernorm.weight]
Loading weights:  37%|###6      | 107/292 [00:00<00:01, 130.10it/s, Materializing param=gpt_neox.layers.8.mlp.dense_4h_to_h.bias]
Loading weights:  37%|###6      | 107/292 [00:00<00:01, 130.10it/s, Materializing param=gpt_neox.layers.8.mlp.dense_4h_to_h.bias]
Loading weights:  37%|###6      | 108/292 [00:00<00:01, 130.10it/s, Materializing param=gpt_neox.layers.8.mlp.dense_4h_to_h.weight]
Loading weights:  37%|###6      | 108/292 [00:00<00:01, 130.10it/s, Materializing param=gpt_neox.layers.8.mlp.dense_4h_to_h.weight]
Loading weights:  37%|###7      | 109/292 [00:00<00:01, 130.10it/s, Materializing param=gpt_neox.layers.8.mlp.dense_h_to_4h.bias]  
Loading weights:  37%|###7      | 109/292 [00:00<00:01, 130.10it/s, Materializing param=gpt_neox.layers.8.mlp.dense_h_to_4h.bias]
Loading weights:  38%|###7      | 110/292 [00:00<00:01, 130.10it/s, Materializing param=gpt_neox.layers.8.mlp.dense_h_to_4h.weight]
Loading weights:  38%|###7      | 110/292 [00:00<00:01, 130.10it/s, Materializing param=gpt_neox.layers.8.mlp.dense_h_to_4h.weight]
Loading weights:  38%|###8      | 111/292 [00:00<00:01, 130.10it/s, Materializing param=gpt_neox.layers.8.post_attention_layernorm.bias]
Loading weights:  38%|###8      | 111/292 [00:00<00:01, 130.10it/s, Materializing param=gpt_neox.layers.8.post_attention_layernorm.bias]
Loading weights:  38%|###8      | 112/292 [00:00<00:01, 130.10it/s, Materializing param=gpt_neox.layers.8.post_attention_layernorm.weight]
Loading weights:  38%|###8      | 112/292 [00:00<00:01, 130.10it/s, Materializing param=gpt_neox.layers.8.post_attention_layernorm.weight]
Loading weights:  39%|###8      | 113/292 [00:00<00:01, 130.10it/s, Materializing param=gpt_neox.layers.9.attention.dense.bias]           
Loading weights:  39%|###8      | 113/292 [00:00<00:01, 130.10it/s, Materializing param=gpt_neox.layers.9.attention.dense.bias]
Loading weights:  39%|###9      | 114/292 [00:00<00:01, 130.10it/s, Materializing param=gpt_neox.layers.9.attention.dense.weight]
Loading weights:  39%|###9      | 114/292 [00:00<00:01, 130.10it/s, Materializing param=gpt_neox.layers.9.attention.dense.weight]
Loading weights:  39%|###9      | 115/292 [00:00<00:01, 130.10it/s, Materializing param=gpt_neox.layers.9.attention.query_key_value.bias]
Loading weights:  39%|###9      | 115/292 [00:00<00:01, 130.10it/s, Materializing param=gpt_neox.layers.9.attention.query_key_value.bias]
Loading weights:  40%|###9      | 116/292 [00:00<00:01, 130.10it/s, Materializing param=gpt_neox.layers.9.attention.query_key_value.weight]
Loading weights:  40%|###9      | 116/292 [00:00<00:01, 130.10it/s, Materializing param=gpt_neox.layers.9.attention.query_key_value.weight]
Loading weights:  40%|####      | 117/292 [00:00<00:01, 130.10it/s, Materializing param=gpt_neox.layers.9.input_layernorm.bias]            
Loading weights:  40%|####      | 117/292 [00:00<00:01, 130.10it/s, Materializing param=gpt_neox.layers.9.input_layernorm.bias]
Loading weights:  40%|####      | 118/292 [00:00<00:01, 130.10it/s, Materializing param=gpt_neox.layers.9.input_layernorm.weight]
Loading weights:  40%|####      | 118/292 [00:00<00:01, 130.10it/s, Materializing param=gpt_neox.layers.9.input_layernorm.weight]
Loading weights:  41%|####      | 119/292 [00:00<00:01, 130.10it/s, Materializing param=gpt_neox.layers.9.mlp.dense_4h_to_h.bias]
Loading weights:  41%|####      | 119/292 [00:00<00:01, 130.10it/s, Materializing param=gpt_neox.layers.9.mlp.dense_4h_to_h.bias]
Loading weights:  41%|####1     | 120/292 [00:00<00:01, 130.10it/s, Materializing param=gpt_neox.layers.9.mlp.dense_4h_to_h.weight]
Loading weights:  41%|####1     | 120/292 [00:00<00:01, 130.10it/s, Materializing param=gpt_neox.layers.9.mlp.dense_4h_to_h.weight]
Loading weights:  41%|####1     | 121/292 [00:00<00:01, 130.10it/s, Materializing param=gpt_neox.layers.9.mlp.dense_h_to_4h.bias]  
Loading weights:  41%|####1     | 121/292 [00:00<00:01, 130.10it/s, Materializing param=gpt_neox.layers.9.mlp.dense_h_to_4h.bias]
Loading weights:  42%|####1     | 122/292 [00:00<00:01, 130.10it/s, Materializing param=gpt_neox.layers.9.mlp.dense_h_to_4h.weight]
Loading weights:  42%|####1     | 122/292 [00:00<00:01, 130.10it/s, Materializing param=gpt_neox.layers.9.mlp.dense_h_to_4h.weight]
Loading weights:  42%|####2     | 123/292 [00:00<00:01, 130.10it/s, Materializing param=gpt_neox.layers.9.post_attention_layernorm.bias]
Loading weights:  42%|####2     | 123/292 [00:00<00:01, 130.10it/s, Materializing param=gpt_neox.layers.9.post_attention_layernorm.bias]
Loading weights:  42%|####2     | 124/292 [00:00<00:01, 130.10it/s, Materializing param=gpt_neox.layers.9.post_attention_layernorm.weight]
Loading weights:  42%|####2     | 124/292 [00:00<00:01, 130.10it/s, Materializing param=gpt_neox.layers.9.post_attention_layernorm.weight]
Loading weights:  43%|####2     | 125/292 [00:00<00:01, 130.10it/s, Materializing param=gpt_neox.layers.10.attention.dense.bias]          
Loading weights:  43%|####2     | 125/292 [00:00<00:01, 130.10it/s, Materializing param=gpt_neox.layers.10.attention.dense.bias]
Loading weights:  43%|####3     | 126/292 [00:00<00:01, 130.10it/s, Materializing param=gpt_neox.layers.10.attention.dense.weight]
Loading weights:  43%|####3     | 126/292 [00:00<00:01, 130.10it/s, Materializing param=gpt_neox.layers.10.attention.dense.weight]
Loading weights:  43%|####3     | 127/292 [00:00<00:01, 130.10it/s, Materializing param=gpt_neox.layers.10.attention.query_key_value.bias]
Loading weights:  43%|####3     | 127/292 [00:00<00:01, 130.10it/s, Materializing param=gpt_neox.layers.10.attention.query_key_value.bias]
Loading weights:  44%|####3     | 128/292 [00:00<00:01, 130.10it/s, Materializing param=gpt_neox.layers.10.attention.query_key_value.weight]
Loading weights:  44%|####3     | 128/292 [00:00<00:01, 130.10it/s, Materializing param=gpt_neox.layers.10.attention.query_key_value.weight]
Loading weights:  44%|####4     | 129/292 [00:00<00:01, 130.10it/s, Materializing param=gpt_neox.layers.10.input_layernorm.bias]            
Loading weights:  44%|####4     | 129/292 [00:00<00:01, 130.10it/s, Materializing param=gpt_neox.layers.10.input_layernorm.bias]
Loading weights:  45%|####4     | 130/292 [00:00<00:01, 130.10it/s, Materializing param=gpt_neox.layers.10.input_layernorm.weight]
Loading weights:  45%|####4     | 130/292 [00:00<00:01, 130.10it/s, Materializing param=gpt_neox.layers.10.input_layernorm.weight]
Loading weights:  45%|####4     | 131/292 [00:00<00:01, 130.10it/s, Materializing param=gpt_neox.layers.10.mlp.dense_4h_to_h.bias]
Loading weights:  45%|####4     | 131/292 [00:00<00:01, 130.10it/s, Materializing param=gpt_neox.layers.10.mlp.dense_4h_to_h.bias]
Loading weights:  45%|####5     | 132/292 [00:00<00:01, 130.10it/s, Materializing param=gpt_neox.layers.10.mlp.dense_4h_to_h.weight]
Loading weights:  45%|####5     | 132/292 [00:00<00:01, 130.10it/s, Materializing param=gpt_neox.layers.10.mlp.dense_4h_to_h.weight]
Loading weights:  46%|####5     | 133/292 [00:00<00:01, 130.10it/s, Materializing param=gpt_neox.layers.10.mlp.dense_h_to_4h.bias]  
Loading weights:  46%|####5     | 133/292 [00:00<00:01, 130.10it/s, Materializing param=gpt_neox.layers.10.mlp.dense_h_to_4h.bias]
Loading weights:  46%|####5     | 134/292 [00:00<00:01, 130.10it/s, Materializing param=gpt_neox.layers.10.mlp.dense_h_to_4h.weight]
Loading weights:  46%|####5     | 134/292 [00:00<00:01, 130.10it/s, Materializing param=gpt_neox.layers.10.mlp.dense_h_to_4h.weight]
Loading weights:  46%|####6     | 135/292 [00:00<00:01, 130.10it/s, Materializing param=gpt_neox.layers.10.post_attention_layernorm.bias]
Loading weights:  46%|####6     | 135/292 [00:00<00:01, 130.10it/s, Materializing param=gpt_neox.layers.10.post_attention_layernorm.bias]
Loading weights:  47%|####6     | 136/292 [00:00<00:01, 130.10it/s, Materializing param=gpt_neox.layers.10.post_attention_layernorm.weight]
Loading weights:  47%|####6     | 136/292 [00:00<00:01, 130.10it/s, Materializing param=gpt_neox.layers.10.post_attention_layernorm.weight]
Loading weights:  47%|####6     | 137/292 [00:00<00:01, 130.10it/s, Materializing param=gpt_neox.layers.11.attention.dense.bias]           
Loading weights:  47%|####6     | 137/292 [00:00<00:01, 130.10it/s, Materializing param=gpt_neox.layers.11.attention.dense.bias]
Loading weights:  47%|####7     | 138/292 [00:00<00:01, 130.10it/s, Materializing param=gpt_neox.layers.11.attention.dense.weight]
Loading weights:  47%|####7     | 138/292 [00:00<00:01, 130.10it/s, Materializing param=gpt_neox.layers.11.attention.dense.weight]
Loading weights:  48%|####7     | 139/292 [00:00<00:01, 130.10it/s, Materializing param=gpt_neox.layers.11.attention.query_key_value.bias]
Loading weights:  48%|####7     | 139/292 [00:00<00:01, 130.10it/s, Materializing param=gpt_neox.layers.11.attention.query_key_value.bias]
Loading weights:  48%|####7     | 140/292 [00:00<00:01, 130.10it/s, Materializing param=gpt_neox.layers.11.attention.query_key_value.weight]
Loading weights:  48%|####7     | 140/292 [00:00<00:01, 130.10it/s, Materializing param=gpt_neox.layers.11.attention.query_key_value.weight]
Loading weights:  48%|####8     | 141/292 [00:00<00:01, 130.10it/s, Materializing param=gpt_neox.layers.11.input_layernorm.bias]            
Loading weights:  48%|####8     | 141/292 [00:00<00:01, 130.10it/s, Materializing param=gpt_neox.layers.11.input_layernorm.bias]
Loading weights:  49%|####8     | 142/292 [00:00<00:01, 130.10it/s, Materializing param=gpt_neox.layers.11.input_layernorm.weight]
Loading weights:  49%|####8     | 142/292 [00:00<00:01, 130.10it/s, Materializing param=gpt_neox.layers.11.input_layernorm.weight]
Loading weights:  49%|####8     | 143/292 [00:00<00:01, 130.10it/s, Materializing param=gpt_neox.layers.11.mlp.dense_4h_to_h.bias]
Loading weights:  49%|####8     | 143/292 [00:00<00:01, 130.10it/s, Materializing param=gpt_neox.layers.11.mlp.dense_4h_to_h.bias]
Loading weights:  49%|####9     | 144/292 [00:00<00:01, 130.10it/s, Materializing param=gpt_neox.layers.11.mlp.dense_4h_to_h.weight]
Loading weights:  49%|####9     | 144/292 [00:00<00:01, 130.10it/s, Materializing param=gpt_neox.layers.11.mlp.dense_4h_to_h.weight]
Loading weights:  50%|####9     | 145/292 [00:00<00:01, 130.10it/s, Materializing param=gpt_neox.layers.11.mlp.dense_h_to_4h.bias]  
Loading weights:  50%|####9     | 145/292 [00:00<00:01, 130.10it/s, Materializing param=gpt_neox.layers.11.mlp.dense_h_to_4h.bias]
Loading weights:  50%|#####     | 146/292 [00:00<00:01, 130.10it/s, Materializing param=gpt_neox.layers.11.mlp.dense_h_to_4h.weight]
Loading weights:  50%|#####     | 146/292 [00:00<00:01, 130.10it/s, Materializing param=gpt_neox.layers.11.mlp.dense_h_to_4h.weight]
Loading weights:  50%|#####     | 147/292 [00:00<00:01, 130.10it/s, Materializing param=gpt_neox.layers.11.post_attention_layernorm.bias]
Loading weights:  50%|#####     | 147/292 [00:00<00:01, 130.10it/s, Materializing param=gpt_neox.layers.11.post_attention_layernorm.bias]
Loading weights:  51%|#####     | 148/292 [00:00<00:01, 130.10it/s, Materializing param=gpt_neox.layers.11.post_attention_layernorm.weight]
Loading weights:  51%|#####     | 148/292 [00:00<00:01, 130.10it/s, Materializing param=gpt_neox.layers.11.post_attention_layernorm.weight]
Loading weights:  51%|#####1    | 149/292 [00:00<00:01, 130.10it/s, Materializing param=gpt_neox.layers.12.attention.dense.bias]           
Loading weights:  51%|#####1    | 149/292 [00:00<00:01, 130.10it/s, Materializing param=gpt_neox.layers.12.attention.dense.bias]
Loading weights:  51%|#####1    | 150/292 [00:00<00:01, 130.10it/s, Materializing param=gpt_neox.layers.12.attention.dense.weight]
Loading weights:  51%|#####1    | 150/292 [00:00<00:01, 130.10it/s, Materializing param=gpt_neox.layers.12.attention.dense.weight]
Loading weights:  52%|#####1    | 151/292 [00:00<00:01, 130.10it/s, Materializing param=gpt_neox.layers.12.attention.query_key_value.bias]
Loading weights:  52%|#####1    | 151/292 [00:00<00:01, 130.10it/s, Materializing param=gpt_neox.layers.12.attention.query_key_value.bias]
Loading weights:  52%|#####2    | 152/292 [00:00<00:01, 130.10it/s, Materializing param=gpt_neox.layers.12.attention.query_key_value.weight]
Loading weights:  52%|#####2    | 152/292 [00:00<00:01, 130.10it/s, Materializing param=gpt_neox.layers.12.attention.query_key_value.weight]
Loading weights:  52%|#####2    | 153/292 [00:00<00:01, 130.10it/s, Materializing param=gpt_neox.layers.12.input_layernorm.bias]            
Loading weights:  52%|#####2    | 153/292 [00:00<00:01, 130.10it/s, Materializing param=gpt_neox.layers.12.input_layernorm.bias]
Loading weights:  53%|#####2    | 154/292 [00:00<00:01, 130.10it/s, Materializing param=gpt_neox.layers.12.input_layernorm.weight]
Loading weights:  53%|#####2    | 154/292 [00:00<00:01, 130.10it/s, Materializing param=gpt_neox.layers.12.input_layernorm.weight]
Loading weights:  53%|#####3    | 155/292 [00:00<00:01, 130.10it/s, Materializing param=gpt_neox.layers.12.mlp.dense_4h_to_h.bias]
Loading weights:  53%|#####3    | 155/292 [00:00<00:01, 130.10it/s, Materializing param=gpt_neox.layers.12.mlp.dense_4h_to_h.bias]
Loading weights:  53%|#####3    | 156/292 [00:00<00:01, 130.10it/s, Materializing param=gpt_neox.layers.12.mlp.dense_4h_to_h.weight]
Loading weights:  53%|#####3    | 156/292 [00:00<00:01, 130.10it/s, Materializing param=gpt_neox.layers.12.mlp.dense_4h_to_h.weight]
Loading weights:  54%|#####3    | 157/292 [00:00<00:01, 130.10it/s, Materializing param=gpt_neox.layers.12.mlp.dense_h_to_4h.bias]  
Loading weights:  54%|#####3    | 157/292 [00:00<00:01, 130.10it/s, Materializing param=gpt_neox.layers.12.mlp.dense_h_to_4h.bias]
Loading weights:  54%|#####4    | 158/292 [00:00<00:01, 130.10it/s, Materializing param=gpt_neox.layers.12.mlp.dense_h_to_4h.weight]
Loading weights:  54%|#####4    | 158/292 [00:00<00:01, 130.10it/s, Materializing param=gpt_neox.layers.12.mlp.dense_h_to_4h.weight]
Loading weights:  54%|#####4    | 159/292 [00:00<00:01, 130.10it/s, Materializing param=gpt_neox.layers.12.post_attention_layernorm.bias]
Loading weights:  54%|#####4    | 159/292 [00:00<00:01, 130.10it/s, Materializing param=gpt_neox.layers.12.post_attention_layernorm.bias]
Loading weights:  55%|#####4    | 160/292 [00:00<00:01, 130.10it/s, Materializing param=gpt_neox.layers.12.post_attention_layernorm.weight]
Loading weights:  55%|#####4    | 160/292 [00:00<00:01, 130.10it/s, Materializing param=gpt_neox.layers.12.post_attention_layernorm.weight]
Loading weights:  55%|#####5    | 161/292 [00:00<00:01, 130.10it/s, Materializing param=gpt_neox.layers.13.attention.dense.bias]           
Loading weights:  55%|#####5    | 161/292 [00:00<00:01, 130.10it/s, Materializing param=gpt_neox.layers.13.attention.dense.bias]
Loading weights:  55%|#####5    | 162/292 [00:00<00:00, 130.10it/s, Materializing param=gpt_neox.layers.13.attention.dense.weight]
Loading weights:  55%|#####5    | 162/292 [00:00<00:00, 130.10it/s, Materializing param=gpt_neox.layers.13.attention.dense.weight]
Loading weights:  56%|#####5    | 163/292 [00:00<00:00, 130.10it/s, Materializing param=gpt_neox.layers.13.attention.query_key_value.bias]
Loading weights:  56%|#####5    | 163/292 [00:00<00:00, 130.10it/s, Materializing param=gpt_neox.layers.13.attention.query_key_value.bias]
Loading weights:  56%|#####6    | 164/292 [00:00<00:00, 130.10it/s, Materializing param=gpt_neox.layers.13.attention.query_key_value.weight]
Loading weights:  56%|#####6    | 164/292 [00:00<00:00, 130.10it/s, Materializing param=gpt_neox.layers.13.attention.query_key_value.weight]
Loading weights:  57%|#####6    | 165/292 [00:00<00:00, 130.10it/s, Materializing param=gpt_neox.layers.13.input_layernorm.bias]            
Loading weights:  57%|#####6    | 165/292 [00:00<00:00, 130.10it/s, Materializing param=gpt_neox.layers.13.input_layernorm.bias]
Loading weights:  57%|#####6    | 166/292 [00:00<00:00, 130.10it/s, Materializing param=gpt_neox.layers.13.input_layernorm.weight]
Loading weights:  57%|#####6    | 166/292 [00:00<00:00, 130.10it/s, Materializing param=gpt_neox.layers.13.input_layernorm.weight]
Loading weights:  57%|#####7    | 167/292 [00:00<00:00, 130.10it/s, Materializing param=gpt_neox.layers.13.mlp.dense_4h_to_h.bias]
Loading weights:  57%|#####7    | 167/292 [00:00<00:00, 130.10it/s, Materializing param=gpt_neox.layers.13.mlp.dense_4h_to_h.bias]
Loading weights:  58%|#####7    | 168/292 [00:00<00:00, 130.10it/s, Materializing param=gpt_neox.layers.13.mlp.dense_4h_to_h.weight]
Loading weights:  58%|#####7    | 168/292 [00:00<00:00, 130.10it/s, Materializing param=gpt_neox.layers.13.mlp.dense_4h_to_h.weight]
Loading weights:  58%|#####7    | 169/292 [00:00<00:00, 130.10it/s, Materializing param=gpt_neox.layers.13.mlp.dense_h_to_4h.bias]  
Loading weights:  58%|#####7    | 169/292 [00:00<00:00, 130.10it/s, Materializing param=gpt_neox.layers.13.mlp.dense_h_to_4h.bias]
Loading weights:  58%|#####8    | 170/292 [00:00<00:00, 130.10it/s, Materializing param=gpt_neox.layers.13.mlp.dense_h_to_4h.weight]
Loading weights:  58%|#####8    | 170/292 [00:00<00:00, 130.10it/s, Materializing param=gpt_neox.layers.13.mlp.dense_h_to_4h.weight]
Loading weights:  59%|#####8    | 171/292 [00:00<00:00, 130.10it/s, Materializing param=gpt_neox.layers.13.post_attention_layernorm.bias]
Loading weights:  59%|#####8    | 171/292 [00:00<00:00, 130.10it/s, Materializing param=gpt_neox.layers.13.post_attention_layernorm.bias]
Loading weights:  59%|#####8    | 172/292 [00:00<00:00, 130.10it/s, Materializing param=gpt_neox.layers.13.post_attention_layernorm.weight]
Loading weights:  59%|#####8    | 172/292 [00:00<00:00, 130.10it/s, Materializing param=gpt_neox.layers.13.post_attention_layernorm.weight]
Loading weights:  59%|#####9    | 173/292 [00:00<00:00, 130.10it/s, Materializing param=gpt_neox.layers.14.attention.dense.bias]           
Loading weights:  59%|#####9    | 173/292 [00:00<00:00, 130.10it/s, Materializing param=gpt_neox.layers.14.attention.dense.bias]
Loading weights:  60%|#####9    | 174/292 [00:00<00:00, 130.10it/s, Materializing param=gpt_neox.layers.14.attention.dense.weight]
Loading weights:  60%|#####9    | 174/292 [00:00<00:00, 130.10it/s, Materializing param=gpt_neox.layers.14.attention.dense.weight]
Loading weights:  60%|#####9    | 175/292 [00:00<00:00, 130.10it/s, Materializing param=gpt_neox.layers.14.attention.query_key_value.bias]
Loading weights:  60%|#####9    | 175/292 [00:00<00:00, 130.10it/s, Materializing param=gpt_neox.layers.14.attention.query_key_value.bias]
Loading weights:  60%|######    | 176/292 [00:00<00:00, 130.10it/s, Materializing param=gpt_neox.layers.14.attention.query_key_value.weight]
Loading weights:  60%|######    | 176/292 [00:00<00:00, 130.10it/s, Materializing param=gpt_neox.layers.14.attention.query_key_value.weight]
Loading weights:  61%|######    | 177/292 [00:00<00:00, 130.10it/s, Materializing param=gpt_neox.layers.14.input_layernorm.bias]            
Loading weights:  61%|######    | 177/292 [00:00<00:00, 130.10it/s, Materializing param=gpt_neox.layers.14.input_layernorm.bias]
Loading weights:  61%|######    | 178/292 [00:00<00:00, 130.10it/s, Materializing param=gpt_neox.layers.14.input_layernorm.weight]
Loading weights:  61%|######    | 178/292 [00:00<00:00, 130.10it/s, Materializing param=gpt_neox.layers.14.input_layernorm.weight]
Loading weights:  61%|######1   | 179/292 [00:00<00:00, 130.10it/s, Materializing param=gpt_neox.layers.14.mlp.dense_4h_to_h.bias]
Loading weights:  61%|######1   | 179/292 [00:00<00:00, 130.10it/s, Materializing param=gpt_neox.layers.14.mlp.dense_4h_to_h.bias]
Loading weights:  62%|######1   | 180/292 [00:00<00:00, 130.10it/s, Materializing param=gpt_neox.layers.14.mlp.dense_4h_to_h.weight]
Loading weights:  62%|######1   | 180/292 [00:00<00:00, 130.10it/s, Materializing param=gpt_neox.layers.14.mlp.dense_4h_to_h.weight]
Loading weights:  62%|######1   | 181/292 [00:00<00:00, 130.10it/s, Materializing param=gpt_neox.layers.14.mlp.dense_h_to_4h.bias]  
Loading weights:  62%|######1   | 181/292 [00:00<00:00, 130.10it/s, Materializing param=gpt_neox.layers.14.mlp.dense_h_to_4h.bias]
Loading weights:  62%|######2   | 182/292 [00:00<00:00, 130.10it/s, Materializing param=gpt_neox.layers.14.mlp.dense_h_to_4h.weight]
Loading weights:  62%|######2   | 182/292 [00:00<00:00, 130.10it/s, Materializing param=gpt_neox.layers.14.mlp.dense_h_to_4h.weight]
Loading weights:  63%|######2   | 183/292 [00:00<00:00, 130.10it/s, Materializing param=gpt_neox.layers.14.post_attention_layernorm.bias]
Loading weights:  63%|######2   | 183/292 [00:00<00:00, 130.10it/s, Materializing param=gpt_neox.layers.14.post_attention_layernorm.bias]
Loading weights:  63%|######3   | 184/292 [00:00<00:00, 130.10it/s, Materializing param=gpt_neox.layers.14.post_attention_layernorm.weight]
Loading weights:  63%|######3   | 184/292 [00:00<00:00, 130.10it/s, Materializing param=gpt_neox.layers.14.post_attention_layernorm.weight]
Loading weights:  63%|######3   | 185/292 [00:00<00:00, 130.10it/s, Materializing param=gpt_neox.layers.15.attention.dense.bias]           
Loading weights:  63%|######3   | 185/292 [00:00<00:00, 130.10it/s, Materializing param=gpt_neox.layers.15.attention.dense.bias]
Loading weights:  64%|######3   | 186/292 [00:00<00:00, 130.10it/s, Materializing param=gpt_neox.layers.15.attention.dense.weight]
Loading weights:  64%|######3   | 186/292 [00:00<00:00, 130.10it/s, Materializing param=gpt_neox.layers.15.attention.dense.weight]
Loading weights:  64%|######4   | 187/292 [00:00<00:00, 130.10it/s, Materializing param=gpt_neox.layers.15.attention.query_key_value.bias]
Loading weights:  64%|######4   | 187/292 [00:00<00:00, 130.10it/s, Materializing param=gpt_neox.layers.15.attention.query_key_value.bias]
Loading weights:  64%|######4   | 188/292 [00:00<00:00, 130.10it/s, Materializing param=gpt_neox.layers.15.attention.query_key_value.weight]
Loading weights:  64%|######4   | 188/292 [00:00<00:00, 130.10it/s, Materializing param=gpt_neox.layers.15.attention.query_key_value.weight]
Loading weights:  65%|######4   | 189/292 [00:00<00:00, 130.10it/s, Materializing param=gpt_neox.layers.15.input_layernorm.bias]            
Loading weights:  65%|######4   | 189/292 [00:00<00:00, 130.10it/s, Materializing param=gpt_neox.layers.15.input_layernorm.bias]
Loading weights:  65%|######5   | 190/292 [00:00<00:00, 130.10it/s, Materializing param=gpt_neox.layers.15.input_layernorm.weight]
Loading weights:  65%|######5   | 190/292 [00:00<00:00, 130.10it/s, Materializing param=gpt_neox.layers.15.input_layernorm.weight]
Loading weights:  65%|######5   | 191/292 [00:00<00:00, 130.10it/s, Materializing param=gpt_neox.layers.15.mlp.dense_4h_to_h.bias]
Loading weights:  65%|######5   | 191/292 [00:00<00:00, 130.10it/s, Materializing param=gpt_neox.layers.15.mlp.dense_4h_to_h.bias]
Loading weights:  66%|######5   | 192/292 [00:00<00:00, 130.10it/s, Materializing param=gpt_neox.layers.15.mlp.dense_4h_to_h.weight]
Loading weights:  66%|######5   | 192/292 [00:00<00:00, 130.10it/s, Materializing param=gpt_neox.layers.15.mlp.dense_4h_to_h.weight]
Loading weights:  66%|######6   | 193/292 [00:00<00:00, 130.10it/s, Materializing param=gpt_neox.layers.15.mlp.dense_h_to_4h.bias]  
Loading weights:  66%|######6   | 193/292 [00:00<00:00, 130.10it/s, Materializing param=gpt_neox.layers.15.mlp.dense_h_to_4h.bias]
Loading weights:  66%|######6   | 194/292 [00:00<00:00, 130.10it/s, Materializing param=gpt_neox.layers.15.mlp.dense_h_to_4h.weight]
Loading weights:  66%|######6   | 194/292 [00:00<00:00, 130.10it/s, Materializing param=gpt_neox.layers.15.mlp.dense_h_to_4h.weight]
Loading weights:  67%|######6   | 195/292 [00:00<00:00, 130.10it/s, Materializing param=gpt_neox.layers.15.post_attention_layernorm.bias]
Loading weights:  67%|######6   | 195/292 [00:00<00:00, 130.10it/s, Materializing param=gpt_neox.layers.15.post_attention_layernorm.bias]
Loading weights:  67%|######7   | 196/292 [00:00<00:00, 130.10it/s, Materializing param=gpt_neox.layers.15.post_attention_layernorm.weight]
Loading weights:  67%|######7   | 196/292 [00:00<00:00, 130.10it/s, Materializing param=gpt_neox.layers.15.post_attention_layernorm.weight]
Loading weights:  67%|######7   | 197/292 [00:00<00:00, 753.77it/s, Materializing param=gpt_neox.layers.15.post_attention_layernorm.weight]
Loading weights:  67%|######7   | 197/292 [00:00<00:00, 753.77it/s, Materializing param=gpt_neox.layers.16.attention.dense.bias]           
Loading weights:  67%|######7   | 197/292 [00:00<00:00, 753.77it/s, Materializing param=gpt_neox.layers.16.attention.dense.bias]
Loading weights:  68%|######7   | 198/292 [00:00<00:00, 753.77it/s, Materializing param=gpt_neox.layers.16.attention.dense.weight]
Loading weights:  68%|######7   | 198/292 [00:00<00:00, 753.77it/s, Materializing param=gpt_neox.layers.16.attention.dense.weight]
Loading weights:  68%|######8   | 199/292 [00:00<00:00, 753.77it/s, Materializing param=gpt_neox.layers.16.attention.query_key_value.bias]
Loading weights:  68%|######8   | 199/292 [00:00<00:00, 753.77it/s, Materializing param=gpt_neox.layers.16.attention.query_key_value.bias]
Loading weights:  68%|######8   | 200/292 [00:00<00:00, 753.77it/s, Materializing param=gpt_neox.layers.16.attention.query_key_value.weight]
Loading weights:  68%|######8   | 200/292 [00:00<00:00, 753.77it/s, Materializing param=gpt_neox.layers.16.attention.query_key_value.weight]
Loading weights:  69%|######8   | 201/292 [00:00<00:00, 753.77it/s, Materializing param=gpt_neox.layers.16.input_layernorm.bias]            
Loading weights:  69%|######8   | 201/292 [00:00<00:00, 753.77it/s, Materializing param=gpt_neox.layers.16.input_layernorm.bias]
Loading weights:  69%|######9   | 202/292 [00:00<00:00, 753.77it/s, Materializing param=gpt_neox.layers.16.input_layernorm.weight]
Loading weights:  69%|######9   | 202/292 [00:00<00:00, 753.77it/s, Materializing param=gpt_neox.layers.16.input_layernorm.weight]
Loading weights:  70%|######9   | 203/292 [00:00<00:00, 753.77it/s, Materializing param=gpt_neox.layers.16.mlp.dense_4h_to_h.bias]
Loading weights:  70%|######9   | 203/292 [00:00<00:00, 753.77it/s, Materializing param=gpt_neox.layers.16.mlp.dense_4h_to_h.bias]
Loading weights:  70%|######9   | 204/292 [00:00<00:00, 753.77it/s, Materializing param=gpt_neox.layers.16.mlp.dense_4h_to_h.weight]
Loading weights:  70%|######9   | 204/292 [00:00<00:00, 753.77it/s, Materializing param=gpt_neox.layers.16.mlp.dense_4h_to_h.weight]
Loading weights:  70%|#######   | 205/292 [00:00<00:00, 753.77it/s, Materializing param=gpt_neox.layers.16.mlp.dense_h_to_4h.bias]  
Loading weights:  70%|#######   | 205/292 [00:00<00:00, 753.77it/s, Materializing param=gpt_neox.layers.16.mlp.dense_h_to_4h.bias]
Loading weights:  71%|#######   | 206/292 [00:00<00:00, 753.77it/s, Materializing param=gpt_neox.layers.16.mlp.dense_h_to_4h.weight]
Loading weights:  71%|#######   | 206/292 [00:00<00:00, 753.77it/s, Materializing param=gpt_neox.layers.16.mlp.dense_h_to_4h.weight]
Loading weights:  71%|#######   | 207/292 [00:00<00:00, 753.77it/s, Materializing param=gpt_neox.layers.16.post_attention_layernorm.bias]
Loading weights:  71%|#######   | 207/292 [00:00<00:00, 753.77it/s, Materializing param=gpt_neox.layers.16.post_attention_layernorm.bias]
Loading weights:  71%|#######1  | 208/292 [00:00<00:00, 753.77it/s, Materializing param=gpt_neox.layers.16.post_attention_layernorm.weight]
Loading weights:  71%|#######1  | 208/292 [00:00<00:00, 753.77it/s, Materializing param=gpt_neox.layers.16.post_attention_layernorm.weight]
Loading weights:  72%|#######1  | 209/292 [00:00<00:00, 753.77it/s, Materializing param=gpt_neox.layers.17.attention.dense.bias]           
Loading weights:  72%|#######1  | 209/292 [00:00<00:00, 753.77it/s, Materializing param=gpt_neox.layers.17.attention.dense.bias]
Loading weights:  72%|#######1  | 210/292 [00:00<00:00, 753.77it/s, Materializing param=gpt_neox.layers.17.attention.dense.weight]
Loading weights:  72%|#######1  | 210/292 [00:00<00:00, 753.77it/s, Materializing param=gpt_neox.layers.17.attention.dense.weight]
Loading weights:  72%|#######2  | 211/292 [00:00<00:00, 753.77it/s, Materializing param=gpt_neox.layers.17.attention.query_key_value.bias]
Loading weights:  72%|#######2  | 211/292 [00:00<00:00, 753.77it/s, Materializing param=gpt_neox.layers.17.attention.query_key_value.bias]
Loading weights:  73%|#######2  | 212/292 [00:00<00:00, 753.77it/s, Materializing param=gpt_neox.layers.17.attention.query_key_value.weight]
Loading weights:  73%|#######2  | 212/292 [00:00<00:00, 753.77it/s, Materializing param=gpt_neox.layers.17.attention.query_key_value.weight]
Loading weights:  73%|#######2  | 213/292 [00:00<00:00, 753.77it/s, Materializing param=gpt_neox.layers.17.input_layernorm.bias]            
Loading weights:  73%|#######2  | 213/292 [00:00<00:00, 753.77it/s, Materializing param=gpt_neox.layers.17.input_layernorm.bias]
Loading weights:  73%|#######3  | 214/292 [00:00<00:00, 753.77it/s, Materializing param=gpt_neox.layers.17.input_layernorm.weight]
Loading weights:  73%|#######3  | 214/292 [00:00<00:00, 753.77it/s, Materializing param=gpt_neox.layers.17.input_layernorm.weight]
Loading weights:  74%|#######3  | 215/292 [00:00<00:00, 753.77it/s, Materializing param=gpt_neox.layers.17.mlp.dense_4h_to_h.bias]
Loading weights:  74%|#######3  | 215/292 [00:00<00:00, 753.77it/s, Materializing param=gpt_neox.layers.17.mlp.dense_4h_to_h.bias]
Loading weights:  74%|#######3  | 216/292 [00:00<00:00, 753.77it/s, Materializing param=gpt_neox.layers.17.mlp.dense_4h_to_h.weight]
Loading weights:  74%|#######3  | 216/292 [00:00<00:00, 753.77it/s, Materializing param=gpt_neox.layers.17.mlp.dense_4h_to_h.weight]
Loading weights:  74%|#######4  | 217/292 [00:00<00:00, 753.77it/s, Materializing param=gpt_neox.layers.17.mlp.dense_h_to_4h.bias]  
Loading weights:  74%|#######4  | 217/292 [00:00<00:00, 753.77it/s, Materializing param=gpt_neox.layers.17.mlp.dense_h_to_4h.bias]
Loading weights:  75%|#######4  | 218/292 [00:00<00:00, 753.77it/s, Materializing param=gpt_neox.layers.17.mlp.dense_h_to_4h.weight]
Loading weights:  75%|#######4  | 218/292 [00:00<00:00, 753.77it/s, Materializing param=gpt_neox.layers.17.mlp.dense_h_to_4h.weight]
Loading weights:  75%|#######5  | 219/292 [00:00<00:00, 753.77it/s, Materializing param=gpt_neox.layers.17.post_attention_layernorm.bias]
Loading weights:  75%|#######5  | 219/292 [00:00<00:00, 753.77it/s, Materializing param=gpt_neox.layers.17.post_attention_layernorm.bias]
Loading weights:  75%|#######5  | 220/292 [00:00<00:00, 753.77it/s, Materializing param=gpt_neox.layers.17.post_attention_layernorm.weight]
Loading weights:  75%|#######5  | 220/292 [00:00<00:00, 753.77it/s, Materializing param=gpt_neox.layers.17.post_attention_layernorm.weight]
Loading weights:  76%|#######5  | 221/292 [00:00<00:00, 753.77it/s, Materializing param=gpt_neox.layers.18.attention.dense.bias]           
Loading weights:  76%|#######5  | 221/292 [00:00<00:00, 753.77it/s, Materializing param=gpt_neox.layers.18.attention.dense.bias]
Loading weights:  76%|#######6  | 222/292 [00:00<00:00, 753.77it/s, Materializing param=gpt_neox.layers.18.attention.dense.weight]
Loading weights:  76%|#######6  | 222/292 [00:00<00:00, 753.77it/s, Materializing param=gpt_neox.layers.18.attention.dense.weight]
Loading weights:  76%|#######6  | 223/292 [00:00<00:00, 753.77it/s, Materializing param=gpt_neox.layers.18.attention.query_key_value.bias]
Loading weights:  76%|#######6  | 223/292 [00:00<00:00, 753.77it/s, Materializing param=gpt_neox.layers.18.attention.query_key_value.bias]
Loading weights:  77%|#######6  | 224/292 [00:00<00:00, 753.77it/s, Materializing param=gpt_neox.layers.18.attention.query_key_value.weight]
Loading weights:  77%|#######6  | 224/292 [00:00<00:00, 753.77it/s, Materializing param=gpt_neox.layers.18.attention.query_key_value.weight]
Loading weights:  77%|#######7  | 225/292 [00:00<00:00, 753.77it/s, Materializing param=gpt_neox.layers.18.input_layernorm.bias]            
Loading weights:  77%|#######7  | 225/292 [00:00<00:00, 753.77it/s, Materializing param=gpt_neox.layers.18.input_layernorm.bias]
Loading weights:  77%|#######7  | 226/292 [00:00<00:00, 753.77it/s, Materializing param=gpt_neox.layers.18.input_layernorm.weight]
Loading weights:  77%|#######7  | 226/292 [00:00<00:00, 753.77it/s, Materializing param=gpt_neox.layers.18.input_layernorm.weight]
Loading weights:  78%|#######7  | 227/292 [00:00<00:00, 753.77it/s, Materializing param=gpt_neox.layers.18.mlp.dense_4h_to_h.bias]
Loading weights:  78%|#######7  | 227/292 [00:00<00:00, 753.77it/s, Materializing param=gpt_neox.layers.18.mlp.dense_4h_to_h.bias]
Loading weights:  78%|#######8  | 228/292 [00:00<00:00, 753.77it/s, Materializing param=gpt_neox.layers.18.mlp.dense_4h_to_h.weight]
Loading weights:  78%|#######8  | 228/292 [00:00<00:00, 753.77it/s, Materializing param=gpt_neox.layers.18.mlp.dense_4h_to_h.weight]
Loading weights:  78%|#######8  | 229/292 [00:00<00:00, 753.77it/s, Materializing param=gpt_neox.layers.18.mlp.dense_h_to_4h.bias]  
Loading weights:  78%|#######8  | 229/292 [00:00<00:00, 753.77it/s, Materializing param=gpt_neox.layers.18.mlp.dense_h_to_4h.bias]
Loading weights:  79%|#######8  | 230/292 [00:00<00:00, 753.77it/s, Materializing param=gpt_neox.layers.18.mlp.dense_h_to_4h.weight]
Loading weights:  79%|#######8  | 230/292 [00:00<00:00, 753.77it/s, Materializing param=gpt_neox.layers.18.mlp.dense_h_to_4h.weight]
Loading weights:  79%|#######9  | 231/292 [00:00<00:00, 753.77it/s, Materializing param=gpt_neox.layers.18.post_attention_layernorm.bias]
Loading weights:  79%|#######9  | 231/292 [00:00<00:00, 753.77it/s, Materializing param=gpt_neox.layers.18.post_attention_layernorm.bias]
Loading weights:  79%|#######9  | 232/292 [00:00<00:00, 753.77it/s, Materializing param=gpt_neox.layers.18.post_attention_layernorm.weight]
Loading weights:  79%|#######9  | 232/292 [00:00<00:00, 753.77it/s, Materializing param=gpt_neox.layers.18.post_attention_layernorm.weight]
Loading weights:  80%|#######9  | 233/292 [00:00<00:00, 753.77it/s, Materializing param=gpt_neox.layers.19.attention.dense.bias]           
Loading weights:  80%|#######9  | 233/292 [00:00<00:00, 753.77it/s, Materializing param=gpt_neox.layers.19.attention.dense.bias]
Loading weights:  80%|########  | 234/292 [00:00<00:00, 753.77it/s, Materializing param=gpt_neox.layers.19.attention.dense.weight]
Loading weights:  80%|########  | 234/292 [00:00<00:00, 753.77it/s, Materializing param=gpt_neox.layers.19.attention.dense.weight]
Loading weights:  80%|########  | 235/292 [00:00<00:00, 753.77it/s, Materializing param=gpt_neox.layers.19.attention.query_key_value.bias]
Loading weights:  80%|########  | 235/292 [00:00<00:00, 753.77it/s, Materializing param=gpt_neox.layers.19.attention.query_key_value.bias]
Loading weights:  81%|########  | 236/292 [00:00<00:00, 753.77it/s, Materializing param=gpt_neox.layers.19.attention.query_key_value.weight]
Loading weights:  81%|########  | 236/292 [00:00<00:00, 753.77it/s, Materializing param=gpt_neox.layers.19.attention.query_key_value.weight]
Loading weights:  81%|########1 | 237/292 [00:00<00:00, 753.77it/s, Materializing param=gpt_neox.layers.19.input_layernorm.bias]            
Loading weights:  81%|########1 | 237/292 [00:00<00:00, 753.77it/s, Materializing param=gpt_neox.layers.19.input_layernorm.bias]
Loading weights:  82%|########1 | 238/292 [00:00<00:00, 753.77it/s, Materializing param=gpt_neox.layers.19.input_layernorm.weight]
Loading weights:  82%|########1 | 238/292 [00:00<00:00, 753.77it/s, Materializing param=gpt_neox.layers.19.input_layernorm.weight]
Loading weights:  82%|########1 | 239/292 [00:00<00:00, 753.77it/s, Materializing param=gpt_neox.layers.19.mlp.dense_4h_to_h.bias]
Loading weights:  82%|########1 | 239/292 [00:00<00:00, 753.77it/s, Materializing param=gpt_neox.layers.19.mlp.dense_4h_to_h.bias]
Loading weights:  82%|########2 | 240/292 [00:00<00:00, 753.77it/s, Materializing param=gpt_neox.layers.19.mlp.dense_4h_to_h.weight]
Loading weights:  82%|########2 | 240/292 [00:00<00:00, 753.77it/s, Materializing param=gpt_neox.layers.19.mlp.dense_4h_to_h.weight]
Loading weights:  83%|########2 | 241/292 [00:00<00:00, 753.77it/s, Materializing param=gpt_neox.layers.19.mlp.dense_h_to_4h.bias]  
Loading weights:  83%|########2 | 241/292 [00:00<00:00, 753.77it/s, Materializing param=gpt_neox.layers.19.mlp.dense_h_to_4h.bias]
Loading weights:  83%|########2 | 242/292 [00:00<00:00, 753.77it/s, Materializing param=gpt_neox.layers.19.mlp.dense_h_to_4h.weight]
Loading weights:  83%|########2 | 242/292 [00:00<00:00, 753.77it/s, Materializing param=gpt_neox.layers.19.mlp.dense_h_to_4h.weight]
Loading weights:  83%|########3 | 243/292 [00:00<00:00, 753.77it/s, Materializing param=gpt_neox.layers.19.post_attention_layernorm.bias]
Loading weights:  83%|########3 | 243/292 [00:00<00:00, 753.77it/s, Materializing param=gpt_neox.layers.19.post_attention_layernorm.bias]
Loading weights:  84%|########3 | 244/292 [00:00<00:00, 753.77it/s, Materializing param=gpt_neox.layers.19.post_attention_layernorm.weight]
Loading weights:  84%|########3 | 244/292 [00:00<00:00, 753.77it/s, Materializing param=gpt_neox.layers.19.post_attention_layernorm.weight]
Loading weights:  84%|########3 | 245/292 [00:00<00:00, 753.77it/s, Materializing param=gpt_neox.layers.20.attention.dense.bias]           
Loading weights:  84%|########3 | 245/292 [00:00<00:00, 753.77it/s, Materializing param=gpt_neox.layers.20.attention.dense.bias]
Loading weights:  84%|########4 | 246/292 [00:00<00:00, 753.77it/s, Materializing param=gpt_neox.layers.20.attention.dense.weight]
Loading weights:  84%|########4 | 246/292 [00:00<00:00, 753.77it/s, Materializing param=gpt_neox.layers.20.attention.dense.weight]
Loading weights:  85%|########4 | 247/292 [00:00<00:00, 753.77it/s, Materializing param=gpt_neox.layers.20.attention.query_key_value.bias]
Loading weights:  85%|########4 | 247/292 [00:00<00:00, 753.77it/s, Materializing param=gpt_neox.layers.20.attention.query_key_value.bias]
Loading weights:  85%|########4 | 248/292 [00:00<00:00, 753.77it/s, Materializing param=gpt_neox.layers.20.attention.query_key_value.weight]
Loading weights:  85%|########4 | 248/292 [00:00<00:00, 753.77it/s, Materializing param=gpt_neox.layers.20.attention.query_key_value.weight]
Loading weights:  85%|########5 | 249/292 [00:00<00:00, 753.77it/s, Materializing param=gpt_neox.layers.20.input_layernorm.bias]            
Loading weights:  85%|########5 | 249/292 [00:00<00:00, 753.77it/s, Materializing param=gpt_neox.layers.20.input_layernorm.bias]
Loading weights:  86%|########5 | 250/292 [00:00<00:00, 753.77it/s, Materializing param=gpt_neox.layers.20.input_layernorm.weight]
Loading weights:  86%|########5 | 250/292 [00:00<00:00, 753.77it/s, Materializing param=gpt_neox.layers.20.input_layernorm.weight]
Loading weights:  86%|########5 | 251/292 [00:00<00:00, 753.77it/s, Materializing param=gpt_neox.layers.20.mlp.dense_4h_to_h.bias]
Loading weights:  86%|########5 | 251/292 [00:00<00:00, 753.77it/s, Materializing param=gpt_neox.layers.20.mlp.dense_4h_to_h.bias]
Loading weights:  86%|########6 | 252/292 [00:00<00:00, 753.77it/s, Materializing param=gpt_neox.layers.20.mlp.dense_4h_to_h.weight]
Loading weights:  86%|########6 | 252/292 [00:00<00:00, 753.77it/s, Materializing param=gpt_neox.layers.20.mlp.dense_4h_to_h.weight]
Loading weights:  87%|########6 | 253/292 [00:00<00:00, 753.77it/s, Materializing param=gpt_neox.layers.20.mlp.dense_h_to_4h.bias]  
Loading weights:  87%|########6 | 253/292 [00:00<00:00, 753.77it/s, Materializing param=gpt_neox.layers.20.mlp.dense_h_to_4h.bias]
Loading weights:  87%|########6 | 254/292 [00:00<00:00, 753.77it/s, Materializing param=gpt_neox.layers.20.mlp.dense_h_to_4h.weight]
Loading weights:  87%|########6 | 254/292 [00:00<00:00, 753.77it/s, Materializing param=gpt_neox.layers.20.mlp.dense_h_to_4h.weight]
Loading weights:  87%|########7 | 255/292 [00:00<00:00, 753.77it/s, Materializing param=gpt_neox.layers.20.post_attention_layernorm.bias]
Loading weights:  87%|########7 | 255/292 [00:00<00:00, 753.77it/s, Materializing param=gpt_neox.layers.20.post_attention_layernorm.bias]
Loading weights:  88%|########7 | 256/292 [00:00<00:00, 753.77it/s, Materializing param=gpt_neox.layers.20.post_attention_layernorm.weight]
Loading weights:  88%|########7 | 256/292 [00:00<00:00, 753.77it/s, Materializing param=gpt_neox.layers.20.post_attention_layernorm.weight]
Loading weights:  88%|########8 | 257/292 [00:00<00:00, 753.77it/s, Materializing param=gpt_neox.layers.21.attention.dense.bias]           
Loading weights:  88%|########8 | 257/292 [00:00<00:00, 753.77it/s, Materializing param=gpt_neox.layers.21.attention.dense.bias]
Loading weights:  88%|########8 | 258/292 [00:00<00:00, 753.77it/s, Materializing param=gpt_neox.layers.21.attention.dense.weight]
Loading weights:  88%|########8 | 258/292 [00:00<00:00, 753.77it/s, Materializing param=gpt_neox.layers.21.attention.dense.weight]
Loading weights:  89%|########8 | 259/292 [00:00<00:00, 753.77it/s, Materializing param=gpt_neox.layers.21.attention.query_key_value.bias]
Loading weights:  89%|########8 | 259/292 [00:00<00:00, 753.77it/s, Materializing param=gpt_neox.layers.21.attention.query_key_value.bias]
Loading weights:  89%|########9 | 260/292 [00:00<00:00, 753.77it/s, Materializing param=gpt_neox.layers.21.attention.query_key_value.weight]
Loading weights:  89%|########9 | 260/292 [00:00<00:00, 753.77it/s, Materializing param=gpt_neox.layers.21.attention.query_key_value.weight]
Loading weights:  89%|########9 | 261/292 [00:00<00:00, 753.77it/s, Materializing param=gpt_neox.layers.21.input_layernorm.bias]            
Loading weights:  89%|########9 | 261/292 [00:00<00:00, 753.77it/s, Materializing param=gpt_neox.layers.21.input_layernorm.bias]
Loading weights:  90%|########9 | 262/292 [00:00<00:00, 753.77it/s, Materializing param=gpt_neox.layers.21.input_layernorm.weight]
Loading weights:  90%|########9 | 262/292 [00:00<00:00, 753.77it/s, Materializing param=gpt_neox.layers.21.input_layernorm.weight]
Loading weights:  90%|######### | 263/292 [00:00<00:00, 753.77it/s, Materializing param=gpt_neox.layers.21.mlp.dense_4h_to_h.bias]
Loading weights:  90%|######### | 263/292 [00:00<00:00, 753.77it/s, Materializing param=gpt_neox.layers.21.mlp.dense_4h_to_h.bias]
Loading weights:  90%|######### | 264/292 [00:00<00:00, 753.77it/s, Materializing param=gpt_neox.layers.21.mlp.dense_4h_to_h.weight]
Loading weights:  90%|######### | 264/292 [00:00<00:00, 753.77it/s, Materializing param=gpt_neox.layers.21.mlp.dense_4h_to_h.weight]
Loading weights:  91%|######### | 265/292 [00:00<00:00, 753.77it/s, Materializing param=gpt_neox.layers.21.mlp.dense_h_to_4h.bias]  
Loading weights:  91%|######### | 265/292 [00:00<00:00, 753.77it/s, Materializing param=gpt_neox.layers.21.mlp.dense_h_to_4h.bias]
Loading weights:  91%|#########1| 266/292 [00:00<00:00, 753.77it/s, Materializing param=gpt_neox.layers.21.mlp.dense_h_to_4h.weight]
Loading weights:  91%|#########1| 266/292 [00:00<00:00, 753.77it/s, Materializing param=gpt_neox.layers.21.mlp.dense_h_to_4h.weight]
Loading weights:  91%|#########1| 267/292 [00:00<00:00, 753.77it/s, Materializing param=gpt_neox.layers.21.post_attention_layernorm.bias]
Loading weights:  91%|#########1| 267/292 [00:00<00:00, 753.77it/s, Materializing param=gpt_neox.layers.21.post_attention_layernorm.bias]
Loading weights:  92%|#########1| 268/292 [00:00<00:00, 670.67it/s, Materializing param=gpt_neox.layers.21.post_attention_layernorm.bias]
Loading weights:  92%|#########1| 268/292 [00:00<00:00, 670.67it/s, Materializing param=gpt_neox.layers.21.post_attention_layernorm.weight]
Loading weights:  92%|#########1| 268/292 [00:00<00:00, 670.67it/s, Materializing param=gpt_neox.layers.21.post_attention_layernorm.weight]
Loading weights:  92%|#########2| 269/292 [00:00<00:00, 670.67it/s, Materializing param=gpt_neox.layers.22.attention.dense.bias]           
Loading weights:  92%|#########2| 269/292 [00:00<00:00, 670.67it/s, Materializing param=gpt_neox.layers.22.attention.dense.bias]
Loading weights:  92%|#########2| 270/292 [00:00<00:00, 670.67it/s, Materializing param=gpt_neox.layers.22.attention.dense.weight]
Loading weights:  92%|#########2| 270/292 [00:00<00:00, 670.67it/s, Materializing param=gpt_neox.layers.22.attention.dense.weight]
Loading weights:  93%|#########2| 271/292 [00:00<00:00, 670.67it/s, Materializing param=gpt_neox.layers.22.attention.query_key_value.bias]
Loading weights:  93%|#########2| 271/292 [00:00<00:00, 670.67it/s, Materializing param=gpt_neox.layers.22.attention.query_key_value.bias]
Loading weights:  93%|#########3| 272/292 [00:00<00:00, 670.67it/s, Materializing param=gpt_neox.layers.22.attention.query_key_value.weight]
Loading weights:  93%|#########3| 272/292 [00:00<00:00, 670.67it/s, Materializing param=gpt_neox.layers.22.attention.query_key_value.weight]
Loading weights:  93%|#########3| 273/292 [00:00<00:00, 670.67it/s, Materializing param=gpt_neox.layers.22.input_layernorm.bias]            
Loading weights:  93%|#########3| 273/292 [00:00<00:00, 670.67it/s, Materializing param=gpt_neox.layers.22.input_layernorm.bias]
Loading weights:  94%|#########3| 274/292 [00:00<00:00, 670.67it/s, Materializing param=gpt_neox.layers.22.input_layernorm.weight]
Loading weights:  94%|#########3| 274/292 [00:00<00:00, 670.67it/s, Materializing param=gpt_neox.layers.22.input_layernorm.weight]
Loading weights:  94%|#########4| 275/292 [00:00<00:00, 670.67it/s, Materializing param=gpt_neox.layers.22.mlp.dense_4h_to_h.bias]
Loading weights:  94%|#########4| 275/292 [00:00<00:00, 670.67it/s, Materializing param=gpt_neox.layers.22.mlp.dense_4h_to_h.bias]
Loading weights:  95%|#########4| 276/292 [00:00<00:00, 670.67it/s, Materializing param=gpt_neox.layers.22.mlp.dense_4h_to_h.weight]
Loading weights:  95%|#########4| 276/292 [00:00<00:00, 670.67it/s, Materializing param=gpt_neox.layers.22.mlp.dense_4h_to_h.weight]
Loading weights:  95%|#########4| 277/292 [00:00<00:00, 670.67it/s, Materializing param=gpt_neox.layers.22.mlp.dense_h_to_4h.bias]  
Loading weights:  95%|#########4| 277/292 [00:00<00:00, 670.67it/s, Materializing param=gpt_neox.layers.22.mlp.dense_h_to_4h.bias]
Loading weights:  95%|#########5| 278/292 [00:00<00:00, 670.67it/s, Materializing param=gpt_neox.layers.22.mlp.dense_h_to_4h.weight]
Loading weights:  95%|#########5| 278/292 [00:00<00:00, 670.67it/s, Materializing param=gpt_neox.layers.22.mlp.dense_h_to_4h.weight]
Loading weights:  96%|#########5| 279/292 [00:00<00:00, 670.67it/s, Materializing param=gpt_neox.layers.22.post_attention_layernorm.bias]
Loading weights:  96%|#########5| 279/292 [00:00<00:00, 670.67it/s, Materializing param=gpt_neox.layers.22.post_attention_layernorm.bias]
Loading weights:  96%|#########5| 280/292 [00:00<00:00, 670.67it/s, Materializing param=gpt_neox.layers.22.post_attention_layernorm.weight]
Loading weights:  96%|#########5| 280/292 [00:00<00:00, 670.67it/s, Materializing param=gpt_neox.layers.22.post_attention_layernorm.weight]
Loading weights:  96%|#########6| 281/292 [00:00<00:00, 670.67it/s, Materializing param=gpt_neox.layers.23.attention.dense.bias]           
Loading weights:  96%|#########6| 281/292 [00:00<00:00, 670.67it/s, Materializing param=gpt_neox.layers.23.attention.dense.bias]
Loading weights:  97%|#########6| 282/292 [00:00<00:00, 670.67it/s, Materializing param=gpt_neox.layers.23.attention.dense.weight]
Loading weights:  97%|#########6| 282/292 [00:00<00:00, 670.67it/s, Materializing param=gpt_neox.layers.23.attention.dense.weight]
Loading weights:  97%|#########6| 283/292 [00:00<00:00, 670.67it/s, Materializing param=gpt_neox.layers.23.attention.query_key_value.bias]
Loading weights:  97%|#########6| 283/292 [00:00<00:00, 670.67it/s, Materializing param=gpt_neox.layers.23.attention.query_key_value.bias]
Loading weights:  97%|#########7| 284/292 [00:00<00:00, 670.67it/s, Materializing param=gpt_neox.layers.23.attention.query_key_value.weight]
Loading weights:  97%|#########7| 284/292 [00:00<00:00, 670.67it/s, Materializing param=gpt_neox.layers.23.attention.query_key_value.weight]
Loading weights:  98%|#########7| 285/292 [00:00<00:00, 670.67it/s, Materializing param=gpt_neox.layers.23.input_layernorm.bias]            
Loading weights:  98%|#########7| 285/292 [00:00<00:00, 670.67it/s, Materializing param=gpt_neox.layers.23.input_layernorm.bias]
Loading weights:  98%|#########7| 286/292 [00:00<00:00, 670.67it/s, Materializing param=gpt_neox.layers.23.input_layernorm.weight]
Loading weights:  98%|#########7| 286/292 [00:00<00:00, 670.67it/s, Materializing param=gpt_neox.layers.23.input_layernorm.weight]
Loading weights:  98%|#########8| 287/292 [00:00<00:00, 670.67it/s, Materializing param=gpt_neox.layers.23.mlp.dense_4h_to_h.bias]
Loading weights:  98%|#########8| 287/292 [00:00<00:00, 670.67it/s, Materializing param=gpt_neox.layers.23.mlp.dense_4h_to_h.bias]
Loading weights:  99%|#########8| 288/292 [00:00<00:00, 670.67it/s, Materializing param=gpt_neox.layers.23.mlp.dense_4h_to_h.weight]
Loading weights:  99%|#########8| 288/292 [00:00<00:00, 670.67it/s, Materializing param=gpt_neox.layers.23.mlp.dense_4h_to_h.weight]
Loading weights:  99%|#########8| 289/292 [00:00<00:00, 670.67it/s, Materializing param=gpt_neox.layers.23.mlp.dense_h_to_4h.bias]  
Loading weights:  99%|#########8| 289/292 [00:00<00:00, 670.67it/s, Materializing param=gpt_neox.layers.23.mlp.dense_h_to_4h.bias]
Loading weights:  99%|#########9| 290/292 [00:00<00:00, 670.67it/s, Materializing param=gpt_neox.layers.23.mlp.dense_h_to_4h.weight]
Loading weights:  99%|#########9| 290/292 [00:00<00:00, 670.67it/s, Materializing param=gpt_neox.layers.23.mlp.dense_h_to_4h.weight]
Loading weights: 100%|#########9| 291/292 [00:00<00:00, 670.67it/s, Materializing param=gpt_neox.layers.23.post_attention_layernorm.bias]
Loading weights: 100%|#########9| 291/292 [00:00<00:00, 670.67it/s, Materializing param=gpt_neox.layers.23.post_attention_layernorm.bias]
Loading weights: 100%|##########| 292/292 [00:00<00:00, 670.67it/s, Materializing param=gpt_neox.layers.23.post_attention_layernorm.weight]
Loading weights: 100%|##########| 292/292 [00:00<00:00, 670.67it/s, Materializing param=gpt_neox.layers.23.post_attention_layernorm.weight]
Loading weights: 100%|##########| 292/292 [00:00<00:00, 606.88it/s, Materializing param=gpt_neox.layers.23.post_attention_layernorm.weight]
[2026-04-22T22:45:45.179392] END longform_return_v3 OK

[2026-04-22T22:45:45.285420] SKIP report_longform_return_v3 using validated existing output: C:\Users\joshj\joseph-stroud-identity-stability-research\outputs\latest\longform_return_v3_debug\longform_return_v3_report.md
