Warning: You are sending unauthenticated requests to the HF Hub. Please set a HF_TOKEN to enable higher rate limits and faster downloads.

Loading weights:   0%|          | 0/292 [00:00<?, ?it/s]
Loading weights:   0%|          | 1/292 [00:00<00:00, 8439.24it/s, Materializing param=embed_out.weight]
Loading weights:   0%|          | 1/292 [00:00<00:00, 3452.10it/s, Materializing param=embed_out.weight]
Loading weights:   1%|          | 2/292 [00:00<00:00, 3869.28it/s, Materializing param=gpt_neox.embed_in.weight]
Loading weights:   1%|          | 2/292 [00:00<00:00, 2708.62it/s, Materializing param=gpt_neox.embed_in.weight]
Loading weights:   1%|1         | 3/292 [00:00<00:00, 2362.10it/s, Materializing param=gpt_neox.final_layer_norm.bias]
Loading weights:   1%|1         | 3/292 [00:00<00:00, 2080.16it/s, Materializing param=gpt_neox.final_layer_norm.bias]
Loading weights:   1%|1         | 4/292 [00:00<00:00, 2219.50it/s, Materializing param=gpt_neox.final_layer_norm.weight]
Loading weights:   1%|1         | 4/292 [00:00<00:00, 1942.03it/s, Materializing param=gpt_neox.final_layer_norm.weight]
Loading weights:   2%|1         | 5/292 [00:00<00:00, 2081.75it/s, Materializing param=gpt_neox.layers.0.attention.dense.bias]
Loading weights:   2%|1         | 5/292 [00:00<00:00, 1958.31it/s, Materializing param=gpt_neox.layers.0.attention.dense.bias]
Loading weights:   2%|2         | 6/292 [00:00<00:00, 1871.48it/s, Materializing param=gpt_neox.layers.0.attention.dense.weight]
Loading weights:   2%|2         | 6/292 [00:00<00:00, 1685.36it/s, Materializing param=gpt_neox.layers.0.attention.dense.weight]
Loading weights:   2%|2         | 7/292 [00:00<00:00, 1432.34it/s, Materializing param=gpt_neox.layers.0.attention.query_key_value.bias]
Loading weights:   2%|2         | 7/292 [00:00<00:00, 1390.36it/s, Materializing param=gpt_neox.layers.0.attention.query_key_value.bias]
Loading weights:   3%|2         | 8/292 [00:00<00:00, 1416.82it/s, Materializing param=gpt_neox.layers.0.attention.query_key_value.weight]
Loading weights:   3%|2         | 8/292 [00:00<00:00, 1381.52it/s, Materializing param=gpt_neox.layers.0.attention.query_key_value.weight]
Loading weights:   3%|3         | 9/292 [00:00<00:00, 1474.39it/s, Materializing param=gpt_neox.layers.0.input_layernorm.bias]            
Loading weights:   3%|3         | 9/292 [00:00<00:00, 1325.96it/s, Materializing param=gpt_neox.layers.0.input_layernorm.bias]
Loading weights:   3%|3         | 10/292 [00:00<00:00, 1350.52it/s, Materializing param=gpt_neox.layers.0.input_layernorm.weight]
Loading weights:   3%|3         | 10/292 [00:00<00:00, 1319.38it/s, Materializing param=gpt_neox.layers.0.input_layernorm.weight]
Loading weights:   4%|3         | 11/292 [00:00<00:00, 1395.35it/s, Materializing param=gpt_neox.layers.0.mlp.dense_4h_to_h.bias]
Loading weights:   4%|3         | 11/292 [00:00<00:00, 1360.42it/s, Materializing param=gpt_neox.layers.0.mlp.dense_4h_to_h.bias]
Loading weights:   4%|4         | 12/292 [00:00<00:00, 1406.46it/s, Materializing param=gpt_neox.layers.0.mlp.dense_4h_to_h.weight]
Loading weights:   4%|4         | 12/292 [00:00<00:00, 1323.65it/s, Materializing param=gpt_neox.layers.0.mlp.dense_4h_to_h.weight]
Loading weights:   4%|4         | 13/292 [00:00<00:00, 1352.16it/s, Materializing param=gpt_neox.layers.0.mlp.dense_h_to_4h.bias]  
Loading weights:   4%|4         | 13/292 [00:00<00:00, 1338.62it/s, Materializing param=gpt_neox.layers.0.mlp.dense_h_to_4h.bias]
Loading weights:   5%|4         | 14/292 [00:00<00:00, 1347.23it/s, Materializing param=gpt_neox.layers.0.mlp.dense_h_to_4h.weight]
Loading weights:   5%|4         | 14/292 [00:00<00:00, 1327.55it/s, Materializing param=gpt_neox.layers.0.mlp.dense_h_to_4h.weight]
Loading weights:   5%|5         | 15/292 [00:00<00:00, 1347.55it/s, Materializing param=gpt_neox.layers.0.post_attention_layernorm.bias]
Loading weights:   5%|5         | 15/292 [00:00<00:00, 1333.39it/s, Materializing param=gpt_neox.layers.0.post_attention_layernorm.bias]
Loading weights:   5%|5         | 16/292 [00:00<00:00, 1308.70it/s, Materializing param=gpt_neox.layers.0.post_attention_layernorm.weight]
Loading weights:   5%|5         | 16/292 [00:00<00:00, 1293.02it/s, Materializing param=gpt_neox.layers.0.post_attention_layernorm.weight]
Loading weights:   6%|5         | 17/292 [00:00<00:00, 1332.22it/s, Materializing param=gpt_neox.layers.1.attention.dense.bias]           
Loading weights:   6%|5         | 17/292 [00:00<00:00, 1322.22it/s, Materializing param=gpt_neox.layers.1.attention.dense.bias]
Loading weights:   6%|6         | 18/292 [00:00<00:00, 1279.99it/s, Materializing param=gpt_neox.layers.1.attention.dense.weight]
Loading weights:   6%|6         | 18/292 [00:00<00:00, 1273.62it/s, Materializing param=gpt_neox.layers.1.attention.dense.weight]
Loading weights:   7%|6         | 19/292 [00:00<00:00, 1284.17it/s, Materializing param=gpt_neox.layers.1.attention.query_key_value.bias]
Loading weights:   7%|6         | 19/292 [00:00<00:00, 1277.66it/s, Materializing param=gpt_neox.layers.1.attention.query_key_value.bias]
Loading weights:   7%|6         | 20/292 [00:00<00:00, 1266.99it/s, Materializing param=gpt_neox.layers.1.attention.query_key_value.weight]
Loading weights:   7%|6         | 20/292 [00:00<00:00, 1259.61it/s, Materializing param=gpt_neox.layers.1.attention.query_key_value.weight]
Loading weights:   7%|7         | 21/292 [00:00<00:00, 1282.05it/s, Materializing param=gpt_neox.layers.1.input_layernorm.bias]            
Loading weights:   7%|7         | 21/292 [00:00<00:00, 1213.35it/s, Materializing param=gpt_neox.layers.1.input_layernorm.bias]
Loading weights:   8%|7         | 22/292 [00:00<00:00, 1212.86it/s, Materializing param=gpt_neox.layers.1.input_layernorm.weight]
Loading weights:   8%|7         | 22/292 [00:00<00:00, 1202.82it/s, Materializing param=gpt_neox.layers.1.input_layernorm.weight]
Loading weights:   8%|7         | 23/292 [00:00<00:00, 1208.73it/s, Materializing param=gpt_neox.layers.1.mlp.dense_4h_to_h.bias]
Loading weights:   8%|7         | 23/292 [00:00<00:00, 1196.04it/s, Materializing param=gpt_neox.layers.1.mlp.dense_4h_to_h.bias]
Loading weights:   8%|8         | 24/292 [00:00<00:00, 1200.10it/s, Materializing param=gpt_neox.layers.1.mlp.dense_4h_to_h.weight]
Loading weights:   8%|8         | 24/292 [00:00<00:00, 1191.10it/s, Materializing param=gpt_neox.layers.1.mlp.dense_4h_to_h.weight]
Loading weights:   9%|8         | 25/292 [00:00<00:00, 1211.06it/s, Materializing param=gpt_neox.layers.1.mlp.dense_h_to_4h.bias]  
Loading weights:   9%|8         | 25/292 [00:00<00:00, 1205.20it/s, Materializing param=gpt_neox.layers.1.mlp.dense_h_to_4h.bias]
Loading weights:   9%|8         | 26/292 [00:00<00:00, 1214.67it/s, Materializing param=gpt_neox.layers.1.mlp.dense_h_to_4h.weight]
Loading weights:   9%|8         | 26/292 [00:00<00:00, 1181.07it/s, Materializing param=gpt_neox.layers.1.mlp.dense_h_to_4h.weight]
Loading weights:   9%|9         | 27/292 [00:00<00:00, 1203.49it/s, Materializing param=gpt_neox.layers.1.post_attention_layernorm.bias]
Loading weights:   9%|9         | 27/292 [00:00<00:00, 1199.31it/s, Materializing param=gpt_neox.layers.1.post_attention_layernorm.bias]
Loading weights:  10%|9         | 28/292 [00:00<00:00, 1212.03it/s, Materializing param=gpt_neox.layers.1.post_attention_layernorm.weight]
Loading weights:  10%|9         | 28/292 [00:00<00:00, 1204.09it/s, Materializing param=gpt_neox.layers.1.post_attention_layernorm.weight]
Loading weights:  10%|9         | 29/292 [00:00<00:00, 1221.18it/s, Materializing param=gpt_neox.layers.2.attention.dense.bias]           
Loading weights:  10%|9         | 29/292 [00:00<00:00, 1213.59it/s, Materializing param=gpt_neox.layers.2.attention.dense.bias]
Loading weights:  10%|#         | 30/292 [00:00<00:00, 1244.70it/s, Materializing param=gpt_neox.layers.2.attention.dense.weight]
Loading weights:  10%|#         | 30/292 [00:00<00:00, 1235.87it/s, Materializing param=gpt_neox.layers.2.attention.dense.weight]
Loading weights:  11%|#         | 31/292 [00:00<00:00, 1261.65it/s, Materializing param=gpt_neox.layers.2.attention.query_key_value.bias]
Loading weights:  11%|#         | 31/292 [00:00<00:00, 1249.00it/s, Materializing param=gpt_neox.layers.2.attention.query_key_value.bias]
Loading weights:  11%|#         | 32/292 [00:00<00:00, 1265.52it/s, Materializing param=gpt_neox.layers.2.attention.query_key_value.weight]
Loading weights:  11%|#         | 32/292 [00:00<00:00, 1244.91it/s, Materializing param=gpt_neox.layers.2.attention.query_key_value.weight]
Loading weights:  11%|#1        | 33/292 [00:00<00:00, 1252.26it/s, Materializing param=gpt_neox.layers.2.input_layernorm.bias]            
Loading weights:  11%|#1        | 33/292 [00:00<00:00, 1244.97it/s, Materializing param=gpt_neox.layers.2.input_layernorm.bias]
Loading weights:  12%|#1        | 34/292 [00:00<00:00, 1257.70it/s, Materializing param=gpt_neox.layers.2.input_layernorm.weight]
Loading weights:  12%|#1        | 34/292 [00:00<00:00, 1248.77it/s, Materializing param=gpt_neox.layers.2.input_layernorm.weight]
Loading weights:  12%|#1        | 35/292 [00:00<00:00, 1274.72it/s, Materializing param=gpt_neox.layers.2.mlp.dense_4h_to_h.bias]
Loading weights:  12%|#1        | 35/292 [00:00<00:00, 1257.71it/s, Materializing param=gpt_neox.layers.2.mlp.dense_4h_to_h.bias]
Loading weights:  12%|#2        | 36/292 [00:00<00:00, 1261.28it/s, Materializing param=gpt_neox.layers.2.mlp.dense_4h_to_h.weight]
Loading weights:  12%|#2        | 36/292 [00:00<00:00, 1246.72it/s, Materializing param=gpt_neox.layers.2.mlp.dense_4h_to_h.weight]
Loading weights:  13%|#2        | 37/292 [00:00<00:00, 1271.37it/s, Materializing param=gpt_neox.layers.2.mlp.dense_h_to_4h.bias]  
Loading weights:  13%|#2        | 37/292 [00:00<00:00, 1267.16it/s, Materializing param=gpt_neox.layers.2.mlp.dense_h_to_4h.bias]
Loading weights:  13%|#3        | 38/292 [00:00<00:00, 1276.53it/s, Materializing param=gpt_neox.layers.2.mlp.dense_h_to_4h.weight]
Loading weights:  13%|#3        | 38/292 [00:00<00:00, 1269.76it/s, Materializing param=gpt_neox.layers.2.mlp.dense_h_to_4h.weight]
Loading weights:  13%|#3        | 39/292 [00:00<00:00, 1282.46it/s, Materializing param=gpt_neox.layers.2.post_attention_layernorm.bias]
Loading weights:  13%|#3        | 39/292 [00:00<00:00, 1264.42it/s, Materializing param=gpt_neox.layers.2.post_attention_layernorm.bias]
Loading weights:  14%|#3        | 40/292 [00:00<00:00, 1252.09it/s, Materializing param=gpt_neox.layers.2.post_attention_layernorm.weight]
Loading weights:  14%|#3        | 40/292 [00:00<00:00, 1210.94it/s, Materializing param=gpt_neox.layers.2.post_attention_layernorm.weight]
Loading weights:  14%|#4        | 41/292 [00:00<00:00, 1212.41it/s, Materializing param=gpt_neox.layers.3.attention.dense.bias]           
Loading weights:  14%|#4        | 41/292 [00:00<00:00, 1198.52it/s, Materializing param=gpt_neox.layers.3.attention.dense.bias]
Loading weights:  14%|#4        | 42/292 [00:00<00:00, 1198.63it/s, Materializing param=gpt_neox.layers.3.attention.dense.weight]
Loading weights:  14%|#4        | 42/292 [00:00<00:00, 1192.74it/s, Materializing param=gpt_neox.layers.3.attention.dense.weight]
Loading weights:  15%|#4        | 43/292 [00:00<00:00, 1177.18it/s, Materializing param=gpt_neox.layers.3.attention.query_key_value.bias]
Loading weights:  15%|#4        | 43/292 [00:00<00:00, 1159.53it/s, Materializing param=gpt_neox.layers.3.attention.query_key_value.bias]
Loading weights:  15%|#5        | 44/292 [00:00<00:00, 1159.14it/s, Materializing param=gpt_neox.layers.3.attention.query_key_value.weight]
Loading weights:  15%|#5        | 44/292 [00:00<00:00, 1154.54it/s, Materializing param=gpt_neox.layers.3.attention.query_key_value.weight]
Loading weights:  15%|#5        | 45/292 [00:00<00:00, 1155.57it/s, Materializing param=gpt_neox.layers.3.input_layernorm.bias]            
Loading weights:  15%|#5        | 45/292 [00:00<00:00, 1145.96it/s, Materializing param=gpt_neox.layers.3.input_layernorm.bias]
Loading weights:  16%|#5        | 46/292 [00:00<00:00, 1162.24it/s, Materializing param=gpt_neox.layers.3.input_layernorm.weight]
Loading weights:  16%|#5        | 46/292 [00:00<00:00, 1160.06it/s, Materializing param=gpt_neox.layers.3.input_layernorm.weight]
Loading weights:  16%|#6        | 47/292 [00:00<00:00, 1175.99it/s, Materializing param=gpt_neox.layers.3.mlp.dense_4h_to_h.bias]
Loading weights:  16%|#6        | 47/292 [00:00<00:00, 1164.31it/s, Materializing param=gpt_neox.layers.3.mlp.dense_4h_to_h.bias]
Loading weights:  16%|#6        | 48/292 [00:00<00:00, 1181.35it/s, Materializing param=gpt_neox.layers.3.mlp.dense_4h_to_h.weight]
Loading weights:  16%|#6        | 48/292 [00:00<00:00, 1173.64it/s, Materializing param=gpt_neox.layers.3.mlp.dense_4h_to_h.weight]
Loading weights:  17%|#6        | 49/292 [00:00<00:00, 1187.03it/s, Materializing param=gpt_neox.layers.3.mlp.dense_h_to_4h.bias]  
Loading weights:  17%|#6        | 49/292 [00:00<00:00, 1184.22it/s, Materializing param=gpt_neox.layers.3.mlp.dense_h_to_4h.bias]
Loading weights:  17%|#7        | 50/292 [00:00<00:00, 1189.75it/s, Materializing param=gpt_neox.layers.3.mlp.dense_h_to_4h.weight]
Loading weights:  17%|#7        | 50/292 [00:00<00:00, 1186.98it/s, Materializing param=gpt_neox.layers.3.mlp.dense_h_to_4h.weight]
Loading weights:  17%|#7        | 51/292 [00:00<00:00, 1203.10it/s, Materializing param=gpt_neox.layers.3.post_attention_layernorm.bias]
Loading weights:  17%|#7        | 51/292 [00:00<00:00, 1198.00it/s, Materializing param=gpt_neox.layers.3.post_attention_layernorm.bias]
Loading weights:  18%|#7        | 52/292 [00:00<00:00, 1209.73it/s, Materializing param=gpt_neox.layers.3.post_attention_layernorm.weight]
Loading weights:  18%|#7        | 52/292 [00:00<00:00, 1205.59it/s, Materializing param=gpt_neox.layers.3.post_attention_layernorm.weight]
Loading weights:  18%|#8        | 53/292 [00:00<00:00, 1220.15it/s, Materializing param=gpt_neox.layers.4.attention.dense.bias]           
Loading weights:  18%|#8        | 53/292 [00:00<00:00, 1218.11it/s, Materializing param=gpt_neox.layers.4.attention.dense.bias]
Loading weights:  18%|#8        | 54/292 [00:00<00:00, 1229.27it/s, Materializing param=gpt_neox.layers.4.attention.dense.weight]
Loading weights:  18%|#8        | 54/292 [00:00<00:00, 1226.84it/s, Materializing param=gpt_neox.layers.4.attention.dense.weight]
Loading weights:  19%|#8        | 55/292 [00:00<00:00, 1246.01it/s, Materializing param=gpt_neox.layers.4.attention.query_key_value.bias]
Loading weights:  19%|#8        | 55/292 [00:00<00:00, 1244.25it/s, Materializing param=gpt_neox.layers.4.attention.query_key_value.bias]
Loading weights:  19%|#9        | 56/292 [00:00<00:00, 1263.72it/s, Materializing param=gpt_neox.layers.4.attention.query_key_value.weight]
Loading weights:  19%|#9        | 56/292 [00:00<00:00, 1261.98it/s, Materializing param=gpt_neox.layers.4.attention.query_key_value.weight]
Loading weights:  20%|#9        | 57/292 [00:00<00:00, 1281.38it/s, Materializing param=gpt_neox.layers.4.input_layernorm.bias]            
Loading weights:  20%|#9        | 57/292 [00:00<00:00, 1279.68it/s, Materializing param=gpt_neox.layers.4.input_layernorm.bias]
Loading weights:  20%|#9        | 58/292 [00:00<00:00, 1299.05it/s, Materializing param=gpt_neox.layers.4.input_layernorm.weight]
Loading weights:  20%|#9        | 58/292 [00:00<00:00, 1297.32it/s, Materializing param=gpt_neox.layers.4.input_layernorm.weight]
Loading weights:  20%|##        | 59/292 [00:00<00:00, 1316.65it/s, Materializing param=gpt_neox.layers.4.mlp.dense_4h_to_h.bias]
Loading weights:  20%|##        | 59/292 [00:00<00:00, 1314.93it/s, Materializing param=gpt_neox.layers.4.mlp.dense_4h_to_h.bias]
Loading weights:  21%|##        | 60/292 [00:00<00:00, 1333.56it/s, Materializing param=gpt_neox.layers.4.mlp.dense_4h_to_h.weight]
Loading weights:  21%|##        | 60/292 [00:00<00:00, 1331.81it/s, Materializing param=gpt_neox.layers.4.mlp.dense_4h_to_h.weight]
Loading weights:  21%|##        | 61/292 [00:00<00:00, 1350.31it/s, Materializing param=gpt_neox.layers.4.mlp.dense_h_to_4h.bias]  
Loading weights:  21%|##        | 61/292 [00:00<00:00, 1348.55it/s, Materializing param=gpt_neox.layers.4.mlp.dense_h_to_4h.bias]
Loading weights:  21%|##1       | 62/292 [00:00<00:00, 1367.55it/s, Materializing param=gpt_neox.layers.4.mlp.dense_h_to_4h.weight]
Loading weights:  21%|##1       | 62/292 [00:00<00:00, 1365.81it/s, Materializing param=gpt_neox.layers.4.mlp.dense_h_to_4h.weight]
Loading weights:  22%|##1       | 63/292 [00:00<00:00, 1384.69it/s, Materializing param=gpt_neox.layers.4.post_attention_layernorm.bias]
Loading weights:  22%|##1       | 63/292 [00:00<00:00, 1383.02it/s, Materializing param=gpt_neox.layers.4.post_attention_layernorm.bias]
Loading weights:  22%|##1       | 64/292 [00:00<00:00, 1401.98it/s, Materializing param=gpt_neox.layers.4.post_attention_layernorm.weight]
Loading weights:  22%|##1       | 64/292 [00:00<00:00, 1400.30it/s, Materializing param=gpt_neox.layers.4.post_attention_layernorm.weight]
Loading weights:  22%|##2       | 65/292 [00:00<00:00, 1419.14it/s, Materializing param=gpt_neox.layers.5.attention.dense.bias]           
Loading weights:  22%|##2       | 65/292 [00:00<00:00, 1417.47it/s, Materializing param=gpt_neox.layers.5.attention.dense.bias]
Loading weights:  23%|##2       | 66/292 [00:00<00:00, 1436.17it/s, Materializing param=gpt_neox.layers.5.attention.dense.weight]
Loading weights:  23%|##2       | 66/292 [00:00<00:00, 1434.49it/s, Materializing param=gpt_neox.layers.5.attention.dense.weight]
Loading weights:  23%|##2       | 67/292 [00:00<00:00, 1453.18it/s, Materializing param=gpt_neox.layers.5.attention.query_key_value.bias]
Loading weights:  23%|##2       | 67/292 [00:00<00:00, 1451.46it/s, Materializing param=gpt_neox.layers.5.attention.query_key_value.bias]
Loading weights:  23%|##3       | 68/292 [00:00<00:00, 1470.01it/s, Materializing param=gpt_neox.layers.5.attention.query_key_value.weight]
Loading weights:  23%|##3       | 68/292 [00:00<00:00, 1468.28it/s, Materializing param=gpt_neox.layers.5.attention.query_key_value.weight]
Loading weights:  24%|##3       | 69/292 [00:00<00:00, 1486.75it/s, Materializing param=gpt_neox.layers.5.input_layernorm.bias]            
Loading weights:  24%|##3       | 69/292 [00:00<00:00, 1485.04it/s, Materializing param=gpt_neox.layers.5.input_layernorm.bias]
Loading weights:  24%|##3       | 70/292 [00:00<00:00, 1503.47it/s, Materializing param=gpt_neox.layers.5.input_layernorm.weight]
Loading weights:  24%|##3       | 70/292 [00:00<00:00, 1501.73it/s, Materializing param=gpt_neox.layers.5.input_layernorm.weight]
Loading weights:  24%|##4       | 71/292 [00:00<00:00, 1520.05it/s, Materializing param=gpt_neox.layers.5.mlp.dense_4h_to_h.bias]
Loading weights:  24%|##4       | 71/292 [00:00<00:00, 1518.32it/s, Materializing param=gpt_neox.layers.5.mlp.dense_4h_to_h.bias]
Loading weights:  25%|##4       | 72/292 [00:00<00:00, 1535.70it/s, Materializing param=gpt_neox.layers.5.mlp.dense_4h_to_h.weight]
Loading weights:  25%|##4       | 72/292 [00:00<00:00, 1533.81it/s, Materializing param=gpt_neox.layers.5.mlp.dense_4h_to_h.weight]
Loading weights:  25%|##5       | 73/292 [00:00<00:00, 1551.71it/s, Materializing param=gpt_neox.layers.5.mlp.dense_h_to_4h.bias]  
Loading weights:  25%|##5       | 73/292 [00:00<00:00, 1549.57it/s, Materializing param=gpt_neox.layers.5.mlp.dense_h_to_4h.bias]
Loading weights:  25%|##5       | 74/292 [00:00<00:00, 1567.36it/s, Materializing param=gpt_neox.layers.5.mlp.dense_h_to_4h.weight]
Loading weights:  25%|##5       | 74/292 [00:00<00:00, 1565.39it/s, Materializing param=gpt_neox.layers.5.mlp.dense_h_to_4h.weight]
Loading weights:  26%|##5       | 75/292 [00:00<00:00, 1583.15it/s, Materializing param=gpt_neox.layers.5.post_attention_layernorm.bias]
Loading weights:  26%|##5       | 75/292 [00:00<00:00, 1581.21it/s, Materializing param=gpt_neox.layers.5.post_attention_layernorm.bias]
Loading weights:  26%|##6       | 76/292 [00:00<00:00, 1598.98it/s, Materializing param=gpt_neox.layers.5.post_attention_layernorm.weight]
Loading weights:  26%|##6       | 76/292 [00:00<00:00, 1596.09it/s, Materializing param=gpt_neox.layers.5.post_attention_layernorm.weight]
Loading weights:  26%|##6       | 77/292 [00:00<00:00, 1613.81it/s, Materializing param=gpt_neox.layers.6.attention.dense.bias]           
Loading weights:  26%|##6       | 77/292 [00:00<00:00, 1611.39it/s, Materializing param=gpt_neox.layers.6.attention.dense.bias]
Loading weights:  27%|##6       | 78/292 [00:00<00:00, 1628.60it/s, Materializing param=gpt_neox.layers.6.attention.dense.weight]
Loading weights:  27%|##6       | 78/292 [00:00<00:00, 1626.46it/s, Materializing param=gpt_neox.layers.6.attention.dense.weight]
Loading weights:  27%|##7       | 79/292 [00:00<00:00, 1643.78it/s, Materializing param=gpt_neox.layers.6.attention.query_key_value.bias]
Loading weights:  27%|##7       | 79/292 [00:00<00:00, 1641.75it/s, Materializing param=gpt_neox.layers.6.attention.query_key_value.bias]
Loading weights:  27%|##7       | 80/292 [00:00<00:00, 1658.34it/s, Materializing param=gpt_neox.layers.6.attention.query_key_value.weight]
Loading weights:  27%|##7       | 80/292 [00:00<00:00, 1656.25it/s, Materializing param=gpt_neox.layers.6.attention.query_key_value.weight]
Loading weights:  28%|##7       | 81/292 [00:00<00:00, 1672.66it/s, Materializing param=gpt_neox.layers.6.input_layernorm.bias]            
Loading weights:  28%|##7       | 81/292 [00:00<00:00, 1670.69it/s, Materializing param=gpt_neox.layers.6.input_layernorm.bias]
Loading weights:  28%|##8       | 82/292 [00:00<00:00, 1687.83it/s, Materializing param=gpt_neox.layers.6.input_layernorm.weight]
Loading weights:  28%|##8       | 82/292 [00:00<00:00, 1685.84it/s, Materializing param=gpt_neox.layers.6.input_layernorm.weight]
Loading weights:  28%|##8       | 83/292 [00:00<00:00, 1702.87it/s, Materializing param=gpt_neox.layers.6.mlp.dense_4h_to_h.bias]
Loading weights:  28%|##8       | 83/292 [00:00<00:00, 1700.88it/s, Materializing param=gpt_neox.layers.6.mlp.dense_4h_to_h.bias]
Loading weights:  29%|##8       | 84/292 [00:00<00:00, 1717.79it/s, Materializing param=gpt_neox.layers.6.mlp.dense_4h_to_h.weight]
Loading weights:  29%|##8       | 84/292 [00:00<00:00, 1715.79it/s, Materializing param=gpt_neox.layers.6.mlp.dense_4h_to_h.weight]
Loading weights:  29%|##9       | 85/292 [00:00<00:00, 1732.57it/s, Materializing param=gpt_neox.layers.6.mlp.dense_h_to_4h.bias]  
Loading weights:  29%|##9       | 85/292 [00:00<00:00, 1730.22it/s, Materializing param=gpt_neox.layers.6.mlp.dense_h_to_4h.bias]
Loading weights:  29%|##9       | 86/292 [00:00<00:00, 1746.92it/s, Materializing param=gpt_neox.layers.6.mlp.dense_h_to_4h.weight]
Loading weights:  29%|##9       | 86/292 [00:00<00:00, 1744.96it/s, Materializing param=gpt_neox.layers.6.mlp.dense_h_to_4h.weight]
Loading weights:  30%|##9       | 87/292 [00:00<00:00, 1761.57it/s, Materializing param=gpt_neox.layers.6.post_attention_layernorm.bias]
Loading weights:  30%|##9       | 87/292 [00:00<00:00, 1759.53it/s, Materializing param=gpt_neox.layers.6.post_attention_layernorm.bias]
Loading weights:  30%|###       | 88/292 [00:00<00:00, 1775.60it/s, Materializing param=gpt_neox.layers.6.post_attention_layernorm.weight]
Loading weights:  30%|###       | 88/292 [00:00<00:00, 1773.51it/s, Materializing param=gpt_neox.layers.6.post_attention_layernorm.weight]
Loading weights:  30%|###       | 89/292 [00:00<00:00, 1789.34it/s, Materializing param=gpt_neox.layers.7.attention.dense.bias]           
Loading weights:  30%|###       | 89/292 [00:00<00:00, 1787.03it/s, Materializing param=gpt_neox.layers.7.attention.dense.bias]
Loading weights:  31%|###       | 90/292 [00:00<00:00, 1802.68it/s, Materializing param=gpt_neox.layers.7.attention.dense.weight]
Loading weights:  31%|###       | 90/292 [00:00<00:00, 1800.67it/s, Materializing param=gpt_neox.layers.7.attention.dense.weight]
Loading weights:  31%|###1      | 91/292 [00:00<00:00, 1816.58it/s, Materializing param=gpt_neox.layers.7.attention.query_key_value.bias]
Loading weights:  31%|###1      | 91/292 [00:00<00:00, 1814.44it/s, Materializing param=gpt_neox.layers.7.attention.query_key_value.bias]
Loading weights:  32%|###1      | 92/292 [00:00<00:00, 1830.39it/s, Materializing param=gpt_neox.layers.7.attention.query_key_value.weight]
Loading weights:  32%|###1      | 92/292 [00:00<00:00, 1828.16it/s, Materializing param=gpt_neox.layers.7.attention.query_key_value.weight]
Loading weights:  32%|###1      | 93/292 [00:00<00:00, 1843.90it/s, Materializing param=gpt_neox.layers.7.input_layernorm.bias]            
Loading weights:  32%|###1      | 93/292 [00:00<00:00, 1841.87it/s, Materializing param=gpt_neox.layers.7.input_layernorm.bias]
Loading weights:  32%|###2      | 94/292 [00:00<00:00, 1857.53it/s, Materializing param=gpt_neox.layers.7.input_layernorm.weight]
Loading weights:  32%|###2      | 94/292 [00:00<00:00, 1855.45it/s, Materializing param=gpt_neox.layers.7.input_layernorm.weight]
Loading weights:  33%|###2      | 95/292 [00:00<00:00, 1871.29it/s, Materializing param=gpt_neox.layers.7.mlp.dense_4h_to_h.bias]
Loading weights:  33%|###2      | 95/292 [00:00<00:00, 1865.02it/s, Materializing param=gpt_neox.layers.7.mlp.dense_4h_to_h.bias]
Loading weights:  33%|###2      | 96/292 [00:00<00:00, 1877.73it/s, Materializing param=gpt_neox.layers.7.mlp.dense_4h_to_h.weight]
Loading weights:  33%|###2      | 96/292 [00:00<00:00, 1875.12it/s, Materializing param=gpt_neox.layers.7.mlp.dense_4h_to_h.weight]
Loading weights:  33%|###3      | 97/292 [00:00<00:00, 1889.91it/s, Materializing param=gpt_neox.layers.7.mlp.dense_h_to_4h.bias]  
Loading weights:  33%|###3      | 97/292 [00:00<00:00, 1887.54it/s, Materializing param=gpt_neox.layers.7.mlp.dense_h_to_4h.bias]
Loading weights:  34%|###3      | 98/292 [00:00<00:00, 1902.88it/s, Materializing param=gpt_neox.layers.7.mlp.dense_h_to_4h.weight]
Loading weights:  34%|###3      | 98/292 [00:00<00:00, 1900.63it/s, Materializing param=gpt_neox.layers.7.mlp.dense_h_to_4h.weight]
Loading weights:  34%|###3      | 99/292 [00:00<00:00, 1916.06it/s, Materializing param=gpt_neox.layers.7.post_attention_layernorm.bias]
Loading weights:  34%|###3      | 99/292 [00:00<00:00, 1913.79it/s, Materializing param=gpt_neox.layers.7.post_attention_layernorm.bias]
Loading weights:  34%|###4      | 100/292 [00:00<00:00, 1929.09it/s, Materializing param=gpt_neox.layers.7.post_attention_layernorm.weight]
Loading weights:  34%|###4      | 100/292 [00:00<00:00, 1926.89it/s, Materializing param=gpt_neox.layers.7.post_attention_layernorm.weight]
Loading weights:  35%|###4      | 101/292 [00:00<00:00, 1942.21it/s, Materializing param=gpt_neox.layers.8.attention.dense.bias]           
Loading weights:  35%|###4      | 101/292 [00:00<00:00, 1940.04it/s, Materializing param=gpt_neox.layers.8.attention.dense.bias]
Loading weights:  35%|###4      | 102/292 [00:00<00:00, 1955.24it/s, Materializing param=gpt_neox.layers.8.attention.dense.weight]
Loading weights:  35%|###4      | 102/292 [00:00<00:00, 1953.07it/s, Materializing param=gpt_neox.layers.8.attention.dense.weight]
Loading weights:  35%|###5      | 103/292 [00:00<00:00, 1967.45it/s, Materializing param=gpt_neox.layers.8.attention.query_key_value.bias]
Loading weights:  35%|###5      | 103/292 [00:00<00:00, 1965.23it/s, Materializing param=gpt_neox.layers.8.attention.query_key_value.bias]
Loading weights:  36%|###5      | 104/292 [00:00<00:00, 1980.43it/s, Materializing param=gpt_neox.layers.8.attention.query_key_value.weight]
Loading weights:  36%|###5      | 104/292 [00:00<00:00, 1978.21it/s, Materializing param=gpt_neox.layers.8.attention.query_key_value.weight]
Loading weights:  36%|###5      | 105/292 [00:00<00:00, 1993.43it/s, Materializing param=gpt_neox.layers.8.input_layernorm.bias]            
Loading weights:  36%|###5      | 105/292 [00:00<00:00, 1991.26it/s, Materializing param=gpt_neox.layers.8.input_layernorm.bias]
Loading weights:  36%|###6      | 106/292 [00:00<00:00, 2005.91it/s, Materializing param=gpt_neox.layers.8.input_layernorm.weight]
Loading weights:  36%|###6      | 106/292 [00:00<00:00, 2003.70it/s, Materializing param=gpt_neox.layers.8.input_layernorm.weight]
Loading weights:  37%|###6      | 107/292 [00:00<00:00, 2018.77it/s, Materializing param=gpt_neox.layers.8.mlp.dense_4h_to_h.bias]
Loading weights:  37%|###6      | 107/292 [00:00<00:00, 2016.57it/s, Materializing param=gpt_neox.layers.8.mlp.dense_4h_to_h.bias]
Loading weights:  37%|###6      | 108/292 [00:00<00:00, 2031.44it/s, Materializing param=gpt_neox.layers.8.mlp.dense_4h_to_h.weight]
Loading weights:  37%|###6      | 108/292 [00:00<00:00, 2029.25it/s, Materializing param=gpt_neox.layers.8.mlp.dense_4h_to_h.weight]
Loading weights:  37%|###7      | 109/292 [00:00<00:00, 2044.14it/s, Materializing param=gpt_neox.layers.8.mlp.dense_h_to_4h.bias]  
Loading weights:  37%|###7      | 109/292 [00:00<00:00, 2041.90it/s, Materializing param=gpt_neox.layers.8.mlp.dense_h_to_4h.bias]
Loading weights:  38%|###7      | 110/292 [00:00<00:00, 2056.84it/s, Materializing param=gpt_neox.layers.8.mlp.dense_h_to_4h.weight]
Loading weights:  38%|###7      | 110/292 [00:00<00:00, 2053.51it/s, Materializing param=gpt_neox.layers.8.mlp.dense_h_to_4h.weight]
Loading weights:  38%|###8      | 111/292 [00:00<00:00, 2068.33it/s, Materializing param=gpt_neox.layers.8.post_attention_layernorm.bias]
Loading weights:  38%|###8      | 111/292 [00:00<00:00, 2066.05it/s, Materializing param=gpt_neox.layers.8.post_attention_layernorm.bias]
Loading weights:  38%|###8      | 112/292 [00:00<00:00, 2080.57it/s, Materializing param=gpt_neox.layers.8.post_attention_layernorm.weight]
Loading weights:  38%|###8      | 112/292 [00:00<00:00, 2078.22it/s, Materializing param=gpt_neox.layers.8.post_attention_layernorm.weight]
Loading weights:  39%|###8      | 113/292 [00:00<00:00, 2092.57it/s, Materializing param=gpt_neox.layers.9.attention.dense.bias]           
Loading weights:  39%|###8      | 113/292 [00:00<00:00, 2090.10it/s, Materializing param=gpt_neox.layers.9.attention.dense.bias]
Loading weights:  39%|###9      | 114/292 [00:00<00:00, 2104.34it/s, Materializing param=gpt_neox.layers.9.attention.dense.weight]
Loading weights:  39%|###9      | 114/292 [00:00<00:00, 2102.11it/s, Materializing param=gpt_neox.layers.9.attention.dense.weight]
Loading weights:  39%|###9      | 115/292 [00:00<00:00, 2116.28it/s, Materializing param=gpt_neox.layers.9.attention.query_key_value.bias]
Loading weights:  39%|###9      | 115/292 [00:00<00:00, 2114.00it/s, Materializing param=gpt_neox.layers.9.attention.query_key_value.bias]
Loading weights:  40%|###9      | 116/292 [00:00<00:00, 2128.38it/s, Materializing param=gpt_neox.layers.9.attention.query_key_value.weight]
Loading weights:  40%|###9      | 116/292 [00:00<00:00, 2125.20it/s, Materializing param=gpt_neox.layers.9.attention.query_key_value.weight]
Loading weights:  40%|####      | 117/292 [00:00<00:00, 2139.60it/s, Materializing param=gpt_neox.layers.9.input_layernorm.bias]            
Loading weights:  40%|####      | 117/292 [00:00<00:00, 2137.33it/s, Materializing param=gpt_neox.layers.9.input_layernorm.bias]
Loading weights:  40%|####      | 118/292 [00:00<00:00, 2151.21it/s, Materializing param=gpt_neox.layers.9.input_layernorm.weight]
Loading weights:  40%|####      | 118/292 [00:00<00:00, 2148.94it/s, Materializing param=gpt_neox.layers.9.input_layernorm.weight]
Loading weights:  41%|####      | 119/292 [00:00<00:00, 2163.19it/s, Materializing param=gpt_neox.layers.9.mlp.dense_4h_to_h.bias]
Loading weights:  41%|####      | 119/292 [00:00<00:00, 2160.94it/s, Materializing param=gpt_neox.layers.9.mlp.dense_4h_to_h.bias]
Loading weights:  41%|####1     | 120/292 [00:00<00:00, 2175.16it/s, Materializing param=gpt_neox.layers.9.mlp.dense_4h_to_h.weight]
Loading weights:  41%|####1     | 120/292 [00:00<00:00, 2172.82it/s, Materializing param=gpt_neox.layers.9.mlp.dense_4h_to_h.weight]
Loading weights:  41%|####1     | 121/292 [00:00<00:00, 2186.19it/s, Materializing param=gpt_neox.layers.9.mlp.dense_h_to_4h.bias]  
Loading weights:  41%|####1     | 121/292 [00:00<00:00, 2183.93it/s, Materializing param=gpt_neox.layers.9.mlp.dense_h_to_4h.bias]
Loading weights:  42%|####1     | 122/292 [00:00<00:00, 2198.10it/s, Materializing param=gpt_neox.layers.9.mlp.dense_h_to_4h.weight]
Loading weights:  42%|####1     | 122/292 [00:00<00:00, 2195.85it/s, Materializing param=gpt_neox.layers.9.mlp.dense_h_to_4h.weight]
Loading weights:  42%|####2     | 123/292 [00:00<00:00, 2209.98it/s, Materializing param=gpt_neox.layers.9.post_attention_layernorm.bias]
Loading weights:  42%|####2     | 123/292 [00:00<00:00, 2207.67it/s, Materializing param=gpt_neox.layers.9.post_attention_layernorm.bias]
Loading weights:  42%|####2     | 124/292 [00:00<00:00, 2221.69it/s, Materializing param=gpt_neox.layers.9.post_attention_layernorm.weight]
Loading weights:  42%|####2     | 124/292 [00:00<00:00, 2219.45it/s, Materializing param=gpt_neox.layers.9.post_attention_layernorm.weight]
Loading weights:  43%|####2     | 125/292 [00:00<00:00, 2233.51it/s, Materializing param=gpt_neox.layers.10.attention.dense.bias]          
Loading weights:  43%|####2     | 125/292 [00:00<00:00, 2231.38it/s, Materializing param=gpt_neox.layers.10.attention.dense.bias]
Loading weights:  43%|####3     | 126/292 [00:00<00:00, 2245.31it/s, Materializing param=gpt_neox.layers.10.attention.dense.weight]
Loading weights:  43%|####3     | 126/292 [00:00<00:00, 2243.14it/s, Materializing param=gpt_neox.layers.10.attention.dense.weight]
Loading weights:  43%|####3     | 127/292 [00:00<00:00, 2256.72it/s, Materializing param=gpt_neox.layers.10.attention.query_key_value.bias]
Loading weights:  43%|####3     | 127/292 [00:00<00:00, 2254.48it/s, Materializing param=gpt_neox.layers.10.attention.query_key_value.bias]
Loading weights:  44%|####3     | 128/292 [00:00<00:00, 2268.29it/s, Materializing param=gpt_neox.layers.10.attention.query_key_value.weight]
Loading weights:  44%|####3     | 128/292 [00:00<00:00, 2266.08it/s, Materializing param=gpt_neox.layers.10.attention.query_key_value.weight]
Loading weights:  44%|####4     | 129/292 [00:00<00:00, 2279.79it/s, Materializing param=gpt_neox.layers.10.input_layernorm.bias]            
Loading weights:  44%|####4     | 129/292 [00:00<00:00, 2277.60it/s, Materializing param=gpt_neox.layers.10.input_layernorm.bias]
Loading weights:  45%|####4     | 130/292 [00:00<00:00, 2291.31it/s, Materializing param=gpt_neox.layers.10.input_layernorm.weight]
Loading weights:  45%|####4     | 130/292 [00:00<00:00, 2289.16it/s, Materializing param=gpt_neox.layers.10.input_layernorm.weight]
Loading weights:  45%|####4     | 131/292 [00:00<00:00, 2302.88it/s, Materializing param=gpt_neox.layers.10.mlp.dense_4h_to_h.bias]
Loading weights:  45%|####4     | 131/292 [00:00<00:00, 2300.71it/s, Materializing param=gpt_neox.layers.10.mlp.dense_4h_to_h.bias]
Loading weights:  45%|####5     | 132/292 [00:00<00:00, 2314.33it/s, Materializing param=gpt_neox.layers.10.mlp.dense_4h_to_h.weight]
Loading weights:  45%|####5     | 132/292 [00:00<00:00, 2312.12it/s, Materializing param=gpt_neox.layers.10.mlp.dense_4h_to_h.weight]
Loading weights:  46%|####5     | 133/292 [00:00<00:00, 2325.71it/s, Materializing param=gpt_neox.layers.10.mlp.dense_h_to_4h.bias]  
Loading weights:  46%|####5     | 133/292 [00:00<00:00, 2323.52it/s, Materializing param=gpt_neox.layers.10.mlp.dense_h_to_4h.bias]
Loading weights:  46%|####5     | 134/292 [00:00<00:00, 2336.94it/s, Materializing param=gpt_neox.layers.10.mlp.dense_h_to_4h.weight]
Loading weights:  46%|####5     | 134/292 [00:00<00:00, 2333.02it/s, Materializing param=gpt_neox.layers.10.mlp.dense_h_to_4h.weight]
Loading weights:  46%|####6     | 135/292 [00:00<00:00, 2343.52it/s, Materializing param=gpt_neox.layers.10.post_attention_layernorm.bias]
Loading weights:  46%|####6     | 135/292 [00:00<00:00, 2340.70it/s, Materializing param=gpt_neox.layers.10.post_attention_layernorm.bias]
Loading weights:  47%|####6     | 136/292 [00:00<00:00, 2352.95it/s, Materializing param=gpt_neox.layers.10.post_attention_layernorm.weight]
Loading weights:  47%|####6     | 136/292 [00:00<00:00, 2350.53it/s, Materializing param=gpt_neox.layers.10.post_attention_layernorm.weight]
Loading weights:  47%|####6     | 137/292 [00:00<00:00, 2363.19it/s, Materializing param=gpt_neox.layers.11.attention.dense.bias]           
Loading weights:  47%|####6     | 137/292 [00:00<00:00, 2360.80it/s, Materializing param=gpt_neox.layers.11.attention.dense.bias]
Loading weights:  47%|####7     | 138/292 [00:00<00:00, 2370.91it/s, Materializing param=gpt_neox.layers.11.attention.dense.weight]
Loading weights:  47%|####7     | 138/292 [00:00<00:00, 2368.13it/s, Materializing param=gpt_neox.layers.11.attention.dense.weight]
Loading weights:  48%|####7     | 139/292 [00:00<00:00, 1673.84it/s, Materializing param=gpt_neox.layers.11.attention.query_key_value.bias]
Loading weights:  48%|####7     | 139/292 [00:00<00:00, 1670.09it/s, Materializing param=gpt_neox.layers.11.attention.query_key_value.bias]
Loading weights:  48%|####7     | 140/292 [00:00<00:00, 1677.84it/s, Materializing param=gpt_neox.layers.11.attention.query_key_value.weight]
Loading weights:  48%|####7     | 140/292 [00:00<00:00, 1676.35it/s, Materializing param=gpt_neox.layers.11.attention.query_key_value.weight]
Loading weights:  48%|####8     | 141/292 [00:00<00:00, 1685.59it/s, Materializing param=gpt_neox.layers.11.input_layernorm.bias]            
Loading weights:  48%|####8     | 141/292 [00:00<00:00, 1684.31it/s, Materializing param=gpt_neox.layers.11.input_layernorm.bias]
Loading weights:  49%|####8     | 142/292 [00:00<00:00, 1693.76it/s, Materializing param=gpt_neox.layers.11.input_layernorm.weight]
Loading weights:  49%|####8     | 142/292 [00:00<00:00, 1692.49it/s, Materializing param=gpt_neox.layers.11.input_layernorm.weight]
Loading weights:  49%|####8     | 143/292 [00:00<00:00, 1702.05it/s, Materializing param=gpt_neox.layers.11.mlp.dense_4h_to_h.bias]
Loading weights:  49%|####8     | 143/292 [00:00<00:00, 1700.82it/s, Materializing param=gpt_neox.layers.11.mlp.dense_4h_to_h.bias]
Loading weights:  49%|####9     | 144/292 [00:00<00:00, 1710.49it/s, Materializing param=gpt_neox.layers.11.mlp.dense_4h_to_h.weight]
Loading weights:  49%|####9     | 144/292 [00:00<00:00, 1709.28it/s, Materializing param=gpt_neox.layers.11.mlp.dense_4h_to_h.weight]
Loading weights:  50%|####9     | 145/292 [00:00<00:00, 1718.91it/s, Materializing param=gpt_neox.layers.11.mlp.dense_h_to_4h.bias]  
Loading weights:  50%|####9     | 145/292 [00:00<00:00, 1717.66it/s, Materializing param=gpt_neox.layers.11.mlp.dense_h_to_4h.bias]
Loading weights:  50%|#####     | 146/292 [00:00<00:00, 1727.19it/s, Materializing param=gpt_neox.layers.11.mlp.dense_h_to_4h.weight]
Loading weights:  50%|#####     | 146/292 [00:00<00:00, 1725.95it/s, Materializing param=gpt_neox.layers.11.mlp.dense_h_to_4h.weight]
Loading weights:  50%|#####     | 147/292 [00:00<00:00, 1735.48it/s, Materializing param=gpt_neox.layers.11.post_attention_layernorm.bias]
Loading weights:  50%|#####     | 147/292 [00:00<00:00, 1734.24it/s, Materializing param=gpt_neox.layers.11.post_attention_layernorm.bias]
Loading weights:  51%|#####     | 148/292 [00:00<00:00, 1743.57it/s, Materializing param=gpt_neox.layers.11.post_attention_layernorm.weight]
Loading weights:  51%|#####     | 148/292 [00:00<00:00, 1742.02it/s, Materializing param=gpt_neox.layers.11.post_attention_layernorm.weight]
Loading weights:  51%|#####1    | 149/292 [00:00<00:00, 1751.46it/s, Materializing param=gpt_neox.layers.12.attention.dense.bias]           
Loading weights:  51%|#####1    | 149/292 [00:00<00:00, 1750.20it/s, Materializing param=gpt_neox.layers.12.attention.dense.bias]
Loading weights:  51%|#####1    | 150/292 [00:00<00:00, 1759.65it/s, Materializing param=gpt_neox.layers.12.attention.dense.weight]
Loading weights:  51%|#####1    | 150/292 [00:00<00:00, 1758.40it/s, Materializing param=gpt_neox.layers.12.attention.dense.weight]
Loading weights:  52%|#####1    | 151/292 [00:00<00:00, 1767.82it/s, Materializing param=gpt_neox.layers.12.attention.query_key_value.bias]
Loading weights:  52%|#####1    | 151/292 [00:00<00:00, 1766.21it/s, Materializing param=gpt_neox.layers.12.attention.query_key_value.bias]
Loading weights:  52%|#####2    | 152/292 [00:00<00:00, 1775.72it/s, Materializing param=gpt_neox.layers.12.attention.query_key_value.weight]
Loading weights:  52%|#####2    | 152/292 [00:00<00:00, 1774.47it/s, Materializing param=gpt_neox.layers.12.attention.query_key_value.weight]
Loading weights:  52%|#####2    | 153/292 [00:00<00:00, 1783.82it/s, Materializing param=gpt_neox.layers.12.input_layernorm.bias]            
Loading weights:  52%|#####2    | 153/292 [00:00<00:00, 1782.56it/s, Materializing param=gpt_neox.layers.12.input_layernorm.bias]
Loading weights:  53%|#####2    | 154/292 [00:00<00:00, 1792.04it/s, Materializing param=gpt_neox.layers.12.input_layernorm.weight]
Loading weights:  53%|#####2    | 154/292 [00:00<00:00, 1790.88it/s, Materializing param=gpt_neox.layers.12.input_layernorm.weight]
Loading weights:  53%|#####3    | 155/292 [00:00<00:00, 1800.44it/s, Materializing param=gpt_neox.layers.12.mlp.dense_4h_to_h.bias]
Loading weights:  53%|#####3    | 155/292 [00:00<00:00, 1799.29it/s, Materializing param=gpt_neox.layers.12.mlp.dense_4h_to_h.bias]
Loading weights:  53%|#####3    | 156/292 [00:00<00:00, 1808.77it/s, Materializing param=gpt_neox.layers.12.mlp.dense_4h_to_h.weight]
Loading weights:  53%|#####3    | 156/292 [00:00<00:00, 1807.61it/s, Materializing param=gpt_neox.layers.12.mlp.dense_4h_to_h.weight]
Loading weights:  54%|#####3    | 157/292 [00:00<00:00, 1817.07it/s, Materializing param=gpt_neox.layers.12.mlp.dense_h_to_4h.bias]  
Loading weights:  54%|#####3    | 157/292 [00:00<00:00, 1815.90it/s, Materializing param=gpt_neox.layers.12.mlp.dense_h_to_4h.bias]
Loading weights:  54%|#####4    | 158/292 [00:00<00:00, 1825.33it/s, Materializing param=gpt_neox.layers.12.mlp.dense_h_to_4h.weight]
Loading weights:  54%|#####4    | 158/292 [00:00<00:00, 1824.15it/s, Materializing param=gpt_neox.layers.12.mlp.dense_h_to_4h.weight]
Loading weights:  54%|#####4    | 159/292 [00:00<00:00, 1833.58it/s, Materializing param=gpt_neox.layers.12.post_attention_layernorm.bias]
Loading weights:  54%|#####4    | 159/292 [00:00<00:00, 1832.40it/s, Materializing param=gpt_neox.layers.12.post_attention_layernorm.bias]
Loading weights:  55%|#####4    | 160/292 [00:00<00:00, 1841.57it/s, Materializing param=gpt_neox.layers.12.post_attention_layernorm.weight]
Loading weights:  55%|#####4    | 160/292 [00:00<00:00, 1840.37it/s, Materializing param=gpt_neox.layers.12.post_attention_layernorm.weight]
Loading weights:  55%|#####5    | 161/292 [00:00<00:00, 1849.76it/s, Materializing param=gpt_neox.layers.13.attention.dense.bias]           
Loading weights:  55%|#####5    | 161/292 [00:00<00:00, 1848.59it/s, Materializing param=gpt_neox.layers.13.attention.dense.bias]
Loading weights:  55%|#####5    | 162/292 [00:00<00:00, 1857.87it/s, Materializing param=gpt_neox.layers.13.attention.dense.weight]
Loading weights:  55%|#####5    | 162/292 [00:00<00:00, 1856.68it/s, Materializing param=gpt_neox.layers.13.attention.dense.weight]
Loading weights:  56%|#####5    | 163/292 [00:00<00:00, 1866.00it/s, Materializing param=gpt_neox.layers.13.attention.query_key_value.bias]
Loading weights:  56%|#####5    | 163/292 [00:00<00:00, 1864.81it/s, Materializing param=gpt_neox.layers.13.attention.query_key_value.bias]
Loading weights:  56%|#####6    | 164/292 [00:00<00:00, 1874.06it/s, Materializing param=gpt_neox.layers.13.attention.query_key_value.weight]
Loading weights:  56%|#####6    | 164/292 [00:00<00:00, 1872.86it/s, Materializing param=gpt_neox.layers.13.attention.query_key_value.weight]
Loading weights:  57%|#####6    | 165/292 [00:00<00:00, 1882.14it/s, Materializing param=gpt_neox.layers.13.input_layernorm.bias]            
Loading weights:  57%|#####6    | 165/292 [00:00<00:00, 1880.83it/s, Materializing param=gpt_neox.layers.13.input_layernorm.bias]
Loading weights:  57%|#####6    | 166/292 [00:00<00:00, 1889.96it/s, Materializing param=gpt_neox.layers.13.input_layernorm.weight]
Loading weights:  57%|#####6    | 166/292 [00:00<00:00, 1888.68it/s, Materializing param=gpt_neox.layers.13.input_layernorm.weight]
Loading weights:  57%|#####7    | 167/292 [00:00<00:00, 1897.80it/s, Materializing param=gpt_neox.layers.13.mlp.dense_4h_to_h.bias]
Loading weights:  57%|#####7    | 167/292 [00:00<00:00, 1896.00it/s, Materializing param=gpt_neox.layers.13.mlp.dense_4h_to_h.bias]
Loading weights:  58%|#####7    | 168/292 [00:00<00:00, 1905.16it/s, Materializing param=gpt_neox.layers.13.mlp.dense_4h_to_h.weight]
Loading weights:  58%|#####7    | 168/292 [00:00<00:00, 1903.87it/s, Materializing param=gpt_neox.layers.13.mlp.dense_4h_to_h.weight]
Loading weights:  58%|#####7    | 169/292 [00:00<00:00, 1912.90it/s, Materializing param=gpt_neox.layers.13.mlp.dense_h_to_4h.bias]  
Loading weights:  58%|#####7    | 169/292 [00:00<00:00, 1911.12it/s, Materializing param=gpt_neox.layers.13.mlp.dense_h_to_4h.bias]
Loading weights:  58%|#####8    | 170/292 [00:00<00:00, 1920.18it/s, Materializing param=gpt_neox.layers.13.mlp.dense_h_to_4h.weight]
Loading weights:  58%|#####8    | 170/292 [00:00<00:00, 1918.90it/s, Materializing param=gpt_neox.layers.13.mlp.dense_h_to_4h.weight]
Loading weights:  59%|#####8    | 171/292 [00:00<00:00, 1927.95it/s, Materializing param=gpt_neox.layers.13.post_attention_layernorm.bias]
Loading weights:  59%|#####8    | 171/292 [00:00<00:00, 1926.65it/s, Materializing param=gpt_neox.layers.13.post_attention_layernorm.bias]
Loading weights:  59%|#####8    | 172/292 [00:00<00:00, 1935.37it/s, Materializing param=gpt_neox.layers.13.post_attention_layernorm.weight]
Loading weights:  59%|#####8    | 172/292 [00:00<00:00, 1934.05it/s, Materializing param=gpt_neox.layers.13.post_attention_layernorm.weight]
Loading weights:  59%|#####9    | 173/292 [00:00<00:00, 1943.01it/s, Materializing param=gpt_neox.layers.14.attention.dense.bias]           
Loading weights:  59%|#####9    | 173/292 [00:00<00:00, 1941.78it/s, Materializing param=gpt_neox.layers.14.attention.dense.bias]
Loading weights:  60%|#####9    | 174/292 [00:00<00:00, 1950.72it/s, Materializing param=gpt_neox.layers.14.attention.dense.weight]
Loading weights:  60%|#####9    | 174/292 [00:00<00:00, 1949.45it/s, Materializing param=gpt_neox.layers.14.attention.dense.weight]
Loading weights:  60%|#####9    | 175/292 [00:00<00:00, 1958.37it/s, Materializing param=gpt_neox.layers.14.attention.query_key_value.bias]
Loading weights:  60%|#####9    | 175/292 [00:00<00:00, 1957.05it/s, Materializing param=gpt_neox.layers.14.attention.query_key_value.bias]
Loading weights:  60%|######    | 176/292 [00:00<00:00, 1965.92it/s, Materializing param=gpt_neox.layers.14.attention.query_key_value.weight]
Loading weights:  60%|######    | 176/292 [00:00<00:00, 1964.09it/s, Materializing param=gpt_neox.layers.14.attention.query_key_value.weight]
Loading weights:  61%|######    | 177/292 [00:00<00:00, 1972.93it/s, Materializing param=gpt_neox.layers.14.input_layernorm.bias]            
Loading weights:  61%|######    | 177/292 [00:00<00:00, 1971.31it/s, Materializing param=gpt_neox.layers.14.input_layernorm.bias]
Loading weights:  61%|######    | 178/292 [00:00<00:00, 1980.27it/s, Materializing param=gpt_neox.layers.14.input_layernorm.weight]
Loading weights:  61%|######    | 178/292 [00:00<00:00, 1978.98it/s, Materializing param=gpt_neox.layers.14.input_layernorm.weight]
Loading weights:  61%|######1   | 179/292 [00:00<00:00, 1987.90it/s, Materializing param=gpt_neox.layers.14.mlp.dense_4h_to_h.bias]
Loading weights:  61%|######1   | 179/292 [00:00<00:00, 1986.60it/s, Materializing param=gpt_neox.layers.14.mlp.dense_4h_to_h.bias]
Loading weights:  62%|######1   | 180/292 [00:00<00:00, 1995.38it/s, Materializing param=gpt_neox.layers.14.mlp.dense_4h_to_h.weight]
Loading weights:  62%|######1   | 180/292 [00:00<00:00, 1994.05it/s, Materializing param=gpt_neox.layers.14.mlp.dense_4h_to_h.weight]
Loading weights:  62%|######1   | 181/292 [00:00<00:00, 2002.59it/s, Materializing param=gpt_neox.layers.14.mlp.dense_h_to_4h.bias]  
Loading weights:  62%|######1   | 181/292 [00:00<00:00, 2001.23it/s, Materializing param=gpt_neox.layers.14.mlp.dense_h_to_4h.bias]
Loading weights:  62%|######2   | 182/292 [00:00<00:00, 2009.92it/s, Materializing param=gpt_neox.layers.14.mlp.dense_h_to_4h.weight]
Loading weights:  62%|######2   | 182/292 [00:00<00:00, 2008.59it/s, Materializing param=gpt_neox.layers.14.mlp.dense_h_to_4h.weight]
Loading weights:  63%|######2   | 183/292 [00:00<00:00, 2017.29it/s, Materializing param=gpt_neox.layers.14.post_attention_layernorm.bias]
Loading weights:  63%|######2   | 183/292 [00:00<00:00, 2016.00it/s, Materializing param=gpt_neox.layers.14.post_attention_layernorm.bias]
Loading weights:  63%|######3   | 184/292 [00:00<00:00, 2024.44it/s, Materializing param=gpt_neox.layers.14.post_attention_layernorm.weight]
Loading weights:  63%|######3   | 184/292 [00:00<00:00, 2023.15it/s, Materializing param=gpt_neox.layers.14.post_attention_layernorm.weight]
Loading weights:  63%|######3   | 185/292 [00:00<00:00, 2031.80it/s, Materializing param=gpt_neox.layers.15.attention.dense.bias]           
Loading weights:  63%|######3   | 185/292 [00:00<00:00, 2030.54it/s, Materializing param=gpt_neox.layers.15.attention.dense.bias]
Loading weights:  64%|######3   | 186/292 [00:00<00:00, 2038.69it/s, Materializing param=gpt_neox.layers.15.attention.dense.weight]
Loading weights:  64%|######3   | 186/292 [00:00<00:00, 2037.37it/s, Materializing param=gpt_neox.layers.15.attention.dense.weight]
Loading weights:  64%|######4   | 187/292 [00:00<00:00, 2045.49it/s, Materializing param=gpt_neox.layers.15.attention.query_key_value.bias]
Loading weights:  64%|######4   | 187/292 [00:00<00:00, 2043.99it/s, Materializing param=gpt_neox.layers.15.attention.query_key_value.bias]
Loading weights:  64%|######4   | 188/292 [00:00<00:00, 2051.36it/s, Materializing param=gpt_neox.layers.15.attention.query_key_value.weight]
Loading weights:  64%|######4   | 188/292 [00:00<00:00, 2049.93it/s, Materializing param=gpt_neox.layers.15.attention.query_key_value.weight]
Loading weights:  65%|######4   | 189/292 [00:00<00:00, 2058.21it/s, Materializing param=gpt_neox.layers.15.input_layernorm.bias]            
Loading weights:  65%|######4   | 189/292 [00:00<00:00, 2056.79it/s, Materializing param=gpt_neox.layers.15.input_layernorm.bias]
Loading weights:  65%|######5   | 190/292 [00:00<00:00, 2065.15it/s, Materializing param=gpt_neox.layers.15.input_layernorm.weight]
Loading weights:  65%|######5   | 190/292 [00:00<00:00, 2063.79it/s, Materializing param=gpt_neox.layers.15.input_layernorm.weight]
Loading weights:  65%|######5   | 191/292 [00:00<00:00, 2072.17it/s, Materializing param=gpt_neox.layers.15.mlp.dense_4h_to_h.bias]
Loading weights:  65%|######5   | 191/292 [00:00<00:00, 2070.81it/s, Materializing param=gpt_neox.layers.15.mlp.dense_4h_to_h.bias]
Loading weights:  66%|######5   | 192/292 [00:00<00:00, 2078.97it/s, Materializing param=gpt_neox.layers.15.mlp.dense_4h_to_h.weight]
Loading weights:  66%|######5   | 192/292 [00:00<00:00, 2077.64it/s, Materializing param=gpt_neox.layers.15.mlp.dense_4h_to_h.weight]
Loading weights:  66%|######6   | 193/292 [00:00<00:00, 2085.98it/s, Materializing param=gpt_neox.layers.15.mlp.dense_h_to_4h.bias]  
Loading weights:  66%|######6   | 193/292 [00:00<00:00, 2084.61it/s, Materializing param=gpt_neox.layers.15.mlp.dense_h_to_4h.bias]
Loading weights:  66%|######6   | 194/292 [00:00<00:00, 2092.78it/s, Materializing param=gpt_neox.layers.15.mlp.dense_h_to_4h.weight]
Loading weights:  66%|######6   | 194/292 [00:00<00:00, 2091.34it/s, Materializing param=gpt_neox.layers.15.mlp.dense_h_to_4h.weight]
Loading weights:  67%|######6   | 195/292 [00:00<00:00, 2099.29it/s, Materializing param=gpt_neox.layers.15.post_attention_layernorm.bias]
Loading weights:  67%|######6   | 195/292 [00:00<00:00, 2097.91it/s, Materializing param=gpt_neox.layers.15.post_attention_layernorm.bias]
Loading weights:  67%|######7   | 196/292 [00:00<00:00, 2106.16it/s, Materializing param=gpt_neox.layers.15.post_attention_layernorm.weight]
Loading weights:  67%|######7   | 196/292 [00:00<00:00, 2104.78it/s, Materializing param=gpt_neox.layers.15.post_attention_layernorm.weight]
Loading weights:  67%|######7   | 197/292 [00:00<00:00, 2113.09it/s, Materializing param=gpt_neox.layers.16.attention.dense.bias]           
Loading weights:  67%|######7   | 197/292 [00:00<00:00, 2111.75it/s, Materializing param=gpt_neox.layers.16.attention.dense.bias]
Loading weights:  68%|######7   | 198/292 [00:00<00:00, 2119.97it/s, Materializing param=gpt_neox.layers.16.attention.dense.weight]
Loading weights:  68%|######7   | 198/292 [00:00<00:00, 2118.62it/s, Materializing param=gpt_neox.layers.16.attention.dense.weight]
Loading weights:  68%|######8   | 199/292 [00:00<00:00, 2126.90it/s, Materializing param=gpt_neox.layers.16.attention.query_key_value.bias]
Loading weights:  68%|######8   | 199/292 [00:00<00:00, 2125.50it/s, Materializing param=gpt_neox.layers.16.attention.query_key_value.bias]
Loading weights:  68%|######8   | 200/292 [00:00<00:00, 2133.76it/s, Materializing param=gpt_neox.layers.16.attention.query_key_value.weight]
Loading weights:  68%|######8   | 200/292 [00:00<00:00, 2132.40it/s, Materializing param=gpt_neox.layers.16.attention.query_key_value.weight]
Loading weights:  69%|######8   | 201/292 [00:00<00:00, 2140.60it/s, Materializing param=gpt_neox.layers.16.input_layernorm.bias]            
Loading weights:  69%|######8   | 201/292 [00:00<00:00, 2139.20it/s, Materializing param=gpt_neox.layers.16.input_layernorm.bias]
Loading weights:  69%|######9   | 202/292 [00:00<00:00, 2147.28it/s, Materializing param=gpt_neox.layers.16.input_layernorm.weight]
Loading weights:  69%|######9   | 202/292 [00:00<00:00, 2145.92it/s, Materializing param=gpt_neox.layers.16.input_layernorm.weight]
Loading weights:  70%|######9   | 203/292 [00:00<00:00, 2154.26it/s, Materializing param=gpt_neox.layers.16.mlp.dense_4h_to_h.bias]
Loading weights:  70%|######9   | 203/292 [00:00<00:00, 2152.92it/s, Materializing param=gpt_neox.layers.16.mlp.dense_4h_to_h.bias]
Loading weights:  70%|######9   | 204/292 [00:00<00:00, 2161.08it/s, Materializing param=gpt_neox.layers.16.mlp.dense_4h_to_h.weight]
Loading weights:  70%|######9   | 204/292 [00:00<00:00, 2159.73it/s, Materializing param=gpt_neox.layers.16.mlp.dense_4h_to_h.weight]
Loading weights:  70%|#######   | 205/292 [00:00<00:00, 2167.87it/s, Materializing param=gpt_neox.layers.16.mlp.dense_h_to_4h.bias]  
Loading weights:  70%|#######   | 205/292 [00:00<00:00, 2166.51it/s, Materializing param=gpt_neox.layers.16.mlp.dense_h_to_4h.bias]
Loading weights:  71%|#######   | 206/292 [00:00<00:00, 2174.67it/s, Materializing param=gpt_neox.layers.16.mlp.dense_h_to_4h.weight]
Loading weights:  71%|#######   | 206/292 [00:00<00:00, 2173.31it/s, Materializing param=gpt_neox.layers.16.mlp.dense_h_to_4h.weight]
Loading weights:  71%|#######   | 207/292 [00:00<00:00, 2181.25it/s, Materializing param=gpt_neox.layers.16.post_attention_layernorm.bias]
Loading weights:  71%|#######   | 207/292 [00:00<00:00, 2179.85it/s, Materializing param=gpt_neox.layers.16.post_attention_layernorm.bias]
Loading weights:  71%|#######1  | 208/292 [00:00<00:00, 2187.97it/s, Materializing param=gpt_neox.layers.16.post_attention_layernorm.weight]
Loading weights:  71%|#######1  | 208/292 [00:00<00:00, 2186.60it/s, Materializing param=gpt_neox.layers.16.post_attention_layernorm.weight]
Loading weights:  72%|#######1  | 209/292 [00:00<00:00, 2194.60it/s, Materializing param=gpt_neox.layers.17.attention.dense.bias]           
Loading weights:  72%|#######1  | 209/292 [00:00<00:00, 2193.20it/s, Materializing param=gpt_neox.layers.17.attention.dense.bias]
Loading weights:  72%|#######1  | 210/292 [00:00<00:00, 2201.24it/s, Materializing param=gpt_neox.layers.17.attention.dense.weight]
Loading weights:  72%|#######1  | 210/292 [00:00<00:00, 2199.86it/s, Materializing param=gpt_neox.layers.17.attention.dense.weight]
Loading weights:  72%|#######2  | 211/292 [00:00<00:00, 2207.95it/s, Materializing param=gpt_neox.layers.17.attention.query_key_value.bias]
Loading weights:  72%|#######2  | 211/292 [00:00<00:00, 2206.58it/s, Materializing param=gpt_neox.layers.17.attention.query_key_value.bias]
Loading weights:  73%|#######2  | 212/292 [00:00<00:00, 2214.26it/s, Materializing param=gpt_neox.layers.17.attention.query_key_value.weight]
Loading weights:  73%|#######2  | 212/292 [00:00<00:00, 2212.56it/s, Materializing param=gpt_neox.layers.17.attention.query_key_value.weight]
Loading weights:  73%|#######2  | 213/292 [00:00<00:00, 2220.54it/s, Materializing param=gpt_neox.layers.17.input_layernorm.bias]            
Loading weights:  73%|#######2  | 213/292 [00:00<00:00, 2219.20it/s, Materializing param=gpt_neox.layers.17.input_layernorm.bias]
Loading weights:  73%|#######3  | 214/292 [00:00<00:00, 2227.22it/s, Materializing param=gpt_neox.layers.17.input_layernorm.weight]
Loading weights:  73%|#######3  | 214/292 [00:00<00:00, 2225.92it/s, Materializing param=gpt_neox.layers.17.input_layernorm.weight]
Loading weights:  74%|#######3  | 215/292 [00:00<00:00, 2234.06it/s, Materializing param=gpt_neox.layers.17.mlp.dense_4h_to_h.bias]
Loading weights:  74%|#######3  | 215/292 [00:00<00:00, 2232.79it/s, Materializing param=gpt_neox.layers.17.mlp.dense_4h_to_h.bias]
Loading weights:  74%|#######3  | 216/292 [00:00<00:00, 2240.82it/s, Materializing param=gpt_neox.layers.17.mlp.dense_4h_to_h.weight]
Loading weights:  74%|#######3  | 216/292 [00:00<00:00, 2239.54it/s, Materializing param=gpt_neox.layers.17.mlp.dense_4h_to_h.weight]
Loading weights:  74%|#######4  | 217/292 [00:00<00:00, 2247.47it/s, Materializing param=gpt_neox.layers.17.mlp.dense_h_to_4h.bias]  
Loading weights:  74%|#######4  | 217/292 [00:00<00:00, 2245.88it/s, Materializing param=gpt_neox.layers.17.mlp.dense_h_to_4h.bias]
Loading weights:  75%|#######4  | 218/292 [00:00<00:00, 2253.77it/s, Materializing param=gpt_neox.layers.17.mlp.dense_h_to_4h.weight]
Loading weights:  75%|#######4  | 218/292 [00:00<00:00, 2252.46it/s, Materializing param=gpt_neox.layers.17.mlp.dense_h_to_4h.weight]
Loading weights:  75%|#######5  | 219/292 [00:00<00:00, 2260.19it/s, Materializing param=gpt_neox.layers.17.post_attention_layernorm.bias]
Loading weights:  75%|#######5  | 219/292 [00:00<00:00, 2258.76it/s, Materializing param=gpt_neox.layers.17.post_attention_layernorm.bias]
Loading weights:  75%|#######5  | 220/292 [00:00<00:00, 2266.47it/s, Materializing param=gpt_neox.layers.17.post_attention_layernorm.weight]
Loading weights:  75%|#######5  | 220/292 [00:00<00:00, 2264.59it/s, Materializing param=gpt_neox.layers.17.post_attention_layernorm.weight]
Loading weights:  76%|#######5  | 221/292 [00:00<00:00, 2272.47it/s, Materializing param=gpt_neox.layers.18.attention.dense.bias]           
Loading weights:  76%|#######5  | 221/292 [00:00<00:00, 2271.07it/s, Materializing param=gpt_neox.layers.18.attention.dense.bias]
Loading weights:  76%|#######6  | 222/292 [00:00<00:00, 2278.77it/s, Materializing param=gpt_neox.layers.18.attention.dense.weight]
Loading weights:  76%|#######6  | 222/292 [00:00<00:00, 2277.37it/s, Materializing param=gpt_neox.layers.18.attention.dense.weight]
Loading weights:  76%|#######6  | 223/292 [00:00<00:00, 2285.17it/s, Materializing param=gpt_neox.layers.18.attention.query_key_value.bias]
Loading weights:  76%|#######6  | 223/292 [00:00<00:00, 2283.74it/s, Materializing param=gpt_neox.layers.18.attention.query_key_value.bias]
Loading weights:  77%|#######6  | 224/292 [00:00<00:00, 2291.52it/s, Materializing param=gpt_neox.layers.18.attention.query_key_value.weight]
Loading weights:  77%|#######6  | 224/292 [00:00<00:00, 2290.12it/s, Materializing param=gpt_neox.layers.18.attention.query_key_value.weight]
Loading weights:  77%|#######7  | 225/292 [00:00<00:00, 2297.87it/s, Materializing param=gpt_neox.layers.18.input_layernorm.bias]            
Loading weights:  77%|#######7  | 225/292 [00:00<00:00, 2296.50it/s, Materializing param=gpt_neox.layers.18.input_layernorm.bias]
Loading weights:  77%|#######7  | 226/292 [00:00<00:00, 2304.37it/s, Materializing param=gpt_neox.layers.18.input_layernorm.weight]
Loading weights:  77%|#######7  | 226/292 [00:00<00:00, 2303.02it/s, Materializing param=gpt_neox.layers.18.input_layernorm.weight]
Loading weights:  78%|#######7  | 227/292 [00:00<00:00, 2310.85it/s, Materializing param=gpt_neox.layers.18.mlp.dense_4h_to_h.bias]
Loading weights:  78%|#######7  | 227/292 [00:00<00:00, 2309.24it/s, Materializing param=gpt_neox.layers.18.mlp.dense_4h_to_h.bias]
Loading weights:  78%|#######8  | 228/292 [00:00<00:00, 2316.87it/s, Materializing param=gpt_neox.layers.18.mlp.dense_4h_to_h.weight]
Loading weights:  78%|#######8  | 228/292 [00:00<00:00, 2315.47it/s, Materializing param=gpt_neox.layers.18.mlp.dense_4h_to_h.weight]
Loading weights:  78%|#######8  | 229/292 [00:00<00:00, 2323.20it/s, Materializing param=gpt_neox.layers.18.mlp.dense_h_to_4h.bias]  
Loading weights:  78%|#######8  | 229/292 [00:00<00:00, 2321.82it/s, Materializing param=gpt_neox.layers.18.mlp.dense_h_to_4h.bias]
Loading weights:  79%|#######8  | 230/292 [00:00<00:00, 2329.59it/s, Materializing param=gpt_neox.layers.18.mlp.dense_h_to_4h.weight]
Loading weights:  79%|#######8  | 230/292 [00:00<00:00, 2328.16it/s, Materializing param=gpt_neox.layers.18.mlp.dense_h_to_4h.weight]
Loading weights:  79%|#######9  | 231/292 [00:00<00:00, 2335.61it/s, Materializing param=gpt_neox.layers.18.post_attention_layernorm.bias]
Loading weights:  79%|#######9  | 231/292 [00:00<00:00, 2334.28it/s, Materializing param=gpt_neox.layers.18.post_attention_layernorm.bias]
Loading weights:  79%|#######9  | 232/292 [00:00<00:00, 2340.81it/s, Materializing param=gpt_neox.layers.18.post_attention_layernorm.weight]
Loading weights:  79%|#######9  | 232/292 [00:00<00:00, 2338.83it/s, Materializing param=gpt_neox.layers.18.post_attention_layernorm.weight]
Loading weights:  80%|#######9  | 233/292 [00:00<00:00, 2345.71it/s, Materializing param=gpt_neox.layers.19.attention.dense.bias]           
Loading weights:  80%|#######9  | 233/292 [00:00<00:00, 2344.21it/s, Materializing param=gpt_neox.layers.19.attention.dense.bias]
Loading weights:  80%|########  | 234/292 [00:00<00:00, 2351.22it/s, Materializing param=gpt_neox.layers.19.attention.dense.weight]
Loading weights:  80%|########  | 234/292 [00:00<00:00, 2349.61it/s, Materializing param=gpt_neox.layers.19.attention.dense.weight]
Loading weights:  80%|########  | 235/292 [00:00<00:00, 2356.00it/s, Materializing param=gpt_neox.layers.19.attention.query_key_value.bias]
Loading weights:  80%|########  | 235/292 [00:00<00:00, 2354.13it/s, Materializing param=gpt_neox.layers.19.attention.query_key_value.bias]
Loading weights:  81%|########  | 236/292 [00:00<00:00, 2360.58it/s, Materializing param=gpt_neox.layers.19.attention.query_key_value.weight]
Loading weights:  81%|########  | 236/292 [00:00<00:00, 2359.02it/s, Materializing param=gpt_neox.layers.19.attention.query_key_value.weight]
Loading weights:  81%|########1 | 237/292 [00:00<00:00, 2366.51it/s, Materializing param=gpt_neox.layers.19.attention.query_key_value.weight]
Loading weights:  81%|########1 | 237/292 [00:00<00:00, 2366.51it/s, Materializing param=gpt_neox.layers.19.input_layernorm.bias]            
Loading weights:  81%|########1 | 237/292 [00:00<00:00, 2366.51it/s, Materializing param=gpt_neox.layers.19.input_layernorm.bias]
Loading weights:  82%|########1 | 238/292 [00:00<00:00, 2366.51it/s, Materializing param=gpt_neox.layers.19.input_layernorm.weight]
Loading weights:  82%|########1 | 238/292 [00:00<00:00, 2366.51it/s, Materializing param=gpt_neox.layers.19.input_layernorm.weight]
Loading weights:  82%|########1 | 239/292 [00:00<00:00, 2366.51it/s, Materializing param=gpt_neox.layers.19.mlp.dense_4h_to_h.bias]
Loading weights:  82%|########1 | 239/292 [00:00<00:00, 2366.51it/s, Materializing param=gpt_neox.layers.19.mlp.dense_4h_to_h.bias]
Loading weights:  82%|########2 | 240/292 [00:00<00:00, 2366.51it/s, Materializing param=gpt_neox.layers.19.mlp.dense_4h_to_h.weight]
Loading weights:  82%|########2 | 240/292 [00:00<00:00, 2366.51it/s, Materializing param=gpt_neox.layers.19.mlp.dense_4h_to_h.weight]
Loading weights:  83%|########2 | 241/292 [00:00<00:00, 2366.51it/s, Materializing param=gpt_neox.layers.19.mlp.dense_h_to_4h.bias]  
Loading weights:  83%|########2 | 241/292 [00:00<00:00, 2366.51it/s, Materializing param=gpt_neox.layers.19.mlp.dense_h_to_4h.bias]
Loading weights:  83%|########2 | 242/292 [00:00<00:00, 2366.51it/s, Materializing param=gpt_neox.layers.19.mlp.dense_h_to_4h.weight]
Loading weights:  83%|########2 | 242/292 [00:00<00:00, 2366.51it/s, Materializing param=gpt_neox.layers.19.mlp.dense_h_to_4h.weight]
Loading weights:  83%|########3 | 243/292 [00:00<00:00, 2366.51it/s, Materializing param=gpt_neox.layers.19.post_attention_layernorm.bias]
Loading weights:  83%|########3 | 243/292 [00:00<00:00, 2366.51it/s, Materializing param=gpt_neox.layers.19.post_attention_layernorm.bias]
Loading weights:  84%|########3 | 244/292 [00:00<00:00, 2366.51it/s, Materializing param=gpt_neox.layers.19.post_attention_layernorm.weight]
Loading weights:  84%|########3 | 244/292 [00:00<00:00, 2366.51it/s, Materializing param=gpt_neox.layers.19.post_attention_layernorm.weight]
Loading weights:  84%|########3 | 245/292 [00:00<00:00, 2366.51it/s, Materializing param=gpt_neox.layers.20.attention.dense.bias]           
Loading weights:  84%|########3 | 245/292 [00:00<00:00, 2366.51it/s, Materializing param=gpt_neox.layers.20.attention.dense.bias]
Loading weights:  84%|########4 | 246/292 [00:00<00:00, 2366.51it/s, Materializing param=gpt_neox.layers.20.attention.dense.weight]
Loading weights:  84%|########4 | 246/292 [00:00<00:00, 2366.51it/s, Materializing param=gpt_neox.layers.20.attention.dense.weight]
Loading weights:  85%|########4 | 247/292 [00:00<00:00, 2366.51it/s, Materializing param=gpt_neox.layers.20.attention.query_key_value.bias]
Loading weights:  85%|########4 | 247/292 [00:00<00:00, 2366.51it/s, Materializing param=gpt_neox.layers.20.attention.query_key_value.bias]
Loading weights:  85%|########4 | 248/292 [00:00<00:00, 2366.51it/s, Materializing param=gpt_neox.layers.20.attention.query_key_value.weight]
Loading weights:  85%|########4 | 248/292 [00:00<00:00, 2366.51it/s, Materializing param=gpt_neox.layers.20.attention.query_key_value.weight]
Loading weights:  85%|########5 | 249/292 [00:00<00:00, 2366.51it/s, Materializing param=gpt_neox.layers.20.input_layernorm.bias]            
Loading weights:  85%|########5 | 249/292 [00:00<00:00, 2366.51it/s, Materializing param=gpt_neox.layers.20.input_layernorm.bias]
Loading weights:  86%|########5 | 250/292 [00:00<00:00, 2366.51it/s, Materializing param=gpt_neox.layers.20.input_layernorm.weight]
Loading weights:  86%|########5 | 250/292 [00:00<00:00, 2366.51it/s, Materializing param=gpt_neox.layers.20.input_layernorm.weight]
Loading weights:  86%|########5 | 251/292 [00:00<00:00, 2366.51it/s, Materializing param=gpt_neox.layers.20.mlp.dense_4h_to_h.bias]
Loading weights:  86%|########5 | 251/292 [00:00<00:00, 2366.51it/s, Materializing param=gpt_neox.layers.20.mlp.dense_4h_to_h.bias]
Loading weights:  86%|########6 | 252/292 [00:00<00:00, 2366.51it/s, Materializing param=gpt_neox.layers.20.mlp.dense_4h_to_h.weight]
Loading weights:  86%|########6 | 252/292 [00:00<00:00, 2366.51it/s, Materializing param=gpt_neox.layers.20.mlp.dense_4h_to_h.weight]
Loading weights:  87%|########6 | 253/292 [00:00<00:00, 2366.51it/s, Materializing param=gpt_neox.layers.20.mlp.dense_h_to_4h.bias]  
Loading weights:  87%|########6 | 253/292 [00:00<00:00, 2366.51it/s, Materializing param=gpt_neox.layers.20.mlp.dense_h_to_4h.bias]
Loading weights:  87%|########6 | 254/292 [00:00<00:00, 2366.51it/s, Materializing param=gpt_neox.layers.20.mlp.dense_h_to_4h.weight]
Loading weights:  87%|########6 | 254/292 [00:00<00:00, 2366.51it/s, Materializing param=gpt_neox.layers.20.mlp.dense_h_to_4h.weight]
Loading weights:  87%|########7 | 255/292 [00:00<00:00, 2366.51it/s, Materializing param=gpt_neox.layers.20.post_attention_layernorm.bias]
Loading weights:  87%|########7 | 255/292 [00:00<00:00, 2366.51it/s, Materializing param=gpt_neox.layers.20.post_attention_layernorm.bias]
Loading weights:  88%|########7 | 256/292 [00:00<00:00, 2366.51it/s, Materializing param=gpt_neox.layers.20.post_attention_layernorm.weight]
Loading weights:  88%|########7 | 256/292 [00:00<00:00, 2366.51it/s, Materializing param=gpt_neox.layers.20.post_attention_layernorm.weight]
Loading weights:  88%|########8 | 257/292 [00:00<00:00, 2366.51it/s, Materializing param=gpt_neox.layers.21.attention.dense.bias]           
Loading weights:  88%|########8 | 257/292 [00:00<00:00, 2366.51it/s, Materializing param=gpt_neox.layers.21.attention.dense.bias]
Loading weights:  88%|########8 | 258/292 [00:00<00:00, 2366.51it/s, Materializing param=gpt_neox.layers.21.attention.dense.weight]
Loading weights:  88%|########8 | 258/292 [00:00<00:00, 2366.51it/s, Materializing param=gpt_neox.layers.21.attention.dense.weight]
Loading weights:  89%|########8 | 259/292 [00:00<00:00, 2366.51it/s, Materializing param=gpt_neox.layers.21.attention.query_key_value.bias]
Loading weights:  89%|########8 | 259/292 [00:00<00:00, 2366.51it/s, Materializing param=gpt_neox.layers.21.attention.query_key_value.bias]
Loading weights:  89%|########9 | 260/292 [00:00<00:00, 2366.51it/s, Materializing param=gpt_neox.layers.21.attention.query_key_value.weight]
Loading weights:  89%|########9 | 260/292 [00:00<00:00, 2366.51it/s, Materializing param=gpt_neox.layers.21.attention.query_key_value.weight]
Loading weights:  89%|########9 | 261/292 [00:00<00:00, 2366.51it/s, Materializing param=gpt_neox.layers.21.input_layernorm.bias]            
Loading weights:  89%|########9 | 261/292 [00:00<00:00, 2366.51it/s, Materializing param=gpt_neox.layers.21.input_layernorm.bias]
Loading weights:  90%|########9 | 262/292 [00:00<00:00, 2366.51it/s, Materializing param=gpt_neox.layers.21.input_layernorm.weight]
Loading weights:  90%|########9 | 262/292 [00:00<00:00, 2366.51it/s, Materializing param=gpt_neox.layers.21.input_layernorm.weight]
Loading weights:  90%|######### | 263/292 [00:00<00:00, 2366.51it/s, Materializing param=gpt_neox.layers.21.mlp.dense_4h_to_h.bias]
Loading weights:  90%|######### | 263/292 [00:00<00:00, 2366.51it/s, Materializing param=gpt_neox.layers.21.mlp.dense_4h_to_h.bias]
Loading weights:  90%|######### | 264/292 [00:00<00:00, 2366.51it/s, Materializing param=gpt_neox.layers.21.mlp.dense_4h_to_h.weight]
Loading weights:  90%|######### | 264/292 [00:00<00:00, 2366.51it/s, Materializing param=gpt_neox.layers.21.mlp.dense_4h_to_h.weight]
Loading weights:  91%|######### | 265/292 [00:00<00:00, 2366.51it/s, Materializing param=gpt_neox.layers.21.mlp.dense_h_to_4h.bias]  
Loading weights:  91%|######### | 265/292 [00:00<00:00, 2366.51it/s, Materializing param=gpt_neox.layers.21.mlp.dense_h_to_4h.bias]
Loading weights:  91%|#########1| 266/292 [00:00<00:00, 2366.51it/s, Materializing param=gpt_neox.layers.21.mlp.dense_h_to_4h.weight]
Loading weights:  91%|#########1| 266/292 [00:00<00:00, 2366.51it/s, Materializing param=gpt_neox.layers.21.mlp.dense_h_to_4h.weight]
Loading weights:  91%|#########1| 267/292 [00:00<00:00, 2366.51it/s, Materializing param=gpt_neox.layers.21.post_attention_layernorm.bias]
Loading weights:  91%|#########1| 267/292 [00:00<00:00, 2366.51it/s, Materializing param=gpt_neox.layers.21.post_attention_layernorm.bias]
Loading weights:  92%|#########1| 268/292 [00:00<00:00, 2366.51it/s, Materializing param=gpt_neox.layers.21.post_attention_layernorm.weight]
Loading weights:  92%|#########1| 268/292 [00:00<00:00, 2366.51it/s, Materializing param=gpt_neox.layers.21.post_attention_layernorm.weight]
Loading weights:  92%|#########2| 269/292 [00:00<00:00, 2366.51it/s, Materializing param=gpt_neox.layers.22.attention.dense.bias]           
Loading weights:  92%|#########2| 269/292 [00:00<00:00, 2366.51it/s, Materializing param=gpt_neox.layers.22.attention.dense.bias]
Loading weights:  92%|#########2| 270/292 [00:00<00:00, 2366.51it/s, Materializing param=gpt_neox.layers.22.attention.dense.weight]
Loading weights:  92%|#########2| 270/292 [00:00<00:00, 2366.51it/s, Materializing param=gpt_neox.layers.22.attention.dense.weight]
Loading weights:  93%|#########2| 271/292 [00:00<00:00, 2366.51it/s, Materializing param=gpt_neox.layers.22.attention.query_key_value.bias]
Loading weights:  93%|#########2| 271/292 [00:00<00:00, 2366.51it/s, Materializing param=gpt_neox.layers.22.attention.query_key_value.bias]
Loading weights:  93%|#########3| 272/292 [00:00<00:00, 2366.51it/s, Materializing param=gpt_neox.layers.22.attention.query_key_value.weight]
Loading weights:  93%|#########3| 272/292 [00:00<00:00, 2366.51it/s, Materializing param=gpt_neox.layers.22.attention.query_key_value.weight]
Loading weights:  93%|#########3| 273/292 [00:00<00:00, 2366.51it/s, Materializing param=gpt_neox.layers.22.input_layernorm.bias]            
Loading weights:  93%|#########3| 273/292 [00:00<00:00, 2366.51it/s, Materializing param=gpt_neox.layers.22.input_layernorm.bias]
Loading weights:  94%|#########3| 274/292 [00:00<00:00, 2366.51it/s, Materializing param=gpt_neox.layers.22.input_layernorm.weight]
Loading weights:  94%|#########3| 274/292 [00:00<00:00, 2366.51it/s, Materializing param=gpt_neox.layers.22.input_layernorm.weight]
Loading weights:  94%|#########4| 275/292 [00:00<00:00, 2366.51it/s, Materializing param=gpt_neox.layers.22.mlp.dense_4h_to_h.bias]
Loading weights:  94%|#########4| 275/292 [00:00<00:00, 2366.51it/s, Materializing param=gpt_neox.layers.22.mlp.dense_4h_to_h.bias]
Loading weights:  95%|#########4| 276/292 [00:00<00:00, 2366.51it/s, Materializing param=gpt_neox.layers.22.mlp.dense_4h_to_h.weight]
Loading weights:  95%|#########4| 276/292 [00:00<00:00, 2366.51it/s, Materializing param=gpt_neox.layers.22.mlp.dense_4h_to_h.weight]
Loading weights:  95%|#########4| 277/292 [00:00<00:00, 2366.51it/s, Materializing param=gpt_neox.layers.22.mlp.dense_h_to_4h.bias]  
Loading weights:  95%|#########4| 277/292 [00:00<00:00, 2366.51it/s, Materializing param=gpt_neox.layers.22.mlp.dense_h_to_4h.bias]
Loading weights:  95%|#########5| 278/292 [00:00<00:00, 2366.51it/s, Materializing param=gpt_neox.layers.22.mlp.dense_h_to_4h.weight]
Loading weights:  95%|#########5| 278/292 [00:00<00:00, 2366.51it/s, Materializing param=gpt_neox.layers.22.mlp.dense_h_to_4h.weight]
Loading weights:  96%|#########5| 279/292 [00:00<00:00, 2366.51it/s, Materializing param=gpt_neox.layers.22.post_attention_layernorm.bias]
Loading weights:  96%|#########5| 279/292 [00:00<00:00, 2366.51it/s, Materializing param=gpt_neox.layers.22.post_attention_layernorm.bias]
Loading weights:  96%|#########5| 280/292 [00:00<00:00, 2366.51it/s, Materializing param=gpt_neox.layers.22.post_attention_layernorm.weight]
Loading weights:  96%|#########5| 280/292 [00:00<00:00, 2366.51it/s, Materializing param=gpt_neox.layers.22.post_attention_layernorm.weight]
Loading weights:  96%|#########6| 281/292 [00:00<00:00, 2366.51it/s, Materializing param=gpt_neox.layers.23.attention.dense.bias]           
Loading weights:  96%|#########6| 281/292 [00:00<00:00, 2366.51it/s, Materializing param=gpt_neox.layers.23.attention.dense.bias]
Loading weights:  97%|#########6| 282/292 [00:00<00:00, 2366.51it/s, Materializing param=gpt_neox.layers.23.attention.dense.weight]
Loading weights:  97%|#########6| 282/292 [00:00<00:00, 2366.51it/s, Materializing param=gpt_neox.layers.23.attention.dense.weight]
Loading weights:  97%|#########6| 283/292 [00:00<00:00, 2366.51it/s, Materializing param=gpt_neox.layers.23.attention.query_key_value.bias]
Loading weights:  97%|#########6| 283/292 [00:00<00:00, 2366.51it/s, Materializing param=gpt_neox.layers.23.attention.query_key_value.bias]
Loading weights:  97%|#########7| 284/292 [00:00<00:00, 2366.51it/s, Materializing param=gpt_neox.layers.23.attention.query_key_value.weight]
Loading weights:  97%|#########7| 284/292 [00:00<00:00, 2366.51it/s, Materializing param=gpt_neox.layers.23.attention.query_key_value.weight]
Loading weights:  98%|#########7| 285/292 [00:00<00:00, 2366.51it/s, Materializing param=gpt_neox.layers.23.input_layernorm.bias]            
Loading weights:  98%|#########7| 285/292 [00:00<00:00, 2366.51it/s, Materializing param=gpt_neox.layers.23.input_layernorm.bias]
Loading weights:  98%|#########7| 286/292 [00:00<00:00, 2366.51it/s, Materializing param=gpt_neox.layers.23.input_layernorm.weight]
Loading weights:  98%|#########7| 286/292 [00:00<00:00, 2366.51it/s, Materializing param=gpt_neox.layers.23.input_layernorm.weight]
Loading weights:  98%|#########8| 287/292 [00:00<00:00, 2366.51it/s, Materializing param=gpt_neox.layers.23.mlp.dense_4h_to_h.bias]
Loading weights:  98%|#########8| 287/292 [00:00<00:00, 2366.51it/s, Materializing param=gpt_neox.layers.23.mlp.dense_4h_to_h.bias]
Loading weights:  99%|#########8| 288/292 [00:00<00:00, 2366.51it/s, Materializing param=gpt_neox.layers.23.mlp.dense_4h_to_h.weight]
Loading weights:  99%|#########8| 288/292 [00:00<00:00, 2366.51it/s, Materializing param=gpt_neox.layers.23.mlp.dense_4h_to_h.weight]
Loading weights:  99%|#########8| 289/292 [00:00<00:00, 2366.51it/s, Materializing param=gpt_neox.layers.23.mlp.dense_h_to_4h.bias]  
Loading weights:  99%|#########8| 289/292 [00:00<00:00, 2366.51it/s, Materializing param=gpt_neox.layers.23.mlp.dense_h_to_4h.bias]
Loading weights:  99%|#########9| 290/292 [00:00<00:00, 2366.51it/s, Materializing param=gpt_neox.layers.23.mlp.dense_h_to_4h.weight]
Loading weights:  99%|#########9| 290/292 [00:00<00:00, 2366.51it/s, Materializing param=gpt_neox.layers.23.mlp.dense_h_to_4h.weight]
Loading weights: 100%|#########9| 291/292 [00:00<00:00, 2366.51it/s, Materializing param=gpt_neox.layers.23.post_attention_layernorm.bias]
Loading weights: 100%|#########9| 291/292 [00:00<00:00, 2366.51it/s, Materializing param=gpt_neox.layers.23.post_attention_layernorm.bias]
Loading weights: 100%|##########| 292/292 [00:00<00:00, 2366.51it/s, Materializing param=gpt_neox.layers.23.post_attention_layernorm.weight]
Loading weights: 100%|##########| 292/292 [00:00<00:00, 2366.51it/s, Materializing param=gpt_neox.layers.23.post_attention_layernorm.weight]
Loading weights: 100%|##########| 292/292 [00:00<00:00, 2652.25it/s, Materializing param=gpt_neox.layers.23.post_attention_layernorm.weight]

Loading weights:   0%|          | 0/292 [00:00<?, ?it/s]
Loading weights:   0%|          | 1/292 [00:00<00:00, 39945.75it/s, Materializing param=embed_out.weight]
Loading weights:   0%|          | 1/292 [00:00<00:00, 2233.39it/s, Materializing param=embed_out.weight] 
Loading weights:   1%|          | 2/292 [00:00<00:00, 1768.26it/s, Materializing param=gpt_neox.embed_in.weight]
Loading weights:   1%|          | 2/292 [00:00<00:00, 1269.08it/s, Materializing param=gpt_neox.embed_in.weight]
Loading weights:   1%|1         | 3/292 [00:00<00:00, 1399.81it/s, Materializing param=gpt_neox.final_layer_norm.bias]
Loading weights:   1%|1         | 3/292 [00:00<00:00, 1228.68it/s, Materializing param=gpt_neox.final_layer_norm.bias]
Loading weights:   1%|1         | 4/292 [00:00<00:00, 976.10it/s, Materializing param=gpt_neox.final_layer_norm.weight]
Loading weights:   1%|1         | 4/292 [00:00<00:00, 778.27it/s, Materializing param=gpt_neox.final_layer_norm.weight]
Loading weights:   2%|1         | 5/292 [00:00<00:00, 818.30it/s, Materializing param=gpt_neox.layers.0.attention.dense.bias]
Loading weights:   2%|1         | 5/292 [00:00<00:00, 778.74it/s, Materializing param=gpt_neox.layers.0.attention.dense.bias]
Loading weights:   2%|2         | 6/292 [00:00<00:00, 878.82it/s, Materializing param=gpt_neox.layers.0.attention.dense.weight]
Loading weights:   2%|2         | 6/292 [00:00<00:00, 845.37it/s, Materializing param=gpt_neox.layers.0.attention.dense.weight]
Loading weights:   2%|2         | 7/292 [00:00<00:00, 943.09it/s, Materializing param=gpt_neox.layers.0.attention.query_key_value.bias]
Loading weights:   2%|2         | 7/292 [00:00<00:00, 907.27it/s, Materializing param=gpt_neox.layers.0.attention.query_key_value.bias]
Loading weights:   3%|2         | 8/292 [00:00<00:00, 974.99it/s, Materializing param=gpt_neox.layers.0.attention.query_key_value.weight]
Loading weights:   3%|2         | 8/292 [00:00<00:00, 891.43it/s, Materializing param=gpt_neox.layers.0.attention.query_key_value.weight]
Loading weights:   3%|3         | 9/292 [00:00<00:00, 957.41it/s, Materializing param=gpt_neox.layers.0.input_layernorm.bias]            
Loading weights:   3%|3         | 9/292 [00:00<00:00, 945.61it/s, Materializing param=gpt_neox.layers.0.input_layernorm.bias]
Loading weights:   3%|3         | 10/292 [00:00<00:00, 989.04it/s, Materializing param=gpt_neox.layers.0.input_layernorm.weight]
Loading weights:   3%|3         | 10/292 [00:00<00:00, 955.07it/s, Materializing param=gpt_neox.layers.0.input_layernorm.weight]
Loading weights:   4%|3         | 11/292 [00:00<00:00, 955.74it/s, Materializing param=gpt_neox.layers.0.mlp.dense_4h_to_h.bias]
Loading weights:   4%|3         | 11/292 [00:00<00:00, 941.92it/s, Materializing param=gpt_neox.layers.0.mlp.dense_4h_to_h.bias]
Loading weights:   4%|4         | 12/292 [00:00<00:00, 959.05it/s, Materializing param=gpt_neox.layers.0.mlp.dense_4h_to_h.weight]
Loading weights:   4%|4         | 12/292 [00:00<00:00, 942.36it/s, Materializing param=gpt_neox.layers.0.mlp.dense_4h_to_h.weight]
Loading weights:   4%|4         | 13/292 [00:00<00:00, 983.58it/s, Materializing param=gpt_neox.layers.0.mlp.dense_h_to_4h.bias]  
Loading weights:   4%|4         | 13/292 [00:00<00:00, 975.33it/s, Materializing param=gpt_neox.layers.0.mlp.dense_h_to_4h.bias]
Loading weights:   5%|4         | 14/292 [00:00<00:00, 953.50it/s, Materializing param=gpt_neox.layers.0.mlp.dense_h_to_4h.weight]
Loading weights:   5%|4         | 14/292 [00:00<00:00, 933.31it/s, Materializing param=gpt_neox.layers.0.mlp.dense_h_to_4h.weight]
Loading weights:   5%|5         | 15/292 [00:00<00:00, 972.43it/s, Materializing param=gpt_neox.layers.0.post_attention_layernorm.bias]
Loading weights:   5%|5         | 15/292 [00:00<00:00, 968.04it/s, Materializing param=gpt_neox.layers.0.post_attention_layernorm.bias]
Loading weights:   5%|5         | 16/292 [00:00<00:00, 1022.67it/s, Materializing param=gpt_neox.layers.0.post_attention_layernorm.weight]
Loading weights:   5%|5         | 16/292 [00:00<00:00, 1018.41it/s, Materializing param=gpt_neox.layers.0.post_attention_layernorm.weight]
Loading weights:   6%|5         | 17/292 [00:00<00:00, 1043.31it/s, Materializing param=gpt_neox.layers.1.attention.dense.bias]           
Loading weights:   6%|5         | 17/292 [00:00<00:00, 1039.15it/s, Materializing param=gpt_neox.layers.1.attention.dense.bias]
Loading weights:   6%|6         | 18/292 [00:00<00:00, 1091.89it/s, Materializing param=gpt_neox.layers.1.attention.dense.weight]
Loading weights:   6%|6         | 18/292 [00:00<00:00, 1087.77it/s, Materializing param=gpt_neox.layers.1.attention.dense.weight]
Loading weights:   7%|6         | 19/292 [00:00<00:00, 1103.86it/s, Materializing param=gpt_neox.layers.1.attention.query_key_value.bias]
Loading weights:   7%|6         | 19/292 [00:00<00:00, 1095.03it/s, Materializing param=gpt_neox.layers.1.attention.query_key_value.bias]
Loading weights:   7%|6         | 20/292 [00:00<00:00, 1136.33it/s, Materializing param=gpt_neox.layers.1.attention.query_key_value.weight]
Loading weights:   7%|6         | 20/292 [00:00<00:00, 1103.66it/s, Materializing param=gpt_neox.layers.1.attention.query_key_value.weight]
Loading weights:   7%|7         | 21/292 [00:00<00:00, 1091.78it/s, Materializing param=gpt_neox.layers.1.input_layernorm.bias]            
Loading weights:   7%|7         | 21/292 [00:00<00:00, 1086.08it/s, Materializing param=gpt_neox.layers.1.input_layernorm.bias]
Loading weights:   8%|7         | 22/292 [00:00<00:00, 1113.12it/s, Materializing param=gpt_neox.layers.1.input_layernorm.weight]
Loading weights:   8%|7         | 22/292 [00:00<00:00, 1108.46it/s, Materializing param=gpt_neox.layers.1.input_layernorm.weight]
Loading weights:   8%|7         | 23/292 [00:00<00:00, 1081.37it/s, Materializing param=gpt_neox.layers.1.mlp.dense_4h_to_h.bias]
Loading weights:   8%|7         | 23/292 [00:00<00:00, 1072.77it/s, Materializing param=gpt_neox.layers.1.mlp.dense_4h_to_h.bias]
Loading weights:   8%|8         | 24/292 [00:00<00:00, 1111.41it/s, Materializing param=gpt_neox.layers.1.mlp.dense_4h_to_h.weight]
Loading weights:   8%|8         | 24/292 [00:00<00:00, 1104.03it/s, Materializing param=gpt_neox.layers.1.mlp.dense_4h_to_h.weight]
Loading weights:   9%|8         | 25/292 [00:00<00:00, 1141.94it/s, Materializing param=gpt_neox.layers.1.mlp.dense_h_to_4h.bias]  
Loading weights:   9%|8         | 25/292 [00:00<00:00, 1121.34it/s, Materializing param=gpt_neox.layers.1.mlp.dense_h_to_4h.bias]
Loading weights:   9%|8         | 26/292 [00:00<00:00, 1150.86it/s, Materializing param=gpt_neox.layers.1.mlp.dense_h_to_4h.weight]
Loading weights:   9%|8         | 26/292 [00:00<00:00, 1133.64it/s, Materializing param=gpt_neox.layers.1.mlp.dense_h_to_4h.weight]
Loading weights:   9%|9         | 27/292 [00:00<00:00, 1163.73it/s, Materializing param=gpt_neox.layers.1.post_attention_layernorm.bias]
Loading weights:   9%|9         | 27/292 [00:00<00:00, 1151.00it/s, Materializing param=gpt_neox.layers.1.post_attention_layernorm.bias]
Loading weights:  10%|9         | 28/292 [00:00<00:00, 1178.16it/s, Materializing param=gpt_neox.layers.1.post_attention_layernorm.weight]
Loading weights:  10%|9         | 28/292 [00:00<00:00, 1169.61it/s, Materializing param=gpt_neox.layers.1.post_attention_layernorm.weight]
Loading weights:  10%|9         | 29/292 [00:00<00:00, 1187.56it/s, Materializing param=gpt_neox.layers.2.attention.dense.bias]           
Loading weights:  10%|9         | 29/292 [00:00<00:00, 1182.22it/s, Materializing param=gpt_neox.layers.2.attention.dense.bias]
Loading weights:  10%|#         | 30/292 [00:00<00:00, 1210.37it/s, Materializing param=gpt_neox.layers.2.attention.dense.weight]
Loading weights:  10%|#         | 30/292 [00:00<00:00, 1187.68it/s, Materializing param=gpt_neox.layers.2.attention.dense.weight]
Loading weights:  11%|#         | 31/292 [00:00<00:00, 1189.63it/s, Materializing param=gpt_neox.layers.2.attention.query_key_value.bias]
Loading weights:  11%|#         | 31/292 [00:00<00:00, 1170.45it/s, Materializing param=gpt_neox.layers.2.attention.query_key_value.bias]
Loading weights:  11%|#         | 32/292 [00:00<00:00, 1182.73it/s, Materializing param=gpt_neox.layers.2.attention.query_key_value.weight]
Loading weights:  11%|#         | 32/292 [00:00<00:00, 1155.70it/s, Materializing param=gpt_neox.layers.2.attention.query_key_value.weight]
Loading weights:  11%|#1        | 33/292 [00:00<00:00, 1141.99it/s, Materializing param=gpt_neox.layers.2.input_layernorm.bias]            
Loading weights:  11%|#1        | 33/292 [00:00<00:00, 1139.06it/s, Materializing param=gpt_neox.layers.2.input_layernorm.bias]
Loading weights:  12%|#1        | 34/292 [00:00<00:00, 1158.35it/s, Materializing param=gpt_neox.layers.2.input_layernorm.weight]
Loading weights:  12%|#1        | 34/292 [00:00<00:00, 1155.67it/s, Materializing param=gpt_neox.layers.2.input_layernorm.weight]
Loading weights:  12%|#1        | 35/292 [00:00<00:00, 1184.63it/s, Materializing param=gpt_neox.layers.2.mlp.dense_4h_to_h.bias]
Loading weights:  12%|#1        | 35/292 [00:00<00:00, 1177.63it/s, Materializing param=gpt_neox.layers.2.mlp.dense_4h_to_h.bias]
Loading weights:  12%|#2        | 36/292 [00:00<00:00, 1196.15it/s, Materializing param=gpt_neox.layers.2.mlp.dense_4h_to_h.weight]
Loading weights:  12%|#2        | 36/292 [00:00<00:00, 1193.48it/s, Materializing param=gpt_neox.layers.2.mlp.dense_4h_to_h.weight]
Loading weights:  13%|#2        | 37/292 [00:00<00:00, 1219.09it/s, Materializing param=gpt_neox.layers.2.mlp.dense_h_to_4h.bias]  
Loading weights:  13%|#2        | 37/292 [00:00<00:00, 1216.46it/s, Materializing param=gpt_neox.layers.2.mlp.dense_h_to_4h.bias]
Loading weights:  13%|#3        | 38/292 [00:00<00:00, 1240.87it/s, Materializing param=gpt_neox.layers.2.mlp.dense_h_to_4h.weight]
Loading weights:  13%|#3        | 38/292 [00:00<00:00, 1221.47it/s, Materializing param=gpt_neox.layers.2.mlp.dense_h_to_4h.weight]
Loading weights:  13%|#3        | 39/292 [00:00<00:00, 1247.69it/s, Materializing param=gpt_neox.layers.2.post_attention_layernorm.bias]
Loading weights:  13%|#3        | 39/292 [00:00<00:00, 1242.15it/s, Materializing param=gpt_neox.layers.2.post_attention_layernorm.bias]
Loading weights:  14%|#3        | 40/292 [00:00<00:00, 1264.18it/s, Materializing param=gpt_neox.layers.2.post_attention_layernorm.weight]
Loading weights:  14%|#3        | 40/292 [00:00<00:00, 1232.16it/s, Materializing param=gpt_neox.layers.2.post_attention_layernorm.weight]
Loading weights:  14%|#4        | 41/292 [00:00<00:00, 1236.49it/s, Materializing param=gpt_neox.layers.3.attention.dense.bias]           
Loading weights:  14%|#4        | 41/292 [00:00<00:00, 1226.47it/s, Materializing param=gpt_neox.layers.3.attention.dense.bias]
Loading weights:  14%|#4        | 42/292 [00:00<00:00, 1218.50it/s, Materializing param=gpt_neox.layers.3.attention.dense.weight]
Loading weights:  14%|#4        | 42/292 [00:00<00:00, 1212.08it/s, Materializing param=gpt_neox.layers.3.attention.dense.weight]
Loading weights:  15%|#4        | 43/292 [00:00<00:00, 1230.02it/s, Materializing param=gpt_neox.layers.3.attention.query_key_value.bias]
Loading weights:  15%|#4        | 43/292 [00:00<00:00, 1224.69it/s, Materializing param=gpt_neox.layers.3.attention.query_key_value.bias]
Loading weights:  15%|#5        | 44/292 [00:00<00:00, 1234.65it/s, Materializing param=gpt_neox.layers.3.attention.query_key_value.weight]
Loading weights:  15%|#5        | 44/292 [00:00<00:00, 1218.82it/s, Materializing param=gpt_neox.layers.3.attention.query_key_value.weight]
Loading weights:  15%|#5        | 45/292 [00:00<00:00, 1233.42it/s, Materializing param=gpt_neox.layers.3.input_layernorm.bias]            
Loading weights:  15%|#5        | 45/292 [00:00<00:00, 1228.19it/s, Materializing param=gpt_neox.layers.3.input_layernorm.bias]
Loading weights:  16%|#5        | 46/292 [00:00<00:00, 1239.28it/s, Materializing param=gpt_neox.layers.3.input_layernorm.weight]
Loading weights:  16%|#5        | 46/292 [00:00<00:00, 1234.18it/s, Materializing param=gpt_neox.layers.3.input_layernorm.weight]
Loading weights:  16%|#6        | 47/292 [00:00<00:00, 1251.04it/s, Materializing param=gpt_neox.layers.3.mlp.dense_4h_to_h.bias]
Loading weights:  16%|#6        | 47/292 [00:00<00:00, 1248.72it/s, Materializing param=gpt_neox.layers.3.mlp.dense_4h_to_h.bias]
Loading weights:  16%|#6        | 48/292 [00:00<00:00, 1267.86it/s, Materializing param=gpt_neox.layers.3.mlp.dense_4h_to_h.weight]
Loading weights:  16%|#6        | 48/292 [00:00<00:00, 1265.62it/s, Materializing param=gpt_neox.layers.3.mlp.dense_4h_to_h.weight]
Loading weights:  17%|#6        | 49/292 [00:00<00:00, 1286.48it/s, Materializing param=gpt_neox.layers.3.mlp.dense_h_to_4h.bias]  
Loading weights:  17%|#6        | 49/292 [00:00<00:00, 1284.30it/s, Materializing param=gpt_neox.layers.3.mlp.dense_h_to_4h.bias]
Loading weights:  17%|#7        | 50/292 [00:00<00:00, 1303.37it/s, Materializing param=gpt_neox.layers.3.mlp.dense_h_to_4h.weight]
Loading weights:  17%|#7        | 50/292 [00:00<00:00, 1301.21it/s, Materializing param=gpt_neox.layers.3.mlp.dense_h_to_4h.weight]
Loading weights:  17%|#7        | 51/292 [00:00<00:00, 1322.94it/s, Materializing param=gpt_neox.layers.3.post_attention_layernorm.bias]
Loading weights:  17%|#7        | 51/292 [00:00<00:00, 1313.25it/s, Materializing param=gpt_neox.layers.3.post_attention_layernorm.bias]
Loading weights:  18%|#7        | 52/292 [00:00<00:00, 1324.34it/s, Materializing param=gpt_neox.layers.3.post_attention_layernorm.weight]
Loading weights:  18%|#7        | 52/292 [00:00<00:00, 1319.43it/s, Materializing param=gpt_neox.layers.3.post_attention_layernorm.weight]
Loading weights:  18%|#8        | 53/292 [00:00<00:00, 1336.21it/s, Materializing param=gpt_neox.layers.4.attention.dense.bias]           
Loading weights:  18%|#8        | 53/292 [00:00<00:00, 1333.11it/s, Materializing param=gpt_neox.layers.4.attention.dense.bias]
Loading weights:  18%|#8        | 54/292 [00:00<00:00, 1353.96it/s, Materializing param=gpt_neox.layers.4.attention.dense.weight]
Loading weights:  18%|#8        | 54/292 [00:00<00:00, 1351.78it/s, Materializing param=gpt_neox.layers.4.attention.dense.weight]
Loading weights:  19%|#8        | 55/292 [00:00<00:00, 1372.83it/s, Materializing param=gpt_neox.layers.4.attention.query_key_value.bias]
Loading weights:  19%|#8        | 55/292 [00:00<00:00, 1370.74it/s, Materializing param=gpt_neox.layers.4.attention.query_key_value.bias]
Loading weights:  19%|#9        | 56/292 [00:00<00:00, 1391.92it/s, Materializing param=gpt_neox.layers.4.attention.query_key_value.weight]
Loading weights:  19%|#9        | 56/292 [00:00<00:00, 1389.82it/s, Materializing param=gpt_neox.layers.4.attention.query_key_value.weight]
Loading weights:  20%|#9        | 57/292 [00:00<00:00, 1410.91it/s, Materializing param=gpt_neox.layers.4.input_layernorm.bias]            
Loading weights:  20%|#9        | 57/292 [00:00<00:00, 1408.85it/s, Materializing param=gpt_neox.layers.4.input_layernorm.bias]
Loading weights:  20%|#9        | 58/292 [00:00<00:00, 1429.93it/s, Materializing param=gpt_neox.layers.4.input_layernorm.weight]
Loading weights:  20%|#9        | 58/292 [00:00<00:00, 1427.90it/s, Materializing param=gpt_neox.layers.4.input_layernorm.weight]
Loading weights:  20%|##        | 59/292 [00:00<00:00, 1448.88it/s, Materializing param=gpt_neox.layers.4.mlp.dense_4h_to_h.bias]
Loading weights:  20%|##        | 59/292 [00:00<00:00, 1446.83it/s, Materializing param=gpt_neox.layers.4.mlp.dense_4h_to_h.bias]
Loading weights:  21%|##        | 60/292 [00:00<00:00, 1467.59it/s, Materializing param=gpt_neox.layers.4.mlp.dense_4h_to_h.weight]
Loading weights:  21%|##        | 60/292 [00:00<00:00, 1465.52it/s, Materializing param=gpt_neox.layers.4.mlp.dense_4h_to_h.weight]
Loading weights:  21%|##        | 61/292 [00:00<00:00, 1486.20it/s, Materializing param=gpt_neox.layers.4.mlp.dense_h_to_4h.bias]  
Loading weights:  21%|##        | 61/292 [00:00<00:00, 1484.12it/s, Materializing param=gpt_neox.layers.4.mlp.dense_h_to_4h.bias]
Loading weights:  21%|##1       | 62/292 [00:00<00:00, 1504.64it/s, Materializing param=gpt_neox.layers.4.mlp.dense_h_to_4h.weight]
Loading weights:  21%|##1       | 62/292 [00:00<00:00, 1502.44it/s, Materializing param=gpt_neox.layers.4.mlp.dense_h_to_4h.weight]
Loading weights:  22%|##1       | 63/292 [00:00<00:00, 1522.63it/s, Materializing param=gpt_neox.layers.4.post_attention_layernorm.bias]
Loading weights:  22%|##1       | 63/292 [00:00<00:00, 1520.44it/s, Materializing param=gpt_neox.layers.4.post_attention_layernorm.bias]
Loading weights:  22%|##1       | 64/292 [00:00<00:00, 1540.39it/s, Materializing param=gpt_neox.layers.4.post_attention_layernorm.weight]
Loading weights:  22%|##1       | 64/292 [00:00<00:00, 1538.18it/s, Materializing param=gpt_neox.layers.4.post_attention_layernorm.weight]
Loading weights:  22%|##2       | 65/292 [00:00<00:00, 1558.34it/s, Materializing param=gpt_neox.layers.5.attention.dense.bias]           
Loading weights:  22%|##2       | 65/292 [00:00<00:00, 1556.17it/s, Materializing param=gpt_neox.layers.5.attention.dense.bias]
Loading weights:  23%|##2       | 66/292 [00:00<00:00, 1576.16it/s, Materializing param=gpt_neox.layers.5.attention.dense.weight]
Loading weights:  23%|##2       | 66/292 [00:00<00:00, 1571.61it/s, Materializing param=gpt_neox.layers.5.attention.dense.weight]
Loading weights:  23%|##2       | 67/292 [00:00<00:00, 1583.76it/s, Materializing param=gpt_neox.layers.5.attention.query_key_value.bias]
Loading weights:  23%|##2       | 67/292 [00:00<00:00, 1576.45it/s, Materializing param=gpt_neox.layers.5.attention.query_key_value.bias]
Loading weights:  23%|##3       | 68/292 [00:00<00:00, 1591.35it/s, Materializing param=gpt_neox.layers.5.attention.query_key_value.weight]
Loading weights:  23%|##3       | 68/292 [00:00<00:00, 1588.41it/s, Materializing param=gpt_neox.layers.5.attention.query_key_value.weight]
Loading weights:  24%|##3       | 69/292 [00:00<00:00, 1603.67it/s, Materializing param=gpt_neox.layers.5.input_layernorm.bias]            
Loading weights:  24%|##3       | 69/292 [00:00<00:00, 1600.28it/s, Materializing param=gpt_neox.layers.5.input_layernorm.bias]
Loading weights:  24%|##3       | 70/292 [00:00<00:00, 1608.79it/s, Materializing param=gpt_neox.layers.5.input_layernorm.weight]
Loading weights:  24%|##3       | 70/292 [00:00<00:00, 1604.36it/s, Materializing param=gpt_neox.layers.5.input_layernorm.weight]
Loading weights:  24%|##4       | 71/292 [00:00<00:00, 1616.87it/s, Materializing param=gpt_neox.layers.5.mlp.dense_4h_to_h.bias]
Loading weights:  24%|##4       | 71/292 [00:00<00:00, 1611.78it/s, Materializing param=gpt_neox.layers.5.mlp.dense_4h_to_h.bias]
Loading weights:  25%|##4       | 72/292 [00:00<00:00, 1614.04it/s, Materializing param=gpt_neox.layers.5.mlp.dense_4h_to_h.weight]
Loading weights:  25%|##4       | 72/292 [00:00<00:00, 1610.13it/s, Materializing param=gpt_neox.layers.5.mlp.dense_4h_to_h.weight]
Loading weights:  25%|##5       | 73/292 [00:00<00:00, 1616.17it/s, Materializing param=gpt_neox.layers.5.mlp.dense_h_to_4h.bias]  
Loading weights:  25%|##5       | 73/292 [00:00<00:00, 1611.33it/s, Materializing param=gpt_neox.layers.5.mlp.dense_h_to_4h.bias]
Loading weights:  25%|##5       | 74/292 [00:00<00:00, 1623.25it/s, Materializing param=gpt_neox.layers.5.mlp.dense_h_to_4h.weight]
Loading weights:  25%|##5       | 74/292 [00:00<00:00, 1620.93it/s, Materializing param=gpt_neox.layers.5.mlp.dense_h_to_4h.weight]
Loading weights:  26%|##5       | 75/292 [00:00<00:00, 1637.01it/s, Materializing param=gpt_neox.layers.5.post_attention_layernorm.bias]
Loading weights:  26%|##5       | 75/292 [00:00<00:00, 1633.19it/s, Materializing param=gpt_neox.layers.5.post_attention_layernorm.bias]
Loading weights:  26%|##6       | 76/292 [00:00<00:00, 1644.83it/s, Materializing param=gpt_neox.layers.5.post_attention_layernorm.weight]
Loading weights:  26%|##6       | 76/292 [00:00<00:00, 1639.90it/s, Materializing param=gpt_neox.layers.5.post_attention_layernorm.weight]
Loading weights:  26%|##6       | 77/292 [00:00<00:00, 1651.88it/s, Materializing param=gpt_neox.layers.6.attention.dense.bias]           
Loading weights:  26%|##6       | 77/292 [00:00<00:00, 1646.82it/s, Materializing param=gpt_neox.layers.6.attention.dense.bias]
Loading weights:  27%|##6       | 78/292 [00:00<00:00, 1655.32it/s, Materializing param=gpt_neox.layers.6.attention.dense.weight]
Loading weights:  27%|##6       | 78/292 [00:00<00:00, 1648.98it/s, Materializing param=gpt_neox.layers.6.attention.dense.weight]
Loading weights:  27%|##7       | 79/292 [00:00<00:00, 1660.93it/s, Materializing param=gpt_neox.layers.6.attention.query_key_value.bias]
Loading weights:  27%|##7       | 79/292 [00:00<00:00, 1651.63it/s, Materializing param=gpt_neox.layers.6.attention.query_key_value.bias]
Loading weights:  27%|##7       | 80/292 [00:00<00:00, 1663.07it/s, Materializing param=gpt_neox.layers.6.attention.query_key_value.weight]
Loading weights:  27%|##7       | 80/292 [00:00<00:00, 1658.29it/s, Materializing param=gpt_neox.layers.6.attention.query_key_value.weight]
Loading weights:  28%|##7       | 81/292 [00:00<00:00, 1665.80it/s, Materializing param=gpt_neox.layers.6.input_layernorm.bias]            
Loading weights:  28%|##7       | 81/292 [00:00<00:00, 1657.33it/s, Materializing param=gpt_neox.layers.6.input_layernorm.bias]
Loading weights:  28%|##8       | 82/292 [00:00<00:00, 1669.84it/s, Materializing param=gpt_neox.layers.6.input_layernorm.weight]
Loading weights:  28%|##8       | 82/292 [00:00<00:00, 1663.81it/s, Materializing param=gpt_neox.layers.6.input_layernorm.weight]
Loading weights:  28%|##8       | 83/292 [00:00<00:00, 1665.45it/s, Materializing param=gpt_neox.layers.6.mlp.dense_4h_to_h.bias]
Loading weights:  28%|##8       | 83/292 [00:00<00:00, 1660.71it/s, Materializing param=gpt_neox.layers.6.mlp.dense_4h_to_h.bias]
Loading weights:  29%|##8       | 84/292 [00:00<00:00, 1667.98it/s, Materializing param=gpt_neox.layers.6.mlp.dense_4h_to_h.weight]
Loading weights:  29%|##8       | 84/292 [00:00<00:00, 1665.32it/s, Materializing param=gpt_neox.layers.6.mlp.dense_4h_to_h.weight]
Loading weights:  29%|##9       | 85/292 [00:00<00:00, 1678.80it/s, Materializing param=gpt_neox.layers.6.mlp.dense_h_to_4h.bias]  
Loading weights:  29%|##9       | 85/292 [00:00<00:00, 1674.62it/s, Materializing param=gpt_neox.layers.6.mlp.dense_h_to_4h.bias]
Loading weights:  29%|##9       | 86/292 [00:00<00:00, 1654.75it/s, Materializing param=gpt_neox.layers.6.mlp.dense_h_to_4h.weight]
Loading weights:  29%|##9       | 86/292 [00:00<00:00, 1651.81it/s, Materializing param=gpt_neox.layers.6.mlp.dense_h_to_4h.weight]
Loading weights:  30%|##9       | 87/292 [00:00<00:00, 1666.71it/s, Materializing param=gpt_neox.layers.6.post_attention_layernorm.bias]
Loading weights:  30%|##9       | 87/292 [00:00<00:00, 1664.63it/s, Materializing param=gpt_neox.layers.6.post_attention_layernorm.bias]
Loading weights:  30%|###       | 88/292 [00:00<00:00, 1680.10it/s, Materializing param=gpt_neox.layers.6.post_attention_layernorm.weight]
Loading weights:  30%|###       | 88/292 [00:00<00:00, 1677.90it/s, Materializing param=gpt_neox.layers.6.post_attention_layernorm.weight]
Loading weights:  30%|###       | 89/292 [00:00<00:00, 1691.16it/s, Materializing param=gpt_neox.layers.7.attention.dense.bias]           
Loading weights:  30%|###       | 89/292 [00:00<00:00, 1688.86it/s, Materializing param=gpt_neox.layers.7.attention.dense.bias]
Loading weights:  31%|###       | 90/292 [00:00<00:00, 1703.84it/s, Materializing param=gpt_neox.layers.7.attention.dense.weight]
Loading weights:  31%|###       | 90/292 [00:00<00:00, 1701.81it/s, Materializing param=gpt_neox.layers.7.attention.dense.weight]
Loading weights:  31%|###1      | 91/292 [00:00<00:00, 1717.14it/s, Materializing param=gpt_neox.layers.7.attention.query_key_value.bias]
Loading weights:  31%|###1      | 91/292 [00:00<00:00, 1715.13it/s, Materializing param=gpt_neox.layers.7.attention.query_key_value.bias]
Loading weights:  32%|###1      | 92/292 [00:00<00:00, 1730.38it/s, Materializing param=gpt_neox.layers.7.attention.query_key_value.weight]
Loading weights:  32%|###1      | 92/292 [00:00<00:00, 1728.38it/s, Materializing param=gpt_neox.layers.7.attention.query_key_value.weight]
Loading weights:  32%|###1      | 93/292 [00:00<00:00, 1743.68it/s, Materializing param=gpt_neox.layers.7.input_layernorm.bias]            
Loading weights:  32%|###1      | 93/292 [00:00<00:00, 1741.71it/s, Materializing param=gpt_neox.layers.7.input_layernorm.bias]
Loading weights:  32%|###2      | 94/292 [00:00<00:00, 1756.93it/s, Materializing param=gpt_neox.layers.7.input_layernorm.weight]
Loading weights:  32%|###2      | 94/292 [00:00<00:00, 1755.00it/s, Materializing param=gpt_neox.layers.7.input_layernorm.weight]
Loading weights:  33%|###2      | 95/292 [00:00<00:00, 1770.33it/s, Materializing param=gpt_neox.layers.7.mlp.dense_4h_to_h.bias]
Loading weights:  33%|###2      | 95/292 [00:00<00:00, 1768.43it/s, Materializing param=gpt_neox.layers.7.mlp.dense_4h_to_h.bias]
Loading weights:  33%|###2      | 96/292 [00:00<00:00, 1783.52it/s, Materializing param=gpt_neox.layers.7.mlp.dense_4h_to_h.weight]
Loading weights:  33%|###2      | 96/292 [00:00<00:00, 1781.61it/s, Materializing param=gpt_neox.layers.7.mlp.dense_4h_to_h.weight]
Loading weights:  33%|###3      | 97/292 [00:00<00:00, 1796.70it/s, Materializing param=gpt_neox.layers.7.mlp.dense_h_to_4h.bias]  
Loading weights:  33%|###3      | 97/292 [00:00<00:00, 1794.74it/s, Materializing param=gpt_neox.layers.7.mlp.dense_h_to_4h.bias]
Loading weights:  34%|###3      | 98/292 [00:00<00:00, 1809.78it/s, Materializing param=gpt_neox.layers.7.mlp.dense_h_to_4h.weight]
Loading weights:  34%|###3      | 98/292 [00:00<00:00, 1807.55it/s, Materializing param=gpt_neox.layers.7.mlp.dense_h_to_4h.weight]
Loading weights:  34%|###3      | 99/292 [00:00<00:00, 1822.27it/s, Materializing param=gpt_neox.layers.7.post_attention_layernorm.bias]
Loading weights:  34%|###3      | 99/292 [00:00<00:00, 1820.29it/s, Materializing param=gpt_neox.layers.7.post_attention_layernorm.bias]
Loading weights:  34%|###4      | 100/292 [00:00<00:00, 1835.16it/s, Materializing param=gpt_neox.layers.7.post_attention_layernorm.weight]
Loading weights:  34%|###4      | 100/292 [00:00<00:00, 1833.18it/s, Materializing param=gpt_neox.layers.7.post_attention_layernorm.weight]
Loading weights:  35%|###4      | 101/292 [00:00<00:00, 1848.02it/s, Materializing param=gpt_neox.layers.8.attention.dense.bias]           
Loading weights:  35%|###4      | 101/292 [00:00<00:00, 1846.04it/s, Materializing param=gpt_neox.layers.8.attention.dense.bias]
Loading weights:  35%|###4      | 102/292 [00:00<00:00, 1860.71it/s, Materializing param=gpt_neox.layers.8.attention.dense.weight]
Loading weights:  35%|###4      | 102/292 [00:00<00:00, 1858.70it/s, Materializing param=gpt_neox.layers.8.attention.dense.weight]
Loading weights:  35%|###5      | 103/292 [00:00<00:00, 1873.36it/s, Materializing param=gpt_neox.layers.8.attention.query_key_value.bias]
Loading weights:  35%|###5      | 103/292 [00:00<00:00, 1871.32it/s, Materializing param=gpt_neox.layers.8.attention.query_key_value.bias]
Loading weights:  36%|###5      | 104/292 [00:00<00:00, 1885.89it/s, Materializing param=gpt_neox.layers.8.attention.query_key_value.weight]
Loading weights:  36%|###5      | 104/292 [00:00<00:00, 1883.97it/s, Materializing param=gpt_neox.layers.8.attention.query_key_value.weight]
Loading weights:  36%|###5      | 105/292 [00:00<00:00, 1898.63it/s, Materializing param=gpt_neox.layers.8.input_layernorm.bias]            
Loading weights:  36%|###5      | 105/292 [00:00<00:00, 1896.76it/s, Materializing param=gpt_neox.layers.8.input_layernorm.bias]
Loading weights:  36%|###6      | 106/292 [00:00<00:00, 1911.45it/s, Materializing param=gpt_neox.layers.8.input_layernorm.weight]
Loading weights:  36%|###6      | 106/292 [00:00<00:00, 1909.61it/s, Materializing param=gpt_neox.layers.8.input_layernorm.weight]
Loading weights:  37%|###6      | 107/292 [00:00<00:00, 1924.09it/s, Materializing param=gpt_neox.layers.8.mlp.dense_4h_to_h.bias]
Loading weights:  37%|###6      | 107/292 [00:00<00:00, 1922.04it/s, Materializing param=gpt_neox.layers.8.mlp.dense_4h_to_h.bias]
Loading weights:  37%|###6      | 108/292 [00:00<00:00, 1936.27it/s, Materializing param=gpt_neox.layers.8.mlp.dense_4h_to_h.weight]
Loading weights:  37%|###6      | 108/292 [00:00<00:00, 1934.28it/s, Materializing param=gpt_neox.layers.8.mlp.dense_4h_to_h.weight]
Loading weights:  37%|###7      | 109/292 [00:00<00:00, 1948.66it/s, Materializing param=gpt_neox.layers.8.mlp.dense_h_to_4h.bias]  
Loading weights:  37%|###7      | 109/292 [00:00<00:00, 1946.65it/s, Materializing param=gpt_neox.layers.8.mlp.dense_h_to_4h.bias]
Loading weights:  38%|###7      | 110/292 [00:00<00:00, 1960.95it/s, Materializing param=gpt_neox.layers.8.mlp.dense_h_to_4h.weight]
Loading weights:  38%|###7      | 110/292 [00:00<00:00, 1958.92it/s, Materializing param=gpt_neox.layers.8.mlp.dense_h_to_4h.weight]
Loading weights:  38%|###8      | 111/292 [00:00<00:00, 1972.90it/s, Materializing param=gpt_neox.layers.8.post_attention_layernorm.bias]
Loading weights:  38%|###8      | 111/292 [00:00<00:00, 1970.83it/s, Materializing param=gpt_neox.layers.8.post_attention_layernorm.bias]
Loading weights:  38%|###8      | 112/292 [00:00<00:00, 1984.92it/s, Materializing param=gpt_neox.layers.8.post_attention_layernorm.weight]
Loading weights:  38%|###8      | 112/292 [00:00<00:00, 1982.80it/s, Materializing param=gpt_neox.layers.8.post_attention_layernorm.weight]
Loading weights:  39%|###8      | 113/292 [00:00<00:00, 1996.88it/s, Materializing param=gpt_neox.layers.9.attention.dense.bias]           
Loading weights:  39%|###8      | 113/292 [00:00<00:00, 1994.82it/s, Materializing param=gpt_neox.layers.9.attention.dense.bias]
Loading weights:  39%|###9      | 114/292 [00:00<00:00, 2008.82it/s, Materializing param=gpt_neox.layers.9.attention.dense.weight]
Loading weights:  39%|###9      | 114/292 [00:00<00:00, 2006.73it/s, Materializing param=gpt_neox.layers.9.attention.dense.weight]
Loading weights:  39%|###9      | 115/292 [00:00<00:00, 2020.45it/s, Materializing param=gpt_neox.layers.9.attention.query_key_value.bias]
Loading weights:  39%|###9      | 115/292 [00:00<00:00, 2018.37it/s, Materializing param=gpt_neox.layers.9.attention.query_key_value.bias]
Loading weights:  40%|###9      | 116/292 [00:00<00:00, 2032.22it/s, Materializing param=gpt_neox.layers.9.attention.query_key_value.weight]
Loading weights:  40%|###9      | 116/292 [00:00<00:00, 2030.13it/s, Materializing param=gpt_neox.layers.9.attention.query_key_value.weight]
Loading weights:  40%|####      | 117/292 [00:00<00:00, 2043.97it/s, Materializing param=gpt_neox.layers.9.input_layernorm.bias]            
Loading weights:  40%|####      | 117/292 [00:00<00:00, 2041.92it/s, Materializing param=gpt_neox.layers.9.input_layernorm.bias]
Loading weights:  40%|####      | 118/292 [00:00<00:00, 2055.68it/s, Materializing param=gpt_neox.layers.9.input_layernorm.weight]
Loading weights:  40%|####      | 118/292 [00:00<00:00, 2053.63it/s, Materializing param=gpt_neox.layers.9.input_layernorm.weight]
Loading weights:  41%|####      | 119/292 [00:00<00:00, 2067.43it/s, Materializing param=gpt_neox.layers.9.mlp.dense_4h_to_h.bias]
Loading weights:  41%|####      | 119/292 [00:00<00:00, 2065.36it/s, Materializing param=gpt_neox.layers.9.mlp.dense_4h_to_h.bias]
Loading weights:  41%|####1     | 120/292 [00:00<00:00, 2079.03it/s, Materializing param=gpt_neox.layers.9.mlp.dense_4h_to_h.weight]
Loading weights:  41%|####1     | 120/292 [00:00<00:00, 2076.95it/s, Materializing param=gpt_neox.layers.9.mlp.dense_4h_to_h.weight]
Loading weights:  41%|####1     | 121/292 [00:00<00:00, 2090.53it/s, Materializing param=gpt_neox.layers.9.mlp.dense_h_to_4h.bias]  
Loading weights:  41%|####1     | 121/292 [00:00<00:00, 2088.44it/s, Materializing param=gpt_neox.layers.9.mlp.dense_h_to_4h.bias]
Loading weights:  42%|####1     | 122/292 [00:00<00:00, 2102.01it/s, Materializing param=gpt_neox.layers.9.mlp.dense_h_to_4h.weight]
Loading weights:  42%|####1     | 122/292 [00:00<00:00, 2099.86it/s, Materializing param=gpt_neox.layers.9.mlp.dense_h_to_4h.weight]
Loading weights:  42%|####2     | 123/292 [00:00<00:00, 2112.86it/s, Materializing param=gpt_neox.layers.9.post_attention_layernorm.bias]
Loading weights:  42%|####2     | 123/292 [00:00<00:00, 2110.71it/s, Materializing param=gpt_neox.layers.9.post_attention_layernorm.bias]
Loading weights:  42%|####2     | 124/292 [00:00<00:00, 2124.10it/s, Materializing param=gpt_neox.layers.9.post_attention_layernorm.weight]
Loading weights:  42%|####2     | 124/292 [00:00<00:00, 2121.97it/s, Materializing param=gpt_neox.layers.9.post_attention_layernorm.weight]
Loading weights:  43%|####2     | 125/292 [00:00<00:00, 2135.27it/s, Materializing param=gpt_neox.layers.10.attention.dense.bias]          
Loading weights:  43%|####2     | 125/292 [00:00<00:00, 2133.15it/s, Materializing param=gpt_neox.layers.10.attention.dense.bias]
Loading weights:  43%|####3     | 126/292 [00:00<00:00, 2139.82it/s, Materializing param=gpt_neox.layers.10.attention.dense.weight]
Loading weights:  43%|####3     | 126/292 [00:00<00:00, 2136.76it/s, Materializing param=gpt_neox.layers.10.attention.dense.weight]
Loading weights:  43%|####3     | 127/292 [00:00<00:00, 2145.66it/s, Materializing param=gpt_neox.layers.10.attention.query_key_value.bias]
Loading weights:  43%|####3     | 127/292 [00:00<00:00, 2142.30it/s, Materializing param=gpt_neox.layers.10.attention.query_key_value.bias]
Loading weights:  44%|####3     | 128/292 [00:00<00:00, 2152.40it/s, Materializing param=gpt_neox.layers.10.attention.query_key_value.weight]
Loading weights:  44%|####3     | 128/292 [00:00<00:00, 2149.97it/s, Materializing param=gpt_neox.layers.10.attention.query_key_value.weight]
Loading weights:  44%|####4     | 129/292 [00:00<00:00, 2161.24it/s, Materializing param=gpt_neox.layers.10.input_layernorm.bias]            
Loading weights:  44%|####4     | 129/292 [00:00<00:00, 2158.37it/s, Materializing param=gpt_neox.layers.10.input_layernorm.bias]
Loading weights:  45%|####4     | 130/292 [00:00<00:00, 2162.72it/s, Materializing param=gpt_neox.layers.10.input_layernorm.weight]
Loading weights:  45%|####4     | 130/292 [00:00<00:00, 2159.20it/s, Materializing param=gpt_neox.layers.10.input_layernorm.weight]
Loading weights:  45%|####4     | 131/292 [00:00<00:00, 2171.01it/s, Materializing param=gpt_neox.layers.10.mlp.dense_4h_to_h.bias]
Loading weights:  45%|####4     | 131/292 [00:00<00:00, 2168.73it/s, Materializing param=gpt_neox.layers.10.mlp.dense_4h_to_h.bias]
Loading weights:  45%|####5     | 132/292 [00:00<00:00, 2181.04it/s, Materializing param=gpt_neox.layers.10.mlp.dense_4h_to_h.weight]
Loading weights:  45%|####5     | 132/292 [00:00<00:00, 2178.85it/s, Materializing param=gpt_neox.layers.10.mlp.dense_4h_to_h.weight]
Loading weights:  46%|####5     | 133/292 [00:00<00:00, 2191.45it/s, Materializing param=gpt_neox.layers.10.mlp.dense_h_to_4h.bias]  
Loading weights:  46%|####5     | 133/292 [00:00<00:00, 2189.31it/s, Materializing param=gpt_neox.layers.10.mlp.dense_h_to_4h.bias]
Loading weights:  46%|####5     | 134/292 [00:00<00:00, 2201.89it/s, Materializing param=gpt_neox.layers.10.mlp.dense_h_to_4h.weight]
Loading weights:  46%|####5     | 134/292 [00:00<00:00, 2199.76it/s, Materializing param=gpt_neox.layers.10.mlp.dense_h_to_4h.weight]
Loading weights:  46%|####6     | 135/292 [00:00<00:00, 2212.06it/s, Materializing param=gpt_neox.layers.10.post_attention_layernorm.bias]
Loading weights:  46%|####6     | 135/292 [00:00<00:00, 2209.98it/s, Materializing param=gpt_neox.layers.10.post_attention_layernorm.bias]
Loading weights:  47%|####6     | 136/292 [00:00<00:00, 2222.64it/s, Materializing param=gpt_neox.layers.10.post_attention_layernorm.weight]
Loading weights:  47%|####6     | 136/292 [00:00<00:00, 2220.61it/s, Materializing param=gpt_neox.layers.10.post_attention_layernorm.weight]
Loading weights:  47%|####6     | 137/292 [00:00<00:00, 2233.28it/s, Materializing param=gpt_neox.layers.11.attention.dense.bias]           
Loading weights:  47%|####6     | 137/292 [00:00<00:00, 2231.27it/s, Materializing param=gpt_neox.layers.11.attention.dense.bias]
Loading weights:  47%|####7     | 138/292 [00:00<00:00, 2243.76it/s, Materializing param=gpt_neox.layers.11.attention.dense.weight]
Loading weights:  47%|####7     | 138/292 [00:00<00:00, 2241.75it/s, Materializing param=gpt_neox.layers.11.attention.dense.weight]
Loading weights:  48%|####7     | 139/292 [00:00<00:00, 2254.37it/s, Materializing param=gpt_neox.layers.11.attention.query_key_value.bias]
Loading weights:  48%|####7     | 139/292 [00:00<00:00, 2252.33it/s, Materializing param=gpt_neox.layers.11.attention.query_key_value.bias]
Loading weights:  48%|####7     | 140/292 [00:00<00:00, 2264.80it/s, Materializing param=gpt_neox.layers.11.attention.query_key_value.weight]
Loading weights:  48%|####7     | 140/292 [00:00<00:00, 2262.76it/s, Materializing param=gpt_neox.layers.11.attention.query_key_value.weight]
Loading weights:  48%|####8     | 141/292 [00:00<00:00, 2275.27it/s, Materializing param=gpt_neox.layers.11.input_layernorm.bias]            
Loading weights:  48%|####8     | 141/292 [00:00<00:00, 2273.28it/s, Materializing param=gpt_neox.layers.11.input_layernorm.bias]
Loading weights:  49%|####8     | 142/292 [00:00<00:00, 2285.83it/s, Materializing param=gpt_neox.layers.11.input_layernorm.weight]
Loading weights:  49%|####8     | 142/292 [00:00<00:00, 2283.82it/s, Materializing param=gpt_neox.layers.11.input_layernorm.weight]
Loading weights:  49%|####8     | 143/292 [00:00<00:00, 2296.29it/s, Materializing param=gpt_neox.layers.11.mlp.dense_4h_to_h.bias]
Loading weights:  49%|####8     | 143/292 [00:00<00:00, 2294.25it/s, Materializing param=gpt_neox.layers.11.mlp.dense_4h_to_h.bias]
Loading weights:  49%|####9     | 144/292 [00:00<00:00, 2306.51it/s, Materializing param=gpt_neox.layers.11.mlp.dense_4h_to_h.weight]
Loading weights:  49%|####9     | 144/292 [00:00<00:00, 2304.48it/s, Materializing param=gpt_neox.layers.11.mlp.dense_4h_to_h.weight]
Loading weights:  50%|####9     | 145/292 [00:00<00:00, 2316.81it/s, Materializing param=gpt_neox.layers.11.mlp.dense_h_to_4h.bias]  
Loading weights:  50%|####9     | 145/292 [00:00<00:00, 2314.82it/s, Materializing param=gpt_neox.layers.11.mlp.dense_h_to_4h.bias]
Loading weights:  50%|#####     | 146/292 [00:00<00:00, 2327.18it/s, Materializing param=gpt_neox.layers.11.mlp.dense_h_to_4h.weight]
Loading weights:  50%|#####     | 146/292 [00:00<00:00, 2325.18it/s, Materializing param=gpt_neox.layers.11.mlp.dense_h_to_4h.weight]
Loading weights:  50%|#####     | 147/292 [00:00<00:00, 2337.48it/s, Materializing param=gpt_neox.layers.11.post_attention_layernorm.bias]
Loading weights:  50%|#####     | 147/292 [00:00<00:00, 2335.46it/s, Materializing param=gpt_neox.layers.11.post_attention_layernorm.bias]
Loading weights:  51%|#####     | 148/292 [00:00<00:00, 2347.29it/s, Materializing param=gpt_neox.layers.11.post_attention_layernorm.weight]
Loading weights:  51%|#####     | 148/292 [00:00<00:00, 2345.23it/s, Materializing param=gpt_neox.layers.11.post_attention_layernorm.weight]
Loading weights:  51%|#####1    | 149/292 [00:00<00:00, 2357.35it/s, Materializing param=gpt_neox.layers.12.attention.dense.bias]           
Loading weights:  51%|#####1    | 149/292 [00:00<00:00, 2355.33it/s, Materializing param=gpt_neox.layers.12.attention.dense.bias]
Loading weights:  51%|#####1    | 150/292 [00:00<00:00, 1812.93it/s, Materializing param=gpt_neox.layers.12.attention.dense.weight]
Loading weights:  51%|#####1    | 150/292 [00:00<00:00, 1810.27it/s, Materializing param=gpt_neox.layers.12.attention.dense.weight]
Loading weights:  52%|#####1    | 151/292 [00:00<00:00, 1819.10it/s, Materializing param=gpt_neox.layers.12.attention.query_key_value.bias]
Loading weights:  52%|#####1    | 151/292 [00:00<00:00, 1817.33it/s, Materializing param=gpt_neox.layers.12.attention.query_key_value.bias]
Loading weights:  52%|#####2    | 152/292 [00:00<00:00, 1826.79it/s, Materializing param=gpt_neox.layers.12.attention.query_key_value.weight]
Loading weights:  52%|#####2    | 152/292 [00:00<00:00, 1825.42it/s, Materializing param=gpt_neox.layers.12.attention.query_key_value.weight]
Loading weights:  52%|#####2    | 153/292 [00:00<00:00, 1834.67it/s, Materializing param=gpt_neox.layers.12.input_layernorm.bias]            
Loading weights:  52%|#####2    | 153/292 [00:00<00:00, 1833.37it/s, Materializing param=gpt_neox.layers.12.input_layernorm.bias]
Loading weights:  53%|#####2    | 154/292 [00:00<00:00, 1842.97it/s, Materializing param=gpt_neox.layers.12.input_layernorm.weight]
Loading weights:  53%|#####2    | 154/292 [00:00<00:00, 1840.79it/s, Materializing param=gpt_neox.layers.12.input_layernorm.weight]
Loading weights:  53%|#####3    | 155/292 [00:00<00:00, 1849.05it/s, Materializing param=gpt_neox.layers.12.mlp.dense_4h_to_h.bias]
Loading weights:  53%|#####3    | 155/292 [00:00<00:00, 1847.57it/s, Materializing param=gpt_neox.layers.12.mlp.dense_4h_to_h.bias]
Loading weights:  53%|#####3    | 156/292 [00:00<00:00, 1856.46it/s, Materializing param=gpt_neox.layers.12.mlp.dense_4h_to_h.weight]
Loading weights:  53%|#####3    | 156/292 [00:00<00:00, 1855.03it/s, Materializing param=gpt_neox.layers.12.mlp.dense_4h_to_h.weight]
Loading weights:  54%|#####3    | 157/292 [00:00<00:00, 1864.17it/s, Materializing param=gpt_neox.layers.12.mlp.dense_h_to_4h.bias]  
Loading weights:  54%|#####3    | 157/292 [00:00<00:00, 1861.64it/s, Materializing param=gpt_neox.layers.12.mlp.dense_h_to_4h.bias]
Loading weights:  54%|#####4    | 158/292 [00:00<00:00, 1868.89it/s, Materializing param=gpt_neox.layers.12.mlp.dense_h_to_4h.weight]
Loading weights:  54%|#####4    | 158/292 [00:00<00:00, 1866.90it/s, Materializing param=gpt_neox.layers.12.mlp.dense_h_to_4h.weight]
Loading weights:  54%|#####4    | 159/292 [00:00<00:00, 1875.47it/s, Materializing param=gpt_neox.layers.12.post_attention_layernorm.bias]
Loading weights:  54%|#####4    | 159/292 [00:00<00:00, 1873.98it/s, Materializing param=gpt_neox.layers.12.post_attention_layernorm.bias]
Loading weights:  55%|#####4    | 160/292 [00:00<00:00, 1883.11it/s, Materializing param=gpt_neox.layers.12.post_attention_layernorm.weight]
Loading weights:  55%|#####4    | 160/292 [00:00<00:00, 1881.69it/s, Materializing param=gpt_neox.layers.12.post_attention_layernorm.weight]
Loading weights:  55%|#####5    | 161/292 [00:00<00:00, 1890.95it/s, Materializing param=gpt_neox.layers.13.attention.dense.bias]           
Loading weights:  55%|#####5    | 161/292 [00:00<00:00, 1889.61it/s, Materializing param=gpt_neox.layers.13.attention.dense.bias]
Loading weights:  55%|#####5    | 162/292 [00:00<00:00, 1898.83it/s, Materializing param=gpt_neox.layers.13.attention.dense.weight]
Loading weights:  55%|#####5    | 162/292 [00:00<00:00, 1897.46it/s, Materializing param=gpt_neox.layers.13.attention.dense.weight]
Loading weights:  56%|#####5    | 163/292 [00:00<00:00, 1906.76it/s, Materializing param=gpt_neox.layers.13.attention.query_key_value.bias]
Loading weights:  56%|#####5    | 163/292 [00:00<00:00, 1905.38it/s, Materializing param=gpt_neox.layers.13.attention.query_key_value.bias]
Loading weights:  56%|#####6    | 164/292 [00:00<00:00, 1914.58it/s, Materializing param=gpt_neox.layers.13.attention.query_key_value.weight]
Loading weights:  56%|#####6    | 164/292 [00:00<00:00, 1913.21it/s, Materializing param=gpt_neox.layers.13.attention.query_key_value.weight]
Loading weights:  57%|#####6    | 165/292 [00:00<00:00, 1922.43it/s, Materializing param=gpt_neox.layers.13.input_layernorm.bias]            
Loading weights:  57%|#####6    | 165/292 [00:00<00:00, 1920.95it/s, Materializing param=gpt_neox.layers.13.input_layernorm.bias]
Loading weights:  57%|#####6    | 166/292 [00:00<00:00, 1930.17it/s, Materializing param=gpt_neox.layers.13.input_layernorm.weight]
Loading weights:  57%|#####6    | 166/292 [00:00<00:00, 1928.92it/s, Materializing param=gpt_neox.layers.13.input_layernorm.weight]
Loading weights:  57%|#####7    | 167/292 [00:00<00:00, 1938.27it/s, Materializing param=gpt_neox.layers.13.mlp.dense_4h_to_h.bias]
Loading weights:  57%|#####7    | 167/292 [00:00<00:00, 1936.89it/s, Materializing param=gpt_neox.layers.13.mlp.dense_4h_to_h.bias]
Loading weights:  58%|#####7    | 168/292 [00:00<00:00, 1945.89it/s, Materializing param=gpt_neox.layers.13.mlp.dense_4h_to_h.weight]
Loading weights:  58%|#####7    | 168/292 [00:00<00:00, 1944.53it/s, Materializing param=gpt_neox.layers.13.mlp.dense_4h_to_h.weight]
Loading weights:  58%|#####7    | 169/292 [00:00<00:00, 1953.64it/s, Materializing param=gpt_neox.layers.13.mlp.dense_h_to_4h.bias]  
Loading weights:  58%|#####7    | 169/292 [00:00<00:00, 1952.30it/s, Materializing param=gpt_neox.layers.13.mlp.dense_h_to_4h.bias]
Loading weights:  58%|#####8    | 170/292 [00:00<00:00, 1960.81it/s, Materializing param=gpt_neox.layers.13.mlp.dense_h_to_4h.weight]
Loading weights:  58%|#####8    | 170/292 [00:00<00:00, 1959.54it/s, Materializing param=gpt_neox.layers.13.mlp.dense_h_to_4h.weight]
Loading weights:  59%|#####8    | 171/292 [00:00<00:00, 1968.64it/s, Materializing param=gpt_neox.layers.13.post_attention_layernorm.bias]
Loading weights:  59%|#####8    | 171/292 [00:00<00:00, 1967.27it/s, Materializing param=gpt_neox.layers.13.post_attention_layernorm.bias]
Loading weights:  59%|#####8    | 172/292 [00:00<00:00, 1976.39it/s, Materializing param=gpt_neox.layers.13.post_attention_layernorm.weight]
Loading weights:  59%|#####8    | 172/292 [00:00<00:00, 1975.02it/s, Materializing param=gpt_neox.layers.13.post_attention_layernorm.weight]
Loading weights:  59%|#####9    | 173/292 [00:00<00:00, 1984.03it/s, Materializing param=gpt_neox.layers.14.attention.dense.bias]           
Loading weights:  59%|#####9    | 173/292 [00:00<00:00, 1982.67it/s, Materializing param=gpt_neox.layers.14.attention.dense.bias]
Loading weights:  60%|#####9    | 174/292 [00:00<00:00, 1991.54it/s, Materializing param=gpt_neox.layers.14.attention.dense.weight]
Loading weights:  60%|#####9    | 174/292 [00:00<00:00, 1990.20it/s, Materializing param=gpt_neox.layers.14.attention.dense.weight]
Loading weights:  60%|#####9    | 175/292 [00:00<00:00, 1999.17it/s, Materializing param=gpt_neox.layers.14.attention.query_key_value.bias]
Loading weights:  60%|#####9    | 175/292 [00:00<00:00, 1997.80it/s, Materializing param=gpt_neox.layers.14.attention.query_key_value.bias]
Loading weights:  60%|######    | 176/292 [00:00<00:00, 2006.82it/s, Materializing param=gpt_neox.layers.14.attention.query_key_value.weight]
Loading weights:  60%|######    | 176/292 [00:00<00:00, 2005.39it/s, Materializing param=gpt_neox.layers.14.attention.query_key_value.weight]
Loading weights:  61%|######    | 177/292 [00:00<00:00, 2014.03it/s, Materializing param=gpt_neox.layers.14.input_layernorm.bias]            
Loading weights:  61%|######    | 177/292 [00:00<00:00, 2012.67it/s, Materializing param=gpt_neox.layers.14.input_layernorm.bias]
Loading weights:  61%|######    | 178/292 [00:00<00:00, 2021.62it/s, Materializing param=gpt_neox.layers.14.input_layernorm.weight]
Loading weights:  61%|######    | 178/292 [00:00<00:00, 2020.28it/s, Materializing param=gpt_neox.layers.14.input_layernorm.weight]
Loading weights:  61%|######1   | 179/292 [00:00<00:00, 2029.28it/s, Materializing param=gpt_neox.layers.14.mlp.dense_4h_to_h.bias]
Loading weights:  61%|######1   | 179/292 [00:00<00:00, 2027.92it/s, Materializing param=gpt_neox.layers.14.mlp.dense_4h_to_h.bias]
Loading weights:  62%|######1   | 180/292 [00:00<00:00, 2036.86it/s, Materializing param=gpt_neox.layers.14.mlp.dense_4h_to_h.weight]
Loading weights:  62%|######1   | 180/292 [00:00<00:00, 2035.49it/s, Materializing param=gpt_neox.layers.14.mlp.dense_4h_to_h.weight]
Loading weights:  62%|######1   | 181/292 [00:00<00:00, 2044.39it/s, Materializing param=gpt_neox.layers.14.mlp.dense_h_to_4h.bias]  
Loading weights:  62%|######1   | 181/292 [00:00<00:00, 2043.06it/s, Materializing param=gpt_neox.layers.14.mlp.dense_h_to_4h.bias]
Loading weights:  62%|######2   | 182/292 [00:00<00:00, 2052.03it/s, Materializing param=gpt_neox.layers.14.mlp.dense_h_to_4h.weight]
Loading weights:  62%|######2   | 182/292 [00:00<00:00, 2050.67it/s, Materializing param=gpt_neox.layers.14.mlp.dense_h_to_4h.weight]
Loading weights:  63%|######2   | 183/292 [00:00<00:00, 2058.61it/s, Materializing param=gpt_neox.layers.14.post_attention_layernorm.bias]
Loading weights:  63%|######2   | 183/292 [00:00<00:00, 2057.19it/s, Materializing param=gpt_neox.layers.14.post_attention_layernorm.bias]
Loading weights:  63%|######3   | 184/292 [00:00<00:00, 2066.09it/s, Materializing param=gpt_neox.layers.14.post_attention_layernorm.weight]
Loading weights:  63%|######3   | 184/292 [00:00<00:00, 2064.81it/s, Materializing param=gpt_neox.layers.14.post_attention_layernorm.weight]
Loading weights:  63%|######3   | 185/292 [00:00<00:00, 2073.76it/s, Materializing param=gpt_neox.layers.15.attention.dense.bias]           
Loading weights:  63%|######3   | 185/292 [00:00<00:00, 2072.15it/s, Materializing param=gpt_neox.layers.15.attention.dense.bias]
Loading weights:  64%|######3   | 186/292 [00:00<00:00, 2080.90it/s, Materializing param=gpt_neox.layers.15.attention.dense.weight]
Loading weights:  64%|######3   | 186/292 [00:00<00:00, 2079.61it/s, Materializing param=gpt_neox.layers.15.attention.dense.weight]
Loading weights:  64%|######4   | 187/292 [00:00<00:00, 2088.37it/s, Materializing param=gpt_neox.layers.15.attention.query_key_value.bias]
Loading weights:  64%|######4   | 187/292 [00:00<00:00, 2086.98it/s, Materializing param=gpt_neox.layers.15.attention.query_key_value.bias]
Loading weights:  64%|######4   | 188/292 [00:00<00:00, 2095.68it/s, Materializing param=gpt_neox.layers.15.attention.query_key_value.weight]
Loading weights:  64%|######4   | 188/292 [00:00<00:00, 2094.29it/s, Materializing param=gpt_neox.layers.15.attention.query_key_value.weight]
Loading weights:  65%|######4   | 189/292 [00:00<00:00, 2102.98it/s, Materializing param=gpt_neox.layers.15.input_layernorm.bias]            
Loading weights:  65%|######4   | 189/292 [00:00<00:00, 2101.44it/s, Materializing param=gpt_neox.layers.15.input_layernorm.bias]
Loading weights:  65%|######5   | 190/292 [00:00<00:00, 2110.17it/s, Materializing param=gpt_neox.layers.15.input_layernorm.weight]
Loading weights:  65%|######5   | 190/292 [00:00<00:00, 2108.89it/s, Materializing param=gpt_neox.layers.15.input_layernorm.weight]
Loading weights:  65%|######5   | 191/292 [00:00<00:00, 2117.62it/s, Materializing param=gpt_neox.layers.15.mlp.dense_4h_to_h.bias]
Loading weights:  65%|######5   | 191/292 [00:00<00:00, 2116.25it/s, Materializing param=gpt_neox.layers.15.mlp.dense_4h_to_h.bias]
Loading weights:  66%|######5   | 192/292 [00:00<00:00, 2124.89it/s, Materializing param=gpt_neox.layers.15.mlp.dense_4h_to_h.weight]
Loading weights:  66%|######5   | 192/292 [00:00<00:00, 2123.52it/s, Materializing param=gpt_neox.layers.15.mlp.dense_4h_to_h.weight]
Loading weights:  66%|######6   | 193/292 [00:00<00:00, 2132.17it/s, Materializing param=gpt_neox.layers.15.mlp.dense_h_to_4h.bias]  
Loading weights:  66%|######6   | 193/292 [00:00<00:00, 2130.76it/s, Materializing param=gpt_neox.layers.15.mlp.dense_h_to_4h.bias]
Loading weights:  66%|######6   | 194/292 [00:00<00:00, 2139.22it/s, Materializing param=gpt_neox.layers.15.mlp.dense_h_to_4h.weight]
Loading weights:  66%|######6   | 194/292 [00:00<00:00, 2137.85it/s, Materializing param=gpt_neox.layers.15.mlp.dense_h_to_4h.weight]
Loading weights:  67%|######6   | 195/292 [00:00<00:00, 2146.48it/s, Materializing param=gpt_neox.layers.15.post_attention_layernorm.bias]
Loading weights:  67%|######6   | 195/292 [00:00<00:00, 2145.17it/s, Materializing param=gpt_neox.layers.15.post_attention_layernorm.bias]
Loading weights:  67%|######7   | 196/292 [00:00<00:00, 2153.87it/s, Materializing param=gpt_neox.layers.15.post_attention_layernorm.weight]
Loading weights:  67%|######7   | 196/292 [00:00<00:00, 2152.57it/s, Materializing param=gpt_neox.layers.15.post_attention_layernorm.weight]
Loading weights:  67%|######7   | 197/292 [00:00<00:00, 2161.26it/s, Materializing param=gpt_neox.layers.16.attention.dense.bias]           
Loading weights:  67%|######7   | 197/292 [00:00<00:00, 2159.97it/s, Materializing param=gpt_neox.layers.16.attention.dense.bias]
Loading weights:  68%|######7   | 198/292 [00:00<00:00, 2168.57it/s, Materializing param=gpt_neox.layers.16.attention.dense.weight]
Loading weights:  68%|######7   | 198/292 [00:00<00:00, 2167.17it/s, Materializing param=gpt_neox.layers.16.attention.dense.weight]
Loading weights:  68%|######8   | 199/292 [00:00<00:00, 2175.60it/s, Materializing param=gpt_neox.layers.16.attention.query_key_value.bias]
Loading weights:  68%|######8   | 199/292 [00:00<00:00, 2174.19it/s, Materializing param=gpt_neox.layers.16.attention.query_key_value.bias]
Loading weights:  68%|######8   | 200/292 [00:00<00:00, 2182.54it/s, Materializing param=gpt_neox.layers.16.attention.query_key_value.weight]
Loading weights:  68%|######8   | 200/292 [00:00<00:00, 2181.15it/s, Materializing param=gpt_neox.layers.16.attention.query_key_value.weight]
Loading weights:  69%|######8   | 201/292 [00:00<00:00, 2189.62it/s, Materializing param=gpt_neox.layers.16.input_layernorm.bias]            
Loading weights:  69%|######8   | 201/292 [00:00<00:00, 2188.23it/s, Materializing param=gpt_neox.layers.16.input_layernorm.bias]
Loading weights:  69%|######9   | 202/292 [00:00<00:00, 2195.33it/s, Materializing param=gpt_neox.layers.16.input_layernorm.weight]
Loading weights:  69%|######9   | 202/292 [00:00<00:00, 2193.40it/s, Materializing param=gpt_neox.layers.16.input_layernorm.weight]
Loading weights:  70%|######9   | 203/292 [00:00<00:00, 2201.16it/s, Materializing param=gpt_neox.layers.16.mlp.dense_4h_to_h.bias]
Loading weights:  70%|######9   | 203/292 [00:00<00:00, 2199.70it/s, Materializing param=gpt_neox.layers.16.mlp.dense_4h_to_h.bias]
Loading weights:  70%|######9   | 204/292 [00:00<00:00, 2207.37it/s, Materializing param=gpt_neox.layers.16.mlp.dense_4h_to_h.weight]
Loading weights:  70%|######9   | 204/292 [00:00<00:00, 2205.88it/s, Materializing param=gpt_neox.layers.16.mlp.dense_4h_to_h.weight]
Loading weights:  70%|#######   | 205/292 [00:00<00:00, 2213.58it/s, Materializing param=gpt_neox.layers.16.mlp.dense_h_to_4h.bias]  
Loading weights:  70%|#######   | 205/292 [00:00<00:00, 2211.99it/s, Materializing param=gpt_neox.layers.16.mlp.dense_h_to_4h.bias]
Loading weights:  71%|#######   | 206/292 [00:00<00:00, 2219.25it/s, Materializing param=gpt_neox.layers.16.mlp.dense_h_to_4h.weight]
Loading weights:  71%|#######   | 206/292 [00:00<00:00, 2217.70it/s, Materializing param=gpt_neox.layers.16.mlp.dense_h_to_4h.weight]
Loading weights:  71%|#######   | 207/292 [00:00<00:00, 2225.53it/s, Materializing param=gpt_neox.layers.16.post_attention_layernorm.bias]
Loading weights:  71%|#######   | 207/292 [00:00<00:00, 2224.03it/s, Materializing param=gpt_neox.layers.16.post_attention_layernorm.bias]
Loading weights:  71%|#######1  | 208/292 [00:00<00:00, 2232.05it/s, Materializing param=gpt_neox.layers.16.post_attention_layernorm.weight]
Loading weights:  71%|#######1  | 208/292 [00:00<00:00, 2230.54it/s, Materializing param=gpt_neox.layers.16.post_attention_layernorm.weight]
Loading weights:  72%|#######1  | 209/292 [00:00<00:00, 2238.53it/s, Materializing param=gpt_neox.layers.17.attention.dense.bias]           
Loading weights:  72%|#######1  | 209/292 [00:00<00:00, 2237.09it/s, Materializing param=gpt_neox.layers.17.attention.dense.bias]
Loading weights:  72%|#######1  | 210/292 [00:00<00:00, 2245.02it/s, Materializing param=gpt_neox.layers.17.attention.dense.weight]
Loading weights:  72%|#######1  | 210/292 [00:00<00:00, 2243.55it/s, Materializing param=gpt_neox.layers.17.attention.dense.weight]
Loading weights:  72%|#######2  | 211/292 [00:00<00:00, 2250.79it/s, Materializing param=gpt_neox.layers.17.attention.query_key_value.bias]
Loading weights:  72%|#######2  | 211/292 [00:00<00:00, 2248.13it/s, Materializing param=gpt_neox.layers.17.attention.query_key_value.bias]
Loading weights:  73%|#######2  | 212/292 [00:00<00:00, 2254.07it/s, Materializing param=gpt_neox.layers.17.attention.query_key_value.weight]
Loading weights:  73%|#######2  | 212/292 [00:00<00:00, 2252.20it/s, Materializing param=gpt_neox.layers.17.attention.query_key_value.weight]
Loading weights:  73%|#######2  | 213/292 [00:00<00:00, 2259.90it/s, Materializing param=gpt_neox.layers.17.input_layernorm.bias]            
Loading weights:  73%|#######2  | 213/292 [00:00<00:00, 2258.37it/s, Materializing param=gpt_neox.layers.17.input_layernorm.bias]
Loading weights:  73%|#######3  | 214/292 [00:00<00:00, 2266.28it/s, Materializing param=gpt_neox.layers.17.input_layernorm.weight]
Loading weights:  73%|#######3  | 214/292 [00:00<00:00, 2264.82it/s, Materializing param=gpt_neox.layers.17.input_layernorm.weight]
Loading weights:  74%|#######3  | 215/292 [00:00<00:00, 2272.88it/s, Materializing param=gpt_neox.layers.17.mlp.dense_4h_to_h.bias]
Loading weights:  74%|#######3  | 215/292 [00:00<00:00, 2271.47it/s, Materializing param=gpt_neox.layers.17.mlp.dense_4h_to_h.bias]
Loading weights:  74%|#######3  | 216/292 [00:00<00:00, 2279.45it/s, Materializing param=gpt_neox.layers.17.mlp.dense_4h_to_h.weight]
Loading weights:  74%|#######3  | 216/292 [00:00<00:00, 2278.03it/s, Materializing param=gpt_neox.layers.17.mlp.dense_4h_to_h.weight]
Loading weights:  74%|#######4  | 217/292 [00:00<00:00, 2286.01it/s, Materializing param=gpt_neox.layers.17.mlp.dense_h_to_4h.bias]  
Loading weights:  74%|#######4  | 217/292 [00:00<00:00, 2284.59it/s, Materializing param=gpt_neox.layers.17.mlp.dense_h_to_4h.bias]
Loading weights:  75%|#######4  | 218/292 [00:00<00:00, 2292.57it/s, Materializing param=gpt_neox.layers.17.mlp.dense_h_to_4h.weight]
Loading weights:  75%|#######4  | 218/292 [00:00<00:00, 2291.10it/s, Materializing param=gpt_neox.layers.17.mlp.dense_h_to_4h.weight]
Loading weights:  75%|#######5  | 219/292 [00:00<00:00, 2298.89it/s, Materializing param=gpt_neox.layers.17.post_attention_layernorm.bias]
Loading weights:  75%|#######5  | 219/292 [00:00<00:00, 2297.53it/s, Materializing param=gpt_neox.layers.17.post_attention_layernorm.bias]
Loading weights:  75%|#######5  | 220/292 [00:00<00:00, 2305.48it/s, Materializing param=gpt_neox.layers.17.post_attention_layernorm.weight]
Loading weights:  75%|#######5  | 220/292 [00:00<00:00, 2304.06it/s, Materializing param=gpt_neox.layers.17.post_attention_layernorm.weight]
Loading weights:  76%|#######5  | 221/292 [00:00<00:00, 2312.04it/s, Materializing param=gpt_neox.layers.18.attention.dense.bias]           
Loading weights:  76%|#######5  | 221/292 [00:00<00:00, 2310.63it/s, Materializing param=gpt_neox.layers.18.attention.dense.bias]
Loading weights:  76%|#######6  | 222/292 [00:00<00:00, 2318.54it/s, Materializing param=gpt_neox.layers.18.attention.dense.weight]
Loading weights:  76%|#######6  | 222/292 [00:00<00:00, 2317.13it/s, Materializing param=gpt_neox.layers.18.attention.dense.weight]
Loading weights:  76%|#######6  | 223/292 [00:00<00:00, 2324.92it/s, Materializing param=gpt_neox.layers.18.attention.query_key_value.bias]
Loading weights:  76%|#######6  | 223/292 [00:00<00:00, 2323.46it/s, Materializing param=gpt_neox.layers.18.attention.query_key_value.bias]
Loading weights:  77%|#######6  | 224/292 [00:00<00:00, 2331.32it/s, Materializing param=gpt_neox.layers.18.attention.query_key_value.weight]
Loading weights:  77%|#######6  | 224/292 [00:00<00:00, 2329.86it/s, Materializing param=gpt_neox.layers.18.attention.query_key_value.weight]
Loading weights:  77%|#######7  | 225/292 [00:00<00:00, 2337.77it/s, Materializing param=gpt_neox.layers.18.input_layernorm.bias]            
Loading weights:  77%|#######7  | 225/292 [00:00<00:00, 2336.45it/s, Materializing param=gpt_neox.layers.18.input_layernorm.bias]
Loading weights:  77%|#######7  | 226/292 [00:00<00:00, 2344.47it/s, Materializing param=gpt_neox.layers.18.input_layernorm.weight]
Loading weights:  77%|#######7  | 226/292 [00:00<00:00, 2343.13it/s, Materializing param=gpt_neox.layers.18.input_layernorm.weight]
Loading weights:  78%|#######7  | 227/292 [00:00<00:00, 2351.15it/s, Materializing param=gpt_neox.layers.18.mlp.dense_4h_to_h.bias]
Loading weights:  78%|#######7  | 227/292 [00:00<00:00, 2349.81it/s, Materializing param=gpt_neox.layers.18.mlp.dense_4h_to_h.bias]
Loading weights:  78%|#######8  | 228/292 [00:00<00:00, 2357.10it/s, Materializing param=gpt_neox.layers.18.mlp.dense_4h_to_h.weight]
Loading weights:  78%|#######8  | 228/292 [00:00<00:00, 2355.67it/s, Materializing param=gpt_neox.layers.18.mlp.dense_4h_to_h.weight]
Loading weights:  78%|#######8  | 229/292 [00:00<00:00, 2363.48it/s, Materializing param=gpt_neox.layers.18.mlp.dense_h_to_4h.bias]  
Loading weights:  78%|#######8  | 229/292 [00:00<00:00, 2362.00it/s, Materializing param=gpt_neox.layers.18.mlp.dense_h_to_4h.bias]
Loading weights:  79%|#######8  | 230/292 [00:00<00:00, 2369.63it/s, Materializing param=gpt_neox.layers.18.mlp.dense_h_to_4h.weight]
Loading weights:  79%|#######8  | 230/292 [00:00<00:00, 2368.19it/s, Materializing param=gpt_neox.layers.18.mlp.dense_h_to_4h.weight]
Loading weights:  79%|#######9  | 231/292 [00:00<00:00, 2376.04it/s, Materializing param=gpt_neox.layers.18.post_attention_layernorm.bias]
Loading weights:  79%|#######9  | 231/292 [00:00<00:00, 2374.59it/s, Materializing param=gpt_neox.layers.18.post_attention_layernorm.bias]
Loading weights:  79%|#######9  | 232/292 [00:00<00:00, 2382.35it/s, Materializing param=gpt_neox.layers.18.post_attention_layernorm.weight]
Loading weights:  79%|#######9  | 232/292 [00:00<00:00, 2380.89it/s, Materializing param=gpt_neox.layers.18.post_attention_layernorm.weight]
Loading weights:  80%|#######9  | 233/292 [00:00<00:00, 2388.64it/s, Materializing param=gpt_neox.layers.19.attention.dense.bias]           
Loading weights:  80%|#######9  | 233/292 [00:00<00:00, 2387.21it/s, Materializing param=gpt_neox.layers.19.attention.dense.bias]
Loading weights:  80%|########  | 234/292 [00:00<00:00, 2394.17it/s, Materializing param=gpt_neox.layers.19.attention.dense.weight]
Loading weights:  80%|########  | 234/292 [00:00<00:00, 2392.73it/s, Materializing param=gpt_neox.layers.19.attention.dense.weight]
Loading weights:  80%|########  | 235/292 [00:00<00:00, 2400.26it/s, Materializing param=gpt_neox.layers.19.attention.query_key_value.bias]
Loading weights:  80%|########  | 235/292 [00:00<00:00, 2398.81it/s, Materializing param=gpt_neox.layers.19.attention.query_key_value.bias]
Loading weights:  81%|########  | 236/292 [00:00<00:00, 2406.40it/s, Materializing param=gpt_neox.layers.19.attention.query_key_value.weight]
Loading weights:  81%|########  | 236/292 [00:00<00:00, 2404.94it/s, Materializing param=gpt_neox.layers.19.attention.query_key_value.weight]
Loading weights:  81%|########1 | 237/292 [00:00<00:00, 2412.47it/s, Materializing param=gpt_neox.layers.19.input_layernorm.bias]            
Loading weights:  81%|########1 | 237/292 [00:00<00:00, 2411.00it/s, Materializing param=gpt_neox.layers.19.input_layernorm.bias]
Loading weights:  82%|########1 | 238/292 [00:00<00:00, 2418.32it/s, Materializing param=gpt_neox.layers.19.input_layernorm.weight]
Loading weights:  82%|########1 | 238/292 [00:00<00:00, 2416.27it/s, Materializing param=gpt_neox.layers.19.input_layernorm.weight]
Loading weights:  82%|########1 | 239/292 [00:00<00:00, 2423.55it/s, Materializing param=gpt_neox.layers.19.mlp.dense_4h_to_h.bias]
Loading weights:  82%|########1 | 239/292 [00:00<00:00, 2421.68it/s, Materializing param=gpt_neox.layers.19.mlp.dense_4h_to_h.bias]
Loading weights:  82%|########2 | 240/292 [00:00<00:00, 2429.25it/s, Materializing param=gpt_neox.layers.19.mlp.dense_4h_to_h.weight]
Loading weights:  82%|########2 | 240/292 [00:00<00:00, 2427.81it/s, Materializing param=gpt_neox.layers.19.mlp.dense_4h_to_h.weight]
Loading weights:  83%|########2 | 241/292 [00:00<00:00, 2435.36it/s, Materializing param=gpt_neox.layers.19.mlp.dense_h_to_4h.bias]  
Loading weights:  83%|########2 | 241/292 [00:00<00:00, 2433.89it/s, Materializing param=gpt_neox.layers.19.mlp.dense_h_to_4h.bias]
Loading weights:  83%|########2 | 242/292 [00:00<00:00, 2441.28it/s, Materializing param=gpt_neox.layers.19.mlp.dense_h_to_4h.weight]
Loading weights:  83%|########2 | 242/292 [00:00<00:00, 2439.84it/s, Materializing param=gpt_neox.layers.19.mlp.dense_h_to_4h.weight]
Loading weights:  83%|########3 | 243/292 [00:00<00:00, 2447.36it/s, Materializing param=gpt_neox.layers.19.post_attention_layernorm.bias]
Loading weights:  83%|########3 | 243/292 [00:00<00:00, 2445.90it/s, Materializing param=gpt_neox.layers.19.post_attention_layernorm.bias]
Loading weights:  84%|########3 | 244/292 [00:00<00:00, 2453.48it/s, Materializing param=gpt_neox.layers.19.post_attention_layernorm.weight]
Loading weights:  84%|########3 | 244/292 [00:00<00:00, 2452.03it/s, Materializing param=gpt_neox.layers.19.post_attention_layernorm.weight]
Loading weights:  84%|########3 | 245/292 [00:00<00:00, 2459.52it/s, Materializing param=gpt_neox.layers.20.attention.dense.bias]           
Loading weights:  84%|########3 | 245/292 [00:00<00:00, 2458.10it/s, Materializing param=gpt_neox.layers.20.attention.dense.bias]
Loading weights:  84%|########4 | 246/292 [00:00<00:00, 2465.63it/s, Materializing param=gpt_neox.layers.20.attention.dense.weight]
Loading weights:  84%|########4 | 246/292 [00:00<00:00, 2464.23it/s, Materializing param=gpt_neox.layers.20.attention.dense.weight]
Loading weights:  85%|########4 | 247/292 [00:00<00:00, 2471.04it/s, Materializing param=gpt_neox.layers.20.attention.query_key_value.bias]
Loading weights:  85%|########4 | 247/292 [00:00<00:00, 2469.53it/s, Materializing param=gpt_neox.layers.20.attention.query_key_value.bias]
Loading weights:  85%|########4 | 248/292 [00:00<00:00, 2477.10it/s, Materializing param=gpt_neox.layers.20.attention.query_key_value.bias]
Loading weights:  85%|########4 | 248/292 [00:00<00:00, 2477.10it/s, Materializing param=gpt_neox.layers.20.attention.query_key_value.weight]
Loading weights:  85%|########4 | 248/292 [00:00<00:00, 2477.10it/s, Materializing param=gpt_neox.layers.20.attention.query_key_value.weight]
Loading weights:  85%|########5 | 249/292 [00:00<00:00, 2477.10it/s, Materializing param=gpt_neox.layers.20.input_layernorm.bias]            
Loading weights:  85%|########5 | 249/292 [00:00<00:00, 2477.10it/s, Materializing param=gpt_neox.layers.20.input_layernorm.bias]
Loading weights:  86%|########5 | 250/292 [00:00<00:00, 2477.10it/s, Materializing param=gpt_neox.layers.20.input_layernorm.weight]
Loading weights:  86%|########5 | 250/292 [00:00<00:00, 2477.10it/s, Materializing param=gpt_neox.layers.20.input_layernorm.weight]
Loading weights:  86%|########5 | 251/292 [00:00<00:00, 2477.10it/s, Materializing param=gpt_neox.layers.20.mlp.dense_4h_to_h.bias]
Loading weights:  86%|########5 | 251/292 [00:00<00:00, 2477.10it/s, Materializing param=gpt_neox.layers.20.mlp.dense_4h_to_h.bias]
Loading weights:  86%|########6 | 252/292 [00:00<00:00, 2477.10it/s, Materializing param=gpt_neox.layers.20.mlp.dense_4h_to_h.weight]
Loading weights:  86%|########6 | 252/292 [00:00<00:00, 2477.10it/s, Materializing param=gpt_neox.layers.20.mlp.dense_4h_to_h.weight]
Loading weights:  87%|########6 | 253/292 [00:00<00:00, 2477.10it/s, Materializing param=gpt_neox.layers.20.mlp.dense_h_to_4h.bias]  
Loading weights:  87%|########6 | 253/292 [00:00<00:00, 2477.10it/s, Materializing param=gpt_neox.layers.20.mlp.dense_h_to_4h.bias]
Loading weights:  87%|########6 | 254/292 [00:00<00:00, 2477.10it/s, Materializing param=gpt_neox.layers.20.mlp.dense_h_to_4h.weight]
Loading weights:  87%|########6 | 254/292 [00:00<00:00, 2477.10it/s, Materializing param=gpt_neox.layers.20.mlp.dense_h_to_4h.weight]
Loading weights:  87%|########7 | 255/292 [00:00<00:00, 2477.10it/s, Materializing param=gpt_neox.layers.20.post_attention_layernorm.bias]
Loading weights:  87%|########7 | 255/292 [00:00<00:00, 2477.10it/s, Materializing param=gpt_neox.layers.20.post_attention_layernorm.bias]
Loading weights:  88%|########7 | 256/292 [00:00<00:00, 2477.10it/s, Materializing param=gpt_neox.layers.20.post_attention_layernorm.weight]
Loading weights:  88%|########7 | 256/292 [00:00<00:00, 2477.10it/s, Materializing param=gpt_neox.layers.20.post_attention_layernorm.weight]
Loading weights:  88%|########8 | 257/292 [00:00<00:00, 2477.10it/s, Materializing param=gpt_neox.layers.21.attention.dense.bias]           
Loading weights:  88%|########8 | 257/292 [00:00<00:00, 2477.10it/s, Materializing param=gpt_neox.layers.21.attention.dense.bias]
Loading weights:  88%|########8 | 258/292 [00:00<00:00, 2477.10it/s, Materializing param=gpt_neox.layers.21.attention.dense.weight]
Loading weights:  88%|########8 | 258/292 [00:00<00:00, 2477.10it/s, Materializing param=gpt_neox.layers.21.attention.dense.weight]
Loading weights:  89%|########8 | 259/292 [00:00<00:00, 2477.10it/s, Materializing param=gpt_neox.layers.21.attention.query_key_value.bias]
Loading weights:  89%|########8 | 259/292 [00:00<00:00, 2477.10it/s, Materializing param=gpt_neox.layers.21.attention.query_key_value.bias]
Loading weights:  89%|########9 | 260/292 [00:00<00:00, 2477.10it/s, Materializing param=gpt_neox.layers.21.attention.query_key_value.weight]
Loading weights:  89%|########9 | 260/292 [00:00<00:00, 2477.10it/s, Materializing param=gpt_neox.layers.21.attention.query_key_value.weight]
Loading weights:  89%|########9 | 261/292 [00:00<00:00, 2477.10it/s, Materializing param=gpt_neox.layers.21.input_layernorm.bias]            
Loading weights:  89%|########9 | 261/292 [00:00<00:00, 2477.10it/s, Materializing param=gpt_neox.layers.21.input_layernorm.bias]
Loading weights:  90%|########9 | 262/292 [00:00<00:00, 2477.10it/s, Materializing param=gpt_neox.layers.21.input_layernorm.weight]
Loading weights:  90%|########9 | 262/292 [00:00<00:00, 2477.10it/s, Materializing param=gpt_neox.layers.21.input_layernorm.weight]
Loading weights:  90%|######### | 263/292 [00:00<00:00, 2477.10it/s, Materializing param=gpt_neox.layers.21.mlp.dense_4h_to_h.bias]
Loading weights:  90%|######### | 263/292 [00:00<00:00, 2477.10it/s, Materializing param=gpt_neox.layers.21.mlp.dense_4h_to_h.bias]
Loading weights:  90%|######### | 264/292 [00:00<00:00, 2477.10it/s, Materializing param=gpt_neox.layers.21.mlp.dense_4h_to_h.weight]
Loading weights:  90%|######### | 264/292 [00:00<00:00, 2477.10it/s, Materializing param=gpt_neox.layers.21.mlp.dense_4h_to_h.weight]
Loading weights:  91%|######### | 265/292 [00:00<00:00, 2477.10it/s, Materializing param=gpt_neox.layers.21.mlp.dense_h_to_4h.bias]  
Loading weights:  91%|######### | 265/292 [00:00<00:00, 2477.10it/s, Materializing param=gpt_neox.layers.21.mlp.dense_h_to_4h.bias]
Loading weights:  91%|#########1| 266/292 [00:00<00:00, 2477.10it/s, Materializing param=gpt_neox.layers.21.mlp.dense_h_to_4h.weight]
Loading weights:  91%|#########1| 266/292 [00:00<00:00, 2477.10it/s, Materializing param=gpt_neox.layers.21.mlp.dense_h_to_4h.weight]
Loading weights:  91%|#########1| 267/292 [00:00<00:00, 2477.10it/s, Materializing param=gpt_neox.layers.21.post_attention_layernorm.bias]
Loading weights:  91%|#########1| 267/292 [00:00<00:00, 2477.10it/s, Materializing param=gpt_neox.layers.21.post_attention_layernorm.bias]
Loading weights:  92%|#########1| 268/292 [00:00<00:00, 2477.10it/s, Materializing param=gpt_neox.layers.21.post_attention_layernorm.weight]
Loading weights:  92%|#########1| 268/292 [00:00<00:00, 2477.10it/s, Materializing param=gpt_neox.layers.21.post_attention_layernorm.weight]
Loading weights:  92%|#########2| 269/292 [00:00<00:00, 2477.10it/s, Materializing param=gpt_neox.layers.22.attention.dense.bias]           
Loading weights:  92%|#########2| 269/292 [00:00<00:00, 2477.10it/s, Materializing param=gpt_neox.layers.22.attention.dense.bias]
Loading weights:  92%|#########2| 270/292 [00:00<00:00, 2477.10it/s, Materializing param=gpt_neox.layers.22.attention.dense.weight]
Loading weights:  92%|#########2| 270/292 [00:00<00:00, 2477.10it/s, Materializing param=gpt_neox.layers.22.attention.dense.weight]
Loading weights:  93%|#########2| 271/292 [00:00<00:00, 2477.10it/s, Materializing param=gpt_neox.layers.22.attention.query_key_value.bias]
Loading weights:  93%|#########2| 271/292 [00:00<00:00, 2477.10it/s, Materializing param=gpt_neox.layers.22.attention.query_key_value.bias]
Loading weights:  93%|#########3| 272/292 [00:00<00:00, 2477.10it/s, Materializing param=gpt_neox.layers.22.attention.query_key_value.weight]
Loading weights:  93%|#########3| 272/292 [00:00<00:00, 2477.10it/s, Materializing param=gpt_neox.layers.22.attention.query_key_value.weight]
Loading weights:  93%|#########3| 273/292 [00:00<00:00, 2477.10it/s, Materializing param=gpt_neox.layers.22.input_layernorm.bias]            
Loading weights:  93%|#########3| 273/292 [00:00<00:00, 2477.10it/s, Materializing param=gpt_neox.layers.22.input_layernorm.bias]
Loading weights:  94%|#########3| 274/292 [00:00<00:00, 2477.10it/s, Materializing param=gpt_neox.layers.22.input_layernorm.weight]
Loading weights:  94%|#########3| 274/292 [00:00<00:00, 2477.10it/s, Materializing param=gpt_neox.layers.22.input_layernorm.weight]
Loading weights:  94%|#########4| 275/292 [00:00<00:00, 2477.10it/s, Materializing param=gpt_neox.layers.22.mlp.dense_4h_to_h.bias]
Loading weights:  94%|#########4| 275/292 [00:00<00:00, 2477.10it/s, Materializing param=gpt_neox.layers.22.mlp.dense_4h_to_h.bias]
Loading weights:  95%|#########4| 276/292 [00:00<00:00, 2477.10it/s, Materializing param=gpt_neox.layers.22.mlp.dense_4h_to_h.weight]
Loading weights:  95%|#########4| 276/292 [00:00<00:00, 2477.10it/s, Materializing param=gpt_neox.layers.22.mlp.dense_4h_to_h.weight]
Loading weights:  95%|#########4| 277/292 [00:00<00:00, 2477.10it/s, Materializing param=gpt_neox.layers.22.mlp.dense_h_to_4h.bias]  
Loading weights:  95%|#########4| 277/292 [00:00<00:00, 2477.10it/s, Materializing param=gpt_neox.layers.22.mlp.dense_h_to_4h.bias]
Loading weights:  95%|#########5| 278/292 [00:00<00:00, 2477.10it/s, Materializing param=gpt_neox.layers.22.mlp.dense_h_to_4h.weight]
Loading weights:  95%|#########5| 278/292 [00:00<00:00, 2477.10it/s, Materializing param=gpt_neox.layers.22.mlp.dense_h_to_4h.weight]
Loading weights:  96%|#########5| 279/292 [00:00<00:00, 2477.10it/s, Materializing param=gpt_neox.layers.22.post_attention_layernorm.bias]
Loading weights:  96%|#########5| 279/292 [00:00<00:00, 2477.10it/s, Materializing param=gpt_neox.layers.22.post_attention_layernorm.bias]
Loading weights:  96%|#########5| 280/292 [00:00<00:00, 2477.10it/s, Materializing param=gpt_neox.layers.22.post_attention_layernorm.weight]
Loading weights:  96%|#########5| 280/292 [00:00<00:00, 2477.10it/s, Materializing param=gpt_neox.layers.22.post_attention_layernorm.weight]
Loading weights:  96%|#########6| 281/292 [00:00<00:00, 2477.10it/s, Materializing param=gpt_neox.layers.23.attention.dense.bias]           
Loading weights:  96%|#########6| 281/292 [00:00<00:00, 2477.10it/s, Materializing param=gpt_neox.layers.23.attention.dense.bias]
Loading weights:  97%|#########6| 282/292 [00:00<00:00, 2477.10it/s, Materializing param=gpt_neox.layers.23.attention.dense.weight]
Loading weights:  97%|#########6| 282/292 [00:00<00:00, 2477.10it/s, Materializing param=gpt_neox.layers.23.attention.dense.weight]
Loading weights:  97%|#########6| 283/292 [00:00<00:00, 2477.10it/s, Materializing param=gpt_neox.layers.23.attention.query_key_value.bias]
Loading weights:  97%|#########6| 283/292 [00:00<00:00, 2477.10it/s, Materializing param=gpt_neox.layers.23.attention.query_key_value.bias]
Loading weights:  97%|#########7| 284/292 [00:00<00:00, 2477.10it/s, Materializing param=gpt_neox.layers.23.attention.query_key_value.weight]
Loading weights:  97%|#########7| 284/292 [00:00<00:00, 2477.10it/s, Materializing param=gpt_neox.layers.23.attention.query_key_value.weight]
Loading weights:  98%|#########7| 285/292 [00:00<00:00, 2477.10it/s, Materializing param=gpt_neox.layers.23.input_layernorm.bias]            
Loading weights:  98%|#########7| 285/292 [00:00<00:00, 2477.10it/s, Materializing param=gpt_neox.layers.23.input_layernorm.bias]
Loading weights:  98%|#########7| 286/292 [00:00<00:00, 2477.10it/s, Materializing param=gpt_neox.layers.23.input_layernorm.weight]
Loading weights:  98%|#########7| 286/292 [00:00<00:00, 2477.10it/s, Materializing param=gpt_neox.layers.23.input_layernorm.weight]
Loading weights:  98%|#########8| 287/292 [00:00<00:00, 2477.10it/s, Materializing param=gpt_neox.layers.23.mlp.dense_4h_to_h.bias]
Loading weights:  98%|#########8| 287/292 [00:00<00:00, 2477.10it/s, Materializing param=gpt_neox.layers.23.mlp.dense_4h_to_h.bias]
Loading weights:  99%|#########8| 288/292 [00:00<00:00, 2477.10it/s, Materializing param=gpt_neox.layers.23.mlp.dense_4h_to_h.weight]
Loading weights:  99%|#########8| 288/292 [00:00<00:00, 2477.10it/s, Materializing param=gpt_neox.layers.23.mlp.dense_4h_to_h.weight]
Loading weights:  99%|#########8| 289/292 [00:00<00:00, 2477.10it/s, Materializing param=gpt_neox.layers.23.mlp.dense_h_to_4h.bias]  
Loading weights:  99%|#########8| 289/292 [00:00<00:00, 2477.10it/s, Materializing param=gpt_neox.layers.23.mlp.dense_h_to_4h.bias]
Loading weights:  99%|#########9| 290/292 [00:00<00:00, 2477.10it/s, Materializing param=gpt_neox.layers.23.mlp.dense_h_to_4h.weight]
Loading weights:  99%|#########9| 290/292 [00:00<00:00, 2477.10it/s, Materializing param=gpt_neox.layers.23.mlp.dense_h_to_4h.weight]
Loading weights: 100%|#########9| 291/292 [00:00<00:00, 2477.10it/s, Materializing param=gpt_neox.layers.23.post_attention_layernorm.bias]
Loading weights: 100%|#########9| 291/292 [00:00<00:00, 2477.10it/s, Materializing param=gpt_neox.layers.23.post_attention_layernorm.bias]
Loading weights: 100%|##########| 292/292 [00:00<00:00, 2477.10it/s, Materializing param=gpt_neox.layers.23.post_attention_layernorm.weight]
Loading weights: 100%|##########| 292/292 [00:00<00:00, 2477.10it/s, Materializing param=gpt_neox.layers.23.post_attention_layernorm.weight]
Loading weights: 100%|##########| 292/292 [00:00<00:00, 2677.51it/s, Materializing param=gpt_neox.layers.23.post_attention_layernorm.weight]

Loading weights:   0%|          | 0/292 [00:00<?, ?it/s]
Loading weights:   0%|          | 1/292 [00:00<00:00, 44150.57it/s, Materializing param=embed_out.weight]
Loading weights:   0%|          | 1/292 [00:00<00:00, 10512.04it/s, Materializing param=embed_out.weight]
Loading weights:   1%|          | 2/292 [00:00<00:00, 7839.82it/s, Materializing param=gpt_neox.embed_in.weight]
Loading weights:   1%|          | 2/292 [00:00<00:00, 6255.49it/s, Materializing param=gpt_neox.embed_in.weight]
Loading weights:   1%|1         | 3/292 [00:00<00:00, 6732.43it/s, Materializing param=gpt_neox.final_layer_norm.bias]
Loading weights:   1%|1         | 3/292 [00:00<00:00, 5932.54it/s, Materializing param=gpt_neox.final_layer_norm.bias]
Loading weights:   1%|1         | 4/292 [00:00<00:00, 6388.89it/s, Materializing param=gpt_neox.final_layer_norm.weight]
Loading weights:   1%|1         | 4/292 [00:00<00:00, 5827.45it/s, Materializing param=gpt_neox.final_layer_norm.weight]
Loading weights:   2%|1         | 5/292 [00:00<00:00, 5241.57it/s, Materializing param=gpt_neox.layers.0.attention.dense.bias]
Loading weights:   2%|1         | 5/292 [00:00<00:00, 4829.92it/s, Materializing param=gpt_neox.layers.0.attention.dense.bias]
Loading weights:   2%|2         | 6/292 [00:00<00:00, 5088.12it/s, Materializing param=gpt_neox.layers.0.attention.dense.weight]
Loading weights:   2%|2         | 6/292 [00:00<00:00, 4819.19it/s, Materializing param=gpt_neox.layers.0.attention.dense.weight]
Loading weights:   2%|2         | 7/292 [00:00<00:00, 5089.29it/s, Materializing param=gpt_neox.layers.0.attention.query_key_value.bias]
Loading weights:   2%|2         | 7/292 [00:00<00:00, 4861.75it/s, Materializing param=gpt_neox.layers.0.attention.query_key_value.bias]
Loading weights:   3%|2         | 8/292 [00:00<00:00, 5017.86it/s, Materializing param=gpt_neox.layers.0.attention.query_key_value.weight]
Loading weights:   3%|2         | 8/292 [00:00<00:00, 4512.43it/s, Materializing param=gpt_neox.layers.0.attention.query_key_value.weight]
Loading weights:   3%|3         | 9/292 [00:00<00:00, 3979.84it/s, Materializing param=gpt_neox.layers.0.input_layernorm.bias]            
Loading weights:   3%|3         | 9/292 [00:00<00:00, 3867.30it/s, Materializing param=gpt_neox.layers.0.input_layernorm.bias]
Loading weights:   3%|3         | 10/292 [00:00<00:00, 3452.67it/s, Materializing param=gpt_neox.layers.0.input_layernorm.weight]
Loading weights:   3%|3         | 10/292 [00:00<00:00, 3321.17it/s, Materializing param=gpt_neox.layers.0.input_layernorm.weight]
Loading weights:   4%|3         | 11/292 [00:00<00:00, 3335.07it/s, Materializing param=gpt_neox.layers.0.mlp.dense_4h_to_h.bias]
Loading weights:   4%|3         | 11/292 [00:00<00:00, 3270.53it/s, Materializing param=gpt_neox.layers.0.mlp.dense_4h_to_h.bias]
Loading weights:   4%|4         | 12/292 [00:00<00:00, 3275.09it/s, Materializing param=gpt_neox.layers.0.mlp.dense_4h_to_h.weight]
Loading weights:   4%|4         | 12/292 [00:00<00:00, 3217.52it/s, Materializing param=gpt_neox.layers.0.mlp.dense_4h_to_h.weight]
Loading weights:   4%|4         | 13/292 [00:00<00:00, 3292.23it/s, Materializing param=gpt_neox.layers.0.mlp.dense_h_to_4h.bias]  
Loading weights:   4%|4         | 13/292 [00:00<00:00, 2908.36it/s, Materializing param=gpt_neox.layers.0.mlp.dense_h_to_4h.bias]
Loading weights:   5%|4         | 14/292 [00:00<00:00, 2695.20it/s, Materializing param=gpt_neox.layers.0.mlp.dense_h_to_4h.weight]
Loading weights:   5%|4         | 14/292 [00:00<00:00, 2547.85it/s, Materializing param=gpt_neox.layers.0.mlp.dense_h_to_4h.weight]
Loading weights:   5%|5         | 15/292 [00:00<00:00, 2261.89it/s, Materializing param=gpt_neox.layers.0.post_attention_layernorm.bias]
Loading weights:   5%|5         | 15/292 [00:00<00:00, 2238.24it/s, Materializing param=gpt_neox.layers.0.post_attention_layernorm.bias]
Loading weights:   5%|5         | 16/292 [00:00<00:00, 2251.90it/s, Materializing param=gpt_neox.layers.0.post_attention_layernorm.weight]
Loading weights:   5%|5         | 16/292 [00:00<00:00, 2166.48it/s, Materializing param=gpt_neox.layers.0.post_attention_layernorm.weight]
Loading weights:   6%|5         | 17/292 [00:00<00:00, 2084.03it/s, Materializing param=gpt_neox.layers.1.attention.dense.bias]           
Loading weights:   6%|5         | 17/292 [00:00<00:00, 1992.15it/s, Materializing param=gpt_neox.layers.1.attention.dense.bias]
Loading weights:   6%|6         | 18/292 [00:00<00:00, 1857.07it/s, Materializing param=gpt_neox.layers.1.attention.dense.weight]
Loading weights:   6%|6         | 18/292 [00:00<00:00, 1799.83it/s, Materializing param=gpt_neox.layers.1.attention.dense.weight]
Loading weights:   7%|6         | 19/292 [00:00<00:00, 1855.15it/s, Materializing param=gpt_neox.layers.1.attention.query_key_value.bias]
Loading weights:   7%|6         | 19/292 [00:00<00:00, 1836.22it/s, Materializing param=gpt_neox.layers.1.attention.query_key_value.bias]
Loading weights:   7%|6         | 20/292 [00:00<00:00, 1861.24it/s, Materializing param=gpt_neox.layers.1.attention.query_key_value.weight]
Loading weights:   7%|6         | 20/292 [00:00<00:00, 1849.14it/s, Materializing param=gpt_neox.layers.1.attention.query_key_value.weight]
Loading weights:   7%|7         | 21/292 [00:00<00:00, 1888.80it/s, Materializing param=gpt_neox.layers.1.input_layernorm.bias]            
Loading weights:   7%|7         | 21/292 [00:00<00:00, 1877.77it/s, Materializing param=gpt_neox.layers.1.input_layernorm.bias]
Loading weights:   8%|7         | 22/292 [00:00<00:00, 1897.48it/s, Materializing param=gpt_neox.layers.1.input_layernorm.weight]
Loading weights:   8%|7         | 22/292 [00:00<00:00, 1872.61it/s, Materializing param=gpt_neox.layers.1.input_layernorm.weight]
Loading weights:   8%|7         | 23/292 [00:00<00:00, 1872.17it/s, Materializing param=gpt_neox.layers.1.mlp.dense_4h_to_h.bias]
Loading weights:   8%|7         | 23/292 [00:00<00:00, 1861.98it/s, Materializing param=gpt_neox.layers.1.mlp.dense_4h_to_h.bias]
Loading weights:   8%|8         | 24/292 [00:00<00:00, 1912.66it/s, Materializing param=gpt_neox.layers.1.mlp.dense_4h_to_h.weight]
Loading weights:   8%|8         | 24/292 [00:00<00:00, 1902.83it/s, Materializing param=gpt_neox.layers.1.mlp.dense_4h_to_h.weight]
Loading weights:   9%|8         | 25/292 [00:00<00:00, 1851.92it/s, Materializing param=gpt_neox.layers.1.mlp.dense_h_to_4h.bias]  
Loading weights:   9%|8         | 25/292 [00:00<00:00, 1843.29it/s, Materializing param=gpt_neox.layers.1.mlp.dense_h_to_4h.bias]
Loading weights:   9%|8         | 26/292 [00:00<00:00, 1877.23it/s, Materializing param=gpt_neox.layers.1.mlp.dense_h_to_4h.weight]
Loading weights:   9%|8         | 26/292 [00:00<00:00, 1868.70it/s, Materializing param=gpt_neox.layers.1.mlp.dense_h_to_4h.weight]
Loading weights:   9%|9         | 27/292 [00:00<00:00, 1901.41it/s, Materializing param=gpt_neox.layers.1.post_attention_layernorm.bias]
Loading weights:   9%|9         | 27/292 [00:00<00:00, 1892.80it/s, Materializing param=gpt_neox.layers.1.post_attention_layernorm.bias]
Loading weights:  10%|9         | 28/292 [00:00<00:00, 1902.49it/s, Materializing param=gpt_neox.layers.1.post_attention_layernorm.weight]
Loading weights:  10%|9         | 28/292 [00:00<00:00, 1894.11it/s, Materializing param=gpt_neox.layers.1.post_attention_layernorm.weight]
Loading weights:  10%|9         | 29/292 [00:00<00:00, 1938.09it/s, Materializing param=gpt_neox.layers.2.attention.dense.bias]           
Loading weights:  10%|9         | 29/292 [00:00<00:00, 1930.04it/s, Materializing param=gpt_neox.layers.2.attention.dense.bias]
Loading weights:  10%|#         | 30/292 [00:00<00:00, 1887.71it/s, Materializing param=gpt_neox.layers.2.attention.dense.weight]
Loading weights:  10%|#         | 30/292 [00:00<00:00, 1863.03it/s, Materializing param=gpt_neox.layers.2.attention.dense.weight]
Loading weights:  11%|#         | 31/292 [00:00<00:00, 1896.93it/s, Materializing param=gpt_neox.layers.2.attention.query_key_value.bias]
Loading weights:  11%|#         | 31/292 [00:00<00:00, 1868.69it/s, Materializing param=gpt_neox.layers.2.attention.query_key_value.bias]
Loading weights:  11%|#         | 32/292 [00:00<00:00, 1892.74it/s, Materializing param=gpt_neox.layers.2.attention.query_key_value.weight]
Loading weights:  11%|#         | 32/292 [00:00<00:00, 1880.09it/s, Materializing param=gpt_neox.layers.2.attention.query_key_value.weight]
Loading weights:  11%|#1        | 33/292 [00:00<00:00, 1900.09it/s, Materializing param=gpt_neox.layers.2.input_layernorm.bias]            
Loading weights:  11%|#1        | 33/292 [00:00<00:00, 1892.66it/s, Materializing param=gpt_neox.layers.2.input_layernorm.bias]
Loading weights:  12%|#1        | 34/292 [00:00<00:00, 1935.01it/s, Materializing param=gpt_neox.layers.2.input_layernorm.weight]
Loading weights:  12%|#1        | 34/292 [00:00<00:00, 1927.92it/s, Materializing param=gpt_neox.layers.2.input_layernorm.weight]
Loading weights:  12%|#1        | 35/292 [00:00<00:00, 1971.14it/s, Materializing param=gpt_neox.layers.2.mlp.dense_4h_to_h.bias]
Loading weights:  12%|#1        | 35/292 [00:00<00:00, 1964.41it/s, Materializing param=gpt_neox.layers.2.mlp.dense_4h_to_h.bias]
Loading weights:  12%|#2        | 36/292 [00:00<00:00, 1997.10it/s, Materializing param=gpt_neox.layers.2.mlp.dense_4h_to_h.weight]
Loading weights:  12%|#2        | 36/292 [00:00<00:00, 1989.47it/s, Materializing param=gpt_neox.layers.2.mlp.dense_4h_to_h.weight]
Loading weights:  13%|#2        | 37/292 [00:00<00:00, 2031.14it/s, Materializing param=gpt_neox.layers.2.mlp.dense_h_to_4h.bias]  
Loading weights:  13%|#2        | 37/292 [00:00<00:00, 2024.49it/s, Materializing param=gpt_neox.layers.2.mlp.dense_h_to_4h.bias]
Loading weights:  13%|#3        | 38/292 [00:00<00:00, 1007.90it/s, Materializing param=gpt_neox.layers.2.mlp.dense_h_to_4h.weight]
Loading weights:  13%|#3        | 38/292 [00:00<00:00, 1005.11it/s, Materializing param=gpt_neox.layers.2.mlp.dense_h_to_4h.weight]
Loading weights:  13%|#3        | 39/292 [00:00<00:00, 1027.73it/s, Materializing param=gpt_neox.layers.2.post_attention_layernorm.bias]
Loading weights:  13%|#3        | 39/292 [00:00<00:00, 1025.94it/s, Materializing param=gpt_neox.layers.2.post_attention_layernorm.bias]
Loading weights:  14%|#3        | 40/292 [00:00<00:00, 1048.67it/s, Materializing param=gpt_neox.layers.2.post_attention_layernorm.weight]
Loading weights:  14%|#3        | 40/292 [00:00<00:00, 1046.88it/s, Materializing param=gpt_neox.layers.2.post_attention_layernorm.weight]
Loading weights:  14%|#4        | 41/292 [00:00<00:00, 1069.90it/s, Materializing param=gpt_neox.layers.3.attention.dense.bias]           
Loading weights:  14%|#4        | 41/292 [00:00<00:00, 1068.19it/s, Materializing param=gpt_neox.layers.3.attention.dense.bias]
Loading weights:  14%|#4        | 42/292 [00:00<00:00, 1091.06it/s, Materializing param=gpt_neox.layers.3.attention.dense.weight]
Loading weights:  14%|#4        | 42/292 [00:00<00:00, 1089.36it/s, Materializing param=gpt_neox.layers.3.attention.dense.weight]
Loading weights:  15%|#4        | 43/292 [00:00<00:00, 1112.12it/s, Materializing param=gpt_neox.layers.3.attention.query_key_value.bias]
Loading weights:  15%|#4        | 43/292 [00:00<00:00, 1110.37it/s, Materializing param=gpt_neox.layers.3.attention.query_key_value.bias]
Loading weights:  15%|#5        | 44/292 [00:00<00:00, 1132.99it/s, Materializing param=gpt_neox.layers.3.attention.query_key_value.weight]
Loading weights:  15%|#5        | 44/292 [00:00<00:00, 1131.21it/s, Materializing param=gpt_neox.layers.3.attention.query_key_value.weight]
Loading weights:  15%|#5        | 45/292 [00:00<00:00, 1153.70it/s, Materializing param=gpt_neox.layers.3.input_layernorm.bias]            
Loading weights:  15%|#5        | 45/292 [00:00<00:00, 1151.94it/s, Materializing param=gpt_neox.layers.3.input_layernorm.bias]
Loading weights:  16%|#5        | 46/292 [00:00<00:00, 1173.92it/s, Materializing param=gpt_neox.layers.3.input_layernorm.weight]
Loading weights:  16%|#5        | 46/292 [00:00<00:00, 1172.13it/s, Materializing param=gpt_neox.layers.3.input_layernorm.weight]
Loading weights:  16%|#6        | 47/292 [00:00<00:00, 1194.45it/s, Materializing param=gpt_neox.layers.3.mlp.dense_4h_to_h.bias]
Loading weights:  16%|#6        | 47/292 [00:00<00:00, 1192.67it/s, Materializing param=gpt_neox.layers.3.mlp.dense_4h_to_h.bias]
Loading weights:  16%|#6        | 48/292 [00:00<00:00, 1214.73it/s, Materializing param=gpt_neox.layers.3.mlp.dense_4h_to_h.weight]
Loading weights:  16%|#6        | 48/292 [00:00<00:00, 1212.91it/s, Materializing param=gpt_neox.layers.3.mlp.dense_4h_to_h.weight]
Loading weights:  17%|#6        | 49/292 [00:00<00:00, 1234.90it/s, Materializing param=gpt_neox.layers.3.mlp.dense_h_to_4h.bias]  
Loading weights:  17%|#6        | 49/292 [00:00<00:00, 1233.07it/s, Materializing param=gpt_neox.layers.3.mlp.dense_h_to_4h.bias]
Loading weights:  17%|#7        | 50/292 [00:00<00:00, 1254.89it/s, Materializing param=gpt_neox.layers.3.mlp.dense_h_to_4h.weight]
Loading weights:  17%|#7        | 50/292 [00:00<00:00, 1253.01it/s, Materializing param=gpt_neox.layers.3.mlp.dense_h_to_4h.weight]
Loading weights:  17%|#7        | 51/292 [00:00<00:00, 1274.68it/s, Materializing param=gpt_neox.layers.3.post_attention_layernorm.bias]
Loading weights:  17%|#7        | 51/292 [00:00<00:00, 1272.79it/s, Materializing param=gpt_neox.layers.3.post_attention_layernorm.bias]
Loading weights:  18%|#7        | 52/292 [00:00<00:00, 1291.91it/s, Materializing param=gpt_neox.layers.3.post_attention_layernorm.weight]
Loading weights:  18%|#7        | 52/292 [00:00<00:00, 1289.57it/s, Materializing param=gpt_neox.layers.3.post_attention_layernorm.weight]
Loading weights:  18%|#8        | 53/292 [00:00<00:00, 1306.15it/s, Materializing param=gpt_neox.layers.4.attention.dense.bias]           
Loading weights:  18%|#8        | 53/292 [00:00<00:00, 1297.73it/s, Materializing param=gpt_neox.layers.4.attention.dense.bias]
Loading weights:  18%|#8        | 54/292 [00:00<00:00, 1314.75it/s, Materializing param=gpt_neox.layers.4.attention.dense.weight]
Loading weights:  18%|#8        | 54/292 [00:00<00:00, 1312.43it/s, Materializing param=gpt_neox.layers.4.attention.dense.weight]
Loading weights:  19%|#8        | 55/292 [00:00<00:00, 1331.54it/s, Materializing param=gpt_neox.layers.4.attention.query_key_value.bias]
Loading weights:  19%|#8        | 55/292 [00:00<00:00, 1329.35it/s, Materializing param=gpt_neox.layers.4.attention.query_key_value.bias]
Loading weights:  19%|#9        | 56/292 [00:00<00:00, 1349.17it/s, Materializing param=gpt_neox.layers.4.attention.query_key_value.weight]
Loading weights:  19%|#9        | 56/292 [00:00<00:00, 1347.20it/s, Materializing param=gpt_neox.layers.4.attention.query_key_value.weight]
Loading weights:  20%|#9        | 57/292 [00:00<00:00, 1367.31it/s, Materializing param=gpt_neox.layers.4.input_layernorm.bias]            
Loading weights:  20%|#9        | 57/292 [00:00<00:00, 1365.44it/s, Materializing param=gpt_neox.layers.4.input_layernorm.bias]
Loading weights:  20%|#9        | 58/292 [00:00<00:00, 1385.17it/s, Materializing param=gpt_neox.layers.4.input_layernorm.weight]
Loading weights:  20%|#9        | 58/292 [00:00<00:00, 1383.24it/s, Materializing param=gpt_neox.layers.4.input_layernorm.weight]
Loading weights:  20%|##        | 59/292 [00:00<00:00, 1403.26it/s, Materializing param=gpt_neox.layers.4.mlp.dense_4h_to_h.bias]
Loading weights:  20%|##        | 59/292 [00:00<00:00, 1401.36it/s, Materializing param=gpt_neox.layers.4.mlp.dense_4h_to_h.bias]
Loading weights:  21%|##        | 60/292 [00:00<00:00, 1421.36it/s, Materializing param=gpt_neox.layers.4.mlp.dense_4h_to_h.weight]
Loading weights:  21%|##        | 60/292 [00:00<00:00, 1419.43it/s, Materializing param=gpt_neox.layers.4.mlp.dense_4h_to_h.weight]
Loading weights:  21%|##        | 61/292 [00:00<00:00, 1439.44it/s, Materializing param=gpt_neox.layers.4.mlp.dense_h_to_4h.bias]  
Loading weights:  21%|##        | 61/292 [00:00<00:00, 1437.49it/s, Materializing param=gpt_neox.layers.4.mlp.dense_h_to_4h.bias]
Loading weights:  21%|##1       | 62/292 [00:00<00:00, 1457.33it/s, Materializing param=gpt_neox.layers.4.mlp.dense_h_to_4h.weight]
Loading weights:  21%|##1       | 62/292 [00:00<00:00, 1455.43it/s, Materializing param=gpt_neox.layers.4.mlp.dense_h_to_4h.weight]
Loading weights:  22%|##1       | 63/292 [00:00<00:00, 1475.40it/s, Materializing param=gpt_neox.layers.4.post_attention_layernorm.bias]
Loading weights:  22%|##1       | 63/292 [00:00<00:00, 1473.47it/s, Materializing param=gpt_neox.layers.4.post_attention_layernorm.bias]
Loading weights:  22%|##1       | 64/292 [00:00<00:00, 1493.35it/s, Materializing param=gpt_neox.layers.4.post_attention_layernorm.weight]
Loading weights:  22%|##1       | 64/292 [00:00<00:00, 1491.41it/s, Materializing param=gpt_neox.layers.4.post_attention_layernorm.weight]
Loading weights:  22%|##2       | 65/292 [00:00<00:00, 1511.22it/s, Materializing param=gpt_neox.layers.5.attention.dense.bias]           
Loading weights:  22%|##2       | 65/292 [00:00<00:00, 1509.30it/s, Materializing param=gpt_neox.layers.5.attention.dense.bias]
Loading weights:  23%|##2       | 66/292 [00:00<00:00, 1528.91it/s, Materializing param=gpt_neox.layers.5.attention.dense.weight]
Loading weights:  23%|##2       | 66/292 [00:00<00:00, 1526.99it/s, Materializing param=gpt_neox.layers.5.attention.dense.weight]
Loading weights:  23%|##2       | 67/292 [00:00<00:00, 1546.56it/s, Materializing param=gpt_neox.layers.5.attention.query_key_value.bias]
Loading weights:  23%|##2       | 67/292 [00:00<00:00, 1544.57it/s, Materializing param=gpt_neox.layers.5.attention.query_key_value.bias]
Loading weights:  23%|##3       | 68/292 [00:00<00:00, 1564.03it/s, Materializing param=gpt_neox.layers.5.attention.query_key_value.weight]
Loading weights:  23%|##3       | 68/292 [00:00<00:00, 303.18it/s, Materializing param=gpt_neox.layers.5.attention.query_key_value.weight] 
Loading weights:  24%|##3       | 69/292 [00:00<00:00, 307.15it/s, Materializing param=gpt_neox.layers.5.attention.query_key_value.weight]
Loading weights:  24%|##3       | 69/292 [00:00<00:00, 307.15it/s, Materializing param=gpt_neox.layers.5.input_layernorm.bias]            
Loading weights:  24%|##3       | 69/292 [00:00<00:00, 307.15it/s, Materializing param=gpt_neox.layers.5.input_layernorm.bias]
Loading weights:  24%|##3       | 70/292 [00:00<00:00, 307.15it/s, Materializing param=gpt_neox.layers.5.input_layernorm.weight]
Loading weights:  24%|##3       | 70/292 [00:00<00:00, 307.15it/s, Materializing param=gpt_neox.layers.5.input_layernorm.weight]
Loading weights:  24%|##4       | 71/292 [00:00<00:00, 307.15it/s, Materializing param=gpt_neox.layers.5.mlp.dense_4h_to_h.bias]
Loading weights:  24%|##4       | 71/292 [00:00<00:00, 307.15it/s, Materializing param=gpt_neox.layers.5.mlp.dense_4h_to_h.bias]
Loading weights:  25%|##4       | 72/292 [00:00<00:00, 307.15it/s, Materializing param=gpt_neox.layers.5.mlp.dense_4h_to_h.weight]
Loading weights:  25%|##4       | 72/292 [00:00<00:00, 307.15it/s, Materializing param=gpt_neox.layers.5.mlp.dense_4h_to_h.weight]
Loading weights:  25%|##5       | 73/292 [00:00<00:00, 307.15it/s, Materializing param=gpt_neox.layers.5.mlp.dense_h_to_4h.bias]  
Loading weights:  25%|##5       | 73/292 [00:00<00:00, 307.15it/s, Materializing param=gpt_neox.layers.5.mlp.dense_h_to_4h.bias]
Loading weights:  25%|##5       | 74/292 [00:00<00:00, 307.15it/s, Materializing param=gpt_neox.layers.5.mlp.dense_h_to_4h.weight]
Loading weights:  25%|##5       | 74/292 [00:00<00:00, 307.15it/s, Materializing param=gpt_neox.layers.5.mlp.dense_h_to_4h.weight]
Loading weights:  26%|##5       | 75/292 [00:00<00:00, 307.15it/s, Materializing param=gpt_neox.layers.5.post_attention_layernorm.bias]
Loading weights:  26%|##5       | 75/292 [00:00<00:00, 307.15it/s, Materializing param=gpt_neox.layers.5.post_attention_layernorm.bias]
Loading weights:  26%|##6       | 76/292 [00:00<00:00, 307.15it/s, Materializing param=gpt_neox.layers.5.post_attention_layernorm.weight]
Loading weights:  26%|##6       | 76/292 [00:00<00:00, 307.15it/s, Materializing param=gpt_neox.layers.5.post_attention_layernorm.weight]
Loading weights:  26%|##6       | 77/292 [00:00<00:00, 307.15it/s, Materializing param=gpt_neox.layers.6.attention.dense.bias]           
Loading weights:  26%|##6       | 77/292 [00:00<00:00, 307.15it/s, Materializing param=gpt_neox.layers.6.attention.dense.bias]
Loading weights:  27%|##6       | 78/292 [00:00<00:00, 307.15it/s, Materializing param=gpt_neox.layers.6.attention.dense.weight]
Loading weights:  27%|##6       | 78/292 [00:00<00:00, 307.15it/s, Materializing param=gpt_neox.layers.6.attention.dense.weight]
Loading weights:  27%|##7       | 79/292 [00:00<00:00, 307.15it/s, Materializing param=gpt_neox.layers.6.attention.query_key_value.bias]
Loading weights:  27%|##7       | 79/292 [00:00<00:00, 307.15it/s, Materializing param=gpt_neox.layers.6.attention.query_key_value.bias]
Loading weights:  27%|##7       | 80/292 [00:00<00:00, 307.15it/s, Materializing param=gpt_neox.layers.6.attention.query_key_value.weight]
Loading weights:  27%|##7       | 80/292 [00:00<00:00, 307.15it/s, Materializing param=gpt_neox.layers.6.attention.query_key_value.weight]
Loading weights:  28%|##7       | 81/292 [00:00<00:00, 307.15it/s, Materializing param=gpt_neox.layers.6.input_layernorm.bias]            
Loading weights:  28%|##7       | 81/292 [00:00<00:00, 307.15it/s, Materializing param=gpt_neox.layers.6.input_layernorm.bias]
Loading weights:  28%|##8       | 82/292 [00:00<00:00, 307.15it/s, Materializing param=gpt_neox.layers.6.input_layernorm.weight]
Loading weights:  28%|##8       | 82/292 [00:00<00:00, 307.15it/s, Materializing param=gpt_neox.layers.6.input_layernorm.weight]
Loading weights:  28%|##8       | 83/292 [00:00<00:00, 307.15it/s, Materializing param=gpt_neox.layers.6.mlp.dense_4h_to_h.bias]
Loading weights:  28%|##8       | 83/292 [00:00<00:00, 307.15it/s, Materializing param=gpt_neox.layers.6.mlp.dense_4h_to_h.bias]
Loading weights:  29%|##8       | 84/292 [00:00<00:00, 307.15it/s, Materializing param=gpt_neox.layers.6.mlp.dense_4h_to_h.weight]
Loading weights:  29%|##8       | 84/292 [00:00<00:00, 307.15it/s, Materializing param=gpt_neox.layers.6.mlp.dense_4h_to_h.weight]
Loading weights:  29%|##9       | 85/292 [00:00<00:00, 307.15it/s, Materializing param=gpt_neox.layers.6.mlp.dense_h_to_4h.bias]  
Loading weights:  29%|##9       | 85/292 [00:00<00:00, 307.15it/s, Materializing param=gpt_neox.layers.6.mlp.dense_h_to_4h.bias]
Loading weights:  29%|##9       | 86/292 [00:00<00:00, 307.15it/s, Materializing param=gpt_neox.layers.6.mlp.dense_h_to_4h.weight]
Loading weights:  29%|##9       | 86/292 [00:00<00:00, 307.15it/s, Materializing param=gpt_neox.layers.6.mlp.dense_h_to_4h.weight]
Loading weights:  30%|##9       | 87/292 [00:00<00:00, 307.15it/s, Materializing param=gpt_neox.layers.6.post_attention_layernorm.bias]
Loading weights:  30%|##9       | 87/292 [00:00<00:00, 307.15it/s, Materializing param=gpt_neox.layers.6.post_attention_layernorm.bias]
Loading weights:  30%|###       | 88/292 [00:00<00:00, 307.15it/s, Materializing param=gpt_neox.layers.6.post_attention_layernorm.weight]
Loading weights:  30%|###       | 88/292 [00:00<00:00, 307.15it/s, Materializing param=gpt_neox.layers.6.post_attention_layernorm.weight]
Loading weights:  30%|###       | 89/292 [00:00<00:00, 307.15it/s, Materializing param=gpt_neox.layers.7.attention.dense.bias]           
Loading weights:  30%|###       | 89/292 [00:00<00:00, 307.15it/s, Materializing param=gpt_neox.layers.7.attention.dense.bias]
Loading weights:  31%|###       | 90/292 [00:00<00:00, 307.15it/s, Materializing param=gpt_neox.layers.7.attention.dense.weight]
Loading weights:  31%|###       | 90/292 [00:00<00:00, 307.15it/s, Materializing param=gpt_neox.layers.7.attention.dense.weight]
Loading weights:  31%|###1      | 91/292 [00:00<00:00, 307.15it/s, Materializing param=gpt_neox.layers.7.attention.query_key_value.bias]
Loading weights:  31%|###1      | 91/292 [00:00<00:00, 307.15it/s, Materializing param=gpt_neox.layers.7.attention.query_key_value.bias]
Loading weights:  32%|###1      | 92/292 [00:00<00:00, 307.15it/s, Materializing param=gpt_neox.layers.7.attention.query_key_value.weight]
Loading weights:  32%|###1      | 92/292 [00:00<00:00, 307.15it/s, Materializing param=gpt_neox.layers.7.attention.query_key_value.weight]
Loading weights:  32%|###1      | 93/292 [00:00<00:00, 307.15it/s, Materializing param=gpt_neox.layers.7.input_layernorm.bias]            
Loading weights:  32%|###1      | 93/292 [00:00<00:00, 307.15it/s, Materializing param=gpt_neox.layers.7.input_layernorm.bias]
Loading weights:  32%|###2      | 94/292 [00:00<00:00, 307.15it/s, Materializing param=gpt_neox.layers.7.input_layernorm.weight]
Loading weights:  32%|###2      | 94/292 [00:00<00:00, 307.15it/s, Materializing param=gpt_neox.layers.7.input_layernorm.weight]
Loading weights:  33%|###2      | 95/292 [00:00<00:00, 307.15it/s, Materializing param=gpt_neox.layers.7.mlp.dense_4h_to_h.bias]
Loading weights:  33%|###2      | 95/292 [00:00<00:00, 307.15it/s, Materializing param=gpt_neox.layers.7.mlp.dense_4h_to_h.bias]
Loading weights:  33%|###2      | 96/292 [00:00<00:00, 307.15it/s, Materializing param=gpt_neox.layers.7.mlp.dense_4h_to_h.weight]
Loading weights:  33%|###2      | 96/292 [00:00<00:00, 307.15it/s, Materializing param=gpt_neox.layers.7.mlp.dense_4h_to_h.weight]
Loading weights:  33%|###3      | 97/292 [00:00<00:00, 307.15it/s, Materializing param=gpt_neox.layers.7.mlp.dense_h_to_4h.bias]  
Loading weights:  33%|###3      | 97/292 [00:00<00:00, 307.15it/s, Materializing param=gpt_neox.layers.7.mlp.dense_h_to_4h.bias]
Loading weights:  34%|###3      | 98/292 [00:00<00:00, 307.15it/s, Materializing param=gpt_neox.layers.7.mlp.dense_h_to_4h.weight]
Loading weights:  34%|###3      | 98/292 [00:00<00:00, 307.15it/s, Materializing param=gpt_neox.layers.7.mlp.dense_h_to_4h.weight]
Loading weights:  34%|###3      | 99/292 [00:00<00:00, 307.15it/s, Materializing param=gpt_neox.layers.7.post_attention_layernorm.bias]
Loading weights:  34%|###3      | 99/292 [00:00<00:00, 307.15it/s, Materializing param=gpt_neox.layers.7.post_attention_layernorm.bias]
Loading weights:  34%|###4      | 100/292 [00:00<00:00, 307.15it/s, Materializing param=gpt_neox.layers.7.post_attention_layernorm.weight]
Loading weights:  34%|###4      | 100/292 [00:00<00:00, 307.15it/s, Materializing param=gpt_neox.layers.7.post_attention_layernorm.weight]
Loading weights:  35%|###4      | 101/292 [00:00<00:00, 307.15it/s, Materializing param=gpt_neox.layers.8.attention.dense.bias]           
Loading weights:  35%|###4      | 101/292 [00:00<00:00, 307.15it/s, Materializing param=gpt_neox.layers.8.attention.dense.bias]
Loading weights:  35%|###4      | 102/292 [00:00<00:00, 307.15it/s, Materializing param=gpt_neox.layers.8.attention.dense.weight]
Loading weights:  35%|###4      | 102/292 [00:00<00:00, 307.15it/s, Materializing param=gpt_neox.layers.8.attention.dense.weight]
Loading weights:  35%|###5      | 103/292 [00:00<00:00, 307.15it/s, Materializing param=gpt_neox.layers.8.attention.query_key_value.bias]
Loading weights:  35%|###5      | 103/292 [00:00<00:00, 307.15it/s, Materializing param=gpt_neox.layers.8.attention.query_key_value.bias]
Loading weights:  36%|###5      | 104/292 [00:00<00:00, 307.15it/s, Materializing param=gpt_neox.layers.8.attention.query_key_value.weight]
Loading weights:  36%|###5      | 104/292 [00:00<00:00, 307.15it/s, Materializing param=gpt_neox.layers.8.attention.query_key_value.weight]
Loading weights:  36%|###5      | 105/292 [00:00<00:00, 307.15it/s, Materializing param=gpt_neox.layers.8.input_layernorm.bias]            
Loading weights:  36%|###5      | 105/292 [00:00<00:00, 307.15it/s, Materializing param=gpt_neox.layers.8.input_layernorm.bias]
Loading weights:  36%|###6      | 106/292 [00:00<00:00, 307.15it/s, Materializing param=gpt_neox.layers.8.input_layernorm.weight]
Loading weights:  36%|###6      | 106/292 [00:00<00:00, 307.15it/s, Materializing param=gpt_neox.layers.8.input_layernorm.weight]
Loading weights:  37%|###6      | 107/292 [00:00<00:00, 307.15it/s, Materializing param=gpt_neox.layers.8.mlp.dense_4h_to_h.bias]
Loading weights:  37%|###6      | 107/292 [00:00<00:00, 307.15it/s, Materializing param=gpt_neox.layers.8.mlp.dense_4h_to_h.bias]
Loading weights:  37%|###6      | 108/292 [00:00<00:00, 307.15it/s, Materializing param=gpt_neox.layers.8.mlp.dense_4h_to_h.weight]
Loading weights:  37%|###6      | 108/292 [00:00<00:00, 307.15it/s, Materializing param=gpt_neox.layers.8.mlp.dense_4h_to_h.weight]
Loading weights:  37%|###7      | 109/292 [00:00<00:00, 307.15it/s, Materializing param=gpt_neox.layers.8.mlp.dense_h_to_4h.bias]  
Loading weights:  37%|###7      | 109/292 [00:00<00:00, 307.15it/s, Materializing param=gpt_neox.layers.8.mlp.dense_h_to_4h.bias]
Loading weights:  38%|###7      | 110/292 [00:00<00:00, 307.15it/s, Materializing param=gpt_neox.layers.8.mlp.dense_h_to_4h.weight]
Loading weights:  38%|###7      | 110/292 [00:00<00:00, 307.15it/s, Materializing param=gpt_neox.layers.8.mlp.dense_h_to_4h.weight]
Loading weights:  38%|###8      | 111/292 [00:00<00:00, 307.15it/s, Materializing param=gpt_neox.layers.8.post_attention_layernorm.bias]
Loading weights:  38%|###8      | 111/292 [00:00<00:00, 307.15it/s, Materializing param=gpt_neox.layers.8.post_attention_layernorm.bias]
Loading weights:  38%|###8      | 112/292 [00:00<00:00, 307.15it/s, Materializing param=gpt_neox.layers.8.post_attention_layernorm.weight]
Loading weights:  38%|###8      | 112/292 [00:00<00:00, 307.15it/s, Materializing param=gpt_neox.layers.8.post_attention_layernorm.weight]
Loading weights:  39%|###8      | 113/292 [00:00<00:00, 307.15it/s, Materializing param=gpt_neox.layers.9.attention.dense.bias]           
Loading weights:  39%|###8      | 113/292 [00:00<00:00, 307.15it/s, Materializing param=gpt_neox.layers.9.attention.dense.bias]
Loading weights:  39%|###9      | 114/292 [00:00<00:00, 307.15it/s, Materializing param=gpt_neox.layers.9.attention.dense.weight]
Loading weights:  39%|###9      | 114/292 [00:00<00:00, 307.15it/s, Materializing param=gpt_neox.layers.9.attention.dense.weight]
Loading weights:  39%|###9      | 115/292 [00:00<00:00, 307.15it/s, Materializing param=gpt_neox.layers.9.attention.query_key_value.bias]
Loading weights:  39%|###9      | 115/292 [00:00<00:00, 307.15it/s, Materializing param=gpt_neox.layers.9.attention.query_key_value.bias]
Loading weights:  40%|###9      | 116/292 [00:00<00:00, 307.15it/s, Materializing param=gpt_neox.layers.9.attention.query_key_value.weight]
Loading weights:  40%|###9      | 116/292 [00:00<00:00, 307.15it/s, Materializing param=gpt_neox.layers.9.attention.query_key_value.weight]
Loading weights:  40%|####      | 117/292 [00:00<00:00, 307.15it/s, Materializing param=gpt_neox.layers.9.input_layernorm.bias]            
Loading weights:  40%|####      | 117/292 [00:00<00:00, 307.15it/s, Materializing param=gpt_neox.layers.9.input_layernorm.bias]
Loading weights:  40%|####      | 118/292 [00:00<00:00, 307.15it/s, Materializing param=gpt_neox.layers.9.input_layernorm.weight]
Loading weights:  40%|####      | 118/292 [00:00<00:00, 307.15it/s, Materializing param=gpt_neox.layers.9.input_layernorm.weight]
Loading weights:  41%|####      | 119/292 [00:00<00:00, 307.15it/s, Materializing param=gpt_neox.layers.9.mlp.dense_4h_to_h.bias]
Loading weights:  41%|####      | 119/292 [00:00<00:00, 307.15it/s, Materializing param=gpt_neox.layers.9.mlp.dense_4h_to_h.bias]
Loading weights:  41%|####1     | 120/292 [00:00<00:00, 307.15it/s, Materializing param=gpt_neox.layers.9.mlp.dense_4h_to_h.weight]
Loading weights:  41%|####1     | 120/292 [00:00<00:00, 307.15it/s, Materializing param=gpt_neox.layers.9.mlp.dense_4h_to_h.weight]
Loading weights:  41%|####1     | 121/292 [00:00<00:00, 307.15it/s, Materializing param=gpt_neox.layers.9.mlp.dense_h_to_4h.bias]  
Loading weights:  41%|####1     | 121/292 [00:00<00:00, 307.15it/s, Materializing param=gpt_neox.layers.9.mlp.dense_h_to_4h.bias]
Loading weights:  42%|####1     | 122/292 [00:00<00:00, 307.15it/s, Materializing param=gpt_neox.layers.9.mlp.dense_h_to_4h.weight]
Loading weights:  42%|####1     | 122/292 [00:00<00:00, 307.15it/s, Materializing param=gpt_neox.layers.9.mlp.dense_h_to_4h.weight]
Loading weights:  42%|####2     | 123/292 [00:00<00:00, 307.15it/s, Materializing param=gpt_neox.layers.9.post_attention_layernorm.bias]
Loading weights:  42%|####2     | 123/292 [00:00<00:00, 307.15it/s, Materializing param=gpt_neox.layers.9.post_attention_layernorm.bias]
Loading weights:  42%|####2     | 124/292 [00:00<00:00, 307.15it/s, Materializing param=gpt_neox.layers.9.post_attention_layernorm.weight]
Loading weights:  42%|####2     | 124/292 [00:00<00:00, 307.15it/s, Materializing param=gpt_neox.layers.9.post_attention_layernorm.weight]
Loading weights:  43%|####2     | 125/292 [00:00<00:00, 307.15it/s, Materializing param=gpt_neox.layers.10.attention.dense.bias]          
Loading weights:  43%|####2     | 125/292 [00:00<00:00, 307.15it/s, Materializing param=gpt_neox.layers.10.attention.dense.bias]
Loading weights:  43%|####3     | 126/292 [00:00<00:00, 307.15it/s, Materializing param=gpt_neox.layers.10.attention.dense.weight]
Loading weights:  43%|####3     | 126/292 [00:00<00:00, 307.15it/s, Materializing param=gpt_neox.layers.10.attention.dense.weight]
Loading weights:  43%|####3     | 127/292 [00:00<00:00, 307.15it/s, Materializing param=gpt_neox.layers.10.attention.query_key_value.bias]
Loading weights:  43%|####3     | 127/292 [00:00<00:00, 307.15it/s, Materializing param=gpt_neox.layers.10.attention.query_key_value.bias]
Loading weights:  44%|####3     | 128/292 [00:00<00:00, 307.15it/s, Materializing param=gpt_neox.layers.10.attention.query_key_value.weight]
Loading weights:  44%|####3     | 128/292 [00:00<00:00, 307.15it/s, Materializing param=gpt_neox.layers.10.attention.query_key_value.weight]
Loading weights:  44%|####4     | 129/292 [00:00<00:00, 307.15it/s, Materializing param=gpt_neox.layers.10.input_layernorm.bias]            
Loading weights:  44%|####4     | 129/292 [00:00<00:00, 307.15it/s, Materializing param=gpt_neox.layers.10.input_layernorm.bias]
Loading weights:  45%|####4     | 130/292 [00:00<00:00, 307.15it/s, Materializing param=gpt_neox.layers.10.input_layernorm.weight]
Loading weights:  45%|####4     | 130/292 [00:00<00:00, 307.15it/s, Materializing param=gpt_neox.layers.10.input_layernorm.weight]
Loading weights:  45%|####4     | 131/292 [00:00<00:00, 307.15it/s, Materializing param=gpt_neox.layers.10.mlp.dense_4h_to_h.bias]
Loading weights:  45%|####4     | 131/292 [00:00<00:00, 307.15it/s, Materializing param=gpt_neox.layers.10.mlp.dense_4h_to_h.bias]
Loading weights:  45%|####5     | 132/292 [00:00<00:00, 307.15it/s, Materializing param=gpt_neox.layers.10.mlp.dense_4h_to_h.weight]
Loading weights:  45%|####5     | 132/292 [00:00<00:00, 307.15it/s, Materializing param=gpt_neox.layers.10.mlp.dense_4h_to_h.weight]
Loading weights:  46%|####5     | 133/292 [00:00<00:00, 307.15it/s, Materializing param=gpt_neox.layers.10.mlp.dense_h_to_4h.bias]  
Loading weights:  46%|####5     | 133/292 [00:00<00:00, 307.15it/s, Materializing param=gpt_neox.layers.10.mlp.dense_h_to_4h.bias]
Loading weights:  46%|####5     | 134/292 [00:00<00:00, 307.15it/s, Materializing param=gpt_neox.layers.10.mlp.dense_h_to_4h.weight]
Loading weights:  46%|####5     | 134/292 [00:00<00:00, 307.15it/s, Materializing param=gpt_neox.layers.10.mlp.dense_h_to_4h.weight]
Loading weights:  46%|####6     | 135/292 [00:00<00:00, 307.15it/s, Materializing param=gpt_neox.layers.10.post_attention_layernorm.bias]
Loading weights:  46%|####6     | 135/292 [00:00<00:00, 307.15it/s, Materializing param=gpt_neox.layers.10.post_attention_layernorm.bias]
Loading weights:  47%|####6     | 136/292 [00:00<00:00, 307.15it/s, Materializing param=gpt_neox.layers.10.post_attention_layernorm.weight]
Loading weights:  47%|####6     | 136/292 [00:00<00:00, 307.15it/s, Materializing param=gpt_neox.layers.10.post_attention_layernorm.weight]
Loading weights:  47%|####6     | 137/292 [00:00<00:00, 307.15it/s, Materializing param=gpt_neox.layers.11.attention.dense.bias]           
Loading weights:  47%|####6     | 137/292 [00:00<00:00, 307.15it/s, Materializing param=gpt_neox.layers.11.attention.dense.bias]
Loading weights:  47%|####7     | 138/292 [00:00<00:00, 307.15it/s, Materializing param=gpt_neox.layers.11.attention.dense.weight]
Loading weights:  47%|####7     | 138/292 [00:00<00:00, 307.15it/s, Materializing param=gpt_neox.layers.11.attention.dense.weight]
Loading weights:  48%|####7     | 139/292 [00:00<00:00, 307.15it/s, Materializing param=gpt_neox.layers.11.attention.query_key_value.bias]
Loading weights:  48%|####7     | 139/292 [00:00<00:00, 307.15it/s, Materializing param=gpt_neox.layers.11.attention.query_key_value.bias]
Loading weights:  48%|####7     | 140/292 [00:00<00:00, 307.15it/s, Materializing param=gpt_neox.layers.11.attention.query_key_value.weight]
Loading weights:  48%|####7     | 140/292 [00:00<00:00, 307.15it/s, Materializing param=gpt_neox.layers.11.attention.query_key_value.weight]
Loading weights:  48%|####8     | 141/292 [00:00<00:00, 307.15it/s, Materializing param=gpt_neox.layers.11.input_layernorm.bias]            
Loading weights:  48%|####8     | 141/292 [00:00<00:00, 307.15it/s, Materializing param=gpt_neox.layers.11.input_layernorm.bias]
Loading weights:  49%|####8     | 142/292 [00:00<00:00, 307.15it/s, Materializing param=gpt_neox.layers.11.input_layernorm.weight]
Loading weights:  49%|####8     | 142/292 [00:00<00:00, 307.15it/s, Materializing param=gpt_neox.layers.11.input_layernorm.weight]
Loading weights:  49%|####8     | 143/292 [00:00<00:00, 307.15it/s, Materializing param=gpt_neox.layers.11.mlp.dense_4h_to_h.bias]
Loading weights:  49%|####8     | 143/292 [00:00<00:00, 307.15it/s, Materializing param=gpt_neox.layers.11.mlp.dense_4h_to_h.bias]
Loading weights:  49%|####9     | 144/292 [00:00<00:00, 307.15it/s, Materializing param=gpt_neox.layers.11.mlp.dense_4h_to_h.weight]
Loading weights:  49%|####9     | 144/292 [00:00<00:00, 307.15it/s, Materializing param=gpt_neox.layers.11.mlp.dense_4h_to_h.weight]
Loading weights:  50%|####9     | 145/292 [00:00<00:00, 307.15it/s, Materializing param=gpt_neox.layers.11.mlp.dense_h_to_4h.bias]  
Loading weights:  50%|####9     | 145/292 [00:00<00:00, 307.15it/s, Materializing param=gpt_neox.layers.11.mlp.dense_h_to_4h.bias]
Loading weights:  50%|#####     | 146/292 [00:00<00:00, 307.15it/s, Materializing param=gpt_neox.layers.11.mlp.dense_h_to_4h.weight]
Loading weights:  50%|#####     | 146/292 [00:00<00:00, 307.15it/s, Materializing param=gpt_neox.layers.11.mlp.dense_h_to_4h.weight]
Loading weights:  50%|#####     | 147/292 [00:00<00:00, 307.15it/s, Materializing param=gpt_neox.layers.11.post_attention_layernorm.bias]
Loading weights:  50%|#####     | 147/292 [00:00<00:00, 307.15it/s, Materializing param=gpt_neox.layers.11.post_attention_layernorm.bias]
Loading weights:  51%|#####     | 148/292 [00:00<00:00, 307.15it/s, Materializing param=gpt_neox.layers.11.post_attention_layernorm.weight]
Loading weights:  51%|#####     | 148/292 [00:00<00:00, 307.15it/s, Materializing param=gpt_neox.layers.11.post_attention_layernorm.weight]
Loading weights:  51%|#####1    | 149/292 [00:00<00:00, 307.15it/s, Materializing param=gpt_neox.layers.12.attention.dense.bias]           
Loading weights:  51%|#####1    | 149/292 [00:00<00:00, 307.15it/s, Materializing param=gpt_neox.layers.12.attention.dense.bias]
Loading weights:  51%|#####1    | 150/292 [00:00<00:00, 307.15it/s, Materializing param=gpt_neox.layers.12.attention.dense.weight]
Loading weights:  51%|#####1    | 150/292 [00:00<00:00, 307.15it/s, Materializing param=gpt_neox.layers.12.attention.dense.weight]
Loading weights:  52%|#####1    | 151/292 [00:00<00:00, 307.15it/s, Materializing param=gpt_neox.layers.12.attention.query_key_value.bias]
Loading weights:  52%|#####1    | 151/292 [00:00<00:00, 307.15it/s, Materializing param=gpt_neox.layers.12.attention.query_key_value.bias]
Loading weights:  52%|#####2    | 152/292 [00:00<00:00, 307.15it/s, Materializing param=gpt_neox.layers.12.attention.query_key_value.weight]
Loading weights:  52%|#####2    | 152/292 [00:00<00:00, 307.15it/s, Materializing param=gpt_neox.layers.12.attention.query_key_value.weight]
Loading weights:  52%|#####2    | 153/292 [00:00<00:00, 307.15it/s, Materializing param=gpt_neox.layers.12.input_layernorm.bias]            
Loading weights:  52%|#####2    | 153/292 [00:00<00:00, 307.15it/s, Materializing param=gpt_neox.layers.12.input_layernorm.bias]
Loading weights:  53%|#####2    | 154/292 [00:00<00:00, 307.15it/s, Materializing param=gpt_neox.layers.12.input_layernorm.weight]
Loading weights:  53%|#####2    | 154/292 [00:00<00:00, 307.15it/s, Materializing param=gpt_neox.layers.12.input_layernorm.weight]
Loading weights:  53%|#####3    | 155/292 [00:00<00:00, 307.15it/s, Materializing param=gpt_neox.layers.12.mlp.dense_4h_to_h.bias]
Loading weights:  53%|#####3    | 155/292 [00:00<00:00, 307.15it/s, Materializing param=gpt_neox.layers.12.mlp.dense_4h_to_h.bias]
Loading weights:  53%|#####3    | 156/292 [00:00<00:00, 307.15it/s, Materializing param=gpt_neox.layers.12.mlp.dense_4h_to_h.weight]
Loading weights:  53%|#####3    | 156/292 [00:00<00:00, 307.15it/s, Materializing param=gpt_neox.layers.12.mlp.dense_4h_to_h.weight]
Loading weights:  54%|#####3    | 157/292 [00:00<00:00, 307.15it/s, Materializing param=gpt_neox.layers.12.mlp.dense_h_to_4h.bias]  
Loading weights:  54%|#####3    | 157/292 [00:00<00:00, 307.15it/s, Materializing param=gpt_neox.layers.12.mlp.dense_h_to_4h.bias]
Loading weights:  54%|#####4    | 158/292 [00:00<00:00, 307.15it/s, Materializing param=gpt_neox.layers.12.mlp.dense_h_to_4h.weight]
Loading weights:  54%|#####4    | 158/292 [00:00<00:00, 307.15it/s, Materializing param=gpt_neox.layers.12.mlp.dense_h_to_4h.weight]
Loading weights:  54%|#####4    | 159/292 [00:00<00:00, 307.15it/s, Materializing param=gpt_neox.layers.12.post_attention_layernorm.bias]
Loading weights:  54%|#####4    | 159/292 [00:00<00:00, 307.15it/s, Materializing param=gpt_neox.layers.12.post_attention_layernorm.bias]
Loading weights:  55%|#####4    | 160/292 [00:00<00:00, 307.15it/s, Materializing param=gpt_neox.layers.12.post_attention_layernorm.weight]
Loading weights:  55%|#####4    | 160/292 [00:00<00:00, 307.15it/s, Materializing param=gpt_neox.layers.12.post_attention_layernorm.weight]
Loading weights:  55%|#####5    | 161/292 [00:00<00:00, 307.15it/s, Materializing param=gpt_neox.layers.13.attention.dense.bias]           
Loading weights:  55%|#####5    | 161/292 [00:00<00:00, 307.15it/s, Materializing param=gpt_neox.layers.13.attention.dense.bias]
Loading weights:  55%|#####5    | 162/292 [00:00<00:00, 307.15it/s, Materializing param=gpt_neox.layers.13.attention.dense.weight]
Loading weights:  55%|#####5    | 162/292 [00:00<00:00, 307.15it/s, Materializing param=gpt_neox.layers.13.attention.dense.weight]
Loading weights:  56%|#####5    | 163/292 [00:00<00:00, 307.15it/s, Materializing param=gpt_neox.layers.13.attention.query_key_value.bias]
Loading weights:  56%|#####5    | 163/292 [00:00<00:00, 307.15it/s, Materializing param=gpt_neox.layers.13.attention.query_key_value.bias]
Loading weights:  56%|#####6    | 164/292 [00:00<00:00, 307.15it/s, Materializing param=gpt_neox.layers.13.attention.query_key_value.weight]
Loading weights:  56%|#####6    | 164/292 [00:00<00:00, 307.15it/s, Materializing param=gpt_neox.layers.13.attention.query_key_value.weight]
Loading weights:  57%|#####6    | 165/292 [00:00<00:00, 307.15it/s, Materializing param=gpt_neox.layers.13.input_layernorm.bias]            
Loading weights:  57%|#####6    | 165/292 [00:00<00:00, 307.15it/s, Materializing param=gpt_neox.layers.13.input_layernorm.bias]
Loading weights:  57%|#####6    | 166/292 [00:00<00:00, 307.15it/s, Materializing param=gpt_neox.layers.13.input_layernorm.weight]
Loading weights:  57%|#####6    | 166/292 [00:00<00:00, 307.15it/s, Materializing param=gpt_neox.layers.13.input_layernorm.weight]
Loading weights:  57%|#####7    | 167/292 [00:00<00:00, 307.15it/s, Materializing param=gpt_neox.layers.13.mlp.dense_4h_to_h.bias]
Loading weights:  57%|#####7    | 167/292 [00:00<00:00, 307.15it/s, Materializing param=gpt_neox.layers.13.mlp.dense_4h_to_h.bias]
Loading weights:  58%|#####7    | 168/292 [00:00<00:00, 307.15it/s, Materializing param=gpt_neox.layers.13.mlp.dense_4h_to_h.weight]
Loading weights:  58%|#####7    | 168/292 [00:00<00:00, 307.15it/s, Materializing param=gpt_neox.layers.13.mlp.dense_4h_to_h.weight]
Loading weights:  58%|#####7    | 169/292 [00:00<00:00, 307.15it/s, Materializing param=gpt_neox.layers.13.mlp.dense_h_to_4h.bias]  
Loading weights:  58%|#####7    | 169/292 [00:00<00:00, 307.15it/s, Materializing param=gpt_neox.layers.13.mlp.dense_h_to_4h.bias]
Loading weights:  58%|#####8    | 170/292 [00:00<00:00, 307.15it/s, Materializing param=gpt_neox.layers.13.mlp.dense_h_to_4h.weight]
Loading weights:  58%|#####8    | 170/292 [00:00<00:00, 307.15it/s, Materializing param=gpt_neox.layers.13.mlp.dense_h_to_4h.weight]
Loading weights:  59%|#####8    | 171/292 [00:00<00:00, 307.15it/s, Materializing param=gpt_neox.layers.13.post_attention_layernorm.bias]
Loading weights:  59%|#####8    | 171/292 [00:00<00:00, 307.15it/s, Materializing param=gpt_neox.layers.13.post_attention_layernorm.bias]
Loading weights:  59%|#####8    | 172/292 [00:00<00:00, 307.15it/s, Materializing param=gpt_neox.layers.13.post_attention_layernorm.weight]
Loading weights:  59%|#####8    | 172/292 [00:00<00:00, 307.15it/s, Materializing param=gpt_neox.layers.13.post_attention_layernorm.weight]
Loading weights:  59%|#####9    | 173/292 [00:00<00:00, 307.15it/s, Materializing param=gpt_neox.layers.14.attention.dense.bias]           
Loading weights:  59%|#####9    | 173/292 [00:00<00:00, 307.15it/s, Materializing param=gpt_neox.layers.14.attention.dense.bias]
Loading weights:  60%|#####9    | 174/292 [00:00<00:00, 307.15it/s, Materializing param=gpt_neox.layers.14.attention.dense.weight]
Loading weights:  60%|#####9    | 174/292 [00:00<00:00, 307.15it/s, Materializing param=gpt_neox.layers.14.attention.dense.weight]
Loading weights:  60%|#####9    | 175/292 [00:00<00:00, 307.15it/s, Materializing param=gpt_neox.layers.14.attention.query_key_value.bias]
Loading weights:  60%|#####9    | 175/292 [00:00<00:00, 307.15it/s, Materializing param=gpt_neox.layers.14.attention.query_key_value.bias]
Loading weights:  60%|######    | 176/292 [00:00<00:00, 307.15it/s, Materializing param=gpt_neox.layers.14.attention.query_key_value.weight]
Loading weights:  60%|######    | 176/292 [00:00<00:00, 307.15it/s, Materializing param=gpt_neox.layers.14.attention.query_key_value.weight]
Loading weights:  61%|######    | 177/292 [00:00<00:00, 307.15it/s, Materializing param=gpt_neox.layers.14.input_layernorm.bias]            
Loading weights:  61%|######    | 177/292 [00:00<00:00, 307.15it/s, Materializing param=gpt_neox.layers.14.input_layernorm.bias]
Loading weights:  61%|######    | 178/292 [00:00<00:00, 307.15it/s, Materializing param=gpt_neox.layers.14.input_layernorm.weight]
Loading weights:  61%|######    | 178/292 [00:00<00:00, 307.15it/s, Materializing param=gpt_neox.layers.14.input_layernorm.weight]
Loading weights:  61%|######1   | 179/292 [00:00<00:00, 307.15it/s, Materializing param=gpt_neox.layers.14.mlp.dense_4h_to_h.bias]
Loading weights:  61%|######1   | 179/292 [00:00<00:00, 307.15it/s, Materializing param=gpt_neox.layers.14.mlp.dense_4h_to_h.bias]
Loading weights:  62%|######1   | 180/292 [00:00<00:00, 307.15it/s, Materializing param=gpt_neox.layers.14.mlp.dense_4h_to_h.weight]
Loading weights:  62%|######1   | 180/292 [00:00<00:00, 307.15it/s, Materializing param=gpt_neox.layers.14.mlp.dense_4h_to_h.weight]
Loading weights:  62%|######1   | 181/292 [00:00<00:00, 307.15it/s, Materializing param=gpt_neox.layers.14.mlp.dense_h_to_4h.bias]  
Loading weights:  62%|######1   | 181/292 [00:00<00:00, 307.15it/s, Materializing param=gpt_neox.layers.14.mlp.dense_h_to_4h.bias]
Loading weights:  62%|######2   | 182/292 [00:00<00:00, 307.15it/s, Materializing param=gpt_neox.layers.14.mlp.dense_h_to_4h.weight]
Loading weights:  62%|######2   | 182/292 [00:00<00:00, 307.15it/s, Materializing param=gpt_neox.layers.14.mlp.dense_h_to_4h.weight]
Loading weights:  63%|######2   | 183/292 [00:00<00:00, 307.15it/s, Materializing param=gpt_neox.layers.14.post_attention_layernorm.bias]
Loading weights:  63%|######2   | 183/292 [00:00<00:00, 307.15it/s, Materializing param=gpt_neox.layers.14.post_attention_layernorm.bias]
Loading weights:  63%|######3   | 184/292 [00:00<00:00, 307.15it/s, Materializing param=gpt_neox.layers.14.post_attention_layernorm.weight]
Loading weights:  63%|######3   | 184/292 [00:00<00:00, 307.15it/s, Materializing param=gpt_neox.layers.14.post_attention_layernorm.weight]
Loading weights:  63%|######3   | 185/292 [00:00<00:00, 307.15it/s, Materializing param=gpt_neox.layers.15.attention.dense.bias]           
Loading weights:  63%|######3   | 185/292 [00:00<00:00, 307.15it/s, Materializing param=gpt_neox.layers.15.attention.dense.bias]
Loading weights:  64%|######3   | 186/292 [00:00<00:00, 307.15it/s, Materializing param=gpt_neox.layers.15.attention.dense.weight]
Loading weights:  64%|######3   | 186/292 [00:00<00:00, 307.15it/s, Materializing param=gpt_neox.layers.15.attention.dense.weight]
Loading weights:  64%|######4   | 187/292 [00:00<00:00, 307.15it/s, Materializing param=gpt_neox.layers.15.attention.query_key_value.bias]
Loading weights:  64%|######4   | 187/292 [00:00<00:00, 307.15it/s, Materializing param=gpt_neox.layers.15.attention.query_key_value.bias]
Loading weights:  64%|######4   | 188/292 [00:00<00:00, 307.15it/s, Materializing param=gpt_neox.layers.15.attention.query_key_value.weight]
Loading weights:  64%|######4   | 188/292 [00:00<00:00, 307.15it/s, Materializing param=gpt_neox.layers.15.attention.query_key_value.weight]
Loading weights:  65%|######4   | 189/292 [00:00<00:00, 307.15it/s, Materializing param=gpt_neox.layers.15.input_layernorm.bias]            
Loading weights:  65%|######4   | 189/292 [00:00<00:00, 307.15it/s, Materializing param=gpt_neox.layers.15.input_layernorm.bias]
Loading weights:  65%|######5   | 190/292 [00:00<00:00, 307.15it/s, Materializing param=gpt_neox.layers.15.input_layernorm.weight]
Loading weights:  65%|######5   | 190/292 [00:00<00:00, 307.15it/s, Materializing param=gpt_neox.layers.15.input_layernorm.weight]
Loading weights:  65%|######5   | 191/292 [00:00<00:00, 307.15it/s, Materializing param=gpt_neox.layers.15.mlp.dense_4h_to_h.bias]
Loading weights:  65%|######5   | 191/292 [00:00<00:00, 307.15it/s, Materializing param=gpt_neox.layers.15.mlp.dense_4h_to_h.bias]
Loading weights:  66%|######5   | 192/292 [00:00<00:00, 307.15it/s, Materializing param=gpt_neox.layers.15.mlp.dense_4h_to_h.weight]
Loading weights:  66%|######5   | 192/292 [00:00<00:00, 307.15it/s, Materializing param=gpt_neox.layers.15.mlp.dense_4h_to_h.weight]
Loading weights:  66%|######6   | 193/292 [00:00<00:00, 307.15it/s, Materializing param=gpt_neox.layers.15.mlp.dense_h_to_4h.bias]  
Loading weights:  66%|######6   | 193/292 [00:00<00:00, 307.15it/s, Materializing param=gpt_neox.layers.15.mlp.dense_h_to_4h.bias]
Loading weights:  66%|######6   | 194/292 [00:00<00:00, 307.15it/s, Materializing param=gpt_neox.layers.15.mlp.dense_h_to_4h.weight]
Loading weights:  66%|######6   | 194/292 [00:00<00:00, 307.15it/s, Materializing param=gpt_neox.layers.15.mlp.dense_h_to_4h.weight]
Loading weights:  67%|######6   | 195/292 [00:00<00:00, 307.15it/s, Materializing param=gpt_neox.layers.15.post_attention_layernorm.bias]
Loading weights:  67%|######6   | 195/292 [00:00<00:00, 307.15it/s, Materializing param=gpt_neox.layers.15.post_attention_layernorm.bias]
Loading weights:  67%|######7   | 196/292 [00:00<00:00, 307.15it/s, Materializing param=gpt_neox.layers.15.post_attention_layernorm.weight]
Loading weights:  67%|######7   | 196/292 [00:00<00:00, 307.15it/s, Materializing param=gpt_neox.layers.15.post_attention_layernorm.weight]
Loading weights:  67%|######7   | 197/292 [00:00<00:00, 307.15it/s, Materializing param=gpt_neox.layers.16.attention.dense.bias]           
Loading weights:  67%|######7   | 197/292 [00:00<00:00, 307.15it/s, Materializing param=gpt_neox.layers.16.attention.dense.bias]
Loading weights:  68%|######7   | 198/292 [00:00<00:00, 307.15it/s, Materializing param=gpt_neox.layers.16.attention.dense.weight]
Loading weights:  68%|######7   | 198/292 [00:00<00:00, 307.15it/s, Materializing param=gpt_neox.layers.16.attention.dense.weight]
Loading weights:  68%|######8   | 199/292 [00:00<00:00, 307.15it/s, Materializing param=gpt_neox.layers.16.attention.query_key_value.bias]
Loading weights:  68%|######8   | 199/292 [00:00<00:00, 307.15it/s, Materializing param=gpt_neox.layers.16.attention.query_key_value.bias]
Loading weights:  68%|######8   | 200/292 [00:00<00:00, 307.15it/s, Materializing param=gpt_neox.layers.16.attention.query_key_value.weight]
Loading weights:  68%|######8   | 200/292 [00:00<00:00, 307.15it/s, Materializing param=gpt_neox.layers.16.attention.query_key_value.weight]
Loading weights:  69%|######8   | 201/292 [00:00<00:00, 307.15it/s, Materializing param=gpt_neox.layers.16.input_layernorm.bias]            
Loading weights:  69%|######8   | 201/292 [00:00<00:00, 307.15it/s, Materializing param=gpt_neox.layers.16.input_layernorm.bias]
Loading weights:  69%|######9   | 202/292 [00:00<00:00, 307.15it/s, Materializing param=gpt_neox.layers.16.input_layernorm.weight]
Loading weights:  69%|######9   | 202/292 [00:00<00:00, 307.15it/s, Materializing param=gpt_neox.layers.16.input_layernorm.weight]
Loading weights:  70%|######9   | 203/292 [00:00<00:00, 307.15it/s, Materializing param=gpt_neox.layers.16.mlp.dense_4h_to_h.bias]
Loading weights:  70%|######9   | 203/292 [00:00<00:00, 307.15it/s, Materializing param=gpt_neox.layers.16.mlp.dense_4h_to_h.bias]
Loading weights:  70%|######9   | 204/292 [00:00<00:00, 307.15it/s, Materializing param=gpt_neox.layers.16.mlp.dense_4h_to_h.weight]
Loading weights:  70%|######9   | 204/292 [00:00<00:00, 307.15it/s, Materializing param=gpt_neox.layers.16.mlp.dense_4h_to_h.weight]
Loading weights:  70%|#######   | 205/292 [00:00<00:00, 307.15it/s, Materializing param=gpt_neox.layers.16.mlp.dense_h_to_4h.bias]  
Loading weights:  70%|#######   | 205/292 [00:00<00:00, 307.15it/s, Materializing param=gpt_neox.layers.16.mlp.dense_h_to_4h.bias]
Loading weights:  71%|#######   | 206/292 [00:00<00:00, 307.15it/s, Materializing param=gpt_neox.layers.16.mlp.dense_h_to_4h.weight]
Loading weights:  71%|#######   | 206/292 [00:00<00:00, 307.15it/s, Materializing param=gpt_neox.layers.16.mlp.dense_h_to_4h.weight]
Loading weights:  71%|#######   | 207/292 [00:00<00:00, 307.15it/s, Materializing param=gpt_neox.layers.16.post_attention_layernorm.bias]
Loading weights:  71%|#######   | 207/292 [00:00<00:00, 307.15it/s, Materializing param=gpt_neox.layers.16.post_attention_layernorm.bias]
Loading weights:  71%|#######1  | 208/292 [00:00<00:00, 307.15it/s, Materializing param=gpt_neox.layers.16.post_attention_layernorm.weight]
Loading weights:  71%|#######1  | 208/292 [00:00<00:00, 307.15it/s, Materializing param=gpt_neox.layers.16.post_attention_layernorm.weight]
Loading weights:  72%|#######1  | 209/292 [00:00<00:00, 307.15it/s, Materializing param=gpt_neox.layers.17.attention.dense.bias]           
Loading weights:  72%|#######1  | 209/292 [00:00<00:00, 307.15it/s, Materializing param=gpt_neox.layers.17.attention.dense.bias]
Loading weights:  72%|#######1  | 210/292 [00:00<00:00, 307.15it/s, Materializing param=gpt_neox.layers.17.attention.dense.weight]
Loading weights:  72%|#######1  | 210/292 [00:00<00:00, 307.15it/s, Materializing param=gpt_neox.layers.17.attention.dense.weight]
Loading weights:  72%|#######2  | 211/292 [00:00<00:00, 307.15it/s, Materializing param=gpt_neox.layers.17.attention.query_key_value.bias]
Loading weights:  72%|#######2  | 211/292 [00:00<00:00, 307.15it/s, Materializing param=gpt_neox.layers.17.attention.query_key_value.bias]
Loading weights:  73%|#######2  | 212/292 [00:00<00:00, 307.15it/s, Materializing param=gpt_neox.layers.17.attention.query_key_value.weight]
Loading weights:  73%|#######2  | 212/292 [00:00<00:00, 307.15it/s, Materializing param=gpt_neox.layers.17.attention.query_key_value.weight]
Loading weights:  73%|#######2  | 213/292 [00:00<00:00, 307.15it/s, Materializing param=gpt_neox.layers.17.input_layernorm.bias]            
Loading weights:  73%|#######2  | 213/292 [00:00<00:00, 307.15it/s, Materializing param=gpt_neox.layers.17.input_layernorm.bias]
Loading weights:  73%|#######3  | 214/292 [00:00<00:00, 307.15it/s, Materializing param=gpt_neox.layers.17.input_layernorm.weight]
Loading weights:  73%|#######3  | 214/292 [00:00<00:00, 307.15it/s, Materializing param=gpt_neox.layers.17.input_layernorm.weight]
Loading weights:  74%|#######3  | 215/292 [00:00<00:00, 307.15it/s, Materializing param=gpt_neox.layers.17.mlp.dense_4h_to_h.bias]
Loading weights:  74%|#######3  | 215/292 [00:00<00:00, 307.15it/s, Materializing param=gpt_neox.layers.17.mlp.dense_4h_to_h.bias]
Loading weights:  74%|#######3  | 216/292 [00:00<00:00, 307.15it/s, Materializing param=gpt_neox.layers.17.mlp.dense_4h_to_h.weight]
Loading weights:  74%|#######3  | 216/292 [00:00<00:00, 307.15it/s, Materializing param=gpt_neox.layers.17.mlp.dense_4h_to_h.weight]
Loading weights:  74%|#######4  | 217/292 [00:00<00:00, 307.15it/s, Materializing param=gpt_neox.layers.17.mlp.dense_h_to_4h.bias]  
Loading weights:  74%|#######4  | 217/292 [00:00<00:00, 307.15it/s, Materializing param=gpt_neox.layers.17.mlp.dense_h_to_4h.bias]
Loading weights:  75%|#######4  | 218/292 [00:00<00:00, 307.15it/s, Materializing param=gpt_neox.layers.17.mlp.dense_h_to_4h.weight]
Loading weights:  75%|#######4  | 218/292 [00:00<00:00, 307.15it/s, Materializing param=gpt_neox.layers.17.mlp.dense_h_to_4h.weight]
Loading weights:  75%|#######5  | 219/292 [00:00<00:00, 307.15it/s, Materializing param=gpt_neox.layers.17.post_attention_layernorm.bias]
Loading weights:  75%|#######5  | 219/292 [00:00<00:00, 307.15it/s, Materializing param=gpt_neox.layers.17.post_attention_layernorm.bias]
Loading weights:  75%|#######5  | 220/292 [00:00<00:00, 307.15it/s, Materializing param=gpt_neox.layers.17.post_attention_layernorm.weight]
Loading weights:  75%|#######5  | 220/292 [00:00<00:00, 307.15it/s, Materializing param=gpt_neox.layers.17.post_attention_layernorm.weight]
Loading weights:  76%|#######5  | 221/292 [00:00<00:00, 307.15it/s, Materializing param=gpt_neox.layers.18.attention.dense.bias]           
Loading weights:  76%|#######5  | 221/292 [00:00<00:00, 307.15it/s, Materializing param=gpt_neox.layers.18.attention.dense.bias]
Loading weights:  76%|#######6  | 222/292 [00:00<00:00, 307.15it/s, Materializing param=gpt_neox.layers.18.attention.dense.weight]
Loading weights:  76%|#######6  | 222/292 [00:00<00:00, 307.15it/s, Materializing param=gpt_neox.layers.18.attention.dense.weight]
Loading weights:  76%|#######6  | 223/292 [00:00<00:00, 307.15it/s, Materializing param=gpt_neox.layers.18.attention.query_key_value.bias]
Loading weights:  76%|#######6  | 223/292 [00:00<00:00, 307.15it/s, Materializing param=gpt_neox.layers.18.attention.query_key_value.bias]
Loading weights:  77%|#######6  | 224/292 [00:00<00:00, 307.15it/s, Materializing param=gpt_neox.layers.18.attention.query_key_value.weight]
Loading weights:  77%|#######6  | 224/292 [00:00<00:00, 307.15it/s, Materializing param=gpt_neox.layers.18.attention.query_key_value.weight]
Loading weights:  77%|#######7  | 225/292 [00:00<00:00, 307.15it/s, Materializing param=gpt_neox.layers.18.input_layernorm.bias]            
Loading weights:  77%|#######7  | 225/292 [00:00<00:00, 307.15it/s, Materializing param=gpt_neox.layers.18.input_layernorm.bias]
Loading weights:  77%|#######7  | 226/292 [00:00<00:00, 307.15it/s, Materializing param=gpt_neox.layers.18.input_layernorm.weight]
Loading weights:  77%|#######7  | 226/292 [00:00<00:00, 307.15it/s, Materializing param=gpt_neox.layers.18.input_layernorm.weight]
Loading weights:  78%|#######7  | 227/292 [00:00<00:00, 307.15it/s, Materializing param=gpt_neox.layers.18.mlp.dense_4h_to_h.bias]
Loading weights:  78%|#######7  | 227/292 [00:00<00:00, 307.15it/s, Materializing param=gpt_neox.layers.18.mlp.dense_4h_to_h.bias]
Loading weights:  78%|#######8  | 228/292 [00:00<00:00, 307.15it/s, Materializing param=gpt_neox.layers.18.mlp.dense_4h_to_h.weight]
Loading weights:  78%|#######8  | 228/292 [00:00<00:00, 307.15it/s, Materializing param=gpt_neox.layers.18.mlp.dense_4h_to_h.weight]
Loading weights:  78%|#######8  | 229/292 [00:00<00:00, 307.15it/s, Materializing param=gpt_neox.layers.18.mlp.dense_h_to_4h.bias]  
Loading weights:  78%|#######8  | 229/292 [00:00<00:00, 307.15it/s, Materializing param=gpt_neox.layers.18.mlp.dense_h_to_4h.bias]
Loading weights:  79%|#######8  | 230/292 [00:00<00:00, 307.15it/s, Materializing param=gpt_neox.layers.18.mlp.dense_h_to_4h.weight]
Loading weights:  79%|#######8  | 230/292 [00:00<00:00, 307.15it/s, Materializing param=gpt_neox.layers.18.mlp.dense_h_to_4h.weight]
Loading weights:  79%|#######9  | 231/292 [00:00<00:00, 307.15it/s, Materializing param=gpt_neox.layers.18.post_attention_layernorm.bias]
Loading weights:  79%|#######9  | 231/292 [00:00<00:00, 307.15it/s, Materializing param=gpt_neox.layers.18.post_attention_layernorm.bias]
Loading weights:  79%|#######9  | 232/292 [00:00<00:00, 307.15it/s, Materializing param=gpt_neox.layers.18.post_attention_layernorm.weight]
Loading weights:  79%|#######9  | 232/292 [00:00<00:00, 307.15it/s, Materializing param=gpt_neox.layers.18.post_attention_layernorm.weight]
Loading weights:  80%|#######9  | 233/292 [00:00<00:00, 307.15it/s, Materializing param=gpt_neox.layers.19.attention.dense.bias]           
Loading weights:  80%|#######9  | 233/292 [00:00<00:00, 307.15it/s, Materializing param=gpt_neox.layers.19.attention.dense.bias]
Loading weights:  80%|########  | 234/292 [00:00<00:00, 307.15it/s, Materializing param=gpt_neox.layers.19.attention.dense.weight]
Loading weights:  80%|########  | 234/292 [00:00<00:00, 307.15it/s, Materializing param=gpt_neox.layers.19.attention.dense.weight]
Loading weights:  80%|########  | 235/292 [00:00<00:00, 307.15it/s, Materializing param=gpt_neox.layers.19.attention.query_key_value.bias]
Loading weights:  80%|########  | 235/292 [00:00<00:00, 307.15it/s, Materializing param=gpt_neox.layers.19.attention.query_key_value.bias]
Loading weights:  81%|########  | 236/292 [00:00<00:00, 307.15it/s, Materializing param=gpt_neox.layers.19.attention.query_key_value.weight]
Loading weights:  81%|########  | 236/292 [00:00<00:00, 307.15it/s, Materializing param=gpt_neox.layers.19.attention.query_key_value.weight]
Loading weights:  81%|########1 | 237/292 [00:00<00:00, 307.15it/s, Materializing param=gpt_neox.layers.19.input_layernorm.bias]            
Loading weights:  81%|########1 | 237/292 [00:00<00:00, 307.15it/s, Materializing param=gpt_neox.layers.19.input_layernorm.bias]
Loading weights:  82%|########1 | 238/292 [00:00<00:00, 307.15it/s, Materializing param=gpt_neox.layers.19.input_layernorm.weight]
Loading weights:  82%|########1 | 238/292 [00:00<00:00, 307.15it/s, Materializing param=gpt_neox.layers.19.input_layernorm.weight]
Loading weights:  82%|########1 | 239/292 [00:00<00:00, 307.15it/s, Materializing param=gpt_neox.layers.19.mlp.dense_4h_to_h.bias]
Loading weights:  82%|########1 | 239/292 [00:00<00:00, 307.15it/s, Materializing param=gpt_neox.layers.19.mlp.dense_4h_to_h.bias]
Loading weights:  82%|########2 | 240/292 [00:00<00:00, 307.15it/s, Materializing param=gpt_neox.layers.19.mlp.dense_4h_to_h.weight]
Loading weights:  82%|########2 | 240/292 [00:00<00:00, 307.15it/s, Materializing param=gpt_neox.layers.19.mlp.dense_4h_to_h.weight]
Loading weights:  83%|########2 | 241/292 [00:00<00:00, 307.15it/s, Materializing param=gpt_neox.layers.19.mlp.dense_h_to_4h.bias]  
Loading weights:  83%|########2 | 241/292 [00:00<00:00, 307.15it/s, Materializing param=gpt_neox.layers.19.mlp.dense_h_to_4h.bias]
Loading weights:  83%|########2 | 242/292 [00:00<00:00, 307.15it/s, Materializing param=gpt_neox.layers.19.mlp.dense_h_to_4h.weight]
Loading weights:  83%|########2 | 242/292 [00:00<00:00, 307.15it/s, Materializing param=gpt_neox.layers.19.mlp.dense_h_to_4h.weight]
Loading weights:  83%|########3 | 243/292 [00:00<00:00, 307.15it/s, Materializing param=gpt_neox.layers.19.post_attention_layernorm.bias]
Loading weights:  83%|########3 | 243/292 [00:00<00:00, 307.15it/s, Materializing param=gpt_neox.layers.19.post_attention_layernorm.bias]
Loading weights:  84%|########3 | 244/292 [00:00<00:00, 307.15it/s, Materializing param=gpt_neox.layers.19.post_attention_layernorm.weight]
Loading weights:  84%|########3 | 244/292 [00:00<00:00, 307.15it/s, Materializing param=gpt_neox.layers.19.post_attention_layernorm.weight]
Loading weights:  84%|########3 | 245/292 [00:00<00:00, 307.15it/s, Materializing param=gpt_neox.layers.20.attention.dense.bias]           
Loading weights:  84%|########3 | 245/292 [00:00<00:00, 307.15it/s, Materializing param=gpt_neox.layers.20.attention.dense.bias]
Loading weights:  84%|########4 | 246/292 [00:00<00:00, 307.15it/s, Materializing param=gpt_neox.layers.20.attention.dense.weight]
Loading weights:  84%|########4 | 246/292 [00:00<00:00, 307.15it/s, Materializing param=gpt_neox.layers.20.attention.dense.weight]
Loading weights:  85%|########4 | 247/292 [00:00<00:00, 307.15it/s, Materializing param=gpt_neox.layers.20.attention.query_key_value.bias]
Loading weights:  85%|########4 | 247/292 [00:00<00:00, 307.15it/s, Materializing param=gpt_neox.layers.20.attention.query_key_value.bias]
Loading weights:  85%|########4 | 248/292 [00:00<00:00, 307.15it/s, Materializing param=gpt_neox.layers.20.attention.query_key_value.weight]
Loading weights:  85%|########4 | 248/292 [00:00<00:00, 307.15it/s, Materializing param=gpt_neox.layers.20.attention.query_key_value.weight]
Loading weights:  85%|########5 | 249/292 [00:00<00:00, 307.15it/s, Materializing param=gpt_neox.layers.20.input_layernorm.bias]            
Loading weights:  85%|########5 | 249/292 [00:00<00:00, 307.15it/s, Materializing param=gpt_neox.layers.20.input_layernorm.bias]
Loading weights:  86%|########5 | 250/292 [00:00<00:00, 307.15it/s, Materializing param=gpt_neox.layers.20.input_layernorm.weight]
Loading weights:  86%|########5 | 250/292 [00:00<00:00, 307.15it/s, Materializing param=gpt_neox.layers.20.input_layernorm.weight]
Loading weights:  86%|########5 | 251/292 [00:00<00:00, 307.15it/s, Materializing param=gpt_neox.layers.20.mlp.dense_4h_to_h.bias]
Loading weights:  86%|########5 | 251/292 [00:00<00:00, 307.15it/s, Materializing param=gpt_neox.layers.20.mlp.dense_4h_to_h.bias]
Loading weights:  86%|########6 | 252/292 [00:00<00:00, 307.15it/s, Materializing param=gpt_neox.layers.20.mlp.dense_4h_to_h.weight]
Loading weights:  86%|########6 | 252/292 [00:00<00:00, 307.15it/s, Materializing param=gpt_neox.layers.20.mlp.dense_4h_to_h.weight]
Loading weights:  87%|########6 | 253/292 [00:00<00:00, 307.15it/s, Materializing param=gpt_neox.layers.20.mlp.dense_h_to_4h.bias]  
Loading weights:  87%|########6 | 253/292 [00:00<00:00, 307.15it/s, Materializing param=gpt_neox.layers.20.mlp.dense_h_to_4h.bias]
Loading weights:  87%|########6 | 254/292 [00:00<00:00, 307.15it/s, Materializing param=gpt_neox.layers.20.mlp.dense_h_to_4h.weight]
Loading weights:  87%|########6 | 254/292 [00:00<00:00, 307.15it/s, Materializing param=gpt_neox.layers.20.mlp.dense_h_to_4h.weight]
Loading weights:  87%|########7 | 255/292 [00:00<00:00, 307.15it/s, Materializing param=gpt_neox.layers.20.post_attention_layernorm.bias]
Loading weights:  87%|########7 | 255/292 [00:00<00:00, 307.15it/s, Materializing param=gpt_neox.layers.20.post_attention_layernorm.bias]
Loading weights:  88%|########7 | 256/292 [00:00<00:00, 307.15it/s, Materializing param=gpt_neox.layers.20.post_attention_layernorm.weight]
Loading weights:  88%|########7 | 256/292 [00:00<00:00, 307.15it/s, Materializing param=gpt_neox.layers.20.post_attention_layernorm.weight]
Loading weights:  88%|########8 | 257/292 [00:00<00:00, 307.15it/s, Materializing param=gpt_neox.layers.21.attention.dense.bias]           
Loading weights:  88%|########8 | 257/292 [00:00<00:00, 307.15it/s, Materializing param=gpt_neox.layers.21.attention.dense.bias]
Loading weights:  88%|########8 | 258/292 [00:00<00:00, 307.15it/s, Materializing param=gpt_neox.layers.21.attention.dense.weight]
Loading weights:  88%|########8 | 258/292 [00:00<00:00, 307.15it/s, Materializing param=gpt_neox.layers.21.attention.dense.weight]
Loading weights:  89%|########8 | 259/292 [00:00<00:00, 307.15it/s, Materializing param=gpt_neox.layers.21.attention.query_key_value.bias]
Loading weights:  89%|########8 | 259/292 [00:00<00:00, 307.15it/s, Materializing param=gpt_neox.layers.21.attention.query_key_value.bias]
Loading weights:  89%|########9 | 260/292 [00:00<00:00, 307.15it/s, Materializing param=gpt_neox.layers.21.attention.query_key_value.weight]
Loading weights:  89%|########9 | 260/292 [00:00<00:00, 307.15it/s, Materializing param=gpt_neox.layers.21.attention.query_key_value.weight]
Loading weights:  89%|########9 | 261/292 [00:00<00:00, 307.15it/s, Materializing param=gpt_neox.layers.21.input_layernorm.bias]            
Loading weights:  89%|########9 | 261/292 [00:00<00:00, 307.15it/s, Materializing param=gpt_neox.layers.21.input_layernorm.bias]
Loading weights:  90%|########9 | 262/292 [00:00<00:00, 307.15it/s, Materializing param=gpt_neox.layers.21.input_layernorm.weight]
Loading weights:  90%|########9 | 262/292 [00:00<00:00, 307.15it/s, Materializing param=gpt_neox.layers.21.input_layernorm.weight]
Loading weights:  90%|######### | 263/292 [00:00<00:00, 307.15it/s, Materializing param=gpt_neox.layers.21.mlp.dense_4h_to_h.bias]
Loading weights:  90%|######### | 263/292 [00:00<00:00, 307.15it/s, Materializing param=gpt_neox.layers.21.mlp.dense_4h_to_h.bias]
Loading weights:  90%|######### | 264/292 [00:00<00:00, 307.15it/s, Materializing param=gpt_neox.layers.21.mlp.dense_4h_to_h.weight]
Loading weights:  90%|######### | 264/292 [00:00<00:00, 307.15it/s, Materializing param=gpt_neox.layers.21.mlp.dense_4h_to_h.weight]
Loading weights:  91%|######### | 265/292 [00:00<00:00, 307.15it/s, Materializing param=gpt_neox.layers.21.mlp.dense_h_to_4h.bias]  
Loading weights:  91%|######### | 265/292 [00:00<00:00, 307.15it/s, Materializing param=gpt_neox.layers.21.mlp.dense_h_to_4h.bias]
Loading weights:  91%|#########1| 266/292 [00:00<00:00, 307.15it/s, Materializing param=gpt_neox.layers.21.mlp.dense_h_to_4h.weight]
Loading weights:  91%|#########1| 266/292 [00:00<00:00, 307.15it/s, Materializing param=gpt_neox.layers.21.mlp.dense_h_to_4h.weight]
Loading weights:  91%|#########1| 267/292 [00:00<00:00, 307.15it/s, Materializing param=gpt_neox.layers.21.post_attention_layernorm.bias]
Loading weights:  91%|#########1| 267/292 [00:00<00:00, 307.15it/s, Materializing param=gpt_neox.layers.21.post_attention_layernorm.bias]
Loading weights:  92%|#########1| 268/292 [00:00<00:00, 307.15it/s, Materializing param=gpt_neox.layers.21.post_attention_layernorm.weight]
Loading weights:  92%|#########1| 268/292 [00:00<00:00, 307.15it/s, Materializing param=gpt_neox.layers.21.post_attention_layernorm.weight]
Loading weights:  92%|#########2| 269/292 [00:00<00:00, 307.15it/s, Materializing param=gpt_neox.layers.22.attention.dense.bias]           
Loading weights:  92%|#########2| 269/292 [00:00<00:00, 307.15it/s, Materializing param=gpt_neox.layers.22.attention.dense.bias]
Loading weights:  92%|#########2| 270/292 [00:00<00:00, 307.15it/s, Materializing param=gpt_neox.layers.22.attention.dense.weight]
Loading weights:  92%|#########2| 270/292 [00:00<00:00, 307.15it/s, Materializing param=gpt_neox.layers.22.attention.dense.weight]
Loading weights:  93%|#########2| 271/292 [00:00<00:00, 307.15it/s, Materializing param=gpt_neox.layers.22.attention.query_key_value.bias]
Loading weights:  93%|#########2| 271/292 [00:00<00:00, 307.15it/s, Materializing param=gpt_neox.layers.22.attention.query_key_value.bias]
Loading weights:  93%|#########3| 272/292 [00:00<00:00, 307.15it/s, Materializing param=gpt_neox.layers.22.attention.query_key_value.weight]
Loading weights:  93%|#########3| 272/292 [00:00<00:00, 307.15it/s, Materializing param=gpt_neox.layers.22.attention.query_key_value.weight]
Loading weights:  93%|#########3| 273/292 [00:00<00:00, 307.15it/s, Materializing param=gpt_neox.layers.22.input_layernorm.bias]            
Loading weights:  93%|#########3| 273/292 [00:00<00:00, 307.15it/s, Materializing param=gpt_neox.layers.22.input_layernorm.bias]
Loading weights:  94%|#########3| 274/292 [00:00<00:00, 307.15it/s, Materializing param=gpt_neox.layers.22.input_layernorm.weight]
Loading weights:  94%|#########3| 274/292 [00:00<00:00, 307.15it/s, Materializing param=gpt_neox.layers.22.input_layernorm.weight]
Loading weights:  94%|#########4| 275/292 [00:00<00:00, 307.15it/s, Materializing param=gpt_neox.layers.22.mlp.dense_4h_to_h.bias]
Loading weights:  94%|#########4| 275/292 [00:00<00:00, 307.15it/s, Materializing param=gpt_neox.layers.22.mlp.dense_4h_to_h.bias]
Loading weights:  95%|#########4| 276/292 [00:00<00:00, 307.15it/s, Materializing param=gpt_neox.layers.22.mlp.dense_4h_to_h.weight]
Loading weights:  95%|#########4| 276/292 [00:00<00:00, 307.15it/s, Materializing param=gpt_neox.layers.22.mlp.dense_4h_to_h.weight]
Loading weights:  95%|#########4| 277/292 [00:00<00:00, 307.15it/s, Materializing param=gpt_neox.layers.22.mlp.dense_h_to_4h.bias]  
Loading weights:  95%|#########4| 277/292 [00:00<00:00, 307.15it/s, Materializing param=gpt_neox.layers.22.mlp.dense_h_to_4h.bias]
Loading weights:  95%|#########5| 278/292 [00:00<00:00, 307.15it/s, Materializing param=gpt_neox.layers.22.mlp.dense_h_to_4h.weight]
Loading weights:  95%|#########5| 278/292 [00:00<00:00, 307.15it/s, Materializing param=gpt_neox.layers.22.mlp.dense_h_to_4h.weight]
Loading weights:  96%|#########5| 279/292 [00:00<00:00, 307.15it/s, Materializing param=gpt_neox.layers.22.post_attention_layernorm.bias]
Loading weights:  96%|#########5| 279/292 [00:00<00:00, 307.15it/s, Materializing param=gpt_neox.layers.22.post_attention_layernorm.bias]
Loading weights:  96%|#########5| 280/292 [00:00<00:00, 307.15it/s, Materializing param=gpt_neox.layers.22.post_attention_layernorm.weight]
Loading weights:  96%|#########5| 280/292 [00:00<00:00, 307.15it/s, Materializing param=gpt_neox.layers.22.post_attention_layernorm.weight]
Loading weights:  96%|#########6| 281/292 [00:00<00:00, 307.15it/s, Materializing param=gpt_neox.layers.23.attention.dense.bias]           
Loading weights:  96%|#########6| 281/292 [00:00<00:00, 307.15it/s, Materializing param=gpt_neox.layers.23.attention.dense.bias]
Loading weights:  97%|#########6| 282/292 [00:00<00:00, 307.15it/s, Materializing param=gpt_neox.layers.23.attention.dense.weight]
Loading weights:  97%|#########6| 282/292 [00:00<00:00, 307.15it/s, Materializing param=gpt_neox.layers.23.attention.dense.weight]
Loading weights:  97%|#########6| 283/292 [00:00<00:00, 307.15it/s, Materializing param=gpt_neox.layers.23.attention.query_key_value.bias]
Loading weights:  97%|#########6| 283/292 [00:00<00:00, 307.15it/s, Materializing param=gpt_neox.layers.23.attention.query_key_value.bias]
Loading weights:  97%|#########7| 284/292 [00:00<00:00, 307.15it/s, Materializing param=gpt_neox.layers.23.attention.query_key_value.weight]
Loading weights:  97%|#########7| 284/292 [00:00<00:00, 307.15it/s, Materializing param=gpt_neox.layers.23.attention.query_key_value.weight]
Loading weights:  98%|#########7| 285/292 [00:00<00:00, 307.15it/s, Materializing param=gpt_neox.layers.23.input_layernorm.bias]            
Loading weights:  98%|#########7| 285/292 [00:00<00:00, 307.15it/s, Materializing param=gpt_neox.layers.23.input_layernorm.bias]
Loading weights:  98%|#########7| 286/292 [00:00<00:00, 307.15it/s, Materializing param=gpt_neox.layers.23.input_layernorm.weight]
Loading weights:  98%|#########7| 286/292 [00:00<00:00, 307.15it/s, Materializing param=gpt_neox.layers.23.input_layernorm.weight]
Loading weights:  98%|#########8| 287/292 [00:00<00:00, 307.15it/s, Materializing param=gpt_neox.layers.23.mlp.dense_4h_to_h.bias]
Loading weights:  98%|#########8| 287/292 [00:00<00:00, 307.15it/s, Materializing param=gpt_neox.layers.23.mlp.dense_4h_to_h.bias]
Loading weights:  99%|#########8| 288/292 [00:00<00:00, 307.15it/s, Materializing param=gpt_neox.layers.23.mlp.dense_4h_to_h.weight]
Loading weights:  99%|#########8| 288/292 [00:00<00:00, 307.15it/s, Materializing param=gpt_neox.layers.23.mlp.dense_4h_to_h.weight]
Loading weights:  99%|#########8| 289/292 [00:00<00:00, 307.15it/s, Materializing param=gpt_neox.layers.23.mlp.dense_h_to_4h.bias]  
Loading weights:  99%|#########8| 289/292 [00:00<00:00, 307.15it/s, Materializing param=gpt_neox.layers.23.mlp.dense_h_to_4h.bias]
Loading weights:  99%|#########9| 290/292 [00:00<00:00, 307.15it/s, Materializing param=gpt_neox.layers.23.mlp.dense_h_to_4h.weight]
Loading weights:  99%|#########9| 290/292 [00:00<00:00, 307.15it/s, Materializing param=gpt_neox.layers.23.mlp.dense_h_to_4h.weight]
Loading weights: 100%|#########9| 291/292 [00:00<00:00, 307.15it/s, Materializing param=gpt_neox.layers.23.post_attention_layernorm.bias]
Loading weights: 100%|#########9| 291/292 [00:00<00:00, 307.15it/s, Materializing param=gpt_neox.layers.23.post_attention_layernorm.bias]
Loading weights: 100%|##########| 292/292 [00:00<00:00, 307.15it/s, Materializing param=gpt_neox.layers.23.post_attention_layernorm.weight]
Loading weights: 100%|##########| 292/292 [00:00<00:00, 307.15it/s, Materializing param=gpt_neox.layers.23.post_attention_layernorm.weight]
Loading weights: 100%|##########| 292/292 [00:00<00:00, 1004.21it/s, Materializing param=gpt_neox.layers.23.post_attention_layernorm.weight]

Loading weights:   0%|          | 0/292 [00:00<?, ?it/s]
Loading weights:   0%|          | 1/292 [00:00<00:00, 26715.31it/s, Materializing param=embed_out.weight]
Loading weights:   0%|          | 1/292 [00:00<00:00, 7281.78it/s, Materializing param=embed_out.weight] 
Loading weights:   1%|          | 2/292 [00:00<00:00, 5398.07it/s, Materializing param=gpt_neox.embed_in.weight]
Loading weights:   1%|          | 2/292 [00:00<00:00, 4529.49it/s, Materializing param=gpt_neox.embed_in.weight]
Loading weights:   1%|1         | 3/292 [00:00<00:00, 3167.11it/s, Materializing param=gpt_neox.final_layer_norm.bias]
Loading weights:   1%|1         | 3/292 [00:00<00:00, 2830.80it/s, Materializing param=gpt_neox.final_layer_norm.bias]
Loading weights:   1%|1         | 4/292 [00:00<00:00, 3292.88it/s, Materializing param=gpt_neox.final_layer_norm.weight]
Loading weights:   1%|1         | 4/292 [00:00<00:00, 3114.39it/s, Materializing param=gpt_neox.final_layer_norm.weight]
Loading weights:   2%|1         | 5/292 [00:00<00:00, 2887.84it/s, Materializing param=gpt_neox.layers.0.attention.dense.bias]
Loading weights:   2%|1         | 5/292 [00:00<00:00, 2775.85it/s, Materializing param=gpt_neox.layers.0.attention.dense.bias]
Loading weights:   2%|2         | 6/292 [00:00<00:00, 3095.81it/s, Materializing param=gpt_neox.layers.0.attention.dense.weight]
Loading weights:   2%|2         | 6/292 [00:00<00:00, 2999.14it/s, Materializing param=gpt_neox.layers.0.attention.dense.weight]
Loading weights:   2%|2         | 7/292 [00:00<00:00, 3276.43it/s, Materializing param=gpt_neox.layers.0.attention.query_key_value.bias]
Loading weights:   2%|2         | 7/292 [00:00<00:00, 3182.32it/s, Materializing param=gpt_neox.layers.0.attention.query_key_value.bias]
Loading weights:   3%|2         | 8/292 [00:00<00:00, 3447.14it/s, Materializing param=gpt_neox.layers.0.attention.query_key_value.weight]
Loading weights:   3%|2         | 8/292 [00:00<00:00, 3359.47it/s, Materializing param=gpt_neox.layers.0.attention.query_key_value.weight]
Loading weights:   3%|3         | 9/292 [00:00<00:00, 3558.52it/s, Materializing param=gpt_neox.layers.0.input_layernorm.bias]            
Loading weights:   3%|3         | 9/292 [00:00<00:00, 3472.43it/s, Materializing param=gpt_neox.layers.0.input_layernorm.bias]
Loading weights:   3%|3         | 10/292 [00:00<00:00, 2900.63it/s, Materializing param=gpt_neox.layers.0.input_layernorm.weight]
Loading weights:   3%|3         | 10/292 [00:00<00:00, 2766.51it/s, Materializing param=gpt_neox.layers.0.input_layernorm.weight]
Loading weights:   4%|3         | 11/292 [00:00<00:00, 2657.68it/s, Materializing param=gpt_neox.layers.0.mlp.dense_4h_to_h.bias]
Loading weights:   4%|3         | 11/292 [00:00<00:00, 2292.42it/s, Materializing param=gpt_neox.layers.0.mlp.dense_4h_to_h.bias]
Loading weights:   4%|4         | 12/292 [00:00<00:00, 2341.99it/s, Materializing param=gpt_neox.layers.0.mlp.dense_4h_to_h.weight]
Loading weights:   4%|4         | 12/292 [00:00<00:00, 2311.12it/s, Materializing param=gpt_neox.layers.0.mlp.dense_4h_to_h.weight]
Loading weights:   4%|4         | 13/292 [00:00<00:00, 2413.72it/s, Materializing param=gpt_neox.layers.0.mlp.dense_h_to_4h.bias]  
Loading weights:   4%|4         | 13/292 [00:00<00:00, 2384.38it/s, Materializing param=gpt_neox.layers.0.mlp.dense_h_to_4h.bias]
Loading weights:   5%|4         | 14/292 [00:00<00:00, 2217.53it/s, Materializing param=gpt_neox.layers.0.mlp.dense_h_to_4h.weight]
Loading weights:   5%|4         | 14/292 [00:00<00:00, 2045.79it/s, Materializing param=gpt_neox.layers.0.mlp.dense_h_to_4h.weight]
Loading weights:   5%|5         | 15/292 [00:00<00:00, 2097.71it/s, Materializing param=gpt_neox.layers.0.post_attention_layernorm.bias]
Loading weights:   5%|5         | 15/292 [00:00<00:00, 2066.16it/s, Materializing param=gpt_neox.layers.0.post_attention_layernorm.bias]
Loading weights:   5%|5         | 16/292 [00:00<00:00, 2093.68it/s, Materializing param=gpt_neox.layers.0.post_attention_layernorm.weight]
Loading weights:   5%|5         | 16/292 [00:00<00:00, 2012.56it/s, Materializing param=gpt_neox.layers.0.post_attention_layernorm.weight]
Loading weights:   6%|5         | 17/292 [00:00<00:00, 1959.42it/s, Materializing param=gpt_neox.layers.1.attention.dense.bias]           
Loading weights:   6%|5         | 17/292 [00:00<00:00, 1749.04it/s, Materializing param=gpt_neox.layers.1.attention.dense.bias]
Loading weights:   6%|6         | 18/292 [00:00<00:00, 1755.92it/s, Materializing param=gpt_neox.layers.1.attention.dense.weight]
Loading weights:   6%|6         | 18/292 [00:00<00:00, 1710.60it/s, Materializing param=gpt_neox.layers.1.attention.dense.weight]
Loading weights:   7%|6         | 19/292 [00:00<00:00, 1620.94it/s, Materializing param=gpt_neox.layers.1.attention.query_key_value.bias]
Loading weights:   7%|6         | 19/292 [00:00<00:00, 1558.52it/s, Materializing param=gpt_neox.layers.1.attention.query_key_value.bias]
Loading weights:   7%|6         | 20/292 [00:00<00:00, 1591.28it/s, Materializing param=gpt_neox.layers.1.attention.query_key_value.weight]
Loading weights:   7%|6         | 20/292 [00:00<00:00, 1562.36it/s, Materializing param=gpt_neox.layers.1.attention.query_key_value.weight]
Loading weights:   7%|7         | 21/292 [00:00<00:00, 1547.25it/s, Materializing param=gpt_neox.layers.1.input_layernorm.bias]            
Loading weights:   7%|7         | 21/292 [00:00<00:00, 1518.57it/s, Materializing param=gpt_neox.layers.1.input_layernorm.bias]
Loading weights:   8%|7         | 22/292 [00:00<00:00, 1556.09it/s, Materializing param=gpt_neox.layers.1.input_layernorm.weight]
Loading weights:   8%|7         | 22/292 [00:00<00:00, 1535.22it/s, Materializing param=gpt_neox.layers.1.input_layernorm.weight]
Loading weights:   8%|7         | 23/292 [00:00<00:00, 1497.18it/s, Materializing param=gpt_neox.layers.1.mlp.dense_4h_to_h.bias]
Loading weights:   8%|7         | 23/292 [00:00<00:00, 1474.18it/s, Materializing param=gpt_neox.layers.1.mlp.dense_4h_to_h.bias]
Loading weights:   8%|8         | 24/292 [00:00<00:00, 1459.84it/s, Materializing param=gpt_neox.layers.1.mlp.dense_4h_to_h.weight]
Loading weights:   8%|8         | 24/292 [00:00<00:00, 1448.23it/s, Materializing param=gpt_neox.layers.1.mlp.dense_4h_to_h.weight]
Loading weights:   9%|8         | 25/292 [00:00<00:00, 1475.81it/s, Materializing param=gpt_neox.layers.1.mlp.dense_h_to_4h.bias]  
Loading weights:   9%|8         | 25/292 [00:00<00:00, 1433.66it/s, Materializing param=gpt_neox.layers.1.mlp.dense_h_to_4h.bias]
Loading weights:   9%|8         | 26/292 [00:00<00:00, 1464.08it/s, Materializing param=gpt_neox.layers.1.mlp.dense_h_to_4h.weight]
Loading weights:   9%|8         | 26/292 [00:00<00:00, 1448.96it/s, Materializing param=gpt_neox.layers.1.mlp.dense_h_to_4h.weight]
Loading weights:   9%|9         | 27/292 [00:00<00:00, 1445.57it/s, Materializing param=gpt_neox.layers.1.post_attention_layernorm.bias]
Loading weights:   9%|9         | 27/292 [00:00<00:00, 1433.61it/s, Materializing param=gpt_neox.layers.1.post_attention_layernorm.bias]
Loading weights:  10%|9         | 28/292 [00:00<00:00, 1446.08it/s, Materializing param=gpt_neox.layers.1.post_attention_layernorm.weight]
Loading weights:  10%|9         | 28/292 [00:00<00:00, 1427.47it/s, Materializing param=gpt_neox.layers.1.post_attention_layernorm.weight]
Loading weights:  10%|9         | 29/292 [00:00<00:00, 1416.43it/s, Materializing param=gpt_neox.layers.2.attention.dense.bias]           
Loading weights:  10%|9         | 29/292 [00:00<00:00, 1403.89it/s, Materializing param=gpt_neox.layers.2.attention.dense.bias]
Loading weights:  10%|#         | 30/292 [00:00<00:00, 1364.64it/s, Materializing param=gpt_neox.layers.2.attention.dense.weight]
Loading weights:  10%|#         | 30/292 [00:00<00:00, 1359.80it/s, Materializing param=gpt_neox.layers.2.attention.dense.weight]
Loading weights:  11%|#         | 31/292 [00:00<00:00, 1321.30it/s, Materializing param=gpt_neox.layers.2.attention.query_key_value.bias]
Loading weights:  11%|#         | 31/292 [00:00<00:00, 1307.11it/s, Materializing param=gpt_neox.layers.2.attention.query_key_value.bias]
Loading weights:  11%|#         | 32/292 [00:00<00:00, 1305.98it/s, Materializing param=gpt_neox.layers.2.attention.query_key_value.weight]
Loading weights:  11%|#         | 32/292 [00:00<00:00, 1284.50it/s, Materializing param=gpt_neox.layers.2.attention.query_key_value.weight]
Loading weights:  11%|#1        | 33/292 [00:00<00:00, 1299.14it/s, Materializing param=gpt_neox.layers.2.input_layernorm.bias]            
Loading weights:  11%|#1        | 33/292 [00:00<00:00, 1292.57it/s, Materializing param=gpt_neox.layers.2.input_layernorm.bias]
Loading weights:  12%|#1        | 34/292 [00:00<00:00, 1315.39it/s, Materializing param=gpt_neox.layers.2.input_layernorm.weight]
Loading weights:  12%|#1        | 34/292 [00:00<00:00, 1311.87it/s, Materializing param=gpt_neox.layers.2.input_layernorm.weight]
Loading weights:  12%|#1        | 35/292 [00:00<00:00, 1341.60it/s, Materializing param=gpt_neox.layers.2.mlp.dense_4h_to_h.bias]
Loading weights:  12%|#1        | 35/292 [00:00<00:00, 1318.51it/s, Materializing param=gpt_neox.layers.2.mlp.dense_4h_to_h.bias]
Loading weights:  12%|#2        | 36/292 [00:00<00:00, 1330.41it/s, Materializing param=gpt_neox.layers.2.mlp.dense_4h_to_h.weight]
Loading weights:  12%|#2        | 36/292 [00:00<00:00, 1318.89it/s, Materializing param=gpt_neox.layers.2.mlp.dense_4h_to_h.weight]
Loading weights:  13%|#2        | 37/292 [00:00<00:00, 1329.44it/s, Materializing param=gpt_neox.layers.2.mlp.dense_h_to_4h.bias]  
Loading weights:  13%|#2        | 37/292 [00:00<00:00, 1318.85it/s, Materializing param=gpt_neox.layers.2.mlp.dense_h_to_4h.bias]
Loading weights:  13%|#3        | 38/292 [00:00<00:00, 1320.55it/s, Materializing param=gpt_neox.layers.2.mlp.dense_h_to_4h.weight]
Loading weights:  13%|#3        | 38/292 [00:00<00:00, 1317.09it/s, Materializing param=gpt_neox.layers.2.mlp.dense_h_to_4h.weight]
Loading weights:  13%|#3        | 39/292 [00:00<00:00, 1325.76it/s, Materializing param=gpt_neox.layers.2.post_attention_layernorm.bias]
Loading weights:  13%|#3        | 39/292 [00:00<00:00, 1322.36it/s, Materializing param=gpt_neox.layers.2.post_attention_layernorm.bias]
Loading weights:  14%|#3        | 40/292 [00:00<00:00, 1321.20it/s, Materializing param=gpt_neox.layers.2.post_attention_layernorm.weight]
Loading weights:  14%|#3        | 40/292 [00:00<00:00, 1318.19it/s, Materializing param=gpt_neox.layers.2.post_attention_layernorm.weight]
Loading weights:  14%|#4        | 41/292 [00:00<00:00, 1344.56it/s, Materializing param=gpt_neox.layers.3.attention.dense.bias]           
Loading weights:  14%|#4        | 41/292 [00:00<00:00, 1341.67it/s, Materializing param=gpt_neox.layers.3.attention.dense.bias]
Loading weights:  14%|#4        | 42/292 [00:00<00:00, 1355.33it/s, Materializing param=gpt_neox.layers.3.attention.dense.weight]
Loading weights:  14%|#4        | 42/292 [00:00<00:00, 1352.61it/s, Materializing param=gpt_neox.layers.3.attention.dense.weight]
Loading weights:  15%|#4        | 43/292 [00:00<00:00, 1379.26it/s, Materializing param=gpt_neox.layers.3.attention.query_key_value.bias]
Loading weights:  15%|#4        | 43/292 [00:00<00:00, 1376.55it/s, Materializing param=gpt_neox.layers.3.attention.query_key_value.bias]
Loading weights:  15%|#5        | 44/292 [00:00<00:00, 1400.33it/s, Materializing param=gpt_neox.layers.3.attention.query_key_value.weight]
Loading weights:  15%|#5        | 44/292 [00:00<00:00, 1397.53it/s, Materializing param=gpt_neox.layers.3.attention.query_key_value.weight]
Loading weights:  15%|#5        | 45/292 [00:00<00:00, 1423.95it/s, Materializing param=gpt_neox.layers.3.input_layernorm.bias]            
Loading weights:  15%|#5        | 45/292 [00:00<00:00, 1421.32it/s, Materializing param=gpt_neox.layers.3.input_layernorm.bias]
Loading weights:  16%|#5        | 46/292 [00:00<00:00, 1438.32it/s, Materializing param=gpt_neox.layers.3.input_layernorm.weight]
Loading weights:  16%|#5        | 46/292 [00:00<00:00, 1435.52it/s, Materializing param=gpt_neox.layers.3.input_layernorm.weight]
Loading weights:  16%|#6        | 47/292 [00:00<00:00, 1461.46it/s, Materializing param=gpt_neox.layers.3.mlp.dense_4h_to_h.bias]
Loading weights:  16%|#6        | 47/292 [00:00<00:00, 1458.80it/s, Materializing param=gpt_neox.layers.3.mlp.dense_4h_to_h.bias]
Loading weights:  16%|#6        | 48/292 [00:00<00:00, 1475.06it/s, Materializing param=gpt_neox.layers.3.mlp.dense_4h_to_h.weight]
Loading weights:  16%|#6        | 48/292 [00:00<00:00, 1471.22it/s, Materializing param=gpt_neox.layers.3.mlp.dense_4h_to_h.weight]
Loading weights:  17%|#6        | 49/292 [00:00<00:00, 1493.09it/s, Materializing param=gpt_neox.layers.3.mlp.dense_h_to_4h.bias]  
Loading weights:  17%|#6        | 49/292 [00:00<00:00, 1477.94it/s, Materializing param=gpt_neox.layers.3.mlp.dense_h_to_4h.bias]
Loading weights:  17%|#7        | 50/292 [00:00<00:00, 1477.93it/s, Materializing param=gpt_neox.layers.3.mlp.dense_h_to_4h.weight]
Loading weights:  17%|#7        | 50/292 [00:00<00:00, 1474.20it/s, Materializing param=gpt_neox.layers.3.mlp.dense_h_to_4h.weight]
Loading weights:  17%|#7        | 51/292 [00:00<00:00, 1209.18it/s, Materializing param=gpt_neox.layers.3.post_attention_layernorm.bias]
Loading weights:  17%|#7        | 51/292 [00:00<00:00, 1198.03it/s, Materializing param=gpt_neox.layers.3.post_attention_layernorm.bias]
Loading weights:  18%|#7        | 52/292 [00:00<00:00, 1212.80it/s, Materializing param=gpt_neox.layers.3.post_attention_layernorm.weight]
Loading weights:  18%|#7        | 52/292 [00:00<00:00, 1210.72it/s, Materializing param=gpt_neox.layers.3.post_attention_layernorm.weight]
Loading weights:  18%|#8        | 53/292 [00:00<00:00, 1230.23it/s, Materializing param=gpt_neox.layers.4.attention.dense.bias]           
Loading weights:  18%|#8        | 53/292 [00:00<00:00, 1228.35it/s, Materializing param=gpt_neox.layers.4.attention.dense.bias]
Loading weights:  18%|#8        | 54/292 [00:00<00:00, 1236.75it/s, Materializing param=gpt_neox.layers.4.attention.dense.weight]
Loading weights:  18%|#8        | 54/292 [00:00<00:00, 1232.10it/s, Materializing param=gpt_neox.layers.4.attention.dense.weight]
Loading weights:  19%|#8        | 55/292 [00:00<00:00, 1246.74it/s, Materializing param=gpt_neox.layers.4.attention.query_key_value.bias]
Loading weights:  19%|#8        | 55/292 [00:00<00:00, 1244.83it/s, Materializing param=gpt_neox.layers.4.attention.query_key_value.bias]
Loading weights:  19%|#9        | 56/292 [00:00<00:00, 1256.67it/s, Materializing param=gpt_neox.layers.4.attention.query_key_value.weight]
Loading weights:  19%|#9        | 56/292 [00:00<00:00, 1254.79it/s, Materializing param=gpt_neox.layers.4.attention.query_key_value.weight]
Loading weights:  20%|#9        | 57/292 [00:00<00:00, 1271.89it/s, Materializing param=gpt_neox.layers.4.input_layernorm.bias]            
Loading weights:  20%|#9        | 57/292 [00:00<00:00, 1270.08it/s, Materializing param=gpt_neox.layers.4.input_layernorm.bias]
Loading weights:  20%|#9        | 58/292 [00:00<00:00, 1287.44it/s, Materializing param=gpt_neox.layers.4.input_layernorm.weight]
Loading weights:  20%|#9        | 58/292 [00:00<00:00, 1285.62it/s, Materializing param=gpt_neox.layers.4.input_layernorm.weight]
Loading weights:  20%|##        | 59/292 [00:00<00:00, 1303.87it/s, Materializing param=gpt_neox.layers.4.mlp.dense_4h_to_h.bias]
Loading weights:  20%|##        | 59/292 [00:00<00:00, 1302.09it/s, Materializing param=gpt_neox.layers.4.mlp.dense_4h_to_h.bias]
Loading weights:  21%|##        | 60/292 [00:00<00:00, 1320.18it/s, Materializing param=gpt_neox.layers.4.mlp.dense_4h_to_h.weight]
Loading weights:  21%|##        | 60/292 [00:00<00:00, 1318.42it/s, Materializing param=gpt_neox.layers.4.mlp.dense_4h_to_h.weight]
Loading weights:  21%|##        | 61/292 [00:00<00:00, 1337.29it/s, Materializing param=gpt_neox.layers.4.mlp.dense_h_to_4h.bias]  
Loading weights:  21%|##        | 61/292 [00:00<00:00, 1335.59it/s, Materializing param=gpt_neox.layers.4.mlp.dense_h_to_4h.bias]
Loading weights:  21%|##1       | 62/292 [00:00<00:00, 1354.38it/s, Materializing param=gpt_neox.layers.4.mlp.dense_h_to_4h.weight]
Loading weights:  21%|##1       | 62/292 [00:00<00:00, 1352.66it/s, Materializing param=gpt_neox.layers.4.mlp.dense_h_to_4h.weight]
Loading weights:  22%|##1       | 63/292 [00:00<00:00, 1371.41it/s, Materializing param=gpt_neox.layers.4.post_attention_layernorm.bias]
Loading weights:  22%|##1       | 63/292 [00:00<00:00, 1369.65it/s, Materializing param=gpt_neox.layers.4.post_attention_layernorm.bias]
Loading weights:  22%|##1       | 64/292 [00:00<00:00, 1388.30it/s, Materializing param=gpt_neox.layers.4.post_attention_layernorm.weight]
Loading weights:  22%|##1       | 64/292 [00:00<00:00, 1386.53it/s, Materializing param=gpt_neox.layers.4.post_attention_layernorm.weight]
Loading weights:  22%|##2       | 65/292 [00:00<00:00, 1405.08it/s, Materializing param=gpt_neox.layers.5.attention.dense.bias]           
Loading weights:  22%|##2       | 65/292 [00:00<00:00, 1403.36it/s, Materializing param=gpt_neox.layers.5.attention.dense.bias]
Loading weights:  23%|##2       | 66/292 [00:00<00:00, 1421.74it/s, Materializing param=gpt_neox.layers.5.attention.dense.weight]
Loading weights:  23%|##2       | 66/292 [00:00<00:00, 1420.06it/s, Materializing param=gpt_neox.layers.5.attention.dense.weight]
Loading weights:  23%|##2       | 67/292 [00:00<00:00, 1438.55it/s, Materializing param=gpt_neox.layers.5.attention.query_key_value.bias]
Loading weights:  23%|##2       | 67/292 [00:00<00:00, 1436.86it/s, Materializing param=gpt_neox.layers.5.attention.query_key_value.bias]
Loading weights:  23%|##3       | 68/292 [00:00<00:00, 1455.23it/s, Materializing param=gpt_neox.layers.5.attention.query_key_value.weight]
Loading weights:  23%|##3       | 68/292 [00:00<00:00, 1453.52it/s, Materializing param=gpt_neox.layers.5.attention.query_key_value.weight]
Loading weights:  24%|##3       | 69/292 [00:00<00:00, 1471.65it/s, Materializing param=gpt_neox.layers.5.input_layernorm.bias]            
Loading weights:  24%|##3       | 69/292 [00:00<00:00, 1469.85it/s, Materializing param=gpt_neox.layers.5.input_layernorm.bias]
Loading weights:  24%|##3       | 70/292 [00:00<00:00, 1487.91it/s, Materializing param=gpt_neox.layers.5.input_layernorm.weight]
Loading weights:  24%|##3       | 70/292 [00:00<00:00, 1486.05it/s, Materializing param=gpt_neox.layers.5.input_layernorm.weight]
Loading weights:  24%|##4       | 71/292 [00:00<00:00, 1503.39it/s, Materializing param=gpt_neox.layers.5.mlp.dense_4h_to_h.bias]
Loading weights:  24%|##4       | 71/292 [00:00<00:00, 1501.54it/s, Materializing param=gpt_neox.layers.5.mlp.dense_4h_to_h.bias]
Loading weights:  25%|##4       | 72/292 [00:00<00:00, 1519.31it/s, Materializing param=gpt_neox.layers.5.mlp.dense_4h_to_h.weight]
Loading weights:  25%|##4       | 72/292 [00:00<00:00, 1517.45it/s, Materializing param=gpt_neox.layers.5.mlp.dense_4h_to_h.weight]
Loading weights:  25%|##5       | 73/292 [00:00<00:00, 1535.13it/s, Materializing param=gpt_neox.layers.5.mlp.dense_h_to_4h.bias]  
Loading weights:  25%|##5       | 73/292 [00:00<00:00, 1533.26it/s, Materializing param=gpt_neox.layers.5.mlp.dense_h_to_4h.bias]
Loading weights:  25%|##5       | 74/292 [00:00<00:00, 1550.88it/s, Materializing param=gpt_neox.layers.5.mlp.dense_h_to_4h.weight]
Loading weights:  25%|##5       | 74/292 [00:00<00:00, 1549.02it/s, Materializing param=gpt_neox.layers.5.mlp.dense_h_to_4h.weight]
Loading weights:  26%|##5       | 75/292 [00:00<00:00, 1566.57it/s, Materializing param=gpt_neox.layers.5.post_attention_layernorm.bias]
Loading weights:  26%|##5       | 75/292 [00:00<00:00, 1564.67it/s, Materializing param=gpt_neox.layers.5.post_attention_layernorm.bias]
Loading weights:  26%|##6       | 76/292 [00:00<00:00, 1582.16it/s, Materializing param=gpt_neox.layers.5.post_attention_layernorm.weight]
Loading weights:  26%|##6       | 76/292 [00:00<00:00, 1580.25it/s, Materializing param=gpt_neox.layers.5.post_attention_layernorm.weight]
Loading weights:  26%|##6       | 77/292 [00:00<00:00, 1597.46it/s, Materializing param=gpt_neox.layers.6.attention.dense.bias]           
Loading weights:  26%|##6       | 77/292 [00:00<00:00, 1595.51it/s, Materializing param=gpt_neox.layers.6.attention.dense.bias]
Loading weights:  27%|##6       | 78/292 [00:00<00:00, 1612.65it/s, Materializing param=gpt_neox.layers.6.attention.dense.weight]
Loading weights:  27%|##6       | 78/292 [00:00<00:00, 1610.71it/s, Materializing param=gpt_neox.layers.6.attention.dense.weight]
Loading weights:  27%|##7       | 79/292 [00:00<00:00, 1627.83it/s, Materializing param=gpt_neox.layers.6.attention.query_key_value.bias]
Loading weights:  27%|##7       | 79/292 [00:00<00:00, 1625.80it/s, Materializing param=gpt_neox.layers.6.attention.query_key_value.bias]
Loading weights:  27%|##7       | 80/292 [00:00<00:00, 1642.55it/s, Materializing param=gpt_neox.layers.6.attention.query_key_value.weight]
Loading weights:  27%|##7       | 80/292 [00:00<00:00, 1640.44it/s, Materializing param=gpt_neox.layers.6.attention.query_key_value.weight]
Loading weights:  28%|##7       | 81/292 [00:00<00:00, 1657.32it/s, Materializing param=gpt_neox.layers.6.input_layernorm.bias]            
Loading weights:  28%|##7       | 81/292 [00:00<00:00, 1655.30it/s, Materializing param=gpt_neox.layers.6.input_layernorm.bias]
Loading weights:  28%|##8       | 82/292 [00:00<00:00, 1668.22it/s, Materializing param=gpt_neox.layers.6.input_layernorm.weight]
Loading weights:  28%|##8       | 82/292 [00:00<00:00, 1665.93it/s, Materializing param=gpt_neox.layers.6.input_layernorm.weight]
Loading weights:  28%|##8       | 83/292 [00:00<00:00, 1681.74it/s, Materializing param=gpt_neox.layers.6.mlp.dense_4h_to_h.bias]
Loading weights:  28%|##8       | 83/292 [00:00<00:00, 1679.64it/s, Materializing param=gpt_neox.layers.6.mlp.dense_4h_to_h.bias]
Loading weights:  29%|##8       | 84/292 [00:00<00:00, 1695.40it/s, Materializing param=gpt_neox.layers.6.mlp.dense_4h_to_h.weight]
Loading weights:  29%|##8       | 84/292 [00:00<00:00, 1693.19it/s, Materializing param=gpt_neox.layers.6.mlp.dense_4h_to_h.weight]
Loading weights:  29%|##9       | 85/292 [00:00<00:00, 1709.02it/s, Materializing param=gpt_neox.layers.6.mlp.dense_h_to_4h.bias]  
Loading weights:  29%|##9       | 85/292 [00:00<00:00, 1706.90it/s, Materializing param=gpt_neox.layers.6.mlp.dense_h_to_4h.bias]
Loading weights:  29%|##9       | 86/292 [00:00<00:00, 1722.62it/s, Materializing param=gpt_neox.layers.6.mlp.dense_h_to_4h.weight]
Loading weights:  29%|##9       | 86/292 [00:00<00:00, 1720.41it/s, Materializing param=gpt_neox.layers.6.mlp.dense_h_to_4h.weight]
Loading weights:  30%|##9       | 87/292 [00:00<00:00, 1736.67it/s, Materializing param=gpt_neox.layers.6.post_attention_layernorm.bias]
Loading weights:  30%|##9       | 87/292 [00:00<00:00, 1734.64it/s, Materializing param=gpt_neox.layers.6.post_attention_layernorm.bias]
Loading weights:  30%|###       | 88/292 [00:00<00:00, 1750.77it/s, Materializing param=gpt_neox.layers.6.post_attention_layernorm.weight]
Loading weights:  30%|###       | 88/292 [00:00<00:00, 1748.69it/s, Materializing param=gpt_neox.layers.6.post_attention_layernorm.weight]
Loading weights:  30%|###       | 89/292 [00:00<00:00, 1764.82it/s, Materializing param=gpt_neox.layers.7.attention.dense.bias]           
Loading weights:  30%|###       | 89/292 [00:00<00:00, 1762.75it/s, Materializing param=gpt_neox.layers.7.attention.dense.bias]
Loading weights:  31%|###       | 90/292 [00:00<00:00, 1778.65it/s, Materializing param=gpt_neox.layers.7.attention.dense.weight]
Loading weights:  31%|###       | 90/292 [00:00<00:00, 1776.54it/s, Materializing param=gpt_neox.layers.7.attention.dense.weight]
Loading weights:  31%|###1      | 91/292 [00:00<00:00, 1792.03it/s, Materializing param=gpt_neox.layers.7.attention.query_key_value.bias]
Loading weights:  31%|###1      | 91/292 [00:00<00:00, 1789.90it/s, Materializing param=gpt_neox.layers.7.attention.query_key_value.bias]
Loading weights:  32%|###1      | 92/292 [00:00<00:00, 1805.78it/s, Materializing param=gpt_neox.layers.7.attention.query_key_value.weight]
Loading weights:  32%|###1      | 92/292 [00:00<00:00, 1803.69it/s, Materializing param=gpt_neox.layers.7.attention.query_key_value.weight]
Loading weights:  32%|###1      | 93/292 [00:00<00:00, 1819.57it/s, Materializing param=gpt_neox.layers.7.input_layernorm.bias]            
Loading weights:  32%|###1      | 93/292 [00:00<00:00, 1817.09it/s, Materializing param=gpt_neox.layers.7.input_layernorm.bias]
Loading weights:  32%|###2      | 94/292 [00:00<00:00, 1832.84it/s, Materializing param=gpt_neox.layers.7.input_layernorm.weight]
Loading weights:  32%|###2      | 94/292 [00:00<00:00, 1830.77it/s, Materializing param=gpt_neox.layers.7.input_layernorm.weight]
Loading weights:  33%|###2      | 95/292 [00:00<00:00, 1846.50it/s, Materializing param=gpt_neox.layers.7.mlp.dense_4h_to_h.bias]
Loading weights:  33%|###2      | 95/292 [00:00<00:00, 1844.43it/s, Materializing param=gpt_neox.layers.7.mlp.dense_4h_to_h.bias]
Loading weights:  33%|###2      | 96/292 [00:00<00:00, 1860.04it/s, Materializing param=gpt_neox.layers.7.mlp.dense_4h_to_h.weight]
Loading weights:  33%|###2      | 96/292 [00:00<00:00, 1857.98it/s, Materializing param=gpt_neox.layers.7.mlp.dense_4h_to_h.weight]
Loading weights:  33%|###3      | 97/292 [00:00<00:00, 1873.62it/s, Materializing param=gpt_neox.layers.7.mlp.dense_h_to_4h.bias]  
Loading weights:  33%|###3      | 97/292 [00:00<00:00, 1871.63it/s, Materializing param=gpt_neox.layers.7.mlp.dense_h_to_4h.bias]
Loading weights:  34%|###3      | 98/292 [00:00<00:00, 1887.27it/s, Materializing param=gpt_neox.layers.7.mlp.dense_h_to_4h.weight]
Loading weights:  34%|###3      | 98/292 [00:00<00:00, 1885.31it/s, Materializing param=gpt_neox.layers.7.mlp.dense_h_to_4h.weight]
Loading weights:  34%|###3      | 99/292 [00:00<00:00, 1900.97it/s, Materializing param=gpt_neox.layers.7.post_attention_layernorm.bias]
Loading weights:  34%|###3      | 99/292 [00:00<00:00, 1898.97it/s, Materializing param=gpt_neox.layers.7.post_attention_layernorm.bias]
Loading weights:  34%|###4      | 100/292 [00:00<00:00, 1914.52it/s, Materializing param=gpt_neox.layers.7.post_attention_layernorm.weight]
Loading weights:  34%|###4      | 100/292 [00:00<00:00, 1912.31it/s, Materializing param=gpt_neox.layers.7.post_attention_layernorm.weight]
Loading weights:  35%|###4      | 101/292 [00:00<00:00, 1927.46it/s, Materializing param=gpt_neox.layers.8.attention.dense.bias]           
Loading weights:  35%|###4      | 101/292 [00:00<00:00, 1925.28it/s, Materializing param=gpt_neox.layers.8.attention.dense.bias]
Loading weights:  35%|###4      | 102/292 [00:00<00:00, 1940.49it/s, Materializing param=gpt_neox.layers.8.attention.dense.weight]
Loading weights:  35%|###4      | 102/292 [00:00<00:00, 1938.36it/s, Materializing param=gpt_neox.layers.8.attention.dense.weight]
Loading weights:  35%|###5      | 103/292 [00:00<00:00, 1953.55it/s, Materializing param=gpt_neox.layers.8.attention.query_key_value.bias]
Loading weights:  35%|###5      | 103/292 [00:00<00:00, 1951.37it/s, Materializing param=gpt_neox.layers.8.attention.query_key_value.bias]
Loading weights:  36%|###5      | 104/292 [00:00<00:00, 1966.56it/s, Materializing param=gpt_neox.layers.8.attention.query_key_value.weight]
Loading weights:  36%|###5      | 104/292 [00:00<00:00, 1964.39it/s, Materializing param=gpt_neox.layers.8.attention.query_key_value.weight]
Loading weights:  36%|###5      | 105/292 [00:00<00:00, 1979.48it/s, Materializing param=gpt_neox.layers.8.input_layernorm.bias]            
Loading weights:  36%|###5      | 105/292 [00:00<00:00, 1977.34it/s, Materializing param=gpt_neox.layers.8.input_layernorm.bias]
Loading weights:  36%|###6      | 106/292 [00:00<00:00, 1992.10it/s, Materializing param=gpt_neox.layers.8.input_layernorm.weight]
Loading weights:  36%|###6      | 106/292 [00:00<00:00, 1989.93it/s, Materializing param=gpt_neox.layers.8.input_layernorm.weight]
Loading weights:  37%|###6      | 107/292 [00:00<00:00, 2004.91it/s, Materializing param=gpt_neox.layers.8.mlp.dense_4h_to_h.bias]
Loading weights:  37%|###6      | 107/292 [00:00<00:00, 2002.76it/s, Materializing param=gpt_neox.layers.8.mlp.dense_4h_to_h.bias]
Loading weights:  37%|###6      | 108/292 [00:00<00:00, 2017.46it/s, Materializing param=gpt_neox.layers.8.mlp.dense_4h_to_h.weight]
Loading weights:  37%|###6      | 108/292 [00:00<00:00, 2015.24it/s, Materializing param=gpt_neox.layers.8.mlp.dense_4h_to_h.weight]
Loading weights:  37%|###7      | 109/292 [00:00<00:00, 2030.04it/s, Materializing param=gpt_neox.layers.8.mlp.dense_h_to_4h.bias]  
Loading weights:  37%|###7      | 109/292 [00:00<00:00, 2027.89it/s, Materializing param=gpt_neox.layers.8.mlp.dense_h_to_4h.bias]
Loading weights:  38%|###7      | 110/292 [00:00<00:00, 2042.57it/s, Materializing param=gpt_neox.layers.8.mlp.dense_h_to_4h.weight]
Loading weights:  38%|###7      | 110/292 [00:00<00:00, 2040.40it/s, Materializing param=gpt_neox.layers.8.mlp.dense_h_to_4h.weight]
Loading weights:  38%|###8      | 111/292 [00:00<00:00, 2055.03it/s, Materializing param=gpt_neox.layers.8.post_attention_layernorm.bias]
Loading weights:  38%|###8      | 111/292 [00:00<00:00, 2052.79it/s, Materializing param=gpt_neox.layers.8.post_attention_layernorm.bias]
Loading weights:  38%|###8      | 112/292 [00:00<00:00, 2067.41it/s, Materializing param=gpt_neox.layers.8.post_attention_layernorm.weight]
Loading weights:  38%|###8      | 112/292 [00:00<00:00, 2065.20it/s, Materializing param=gpt_neox.layers.8.post_attention_layernorm.weight]
Loading weights:  39%|###8      | 113/292 [00:00<00:00, 2079.72it/s, Materializing param=gpt_neox.layers.9.attention.dense.bias]           
Loading weights:  39%|###8      | 113/292 [00:00<00:00, 2077.52it/s, Materializing param=gpt_neox.layers.9.attention.dense.bias]
Loading weights:  39%|###9      | 114/292 [00:00<00:00, 2091.83it/s, Materializing param=gpt_neox.layers.9.attention.dense.weight]
Loading weights:  39%|###9      | 114/292 [00:00<00:00, 2089.61it/s, Materializing param=gpt_neox.layers.9.attention.dense.weight]
Loading weights:  39%|###9      | 115/292 [00:00<00:00, 2104.01it/s, Materializing param=gpt_neox.layers.9.attention.query_key_value.bias]
Loading weights:  39%|###9      | 115/292 [00:00<00:00, 2101.75it/s, Materializing param=gpt_neox.layers.9.attention.query_key_value.bias]
Loading weights:  40%|###9      | 116/292 [00:00<00:00, 2115.61it/s, Materializing param=gpt_neox.layers.9.attention.query_key_value.weight]
Loading weights:  40%|###9      | 116/292 [00:00<00:00, 2113.28it/s, Materializing param=gpt_neox.layers.9.attention.query_key_value.weight]
Loading weights:  40%|####      | 117/292 [00:00<00:00, 2127.45it/s, Materializing param=gpt_neox.layers.9.input_layernorm.bias]            
Loading weights:  40%|####      | 117/292 [00:00<00:00, 2125.23it/s, Materializing param=gpt_neox.layers.9.input_layernorm.bias]
Loading weights:  40%|####      | 118/292 [00:00<00:00, 2139.06it/s, Materializing param=gpt_neox.layers.9.input_layernorm.weight]
Loading weights:  40%|####      | 118/292 [00:00<00:00, 2136.81it/s, Materializing param=gpt_neox.layers.9.input_layernorm.weight]
Loading weights:  41%|####      | 119/292 [00:00<00:00, 2150.71it/s, Materializing param=gpt_neox.layers.9.mlp.dense_4h_to_h.bias]
Loading weights:  41%|####      | 119/292 [00:00<00:00, 2148.43it/s, Materializing param=gpt_neox.layers.9.mlp.dense_4h_to_h.bias]
Loading weights:  41%|####1     | 120/292 [00:00<00:00, 2162.21it/s, Materializing param=gpt_neox.layers.9.mlp.dense_4h_to_h.weight]
Loading weights:  41%|####1     | 120/292 [00:00<00:00, 2159.87it/s, Materializing param=gpt_neox.layers.9.mlp.dense_4h_to_h.weight]
Loading weights:  41%|####1     | 121/292 [00:00<00:00, 2173.68it/s, Materializing param=gpt_neox.layers.9.mlp.dense_h_to_4h.bias]  
Loading weights:  41%|####1     | 121/292 [00:00<00:00, 2171.35it/s, Materializing param=gpt_neox.layers.9.mlp.dense_h_to_4h.bias]
Loading weights:  42%|####1     | 122/292 [00:00<00:00, 2185.14it/s, Materializing param=gpt_neox.layers.9.mlp.dense_h_to_4h.weight]
Loading weights:  42%|####1     | 122/292 [00:00<00:00, 2182.90it/s, Materializing param=gpt_neox.layers.9.mlp.dense_h_to_4h.weight]
Loading weights:  42%|####2     | 123/292 [00:00<00:00, 2196.57it/s, Materializing param=gpt_neox.layers.9.post_attention_layernorm.bias]
Loading weights:  42%|####2     | 123/292 [00:00<00:00, 2194.23it/s, Materializing param=gpt_neox.layers.9.post_attention_layernorm.bias]
Loading weights:  42%|####2     | 124/292 [00:00<00:00, 2208.06it/s, Materializing param=gpt_neox.layers.9.post_attention_layernorm.weight]
Loading weights:  42%|####2     | 124/292 [00:00<00:00, 2205.74it/s, Materializing param=gpt_neox.layers.9.post_attention_layernorm.weight]
Loading weights:  43%|####2     | 125/292 [00:00<00:00, 2219.41it/s, Materializing param=gpt_neox.layers.10.attention.dense.bias]          
Loading weights:  43%|####2     | 125/292 [00:00<00:00, 2217.13it/s, Materializing param=gpt_neox.layers.10.attention.dense.bias]
Loading weights:  43%|####3     | 126/292 [00:00<00:00, 2230.69it/s, Materializing param=gpt_neox.layers.10.attention.dense.weight]
Loading weights:  43%|####3     | 126/292 [00:00<00:00, 2228.42it/s, Materializing param=gpt_neox.layers.10.attention.dense.weight]
Loading weights:  43%|####3     | 127/292 [00:00<00:00, 2242.00it/s, Materializing param=gpt_neox.layers.10.attention.query_key_value.bias]
Loading weights:  43%|####3     | 127/292 [00:00<00:00, 2239.79it/s, Materializing param=gpt_neox.layers.10.attention.query_key_value.bias]
Loading weights:  44%|####3     | 128/292 [00:00<00:00, 2253.49it/s, Materializing param=gpt_neox.layers.10.attention.query_key_value.weight]
Loading weights:  44%|####3     | 128/292 [00:00<00:00, 2251.30it/s, Materializing param=gpt_neox.layers.10.attention.query_key_value.weight]
Loading weights:  44%|####4     | 129/292 [00:00<00:00, 2264.72it/s, Materializing param=gpt_neox.layers.10.input_layernorm.bias]            
Loading weights:  44%|####4     | 129/292 [00:00<00:00, 2262.39it/s, Materializing param=gpt_neox.layers.10.input_layernorm.bias]
Loading weights:  45%|####4     | 130/292 [00:00<00:00, 2275.76it/s, Materializing param=gpt_neox.layers.10.input_layernorm.weight]
Loading weights:  45%|####4     | 130/292 [00:00<00:00, 2273.14it/s, Materializing param=gpt_neox.layers.10.input_layernorm.weight]
Loading weights:  45%|####4     | 131/292 [00:00<00:00, 2285.28it/s, Materializing param=gpt_neox.layers.10.mlp.dense_4h_to_h.bias]
Loading weights:  45%|####4     | 131/292 [00:00<00:00, 2281.71it/s, Materializing param=gpt_neox.layers.10.mlp.dense_4h_to_h.bias]
Loading weights:  45%|####5     | 132/292 [00:00<00:00, 2292.66it/s, Materializing param=gpt_neox.layers.10.mlp.dense_4h_to_h.weight]
Loading weights:  45%|####5     | 132/292 [00:00<00:00, 2289.97it/s, Materializing param=gpt_neox.layers.10.mlp.dense_4h_to_h.weight]
Loading weights:  46%|####5     | 133/292 [00:00<00:00, 2300.20it/s, Materializing param=gpt_neox.layers.10.mlp.dense_h_to_4h.bias]  
Loading weights:  46%|####5     | 133/292 [00:00<00:00, 2297.30it/s, Materializing param=gpt_neox.layers.10.mlp.dense_h_to_4h.bias]
Loading weights:  46%|####5     | 134/292 [00:00<00:00, 2309.08it/s, Materializing param=gpt_neox.layers.10.mlp.dense_h_to_4h.weight]
Loading weights:  46%|####5     | 134/292 [00:00<00:00, 2306.42it/s, Materializing param=gpt_neox.layers.10.mlp.dense_h_to_4h.weight]
Loading weights:  46%|####6     | 135/292 [00:00<00:00, 2318.66it/s, Materializing param=gpt_neox.layers.10.post_attention_layernorm.bias]
Loading weights:  46%|####6     | 135/292 [00:00<00:00, 2315.13it/s, Materializing param=gpt_neox.layers.10.post_attention_layernorm.bias]
Loading weights:  47%|####6     | 136/292 [00:00<00:00, 2326.80it/s, Materializing param=gpt_neox.layers.10.post_attention_layernorm.weight]
Loading weights:  47%|####6     | 136/292 [00:00<00:00, 2324.23it/s, Materializing param=gpt_neox.layers.10.post_attention_layernorm.weight]
Loading weights:  47%|####6     | 137/292 [00:00<00:00, 2336.66it/s, Materializing param=gpt_neox.layers.11.attention.dense.bias]           
Loading weights:  47%|####6     | 137/292 [00:00<00:00, 2334.23it/s, Materializing param=gpt_neox.layers.11.attention.dense.bias]
Loading weights:  47%|####7     | 138/292 [00:00<00:00, 2346.72it/s, Materializing param=gpt_neox.layers.11.attention.dense.weight]
Loading weights:  47%|####7     | 138/292 [00:00<00:00, 2344.25it/s, Materializing param=gpt_neox.layers.11.attention.dense.weight]
Loading weights:  48%|####7     | 139/292 [00:00<00:00, 2356.64it/s, Materializing param=gpt_neox.layers.11.attention.query_key_value.bias]
Loading weights:  48%|####7     | 139/292 [00:00<00:00, 2354.12it/s, Materializing param=gpt_neox.layers.11.attention.query_key_value.bias]
Loading weights:  48%|####7     | 140/292 [00:00<00:00, 2366.50it/s, Materializing param=gpt_neox.layers.11.attention.query_key_value.weight]
Loading weights:  48%|####7     | 140/292 [00:00<00:00, 2364.00it/s, Materializing param=gpt_neox.layers.11.attention.query_key_value.weight]
Loading weights:  48%|####8     | 141/292 [00:00<00:00, 2375.71it/s, Materializing param=gpt_neox.layers.11.input_layernorm.bias]            
Loading weights:  48%|####8     | 141/292 [00:00<00:00, 2373.29it/s, Materializing param=gpt_neox.layers.11.input_layernorm.bias]
Loading weights:  49%|####8     | 142/292 [00:00<00:00, 2385.70it/s, Materializing param=gpt_neox.layers.11.input_layernorm.weight]
Loading weights:  49%|####8     | 142/292 [00:00<00:00, 2383.26it/s, Materializing param=gpt_neox.layers.11.input_layernorm.weight]
Loading weights:  49%|####8     | 143/292 [00:00<00:00, 2395.43it/s, Materializing param=gpt_neox.layers.11.mlp.dense_4h_to_h.bias]
Loading weights:  49%|####8     | 143/292 [00:00<00:00, 2393.07it/s, Materializing param=gpt_neox.layers.11.mlp.dense_4h_to_h.bias]
Loading weights:  49%|####9     | 144/292 [00:00<00:00, 2405.21it/s, Materializing param=gpt_neox.layers.11.mlp.dense_4h_to_h.weight]
Loading weights:  49%|####9     | 144/292 [00:00<00:00, 2402.78it/s, Materializing param=gpt_neox.layers.11.mlp.dense_4h_to_h.weight]
Loading weights:  50%|####9     | 145/292 [00:00<00:00, 2414.94it/s, Materializing param=gpt_neox.layers.11.mlp.dense_h_to_4h.bias]  
Loading weights:  50%|####9     | 145/292 [00:00<00:00, 2412.50it/s, Materializing param=gpt_neox.layers.11.mlp.dense_h_to_4h.bias]
Loading weights:  50%|#####     | 146/292 [00:00<00:00, 2424.59it/s, Materializing param=gpt_neox.layers.11.mlp.dense_h_to_4h.weight]
Loading weights:  50%|#####     | 146/292 [00:00<00:00, 2421.88it/s, Materializing param=gpt_neox.layers.11.mlp.dense_h_to_4h.weight]
Loading weights:  50%|#####     | 147/292 [00:00<00:00, 2434.06it/s, Materializing param=gpt_neox.layers.11.post_attention_layernorm.bias]
Loading weights:  50%|#####     | 147/292 [00:00<00:00, 2431.61it/s, Materializing param=gpt_neox.layers.11.post_attention_layernorm.bias]
Loading weights:  51%|#####     | 148/292 [00:00<00:00, 2443.42it/s, Materializing param=gpt_neox.layers.11.post_attention_layernorm.weight]
Loading weights:  51%|#####     | 148/292 [00:00<00:00, 2440.85it/s, Materializing param=gpt_neox.layers.11.post_attention_layernorm.weight]
Loading weights:  51%|#####1    | 149/292 [00:00<00:00, 2452.61it/s, Materializing param=gpt_neox.layers.12.attention.dense.bias]           
Loading weights:  51%|#####1    | 149/292 [00:00<00:00, 2450.14it/s, Materializing param=gpt_neox.layers.12.attention.dense.bias]
Loading weights:  51%|#####1    | 150/292 [00:00<00:00, 2461.93it/s, Materializing param=gpt_neox.layers.12.attention.dense.weight]
Loading weights:  51%|#####1    | 150/292 [00:00<00:00, 2459.51it/s, Materializing param=gpt_neox.layers.12.attention.dense.weight]
Loading weights:  52%|#####1    | 151/292 [00:00<00:00, 2471.49it/s, Materializing param=gpt_neox.layers.12.attention.query_key_value.bias]
Loading weights:  52%|#####1    | 151/292 [00:00<00:00, 2468.98it/s, Materializing param=gpt_neox.layers.12.attention.query_key_value.bias]
Loading weights:  52%|#####2    | 152/292 [00:00<00:00, 2480.35it/s, Materializing param=gpt_neox.layers.12.attention.query_key_value.weight]
Loading weights:  52%|#####2    | 152/292 [00:00<00:00, 2477.84it/s, Materializing param=gpt_neox.layers.12.attention.query_key_value.weight]
Loading weights:  52%|#####2    | 153/292 [00:00<00:00, 2489.64it/s, Materializing param=gpt_neox.layers.12.input_layernorm.bias]            
Loading weights:  52%|#####2    | 153/292 [00:00<00:00, 2487.18it/s, Materializing param=gpt_neox.layers.12.input_layernorm.bias]
Loading weights:  53%|#####2    | 154/292 [00:00<00:00, 2498.95it/s, Materializing param=gpt_neox.layers.12.input_layernorm.weight]
Loading weights:  53%|#####2    | 154/292 [00:00<00:00, 2496.50it/s, Materializing param=gpt_neox.layers.12.input_layernorm.weight]
Loading weights:  53%|#####3    | 155/292 [00:00<00:00, 2508.32it/s, Materializing param=gpt_neox.layers.12.mlp.dense_4h_to_h.bias]
Loading weights:  53%|#####3    | 155/292 [00:00<00:00, 2505.80it/s, Materializing param=gpt_neox.layers.12.mlp.dense_4h_to_h.bias]
Loading weights:  53%|#####3    | 156/292 [00:00<00:00, 2517.07it/s, Materializing param=gpt_neox.layers.12.mlp.dense_4h_to_h.weight]
Loading weights:  53%|#####3    | 156/292 [00:00<00:00, 2514.59it/s, Materializing param=gpt_neox.layers.12.mlp.dense_4h_to_h.weight]
Loading weights:  54%|#####3    | 157/292 [00:00<00:00, 2525.93it/s, Materializing param=gpt_neox.layers.12.mlp.dense_h_to_4h.bias]  
Loading weights:  54%|#####3    | 157/292 [00:00<00:00, 2523.55it/s, Materializing param=gpt_neox.layers.12.mlp.dense_h_to_4h.bias]
Loading weights:  54%|#####4    | 158/292 [00:00<00:00, 2534.86it/s, Materializing param=gpt_neox.layers.12.mlp.dense_h_to_4h.weight]
Loading weights:  54%|#####4    | 158/292 [00:00<00:00, 2532.58it/s, Materializing param=gpt_neox.layers.12.mlp.dense_h_to_4h.weight]
Loading weights:  54%|#####4    | 159/292 [00:00<00:00, 2544.36it/s, Materializing param=gpt_neox.layers.12.post_attention_layernorm.bias]
Loading weights:  54%|#####4    | 159/292 [00:00<00:00, 2541.87it/s, Materializing param=gpt_neox.layers.12.post_attention_layernorm.bias]
Loading weights:  55%|#####4    | 160/292 [00:00<00:00, 2553.09it/s, Materializing param=gpt_neox.layers.12.post_attention_layernorm.weight]
Loading weights:  55%|#####4    | 160/292 [00:00<00:00, 2550.56it/s, Materializing param=gpt_neox.layers.12.post_attention_layernorm.weight]
Loading weights:  55%|#####5    | 161/292 [00:00<00:00, 2561.99it/s, Materializing param=gpt_neox.layers.13.attention.dense.bias]           
Loading weights:  55%|#####5    | 161/292 [00:00<00:00, 2559.57it/s, Materializing param=gpt_neox.layers.13.attention.dense.bias]
Loading weights:  55%|#####5    | 162/292 [00:00<00:00, 2570.72it/s, Materializing param=gpt_neox.layers.13.attention.dense.weight]
Loading weights:  55%|#####5    | 162/292 [00:00<00:00, 2568.28it/s, Materializing param=gpt_neox.layers.13.attention.dense.weight]
Loading weights:  56%|#####5    | 163/292 [00:00<00:00, 2579.66it/s, Materializing param=gpt_neox.layers.13.attention.query_key_value.bias]
Loading weights:  56%|#####5    | 163/292 [00:00<00:00, 2576.45it/s, Materializing param=gpt_neox.layers.13.attention.query_key_value.bias]
Loading weights:  56%|#####6    | 164/292 [00:00<00:00, 2587.27it/s, Materializing param=gpt_neox.layers.13.attention.query_key_value.weight]
Loading weights:  56%|#####6    | 164/292 [00:00<00:00, 2584.65it/s, Materializing param=gpt_neox.layers.13.attention.query_key_value.weight]
Loading weights:  57%|#####6    | 165/292 [00:00<00:00, 2595.49it/s, Materializing param=gpt_neox.layers.13.input_layernorm.bias]            
Loading weights:  57%|#####6    | 165/292 [00:00<00:00, 2592.94it/s, Materializing param=gpt_neox.layers.13.input_layernorm.bias]
Loading weights:  57%|#####6    | 166/292 [00:00<00:00, 2603.99it/s, Materializing param=gpt_neox.layers.13.input_layernorm.weight]
Loading weights:  57%|#####6    | 166/292 [00:00<00:00, 2601.56it/s, Materializing param=gpt_neox.layers.13.input_layernorm.weight]
Loading weights:  57%|#####7    | 167/292 [00:00<00:00, 2612.91it/s, Materializing param=gpt_neox.layers.13.mlp.dense_4h_to_h.bias]
Loading weights:  57%|#####7    | 167/292 [00:00<00:00, 2610.50it/s, Materializing param=gpt_neox.layers.13.mlp.dense_4h_to_h.bias]
Loading weights:  58%|#####7    | 168/292 [00:00<00:00, 2621.66it/s, Materializing param=gpt_neox.layers.13.mlp.dense_4h_to_h.weight]
Loading weights:  58%|#####7    | 168/292 [00:00<00:00, 2619.17it/s, Materializing param=gpt_neox.layers.13.mlp.dense_4h_to_h.weight]
Loading weights:  58%|#####7    | 169/292 [00:00<00:00, 2629.78it/s, Materializing param=gpt_neox.layers.13.mlp.dense_h_to_4h.bias]  
Loading weights:  58%|#####7    | 169/292 [00:00<00:00, 2627.29it/s, Materializing param=gpt_neox.layers.13.mlp.dense_h_to_4h.bias]
Loading weights:  58%|#####8    | 170/292 [00:00<00:00, 2636.75it/s, Materializing param=gpt_neox.layers.13.mlp.dense_h_to_4h.weight]
Loading weights:  58%|#####8    | 170/292 [00:00<00:00, 2634.30it/s, Materializing param=gpt_neox.layers.13.mlp.dense_h_to_4h.weight]
Loading weights:  59%|#####8    | 171/292 [00:00<00:00, 2645.38it/s, Materializing param=gpt_neox.layers.13.post_attention_layernorm.bias]
Loading weights:  59%|#####8    | 171/292 [00:00<00:00, 2642.85it/s, Materializing param=gpt_neox.layers.13.post_attention_layernorm.bias]
Loading weights:  59%|#####8    | 172/292 [00:00<00:00, 2653.66it/s, Materializing param=gpt_neox.layers.13.post_attention_layernorm.weight]
Loading weights:  59%|#####8    | 172/292 [00:00<00:00, 2651.18it/s, Materializing param=gpt_neox.layers.13.post_attention_layernorm.weight]
Loading weights:  59%|#####9    | 173/292 [00:00<00:00, 2662.15it/s, Materializing param=gpt_neox.layers.14.attention.dense.bias]           
Loading weights:  59%|#####9    | 173/292 [00:00<00:00, 2659.72it/s, Materializing param=gpt_neox.layers.14.attention.dense.bias]
Loading weights:  60%|#####9    | 174/292 [00:00<00:00, 2670.62it/s, Materializing param=gpt_neox.layers.14.attention.dense.weight]
Loading weights:  60%|#####9    | 174/292 [00:00<00:00, 2668.17it/s, Materializing param=gpt_neox.layers.14.attention.dense.weight]
Loading weights:  60%|#####9    | 175/292 [00:00<00:00, 2678.96it/s, Materializing param=gpt_neox.layers.14.attention.query_key_value.bias]
Loading weights:  60%|#####9    | 175/292 [00:00<00:00, 2676.49it/s, Materializing param=gpt_neox.layers.14.attention.query_key_value.bias]
Loading weights:  60%|######    | 176/292 [00:00<00:00, 2687.35it/s, Materializing param=gpt_neox.layers.14.attention.query_key_value.weight]
Loading weights:  60%|######    | 176/292 [00:00<00:00, 2684.75it/s, Materializing param=gpt_neox.layers.14.attention.query_key_value.weight]
Loading weights:  61%|######    | 177/292 [00:00<00:00, 2695.66it/s, Materializing param=gpt_neox.layers.14.input_layernorm.bias]            
Loading weights:  61%|######    | 177/292 [00:00<00:00, 2693.21it/s, Materializing param=gpt_neox.layers.14.input_layernorm.bias]
Loading weights:  61%|######    | 178/292 [00:00<00:00, 2703.91it/s, Materializing param=gpt_neox.layers.14.input_layernorm.weight]
Loading weights:  61%|######    | 178/292 [00:00<00:00, 2701.39it/s, Materializing param=gpt_neox.layers.14.input_layernorm.weight]
Loading weights:  61%|######1   | 179/292 [00:00<00:00, 2712.06it/s, Materializing param=gpt_neox.layers.14.mlp.dense_4h_to_h.bias]
Loading weights:  61%|######1   | 179/292 [00:00<00:00, 2709.55it/s, Materializing param=gpt_neox.layers.14.mlp.dense_4h_to_h.bias]
Loading weights:  62%|######1   | 180/292 [00:00<00:00, 2719.41it/s, Materializing param=gpt_neox.layers.14.mlp.dense_4h_to_h.weight]
Loading weights:  62%|######1   | 180/292 [00:00<00:00, 2716.40it/s, Materializing param=gpt_neox.layers.14.mlp.dense_4h_to_h.weight]
Loading weights:  62%|######1   | 181/292 [00:00<00:00, 2726.14it/s, Materializing param=gpt_neox.layers.14.mlp.dense_h_to_4h.bias]  
Loading weights:  62%|######1   | 181/292 [00:00<00:00, 2723.66it/s, Materializing param=gpt_neox.layers.14.mlp.dense_h_to_4h.bias]
Loading weights:  62%|######2   | 182/292 [00:00<00:00, 2733.55it/s, Materializing param=gpt_neox.layers.14.mlp.dense_h_to_4h.weight]
Loading weights:  62%|######2   | 182/292 [00:00<00:00, 2730.98it/s, Materializing param=gpt_neox.layers.14.mlp.dense_h_to_4h.weight]
Loading weights:  63%|######2   | 183/292 [00:00<00:00, 2741.23it/s, Materializing param=gpt_neox.layers.14.post_attention_layernorm.bias]
Loading weights:  63%|######2   | 183/292 [00:00<00:00, 2738.69it/s, Materializing param=gpt_neox.layers.14.post_attention_layernorm.bias]
Loading weights:  63%|######3   | 184/292 [00:00<00:00, 2749.07it/s, Materializing param=gpt_neox.layers.14.post_attention_layernorm.weight]
Loading weights:  63%|######3   | 184/292 [00:00<00:00, 2746.52it/s, Materializing param=gpt_neox.layers.14.post_attention_layernorm.weight]
Loading weights:  63%|######3   | 185/292 [00:00<00:00, 2756.96it/s, Materializing param=gpt_neox.layers.15.attention.dense.bias]           
Loading weights:  63%|######3   | 185/292 [00:00<00:00, 2754.49it/s, Materializing param=gpt_neox.layers.15.attention.dense.bias]
Loading weights:  64%|######3   | 186/292 [00:00<00:00, 2764.23it/s, Materializing param=gpt_neox.layers.15.attention.dense.weight]
Loading weights:  64%|######3   | 186/292 [00:00<00:00, 2761.69it/s, Materializing param=gpt_neox.layers.15.attention.dense.weight]
Loading weights:  64%|######4   | 187/292 [00:00<00:00, 2771.89it/s, Materializing param=gpt_neox.layers.15.attention.query_key_value.bias]
Loading weights:  64%|######4   | 187/292 [00:00<00:00, 2769.50it/s, Materializing param=gpt_neox.layers.15.attention.query_key_value.bias]
Loading weights:  64%|######4   | 188/292 [00:00<00:00, 2779.70it/s, Materializing param=gpt_neox.layers.15.attention.query_key_value.weight]
Loading weights:  64%|######4   | 188/292 [00:00<00:00, 2777.31it/s, Materializing param=gpt_neox.layers.15.attention.query_key_value.weight]
Loading weights:  65%|######4   | 189/292 [00:00<00:00, 2787.66it/s, Materializing param=gpt_neox.layers.15.input_layernorm.bias]            
Loading weights:  65%|######4   | 189/292 [00:00<00:00, 2785.33it/s, Materializing param=gpt_neox.layers.15.input_layernorm.bias]
Loading weights:  65%|######5   | 190/292 [00:00<00:00, 2795.69it/s, Materializing param=gpt_neox.layers.15.input_layernorm.weight]
Loading weights:  65%|######5   | 190/292 [00:00<00:00, 2793.13it/s, Materializing param=gpt_neox.layers.15.input_layernorm.weight]
Loading weights:  65%|######5   | 191/292 [00:00<00:00, 2803.16it/s, Materializing param=gpt_neox.layers.15.mlp.dense_4h_to_h.bias]
Loading weights:  65%|######5   | 191/292 [00:00<00:00, 2800.68it/s, Materializing param=gpt_neox.layers.15.mlp.dense_4h_to_h.bias]
Loading weights:  66%|######5   | 192/292 [00:00<00:00, 2810.30it/s, Materializing param=gpt_neox.layers.15.mlp.dense_4h_to_h.weight]
Loading weights:  66%|######5   | 192/292 [00:00<00:00, 2807.79it/s, Materializing param=gpt_neox.layers.15.mlp.dense_4h_to_h.weight]
Loading weights:  66%|######6   | 193/292 [00:00<00:00, 2817.83it/s, Materializing param=gpt_neox.layers.15.mlp.dense_h_to_4h.bias]  
Loading weights:  66%|######6   | 193/292 [00:00<00:00, 2815.36it/s, Materializing param=gpt_neox.layers.15.mlp.dense_h_to_4h.bias]
Loading weights:  66%|######6   | 194/292 [00:00<00:00, 2825.48it/s, Materializing param=gpt_neox.layers.15.mlp.dense_h_to_4h.weight]
Loading weights:  66%|######6   | 194/292 [00:00<00:00, 2822.99it/s, Materializing param=gpt_neox.layers.15.mlp.dense_h_to_4h.weight]
Loading weights:  67%|######6   | 195/292 [00:00<00:00, 2833.04it/s, Materializing param=gpt_neox.layers.15.post_attention_layernorm.bias]
Loading weights:  67%|######6   | 195/292 [00:00<00:00, 2830.50it/s, Materializing param=gpt_neox.layers.15.post_attention_layernorm.bias]
Loading weights:  67%|######7   | 196/292 [00:00<00:00, 2839.44it/s, Materializing param=gpt_neox.layers.15.post_attention_layernorm.weight]
Loading weights:  67%|######7   | 196/292 [00:00<00:00, 2836.43it/s, Materializing param=gpt_neox.layers.15.post_attention_layernorm.weight]
Loading weights:  67%|######7   | 197/292 [00:00<00:00, 2846.43it/s, Materializing param=gpt_neox.layers.16.attention.dense.bias]           
Loading weights:  67%|######7   | 197/292 [00:00<00:00, 2843.51it/s, Materializing param=gpt_neox.layers.16.attention.dense.bias]
Loading weights:  68%|######7   | 198/292 [00:00<00:00, 2853.15it/s, Materializing param=gpt_neox.layers.16.attention.dense.weight]
Loading weights:  68%|######7   | 198/292 [00:00<00:00, 2850.67it/s, Materializing param=gpt_neox.layers.16.attention.dense.weight]
Loading weights:  68%|######8   | 199/292 [00:00<00:00, 2859.66it/s, Materializing param=gpt_neox.layers.16.attention.query_key_value.bias]
Loading weights:  68%|######8   | 199/292 [00:00<00:00, 2857.12it/s, Materializing param=gpt_neox.layers.16.attention.query_key_value.bias]
Loading weights:  68%|######8   | 200/292 [00:00<00:00, 2866.95it/s, Materializing param=gpt_neox.layers.16.attention.query_key_value.weight]
Loading weights:  68%|######8   | 200/292 [00:00<00:00, 2864.42it/s, Materializing param=gpt_neox.layers.16.attention.query_key_value.weight]
Loading weights:  69%|######8   | 201/292 [00:00<00:00, 2874.17it/s, Materializing param=gpt_neox.layers.16.input_layernorm.bias]            
Loading weights:  69%|######8   | 201/292 [00:00<00:00, 2871.68it/s, Materializing param=gpt_neox.layers.16.input_layernorm.bias]
Loading weights:  69%|######9   | 202/292 [00:00<00:00, 2881.57it/s, Materializing param=gpt_neox.layers.16.input_layernorm.weight]
Loading weights:  69%|######9   | 202/292 [00:00<00:00, 2879.13it/s, Materializing param=gpt_neox.layers.16.input_layernorm.weight]
Loading weights:  70%|######9   | 203/292 [00:00<00:00, 2886.36it/s, Materializing param=gpt_neox.layers.16.mlp.dense_4h_to_h.bias]
Loading weights:  70%|######9   | 203/292 [00:00<00:00, 2883.72it/s, Materializing param=gpt_neox.layers.16.mlp.dense_4h_to_h.bias]
Loading weights:  70%|######9   | 204/292 [00:00<00:00, 2893.30it/s, Materializing param=gpt_neox.layers.16.mlp.dense_4h_to_h.weight]
Loading weights:  70%|######9   | 204/292 [00:00<00:00, 2890.83it/s, Materializing param=gpt_neox.layers.16.mlp.dense_4h_to_h.weight]
Loading weights:  70%|#######   | 205/292 [00:00<00:00, 2900.63it/s, Materializing param=gpt_neox.layers.16.mlp.dense_h_to_4h.bias]  
Loading weights:  70%|#######   | 205/292 [00:00<00:00, 2898.18it/s, Materializing param=gpt_neox.layers.16.mlp.dense_h_to_4h.bias]
Loading weights:  71%|#######   | 206/292 [00:00<00:00, 2907.97it/s, Materializing param=gpt_neox.layers.16.mlp.dense_h_to_4h.weight]
Loading weights:  71%|#######   | 206/292 [00:00<00:00, 2905.53it/s, Materializing param=gpt_neox.layers.16.mlp.dense_h_to_4h.weight]
Loading weights:  71%|#######   | 207/292 [00:00<00:00, 2915.22it/s, Materializing param=gpt_neox.layers.16.post_attention_layernorm.bias]
Loading weights:  71%|#######   | 207/292 [00:00<00:00, 2912.73it/s, Materializing param=gpt_neox.layers.16.post_attention_layernorm.bias]
Loading weights:  71%|#######1  | 208/292 [00:00<00:00, 2922.37it/s, Materializing param=gpt_neox.layers.16.post_attention_layernorm.weight]
Loading weights:  71%|#######1  | 208/292 [00:00<00:00, 2919.63it/s, Materializing param=gpt_neox.layers.16.post_attention_layernorm.weight]
Loading weights:  72%|#######1  | 209/292 [00:00<00:00, 2929.17it/s, Materializing param=gpt_neox.layers.17.attention.dense.bias]           
Loading weights:  72%|#######1  | 209/292 [00:00<00:00, 2926.69it/s, Materializing param=gpt_neox.layers.17.attention.dense.bias]
Loading weights:  72%|#######1  | 210/292 [00:00<00:00, 2936.18it/s, Materializing param=gpt_neox.layers.17.attention.dense.weight]
Loading weights:  72%|#######1  | 210/292 [00:00<00:00, 2933.72it/s, Materializing param=gpt_neox.layers.17.attention.dense.weight]
Loading weights:  72%|#######2  | 211/292 [00:00<00:00, 2943.30it/s, Materializing param=gpt_neox.layers.17.attention.query_key_value.bias]
Loading weights:  72%|#######2  | 211/292 [00:00<00:00, 2940.78it/s, Materializing param=gpt_neox.layers.17.attention.query_key_value.bias]
Loading weights:  73%|#######2  | 212/292 [00:00<00:00, 2950.08it/s, Materializing param=gpt_neox.layers.17.attention.query_key_value.weight]
Loading weights:  73%|#######2  | 212/292 [00:00<00:00, 2947.50it/s, Materializing param=gpt_neox.layers.17.attention.query_key_value.weight]
Loading weights:  73%|#######2  | 213/292 [00:00<00:00, 2956.92it/s, Materializing param=gpt_neox.layers.17.input_layernorm.bias]            
Loading weights:  73%|#######2  | 213/292 [00:00<00:00, 2954.48it/s, Materializing param=gpt_neox.layers.17.input_layernorm.bias]
Loading weights:  73%|#######3  | 214/292 [00:00<00:00, 2964.17it/s, Materializing param=gpt_neox.layers.17.input_layernorm.weight]
Loading weights:  73%|#######3  | 214/292 [00:00<00:00, 2961.55it/s, Materializing param=gpt_neox.layers.17.input_layernorm.weight]
Loading weights:  74%|#######3  | 215/292 [00:00<00:00, 2971.03it/s, Materializing param=gpt_neox.layers.17.mlp.dense_4h_to_h.bias]
Loading weights:  74%|#######3  | 215/292 [00:00<00:00, 2968.54it/s, Materializing param=gpt_neox.layers.17.mlp.dense_4h_to_h.bias]
Loading weights:  74%|#######3  | 216/292 [00:00<00:00, 2978.13it/s, Materializing param=gpt_neox.layers.17.mlp.dense_4h_to_h.weight]
Loading weights:  74%|#######3  | 216/292 [00:00<00:00, 2975.67it/s, Materializing param=gpt_neox.layers.17.mlp.dense_4h_to_h.weight]
Loading weights:  74%|#######4  | 217/292 [00:00<00:00, 2984.09it/s, Materializing param=gpt_neox.layers.17.mlp.dense_h_to_4h.bias]  
Loading weights:  74%|#######4  | 217/292 [00:00<00:00, 2981.78it/s, Materializing param=gpt_neox.layers.17.mlp.dense_h_to_4h.bias]
Loading weights:  75%|#######4  | 218/292 [00:00<00:00, 2991.26it/s, Materializing param=gpt_neox.layers.17.mlp.dense_h_to_4h.weight]
Loading weights:  75%|#######4  | 218/292 [00:00<00:00, 2988.97it/s, Materializing param=gpt_neox.layers.17.mlp.dense_h_to_4h.weight]
Loading weights:  75%|#######5  | 219/292 [00:00<00:00, 2998.50it/s, Materializing param=gpt_neox.layers.17.post_attention_layernorm.bias]
Loading weights:  75%|#######5  | 219/292 [00:00<00:00, 2995.99it/s, Materializing param=gpt_neox.layers.17.post_attention_layernorm.bias]
Loading weights:  75%|#######5  | 220/292 [00:00<00:00, 3004.45it/s, Materializing param=gpt_neox.layers.17.post_attention_layernorm.weight]
Loading weights:  75%|#######5  | 220/292 [00:00<00:00, 2999.58it/s, Materializing param=gpt_neox.layers.17.post_attention_layernorm.weight]
Loading weights:  76%|#######5  | 221/292 [00:00<00:00, 3008.71it/s, Materializing param=gpt_neox.layers.18.attention.dense.bias]           
Loading weights:  76%|#######5  | 221/292 [00:00<00:00, 3006.24it/s, Materializing param=gpt_neox.layers.18.attention.dense.bias]
Loading weights:  76%|#######6  | 222/292 [00:00<00:00, 3015.37it/s, Materializing param=gpt_neox.layers.18.attention.dense.weight]
Loading weights:  76%|#######6  | 222/292 [00:00<00:00, 3012.77it/s, Materializing param=gpt_neox.layers.18.attention.dense.weight]
Loading weights:  76%|#######6  | 223/292 [00:00<00:00, 3021.92it/s, Materializing param=gpt_neox.layers.18.attention.query_key_value.bias]
Loading weights:  76%|#######6  | 223/292 [00:00<00:00, 3019.42it/s, Materializing param=gpt_neox.layers.18.attention.query_key_value.bias]
Loading weights:  77%|#######6  | 224/292 [00:00<00:00, 3026.90it/s, Materializing param=gpt_neox.layers.18.attention.query_key_value.weight]
Loading weights:  77%|#######6  | 224/292 [00:00<00:00, 3023.49it/s, Materializing param=gpt_neox.layers.18.attention.query_key_value.weight]
Loading weights:  77%|#######7  | 225/292 [00:00<00:00, 3031.49it/s, Materializing param=gpt_neox.layers.18.input_layernorm.bias]            
Loading weights:  77%|#######7  | 225/292 [00:00<00:00, 3027.86it/s, Materializing param=gpt_neox.layers.18.input_layernorm.bias]
Loading weights:  77%|#######7  | 226/292 [00:00<00:00, 3035.19it/s, Materializing param=gpt_neox.layers.18.input_layernorm.weight]
Loading weights:  77%|#######7  | 226/292 [00:00<00:00, 3032.56it/s, Materializing param=gpt_neox.layers.18.input_layernorm.weight]
Loading weights:  78%|#######7  | 227/292 [00:00<00:00, 3041.19it/s, Materializing param=gpt_neox.layers.18.mlp.dense_4h_to_h.bias]
Loading weights:  78%|#######7  | 227/292 [00:00<00:00, 3038.69it/s, Materializing param=gpt_neox.layers.18.mlp.dense_4h_to_h.bias]
Loading weights:  78%|#######8  | 228/292 [00:00<00:00, 3046.96it/s, Materializing param=gpt_neox.layers.18.mlp.dense_4h_to_h.weight]
Loading weights:  78%|#######8  | 228/292 [00:00<00:00, 3044.44it/s, Materializing param=gpt_neox.layers.18.mlp.dense_4h_to_h.weight]
Loading weights:  78%|#######8  | 229/292 [00:00<00:00, 3053.34it/s, Materializing param=gpt_neox.layers.18.mlp.dense_h_to_4h.bias]  
Loading weights:  78%|#######8  | 229/292 [00:00<00:00, 3050.94it/s, Materializing param=gpt_neox.layers.18.mlp.dense_h_to_4h.bias]
Loading weights:  79%|#######8  | 230/292 [00:00<00:00, 3059.88it/s, Materializing param=gpt_neox.layers.18.mlp.dense_h_to_4h.weight]
Loading weights:  79%|#######8  | 230/292 [00:00<00:00, 3057.00it/s, Materializing param=gpt_neox.layers.18.mlp.dense_h_to_4h.weight]
Loading weights:  79%|#######9  | 231/292 [00:00<00:00, 3065.81it/s, Materializing param=gpt_neox.layers.18.post_attention_layernorm.bias]
Loading weights:  79%|#######9  | 231/292 [00:00<00:00, 3063.36it/s, Materializing param=gpt_neox.layers.18.post_attention_layernorm.bias]
Loading weights:  79%|#######9  | 232/292 [00:00<00:00, 3072.01it/s, Materializing param=gpt_neox.layers.18.post_attention_layernorm.weight]
Loading weights:  79%|#######9  | 232/292 [00:00<00:00, 3069.53it/s, Materializing param=gpt_neox.layers.18.post_attention_layernorm.weight]
Loading weights:  80%|#######9  | 233/292 [00:00<00:00, 3078.49it/s, Materializing param=gpt_neox.layers.19.attention.dense.bias]           
Loading weights:  80%|#######9  | 233/292 [00:00<00:00, 3076.11it/s, Materializing param=gpt_neox.layers.19.attention.dense.bias]
Loading weights:  80%|########  | 234/292 [00:00<00:00, 3084.89it/s, Materializing param=gpt_neox.layers.19.attention.dense.weight]
Loading weights:  80%|########  | 234/292 [00:00<00:00, 3082.48it/s, Materializing param=gpt_neox.layers.19.attention.dense.weight]
Loading weights:  80%|########  | 235/292 [00:00<00:00, 3091.19it/s, Materializing param=gpt_neox.layers.19.attention.query_key_value.bias]
Loading weights:  80%|########  | 235/292 [00:00<00:00, 3088.79it/s, Materializing param=gpt_neox.layers.19.attention.query_key_value.bias]
Loading weights:  81%|########  | 236/292 [00:00<00:00, 3097.63it/s, Materializing param=gpt_neox.layers.19.attention.query_key_value.weight]
Loading weights:  81%|########  | 236/292 [00:00<00:00, 3095.20it/s, Materializing param=gpt_neox.layers.19.attention.query_key_value.weight]
Loading weights:  81%|########1 | 237/292 [00:00<00:00, 3103.99it/s, Materializing param=gpt_neox.layers.19.input_layernorm.bias]            
Loading weights:  81%|########1 | 237/292 [00:00<00:00, 3101.61it/s, Materializing param=gpt_neox.layers.19.input_layernorm.bias]
Loading weights:  82%|########1 | 238/292 [00:00<00:00, 3110.47it/s, Materializing param=gpt_neox.layers.19.input_layernorm.weight]
Loading weights:  82%|########1 | 238/292 [00:00<00:00, 3108.07it/s, Materializing param=gpt_neox.layers.19.input_layernorm.weight]
Loading weights:  82%|########1 | 239/292 [00:00<00:00, 3116.97it/s, Materializing param=gpt_neox.layers.19.mlp.dense_4h_to_h.bias]
Loading weights:  82%|########1 | 239/292 [00:00<00:00, 3114.62it/s, Materializing param=gpt_neox.layers.19.mlp.dense_4h_to_h.bias]
Loading weights:  82%|########2 | 240/292 [00:00<00:00, 3123.36it/s, Materializing param=gpt_neox.layers.19.mlp.dense_4h_to_h.weight]
Loading weights:  82%|########2 | 240/292 [00:00<00:00, 3120.89it/s, Materializing param=gpt_neox.layers.19.mlp.dense_4h_to_h.weight]
Loading weights:  83%|########2 | 241/292 [00:00<00:00, 3129.12it/s, Materializing param=gpt_neox.layers.19.mlp.dense_h_to_4h.bias]  
Loading weights:  83%|########2 | 241/292 [00:00<00:00, 3126.75it/s, Materializing param=gpt_neox.layers.19.mlp.dense_h_to_4h.bias]
Loading weights:  83%|########2 | 242/292 [00:00<00:00, 3135.45it/s, Materializing param=gpt_neox.layers.19.mlp.dense_h_to_4h.weight]
Loading weights:  83%|########2 | 242/292 [00:00<00:00, 3132.75it/s, Materializing param=gpt_neox.layers.19.mlp.dense_h_to_4h.weight]
Loading weights:  83%|########3 | 243/292 [00:00<00:00, 3141.34it/s, Materializing param=gpt_neox.layers.19.post_attention_layernorm.bias]
Loading weights:  83%|########3 | 243/292 [00:00<00:00, 3138.93it/s, Materializing param=gpt_neox.layers.19.post_attention_layernorm.bias]
Loading weights:  84%|########3 | 244/292 [00:00<00:00, 3147.47it/s, Materializing param=gpt_neox.layers.19.post_attention_layernorm.weight]
Loading weights:  84%|########3 | 244/292 [00:00<00:00, 3145.05it/s, Materializing param=gpt_neox.layers.19.post_attention_layernorm.weight]
Loading weights:  84%|########3 | 245/292 [00:00<00:00, 3153.70it/s, Materializing param=gpt_neox.layers.20.attention.dense.bias]           
Loading weights:  84%|########3 | 245/292 [00:00<00:00, 3151.32it/s, Materializing param=gpt_neox.layers.20.attention.dense.bias]
Loading weights:  84%|########4 | 246/292 [00:00<00:00, 3159.28it/s, Materializing param=gpt_neox.layers.20.attention.dense.weight]
Loading weights:  84%|########4 | 246/292 [00:00<00:00, 3156.90it/s, Materializing param=gpt_neox.layers.20.attention.dense.weight]
Loading weights:  85%|########4 | 247/292 [00:00<00:00, 3165.43it/s, Materializing param=gpt_neox.layers.20.attention.query_key_value.bias]
Loading weights:  85%|########4 | 247/292 [00:00<00:00, 3163.11it/s, Materializing param=gpt_neox.layers.20.attention.query_key_value.bias]
Loading weights:  85%|########4 | 248/292 [00:00<00:00, 3171.79it/s, Materializing param=gpt_neox.layers.20.attention.query_key_value.weight]
Loading weights:  85%|########4 | 248/292 [00:00<00:00, 3169.53it/s, Materializing param=gpt_neox.layers.20.attention.query_key_value.weight]
Loading weights:  85%|########5 | 249/292 [00:00<00:00, 3178.19it/s, Materializing param=gpt_neox.layers.20.input_layernorm.bias]            
Loading weights:  85%|########5 | 249/292 [00:00<00:00, 3175.99it/s, Materializing param=gpt_neox.layers.20.input_layernorm.bias]
Loading weights:  86%|########5 | 250/292 [00:00<00:00, 3184.65it/s, Materializing param=gpt_neox.layers.20.input_layernorm.weight]
Loading weights:  86%|########5 | 250/292 [00:00<00:00, 3182.47it/s, Materializing param=gpt_neox.layers.20.input_layernorm.weight]
Loading weights:  86%|########5 | 251/292 [00:00<00:00, 3190.86it/s, Materializing param=gpt_neox.layers.20.mlp.dense_4h_to_h.bias]
Loading weights:  86%|########5 | 251/292 [00:00<00:00, 3188.47it/s, Materializing param=gpt_neox.layers.20.mlp.dense_4h_to_h.bias]
Loading weights:  86%|########6 | 252/292 [00:00<00:00, 3196.81it/s, Materializing param=gpt_neox.layers.20.mlp.dense_4h_to_h.weight]
Loading weights:  86%|########6 | 252/292 [00:00<00:00, 3194.46it/s, Materializing param=gpt_neox.layers.20.mlp.dense_4h_to_h.weight]
Loading weights:  87%|########6 | 253/292 [00:00<00:00, 3202.85it/s, Materializing param=gpt_neox.layers.20.mlp.dense_h_to_4h.bias]  
Loading weights:  87%|########6 | 253/292 [00:00<00:00, 3200.64it/s, Materializing param=gpt_neox.layers.20.mlp.dense_h_to_4h.bias]
Loading weights:  87%|########6 | 254/292 [00:00<00:00, 3209.05it/s, Materializing param=gpt_neox.layers.20.mlp.dense_h_to_4h.weight]
Loading weights:  87%|########6 | 254/292 [00:00<00:00, 3206.41it/s, Materializing param=gpt_neox.layers.20.mlp.dense_h_to_4h.weight]
Loading weights:  87%|########7 | 255/292 [00:00<00:00, 3214.78it/s, Materializing param=gpt_neox.layers.20.post_attention_layernorm.bias]
Loading weights:  87%|########7 | 255/292 [00:00<00:00, 3212.41it/s, Materializing param=gpt_neox.layers.20.post_attention_layernorm.bias]
Loading weights:  88%|########7 | 256/292 [00:00<00:00, 3220.90it/s, Materializing param=gpt_neox.layers.20.post_attention_layernorm.weight]
Loading weights:  88%|########7 | 256/292 [00:00<00:00, 3218.53it/s, Materializing param=gpt_neox.layers.20.post_attention_layernorm.weight]
Loading weights:  88%|########8 | 257/292 [00:00<00:00, 3227.04it/s, Materializing param=gpt_neox.layers.21.attention.dense.bias]           
Loading weights:  88%|########8 | 257/292 [00:00<00:00, 3223.82it/s, Materializing param=gpt_neox.layers.21.attention.dense.bias]
Loading weights:  88%|########8 | 258/292 [00:00<00:00, 3232.02it/s, Materializing param=gpt_neox.layers.21.attention.dense.weight]
Loading weights:  88%|########8 | 258/292 [00:00<00:00, 3229.65it/s, Materializing param=gpt_neox.layers.21.attention.dense.weight]
Loading weights:  89%|########8 | 259/292 [00:00<00:00, 3237.98it/s, Materializing param=gpt_neox.layers.21.attention.query_key_value.bias]
Loading weights:  89%|########8 | 259/292 [00:00<00:00, 3235.60it/s, Materializing param=gpt_neox.layers.21.attention.query_key_value.bias]
Loading weights:  89%|########9 | 260/292 [00:00<00:00, 3243.96it/s, Materializing param=gpt_neox.layers.21.attention.query_key_value.weight]
Loading weights:  89%|########9 | 260/292 [00:00<00:00, 3241.57it/s, Materializing param=gpt_neox.layers.21.attention.query_key_value.weight]
Loading weights:  89%|########9 | 261/292 [00:00<00:00, 3249.58it/s, Materializing param=gpt_neox.layers.21.input_layernorm.bias]            
Loading weights:  89%|########9 | 261/292 [00:00<00:00, 3247.19it/s, Materializing param=gpt_neox.layers.21.input_layernorm.bias]
Loading weights:  90%|########9 | 262/292 [00:00<00:00, 3255.52it/s, Materializing param=gpt_neox.layers.21.input_layernorm.weight]
Loading weights:  90%|########9 | 262/292 [00:00<00:00, 3253.19it/s, Materializing param=gpt_neox.layers.21.input_layernorm.weight]
Loading weights:  90%|######### | 263/292 [00:00<00:00, 3260.81it/s, Materializing param=gpt_neox.layers.21.mlp.dense_4h_to_h.bias]
Loading weights:  90%|######### | 263/292 [00:00<00:00, 3258.47it/s, Materializing param=gpt_neox.layers.21.mlp.dense_4h_to_h.bias]
Loading weights:  90%|######### | 264/292 [00:00<00:00, 3266.62it/s, Materializing param=gpt_neox.layers.21.mlp.dense_4h_to_h.weight]
Loading weights:  90%|######### | 264/292 [00:00<00:00, 3264.27it/s, Materializing param=gpt_neox.layers.21.mlp.dense_4h_to_h.weight]
Loading weights:  91%|######### | 265/292 [00:00<00:00, 3272.48it/s, Materializing param=gpt_neox.layers.21.mlp.dense_h_to_4h.bias]  
Loading weights:  91%|######### | 265/292 [00:00<00:00, 3269.95it/s, Materializing param=gpt_neox.layers.21.mlp.dense_h_to_4h.bias]
Loading weights:  91%|#########1| 266/292 [00:00<00:00, 3278.24it/s, Materializing param=gpt_neox.layers.21.mlp.dense_h_to_4h.weight]
Loading weights:  91%|#########1| 266/292 [00:00<00:00, 3275.91it/s, Materializing param=gpt_neox.layers.21.mlp.dense_h_to_4h.weight]
Loading weights:  91%|#########1| 267/292 [00:00<00:00, 3283.93it/s, Materializing param=gpt_neox.layers.21.post_attention_layernorm.bias]
Loading weights:  91%|#########1| 267/292 [00:00<00:00, 3281.59it/s, Materializing param=gpt_neox.layers.21.post_attention_layernorm.bias]
Loading weights:  92%|#########1| 268/292 [00:00<00:00, 3289.84it/s, Materializing param=gpt_neox.layers.21.post_attention_layernorm.weight]
Loading weights:  92%|#########1| 268/292 [00:00<00:00, 3287.48it/s, Materializing param=gpt_neox.layers.21.post_attention_layernorm.weight]
Loading weights:  92%|#########2| 269/292 [00:00<00:00, 3295.56it/s, Materializing param=gpt_neox.layers.22.attention.dense.bias]           
Loading weights:  92%|#########2| 269/292 [00:00<00:00, 3293.23it/s, Materializing param=gpt_neox.layers.22.attention.dense.bias]
Loading weights:  92%|#########2| 270/292 [00:00<00:00, 3301.27it/s, Materializing param=gpt_neox.layers.22.attention.dense.weight]
Loading weights:  92%|#########2| 270/292 [00:00<00:00, 3298.87it/s, Materializing param=gpt_neox.layers.22.attention.dense.weight]
Loading weights:  93%|#########2| 271/292 [00:00<00:00, 3306.67it/s, Materializing param=gpt_neox.layers.22.attention.query_key_value.bias]
Loading weights:  93%|#########2| 271/292 [00:00<00:00, 3304.29it/s, Materializing param=gpt_neox.layers.22.attention.query_key_value.bias]
Loading weights:  93%|#########3| 272/292 [00:00<00:00, 3312.26it/s, Materializing param=gpt_neox.layers.22.attention.query_key_value.weight]
Loading weights:  93%|#########3| 272/292 [00:00<00:00, 3310.02it/s, Materializing param=gpt_neox.layers.22.attention.query_key_value.weight]
Loading weights:  93%|#########3| 273/292 [00:00<00:00, 3318.05it/s, Materializing param=gpt_neox.layers.22.input_layernorm.bias]            
Loading weights:  93%|#########3| 273/292 [00:00<00:00, 3315.65it/s, Materializing param=gpt_neox.layers.22.input_layernorm.bias]
Loading weights:  94%|#########3| 274/292 [00:00<00:00, 3323.45it/s, Materializing param=gpt_neox.layers.22.input_layernorm.weight]
Loading weights:  94%|#########3| 274/292 [00:00<00:00, 3321.10it/s, Materializing param=gpt_neox.layers.22.input_layernorm.weight]
Loading weights:  94%|#########4| 275/292 [00:00<00:00, 3328.91it/s, Materializing param=gpt_neox.layers.22.mlp.dense_4h_to_h.bias]
Loading weights:  94%|#########4| 275/292 [00:00<00:00, 3324.05it/s, Materializing param=gpt_neox.layers.22.mlp.dense_4h_to_h.bias]
Loading weights:  95%|#########4| 276/292 [00:00<00:00, 3328.72it/s, Materializing param=gpt_neox.layers.22.mlp.dense_4h_to_h.weight]
Loading weights:  95%|#########4| 276/292 [00:00<00:00, 3325.91it/s, Materializing param=gpt_neox.layers.22.mlp.dense_4h_to_h.weight]
Loading weights:  95%|#########4| 277/292 [00:00<00:00, 3331.41it/s, Materializing param=gpt_neox.layers.22.mlp.dense_h_to_4h.bias]  
Loading weights:  95%|#########4| 277/292 [00:00<00:00, 3328.22it/s, Materializing param=gpt_neox.layers.22.mlp.dense_h_to_4h.bias]
Loading weights:  95%|#########5| 278/292 [00:00<00:00, 3332.58it/s, Materializing param=gpt_neox.layers.22.mlp.dense_h_to_4h.weight]
Loading weights:  95%|#########5| 278/292 [00:00<00:00, 3329.73it/s, Materializing param=gpt_neox.layers.22.mlp.dense_h_to_4h.weight]
Loading weights:  96%|#########5| 279/292 [00:00<00:00, 3336.24it/s, Materializing param=gpt_neox.layers.22.post_attention_layernorm.bias]
Loading weights:  96%|#########5| 279/292 [00:00<00:00, 3333.60it/s, Materializing param=gpt_neox.layers.22.post_attention_layernorm.bias]
Loading weights:  96%|#########5| 280/292 [00:00<00:00, 3340.22it/s, Materializing param=gpt_neox.layers.22.post_attention_layernorm.weight]
Loading weights:  96%|#########5| 280/292 [00:00<00:00, 3336.08it/s, Materializing param=gpt_neox.layers.22.post_attention_layernorm.weight]
Loading weights:  96%|#########6| 281/292 [00:00<00:00, 3342.42it/s, Materializing param=gpt_neox.layers.23.attention.dense.bias]           
Loading weights:  96%|#########6| 281/292 [00:00<00:00, 3339.76it/s, Materializing param=gpt_neox.layers.23.attention.dense.bias]
Loading weights:  97%|#########6| 282/292 [00:00<00:00, 3346.67it/s, Materializing param=gpt_neox.layers.23.attention.dense.weight]
Loading weights:  97%|#########6| 282/292 [00:00<00:00, 3344.12it/s, Materializing param=gpt_neox.layers.23.attention.dense.weight]
Loading weights:  97%|#########6| 283/292 [00:00<00:00, 3351.41it/s, Materializing param=gpt_neox.layers.23.attention.query_key_value.bias]
Loading weights:  97%|#########6| 283/292 [00:00<00:00, 3348.93it/s, Materializing param=gpt_neox.layers.23.attention.query_key_value.bias]
Loading weights:  97%|#########7| 284/292 [00:00<00:00, 3355.90it/s, Materializing param=gpt_neox.layers.23.attention.query_key_value.weight]
Loading weights:  97%|#########7| 284/292 [00:00<00:00, 3353.35it/s, Materializing param=gpt_neox.layers.23.attention.query_key_value.weight]
Loading weights:  98%|#########7| 285/292 [00:00<00:00, 3360.19it/s, Materializing param=gpt_neox.layers.23.input_layernorm.bias]            
Loading weights:  98%|#########7| 285/292 [00:00<00:00, 3357.76it/s, Materializing param=gpt_neox.layers.23.input_layernorm.bias]
Loading weights:  98%|#########7| 286/292 [00:00<00:00, 3365.13it/s, Materializing param=gpt_neox.layers.23.input_layernorm.weight]
Loading weights:  98%|#########7| 286/292 [00:00<00:00, 3362.78it/s, Materializing param=gpt_neox.layers.23.input_layernorm.weight]
Loading weights:  98%|#########8| 287/292 [00:00<00:00, 3370.32it/s, Materializing param=gpt_neox.layers.23.mlp.dense_4h_to_h.bias]
Loading weights:  98%|#########8| 287/292 [00:00<00:00, 3367.97it/s, Materializing param=gpt_neox.layers.23.mlp.dense_4h_to_h.bias]
Loading weights:  99%|#########8| 288/292 [00:00<00:00, 3375.37it/s, Materializing param=gpt_neox.layers.23.mlp.dense_4h_to_h.weight]
Loading weights:  99%|#########8| 288/292 [00:00<00:00, 3373.01it/s, Materializing param=gpt_neox.layers.23.mlp.dense_4h_to_h.weight]
Loading weights:  99%|#########8| 289/292 [00:00<00:00, 3380.46it/s, Materializing param=gpt_neox.layers.23.mlp.dense_h_to_4h.bias]  
Loading weights:  99%|#########8| 289/292 [00:00<00:00, 3378.26it/s, Materializing param=gpt_neox.layers.23.mlp.dense_h_to_4h.bias]
Loading weights:  99%|#########9| 290/292 [00:00<00:00, 3384.75it/s, Materializing param=gpt_neox.layers.23.mlp.dense_h_to_4h.weight]
Loading weights:  99%|#########9| 290/292 [00:00<00:00, 3382.38it/s, Materializing param=gpt_neox.layers.23.mlp.dense_h_to_4h.weight]
Loading weights: 100%|#########9| 291/292 [00:00<00:00, 3389.76it/s, Materializing param=gpt_neox.layers.23.post_attention_layernorm.bias]
Loading weights: 100%|#########9| 291/292 [00:00<00:00, 3387.41it/s, Materializing param=gpt_neox.layers.23.post_attention_layernorm.bias]
Loading weights: 100%|##########| 292/292 [00:00<00:00, 3395.04it/s, Materializing param=gpt_neox.layers.23.post_attention_layernorm.weight]
Loading weights: 100%|##########| 292/292 [00:00<00:00, 3392.72it/s, Materializing param=gpt_neox.layers.23.post_attention_layernorm.weight]
Loading weights: 100%|##########| 292/292 [00:00<00:00, 3387.80it/s, Materializing param=gpt_neox.layers.23.post_attention_layernorm.weight]

Loading weights:   0%|          | 0/292 [00:00<?, ?it/s]
Loading weights:   0%|          | 1/292 [00:00<00:00, 37786.52it/s, Materializing param=embed_out.weight]
Loading weights:   0%|          | 1/292 [00:00<00:00, 4993.22it/s, Materializing param=embed_out.weight] 
Loading weights:   1%|          | 2/292 [00:00<00:00, 2039.54it/s, Materializing param=gpt_neox.embed_in.weight]
Loading weights:   1%|          | 2/292 [00:00<00:00, 1770.12it/s, Materializing param=gpt_neox.embed_in.weight]
Loading weights:   1%|1         | 3/292 [00:00<00:00, 1742.79it/s, Materializing param=gpt_neox.final_layer_norm.bias]
Loading weights:   1%|1         | 3/292 [00:00<00:00, 1670.37it/s, Materializing param=gpt_neox.final_layer_norm.bias]
Loading weights:   1%|1         | 4/292 [00:00<00:00, 1690.06it/s, Materializing param=gpt_neox.final_layer_norm.weight]
Loading weights:   1%|1         | 4/292 [00:00<00:00, 1584.40it/s, Materializing param=gpt_neox.final_layer_norm.weight]
Loading weights:   2%|1         | 5/292 [00:00<00:00, 1464.08it/s, Materializing param=gpt_neox.layers.0.attention.dense.bias]
Loading weights:   2%|1         | 5/292 [00:00<00:00, 1424.31it/s, Materializing param=gpt_neox.layers.0.attention.dense.bias]
Loading weights:   2%|2         | 6/292 [00:00<00:00, 1526.31it/s, Materializing param=gpt_neox.layers.0.attention.dense.weight]
Loading weights:   2%|2         | 6/292 [00:00<00:00, 1483.48it/s, Materializing param=gpt_neox.layers.0.attention.dense.weight]
Loading weights:   2%|2         | 7/292 [00:00<00:00, 1496.59it/s, Materializing param=gpt_neox.layers.0.attention.query_key_value.bias]
Loading weights:   2%|2         | 7/292 [00:00<00:00, 1454.91it/s, Materializing param=gpt_neox.layers.0.attention.query_key_value.bias]
Loading weights:   3%|2         | 8/292 [00:00<00:00, 1558.79it/s, Materializing param=gpt_neox.layers.0.attention.query_key_value.weight]
Loading weights:   3%|2         | 8/292 [00:00<00:00, 1492.70it/s, Materializing param=gpt_neox.layers.0.attention.query_key_value.weight]
Loading weights:   3%|3         | 9/292 [00:00<00:00, 1587.95it/s, Materializing param=gpt_neox.layers.0.input_layernorm.bias]            
Loading weights:   3%|3         | 9/292 [00:00<00:00, 1569.14it/s, Materializing param=gpt_neox.layers.0.input_layernorm.bias]
Loading weights:   3%|3         | 10/292 [00:00<00:00, 1706.04it/s, Materializing param=gpt_neox.layers.0.input_layernorm.weight]
Loading weights:   3%|3         | 10/292 [00:00<00:00, 1687.92it/s, Materializing param=gpt_neox.layers.0.input_layernorm.weight]
Loading weights:   4%|3         | 11/292 [00:00<00:00, 1627.94it/s, Materializing param=gpt_neox.layers.0.mlp.dense_4h_to_h.bias]
Loading weights:   4%|3         | 11/292 [00:00<00:00, 1587.82it/s, Materializing param=gpt_neox.layers.0.mlp.dense_4h_to_h.bias]
Loading weights:   4%|4         | 12/292 [00:00<00:00, 1624.54it/s, Materializing param=gpt_neox.layers.0.mlp.dense_4h_to_h.weight]
Loading weights:   4%|4         | 12/292 [00:00<00:00, 1530.16it/s, Materializing param=gpt_neox.layers.0.mlp.dense_4h_to_h.weight]
Loading weights:   4%|4         | 13/292 [00:00<00:00, 1496.44it/s, Materializing param=gpt_neox.layers.0.mlp.dense_h_to_4h.bias]  
Loading weights:   4%|4         | 13/292 [00:00<00:00, 1480.11it/s, Materializing param=gpt_neox.layers.0.mlp.dense_h_to_4h.bias]
Loading weights:   5%|4         | 14/292 [00:00<00:00, 1403.88it/s, Materializing param=gpt_neox.layers.0.mlp.dense_h_to_4h.weight]
Loading weights:   5%|4         | 14/292 [00:00<00:00, 1392.66it/s, Materializing param=gpt_neox.layers.0.mlp.dense_h_to_4h.weight]
Loading weights:   5%|5         | 15/292 [00:00<00:00, 1418.85it/s, Materializing param=gpt_neox.layers.0.post_attention_layernorm.bias]
Loading weights:   5%|5         | 15/292 [00:00<00:00, 1398.94it/s, Materializing param=gpt_neox.layers.0.post_attention_layernorm.bias]
Loading weights:   5%|5         | 16/292 [00:00<00:00, 1406.54it/s, Materializing param=gpt_neox.layers.0.post_attention_layernorm.weight]
Loading weights:   5%|5         | 16/292 [00:00<00:00, 1389.07it/s, Materializing param=gpt_neox.layers.0.post_attention_layernorm.weight]
Loading weights:   6%|5         | 17/292 [00:00<00:00, 1380.53it/s, Materializing param=gpt_neox.layers.1.attention.dense.bias]           
Loading weights:   6%|5         | 17/292 [00:00<00:00, 1371.69it/s, Materializing param=gpt_neox.layers.1.attention.dense.bias]
Loading weights:   6%|6         | 18/292 [00:00<00:00, 1385.20it/s, Materializing param=gpt_neox.layers.1.attention.dense.weight]
Loading weights:   6%|6         | 18/292 [00:00<00:00, 1376.51it/s, Materializing param=gpt_neox.layers.1.attention.dense.weight]
Loading weights:   7%|6         | 19/292 [00:00<00:00, 1390.15it/s, Materializing param=gpt_neox.layers.1.attention.query_key_value.bias]
Loading weights:   7%|6         | 19/292 [00:00<00:00, 1360.81it/s, Materializing param=gpt_neox.layers.1.attention.query_key_value.bias]
Loading weights:   7%|6         | 20/292 [00:00<00:00, 1397.15it/s, Materializing param=gpt_neox.layers.1.attention.query_key_value.weight]
Loading weights:   7%|6         | 20/292 [00:00<00:00, 1387.44it/s, Materializing param=gpt_neox.layers.1.attention.query_key_value.weight]
Loading weights:   7%|7         | 21/292 [00:00<00:00, 1168.73it/s, Materializing param=gpt_neox.layers.1.input_layernorm.bias]            
Loading weights:   7%|7         | 21/292 [00:00<00:00, 1157.52it/s, Materializing param=gpt_neox.layers.1.input_layernorm.bias]
Loading weights:   8%|7         | 22/292 [00:00<00:00, 1146.23it/s, Materializing param=gpt_neox.layers.1.input_layernorm.weight]
Loading weights:   8%|7         | 22/292 [00:00<00:00, 1139.60it/s, Materializing param=gpt_neox.layers.1.input_layernorm.weight]
Loading weights:   8%|7         | 23/292 [00:00<00:00, 1134.90it/s, Materializing param=gpt_neox.layers.1.mlp.dense_4h_to_h.bias]
Loading weights:   8%|7         | 23/292 [00:00<00:00, 1121.81it/s, Materializing param=gpt_neox.layers.1.mlp.dense_4h_to_h.bias]
Loading weights:   8%|8         | 24/292 [00:00<00:00, 1158.95it/s, Materializing param=gpt_neox.layers.1.mlp.dense_4h_to_h.weight]
Loading weights:   8%|8         | 24/292 [00:00<00:00, 1151.31it/s, Materializing param=gpt_neox.layers.1.mlp.dense_4h_to_h.weight]
Loading weights:   9%|8         | 25/292 [00:00<00:00, 1175.81it/s, Materializing param=gpt_neox.layers.1.mlp.dense_h_to_4h.bias]  
Loading weights:   9%|8         | 25/292 [00:00<00:00, 1170.18it/s, Materializing param=gpt_neox.layers.1.mlp.dense_h_to_4h.bias]
Loading weights:   9%|8         | 26/292 [00:00<00:00, 1179.00it/s, Materializing param=gpt_neox.layers.1.mlp.dense_h_to_4h.weight]
Loading weights:   9%|8         | 26/292 [00:00<00:00, 1175.17it/s, Materializing param=gpt_neox.layers.1.mlp.dense_h_to_4h.weight]
Loading weights:   9%|9         | 27/292 [00:00<00:00, 1185.28it/s, Materializing param=gpt_neox.layers.1.post_attention_layernorm.bias]
Loading weights:   9%|9         | 27/292 [00:00<00:00, 1168.76it/s, Materializing param=gpt_neox.layers.1.post_attention_layernorm.bias]
Loading weights:  10%|9         | 28/292 [00:00<00:00, 1156.13it/s, Materializing param=gpt_neox.layers.1.post_attention_layernorm.weight]
Loading weights:  10%|9         | 28/292 [00:00<00:00, 1103.27it/s, Materializing param=gpt_neox.layers.1.post_attention_layernorm.weight]
Loading weights:  10%|9         | 29/292 [00:00<00:00, 1117.15it/s, Materializing param=gpt_neox.layers.2.attention.dense.bias]           
Loading weights:  10%|9         | 29/292 [00:00<00:00, 1111.97it/s, Materializing param=gpt_neox.layers.2.attention.dense.bias]
Loading weights:  10%|#         | 30/292 [00:00<00:00, 1125.93it/s, Materializing param=gpt_neox.layers.2.attention.dense.weight]
Loading weights:  10%|#         | 30/292 [00:00<00:00, 1122.88it/s, Materializing param=gpt_neox.layers.2.attention.dense.weight]
Loading weights:  11%|#         | 31/292 [00:00<00:00, 912.24it/s, Materializing param=gpt_neox.layers.2.attention.query_key_value.bias]
Loading weights:  11%|#         | 31/292 [00:00<00:00, 909.48it/s, Materializing param=gpt_neox.layers.2.attention.query_key_value.bias]
Loading weights:  11%|#         | 32/292 [00:00<00:00, 901.91it/s, Materializing param=gpt_neox.layers.2.attention.query_key_value.weight]
Loading weights:  11%|#         | 32/292 [00:00<00:00, 897.98it/s, Materializing param=gpt_neox.layers.2.attention.query_key_value.weight]
Loading weights:  11%|#1        | 33/292 [00:00<00:00, 908.78it/s, Materializing param=gpt_neox.layers.2.input_layernorm.bias]            
Loading weights:  11%|#1        | 33/292 [00:00<00:00, 906.85it/s, Materializing param=gpt_neox.layers.2.input_layernorm.bias]
Loading weights:  12%|#1        | 34/292 [00:00<00:00, 899.03it/s, Materializing param=gpt_neox.layers.2.input_layernorm.weight]
Loading weights:  12%|#1        | 34/292 [00:00<00:00, 894.85it/s, Materializing param=gpt_neox.layers.2.input_layernorm.weight]
Loading weights:  12%|#1        | 35/292 [00:00<00:00, 885.62it/s, Materializing param=gpt_neox.layers.2.mlp.dense_4h_to_h.bias]
Loading weights:  12%|#1        | 35/292 [00:00<00:00, 878.33it/s, Materializing param=gpt_neox.layers.2.mlp.dense_4h_to_h.bias]
Loading weights:  12%|#2        | 36/292 [00:00<00:00, 895.42it/s, Materializing param=gpt_neox.layers.2.mlp.dense_4h_to_h.weight]
Loading weights:  12%|#2        | 36/292 [00:00<00:00, 891.55it/s, Materializing param=gpt_neox.layers.2.mlp.dense_4h_to_h.weight]
Loading weights:  13%|#2        | 37/292 [00:00<00:00, 900.64it/s, Materializing param=gpt_neox.layers.2.mlp.dense_h_to_4h.bias]  
Loading weights:  13%|#2        | 37/292 [00:00<00:00, 891.37it/s, Materializing param=gpt_neox.layers.2.mlp.dense_h_to_4h.bias]
Loading weights:  13%|#3        | 38/292 [00:00<00:00, 908.96it/s, Materializing param=gpt_neox.layers.2.mlp.dense_h_to_4h.weight]
Loading weights:  13%|#3        | 38/292 [00:00<00:00, 903.93it/s, Materializing param=gpt_neox.layers.2.mlp.dense_h_to_4h.weight]
Loading weights:  13%|#3        | 39/292 [00:00<00:00, 910.63it/s, Materializing param=gpt_neox.layers.2.post_attention_layernorm.bias]
Loading weights:  13%|#3        | 39/292 [00:00<00:00, 907.51it/s, Materializing param=gpt_neox.layers.2.post_attention_layernorm.bias]
Loading weights:  14%|#3        | 40/292 [00:00<00:00, 925.58it/s, Materializing param=gpt_neox.layers.2.post_attention_layernorm.weight]
Loading weights:  14%|#3        | 40/292 [00:00<00:00, 923.81it/s, Materializing param=gpt_neox.layers.2.post_attention_layernorm.weight]
Loading weights:  14%|#4        | 41/292 [00:00<00:00, 942.46it/s, Materializing param=gpt_neox.layers.3.attention.dense.bias]           
Loading weights:  14%|#4        | 41/292 [00:00<00:00, 940.56it/s, Materializing param=gpt_neox.layers.3.attention.dense.bias]
Loading weights:  14%|#4        | 42/292 [00:00<00:00, 960.99it/s, Materializing param=gpt_neox.layers.3.attention.dense.weight]
Loading weights:  14%|#4        | 42/292 [00:00<00:00, 959.69it/s, Materializing param=gpt_neox.layers.3.attention.dense.weight]
Loading weights:  15%|#4        | 43/292 [00:00<00:00, 980.15it/s, Materializing param=gpt_neox.layers.3.attention.query_key_value.bias]
Loading weights:  15%|#4        | 43/292 [00:00<00:00, 978.83it/s, Materializing param=gpt_neox.layers.3.attention.query_key_value.bias]
Loading weights:  15%|#5        | 44/292 [00:00<00:00, 999.13it/s, Materializing param=gpt_neox.layers.3.attention.query_key_value.weight]
Loading weights:  15%|#5        | 44/292 [00:00<00:00, 997.79it/s, Materializing param=gpt_neox.layers.3.attention.query_key_value.weight]
Loading weights:  15%|#5        | 45/292 [00:00<00:00, 1018.01it/s, Materializing param=gpt_neox.layers.3.input_layernorm.bias]           
Loading weights:  15%|#5        | 45/292 [00:00<00:00, 1016.25it/s, Materializing param=gpt_neox.layers.3.input_layernorm.bias]
Loading weights:  16%|#5        | 46/292 [00:00<00:00, 1036.50it/s, Materializing param=gpt_neox.layers.3.input_layernorm.weight]
Loading weights:  16%|#5        | 46/292 [00:00<00:00, 1035.25it/s, Materializing param=gpt_neox.layers.3.input_layernorm.weight]
Loading weights:  16%|#6        | 47/292 [00:00<00:00, 1055.45it/s, Materializing param=gpt_neox.layers.3.mlp.dense_4h_to_h.bias]
Loading weights:  16%|#6        | 47/292 [00:00<00:00, 1054.17it/s, Materializing param=gpt_neox.layers.3.mlp.dense_4h_to_h.bias]
Loading weights:  16%|#6        | 48/292 [00:00<00:00, 1074.13it/s, Materializing param=gpt_neox.layers.3.mlp.dense_4h_to_h.weight]
Loading weights:  16%|#6        | 48/292 [00:00<00:00, 1072.82it/s, Materializing param=gpt_neox.layers.3.mlp.dense_4h_to_h.weight]
Loading weights:  17%|#6        | 49/292 [00:00<00:00, 1092.70it/s, Materializing param=gpt_neox.layers.3.mlp.dense_h_to_4h.bias]  
Loading weights:  17%|#6        | 49/292 [00:00<00:00, 1091.39it/s, Materializing param=gpt_neox.layers.3.mlp.dense_h_to_4h.bias]
Loading weights:  17%|#7        | 50/292 [00:00<00:00, 1110.73it/s, Materializing param=gpt_neox.layers.3.mlp.dense_h_to_4h.weight]
Loading weights:  17%|#7        | 50/292 [00:00<00:00, 1109.28it/s, Materializing param=gpt_neox.layers.3.mlp.dense_h_to_4h.weight]
Loading weights:  17%|#7        | 51/292 [00:00<00:00, 1128.88it/s, Materializing param=gpt_neox.layers.3.post_attention_layernorm.bias]
Loading weights:  17%|#7        | 51/292 [00:00<00:00, 1127.40it/s, Materializing param=gpt_neox.layers.3.post_attention_layernorm.bias]
Loading weights:  18%|#7        | 52/292 [00:00<00:00, 1146.89it/s, Materializing param=gpt_neox.layers.3.post_attention_layernorm.weight]
Loading weights:  18%|#7        | 52/292 [00:00<00:00, 1145.42it/s, Materializing param=gpt_neox.layers.3.post_attention_layernorm.weight]
Loading weights:  18%|#8        | 53/292 [00:00<00:00, 1164.82it/s, Materializing param=gpt_neox.layers.4.attention.dense.bias]           
Loading weights:  18%|#8        | 53/292 [00:00<00:00, 1163.34it/s, Materializing param=gpt_neox.layers.4.attention.dense.bias]
Loading weights:  18%|#8        | 54/292 [00:00<00:00, 1182.56it/s, Materializing param=gpt_neox.layers.4.attention.dense.weight]
Loading weights:  18%|#8        | 54/292 [00:00<00:00, 1181.08it/s, Materializing param=gpt_neox.layers.4.attention.dense.weight]
Loading weights:  19%|#8        | 55/292 [00:00<00:00, 1200.33it/s, Materializing param=gpt_neox.layers.4.attention.query_key_value.bias]
Loading weights:  19%|#8        | 55/292 [00:00<00:00, 1198.80it/s, Materializing param=gpt_neox.layers.4.attention.query_key_value.bias]
Loading weights:  19%|#9        | 56/292 [00:00<00:00, 1217.86it/s, Materializing param=gpt_neox.layers.4.attention.query_key_value.weight]
Loading weights:  19%|#9        | 56/292 [00:00<00:00, 1216.34it/s, Materializing param=gpt_neox.layers.4.attention.query_key_value.weight]
Loading weights:  20%|#9        | 57/292 [00:00<00:00, 1235.39it/s, Materializing param=gpt_neox.layers.4.input_layernorm.bias]            
Loading weights:  20%|#9        | 57/292 [00:00<00:00, 1233.87it/s, Materializing param=gpt_neox.layers.4.input_layernorm.bias]
Loading weights:  20%|#9        | 58/292 [00:00<00:00, 1252.89it/s, Materializing param=gpt_neox.layers.4.input_layernorm.weight]
Loading weights:  20%|#9        | 58/292 [00:00<00:00, 1251.37it/s, Materializing param=gpt_neox.layers.4.input_layernorm.weight]
Loading weights:  20%|##        | 59/292 [00:00<00:00, 1270.25it/s, Materializing param=gpt_neox.layers.4.mlp.dense_4h_to_h.bias]
Loading weights:  20%|##        | 59/292 [00:00<00:00, 1268.69it/s, Materializing param=gpt_neox.layers.4.mlp.dense_4h_to_h.bias]
Loading weights:  21%|##        | 60/292 [00:00<00:00, 1287.20it/s, Materializing param=gpt_neox.layers.4.mlp.dense_4h_to_h.weight]
Loading weights:  21%|##        | 60/292 [00:00<00:00, 1285.58it/s, Materializing param=gpt_neox.layers.4.mlp.dense_4h_to_h.weight]
Loading weights:  21%|##        | 61/292 [00:00<00:00, 1304.13it/s, Materializing param=gpt_neox.layers.4.mlp.dense_h_to_4h.bias]  
Loading weights:  21%|##        | 61/292 [00:00<00:00, 1302.53it/s, Materializing param=gpt_neox.layers.4.mlp.dense_h_to_4h.bias]
Loading weights:  21%|##1       | 62/292 [00:00<00:00, 1320.85it/s, Materializing param=gpt_neox.layers.4.mlp.dense_h_to_4h.weight]
Loading weights:  21%|##1       | 62/292 [00:00<00:00, 1319.22it/s, Materializing param=gpt_neox.layers.4.mlp.dense_h_to_4h.weight]
Loading weights:  22%|##1       | 63/292 [00:00<00:00, 1337.65it/s, Materializing param=gpt_neox.layers.4.post_attention_layernorm.bias]
Loading weights:  22%|##1       | 63/292 [00:00<00:00, 1336.02it/s, Materializing param=gpt_neox.layers.4.post_attention_layernorm.bias]
Loading weights:  22%|##1       | 64/292 [00:00<00:00, 1354.29it/s, Materializing param=gpt_neox.layers.4.post_attention_layernorm.weight]
Loading weights:  22%|##1       | 64/292 [00:00<00:00, 1352.64it/s, Materializing param=gpt_neox.layers.4.post_attention_layernorm.weight]
Loading weights:  22%|##2       | 65/292 [00:00<00:00, 1370.85it/s, Materializing param=gpt_neox.layers.5.attention.dense.bias]           
Loading weights:  22%|##2       | 65/292 [00:00<00:00, 1369.19it/s, Materializing param=gpt_neox.layers.5.attention.dense.bias]
Loading weights:  23%|##2       | 66/292 [00:00<00:00, 1387.22it/s, Materializing param=gpt_neox.layers.5.attention.dense.weight]
Loading weights:  23%|##2       | 66/292 [00:00<00:00, 1385.55it/s, Materializing param=gpt_neox.layers.5.attention.dense.weight]
Loading weights:  23%|##2       | 67/292 [00:00<00:00, 1403.53it/s, Materializing param=gpt_neox.layers.5.attention.query_key_value.bias]
Loading weights:  23%|##2       | 67/292 [00:00<00:00, 1401.80it/s, Materializing param=gpt_neox.layers.5.attention.query_key_value.bias]
Loading weights:  23%|##3       | 68/292 [00:00<00:00, 1419.69it/s, Materializing param=gpt_neox.layers.5.attention.query_key_value.weight]
Loading weights:  23%|##3       | 68/292 [00:00<00:00, 1417.95it/s, Materializing param=gpt_neox.layers.5.attention.query_key_value.weight]
Loading weights:  24%|##3       | 69/292 [00:00<00:00, 1435.59it/s, Materializing param=gpt_neox.layers.5.input_layernorm.bias]            
Loading weights:  24%|##3       | 69/292 [00:00<00:00, 1433.83it/s, Materializing param=gpt_neox.layers.5.input_layernorm.bias]
Loading weights:  24%|##3       | 70/292 [00:00<00:00, 1451.60it/s, Materializing param=gpt_neox.layers.5.input_layernorm.weight]
Loading weights:  24%|##3       | 70/292 [00:00<00:00, 1449.92it/s, Materializing param=gpt_neox.layers.5.input_layernorm.weight]
Loading weights:  24%|##4       | 71/292 [00:00<00:00, 1467.58it/s, Materializing param=gpt_neox.layers.5.mlp.dense_4h_to_h.bias]
Loading weights:  24%|##4       | 71/292 [00:00<00:00, 1465.89it/s, Materializing param=gpt_neox.layers.5.mlp.dense_4h_to_h.bias]
Loading weights:  25%|##4       | 72/292 [00:00<00:00, 1483.27it/s, Materializing param=gpt_neox.layers.5.mlp.dense_4h_to_h.weight]
Loading weights:  25%|##4       | 72/292 [00:00<00:00, 1481.59it/s, Materializing param=gpt_neox.layers.5.mlp.dense_4h_to_h.weight]
Loading weights:  25%|##5       | 73/292 [00:00<00:00, 1498.83it/s, Materializing param=gpt_neox.layers.5.mlp.dense_h_to_4h.bias]  
Loading weights:  25%|##5       | 73/292 [00:00<00:00, 1497.12it/s, Materializing param=gpt_neox.layers.5.mlp.dense_h_to_4h.bias]
Loading weights:  25%|##5       | 74/292 [00:00<00:00, 1514.20it/s, Materializing param=gpt_neox.layers.5.mlp.dense_h_to_4h.weight]
Loading weights:  25%|##5       | 74/292 [00:00<00:00, 1510.44it/s, Materializing param=gpt_neox.layers.5.mlp.dense_h_to_4h.weight]
Loading weights:  26%|##5       | 75/292 [00:00<00:00, 1525.73it/s, Materializing param=gpt_neox.layers.5.post_attention_layernorm.bias]
Loading weights:  26%|##5       | 75/292 [00:00<00:00, 1523.71it/s, Materializing param=gpt_neox.layers.5.post_attention_layernorm.bias]
Loading weights:  26%|##6       | 76/292 [00:00<00:00, 1539.89it/s, Materializing param=gpt_neox.layers.5.post_attention_layernorm.weight]
Loading weights:  26%|##6       | 76/292 [00:00<00:00, 1537.95it/s, Materializing param=gpt_neox.layers.5.post_attention_layernorm.weight]
Loading weights:  26%|##6       | 77/292 [00:00<00:00, 1554.58it/s, Materializing param=gpt_neox.layers.6.attention.dense.bias]           
Loading weights:  26%|##6       | 77/292 [00:00<00:00, 1552.77it/s, Materializing param=gpt_neox.layers.6.attention.dense.bias]
Loading weights:  27%|##6       | 78/292 [00:00<00:00, 1569.34it/s, Materializing param=gpt_neox.layers.6.attention.dense.weight]
Loading weights:  27%|##6       | 78/292 [00:00<00:00, 1567.60it/s, Materializing param=gpt_neox.layers.6.attention.dense.weight]
Loading weights:  27%|##7       | 79/292 [00:00<00:00, 1584.07it/s, Materializing param=gpt_neox.layers.6.attention.query_key_value.bias]
Loading weights:  27%|##7       | 79/292 [00:00<00:00, 1582.30it/s, Materializing param=gpt_neox.layers.6.attention.query_key_value.bias]
Loading weights:  27%|##7       | 80/292 [00:00<00:00, 1598.51it/s, Materializing param=gpt_neox.layers.6.attention.query_key_value.weight]
Loading weights:  27%|##7       | 80/292 [00:00<00:00, 1596.70it/s, Materializing param=gpt_neox.layers.6.attention.query_key_value.weight]
Loading weights:  28%|##7       | 81/292 [00:00<00:00, 1613.26it/s, Materializing param=gpt_neox.layers.6.input_layernorm.bias]            
Loading weights:  28%|##7       | 81/292 [00:00<00:00, 1611.32it/s, Materializing param=gpt_neox.layers.6.input_layernorm.bias]
Loading weights:  28%|##8       | 82/292 [00:00<00:00, 1627.76it/s, Materializing param=gpt_neox.layers.6.input_layernorm.weight]
Loading weights:  28%|##8       | 82/292 [00:00<00:00, 1625.88it/s, Materializing param=gpt_neox.layers.6.input_layernorm.weight]
Loading weights:  28%|##8       | 83/292 [00:00<00:00, 1642.36it/s, Materializing param=gpt_neox.layers.6.mlp.dense_4h_to_h.bias]
Loading weights:  28%|##8       | 83/292 [00:00<00:00, 1640.48it/s, Materializing param=gpt_neox.layers.6.mlp.dense_4h_to_h.bias]
Loading weights:  29%|##8       | 84/292 [00:00<00:00, 1656.88it/s, Materializing param=gpt_neox.layers.6.mlp.dense_4h_to_h.weight]
Loading weights:  29%|##8       | 84/292 [00:00<00:00, 1654.99it/s, Materializing param=gpt_neox.layers.6.mlp.dense_4h_to_h.weight]
Loading weights:  29%|##9       | 85/292 [00:00<00:00, 1671.25it/s, Materializing param=gpt_neox.layers.6.mlp.dense_h_to_4h.bias]  
Loading weights:  29%|##9       | 85/292 [00:00<00:00, 1669.34it/s, Materializing param=gpt_neox.layers.6.mlp.dense_h_to_4h.bias]
Loading weights:  29%|##9       | 86/292 [00:00<00:00, 1685.19it/s, Materializing param=gpt_neox.layers.6.mlp.dense_h_to_4h.weight]
Loading weights:  29%|##9       | 86/292 [00:00<00:00, 1683.26it/s, Materializing param=gpt_neox.layers.6.mlp.dense_h_to_4h.weight]
Loading weights:  30%|##9       | 87/292 [00:00<00:00, 1699.19it/s, Materializing param=gpt_neox.layers.6.post_attention_layernorm.bias]
Loading weights:  30%|##9       | 87/292 [00:00<00:00, 1697.21it/s, Materializing param=gpt_neox.layers.6.post_attention_layernorm.bias]
Loading weights:  30%|###       | 88/292 [00:00<00:00, 1713.22it/s, Materializing param=gpt_neox.layers.6.post_attention_layernorm.weight]
Loading weights:  30%|###       | 88/292 [00:00<00:00, 1711.25it/s, Materializing param=gpt_neox.layers.6.post_attention_layernorm.weight]
Loading weights:  30%|###       | 89/292 [00:00<00:00, 1727.19it/s, Materializing param=gpt_neox.layers.7.attention.dense.bias]           
Loading weights:  30%|###       | 89/292 [00:00<00:00, 1724.62it/s, Materializing param=gpt_neox.layers.7.attention.dense.bias]
Loading weights:  31%|###       | 90/292 [00:00<00:00, 1740.50it/s, Materializing param=gpt_neox.layers.7.attention.dense.weight]
Loading weights:  31%|###       | 90/292 [00:00<00:00, 1738.68it/s, Materializing param=gpt_neox.layers.7.attention.dense.weight]
Loading weights:  31%|###1      | 91/292 [00:00<00:00, 1754.59it/s, Materializing param=gpt_neox.layers.7.attention.query_key_value.bias]
Loading weights:  31%|###1      | 91/292 [00:00<00:00, 1752.59it/s, Materializing param=gpt_neox.layers.7.attention.query_key_value.bias]
Loading weights:  32%|###1      | 92/292 [00:00<00:00, 1768.22it/s, Materializing param=gpt_neox.layers.7.attention.query_key_value.weight]
Loading weights:  32%|###1      | 92/292 [00:00<00:00, 1766.22it/s, Materializing param=gpt_neox.layers.7.attention.query_key_value.weight]
Loading weights:  32%|###1      | 93/292 [00:00<00:00, 1781.88it/s, Materializing param=gpt_neox.layers.7.input_layernorm.bias]            
Loading weights:  32%|###1      | 93/292 [00:00<00:00, 1779.93it/s, Materializing param=gpt_neox.layers.7.input_layernorm.bias]
Loading weights:  32%|###2      | 94/292 [00:00<00:00, 1795.28it/s, Materializing param=gpt_neox.layers.7.input_layernorm.weight]
Loading weights:  32%|###2      | 94/292 [00:00<00:00, 1793.31it/s, Materializing param=gpt_neox.layers.7.input_layernorm.weight]
Loading weights:  33%|###2      | 95/292 [00:00<00:00, 1808.98it/s, Materializing param=gpt_neox.layers.7.mlp.dense_4h_to_h.bias]
Loading weights:  33%|###2      | 95/292 [00:00<00:00, 1807.01it/s, Materializing param=gpt_neox.layers.7.mlp.dense_4h_to_h.bias]
Loading weights:  33%|###2      | 96/292 [00:00<00:00, 1822.45it/s, Materializing param=gpt_neox.layers.7.mlp.dense_4h_to_h.weight]
Loading weights:  33%|###2      | 96/292 [00:00<00:00, 1820.41it/s, Materializing param=gpt_neox.layers.7.mlp.dense_4h_to_h.weight]
Loading weights:  33%|###3      | 97/292 [00:00<00:00, 1835.60it/s, Materializing param=gpt_neox.layers.7.mlp.dense_h_to_4h.bias]  
Loading weights:  33%|###3      | 97/292 [00:00<00:00, 1833.62it/s, Materializing param=gpt_neox.layers.7.mlp.dense_h_to_4h.bias]
Loading weights:  34%|###3      | 98/292 [00:00<00:00, 1848.61it/s, Materializing param=gpt_neox.layers.7.mlp.dense_h_to_4h.weight]
Loading weights:  34%|###3      | 98/292 [00:00<00:00, 1846.62it/s, Materializing param=gpt_neox.layers.7.mlp.dense_h_to_4h.weight]
Loading weights:  34%|###3      | 99/292 [00:00<00:00, 1860.92it/s, Materializing param=gpt_neox.layers.7.post_attention_layernorm.bias]
Loading weights:  34%|###3      | 99/292 [00:00<00:00, 1858.64it/s, Materializing param=gpt_neox.layers.7.post_attention_layernorm.bias]
Loading weights:  34%|###4      | 100/292 [00:00<00:00, 1873.83it/s, Materializing param=gpt_neox.layers.7.post_attention_layernorm.weight]
Loading weights:  34%|###4      | 100/292 [00:00<00:00, 1871.05it/s, Materializing param=gpt_neox.layers.7.post_attention_layernorm.weight]
Loading weights:  35%|###4      | 101/292 [00:00<00:00, 1886.32it/s, Materializing param=gpt_neox.layers.8.attention.dense.bias]           
Loading weights:  35%|###4      | 101/292 [00:00<00:00, 1884.28it/s, Materializing param=gpt_neox.layers.8.attention.dense.bias]
Loading weights:  35%|###4      | 102/292 [00:00<00:00, 1899.24it/s, Materializing param=gpt_neox.layers.8.attention.dense.weight]
Loading weights:  35%|###4      | 102/292 [00:00<00:00, 1897.23it/s, Materializing param=gpt_neox.layers.8.attention.dense.weight]
Loading weights:  35%|###5      | 103/292 [00:00<00:00, 1912.16it/s, Materializing param=gpt_neox.layers.8.attention.query_key_value.bias]
Loading weights:  35%|###5      | 103/292 [00:00<00:00, 1910.08it/s, Materializing param=gpt_neox.layers.8.attention.query_key_value.bias]
Loading weights:  36%|###5      | 104/292 [00:00<00:00, 1924.95it/s, Materializing param=gpt_neox.layers.8.attention.query_key_value.weight]
Loading weights:  36%|###5      | 104/292 [00:00<00:00, 1922.80it/s, Materializing param=gpt_neox.layers.8.attention.query_key_value.weight]
Loading weights:  36%|###5      | 105/292 [00:00<00:00, 1937.36it/s, Materializing param=gpt_neox.layers.8.input_layernorm.bias]            
Loading weights:  36%|###5      | 105/292 [00:00<00:00, 1935.17it/s, Materializing param=gpt_neox.layers.8.input_layernorm.bias]
Loading weights:  36%|###6      | 106/292 [00:00<00:00, 1949.95it/s, Materializing param=gpt_neox.layers.8.input_layernorm.weight]
Loading weights:  36%|###6      | 106/292 [00:00<00:00, 1947.91it/s, Materializing param=gpt_neox.layers.8.input_layernorm.weight]
Loading weights:  37%|###6      | 107/292 [00:00<00:00, 1962.80it/s, Materializing param=gpt_neox.layers.8.mlp.dense_4h_to_h.bias]
Loading weights:  37%|###6      | 107/292 [00:00<00:00, 1960.86it/s, Materializing param=gpt_neox.layers.8.mlp.dense_4h_to_h.bias]
Loading weights:  37%|###6      | 108/292 [00:00<00:00, 1975.64it/s, Materializing param=gpt_neox.layers.8.mlp.dense_4h_to_h.weight]
Loading weights:  37%|###6      | 108/292 [00:00<00:00, 1973.70it/s, Materializing param=gpt_neox.layers.8.mlp.dense_4h_to_h.weight]
Loading weights:  37%|###7      | 109/292 [00:00<00:00, 1988.50it/s, Materializing param=gpt_neox.layers.8.mlp.dense_h_to_4h.bias]  
Loading weights:  37%|###7      | 109/292 [00:00<00:00, 1986.58it/s, Materializing param=gpt_neox.layers.8.mlp.dense_h_to_4h.bias]
Loading weights:  38%|###7      | 110/292 [00:00<00:00, 2000.99it/s, Materializing param=gpt_neox.layers.8.mlp.dense_h_to_4h.weight]
Loading weights:  38%|###7      | 110/292 [00:00<00:00, 1999.01it/s, Materializing param=gpt_neox.layers.8.mlp.dense_h_to_4h.weight]
Loading weights:  38%|###8      | 111/292 [00:00<00:00, 2013.59it/s, Materializing param=gpt_neox.layers.8.post_attention_layernorm.bias]
Loading weights:  38%|###8      | 111/292 [00:00<00:00, 2011.53it/s, Materializing param=gpt_neox.layers.8.post_attention_layernorm.bias]
Loading weights:  38%|###8      | 112/292 [00:00<00:00, 2026.00it/s, Materializing param=gpt_neox.layers.8.post_attention_layernorm.weight]
Loading weights:  38%|###8      | 112/292 [00:00<00:00, 2023.94it/s, Materializing param=gpt_neox.layers.8.post_attention_layernorm.weight]
Loading weights:  39%|###8      | 113/292 [00:00<00:00, 2038.34it/s, Materializing param=gpt_neox.layers.9.attention.dense.bias]           
Loading weights:  39%|###8      | 113/292 [00:00<00:00, 2036.31it/s, Materializing param=gpt_neox.layers.9.attention.dense.bias]
Loading weights:  39%|###9      | 114/292 [00:00<00:00, 2050.61it/s, Materializing param=gpt_neox.layers.9.attention.dense.weight]
Loading weights:  39%|###9      | 114/292 [00:00<00:00, 2048.60it/s, Materializing param=gpt_neox.layers.9.attention.dense.weight]
Loading weights:  39%|###9      | 115/292 [00:00<00:00, 2062.86it/s, Materializing param=gpt_neox.layers.9.attention.query_key_value.bias]
Loading weights:  39%|###9      | 115/292 [00:00<00:00, 2060.80it/s, Materializing param=gpt_neox.layers.9.attention.query_key_value.bias]
Loading weights:  40%|###9      | 116/292 [00:00<00:00, 2075.06it/s, Materializing param=gpt_neox.layers.9.attention.query_key_value.weight]
Loading weights:  40%|###9      | 116/292 [00:00<00:00, 2072.86it/s, Materializing param=gpt_neox.layers.9.attention.query_key_value.weight]
Loading weights:  40%|####      | 117/292 [00:00<00:00, 2086.92it/s, Materializing param=gpt_neox.layers.9.input_layernorm.bias]            
Loading weights:  40%|####      | 117/292 [00:00<00:00, 2084.77it/s, Materializing param=gpt_neox.layers.9.input_layernorm.bias]
Loading weights:  40%|####      | 118/292 [00:00<00:00, 2098.81it/s, Materializing param=gpt_neox.layers.9.input_layernorm.weight]
Loading weights:  40%|####      | 118/292 [00:00<00:00, 2096.65it/s, Materializing param=gpt_neox.layers.9.input_layernorm.weight]
Loading weights:  41%|####      | 119/292 [00:00<00:00, 2110.69it/s, Materializing param=gpt_neox.layers.9.mlp.dense_4h_to_h.bias]
Loading weights:  41%|####      | 119/292 [00:00<00:00, 2108.54it/s, Materializing param=gpt_neox.layers.9.mlp.dense_4h_to_h.bias]
Loading weights:  41%|####1     | 120/292 [00:00<00:00, 2122.44it/s, Materializing param=gpt_neox.layers.9.mlp.dense_4h_to_h.weight]
Loading weights:  41%|####1     | 120/292 [00:00<00:00, 2120.29it/s, Materializing param=gpt_neox.layers.9.mlp.dense_4h_to_h.weight]
Loading weights:  41%|####1     | 121/292 [00:00<00:00, 2131.77it/s, Materializing param=gpt_neox.layers.9.mlp.dense_h_to_4h.bias]  
Loading weights:  41%|####1     | 121/292 [00:00<00:00, 2128.82it/s, Materializing param=gpt_neox.layers.9.mlp.dense_h_to_4h.bias]
Loading weights:  42%|####1     | 122/292 [00:00<00:00, 2141.87it/s, Materializing param=gpt_neox.layers.9.mlp.dense_h_to_4h.weight]
Loading weights:  42%|####1     | 122/292 [00:00<00:00, 2139.45it/s, Materializing param=gpt_neox.layers.9.mlp.dense_h_to_4h.weight]
Loading weights:  42%|####2     | 123/292 [00:00<00:00, 2152.70it/s, Materializing param=gpt_neox.layers.9.post_attention_layernorm.bias]
Loading weights:  42%|####2     | 123/292 [00:00<00:00, 2150.41it/s, Materializing param=gpt_neox.layers.9.post_attention_layernorm.bias]
Loading weights:  42%|####2     | 124/292 [00:00<00:00, 2161.78it/s, Materializing param=gpt_neox.layers.9.post_attention_layernorm.weight]
Loading weights:  42%|####2     | 124/292 [00:00<00:00, 2158.96it/s, Materializing param=gpt_neox.layers.9.post_attention_layernorm.weight]
Loading weights:  43%|####2     | 125/292 [00:00<00:00, 2171.13it/s, Materializing param=gpt_neox.layers.10.attention.dense.bias]          
Loading weights:  43%|####2     | 125/292 [00:00<00:00, 2168.91it/s, Materializing param=gpt_neox.layers.10.attention.dense.bias]
Loading weights:  43%|####3     | 126/292 [00:00<00:00, 2181.49it/s, Materializing param=gpt_neox.layers.10.attention.dense.weight]
Loading weights:  43%|####3     | 126/292 [00:00<00:00, 2179.24it/s, Materializing param=gpt_neox.layers.10.attention.dense.weight]
Loading weights:  43%|####3     | 127/292 [00:00<00:00, 2191.96it/s, Materializing param=gpt_neox.layers.10.attention.query_key_value.bias]
Loading weights:  43%|####3     | 127/292 [00:00<00:00, 2189.51it/s, Materializing param=gpt_neox.layers.10.attention.query_key_value.bias]
Loading weights:  44%|####3     | 128/292 [00:00<00:00, 2202.12it/s, Materializing param=gpt_neox.layers.10.attention.query_key_value.weight]
Loading weights:  44%|####3     | 128/292 [00:00<00:00, 2199.81it/s, Materializing param=gpt_neox.layers.10.attention.query_key_value.weight]
Loading weights:  44%|####4     | 129/292 [00:00<00:00, 2210.12it/s, Materializing param=gpt_neox.layers.10.input_layernorm.bias]            
Loading weights:  44%|####4     | 129/292 [00:00<00:00, 2207.50it/s, Materializing param=gpt_neox.layers.10.input_layernorm.bias]
Loading weights:  45%|####4     | 130/292 [00:00<00:00, 2220.01it/s, Materializing param=gpt_neox.layers.10.input_layernorm.weight]
Loading weights:  45%|####4     | 130/292 [00:00<00:00, 2217.73it/s, Materializing param=gpt_neox.layers.10.input_layernorm.weight]
Loading weights:  45%|####4     | 131/292 [00:00<00:00, 2230.31it/s, Materializing param=gpt_neox.layers.10.mlp.dense_4h_to_h.bias]
Loading weights:  45%|####4     | 131/292 [00:00<00:00, 2227.95it/s, Materializing param=gpt_neox.layers.10.mlp.dense_4h_to_h.bias]
Loading weights:  45%|####5     | 132/292 [00:00<00:00, 2240.42it/s, Materializing param=gpt_neox.layers.10.mlp.dense_4h_to_h.weight]
Loading weights:  45%|####5     | 132/292 [00:00<00:00, 2238.15it/s, Materializing param=gpt_neox.layers.10.mlp.dense_4h_to_h.weight]
Loading weights:  46%|####5     | 133/292 [00:00<00:00, 2250.86it/s, Materializing param=gpt_neox.layers.10.mlp.dense_h_to_4h.bias]  
Loading weights:  46%|####5     | 133/292 [00:00<00:00, 2248.59it/s, Materializing param=gpt_neox.layers.10.mlp.dense_h_to_4h.bias]
Loading weights:  46%|####5     | 134/292 [00:00<00:00, 2261.50it/s, Materializing param=gpt_neox.layers.10.mlp.dense_h_to_4h.weight]
Loading weights:  46%|####5     | 134/292 [00:00<00:00, 2258.75it/s, Materializing param=gpt_neox.layers.10.mlp.dense_h_to_4h.weight]
Loading weights:  46%|####6     | 135/292 [00:00<00:00, 2271.56it/s, Materializing param=gpt_neox.layers.10.post_attention_layernorm.bias]
Loading weights:  46%|####6     | 135/292 [00:00<00:00, 2269.28it/s, Materializing param=gpt_neox.layers.10.post_attention_layernorm.bias]
Loading weights:  47%|####6     | 136/292 [00:00<00:00, 2282.05it/s, Materializing param=gpt_neox.layers.10.post_attention_layernorm.weight]
Loading weights:  47%|####6     | 136/292 [00:00<00:00, 2279.78it/s, Materializing param=gpt_neox.layers.10.post_attention_layernorm.weight]
Loading weights:  47%|####6     | 137/292 [00:00<00:00, 2292.10it/s, Materializing param=gpt_neox.layers.11.attention.dense.bias]           
Loading weights:  47%|####6     | 137/292 [00:00<00:00, 2289.85it/s, Materializing param=gpt_neox.layers.11.attention.dense.bias]
Loading weights:  47%|####7     | 138/292 [00:00<00:00, 2302.45it/s, Materializing param=gpt_neox.layers.11.attention.dense.weight]
Loading weights:  47%|####7     | 138/292 [00:00<00:00, 2300.32it/s, Materializing param=gpt_neox.layers.11.attention.dense.weight]
Loading weights:  48%|####7     | 139/292 [00:00<00:00, 2313.08it/s, Materializing param=gpt_neox.layers.11.attention.query_key_value.bias]
Loading weights:  48%|####7     | 139/292 [00:00<00:00, 2310.92it/s, Materializing param=gpt_neox.layers.11.attention.query_key_value.bias]
Loading weights:  48%|####7     | 140/292 [00:00<00:00, 2323.47it/s, Materializing param=gpt_neox.layers.11.attention.query_key_value.weight]
Loading weights:  48%|####7     | 140/292 [00:00<00:00, 2321.27it/s, Materializing param=gpt_neox.layers.11.attention.query_key_value.weight]
Loading weights:  48%|####8     | 141/292 [00:00<00:00, 2333.92it/s, Materializing param=gpt_neox.layers.11.input_layernorm.bias]            
Loading weights:  48%|####8     | 141/292 [00:00<00:00, 2331.54it/s, Materializing param=gpt_neox.layers.11.input_layernorm.bias]
Loading weights:  49%|####8     | 142/292 [00:00<00:00, 2343.45it/s, Materializing param=gpt_neox.layers.11.input_layernorm.weight]
Loading weights:  49%|####8     | 142/292 [00:00<00:00, 2340.99it/s, Materializing param=gpt_neox.layers.11.input_layernorm.weight]
Loading weights:  49%|####8     | 143/292 [00:00<00:00, 2353.33it/s, Materializing param=gpt_neox.layers.11.mlp.dense_4h_to_h.bias]
Loading weights:  49%|####8     | 143/292 [00:00<00:00, 2351.03it/s, Materializing param=gpt_neox.layers.11.mlp.dense_4h_to_h.bias]
Loading weights:  49%|####9     | 144/292 [00:00<00:00, 2363.25it/s, Materializing param=gpt_neox.layers.11.mlp.dense_4h_to_h.weight]
Loading weights:  49%|####9     | 144/292 [00:00<00:00, 2360.46it/s, Materializing param=gpt_neox.layers.11.mlp.dense_4h_to_h.weight]
Loading weights:  50%|####9     | 145/292 [00:00<00:00, 2372.81it/s, Materializing param=gpt_neox.layers.11.mlp.dense_h_to_4h.bias]  
Loading weights:  50%|####9     | 145/292 [00:00<00:00, 2370.53it/s, Materializing param=gpt_neox.layers.11.mlp.dense_h_to_4h.bias]
Loading weights:  50%|#####     | 146/292 [00:00<00:00, 2382.71it/s, Materializing param=gpt_neox.layers.11.mlp.dense_h_to_4h.weight]
Loading weights:  50%|#####     | 146/292 [00:00<00:00, 2380.42it/s, Materializing param=gpt_neox.layers.11.mlp.dense_h_to_4h.weight]
Loading weights:  50%|#####     | 147/292 [00:00<00:00, 2392.60it/s, Materializing param=gpt_neox.layers.11.post_attention_layernorm.bias]
Loading weights:  50%|#####     | 147/292 [00:00<00:00, 2390.27it/s, Materializing param=gpt_neox.layers.11.post_attention_layernorm.bias]
Loading weights:  51%|#####     | 148/292 [00:00<00:00, 2401.18it/s, Materializing param=gpt_neox.layers.11.post_attention_layernorm.weight]
Loading weights:  51%|#####     | 148/292 [00:00<00:00, 2398.87it/s, Materializing param=gpt_neox.layers.11.post_attention_layernorm.weight]
Loading weights:  51%|#####1    | 149/292 [00:00<00:00, 2410.50it/s, Materializing param=gpt_neox.layers.12.attention.dense.bias]           
Loading weights:  51%|#####1    | 149/292 [00:00<00:00, 2408.14it/s, Materializing param=gpt_neox.layers.12.attention.dense.bias]
Loading weights:  51%|#####1    | 150/292 [00:00<00:00, 2420.12it/s, Materializing param=gpt_neox.layers.12.attention.dense.weight]
Loading weights:  51%|#####1    | 150/292 [00:00<00:00, 2417.84it/s, Materializing param=gpt_neox.layers.12.attention.dense.weight]
Loading weights:  52%|#####1    | 151/292 [00:00<00:00, 2428.98it/s, Materializing param=gpt_neox.layers.12.attention.query_key_value.bias]
Loading weights:  52%|#####1    | 151/292 [00:00<00:00, 2426.64it/s, Materializing param=gpt_neox.layers.12.attention.query_key_value.bias]
Loading weights:  52%|#####2    | 152/292 [00:00<00:00, 2438.55it/s, Materializing param=gpt_neox.layers.12.attention.query_key_value.weight]
Loading weights:  52%|#####2    | 152/292 [00:00<00:00, 2436.19it/s, Materializing param=gpt_neox.layers.12.attention.query_key_value.weight]
Loading weights:  52%|#####2    | 153/292 [00:00<00:00, 2448.02it/s, Materializing param=gpt_neox.layers.12.input_layernorm.bias]            
Loading weights:  52%|#####2    | 153/292 [00:00<00:00, 2445.70it/s, Materializing param=gpt_neox.layers.12.input_layernorm.bias]
Loading weights:  53%|#####2    | 154/292 [00:00<00:00, 2457.52it/s, Materializing param=gpt_neox.layers.12.input_layernorm.weight]
Loading weights:  53%|#####2    | 154/292 [00:00<00:00, 2455.22it/s, Materializing param=gpt_neox.layers.12.input_layernorm.weight]
Loading weights:  53%|#####3    | 155/292 [00:00<00:00, 2467.14it/s, Materializing param=gpt_neox.layers.12.mlp.dense_4h_to_h.bias]
Loading weights:  53%|#####3    | 155/292 [00:00<00:00, 2464.86it/s, Materializing param=gpt_neox.layers.12.mlp.dense_4h_to_h.bias]
Loading weights:  53%|#####3    | 156/292 [00:00<00:00, 2476.58it/s, Materializing param=gpt_neox.layers.12.mlp.dense_4h_to_h.weight]
Loading weights:  53%|#####3    | 156/292 [00:00<00:00, 2474.29it/s, Materializing param=gpt_neox.layers.12.mlp.dense_4h_to_h.weight]
Loading weights:  54%|#####3    | 157/292 [00:00<00:00, 2486.18it/s, Materializing param=gpt_neox.layers.12.mlp.dense_h_to_4h.bias]  
Loading weights:  54%|#####3    | 157/292 [00:00<00:00, 2483.80it/s, Materializing param=gpt_neox.layers.12.mlp.dense_h_to_4h.bias]
Loading weights:  54%|#####4    | 158/292 [00:00<00:00, 2495.30it/s, Materializing param=gpt_neox.layers.12.mlp.dense_h_to_4h.weight]
Loading weights:  54%|#####4    | 158/292 [00:00<00:00, 2492.98it/s, Materializing param=gpt_neox.layers.12.mlp.dense_h_to_4h.weight]
Loading weights:  54%|#####4    | 159/292 [00:00<00:00, 2504.62it/s, Materializing param=gpt_neox.layers.12.post_attention_layernorm.bias]
Loading weights:  54%|#####4    | 159/292 [00:00<00:00, 2502.28it/s, Materializing param=gpt_neox.layers.12.post_attention_layernorm.bias]
Loading weights:  55%|#####4    | 160/292 [00:00<00:00, 2513.96it/s, Materializing param=gpt_neox.layers.12.post_attention_layernorm.weight]
Loading weights:  55%|#####4    | 160/292 [00:00<00:00, 2511.58it/s, Materializing param=gpt_neox.layers.12.post_attention_layernorm.weight]
Loading weights:  55%|#####5    | 161/292 [00:00<00:00, 2522.88it/s, Materializing param=gpt_neox.layers.13.attention.dense.bias]           
Loading weights:  55%|#####5    | 161/292 [00:00<00:00, 2520.56it/s, Materializing param=gpt_neox.layers.13.attention.dense.bias]
Loading weights:  55%|#####5    | 162/292 [00:00<00:00, 2531.77it/s, Materializing param=gpt_neox.layers.13.attention.dense.weight]
Loading weights:  55%|#####5    | 162/292 [00:00<00:00, 2529.46it/s, Materializing param=gpt_neox.layers.13.attention.dense.weight]
Loading weights:  56%|#####5    | 163/292 [00:00<00:00, 2540.97it/s, Materializing param=gpt_neox.layers.13.attention.query_key_value.bias]
Loading weights:  56%|#####5    | 163/292 [00:00<00:00, 2538.61it/s, Materializing param=gpt_neox.layers.13.attention.query_key_value.bias]
Loading weights:  56%|#####6    | 164/292 [00:00<00:00, 2550.06it/s, Materializing param=gpt_neox.layers.13.attention.query_key_value.weight]
Loading weights:  56%|#####6    | 164/292 [00:00<00:00, 2547.69it/s, Materializing param=gpt_neox.layers.13.attention.query_key_value.weight]
Loading weights:  57%|#####6    | 165/292 [00:00<00:00, 2558.76it/s, Materializing param=gpt_neox.layers.13.input_layernorm.bias]            
Loading weights:  57%|#####6    | 165/292 [00:00<00:00, 2556.38it/s, Materializing param=gpt_neox.layers.13.input_layernorm.bias]
Loading weights:  57%|#####6    | 166/292 [00:00<00:00, 2567.73it/s, Materializing param=gpt_neox.layers.13.input_layernorm.weight]
Loading weights:  57%|#####6    | 166/292 [00:00<00:00, 2565.54it/s, Materializing param=gpt_neox.layers.13.input_layernorm.weight]
Loading weights:  57%|#####7    | 167/292 [00:00<00:00, 2576.76it/s, Materializing param=gpt_neox.layers.13.mlp.dense_4h_to_h.bias]
Loading weights:  57%|#####7    | 167/292 [00:00<00:00, 2574.43it/s, Materializing param=gpt_neox.layers.13.mlp.dense_4h_to_h.bias]
Loading weights:  58%|#####7    | 168/292 [00:00<00:00, 2584.27it/s, Materializing param=gpt_neox.layers.13.mlp.dense_4h_to_h.weight]
Loading weights:  58%|#####7    | 168/292 [00:00<00:00, 2580.55it/s, Materializing param=gpt_neox.layers.13.mlp.dense_4h_to_h.weight]
Loading weights:  58%|#####7    | 169/292 [00:00<00:00, 2589.31it/s, Materializing param=gpt_neox.layers.13.mlp.dense_h_to_4h.bias]  
Loading weights:  58%|#####7    | 169/292 [00:00<00:00, 2586.81it/s, Materializing param=gpt_neox.layers.13.mlp.dense_h_to_4h.bias]
Loading weights:  58%|#####8    | 170/292 [00:00<00:00, 2596.87it/s, Materializing param=gpt_neox.layers.13.mlp.dense_h_to_4h.weight]
Loading weights:  58%|#####8    | 170/292 [00:00<00:00, 2594.51it/s, Materializing param=gpt_neox.layers.13.mlp.dense_h_to_4h.weight]
Loading weights:  59%|#####8    | 171/292 [00:00<00:00, 2602.67it/s, Materializing param=gpt_neox.layers.13.post_attention_layernorm.bias]
Loading weights:  59%|#####8    | 171/292 [00:00<00:00, 2599.74it/s, Materializing param=gpt_neox.layers.13.post_attention_layernorm.bias]
Loading weights:  59%|#####8    | 172/292 [00:00<00:00, 2609.10it/s, Materializing param=gpt_neox.layers.13.post_attention_layernorm.weight]
Loading weights:  59%|#####8    | 172/292 [00:00<00:00, 2606.63it/s, Materializing param=gpt_neox.layers.13.post_attention_layernorm.weight]
Loading weights:  59%|#####9    | 173/292 [00:00<00:00, 2603.35it/s, Materializing param=gpt_neox.layers.14.attention.dense.bias]           
Loading weights:  59%|#####9    | 173/292 [00:00<00:00, 2598.50it/s, Materializing param=gpt_neox.layers.14.attention.dense.bias]
Loading weights:  60%|#####9    | 174/292 [00:00<00:00, 2606.20it/s, Materializing param=gpt_neox.layers.14.attention.dense.weight]
Loading weights:  60%|#####9    | 174/292 [00:00<00:00, 2603.44it/s, Materializing param=gpt_neox.layers.14.attention.dense.weight]
Loading weights:  60%|#####9    | 175/292 [00:00<00:00, 2612.20it/s, Materializing param=gpt_neox.layers.14.attention.query_key_value.bias]
Loading weights:  60%|#####9    | 175/292 [00:00<00:00, 2609.58it/s, Materializing param=gpt_neox.layers.14.attention.query_key_value.bias]
Loading weights:  60%|######    | 176/292 [00:00<00:00, 2619.13it/s, Materializing param=gpt_neox.layers.14.attention.query_key_value.weight]
Loading weights:  60%|######    | 176/292 [00:00<00:00, 2616.76it/s, Materializing param=gpt_neox.layers.14.attention.query_key_value.weight]
Loading weights:  61%|######    | 177/292 [00:00<00:00, 2627.26it/s, Materializing param=gpt_neox.layers.14.input_layernorm.bias]            
Loading weights:  61%|######    | 177/292 [00:00<00:00, 2624.11it/s, Materializing param=gpt_neox.layers.14.input_layernorm.bias]
Loading weights:  61%|######    | 178/292 [00:00<00:00, 2634.54it/s, Materializing param=gpt_neox.layers.14.input_layernorm.weight]
Loading weights:  61%|######    | 178/292 [00:00<00:00, 2632.13it/s, Materializing param=gpt_neox.layers.14.input_layernorm.weight]
Loading weights:  61%|######1   | 179/292 [00:00<00:00, 2642.72it/s, Materializing param=gpt_neox.layers.14.mlp.dense_4h_to_h.bias]
Loading weights:  61%|######1   | 179/292 [00:00<00:00, 2640.39it/s, Materializing param=gpt_neox.layers.14.mlp.dense_4h_to_h.bias]
Loading weights:  62%|######1   | 180/292 [00:00<00:00, 2650.62it/s, Materializing param=gpt_neox.layers.14.mlp.dense_4h_to_h.weight]
Loading weights:  62%|######1   | 180/292 [00:00<00:00, 2648.29it/s, Materializing param=gpt_neox.layers.14.mlp.dense_4h_to_h.weight]
Loading weights:  62%|######1   | 181/292 [00:00<00:00, 2658.56it/s, Materializing param=gpt_neox.layers.14.mlp.dense_h_to_4h.bias]  
Loading weights:  62%|######1   | 181/292 [00:00<00:00, 2656.19it/s, Materializing param=gpt_neox.layers.14.mlp.dense_h_to_4h.bias]
Loading weights:  62%|######2   | 182/292 [00:00<00:00, 2666.65it/s, Materializing param=gpt_neox.layers.14.mlp.dense_h_to_4h.weight]
Loading weights:  62%|######2   | 182/292 [00:00<00:00, 2664.33it/s, Materializing param=gpt_neox.layers.14.mlp.dense_h_to_4h.weight]
Loading weights:  63%|######2   | 183/292 [00:00<00:00, 2674.98it/s, Materializing param=gpt_neox.layers.14.post_attention_layernorm.bias]
Loading weights:  63%|######2   | 183/292 [00:00<00:00, 2672.80it/s, Materializing param=gpt_neox.layers.14.post_attention_layernorm.bias]
Loading weights:  63%|######3   | 184/292 [00:00<00:00, 2682.81it/s, Materializing param=gpt_neox.layers.14.post_attention_layernorm.weight]
Loading weights:  63%|######3   | 184/292 [00:00<00:00, 2680.49it/s, Materializing param=gpt_neox.layers.14.post_attention_layernorm.weight]
Loading weights:  63%|######3   | 185/292 [00:00<00:00, 2690.95it/s, Materializing param=gpt_neox.layers.15.attention.dense.bias]           
Loading weights:  63%|######3   | 185/292 [00:00<00:00, 2688.68it/s, Materializing param=gpt_neox.layers.15.attention.dense.bias]
Loading weights:  64%|######3   | 186/292 [00:00<00:00, 2698.24it/s, Materializing param=gpt_neox.layers.15.attention.dense.weight]
Loading weights:  64%|######3   | 186/292 [00:00<00:00, 2695.71it/s, Materializing param=gpt_neox.layers.15.attention.dense.weight]
Loading weights:  64%|######4   | 187/292 [00:00<00:00, 2706.18it/s, Materializing param=gpt_neox.layers.15.attention.query_key_value.bias]
Loading weights:  64%|######4   | 187/292 [00:00<00:00, 2703.85it/s, Materializing param=gpt_neox.layers.15.attention.query_key_value.bias]
Loading weights:  64%|######4   | 188/292 [00:00<00:00, 2713.73it/s, Materializing param=gpt_neox.layers.15.attention.query_key_value.weight]
Loading weights:  64%|######4   | 188/292 [00:00<00:00, 2711.32it/s, Materializing param=gpt_neox.layers.15.attention.query_key_value.weight]
Loading weights:  65%|######4   | 189/292 [00:00<00:00, 2721.40it/s, Materializing param=gpt_neox.layers.15.input_layernorm.bias]            
Loading weights:  65%|######4   | 189/292 [00:00<00:00, 2718.42it/s, Materializing param=gpt_neox.layers.15.input_layernorm.bias]
Loading weights:  65%|######5   | 190/292 [00:00<00:00, 2728.79it/s, Materializing param=gpt_neox.layers.15.input_layernorm.weight]
Loading weights:  65%|######5   | 190/292 [00:00<00:00, 2726.50it/s, Materializing param=gpt_neox.layers.15.input_layernorm.weight]
Loading weights:  65%|######5   | 191/292 [00:00<00:00, 2736.90it/s, Materializing param=gpt_neox.layers.15.mlp.dense_4h_to_h.bias]
Loading weights:  65%|######5   | 191/292 [00:00<00:00, 2734.65it/s, Materializing param=gpt_neox.layers.15.mlp.dense_4h_to_h.bias]
Loading weights:  66%|######5   | 192/292 [00:00<00:00, 2744.92it/s, Materializing param=gpt_neox.layers.15.mlp.dense_4h_to_h.weight]
Loading weights:  66%|######5   | 192/292 [00:00<00:00, 2742.78it/s, Materializing param=gpt_neox.layers.15.mlp.dense_4h_to_h.weight]
Loading weights:  66%|######6   | 193/292 [00:00<00:00, 2752.97it/s, Materializing param=gpt_neox.layers.15.mlp.dense_h_to_4h.bias]  
Loading weights:  66%|######6   | 193/292 [00:00<00:00, 2750.66it/s, Materializing param=gpt_neox.layers.15.mlp.dense_h_to_4h.bias]
Loading weights:  66%|######6   | 194/292 [00:00<00:00, 2760.96it/s, Materializing param=gpt_neox.layers.15.mlp.dense_h_to_4h.weight]
Loading weights:  66%|######6   | 194/292 [00:00<00:00, 2758.67it/s, Materializing param=gpt_neox.layers.15.mlp.dense_h_to_4h.weight]
Loading weights:  67%|######6   | 195/292 [00:00<00:00, 2768.79it/s, Materializing param=gpt_neox.layers.15.post_attention_layernorm.bias]
Loading weights:  67%|######6   | 195/292 [00:00<00:00, 2766.47it/s, Materializing param=gpt_neox.layers.15.post_attention_layernorm.bias]
Loading weights:  67%|######7   | 196/292 [00:00<00:00, 2776.74it/s, Materializing param=gpt_neox.layers.15.post_attention_layernorm.weight]
Loading weights:  67%|######7   | 196/292 [00:00<00:00, 2774.41it/s, Materializing param=gpt_neox.layers.15.post_attention_layernorm.weight]
Loading weights:  67%|######7   | 197/292 [00:00<00:00, 2784.50it/s, Materializing param=gpt_neox.layers.16.attention.dense.bias]           
Loading weights:  67%|######7   | 197/292 [00:00<00:00, 2782.20it/s, Materializing param=gpt_neox.layers.16.attention.dense.bias]
Loading weights:  68%|######7   | 198/292 [00:00<00:00, 2792.21it/s, Materializing param=gpt_neox.layers.16.attention.dense.weight]
Loading weights:  68%|######7   | 198/292 [00:00<00:00, 2790.06it/s, Materializing param=gpt_neox.layers.16.attention.dense.weight]
Loading weights:  68%|######8   | 199/292 [00:00<00:00, 2799.64it/s, Materializing param=gpt_neox.layers.16.attention.query_key_value.bias]
Loading weights:  68%|######8   | 199/292 [00:00<00:00, 2797.44it/s, Materializing param=gpt_neox.layers.16.attention.query_key_value.bias]
Loading weights:  68%|######8   | 200/292 [00:00<00:00, 2807.56it/s, Materializing param=gpt_neox.layers.16.attention.query_key_value.weight]
Loading weights:  68%|######8   | 200/292 [00:00<00:00, 2805.19it/s, Materializing param=gpt_neox.layers.16.attention.query_key_value.weight]
Loading weights:  69%|######8   | 201/292 [00:00<00:00, 2815.10it/s, Materializing param=gpt_neox.layers.16.input_layernorm.bias]            
Loading weights:  69%|######8   | 201/292 [00:00<00:00, 2812.66it/s, Materializing param=gpt_neox.layers.16.input_layernorm.bias]
Loading weights:  69%|######9   | 202/292 [00:00<00:00, 2822.58it/s, Materializing param=gpt_neox.layers.16.input_layernorm.weight]
Loading weights:  69%|######9   | 202/292 [00:00<00:00, 2820.31it/s, Materializing param=gpt_neox.layers.16.input_layernorm.weight]
Loading weights:  70%|######9   | 203/292 [00:00<00:00, 2830.20it/s, Materializing param=gpt_neox.layers.16.mlp.dense_4h_to_h.bias]
Loading weights:  70%|######9   | 203/292 [00:00<00:00, 2827.90it/s, Materializing param=gpt_neox.layers.16.mlp.dense_4h_to_h.bias]
Loading weights:  70%|######9   | 204/292 [00:00<00:00, 2837.50it/s, Materializing param=gpt_neox.layers.16.mlp.dense_4h_to_h.weight]
Loading weights:  70%|######9   | 204/292 [00:00<00:00, 2835.22it/s, Materializing param=gpt_neox.layers.16.mlp.dense_4h_to_h.weight]
Loading weights:  70%|#######   | 205/292 [00:00<00:00, 2845.15it/s, Materializing param=gpt_neox.layers.16.mlp.dense_h_to_4h.bias]  
Loading weights:  70%|#######   | 205/292 [00:00<00:00, 2842.83it/s, Materializing param=gpt_neox.layers.16.mlp.dense_h_to_4h.bias]
Loading weights:  71%|#######   | 206/292 [00:00<00:00, 2852.57it/s, Materializing param=gpt_neox.layers.16.mlp.dense_h_to_4h.weight]
Loading weights:  71%|#######   | 206/292 [00:00<00:00, 2850.23it/s, Materializing param=gpt_neox.layers.16.mlp.dense_h_to_4h.weight]
Loading weights:  71%|#######   | 207/292 [00:00<00:00, 2859.93it/s, Materializing param=gpt_neox.layers.16.post_attention_layernorm.bias]
Loading weights:  71%|#######   | 207/292 [00:00<00:00, 2857.59it/s, Materializing param=gpt_neox.layers.16.post_attention_layernorm.bias]
Loading weights:  71%|#######1  | 208/292 [00:00<00:00, 2867.20it/s, Materializing param=gpt_neox.layers.16.post_attention_layernorm.weight]
Loading weights:  71%|#######1  | 208/292 [00:00<00:00, 2864.80it/s, Materializing param=gpt_neox.layers.16.post_attention_layernorm.weight]
Loading weights:  72%|#######1  | 209/292 [00:00<00:00, 2874.23it/s, Materializing param=gpt_neox.layers.17.attention.dense.bias]           
Loading weights:  72%|#######1  | 209/292 [00:00<00:00, 2871.87it/s, Materializing param=gpt_neox.layers.17.attention.dense.bias]
Loading weights:  72%|#######1  | 210/292 [00:00<00:00, 2881.42it/s, Materializing param=gpt_neox.layers.17.attention.dense.weight]
Loading weights:  72%|#######1  | 210/292 [00:00<00:00, 2879.11it/s, Materializing param=gpt_neox.layers.17.attention.dense.weight]
Loading weights:  72%|#######2  | 211/292 [00:00<00:00, 2888.44it/s, Materializing param=gpt_neox.layers.17.attention.query_key_value.bias]
Loading weights:  72%|#######2  | 211/292 [00:00<00:00, 2886.09it/s, Materializing param=gpt_neox.layers.17.attention.query_key_value.bias]
Loading weights:  73%|#######2  | 212/292 [00:00<00:00, 2895.59it/s, Materializing param=gpt_neox.layers.17.attention.query_key_value.weight]
Loading weights:  73%|#######2  | 212/292 [00:00<00:00, 2893.28it/s, Materializing param=gpt_neox.layers.17.attention.query_key_value.weight]
Loading weights:  73%|#######2  | 213/292 [00:00<00:00, 2902.61it/s, Materializing param=gpt_neox.layers.17.input_layernorm.bias]            
Loading weights:  73%|#######2  | 213/292 [00:00<00:00, 2900.36it/s, Materializing param=gpt_neox.layers.17.input_layernorm.bias]
Loading weights:  73%|#######3  | 214/292 [00:00<00:00, 2909.68it/s, Materializing param=gpt_neox.layers.17.input_layernorm.weight]
Loading weights:  73%|#######3  | 214/292 [00:00<00:00, 2907.53it/s, Materializing param=gpt_neox.layers.17.input_layernorm.weight]
Loading weights:  74%|#######3  | 215/292 [00:00<00:00, 2916.62it/s, Materializing param=gpt_neox.layers.17.mlp.dense_4h_to_h.bias]
Loading weights:  74%|#######3  | 215/292 [00:00<00:00, 2914.37it/s, Materializing param=gpt_neox.layers.17.mlp.dense_4h_to_h.bias]
Loading weights:  74%|#######3  | 216/292 [00:00<00:00, 2919.80it/s, Materializing param=gpt_neox.layers.17.mlp.dense_4h_to_h.weight]
Loading weights:  74%|#######3  | 216/292 [00:00<00:00, 2916.27it/s, Materializing param=gpt_neox.layers.17.mlp.dense_4h_to_h.weight]
Loading weights:  74%|#######4  | 217/292 [00:00<00:00, 2923.83it/s, Materializing param=gpt_neox.layers.17.mlp.dense_h_to_4h.bias]  
Loading weights:  74%|#######4  | 217/292 [00:00<00:00, 2921.08it/s, Materializing param=gpt_neox.layers.17.mlp.dense_h_to_4h.bias]
Loading weights:  75%|#######4  | 218/292 [00:00<00:00, 2929.40it/s, Materializing param=gpt_neox.layers.17.mlp.dense_h_to_4h.weight]
Loading weights:  75%|#######4  | 218/292 [00:00<00:00, 2926.89it/s, Materializing param=gpt_neox.layers.17.mlp.dense_h_to_4h.weight]
Loading weights:  75%|#######5  | 219/292 [00:00<00:00, 2935.27it/s, Materializing param=gpt_neox.layers.17.post_attention_layernorm.bias]
Loading weights:  75%|#######5  | 219/292 [00:00<00:00, 2932.73it/s, Materializing param=gpt_neox.layers.17.post_attention_layernorm.bias]
Loading weights:  75%|#######5  | 220/292 [00:00<00:00, 2941.42it/s, Materializing param=gpt_neox.layers.17.post_attention_layernorm.weight]
Loading weights:  75%|#######5  | 220/292 [00:00<00:00, 2938.94it/s, Materializing param=gpt_neox.layers.17.post_attention_layernorm.weight]
Loading weights:  76%|#######5  | 221/292 [00:00<00:00, 2947.06it/s, Materializing param=gpt_neox.layers.18.attention.dense.bias]           
Loading weights:  76%|#######5  | 221/292 [00:00<00:00, 2944.62it/s, Materializing param=gpt_neox.layers.18.attention.dense.bias]
Loading weights:  76%|#######6  | 222/292 [00:00<00:00, 2953.45it/s, Materializing param=gpt_neox.layers.18.attention.dense.weight]
Loading weights:  76%|#######6  | 222/292 [00:00<00:00, 2951.07it/s, Materializing param=gpt_neox.layers.18.attention.dense.weight]
Loading weights:  76%|#######6  | 223/292 [00:00<00:00, 2960.05it/s, Materializing param=gpt_neox.layers.18.attention.query_key_value.bias]
Loading weights:  76%|#######6  | 223/292 [00:00<00:00, 2957.63it/s, Materializing param=gpt_neox.layers.18.attention.query_key_value.bias]
Loading weights:  77%|#######6  | 224/292 [00:00<00:00, 2966.60it/s, Materializing param=gpt_neox.layers.18.attention.query_key_value.weight]
Loading weights:  77%|#######6  | 224/292 [00:00<00:00, 2964.16it/s, Materializing param=gpt_neox.layers.18.attention.query_key_value.weight]
Loading weights:  77%|#######7  | 225/292 [00:00<00:00, 2973.01it/s, Materializing param=gpt_neox.layers.18.input_layernorm.bias]            
Loading weights:  77%|#######7  | 225/292 [00:00<00:00, 2970.57it/s, Materializing param=gpt_neox.layers.18.input_layernorm.bias]
Loading weights:  77%|#######7  | 226/292 [00:00<00:00, 2979.03it/s, Materializing param=gpt_neox.layers.18.input_layernorm.weight]
Loading weights:  77%|#######7  | 226/292 [00:00<00:00, 2976.69it/s, Materializing param=gpt_neox.layers.18.input_layernorm.weight]
Loading weights:  78%|#######7  | 227/292 [00:00<00:00, 2985.64it/s, Materializing param=gpt_neox.layers.18.mlp.dense_4h_to_h.bias]
Loading weights:  78%|#######7  | 227/292 [00:00<00:00, 2983.32it/s, Materializing param=gpt_neox.layers.18.mlp.dense_4h_to_h.bias]
Loading weights:  78%|#######8  | 228/292 [00:00<00:00, 2992.38it/s, Materializing param=gpt_neox.layers.18.mlp.dense_4h_to_h.weight]
Loading weights:  78%|#######8  | 228/292 [00:00<00:00, 2990.21it/s, Materializing param=gpt_neox.layers.18.mlp.dense_4h_to_h.weight]
Loading weights:  78%|#######8  | 229/292 [00:00<00:00, 2999.33it/s, Materializing param=gpt_neox.layers.18.mlp.dense_h_to_4h.bias]  
Loading weights:  78%|#######8  | 229/292 [00:00<00:00, 2997.16it/s, Materializing param=gpt_neox.layers.18.mlp.dense_h_to_4h.bias]
Loading weights:  79%|#######8  | 230/292 [00:00<00:00, 3006.29it/s, Materializing param=gpt_neox.layers.18.mlp.dense_h_to_4h.weight]
Loading weights:  79%|#######8  | 230/292 [00:00<00:00, 3004.13it/s, Materializing param=gpt_neox.layers.18.mlp.dense_h_to_4h.weight]
Loading weights:  79%|#######9  | 231/292 [00:00<00:00, 3013.28it/s, Materializing param=gpt_neox.layers.18.post_attention_layernorm.bias]
Loading weights:  79%|#######9  | 231/292 [00:00<00:00, 3011.09it/s, Materializing param=gpt_neox.layers.18.post_attention_layernorm.bias]
Loading weights:  79%|#######9  | 232/292 [00:00<00:00, 3020.20it/s, Materializing param=gpt_neox.layers.18.post_attention_layernorm.weight]
Loading weights:  79%|#######9  | 232/292 [00:00<00:00, 3018.01it/s, Materializing param=gpt_neox.layers.18.post_attention_layernorm.weight]
Loading weights:  80%|#######9  | 233/292 [00:00<00:00, 3027.11it/s, Materializing param=gpt_neox.layers.19.attention.dense.bias]           
Loading weights:  80%|#######9  | 233/292 [00:00<00:00, 3024.92it/s, Materializing param=gpt_neox.layers.19.attention.dense.bias]
Loading weights:  80%|########  | 234/292 [00:00<00:00, 3033.92it/s, Materializing param=gpt_neox.layers.19.attention.dense.weight]
Loading weights:  80%|########  | 234/292 [00:00<00:00, 3031.61it/s, Materializing param=gpt_neox.layers.19.attention.dense.weight]
Loading weights:  80%|########  | 235/292 [00:00<00:00, 3040.41it/s, Materializing param=gpt_neox.layers.19.attention.query_key_value.bias]
Loading weights:  80%|########  | 235/292 [00:00<00:00, 3038.02it/s, Materializing param=gpt_neox.layers.19.attention.query_key_value.bias]
Loading weights:  81%|########  | 236/292 [00:00<00:00, 3046.68it/s, Materializing param=gpt_neox.layers.19.attention.query_key_value.weight]
Loading weights:  81%|########  | 236/292 [00:00<00:00, 3044.46it/s, Materializing param=gpt_neox.layers.19.attention.query_key_value.weight]
Loading weights:  81%|########1 | 237/292 [00:00<00:00, 3053.19it/s, Materializing param=gpt_neox.layers.19.input_layernorm.bias]            
Loading weights:  81%|########1 | 237/292 [00:00<00:00, 3050.89it/s, Materializing param=gpt_neox.layers.19.input_layernorm.bias]
Loading weights:  82%|########1 | 238/292 [00:00<00:00, 3059.35it/s, Materializing param=gpt_neox.layers.19.input_layernorm.weight]
Loading weights:  82%|########1 | 238/292 [00:00<00:00, 3057.02it/s, Materializing param=gpt_neox.layers.19.input_layernorm.weight]
Loading weights:  82%|########1 | 239/292 [00:00<00:00, 3065.45it/s, Materializing param=gpt_neox.layers.19.mlp.dense_4h_to_h.bias]
Loading weights:  82%|########1 | 239/292 [00:00<00:00, 3063.05it/s, Materializing param=gpt_neox.layers.19.mlp.dense_4h_to_h.bias]
Loading weights:  82%|########2 | 240/292 [00:00<00:00, 3071.63it/s, Materializing param=gpt_neox.layers.19.mlp.dense_4h_to_h.weight]
Loading weights:  82%|########2 | 240/292 [00:00<00:00, 3069.29it/s, Materializing param=gpt_neox.layers.19.mlp.dense_4h_to_h.weight]
Loading weights:  83%|########2 | 241/292 [00:00<00:00, 3077.55it/s, Materializing param=gpt_neox.layers.19.mlp.dense_h_to_4h.bias]  
Loading weights:  83%|########2 | 241/292 [00:00<00:00, 3075.24it/s, Materializing param=gpt_neox.layers.19.mlp.dense_h_to_4h.bias]
Loading weights:  83%|########2 | 242/292 [00:00<00:00, 3083.77it/s, Materializing param=gpt_neox.layers.19.mlp.dense_h_to_4h.weight]
Loading weights:  83%|########2 | 242/292 [00:00<00:00, 3081.45it/s, Materializing param=gpt_neox.layers.19.mlp.dense_h_to_4h.weight]
Loading weights:  83%|########3 | 243/292 [00:00<00:00, 3090.13it/s, Materializing param=gpt_neox.layers.19.post_attention_layernorm.bias]
Loading weights:  83%|########3 | 243/292 [00:00<00:00, 3087.79it/s, Materializing param=gpt_neox.layers.19.post_attention_layernorm.bias]
Loading weights:  84%|########3 | 244/292 [00:00<00:00, 3096.36it/s, Materializing param=gpt_neox.layers.19.post_attention_layernorm.weight]
Loading weights:  84%|########3 | 244/292 [00:00<00:00, 3094.04it/s, Materializing param=gpt_neox.layers.19.post_attention_layernorm.weight]
Loading weights:  84%|########3 | 245/292 [00:00<00:00, 3102.57it/s, Materializing param=gpt_neox.layers.20.attention.dense.bias]           
Loading weights:  84%|########3 | 245/292 [00:00<00:00, 3100.25it/s, Materializing param=gpt_neox.layers.20.attention.dense.bias]
Loading weights:  84%|########4 | 246/292 [00:00<00:00, 3108.61it/s, Materializing param=gpt_neox.layers.20.attention.dense.weight]
Loading weights:  84%|########4 | 246/292 [00:00<00:00, 3106.27it/s, Materializing param=gpt_neox.layers.20.attention.dense.weight]
Loading weights:  85%|########4 | 247/292 [00:00<00:00, 3114.88it/s, Materializing param=gpt_neox.layers.20.attention.query_key_value.bias]
Loading weights:  85%|########4 | 247/292 [00:00<00:00, 3112.58it/s, Materializing param=gpt_neox.layers.20.attention.query_key_value.bias]
Loading weights:  85%|########4 | 248/292 [00:00<00:00, 3120.86it/s, Materializing param=gpt_neox.layers.20.attention.query_key_value.weight]
Loading weights:  85%|########4 | 248/292 [00:00<00:00, 3117.82it/s, Materializing param=gpt_neox.layers.20.attention.query_key_value.weight]
Loading weights:  85%|########5 | 249/292 [00:00<00:00, 3126.20it/s, Materializing param=gpt_neox.layers.20.input_layernorm.bias]            
Loading weights:  85%|########5 | 249/292 [00:00<00:00, 3123.88it/s, Materializing param=gpt_neox.layers.20.input_layernorm.bias]
Loading weights:  86%|########5 | 250/292 [00:00<00:00, 3131.98it/s, Materializing param=gpt_neox.layers.20.input_layernorm.weight]
Loading weights:  86%|########5 | 250/292 [00:00<00:00, 3129.63it/s, Materializing param=gpt_neox.layers.20.input_layernorm.weight]
Loading weights:  86%|########5 | 251/292 [00:00<00:00, 3138.03it/s, Materializing param=gpt_neox.layers.20.mlp.dense_4h_to_h.bias]
Loading weights:  86%|########5 | 251/292 [00:00<00:00, 3135.67it/s, Materializing param=gpt_neox.layers.20.mlp.dense_4h_to_h.bias]
Loading weights:  86%|########6 | 252/292 [00:00<00:00, 3143.47it/s, Materializing param=gpt_neox.layers.20.mlp.dense_4h_to_h.weight]
Loading weights:  86%|########6 | 252/292 [00:00<00:00, 3141.12it/s, Materializing param=gpt_neox.layers.20.mlp.dense_4h_to_h.weight]
Loading weights:  87%|########6 | 253/292 [00:00<00:00, 3149.40it/s, Materializing param=gpt_neox.layers.20.mlp.dense_h_to_4h.bias]  
Loading weights:  87%|########6 | 253/292 [00:00<00:00, 3147.08it/s, Materializing param=gpt_neox.layers.20.mlp.dense_h_to_4h.bias]
Loading weights:  87%|########6 | 254/292 [00:00<00:00, 3155.35it/s, Materializing param=gpt_neox.layers.20.mlp.dense_h_to_4h.weight]
Loading weights:  87%|########6 | 254/292 [00:00<00:00, 3153.03it/s, Materializing param=gpt_neox.layers.20.mlp.dense_h_to_4h.weight]
Loading weights:  87%|########7 | 255/292 [00:00<00:00, 3161.12it/s, Materializing param=gpt_neox.layers.20.post_attention_layernorm.bias]
Loading weights:  87%|########7 | 255/292 [00:00<00:00, 3158.72it/s, Materializing param=gpt_neox.layers.20.post_attention_layernorm.bias]
Loading weights:  88%|########7 | 256/292 [00:00<00:00, 3166.95it/s, Materializing param=gpt_neox.layers.20.post_attention_layernorm.weight]
Loading weights:  88%|########7 | 256/292 [00:00<00:00, 3164.59it/s, Materializing param=gpt_neox.layers.20.post_attention_layernorm.weight]
Loading weights:  88%|########8 | 257/292 [00:00<00:00, 3172.94it/s, Materializing param=gpt_neox.layers.21.attention.dense.bias]           
Loading weights:  88%|########8 | 257/292 [00:00<00:00, 3170.61it/s, Materializing param=gpt_neox.layers.21.attention.dense.bias]
Loading weights:  88%|########8 | 258/292 [00:00<00:00, 3178.81it/s, Materializing param=gpt_neox.layers.21.attention.dense.weight]
Loading weights:  88%|########8 | 258/292 [00:00<00:00, 3176.63it/s, Materializing param=gpt_neox.layers.21.attention.dense.weight]
Loading weights:  89%|########8 | 259/292 [00:00<00:00, 3184.97it/s, Materializing param=gpt_neox.layers.21.attention.query_key_value.bias]
Loading weights:  89%|########8 | 259/292 [00:00<00:00, 3182.76it/s, Materializing param=gpt_neox.layers.21.attention.query_key_value.bias]
Loading weights:  89%|########9 | 260/292 [00:00<00:00, 3191.06it/s, Materializing param=gpt_neox.layers.21.attention.query_key_value.weight]
Loading weights:  89%|########9 | 260/292 [00:00<00:00, 3188.87it/s, Materializing param=gpt_neox.layers.21.attention.query_key_value.weight]
Loading weights:  89%|########9 | 261/292 [00:00<00:00, 3196.00it/s, Materializing param=gpt_neox.layers.21.input_layernorm.bias]            
Loading weights:  89%|########9 | 261/292 [00:00<00:00, 3192.90it/s, Materializing param=gpt_neox.layers.21.input_layernorm.bias]
Loading weights:  90%|########9 | 262/292 [00:00<00:00, 3199.59it/s, Materializing param=gpt_neox.layers.21.input_layernorm.weight]
Loading weights:  90%|########9 | 262/292 [00:00<00:00, 3197.18it/s, Materializing param=gpt_neox.layers.21.input_layernorm.weight]
Loading weights:  90%|######### | 263/292 [00:00<00:00, 3204.82it/s, Materializing param=gpt_neox.layers.21.mlp.dense_4h_to_h.bias]
Loading weights:  90%|######### | 263/292 [00:00<00:00, 3201.20it/s, Materializing param=gpt_neox.layers.21.mlp.dense_4h_to_h.bias]
Loading weights:  90%|######### | 264/292 [00:00<00:00, 3201.66it/s, Materializing param=gpt_neox.layers.21.mlp.dense_4h_to_h.weight]
Loading weights:  90%|######### | 264/292 [00:00<00:00, 3198.09it/s, Materializing param=gpt_neox.layers.21.mlp.dense_4h_to_h.weight]
Loading weights:  91%|######### | 265/292 [00:00<00:00, 3200.98it/s, Materializing param=gpt_neox.layers.21.mlp.dense_h_to_4h.bias]  
Loading weights:  91%|######### | 265/292 [00:00<00:00, 3198.29it/s, Materializing param=gpt_neox.layers.21.mlp.dense_h_to_4h.bias]
Loading weights:  91%|#########1| 266/292 [00:00<00:00, 3205.23it/s, Materializing param=gpt_neox.layers.21.mlp.dense_h_to_4h.weight]
Loading weights:  91%|#########1| 266/292 [00:00<00:00, 3202.87it/s, Materializing param=gpt_neox.layers.21.mlp.dense_h_to_4h.weight]
Loading weights:  91%|#########1| 267/292 [00:00<00:00, 3210.46it/s, Materializing param=gpt_neox.layers.21.post_attention_layernorm.bias]
Loading weights:  91%|#########1| 267/292 [00:00<00:00, 3208.18it/s, Materializing param=gpt_neox.layers.21.post_attention_layernorm.bias]
Loading weights:  92%|#########1| 268/292 [00:00<00:00, 3215.54it/s, Materializing param=gpt_neox.layers.21.post_attention_layernorm.weight]
Loading weights:  92%|#########1| 268/292 [00:00<00:00, 3213.34it/s, Materializing param=gpt_neox.layers.21.post_attention_layernorm.weight]
Loading weights:  92%|#########2| 269/292 [00:00<00:00, 3221.22it/s, Materializing param=gpt_neox.layers.22.attention.dense.bias]           
Loading weights:  92%|#########2| 269/292 [00:00<00:00, 3219.06it/s, Materializing param=gpt_neox.layers.22.attention.dense.bias]
Loading weights:  92%|#########2| 270/292 [00:00<00:00, 3226.85it/s, Materializing param=gpt_neox.layers.22.attention.dense.weight]
Loading weights:  92%|#########2| 270/292 [00:00<00:00, 3224.64it/s, Materializing param=gpt_neox.layers.22.attention.dense.weight]
Loading weights:  93%|#########2| 271/292 [00:00<00:00, 3232.48it/s, Materializing param=gpt_neox.layers.22.attention.query_key_value.bias]
Loading weights:  93%|#########2| 271/292 [00:00<00:00, 3230.27it/s, Materializing param=gpt_neox.layers.22.attention.query_key_value.bias]
Loading weights:  93%|#########3| 272/292 [00:00<00:00, 3238.16it/s, Materializing param=gpt_neox.layers.22.attention.query_key_value.weight]
Loading weights:  93%|#########3| 272/292 [00:00<00:00, 3235.97it/s, Materializing param=gpt_neox.layers.22.attention.query_key_value.weight]
Loading weights:  93%|#########3| 273/292 [00:00<00:00, 2603.51it/s, Materializing param=gpt_neox.layers.22.attention.query_key_value.weight]
Loading weights:  93%|#########3| 273/292 [00:00<00:00, 2603.51it/s, Materializing param=gpt_neox.layers.22.input_layernorm.bias]            
Loading weights:  93%|#########3| 273/292 [00:00<00:00, 2603.51it/s, Materializing param=gpt_neox.layers.22.input_layernorm.bias]
Loading weights:  94%|#########3| 274/292 [00:00<00:00, 2603.51it/s, Materializing param=gpt_neox.layers.22.input_layernorm.weight]
Loading weights:  94%|#########3| 274/292 [00:00<00:00, 2603.51it/s, Materializing param=gpt_neox.layers.22.input_layernorm.weight]
Loading weights:  94%|#########4| 275/292 [00:00<00:00, 2603.51it/s, Materializing param=gpt_neox.layers.22.mlp.dense_4h_to_h.bias]
Loading weights:  94%|#########4| 275/292 [00:00<00:00, 2603.51it/s, Materializing param=gpt_neox.layers.22.mlp.dense_4h_to_h.bias]
Loading weights:  95%|#########4| 276/292 [00:00<00:00, 2603.51it/s, Materializing param=gpt_neox.layers.22.mlp.dense_4h_to_h.weight]
Loading weights:  95%|#########4| 276/292 [00:00<00:00, 2603.51it/s, Materializing param=gpt_neox.layers.22.mlp.dense_4h_to_h.weight]
Loading weights:  95%|#########4| 277/292 [00:00<00:00, 2603.51it/s, Materializing param=gpt_neox.layers.22.mlp.dense_h_to_4h.bias]  
Loading weights:  95%|#########4| 277/292 [00:00<00:00, 2603.51it/s, Materializing param=gpt_neox.layers.22.mlp.dense_h_to_4h.bias]
Loading weights:  95%|#########5| 278/292 [00:00<00:00, 2603.51it/s, Materializing param=gpt_neox.layers.22.mlp.dense_h_to_4h.weight]
Loading weights:  95%|#########5| 278/292 [00:00<00:00, 2603.51it/s, Materializing param=gpt_neox.layers.22.mlp.dense_h_to_4h.weight]
Loading weights:  96%|#########5| 279/292 [00:00<00:00, 2603.51it/s, Materializing param=gpt_neox.layers.22.post_attention_layernorm.bias]
Loading weights:  96%|#########5| 279/292 [00:00<00:00, 2603.51it/s, Materializing param=gpt_neox.layers.22.post_attention_layernorm.bias]
Loading weights:  96%|#########5| 280/292 [00:00<00:00, 2603.51it/s, Materializing param=gpt_neox.layers.22.post_attention_layernorm.weight]
Loading weights:  96%|#########5| 280/292 [00:00<00:00, 2603.51it/s, Materializing param=gpt_neox.layers.22.post_attention_layernorm.weight]
Loading weights:  96%|#########6| 281/292 [00:00<00:00, 2603.51it/s, Materializing param=gpt_neox.layers.23.attention.dense.bias]           
Loading weights:  96%|#########6| 281/292 [00:00<00:00, 2603.51it/s, Materializing param=gpt_neox.layers.23.attention.dense.bias]
Loading weights:  97%|#########6| 282/292 [00:00<00:00, 2603.51it/s, Materializing param=gpt_neox.layers.23.attention.dense.weight]
Loading weights:  97%|#########6| 282/292 [00:00<00:00, 2603.51it/s, Materializing param=gpt_neox.layers.23.attention.dense.weight]
Loading weights:  97%|#########6| 283/292 [00:00<00:00, 2603.51it/s, Materializing param=gpt_neox.layers.23.attention.query_key_value.bias]
Loading weights:  97%|#########6| 283/292 [00:00<00:00, 2603.51it/s, Materializing param=gpt_neox.layers.23.attention.query_key_value.bias]
Loading weights:  97%|#########7| 284/292 [00:00<00:00, 2603.51it/s, Materializing param=gpt_neox.layers.23.attention.query_key_value.weight]
Loading weights:  97%|#########7| 284/292 [00:00<00:00, 2603.51it/s, Materializing param=gpt_neox.layers.23.attention.query_key_value.weight]
Loading weights:  98%|#########7| 285/292 [00:00<00:00, 2603.51it/s, Materializing param=gpt_neox.layers.23.input_layernorm.bias]            
Loading weights:  98%|#########7| 285/292 [00:00<00:00, 2603.51it/s, Materializing param=gpt_neox.layers.23.input_layernorm.bias]
Loading weights:  98%|#########7| 286/292 [00:00<00:00, 2603.51it/s, Materializing param=gpt_neox.layers.23.input_layernorm.weight]
Loading weights:  98%|#########7| 286/292 [00:00<00:00, 2603.51it/s, Materializing param=gpt_neox.layers.23.input_layernorm.weight]
Loading weights:  98%|#########8| 287/292 [00:00<00:00, 2603.51it/s, Materializing param=gpt_neox.layers.23.mlp.dense_4h_to_h.bias]
Loading weights:  98%|#########8| 287/292 [00:00<00:00, 2603.51it/s, Materializing param=gpt_neox.layers.23.mlp.dense_4h_to_h.bias]
Loading weights:  99%|#########8| 288/292 [00:00<00:00, 2603.51it/s, Materializing param=gpt_neox.layers.23.mlp.dense_4h_to_h.weight]
Loading weights:  99%|#########8| 288/292 [00:00<00:00, 2603.51it/s, Materializing param=gpt_neox.layers.23.mlp.dense_4h_to_h.weight]
Loading weights:  99%|#########8| 289/292 [00:00<00:00, 2603.51it/s, Materializing param=gpt_neox.layers.23.mlp.dense_h_to_4h.bias]  
Loading weights:  99%|#########8| 289/292 [00:00<00:00, 2603.51it/s, Materializing param=gpt_neox.layers.23.mlp.dense_h_to_4h.bias]
Loading weights:  99%|#########9| 290/292 [00:00<00:00, 2603.51it/s, Materializing param=gpt_neox.layers.23.mlp.dense_h_to_4h.weight]
Loading weights:  99%|#########9| 290/292 [00:00<00:00, 2603.51it/s, Materializing param=gpt_neox.layers.23.mlp.dense_h_to_4h.weight]
Loading weights: 100%|#########9| 291/292 [00:00<00:00, 2603.51it/s, Materializing param=gpt_neox.layers.23.post_attention_layernorm.bias]
Loading weights: 100%|#########9| 291/292 [00:00<00:00, 2603.51it/s, Materializing param=gpt_neox.layers.23.post_attention_layernorm.bias]
Loading weights: 100%|##########| 292/292 [00:00<00:00, 2603.51it/s, Materializing param=gpt_neox.layers.23.post_attention_layernorm.weight]
Loading weights: 100%|##########| 292/292 [00:00<00:00, 2603.51it/s, Materializing param=gpt_neox.layers.23.post_attention_layernorm.weight]
Loading weights: 100%|##########| 292/292 [00:00<00:00, 2662.19it/s, Materializing param=gpt_neox.layers.23.post_attention_layernorm.weight]

Loading weights:   0%|          | 0/292 [00:00<?, ?it/s]
Loading weights:   0%|          | 1/292 [00:00<00:00, 45590.26it/s, Materializing param=embed_out.weight]
Loading weights:   0%|          | 1/292 [00:00<00:00, 10979.85it/s, Materializing param=embed_out.weight]
Loading weights:   1%|          | 2/292 [00:00<00:00, 2911.70it/s, Materializing param=gpt_neox.embed_in.weight]
Loading weights:   1%|          | 2/292 [00:00<00:00, 2585.09it/s, Materializing param=gpt_neox.embed_in.weight]
Loading weights:   1%|1         | 3/292 [00:00<00:00, 1924.29it/s, Materializing param=gpt_neox.final_layer_norm.bias]
Loading weights:   1%|1         | 3/292 [00:00<00:00, 1314.28it/s, Materializing param=gpt_neox.final_layer_norm.bias]
Loading weights:   1%|1         | 4/292 [00:00<00:00, 1044.72it/s, Materializing param=gpt_neox.final_layer_norm.weight]
Loading weights:   1%|1         | 4/292 [00:00<00:00, 948.88it/s, Materializing param=gpt_neox.final_layer_norm.weight] 
Loading weights:   2%|1         | 5/292 [00:00<00:00, 1086.89it/s, Materializing param=gpt_neox.layers.0.attention.dense.bias]
Loading weights:   2%|1         | 5/292 [00:00<00:00, 898.56it/s, Materializing param=gpt_neox.layers.0.attention.dense.bias] 
Loading weights:   2%|2         | 6/292 [00:00<00:00, 1021.42it/s, Materializing param=gpt_neox.layers.0.attention.dense.weight]
Loading weights:   2%|2         | 6/292 [00:00<00:00, 971.62it/s, Materializing param=gpt_neox.layers.0.attention.dense.weight] 
Loading weights:   2%|2         | 7/292 [00:00<00:00, 1008.04it/s, Materializing param=gpt_neox.layers.0.attention.query_key_value.bias]
Loading weights:   2%|2         | 7/292 [00:00<00:00, 894.44it/s, Materializing param=gpt_neox.layers.0.attention.query_key_value.bias] 
Loading weights:   3%|2         | 8/292 [00:00<00:00, 900.45it/s, Materializing param=gpt_neox.layers.0.attention.query_key_value.weight]
Loading weights:   3%|2         | 8/292 [00:00<00:00, 889.85it/s, Materializing param=gpt_neox.layers.0.attention.query_key_value.weight]
Loading weights:   3%|3         | 9/292 [00:00<00:00, 942.85it/s, Materializing param=gpt_neox.layers.0.input_layernorm.bias]            
Loading weights:   3%|3         | 9/292 [00:00<00:00, 928.42it/s, Materializing param=gpt_neox.layers.0.input_layernorm.bias]
Loading weights:   3%|3         | 10/292 [00:00<00:00, 987.66it/s, Materializing param=gpt_neox.layers.0.input_layernorm.weight]
Loading weights:   3%|3         | 10/292 [00:00<00:00, 973.11it/s, Materializing param=gpt_neox.layers.0.input_layernorm.weight]
Loading weights:   4%|3         | 11/292 [00:00<00:00, 1032.92it/s, Materializing param=gpt_neox.layers.0.mlp.dense_4h_to_h.bias]
Loading weights:   4%|3         | 11/292 [00:00<00:00, 1008.75it/s, Materializing param=gpt_neox.layers.0.mlp.dense_4h_to_h.bias]
Loading weights:   4%|4         | 12/292 [00:00<00:00, 1051.95it/s, Materializing param=gpt_neox.layers.0.mlp.dense_4h_to_h.weight]
Loading weights:   4%|4         | 12/292 [00:00<00:00, 1027.39it/s, Materializing param=gpt_neox.layers.0.mlp.dense_4h_to_h.weight]
Loading weights:   4%|4         | 13/292 [00:00<00:00, 887.84it/s, Materializing param=gpt_neox.layers.0.mlp.dense_h_to_4h.bias]   
Loading weights:   4%|4         | 13/292 [00:00<00:00, 876.17it/s, Materializing param=gpt_neox.layers.0.mlp.dense_h_to_4h.bias]
Loading weights:   5%|4         | 14/292 [00:00<00:00, 875.42it/s, Materializing param=gpt_neox.layers.0.mlp.dense_h_to_4h.weight]
Loading weights:   5%|4         | 14/292 [00:00<00:00, 859.25it/s, Materializing param=gpt_neox.layers.0.mlp.dense_h_to_4h.weight]
Loading weights:   5%|5         | 15/292 [00:00<00:00, 902.63it/s, Materializing param=gpt_neox.layers.0.post_attention_layernorm.bias]
Loading weights:   5%|5         | 15/292 [00:00<00:00, 857.88it/s, Materializing param=gpt_neox.layers.0.post_attention_layernorm.bias]
Loading weights:   5%|5         | 16/292 [00:00<00:00, 899.25it/s, Materializing param=gpt_neox.layers.0.post_attention_layernorm.weight]
Loading weights:   5%|5         | 16/292 [00:00<00:00, 895.57it/s, Materializing param=gpt_neox.layers.0.post_attention_layernorm.weight]
Loading weights:   6%|5         | 17/292 [00:00<00:00, 927.46it/s, Materializing param=gpt_neox.layers.1.attention.dense.bias]           
Loading weights:   6%|5         | 17/292 [00:00<00:00, 920.20it/s, Materializing param=gpt_neox.layers.1.attention.dense.bias]
Loading weights:   6%|6         | 18/292 [00:00<00:00, 959.42it/s, Materializing param=gpt_neox.layers.1.attention.dense.weight]
Loading weights:   6%|6         | 18/292 [00:00<00:00, 956.02it/s, Materializing param=gpt_neox.layers.1.attention.dense.weight]
Loading weights:   7%|6         | 19/292 [00:00<00:00, 985.30it/s, Materializing param=gpt_neox.layers.1.attention.query_key_value.bias]
Loading weights:   7%|6         | 19/292 [00:00<00:00, 981.70it/s, Materializing param=gpt_neox.layers.1.attention.query_key_value.bias]
Loading weights:   7%|6         | 20/292 [00:00<00:00, 1012.32it/s, Materializing param=gpt_neox.layers.1.attention.query_key_value.weight]
Loading weights:   7%|6         | 20/292 [00:00<00:00, 1008.96it/s, Materializing param=gpt_neox.layers.1.attention.query_key_value.weight]
Loading weights:   7%|7         | 21/292 [00:00<00:00, 1050.39it/s, Materializing param=gpt_neox.layers.1.input_layernorm.bias]            
Loading weights:   7%|7         | 21/292 [00:00<00:00, 1046.68it/s, Materializing param=gpt_neox.layers.1.input_layernorm.bias]
Loading weights:   8%|7         | 22/292 [00:00<00:00, 1077.48it/s, Materializing param=gpt_neox.layers.1.input_layernorm.weight]
Loading weights:   8%|7         | 22/292 [00:00<00:00, 1061.17it/s, Materializing param=gpt_neox.layers.1.input_layernorm.weight]
Loading weights:   8%|7         | 23/292 [00:00<00:00, 1076.76it/s, Materializing param=gpt_neox.layers.1.mlp.dense_4h_to_h.bias]
Loading weights:   8%|7         | 23/292 [00:00<00:00, 1058.68it/s, Materializing param=gpt_neox.layers.1.mlp.dense_4h_to_h.bias]
Loading weights:   8%|8         | 24/292 [00:00<00:00, 1091.02it/s, Materializing param=gpt_neox.layers.1.mlp.dense_4h_to_h.weight]
Loading weights:   8%|8         | 24/292 [00:00<00:00, 1082.80it/s, Materializing param=gpt_neox.layers.1.mlp.dense_4h_to_h.weight]
Loading weights:   9%|8         | 25/292 [00:00<00:00, 1102.64it/s, Materializing param=gpt_neox.layers.1.mlp.dense_h_to_4h.bias]  
Loading weights:   9%|8         | 25/292 [00:00<00:00, 1085.03it/s, Materializing param=gpt_neox.layers.1.mlp.dense_h_to_4h.bias]
Loading weights:   9%|8         | 26/292 [00:00<00:00, 1108.71it/s, Materializing param=gpt_neox.layers.1.mlp.dense_h_to_4h.weight]
Loading weights:   9%|8         | 26/292 [00:00<00:00, 1103.61it/s, Materializing param=gpt_neox.layers.1.mlp.dense_h_to_4h.weight]
Loading weights:   9%|9         | 27/292 [00:00<00:00, 1132.35it/s, Materializing param=gpt_neox.layers.1.post_attention_layernorm.bias]
Loading weights:   9%|9         | 27/292 [00:00<00:00, 1096.70it/s, Materializing param=gpt_neox.layers.1.post_attention_layernorm.bias]
Loading weights:  10%|9         | 28/292 [00:00<00:00, 1120.26it/s, Materializing param=gpt_neox.layers.1.post_attention_layernorm.weight]
Loading weights:  10%|9         | 28/292 [00:00<00:00, 1113.73it/s, Materializing param=gpt_neox.layers.1.post_attention_layernorm.weight]
Loading weights:  10%|9         | 29/292 [00:00<00:00, 1134.53it/s, Materializing param=gpt_neox.layers.2.attention.dense.bias]           
Loading weights:  10%|9         | 29/292 [00:00<00:00, 1122.06it/s, Materializing param=gpt_neox.layers.2.attention.dense.bias]
Loading weights:  10%|#         | 30/292 [00:00<00:00, 1127.23it/s, Materializing param=gpt_neox.layers.2.attention.dense.weight]
Loading weights:  10%|#         | 30/292 [00:00<00:00, 1108.77it/s, Materializing param=gpt_neox.layers.2.attention.dense.weight]
Loading weights:  11%|#         | 31/292 [00:00<00:00, 1125.51it/s, Materializing param=gpt_neox.layers.2.attention.query_key_value.bias]
Loading weights:  11%|#         | 31/292 [00:00<00:00, 1110.01it/s, Materializing param=gpt_neox.layers.2.attention.query_key_value.bias]
Loading weights:  11%|#         | 32/292 [00:00<00:00, 1130.63it/s, Materializing param=gpt_neox.layers.2.attention.query_key_value.weight]
Loading weights:  11%|#         | 32/292 [00:00<00:00, 1108.02it/s, Materializing param=gpt_neox.layers.2.attention.query_key_value.weight]
Loading weights:  11%|#1        | 33/292 [00:00<00:00, 1105.36it/s, Materializing param=gpt_neox.layers.2.input_layernorm.bias]            
Loading weights:  11%|#1        | 33/292 [00:00<00:00, 1089.73it/s, Materializing param=gpt_neox.layers.2.input_layernorm.bias]
Loading weights:  12%|#1        | 34/292 [00:00<00:00, 1060.42it/s, Materializing param=gpt_neox.layers.2.input_layernorm.weight]
Loading weights:  12%|#1        | 34/292 [00:00<00:00, 1057.06it/s, Materializing param=gpt_neox.layers.2.input_layernorm.weight]
Loading weights:  12%|#1        | 35/292 [00:00<00:00, 1077.76it/s, Materializing param=gpt_neox.layers.2.mlp.dense_4h_to_h.bias]
Loading weights:  12%|#1        | 35/292 [00:00<00:00, 1075.49it/s, Materializing param=gpt_neox.layers.2.mlp.dense_4h_to_h.bias]
Loading weights:  12%|#2        | 36/292 [00:00<00:00, 1095.64it/s, Materializing param=gpt_neox.layers.2.mlp.dense_4h_to_h.weight]
Loading weights:  12%|#2        | 36/292 [00:00<00:00, 1065.78it/s, Materializing param=gpt_neox.layers.2.mlp.dense_4h_to_h.weight]
Loading weights:  13%|#2        | 37/292 [00:00<00:00, 1083.63it/s, Materializing param=gpt_neox.layers.2.mlp.dense_h_to_4h.bias]  
Loading weights:  13%|#2        | 37/292 [00:00<00:00, 1075.85it/s, Materializing param=gpt_neox.layers.2.mlp.dense_h_to_4h.bias]
Loading weights:  13%|#3        | 38/292 [00:00<00:00, 1093.29it/s, Materializing param=gpt_neox.layers.2.mlp.dense_h_to_4h.weight]
Loading weights:  13%|#3        | 38/292 [00:00<00:00, 1085.44it/s, Materializing param=gpt_neox.layers.2.mlp.dense_h_to_4h.weight]
Loading weights:  13%|#3        | 39/292 [00:00<00:00, 1104.41it/s, Materializing param=gpt_neox.layers.2.post_attention_layernorm.bias]
Loading weights:  13%|#3        | 39/292 [00:00<00:00, 1092.59it/s, Materializing param=gpt_neox.layers.2.post_attention_layernorm.bias]
Loading weights:  14%|#3        | 40/292 [00:00<00:00, 1115.27it/s, Materializing param=gpt_neox.layers.2.post_attention_layernorm.weight]
Loading weights:  14%|#3        | 40/292 [00:00<00:00, 1108.80it/s, Materializing param=gpt_neox.layers.2.post_attention_layernorm.weight]
Loading weights:  14%|#4        | 41/292 [00:00<00:00, 1126.95it/s, Materializing param=gpt_neox.layers.3.attention.dense.bias]           
Loading weights:  14%|#4        | 41/292 [00:00<00:00, 1122.68it/s, Materializing param=gpt_neox.layers.3.attention.dense.bias]
Loading weights:  14%|#4        | 42/292 [00:00<00:00, 1117.71it/s, Materializing param=gpt_neox.layers.3.attention.dense.weight]
Loading weights:  14%|#4        | 42/292 [00:00<00:00, 1102.60it/s, Materializing param=gpt_neox.layers.3.attention.dense.weight]
Loading weights:  15%|#4        | 43/292 [00:00<00:00, 1116.40it/s, Materializing param=gpt_neox.layers.3.attention.query_key_value.bias]
Loading weights:  15%|#4        | 43/292 [00:00<00:00, 1112.80it/s, Materializing param=gpt_neox.layers.3.attention.query_key_value.bias]
Loading weights:  15%|#5        | 44/292 [00:00<00:00, 1093.30it/s, Materializing param=gpt_neox.layers.3.attention.query_key_value.weight]
Loading weights:  15%|#5        | 44/292 [00:00<00:00, 1090.77it/s, Materializing param=gpt_neox.layers.3.attention.query_key_value.weight]
Loading weights:  15%|#5        | 45/292 [00:00<00:00, 1091.91it/s, Materializing param=gpt_neox.layers.3.input_layernorm.bias]            
Loading weights:  15%|#5        | 45/292 [00:00<00:00, 1070.68it/s, Materializing param=gpt_neox.layers.3.input_layernorm.bias]
Loading weights:  16%|#5        | 46/292 [00:00<00:00, 1081.89it/s, Materializing param=gpt_neox.layers.3.input_layernorm.weight]
Loading weights:  16%|#5        | 46/292 [00:00<00:00, 1078.32it/s, Materializing param=gpt_neox.layers.3.input_layernorm.weight]
Loading weights:  16%|#6        | 47/292 [00:00<00:00, 1091.93it/s, Materializing param=gpt_neox.layers.3.mlp.dense_4h_to_h.bias]
Loading weights:  16%|#6        | 47/292 [00:00<00:00, 1090.29it/s, Materializing param=gpt_neox.layers.3.mlp.dense_4h_to_h.bias]
Loading weights:  16%|#6        | 48/292 [00:00<00:00, 1110.31it/s, Materializing param=gpt_neox.layers.3.mlp.dense_4h_to_h.weight]
Loading weights:  16%|#6        | 48/292 [00:00<00:00, 1108.73it/s, Materializing param=gpt_neox.layers.3.mlp.dense_4h_to_h.weight]
Loading weights:  17%|#6        | 49/292 [00:00<00:00, 1128.85it/s, Materializing param=gpt_neox.layers.3.mlp.dense_h_to_4h.bias]  
Loading weights:  17%|#6        | 49/292 [00:00<00:00, 1127.28it/s, Materializing param=gpt_neox.layers.3.mlp.dense_h_to_4h.bias]
Loading weights:  17%|#7        | 50/292 [00:00<00:00, 1145.97it/s, Materializing param=gpt_neox.layers.3.mlp.dense_h_to_4h.weight]
Loading weights:  17%|#7        | 50/292 [00:00<00:00, 1144.27it/s, Materializing param=gpt_neox.layers.3.mlp.dense_h_to_4h.weight]
Loading weights:  17%|#7        | 51/292 [00:00<00:00, 1164.06it/s, Materializing param=gpt_neox.layers.3.post_attention_layernorm.bias]
Loading weights:  17%|#7        | 51/292 [00:00<00:00, 1162.45it/s, Materializing param=gpt_neox.layers.3.post_attention_layernorm.bias]
Loading weights:  18%|#7        | 52/292 [00:00<00:00, 1182.34it/s, Materializing param=gpt_neox.layers.3.post_attention_layernorm.weight]
Loading weights:  18%|#7        | 52/292 [00:00<00:00, 1180.74it/s, Materializing param=gpt_neox.layers.3.post_attention_layernorm.weight]
Loading weights:  18%|#8        | 53/292 [00:00<00:00, 1199.51it/s, Materializing param=gpt_neox.layers.4.attention.dense.bias]           
Loading weights:  18%|#8        | 53/292 [00:00<00:00, 1197.89it/s, Materializing param=gpt_neox.layers.4.attention.dense.bias]
Loading weights:  18%|#8        | 54/292 [00:00<00:00, 1217.40it/s, Materializing param=gpt_neox.layers.4.attention.dense.weight]
Loading weights:  18%|#8        | 54/292 [00:00<00:00, 1215.81it/s, Materializing param=gpt_neox.layers.4.attention.dense.weight]
Loading weights:  19%|#8        | 55/292 [00:00<00:00, 1235.42it/s, Materializing param=gpt_neox.layers.4.attention.query_key_value.bias]
Loading weights:  19%|#8        | 55/292 [00:00<00:00, 1233.80it/s, Materializing param=gpt_neox.layers.4.attention.query_key_value.bias]
Loading weights:  19%|#9        | 56/292 [00:00<00:00, 1253.31it/s, Materializing param=gpt_neox.layers.4.attention.query_key_value.weight]
Loading weights:  19%|#9        | 56/292 [00:00<00:00, 1251.73it/s, Materializing param=gpt_neox.layers.4.attention.query_key_value.weight]
Loading weights:  20%|#9        | 57/292 [00:00<00:00, 1271.26it/s, Materializing param=gpt_neox.layers.4.input_layernorm.bias]            
Loading weights:  20%|#9        | 57/292 [00:00<00:00, 1269.68it/s, Materializing param=gpt_neox.layers.4.input_layernorm.bias]
Loading weights:  20%|#9        | 58/292 [00:00<00:00, 1287.74it/s, Materializing param=gpt_neox.layers.4.input_layernorm.weight]
Loading weights:  20%|#9        | 58/292 [00:00<00:00, 1285.79it/s, Materializing param=gpt_neox.layers.4.input_layernorm.weight]
Loading weights:  20%|##        | 59/292 [00:00<00:00, 1304.49it/s, Materializing param=gpt_neox.layers.4.mlp.dense_4h_to_h.bias]
Loading weights:  20%|##        | 59/292 [00:00<00:00, 1302.72it/s, Materializing param=gpt_neox.layers.4.mlp.dense_4h_to_h.bias]
Loading weights:  21%|##        | 60/292 [00:00<00:00, 1320.97it/s, Materializing param=gpt_neox.layers.4.mlp.dense_4h_to_h.weight]
Loading weights:  21%|##        | 60/292 [00:00<00:00, 1319.13it/s, Materializing param=gpt_neox.layers.4.mlp.dense_4h_to_h.weight]
Loading weights:  21%|##        | 61/292 [00:00<00:00, 1337.38it/s, Materializing param=gpt_neox.layers.4.mlp.dense_h_to_4h.bias]  
Loading weights:  21%|##        | 61/292 [00:00<00:00, 1335.48it/s, Materializing param=gpt_neox.layers.4.mlp.dense_h_to_4h.bias]
Loading weights:  21%|##1       | 62/292 [00:00<00:00, 1353.71it/s, Materializing param=gpt_neox.layers.4.mlp.dense_h_to_4h.weight]
Loading weights:  21%|##1       | 62/292 [00:00<00:00, 1351.89it/s, Materializing param=gpt_neox.layers.4.mlp.dense_h_to_4h.weight]
Loading weights:  22%|##1       | 63/292 [00:00<00:00, 1369.58it/s, Materializing param=gpt_neox.layers.4.post_attention_layernorm.bias]
Loading weights:  22%|##1       | 63/292 [00:00<00:00, 1367.63it/s, Materializing param=gpt_neox.layers.4.post_attention_layernorm.bias]
Loading weights:  22%|##1       | 64/292 [00:00<00:00, 1385.55it/s, Materializing param=gpt_neox.layers.4.post_attention_layernorm.weight]
Loading weights:  22%|##1       | 64/292 [00:00<00:00, 1383.71it/s, Materializing param=gpt_neox.layers.4.post_attention_layernorm.weight]
Loading weights:  22%|##2       | 65/292 [00:00<00:00, 1399.71it/s, Materializing param=gpt_neox.layers.5.attention.dense.bias]           
Loading weights:  22%|##2       | 65/292 [00:00<00:00, 1397.22it/s, Materializing param=gpt_neox.layers.5.attention.dense.bias]
Loading weights:  23%|##2       | 66/292 [00:00<00:00, 1414.58it/s, Materializing param=gpt_neox.layers.5.attention.dense.weight]
Loading weights:  23%|##2       | 66/292 [00:00<00:00, 1412.64it/s, Materializing param=gpt_neox.layers.5.attention.dense.weight]
Loading weights:  23%|##2       | 67/292 [00:00<00:00, 1430.52it/s, Materializing param=gpt_neox.layers.5.attention.query_key_value.bias]
Loading weights:  23%|##2       | 67/292 [00:00<00:00, 1428.63it/s, Materializing param=gpt_neox.layers.5.attention.query_key_value.bias]
Loading weights:  23%|##3       | 68/292 [00:00<00:00, 1446.38it/s, Materializing param=gpt_neox.layers.5.attention.query_key_value.weight]
Loading weights:  23%|##3       | 68/292 [00:00<00:00, 1444.53it/s, Materializing param=gpt_neox.layers.5.attention.query_key_value.weight]
Loading weights:  24%|##3       | 69/292 [00:00<00:00, 1462.32it/s, Materializing param=gpt_neox.layers.5.input_layernorm.bias]            
Loading weights:  24%|##3       | 69/292 [00:00<00:00, 1460.11it/s, Materializing param=gpt_neox.layers.5.input_layernorm.bias]
Loading weights:  24%|##3       | 70/292 [00:00<00:00, 1477.77it/s, Materializing param=gpt_neox.layers.5.input_layernorm.weight]
Loading weights:  24%|##3       | 70/292 [00:00<00:00, 1475.90it/s, Materializing param=gpt_neox.layers.5.input_layernorm.weight]
Loading weights:  24%|##4       | 71/292 [00:00<00:00, 1493.53it/s, Materializing param=gpt_neox.layers.5.mlp.dense_4h_to_h.bias]
Loading weights:  24%|##4       | 71/292 [00:00<00:00, 1491.69it/s, Materializing param=gpt_neox.layers.5.mlp.dense_4h_to_h.bias]
Loading weights:  25%|##4       | 72/292 [00:00<00:00, 1509.29it/s, Materializing param=gpt_neox.layers.5.mlp.dense_4h_to_h.weight]
Loading weights:  25%|##4       | 72/292 [00:00<00:00, 1507.39it/s, Materializing param=gpt_neox.layers.5.mlp.dense_4h_to_h.weight]
Loading weights:  25%|##5       | 73/292 [00:00<00:00, 1524.78it/s, Materializing param=gpt_neox.layers.5.mlp.dense_h_to_4h.bias]  
Loading weights:  25%|##5       | 73/292 [00:00<00:00, 1522.96it/s, Materializing param=gpt_neox.layers.5.mlp.dense_h_to_4h.bias]
Loading weights:  25%|##5       | 74/292 [00:00<00:00, 1540.51it/s, Materializing param=gpt_neox.layers.5.mlp.dense_h_to_4h.weight]
Loading weights:  25%|##5       | 74/292 [00:00<00:00, 1538.45it/s, Materializing param=gpt_neox.layers.5.mlp.dense_h_to_4h.weight]
Loading weights:  26%|##5       | 75/292 [00:00<00:00, 1555.85it/s, Materializing param=gpt_neox.layers.5.post_attention_layernorm.bias]
Loading weights:  26%|##5       | 75/292 [00:00<00:00, 1553.95it/s, Materializing param=gpt_neox.layers.5.post_attention_layernorm.bias]
Loading weights:  26%|##6       | 76/292 [00:00<00:00, 1571.26it/s, Materializing param=gpt_neox.layers.5.post_attention_layernorm.weight]
Loading weights:  26%|##6       | 76/292 [00:00<00:00, 1569.41it/s, Materializing param=gpt_neox.layers.5.post_attention_layernorm.weight]
Loading weights:  26%|##6       | 77/292 [00:00<00:00, 1586.71it/s, Materializing param=gpt_neox.layers.6.attention.dense.bias]           
Loading weights:  26%|##6       | 77/292 [00:00<00:00, 1584.86it/s, Materializing param=gpt_neox.layers.6.attention.dense.bias]
Loading weights:  27%|##6       | 78/292 [00:00<00:00, 1601.99it/s, Materializing param=gpt_neox.layers.6.attention.dense.weight]
Loading weights:  27%|##6       | 78/292 [00:00<00:00, 1600.12it/s, Materializing param=gpt_neox.layers.6.attention.dense.weight]
Loading weights:  27%|##7       | 79/292 [00:00<00:00, 1617.25it/s, Materializing param=gpt_neox.layers.6.attention.query_key_value.bias]
Loading weights:  27%|##7       | 79/292 [00:00<00:00, 1615.24it/s, Materializing param=gpt_neox.layers.6.attention.query_key_value.bias]
Loading weights:  27%|##7       | 80/292 [00:00<00:00, 1631.98it/s, Materializing param=gpt_neox.layers.6.attention.query_key_value.weight]
Loading weights:  27%|##7       | 80/292 [00:00<00:00, 1630.03it/s, Materializing param=gpt_neox.layers.6.attention.query_key_value.weight]
Loading weights:  28%|##7       | 81/292 [00:00<00:00, 1646.91it/s, Materializing param=gpt_neox.layers.6.input_layernorm.bias]            
Loading weights:  28%|##7       | 81/292 [00:00<00:00, 1644.98it/s, Materializing param=gpt_neox.layers.6.input_layernorm.bias]
Loading weights:  28%|##8       | 82/292 [00:00<00:00, 1661.83it/s, Materializing param=gpt_neox.layers.6.input_layernorm.weight]
Loading weights:  28%|##8       | 82/292 [00:00<00:00, 1659.92it/s, Materializing param=gpt_neox.layers.6.input_layernorm.weight]
Loading weights:  28%|##8       | 83/292 [00:00<00:00, 1676.74it/s, Materializing param=gpt_neox.layers.6.mlp.dense_4h_to_h.bias]
Loading weights:  28%|##8       | 83/292 [00:00<00:00, 1674.82it/s, Materializing param=gpt_neox.layers.6.mlp.dense_4h_to_h.bias]
Loading weights:  29%|##8       | 84/292 [00:00<00:00, 1691.48it/s, Materializing param=gpt_neox.layers.6.mlp.dense_4h_to_h.weight]
Loading weights:  29%|##8       | 84/292 [00:00<00:00, 1689.55it/s, Materializing param=gpt_neox.layers.6.mlp.dense_4h_to_h.weight]
Loading weights:  29%|##9       | 85/292 [00:00<00:00, 1706.13it/s, Materializing param=gpt_neox.layers.6.mlp.dense_h_to_4h.bias]  
Loading weights:  29%|##9       | 85/292 [00:00<00:00, 1704.16it/s, Materializing param=gpt_neox.layers.6.mlp.dense_h_to_4h.bias]
Loading weights:  29%|##9       | 86/292 [00:00<00:00, 1720.72it/s, Materializing param=gpt_neox.layers.6.mlp.dense_h_to_4h.weight]
Loading weights:  29%|##9       | 86/292 [00:00<00:00, 1718.76it/s, Materializing param=gpt_neox.layers.6.mlp.dense_h_to_4h.weight]
Loading weights:  30%|##9       | 87/292 [00:00<00:00, 1734.91it/s, Materializing param=gpt_neox.layers.6.post_attention_layernorm.bias]
Loading weights:  30%|##9       | 87/292 [00:00<00:00, 1732.97it/s, Materializing param=gpt_neox.layers.6.post_attention_layernorm.bias]
Loading weights:  30%|###       | 88/292 [00:00<00:00, 1749.43it/s, Materializing param=gpt_neox.layers.6.post_attention_layernorm.weight]
Loading weights:  30%|###       | 88/292 [00:00<00:00, 1747.52it/s, Materializing param=gpt_neox.layers.6.post_attention_layernorm.weight]
Loading weights:  30%|###       | 89/292 [00:00<00:00, 1763.97it/s, Materializing param=gpt_neox.layers.7.attention.dense.bias]           
Loading weights:  30%|###       | 89/292 [00:00<00:00, 1761.98it/s, Materializing param=gpt_neox.layers.7.attention.dense.bias]
Loading weights:  31%|###       | 90/292 [00:00<00:00, 1778.11it/s, Materializing param=gpt_neox.layers.7.attention.dense.weight]
Loading weights:  31%|###       | 90/292 [00:00<00:00, 1776.12it/s, Materializing param=gpt_neox.layers.7.attention.dense.weight]
Loading weights:  31%|###1      | 91/292 [00:00<00:00, 1792.27it/s, Materializing param=gpt_neox.layers.7.attention.query_key_value.bias]
Loading weights:  31%|###1      | 91/292 [00:00<00:00, 1790.24it/s, Materializing param=gpt_neox.layers.7.attention.query_key_value.bias]
Loading weights:  32%|###1      | 92/292 [00:00<00:00, 1806.27it/s, Materializing param=gpt_neox.layers.7.attention.query_key_value.weight]
Loading weights:  32%|###1      | 92/292 [00:00<00:00, 1804.23it/s, Materializing param=gpt_neox.layers.7.attention.query_key_value.weight]
Loading weights:  32%|###1      | 93/292 [00:00<00:00, 1820.19it/s, Materializing param=gpt_neox.layers.7.input_layernorm.bias]            
Loading weights:  32%|###1      | 93/292 [00:00<00:00, 1818.16it/s, Materializing param=gpt_neox.layers.7.input_layernorm.bias]
Loading weights:  32%|###2      | 94/292 [00:00<00:00, 1834.10it/s, Materializing param=gpt_neox.layers.7.input_layernorm.weight]
Loading weights:  32%|###2      | 94/292 [00:00<00:00, 1832.03it/s, Materializing param=gpt_neox.layers.7.input_layernorm.weight]
Loading weights:  33%|###2      | 95/292 [00:00<00:00, 1847.93it/s, Materializing param=gpt_neox.layers.7.mlp.dense_4h_to_h.bias]
Loading weights:  33%|###2      | 95/292 [00:00<00:00, 1845.88it/s, Materializing param=gpt_neox.layers.7.mlp.dense_4h_to_h.bias]
Loading weights:  33%|###2      | 96/292 [00:00<00:00, 1861.61it/s, Materializing param=gpt_neox.layers.7.mlp.dense_4h_to_h.weight]
Loading weights:  33%|###2      | 96/292 [00:00<00:00, 1859.54it/s, Materializing param=gpt_neox.layers.7.mlp.dense_4h_to_h.weight]
Loading weights:  33%|###3      | 97/292 [00:00<00:00, 1875.03it/s, Materializing param=gpt_neox.layers.7.mlp.dense_h_to_4h.bias]  
Loading weights:  33%|###3      | 97/292 [00:00<00:00, 1872.89it/s, Materializing param=gpt_neox.layers.7.mlp.dense_h_to_4h.bias]
Loading weights:  34%|###3      | 98/292 [00:00<00:00, 1888.43it/s, Materializing param=gpt_neox.layers.7.mlp.dense_h_to_4h.weight]
Loading weights:  34%|###3      | 98/292 [00:00<00:00, 1886.34it/s, Materializing param=gpt_neox.layers.7.mlp.dense_h_to_4h.weight]
Loading weights:  34%|###3      | 99/292 [00:00<00:00, 1901.89it/s, Materializing param=gpt_neox.layers.7.post_attention_layernorm.bias]
Loading weights:  34%|###3      | 99/292 [00:00<00:00, 1899.54it/s, Materializing param=gpt_neox.layers.7.post_attention_layernorm.bias]
Loading weights:  34%|###4      | 100/292 [00:00<00:00, 1914.91it/s, Materializing param=gpt_neox.layers.7.post_attention_layernorm.weight]
Loading weights:  34%|###4      | 100/292 [00:00<00:00, 1912.78it/s, Materializing param=gpt_neox.layers.7.post_attention_layernorm.weight]
Loading weights:  35%|###4      | 101/292 [00:00<00:00, 1928.16it/s, Materializing param=gpt_neox.layers.8.attention.dense.bias]           
Loading weights:  35%|###4      | 101/292 [00:00<00:00, 1926.07it/s, Materializing param=gpt_neox.layers.8.attention.dense.bias]
Loading weights:  35%|###4      | 102/292 [00:00<00:00, 1941.27it/s, Materializing param=gpt_neox.layers.8.attention.dense.weight]
Loading weights:  35%|###4      | 102/292 [00:00<00:00, 1939.14it/s, Materializing param=gpt_neox.layers.8.attention.dense.weight]
Loading weights:  35%|###5      | 103/292 [00:00<00:00, 1954.35it/s, Materializing param=gpt_neox.layers.8.attention.query_key_value.bias]
Loading weights:  35%|###5      | 103/292 [00:00<00:00, 1952.14it/s, Materializing param=gpt_neox.layers.8.attention.query_key_value.bias]
Loading weights:  36%|###5      | 104/292 [00:00<00:00, 1967.34it/s, Materializing param=gpt_neox.layers.8.attention.query_key_value.weight]
Loading weights:  36%|###5      | 104/292 [00:00<00:00, 1965.05it/s, Materializing param=gpt_neox.layers.8.attention.query_key_value.weight]
Loading weights:  36%|###5      | 105/292 [00:00<00:00, 1979.57it/s, Materializing param=gpt_neox.layers.8.input_layernorm.bias]            
Loading weights:  36%|###5      | 105/292 [00:00<00:00, 1977.41it/s, Materializing param=gpt_neox.layers.8.input_layernorm.bias]
Loading weights:  36%|###6      | 106/292 [00:00<00:00, 1990.62it/s, Materializing param=gpt_neox.layers.8.input_layernorm.weight]
Loading weights:  36%|###6      | 106/292 [00:00<00:00, 1986.09it/s, Materializing param=gpt_neox.layers.8.input_layernorm.weight]
Loading weights:  37%|###6      | 107/292 [00:00<00:00, 1997.01it/s, Materializing param=gpt_neox.layers.8.mlp.dense_4h_to_h.bias]
Loading weights:  37%|###6      | 107/292 [00:00<00:00, 1994.39it/s, Materializing param=gpt_neox.layers.8.mlp.dense_4h_to_h.bias]
Loading weights:  37%|###6      | 108/292 [00:00<00:00, 2007.70it/s, Materializing param=gpt_neox.layers.8.mlp.dense_4h_to_h.weight]
Loading weights:  37%|###6      | 108/292 [00:00<00:00, 2005.25it/s, Materializing param=gpt_neox.layers.8.mlp.dense_4h_to_h.weight]
Loading weights:  37%|###7      | 109/292 [00:00<00:00, 2009.39it/s, Materializing param=gpt_neox.layers.8.mlp.dense_h_to_4h.bias]  
Loading weights:  37%|###7      | 109/292 [00:00<00:00, 2004.36it/s, Materializing param=gpt_neox.layers.8.mlp.dense_h_to_4h.bias]
Loading weights:  38%|###7      | 110/292 [00:00<00:00, 2012.64it/s, Materializing param=gpt_neox.layers.8.mlp.dense_h_to_4h.weight]
Loading weights:  38%|###7      | 110/292 [00:00<00:00, 2002.61it/s, Materializing param=gpt_neox.layers.8.mlp.dense_h_to_4h.weight]
Loading weights:  38%|###8      | 111/292 [00:00<00:00, 2010.93it/s, Materializing param=gpt_neox.layers.8.post_attention_layernorm.bias]
Loading weights:  38%|###8      | 111/292 [00:00<00:00, 2003.54it/s, Materializing param=gpt_neox.layers.8.post_attention_layernorm.bias]
Loading weights:  38%|###8      | 112/292 [00:00<00:00, 2007.32it/s, Materializing param=gpt_neox.layers.8.post_attention_layernorm.weight]
Loading weights:  38%|###8      | 112/292 [00:00<00:00, 2002.38it/s, Materializing param=gpt_neox.layers.8.post_attention_layernorm.weight]
Loading weights:  39%|###8      | 113/292 [00:00<00:00, 2010.28it/s, Materializing param=gpt_neox.layers.9.attention.dense.bias]           
Loading weights:  39%|###8      | 113/292 [00:00<00:00, 2006.54it/s, Materializing param=gpt_neox.layers.9.attention.dense.bias]
Loading weights:  39%|###9      | 114/292 [00:00<00:00, 2005.51it/s, Materializing param=gpt_neox.layers.9.attention.dense.weight]
Loading weights:  39%|###9      | 114/292 [00:00<00:00, 2000.49it/s, Materializing param=gpt_neox.layers.9.attention.dense.weight]
Loading weights:  39%|###9      | 115/292 [00:00<00:00, 2009.65it/s, Materializing param=gpt_neox.layers.9.attention.query_key_value.bias]
Loading weights:  39%|###9      | 115/292 [00:00<00:00, 2000.76it/s, Materializing param=gpt_neox.layers.9.attention.query_key_value.bias]
Loading weights:  40%|###9      | 116/292 [00:00<00:00, 2005.71it/s, Materializing param=gpt_neox.layers.9.attention.query_key_value.weight]
Loading weights:  40%|###9      | 116/292 [00:00<00:00, 1999.66it/s, Materializing param=gpt_neox.layers.9.attention.query_key_value.weight]
Loading weights:  40%|####      | 117/292 [00:00<00:00, 2000.58it/s, Materializing param=gpt_neox.layers.9.input_layernorm.bias]            
Loading weights:  40%|####      | 117/292 [00:00<00:00, 1995.88it/s, Materializing param=gpt_neox.layers.9.input_layernorm.bias]
Loading weights:  40%|####      | 118/292 [00:00<00:00, 2002.52it/s, Materializing param=gpt_neox.layers.9.input_layernorm.weight]
Loading weights:  40%|####      | 118/292 [00:00<00:00, 1992.61it/s, Materializing param=gpt_neox.layers.9.input_layernorm.weight]
Loading weights:  41%|####      | 119/292 [00:00<00:00, 2000.39it/s, Materializing param=gpt_neox.layers.9.mlp.dense_4h_to_h.bias]
Loading weights:  41%|####      | 119/292 [00:00<00:00, 1989.77it/s, Materializing param=gpt_neox.layers.9.mlp.dense_4h_to_h.bias]
Loading weights:  41%|####1     | 120/292 [00:00<00:00, 1991.38it/s, Materializing param=gpt_neox.layers.9.mlp.dense_4h_to_h.weight]
Loading weights:  41%|####1     | 120/292 [00:00<00:00, 1987.80it/s, Materializing param=gpt_neox.layers.9.mlp.dense_4h_to_h.weight]
Loading weights:  41%|####1     | 121/292 [00:00<00:00, 1996.08it/s, Materializing param=gpt_neox.layers.9.mlp.dense_h_to_4h.bias]  
Loading weights:  41%|####1     | 121/292 [00:00<00:00, 1991.53it/s, Materializing param=gpt_neox.layers.9.mlp.dense_h_to_4h.bias]
Loading weights:  42%|####1     | 122/292 [00:00<00:00, 2003.93it/s, Materializing param=gpt_neox.layers.9.mlp.dense_h_to_4h.weight]
Loading weights:  42%|####1     | 122/292 [00:00<00:00, 2000.13it/s, Materializing param=gpt_neox.layers.9.mlp.dense_h_to_4h.weight]
Loading weights:  42%|####2     | 123/292 [00:00<00:00, 2003.17it/s, Materializing param=gpt_neox.layers.9.post_attention_layernorm.bias]
Loading weights:  42%|####2     | 123/292 [00:00<00:00, 1990.15it/s, Materializing param=gpt_neox.layers.9.post_attention_layernorm.bias]
Loading weights:  42%|####2     | 124/292 [00:00<00:00, 1999.14it/s, Materializing param=gpt_neox.layers.9.post_attention_layernorm.weight]
Loading weights:  42%|####2     | 124/292 [00:00<00:00, 1996.69it/s, Materializing param=gpt_neox.layers.9.post_attention_layernorm.weight]
Loading weights:  43%|####2     | 125/292 [00:00<00:00, 2008.15it/s, Materializing param=gpt_neox.layers.10.attention.dense.bias]          
Loading weights:  43%|####2     | 125/292 [00:00<00:00, 2006.05it/s, Materializing param=gpt_neox.layers.10.attention.dense.bias]
Loading weights:  43%|####3     | 126/292 [00:00<00:00, 2017.66it/s, Materializing param=gpt_neox.layers.10.attention.dense.weight]
Loading weights:  43%|####3     | 126/292 [00:00<00:00, 2015.58it/s, Materializing param=gpt_neox.layers.10.attention.dense.weight]
Loading weights:  43%|####3     | 127/292 [00:00<00:00, 2027.21it/s, Materializing param=gpt_neox.layers.10.attention.query_key_value.bias]
Loading weights:  43%|####3     | 127/292 [00:00<00:00, 2023.96it/s, Materializing param=gpt_neox.layers.10.attention.query_key_value.bias]
Loading weights:  44%|####3     | 128/292 [00:00<00:00, 2033.49it/s, Materializing param=gpt_neox.layers.10.attention.query_key_value.weight]
Loading weights:  44%|####3     | 128/292 [00:00<00:00, 2031.22it/s, Materializing param=gpt_neox.layers.10.attention.query_key_value.weight]
Loading weights:  44%|####4     | 129/292 [00:00<00:00, 2043.18it/s, Materializing param=gpt_neox.layers.10.input_layernorm.bias]            
Loading weights:  44%|####4     | 129/292 [00:00<00:00, 2041.19it/s, Materializing param=gpt_neox.layers.10.input_layernorm.bias]
Loading weights:  45%|####4     | 130/292 [00:00<00:00, 2053.37it/s, Materializing param=gpt_neox.layers.10.input_layernorm.weight]
Loading weights:  45%|####4     | 130/292 [00:00<00:00, 2051.42it/s, Materializing param=gpt_neox.layers.10.input_layernorm.weight]
Loading weights:  45%|####4     | 131/292 [00:00<00:00, 2063.57it/s, Materializing param=gpt_neox.layers.10.mlp.dense_4h_to_h.bias]
Loading weights:  45%|####4     | 131/292 [00:00<00:00, 2061.66it/s, Materializing param=gpt_neox.layers.10.mlp.dense_4h_to_h.bias]
Loading weights:  45%|####5     | 132/292 [00:00<00:00, 2073.89it/s, Materializing param=gpt_neox.layers.10.mlp.dense_4h_to_h.weight]
Loading weights:  45%|####5     | 132/292 [00:00<00:00, 2071.97it/s, Materializing param=gpt_neox.layers.10.mlp.dense_4h_to_h.weight]
Loading weights:  46%|####5     | 133/292 [00:00<00:00, 2084.17it/s, Materializing param=gpt_neox.layers.10.mlp.dense_h_to_4h.bias]  
Loading weights:  46%|####5     | 133/292 [00:00<00:00, 2082.25it/s, Materializing param=gpt_neox.layers.10.mlp.dense_h_to_4h.bias]
Loading weights:  46%|####5     | 134/292 [00:00<00:00, 2094.33it/s, Materializing param=gpt_neox.layers.10.mlp.dense_h_to_4h.weight]
Loading weights:  46%|####5     | 134/292 [00:00<00:00, 2092.39it/s, Materializing param=gpt_neox.layers.10.mlp.dense_h_to_4h.weight]
Loading weights:  46%|####6     | 135/292 [00:00<00:00, 2104.52it/s, Materializing param=gpt_neox.layers.10.post_attention_layernorm.bias]
Loading weights:  46%|####6     | 135/292 [00:00<00:00, 2102.61it/s, Materializing param=gpt_neox.layers.10.post_attention_layernorm.bias]
Loading weights:  47%|####6     | 136/292 [00:00<00:00, 2114.46it/s, Materializing param=gpt_neox.layers.10.post_attention_layernorm.weight]
Loading weights:  47%|####6     | 136/292 [00:00<00:00, 2112.40it/s, Materializing param=gpt_neox.layers.10.post_attention_layernorm.weight]
Loading weights:  47%|####6     | 137/292 [00:00<00:00, 2124.44it/s, Materializing param=gpt_neox.layers.11.attention.dense.bias]           
Loading weights:  47%|####6     | 137/292 [00:00<00:00, 2122.54it/s, Materializing param=gpt_neox.layers.11.attention.dense.bias]
Loading weights:  47%|####7     | 138/292 [00:00<00:00, 2134.62it/s, Materializing param=gpt_neox.layers.11.attention.dense.weight]
Loading weights:  47%|####7     | 138/292 [00:00<00:00, 2132.69it/s, Materializing param=gpt_neox.layers.11.attention.dense.weight]
Loading weights:  48%|####7     | 139/292 [00:00<00:00, 2144.70it/s, Materializing param=gpt_neox.layers.11.attention.query_key_value.bias]
Loading weights:  48%|####7     | 139/292 [00:00<00:00, 2142.76it/s, Materializing param=gpt_neox.layers.11.attention.query_key_value.bias]
Loading weights:  48%|####7     | 140/292 [00:00<00:00, 2154.74it/s, Materializing param=gpt_neox.layers.11.attention.query_key_value.weight]
Loading weights:  48%|####7     | 140/292 [00:00<00:00, 2152.82it/s, Materializing param=gpt_neox.layers.11.attention.query_key_value.weight]
Loading weights:  48%|####8     | 141/292 [00:00<00:00, 2164.79it/s, Materializing param=gpt_neox.layers.11.input_layernorm.bias]            
Loading weights:  48%|####8     | 141/292 [00:00<00:00, 2162.90it/s, Materializing param=gpt_neox.layers.11.input_layernorm.bias]
Loading weights:  49%|####8     | 142/292 [00:00<00:00, 2174.86it/s, Materializing param=gpt_neox.layers.11.input_layernorm.weight]
Loading weights:  49%|####8     | 142/292 [00:00<00:00, 2172.96it/s, Materializing param=gpt_neox.layers.11.input_layernorm.weight]
Loading weights:  49%|####8     | 143/292 [00:00<00:00, 2184.90it/s, Materializing param=gpt_neox.layers.11.mlp.dense_4h_to_h.bias]
Loading weights:  49%|####8     | 143/292 [00:00<00:00, 2182.94it/s, Materializing param=gpt_neox.layers.11.mlp.dense_4h_to_h.bias]
Loading weights:  49%|####9     | 144/292 [00:00<00:00, 2194.55it/s, Materializing param=gpt_neox.layers.11.mlp.dense_4h_to_h.weight]
Loading weights:  49%|####9     | 144/292 [00:00<00:00, 2192.62it/s, Materializing param=gpt_neox.layers.11.mlp.dense_4h_to_h.weight]
Loading weights:  50%|####9     | 145/292 [00:00<00:00, 2204.38it/s, Materializing param=gpt_neox.layers.11.mlp.dense_h_to_4h.bias]  
Loading weights:  50%|####9     | 145/292 [00:00<00:00, 2202.46it/s, Materializing param=gpt_neox.layers.11.mlp.dense_h_to_4h.bias]
Loading weights:  50%|#####     | 146/292 [00:00<00:00, 2214.26it/s, Materializing param=gpt_neox.layers.11.mlp.dense_h_to_4h.weight]
Loading weights:  50%|#####     | 146/292 [00:00<00:00, 2212.33it/s, Materializing param=gpt_neox.layers.11.mlp.dense_h_to_4h.weight]
Loading weights:  50%|#####     | 147/292 [00:00<00:00, 2224.07it/s, Materializing param=gpt_neox.layers.11.post_attention_layernorm.bias]
Loading weights:  50%|#####     | 147/292 [00:00<00:00, 2222.14it/s, Materializing param=gpt_neox.layers.11.post_attention_layernorm.bias]
Loading weights:  51%|#####     | 148/292 [00:00<00:00, 2233.90it/s, Materializing param=gpt_neox.layers.11.post_attention_layernorm.weight]
Loading weights:  51%|#####     | 148/292 [00:00<00:00, 2232.01it/s, Materializing param=gpt_neox.layers.11.post_attention_layernorm.weight]
Loading weights:  51%|#####1    | 149/292 [00:00<00:00, 2243.38it/s, Materializing param=gpt_neox.layers.12.attention.dense.bias]           
Loading weights:  51%|#####1    | 149/292 [00:00<00:00, 2241.57it/s, Materializing param=gpt_neox.layers.12.attention.dense.bias]
Loading weights:  51%|#####1    | 150/292 [00:00<00:00, 2253.24it/s, Materializing param=gpt_neox.layers.12.attention.dense.weight]
Loading weights:  51%|#####1    | 150/292 [00:00<00:00, 2251.41it/s, Materializing param=gpt_neox.layers.12.attention.dense.weight]
Loading weights:  52%|#####1    | 151/292 [00:00<00:00, 2262.94it/s, Materializing param=gpt_neox.layers.12.attention.query_key_value.bias]
Loading weights:  52%|#####1    | 151/292 [00:00<00:00, 2261.06it/s, Materializing param=gpt_neox.layers.12.attention.query_key_value.bias]
Loading weights:  52%|#####2    | 152/292 [00:00<00:00, 2272.58it/s, Materializing param=gpt_neox.layers.12.attention.query_key_value.weight]
Loading weights:  52%|#####2    | 152/292 [00:00<00:00, 2270.59it/s, Materializing param=gpt_neox.layers.12.attention.query_key_value.weight]
Loading weights:  52%|#####2    | 153/292 [00:00<00:00, 2281.94it/s, Materializing param=gpt_neox.layers.12.input_layernorm.bias]            
Loading weights:  52%|#####2    | 153/292 [00:00<00:00, 2279.97it/s, Materializing param=gpt_neox.layers.12.input_layernorm.bias]
Loading weights:  53%|#####2    | 154/292 [00:00<00:00, 2291.33it/s, Materializing param=gpt_neox.layers.12.input_layernorm.weight]
Loading weights:  53%|#####2    | 154/292 [00:00<00:00, 2289.36it/s, Materializing param=gpt_neox.layers.12.input_layernorm.weight]
Loading weights:  53%|#####3    | 155/292 [00:00<00:00, 2300.48it/s, Materializing param=gpt_neox.layers.12.mlp.dense_4h_to_h.bias]
Loading weights:  53%|#####3    | 155/292 [00:00<00:00, 2298.46it/s, Materializing param=gpt_neox.layers.12.mlp.dense_4h_to_h.bias]
Loading weights:  53%|#####3    | 156/292 [00:00<00:00, 2309.59it/s, Materializing param=gpt_neox.layers.12.mlp.dense_4h_to_h.weight]
Loading weights:  53%|#####3    | 156/292 [00:00<00:00, 2307.61it/s, Materializing param=gpt_neox.layers.12.mlp.dense_4h_to_h.weight]
Loading weights:  54%|#####3    | 157/292 [00:00<00:00, 2318.76it/s, Materializing param=gpt_neox.layers.12.mlp.dense_h_to_4h.bias]  
Loading weights:  54%|#####3    | 157/292 [00:00<00:00, 2316.77it/s, Materializing param=gpt_neox.layers.12.mlp.dense_h_to_4h.bias]
Loading weights:  54%|#####4    | 158/292 [00:00<00:00, 2327.91it/s, Materializing param=gpt_neox.layers.12.mlp.dense_h_to_4h.weight]
Loading weights:  54%|#####4    | 158/292 [00:00<00:00, 2325.92it/s, Materializing param=gpt_neox.layers.12.mlp.dense_h_to_4h.weight]
Loading weights:  54%|#####4    | 159/292 [00:00<00:00, 2337.07it/s, Materializing param=gpt_neox.layers.12.post_attention_layernorm.bias]
Loading weights:  54%|#####4    | 159/292 [00:00<00:00, 2335.06it/s, Materializing param=gpt_neox.layers.12.post_attention_layernorm.bias]
Loading weights:  55%|#####4    | 160/292 [00:00<00:00, 2346.17it/s, Materializing param=gpt_neox.layers.12.post_attention_layernorm.weight]
Loading weights:  55%|#####4    | 160/292 [00:00<00:00, 2344.14it/s, Materializing param=gpt_neox.layers.12.post_attention_layernorm.weight]
Loading weights:  55%|#####5    | 161/292 [00:00<00:00, 2354.96it/s, Materializing param=gpt_neox.layers.13.attention.dense.bias]           
Loading weights:  55%|#####5    | 161/292 [00:00<00:00, 2352.95it/s, Materializing param=gpt_neox.layers.13.attention.dense.bias]
Loading weights:  55%|#####5    | 162/292 [00:00<00:00, 2363.73it/s, Materializing param=gpt_neox.layers.13.attention.dense.weight]
Loading weights:  55%|#####5    | 162/292 [00:00<00:00, 2361.70it/s, Materializing param=gpt_neox.layers.13.attention.dense.weight]
Loading weights:  56%|#####5    | 163/292 [00:00<00:00, 2372.66it/s, Materializing param=gpt_neox.layers.13.attention.query_key_value.bias]
Loading weights:  56%|#####5    | 163/292 [00:00<00:00, 2370.62it/s, Materializing param=gpt_neox.layers.13.attention.query_key_value.bias]
Loading weights:  56%|#####6    | 164/292 [00:00<00:00, 2381.52it/s, Materializing param=gpt_neox.layers.13.attention.query_key_value.weight]
Loading weights:  56%|#####6    | 164/292 [00:00<00:00, 2379.46it/s, Materializing param=gpt_neox.layers.13.attention.query_key_value.weight]
Loading weights:  57%|#####6    | 165/292 [00:00<00:00, 2390.33it/s, Materializing param=gpt_neox.layers.13.input_layernorm.bias]            
Loading weights:  57%|#####6    | 165/292 [00:00<00:00, 2388.32it/s, Materializing param=gpt_neox.layers.13.input_layernorm.bias]
Loading weights:  57%|#####6    | 166/292 [00:00<00:00, 2399.23it/s, Materializing param=gpt_neox.layers.13.input_layernorm.weight]
Loading weights:  57%|#####6    | 166/292 [00:00<00:00, 2397.23it/s, Materializing param=gpt_neox.layers.13.input_layernorm.weight]
Loading weights:  57%|#####7    | 167/292 [00:00<00:00, 2408.13it/s, Materializing param=gpt_neox.layers.13.mlp.dense_4h_to_h.bias]
Loading weights:  57%|#####7    | 167/292 [00:00<00:00, 2406.14it/s, Materializing param=gpt_neox.layers.13.mlp.dense_4h_to_h.bias]
Loading weights:  58%|#####7    | 168/292 [00:00<00:00, 2416.90it/s, Materializing param=gpt_neox.layers.13.mlp.dense_4h_to_h.weight]
Loading weights:  58%|#####7    | 168/292 [00:00<00:00, 2414.91it/s, Materializing param=gpt_neox.layers.13.mlp.dense_4h_to_h.weight]
Loading weights:  58%|#####7    | 169/292 [00:00<00:00, 2425.66it/s, Materializing param=gpt_neox.layers.13.mlp.dense_h_to_4h.bias]  
Loading weights:  58%|#####7    | 169/292 [00:00<00:00, 2423.62it/s, Materializing param=gpt_neox.layers.13.mlp.dense_h_to_4h.bias]
Loading weights:  58%|#####8    | 170/292 [00:00<00:00, 2434.15it/s, Materializing param=gpt_neox.layers.13.mlp.dense_h_to_4h.weight]
Loading weights:  58%|#####8    | 170/292 [00:00<00:00, 2432.10it/s, Materializing param=gpt_neox.layers.13.mlp.dense_h_to_4h.weight]
Loading weights:  59%|#####8    | 171/292 [00:00<00:00, 2442.59it/s, Materializing param=gpt_neox.layers.13.post_attention_layernorm.bias]
Loading weights:  59%|#####8    | 171/292 [00:00<00:00, 2439.37it/s, Materializing param=gpt_neox.layers.13.post_attention_layernorm.bias]
Loading weights:  59%|#####8    | 172/292 [00:00<00:00, 2448.47it/s, Materializing param=gpt_neox.layers.13.post_attention_layernorm.weight]
Loading weights:  59%|#####8    | 172/292 [00:00<00:00, 2444.83it/s, Materializing param=gpt_neox.layers.13.post_attention_layernorm.weight]
Loading weights:  59%|#####9    | 173/292 [00:00<00:00, 2450.03it/s, Materializing param=gpt_neox.layers.14.attention.dense.bias]           
Loading weights:  59%|#####9    | 173/292 [00:00<00:00, 2444.96it/s, Materializing param=gpt_neox.layers.14.attention.dense.bias]
Loading weights:  60%|#####9    | 174/292 [00:00<00:00, 2450.75it/s, Materializing param=gpt_neox.layers.14.attention.dense.weight]
Loading weights:  60%|#####9    | 174/292 [00:00<00:00, 2448.09it/s, Materializing param=gpt_neox.layers.14.attention.dense.weight]
Loading weights:  60%|#####9    | 175/292 [00:00<00:00, 2452.83it/s, Materializing param=gpt_neox.layers.14.attention.query_key_value.bias]
Loading weights:  60%|#####9    | 175/292 [00:00<00:00, 2449.85it/s, Materializing param=gpt_neox.layers.14.attention.query_key_value.bias]
Loading weights:  60%|######    | 176/292 [00:00<00:00, 2456.71it/s, Materializing param=gpt_neox.layers.14.attention.query_key_value.weight]
Loading weights:  60%|######    | 176/292 [00:00<00:00, 2454.26it/s, Materializing param=gpt_neox.layers.14.attention.query_key_value.weight]
Loading weights:  61%|######    | 177/292 [00:00<00:00, 2456.50it/s, Materializing param=gpt_neox.layers.14.input_layernorm.bias]            
Loading weights:  61%|######    | 177/292 [00:00<00:00, 2448.64it/s, Materializing param=gpt_neox.layers.14.input_layernorm.bias]
Loading weights:  61%|######    | 178/292 [00:00<00:00, 2455.63it/s, Materializing param=gpt_neox.layers.14.input_layernorm.weight]
Loading weights:  61%|######    | 178/292 [00:00<00:00, 2452.16it/s, Materializing param=gpt_neox.layers.14.input_layernorm.weight]
Loading weights:  61%|######1   | 179/292 [00:00<00:00, 2456.98it/s, Materializing param=gpt_neox.layers.14.mlp.dense_4h_to_h.bias]
Loading weights:  61%|######1   | 179/292 [00:00<00:00, 2446.61it/s, Materializing param=gpt_neox.layers.14.mlp.dense_4h_to_h.bias]
Loading weights:  62%|######1   | 180/292 [00:00<00:00, 2437.64it/s, Materializing param=gpt_neox.layers.14.mlp.dense_4h_to_h.weight]
Loading weights:  62%|######1   | 180/292 [00:00<00:00, 2430.35it/s, Materializing param=gpt_neox.layers.14.mlp.dense_4h_to_h.weight]
Loading weights:  62%|######1   | 181/292 [00:00<00:00, 2434.27it/s, Materializing param=gpt_neox.layers.14.mlp.dense_h_to_4h.bias]  
Loading weights:  62%|######1   | 181/292 [00:00<00:00, 2429.68it/s, Materializing param=gpt_neox.layers.14.mlp.dense_h_to_4h.bias]
Loading weights:  62%|######2   | 182/292 [00:00<00:00, 2436.37it/s, Materializing param=gpt_neox.layers.14.mlp.dense_h_to_4h.weight]
Loading weights:  62%|######2   | 182/292 [00:00<00:00, 2434.26it/s, Materializing param=gpt_neox.layers.14.mlp.dense_h_to_4h.weight]
Loading weights:  63%|######2   | 183/292 [00:00<00:00, 2439.49it/s, Materializing param=gpt_neox.layers.14.post_attention_layernorm.bias]
Loading weights:  63%|######2   | 183/292 [00:00<00:00, 2437.39it/s, Materializing param=gpt_neox.layers.14.post_attention_layernorm.bias]
Loading weights:  63%|######3   | 184/292 [00:00<00:00, 2441.89it/s, Materializing param=gpt_neox.layers.14.post_attention_layernorm.weight]
Loading weights:  63%|######3   | 184/292 [00:00<00:00, 2431.14it/s, Materializing param=gpt_neox.layers.14.post_attention_layernorm.weight]
Loading weights:  63%|######3   | 185/292 [00:00<00:00, 2431.35it/s, Materializing param=gpt_neox.layers.15.attention.dense.bias]           
Loading weights:  63%|######3   | 185/292 [00:00<00:00, 2425.52it/s, Materializing param=gpt_neox.layers.15.attention.dense.bias]
Loading weights:  64%|######3   | 186/292 [00:00<00:00, 2433.60it/s, Materializing param=gpt_neox.layers.15.attention.dense.weight]
Loading weights:  64%|######3   | 186/292 [00:00<00:00, 2431.43it/s, Materializing param=gpt_neox.layers.15.attention.dense.weight]
Loading weights:  64%|######4   | 187/292 [00:00<00:00, 2440.71it/s, Materializing param=gpt_neox.layers.15.attention.query_key_value.bias]
Loading weights:  64%|######4   | 187/292 [00:00<00:00, 2438.67it/s, Materializing param=gpt_neox.layers.15.attention.query_key_value.bias]
Loading weights:  64%|######4   | 188/292 [00:00<00:00, 2448.05it/s, Materializing param=gpt_neox.layers.15.attention.query_key_value.weight]
Loading weights:  64%|######4   | 188/292 [00:00<00:00, 2446.02it/s, Materializing param=gpt_neox.layers.15.attention.query_key_value.weight]
Loading weights:  65%|######4   | 189/292 [00:00<00:00, 2455.40it/s, Materializing param=gpt_neox.layers.15.input_layernorm.bias]            
Loading weights:  65%|######4   | 189/292 [00:00<00:00, 2453.45it/s, Materializing param=gpt_neox.layers.15.input_layernorm.bias]
Loading weights:  65%|######5   | 190/292 [00:00<00:00, 2463.02it/s, Materializing param=gpt_neox.layers.15.input_layernorm.weight]
Loading weights:  65%|######5   | 190/292 [00:00<00:00, 2460.40it/s, Materializing param=gpt_neox.layers.15.input_layernorm.weight]
Loading weights:  65%|######5   | 191/292 [00:00<00:00, 2469.79it/s, Materializing param=gpt_neox.layers.15.mlp.dense_4h_to_h.bias]
Loading weights:  65%|######5   | 191/292 [00:00<00:00, 2467.87it/s, Materializing param=gpt_neox.layers.15.mlp.dense_4h_to_h.bias]
Loading weights:  66%|######5   | 192/292 [00:00<00:00, 2477.31it/s, Materializing param=gpt_neox.layers.15.mlp.dense_4h_to_h.weight]
Loading weights:  66%|######5   | 192/292 [00:00<00:00, 2475.32it/s, Materializing param=gpt_neox.layers.15.mlp.dense_4h_to_h.weight]
Loading weights:  66%|######6   | 193/292 [00:00<00:00, 2484.38it/s, Materializing param=gpt_neox.layers.15.mlp.dense_h_to_4h.bias]  
Loading weights:  66%|######6   | 193/292 [00:00<00:00, 2482.45it/s, Materializing param=gpt_neox.layers.15.mlp.dense_h_to_4h.bias]
Loading weights:  66%|######6   | 194/292 [00:00<00:00, 2491.92it/s, Materializing param=gpt_neox.layers.15.mlp.dense_h_to_4h.weight]
Loading weights:  66%|######6   | 194/292 [00:00<00:00, 2490.00it/s, Materializing param=gpt_neox.layers.15.mlp.dense_h_to_4h.weight]
Loading weights:  67%|######6   | 195/292 [00:00<00:00, 2499.46it/s, Materializing param=gpt_neox.layers.15.post_attention_layernorm.bias]
Loading weights:  67%|######6   | 195/292 [00:00<00:00, 2497.52it/s, Materializing param=gpt_neox.layers.15.post_attention_layernorm.bias]
Loading weights:  67%|######7   | 196/292 [00:00<00:00, 2506.96it/s, Materializing param=gpt_neox.layers.15.post_attention_layernorm.weight]
Loading weights:  67%|######7   | 196/292 [00:00<00:00, 2504.85it/s, Materializing param=gpt_neox.layers.15.post_attention_layernorm.weight]
Loading weights:  67%|######7   | 197/292 [00:00<00:00, 2514.00it/s, Materializing param=gpt_neox.layers.16.attention.dense.bias]           
Loading weights:  67%|######7   | 197/292 [00:00<00:00, 2512.06it/s, Materializing param=gpt_neox.layers.16.attention.dense.bias]
Loading weights:  68%|######7   | 198/292 [00:00<00:00, 2520.89it/s, Materializing param=gpt_neox.layers.16.attention.dense.weight]
Loading weights:  68%|######7   | 198/292 [00:00<00:00, 2518.88it/s, Materializing param=gpt_neox.layers.16.attention.dense.weight]
Loading weights:  68%|######8   | 199/292 [00:00<00:00, 2527.65it/s, Materializing param=gpt_neox.layers.16.attention.query_key_value.bias]
Loading weights:  68%|######8   | 199/292 [00:00<00:00, 2525.62it/s, Materializing param=gpt_neox.layers.16.attention.query_key_value.bias]
Loading weights:  68%|######8   | 200/292 [00:00<00:00, 2531.39it/s, Materializing param=gpt_neox.layers.16.attention.query_key_value.weight]
Loading weights:  68%|######8   | 200/292 [00:00<00:00, 2529.07it/s, Materializing param=gpt_neox.layers.16.attention.query_key_value.weight]
Loading weights:  69%|######8   | 201/292 [00:00<00:00, 2536.98it/s, Materializing param=gpt_neox.layers.16.input_layernorm.bias]            
Loading weights:  69%|######8   | 201/292 [00:00<00:00, 2534.88it/s, Materializing param=gpt_neox.layers.16.input_layernorm.bias]
Loading weights:  69%|######9   | 202/292 [00:00<00:00, 2543.18it/s, Materializing param=gpt_neox.layers.16.input_layernorm.weight]
Loading weights:  69%|######9   | 202/292 [00:00<00:00, 2541.22it/s, Materializing param=gpt_neox.layers.16.input_layernorm.weight]
Loading weights:  70%|######9   | 203/292 [00:00<00:00, 2549.95it/s, Materializing param=gpt_neox.layers.16.mlp.dense_4h_to_h.bias]
Loading weights:  70%|######9   | 203/292 [00:00<00:00, 2548.00it/s, Materializing param=gpt_neox.layers.16.mlp.dense_4h_to_h.bias]
Loading weights:  70%|######9   | 204/292 [00:00<00:00, 2556.72it/s, Materializing param=gpt_neox.layers.16.mlp.dense_4h_to_h.weight]
Loading weights:  70%|######9   | 204/292 [00:00<00:00, 2554.78it/s, Materializing param=gpt_neox.layers.16.mlp.dense_4h_to_h.weight]
Loading weights:  70%|#######   | 205/292 [00:00<00:00, 2563.85it/s, Materializing param=gpt_neox.layers.16.mlp.dense_h_to_4h.bias]  
Loading weights:  70%|#######   | 205/292 [00:00<00:00, 2561.95it/s, Materializing param=gpt_neox.layers.16.mlp.dense_h_to_4h.bias]
Loading weights:  71%|#######   | 206/292 [00:00<00:00, 2570.87it/s, Materializing param=gpt_neox.layers.16.mlp.dense_h_to_4h.weight]
Loading weights:  71%|#######   | 206/292 [00:00<00:00, 2568.95it/s, Materializing param=gpt_neox.layers.16.mlp.dense_h_to_4h.weight]
Loading weights:  71%|#######   | 207/292 [00:00<00:00, 2577.55it/s, Materializing param=gpt_neox.layers.16.post_attention_layernorm.bias]
Loading weights:  71%|#######   | 207/292 [00:00<00:00, 2575.63it/s, Materializing param=gpt_neox.layers.16.post_attention_layernorm.bias]
Loading weights:  71%|#######1  | 208/292 [00:00<00:00, 2584.64it/s, Materializing param=gpt_neox.layers.16.post_attention_layernorm.weight]
Loading weights:  71%|#######1  | 208/292 [00:00<00:00, 2582.80it/s, Materializing param=gpt_neox.layers.16.post_attention_layernorm.weight]
Loading weights:  72%|#######1  | 209/292 [00:00<00:00, 2591.86it/s, Materializing param=gpt_neox.layers.17.attention.dense.bias]           
Loading weights:  72%|#######1  | 209/292 [00:00<00:00, 2590.08it/s, Materializing param=gpt_neox.layers.17.attention.dense.bias]
Loading weights:  72%|#######1  | 210/292 [00:00<00:00, 2599.02it/s, Materializing param=gpt_neox.layers.17.attention.dense.weight]
Loading weights:  72%|#######1  | 210/292 [00:00<00:00, 2597.22it/s, Materializing param=gpt_neox.layers.17.attention.dense.weight]
Loading weights:  72%|#######2  | 211/292 [00:00<00:00, 2606.05it/s, Materializing param=gpt_neox.layers.17.attention.query_key_value.bias]
Loading weights:  72%|#######2  | 211/292 [00:00<00:00, 2604.05it/s, Materializing param=gpt_neox.layers.17.attention.query_key_value.bias]
Loading weights:  73%|#######2  | 212/292 [00:00<00:00, 2612.70it/s, Materializing param=gpt_neox.layers.17.attention.query_key_value.weight]
Loading weights:  73%|#######2  | 212/292 [00:00<00:00, 2610.59it/s, Materializing param=gpt_neox.layers.17.attention.query_key_value.weight]
Loading weights:  73%|#######2  | 213/292 [00:00<00:00, 2619.23it/s, Materializing param=gpt_neox.layers.17.input_layernorm.bias]            
Loading weights:  73%|#######2  | 213/292 [00:00<00:00, 2617.31it/s, Materializing param=gpt_neox.layers.17.input_layernorm.bias]
Loading weights:  73%|#######3  | 214/292 [00:00<00:00, 2626.23it/s, Materializing param=gpt_neox.layers.17.input_layernorm.weight]
Loading weights:  73%|#######3  | 214/292 [00:00<00:00, 2624.33it/s, Materializing param=gpt_neox.layers.17.input_layernorm.weight]
Loading weights:  74%|#######3  | 215/292 [00:00<00:00, 2633.27it/s, Materializing param=gpt_neox.layers.17.mlp.dense_4h_to_h.bias]
Loading weights:  74%|#######3  | 215/292 [00:00<00:00, 2631.38it/s, Materializing param=gpt_neox.layers.17.mlp.dense_4h_to_h.bias]
Loading weights:  74%|#######3  | 216/292 [00:00<00:00, 2640.14it/s, Materializing param=gpt_neox.layers.17.mlp.dense_4h_to_h.weight]
Loading weights:  74%|#######3  | 216/292 [00:00<00:00, 2638.20it/s, Materializing param=gpt_neox.layers.17.mlp.dense_4h_to_h.weight]
Loading weights:  74%|#######4  | 217/292 [00:00<00:00, 2646.86it/s, Materializing param=gpt_neox.layers.17.mlp.dense_h_to_4h.bias]  
Loading weights:  74%|#######4  | 217/292 [00:00<00:00, 2644.95it/s, Materializing param=gpt_neox.layers.17.mlp.dense_h_to_4h.bias]
Loading weights:  75%|#######4  | 218/292 [00:00<00:00, 2653.64it/s, Materializing param=gpt_neox.layers.17.mlp.dense_h_to_4h.weight]
Loading weights:  75%|#######4  | 218/292 [00:00<00:00, 2651.44it/s, Materializing param=gpt_neox.layers.17.mlp.dense_h_to_4h.weight]
Loading weights:  75%|#######5  | 219/292 [00:00<00:00, 2660.13it/s, Materializing param=gpt_neox.layers.17.post_attention_layernorm.bias]
Loading weights:  75%|#######5  | 219/292 [00:00<00:00, 2658.12it/s, Materializing param=gpt_neox.layers.17.post_attention_layernorm.bias]
Loading weights:  75%|#######5  | 220/292 [00:00<00:00, 2666.59it/s, Materializing param=gpt_neox.layers.17.post_attention_layernorm.weight]
Loading weights:  75%|#######5  | 220/292 [00:00<00:00, 2664.64it/s, Materializing param=gpt_neox.layers.17.post_attention_layernorm.weight]
Loading weights:  76%|#######5  | 221/292 [00:00<00:00, 2673.35it/s, Materializing param=gpt_neox.layers.18.attention.dense.bias]           
Loading weights:  76%|#######5  | 221/292 [00:00<00:00, 2671.46it/s, Materializing param=gpt_neox.layers.18.attention.dense.bias]
Loading weights:  76%|#######6  | 222/292 [00:00<00:00, 2680.13it/s, Materializing param=gpt_neox.layers.18.attention.dense.weight]
Loading weights:  76%|#######6  | 222/292 [00:00<00:00, 2678.24it/s, Materializing param=gpt_neox.layers.18.attention.dense.weight]
Loading weights:  76%|#######6  | 223/292 [00:00<00:00, 2686.82it/s, Materializing param=gpt_neox.layers.18.attention.query_key_value.bias]
Loading weights:  76%|#######6  | 223/292 [00:00<00:00, 2684.87it/s, Materializing param=gpt_neox.layers.18.attention.query_key_value.bias]
Loading weights:  77%|#######6  | 224/292 [00:00<00:00, 2693.41it/s, Materializing param=gpt_neox.layers.18.attention.query_key_value.weight]
Loading weights:  77%|#######6  | 224/292 [00:00<00:00, 2691.31it/s, Materializing param=gpt_neox.layers.18.attention.query_key_value.weight]
Loading weights:  77%|#######7  | 225/292 [00:00<00:00, 2699.81it/s, Materializing param=gpt_neox.layers.18.input_layernorm.bias]            
Loading weights:  77%|#######7  | 225/292 [00:00<00:00, 2697.90it/s, Materializing param=gpt_neox.layers.18.input_layernorm.bias]
Loading weights:  77%|#######7  | 226/292 [00:00<00:00, 2706.53it/s, Materializing param=gpt_neox.layers.18.input_layernorm.weight]
Loading weights:  77%|#######7  | 226/292 [00:00<00:00, 2704.62it/s, Materializing param=gpt_neox.layers.18.input_layernorm.weight]
Loading weights:  78%|#######7  | 227/292 [00:00<00:00, 2713.09it/s, Materializing param=gpt_neox.layers.18.mlp.dense_4h_to_h.bias]
Loading weights:  78%|#######7  | 227/292 [00:00<00:00, 2711.17it/s, Materializing param=gpt_neox.layers.18.mlp.dense_4h_to_h.bias]
Loading weights:  78%|#######8  | 228/292 [00:00<00:00, 2719.64it/s, Materializing param=gpt_neox.layers.18.mlp.dense_4h_to_h.weight]
Loading weights:  78%|#######8  | 228/292 [00:00<00:00, 2717.73it/s, Materializing param=gpt_neox.layers.18.mlp.dense_4h_to_h.weight]
Loading weights:  78%|#######8  | 229/292 [00:00<00:00, 2726.22it/s, Materializing param=gpt_neox.layers.18.mlp.dense_h_to_4h.bias]  
Loading weights:  78%|#######8  | 229/292 [00:00<00:00, 2724.31it/s, Materializing param=gpt_neox.layers.18.mlp.dense_h_to_4h.bias]
Loading weights:  79%|#######8  | 230/292 [00:00<00:00, 2732.84it/s, Materializing param=gpt_neox.layers.18.mlp.dense_h_to_4h.weight]
Loading weights:  79%|#######8  | 230/292 [00:00<00:00, 2730.70it/s, Materializing param=gpt_neox.layers.18.mlp.dense_h_to_4h.weight]
Loading weights:  79%|#######9  | 231/292 [00:00<00:00, 2739.08it/s, Materializing param=gpt_neox.layers.18.post_attention_layernorm.bias]
Loading weights:  79%|#######9  | 231/292 [00:00<00:00, 2737.15it/s, Materializing param=gpt_neox.layers.18.post_attention_layernorm.bias]
Loading weights:  79%|#######9  | 232/292 [00:00<00:00, 2745.56it/s, Materializing param=gpt_neox.layers.18.post_attention_layernorm.weight]
Loading weights:  79%|#######9  | 232/292 [00:00<00:00, 2743.61it/s, Materializing param=gpt_neox.layers.18.post_attention_layernorm.weight]
Loading weights:  80%|#######9  | 233/292 [00:00<00:00, 2752.05it/s, Materializing param=gpt_neox.layers.19.attention.dense.bias]           
Loading weights:  80%|#######9  | 233/292 [00:00<00:00, 2750.14it/s, Materializing param=gpt_neox.layers.19.attention.dense.bias]
Loading weights:  80%|########  | 234/292 [00:00<00:00, 2758.48it/s, Materializing param=gpt_neox.layers.19.attention.dense.weight]
Loading weights:  80%|########  | 234/292 [00:00<00:00, 2756.50it/s, Materializing param=gpt_neox.layers.19.attention.dense.weight]
Loading weights:  80%|########  | 235/292 [00:00<00:00, 2764.60it/s, Materializing param=gpt_neox.layers.19.attention.query_key_value.bias]
Loading weights:  80%|########  | 235/292 [00:00<00:00, 2762.65it/s, Materializing param=gpt_neox.layers.19.attention.query_key_value.bias]
Loading weights:  81%|########  | 236/292 [00:00<00:00, 2770.90it/s, Materializing param=gpt_neox.layers.19.attention.query_key_value.weight]
Loading weights:  81%|########  | 236/292 [00:00<00:00, 2768.78it/s, Materializing param=gpt_neox.layers.19.attention.query_key_value.weight]
Loading weights:  81%|########1 | 237/292 [00:00<00:00, 2777.00it/s, Materializing param=gpt_neox.layers.19.input_layernorm.bias]            
Loading weights:  81%|########1 | 237/292 [00:00<00:00, 2775.09it/s, Materializing param=gpt_neox.layers.19.input_layernorm.bias]
Loading weights:  82%|########1 | 238/292 [00:00<00:00, 2783.42it/s, Materializing param=gpt_neox.layers.19.input_layernorm.weight]
Loading weights:  82%|########1 | 238/292 [00:00<00:00, 2781.60it/s, Materializing param=gpt_neox.layers.19.input_layernorm.weight]
Loading weights:  82%|########1 | 239/292 [00:00<00:00, 2790.06it/s, Materializing param=gpt_neox.layers.19.mlp.dense_4h_to_h.bias]
Loading weights:  82%|########1 | 239/292 [00:00<00:00, 2788.29it/s, Materializing param=gpt_neox.layers.19.mlp.dense_4h_to_h.bias]
Loading weights:  82%|########2 | 240/292 [00:00<00:00, 2796.64it/s, Materializing param=gpt_neox.layers.19.mlp.dense_4h_to_h.weight]
Loading weights:  82%|########2 | 240/292 [00:00<00:00, 2794.84it/s, Materializing param=gpt_neox.layers.19.mlp.dense_4h_to_h.weight]
Loading weights:  83%|########2 | 241/292 [00:00<00:00, 2803.18it/s, Materializing param=gpt_neox.layers.19.mlp.dense_h_to_4h.bias]  
Loading weights:  83%|########2 | 241/292 [00:00<00:00, 2801.36it/s, Materializing param=gpt_neox.layers.19.mlp.dense_h_to_4h.bias]
Loading weights:  83%|########2 | 242/292 [00:00<00:00, 2809.58it/s, Materializing param=gpt_neox.layers.19.mlp.dense_h_to_4h.weight]
Loading weights:  83%|########2 | 242/292 [00:00<00:00, 2807.67it/s, Materializing param=gpt_neox.layers.19.mlp.dense_h_to_4h.weight]
Loading weights:  83%|########3 | 243/292 [00:00<00:00, 2815.53it/s, Materializing param=gpt_neox.layers.19.post_attention_layernorm.bias]
Loading weights:  83%|########3 | 243/292 [00:00<00:00, 2813.59it/s, Materializing param=gpt_neox.layers.19.post_attention_layernorm.bias]
Loading weights:  84%|########3 | 244/292 [00:00<00:00, 2821.77it/s, Materializing param=gpt_neox.layers.19.post_attention_layernorm.weight]
Loading weights:  84%|########3 | 244/292 [00:00<00:00, 2819.79it/s, Materializing param=gpt_neox.layers.19.post_attention_layernorm.weight]
Loading weights:  84%|########3 | 245/292 [00:00<00:00, 2827.91it/s, Materializing param=gpt_neox.layers.20.attention.dense.bias]           
Loading weights:  84%|########3 | 245/292 [00:00<00:00, 2825.86it/s, Materializing param=gpt_neox.layers.20.attention.dense.bias]
Loading weights:  84%|########4 | 246/292 [00:00<00:00, 2833.34it/s, Materializing param=gpt_neox.layers.20.attention.dense.weight]
Loading weights:  84%|########4 | 246/292 [00:00<00:00, 2831.33it/s, Materializing param=gpt_neox.layers.20.attention.dense.weight]
Loading weights:  85%|########4 | 247/292 [00:00<00:00, 2838.36it/s, Materializing param=gpt_neox.layers.20.attention.query_key_value.bias]
Loading weights:  85%|########4 | 247/292 [00:00<00:00, 2835.45it/s, Materializing param=gpt_neox.layers.20.attention.query_key_value.bias]
Loading weights:  85%|########4 | 248/292 [00:00<00:00, 2840.48it/s, Materializing param=gpt_neox.layers.20.attention.query_key_value.weight]
Loading weights:  85%|########4 | 248/292 [00:00<00:00, 2838.34it/s, Materializing param=gpt_neox.layers.20.attention.query_key_value.weight]
Loading weights:  85%|########5 | 249/292 [00:00<00:00, 2844.84it/s, Materializing param=gpt_neox.layers.20.input_layernorm.bias]            
Loading weights:  85%|########5 | 249/292 [00:00<00:00, 2842.67it/s, Materializing param=gpt_neox.layers.20.input_layernorm.bias]
Loading weights:  86%|########5 | 250/292 [00:00<00:00, 2828.10it/s, Materializing param=gpt_neox.layers.20.input_layernorm.weight]
Loading weights:  86%|########5 | 250/292 [00:00<00:00, 2820.19it/s, Materializing param=gpt_neox.layers.20.input_layernorm.weight]
Loading weights:  86%|########5 | 251/292 [00:00<00:00, 2822.53it/s, Materializing param=gpt_neox.layers.20.mlp.dense_4h_to_h.bias]
Loading weights:  86%|########5 | 251/292 [00:00<00:00, 2818.19it/s, Materializing param=gpt_neox.layers.20.mlp.dense_4h_to_h.bias]
Loading weights:  86%|########6 | 252/292 [00:00<00:00, 2819.49it/s, Materializing param=gpt_neox.layers.20.mlp.dense_4h_to_h.weight]
Loading weights:  86%|########6 | 252/292 [00:00<00:00, 2813.00it/s, Materializing param=gpt_neox.layers.20.mlp.dense_4h_to_h.weight]
Loading weights:  87%|########6 | 253/292 [00:00<00:00, 2816.70it/s, Materializing param=gpt_neox.layers.20.mlp.dense_h_to_4h.bias]  
Loading weights:  87%|########6 | 253/292 [00:00<00:00, 2811.25it/s, Materializing param=gpt_neox.layers.20.mlp.dense_h_to_4h.bias]
Loading weights:  87%|########6 | 254/292 [00:00<00:00, 2807.25it/s, Materializing param=gpt_neox.layers.20.mlp.dense_h_to_4h.weight]
Loading weights:  87%|########6 | 254/292 [00:00<00:00, 2802.90it/s, Materializing param=gpt_neox.layers.20.mlp.dense_h_to_4h.weight]
Loading weights:  87%|########7 | 255/292 [00:00<00:00, 2804.50it/s, Materializing param=gpt_neox.layers.20.post_attention_layernorm.bias]
Loading weights:  87%|########7 | 255/292 [00:00<00:00, 2796.58it/s, Materializing param=gpt_neox.layers.20.post_attention_layernorm.bias]
Loading weights:  88%|########7 | 256/292 [00:00<00:00, 2796.87it/s, Materializing param=gpt_neox.layers.20.post_attention_layernorm.weight]
Loading weights:  88%|########7 | 256/292 [00:00<00:00, 2793.60it/s, Materializing param=gpt_neox.layers.20.post_attention_layernorm.weight]
Loading weights:  88%|########8 | 257/292 [00:00<00:00, 2788.75it/s, Materializing param=gpt_neox.layers.21.attention.dense.bias]           
Loading weights:  88%|########8 | 257/292 [00:00<00:00, 2784.49it/s, Materializing param=gpt_neox.layers.21.attention.dense.bias]
Loading weights:  88%|########8 | 258/292 [00:00<00:00, 2790.25it/s, Materializing param=gpt_neox.layers.21.attention.dense.weight]
Loading weights:  88%|########8 | 258/292 [00:00<00:00, 2788.23it/s, Materializing param=gpt_neox.layers.21.attention.dense.weight]
Loading weights:  89%|########8 | 259/292 [00:00<00:00, 2795.41it/s, Materializing param=gpt_neox.layers.21.attention.query_key_value.bias]
Loading weights:  89%|########8 | 259/292 [00:00<00:00, 2793.51it/s, Materializing param=gpt_neox.layers.21.attention.query_key_value.bias]
Loading weights:  89%|########9 | 260/292 [00:00<00:00, 2800.89it/s, Materializing param=gpt_neox.layers.21.attention.query_key_value.weight]
Loading weights:  89%|########9 | 260/292 [00:00<00:00, 2799.05it/s, Materializing param=gpt_neox.layers.21.attention.query_key_value.weight]
Loading weights:  89%|########9 | 261/292 [00:00<00:00, 2806.49it/s, Materializing param=gpt_neox.layers.21.input_layernorm.bias]            
Loading weights:  89%|########9 | 261/292 [00:00<00:00, 2804.72it/s, Materializing param=gpt_neox.layers.21.input_layernorm.bias]
Loading weights:  90%|########9 | 262/292 [00:00<00:00, 2812.20it/s, Materializing param=gpt_neox.layers.21.input_layernorm.weight]
Loading weights:  90%|########9 | 262/292 [00:00<00:00, 2810.42it/s, Materializing param=gpt_neox.layers.21.input_layernorm.weight]
Loading weights:  90%|######### | 263/292 [00:00<00:00, 2817.91it/s, Materializing param=gpt_neox.layers.21.mlp.dense_4h_to_h.bias]
Loading weights:  90%|######### | 263/292 [00:00<00:00, 2816.14it/s, Materializing param=gpt_neox.layers.21.mlp.dense_4h_to_h.bias]
Loading weights:  90%|######### | 264/292 [00:00<00:00, 2823.48it/s, Materializing param=gpt_neox.layers.21.mlp.dense_4h_to_h.weight]
Loading weights:  90%|######### | 264/292 [00:00<00:00, 2821.70it/s, Materializing param=gpt_neox.layers.21.mlp.dense_4h_to_h.weight]
Loading weights:  91%|######### | 265/292 [00:00<00:00, 2829.00it/s, Materializing param=gpt_neox.layers.21.mlp.dense_h_to_4h.bias]  
Loading weights:  91%|######### | 265/292 [00:00<00:00, 2827.23it/s, Materializing param=gpt_neox.layers.21.mlp.dense_h_to_4h.bias]
Loading weights:  91%|#########1| 266/292 [00:00<00:00, 2834.45it/s, Materializing param=gpt_neox.layers.21.mlp.dense_h_to_4h.weight]
Loading weights:  91%|#########1| 266/292 [00:00<00:00, 2832.67it/s, Materializing param=gpt_neox.layers.21.mlp.dense_h_to_4h.weight]
Loading weights:  91%|#########1| 267/292 [00:00<00:00, 2839.84it/s, Materializing param=gpt_neox.layers.21.post_attention_layernorm.bias]
Loading weights:  91%|#########1| 267/292 [00:00<00:00, 2838.09it/s, Materializing param=gpt_neox.layers.21.post_attention_layernorm.bias]
Loading weights:  92%|#########1| 268/292 [00:00<00:00, 2845.43it/s, Materializing param=gpt_neox.layers.21.post_attention_layernorm.weight]
Loading weights:  92%|#########1| 268/292 [00:00<00:00, 2843.65it/s, Materializing param=gpt_neox.layers.21.post_attention_layernorm.weight]
Loading weights:  92%|#########2| 269/292 [00:00<00:00, 2851.08it/s, Materializing param=gpt_neox.layers.22.attention.dense.bias]           
Loading weights:  92%|#########2| 269/292 [00:00<00:00, 2849.41it/s, Materializing param=gpt_neox.layers.22.attention.dense.bias]
Loading weights:  92%|#########2| 270/292 [00:00<00:00, 2856.64it/s, Materializing param=gpt_neox.layers.22.attention.dense.weight]
Loading weights:  92%|#########2| 270/292 [00:00<00:00, 2854.94it/s, Materializing param=gpt_neox.layers.22.attention.dense.weight]
Loading weights:  93%|#########2| 271/292 [00:00<00:00, 2862.20it/s, Materializing param=gpt_neox.layers.22.attention.query_key_value.bias]
Loading weights:  93%|#########2| 271/292 [00:00<00:00, 2860.37it/s, Materializing param=gpt_neox.layers.22.attention.query_key_value.bias]
Loading weights:  93%|#########3| 272/292 [00:00<00:00, 2867.49it/s, Materializing param=gpt_neox.layers.22.attention.query_key_value.weight]
Loading weights:  93%|#########3| 272/292 [00:00<00:00, 2865.66it/s, Materializing param=gpt_neox.layers.22.attention.query_key_value.weight]
Loading weights:  93%|#########3| 273/292 [00:00<00:00, 2870.99it/s, Materializing param=gpt_neox.layers.22.input_layernorm.bias]            
Loading weights:  93%|#########3| 273/292 [00:00<00:00, 2868.90it/s, Materializing param=gpt_neox.layers.22.input_layernorm.bias]
Loading weights:  94%|#########3| 274/292 [00:00<00:00, 2875.52it/s, Materializing param=gpt_neox.layers.22.input_layernorm.weight]
Loading weights:  94%|#########3| 274/292 [00:00<00:00, 2873.72it/s, Materializing param=gpt_neox.layers.22.input_layernorm.weight]
Loading weights:  94%|#########4| 275/292 [00:00<00:00, 2880.86it/s, Materializing param=gpt_neox.layers.22.mlp.dense_4h_to_h.bias]
Loading weights:  94%|#########4| 275/292 [00:00<00:00, 2878.29it/s, Materializing param=gpt_neox.layers.22.mlp.dense_4h_to_h.bias]
Loading weights:  95%|#########4| 276/292 [00:00<00:00, 2883.99it/s, Materializing param=gpt_neox.layers.22.mlp.dense_4h_to_h.weight]
Loading weights:  95%|#########4| 276/292 [00:00<00:00, 2882.25it/s, Materializing param=gpt_neox.layers.22.mlp.dense_4h_to_h.weight]
Loading weights:  95%|#########4| 277/292 [00:00<00:00, 2888.93it/s, Materializing param=gpt_neox.layers.22.mlp.dense_h_to_4h.bias]  
Loading weights:  95%|#########4| 277/292 [00:00<00:00, 2887.26it/s, Materializing param=gpt_neox.layers.22.mlp.dense_h_to_4h.bias]
Loading weights:  95%|#########5| 278/292 [00:00<00:00, 2893.33it/s, Materializing param=gpt_neox.layers.22.mlp.dense_h_to_4h.weight]
Loading weights:  95%|#########5| 278/292 [00:00<00:00, 2891.36it/s, Materializing param=gpt_neox.layers.22.mlp.dense_h_to_4h.weight]
Loading weights:  96%|#########5| 279/292 [00:00<00:00, 2883.46it/s, Materializing param=gpt_neox.layers.22.post_attention_layernorm.bias]
Loading weights:  96%|#########5| 279/292 [00:00<00:00, 2880.99it/s, Materializing param=gpt_neox.layers.22.post_attention_layernorm.bias]
Loading weights:  96%|#########5| 280/292 [00:00<00:00, 2886.68it/s, Materializing param=gpt_neox.layers.22.post_attention_layernorm.weight]
Loading weights:  96%|#########5| 280/292 [00:00<00:00, 2884.76it/s, Materializing param=gpt_neox.layers.22.post_attention_layernorm.weight]
Loading weights:  96%|#########6| 281/292 [00:00<00:00, 2891.27it/s, Materializing param=gpt_neox.layers.23.attention.dense.bias]           
Loading weights:  96%|#########6| 281/292 [00:00<00:00, 2889.43it/s, Materializing param=gpt_neox.layers.23.attention.dense.bias]
Loading weights:  97%|#########6| 282/292 [00:00<00:00, 2896.02it/s, Materializing param=gpt_neox.layers.23.attention.dense.weight]
Loading weights:  97%|#########6| 282/292 [00:00<00:00, 2894.16it/s, Materializing param=gpt_neox.layers.23.attention.dense.weight]
Loading weights:  97%|#########6| 283/292 [00:00<00:00, 2900.75it/s, Materializing param=gpt_neox.layers.23.attention.query_key_value.bias]
Loading weights:  97%|#########6| 283/292 [00:00<00:00, 2898.91it/s, Materializing param=gpt_neox.layers.23.attention.query_key_value.bias]
Loading weights:  97%|#########7| 284/292 [00:00<00:00, 2905.53it/s, Materializing param=gpt_neox.layers.23.attention.query_key_value.weight]
Loading weights:  97%|#########7| 284/292 [00:00<00:00, 2903.38it/s, Materializing param=gpt_neox.layers.23.attention.query_key_value.weight]
Loading weights:  98%|#########7| 285/292 [00:00<00:00, 2910.08it/s, Materializing param=gpt_neox.layers.23.input_layernorm.bias]            
Loading weights:  98%|#########7| 285/292 [00:00<00:00, 2908.29it/s, Materializing param=gpt_neox.layers.23.input_layernorm.bias]
Loading weights:  98%|#########7| 286/292 [00:00<00:00, 2914.69it/s, Materializing param=gpt_neox.layers.23.input_layernorm.weight]
Loading weights:  98%|#########7| 286/292 [00:00<00:00, 2912.92it/s, Materializing param=gpt_neox.layers.23.input_layernorm.weight]
Loading weights:  98%|#########8| 287/292 [00:00<00:00, 2919.90it/s, Materializing param=gpt_neox.layers.23.mlp.dense_4h_to_h.bias]
Loading weights:  98%|#########8| 287/292 [00:00<00:00, 2918.15it/s, Materializing param=gpt_neox.layers.23.mlp.dense_4h_to_h.bias]
Loading weights:  99%|#########8| 288/292 [00:00<00:00, 2925.02it/s, Materializing param=gpt_neox.layers.23.mlp.dense_4h_to_h.weight]
Loading weights:  99%|#########8| 288/292 [00:00<00:00, 2923.25it/s, Materializing param=gpt_neox.layers.23.mlp.dense_4h_to_h.weight]
Loading weights:  99%|#########8| 289/292 [00:00<00:00, 2930.19it/s, Materializing param=gpt_neox.layers.23.mlp.dense_h_to_4h.bias]  
Loading weights:  99%|#########8| 289/292 [00:00<00:00, 2928.44it/s, Materializing param=gpt_neox.layers.23.mlp.dense_h_to_4h.bias]
Loading weights:  99%|#########9| 290/292 [00:00<00:00, 2935.41it/s, Materializing param=gpt_neox.layers.23.mlp.dense_h_to_4h.weight]
Loading weights:  99%|#########9| 290/292 [00:00<00:00, 2933.65it/s, Materializing param=gpt_neox.layers.23.mlp.dense_h_to_4h.weight]
Loading weights: 100%|#########9| 291/292 [00:00<00:00, 2940.61it/s, Materializing param=gpt_neox.layers.23.post_attention_layernorm.bias]
Loading weights: 100%|#########9| 291/292 [00:00<00:00, 2938.84it/s, Materializing param=gpt_neox.layers.23.post_attention_layernorm.bias]
Loading weights: 100%|##########| 292/292 [00:00<00:00, 2945.61it/s, Materializing param=gpt_neox.layers.23.post_attention_layernorm.weight]
Loading weights: 100%|##########| 292/292 [00:00<00:00, 2943.80it/s, Materializing param=gpt_neox.layers.23.post_attention_layernorm.weight]
Loading weights: 100%|##########| 292/292 [00:00<00:00, 2939.02it/s, Materializing param=gpt_neox.layers.23.post_attention_layernorm.weight]

Loading weights:   0%|          | 0/292 [00:00<?, ?it/s]
Loading weights:   0%|          | 1/292 [00:00<00:00, 50533.78it/s, Materializing param=embed_out.weight]
Loading weights:   0%|          | 1/292 [00:00<00:00, 11214.72it/s, Materializing param=embed_out.weight]
Loading weights:   1%|          | 2/292 [00:00<00:00, 8710.91it/s, Materializing param=gpt_neox.embed_in.weight]
Loading weights:   1%|          | 2/292 [00:00<00:00, 6864.65it/s, Materializing param=gpt_neox.embed_in.weight]
Loading weights:   1%|1         | 3/292 [00:00<00:00, 7161.59it/s, Materializing param=gpt_neox.final_layer_norm.bias]
Loading weights:   1%|1         | 3/292 [00:00<00:00, 6226.08it/s, Materializing param=gpt_neox.final_layer_norm.bias]
Loading weights:   1%|1         | 4/292 [00:00<00:00, 6678.83it/s, Materializing param=gpt_neox.final_layer_norm.weight]
Loading weights:   1%|1         | 4/292 [00:00<00:00, 2053.51it/s, Materializing param=gpt_neox.final_layer_norm.weight]
Loading weights:   2%|1         | 5/292 [00:00<00:00, 2047.60it/s, Materializing param=gpt_neox.layers.0.attention.dense.bias]
Loading weights:   2%|1         | 5/292 [00:00<00:00, 1931.97it/s, Materializing param=gpt_neox.layers.0.attention.dense.bias]
Loading weights:   2%|2         | 6/292 [00:00<00:00, 2157.75it/s, Materializing param=gpt_neox.layers.0.attention.dense.weight]
Loading weights:   2%|2         | 6/292 [00:00<00:00, 1854.25it/s, Materializing param=gpt_neox.layers.0.attention.dense.weight]
Loading weights:   2%|2         | 7/292 [00:00<00:00, 2035.36it/s, Materializing param=gpt_neox.layers.0.attention.query_key_value.bias]
Loading weights:   2%|2         | 7/292 [00:00<00:00, 1997.42it/s, Materializing param=gpt_neox.layers.0.attention.query_key_value.bias]
Loading weights:   3%|2         | 8/292 [00:00<00:00, 1912.15it/s, Materializing param=gpt_neox.layers.0.attention.query_key_value.weight]
Loading weights:   3%|2         | 8/292 [00:00<00:00, 1729.08it/s, Materializing param=gpt_neox.layers.0.attention.query_key_value.weight]
Loading weights:   3%|3         | 9/292 [00:00<00:00, 1794.82it/s, Materializing param=gpt_neox.layers.0.input_layernorm.bias]            
Loading weights:   3%|3         | 9/292 [00:00<00:00, 1683.26it/s, Materializing param=gpt_neox.layers.0.input_layernorm.bias]
Loading weights:   3%|3         | 10/292 [00:00<00:00, 1625.13it/s, Materializing param=gpt_neox.layers.0.input_layernorm.weight]
Loading weights:   3%|3         | 10/292 [00:00<00:00, 1588.51it/s, Materializing param=gpt_neox.layers.0.input_layernorm.weight]
Loading weights:   4%|3         | 11/292 [00:00<00:00, 1672.49it/s, Materializing param=gpt_neox.layers.0.mlp.dense_4h_to_h.bias]
Loading weights:   4%|3         | 11/292 [00:00<00:00, 1574.17it/s, Materializing param=gpt_neox.layers.0.mlp.dense_4h_to_h.bias]
Loading weights:   4%|4         | 12/292 [00:00<00:00, 1530.86it/s, Materializing param=gpt_neox.layers.0.mlp.dense_4h_to_h.weight]
Loading weights:   4%|4         | 12/292 [00:00<00:00, 1503.29it/s, Materializing param=gpt_neox.layers.0.mlp.dense_4h_to_h.weight]
Loading weights:   4%|4         | 13/292 [00:00<00:00, 1579.59it/s, Materializing param=gpt_neox.layers.0.mlp.dense_h_to_4h.bias]  
Loading weights:   4%|4         | 13/292 [00:00<00:00, 1505.04it/s, Materializing param=gpt_neox.layers.0.mlp.dense_h_to_4h.bias]
Loading weights:   5%|4         | 14/292 [00:00<00:00, 1556.00it/s, Materializing param=gpt_neox.layers.0.mlp.dense_h_to_4h.weight]
Loading weights:   5%|4         | 14/292 [00:00<00:00, 1532.37it/s, Materializing param=gpt_neox.layers.0.mlp.dense_h_to_4h.weight]
Loading weights:   5%|5         | 15/292 [00:00<00:00, 1613.15it/s, Materializing param=gpt_neox.layers.0.post_attention_layernorm.bias]
Loading weights:   5%|5         | 15/292 [00:00<00:00, 1601.94it/s, Materializing param=gpt_neox.layers.0.post_attention_layernorm.bias]
Loading weights:   5%|5         | 16/292 [00:00<00:00, 1540.04it/s, Materializing param=gpt_neox.layers.0.post_attention_layernorm.weight]
Loading weights:   5%|5         | 16/292 [00:00<00:00, 1497.53it/s, Materializing param=gpt_neox.layers.0.post_attention_layernorm.weight]
Loading weights:   6%|5         | 17/292 [00:00<00:00, 1545.20it/s, Materializing param=gpt_neox.layers.1.attention.dense.bias]           
Loading weights:   6%|5         | 17/292 [00:00<00:00, 1536.28it/s, Materializing param=gpt_neox.layers.1.attention.dense.bias]
Loading weights:   6%|6         | 18/292 [00:00<00:00, 1564.16it/s, Materializing param=gpt_neox.layers.1.attention.dense.weight]
Loading weights:   6%|6         | 18/292 [00:00<00:00, 1482.35it/s, Materializing param=gpt_neox.layers.1.attention.dense.weight]
Loading weights:   7%|6         | 19/292 [00:00<00:00, 1320.62it/s, Materializing param=gpt_neox.layers.1.attention.query_key_value.bias]
Loading weights:   7%|6         | 19/292 [00:00<00:00, 1292.69it/s, Materializing param=gpt_neox.layers.1.attention.query_key_value.bias]
Loading weights:   7%|6         | 20/292 [00:00<00:00, 1227.68it/s, Materializing param=gpt_neox.layers.1.attention.query_key_value.weight]
Loading weights:   7%|6         | 20/292 [00:00<00:00, 1205.78it/s, Materializing param=gpt_neox.layers.1.attention.query_key_value.weight]
Loading weights:   7%|7         | 21/292 [00:00<00:00, 1223.64it/s, Materializing param=gpt_neox.layers.1.input_layernorm.bias]            
Loading weights:   7%|7         | 21/292 [00:00<00:00, 1218.87it/s, Materializing param=gpt_neox.layers.1.input_layernorm.bias]
Loading weights:   8%|7         | 22/292 [00:00<00:00, 1247.63it/s, Materializing param=gpt_neox.layers.1.input_layernorm.weight]
Loading weights:   8%|7         | 22/292 [00:00<00:00, 1237.31it/s, Materializing param=gpt_neox.layers.1.input_layernorm.weight]
Loading weights:   8%|7         | 23/292 [00:00<00:00, 1284.06it/s, Materializing param=gpt_neox.layers.1.mlp.dense_4h_to_h.bias]
Loading weights:   8%|7         | 23/292 [00:00<00:00, 1264.80it/s, Materializing param=gpt_neox.layers.1.mlp.dense_4h_to_h.bias]
Loading weights:   8%|8         | 24/292 [00:00<00:00, 1264.46it/s, Materializing param=gpt_neox.layers.1.mlp.dense_4h_to_h.weight]
Loading weights:   8%|8         | 24/292 [00:00<00:00, 1253.97it/s, Materializing param=gpt_neox.layers.1.mlp.dense_4h_to_h.weight]
Loading weights:   9%|8         | 25/292 [00:00<00:00, 1276.12it/s, Materializing param=gpt_neox.layers.1.mlp.dense_h_to_4h.bias]  
Loading weights:   9%|8         | 25/292 [00:00<00:00, 1269.60it/s, Materializing param=gpt_neox.layers.1.mlp.dense_h_to_4h.bias]
Loading weights:   9%|8         | 26/292 [00:00<00:00, 1306.28it/s, Materializing param=gpt_neox.layers.1.mlp.dense_h_to_4h.weight]
Loading weights:   9%|8         | 26/292 [00:00<00:00, 1286.98it/s, Materializing param=gpt_neox.layers.1.mlp.dense_h_to_4h.weight]
Loading weights:   9%|9         | 27/292 [00:00<00:00, 1281.79it/s, Materializing param=gpt_neox.layers.1.post_attention_layernorm.bias]
Loading weights:   9%|9         | 27/292 [00:00<00:00, 1276.32it/s, Materializing param=gpt_neox.layers.1.post_attention_layernorm.bias]
Loading weights:  10%|9         | 28/292 [00:00<00:00, 1313.36it/s, Materializing param=gpt_neox.layers.1.post_attention_layernorm.weight]
Loading weights:  10%|9         | 28/292 [00:00<00:00, 1308.06it/s, Materializing param=gpt_neox.layers.1.post_attention_layernorm.weight]
Loading weights:  10%|9         | 29/292 [00:00<00:00, 1263.52it/s, Materializing param=gpt_neox.layers.2.attention.dense.bias]           
Loading weights:  10%|9         | 29/292 [00:00<00:00, 1251.48it/s, Materializing param=gpt_neox.layers.2.attention.dense.bias]
Loading weights:  10%|#         | 30/292 [00:00<00:00, 1229.30it/s, Materializing param=gpt_neox.layers.2.attention.dense.weight]
Loading weights:  10%|#         | 30/292 [00:00<00:00, 1221.91it/s, Materializing param=gpt_neox.layers.2.attention.dense.weight]
Loading weights:  11%|#         | 31/292 [00:00<00:00, 1255.11it/s, Materializing param=gpt_neox.layers.2.attention.query_key_value.bias]
Loading weights:  11%|#         | 31/292 [00:00<00:00, 1239.58it/s, Materializing param=gpt_neox.layers.2.attention.query_key_value.bias]
Loading weights:  11%|#         | 32/292 [00:00<00:00, 1262.73it/s, Materializing param=gpt_neox.layers.2.attention.query_key_value.weight]
Loading weights:  11%|#         | 32/292 [00:00<00:00, 1255.60it/s, Materializing param=gpt_neox.layers.2.attention.query_key_value.weight]
Loading weights:  11%|#1        | 33/292 [00:00<00:00, 1271.57it/s, Materializing param=gpt_neox.layers.2.input_layernorm.bias]            
Loading weights:  11%|#1        | 33/292 [00:00<00:00, 1266.65it/s, Materializing param=gpt_neox.layers.2.input_layernorm.bias]
Loading weights:  12%|#1        | 34/292 [00:00<00:00, 1283.13it/s, Materializing param=gpt_neox.layers.2.input_layernorm.weight]
Loading weights:  12%|#1        | 34/292 [00:00<00:00, 1263.05it/s, Materializing param=gpt_neox.layers.2.input_layernorm.weight]
Loading weights:  12%|#1        | 35/292 [00:00<00:00, 1263.09it/s, Materializing param=gpt_neox.layers.2.mlp.dense_4h_to_h.bias]
Loading weights:  12%|#1        | 35/292 [00:00<00:00, 1258.14it/s, Materializing param=gpt_neox.layers.2.mlp.dense_4h_to_h.bias]
Loading weights:  12%|#2        | 36/292 [00:00<00:00, 1254.06it/s, Materializing param=gpt_neox.layers.2.mlp.dense_4h_to_h.weight]
Loading weights:  12%|#2        | 36/292 [00:00<00:00, 1240.14it/s, Materializing param=gpt_neox.layers.2.mlp.dense_4h_to_h.weight]
Loading weights:  13%|#2        | 37/292 [00:00<00:00, 1201.15it/s, Materializing param=gpt_neox.layers.2.mlp.dense_h_to_4h.bias]  
Loading weights:  13%|#2        | 37/292 [00:00<00:00, 1195.98it/s, Materializing param=gpt_neox.layers.2.mlp.dense_h_to_4h.bias]
Loading weights:  13%|#3        | 38/292 [00:00<00:00, 1174.64it/s, Materializing param=gpt_neox.layers.2.mlp.dense_h_to_4h.weight]
Loading weights:  13%|#3        | 38/292 [00:00<00:00, 1167.49it/s, Materializing param=gpt_neox.layers.2.mlp.dense_h_to_4h.weight]
Loading weights:  13%|#3        | 39/292 [00:00<00:00, 1185.52it/s, Materializing param=gpt_neox.layers.2.post_attention_layernorm.bias]
Loading weights:  13%|#3        | 39/292 [00:00<00:00, 1170.67it/s, Materializing param=gpt_neox.layers.2.post_attention_layernorm.bias]
Loading weights:  14%|#3        | 40/292 [00:00<00:00, 1175.40it/s, Materializing param=gpt_neox.layers.2.post_attention_layernorm.weight]
Loading weights:  14%|#3        | 40/292 [00:00<00:00, 1169.45it/s, Materializing param=gpt_neox.layers.2.post_attention_layernorm.weight]
Loading weights:  14%|#4        | 41/292 [00:00<00:00, 1168.50it/s, Materializing param=gpt_neox.layers.3.attention.dense.bias]           
Loading weights:  14%|#4        | 41/292 [00:00<00:00, 1145.14it/s, Materializing param=gpt_neox.layers.3.attention.dense.bias]
Loading weights:  14%|#4        | 42/292 [00:00<00:00, 1143.38it/s, Materializing param=gpt_neox.layers.3.attention.dense.weight]
Loading weights:  14%|#4        | 42/292 [00:00<00:00, 1138.78it/s, Materializing param=gpt_neox.layers.3.attention.dense.weight]
Loading weights:  15%|#4        | 43/292 [00:00<00:00, 1142.15it/s, Materializing param=gpt_neox.layers.3.attention.query_key_value.bias]
Loading weights:  15%|#4        | 43/292 [00:00<00:00, 1135.12it/s, Materializing param=gpt_neox.layers.3.attention.query_key_value.bias]
Loading weights:  15%|#5        | 44/292 [00:00<00:00, 1143.67it/s, Materializing param=gpt_neox.layers.3.attention.query_key_value.weight]
Loading weights:  15%|#5        | 44/292 [00:00<00:00, 1139.49it/s, Materializing param=gpt_neox.layers.3.attention.query_key_value.weight]
Loading weights:  15%|#5        | 45/292 [00:00<00:00, 1159.03it/s, Materializing param=gpt_neox.layers.3.input_layernorm.bias]            
Loading weights:  15%|#5        | 45/292 [00:00<00:00, 1156.86it/s, Materializing param=gpt_neox.layers.3.input_layernorm.bias]
Loading weights:  16%|#5        | 46/292 [00:00<00:00, 1163.78it/s, Materializing param=gpt_neox.layers.3.input_layernorm.weight]
Loading weights:  16%|#5        | 46/292 [00:00<00:00, 1159.33it/s, Materializing param=gpt_neox.layers.3.input_layernorm.weight]
Loading weights:  16%|#6        | 47/292 [00:00<00:00, 1179.29it/s, Materializing param=gpt_neox.layers.3.mlp.dense_4h_to_h.bias]
Loading weights:  16%|#6        | 47/292 [00:00<00:00, 1177.32it/s, Materializing param=gpt_neox.layers.3.mlp.dense_4h_to_h.bias]
Loading weights:  16%|#6        | 48/292 [00:00<00:00, 1197.82it/s, Materializing param=gpt_neox.layers.3.mlp.dense_4h_to_h.weight]
Loading weights:  16%|#6        | 48/292 [00:00<00:00, 1195.93it/s, Materializing param=gpt_neox.layers.3.mlp.dense_4h_to_h.weight]
Loading weights:  17%|#6        | 49/292 [00:00<00:00, 1217.30it/s, Materializing param=gpt_neox.layers.3.mlp.dense_h_to_4h.bias]  
Loading weights:  17%|#6        | 49/292 [00:00<00:00, 1215.47it/s, Materializing param=gpt_neox.layers.3.mlp.dense_h_to_4h.bias]
Loading weights:  17%|#7        | 50/292 [00:00<00:00, 1236.91it/s, Materializing param=gpt_neox.layers.3.mlp.dense_h_to_4h.weight]
Loading weights:  17%|#7        | 50/292 [00:00<00:00, 1235.08it/s, Materializing param=gpt_neox.layers.3.mlp.dense_h_to_4h.weight]
Loading weights:  17%|#7        | 51/292 [00:00<00:00, 1256.42it/s, Materializing param=gpt_neox.layers.3.post_attention_layernorm.bias]
Loading weights:  17%|#7        | 51/292 [00:00<00:00, 1254.58it/s, Materializing param=gpt_neox.layers.3.post_attention_layernorm.bias]
Loading weights:  18%|#7        | 52/292 [00:00<00:00, 1275.75it/s, Materializing param=gpt_neox.layers.3.post_attention_layernorm.weight]
Loading weights:  18%|#7        | 52/292 [00:00<00:00, 1273.66it/s, Materializing param=gpt_neox.layers.3.post_attention_layernorm.weight]
Loading weights:  18%|#8        | 53/292 [00:00<00:00, 1294.55it/s, Materializing param=gpt_neox.layers.4.attention.dense.bias]           
Loading weights:  18%|#8        | 53/292 [00:00<00:00, 1292.63it/s, Materializing param=gpt_neox.layers.4.attention.dense.bias]
Loading weights:  18%|#8        | 54/292 [00:00<00:00, 1313.50it/s, Materializing param=gpt_neox.layers.4.attention.dense.weight]
Loading weights:  18%|#8        | 54/292 [00:00<00:00, 1311.64it/s, Materializing param=gpt_neox.layers.4.attention.dense.weight]
Loading weights:  19%|#8        | 55/292 [00:00<00:00, 1332.49it/s, Materializing param=gpt_neox.layers.4.attention.query_key_value.bias]
Loading weights:  19%|#8        | 55/292 [00:00<00:00, 1330.57it/s, Materializing param=gpt_neox.layers.4.attention.query_key_value.bias]
Loading weights:  19%|#9        | 56/292 [00:00<00:00, 1351.25it/s, Materializing param=gpt_neox.layers.4.attention.query_key_value.weight]
Loading weights:  19%|#9        | 56/292 [00:00<00:00, 1349.32it/s, Materializing param=gpt_neox.layers.4.attention.query_key_value.weight]
Loading weights:  20%|#9        | 57/292 [00:00<00:00, 1369.91it/s, Materializing param=gpt_neox.layers.4.input_layernorm.bias]            
Loading weights:  20%|#9        | 57/292 [00:00<00:00, 1367.96it/s, Materializing param=gpt_neox.layers.4.input_layernorm.bias]
Loading weights:  20%|#9        | 58/292 [00:00<00:00, 1388.46it/s, Materializing param=gpt_neox.layers.4.input_layernorm.weight]
Loading weights:  20%|#9        | 58/292 [00:00<00:00, 1386.51it/s, Materializing param=gpt_neox.layers.4.input_layernorm.weight]
Loading weights:  20%|##        | 59/292 [00:00<00:00, 1406.94it/s, Materializing param=gpt_neox.layers.4.mlp.dense_4h_to_h.bias]
Loading weights:  20%|##        | 59/292 [00:00<00:00, 1404.98it/s, Materializing param=gpt_neox.layers.4.mlp.dense_4h_to_h.bias]
Loading weights:  21%|##        | 60/292 [00:00<00:00, 1425.19it/s, Materializing param=gpt_neox.layers.4.mlp.dense_4h_to_h.weight]
Loading weights:  21%|##        | 60/292 [00:00<00:00, 1423.21it/s, Materializing param=gpt_neox.layers.4.mlp.dense_4h_to_h.weight]
Loading weights:  21%|##        | 61/292 [00:00<00:00, 1443.15it/s, Materializing param=gpt_neox.layers.4.mlp.dense_h_to_4h.bias]  
Loading weights:  21%|##        | 61/292 [00:00<00:00, 1441.10it/s, Materializing param=gpt_neox.layers.4.mlp.dense_h_to_4h.bias]
Loading weights:  21%|##1       | 62/292 [00:00<00:00, 1461.03it/s, Materializing param=gpt_neox.layers.4.mlp.dense_h_to_4h.weight]
Loading weights:  21%|##1       | 62/292 [00:00<00:00, 1459.01it/s, Materializing param=gpt_neox.layers.4.mlp.dense_h_to_4h.weight]
Loading weights:  22%|##1       | 63/292 [00:00<00:00, 1478.86it/s, Materializing param=gpt_neox.layers.4.post_attention_layernorm.bias]
Loading weights:  22%|##1       | 63/292 [00:00<00:00, 1476.82it/s, Materializing param=gpt_neox.layers.4.post_attention_layernorm.bias]
Loading weights:  22%|##1       | 64/292 [00:00<00:00, 1496.55it/s, Materializing param=gpt_neox.layers.4.post_attention_layernorm.weight]
Loading weights:  22%|##1       | 64/292 [00:00<00:00, 1494.09it/s, Materializing param=gpt_neox.layers.4.post_attention_layernorm.weight]
Loading weights:  22%|##2       | 65/292 [00:00<00:00, 1513.58it/s, Materializing param=gpt_neox.layers.5.attention.dense.bias]           
Loading weights:  22%|##2       | 65/292 [00:00<00:00, 1511.53it/s, Materializing param=gpt_neox.layers.5.attention.dense.bias]
Loading weights:  23%|##2       | 66/292 [00:00<00:00, 1530.84it/s, Materializing param=gpt_neox.layers.5.attention.dense.weight]
Loading weights:  23%|##2       | 66/292 [00:00<00:00, 1528.72it/s, Materializing param=gpt_neox.layers.5.attention.dense.weight]
Loading weights:  23%|##2       | 67/292 [00:00<00:00, 1548.08it/s, Materializing param=gpt_neox.layers.5.attention.query_key_value.bias]
Loading weights:  23%|##2       | 67/292 [00:00<00:00, 1545.97it/s, Materializing param=gpt_neox.layers.5.attention.query_key_value.bias]
Loading weights:  23%|##3       | 68/292 [00:00<00:00, 1565.28it/s, Materializing param=gpt_neox.layers.5.attention.query_key_value.weight]
Loading weights:  23%|##3       | 68/292 [00:00<00:00, 1563.24it/s, Materializing param=gpt_neox.layers.5.attention.query_key_value.weight]
Loading weights:  24%|##3       | 69/292 [00:00<00:00, 1582.54it/s, Materializing param=gpt_neox.layers.5.input_layernorm.bias]            
Loading weights:  24%|##3       | 69/292 [00:00<00:00, 1580.58it/s, Materializing param=gpt_neox.layers.5.input_layernorm.bias]
Loading weights:  24%|##3       | 70/292 [00:00<00:00, 1597.57it/s, Materializing param=gpt_neox.layers.5.input_layernorm.weight]
Loading weights:  24%|##3       | 70/292 [00:00<00:00, 1594.91it/s, Materializing param=gpt_neox.layers.5.input_layernorm.weight]
Loading weights:  24%|##4       | 71/292 [00:00<00:00, 1613.48it/s, Materializing param=gpt_neox.layers.5.mlp.dense_4h_to_h.bias]
Loading weights:  24%|##4       | 71/292 [00:00<00:00, 1611.33it/s, Materializing param=gpt_neox.layers.5.mlp.dense_4h_to_h.bias]
Loading weights:  25%|##4       | 72/292 [00:00<00:00, 1630.04it/s, Materializing param=gpt_neox.layers.5.mlp.dense_4h_to_h.weight]
Loading weights:  25%|##4       | 72/292 [00:00<00:00, 1627.95it/s, Materializing param=gpt_neox.layers.5.mlp.dense_4h_to_h.weight]
Loading weights:  25%|##5       | 73/292 [00:00<00:00, 1646.75it/s, Materializing param=gpt_neox.layers.5.mlp.dense_h_to_4h.bias]  
Loading weights:  25%|##5       | 73/292 [00:00<00:00, 1644.71it/s, Materializing param=gpt_neox.layers.5.mlp.dense_h_to_4h.bias]
Loading weights:  25%|##5       | 74/292 [00:00<00:00, 1663.43it/s, Materializing param=gpt_neox.layers.5.mlp.dense_h_to_4h.weight]
Loading weights:  25%|##5       | 74/292 [00:00<00:00, 1661.39it/s, Materializing param=gpt_neox.layers.5.mlp.dense_h_to_4h.weight]
Loading weights:  26%|##5       | 75/292 [00:00<00:00, 1680.04it/s, Materializing param=gpt_neox.layers.5.post_attention_layernorm.bias]
Loading weights:  26%|##5       | 75/292 [00:00<00:00, 1677.78it/s, Materializing param=gpt_neox.layers.5.post_attention_layernorm.bias]
Loading weights:  26%|##6       | 76/292 [00:00<00:00, 1696.17it/s, Materializing param=gpt_neox.layers.5.post_attention_layernorm.weight]
Loading weights:  26%|##6       | 76/292 [00:00<00:00, 1693.95it/s, Materializing param=gpt_neox.layers.5.post_attention_layernorm.weight]
Loading weights:  26%|##6       | 77/292 [00:00<00:00, 1712.33it/s, Materializing param=gpt_neox.layers.6.attention.dense.bias]           
Loading weights:  26%|##6       | 77/292 [00:00<00:00, 1710.15it/s, Materializing param=gpt_neox.layers.6.attention.dense.bias]
Loading weights:  27%|##6       | 78/292 [00:00<00:00, 1728.25it/s, Materializing param=gpt_neox.layers.6.attention.dense.weight]
Loading weights:  27%|##6       | 78/292 [00:00<00:00, 1726.03it/s, Materializing param=gpt_neox.layers.6.attention.dense.weight]
Loading weights:  27%|##7       | 79/292 [00:00<00:00, 1744.12it/s, Materializing param=gpt_neox.layers.6.attention.query_key_value.bias]
Loading weights:  27%|##7       | 79/292 [00:00<00:00, 1741.86it/s, Materializing param=gpt_neox.layers.6.attention.query_key_value.bias]
Loading weights:  27%|##7       | 80/292 [00:00<00:00, 1759.82it/s, Materializing param=gpt_neox.layers.6.attention.query_key_value.weight]
Loading weights:  27%|##7       | 80/292 [00:00<00:00, 1757.56it/s, Materializing param=gpt_neox.layers.6.attention.query_key_value.weight]
Loading weights:  28%|##7       | 81/292 [00:00<00:00, 1775.12it/s, Materializing param=gpt_neox.layers.6.input_layernorm.bias]            
Loading weights:  28%|##7       | 81/292 [00:00<00:00, 1772.89it/s, Materializing param=gpt_neox.layers.6.input_layernorm.bias]
Loading weights:  28%|##8       | 82/292 [00:00<00:00, 1790.53it/s, Materializing param=gpt_neox.layers.6.input_layernorm.weight]
Loading weights:  28%|##8       | 82/292 [00:00<00:00, 1788.26it/s, Materializing param=gpt_neox.layers.6.input_layernorm.weight]
Loading weights:  28%|##8       | 83/292 [00:00<00:00, 1806.00it/s, Materializing param=gpt_neox.layers.6.mlp.dense_4h_to_h.bias]
Loading weights:  28%|##8       | 83/292 [00:00<00:00, 1803.74it/s, Materializing param=gpt_neox.layers.6.mlp.dense_4h_to_h.bias]
Loading weights:  29%|##8       | 84/292 [00:00<00:00, 1820.82it/s, Materializing param=gpt_neox.layers.6.mlp.dense_4h_to_h.weight]
Loading weights:  29%|##8       | 84/292 [00:00<00:00, 1818.55it/s, Materializing param=gpt_neox.layers.6.mlp.dense_4h_to_h.weight]
Loading weights:  29%|##9       | 85/292 [00:00<00:00, 1835.51it/s, Materializing param=gpt_neox.layers.6.mlp.dense_h_to_4h.bias]  
Loading weights:  29%|##9       | 85/292 [00:00<00:00, 1833.15it/s, Materializing param=gpt_neox.layers.6.mlp.dense_h_to_4h.bias]
Loading weights:  29%|##9       | 86/292 [00:00<00:00, 1846.26it/s, Materializing param=gpt_neox.layers.6.mlp.dense_h_to_4h.weight]
Loading weights:  29%|##9       | 86/292 [00:00<00:00, 1842.68it/s, Materializing param=gpt_neox.layers.6.mlp.dense_h_to_4h.weight]
Loading weights:  30%|##9       | 87/292 [00:00<00:00, 1858.11it/s, Materializing param=gpt_neox.layers.6.post_attention_layernorm.bias]
Loading weights:  30%|##9       | 87/292 [00:00<00:00, 1855.36it/s, Materializing param=gpt_neox.layers.6.post_attention_layernorm.bias]
Loading weights:  30%|###       | 88/292 [00:00<00:00, 1869.44it/s, Materializing param=gpt_neox.layers.6.post_attention_layernorm.weight]
Loading weights:  30%|###       | 88/292 [00:00<00:00, 1865.94it/s, Materializing param=gpt_neox.layers.6.post_attention_layernorm.weight]
Loading weights:  30%|###       | 89/292 [00:00<00:00, 1880.57it/s, Materializing param=gpt_neox.layers.7.attention.dense.bias]           
Loading weights:  30%|###       | 89/292 [00:00<00:00, 1877.83it/s, Materializing param=gpt_neox.layers.7.attention.dense.bias]
Loading weights:  31%|###       | 90/292 [00:00<00:00, 1893.63it/s, Materializing param=gpt_neox.layers.7.attention.dense.weight]
Loading weights:  31%|###       | 90/292 [00:00<00:00, 1890.31it/s, Materializing param=gpt_neox.layers.7.attention.dense.weight]
Loading weights:  31%|###1      | 91/292 [00:00<00:00, 1903.72it/s, Materializing param=gpt_neox.layers.7.attention.query_key_value.bias]
Loading weights:  31%|###1      | 91/292 [00:00<00:00, 1900.87it/s, Materializing param=gpt_neox.layers.7.attention.query_key_value.bias]
Loading weights:  32%|###1      | 92/292 [00:00<00:00, 1916.07it/s, Materializing param=gpt_neox.layers.7.attention.query_key_value.weight]
Loading weights:  32%|###1      | 92/292 [00:00<00:00, 1913.39it/s, Materializing param=gpt_neox.layers.7.attention.query_key_value.weight]
Loading weights:  32%|###1      | 93/292 [00:00<00:00, 1929.44it/s, Materializing param=gpt_neox.layers.7.input_layernorm.bias]            
Loading weights:  32%|###1      | 93/292 [00:00<00:00, 1926.85it/s, Materializing param=gpt_neox.layers.7.input_layernorm.bias]
Loading weights:  32%|###2      | 94/292 [00:00<00:00, 1942.62it/s, Materializing param=gpt_neox.layers.7.input_layernorm.weight]
Loading weights:  32%|###2      | 94/292 [00:00<00:00, 1940.15it/s, Materializing param=gpt_neox.layers.7.input_layernorm.weight]
Loading weights:  33%|###2      | 95/292 [00:00<00:00, 1956.07it/s, Materializing param=gpt_neox.layers.7.mlp.dense_4h_to_h.bias]
Loading weights:  33%|###2      | 95/292 [00:00<00:00, 1953.64it/s, Materializing param=gpt_neox.layers.7.mlp.dense_4h_to_h.bias]
Loading weights:  33%|###2      | 96/292 [00:00<00:00, 1969.28it/s, Materializing param=gpt_neox.layers.7.mlp.dense_4h_to_h.weight]
Loading weights:  33%|###2      | 96/292 [00:00<00:00, 1966.88it/s, Materializing param=gpt_neox.layers.7.mlp.dense_4h_to_h.weight]
Loading weights:  33%|###3      | 97/292 [00:00<00:00, 1983.08it/s, Materializing param=gpt_neox.layers.7.mlp.dense_h_to_4h.bias]  
Loading weights:  33%|###3      | 97/292 [00:00<00:00, 1980.70it/s, Materializing param=gpt_neox.layers.7.mlp.dense_h_to_4h.bias]
Loading weights:  34%|###3      | 98/292 [00:00<00:00, 1996.81it/s, Materializing param=gpt_neox.layers.7.mlp.dense_h_to_4h.weight]
Loading weights:  34%|###3      | 98/292 [00:00<00:00, 1994.58it/s, Materializing param=gpt_neox.layers.7.mlp.dense_h_to_4h.weight]
Loading weights:  34%|###3      | 99/292 [00:00<00:00, 2010.74it/s, Materializing param=gpt_neox.layers.7.post_attention_layernorm.bias]
Loading weights:  34%|###3      | 99/292 [00:00<00:00, 2008.42it/s, Materializing param=gpt_neox.layers.7.post_attention_layernorm.bias]
Loading weights:  34%|###4      | 100/292 [00:00<00:00, 2024.52it/s, Materializing param=gpt_neox.layers.7.post_attention_layernorm.weight]
Loading weights:  34%|###4      | 100/292 [00:00<00:00, 2022.07it/s, Materializing param=gpt_neox.layers.7.post_attention_layernorm.weight]
Loading weights:  35%|###4      | 101/292 [00:00<00:00, 2037.73it/s, Materializing param=gpt_neox.layers.8.attention.dense.bias]           
Loading weights:  35%|###4      | 101/292 [00:00<00:00, 2035.26it/s, Materializing param=gpt_neox.layers.8.attention.dense.bias]
Loading weights:  35%|###4      | 102/292 [00:00<00:00, 2050.56it/s, Materializing param=gpt_neox.layers.8.attention.dense.weight]
Loading weights:  35%|###4      | 102/292 [00:00<00:00, 2048.14it/s, Materializing param=gpt_neox.layers.8.attention.dense.weight]
Loading weights:  35%|###5      | 103/292 [00:00<00:00, 2063.79it/s, Materializing param=gpt_neox.layers.8.attention.query_key_value.bias]
Loading weights:  35%|###5      | 103/292 [00:00<00:00, 2061.33it/s, Materializing param=gpt_neox.layers.8.attention.query_key_value.bias]
Loading weights:  36%|###5      | 104/292 [00:00<00:00, 2076.86it/s, Materializing param=gpt_neox.layers.8.attention.query_key_value.weight]
Loading weights:  36%|###5      | 104/292 [00:00<00:00, 2074.38it/s, Materializing param=gpt_neox.layers.8.attention.query_key_value.weight]
Loading weights:  36%|###5      | 105/292 [00:00<00:00, 2089.85it/s, Materializing param=gpt_neox.layers.8.input_layernorm.bias]            
Loading weights:  36%|###5      | 105/292 [00:00<00:00, 2087.41it/s, Materializing param=gpt_neox.layers.8.input_layernorm.bias]
Loading weights:  36%|###6      | 106/292 [00:00<00:00, 2102.97it/s, Materializing param=gpt_neox.layers.8.input_layernorm.weight]
Loading weights:  36%|###6      | 106/292 [00:00<00:00, 2100.51it/s, Materializing param=gpt_neox.layers.8.input_layernorm.weight]
Loading weights:  37%|###6      | 107/292 [00:00<00:00, 2115.88it/s, Materializing param=gpt_neox.layers.8.mlp.dense_4h_to_h.bias]
Loading weights:  37%|###6      | 107/292 [00:00<00:00, 2113.45it/s, Materializing param=gpt_neox.layers.8.mlp.dense_4h_to_h.bias]
Loading weights:  37%|###6      | 108/292 [00:00<00:00, 2127.77it/s, Materializing param=gpt_neox.layers.8.mlp.dense_4h_to_h.weight]
Loading weights:  37%|###6      | 108/292 [00:00<00:00, 2125.25it/s, Materializing param=gpt_neox.layers.8.mlp.dense_4h_to_h.weight]
Loading weights:  37%|###7      | 109/292 [00:00<00:00, 2140.48it/s, Materializing param=gpt_neox.layers.8.mlp.dense_h_to_4h.bias]  
Loading weights:  37%|###7      | 109/292 [00:00<00:00, 2138.01it/s, Materializing param=gpt_neox.layers.8.mlp.dense_h_to_4h.bias]
Loading weights:  38%|###7      | 110/292 [00:00<00:00, 2153.17it/s, Materializing param=gpt_neox.layers.8.mlp.dense_h_to_4h.weight]
Loading weights:  38%|###7      | 110/292 [00:00<00:00, 2150.68it/s, Materializing param=gpt_neox.layers.8.mlp.dense_h_to_4h.weight]
Loading weights:  38%|###8      | 111/292 [00:00<00:00, 2165.82it/s, Materializing param=gpt_neox.layers.8.post_attention_layernorm.bias]
Loading weights:  38%|###8      | 111/292 [00:00<00:00, 2163.33it/s, Materializing param=gpt_neox.layers.8.post_attention_layernorm.bias]
Loading weights:  38%|###8      | 112/292 [00:00<00:00, 2178.41it/s, Materializing param=gpt_neox.layers.8.post_attention_layernorm.weight]
Loading weights:  38%|###8      | 112/292 [00:00<00:00, 2175.91it/s, Materializing param=gpt_neox.layers.8.post_attention_layernorm.weight]
Loading weights:  39%|###8      | 113/292 [00:00<00:00, 2190.91it/s, Materializing param=gpt_neox.layers.9.attention.dense.bias]           
Loading weights:  39%|###8      | 113/292 [00:00<00:00, 2188.42it/s, Materializing param=gpt_neox.layers.9.attention.dense.bias]
Loading weights:  39%|###9      | 114/292 [00:00<00:00, 2202.92it/s, Materializing param=gpt_neox.layers.9.attention.dense.weight]
Loading weights:  39%|###9      | 114/292 [00:00<00:00, 2200.34it/s, Materializing param=gpt_neox.layers.9.attention.dense.weight]
Loading weights:  39%|###9      | 115/292 [00:00<00:00, 2214.90it/s, Materializing param=gpt_neox.layers.9.attention.query_key_value.bias]
Loading weights:  39%|###9      | 115/292 [00:00<00:00, 2212.36it/s, Materializing param=gpt_neox.layers.9.attention.query_key_value.bias]
Loading weights:  40%|###9      | 116/292 [00:00<00:00, 2227.04it/s, Materializing param=gpt_neox.layers.9.attention.query_key_value.weight]
Loading weights:  40%|###9      | 116/292 [00:00<00:00, 2224.48it/s, Materializing param=gpt_neox.layers.9.attention.query_key_value.weight]
Loading weights:  40%|####      | 117/292 [00:00<00:00, 2239.03it/s, Materializing param=gpt_neox.layers.9.input_layernorm.bias]            
Loading weights:  40%|####      | 117/292 [00:00<00:00, 2236.50it/s, Materializing param=gpt_neox.layers.9.input_layernorm.bias]
Loading weights:  40%|####      | 118/292 [00:00<00:00, 2251.19it/s, Materializing param=gpt_neox.layers.9.input_layernorm.weight]
Loading weights:  40%|####      | 118/292 [00:00<00:00, 2248.68it/s, Materializing param=gpt_neox.layers.9.input_layernorm.weight]
Loading weights:  41%|####      | 119/292 [00:00<00:00, 2263.33it/s, Materializing param=gpt_neox.layers.9.mlp.dense_4h_to_h.bias]
Loading weights:  41%|####      | 119/292 [00:00<00:00, 2260.82it/s, Materializing param=gpt_neox.layers.9.mlp.dense_4h_to_h.bias]
Loading weights:  41%|####1     | 120/292 [00:00<00:00, 2274.95it/s, Materializing param=gpt_neox.layers.9.mlp.dense_4h_to_h.weight]
Loading weights:  41%|####1     | 120/292 [00:00<00:00, 2272.42it/s, Materializing param=gpt_neox.layers.9.mlp.dense_4h_to_h.weight]
Loading weights:  41%|####1     | 121/292 [00:00<00:00, 2286.84it/s, Materializing param=gpt_neox.layers.9.mlp.dense_h_to_4h.bias]  
Loading weights:  41%|####1     | 121/292 [00:00<00:00, 2284.31it/s, Materializing param=gpt_neox.layers.9.mlp.dense_h_to_4h.bias]
Loading weights:  42%|####1     | 122/292 [00:00<00:00, 2298.73it/s, Materializing param=gpt_neox.layers.9.mlp.dense_h_to_4h.weight]
Loading weights:  42%|####1     | 122/292 [00:00<00:00, 2296.22it/s, Materializing param=gpt_neox.layers.9.mlp.dense_h_to_4h.weight]
Loading weights:  42%|####2     | 123/292 [00:00<00:00, 2310.57it/s, Materializing param=gpt_neox.layers.9.post_attention_layernorm.bias]
Loading weights:  42%|####2     | 123/292 [00:00<00:00, 2307.92it/s, Materializing param=gpt_neox.layers.9.post_attention_layernorm.bias]
Loading weights:  42%|####2     | 124/292 [00:00<00:00, 2321.85it/s, Materializing param=gpt_neox.layers.9.post_attention_layernorm.weight]
Loading weights:  42%|####2     | 124/292 [00:00<00:00, 2319.25it/s, Materializing param=gpt_neox.layers.9.post_attention_layernorm.weight]
Loading weights:  43%|####2     | 125/292 [00:00<00:00, 2333.48it/s, Materializing param=gpt_neox.layers.10.attention.dense.bias]          
Loading weights:  43%|####2     | 125/292 [00:00<00:00, 2330.94it/s, Materializing param=gpt_neox.layers.10.attention.dense.bias]
Loading weights:  43%|####3     | 126/292 [00:00<00:00, 2344.57it/s, Materializing param=gpt_neox.layers.10.attention.dense.weight]
Loading weights:  43%|####3     | 126/292 [00:00<00:00, 2341.99it/s, Materializing param=gpt_neox.layers.10.attention.dense.weight]
Loading weights:  43%|####3     | 127/292 [00:00<00:00, 2356.00it/s, Materializing param=gpt_neox.layers.10.attention.query_key_value.bias]
Loading weights:  43%|####3     | 127/292 [00:00<00:00, 2353.39it/s, Materializing param=gpt_neox.layers.10.attention.query_key_value.bias]
Loading weights:  44%|####3     | 128/292 [00:00<00:00, 2367.19it/s, Materializing param=gpt_neox.layers.10.attention.query_key_value.weight]
Loading weights:  44%|####3     | 128/292 [00:00<00:00, 2364.55it/s, Materializing param=gpt_neox.layers.10.attention.query_key_value.weight]
Loading weights:  44%|####4     | 129/292 [00:00<00:00, 2378.37it/s, Materializing param=gpt_neox.layers.10.input_layernorm.bias]            
Loading weights:  44%|####4     | 129/292 [00:00<00:00, 2375.84it/s, Materializing param=gpt_neox.layers.10.input_layernorm.bias]
Loading weights:  45%|####4     | 130/292 [00:00<00:00, 2379.44it/s, Materializing param=gpt_neox.layers.10.input_layernorm.weight]
Loading weights:  45%|####4     | 130/292 [00:00<00:00, 2374.34it/s, Materializing param=gpt_neox.layers.10.input_layernorm.weight]
Loading weights:  45%|####4     | 131/292 [00:00<00:00, 2385.81it/s, Materializing param=gpt_neox.layers.10.mlp.dense_4h_to_h.bias]
Loading weights:  45%|####4     | 131/292 [00:00<00:00, 2382.78it/s, Materializing param=gpt_neox.layers.10.mlp.dense_4h_to_h.bias]
Loading weights:  45%|####5     | 132/292 [00:00<00:00, 2394.58it/s, Materializing param=gpt_neox.layers.10.mlp.dense_4h_to_h.weight]
Loading weights:  45%|####5     | 132/292 [00:00<00:00, 2391.70it/s, Materializing param=gpt_neox.layers.10.mlp.dense_4h_to_h.weight]
Loading weights:  46%|####5     | 133/292 [00:00<00:00, 2403.65it/s, Materializing param=gpt_neox.layers.10.mlp.dense_h_to_4h.bias]  
Loading weights:  46%|####5     | 133/292 [00:00<00:00, 2400.95it/s, Materializing param=gpt_neox.layers.10.mlp.dense_h_to_4h.bias]
Loading weights:  46%|####5     | 134/292 [00:00<00:00, 2413.21it/s, Materializing param=gpt_neox.layers.10.mlp.dense_h_to_4h.weight]
Loading weights:  46%|####5     | 134/292 [00:00<00:00, 2410.42it/s, Materializing param=gpt_neox.layers.10.mlp.dense_h_to_4h.weight]
Loading weights:  46%|####6     | 135/292 [00:00<00:00, 2422.70it/s, Materializing param=gpt_neox.layers.10.post_attention_layernorm.bias]
Loading weights:  46%|####6     | 135/292 [00:00<00:00, 2420.03it/s, Materializing param=gpt_neox.layers.10.post_attention_layernorm.bias]
Loading weights:  47%|####6     | 136/292 [00:00<00:00, 2432.72it/s, Materializing param=gpt_neox.layers.10.post_attention_layernorm.weight]
Loading weights:  47%|####6     | 136/292 [00:00<00:00, 2430.02it/s, Materializing param=gpt_neox.layers.10.post_attention_layernorm.weight]
Loading weights:  47%|####6     | 137/292 [00:00<00:00, 2442.66it/s, Materializing param=gpt_neox.layers.11.attention.dense.bias]           
Loading weights:  47%|####6     | 137/292 [00:00<00:00, 2440.00it/s, Materializing param=gpt_neox.layers.11.attention.dense.bias]
Loading weights:  47%|####7     | 138/292 [00:00<00:00, 2452.44it/s, Materializing param=gpt_neox.layers.11.attention.dense.weight]
Loading weights:  47%|####7     | 138/292 [00:00<00:00, 2449.81it/s, Materializing param=gpt_neox.layers.11.attention.dense.weight]
Loading weights:  48%|####7     | 139/292 [00:00<00:00, 2462.56it/s, Materializing param=gpt_neox.layers.11.attention.query_key_value.bias]
Loading weights:  48%|####7     | 139/292 [00:00<00:00, 2459.77it/s, Materializing param=gpt_neox.layers.11.attention.query_key_value.bias]
Loading weights:  48%|####7     | 140/292 [00:00<00:00, 2472.43it/s, Materializing param=gpt_neox.layers.11.attention.query_key_value.weight]
Loading weights:  48%|####7     | 140/292 [00:00<00:00, 2469.48it/s, Materializing param=gpt_neox.layers.11.attention.query_key_value.weight]
Loading weights:  48%|####8     | 141/292 [00:00<00:00, 2482.38it/s, Materializing param=gpt_neox.layers.11.input_layernorm.bias]            
Loading weights:  48%|####8     | 141/292 [00:00<00:00, 2479.79it/s, Materializing param=gpt_neox.layers.11.input_layernorm.bias]
Loading weights:  49%|####8     | 142/292 [00:00<00:00, 2492.74it/s, Materializing param=gpt_neox.layers.11.input_layernorm.weight]
Loading weights:  49%|####8     | 142/292 [00:00<00:00, 2490.20it/s, Materializing param=gpt_neox.layers.11.input_layernorm.weight]
Loading weights:  49%|####8     | 143/292 [00:00<00:00, 2503.15it/s, Materializing param=gpt_neox.layers.11.mlp.dense_4h_to_h.bias]
Loading weights:  49%|####8     | 143/292 [00:00<00:00, 2500.61it/s, Materializing param=gpt_neox.layers.11.mlp.dense_4h_to_h.bias]
Loading weights:  49%|####9     | 144/292 [00:00<00:00, 2513.41it/s, Materializing param=gpt_neox.layers.11.mlp.dense_4h_to_h.weight]
Loading weights:  49%|####9     | 144/292 [00:00<00:00, 2510.83it/s, Materializing param=gpt_neox.layers.11.mlp.dense_4h_to_h.weight]
Loading weights:  50%|####9     | 145/292 [00:00<00:00, 2523.60it/s, Materializing param=gpt_neox.layers.11.mlp.dense_h_to_4h.bias]  
Loading weights:  50%|####9     | 145/292 [00:00<00:00, 2521.02it/s, Materializing param=gpt_neox.layers.11.mlp.dense_h_to_4h.bias]
Loading weights:  50%|#####     | 146/292 [00:00<00:00, 2533.72it/s, Materializing param=gpt_neox.layers.11.mlp.dense_h_to_4h.weight]
Loading weights:  50%|#####     | 146/292 [00:00<00:00, 2530.81it/s, Materializing param=gpt_neox.layers.11.mlp.dense_h_to_4h.weight]
Loading weights:  50%|#####     | 147/292 [00:00<00:00, 2543.24it/s, Materializing param=gpt_neox.layers.11.post_attention_layernorm.bias]
Loading weights:  50%|#####     | 147/292 [00:00<00:00, 2540.59it/s, Materializing param=gpt_neox.layers.11.post_attention_layernorm.bias]
Loading weights:  51%|#####     | 148/292 [00:00<00:00, 2553.23it/s, Materializing param=gpt_neox.layers.11.post_attention_layernorm.weight]
Loading weights:  51%|#####     | 148/292 [00:00<00:00, 2550.62it/s, Materializing param=gpt_neox.layers.11.post_attention_layernorm.weight]
Loading weights:  51%|#####1    | 149/292 [00:00<00:00, 2563.27it/s, Materializing param=gpt_neox.layers.12.attention.dense.bias]           
Loading weights:  51%|#####1    | 149/292 [00:00<00:00, 2560.72it/s, Materializing param=gpt_neox.layers.12.attention.dense.bias]
Loading weights:  51%|#####1    | 150/292 [00:00<00:00, 2573.19it/s, Materializing param=gpt_neox.layers.12.attention.dense.weight]
Loading weights:  51%|#####1    | 150/292 [00:00<00:00, 2570.61it/s, Materializing param=gpt_neox.layers.12.attention.dense.weight]
Loading weights:  52%|#####1    | 151/292 [00:00<00:00, 2583.09it/s, Materializing param=gpt_neox.layers.12.attention.query_key_value.bias]
Loading weights:  52%|#####1    | 151/292 [00:00<00:00, 2580.49it/s, Materializing param=gpt_neox.layers.12.attention.query_key_value.bias]
Loading weights:  52%|#####2    | 152/292 [00:00<00:00, 2592.88it/s, Materializing param=gpt_neox.layers.12.attention.query_key_value.weight]
Loading weights:  52%|#####2    | 152/292 [00:00<00:00, 2590.02it/s, Materializing param=gpt_neox.layers.12.attention.query_key_value.weight]
Loading weights:  52%|#####2    | 153/292 [00:00<00:00, 2602.26it/s, Materializing param=gpt_neox.layers.12.input_layernorm.bias]            
Loading weights:  52%|#####2    | 153/292 [00:00<00:00, 2599.69it/s, Materializing param=gpt_neox.layers.12.input_layernorm.bias]
Loading weights:  53%|#####2    | 154/292 [00:00<00:00, 2611.79it/s, Materializing param=gpt_neox.layers.12.input_layernorm.weight]
Loading weights:  53%|#####2    | 154/292 [00:00<00:00, 2609.17it/s, Materializing param=gpt_neox.layers.12.input_layernorm.weight]
Loading weights:  53%|#####3    | 155/292 [00:00<00:00, 2621.54it/s, Materializing param=gpt_neox.layers.12.mlp.dense_4h_to_h.bias]
Loading weights:  53%|#####3    | 155/292 [00:00<00:00, 2618.96it/s, Materializing param=gpt_neox.layers.12.mlp.dense_4h_to_h.bias]
Loading weights:  53%|#####3    | 156/292 [00:00<00:00, 2631.19it/s, Materializing param=gpt_neox.layers.12.mlp.dense_4h_to_h.weight]
Loading weights:  53%|#####3    | 156/292 [00:00<00:00, 2628.60it/s, Materializing param=gpt_neox.layers.12.mlp.dense_4h_to_h.weight]
Loading weights:  54%|#####3    | 157/292 [00:00<00:00, 2640.72it/s, Materializing param=gpt_neox.layers.12.mlp.dense_h_to_4h.bias]  
Loading weights:  54%|#####3    | 157/292 [00:00<00:00, 2638.13it/s, Materializing param=gpt_neox.layers.12.mlp.dense_h_to_4h.bias]
Loading weights:  54%|#####4    | 158/292 [00:00<00:00, 2650.17it/s, Materializing param=gpt_neox.layers.12.mlp.dense_h_to_4h.weight]
Loading weights:  54%|#####4    | 158/292 [00:00<00:00, 2641.59it/s, Materializing param=gpt_neox.layers.12.mlp.dense_h_to_4h.weight]
Loading weights:  54%|#####4    | 159/292 [00:00<00:00, 2648.46it/s, Materializing param=gpt_neox.layers.12.post_attention_layernorm.bias]
Loading weights:  54%|#####4    | 159/292 [00:00<00:00, 2645.22it/s, Materializing param=gpt_neox.layers.12.post_attention_layernorm.bias]
Loading weights:  55%|#####4    | 160/292 [00:00<00:00, 2656.47it/s, Materializing param=gpt_neox.layers.12.post_attention_layernorm.weight]
Loading weights:  55%|#####4    | 160/292 [00:00<00:00, 2653.58it/s, Materializing param=gpt_neox.layers.12.post_attention_layernorm.weight]
Loading weights:  55%|#####5    | 161/292 [00:00<00:00, 2665.12it/s, Materializing param=gpt_neox.layers.13.attention.dense.bias]           
Loading weights:  55%|#####5    | 161/292 [00:00<00:00, 2662.48it/s, Materializing param=gpt_neox.layers.13.attention.dense.bias]
Loading weights:  55%|#####5    | 162/292 [00:00<00:00, 2673.93it/s, Materializing param=gpt_neox.layers.13.attention.dense.weight]
Loading weights:  55%|#####5    | 162/292 [00:00<00:00, 2671.31it/s, Materializing param=gpt_neox.layers.13.attention.dense.weight]
Loading weights:  56%|#####5    | 163/292 [00:00<00:00, 2682.83it/s, Materializing param=gpt_neox.layers.13.attention.query_key_value.bias]
Loading weights:  56%|#####5    | 163/292 [00:00<00:00, 2680.18it/s, Materializing param=gpt_neox.layers.13.attention.query_key_value.bias]
Loading weights:  56%|#####6    | 164/292 [00:00<00:00, 2691.76it/s, Materializing param=gpt_neox.layers.13.attention.query_key_value.weight]
Loading weights:  56%|#####6    | 164/292 [00:00<00:00, 2689.15it/s, Materializing param=gpt_neox.layers.13.attention.query_key_value.weight]
Loading weights:  57%|#####6    | 165/292 [00:00<00:00, 2700.74it/s, Materializing param=gpt_neox.layers.13.input_layernorm.bias]            
Loading weights:  57%|#####6    | 165/292 [00:00<00:00, 2698.15it/s, Materializing param=gpt_neox.layers.13.input_layernorm.bias]
Loading weights:  57%|#####6    | 166/292 [00:00<00:00, 2709.77it/s, Materializing param=gpt_neox.layers.13.input_layernorm.weight]
Loading weights:  57%|#####6    | 166/292 [00:00<00:00, 2707.21it/s, Materializing param=gpt_neox.layers.13.input_layernorm.weight]
Loading weights:  57%|#####7    | 167/292 [00:00<00:00, 2718.83it/s, Materializing param=gpt_neox.layers.13.mlp.dense_4h_to_h.bias]
Loading weights:  57%|#####7    | 167/292 [00:00<00:00, 2716.29it/s, Materializing param=gpt_neox.layers.13.mlp.dense_4h_to_h.bias]
Loading weights:  58%|#####7    | 168/292 [00:00<00:00, 2727.54it/s, Materializing param=gpt_neox.layers.13.mlp.dense_4h_to_h.weight]
Loading weights:  58%|#####7    | 168/292 [00:00<00:00, 2724.53it/s, Materializing param=gpt_neox.layers.13.mlp.dense_4h_to_h.weight]
Loading weights:  58%|#####7    | 169/292 [00:00<00:00, 2736.02it/s, Materializing param=gpt_neox.layers.13.mlp.dense_h_to_4h.bias]  
Loading weights:  58%|#####7    | 169/292 [00:00<00:00, 2733.41it/s, Materializing param=gpt_neox.layers.13.mlp.dense_h_to_4h.bias]
Loading weights:  58%|#####8    | 170/292 [00:00<00:00, 2744.85it/s, Materializing param=gpt_neox.layers.13.mlp.dense_h_to_4h.weight]
Loading weights:  58%|#####8    | 170/292 [00:00<00:00, 2742.27it/s, Materializing param=gpt_neox.layers.13.mlp.dense_h_to_4h.weight]
Loading weights:  59%|#####8    | 171/292 [00:00<00:00, 2753.74it/s, Materializing param=gpt_neox.layers.13.post_attention_layernorm.bias]
Loading weights:  59%|#####8    | 171/292 [00:00<00:00, 2751.13it/s, Materializing param=gpt_neox.layers.13.post_attention_layernorm.bias]
Loading weights:  59%|#####8    | 172/292 [00:00<00:00, 2762.57it/s, Materializing param=gpt_neox.layers.13.post_attention_layernorm.weight]
Loading weights:  59%|#####8    | 172/292 [00:00<00:00, 2759.96it/s, Materializing param=gpt_neox.layers.13.post_attention_layernorm.weight]
Loading weights:  59%|#####9    | 173/292 [00:00<00:00, 2771.39it/s, Materializing param=gpt_neox.layers.14.attention.dense.bias]           
Loading weights:  59%|#####9    | 173/292 [00:00<00:00, 2768.80it/s, Materializing param=gpt_neox.layers.14.attention.dense.bias]
Loading weights:  60%|#####9    | 174/292 [00:00<00:00, 2779.99it/s, Materializing param=gpt_neox.layers.14.attention.dense.weight]
Loading weights:  60%|#####9    | 174/292 [00:00<00:00, 2775.81it/s, Materializing param=gpt_neox.layers.14.attention.dense.weight]
Loading weights:  60%|#####9    | 175/292 [00:00<00:00, 2782.54it/s, Materializing param=gpt_neox.layers.14.attention.query_key_value.bias]
Loading weights:  60%|#####9    | 175/292 [00:00<00:00, 2779.40it/s, Materializing param=gpt_neox.layers.14.attention.query_key_value.bias]
Loading weights:  60%|######    | 176/292 [00:00<00:00, 2789.31it/s, Materializing param=gpt_neox.layers.14.attention.query_key_value.weight]
Loading weights:  60%|######    | 176/292 [00:00<00:00, 2786.46it/s, Materializing param=gpt_neox.layers.14.attention.query_key_value.weight]
Loading weights:  61%|######    | 177/292 [00:00<00:00, 2796.57it/s, Materializing param=gpt_neox.layers.14.input_layernorm.bias]            
Loading weights:  61%|######    | 177/292 [00:00<00:00, 2793.84it/s, Materializing param=gpt_neox.layers.14.input_layernorm.bias]
Loading weights:  61%|######    | 178/292 [00:00<00:00, 2800.36it/s, Materializing param=gpt_neox.layers.14.input_layernorm.weight]
Loading weights:  61%|######    | 178/292 [00:00<00:00, 2796.91it/s, Materializing param=gpt_neox.layers.14.input_layernorm.weight]
Loading weights:  61%|######1   | 179/292 [00:00<00:00, 2804.57it/s, Materializing param=gpt_neox.layers.14.mlp.dense_4h_to_h.bias]
Loading weights:  61%|######1   | 179/292 [00:00<00:00, 2801.26it/s, Materializing param=gpt_neox.layers.14.mlp.dense_4h_to_h.bias]
Loading weights:  62%|######1   | 180/292 [00:00<00:00, 2811.00it/s, Materializing param=gpt_neox.layers.14.mlp.dense_4h_to_h.weight]
Loading weights:  62%|######1   | 180/292 [00:00<00:00, 2808.21it/s, Materializing param=gpt_neox.layers.14.mlp.dense_4h_to_h.weight]
Loading weights:  62%|######1   | 181/292 [00:00<00:00, 2818.45it/s, Materializing param=gpt_neox.layers.14.mlp.dense_h_to_4h.bias]  
Loading weights:  62%|######1   | 181/292 [00:00<00:00, 2815.74it/s, Materializing param=gpt_neox.layers.14.mlp.dense_h_to_4h.bias]
Loading weights:  62%|######2   | 182/292 [00:00<00:00, 2826.01it/s, Materializing param=gpt_neox.layers.14.mlp.dense_h_to_4h.weight]
Loading weights:  62%|######2   | 182/292 [00:00<00:00, 2823.37it/s, Materializing param=gpt_neox.layers.14.mlp.dense_h_to_4h.weight]
Loading weights:  63%|######2   | 183/292 [00:00<00:00, 2833.84it/s, Materializing param=gpt_neox.layers.14.post_attention_layernorm.bias]
Loading weights:  63%|######2   | 183/292 [00:00<00:00, 2831.19it/s, Materializing param=gpt_neox.layers.14.post_attention_layernorm.bias]
Loading weights:  63%|######3   | 184/292 [00:00<00:00, 2841.53it/s, Materializing param=gpt_neox.layers.14.post_attention_layernorm.weight]
Loading weights:  63%|######3   | 184/292 [00:00<00:00, 2838.89it/s, Materializing param=gpt_neox.layers.14.post_attention_layernorm.weight]
Loading weights:  63%|######3   | 185/292 [00:00<00:00, 2849.63it/s, Materializing param=gpt_neox.layers.15.attention.dense.bias]           
Loading weights:  63%|######3   | 185/292 [00:00<00:00, 2847.04it/s, Materializing param=gpt_neox.layers.15.attention.dense.bias]
Loading weights:  64%|######3   | 186/292 [00:00<00:00, 2857.55it/s, Materializing param=gpt_neox.layers.15.attention.dense.weight]
Loading weights:  64%|######3   | 186/292 [00:00<00:00, 2854.96it/s, Materializing param=gpt_neox.layers.15.attention.dense.weight]
Loading weights:  64%|######4   | 187/292 [00:00<00:00, 2865.37it/s, Materializing param=gpt_neox.layers.15.attention.query_key_value.bias]
Loading weights:  64%|######4   | 187/292 [00:00<00:00, 2862.72it/s, Materializing param=gpt_neox.layers.15.attention.query_key_value.bias]
Loading weights:  64%|######4   | 188/292 [00:00<00:00, 2872.96it/s, Materializing param=gpt_neox.layers.15.attention.query_key_value.weight]
Loading weights:  64%|######4   | 188/292 [00:00<00:00, 2870.31it/s, Materializing param=gpt_neox.layers.15.attention.query_key_value.weight]
Loading weights:  65%|######4   | 189/292 [00:00<00:00, 2880.92it/s, Materializing param=gpt_neox.layers.15.input_layernorm.bias]            
Loading weights:  65%|######4   | 189/292 [00:00<00:00, 2878.52it/s, Materializing param=gpt_neox.layers.15.input_layernorm.bias]
Loading weights:  65%|######5   | 190/292 [00:00<00:00, 2889.29it/s, Materializing param=gpt_neox.layers.15.input_layernorm.weight]
Loading weights:  65%|######5   | 190/292 [00:00<00:00, 2886.90it/s, Materializing param=gpt_neox.layers.15.input_layernorm.weight]
Loading weights:  65%|######5   | 191/292 [00:00<00:00, 2897.67it/s, Materializing param=gpt_neox.layers.15.mlp.dense_4h_to_h.bias]
Loading weights:  65%|######5   | 191/292 [00:00<00:00, 2895.27it/s, Materializing param=gpt_neox.layers.15.mlp.dense_4h_to_h.bias]
Loading weights:  66%|######5   | 192/292 [00:00<00:00, 2906.02it/s, Materializing param=gpt_neox.layers.15.mlp.dense_4h_to_h.weight]
Loading weights:  66%|######5   | 192/292 [00:00<00:00, 2903.46it/s, Materializing param=gpt_neox.layers.15.mlp.dense_4h_to_h.weight]
Loading weights:  66%|######6   | 193/292 [00:00<00:00, 2913.95it/s, Materializing param=gpt_neox.layers.15.mlp.dense_h_to_4h.bias]  
Loading weights:  66%|######6   | 193/292 [00:00<00:00, 2911.36it/s, Materializing param=gpt_neox.layers.15.mlp.dense_h_to_4h.bias]
Loading weights:  66%|######6   | 194/292 [00:00<00:00, 2921.90it/s, Materializing param=gpt_neox.layers.15.mlp.dense_h_to_4h.weight]
Loading weights:  66%|######6   | 194/292 [00:00<00:00, 2919.35it/s, Materializing param=gpt_neox.layers.15.mlp.dense_h_to_4h.weight]
Loading weights:  67%|######6   | 195/292 [00:00<00:00, 2929.82it/s, Materializing param=gpt_neox.layers.15.post_attention_layernorm.bias]
Loading weights:  67%|######6   | 195/292 [00:00<00:00, 2927.24it/s, Materializing param=gpt_neox.layers.15.post_attention_layernorm.bias]
Loading weights:  67%|######7   | 196/292 [00:00<00:00, 2937.65it/s, Materializing param=gpt_neox.layers.15.post_attention_layernorm.weight]
Loading weights:  67%|######7   | 196/292 [00:00<00:00, 2935.00it/s, Materializing param=gpt_neox.layers.15.post_attention_layernorm.weight]
Loading weights:  67%|######7   | 197/292 [00:00<00:00, 2945.13it/s, Materializing param=gpt_neox.layers.16.attention.dense.bias]           
Loading weights:  67%|######7   | 197/292 [00:00<00:00, 2942.54it/s, Materializing param=gpt_neox.layers.16.attention.dense.bias]
Loading weights:  68%|######7   | 198/292 [00:00<00:00, 2952.79it/s, Materializing param=gpt_neox.layers.16.attention.dense.weight]
Loading weights:  68%|######7   | 198/292 [00:00<00:00, 2950.20it/s, Materializing param=gpt_neox.layers.16.attention.dense.weight]
Loading weights:  68%|######8   | 199/292 [00:00<00:00, 2960.29it/s, Materializing param=gpt_neox.layers.16.attention.query_key_value.bias]
Loading weights:  68%|######8   | 199/292 [00:00<00:00, 2957.66it/s, Materializing param=gpt_neox.layers.16.attention.query_key_value.bias]
Loading weights:  68%|######8   | 200/292 [00:00<00:00, 2967.85it/s, Materializing param=gpt_neox.layers.16.attention.query_key_value.weight]
Loading weights:  68%|######8   | 200/292 [00:00<00:00, 2964.87it/s, Materializing param=gpt_neox.layers.16.attention.query_key_value.weight]
Loading weights:  69%|######8   | 201/292 [00:00<00:00, 2974.83it/s, Materializing param=gpt_neox.layers.16.input_layernorm.bias]            
Loading weights:  69%|######8   | 201/292 [00:00<00:00, 2972.24it/s, Materializing param=gpt_neox.layers.16.input_layernorm.bias]
Loading weights:  69%|######9   | 202/292 [00:00<00:00, 2982.36it/s, Materializing param=gpt_neox.layers.16.input_layernorm.weight]
Loading weights:  69%|######9   | 202/292 [00:00<00:00, 2979.75it/s, Materializing param=gpt_neox.layers.16.input_layernorm.weight]
Loading weights:  70%|######9   | 203/292 [00:00<00:00, 2989.76it/s, Materializing param=gpt_neox.layers.16.mlp.dense_4h_to_h.bias]
Loading weights:  70%|######9   | 203/292 [00:00<00:00, 2987.15it/s, Materializing param=gpt_neox.layers.16.mlp.dense_4h_to_h.bias]
Loading weights:  70%|######9   | 204/292 [00:00<00:00, 2996.99it/s, Materializing param=gpt_neox.layers.16.mlp.dense_4h_to_h.weight]
Loading weights:  70%|######9   | 204/292 [00:00<00:00, 2994.36it/s, Materializing param=gpt_neox.layers.16.mlp.dense_4h_to_h.weight]
Loading weights:  70%|#######   | 205/292 [00:00<00:00, 3004.39it/s, Materializing param=gpt_neox.layers.16.mlp.dense_h_to_4h.bias]  
Loading weights:  70%|#######   | 205/292 [00:00<00:00, 3001.82it/s, Materializing param=gpt_neox.layers.16.mlp.dense_h_to_4h.bias]
Loading weights:  71%|#######   | 206/292 [00:00<00:00, 3011.90it/s, Materializing param=gpt_neox.layers.16.mlp.dense_h_to_4h.weight]
Loading weights:  71%|#######   | 206/292 [00:00<00:00, 3009.32it/s, Materializing param=gpt_neox.layers.16.mlp.dense_h_to_4h.weight]
Loading weights:  71%|#######   | 207/292 [00:00<00:00, 3019.28it/s, Materializing param=gpt_neox.layers.16.post_attention_layernorm.bias]
Loading weights:  71%|#######   | 207/292 [00:00<00:00, 3016.68it/s, Materializing param=gpt_neox.layers.16.post_attention_layernorm.bias]
Loading weights:  71%|#######1  | 208/292 [00:00<00:00, 3026.61it/s, Materializing param=gpt_neox.layers.16.post_attention_layernorm.weight]
Loading weights:  71%|#######1  | 208/292 [00:00<00:00, 3024.01it/s, Materializing param=gpt_neox.layers.16.post_attention_layernorm.weight]
Loading weights:  72%|#######1  | 209/292 [00:00<00:00, 3034.01it/s, Materializing param=gpt_neox.layers.17.attention.dense.bias]           
Loading weights:  72%|#######1  | 209/292 [00:00<00:00, 3031.44it/s, Materializing param=gpt_neox.layers.17.attention.dense.bias]
Loading weights:  72%|#######1  | 210/292 [00:00<00:00, 3041.21it/s, Materializing param=gpt_neox.layers.17.attention.dense.weight]
Loading weights:  72%|#######1  | 210/292 [00:00<00:00, 3038.65it/s, Materializing param=gpt_neox.layers.17.attention.dense.weight]
Loading weights:  72%|#######2  | 211/292 [00:00<00:00, 3048.52it/s, Materializing param=gpt_neox.layers.17.attention.query_key_value.bias]
Loading weights:  72%|#######2  | 211/292 [00:00<00:00, 3045.90it/s, Materializing param=gpt_neox.layers.17.attention.query_key_value.bias]
Loading weights:  73%|#######2  | 212/292 [00:00<00:00, 3055.48it/s, Materializing param=gpt_neox.layers.17.attention.query_key_value.weight]
Loading weights:  73%|#######2  | 212/292 [00:00<00:00, 3052.52it/s, Materializing param=gpt_neox.layers.17.attention.query_key_value.weight]
Loading weights:  73%|#######2  | 213/292 [00:00<00:00, 3062.15it/s, Materializing param=gpt_neox.layers.17.input_layernorm.bias]            
Loading weights:  73%|#######2  | 213/292 [00:00<00:00, 3059.59it/s, Materializing param=gpt_neox.layers.17.input_layernorm.bias]
Loading weights:  73%|#######3  | 214/292 [00:00<00:00, 3069.37it/s, Materializing param=gpt_neox.layers.17.input_layernorm.weight]
Loading weights:  73%|#######3  | 214/292 [00:00<00:00, 3066.81it/s, Materializing param=gpt_neox.layers.17.input_layernorm.weight]
Loading weights:  74%|#######3  | 215/292 [00:00<00:00, 3076.68it/s, Materializing param=gpt_neox.layers.17.mlp.dense_4h_to_h.bias]
Loading weights:  74%|#######3  | 215/292 [00:00<00:00, 3074.14it/s, Materializing param=gpt_neox.layers.17.mlp.dense_4h_to_h.bias]
Loading weights:  74%|#######3  | 216/292 [00:00<00:00, 3083.85it/s, Materializing param=gpt_neox.layers.17.mlp.dense_4h_to_h.weight]
Loading weights:  74%|#######3  | 216/292 [00:00<00:00, 3081.30it/s, Materializing param=gpt_neox.layers.17.mlp.dense_4h_to_h.weight]
Loading weights:  74%|#######4  | 217/292 [00:00<00:00, 3091.01it/s, Materializing param=gpt_neox.layers.17.mlp.dense_h_to_4h.bias]  
Loading weights:  74%|#######4  | 217/292 [00:00<00:00, 3088.43it/s, Materializing param=gpt_neox.layers.17.mlp.dense_h_to_4h.bias]
Loading weights:  75%|#######4  | 218/292 [00:00<00:00, 3098.04it/s, Materializing param=gpt_neox.layers.17.mlp.dense_h_to_4h.weight]
Loading weights:  75%|#######4  | 218/292 [00:00<00:00, 3095.47it/s, Materializing param=gpt_neox.layers.17.mlp.dense_h_to_4h.weight]
Loading weights:  75%|#######5  | 219/292 [00:00<00:00, 3105.16it/s, Materializing param=gpt_neox.layers.17.post_attention_layernorm.bias]
Loading weights:  75%|#######5  | 219/292 [00:00<00:00, 3102.72it/s, Materializing param=gpt_neox.layers.17.post_attention_layernorm.bias]
Loading weights:  75%|#######5  | 220/292 [00:00<00:00, 3112.46it/s, Materializing param=gpt_neox.layers.17.post_attention_layernorm.weight]
Loading weights:  75%|#######5  | 220/292 [00:00<00:00, 3109.75it/s, Materializing param=gpt_neox.layers.17.post_attention_layernorm.weight]
Loading weights:  76%|#######5  | 221/292 [00:00<00:00, 3119.06it/s, Materializing param=gpt_neox.layers.18.attention.dense.bias]           
Loading weights:  76%|#######5  | 221/292 [00:00<00:00, 3116.50it/s, Materializing param=gpt_neox.layers.18.attention.dense.bias]
Loading weights:  76%|#######6  | 222/292 [00:00<00:00, 3124.18it/s, Materializing param=gpt_neox.layers.18.attention.dense.weight]
Loading weights:  76%|#######6  | 222/292 [00:00<00:00, 3120.03it/s, Materializing param=gpt_neox.layers.18.attention.dense.weight]
Loading weights:  76%|#######6  | 223/292 [00:00<00:00, 3126.31it/s, Materializing param=gpt_neox.layers.18.attention.query_key_value.bias]
Loading weights:  76%|#######6  | 223/292 [00:00<00:00, 3123.26it/s, Materializing param=gpt_neox.layers.18.attention.query_key_value.bias]
Loading weights:  77%|#######6  | 224/292 [00:00<00:00, 3131.48it/s, Materializing param=gpt_neox.layers.18.attention.query_key_value.weight]
Loading weights:  77%|#######6  | 224/292 [00:00<00:00, 3128.54it/s, Materializing param=gpt_neox.layers.18.attention.query_key_value.weight]
Loading weights:  77%|#######7  | 225/292 [00:00<00:00, 3137.00it/s, Materializing param=gpt_neox.layers.18.input_layernorm.bias]            
Loading weights:  77%|#######7  | 225/292 [00:00<00:00, 3134.21it/s, Materializing param=gpt_neox.layers.18.input_layernorm.bias]
Loading weights:  77%|#######7  | 226/292 [00:00<00:00, 3142.12it/s, Materializing param=gpt_neox.layers.18.input_layernorm.weight]
Loading weights:  77%|#######7  | 226/292 [00:00<00:00, 3139.43it/s, Materializing param=gpt_neox.layers.18.input_layernorm.weight]
Loading weights:  78%|#######7  | 227/292 [00:00<00:00, 3147.94it/s, Materializing param=gpt_neox.layers.18.mlp.dense_4h_to_h.bias]
Loading weights:  78%|#######7  | 227/292 [00:00<00:00, 3145.14it/s, Materializing param=gpt_neox.layers.18.mlp.dense_4h_to_h.bias]
Loading weights:  78%|#######8  | 228/292 [00:00<00:00, 3153.34it/s, Materializing param=gpt_neox.layers.18.mlp.dense_4h_to_h.weight]
Loading weights:  78%|#######8  | 228/292 [00:00<00:00, 3150.75it/s, Materializing param=gpt_neox.layers.18.mlp.dense_4h_to_h.weight]
Loading weights:  78%|#######8  | 229/292 [00:00<00:00, 3159.59it/s, Materializing param=gpt_neox.layers.18.mlp.dense_h_to_4h.bias]  
Loading weights:  78%|#######8  | 229/292 [00:00<00:00, 3157.03it/s, Materializing param=gpt_neox.layers.18.mlp.dense_h_to_4h.bias]
Loading weights:  79%|#######8  | 230/292 [00:00<00:00, 3166.09it/s, Materializing param=gpt_neox.layers.18.mlp.dense_h_to_4h.weight]
Loading weights:  79%|#######8  | 230/292 [00:00<00:00, 3163.52it/s, Materializing param=gpt_neox.layers.18.mlp.dense_h_to_4h.weight]
Loading weights:  79%|#######9  | 231/292 [00:00<00:00, 3172.43it/s, Materializing param=gpt_neox.layers.18.post_attention_layernorm.bias]
Loading weights:  79%|#######9  | 231/292 [00:00<00:00, 3169.31it/s, Materializing param=gpt_neox.layers.18.post_attention_layernorm.bias]
Loading weights:  79%|#######9  | 232/292 [00:00<00:00, 3177.54it/s, Materializing param=gpt_neox.layers.18.post_attention_layernorm.weight]
Loading weights:  79%|#######9  | 232/292 [00:00<00:00, 3174.84it/s, Materializing param=gpt_neox.layers.18.post_attention_layernorm.weight]
Loading weights:  80%|#######9  | 233/292 [00:00<00:00, 3183.55it/s, Materializing param=gpt_neox.layers.19.attention.dense.bias]           
Loading weights:  80%|#######9  | 233/292 [00:00<00:00, 3181.03it/s, Materializing param=gpt_neox.layers.19.attention.dense.bias]
Loading weights:  80%|########  | 234/292 [00:00<00:00, 3189.46it/s, Materializing param=gpt_neox.layers.19.attention.dense.weight]
Loading weights:  80%|########  | 234/292 [00:00<00:00, 3186.80it/s, Materializing param=gpt_neox.layers.19.attention.dense.weight]
Loading weights:  80%|########  | 235/292 [00:00<00:00, 3195.85it/s, Materializing param=gpt_neox.layers.19.attention.query_key_value.bias]
Loading weights:  80%|########  | 235/292 [00:00<00:00, 3193.30it/s, Materializing param=gpt_neox.layers.19.attention.query_key_value.bias]
Loading weights:  81%|########  | 236/292 [00:00<00:00, 3197.43it/s, Materializing param=gpt_neox.layers.19.attention.query_key_value.weight]
Loading weights:  81%|########  | 236/292 [00:00<00:00, 3193.79it/s, Materializing param=gpt_neox.layers.19.attention.query_key_value.weight]
Loading weights:  81%|########1 | 237/292 [00:00<00:00, 3201.93it/s, Materializing param=gpt_neox.layers.19.input_layernorm.bias]            
Loading weights:  81%|########1 | 237/292 [00:00<00:00, 3199.25it/s, Materializing param=gpt_neox.layers.19.input_layernorm.bias]
Loading weights:  82%|########1 | 238/292 [00:00<00:00, 3207.73it/s, Materializing param=gpt_neox.layers.19.input_layernorm.weight]
Loading weights:  82%|########1 | 238/292 [00:00<00:00, 3205.09it/s, Materializing param=gpt_neox.layers.19.input_layernorm.weight]
Loading weights:  82%|########1 | 239/292 [00:00<00:00, 3213.78it/s, Materializing param=gpt_neox.layers.19.mlp.dense_4h_to_h.bias]
Loading weights:  82%|########1 | 239/292 [00:00<00:00, 3211.21it/s, Materializing param=gpt_neox.layers.19.mlp.dense_4h_to_h.bias]
Loading weights:  82%|########2 | 240/292 [00:00<00:00, 3219.83it/s, Materializing param=gpt_neox.layers.19.mlp.dense_4h_to_h.weight]
Loading weights:  82%|########2 | 240/292 [00:00<00:00, 3217.21it/s, Materializing param=gpt_neox.layers.19.mlp.dense_4h_to_h.weight]
Loading weights:  83%|########2 | 241/292 [00:00<00:00, 3225.92it/s, Materializing param=gpt_neox.layers.19.mlp.dense_h_to_4h.bias]  
Loading weights:  83%|########2 | 241/292 [00:00<00:00, 3223.32it/s, Materializing param=gpt_neox.layers.19.mlp.dense_h_to_4h.bias]
Loading weights:  83%|########2 | 242/292 [00:00<00:00, 3231.76it/s, Materializing param=gpt_neox.layers.19.mlp.dense_h_to_4h.weight]
Loading weights:  83%|########2 | 242/292 [00:00<00:00, 3229.19it/s, Materializing param=gpt_neox.layers.19.mlp.dense_h_to_4h.weight]
Loading weights:  83%|########3 | 243/292 [00:00<00:00, 3237.81it/s, Materializing param=gpt_neox.layers.19.post_attention_layernorm.bias]
Loading weights:  83%|########3 | 243/292 [00:00<00:00, 3235.24it/s, Materializing param=gpt_neox.layers.19.post_attention_layernorm.bias]
Loading weights:  84%|########3 | 244/292 [00:00<00:00, 3243.94it/s, Materializing param=gpt_neox.layers.19.post_attention_layernorm.weight]
Loading weights:  84%|########3 | 244/292 [00:00<00:00, 3241.28it/s, Materializing param=gpt_neox.layers.19.post_attention_layernorm.weight]
Loading weights:  84%|########3 | 245/292 [00:00<00:00, 3249.73it/s, Materializing param=gpt_neox.layers.20.attention.dense.bias]           
Loading weights:  84%|########3 | 245/292 [00:00<00:00, 3246.70it/s, Materializing param=gpt_neox.layers.20.attention.dense.bias]
Loading weights:  84%|########4 | 246/292 [00:00<00:00, 3255.10it/s, Materializing param=gpt_neox.layers.20.attention.dense.weight]
Loading weights:  84%|########4 | 246/292 [00:00<00:00, 3252.57it/s, Materializing param=gpt_neox.layers.20.attention.dense.weight]
Loading weights:  85%|########4 | 247/292 [00:00<00:00, 3261.04it/s, Materializing param=gpt_neox.layers.20.attention.query_key_value.bias]
Loading weights:  85%|########4 | 247/292 [00:00<00:00, 3258.44it/s, Materializing param=gpt_neox.layers.20.attention.query_key_value.bias]
Loading weights:  85%|########4 | 248/292 [00:00<00:00, 3266.96it/s, Materializing param=gpt_neox.layers.20.attention.query_key_value.weight]
Loading weights:  85%|########4 | 248/292 [00:00<00:00, 3264.40it/s, Materializing param=gpt_neox.layers.20.attention.query_key_value.weight]
Loading weights:  85%|########5 | 249/292 [00:00<00:00, 3273.06it/s, Materializing param=gpt_neox.layers.20.input_layernorm.bias]            
Loading weights:  85%|########5 | 249/292 [00:00<00:00, 3270.71it/s, Materializing param=gpt_neox.layers.20.input_layernorm.bias]
Loading weights:  86%|########5 | 250/292 [00:00<00:00, 3279.53it/s, Materializing param=gpt_neox.layers.20.input_layernorm.weight]
Loading weights:  86%|########5 | 250/292 [00:00<00:00, 3277.22it/s, Materializing param=gpt_neox.layers.20.input_layernorm.weight]
Loading weights:  86%|########5 | 251/292 [00:00<00:00, 3286.02it/s, Materializing param=gpt_neox.layers.20.mlp.dense_4h_to_h.bias]
Loading weights:  86%|########5 | 251/292 [00:00<00:00, 3283.48it/s, Materializing param=gpt_neox.layers.20.mlp.dense_4h_to_h.bias]
Loading weights:  86%|########6 | 252/292 [00:00<00:00, 3292.02it/s, Materializing param=gpt_neox.layers.20.mlp.dense_4h_to_h.weight]
Loading weights:  86%|########6 | 252/292 [00:00<00:00, 3289.52it/s, Materializing param=gpt_neox.layers.20.mlp.dense_4h_to_h.weight]
Loading weights:  87%|########6 | 253/292 [00:00<00:00, 3298.14it/s, Materializing param=gpt_neox.layers.20.mlp.dense_h_to_4h.bias]  
Loading weights:  87%|########6 | 253/292 [00:00<00:00, 3295.56it/s, Materializing param=gpt_neox.layers.20.mlp.dense_h_to_4h.bias]
Loading weights:  87%|########6 | 254/292 [00:00<00:00, 3303.81it/s, Materializing param=gpt_neox.layers.20.mlp.dense_h_to_4h.weight]
Loading weights:  87%|########6 | 254/292 [00:00<00:00, 3301.29it/s, Materializing param=gpt_neox.layers.20.mlp.dense_h_to_4h.weight]
Loading weights:  87%|########7 | 255/292 [00:00<00:00, 3309.76it/s, Materializing param=gpt_neox.layers.20.post_attention_layernorm.bias]
Loading weights:  87%|########7 | 255/292 [00:00<00:00, 3307.20it/s, Materializing param=gpt_neox.layers.20.post_attention_layernorm.bias]
Loading weights:  88%|########7 | 256/292 [00:00<00:00, 3315.60it/s, Materializing param=gpt_neox.layers.20.post_attention_layernorm.weight]
Loading weights:  88%|########7 | 256/292 [00:00<00:00, 3313.07it/s, Materializing param=gpt_neox.layers.20.post_attention_layernorm.weight]
Loading weights:  88%|########8 | 257/292 [00:00<00:00, 3321.53it/s, Materializing param=gpt_neox.layers.21.attention.dense.bias]           
Loading weights:  88%|########8 | 257/292 [00:00<00:00, 3318.73it/s, Materializing param=gpt_neox.layers.21.attention.dense.bias]
Loading weights:  88%|########8 | 258/292 [00:00<00:00, 3326.95it/s, Materializing param=gpt_neox.layers.21.attention.dense.weight]
Loading weights:  88%|########8 | 258/292 [00:00<00:00, 3324.43it/s, Materializing param=gpt_neox.layers.21.attention.dense.weight]
Loading weights:  89%|########8 | 259/292 [00:00<00:00, 3332.84it/s, Materializing param=gpt_neox.layers.21.attention.query_key_value.bias]
Loading weights:  89%|########8 | 259/292 [00:00<00:00, 3330.28it/s, Materializing param=gpt_neox.layers.21.attention.query_key_value.bias]
Loading weights:  89%|########9 | 260/292 [00:00<00:00, 3338.63it/s, Materializing param=gpt_neox.layers.21.attention.query_key_value.weight]
Loading weights:  89%|########9 | 260/292 [00:00<00:00, 3336.00it/s, Materializing param=gpt_neox.layers.21.attention.query_key_value.weight]
Loading weights:  89%|########9 | 261/292 [00:00<00:00, 3344.04it/s, Materializing param=gpt_neox.layers.21.input_layernorm.bias]            
Loading weights:  89%|########9 | 261/292 [00:00<00:00, 3341.54it/s, Materializing param=gpt_neox.layers.21.input_layernorm.bias]
Loading weights:  90%|########9 | 262/292 [00:00<00:00, 3349.99it/s, Materializing param=gpt_neox.layers.21.input_layernorm.weight]
Loading weights:  90%|########9 | 262/292 [00:00<00:00, 3347.51it/s, Materializing param=gpt_neox.layers.21.input_layernorm.weight]
Loading weights:  90%|######### | 263/292 [00:00<00:00, 3355.91it/s, Materializing param=gpt_neox.layers.21.mlp.dense_4h_to_h.bias]
Loading weights:  90%|######### | 263/292 [00:00<00:00, 3353.45it/s, Materializing param=gpt_neox.layers.21.mlp.dense_4h_to_h.bias]
Loading weights:  90%|######### | 264/292 [00:00<00:00, 3361.80it/s, Materializing param=gpt_neox.layers.21.mlp.dense_4h_to_h.weight]
Loading weights:  90%|######### | 264/292 [00:00<00:00, 3359.33it/s, Materializing param=gpt_neox.layers.21.mlp.dense_4h_to_h.weight]
Loading weights:  91%|######### | 265/292 [00:00<00:00, 3367.66it/s, Materializing param=gpt_neox.layers.21.mlp.dense_h_to_4h.bias]  
Loading weights:  91%|######### | 265/292 [00:00<00:00, 3365.18it/s, Materializing param=gpt_neox.layers.21.mlp.dense_h_to_4h.bias]
Loading weights:  91%|#########1| 266/292 [00:00<00:00, 3373.50it/s, Materializing param=gpt_neox.layers.21.mlp.dense_h_to_4h.weight]
Loading weights:  91%|#########1| 266/292 [00:00<00:00, 3371.05it/s, Materializing param=gpt_neox.layers.21.mlp.dense_h_to_4h.weight]
Loading weights:  91%|#########1| 267/292 [00:00<00:00, 3379.32it/s, Materializing param=gpt_neox.layers.21.post_attention_layernorm.bias]
Loading weights:  91%|#########1| 267/292 [00:00<00:00, 3376.82it/s, Materializing param=gpt_neox.layers.21.post_attention_layernorm.bias]
Loading weights:  92%|#########1| 268/292 [00:00<00:00, 3385.07it/s, Materializing param=gpt_neox.layers.21.post_attention_layernorm.weight]
Loading weights:  92%|#########1| 268/292 [00:00<00:00, 3382.42it/s, Materializing param=gpt_neox.layers.21.post_attention_layernorm.weight]
Loading weights:  92%|#########2| 269/292 [00:00<00:00, 3387.80it/s, Materializing param=gpt_neox.layers.22.attention.dense.bias]           
Loading weights:  92%|#########2| 269/292 [00:00<00:00, 3383.46it/s, Materializing param=gpt_neox.layers.22.attention.dense.bias]
Loading weights:  92%|#########2| 270/292 [00:00<00:00, 3388.03it/s, Materializing param=gpt_neox.layers.22.attention.dense.weight]
Loading weights:  92%|#########2| 270/292 [00:00<00:00, 3384.83it/s, Materializing param=gpt_neox.layers.22.attention.dense.weight]
Loading weights:  93%|#########2| 271/292 [00:00<00:00, 3391.53it/s, Materializing param=gpt_neox.layers.22.attention.query_key_value.bias]
Loading weights:  93%|#########2| 271/292 [00:00<00:00, 3388.77it/s, Materializing param=gpt_neox.layers.22.attention.query_key_value.bias]
Loading weights:  93%|#########3| 272/292 [00:00<00:00, 3395.32it/s, Materializing param=gpt_neox.layers.22.attention.query_key_value.weight]
Loading weights:  93%|#########3| 272/292 [00:00<00:00, 3392.63it/s, Materializing param=gpt_neox.layers.22.attention.query_key_value.weight]
Loading weights:  93%|#########3| 273/292 [00:00<00:00, 3399.23it/s, Materializing param=gpt_neox.layers.22.input_layernorm.bias]            
Loading weights:  93%|#########3| 273/292 [00:00<00:00, 3396.63it/s, Materializing param=gpt_neox.layers.22.input_layernorm.bias]
Loading weights:  94%|#########3| 274/292 [00:00<00:00, 3403.55it/s, Materializing param=gpt_neox.layers.22.input_layernorm.weight]
Loading weights:  94%|#########3| 274/292 [00:00<00:00, 3400.80it/s, Materializing param=gpt_neox.layers.22.input_layernorm.weight]
Loading weights:  94%|#########4| 275/292 [00:00<00:00, 3407.32it/s, Materializing param=gpt_neox.layers.22.mlp.dense_4h_to_h.bias]
Loading weights:  94%|#########4| 275/292 [00:00<00:00, 3404.70it/s, Materializing param=gpt_neox.layers.22.mlp.dense_4h_to_h.bias]
Loading weights:  95%|#########4| 276/292 [00:00<00:00, 3411.67it/s, Materializing param=gpt_neox.layers.22.mlp.dense_4h_to_h.weight]
Loading weights:  95%|#########4| 276/292 [00:00<00:00, 3409.11it/s, Materializing param=gpt_neox.layers.22.mlp.dense_4h_to_h.weight]
Loading weights:  95%|#########4| 277/292 [00:00<00:00, 3416.04it/s, Materializing param=gpt_neox.layers.22.mlp.dense_h_to_4h.bias]  
Loading weights:  95%|#########4| 277/292 [00:00<00:00, 3413.45it/s, Materializing param=gpt_neox.layers.22.mlp.dense_h_to_4h.bias]
Loading weights:  95%|#########5| 278/292 [00:00<00:00, 3420.82it/s, Materializing param=gpt_neox.layers.22.mlp.dense_h_to_4h.weight]
Loading weights:  95%|#########5| 278/292 [00:00<00:00, 3418.21it/s, Materializing param=gpt_neox.layers.22.mlp.dense_h_to_4h.weight]
Loading weights:  96%|#########5| 279/292 [00:00<00:00, 3425.43it/s, Materializing param=gpt_neox.layers.22.post_attention_layernorm.bias]
Loading weights:  96%|#########5| 279/292 [00:00<00:00, 3422.89it/s, Materializing param=gpt_neox.layers.22.post_attention_layernorm.bias]
Loading weights:  96%|#########5| 280/292 [00:00<00:00, 3430.30it/s, Materializing param=gpt_neox.layers.22.post_attention_layernorm.weight]
Loading weights:  96%|#########5| 280/292 [00:00<00:00, 3427.30it/s, Materializing param=gpt_neox.layers.22.post_attention_layernorm.weight]
Loading weights:  96%|#########6| 281/292 [00:00<00:00, 3434.38it/s, Materializing param=gpt_neox.layers.23.attention.dense.bias]           
Loading weights:  96%|#########6| 281/292 [00:00<00:00, 3431.73it/s, Materializing param=gpt_neox.layers.23.attention.dense.bias]
Loading weights:  97%|#########6| 282/292 [00:00<00:00, 3438.31it/s, Materializing param=gpt_neox.layers.23.attention.dense.weight]
Loading weights:  97%|#########6| 282/292 [00:00<00:00, 3435.64it/s, Materializing param=gpt_neox.layers.23.attention.dense.weight]
Loading weights:  97%|#########6| 283/292 [00:00<00:00, 3442.90it/s, Materializing param=gpt_neox.layers.23.attention.query_key_value.bias]
Loading weights:  97%|#########6| 283/292 [00:00<00:00, 3440.35it/s, Materializing param=gpt_neox.layers.23.attention.query_key_value.bias]
Loading weights:  97%|#########7| 284/292 [00:00<00:00, 3447.92it/s, Materializing param=gpt_neox.layers.23.attention.query_key_value.weight]
Loading weights:  97%|#########7| 284/292 [00:00<00:00, 3445.33it/s, Materializing param=gpt_neox.layers.23.attention.query_key_value.weight]
Loading weights:  98%|#########7| 285/292 [00:00<00:00, 3452.68it/s, Materializing param=gpt_neox.layers.23.input_layernorm.bias]            
Loading weights:  98%|#########7| 285/292 [00:00<00:00, 3450.15it/s, Materializing param=gpt_neox.layers.23.input_layernorm.bias]
Loading weights:  98%|#########7| 286/292 [00:00<00:00, 3457.08it/s, Materializing param=gpt_neox.layers.23.input_layernorm.weight]
Loading weights:  98%|#########7| 286/292 [00:00<00:00, 3454.61it/s, Materializing param=gpt_neox.layers.23.input_layernorm.weight]
Loading weights:  98%|#########8| 287/292 [00:00<00:00, 3462.02it/s, Materializing param=gpt_neox.layers.23.mlp.dense_4h_to_h.bias]
Loading weights:  98%|#########8| 287/292 [00:00<00:00, 3459.45it/s, Materializing param=gpt_neox.layers.23.mlp.dense_4h_to_h.bias]
Loading weights:  99%|#########8| 288/292 [00:00<00:00, 3466.96it/s, Materializing param=gpt_neox.layers.23.mlp.dense_4h_to_h.weight]
Loading weights:  99%|#########8| 288/292 [00:00<00:00, 3464.50it/s, Materializing param=gpt_neox.layers.23.mlp.dense_4h_to_h.weight]
Loading weights:  99%|#########8| 289/292 [00:00<00:00, 3471.61it/s, Materializing param=gpt_neox.layers.23.mlp.dense_h_to_4h.bias]  
Loading weights:  99%|#########8| 289/292 [00:00<00:00, 3469.11it/s, Materializing param=gpt_neox.layers.23.mlp.dense_h_to_4h.bias]
Loading weights:  99%|#########9| 290/292 [00:00<00:00, 3476.63it/s, Materializing param=gpt_neox.layers.23.mlp.dense_h_to_4h.weight]
Loading weights:  99%|#########9| 290/292 [00:00<00:00, 3474.15it/s, Materializing param=gpt_neox.layers.23.mlp.dense_h_to_4h.weight]
Loading weights: 100%|#########9| 291/292 [00:00<00:00, 3481.68it/s, Materializing param=gpt_neox.layers.23.post_attention_layernorm.bias]
Loading weights: 100%|#########9| 291/292 [00:00<00:00, 3479.20it/s, Materializing param=gpt_neox.layers.23.post_attention_layernorm.bias]
Loading weights: 100%|##########| 292/292 [00:00<00:00, 3486.65it/s, Materializing param=gpt_neox.layers.23.post_attention_layernorm.weight]
Loading weights: 100%|##########| 292/292 [00:00<00:00, 3484.16it/s, Materializing param=gpt_neox.layers.23.post_attention_layernorm.weight]
Loading weights: 100%|##########| 292/292 [00:00<00:00, 3479.02it/s, Materializing param=gpt_neox.layers.23.post_attention_layernorm.weight]

Loading weights:   0%|          | 0/292 [00:00<?, ?it/s]
Loading weights:   0%|          | 1/292 [00:00<00:00, 42799.02it/s, Materializing param=embed_out.weight]
Loading weights:   0%|          | 1/292 [00:00<00:00, 9576.04it/s, Materializing param=embed_out.weight] 
Loading weights:   1%|          | 2/292 [00:00<00:00, 2840.71it/s, Materializing param=gpt_neox.embed_in.weight]
Loading weights:   1%|          | 2/292 [00:00<00:00, 1938.67it/s, Materializing param=gpt_neox.embed_in.weight]
Loading weights:   1%|1         | 3/292 [00:00<00:00, 1653.69it/s, Materializing param=gpt_neox.final_layer_norm.bias]
Loading weights:   1%|1         | 3/292 [00:00<00:00, 1553.83it/s, Materializing param=gpt_neox.final_layer_norm.bias]
Loading weights:   1%|1         | 4/292 [00:00<00:00, 1648.87it/s, Materializing param=gpt_neox.final_layer_norm.weight]
Loading weights:   1%|1         | 4/292 [00:00<00:00, 1604.55it/s, Materializing param=gpt_neox.final_layer_norm.weight]
Loading weights:   2%|1         | 5/292 [00:00<00:00, 1432.58it/s, Materializing param=gpt_neox.layers.0.attention.dense.bias]
Loading weights:   2%|1         | 5/292 [00:00<00:00, 1376.35it/s, Materializing param=gpt_neox.layers.0.attention.dense.bias]
Loading weights:   2%|2         | 6/292 [00:00<00:00, 1550.38it/s, Materializing param=gpt_neox.layers.0.attention.dense.weight]
Loading weights:   2%|2         | 6/292 [00:00<00:00, 1520.13it/s, Materializing param=gpt_neox.layers.0.attention.dense.weight]
Loading weights:   2%|2         | 7/292 [00:00<00:00, 1558.23it/s, Materializing param=gpt_neox.layers.0.attention.query_key_value.bias]
Loading weights:   2%|2         | 7/292 [00:00<00:00, 1388.32it/s, Materializing param=gpt_neox.layers.0.attention.query_key_value.bias]
Loading weights:   3%|2         | 8/292 [00:00<00:00, 1443.14it/s, Materializing param=gpt_neox.layers.0.attention.query_key_value.weight]
Loading weights:   3%|2         | 8/292 [00:00<00:00, 1406.89it/s, Materializing param=gpt_neox.layers.0.attention.query_key_value.weight]
Loading weights:   3%|3         | 9/292 [00:00<00:00, 1365.19it/s, Materializing param=gpt_neox.layers.0.input_layernorm.bias]            
Loading weights:   3%|3         | 9/292 [00:00<00:00, 1310.27it/s, Materializing param=gpt_neox.layers.0.input_layernorm.bias]
Loading weights:   3%|3         | 10/292 [00:00<00:00, 1151.55it/s, Materializing param=gpt_neox.layers.0.input_layernorm.weight]
Loading weights:   3%|3         | 10/292 [00:00<00:00, 1069.27it/s, Materializing param=gpt_neox.layers.0.input_layernorm.weight]
Loading weights:   4%|3         | 11/292 [00:00<00:00, 1092.76it/s, Materializing param=gpt_neox.layers.0.mlp.dense_4h_to_h.bias]
Loading weights:   4%|3         | 11/292 [00:00<00:00, 1081.74it/s, Materializing param=gpt_neox.layers.0.mlp.dense_4h_to_h.bias]
Loading weights:   4%|4         | 12/292 [00:00<00:00, 1151.70it/s, Materializing param=gpt_neox.layers.0.mlp.dense_4h_to_h.weight]
Loading weights:   4%|4         | 12/292 [00:00<00:00, 1143.36it/s, Materializing param=gpt_neox.layers.0.mlp.dense_4h_to_h.weight]
Loading weights:   4%|4         | 13/292 [00:00<00:00, 1182.03it/s, Materializing param=gpt_neox.layers.0.mlp.dense_h_to_4h.bias]  
Loading weights:   4%|4         | 13/292 [00:00<00:00, 1165.33it/s, Materializing param=gpt_neox.layers.0.mlp.dense_h_to_4h.bias]
Loading weights:   5%|4         | 14/292 [00:00<00:00, 1218.46it/s, Materializing param=gpt_neox.layers.0.mlp.dense_h_to_4h.weight]
Loading weights:   5%|4         | 14/292 [00:00<00:00, 1208.93it/s, Materializing param=gpt_neox.layers.0.mlp.dense_h_to_4h.weight]
Loading weights:   5%|5         | 15/292 [00:00<00:00, 1235.87it/s, Materializing param=gpt_neox.layers.0.post_attention_layernorm.bias]
Loading weights:   5%|5         | 15/292 [00:00<00:00, 1166.96it/s, Materializing param=gpt_neox.layers.0.post_attention_layernorm.bias]
Loading weights:   5%|5         | 16/292 [00:00<00:00, 1169.82it/s, Materializing param=gpt_neox.layers.0.post_attention_layernorm.weight]
Loading weights:   5%|5         | 16/292 [00:00<00:00, 1163.57it/s, Materializing param=gpt_neox.layers.0.post_attention_layernorm.weight]
Loading weights:   6%|5         | 17/292 [00:00<00:00, 1210.29it/s, Materializing param=gpt_neox.layers.1.attention.dense.bias]           
Loading weights:   6%|5         | 17/292 [00:00<00:00, 1198.25it/s, Materializing param=gpt_neox.layers.1.attention.dense.bias]
Loading weights:   6%|6         | 18/292 [00:00<00:00, 1213.71it/s, Materializing param=gpt_neox.layers.1.attention.dense.weight]
Loading weights:   6%|6         | 18/292 [00:00<00:00, 1204.93it/s, Materializing param=gpt_neox.layers.1.attention.dense.weight]
Loading weights:   7%|6         | 19/292 [00:00<00:00, 1242.56it/s, Materializing param=gpt_neox.layers.1.attention.query_key_value.bias]
Loading weights:   7%|6         | 19/292 [00:00<00:00, 1233.56it/s, Materializing param=gpt_neox.layers.1.attention.query_key_value.bias]
Loading weights:   7%|6         | 20/292 [00:00<00:00, 1262.26it/s, Materializing param=gpt_neox.layers.1.attention.query_key_value.weight]
Loading weights:   7%|6         | 20/292 [00:00<00:00, 1247.17it/s, Materializing param=gpt_neox.layers.1.attention.query_key_value.weight]
Loading weights:   7%|7         | 21/292 [00:00<00:00, 1272.87it/s, Materializing param=gpt_neox.layers.1.input_layernorm.bias]            
Loading weights:   7%|7         | 21/292 [00:00<00:00, 1264.31it/s, Materializing param=gpt_neox.layers.1.input_layernorm.bias]
Loading weights:   8%|7         | 22/292 [00:00<00:00, 1281.59it/s, Materializing param=gpt_neox.layers.1.input_layernorm.weight]
Loading weights:   8%|7         | 22/292 [00:00<00:00, 1275.32it/s, Materializing param=gpt_neox.layers.1.input_layernorm.weight]
Loading weights:   8%|7         | 23/292 [00:00<00:00, 1292.04it/s, Materializing param=gpt_neox.layers.1.mlp.dense_4h_to_h.bias]
Loading weights:   8%|7         | 23/292 [00:00<00:00, 1245.68it/s, Materializing param=gpt_neox.layers.1.mlp.dense_4h_to_h.bias]
Loading weights:   8%|8         | 24/292 [00:00<00:00, 1279.50it/s, Materializing param=gpt_neox.layers.1.mlp.dense_4h_to_h.weight]
Loading weights:   8%|8         | 24/292 [00:00<00:00, 1265.97it/s, Materializing param=gpt_neox.layers.1.mlp.dense_4h_to_h.weight]
Loading weights:   9%|8         | 25/292 [00:00<00:00, 1290.95it/s, Materializing param=gpt_neox.layers.1.mlp.dense_h_to_4h.bias]  
Loading weights:   9%|8         | 25/292 [00:00<00:00, 1286.17it/s, Materializing param=gpt_neox.layers.1.mlp.dense_h_to_4h.bias]
Loading weights:   9%|8         | 26/292 [00:00<00:00, 1273.88it/s, Materializing param=gpt_neox.layers.1.mlp.dense_h_to_4h.weight]
Loading weights:   9%|8         | 26/292 [00:00<00:00, 1265.41it/s, Materializing param=gpt_neox.layers.1.mlp.dense_h_to_4h.weight]
Loading weights:   9%|9         | 27/292 [00:00<00:00, 1274.65it/s, Materializing param=gpt_neox.layers.1.post_attention_layernorm.bias]
Loading weights:   9%|9         | 27/292 [00:00<00:00, 1269.86it/s, Materializing param=gpt_neox.layers.1.post_attention_layernorm.bias]
Loading weights:  10%|9         | 28/292 [00:00<00:00, 1224.51it/s, Materializing param=gpt_neox.layers.1.post_attention_layernorm.weight]
Loading weights:  10%|9         | 28/292 [00:00<00:00, 1219.33it/s, Materializing param=gpt_neox.layers.1.post_attention_layernorm.weight]
Loading weights:  10%|9         | 29/292 [00:00<00:00, 1175.90it/s, Materializing param=gpt_neox.layers.2.attention.dense.bias]           
Loading weights:  10%|9         | 29/292 [00:00<00:00, 1169.77it/s, Materializing param=gpt_neox.layers.2.attention.dense.bias]
Loading weights:  10%|#         | 30/292 [00:00<00:00, 1194.16it/s, Materializing param=gpt_neox.layers.2.attention.dense.weight]
Loading weights:  10%|#         | 30/292 [00:00<00:00, 1186.66it/s, Materializing param=gpt_neox.layers.2.attention.dense.weight]
Loading weights:  11%|#         | 31/292 [00:00<00:00, 1206.09it/s, Materializing param=gpt_neox.layers.2.attention.query_key_value.bias]
Loading weights:  11%|#         | 31/292 [00:00<00:00, 1201.68it/s, Materializing param=gpt_neox.layers.2.attention.query_key_value.bias]
Loading weights:  11%|#         | 32/292 [00:00<00:00, 1206.14it/s, Materializing param=gpt_neox.layers.2.attention.query_key_value.weight]
Loading weights:  11%|#         | 32/292 [00:00<00:00, 1142.88it/s, Materializing param=gpt_neox.layers.2.attention.query_key_value.weight]
Loading weights:  11%|#1        | 33/292 [00:00<00:00, 1155.10it/s, Materializing param=gpt_neox.layers.2.input_layernorm.bias]            
Loading weights:  11%|#1        | 33/292 [00:00<00:00, 1145.56it/s, Materializing param=gpt_neox.layers.2.input_layernorm.bias]
Loading weights:  12%|#1        | 34/292 [00:00<00:00, 1154.79it/s, Materializing param=gpt_neox.layers.2.input_layernorm.weight]
Loading weights:  12%|#1        | 34/292 [00:00<00:00, 1149.03it/s, Materializing param=gpt_neox.layers.2.input_layernorm.weight]
Loading weights:  12%|#1        | 35/292 [00:00<00:00, 1158.21it/s, Materializing param=gpt_neox.layers.2.mlp.dense_4h_to_h.bias]
Loading weights:  12%|#1        | 35/292 [00:00<00:00, 1154.21it/s, Materializing param=gpt_neox.layers.2.mlp.dense_4h_to_h.bias]
Loading weights:  12%|#2        | 36/292 [00:00<00:00, 1173.95it/s, Materializing param=gpt_neox.layers.2.mlp.dense_4h_to_h.weight]
Loading weights:  12%|#2        | 36/292 [00:00<00:00, 1157.88it/s, Materializing param=gpt_neox.layers.2.mlp.dense_4h_to_h.weight]
Loading weights:  13%|#2        | 37/292 [00:00<00:00, 1171.47it/s, Materializing param=gpt_neox.layers.2.mlp.dense_h_to_4h.bias]  
Loading weights:  13%|#2        | 37/292 [00:00<00:00, 1163.47it/s, Materializing param=gpt_neox.layers.2.mlp.dense_h_to_4h.bias]
Loading weights:  13%|#3        | 38/292 [00:00<00:00, 1186.21it/s, Materializing param=gpt_neox.layers.2.mlp.dense_h_to_4h.weight]
Loading weights:  13%|#3        | 38/292 [00:00<00:00, 1183.06it/s, Materializing param=gpt_neox.layers.2.mlp.dense_h_to_4h.weight]
Loading weights:  13%|#3        | 39/292 [00:00<00:00, 1188.72it/s, Materializing param=gpt_neox.layers.2.post_attention_layernorm.bias]
Loading weights:  13%|#3        | 39/292 [00:00<00:00, 1185.30it/s, Materializing param=gpt_neox.layers.2.post_attention_layernorm.bias]
Loading weights:  14%|#3        | 40/292 [00:00<00:00, 1180.78it/s, Materializing param=gpt_neox.layers.2.post_attention_layernorm.weight]
Loading weights:  14%|#3        | 40/292 [00:00<00:00, 1177.91it/s, Materializing param=gpt_neox.layers.2.post_attention_layernorm.weight]
Loading weights:  14%|#4        | 41/292 [00:00<00:00, 1188.46it/s, Materializing param=gpt_neox.layers.3.attention.dense.bias]           
Loading weights:  14%|#4        | 41/292 [00:00<00:00, 1186.04it/s, Materializing param=gpt_neox.layers.3.attention.dense.bias]
Loading weights:  14%|#4        | 42/292 [00:00<00:00, 1189.05it/s, Materializing param=gpt_neox.layers.3.attention.dense.weight]
Loading weights:  14%|#4        | 42/292 [00:00<00:00, 1186.64it/s, Materializing param=gpt_neox.layers.3.attention.dense.weight]
Loading weights:  15%|#4        | 43/292 [00:00<00:00, 1192.81it/s, Materializing param=gpt_neox.layers.3.attention.query_key_value.bias]
Loading weights:  15%|#4        | 43/292 [00:00<00:00, 1189.61it/s, Materializing param=gpt_neox.layers.3.attention.query_key_value.bias]
Loading weights:  15%|#5        | 44/292 [00:00<00:00, 1178.02it/s, Materializing param=gpt_neox.layers.3.attention.query_key_value.weight]
Loading weights:  15%|#5        | 44/292 [00:00<00:00, 1173.31it/s, Materializing param=gpt_neox.layers.3.attention.query_key_value.weight]
Loading weights:  15%|#5        | 45/292 [00:00<00:00, 1184.39it/s, Materializing param=gpt_neox.layers.3.input_layernorm.bias]            
Loading weights:  15%|#5        | 45/292 [00:00<00:00, 1179.98it/s, Materializing param=gpt_neox.layers.3.input_layernorm.bias]
Loading weights:  16%|#5        | 46/292 [00:00<00:00, 1182.84it/s, Materializing param=gpt_neox.layers.3.input_layernorm.weight]
Loading weights:  16%|#5        | 46/292 [00:00<00:00, 1164.55it/s, Materializing param=gpt_neox.layers.3.input_layernorm.weight]
Loading weights:  16%|#6        | 47/292 [00:00<00:00, 1176.85it/s, Materializing param=gpt_neox.layers.3.mlp.dense_4h_to_h.bias]
Loading weights:  16%|#6        | 47/292 [00:00<00:00, 1174.09it/s, Materializing param=gpt_neox.layers.3.mlp.dense_4h_to_h.bias]
Loading weights:  16%|#6        | 48/292 [00:00<00:00, 1169.08it/s, Materializing param=gpt_neox.layers.3.mlp.dense_4h_to_h.weight]
Loading weights:  16%|#6        | 48/292 [00:00<00:00, 1161.32it/s, Materializing param=gpt_neox.layers.3.mlp.dense_4h_to_h.weight]
Loading weights:  17%|#6        | 49/292 [00:00<00:00, 1169.67it/s, Materializing param=gpt_neox.layers.3.mlp.dense_h_to_4h.bias]  
Loading weights:  17%|#6        | 49/292 [00:00<00:00, 1162.76it/s, Materializing param=gpt_neox.layers.3.mlp.dense_h_to_4h.bias]
Loading weights:  17%|#7        | 50/292 [00:00<00:00, 1163.93it/s, Materializing param=gpt_neox.layers.3.mlp.dense_h_to_4h.weight]
Loading weights:  17%|#7        | 50/292 [00:00<00:00, 1161.99it/s, Materializing param=gpt_neox.layers.3.mlp.dense_h_to_4h.weight]
Loading weights:  17%|#7        | 51/292 [00:00<00:00, 1174.97it/s, Materializing param=gpt_neox.layers.3.post_attention_layernorm.bias]
Loading weights:  17%|#7        | 51/292 [00:00<00:00, 1170.94it/s, Materializing param=gpt_neox.layers.3.post_attention_layernorm.bias]
Loading weights:  18%|#7        | 52/292 [00:00<00:00, 1186.04it/s, Materializing param=gpt_neox.layers.3.post_attention_layernorm.weight]
Loading weights:  18%|#7        | 52/292 [00:00<00:00, 1184.18it/s, Materializing param=gpt_neox.layers.3.post_attention_layernorm.weight]
Loading weights:  18%|#8        | 53/292 [00:00<00:00, 1196.28it/s, Materializing param=gpt_neox.layers.4.attention.dense.bias]           
Loading weights:  18%|#8        | 53/292 [00:00<00:00, 1194.43it/s, Materializing param=gpt_neox.layers.4.attention.dense.bias]
Loading weights:  18%|#8        | 54/292 [00:00<00:00, 1198.04it/s, Materializing param=gpt_neox.layers.4.attention.dense.weight]
Loading weights:  18%|#8        | 54/292 [00:00<00:00, 1196.25it/s, Materializing param=gpt_neox.layers.4.attention.dense.weight]
Loading weights:  19%|#8        | 55/292 [00:00<00:00, 1211.25it/s, Materializing param=gpt_neox.layers.4.attention.query_key_value.bias]
Loading weights:  19%|#8        | 55/292 [00:00<00:00, 1209.48it/s, Materializing param=gpt_neox.layers.4.attention.query_key_value.bias]
Loading weights:  19%|#9        | 56/292 [00:00<00:00, 1226.20it/s, Materializing param=gpt_neox.layers.4.attention.query_key_value.weight]
Loading weights:  19%|#9        | 56/292 [00:00<00:00, 1223.45it/s, Materializing param=gpt_neox.layers.4.attention.query_key_value.weight]
Loading weights:  20%|#9        | 57/292 [00:00<00:00, 1233.02it/s, Materializing param=gpt_neox.layers.4.input_layernorm.bias]            
Loading weights:  20%|#9        | 57/292 [00:00<00:00, 1226.94it/s, Materializing param=gpt_neox.layers.4.input_layernorm.bias]
Loading weights:  20%|#9        | 58/292 [00:00<00:00, 1241.97it/s, Materializing param=gpt_neox.layers.4.input_layernorm.weight]
Loading weights:  20%|#9        | 58/292 [00:00<00:00, 1237.97it/s, Materializing param=gpt_neox.layers.4.input_layernorm.weight]
Loading weights:  20%|##        | 59/292 [00:00<00:00, 1255.13it/s, Materializing param=gpt_neox.layers.4.mlp.dense_4h_to_h.bias]
Loading weights:  20%|##        | 59/292 [00:00<00:00, 1251.14it/s, Materializing param=gpt_neox.layers.4.mlp.dense_4h_to_h.bias]
Loading weights:  21%|##        | 60/292 [00:00<00:00, 1268.78it/s, Materializing param=gpt_neox.layers.4.mlp.dense_4h_to_h.weight]
Loading weights:  21%|##        | 60/292 [00:00<00:00, 1266.05it/s, Materializing param=gpt_neox.layers.4.mlp.dense_4h_to_h.weight]
Loading weights:  21%|##        | 61/292 [00:00<00:00, 1262.47it/s, Materializing param=gpt_neox.layers.4.mlp.dense_h_to_4h.bias]  
Loading weights:  21%|##        | 61/292 [00:00<00:00, 1255.54it/s, Materializing param=gpt_neox.layers.4.mlp.dense_h_to_4h.bias]
Loading weights:  21%|##1       | 62/292 [00:00<00:00, 1269.81it/s, Materializing param=gpt_neox.layers.4.mlp.dense_h_to_4h.weight]
Loading weights:  21%|##1       | 62/292 [00:00<00:00, 1267.77it/s, Materializing param=gpt_neox.layers.4.mlp.dense_h_to_4h.weight]
Loading weights:  22%|##1       | 63/292 [00:00<00:00, 1284.13it/s, Materializing param=gpt_neox.layers.4.post_attention_layernorm.bias]
Loading weights:  22%|##1       | 63/292 [00:00<00:00, 1282.42it/s, Materializing param=gpt_neox.layers.4.post_attention_layernorm.bias]
Loading weights:  22%|##1       | 64/292 [00:00<00:00, 1298.95it/s, Materializing param=gpt_neox.layers.4.post_attention_layernorm.weight]
Loading weights:  22%|##1       | 64/292 [00:00<00:00, 1297.22it/s, Materializing param=gpt_neox.layers.4.post_attention_layernorm.weight]
Loading weights:  22%|##2       | 65/292 [00:00<00:00, 1314.42it/s, Materializing param=gpt_neox.layers.5.attention.dense.bias]           
Loading weights:  22%|##2       | 65/292 [00:00<00:00, 1312.84it/s, Materializing param=gpt_neox.layers.5.attention.dense.bias]
Loading weights:  23%|##2       | 66/292 [00:00<00:00, 1329.96it/s, Materializing param=gpt_neox.layers.5.attention.dense.weight]
Loading weights:  23%|##2       | 66/292 [00:00<00:00, 1328.39it/s, Materializing param=gpt_neox.layers.5.attention.dense.weight]
Loading weights:  23%|##2       | 67/292 [00:00<00:00, 1345.58it/s, Materializing param=gpt_neox.layers.5.attention.query_key_value.bias]
Loading weights:  23%|##2       | 67/292 [00:00<00:00, 1343.96it/s, Materializing param=gpt_neox.layers.5.attention.query_key_value.bias]
Loading weights:  23%|##3       | 68/292 [00:00<00:00, 1361.03it/s, Materializing param=gpt_neox.layers.5.attention.query_key_value.weight]
Loading weights:  23%|##3       | 68/292 [00:00<00:00, 1359.42it/s, Materializing param=gpt_neox.layers.5.attention.query_key_value.weight]
Loading weights:  24%|##3       | 69/292 [00:00<00:00, 1376.48it/s, Materializing param=gpt_neox.layers.5.input_layernorm.bias]            
Loading weights:  24%|##3       | 69/292 [00:00<00:00, 1374.87it/s, Materializing param=gpt_neox.layers.5.input_layernorm.bias]
Loading weights:  24%|##3       | 70/292 [00:00<00:00, 1391.92it/s, Materializing param=gpt_neox.layers.5.input_layernorm.weight]
Loading weights:  24%|##3       | 70/292 [00:00<00:00, 1389.91it/s, Materializing param=gpt_neox.layers.5.input_layernorm.weight]
Loading weights:  24%|##4       | 71/292 [00:00<00:00, 1406.84it/s, Materializing param=gpt_neox.layers.5.mlp.dense_4h_to_h.bias]
Loading weights:  24%|##4       | 71/292 [00:00<00:00, 1405.25it/s, Materializing param=gpt_neox.layers.5.mlp.dense_4h_to_h.bias]
Loading weights:  25%|##4       | 72/292 [00:00<00:00, 1422.09it/s, Materializing param=gpt_neox.layers.5.mlp.dense_4h_to_h.weight]
Loading weights:  25%|##4       | 72/292 [00:00<00:00, 1420.45it/s, Materializing param=gpt_neox.layers.5.mlp.dense_4h_to_h.weight]
Loading weights:  25%|##5       | 73/292 [00:00<00:00, 1437.24it/s, Materializing param=gpt_neox.layers.5.mlp.dense_h_to_4h.bias]  
Loading weights:  25%|##5       | 73/292 [00:00<00:00, 1435.60it/s, Materializing param=gpt_neox.layers.5.mlp.dense_h_to_4h.bias]
Loading weights:  25%|##5       | 74/292 [00:00<00:00, 1452.30it/s, Materializing param=gpt_neox.layers.5.mlp.dense_h_to_4h.weight]
Loading weights:  25%|##5       | 74/292 [00:00<00:00, 1450.67it/s, Materializing param=gpt_neox.layers.5.mlp.dense_h_to_4h.weight]
Loading weights:  26%|##5       | 75/292 [00:00<00:00, 1467.34it/s, Materializing param=gpt_neox.layers.5.post_attention_layernorm.bias]
Loading weights:  26%|##5       | 75/292 [00:00<00:00, 1465.67it/s, Materializing param=gpt_neox.layers.5.post_attention_layernorm.bias]
Loading weights:  26%|##6       | 76/292 [00:00<00:00, 1482.22it/s, Materializing param=gpt_neox.layers.5.post_attention_layernorm.weight]
Loading weights:  26%|##6       | 76/292 [00:00<00:00, 1480.52it/s, Materializing param=gpt_neox.layers.5.post_attention_layernorm.weight]
Loading weights:  26%|##6       | 77/292 [00:00<00:00, 1496.71it/s, Materializing param=gpt_neox.layers.6.attention.dense.bias]           
Loading weights:  26%|##6       | 77/292 [00:00<00:00, 1494.93it/s, Materializing param=gpt_neox.layers.6.attention.dense.bias]
Loading weights:  27%|##6       | 78/292 [00:00<00:00, 1511.08it/s, Materializing param=gpt_neox.layers.6.attention.dense.weight]
Loading weights:  27%|##6       | 78/292 [00:00<00:00, 1509.45it/s, Materializing param=gpt_neox.layers.6.attention.dense.weight]
Loading weights:  27%|##7       | 79/292 [00:00<00:00, 1525.77it/s, Materializing param=gpt_neox.layers.6.attention.query_key_value.bias]
Loading weights:  27%|##7       | 79/292 [00:00<00:00, 1524.14it/s, Materializing param=gpt_neox.layers.6.attention.query_key_value.bias]
Loading weights:  27%|##7       | 80/292 [00:00<00:00, 1540.32it/s, Materializing param=gpt_neox.layers.6.attention.query_key_value.weight]
Loading weights:  27%|##7       | 80/292 [00:00<00:00, 1538.65it/s, Materializing param=gpt_neox.layers.6.attention.query_key_value.weight]
Loading weights:  28%|##7       | 81/292 [00:00<00:00, 1554.78it/s, Materializing param=gpt_neox.layers.6.input_layernorm.bias]            
Loading weights:  28%|##7       | 81/292 [00:00<00:00, 1553.18it/s, Materializing param=gpt_neox.layers.6.input_layernorm.bias]
Loading weights:  28%|##8       | 82/292 [00:00<00:00, 1569.17it/s, Materializing param=gpt_neox.layers.6.input_layernorm.weight]
Loading weights:  28%|##8       | 82/292 [00:00<00:00, 1567.19it/s, Materializing param=gpt_neox.layers.6.input_layernorm.weight]
Loading weights:  28%|##8       | 83/292 [00:00<00:00, 1582.99it/s, Materializing param=gpt_neox.layers.6.mlp.dense_4h_to_h.bias]
Loading weights:  28%|##8       | 83/292 [00:00<00:00, 1581.22it/s, Materializing param=gpt_neox.layers.6.mlp.dense_4h_to_h.bias]
Loading weights:  29%|##8       | 84/292 [00:00<00:00, 1596.89it/s, Materializing param=gpt_neox.layers.6.mlp.dense_4h_to_h.weight]
Loading weights:  29%|##8       | 84/292 [00:00<00:00, 1595.12it/s, Materializing param=gpt_neox.layers.6.mlp.dense_4h_to_h.weight]
Loading weights:  29%|##9       | 85/292 [00:00<00:00, 1610.78it/s, Materializing param=gpt_neox.layers.6.mlp.dense_h_to_4h.bias]  
Loading weights:  29%|##9       | 85/292 [00:00<00:00, 1608.99it/s, Materializing param=gpt_neox.layers.6.mlp.dense_h_to_4h.bias]
Loading weights:  29%|##9       | 86/292 [00:00<00:00, 1624.45it/s, Materializing param=gpt_neox.layers.6.mlp.dense_h_to_4h.weight]
Loading weights:  29%|##9       | 86/292 [00:00<00:00, 1622.64it/s, Materializing param=gpt_neox.layers.6.mlp.dense_h_to_4h.weight]
Loading weights:  30%|##9       | 87/292 [00:00<00:00, 1638.07it/s, Materializing param=gpt_neox.layers.6.post_attention_layernorm.bias]
Loading weights:  30%|##9       | 87/292 [00:00<00:00, 1636.17it/s, Materializing param=gpt_neox.layers.6.post_attention_layernorm.bias]
Loading weights:  30%|###       | 88/292 [00:00<00:00, 1651.29it/s, Materializing param=gpt_neox.layers.6.post_attention_layernorm.weight]
Loading weights:  30%|###       | 88/292 [00:00<00:00, 1649.43it/s, Materializing param=gpt_neox.layers.6.post_attention_layernorm.weight]
Loading weights:  30%|###       | 89/292 [00:00<00:00, 1664.81it/s, Materializing param=gpt_neox.layers.7.attention.dense.bias]           
Loading weights:  30%|###       | 89/292 [00:00<00:00, 1662.95it/s, Materializing param=gpt_neox.layers.7.attention.dense.bias]
Loading weights:  31%|###       | 90/292 [00:00<00:00, 1678.17it/s, Materializing param=gpt_neox.layers.7.attention.dense.weight]
Loading weights:  31%|###       | 90/292 [00:00<00:00, 1676.37it/s, Materializing param=gpt_neox.layers.7.attention.dense.weight]
Loading weights:  31%|###1      | 91/292 [00:00<00:00, 1691.66it/s, Materializing param=gpt_neox.layers.7.attention.query_key_value.bias]
Loading weights:  31%|###1      | 91/292 [00:00<00:00, 1689.78it/s, Materializing param=gpt_neox.layers.7.attention.query_key_value.bias]
Loading weights:  32%|###1      | 92/292 [00:00<00:00, 1705.01it/s, Materializing param=gpt_neox.layers.7.attention.query_key_value.weight]
Loading weights:  32%|###1      | 92/292 [00:00<00:00, 1703.18it/s, Materializing param=gpt_neox.layers.7.attention.query_key_value.weight]
Loading weights:  32%|###1      | 93/292 [00:00<00:00, 1718.33it/s, Materializing param=gpt_neox.layers.7.input_layernorm.bias]            
Loading weights:  32%|###1      | 93/292 [00:00<00:00, 1716.49it/s, Materializing param=gpt_neox.layers.7.input_layernorm.bias]
Loading weights:  32%|###2      | 94/292 [00:00<00:00, 1731.68it/s, Materializing param=gpt_neox.layers.7.input_layernorm.weight]
Loading weights:  32%|###2      | 94/292 [00:00<00:00, 1729.53it/s, Materializing param=gpt_neox.layers.7.input_layernorm.weight]
Loading weights:  33%|###2      | 95/292 [00:00<00:00, 1744.37it/s, Materializing param=gpt_neox.layers.7.mlp.dense_4h_to_h.bias]
Loading weights:  33%|###2      | 95/292 [00:00<00:00, 1742.51it/s, Materializing param=gpt_neox.layers.7.mlp.dense_4h_to_h.bias]
Loading weights:  33%|###2      | 96/292 [00:00<00:00, 1757.47it/s, Materializing param=gpt_neox.layers.7.mlp.dense_4h_to_h.weight]
Loading weights:  33%|###2      | 96/292 [00:00<00:00, 1755.64it/s, Materializing param=gpt_neox.layers.7.mlp.dense_4h_to_h.weight]
Loading weights:  33%|###3      | 97/292 [00:00<00:00, 1770.57it/s, Materializing param=gpt_neox.layers.7.mlp.dense_h_to_4h.bias]  
Loading weights:  33%|###3      | 97/292 [00:00<00:00, 1768.73it/s, Materializing param=gpt_neox.layers.7.mlp.dense_h_to_4h.bias]
Loading weights:  34%|###3      | 98/292 [00:00<00:00, 1783.63it/s, Materializing param=gpt_neox.layers.7.mlp.dense_h_to_4h.weight]
Loading weights:  34%|###3      | 98/292 [00:00<00:00, 1781.79it/s, Materializing param=gpt_neox.layers.7.mlp.dense_h_to_4h.weight]
Loading weights:  34%|###3      | 99/292 [00:00<00:00, 1796.63it/s, Materializing param=gpt_neox.layers.7.post_attention_layernorm.bias]
Loading weights:  34%|###3      | 99/292 [00:00<00:00, 1794.76it/s, Materializing param=gpt_neox.layers.7.post_attention_layernorm.bias]
Loading weights:  34%|###4      | 100/292 [00:00<00:00, 1809.54it/s, Materializing param=gpt_neox.layers.7.post_attention_layernorm.weight]
Loading weights:  34%|###4      | 100/292 [00:00<00:00, 1807.61it/s, Materializing param=gpt_neox.layers.7.post_attention_layernorm.weight]
Loading weights:  35%|###4      | 101/292 [00:00<00:00, 1822.32it/s, Materializing param=gpt_neox.layers.8.attention.dense.bias]           
Loading weights:  35%|###4      | 101/292 [00:00<00:00, 1820.42it/s, Materializing param=gpt_neox.layers.8.attention.dense.bias]
Loading weights:  35%|###4      | 102/292 [00:00<00:00, 1835.00it/s, Materializing param=gpt_neox.layers.8.attention.dense.weight]
Loading weights:  35%|###4      | 102/292 [00:00<00:00, 1833.04it/s, Materializing param=gpt_neox.layers.8.attention.dense.weight]
Loading weights:  35%|###5      | 103/292 [00:00<00:00, 1847.42it/s, Materializing param=gpt_neox.layers.8.attention.query_key_value.bias]
Loading weights:  35%|###5      | 103/292 [00:00<00:00, 1845.48it/s, Materializing param=gpt_neox.layers.8.attention.query_key_value.bias]
Loading weights:  36%|###5      | 104/292 [00:00<00:00, 1859.96it/s, Materializing param=gpt_neox.layers.8.attention.query_key_value.weight]
Loading weights:  36%|###5      | 104/292 [00:00<00:00, 1858.00it/s, Materializing param=gpt_neox.layers.8.attention.query_key_value.weight]
Loading weights:  36%|###5      | 105/292 [00:00<00:00, 1868.61it/s, Materializing param=gpt_neox.layers.8.input_layernorm.bias]            
Loading weights:  36%|###5      | 105/292 [00:00<00:00, 1864.16it/s, Materializing param=gpt_neox.layers.8.input_layernorm.bias]
Loading weights:  36%|###6      | 106/292 [00:00<00:00, 1876.48it/s, Materializing param=gpt_neox.layers.8.input_layernorm.weight]
Loading weights:  36%|###6      | 106/292 [00:00<00:00, 1874.19it/s, Materializing param=gpt_neox.layers.8.input_layernorm.weight]
Loading weights:  37%|###6      | 107/292 [00:00<00:00, 1885.60it/s, Materializing param=gpt_neox.layers.8.mlp.dense_4h_to_h.bias]
Loading weights:  37%|###6      | 107/292 [00:00<00:00, 1883.21it/s, Materializing param=gpt_neox.layers.8.mlp.dense_4h_to_h.bias]
Loading weights:  37%|###6      | 108/292 [00:00<00:00, 1895.76it/s, Materializing param=gpt_neox.layers.8.mlp.dense_4h_to_h.weight]
Loading weights:  37%|###6      | 108/292 [00:00<00:00, 1893.73it/s, Materializing param=gpt_neox.layers.8.mlp.dense_4h_to_h.weight]
Loading weights:  37%|###7      | 109/292 [00:00<00:00, 1906.92it/s, Materializing param=gpt_neox.layers.8.mlp.dense_h_to_4h.bias]  
Loading weights:  37%|###7      | 109/292 [00:00<00:00, 1903.56it/s, Materializing param=gpt_neox.layers.8.mlp.dense_h_to_4h.bias]
Loading weights:  38%|###7      | 110/292 [00:00<00:00, 1915.05it/s, Materializing param=gpt_neox.layers.8.mlp.dense_h_to_4h.weight]
Loading weights:  38%|###7      | 110/292 [00:00<00:00, 1912.73it/s, Materializing param=gpt_neox.layers.8.mlp.dense_h_to_4h.weight]
Loading weights:  38%|###8      | 111/292 [00:00<00:00, 1925.91it/s, Materializing param=gpt_neox.layers.8.post_attention_layernorm.bias]
Loading weights:  38%|###8      | 111/292 [00:00<00:00, 1923.91it/s, Materializing param=gpt_neox.layers.8.post_attention_layernorm.bias]
Loading weights:  38%|###8      | 112/292 [00:00<00:00, 1937.35it/s, Materializing param=gpt_neox.layers.8.post_attention_layernorm.weight]
Loading weights:  38%|###8      | 112/292 [00:00<00:00, 1935.30it/s, Materializing param=gpt_neox.layers.8.post_attention_layernorm.weight]
Loading weights:  39%|###8      | 113/292 [00:00<00:00, 1948.92it/s, Materializing param=gpt_neox.layers.9.attention.dense.bias]           
Loading weights:  39%|###8      | 113/292 [00:00<00:00, 1946.94it/s, Materializing param=gpt_neox.layers.9.attention.dense.bias]
Loading weights:  39%|###9      | 114/292 [00:00<00:00, 1960.51it/s, Materializing param=gpt_neox.layers.9.attention.dense.weight]
Loading weights:  39%|###9      | 114/292 [00:00<00:00, 1958.57it/s, Materializing param=gpt_neox.layers.9.attention.dense.weight]
Loading weights:  39%|###9      | 115/292 [00:00<00:00, 1972.16it/s, Materializing param=gpt_neox.layers.9.attention.query_key_value.bias]
Loading weights:  39%|###9      | 115/292 [00:00<00:00, 1970.16it/s, Materializing param=gpt_neox.layers.9.attention.query_key_value.bias]
Loading weights:  40%|###9      | 116/292 [00:00<00:00, 1983.76it/s, Materializing param=gpt_neox.layers.9.attention.query_key_value.weight]
Loading weights:  40%|###9      | 116/292 [00:00<00:00, 1981.73it/s, Materializing param=gpt_neox.layers.9.attention.query_key_value.weight]
Loading weights:  40%|####      | 117/292 [00:00<00:00, 1995.27it/s, Materializing param=gpt_neox.layers.9.input_layernorm.bias]            
Loading weights:  40%|####      | 117/292 [00:00<00:00, 1993.26it/s, Materializing param=gpt_neox.layers.9.input_layernorm.bias]
Loading weights:  40%|####      | 118/292 [00:00<00:00, 2006.67it/s, Materializing param=gpt_neox.layers.9.input_layernorm.weight]
Loading weights:  40%|####      | 118/292 [00:00<00:00, 2004.66it/s, Materializing param=gpt_neox.layers.9.input_layernorm.weight]
Loading weights:  41%|####      | 119/292 [00:00<00:00, 2017.49it/s, Materializing param=gpt_neox.layers.9.mlp.dense_4h_to_h.bias]
Loading weights:  41%|####      | 119/292 [00:00<00:00, 2015.43it/s, Materializing param=gpt_neox.layers.9.mlp.dense_4h_to_h.bias]
Loading weights:  41%|####1     | 120/292 [00:00<00:00, 2028.59it/s, Materializing param=gpt_neox.layers.9.mlp.dense_4h_to_h.weight]
Loading weights:  41%|####1     | 120/292 [00:00<00:00, 2026.54it/s, Materializing param=gpt_neox.layers.9.mlp.dense_4h_to_h.weight]
Loading weights:  41%|####1     | 121/292 [00:00<00:00, 2039.69it/s, Materializing param=gpt_neox.layers.9.mlp.dense_h_to_4h.bias]  
Loading weights:  41%|####1     | 121/292 [00:00<00:00, 2037.67it/s, Materializing param=gpt_neox.layers.9.mlp.dense_h_to_4h.bias]
Loading weights:  42%|####1     | 122/292 [00:00<00:00, 2050.68it/s, Materializing param=gpt_neox.layers.9.mlp.dense_h_to_4h.weight]
Loading weights:  42%|####1     | 122/292 [00:00<00:00, 2048.66it/s, Materializing param=gpt_neox.layers.9.mlp.dense_h_to_4h.weight]
Loading weights:  42%|####2     | 123/292 [00:00<00:00, 2056.34it/s, Materializing param=gpt_neox.layers.9.post_attention_layernorm.bias]
Loading weights:  42%|####2     | 123/292 [00:00<00:00, 2053.59it/s, Materializing param=gpt_neox.layers.9.post_attention_layernorm.bias]
Loading weights:  42%|####2     | 124/292 [00:00<00:00, 2062.21it/s, Materializing param=gpt_neox.layers.9.post_attention_layernorm.weight]
Loading weights:  42%|####2     | 124/292 [00:00<00:00, 2055.01it/s, Materializing param=gpt_neox.layers.9.post_attention_layernorm.weight]
Loading weights:  43%|####2     | 125/292 [00:00<00:00, 2062.10it/s, Materializing param=gpt_neox.layers.10.attention.dense.bias]          
Loading weights:  43%|####2     | 125/292 [00:00<00:00, 2058.60it/s, Materializing param=gpt_neox.layers.10.attention.dense.bias]
Loading weights:  43%|####3     | 126/292 [00:00<00:00, 2070.91it/s, Materializing param=gpt_neox.layers.10.attention.dense.weight]
Loading weights:  43%|####3     | 126/292 [00:00<00:00, 2068.79it/s, Materializing param=gpt_neox.layers.10.attention.dense.weight]
Loading weights:  43%|####3     | 127/292 [00:00<00:00, 2073.64it/s, Materializing param=gpt_neox.layers.10.attention.query_key_value.bias]
Loading weights:  43%|####3     | 127/292 [00:00<00:00, 2068.98it/s, Materializing param=gpt_neox.layers.10.attention.query_key_value.bias]
Loading weights:  44%|####3     | 128/292 [00:00<00:00, 2071.62it/s, Materializing param=gpt_neox.layers.10.attention.query_key_value.weight]
Loading weights:  44%|####3     | 128/292 [00:00<00:00, 2068.17it/s, Materializing param=gpt_neox.layers.10.attention.query_key_value.weight]
Loading weights:  44%|####4     | 129/292 [00:00<00:00, 2076.28it/s, Materializing param=gpt_neox.layers.10.input_layernorm.bias]            
Loading weights:  44%|####4     | 129/292 [00:00<00:00, 2071.67it/s, Materializing param=gpt_neox.layers.10.input_layernorm.bias]
Loading weights:  45%|####4     | 130/292 [00:00<00:00, 2078.78it/s, Materializing param=gpt_neox.layers.10.input_layernorm.weight]
Loading weights:  45%|####4     | 130/292 [00:00<00:00, 2066.66it/s, Materializing param=gpt_neox.layers.10.input_layernorm.weight]
Loading weights:  45%|####4     | 131/292 [00:00<00:00, 2074.88it/s, Materializing param=gpt_neox.layers.10.mlp.dense_4h_to_h.bias]
Loading weights:  45%|####4     | 131/292 [00:00<00:00, 2071.31it/s, Materializing param=gpt_neox.layers.10.mlp.dense_4h_to_h.bias]
Loading weights:  45%|####5     | 132/292 [00:00<00:00, 2072.12it/s, Materializing param=gpt_neox.layers.10.mlp.dense_4h_to_h.weight]
Loading weights:  45%|####5     | 132/292 [00:00<00:00, 2067.80it/s, Materializing param=gpt_neox.layers.10.mlp.dense_4h_to_h.weight]
Loading weights:  46%|####5     | 133/292 [00:00<00:00, 2074.48it/s, Materializing param=gpt_neox.layers.10.mlp.dense_h_to_4h.bias]  
Loading weights:  46%|####5     | 133/292 [00:00<00:00, 2065.23it/s, Materializing param=gpt_neox.layers.10.mlp.dense_h_to_4h.bias]
Loading weights:  46%|####5     | 134/292 [00:00<00:00, 2072.58it/s, Materializing param=gpt_neox.layers.10.mlp.dense_h_to_4h.weight]
Loading weights:  46%|####5     | 134/292 [00:00<00:00, 2069.26it/s, Materializing param=gpt_neox.layers.10.mlp.dense_h_to_4h.weight]
Loading weights:  46%|####6     | 135/292 [00:00<00:00, 2075.35it/s, Materializing param=gpt_neox.layers.10.post_attention_layernorm.bias]
Loading weights:  46%|####6     | 135/292 [00:00<00:00, 2072.67it/s, Materializing param=gpt_neox.layers.10.post_attention_layernorm.bias]
Loading weights:  47%|####6     | 136/292 [00:00<00:00, 2082.69it/s, Materializing param=gpt_neox.layers.10.post_attention_layernorm.weight]
Loading weights:  47%|####6     | 136/292 [00:00<00:00, 2080.51it/s, Materializing param=gpt_neox.layers.10.post_attention_layernorm.weight]
Loading weights:  47%|####6     | 137/292 [00:00<00:00, 2091.41it/s, Materializing param=gpt_neox.layers.11.attention.dense.bias]           
Loading weights:  47%|####6     | 137/292 [00:00<00:00, 2089.36it/s, Materializing param=gpt_neox.layers.11.attention.dense.bias]
Loading weights:  47%|####7     | 138/292 [00:00<00:00, 2100.55it/s, Materializing param=gpt_neox.layers.11.attention.dense.weight]
Loading weights:  47%|####7     | 138/292 [00:00<00:00, 2098.51it/s, Materializing param=gpt_neox.layers.11.attention.dense.weight]
Loading weights:  48%|####7     | 139/292 [00:00<00:00, 2107.48it/s, Materializing param=gpt_neox.layers.11.attention.query_key_value.bias]
Loading weights:  48%|####7     | 139/292 [00:00<00:00, 2105.00it/s, Materializing param=gpt_neox.layers.11.attention.query_key_value.bias]
Loading weights:  48%|####7     | 140/292 [00:00<00:00, 2116.04it/s, Materializing param=gpt_neox.layers.11.attention.query_key_value.weight]
Loading weights:  48%|####7     | 140/292 [00:00<00:00, 2114.09it/s, Materializing param=gpt_neox.layers.11.attention.query_key_value.weight]
Loading weights:  48%|####8     | 141/292 [00:00<00:00, 2125.60it/s, Materializing param=gpt_neox.layers.11.input_layernorm.bias]            
Loading weights:  48%|####8     | 141/292 [00:00<00:00, 2123.74it/s, Materializing param=gpt_neox.layers.11.input_layernorm.bias]
Loading weights:  49%|####8     | 142/292 [00:00<00:00, 2135.04it/s, Materializing param=gpt_neox.layers.11.input_layernorm.weight]
Loading weights:  49%|####8     | 142/292 [00:00<00:00, 2132.73it/s, Materializing param=gpt_neox.layers.11.input_layernorm.weight]
Loading weights:  49%|####8     | 143/292 [00:00<00:00, 2143.98it/s, Materializing param=gpt_neox.layers.11.mlp.dense_4h_to_h.bias]
Loading weights:  49%|####8     | 143/292 [00:00<00:00, 2142.03it/s, Materializing param=gpt_neox.layers.11.mlp.dense_4h_to_h.bias]
Loading weights:  49%|####9     | 144/292 [00:00<00:00, 2153.26it/s, Materializing param=gpt_neox.layers.11.mlp.dense_4h_to_h.weight]
Loading weights:  49%|####9     | 144/292 [00:00<00:00, 2150.98it/s, Materializing param=gpt_neox.layers.11.mlp.dense_4h_to_h.weight]
Loading weights:  50%|####9     | 145/292 [00:00<00:00, 2162.28it/s, Materializing param=gpt_neox.layers.11.mlp.dense_h_to_4h.bias]  
Loading weights:  50%|####9     | 145/292 [00:00<00:00, 2160.36it/s, Materializing param=gpt_neox.layers.11.mlp.dense_h_to_4h.bias]
Loading weights:  50%|#####     | 146/292 [00:00<00:00, 2171.76it/s, Materializing param=gpt_neox.layers.11.mlp.dense_h_to_4h.weight]
Loading weights:  50%|#####     | 146/292 [00:00<00:00, 2169.87it/s, Materializing param=gpt_neox.layers.11.mlp.dense_h_to_4h.weight]
Loading weights:  50%|#####     | 147/292 [00:00<00:00, 2181.13it/s, Materializing param=gpt_neox.layers.11.post_attention_layernorm.bias]
Loading weights:  50%|#####     | 147/292 [00:00<00:00, 2179.18it/s, Materializing param=gpt_neox.layers.11.post_attention_layernorm.bias]
Loading weights:  51%|#####     | 148/292 [00:00<00:00, 2190.55it/s, Materializing param=gpt_neox.layers.11.post_attention_layernorm.weight]
Loading weights:  51%|#####     | 148/292 [00:00<00:00, 2188.64it/s, Materializing param=gpt_neox.layers.11.post_attention_layernorm.weight]
Loading weights:  51%|#####1    | 149/292 [00:00<00:00, 2199.97it/s, Materializing param=gpt_neox.layers.12.attention.dense.bias]           
Loading weights:  51%|#####1    | 149/292 [00:00<00:00, 2198.07it/s, Materializing param=gpt_neox.layers.12.attention.dense.bias]
Loading weights:  51%|#####1    | 150/292 [00:00<00:00, 2209.32it/s, Materializing param=gpt_neox.layers.12.attention.dense.weight]
Loading weights:  51%|#####1    | 150/292 [00:00<00:00, 2207.44it/s, Materializing param=gpt_neox.layers.12.attention.dense.weight]
Loading weights:  52%|#####1    | 151/292 [00:00<00:00, 2218.73it/s, Materializing param=gpt_neox.layers.12.attention.query_key_value.bias]
Loading weights:  52%|#####1    | 151/292 [00:00<00:00, 2216.80it/s, Materializing param=gpt_neox.layers.12.attention.query_key_value.bias]
Loading weights:  52%|#####2    | 152/292 [00:00<00:00, 2228.00it/s, Materializing param=gpt_neox.layers.12.attention.query_key_value.weight]
Loading weights:  52%|#####2    | 152/292 [00:00<00:00, 2226.06it/s, Materializing param=gpt_neox.layers.12.attention.query_key_value.weight]
Loading weights:  52%|#####2    | 153/292 [00:00<00:00, 2237.24it/s, Materializing param=gpt_neox.layers.12.input_layernorm.bias]            
Loading weights:  52%|#####2    | 153/292 [00:00<00:00, 2235.32it/s, Materializing param=gpt_neox.layers.12.input_layernorm.bias]
Loading weights:  53%|#####2    | 154/292 [00:00<00:00, 2246.20it/s, Materializing param=gpt_neox.layers.12.input_layernorm.weight]
Loading weights:  53%|#####2    | 154/292 [00:00<00:00, 2244.24it/s, Materializing param=gpt_neox.layers.12.input_layernorm.weight]
Loading weights:  53%|#####3    | 155/292 [00:00<00:00, 2255.36it/s, Materializing param=gpt_neox.layers.12.mlp.dense_4h_to_h.bias]
Loading weights:  53%|#####3    | 155/292 [00:00<00:00, 2253.48it/s, Materializing param=gpt_neox.layers.12.mlp.dense_4h_to_h.bias]
Loading weights:  53%|#####3    | 156/292 [00:00<00:00, 2264.57it/s, Materializing param=gpt_neox.layers.12.mlp.dense_4h_to_h.weight]
Loading weights:  53%|#####3    | 156/292 [00:00<00:00, 2262.62it/s, Materializing param=gpt_neox.layers.12.mlp.dense_4h_to_h.weight]
Loading weights:  54%|#####3    | 157/292 [00:00<00:00, 2273.60it/s, Materializing param=gpt_neox.layers.12.mlp.dense_h_to_4h.bias]  
Loading weights:  54%|#####3    | 157/292 [00:00<00:00, 2271.65it/s, Materializing param=gpt_neox.layers.12.mlp.dense_h_to_4h.bias]
Loading weights:  54%|#####4    | 158/292 [00:00<00:00, 2282.58it/s, Materializing param=gpt_neox.layers.12.mlp.dense_h_to_4h.weight]
Loading weights:  54%|#####4    | 158/292 [00:00<00:00, 2280.65it/s, Materializing param=gpt_neox.layers.12.mlp.dense_h_to_4h.weight]
Loading weights:  54%|#####4    | 159/292 [00:00<00:00, 2291.64it/s, Materializing param=gpt_neox.layers.12.post_attention_layernorm.bias]
Loading weights:  54%|#####4    | 159/292 [00:00<00:00, 2289.67it/s, Materializing param=gpt_neox.layers.12.post_attention_layernorm.bias]
Loading weights:  55%|#####4    | 160/292 [00:00<00:00, 2300.59it/s, Materializing param=gpt_neox.layers.12.post_attention_layernorm.weight]
Loading weights:  55%|#####4    | 160/292 [00:00<00:00, 2298.65it/s, Materializing param=gpt_neox.layers.12.post_attention_layernorm.weight]
Loading weights:  55%|#####5    | 161/292 [00:00<00:00, 2309.54it/s, Materializing param=gpt_neox.layers.13.attention.dense.bias]           
Loading weights:  55%|#####5    | 161/292 [00:00<00:00, 2307.62it/s, Materializing param=gpt_neox.layers.13.attention.dense.bias]
Loading weights:  55%|#####5    | 162/292 [00:00<00:00, 2318.34it/s, Materializing param=gpt_neox.layers.13.attention.dense.weight]
Loading weights:  55%|#####5    | 162/292 [00:00<00:00, 2316.37it/s, Materializing param=gpt_neox.layers.13.attention.dense.weight]
Loading weights:  56%|#####5    | 163/292 [00:00<00:00, 2327.23it/s, Materializing param=gpt_neox.layers.13.attention.query_key_value.bias]
Loading weights:  56%|#####5    | 163/292 [00:00<00:00, 2325.25it/s, Materializing param=gpt_neox.layers.13.attention.query_key_value.bias]
Loading weights:  56%|#####6    | 164/292 [00:00<00:00, 2336.02it/s, Materializing param=gpt_neox.layers.13.attention.query_key_value.weight]
Loading weights:  56%|#####6    | 164/292 [00:00<00:00, 2334.04it/s, Materializing param=gpt_neox.layers.13.attention.query_key_value.weight]
Loading weights:  57%|#####6    | 165/292 [00:00<00:00, 2344.78it/s, Materializing param=gpt_neox.layers.13.input_layernorm.bias]            
Loading weights:  57%|#####6    | 165/292 [00:00<00:00, 2342.85it/s, Materializing param=gpt_neox.layers.13.input_layernorm.bias]
Loading weights:  57%|#####6    | 166/292 [00:00<00:00, 2353.66it/s, Materializing param=gpt_neox.layers.13.input_layernorm.weight]
Loading weights:  57%|#####6    | 166/292 [00:00<00:00, 2351.44it/s, Materializing param=gpt_neox.layers.13.input_layernorm.weight]
Loading weights:  57%|#####7    | 167/292 [00:00<00:00, 2362.17it/s, Materializing param=gpt_neox.layers.13.mlp.dense_4h_to_h.bias]
Loading weights:  57%|#####7    | 167/292 [00:00<00:00, 2360.22it/s, Materializing param=gpt_neox.layers.13.mlp.dense_4h_to_h.bias]
Loading weights:  58%|#####7    | 168/292 [00:00<00:00, 2370.82it/s, Materializing param=gpt_neox.layers.13.mlp.dense_4h_to_h.weight]
Loading weights:  58%|#####7    | 168/292 [00:00<00:00, 2368.87it/s, Materializing param=gpt_neox.layers.13.mlp.dense_4h_to_h.weight]
Loading weights:  58%|#####7    | 169/292 [00:00<00:00, 2379.32it/s, Materializing param=gpt_neox.layers.13.mlp.dense_h_to_4h.bias]  
Loading weights:  58%|#####7    | 169/292 [00:00<00:00, 2377.44it/s, Materializing param=gpt_neox.layers.13.mlp.dense_h_to_4h.bias]
Loading weights:  58%|#####8    | 170/292 [00:00<00:00, 2388.16it/s, Materializing param=gpt_neox.layers.13.mlp.dense_h_to_4h.weight]
Loading weights:  58%|#####8    | 170/292 [00:00<00:00, 2386.33it/s, Materializing param=gpt_neox.layers.13.mlp.dense_h_to_4h.weight]
Loading weights:  59%|#####8    | 171/292 [00:00<00:00, 2397.04it/s, Materializing param=gpt_neox.layers.13.post_attention_layernorm.bias]
Loading weights:  59%|#####8    | 171/292 [00:00<00:00, 2395.05it/s, Materializing param=gpt_neox.layers.13.post_attention_layernorm.bias]
Loading weights:  59%|#####8    | 172/292 [00:00<00:00, 2405.51it/s, Materializing param=gpt_neox.layers.13.post_attention_layernorm.weight]
Loading weights:  59%|#####8    | 172/292 [00:00<00:00, 2403.52it/s, Materializing param=gpt_neox.layers.13.post_attention_layernorm.weight]
Loading weights:  59%|#####9    | 173/292 [00:00<00:00, 2414.02it/s, Materializing param=gpt_neox.layers.14.attention.dense.bias]           
Loading weights:  59%|#####9    | 173/292 [00:00<00:00, 2412.06it/s, Materializing param=gpt_neox.layers.14.attention.dense.bias]
Loading weights:  60%|#####9    | 174/292 [00:00<00:00, 2422.43it/s, Materializing param=gpt_neox.layers.14.attention.dense.weight]
Loading weights:  60%|#####9    | 174/292 [00:00<00:00, 2420.46it/s, Materializing param=gpt_neox.layers.14.attention.dense.weight]
Loading weights:  60%|#####9    | 175/292 [00:00<00:00, 2428.42it/s, Materializing param=gpt_neox.layers.14.attention.query_key_value.bias]
Loading weights:  60%|#####9    | 175/292 [00:00<00:00, 2425.72it/s, Materializing param=gpt_neox.layers.14.attention.query_key_value.bias]
Loading weights:  60%|######    | 176/292 [00:00<00:00, 2435.44it/s, Materializing param=gpt_neox.layers.14.attention.query_key_value.weight]
Loading weights:  60%|######    | 176/292 [00:00<00:00, 2433.25it/s, Materializing param=gpt_neox.layers.14.attention.query_key_value.weight]
Loading weights:  61%|######    | 177/292 [00:00<00:00, 2443.23it/s, Materializing param=gpt_neox.layers.14.input_layernorm.bias]            
Loading weights:  61%|######    | 177/292 [00:00<00:00, 2441.13it/s, Materializing param=gpt_neox.layers.14.input_layernorm.bias]
Loading weights:  61%|######    | 178/292 [00:00<00:00, 2451.17it/s, Materializing param=gpt_neox.layers.14.input_layernorm.weight]
Loading weights:  61%|######    | 178/292 [00:00<00:00, 2449.16it/s, Materializing param=gpt_neox.layers.14.input_layernorm.weight]
Loading weights:  61%|######1   | 179/292 [00:00<00:00, 2456.61it/s, Materializing param=gpt_neox.layers.14.mlp.dense_4h_to_h.bias]
Loading weights:  61%|######1   | 179/292 [00:00<00:00, 2454.04it/s, Materializing param=gpt_neox.layers.14.mlp.dense_4h_to_h.bias]
Loading weights:  62%|######1   | 180/292 [00:00<00:00, 2462.89it/s, Materializing param=gpt_neox.layers.14.mlp.dense_4h_to_h.weight]
Loading weights:  62%|######1   | 180/292 [00:00<00:00, 2460.75it/s, Materializing param=gpt_neox.layers.14.mlp.dense_4h_to_h.weight]
Loading weights:  62%|######1   | 181/292 [00:00<00:00, 2469.88it/s, Materializing param=gpt_neox.layers.14.mlp.dense_h_to_4h.bias]  
Loading weights:  62%|######1   | 181/292 [00:00<00:00, 2467.86it/s, Materializing param=gpt_neox.layers.14.mlp.dense_h_to_4h.bias]
Loading weights:  62%|######2   | 182/292 [00:00<00:00, 2477.00it/s, Materializing param=gpt_neox.layers.14.mlp.dense_h_to_4h.weight]
Loading weights:  62%|######2   | 182/292 [00:00<00:00, 2475.03it/s, Materializing param=gpt_neox.layers.14.mlp.dense_h_to_4h.weight]
Loading weights:  63%|######2   | 183/292 [00:00<00:00, 2484.45it/s, Materializing param=gpt_neox.layers.14.post_attention_layernorm.bias]
Loading weights:  63%|######2   | 183/292 [00:00<00:00, 2481.14it/s, Materializing param=gpt_neox.layers.14.post_attention_layernorm.bias]
Loading weights:  63%|######3   | 184/292 [00:00<00:00, 2480.49it/s, Materializing param=gpt_neox.layers.14.post_attention_layernorm.weight]
Loading weights:  63%|######3   | 184/292 [00:00<00:00, 2477.84it/s, Materializing param=gpt_neox.layers.14.post_attention_layernorm.weight]
Loading weights:  63%|######3   | 185/292 [00:00<00:00, 2487.24it/s, Materializing param=gpt_neox.layers.15.attention.dense.bias]           
Loading weights:  63%|######3   | 185/292 [00:00<00:00, 2485.18it/s, Materializing param=gpt_neox.layers.15.attention.dense.bias]
Loading weights:  64%|######3   | 186/292 [00:00<00:00, 2494.76it/s, Materializing param=gpt_neox.layers.15.attention.dense.weight]
Loading weights:  64%|######3   | 186/292 [00:00<00:00, 2492.69it/s, Materializing param=gpt_neox.layers.15.attention.dense.weight]
Loading weights:  64%|######4   | 187/292 [00:00<00:00, 2502.38it/s, Materializing param=gpt_neox.layers.15.attention.query_key_value.bias]
Loading weights:  64%|######4   | 187/292 [00:00<00:00, 2500.29it/s, Materializing param=gpt_neox.layers.15.attention.query_key_value.bias]
Loading weights:  64%|######4   | 188/292 [00:00<00:00, 2509.53it/s, Materializing param=gpt_neox.layers.15.attention.query_key_value.weight]
Loading weights:  64%|######4   | 188/292 [00:00<00:00, 2507.41it/s, Materializing param=gpt_neox.layers.15.attention.query_key_value.weight]
Loading weights:  65%|######4   | 189/292 [00:00<00:00, 2516.68it/s, Materializing param=gpt_neox.layers.15.input_layernorm.bias]            
Loading weights:  65%|######4   | 189/292 [00:00<00:00, 2514.66it/s, Materializing param=gpt_neox.layers.15.input_layernorm.bias]
Loading weights:  65%|######5   | 190/292 [00:00<00:00, 2524.18it/s, Materializing param=gpt_neox.layers.15.input_layernorm.weight]
Loading weights:  65%|######5   | 190/292 [00:00<00:00, 2522.18it/s, Materializing param=gpt_neox.layers.15.input_layernorm.weight]
Loading weights:  65%|######5   | 191/292 [00:00<00:00, 2531.92it/s, Materializing param=gpt_neox.layers.15.mlp.dense_4h_to_h.bias]
Loading weights:  65%|######5   | 191/292 [00:00<00:00, 2529.94it/s, Materializing param=gpt_neox.layers.15.mlp.dense_4h_to_h.bias]
Loading weights:  66%|######5   | 192/292 [00:00<00:00, 2539.53it/s, Materializing param=gpt_neox.layers.15.mlp.dense_4h_to_h.weight]
Loading weights:  66%|######5   | 192/292 [00:00<00:00, 2537.51it/s, Materializing param=gpt_neox.layers.15.mlp.dense_4h_to_h.weight]
Loading weights:  66%|######6   | 193/292 [00:00<00:00, 2547.12it/s, Materializing param=gpt_neox.layers.15.mlp.dense_h_to_4h.bias]  
Loading weights:  66%|######6   | 193/292 [00:00<00:00, 2545.10it/s, Materializing param=gpt_neox.layers.15.mlp.dense_h_to_4h.bias]
Loading weights:  66%|######6   | 194/292 [00:00<00:00, 2554.44it/s, Materializing param=gpt_neox.layers.15.mlp.dense_h_to_4h.weight]
Loading weights:  66%|######6   | 194/292 [00:00<00:00, 2552.42it/s, Materializing param=gpt_neox.layers.15.mlp.dense_h_to_4h.weight]
Loading weights:  67%|######6   | 195/292 [00:00<00:00, 2561.98it/s, Materializing param=gpt_neox.layers.15.post_attention_layernorm.bias]
Loading weights:  67%|######6   | 195/292 [00:00<00:00, 2559.95it/s, Materializing param=gpt_neox.layers.15.post_attention_layernorm.bias]
Loading weights:  67%|######7   | 196/292 [00:00<00:00, 2569.30it/s, Materializing param=gpt_neox.layers.15.post_attention_layernorm.weight]
Loading weights:  67%|######7   | 196/292 [00:00<00:00, 2567.22it/s, Materializing param=gpt_neox.layers.15.post_attention_layernorm.weight]
Loading weights:  67%|######7   | 197/292 [00:00<00:00, 2576.72it/s, Materializing param=gpt_neox.layers.16.attention.dense.bias]           
Loading weights:  67%|######7   | 197/292 [00:00<00:00, 2574.74it/s, Materializing param=gpt_neox.layers.16.attention.dense.bias]
Loading weights:  68%|######7   | 198/292 [00:00<00:00, 2584.20it/s, Materializing param=gpt_neox.layers.16.attention.dense.weight]
Loading weights:  68%|######7   | 198/292 [00:00<00:00, 2582.18it/s, Materializing param=gpt_neox.layers.16.attention.dense.weight]
Loading weights:  68%|######8   | 199/292 [00:00<00:00, 2591.59it/s, Materializing param=gpt_neox.layers.16.attention.query_key_value.bias]
Loading weights:  68%|######8   | 199/292 [00:00<00:00, 2589.64it/s, Materializing param=gpt_neox.layers.16.attention.query_key_value.bias]
Loading weights:  68%|######8   | 200/292 [00:00<00:00, 2598.88it/s, Materializing param=gpt_neox.layers.16.attention.query_key_value.weight]
Loading weights:  68%|######8   | 200/292 [00:00<00:00, 2596.96it/s, Materializing param=gpt_neox.layers.16.attention.query_key_value.weight]
Loading weights:  69%|######8   | 201/292 [00:00<00:00, 2606.33it/s, Materializing param=gpt_neox.layers.16.input_layernorm.bias]            
Loading weights:  69%|######8   | 201/292 [00:00<00:00, 2604.32it/s, Materializing param=gpt_neox.layers.16.input_layernorm.bias]
Loading weights:  69%|######9   | 202/292 [00:00<00:00, 2613.72it/s, Materializing param=gpt_neox.layers.16.input_layernorm.weight]
Loading weights:  69%|######9   | 202/292 [00:00<00:00, 2611.73it/s, Materializing param=gpt_neox.layers.16.input_layernorm.weight]
Loading weights:  70%|######9   | 203/292 [00:00<00:00, 2621.13it/s, Materializing param=gpt_neox.layers.16.mlp.dense_4h_to_h.bias]
Loading weights:  70%|######9   | 203/292 [00:00<00:00, 2619.13it/s, Materializing param=gpt_neox.layers.16.mlp.dense_4h_to_h.bias]
Loading weights:  70%|######9   | 204/292 [00:00<00:00, 2628.33it/s, Materializing param=gpt_neox.layers.16.mlp.dense_4h_to_h.weight]
Loading weights:  70%|######9   | 204/292 [00:00<00:00, 2626.32it/s, Materializing param=gpt_neox.layers.16.mlp.dense_4h_to_h.weight]
Loading weights:  70%|#######   | 205/292 [00:00<00:00, 2635.40it/s, Materializing param=gpt_neox.layers.16.mlp.dense_h_to_4h.bias]  
Loading weights:  70%|#######   | 205/292 [00:00<00:00, 2633.36it/s, Materializing param=gpt_neox.layers.16.mlp.dense_h_to_4h.bias]
Loading weights:  71%|#######   | 206/292 [00:00<00:00, 2642.26it/s, Materializing param=gpt_neox.layers.16.mlp.dense_h_to_4h.weight]
Loading weights:  71%|#######   | 206/292 [00:00<00:00, 2640.22it/s, Materializing param=gpt_neox.layers.16.mlp.dense_h_to_4h.weight]
Loading weights:  71%|#######   | 207/292 [00:00<00:00, 2649.31it/s, Materializing param=gpt_neox.layers.16.post_attention_layernorm.bias]
Loading weights:  71%|#######   | 207/292 [00:00<00:00, 2647.27it/s, Materializing param=gpt_neox.layers.16.post_attention_layernorm.bias]
Loading weights:  71%|#######1  | 208/292 [00:00<00:00, 2656.47it/s, Materializing param=gpt_neox.layers.16.post_attention_layernorm.weight]
Loading weights:  71%|#######1  | 208/292 [00:00<00:00, 2654.43it/s, Materializing param=gpt_neox.layers.16.post_attention_layernorm.weight]
Loading weights:  72%|#######1  | 209/292 [00:00<00:00, 2663.64it/s, Materializing param=gpt_neox.layers.17.attention.dense.bias]           
Loading weights:  72%|#######1  | 209/292 [00:00<00:00, 2661.65it/s, Materializing param=gpt_neox.layers.17.attention.dense.bias]
Loading weights:  72%|#######1  | 210/292 [00:00<00:00, 2670.72it/s, Materializing param=gpt_neox.layers.17.attention.dense.weight]
Loading weights:  72%|#######1  | 210/292 [00:00<00:00, 2668.71it/s, Materializing param=gpt_neox.layers.17.attention.dense.weight]
Loading weights:  72%|#######2  | 211/292 [00:00<00:00, 2677.77it/s, Materializing param=gpt_neox.layers.17.attention.query_key_value.bias]
Loading weights:  72%|#######2  | 211/292 [00:00<00:00, 2675.74it/s, Materializing param=gpt_neox.layers.17.attention.query_key_value.bias]
Loading weights:  73%|#######2  | 212/292 [00:00<00:00, 2684.29it/s, Materializing param=gpt_neox.layers.17.attention.query_key_value.weight]
Loading weights:  73%|#######2  | 212/292 [00:00<00:00, 2682.20it/s, Materializing param=gpt_neox.layers.17.attention.query_key_value.weight]
Loading weights:  73%|#######2  | 213/292 [00:00<00:00, 2691.15it/s, Materializing param=gpt_neox.layers.17.input_layernorm.bias]            
Loading weights:  73%|#######2  | 213/292 [00:00<00:00, 2689.14it/s, Materializing param=gpt_neox.layers.17.input_layernorm.bias]
Loading weights:  73%|#######3  | 214/292 [00:00<00:00, 2698.20it/s, Materializing param=gpt_neox.layers.17.input_layernorm.weight]
Loading weights:  73%|#######3  | 214/292 [00:00<00:00, 2696.20it/s, Materializing param=gpt_neox.layers.17.input_layernorm.weight]
Loading weights:  74%|#######3  | 215/292 [00:00<00:00, 2705.20it/s, Materializing param=gpt_neox.layers.17.mlp.dense_4h_to_h.bias]
Loading weights:  74%|#######3  | 215/292 [00:00<00:00, 2703.19it/s, Materializing param=gpt_neox.layers.17.mlp.dense_4h_to_h.bias]
Loading weights:  74%|#######3  | 216/292 [00:00<00:00, 2712.08it/s, Materializing param=gpt_neox.layers.17.mlp.dense_4h_to_h.weight]
Loading weights:  74%|#######3  | 216/292 [00:00<00:00, 2710.06it/s, Materializing param=gpt_neox.layers.17.mlp.dense_4h_to_h.weight]
Loading weights:  74%|#######4  | 217/292 [00:00<00:00, 2718.94it/s, Materializing param=gpt_neox.layers.17.mlp.dense_h_to_4h.bias]  
Loading weights:  74%|#######4  | 217/292 [00:00<00:00, 2716.92it/s, Materializing param=gpt_neox.layers.17.mlp.dense_h_to_4h.bias]
Loading weights:  75%|#######4  | 218/292 [00:00<00:00, 2725.63it/s, Materializing param=gpt_neox.layers.17.mlp.dense_h_to_4h.weight]
Loading weights:  75%|#######4  | 218/292 [00:00<00:00, 2723.53it/s, Materializing param=gpt_neox.layers.17.mlp.dense_h_to_4h.weight]
Loading weights:  75%|#######5  | 219/292 [00:00<00:00, 2732.15it/s, Materializing param=gpt_neox.layers.17.post_attention_layernorm.bias]
Loading weights:  75%|#######5  | 219/292 [00:00<00:00, 2730.07it/s, Materializing param=gpt_neox.layers.17.post_attention_layernorm.bias]
Loading weights:  75%|#######5  | 220/292 [00:00<00:00, 2738.92it/s, Materializing param=gpt_neox.layers.17.post_attention_layernorm.weight]
Loading weights:  75%|#######5  | 220/292 [00:00<00:00, 2736.86it/s, Materializing param=gpt_neox.layers.17.post_attention_layernorm.weight]
Loading weights:  76%|#######5  | 221/292 [00:00<00:00, 2745.70it/s, Materializing param=gpt_neox.layers.18.attention.dense.bias]           
Loading weights:  76%|#######5  | 221/292 [00:00<00:00, 2743.70it/s, Materializing param=gpt_neox.layers.18.attention.dense.bias]
Loading weights:  76%|#######6  | 222/292 [00:00<00:00, 2752.40it/s, Materializing param=gpt_neox.layers.18.attention.dense.weight]
Loading weights:  76%|#######6  | 222/292 [00:00<00:00, 2750.38it/s, Materializing param=gpt_neox.layers.18.attention.dense.weight]
Loading weights:  76%|#######6  | 223/292 [00:00<00:00, 2759.18it/s, Materializing param=gpt_neox.layers.18.attention.query_key_value.bias]
Loading weights:  76%|#######6  | 223/292 [00:00<00:00, 2757.15it/s, Materializing param=gpt_neox.layers.18.attention.query_key_value.bias]
Loading weights:  77%|#######6  | 224/292 [00:00<00:00, 2765.59it/s, Materializing param=gpt_neox.layers.18.attention.query_key_value.weight]
Loading weights:  77%|#######6  | 224/292 [00:00<00:00, 2763.51it/s, Materializing param=gpt_neox.layers.18.attention.query_key_value.weight]
Loading weights:  77%|#######7  | 225/292 [00:00<00:00, 2771.98it/s, Materializing param=gpt_neox.layers.18.input_layernorm.bias]            
Loading weights:  77%|#######7  | 225/292 [00:00<00:00, 2769.92it/s, Materializing param=gpt_neox.layers.18.input_layernorm.bias]
Loading weights:  77%|#######7  | 226/292 [00:00<00:00, 2778.38it/s, Materializing param=gpt_neox.layers.18.input_layernorm.weight]
Loading weights:  77%|#######7  | 226/292 [00:00<00:00, 2776.26it/s, Materializing param=gpt_neox.layers.18.input_layernorm.weight]
Loading weights:  78%|#######7  | 227/292 [00:00<00:00, 2784.05it/s, Materializing param=gpt_neox.layers.18.mlp.dense_4h_to_h.bias]
Loading weights:  78%|#######7  | 227/292 [00:00<00:00, 2782.03it/s, Materializing param=gpt_neox.layers.18.mlp.dense_4h_to_h.bias]
Loading weights:  78%|#######8  | 228/292 [00:00<00:00, 2789.42it/s, Materializing param=gpt_neox.layers.18.mlp.dense_4h_to_h.weight]
Loading weights:  78%|#######8  | 228/292 [00:00<00:00, 2787.08it/s, Materializing param=gpt_neox.layers.18.mlp.dense_4h_to_h.weight]
Loading weights:  78%|#######8  | 229/292 [00:00<00:00, 2789.24it/s, Materializing param=gpt_neox.layers.18.mlp.dense_h_to_4h.bias]  
Loading weights:  78%|#######8  | 229/292 [00:00<00:00, 2785.93it/s, Materializing param=gpt_neox.layers.18.mlp.dense_h_to_4h.bias]
Loading weights:  79%|#######8  | 230/292 [00:00<00:00, 2789.44it/s, Materializing param=gpt_neox.layers.18.mlp.dense_h_to_4h.weight]
Loading weights:  79%|#######8  | 230/292 [00:00<00:00, 2787.14it/s, Materializing param=gpt_neox.layers.18.mlp.dense_h_to_4h.weight]
Loading weights:  79%|#######9  | 231/292 [00:00<00:00, 2793.14it/s, Materializing param=gpt_neox.layers.18.post_attention_layernorm.bias]
Loading weights:  79%|#######9  | 231/292 [00:00<00:00, 2790.35it/s, Materializing param=gpt_neox.layers.18.post_attention_layernorm.bias]
Loading weights:  79%|#######9  | 232/292 [00:00<00:00, 2798.07it/s, Materializing param=gpt_neox.layers.18.post_attention_layernorm.weight]
Loading weights:  79%|#######9  | 232/292 [00:00<00:00, 2795.87it/s, Materializing param=gpt_neox.layers.18.post_attention_layernorm.weight]
Loading weights:  80%|#######9  | 233/292 [00:00<00:00, 2804.09it/s, Materializing param=gpt_neox.layers.19.attention.dense.bias]           
Loading weights:  80%|#######9  | 233/292 [00:00<00:00, 2802.05it/s, Materializing param=gpt_neox.layers.19.attention.dense.bias]
Loading weights:  80%|########  | 234/292 [00:00<00:00, 2810.26it/s, Materializing param=gpt_neox.layers.19.attention.dense.weight]
Loading weights:  80%|########  | 234/292 [00:00<00:00, 2808.22it/s, Materializing param=gpt_neox.layers.19.attention.dense.weight]
Loading weights:  80%|########  | 235/292 [00:00<00:00, 2816.57it/s, Materializing param=gpt_neox.layers.19.attention.query_key_value.bias]
Loading weights:  80%|########  | 235/292 [00:00<00:00, 2814.57it/s, Materializing param=gpt_neox.layers.19.attention.query_key_value.bias]
Loading weights:  81%|########  | 236/292 [00:00<00:00, 2822.93it/s, Materializing param=gpt_neox.layers.19.attention.query_key_value.weight]
Loading weights:  81%|########  | 236/292 [00:00<00:00, 2820.94it/s, Materializing param=gpt_neox.layers.19.attention.query_key_value.weight]
Loading weights:  81%|########1 | 237/292 [00:00<00:00, 2829.33it/s, Materializing param=gpt_neox.layers.19.input_layernorm.bias]            
Loading weights:  81%|########1 | 237/292 [00:00<00:00, 2827.35it/s, Materializing param=gpt_neox.layers.19.input_layernorm.bias]
Loading weights:  82%|########1 | 238/292 [00:00<00:00, 2835.78it/s, Materializing param=gpt_neox.layers.19.input_layernorm.weight]
Loading weights:  82%|########1 | 238/292 [00:00<00:00, 2833.81it/s, Materializing param=gpt_neox.layers.19.input_layernorm.weight]
Loading weights:  82%|########1 | 239/292 [00:00<00:00, 2842.03it/s, Materializing param=gpt_neox.layers.19.mlp.dense_4h_to_h.bias]
Loading weights:  82%|########1 | 239/292 [00:00<00:00, 2840.01it/s, Materializing param=gpt_neox.layers.19.mlp.dense_4h_to_h.bias]
Loading weights:  82%|########2 | 240/292 [00:00<00:00, 2848.14it/s, Materializing param=gpt_neox.layers.19.mlp.dense_4h_to_h.weight]
Loading weights:  82%|########2 | 240/292 [00:00<00:00, 2846.17it/s, Materializing param=gpt_neox.layers.19.mlp.dense_4h_to_h.weight]
Loading weights:  83%|########2 | 241/292 [00:00<00:00, 2854.23it/s, Materializing param=gpt_neox.layers.19.mlp.dense_h_to_4h.bias]  
Loading weights:  83%|########2 | 241/292 [00:00<00:00, 2852.27it/s, Materializing param=gpt_neox.layers.19.mlp.dense_h_to_4h.bias]
Loading weights:  83%|########2 | 242/292 [00:00<00:00, 2860.62it/s, Materializing param=gpt_neox.layers.19.mlp.dense_h_to_4h.weight]
Loading weights:  83%|########2 | 242/292 [00:00<00:00, 2858.66it/s, Materializing param=gpt_neox.layers.19.mlp.dense_h_to_4h.weight]
Loading weights:  83%|########3 | 243/292 [00:00<00:00, 2866.89it/s, Materializing param=gpt_neox.layers.19.post_attention_layernorm.bias]
Loading weights:  83%|########3 | 243/292 [00:00<00:00, 2864.91it/s, Materializing param=gpt_neox.layers.19.post_attention_layernorm.bias]
Loading weights:  84%|########3 | 244/292 [00:00<00:00, 2873.22it/s, Materializing param=gpt_neox.layers.19.post_attention_layernorm.weight]
Loading weights:  84%|########3 | 244/292 [00:00<00:00, 2871.25it/s, Materializing param=gpt_neox.layers.19.post_attention_layernorm.weight]
Loading weights:  84%|########3 | 245/292 [00:00<00:00, 2879.57it/s, Materializing param=gpt_neox.layers.20.attention.dense.bias]           
Loading weights:  84%|########3 | 245/292 [00:00<00:00, 2877.56it/s, Materializing param=gpt_neox.layers.20.attention.dense.bias]
Loading weights:  84%|########4 | 246/292 [00:00<00:00, 2885.30it/s, Materializing param=gpt_neox.layers.20.attention.dense.weight]
Loading weights:  84%|########4 | 246/292 [00:00<00:00, 2883.29it/s, Materializing param=gpt_neox.layers.20.attention.dense.weight]
Loading weights:  85%|########4 | 247/292 [00:00<00:00, 2891.44it/s, Materializing param=gpt_neox.layers.20.attention.query_key_value.bias]
Loading weights:  85%|########4 | 247/292 [00:00<00:00, 2889.44it/s, Materializing param=gpt_neox.layers.20.attention.query_key_value.bias]
Loading weights:  85%|########4 | 248/292 [00:00<00:00, 2897.61it/s, Materializing param=gpt_neox.layers.20.attention.query_key_value.weight]
Loading weights:  85%|########4 | 248/292 [00:00<00:00, 2895.60it/s, Materializing param=gpt_neox.layers.20.attention.query_key_value.weight]
Loading weights:  85%|########5 | 249/292 [00:00<00:00, 2903.66it/s, Materializing param=gpt_neox.layers.20.input_layernorm.bias]            
Loading weights:  85%|########5 | 249/292 [00:00<00:00, 2901.71it/s, Materializing param=gpt_neox.layers.20.input_layernorm.bias]
Loading weights:  86%|########5 | 250/292 [00:00<00:00, 2909.92it/s, Materializing param=gpt_neox.layers.20.input_layernorm.weight]
Loading weights:  86%|########5 | 250/292 [00:00<00:00, 2907.99it/s, Materializing param=gpt_neox.layers.20.input_layernorm.weight]
Loading weights:  86%|########5 | 251/292 [00:00<00:00, 2916.20it/s, Materializing param=gpt_neox.layers.20.mlp.dense_4h_to_h.bias]
Loading weights:  86%|########5 | 251/292 [00:00<00:00, 2914.28it/s, Materializing param=gpt_neox.layers.20.mlp.dense_4h_to_h.bias]
Loading weights:  86%|########6 | 252/292 [00:00<00:00, 2922.26it/s, Materializing param=gpt_neox.layers.20.mlp.dense_4h_to_h.weight]
Loading weights:  86%|########6 | 252/292 [00:00<00:00, 2920.31it/s, Materializing param=gpt_neox.layers.20.mlp.dense_4h_to_h.weight]
Loading weights:  87%|########6 | 253/292 [00:00<00:00, 2927.87it/s, Materializing param=gpt_neox.layers.20.mlp.dense_h_to_4h.bias]  
Loading weights:  87%|########6 | 253/292 [00:00<00:00, 2925.86it/s, Materializing param=gpt_neox.layers.20.mlp.dense_h_to_4h.bias]
Loading weights:  87%|########6 | 254/292 [00:00<00:00, 2933.86it/s, Materializing param=gpt_neox.layers.20.mlp.dense_h_to_4h.weight]
Loading weights:  87%|########6 | 254/292 [00:00<00:00, 2931.88it/s, Materializing param=gpt_neox.layers.20.mlp.dense_h_to_4h.weight]
Loading weights:  87%|########7 | 255/292 [00:00<00:00, 2939.91it/s, Materializing param=gpt_neox.layers.20.post_attention_layernorm.bias]
Loading weights:  87%|########7 | 255/292 [00:00<00:00, 2937.91it/s, Materializing param=gpt_neox.layers.20.post_attention_layernorm.bias]
Loading weights:  88%|########7 | 256/292 [00:00<00:00, 2945.89it/s, Materializing param=gpt_neox.layers.20.post_attention_layernorm.weight]
Loading weights:  88%|########7 | 256/292 [00:00<00:00, 2943.92it/s, Materializing param=gpt_neox.layers.20.post_attention_layernorm.weight]
Loading weights:  88%|########8 | 257/292 [00:00<00:00, 2951.71it/s, Materializing param=gpt_neox.layers.21.attention.dense.bias]           
Loading weights:  88%|########8 | 257/292 [00:00<00:00, 2949.31it/s, Materializing param=gpt_neox.layers.21.attention.dense.bias]
Loading weights:  88%|########8 | 258/292 [00:00<00:00, 2956.96it/s, Materializing param=gpt_neox.layers.21.attention.dense.weight]
Loading weights:  88%|########8 | 258/292 [00:00<00:00, 2954.91it/s, Materializing param=gpt_neox.layers.21.attention.dense.weight]
Loading weights:  89%|########8 | 259/292 [00:00<00:00, 2962.64it/s, Materializing param=gpt_neox.layers.21.attention.query_key_value.bias]
Loading weights:  89%|########8 | 259/292 [00:00<00:00, 2960.68it/s, Materializing param=gpt_neox.layers.21.attention.query_key_value.bias]
Loading weights:  89%|########9 | 260/292 [00:00<00:00, 2968.50it/s, Materializing param=gpt_neox.layers.21.attention.query_key_value.weight]
Loading weights:  89%|########9 | 260/292 [00:00<00:00, 2966.56it/s, Materializing param=gpt_neox.layers.21.attention.query_key_value.weight]
Loading weights:  89%|########9 | 261/292 [00:00<00:00, 2974.47it/s, Materializing param=gpt_neox.layers.21.input_layernorm.bias]            
Loading weights:  89%|########9 | 261/292 [00:00<00:00, 2972.60it/s, Materializing param=gpt_neox.layers.21.input_layernorm.bias]
Loading weights:  90%|########9 | 262/292 [00:00<00:00, 2980.41it/s, Materializing param=gpt_neox.layers.21.input_layernorm.weight]
Loading weights:  90%|########9 | 262/292 [00:00<00:00, 2978.27it/s, Materializing param=gpt_neox.layers.21.input_layernorm.weight]
Loading weights:  90%|######### | 263/292 [00:00<00:00, 2985.50it/s, Materializing param=gpt_neox.layers.21.mlp.dense_4h_to_h.bias]
Loading weights:  90%|######### | 263/292 [00:00<00:00, 2983.45it/s, Materializing param=gpt_neox.layers.21.mlp.dense_4h_to_h.bias]
Loading weights:  90%|######### | 264/292 [00:00<00:00, 2990.96it/s, Materializing param=gpt_neox.layers.21.mlp.dense_4h_to_h.weight]
Loading weights:  90%|######### | 264/292 [00:00<00:00, 2988.96it/s, Materializing param=gpt_neox.layers.21.mlp.dense_4h_to_h.weight]
Loading weights:  91%|######### | 265/292 [00:00<00:00, 2996.34it/s, Materializing param=gpt_neox.layers.21.mlp.dense_h_to_4h.bias]  
Loading weights:  91%|######### | 265/292 [00:00<00:00, 2994.33it/s, Materializing param=gpt_neox.layers.21.mlp.dense_h_to_4h.bias]
Loading weights:  91%|#########1| 266/292 [00:00<00:00, 3001.82it/s, Materializing param=gpt_neox.layers.21.mlp.dense_h_to_4h.weight]
Loading weights:  91%|#########1| 266/292 [00:00<00:00, 2999.82it/s, Materializing param=gpt_neox.layers.21.mlp.dense_h_to_4h.weight]
Loading weights:  91%|#########1| 267/292 [00:00<00:00, 3007.56it/s, Materializing param=gpt_neox.layers.21.post_attention_layernorm.bias]
Loading weights:  91%|#########1| 267/292 [00:00<00:00, 3005.52it/s, Materializing param=gpt_neox.layers.21.post_attention_layernorm.bias]
Loading weights:  92%|#########1| 268/292 [00:00<00:00, 3013.22it/s, Materializing param=gpt_neox.layers.21.post_attention_layernorm.weight]
Loading weights:  92%|#########1| 268/292 [00:00<00:00, 3011.20it/s, Materializing param=gpt_neox.layers.21.post_attention_layernorm.weight]
Loading weights:  92%|#########2| 269/292 [00:00<00:00, 3018.81it/s, Materializing param=gpt_neox.layers.22.attention.dense.bias]           
Loading weights:  92%|#########2| 269/292 [00:00<00:00, 3016.79it/s, Materializing param=gpt_neox.layers.22.attention.dense.bias]
Loading weights:  92%|#########2| 270/292 [00:00<00:00, 3024.08it/s, Materializing param=gpt_neox.layers.22.attention.dense.weight]
Loading weights:  92%|#########2| 270/292 [00:00<00:00, 3022.09it/s, Materializing param=gpt_neox.layers.22.attention.dense.weight]
Loading weights:  93%|#########2| 271/292 [00:00<00:00, 3027.49it/s, Materializing param=gpt_neox.layers.22.attention.query_key_value.bias]
Loading weights:  93%|#########2| 271/292 [00:00<00:00, 3025.07it/s, Materializing param=gpt_neox.layers.22.attention.query_key_value.bias]
Loading weights:  93%|#########3| 272/292 [00:00<00:00, 3031.37it/s, Materializing param=gpt_neox.layers.22.attention.query_key_value.weight]
Loading weights:  93%|#########3| 272/292 [00:00<00:00, 3029.22it/s, Materializing param=gpt_neox.layers.22.attention.query_key_value.weight]
Loading weights:  93%|#########3| 273/292 [00:00<00:00, 3030.93it/s, Materializing param=gpt_neox.layers.22.input_layernorm.bias]            
Loading weights:  93%|#########3| 273/292 [00:00<00:00, 3027.32it/s, Materializing param=gpt_neox.layers.22.input_layernorm.bias]
Loading weights:  94%|#########3| 274/292 [00:00<00:00, 3026.40it/s, Materializing param=gpt_neox.layers.22.input_layernorm.weight]
Loading weights:  94%|#########3| 274/292 [00:00<00:00, 3022.29it/s, Materializing param=gpt_neox.layers.22.input_layernorm.weight]
Loading weights:  94%|#########4| 275/292 [00:00<00:00, 3026.83it/s, Materializing param=gpt_neox.layers.22.mlp.dense_4h_to_h.bias]
Loading weights:  94%|#########4| 275/292 [00:00<00:00, 3024.32it/s, Materializing param=gpt_neox.layers.22.mlp.dense_4h_to_h.bias]
Loading weights:  95%|#########4| 276/292 [00:00<00:00, 3030.43it/s, Materializing param=gpt_neox.layers.22.mlp.dense_4h_to_h.weight]
Loading weights:  95%|#########4| 276/292 [00:00<00:00, 3028.35it/s, Materializing param=gpt_neox.layers.22.mlp.dense_4h_to_h.weight]
Loading weights:  95%|#########4| 277/292 [00:00<00:00, 3035.51it/s, Materializing param=gpt_neox.layers.22.mlp.dense_h_to_4h.bias]  
Loading weights:  95%|#########4| 277/292 [00:00<00:00, 3033.47it/s, Materializing param=gpt_neox.layers.22.mlp.dense_h_to_4h.bias]
Loading weights:  95%|#########5| 278/292 [00:00<00:00, 3040.59it/s, Materializing param=gpt_neox.layers.22.mlp.dense_h_to_4h.weight]
Loading weights:  95%|#########5| 278/292 [00:00<00:00, 3038.60it/s, Materializing param=gpt_neox.layers.22.mlp.dense_h_to_4h.weight]
Loading weights:  96%|#########5| 279/292 [00:00<00:00, 3045.93it/s, Materializing param=gpt_neox.layers.22.post_attention_layernorm.bias]
Loading weights:  96%|#########5| 279/292 [00:00<00:00, 3043.94it/s, Materializing param=gpt_neox.layers.22.post_attention_layernorm.bias]
Loading weights:  96%|#########5| 280/292 [00:00<00:00, 3051.12it/s, Materializing param=gpt_neox.layers.22.post_attention_layernorm.weight]
Loading weights:  96%|#########5| 280/292 [00:00<00:00, 3049.13it/s, Materializing param=gpt_neox.layers.22.post_attention_layernorm.weight]
Loading weights:  96%|#########6| 281/292 [00:00<00:00, 3056.46it/s, Materializing param=gpt_neox.layers.23.attention.dense.bias]           
Loading weights:  96%|#########6| 281/292 [00:00<00:00, 3054.16it/s, Materializing param=gpt_neox.layers.23.attention.dense.bias]
Loading weights:  97%|#########6| 282/292 [00:00<00:00, 3061.09it/s, Materializing param=gpt_neox.layers.23.attention.dense.weight]
Loading weights:  97%|#########6| 282/292 [00:00<00:00, 3059.14it/s, Materializing param=gpt_neox.layers.23.attention.dense.weight]
Loading weights:  97%|#########6| 283/292 [00:00<00:00, 3066.43it/s, Materializing param=gpt_neox.layers.23.attention.query_key_value.bias]
Loading weights:  97%|#########6| 283/292 [00:00<00:00, 3064.45it/s, Materializing param=gpt_neox.layers.23.attention.query_key_value.bias]
Loading weights:  97%|#########7| 284/292 [00:00<00:00, 3071.69it/s, Materializing param=gpt_neox.layers.23.attention.query_key_value.weight]
Loading weights:  97%|#########7| 284/292 [00:00<00:00, 3069.70it/s, Materializing param=gpt_neox.layers.23.attention.query_key_value.weight]
Loading weights:  98%|#########7| 285/292 [00:00<00:00, 3076.89it/s, Materializing param=gpt_neox.layers.23.input_layernorm.bias]            
Loading weights:  98%|#########7| 285/292 [00:00<00:00, 3074.94it/s, Materializing param=gpt_neox.layers.23.input_layernorm.bias]
Loading weights:  98%|#########7| 286/292 [00:00<00:00, 3082.06it/s, Materializing param=gpt_neox.layers.23.input_layernorm.weight]
Loading weights:  98%|#########7| 286/292 [00:00<00:00, 3080.07it/s, Materializing param=gpt_neox.layers.23.input_layernorm.weight]
Loading weights:  98%|#########8| 287/292 [00:00<00:00, 3087.29it/s, Materializing param=gpt_neox.layers.23.mlp.dense_4h_to_h.bias]
Loading weights:  98%|#########8| 287/292 [00:00<00:00, 3085.36it/s, Materializing param=gpt_neox.layers.23.mlp.dense_4h_to_h.bias]
Loading weights:  99%|#########8| 288/292 [00:00<00:00, 3092.38it/s, Materializing param=gpt_neox.layers.23.mlp.dense_4h_to_h.weight]
Loading weights:  99%|#########8| 288/292 [00:00<00:00, 3090.42it/s, Materializing param=gpt_neox.layers.23.mlp.dense_4h_to_h.weight]
Loading weights:  99%|#########8| 289/292 [00:00<00:00, 3097.58it/s, Materializing param=gpt_neox.layers.23.mlp.dense_h_to_4h.bias]  
Loading weights:  99%|#########8| 289/292 [00:00<00:00, 3095.71it/s, Materializing param=gpt_neox.layers.23.mlp.dense_h_to_4h.bias]
Loading weights:  99%|#########9| 290/292 [00:00<00:00, 3102.90it/s, Materializing param=gpt_neox.layers.23.mlp.dense_h_to_4h.weight]
Loading weights:  99%|#########9| 290/292 [00:00<00:00, 3101.05it/s, Materializing param=gpt_neox.layers.23.mlp.dense_h_to_4h.weight]
Loading weights: 100%|#########9| 291/292 [00:00<00:00, 3108.25it/s, Materializing param=gpt_neox.layers.23.post_attention_layernorm.bias]
Loading weights: 100%|#########9| 291/292 [00:00<00:00, 3106.20it/s, Materializing param=gpt_neox.layers.23.post_attention_layernorm.bias]
Loading weights: 100%|##########| 292/292 [00:00<00:00, 3113.05it/s, Materializing param=gpt_neox.layers.23.post_attention_layernorm.weight]
Loading weights: 100%|##########| 292/292 [00:00<00:00, 3111.07it/s, Materializing param=gpt_neox.layers.23.post_attention_layernorm.weight]
Loading weights: 100%|##########| 292/292 [00:00<00:00, 3106.21it/s, Materializing param=gpt_neox.layers.23.post_attention_layernorm.weight]

Loading weights:   0%|          | 0/292 [00:00<?, ?it/s]
Loading weights:   0%|          | 1/292 [00:00<00:00, 28926.23it/s, Materializing param=embed_out.weight]
Loading weights:   0%|          | 1/292 [00:00<00:00, 6177.18it/s, Materializing param=embed_out.weight] 
Loading weights:   1%|          | 2/292 [00:00<00:00, 5090.17it/s, Materializing param=gpt_neox.embed_in.weight]
Loading weights:   1%|          | 2/292 [00:00<00:00, 2690.38it/s, Materializing param=gpt_neox.embed_in.weight]
Loading weights:   1%|1         | 3/292 [00:00<00:00, 2990.95it/s, Materializing param=gpt_neox.final_layer_norm.bias]
Loading weights:   1%|1         | 3/292 [00:00<00:00, 2777.07it/s, Materializing param=gpt_neox.final_layer_norm.bias]
Loading weights:   1%|1         | 4/292 [00:00<00:00, 1833.38it/s, Materializing param=gpt_neox.final_layer_norm.weight]
Loading weights:   1%|1         | 4/292 [00:00<00:00, 1720.92it/s, Materializing param=gpt_neox.final_layer_norm.weight]
Loading weights:   2%|1         | 5/292 [00:00<00:00, 1908.24it/s, Materializing param=gpt_neox.layers.0.attention.dense.bias]
Loading weights:   2%|1         | 5/292 [00:00<00:00, 1839.61it/s, Materializing param=gpt_neox.layers.0.attention.dense.bias]
Loading weights:   2%|2         | 6/292 [00:00<00:00, 1981.87it/s, Materializing param=gpt_neox.layers.0.attention.dense.weight]
Loading weights:   2%|2         | 6/292 [00:00<00:00, 1935.09it/s, Materializing param=gpt_neox.layers.0.attention.dense.weight]
Loading weights:   2%|2         | 7/292 [00:00<00:00, 1917.46it/s, Materializing param=gpt_neox.layers.0.attention.query_key_value.bias]
Loading weights:   2%|2         | 7/292 [00:00<00:00, 1878.45it/s, Materializing param=gpt_neox.layers.0.attention.query_key_value.bias]
Loading weights:   3%|2         | 8/292 [00:00<00:00, 2003.49it/s, Materializing param=gpt_neox.layers.0.attention.query_key_value.weight]
Loading weights:   3%|2         | 8/292 [00:00<00:00, 1969.27it/s, Materializing param=gpt_neox.layers.0.attention.query_key_value.weight]
Loading weights:   3%|3         | 9/292 [00:00<00:00, 1961.79it/s, Materializing param=gpt_neox.layers.0.input_layernorm.bias]            
Loading weights:   3%|3         | 9/292 [00:00<00:00, 1896.83it/s, Materializing param=gpt_neox.layers.0.input_layernorm.bias]
Loading weights:   3%|3         | 10/292 [00:00<00:00, 2016.88it/s, Materializing param=gpt_neox.layers.0.input_layernorm.weight]
Loading weights:   3%|3         | 10/292 [00:00<00:00, 1957.58it/s, Materializing param=gpt_neox.layers.0.input_layernorm.weight]
Loading weights:   4%|3         | 11/292 [00:00<00:00, 1817.43it/s, Materializing param=gpt_neox.layers.0.mlp.dense_4h_to_h.bias]
Loading weights:   4%|3         | 11/292 [00:00<00:00, 1702.55it/s, Materializing param=gpt_neox.layers.0.mlp.dense_4h_to_h.bias]
Loading weights:   4%|4         | 12/292 [00:00<00:00, 1715.40it/s, Materializing param=gpt_neox.layers.0.mlp.dense_4h_to_h.weight]
Loading weights:   4%|4         | 12/292 [00:00<00:00, 1659.08it/s, Materializing param=gpt_neox.layers.0.mlp.dense_4h_to_h.weight]
Loading weights:   4%|4         | 13/292 [00:00<00:00, 1722.94it/s, Materializing param=gpt_neox.layers.0.mlp.dense_h_to_4h.bias]  
Loading weights:   4%|4         | 13/292 [00:00<00:00, 1699.74it/s, Materializing param=gpt_neox.layers.0.mlp.dense_h_to_4h.bias]
Loading weights:   5%|4         | 14/292 [00:00<00:00, 1666.48it/s, Materializing param=gpt_neox.layers.0.mlp.dense_h_to_4h.weight]
Loading weights:   5%|4         | 14/292 [00:00<00:00, 1633.07it/s, Materializing param=gpt_neox.layers.0.mlp.dense_h_to_4h.weight]
Loading weights:   5%|5         | 15/292 [00:00<00:00, 1471.89it/s, Materializing param=gpt_neox.layers.0.post_attention_layernorm.bias]
Loading weights:   5%|5         | 15/292 [00:00<00:00, 1455.48it/s, Materializing param=gpt_neox.layers.0.post_attention_layernorm.bias]
Loading weights:   5%|5         | 16/292 [00:00<00:00, 1367.81it/s, Materializing param=gpt_neox.layers.0.post_attention_layernorm.weight]
Loading weights:   5%|5         | 16/292 [00:00<00:00, 1358.01it/s, Materializing param=gpt_neox.layers.0.post_attention_layernorm.weight]
Loading weights:   6%|5         | 17/292 [00:00<00:00, 1389.57it/s, Materializing param=gpt_neox.layers.1.attention.dense.bias]           
Loading weights:   6%|5         | 17/292 [00:00<00:00, 1380.93it/s, Materializing param=gpt_neox.layers.1.attention.dense.bias]
Loading weights:   6%|6         | 18/292 [00:00<00:00, 1398.28it/s, Materializing param=gpt_neox.layers.1.attention.dense.weight]
Loading weights:   6%|6         | 18/292 [00:00<00:00, 1389.71it/s, Materializing param=gpt_neox.layers.1.attention.dense.weight]
Loading weights:   7%|6         | 19/292 [00:00<00:00, 1432.71it/s, Materializing param=gpt_neox.layers.1.attention.query_key_value.bias]
Loading weights:   7%|6         | 19/292 [00:00<00:00, 1386.96it/s, Materializing param=gpt_neox.layers.1.attention.query_key_value.bias]
Loading weights:   7%|6         | 20/292 [00:00<00:00, 1418.41it/s, Materializing param=gpt_neox.layers.1.attention.query_key_value.weight]
Loading weights:   7%|6         | 20/292 [00:00<00:00, 1411.39it/s, Materializing param=gpt_neox.layers.1.attention.query_key_value.weight]
Loading weights:   7%|7         | 21/292 [00:00<00:00, 1439.95it/s, Materializing param=gpt_neox.layers.1.input_layernorm.bias]            
Loading weights:   7%|7         | 21/292 [00:00<00:00, 1432.27it/s, Materializing param=gpt_neox.layers.1.input_layernorm.bias]
Loading weights:   8%|7         | 22/292 [00:00<00:00, 1385.36it/s, Materializing param=gpt_neox.layers.1.input_layernorm.weight]
Loading weights:   8%|7         | 22/292 [00:00<00:00, 1375.45it/s, Materializing param=gpt_neox.layers.1.input_layernorm.weight]
Loading weights:   8%|7         | 23/292 [00:00<00:00, 1404.15it/s, Materializing param=gpt_neox.layers.1.mlp.dense_4h_to_h.bias]
Loading weights:   8%|7         | 23/292 [00:00<00:00, 1394.46it/s, Materializing param=gpt_neox.layers.1.mlp.dense_4h_to_h.bias]
Loading weights:   8%|8         | 24/292 [00:00<00:00, 1436.94it/s, Materializing param=gpt_neox.layers.1.mlp.dense_4h_to_h.weight]
Loading weights:   8%|8         | 24/292 [00:00<00:00, 1402.03it/s, Materializing param=gpt_neox.layers.1.mlp.dense_4h_to_h.weight]
Loading weights:   9%|8         | 25/292 [00:00<00:00, 1404.58it/s, Materializing param=gpt_neox.layers.1.mlp.dense_h_to_4h.bias]  
Loading weights:   9%|8         | 25/292 [00:00<00:00, 1398.46it/s, Materializing param=gpt_neox.layers.1.mlp.dense_h_to_4h.bias]
Loading weights:   9%|8         | 26/292 [00:00<00:00, 1438.96it/s, Materializing param=gpt_neox.layers.1.mlp.dense_h_to_4h.weight]
Loading weights:   9%|8         | 26/292 [00:00<00:00, 1433.50it/s, Materializing param=gpt_neox.layers.1.mlp.dense_h_to_4h.weight]
Loading weights:   9%|9         | 27/292 [00:00<00:00, 1454.67it/s, Materializing param=gpt_neox.layers.1.post_attention_layernorm.bias]
Loading weights:   9%|9         | 27/292 [00:00<00:00, 1445.59it/s, Materializing param=gpt_neox.layers.1.post_attention_layernorm.bias]
Loading weights:  10%|9         | 28/292 [00:00<00:00, 1463.91it/s, Materializing param=gpt_neox.layers.1.post_attention_layernorm.weight]
Loading weights:  10%|9         | 28/292 [00:00<00:00, 1440.74it/s, Materializing param=gpt_neox.layers.1.post_attention_layernorm.weight]
Loading weights:  10%|9         | 29/292 [00:00<00:00, 1474.59it/s, Materializing param=gpt_neox.layers.2.attention.dense.bias]           
Loading weights:  10%|9         | 29/292 [00:00<00:00, 1469.18it/s, Materializing param=gpt_neox.layers.2.attention.dense.bias]
Loading weights:  10%|#         | 30/292 [00:00<00:00, 1505.26it/s, Materializing param=gpt_neox.layers.2.attention.dense.weight]
Loading weights:  10%|#         | 30/292 [00:00<00:00, 1497.52it/s, Materializing param=gpt_neox.layers.2.attention.dense.weight]
Loading weights:  11%|#         | 31/292 [00:00<00:00, 1529.90it/s, Materializing param=gpt_neox.layers.2.attention.query_key_value.bias]
Loading weights:  11%|#         | 31/292 [00:00<00:00, 1522.81it/s, Materializing param=gpt_neox.layers.2.attention.query_key_value.bias]
Loading weights:  11%|#         | 32/292 [00:00<00:00, 1536.59it/s, Materializing param=gpt_neox.layers.2.attention.query_key_value.weight]
Loading weights:  11%|#         | 32/292 [00:00<00:00, 1529.22it/s, Materializing param=gpt_neox.layers.2.attention.query_key_value.weight]
Loading weights:  11%|#1        | 33/292 [00:00<00:00, 1541.04it/s, Materializing param=gpt_neox.layers.2.input_layernorm.bias]            
Loading weights:  11%|#1        | 33/292 [00:00<00:00, 1509.65it/s, Materializing param=gpt_neox.layers.2.input_layernorm.bias]
Loading weights:  12%|#1        | 34/292 [00:00<00:00, 1473.54it/s, Materializing param=gpt_neox.layers.2.input_layernorm.weight]
Loading weights:  12%|#1        | 34/292 [00:00<00:00, 1443.71it/s, Materializing param=gpt_neox.layers.2.input_layernorm.weight]
Loading weights:  12%|#1        | 35/292 [00:00<00:00, 1453.47it/s, Materializing param=gpt_neox.layers.2.mlp.dense_4h_to_h.bias]
Loading weights:  12%|#1        | 35/292 [00:00<00:00, 1427.33it/s, Materializing param=gpt_neox.layers.2.mlp.dense_4h_to_h.bias]
Loading weights:  12%|#2        | 36/292 [00:00<00:00, 1443.57it/s, Materializing param=gpt_neox.layers.2.mlp.dense_4h_to_h.weight]
Loading weights:  12%|#2        | 36/292 [00:00<00:00, 1395.32it/s, Materializing param=gpt_neox.layers.2.mlp.dense_4h_to_h.weight]
Loading weights:  13%|#2        | 37/292 [00:00<00:00, 1417.18it/s, Materializing param=gpt_neox.layers.2.mlp.dense_h_to_4h.bias]  
Loading weights:  13%|#2        | 37/292 [00:00<00:00, 1397.37it/s, Materializing param=gpt_neox.layers.2.mlp.dense_h_to_4h.bias]
Loading weights:  13%|#3        | 38/292 [00:00<00:00, 1418.39it/s, Materializing param=gpt_neox.layers.2.mlp.dense_h_to_4h.weight]
Loading weights:  13%|#3        | 38/292 [00:00<00:00, 1406.59it/s, Materializing param=gpt_neox.layers.2.mlp.dense_h_to_4h.weight]
Loading weights:  13%|#3        | 39/292 [00:00<00:00, 1429.48it/s, Materializing param=gpt_neox.layers.2.post_attention_layernorm.bias]
Loading weights:  13%|#3        | 39/292 [00:00<00:00, 1425.63it/s, Materializing param=gpt_neox.layers.2.post_attention_layernorm.bias]
Loading weights:  14%|#3        | 40/292 [00:00<00:00, 1406.33it/s, Materializing param=gpt_neox.layers.2.post_attention_layernorm.weight]
Loading weights:  14%|#3        | 40/292 [00:00<00:00, 1390.50it/s, Materializing param=gpt_neox.layers.2.post_attention_layernorm.weight]
Loading weights:  14%|#4        | 41/292 [00:00<00:00, 1387.51it/s, Materializing param=gpt_neox.layers.3.attention.dense.bias]           
Loading weights:  14%|#4        | 41/292 [00:00<00:00, 1354.19it/s, Materializing param=gpt_neox.layers.3.attention.dense.bias]
Loading weights:  14%|#4        | 42/292 [00:00<00:00, 1349.35it/s, Materializing param=gpt_neox.layers.3.attention.dense.weight]
Loading weights:  14%|#4        | 42/292 [00:00<00:00, 1338.99it/s, Materializing param=gpt_neox.layers.3.attention.dense.weight]
Loading weights:  15%|#4        | 43/292 [00:00<00:00, 1344.43it/s, Materializing param=gpt_neox.layers.3.attention.query_key_value.bias]
Loading weights:  15%|#4        | 43/292 [00:00<00:00, 1341.56it/s, Materializing param=gpt_neox.layers.3.attention.query_key_value.bias]
Loading weights:  15%|#5        | 44/292 [00:00<00:00, 1346.71it/s, Materializing param=gpt_neox.layers.3.attention.query_key_value.weight]
Loading weights:  15%|#5        | 44/292 [00:00<00:00, 1335.61it/s, Materializing param=gpt_neox.layers.3.attention.query_key_value.weight]
Loading weights:  15%|#5        | 45/292 [00:00<00:00, 1340.18it/s, Materializing param=gpt_neox.layers.3.input_layernorm.bias]            
Loading weights:  15%|#5        | 45/292 [00:00<00:00, 1301.04it/s, Materializing param=gpt_neox.layers.3.input_layernorm.bias]
Loading weights:  16%|#5        | 46/292 [00:00<00:00, 1311.06it/s, Materializing param=gpt_neox.layers.3.input_layernorm.weight]
Loading weights:  16%|#5        | 46/292 [00:00<00:00, 1301.97it/s, Materializing param=gpt_neox.layers.3.input_layernorm.weight]
Loading weights:  16%|#6        | 47/292 [00:00<00:00, 1283.60it/s, Materializing param=gpt_neox.layers.3.mlp.dense_4h_to_h.bias]
Loading weights:  16%|#6        | 47/292 [00:00<00:00, 1276.17it/s, Materializing param=gpt_neox.layers.3.mlp.dense_4h_to_h.bias]
Loading weights:  16%|#6        | 48/292 [00:00<00:00, 1282.44it/s, Materializing param=gpt_neox.layers.3.mlp.dense_4h_to_h.weight]
Loading weights:  16%|#6        | 48/292 [00:00<00:00, 1274.55it/s, Materializing param=gpt_neox.layers.3.mlp.dense_4h_to_h.weight]
Loading weights:  17%|#6        | 49/292 [00:00<00:00, 1295.66it/s, Materializing param=gpt_neox.layers.3.mlp.dense_h_to_4h.bias]  
Loading weights:  17%|#6        | 49/292 [00:00<00:00, 1270.59it/s, Materializing param=gpt_neox.layers.3.mlp.dense_h_to_4h.bias]
Loading weights:  17%|#7        | 50/292 [00:00<00:00, 1286.71it/s, Materializing param=gpt_neox.layers.3.mlp.dense_h_to_4h.weight]
Loading weights:  17%|#7        | 50/292 [00:00<00:00, 1273.89it/s, Materializing param=gpt_neox.layers.3.mlp.dense_h_to_4h.weight]
Loading weights:  17%|#7        | 51/292 [00:00<00:00, 1272.35it/s, Materializing param=gpt_neox.layers.3.post_attention_layernorm.bias]
Loading weights:  17%|#7        | 51/292 [00:00<00:00, 1267.45it/s, Materializing param=gpt_neox.layers.3.post_attention_layernorm.bias]
Loading weights:  18%|#7        | 52/292 [00:00<00:00, 1252.43it/s, Materializing param=gpt_neox.layers.3.post_attention_layernorm.weight]
Loading weights:  18%|#7        | 52/292 [00:00<00:00, 1240.01it/s, Materializing param=gpt_neox.layers.3.post_attention_layernorm.weight]
Loading weights:  18%|#8        | 53/292 [00:00<00:00, 1253.29it/s, Materializing param=gpt_neox.layers.4.attention.dense.bias]           
Loading weights:  18%|#8        | 53/292 [00:00<00:00, 1247.81it/s, Materializing param=gpt_neox.layers.4.attention.dense.bias]
Loading weights:  18%|#8        | 54/292 [00:00<00:00, 1263.49it/s, Materializing param=gpt_neox.layers.4.attention.dense.weight]
Loading weights:  18%|#8        | 54/292 [00:00<00:00, 1258.07it/s, Materializing param=gpt_neox.layers.4.attention.dense.weight]
Loading weights:  19%|#8        | 55/292 [00:00<00:00, 1276.14it/s, Materializing param=gpt_neox.layers.4.attention.query_key_value.bias]
Loading weights:  19%|#8        | 55/292 [00:00<00:00, 1274.08it/s, Materializing param=gpt_neox.layers.4.attention.query_key_value.bias]
Loading weights:  19%|#9        | 56/292 [00:00<00:00, 1291.24it/s, Materializing param=gpt_neox.layers.4.attention.query_key_value.weight]
Loading weights:  19%|#9        | 56/292 [00:00<00:00, 1289.24it/s, Materializing param=gpt_neox.layers.4.attention.query_key_value.weight]
Loading weights:  20%|#9        | 57/292 [00:00<00:00, 1308.48it/s, Materializing param=gpt_neox.layers.4.input_layernorm.bias]            
Loading weights:  20%|#9        | 57/292 [00:00<00:00, 1306.62it/s, Materializing param=gpt_neox.layers.4.input_layernorm.bias]
Loading weights:  20%|#9        | 58/292 [00:00<00:00, 1325.76it/s, Materializing param=gpt_neox.layers.4.input_layernorm.weight]
Loading weights:  20%|#9        | 58/292 [00:00<00:00, 1323.90it/s, Materializing param=gpt_neox.layers.4.input_layernorm.weight]
Loading weights:  20%|##        | 59/292 [00:00<00:00, 1343.18it/s, Materializing param=gpt_neox.layers.4.mlp.dense_4h_to_h.bias]
Loading weights:  20%|##        | 59/292 [00:00<00:00, 1341.22it/s, Materializing param=gpt_neox.layers.4.mlp.dense_4h_to_h.bias]
Loading weights:  21%|##        | 60/292 [00:00<00:00, 1360.08it/s, Materializing param=gpt_neox.layers.4.mlp.dense_4h_to_h.weight]
Loading weights:  21%|##        | 60/292 [00:00<00:00, 1355.71it/s, Materializing param=gpt_neox.layers.4.mlp.dense_4h_to_h.weight]
Loading weights:  21%|##        | 61/292 [00:00<00:00, 1358.73it/s, Materializing param=gpt_neox.layers.4.mlp.dense_h_to_4h.bias]  
Loading weights:  21%|##        | 61/292 [00:00<00:00, 1356.70it/s, Materializing param=gpt_neox.layers.4.mlp.dense_h_to_4h.bias]
Loading weights:  21%|##1       | 62/292 [00:00<00:00, 1370.11it/s, Materializing param=gpt_neox.layers.4.mlp.dense_h_to_4h.weight]
Loading weights:  21%|##1       | 62/292 [00:00<00:00, 1365.61it/s, Materializing param=gpt_neox.layers.4.mlp.dense_h_to_4h.weight]
Loading weights:  22%|##1       | 63/292 [00:00<00:00, 1376.14it/s, Materializing param=gpt_neox.layers.4.post_attention_layernorm.bias]
Loading weights:  22%|##1       | 63/292 [00:00<00:00, 1365.08it/s, Materializing param=gpt_neox.layers.4.post_attention_layernorm.bias]
Loading weights:  22%|##1       | 64/292 [00:00<00:00, 1357.70it/s, Materializing param=gpt_neox.layers.4.post_attention_layernorm.weight]
Loading weights:  22%|##1       | 64/292 [00:00<00:00, 1354.32it/s, Materializing param=gpt_neox.layers.4.post_attention_layernorm.weight]
Loading weights:  22%|##2       | 65/292 [00:00<00:00, 1371.36it/s, Materializing param=gpt_neox.layers.5.attention.dense.bias]           
Loading weights:  22%|##2       | 65/292 [00:00<00:00, 1368.66it/s, Materializing param=gpt_neox.layers.5.attention.dense.bias]
Loading weights:  23%|##2       | 66/292 [00:00<00:00, 1385.64it/s, Materializing param=gpt_neox.layers.5.attention.dense.weight]
Loading weights:  23%|##2       | 66/292 [00:00<00:00, 1383.83it/s, Materializing param=gpt_neox.layers.5.attention.dense.weight]
Loading weights:  23%|##2       | 67/292 [00:00<00:00, 1399.72it/s, Materializing param=gpt_neox.layers.5.attention.query_key_value.bias]
Loading weights:  23%|##2       | 67/292 [00:00<00:00, 1397.84it/s, Materializing param=gpt_neox.layers.5.attention.query_key_value.bias]
Loading weights:  23%|##3       | 68/292 [00:00<00:00, 1414.46it/s, Materializing param=gpt_neox.layers.5.attention.query_key_value.weight]
Loading weights:  23%|##3       | 68/292 [00:00<00:00, 1412.62it/s, Materializing param=gpt_neox.layers.5.attention.query_key_value.weight]
Loading weights:  24%|##3       | 69/292 [00:00<00:00, 1428.96it/s, Materializing param=gpt_neox.layers.5.input_layernorm.bias]            
Loading weights:  24%|##3       | 69/292 [00:00<00:00, 1426.36it/s, Materializing param=gpt_neox.layers.5.input_layernorm.bias]
Loading weights:  24%|##3       | 70/292 [00:00<00:00, 1443.59it/s, Materializing param=gpt_neox.layers.5.input_layernorm.weight]
Loading weights:  24%|##3       | 70/292 [00:00<00:00, 1441.84it/s, Materializing param=gpt_neox.layers.5.input_layernorm.weight]
Loading weights:  24%|##4       | 71/292 [00:00<00:00, 1459.32it/s, Materializing param=gpt_neox.layers.5.mlp.dense_4h_to_h.bias]
Loading weights:  24%|##4       | 71/292 [00:00<00:00, 1457.54it/s, Materializing param=gpt_neox.layers.5.mlp.dense_4h_to_h.bias]
Loading weights:  25%|##4       | 72/292 [00:00<00:00, 1473.74it/s, Materializing param=gpt_neox.layers.5.mlp.dense_4h_to_h.weight]
Loading weights:  25%|##4       | 72/292 [00:00<00:00, 1471.33it/s, Materializing param=gpt_neox.layers.5.mlp.dense_4h_to_h.weight]
Loading weights:  25%|##5       | 73/292 [00:00<00:00, 1487.65it/s, Materializing param=gpt_neox.layers.5.mlp.dense_h_to_4h.bias]  
Loading weights:  25%|##5       | 73/292 [00:00<00:00, 1485.63it/s, Materializing param=gpt_neox.layers.5.mlp.dense_h_to_4h.bias]
Loading weights:  25%|##5       | 74/292 [00:00<00:00, 1501.86it/s, Materializing param=gpt_neox.layers.5.mlp.dense_h_to_4h.weight]
Loading weights:  25%|##5       | 74/292 [00:00<00:00, 1499.80it/s, Materializing param=gpt_neox.layers.5.mlp.dense_h_to_4h.weight]
Loading weights:  26%|##5       | 75/292 [00:00<00:00, 1516.28it/s, Materializing param=gpt_neox.layers.5.post_attention_layernorm.bias]
Loading weights:  26%|##5       | 75/292 [00:00<00:00, 1514.33it/s, Materializing param=gpt_neox.layers.5.post_attention_layernorm.bias]
Loading weights:  26%|##6       | 76/292 [00:00<00:00, 1530.61it/s, Materializing param=gpt_neox.layers.5.post_attention_layernorm.weight]
Loading weights:  26%|##6       | 76/292 [00:00<00:00, 1527.92it/s, Materializing param=gpt_neox.layers.5.post_attention_layernorm.weight]
Loading weights:  26%|##6       | 77/292 [00:00<00:00, 1542.14it/s, Materializing param=gpt_neox.layers.6.attention.dense.bias]           
Loading weights:  26%|##6       | 77/292 [00:00<00:00, 1539.93it/s, Materializing param=gpt_neox.layers.6.attention.dense.bias]
Loading weights:  27%|##6       | 78/292 [00:00<00:00, 1555.57it/s, Materializing param=gpt_neox.layers.6.attention.dense.weight]
Loading weights:  27%|##6       | 78/292 [00:00<00:00, 1553.59it/s, Materializing param=gpt_neox.layers.6.attention.dense.weight]
Loading weights:  27%|##7       | 79/292 [00:00<00:00, 1569.88it/s, Materializing param=gpt_neox.layers.6.attention.query_key_value.bias]
Loading weights:  27%|##7       | 79/292 [00:00<00:00, 1567.97it/s, Materializing param=gpt_neox.layers.6.attention.query_key_value.bias]
Loading weights:  27%|##7       | 80/292 [00:00<00:00, 1584.18it/s, Materializing param=gpt_neox.layers.6.attention.query_key_value.weight]
Loading weights:  27%|##7       | 80/292 [00:00<00:00, 1582.27it/s, Materializing param=gpt_neox.layers.6.attention.query_key_value.weight]
Loading weights:  28%|##7       | 81/292 [00:00<00:00, 1598.60it/s, Materializing param=gpt_neox.layers.6.input_layernorm.bias]            
Loading weights:  28%|##7       | 81/292 [00:00<00:00, 1596.74it/s, Materializing param=gpt_neox.layers.6.input_layernorm.bias]
Loading weights:  28%|##8       | 82/292 [00:00<00:00, 1613.13it/s, Materializing param=gpt_neox.layers.6.input_layernorm.weight]
Loading weights:  28%|##8       | 82/292 [00:00<00:00, 1611.29it/s, Materializing param=gpt_neox.layers.6.input_layernorm.weight]
Loading weights:  28%|##8       | 83/292 [00:00<00:00, 1627.69it/s, Materializing param=gpt_neox.layers.6.mlp.dense_4h_to_h.bias]
Loading weights:  28%|##8       | 83/292 [00:00<00:00, 1623.24it/s, Materializing param=gpt_neox.layers.6.mlp.dense_4h_to_h.bias]
Loading weights:  29%|##8       | 84/292 [00:00<00:00, 1635.62it/s, Materializing param=gpt_neox.layers.6.mlp.dense_4h_to_h.weight]
Loading weights:  29%|##8       | 84/292 [00:00<00:00, 1632.27it/s, Materializing param=gpt_neox.layers.6.mlp.dense_4h_to_h.weight]
Loading weights:  29%|##9       | 85/292 [00:00<00:00, 1641.15it/s, Materializing param=gpt_neox.layers.6.mlp.dense_h_to_4h.bias]  
Loading weights:  29%|##9       | 85/292 [00:00<00:00, 1637.81it/s, Materializing param=gpt_neox.layers.6.mlp.dense_h_to_4h.bias]
Loading weights:  29%|##9       | 86/292 [00:00<00:00, 1642.53it/s, Materializing param=gpt_neox.layers.6.mlp.dense_h_to_4h.weight]
Loading weights:  29%|##9       | 86/292 [00:00<00:00, 1638.07it/s, Materializing param=gpt_neox.layers.6.mlp.dense_h_to_4h.weight]
Loading weights:  30%|##9       | 87/292 [00:00<00:00, 1648.89it/s, Materializing param=gpt_neox.layers.6.post_attention_layernorm.bias]
Loading weights:  30%|##9       | 87/292 [00:00<00:00, 1637.14it/s, Materializing param=gpt_neox.layers.6.post_attention_layernorm.bias]
Loading weights:  30%|###       | 88/292 [00:00<00:00, 1646.24it/s, Materializing param=gpt_neox.layers.6.post_attention_layernorm.weight]
Loading weights:  30%|###       | 88/292 [00:00<00:00, 1642.94it/s, Materializing param=gpt_neox.layers.6.post_attention_layernorm.weight]
Loading weights:  30%|###       | 89/292 [00:00<00:00, 1647.12it/s, Materializing param=gpt_neox.layers.7.attention.dense.bias]           
Loading weights:  30%|###       | 89/292 [00:00<00:00, 1645.06it/s, Materializing param=gpt_neox.layers.7.attention.dense.bias]
Loading weights:  31%|###       | 90/292 [00:00<00:00, 1658.13it/s, Materializing param=gpt_neox.layers.7.attention.dense.weight]
Loading weights:  31%|###       | 90/292 [00:00<00:00, 1654.70it/s, Materializing param=gpt_neox.layers.7.attention.dense.weight]
Loading weights:  31%|###1      | 91/292 [00:00<00:00, 1659.54it/s, Materializing param=gpt_neox.layers.7.attention.query_key_value.bias]
Loading weights:  31%|###1      | 91/292 [00:00<00:00, 1652.36it/s, Materializing param=gpt_neox.layers.7.attention.query_key_value.bias]
Loading weights:  32%|###1      | 92/292 [00:00<00:00, 1663.40it/s, Materializing param=gpt_neox.layers.7.attention.query_key_value.weight]
Loading weights:  32%|###1      | 92/292 [00:00<00:00, 1660.19it/s, Materializing param=gpt_neox.layers.7.attention.query_key_value.weight]
Loading weights:  32%|###1      | 93/292 [00:00<00:00, 1663.30it/s, Materializing param=gpt_neox.layers.7.input_layernorm.bias]            
Loading weights:  32%|###1      | 93/292 [00:00<00:00, 1659.17it/s, Materializing param=gpt_neox.layers.7.input_layernorm.bias]
Loading weights:  32%|###2      | 94/292 [00:00<00:00, 1668.81it/s, Materializing param=gpt_neox.layers.7.input_layernorm.weight]
Loading weights:  32%|###2      | 94/292 [00:00<00:00, 1665.86it/s, Materializing param=gpt_neox.layers.7.input_layernorm.weight]
Loading weights:  33%|###2      | 95/292 [00:00<00:00, 1672.95it/s, Materializing param=gpt_neox.layers.7.mlp.dense_4h_to_h.bias]
Loading weights:  33%|###2      | 95/292 [00:00<00:00, 1668.94it/s, Materializing param=gpt_neox.layers.7.mlp.dense_4h_to_h.bias]
Loading weights:  33%|###2      | 96/292 [00:00<00:00, 1675.86it/s, Materializing param=gpt_neox.layers.7.mlp.dense_4h_to_h.weight]
Loading weights:  33%|###2      | 96/292 [00:00<00:00, 1673.48it/s, Materializing param=gpt_neox.layers.7.mlp.dense_4h_to_h.weight]
Loading weights:  33%|###3      | 97/292 [00:00<00:00, 1686.76it/s, Materializing param=gpt_neox.layers.7.mlp.dense_h_to_4h.bias]  
Loading weights:  33%|###3      | 97/292 [00:00<00:00, 1684.90it/s, Materializing param=gpt_neox.layers.7.mlp.dense_h_to_4h.bias]
Loading weights:  34%|###3      | 98/292 [00:00<00:00, 1698.39it/s, Materializing param=gpt_neox.layers.7.mlp.dense_h_to_4h.weight]
Loading weights:  34%|###3      | 98/292 [00:00<00:00, 1696.42it/s, Materializing param=gpt_neox.layers.7.mlp.dense_h_to_4h.weight]
Loading weights:  34%|###3      | 99/292 [00:00<00:00, 1708.08it/s, Materializing param=gpt_neox.layers.7.post_attention_layernorm.bias]
Loading weights:  34%|###3      | 99/292 [00:00<00:00, 1705.78it/s, Materializing param=gpt_neox.layers.7.post_attention_layernorm.bias]
Loading weights:  34%|###4      | 100/292 [00:00<00:00, 1718.84it/s, Materializing param=gpt_neox.layers.7.post_attention_layernorm.weight]
Loading weights:  34%|###4      | 100/292 [00:00<00:00, 1716.99it/s, Materializing param=gpt_neox.layers.7.post_attention_layernorm.weight]
Loading weights:  35%|###4      | 101/292 [00:00<00:00, 1730.66it/s, Materializing param=gpt_neox.layers.8.attention.dense.bias]           
Loading weights:  35%|###4      | 101/292 [00:00<00:00, 1728.85it/s, Materializing param=gpt_neox.layers.8.attention.dense.bias]
Loading weights:  35%|###4      | 102/292 [00:00<00:00, 1742.50it/s, Materializing param=gpt_neox.layers.8.attention.dense.weight]
Loading weights:  35%|###4      | 102/292 [00:00<00:00, 1740.76it/s, Materializing param=gpt_neox.layers.8.attention.dense.weight]
Loading weights:  35%|###5      | 103/292 [00:00<00:00, 1754.61it/s, Materializing param=gpt_neox.layers.8.attention.query_key_value.bias]
Loading weights:  35%|###5      | 103/292 [00:00<00:00, 1752.84it/s, Materializing param=gpt_neox.layers.8.attention.query_key_value.bias]
Loading weights:  36%|###5      | 104/292 [00:00<00:00, 1766.35it/s, Materializing param=gpt_neox.layers.8.attention.query_key_value.weight]
Loading weights:  36%|###5      | 104/292 [00:00<00:00, 1764.55it/s, Materializing param=gpt_neox.layers.8.attention.query_key_value.weight]
Loading weights:  36%|###5      | 105/292 [00:00<00:00, 1778.23it/s, Materializing param=gpt_neox.layers.8.input_layernorm.bias]            
Loading weights:  36%|###5      | 105/292 [00:00<00:00, 1776.44it/s, Materializing param=gpt_neox.layers.8.input_layernorm.bias]
Loading weights:  36%|###6      | 106/292 [00:00<00:00, 1790.03it/s, Materializing param=gpt_neox.layers.8.input_layernorm.weight]
Loading weights:  36%|###6      | 106/292 [00:00<00:00, 1788.26it/s, Materializing param=gpt_neox.layers.8.input_layernorm.weight]
Loading weights:  37%|###6      | 107/292 [00:00<00:00, 1801.93it/s, Materializing param=gpt_neox.layers.8.mlp.dense_4h_to_h.bias]
Loading weights:  37%|###6      | 107/292 [00:00<00:00, 1800.17it/s, Materializing param=gpt_neox.layers.8.mlp.dense_4h_to_h.bias]
Loading weights:  37%|###6      | 108/292 [00:00<00:00, 1813.78it/s, Materializing param=gpt_neox.layers.8.mlp.dense_4h_to_h.weight]
Loading weights:  37%|###6      | 108/292 [00:00<00:00, 1812.00it/s, Materializing param=gpt_neox.layers.8.mlp.dense_4h_to_h.weight]
Loading weights:  37%|###7      | 109/292 [00:00<00:00, 1825.48it/s, Materializing param=gpt_neox.layers.8.mlp.dense_h_to_4h.bias]  
Loading weights:  37%|###7      | 109/292 [00:00<00:00, 1823.68it/s, Materializing param=gpt_neox.layers.8.mlp.dense_h_to_4h.bias]
Loading weights:  38%|###7      | 110/292 [00:00<00:00, 1826.23it/s, Materializing param=gpt_neox.layers.8.mlp.dense_h_to_4h.weight]
Loading weights:  38%|###7      | 110/292 [00:00<00:00, 1823.84it/s, Materializing param=gpt_neox.layers.8.mlp.dense_h_to_4h.weight]
Loading weights:  38%|###8      | 111/292 [00:00<00:00, 1836.62it/s, Materializing param=gpt_neox.layers.8.post_attention_layernorm.bias]
Loading weights:  38%|###8      | 111/292 [00:00<00:00, 1834.64it/s, Materializing param=gpt_neox.layers.8.post_attention_layernorm.bias]
Loading weights:  38%|###8      | 112/292 [00:00<00:00, 1847.67it/s, Materializing param=gpt_neox.layers.8.post_attention_layernorm.weight]
Loading weights:  38%|###8      | 112/292 [00:00<00:00, 1845.77it/s, Materializing param=gpt_neox.layers.8.post_attention_layernorm.weight]
Loading weights:  39%|###8      | 113/292 [00:00<00:00, 1858.91it/s, Materializing param=gpt_neox.layers.9.attention.dense.bias]           
Loading weights:  39%|###8      | 113/292 [00:00<00:00, 1857.07it/s, Materializing param=gpt_neox.layers.9.attention.dense.bias]
Loading weights:  39%|###9      | 114/292 [00:00<00:00, 1870.00it/s, Materializing param=gpt_neox.layers.9.attention.dense.weight]
Loading weights:  39%|###9      | 114/292 [00:00<00:00, 1867.83it/s, Materializing param=gpt_neox.layers.9.attention.dense.weight]
Loading weights:  39%|###9      | 115/292 [00:00<00:00, 1880.81it/s, Materializing param=gpt_neox.layers.9.attention.query_key_value.bias]
Loading weights:  39%|###9      | 115/292 [00:00<00:00, 1878.91it/s, Materializing param=gpt_neox.layers.9.attention.query_key_value.bias]
Loading weights:  40%|###9      | 116/292 [00:00<00:00, 1891.86it/s, Materializing param=gpt_neox.layers.9.attention.query_key_value.weight]
Loading weights:  40%|###9      | 116/292 [00:00<00:00, 1889.99it/s, Materializing param=gpt_neox.layers.9.attention.query_key_value.weight]
Loading weights:  40%|####      | 117/292 [00:00<00:00, 1902.74it/s, Materializing param=gpt_neox.layers.9.input_layernorm.bias]            
Loading weights:  40%|####      | 117/292 [00:00<00:00, 1900.87it/s, Materializing param=gpt_neox.layers.9.input_layernorm.bias]
Loading weights:  40%|####      | 118/292 [00:00<00:00, 1913.78it/s, Materializing param=gpt_neox.layers.9.input_layernorm.weight]
Loading weights:  40%|####      | 118/292 [00:00<00:00, 1911.95it/s, Materializing param=gpt_neox.layers.9.input_layernorm.weight]
Loading weights:  41%|####      | 119/292 [00:00<00:00, 1924.89it/s, Materializing param=gpt_neox.layers.9.mlp.dense_4h_to_h.bias]
Loading weights:  41%|####      | 119/292 [00:00<00:00, 1923.15it/s, Materializing param=gpt_neox.layers.9.mlp.dense_4h_to_h.bias]
Loading weights:  41%|####1     | 120/292 [00:00<00:00, 1935.88it/s, Materializing param=gpt_neox.layers.9.mlp.dense_4h_to_h.weight]
Loading weights:  41%|####1     | 120/292 [00:00<00:00, 1934.12it/s, Materializing param=gpt_neox.layers.9.mlp.dense_4h_to_h.weight]
Loading weights:  41%|####1     | 121/292 [00:00<00:00, 1946.98it/s, Materializing param=gpt_neox.layers.9.mlp.dense_h_to_4h.bias]  
Loading weights:  41%|####1     | 121/292 [00:00<00:00, 1945.25it/s, Materializing param=gpt_neox.layers.9.mlp.dense_h_to_4h.bias]
Loading weights:  42%|####1     | 122/292 [00:00<00:00, 1958.00it/s, Materializing param=gpt_neox.layers.9.mlp.dense_h_to_4h.weight]
Loading weights:  42%|####1     | 122/292 [00:00<00:00, 1956.15it/s, Materializing param=gpt_neox.layers.9.mlp.dense_h_to_4h.weight]
Loading weights:  42%|####2     | 123/292 [00:00<00:00, 1968.80it/s, Materializing param=gpt_neox.layers.9.post_attention_layernorm.bias]
Loading weights:  42%|####2     | 123/292 [00:00<00:00, 1966.94it/s, Materializing param=gpt_neox.layers.9.post_attention_layernorm.bias]
Loading weights:  42%|####2     | 124/292 [00:00<00:00, 1979.58it/s, Materializing param=gpt_neox.layers.9.post_attention_layernorm.weight]
Loading weights:  42%|####2     | 124/292 [00:00<00:00, 1977.71it/s, Materializing param=gpt_neox.layers.9.post_attention_layernorm.weight]
Loading weights:  43%|####2     | 125/292 [00:00<00:00, 1990.36it/s, Materializing param=gpt_neox.layers.10.attention.dense.bias]          
Loading weights:  43%|####2     | 125/292 [00:00<00:00, 1988.48it/s, Materializing param=gpt_neox.layers.10.attention.dense.bias]
Loading weights:  43%|####3     | 126/292 [00:00<00:00, 2000.91it/s, Materializing param=gpt_neox.layers.10.attention.dense.weight]
Loading weights:  43%|####3     | 126/292 [00:00<00:00, 1998.60it/s, Materializing param=gpt_neox.layers.10.attention.dense.weight]
Loading weights:  43%|####3     | 127/292 [00:00<00:00, 2011.00it/s, Materializing param=gpt_neox.layers.10.attention.query_key_value.bias]
Loading weights:  43%|####3     | 127/292 [00:00<00:00, 2009.06it/s, Materializing param=gpt_neox.layers.10.attention.query_key_value.bias]
Loading weights:  44%|####3     | 128/292 [00:00<00:00, 2021.44it/s, Materializing param=gpt_neox.layers.10.attention.query_key_value.weight]
Loading weights:  44%|####3     | 128/292 [00:00<00:00, 2019.47it/s, Materializing param=gpt_neox.layers.10.attention.query_key_value.weight]
Loading weights:  44%|####4     | 129/292 [00:00<00:00, 2031.80it/s, Materializing param=gpt_neox.layers.10.input_layernorm.bias]            
Loading weights:  44%|####4     | 129/292 [00:00<00:00, 2029.91it/s, Materializing param=gpt_neox.layers.10.input_layernorm.bias]
Loading weights:  45%|####4     | 130/292 [00:00<00:00, 2042.25it/s, Materializing param=gpt_neox.layers.10.input_layernorm.weight]
Loading weights:  45%|####4     | 130/292 [00:00<00:00, 2040.36it/s, Materializing param=gpt_neox.layers.10.input_layernorm.weight]
Loading weights:  45%|####4     | 131/292 [00:00<00:00, 2052.74it/s, Materializing param=gpt_neox.layers.10.mlp.dense_4h_to_h.bias]
Loading weights:  45%|####4     | 131/292 [00:00<00:00, 2050.84it/s, Materializing param=gpt_neox.layers.10.mlp.dense_4h_to_h.bias]
Loading weights:  45%|####5     | 132/292 [00:00<00:00, 2062.90it/s, Materializing param=gpt_neox.layers.10.mlp.dense_4h_to_h.weight]
Loading weights:  45%|####5     | 132/292 [00:00<00:00, 2060.98it/s, Materializing param=gpt_neox.layers.10.mlp.dense_4h_to_h.weight]
Loading weights:  46%|####5     | 133/292 [00:00<00:00, 2073.14it/s, Materializing param=gpt_neox.layers.10.mlp.dense_h_to_4h.bias]  
Loading weights:  46%|####5     | 133/292 [00:00<00:00, 2071.15it/s, Materializing param=gpt_neox.layers.10.mlp.dense_h_to_4h.bias]
Loading weights:  46%|####5     | 134/292 [00:00<00:00, 2083.15it/s, Materializing param=gpt_neox.layers.10.mlp.dense_h_to_4h.weight]
Loading weights:  46%|####5     | 134/292 [00:00<00:00, 2081.22it/s, Materializing param=gpt_neox.layers.10.mlp.dense_h_to_4h.weight]
Loading weights:  46%|####6     | 135/292 [00:00<00:00, 2093.35it/s, Materializing param=gpt_neox.layers.10.post_attention_layernorm.bias]
Loading weights:  46%|####6     | 135/292 [00:00<00:00, 2091.41it/s, Materializing param=gpt_neox.layers.10.post_attention_layernorm.bias]
Loading weights:  47%|####6     | 136/292 [00:00<00:00, 2103.47it/s, Materializing param=gpt_neox.layers.10.post_attention_layernorm.weight]
Loading weights:  47%|####6     | 136/292 [00:00<00:00, 2101.52it/s, Materializing param=gpt_neox.layers.10.post_attention_layernorm.weight]
Loading weights:  47%|####6     | 137/292 [00:00<00:00, 2113.57it/s, Materializing param=gpt_neox.layers.11.attention.dense.bias]           
Loading weights:  47%|####6     | 137/292 [00:00<00:00, 2111.65it/s, Materializing param=gpt_neox.layers.11.attention.dense.bias]
Loading weights:  47%|####7     | 138/292 [00:00<00:00, 2123.14it/s, Materializing param=gpt_neox.layers.11.attention.dense.weight]
Loading weights:  47%|####7     | 138/292 [00:00<00:00, 2121.17it/s, Materializing param=gpt_neox.layers.11.attention.dense.weight]
Loading weights:  48%|####7     | 139/292 [00:00<00:00, 2132.98it/s, Materializing param=gpt_neox.layers.11.attention.query_key_value.bias]
Loading weights:  48%|####7     | 139/292 [00:00<00:00, 2131.00it/s, Materializing param=gpt_neox.layers.11.attention.query_key_value.bias]
Loading weights:  48%|####7     | 140/292 [00:00<00:00, 2142.86it/s, Materializing param=gpt_neox.layers.11.attention.query_key_value.weight]
Loading weights:  48%|####7     | 140/292 [00:00<00:00, 2140.93it/s, Materializing param=gpt_neox.layers.11.attention.query_key_value.weight]
Loading weights:  48%|####8     | 141/292 [00:00<00:00, 2149.28it/s, Materializing param=gpt_neox.layers.11.input_layernorm.bias]            
Loading weights:  48%|####8     | 141/292 [00:00<00:00, 2147.05it/s, Materializing param=gpt_neox.layers.11.input_layernorm.bias]
Loading weights:  49%|####8     | 142/292 [00:00<00:00, 2157.56it/s, Materializing param=gpt_neox.layers.11.input_layernorm.weight]
Loading weights:  49%|####8     | 142/292 [00:00<00:00, 2153.65it/s, Materializing param=gpt_neox.layers.11.input_layernorm.weight]
Loading weights:  49%|####8     | 143/292 [00:00<00:00, 2163.47it/s, Materializing param=gpt_neox.layers.11.mlp.dense_4h_to_h.bias]
Loading weights:  49%|####8     | 143/292 [00:00<00:00, 2161.22it/s, Materializing param=gpt_neox.layers.11.mlp.dense_4h_to_h.bias]
Loading weights:  49%|####9     | 144/292 [00:00<00:00, 2171.42it/s, Materializing param=gpt_neox.layers.11.mlp.dense_4h_to_h.weight]
Loading weights:  49%|####9     | 144/292 [00:00<00:00, 2169.13it/s, Materializing param=gpt_neox.layers.11.mlp.dense_4h_to_h.weight]
Loading weights:  50%|####9     | 145/292 [00:00<00:00, 2179.81it/s, Materializing param=gpt_neox.layers.11.mlp.dense_h_to_4h.bias]  
Loading weights:  50%|####9     | 145/292 [00:00<00:00, 2177.73it/s, Materializing param=gpt_neox.layers.11.mlp.dense_h_to_4h.bias]
Loading weights:  50%|#####     | 146/292 [00:00<00:00, 2188.51it/s, Materializing param=gpt_neox.layers.11.mlp.dense_h_to_4h.weight]
Loading weights:  50%|#####     | 146/292 [00:00<00:00, 2186.50it/s, Materializing param=gpt_neox.layers.11.mlp.dense_h_to_4h.weight]
Loading weights:  50%|#####     | 147/292 [00:00<00:00, 2197.91it/s, Materializing param=gpt_neox.layers.11.post_attention_layernorm.bias]
Loading weights:  50%|#####     | 147/292 [00:00<00:00, 2195.96it/s, Materializing param=gpt_neox.layers.11.post_attention_layernorm.bias]
Loading weights:  51%|#####     | 148/292 [00:00<00:00, 2207.14it/s, Materializing param=gpt_neox.layers.11.post_attention_layernorm.weight]
Loading weights:  51%|#####     | 148/292 [00:00<00:00, 2205.14it/s, Materializing param=gpt_neox.layers.11.post_attention_layernorm.weight]
Loading weights:  51%|#####1    | 149/292 [00:00<00:00, 2215.92it/s, Materializing param=gpt_neox.layers.12.attention.dense.bias]           
Loading weights:  51%|#####1    | 149/292 [00:00<00:00, 2213.91it/s, Materializing param=gpt_neox.layers.12.attention.dense.bias]
Loading weights:  51%|#####1    | 150/292 [00:00<00:00, 2225.03it/s, Materializing param=gpt_neox.layers.12.attention.dense.weight]
Loading weights:  51%|#####1    | 150/292 [00:00<00:00, 2223.19it/s, Materializing param=gpt_neox.layers.12.attention.dense.weight]
Loading weights:  52%|#####1    | 151/292 [00:00<00:00, 2234.45it/s, Materializing param=gpt_neox.layers.12.attention.query_key_value.bias]
Loading weights:  52%|#####1    | 151/292 [00:00<00:00, 2232.62it/s, Materializing param=gpt_neox.layers.12.attention.query_key_value.bias]
Loading weights:  52%|#####2    | 152/292 [00:00<00:00, 2243.78it/s, Materializing param=gpt_neox.layers.12.attention.query_key_value.weight]
Loading weights:  52%|#####2    | 152/292 [00:00<00:00, 2241.79it/s, Materializing param=gpt_neox.layers.12.attention.query_key_value.weight]
Loading weights:  52%|#####2    | 153/292 [00:00<00:00, 2253.04it/s, Materializing param=gpt_neox.layers.12.input_layernorm.bias]            
Loading weights:  52%|#####2    | 153/292 [00:00<00:00, 2251.07it/s, Materializing param=gpt_neox.layers.12.input_layernorm.bias]
Loading weights:  53%|#####2    | 154/292 [00:00<00:00, 2262.01it/s, Materializing param=gpt_neox.layers.12.input_layernorm.weight]
Loading weights:  53%|#####2    | 154/292 [00:00<00:00, 2260.03it/s, Materializing param=gpt_neox.layers.12.input_layernorm.weight]
Loading weights:  53%|#####3    | 155/292 [00:00<00:00, 2271.10it/s, Materializing param=gpt_neox.layers.12.mlp.dense_4h_to_h.bias]
Loading weights:  53%|#####3    | 155/292 [00:00<00:00, 2269.16it/s, Materializing param=gpt_neox.layers.12.mlp.dense_4h_to_h.bias]
Loading weights:  53%|#####3    | 156/292 [00:00<00:00, 2280.16it/s, Materializing param=gpt_neox.layers.12.mlp.dense_4h_to_h.weight]
Loading weights:  53%|#####3    | 156/292 [00:00<00:00, 2278.22it/s, Materializing param=gpt_neox.layers.12.mlp.dense_4h_to_h.weight]
Loading weights:  54%|#####3    | 157/292 [00:00<00:00, 2289.31it/s, Materializing param=gpt_neox.layers.12.mlp.dense_h_to_4h.bias]  
Loading weights:  54%|#####3    | 157/292 [00:00<00:00, 2287.35it/s, Materializing param=gpt_neox.layers.12.mlp.dense_h_to_4h.bias]
Loading weights:  54%|#####4    | 158/292 [00:00<00:00, 2298.38it/s, Materializing param=gpt_neox.layers.12.mlp.dense_h_to_4h.weight]
Loading weights:  54%|#####4    | 158/292 [00:00<00:00, 2296.43it/s, Materializing param=gpt_neox.layers.12.mlp.dense_h_to_4h.weight]
Loading weights:  54%|#####4    | 159/292 [00:00<00:00, 2307.51it/s, Materializing param=gpt_neox.layers.12.post_attention_layernorm.bias]
Loading weights:  54%|#####4    | 159/292 [00:00<00:00, 2305.47it/s, Materializing param=gpt_neox.layers.12.post_attention_layernorm.bias]
Loading weights:  55%|#####4    | 160/292 [00:00<00:00, 2316.24it/s, Materializing param=gpt_neox.layers.12.post_attention_layernorm.weight]
Loading weights:  55%|#####4    | 160/292 [00:00<00:00, 2314.25it/s, Materializing param=gpt_neox.layers.12.post_attention_layernorm.weight]
Loading weights:  55%|#####5    | 161/292 [00:00<00:00, 2324.97it/s, Materializing param=gpt_neox.layers.13.attention.dense.bias]           
Loading weights:  55%|#####5    | 161/292 [00:00<00:00, 2323.00it/s, Materializing param=gpt_neox.layers.13.attention.dense.bias]
Loading weights:  55%|#####5    | 162/292 [00:00<00:00, 2333.86it/s, Materializing param=gpt_neox.layers.13.attention.dense.weight]
Loading weights:  55%|#####5    | 162/292 [00:00<00:00, 2331.90it/s, Materializing param=gpt_neox.layers.13.attention.dense.weight]
Loading weights:  56%|#####5    | 163/292 [00:00<00:00, 2342.83it/s, Materializing param=gpt_neox.layers.13.attention.query_key_value.bias]
Loading weights:  56%|#####5    | 163/292 [00:00<00:00, 2340.83it/s, Materializing param=gpt_neox.layers.13.attention.query_key_value.bias]
Loading weights:  56%|#####6    | 164/292 [00:00<00:00, 2351.62it/s, Materializing param=gpt_neox.layers.13.attention.query_key_value.weight]
Loading weights:  56%|#####6    | 164/292 [00:00<00:00, 2349.65it/s, Materializing param=gpt_neox.layers.13.attention.query_key_value.weight]
Loading weights:  57%|#####6    | 165/292 [00:00<00:00, 2360.38it/s, Materializing param=gpt_neox.layers.13.input_layernorm.bias]            
Loading weights:  57%|#####6    | 165/292 [00:00<00:00, 2358.41it/s, Materializing param=gpt_neox.layers.13.input_layernorm.bias]
Loading weights:  57%|#####6    | 166/292 [00:00<00:00, 2369.23it/s, Materializing param=gpt_neox.layers.13.input_layernorm.weight]
Loading weights:  57%|#####6    | 166/292 [00:00<00:00, 2367.21it/s, Materializing param=gpt_neox.layers.13.input_layernorm.weight]
Loading weights:  57%|#####7    | 167/292 [00:00<00:00, 2377.80it/s, Materializing param=gpt_neox.layers.13.mlp.dense_4h_to_h.bias]
Loading weights:  57%|#####7    | 167/292 [00:00<00:00, 2375.81it/s, Materializing param=gpt_neox.layers.13.mlp.dense_4h_to_h.bias]
Loading weights:  58%|#####7    | 168/292 [00:00<00:00, 2386.51it/s, Materializing param=gpt_neox.layers.13.mlp.dense_4h_to_h.weight]
Loading weights:  58%|#####7    | 168/292 [00:00<00:00, 2384.53it/s, Materializing param=gpt_neox.layers.13.mlp.dense_4h_to_h.weight]
Loading weights:  58%|#####7    | 169/292 [00:00<00:00, 2395.14it/s, Materializing param=gpt_neox.layers.13.mlp.dense_h_to_4h.bias]  
Loading weights:  58%|#####7    | 169/292 [00:00<00:00, 2393.17it/s, Materializing param=gpt_neox.layers.13.mlp.dense_h_to_4h.bias]
Loading weights:  58%|#####8    | 170/292 [00:00<00:00, 2403.84it/s, Materializing param=gpt_neox.layers.13.mlp.dense_h_to_4h.weight]
Loading weights:  58%|#####8    | 170/292 [00:00<00:00, 2401.86it/s, Materializing param=gpt_neox.layers.13.mlp.dense_h_to_4h.weight]
Loading weights:  59%|#####8    | 171/292 [00:00<00:00, 2412.42it/s, Materializing param=gpt_neox.layers.13.post_attention_layernorm.bias]
Loading weights:  59%|#####8    | 171/292 [00:00<00:00, 2410.41it/s, Materializing param=gpt_neox.layers.13.post_attention_layernorm.bias]
Loading weights:  59%|#####8    | 172/292 [00:00<00:00, 2420.95it/s, Materializing param=gpt_neox.layers.13.post_attention_layernorm.weight]
Loading weights:  59%|#####8    | 172/292 [00:00<00:00, 2418.91it/s, Materializing param=gpt_neox.layers.13.post_attention_layernorm.weight]
Loading weights:  59%|#####9    | 173/292 [00:00<00:00, 2429.43it/s, Materializing param=gpt_neox.layers.14.attention.dense.bias]           
Loading weights:  59%|#####9    | 173/292 [00:00<00:00, 2427.14it/s, Materializing param=gpt_neox.layers.14.attention.dense.bias]
Loading weights:  60%|#####9    | 174/292 [00:00<00:00, 2437.35it/s, Materializing param=gpt_neox.layers.14.attention.dense.weight]
Loading weights:  60%|#####9    | 174/292 [00:00<00:00, 2435.37it/s, Materializing param=gpt_neox.layers.14.attention.dense.weight]
Loading weights:  60%|#####9    | 175/292 [00:00<00:00, 2445.79it/s, Materializing param=gpt_neox.layers.14.attention.query_key_value.bias]
Loading weights:  60%|#####9    | 175/292 [00:00<00:00, 2443.77it/s, Materializing param=gpt_neox.layers.14.attention.query_key_value.bias]
Loading weights:  60%|######    | 176/292 [00:00<00:00, 2454.05it/s, Materializing param=gpt_neox.layers.14.attention.query_key_value.weight]
Loading weights:  60%|######    | 176/292 [00:00<00:00, 2452.01it/s, Materializing param=gpt_neox.layers.14.attention.query_key_value.weight]
Loading weights:  61%|######    | 177/292 [00:00<00:00, 2462.36it/s, Materializing param=gpt_neox.layers.14.input_layernorm.bias]            
Loading weights:  61%|######    | 177/292 [00:00<00:00, 2460.34it/s, Materializing param=gpt_neox.layers.14.input_layernorm.bias]
Loading weights:  61%|######    | 178/292 [00:00<00:00, 2470.70it/s, Materializing param=gpt_neox.layers.14.input_layernorm.weight]
Loading weights:  61%|######    | 178/292 [00:00<00:00, 2468.70it/s, Materializing param=gpt_neox.layers.14.input_layernorm.weight]
Loading weights:  61%|######1   | 179/292 [00:00<00:00, 2479.08it/s, Materializing param=gpt_neox.layers.14.mlp.dense_4h_to_h.bias]
Loading weights:  61%|######1   | 179/292 [00:00<00:00, 2477.07it/s, Materializing param=gpt_neox.layers.14.mlp.dense_4h_to_h.bias]
Loading weights:  62%|######1   | 180/292 [00:00<00:00, 2487.34it/s, Materializing param=gpt_neox.layers.14.mlp.dense_4h_to_h.weight]
Loading weights:  62%|######1   | 180/292 [00:00<00:00, 2485.41it/s, Materializing param=gpt_neox.layers.14.mlp.dense_4h_to_h.weight]
Loading weights:  62%|######1   | 181/292 [00:00<00:00, 2495.76it/s, Materializing param=gpt_neox.layers.14.mlp.dense_h_to_4h.bias]  
Loading weights:  62%|######1   | 181/292 [00:00<00:00, 2493.87it/s, Materializing param=gpt_neox.layers.14.mlp.dense_h_to_4h.bias]
Loading weights:  62%|######2   | 182/292 [00:00<00:00, 2504.21it/s, Materializing param=gpt_neox.layers.14.mlp.dense_h_to_4h.weight]
Loading weights:  62%|######2   | 182/292 [00:00<00:00, 2502.35it/s, Materializing param=gpt_neox.layers.14.mlp.dense_h_to_4h.weight]
Loading weights:  63%|######2   | 183/292 [00:00<00:00, 2512.69it/s, Materializing param=gpt_neox.layers.14.post_attention_layernorm.bias]
Loading weights:  63%|######2   | 183/292 [00:00<00:00, 2510.65it/s, Materializing param=gpt_neox.layers.14.post_attention_layernorm.bias]
Loading weights:  63%|######3   | 184/292 [00:00<00:00, 2520.82it/s, Materializing param=gpt_neox.layers.14.post_attention_layernorm.weight]
Loading weights:  63%|######3   | 184/292 [00:00<00:00, 2518.78it/s, Materializing param=gpt_neox.layers.14.post_attention_layernorm.weight]
Loading weights:  63%|######3   | 185/292 [00:00<00:00, 2528.77it/s, Materializing param=gpt_neox.layers.15.attention.dense.bias]           
Loading weights:  63%|######3   | 185/292 [00:00<00:00, 2526.75it/s, Materializing param=gpt_neox.layers.15.attention.dense.bias]
Loading weights:  64%|######3   | 186/292 [00:00<00:00, 2536.51it/s, Materializing param=gpt_neox.layers.15.attention.dense.weight]
Loading weights:  64%|######3   | 186/292 [00:00<00:00, 2534.49it/s, Materializing param=gpt_neox.layers.15.attention.dense.weight]
Loading weights:  64%|######4   | 187/292 [00:00<00:00, 2544.57it/s, Materializing param=gpt_neox.layers.15.attention.query_key_value.bias]
Loading weights:  64%|######4   | 187/292 [00:00<00:00, 2542.53it/s, Materializing param=gpt_neox.layers.15.attention.query_key_value.bias]
Loading weights:  64%|######4   | 188/292 [00:00<00:00, 2552.53it/s, Materializing param=gpt_neox.layers.15.attention.query_key_value.weight]
Loading weights:  64%|######4   | 188/292 [00:00<00:00, 2550.47it/s, Materializing param=gpt_neox.layers.15.attention.query_key_value.weight]
Loading weights:  65%|######4   | 189/292 [00:00<00:00, 2558.66it/s, Materializing param=gpt_neox.layers.15.input_layernorm.bias]            
Loading weights:  65%|######4   | 189/292 [00:00<00:00, 2556.26it/s, Materializing param=gpt_neox.layers.15.input_layernorm.bias]
Loading weights:  65%|######5   | 190/292 [00:00<00:00, 2565.16it/s, Materializing param=gpt_neox.layers.15.input_layernorm.weight]
Loading weights:  65%|######5   | 190/292 [00:00<00:00, 2563.06it/s, Materializing param=gpt_neox.layers.15.input_layernorm.weight]
Loading weights:  65%|######5   | 191/292 [00:00<00:00, 2572.34it/s, Materializing param=gpt_neox.layers.15.mlp.dense_4h_to_h.bias]
Loading weights:  65%|######5   | 191/292 [00:00<00:00, 2569.18it/s, Materializing param=gpt_neox.layers.15.mlp.dense_4h_to_h.bias]
Loading weights:  66%|######5   | 192/292 [00:00<00:00, 2576.98it/s, Materializing param=gpt_neox.layers.15.mlp.dense_4h_to_h.weight]
Loading weights:  66%|######5   | 192/292 [00:00<00:00, 2574.85it/s, Materializing param=gpt_neox.layers.15.mlp.dense_4h_to_h.weight]
Loading weights:  66%|######6   | 193/292 [00:00<00:00, 2583.72it/s, Materializing param=gpt_neox.layers.15.mlp.dense_h_to_4h.bias]  
Loading weights:  66%|######6   | 193/292 [00:00<00:00, 2581.69it/s, Materializing param=gpt_neox.layers.15.mlp.dense_h_to_4h.bias]
Loading weights:  66%|######6   | 194/292 [00:00<00:00, 2587.71it/s, Materializing param=gpt_neox.layers.15.mlp.dense_h_to_4h.weight]
Loading weights:  66%|######6   | 194/292 [00:00<00:00, 2585.16it/s, Materializing param=gpt_neox.layers.15.mlp.dense_h_to_4h.weight]
Loading weights:  67%|######6   | 195/292 [00:00<00:00, 2593.76it/s, Materializing param=gpt_neox.layers.15.post_attention_layernorm.bias]
Loading weights:  67%|######6   | 195/292 [00:00<00:00, 2591.54it/s, Materializing param=gpt_neox.layers.15.post_attention_layernorm.bias]
Loading weights:  67%|######7   | 196/292 [00:00<00:00, 2600.72it/s, Materializing param=gpt_neox.layers.15.post_attention_layernorm.weight]
Loading weights:  67%|######7   | 196/292 [00:00<00:00, 2598.55it/s, Materializing param=gpt_neox.layers.15.post_attention_layernorm.weight]
Loading weights:  67%|######7   | 197/292 [00:00<00:00, 2607.23it/s, Materializing param=gpt_neox.layers.16.attention.dense.bias]           
Loading weights:  67%|######7   | 197/292 [00:00<00:00, 2605.15it/s, Materializing param=gpt_neox.layers.16.attention.dense.bias]
Loading weights:  68%|######7   | 198/292 [00:00<00:00, 2614.21it/s, Materializing param=gpt_neox.layers.16.attention.dense.weight]
Loading weights:  68%|######7   | 198/292 [00:00<00:00, 2612.14it/s, Materializing param=gpt_neox.layers.16.attention.dense.weight]
Loading weights:  68%|######8   | 199/292 [00:00<00:00, 2621.50it/s, Materializing param=gpt_neox.layers.16.attention.query_key_value.bias]
Loading weights:  68%|######8   | 199/292 [00:00<00:00, 2619.42it/s, Materializing param=gpt_neox.layers.16.attention.query_key_value.bias]
Loading weights:  68%|######8   | 200/292 [00:00<00:00, 2628.71it/s, Materializing param=gpt_neox.layers.16.attention.query_key_value.weight]
Loading weights:  68%|######8   | 200/292 [00:00<00:00, 2626.55it/s, Materializing param=gpt_neox.layers.16.attention.query_key_value.weight]
Loading weights:  69%|######8   | 201/292 [00:00<00:00, 2635.74it/s, Materializing param=gpt_neox.layers.16.input_layernorm.bias]            
Loading weights:  69%|######8   | 201/292 [00:00<00:00, 2633.70it/s, Materializing param=gpt_neox.layers.16.input_layernorm.bias]
Loading weights:  69%|######9   | 202/292 [00:00<00:00, 2643.00it/s, Materializing param=gpt_neox.layers.16.input_layernorm.weight]
Loading weights:  69%|######9   | 202/292 [00:00<00:00, 2640.98it/s, Materializing param=gpt_neox.layers.16.input_layernorm.weight]
Loading weights:  70%|######9   | 203/292 [00:00<00:00, 2650.39it/s, Materializing param=gpt_neox.layers.16.mlp.dense_4h_to_h.bias]
Loading weights:  70%|######9   | 203/292 [00:00<00:00, 2648.36it/s, Materializing param=gpt_neox.layers.16.mlp.dense_4h_to_h.bias]
Loading weights:  70%|######9   | 204/292 [00:00<00:00, 2657.75it/s, Materializing param=gpt_neox.layers.16.mlp.dense_4h_to_h.weight]
Loading weights:  70%|######9   | 204/292 [00:00<00:00, 2655.71it/s, Materializing param=gpt_neox.layers.16.mlp.dense_4h_to_h.weight]
Loading weights:  70%|#######   | 205/292 [00:00<00:00, 2665.06it/s, Materializing param=gpt_neox.layers.16.mlp.dense_h_to_4h.bias]  
Loading weights:  70%|#######   | 205/292 [00:00<00:00, 2663.03it/s, Materializing param=gpt_neox.layers.16.mlp.dense_h_to_4h.bias]
Loading weights:  71%|#######   | 206/292 [00:00<00:00, 2672.33it/s, Materializing param=gpt_neox.layers.16.mlp.dense_h_to_4h.weight]
Loading weights:  71%|#######   | 206/292 [00:00<00:00, 2670.31it/s, Materializing param=gpt_neox.layers.16.mlp.dense_h_to_4h.weight]
Loading weights:  71%|#######   | 207/292 [00:00<00:00, 2679.60it/s, Materializing param=gpt_neox.layers.16.post_attention_layernorm.bias]
Loading weights:  71%|#######   | 207/292 [00:00<00:00, 2677.56it/s, Materializing param=gpt_neox.layers.16.post_attention_layernorm.bias]
Loading weights:  71%|#######1  | 208/292 [00:00<00:00, 2686.86it/s, Materializing param=gpt_neox.layers.16.post_attention_layernorm.weight]
Loading weights:  71%|#######1  | 208/292 [00:00<00:00, 2684.49it/s, Materializing param=gpt_neox.layers.16.post_attention_layernorm.weight]
Loading weights:  72%|#######1  | 209/292 [00:00<00:00, 2693.63it/s, Materializing param=gpt_neox.layers.17.attention.dense.bias]           
Loading weights:  72%|#######1  | 209/292 [00:00<00:00, 2691.60it/s, Materializing param=gpt_neox.layers.17.attention.dense.bias]
Loading weights:  72%|#######1  | 210/292 [00:00<00:00, 2700.84it/s, Materializing param=gpt_neox.layers.17.attention.dense.weight]
Loading weights:  72%|#######1  | 210/292 [00:00<00:00, 2698.92it/s, Materializing param=gpt_neox.layers.17.attention.dense.weight]
Loading weights:  72%|#######2  | 211/292 [00:00<00:00, 2708.24it/s, Materializing param=gpt_neox.layers.17.attention.query_key_value.bias]
Loading weights:  72%|#######2  | 211/292 [00:00<00:00, 2706.29it/s, Materializing param=gpt_neox.layers.17.attention.query_key_value.bias]
Loading weights:  73%|#######2  | 212/292 [00:00<00:00, 2715.12it/s, Materializing param=gpt_neox.layers.17.attention.query_key_value.weight]
Loading weights:  73%|#######2  | 212/292 [00:00<00:00, 2713.05it/s, Materializing param=gpt_neox.layers.17.attention.query_key_value.weight]
Loading weights:  73%|#######2  | 213/292 [00:00<00:00, 2722.07it/s, Materializing param=gpt_neox.layers.17.input_layernorm.bias]            
Loading weights:  73%|#######2  | 213/292 [00:00<00:00, 2720.02it/s, Materializing param=gpt_neox.layers.17.input_layernorm.bias]
Loading weights:  73%|#######3  | 214/292 [00:00<00:00, 2729.15it/s, Materializing param=gpt_neox.layers.17.input_layernorm.weight]
Loading weights:  73%|#######3  | 214/292 [00:00<00:00, 2727.11it/s, Materializing param=gpt_neox.layers.17.input_layernorm.weight]
Loading weights:  74%|#######3  | 215/292 [00:00<00:00, 2736.24it/s, Materializing param=gpt_neox.layers.17.mlp.dense_4h_to_h.bias]
Loading weights:  74%|#######3  | 215/292 [00:00<00:00, 2734.19it/s, Materializing param=gpt_neox.layers.17.mlp.dense_4h_to_h.bias]
Loading weights:  74%|#######3  | 216/292 [00:00<00:00, 2743.23it/s, Materializing param=gpt_neox.layers.17.mlp.dense_4h_to_h.weight]
Loading weights:  74%|#######3  | 216/292 [00:00<00:00, 2741.18it/s, Materializing param=gpt_neox.layers.17.mlp.dense_4h_to_h.weight]
Loading weights:  74%|#######4  | 217/292 [00:00<00:00, 2750.03it/s, Materializing param=gpt_neox.layers.17.mlp.dense_h_to_4h.bias]  
Loading weights:  74%|#######4  | 217/292 [00:00<00:00, 2747.96it/s, Materializing param=gpt_neox.layers.17.mlp.dense_h_to_4h.bias]
Loading weights:  75%|#######4  | 218/292 [00:00<00:00, 2756.98it/s, Materializing param=gpt_neox.layers.17.mlp.dense_h_to_4h.weight]
Loading weights:  75%|#######4  | 218/292 [00:00<00:00, 2754.94it/s, Materializing param=gpt_neox.layers.17.mlp.dense_h_to_4h.weight]
Loading weights:  75%|#######5  | 219/292 [00:00<00:00, 2763.83it/s, Materializing param=gpt_neox.layers.17.post_attention_layernorm.bias]
Loading weights:  75%|#######5  | 219/292 [00:00<00:00, 2761.77it/s, Materializing param=gpt_neox.layers.17.post_attention_layernorm.bias]
Loading weights:  75%|#######5  | 220/292 [00:00<00:00, 2770.65it/s, Materializing param=gpt_neox.layers.17.post_attention_layernorm.weight]
Loading weights:  75%|#######5  | 220/292 [00:00<00:00, 2768.40it/s, Materializing param=gpt_neox.layers.17.post_attention_layernorm.weight]
Loading weights:  76%|#######5  | 221/292 [00:00<00:00, 2777.27it/s, Materializing param=gpt_neox.layers.18.attention.dense.bias]           
Loading weights:  76%|#######5  | 221/292 [00:00<00:00, 2775.23it/s, Materializing param=gpt_neox.layers.18.attention.dense.bias]
Loading weights:  76%|#######6  | 222/292 [00:00<00:00, 2784.07it/s, Materializing param=gpt_neox.layers.18.attention.dense.weight]
Loading weights:  76%|#######6  | 222/292 [00:00<00:00, 2782.03it/s, Materializing param=gpt_neox.layers.18.attention.dense.weight]
Loading weights:  76%|#######6  | 223/292 [00:00<00:00, 2790.83it/s, Materializing param=gpt_neox.layers.18.attention.query_key_value.bias]
Loading weights:  76%|#######6  | 223/292 [00:00<00:00, 2788.74it/s, Materializing param=gpt_neox.layers.18.attention.query_key_value.bias]
Loading weights:  77%|#######6  | 224/292 [00:00<00:00, 2797.36it/s, Materializing param=gpt_neox.layers.18.attention.query_key_value.weight]
Loading weights:  77%|#######6  | 224/292 [00:00<00:00, 2795.25it/s, Materializing param=gpt_neox.layers.18.attention.query_key_value.weight]
Loading weights:  77%|#######7  | 225/292 [00:00<00:00, 2804.05it/s, Materializing param=gpt_neox.layers.18.input_layernorm.bias]            
Loading weights:  77%|#######7  | 225/292 [00:00<00:00, 2802.00it/s, Materializing param=gpt_neox.layers.18.input_layernorm.bias]
Loading weights:  77%|#######7  | 226/292 [00:00<00:00, 2810.80it/s, Materializing param=gpt_neox.layers.18.input_layernorm.weight]
Loading weights:  77%|#######7  | 226/292 [00:00<00:00, 2808.76it/s, Materializing param=gpt_neox.layers.18.input_layernorm.weight]
Loading weights:  78%|#######7  | 227/292 [00:00<00:00, 2817.63it/s, Materializing param=gpt_neox.layers.18.mlp.dense_4h_to_h.bias]
Loading weights:  78%|#######7  | 227/292 [00:00<00:00, 2815.60it/s, Materializing param=gpt_neox.layers.18.mlp.dense_4h_to_h.bias]
Loading weights:  78%|#######8  | 228/292 [00:00<00:00, 2824.30it/s, Materializing param=gpt_neox.layers.18.mlp.dense_4h_to_h.weight]
Loading weights:  78%|#######8  | 228/292 [00:00<00:00, 2822.24it/s, Materializing param=gpt_neox.layers.18.mlp.dense_4h_to_h.weight]
Loading weights:  78%|#######8  | 229/292 [00:00<00:00, 2830.88it/s, Materializing param=gpt_neox.layers.18.mlp.dense_h_to_4h.bias]  
Loading weights:  78%|#######8  | 229/292 [00:00<00:00, 2828.84it/s, Materializing param=gpt_neox.layers.18.mlp.dense_h_to_4h.bias]
Loading weights:  79%|#######8  | 230/292 [00:00<00:00, 2837.52it/s, Materializing param=gpt_neox.layers.18.mlp.dense_h_to_4h.weight]
Loading weights:  79%|#######8  | 230/292 [00:00<00:00, 2835.47it/s, Materializing param=gpt_neox.layers.18.mlp.dense_h_to_4h.weight]
Loading weights:  79%|#######9  | 231/292 [00:00<00:00, 2844.20it/s, Materializing param=gpt_neox.layers.18.post_attention_layernorm.bias]
Loading weights:  79%|#######9  | 231/292 [00:00<00:00, 2842.14it/s, Materializing param=gpt_neox.layers.18.post_attention_layernorm.bias]
Loading weights:  79%|#######9  | 232/292 [00:00<00:00, 2850.63it/s, Materializing param=gpt_neox.layers.18.post_attention_layernorm.weight]
Loading weights:  79%|#######9  | 232/292 [00:00<00:00, 2848.49it/s, Materializing param=gpt_neox.layers.18.post_attention_layernorm.weight]
Loading weights:  80%|#######9  | 233/292 [00:00<00:00, 2856.85it/s, Materializing param=gpt_neox.layers.19.attention.dense.bias]           
Loading weights:  80%|#######9  | 233/292 [00:00<00:00, 2854.80it/s, Materializing param=gpt_neox.layers.19.attention.dense.bias]
Loading weights:  80%|########  | 234/292 [00:00<00:00, 2863.26it/s, Materializing param=gpt_neox.layers.19.attention.dense.weight]
Loading weights:  80%|########  | 234/292 [00:00<00:00, 2861.19it/s, Materializing param=gpt_neox.layers.19.attention.dense.weight]
Loading weights:  80%|########  | 235/292 [00:00<00:00, 2869.61it/s, Materializing param=gpt_neox.layers.19.attention.query_key_value.bias]
Loading weights:  80%|########  | 235/292 [00:00<00:00, 2867.49it/s, Materializing param=gpt_neox.layers.19.attention.query_key_value.bias]
Loading weights:  81%|########  | 236/292 [00:00<00:00, 2875.91it/s, Materializing param=gpt_neox.layers.19.attention.query_key_value.weight]
Loading weights:  81%|########  | 236/292 [00:00<00:00, 2871.71it/s, Materializing param=gpt_neox.layers.19.attention.query_key_value.weight]
Loading weights:  81%|########1 | 237/292 [00:00<00:00, 2877.31it/s, Materializing param=gpt_neox.layers.19.input_layernorm.bias]            
Loading weights:  81%|########1 | 237/292 [00:00<00:00, 2874.81it/s, Materializing param=gpt_neox.layers.19.input_layernorm.bias]
Loading weights:  82%|########1 | 238/292 [00:00<00:00, 2882.11it/s, Materializing param=gpt_neox.layers.19.input_layernorm.weight]
Loading weights:  82%|########1 | 238/292 [00:00<00:00, 2879.81it/s, Materializing param=gpt_neox.layers.19.input_layernorm.weight]
Loading weights:  82%|########1 | 239/292 [00:00<00:00, 2887.36it/s, Materializing param=gpt_neox.layers.19.mlp.dense_4h_to_h.bias]
Loading weights:  82%|########1 | 239/292 [00:00<00:00, 2880.79it/s, Materializing param=gpt_neox.layers.19.mlp.dense_4h_to_h.bias]
Loading weights:  82%|########2 | 240/292 [00:00<00:00, 2875.31it/s, Materializing param=gpt_neox.layers.19.mlp.dense_4h_to_h.weight]
Loading weights:  82%|########2 | 240/292 [00:00<00:00, 2872.86it/s, Materializing param=gpt_neox.layers.19.mlp.dense_4h_to_h.weight]
Loading weights:  83%|########2 | 241/292 [00:00<00:00, 2880.05it/s, Materializing param=gpt_neox.layers.19.mlp.dense_h_to_4h.bias]  
Loading weights:  83%|########2 | 241/292 [00:00<00:00, 2877.82it/s, Materializing param=gpt_neox.layers.19.mlp.dense_h_to_4h.bias]
Loading weights:  83%|########2 | 242/292 [00:00<00:00, 2885.61it/s, Materializing param=gpt_neox.layers.19.mlp.dense_h_to_4h.weight]
Loading weights:  83%|########2 | 242/292 [00:00<00:00, 2883.17it/s, Materializing param=gpt_neox.layers.19.mlp.dense_h_to_4h.weight]
Loading weights:  83%|########3 | 243/292 [00:00<00:00, 2891.32it/s, Materializing param=gpt_neox.layers.19.post_attention_layernorm.bias]
Loading weights:  83%|########3 | 243/292 [00:00<00:00, 2889.27it/s, Materializing param=gpt_neox.layers.19.post_attention_layernorm.bias]
Loading weights:  84%|########3 | 244/292 [00:00<00:00, 2897.46it/s, Materializing param=gpt_neox.layers.19.post_attention_layernorm.weight]
Loading weights:  84%|########3 | 244/292 [00:00<00:00, 2895.42it/s, Materializing param=gpt_neox.layers.19.post_attention_layernorm.weight]
Loading weights:  84%|########3 | 245/292 [00:00<00:00, 2903.67it/s, Materializing param=gpt_neox.layers.20.attention.dense.bias]           
Loading weights:  84%|########3 | 245/292 [00:00<00:00, 2901.64it/s, Materializing param=gpt_neox.layers.20.attention.dense.bias]
Loading weights:  84%|########4 | 246/292 [00:00<00:00, 2909.81it/s, Materializing param=gpt_neox.layers.20.attention.dense.weight]
Loading weights:  84%|########4 | 246/292 [00:00<00:00, 2907.80it/s, Materializing param=gpt_neox.layers.20.attention.dense.weight]
Loading weights:  85%|########4 | 247/292 [00:00<00:00, 2915.86it/s, Materializing param=gpt_neox.layers.20.attention.query_key_value.bias]
Loading weights:  85%|########4 | 247/292 [00:00<00:00, 2913.78it/s, Materializing param=gpt_neox.layers.20.attention.query_key_value.bias]
Loading weights:  85%|########4 | 248/292 [00:00<00:00, 2921.89it/s, Materializing param=gpt_neox.layers.20.attention.query_key_value.weight]
Loading weights:  85%|########4 | 248/292 [00:00<00:00, 2919.82it/s, Materializing param=gpt_neox.layers.20.attention.query_key_value.weight]
Loading weights:  85%|########5 | 249/292 [00:00<00:00, 2927.95it/s, Materializing param=gpt_neox.layers.20.input_layernorm.bias]            
Loading weights:  85%|########5 | 249/292 [00:00<00:00, 2925.92it/s, Materializing param=gpt_neox.layers.20.input_layernorm.bias]
Loading weights:  86%|########5 | 250/292 [00:00<00:00, 2934.17it/s, Materializing param=gpt_neox.layers.20.input_layernorm.weight]
Loading weights:  86%|########5 | 250/292 [00:00<00:00, 2932.18it/s, Materializing param=gpt_neox.layers.20.input_layernorm.weight]
Loading weights:  86%|########5 | 251/292 [00:00<00:00, 2940.40it/s, Materializing param=gpt_neox.layers.20.mlp.dense_4h_to_h.bias]
Loading weights:  86%|########5 | 251/292 [00:00<00:00, 2938.41it/s, Materializing param=gpt_neox.layers.20.mlp.dense_4h_to_h.bias]
Loading weights:  86%|########6 | 252/292 [00:00<00:00, 2946.39it/s, Materializing param=gpt_neox.layers.20.mlp.dense_4h_to_h.weight]
Loading weights:  86%|########6 | 252/292 [00:00<00:00, 2944.37it/s, Materializing param=gpt_neox.layers.20.mlp.dense_4h_to_h.weight]
Loading weights:  87%|########6 | 253/292 [00:00<00:00, 2952.48it/s, Materializing param=gpt_neox.layers.20.mlp.dense_h_to_4h.bias]  
Loading weights:  87%|########6 | 253/292 [00:00<00:00, 2950.48it/s, Materializing param=gpt_neox.layers.20.mlp.dense_h_to_4h.bias]
Loading weights:  87%|########6 | 254/292 [00:00<00:00, 2958.57it/s, Materializing param=gpt_neox.layers.20.mlp.dense_h_to_4h.weight]
Loading weights:  87%|########6 | 254/292 [00:00<00:00, 2956.28it/s, Materializing param=gpt_neox.layers.20.mlp.dense_h_to_4h.weight]
Loading weights:  87%|########7 | 255/292 [00:00<00:00, 2964.16it/s, Materializing param=gpt_neox.layers.20.post_attention_layernorm.bias]
Loading weights:  87%|########7 | 255/292 [00:00<00:00, 2962.14it/s, Materializing param=gpt_neox.layers.20.post_attention_layernorm.bias]
Loading weights:  88%|########7 | 256/292 [00:00<00:00, 2970.15it/s, Materializing param=gpt_neox.layers.20.post_attention_layernorm.weight]
Loading weights:  88%|########7 | 256/292 [00:00<00:00, 2968.12it/s, Materializing param=gpt_neox.layers.20.post_attention_layernorm.weight]
Loading weights:  88%|########8 | 257/292 [00:00<00:00, 2976.14it/s, Materializing param=gpt_neox.layers.21.attention.dense.bias]           
Loading weights:  88%|########8 | 257/292 [00:00<00:00, 2974.15it/s, Materializing param=gpt_neox.layers.21.attention.dense.bias]
Loading weights:  88%|########8 | 258/292 [00:00<00:00, 2982.04it/s, Materializing param=gpt_neox.layers.21.attention.dense.weight]
Loading weights:  88%|########8 | 258/292 [00:00<00:00, 2980.03it/s, Materializing param=gpt_neox.layers.21.attention.dense.weight]
Loading weights:  89%|########8 | 259/292 [00:00<00:00, 2988.05it/s, Materializing param=gpt_neox.layers.21.attention.query_key_value.bias]
Loading weights:  89%|########8 | 259/292 [00:00<00:00, 2986.02it/s, Materializing param=gpt_neox.layers.21.attention.query_key_value.bias]
Loading weights:  89%|########9 | 260/292 [00:00<00:00, 2993.85it/s, Materializing param=gpt_neox.layers.21.attention.query_key_value.weight]
Loading weights:  89%|########9 | 260/292 [00:00<00:00, 2991.81it/s, Materializing param=gpt_neox.layers.21.attention.query_key_value.weight]
Loading weights:  89%|########9 | 261/292 [00:00<00:00, 2999.70it/s, Materializing param=gpt_neox.layers.21.input_layernorm.bias]            
Loading weights:  89%|########9 | 261/292 [00:00<00:00, 2997.69it/s, Materializing param=gpt_neox.layers.21.input_layernorm.bias]
Loading weights:  90%|########9 | 262/292 [00:00<00:00, 3005.41it/s, Materializing param=gpt_neox.layers.21.input_layernorm.weight]
Loading weights:  90%|########9 | 262/292 [00:00<00:00, 3003.37it/s, Materializing param=gpt_neox.layers.21.input_layernorm.weight]
Loading weights:  90%|######### | 263/292 [00:00<00:00, 3011.33it/s, Materializing param=gpt_neox.layers.21.mlp.dense_4h_to_h.bias]
Loading weights:  90%|######### | 263/292 [00:00<00:00, 3009.34it/s, Materializing param=gpt_neox.layers.21.mlp.dense_4h_to_h.bias]
Loading weights:  90%|######### | 264/292 [00:00<00:00, 3017.24it/s, Materializing param=gpt_neox.layers.21.mlp.dense_4h_to_h.weight]
Loading weights:  90%|######### | 264/292 [00:00<00:00, 3015.23it/s, Materializing param=gpt_neox.layers.21.mlp.dense_4h_to_h.weight]
Loading weights:  91%|######### | 265/292 [00:00<00:00, 3022.93it/s, Materializing param=gpt_neox.layers.21.mlp.dense_h_to_4h.bias]  
Loading weights:  91%|######### | 265/292 [00:00<00:00, 3020.93it/s, Materializing param=gpt_neox.layers.21.mlp.dense_h_to_4h.bias]
Loading weights:  91%|#########1| 266/292 [00:00<00:00, 3028.71it/s, Materializing param=gpt_neox.layers.21.mlp.dense_h_to_4h.weight]
Loading weights:  91%|#########1| 266/292 [00:00<00:00, 3026.70it/s, Materializing param=gpt_neox.layers.21.mlp.dense_h_to_4h.weight]
Loading weights:  91%|#########1| 267/292 [00:00<00:00, 3034.15it/s, Materializing param=gpt_neox.layers.21.post_attention_layernorm.bias]
Loading weights:  91%|#########1| 267/292 [00:00<00:00, 3032.13it/s, Materializing param=gpt_neox.layers.21.post_attention_layernorm.bias]
Loading weights:  92%|#########1| 268/292 [00:00<00:00, 3039.82it/s, Materializing param=gpt_neox.layers.21.post_attention_layernorm.weight]
Loading weights:  92%|#########1| 268/292 [00:00<00:00, 3037.79it/s, Materializing param=gpt_neox.layers.21.post_attention_layernorm.weight]
Loading weights:  92%|#########2| 269/292 [00:00<00:00, 3045.39it/s, Materializing param=gpt_neox.layers.22.attention.dense.bias]           
Loading weights:  92%|#########2| 269/292 [00:00<00:00, 3043.34it/s, Materializing param=gpt_neox.layers.22.attention.dense.bias]
Loading weights:  92%|#########2| 270/292 [00:00<00:00, 3050.89it/s, Materializing param=gpt_neox.layers.22.attention.dense.weight]
Loading weights:  92%|#########2| 270/292 [00:00<00:00, 3049.00it/s, Materializing param=gpt_neox.layers.22.attention.dense.weight]
Loading weights:  93%|#########2| 271/292 [00:00<00:00, 3056.76it/s, Materializing param=gpt_neox.layers.22.attention.query_key_value.bias]
Loading weights:  93%|#########2| 271/292 [00:00<00:00, 3054.85it/s, Materializing param=gpt_neox.layers.22.attention.query_key_value.bias]
Loading weights:  93%|#########3| 272/292 [00:00<00:00, 3062.56it/s, Materializing param=gpt_neox.layers.22.attention.query_key_value.weight]
Loading weights:  93%|#########3| 272/292 [00:00<00:00, 3060.49it/s, Materializing param=gpt_neox.layers.22.attention.query_key_value.weight]
Loading weights:  93%|#########3| 273/292 [00:00<00:00, 3067.88it/s, Materializing param=gpt_neox.layers.22.input_layernorm.bias]            
Loading weights:  93%|#########3| 273/292 [00:00<00:00, 3065.85it/s, Materializing param=gpt_neox.layers.22.input_layernorm.bias]
Loading weights:  94%|#########3| 274/292 [00:00<00:00, 3073.03it/s, Materializing param=gpt_neox.layers.22.input_layernorm.weight]
Loading weights:  94%|#########3| 274/292 [00:00<00:00, 3070.98it/s, Materializing param=gpt_neox.layers.22.input_layernorm.weight]
Loading weights:  94%|#########4| 275/292 [00:00<00:00, 3078.61it/s, Materializing param=gpt_neox.layers.22.mlp.dense_4h_to_h.bias]
Loading weights:  94%|#########4| 275/292 [00:00<00:00, 3076.61it/s, Materializing param=gpt_neox.layers.22.mlp.dense_4h_to_h.bias]
Loading weights:  95%|#########4| 276/292 [00:00<00:00, 3084.13it/s, Materializing param=gpt_neox.layers.22.mlp.dense_4h_to_h.weight]
Loading weights:  95%|#########4| 276/292 [00:00<00:00, 3082.12it/s, Materializing param=gpt_neox.layers.22.mlp.dense_4h_to_h.weight]
Loading weights:  95%|#########4| 277/292 [00:00<00:00, 3089.62it/s, Materializing param=gpt_neox.layers.22.mlp.dense_h_to_4h.bias]  
Loading weights:  95%|#########4| 277/292 [00:00<00:00, 3087.62it/s, Materializing param=gpt_neox.layers.22.mlp.dense_h_to_4h.bias]
Loading weights:  95%|#########5| 278/292 [00:00<00:00, 3095.12it/s, Materializing param=gpt_neox.layers.22.mlp.dense_h_to_4h.weight]
Loading weights:  95%|#########5| 278/292 [00:00<00:00, 3093.10it/s, Materializing param=gpt_neox.layers.22.mlp.dense_h_to_4h.weight]
Loading weights:  96%|#########5| 279/292 [00:00<00:00, 3100.13it/s, Materializing param=gpt_neox.layers.22.post_attention_layernorm.bias]
Loading weights:  96%|#########5| 279/292 [00:00<00:00, 3098.08it/s, Materializing param=gpt_neox.layers.22.post_attention_layernorm.bias]
Loading weights:  96%|#########5| 280/292 [00:00<00:00, 3105.59it/s, Materializing param=gpt_neox.layers.22.post_attention_layernorm.weight]
Loading weights:  96%|#########5| 280/292 [00:00<00:00, 3103.56it/s, Materializing param=gpt_neox.layers.22.post_attention_layernorm.weight]
Loading weights:  96%|#########6| 281/292 [00:00<00:00, 3110.94it/s, Materializing param=gpt_neox.layers.23.attention.dense.bias]           
Loading weights:  96%|#########6| 281/292 [00:00<00:00, 3108.92it/s, Materializing param=gpt_neox.layers.23.attention.dense.bias]
Loading weights:  97%|#########6| 282/292 [00:00<00:00, 3114.41it/s, Materializing param=gpt_neox.layers.23.attention.dense.weight]
Loading weights:  97%|#########6| 282/292 [00:00<00:00, 3109.96it/s, Materializing param=gpt_neox.layers.23.attention.dense.weight]
Loading weights:  97%|#########6| 283/292 [00:00<00:00, 3114.87it/s, Materializing param=gpt_neox.layers.23.attention.query_key_value.bias]
Loading weights:  97%|#########6| 283/292 [00:00<00:00, 3112.38it/s, Materializing param=gpt_neox.layers.23.attention.query_key_value.bias]
Loading weights:  97%|#########7| 284/292 [00:00<00:00, 3114.97it/s, Materializing param=gpt_neox.layers.23.attention.query_key_value.weight]
Loading weights:  97%|#########7| 284/292 [00:00<00:00, 3112.05it/s, Materializing param=gpt_neox.layers.23.attention.query_key_value.weight]
Loading weights:  98%|#########7| 285/292 [00:00<00:00, 3117.62it/s, Materializing param=gpt_neox.layers.23.input_layernorm.bias]            
Loading weights:  98%|#########7| 285/292 [00:00<00:00, 3115.37it/s, Materializing param=gpt_neox.layers.23.input_layernorm.bias]
Loading weights:  98%|#########7| 286/292 [00:00<00:00, 3121.35it/s, Materializing param=gpt_neox.layers.23.input_layernorm.weight]
Loading weights:  98%|#########7| 286/292 [00:00<00:00, 3119.11it/s, Materializing param=gpt_neox.layers.23.input_layernorm.weight]
Loading weights:  98%|#########8| 287/292 [00:00<00:00, 3124.23it/s, Materializing param=gpt_neox.layers.23.mlp.dense_4h_to_h.bias]
Loading weights:  98%|#########8| 287/292 [00:00<00:00, 3121.44it/s, Materializing param=gpt_neox.layers.23.mlp.dense_4h_to_h.bias]
Loading weights:  99%|#########8| 288/292 [00:00<00:00, 3127.78it/s, Materializing param=gpt_neox.layers.23.mlp.dense_4h_to_h.weight]
Loading weights:  99%|#########8| 288/292 [00:00<00:00, 3125.59it/s, Materializing param=gpt_neox.layers.23.mlp.dense_4h_to_h.weight]
Loading weights:  99%|#########8| 289/292 [00:00<00:00, 3132.57it/s, Materializing param=gpt_neox.layers.23.mlp.dense_h_to_4h.bias]  
Loading weights:  99%|#########8| 289/292 [00:00<00:00, 3130.50it/s, Materializing param=gpt_neox.layers.23.mlp.dense_h_to_4h.bias]
Loading weights:  99%|#########9| 290/292 [00:00<00:00, 3137.59it/s, Materializing param=gpt_neox.layers.23.mlp.dense_h_to_4h.weight]
Loading weights:  99%|#########9| 290/292 [00:00<00:00, 3135.56it/s, Materializing param=gpt_neox.layers.23.mlp.dense_h_to_4h.weight]
Loading weights: 100%|#########9| 291/292 [00:00<00:00, 3142.78it/s, Materializing param=gpt_neox.layers.23.post_attention_layernorm.bias]
Loading weights: 100%|#########9| 291/292 [00:00<00:00, 3140.75it/s, Materializing param=gpt_neox.layers.23.post_attention_layernorm.bias]
Loading weights: 100%|##########| 292/292 [00:00<00:00, 3147.53it/s, Materializing param=gpt_neox.layers.23.post_attention_layernorm.weight]
Loading weights: 100%|##########| 292/292 [00:00<00:00, 3145.51it/s, Materializing param=gpt_neox.layers.23.post_attention_layernorm.weight]
Loading weights: 100%|##########| 292/292 [00:00<00:00, 3141.29it/s, Materializing param=gpt_neox.layers.23.post_attention_layernorm.weight]
