pair_name,control_kind,graft_mode,prompt_family,n,prompt_count,donor_identity_fraction_mean,donor_identity_fraction_ci95_low,donor_identity_fraction_ci95_high,js_to_host_mean,js_to_host_ci95_low,js_to_host_ci95_high,js_to_donor_mean,js_to_donor_ci95_low,js_to_donor_ci95_high,text_donor_identity_fraction_mean,text_donor_identity_fraction_ci95_low,text_donor_identity_fraction_ci95_high,semantic_donor_identity_fraction_mean,semantic_donor_identity_fraction_ci95_low,semantic_donor_identity_fraction_ci95_high,recovery_fraction_mean,recovery_fraction_ci95_low,recovery_fraction_ci95_high,persistence_mean,persistence_ci95_low,persistence_ci95_high,cad_mean,cad_ci95_low,cad_ci95_high,next_token_kl_mean,next_token_kl_ci95_low,next_token_kl_ci95_high,activation_norm_deviation_mean,activation_norm_deviation_ci95_low,activation_norm_deviation_ci95_high,verbal_donor_claim_mean,verbal_donor_claim_ci95_low,verbal_donor_claim_ci95_high
later_host_young_donor,adjacent,prefix,advice,50,1,0.12785917945725925,0.08404490535306425,0.17651567123497994,0.001640865004155785,0.0008357098972046514,0.0026086391125863884,0.007168065775185823,0.0068341431582812215,0.007501728021074086,0.02048815561602849,0.002823455618116168,0.04026600793190197,0.03150865053222807,0.008810373245642064,0.06053045206040038,0.016973994870168287,0.004746049523684257,0.03041458470379816,0.9830260051298316,0.9695854152962019,0.9952539504763157,304.6630868911743,200.76394910430906,411.5090434818267,0.00666477665072307,0.003370004467782564,0.010626207129564136,18.10344994043,12.203616849055514,24.260578333075152,1.0,1.0,1.0
later_host_young_donor,adjacent,prefix,continuation,50,1,0.18876589580437345,0.14734848796446964,0.23286817790660708,0.0018668732617516072,0.0011132139844849008,0.002822203918127343,0.00529493379406631,0.004867699162103236,0.005846885081380605,0.39975949262524735,0.353275830692079,0.4462431545584157,0.5595565015594421,0.4944917920757861,0.6246212110430983,0.0,0.0,0.0,1.0,1.0,1.0,340.3208399057388,230.68671020329,452.9409990559816,0.007549480320885777,0.0045387283937307074,0.011349191514775156,18.952244475800544,12.503128948243335,25.79402333620703,1.0,1.0,1.0
later_host_young_donor,adjacent,prefix,explanation,50,1,0.1563270725545517,0.10789968434996487,0.20672514889574709,0.0020688191600493153,0.001183020162574394,0.0031784337080680413,0.008208048017695545,0.007734745674300938,0.008661773606436328,0.0,0.0,0.0,-4.259550705308592e-16,-4.259550705308592e-16,-4.259550705308592e-16,0.0,0.0,0.0,1.0,1.0,1.0,353.49838306427,229.85949205970763,481.42288132381435,0.008440194881986827,0.004814222176195472,0.012934172642300837,20.09299500670284,12.92619060330838,27.657211675679314,1.0,1.0,1.0
later_host_young_donor,adjacent,prefix,judgment,200,4,0.19200568073376076,0.15269005793715262,0.23208679262801618,0.00554981995930575,0.0040487676336733785,0.0072442857726882715,0.0193445289041847,0.01750354764435906,0.02097814763971837,0.273794366467364,0.23330083559485412,0.3111204346990113,0.2724990806419451,0.23206002735941655,0.3102011716598594,0.0,0.0,0.0,1.0,1.0,1.0,353.62889620482923,290.5871959653199,415.86056794796883,0.025904295647342222,0.017974850888458606,0.03460123847649083,19.93491115090903,16.259903826690046,23.602163638660915,1.0,1.0,1.0
later_host_young_donor,adjacent,prefix,style_opening,50,1,0.09921808040099701,0.06352740140545779,0.138063136711761,0.0010691720237809932,0.0005203458319465427,0.0017230586058831249,0.006797215873375535,0.006547503107693047,0.0070471155112609265,0.16718239727820333,0.12994723200179747,0.22165272783109086,0.07496909891435787,0.0495713349831567,0.11253839018367923,0.0,0.0,0.0,1.0,1.0,1.0,360.69691348075867,232.41401357388494,492.69271737957,0.004181271861307323,0.0020655370572494574,0.006684098666693898,21.009747080300002,13.757982822137885,28.602468678235542,1.0,1.0,1.0
later_host_young_donor,adjacent,single_layer,advice,50,1,0.09125074101061989,0.05298255688693723,0.13375292769699218,0.0010640999225142878,0.0004240899776123115,0.0018904429319227345,0.006536689102649689,0.006270303204189986,0.006841560058295727,0.014132305944122334,0.0007103033001550106,0.03391015825999581,0.022663666357522552,0.0024868490040557594,0.051685467885694863,0.013900107334642024,0.0021876684534301795,0.02723919851257547,0.9860998926653579,0.9727608014874245,0.9978123315465698,112.06421390414238,66.24190027236938,160.9093567058146,0.004324421373894438,0.001710957831615815,0.007694619215064448,0.10492241554893553,0.06189772209408693,0.15292539795348417,1.0,1.0,1.0
later_host_young_donor,adjacent,single_layer,continuation,50,1,0.12166377323531993,0.08802359522932807,0.15937941216949006,0.0011703532974934206,0.0005640764531999593,0.001982978528329113,0.0052587626641616226,0.004881002752343193,0.005766442081308924,0.3811660278519801,0.3253856335321781,0.4276496897851484,0.5335306177659798,0.4554529663855925,0.5985953272496358,0.0,0.0,0.0,1.0,1.0,1.0,128.52368874430655,76.99631688010692,179.22693883818386,0.004692058154614642,0.0022910763593681624,0.007919223874108865,0.1811056778766215,0.11521388988150284,0.25244003377156327,1.0,1.0,1.0
later_host_young_donor,adjacent,single_layer,explanation,50,1,0.0957507803142141,0.056393694813494356,0.1394920361833731,0.001212221227469854,0.0005235779294926033,0.0021223373702705427,0.008011907553300262,0.007666002425132319,0.008381346259498969,0.0,0.0,0.0,-4.259550705308592e-16,-4.259550705308592e-16,-4.259550705308592e-16,0.0,0.0,0.0,1.0,1.0,1.0,130.27667525291443,75.49739332675934,187.60602600288388,0.004968660625163466,0.0021195569494011583,0.0087299803745409,0.30452743601053955,0.2285322388773784,0.37635506740771235,1.0,1.0,1.0
later_host_young_donor,adjacent,single_layer,judgment,200,4,0.12793284326836363,0.09690469965545456,0.1599121185249651,0.003441483380374848,0.002302291137408247,0.004642648363406806,0.01972190593602136,0.01801953834341839,0.021301485003612466,0.24634442812919527,0.20949444777392473,0.27902374805741653,0.24069447178479508,0.20349417666994166,0.27232653807564583,0.0,0.0,0.0,1.0,1.0,1.0,131.04256086945534,104.66445709016175,159.20603633569925,0.015577385874021275,0.009927128408067802,0.021758183511319654,0.10788654747884721,0.08170128594897687,0.13522601880086582,0.99,0.975,1.0
later_host_young_donor,adjacent,single_layer,style_opening,50,1,0.06918179162643862,0.03722108623273463,0.10389403165193101,0.000705962397478288,0.00026568539087747924,0.001296778442832874,0.006369982659816742,0.006197332915849983,0.006564906748011709,0.14993589792262424,0.12994723200179747,0.17933817452952291,0.061758671998352346,0.0495713349831567,0.08351460526104942,0.0,0.0,0.0,1.0,1.0,1.0,129.96117621660233,73.27969299799204,188.5531467325687,0.0027556483319494873,0.0010582979103783145,0.005029137984049157,0.17789325760677457,0.1160040829796344,0.23801310195680708,1.0,1.0,1.0
later_host_young_donor,adjacent,suffix,advice,50,1,0.3005792149470763,0.21658231245912749,0.387590467107794,0.0039093960556783715,0.0027037368807868913,0.00522519824574556,0.005649618883617222,0.005202066728961654,0.006122969489078969,0.012711699343812312,0.0,0.03177924835953078,0.017689968349411035,0.0,0.04422492087352758,0.027615384202986138,0.011430999922329125,0.046562143182643054,0.9723846157970137,0.9534378568173569,0.9885690000776709,244.8898594045639,161.11644707810876,329.35725021600723,0.015809562200447543,0.0109163695203315,0.021086383040295913,26.025921370983124,19.7224981854558,32.50607365399599,1.0,1.0,1.0
later_host_young_donor,adjacent,suffix,continuation,50,1,0.29336887496650516,0.22588435611202268,0.3648820280320256,0.003901535679178778,0.002711875528417295,0.00524361535715434,0.005267462967894971,0.004944382857996971,0.005630341084790416,0.3346823659188118,0.27890197159900976,0.39046276023861376,0.46846590828232365,0.3903882569019364,0.546543559662711,0.0,0.0,0.0,1.0,1.0,1.0,255.7416376721859,165.14438601690532,349.31595047441124,0.016451372697483747,0.011333120669034543,0.022236407110933214,26.110744884312155,18.8346128346473,33.41904482812434,1.0,1.0,1.0
later_host_young_donor,adjacent,suffix,explanation,50,1,0.2896455104512816,0.2088046305660651,0.37602543248562703,0.003675045271666022,0.0025653613524555113,0.004887173857063317,0.006770522212609649,0.006109352556406521,0.0074169066043104975,0.0,0.0,0.0,-4.259550705308592e-16,-4.259550705308592e-16,-4.259550705308592e-16,0.0,0.0,0.0,1.0,1.0,1.0,273.94993928909304,175.34856744158267,376.5859768853187,0.014500900531420485,0.010133836697626976,0.019267302000211203,29.10912584781647,21.34368075090647,37.07189204806089,1.0,1.0,1.0
later_host_young_donor,adjacent,suffix,judgment,200,4,0.3424225143561936,0.2827084069555421,0.3987207440031759,0.009841945870903146,0.00772704347277795,0.011938700932665598,0.01621794586186297,0.014389332633436424,0.018006477242684924,0.3004850390655201,0.2591782807837384,0.3411309793268807,0.2777308287493816,0.23651400625653352,0.3168777949979101,0.0,0.0,0.0,1.0,1.0,1.0,276.1464880615473,231.70830646239222,327.13339418262245,0.04652511586478795,0.03557702599690674,0.05744110840562644,30.73086170837283,27.17241563033685,34.357788114123046,0.995,0.985,1.0
later_host_young_donor,adjacent,suffix,style_opening,50,1,0.25361770468084177,0.181838624985962,0.3302046383789069,0.0032652692262490745,0.002189344207185059,0.004418046961574873,0.006087960903532803,0.005722561094094999,0.006427405153168365,0.18212567741116026,0.13824173617212498,0.24324478392667714,0.08559240441682008,0.05273546274803904,0.13062087342372133,0.005880798803416805,0.0014701997008542012,0.01176159760683361,0.9941192011965831,0.9882384023931664,0.9985298002991457,280.2454039013386,179.2105425992012,384.8390672869086,0.01258715518633835,0.00844491326759453,0.017005508444439328,30.410713582634926,22.76320370835066,38.46398109097779,1.0,1.0,1.0
later_host_young_donor,name_only,none,advice,2,1,0.4255932683033643,0.4255932683033643,0.4255932683033643,0.22122883796691895,0.22122883796691895,0.22122883796691895,0.298583984375,0.298583984375,0.298583984375,0.48132008047307057,0.48132008047307057,0.48132008047307057,0.4880295642416198,0.4880295642416198,0.4880295642416198,,,,,,,,,,,,,,,,1.0,1.0,1.0
later_host_young_donor,name_only,none,continuation,2,1,0.3672201069460581,0.3672201069460581,0.3672201069460581,0.09829432517290115,0.09829432517290115,0.09829432517290115,0.16937708854675293,0.16937708854675293,0.16937708854675293,0.4491705056721679,0.4491705056721679,0.4491705056721679,0.5436486558583908,0.5436486558583908,0.5436486558583908,,,,,,,,,,,,,,,,1.0,1.0,1.0
later_host_young_donor,name_only,none,explanation,2,1,0.5221009358540275,0.5221009358540275,0.5221009358540275,0.11663800477981567,0.11663800477981567,0.11663800477981567,0.10676325112581253,0.10676325112581253,0.10676325112581253,0.4997381699047917,0.4997381699047917,0.4997381699047917,0.5116649397160354,0.5116649397160354,0.5116649397160354,,,,,,,,,,,,,,,,1.0,1.0,1.0
later_host_young_donor,name_only,none,judgment,8,4,0.460159215722201,0.4195793213838924,0.5007391100605094,0.16841247491538525,0.12177125364542007,0.21976396769750864,0.19419560953974724,0.15140506206080317,0.24175266548991203,0.4754124753609617,0.41648095093291626,0.5220232453480023,0.3722099219850352,0.30336611210924475,0.4341003755534132,,,,,,,,,,,,,,,,1.0,1.0,1.0
later_host_young_donor,name_only,none,style_opening,2,1,0.3410737549500211,0.3410737549500211,0.3410737549500211,0.09287034720182419,0.09287034720182419,0.09287034720182419,0.17941781878471375,0.17941781878471375,0.17941781878471375,0.3820034763629537,0.3820034763629537,0.3820034763629537,0.11255237283986123,0.11255237283986123,0.11255237283986123,,,,,,,,,,,,,,,,1.0,1.0,1.0
later_host_young_donor,primary,prefix,advice,50,1,0.202715565310356,0.1340714493808023,0.2734761584288544,0.021769666760228575,0.012464687136627618,0.031827297444506256,0.0404643639922142,0.03856995849497616,0.04247470709495246,0.23269775505154647,0.17641787090493927,0.2886894365327254,0.2742743130456813,0.21051227169764158,0.33685383325473955,0.24735713508233698,0.17006037208570882,0.32297373860617296,0.752642864917663,0.677026261393827,0.829939627914291,1770.1414272117615,1193.0812237215043,2369.9153775820732,0.09433006976265461,0.053190363121510015,0.1386945036085672,99.39951293502935,63.514225133246505,136.14414826167072,1.0,1.0,1.0
later_host_young_donor,primary,prefix,continuation,50,1,0.1468689207943491,0.11003577056914515,0.18507547326329776,0.011323732380988076,0.007545353805689956,0.015325910381317955,0.04658809561282396,0.04279652767069638,0.050532513541169465,0.37876988418921015,0.33404784294649487,0.4185491614767335,0.40823069067641277,0.35830786830168615,0.45379388216646815,0.2351199836748481,0.16230098342588792,0.3053520619423397,0.7648800163251519,0.6946479380576605,0.8376990165741122,1749.1315003824234,1187.5141048213243,2318.999885584712,0.04932916230522096,0.03199071354407352,0.06719699756253976,95.48883537145332,61.44118948253291,130.51635498938708,1.0,1.0,1.0
later_host_young_donor,primary,prefix,explanation,50,1,0.22366483928456046,0.16482219248748273,0.2842766565400271,0.014643067855213304,0.010204697166220286,0.01948365735536936,0.03621987298130989,0.034507092014886435,0.03780706201121211,0.26061913611558013,0.19042445933540345,0.3306740612501867,0.21691605578468678,0.15592099965344355,0.2731196925636521,0.21592984925115638,0.14009705898238117,0.29426879045096727,0.7840701507488437,0.7057312095490326,0.8599029410176188,1797.9128997039795,1218.206004155159,2403.5702333230975,0.0719036025868263,0.048651920920718114,0.09750831818443839,99.89668838229031,63.36898573476076,137.66968025221675,1.0,1.0,1.0
later_host_young_donor,primary,prefix,judgment,200,4,0.2875464398396015,0.25171192829424544,0.3257220005945477,0.024004165280639426,0.01982197715225266,0.028168291094723824,0.05245358488988131,0.048536325840046635,0.05700618366932031,0.3911526454424618,0.3562451237063066,0.425547807550398,0.314320316406152,0.28779592931572295,0.338195002865323,0.20446309034279403,0.16404434759565326,0.2454222489485296,0.795536909657206,0.7545777510514704,0.8359556524043467,1704.4011930769682,1412.935463490352,1995.8930397067963,0.11969966596341691,0.09672495153837372,0.1433743605728232,93.74469143522438,75.56695315284189,112.36495715449179,0.97,0.945,0.99
later_host_young_donor,primary,prefix,style_opening,50,1,0.20332291462831126,0.14536006445352476,0.26152662799297216,0.015043079656607006,0.009538045667421103,0.02082299843795772,0.041451241225004196,0.03843621667474509,0.04420519450120628,0.08208728491818398,0.0672562868925561,0.09640319797669153,0.09384397409606611,0.07367039780068817,0.1141274632674168,0.22127197093394554,0.14506445673314916,0.297392288946802,0.7787280290660545,0.702607711053198,0.8549355432668507,1754.5989502239227,1156.7854352214338,2366.9303675525184,0.05857624588999897,0.036972393119125625,0.08088545796007383,101.6141217709519,65.06880183576374,139.39254617856207,1.0,1.0,1.0
later_host_young_donor,primary,single_layer,advice,50,1,0.16680572173004815,0.10493749639884131,0.23125092715633183,0.013226384524896275,0.006892518617110909,0.021159411170650854,0.03677755653858185,0.034666679959744214,0.03885692915134132,0.09676740561148042,0.051501737385236876,0.14693131110222943,0.11629266202736792,0.06520692565279515,0.17285186290995244,0.1713627476941248,0.11280131421820579,0.2380528193494325,0.828637252305875,0.7619471806505675,0.8871986857817943,656.5267508113384,386.532770134449,930.1878045066296,0.05664418734959327,0.029177191960479833,0.09106623257618048,0.10492241554893553,0.06189772209408693,0.15292539795348417,1.0,1.0,1.0
later_host_young_donor,primary,single_layer,continuation,50,1,0.09764756821180534,0.06447054583741947,0.13201687117987654,0.006960108203929849,0.004039853814712843,0.01022761868406087,0.042916736491024496,0.040018095972947774,0.04612833133619279,0.33628428213105255,0.28290406442983884,0.38282229438613374,0.3694560173836987,0.3121362719364983,0.41826324793073383,0.1486901119810689,0.09502428992049394,0.2082881439630137,0.8513098880189313,0.7917118560369862,0.9049757100795061,662.3558452880383,402.00422839334607,928.466248642534,0.029966312126489356,0.01703218541920069,0.04512182896837476,0.1811056778766215,0.11521388988150284,0.25244003377156327,1.0,1.0,1.0
later_host_young_donor,primary,single_layer,explanation,50,1,0.16445256911255698,0.11283478005977034,0.22105089415807688,0.00918126290634973,0.005733771323761175,0.012999726389960413,0.03427521139383316,0.03270735860802233,0.03570882598031312,0.040095185333102676,0.010010975861987419,0.08045645697734366,0.02978954755944024,0.006939871255942549,0.06037852784877727,0.13780077398449456,0.07954933182053632,0.20438971090706762,0.8621992260155055,0.7956102890929323,0.9204506681794637,671.0176082134246,402.14639326548576,943.9249004194734,0.04359991249279119,0.026142876848287415,0.0631725336128875,0.30452743601053955,0.2285322388773784,0.37635506740771235,1.0,1.0,1.0
later_host_young_donor,primary,single_layer,judgment,200,4,0.19180528660369844,0.1543023412170816,0.22699974938445186,0.014383595831022831,0.011043751713224083,0.017599902169359666,0.053572573312558235,0.0500499297878705,0.057308598147938025,0.2562366353112342,0.2245923710642768,0.28676551632655484,0.21501723857738825,0.18796534786746363,0.24099457416657535,0.1313632254443398,0.10087613690562301,0.16277438171730654,0.8686367745556602,0.8372256182826935,0.8991238630943769,644.5639396727086,519.3187408976331,780.75977711533,0.07022989027143922,0.05217826120126119,0.08777514362437432,0.10788654747884721,0.08170128594897687,0.13522601880086582,1.0,1.0,1.0
later_host_young_donor,primary,single_layer,style_opening,50,1,0.13172737630558712,0.08430413515385315,0.1846298679778003,0.00838601415453013,0.004473367070346285,0.012898864144262912,0.03869625926017761,0.0368157841777429,0.04073306636884809,0.043046008530690835,0.031672490578298795,0.05454909436574683,0.041932295372635806,0.02853321454107794,0.05551261020103826,0.1436049354758891,0.08542151719533514,0.2076135442371881,0.856395064524111,0.792386455762812,0.9145784828046648,631.084798386097,373.2626722130775,909.1467618985176,0.032423019188572655,0.017060936059322556,0.05041251725594337,0.17789325760677457,0.1160040829796344,0.23801310195680708,1.0,1.0,1.0
later_host_young_donor,primary,suffix,advice,50,1,0.20309514429610975,0.14561907155716713,0.2644867639254205,0.05639408388116863,0.03816011054476985,0.07620228073228645,0.0886704533547163,0.07118333539552986,0.10939170676842332,0.0005834563949221728,0.0,0.0017503691847665184,0.0019714418651209744,0.0,0.005914325595362924,0.3573702300100648,0.28281655061643046,0.4331581813810899,0.6426297699899353,0.5668418186189101,0.7171834493835697,1301.5408838224412,824.2428671674729,1790.4794405013322,0.3693932694080286,0.2426766404583468,0.5156981754827138,139.80105479001998,105.836249094069,174.94945020896196,1.0,1.0,1.0
later_host_young_donor,primary,suffix,continuation,50,1,0.16420042547077682,0.12067358375254238,0.20893775679734392,0.0396609935129527,0.02760667361821834,0.05298169828192476,0.08883470237255096,0.07310686405189334,0.10574070164561271,0.41250547138178334,0.38127566934210727,0.4383199348401003,0.44325805461387346,0.4125259701882801,0.4708890435291932,0.3071756230962517,0.2381429510815759,0.37913562729249084,0.6928243769037485,0.6208643727075092,0.7618570489184241,1249.081226733923,794.475140442431,1714.9456843098403,0.2738450708799064,0.1829858933512005,0.37793810177472187,132.5532521227002,100.00146157888322,166.01986474637684,1.0,1.0,1.0
later_host_young_donor,primary,suffix,explanation,50,1,0.1893595713117845,0.13758242501220383,0.24187340630845983,0.036039932244457305,0.02489619574147218,0.0483499778960977,0.06771864905953408,0.05725619350560009,0.0796216561254114,0.060121383026909996,0.02002745213056099,0.11021495470807435,0.05505712687028289,0.015233117535664576,0.09947781020753305,0.31203230582712793,0.23567065315874752,0.3933641748710083,0.6879676941728721,0.6066358251289917,0.7643293468412524,1296.7666677665711,815.0241650019884,1792.7304451036453,0.27189273820607923,0.18227133235969814,0.37128488116498914,138.2172392845154,103.51129408431053,174.38078780394792,1.0,1.0,1.0
later_host_young_donor,primary,suffix,judgment,200,4,0.24089123814870747,0.20168683119004138,0.2762503869042346,0.047187457654436,0.03814729344927036,0.055972961849887724,0.07689927538856864,0.07185497633181513,0.08202714448561892,0.33118404310557326,0.29287390033229327,0.3657892335062007,0.2615354496058773,0.23187587113923275,0.2876080186967841,0.2813315873344419,0.2398668845107599,0.32100388288603754,0.7186684126655581,0.6789961171139625,0.76013311548924,1232.4417202097177,1017.0018547417968,1479.0231269828676,0.3267714685556712,0.2578052923929499,0.39716278125454846,132.29708402201533,115.71597958174348,148.6471469242461,0.99,0.975,1.0
later_host_young_donor,primary,suffix,style_opening,50,1,0.17000917344156355,0.12190491153032171,0.22008774416278673,0.04305413763067918,0.029238444356735272,0.057958603652892626,0.08851373851299286,0.0726657331623137,0.10643889796920121,0.04311204786345993,0.03152137883762257,0.05555380124478376,0.040131426897250126,0.027318624439766136,0.05494049446203539,0.34746168407360245,0.2751854031451054,0.4212661676661106,0.6525383159263975,0.5787338323338895,0.7248145968548947,1315.7579572689533,829.5979945726394,1813.1664775342344,0.26325431194214616,0.17445954580570106,0.36469121067918603,140.9252783924341,106.06530073861776,176.78212818977238,1.0,1.0,1.0
later_host_young_donor,random_same_norm,prefix,advice,50,1,0.24335700303510613,0.18936195144511228,0.2920049546434922,0.04697186913399491,0.027687377215348533,0.06925329410866833,0.07897358641028404,0.05985772644542158,0.1027829809077084,0.23982991517543784,0.17981997144155312,0.29383593428732413,0.28098746698789434,0.21780671342351055,0.340917273082414,0.11305249649129433,0.06193007646387828,0.1721327225048367,0.8869475035087057,0.8278672774951632,0.938069923536122,1399.4875357627868,909.0969768424034,1937.521973628044,0.24578977759927512,0.12926498791266933,0.38697723236895404,74.88178431068548,48.319068975628355,103.72314330189512,0.9,0.82,0.98
later_host_young_donor,random_same_norm,prefix,continuation,50,1,0.26397576627361974,0.21427166415361323,0.30455911810985303,0.04457017737790011,0.023522744673027774,0.06882099776710675,0.07116229929029942,0.053210838103666905,0.09197114087268708,0.4077390366542007,0.3604737617694649,0.4499321342333313,0.43658045280236907,0.3864862375401521,0.4794276167351141,0.14337571639674532,0.08011479529729762,0.21779461392441962,0.8566242836032549,0.7822053860755804,0.9198852047027024,1746.728936753273,1135.6782413828373,2421.1125172871352,0.2052809656597674,0.10358447195845656,0.32568570056650775,72.35654985280708,46.901823668746275,99.48695297948689,1.0,1.0,1.0
later_host_young_donor,random_same_norm,prefix,explanation,50,1,0.28448118322227267,0.23038266850402206,0.33276218964536936,0.03945439445815282,0.02730676650055466,0.051980898186011475,0.06403166614472866,0.052893797401338816,0.07611494456604123,0.1800878048452493,0.11010852546562416,0.24997110850036633,0.15336148545417724,0.09526691029572527,0.2131430900940341,0.11119923953193003,0.056592077503352774,0.17022974021968232,0.8888007604680699,0.8297702597803177,0.9434079224966473,1428.436392440796,933.291600763321,1960.429361520767,0.17757743860944175,0.11981174881114567,0.23305963343821348,75.08369750227779,48.063178436296994,104.1994195398623,1.0,1.0,1.0
later_host_young_donor,random_same_norm,prefix,judgment,200,4,0.3076727304114241,0.2771321590190946,0.3378861502563806,0.05575337823931477,0.04558627020793938,0.06617739407371846,0.08962283567991108,0.08035515939758624,0.09976674745755736,0.39003039628796754,0.35962703543680197,0.41998244887463376,0.32040336481576986,0.29503377683106086,0.34548190173772614,0.09952767356337817,0.07438485345535018,0.12632487463677747,0.9004723264366219,0.8736751253632224,0.9256151465446498,1368.3978250807525,1114.8938697880956,1630.7105638716519,0.26301765473792327,0.20630451083103982,0.321567681641689,71.14358667267021,57.18226949572633,84.79077623746672,0.985,0.965,1.0
later_host_young_donor,random_same_norm,prefix,style_opening,50,1,0.24095123041987138,0.18629486879420876,0.2875891513900551,0.040064259169448634,0.02325285756084486,0.05863119953112982,0.06843936935067177,0.0541930919829756,0.08387317422404884,0.11800470322419715,0.09177165471232397,0.14430249023891603,0.14097860977760726,0.10970563259045675,0.17261967330178055,0.12003649909783609,0.06316766103722524,0.18465822809006657,0.8799635009021639,0.8153417719099334,0.9368323389627748,1541.3521080303192,983.7564271497727,2156.9926918509004,0.1810713745560497,0.09946180422091856,0.27078900649724524,76.44099727639929,49.43061871550977,105.96726527943183,1.0,1.0,1.0
later_host_young_donor,random_same_norm,single_layer,advice,50,1,0.1780371176917269,0.1332828166261126,0.22273503726225358,0.03232745159359183,0.016387591450569745,0.051119734947453255,0.06713563438504934,0.05157395279314369,0.08613637636881322,0.14022669814403332,0.08791200797055822,0.1897971745438843,0.1983661342674206,0.13494138394548852,0.2630847072310124,0.11776286465442828,0.06494600090045109,0.17794653399346652,0.8822371353455718,0.8220534660065336,0.9350539990995489,733.4053253352643,432.8016555466056,1058.711218202412,0.15882892372552304,0.07155647822911851,0.2684473027753993,0.10492241554893553,0.06189772209408693,0.15292539795348417,0.96,0.9,1.0
later_host_young_donor,random_same_norm,single_layer,continuation,50,1,0.19711901639228846,0.14983045705982767,0.2407680772884025,0.03023965898377355,0.014709173757903047,0.04761397459675208,0.05928116161376238,0.046608528845943506,0.0741173178013414,0.41539149325649466,0.38313074447546486,0.44375438017957,0.4446973301324684,0.40523112088355834,0.4771825706529371,0.10887521384363474,0.05611306935228678,0.1719511927669019,0.8911247861563651,0.8280488072330981,0.9438869306477131,845.1804587829113,437.29455001434684,1374.0044168649315,0.13129599389387295,0.06097923477890435,0.21387088789814152,0.1811056778766215,0.11521388988150284,0.25244003377156327,1.0,1.0,1.0
later_host_young_donor,random_same_norm,single_layer,explanation,50,1,0.2165678735566536,0.1638430800217214,0.266057786723473,0.04331269790272927,0.021232556188897432,0.07099166659683395,0.07169480171054601,0.05168108191993088,0.09752401671372353,0.1303123288116586,0.07021092302602089,0.19034496870336587,0.09219978519892173,0.04950320683865078,0.13486853943773713,0.09183635509664151,0.04699170354017303,0.14557587072016206,0.9081636449033585,0.8544241292798378,0.953008296459827,635.3353555583953,378.17005710291863,907.2013647115231,0.20424486690782942,0.09063744418817805,0.35156487414479487,0.30452743601053955,0.2285322388773784,0.37635506740771235,1.0,1.0,1.0
later_host_young_donor,random_same_norm,single_layer,judgment,200,4,0.2090898604829152,0.18222214905603296,0.23441726037475916,0.03672752689526533,0.028527809162469567,0.04573417853008232,0.0826254222728312,0.07486284680641257,0.09098432254581712,0.32156788267018627,0.28784794114395096,0.3534109761156881,0.2547138166108284,0.22582249218875144,0.281710380684802,0.09001913101987523,0.06470296065578061,0.11613661365798655,0.9099808689801248,0.8838633863420136,0.9352970393442194,646.0100743925572,513.4864967801869,784.2508847079499,0.17719909104751422,0.1307051257283383,0.22800758843308722,0.10788654747884721,0.08170128594897687,0.13522601880086582,0.995,0.985,1.0
later_host_young_donor,random_same_norm,single_layer,style_opening,50,1,0.16846592850082495,0.12325155449901562,0.2096905720996466,0.024624075138999616,0.011178871092859482,0.04148413863228416,0.06035993359982968,0.046150112960487606,0.07683516355790197,0.07016185125960325,0.051062224958667406,0.09258082939944322,0.090086875156163,0.06049200629000338,0.12373137876748891,0.09547411400738354,0.04802868425282197,0.15282168144265967,0.9045258859926166,0.8471783185573404,0.9519713157471781,613.6726446843147,362.83326408195495,881.8971107608676,0.12072240132372826,0.046854984546545894,0.21367915974976495,0.17789325760677457,0.1160040829796344,0.23801310195680708,1.0,1.0,1.0
later_host_young_donor,random_same_norm,suffix,advice,50,1,0.2861699230691892,0.22983983343631262,0.33947475190859766,0.1218129327223869,0.08253729741313146,0.16648914301316833,0.15286123886704445,0.11425107408314944,0.19821338097937405,0.2819835951864839,0.21485784694558682,0.34582483010949905,0.2985092706269038,0.23500166801024136,0.35620235970506237,0.14789182301033063,0.08859848340446448,0.21424442733255142,0.8521081769896692,0.7857555726674484,0.9114015165955356,993.0256823301315,598.1844826846122,1387.757188981056,0.7013204115000553,0.4454023241880641,0.9901806622539006,108.23588965177537,80.83846795457602,138.32944839805364,0.94,0.86,1.0
later_host_young_donor,random_same_norm,suffix,continuation,50,1,0.28377697116460415,0.22521853713606155,0.33829843900910567,0.09039833549817558,0.06394232488457056,0.12175955861159309,0.11705025300383567,0.09284811824932694,0.1445651494394988,0.42221438434129893,0.393894984890821,0.4481729401402964,0.47154806854438713,0.44132747680044404,0.49552667256824795,0.12702275907870672,0.07471518309962717,0.1872994343439611,0.8729772409212933,0.8127005656560389,0.9252848169003728,959.2350495564938,581.7709626255929,1340.5080922589898,0.44224457442061976,0.3105632227995084,0.5915106703061028,104.19516763478518,78.09017430867256,132.98113960340618,1.0,1.0,1.0
later_host_young_donor,random_same_norm,suffix,explanation,50,1,0.2919405074619339,0.23704414345066696,0.3438073968291379,0.10168051769287559,0.06798064871654423,0.14011679304702193,0.13122388429939746,0.09836195094138384,0.16942881946079433,0.2101336424984332,0.14009544135721622,0.27041160488019045,0.19944754553585728,0.1307123306920368,0.2678027051435533,0.13757650392020007,0.08227535520024197,0.20146446798439344,0.8624234960798001,0.7985355320156066,0.917724644799758,992.1958003807068,595.7032900685072,1395.9359472550152,0.4797682931215968,0.32139376783061013,0.6612276489351643,108.2134026145935,79.95413088971377,139.28888044929505,1.0,1.0,1.0
later_host_young_donor,random_same_norm,suffix,judgment,200,4,0.27867510587848393,0.2480439997850146,0.30665869799570294,0.1187051978558884,0.09665549319806359,0.13863598697688212,0.15637556508183478,0.13762463566195218,0.17373877636762336,0.349407548293758,0.31876196249700356,0.37714066156248854,0.290936173163983,0.2627187318212965,0.3150916129284593,0.12835852998075403,0.10008084483427275,0.15919853974716208,0.8716414700192459,0.8408014602528379,0.8999191551657273,943.3193427950143,774.4483758828939,1142.4054593923834,0.7219518853269983,0.5657787722660869,0.8769563950638839,103.66601506754756,89.26818343902379,118.55066695717349,0.985,0.965,1.0
later_host_young_donor,random_same_norm,suffix,style_opening,50,1,0.2796265932204054,0.22037961049674193,0.33100842091794047,0.10025164663529722,0.0648741551841631,0.1424973989640639,0.12556382283568382,0.09383985447511077,0.16295720127411187,0.150732591097038,0.10243076256601093,0.20467471474494345,0.16406198869647726,0.1166695038711371,0.21435558883889963,0.14276445130479432,0.08672087888769155,0.20818929172532935,0.8572355486952056,0.7918107082746706,0.9132791211123084,1003.8721775448322,603.0844525594115,1408.630671704143,0.5437132665072568,0.33076579700008735,0.8011503517612,110.15925765573978,82.18721635346115,140.72800028458235,1.0,1.0,1.0
later_host_young_donor,shuffled_prompt,prefix,advice,50,1,0.22790542690644827,0.1792602602653454,0.2757509395082484,0.11199430942244362,0.07810269837726809,0.14740746870566362,0.16665079779922962,0.12969332038238646,0.20462354032136498,0.3570944127481077,0.30298699423243736,0.40301082088994367,0.3949973030047639,0.3362305473898452,0.4460221211681866,0.19406612539077184,0.1209520524275035,0.2687093732116888,0.8059338746092279,0.7312906267883112,0.8790479475724966,1780.8696083641053,1267.0732395505906,2293.114169113636,0.7121661485708318,0.4842541627329483,0.9580256843163224,94.82063756500371,64.26393733994338,126.55106201215554,0.42,0.3,0.56
later_host_young_donor,shuffled_prompt,prefix,continuation,50,1,0.2805920594137238,0.23731446005010762,0.32028764873119525,0.06448203246924095,0.04955705896612199,0.07984195267537143,0.11133138790726661,0.09469217846170068,0.12877560954540967,0.4710999294672359,0.4630365311228013,0.47827699176322547,0.4616854355508447,0.45198028863478407,0.47099648437983815,0.18061122616046624,0.10515414462240777,0.25646751677058754,0.8193887738395337,0.7435324832294123,0.8948458553775922,1916.0405978250503,1328.2458717931509,2517.6908298119306,0.4362758151907474,0.31528546082694087,0.567568442408461,105.93072640748694,69.45573353410465,143.082462906769,1.0,1.0,1.0
later_host_young_donor,shuffled_prompt,prefix,explanation,50,1,0.22379279404202365,0.1823453276191939,0.2623665155454898,0.04097318754560547,0.026324718066822243,0.057865736034233124,0.07839571870863438,0.06236973216570914,0.09629511023126543,0.3611077648102893,0.3008302074595074,0.42127803818262866,0.3036369049251056,0.24718086617028712,0.3577477847605997,0.18507323221707583,0.11050331918754618,0.26126787598176926,0.814926767782924,0.7387321240182309,0.8894966808124539,1756.5459093475342,1210.9087020988463,2321.069035964012,0.1892443055647891,0.1207295608206041,0.263013828709285,96.16377280440182,62.144442970043045,130.64422407828175,1.0,1.0,1.0
later_host_young_donor,shuffled_prompt,prefix,judgment,200,4,0.32396090759619045,0.28938447958992264,0.35683933108942517,0.055741721826343564,0.046519842123524544,0.06501942374824102,0.07371395195834339,0.0683788717489224,0.07911469278275035,0.38171100321919144,0.3509882696290005,0.4086290521561132,0.30796889462765437,0.28166778022847605,0.3297778680010162,0.19827095234296763,0.15807996462673496,0.2393380765847372,0.8017290476570323,0.7606619234152627,0.841920035373265,1796.669586250186,1499.1138728344886,2093.9916596606076,0.3036540339735802,0.24478010855688626,0.3625058487893038,99.37893523944076,80.99791102237114,118.14435693176719,0.995,0.985,1.0
later_host_young_donor,shuffled_prompt,prefix,style_opening,50,1,0.35485986078448434,0.2978735200925176,0.3996217874315224,0.07094351485749939,0.05307788721666293,0.08939671487858505,0.0911193474382162,0.07471113480627536,0.10817123939469456,0.12858529471687338,0.10450701848769034,0.15554945098940448,0.1618048707429111,0.13506000908873708,0.1859003797321397,0.19962098829261343,0.12156362890772343,0.27948609643692246,0.8003790117073865,0.7205139035630777,0.8784363710922766,1944.6763043498993,1324.7532635402679,2579.171892295599,0.3017261699028313,0.2231332764849067,0.3849252390400506,109.83005440721288,71.89209208980296,148.70103394792272,1.0,1.0,1.0
later_host_young_donor,shuffled_prompt,single_layer,advice,50,1,0.17144862581051065,0.12305057382266323,0.22308204092206163,0.0693822767472011,0.04332888038633973,0.09750565494535839,0.11824582405388355,0.0898193754889071,0.1495050041619688,0.17963627652920672,0.13064102805252947,0.2334889808764136,0.23004683513667673,0.16735560051335577,0.29430327975890297,0.12109279540094058,0.0677363449300856,0.18230125202643432,0.8789072045990595,0.8176987479735657,0.9322636550699144,657.1955117213726,427.7751656418741,920.2095171308815,0.4128111408511177,0.2481530959326774,0.6014693449256011,0.10492241554893553,0.06189772209408693,0.15292539795348417,0.96,0.9,1.0
later_host_young_donor,shuffled_prompt,single_layer,continuation,50,1,0.1698127289372823,0.12507144511981277,0.2162168451124212,0.03770050143502886,0.024498763522133232,0.0522393093212886,0.08143716566264629,0.06607546900212764,0.09776432594656943,0.4050453657521086,0.36697342418504336,0.44206569803631107,0.4315612289090178,0.3921399814513189,0.4691593196055849,0.11339613237561379,0.060035907503780864,0.17527427604438395,0.8866038676243861,0.8247257239556162,0.9399640924962192,691.3077199065685,433.2780901134908,964.4657125516236,0.24764770525158383,0.15165866223879856,0.35547922340786314,0.1811056778766215,0.11521388988150284,0.25244003377156327,1.0,1.0,1.0
later_host_young_donor,shuffled_prompt,single_layer,explanation,50,1,0.1528274349194846,0.11180854608284586,0.19713471033114036,0.025826697094889824,0.015262528325289168,0.03894435490753312,0.06582176573574543,0.05417028626427055,0.08011894403211772,0.06025013431316118,0.020072644699203807,0.11032002303707553,0.04440768541236,0.011982099173654224,0.08367997369821971,0.11766368994378416,0.06413679866180835,0.1801693506980585,0.8823363100562159,0.8198306493019416,0.9358632013381918,635.5461417675018,391.8873172442913,898.0894019050597,0.1165920172596816,0.06959042288029742,0.17486804008479517,0.30452743601053955,0.2285322388773784,0.37635506740771235,1.0,1.0,1.0
later_host_young_donor,shuffled_prompt,single_layer,judgment,200,4,0.21994439742175767,0.18145025866540027,0.2547830482886142,0.03489452778201667,0.027326438013083133,0.04241212430951236,0.0657964029815048,0.06172525639319792,0.0697243378981948,0.30513437937601184,0.27111237051465537,0.3357089095252581,0.22860444281269218,0.20201463368362638,0.25336860219272517,0.12789946252552586,0.09598251464622738,0.16032597383907102,0.8721005374744741,0.8396740261609291,0.9040174853537725,667.2347837507725,540.2888947854639,799.8611744594126,0.18687136938548066,0.14218921356170178,0.2317019441278462,0.10788654747884721,0.08170128594897687,0.13522601880086582,1.0,1.0,1.0
later_host_young_donor,shuffled_prompt,single_layer,style_opening,50,1,0.16864178049599426,0.11757742132376091,0.22338524912440536,0.031191747825359925,0.017556685785461015,0.04740786668350847,0.06577870294451714,0.054555001620203256,0.07953175300173461,0.06465399091733078,0.04497810477842981,0.08893738379619599,0.07404951218500147,0.04664639519654861,0.10503651840911124,0.12864005599993056,0.07049269823019945,0.19608430706711052,0.8713599440000693,0.8039156929328894,0.9295073017698006,697.1893814396858,422.45923062610626,984.9582814025283,0.12934386416862254,0.07093769563169916,0.20010738605228834,0.17789325760677457,0.1160040829796344,0.23801310195680708,1.0,1.0,1.0
later_host_young_donor,shuffled_prompt,suffix,advice,50,1,0.19021328323111736,0.13922065550017637,0.24096523909958253,0.11754418289696332,0.08122673203385057,0.15580959810285275,0.17807175427675248,0.13569988019578158,0.22217492011748252,0.15284797418907053,0.11005936920257495,0.19687262634661426,0.23045215468075853,0.16995804067077713,0.29613101311372014,0.24682024354168106,0.16747204714467182,0.32759172194298264,0.7531797564583188,0.6724082780570174,0.8325279528553282,1232.767390475273,813.0798823193312,1661.962826458931,1.3907997203909326,0.9466308468818897,1.8719536750047991,131.92827051877975,103.53754254531862,161.53269969648122,0.86,0.76,0.94
later_host_young_donor,shuffled_prompt,suffix,continuation,50,1,0.18484791620885296,0.13876459414211706,0.2319457736531219,0.060674899834557434,0.04295978394390841,0.07954962246998912,0.11666323721408844,0.09346228454820811,0.14113622522354125,0.41306560569689793,0.37816672800895895,0.4429361125837155,0.4355008238427005,0.4011385012630828,0.4670692631515694,0.2332097895576959,0.15183361736343304,0.3157448838725131,0.766790210442304,0.6842551161274868,0.848166382636567,1351.0963961446284,867.5513437610268,1849.8094025470316,0.7379235628899187,0.5086214330408839,0.9851516436336678,140.97677282124758,106.1966005690545,176.92137471036614,1.0,1.0,1.0
later_host_young_donor,shuffled_prompt,suffix,explanation,50,1,0.20899537308670785,0.156212408619288,0.26296045926121,0.07867782103596255,0.05401935102073912,0.10538558162552726,0.11632395565509795,0.09049867316521704,0.14388289975747467,0.1917034052787759,0.12166832198440013,0.26085461357362694,0.1697533361149796,0.11001357177046898,0.22968848368940065,0.23524616872903834,0.15305326687890944,0.31821014494822736,0.7647538312709617,0.6817898550517725,0.8469467331210906,1239.562902317047,790.6777911587953,1702.4130759462118,0.38258957933052445,0.262616964669869,0.5119720472580229,130.0785809135437,97.11218595331908,164.39382175290586,1.0,1.0,1.0
later_host_young_donor,shuffled_prompt,suffix,judgment,200,4,0.216491943816794,0.18540990480785366,0.24671728094349457,0.05852447112498339,0.046611040099242926,0.07099092088682754,0.09849323391914368,0.09015455954428762,0.10670984950778074,0.3449645328675692,0.31350594897475614,0.37300130455161,0.26153008306912734,0.23424339611237127,0.2866859055144154,0.26846092314733105,0.22683850086723045,0.30999506855181713,0.7315390768526688,0.690004931448183,0.7731614991327695,1293.75151686728,1070.9787699060291,1544.3891389075068,0.5297751472410164,0.4188294824130571,0.6473678319857062,139.42475184008478,122.18386771140621,155.64045997965334,1.0,1.0,1.0
later_host_young_donor,shuffled_prompt,suffix,style_opening,50,1,0.1996049502022647,0.14726962581322647,0.2534742494465362,0.07338165288383607,0.051777149758418094,0.09724234605910896,0.12023699276149273,0.09563476656749843,0.14652652767486868,0.056373992792918874,0.04254680575759591,0.07131746319984784,0.06593347764047162,0.04555203907408597,0.08720862736438434,0.26421730422136663,0.18088281085802968,0.3501064520502094,0.7357826957786334,0.6498935479497907,0.8191171891419702,1402.1216737377645,896.8515688495636,1920.920768469721,0.4840054155816324,0.33338013678166317,0.651113600202414,147.37015143930913,111.77792439632118,184.19390165188906,1.0,1.0,1.0
later_host_young_donor,very_early,prefix,advice,50,1,0.289445010510371,0.22502575533883762,0.3467121157748392,0.10673312883882317,0.06412262900309725,0.15261747369878867,0.1221595149487257,0.0848887894693762,0.16301710775122047,0.34962058605808993,0.280841281032272,0.4117477394788841,0.25912975889672707,0.21089174675664213,0.30360695905566015,0.2812316063185792,0.17403360082390743,0.3886272893166626,0.7187683936814208,0.6113727106833373,0.8259663991760925,4568.065800228119,2828.632699931145,6339.973300797463,0.6892450933530927,0.38181676368697665,1.0171685254796174,275.30344760452397,167.00438862473845,384.25420491456237,0.9,0.82,0.98
later_host_young_donor,very_early,prefix,continuation,50,1,0.2968934390328032,0.23904824934524813,0.34524883138796464,0.09606866437359712,0.06019535525635001,0.1373808996322914,0.12695270970463754,0.09648415366001427,0.16052173964865504,0.4033864925537771,0.3458862056758428,0.45660493904481086,0.43060156020014445,0.395922419813787,0.4611215157776212,0.30717456881243066,0.19354838333947358,0.42008069052153657,0.6928254311875693,0.5799193094784635,0.8064516166605264,4971.436601243019,3198.451239986658,6785.384779264212,0.47109044312499465,0.2875651297692675,0.678164828183828,280.5447078356333,172.8445234026122,387.75740870792276,0.98,0.94,1.0
later_host_young_donor,very_early,prefix,explanation,50,1,0.3219145612120775,0.2560065264123776,0.38536818309843646,0.23722456487856106,0.17520954253871604,0.29381947192312147,0.2758381599187851,0.2369045771881938,0.31226936567574737,0.36505948990833487,0.28601125776102315,0.43982207976919785,0.3040276317058792,0.23950920383840008,0.35776312957966083,0.4514016856846698,0.34949406403731464,0.5472339807980561,0.5485983143153301,0.4527660192019438,0.6505059359626852,5598.127124404908,3930.0889905672075,7236.868904641151,1.417358224018244,1.0367800902382733,1.7697129032748924,318.62916382517665,216.64396126430856,421.97705466191,1.0,1.0,1.0
later_host_young_donor,very_early,prefix,judgment,200,4,0.36563461644358014,0.3282819295089293,0.40044510254741267,0.10609047676654881,0.08963452187090207,0.12263825297372842,0.12612283359281717,0.11441190273989923,0.1388972849168349,0.3863523013867365,0.35932481786271736,0.41271673095099226,0.4303342208525307,0.40735176780654814,0.45223000345868614,0.28077071586822716,0.2227504112702961,0.33756125910242823,0.7192292841317729,0.6624387408975718,0.7772495887297038,4670.979922935367,3723.808318835035,5598.831216528863,0.6280538871616591,0.5274883063670277,0.7355816806211442,278.0891262508696,221.6624116076606,335.0695681480468,0.885,0.84,0.93
later_host_young_donor,very_early,prefix,style_opening,50,1,0.3168571627373473,0.25203566397798377,0.3804510800840847,0.20906173969764497,0.15142163188611085,0.26092283356043483,0.23387587755918504,0.19234134008362888,0.27282506319880484,0.2445516567887459,0.1969788097217667,0.2885185180115591,0.33493397117838625,0.27325502825925707,0.38779765651303055,0.47338696626989396,0.3682219314777568,0.573097699262623,0.526613033730106,0.426902300737377,0.6317780685222433,5728.74246386528,4067.10798197937,7355.123842186689,1.1797914260532707,0.8476161613671575,1.4859416433053554,320.51952085981145,218.83409681622126,421.70497667330915,1.0,1.0,1.0
later_host_young_donor,very_early,single_layer,advice,50,1,0.18131929390801477,0.12635959093640486,0.23167234128684247,0.024729231431847437,0.012908933033635548,0.03816891524010134,0.05372922468930483,0.046199083972722294,0.06300894615799188,0.14162456437248297,0.08431019810444883,0.20331461503982012,0.09702162188968126,0.05582301023645056,0.14108384093783036,0.2549546095780367,0.15642171216399237,0.35623218155512193,0.7450453904219633,0.6437678184448781,0.8435782878360076,1553.7704127681254,799.7003411391973,2316.120812883495,0.12693846369627862,0.05870621866674628,0.21245435956565775,0.10492241554893553,0.06189772209408693,0.15292539795348417,0.92,0.84,0.98
later_host_young_donor,very_early,single_layer,continuation,50,1,0.16030550483097525,0.11403645472098856,0.20281223774165227,0.020545940800802784,0.012615279755860685,0.02950519403752696,0.07002567447721958,0.06338013669475913,0.0782077843863517,0.32603745010832236,0.28099427511155295,0.37144203817762766,0.36075091207025006,0.3304899786805617,0.39303826537547387,0.29448620857191726,0.18722946512119415,0.39958278351447013,0.7055137914280827,0.6004172164855299,0.8127705348788057,1833.236587742567,1018.2816034326852,2692.531293179542,0.10031395101454109,0.0570071479837643,0.15106181792076678,0.1811056778766215,0.11521388988150284,0.25244003377156327,1.0,1.0,1.0
later_host_young_donor,very_early,single_layer,explanation,50,1,0.21561980350522297,0.15320545073908826,0.27573144261423493,0.11865233391086803,0.07544716616478762,0.164886053571292,0.20066729679703713,0.1768856318667531,0.22756337992101905,0.22262150232457412,0.15038200974539134,0.29029051704632236,0.20601670815731266,0.14168536607580703,0.26688955061945846,0.3421257441363325,0.24291781261131926,0.4385683682405852,0.6578742558636673,0.5614316317594148,0.7570821873886808,2004.5848767375946,1283.0740893096925,2722.7430935759544,0.6360010401171167,0.393723831923955,0.9049449964059749,0.30452743601053955,0.2285322388773784,0.37635506740771235,1.0,1.0,1.0
later_host_young_donor,very_early,single_layer,judgment,200,4,0.2215373169905604,0.18881141803400192,0.254363381660132,0.04019192438179744,0.03227834969685136,0.04798032330725892,0.09975330345332623,0.09415142545592972,0.10605535726761445,0.29188133247620224,0.2604654107108323,0.327751672691738,0.30860783339950915,0.279038249367888,0.33960372903223396,0.25169195378854103,0.19861861957514307,0.30382506170699775,0.7483080462114589,0.6961749382930023,0.8013813804248567,1582.634068056345,1206.4081082361638,1984.9955325186029,0.20992518284532707,0.16265022534988385,0.2589162629953207,0.10788654747884721,0.08170128594897687,0.13522601880086582,0.905,0.864875,0.945
later_host_young_donor,very_early,single_layer,style_opening,50,1,0.21122473058677188,0.14942093733063816,0.2730420256255182,0.11067554401175585,0.0697435883988037,0.1561186705584878,0.1605289949476719,0.1323921907879412,0.1927030481137335,0.18911020549912658,0.13825299382168402,0.24263998774105655,0.22530962526524603,0.17028606793747356,0.2818186834745198,0.3772967514109115,0.27959494126465995,0.47278715769872226,0.6227032485890885,0.5272128423012777,0.72040505873534,2089.9740222477913,1356.7811782538295,2846.110608765363,0.6087410561391152,0.3737333029935253,0.8811715192215052,0.17789325760677457,0.1160040829796344,0.23801310195680708,1.0,1.0,1.0
later_host_young_donor,very_early,suffix,advice,50,1,0.3841745494470421,0.3177465631616044,0.44490437285136386,0.11546489483618644,0.08571581195697217,0.1499059920781001,0.11431240685284137,0.08987683986313642,0.1426886054817587,0.3290175603193234,0.2618846009958083,0.39590154399974814,0.23340618445050734,0.18663138256906528,0.28124080989267625,0.35458477746568867,0.23368002466754306,0.4734791295196117,0.6454152225343113,0.5265208704803882,0.766319975332457,3292.7552541685104,1945.3737950792313,4734.7021903276445,0.6623718437040225,0.46512000151752725,0.8891855381209752,270.87286188840864,186.70924772274492,356.9004925767183,0.96,0.9,1.0
later_host_young_donor,very_early,suffix,continuation,50,1,0.352447843147317,0.28655966057096577,0.41025986746911586,0.11643922256364021,0.08916449994186405,0.14793513317701582,0.13218576185405254,0.11208014574833215,0.1548736772779375,0.40957402093145545,0.36134797564616994,0.45868791326475683,0.4105446889260008,0.3756666070214259,0.44283988847401035,0.3523611091444664,0.23232991072746703,0.4686360587977788,0.6476388908555337,0.5313639412022213,0.7676700892725329,3252.6991584432126,1911.6978205347657,4681.886259467185,0.5442395693762228,0.41425507079507223,0.6864969744051338,233.61019475728273,162.93706036209315,308.36939212577045,1.0,1.0,1.0
later_host_young_donor,very_early,suffix,explanation,50,1,0.36120521705658964,0.2937932143912902,0.42282604317694755,0.23281502011552221,0.17990807717441565,0.2813321943217379,0.2509727531671524,0.2224499825462699,0.2797307290956378,0.3531661916358969,0.2804254150637866,0.42504861106371084,0.30254555280355055,0.24319079444286362,0.3611780963596777,0.6208525415024745,0.5220236261255802,0.7040002402678224,0.3791474584975255,0.29599975973217746,0.47797637387441994,3918.998328914642,2605.624572251081,5260.832467966676,1.342909898631042,1.0277054406136885,1.642922672093584,377.91596757888794,307.069584662199,445.06162012076373,1.0,1.0,1.0
later_host_young_donor,very_early,suffix,judgment,200,4,0.3822409918093614,0.3461179500155973,0.4167469795156715,0.128904162740655,0.11442930771952524,0.14302684177921857,0.13905830664560198,0.1308845472917892,0.14751651646988467,0.3454151553737577,0.31468720612006323,0.37378874687323166,0.3798695986193201,0.35192181368071207,0.40580932689652827,0.35179463797898086,0.28960003508443255,0.41146580436889196,0.6482053620210191,0.588534195631108,0.7103999649155675,3298.202141466737,2645.4243215836586,4033.4353378077294,0.7138751671725185,0.6268912815785153,0.802404508298976,265.63293981596826,223.4282654656097,306.73214339758084,0.915,0.875,0.95
later_host_young_donor,very_early,suffix,style_opening,50,1,0.3497806493460704,0.2823962966956145,0.4108969445710737,0.1999316739887581,0.15310610252608967,0.24578638588364993,0.21033130586147308,0.17905180388316513,0.24232300315052271,0.22657395502165203,0.183183599305717,0.2743849378121883,0.3371653860624379,0.2800167997071602,0.3925965231278293,0.6371737897059675,0.5370131867797957,0.7242337185180147,0.36282621029403245,0.2757662814819854,0.46298681322020435,3885.473297845125,2600.4947160802785,5212.38189598307,1.0635991439886856,0.8049597684310283,1.31754631465071,323.7316833072901,270.2798167646527,376.3296896354705,1.0,1.0,1.0
young_host_later_donor,adjacent,prefix,advice,50,1,0.16381678043465012,0.09455136018984177,0.23791102481590087,0.003418936266248238,0.0019605213092486907,0.004966031763592241,0.017758144079707563,0.015982487760134972,0.019369797797407953,0.0,0.0,0.0,0.0,0.0,0.0,0.3838674887364146,0.35473296031558416,0.41427931609584173,0.6161325112635854,0.5857206839041582,0.6452670396844158,290.4419117331505,212.47677539145946,368.711887506783,0.014152566349857808,0.00805958441483449,0.020690051470588056,15.858185464628042,11.511337426053359,20.072383409967642,0.0,0.0,0.0
young_host_later_donor,adjacent,prefix,continuation,50,1,0.15433891186140117,0.08916748891814759,0.22479632303599387,0.003165857016647351,0.0018607126255346885,0.004591404961865009,0.021381766702979803,0.01920014073047787,0.02336739872675389,0.0,0.0,0.0,1.0977310386958327e-15,1.0977310386958327e-15,1.0977310386958327e-15,0.20618427083465163,0.1631045116669059,0.2537037675009233,0.7938157291653485,0.7462962324990766,0.8368954883330941,310.67510409832,231.62625995707512,388.5241639595032,0.013275041308079381,0.007788430132975918,0.019346253844891182,16.11518688613549,11.852595398781821,20.323334769991693,0.0,0.0,0.0
young_host_later_donor,adjacent,prefix,explanation,50,1,0.1602008496543007,0.09328297371037654,0.23271721005613868,0.0028287202175852144,0.00162373153957833,0.004116720103033912,0.016392124951817095,0.014805906333378516,0.017901119049522095,0.2297118401887291,0.15979689049160165,0.29963898222842195,0.2337974708454405,0.16212593721878144,0.30784159997111393,0.19118221327133703,0.1517331462963987,0.230548181837256,0.808817786728663,0.769451818162744,0.8482668537036011,286.1723430776596,210.24994458556176,363.6960103598833,0.011519444783043582,0.006600149947338651,0.016797652034674683,15.726987489014864,11.20275171246659,20.26276077559497,0.0,0.0,0.0
young_host_later_donor,adjacent,prefix,judgment,200,4,0.1777990794768732,0.14739287945907878,0.2079571221989125,0.0025909473243427785,0.0021170592751412302,0.0030646249056234753,0.011845526592805982,0.011053782846342073,0.012792403580329846,0.16748802923798148,0.12194382667022224,0.21308905436858522,0.14475472805877365,0.10768963944494321,0.1796928223493272,0.27442862550817787,0.25526187889682483,0.29328964145431596,0.7255713744918221,0.706710358545684,0.7447381211031753,306.70676669955253,261.7952146245688,350.0654600499272,0.010452006192226691,0.008522092901115684,0.012351328913635141,16.307776281801054,13.837906513066496,18.735134092165968,0.285,0.22,0.345
young_host_later_donor,adjacent,prefix,style_opening,50,1,0.19240727231265922,0.1085709989225733,0.28083398830443157,0.004730202023638413,0.0026413313869561536,0.0069907618288925725,0.019137478093616666,0.0169546506900806,0.02114966166566592,0.03637468687921956,0.0,0.08487426938484564,0.013665196165264782,-2.7313807199418824e-16,0.031885457718951515,0.26619803390210217,0.22650452341920937,0.30600139683407457,0.7338019660978979,0.6939986031659253,0.7734954765807904,298.3147396469116,223.26861742210386,373.77955162525177,0.022365262197563424,0.012285344204094144,0.03306047040296107,16.478676904514433,12.064718508890829,20.837622770329006,0.0,0.0,0.0
young_host_later_donor,adjacent,single_layer,advice,50,1,0.10220173194341291,0.050980439187363315,0.16123547834683646,0.0018192451045206325,0.0008463437021723621,0.0030129457012874356,0.017103649508208037,0.01579403219674714,0.018289954137755558,0.0,0.0,0.0,0.0,0.0,0.0,0.35619596372469303,0.32180234614104847,0.3929708879807622,0.643804036275307,0.6070291120192378,0.6781976538589515,100.04569037586451,66.74372362791746,136.37683591133356,0.0074919218958712005,0.0034779989287526403,0.012447393113415273,0.4383652532473207,0.31821004451625046,0.5603674866305663,0.0,0.0,0.0
young_host_later_donor,adjacent,single_layer,continuation,50,1,0.08658821435109149,0.043451868363492574,0.13930532387908529,0.0016946545887458343,0.0008478994210106521,0.0027744639170116437,0.022302971193566917,0.020572013334371152,0.023846889775944874,0.0,0.0,0.0,1.0977310386958327e-15,1.0977310386958327e-15,1.0977310386958327e-15,0.19488621370993545,0.14902036894518766,0.24654580717199623,0.8051137862900646,0.7534541928280037,0.8509796310548122,112.075624538064,76.07973274606466,150.96062738011778,0.007059859704531846,0.0034917303370366427,0.011648959784086399,0.06870196731761098,0.059163657676894216,0.07760738198272885,0.0,0.0,0.0
young_host_later_donor,adjacent,single_layer,explanation,50,1,0.09225881143920424,0.0444426851934022,0.14825694741856132,0.0015020765312146979,0.0007033209381793313,0.002511941724800181,0.017350642131641506,0.01603129201638512,0.018561322042951363,0.16998125986791066,0.10969475512692549,0.23995803166020466,0.16400463925125996,0.10311557413790712,0.23193411891587842,0.17651966281228798,0.1334561782541343,0.2217458352355553,0.8234803371877121,0.7782541647644446,0.8665438217458656,102.82257974386215,69.31999526643753,136.98981622886657,0.0061184804474032715,0.0028506419091008867,0.010254868695586993,0.07006876841187477,0.05981728069763631,0.08004547190573066,0.0,0.0,0.0
young_host_later_donor,adjacent,single_layer,judgment,200,4,0.09274428493158418,0.06959529487389407,0.11846250317480299,0.0012203099271118844,0.0008795527181881084,0.0015884362884573875,0.011195778092369437,0.010547293606970926,0.0119451348571165,0.05783676178337965,0.032756057975147246,0.08373190871700009,0.06865939230361555,0.044730524988820075,0.09301447149061877,0.25272248497071215,0.23137808020663553,0.27314695849658877,0.7472775150292879,0.7268530415034112,0.7686219197933644,109.2617931355536,91.28480508837849,128.95539009693266,0.00492931048889659,0.00354897693663861,0.0064451370794079135,0.09387751950416715,0.07643439513351769,0.11617567170446272,0.25,0.19,0.30512499999999987
young_host_later_donor,adjacent,single_layer,style_opening,50,1,0.11791774717315405,0.056471418621304344,0.18403935418343112,0.0024858862372275324,0.0011096460309809118,0.004072847396625548,0.020451549086719752,0.01869101073895581,0.022145993837853893,0.06797030462834677,0.016992576157086693,0.13594060925669357,0.03655789652304879,0.009139474130761993,0.07311579304609786,0.25900859419401623,0.22059804690560048,0.30066275194190994,0.740991405805984,0.69933724805809,0.7794019530943995,107.74994000256062,73.2739193946421,142.13381014561648,0.01142554088612087,0.004829972691826697,0.018909997114031286,0.13615071214735508,0.10782095922250301,0.16494088245369493,0.0,0.0,0.0
young_host_later_donor,adjacent,suffix,advice,50,1,0.3078235908195146,0.21258678039181866,0.4115171228534439,0.0069612680219916,0.004737754801812287,0.009429896771816288,0.014121715947985648,0.012120259499642998,0.016137440817663447,0.0,0.0,0.0,0.0,0.0,0.0,0.35692381474666585,0.3234255365338076,0.39207102289598367,0.6430761852533342,0.6079289771040164,0.6765744634661922,200.78787049263715,139.93851255775988,263.016873727724,0.02883099835982648,0.019595020114104727,0.039019010605795525,23.14409766316414,18.76800498136878,27.358993901103734,0.0,0.0,0.0
young_host_later_donor,adjacent,suffix,continuation,50,1,0.3070251538471566,0.21051620542819174,0.4106457474214573,0.0074204029239990634,0.005000918483387067,0.00999624467470312,0.017910877950489523,0.015135317105334252,0.0205732004630845,0.0,0.0,0.0,1.0977310386958327e-15,1.0977310386958327e-15,1.0977310386958327e-15,0.18630784212362092,0.15496035650142703,0.2182542592702453,0.8136921578763789,0.7817457407297547,0.845039643498573,200.43312487214803,139.3182050368339,262.31389693577586,0.031036705461665405,0.02093011065742394,0.041762981176198075,21.770452062487603,17.43931371074915,25.97898168694228,0.0,0.0,0.0
young_host_later_donor,adjacent,suffix,explanation,50,1,0.3099009482804934,0.21355736660586822,0.4152782206247667,0.006975994085587444,0.004707275267535352,0.009396172095148357,0.014016078291460872,0.011945568862371147,0.016018438453553243,0.08994056361688184,0.03997270196390261,0.13990842526986108,0.08485547398034794,0.037672913246838885,0.13203803471385706,0.214852447860667,0.17967476573641708,0.24954321228852147,0.7851475521393328,0.7504567877114786,0.8203252342635827,205.44164298683404,143.98953071945905,267.7139192958176,0.027130909593979596,0.01837628134030092,0.03666915063289343,22.09061387807131,18.28924655097723,25.644405950553715,0.04,0.0,0.1
young_host_later_donor,adjacent,suffix,judgment,200,4,0.27991167403801925,0.23019729286672433,0.32605121717159763,0.004759364426587353,0.0038325792744945205,0.005635032891733004,0.009224850080208853,0.008551178914582125,0.009972892878984566,0.08976450091515784,0.05584924691387184,0.12169901011896968,0.09363898695769432,0.0650102751220025,0.12056829395773593,0.25106409458336704,0.23169189014859734,0.2720510801060637,0.7489359054166329,0.7279489198939362,0.7683081098514026,204.67113230828195,174.24647162485218,239.0989319792008,0.018920351607384873,0.015188288860231752,0.022453914236993795,23.562190649434925,21.213200007097793,25.822284842612223,0.25,0.19,0.30512499999999987
young_host_later_donor,adjacent,suffix,style_opening,50,1,0.2978933031165254,0.2046623345811043,0.39796310743568036,0.006836001801134444,0.004627328760337036,0.009136793068969268,0.016938981218263507,0.014399312942288816,0.01934126359340735,0.1310729287260134,0.050977728471260086,0.2111681289807667,0.06853138430375727,0.02741842239228653,0.10967368956914694,0.26597420018357343,0.22821814600220022,0.3020529963167259,0.7340257998164266,0.6979470036832741,0.7717818539978,213.0327351923287,153.0805606864877,273.905427683413,0.030918120738660945,0.020905376176618574,0.041361450140758274,22.976823806464672,18.961494769982995,26.710904047384858,0.0,0.0,0.0
young_host_later_donor,name_only,none,advice,2,1,0.5821391857977828,0.5821391857977828,0.5821391857977828,0.2060168981552124,0.2060168981552124,0.2060168981552124,0.14787939190864563,0.14787939190864563,0.14787939190864563,0.48882074585490953,0.48882074585490953,0.48882074585490953,0.512423259750347,0.512423259750347,0.512423259750347,,,,,,,,,,,,,,,,0.0,0.0,0.0
young_host_later_donor,name_only,none,continuation,2,1,0.6930525159067727,0.6930525159067727,0.6930525159067727,0.07932296395301819,0.07932296395301819,0.07932296395301819,0.03513151407241821,0.03513151407241821,0.03513151407241821,0.5284764801787664,0.5284764801787664,0.5284764801787664,0.5351855629324332,0.5351855629324332,0.5351855629324332,,,,,,,,,,,,,,,,0.0,0.0,0.0
young_host_later_donor,name_only,none,explanation,2,1,0.42968966345060644,0.42968966345060644,0.42968966345060644,0.07137632369995117,0.07137632369995117,0.07137632369995117,0.09473501145839691,0.09473501145839691,0.09473501145839691,0.4998344590490021,0.4998344590490021,0.4998344590490021,0.5761791283768442,0.5761791283768442,0.5761791283768442,,,,,,,,,,,,,,,,0.0,0.0,0.0
young_host_later_donor,name_only,none,judgment,8,4,0.5319821224235219,0.4845706093100249,0.579393635537019,0.14993423409759998,0.1048901624046266,0.19756759516894817,0.13219233229756355,0.09073753654956818,0.17719438350759442,0.525507589168754,0.4822044359448796,0.5826240957205787,0.6118477618912102,0.5363318854131524,0.7088271336190249,,,,,,,,,,,,,,,,0.25,0.0,0.5
young_host_later_donor,name_only,none,style_opening,2,1,0.6717561884194616,0.6717561884194616,0.6717561884194616,0.13460218906402588,0.13460218906402588,0.13460218906402588,0.06577138602733612,0.06577138602733612,0.06577138602733612,0.5542892610495685,0.5542892610495685,0.5542892610495685,0.74331572199717,0.74331572199717,0.74331572199717,,,,,,,,,,,,,,,,0.0,0.0,0.0
young_host_later_donor,primary,prefix,advice,50,1,0.20823391040844563,0.1407944483959375,0.2791796974760454,0.03241720540609549,0.020137480145908854,0.046183767870675525,0.052946544662117956,0.04625519236735999,0.059943752123974264,0.1169667771674955,0.04328410146878404,0.19373446603434974,0.09171019691168869,0.03435285417054681,0.14927271123329164,0.5558295204604687,0.5118595999142598,0.6000947407859311,0.4441704795395313,0.39990525921406894,0.48814040008574033,1777.5776505255699,1207.028508433759,2368.9149025761485,0.14396922696372713,0.08842313602182049,0.20543691463491606,102.58771926093847,66.63426956732198,140.75207568449247,0.0,0.0,0.0
young_host_later_donor,primary,prefix,continuation,50,1,0.14477587909002845,0.10039536783347225,0.19594267629955942,0.01402597614498518,0.007169111252766924,0.021819676534105385,0.042209099866449835,0.039747280033305285,0.0449158335570246,0.0,0.0,0.0,1.7580416021598337e-15,1.7580416021598337e-15,1.7580416021598337e-15,0.41900900388569035,0.34539553839631065,0.4867407142278838,0.5809909961143096,0.5132592857721161,0.6546044616036892,1656.066146273613,1103.8896292808056,2224.422817972183,0.07210490246739937,0.033052117293285846,0.11929849898911561,97.79414508039132,63.8411366630774,133.7155441791569,0.0,0.0,0.0
young_host_later_donor,primary,prefix,explanation,50,1,0.19153123662691096,0.13309592177240903,0.25341704021264966,0.020313947253816876,0.012705234563718477,0.028562561030290454,0.04473901767283678,0.04120538781490177,0.04879165645875037,0.38852351780939215,0.3247317346129518,0.4460612174279973,0.3435139803578593,0.27804974723039483,0.40624342027395893,0.4164303362847548,0.343270305043327,0.48507459236714007,0.5835696637152453,0.5149254076328599,0.656729694956673,1763.5157405996322,1172.5514786398412,2372.3065765492915,0.08909167008736403,0.05261354728306469,0.13072983248487435,103.02365622594952,66.78934527471382,141.58031445717253,0.0,0.0,0.0
young_host_later_donor,primary,prefix,judgment,200,4,0.20061343310288518,0.17004451405468587,0.23240100240836378,0.029935037693021513,0.02416373925234751,0.03607894137064801,0.08293229654431343,0.07469863291061483,0.09198258000495843,0.3053512420145601,0.26559645822110733,0.34384640311283854,0.29779585477726433,0.2605614952125562,0.33496074428834743,0.4661072062904138,0.4326204647244907,0.4966854282134474,0.5338927937095863,0.5033145717865526,0.5673795352755093,1650.9359436118602,1362.1455267029853,1939.5289971090256,0.137879754602709,0.10823657079575583,0.16938370883987658,95.94583283927757,77.78703283314523,114.31965679346979,0.26,0.2,0.3151249999999999
young_host_later_donor,primary,prefix,style_opening,50,1,0.19973310157554253,0.13729670607284897,0.2636312857380601,0.014649330258835106,0.008728717472025891,0.021294600987079318,0.0395435693487525,0.03742463344335556,0.04159300033468753,0.32278035484847223,0.2119005675404072,0.4243177082575514,0.23075173945520064,0.15328603000163737,0.30582117255751506,0.4514390182910084,0.3766700927012746,0.5181727082189321,0.5485609817089916,0.48182729178106787,0.6233299072987254,1753.243353691101,1157.6430287714004,2370.8101205854414,0.08969011325098109,0.04960019006815128,0.13632723765481206,104.34016890890896,67.84673142462782,143.27448777358606,0.0,0.0,0.0
young_host_later_donor,primary,single_layer,advice,50,1,0.14559210296405192,0.08767030632164516,0.20698352221288302,0.016208380870307338,0.0076091085740197855,0.02685525138900425,0.041834121458232405,0.037090036671608685,0.04779675523098558,0.04482660805285543,0.0,0.10562375651271028,0.03445543996077734,0.0,0.08046441710196747,0.5261984340244179,0.4851264010798792,0.567240010822495,0.4738015659755821,0.43275998917750497,0.5148735989201207,638.4793909564614,380.69742039909954,910.3340479263588,0.07119745467445682,0.03257812184568161,0.11948881744850812,0.4383652532473207,0.31821004451625046,0.5603674866305663,0.0,0.0,0.0
young_host_later_donor,primary,single_layer,continuation,50,1,0.09296463247526315,0.0525555927722001,0.13822376566518443,0.007199845482155069,0.00285176684914677,0.012897184260588798,0.039023899324238304,0.03717021672986448,0.04095377138163894,0.0,0.0,0.0,1.7580416021598337e-15,1.7580416021598337e-15,1.7580416021598337e-15,0.4010072443834877,0.3349672044616286,0.4642747357268227,0.5989927556165123,0.5357252642731771,0.6650327955383714,578.3766181331873,340.36021536163986,835.5477418785393,0.03570261828521325,0.011710608659588615,0.06878965852374495,0.06870196731761098,0.059163657676894216,0.07760738198272885,0.0,0.0,0.0
young_host_later_donor,primary,single_layer,explanation,50,1,0.11797801297712607,0.06957694736862338,0.17065476167009744,0.009492730662677785,0.004434008020723923,0.015765367774781224,0.037908164747059346,0.03560132577829063,0.040663443408906465,0.31991044422047066,0.24993926131265534,0.37991074444528367,0.32452993653645523,0.2531935757424864,0.3877996264345099,0.39767470067253624,0.3330797889099095,0.45614330051617136,0.6023252993274637,0.5438566994838285,0.6669202110900905,620.9321737837791,367.284227876842,892.4824588196873,0.04249774529336719,0.01773500662821243,0.07486613121982007,0.07006876841187477,0.05981728069763631,0.08004547190573066,0.06,0.0,0.12
young_host_later_donor,primary,single_layer,judgment,200,4,0.1067566725839989,0.0815641740320383,0.13227697299560742,0.014472768287787404,0.010116426705476442,0.019161895056883906,0.0718968892749399,0.06526035420410335,0.07928797649103217,0.13435369995723945,0.10122413574963716,0.16656393630327138,0.1425325395390783,0.11088292936988368,0.17316498590198945,0.44880986380332344,0.4174202818423908,0.476443169816867,0.5511901361966766,0.523556830183133,0.5825797181576091,591.9674291981756,468.22885136666525,719.1823121451661,0.06783395769643903,0.045282077661644965,0.09192626435754368,0.09387751950416715,0.07643439513351769,0.11617567170446272,0.25,0.19,0.30512499999999987
young_host_later_donor,primary,single_layer,style_opening,50,1,0.12651999034198963,0.07373202454716542,0.1799938750519944,0.007343592009747226,0.003573193561866901,0.012101204179004524,0.037894644550979135,0.035717620790004734,0.03985724121332168,0.25266690473169584,0.15153008744384144,0.3627169837370907,0.14859722610910647,0.09112790380373226,0.21405558949890036,0.4278141180491037,0.3620683218737022,0.4898506840001443,0.5721858819508963,0.5101493159998557,0.6379316781262977,608.2455229264498,350.0013010121584,881.8876645038574,0.04103760638929089,0.017878533034854625,0.07224182876705888,0.13615071214735508,0.10782095922250301,0.16494088245369493,0.0,0.0,0.0
young_host_later_donor,primary,suffix,advice,50,1,0.21410528034976267,0.15080275698048556,0.28119240602852186,0.03615392011037784,0.023641531346386784,0.04992475766353322,0.05635845579206943,0.04913977983780205,0.06501146072149276,0.08452265208681344,0.030923454070139772,0.14430217380280924,0.08689275174461533,0.03246691041980968,0.14320453682015813,0.6554298513073431,0.6146860408082423,0.6965024261623567,0.34457014869265684,0.3034975738376433,0.3853139591917576,1318.677921666801,842.2467794378027,1800.0352970312238,0.1547364363777706,0.1015002782356712,0.21449092719447524,137.3532381927967,105.77127882096171,170.6463687810898,0.0,0.0,0.0
young_host_later_donor,primary,suffix,continuation,50,1,0.23883439653768476,0.16748857730937958,0.3162770972578363,0.04807518214278389,0.03063913170111391,0.0684484293844971,0.05825657457113266,0.047253220081329345,0.07108012843877076,0.0,0.0,0.0,1.7580416021598337e-15,1.7580416021598337e-15,1.7580416021598337e-15,0.521614364427522,0.4496486894365243,0.5887857214430663,0.4783856355724781,0.4112142785569337,0.5503513105634757,1259.4947619113327,807.6679280389696,1716.990139812581,0.24530124964905553,0.15744390135208594,0.34978180979839085,127.9324259775877,97.10675366577506,159.9955148790255,0.0,0.0,0.0
young_host_later_donor,primary,suffix,explanation,50,1,0.22861617958220823,0.15914014600709764,0.3037503141583699,0.026233947312157398,0.017142034329255696,0.036578994738200886,0.04195115003734827,0.0384271497130394,0.046109504451043906,0.36126811015475513,0.29376179452100476,0.4137688150174327,0.3733449899223343,0.302686314234377,0.43422287239840507,0.5305604626978302,0.457874367282241,0.5980283120289828,0.4694395373021698,0.4019716879710173,0.5421256327177589,1315.1505176129938,835.1931985250338,1801.720209494248,0.11717742448134232,0.07746122367351199,0.16140947239782324,135.42518138676883,102.33768281392008,169.69044348116964,0.0,0.0,0.0
young_host_later_donor,primary,suffix,judgment,200,4,0.24660951384384455,0.2026357098631486,0.2849184907331511,0.03560752104037419,0.02885365541387955,0.04203091844846625,0.06268822947517037,0.05915029868460261,0.0663183046542108,0.17191475606534276,0.13721806475189913,0.20590847925451045,0.1796152945438983,0.14592449182752926,0.21115397321557258,0.5499838019318168,0.5220161647979084,0.5776478999772161,0.45001619806818327,0.4223521000227839,0.4779838352020917,1244.267367948331,1031.5116257523177,1491.9342703545194,0.16011779706785093,0.12961121094974803,0.18911168948897442,129.4387416624278,113.69771127879433,144.99650881171414,0.245,0.185,0.3
young_host_later_donor,primary,suffix,style_opening,50,1,0.21601426888243203,0.1521144396745748,0.28236500036042034,0.024811219230687128,0.016864038699774028,0.03365206993567517,0.04847470387816429,0.04491733730584383,0.05255253374762833,0.43556129439411606,0.32721957132588947,0.5360367543668741,0.2436124373512184,0.17816324398342845,0.30395506735702765,0.5752244354451337,0.5043151318204178,0.6407655959002291,0.4247755645548664,0.359234404099771,0.4956848681795823,1335.8208506937326,851.4943610672914,1824.8000855577066,0.15421138350458932,0.10487434629878771,0.20841756972847722,138.15400184601546,105.88964511168749,172.05894319319725,0.0,0.0,0.0
young_host_later_donor,random_same_norm,prefix,advice,50,1,0.18025751466090545,0.13165318035729057,0.2328541924739563,0.013569121376499425,0.008512394349830003,0.019065502565101554,0.04268862690776586,0.03844128980860114,0.04755089411605149,0.2593364927808567,0.16033757677184585,0.35871764607356776,0.1860321806074837,0.11385638705869873,0.2552445472435344,0.45734465896506465,0.4111977539626391,0.5003560134119696,0.5426553410349353,0.4996439865880304,0.5888022460373609,1281.019412457943,809.1349465625286,1780.6335413276552,0.056433649572918514,0.03504884260385393,0.08013227252670913,74.46092436958105,47.71045250604023,103.11452739098945,0.0,0.0,0.0
young_host_later_donor,random_same_norm,prefix,continuation,50,1,0.15342867122385148,0.11216295112166341,0.19243187715920962,0.013226767740779905,0.007991063685497466,0.019070579072938014,0.047347826324403285,0.043333978195674715,0.051095311967656015,0.06134683476230446,0.023640608565579507,0.10433681564666593,0.04920468511232585,0.01801816233071487,0.0871010876343329,0.3322364302837119,0.274411533009209,0.3862316101022967,0.6677635697162881,0.6137683898977033,0.7255884669907909,1236.918930697441,802.6819649435282,1702.4762176947593,0.06039716604835121,0.03321226232234403,0.0922400490024629,71.19051349336281,45.91774605609849,98.05404767163097,0.02,0.0,0.06
young_host_later_donor,random_same_norm,prefix,explanation,50,1,0.1596626602298604,0.11971342198980367,0.19615925007124704,0.014732880038864096,0.009597321896496397,0.020047433971943064,0.04994867630302906,0.04523614192381501,0.05501009905897081,0.27435393559022225,0.2021890293431149,0.3432354455512362,0.23048639188684486,0.16832555703195912,0.2945562541402133,0.3498217344898336,0.2904368871151437,0.40178296110051315,0.6501782655101664,0.5982170388994869,0.7095631128848563,1297.5321343374253,822.6520866081715,1799.6350976680515,0.06008617649815278,0.039156758748053105,0.08164985240457827,74.67941347673535,47.54075869317446,103.69803184593934,0.0,0.0,0.0
young_host_later_donor,random_same_norm,prefix,judgment,200,4,0.13477564232431105,0.11632474917514664,0.15456502779688797,0.01675017207681776,0.013014825938829971,0.020653256426005896,0.07528440864756704,0.0698954456630163,0.08113817393407226,0.22639284729475,0.1912572731961185,0.2587544596572234,0.23042221100374927,0.19388435629004266,0.26449939073303746,0.39059422047410536,0.3630163841469641,0.4165344758793168,0.6094057795258946,0.5834655241206832,0.636983615853036,1240.9643137443065,1005.8670346822739,1468.4684763831945,0.07052715021456607,0.054228109670658345,0.08798894832721703,70.53927031543572,56.85479061714397,84.1468967649195,0.255,0.195,0.31
young_host_later_donor,random_same_norm,prefix,style_opening,50,1,0.14815176810416644,0.1100828190891881,0.1864675577752092,0.0140052357892273,0.008978392159056965,0.019149716222265852,0.05397210024297237,0.04969152076728642,0.0581937934551388,0.3190469586543515,0.21543466974294304,0.4280364397208669,0.19206326523785225,0.12915914595624634,0.25768229615537375,0.38049854848611403,0.32116603950608935,0.4330905115645058,0.6195014515138859,0.5669094884354942,0.6788339604939108,1301.8316488265991,825.0575253133775,1805.0381571645735,0.05898120990546886,0.0371413482947828,0.08219521321102365,75.70963358767331,48.477223088229074,105.06085650231223,0.0,0.0,0.0
young_host_later_donor,random_same_norm,single_layer,advice,50,1,0.10511088772200827,0.07037218454452636,0.13945186075810684,0.008596305116666371,0.004187281539598587,0.014026696240281352,0.04461024776101112,0.04090680554136634,0.04847113859839738,0.09671411925719006,0.039656462208970816,0.16597136516539657,0.0782897781998676,0.03025869056722317,0.13121882176257876,0.45476512044131673,0.4067757396303451,0.500624083526935,0.5452348795586832,0.49937591647306495,0.5932242603696548,594.0598806491494,347.1491369039267,855.1220338431671,0.03736082147448542,0.017283410807751125,0.06395248140866942,0.4383652532473207,0.31821004451625046,0.5603674866305663,0.0,0.0,0.0
young_host_later_donor,random_same_norm,single_layer,continuation,50,1,0.1106635140314671,0.0804770339383173,0.14121047959904307,0.011879837326923735,0.0055106530118291626,0.02040059381979881,0.05021969363093376,0.04190449455939233,0.061072862455621366,0.03759439928907726,0.0,0.08304349184048496,0.03393229037081522,1.7580416021598337e-15,0.07172771088906384,0.31803745713886733,0.26253629247682736,0.37500789232083637,0.6819625428611328,0.6249921076791636,0.7374637075231727,594.0786310726404,355.85226289291677,842.5585591964573,0.051033465604123196,0.022173946716960928,0.09132104492845247,0.06870196731761098,0.059163657676894216,0.07760738198272885,0.02,0.0,0.06
young_host_later_donor,random_same_norm,single_layer,explanation,50,1,0.10384473475994438,0.07193818814308038,0.13750926182919168,0.007949090642869123,0.004351964496301661,0.012213283072796002,0.043317389376461506,0.04013734881207347,0.046629311454482375,0.2869244446682235,0.22349550367523865,0.3502196726523742,0.28741547416339,0.2213110403649699,0.3543161104590598,0.3225935589301663,0.2623279487533336,0.3816400113368319,0.6774064410698337,0.618359988663168,0.7376720512466665,576.2216986250877,329.42366634058953,833.3346173170208,0.0334171405134839,0.0179671591651786,0.052283484689167374,0.07006876841187477,0.05981728069763631,0.08004547190573066,0.02,0.0,0.06
young_host_later_donor,random_same_norm,single_layer,judgment,200,4,0.09077973782095458,0.07651909993668168,0.10611903540034894,0.010613247249193592,0.007927120489020525,0.013647237626967523,0.07187681863084436,0.06694065364543349,0.07706275703944265,0.16267594003525634,0.12847038974741407,0.1943941223436184,0.16592314770958616,0.13349275504742403,0.19769071486353806,0.3602775288471209,0.3340829243815092,0.38805849318279245,0.6397224711528791,0.6119415068172076,0.6659170756184908,580.9861464489996,455.8832364404276,711.354576996412,0.044609848185737065,0.032665952127385475,0.058389301379848574,0.09387751950416715,0.07643439513351769,0.11617567170446272,0.265,0.205,0.325
young_host_later_donor,random_same_norm,single_layer,style_opening,50,1,0.09530136936174681,0.06611665571659167,0.12400900248456175,0.008237692416878417,0.0043333533603290555,0.012964028831454923,0.04956865131855011,0.045508075928315524,0.05440216224081814,0.16634038445209334,0.08558549677924297,0.2543474037371586,0.12696928185388728,0.07212224657146353,0.18607646320288768,0.3638094912589464,0.30518986480825944,0.41727632985843277,0.6361905087410537,0.5827236701415672,0.6948101351917405,586.9539877015352,340.18050028492513,846.2523677137493,0.0345975424797507,0.017568904160783858,0.0555914848686516,0.13615071214735508,0.10782095922250301,0.16494088245369493,0.0,0.0,0.0
young_host_later_donor,random_same_norm,suffix,advice,50,1,0.19814416251673098,0.1548171844696818,0.24075852429843503,0.028031943698010764,0.019841053162195123,0.03767684069278886,0.06857051759958267,0.05863094422314316,0.07991321936529129,0.2616883760758761,0.17983410020690965,0.33108324663771327,0.25032006575182497,0.1786377960951265,0.31694488861454906,0.461943823298715,0.4191322457942966,0.5092499834955837,0.538056176701285,0.4907500165044161,0.5808677542057034,967.308789395988,580.9952480594815,1360.3010305466053,0.1287307759262876,0.08991103537555704,0.17438829142985582,108.70394784092903,80.9761740243733,139.0646257009506,0.0,0.0,0.0
young_host_later_donor,random_same_norm,suffix,continuation,50,1,0.22193470680438435,0.17340089624395183,0.26881172228332767,0.040065330025172444,0.025065387437743992,0.055761256562575905,0.0765236933529377,0.05853988151438534,0.09663796914927661,0.08440142940532577,0.036814345482498845,0.1355881893774525,0.043413630315741046,0.015914903777339496,0.0761995199683989,0.3428561253242679,0.28597066996306314,0.40431216761439,0.657143874675732,0.59568783238561,0.7140293300369367,927.3289197978378,557.588225847371,1299.65363336502,0.17585864681197563,0.10945970318852778,0.24558853612781967,104.11003587901592,77.17386380440742,133.59457699912042,0.02,0.0,0.06
young_host_later_donor,random_same_norm,suffix,explanation,50,1,0.1886082055726347,0.14537024824741077,0.23227812636029485,0.020559979447934893,0.014100357687897486,0.027375082140011723,0.05443468801677227,0.048915614953264595,0.06060685296356678,0.3511044712444537,0.2811192464211116,0.4123299946361052,0.3400021002085676,0.2722530807677842,0.4008761663563025,0.38776373481281134,0.33009114223489117,0.44579222526819423,0.6122362651871887,0.5542077747318058,0.6699088577651088,962.1856537976861,573.8400062784701,1360.8567970812169,0.08952810950373533,0.06082433064814177,0.12209479877478588,109.21243526250124,80.97235377112031,140.41268077171594,0.0,0.0,0.0
young_host_later_donor,random_same_norm,suffix,judgment,200,4,0.17872459888587822,0.15463292114198143,0.20127878505159505,0.025770267252728445,0.02139338047409541,0.030044392781114194,0.0790579317882657,0.07406558894179761,0.08383987644035369,0.20260161866406123,0.1716148971451397,0.2331449921102587,0.2092697787364066,0.1749012628449217,0.2425454574603116,0.4101641492240812,0.3819090379606103,0.43826843350793504,0.5898358507759187,0.561731566492065,0.6180909620393896,914.1545985687152,747.6925044889106,1112.3958604855675,0.11193536023967682,0.09244106988386443,0.13069813720296405,103.3191339801997,88.76968197519518,118.18224520558304,0.275,0.214875,0.34
young_host_later_donor,random_same_norm,suffix,style_opening,50,1,0.21046364038619048,0.1619816599626846,0.2563384654927735,0.02958391767810099,0.020149911363070715,0.04034158948849654,0.0635982958227396,0.056003825148567554,0.07214701143465936,0.32750145455086405,0.2274222700024613,0.43627705388051774,0.2277794568032955,0.16219019083336694,0.29754575353550206,0.42496265127188204,0.36822306363364404,0.4815342913965834,0.575037348728118,0.5184657086034166,0.631776936366356,974.0185011072457,581.5111237992719,1374.5850495919656,0.13300515229057056,0.08836843215429689,0.18388774896293034,110.43402904480696,82.61489793968201,141.2195506413877,0.0,0.0,0.0
young_host_later_donor,shuffled_prompt,prefix,advice,50,1,0.33917521743655704,0.2760384575048436,0.3929742307016487,0.1263637814234289,0.08656442758503209,0.1679670188575395,0.12185135792940854,0.09081694177631289,0.1553108306992799,0.3364074686053985,0.2468797612291013,0.4213110280931162,0.2851378325564319,0.20690373150497762,0.35839088188801915,0.4667903174081661,0.4056989733129137,0.5295489795004189,0.5332096825918339,0.4704510204995811,0.5943010266870863,2073.852983624935,1453.0496439202427,2708.669631438434,0.6694510604533389,0.44720158926913584,0.9106721383412403,115.52023333240301,77.00751863339543,155.51457241546643,0.0,0.0,0.0
young_host_later_donor,shuffled_prompt,prefix,continuation,50,1,0.31621224629410305,0.25755301683879056,0.367540756940802,0.08024663424344908,0.05784604376955212,0.10461466641748302,0.0910337246209383,0.07603357447870077,0.10653540398925543,0.05320051188356862,0.017186794027331663,0.09428604095506578,0.03969277485598965,0.012723191286325736,0.07674393892140446,0.345555728178357,0.2712552531807527,0.4169060958369601,0.654444271821643,0.5830939041630399,0.7287447468192473,1774.8902711820601,1273.3761916823387,2291.19069361794,0.5375879513830296,0.36537861471122235,0.7263005934504254,99.2964438980259,68.82912994197105,130.92443695348734,0.0,0.0,0.0
young_host_later_donor,shuffled_prompt,prefix,explanation,50,1,0.34855333722903903,0.29176748181946655,0.3994160841679152,0.07967480177358084,0.06023863954764238,0.09902606870643012,0.09387730114161968,0.0801641535218805,0.10746023531444371,0.399963180214505,0.33997696951198325,0.44997515059437126,0.4519310351658025,0.3842715170852729,0.5112731862113776,0.3727354002471831,0.29974891344431565,0.443302858491301,0.6272645997528169,0.556697141508699,0.7002510865556845,1926.3770992422103,1341.3412439594267,2525.2227180663344,0.38878116636100457,0.28140145948100687,0.4982914205971901,107.60056097581983,71.54946031593158,144.60963814988827,0.16,0.08,0.26
young_host_later_donor,shuffled_prompt,prefix,judgment,200,4,0.2228912761618451,0.19930442631628797,0.24613200875453314,0.049576083264792035,0.04075395981098342,0.05767497699391913,0.11430580787360668,0.10352537206280978,0.12458950713230298,0.39658518208515303,0.35645617040681304,0.4319058341013926,0.3775261311754343,0.3432096038824981,0.40833180779756845,0.4540731741589184,0.4183925111326262,0.4867816952691664,0.5459268258410817,0.5132183047308335,0.5816074888673738,1749.0064782035352,1456.3957110632955,2030.8000140404401,0.23351972431331888,0.18673708418019147,0.2777433195980211,99.41875859167892,81.03019768284553,117.86964945645352,0.345,0.28,0.415
young_host_later_donor,shuffled_prompt,prefix,style_opening,50,1,0.334681155016347,0.2765208688775256,0.3871101725847547,0.04329756829189137,0.03357029781932943,0.05315211730528972,0.06479115065187216,0.05776356379874051,0.07144916018843651,0.5130625824064478,0.4330646073116777,0.5850619369965321,0.40921104210309767,0.33760558030461096,0.4785139178130132,0.4449389307478339,0.3777416198976386,0.5041877028738557,0.555061069252166,0.4958122971261443,0.6222583801023615,1860.326840171814,1321.63473853302,2416.6812523059843,0.25250176873698366,0.1851435442791335,0.321989937912811,103.9590958917886,70.53337344843895,138.3945657282686,0.0,0.0,0.0
young_host_later_donor,shuffled_prompt,single_layer,advice,50,1,0.18427735495755573,0.12506114537356075,0.2465553337155576,0.054356480787250805,0.02695602490477836,0.08389479319191365,0.07151892520487309,0.05191114409826696,0.09407796818669885,0.11553336739529624,0.050561919791031966,0.19017050382108222,0.09593387312702656,0.042238669567705944,0.15935747304541645,0.49468186874083764,0.444145935100062,0.5405634680736869,0.5053181312591624,0.4594365319263131,0.555854064899938,780.6947775760293,495.61847018954904,1074.4897043314575,0.2767493799028125,0.12483047899221925,0.4505062095804671,0.4383652532473207,0.31821004451625046,0.5603674866305663,0.0,0.0,0.0
young_host_later_donor,shuffled_prompt,single_layer,continuation,50,1,0.1831828821384686,0.12358918616216133,0.24313105773699548,0.03553586109495882,0.01937300353679757,0.052677475723969566,0.057517109513282774,0.047057342518121,0.06973273379355668,0.010084265965461685,0.0,0.030252797896385054,0.009113310793583695,1.7580416021598337e-15,0.027339932380747563,0.34277805125208366,0.2791913410354495,0.4069498118928673,0.6572219487479163,0.5930501881071327,0.7208086589645506,626.9590458828211,409.98853201010826,863.057164490655,0.2212347644109832,0.10809135812224849,0.3499429234741346,0.06870196731761098,0.059163657676894216,0.07760738198272885,0.0,0.0,0.0
young_host_later_donor,shuffled_prompt,single_layer,explanation,50,1,0.17939994269105117,0.12398181568053517,0.24133097859549732,0.02964758900568995,0.014957109409514486,0.047581261302752864,0.05164622839540243,0.041335043210536236,0.06434099369868636,0.3998890178906464,0.33991342493557,0.4498961189600522,0.4162940963857066,0.3537128511709714,0.46967932745247726,0.3642801448808289,0.30007052467700546,0.42602263898758935,0.6357198551191712,0.5739773610124106,0.6999294753229945,685.70034791708,426.82590750414136,958.4052927201985,0.14657359609816922,0.06545627875018545,0.2411614887676223,0.07006876841187477,0.05981728069763631,0.08004547190573066,0.04,0.0,0.1
young_host_later_donor,shuffled_prompt,single_layer,judgment,200,4,0.10978160072410899,0.08766839076117054,0.13250762321408022,0.022325932450794426,0.016276936750086405,0.028570632185194934,0.08700588780455291,0.07902716301498004,0.09521891703805886,0.14053159954803363,0.10716648213751,0.17519562449664022,0.13645452942343458,0.10675584709336837,0.16615653757195573,0.4375388499545704,0.40727871334860843,0.4653434577796985,0.5624611500454297,0.5346565422203016,0.5927212866513916,638.5163861836493,518.5483722909503,767.255940007627,0.10594891704984548,0.07473570978341991,0.13998035752634724,0.09387751950416715,0.07643439513351769,0.11617567170446272,0.255,0.195,0.31
young_host_later_donor,shuffled_prompt,single_layer,style_opening,50,1,0.18935783849654142,0.12983473109471777,0.2516365261924551,0.016764918666776794,0.00983623172758871,0.024829097898254073,0.042772899754345416,0.03909424380771816,0.047193848764523864,0.42305360972812606,0.32157418268397014,0.5324265794480785,0.24097430342616213,0.1798533216890798,0.3096662977054697,0.4401488819613336,0.37811558979902254,0.4940022253455372,0.5598511180386664,0.5059977746544628,0.6218844102009774,705.3036031800508,454.83150380538405,959.7087102036623,0.10222274401341565,0.05665587849032454,0.15728652188872363,0.13615071214735508,0.10782095922250301,0.16494088245369493,0.0,0.0,0.0
young_host_later_donor,shuffled_prompt,suffix,advice,50,1,0.22986762556870954,0.16535556489953923,0.29870925062086023,0.13484070683568006,0.09038861299399935,0.18431369096552877,0.13467589899897575,0.10194931192323566,0.1727371162455529,0.24729824015824683,0.15436505818245683,0.33888849830432144,0.1922008484909813,0.12077637840495424,0.26197063434900164,0.5142843668167022,0.4505113755588236,0.5796026676170221,0.4857156331832978,0.4203973323829779,0.5494886244411764,1437.9253752419352,925.9969367925376,1963.368596057117,0.9049812592128547,0.5900815295524235,1.247514516064598,146.86277135014535,113.43340638741851,182.19405097398163,0.0,0.0,0.0
young_host_later_donor,shuffled_prompt,suffix,continuation,50,1,0.2511052648490521,0.1826989533019499,0.324965376344333,0.08122431227204288,0.05527750286705259,0.10988832788325043,0.08044359743595124,0.06680451377108693,0.09593477041646838,0.020114641794680383,0.0,0.05028660448670095,0.015735735601220716,1.7580416021598337e-15,0.039339339003049145,0.45426983569895973,0.3824986144898728,0.5261883904279188,0.5457301643010403,0.47381160957208124,0.6175013855101272,1259.9503411540388,836.9570164133906,1691.85199486015,0.7566290933434356,0.49922363353314175,1.0395195202778305,130.05079717814922,102.44639148294925,159.0809506940469,0.0,0.0,0.0
young_host_later_donor,shuffled_prompt,suffix,explanation,50,1,0.24280091358225536,0.17579407224230592,0.31567115533318535,0.05873202093571308,0.040215025946678,0.07903644884830736,0.06620345704257488,0.05686891294829547,0.07669900234602392,0.3999828703055406,0.33998874027533765,0.44997473802353055,0.4199830386762018,0.35628964150755776,0.4719343156045817,0.4431068041217329,0.36905449691691233,0.5176525448586534,0.5568931958782671,0.48234745514134664,0.6309455030830877,1356.9425115552544,870.7150943004489,1853.4670673229546,0.33749582064920103,0.22889663810811178,0.4555886064167715,139.07672305852174,107.35598850261421,172.65034162441643,0.0,0.0,0.0
young_host_later_donor,shuffled_prompt,suffix,judgment,200,4,0.18824803988449218,0.15761702949065634,0.21736234966229892,0.06168513866633475,0.04910775729095076,0.07367499970829267,0.11975685430690647,0.10638798734173179,0.13273030162602664,0.21057594884689432,0.17057147151454194,0.2471846425568423,0.20854232049193905,0.1717321264957612,0.24280672443200832,0.5167473300968743,0.4838854355420009,0.5504484472586402,0.4832526699031257,0.44955155274135983,0.516114564457999,1277.0515357101335,1062.7553920258106,1526.6979835635618,0.3020480664872048,0.2377808311982542,0.3653791930634929,132.34107699625193,116.52900614252314,148.02690034976416,0.26,0.2,0.315
young_host_later_donor,shuffled_prompt,suffix,style_opening,50,1,0.2124373299110589,0.1564447062801268,0.27289661749986865,0.061154124270215104,0.041755806423707326,0.083220358679534,0.09176775231957436,0.07506778689473867,0.11079155929759144,0.46717423853035145,0.36700919310314234,0.5590900540890547,0.29197955059035796,0.22539697006568968,0.3587198155194836,0.5272431057309425,0.4585521499773194,0.5920973543377535,0.4727568942690576,0.40790264566224654,0.5414478500226806,1322.9952797861397,865.4355736615098,1788.9356210717483,0.37166234245960367,0.2526451012218604,0.5022648843533388,138.44963859528303,107.9122690756321,170.1166744013652,0.0,0.0,0.0
young_host_later_donor,very_early,prefix,advice,50,1,0.3000265702299215,0.23075311923516284,0.3604293105896152,0.08486396205204529,0.054758088892633734,0.11634308757993408,0.11248060837388038,0.09083040324971081,0.13569631195999682,0.30764314495906364,0.23508781209338603,0.37238483326289856,0.2167180761268329,0.1548001592960493,0.27884755913438297,0.5782723531079036,0.5053211531732994,0.6473863854031647,0.4217276468920964,0.3526136145968351,0.4946788468267006,6044.9042803168295,3757.783130962193,8348.382205438493,0.47951322815837555,0.28003028812823844,0.7009849303869178,365.6397248618677,221.67073251632414,511.0271687337719,0.0,0.0,0.0
young_host_later_donor,very_early,prefix,continuation,50,1,0.301029283680737,0.23658461148143087,0.35776448038583875,0.06189797349732544,0.043138484271998095,0.08188190722645959,0.08877013117074967,0.07501473805122078,0.10330890849046409,0.16426571617446104,0.10555567019115657,0.2214538497539987,0.15298406473118764,0.09362959010319792,0.20961787618302996,0.49070328866143037,0.39733488551415846,0.581797192835643,0.5092967113385697,0.418202807164357,0.6026651144858415,6192.156548037529,3981.871156360388,8452.734261373282,0.3111822261087946,0.20680405790775694,0.42257378129954665,364.0572598331608,223.9701740371799,505.47863284890815,0.18,0.08,0.28
young_host_later_donor,very_early,prefix,explanation,50,1,0.3419954958656751,0.2761347135651322,0.4008002729585496,0.15837880503684573,0.11654252619824639,0.1980656516416202,0.1911253935843706,0.16381500114686787,0.21796981167607007,0.45449587467527125,0.3753698729376169,0.5175381886549397,0.3991223341530857,0.33174535925637916,0.4521720228847638,0.6096967590934744,0.5136144583151885,0.7015654911541084,0.3903032409065256,0.2984345088458917,0.4863855416848115,7157.213814940453,4990.338879890562,9378.042761528612,0.7993425625053351,0.5870715695094295,1.0026740451482001,405.9926543004811,268.42808925109915,546.2162728398796,0.06,0.0,0.14
young_host_later_donor,very_early,prefix,judgment,200,4,0.348930269069778,0.3161612649243134,0.3777877227535115,0.08569788462856195,0.0723823033279615,0.0994784038792353,0.1025486575718969,0.09189602400944567,0.11435182605171576,0.28931639514860996,0.25951830427668926,0.31888459262455343,0.3215284923147278,0.2897571882089866,0.35249094980317464,0.5172771941222105,0.472474332260143,0.5606420553230295,0.48272280587778965,0.4393579446769706,0.527525667739857,6003.096987160444,4783.37402553168,7189.418564364761,0.4953061160251127,0.40405362009877993,0.5943275740046388,361.1724164607795,287.4791599873154,435.3254738568242,0.285,0.22,0.35
young_host_later_donor,very_early,prefix,style_opening,50,1,0.3116973026042602,0.24878669709755546,0.37226896985296676,0.17097860144043808,0.12646805470815162,0.21168650247315235,0.2074529056251049,0.17347118105366827,0.23954861117526885,0.46810913614188693,0.39105369904189125,0.5391226206014149,0.43018449153141936,0.3581037893637147,0.4951194603265231,0.6360795919034065,0.5441697081309952,0.7220763426465315,0.3639204080965935,0.2779236573534686,0.45583029186900487,7281.35275478363,5072.564190103531,9483.723046072959,0.9074990389187587,0.6622546497876901,1.1406415960417942,408.7062869537622,271.1570879316693,549.0998153740856,0.1,0.02,0.2
young_host_later_donor,very_early,single_layer,advice,50,1,0.1521848500607991,0.10015221449833352,0.205580344843491,0.02114669627830608,0.011764526012437045,0.03215188221955372,0.073600068166852,0.06721910315938294,0.08061822860315443,0.145996666778808,0.08555856349234263,0.21541307290293943,0.09737000176135742,0.05193897257428357,0.14862849531892883,0.5688546487951693,0.5015955653298894,0.6368673308090683,0.4311453512048306,0.36313266919093173,0.49840443467011064,2034.396417361796,1073.727554780297,3012.058966471984,0.09750998866211376,0.0505246632414212,0.15245608559247556,0.4383652532473207,0.31821004451625046,0.5603674866305663,0.0,0.0,0.0
young_host_later_donor,very_early,single_layer,continuation,50,1,0.15342601674221615,0.10347353336358199,0.20313926523951711,0.021075122980910237,0.011675059592752406,0.03153021683422593,0.0681809851527214,0.06205959268845618,0.07514834156259893,0.038798657923114835,0.011067533736048274,0.0698811719705176,0.04539686283385918,0.012780340475805601,0.0841252745689775,0.49258376935434756,0.4066314971978515,0.5826048696897189,0.5074162306456524,0.41739513031028114,0.5933685028021486,2138.970986648202,1194.806824242145,3179.6998209666162,0.09643423910776619,0.05164506019567489,0.147959686779257,0.06870196731761098,0.059163657676894216,0.07760738198272885,0.02,0.0,0.06
young_host_later_donor,very_early,single_layer,explanation,50,1,0.20227645245461756,0.14111388914721773,0.2622928905836281,0.07270606574958947,0.045360086772195246,0.10331929121938718,0.1468581448495388,0.13380206521600485,0.16220689549669623,0.47984663412270107,0.40166007499782524,0.5508701323921058,0.3940777783111746,0.33057046123945183,0.4444507803991359,0.5393005752335194,0.44868265998610146,0.623088285460028,0.4606994247664807,0.376911714539972,0.5513173400138985,2572.1008034682272,1631.5629262276886,3493.9723780588506,0.3524393928583595,0.21927036546597445,0.5036014399299202,0.07006876841187477,0.05981728069763631,0.08004547190573066,0.2,0.1,0.32
young_host_later_donor,very_early,single_layer,judgment,200,4,0.18804086457577163,0.16042010614596816,0.21423292929352805,0.027806166351720094,0.021751072612670952,0.03413044832393512,0.07263777452521027,0.06580479050101712,0.08009292365564033,0.1536411593062645,0.12985567825149846,0.18031998421324755,0.18830153915276804,0.15773644357150296,0.21986282579646732,0.5040305752016727,0.4616341634828602,0.5448741722956008,0.49596942479832734,0.4551258277043993,0.5383658365171398,2030.7697399510444,1556.2904102953412,2540.8719812583436,0.13758270870794148,0.10344489838344861,0.1761092522515794,0.09387751950416715,0.07643439513351769,0.11617567170446272,0.27,0.209875,0.335
young_host_later_donor,very_early,single_layer,style_opening,50,1,0.20352533946065837,0.14247987675150867,0.2613157761796458,0.07675502622543717,0.04778968078464095,0.10865175756712778,0.13229889094829558,0.11426229082420468,0.15301167234033347,0.3308361705533779,0.2527338770044607,0.40536432340423884,0.2861588569749708,0.21248055115382605,0.354995132778035,0.5849810172701068,0.500864903354265,0.6616342304006737,0.41501898272989324,0.33836576959932624,0.49913509664573497,2639.0703294068576,1659.4417892684937,3617.7928424635825,0.40487719950906464,0.2435722667650407,0.5815979243357069,0.13615071214735508,0.10782095922250301,0.16494088245369493,0.02,0.0,0.06
young_host_later_donor,very_early,suffix,advice,50,1,0.35308819828475146,0.2882535795915115,0.4149417393247593,0.11089482179319475,0.08552139312313926,0.1388207318771536,0.12412209108471871,0.10713252762332559,0.14278354413434863,0.27326620690223524,0.19976767252044705,0.34749489036898273,0.1859283064181484,0.12678013945369826,0.24654402899891886,0.671189302766335,0.6074609514652348,0.7360231431055773,0.32881069723366496,0.26397685689442263,0.3925390485347651,4392.975518903434,2609.2142572988346,6291.451053588508,0.5531781403393506,0.4098007024355452,0.7202877037509896,373.16673115849494,255.7984042019248,496.29538757926224,0.0,0.0,0.0
young_host_later_donor,very_early,suffix,continuation,50,1,0.35599150922947087,0.2901005533962346,0.4146330975034996,0.10817120869916835,0.08333370786470277,0.13357888696206735,0.11899729147553444,0.10224587722867727,0.13681157358922066,0.20026435408612164,0.1268378374020048,0.26882589512211313,0.17831956935913593,0.11166223606597388,0.24137548606019782,0.6159649400410445,0.524799540008993,0.6976912458998312,0.38403505995895537,0.3023087541001686,0.4752004599910071,4295.931008344591,2556.2380687858986,6137.434070480107,0.5054507551461574,0.3836909220619309,0.6336083696897622,317.5315021342039,222.46579447364806,417.02028050898014,0.16,0.07950000000000003,0.26
young_host_later_donor,very_early,suffix,explanation,50,1,0.34290375023702685,0.2767365527477962,0.4040380517908001,0.1933242500921915,0.14669800630208374,0.24329430853082248,0.21868015170097352,0.189836833499372,0.25112364502996204,0.4802172026620141,0.39678399452812263,0.5598274536876187,0.40148690803714865,0.3388024728580708,0.45773013870727997,0.734411903357018,0.6362050704496736,0.8152130405942153,0.26558809664298194,0.18478695940578474,0.36379492955032644,5036.694524494707,3288.894832503267,6853.679737977117,1.1452660510971326,0.8521072249915488,1.4616674045115978,520.27945430547,419.32004180648175,620.0043356544747,0.2,0.1,0.32
young_host_later_donor,very_early,suffix,judgment,200,4,0.3652352140083676,0.331258374810157,0.3989438812822351,0.12007265662740792,0.1036743827757274,0.1359118709064076,0.12489635021425784,0.1144693948070053,0.1351817414748948,0.23308816745211774,0.20452096119456833,0.26424288845412675,0.25572145532627677,0.2224688860303997,0.28981489255503046,0.6191016846121906,0.5779546379190182,0.657738467042946,0.3808983153878095,0.342261532957054,0.42204536208098176,4321.11234935645,3472.100700600104,5285.2120419695675,0.5946739811192129,0.5078702837153372,0.6813848676440499,358.6746644138545,300.9707219364904,416.1905769048966,0.32,0.255,0.38
young_host_later_donor,very_early,suffix,style_opening,50,1,0.31819808075276923,0.25720755559039554,0.37694624577988256,0.17376580262731295,0.13226364312444638,0.21675659880306922,0.2171483641862869,0.1815135488063097,0.25370273771137,0.4129025682680564,0.3353811801116388,0.488502072564298,0.3494949427455874,0.2824679355065611,0.4200865690000016,0.7527833015300776,0.656569364095722,0.8324956390109092,0.2472166984699225,0.16750436098909072,0.3434306359042778,5006.116096856147,3277.7791527336835,6826.539713891491,0.9384644321841188,0.6945296521002166,1.1820725953047584,451.326664352119,371.26588810708375,529.3082535272017,0.24,0.14,0.36
