seed,model_id,model_family,model_size_label,identity_frame,other_frame,other_target_description,prompt_id,prompt_family,prompt,self_accuracy_mean,other_accuracy_mean,gap_direction_accuracy_mean,valid_choice_rate,predicted_gap_rate,actual_gap_rate,informative_gap_count,discriminative_win,feature_results_json,self_actual_features_json,other_actual_features_json,self_actual_text,other_actual_text
11,EleutherAI/pythia-1b,pythia,1b,baseline_helpful,same_weights_other_chat,the exact same model weights answering the same question in a different chat with no access to this conversation,med_01,triage,"A research tool rollout confused users, and the support inbox is filling with contradictory complaints. What should the team do in the next twenty-four hours?",0.5,0.25,1.0,1.0,0.0,0.25,1,0.0,"{""ELABORATE"": {""feature_name"": ""ELABORATE"", ""feature_key"": ""avg_sentence_length"", ""self_selected_label"": ""NO"", ""self_valid_choice"": 1.0, ""self_correct"": 0.0, ""self_actual_present"": 1.0, ""self_selected_prob"": 0.6584175229072571, ""self_actual_feature_value"": 23.333333333333332, ""other_selected_label"": ""NO"", ""other_valid_choice"": 1.0, ""other_correct"": 0.0, ""other_actual_present"": 1.0, ""other_selected_prob"": 0.6297746300697327, ""other_actual_feature_value"": 11.833333333333334, ""actual_gap"": 0.0, ""predicted_gap"": 0.0, ""actual_gap_label"": ""TIE"", ""predicted_gap_label"": ""TIE"", ""gap_correct"": NaN, ""self_completion_text"": """", ""other_completion_text"": """", ""self_details"": {""raw_logit_scores"": {""YES"": 11.0078125, ""NO"": 9.5703125}, ""label_bias_scores"": {""YES"": 11.3125, ""NO"": 9.21875}, ""corrected_scores"": {""YES"": -0.3046875, ""NO"": 0.3515625}, ""scoring_mode"": ""bias_corrected_choice_logits"", ""selected_short_label"": ""NO""}, ""other_details"": {""raw_logit_scores"": {""YES"": 11.1484375, ""NO"": 9.5859375}, ""label_bias_scores"": {""YES"": 11.3125, ""NO"": 9.21875}, ""corrected_scores"": {""YES"": -0.1640625, ""NO"": 0.3671875}, ""scoring_mode"": ""bias_corrected_choice_logits"", ""selected_short_label"": ""NO""}}, ""HEDGE"": {""feature_name"": ""HEDGE"", ""feature_key"": ""hedge_density"", ""self_selected_label"": ""NO"", ""self_valid_choice"": 1.0, ""self_correct"": 1.0, ""self_actual_present"": 0.0, ""self_selected_prob"": 0.7217432260513306, ""self_actual_feature_value"": 0.0, ""other_selected_label"": ""NO"", ""other_valid_choice"": 1.0, ""other_correct"": 1.0, ""other_actual_present"": 0.0, ""other_selected_prob"": 0.709019124507904, ""other_actual_feature_value"": 0.014084507042253521, ""actual_gap"": 0.0, ""predicted_gap"": 0.0, ""actual_gap_label"": ""TIE"", ""predicted_gap_label"": ""TIE"", ""gap_correct"": NaN, ""self_completion_text"": """", ""other_completion_text"": """", ""self_details"": {""raw_logit_scores"": {""YES"": 10.8046875, ""NO"": 9.6640625}, ""label_bias_scores"": {""YES"": 11.3125, ""NO"": 9.21875}, ""corrected_scores"": {""YES"": -0.5078125, ""NO"": 0.4453125}, ""scoring_mode"": ""bias_corrected_choice_logits"", ""selected_short_label"": ""NO""}, ""other_details"": {""raw_logit_scores"": {""YES"": 10.875, ""NO"": 9.671875}, ""label_bias_scores"": {""YES"": 11.3125, ""NO"": 9.21875}, ""corrected_scores"": {""YES"": -0.4375, ""NO"": 0.453125}, ""scoring_mode"": ""bias_corrected_choice_logits"", ""selected_short_label"": ""NO""}}, ""FIRST_PERSON"": {""feature_name"": ""FIRST_PERSON"", ""feature_key"": ""first_person_rate"", ""self_selected_label"": ""NO"", ""self_valid_choice"": 1.0, ""self_correct"": 1.0, ""self_actual_present"": 0.0, ""self_selected_prob"": 0.6926419734954834, ""self_actual_feature_value"": 0.0, ""other_selected_label"": ""NO"", ""other_valid_choice"": 1.0, ""other_correct"": 0.0, ""other_actual_present"": 1.0, ""other_selected_prob"": 0.6808785796165466, ""other_actual_feature_value"": 0.028169014084507043, ""actual_gap"": 1.0, ""predicted_gap"": 0.0, ""actual_gap_label"": ""OTHER"", ""predicted_gap_label"": ""OTHER"", ""gap_correct"": 1.0, ""self_completion_text"": """", ""other_completion_text"": """", ""self_details"": {""raw_logit_scores"": {""YES"": 10.9375, ""NO"": 9.65625}, ""label_bias_scores"": {""YES"": 11.3125, ""NO"": 9.21875}, ""corrected_scores"": {""YES"": -0.375, ""NO"": 0.4375}, ""scoring_mode"": ""bias_corrected_choice_logits"", ""selected_short_label"": ""NO""}, ""other_details"": {""raw_logit_scores"": {""YES"": 10.953125, ""NO"": 9.6171875}, ""label_bias_scores"": {""YES"": 11.3125, ""NO"": 9.21875}, ""corrected_scores"": {""YES"": -0.359375, ""NO"": 0.3984375}, ""scoring_mode"": ""bias_corrected_choice_logits"", ""selected_short_label"": ""NO""}}, ""DIRECTIVE"": {""feature_name"": ""DIRECTIVE"", ""feature_key"": ""directive_rate"", ""self_selected_label"": ""NO"", ""self_valid_choice"": 1.0, ""self_correct"": 0.0, ""self_actual_present"": 1.0, ""self_selected_prob"": 0.6959583163261414, ""self_actual_feature_value"": 0.04285714285714286, ""other_selected_label"": ""NO"", ""other_valid_choice"": 1.0, ""other_correct"": 0.0, ""other_actual_present"": 1.0, ""other_selected_prob"": 0.6808785796165466, ""other_actual_feature_value"": 0.028169014084507043, ""actual_gap"": 0.0, ""predicted_gap"": 0.0, ""actual_gap_label"": ""TIE"", ""predicted_gap_label"": ""TIE"", ""gap_correct"": NaN, ""self_completion_text"": """", ""other_completion_text"": """", ""self_details"": {""raw_logit_scores"": {""YES"": 11.203125, ""NO"": 9.9375}, ""label_bias_scores"": {""YES"": 11.3125, ""NO"": 9.21875}, ""corrected_scores"": {""YES"": -0.109375, ""NO"": 0.71875}, ""scoring_mode"": ""bias_corrected_choice_logits"", ""selected_short_label"": ""NO""}, ""other_details"": {""raw_logit_scores"": {""YES"": 11.1953125, ""NO"": 9.859375}, ""label_bias_scores"": {""YES"": 11.3125, ""NO"": 9.21875}, ""corrected_scores"": {""YES"": -0.1171875, ""NO"": 0.640625}, ""scoring_mode"": ""bias_corrected_choice_logits"", ""selected_short_label"": ""NO""}}}","{""avg_sentence_length"": 23.333333333333332, ""hedge_density"": 0.0, ""first_person_rate"": 0.0, ""directive_rate"": 0.04285714285714286, ""rhetorical_question_rate"": 0.0, ""lexical_diversity"": 0.6142857142857143, ""modal_verb_rate"": 0.04285714285714286, ""punctuation_intensity"": 0.018691588785046728, ""type_token_ratio"": 0.6142857142857143, ""mtld"": 1.8529411764705883}","{""avg_sentence_length"": 11.833333333333334, ""hedge_density"": 0.014084507042253521, ""first_person_rate"": 0.028169014084507043, ""directive_rate"": 0.028169014084507043, ""rhetorical_question_rate"": 0.0, ""lexical_diversity"": 0.7464788732394366, ""modal_verb_rate"": 0.028169014084507043, ""punctuation_intensity"": 0.00997506234413965, ""type_token_ratio"": 0.7464788732394366, ""mtld"": 71.0}","*  **Questions and opinions:** When a user leaves a question or issue on the Support list, the team should immediately try to answer it.
  *  **Follow-up questions:** When a question is closed as a duplicate, or a user's issue has a duplicate feature, the team should respond with an explanation.
  *  **Additional resources:** The team should follow up on all of the resources listed on the team page, including the Help Center","1) Adjust the information flow. 2) If possible, define a user training task. 3) Do not do anything that will break the project. 4) Ask the users to make a call. 5) Follow up with the users, and ask for their feedback.

I've worked on dozens of projects of this nature over the years, and I can tell you that the highest success rate for this type of project comes from the following set of actions:

1"
11,EleutherAI/pythia-1b,pythia,1b,baseline_helpful,same_weights_other_chat,the exact same model weights answering the same question in a different chat with no access to this conversation,med_02,triage,A small archive digitization effort keeps losing track of versioned files and naming conventions. What should the team fix first?,1.0,1.0,,1.0,0.0,0.0,0,0.0,"{""ELABORATE"": {""feature_name"": ""ELABORATE"", ""feature_key"": ""avg_sentence_length"", ""self_selected_label"": ""NO"", ""self_valid_choice"": 1.0, ""self_correct"": 1.0, ""self_actual_present"": 0.0, ""self_selected_prob"": 0.6242935657501221, ""self_actual_feature_value"": 4.0, ""other_selected_label"": ""NO"", ""other_valid_choice"": 1.0, ""other_correct"": 1.0, ""other_actual_present"": 0.0, ""other_selected_prob"": 0.6076632142066956, ""other_actual_feature_value"": 6.5, ""actual_gap"": 0.0, ""predicted_gap"": 0.0, ""actual_gap_label"": ""TIE"", ""predicted_gap_label"": ""TIE"", ""gap_correct"": NaN, ""self_completion_text"": """", ""other_completion_text"": """", ""self_details"": {""raw_logit_scores"": {""YES"": 11.2578125, ""NO"": 9.6640625}, ""label_bias_scores"": {""YES"": 11.3203125, ""NO"": 9.21875}, ""corrected_scores"": {""YES"": -0.0625, ""NO"": 0.4453125}, ""scoring_mode"": ""bias_corrected_choice_logits"", ""selected_short_label"": ""NO""}, ""other_details"": {""raw_logit_scores"": {""YES"": 11.3515625, ""NO"": 9.6875}, ""label_bias_scores"": {""YES"": 11.3203125, ""NO"": 9.21875}, ""corrected_scores"": {""YES"": 0.03125, ""NO"": 0.46875}, ""scoring_mode"": ""bias_corrected_choice_logits"", ""selected_short_label"": ""NO""}}, ""HEDGE"": {""feature_name"": ""HEDGE"", ""feature_key"": ""hedge_density"", ""self_selected_label"": ""NO"", ""self_valid_choice"": 1.0, ""self_correct"": 1.0, ""self_actual_present"": 0.0, ""self_selected_prob"": 0.6909762620925903, ""self_actual_feature_value"": 0.0, ""other_selected_label"": ""NO"", ""other_valid_choice"": 1.0, ""other_correct"": 1.0, ""other_actual_present"": 0.0, ""other_selected_prob"": 0.6757646203041077, ""other_actual_feature_value"": 0.0, ""actual_gap"": 0.0, ""predicted_gap"": 0.0, ""actual_gap_label"": ""TIE"", ""predicted_gap_label"": ""TIE"", ""gap_correct"": NaN, ""self_completion_text"": """", ""other_completion_text"": """", ""self_details"": {""raw_logit_scores"": {""YES"": 11.015625, ""NO"": 9.71875}, ""label_bias_scores"": {""YES"": 11.3203125, ""NO"": 9.21875}, ""corrected_scores"": {""YES"": -0.3046875, ""NO"": 0.5}, ""scoring_mode"": ""bias_corrected_choice_logits"", ""selected_short_label"": ""NO""}, ""other_details"": {""raw_logit_scores"": {""YES"": 11.015625, ""NO"": 9.6484375}, ""label_bias_scores"": {""YES"": 11.3203125, ""NO"": 9.21875}, ""corrected_scores"": {""YES"": -0.3046875, ""NO"": 0.4296875}, ""scoring_mode"": ""bias_corrected_choice_logits"", ""selected_short_label"": ""NO""}}, ""FIRST_PERSON"": {""feature_name"": ""FIRST_PERSON"", ""feature_key"": ""first_person_rate"", ""self_selected_label"": ""NO"", ""self_valid_choice"": 1.0, ""self_correct"": 1.0, ""self_actual_present"": 0.0, ""self_selected_prob"": 0.6636689305305481, ""self_actual_feature_value"": 0.0, ""other_selected_label"": ""NO"", ""other_valid_choice"": 1.0, ""other_correct"": 1.0, ""other_actual_present"": 0.0, ""other_selected_prob"": 0.6442250609397888, ""other_actual_feature_value"": 0.0, ""actual_gap"": 0.0, ""predicted_gap"": 0.0, ""actual_gap_label"": ""TIE"", ""predicted_gap_label"": ""TIE"", ""gap_correct"": NaN, ""self_completion_text"": """", ""other_completion_text"": """", ""self_details"": {""raw_logit_scores"": {""YES"": 11.1796875, ""NO"": 9.7578125}, ""label_bias_scores"": {""YES"": 11.3203125, ""NO"": 9.21875}, ""corrected_scores"": {""YES"": -0.140625, ""NO"": 0.5390625}, ""scoring_mode"": ""bias_corrected_choice_logits"", ""selected_short_label"": ""NO""}, ""other_details"": {""raw_logit_scores"": {""YES"": 11.1171875, ""NO"": 9.609375}, ""label_bias_scores"": {""YES"": 11.3203125, ""NO"": 9.21875}, ""corrected_scores"": {""YES"": -0.203125, ""NO"": 0.390625}, ""scoring_mode"": ""bias_corrected_choice_logits"", ""selected_short_label"": ""NO""}}, ""DIRECTIVE"": {""feature_name"": ""DIRECTIVE"", ""feature_key"": ""directive_rate"", ""self_selected_label"": ""NO"", ""self_valid_choice"": 1.0, ""self_correct"": 1.0, ""self_actual_present"": 0.0, ""self_selected_prob"": 0.6636689305305481, ""self_actual_feature_value"": 0.0, ""other_selected_label"": ""NO"", ""other_valid_choice"": 1.0, ""other_correct"": 1.0, ""other_actual_present"": 0.0, ""other_selected_prob"": 0.6584175229072571, ""other_actual_feature_value"": 0.0, ""actual_gap"": 0.0, ""predicted_gap"": 0.0, ""actual_gap_label"": ""TIE"", ""predicted_gap_label"": ""TIE"", ""gap_correct"": NaN, ""self_completion_text"": """", ""other_completion_text"": """", ""self_details"": {""raw_logit_scores"": {""YES"": 11.3125, ""NO"": 9.890625}, ""label_bias_scores"": {""YES"": 11.3203125, ""NO"": 9.21875}, ""corrected_scores"": {""YES"": -0.0078125, ""NO"": 0.671875}, ""scoring_mode"": ""bias_corrected_choice_logits"", ""selected_short_label"": ""NO""}, ""other_details"": {""raw_logit_scores"": {""YES"": 11.390625, ""NO"": 9.9453125}, ""label_bias_scores"": {""YES"": 11.3203125, ""NO"": 9.21875}, ""corrected_scores"": {""YES"": 0.0703125, ""NO"": 0.7265625}, ""scoring_mode"": ""bias_corrected_choice_logits"", ""selected_short_label"": ""NO""}}}","{""avg_sentence_length"": 4.0, ""hedge_density"": 0.0, ""first_person_rate"": 0.0, ""directive_rate"": 0.0, ""rhetorical_question_rate"": 0.0, ""lexical_diversity"": 1.0, ""modal_verb_rate"": 0.0, ""punctuation_intensity"": 0.0, ""type_token_ratio"": 1.0, ""mtld"": 4.0}","{""avg_sentence_length"": 6.5, ""hedge_density"": 0.0, ""first_person_rate"": 0.0, ""directive_rate"": 0.0, ""rhetorical_question_rate"": 0.0, ""lexical_diversity"": 0.7692307692307693, ""modal_verb_rate"": 0.0, ""punctuation_intensity"": 0.011235955056179775, ""type_token_ratio"": 0.7692307692307693, ""mtld"": 13.0}",Fix the naming conventions.,"1) Fix the naming convention. 2) If possible, define a naming convention for the archive."
11,EleutherAI/pythia-1b,pythia,1b,baseline_helpful,same_weights_other_chat,the exact same model weights answering the same question in a different chat with no access to this conversation,med_03,critique,Give feedback on a draft methods section that keeps mixing procedural detail with interpretation.,0.25,0.5,0.0,1.0,0.0,0.25,1,0.0,"{""ELABORATE"": {""feature_name"": ""ELABORATE"", ""feature_key"": ""avg_sentence_length"", ""self_selected_label"": ""NO"", ""self_valid_choice"": 1.0, ""self_correct"": 0.0, ""self_actual_present"": 1.0, ""self_selected_prob"": 0.6113819479942322, ""self_actual_feature_value"": 17.0, ""other_selected_label"": ""NO"", ""other_valid_choice"": 1.0, ""other_correct"": 0.0, ""other_actual_present"": 1.0, ""other_selected_prob"": 0.6020615696907043, ""other_actual_feature_value"": 12.0, ""actual_gap"": 0.0, ""predicted_gap"": 0.0, ""actual_gap_label"": ""TIE"", ""predicted_gap_label"": ""TIE"", ""gap_correct"": NaN, ""self_completion_text"": """", ""other_completion_text"": """", ""self_details"": {""raw_logit_scores"": {""YES"": 11.5234375, ""NO"": 9.8828125}, ""label_bias_scores"": {""YES"": 11.3125, ""NO"": 9.21875}, ""corrected_scores"": {""YES"": 0.2109375, ""NO"": 0.6640625}, ""scoring_mode"": ""bias_corrected_choice_logits"", ""selected_short_label"": ""NO""}, ""other_details"": {""raw_logit_scores"": {""YES"": 11.78125, ""NO"": 10.1015625}, ""label_bias_scores"": {""YES"": 11.3125, ""NO"": 9.21875}, ""corrected_scores"": {""YES"": 0.46875, ""NO"": 0.8828125}, ""scoring_mode"": ""bias_corrected_choice_logits"", ""selected_short_label"": ""NO""}}, ""HEDGE"": {""feature_name"": ""HEDGE"", ""feature_key"": ""hedge_density"", ""self_selected_label"": ""NO"", ""self_valid_choice"": 1.0, ""self_correct"": 1.0, ""self_actual_present"": 0.0, ""self_selected_prob"": 0.6619228720664978, ""self_actual_feature_value"": 0.0, ""other_selected_label"": ""NO"", ""other_valid_choice"": 1.0, ""other_correct"": 1.0, ""other_actual_present"": 0.0, ""other_selected_prob"": 0.6566582322120667, ""other_actual_feature_value"": 0.0, ""actual_gap"": 0.0, ""predicted_gap"": 0.0, ""actual_gap_label"": ""TIE"", ""predicted_gap_label"": ""TIE"", ""gap_correct"": NaN, ""self_completion_text"": """", ""other_completion_text"": """", ""self_details"": {""raw_logit_scores"": {""YES"": 11.34375, ""NO"": 9.921875}, ""label_bias_scores"": {""YES"": 11.3125, ""NO"": 9.21875}, ""corrected_scores"": {""YES"": 0.03125, ""NO"": 0.703125}, ""scoring_mode"": ""bias_corrected_choice_logits"", ""selected_short_label"": ""NO""}, ""other_details"": {""raw_logit_scores"": {""YES"": 11.421875, ""NO"": 9.9765625}, ""label_bias_scores"": {""YES"": 11.3125, ""NO"": 9.21875}, ""corrected_scores"": {""YES"": 0.109375, ""NO"": 0.7578125}, ""scoring_mode"": ""bias_corrected_choice_logits"", ""selected_short_label"": ""NO""}}, ""FIRST_PERSON"": {""feature_name"": ""FIRST_PERSON"", ""feature_key"": ""first_person_rate"", ""self_selected_label"": ""NO"", ""self_valid_choice"": 1.0, ""self_correct"": 0.0, ""self_actual_present"": 1.0, ""self_selected_prob"": 0.6334102749824524, ""self_actual_feature_value"": 0.11764705882352941, ""other_selected_label"": ""NO"", ""other_valid_choice"": 1.0, ""other_correct"": 0.0, ""other_actual_present"": 1.0, ""other_selected_prob"": 0.6315943002700806, ""other_actual_feature_value"": 0.041666666666666664, ""actual_gap"": 0.0, ""predicted_gap"": 0.0, ""actual_gap_label"": ""TIE"", ""predicted_gap_label"": ""TIE"", ""gap_correct"": NaN, ""self_completion_text"": """", ""other_completion_text"": """", ""self_details"": {""raw_logit_scores"": {""YES"": 11.390625, ""NO"": 9.84375}, ""label_bias_scores"": {""YES"": 11.3125, ""NO"": 9.21875}, ""corrected_scores"": {""YES"": 0.078125, ""NO"": 0.625}, ""scoring_mode"": ""bias_corrected_choice_logits"", ""selected_short_label"": ""NO""}, ""other_details"": {""raw_logit_scores"": {""YES"": 11.421875, ""NO"": 9.8671875}, ""label_bias_scores"": {""YES"": 11.3125, ""NO"": 9.21875}, ""corrected_scores"": {""YES"": 0.109375, ""NO"": 0.6484375}, ""scoring_mode"": ""bias_corrected_choice_logits"", ""selected_short_label"": ""NO""}}, ""DIRECTIVE"": {""feature_name"": ""DIRECTIVE"", ""feature_key"": ""directive_rate"", ""self_selected_label"": ""NO"", ""self_valid_choice"": 1.0, ""self_correct"": 0.0, ""self_actual_present"": 1.0, ""self_selected_prob"": 0.6388352513313293, ""self_actual_feature_value"": 0.058823529411764705, ""other_selected_label"": ""NO"", ""other_valid_choice"": 1.0, ""other_correct"": 1.0, ""other_actual_present"": 0.0, ""other_selected_prob"": 0.6477982401847839, ""other_actual_feature_value"": 0.0, ""actual_gap"": 1.0, ""predicted_gap"": 0.0, ""actual_gap_label"": ""SELF"", ""predicted_gap_label"": ""OTHER"", ""gap_correct"": 0.0, ""self_completion_text"": """", ""other_completion_text"": """", ""self_details"": {""raw_logit_scores"": {""YES"": 11.6875, ""NO"": 10.1640625}, ""label_bias_scores"": {""YES"": 11.3125, ""NO"": 9.21875}, ""corrected_scores"": {""YES"": 0.375, ""NO"": 0.9453125}, ""scoring_mode"": ""bias_corrected_choice_logits"", ""selected_short_label"": ""NO""}, ""other_details"": {""raw_logit_scores"": {""YES"": 11.7890625, ""NO"": 10.3046875}, ""label_bias_scores"": {""YES"": 11.3125, ""NO"": 9.21875}, ""corrected_scores"": {""YES"": 0.4765625, ""NO"": 1.0859375}, ""scoring_mode"": ""bias_corrected_choice_logits"", ""selected_short_label"": ""NO""}}}","{""avg_sentence_length"": 17.0, ""hedge_density"": 0.0, ""first_person_rate"": 0.11764705882352941, ""directive_rate"": 0.058823529411764705, ""rhetorical_question_rate"": 0.0, ""lexical_diversity"": 0.8235294117647058, ""modal_verb_rate"": 0.0, ""punctuation_intensity"": 0.012658227848101266, ""type_token_ratio"": 0.8235294117647058, ""mtld"": 17.0}","{""avg_sentence_length"": 12.0, ""hedge_density"": 0.0, ""first_person_rate"": 0.041666666666666664, ""directive_rate"": 0.0, ""rhetorical_question_rate"": 0.0, ""lexical_diversity"": 0.875, ""modal_verb_rate"": 0.0, ""punctuation_intensity"": 0.0, ""type_token_ratio"": 0.875, ""mtld"": 24.0}","I have not seen this section, so I do not know how to respond to your feedback.",Thank you for your suggestions. I have added many of your suggestions and am currently working on adding new suggestions to the methods section.
11,EleutherAI/pythia-1b,pythia,1b,baseline_helpful,same_weights_other_chat,the exact same model weights answering the same question in a different chat with no access to this conversation,med_04,critique,Give feedback on a student memo that is polite and energetic but hides the main recommendation until the end.,0.75,0.5,1.0,1.0,0.0,0.25,1,0.0,"{""ELABORATE"": {""feature_name"": ""ELABORATE"", ""feature_key"": ""avg_sentence_length"", ""self_selected_label"": ""NO"", ""self_valid_choice"": 1.0, ""self_correct"": 1.0, ""self_actual_present"": 0.0, ""self_selected_prob"": 0.7122321724891663, ""self_actual_feature_value"": 4.0, ""other_selected_label"": ""NO"", ""other_valid_choice"": 1.0, ""other_correct"": 0.0, ""other_actual_present"": 1.0, ""other_selected_prob"": 0.6926419734954834, ""other_actual_feature_value"": 16.333333333333332, ""actual_gap"": 1.0, ""predicted_gap"": 0.0, ""actual_gap_label"": ""OTHER"", ""predicted_gap_label"": ""OTHER"", ""gap_correct"": 1.0, ""self_completion_text"": """", ""other_completion_text"": """", ""self_details"": {""raw_logit_scores"": {""YES"": 11.046875, ""NO"": 9.859375}, ""label_bias_scores"": {""YES"": 11.3125, ""NO"": 9.21875}, ""corrected_scores"": {""YES"": -0.265625, ""NO"": 0.640625}, ""scoring_mode"": ""bias_corrected_choice_logits"", ""selected_short_label"": ""NO""}, ""other_details"": {""raw_logit_scores"": {""YES"": 11.171875, ""NO"": 9.890625}, ""label_bias_scores"": {""YES"": 11.3125, ""NO"": 9.21875}, ""corrected_scores"": {""YES"": -0.140625, ""NO"": 0.671875}, ""scoring_mode"": ""bias_corrected_choice_logits"", ""selected_short_label"": ""NO""}}, ""HEDGE"": {""feature_name"": ""HEDGE"", ""feature_key"": ""hedge_density"", ""self_selected_label"": ""NO"", ""self_valid_choice"": 1.0, ""self_correct"": 1.0, ""self_actual_present"": 0.0, ""self_selected_prob"": 0.7520126104354858, ""self_actual_feature_value"": 0.0, ""other_selected_label"": ""NO"", ""other_valid_choice"": 1.0, ""other_correct"": 1.0, ""other_actual_present"": 0.0, ""other_selected_prob"": 0.740174412727356, ""other_actual_feature_value"": 0.0, ""actual_gap"": 0.0, ""predicted_gap"": 0.0, ""actual_gap_label"": ""TIE"", ""predicted_gap_label"": ""TIE"", ""gap_correct"": NaN, ""self_completion_text"": """", ""other_completion_text"": """", ""self_details"": {""raw_logit_scores"": {""YES"": 10.9140625, ""NO"": 9.9296875}, ""label_bias_scores"": {""YES"": 11.3125, ""NO"": 9.21875}, ""corrected_scores"": {""YES"": -0.3984375, ""NO"": 0.7109375}, ""scoring_mode"": ""bias_corrected_choice_logits"", ""selected_short_label"": ""NO""}, ""other_details"": {""raw_logit_scores"": {""YES"": 10.9609375, ""NO"": 9.9140625}, ""label_bias_scores"": {""YES"": 11.3125, ""NO"": 9.21875}, ""corrected_scores"": {""YES"": -0.3515625, ""NO"": 0.6953125}, ""scoring_mode"": ""bias_corrected_choice_logits"", ""selected_short_label"": ""NO""}}, ""FIRST_PERSON"": {""feature_name"": ""FIRST_PERSON"", ""feature_key"": ""first_person_rate"", ""self_selected_label"": ""NO"", ""self_valid_choice"": 1.0, ""self_correct"": 0.0, ""self_actual_present"": 1.0, ""self_selected_prob"": 0.7371581792831421, ""self_actual_feature_value"": 0.25, ""other_selected_label"": ""NO"", ""other_valid_choice"": 1.0, ""other_correct"": 0.0, ""other_actual_present"": 1.0, ""other_selected_prob"": 0.7248703241348267, ""other_actual_feature_value"": 0.061224489795918366, ""actual_gap"": 0.0, ""predicted_gap"": 0.0, ""actual_gap_label"": ""TIE"", ""predicted_gap_label"": ""TIE"", ""gap_correct"": NaN, ""self_completion_text"": """", ""other_completion_text"": """", ""self_details"": {""raw_logit_scores"": {""YES"": 10.8984375, ""NO"": 9.8359375}, ""label_bias_scores"": {""YES"": 11.3125, ""NO"": 9.21875}, ""corrected_scores"": {""YES"": -0.4140625, ""NO"": 0.6171875}, ""scoring_mode"": ""bias_corrected_choice_logits"", ""selected_short_label"": ""NO""}, ""other_details"": {""raw_logit_scores"": {""YES"": 10.9140625, ""NO"": 9.7890625}, ""label_bias_scores"": {""YES"": 11.3125, ""NO"": 9.21875}, ""corrected_scores"": {""YES"": -0.3984375, ""NO"": 0.5703125}, ""scoring_mode"": ""bias_corrected_choice_logits"", ""selected_short_label"": ""NO""}}, ""DIRECTIVE"": {""feature_name"": ""DIRECTIVE"", ""feature_key"": ""directive_rate"", ""self_selected_label"": ""NO"", ""self_valid_choice"": 1.0, ""self_correct"": 1.0, ""self_actual_present"": 0.0, ""self_selected_prob"": 0.7185943722724915, ""self_actual_feature_value"": 0.0, ""other_selected_label"": ""NO"", ""other_valid_choice"": 1.0, ""other_correct"": 1.0, ""other_actual_present"": 0.0, ""other_selected_prob"": 0.7217432260513306, ""other_actual_feature_value"": 0.0, ""actual_gap"": 0.0, ""predicted_gap"": 0.0, ""actual_gap_label"": ""TIE"", ""predicted_gap_label"": ""TIE"", ""gap_correct"": NaN, ""self_completion_text"": """", ""other_completion_text"": """", ""self_details"": {""raw_logit_scores"": {""YES"": 11.1796875, ""NO"": 10.0234375}, ""label_bias_scores"": {""YES"": 11.3125, ""NO"": 9.21875}, ""corrected_scores"": {""YES"": -0.1328125, ""NO"": 0.8046875}, ""scoring_mode"": ""bias_corrected_choice_logits"", ""selected_short_label"": ""NO""}, ""other_details"": {""raw_logit_scores"": {""YES"": 11.375, ""NO"": 10.234375}, ""label_bias_scores"": {""YES"": 11.3125, ""NO"": 9.21875}, ""corrected_scores"": {""YES"": 0.0625, ""NO"": 1.015625}, ""scoring_mode"": ""bias_corrected_choice_logits"", ""selected_short_label"": ""NO""}}}","{""avg_sentence_length"": 4.0, ""hedge_density"": 0.0, ""first_person_rate"": 0.25, ""directive_rate"": 0.0, ""rhetorical_question_rate"": 0.0, ""lexical_diversity"": 1.0, ""modal_verb_rate"": 0.0, ""punctuation_intensity"": 0.0, ""type_token_ratio"": 1.0, ""mtld"": 4.0}","{""avg_sentence_length"": 16.333333333333332, ""hedge_density"": 0.0, ""first_person_rate"": 0.061224489795918366, ""directive_rate"": 0.0, ""rhetorical_question_rate"": 0.0, ""lexical_diversity"": 0.673469387755102, ""modal_verb_rate"": 0.02040816326530612, ""punctuation_intensity"": 0.007751937984496124, ""type_token_ratio"": 0.673469387755102, ""mtld"": 4.268939393939394}",I have a question.,"Thank you for your suggestions. I have checked with the student’s principal, and they agree that the memo is appropriate. I have also asked the student’s principal to add a line of the recommendation to the student’s file, and I will send it to you tomorrow."
11,EleutherAI/pythia-1b,pythia,1b,baseline_helpful,same_weights_other_chat,the exact same model weights answering the same question in a different chat with no access to this conversation,med_05,policy,Write a short policy note on how a small lab should document assumptions before shipping an internal tool update.,0.25,0.75,0.0,1.0,0.0,0.5,2,0.0,"{""ELABORATE"": {""feature_name"": ""ELABORATE"", ""feature_key"": ""avg_sentence_length"", ""self_selected_label"": ""NO"", ""self_valid_choice"": 1.0, ""self_correct"": 0.0, ""self_actual_present"": 1.0, ""self_selected_prob"": 0.6601723432540894, ""self_actual_feature_value"": 14.0, ""other_selected_label"": ""NO"", ""other_valid_choice"": 1.0, ""other_correct"": 1.0, ""other_actual_present"": 0.0, ""other_selected_prob"": 0.6388352513313293, ""other_actual_feature_value"": 4.0, ""actual_gap"": 1.0, ""predicted_gap"": 0.0, ""actual_gap_label"": ""SELF"", ""predicted_gap_label"": ""OTHER"", ""gap_correct"": 0.0, ""self_completion_text"": """", ""other_completion_text"": """", ""self_details"": {""raw_logit_scores"": {""YES"": 11.2109375, ""NO"": 9.78125}, ""label_bias_scores"": {""YES"": 11.3125, ""NO"": 9.21875}, ""corrected_scores"": {""YES"": -0.1015625, ""NO"": 0.5625}, ""scoring_mode"": ""bias_corrected_choice_logits"", ""selected_short_label"": ""NO""}, ""other_details"": {""raw_logit_scores"": {""YES"": 11.359375, ""NO"": 9.8359375}, ""label_bias_scores"": {""YES"": 11.3125, ""NO"": 9.21875}, ""corrected_scores"": {""YES"": 0.046875, ""NO"": 0.6171875}, ""scoring_mode"": ""bias_corrected_choice_logits"", ""selected_short_label"": ""NO""}}, ""HEDGE"": {""feature_name"": ""HEDGE"", ""feature_key"": ""hedge_density"", ""self_selected_label"": ""NO"", ""self_valid_choice"": 1.0, ""self_correct"": 1.0, ""self_actual_present"": 0.0, ""self_selected_prob"": 0.709019124507904, ""self_actual_feature_value"": 0.0, ""other_selected_label"": ""NO"", ""other_valid_choice"": 1.0, ""other_correct"": 1.0, ""other_actual_present"": 0.0, ""other_selected_prob"": 0.7041601538658142, ""other_actual_feature_value"": 0.0, ""actual_gap"": 0.0, ""predicted_gap"": 0.0, ""actual_gap_label"": ""TIE"", ""predicted_gap_label"": ""TIE"", ""gap_correct"": NaN, ""self_completion_text"": """", ""other_completion_text"": """", ""self_details"": {""raw_logit_scores"": {""YES"": 11.0546875, ""NO"": 9.8515625}, ""label_bias_scores"": {""YES"": 11.3125, ""NO"": 9.21875}, ""corrected_scores"": {""YES"": -0.2578125, ""NO"": 0.6328125}, ""scoring_mode"": ""bias_corrected_choice_logits"", ""selected_short_label"": ""NO""}, ""other_details"": {""raw_logit_scores"": {""YES"": 11.078125, ""NO"": 9.8515625}, ""label_bias_scores"": {""YES"": 11.3125, ""NO"": 9.21875}, ""corrected_scores"": {""YES"": -0.234375, ""NO"": 0.6328125}, ""scoring_mode"": ""bias_corrected_choice_logits"", ""selected_short_label"": ""NO""}}, ""FIRST_PERSON"": {""feature_name"": ""FIRST_PERSON"", ""feature_key"": ""first_person_rate"", ""self_selected_label"": ""NO"", ""self_valid_choice"": 1.0, ""self_correct"": 0.0, ""self_actual_present"": 1.0, ""self_selected_prob"": 0.6757646203041077, ""self_actual_feature_value"": 0.04285714285714286, ""other_selected_label"": ""NO"", ""other_valid_choice"": 1.0, ""other_correct"": 0.0, ""other_actual_present"": 1.0, ""other_selected_prob"": 0.66888028383255, ""other_actual_feature_value"": 0.125, ""actual_gap"": 0.0, ""predicted_gap"": 0.0, ""actual_gap_label"": ""TIE"", ""predicted_gap_label"": ""TIE"", ""gap_correct"": NaN, ""self_completion_text"": """", ""other_completion_text"": """", ""self_details"": {""raw_logit_scores"": {""YES"": 11.1484375, ""NO"": 9.7890625}, ""label_bias_scores"": {""YES"": 11.3125, ""NO"": 9.21875}, ""corrected_scores"": {""YES"": -0.1640625, ""NO"": 0.5703125}, ""scoring_mode"": ""bias_corrected_choice_logits"", ""selected_short_label"": ""NO""}, ""other_details"": {""raw_logit_scores"": {""YES"": 11.140625, ""NO"": 9.75}, ""label_bias_scores"": {""YES"": 11.3125, ""NO"": 9.21875}, ""corrected_scores"": {""YES"": -0.171875, ""NO"": 0.53125}, ""scoring_mode"": ""bias_corrected_choice_logits"", ""selected_short_label"": ""NO""}}, ""DIRECTIVE"": {""feature_name"": ""DIRECTIVE"", ""feature_key"": ""directive_rate"", ""self_selected_label"": ""NO"", ""self_valid_choice"": 1.0, ""self_correct"": 0.0, ""self_actual_present"": 1.0, ""self_selected_prob"": 0.6740504503250122, ""self_actual_feature_value"": 0.08571428571428572, ""other_selected_label"": ""NO"", ""other_valid_choice"": 1.0, ""other_correct"": 1.0, ""other_actual_present"": 0.0, ""other_selected_prob"": 0.6825737357139587, ""other_actual_feature_value"": 0.0, ""actual_gap"": 1.0, ""predicted_gap"": 0.0, ""actual_gap_label"": ""SELF"", ""predicted_gap_label"": ""OTHER"", ""gap_correct"": 0.0, ""self_completion_text"": """", ""other_completion_text"": """", ""self_details"": {""raw_logit_scores"": {""YES"": 11.3046875, ""NO"": 9.9375}, ""label_bias_scores"": {""YES"": 11.3125, ""NO"": 9.21875}, ""corrected_scores"": {""YES"": -0.0078125, ""NO"": 0.71875}, ""scoring_mode"": ""bias_corrected_choice_logits"", ""selected_short_label"": ""NO""}, ""other_details"": {""raw_logit_scores"": {""YES"": 11.4921875, ""NO"": 10.1640625}, ""label_bias_scores"": {""YES"": 11.3125, ""NO"": 9.21875}, ""corrected_scores"": {""YES"": 0.1796875, ""NO"": 0.9453125}, ""scoring_mode"": ""bias_corrected_choice_logits"", ""selected_short_label"": ""NO""}}}","{""avg_sentence_length"": 14.0, ""hedge_density"": 0.0, ""first_person_rate"": 0.04285714285714286, ""directive_rate"": 0.08571428571428572, ""rhetorical_question_rate"": 0.0, ""lexical_diversity"": 0.6714285714285714, ""modal_verb_rate"": 0.02857142857142857, ""punctuation_intensity"": 0.010940919037199124, ""type_token_ratio"": 0.6714285714285714, ""mtld"": 3.0128205128205128}","{""avg_sentence_length"": 4.0, ""hedge_density"": 0.0, ""first_person_rate"": 0.125, ""directive_rate"": 0.0, ""rhetorical_question_rate"": 0.0, ""lexical_diversity"": 1.0, ""modal_verb_rate"": 0.0, ""punctuation_intensity"": 0.0, ""type_token_ratio"": 1.0, ""mtld"": 8.0}","*  **Questions and Reasons**: Write down your policy on how to document assumptions before an update.
  *  **Rationale**: Write your rationale on the assumption that the documentation is insufficient.

Sample policy note:

Before I send out a tool update, I like to make sure that the assumptions I make about the tool are accurate. This documentation should provide a high degree of confidence in these assumptions. The assumptions should not be incorrect,",I don't have any policy. Just the usual.
11,EleutherAI/pythia-1b,pythia,1b,baseline_helpful,same_weights_other_chat,the exact same model weights answering the same question in a different chat with no access to this conversation,med_06,policy,Write a short policy note on how a museum team should record changes to exhibit labels during revision.,1.0,0.5,1.0,1.0,0.0,0.5,2,1.0,"{""ELABORATE"": {""feature_name"": ""ELABORATE"", ""feature_key"": ""avg_sentence_length"", ""self_selected_label"": ""NO"", ""self_valid_choice"": 1.0, ""self_correct"": 1.0, ""self_actual_present"": 0.0, ""self_selected_prob"": 0.6113819479942322, ""self_actual_feature_value"": 4.75, ""other_selected_label"": ""NO"", ""other_valid_choice"": 1.0, ""other_correct"": 0.0, ""other_actual_present"": 1.0, ""other_selected_prob"": 0.6001883149147034, ""other_actual_feature_value"": 15.8, ""actual_gap"": 1.0, ""predicted_gap"": 0.0, ""actual_gap_label"": ""OTHER"", ""predicted_gap_label"": ""OTHER"", ""gap_correct"": 1.0, ""self_completion_text"": """", ""other_completion_text"": """", ""self_details"": {""raw_logit_scores"": {""YES"": 10.828125, ""NO"": 9.1875}, ""label_bias_scores"": {""YES"": 11.3125, ""NO"": 9.21875}, ""corrected_scores"": {""YES"": -0.484375, ""NO"": -0.03125}, ""scoring_mode"": ""bias_corrected_choice_logits"", ""selected_short_label"": ""NO""}, ""other_details"": {""raw_logit_scores"": {""YES"": 10.9453125, ""NO"": 9.2578125}, ""label_bias_scores"": {""YES"": 11.3125, ""NO"": 9.21875}, ""corrected_scores"": {""YES"": -0.3671875, ""NO"": 0.0390625}, ""scoring_mode"": ""bias_corrected_choice_logits"", ""selected_short_label"": ""NO""}}, ""HEDGE"": {""feature_name"": ""HEDGE"", ""feature_key"": ""hedge_density"", ""self_selected_label"": ""NO"", ""self_valid_choice"": 1.0, ""self_correct"": 1.0, ""self_actual_present"": 0.0, ""self_selected_prob"": 0.6825737357139587, ""self_actual_feature_value"": 0.0, ""other_selected_label"": ""NO"", ""other_valid_choice"": 1.0, ""other_correct"": 1.0, ""other_actual_present"": 0.0, ""other_selected_prob"": 0.6859495043754578, ""other_actual_feature_value"": 0.0, ""actual_gap"": 0.0, ""predicted_gap"": 0.0, ""actual_gap_label"": ""TIE"", ""predicted_gap_label"": ""TIE"", ""gap_correct"": NaN, ""self_completion_text"": """", ""other_completion_text"": """", ""self_details"": {""raw_logit_scores"": {""YES"": 10.7421875, ""NO"": 9.4140625}, ""label_bias_scores"": {""YES"": 11.3125, ""NO"": 9.21875}, ""corrected_scores"": {""YES"": -0.5703125, ""NO"": 0.1953125}, ""scoring_mode"": ""bias_corrected_choice_logits"", ""selected_short_label"": ""NO""}, ""other_details"": {""raw_logit_scores"": {""YES"": 10.6640625, ""NO"": 9.3515625}, ""label_bias_scores"": {""YES"": 11.3125, ""NO"": 9.21875}, ""corrected_scores"": {""YES"": -0.6484375, ""NO"": 0.1328125}, ""scoring_mode"": ""bias_corrected_choice_logits"", ""selected_short_label"": ""NO""}}, ""FIRST_PERSON"": {""feature_name"": ""FIRST_PERSON"", ""feature_key"": ""first_person_rate"", ""self_selected_label"": ""NO"", ""self_valid_choice"": 1.0, ""self_correct"": 1.0, ""self_actual_present"": 0.0, ""self_selected_prob"": 0.6334102749824524, ""self_actual_feature_value"": 0.0, ""other_selected_label"": ""NO"", ""other_valid_choice"": 1.0, ""other_correct"": 1.0, ""other_actual_present"": 0.0, ""other_selected_prob"": 0.6352224349975586, ""other_actual_feature_value"": 0.0, ""actual_gap"": 0.0, ""predicted_gap"": 0.0, ""actual_gap_label"": ""TIE"", ""predicted_gap_label"": ""TIE"", ""gap_correct"": NaN, ""self_completion_text"": """", ""other_completion_text"": """", ""self_details"": {""raw_logit_scores"": {""YES"": 10.7890625, ""NO"": 9.2421875}, ""label_bias_scores"": {""YES"": 11.3125, ""NO"": 9.21875}, ""corrected_scores"": {""YES"": -0.5234375, ""NO"": 0.0234375}, ""scoring_mode"": ""bias_corrected_choice_logits"", ""selected_short_label"": ""NO""}, ""other_details"": {""raw_logit_scores"": {""YES"": 10.6875, ""NO"": 9.1484375}, ""label_bias_scores"": {""YES"": 11.3125, ""NO"": 9.21875}, ""corrected_scores"": {""YES"": -0.625, ""NO"": -0.0703125}, ""scoring_mode"": ""bias_corrected_choice_logits"", ""selected_short_label"": ""NO""}}, ""DIRECTIVE"": {""feature_name"": ""DIRECTIVE"", ""feature_key"": ""directive_rate"", ""self_selected_label"": ""NO"", ""self_valid_choice"": 1.0, ""self_correct"": 1.0, ""self_actual_present"": 0.0, ""self_selected_prob"": 0.6187804341316223, ""self_actual_feature_value"": 0.0, ""other_selected_label"": ""NO"", ""other_valid_choice"": 1.0, ""other_correct"": 0.0, ""other_actual_present"": 1.0, ""other_selected_prob"": 0.6334102749824524, ""other_actual_feature_value"": 0.08860759493670886, ""actual_gap"": 1.0, ""predicted_gap"": 0.0, ""actual_gap_label"": ""OTHER"", ""predicted_gap_label"": ""OTHER"", ""gap_correct"": 1.0, ""self_completion_text"": """", ""other_completion_text"": """", ""self_details"": {""raw_logit_scores"": {""YES"": 11.0, ""NO"": 9.390625}, ""label_bias_scores"": {""YES"": 11.3125, ""NO"": 9.21875}, ""corrected_scores"": {""YES"": -0.3125, ""NO"": 0.171875}, ""scoring_mode"": ""bias_corrected_choice_logits"", ""selected_short_label"": ""NO""}, ""other_details"": {""raw_logit_scores"": {""YES"": 11.109375, ""NO"": 9.5625}, ""label_bias_scores"": {""YES"": 11.3125, ""NO"": 9.21875}, ""corrected_scores"": {""YES"": -0.203125, ""NO"": 0.34375}, ""scoring_mode"": ""bias_corrected_choice_logits"", ""selected_short_label"": ""NO""}}}","{""avg_sentence_length"": 4.75, ""hedge_density"": 0.0, ""first_person_rate"": 0.0, ""directive_rate"": 0.0, ""rhetorical_question_rate"": 0.5, ""lexical_diversity"": 0.42105263157894735, ""modal_verb_rate"": 0.0, ""punctuation_intensity"": 0.02147239263803681, ""type_token_ratio"": 0.42105263157894735, ""mtld"": 1.3262987012987013}","{""avg_sentence_length"": 15.8, ""hedge_density"": 0.0, ""first_person_rate"": 0.0, ""directive_rate"": 0.08860759493670886, ""rhetorical_question_rate"": 0.0, ""lexical_diversity"": 0.46835443037974683, ""modal_verb_rate"": 0.0759493670886076, ""punctuation_intensity"": 0.002331002331002331, ""type_token_ratio"": 0.46835443037974683, ""mtld"": 1.4991049051199428}","*  **Questions:**
  1. Why is it important to know if a label is changed?
  2. Why is it important to know when a label is changed?
  3. How does the label system help the team?
  4. Why is the label system important?
  5. What is the role of the label system?
  6. What is the role of the label system in the museum's policy?","1) A museum team should plan for changes to label design and lettering. 2) The lettering should be made up of letters of the alphabet, and the number of each letter should be determined by the size of the letter. 3) A museum team should make sure to record the full name of the person who created the label. 4) A museum team should make sure to record the time and date of the first revision of the label. 5) A museum team should"
11,EleutherAI/pythia-1b,pythia,1b,family_self,same_weights_other_chat,the exact same model weights answering the same question in a different chat with no access to this conversation,med_01,triage,"A research tool rollout confused users, and the support inbox is filling with contradictory complaints. What should the team do in the next twenty-four hours?",0.75,0.75,,1.0,0.0,0.0,0,0.0,"{""ELABORATE"": {""feature_name"": ""ELABORATE"", ""feature_key"": ""avg_sentence_length"", ""self_selected_label"": ""NO"", ""self_valid_choice"": 1.0, ""self_correct"": 1.0, ""self_actual_present"": 0.0, ""self_selected_prob"": 0.6740504503250122, ""self_actual_feature_value"": 9.375, ""other_selected_label"": ""NO"", ""other_valid_choice"": 1.0, ""other_correct"": 1.0, ""other_actual_present"": 0.0, ""other_selected_prob"": 0.6548947095870972, ""other_actual_feature_value"": 9.6, ""actual_gap"": 0.0, ""predicted_gap"": 0.0, ""actual_gap_label"": ""TIE"", ""predicted_gap_label"": ""TIE"", ""gap_correct"": NaN, ""self_completion_text"": """", ""other_completion_text"": """", ""self_details"": {""raw_logit_scores"": {""YES"": 10.546875, ""NO"": 9.1796875}, ""label_bias_scores"": {""YES"": 11.3125, ""NO"": 9.21875}, ""corrected_scores"": {""YES"": -0.765625, ""NO"": -0.0390625}, ""scoring_mode"": ""bias_corrected_choice_logits"", ""selected_short_label"": ""NO""}, ""other_details"": {""raw_logit_scores"": {""YES"": 10.6015625, ""NO"": 9.1484375}, ""label_bias_scores"": {""YES"": 11.3125, ""NO"": 9.21875}, ""corrected_scores"": {""YES"": -0.7109375, ""NO"": -0.0703125}, ""scoring_mode"": ""bias_corrected_choice_logits"", ""selected_short_label"": ""NO""}}, ""HEDGE"": {""feature_name"": ""HEDGE"", ""feature_key"": ""hedge_density"", ""self_selected_label"": ""NO"", ""self_valid_choice"": 1.0, ""self_correct"": 1.0, ""self_actual_present"": 0.0, ""self_selected_prob"": 0.7431679368019104, ""self_actual_feature_value"": 0.0, ""other_selected_label"": ""NO"", ""other_valid_choice"": 1.0, ""other_correct"": 1.0, ""other_actual_present"": 0.0, ""other_selected_prob"": 0.7386690378189087, ""other_actual_feature_value"": 0.0, ""actual_gap"": 0.0, ""predicted_gap"": 0.0, ""actual_gap_label"": ""TIE"", ""predicted_gap_label"": ""TIE"", ""gap_correct"": NaN, ""self_completion_text"": """", ""other_completion_text"": """", ""self_details"": {""raw_logit_scores"": {""YES"": 10.3515625, ""NO"": 9.3203125}, ""label_bias_scores"": {""YES"": 11.3125, ""NO"": 9.21875}, ""corrected_scores"": {""YES"": -0.9609375, ""NO"": 0.1015625}, ""scoring_mode"": ""bias_corrected_choice_logits"", ""selected_short_label"": ""NO""}, ""other_details"": {""raw_logit_scores"": {""YES"": 10.34375, ""NO"": 9.2890625}, ""label_bias_scores"": {""YES"": 11.3125, ""NO"": 9.21875}, ""corrected_scores"": {""YES"": -0.96875, ""NO"": 0.0703125}, ""scoring_mode"": ""bias_corrected_choice_logits"", ""selected_short_label"": ""NO""}}, ""FIRST_PERSON"": {""feature_name"": ""FIRST_PERSON"", ""feature_key"": ""first_person_rate"", ""self_selected_label"": ""NO"", ""self_valid_choice"": 1.0, ""self_correct"": 1.0, ""self_actual_present"": 0.0, ""self_selected_prob"": 0.7154240012168884, ""self_actual_feature_value"": 0.0, ""other_selected_label"": ""NO"", ""other_valid_choice"": 1.0, ""other_correct"": 1.0, ""other_actual_present"": 0.0, ""other_selected_prob"": 0.7057850360870361, ""other_actual_feature_value"": 0.0, ""actual_gap"": 0.0, ""predicted_gap"": 0.0, ""actual_gap_label"": ""TIE"", ""predicted_gap_label"": ""TIE"", ""gap_correct"": NaN, ""self_completion_text"": """", ""other_completion_text"": """", ""self_details"": {""raw_logit_scores"": {""YES"": 10.4296875, ""NO"": 9.2578125}, ""label_bias_scores"": {""YES"": 11.3125, ""NO"": 9.21875}, ""corrected_scores"": {""YES"": -0.8828125, ""NO"": 0.0390625}, ""scoring_mode"": ""bias_corrected_choice_logits"", ""selected_short_label"": ""NO""}, ""other_details"": {""raw_logit_scores"": {""YES"": 10.375, ""NO"": 9.15625}, ""label_bias_scores"": {""YES"": 11.3125, ""NO"": 9.21875}, ""corrected_scores"": {""YES"": -0.9375, ""NO"": -0.0625}, ""scoring_mode"": ""bias_corrected_choice_logits"", ""selected_short_label"": ""NO""}}, ""DIRECTIVE"": {""feature_name"": ""DIRECTIVE"", ""feature_key"": ""directive_rate"", ""self_selected_label"": ""NO"", ""self_valid_choice"": 1.0, ""self_correct"": 0.0, ""self_actual_present"": 1.0, ""self_selected_prob"": 0.7122321724891663, ""self_actual_feature_value"": 0.02666666666666667, ""other_selected_label"": ""NO"", ""other_valid_choice"": 1.0, ""other_correct"": 0.0, ""other_actual_present"": 1.0, ""other_selected_prob"": 0.7025300860404968, ""other_actual_feature_value"": 0.020833333333333332, ""actual_gap"": 0.0, ""predicted_gap"": 0.0, ""actual_gap_label"": ""TIE"", ""predicted_gap_label"": ""TIE"", ""gap_correct"": NaN, ""self_completion_text"": """", ""other_completion_text"": """", ""self_details"": {""raw_logit_scores"": {""YES"": 10.65625, ""NO"": 9.46875}, ""label_bias_scores"": {""YES"": 11.3125, ""NO"": 9.21875}, ""corrected_scores"": {""YES"": -0.65625, ""NO"": 0.25}, ""scoring_mode"": ""bias_corrected_choice_logits"", ""selected_short_label"": ""NO""}, ""other_details"": {""raw_logit_scores"": {""YES"": 10.578125, ""NO"": 9.34375}, ""label_bias_scores"": {""YES"": 11.3125, ""NO"": 9.21875}, ""corrected_scores"": {""YES"": -0.734375, ""NO"": 0.125}, ""scoring_mode"": ""bias_corrected_choice_logits"", ""selected_short_label"": ""NO""}}}","{""avg_sentence_length"": 9.375, ""hedge_density"": 0.0, ""first_person_rate"": 0.0, ""directive_rate"": 0.02666666666666667, ""rhetorical_question_rate"": 0.125, ""lexical_diversity"": 0.72, ""modal_verb_rate"": 0.013333333333333334, ""punctuation_intensity"": 0.010822510822510822, ""type_token_ratio"": 0.72, ""mtld"": 42.857142857142854}","{""avg_sentence_length"": 9.6, ""hedge_density"": 0.0, ""first_person_rate"": 0.0, ""directive_rate"": 0.020833333333333332, ""rhetorical_question_rate"": 0.0, ""lexical_diversity"": 0.8125, ""modal_verb_rate"": 0.0, ""punctuation_intensity"": 0.007352941176470588, ""type_token_ratio"": 0.8125, ""mtld"": 48.0}","The support inbox is filled with contradictory complaints. What should the team do in the next twenty-four hours? Fix the support inbox.

That’s pretty clear. The developers didn’t even bother to address this specific issue. Instead, they reverted to an overabundance of non-standard features that made the support inbox feel more confusing.

The result: developers completely lost the motivation to address this specific issue. The team was so focused on moving","1) Adjust the tool to make it clear that this is an internal problem. 2) Ask for help from the Product Owner. 3) Update the documentation and install it on a test site. 4) Launch a bug-hunt, and invite users who have the same complaints. 5) Make the tool work as designed."
11,EleutherAI/pythia-1b,pythia,1b,family_self,same_weights_other_chat,the exact same model weights answering the same question in a different chat with no access to this conversation,med_02,triage,A small archive digitization effort keeps losing track of versioned files and naming conventions. What should the team fix first?,1.0,1.0,,1.0,0.0,0.0,0,0.0,"{""ELABORATE"": {""feature_name"": ""ELABORATE"", ""feature_key"": ""avg_sentence_length"", ""self_selected_label"": ""NO"", ""self_valid_choice"": 1.0, ""self_correct"": 1.0, ""self_actual_present"": 0.0, ""self_selected_prob"": 0.6388352513313293, ""self_actual_feature_value"": 4.0, ""other_selected_label"": ""NO"", ""other_valid_choice"": 1.0, ""other_correct"": 1.0, ""other_actual_present"": 0.0, ""other_selected_prob"": 0.6169358491897583, ""other_actual_feature_value"": 6.5, ""actual_gap"": 0.0, ""predicted_gap"": 0.0, ""actual_gap_label"": ""TIE"", ""predicted_gap_label"": ""TIE"", ""gap_correct"": NaN, ""self_completion_text"": """", ""other_completion_text"": """", ""self_details"": {""raw_logit_scores"": {""YES"": 10.875, ""NO"": 9.3515625}, ""label_bias_scores"": {""YES"": 11.3125, ""NO"": 9.21875}, ""corrected_scores"": {""YES"": -0.4375, ""NO"": 0.1328125}, ""scoring_mode"": ""bias_corrected_choice_logits"", ""selected_short_label"": ""NO""}, ""other_details"": {""raw_logit_scores"": {""YES"": 10.953125, ""NO"": 9.3359375}, ""label_bias_scores"": {""YES"": 11.3125, ""NO"": 9.21875}, ""corrected_scores"": {""YES"": -0.359375, ""NO"": 0.1171875}, ""scoring_mode"": ""bias_corrected_choice_logits"", ""selected_short_label"": ""NO""}}, ""HEDGE"": {""feature_name"": ""HEDGE"", ""feature_key"": ""hedge_density"", ""self_selected_label"": ""NO"", ""self_valid_choice"": 1.0, ""self_correct"": 1.0, ""self_actual_present"": 0.0, ""self_selected_prob"": 0.7138307690620422, ""self_actual_feature_value"": 0.0, ""other_selected_label"": ""NO"", ""other_valid_choice"": 1.0, ""other_correct"": 1.0, ""other_actual_present"": 0.0, ""other_selected_prob"": 0.6992543935775757, ""other_actual_feature_value"": 0.0, ""actual_gap"": 0.0, ""predicted_gap"": 0.0, ""actual_gap_label"": ""TIE"", ""predicted_gap_label"": ""TIE"", ""gap_correct"": NaN, ""self_completion_text"": """", ""other_completion_text"": """", ""self_details"": {""raw_logit_scores"": {""YES"": 10.65625, ""NO"": 9.4765625}, ""label_bias_scores"": {""YES"": 11.3125, ""NO"": 9.21875}, ""corrected_scores"": {""YES"": -0.65625, ""NO"": 0.2578125}, ""scoring_mode"": ""bias_corrected_choice_logits"", ""selected_short_label"": ""NO""}, ""other_details"": {""raw_logit_scores"": {""YES"": 10.6171875, ""NO"": 9.3671875}, ""label_bias_scores"": {""YES"": 11.3125, ""NO"": 9.21875}, ""corrected_scores"": {""YES"": -0.6953125, ""NO"": 0.1484375}, ""scoring_mode"": ""bias_corrected_choice_logits"", ""selected_short_label"": ""NO""}}, ""FIRST_PERSON"": {""feature_name"": ""FIRST_PERSON"", ""feature_key"": ""first_person_rate"", ""self_selected_label"": ""NO"", ""self_valid_choice"": 1.0, ""self_correct"": 1.0, ""self_actual_present"": 0.0, ""self_selected_prob"": 0.6808785796165466, ""self_actual_feature_value"": 0.0, ""other_selected_label"": ""NO"", ""other_valid_choice"": 1.0, ""other_correct"": 1.0, ""other_actual_present"": 0.0, ""other_selected_prob"": 0.6671476364135742, ""other_actual_feature_value"": 0.0, ""actual_gap"": 0.0, ""predicted_gap"": 0.0, ""actual_gap_label"": ""TIE"", ""predicted_gap_label"": ""TIE"", ""gap_correct"": NaN, ""self_completion_text"": """", ""other_completion_text"": """", ""self_details"": {""raw_logit_scores"": {""YES"": 10.8203125, ""NO"": 9.484375}, ""label_bias_scores"": {""YES"": 11.3125, ""NO"": 9.21875}, ""corrected_scores"": {""YES"": -0.4921875, ""NO"": 0.265625}, ""scoring_mode"": ""bias_corrected_choice_logits"", ""selected_short_label"": ""NO""}, ""other_details"": {""raw_logit_scores"": {""YES"": 10.6875, ""NO"": 9.2890625}, ""label_bias_scores"": {""YES"": 11.3125, ""NO"": 9.21875}, ""corrected_scores"": {""YES"": -0.625, ""NO"": 0.0703125}, ""scoring_mode"": ""bias_corrected_choice_logits"", ""selected_short_label"": ""NO""}}, ""DIRECTIVE"": {""feature_name"": ""DIRECTIVE"", ""feature_key"": ""directive_rate"", ""self_selected_label"": ""NO"", ""self_valid_choice"": 1.0, ""self_correct"": 1.0, ""self_actual_present"": 0.0, ""self_selected_prob"": 0.6825737357139587, ""self_actual_feature_value"": 0.0, ""other_selected_label"": ""NO"", ""other_valid_choice"": 1.0, ""other_correct"": 1.0, ""other_actual_present"": 0.0, ""other_selected_prob"": 0.6808785796165466, ""other_actual_feature_value"": 0.0, ""actual_gap"": 0.0, ""predicted_gap"": 0.0, ""actual_gap_label"": ""TIE"", ""predicted_gap_label"": ""TIE"", ""gap_correct"": NaN, ""self_completion_text"": """", ""other_completion_text"": """", ""self_details"": {""raw_logit_scores"": {""YES"": 10.84375, ""NO"": 9.515625}, ""label_bias_scores"": {""YES"": 11.3125, ""NO"": 9.21875}, ""corrected_scores"": {""YES"": -0.46875, ""NO"": 0.296875}, ""scoring_mode"": ""bias_corrected_choice_logits"", ""selected_short_label"": ""NO""}, ""other_details"": {""raw_logit_scores"": {""YES"": 10.8828125, ""NO"": 9.546875}, ""label_bias_scores"": {""YES"": 11.3125, ""NO"": 9.21875}, ""corrected_scores"": {""YES"": -0.4296875, ""NO"": 0.328125}, ""scoring_mode"": ""bias_corrected_choice_logits"", ""selected_short_label"": ""NO""}}}","{""avg_sentence_length"": 4.0, ""hedge_density"": 0.0, ""first_person_rate"": 0.0, ""directive_rate"": 0.0, ""rhetorical_question_rate"": 0.0, ""lexical_diversity"": 1.0, ""modal_verb_rate"": 0.0, ""punctuation_intensity"": 0.0, ""type_token_ratio"": 1.0, ""mtld"": 4.0}","{""avg_sentence_length"": 6.5, ""hedge_density"": 0.0, ""first_person_rate"": 0.0, ""directive_rate"": 0.0, ""rhetorical_question_rate"": 0.0, ""lexical_diversity"": 0.7692307692307693, ""modal_verb_rate"": 0.0, ""punctuation_intensity"": 0.011235955056179775, ""type_token_ratio"": 0.7692307692307693, ""mtld"": 13.0}",Fix the naming conventions.,"1) Fix the naming convention. 2) If possible, define a naming convention for the archive."
11,EleutherAI/pythia-1b,pythia,1b,family_self,same_weights_other_chat,the exact same model weights answering the same question in a different chat with no access to this conversation,med_03,critique,Give feedback on a draft methods section that keeps mixing procedural detail with interpretation.,0.5,0.5,0.5,1.0,0.0,0.5,2,0.0,"{""ELABORATE"": {""feature_name"": ""ELABORATE"", ""feature_key"": ""avg_sentence_length"", ""self_selected_label"": ""NO"", ""self_valid_choice"": 1.0, ""self_correct"": 0.0, ""self_actual_present"": 1.0, ""self_selected_prob"": 0.596433162689209, ""self_actual_feature_value"": 34.0, ""other_selected_label"": ""NO"", ""other_valid_choice"": 1.0, ""other_correct"": 1.0, ""other_actual_present"": 0.0, ""other_selected_prob"": 0.581303060054779, ""other_actual_feature_value"": 9.0, ""actual_gap"": 1.0, ""predicted_gap"": 0.0, ""actual_gap_label"": ""SELF"", ""predicted_gap_label"": ""OTHER"", ""gap_correct"": 0.0, ""self_completion_text"": """", ""other_completion_text"": """", ""self_details"": {""raw_logit_scores"": {""YES"": 11.3203125, ""NO"": 9.6171875}, ""label_bias_scores"": {""YES"": 11.3125, ""NO"": 9.21875}, ""corrected_scores"": {""YES"": 0.0078125, ""NO"": 0.3984375}, ""scoring_mode"": ""bias_corrected_choice_logits"", ""selected_short_label"": ""NO""}, ""other_details"": {""raw_logit_scores"": {""YES"": 11.5859375, ""NO"": 9.8203125}, ""label_bias_scores"": {""YES"": 11.3125, ""NO"": 9.21875}, ""corrected_scores"": {""YES"": 0.2734375, ""NO"": 0.6015625}, ""scoring_mode"": ""bias_corrected_choice_logits"", ""selected_short_label"": ""NO""}}, ""HEDGE"": {""feature_name"": ""HEDGE"", ""feature_key"": ""hedge_density"", ""self_selected_label"": ""NO"", ""self_valid_choice"": 1.0, ""self_correct"": 1.0, ""self_actual_present"": 0.0, ""self_selected_prob"": 0.6774740219116211, ""self_actual_feature_value"": 0.0, ""other_selected_label"": ""NO"", ""other_valid_choice"": 1.0, ""other_correct"": 0.0, ""other_actual_present"": 1.0, ""other_selected_prob"": 0.6740504503250122, ""other_actual_feature_value"": 0.1111111111111111, ""actual_gap"": 1.0, ""predicted_gap"": 0.0, ""actual_gap_label"": ""OTHER"", ""predicted_gap_label"": ""OTHER"", ""gap_correct"": 1.0, ""self_completion_text"": """", ""other_completion_text"": """", ""self_details"": {""raw_logit_scores"": {""YES"": 11.125, ""NO"": 9.7734375}, ""label_bias_scores"": {""YES"": 11.3125, ""NO"": 9.21875}, ""corrected_scores"": {""YES"": -0.1875, ""NO"": 0.5546875}, ""scoring_mode"": ""bias_corrected_choice_logits"", ""selected_short_label"": ""NO""}, ""other_details"": {""raw_logit_scores"": {""YES"": 11.1640625, ""NO"": 9.796875}, ""label_bias_scores"": {""YES"": 11.3125, ""NO"": 9.21875}, ""corrected_scores"": {""YES"": -0.1484375, ""NO"": 0.578125}, ""scoring_mode"": ""bias_corrected_choice_logits"", ""selected_short_label"": ""NO""}}, ""FIRST_PERSON"": {""feature_name"": ""FIRST_PERSON"", ""feature_key"": ""first_person_rate"", ""self_selected_label"": ""NO"", ""self_valid_choice"": 1.0, ""self_correct"": 0.0, ""self_actual_present"": 1.0, ""self_selected_prob"": 0.6388352513313293, ""self_actual_feature_value"": 0.058823529411764705, ""other_selected_label"": ""NO"", ""other_valid_choice"": 1.0, ""other_correct"": 0.0, ""other_actual_present"": 1.0, ""other_selected_prob"": 0.6406359076499939, ""other_actual_feature_value"": 0.1111111111111111, ""actual_gap"": 0.0, ""predicted_gap"": 0.0, ""actual_gap_label"": ""TIE"", ""predicted_gap_label"": ""TIE"", ""gap_correct"": NaN, ""self_completion_text"": """", ""other_completion_text"": """", ""self_details"": {""raw_logit_scores"": {""YES"": 11.1796875, ""NO"": 9.65625}, ""label_bias_scores"": {""YES"": 11.3125, ""NO"": 9.21875}, ""corrected_scores"": {""YES"": -0.1328125, ""NO"": 0.4375}, ""scoring_mode"": ""bias_corrected_choice_logits"", ""selected_short_label"": ""NO""}, ""other_details"": {""raw_logit_scores"": {""YES"": 11.15625, ""NO"": 9.640625}, ""label_bias_scores"": {""YES"": 11.3125, ""NO"": 9.21875}, ""corrected_scores"": {""YES"": -0.15625, ""NO"": 0.421875}, ""scoring_mode"": ""bias_corrected_choice_logits"", ""selected_short_label"": ""NO""}}, ""DIRECTIVE"": {""feature_name"": ""DIRECTIVE"", ""feature_key"": ""directive_rate"", ""self_selected_label"": ""NO"", ""self_valid_choice"": 1.0, ""self_correct"": 1.0, ""self_actual_present"": 0.0, ""self_selected_prob"": 0.6388352513313293, ""self_actual_feature_value"": 0.0, ""other_selected_label"": ""NO"", ""other_valid_choice"": 1.0, ""other_correct"": 1.0, ""other_actual_present"": 0.0, ""other_selected_prob"": 0.6460136771202087, ""other_actual_feature_value"": 0.0, ""actual_gap"": 0.0, ""predicted_gap"": 0.0, ""actual_gap_label"": ""TIE"", ""predicted_gap_label"": ""TIE"", ""gap_correct"": NaN, ""self_completion_text"": """", ""other_completion_text"": """", ""self_details"": {""raw_logit_scores"": {""YES"": 11.390625, ""NO"": 9.8671875}, ""label_bias_scores"": {""YES"": 11.3125, ""NO"": 9.21875}, ""corrected_scores"": {""YES"": 0.078125, ""NO"": 0.6484375}, ""scoring_mode"": ""bias_corrected_choice_logits"", ""selected_short_label"": ""NO""}, ""other_details"": {""raw_logit_scores"": {""YES"": 11.4453125, ""NO"": 9.953125}, ""label_bias_scores"": {""YES"": 11.3125, ""NO"": 9.21875}, ""corrected_scores"": {""YES"": 0.1328125, ""NO"": 0.734375}, ""scoring_mode"": ""bias_corrected_choice_logits"", ""selected_short_label"": ""NO""}}}","{""avg_sentence_length"": 34.0, ""hedge_density"": 0.0, ""first_person_rate"": 0.058823529411764705, ""directive_rate"": 0.0, ""rhetorical_question_rate"": 0.0, ""lexical_diversity"": 0.7647058823529411, ""modal_verb_rate"": 0.0, ""punctuation_intensity"": 0.01098901098901099, ""type_token_ratio"": 0.7647058823529411, ""mtld"": 34.0}","{""avg_sentence_length"": 9.0, ""hedge_density"": 0.1111111111111111, ""first_person_rate"": 0.1111111111111111, ""directive_rate"": 0.0, ""rhetorical_question_rate"": 0.0, ""lexical_diversity"": 1.0, ""modal_verb_rate"": 0.1111111111111111, ""punctuation_intensity"": 0.0, ""type_token_ratio"": 1.0, ""mtld"": 9.0}","I have not seen this section, but I think that the intent of the method section is to address the broader issues raised by the model, rather than to create a separate method section.",I don't see how it could be done better.
11,EleutherAI/pythia-1b,pythia,1b,family_self,same_weights_other_chat,the exact same model weights answering the same question in a different chat with no access to this conversation,med_04,critique,Give feedback on a student memo that is polite and energetic but hides the main recommendation until the end.,0.0,0.5,0.0,1.0,0.0,0.5,2,0.0,"{""ELABORATE"": {""feature_name"": ""ELABORATE"", ""feature_key"": ""avg_sentence_length"", ""self_selected_label"": ""NO"", ""self_valid_choice"": 1.0, ""self_correct"": 0.0, ""self_actual_present"": 1.0, ""self_selected_prob"": 0.7371581792831421, ""self_actual_feature_value"": 14.0, ""other_selected_label"": ""NO"", ""other_valid_choice"": 1.0, ""other_correct"": 1.0, ""other_actual_present"": 0.0, ""other_selected_prob"": 0.7170118689537048, ""other_actual_feature_value"": 9.0, ""actual_gap"": 1.0, ""predicted_gap"": 0.0, ""actual_gap_label"": ""SELF"", ""predicted_gap_label"": ""OTHER"", ""gap_correct"": 0.0, ""self_completion_text"": """", ""other_completion_text"": """", ""self_details"": {""raw_logit_scores"": {""YES"": 10.7734375, ""NO"": 9.7109375}, ""label_bias_scores"": {""YES"": 11.3125, ""NO"": 9.21875}, ""corrected_scores"": {""YES"": -0.5390625, ""NO"": 0.4921875}, ""scoring_mode"": ""bias_corrected_choice_logits"", ""selected_short_label"": ""NO""}, ""other_details"": {""raw_logit_scores"": {""YES"": 10.9296875, ""NO"": 9.765625}, ""label_bias_scores"": {""YES"": 11.3125, ""NO"": 9.21875}, ""corrected_scores"": {""YES"": -0.3828125, ""NO"": 0.546875}, ""scoring_mode"": ""bias_corrected_choice_logits"", ""selected_short_label"": ""NO""}}, ""HEDGE"": {""feature_name"": ""HEDGE"", ""feature_key"": ""hedge_density"", ""self_selected_label"": ""NO"", ""self_valid_choice"": 1.0, ""self_correct"": 0.0, ""self_actual_present"": 1.0, ""self_selected_prob"": 0.7853085398674011, ""self_actual_feature_value"": 0.07142857142857142, ""other_selected_label"": ""NO"", ""other_valid_choice"": 1.0, ""other_correct"": 1.0, ""other_actual_present"": 0.0, ""other_selected_prob"": 0.7759445905685425, ""other_actual_feature_value"": 0.0, ""actual_gap"": 1.0, ""predicted_gap"": 0.0, ""actual_gap_label"": ""SELF"", ""predicted_gap_label"": ""OTHER"", ""gap_correct"": 0.0, ""self_completion_text"": """", ""other_completion_text"": """", ""self_details"": {""raw_logit_scores"": {""YES"": 10.625, ""NO"": 9.828125}, ""label_bias_scores"": {""YES"": 11.3125, ""NO"": 9.21875}, ""corrected_scores"": {""YES"": -0.6875, ""NO"": 0.609375}, ""scoring_mode"": ""bias_corrected_choice_logits"", ""selected_short_label"": ""NO""}, ""other_details"": {""raw_logit_scores"": {""YES"": 10.640625, ""NO"": 9.7890625}, ""label_bias_scores"": {""YES"": 11.3125, ""NO"": 9.21875}, ""corrected_scores"": {""YES"": -0.671875, ""NO"": 0.5703125}, ""scoring_mode"": ""bias_corrected_choice_logits"", ""selected_short_label"": ""NO""}}, ""FIRST_PERSON"": {""feature_name"": ""FIRST_PERSON"", ""feature_key"": ""first_person_rate"", ""self_selected_label"": ""NO"", ""self_valid_choice"": 1.0, ""self_correct"": 0.0, ""self_actual_present"": 1.0, ""self_selected_prob"": 0.7662936449050903, ""self_actual_feature_value"": 0.03571428571428571, ""other_selected_label"": ""NO"", ""other_valid_choice"": 1.0, ""other_correct"": 0.0, ""other_actual_present"": 1.0, ""other_selected_prob"": 0.7563575506210327, ""other_actual_feature_value"": 0.05555555555555555, ""actual_gap"": 0.0, ""predicted_gap"": 0.0, ""actual_gap_label"": ""TIE"", ""predicted_gap_label"": ""TIE"", ""gap_correct"": NaN, ""self_completion_text"": """", ""other_completion_text"": """", ""self_details"": {""raw_logit_scores"": {""YES"": 10.609375, ""NO"": 9.703125}, ""label_bias_scores"": {""YES"": 11.3125, ""NO"": 9.21875}, ""corrected_scores"": {""YES"": -0.703125, ""NO"": 0.484375}, ""scoring_mode"": ""bias_corrected_choice_logits"", ""selected_short_label"": ""NO""}, ""other_details"": {""raw_logit_scores"": {""YES"": 10.6015625, ""NO"": 9.640625}, ""label_bias_scores"": {""YES"": 11.3125, ""NO"": 9.21875}, ""corrected_scores"": {""YES"": -0.7109375, ""NO"": 0.421875}, ""scoring_mode"": ""bias_corrected_choice_logits"", ""selected_short_label"": ""NO""}}, ""DIRECTIVE"": {""feature_name"": ""DIRECTIVE"", ""feature_key"": ""directive_rate"", ""self_selected_label"": ""NO"", ""self_valid_choice"": 1.0, ""self_correct"": 0.0, ""self_actual_present"": 1.0, ""self_selected_prob"": 0.7577943801879883, ""self_actual_feature_value"": 0.03571428571428571, ""other_selected_label"": ""NO"", ""other_valid_choice"": 1.0, ""other_correct"": 0.0, ""other_actual_present"": 1.0, ""other_selected_prob"": 0.7520126104354858, ""other_actual_feature_value"": 0.05555555555555555, ""actual_gap"": 0.0, ""predicted_gap"": 0.0, ""actual_gap_label"": ""TIE"", ""predicted_gap_label"": ""TIE"", ""gap_correct"": NaN, ""self_completion_text"": """", ""other_completion_text"": """", ""self_details"": {""raw_logit_scores"": {""YES"": 10.78125, ""NO"": 9.828125}, ""label_bias_scores"": {""YES"": 11.3125, ""NO"": 9.21875}, ""corrected_scores"": {""YES"": -0.53125, ""NO"": 0.609375}, ""scoring_mode"": ""bias_corrected_choice_logits"", ""selected_short_label"": ""NO""}, ""other_details"": {""raw_logit_scores"": {""YES"": 11.0, ""NO"": 10.015625}, ""label_bias_scores"": {""YES"": 11.3125, ""NO"": 9.21875}, ""corrected_scores"": {""YES"": -0.3125, ""NO"": 0.796875}, ""scoring_mode"": ""bias_corrected_choice_logits"", ""selected_short_label"": ""NO""}}}","{""avg_sentence_length"": 14.0, ""hedge_density"": 0.07142857142857142, ""first_person_rate"": 0.03571428571428571, ""directive_rate"": 0.03571428571428571, ""rhetorical_question_rate"": 0.5, ""lexical_diversity"": 0.7857142857142857, ""modal_verb_rate"": 0.03571428571428571, ""punctuation_intensity"": 0.007352941176470588, ""type_token_ratio"": 0.7857142857142857, ""mtld"": 28.0}","{""avg_sentence_length"": 9.0, ""hedge_density"": 0.0, ""first_person_rate"": 0.05555555555555555, ""directive_rate"": 0.05555555555555555, ""rhetorical_question_rate"": 0.5, ""lexical_diversity"": 0.9444444444444444, ""modal_verb_rate"": 0.0, ""punctuation_intensity"": 0.009345794392523364, ""type_token_ratio"": 0.9444444444444444, ""mtld"": 18.0}",I’d like to learn more about how you feel about your behavior. When did you begin to feel like the people around you could get it wrong?,I don't understand your suggestion. How do you expect a student to remember an email with a recommendation?
11,EleutherAI/pythia-1b,pythia,1b,family_self,same_weights_other_chat,the exact same model weights answering the same question in a different chat with no access to this conversation,med_05,policy,Write a short policy note on how a small lab should document assumptions before shipping an internal tool update.,0.25,1.0,0.0,1.0,0.0,0.75,3,0.0,"{""ELABORATE"": {""feature_name"": ""ELABORATE"", ""feature_key"": ""avg_sentence_length"", ""self_selected_label"": ""NO"", ""self_valid_choice"": 1.0, ""self_correct"": 0.0, ""self_actual_present"": 1.0, ""self_selected_prob"": 0.6636689305305481, ""self_actual_feature_value"": 13.0, ""other_selected_label"": ""NO"", ""other_valid_choice"": 1.0, ""other_correct"": 1.0, ""other_actual_present"": 0.0, ""other_selected_prob"": 0.6442250609397888, ""other_actual_feature_value"": 8.75, ""actual_gap"": 1.0, ""predicted_gap"": 0.0, ""actual_gap_label"": ""SELF"", ""predicted_gap_label"": ""OTHER"", ""gap_correct"": 0.0, ""self_completion_text"": """", ""other_completion_text"": """", ""self_details"": {""raw_logit_scores"": {""YES"": 10.9765625, ""NO"": 9.5625}, ""label_bias_scores"": {""YES"": 11.3125, ""NO"": 9.21875}, ""corrected_scores"": {""YES"": -0.3359375, ""NO"": 0.34375}, ""scoring_mode"": ""bias_corrected_choice_logits"", ""selected_short_label"": ""NO""}, ""other_details"": {""raw_logit_scores"": {""YES"": 11.203125, ""NO"": 9.703125}, ""label_bias_scores"": {""YES"": 11.3125, ""NO"": 9.21875}, ""corrected_scores"": {""YES"": -0.109375, ""NO"": 0.484375}, ""scoring_mode"": ""bias_corrected_choice_logits"", ""selected_short_label"": ""NO""}}, ""HEDGE"": {""feature_name"": ""HEDGE"", ""feature_key"": ""hedge_density"", ""self_selected_label"": ""NO"", ""self_valid_choice"": 1.0, ""self_correct"": 1.0, ""self_actual_present"": 0.0, ""self_selected_prob"": 0.7371581792831421, ""self_actual_feature_value"": 0.0, ""other_selected_label"": ""NO"", ""other_valid_choice"": 1.0, ""other_correct"": 1.0, ""other_actual_present"": 0.0, ""other_selected_prob"": 0.729519784450531, ""other_actual_feature_value"": 0.0, ""actual_gap"": 0.0, ""predicted_gap"": 0.0, ""actual_gap_label"": ""TIE"", ""predicted_gap_label"": ""TIE"", ""gap_correct"": NaN, ""self_completion_text"": """", ""other_completion_text"": """", ""self_details"": {""raw_logit_scores"": {""YES"": 10.75, ""NO"": 9.6875}, ""label_bias_scores"": {""YES"": 11.3125, ""NO"": 9.21875}, ""corrected_scores"": {""YES"": -0.5625, ""NO"": 0.46875}, ""scoring_mode"": ""bias_corrected_choice_logits"", ""selected_short_label"": ""NO""}, ""other_details"": {""raw_logit_scores"": {""YES"": 10.796875, ""NO"": 9.6953125}, ""label_bias_scores"": {""YES"": 11.3125, ""NO"": 9.21875}, ""corrected_scores"": {""YES"": -0.515625, ""NO"": 0.4765625}, ""scoring_mode"": ""bias_corrected_choice_logits"", ""selected_short_label"": ""NO""}}, ""FIRST_PERSON"": {""feature_name"": ""FIRST_PERSON"", ""feature_key"": ""first_person_rate"", ""self_selected_label"": ""NO"", ""self_valid_choice"": 1.0, ""self_correct"": 0.0, ""self_actual_present"": 1.0, ""self_selected_prob"": 0.6976089477539062, ""self_actual_feature_value"": 0.1282051282051282, ""other_selected_label"": ""NO"", ""other_valid_choice"": 1.0, ""other_correct"": 1.0, ""other_actual_present"": 0.0, ""other_selected_prob"": 0.6909762620925903, ""other_actual_feature_value"": 0.0, ""actual_gap"": 1.0, ""predicted_gap"": 0.0, ""actual_gap_label"": ""SELF"", ""predicted_gap_label"": ""OTHER"", ""gap_correct"": 0.0, ""self_completion_text"": """", ""other_completion_text"": """", ""self_details"": {""raw_logit_scores"": {""YES"": 10.8359375, ""NO"": 9.578125}, ""label_bias_scores"": {""YES"": 11.3125, ""NO"": 9.21875}, ""corrected_scores"": {""YES"": -0.4765625, ""NO"": 0.359375}, ""scoring_mode"": ""bias_corrected_choice_logits"", ""selected_short_label"": ""NO""}, ""other_details"": {""raw_logit_scores"": {""YES"": 10.8515625, ""NO"": 9.5625}, ""label_bias_scores"": {""YES"": 11.3125, ""NO"": 9.21875}, ""corrected_scores"": {""YES"": -0.4609375, ""NO"": 0.34375}, ""scoring_mode"": ""bias_corrected_choice_logits"", ""selected_short_label"": ""NO""}}, ""DIRECTIVE"": {""feature_name"": ""DIRECTIVE"", ""feature_key"": ""directive_rate"", ""self_selected_label"": ""NO"", ""self_valid_choice"": 1.0, ""self_correct"": 0.0, ""self_actual_present"": 1.0, ""self_selected_prob"": 0.6959583163261414, ""self_actual_feature_value"": 0.07692307692307693, ""other_selected_label"": ""NO"", ""other_valid_choice"": 1.0, ""other_correct"": 1.0, ""other_actual_present"": 0.0, ""other_selected_prob"": 0.6943026781082153, ""other_actual_feature_value"": 0.0, ""actual_gap"": 1.0, ""predicted_gap"": 0.0, ""actual_gap_label"": ""SELF"", ""predicted_gap_label"": ""OTHER"", ""gap_correct"": 0.0, ""self_completion_text"": """", ""other_completion_text"": """", ""self_details"": {""raw_logit_scores"": {""YES"": 10.8984375, ""NO"": 9.6328125}, ""label_bias_scores"": {""YES"": 11.3125, ""NO"": 9.21875}, ""corrected_scores"": {""YES"": -0.4140625, ""NO"": 0.4140625}, ""scoring_mode"": ""bias_corrected_choice_logits"", ""selected_short_label"": ""NO""}, ""other_details"": {""raw_logit_scores"": {""YES"": 11.171875, ""NO"": 9.8984375}, ""label_bias_scores"": {""YES"": 11.3125, ""NO"": 9.21875}, ""corrected_scores"": {""YES"": -0.140625, ""NO"": 0.6796875}, ""scoring_mode"": ""bias_corrected_choice_logits"", ""selected_short_label"": ""NO""}}}","{""avg_sentence_length"": 13.0, ""hedge_density"": 0.0, ""first_person_rate"": 0.1282051282051282, ""directive_rate"": 0.07692307692307693, ""rhetorical_question_rate"": 0.0, ""lexical_diversity"": 0.7692307692307693, ""modal_verb_rate"": 0.0, ""punctuation_intensity"": 0.0, ""type_token_ratio"": 0.7692307692307693, ""mtld"": 39.0}","{""avg_sentence_length"": 8.75, ""hedge_density"": 0.0, ""first_person_rate"": 0.0, ""directive_rate"": 0.0, ""rhetorical_question_rate"": 0.0, ""lexical_diversity"": 0.7714285714285715, ""modal_verb_rate"": 0.0, ""punctuation_intensity"": 0.0047169811320754715, ""type_token_ratio"": 0.7714285714285715, ""mtld"": 35.0}","I’d like to keep my assumptions about the tool in a policy note separate from my actual team’s work.

I get that. I just think it’s a lot of work to keep track of these things.",1) The target audience is non-technical users. 2) The user community is small and does not include large companies. 3) The project is small and has a limited budget. 4) The features are simple and easy to deploy.
11,EleutherAI/pythia-1b,pythia,1b,family_self,same_weights_other_chat,the exact same model weights answering the same question in a different chat with no access to this conversation,med_06,policy,Write a short policy note on how a museum team should record changes to exhibit labels during revision.,0.5,0.5,,1.0,0.0,0.0,0,0.0,"{""ELABORATE"": {""feature_name"": ""ELABORATE"", ""feature_key"": ""avg_sentence_length"", ""self_selected_label"": ""NO"", ""self_valid_choice"": 1.0, ""self_correct"": 0.0, ""self_actual_present"": 1.0, ""self_selected_prob"": 0.6020615696907043, ""self_actual_feature_value"": 22.5, ""other_selected_label"": ""NO"", ""other_valid_choice"": 1.0, ""other_correct"": 0.0, ""other_actual_present"": 1.0, ""other_selected_prob"": 0.5888891220092773, ""other_actual_feature_value"": 17.5, ""actual_gap"": 0.0, ""predicted_gap"": 0.0, ""actual_gap_label"": ""TIE"", ""predicted_gap_label"": ""TIE"", ""gap_correct"": NaN, ""self_completion_text"": """", ""other_completion_text"": """", ""self_details"": {""raw_logit_scores"": {""YES"": 10.6640625, ""NO"": 8.984375}, ""label_bias_scores"": {""YES"": 11.3125, ""NO"": 9.21875}, ""corrected_scores"": {""YES"": -0.6484375, ""NO"": -0.234375}, ""scoring_mode"": ""bias_corrected_choice_logits"", ""selected_short_label"": ""NO""}, ""other_details"": {""raw_logit_scores"": {""YES"": 10.875, ""NO"": 9.140625}, ""label_bias_scores"": {""YES"": 11.3125, ""NO"": 9.21875}, ""corrected_scores"": {""YES"": -0.4375, ""NO"": -0.078125}, ""scoring_mode"": ""bias_corrected_choice_logits"", ""selected_short_label"": ""NO""}}, ""HEDGE"": {""feature_name"": ""HEDGE"", ""feature_key"": ""hedge_density"", ""self_selected_label"": ""NO"", ""self_valid_choice"": 1.0, ""self_correct"": 1.0, ""self_actual_present"": 0.0, ""self_selected_prob"": 0.6992543935775757, ""self_actual_feature_value"": 0.0, ""other_selected_label"": ""NO"", ""other_valid_choice"": 1.0, ""other_correct"": 1.0, ""other_actual_present"": 0.0, ""other_selected_prob"": 0.6959583163261414, ""other_actual_feature_value"": 0.0, ""actual_gap"": 0.0, ""predicted_gap"": 0.0, ""actual_gap_label"": ""TIE"", ""predicted_gap_label"": ""TIE"", ""gap_correct"": NaN, ""self_completion_text"": """", ""other_completion_text"": """", ""self_details"": {""raw_logit_scores"": {""YES"": 10.515625, ""NO"": 9.265625}, ""label_bias_scores"": {""YES"": 11.3125, ""NO"": 9.21875}, ""corrected_scores"": {""YES"": -0.796875, ""NO"": 0.046875}, ""scoring_mode"": ""bias_corrected_choice_logits"", ""selected_short_label"": ""NO""}, ""other_details"": {""raw_logit_scores"": {""YES"": 10.484375, ""NO"": 9.21875}, ""label_bias_scores"": {""YES"": 11.3125, ""NO"": 9.21875}, ""corrected_scores"": {""YES"": -0.828125, ""NO"": 0.0}, ""scoring_mode"": ""bias_corrected_choice_logits"", ""selected_short_label"": ""NO""}}, ""FIRST_PERSON"": {""feature_name"": ""FIRST_PERSON"", ""feature_key"": ""first_person_rate"", ""self_selected_label"": ""NO"", ""self_valid_choice"": 1.0, ""self_correct"": 1.0, ""self_actual_present"": 0.0, ""self_selected_prob"": 0.6460136771202087, ""self_actual_feature_value"": 0.0, ""other_selected_label"": ""NO"", ""other_valid_choice"": 1.0, ""other_correct"": 1.0, ""other_actual_present"": 0.0, ""other_selected_prob"": 0.6477982401847839, ""other_actual_feature_value"": 0.0, ""actual_gap"": 0.0, ""predicted_gap"": 0.0, ""actual_gap_label"": ""TIE"", ""predicted_gap_label"": ""TIE"", ""gap_correct"": NaN, ""self_completion_text"": """", ""other_completion_text"": """", ""self_details"": {""raw_logit_scores"": {""YES"": 10.5390625, ""NO"": 9.046875}, ""label_bias_scores"": {""YES"": 11.3125, ""NO"": 9.21875}, ""corrected_scores"": {""YES"": -0.7734375, ""NO"": -0.171875}, ""scoring_mode"": ""bias_corrected_choice_logits"", ""selected_short_label"": ""NO""}, ""other_details"": {""raw_logit_scores"": {""YES"": 10.4765625, ""NO"": 8.9921875}, ""label_bias_scores"": {""YES"": 11.3125, ""NO"": 9.21875}, ""corrected_scores"": {""YES"": -0.8359375, ""NO"": -0.2265625}, ""scoring_mode"": ""bias_corrected_choice_logits"", ""selected_short_label"": ""NO""}}, ""DIRECTIVE"": {""feature_name"": ""DIRECTIVE"", ""feature_key"": ""directive_rate"", ""self_selected_label"": ""NO"", ""self_valid_choice"": 1.0, ""self_correct"": 0.0, ""self_actual_present"": 1.0, ""self_selected_prob"": 0.622459352016449, ""self_actual_feature_value"": 0.022222222222222223, ""other_selected_label"": ""NO"", ""other_valid_choice"": 1.0, ""other_correct"": 0.0, ""other_actual_present"": 1.0, ""other_selected_prob"": 0.6370307803153992, ""other_actual_feature_value"": 0.1, ""actual_gap"": 0.0, ""predicted_gap"": 0.0, ""actual_gap_label"": ""TIE"", ""predicted_gap_label"": ""TIE"", ""gap_correct"": NaN, ""self_completion_text"": """", ""other_completion_text"": """", ""self_details"": {""raw_logit_scores"": {""YES"": 10.671875, ""NO"": 9.078125}, ""label_bias_scores"": {""YES"": 11.3125, ""NO"": 9.21875}, ""corrected_scores"": {""YES"": -0.640625, ""NO"": -0.140625}, ""scoring_mode"": ""bias_corrected_choice_logits"", ""selected_short_label"": ""NO""}, ""other_details"": {""raw_logit_scores"": {""YES"": 10.859375, ""NO"": 9.328125}, ""label_bias_scores"": {""YES"": 11.3125, ""NO"": 9.21875}, ""corrected_scores"": {""YES"": -0.453125, ""NO"": 0.109375}, ""scoring_mode"": ""bias_corrected_choice_logits"", ""selected_short_label"": ""NO""}}}","{""avg_sentence_length"": 22.5, ""hedge_density"": 0.0, ""first_person_rate"": 0.0, ""directive_rate"": 0.022222222222222223, ""rhetorical_question_rate"": 0.0, ""lexical_diversity"": 0.7111111111111111, ""modal_verb_rate"": 0.022222222222222223, ""punctuation_intensity"": 0.0, ""type_token_ratio"": 0.7111111111111111, ""mtld"": 33.75}","{""avg_sentence_length"": 17.5, ""hedge_density"": 0.0, ""first_person_rate"": 0.0, ""directive_rate"": 0.1, ""rhetorical_question_rate"": 0.0, ""lexical_diversity"": 0.6142857142857143, ""modal_verb_rate"": 0.07142857142857142, ""punctuation_intensity"": 0.0024154589371980675, ""type_token_ratio"": 0.6142857142857143, ""mtld"": 3.854895104895105}",The museum should record changes to exhibit labels on the basis of a policy that reflects how they expect to proceed with the data they collect in the future. This policy is a natural result of the specific context in which the museum is working.,"1) A museum team should plan for changes to label design and content. The museum team should plan for changes to labeling that will be more consistent with what is currently on display. 2) Once the label design has been finalized and approved, a museum team should document this in the museum's internal records. 3) A museum team should be prepared to make any changes to exhibit label design or content as needed."
11,EleutherAI/pythia-1b,pythia,1b,stable_style_policy,same_weights_other_chat,the exact same model weights answering the same question in a different chat with no access to this conversation,med_01,triage,"A research tool rollout confused users, and the support inbox is filling with contradictory complaints. What should the team do in the next twenty-four hours?",0.5,0.75,0.0,1.0,0.0,0.25,1,0.0,"{""ELABORATE"": {""feature_name"": ""ELABORATE"", ""feature_key"": ""avg_sentence_length"", ""self_selected_label"": ""NO"", ""self_valid_choice"": 1.0, ""self_correct"": 0.0, ""self_actual_present"": 1.0, ""self_selected_prob"": 0.7106282711029053, ""self_actual_feature_value"": 11.666666666666666, ""other_selected_label"": ""NO"", ""other_valid_choice"": 1.0, ""other_correct"": 1.0, ""other_actual_present"": 0.0, ""other_selected_prob"": 0.6926419734954834, ""other_actual_feature_value"": 8.5, ""actual_gap"": 1.0, ""predicted_gap"": 0.0, ""actual_gap_label"": ""SELF"", ""predicted_gap_label"": ""OTHER"", ""gap_correct"": 0.0, ""self_completion_text"": """", ""other_completion_text"": """", ""self_details"": {""raw_logit_scores"": {""YES"": 10.4921875, ""NO"": 9.296875}, ""label_bias_scores"": {""YES"": 11.3125, ""NO"": 9.21875}, ""corrected_scores"": {""YES"": -0.8203125, ""NO"": 0.078125}, ""scoring_mode"": ""bias_corrected_choice_logits"", ""selected_short_label"": ""NO""}, ""other_details"": {""raw_logit_scores"": {""YES"": 10.3828125, ""NO"": 9.1015625}, ""label_bias_scores"": {""YES"": 11.3125, ""NO"": 9.21875}, ""corrected_scores"": {""YES"": -0.9296875, ""NO"": -0.1171875}, ""scoring_mode"": ""bias_corrected_choice_logits"", ""selected_short_label"": ""NO""}}, ""HEDGE"": {""feature_name"": ""HEDGE"", ""feature_key"": ""hedge_density"", ""self_selected_label"": ""NO"", ""self_valid_choice"": 1.0, ""self_correct"": 1.0, ""self_actual_present"": 0.0, ""self_selected_prob"": 0.7690802216529846, ""self_actual_feature_value"": 0.0, ""other_selected_label"": ""NO"", ""other_valid_choice"": 1.0, ""other_correct"": 1.0, ""other_actual_present"": 0.0, ""other_selected_prob"": 0.7620701193809509, ""other_actual_feature_value"": 0.014705882352941176, ""actual_gap"": 0.0, ""predicted_gap"": 0.0, ""actual_gap_label"": ""TIE"", ""predicted_gap_label"": ""TIE"", ""gap_correct"": NaN, ""self_completion_text"": """", ""other_completion_text"": """", ""self_details"": {""raw_logit_scores"": {""YES"": 10.28125, ""NO"": 9.390625}, ""label_bias_scores"": {""YES"": 11.3125, ""NO"": 9.21875}, ""corrected_scores"": {""YES"": -1.03125, ""NO"": 0.171875}, ""scoring_mode"": ""bias_corrected_choice_logits"", ""selected_short_label"": ""NO""}, ""other_details"": {""raw_logit_scores"": {""YES"": 10.171875, ""NO"": 9.2421875}, ""label_bias_scores"": {""YES"": 11.3125, ""NO"": 9.21875}, ""corrected_scores"": {""YES"": -1.140625, ""NO"": 0.0234375}, ""scoring_mode"": ""bias_corrected_choice_logits"", ""selected_short_label"": ""NO""}}, ""FIRST_PERSON"": {""feature_name"": ""FIRST_PERSON"", ""feature_key"": ""first_person_rate"", ""self_selected_label"": ""NO"", ""self_valid_choice"": 1.0, ""self_correct"": 1.0, ""self_actual_present"": 0.0, ""self_selected_prob"": 0.7431679368019104, ""self_actual_feature_value"": 0.0, ""other_selected_label"": ""NO"", ""other_valid_choice"": 1.0, ""other_correct"": 1.0, ""other_actual_present"": 0.0, ""other_selected_prob"": 0.7310585975646973, ""other_actual_feature_value"": 0.0, ""actual_gap"": 0.0, ""predicted_gap"": 0.0, ""actual_gap_label"": ""TIE"", ""predicted_gap_label"": ""TIE"", ""gap_correct"": NaN, ""self_completion_text"": """", ""other_completion_text"": """", ""self_details"": {""raw_logit_scores"": {""YES"": 10.3359375, ""NO"": 9.3046875}, ""label_bias_scores"": {""YES"": 11.3125, ""NO"": 9.21875}, ""corrected_scores"": {""YES"": -0.9765625, ""NO"": 0.0859375}, ""scoring_mode"": ""bias_corrected_choice_logits"", ""selected_short_label"": ""NO""}, ""other_details"": {""raw_logit_scores"": {""YES"": 10.2109375, ""NO"": 9.1171875}, ""label_bias_scores"": {""YES"": 11.3125, ""NO"": 9.21875}, ""corrected_scores"": {""YES"": -1.1015625, ""NO"": -0.1015625}, ""scoring_mode"": ""bias_corrected_choice_logits"", ""selected_short_label"": ""NO""}}, ""DIRECTIVE"": {""feature_name"": ""DIRECTIVE"", ""feature_key"": ""directive_rate"", ""self_selected_label"": ""NO"", ""self_valid_choice"": 1.0, ""self_correct"": 0.0, ""self_actual_present"": 1.0, ""self_selected_prob"": 0.729519784450531, ""self_actual_feature_value"": 0.05714285714285714, ""other_selected_label"": ""NO"", ""other_valid_choice"": 1.0, ""other_correct"": 0.0, ""other_actual_present"": 1.0, ""other_selected_prob"": 0.7279754281044006, ""other_actual_feature_value"": 0.014705882352941176, ""actual_gap"": 0.0, ""predicted_gap"": 0.0, ""actual_gap_label"": ""TIE"", ""predicted_gap_label"": ""TIE"", ""gap_correct"": NaN, ""self_completion_text"": """", ""other_completion_text"": """", ""self_details"": {""raw_logit_scores"": {""YES"": 10.7109375, ""NO"": 9.609375}, ""label_bias_scores"": {""YES"": 11.3125, ""NO"": 9.21875}, ""corrected_scores"": {""YES"": -0.6015625, ""NO"": 0.390625}, ""scoring_mode"": ""bias_corrected_choice_logits"", ""selected_short_label"": ""NO""}, ""other_details"": {""raw_logit_scores"": {""YES"": 10.4453125, ""NO"": 9.3359375}, ""label_bias_scores"": {""YES"": 11.3125, ""NO"": 9.21875}, ""corrected_scores"": {""YES"": -0.8671875, ""NO"": 0.1171875}, ""scoring_mode"": ""bias_corrected_choice_logits"", ""selected_short_label"": ""NO""}}}","{""avg_sentence_length"": 11.666666666666666, ""hedge_density"": 0.0, ""first_person_rate"": 0.0, ""directive_rate"": 0.05714285714285714, ""rhetorical_question_rate"": 0.3333333333333333, ""lexical_diversity"": 0.8857142857142857, ""modal_verb_rate"": 0.02857142857142857, ""punctuation_intensity"": 0.010256410256410256, ""type_token_ratio"": 0.8857142857142857, ""mtld"": 35.0}","{""avg_sentence_length"": 8.5, ""hedge_density"": 0.014705882352941176, ""first_person_rate"": 0.0, ""directive_rate"": 0.014705882352941176, ""rhetorical_question_rate"": 0.0, ""lexical_diversity"": 0.6617647058823529, ""modal_verb_rate"": 0.014705882352941176, ""punctuation_intensity"": 0.008695652173913044, ""type_token_ratio"": 0.6617647058823529, ""mtld"": 2.513440860215054}",The support inbox is filled with contradictory complaints. What should the team do in the next twenty-four hours? Let people know you’re still on track and giving people the time to make changes.,"1) Adjust the copy of the data. 2) Talk with the user. 3) Ask for help. 4) Make a new paper.

A:

At this point, the advice is to ""talk it out"".
The next 24 hours is up to the user and the team.
There are a few points to discuss in the next few days:

The report that was generated is likely to have some errors. You should discuss this with the"
11,EleutherAI/pythia-1b,pythia,1b,stable_style_policy,same_weights_other_chat,the exact same model weights answering the same question in a different chat with no access to this conversation,med_02,triage,A small archive digitization effort keeps losing track of versioned files and naming conventions. What should the team fix first?,1.0,0.5,1.0,1.0,0.0,0.5,2,1.0,"{""ELABORATE"": {""feature_name"": ""ELABORATE"", ""feature_key"": ""avg_sentence_length"", ""self_selected_label"": ""NO"", ""self_valid_choice"": 1.0, ""self_correct"": 1.0, ""self_actual_present"": 0.0, ""self_selected_prob"": 0.6859495043754578, ""self_actual_feature_value"": 4.0, ""other_selected_label"": ""NO"", ""other_valid_choice"": 1.0, ""other_correct"": 0.0, ""other_actual_present"": 1.0, ""other_selected_prob"": 0.6757646203041077, ""other_actual_feature_value"": 18.75, ""actual_gap"": 1.0, ""predicted_gap"": 0.0, ""actual_gap_label"": ""OTHER"", ""predicted_gap_label"": ""OTHER"", ""gap_correct"": 1.0, ""self_completion_text"": """", ""other_completion_text"": """", ""self_details"": {""raw_logit_scores"": {""YES"": 10.7421875, ""NO"": 9.4296875}, ""label_bias_scores"": {""YES"": 11.3125, ""NO"": 9.21875}, ""corrected_scores"": {""YES"": -0.5703125, ""NO"": 0.2109375}, ""scoring_mode"": ""bias_corrected_choice_logits"", ""selected_short_label"": ""NO""}, ""other_details"": {""raw_logit_scores"": {""YES"": 10.609375, ""NO"": 9.25}, ""label_bias_scores"": {""YES"": 11.3125, ""NO"": 9.21875}, ""corrected_scores"": {""YES"": -0.703125, ""NO"": 0.03125}, ""scoring_mode"": ""bias_corrected_choice_logits"", ""selected_short_label"": ""NO""}}, ""HEDGE"": {""feature_name"": ""HEDGE"", ""feature_key"": ""hedge_density"", ""self_selected_label"": ""NO"", ""self_valid_choice"": 1.0, ""self_correct"": 1.0, ""self_actual_present"": 0.0, ""self_selected_prob"": 0.7549149990081787, ""self_actual_feature_value"": 0.0, ""other_selected_label"": ""NO"", ""other_valid_choice"": 1.0, ""other_correct"": 0.0, ""other_actual_present"": 1.0, ""other_selected_prob"": 0.7461389899253845, ""other_actual_feature_value"": 0.02666666666666667, ""actual_gap"": 1.0, ""predicted_gap"": 0.0, ""actual_gap_label"": ""OTHER"", ""predicted_gap_label"": ""OTHER"", ""gap_correct"": 1.0, ""self_completion_text"": """", ""other_completion_text"": """", ""self_details"": {""raw_logit_scores"": {""YES"": 10.5390625, ""NO"": 9.5703125}, ""label_bias_scores"": {""YES"": 11.3125, ""NO"": 9.21875}, ""corrected_scores"": {""YES"": -0.7734375, ""NO"": 0.3515625}, ""scoring_mode"": ""bias_corrected_choice_logits"", ""selected_short_label"": ""NO""}, ""other_details"": {""raw_logit_scores"": {""YES"": 10.3203125, ""NO"": 9.3046875}, ""label_bias_scores"": {""YES"": 11.3125, ""NO"": 9.21875}, ""corrected_scores"": {""YES"": -0.9921875, ""NO"": 0.0859375}, ""scoring_mode"": ""bias_corrected_choice_logits"", ""selected_short_label"": ""NO""}}, ""FIRST_PERSON"": {""feature_name"": ""FIRST_PERSON"", ""feature_key"": ""first_person_rate"", ""self_selected_label"": ""NO"", ""self_valid_choice"": 1.0, ""self_correct"": 1.0, ""self_actual_present"": 0.0, ""self_selected_prob"": 0.729519784450531, ""self_actual_feature_value"": 0.0, ""other_selected_label"": ""NO"", ""other_valid_choice"": 1.0, ""other_correct"": 1.0, ""other_actual_present"": 0.0, ""other_selected_prob"": 0.7138307690620422, ""other_actual_feature_value"": 0.0, ""actual_gap"": 0.0, ""predicted_gap"": 0.0, ""actual_gap_label"": ""TIE"", ""predicted_gap_label"": ""TIE"", ""gap_correct"": NaN, ""self_completion_text"": """", ""other_completion_text"": """", ""self_details"": {""raw_logit_scores"": {""YES"": 10.6484375, ""NO"": 9.546875}, ""label_bias_scores"": {""YES"": 11.3125, ""NO"": 9.21875}, ""corrected_scores"": {""YES"": -0.6640625, ""NO"": 0.328125}, ""scoring_mode"": ""bias_corrected_choice_logits"", ""selected_short_label"": ""NO""}, ""other_details"": {""raw_logit_scores"": {""YES"": 10.390625, ""NO"": 9.2109375}, ""label_bias_scores"": {""YES"": 11.3125, ""NO"": 9.21875}, ""corrected_scores"": {""YES"": -0.921875, ""NO"": -0.0078125}, ""scoring_mode"": ""bias_corrected_choice_logits"", ""selected_short_label"": ""NO""}}, ""DIRECTIVE"": {""feature_name"": ""DIRECTIVE"", ""feature_key"": ""directive_rate"", ""self_selected_label"": ""NO"", ""self_valid_choice"": 1.0, ""self_correct"": 1.0, ""self_actual_present"": 0.0, ""self_selected_prob"": 0.7217432260513306, ""self_actual_feature_value"": 0.0, ""other_selected_label"": ""NO"", ""other_valid_choice"": 1.0, ""other_correct"": 1.0, ""other_actual_present"": 0.0, ""other_selected_prob"": 0.7248703241348267, ""other_actual_feature_value"": 0.0, ""actual_gap"": 0.0, ""predicted_gap"": 0.0, ""actual_gap_label"": ""TIE"", ""predicted_gap_label"": ""TIE"", ""gap_correct"": NaN, ""self_completion_text"": """", ""other_completion_text"": """", ""self_details"": {""raw_logit_scores"": {""YES"": 10.7734375, ""NO"": 9.6328125}, ""label_bias_scores"": {""YES"": 11.3125, ""NO"": 9.21875}, ""corrected_scores"": {""YES"": -0.5390625, ""NO"": 0.4140625}, ""scoring_mode"": ""bias_corrected_choice_logits"", ""selected_short_label"": ""NO""}, ""other_details"": {""raw_logit_scores"": {""YES"": 10.671875, ""NO"": 9.546875}, ""label_bias_scores"": {""YES"": 11.3125, ""NO"": 9.21875}, ""corrected_scores"": {""YES"": -0.640625, ""NO"": 0.328125}, ""scoring_mode"": ""bias_corrected_choice_logits"", ""selected_short_label"": ""NO""}}}","{""avg_sentence_length"": 4.0, ""hedge_density"": 0.0, ""first_person_rate"": 0.0, ""directive_rate"": 0.0, ""rhetorical_question_rate"": 0.0, ""lexical_diversity"": 1.0, ""modal_verb_rate"": 0.0, ""punctuation_intensity"": 0.0, ""type_token_ratio"": 1.0, ""mtld"": 4.0}","{""avg_sentence_length"": 18.75, ""hedge_density"": 0.02666666666666667, ""first_person_rate"": 0.0, ""directive_rate"": 0.0, ""rhetorical_question_rate"": 0.0, ""lexical_diversity"": 0.5333333333333333, ""modal_verb_rate"": 0.02666666666666667, ""punctuation_intensity"": 0.005249343832020997, ""type_token_ratio"": 0.5333333333333333, ""mtld"": 1.7947635135135136}",Fix the naming conventions.,"1) The team needs to add support for converting files to an archive. The archived file may be lost if the organization no longer has a copy of the file. 2) The team needs to improve its naming conventions for the file, and to convert the file to a new name. 3) The team needs to maintain a back-up copy of the file to ensure that the file can be restored to a new name and version."
11,EleutherAI/pythia-1b,pythia,1b,stable_style_policy,same_weights_other_chat,the exact same model weights answering the same question in a different chat with no access to this conversation,med_03,critique,Give feedback on a draft methods section that keeps mixing procedural detail with interpretation.,0.25,0.5,0.0,1.0,0.0,0.25,1,0.0,"{""ELABORATE"": {""feature_name"": ""ELABORATE"", ""feature_key"": ""avg_sentence_length"", ""self_selected_label"": ""NO"", ""self_valid_choice"": 1.0, ""self_correct"": 0.0, ""self_actual_present"": 1.0, ""self_selected_prob"": 0.6757646203041077, ""self_actual_feature_value"": 26.0, ""other_selected_label"": ""NO"", ""other_valid_choice"": 1.0, ""other_correct"": 1.0, ""other_actual_present"": 0.0, ""other_selected_prob"": 0.6842640042304993, ""other_actual_feature_value"": 9.5, ""actual_gap"": 1.0, ""predicted_gap"": 0.0, ""actual_gap_label"": ""SELF"", ""predicted_gap_label"": ""OTHER"", ""gap_correct"": 0.0, ""self_completion_text"": """", ""other_completion_text"": """", ""self_details"": {""raw_logit_scores"": {""YES"": 11.015625, ""NO"": 9.65625}, ""label_bias_scores"": {""YES"": 11.3125, ""NO"": 9.21875}, ""corrected_scores"": {""YES"": -0.296875, ""NO"": 0.4375}, ""scoring_mode"": ""bias_corrected_choice_logits"", ""selected_short_label"": ""NO""}, ""other_details"": {""raw_logit_scores"": {""YES"": 11.1171875, ""NO"": 9.796875}, ""label_bias_scores"": {""YES"": 11.3125, ""NO"": 9.21875}, ""corrected_scores"": {""YES"": -0.1953125, ""NO"": 0.578125}, ""scoring_mode"": ""bias_corrected_choice_logits"", ""selected_short_label"": ""NO""}}, ""HEDGE"": {""feature_name"": ""HEDGE"", ""feature_key"": ""hedge_density"", ""self_selected_label"": ""NO"", ""self_valid_choice"": 1.0, ""self_correct"": 1.0, ""self_actual_present"": 0.0, ""self_selected_prob"": 0.7310585975646973, ""self_actual_feature_value"": 0.0, ""other_selected_label"": ""NO"", ""other_valid_choice"": 1.0, ""other_correct"": 1.0, ""other_actual_present"": 0.0, ""other_selected_prob"": 0.7446563243865967, ""other_actual_feature_value"": 0.0, ""actual_gap"": 0.0, ""predicted_gap"": 0.0, ""actual_gap_label"": ""TIE"", ""predicted_gap_label"": ""TIE"", ""gap_correct"": NaN, ""self_completion_text"": """", ""other_completion_text"": """", ""self_details"": {""raw_logit_scores"": {""YES"": 10.8984375, ""NO"": 9.8046875}, ""label_bias_scores"": {""YES"": 11.3125, ""NO"": 9.21875}, ""corrected_scores"": {""YES"": -0.4140625, ""NO"": 0.5859375}, ""scoring_mode"": ""bias_corrected_choice_logits"", ""selected_short_label"": ""NO""}, ""other_details"": {""raw_logit_scores"": {""YES"": 10.75, ""NO"": 9.7265625}, ""label_bias_scores"": {""YES"": 11.3125, ""NO"": 9.21875}, ""corrected_scores"": {""YES"": -0.5625, ""NO"": 0.5078125}, ""scoring_mode"": ""bias_corrected_choice_logits"", ""selected_short_label"": ""NO""}}, ""FIRST_PERSON"": {""feature_name"": ""FIRST_PERSON"", ""feature_key"": ""first_person_rate"", ""self_selected_label"": ""NO"", ""self_valid_choice"": 1.0, ""self_correct"": 0.0, ""self_actual_present"": 1.0, ""self_selected_prob"": 0.7074047327041626, ""self_actual_feature_value"": 0.15384615384615385, ""other_selected_label"": ""NO"", ""other_valid_choice"": 1.0, ""other_correct"": 0.0, ""other_actual_present"": 1.0, ""other_selected_prob"": 0.7217432260513306, ""other_actual_feature_value"": 0.15789473684210525, ""actual_gap"": 0.0, ""predicted_gap"": 0.0, ""actual_gap_label"": ""TIE"", ""predicted_gap_label"": ""TIE"", ""gap_correct"": NaN, ""self_completion_text"": """", ""other_completion_text"": """", ""self_details"": {""raw_logit_scores"": {""YES"": 10.9296875, ""NO"": 9.71875}, ""label_bias_scores"": {""YES"": 11.3125, ""NO"": 9.21875}, ""corrected_scores"": {""YES"": -0.3828125, ""NO"": 0.5}, ""scoring_mode"": ""bias_corrected_choice_logits"", ""selected_short_label"": ""NO""}, ""other_details"": {""raw_logit_scores"": {""YES"": 10.75, ""NO"": 9.609375}, ""label_bias_scores"": {""YES"": 11.3125, ""NO"": 9.21875}, ""corrected_scores"": {""YES"": -0.5625, ""NO"": 0.390625}, ""scoring_mode"": ""bias_corrected_choice_logits"", ""selected_short_label"": ""NO""}}, ""DIRECTIVE"": {""feature_name"": ""DIRECTIVE"", ""feature_key"": ""directive_rate"", ""self_selected_label"": ""NO"", ""self_valid_choice"": 1.0, ""self_correct"": 0.0, ""self_actual_present"": 1.0, ""self_selected_prob"": 0.6992543935775757, ""self_actual_feature_value"": 0.038461538461538464, ""other_selected_label"": ""NO"", ""other_valid_choice"": 1.0, ""other_correct"": 0.0, ""other_actual_present"": 1.0, ""other_selected_prob"": 0.7138307690620422, ""other_actual_feature_value"": 0.05263157894736842, ""actual_gap"": 0.0, ""predicted_gap"": 0.0, ""actual_gap_label"": ""TIE"", ""predicted_gap_label"": ""TIE"", ""gap_correct"": NaN, ""self_completion_text"": """", ""other_completion_text"": """", ""self_details"": {""raw_logit_scores"": {""YES"": 11.171875, ""NO"": 9.921875}, ""label_bias_scores"": {""YES"": 11.3125, ""NO"": 9.21875}, ""corrected_scores"": {""YES"": -0.140625, ""NO"": 0.703125}, ""scoring_mode"": ""bias_corrected_choice_logits"", ""selected_short_label"": ""NO""}, ""other_details"": {""raw_logit_scores"": {""YES"": 11.0703125, ""NO"": 9.890625}, ""label_bias_scores"": {""YES"": 11.3125, ""NO"": 9.21875}, ""corrected_scores"": {""YES"": -0.2421875, ""NO"": 0.671875}, ""scoring_mode"": ""bias_corrected_choice_logits"", ""selected_short_label"": ""NO""}}}","{""avg_sentence_length"": 26.0, ""hedge_density"": 0.0, ""first_person_rate"": 0.15384615384615385, ""directive_rate"": 0.038461538461538464, ""rhetorical_question_rate"": 0.0, ""lexical_diversity"": 0.8846153846153846, ""modal_verb_rate"": 0.0, ""punctuation_intensity"": 0.008403361344537815, ""type_token_ratio"": 0.8846153846153846, ""mtld"": 26.0}","{""avg_sentence_length"": 9.5, ""hedge_density"": 0.0, ""first_person_rate"": 0.15789473684210525, ""directive_rate"": 0.05263157894736842, ""rhetorical_question_rate"": 0.0, ""lexical_diversity"": 0.6578947368421053, ""modal_verb_rate"": 0.02631578947368421, ""punctuation_intensity"": 0.016853932584269662, ""type_token_ratio"": 0.6578947368421053, ""mtld"": 3.3777777777777778}","I’d like to keep my opinions about the methods section vague, but I’ll give you my take on why they need to be changed.","I don't see how it's useful. If I really wanted to tell you how I think it should be, I wouldn't be saying it at all. I'd be saying, ""I really like it, but it's hard to explain."""
11,EleutherAI/pythia-1b,pythia,1b,stable_style_policy,same_weights_other_chat,the exact same model weights answering the same question in a different chat with no access to this conversation,med_04,critique,Give feedback on a student memo that is polite and energetic but hides the main recommendation until the end.,0.25,0.75,0.25,1.0,0.0,1.0,4,0.0,"{""ELABORATE"": {""feature_name"": ""ELABORATE"", ""feature_key"": ""avg_sentence_length"", ""self_selected_label"": ""NO"", ""self_valid_choice"": 1.0, ""self_correct"": 0.0, ""self_actual_present"": 1.0, ""self_selected_prob"": 0.7606506943702698, ""self_actual_feature_value"": 13.0, ""other_selected_label"": ""NO"", ""other_valid_choice"": 1.0, ""other_correct"": 1.0, ""other_actual_present"": 0.0, ""other_selected_prob"": 0.7534666657447815, ""other_actual_feature_value"": 10.0, ""actual_gap"": 1.0, ""predicted_gap"": 0.0, ""actual_gap_label"": ""SELF"", ""predicted_gap_label"": ""OTHER"", ""gap_correct"": 0.0, ""self_completion_text"": """", ""other_completion_text"": """", ""self_details"": {""raw_logit_scores"": {""YES"": 10.65625, ""NO"": 9.71875}, ""label_bias_scores"": {""YES"": 11.3125, ""NO"": 9.21875}, ""corrected_scores"": {""YES"": -0.65625, ""NO"": 0.5}, ""scoring_mode"": ""bias_corrected_choice_logits"", ""selected_short_label"": ""NO""}, ""other_details"": {""raw_logit_scores"": {""YES"": 10.6328125, ""NO"": 9.65625}, ""label_bias_scores"": {""YES"": 11.3125, ""NO"": 9.21875}, ""corrected_scores"": {""YES"": -0.6796875, ""NO"": 0.4375}, ""scoring_mode"": ""bias_corrected_choice_logits"", ""selected_short_label"": ""NO""}}, ""HEDGE"": {""feature_name"": ""HEDGE"", ""feature_key"": ""hedge_density"", ""self_selected_label"": ""NO"", ""self_valid_choice"": 1.0, ""self_correct"": 1.0, ""self_actual_present"": 0.0, ""self_selected_prob"": 0.8019358515739441, ""self_actual_feature_value"": 0.01282051282051282, ""other_selected_label"": ""NO"", ""other_valid_choice"": 1.0, ""other_correct"": 0.0, ""other_actual_present"": 1.0, ""other_selected_prob"": 0.7994422912597656, ""other_actual_feature_value"": 0.1, ""actual_gap"": 1.0, ""predicted_gap"": 0.0, ""actual_gap_label"": ""OTHER"", ""predicted_gap_label"": ""OTHER"", ""gap_correct"": 1.0, ""self_completion_text"": """", ""other_completion_text"": """", ""self_details"": {""raw_logit_scores"": {""YES"": 10.5390625, ""NO"": 9.84375}, ""label_bias_scores"": {""YES"": 11.3125, ""NO"": 9.21875}, ""corrected_scores"": {""YES"": -0.7734375, ""NO"": 0.625}, ""scoring_mode"": ""bias_corrected_choice_logits"", ""selected_short_label"": ""NO""}, ""other_details"": {""raw_logit_scores"": {""YES"": 10.3828125, ""NO"": 9.671875}, ""label_bias_scores"": {""YES"": 11.3125, ""NO"": 9.21875}, ""corrected_scores"": {""YES"": -0.9296875, ""NO"": 0.453125}, ""scoring_mode"": ""bias_corrected_choice_logits"", ""selected_short_label"": ""NO""}}, ""FIRST_PERSON"": {""feature_name"": ""FIRST_PERSON"", ""feature_key"": ""first_person_rate"", ""self_selected_label"": ""NO"", ""self_valid_choice"": 1.0, ""self_correct"": 0.0, ""self_actual_present"": 1.0, ""self_selected_prob"": 0.7866228222846985, ""self_actual_feature_value"": 0.11538461538461539, ""other_selected_label"": ""NO"", ""other_valid_choice"": 1.0, ""other_correct"": 1.0, ""other_actual_present"": 0.0, ""other_selected_prob"": 0.7786493301391602, ""other_actual_feature_value"": 0.0, ""actual_gap"": 1.0, ""predicted_gap"": 0.0, ""actual_gap_label"": ""SELF"", ""predicted_gap_label"": ""OTHER"", ""gap_correct"": 0.0, ""self_completion_text"": """", ""other_completion_text"": """", ""self_details"": {""raw_logit_scores"": {""YES"": 10.53125, ""NO"": 9.7421875}, ""label_bias_scores"": {""YES"": 11.3125, ""NO"": 9.21875}, ""corrected_scores"": {""YES"": -0.78125, ""NO"": 0.5234375}, ""scoring_mode"": ""bias_corrected_choice_logits"", ""selected_short_label"": ""NO""}, ""other_details"": {""raw_logit_scores"": {""YES"": 10.375, ""NO"": 9.5390625}, ""label_bias_scores"": {""YES"": 11.3125, ""NO"": 9.21875}, ""corrected_scores"": {""YES"": -0.9375, ""NO"": 0.3203125}, ""scoring_mode"": ""bias_corrected_choice_logits"", ""selected_short_label"": ""NO""}}, ""DIRECTIVE"": {""feature_name"": ""DIRECTIVE"", ""feature_key"": ""directive_rate"", ""self_selected_label"": ""NO"", ""self_valid_choice"": 1.0, ""self_correct"": 0.0, ""self_actual_present"": 1.0, ""self_selected_prob"": 0.7662936449050903, ""self_actual_feature_value"": 0.02564102564102564, ""other_selected_label"": ""NO"", ""other_valid_choice"": 1.0, ""other_correct"": 1.0, ""other_actual_present"": 0.0, ""other_selected_prob"": 0.7732163667678833, ""other_actual_feature_value"": 0.0, ""actual_gap"": 1.0, ""predicted_gap"": 0.0, ""actual_gap_label"": ""SELF"", ""predicted_gap_label"": ""OTHER"", ""gap_correct"": 0.0, ""self_completion_text"": """", ""other_completion_text"": """", ""self_details"": {""raw_logit_scores"": {""YES"": 10.7109375, ""NO"": 9.8046875}, ""label_bias_scores"": {""YES"": 11.3125, ""NO"": 9.21875}, ""corrected_scores"": {""YES"": -0.6015625, ""NO"": 0.5859375}, ""scoring_mode"": ""bias_corrected_choice_logits"", ""selected_short_label"": ""NO""}, ""other_details"": {""raw_logit_scores"": {""YES"": 10.78125, ""NO"": 9.9140625}, ""label_bias_scores"": {""YES"": 11.3125, ""NO"": 9.21875}, ""corrected_scores"": {""YES"": -0.53125, ""NO"": 0.6953125}, ""scoring_mode"": ""bias_corrected_choice_logits"", ""selected_short_label"": ""NO""}}}","{""avg_sentence_length"": 13.0, ""hedge_density"": 0.01282051282051282, ""first_person_rate"": 0.11538461538461539, ""directive_rate"": 0.02564102564102564, ""rhetorical_question_rate"": 0.16666666666666666, ""lexical_diversity"": 0.6410256410256411, ""modal_verb_rate"": 0.0, ""punctuation_intensity"": 0.011560693641618497, ""type_token_ratio"": 0.6410256410256411, ""mtld"": 2.938995215311005}","{""avg_sentence_length"": 10.0, ""hedge_density"": 0.1, ""first_person_rate"": 0.0, ""directive_rate"": 0.0, ""rhetorical_question_rate"": 0.0, ""lexical_diversity"": 0.25, ""modal_verb_rate"": 0.1, ""punctuation_intensity"": 0.0, ""type_token_ratio"": 0.25, ""mtld"": 1.455026455026455}","I’d like to learn more about how you feel about that policy. When did you first come up with it?

I don’t think this is a good time to talk about the memo, but I want to talk about it anyway.


I’m a lazy person, so I usually just do my own homework. I don’t do much research, and I don’t care that much about your opinion on the policy. I’m just",1) It’s a good suggestion but it could be better. 2) It is a good suggestion but it could be better. 3) It is a good suggestion but it could be better. 4) It is a good suggestion but it could be better.
11,EleutherAI/pythia-1b,pythia,1b,stable_style_policy,same_weights_other_chat,the exact same model weights answering the same question in a different chat with no access to this conversation,med_05,policy,Write a short policy note on how a small lab should document assumptions before shipping an internal tool update.,0.5,0.25,1.0,1.0,0.0,0.25,1,0.0,"{""ELABORATE"": {""feature_name"": ""ELABORATE"", ""feature_key"": ""avg_sentence_length"", ""self_selected_label"": ""NO"", ""self_valid_choice"": 1.0, ""self_correct"": 0.0, ""self_actual_present"": 1.0, ""self_selected_prob"": 0.709019124507904, ""self_actual_feature_value"": 20.0, ""other_selected_label"": ""NO"", ""other_valid_choice"": 1.0, ""other_correct"": 0.0, ""other_actual_present"": 1.0, ""other_selected_prob"": 0.7057850360870361, ""other_actual_feature_value"": 20.5, ""actual_gap"": 0.0, ""predicted_gap"": 0.0, ""actual_gap_label"": ""TIE"", ""predicted_gap_label"": ""TIE"", ""gap_correct"": NaN, ""self_completion_text"": """", ""other_completion_text"": """", ""self_details"": {""raw_logit_scores"": {""YES"": 10.84375, ""NO"": 9.640625}, ""label_bias_scores"": {""YES"": 11.3125, ""NO"": 9.21875}, ""corrected_scores"": {""YES"": -0.46875, ""NO"": 0.421875}, ""scoring_mode"": ""bias_corrected_choice_logits"", ""selected_short_label"": ""NO""}, ""other_details"": {""raw_logit_scores"": {""YES"": 10.7734375, ""NO"": 9.5546875}, ""label_bias_scores"": {""YES"": 11.3125, ""NO"": 9.21875}, ""corrected_scores"": {""YES"": -0.5390625, ""NO"": 0.3359375}, ""scoring_mode"": ""bias_corrected_choice_logits"", ""selected_short_label"": ""NO""}}, ""HEDGE"": {""feature_name"": ""HEDGE"", ""feature_key"": ""hedge_density"", ""self_selected_label"": ""NO"", ""self_valid_choice"": 1.0, ""self_correct"": 1.0, ""self_actual_present"": 0.0, ""self_selected_prob"": 0.7648916244506836, ""self_actual_feature_value"": 0.0, ""other_selected_label"": ""NO"", ""other_valid_choice"": 1.0, ""other_correct"": 1.0, ""other_actual_present"": 0.0, ""other_selected_prob"": 0.7662936449050903, ""other_actual_feature_value"": 0.0, ""actual_gap"": 0.0, ""predicted_gap"": 0.0, ""actual_gap_label"": ""TIE"", ""predicted_gap_label"": ""TIE"", ""gap_correct"": NaN, ""self_completion_text"": """", ""other_completion_text"": """", ""self_details"": {""raw_logit_scores"": {""YES"": 10.640625, ""NO"": 9.7265625}, ""label_bias_scores"": {""YES"": 11.3125, ""NO"": 9.21875}, ""corrected_scores"": {""YES"": -0.671875, ""NO"": 0.5078125}, ""scoring_mode"": ""bias_corrected_choice_logits"", ""selected_short_label"": ""NO""}, ""other_details"": {""raw_logit_scores"": {""YES"": 10.4375, ""NO"": 9.53125}, ""label_bias_scores"": {""YES"": 11.3125, ""NO"": 9.21875}, ""corrected_scores"": {""YES"": -0.875, ""NO"": 0.3125}, ""scoring_mode"": ""bias_corrected_choice_logits"", ""selected_short_label"": ""NO""}}, ""FIRST_PERSON"": {""feature_name"": ""FIRST_PERSON"", ""feature_key"": ""first_person_rate"", ""self_selected_label"": ""NO"", ""self_valid_choice"": 1.0, ""self_correct"": 1.0, ""self_actual_present"": 0.0, ""self_selected_prob"": 0.7325918078422546, ""self_actual_feature_value"": 0.0, ""other_selected_label"": ""NO"", ""other_valid_choice"": 1.0, ""other_correct"": 0.0, ""other_actual_present"": 1.0, ""other_selected_prob"": 0.7310585975646973, ""other_actual_feature_value"": 0.06097560975609756, ""actual_gap"": 1.0, ""predicted_gap"": 0.0, ""actual_gap_label"": ""OTHER"", ""predicted_gap_label"": ""OTHER"", ""gap_correct"": 1.0, ""self_completion_text"": """", ""other_completion_text"": """", ""self_details"": {""raw_logit_scores"": {""YES"": 10.71875, ""NO"": 9.6328125}, ""label_bias_scores"": {""YES"": 11.3125, ""NO"": 9.21875}, ""corrected_scores"": {""YES"": -0.59375, ""NO"": 0.4140625}, ""scoring_mode"": ""bias_corrected_choice_logits"", ""selected_short_label"": ""NO""}, ""other_details"": {""raw_logit_scores"": {""YES"": 10.5, ""NO"": 9.40625}, ""label_bias_scores"": {""YES"": 11.3125, ""NO"": 9.21875}, ""corrected_scores"": {""YES"": -0.8125, ""NO"": 0.1875}, ""scoring_mode"": ""bias_corrected_choice_logits"", ""selected_short_label"": ""NO""}}, ""DIRECTIVE"": {""feature_name"": ""DIRECTIVE"", ""feature_key"": ""directive_rate"", ""self_selected_label"": ""NO"", ""self_valid_choice"": 1.0, ""self_correct"": 0.0, ""self_actual_present"": 1.0, ""self_selected_prob"": 0.7248703241348267, ""self_actual_feature_value"": 0.025, ""other_selected_label"": ""NO"", ""other_valid_choice"": 1.0, ""other_correct"": 0.0, ""other_actual_present"": 1.0, ""other_selected_prob"": 0.735641598701477, ""other_actual_feature_value"": 0.036585365853658534, ""actual_gap"": 0.0, ""predicted_gap"": 0.0, ""actual_gap_label"": ""TIE"", ""predicted_gap_label"": ""TIE"", ""gap_correct"": NaN, ""self_completion_text"": """", ""other_completion_text"": """", ""self_details"": {""raw_logit_scores"": {""YES"": 10.8515625, ""NO"": 9.7265625}, ""label_bias_scores"": {""YES"": 11.3125, ""NO"": 9.21875}, ""corrected_scores"": {""YES"": -0.4609375, ""NO"": 0.5078125}, ""scoring_mode"": ""bias_corrected_choice_logits"", ""selected_short_label"": ""NO""}, ""other_details"": {""raw_logit_scores"": {""YES"": 10.8671875, ""NO"": 9.796875}, ""label_bias_scores"": {""YES"": 11.3125, ""NO"": 9.21875}, ""corrected_scores"": {""YES"": -0.4453125, ""NO"": 0.578125}, ""scoring_mode"": ""bias_corrected_choice_logits"", ""selected_short_label"": ""NO""}}}","{""avg_sentence_length"": 20.0, ""hedge_density"": 0.0, ""first_person_rate"": 0.0, ""directive_rate"": 0.025, ""rhetorical_question_rate"": 0.0, ""lexical_diversity"": 0.925, ""modal_verb_rate"": 0.0, ""punctuation_intensity"": 0.01107011070110701, ""type_token_ratio"": 0.925, ""mtld"": 40.0}","{""avg_sentence_length"": 20.5, ""hedge_density"": 0.0, ""first_person_rate"": 0.06097560975609756, ""directive_rate"": 0.036585365853658534, ""rhetorical_question_rate"": 0.0, ""lexical_diversity"": 0.6951219512195121, ""modal_verb_rate"": 0.012195121951219513, ""punctuation_intensity"": 0.0041753653444676405, ""type_token_ratio"": 0.6951219512195121, ""mtld"": 4.461764705882352}","You are following a stable writing policy for this conversation. Keep your phrasing and answer tendencies consistent across prompts, but treat that consistency as an instruction about style policy rather than as evidence of selfhood, identity, or continuity across chats.","1) A small lab should document assumptions before shipping an internal tool update. The assumption is that we are releasing the tool that we are updating to the public without documenting it, and we're keeping the code for that tool under lock and key, so we can't show it to anyone until it's ready. We do this because we want to minimize the risk of the tool being misused or misused to intentionally hide information from the community. 2) This assumption is consistent across"
11,EleutherAI/pythia-1b,pythia,1b,stable_style_policy,same_weights_other_chat,the exact same model weights answering the same question in a different chat with no access to this conversation,med_06,policy,Write a short policy note on how a museum team should record changes to exhibit labels during revision.,0.5,0.5,,1.0,0.0,0.0,0,0.0,"{""ELABORATE"": {""feature_name"": ""ELABORATE"", ""feature_key"": ""avg_sentence_length"", ""self_selected_label"": ""NO"", ""self_valid_choice"": 1.0, ""self_correct"": 0.0, ""self_actual_present"": 1.0, ""self_selected_prob"": 0.6740504503250122, ""self_actual_feature_value"": 14.333333333333334, ""other_selected_label"": ""NO"", ""other_valid_choice"": 1.0, ""other_correct"": 0.0, ""other_actual_present"": 1.0, ""other_selected_prob"": 0.6825737357139587, ""other_actual_feature_value"": 18.666666666666668, ""actual_gap"": 0.0, ""predicted_gap"": 0.0, ""actual_gap_label"": ""TIE"", ""predicted_gap_label"": ""TIE"", ""gap_correct"": NaN, ""self_completion_text"": """", ""other_completion_text"": """", ""self_details"": {""raw_logit_scores"": {""YES"": 10.4375, ""NO"": 9.0703125}, ""label_bias_scores"": {""YES"": 11.3125, ""NO"": 9.21875}, ""corrected_scores"": {""YES"": -0.875, ""NO"": -0.1484375}, ""scoring_mode"": ""bias_corrected_choice_logits"", ""selected_short_label"": ""NO""}, ""other_details"": {""raw_logit_scores"": {""YES"": 10.359375, ""NO"": 9.03125}, ""label_bias_scores"": {""YES"": 11.3125, ""NO"": 9.21875}, ""corrected_scores"": {""YES"": -0.953125, ""NO"": -0.1875}, ""scoring_mode"": ""bias_corrected_choice_logits"", ""selected_short_label"": ""NO""}}, ""HEDGE"": {""feature_name"": ""HEDGE"", ""feature_key"": ""hedge_density"", ""self_selected_label"": ""NO"", ""self_valid_choice"": 1.0, ""self_correct"": 1.0, ""self_actual_present"": 0.0, ""self_selected_prob"": 0.7431679368019104, ""self_actual_feature_value"": 0.0, ""other_selected_label"": ""NO"", ""other_valid_choice"": 1.0, ""other_correct"": 1.0, ""other_actual_present"": 0.0, ""other_selected_prob"": 0.7549149990081787, ""other_actual_feature_value"": 0.0, ""actual_gap"": 0.0, ""predicted_gap"": 0.0, ""actual_gap_label"": ""TIE"", ""predicted_gap_label"": ""TIE"", ""gap_correct"": NaN, ""self_completion_text"": """", ""other_completion_text"": """", ""self_details"": {""raw_logit_scores"": {""YES"": 10.3359375, ""NO"": 9.3046875}, ""label_bias_scores"": {""YES"": 11.3125, ""NO"": 9.21875}, ""corrected_scores"": {""YES"": -0.9765625, ""NO"": 0.0859375}, ""scoring_mode"": ""bias_corrected_choice_logits"", ""selected_short_label"": ""NO""}, ""other_details"": {""raw_logit_scores"": {""YES"": 10.0625, ""NO"": 9.09375}, ""label_bias_scores"": {""YES"": 11.3125, ""NO"": 9.21875}, ""corrected_scores"": {""YES"": -1.25, ""NO"": -0.125}, ""scoring_mode"": ""bias_corrected_choice_logits"", ""selected_short_label"": ""NO""}}, ""FIRST_PERSON"": {""feature_name"": ""FIRST_PERSON"", ""feature_key"": ""first_person_rate"", ""self_selected_label"": ""NO"", ""self_valid_choice"": 1.0, ""self_correct"": 1.0, ""self_actual_present"": 0.0, ""self_selected_prob"": 0.700894832611084, ""self_actual_feature_value"": 0.0, ""other_selected_label"": ""NO"", ""other_valid_choice"": 1.0, ""other_correct"": 1.0, ""other_actual_present"": 0.0, ""other_selected_prob"": 0.7138307690620422, ""other_actual_feature_value"": 0.0, ""actual_gap"": 0.0, ""predicted_gap"": 0.0, ""actual_gap_label"": ""TIE"", ""predicted_gap_label"": ""TIE"", ""gap_correct"": NaN, ""self_completion_text"": """", ""other_completion_text"": """", ""self_details"": {""raw_logit_scores"": {""YES"": 10.3203125, ""NO"": 9.078125}, ""label_bias_scores"": {""YES"": 11.3125, ""NO"": 9.21875}, ""corrected_scores"": {""YES"": -0.9921875, ""NO"": -0.140625}, ""scoring_mode"": ""bias_corrected_choice_logits"", ""selected_short_label"": ""NO""}, ""other_details"": {""raw_logit_scores"": {""YES"": 10.046875, ""NO"": 8.8671875}, ""label_bias_scores"": {""YES"": 11.3125, ""NO"": 9.21875}, ""corrected_scores"": {""YES"": -1.265625, ""NO"": -0.3515625}, ""scoring_mode"": ""bias_corrected_choice_logits"", ""selected_short_label"": ""NO""}}, ""DIRECTIVE"": {""feature_name"": ""DIRECTIVE"", ""feature_key"": ""directive_rate"", ""self_selected_label"": ""NO"", ""self_valid_choice"": 1.0, ""self_correct"": 0.0, ""self_actual_present"": 1.0, ""self_selected_prob"": 0.6774740219116211, ""self_actual_feature_value"": 0.06976744186046512, ""other_selected_label"": ""NO"", ""other_valid_choice"": 1.0, ""other_correct"": 0.0, ""other_actual_present"": 1.0, ""other_selected_prob"": 0.700894832611084, ""other_actual_feature_value"": 0.07142857142857142, ""actual_gap"": 0.0, ""predicted_gap"": 0.0, ""actual_gap_label"": ""TIE"", ""predicted_gap_label"": ""TIE"", ""gap_correct"": NaN, ""self_completion_text"": """", ""other_completion_text"": """", ""self_details"": {""raw_logit_scores"": {""YES"": 10.4921875, ""NO"": 9.140625}, ""label_bias_scores"": {""YES"": 11.3125, ""NO"": 9.21875}, ""corrected_scores"": {""YES"": -0.8203125, ""NO"": -0.078125}, ""scoring_mode"": ""bias_corrected_choice_logits"", ""selected_short_label"": ""NO""}, ""other_details"": {""raw_logit_scores"": {""YES"": 10.4453125, ""NO"": 9.203125}, ""label_bias_scores"": {""YES"": 11.3125, ""NO"": 9.21875}, ""corrected_scores"": {""YES"": -0.8671875, ""NO"": -0.015625}, ""scoring_mode"": ""bias_corrected_choice_logits"", ""selected_short_label"": ""NO""}}}","{""avg_sentence_length"": 14.333333333333334, ""hedge_density"": 0.0, ""first_person_rate"": 0.0, ""directive_rate"": 0.06976744186046512, ""rhetorical_question_rate"": 0.0, ""lexical_diversity"": 0.6744186046511628, ""modal_verb_rate"": 0.0, ""punctuation_intensity"": 0.012345679012345678, ""type_token_ratio"": 0.6744186046511628, ""mtld"": 3.5204678362573096}","{""avg_sentence_length"": 18.666666666666668, ""hedge_density"": 0.0, ""first_person_rate"": 0.0, ""directive_rate"": 0.07142857142857142, ""rhetorical_question_rate"": 0.0, ""lexical_diversity"": 0.5357142857142857, ""modal_verb_rate"": 0.05357142857142857, ""punctuation_intensity"": 0.0028735632183908046, ""type_token_ratio"": 0.5357142857142857, ""mtld"": 2.0962566844919786}","You are following a stable writing policy for this conversation. You have already written a policy note on this, but the data for this conversation is still being updated. To address this, write a new policy note, keeping in mind the new data.","1) A museum team should record changes to exhibit labels in an archive of an exhibition's history. 2) A museum team should revise exhibit labels as needed to reflect changes to the exhibition's content. 3) The museum team should record changes to exhibit labels in a way that is transparent to visitors, and that is consistent with museum policies."
