
[2026-04-22T22:53:17.831588] START temporal_authorship_matrix: C:/Users/joshj/miniconda3/python.exe C:\Users\joshj\joseph-stroud-identity-stability-research\scripts\temporal_authorship_matrix.py --config C:\Users\joshj\joseph-stroud-identity-stability-research\configs\identity_battery\temporal_authorship_matrix_medium.yaml
Warning: You are sending unauthenticated requests to the HF Hub. Please set a HF_TOKEN to enable higher rate limits and faster downloads.

Loading weights:   0%|          | 0/292 [00:00<?, ?it/s]
Loading weights:   0%|          | 1/292 [00:00<00:00, 14027.77it/s, Materializing param=embed_out.weight]
Loading weights:   0%|          | 1/292 [00:00<00:00, 6132.02it/s, Materializing param=embed_out.weight] 
Loading weights:   1%|          | 2/292 [00:00<00:00, 4007.94it/s, Materializing param=gpt_neox.embed_in.weight]
Loading weights:   1%|          | 2/292 [00:00<00:00, 3489.44it/s, Materializing param=gpt_neox.embed_in.weight]
Loading weights:   1%|1         | 3/292 [00:00<00:00, 2590.14it/s, Materializing param=gpt_neox.final_layer_norm.bias]
Loading weights:   1%|1         | 3/292 [00:00<00:00, 1919.59it/s, Materializing param=gpt_neox.final_layer_norm.bias]
Loading weights:   1%|1         | 4/292 [00:00<00:00, 1441.84it/s, Materializing param=gpt_neox.final_layer_norm.weight]
Loading weights:   1%|1         | 4/292 [00:00<00:00, 1347.46it/s, Materializing param=gpt_neox.final_layer_norm.weight]
Loading weights:   2%|1         | 5/292 [00:00<00:00, 1328.66it/s, Materializing param=gpt_neox.layers.0.attention.dense.bias]
Loading weights:   2%|1         | 5/292 [00:00<00:00, 1231.37it/s, Materializing param=gpt_neox.layers.0.attention.dense.bias]
Loading weights:   2%|2         | 6/292 [00:00<00:00, 1285.41it/s, Materializing param=gpt_neox.layers.0.attention.dense.weight]
Loading weights:   2%|2         | 6/292 [00:00<00:00, 1170.61it/s, Materializing param=gpt_neox.layers.0.attention.dense.weight]
Loading weights:   2%|2         | 7/292 [00:00<00:00, 1036.36it/s, Materializing param=gpt_neox.layers.0.attention.query_key_value.bias]
Loading weights:   2%|2         | 7/292 [00:00<00:00, 969.94it/s, Materializing param=gpt_neox.layers.0.attention.query_key_value.bias] 
Loading weights:   3%|2         | 8/292 [00:00<00:00, 949.66it/s, Materializing param=gpt_neox.layers.0.attention.query_key_value.weight]
Loading weights:   3%|2         | 8/292 [00:00<00:00, 912.65it/s, Materializing param=gpt_neox.layers.0.attention.query_key_value.weight]
Loading weights:   3%|3         | 9/292 [00:00<00:00, 987.44it/s, Materializing param=gpt_neox.layers.0.input_layernorm.bias]            
Loading weights:   3%|3         | 9/292 [00:00<00:00, 933.61it/s, Materializing param=gpt_neox.layers.0.input_layernorm.bias]
Loading weights:   3%|3         | 10/292 [00:00<00:00, 1007.86it/s, Materializing param=gpt_neox.layers.0.input_layernorm.weight]
Loading weights:   3%|3         | 10/292 [00:00<00:00, 986.43it/s, Materializing param=gpt_neox.layers.0.input_layernorm.weight] 
Loading weights:   4%|3         | 11/292 [00:00<00:00, 978.48it/s, Materializing param=gpt_neox.layers.0.mlp.dense_4h_to_h.bias]
Loading weights:   4%|3         | 11/292 [00:00<00:00, 962.18it/s, Materializing param=gpt_neox.layers.0.mlp.dense_4h_to_h.bias]
Loading weights:   4%|4         | 12/292 [00:00<00:00, 1024.29it/s, Materializing param=gpt_neox.layers.0.mlp.dense_4h_to_h.weight]
Loading weights:   4%|4         | 12/292 [00:00<00:00, 1013.77it/s, Materializing param=gpt_neox.layers.0.mlp.dense_4h_to_h.weight]
Loading weights:   4%|4         | 13/292 [00:00<00:00, 1058.49it/s, Materializing param=gpt_neox.layers.0.mlp.dense_h_to_4h.bias]  
Loading weights:   4%|4         | 13/292 [00:00<00:00, 974.16it/s, Materializing param=gpt_neox.layers.0.mlp.dense_h_to_4h.bias] 
Loading weights:   5%|4         | 14/292 [00:00<00:00, 951.52it/s, Materializing param=gpt_neox.layers.0.mlp.dense_h_to_4h.weight]
Loading weights:   5%|4         | 14/292 [00:00<00:00, 928.75it/s, Materializing param=gpt_neox.layers.0.mlp.dense_h_to_4h.weight]
Loading weights:   5%|5         | 15/292 [00:00<00:00, 954.07it/s, Materializing param=gpt_neox.layers.0.post_attention_layernorm.bias]
Loading weights:   5%|5         | 15/292 [00:00<00:00, 945.44it/s, Materializing param=gpt_neox.layers.0.post_attention_layernorm.bias]
Loading weights:   5%|5         | 16/292 [00:00<00:00, 996.42it/s, Materializing param=gpt_neox.layers.0.post_attention_layernorm.weight]
Loading weights:   5%|5         | 16/292 [00:00<00:00, 965.85it/s, Materializing param=gpt_neox.layers.0.post_attention_layernorm.weight]
Loading weights:   6%|5         | 17/292 [00:00<00:00, 987.55it/s, Materializing param=gpt_neox.layers.1.attention.dense.bias]           
Loading weights:   6%|5         | 17/292 [00:00<00:00, 965.19it/s, Materializing param=gpt_neox.layers.1.attention.dense.bias]
Loading weights:   6%|6         | 18/292 [00:00<00:00, 982.62it/s, Materializing param=gpt_neox.layers.1.attention.dense.weight]
Loading weights:   6%|6         | 18/292 [00:00<00:00, 968.60it/s, Materializing param=gpt_neox.layers.1.attention.dense.weight]
Loading weights:   7%|6         | 19/292 [00:00<00:00, 993.07it/s, Materializing param=gpt_neox.layers.1.attention.query_key_value.bias]
Loading weights:   7%|6         | 19/292 [00:00<00:00, 975.36it/s, Materializing param=gpt_neox.layers.1.attention.query_key_value.bias]
Loading weights:   7%|6         | 20/292 [00:00<00:00, 999.85it/s, Materializing param=gpt_neox.layers.1.attention.query_key_value.weight]
Loading weights:   7%|6         | 20/292 [00:00<00:00, 985.64it/s, Materializing param=gpt_neox.layers.1.attention.query_key_value.weight]
Loading weights:   7%|7         | 21/292 [00:00<00:00, 1021.68it/s, Materializing param=gpt_neox.layers.1.input_layernorm.bias]           
Loading weights:   7%|7         | 21/292 [00:00<00:00, 1015.03it/s, Materializing param=gpt_neox.layers.1.input_layernorm.bias]
Loading weights:   8%|7         | 22/292 [00:00<00:00, 1042.96it/s, Materializing param=gpt_neox.layers.1.input_layernorm.weight]
Loading weights:   8%|7         | 22/292 [00:00<00:00, 1039.38it/s, Materializing param=gpt_neox.layers.1.input_layernorm.weight]
Loading weights:   8%|7         | 23/292 [00:00<00:00, 1079.51it/s, Materializing param=gpt_neox.layers.1.mlp.dense_4h_to_h.bias]
Loading weights:   8%|7         | 23/292 [00:00<00:00, 1073.66it/s, Materializing param=gpt_neox.layers.1.mlp.dense_4h_to_h.bias]
Loading weights:   8%|8         | 24/292 [00:00<00:00, 1102.16it/s, Materializing param=gpt_neox.layers.1.mlp.dense_4h_to_h.weight]
Loading weights:   8%|8         | 24/292 [00:00<00:00, 1098.52it/s, Materializing param=gpt_neox.layers.1.mlp.dense_4h_to_h.weight]
Loading weights:   9%|8         | 25/292 [00:00<00:00, 1128.92it/s, Materializing param=gpt_neox.layers.1.mlp.dense_h_to_4h.bias]  
Loading weights:   9%|8         | 25/292 [00:00<00:00, 1120.64it/s, Materializing param=gpt_neox.layers.1.mlp.dense_h_to_4h.bias]
Loading weights:   9%|8         | 26/292 [00:00<00:00, 1126.43it/s, Materializing param=gpt_neox.layers.1.mlp.dense_h_to_4h.weight]
Loading weights:   9%|8         | 26/292 [00:00<00:00, 1122.78it/s, Materializing param=gpt_neox.layers.1.mlp.dense_h_to_4h.weight]
Loading weights:   9%|9         | 27/292 [00:00<00:00, 1154.02it/s, Materializing param=gpt_neox.layers.1.post_attention_layernorm.bias]
Loading weights:   9%|9         | 27/292 [00:00<00:00, 1128.87it/s, Materializing param=gpt_neox.layers.1.post_attention_layernorm.bias]
Loading weights:  10%|9         | 28/292 [00:00<00:00, 1137.35it/s, Materializing param=gpt_neox.layers.1.post_attention_layernorm.weight]
Loading weights:  10%|9         | 28/292 [00:00<00:00, 1113.86it/s, Materializing param=gpt_neox.layers.1.post_attention_layernorm.weight]
Loading weights:  10%|9         | 29/292 [00:00<00:00, 1146.58it/s, Materializing param=gpt_neox.layers.2.attention.dense.bias]           
Loading weights:  10%|9         | 29/292 [00:00<00:00, 1139.88it/s, Materializing param=gpt_neox.layers.2.attention.dense.bias]
Loading weights:  10%|#         | 30/292 [00:00<00:00, 1164.33it/s, Materializing param=gpt_neox.layers.2.attention.dense.weight]
Loading weights:  10%|#         | 30/292 [00:00<00:00, 1161.35it/s, Materializing param=gpt_neox.layers.2.attention.dense.weight]
Loading weights:  11%|#         | 31/292 [00:00<00:00, 1176.70it/s, Materializing param=gpt_neox.layers.2.attention.query_key_value.bias]
Loading weights:  11%|#         | 31/292 [00:00<00:00, 1170.23it/s, Materializing param=gpt_neox.layers.2.attention.query_key_value.bias]
Loading weights:  11%|#         | 32/292 [00:00<00:00, 1197.67it/s, Materializing param=gpt_neox.layers.2.attention.query_key_value.weight]
Loading weights:  11%|#         | 32/292 [00:00<00:00, 1184.00it/s, Materializing param=gpt_neox.layers.2.attention.query_key_value.weight]
Loading weights:  11%|#1        | 33/292 [00:00<00:00, 1185.76it/s, Materializing param=gpt_neox.layers.2.input_layernorm.bias]            
Loading weights:  11%|#1        | 33/292 [00:00<00:00, 1172.03it/s, Materializing param=gpt_neox.layers.2.input_layernorm.bias]
Loading weights:  12%|#1        | 34/292 [00:00<00:00, 1126.54it/s, Materializing param=gpt_neox.layers.2.input_layernorm.weight]
Loading weights:  12%|#1        | 34/292 [00:00<00:00, 1120.31it/s, Materializing param=gpt_neox.layers.2.input_layernorm.weight]
Loading weights:  12%|#1        | 35/292 [00:00<00:00, 1099.30it/s, Materializing param=gpt_neox.layers.2.mlp.dense_4h_to_h.bias]
Loading weights:  12%|#1        | 35/292 [00:00<00:00, 1095.55it/s, Materializing param=gpt_neox.layers.2.mlp.dense_4h_to_h.bias]
Loading weights:  12%|#2        | 36/292 [00:00<00:00, 1120.12it/s, Materializing param=gpt_neox.layers.2.mlp.dense_4h_to_h.weight]
Loading weights:  12%|#2        | 36/292 [00:00<00:00, 1117.74it/s, Materializing param=gpt_neox.layers.2.mlp.dense_4h_to_h.weight]
Loading weights:  13%|#2        | 37/292 [00:00<00:00, 1139.80it/s, Materializing param=gpt_neox.layers.2.mlp.dense_h_to_4h.bias]  
Loading weights:  13%|#2        | 37/292 [00:00<00:00, 1131.06it/s, Materializing param=gpt_neox.layers.2.mlp.dense_h_to_4h.bias]
Loading weights:  13%|#3        | 38/292 [00:00<00:00, 1134.81it/s, Materializing param=gpt_neox.layers.2.mlp.dense_h_to_4h.weight]
Loading weights:  13%|#3        | 38/292 [00:00<00:00, 1119.03it/s, Materializing param=gpt_neox.layers.2.mlp.dense_h_to_4h.weight]
Loading weights:  13%|#3        | 39/292 [00:00<00:00, 1123.70it/s, Materializing param=gpt_neox.layers.2.post_attention_layernorm.bias]
Loading weights:  13%|#3        | 39/292 [00:00<00:00, 1083.30it/s, Materializing param=gpt_neox.layers.2.post_attention_layernorm.bias]
Loading weights:  14%|#3        | 40/292 [00:00<00:00, 1063.27it/s, Materializing param=gpt_neox.layers.2.post_attention_layernorm.weight]
Loading weights:  14%|#3        | 40/292 [00:00<00:00, 1057.04it/s, Materializing param=gpt_neox.layers.2.post_attention_layernorm.weight]
Loading weights:  14%|#4        | 41/292 [00:00<00:00, 1070.84it/s, Materializing param=gpt_neox.layers.3.attention.dense.bias]           
Loading weights:  14%|#4        | 41/292 [00:00<00:00, 1064.37it/s, Materializing param=gpt_neox.layers.3.attention.dense.bias]
Loading weights:  14%|#4        | 42/292 [00:00<00:00, 1083.37it/s, Materializing param=gpt_neox.layers.3.attention.dense.weight]
Loading weights:  14%|#4        | 42/292 [00:00<00:00, 1079.75it/s, Materializing param=gpt_neox.layers.3.attention.dense.weight]
Loading weights:  15%|#4        | 43/292 [00:00<00:00, 1100.13it/s, Materializing param=gpt_neox.layers.3.attention.query_key_value.bias]
Loading weights:  15%|#4        | 43/292 [00:00<00:00, 1098.21it/s, Materializing param=gpt_neox.layers.3.attention.query_key_value.bias]
Loading weights:  15%|#5        | 44/292 [00:00<00:00, 1120.31it/s, Materializing param=gpt_neox.layers.3.attention.query_key_value.weight]
Loading weights:  15%|#5        | 44/292 [00:00<00:00, 1117.69it/s, Materializing param=gpt_neox.layers.3.attention.query_key_value.weight]
Loading weights:  15%|#5        | 45/292 [00:00<00:00, 1139.54it/s, Materializing param=gpt_neox.layers.3.input_layernorm.bias]            
Loading weights:  15%|#5        | 45/292 [00:00<00:00, 1137.81it/s, Materializing param=gpt_neox.layers.3.input_layernorm.bias]
Loading weights:  16%|#5        | 46/292 [00:00<00:00, 1159.98it/s, Materializing param=gpt_neox.layers.3.input_layernorm.weight]
Loading weights:  16%|#5        | 46/292 [00:00<00:00, 1158.24it/s, Materializing param=gpt_neox.layers.3.input_layernorm.weight]
Loading weights:  16%|#6        | 47/292 [00:00<00:00, 1180.33it/s, Materializing param=gpt_neox.layers.3.mlp.dense_4h_to_h.bias]
Loading weights:  16%|#6        | 47/292 [00:00<00:00, 1178.60it/s, Materializing param=gpt_neox.layers.3.mlp.dense_4h_to_h.bias]
Loading weights:  16%|#6        | 48/292 [00:00<00:00, 1200.52it/s, Materializing param=gpt_neox.layers.3.mlp.dense_4h_to_h.weight]
Loading weights:  16%|#6        | 48/292 [00:00<00:00, 1198.77it/s, Materializing param=gpt_neox.layers.3.mlp.dense_4h_to_h.weight]
Loading weights:  17%|#6        | 49/292 [00:00<00:00, 1220.59it/s, Materializing param=gpt_neox.layers.3.mlp.dense_h_to_4h.bias]  
Loading weights:  17%|#6        | 49/292 [00:00<00:00, 1218.84it/s, Materializing param=gpt_neox.layers.3.mlp.dense_h_to_4h.bias]
Loading weights:  17%|#7        | 50/292 [00:00<00:00, 1240.34it/s, Materializing param=gpt_neox.layers.3.mlp.dense_h_to_4h.weight]
Loading weights:  17%|#7        | 50/292 [00:00<00:00, 1238.53it/s, Materializing param=gpt_neox.layers.3.mlp.dense_h_to_4h.weight]
Loading weights:  17%|#7        | 51/292 [00:00<00:00, 1260.06it/s, Materializing param=gpt_neox.layers.3.post_attention_layernorm.bias]
Loading weights:  17%|#7        | 51/292 [00:00<00:00, 1258.23it/s, Materializing param=gpt_neox.layers.3.post_attention_layernorm.bias]
Loading weights:  18%|#7        | 52/292 [00:00<00:00, 1279.64it/s, Materializing param=gpt_neox.layers.3.post_attention_layernorm.weight]
Loading weights:  18%|#7        | 52/292 [00:00<00:00, 1277.78it/s, Materializing param=gpt_neox.layers.3.post_attention_layernorm.weight]
Loading weights:  18%|#8        | 53/292 [00:00<00:00, 1299.07it/s, Materializing param=gpt_neox.layers.4.attention.dense.bias]           
Loading weights:  18%|#8        | 53/292 [00:00<00:00, 1297.21it/s, Materializing param=gpt_neox.layers.4.attention.dense.bias]
Loading weights:  18%|#8        | 54/292 [00:00<00:00, 1318.32it/s, Materializing param=gpt_neox.layers.4.attention.dense.weight]
Loading weights:  18%|#8        | 54/292 [00:00<00:00, 1316.46it/s, Materializing param=gpt_neox.layers.4.attention.dense.weight]
Loading weights:  19%|#8        | 55/292 [00:00<00:00, 1337.18it/s, Materializing param=gpt_neox.layers.4.attention.query_key_value.bias]
Loading weights:  19%|#8        | 55/292 [00:00<00:00, 1335.26it/s, Materializing param=gpt_neox.layers.4.attention.query_key_value.bias]
Loading weights:  19%|#9        | 56/292 [00:00<00:00, 1356.06it/s, Materializing param=gpt_neox.layers.4.attention.query_key_value.weight]
Loading weights:  19%|#9        | 56/292 [00:00<00:00, 1354.07it/s, Materializing param=gpt_neox.layers.4.attention.query_key_value.weight]
Loading weights:  20%|#9        | 57/292 [00:00<00:00, 1374.60it/s, Materializing param=gpt_neox.layers.4.input_layernorm.bias]            
Loading weights:  20%|#9        | 57/292 [00:00<00:00, 1372.70it/s, Materializing param=gpt_neox.layers.4.input_layernorm.bias]
Loading weights:  20%|#9        | 58/292 [00:00<00:00, 1393.30it/s, Materializing param=gpt_neox.layers.4.input_layernorm.weight]
Loading weights:  20%|#9        | 58/292 [00:00<00:00, 1391.34it/s, Materializing param=gpt_neox.layers.4.input_layernorm.weight]
Loading weights:  20%|##        | 59/292 [00:00<00:00, 1411.86it/s, Materializing param=gpt_neox.layers.4.mlp.dense_4h_to_h.bias]
Loading weights:  20%|##        | 59/292 [00:00<00:00, 1409.89it/s, Materializing param=gpt_neox.layers.4.mlp.dense_4h_to_h.bias]
Loading weights:  21%|##        | 60/292 [00:00<00:00, 1430.21it/s, Materializing param=gpt_neox.layers.4.mlp.dense_4h_to_h.weight]
Loading weights:  21%|##        | 60/292 [00:00<00:00, 1428.24it/s, Materializing param=gpt_neox.layers.4.mlp.dense_4h_to_h.weight]
Loading weights:  21%|##        | 61/292 [00:00<00:00, 1448.31it/s, Materializing param=gpt_neox.layers.4.mlp.dense_h_to_4h.bias]  
Loading weights:  21%|##        | 61/292 [00:00<00:00, 1446.27it/s, Materializing param=gpt_neox.layers.4.mlp.dense_h_to_4h.bias]
Loading weights:  21%|##1       | 62/292 [00:00<00:00, 1466.32it/s, Materializing param=gpt_neox.layers.4.mlp.dense_h_to_4h.weight]
Loading weights:  21%|##1       | 62/292 [00:00<00:00, 1464.31it/s, Materializing param=gpt_neox.layers.4.mlp.dense_h_to_4h.weight]
Loading weights:  22%|##1       | 63/292 [00:00<00:00, 1484.38it/s, Materializing param=gpt_neox.layers.4.post_attention_layernorm.bias]
Loading weights:  22%|##1       | 63/292 [00:00<00:00, 1482.46it/s, Materializing param=gpt_neox.layers.4.post_attention_layernorm.bias]
Loading weights:  22%|##1       | 64/292 [00:00<00:00, 1502.45it/s, Materializing param=gpt_neox.layers.4.post_attention_layernorm.weight]
Loading weights:  22%|##1       | 64/292 [00:00<00:00, 1500.48it/s, Materializing param=gpt_neox.layers.4.post_attention_layernorm.weight]
Loading weights:  22%|##2       | 65/292 [00:00<00:00, 1520.37it/s, Materializing param=gpt_neox.layers.5.attention.dense.bias]           
Loading weights:  22%|##2       | 65/292 [00:00<00:00, 1518.26it/s, Materializing param=gpt_neox.layers.5.attention.dense.bias]
Loading weights:  23%|##2       | 66/292 [00:00<00:00, 1537.67it/s, Materializing param=gpt_neox.layers.5.attention.dense.weight]
Loading weights:  23%|##2       | 66/292 [00:00<00:00, 1535.61it/s, Materializing param=gpt_neox.layers.5.attention.dense.weight]
Loading weights:  23%|##2       | 67/292 [00:00<00:00, 1552.64it/s, Materializing param=gpt_neox.layers.5.attention.query_key_value.bias]
Loading weights:  23%|##2       | 67/292 [00:00<00:00, 1549.46it/s, Materializing param=gpt_neox.layers.5.attention.query_key_value.bias]
Loading weights:  23%|##3       | 68/292 [00:00<00:00, 1565.14it/s, Materializing param=gpt_neox.layers.5.attention.query_key_value.weight]
Loading weights:  23%|##3       | 68/292 [00:00<00:00, 1562.09it/s, Materializing param=gpt_neox.layers.5.attention.query_key_value.weight]
Loading weights:  24%|##3       | 69/292 [00:00<00:00, 1580.12it/s, Materializing param=gpt_neox.layers.5.input_layernorm.bias]            
Loading weights:  24%|##3       | 69/292 [00:00<00:00, 1577.80it/s, Materializing param=gpt_neox.layers.5.input_layernorm.bias]
Loading weights:  24%|##3       | 70/292 [00:00<00:00, 1596.17it/s, Materializing param=gpt_neox.layers.5.input_layernorm.weight]
Loading weights:  24%|##3       | 70/292 [00:00<00:00, 1593.98it/s, Materializing param=gpt_neox.layers.5.input_layernorm.weight]
Loading weights:  24%|##4       | 71/292 [00:00<00:00, 1612.69it/s, Materializing param=gpt_neox.layers.5.mlp.dense_4h_to_h.bias]
Loading weights:  24%|##4       | 71/292 [00:00<00:00, 1610.60it/s, Materializing param=gpt_neox.layers.5.mlp.dense_4h_to_h.bias]
Loading weights:  25%|##4       | 72/292 [00:00<00:00, 1620.73it/s, Materializing param=gpt_neox.layers.5.mlp.dense_4h_to_h.weight]
Loading weights:  25%|##4       | 72/292 [00:00<00:00, 1617.06it/s, Materializing param=gpt_neox.layers.5.mlp.dense_4h_to_h.weight]
Loading weights:  25%|##5       | 73/292 [00:00<00:00, 1632.99it/s, Materializing param=gpt_neox.layers.5.mlp.dense_h_to_4h.bias]  
Loading weights:  25%|##5       | 73/292 [00:00<00:00, 1630.40it/s, Materializing param=gpt_neox.layers.5.mlp.dense_h_to_4h.bias]
Loading weights:  25%|##5       | 74/292 [00:00<00:00, 1647.59it/s, Materializing param=gpt_neox.layers.5.mlp.dense_h_to_4h.weight]
Loading weights:  25%|##5       | 74/292 [00:00<00:00, 1645.15it/s, Materializing param=gpt_neox.layers.5.mlp.dense_h_to_4h.weight]
Loading weights:  26%|##5       | 75/292 [00:00<00:00, 1662.05it/s, Materializing param=gpt_neox.layers.5.post_attention_layernorm.bias]
Loading weights:  26%|##5       | 75/292 [00:00<00:00, 1657.92it/s, Materializing param=gpt_neox.layers.5.post_attention_layernorm.bias]
Loading weights:  26%|##6       | 76/292 [00:00<00:00, 1662.96it/s, Materializing param=gpt_neox.layers.5.post_attention_layernorm.weight]
Loading weights:  26%|##6       | 76/292 [00:00<00:00, 1659.10it/s, Materializing param=gpt_neox.layers.5.post_attention_layernorm.weight]
Loading weights:  26%|##6       | 77/292 [00:00<00:00, 1674.23it/s, Materializing param=gpt_neox.layers.6.attention.dense.bias]           
Loading weights:  26%|##6       | 77/292 [00:00<00:00, 1671.86it/s, Materializing param=gpt_neox.layers.6.attention.dense.bias]
Loading weights:  27%|##6       | 78/292 [00:00<00:00, 1687.64it/s, Materializing param=gpt_neox.layers.6.attention.dense.weight]
Loading weights:  27%|##6       | 78/292 [00:00<00:00, 1685.29it/s, Materializing param=gpt_neox.layers.6.attention.dense.weight]
Loading weights:  27%|##7       | 79/292 [00:00<00:00, 1702.06it/s, Materializing param=gpt_neox.layers.6.attention.query_key_value.bias]
Loading weights:  27%|##7       | 79/292 [00:00<00:00, 1699.89it/s, Materializing param=gpt_neox.layers.6.attention.query_key_value.bias]
Loading weights:  27%|##7       | 80/292 [00:00<00:00, 1716.66it/s, Materializing param=gpt_neox.layers.6.attention.query_key_value.weight]
Loading weights:  27%|##7       | 80/292 [00:00<00:00, 1714.38it/s, Materializing param=gpt_neox.layers.6.attention.query_key_value.weight]
Loading weights:  28%|##7       | 81/292 [00:00<00:00, 1730.31it/s, Materializing param=gpt_neox.layers.6.input_layernorm.bias]            
Loading weights:  28%|##7       | 81/292 [00:00<00:00, 1728.09it/s, Materializing param=gpt_neox.layers.6.input_layernorm.bias]
Loading weights:  28%|##8       | 82/292 [00:00<00:00, 1744.98it/s, Materializing param=gpt_neox.layers.6.input_layernorm.weight]
Loading weights:  28%|##8       | 82/292 [00:00<00:00, 1742.75it/s, Materializing param=gpt_neox.layers.6.input_layernorm.weight]
Loading weights:  28%|##8       | 83/292 [00:00<00:00, 1759.98it/s, Materializing param=gpt_neox.layers.6.mlp.dense_4h_to_h.bias]
Loading weights:  28%|##8       | 83/292 [00:00<00:00, 1757.86it/s, Materializing param=gpt_neox.layers.6.mlp.dense_4h_to_h.bias]
Loading weights:  29%|##8       | 84/292 [00:00<00:00, 1774.75it/s, Materializing param=gpt_neox.layers.6.mlp.dense_4h_to_h.weight]
Loading weights:  29%|##8       | 84/292 [00:00<00:00, 1772.63it/s, Materializing param=gpt_neox.layers.6.mlp.dense_4h_to_h.weight]
Loading weights:  29%|##9       | 85/292 [00:00<00:00, 1789.54it/s, Materializing param=gpt_neox.layers.6.mlp.dense_h_to_4h.bias]  
Loading weights:  29%|##9       | 85/292 [00:00<00:00, 1787.41it/s, Materializing param=gpt_neox.layers.6.mlp.dense_h_to_4h.bias]
Loading weights:  29%|##9       | 86/292 [00:00<00:00, 1804.34it/s, Materializing param=gpt_neox.layers.6.mlp.dense_h_to_4h.weight]
Loading weights:  29%|##9       | 86/292 [00:00<00:00, 1802.27it/s, Materializing param=gpt_neox.layers.6.mlp.dense_h_to_4h.weight]
Loading weights:  30%|##9       | 87/292 [00:00<00:00, 1819.39it/s, Materializing param=gpt_neox.layers.6.post_attention_layernorm.bias]
Loading weights:  30%|##9       | 87/292 [00:00<00:00, 1817.29it/s, Materializing param=gpt_neox.layers.6.post_attention_layernorm.bias]
Loading weights:  30%|###       | 88/292 [00:00<00:00, 1834.31it/s, Materializing param=gpt_neox.layers.6.post_attention_layernorm.weight]
Loading weights:  30%|###       | 88/292 [00:00<00:00, 1832.19it/s, Materializing param=gpt_neox.layers.6.post_attention_layernorm.weight]
Loading weights:  30%|###       | 89/292 [00:00<00:00, 1849.18it/s, Materializing param=gpt_neox.layers.7.attention.dense.bias]           
Loading weights:  30%|###       | 89/292 [00:00<00:00, 1847.06it/s, Materializing param=gpt_neox.layers.7.attention.dense.bias]
Loading weights:  31%|###       | 90/292 [00:00<00:00, 1863.68it/s, Materializing param=gpt_neox.layers.7.attention.dense.weight]
Loading weights:  31%|###       | 90/292 [00:00<00:00, 1861.60it/s, Materializing param=gpt_neox.layers.7.attention.dense.weight]
Loading weights:  31%|###1      | 91/292 [00:00<00:00, 1878.20it/s, Materializing param=gpt_neox.layers.7.attention.query_key_value.bias]
Loading weights:  31%|###1      | 91/292 [00:00<00:00, 1876.01it/s, Materializing param=gpt_neox.layers.7.attention.query_key_value.bias]
Loading weights:  32%|###1      | 92/292 [00:00<00:00, 1892.49it/s, Materializing param=gpt_neox.layers.7.attention.query_key_value.weight]
Loading weights:  32%|###1      | 92/292 [00:00<00:00, 1889.95it/s, Materializing param=gpt_neox.layers.7.attention.query_key_value.weight]
Loading weights:  32%|###1      | 93/292 [00:00<00:00, 1905.59it/s, Materializing param=gpt_neox.layers.7.input_layernorm.bias]            
Loading weights:  32%|###1      | 93/292 [00:00<00:00, 1902.79it/s, Materializing param=gpt_neox.layers.7.input_layernorm.bias]
Loading weights:  32%|###2      | 94/292 [00:00<00:00, 1918.46it/s, Materializing param=gpt_neox.layers.7.input_layernorm.weight]
Loading weights:  32%|###2      | 94/292 [00:00<00:00, 1916.00it/s, Materializing param=gpt_neox.layers.7.input_layernorm.weight]
Loading weights:  33%|###2      | 95/292 [00:00<00:00, 1931.90it/s, Materializing param=gpt_neox.layers.7.mlp.dense_4h_to_h.bias]
Loading weights:  33%|###2      | 95/292 [00:00<00:00, 1929.61it/s, Materializing param=gpt_neox.layers.7.mlp.dense_4h_to_h.bias]
Loading weights:  33%|###2      | 96/292 [00:00<00:00, 1945.49it/s, Materializing param=gpt_neox.layers.7.mlp.dense_4h_to_h.weight]
Loading weights:  33%|###2      | 96/292 [00:00<00:00, 1943.08it/s, Materializing param=gpt_neox.layers.7.mlp.dense_4h_to_h.weight]
Loading weights:  33%|###3      | 97/292 [00:00<00:00, 1959.05it/s, Materializing param=gpt_neox.layers.7.mlp.dense_h_to_4h.bias]  
Loading weights:  33%|###3      | 97/292 [00:00<00:00, 1956.82it/s, Materializing param=gpt_neox.layers.7.mlp.dense_h_to_4h.bias]
Loading weights:  34%|###3      | 98/292 [00:00<00:00, 1972.78it/s, Materializing param=gpt_neox.layers.7.mlp.dense_h_to_4h.weight]
Loading weights:  34%|###3      | 98/292 [00:00<00:00, 1970.60it/s, Materializing param=gpt_neox.layers.7.mlp.dense_h_to_4h.weight]
Loading weights:  34%|###3      | 99/292 [00:00<00:00, 1986.48it/s, Materializing param=gpt_neox.layers.7.post_attention_layernorm.bias]
Loading weights:  34%|###3      | 99/292 [00:00<00:00, 1984.06it/s, Materializing param=gpt_neox.layers.7.post_attention_layernorm.bias]
Loading weights:  34%|###4      | 100/292 [00:00<00:00, 1999.49it/s, Materializing param=gpt_neox.layers.7.post_attention_layernorm.weight]
Loading weights:  34%|###4      | 100/292 [00:00<00:00, 1997.02it/s, Materializing param=gpt_neox.layers.7.post_attention_layernorm.weight]
Loading weights:  35%|###4      | 101/292 [00:00<00:00, 2012.55it/s, Materializing param=gpt_neox.layers.8.attention.dense.bias]           
Loading weights:  35%|###4      | 101/292 [00:00<00:00, 2010.22it/s, Materializing param=gpt_neox.layers.8.attention.dense.bias]
Loading weights:  35%|###4      | 102/292 [00:00<00:00, 2025.50it/s, Materializing param=gpt_neox.layers.8.attention.dense.weight]
Loading weights:  35%|###4      | 102/292 [00:00<00:00, 2023.18it/s, Materializing param=gpt_neox.layers.8.attention.dense.weight]
Loading weights:  35%|###5      | 103/292 [00:00<00:00, 2038.55it/s, Materializing param=gpt_neox.layers.8.attention.query_key_value.bias]
Loading weights:  35%|###5      | 103/292 [00:00<00:00, 2036.03it/s, Materializing param=gpt_neox.layers.8.attention.query_key_value.bias]
Loading weights:  36%|###5      | 104/292 [00:00<00:00, 2050.68it/s, Materializing param=gpt_neox.layers.8.attention.query_key_value.weight]
Loading weights:  36%|###5      | 104/292 [00:00<00:00, 2047.68it/s, Materializing param=gpt_neox.layers.8.attention.query_key_value.weight]
Loading weights:  36%|###5      | 105/292 [00:00<00:00, 2062.63it/s, Materializing param=gpt_neox.layers.8.input_layernorm.bias]            
Loading weights:  36%|###5      | 105/292 [00:00<00:00, 2060.36it/s, Materializing param=gpt_neox.layers.8.input_layernorm.bias]
Loading weights:  36%|###6      | 106/292 [00:00<00:00, 2075.44it/s, Materializing param=gpt_neox.layers.8.input_layernorm.weight]
Loading weights:  36%|###6      | 106/292 [00:00<00:00, 2073.10it/s, Materializing param=gpt_neox.layers.8.input_layernorm.weight]
Loading weights:  37%|###6      | 107/292 [00:00<00:00, 2087.85it/s, Materializing param=gpt_neox.layers.8.mlp.dense_4h_to_h.bias]
Loading weights:  37%|###6      | 107/292 [00:00<00:00, 2085.42it/s, Materializing param=gpt_neox.layers.8.mlp.dense_4h_to_h.bias]
Loading weights:  37%|###6      | 108/292 [00:00<00:00, 2100.04it/s, Materializing param=gpt_neox.layers.8.mlp.dense_4h_to_h.weight]
Loading weights:  37%|###6      | 108/292 [00:00<00:00, 2097.65it/s, Materializing param=gpt_neox.layers.8.mlp.dense_4h_to_h.weight]
Loading weights:  37%|###7      | 109/292 [00:00<00:00, 2110.62it/s, Materializing param=gpt_neox.layers.8.mlp.dense_h_to_4h.bias]  
Loading weights:  37%|###7      | 109/292 [00:00<00:00, 2105.93it/s, Materializing param=gpt_neox.layers.8.mlp.dense_h_to_4h.bias]
Loading weights:  38%|###7      | 110/292 [00:00<00:00, 2117.72it/s, Materializing param=gpt_neox.layers.8.mlp.dense_h_to_4h.weight]
Loading weights:  38%|###7      | 110/292 [00:00<00:00, 2114.96it/s, Materializing param=gpt_neox.layers.8.mlp.dense_h_to_4h.weight]
Loading weights:  38%|###8      | 111/292 [00:00<00:00, 2128.24it/s, Materializing param=gpt_neox.layers.8.post_attention_layernorm.bias]
Loading weights:  38%|###8      | 111/292 [00:00<00:00, 2125.66it/s, Materializing param=gpt_neox.layers.8.post_attention_layernorm.bias]
Loading weights:  38%|###8      | 112/292 [00:00<00:00, 2139.50it/s, Materializing param=gpt_neox.layers.8.post_attention_layernorm.weight]
Loading weights:  38%|###8      | 112/292 [00:00<00:00, 2136.88it/s, Materializing param=gpt_neox.layers.8.post_attention_layernorm.weight]
Loading weights:  39%|###8      | 113/292 [00:00<00:00, 2150.99it/s, Materializing param=gpt_neox.layers.9.attention.dense.bias]           
Loading weights:  39%|###8      | 113/292 [00:00<00:00, 2148.53it/s, Materializing param=gpt_neox.layers.9.attention.dense.bias]
Loading weights:  39%|###9      | 114/292 [00:00<00:00, 2162.60it/s, Materializing param=gpt_neox.layers.9.attention.dense.weight]
Loading weights:  39%|###9      | 114/292 [00:00<00:00, 2160.17it/s, Materializing param=gpt_neox.layers.9.attention.dense.weight]
Loading weights:  39%|###9      | 115/292 [00:00<00:00, 2174.15it/s, Materializing param=gpt_neox.layers.9.attention.query_key_value.bias]
Loading weights:  39%|###9      | 115/292 [00:00<00:00, 2171.67it/s, Materializing param=gpt_neox.layers.9.attention.query_key_value.bias]
Loading weights:  40%|###9      | 116/292 [00:00<00:00, 2185.41it/s, Materializing param=gpt_neox.layers.9.attention.query_key_value.weight]
Loading weights:  40%|###9      | 116/292 [00:00<00:00, 2182.94it/s, Materializing param=gpt_neox.layers.9.attention.query_key_value.weight]
Loading weights:  40%|####      | 117/292 [00:00<00:00, 2191.70it/s, Materializing param=gpt_neox.layers.9.input_layernorm.bias]            
Loading weights:  40%|####      | 117/292 [00:00<00:00, 2189.17it/s, Materializing param=gpt_neox.layers.9.input_layernorm.bias]
Loading weights:  40%|####      | 118/292 [00:00<00:00, 2202.56it/s, Materializing param=gpt_neox.layers.9.input_layernorm.weight]
Loading weights:  40%|####      | 118/292 [00:00<00:00, 2200.04it/s, Materializing param=gpt_neox.layers.9.input_layernorm.weight]
Loading weights:  41%|####      | 119/292 [00:00<00:00, 2213.96it/s, Materializing param=gpt_neox.layers.9.mlp.dense_4h_to_h.bias]
Loading weights:  41%|####      | 119/292 [00:00<00:00, 2211.45it/s, Materializing param=gpt_neox.layers.9.mlp.dense_4h_to_h.bias]
Loading weights:  41%|####1     | 120/292 [00:00<00:00, 2224.89it/s, Materializing param=gpt_neox.layers.9.mlp.dense_4h_to_h.weight]
Loading weights:  41%|####1     | 120/292 [00:00<00:00, 2220.11it/s, Materializing param=gpt_neox.layers.9.mlp.dense_4h_to_h.weight]
Loading weights:  41%|####1     | 121/292 [00:00<00:00, 2230.70it/s, Materializing param=gpt_neox.layers.9.mlp.dense_h_to_4h.bias]  
Loading weights:  41%|####1     | 121/292 [00:00<00:00, 2227.90it/s, Materializing param=gpt_neox.layers.9.mlp.dense_h_to_4h.bias]
Loading weights:  42%|####1     | 122/292 [00:00<00:00, 2240.93it/s, Materializing param=gpt_neox.layers.9.mlp.dense_h_to_4h.weight]
Loading weights:  42%|####1     | 122/292 [00:00<00:00, 2238.41it/s, Materializing param=gpt_neox.layers.9.mlp.dense_h_to_4h.weight]
Loading weights:  42%|####2     | 123/292 [00:00<00:00, 2252.01it/s, Materializing param=gpt_neox.layers.9.post_attention_layernorm.bias]
Loading weights:  42%|####2     | 123/292 [00:00<00:00, 2249.58it/s, Materializing param=gpt_neox.layers.9.post_attention_layernorm.bias]
Loading weights:  42%|####2     | 124/292 [00:00<00:00, 2263.14it/s, Materializing param=gpt_neox.layers.9.post_attention_layernorm.weight]
Loading weights:  42%|####2     | 124/292 [00:00<00:00, 2260.62it/s, Materializing param=gpt_neox.layers.9.post_attention_layernorm.weight]
Loading weights:  43%|####2     | 125/292 [00:00<00:00, 2274.33it/s, Materializing param=gpt_neox.layers.10.attention.dense.bias]          
Loading weights:  43%|####2     | 125/292 [00:00<00:00, 2271.92it/s, Materializing param=gpt_neox.layers.10.attention.dense.bias]
Loading weights:  43%|####3     | 126/292 [00:00<00:00, 2285.29it/s, Materializing param=gpt_neox.layers.10.attention.dense.weight]
Loading weights:  43%|####3     | 126/292 [00:00<00:00, 2282.90it/s, Materializing param=gpt_neox.layers.10.attention.dense.weight]
Loading weights:  43%|####3     | 127/292 [00:00<00:00, 2295.94it/s, Materializing param=gpt_neox.layers.10.attention.query_key_value.bias]
Loading weights:  43%|####3     | 127/292 [00:00<00:00, 2293.39it/s, Materializing param=gpt_neox.layers.10.attention.query_key_value.bias]
Loading weights:  44%|####3     | 128/292 [00:00<00:00, 2306.80it/s, Materializing param=gpt_neox.layers.10.attention.query_key_value.weight]
Loading weights:  44%|####3     | 128/292 [00:00<00:00, 2304.40it/s, Materializing param=gpt_neox.layers.10.attention.query_key_value.weight]
Loading weights:  44%|####4     | 129/292 [00:00<00:00, 2317.94it/s, Materializing param=gpt_neox.layers.10.input_layernorm.bias]            
Loading weights:  44%|####4     | 129/292 [00:00<00:00, 2315.62it/s, Materializing param=gpt_neox.layers.10.input_layernorm.bias]
Loading weights:  45%|####4     | 130/292 [00:00<00:00, 2328.96it/s, Materializing param=gpt_neox.layers.10.input_layernorm.weight]
Loading weights:  45%|####4     | 130/292 [00:00<00:00, 2326.64it/s, Materializing param=gpt_neox.layers.10.input_layernorm.weight]
Loading weights:  45%|####4     | 131/292 [00:00<00:00, 2340.06it/s, Materializing param=gpt_neox.layers.10.mlp.dense_4h_to_h.bias]
Loading weights:  45%|####4     | 131/292 [00:00<00:00, 2337.67it/s, Materializing param=gpt_neox.layers.10.mlp.dense_4h_to_h.bias]
Loading weights:  45%|####5     | 132/292 [00:00<00:00, 2350.74it/s, Materializing param=gpt_neox.layers.10.mlp.dense_4h_to_h.weight]
Loading weights:  45%|####5     | 132/292 [00:00<00:00, 2333.85it/s, Materializing param=gpt_neox.layers.10.mlp.dense_4h_to_h.weight]
Loading weights:  46%|####5     | 133/292 [00:00<00:00, 2336.95it/s, Materializing param=gpt_neox.layers.10.mlp.dense_h_to_4h.bias]  
Loading weights:  46%|####5     | 133/292 [00:00<00:00, 2332.21it/s, Materializing param=gpt_neox.layers.10.mlp.dense_h_to_4h.bias]
Loading weights:  46%|####5     | 134/292 [00:00<00:00, 2338.33it/s, Materializing param=gpt_neox.layers.10.mlp.dense_h_to_4h.weight]
Loading weights:  46%|####5     | 134/292 [00:00<00:00, 2333.77it/s, Materializing param=gpt_neox.layers.10.mlp.dense_h_to_4h.weight]
Loading weights:  46%|####6     | 135/292 [00:00<00:00, 2345.61it/s, Materializing param=gpt_neox.layers.10.post_attention_layernorm.bias]
Loading weights:  46%|####6     | 135/292 [00:00<00:00, 2343.09it/s, Materializing param=gpt_neox.layers.10.post_attention_layernorm.bias]
Loading weights:  47%|####6     | 136/292 [00:00<00:00, 2351.75it/s, Materializing param=gpt_neox.layers.10.post_attention_layernorm.weight]
Loading weights:  47%|####6     | 136/292 [00:00<00:00, 2348.40it/s, Materializing param=gpt_neox.layers.10.post_attention_layernorm.weight]
Loading weights:  47%|####6     | 137/292 [00:00<00:00, 2359.82it/s, Materializing param=gpt_neox.layers.11.attention.dense.bias]           
Loading weights:  47%|####6     | 137/292 [00:00<00:00, 2357.06it/s, Materializing param=gpt_neox.layers.11.attention.dense.bias]
Loading weights:  47%|####7     | 138/292 [00:00<00:00, 2367.90it/s, Materializing param=gpt_neox.layers.11.attention.dense.weight]
Loading weights:  47%|####7     | 138/292 [00:00<00:00, 2363.52it/s, Materializing param=gpt_neox.layers.11.attention.dense.weight]
Loading weights:  48%|####7     | 139/292 [00:00<00:00, 2369.49it/s, Materializing param=gpt_neox.layers.11.attention.query_key_value.bias]
Loading weights:  48%|####7     | 139/292 [00:00<00:00, 2365.94it/s, Materializing param=gpt_neox.layers.11.attention.query_key_value.bias]
Loading weights:  48%|####7     | 140/292 [00:00<00:00, 2375.84it/s, Materializing param=gpt_neox.layers.11.attention.query_key_value.weight]
Loading weights:  48%|####7     | 140/292 [00:00<00:00, 2372.91it/s, Materializing param=gpt_neox.layers.11.attention.query_key_value.weight]
Loading weights:  48%|####8     | 141/292 [00:00<00:00, 2384.01it/s, Materializing param=gpt_neox.layers.11.input_layernorm.bias]            
Loading weights:  48%|####8     | 141/292 [00:00<00:00, 2381.44it/s, Materializing param=gpt_neox.layers.11.input_layernorm.bias]
Loading weights:  49%|####8     | 142/292 [00:00<00:00, 2385.60it/s, Materializing param=gpt_neox.layers.11.input_layernorm.weight]
Loading weights:  49%|####8     | 142/292 [00:00<00:00, 2382.19it/s, Materializing param=gpt_neox.layers.11.input_layernorm.weight]
Loading weights:  49%|####8     | 143/292 [00:00<00:00, 2393.18it/s, Materializing param=gpt_neox.layers.11.mlp.dense_4h_to_h.bias]
Loading weights:  49%|####8     | 143/292 [00:00<00:00, 2390.53it/s, Materializing param=gpt_neox.layers.11.mlp.dense_4h_to_h.bias]
Loading weights:  49%|####9     | 144/292 [00:00<00:00, 2397.48it/s, Materializing param=gpt_neox.layers.11.mlp.dense_4h_to_h.weight]
Loading weights:  49%|####9     | 144/292 [00:00<00:00, 2394.51it/s, Materializing param=gpt_neox.layers.11.mlp.dense_4h_to_h.weight]
Loading weights:  50%|####9     | 145/292 [00:00<00:00, 2388.59it/s, Materializing param=gpt_neox.layers.11.mlp.dense_h_to_4h.bias]  
Loading weights:  50%|####9     | 145/292 [00:00<00:00, 2383.87it/s, Materializing param=gpt_neox.layers.11.mlp.dense_h_to_4h.bias]
Loading weights:  50%|#####     | 146/292 [00:00<00:00, 2391.99it/s, Materializing param=gpt_neox.layers.11.mlp.dense_h_to_4h.weight]
Loading weights:  50%|#####     | 146/292 [00:00<00:00, 2388.98it/s, Materializing param=gpt_neox.layers.11.mlp.dense_h_to_4h.weight]
Loading weights:  50%|#####     | 147/292 [00:00<00:00, 2399.37it/s, Materializing param=gpt_neox.layers.11.post_attention_layernorm.bias]
Loading weights:  50%|#####     | 147/292 [00:00<00:00, 2396.14it/s, Materializing param=gpt_neox.layers.11.post_attention_layernorm.bias]
Loading weights:  51%|#####     | 148/292 [00:00<00:00, 2406.35it/s, Materializing param=gpt_neox.layers.11.post_attention_layernorm.weight]
Loading weights:  51%|#####     | 148/292 [00:00<00:00, 2403.82it/s, Materializing param=gpt_neox.layers.11.post_attention_layernorm.weight]
Loading weights:  51%|#####1    | 149/292 [00:00<00:00, 2389.73it/s, Materializing param=gpt_neox.layers.12.attention.dense.bias]           
Loading weights:  51%|#####1    | 149/292 [00:00<00:00, 2366.18it/s, Materializing param=gpt_neox.layers.12.attention.dense.bias]
Loading weights:  51%|#####1    | 150/292 [00:00<00:00, 2362.03it/s, Materializing param=gpt_neox.layers.12.attention.dense.weight]
Loading weights:  51%|#####1    | 150/292 [00:00<00:00, 2354.98it/s, Materializing param=gpt_neox.layers.12.attention.dense.weight]
Loading weights:  52%|#####1    | 151/292 [00:00<00:00, 2362.56it/s, Materializing param=gpt_neox.layers.12.attention.query_key_value.bias]
Loading weights:  52%|#####1    | 151/292 [00:00<00:00, 2359.81it/s, Materializing param=gpt_neox.layers.12.attention.query_key_value.bias]
Loading weights:  52%|#####2    | 152/292 [00:00<00:00, 2370.07it/s, Materializing param=gpt_neox.layers.12.attention.query_key_value.weight]
Loading weights:  52%|#####2    | 152/292 [00:00<00:00, 2367.25it/s, Materializing param=gpt_neox.layers.12.attention.query_key_value.weight]
Loading weights:  52%|#####2    | 153/292 [00:00<00:00, 2378.02it/s, Materializing param=gpt_neox.layers.12.input_layernorm.bias]            
Loading weights:  52%|#####2    | 153/292 [00:00<00:00, 2375.73it/s, Materializing param=gpt_neox.layers.12.input_layernorm.bias]
Loading weights:  53%|#####2    | 154/292 [00:00<00:00, 2386.38it/s, Materializing param=gpt_neox.layers.12.input_layernorm.weight]
Loading weights:  53%|#####2    | 154/292 [00:00<00:00, 2384.11it/s, Materializing param=gpt_neox.layers.12.input_layernorm.weight]
Loading weights:  53%|#####3    | 155/292 [00:00<00:00, 2395.19it/s, Materializing param=gpt_neox.layers.12.mlp.dense_4h_to_h.bias]
Loading weights:  53%|#####3    | 155/292 [00:00<00:00, 2392.95it/s, Materializing param=gpt_neox.layers.12.mlp.dense_4h_to_h.bias]
Loading weights:  53%|#####3    | 156/292 [00:00<00:00, 2403.82it/s, Materializing param=gpt_neox.layers.12.mlp.dense_4h_to_h.weight]
Loading weights:  53%|#####3    | 156/292 [00:00<00:00, 2401.65it/s, Materializing param=gpt_neox.layers.12.mlp.dense_4h_to_h.weight]
Loading weights:  54%|#####3    | 157/292 [00:00<00:00, 2412.69it/s, Materializing param=gpt_neox.layers.12.mlp.dense_h_to_4h.bias]  
Loading weights:  54%|#####3    | 157/292 [00:00<00:00, 2410.54it/s, Materializing param=gpt_neox.layers.12.mlp.dense_h_to_4h.bias]
Loading weights:  54%|#####4    | 158/292 [00:00<00:00, 2420.34it/s, Materializing param=gpt_neox.layers.12.mlp.dense_h_to_4h.weight]
Loading weights:  54%|#####4    | 158/292 [00:00<00:00, 2418.00it/s, Materializing param=gpt_neox.layers.12.mlp.dense_h_to_4h.weight]
Loading weights:  54%|#####4    | 159/292 [00:00<00:00, 2428.59it/s, Materializing param=gpt_neox.layers.12.post_attention_layernorm.bias]
Loading weights:  54%|#####4    | 159/292 [00:00<00:00, 2426.38it/s, Materializing param=gpt_neox.layers.12.post_attention_layernorm.bias]
Loading weights:  55%|#####4    | 160/292 [00:00<00:00, 2437.05it/s, Materializing param=gpt_neox.layers.12.post_attention_layernorm.weight]
Loading weights:  55%|#####4    | 160/292 [00:00<00:00, 2434.36it/s, Materializing param=gpt_neox.layers.12.post_attention_layernorm.weight]
Loading weights:  55%|#####5    | 161/292 [00:00<00:00, 2445.15it/s, Materializing param=gpt_neox.layers.13.attention.dense.bias]           
Loading weights:  55%|#####5    | 161/292 [00:00<00:00, 2442.94it/s, Materializing param=gpt_neox.layers.13.attention.dense.bias]
Loading weights:  55%|#####5    | 162/292 [00:00<00:00, 2453.95it/s, Materializing param=gpt_neox.layers.13.attention.dense.weight]
Loading weights:  55%|#####5    | 162/292 [00:00<00:00, 2451.79it/s, Materializing param=gpt_neox.layers.13.attention.dense.weight]
Loading weights:  56%|#####5    | 163/292 [00:00<00:00, 2462.28it/s, Materializing param=gpt_neox.layers.13.attention.query_key_value.bias]
Loading weights:  56%|#####5    | 163/292 [00:00<00:00, 2459.94it/s, Materializing param=gpt_neox.layers.13.attention.query_key_value.bias]
Loading weights:  56%|#####6    | 164/292 [00:00<00:00, 2470.65it/s, Materializing param=gpt_neox.layers.13.attention.query_key_value.weight]
Loading weights:  56%|#####6    | 164/292 [00:00<00:00, 2468.50it/s, Materializing param=gpt_neox.layers.13.attention.query_key_value.weight]
Loading weights:  57%|#####6    | 165/292 [00:00<00:00, 2479.59it/s, Materializing param=gpt_neox.layers.13.input_layernorm.bias]            
Loading weights:  57%|#####6    | 165/292 [00:00<00:00, 2477.54it/s, Materializing param=gpt_neox.layers.13.input_layernorm.bias]
Loading weights:  57%|#####6    | 166/292 [00:00<00:00, 2488.64it/s, Materializing param=gpt_neox.layers.13.input_layernorm.weight]
Loading weights:  57%|#####6    | 166/292 [00:00<00:00, 2486.05it/s, Materializing param=gpt_neox.layers.13.input_layernorm.weight]
Loading weights:  57%|#####7    | 167/292 [00:00<00:00, 2497.18it/s, Materializing param=gpt_neox.layers.13.mlp.dense_4h_to_h.bias]
Loading weights:  57%|#####7    | 167/292 [00:00<00:00, 2495.06it/s, Materializing param=gpt_neox.layers.13.mlp.dense_4h_to_h.bias]
Loading weights:  58%|#####7    | 168/292 [00:00<00:00, 2505.89it/s, Materializing param=gpt_neox.layers.13.mlp.dense_4h_to_h.weight]
Loading weights:  58%|#####7    | 168/292 [00:00<00:00, 2503.78it/s, Materializing param=gpt_neox.layers.13.mlp.dense_4h_to_h.weight]
Loading weights:  58%|#####7    | 169/292 [00:00<00:00, 2514.65it/s, Materializing param=gpt_neox.layers.13.mlp.dense_h_to_4h.bias]  
Loading weights:  58%|#####7    | 169/292 [00:00<00:00, 2512.52it/s, Materializing param=gpt_neox.layers.13.mlp.dense_h_to_4h.bias]
Loading weights:  58%|#####8    | 170/292 [00:00<00:00, 2523.53it/s, Materializing param=gpt_neox.layers.13.mlp.dense_h_to_4h.weight]
Loading weights:  58%|#####8    | 170/292 [00:00<00:00, 2521.44it/s, Materializing param=gpt_neox.layers.13.mlp.dense_h_to_4h.weight]
Loading weights:  59%|#####8    | 171/292 [00:00<00:00, 2532.34it/s, Materializing param=gpt_neox.layers.13.post_attention_layernorm.bias]
Loading weights:  59%|#####8    | 171/292 [00:00<00:00, 2530.21it/s, Materializing param=gpt_neox.layers.13.post_attention_layernorm.bias]
Loading weights:  59%|#####8    | 172/292 [00:00<00:00, 2540.96it/s, Materializing param=gpt_neox.layers.13.post_attention_layernorm.weight]
Loading weights:  59%|#####8    | 172/292 [00:00<00:00, 2538.46it/s, Materializing param=gpt_neox.layers.13.post_attention_layernorm.weight]
Loading weights:  59%|#####9    | 173/292 [00:00<00:00, 2549.01it/s, Materializing param=gpt_neox.layers.14.attention.dense.bias]           
Loading weights:  59%|#####9    | 173/292 [00:00<00:00, 2546.92it/s, Materializing param=gpt_neox.layers.14.attention.dense.bias]
Loading weights:  60%|#####9    | 174/292 [00:00<00:00, 2557.42it/s, Materializing param=gpt_neox.layers.14.attention.dense.weight]
Loading weights:  60%|#####9    | 174/292 [00:00<00:00, 2555.27it/s, Materializing param=gpt_neox.layers.14.attention.dense.weight]
Loading weights:  60%|#####9    | 175/292 [00:00<00:00, 2560.38it/s, Materializing param=gpt_neox.layers.14.attention.query_key_value.bias]
Loading weights:  60%|#####9    | 175/292 [00:00<00:00, 2557.05it/s, Materializing param=gpt_neox.layers.14.attention.query_key_value.bias]
Loading weights:  60%|######    | 176/292 [00:00<00:00, 2563.75it/s, Materializing param=gpt_neox.layers.14.attention.query_key_value.weight]
Loading weights:  60%|######    | 176/292 [00:00<00:00, 2561.03it/s, Materializing param=gpt_neox.layers.14.attention.query_key_value.weight]
Loading weights:  61%|######    | 177/292 [00:00<00:00, 2570.03it/s, Materializing param=gpt_neox.layers.14.input_layernorm.bias]            
Loading weights:  61%|######    | 177/292 [00:00<00:00, 2567.55it/s, Materializing param=gpt_neox.layers.14.input_layernorm.bias]
Loading weights:  61%|######    | 178/292 [00:00<00:00, 2577.05it/s, Materializing param=gpt_neox.layers.14.input_layernorm.weight]
Loading weights:  61%|######    | 178/292 [00:00<00:00, 2574.66it/s, Materializing param=gpt_neox.layers.14.input_layernorm.weight]
Loading weights:  61%|######1   | 179/292 [00:00<00:00, 2581.64it/s, Materializing param=gpt_neox.layers.14.mlp.dense_4h_to_h.bias]
Loading weights:  61%|######1   | 179/292 [00:00<00:00, 2578.19it/s, Materializing param=gpt_neox.layers.14.mlp.dense_4h_to_h.bias]
Loading weights:  62%|######1   | 180/292 [00:00<00:00, 2586.57it/s, Materializing param=gpt_neox.layers.14.mlp.dense_4h_to_h.weight]
Loading weights:  62%|######1   | 180/292 [00:00<00:00, 2583.95it/s, Materializing param=gpt_neox.layers.14.mlp.dense_4h_to_h.weight]
Loading weights:  62%|######1   | 181/292 [00:00<00:00, 2593.28it/s, Materializing param=gpt_neox.layers.14.mlp.dense_h_to_4h.bias]  
Loading weights:  62%|######1   | 181/292 [00:00<00:00, 2590.77it/s, Materializing param=gpt_neox.layers.14.mlp.dense_h_to_4h.bias]
Loading weights:  62%|######2   | 182/292 [00:00<00:00, 2600.42it/s, Materializing param=gpt_neox.layers.14.mlp.dense_h_to_4h.weight]
Loading weights:  62%|######2   | 182/292 [00:00<00:00, 2598.06it/s, Materializing param=gpt_neox.layers.14.mlp.dense_h_to_4h.weight]
Loading weights:  63%|######2   | 183/292 [00:00<00:00, 2608.03it/s, Materializing param=gpt_neox.layers.14.post_attention_layernorm.bias]
Loading weights:  63%|######2   | 183/292 [00:00<00:00, 2605.71it/s, Materializing param=gpt_neox.layers.14.post_attention_layernorm.bias]
Loading weights:  63%|######3   | 184/292 [00:00<00:00, 2612.37it/s, Materializing param=gpt_neox.layers.14.post_attention_layernorm.weight]
Loading weights:  63%|######3   | 184/292 [00:00<00:00, 2609.71it/s, Materializing param=gpt_neox.layers.14.post_attention_layernorm.weight]
Loading weights:  63%|######3   | 185/292 [00:00<00:00, 2619.72it/s, Materializing param=gpt_neox.layers.15.attention.dense.bias]           
Loading weights:  63%|######3   | 185/292 [00:00<00:00, 2617.61it/s, Materializing param=gpt_neox.layers.15.attention.dense.bias]
Loading weights:  64%|######3   | 186/292 [00:00<00:00, 2627.57it/s, Materializing param=gpt_neox.layers.15.attention.dense.weight]
Loading weights:  64%|######3   | 186/292 [00:00<00:00, 2625.48it/s, Materializing param=gpt_neox.layers.15.attention.dense.weight]
Loading weights:  64%|######4   | 187/292 [00:00<00:00, 2635.77it/s, Materializing param=gpt_neox.layers.15.attention.query_key_value.bias]
Loading weights:  64%|######4   | 187/292 [00:00<00:00, 2633.24it/s, Materializing param=gpt_neox.layers.15.attention.query_key_value.bias]
Loading weights:  64%|######4   | 188/292 [00:00<00:00, 2643.36it/s, Materializing param=gpt_neox.layers.15.attention.query_key_value.weight]
Loading weights:  64%|######4   | 188/292 [00:00<00:00, 2641.01it/s, Materializing param=gpt_neox.layers.15.attention.query_key_value.weight]
Loading weights:  65%|######4   | 189/292 [00:00<00:00, 2651.12it/s, Materializing param=gpt_neox.layers.15.input_layernorm.bias]            
Loading weights:  65%|######4   | 189/292 [00:00<00:00, 2648.92it/s, Materializing param=gpt_neox.layers.15.input_layernorm.bias]
Loading weights:  65%|######5   | 190/292 [00:00<00:00, 2658.73it/s, Materializing param=gpt_neox.layers.15.input_layernorm.weight]
Loading weights:  65%|######5   | 190/292 [00:00<00:00, 2656.48it/s, Materializing param=gpt_neox.layers.15.input_layernorm.weight]
Loading weights:  65%|######5   | 191/292 [00:00<00:00, 2666.37it/s, Materializing param=gpt_neox.layers.15.mlp.dense_4h_to_h.bias]
Loading weights:  65%|######5   | 191/292 [00:00<00:00, 2664.10it/s, Materializing param=gpt_neox.layers.15.mlp.dense_4h_to_h.bias]
Loading weights:  66%|######5   | 192/292 [00:00<00:00, 2673.97it/s, Materializing param=gpt_neox.layers.15.mlp.dense_4h_to_h.weight]
Loading weights:  66%|######5   | 192/292 [00:00<00:00, 2671.88it/s, Materializing param=gpt_neox.layers.15.mlp.dense_4h_to_h.weight]
Loading weights:  66%|######6   | 193/292 [00:00<00:00, 2682.01it/s, Materializing param=gpt_neox.layers.15.mlp.dense_h_to_4h.bias]  
Loading weights:  66%|######6   | 193/292 [00:00<00:00, 2679.84it/s, Materializing param=gpt_neox.layers.15.mlp.dense_h_to_4h.bias]
Loading weights:  66%|######6   | 194/292 [00:00<00:00, 2689.71it/s, Materializing param=gpt_neox.layers.15.mlp.dense_h_to_4h.weight]
Loading weights:  66%|######6   | 194/292 [00:00<00:00, 2687.50it/s, Materializing param=gpt_neox.layers.15.mlp.dense_h_to_4h.weight]
Loading weights:  67%|######6   | 195/292 [00:00<00:00, 2697.53it/s, Materializing param=gpt_neox.layers.15.post_attention_layernorm.bias]
Loading weights:  67%|######6   | 195/292 [00:00<00:00, 2695.35it/s, Materializing param=gpt_neox.layers.15.post_attention_layernorm.bias]
Loading weights:  67%|######7   | 196/292 [00:00<00:00, 2705.29it/s, Materializing param=gpt_neox.layers.15.post_attention_layernorm.weight]
Loading weights:  67%|######7   | 196/292 [00:00<00:00, 2703.07it/s, Materializing param=gpt_neox.layers.15.post_attention_layernorm.weight]
Loading weights:  67%|######7   | 197/292 [00:00<00:00, 2712.92it/s, Materializing param=gpt_neox.layers.16.attention.dense.bias]           
Loading weights:  67%|######7   | 197/292 [00:00<00:00, 2710.68it/s, Materializing param=gpt_neox.layers.16.attention.dense.bias]
Loading weights:  68%|######7   | 198/292 [00:00<00:00, 2720.19it/s, Materializing param=gpt_neox.layers.16.attention.dense.weight]
Loading weights:  68%|######7   | 198/292 [00:00<00:00, 2718.05it/s, Materializing param=gpt_neox.layers.16.attention.dense.weight]
Loading weights:  68%|######8   | 199/292 [00:00<00:00, 2728.03it/s, Materializing param=gpt_neox.layers.16.attention.query_key_value.bias]
Loading weights:  68%|######8   | 199/292 [00:00<00:00, 2725.54it/s, Materializing param=gpt_neox.layers.16.attention.query_key_value.bias]
Loading weights:  68%|######8   | 200/292 [00:00<00:00, 2735.42it/s, Materializing param=gpt_neox.layers.16.attention.query_key_value.weight]
Loading weights:  68%|######8   | 200/292 [00:00<00:00, 2733.20it/s, Materializing param=gpt_neox.layers.16.attention.query_key_value.weight]
Loading weights:  69%|######8   | 201/292 [00:00<00:00, 2743.11it/s, Materializing param=gpt_neox.layers.16.input_layernorm.bias]            
Loading weights:  69%|######8   | 201/292 [00:00<00:00, 2740.97it/s, Materializing param=gpt_neox.layers.16.input_layernorm.bias]
Loading weights:  69%|######9   | 202/292 [00:00<00:00, 2750.97it/s, Materializing param=gpt_neox.layers.16.input_layernorm.weight]
Loading weights:  69%|######9   | 202/292 [00:00<00:00, 2748.85it/s, Materializing param=gpt_neox.layers.16.input_layernorm.weight]
Loading weights:  70%|######9   | 203/292 [00:00<00:00, 2758.65it/s, Materializing param=gpt_neox.layers.16.mlp.dense_4h_to_h.bias]
Loading weights:  70%|######9   | 203/292 [00:00<00:00, 2756.50it/s, Materializing param=gpt_neox.layers.16.mlp.dense_4h_to_h.bias]
Loading weights:  70%|######9   | 204/292 [00:00<00:00, 2766.20it/s, Materializing param=gpt_neox.layers.16.mlp.dense_4h_to_h.weight]
Loading weights:  70%|######9   | 204/292 [00:00<00:00, 2764.04it/s, Materializing param=gpt_neox.layers.16.mlp.dense_4h_to_h.weight]
Loading weights:  70%|#######   | 205/292 [00:00<00:00, 2773.76it/s, Materializing param=gpt_neox.layers.16.mlp.dense_h_to_4h.bias]  
Loading weights:  70%|#######   | 205/292 [00:00<00:00, 2771.62it/s, Materializing param=gpt_neox.layers.16.mlp.dense_h_to_4h.bias]
Loading weights:  71%|#######   | 206/292 [00:00<00:00, 2781.33it/s, Materializing param=gpt_neox.layers.16.mlp.dense_h_to_4h.weight]
Loading weights:  71%|#######   | 206/292 [00:00<00:00, 2779.07it/s, Materializing param=gpt_neox.layers.16.mlp.dense_h_to_4h.weight]
Loading weights:  71%|#######   | 207/292 [00:00<00:00, 2788.47it/s, Materializing param=gpt_neox.layers.16.post_attention_layernorm.bias]
Loading weights:  71%|#######   | 207/292 [00:00<00:00, 2786.30it/s, Materializing param=gpt_neox.layers.16.post_attention_layernorm.bias]
Loading weights:  71%|#######1  | 208/292 [00:00<00:00, 2795.91it/s, Materializing param=gpt_neox.layers.16.post_attention_layernorm.weight]
Loading weights:  71%|#######1  | 208/292 [00:00<00:00, 2793.72it/s, Materializing param=gpt_neox.layers.16.post_attention_layernorm.weight]
Loading weights:  72%|#######1  | 209/292 [00:00<00:00, 2803.26it/s, Materializing param=gpt_neox.layers.17.attention.dense.bias]           
Loading weights:  72%|#######1  | 209/292 [00:00<00:00, 2801.07it/s, Materializing param=gpt_neox.layers.17.attention.dense.bias]
Loading weights:  72%|#######1  | 210/292 [00:00<00:00, 2810.52it/s, Materializing param=gpt_neox.layers.17.attention.dense.weight]
Loading weights:  72%|#######1  | 210/292 [00:00<00:00, 2808.33it/s, Materializing param=gpt_neox.layers.17.attention.dense.weight]
Loading weights:  72%|#######2  | 211/292 [00:00<00:00, 2817.77it/s, Materializing param=gpt_neox.layers.17.attention.query_key_value.bias]
Loading weights:  72%|#######2  | 211/292 [00:00<00:00, 2815.54it/s, Materializing param=gpt_neox.layers.17.attention.query_key_value.bias]
Loading weights:  73%|#######2  | 212/292 [00:00<00:00, 2824.58it/s, Materializing param=gpt_neox.layers.17.attention.query_key_value.weight]
Loading weights:  73%|#######2  | 212/292 [00:00<00:00, 2822.34it/s, Materializing param=gpt_neox.layers.17.attention.query_key_value.weight]
Loading weights:  73%|#######2  | 213/292 [00:00<00:00, 2831.61it/s, Materializing param=gpt_neox.layers.17.input_layernorm.bias]            
Loading weights:  73%|#######2  | 213/292 [00:00<00:00, 2827.29it/s, Materializing param=gpt_neox.layers.17.input_layernorm.bias]
Loading weights:  73%|#######3  | 214/292 [00:00<00:00, 2831.40it/s, Materializing param=gpt_neox.layers.17.input_layernorm.weight]
Loading weights:  73%|#######3  | 214/292 [00:00<00:00, 2828.28it/s, Materializing param=gpt_neox.layers.17.input_layernorm.weight]
Loading weights:  74%|#######3  | 215/292 [00:00<00:00, 2836.48it/s, Materializing param=gpt_neox.layers.17.mlp.dense_4h_to_h.bias]
Loading weights:  74%|#######3  | 215/292 [00:00<00:00, 2833.81it/s, Materializing param=gpt_neox.layers.17.mlp.dense_4h_to_h.bias]
Loading weights:  74%|#######3  | 216/292 [00:00<00:00, 2842.41it/s, Materializing param=gpt_neox.layers.17.mlp.dense_4h_to_h.weight]
Loading weights:  74%|#######3  | 216/292 [00:00<00:00, 2840.03it/s, Materializing param=gpt_neox.layers.17.mlp.dense_4h_to_h.weight]
Loading weights:  74%|#######4  | 217/292 [00:00<00:00, 2848.91it/s, Materializing param=gpt_neox.layers.17.mlp.dense_h_to_4h.bias]  
Loading weights:  74%|#######4  | 217/292 [00:00<00:00, 2846.68it/s, Materializing param=gpt_neox.layers.17.mlp.dense_h_to_4h.bias]
Loading weights:  75%|#######4  | 218/292 [00:00<00:00, 2855.11it/s, Materializing param=gpt_neox.layers.17.mlp.dense_h_to_4h.weight]
Loading weights:  75%|#######4  | 218/292 [00:00<00:00, 2852.98it/s, Materializing param=gpt_neox.layers.17.mlp.dense_h_to_4h.weight]
Loading weights:  75%|#######5  | 219/292 [00:00<00:00, 2862.01it/s, Materializing param=gpt_neox.layers.17.post_attention_layernorm.bias]
Loading weights:  75%|#######5  | 219/292 [00:00<00:00, 2859.77it/s, Materializing param=gpt_neox.layers.17.post_attention_layernorm.bias]
Loading weights:  75%|#######5  | 220/292 [00:00<00:00, 2863.56it/s, Materializing param=gpt_neox.layers.17.post_attention_layernorm.weight]
Loading weights:  75%|#######5  | 220/292 [00:00<00:00, 2860.13it/s, Materializing param=gpt_neox.layers.17.post_attention_layernorm.weight]
Loading weights:  76%|#######5  | 221/292 [00:00<00:00, 2854.74it/s, Materializing param=gpt_neox.layers.18.attention.dense.bias]           
Loading weights:  76%|#######5  | 221/292 [00:00<00:00, 2851.23it/s, Materializing param=gpt_neox.layers.18.attention.dense.bias]
Loading weights:  76%|#######6  | 222/292 [00:00<00:00, 2857.32it/s, Materializing param=gpt_neox.layers.18.attention.dense.weight]
Loading weights:  76%|#######6  | 222/292 [00:00<00:00, 2854.80it/s, Materializing param=gpt_neox.layers.18.attention.dense.weight]
Loading weights:  76%|#######6  | 223/292 [00:00<00:00, 2862.38it/s, Materializing param=gpt_neox.layers.18.attention.query_key_value.bias]
Loading weights:  76%|#######6  | 223/292 [00:00<00:00, 2859.87it/s, Materializing param=gpt_neox.layers.18.attention.query_key_value.bias]
Loading weights:  77%|#######6  | 224/292 [00:00<00:00, 2867.90it/s, Materializing param=gpt_neox.layers.18.attention.query_key_value.weight]
Loading weights:  77%|#######6  | 224/292 [00:00<00:00, 2865.62it/s, Materializing param=gpt_neox.layers.18.attention.query_key_value.weight]
Loading weights:  77%|#######7  | 225/292 [00:00<00:00, 2873.54it/s, Materializing param=gpt_neox.layers.18.input_layernorm.bias]            
Loading weights:  77%|#######7  | 225/292 [00:00<00:00, 2871.32it/s, Materializing param=gpt_neox.layers.18.input_layernorm.bias]
Loading weights:  77%|#######7  | 226/292 [00:00<00:00, 2879.72it/s, Materializing param=gpt_neox.layers.18.input_layernorm.weight]
Loading weights:  77%|#######7  | 226/292 [00:00<00:00, 2877.51it/s, Materializing param=gpt_neox.layers.18.input_layernorm.weight]
Loading weights:  78%|#######7  | 227/292 [00:00<00:00, 2886.00it/s, Materializing param=gpt_neox.layers.18.mlp.dense_4h_to_h.bias]
Loading weights:  78%|#######7  | 227/292 [00:00<00:00, 2883.52it/s, Materializing param=gpt_neox.layers.18.mlp.dense_4h_to_h.bias]
Loading weights:  78%|#######8  | 228/292 [00:00<00:00, 2891.32it/s, Materializing param=gpt_neox.layers.18.mlp.dense_4h_to_h.weight]
Loading weights:  78%|#######8  | 228/292 [00:00<00:00, 2888.96it/s, Materializing param=gpt_neox.layers.18.mlp.dense_4h_to_h.weight]
Loading weights:  78%|#######8  | 229/292 [00:00<00:00, 2894.24it/s, Materializing param=gpt_neox.layers.18.mlp.dense_h_to_4h.bias]  
Loading weights:  78%|#######8  | 229/292 [00:00<00:00, 2891.19it/s, Materializing param=gpt_neox.layers.18.mlp.dense_h_to_4h.bias]
Loading weights:  79%|#######8  | 230/292 [00:00<00:00, 2898.36it/s, Materializing param=gpt_neox.layers.18.mlp.dense_h_to_4h.weight]
Loading weights:  79%|#######8  | 230/292 [00:00<00:00, 2896.04it/s, Materializing param=gpt_neox.layers.18.mlp.dense_h_to_4h.weight]
Loading weights:  79%|#######9  | 231/292 [00:00<00:00, 2904.31it/s, Materializing param=gpt_neox.layers.18.post_attention_layernorm.bias]
Loading weights:  79%|#######9  | 231/292 [00:00<00:00, 2901.95it/s, Materializing param=gpt_neox.layers.18.post_attention_layernorm.bias]
Loading weights:  79%|#######9  | 232/292 [00:00<00:00, 2910.25it/s, Materializing param=gpt_neox.layers.18.post_attention_layernorm.weight]
Loading weights:  79%|#######9  | 232/292 [00:00<00:00, 2907.99it/s, Materializing param=gpt_neox.layers.18.post_attention_layernorm.weight]
Loading weights:  80%|#######9  | 233/292 [00:00<00:00, 2916.41it/s, Materializing param=gpt_neox.layers.19.attention.dense.bias]           
Loading weights:  80%|#######9  | 233/292 [00:00<00:00, 2914.17it/s, Materializing param=gpt_neox.layers.19.attention.dense.bias]
Loading weights:  80%|########  | 234/292 [00:00<00:00, 2922.66it/s, Materializing param=gpt_neox.layers.19.attention.dense.weight]
Loading weights:  80%|########  | 234/292 [00:00<00:00, 2920.49it/s, Materializing param=gpt_neox.layers.19.attention.dense.weight]
Loading weights:  80%|########  | 235/292 [00:00<00:00, 2928.82it/s, Materializing param=gpt_neox.layers.19.attention.query_key_value.bias]
Loading weights:  80%|########  | 235/292 [00:00<00:00, 2926.37it/s, Materializing param=gpt_neox.layers.19.attention.query_key_value.bias]
Loading weights:  81%|########  | 236/292 [00:00<00:00, 2934.65it/s, Materializing param=gpt_neox.layers.19.attention.query_key_value.weight]
Loading weights:  81%|########  | 236/292 [00:00<00:00, 2932.34it/s, Materializing param=gpt_neox.layers.19.attention.query_key_value.weight]
Loading weights:  81%|########1 | 237/292 [00:00<00:00, 2940.82it/s, Materializing param=gpt_neox.layers.19.input_layernorm.bias]            
Loading weights:  81%|########1 | 237/292 [00:00<00:00, 2938.66it/s, Materializing param=gpt_neox.layers.19.input_layernorm.bias]
Loading weights:  82%|########1 | 238/292 [00:00<00:00, 2947.26it/s, Materializing param=gpt_neox.layers.19.input_layernorm.weight]
Loading weights:  82%|########1 | 238/292 [00:00<00:00, 2945.07it/s, Materializing param=gpt_neox.layers.19.input_layernorm.weight]
Loading weights:  82%|########1 | 239/292 [00:00<00:00, 2953.64it/s, Materializing param=gpt_neox.layers.19.mlp.dense_4h_to_h.bias]
Loading weights:  82%|########1 | 239/292 [00:00<00:00, 2951.50it/s, Materializing param=gpt_neox.layers.19.mlp.dense_4h_to_h.bias]
Loading weights:  82%|########2 | 240/292 [00:00<00:00, 2959.97it/s, Materializing param=gpt_neox.layers.19.mlp.dense_4h_to_h.weight]
Loading weights:  82%|########2 | 240/292 [00:00<00:00, 2957.81it/s, Materializing param=gpt_neox.layers.19.mlp.dense_4h_to_h.weight]
Loading weights:  83%|########2 | 241/292 [00:00<00:00, 2966.09it/s, Materializing param=gpt_neox.layers.19.mlp.dense_h_to_4h.bias]  
Loading weights:  83%|########2 | 241/292 [00:00<00:00, 2963.93it/s, Materializing param=gpt_neox.layers.19.mlp.dense_h_to_4h.bias]
Loading weights:  83%|########2 | 242/292 [00:00<00:00, 2972.38it/s, Materializing param=gpt_neox.layers.19.mlp.dense_h_to_4h.weight]
Loading weights:  83%|########2 | 242/292 [00:00<00:00, 2970.24it/s, Materializing param=gpt_neox.layers.19.mlp.dense_h_to_4h.weight]
Loading weights:  83%|########3 | 243/292 [00:00<00:00, 2978.69it/s, Materializing param=gpt_neox.layers.19.post_attention_layernorm.bias]
Loading weights:  83%|########3 | 243/292 [00:00<00:00, 2976.43it/s, Materializing param=gpt_neox.layers.19.post_attention_layernorm.bias]
Loading weights:  84%|########3 | 244/292 [00:00<00:00, 2984.63it/s, Materializing param=gpt_neox.layers.19.post_attention_layernorm.weight]
Loading weights:  84%|########3 | 244/292 [00:00<00:00, 2982.43it/s, Materializing param=gpt_neox.layers.19.post_attention_layernorm.weight]
Loading weights:  84%|########3 | 245/292 [00:00<00:00, 2990.99it/s, Materializing param=gpt_neox.layers.20.attention.dense.bias]           
Loading weights:  84%|########3 | 245/292 [00:00<00:00, 2988.97it/s, Materializing param=gpt_neox.layers.20.attention.dense.bias]
Loading weights:  84%|########4 | 246/292 [00:00<00:00, 2997.29it/s, Materializing param=gpt_neox.layers.20.attention.dense.weight]
Loading weights:  84%|########4 | 246/292 [00:00<00:00, 2995.14it/s, Materializing param=gpt_neox.layers.20.attention.dense.weight]
Loading weights:  85%|########4 | 247/292 [00:00<00:00, 3003.48it/s, Materializing param=gpt_neox.layers.20.attention.query_key_value.bias]
Loading weights:  85%|########4 | 247/292 [00:00<00:00, 3001.09it/s, Materializing param=gpt_neox.layers.20.attention.query_key_value.bias]
Loading weights:  85%|########4 | 248/292 [00:00<00:00, 3009.27it/s, Materializing param=gpt_neox.layers.20.attention.query_key_value.weight]
Loading weights:  85%|########4 | 248/292 [00:00<00:00, 3007.07it/s, Materializing param=gpt_neox.layers.20.attention.query_key_value.weight]
Loading weights:  85%|########5 | 249/292 [00:00<00:00, 3015.27it/s, Materializing param=gpt_neox.layers.20.input_layernorm.bias]            
Loading weights:  85%|########5 | 249/292 [00:00<00:00, 3013.13it/s, Materializing param=gpt_neox.layers.20.input_layernorm.bias]
Loading weights:  86%|########5 | 250/292 [00:00<00:00, 3021.44it/s, Materializing param=gpt_neox.layers.20.input_layernorm.weight]
Loading weights:  86%|########5 | 250/292 [00:00<00:00, 3019.30it/s, Materializing param=gpt_neox.layers.20.input_layernorm.weight]
Loading weights:  86%|########5 | 251/292 [00:00<00:00, 3027.66it/s, Materializing param=gpt_neox.layers.20.mlp.dense_4h_to_h.bias]
Loading weights:  86%|########5 | 251/292 [00:00<00:00, 3025.52it/s, Materializing param=gpt_neox.layers.20.mlp.dense_4h_to_h.bias]
Loading weights:  86%|########6 | 252/292 [00:00<00:00, 3033.45it/s, Materializing param=gpt_neox.layers.20.mlp.dense_4h_to_h.weight]
Loading weights:  86%|########6 | 252/292 [00:00<00:00, 3031.24it/s, Materializing param=gpt_neox.layers.20.mlp.dense_4h_to_h.weight]
Loading weights:  87%|########6 | 253/292 [00:00<00:00, 3039.22it/s, Materializing param=gpt_neox.layers.20.mlp.dense_h_to_4h.bias]  
Loading weights:  87%|########6 | 253/292 [00:00<00:00, 3037.01it/s, Materializing param=gpt_neox.layers.20.mlp.dense_h_to_4h.bias]
Loading weights:  87%|########6 | 254/292 [00:00<00:00, 3044.91it/s, Materializing param=gpt_neox.layers.20.mlp.dense_h_to_4h.weight]
Loading weights:  87%|########6 | 254/292 [00:00<00:00, 3042.71it/s, Materializing param=gpt_neox.layers.20.mlp.dense_h_to_4h.weight]
Loading weights:  87%|########7 | 255/292 [00:00<00:00, 3050.56it/s, Materializing param=gpt_neox.layers.20.post_attention_layernorm.bias]
Loading weights:  87%|########7 | 255/292 [00:00<00:00, 3048.36it/s, Materializing param=gpt_neox.layers.20.post_attention_layernorm.bias]
Loading weights:  88%|########7 | 256/292 [00:00<00:00, 3056.32it/s, Materializing param=gpt_neox.layers.20.post_attention_layernorm.weight]
Loading weights:  88%|########7 | 256/292 [00:00<00:00, 3054.13it/s, Materializing param=gpt_neox.layers.20.post_attention_layernorm.weight]
Loading weights:  88%|########8 | 257/292 [00:00<00:00, 3062.23it/s, Materializing param=gpt_neox.layers.21.attention.dense.bias]           
Loading weights:  88%|########8 | 257/292 [00:00<00:00, 3060.04it/s, Materializing param=gpt_neox.layers.21.attention.dense.bias]
Loading weights:  88%|########8 | 258/292 [00:00<00:00, 3067.92it/s, Materializing param=gpt_neox.layers.21.attention.dense.weight]
Loading weights:  88%|########8 | 258/292 [00:00<00:00, 3065.77it/s, Materializing param=gpt_neox.layers.21.attention.dense.weight]
Loading weights:  89%|########8 | 259/292 [00:00<00:00, 3073.47it/s, Materializing param=gpt_neox.layers.21.attention.query_key_value.bias]
Loading weights:  89%|########8 | 259/292 [00:00<00:00, 3071.40it/s, Materializing param=gpt_neox.layers.21.attention.query_key_value.bias]
Loading weights:  89%|########9 | 260/292 [00:00<00:00, 3079.51it/s, Materializing param=gpt_neox.layers.21.attention.query_key_value.weight]
Loading weights:  89%|########9 | 260/292 [00:00<00:00, 3077.29it/s, Materializing param=gpt_neox.layers.21.attention.query_key_value.weight]
Loading weights:  89%|########9 | 261/292 [00:00<00:00, 3085.31it/s, Materializing param=gpt_neox.layers.21.input_layernorm.bias]            
Loading weights:  89%|########9 | 261/292 [00:00<00:00, 3083.29it/s, Materializing param=gpt_neox.layers.21.input_layernorm.bias]
Loading weights:  90%|########9 | 262/292 [00:00<00:00, 3088.87it/s, Materializing param=gpt_neox.layers.21.input_layernorm.weight]
Loading weights:  90%|########9 | 262/292 [00:00<00:00, 3085.98it/s, Materializing param=gpt_neox.layers.21.input_layernorm.weight]
Loading weights:  90%|######### | 263/292 [00:00<00:00, 3088.52it/s, Materializing param=gpt_neox.layers.21.mlp.dense_4h_to_h.bias]
Loading weights:  90%|######### | 263/292 [00:00<00:00, 3082.84it/s, Materializing param=gpt_neox.layers.21.mlp.dense_4h_to_h.bias]
Loading weights:  90%|######### | 264/292 [00:00<00:00, 3086.46it/s, Materializing param=gpt_neox.layers.21.mlp.dense_4h_to_h.weight]
Loading weights:  90%|######### | 264/292 [00:00<00:00, 3083.51it/s, Materializing param=gpt_neox.layers.21.mlp.dense_4h_to_h.weight]
Loading weights:  91%|######### | 265/292 [00:00<00:00, 3090.05it/s, Materializing param=gpt_neox.layers.21.mlp.dense_h_to_4h.bias]  
Loading weights:  91%|######### | 265/292 [00:00<00:00, 3087.56it/s, Materializing param=gpt_neox.layers.21.mlp.dense_h_to_4h.bias]
Loading weights:  91%|#########1| 266/292 [00:00<00:00, 3094.60it/s, Materializing param=gpt_neox.layers.21.mlp.dense_h_to_4h.weight]
Loading weights:  91%|#########1| 266/292 [00:00<00:00, 3092.32it/s, Materializing param=gpt_neox.layers.21.mlp.dense_h_to_4h.weight]
Loading weights:  91%|#########1| 267/292 [00:00<00:00, 3099.23it/s, Materializing param=gpt_neox.layers.21.post_attention_layernorm.bias]
Loading weights:  91%|#########1| 267/292 [00:00<00:00, 3096.97it/s, Materializing param=gpt_neox.layers.21.post_attention_layernorm.bias]
Loading weights:  92%|#########1| 268/292 [00:00<00:00, 3101.91it/s, Materializing param=gpt_neox.layers.21.post_attention_layernorm.weight]
Loading weights:  92%|#########1| 268/292 [00:00<00:00, 3098.36it/s, Materializing param=gpt_neox.layers.21.post_attention_layernorm.weight]
Loading weights:  92%|#########2| 269/292 [00:00<00:00, 3104.05it/s, Materializing param=gpt_neox.layers.22.attention.dense.bias]           
Loading weights:  92%|#########2| 269/292 [00:00<00:00, 3101.78it/s, Materializing param=gpt_neox.layers.22.attention.dense.bias]
Loading weights:  92%|#########2| 270/292 [00:00<00:00, 3108.86it/s, Materializing param=gpt_neox.layers.22.attention.dense.weight]
Loading weights:  92%|#########2| 270/292 [00:00<00:00, 3106.63it/s, Materializing param=gpt_neox.layers.22.attention.dense.weight]
Loading weights:  93%|#########2| 271/292 [00:00<00:00, 3113.77it/s, Materializing param=gpt_neox.layers.22.attention.query_key_value.bias]
Loading weights:  93%|#########2| 271/292 [00:00<00:00, 3111.48it/s, Materializing param=gpt_neox.layers.22.attention.query_key_value.bias]
Loading weights:  93%|#########3| 272/292 [00:00<00:00, 3118.75it/s, Materializing param=gpt_neox.layers.22.attention.query_key_value.weight]
Loading weights:  93%|#########3| 272/292 [00:00<00:00, 3116.44it/s, Materializing param=gpt_neox.layers.22.attention.query_key_value.weight]
Loading weights:  93%|#########3| 273/292 [00:00<00:00, 3123.71it/s, Materializing param=gpt_neox.layers.22.input_layernorm.bias]            
Loading weights:  93%|#########3| 273/292 [00:00<00:00, 3120.94it/s, Materializing param=gpt_neox.layers.22.input_layernorm.bias]
Loading weights:  94%|#########3| 274/292 [00:00<00:00, 3126.59it/s, Materializing param=gpt_neox.layers.22.input_layernorm.weight]
Loading weights:  94%|#########3| 274/292 [00:00<00:00, 3123.60it/s, Materializing param=gpt_neox.layers.22.input_layernorm.weight]
Loading weights:  94%|#########4| 275/292 [00:00<00:00, 3128.32it/s, Materializing param=gpt_neox.layers.22.mlp.dense_4h_to_h.bias]
Loading weights:  94%|#########4| 275/292 [00:00<00:00, 3124.83it/s, Materializing param=gpt_neox.layers.22.mlp.dense_4h_to_h.bias]
Loading weights:  95%|#########4| 276/292 [00:00<00:00, 3130.03it/s, Materializing param=gpt_neox.layers.22.mlp.dense_4h_to_h.weight]
Loading weights:  95%|#########4| 276/292 [00:00<00:00, 3127.76it/s, Materializing param=gpt_neox.layers.22.mlp.dense_4h_to_h.weight]
Loading weights:  95%|#########4| 277/292 [00:00<00:00, 3135.01it/s, Materializing param=gpt_neox.layers.22.mlp.dense_h_to_4h.bias]  
Loading weights:  95%|#########4| 277/292 [00:00<00:00, 3132.91it/s, Materializing param=gpt_neox.layers.22.mlp.dense_h_to_4h.bias]
Loading weights:  95%|#########5| 278/292 [00:00<00:00, 3140.41it/s, Materializing param=gpt_neox.layers.22.mlp.dense_h_to_4h.weight]
Loading weights:  95%|#########5| 278/292 [00:00<00:00, 3138.41it/s, Materializing param=gpt_neox.layers.22.mlp.dense_h_to_4h.weight]
Loading weights:  96%|#########5| 279/292 [00:00<00:00, 3146.03it/s, Materializing param=gpt_neox.layers.22.post_attention_layernorm.bias]
Loading weights:  96%|#########5| 279/292 [00:00<00:00, 3142.32it/s, Materializing param=gpt_neox.layers.22.post_attention_layernorm.bias]
Loading weights:  96%|#########5| 280/292 [00:00<00:00, 3149.04it/s, Materializing param=gpt_neox.layers.22.post_attention_layernorm.weight]
Loading weights:  96%|#########5| 280/292 [00:00<00:00, 3146.84it/s, Materializing param=gpt_neox.layers.22.post_attention_layernorm.weight]
Loading weights:  96%|#########6| 281/292 [00:00<00:00, 3154.28it/s, Materializing param=gpt_neox.layers.23.attention.dense.bias]           
Loading weights:  96%|#########6| 281/292 [00:00<00:00, 3152.20it/s, Materializing param=gpt_neox.layers.23.attention.dense.bias]
Loading weights:  97%|#########6| 282/292 [00:00<00:00, 3159.55it/s, Materializing param=gpt_neox.layers.23.attention.dense.weight]
Loading weights:  97%|#########6| 282/292 [00:00<00:00, 3157.44it/s, Materializing param=gpt_neox.layers.23.attention.dense.weight]
Loading weights:  97%|#########6| 283/292 [00:00<00:00, 3164.74it/s, Materializing param=gpt_neox.layers.23.attention.query_key_value.bias]
Loading weights:  97%|#########6| 283/292 [00:00<00:00, 3162.63it/s, Materializing param=gpt_neox.layers.23.attention.query_key_value.bias]
Loading weights:  97%|#########7| 284/292 [00:00<00:00, 3169.83it/s, Materializing param=gpt_neox.layers.23.attention.query_key_value.weight]
Loading weights:  97%|#########7| 284/292 [00:00<00:00, 3167.69it/s, Materializing param=gpt_neox.layers.23.attention.query_key_value.weight]
Loading weights:  98%|#########7| 285/292 [00:00<00:00, 3175.00it/s, Materializing param=gpt_neox.layers.23.input_layernorm.bias]            
Loading weights:  98%|#########7| 285/292 [00:00<00:00, 3172.93it/s, Materializing param=gpt_neox.layers.23.input_layernorm.bias]
Loading weights:  98%|#########7| 286/292 [00:00<00:00, 3180.36it/s, Materializing param=gpt_neox.layers.23.input_layernorm.weight]
Loading weights:  98%|#########7| 286/292 [00:00<00:00, 3178.29it/s, Materializing param=gpt_neox.layers.23.input_layernorm.weight]
Loading weights:  98%|#########8| 287/292 [00:00<00:00, 3185.79it/s, Materializing param=gpt_neox.layers.23.mlp.dense_4h_to_h.bias]
Loading weights:  98%|#########8| 287/292 [00:00<00:00, 3183.74it/s, Materializing param=gpt_neox.layers.23.mlp.dense_4h_to_h.bias]
Loading weights:  99%|#########8| 288/292 [00:00<00:00, 3191.05it/s, Materializing param=gpt_neox.layers.23.mlp.dense_4h_to_h.weight]
Loading weights:  99%|#########8| 288/292 [00:00<00:00, 3189.01it/s, Materializing param=gpt_neox.layers.23.mlp.dense_4h_to_h.weight]
Loading weights:  99%|#########8| 289/292 [00:00<00:00, 3196.21it/s, Materializing param=gpt_neox.layers.23.mlp.dense_h_to_4h.bias]  
Loading weights:  99%|#########8| 289/292 [00:00<00:00, 3194.15it/s, Materializing param=gpt_neox.layers.23.mlp.dense_h_to_4h.bias]
Loading weights:  99%|#########9| 290/292 [00:00<00:00, 3200.93it/s, Materializing param=gpt_neox.layers.23.mlp.dense_h_to_4h.weight]
Loading weights:  99%|#########9| 290/292 [00:00<00:00, 3198.83it/s, Materializing param=gpt_neox.layers.23.mlp.dense_h_to_4h.weight]
Loading weights: 100%|#########9| 291/292 [00:00<00:00, 3205.89it/s, Materializing param=gpt_neox.layers.23.post_attention_layernorm.bias]
Loading weights: 100%|#########9| 291/292 [00:00<00:00, 3200.30it/s, Materializing param=gpt_neox.layers.23.post_attention_layernorm.bias]
Loading weights: 100%|##########| 292/292 [00:00<00:00, 3204.78it/s, Materializing param=gpt_neox.layers.23.post_attention_layernorm.weight]
Loading weights: 100%|##########| 292/292 [00:00<00:00, 3202.43it/s, Materializing param=gpt_neox.layers.23.post_attention_layernorm.weight]
Loading weights: 100%|##########| 292/292 [00:00<00:00, 3196.34it/s, Materializing param=gpt_neox.layers.23.post_attention_layernorm.weight]

Loading weights:   0%|          | 0/292 [00:00<?, ?it/s]
Loading weights:   0%|          | 1/292 [00:00<00:00, 35246.25it/s, Materializing param=embed_out.weight]
Loading weights:   0%|          | 1/292 [00:00<00:00, 9576.04it/s, Materializing param=embed_out.weight] 
Loading weights:   1%|          | 2/292 [00:00<00:00, 6909.89it/s, Materializing param=gpt_neox.embed_in.weight]
Loading weights:   1%|          | 2/292 [00:00<00:00, 3437.95it/s, Materializing param=gpt_neox.embed_in.weight]
Loading weights:   1%|1         | 3/292 [00:00<00:00, 1696.95it/s, Materializing param=gpt_neox.final_layer_norm.bias]
Loading weights:   1%|1         | 3/292 [00:00<00:00, 1575.42it/s, Materializing param=gpt_neox.final_layer_norm.bias]
Loading weights:   1%|1         | 4/292 [00:00<00:00, 1279.34it/s, Materializing param=gpt_neox.final_layer_norm.weight]
Loading weights:   1%|1         | 4/292 [00:00<00:00, 1095.91it/s, Materializing param=gpt_neox.final_layer_norm.weight]
Loading weights:   2%|1         | 5/292 [00:00<00:00, 1253.90it/s, Materializing param=gpt_neox.layers.0.attention.dense.bias]
Loading weights:   2%|1         | 5/292 [00:00<00:00, 1136.30it/s, Materializing param=gpt_neox.layers.0.attention.dense.bias]
Loading weights:   2%|2         | 6/292 [00:00<00:00, 1236.41it/s, Materializing param=gpt_neox.layers.0.attention.dense.weight]
Loading weights:   2%|2         | 6/292 [00:00<00:00, 1106.92it/s, Materializing param=gpt_neox.layers.0.attention.dense.weight]
Loading weights:   2%|2         | 7/292 [00:00<00:00, 1255.62it/s, Materializing param=gpt_neox.layers.0.attention.query_key_value.bias]
Loading weights:   2%|2         | 7/292 [00:00<00:00, 1240.24it/s, Materializing param=gpt_neox.layers.0.attention.query_key_value.bias]
Loading weights:   3%|2         | 8/292 [00:00<00:00, 1305.57it/s, Materializing param=gpt_neox.layers.0.attention.query_key_value.weight]
Loading weights:   3%|2         | 8/292 [00:00<00:00, 1289.02it/s, Materializing param=gpt_neox.layers.0.attention.query_key_value.weight]
Loading weights:   3%|3         | 9/292 [00:00<00:00, 1401.06it/s, Materializing param=gpt_neox.layers.0.input_layernorm.bias]            
Loading weights:   3%|3         | 9/292 [00:00<00:00, 1386.60it/s, Materializing param=gpt_neox.layers.0.input_layernorm.bias]
Loading weights:   3%|3         | 10/292 [00:00<00:00, 1451.67it/s, Materializing param=gpt_neox.layers.0.input_layernorm.weight]
Loading weights:   3%|3         | 10/292 [00:00<00:00, 1437.88it/s, Materializing param=gpt_neox.layers.0.input_layernorm.weight]
Loading weights:   4%|3         | 11/292 [00:00<00:00, 1487.01it/s, Materializing param=gpt_neox.layers.0.mlp.dense_4h_to_h.bias]
Loading weights:   4%|3         | 11/292 [00:00<00:00, 1445.18it/s, Materializing param=gpt_neox.layers.0.mlp.dense_4h_to_h.bias]
Loading weights:   4%|4         | 12/292 [00:00<00:00, 1456.95it/s, Materializing param=gpt_neox.layers.0.mlp.dense_4h_to_h.weight]
Loading weights:   4%|4         | 12/292 [00:00<00:00, 1360.50it/s, Materializing param=gpt_neox.layers.0.mlp.dense_4h_to_h.weight]
Loading weights:   4%|4         | 13/292 [00:00<00:00, 1412.92it/s, Materializing param=gpt_neox.layers.0.mlp.dense_h_to_4h.bias]  
Loading weights:   4%|4         | 13/292 [00:00<00:00, 1388.21it/s, Materializing param=gpt_neox.layers.0.mlp.dense_h_to_4h.bias]
Loading weights:   5%|4         | 14/292 [00:00<00:00, 1470.91it/s, Materializing param=gpt_neox.layers.0.mlp.dense_h_to_4h.weight]
Loading weights:   5%|4         | 14/292 [00:00<00:00, 1460.74it/s, Materializing param=gpt_neox.layers.0.mlp.dense_h_to_4h.weight]
Loading weights:   5%|5         | 15/292 [00:00<00:00, 1543.95it/s, Materializing param=gpt_neox.layers.0.post_attention_layernorm.bias]
Loading weights:   5%|5         | 15/292 [00:00<00:00, 1533.57it/s, Materializing param=gpt_neox.layers.0.post_attention_layernorm.bias]
Loading weights:   5%|5         | 16/292 [00:00<00:00, 1533.60it/s, Materializing param=gpt_neox.layers.0.post_attention_layernorm.weight]
Loading weights:   5%|5         | 16/292 [00:00<00:00, 1489.55it/s, Materializing param=gpt_neox.layers.0.post_attention_layernorm.weight]
Loading weights:   6%|5         | 17/292 [00:00<00:00, 1409.43it/s, Materializing param=gpt_neox.layers.1.attention.dense.bias]           
Loading weights:   6%|5         | 17/292 [00:00<00:00, 1397.80it/s, Materializing param=gpt_neox.layers.1.attention.dense.bias]
Loading weights:   6%|6         | 18/292 [00:00<00:00, 1409.72it/s, Materializing param=gpt_neox.layers.1.attention.dense.weight]
Loading weights:   6%|6         | 18/292 [00:00<00:00, 1388.10it/s, Materializing param=gpt_neox.layers.1.attention.dense.weight]
Loading weights:   7%|6         | 19/292 [00:00<00:00, 1423.83it/s, Materializing param=gpt_neox.layers.1.attention.query_key_value.bias]
Loading weights:   7%|6         | 19/292 [00:00<00:00, 1405.85it/s, Materializing param=gpt_neox.layers.1.attention.query_key_value.bias]
Loading weights:   7%|6         | 20/292 [00:00<00:00, 1462.88it/s, Materializing param=gpt_neox.layers.1.attention.query_key_value.weight]
Loading weights:   7%|6         | 20/292 [00:00<00:00, 1455.55it/s, Materializing param=gpt_neox.layers.1.attention.query_key_value.weight]
Loading weights:   7%|7         | 21/292 [00:00<00:00, 1483.71it/s, Materializing param=gpt_neox.layers.1.input_layernorm.bias]            
Loading weights:   7%|7         | 21/292 [00:00<00:00, 1448.31it/s, Materializing param=gpt_neox.layers.1.input_layernorm.bias]
Loading weights:   8%|7         | 22/292 [00:00<00:00, 1440.91it/s, Materializing param=gpt_neox.layers.1.input_layernorm.weight]
Loading weights:   8%|7         | 22/292 [00:00<00:00, 1391.92it/s, Materializing param=gpt_neox.layers.1.input_layernorm.weight]
Loading weights:   8%|7         | 23/292 [00:00<00:00, 1419.73it/s, Materializing param=gpt_neox.layers.1.mlp.dense_4h_to_h.bias]
Loading weights:   8%|7         | 23/292 [00:00<00:00, 1413.32it/s, Materializing param=gpt_neox.layers.1.mlp.dense_4h_to_h.bias]
Loading weights:   8%|8         | 24/292 [00:00<00:00, 1425.79it/s, Materializing param=gpt_neox.layers.1.mlp.dense_4h_to_h.weight]
Loading weights:   8%|8         | 24/292 [00:00<00:00, 1406.19it/s, Materializing param=gpt_neox.layers.1.mlp.dense_4h_to_h.weight]
Loading weights:   9%|8         | 25/292 [00:00<00:00, 1431.27it/s, Materializing param=gpt_neox.layers.1.mlp.dense_h_to_4h.bias]  
Loading weights:   9%|8         | 25/292 [00:00<00:00, 1411.75it/s, Materializing param=gpt_neox.layers.1.mlp.dense_h_to_4h.bias]
Loading weights:   9%|8         | 26/292 [00:00<00:00, 1431.94it/s, Materializing param=gpt_neox.layers.1.mlp.dense_h_to_4h.weight]
Loading weights:   9%|8         | 26/292 [00:00<00:00, 1412.72it/s, Materializing param=gpt_neox.layers.1.mlp.dense_h_to_4h.weight]
Loading weights:   9%|9         | 27/292 [00:00<00:00, 1419.30it/s, Materializing param=gpt_neox.layers.1.post_attention_layernorm.bias]
Loading weights:   9%|9         | 27/292 [00:00<00:00, 1402.55it/s, Materializing param=gpt_neox.layers.1.post_attention_layernorm.bias]
Loading weights:  10%|9         | 28/292 [00:00<00:00, 1373.28it/s, Materializing param=gpt_neox.layers.1.post_attention_layernorm.weight]
Loading weights:  10%|9         | 28/292 [00:00<00:00, 1357.57it/s, Materializing param=gpt_neox.layers.1.post_attention_layernorm.weight]
Loading weights:  10%|9         | 29/292 [00:00<00:00, 1396.37it/s, Materializing param=gpt_neox.layers.2.attention.dense.bias]           
Loading weights:  10%|9         | 29/292 [00:00<00:00, 1381.63it/s, Materializing param=gpt_neox.layers.2.attention.dense.bias]
Loading weights:  10%|#         | 30/292 [00:00<00:00, 1383.16it/s, Materializing param=gpt_neox.layers.2.attention.dense.weight]
Loading weights:  10%|#         | 30/292 [00:00<00:00, 1374.07it/s, Materializing param=gpt_neox.layers.2.attention.dense.weight]
Loading weights:  11%|#         | 31/292 [00:00<00:00, 1409.64it/s, Materializing param=gpt_neox.layers.2.attention.query_key_value.bias]
Loading weights:  11%|#         | 31/292 [00:00<00:00, 1400.50it/s, Materializing param=gpt_neox.layers.2.attention.query_key_value.bias]
Loading weights:  11%|#         | 32/292 [00:00<00:00, 1436.51it/s, Materializing param=gpt_neox.layers.2.attention.query_key_value.weight]
Loading weights:  11%|#         | 32/292 [00:00<00:00, 1415.47it/s, Materializing param=gpt_neox.layers.2.attention.query_key_value.weight]
Loading weights:  11%|#1        | 33/292 [00:00<00:00, 1439.99it/s, Materializing param=gpt_neox.layers.2.input_layernorm.bias]            
Loading weights:  11%|#1        | 33/292 [00:00<00:00, 1435.68it/s, Materializing param=gpt_neox.layers.2.input_layernorm.bias]
Loading weights:  12%|#1        | 34/292 [00:00<00:00, 1435.05it/s, Materializing param=gpt_neox.layers.2.input_layernorm.weight]
Loading weights:  12%|#1        | 34/292 [00:00<00:00, 1424.77it/s, Materializing param=gpt_neox.layers.2.input_layernorm.weight]
Loading weights:  12%|#1        | 35/292 [00:00<00:00, 1448.04it/s, Materializing param=gpt_neox.layers.2.mlp.dense_4h_to_h.bias]
Loading weights:  12%|#1        | 35/292 [00:00<00:00, 1440.66it/s, Materializing param=gpt_neox.layers.2.mlp.dense_4h_to_h.bias]
Loading weights:  12%|#2        | 36/292 [00:00<00:00, 1432.03it/s, Materializing param=gpt_neox.layers.2.mlp.dense_4h_to_h.weight]
Loading weights:  12%|#2        | 36/292 [00:00<00:00, 1422.33it/s, Materializing param=gpt_neox.layers.2.mlp.dense_4h_to_h.weight]
Loading weights:  13%|#2        | 37/292 [00:00<00:00, 1438.35it/s, Materializing param=gpt_neox.layers.2.mlp.dense_h_to_4h.bias]  
Loading weights:  13%|#2        | 37/292 [00:00<00:00, 1434.36it/s, Materializing param=gpt_neox.layers.2.mlp.dense_h_to_4h.bias]
Loading weights:  13%|#3        | 38/292 [00:00<00:00, 1465.47it/s, Materializing param=gpt_neox.layers.2.mlp.dense_h_to_4h.weight]
Loading weights:  13%|#3        | 38/292 [00:00<00:00, 1461.90it/s, Materializing param=gpt_neox.layers.2.mlp.dense_h_to_4h.weight]
Loading weights:  13%|#3        | 39/292 [00:00<00:00, 1492.98it/s, Materializing param=gpt_neox.layers.2.post_attention_layernorm.bias]
Loading weights:  13%|#3        | 39/292 [00:00<00:00, 1486.34it/s, Materializing param=gpt_neox.layers.2.post_attention_layernorm.bias]
Loading weights:  14%|#3        | 40/292 [00:00<00:00, 1507.25it/s, Materializing param=gpt_neox.layers.2.post_attention_layernorm.weight]
Loading weights:  14%|#3        | 40/292 [00:00<00:00, 1467.01it/s, Materializing param=gpt_neox.layers.2.post_attention_layernorm.weight]
Loading weights:  14%|#4        | 41/292 [00:00<00:00, 1461.27it/s, Materializing param=gpt_neox.layers.3.attention.dense.bias]           
Loading weights:  14%|#4        | 41/292 [00:00<00:00, 1446.00it/s, Materializing param=gpt_neox.layers.3.attention.dense.bias]
Loading weights:  14%|#4        | 42/292 [00:00<00:00, 1456.73it/s, Materializing param=gpt_neox.layers.3.attention.dense.weight]
Loading weights:  14%|#4        | 42/292 [00:00<00:00, 1449.99it/s, Materializing param=gpt_neox.layers.3.attention.dense.weight]
Loading weights:  15%|#4        | 43/292 [00:00<00:00, 1444.17it/s, Materializing param=gpt_neox.layers.3.attention.query_key_value.bias]
Loading weights:  15%|#4        | 43/292 [00:00<00:00, 1412.05it/s, Materializing param=gpt_neox.layers.3.attention.query_key_value.bias]
Loading weights:  15%|#5        | 44/292 [00:00<00:00, 1424.18it/s, Materializing param=gpt_neox.layers.3.attention.query_key_value.weight]
Loading weights:  15%|#5        | 44/292 [00:00<00:00, 1415.95it/s, Materializing param=gpt_neox.layers.3.attention.query_key_value.weight]
Loading weights:  15%|#5        | 45/292 [00:00<00:00, 1396.42it/s, Materializing param=gpt_neox.layers.3.input_layernorm.bias]            
Loading weights:  15%|#5        | 45/292 [00:00<00:00, 1389.02it/s, Materializing param=gpt_neox.layers.3.input_layernorm.bias]
Loading weights:  16%|#5        | 46/292 [00:00<00:00, 1400.67it/s, Materializing param=gpt_neox.layers.3.input_layernorm.weight]
Loading weights:  16%|#5        | 46/292 [00:00<00:00, 1384.55it/s, Materializing param=gpt_neox.layers.3.input_layernorm.weight]
Loading weights:  16%|#6        | 47/292 [00:00<00:00, 1358.28it/s, Materializing param=gpt_neox.layers.3.mlp.dense_4h_to_h.bias]
Loading weights:  16%|#6        | 47/292 [00:00<00:00, 1349.33it/s, Materializing param=gpt_neox.layers.3.mlp.dense_4h_to_h.bias]
Loading weights:  16%|#6        | 48/292 [00:00<00:00, 1346.21it/s, Materializing param=gpt_neox.layers.3.mlp.dense_4h_to_h.weight]
Loading weights:  16%|#6        | 48/292 [00:00<00:00, 1339.90it/s, Materializing param=gpt_neox.layers.3.mlp.dense_4h_to_h.weight]
Loading weights:  17%|#6        | 49/292 [00:00<00:00, 1351.61it/s, Materializing param=gpt_neox.layers.3.mlp.dense_h_to_4h.bias]  
Loading weights:  17%|#6        | 49/292 [00:00<00:00, 1344.98it/s, Materializing param=gpt_neox.layers.3.mlp.dense_h_to_4h.bias]
Loading weights:  17%|#7        | 50/292 [00:00<00:00, 1352.33it/s, Materializing param=gpt_neox.layers.3.mlp.dense_h_to_4h.weight]
Loading weights:  17%|#7        | 50/292 [00:00<00:00, 1346.63it/s, Materializing param=gpt_neox.layers.3.mlp.dense_h_to_4h.weight]
Loading weights:  17%|#7        | 51/292 [00:00<00:00, 1367.59it/s, Materializing param=gpt_neox.layers.3.post_attention_layernorm.bias]
Loading weights:  17%|#7        | 51/292 [00:00<00:00, 1363.03it/s, Materializing param=gpt_neox.layers.3.post_attention_layernorm.bias]
Loading weights:  18%|#7        | 52/292 [00:00<00:00, 1380.13it/s, Materializing param=gpt_neox.layers.3.post_attention_layernorm.weight]
Loading weights:  18%|#7        | 52/292 [00:00<00:00, 1377.54it/s, Materializing param=gpt_neox.layers.3.post_attention_layernorm.weight]
Loading weights:  18%|#8        | 53/292 [00:00<00:00, 1399.81it/s, Materializing param=gpt_neox.layers.4.attention.dense.bias]           
Loading weights:  18%|#8        | 53/292 [00:00<00:00, 1397.55it/s, Materializing param=gpt_neox.layers.4.attention.dense.bias]
Loading weights:  18%|#8        | 54/292 [00:00<00:00, 1419.69it/s, Materializing param=gpt_neox.layers.4.attention.dense.weight]
Loading weights:  18%|#8        | 54/292 [00:00<00:00, 1417.48it/s, Materializing param=gpt_neox.layers.4.attention.dense.weight]
Loading weights:  19%|#8        | 55/292 [00:00<00:00, 1439.65it/s, Materializing param=gpt_neox.layers.4.attention.query_key_value.bias]
Loading weights:  19%|#8        | 55/292 [00:00<00:00, 1437.36it/s, Materializing param=gpt_neox.layers.4.attention.query_key_value.bias]
Loading weights:  19%|#9        | 56/292 [00:00<00:00, 1459.41it/s, Materializing param=gpt_neox.layers.4.attention.query_key_value.weight]
Loading weights:  19%|#9        | 56/292 [00:00<00:00, 1457.12it/s, Materializing param=gpt_neox.layers.4.attention.query_key_value.weight]
Loading weights:  20%|#9        | 57/292 [00:00<00:00, 1479.04it/s, Materializing param=gpt_neox.layers.4.input_layernorm.bias]            
Loading weights:  20%|#9        | 57/292 [00:00<00:00, 1476.77it/s, Materializing param=gpt_neox.layers.4.input_layernorm.bias]
Loading weights:  20%|#9        | 58/292 [00:00<00:00, 1498.65it/s, Materializing param=gpt_neox.layers.4.input_layernorm.weight]
Loading weights:  20%|#9        | 58/292 [00:00<00:00, 1496.18it/s, Materializing param=gpt_neox.layers.4.input_layernorm.weight]
Loading weights:  20%|##        | 59/292 [00:00<00:00, 1517.74it/s, Materializing param=gpt_neox.layers.4.mlp.dense_4h_to_h.bias]
Loading weights:  20%|##        | 59/292 [00:00<00:00, 1515.38it/s, Materializing param=gpt_neox.layers.4.mlp.dense_4h_to_h.bias]
Loading weights:  21%|##        | 60/292 [00:00<00:00, 1536.90it/s, Materializing param=gpt_neox.layers.4.mlp.dense_4h_to_h.weight]
Loading weights:  21%|##        | 60/292 [00:00<00:00, 1534.59it/s, Materializing param=gpt_neox.layers.4.mlp.dense_4h_to_h.weight]
Loading weights:  21%|##        | 61/292 [00:00<00:00, 1555.99it/s, Materializing param=gpt_neox.layers.4.mlp.dense_h_to_4h.bias]  
Loading weights:  21%|##        | 61/292 [00:00<00:00, 1553.65it/s, Materializing param=gpt_neox.layers.4.mlp.dense_h_to_4h.bias]
Loading weights:  21%|##1       | 62/292 [00:00<00:00, 1574.83it/s, Materializing param=gpt_neox.layers.4.mlp.dense_h_to_4h.weight]
Loading weights:  21%|##1       | 62/292 [00:00<00:00, 1572.47it/s, Materializing param=gpt_neox.layers.4.mlp.dense_h_to_4h.weight]
Loading weights:  22%|##1       | 63/292 [00:00<00:00, 1593.62it/s, Materializing param=gpt_neox.layers.4.post_attention_layernorm.bias]
Loading weights:  22%|##1       | 63/292 [00:00<00:00, 1591.23it/s, Materializing param=gpt_neox.layers.4.post_attention_layernorm.bias]
Loading weights:  22%|##1       | 64/292 [00:00<00:00, 1612.20it/s, Materializing param=gpt_neox.layers.4.post_attention_layernorm.weight]
Loading weights:  22%|##1       | 64/292 [00:00<00:00, 1609.59it/s, Materializing param=gpt_neox.layers.4.post_attention_layernorm.weight]
Loading weights:  22%|##2       | 65/292 [00:00<00:00, 1630.43it/s, Materializing param=gpt_neox.layers.5.attention.dense.bias]           
Loading weights:  22%|##2       | 65/292 [00:00<00:00, 1628.03it/s, Materializing param=gpt_neox.layers.5.attention.dense.bias]
Loading weights:  23%|##2       | 66/292 [00:00<00:00, 1648.67it/s, Materializing param=gpt_neox.layers.5.attention.dense.weight]
Loading weights:  23%|##2       | 66/292 [00:00<00:00, 1646.18it/s, Materializing param=gpt_neox.layers.5.attention.dense.weight]
Loading weights:  23%|##2       | 67/292 [00:00<00:00, 1666.51it/s, Materializing param=gpt_neox.layers.5.attention.query_key_value.bias]
Loading weights:  23%|##2       | 67/292 [00:00<00:00, 1664.04it/s, Materializing param=gpt_neox.layers.5.attention.query_key_value.bias]
Loading weights:  23%|##3       | 68/292 [00:00<00:00, 1684.50it/s, Materializing param=gpt_neox.layers.5.attention.query_key_value.weight]
Loading weights:  23%|##3       | 68/292 [00:00<00:00, 1682.00it/s, Materializing param=gpt_neox.layers.5.attention.query_key_value.weight]
Loading weights:  24%|##3       | 69/292 [00:00<00:00, 1702.27it/s, Materializing param=gpt_neox.layers.5.input_layernorm.bias]            
Loading weights:  24%|##3       | 69/292 [00:00<00:00, 1699.84it/s, Materializing param=gpt_neox.layers.5.input_layernorm.bias]
Loading weights:  24%|##3       | 70/292 [00:00<00:00, 1719.98it/s, Materializing param=gpt_neox.layers.5.input_layernorm.weight]
Loading weights:  24%|##3       | 70/292 [00:00<00:00, 1717.29it/s, Materializing param=gpt_neox.layers.5.input_layernorm.weight]
Loading weights:  24%|##4       | 71/292 [00:00<00:00, 1737.38it/s, Materializing param=gpt_neox.layers.5.mlp.dense_4h_to_h.bias]
Loading weights:  24%|##4       | 71/292 [00:00<00:00, 1735.03it/s, Materializing param=gpt_neox.layers.5.mlp.dense_4h_to_h.bias]
Loading weights:  25%|##4       | 72/292 [00:00<00:00, 1754.92it/s, Materializing param=gpt_neox.layers.5.mlp.dense_4h_to_h.weight]
Loading weights:  25%|##4       | 72/292 [00:00<00:00, 1752.35it/s, Materializing param=gpt_neox.layers.5.mlp.dense_4h_to_h.weight]
Loading weights:  25%|##5       | 73/292 [00:00<00:00, 1772.19it/s, Materializing param=gpt_neox.layers.5.mlp.dense_h_to_4h.bias]  
Loading weights:  25%|##5       | 73/292 [00:00<00:00, 1769.80it/s, Materializing param=gpt_neox.layers.5.mlp.dense_h_to_4h.bias]
Loading weights:  25%|##5       | 74/292 [00:00<00:00, 1789.66it/s, Materializing param=gpt_neox.layers.5.mlp.dense_h_to_4h.weight]
Loading weights:  25%|##5       | 74/292 [00:00<00:00, 1787.28it/s, Materializing param=gpt_neox.layers.5.mlp.dense_h_to_4h.weight]
Loading weights:  26%|##5       | 75/292 [00:00<00:00, 1807.10it/s, Materializing param=gpt_neox.layers.5.post_attention_layernorm.bias]
Loading weights:  26%|##5       | 75/292 [00:00<00:00, 1804.67it/s, Materializing param=gpt_neox.layers.5.post_attention_layernorm.bias]
Loading weights:  26%|##6       | 76/292 [00:00<00:00, 1824.28it/s, Materializing param=gpt_neox.layers.5.post_attention_layernorm.weight]
Loading weights:  26%|##6       | 76/292 [00:00<00:00, 1821.66it/s, Materializing param=gpt_neox.layers.5.post_attention_layernorm.weight]
Loading weights:  26%|##6       | 77/292 [00:00<00:00, 1840.72it/s, Materializing param=gpt_neox.layers.6.attention.dense.bias]           
Loading weights:  26%|##6       | 77/292 [00:00<00:00, 1838.13it/s, Materializing param=gpt_neox.layers.6.attention.dense.bias]
Loading weights:  27%|##6       | 78/292 [00:00<00:00, 1857.22it/s, Materializing param=gpt_neox.layers.6.attention.dense.weight]
Loading weights:  27%|##6       | 78/292 [00:00<00:00, 1854.52it/s, Materializing param=gpt_neox.layers.6.attention.dense.weight]
Loading weights:  27%|##7       | 79/292 [00:00<00:00, 1873.24it/s, Materializing param=gpt_neox.layers.6.attention.query_key_value.bias]
Loading weights:  27%|##7       | 79/292 [00:00<00:00, 1870.57it/s, Materializing param=gpt_neox.layers.6.attention.query_key_value.bias]
Loading weights:  27%|##7       | 80/292 [00:00<00:00, 1889.43it/s, Materializing param=gpt_neox.layers.6.attention.query_key_value.weight]
Loading weights:  27%|##7       | 80/292 [00:00<00:00, 1886.74it/s, Materializing param=gpt_neox.layers.6.attention.query_key_value.weight]
Loading weights:  28%|##7       | 81/292 [00:00<00:00, 1905.49it/s, Materializing param=gpt_neox.layers.6.input_layernorm.bias]            
Loading weights:  28%|##7       | 81/292 [00:00<00:00, 1902.80it/s, Materializing param=gpt_neox.layers.6.input_layernorm.bias]
Loading weights:  28%|##8       | 82/292 [00:00<00:00, 1921.50it/s, Materializing param=gpt_neox.layers.6.input_layernorm.weight]
Loading weights:  28%|##8       | 82/292 [00:00<00:00, 1918.85it/s, Materializing param=gpt_neox.layers.6.input_layernorm.weight]
Loading weights:  28%|##8       | 83/292 [00:00<00:00, 1934.80it/s, Materializing param=gpt_neox.layers.6.mlp.dense_4h_to_h.bias]
Loading weights:  28%|##8       | 83/292 [00:00<00:00, 1931.99it/s, Materializing param=gpt_neox.layers.6.mlp.dense_4h_to_h.bias]
Loading weights:  29%|##8       | 84/292 [00:00<00:00, 1945.78it/s, Materializing param=gpt_neox.layers.6.mlp.dense_4h_to_h.weight]
Loading weights:  29%|##8       | 84/292 [00:00<00:00, 1942.52it/s, Materializing param=gpt_neox.layers.6.mlp.dense_4h_to_h.weight]
Loading weights:  29%|##9       | 85/292 [00:00<00:00, 1956.77it/s, Materializing param=gpt_neox.layers.6.mlp.dense_h_to_4h.bias]  
Loading weights:  29%|##9       | 85/292 [00:00<00:00, 1953.40it/s, Materializing param=gpt_neox.layers.6.mlp.dense_h_to_4h.bias]
Loading weights:  29%|##9       | 86/292 [00:00<00:00, 1970.67it/s, Materializing param=gpt_neox.layers.6.mlp.dense_h_to_4h.weight]
Loading weights:  29%|##9       | 86/292 [00:00<00:00, 1967.72it/s, Materializing param=gpt_neox.layers.6.mlp.dense_h_to_4h.weight]
Loading weights:  30%|##9       | 87/292 [00:00<00:00, 1985.10it/s, Materializing param=gpt_neox.layers.6.post_attention_layernorm.bias]
Loading weights:  30%|##9       | 87/292 [00:00<00:00, 1982.14it/s, Materializing param=gpt_neox.layers.6.post_attention_layernorm.bias]
Loading weights:  30%|###       | 88/292 [00:00<00:00, 1999.88it/s, Materializing param=gpt_neox.layers.6.post_attention_layernorm.weight]
Loading weights:  30%|###       | 88/292 [00:00<00:00, 1997.06it/s, Materializing param=gpt_neox.layers.6.post_attention_layernorm.weight]
Loading weights:  30%|###       | 89/292 [00:00<00:00, 2014.84it/s, Materializing param=gpt_neox.layers.7.attention.dense.bias]           
Loading weights:  30%|###       | 89/292 [00:00<00:00, 2012.16it/s, Materializing param=gpt_neox.layers.7.attention.dense.bias]
Loading weights:  31%|###       | 90/292 [00:00<00:00, 2029.60it/s, Materializing param=gpt_neox.layers.7.attention.dense.weight]
Loading weights:  31%|###       | 90/292 [00:00<00:00, 2026.85it/s, Materializing param=gpt_neox.layers.7.attention.dense.weight]
Loading weights:  31%|###1      | 91/292 [00:00<00:00, 2044.50it/s, Materializing param=gpt_neox.layers.7.attention.query_key_value.bias]
Loading weights:  31%|###1      | 91/292 [00:00<00:00, 2041.76it/s, Materializing param=gpt_neox.layers.7.attention.query_key_value.bias]
Loading weights:  32%|###1      | 92/292 [00:00<00:00, 2059.26it/s, Materializing param=gpt_neox.layers.7.attention.query_key_value.weight]
Loading weights:  32%|###1      | 92/292 [00:00<00:00, 2055.85it/s, Materializing param=gpt_neox.layers.7.attention.query_key_value.weight]
Loading weights:  32%|###1      | 93/292 [00:00<00:00, 2073.08it/s, Materializing param=gpt_neox.layers.7.input_layernorm.bias]            
Loading weights:  32%|###1      | 93/292 [00:00<00:00, 2070.38it/s, Materializing param=gpt_neox.layers.7.input_layernorm.bias]
Loading weights:  32%|###2      | 94/292 [00:00<00:00, 2087.86it/s, Materializing param=gpt_neox.layers.7.input_layernorm.weight]
Loading weights:  32%|###2      | 94/292 [00:00<00:00, 2085.15it/s, Materializing param=gpt_neox.layers.7.input_layernorm.weight]
Loading weights:  33%|###2      | 95/292 [00:00<00:00, 2102.61it/s, Materializing param=gpt_neox.layers.7.mlp.dense_4h_to_h.bias]
Loading weights:  33%|###2      | 95/292 [00:00<00:00, 2099.90it/s, Materializing param=gpt_neox.layers.7.mlp.dense_4h_to_h.bias]
Loading weights:  33%|###2      | 96/292 [00:00<00:00, 2117.10it/s, Materializing param=gpt_neox.layers.7.mlp.dense_4h_to_h.weight]
Loading weights:  33%|###2      | 96/292 [00:00<00:00, 2114.38it/s, Materializing param=gpt_neox.layers.7.mlp.dense_4h_to_h.weight]
Loading weights:  33%|###3      | 97/292 [00:00<00:00, 2131.53it/s, Materializing param=gpt_neox.layers.7.mlp.dense_h_to_4h.bias]  
Loading weights:  33%|###3      | 97/292 [00:00<00:00, 2128.81it/s, Materializing param=gpt_neox.layers.7.mlp.dense_h_to_4h.bias]
Loading weights:  34%|###3      | 98/292 [00:00<00:00, 2145.82it/s, Materializing param=gpt_neox.layers.7.mlp.dense_h_to_4h.weight]
Loading weights:  34%|###3      | 98/292 [00:00<00:00, 2143.06it/s, Materializing param=gpt_neox.layers.7.mlp.dense_h_to_4h.weight]
Loading weights:  34%|###3      | 99/292 [00:00<00:00, 2159.94it/s, Materializing param=gpt_neox.layers.7.post_attention_layernorm.bias]
Loading weights:  34%|###3      | 99/292 [00:00<00:00, 2157.07it/s, Materializing param=gpt_neox.layers.7.post_attention_layernorm.bias]
Loading weights:  34%|###4      | 100/292 [00:00<00:00, 2173.59it/s, Materializing param=gpt_neox.layers.7.post_attention_layernorm.weight]
Loading weights:  34%|###4      | 100/292 [00:00<00:00, 2170.75it/s, Materializing param=gpt_neox.layers.7.post_attention_layernorm.weight]
Loading weights:  35%|###4      | 101/292 [00:00<00:00, 2187.56it/s, Materializing param=gpt_neox.layers.8.attention.dense.bias]           
Loading weights:  35%|###4      | 101/292 [00:00<00:00, 2184.78it/s, Materializing param=gpt_neox.layers.8.attention.dense.bias]
Loading weights:  35%|###4      | 102/292 [00:00<00:00, 2200.81it/s, Materializing param=gpt_neox.layers.8.attention.dense.weight]
Loading weights:  35%|###4      | 102/292 [00:00<00:00, 2198.02it/s, Materializing param=gpt_neox.layers.8.attention.dense.weight]
Loading weights:  35%|###5      | 103/292 [00:00<00:00, 2214.62it/s, Materializing param=gpt_neox.layers.8.attention.query_key_value.bias]
Loading weights:  35%|###5      | 103/292 [00:00<00:00, 2211.81it/s, Materializing param=gpt_neox.layers.8.attention.query_key_value.bias]
Loading weights:  36%|###5      | 104/292 [00:00<00:00, 2228.27it/s, Materializing param=gpt_neox.layers.8.attention.query_key_value.weight]
Loading weights:  36%|###5      | 104/292 [00:00<00:00, 2225.06it/s, Materializing param=gpt_neox.layers.8.attention.query_key_value.weight]
Loading weights:  36%|###5      | 105/292 [00:00<00:00, 2241.50it/s, Materializing param=gpt_neox.layers.8.input_layernorm.bias]            
Loading weights:  36%|###5      | 105/292 [00:00<00:00, 2238.70it/s, Materializing param=gpt_neox.layers.8.input_layernorm.bias]
Loading weights:  36%|###6      | 106/292 [00:00<00:00, 2254.86it/s, Materializing param=gpt_neox.layers.8.input_layernorm.weight]
Loading weights:  36%|###6      | 106/292 [00:00<00:00, 2252.03it/s, Materializing param=gpt_neox.layers.8.input_layernorm.weight]
Loading weights:  37%|###6      | 107/292 [00:00<00:00, 2268.41it/s, Materializing param=gpt_neox.layers.8.mlp.dense_4h_to_h.bias]
Loading weights:  37%|###6      | 107/292 [00:00<00:00, 2265.62it/s, Materializing param=gpt_neox.layers.8.mlp.dense_4h_to_h.bias]
Loading weights:  37%|###6      | 108/292 [00:00<00:00, 2281.74it/s, Materializing param=gpt_neox.layers.8.mlp.dense_4h_to_h.weight]
Loading weights:  37%|###6      | 108/292 [00:00<00:00, 2278.94it/s, Materializing param=gpt_neox.layers.8.mlp.dense_4h_to_h.weight]
Loading weights:  37%|###7      | 109/292 [00:00<00:00, 2295.05it/s, Materializing param=gpt_neox.layers.8.mlp.dense_h_to_4h.bias]  
Loading weights:  37%|###7      | 109/292 [00:00<00:00, 2292.27it/s, Materializing param=gpt_neox.layers.8.mlp.dense_h_to_4h.bias]
Loading weights:  38%|###7      | 110/292 [00:00<00:00, 2308.36it/s, Materializing param=gpt_neox.layers.8.mlp.dense_h_to_4h.weight]
Loading weights:  38%|###7      | 110/292 [00:00<00:00, 2305.54it/s, Materializing param=gpt_neox.layers.8.mlp.dense_h_to_4h.weight]
Loading weights:  38%|###8      | 111/292 [00:00<00:00, 2321.58it/s, Materializing param=gpt_neox.layers.8.post_attention_layernorm.bias]
Loading weights:  38%|###8      | 111/292 [00:00<00:00, 2318.71it/s, Materializing param=gpt_neox.layers.8.post_attention_layernorm.bias]
Loading weights:  38%|###8      | 112/292 [00:00<00:00, 2334.57it/s, Materializing param=gpt_neox.layers.8.post_attention_layernorm.weight]
Loading weights:  38%|###8      | 112/292 [00:00<00:00, 2331.72it/s, Materializing param=gpt_neox.layers.8.post_attention_layernorm.weight]
Loading weights:  39%|###8      | 113/292 [00:00<00:00, 2347.52it/s, Materializing param=gpt_neox.layers.9.attention.dense.bias]           
Loading weights:  39%|###8      | 113/292 [00:00<00:00, 2344.68it/s, Materializing param=gpt_neox.layers.9.attention.dense.bias]
Loading weights:  39%|###9      | 114/292 [00:00<00:00, 2360.04it/s, Materializing param=gpt_neox.layers.9.attention.dense.weight]
Loading weights:  39%|###9      | 114/292 [00:00<00:00, 2357.14it/s, Materializing param=gpt_neox.layers.9.attention.dense.weight]
Loading weights:  39%|###9      | 115/292 [00:00<00:00, 2372.79it/s, Materializing param=gpt_neox.layers.9.attention.query_key_value.bias]
Loading weights:  39%|###9      | 115/292 [00:00<00:00, 2369.86it/s, Materializing param=gpt_neox.layers.9.attention.query_key_value.bias]
Loading weights:  40%|###9      | 116/292 [00:00<00:00, 2385.35it/s, Materializing param=gpt_neox.layers.9.attention.query_key_value.weight]
Loading weights:  40%|###9      | 116/292 [00:00<00:00, 2382.44it/s, Materializing param=gpt_neox.layers.9.attention.query_key_value.weight]
Loading weights:  40%|####      | 117/292 [00:00<00:00, 2397.49it/s, Materializing param=gpt_neox.layers.9.input_layernorm.bias]            
Loading weights:  40%|####      | 117/292 [00:00<00:00, 2394.65it/s, Materializing param=gpt_neox.layers.9.input_layernorm.bias]
Loading weights:  40%|####      | 118/292 [00:00<00:00, 2410.03it/s, Materializing param=gpt_neox.layers.9.input_layernorm.weight]
Loading weights:  40%|####      | 118/292 [00:00<00:00, 2407.18it/s, Materializing param=gpt_neox.layers.9.input_layernorm.weight]
Loading weights:  41%|####      | 119/292 [00:00<00:00, 2418.94it/s, Materializing param=gpt_neox.layers.9.mlp.dense_4h_to_h.bias]
Loading weights:  41%|####      | 119/292 [00:00<00:00, 2413.61it/s, Materializing param=gpt_neox.layers.9.mlp.dense_4h_to_h.bias]
Loading weights:  41%|####1     | 120/292 [00:00<00:00, 2426.52it/s, Materializing param=gpt_neox.layers.9.mlp.dense_4h_to_h.weight]
Loading weights:  41%|####1     | 120/292 [00:00<00:00, 2423.39it/s, Materializing param=gpt_neox.layers.9.mlp.dense_4h_to_h.weight]
Loading weights:  41%|####1     | 121/292 [00:00<00:00, 2437.54it/s, Materializing param=gpt_neox.layers.9.mlp.dense_h_to_4h.bias]  
Loading weights:  41%|####1     | 121/292 [00:00<00:00, 2434.57it/s, Materializing param=gpt_neox.layers.9.mlp.dense_h_to_4h.bias]
Loading weights:  42%|####1     | 122/292 [00:00<00:00, 2449.23it/s, Materializing param=gpt_neox.layers.9.mlp.dense_h_to_4h.weight]
Loading weights:  42%|####1     | 122/292 [00:00<00:00, 2446.23it/s, Materializing param=gpt_neox.layers.9.mlp.dense_h_to_4h.weight]
Loading weights:  42%|####2     | 123/292 [00:00<00:00, 2460.98it/s, Materializing param=gpt_neox.layers.9.post_attention_layernorm.bias]
Loading weights:  42%|####2     | 123/292 [00:00<00:00, 2458.02it/s, Materializing param=gpt_neox.layers.9.post_attention_layernorm.bias]
Loading weights:  42%|####2     | 124/292 [00:00<00:00, 2472.61it/s, Materializing param=gpt_neox.layers.9.post_attention_layernorm.weight]
Loading weights:  42%|####2     | 124/292 [00:00<00:00, 2469.64it/s, Materializing param=gpt_neox.layers.9.post_attention_layernorm.weight]
Loading weights:  43%|####2     | 125/292 [00:00<00:00, 2484.40it/s, Materializing param=gpt_neox.layers.10.attention.dense.bias]          
Loading weights:  43%|####2     | 125/292 [00:00<00:00, 2481.47it/s, Materializing param=gpt_neox.layers.10.attention.dense.bias]
Loading weights:  43%|####3     | 126/292 [00:00<00:00, 2495.75it/s, Materializing param=gpt_neox.layers.10.attention.dense.weight]
Loading weights:  43%|####3     | 126/292 [00:00<00:00, 2492.79it/s, Materializing param=gpt_neox.layers.10.attention.dense.weight]
Loading weights:  43%|####3     | 127/292 [00:00<00:00, 2507.21it/s, Materializing param=gpt_neox.layers.10.attention.query_key_value.bias]
Loading weights:  43%|####3     | 127/292 [00:00<00:00, 2504.25it/s, Materializing param=gpt_neox.layers.10.attention.query_key_value.bias]
Loading weights:  44%|####3     | 128/292 [00:00<00:00, 2518.16it/s, Materializing param=gpt_neox.layers.10.attention.query_key_value.weight]
Loading weights:  44%|####3     | 128/292 [00:00<00:00, 2515.34it/s, Materializing param=gpt_neox.layers.10.attention.query_key_value.weight]
Loading weights:  44%|####4     | 129/292 [00:00<00:00, 2529.95it/s, Materializing param=gpt_neox.layers.10.input_layernorm.bias]            
Loading weights:  44%|####4     | 129/292 [00:00<00:00, 2527.10it/s, Materializing param=gpt_neox.layers.10.input_layernorm.bias]
Loading weights:  45%|####4     | 130/292 [00:00<00:00, 2541.75it/s, Materializing param=gpt_neox.layers.10.input_layernorm.weight]
Loading weights:  45%|####4     | 130/292 [00:00<00:00, 2538.75it/s, Materializing param=gpt_neox.layers.10.input_layernorm.weight]
Loading weights:  45%|####4     | 131/292 [00:00<00:00, 2552.80it/s, Materializing param=gpt_neox.layers.10.mlp.dense_4h_to_h.bias]
Loading weights:  45%|####4     | 131/292 [00:00<00:00, 2549.88it/s, Materializing param=gpt_neox.layers.10.mlp.dense_4h_to_h.bias]
Loading weights:  45%|####5     | 132/292 [00:00<00:00, 2564.05it/s, Materializing param=gpt_neox.layers.10.mlp.dense_4h_to_h.weight]
Loading weights:  45%|####5     | 132/292 [00:00<00:00, 2561.12it/s, Materializing param=gpt_neox.layers.10.mlp.dense_4h_to_h.weight]
Loading weights:  46%|####5     | 133/292 [00:00<00:00, 2575.34it/s, Materializing param=gpt_neox.layers.10.mlp.dense_h_to_4h.bias]  
Loading weights:  46%|####5     | 133/292 [00:00<00:00, 2572.46it/s, Materializing param=gpt_neox.layers.10.mlp.dense_h_to_4h.bias]
Loading weights:  46%|####5     | 134/292 [00:00<00:00, 2586.56it/s, Materializing param=gpt_neox.layers.10.mlp.dense_h_to_4h.weight]
Loading weights:  46%|####5     | 134/292 [00:00<00:00, 2583.67it/s, Materializing param=gpt_neox.layers.10.mlp.dense_h_to_4h.weight]
Loading weights:  46%|####6     | 135/292 [00:00<00:00, 2597.83it/s, Materializing param=gpt_neox.layers.10.post_attention_layernorm.bias]
Loading weights:  46%|####6     | 135/292 [00:00<00:00, 2594.89it/s, Materializing param=gpt_neox.layers.10.post_attention_layernorm.bias]
Loading weights:  47%|####6     | 136/292 [00:00<00:00, 2608.93it/s, Materializing param=gpt_neox.layers.10.post_attention_layernorm.weight]
Loading weights:  47%|####6     | 136/292 [00:00<00:00, 2605.94it/s, Materializing param=gpt_neox.layers.10.post_attention_layernorm.weight]
Loading weights:  47%|####6     | 137/292 [00:00<00:00, 2619.96it/s, Materializing param=gpt_neox.layers.11.attention.dense.bias]           
Loading weights:  47%|####6     | 137/292 [00:00<00:00, 2617.03it/s, Materializing param=gpt_neox.layers.11.attention.dense.bias]
Loading weights:  47%|####7     | 138/292 [00:00<00:00, 2630.79it/s, Materializing param=gpt_neox.layers.11.attention.dense.weight]
Loading weights:  47%|####7     | 138/292 [00:00<00:00, 2627.80it/s, Materializing param=gpt_neox.layers.11.attention.dense.weight]
Loading weights:  48%|####7     | 139/292 [00:00<00:00, 2641.15it/s, Materializing param=gpt_neox.layers.11.attention.query_key_value.bias]
Loading weights:  48%|####7     | 139/292 [00:00<00:00, 2638.13it/s, Materializing param=gpt_neox.layers.11.attention.query_key_value.bias]
Loading weights:  48%|####7     | 140/292 [00:00<00:00, 2651.31it/s, Materializing param=gpt_neox.layers.11.attention.query_key_value.weight]
Loading weights:  48%|####7     | 140/292 [00:00<00:00, 2648.28it/s, Materializing param=gpt_neox.layers.11.attention.query_key_value.weight]
Loading weights:  48%|####8     | 141/292 [00:00<00:00, 2661.84it/s, Materializing param=gpt_neox.layers.11.input_layernorm.bias]            
Loading weights:  48%|####8     | 141/292 [00:00<00:00, 2658.87it/s, Materializing param=gpt_neox.layers.11.input_layernorm.bias]
Loading weights:  49%|####8     | 142/292 [00:00<00:00, 2672.37it/s, Materializing param=gpt_neox.layers.11.input_layernorm.weight]
Loading weights:  49%|####8     | 142/292 [00:00<00:00, 2669.42it/s, Materializing param=gpt_neox.layers.11.input_layernorm.weight]
Loading weights:  49%|####8     | 143/292 [00:00<00:00, 2682.96it/s, Materializing param=gpt_neox.layers.11.mlp.dense_4h_to_h.bias]
Loading weights:  49%|####8     | 143/292 [00:00<00:00, 2679.99it/s, Materializing param=gpt_neox.layers.11.mlp.dense_4h_to_h.bias]
Loading weights:  49%|####9     | 144/292 [00:00<00:00, 2693.42it/s, Materializing param=gpt_neox.layers.11.mlp.dense_4h_to_h.weight]
Loading weights:  49%|####9     | 144/292 [00:00<00:00, 2690.43it/s, Materializing param=gpt_neox.layers.11.mlp.dense_4h_to_h.weight]
Loading weights:  50%|####9     | 145/292 [00:00<00:00, 2703.85it/s, Materializing param=gpt_neox.layers.11.mlp.dense_h_to_4h.bias]  
Loading weights:  50%|####9     | 145/292 [00:00<00:00, 2700.78it/s, Materializing param=gpt_neox.layers.11.mlp.dense_h_to_4h.bias]
Loading weights:  50%|#####     | 146/292 [00:00<00:00, 2713.80it/s, Materializing param=gpt_neox.layers.11.mlp.dense_h_to_4h.weight]
Loading weights:  50%|#####     | 146/292 [00:00<00:00, 2710.79it/s, Materializing param=gpt_neox.layers.11.mlp.dense_h_to_4h.weight]
Loading weights:  50%|#####     | 147/292 [00:00<00:00, 2724.00it/s, Materializing param=gpt_neox.layers.11.post_attention_layernorm.bias]
Loading weights:  50%|#####     | 147/292 [00:00<00:00, 2721.00it/s, Materializing param=gpt_neox.layers.11.post_attention_layernorm.bias]
Loading weights:  51%|#####     | 148/292 [00:00<00:00, 2734.19it/s, Materializing param=gpt_neox.layers.11.post_attention_layernorm.weight]
Loading weights:  51%|#####     | 148/292 [00:00<00:00, 2731.14it/s, Materializing param=gpt_neox.layers.11.post_attention_layernorm.weight]
Loading weights:  51%|#####1    | 149/292 [00:00<00:00, 2744.31it/s, Materializing param=gpt_neox.layers.12.attention.dense.bias]           
Loading weights:  51%|#####1    | 149/292 [00:00<00:00, 2741.34it/s, Materializing param=gpt_neox.layers.12.attention.dense.bias]
Loading weights:  51%|#####1    | 150/292 [00:00<00:00, 2754.25it/s, Materializing param=gpt_neox.layers.12.attention.dense.weight]
Loading weights:  51%|#####1    | 150/292 [00:00<00:00, 2751.23it/s, Materializing param=gpt_neox.layers.12.attention.dense.weight]
Loading weights:  52%|#####1    | 151/292 [00:00<00:00, 2764.14it/s, Materializing param=gpt_neox.layers.12.attention.query_key_value.bias]
Loading weights:  52%|#####1    | 151/292 [00:00<00:00, 2761.09it/s, Materializing param=gpt_neox.layers.12.attention.query_key_value.bias]
Loading weights:  52%|#####2    | 152/292 [00:00<00:00, 2773.50it/s, Materializing param=gpt_neox.layers.12.attention.query_key_value.weight]
Loading weights:  52%|#####2    | 152/292 [00:00<00:00, 2770.32it/s, Materializing param=gpt_neox.layers.12.attention.query_key_value.weight]
Loading weights:  52%|#####2    | 153/292 [00:00<00:00, 2782.83it/s, Materializing param=gpt_neox.layers.12.input_layernorm.bias]            
Loading weights:  52%|#####2    | 153/292 [00:00<00:00, 2779.79it/s, Materializing param=gpt_neox.layers.12.input_layernorm.bias]
Loading weights:  53%|#####2    | 154/292 [00:00<00:00, 2792.67it/s, Materializing param=gpt_neox.layers.12.input_layernorm.weight]
Loading weights:  53%|#####2    | 154/292 [00:00<00:00, 2789.68it/s, Materializing param=gpt_neox.layers.12.input_layernorm.weight]
Loading weights:  53%|#####3    | 155/292 [00:00<00:00, 2802.53it/s, Materializing param=gpt_neox.layers.12.mlp.dense_4h_to_h.bias]
Loading weights:  53%|#####3    | 155/292 [00:00<00:00, 2799.54it/s, Materializing param=gpt_neox.layers.12.mlp.dense_4h_to_h.bias]
Loading weights:  53%|#####3    | 156/292 [00:00<00:00, 2812.26it/s, Materializing param=gpt_neox.layers.12.mlp.dense_4h_to_h.weight]
Loading weights:  53%|#####3    | 156/292 [00:00<00:00, 2809.28it/s, Materializing param=gpt_neox.layers.12.mlp.dense_4h_to_h.weight]
Loading weights:  54%|#####3    | 157/292 [00:00<00:00, 2821.97it/s, Materializing param=gpt_neox.layers.12.mlp.dense_h_to_4h.bias]  
Loading weights:  54%|#####3    | 157/292 [00:00<00:00, 2818.98it/s, Materializing param=gpt_neox.layers.12.mlp.dense_h_to_4h.bias]
Loading weights:  54%|#####4    | 158/292 [00:00<00:00, 2831.65it/s, Materializing param=gpt_neox.layers.12.mlp.dense_h_to_4h.weight]
Loading weights:  54%|#####4    | 158/292 [00:00<00:00, 2828.67it/s, Materializing param=gpt_neox.layers.12.mlp.dense_h_to_4h.weight]
Loading weights:  54%|#####4    | 159/292 [00:00<00:00, 2841.21it/s, Materializing param=gpt_neox.layers.12.post_attention_layernorm.bias]
Loading weights:  54%|#####4    | 159/292 [00:00<00:00, 2838.19it/s, Materializing param=gpt_neox.layers.12.post_attention_layernorm.bias]
Loading weights:  55%|#####4    | 160/292 [00:00<00:00, 2850.77it/s, Materializing param=gpt_neox.layers.12.post_attention_layernorm.weight]
Loading weights:  55%|#####4    | 160/292 [00:00<00:00, 2847.94it/s, Materializing param=gpt_neox.layers.12.post_attention_layernorm.weight]
Loading weights:  55%|#####5    | 161/292 [00:00<00:00, 2860.74it/s, Materializing param=gpt_neox.layers.13.attention.dense.bias]           
Loading weights:  55%|#####5    | 161/292 [00:00<00:00, 2857.95it/s, Materializing param=gpt_neox.layers.13.attention.dense.bias]
Loading weights:  55%|#####5    | 162/292 [00:00<00:00, 2870.38it/s, Materializing param=gpt_neox.layers.13.attention.dense.weight]
Loading weights:  55%|#####5    | 162/292 [00:00<00:00, 2867.36it/s, Materializing param=gpt_neox.layers.13.attention.dense.weight]
Loading weights:  56%|#####5    | 163/292 [00:00<00:00, 2879.37it/s, Materializing param=gpt_neox.layers.13.attention.query_key_value.bias]
Loading weights:  56%|#####5    | 163/292 [00:00<00:00, 2876.27it/s, Materializing param=gpt_neox.layers.13.attention.query_key_value.bias]
Loading weights:  56%|#####6    | 164/292 [00:00<00:00, 2888.00it/s, Materializing param=gpt_neox.layers.13.attention.query_key_value.weight]
Loading weights:  56%|#####6    | 164/292 [00:00<00:00, 2884.91it/s, Materializing param=gpt_neox.layers.13.attention.query_key_value.weight]
Loading weights:  57%|#####6    | 165/292 [00:00<00:00, 2897.01it/s, Materializing param=gpt_neox.layers.13.input_layernorm.bias]            
Loading weights:  57%|#####6    | 165/292 [00:00<00:00, 2893.97it/s, Materializing param=gpt_neox.layers.13.input_layernorm.bias]
Loading weights:  57%|#####6    | 166/292 [00:00<00:00, 2906.19it/s, Materializing param=gpt_neox.layers.13.input_layernorm.weight]
Loading weights:  57%|#####6    | 166/292 [00:00<00:00, 2903.23it/s, Materializing param=gpt_neox.layers.13.input_layernorm.weight]
Loading weights:  57%|#####7    | 167/292 [00:00<00:00, 2915.49it/s, Materializing param=gpt_neox.layers.13.mlp.dense_4h_to_h.bias]
Loading weights:  57%|#####7    | 167/292 [00:00<00:00, 2912.46it/s, Materializing param=gpt_neox.layers.13.mlp.dense_4h_to_h.bias]
Loading weights:  58%|#####7    | 168/292 [00:00<00:00, 2924.29it/s, Materializing param=gpt_neox.layers.13.mlp.dense_4h_to_h.weight]
Loading weights:  58%|#####7    | 168/292 [00:00<00:00, 2921.21it/s, Materializing param=gpt_neox.layers.13.mlp.dense_4h_to_h.weight]
Loading weights:  58%|#####7    | 169/292 [00:00<00:00, 2932.99it/s, Materializing param=gpt_neox.layers.13.mlp.dense_h_to_4h.bias]  
Loading weights:  58%|#####7    | 169/292 [00:00<00:00, 2929.93it/s, Materializing param=gpt_neox.layers.13.mlp.dense_h_to_4h.bias]
Loading weights:  58%|#####8    | 170/292 [00:00<00:00, 2941.37it/s, Materializing param=gpt_neox.layers.13.mlp.dense_h_to_4h.weight]
Loading weights:  58%|#####8    | 170/292 [00:00<00:00, 2932.27it/s, Materializing param=gpt_neox.layers.13.mlp.dense_h_to_4h.weight]
Loading weights:  59%|#####8    | 171/292 [00:00<00:00, 2937.95it/s, Materializing param=gpt_neox.layers.13.post_attention_layernorm.bias]
Loading weights:  59%|#####8    | 171/292 [00:00<00:00, 2934.08it/s, Materializing param=gpt_neox.layers.13.post_attention_layernorm.bias]
Loading weights:  59%|#####8    | 172/292 [00:00<00:00, 2933.68it/s, Materializing param=gpt_neox.layers.13.post_attention_layernorm.weight]
Loading weights:  59%|#####8    | 172/292 [00:00<00:00, 2924.15it/s, Materializing param=gpt_neox.layers.13.post_attention_layernorm.weight]
Loading weights:  59%|#####9    | 173/292 [00:00<00:00, 2933.16it/s, Materializing param=gpt_neox.layers.14.attention.dense.bias]           
Loading weights:  59%|#####9    | 173/292 [00:00<00:00, 2929.80it/s, Materializing param=gpt_neox.layers.14.attention.dense.bias]
Loading weights:  60%|#####9    | 174/292 [00:00<00:00, 2940.64it/s, Materializing param=gpt_neox.layers.14.attention.dense.weight]
Loading weights:  60%|#####9    | 174/292 [00:00<00:00, 2937.57it/s, Materializing param=gpt_neox.layers.14.attention.dense.weight]
Loading weights:  60%|#####9    | 175/292 [00:00<00:00, 2948.76it/s, Materializing param=gpt_neox.layers.14.attention.query_key_value.bias]
Loading weights:  60%|#####9    | 175/292 [00:00<00:00, 2945.67it/s, Materializing param=gpt_neox.layers.14.attention.query_key_value.bias]
Loading weights:  60%|######    | 176/292 [00:00<00:00, 2956.97it/s, Materializing param=gpt_neox.layers.14.attention.query_key_value.weight]
Loading weights:  60%|######    | 176/292 [00:00<00:00, 2953.92it/s, Materializing param=gpt_neox.layers.14.attention.query_key_value.weight]
Loading weights:  61%|######    | 177/292 [00:00<00:00, 2965.25it/s, Materializing param=gpt_neox.layers.14.input_layernorm.bias]            
Loading weights:  61%|######    | 177/292 [00:00<00:00, 2962.32it/s, Materializing param=gpt_neox.layers.14.input_layernorm.bias]
Loading weights:  61%|######    | 178/292 [00:00<00:00, 2973.69it/s, Materializing param=gpt_neox.layers.14.input_layernorm.weight]
Loading weights:  61%|######    | 178/292 [00:00<00:00, 2970.71it/s, Materializing param=gpt_neox.layers.14.input_layernorm.weight]
Loading weights:  61%|######1   | 179/292 [00:00<00:00, 2982.19it/s, Materializing param=gpt_neox.layers.14.mlp.dense_4h_to_h.bias]
Loading weights:  61%|######1   | 179/292 [00:00<00:00, 2979.17it/s, Materializing param=gpt_neox.layers.14.mlp.dense_4h_to_h.bias]
Loading weights:  62%|######1   | 180/292 [00:00<00:00, 2990.12it/s, Materializing param=gpt_neox.layers.14.mlp.dense_4h_to_h.weight]
Loading weights:  62%|######1   | 180/292 [00:00<00:00, 2987.20it/s, Materializing param=gpt_neox.layers.14.mlp.dense_4h_to_h.weight]
Loading weights:  62%|######1   | 181/292 [00:00<00:00, 2998.44it/s, Materializing param=gpt_neox.layers.14.mlp.dense_h_to_4h.bias]  
Loading weights:  62%|######1   | 181/292 [00:00<00:00, 2995.51it/s, Materializing param=gpt_neox.layers.14.mlp.dense_h_to_4h.bias]
Loading weights:  62%|######2   | 182/292 [00:00<00:00, 3006.80it/s, Materializing param=gpt_neox.layers.14.mlp.dense_h_to_4h.weight]
Loading weights:  62%|######2   | 182/292 [00:00<00:00, 3003.88it/s, Materializing param=gpt_neox.layers.14.mlp.dense_h_to_4h.weight]
Loading weights:  63%|######2   | 183/292 [00:00<00:00, 3015.19it/s, Materializing param=gpt_neox.layers.14.post_attention_layernorm.bias]
Loading weights:  63%|######2   | 183/292 [00:00<00:00, 3011.92it/s, Materializing param=gpt_neox.layers.14.post_attention_layernorm.bias]
Loading weights:  63%|######3   | 184/292 [00:00<00:00, 3023.03it/s, Materializing param=gpt_neox.layers.14.post_attention_layernorm.weight]
Loading weights:  63%|######3   | 184/292 [00:00<00:00, 3020.02it/s, Materializing param=gpt_neox.layers.14.post_attention_layernorm.weight]
Loading weights:  63%|######3   | 185/292 [00:00<00:00, 3031.19it/s, Materializing param=gpt_neox.layers.15.attention.dense.bias]           
Loading weights:  63%|######3   | 185/292 [00:00<00:00, 3028.28it/s, Materializing param=gpt_neox.layers.15.attention.dense.bias]
Loading weights:  64%|######3   | 186/292 [00:00<00:00, 3039.36it/s, Materializing param=gpt_neox.layers.15.attention.dense.weight]
Loading weights:  64%|######3   | 186/292 [00:00<00:00, 3036.64it/s, Materializing param=gpt_neox.layers.15.attention.dense.weight]
Loading weights:  64%|######4   | 187/292 [00:00<00:00, 3047.96it/s, Materializing param=gpt_neox.layers.15.attention.query_key_value.bias]
Loading weights:  64%|######4   | 187/292 [00:00<00:00, 3045.20it/s, Materializing param=gpt_neox.layers.15.attention.query_key_value.bias]
Loading weights:  64%|######4   | 188/292 [00:00<00:00, 3056.41it/s, Materializing param=gpt_neox.layers.15.attention.query_key_value.weight]
Loading weights:  64%|######4   | 188/292 [00:00<00:00, 3053.59it/s, Materializing param=gpt_neox.layers.15.attention.query_key_value.weight]
Loading weights:  65%|######4   | 189/292 [00:00<00:00, 3064.83it/s, Materializing param=gpt_neox.layers.15.input_layernorm.bias]            
Loading weights:  65%|######4   | 189/292 [00:00<00:00, 3062.09it/s, Materializing param=gpt_neox.layers.15.input_layernorm.bias]
Loading weights:  65%|######5   | 190/292 [00:00<00:00, 3073.45it/s, Materializing param=gpt_neox.layers.15.input_layernorm.weight]
Loading weights:  65%|######5   | 190/292 [00:00<00:00, 3070.74it/s, Materializing param=gpt_neox.layers.15.input_layernorm.weight]
Loading weights:  65%|######5   | 191/292 [00:00<00:00, 3082.04it/s, Materializing param=gpt_neox.layers.15.mlp.dense_4h_to_h.bias]
Loading weights:  65%|######5   | 191/292 [00:00<00:00, 3079.09it/s, Materializing param=gpt_neox.layers.15.mlp.dense_4h_to_h.bias]
Loading weights:  66%|######5   | 192/292 [00:00<00:00, 3089.77it/s, Materializing param=gpt_neox.layers.15.mlp.dense_4h_to_h.weight]
Loading weights:  66%|######5   | 192/292 [00:00<00:00, 3086.77it/s, Materializing param=gpt_neox.layers.15.mlp.dense_4h_to_h.weight]
Loading weights:  66%|######6   | 193/292 [00:00<00:00, 3097.65it/s, Materializing param=gpt_neox.layers.15.mlp.dense_h_to_4h.bias]  
Loading weights:  66%|######6   | 193/292 [00:00<00:00, 3094.76it/s, Materializing param=gpt_neox.layers.15.mlp.dense_h_to_4h.bias]
Loading weights:  66%|######6   | 194/292 [00:00<00:00, 3105.62it/s, Materializing param=gpt_neox.layers.15.mlp.dense_h_to_4h.weight]
Loading weights:  66%|######6   | 194/292 [00:00<00:00, 3102.73it/s, Materializing param=gpt_neox.layers.15.mlp.dense_h_to_4h.weight]
Loading weights:  67%|######6   | 195/292 [00:00<00:00, 3113.54it/s, Materializing param=gpt_neox.layers.15.post_attention_layernorm.bias]
Loading weights:  67%|######6   | 195/292 [00:00<00:00, 3110.61it/s, Materializing param=gpt_neox.layers.15.post_attention_layernorm.bias]
Loading weights:  67%|######7   | 196/292 [00:00<00:00, 3120.98it/s, Materializing param=gpt_neox.layers.15.post_attention_layernorm.weight]
Loading weights:  67%|######7   | 196/292 [00:00<00:00, 3117.99it/s, Materializing param=gpt_neox.layers.15.post_attention_layernorm.weight]
Loading weights:  67%|######7   | 197/292 [00:00<00:00, 3128.60it/s, Materializing param=gpt_neox.layers.16.attention.dense.bias]           
Loading weights:  67%|######7   | 197/292 [00:00<00:00, 3125.72it/s, Materializing param=gpt_neox.layers.16.attention.dense.bias]
Loading weights:  68%|######7   | 198/292 [00:00<00:00, 3136.14it/s, Materializing param=gpt_neox.layers.16.attention.dense.weight]
Loading weights:  68%|######7   | 198/292 [00:00<00:00, 3133.25it/s, Materializing param=gpt_neox.layers.16.attention.dense.weight]
Loading weights:  68%|######8   | 199/292 [00:00<00:00, 3143.73it/s, Materializing param=gpt_neox.layers.16.attention.query_key_value.bias]
Loading weights:  68%|######8   | 199/292 [00:00<00:00, 3140.71it/s, Materializing param=gpt_neox.layers.16.attention.query_key_value.bias]
Loading weights:  68%|######8   | 200/292 [00:00<00:00, 3151.20it/s, Materializing param=gpt_neox.layers.16.attention.query_key_value.weight]
Loading weights:  68%|######8   | 200/292 [00:00<00:00, 3148.22it/s, Materializing param=gpt_neox.layers.16.attention.query_key_value.weight]
Loading weights:  69%|######8   | 201/292 [00:00<00:00, 3158.72it/s, Materializing param=gpt_neox.layers.16.input_layernorm.bias]            
Loading weights:  69%|######8   | 201/292 [00:00<00:00, 3155.80it/s, Materializing param=gpt_neox.layers.16.input_layernorm.bias]
Loading weights:  69%|######9   | 202/292 [00:00<00:00, 3166.35it/s, Materializing param=gpt_neox.layers.16.input_layernorm.weight]
Loading weights:  69%|######9   | 202/292 [00:00<00:00, 3163.39it/s, Materializing param=gpt_neox.layers.16.input_layernorm.weight]
Loading weights:  70%|######9   | 203/292 [00:00<00:00, 3173.90it/s, Materializing param=gpt_neox.layers.16.mlp.dense_4h_to_h.bias]
Loading weights:  70%|######9   | 203/292 [00:00<00:00, 3170.98it/s, Materializing param=gpt_neox.layers.16.mlp.dense_4h_to_h.bias]
Loading weights:  70%|######9   | 204/292 [00:00<00:00, 3181.40it/s, Materializing param=gpt_neox.layers.16.mlp.dense_4h_to_h.weight]
Loading weights:  70%|######9   | 204/292 [00:00<00:00, 3178.36it/s, Materializing param=gpt_neox.layers.16.mlp.dense_4h_to_h.weight]
Loading weights:  70%|#######   | 205/292 [00:00<00:00, 3188.89it/s, Materializing param=gpt_neox.layers.16.mlp.dense_h_to_4h.bias]  
Loading weights:  70%|#######   | 205/292 [00:00<00:00, 3185.97it/s, Materializing param=gpt_neox.layers.16.mlp.dense_h_to_4h.bias]
Loading weights:  71%|#######   | 206/292 [00:00<00:00, 3196.45it/s, Materializing param=gpt_neox.layers.16.mlp.dense_h_to_4h.weight]
Loading weights:  71%|#######   | 206/292 [00:00<00:00, 3193.57it/s, Materializing param=gpt_neox.layers.16.mlp.dense_h_to_4h.weight]
Loading weights:  71%|#######   | 207/292 [00:00<00:00, 3203.96it/s, Materializing param=gpt_neox.layers.16.post_attention_layernorm.bias]
Loading weights:  71%|#######   | 207/292 [00:00<00:00, 3201.00it/s, Materializing param=gpt_neox.layers.16.post_attention_layernorm.bias]
Loading weights:  71%|#######1  | 208/292 [00:00<00:00, 3210.78it/s, Materializing param=gpt_neox.layers.16.post_attention_layernorm.weight]
Loading weights:  71%|#######1  | 208/292 [00:00<00:00, 3207.75it/s, Materializing param=gpt_neox.layers.16.post_attention_layernorm.weight]
Loading weights:  72%|#######1  | 209/292 [00:00<00:00, 3218.00it/s, Materializing param=gpt_neox.layers.17.attention.dense.bias]           
Loading weights:  72%|#######1  | 209/292 [00:00<00:00, 3215.11it/s, Materializing param=gpt_neox.layers.17.attention.dense.bias]
Loading weights:  72%|#######1  | 210/292 [00:00<00:00, 3225.24it/s, Materializing param=gpt_neox.layers.17.attention.dense.weight]
Loading weights:  72%|#######1  | 210/292 [00:00<00:00, 3222.36it/s, Materializing param=gpt_neox.layers.17.attention.dense.weight]
Loading weights:  72%|#######2  | 211/292 [00:00<00:00, 3232.55it/s, Materializing param=gpt_neox.layers.17.attention.query_key_value.bias]
Loading weights:  72%|#######2  | 211/292 [00:00<00:00, 3229.61it/s, Materializing param=gpt_neox.layers.17.attention.query_key_value.bias]
Loading weights:  73%|#######2  | 212/292 [00:00<00:00, 3239.72it/s, Materializing param=gpt_neox.layers.17.attention.query_key_value.weight]
Loading weights:  73%|#######2  | 212/292 [00:00<00:00, 3236.78it/s, Materializing param=gpt_neox.layers.17.attention.query_key_value.weight]
Loading weights:  73%|#######2  | 213/292 [00:00<00:00, 3246.79it/s, Materializing param=gpt_neox.layers.17.input_layernorm.bias]            
Loading weights:  73%|#######2  | 213/292 [00:00<00:00, 3243.90it/s, Materializing param=gpt_neox.layers.17.input_layernorm.bias]
Loading weights:  73%|#######3  | 214/292 [00:00<00:00, 3254.15it/s, Materializing param=gpt_neox.layers.17.input_layernorm.weight]
Loading weights:  73%|#######3  | 214/292 [00:00<00:00, 3251.22it/s, Materializing param=gpt_neox.layers.17.input_layernorm.weight]
Loading weights:  74%|#######3  | 215/292 [00:00<00:00, 3261.25it/s, Materializing param=gpt_neox.layers.17.mlp.dense_4h_to_h.bias]
Loading weights:  74%|#######3  | 215/292 [00:00<00:00, 3258.31it/s, Materializing param=gpt_neox.layers.17.mlp.dense_4h_to_h.bias]
Loading weights:  74%|#######3  | 216/292 [00:00<00:00, 3267.90it/s, Materializing param=gpt_neox.layers.17.mlp.dense_4h_to_h.weight]
Loading weights:  74%|#######3  | 216/292 [00:00<00:00, 3264.94it/s, Materializing param=gpt_neox.layers.17.mlp.dense_4h_to_h.weight]
Loading weights:  74%|#######4  | 217/292 [00:00<00:00, 3274.82it/s, Materializing param=gpt_neox.layers.17.mlp.dense_h_to_4h.bias]  
Loading weights:  74%|#######4  | 217/292 [00:00<00:00, 3271.95it/s, Materializing param=gpt_neox.layers.17.mlp.dense_h_to_4h.bias]
Loading weights:  75%|#######4  | 218/292 [00:00<00:00, 3281.93it/s, Materializing param=gpt_neox.layers.17.mlp.dense_h_to_4h.weight]
Loading weights:  75%|#######4  | 218/292 [00:00<00:00, 3279.02it/s, Materializing param=gpt_neox.layers.17.mlp.dense_h_to_4h.weight]
Loading weights:  75%|#######5  | 219/292 [00:00<00:00, 3288.93it/s, Materializing param=gpt_neox.layers.17.post_attention_layernorm.bias]
Loading weights:  75%|#######5  | 219/292 [00:00<00:00, 3286.01it/s, Materializing param=gpt_neox.layers.17.post_attention_layernorm.bias]
Loading weights:  75%|#######5  | 220/292 [00:00<00:00, 3295.94it/s, Materializing param=gpt_neox.layers.17.post_attention_layernorm.weight]
Loading weights:  75%|#######5  | 220/292 [00:00<00:00, 3292.66it/s, Materializing param=gpt_neox.layers.17.post_attention_layernorm.weight]
Loading weights:  76%|#######5  | 221/292 [00:00<00:00, 3302.50it/s, Materializing param=gpt_neox.layers.18.attention.dense.bias]           
Loading weights:  76%|#######5  | 221/292 [00:00<00:00, 3299.63it/s, Materializing param=gpt_neox.layers.18.attention.dense.bias]
Loading weights:  76%|#######6  | 222/292 [00:00<00:00, 3309.28it/s, Materializing param=gpt_neox.layers.18.attention.dense.weight]
Loading weights:  76%|#######6  | 222/292 [00:00<00:00, 3306.41it/s, Materializing param=gpt_neox.layers.18.attention.dense.weight]
Loading weights:  76%|#######6  | 223/292 [00:00<00:00, 3315.73it/s, Materializing param=gpt_neox.layers.18.attention.query_key_value.bias]
Loading weights:  76%|#######6  | 223/292 [00:00<00:00, 3312.74it/s, Materializing param=gpt_neox.layers.18.attention.query_key_value.bias]
Loading weights:  77%|#######6  | 224/292 [00:00<00:00, 3322.31it/s, Materializing param=gpt_neox.layers.18.attention.query_key_value.weight]
Loading weights:  77%|#######6  | 224/292 [00:00<00:00, 3319.36it/s, Materializing param=gpt_neox.layers.18.attention.query_key_value.weight]
Loading weights:  77%|#######7  | 225/292 [00:00<00:00, 3328.98it/s, Materializing param=gpt_neox.layers.18.input_layernorm.bias]            
Loading weights:  77%|#######7  | 225/292 [00:00<00:00, 3326.13it/s, Materializing param=gpt_neox.layers.18.input_layernorm.bias]
Loading weights:  77%|#######7  | 226/292 [00:00<00:00, 3335.84it/s, Materializing param=gpt_neox.layers.18.input_layernorm.weight]
Loading weights:  77%|#######7  | 226/292 [00:00<00:00, 3332.97it/s, Materializing param=gpt_neox.layers.18.input_layernorm.weight]
Loading weights:  78%|#######7  | 227/292 [00:00<00:00, 3342.66it/s, Materializing param=gpt_neox.layers.18.mlp.dense_4h_to_h.bias]
Loading weights:  78%|#######7  | 227/292 [00:00<00:00, 3339.79it/s, Materializing param=gpt_neox.layers.18.mlp.dense_4h_to_h.bias]
Loading weights:  78%|#######8  | 228/292 [00:00<00:00, 3349.33it/s, Materializing param=gpt_neox.layers.18.mlp.dense_4h_to_h.weight]
Loading weights:  78%|#######8  | 228/292 [00:00<00:00, 3346.44it/s, Materializing param=gpt_neox.layers.18.mlp.dense_4h_to_h.weight]
Loading weights:  78%|#######8  | 229/292 [00:00<00:00, 3355.92it/s, Materializing param=gpt_neox.layers.18.mlp.dense_h_to_4h.bias]  
Loading weights:  78%|#######8  | 229/292 [00:00<00:00, 3353.08it/s, Materializing param=gpt_neox.layers.18.mlp.dense_h_to_4h.bias]
Loading weights:  79%|#######8  | 230/292 [00:00<00:00, 3362.58it/s, Materializing param=gpt_neox.layers.18.mlp.dense_h_to_4h.weight]
Loading weights:  79%|#######8  | 230/292 [00:00<00:00, 3359.70it/s, Materializing param=gpt_neox.layers.18.mlp.dense_h_to_4h.weight]
Loading weights:  79%|#######9  | 231/292 [00:00<00:00, 3369.00it/s, Materializing param=gpt_neox.layers.18.post_attention_layernorm.bias]
Loading weights:  79%|#######9  | 231/292 [00:00<00:00, 3366.04it/s, Materializing param=gpt_neox.layers.18.post_attention_layernorm.bias]
Loading weights:  79%|#######9  | 232/292 [00:00<00:00, 3375.37it/s, Materializing param=gpt_neox.layers.18.post_attention_layernorm.weight]
Loading weights:  79%|#######9  | 232/292 [00:00<00:00, 3372.15it/s, Materializing param=gpt_neox.layers.18.post_attention_layernorm.weight]
Loading weights:  80%|#######9  | 233/292 [00:00<00:00, 3381.52it/s, Materializing param=gpt_neox.layers.19.attention.dense.bias]           
Loading weights:  80%|#######9  | 233/292 [00:00<00:00, 3378.68it/s, Materializing param=gpt_neox.layers.19.attention.dense.bias]
Loading weights:  80%|########  | 234/292 [00:00<00:00, 3388.00it/s, Materializing param=gpt_neox.layers.19.attention.dense.weight]
Loading weights:  80%|########  | 234/292 [00:00<00:00, 3385.16it/s, Materializing param=gpt_neox.layers.19.attention.dense.weight]
Loading weights:  80%|########  | 235/292 [00:00<00:00, 3394.50it/s, Materializing param=gpt_neox.layers.19.attention.query_key_value.bias]
Loading weights:  80%|########  | 235/292 [00:00<00:00, 3391.56it/s, Materializing param=gpt_neox.layers.19.attention.query_key_value.bias]
Loading weights:  81%|########  | 236/292 [00:00<00:00, 3400.78it/s, Materializing param=gpt_neox.layers.19.attention.query_key_value.weight]
Loading weights:  81%|########  | 236/292 [00:00<00:00, 3397.89it/s, Materializing param=gpt_neox.layers.19.attention.query_key_value.weight]
Loading weights:  81%|########1 | 237/292 [00:00<00:00, 3407.10it/s, Materializing param=gpt_neox.layers.19.input_layernorm.bias]            
Loading weights:  81%|########1 | 237/292 [00:00<00:00, 3404.25it/s, Materializing param=gpt_neox.layers.19.input_layernorm.bias]
Loading weights:  82%|########1 | 238/292 [00:00<00:00, 3413.34it/s, Materializing param=gpt_neox.layers.19.input_layernorm.weight]
Loading weights:  82%|########1 | 238/292 [00:00<00:00, 3410.47it/s, Materializing param=gpt_neox.layers.19.input_layernorm.weight]
Loading weights:  82%|########1 | 239/292 [00:00<00:00, 3419.67it/s, Materializing param=gpt_neox.layers.19.mlp.dense_4h_to_h.bias]
Loading weights:  82%|########1 | 239/292 [00:00<00:00, 3416.85it/s, Materializing param=gpt_neox.layers.19.mlp.dense_4h_to_h.bias]
Loading weights:  82%|########2 | 240/292 [00:00<00:00, 3425.91it/s, Materializing param=gpt_neox.layers.19.mlp.dense_4h_to_h.weight]
Loading weights:  82%|########2 | 240/292 [00:00<00:00, 3423.08it/s, Materializing param=gpt_neox.layers.19.mlp.dense_4h_to_h.weight]
Loading weights:  83%|########2 | 241/292 [00:00<00:00, 3432.25it/s, Materializing param=gpt_neox.layers.19.mlp.dense_h_to_4h.bias]  
Loading weights:  83%|########2 | 241/292 [00:00<00:00, 3429.38it/s, Materializing param=gpt_neox.layers.19.mlp.dense_h_to_4h.bias]
Loading weights:  83%|########2 | 242/292 [00:00<00:00, 3438.43it/s, Materializing param=gpt_neox.layers.19.mlp.dense_h_to_4h.weight]
Loading weights:  83%|########2 | 242/292 [00:00<00:00, 3435.55it/s, Materializing param=gpt_neox.layers.19.mlp.dense_h_to_4h.weight]
Loading weights:  83%|########3 | 243/292 [00:00<00:00, 3444.55it/s, Materializing param=gpt_neox.layers.19.post_attention_layernorm.bias]
Loading weights:  83%|########3 | 243/292 [00:00<00:00, 3441.67it/s, Materializing param=gpt_neox.layers.19.post_attention_layernorm.bias]
Loading weights:  84%|########3 | 244/292 [00:00<00:00, 3450.66it/s, Materializing param=gpt_neox.layers.19.post_attention_layernorm.weight]
Loading weights:  84%|########3 | 244/292 [00:00<00:00, 3447.75it/s, Materializing param=gpt_neox.layers.19.post_attention_layernorm.weight]
Loading weights:  84%|########3 | 245/292 [00:00<00:00, 3456.21it/s, Materializing param=gpt_neox.layers.20.attention.dense.bias]           
Loading weights:  84%|########3 | 245/292 [00:00<00:00, 3453.29it/s, Materializing param=gpt_neox.layers.20.attention.dense.bias]
Loading weights:  84%|########4 | 246/292 [00:00<00:00, 3462.08it/s, Materializing param=gpt_neox.layers.20.attention.dense.weight]
Loading weights:  84%|########4 | 246/292 [00:00<00:00, 3459.14it/s, Materializing param=gpt_neox.layers.20.attention.dense.weight]
Loading weights:  85%|########4 | 247/292 [00:00<00:00, 3468.04it/s, Materializing param=gpt_neox.layers.20.attention.query_key_value.bias]
Loading weights:  85%|########4 | 247/292 [00:00<00:00, 3465.13it/s, Materializing param=gpt_neox.layers.20.attention.query_key_value.bias]
Loading weights:  85%|########4 | 248/292 [00:00<00:00, 3474.11it/s, Materializing param=gpt_neox.layers.20.attention.query_key_value.weight]
Loading weights:  85%|########4 | 248/292 [00:00<00:00, 3471.18it/s, Materializing param=gpt_neox.layers.20.attention.query_key_value.weight]
Loading weights:  85%|########5 | 249/292 [00:00<00:00, 3480.07it/s, Materializing param=gpt_neox.layers.20.input_layernorm.bias]            
Loading weights:  85%|########5 | 249/292 [00:00<00:00, 3477.24it/s, Materializing param=gpt_neox.layers.20.input_layernorm.bias]
Loading weights:  86%|########5 | 250/292 [00:00<00:00, 3486.08it/s, Materializing param=gpt_neox.layers.20.input_layernorm.weight]
Loading weights:  86%|########5 | 250/292 [00:00<00:00, 3483.27it/s, Materializing param=gpt_neox.layers.20.input_layernorm.weight]
Loading weights:  86%|########5 | 251/292 [00:00<00:00, 3492.20it/s, Materializing param=gpt_neox.layers.20.mlp.dense_4h_to_h.bias]
Loading weights:  86%|########5 | 251/292 [00:00<00:00, 3489.36it/s, Materializing param=gpt_neox.layers.20.mlp.dense_4h_to_h.bias]
Loading weights:  86%|########6 | 252/292 [00:00<00:00, 3498.21it/s, Materializing param=gpt_neox.layers.20.mlp.dense_4h_to_h.weight]
Loading weights:  86%|########6 | 252/292 [00:00<00:00, 3495.40it/s, Materializing param=gpt_neox.layers.20.mlp.dense_4h_to_h.weight]
Loading weights:  87%|########6 | 253/292 [00:00<00:00, 3504.18it/s, Materializing param=gpt_neox.layers.20.mlp.dense_h_to_4h.bias]  
Loading weights:  87%|########6 | 253/292 [00:00<00:00, 3501.27it/s, Materializing param=gpt_neox.layers.20.mlp.dense_h_to_4h.bias]
Loading weights:  87%|########6 | 254/292 [00:00<00:00, 3509.66it/s, Materializing param=gpt_neox.layers.20.mlp.dense_h_to_4h.weight]
Loading weights:  87%|########6 | 254/292 [00:00<00:00, 3506.82it/s, Materializing param=gpt_neox.layers.20.mlp.dense_h_to_4h.weight]
Loading weights:  87%|########7 | 255/292 [00:00<00:00, 3515.58it/s, Materializing param=gpt_neox.layers.20.post_attention_layernorm.bias]
Loading weights:  87%|########7 | 255/292 [00:00<00:00, 3512.73it/s, Materializing param=gpt_neox.layers.20.post_attention_layernorm.bias]
Loading weights:  88%|########7 | 256/292 [00:00<00:00, 3521.49it/s, Materializing param=gpt_neox.layers.20.post_attention_layernorm.weight]
Loading weights:  88%|########7 | 256/292 [00:00<00:00, 3518.64it/s, Materializing param=gpt_neox.layers.20.post_attention_layernorm.weight]
Loading weights:  88%|########8 | 257/292 [00:00<00:00, 3526.95it/s, Materializing param=gpt_neox.layers.21.attention.dense.bias]           
Loading weights:  88%|########8 | 257/292 [00:00<00:00, 3524.12it/s, Materializing param=gpt_neox.layers.21.attention.dense.bias]
Loading weights:  88%|########8 | 258/292 [00:00<00:00, 3532.75it/s, Materializing param=gpt_neox.layers.21.attention.dense.weight]
Loading weights:  88%|########8 | 258/292 [00:00<00:00, 3529.84it/s, Materializing param=gpt_neox.layers.21.attention.dense.weight]
Loading weights:  89%|########8 | 259/292 [00:00<00:00, 3538.45it/s, Materializing param=gpt_neox.layers.21.attention.query_key_value.bias]
Loading weights:  89%|########8 | 259/292 [00:00<00:00, 3535.50it/s, Materializing param=gpt_neox.layers.21.attention.query_key_value.bias]
Loading weights:  89%|########9 | 260/292 [00:00<00:00, 3539.32it/s, Materializing param=gpt_neox.layers.21.attention.query_key_value.weight]
Loading weights:  89%|########9 | 260/292 [00:00<00:00, 3536.03it/s, Materializing param=gpt_neox.layers.21.attention.query_key_value.weight]
Loading weights:  89%|########9 | 261/292 [00:00<00:00, 3544.29it/s, Materializing param=gpt_neox.layers.21.input_layernorm.bias]            
Loading weights:  89%|########9 | 261/292 [00:00<00:00, 3541.40it/s, Materializing param=gpt_neox.layers.21.input_layernorm.bias]
Loading weights:  90%|########9 | 262/292 [00:00<00:00, 3544.17it/s, Materializing param=gpt_neox.layers.21.input_layernorm.weight]
Loading weights:  90%|########9 | 262/292 [00:00<00:00, 3540.33it/s, Materializing param=gpt_neox.layers.21.input_layernorm.weight]
Loading weights:  90%|######### | 263/292 [00:00<00:00, 3542.09it/s, Materializing param=gpt_neox.layers.21.mlp.dense_4h_to_h.bias]
Loading weights:  90%|######### | 263/292 [00:00<00:00, 3537.53it/s, Materializing param=gpt_neox.layers.21.mlp.dense_4h_to_h.bias]
Loading weights:  90%|######### | 264/292 [00:00<00:00, 3544.35it/s, Materializing param=gpt_neox.layers.21.mlp.dense_4h_to_h.weight]
Loading weights:  90%|######### | 264/292 [00:00<00:00, 3541.22it/s, Materializing param=gpt_neox.layers.21.mlp.dense_4h_to_h.weight]
Loading weights:  91%|######### | 265/292 [00:00<00:00, 3548.51it/s, Materializing param=gpt_neox.layers.21.mlp.dense_h_to_4h.bias]  
Loading weights:  91%|######### | 265/292 [00:00<00:00, 3545.51it/s, Materializing param=gpt_neox.layers.21.mlp.dense_h_to_4h.bias]
Loading weights:  91%|#########1| 266/292 [00:00<00:00, 3553.00it/s, Materializing param=gpt_neox.layers.21.mlp.dense_h_to_4h.weight]
Loading weights:  91%|#########1| 266/292 [00:00<00:00, 3550.04it/s, Materializing param=gpt_neox.layers.21.mlp.dense_h_to_4h.weight]
Loading weights:  91%|#########1| 267/292 [00:00<00:00, 3558.05it/s, Materializing param=gpt_neox.layers.21.post_attention_layernorm.bias]
Loading weights:  91%|#########1| 267/292 [00:00<00:00, 3555.10it/s, Materializing param=gpt_neox.layers.21.post_attention_layernorm.bias]
Loading weights:  92%|#########1| 268/292 [00:00<00:00, 3563.25it/s, Materializing param=gpt_neox.layers.21.post_attention_layernorm.weight]
Loading weights:  92%|#########1| 268/292 [00:00<00:00, 3560.36it/s, Materializing param=gpt_neox.layers.21.post_attention_layernorm.weight]
Loading weights:  92%|#########2| 269/292 [00:00<00:00, 3568.29it/s, Materializing param=gpt_neox.layers.22.attention.dense.bias]           
Loading weights:  92%|#########2| 269/292 [00:00<00:00, 3565.41it/s, Materializing param=gpt_neox.layers.22.attention.dense.bias]
Loading weights:  92%|#########2| 270/292 [00:00<00:00, 3573.57it/s, Materializing param=gpt_neox.layers.22.attention.dense.weight]
Loading weights:  92%|#########2| 270/292 [00:00<00:00, 3570.71it/s, Materializing param=gpt_neox.layers.22.attention.dense.weight]
Loading weights:  93%|#########2| 271/292 [00:00<00:00, 3579.03it/s, Materializing param=gpt_neox.layers.22.attention.query_key_value.bias]
Loading weights:  93%|#########2| 271/292 [00:00<00:00, 3576.17it/s, Materializing param=gpt_neox.layers.22.attention.query_key_value.bias]
Loading weights:  93%|#########3| 272/292 [00:00<00:00, 3584.46it/s, Materializing param=gpt_neox.layers.22.attention.query_key_value.weight]
Loading weights:  93%|#########3| 272/292 [00:00<00:00, 3581.58it/s, Materializing param=gpt_neox.layers.22.attention.query_key_value.weight]
Loading weights:  93%|#########3| 273/292 [00:00<00:00, 3589.70it/s, Materializing param=gpt_neox.layers.22.input_layernorm.bias]            
Loading weights:  93%|#########3| 273/292 [00:00<00:00, 3586.76it/s, Materializing param=gpt_neox.layers.22.input_layernorm.bias]
Loading weights:  94%|#########3| 274/292 [00:00<00:00, 3594.57it/s, Materializing param=gpt_neox.layers.22.input_layernorm.weight]
Loading weights:  94%|#########3| 274/292 [00:00<00:00, 3591.73it/s, Materializing param=gpt_neox.layers.22.input_layernorm.weight]
Loading weights:  94%|#########4| 275/292 [00:00<00:00, 3598.74it/s, Materializing param=gpt_neox.layers.22.mlp.dense_4h_to_h.bias]
Loading weights:  94%|#########4| 275/292 [00:00<00:00, 3595.94it/s, Materializing param=gpt_neox.layers.22.mlp.dense_4h_to_h.bias]
Loading weights:  95%|#########4| 276/292 [00:00<00:00, 3603.94it/s, Materializing param=gpt_neox.layers.22.mlp.dense_4h_to_h.weight]
Loading weights:  95%|#########4| 276/292 [00:00<00:00, 3601.11it/s, Materializing param=gpt_neox.layers.22.mlp.dense_4h_to_h.weight]
Loading weights:  95%|#########4| 277/292 [00:00<00:00, 3609.03it/s, Materializing param=gpt_neox.layers.22.mlp.dense_h_to_4h.bias]  
Loading weights:  95%|#########4| 277/292 [00:00<00:00, 3606.15it/s, Materializing param=gpt_neox.layers.22.mlp.dense_h_to_4h.bias]
Loading weights:  95%|#########5| 278/292 [00:00<00:00, 3613.89it/s, Materializing param=gpt_neox.layers.22.mlp.dense_h_to_4h.weight]
Loading weights:  95%|#########5| 278/292 [00:00<00:00, 3611.05it/s, Materializing param=gpt_neox.layers.22.mlp.dense_h_to_4h.weight]
Loading weights:  96%|#########5| 279/292 [00:00<00:00, 3619.00it/s, Materializing param=gpt_neox.layers.22.post_attention_layernorm.bias]
Loading weights:  96%|#########5| 279/292 [00:00<00:00, 3616.04it/s, Materializing param=gpt_neox.layers.22.post_attention_layernorm.bias]
Loading weights:  96%|#########5| 280/292 [00:00<00:00, 3623.52it/s, Materializing param=gpt_neox.layers.22.post_attention_layernorm.weight]
Loading weights:  96%|#########5| 280/292 [00:00<00:00, 3620.33it/s, Materializing param=gpt_neox.layers.22.post_attention_layernorm.weight]
Loading weights:  96%|#########6| 281/292 [00:00<00:00, 3628.17it/s, Materializing param=gpt_neox.layers.23.attention.dense.bias]           
Loading weights:  96%|#########6| 281/292 [00:00<00:00, 3625.33it/s, Materializing param=gpt_neox.layers.23.attention.dense.bias]
Loading weights:  97%|#########6| 282/292 [00:00<00:00, 3633.02it/s, Materializing param=gpt_neox.layers.23.attention.dense.weight]
Loading weights:  97%|#########6| 282/292 [00:00<00:00, 3630.19it/s, Materializing param=gpt_neox.layers.23.attention.dense.weight]
Loading weights:  97%|#########6| 283/292 [00:00<00:00, 3637.83it/s, Materializing param=gpt_neox.layers.23.attention.query_key_value.bias]
Loading weights:  97%|#########6| 283/292 [00:00<00:00, 3634.97it/s, Materializing param=gpt_neox.layers.23.attention.query_key_value.bias]
Loading weights:  97%|#########7| 284/292 [00:00<00:00, 3642.83it/s, Materializing param=gpt_neox.layers.23.attention.query_key_value.weight]
Loading weights:  97%|#########7| 284/292 [00:00<00:00, 3639.99it/s, Materializing param=gpt_neox.layers.23.attention.query_key_value.weight]
Loading weights:  98%|#########7| 285/292 [00:00<00:00, 3647.78it/s, Materializing param=gpt_neox.layers.23.input_layernorm.bias]            
Loading weights:  98%|#########7| 285/292 [00:00<00:00, 3645.15it/s, Materializing param=gpt_neox.layers.23.input_layernorm.bias]
Loading weights:  98%|#########7| 286/292 [00:00<00:00, 3653.13it/s, Materializing param=gpt_neox.layers.23.input_layernorm.weight]
Loading weights:  98%|#########7| 286/292 [00:00<00:00, 3650.03it/s, Materializing param=gpt_neox.layers.23.input_layernorm.weight]
Loading weights:  98%|#########8| 287/292 [00:00<00:00, 3657.84it/s, Materializing param=gpt_neox.layers.23.mlp.dense_4h_to_h.bias]
Loading weights:  98%|#########8| 287/292 [00:00<00:00, 3655.07it/s, Materializing param=gpt_neox.layers.23.mlp.dense_4h_to_h.bias]
Loading weights:  99%|#########8| 288/292 [00:00<00:00, 3662.73it/s, Materializing param=gpt_neox.layers.23.mlp.dense_4h_to_h.weight]
Loading weights:  99%|#########8| 288/292 [00:00<00:00, 3659.93it/s, Materializing param=gpt_neox.layers.23.mlp.dense_4h_to_h.weight]
Loading weights:  99%|#########8| 289/292 [00:00<00:00, 3667.44it/s, Materializing param=gpt_neox.layers.23.mlp.dense_h_to_4h.bias]  
Loading weights:  99%|#########8| 289/292 [00:00<00:00, 3664.62it/s, Materializing param=gpt_neox.layers.23.mlp.dense_h_to_4h.bias]
Loading weights:  99%|#########9| 290/292 [00:00<00:00, 3672.32it/s, Materializing param=gpt_neox.layers.23.mlp.dense_h_to_4h.weight]
Loading weights:  99%|#########9| 290/292 [00:00<00:00, 3669.54it/s, Materializing param=gpt_neox.layers.23.mlp.dense_h_to_4h.weight]
Loading weights: 100%|#########9| 291/292 [00:00<00:00, 3677.27it/s, Materializing param=gpt_neox.layers.23.post_attention_layernorm.bias]
Loading weights: 100%|#########9| 291/292 [00:00<00:00, 3674.48it/s, Materializing param=gpt_neox.layers.23.post_attention_layernorm.bias]
Loading weights: 100%|##########| 292/292 [00:00<00:00, 3681.76it/s, Materializing param=gpt_neox.layers.23.post_attention_layernorm.weight]
Loading weights: 100%|##########| 292/292 [00:00<00:00, 3678.94it/s, Materializing param=gpt_neox.layers.23.post_attention_layernorm.weight]
Loading weights: 100%|##########| 292/292 [00:00<00:00, 3672.88it/s, Materializing param=gpt_neox.layers.23.post_attention_layernorm.weight]

Loading weights:   0%|          | 0/292 [00:00<?, ?it/s]
Loading weights:   0%|          | 1/292 [00:00<00:00, 41120.63it/s, Materializing param=embed_out.weight]
Loading weights:   0%|          | 1/292 [00:00<00:00, 2884.67it/s, Materializing param=embed_out.weight] 
Loading weights:   1%|          | 2/292 [00:00<00:00, 3840.94it/s, Materializing param=gpt_neox.embed_in.weight]
Loading weights:   1%|          | 2/292 [00:00<00:00, 3400.33it/s, Materializing param=gpt_neox.embed_in.weight]
Loading weights:   1%|1         | 3/292 [00:00<00:00, 4092.00it/s, Materializing param=gpt_neox.final_layer_norm.bias]
Loading weights:   1%|1         | 3/292 [00:00<00:00, 3750.50it/s, Materializing param=gpt_neox.final_layer_norm.bias]
Loading weights:   1%|1         | 4/292 [00:00<00:00, 2548.18it/s, Materializing param=gpt_neox.final_layer_norm.weight]
Loading weights:   1%|1         | 4/292 [00:00<00:00, 2129.63it/s, Materializing param=gpt_neox.final_layer_norm.weight]
Loading weights:   2%|1         | 5/292 [00:00<00:00, 2334.06it/s, Materializing param=gpt_neox.layers.0.attention.dense.bias]
Loading weights:   2%|1         | 5/292 [00:00<00:00, 2221.79it/s, Materializing param=gpt_neox.layers.0.attention.dense.bias]
Loading weights:   2%|2         | 6/292 [00:00<00:00, 2141.23it/s, Materializing param=gpt_neox.layers.0.attention.dense.weight]
Loading weights:   2%|2         | 6/292 [00:00<00:00, 2060.24it/s, Materializing param=gpt_neox.layers.0.attention.dense.weight]
Loading weights:   2%|2         | 7/292 [00:00<00:00, 2089.69it/s, Materializing param=gpt_neox.layers.0.attention.query_key_value.bias]
Loading weights:   2%|2         | 7/292 [00:00<00:00, 1973.79it/s, Materializing param=gpt_neox.layers.0.attention.query_key_value.bias]
Loading weights:   3%|2         | 8/292 [00:00<00:00, 1747.54it/s, Materializing param=gpt_neox.layers.0.attention.query_key_value.weight]
Loading weights:   3%|2         | 8/292 [00:00<00:00, 1605.09it/s, Materializing param=gpt_neox.layers.0.attention.query_key_value.weight]
Loading weights:   3%|3         | 9/292 [00:00<00:00, 1670.52it/s, Materializing param=gpt_neox.layers.0.input_layernorm.bias]            
Loading weights:   3%|3         | 9/292 [00:00<00:00, 1483.83it/s, Materializing param=gpt_neox.layers.0.input_layernorm.bias]
Loading weights:   3%|3         | 10/292 [00:00<00:00, 1553.33it/s, Materializing param=gpt_neox.layers.0.input_layernorm.weight]
Loading weights:   3%|3         | 10/292 [00:00<00:00, 1467.82it/s, Materializing param=gpt_neox.layers.0.input_layernorm.weight]
Loading weights:   4%|3         | 11/292 [00:00<00:00, 1448.72it/s, Materializing param=gpt_neox.layers.0.mlp.dense_4h_to_h.bias]
Loading weights:   4%|3         | 11/292 [00:00<00:00, 1280.03it/s, Materializing param=gpt_neox.layers.0.mlp.dense_4h_to_h.bias]
Loading weights:   4%|4         | 12/292 [00:00<00:00, 1294.70it/s, Materializing param=gpt_neox.layers.0.mlp.dense_4h_to_h.weight]
Loading weights:   4%|4         | 12/292 [00:00<00:00, 1279.66it/s, Materializing param=gpt_neox.layers.0.mlp.dense_4h_to_h.weight]
Loading weights:   4%|4         | 13/292 [00:00<00:00, 1326.08it/s, Materializing param=gpt_neox.layers.0.mlp.dense_h_to_4h.bias]  
Loading weights:   4%|4         | 13/292 [00:00<00:00, 1242.36it/s, Materializing param=gpt_neox.layers.0.mlp.dense_h_to_4h.bias]
Loading weights:   5%|4         | 14/292 [00:00<00:00, 1301.91it/s, Materializing param=gpt_neox.layers.0.mlp.dense_h_to_4h.weight]
Loading weights:   5%|4         | 14/292 [00:00<00:00, 1293.94it/s, Materializing param=gpt_neox.layers.0.mlp.dense_h_to_4h.weight]
Loading weights:   5%|5         | 15/292 [00:00<00:00, 1327.76it/s, Materializing param=gpt_neox.layers.0.post_attention_layernorm.bias]
Loading weights:   5%|5         | 15/292 [00:00<00:00, 1295.07it/s, Materializing param=gpt_neox.layers.0.post_attention_layernorm.bias]
Loading weights:   5%|5         | 16/292 [00:00<00:00, 1246.45it/s, Materializing param=gpt_neox.layers.0.post_attention_layernorm.weight]
Loading weights:   5%|5         | 16/292 [00:00<00:00, 1227.71it/s, Materializing param=gpt_neox.layers.0.post_attention_layernorm.weight]
Loading weights:   6%|5         | 17/292 [00:00<00:00, 1188.11it/s, Materializing param=gpt_neox.layers.1.attention.dense.bias]           
Loading weights:   6%|5         | 17/292 [00:00<00:00, 1157.16it/s, Materializing param=gpt_neox.layers.1.attention.dense.bias]
Loading weights:   6%|6         | 18/292 [00:00<00:00, 1180.44it/s, Materializing param=gpt_neox.layers.1.attention.dense.weight]
Loading weights:   6%|6         | 18/292 [00:00<00:00, 1161.18it/s, Materializing param=gpt_neox.layers.1.attention.dense.weight]
Loading weights:   7%|6         | 19/292 [00:00<00:00, 1176.92it/s, Materializing param=gpt_neox.layers.1.attention.query_key_value.bias]
Loading weights:   7%|6         | 19/292 [00:00<00:00, 1135.32it/s, Materializing param=gpt_neox.layers.1.attention.query_key_value.bias]
Loading weights:   7%|6         | 20/292 [00:00<00:00, 1140.58it/s, Materializing param=gpt_neox.layers.1.attention.query_key_value.weight]
Loading weights:   7%|6         | 20/292 [00:00<00:00, 1133.93it/s, Materializing param=gpt_neox.layers.1.attention.query_key_value.weight]
Loading weights:   7%|7         | 21/292 [00:00<00:00, 1143.41it/s, Materializing param=gpt_neox.layers.1.input_layernorm.bias]            
Loading weights:   7%|7         | 21/292 [00:00<00:00, 1137.74it/s, Materializing param=gpt_neox.layers.1.input_layernorm.bias]
Loading weights:   8%|7         | 22/292 [00:00<00:00, 1167.44it/s, Materializing param=gpt_neox.layers.1.input_layernorm.weight]
Loading weights:   8%|7         | 22/292 [00:00<00:00, 1148.02it/s, Materializing param=gpt_neox.layers.1.input_layernorm.weight]
Loading weights:   8%|7         | 23/292 [00:00<00:00, 1125.88it/s, Materializing param=gpt_neox.layers.1.mlp.dense_4h_to_h.bias]
Loading weights:   8%|7         | 23/292 [00:00<00:00, 1108.93it/s, Materializing param=gpt_neox.layers.1.mlp.dense_4h_to_h.bias]
Loading weights:   8%|8         | 24/292 [00:00<00:00, 1129.92it/s, Materializing param=gpt_neox.layers.1.mlp.dense_4h_to_h.weight]
Loading weights:   8%|8         | 24/292 [00:00<00:00, 1108.86it/s, Materializing param=gpt_neox.layers.1.mlp.dense_4h_to_h.weight]
Loading weights:   9%|8         | 25/292 [00:00<00:00, 1132.57it/s, Materializing param=gpt_neox.layers.1.mlp.dense_h_to_4h.bias]  
Loading weights:   9%|8         | 25/292 [00:00<00:00, 1101.01it/s, Materializing param=gpt_neox.layers.1.mlp.dense_h_to_4h.bias]
Loading weights:   9%|8         | 26/292 [00:00<00:00, 1111.81it/s, Materializing param=gpt_neox.layers.1.mlp.dense_h_to_4h.weight]
Loading weights:   9%|8         | 26/292 [00:00<00:00, 1106.73it/s, Materializing param=gpt_neox.layers.1.mlp.dense_h_to_4h.weight]
Loading weights:   9%|9         | 27/292 [00:00<00:00, 1122.17it/s, Materializing param=gpt_neox.layers.1.post_attention_layernorm.bias]
Loading weights:   9%|9         | 27/292 [00:00<00:00, 1114.38it/s, Materializing param=gpt_neox.layers.1.post_attention_layernorm.bias]
Loading weights:  10%|9         | 28/292 [00:00<00:00, 1142.58it/s, Materializing param=gpt_neox.layers.1.post_attention_layernorm.weight]
Loading weights:  10%|9         | 28/292 [00:00<00:00, 1139.08it/s, Materializing param=gpt_neox.layers.1.post_attention_layernorm.weight]
Loading weights:  10%|9         | 29/292 [00:00<00:00, 1173.24it/s, Materializing param=gpt_neox.layers.2.attention.dense.bias]           
Loading weights:  10%|9         | 29/292 [00:00<00:00, 1170.20it/s, Materializing param=gpt_neox.layers.2.attention.dense.bias]
Loading weights:  10%|#         | 30/292 [00:00<00:00, 1186.94it/s, Materializing param=gpt_neox.layers.2.attention.dense.weight]
Loading weights:  10%|#         | 30/292 [00:00<00:00, 1181.65it/s, Materializing param=gpt_neox.layers.2.attention.dense.weight]
Loading weights:  11%|#         | 31/292 [00:00<00:00, 1179.79it/s, Materializing param=gpt_neox.layers.2.attention.query_key_value.bias]
Loading weights:  11%|#         | 31/292 [00:00<00:00, 1173.37it/s, Materializing param=gpt_neox.layers.2.attention.query_key_value.bias]
Loading weights:  11%|#         | 32/292 [00:00<00:00, 1182.07it/s, Materializing param=gpt_neox.layers.2.attention.query_key_value.weight]
Loading weights:  11%|#         | 32/292 [00:00<00:00, 1167.56it/s, Materializing param=gpt_neox.layers.2.attention.query_key_value.weight]
Loading weights:  11%|#1        | 33/292 [00:00<00:00, 1148.87it/s, Materializing param=gpt_neox.layers.2.input_layernorm.bias]            
Loading weights:  11%|#1        | 33/292 [00:00<00:00, 1130.84it/s, Materializing param=gpt_neox.layers.2.input_layernorm.bias]
Loading weights:  12%|#1        | 34/292 [00:00<00:00, 1121.93it/s, Materializing param=gpt_neox.layers.2.input_layernorm.weight]
Loading weights:  12%|#1        | 34/292 [00:00<00:00, 1108.15it/s, Materializing param=gpt_neox.layers.2.input_layernorm.weight]
Loading weights:  12%|#1        | 35/292 [00:00<00:00, 1116.30it/s, Materializing param=gpt_neox.layers.2.mlp.dense_4h_to_h.bias]
Loading weights:  12%|#1        | 35/292 [00:00<00:00, 1113.53it/s, Materializing param=gpt_neox.layers.2.mlp.dense_4h_to_h.bias]
Loading weights:  12%|#2        | 36/292 [00:00<00:00, 1109.19it/s, Materializing param=gpt_neox.layers.2.mlp.dense_4h_to_h.weight]
Loading weights:  12%|#2        | 36/292 [00:00<00:00, 1101.51it/s, Materializing param=gpt_neox.layers.2.mlp.dense_4h_to_h.weight]
Loading weights:  13%|#2        | 37/292 [00:00<00:00, 1102.17it/s, Materializing param=gpt_neox.layers.2.mlp.dense_h_to_4h.bias]  
Loading weights:  13%|#2        | 37/292 [00:00<00:00, 1087.82it/s, Materializing param=gpt_neox.layers.2.mlp.dense_h_to_4h.bias]
Loading weights:  13%|#3        | 38/292 [00:00<00:00, 1088.69it/s, Materializing param=gpt_neox.layers.2.mlp.dense_h_to_4h.weight]
Loading weights:  13%|#3        | 38/292 [00:00<00:00, 1080.00it/s, Materializing param=gpt_neox.layers.2.mlp.dense_h_to_4h.weight]
Loading weights:  13%|#3        | 39/292 [00:00<00:00, 1091.02it/s, Materializing param=gpt_neox.layers.2.post_attention_layernorm.bias]
Loading weights:  13%|#3        | 39/292 [00:00<00:00, 1079.08it/s, Materializing param=gpt_neox.layers.2.post_attention_layernorm.bias]
Loading weights:  14%|#3        | 40/292 [00:00<00:00, 1090.75it/s, Materializing param=gpt_neox.layers.2.post_attention_layernorm.weight]
Loading weights:  14%|#3        | 40/292 [00:00<00:00, 1087.59it/s, Materializing param=gpt_neox.layers.2.post_attention_layernorm.weight]
Loading weights:  14%|#4        | 41/292 [00:00<00:00, 1099.27it/s, Materializing param=gpt_neox.layers.3.attention.dense.bias]           
Loading weights:  14%|#4        | 41/292 [00:00<00:00, 1097.27it/s, Materializing param=gpt_neox.layers.3.attention.dense.bias]
Loading weights:  14%|#4        | 42/292 [00:00<00:00, 1108.78it/s, Materializing param=gpt_neox.layers.3.attention.dense.weight]
Loading weights:  14%|#4        | 42/292 [00:00<00:00, 1104.17it/s, Materializing param=gpt_neox.layers.3.attention.dense.weight]
Loading weights:  15%|#4        | 43/292 [00:00<00:00, 1113.08it/s, Materializing param=gpt_neox.layers.3.attention.query_key_value.bias]
Loading weights:  15%|#4        | 43/292 [00:00<00:00, 1104.28it/s, Materializing param=gpt_neox.layers.3.attention.query_key_value.bias]
Loading weights:  15%|#5        | 44/292 [00:00<00:00, 1097.73it/s, Materializing param=gpt_neox.layers.3.attention.query_key_value.weight]
Loading weights:  15%|#5        | 44/292 [00:00<00:00, 1093.33it/s, Materializing param=gpt_neox.layers.3.attention.query_key_value.weight]
Loading weights:  15%|#5        | 45/292 [00:00<00:00, 1112.10it/s, Materializing param=gpt_neox.layers.3.input_layernorm.bias]            
Loading weights:  15%|#5        | 45/292 [00:00<00:00, 1110.32it/s, Materializing param=gpt_neox.layers.3.input_layernorm.bias]
Loading weights:  16%|#5        | 46/292 [00:00<00:00, 1131.88it/s, Materializing param=gpt_neox.layers.3.input_layernorm.weight]
Loading weights:  16%|#5        | 46/292 [00:00<00:00, 1130.18it/s, Materializing param=gpt_neox.layers.3.input_layernorm.weight]
Loading weights:  16%|#6        | 47/292 [00:00<00:00, 1151.72it/s, Materializing param=gpt_neox.layers.3.mlp.dense_4h_to_h.bias]
Loading weights:  16%|#6        | 47/292 [00:00<00:00, 1150.05it/s, Materializing param=gpt_neox.layers.3.mlp.dense_4h_to_h.bias]
Loading weights:  16%|#6        | 48/292 [00:00<00:00, 1171.42it/s, Materializing param=gpt_neox.layers.3.mlp.dense_4h_to_h.weight]
Loading weights:  16%|#6        | 48/292 [00:00<00:00, 1169.75it/s, Materializing param=gpt_neox.layers.3.mlp.dense_4h_to_h.weight]
Loading weights:  17%|#6        | 49/292 [00:00<00:00, 1191.05it/s, Materializing param=gpt_neox.layers.3.mlp.dense_h_to_4h.bias]  
Loading weights:  17%|#6        | 49/292 [00:00<00:00, 1189.34it/s, Materializing param=gpt_neox.layers.3.mlp.dense_h_to_4h.bias]
Loading weights:  17%|#7        | 50/292 [00:00<00:00, 1210.51it/s, Materializing param=gpt_neox.layers.3.mlp.dense_h_to_4h.weight]
Loading weights:  17%|#7        | 50/292 [00:00<00:00, 1208.80it/s, Materializing param=gpt_neox.layers.3.mlp.dense_h_to_4h.weight]
Loading weights:  17%|#7        | 51/292 [00:00<00:00, 1229.86it/s, Materializing param=gpt_neox.layers.3.post_attention_layernorm.bias]
Loading weights:  17%|#7        | 51/292 [00:00<00:00, 1228.12it/s, Materializing param=gpt_neox.layers.3.post_attention_layernorm.bias]
Loading weights:  18%|#7        | 52/292 [00:00<00:00, 1248.92it/s, Materializing param=gpt_neox.layers.3.post_attention_layernorm.weight]
Loading weights:  18%|#7        | 52/292 [00:00<00:00, 1247.11it/s, Materializing param=gpt_neox.layers.3.post_attention_layernorm.weight]
Loading weights:  18%|#8        | 53/292 [00:00<00:00, 1267.91it/s, Materializing param=gpt_neox.layers.4.attention.dense.bias]           
Loading weights:  18%|#8        | 53/292 [00:00<00:00, 1266.15it/s, Materializing param=gpt_neox.layers.4.attention.dense.bias]
Loading weights:  18%|#8        | 54/292 [00:00<00:00, 1286.67it/s, Materializing param=gpt_neox.layers.4.attention.dense.weight]
Loading weights:  18%|#8        | 54/292 [00:00<00:00, 1284.85it/s, Materializing param=gpt_neox.layers.4.attention.dense.weight]
Loading weights:  19%|#8        | 55/292 [00:00<00:00, 1305.07it/s, Materializing param=gpt_neox.layers.4.attention.query_key_value.bias]
Loading weights:  19%|#8        | 55/292 [00:00<00:00, 1303.23it/s, Materializing param=gpt_neox.layers.4.attention.query_key_value.bias]
Loading weights:  19%|#9        | 56/292 [00:00<00:00, 1323.56it/s, Materializing param=gpt_neox.layers.4.attention.query_key_value.weight]
Loading weights:  19%|#9        | 56/292 [00:00<00:00, 1321.69it/s, Materializing param=gpt_neox.layers.4.attention.query_key_value.weight]
Loading weights:  20%|#9        | 57/292 [00:00<00:00, 1341.91it/s, Materializing param=gpt_neox.layers.4.input_layernorm.bias]            
Loading weights:  20%|#9        | 57/292 [00:00<00:00, 1340.05it/s, Materializing param=gpt_neox.layers.4.input_layernorm.bias]
Loading weights:  20%|#9        | 58/292 [00:00<00:00, 1360.13it/s, Materializing param=gpt_neox.layers.4.input_layernorm.weight]
Loading weights:  20%|#9        | 58/292 [00:00<00:00, 1358.24it/s, Materializing param=gpt_neox.layers.4.input_layernorm.weight]
Loading weights:  20%|##        | 59/292 [00:00<00:00, 1378.10it/s, Materializing param=gpt_neox.layers.4.mlp.dense_4h_to_h.bias]
Loading weights:  20%|##        | 59/292 [00:00<00:00, 1376.15it/s, Materializing param=gpt_neox.layers.4.mlp.dense_4h_to_h.bias]
Loading weights:  21%|##        | 60/292 [00:00<00:00, 1395.94it/s, Materializing param=gpt_neox.layers.4.mlp.dense_4h_to_h.weight]
Loading weights:  21%|##        | 60/292 [00:00<00:00, 1394.02it/s, Materializing param=gpt_neox.layers.4.mlp.dense_4h_to_h.weight]
Loading weights:  21%|##        | 61/292 [00:00<00:00, 1413.71it/s, Materializing param=gpt_neox.layers.4.mlp.dense_h_to_4h.bias]  
Loading weights:  21%|##        | 61/292 [00:00<00:00, 1411.76it/s, Materializing param=gpt_neox.layers.4.mlp.dense_h_to_4h.bias]
Loading weights:  21%|##1       | 62/292 [00:00<00:00, 1431.32it/s, Materializing param=gpt_neox.layers.4.mlp.dense_h_to_4h.weight]
Loading weights:  21%|##1       | 62/292 [00:00<00:00, 1429.37it/s, Materializing param=gpt_neox.layers.4.mlp.dense_h_to_4h.weight]
Loading weights:  22%|##1       | 63/292 [00:00<00:00, 1449.00it/s, Materializing param=gpt_neox.layers.4.post_attention_layernorm.bias]
Loading weights:  22%|##1       | 63/292 [00:00<00:00, 1447.05it/s, Materializing param=gpt_neox.layers.4.post_attention_layernorm.bias]
Loading weights:  22%|##1       | 64/292 [00:00<00:00, 1466.48it/s, Materializing param=gpt_neox.layers.4.post_attention_layernorm.weight]
Loading weights:  22%|##1       | 64/292 [00:00<00:00, 1464.45it/s, Materializing param=gpt_neox.layers.4.post_attention_layernorm.weight]
Loading weights:  22%|##2       | 65/292 [00:00<00:00, 1483.78it/s, Materializing param=gpt_neox.layers.5.attention.dense.bias]           
Loading weights:  22%|##2       | 65/292 [00:00<00:00, 1481.80it/s, Materializing param=gpt_neox.layers.5.attention.dense.bias]
Loading weights:  23%|##2       | 66/292 [00:00<00:00, 1500.23it/s, Materializing param=gpt_neox.layers.5.attention.dense.weight]
Loading weights:  23%|##2       | 66/292 [00:00<00:00, 1498.19it/s, Materializing param=gpt_neox.layers.5.attention.dense.weight]
Loading weights:  23%|##2       | 67/292 [00:00<00:00, 1517.03it/s, Materializing param=gpt_neox.layers.5.attention.query_key_value.bias]
Loading weights:  23%|##2       | 67/292 [00:00<00:00, 1514.98it/s, Materializing param=gpt_neox.layers.5.attention.query_key_value.bias]
Loading weights:  23%|##3       | 68/292 [00:00<00:00, 1533.90it/s, Materializing param=gpt_neox.layers.5.attention.query_key_value.weight]
Loading weights:  23%|##3       | 68/292 [00:00<00:00, 1531.86it/s, Materializing param=gpt_neox.layers.5.attention.query_key_value.weight]
Loading weights:  24%|##3       | 69/292 [00:00<00:00, 1550.67it/s, Materializing param=gpt_neox.layers.5.input_layernorm.bias]            
Loading weights:  24%|##3       | 69/292 [00:00<00:00, 1548.64it/s, Materializing param=gpt_neox.layers.5.input_layernorm.bias]
Loading weights:  24%|##3       | 70/292 [00:00<00:00, 1567.36it/s, Materializing param=gpt_neox.layers.5.input_layernorm.weight]
Loading weights:  24%|##3       | 70/292 [00:00<00:00, 1565.36it/s, Materializing param=gpt_neox.layers.5.input_layernorm.weight]
Loading weights:  24%|##4       | 71/292 [00:00<00:00, 1584.04it/s, Materializing param=gpt_neox.layers.5.mlp.dense_4h_to_h.bias]
Loading weights:  24%|##4       | 71/292 [00:00<00:00, 1581.99it/s, Materializing param=gpt_neox.layers.5.mlp.dense_4h_to_h.bias]
Loading weights:  25%|##4       | 72/292 [00:00<00:00, 1600.51it/s, Materializing param=gpt_neox.layers.5.mlp.dense_4h_to_h.weight]
Loading weights:  25%|##4       | 72/292 [00:00<00:00, 1598.36it/s, Materializing param=gpt_neox.layers.5.mlp.dense_4h_to_h.weight]
Loading weights:  25%|##5       | 73/292 [00:00<00:00, 1616.54it/s, Materializing param=gpt_neox.layers.5.mlp.dense_h_to_4h.bias]  
Loading weights:  25%|##5       | 73/292 [00:00<00:00, 1614.44it/s, Materializing param=gpt_neox.layers.5.mlp.dense_h_to_4h.bias]
Loading weights:  25%|##5       | 74/292 [00:00<00:00, 1632.69it/s, Materializing param=gpt_neox.layers.5.mlp.dense_h_to_4h.weight]
Loading weights:  25%|##5       | 74/292 [00:00<00:00, 1630.59it/s, Materializing param=gpt_neox.layers.5.mlp.dense_h_to_4h.weight]
Loading weights:  26%|##5       | 75/292 [00:00<00:00, 1648.81it/s, Materializing param=gpt_neox.layers.5.post_attention_layernorm.bias]
Loading weights:  26%|##5       | 75/292 [00:00<00:00, 1646.67it/s, Materializing param=gpt_neox.layers.5.post_attention_layernorm.bias]
Loading weights:  26%|##6       | 76/292 [00:00<00:00, 1664.80it/s, Materializing param=gpt_neox.layers.5.post_attention_layernorm.weight]
Loading weights:  26%|##6       | 76/292 [00:00<00:00, 1662.64it/s, Materializing param=gpt_neox.layers.5.post_attention_layernorm.weight]
Loading weights:  26%|##6       | 77/292 [00:00<00:00, 1680.68it/s, Materializing param=gpt_neox.layers.6.attention.dense.bias]           
Loading weights:  26%|##6       | 77/292 [00:00<00:00, 1678.52it/s, Materializing param=gpt_neox.layers.6.attention.dense.bias]
Loading weights:  27%|##6       | 78/292 [00:00<00:00, 1696.31it/s, Materializing param=gpt_neox.layers.6.attention.dense.weight]
Loading weights:  27%|##6       | 78/292 [00:00<00:00, 1694.12it/s, Materializing param=gpt_neox.layers.6.attention.dense.weight]
Loading weights:  27%|##7       | 79/292 [00:00<00:00, 1709.31it/s, Materializing param=gpt_neox.layers.6.attention.query_key_value.bias]
Loading weights:  27%|##7       | 79/292 [00:00<00:00, 1706.35it/s, Materializing param=gpt_neox.layers.6.attention.query_key_value.bias]
Loading weights:  27%|##7       | 80/292 [00:00<00:00, 1723.37it/s, Materializing param=gpt_neox.layers.6.attention.query_key_value.weight]
Loading weights:  27%|##7       | 80/292 [00:00<00:00, 1721.06it/s, Materializing param=gpt_neox.layers.6.attention.query_key_value.weight]
Loading weights:  28%|##7       | 81/292 [00:00<00:00, 1738.39it/s, Materializing param=gpt_neox.layers.6.input_layernorm.bias]            
Loading weights:  28%|##7       | 81/292 [00:00<00:00, 1736.24it/s, Materializing param=gpt_neox.layers.6.input_layernorm.bias]
Loading weights:  28%|##8       | 82/292 [00:00<00:00, 1753.61it/s, Materializing param=gpt_neox.layers.6.input_layernorm.weight]
Loading weights:  28%|##8       | 82/292 [00:00<00:00, 1751.41it/s, Materializing param=gpt_neox.layers.6.input_layernorm.weight]
Loading weights:  28%|##8       | 83/292 [00:00<00:00, 1768.50it/s, Materializing param=gpt_neox.layers.6.mlp.dense_4h_to_h.bias]
Loading weights:  28%|##8       | 83/292 [00:00<00:00, 1766.33it/s, Materializing param=gpt_neox.layers.6.mlp.dense_4h_to_h.bias]
Loading weights:  29%|##8       | 84/292 [00:00<00:00, 1783.10it/s, Materializing param=gpt_neox.layers.6.mlp.dense_4h_to_h.weight]
Loading weights:  29%|##8       | 84/292 [00:00<00:00, 1780.95it/s, Materializing param=gpt_neox.layers.6.mlp.dense_4h_to_h.weight]
Loading weights:  29%|##9       | 85/292 [00:00<00:00, 1798.11it/s, Materializing param=gpt_neox.layers.6.mlp.dense_h_to_4h.bias]  
Loading weights:  29%|##9       | 85/292 [00:00<00:00, 1796.00it/s, Materializing param=gpt_neox.layers.6.mlp.dense_h_to_4h.bias]
Loading weights:  29%|##9       | 86/292 [00:00<00:00, 1813.14it/s, Materializing param=gpt_neox.layers.6.mlp.dense_h_to_4h.weight]
Loading weights:  29%|##9       | 86/292 [00:00<00:00, 1811.00it/s, Materializing param=gpt_neox.layers.6.mlp.dense_h_to_4h.weight]
Loading weights:  30%|##9       | 87/292 [00:00<00:00, 1828.00it/s, Materializing param=gpt_neox.layers.6.post_attention_layernorm.bias]
Loading weights:  30%|##9       | 87/292 [00:00<00:00, 1825.80it/s, Materializing param=gpt_neox.layers.6.post_attention_layernorm.bias]
Loading weights:  30%|###       | 88/292 [00:00<00:00, 1842.38it/s, Materializing param=gpt_neox.layers.6.post_attention_layernorm.weight]
Loading weights:  30%|###       | 88/292 [00:00<00:00, 1839.64it/s, Materializing param=gpt_neox.layers.6.post_attention_layernorm.weight]
Loading weights:  30%|###       | 89/292 [00:00<00:00, 1856.51it/s, Materializing param=gpt_neox.layers.7.attention.dense.bias]           
Loading weights:  30%|###       | 89/292 [00:00<00:00, 1854.27it/s, Materializing param=gpt_neox.layers.7.attention.dense.bias]
Loading weights:  31%|###       | 90/292 [00:00<00:00, 1870.99it/s, Materializing param=gpt_neox.layers.7.attention.dense.weight]
Loading weights:  31%|###       | 90/292 [00:00<00:00, 1868.66it/s, Materializing param=gpt_neox.layers.7.attention.dense.weight]
Loading weights:  31%|###1      | 91/292 [00:00<00:00, 1885.23it/s, Materializing param=gpt_neox.layers.7.attention.query_key_value.bias]
Loading weights:  31%|###1      | 91/292 [00:00<00:00, 1879.08it/s, Materializing param=gpt_neox.layers.7.attention.query_key_value.bias]
Loading weights:  32%|###1      | 92/292 [00:00<00:00, 1882.33it/s, Materializing param=gpt_neox.layers.7.attention.query_key_value.weight]
Loading weights:  32%|###1      | 92/292 [00:00<00:00, 1877.55it/s, Materializing param=gpt_neox.layers.7.attention.query_key_value.weight]
Loading weights:  32%|###1      | 93/292 [00:00<00:00, 1874.66it/s, Materializing param=gpt_neox.layers.7.input_layernorm.bias]            
Loading weights:  32%|###1      | 93/292 [00:00<00:00, 1870.71it/s, Materializing param=gpt_neox.layers.7.input_layernorm.bias]
Loading weights:  32%|###2      | 94/292 [00:00<00:00, 1885.23it/s, Materializing param=gpt_neox.layers.7.input_layernorm.weight]
Loading weights:  32%|###2      | 94/292 [00:00<00:00, 1882.85it/s, Materializing param=gpt_neox.layers.7.input_layernorm.weight]
Loading weights:  33%|###2      | 95/292 [00:00<00:00, 1898.55it/s, Materializing param=gpt_neox.layers.7.mlp.dense_4h_to_h.bias]
Loading weights:  33%|###2      | 95/292 [00:00<00:00, 1895.71it/s, Materializing param=gpt_neox.layers.7.mlp.dense_4h_to_h.bias]
Loading weights:  33%|###2      | 96/292 [00:00<00:00, 1911.31it/s, Materializing param=gpt_neox.layers.7.mlp.dense_4h_to_h.weight]
Loading weights:  33%|###2      | 96/292 [00:00<00:00, 1908.95it/s, Materializing param=gpt_neox.layers.7.mlp.dense_4h_to_h.weight]
Loading weights:  33%|###3      | 97/292 [00:00<00:00, 1924.65it/s, Materializing param=gpt_neox.layers.7.mlp.dense_h_to_4h.bias]  
Loading weights:  33%|###3      | 97/292 [00:00<00:00, 1922.52it/s, Materializing param=gpt_neox.layers.7.mlp.dense_h_to_4h.bias]
Loading weights:  34%|###3      | 98/292 [00:00<00:00, 1938.36it/s, Materializing param=gpt_neox.layers.7.mlp.dense_h_to_4h.weight]
Loading weights:  34%|###3      | 98/292 [00:00<00:00, 1936.23it/s, Materializing param=gpt_neox.layers.7.mlp.dense_h_to_4h.weight]
Loading weights:  34%|###3      | 99/292 [00:00<00:00, 1952.03it/s, Materializing param=gpt_neox.layers.7.post_attention_layernorm.bias]
Loading weights:  34%|###3      | 99/292 [00:00<00:00, 1949.71it/s, Materializing param=gpt_neox.layers.7.post_attention_layernorm.bias]
Loading weights:  34%|###4      | 100/292 [00:00<00:00, 1965.26it/s, Materializing param=gpt_neox.layers.7.post_attention_layernorm.weight]
Loading weights:  34%|###4      | 100/292 [00:00<00:00, 1963.06it/s, Materializing param=gpt_neox.layers.7.post_attention_layernorm.weight]
Loading weights:  35%|###4      | 101/292 [00:00<00:00, 1978.77it/s, Materializing param=gpt_neox.layers.8.attention.dense.bias]           
Loading weights:  35%|###4      | 101/292 [00:00<00:00, 1976.50it/s, Materializing param=gpt_neox.layers.8.attention.dense.bias]
Loading weights:  35%|###4      | 102/292 [00:00<00:00, 1991.68it/s, Materializing param=gpt_neox.layers.8.attention.dense.weight]
Loading weights:  35%|###4      | 102/292 [00:00<00:00, 1989.46it/s, Materializing param=gpt_neox.layers.8.attention.dense.weight]
Loading weights:  35%|###5      | 103/292 [00:00<00:00, 2004.93it/s, Materializing param=gpt_neox.layers.8.attention.query_key_value.bias]
Loading weights:  35%|###5      | 103/292 [00:00<00:00, 2002.72it/s, Materializing param=gpt_neox.layers.8.attention.query_key_value.bias]
Loading weights:  36%|###5      | 104/292 [00:00<00:00, 2018.15it/s, Materializing param=gpt_neox.layers.8.attention.query_key_value.weight]
Loading weights:  36%|###5      | 104/292 [00:00<00:00, 2015.97it/s, Materializing param=gpt_neox.layers.8.attention.query_key_value.weight]
Loading weights:  36%|###5      | 105/292 [00:00<00:00, 2031.36it/s, Materializing param=gpt_neox.layers.8.input_layernorm.bias]            
Loading weights:  36%|###5      | 105/292 [00:00<00:00, 2029.01it/s, Materializing param=gpt_neox.layers.8.input_layernorm.bias]
Loading weights:  36%|###6      | 106/292 [00:00<00:00, 2044.16it/s, Materializing param=gpt_neox.layers.8.input_layernorm.weight]
Loading weights:  36%|###6      | 106/292 [00:00<00:00, 2041.84it/s, Materializing param=gpt_neox.layers.8.input_layernorm.weight]
Loading weights:  37%|###6      | 107/292 [00:00<00:00, 2056.96it/s, Materializing param=gpt_neox.layers.8.mlp.dense_4h_to_h.bias]
Loading weights:  37%|###6      | 107/292 [00:00<00:00, 2054.39it/s, Materializing param=gpt_neox.layers.8.mlp.dense_4h_to_h.bias]
Loading weights:  37%|###6      | 108/292 [00:00<00:00, 2069.21it/s, Materializing param=gpt_neox.layers.8.mlp.dense_4h_to_h.weight]
Loading weights:  37%|###6      | 108/292 [00:00<00:00, 2066.85it/s, Materializing param=gpt_neox.layers.8.mlp.dense_4h_to_h.weight]
Loading weights:  37%|###7      | 109/292 [00:00<00:00, 2081.69it/s, Materializing param=gpt_neox.layers.8.mlp.dense_h_to_4h.bias]  
Loading weights:  37%|###7      | 109/292 [00:00<00:00, 2079.34it/s, Materializing param=gpt_neox.layers.8.mlp.dense_h_to_4h.bias]
Loading weights:  38%|###7      | 110/292 [00:00<00:00, 2094.10it/s, Materializing param=gpt_neox.layers.8.mlp.dense_h_to_4h.weight]
Loading weights:  38%|###7      | 110/292 [00:00<00:00, 2091.76it/s, Materializing param=gpt_neox.layers.8.mlp.dense_h_to_4h.weight]
Loading weights:  38%|###8      | 111/292 [00:00<00:00, 2106.62it/s, Materializing param=gpt_neox.layers.8.post_attention_layernorm.bias]
Loading weights:  38%|###8      | 111/292 [00:00<00:00, 2104.24it/s, Materializing param=gpt_neox.layers.8.post_attention_layernorm.bias]
Loading weights:  38%|###8      | 112/292 [00:00<00:00, 2118.76it/s, Materializing param=gpt_neox.layers.8.post_attention_layernorm.weight]
Loading weights:  38%|###8      | 112/292 [00:00<00:00, 2116.33it/s, Materializing param=gpt_neox.layers.8.post_attention_layernorm.weight]
Loading weights:  39%|###8      | 113/292 [00:00<00:00, 2131.01it/s, Materializing param=gpt_neox.layers.9.attention.dense.bias]           
Loading weights:  39%|###8      | 113/292 [00:00<00:00, 2128.66it/s, Materializing param=gpt_neox.layers.9.attention.dense.bias]
Loading weights:  39%|###9      | 114/292 [00:00<00:00, 2143.06it/s, Materializing param=gpt_neox.layers.9.attention.dense.weight]
Loading weights:  39%|###9      | 114/292 [00:00<00:00, 2140.69it/s, Materializing param=gpt_neox.layers.9.attention.dense.weight]
Loading weights:  39%|###9      | 115/292 [00:00<00:00, 2155.18it/s, Materializing param=gpt_neox.layers.9.attention.query_key_value.bias]
Loading weights:  39%|###9      | 115/292 [00:00<00:00, 2152.75it/s, Materializing param=gpt_neox.layers.9.attention.query_key_value.bias]
Loading weights:  40%|###9      | 116/292 [00:00<00:00, 2167.25it/s, Materializing param=gpt_neox.layers.9.attention.query_key_value.weight]
Loading weights:  40%|###9      | 116/292 [00:00<00:00, 2164.86it/s, Materializing param=gpt_neox.layers.9.attention.query_key_value.weight]
Loading weights:  40%|####      | 117/292 [00:00<00:00, 2179.26it/s, Materializing param=gpt_neox.layers.9.input_layernorm.bias]            
Loading weights:  40%|####      | 117/292 [00:00<00:00, 2176.87it/s, Materializing param=gpt_neox.layers.9.input_layernorm.bias]
Loading weights:  40%|####      | 118/292 [00:00<00:00, 2191.28it/s, Materializing param=gpt_neox.layers.9.input_layernorm.weight]
Loading weights:  40%|####      | 118/292 [00:00<00:00, 2188.89it/s, Materializing param=gpt_neox.layers.9.input_layernorm.weight]
Loading weights:  41%|####      | 119/292 [00:00<00:00, 2203.33it/s, Materializing param=gpt_neox.layers.9.mlp.dense_4h_to_h.bias]
Loading weights:  41%|####      | 119/292 [00:00<00:00, 2200.63it/s, Materializing param=gpt_neox.layers.9.mlp.dense_4h_to_h.bias]
Loading weights:  41%|####1     | 120/292 [00:00<00:00, 2214.48it/s, Materializing param=gpt_neox.layers.9.mlp.dense_4h_to_h.weight]
Loading weights:  41%|####1     | 120/292 [00:00<00:00, 2212.08it/s, Materializing param=gpt_neox.layers.9.mlp.dense_4h_to_h.weight]
Loading weights:  41%|####1     | 121/292 [00:00<00:00, 2226.14it/s, Materializing param=gpt_neox.layers.9.mlp.dense_h_to_4h.bias]  
Loading weights:  41%|####1     | 121/292 [00:00<00:00, 2223.73it/s, Materializing param=gpt_neox.layers.9.mlp.dense_h_to_4h.bias]
Loading weights:  42%|####1     | 122/292 [00:00<00:00, 2237.91it/s, Materializing param=gpt_neox.layers.9.mlp.dense_h_to_4h.weight]
Loading weights:  42%|####1     | 122/292 [00:00<00:00, 2235.51it/s, Materializing param=gpt_neox.layers.9.mlp.dense_h_to_4h.weight]
Loading weights:  42%|####2     | 123/292 [00:00<00:00, 2249.48it/s, Materializing param=gpt_neox.layers.9.post_attention_layernorm.bias]
Loading weights:  42%|####2     | 123/292 [00:00<00:00, 2247.01it/s, Materializing param=gpt_neox.layers.9.post_attention_layernorm.bias]
Loading weights:  42%|####2     | 124/292 [00:00<00:00, 2260.75it/s, Materializing param=gpt_neox.layers.9.post_attention_layernorm.weight]
Loading weights:  42%|####2     | 124/292 [00:00<00:00, 2258.27it/s, Materializing param=gpt_neox.layers.9.post_attention_layernorm.weight]
Loading weights:  43%|####2     | 125/292 [00:00<00:00, 2272.13it/s, Materializing param=gpt_neox.layers.10.attention.dense.bias]          
Loading weights:  43%|####2     | 125/292 [00:00<00:00, 2269.70it/s, Materializing param=gpt_neox.layers.10.attention.dense.bias]
Loading weights:  43%|####3     | 126/292 [00:00<00:00, 2283.43it/s, Materializing param=gpt_neox.layers.10.attention.dense.weight]
Loading weights:  43%|####3     | 126/292 [00:00<00:00, 2281.03it/s, Materializing param=gpt_neox.layers.10.attention.dense.weight]
Loading weights:  43%|####3     | 127/292 [00:00<00:00, 2294.80it/s, Materializing param=gpt_neox.layers.10.attention.query_key_value.bias]
Loading weights:  43%|####3     | 127/292 [00:00<00:00, 2292.34it/s, Materializing param=gpt_neox.layers.10.attention.query_key_value.bias]
Loading weights:  44%|####3     | 128/292 [00:00<00:00, 2305.80it/s, Materializing param=gpt_neox.layers.10.attention.query_key_value.weight]
Loading weights:  44%|####3     | 128/292 [00:00<00:00, 2303.26it/s, Materializing param=gpt_neox.layers.10.attention.query_key_value.weight]
Loading weights:  44%|####4     | 129/292 [00:00<00:00, 2316.80it/s, Materializing param=gpt_neox.layers.10.input_layernorm.bias]            
Loading weights:  44%|####4     | 129/292 [00:00<00:00, 2314.35it/s, Materializing param=gpt_neox.layers.10.input_layernorm.bias]
Loading weights:  45%|####4     | 130/292 [00:00<00:00, 2327.93it/s, Materializing param=gpt_neox.layers.10.input_layernorm.weight]
Loading weights:  45%|####4     | 130/292 [00:00<00:00, 2325.44it/s, Materializing param=gpt_neox.layers.10.input_layernorm.weight]
Loading weights:  45%|####4     | 131/292 [00:00<00:00, 2338.97it/s, Materializing param=gpt_neox.layers.10.mlp.dense_4h_to_h.bias]
Loading weights:  45%|####4     | 131/292 [00:00<00:00, 2336.24it/s, Materializing param=gpt_neox.layers.10.mlp.dense_4h_to_h.bias]
Loading weights:  45%|####5     | 132/292 [00:00<00:00, 2349.54it/s, Materializing param=gpt_neox.layers.10.mlp.dense_4h_to_h.weight]
Loading weights:  45%|####5     | 132/292 [00:00<00:00, 2347.07it/s, Materializing param=gpt_neox.layers.10.mlp.dense_4h_to_h.weight]
Loading weights:  46%|####5     | 133/292 [00:00<00:00, 2360.39it/s, Materializing param=gpt_neox.layers.10.mlp.dense_h_to_4h.bias]  
Loading weights:  46%|####5     | 133/292 [00:00<00:00, 2357.91it/s, Materializing param=gpt_neox.layers.10.mlp.dense_h_to_4h.bias]
Loading weights:  46%|####5     | 134/292 [00:00<00:00, 2371.15it/s, Materializing param=gpt_neox.layers.10.mlp.dense_h_to_4h.weight]
Loading weights:  46%|####5     | 134/292 [00:00<00:00, 2368.67it/s, Materializing param=gpt_neox.layers.10.mlp.dense_h_to_4h.weight]
Loading weights:  46%|####6     | 135/292 [00:00<00:00, 2381.67it/s, Materializing param=gpt_neox.layers.10.post_attention_layernorm.bias]
Loading weights:  46%|####6     | 135/292 [00:00<00:00, 2379.11it/s, Materializing param=gpt_neox.layers.10.post_attention_layernorm.bias]
Loading weights:  47%|####6     | 136/292 [00:00<00:00, 2392.14it/s, Materializing param=gpt_neox.layers.10.post_attention_layernorm.weight]
Loading weights:  47%|####6     | 136/292 [00:00<00:00, 2389.63it/s, Materializing param=gpt_neox.layers.10.post_attention_layernorm.weight]
Loading weights:  47%|####6     | 137/292 [00:00<00:00, 2402.70it/s, Materializing param=gpt_neox.layers.11.attention.dense.bias]           
Loading weights:  47%|####6     | 137/292 [00:00<00:00, 2400.18it/s, Materializing param=gpt_neox.layers.11.attention.dense.bias]
Loading weights:  47%|####7     | 138/292 [00:00<00:00, 2413.08it/s, Materializing param=gpt_neox.layers.11.attention.dense.weight]
Loading weights:  47%|####7     | 138/292 [00:00<00:00, 2410.56it/s, Materializing param=gpt_neox.layers.11.attention.dense.weight]
Loading weights:  48%|####7     | 139/292 [00:00<00:00, 2423.46it/s, Materializing param=gpt_neox.layers.11.attention.query_key_value.bias]
Loading weights:  48%|####7     | 139/292 [00:00<00:00, 2420.89it/s, Materializing param=gpt_neox.layers.11.attention.query_key_value.bias]
Loading weights:  48%|####7     | 140/292 [00:00<00:00, 2433.65it/s, Materializing param=gpt_neox.layers.11.attention.query_key_value.weight]
Loading weights:  48%|####7     | 140/292 [00:00<00:00, 2431.13it/s, Materializing param=gpt_neox.layers.11.attention.query_key_value.weight]
Loading weights:  48%|####8     | 141/292 [00:00<00:00, 2443.92it/s, Materializing param=gpt_neox.layers.11.input_layernorm.bias]            
Loading weights:  48%|####8     | 141/292 [00:00<00:00, 2441.42it/s, Materializing param=gpt_neox.layers.11.input_layernorm.bias]
Loading weights:  49%|####8     | 142/292 [00:00<00:00, 2454.25it/s, Materializing param=gpt_neox.layers.11.input_layernorm.weight]
Loading weights:  49%|####8     | 142/292 [00:00<00:00, 2451.77it/s, Materializing param=gpt_neox.layers.11.input_layernorm.weight]
Loading weights:  49%|####8     | 143/292 [00:00<00:00, 2464.43it/s, Materializing param=gpt_neox.layers.11.mlp.dense_4h_to_h.bias]
Loading weights:  49%|####8     | 143/292 [00:00<00:00, 2461.62it/s, Materializing param=gpt_neox.layers.11.mlp.dense_4h_to_h.bias]
Loading weights:  49%|####9     | 144/292 [00:00<00:00, 2474.17it/s, Materializing param=gpt_neox.layers.11.mlp.dense_4h_to_h.weight]
Loading weights:  49%|####9     | 144/292 [00:00<00:00, 2471.64it/s, Materializing param=gpt_neox.layers.11.mlp.dense_4h_to_h.weight]
Loading weights:  50%|####9     | 145/292 [00:00<00:00, 2484.34it/s, Materializing param=gpt_neox.layers.11.mlp.dense_h_to_4h.bias]  
Loading weights:  50%|####9     | 145/292 [00:00<00:00, 2481.85it/s, Materializing param=gpt_neox.layers.11.mlp.dense_h_to_4h.bias]
Loading weights:  50%|#####     | 146/292 [00:00<00:00, 2494.56it/s, Materializing param=gpt_neox.layers.11.mlp.dense_h_to_4h.weight]
Loading weights:  50%|#####     | 146/292 [00:00<00:00, 2492.03it/s, Materializing param=gpt_neox.layers.11.mlp.dense_h_to_4h.weight]
Loading weights:  50%|#####     | 147/292 [00:00<00:00, 2504.61it/s, Materializing param=gpt_neox.layers.11.post_attention_layernorm.bias]
Loading weights:  50%|#####     | 147/292 [00:00<00:00, 2502.08it/s, Materializing param=gpt_neox.layers.11.post_attention_layernorm.bias]
Loading weights:  51%|#####     | 148/292 [00:00<00:00, 2514.65it/s, Materializing param=gpt_neox.layers.11.post_attention_layernorm.weight]
Loading weights:  51%|#####     | 148/292 [00:00<00:00, 2512.11it/s, Materializing param=gpt_neox.layers.11.post_attention_layernorm.weight]
Loading weights:  51%|#####1    | 149/292 [00:00<00:00, 2524.62it/s, Materializing param=gpt_neox.layers.12.attention.dense.bias]           
Loading weights:  51%|#####1    | 149/292 [00:00<00:00, 2522.10it/s, Materializing param=gpt_neox.layers.12.attention.dense.bias]
Loading weights:  51%|#####1    | 150/292 [00:00<00:00, 2534.42it/s, Materializing param=gpt_neox.layers.12.attention.dense.weight]
Loading weights:  51%|#####1    | 150/292 [00:00<00:00, 2531.82it/s, Materializing param=gpt_neox.layers.12.attention.dense.weight]
Loading weights:  52%|#####1    | 151/292 [00:00<00:00, 2543.93it/s, Materializing param=gpt_neox.layers.12.attention.query_key_value.bias]
Loading weights:  52%|#####1    | 151/292 [00:00<00:00, 2541.37it/s, Materializing param=gpt_neox.layers.12.attention.query_key_value.bias]
Loading weights:  52%|#####2    | 152/292 [00:00<00:00, 2553.59it/s, Materializing param=gpt_neox.layers.12.attention.query_key_value.weight]
Loading weights:  52%|#####2    | 152/292 [00:00<00:00, 2551.03it/s, Materializing param=gpt_neox.layers.12.attention.query_key_value.weight]
Loading weights:  52%|#####2    | 153/292 [00:00<00:00, 2563.19it/s, Materializing param=gpt_neox.layers.12.input_layernorm.bias]            
Loading weights:  52%|#####2    | 153/292 [00:00<00:00, 2560.71it/s, Materializing param=gpt_neox.layers.12.input_layernorm.bias]
Loading weights:  53%|#####2    | 154/292 [00:00<00:00, 2572.93it/s, Materializing param=gpt_neox.layers.12.input_layernorm.weight]
Loading weights:  53%|#####2    | 154/292 [00:00<00:00, 2570.41it/s, Materializing param=gpt_neox.layers.12.input_layernorm.weight]
Loading weights:  53%|#####3    | 155/292 [00:00<00:00, 2582.70it/s, Materializing param=gpt_neox.layers.12.mlp.dense_4h_to_h.bias]
Loading weights:  53%|#####3    | 155/292 [00:00<00:00, 2579.93it/s, Materializing param=gpt_neox.layers.12.mlp.dense_4h_to_h.bias]
Loading weights:  53%|#####3    | 156/292 [00:00<00:00, 2591.97it/s, Materializing param=gpt_neox.layers.12.mlp.dense_4h_to_h.weight]
Loading weights:  53%|#####3    | 156/292 [00:00<00:00, 2589.45it/s, Materializing param=gpt_neox.layers.12.mlp.dense_4h_to_h.weight]
Loading weights:  54%|#####3    | 157/292 [00:00<00:00, 2601.47it/s, Materializing param=gpt_neox.layers.12.mlp.dense_h_to_4h.bias]  
Loading weights:  54%|#####3    | 157/292 [00:00<00:00, 2598.86it/s, Materializing param=gpt_neox.layers.12.mlp.dense_h_to_4h.bias]
Loading weights:  54%|#####4    | 158/292 [00:00<00:00, 2610.62it/s, Materializing param=gpt_neox.layers.12.mlp.dense_h_to_4h.weight]
Loading weights:  54%|#####4    | 158/292 [00:00<00:00, 2608.07it/s, Materializing param=gpt_neox.layers.12.mlp.dense_h_to_4h.weight]
Loading weights:  54%|#####4    | 159/292 [00:00<00:00, 2620.04it/s, Materializing param=gpt_neox.layers.12.post_attention_layernorm.bias]
Loading weights:  54%|#####4    | 159/292 [00:00<00:00, 2617.48it/s, Materializing param=gpt_neox.layers.12.post_attention_layernorm.bias]
Loading weights:  55%|#####4    | 160/292 [00:00<00:00, 2629.40it/s, Materializing param=gpt_neox.layers.12.post_attention_layernorm.weight]
Loading weights:  55%|#####4    | 160/292 [00:00<00:00, 2626.83it/s, Materializing param=gpt_neox.layers.12.post_attention_layernorm.weight]
Loading weights:  55%|#####5    | 161/292 [00:00<00:00, 2638.75it/s, Materializing param=gpt_neox.layers.13.attention.dense.bias]           
Loading weights:  55%|#####5    | 161/292 [00:00<00:00, 2636.22it/s, Materializing param=gpt_neox.layers.13.attention.dense.bias]
Loading weights:  55%|#####5    | 162/292 [00:00<00:00, 2647.95it/s, Materializing param=gpt_neox.layers.13.attention.dense.weight]
Loading weights:  55%|#####5    | 162/292 [00:00<00:00, 2645.39it/s, Materializing param=gpt_neox.layers.13.attention.dense.weight]
Loading weights:  56%|#####5    | 163/292 [00:00<00:00, 2657.15it/s, Materializing param=gpt_neox.layers.13.attention.query_key_value.bias]
Loading weights:  56%|#####5    | 163/292 [00:00<00:00, 2654.57it/s, Materializing param=gpt_neox.layers.13.attention.query_key_value.bias]
Loading weights:  56%|#####6    | 164/292 [00:00<00:00, 2666.32it/s, Materializing param=gpt_neox.layers.13.attention.query_key_value.weight]
Loading weights:  56%|#####6    | 164/292 [00:00<00:00, 2663.76it/s, Materializing param=gpt_neox.layers.13.attention.query_key_value.weight]
Loading weights:  57%|#####6    | 165/292 [00:00<00:00, 2675.39it/s, Materializing param=gpt_neox.layers.13.input_layernorm.bias]            
Loading weights:  57%|#####6    | 165/292 [00:00<00:00, 2672.77it/s, Materializing param=gpt_neox.layers.13.input_layernorm.bias]
Loading weights:  57%|#####6    | 166/292 [00:00<00:00, 2682.94it/s, Materializing param=gpt_neox.layers.13.input_layernorm.weight]
Loading weights:  57%|#####6    | 166/292 [00:00<00:00, 2680.32it/s, Materializing param=gpt_neox.layers.13.input_layernorm.weight]
Loading weights:  57%|#####7    | 167/292 [00:00<00:00, 2691.92it/s, Materializing param=gpt_neox.layers.13.mlp.dense_4h_to_h.bias]
Loading weights:  57%|#####7    | 167/292 [00:00<00:00, 2689.10it/s, Materializing param=gpt_neox.layers.13.mlp.dense_4h_to_h.bias]
Loading weights:  58%|#####7    | 168/292 [00:00<00:00, 2700.61it/s, Materializing param=gpt_neox.layers.13.mlp.dense_4h_to_h.weight]
Loading weights:  58%|#####7    | 168/292 [00:00<00:00, 2698.01it/s, Materializing param=gpt_neox.layers.13.mlp.dense_4h_to_h.weight]
Loading weights:  58%|#####7    | 169/292 [00:00<00:00, 2709.49it/s, Materializing param=gpt_neox.layers.13.mlp.dense_h_to_4h.bias]  
Loading weights:  58%|#####7    | 169/292 [00:00<00:00, 2706.92it/s, Materializing param=gpt_neox.layers.13.mlp.dense_h_to_4h.bias]
Loading weights:  58%|#####8    | 170/292 [00:00<00:00, 2718.40it/s, Materializing param=gpt_neox.layers.13.mlp.dense_h_to_4h.weight]
Loading weights:  58%|#####8    | 170/292 [00:00<00:00, 2715.84it/s, Materializing param=gpt_neox.layers.13.mlp.dense_h_to_4h.weight]
Loading weights:  59%|#####8    | 171/292 [00:00<00:00, 2727.27it/s, Materializing param=gpt_neox.layers.13.post_attention_layernorm.bias]
Loading weights:  59%|#####8    | 171/292 [00:00<00:00, 2724.61it/s, Materializing param=gpt_neox.layers.13.post_attention_layernorm.bias]
Loading weights:  59%|#####8    | 172/292 [00:00<00:00, 2732.80it/s, Materializing param=gpt_neox.layers.13.post_attention_layernorm.weight]
Loading weights:  59%|#####8    | 172/292 [00:00<00:00, 2729.42it/s, Materializing param=gpt_neox.layers.13.post_attention_layernorm.weight]
Loading weights:  59%|#####9    | 173/292 [00:00<00:00, 2739.83it/s, Materializing param=gpt_neox.layers.14.attention.dense.bias]           
Loading weights:  59%|#####9    | 173/292 [00:00<00:00, 2737.07it/s, Materializing param=gpt_neox.layers.14.attention.dense.bias]
Loading weights:  60%|#####9    | 174/292 [00:00<00:00, 2747.20it/s, Materializing param=gpt_neox.layers.14.attention.dense.weight]
Loading weights:  60%|#####9    | 174/292 [00:00<00:00, 2744.48it/s, Materializing param=gpt_neox.layers.14.attention.dense.weight]
Loading weights:  60%|#####9    | 175/292 [00:00<00:00, 2753.87it/s, Materializing param=gpt_neox.layers.14.attention.query_key_value.bias]
Loading weights:  60%|#####9    | 175/292 [00:00<00:00, 2750.87it/s, Materializing param=gpt_neox.layers.14.attention.query_key_value.bias]
Loading weights:  60%|######    | 176/292 [00:00<00:00, 2761.42it/s, Materializing param=gpt_neox.layers.14.attention.query_key_value.weight]
Loading weights:  60%|######    | 176/292 [00:00<00:00, 2758.74it/s, Materializing param=gpt_neox.layers.14.attention.query_key_value.weight]
Loading weights:  61%|######    | 177/292 [00:00<00:00, 2749.79it/s, Materializing param=gpt_neox.layers.14.input_layernorm.bias]            
Loading weights:  61%|######    | 177/292 [00:00<00:00, 2739.79it/s, Materializing param=gpt_neox.layers.14.input_layernorm.bias]
Loading weights:  61%|######    | 178/292 [00:00<00:00, 2744.49it/s, Materializing param=gpt_neox.layers.14.input_layernorm.weight]
Loading weights:  61%|######    | 178/292 [00:00<00:00, 2740.75it/s, Materializing param=gpt_neox.layers.14.input_layernorm.weight]
Loading weights:  61%|######1   | 179/292 [00:00<00:00, 2749.38it/s, Materializing param=gpt_neox.layers.14.mlp.dense_4h_to_h.bias]
Loading weights:  61%|######1   | 179/292 [00:00<00:00, 2746.51it/s, Materializing param=gpt_neox.layers.14.mlp.dense_4h_to_h.bias]
Loading weights:  62%|######1   | 180/292 [00:00<00:00, 2756.51it/s, Materializing param=gpt_neox.layers.14.mlp.dense_4h_to_h.weight]
Loading weights:  62%|######1   | 180/292 [00:00<00:00, 2753.91it/s, Materializing param=gpt_neox.layers.14.mlp.dense_4h_to_h.weight]
Loading weights:  62%|######1   | 181/292 [00:00<00:00, 2764.68it/s, Materializing param=gpt_neox.layers.14.mlp.dense_h_to_4h.bias]  
Loading weights:  62%|######1   | 181/292 [00:00<00:00, 2762.11it/s, Materializing param=gpt_neox.layers.14.mlp.dense_h_to_4h.bias]
Loading weights:  62%|######2   | 182/292 [00:00<00:00, 2772.81it/s, Materializing param=gpt_neox.layers.14.mlp.dense_h_to_4h.weight]
Loading weights:  62%|######2   | 182/292 [00:00<00:00, 2770.25it/s, Materializing param=gpt_neox.layers.14.mlp.dense_h_to_4h.weight]
Loading weights:  63%|######2   | 183/292 [00:00<00:00, 2780.82it/s, Materializing param=gpt_neox.layers.14.post_attention_layernorm.bias]
Loading weights:  63%|######2   | 183/292 [00:00<00:00, 2778.34it/s, Materializing param=gpt_neox.layers.14.post_attention_layernorm.bias]
Loading weights:  63%|######3   | 184/292 [00:00<00:00, 2789.09it/s, Materializing param=gpt_neox.layers.14.post_attention_layernorm.weight]
Loading weights:  63%|######3   | 184/292 [00:00<00:00, 2786.58it/s, Materializing param=gpt_neox.layers.14.post_attention_layernorm.weight]
Loading weights:  63%|######3   | 185/292 [00:00<00:00, 2797.39it/s, Materializing param=gpt_neox.layers.15.attention.dense.bias]           
Loading weights:  63%|######3   | 185/292 [00:00<00:00, 2794.97it/s, Materializing param=gpt_neox.layers.15.attention.dense.bias]
Loading weights:  64%|######3   | 186/292 [00:00<00:00, 2805.57it/s, Materializing param=gpt_neox.layers.15.attention.dense.weight]
Loading weights:  64%|######3   | 186/292 [00:00<00:00, 2803.15it/s, Materializing param=gpt_neox.layers.15.attention.dense.weight]
Loading weights:  64%|######4   | 187/292 [00:00<00:00, 2813.84it/s, Materializing param=gpt_neox.layers.15.attention.query_key_value.bias]
Loading weights:  64%|######4   | 187/292 [00:00<00:00, 2811.35it/s, Materializing param=gpt_neox.layers.15.attention.query_key_value.bias]
Loading weights:  64%|######4   | 188/292 [00:00<00:00, 2821.78it/s, Materializing param=gpt_neox.layers.15.attention.query_key_value.weight]
Loading weights:  64%|######4   | 188/292 [00:00<00:00, 2819.31it/s, Materializing param=gpt_neox.layers.15.attention.query_key_value.weight]
Loading weights:  65%|######4   | 189/292 [00:00<00:00, 2829.50it/s, Materializing param=gpt_neox.layers.15.input_layernorm.bias]            
Loading weights:  65%|######4   | 189/292 [00:00<00:00, 2826.97it/s, Materializing param=gpt_neox.layers.15.input_layernorm.bias]
Loading weights:  65%|######5   | 190/292 [00:00<00:00, 2837.24it/s, Materializing param=gpt_neox.layers.15.input_layernorm.weight]
Loading weights:  65%|######5   | 190/292 [00:00<00:00, 2834.77it/s, Materializing param=gpt_neox.layers.15.input_layernorm.weight]
Loading weights:  65%|######5   | 191/292 [00:00<00:00, 2845.36it/s, Materializing param=gpt_neox.layers.15.mlp.dense_4h_to_h.bias]
Loading weights:  65%|######5   | 191/292 [00:00<00:00, 2842.93it/s, Materializing param=gpt_neox.layers.15.mlp.dense_4h_to_h.bias]
Loading weights:  66%|######5   | 192/292 [00:00<00:00, 2853.37it/s, Materializing param=gpt_neox.layers.15.mlp.dense_4h_to_h.weight]
Loading weights:  66%|######5   | 192/292 [00:00<00:00, 2850.91it/s, Materializing param=gpt_neox.layers.15.mlp.dense_4h_to_h.weight]
Loading weights:  66%|######6   | 193/292 [00:00<00:00, 2861.39it/s, Materializing param=gpt_neox.layers.15.mlp.dense_h_to_4h.bias]  
Loading weights:  66%|######6   | 193/292 [00:00<00:00, 2858.97it/s, Materializing param=gpt_neox.layers.15.mlp.dense_h_to_4h.bias]
Loading weights:  66%|######6   | 194/292 [00:00<00:00, 2869.46it/s, Materializing param=gpt_neox.layers.15.mlp.dense_h_to_4h.weight]
Loading weights:  66%|######6   | 194/292 [00:00<00:00, 2867.04it/s, Materializing param=gpt_neox.layers.15.mlp.dense_h_to_4h.weight]
Loading weights:  67%|######6   | 195/292 [00:00<00:00, 2877.43it/s, Materializing param=gpt_neox.layers.15.post_attention_layernorm.bias]
Loading weights:  67%|######6   | 195/292 [00:00<00:00, 2874.94it/s, Materializing param=gpt_neox.layers.15.post_attention_layernorm.bias]
Loading weights:  67%|######7   | 196/292 [00:00<00:00, 2885.35it/s, Materializing param=gpt_neox.layers.15.post_attention_layernorm.weight]
Loading weights:  67%|######7   | 196/292 [00:00<00:00, 2882.89it/s, Materializing param=gpt_neox.layers.15.post_attention_layernorm.weight]
Loading weights:  67%|######7   | 197/292 [00:00<00:00, 2893.22it/s, Materializing param=gpt_neox.layers.16.attention.dense.bias]           
Loading weights:  67%|######7   | 197/292 [00:00<00:00, 2890.71it/s, Materializing param=gpt_neox.layers.16.attention.dense.bias]
Loading weights:  68%|######7   | 198/292 [00:00<00:00, 2900.72it/s, Materializing param=gpt_neox.layers.16.attention.dense.weight]
Loading weights:  68%|######7   | 198/292 [00:00<00:00, 2898.26it/s, Materializing param=gpt_neox.layers.16.attention.dense.weight]
Loading weights:  68%|######8   | 199/292 [00:00<00:00, 2908.46it/s, Materializing param=gpt_neox.layers.16.attention.query_key_value.bias]
Loading weights:  68%|######8   | 199/292 [00:00<00:00, 2905.97it/s, Materializing param=gpt_neox.layers.16.attention.query_key_value.bias]
Loading weights:  68%|######8   | 200/292 [00:00<00:00, 2916.17it/s, Materializing param=gpt_neox.layers.16.attention.query_key_value.weight]
Loading weights:  68%|######8   | 200/292 [00:00<00:00, 2913.68it/s, Materializing param=gpt_neox.layers.16.attention.query_key_value.weight]
Loading weights:  69%|######8   | 201/292 [00:00<00:00, 2923.55it/s, Materializing param=gpt_neox.layers.16.input_layernorm.bias]            
Loading weights:  69%|######8   | 201/292 [00:00<00:00, 2921.13it/s, Materializing param=gpt_neox.layers.16.input_layernorm.bias]
Loading weights:  69%|######9   | 202/292 [00:00<00:00, 2931.28it/s, Materializing param=gpt_neox.layers.16.input_layernorm.weight]
Loading weights:  69%|######9   | 202/292 [00:00<00:00, 2928.83it/s, Materializing param=gpt_neox.layers.16.input_layernorm.weight]
Loading weights:  70%|######9   | 203/292 [00:00<00:00, 2939.02it/s, Materializing param=gpt_neox.layers.16.mlp.dense_4h_to_h.bias]
Loading weights:  70%|######9   | 203/292 [00:00<00:00, 2936.60it/s, Materializing param=gpt_neox.layers.16.mlp.dense_4h_to_h.bias]
Loading weights:  70%|######9   | 204/292 [00:00<00:00, 2946.64it/s, Materializing param=gpt_neox.layers.16.mlp.dense_4h_to_h.weight]
Loading weights:  70%|######9   | 204/292 [00:00<00:00, 2944.03it/s, Materializing param=gpt_neox.layers.16.mlp.dense_4h_to_h.weight]
Loading weights:  70%|#######   | 205/292 [00:00<00:00, 2953.80it/s, Materializing param=gpt_neox.layers.16.mlp.dense_h_to_4h.bias]  
Loading weights:  70%|#######   | 205/292 [00:00<00:00, 2951.34it/s, Materializing param=gpt_neox.layers.16.mlp.dense_h_to_4h.bias]
Loading weights:  71%|#######   | 206/292 [00:00<00:00, 2961.45it/s, Materializing param=gpt_neox.layers.16.mlp.dense_h_to_4h.weight]
Loading weights:  71%|#######   | 206/292 [00:00<00:00, 2959.05it/s, Materializing param=gpt_neox.layers.16.mlp.dense_h_to_4h.weight]
Loading weights:  71%|#######   | 207/292 [00:00<00:00, 2968.98it/s, Materializing param=gpt_neox.layers.16.post_attention_layernorm.bias]
Loading weights:  71%|#######   | 207/292 [00:00<00:00, 2966.47it/s, Materializing param=gpt_neox.layers.16.post_attention_layernorm.bias]
Loading weights:  71%|#######1  | 208/292 [00:00<00:00, 2976.37it/s, Materializing param=gpt_neox.layers.16.post_attention_layernorm.weight]
Loading weights:  71%|#######1  | 208/292 [00:00<00:00, 2973.90it/s, Materializing param=gpt_neox.layers.16.post_attention_layernorm.weight]
Loading weights:  72%|#######1  | 209/292 [00:00<00:00, 2983.86it/s, Materializing param=gpt_neox.layers.17.attention.dense.bias]           
Loading weights:  72%|#######1  | 209/292 [00:00<00:00, 2981.37it/s, Materializing param=gpt_neox.layers.17.attention.dense.bias]
Loading weights:  72%|#######1  | 210/292 [00:00<00:00, 2991.08it/s, Materializing param=gpt_neox.layers.17.attention.dense.weight]
Loading weights:  72%|#######1  | 210/292 [00:00<00:00, 2988.62it/s, Materializing param=gpt_neox.layers.17.attention.dense.weight]
Loading weights:  72%|#######2  | 211/292 [00:00<00:00, 2998.42it/s, Materializing param=gpt_neox.layers.17.attention.query_key_value.bias]
Loading weights:  72%|#######2  | 211/292 [00:00<00:00, 2995.93it/s, Materializing param=gpt_neox.layers.17.attention.query_key_value.bias]
Loading weights:  73%|#######2  | 212/292 [00:00<00:00, 3005.61it/s, Materializing param=gpt_neox.layers.17.attention.query_key_value.weight]
Loading weights:  73%|#######2  | 212/292 [00:00<00:00, 3003.10it/s, Materializing param=gpt_neox.layers.17.attention.query_key_value.weight]
Loading weights:  73%|#######2  | 213/292 [00:00<00:00, 3012.62it/s, Materializing param=gpt_neox.layers.17.input_layernorm.bias]            
Loading weights:  73%|#######2  | 213/292 [00:00<00:00, 3009.77it/s, Materializing param=gpt_neox.layers.17.input_layernorm.bias]
Loading weights:  73%|#######3  | 214/292 [00:00<00:00, 3019.33it/s, Materializing param=gpt_neox.layers.17.input_layernorm.weight]
Loading weights:  73%|#######3  | 214/292 [00:00<00:00, 3016.82it/s, Materializing param=gpt_neox.layers.17.input_layernorm.weight]
Loading weights:  74%|#######3  | 215/292 [00:00<00:00, 3026.64it/s, Materializing param=gpt_neox.layers.17.mlp.dense_4h_to_h.bias]
Loading weights:  74%|#######3  | 215/292 [00:00<00:00, 3024.19it/s, Materializing param=gpt_neox.layers.17.mlp.dense_4h_to_h.bias]
Loading weights:  74%|#######3  | 216/292 [00:00<00:00, 3033.90it/s, Materializing param=gpt_neox.layers.17.mlp.dense_4h_to_h.weight]
Loading weights:  74%|#######3  | 216/292 [00:00<00:00, 3031.43it/s, Materializing param=gpt_neox.layers.17.mlp.dense_4h_to_h.weight]
Loading weights:  74%|#######4  | 217/292 [00:00<00:00, 3040.86it/s, Materializing param=gpt_neox.layers.17.mlp.dense_h_to_4h.bias]  
Loading weights:  74%|#######4  | 217/292 [00:00<00:00, 3038.41it/s, Materializing param=gpt_neox.layers.17.mlp.dense_h_to_4h.bias]
Loading weights:  75%|#######4  | 218/292 [00:00<00:00, 3047.77it/s, Materializing param=gpt_neox.layers.17.mlp.dense_h_to_4h.weight]
Loading weights:  75%|#######4  | 218/292 [00:00<00:00, 3045.31it/s, Materializing param=gpt_neox.layers.17.mlp.dense_h_to_4h.weight]
Loading weights:  75%|#######5  | 219/292 [00:00<00:00, 3054.88it/s, Materializing param=gpt_neox.layers.17.post_attention_layernorm.bias]
Loading weights:  75%|#######5  | 219/292 [00:00<00:00, 3052.38it/s, Materializing param=gpt_neox.layers.17.post_attention_layernorm.bias]
Loading weights:  75%|#######5  | 220/292 [00:00<00:00, 3061.91it/s, Materializing param=gpt_neox.layers.17.post_attention_layernorm.weight]
Loading weights:  75%|#######5  | 220/292 [00:00<00:00, 3059.42it/s, Materializing param=gpt_neox.layers.17.post_attention_layernorm.weight]
Loading weights:  76%|#######5  | 221/292 [00:00<00:00, 3068.69it/s, Materializing param=gpt_neox.layers.18.attention.dense.bias]           
Loading weights:  76%|#######5  | 221/292 [00:00<00:00, 3066.17it/s, Materializing param=gpt_neox.layers.18.attention.dense.bias]
Loading weights:  76%|#######6  | 222/292 [00:00<00:00, 3075.51it/s, Materializing param=gpt_neox.layers.18.attention.dense.weight]
Loading weights:  76%|#######6  | 222/292 [00:00<00:00, 3073.04it/s, Materializing param=gpt_neox.layers.18.attention.dense.weight]
Loading weights:  76%|#######6  | 223/292 [00:00<00:00, 3082.50it/s, Materializing param=gpt_neox.layers.18.attention.query_key_value.bias]
Loading weights:  76%|#######6  | 223/292 [00:00<00:00, 3080.03it/s, Materializing param=gpt_neox.layers.18.attention.query_key_value.bias]
Loading weights:  77%|#######6  | 224/292 [00:00<00:00, 3089.36it/s, Materializing param=gpt_neox.layers.18.attention.query_key_value.weight]
Loading weights:  77%|#######6  | 224/292 [00:00<00:00, 3086.86it/s, Materializing param=gpt_neox.layers.18.attention.query_key_value.weight]
Loading weights:  77%|#######7  | 225/292 [00:00<00:00, 3096.23it/s, Materializing param=gpt_neox.layers.18.input_layernorm.bias]            
Loading weights:  77%|#######7  | 225/292 [00:00<00:00, 3093.77it/s, Materializing param=gpt_neox.layers.18.input_layernorm.bias]
Loading weights:  77%|#######7  | 226/292 [00:00<00:00, 3102.88it/s, Materializing param=gpt_neox.layers.18.input_layernorm.weight]
Loading weights:  77%|#######7  | 226/292 [00:00<00:00, 3100.45it/s, Materializing param=gpt_neox.layers.18.input_layernorm.weight]
Loading weights:  78%|#######7  | 227/292 [00:00<00:00, 3109.81it/s, Materializing param=gpt_neox.layers.18.mlp.dense_4h_to_h.bias]
Loading weights:  78%|#######7  | 227/292 [00:00<00:00, 3107.37it/s, Materializing param=gpt_neox.layers.18.mlp.dense_4h_to_h.bias]
Loading weights:  78%|#######8  | 228/292 [00:00<00:00, 3116.43it/s, Materializing param=gpt_neox.layers.18.mlp.dense_4h_to_h.weight]
Loading weights:  78%|#######8  | 228/292 [00:00<00:00, 3113.93it/s, Materializing param=gpt_neox.layers.18.mlp.dense_4h_to_h.weight]
Loading weights:  78%|#######8  | 229/292 [00:00<00:00, 3123.19it/s, Materializing param=gpt_neox.layers.18.mlp.dense_h_to_4h.bias]  
Loading weights:  78%|#######8  | 229/292 [00:00<00:00, 3120.74it/s, Materializing param=gpt_neox.layers.18.mlp.dense_h_to_4h.bias]
Loading weights:  79%|#######8  | 230/292 [00:00<00:00, 3129.97it/s, Materializing param=gpt_neox.layers.18.mlp.dense_h_to_4h.weight]
Loading weights:  79%|#######8  | 230/292 [00:00<00:00, 3127.54it/s, Materializing param=gpt_neox.layers.18.mlp.dense_h_to_4h.weight]
Loading weights:  79%|#######9  | 231/292 [00:00<00:00, 3136.81it/s, Materializing param=gpt_neox.layers.18.post_attention_layernorm.bias]
Loading weights:  79%|#######9  | 231/292 [00:00<00:00, 3134.35it/s, Materializing param=gpt_neox.layers.18.post_attention_layernorm.bias]
Loading weights:  79%|#######9  | 232/292 [00:00<00:00, 3143.50it/s, Materializing param=gpt_neox.layers.18.post_attention_layernorm.weight]
Loading weights:  79%|#######9  | 232/292 [00:00<00:00, 3141.01it/s, Materializing param=gpt_neox.layers.18.post_attention_layernorm.weight]
Loading weights:  80%|#######9  | 233/292 [00:00<00:00, 3150.22it/s, Materializing param=gpt_neox.layers.19.attention.dense.bias]           
Loading weights:  80%|#######9  | 233/292 [00:00<00:00, 3147.77it/s, Materializing param=gpt_neox.layers.19.attention.dense.bias]
Loading weights:  80%|########  | 234/292 [00:00<00:00, 3156.83it/s, Materializing param=gpt_neox.layers.19.attention.dense.weight]
Loading weights:  80%|########  | 234/292 [00:00<00:00, 3154.38it/s, Materializing param=gpt_neox.layers.19.attention.dense.weight]
Loading weights:  80%|########  | 235/292 [00:00<00:00, 3163.48it/s, Materializing param=gpt_neox.layers.19.attention.query_key_value.bias]
Loading weights:  80%|########  | 235/292 [00:00<00:00, 3161.02it/s, Materializing param=gpt_neox.layers.19.attention.query_key_value.bias]
Loading weights:  81%|########  | 236/292 [00:00<00:00, 3170.12it/s, Materializing param=gpt_neox.layers.19.attention.query_key_value.weight]
Loading weights:  81%|########  | 236/292 [00:00<00:00, 3167.51it/s, Materializing param=gpt_neox.layers.19.attention.query_key_value.weight]
Loading weights:  81%|########1 | 237/292 [00:00<00:00, 3176.22it/s, Materializing param=gpt_neox.layers.19.input_layernorm.bias]            
Loading weights:  81%|########1 | 237/292 [00:00<00:00, 3173.78it/s, Materializing param=gpt_neox.layers.19.input_layernorm.bias]
Loading weights:  82%|########1 | 238/292 [00:00<00:00, 3182.53it/s, Materializing param=gpt_neox.layers.19.input_layernorm.weight]
Loading weights:  82%|########1 | 238/292 [00:00<00:00, 3180.06it/s, Materializing param=gpt_neox.layers.19.input_layernorm.weight]
Loading weights:  82%|########1 | 239/292 [00:00<00:00, 3189.14it/s, Materializing param=gpt_neox.layers.19.mlp.dense_4h_to_h.bias]
Loading weights:  82%|########1 | 239/292 [00:00<00:00, 3186.68it/s, Materializing param=gpt_neox.layers.19.mlp.dense_4h_to_h.bias]
Loading weights:  82%|########2 | 240/292 [00:00<00:00, 3195.65it/s, Materializing param=gpt_neox.layers.19.mlp.dense_4h_to_h.weight]
Loading weights:  82%|########2 | 240/292 [00:00<00:00, 3193.19it/s, Materializing param=gpt_neox.layers.19.mlp.dense_4h_to_h.weight]
Loading weights:  83%|########2 | 241/292 [00:00<00:00, 3202.04it/s, Materializing param=gpt_neox.layers.19.mlp.dense_h_to_4h.bias]  
Loading weights:  83%|########2 | 241/292 [00:00<00:00, 3199.58it/s, Materializing param=gpt_neox.layers.19.mlp.dense_h_to_4h.bias]
Loading weights:  83%|########2 | 242/292 [00:00<00:00, 3208.42it/s, Materializing param=gpt_neox.layers.19.mlp.dense_h_to_4h.weight]
Loading weights:  83%|########2 | 242/292 [00:00<00:00, 3205.92it/s, Materializing param=gpt_neox.layers.19.mlp.dense_h_to_4h.weight]
Loading weights:  83%|########3 | 243/292 [00:00<00:00, 3214.76it/s, Materializing param=gpt_neox.layers.19.post_attention_layernorm.bias]
Loading weights:  83%|########3 | 243/292 [00:00<00:00, 3212.23it/s, Materializing param=gpt_neox.layers.19.post_attention_layernorm.bias]
Loading weights:  84%|########3 | 244/292 [00:00<00:00, 3220.70it/s, Materializing param=gpt_neox.layers.19.post_attention_layernorm.weight]
Loading weights:  84%|########3 | 244/292 [00:00<00:00, 3218.14it/s, Materializing param=gpt_neox.layers.19.post_attention_layernorm.weight]
Loading weights:  84%|########3 | 245/292 [00:00<00:00, 3226.90it/s, Materializing param=gpt_neox.layers.20.attention.dense.bias]           
Loading weights:  84%|########3 | 245/292 [00:00<00:00, 3224.44it/s, Materializing param=gpt_neox.layers.20.attention.dense.bias]
Loading weights:  84%|########4 | 246/292 [00:00<00:00, 3233.06it/s, Materializing param=gpt_neox.layers.20.attention.dense.weight]
Loading weights:  84%|########4 | 246/292 [00:00<00:00, 3230.61it/s, Materializing param=gpt_neox.layers.20.attention.dense.weight]
Loading weights:  85%|########4 | 247/292 [00:00<00:00, 3239.35it/s, Materializing param=gpt_neox.layers.20.attention.query_key_value.bias]
Loading weights:  85%|########4 | 247/292 [00:00<00:00, 3236.87it/s, Materializing param=gpt_neox.layers.20.attention.query_key_value.bias]
Loading weights:  85%|########4 | 248/292 [00:00<00:00, 3245.49it/s, Materializing param=gpt_neox.layers.20.attention.query_key_value.weight]
Loading weights:  85%|########4 | 248/292 [00:00<00:00, 3242.98it/s, Materializing param=gpt_neox.layers.20.attention.query_key_value.weight]
Loading weights:  85%|########5 | 249/292 [00:00<00:00, 3251.74it/s, Materializing param=gpt_neox.layers.20.input_layernorm.bias]            
Loading weights:  85%|########5 | 249/292 [00:00<00:00, 3249.45it/s, Materializing param=gpt_neox.layers.20.input_layernorm.bias]
Loading weights:  86%|########5 | 250/292 [00:00<00:00, 3258.30it/s, Materializing param=gpt_neox.layers.20.input_layernorm.weight]
Loading weights:  86%|########5 | 250/292 [00:00<00:00, 3255.50it/s, Materializing param=gpt_neox.layers.20.input_layernorm.weight]
Loading weights:  86%|########5 | 251/292 [00:00<00:00, 3264.11it/s, Materializing param=gpt_neox.layers.20.mlp.dense_4h_to_h.bias]
Loading weights:  86%|########5 | 251/292 [00:00<00:00, 3261.61it/s, Materializing param=gpt_neox.layers.20.mlp.dense_4h_to_h.bias]
Loading weights:  86%|########6 | 252/292 [00:00<00:00, 3270.22it/s, Materializing param=gpt_neox.layers.20.mlp.dense_4h_to_h.weight]
Loading weights:  86%|########6 | 252/292 [00:00<00:00, 3267.71it/s, Materializing param=gpt_neox.layers.20.mlp.dense_4h_to_h.weight]
Loading weights:  87%|########6 | 253/292 [00:00<00:00, 3275.90it/s, Materializing param=gpt_neox.layers.20.mlp.dense_h_to_4h.bias]  
Loading weights:  87%|########6 | 253/292 [00:00<00:00, 3273.44it/s, Materializing param=gpt_neox.layers.20.mlp.dense_h_to_4h.bias]
Loading weights:  87%|########6 | 254/292 [00:00<00:00, 3281.99it/s, Materializing param=gpt_neox.layers.20.mlp.dense_h_to_4h.weight]
Loading weights:  87%|########6 | 254/292 [00:00<00:00, 3279.56it/s, Materializing param=gpt_neox.layers.20.mlp.dense_h_to_4h.weight]
Loading weights:  87%|########7 | 255/292 [00:00<00:00, 3288.04it/s, Materializing param=gpt_neox.layers.20.post_attention_layernorm.bias]
Loading weights:  87%|########7 | 255/292 [00:00<00:00, 3285.58it/s, Materializing param=gpt_neox.layers.20.post_attention_layernorm.bias]
Loading weights:  88%|########7 | 256/292 [00:00<00:00, 3294.07it/s, Materializing param=gpt_neox.layers.20.post_attention_layernorm.weight]
Loading weights:  88%|########7 | 256/292 [00:00<00:00, 3291.59it/s, Materializing param=gpt_neox.layers.20.post_attention_layernorm.weight]
Loading weights:  88%|########8 | 257/292 [00:00<00:00, 3299.89it/s, Materializing param=gpt_neox.layers.21.attention.dense.bias]           
Loading weights:  88%|########8 | 257/292 [00:00<00:00, 3297.40it/s, Materializing param=gpt_neox.layers.21.attention.dense.bias]
Loading weights:  88%|########8 | 258/292 [00:00<00:00, 3305.73it/s, Materializing param=gpt_neox.layers.21.attention.dense.weight]
Loading weights:  88%|########8 | 258/292 [00:00<00:00, 3303.29it/s, Materializing param=gpt_neox.layers.21.attention.dense.weight]
Loading weights:  89%|########8 | 259/292 [00:00<00:00, 3311.75it/s, Materializing param=gpt_neox.layers.21.attention.query_key_value.bias]
Loading weights:  89%|########8 | 259/292 [00:00<00:00, 3309.29it/s, Materializing param=gpt_neox.layers.21.attention.query_key_value.bias]
Loading weights:  89%|########9 | 260/292 [00:00<00:00, 3317.65it/s, Materializing param=gpt_neox.layers.21.attention.query_key_value.weight]
Loading weights:  89%|########9 | 260/292 [00:00<00:00, 3315.09it/s, Materializing param=gpt_neox.layers.21.attention.query_key_value.weight]
Loading weights:  89%|########9 | 261/292 [00:00<00:00, 3323.16it/s, Materializing param=gpt_neox.layers.21.input_layernorm.bias]            
Loading weights:  89%|########9 | 261/292 [00:00<00:00, 3320.74it/s, Materializing param=gpt_neox.layers.21.input_layernorm.bias]
Loading weights:  90%|########9 | 262/292 [00:00<00:00, 3329.17it/s, Materializing param=gpt_neox.layers.21.input_layernorm.weight]
Loading weights:  90%|########9 | 262/292 [00:00<00:00, 3326.49it/s, Materializing param=gpt_neox.layers.21.input_layernorm.weight]
Loading weights:  90%|######### | 263/292 [00:00<00:00, 3334.86it/s, Materializing param=gpt_neox.layers.21.mlp.dense_4h_to_h.bias]
Loading weights:  90%|######### | 263/292 [00:00<00:00, 3332.44it/s, Materializing param=gpt_neox.layers.21.mlp.dense_4h_to_h.bias]
Loading weights:  90%|######### | 264/292 [00:00<00:00, 3340.75it/s, Materializing param=gpt_neox.layers.21.mlp.dense_4h_to_h.weight]
Loading weights:  90%|######### | 264/292 [00:00<00:00, 3338.32it/s, Materializing param=gpt_neox.layers.21.mlp.dense_4h_to_h.weight]
Loading weights:  91%|######### | 265/292 [00:00<00:00, 3346.54it/s, Materializing param=gpt_neox.layers.21.mlp.dense_h_to_4h.bias]  
Loading weights:  91%|######### | 265/292 [00:00<00:00, 3344.12it/s, Materializing param=gpt_neox.layers.21.mlp.dense_h_to_4h.bias]
Loading weights:  91%|#########1| 266/292 [00:00<00:00, 3352.45it/s, Materializing param=gpt_neox.layers.21.mlp.dense_h_to_4h.weight]
Loading weights:  91%|#########1| 266/292 [00:00<00:00, 3347.11it/s, Materializing param=gpt_neox.layers.21.mlp.dense_h_to_4h.weight]
Loading weights:  91%|#########1| 267/292 [00:00<00:00, 3352.07it/s, Materializing param=gpt_neox.layers.21.post_attention_layernorm.bias]
Loading weights:  91%|#########1| 267/292 [00:00<00:00, 3348.83it/s, Materializing param=gpt_neox.layers.21.post_attention_layernorm.bias]
Loading weights:  92%|#########1| 268/292 [00:00<00:00, 3351.08it/s, Materializing param=gpt_neox.layers.21.post_attention_layernorm.weight]
Loading weights:  92%|#########1| 268/292 [00:00<00:00, 3347.66it/s, Materializing param=gpt_neox.layers.21.post_attention_layernorm.weight]
Loading weights:  92%|#########2| 269/292 [00:00<00:00, 3353.89it/s, Materializing param=gpt_neox.layers.22.attention.dense.bias]           
Loading weights:  92%|#########2| 269/292 [00:00<00:00, 3350.70it/s, Materializing param=gpt_neox.layers.22.attention.dense.bias]
Loading weights:  92%|#########2| 270/292 [00:00<00:00, 3352.92it/s, Materializing param=gpt_neox.layers.22.attention.dense.weight]
Loading weights:  92%|#########2| 270/292 [00:00<00:00, 3349.55it/s, Materializing param=gpt_neox.layers.22.attention.dense.weight]
Loading weights:  93%|#########2| 271/292 [00:00<00:00, 3356.15it/s, Materializing param=gpt_neox.layers.22.attention.query_key_value.bias]
Loading weights:  93%|#########2| 271/292 [00:00<00:00, 3353.46it/s, Materializing param=gpt_neox.layers.22.attention.query_key_value.bias]
Loading weights:  93%|#########3| 272/292 [00:00<00:00, 3359.22it/s, Materializing param=gpt_neox.layers.22.attention.query_key_value.weight]
Loading weights:  93%|#########3| 272/292 [00:00<00:00, 3356.56it/s, Materializing param=gpt_neox.layers.22.attention.query_key_value.weight]
Loading weights:  93%|#########3| 273/292 [00:00<00:00, 3364.06it/s, Materializing param=gpt_neox.layers.22.input_layernorm.bias]            
Loading weights:  93%|#########3| 273/292 [00:00<00:00, 3361.59it/s, Materializing param=gpt_neox.layers.22.input_layernorm.bias]
Loading weights:  94%|#########3| 274/292 [00:00<00:00, 3369.48it/s, Materializing param=gpt_neox.layers.22.input_layernorm.weight]
Loading weights:  94%|#########3| 274/292 [00:00<00:00, 3367.19it/s, Materializing param=gpt_neox.layers.22.input_layernorm.weight]
Loading weights:  94%|#########4| 275/292 [00:00<00:00, 3375.36it/s, Materializing param=gpt_neox.layers.22.mlp.dense_4h_to_h.bias]
Loading weights:  94%|#########4| 275/292 [00:00<00:00, 3372.95it/s, Materializing param=gpt_neox.layers.22.mlp.dense_4h_to_h.bias]
Loading weights:  95%|#########4| 276/292 [00:00<00:00, 3380.80it/s, Materializing param=gpt_neox.layers.22.mlp.dense_4h_to_h.weight]
Loading weights:  95%|#########4| 276/292 [00:00<00:00, 3378.37it/s, Materializing param=gpt_neox.layers.22.mlp.dense_4h_to_h.weight]
Loading weights:  95%|#########4| 277/292 [00:00<00:00, 3386.22it/s, Materializing param=gpt_neox.layers.22.mlp.dense_h_to_4h.bias]  
Loading weights:  95%|#########4| 277/292 [00:00<00:00, 3383.80it/s, Materializing param=gpt_neox.layers.22.mlp.dense_h_to_4h.bias]
Loading weights:  95%|#########5| 278/292 [00:00<00:00, 3391.36it/s, Materializing param=gpt_neox.layers.22.mlp.dense_h_to_4h.weight]
Loading weights:  95%|#########5| 278/292 [00:00<00:00, 3388.87it/s, Materializing param=gpt_neox.layers.22.mlp.dense_h_to_4h.weight]
Loading weights:  96%|#########5| 279/292 [00:00<00:00, 3396.28it/s, Materializing param=gpt_neox.layers.22.post_attention_layernorm.bias]
Loading weights:  96%|#########5| 279/292 [00:00<00:00, 3393.82it/s, Materializing param=gpt_neox.layers.22.post_attention_layernorm.bias]
Loading weights:  96%|#########5| 280/292 [00:00<00:00, 3401.53it/s, Materializing param=gpt_neox.layers.22.post_attention_layernorm.weight]
Loading weights:  96%|#########5| 280/292 [00:00<00:00, 3399.06it/s, Materializing param=gpt_neox.layers.22.post_attention_layernorm.weight]
Loading weights:  96%|#########6| 281/292 [00:00<00:00, 3406.84it/s, Materializing param=gpt_neox.layers.23.attention.dense.bias]           
Loading weights:  96%|#########6| 281/292 [00:00<00:00, 3404.47it/s, Materializing param=gpt_neox.layers.23.attention.dense.bias]
Loading weights:  97%|#########6| 282/292 [00:00<00:00, 3412.19it/s, Materializing param=gpt_neox.layers.23.attention.dense.weight]
Loading weights:  97%|#########6| 282/292 [00:00<00:00, 3409.80it/s, Materializing param=gpt_neox.layers.23.attention.dense.weight]
Loading weights:  97%|#########6| 283/292 [00:00<00:00, 3417.62it/s, Materializing param=gpt_neox.layers.23.attention.query_key_value.bias]
Loading weights:  97%|#########6| 283/292 [00:00<00:00, 3415.22it/s, Materializing param=gpt_neox.layers.23.attention.query_key_value.bias]
Loading weights:  97%|#########7| 284/292 [00:00<00:00, 3422.98it/s, Materializing param=gpt_neox.layers.23.attention.query_key_value.weight]
Loading weights:  97%|#########7| 284/292 [00:00<00:00, 3420.49it/s, Materializing param=gpt_neox.layers.23.attention.query_key_value.weight]
Loading weights:  98%|#########7| 285/292 [00:00<00:00, 3428.00it/s, Materializing param=gpt_neox.layers.23.input_layernorm.bias]            
Loading weights:  98%|#########7| 285/292 [00:00<00:00, 3425.61it/s, Materializing param=gpt_neox.layers.23.input_layernorm.bias]
Loading weights:  98%|#########7| 286/292 [00:00<00:00, 3433.43it/s, Materializing param=gpt_neox.layers.23.input_layernorm.weight]
Loading weights:  98%|#########7| 286/292 [00:00<00:00, 3431.08it/s, Materializing param=gpt_neox.layers.23.input_layernorm.weight]
Loading weights:  98%|#########8| 287/292 [00:00<00:00, 3438.96it/s, Materializing param=gpt_neox.layers.23.mlp.dense_4h_to_h.bias]
Loading weights:  98%|#########8| 287/292 [00:00<00:00, 3436.61it/s, Materializing param=gpt_neox.layers.23.mlp.dense_4h_to_h.bias]
Loading weights:  99%|#########8| 288/292 [00:00<00:00, 3444.19it/s, Materializing param=gpt_neox.layers.23.mlp.dense_4h_to_h.weight]
Loading weights:  99%|#########8| 288/292 [00:00<00:00, 3441.79it/s, Materializing param=gpt_neox.layers.23.mlp.dense_4h_to_h.weight]
Loading weights:  99%|#########8| 289/292 [00:00<00:00, 3449.26it/s, Materializing param=gpt_neox.layers.23.mlp.dense_h_to_4h.bias]  
Loading weights:  99%|#########8| 289/292 [00:00<00:00, 3446.90it/s, Materializing param=gpt_neox.layers.23.mlp.dense_h_to_4h.bias]
Loading weights:  99%|#########9| 290/292 [00:00<00:00, 3454.42it/s, Materializing param=gpt_neox.layers.23.mlp.dense_h_to_4h.weight]
Loading weights:  99%|#########9| 290/292 [00:00<00:00, 3451.99it/s, Materializing param=gpt_neox.layers.23.mlp.dense_h_to_4h.weight]
Loading weights: 100%|#########9| 291/292 [00:00<00:00, 3459.00it/s, Materializing param=gpt_neox.layers.23.post_attention_layernorm.bias]
Loading weights: 100%|#########9| 291/292 [00:00<00:00, 3456.46it/s, Materializing param=gpt_neox.layers.23.post_attention_layernorm.bias]
Loading weights: 100%|##########| 292/292 [00:00<00:00, 3463.40it/s, Materializing param=gpt_neox.layers.23.post_attention_layernorm.weight]
Loading weights: 100%|##########| 292/292 [00:00<00:00, 3460.95it/s, Materializing param=gpt_neox.layers.23.post_attention_layernorm.weight]
Loading weights: 100%|##########| 292/292 [00:00<00:00, 3455.83it/s, Materializing param=gpt_neox.layers.23.post_attention_layernorm.weight]

Loading weights:   0%|          | 0/292 [00:00<?, ?it/s]
Loading weights:   0%|          | 1/292 [00:00<00:00, 34379.54it/s, Materializing param=embed_out.weight]
Loading weights:   0%|          | 1/292 [00:00<00:00, 1004.14it/s, Materializing param=embed_out.weight] 
Loading weights:   1%|          | 2/292 [00:00<00:00, 1691.59it/s, Materializing param=gpt_neox.embed_in.weight]
Loading weights:   1%|          | 2/292 [00:00<00:00, 1125.53it/s, Materializing param=gpt_neox.embed_in.weight]
Loading weights:   1%|1         | 3/292 [00:00<00:00, 1343.90it/s, Materializing param=gpt_neox.final_layer_norm.bias]
Loading weights:   1%|1         | 3/292 [00:00<00:00, 1256.16it/s, Materializing param=gpt_neox.final_layer_norm.bias]
Loading weights:   1%|1         | 4/292 [00:00<00:00, 1197.35it/s, Materializing param=gpt_neox.final_layer_norm.weight]
Loading weights:   1%|1         | 4/292 [00:00<00:00, 1172.17it/s, Materializing param=gpt_neox.final_layer_norm.weight]
Loading weights:   2%|1         | 5/292 [00:00<00:00, 1304.04it/s, Materializing param=gpt_neox.layers.0.attention.dense.bias]
Loading weights:   2%|1         | 5/292 [00:00<00:00, 1224.47it/s, Materializing param=gpt_neox.layers.0.attention.dense.bias]
Loading weights:   2%|2         | 6/292 [00:00<00:00, 1368.23it/s, Materializing param=gpt_neox.layers.0.attention.dense.weight]
Loading weights:   2%|2         | 6/292 [00:00<00:00, 1346.34it/s, Materializing param=gpt_neox.layers.0.attention.dense.weight]
Loading weights:   2%|2         | 7/292 [00:00<00:00, 1400.44it/s, Materializing param=gpt_neox.layers.0.attention.query_key_value.bias]
Loading weights:   2%|2         | 7/292 [00:00<00:00, 1338.81it/s, Materializing param=gpt_neox.layers.0.attention.query_key_value.bias]
Loading weights:   3%|2         | 8/292 [00:00<00:00, 1347.46it/s, Materializing param=gpt_neox.layers.0.attention.query_key_value.weight]
Loading weights:   3%|2         | 8/292 [00:00<00:00, 1287.09it/s, Materializing param=gpt_neox.layers.0.attention.query_key_value.weight]
Loading weights:   3%|3         | 9/292 [00:00<00:00, 1246.16it/s, Materializing param=gpt_neox.layers.0.input_layernorm.bias]            
Loading weights:   3%|3         | 9/292 [00:00<00:00, 1207.42it/s, Materializing param=gpt_neox.layers.0.input_layernorm.bias]
Loading weights:   3%|3         | 10/292 [00:00<00:00, 1068.45it/s, Materializing param=gpt_neox.layers.0.input_layernorm.weight]
Loading weights:   3%|3         | 10/292 [00:00<00:00, 1057.75it/s, Materializing param=gpt_neox.layers.0.input_layernorm.weight]
Loading weights:   4%|3         | 11/292 [00:00<00:00, 1101.08it/s, Materializing param=gpt_neox.layers.0.mlp.dense_4h_to_h.bias]
Loading weights:   4%|3         | 11/292 [00:00<00:00, 1078.81it/s, Materializing param=gpt_neox.layers.0.mlp.dense_4h_to_h.bias]
Loading weights:   4%|4         | 12/292 [00:00<00:00, 1101.83it/s, Materializing param=gpt_neox.layers.0.mlp.dense_4h_to_h.weight]
Loading weights:   4%|4         | 12/292 [00:00<00:00, 1085.11it/s, Materializing param=gpt_neox.layers.0.mlp.dense_4h_to_h.weight]
Loading weights:   4%|4         | 13/292 [00:00<00:00, 1082.44it/s, Materializing param=gpt_neox.layers.0.mlp.dense_h_to_4h.bias]  
Loading weights:   4%|4         | 13/292 [00:00<00:00, 1074.97it/s, Materializing param=gpt_neox.layers.0.mlp.dense_h_to_4h.bias]
Loading weights:   5%|4         | 14/292 [00:00<00:00, 1089.47it/s, Materializing param=gpt_neox.layers.0.mlp.dense_h_to_4h.weight]
Loading weights:   5%|4         | 14/292 [00:00<00:00, 1082.04it/s, Materializing param=gpt_neox.layers.0.mlp.dense_h_to_4h.weight]
Loading weights:   5%|5         | 15/292 [00:00<00:00, 1069.81it/s, Materializing param=gpt_neox.layers.0.post_attention_layernorm.bias]
Loading weights:   5%|5         | 15/292 [00:00<00:00, 1020.38it/s, Materializing param=gpt_neox.layers.0.post_attention_layernorm.bias]
Loading weights:   5%|5         | 16/292 [00:00<00:00, 1060.69it/s, Materializing param=gpt_neox.layers.0.post_attention_layernorm.weight]
Loading weights:   5%|5         | 16/292 [00:00<00:00, 1030.98it/s, Materializing param=gpt_neox.layers.0.post_attention_layernorm.weight]
Loading weights:   6%|5         | 17/292 [00:00<00:00, 1028.99it/s, Materializing param=gpt_neox.layers.1.attention.dense.bias]           
Loading weights:   6%|5         | 17/292 [00:00<00:00, 1008.43it/s, Materializing param=gpt_neox.layers.1.attention.dense.bias]
Loading weights:   6%|6         | 18/292 [00:00<00:00, 1016.42it/s, Materializing param=gpt_neox.layers.1.attention.dense.weight]
Loading weights:   6%|6         | 18/292 [00:00<00:00, 1007.36it/s, Materializing param=gpt_neox.layers.1.attention.dense.weight]
Loading weights:   7%|6         | 19/292 [00:00<00:00, 1018.57it/s, Materializing param=gpt_neox.layers.1.attention.query_key_value.bias]
Loading weights:   7%|6         | 19/292 [00:00<00:00, 1014.50it/s, Materializing param=gpt_neox.layers.1.attention.query_key_value.bias]
Loading weights:   7%|6         | 20/292 [00:00<00:00, 1006.48it/s, Materializing param=gpt_neox.layers.1.attention.query_key_value.weight]
Loading weights:   7%|6         | 20/292 [00:00<00:00, 998.16it/s, Materializing param=gpt_neox.layers.1.attention.query_key_value.weight] 
Loading weights:   7%|7         | 21/292 [00:00<00:00, 1024.24it/s, Materializing param=gpt_neox.layers.1.input_layernorm.bias]           
Loading weights:   7%|7         | 21/292 [00:00<00:00, 1016.16it/s, Materializing param=gpt_neox.layers.1.input_layernorm.bias]
Loading weights:   8%|7         | 22/292 [00:00<00:00, 1035.62it/s, Materializing param=gpt_neox.layers.1.input_layernorm.weight]
Loading weights:   8%|7         | 22/292 [00:00<00:00, 1026.71it/s, Materializing param=gpt_neox.layers.1.input_layernorm.weight]
Loading weights:   8%|7         | 23/292 [00:00<00:00, 1036.77it/s, Materializing param=gpt_neox.layers.1.mlp.dense_4h_to_h.bias]
Loading weights:   8%|7         | 23/292 [00:00<00:00, 1032.75it/s, Materializing param=gpt_neox.layers.1.mlp.dense_4h_to_h.bias]
Loading weights:   8%|8         | 24/292 [00:00<00:00, 1044.18it/s, Materializing param=gpt_neox.layers.1.mlp.dense_4h_to_h.weight]
Loading weights:   8%|8         | 24/292 [00:00<00:00, 1037.52it/s, Materializing param=gpt_neox.layers.1.mlp.dense_4h_to_h.weight]
Loading weights:   9%|8         | 25/292 [00:00<00:00, 1062.71it/s, Materializing param=gpt_neox.layers.1.mlp.dense_h_to_4h.bias]  
Loading weights:   9%|8         | 25/292 [00:00<00:00, 1059.37it/s, Materializing param=gpt_neox.layers.1.mlp.dense_h_to_4h.bias]
Loading weights:   9%|8         | 26/292 [00:00<00:00, 1079.49it/s, Materializing param=gpt_neox.layers.1.mlp.dense_h_to_4h.weight]
Loading weights:   9%|8         | 26/292 [00:00<00:00, 1076.28it/s, Materializing param=gpt_neox.layers.1.mlp.dense_h_to_4h.weight]
Loading weights:   9%|9         | 27/292 [00:00<00:00, 1100.94it/s, Materializing param=gpt_neox.layers.1.post_attention_layernorm.bias]
Loading weights:   9%|9         | 27/292 [00:00<00:00, 1096.04it/s, Materializing param=gpt_neox.layers.1.post_attention_layernorm.bias]
Loading weights:  10%|9         | 28/292 [00:00<00:00, 1085.85it/s, Materializing param=gpt_neox.layers.1.post_attention_layernorm.weight]
Loading weights:  10%|9         | 28/292 [00:00<00:00, 1060.54it/s, Materializing param=gpt_neox.layers.1.post_attention_layernorm.weight]
Loading weights:  10%|9         | 29/292 [00:00<00:00, 1073.33it/s, Materializing param=gpt_neox.layers.2.attention.dense.bias]           
Loading weights:  10%|9         | 29/292 [00:00<00:00, 1065.18it/s, Materializing param=gpt_neox.layers.2.attention.dense.bias]
Loading weights:  10%|#         | 30/292 [00:00<00:00, 1055.26it/s, Materializing param=gpt_neox.layers.2.attention.dense.weight]
Loading weights:  10%|#         | 30/292 [00:00<00:00, 1025.34it/s, Materializing param=gpt_neox.layers.2.attention.dense.weight]
Loading weights:  11%|#         | 31/292 [00:00<00:00, 1025.05it/s, Materializing param=gpt_neox.layers.2.attention.query_key_value.bias]
Loading weights:  11%|#         | 31/292 [00:00<00:00, 1019.22it/s, Materializing param=gpt_neox.layers.2.attention.query_key_value.bias]
Loading weights:  11%|#         | 32/292 [00:00<00:00, 1041.89it/s, Materializing param=gpt_neox.layers.2.attention.query_key_value.weight]
Loading weights:  11%|#         | 32/292 [00:00<00:00, 1039.33it/s, Materializing param=gpt_neox.layers.2.attention.query_key_value.weight]
Loading weights:  11%|#1        | 33/292 [00:00<00:00, 1001.49it/s, Materializing param=gpt_neox.layers.2.input_layernorm.bias]            
Loading weights:  11%|#1        | 33/292 [00:00<00:00, 989.02it/s, Materializing param=gpt_neox.layers.2.input_layernorm.bias] 
Loading weights:  12%|#1        | 34/292 [00:00<00:00, 1007.96it/s, Materializing param=gpt_neox.layers.2.input_layernorm.weight]
Loading weights:  12%|#1        | 34/292 [00:00<00:00, 1005.47it/s, Materializing param=gpt_neox.layers.2.input_layernorm.weight]
Loading weights:  12%|#1        | 35/292 [00:00<00:00, 1017.57it/s, Materializing param=gpt_neox.layers.2.mlp.dense_4h_to_h.bias]
Loading weights:  12%|#1        | 35/292 [00:00<00:00, 1011.96it/s, Materializing param=gpt_neox.layers.2.mlp.dense_4h_to_h.bias]
Loading weights:  12%|#2        | 36/292 [00:00<00:00, 1020.76it/s, Materializing param=gpt_neox.layers.2.mlp.dense_4h_to_h.weight]
Loading weights:  12%|#2        | 36/292 [00:00<00:00, 1000.83it/s, Materializing param=gpt_neox.layers.2.mlp.dense_4h_to_h.weight]
Loading weights:  13%|#2        | 37/292 [00:00<00:00, 1004.60it/s, Materializing param=gpt_neox.layers.2.mlp.dense_h_to_4h.bias]  
Loading weights:  13%|#2        | 37/292 [00:00<00:00, 996.02it/s, Materializing param=gpt_neox.layers.2.mlp.dense_h_to_4h.bias] 
Loading weights:  13%|#3        | 38/292 [00:00<00:00, 1011.09it/s, Materializing param=gpt_neox.layers.2.mlp.dense_h_to_4h.weight]
Loading weights:  13%|#3        | 38/292 [00:00<00:00, 1000.57it/s, Materializing param=gpt_neox.layers.2.mlp.dense_h_to_4h.weight]
Loading weights:  13%|#3        | 39/292 [00:00<00:00, 1012.42it/s, Materializing param=gpt_neox.layers.2.post_attention_layernorm.bias]
Loading weights:  13%|#3        | 39/292 [00:00<00:00, 1003.48it/s, Materializing param=gpt_neox.layers.2.post_attention_layernorm.bias]
Loading weights:  14%|#3        | 40/292 [00:00<00:00, 1019.71it/s, Materializing param=gpt_neox.layers.2.post_attention_layernorm.weight]
Loading weights:  14%|#3        | 40/292 [00:00<00:00, 1016.27it/s, Materializing param=gpt_neox.layers.2.post_attention_layernorm.weight]
Loading weights:  14%|#4        | 41/292 [00:00<00:00, 1034.99it/s, Materializing param=gpt_neox.layers.3.attention.dense.bias]           
Loading weights:  14%|#4        | 41/292 [00:00<00:00, 1033.16it/s, Materializing param=gpt_neox.layers.3.attention.dense.bias]
Loading weights:  14%|#4        | 42/292 [00:00<00:00, 1055.26it/s, Materializing param=gpt_neox.layers.3.attention.dense.weight]
Loading weights:  14%|#4        | 42/292 [00:00<00:00, 1053.59it/s, Materializing param=gpt_neox.layers.3.attention.dense.weight]
Loading weights:  15%|#4        | 43/292 [00:00<00:00, 1075.66it/s, Materializing param=gpt_neox.layers.3.attention.query_key_value.bias]
Loading weights:  15%|#4        | 43/292 [00:00<00:00, 1074.00it/s, Materializing param=gpt_neox.layers.3.attention.query_key_value.bias]
Loading weights:  15%|#5        | 44/292 [00:00<00:00, 1095.98it/s, Materializing param=gpt_neox.layers.3.attention.query_key_value.weight]
Loading weights:  15%|#5        | 44/292 [00:00<00:00, 1094.31it/s, Materializing param=gpt_neox.layers.3.attention.query_key_value.weight]
Loading weights:  15%|#5        | 45/292 [00:00<00:00, 1116.20it/s, Materializing param=gpt_neox.layers.3.input_layernorm.bias]            
Loading weights:  15%|#5        | 45/292 [00:00<00:00, 1114.56it/s, Materializing param=gpt_neox.layers.3.input_layernorm.bias]
Loading weights:  16%|#5        | 46/292 [00:00<00:00, 1136.45it/s, Materializing param=gpt_neox.layers.3.input_layernorm.weight]
Loading weights:  16%|#5        | 46/292 [00:00<00:00, 1134.90it/s, Materializing param=gpt_neox.layers.3.input_layernorm.weight]
Loading weights:  16%|#6        | 47/292 [00:00<00:00, 1156.72it/s, Materializing param=gpt_neox.layers.3.mlp.dense_4h_to_h.bias]
Loading weights:  16%|#6        | 47/292 [00:00<00:00, 1155.05it/s, Materializing param=gpt_neox.layers.3.mlp.dense_4h_to_h.bias]
Loading weights:  16%|#6        | 48/292 [00:00<00:00, 1176.58it/s, Materializing param=gpt_neox.layers.3.mlp.dense_4h_to_h.weight]
Loading weights:  16%|#6        | 48/292 [00:00<00:00, 1174.89it/s, Materializing param=gpt_neox.layers.3.mlp.dense_4h_to_h.weight]
Loading weights:  17%|#6        | 49/292 [00:00<00:00, 1196.05it/s, Materializing param=gpt_neox.layers.3.mlp.dense_h_to_4h.bias]  
Loading weights:  17%|#6        | 49/292 [00:00<00:00, 1194.42it/s, Materializing param=gpt_neox.layers.3.mlp.dense_h_to_4h.bias]
Loading weights:  17%|#7        | 50/292 [00:00<00:00, 1215.64it/s, Materializing param=gpt_neox.layers.3.mlp.dense_h_to_4h.weight]
Loading weights:  17%|#7        | 50/292 [00:00<00:00, 1213.99it/s, Materializing param=gpt_neox.layers.3.mlp.dense_h_to_4h.weight]
Loading weights:  17%|#7        | 51/292 [00:00<00:00, 1232.03it/s, Materializing param=gpt_neox.layers.3.post_attention_layernorm.bias]
Loading weights:  17%|#7        | 51/292 [00:00<00:00, 1228.28it/s, Materializing param=gpt_neox.layers.3.post_attention_layernorm.bias]
Loading weights:  18%|#7        | 52/292 [00:00<00:00, 1247.88it/s, Materializing param=gpt_neox.layers.3.post_attention_layernorm.weight]
Loading weights:  18%|#7        | 52/292 [00:00<00:00, 1245.90it/s, Materializing param=gpt_neox.layers.3.post_attention_layernorm.weight]
Loading weights:  18%|#8        | 53/292 [00:00<00:00, 1261.39it/s, Materializing param=gpt_neox.layers.4.attention.dense.bias]           
Loading weights:  18%|#8        | 53/292 [00:00<00:00, 1251.67it/s, Materializing param=gpt_neox.layers.4.attention.dense.bias]
Loading weights:  18%|#8        | 54/292 [00:00<00:00, 1267.25it/s, Materializing param=gpt_neox.layers.4.attention.dense.weight]
Loading weights:  18%|#8        | 54/292 [00:00<00:00, 1264.85it/s, Materializing param=gpt_neox.layers.4.attention.dense.weight]
Loading weights:  19%|#8        | 55/292 [00:00<00:00, 1281.86it/s, Materializing param=gpt_neox.layers.4.attention.query_key_value.bias]
Loading weights:  19%|#8        | 55/292 [00:00<00:00, 1279.49it/s, Materializing param=gpt_neox.layers.4.attention.query_key_value.bias]
Loading weights:  19%|#9        | 56/292 [00:00<00:00, 1297.81it/s, Materializing param=gpt_neox.layers.4.attention.query_key_value.weight]
Loading weights:  19%|#9        | 56/292 [00:00<00:00, 1295.93it/s, Materializing param=gpt_neox.layers.4.attention.query_key_value.weight]
Loading weights:  20%|#9        | 57/292 [00:00<00:00, 1315.52it/s, Materializing param=gpt_neox.layers.4.input_layernorm.bias]            
Loading weights:  20%|#9        | 57/292 [00:00<00:00, 1313.58it/s, Materializing param=gpt_neox.layers.4.input_layernorm.bias]
Loading weights:  20%|#9        | 58/292 [00:00<00:00, 1332.63it/s, Materializing param=gpt_neox.layers.4.input_layernorm.weight]
Loading weights:  20%|#9        | 58/292 [00:00<00:00, 1330.83it/s, Materializing param=gpt_neox.layers.4.input_layernorm.weight]
Loading weights:  20%|##        | 59/292 [00:00<00:00, 1350.43it/s, Materializing param=gpt_neox.layers.4.mlp.dense_4h_to_h.bias]
Loading weights:  20%|##        | 59/292 [00:00<00:00, 1348.67it/s, Materializing param=gpt_neox.layers.4.mlp.dense_4h_to_h.bias]
Loading weights:  21%|##        | 60/292 [00:00<00:00, 1367.95it/s, Materializing param=gpt_neox.layers.4.mlp.dense_4h_to_h.weight]
Loading weights:  21%|##        | 60/292 [00:00<00:00, 1366.16it/s, Materializing param=gpt_neox.layers.4.mlp.dense_4h_to_h.weight]
Loading weights:  21%|##        | 61/292 [00:00<00:00, 1385.59it/s, Materializing param=gpt_neox.layers.4.mlp.dense_h_to_4h.bias]  
Loading weights:  21%|##        | 61/292 [00:00<00:00, 1383.81it/s, Materializing param=gpt_neox.layers.4.mlp.dense_h_to_4h.bias]
Loading weights:  21%|##1       | 62/292 [00:00<00:00, 1403.13it/s, Materializing param=gpt_neox.layers.4.mlp.dense_h_to_4h.weight]
Loading weights:  21%|##1       | 62/292 [00:00<00:00, 1400.71it/s, Materializing param=gpt_neox.layers.4.mlp.dense_h_to_4h.weight]
Loading weights:  22%|##1       | 63/292 [00:00<00:00, 1419.80it/s, Materializing param=gpt_neox.layers.4.post_attention_layernorm.bias]
Loading weights:  22%|##1       | 63/292 [00:00<00:00, 1417.82it/s, Materializing param=gpt_neox.layers.4.post_attention_layernorm.bias]
Loading weights:  22%|##1       | 64/292 [00:00<00:00, 1436.45it/s, Materializing param=gpt_neox.layers.4.post_attention_layernorm.weight]
Loading weights:  22%|##1       | 64/292 [00:00<00:00, 1434.47it/s, Materializing param=gpt_neox.layers.4.post_attention_layernorm.weight]
Loading weights:  22%|##2       | 65/292 [00:00<00:00, 1453.44it/s, Materializing param=gpt_neox.layers.5.attention.dense.bias]           
Loading weights:  22%|##2       | 65/292 [00:00<00:00, 1451.49it/s, Materializing param=gpt_neox.layers.5.attention.dense.bias]
Loading weights:  23%|##2       | 66/292 [00:00<00:00, 1470.12it/s, Materializing param=gpt_neox.layers.5.attention.dense.weight]
Loading weights:  23%|##2       | 66/292 [00:00<00:00, 1468.17it/s, Materializing param=gpt_neox.layers.5.attention.dense.weight]
Loading weights:  23%|##2       | 67/292 [00:00<00:00, 1486.89it/s, Materializing param=gpt_neox.layers.5.attention.query_key_value.bias]
Loading weights:  23%|##2       | 67/292 [00:00<00:00, 1484.94it/s, Materializing param=gpt_neox.layers.5.attention.query_key_value.bias]
Loading weights:  23%|##3       | 68/292 [00:00<00:00, 1503.62it/s, Materializing param=gpt_neox.layers.5.attention.query_key_value.weight]
Loading weights:  23%|##3       | 68/292 [00:00<00:00, 1501.57it/s, Materializing param=gpt_neox.layers.5.attention.query_key_value.weight]
Loading weights:  24%|##3       | 69/292 [00:00<00:00, 1519.83it/s, Materializing param=gpt_neox.layers.5.input_layernorm.bias]            
Loading weights:  24%|##3       | 69/292 [00:00<00:00, 1517.67it/s, Materializing param=gpt_neox.layers.5.input_layernorm.bias]
Loading weights:  24%|##3       | 70/292 [00:00<00:00, 1535.99it/s, Materializing param=gpt_neox.layers.5.input_layernorm.weight]
Loading weights:  24%|##3       | 70/292 [00:00<00:00, 1534.00it/s, Materializing param=gpt_neox.layers.5.input_layernorm.weight]
Loading weights:  24%|##4       | 71/292 [00:00<00:00, 1552.27it/s, Materializing param=gpt_neox.layers.5.mlp.dense_4h_to_h.bias]
Loading weights:  24%|##4       | 71/292 [00:00<00:00, 1550.27it/s, Materializing param=gpt_neox.layers.5.mlp.dense_4h_to_h.bias]
Loading weights:  25%|##4       | 72/292 [00:00<00:00, 1568.53it/s, Materializing param=gpt_neox.layers.5.mlp.dense_4h_to_h.weight]
Loading weights:  25%|##4       | 72/292 [00:00<00:00, 1566.41it/s, Materializing param=gpt_neox.layers.5.mlp.dense_4h_to_h.weight]
Loading weights:  25%|##5       | 73/292 [00:00<00:00, 1584.40it/s, Materializing param=gpt_neox.layers.5.mlp.dense_h_to_4h.bias]  
Loading weights:  25%|##5       | 73/292 [00:00<00:00, 1582.37it/s, Materializing param=gpt_neox.layers.5.mlp.dense_h_to_4h.bias]
Loading weights:  25%|##5       | 74/292 [00:00<00:00, 1600.31it/s, Materializing param=gpt_neox.layers.5.mlp.dense_h_to_4h.weight]
Loading weights:  25%|##5       | 74/292 [00:00<00:00, 1598.38it/s, Materializing param=gpt_neox.layers.5.mlp.dense_h_to_4h.weight]
Loading weights:  26%|##5       | 75/292 [00:00<00:00, 1616.45it/s, Materializing param=gpt_neox.layers.5.post_attention_layernorm.bias]
Loading weights:  26%|##5       | 75/292 [00:00<00:00, 1614.50it/s, Materializing param=gpt_neox.layers.5.post_attention_layernorm.bias]
Loading weights:  26%|##6       | 76/292 [00:00<00:00, 1632.07it/s, Materializing param=gpt_neox.layers.5.post_attention_layernorm.weight]
Loading weights:  26%|##6       | 76/292 [00:00<00:00, 1629.90it/s, Materializing param=gpt_neox.layers.5.post_attention_layernorm.weight]
Loading weights:  26%|##6       | 77/292 [00:00<00:00, 1647.58it/s, Materializing param=gpt_neox.layers.6.attention.dense.bias]           
Loading weights:  26%|##6       | 77/292 [00:00<00:00, 1645.43it/s, Materializing param=gpt_neox.layers.6.attention.dense.bias]
Loading weights:  27%|##6       | 78/292 [00:00<00:00, 1662.91it/s, Materializing param=gpt_neox.layers.6.attention.dense.weight]
Loading weights:  27%|##6       | 78/292 [00:00<00:00, 1660.79it/s, Materializing param=gpt_neox.layers.6.attention.dense.weight]
Loading weights:  27%|##7       | 79/292 [00:00<00:00, 1678.27it/s, Materializing param=gpt_neox.layers.6.attention.query_key_value.bias]
Loading weights:  27%|##7       | 79/292 [00:00<00:00, 1675.99it/s, Materializing param=gpt_neox.layers.6.attention.query_key_value.bias]
Loading weights:  27%|##7       | 80/292 [00:00<00:00, 1693.04it/s, Materializing param=gpt_neox.layers.6.attention.query_key_value.weight]
Loading weights:  27%|##7       | 80/292 [00:00<00:00, 1690.82it/s, Materializing param=gpt_neox.layers.6.attention.query_key_value.weight]
Loading weights:  28%|##7       | 81/292 [00:00<00:00, 1708.03it/s, Materializing param=gpt_neox.layers.6.input_layernorm.bias]            
Loading weights:  28%|##7       | 81/292 [00:00<00:00, 1705.66it/s, Materializing param=gpt_neox.layers.6.input_layernorm.bias]
Loading weights:  28%|##8       | 82/292 [00:00<00:00, 1722.66it/s, Materializing param=gpt_neox.layers.6.input_layernorm.weight]
Loading weights:  28%|##8       | 82/292 [00:00<00:00, 1720.46it/s, Materializing param=gpt_neox.layers.6.input_layernorm.weight]
Loading weights:  28%|##8       | 83/292 [00:00<00:00, 1737.60it/s, Materializing param=gpt_neox.layers.6.mlp.dense_4h_to_h.bias]
Loading weights:  28%|##8       | 83/292 [00:00<00:00, 1735.46it/s, Materializing param=gpt_neox.layers.6.mlp.dense_4h_to_h.bias]
Loading weights:  29%|##8       | 84/292 [00:00<00:00, 1752.41it/s, Materializing param=gpt_neox.layers.6.mlp.dense_4h_to_h.weight]
Loading weights:  29%|##8       | 84/292 [00:00<00:00, 1750.21it/s, Materializing param=gpt_neox.layers.6.mlp.dense_4h_to_h.weight]
Loading weights:  29%|##9       | 85/292 [00:00<00:00, 1766.56it/s, Materializing param=gpt_neox.layers.6.mlp.dense_h_to_4h.bias]  
Loading weights:  29%|##9       | 85/292 [00:00<00:00, 1764.07it/s, Materializing param=gpt_neox.layers.6.mlp.dense_h_to_4h.bias]
Loading weights:  29%|##9       | 86/292 [00:00<00:00, 1780.23it/s, Materializing param=gpt_neox.layers.6.mlp.dense_h_to_4h.weight]
Loading weights:  29%|##9       | 86/292 [00:00<00:00, 1778.02it/s, Materializing param=gpt_neox.layers.6.mlp.dense_h_to_4h.weight]
Loading weights:  30%|##9       | 87/292 [00:00<00:00, 1794.24it/s, Materializing param=gpt_neox.layers.6.post_attention_layernorm.bias]
Loading weights:  30%|##9       | 87/292 [00:00<00:00, 1791.94it/s, Materializing param=gpt_neox.layers.6.post_attention_layernorm.bias]
Loading weights:  30%|###       | 88/292 [00:00<00:00, 1808.41it/s, Materializing param=gpt_neox.layers.6.post_attention_layernorm.weight]
Loading weights:  30%|###       | 88/292 [00:00<00:00, 1806.16it/s, Materializing param=gpt_neox.layers.6.post_attention_layernorm.weight]
Loading weights:  30%|###       | 89/292 [00:00<00:00, 1822.68it/s, Materializing param=gpt_neox.layers.7.attention.dense.bias]           
Loading weights:  30%|###       | 89/292 [00:00<00:00, 1820.38it/s, Materializing param=gpt_neox.layers.7.attention.dense.bias]
Loading weights:  31%|###       | 90/292 [00:00<00:00, 1836.61it/s, Materializing param=gpt_neox.layers.7.attention.dense.weight]
Loading weights:  31%|###       | 90/292 [00:00<00:00, 1834.32it/s, Materializing param=gpt_neox.layers.7.attention.dense.weight]
Loading weights:  31%|###1      | 91/292 [00:00<00:00, 1850.49it/s, Materializing param=gpt_neox.layers.7.attention.query_key_value.bias]
Loading weights:  31%|###1      | 91/292 [00:00<00:00, 1848.19it/s, Materializing param=gpt_neox.layers.7.attention.query_key_value.bias]
Loading weights:  32%|###1      | 92/292 [00:00<00:00, 1864.41it/s, Materializing param=gpt_neox.layers.7.attention.query_key_value.weight]
Loading weights:  32%|###1      | 92/292 [00:00<00:00, 1862.16it/s, Materializing param=gpt_neox.layers.7.attention.query_key_value.weight]
Loading weights:  32%|###1      | 93/292 [00:00<00:00, 1876.28it/s, Materializing param=gpt_neox.layers.7.input_layernorm.bias]            
Loading weights:  32%|###1      | 93/292 [00:00<00:00, 1873.12it/s, Materializing param=gpt_neox.layers.7.input_layernorm.bias]
Loading weights:  32%|###2      | 94/292 [00:00<00:00, 1887.78it/s, Materializing param=gpt_neox.layers.7.input_layernorm.weight]
Loading weights:  32%|###2      | 94/292 [00:00<00:00, 1885.27it/s, Materializing param=gpt_neox.layers.7.input_layernorm.weight]
Loading weights:  33%|###2      | 95/292 [00:00<00:00, 1900.64it/s, Materializing param=gpt_neox.layers.7.mlp.dense_4h_to_h.bias]
Loading weights:  33%|###2      | 95/292 [00:00<00:00, 1898.41it/s, Materializing param=gpt_neox.layers.7.mlp.dense_4h_to_h.bias]
Loading weights:  33%|###2      | 96/292 [00:00<00:00, 1914.24it/s, Materializing param=gpt_neox.layers.7.mlp.dense_4h_to_h.weight]
Loading weights:  33%|###2      | 96/292 [00:00<00:00, 1912.06it/s, Materializing param=gpt_neox.layers.7.mlp.dense_4h_to_h.weight]
Loading weights:  33%|###3      | 97/292 [00:00<00:00, 1928.00it/s, Materializing param=gpt_neox.layers.7.mlp.dense_h_to_4h.bias]  
Loading weights:  33%|###3      | 97/292 [00:00<00:00, 1925.66it/s, Materializing param=gpt_neox.layers.7.mlp.dense_h_to_4h.bias]
Loading weights:  34%|###3      | 98/292 [00:00<00:00, 1941.43it/s, Materializing param=gpt_neox.layers.7.mlp.dense_h_to_4h.weight]
Loading weights:  34%|###3      | 98/292 [00:00<00:00, 1939.11it/s, Materializing param=gpt_neox.layers.7.mlp.dense_h_to_4h.weight]
Loading weights:  34%|###3      | 99/292 [00:00<00:00, 1954.80it/s, Materializing param=gpt_neox.layers.7.post_attention_layernorm.bias]
Loading weights:  34%|###3      | 99/292 [00:00<00:00, 1952.49it/s, Materializing param=gpt_neox.layers.7.post_attention_layernorm.bias]
Loading weights:  34%|###4      | 100/292 [00:00<00:00, 1968.09it/s, Materializing param=gpt_neox.layers.7.post_attention_layernorm.weight]
Loading weights:  34%|###4      | 100/292 [00:00<00:00, 1965.78it/s, Materializing param=gpt_neox.layers.7.post_attention_layernorm.weight]
Loading weights:  35%|###4      | 101/292 [00:00<00:00, 1981.27it/s, Materializing param=gpt_neox.layers.8.attention.dense.bias]           
Loading weights:  35%|###4      | 101/292 [00:00<00:00, 1979.11it/s, Materializing param=gpt_neox.layers.8.attention.dense.bias]
Loading weights:  35%|###4      | 102/292 [00:00<00:00, 1994.57it/s, Materializing param=gpt_neox.layers.8.attention.dense.weight]
Loading weights:  35%|###4      | 102/292 [00:00<00:00, 1992.44it/s, Materializing param=gpt_neox.layers.8.attention.dense.weight]
Loading weights:  35%|###5      | 103/292 [00:00<00:00, 2008.04it/s, Materializing param=gpt_neox.layers.8.attention.query_key_value.bias]
Loading weights:  35%|###5      | 103/292 [00:00<00:00, 2005.84it/s, Materializing param=gpt_neox.layers.8.attention.query_key_value.bias]
Loading weights:  36%|###5      | 104/292 [00:00<00:00, 2021.33it/s, Materializing param=gpt_neox.layers.8.attention.query_key_value.weight]
Loading weights:  36%|###5      | 104/292 [00:00<00:00, 2018.98it/s, Materializing param=gpt_neox.layers.8.attention.query_key_value.weight]
Loading weights:  36%|###5      | 105/292 [00:00<00:00, 2034.37it/s, Materializing param=gpt_neox.layers.8.input_layernorm.bias]            
Loading weights:  36%|###5      | 105/292 [00:00<00:00, 2032.20it/s, Materializing param=gpt_neox.layers.8.input_layernorm.bias]
Loading weights:  36%|###6      | 106/292 [00:00<00:00, 2047.45it/s, Materializing param=gpt_neox.layers.8.input_layernorm.weight]
Loading weights:  36%|###6      | 106/292 [00:00<00:00, 2045.15it/s, Materializing param=gpt_neox.layers.8.input_layernorm.weight]
Loading weights:  37%|###6      | 107/292 [00:00<00:00, 2059.97it/s, Materializing param=gpt_neox.layers.8.mlp.dense_4h_to_h.bias]
Loading weights:  37%|###6      | 107/292 [00:00<00:00, 2057.60it/s, Materializing param=gpt_neox.layers.8.mlp.dense_4h_to_h.bias]
Loading weights:  37%|###6      | 108/292 [00:00<00:00, 2072.62it/s, Materializing param=gpt_neox.layers.8.mlp.dense_4h_to_h.weight]
Loading weights:  37%|###6      | 108/292 [00:00<00:00, 2070.29it/s, Materializing param=gpt_neox.layers.8.mlp.dense_4h_to_h.weight]
Loading weights:  37%|###7      | 109/292 [00:00<00:00, 2085.36it/s, Materializing param=gpt_neox.layers.8.mlp.dense_h_to_4h.bias]  
Loading weights:  37%|###7      | 109/292 [00:00<00:00, 2083.03it/s, Materializing param=gpt_neox.layers.8.mlp.dense_h_to_4h.bias]
Loading weights:  38%|###7      | 110/292 [00:00<00:00, 2098.10it/s, Materializing param=gpt_neox.layers.8.mlp.dense_h_to_4h.weight]
Loading weights:  38%|###7      | 110/292 [00:00<00:00, 2095.79it/s, Materializing param=gpt_neox.layers.8.mlp.dense_h_to_4h.weight]
Loading weights:  38%|###8      | 111/292 [00:00<00:00, 2110.76it/s, Materializing param=gpt_neox.layers.8.post_attention_layernorm.bias]
Loading weights:  38%|###8      | 111/292 [00:00<00:00, 2108.39it/s, Materializing param=gpt_neox.layers.8.post_attention_layernorm.bias]
Loading weights:  38%|###8      | 112/292 [00:00<00:00, 2123.14it/s, Materializing param=gpt_neox.layers.8.post_attention_layernorm.weight]
Loading weights:  38%|###8      | 112/292 [00:00<00:00, 2120.75it/s, Materializing param=gpt_neox.layers.8.post_attention_layernorm.weight]
Loading weights:  39%|###8      | 113/292 [00:00<00:00, 2135.52it/s, Materializing param=gpt_neox.layers.9.attention.dense.bias]           
Loading weights:  39%|###8      | 113/292 [00:00<00:00, 2133.17it/s, Materializing param=gpt_neox.layers.9.attention.dense.bias]
Loading weights:  39%|###9      | 114/292 [00:00<00:00, 2147.78it/s, Materializing param=gpt_neox.layers.9.attention.dense.weight]
Loading weights:  39%|###9      | 114/292 [00:00<00:00, 2145.41it/s, Materializing param=gpt_neox.layers.9.attention.dense.weight]
Loading weights:  39%|###9      | 115/292 [00:00<00:00, 2160.14it/s, Materializing param=gpt_neox.layers.9.attention.query_key_value.bias]
Loading weights:  39%|###9      | 115/292 [00:00<00:00, 2157.76it/s, Materializing param=gpt_neox.layers.9.attention.query_key_value.bias]
Loading weights:  40%|###9      | 116/292 [00:00<00:00, 2172.22it/s, Materializing param=gpt_neox.layers.9.attention.query_key_value.weight]
Loading weights:  40%|###9      | 116/292 [00:00<00:00, 2169.79it/s, Materializing param=gpt_neox.layers.9.attention.query_key_value.weight]
Loading weights:  40%|####      | 117/292 [00:00<00:00, 2184.34it/s, Materializing param=gpt_neox.layers.9.input_layernorm.bias]            
Loading weights:  40%|####      | 117/292 [00:00<00:00, 2182.10it/s, Materializing param=gpt_neox.layers.9.input_layernorm.bias]
Loading weights:  40%|####      | 118/292 [00:00<00:00, 2196.67it/s, Materializing param=gpt_neox.layers.9.input_layernorm.weight]
Loading weights:  40%|####      | 118/292 [00:00<00:00, 2194.32it/s, Materializing param=gpt_neox.layers.9.input_layernorm.weight]
Loading weights:  41%|####      | 119/292 [00:00<00:00, 2208.42it/s, Materializing param=gpt_neox.layers.9.mlp.dense_4h_to_h.bias]
Loading weights:  41%|####      | 119/292 [00:00<00:00, 2206.02it/s, Materializing param=gpt_neox.layers.9.mlp.dense_4h_to_h.bias]
Loading weights:  41%|####1     | 120/292 [00:00<00:00, 2220.35it/s, Materializing param=gpt_neox.layers.9.mlp.dense_4h_to_h.weight]
Loading weights:  41%|####1     | 120/292 [00:00<00:00, 2217.94it/s, Materializing param=gpt_neox.layers.9.mlp.dense_4h_to_h.weight]
Loading weights:  41%|####1     | 121/292 [00:00<00:00, 2232.23it/s, Materializing param=gpt_neox.layers.9.mlp.dense_h_to_4h.bias]  
Loading weights:  41%|####1     | 121/292 [00:00<00:00, 2229.84it/s, Materializing param=gpt_neox.layers.9.mlp.dense_h_to_4h.bias]
Loading weights:  42%|####1     | 122/292 [00:00<00:00, 2243.96it/s, Materializing param=gpt_neox.layers.9.mlp.dense_h_to_4h.weight]
Loading weights:  42%|####1     | 122/292 [00:00<00:00, 2241.56it/s, Materializing param=gpt_neox.layers.9.mlp.dense_h_to_4h.weight]
Loading weights:  42%|####2     | 123/292 [00:00<00:00, 2255.58it/s, Materializing param=gpt_neox.layers.9.post_attention_layernorm.bias]
Loading weights:  42%|####2     | 123/292 [00:00<00:00, 2253.13it/s, Materializing param=gpt_neox.layers.9.post_attention_layernorm.bias]
Loading weights:  42%|####2     | 124/292 [00:00<00:00, 2267.22it/s, Materializing param=gpt_neox.layers.9.post_attention_layernorm.weight]
Loading weights:  42%|####2     | 124/292 [00:00<00:00, 2264.74it/s, Materializing param=gpt_neox.layers.9.post_attention_layernorm.weight]
Loading weights:  43%|####2     | 125/292 [00:00<00:00, 2278.78it/s, Materializing param=gpt_neox.layers.10.attention.dense.bias]          
Loading weights:  43%|####2     | 125/292 [00:00<00:00, 2276.36it/s, Materializing param=gpt_neox.layers.10.attention.dense.bias]
Loading weights:  43%|####3     | 126/292 [00:00<00:00, 2290.21it/s, Materializing param=gpt_neox.layers.10.attention.dense.weight]
Loading weights:  43%|####3     | 126/292 [00:00<00:00, 2287.78it/s, Materializing param=gpt_neox.layers.10.attention.dense.weight]
Loading weights:  43%|####3     | 127/292 [00:00<00:00, 2301.65it/s, Materializing param=gpt_neox.layers.10.attention.query_key_value.bias]
Loading weights:  43%|####3     | 127/292 [00:00<00:00, 2299.17it/s, Materializing param=gpt_neox.layers.10.attention.query_key_value.bias]
Loading weights:  44%|####3     | 128/292 [00:00<00:00, 2311.95it/s, Materializing param=gpt_neox.layers.10.attention.query_key_value.weight]
Loading weights:  44%|####3     | 128/292 [00:00<00:00, 2309.44it/s, Materializing param=gpt_neox.layers.10.attention.query_key_value.weight]
Loading weights:  44%|####4     | 129/292 [00:00<00:00, 2323.14it/s, Materializing param=gpt_neox.layers.10.input_layernorm.bias]            
Loading weights:  44%|####4     | 129/292 [00:00<00:00, 2320.64it/s, Materializing param=gpt_neox.layers.10.input_layernorm.bias]
Loading weights:  45%|####4     | 130/292 [00:00<00:00, 2334.09it/s, Materializing param=gpt_neox.layers.10.input_layernorm.weight]
Loading weights:  45%|####4     | 130/292 [00:00<00:00, 2331.51it/s, Materializing param=gpt_neox.layers.10.input_layernorm.weight]
Loading weights:  45%|####4     | 131/292 [00:00<00:00, 2344.79it/s, Materializing param=gpt_neox.layers.10.mlp.dense_4h_to_h.bias]
Loading weights:  45%|####4     | 131/292 [00:00<00:00, 2341.99it/s, Materializing param=gpt_neox.layers.10.mlp.dense_4h_to_h.bias]
Loading weights:  45%|####5     | 132/292 [00:00<00:00, 2355.29it/s, Materializing param=gpt_neox.layers.10.mlp.dense_4h_to_h.weight]
Loading weights:  45%|####5     | 132/292 [00:00<00:00, 2352.69it/s, Materializing param=gpt_neox.layers.10.mlp.dense_4h_to_h.weight]
Loading weights:  46%|####5     | 133/292 [00:00<00:00, 2366.07it/s, Materializing param=gpt_neox.layers.10.mlp.dense_h_to_4h.bias]  
Loading weights:  46%|####5     | 133/292 [00:00<00:00, 2363.52it/s, Materializing param=gpt_neox.layers.10.mlp.dense_h_to_4h.bias]
Loading weights:  46%|####5     | 134/292 [00:00<00:00, 2376.81it/s, Materializing param=gpt_neox.layers.10.mlp.dense_h_to_4h.weight]
Loading weights:  46%|####5     | 134/292 [00:00<00:00, 2374.31it/s, Materializing param=gpt_neox.layers.10.mlp.dense_h_to_4h.weight]
Loading weights:  46%|####6     | 135/292 [00:00<00:00, 2387.71it/s, Materializing param=gpt_neox.layers.10.post_attention_layernorm.bias]
Loading weights:  46%|####6     | 135/292 [00:00<00:00, 2385.20it/s, Materializing param=gpt_neox.layers.10.post_attention_layernorm.bias]
Loading weights:  47%|####6     | 136/292 [00:00<00:00, 2398.43it/s, Materializing param=gpt_neox.layers.10.post_attention_layernorm.weight]
Loading weights:  47%|####6     | 136/292 [00:00<00:00, 2395.86it/s, Materializing param=gpt_neox.layers.10.post_attention_layernorm.weight]
Loading weights:  47%|####6     | 137/292 [00:00<00:00, 2409.08it/s, Materializing param=gpt_neox.layers.11.attention.dense.bias]           
Loading weights:  47%|####6     | 137/292 [00:00<00:00, 2406.54it/s, Materializing param=gpt_neox.layers.11.attention.dense.bias]
Loading weights:  47%|####7     | 138/292 [00:00<00:00, 2419.39it/s, Materializing param=gpt_neox.layers.11.attention.dense.weight]
Loading weights:  47%|####7     | 138/292 [00:00<00:00, 2416.79it/s, Materializing param=gpt_neox.layers.11.attention.dense.weight]
Loading weights:  48%|####7     | 139/292 [00:00<00:00, 2429.42it/s, Materializing param=gpt_neox.layers.11.attention.query_key_value.bias]
Loading weights:  48%|####7     | 139/292 [00:00<00:00, 2427.03it/s, Materializing param=gpt_neox.layers.11.attention.query_key_value.bias]
Loading weights:  48%|####7     | 140/292 [00:00<00:00, 2440.11it/s, Materializing param=gpt_neox.layers.11.attention.query_key_value.weight]
Loading weights:  48%|####7     | 140/292 [00:00<00:00, 2437.70it/s, Materializing param=gpt_neox.layers.11.attention.query_key_value.weight]
Loading weights:  48%|####8     | 141/292 [00:00<00:00, 2450.64it/s, Materializing param=gpt_neox.layers.11.input_layernorm.bias]            
Loading weights:  48%|####8     | 141/292 [00:00<00:00, 2448.26it/s, Materializing param=gpt_neox.layers.11.input_layernorm.bias]
Loading weights:  49%|####8     | 142/292 [00:00<00:00, 2461.31it/s, Materializing param=gpt_neox.layers.11.input_layernorm.weight]
Loading weights:  49%|####8     | 142/292 [00:00<00:00, 2458.99it/s, Materializing param=gpt_neox.layers.11.input_layernorm.weight]
Loading weights:  49%|####8     | 143/292 [00:00<00:00, 2472.00it/s, Materializing param=gpt_neox.layers.11.mlp.dense_4h_to_h.bias]
Loading weights:  49%|####8     | 143/292 [00:00<00:00, 2469.26it/s, Materializing param=gpt_neox.layers.11.mlp.dense_4h_to_h.bias]
Loading weights:  49%|####9     | 144/292 [00:00<00:00, 2481.95it/s, Materializing param=gpt_neox.layers.11.mlp.dense_4h_to_h.weight]
Loading weights:  49%|####9     | 144/292 [00:00<00:00, 2479.57it/s, Materializing param=gpt_neox.layers.11.mlp.dense_4h_to_h.weight]
Loading weights:  50%|####9     | 145/292 [00:00<00:00, 2492.26it/s, Materializing param=gpt_neox.layers.11.mlp.dense_h_to_4h.bias]  
Loading weights:  50%|####9     | 145/292 [00:00<00:00, 2489.84it/s, Materializing param=gpt_neox.layers.11.mlp.dense_h_to_4h.bias]
Loading weights:  50%|#####     | 146/292 [00:00<00:00, 2502.45it/s, Materializing param=gpt_neox.layers.11.mlp.dense_h_to_4h.weight]
Loading weights:  50%|#####     | 146/292 [00:00<00:00, 2500.08it/s, Materializing param=gpt_neox.layers.11.mlp.dense_h_to_4h.weight]
Loading weights:  50%|#####     | 147/292 [00:00<00:00, 2512.80it/s, Materializing param=gpt_neox.layers.11.post_attention_layernorm.bias]
Loading weights:  50%|#####     | 147/292 [00:00<00:00, 2510.38it/s, Materializing param=gpt_neox.layers.11.post_attention_layernorm.bias]
Loading weights:  51%|#####     | 148/292 [00:00<00:00, 2519.61it/s, Materializing param=gpt_neox.layers.11.post_attention_layernorm.weight]
Loading weights:  51%|#####     | 148/292 [00:00<00:00, 2516.76it/s, Materializing param=gpt_neox.layers.11.post_attention_layernorm.weight]
Loading weights:  51%|#####1    | 149/292 [00:00<00:00, 2527.81it/s, Materializing param=gpt_neox.layers.12.attention.dense.bias]           
Loading weights:  51%|#####1    | 149/292 [00:00<00:00, 2525.36it/s, Materializing param=gpt_neox.layers.12.attention.dense.bias]
Loading weights:  51%|#####1    | 150/292 [00:00<00:00, 2537.66it/s, Materializing param=gpt_neox.layers.12.attention.dense.weight]
Loading weights:  51%|#####1    | 150/292 [00:00<00:00, 2535.26it/s, Materializing param=gpt_neox.layers.12.attention.dense.weight]
Loading weights:  52%|#####1    | 151/292 [00:00<00:00, 2547.52it/s, Materializing param=gpt_neox.layers.12.attention.query_key_value.bias]
Loading weights:  52%|#####1    | 151/292 [00:00<00:00, 2545.12it/s, Materializing param=gpt_neox.layers.12.attention.query_key_value.bias]
Loading weights:  52%|#####2    | 152/292 [00:00<00:00, 2557.46it/s, Materializing param=gpt_neox.layers.12.attention.query_key_value.weight]
Loading weights:  52%|#####2    | 152/292 [00:00<00:00, 2555.03it/s, Materializing param=gpt_neox.layers.12.attention.query_key_value.weight]
Loading weights:  52%|#####2    | 153/292 [00:00<00:00, 2567.07it/s, Materializing param=gpt_neox.layers.12.input_layernorm.bias]            
Loading weights:  52%|#####2    | 153/292 [00:00<00:00, 2564.69it/s, Materializing param=gpt_neox.layers.12.input_layernorm.bias]
Loading weights:  53%|#####2    | 154/292 [00:00<00:00, 2576.70it/s, Materializing param=gpt_neox.layers.12.input_layernorm.weight]
Loading weights:  53%|#####2    | 154/292 [00:00<00:00, 2573.77it/s, Materializing param=gpt_neox.layers.12.input_layernorm.weight]
Loading weights:  53%|#####3    | 155/292 [00:00<00:00, 2584.28it/s, Materializing param=gpt_neox.layers.12.mlp.dense_4h_to_h.bias]
Loading weights:  53%|#####3    | 155/292 [00:00<00:00, 2581.26it/s, Materializing param=gpt_neox.layers.12.mlp.dense_4h_to_h.bias]
Loading weights:  53%|#####3    | 156/292 [00:00<00:00, 2591.53it/s, Materializing param=gpt_neox.layers.12.mlp.dense_4h_to_h.weight]
Loading weights:  53%|#####3    | 156/292 [00:00<00:00, 2588.35it/s, Materializing param=gpt_neox.layers.12.mlp.dense_4h_to_h.weight]
Loading weights:  54%|#####3    | 157/292 [00:00<00:00, 2598.53it/s, Materializing param=gpt_neox.layers.12.mlp.dense_h_to_4h.bias]  
Loading weights:  54%|#####3    | 157/292 [00:00<00:00, 2595.98it/s, Materializing param=gpt_neox.layers.12.mlp.dense_h_to_4h.bias]
Loading weights:  54%|#####4    | 158/292 [00:00<00:00, 2607.90it/s, Materializing param=gpt_neox.layers.12.mlp.dense_h_to_4h.weight]
Loading weights:  54%|#####4    | 158/292 [00:00<00:00, 2605.52it/s, Materializing param=gpt_neox.layers.12.mlp.dense_h_to_4h.weight]
Loading weights:  54%|#####4    | 159/292 [00:00<00:00, 2617.61it/s, Materializing param=gpt_neox.layers.12.post_attention_layernorm.bias]
Loading weights:  54%|#####4    | 159/292 [00:00<00:00, 2615.21it/s, Materializing param=gpt_neox.layers.12.post_attention_layernorm.bias]
Loading weights:  55%|#####4    | 160/292 [00:00<00:00, 2627.34it/s, Materializing param=gpt_neox.layers.12.post_attention_layernorm.weight]
Loading weights:  55%|#####4    | 160/292 [00:00<00:00, 2624.95it/s, Materializing param=gpt_neox.layers.12.post_attention_layernorm.weight]
Loading weights:  55%|#####5    | 161/292 [00:00<00:00, 2637.02it/s, Materializing param=gpt_neox.layers.13.attention.dense.bias]           
Loading weights:  55%|#####5    | 161/292 [00:00<00:00, 2633.30it/s, Materializing param=gpt_neox.layers.13.attention.dense.bias]
Loading weights:  55%|#####5    | 162/292 [00:00<00:00, 2645.02it/s, Materializing param=gpt_neox.layers.13.attention.dense.weight]
Loading weights:  55%|#####5    | 162/292 [00:00<00:00, 2640.73it/s, Materializing param=gpt_neox.layers.13.attention.dense.weight]
Loading weights:  56%|#####5    | 163/292 [00:00<00:00, 2651.37it/s, Materializing param=gpt_neox.layers.13.attention.query_key_value.bias]
Loading weights:  56%|#####5    | 163/292 [00:00<00:00, 2648.27it/s, Materializing param=gpt_neox.layers.13.attention.query_key_value.bias]
Loading weights:  56%|#####6    | 164/292 [00:00<00:00, 2658.03it/s, Materializing param=gpt_neox.layers.13.attention.query_key_value.weight]
Loading weights:  56%|#####6    | 164/292 [00:00<00:00, 2655.32it/s, Materializing param=gpt_neox.layers.13.attention.query_key_value.weight]
Loading weights:  57%|#####6    | 165/292 [00:00<00:00, 2666.43it/s, Materializing param=gpt_neox.layers.13.input_layernorm.bias]            
Loading weights:  57%|#####6    | 165/292 [00:00<00:00, 2663.45it/s, Materializing param=gpt_neox.layers.13.input_layernorm.bias]
Loading weights:  57%|#####6    | 166/292 [00:00<00:00, 2674.75it/s, Materializing param=gpt_neox.layers.13.input_layernorm.weight]
Loading weights:  57%|#####6    | 166/292 [00:00<00:00, 2672.15it/s, Materializing param=gpt_neox.layers.13.input_layernorm.weight]
Loading weights:  57%|#####7    | 167/292 [00:00<00:00, 2683.64it/s, Materializing param=gpt_neox.layers.13.mlp.dense_4h_to_h.bias]
Loading weights:  57%|#####7    | 167/292 [00:00<00:00, 2680.97it/s, Materializing param=gpt_neox.layers.13.mlp.dense_4h_to_h.bias]
Loading weights:  58%|#####7    | 168/292 [00:00<00:00, 2692.00it/s, Materializing param=gpt_neox.layers.13.mlp.dense_4h_to_h.weight]
Loading weights:  58%|#####7    | 168/292 [00:00<00:00, 2689.48it/s, Materializing param=gpt_neox.layers.13.mlp.dense_4h_to_h.weight]
Loading weights:  58%|#####7    | 169/292 [00:00<00:00, 2700.85it/s, Materializing param=gpt_neox.layers.13.mlp.dense_h_to_4h.bias]  
Loading weights:  58%|#####7    | 169/292 [00:00<00:00, 2698.30it/s, Materializing param=gpt_neox.layers.13.mlp.dense_h_to_4h.bias]
Loading weights:  58%|#####8    | 170/292 [00:00<00:00, 2709.78it/s, Materializing param=gpt_neox.layers.13.mlp.dense_h_to_4h.weight]
Loading weights:  58%|#####8    | 170/292 [00:00<00:00, 2707.25it/s, Materializing param=gpt_neox.layers.13.mlp.dense_h_to_4h.weight]
Loading weights:  59%|#####8    | 171/292 [00:00<00:00, 2718.65it/s, Materializing param=gpt_neox.layers.13.post_attention_layernorm.bias]
Loading weights:  59%|#####8    | 171/292 [00:00<00:00, 2716.09it/s, Materializing param=gpt_neox.layers.13.post_attention_layernorm.bias]
Loading weights:  59%|#####8    | 172/292 [00:00<00:00, 2727.44it/s, Materializing param=gpt_neox.layers.13.post_attention_layernorm.weight]
Loading weights:  59%|#####8    | 172/292 [00:00<00:00, 2724.84it/s, Materializing param=gpt_neox.layers.13.post_attention_layernorm.weight]
Loading weights:  59%|#####9    | 173/292 [00:00<00:00, 2736.07it/s, Materializing param=gpt_neox.layers.14.attention.dense.bias]           
Loading weights:  59%|#####9    | 173/292 [00:00<00:00, 2733.58it/s, Materializing param=gpt_neox.layers.14.attention.dense.bias]
Loading weights:  60%|#####9    | 174/292 [00:00<00:00, 2744.74it/s, Materializing param=gpt_neox.layers.14.attention.dense.weight]
Loading weights:  60%|#####9    | 174/292 [00:00<00:00, 2742.35it/s, Materializing param=gpt_neox.layers.14.attention.dense.weight]
Loading weights:  60%|#####9    | 175/292 [00:00<00:00, 2753.80it/s, Materializing param=gpt_neox.layers.14.attention.query_key_value.bias]
Loading weights:  60%|#####9    | 175/292 [00:00<00:00, 2751.15it/s, Materializing param=gpt_neox.layers.14.attention.query_key_value.bias]
Loading weights:  60%|######    | 176/292 [00:00<00:00, 2762.48it/s, Materializing param=gpt_neox.layers.14.attention.query_key_value.weight]
Loading weights:  60%|######    | 176/292 [00:00<00:00, 2759.92it/s, Materializing param=gpt_neox.layers.14.attention.query_key_value.weight]
Loading weights:  61%|######    | 177/292 [00:00<00:00, 2771.21it/s, Materializing param=gpt_neox.layers.14.input_layernorm.bias]            
Loading weights:  61%|######    | 177/292 [00:00<00:00, 2767.73it/s, Materializing param=gpt_neox.layers.14.input_layernorm.bias]
Loading weights:  61%|######    | 178/292 [00:00<00:00, 2777.46it/s, Materializing param=gpt_neox.layers.14.input_layernorm.weight]
Loading weights:  61%|######    | 178/292 [00:00<00:00, 2774.92it/s, Materializing param=gpt_neox.layers.14.input_layernorm.weight]
Loading weights:  61%|######1   | 179/292 [00:00<00:00, 2786.17it/s, Materializing param=gpt_neox.layers.14.mlp.dense_4h_to_h.bias]
Loading weights:  61%|######1   | 179/292 [00:00<00:00, 2783.60it/s, Materializing param=gpt_neox.layers.14.mlp.dense_4h_to_h.bias]
Loading weights:  62%|######1   | 180/292 [00:00<00:00, 2794.69it/s, Materializing param=gpt_neox.layers.14.mlp.dense_4h_to_h.weight]
Loading weights:  62%|######1   | 180/292 [00:00<00:00, 2792.11it/s, Materializing param=gpt_neox.layers.14.mlp.dense_4h_to_h.weight]
Loading weights:  62%|######1   | 181/292 [00:00<00:00, 2802.92it/s, Materializing param=gpt_neox.layers.14.mlp.dense_h_to_4h.bias]  
Loading weights:  62%|######1   | 181/292 [00:00<00:00, 2800.50it/s, Materializing param=gpt_neox.layers.14.mlp.dense_h_to_4h.bias]
Loading weights:  62%|######2   | 182/292 [00:00<00:00, 2811.58it/s, Materializing param=gpt_neox.layers.14.mlp.dense_h_to_4h.weight]
Loading weights:  62%|######2   | 182/292 [00:00<00:00, 2809.01it/s, Materializing param=gpt_neox.layers.14.mlp.dense_h_to_4h.weight]
Loading weights:  63%|######2   | 183/292 [00:00<00:00, 2819.90it/s, Materializing param=gpt_neox.layers.14.post_attention_layernorm.bias]
Loading weights:  63%|######2   | 183/292 [00:00<00:00, 2817.11it/s, Materializing param=gpt_neox.layers.14.post_attention_layernorm.bias]
Loading weights:  63%|######3   | 184/292 [00:00<00:00, 2827.14it/s, Materializing param=gpt_neox.layers.14.post_attention_layernorm.weight]
Loading weights:  63%|######3   | 184/292 [00:00<00:00, 2823.33it/s, Materializing param=gpt_neox.layers.14.post_attention_layernorm.weight]
Loading weights:  63%|######3   | 185/292 [00:00<00:00, 2834.00it/s, Materializing param=gpt_neox.layers.15.attention.dense.bias]           
Loading weights:  63%|######3   | 185/292 [00:00<00:00, 2830.68it/s, Materializing param=gpt_neox.layers.15.attention.dense.bias]
Loading weights:  64%|######3   | 186/292 [00:00<00:00, 2841.04it/s, Materializing param=gpt_neox.layers.15.attention.dense.weight]
Loading weights:  64%|######3   | 186/292 [00:00<00:00, 2838.20it/s, Materializing param=gpt_neox.layers.15.attention.dense.weight]
Loading weights:  64%|######4   | 187/292 [00:00<00:00, 2848.50it/s, Materializing param=gpt_neox.layers.15.attention.query_key_value.bias]
Loading weights:  64%|######4   | 187/292 [00:00<00:00, 2845.70it/s, Materializing param=gpt_neox.layers.15.attention.query_key_value.bias]
Loading weights:  64%|######4   | 188/292 [00:00<00:00, 2855.89it/s, Materializing param=gpt_neox.layers.15.attention.query_key_value.weight]
Loading weights:  64%|######4   | 188/292 [00:00<00:00, 2853.02it/s, Materializing param=gpt_neox.layers.15.attention.query_key_value.weight]
Loading weights:  65%|######4   | 189/292 [00:00<00:00, 2862.76it/s, Materializing param=gpt_neox.layers.15.input_layernorm.bias]            
Loading weights:  65%|######4   | 189/292 [00:00<00:00, 2860.00it/s, Materializing param=gpt_neox.layers.15.input_layernorm.bias]
Loading weights:  65%|######5   | 190/292 [00:00<00:00, 2870.19it/s, Materializing param=gpt_neox.layers.15.input_layernorm.weight]
Loading weights:  65%|######5   | 190/292 [00:00<00:00, 2867.42it/s, Materializing param=gpt_neox.layers.15.input_layernorm.weight]
Loading weights:  65%|######5   | 191/292 [00:00<00:00, 2877.57it/s, Materializing param=gpt_neox.layers.15.mlp.dense_4h_to_h.bias]
Loading weights:  65%|######5   | 191/292 [00:00<00:00, 2874.81it/s, Materializing param=gpt_neox.layers.15.mlp.dense_4h_to_h.bias]
Loading weights:  66%|######5   | 192/292 [00:00<00:00, 2884.86it/s, Materializing param=gpt_neox.layers.15.mlp.dense_4h_to_h.weight]
Loading weights:  66%|######5   | 192/292 [00:00<00:00, 2881.54it/s, Materializing param=gpt_neox.layers.15.mlp.dense_4h_to_h.weight]
Loading weights:  66%|######6   | 193/292 [00:00<00:00, 2891.71it/s, Materializing param=gpt_neox.layers.15.mlp.dense_h_to_4h.bias]  
Loading weights:  66%|######6   | 193/292 [00:00<00:00, 2888.96it/s, Materializing param=gpt_neox.layers.15.mlp.dense_h_to_4h.bias]
Loading weights:  66%|######6   | 194/292 [00:00<00:00, 2899.06it/s, Materializing param=gpt_neox.layers.15.mlp.dense_h_to_4h.weight]
Loading weights:  66%|######6   | 194/292 [00:00<00:00, 2896.33it/s, Materializing param=gpt_neox.layers.15.mlp.dense_h_to_4h.weight]
Loading weights:  67%|######6   | 195/292 [00:00<00:00, 2906.53it/s, Materializing param=gpt_neox.layers.15.post_attention_layernorm.bias]
Loading weights:  67%|######6   | 195/292 [00:00<00:00, 2903.15it/s, Materializing param=gpt_neox.layers.15.post_attention_layernorm.bias]
Loading weights:  67%|######7   | 196/292 [00:00<00:00, 2913.26it/s, Materializing param=gpt_neox.layers.15.post_attention_layernorm.weight]
Loading weights:  67%|######7   | 196/292 [00:00<00:00, 2910.48it/s, Materializing param=gpt_neox.layers.15.post_attention_layernorm.weight]
Loading weights:  67%|######7   | 197/292 [00:00<00:00, 2920.38it/s, Materializing param=gpt_neox.layers.16.attention.dense.bias]           
Loading weights:  67%|######7   | 197/292 [00:00<00:00, 2917.64it/s, Materializing param=gpt_neox.layers.16.attention.dense.bias]
Loading weights:  68%|######7   | 198/292 [00:00<00:00, 2927.38it/s, Materializing param=gpt_neox.layers.16.attention.dense.weight]
Loading weights:  68%|######7   | 198/292 [00:00<00:00, 2924.66it/s, Materializing param=gpt_neox.layers.16.attention.dense.weight]
Loading weights:  68%|######8   | 199/292 [00:00<00:00, 2933.16it/s, Materializing param=gpt_neox.layers.16.attention.query_key_value.bias]
Loading weights:  68%|######8   | 199/292 [00:00<00:00, 2930.22it/s, Materializing param=gpt_neox.layers.16.attention.query_key_value.bias]
Loading weights:  68%|######8   | 200/292 [00:00<00:00, 2940.15it/s, Materializing param=gpt_neox.layers.16.attention.query_key_value.weight]
Loading weights:  68%|######8   | 200/292 [00:00<00:00, 2937.50it/s, Materializing param=gpt_neox.layers.16.attention.query_key_value.weight]
Loading weights:  69%|######8   | 201/292 [00:00<00:00, 2947.07it/s, Materializing param=gpt_neox.layers.16.input_layernorm.bias]            
Loading weights:  69%|######8   | 201/292 [00:00<00:00, 2944.45it/s, Materializing param=gpt_neox.layers.16.input_layernorm.bias]
Loading weights:  69%|######9   | 202/292 [00:00<00:00, 2953.88it/s, Materializing param=gpt_neox.layers.16.input_layernorm.weight]
Loading weights:  69%|######9   | 202/292 [00:00<00:00, 2951.46it/s, Materializing param=gpt_neox.layers.16.input_layernorm.weight]
Loading weights:  70%|######9   | 203/292 [00:00<00:00, 2961.64it/s, Materializing param=gpt_neox.layers.16.mlp.dense_4h_to_h.bias]
Loading weights:  70%|######9   | 203/292 [00:00<00:00, 2959.08it/s, Materializing param=gpt_neox.layers.16.mlp.dense_4h_to_h.bias]
Loading weights:  70%|######9   | 204/292 [00:00<00:00, 2969.12it/s, Materializing param=gpt_neox.layers.16.mlp.dense_4h_to_h.weight]
Loading weights:  70%|######9   | 204/292 [00:00<00:00, 2965.66it/s, Materializing param=gpt_neox.layers.16.mlp.dense_4h_to_h.weight]
Loading weights:  70%|#######   | 205/292 [00:00<00:00, 2974.66it/s, Materializing param=gpt_neox.layers.16.mlp.dense_h_to_4h.bias]  
Loading weights:  70%|#######   | 205/292 [00:00<00:00, 2972.06it/s, Materializing param=gpt_neox.layers.16.mlp.dense_h_to_4h.bias]
Loading weights:  71%|#######   | 206/292 [00:00<00:00, 2981.99it/s, Materializing param=gpt_neox.layers.16.mlp.dense_h_to_4h.weight]
Loading weights:  71%|#######   | 206/292 [00:00<00:00, 2979.33it/s, Materializing param=gpt_neox.layers.16.mlp.dense_h_to_4h.weight]
Loading weights:  71%|#######   | 207/292 [00:00<00:00, 2989.07it/s, Materializing param=gpt_neox.layers.16.post_attention_layernorm.bias]
Loading weights:  71%|#######   | 207/292 [00:00<00:00, 2986.49it/s, Materializing param=gpt_neox.layers.16.post_attention_layernorm.bias]
Loading weights:  71%|#######1  | 208/292 [00:00<00:00, 2996.31it/s, Materializing param=gpt_neox.layers.16.post_attention_layernorm.weight]
Loading weights:  71%|#######1  | 208/292 [00:00<00:00, 2993.69it/s, Materializing param=gpt_neox.layers.16.post_attention_layernorm.weight]
Loading weights:  72%|#######1  | 209/292 [00:00<00:00, 3003.49it/s, Materializing param=gpt_neox.layers.17.attention.dense.bias]           
Loading weights:  72%|#######1  | 209/292 [00:00<00:00, 3000.94it/s, Materializing param=gpt_neox.layers.17.attention.dense.bias]
Loading weights:  72%|#######1  | 210/292 [00:00<00:00, 3010.55it/s, Materializing param=gpt_neox.layers.17.attention.dense.weight]
Loading weights:  72%|#######1  | 210/292 [00:00<00:00, 3007.98it/s, Materializing param=gpt_neox.layers.17.attention.dense.weight]
Loading weights:  72%|#######2  | 211/292 [00:00<00:00, 3016.80it/s, Materializing param=gpt_neox.layers.17.attention.query_key_value.bias]
Loading weights:  72%|#######2  | 211/292 [00:00<00:00, 3013.44it/s, Materializing param=gpt_neox.layers.17.attention.query_key_value.bias]
Loading weights:  73%|#######2  | 212/292 [00:00<00:00, 3022.09it/s, Materializing param=gpt_neox.layers.17.attention.query_key_value.weight]
Loading weights:  73%|#######2  | 212/292 [00:00<00:00, 3019.42it/s, Materializing param=gpt_neox.layers.17.attention.query_key_value.weight]
Loading weights:  73%|#######2  | 213/292 [00:00<00:00, 3028.91it/s, Materializing param=gpt_neox.layers.17.input_layernorm.bias]            
Loading weights:  73%|#######2  | 213/292 [00:00<00:00, 3026.30it/s, Materializing param=gpt_neox.layers.17.input_layernorm.bias]
Loading weights:  73%|#######3  | 214/292 [00:00<00:00, 3035.92it/s, Materializing param=gpt_neox.layers.17.input_layernorm.weight]
Loading weights:  73%|#######3  | 214/292 [00:00<00:00, 3033.34it/s, Materializing param=gpt_neox.layers.17.input_layernorm.weight]
Loading weights:  74%|#######3  | 215/292 [00:00<00:00, 3042.58it/s, Materializing param=gpt_neox.layers.17.mlp.dense_4h_to_h.bias]
Loading weights:  74%|#######3  | 215/292 [00:00<00:00, 3040.03it/s, Materializing param=gpt_neox.layers.17.mlp.dense_4h_to_h.bias]
Loading weights:  74%|#######3  | 216/292 [00:00<00:00, 3049.23it/s, Materializing param=gpt_neox.layers.17.mlp.dense_4h_to_h.weight]
Loading weights:  74%|#######3  | 216/292 [00:00<00:00, 3045.67it/s, Materializing param=gpt_neox.layers.17.mlp.dense_4h_to_h.weight]
Loading weights:  74%|#######4  | 217/292 [00:00<00:00, 3055.12it/s, Materializing param=gpt_neox.layers.17.mlp.dense_h_to_4h.bias]  
Loading weights:  74%|#######4  | 217/292 [00:00<00:00, 3052.22it/s, Materializing param=gpt_neox.layers.17.mlp.dense_h_to_4h.bias]
Loading weights:  75%|#######4  | 218/292 [00:00<00:00, 3061.75it/s, Materializing param=gpt_neox.layers.17.mlp.dense_h_to_4h.weight]
Loading weights:  75%|#######4  | 218/292 [00:00<00:00, 3059.20it/s, Materializing param=gpt_neox.layers.17.mlp.dense_h_to_4h.weight]
Loading weights:  75%|#######5  | 219/292 [00:00<00:00, 3068.79it/s, Materializing param=gpt_neox.layers.17.post_attention_layernorm.bias]
Loading weights:  75%|#######5  | 219/292 [00:00<00:00, 3066.23it/s, Materializing param=gpt_neox.layers.17.post_attention_layernorm.bias]
Loading weights:  75%|#######5  | 220/292 [00:00<00:00, 3075.11it/s, Materializing param=gpt_neox.layers.17.post_attention_layernorm.weight]
Loading weights:  75%|#######5  | 220/292 [00:00<00:00, 3071.93it/s, Materializing param=gpt_neox.layers.17.post_attention_layernorm.weight]
Loading weights:  76%|#######5  | 221/292 [00:00<00:00, 3080.67it/s, Materializing param=gpt_neox.layers.18.attention.dense.bias]           
Loading weights:  76%|#######5  | 221/292 [00:00<00:00, 3078.11it/s, Materializing param=gpt_neox.layers.18.attention.dense.bias]
Loading weights:  76%|#######6  | 222/292 [00:00<00:00, 3087.23it/s, Materializing param=gpt_neox.layers.18.attention.dense.weight]
Loading weights:  76%|#######6  | 222/292 [00:00<00:00, 3084.25it/s, Materializing param=gpt_neox.layers.18.attention.dense.weight]
Loading weights:  76%|#######6  | 223/292 [00:00<00:00, 3093.77it/s, Materializing param=gpt_neox.layers.18.attention.query_key_value.bias]
Loading weights:  76%|#######6  | 223/292 [00:00<00:00, 3091.25it/s, Materializing param=gpt_neox.layers.18.attention.query_key_value.bias]
Loading weights:  77%|#######6  | 224/292 [00:00<00:00, 3100.75it/s, Materializing param=gpt_neox.layers.18.attention.query_key_value.weight]
Loading weights:  77%|#######6  | 224/292 [00:00<00:00, 3098.37it/s, Materializing param=gpt_neox.layers.18.attention.query_key_value.weight]
Loading weights:  77%|#######7  | 225/292 [00:00<00:00, 3107.12it/s, Materializing param=gpt_neox.layers.18.input_layernorm.bias]            
Loading weights:  77%|#######7  | 225/292 [00:00<00:00, 3104.24it/s, Materializing param=gpt_neox.layers.18.input_layernorm.bias]
Loading weights:  77%|#######7  | 226/292 [00:00<00:00, 3112.34it/s, Materializing param=gpt_neox.layers.18.input_layernorm.weight]
Loading weights:  77%|#######7  | 226/292 [00:00<00:00, 3109.60it/s, Materializing param=gpt_neox.layers.18.input_layernorm.weight]
Loading weights:  78%|#######7  | 227/292 [00:00<00:00, 3118.50it/s, Materializing param=gpt_neox.layers.18.mlp.dense_4h_to_h.bias]
Loading weights:  78%|#######7  | 227/292 [00:00<00:00, 3115.93it/s, Materializing param=gpt_neox.layers.18.mlp.dense_4h_to_h.bias]
Loading weights:  78%|#######8  | 228/292 [00:00<00:00, 3125.13it/s, Materializing param=gpt_neox.layers.18.mlp.dense_4h_to_h.weight]
Loading weights:  78%|#######8  | 228/292 [00:00<00:00, 3122.57it/s, Materializing param=gpt_neox.layers.18.mlp.dense_4h_to_h.weight]
Loading weights:  78%|#######8  | 229/292 [00:00<00:00, 3131.91it/s, Materializing param=gpt_neox.layers.18.mlp.dense_h_to_4h.bias]  
Loading weights:  78%|#######8  | 229/292 [00:00<00:00, 3129.39it/s, Materializing param=gpt_neox.layers.18.mlp.dense_h_to_4h.bias]
Loading weights:  79%|#######8  | 230/292 [00:00<00:00, 3138.70it/s, Materializing param=gpt_neox.layers.18.mlp.dense_h_to_4h.weight]
Loading weights:  79%|#######8  | 230/292 [00:00<00:00, 3136.21it/s, Materializing param=gpt_neox.layers.18.mlp.dense_h_to_4h.weight]
Loading weights:  79%|#######9  | 231/292 [00:00<00:00, 3145.55it/s, Materializing param=gpt_neox.layers.18.post_attention_layernorm.bias]
Loading weights:  79%|#######9  | 231/292 [00:00<00:00, 3143.11it/s, Materializing param=gpt_neox.layers.18.post_attention_layernorm.bias]
Loading weights:  79%|#######9  | 232/292 [00:00<00:00, 3152.32it/s, Materializing param=gpt_neox.layers.18.post_attention_layernorm.weight]
Loading weights:  79%|#######9  | 232/292 [00:00<00:00, 3149.76it/s, Materializing param=gpt_neox.layers.18.post_attention_layernorm.weight]
Loading weights:  80%|#######9  | 233/292 [00:00<00:00, 3158.94it/s, Materializing param=gpt_neox.layers.19.attention.dense.bias]           
Loading weights:  80%|#######9  | 233/292 [00:00<00:00, 3156.59it/s, Materializing param=gpt_neox.layers.19.attention.dense.bias]
Loading weights:  80%|########  | 234/292 [00:00<00:00, 3165.36it/s, Materializing param=gpt_neox.layers.19.attention.dense.weight]
Loading weights:  80%|########  | 234/292 [00:00<00:00, 3162.90it/s, Materializing param=gpt_neox.layers.19.attention.dense.weight]
Loading weights:  80%|########  | 235/292 [00:00<00:00, 3169.71it/s, Materializing param=gpt_neox.layers.19.attention.query_key_value.bias]
Loading weights:  80%|########  | 235/292 [00:00<00:00, 3166.78it/s, Materializing param=gpt_neox.layers.19.attention.query_key_value.bias]
Loading weights:  81%|########  | 236/292 [00:00<00:00, 3174.16it/s, Materializing param=gpt_neox.layers.19.attention.query_key_value.weight]
Loading weights:  81%|########  | 236/292 [00:00<00:00, 3171.45it/s, Materializing param=gpt_neox.layers.19.attention.query_key_value.weight]
Loading weights:  81%|########1 | 237/292 [00:00<00:00, 3180.18it/s, Materializing param=gpt_neox.layers.19.input_layernorm.bias]            
Loading weights:  81%|########1 | 237/292 [00:00<00:00, 3177.77it/s, Materializing param=gpt_neox.layers.19.input_layernorm.bias]
Loading weights:  82%|########1 | 238/292 [00:00<00:00, 3186.64it/s, Materializing param=gpt_neox.layers.19.input_layernorm.weight]
Loading weights:  82%|########1 | 238/292 [00:00<00:00, 3184.26it/s, Materializing param=gpt_neox.layers.19.input_layernorm.weight]
Loading weights:  82%|########1 | 239/292 [00:00<00:00, 3193.30it/s, Materializing param=gpt_neox.layers.19.mlp.dense_4h_to_h.bias]
Loading weights:  82%|########1 | 239/292 [00:00<00:00, 3190.91it/s, Materializing param=gpt_neox.layers.19.mlp.dense_4h_to_h.bias]
Loading weights:  82%|########2 | 240/292 [00:00<00:00, 3199.55it/s, Materializing param=gpt_neox.layers.19.mlp.dense_4h_to_h.weight]
Loading weights:  82%|########2 | 240/292 [00:00<00:00, 3197.08it/s, Materializing param=gpt_neox.layers.19.mlp.dense_4h_to_h.weight]
Loading weights:  83%|########2 | 241/292 [00:00<00:00, 3205.46it/s, Materializing param=gpt_neox.layers.19.mlp.dense_h_to_4h.bias]  
Loading weights:  83%|########2 | 241/292 [00:00<00:00, 3203.09it/s, Materializing param=gpt_neox.layers.19.mlp.dense_h_to_4h.bias]
Loading weights:  83%|########2 | 242/292 [00:00<00:00, 3212.09it/s, Materializing param=gpt_neox.layers.19.mlp.dense_h_to_4h.weight]
Loading weights:  83%|########2 | 242/292 [00:00<00:00, 3209.77it/s, Materializing param=gpt_neox.layers.19.mlp.dense_h_to_4h.weight]
Loading weights:  83%|########3 | 243/292 [00:00<00:00, 3218.63it/s, Materializing param=gpt_neox.layers.19.post_attention_layernorm.bias]
Loading weights:  83%|########3 | 243/292 [00:00<00:00, 3216.25it/s, Materializing param=gpt_neox.layers.19.post_attention_layernorm.bias]
Loading weights:  84%|########3 | 244/292 [00:00<00:00, 3224.71it/s, Materializing param=gpt_neox.layers.19.post_attention_layernorm.weight]
Loading weights:  84%|########3 | 244/292 [00:00<00:00, 3222.06it/s, Materializing param=gpt_neox.layers.19.post_attention_layernorm.weight]
Loading weights:  84%|########3 | 245/292 [00:00<00:00, 3230.59it/s, Materializing param=gpt_neox.layers.20.attention.dense.bias]           
Loading weights:  84%|########3 | 245/292 [00:00<00:00, 3226.33it/s, Materializing param=gpt_neox.layers.20.attention.dense.bias]
Loading weights:  84%|########4 | 246/292 [00:00<00:00, 3232.96it/s, Materializing param=gpt_neox.layers.20.attention.dense.weight]
Loading weights:  84%|########4 | 246/292 [00:00<00:00, 3230.31it/s, Materializing param=gpt_neox.layers.20.attention.dense.weight]
Loading weights:  85%|########4 | 247/292 [00:00<00:00, 3238.42it/s, Materializing param=gpt_neox.layers.20.attention.query_key_value.bias]
Loading weights:  85%|########4 | 247/292 [00:00<00:00, 3235.70it/s, Materializing param=gpt_neox.layers.20.attention.query_key_value.bias]
Loading weights:  85%|########4 | 248/292 [00:00<00:00, 3243.97it/s, Materializing param=gpt_neox.layers.20.attention.query_key_value.weight]
Loading weights:  85%|########4 | 248/292 [00:00<00:00, 3241.00it/s, Materializing param=gpt_neox.layers.20.attention.query_key_value.weight]
Loading weights:  85%|########5 | 249/292 [00:00<00:00, 3249.26it/s, Materializing param=gpt_neox.layers.20.input_layernorm.bias]            
Loading weights:  85%|########5 | 249/292 [00:00<00:00, 3246.65it/s, Materializing param=gpt_neox.layers.20.input_layernorm.bias]
Loading weights:  86%|########5 | 250/292 [00:00<00:00, 3255.12it/s, Materializing param=gpt_neox.layers.20.input_layernorm.weight]
Loading weights:  86%|########5 | 250/292 [00:00<00:00, 3252.52it/s, Materializing param=gpt_neox.layers.20.input_layernorm.weight]
Loading weights:  86%|########5 | 251/292 [00:00<00:00, 3261.08it/s, Materializing param=gpt_neox.layers.20.mlp.dense_4h_to_h.bias]
Loading weights:  86%|########5 | 251/292 [00:00<00:00, 3258.48it/s, Materializing param=gpt_neox.layers.20.mlp.dense_4h_to_h.bias]
Loading weights:  86%|########6 | 252/292 [00:00<00:00, 3266.85it/s, Materializing param=gpt_neox.layers.20.mlp.dense_4h_to_h.weight]
Loading weights:  86%|########6 | 252/292 [00:00<00:00, 3264.23it/s, Materializing param=gpt_neox.layers.20.mlp.dense_4h_to_h.weight]
Loading weights:  87%|########6 | 253/292 [00:00<00:00, 3272.50it/s, Materializing param=gpt_neox.layers.20.mlp.dense_h_to_4h.bias]  
Loading weights:  87%|########6 | 253/292 [00:00<00:00, 3269.98it/s, Materializing param=gpt_neox.layers.20.mlp.dense_h_to_4h.bias]
Loading weights:  87%|########6 | 254/292 [00:00<00:00, 3277.71it/s, Materializing param=gpt_neox.layers.20.mlp.dense_h_to_4h.weight]
Loading weights:  87%|########6 | 254/292 [00:00<00:00, 3275.11it/s, Materializing param=gpt_neox.layers.20.mlp.dense_h_to_4h.weight]
Loading weights:  87%|########7 | 255/292 [00:00<00:00, 3283.41it/s, Materializing param=gpt_neox.layers.20.post_attention_layernorm.bias]
Loading weights:  87%|########7 | 255/292 [00:00<00:00, 3280.78it/s, Materializing param=gpt_neox.layers.20.post_attention_layernorm.bias]
Loading weights:  88%|########7 | 256/292 [00:00<00:00, 3289.07it/s, Materializing param=gpt_neox.layers.20.post_attention_layernorm.weight]
Loading weights:  88%|########7 | 256/292 [00:00<00:00, 3286.46it/s, Materializing param=gpt_neox.layers.20.post_attention_layernorm.weight]
Loading weights:  88%|########8 | 257/292 [00:00<00:00, 3294.75it/s, Materializing param=gpt_neox.layers.21.attention.dense.bias]           
Loading weights:  88%|########8 | 257/292 [00:00<00:00, 3292.20it/s, Materializing param=gpt_neox.layers.21.attention.dense.bias]
Loading weights:  88%|########8 | 258/292 [00:00<00:00, 3300.57it/s, Materializing param=gpt_neox.layers.21.attention.dense.weight]
Loading weights:  88%|########8 | 258/292 [00:00<00:00, 3298.04it/s, Materializing param=gpt_neox.layers.21.attention.dense.weight]
Loading weights:  89%|########8 | 259/292 [00:00<00:00, 3306.29it/s, Materializing param=gpt_neox.layers.21.attention.query_key_value.bias]
Loading weights:  89%|########8 | 259/292 [00:00<00:00, 3303.72it/s, Materializing param=gpt_neox.layers.21.attention.query_key_value.bias]
Loading weights:  89%|########9 | 260/292 [00:00<00:00, 3311.82it/s, Materializing param=gpt_neox.layers.21.attention.query_key_value.weight]
Loading weights:  89%|########9 | 260/292 [00:00<00:00, 3309.27it/s, Materializing param=gpt_neox.layers.21.attention.query_key_value.weight]
Loading weights:  89%|########9 | 261/292 [00:00<00:00, 3317.30it/s, Materializing param=gpt_neox.layers.21.input_layernorm.bias]            
Loading weights:  89%|########9 | 261/292 [00:00<00:00, 3314.76it/s, Materializing param=gpt_neox.layers.21.input_layernorm.bias]
Loading weights:  90%|########9 | 262/292 [00:00<00:00, 3323.13it/s, Materializing param=gpt_neox.layers.21.input_layernorm.weight]
Loading weights:  90%|########9 | 262/292 [00:00<00:00, 3320.64it/s, Materializing param=gpt_neox.layers.21.input_layernorm.weight]
Loading weights:  90%|######### | 263/292 [00:00<00:00, 3329.12it/s, Materializing param=gpt_neox.layers.21.mlp.dense_4h_to_h.bias]
Loading weights:  90%|######### | 263/292 [00:00<00:00, 3326.81it/s, Materializing param=gpt_neox.layers.21.mlp.dense_4h_to_h.bias]
Loading weights:  90%|######### | 264/292 [00:00<00:00, 3335.17it/s, Materializing param=gpt_neox.layers.21.mlp.dense_4h_to_h.weight]
Loading weights:  90%|######### | 264/292 [00:00<00:00, 3332.85it/s, Materializing param=gpt_neox.layers.21.mlp.dense_4h_to_h.weight]
Loading weights:  91%|######### | 265/292 [00:00<00:00, 3341.22it/s, Materializing param=gpt_neox.layers.21.mlp.dense_h_to_4h.bias]  
Loading weights:  91%|######### | 265/292 [00:00<00:00, 3338.73it/s, Materializing param=gpt_neox.layers.21.mlp.dense_h_to_4h.bias]
Loading weights:  91%|#########1| 266/292 [00:00<00:00, 3346.76it/s, Materializing param=gpt_neox.layers.21.mlp.dense_h_to_4h.weight]
Loading weights:  91%|#########1| 266/292 [00:00<00:00, 3344.27it/s, Materializing param=gpt_neox.layers.21.mlp.dense_h_to_4h.weight]
Loading weights:  91%|#########1| 267/292 [00:00<00:00, 3352.31it/s, Materializing param=gpt_neox.layers.21.post_attention_layernorm.bias]
Loading weights:  91%|#########1| 267/292 [00:00<00:00, 3349.76it/s, Materializing param=gpt_neox.layers.21.post_attention_layernorm.bias]
Loading weights:  92%|#########1| 268/292 [00:00<00:00, 3357.88it/s, Materializing param=gpt_neox.layers.21.post_attention_layernorm.weight]
Loading weights:  92%|#########1| 268/292 [00:00<00:00, 3355.36it/s, Materializing param=gpt_neox.layers.21.post_attention_layernorm.weight]
Loading weights:  92%|#########2| 269/292 [00:00<00:00, 3363.49it/s, Materializing param=gpt_neox.layers.22.attention.dense.bias]           
Loading weights:  92%|#########2| 269/292 [00:00<00:00, 3361.00it/s, Materializing param=gpt_neox.layers.22.attention.dense.bias]
Loading weights:  92%|#########2| 270/292 [00:00<00:00, 3368.97it/s, Materializing param=gpt_neox.layers.22.attention.dense.weight]
Loading weights:  92%|#########2| 270/292 [00:00<00:00, 3366.45it/s, Materializing param=gpt_neox.layers.22.attention.dense.weight]
Loading weights:  93%|#########2| 271/292 [00:00<00:00, 3374.63it/s, Materializing param=gpt_neox.layers.22.attention.query_key_value.bias]
Loading weights:  93%|#########2| 271/292 [00:00<00:00, 3372.14it/s, Materializing param=gpt_neox.layers.22.attention.query_key_value.bias]
Loading weights:  93%|#########3| 272/292 [00:00<00:00, 3379.85it/s, Materializing param=gpt_neox.layers.22.attention.query_key_value.weight]
Loading weights:  93%|#########3| 272/292 [00:00<00:00, 3377.25it/s, Materializing param=gpt_neox.layers.22.attention.query_key_value.weight]
Loading weights:  93%|#########3| 273/292 [00:00<00:00, 3383.87it/s, Materializing param=gpt_neox.layers.22.input_layernorm.bias]            
Loading weights:  93%|#########3| 273/292 [00:00<00:00, 3381.36it/s, Materializing param=gpt_neox.layers.22.input_layernorm.bias]
Loading weights:  94%|#########3| 274/292 [00:00<00:00, 3389.49it/s, Materializing param=gpt_neox.layers.22.input_layernorm.weight]
Loading weights:  94%|#########3| 274/292 [00:00<00:00, 3387.07it/s, Materializing param=gpt_neox.layers.22.input_layernorm.weight]
Loading weights:  94%|#########4| 275/292 [00:00<00:00, 3395.22it/s, Materializing param=gpt_neox.layers.22.mlp.dense_4h_to_h.bias]
Loading weights:  94%|#########4| 275/292 [00:00<00:00, 3392.77it/s, Materializing param=gpt_neox.layers.22.mlp.dense_4h_to_h.bias]
Loading weights:  95%|#########4| 276/292 [00:00<00:00, 3400.82it/s, Materializing param=gpt_neox.layers.22.mlp.dense_4h_to_h.weight]
Loading weights:  95%|#########4| 276/292 [00:00<00:00, 3398.34it/s, Materializing param=gpt_neox.layers.22.mlp.dense_4h_to_h.weight]
Loading weights:  95%|#########4| 277/292 [00:00<00:00, 3406.24it/s, Materializing param=gpt_neox.layers.22.mlp.dense_h_to_4h.bias]  
Loading weights:  95%|#########4| 277/292 [00:00<00:00, 3403.74it/s, Materializing param=gpt_neox.layers.22.mlp.dense_h_to_4h.bias]
Loading weights:  95%|#########5| 278/292 [00:00<00:00, 3411.38it/s, Materializing param=gpt_neox.layers.22.mlp.dense_h_to_4h.weight]
Loading weights:  95%|#########5| 278/292 [00:00<00:00, 3408.90it/s, Materializing param=gpt_neox.layers.22.mlp.dense_h_to_4h.weight]
Loading weights:  96%|#########5| 279/292 [00:00<00:00, 3416.69it/s, Materializing param=gpt_neox.layers.22.post_attention_layernorm.bias]
Loading weights:  96%|#########5| 279/292 [00:00<00:00, 3414.15it/s, Materializing param=gpt_neox.layers.22.post_attention_layernorm.bias]
Loading weights:  96%|#########5| 280/292 [00:00<00:00, 3421.95it/s, Materializing param=gpt_neox.layers.22.post_attention_layernorm.weight]
Loading weights:  96%|#########5| 280/292 [00:00<00:00, 3419.39it/s, Materializing param=gpt_neox.layers.22.post_attention_layernorm.weight]
Loading weights:  96%|#########6| 281/292 [00:00<00:00, 3427.13it/s, Materializing param=gpt_neox.layers.23.attention.dense.bias]           
Loading weights:  96%|#########6| 281/292 [00:00<00:00, 3424.59it/s, Materializing param=gpt_neox.layers.23.attention.dense.bias]
Loading weights:  97%|#########6| 282/292 [00:00<00:00, 3432.06it/s, Materializing param=gpt_neox.layers.23.attention.dense.weight]
Loading weights:  97%|#########6| 282/292 [00:00<00:00, 3429.51it/s, Materializing param=gpt_neox.layers.23.attention.dense.weight]
Loading weights:  97%|#########6| 283/292 [00:00<00:00, 3437.08it/s, Materializing param=gpt_neox.layers.23.attention.query_key_value.bias]
Loading weights:  97%|#########6| 283/292 [00:00<00:00, 3434.50it/s, Materializing param=gpt_neox.layers.23.attention.query_key_value.bias]
Loading weights:  97%|#########7| 284/292 [00:00<00:00, 3441.87it/s, Materializing param=gpt_neox.layers.23.attention.query_key_value.weight]
Loading weights:  97%|#########7| 284/292 [00:00<00:00, 3439.31it/s, Materializing param=gpt_neox.layers.23.attention.query_key_value.weight]
Loading weights:  98%|#########7| 285/292 [00:00<00:00, 3446.77it/s, Materializing param=gpt_neox.layers.23.input_layernorm.bias]            
Loading weights:  98%|#########7| 285/292 [00:00<00:00, 3444.17it/s, Materializing param=gpt_neox.layers.23.input_layernorm.bias]
Loading weights:  98%|#########7| 286/292 [00:00<00:00, 3449.63it/s, Materializing param=gpt_neox.layers.23.input_layernorm.weight]
Loading weights:  98%|#########7| 286/292 [00:00<00:00, 3446.21it/s, Materializing param=gpt_neox.layers.23.input_layernorm.weight]
Loading weights:  98%|#########8| 287/292 [00:00<00:00, 3451.83it/s, Materializing param=gpt_neox.layers.23.mlp.dense_4h_to_h.bias]
Loading weights:  98%|#########8| 287/292 [00:00<00:00, 3447.07it/s, Materializing param=gpt_neox.layers.23.mlp.dense_4h_to_h.bias]
Loading weights:  99%|#########8| 288/292 [00:00<00:00, 3452.87it/s, Materializing param=gpt_neox.layers.23.mlp.dense_4h_to_h.weight]
Loading weights:  99%|#########8| 288/292 [00:00<00:00, 3450.12it/s, Materializing param=gpt_neox.layers.23.mlp.dense_4h_to_h.weight]
Loading weights:  99%|#########8| 289/292 [00:00<00:00, 3456.85it/s, Materializing param=gpt_neox.layers.23.mlp.dense_h_to_4h.bias]  
Loading weights:  99%|#########8| 289/292 [00:00<00:00, 3454.19it/s, Materializing param=gpt_neox.layers.23.mlp.dense_h_to_4h.bias]
Loading weights:  99%|#########9| 290/292 [00:00<00:00, 3461.31it/s, Materializing param=gpt_neox.layers.23.mlp.dense_h_to_4h.weight]
Loading weights:  99%|#########9| 290/292 [00:00<00:00, 3458.72it/s, Materializing param=gpt_neox.layers.23.mlp.dense_h_to_4h.weight]
Loading weights: 100%|#########9| 291/292 [00:00<00:00, 3465.58it/s, Materializing param=gpt_neox.layers.23.post_attention_layernorm.bias]
Loading weights: 100%|#########9| 291/292 [00:00<00:00, 3463.05it/s, Materializing param=gpt_neox.layers.23.post_attention_layernorm.bias]
Loading weights: 100%|##########| 292/292 [00:00<00:00, 3470.40it/s, Materializing param=gpt_neox.layers.23.post_attention_layernorm.weight]
Loading weights: 100%|##########| 292/292 [00:00<00:00, 3467.87it/s, Materializing param=gpt_neox.layers.23.post_attention_layernorm.weight]
Loading weights: 100%|##########| 292/292 [00:00<00:00, 3462.62it/s, Materializing param=gpt_neox.layers.23.post_attention_layernorm.weight]

Loading weights:   0%|          | 0/292 [00:00<?, ?it/s]
Loading weights:   0%|          | 1/292 [00:00<00:00, 41527.76it/s, Materializing param=embed_out.weight]
Loading weights:   0%|          | 1/292 [00:00<00:00, 10538.45it/s, Materializing param=embed_out.weight]
Loading weights:   1%|          | 2/292 [00:00<00:00, 4768.96it/s, Materializing param=gpt_neox.embed_in.weight]
Loading weights:   1%|          | 2/292 [00:00<00:00, 2271.49it/s, Materializing param=gpt_neox.embed_in.weight]
Loading weights:   1%|1         | 3/292 [00:00<00:00, 2259.86it/s, Materializing param=gpt_neox.final_layer_norm.bias]
Loading weights:   1%|1         | 3/292 [00:00<00:00, 2019.40it/s, Materializing param=gpt_neox.final_layer_norm.bias]
Loading weights:   1%|1         | 4/292 [00:00<00:00, 1914.33it/s, Materializing param=gpt_neox.final_layer_norm.weight]
Loading weights:   1%|1         | 4/292 [00:00<00:00, 1828.78it/s, Materializing param=gpt_neox.final_layer_norm.weight]
Loading weights:   2%|1         | 5/292 [00:00<00:00, 1873.13it/s, Materializing param=gpt_neox.layers.0.attention.dense.bias]
Loading weights:   2%|1         | 5/292 [00:00<00:00, 1821.23it/s, Materializing param=gpt_neox.layers.0.attention.dense.bias]
Loading weights:   2%|2         | 6/292 [00:00<00:00, 1912.01it/s, Materializing param=gpt_neox.layers.0.attention.dense.weight]
Loading weights:   2%|2         | 6/292 [00:00<00:00, 1690.00it/s, Materializing param=gpt_neox.layers.0.attention.dense.weight]
Loading weights:   2%|2         | 7/292 [00:00<00:00, 1812.58it/s, Materializing param=gpt_neox.layers.0.attention.query_key_value.bias]
Loading weights:   2%|2         | 7/292 [00:00<00:00, 1761.26it/s, Materializing param=gpt_neox.layers.0.attention.query_key_value.bias]
Loading weights:   3%|2         | 8/292 [00:00<00:00, 1767.32it/s, Materializing param=gpt_neox.layers.0.attention.query_key_value.weight]
Loading weights:   3%|2         | 8/292 [00:00<00:00, 1665.40it/s, Materializing param=gpt_neox.layers.0.attention.query_key_value.weight]
Loading weights:   3%|3         | 9/292 [00:00<00:00, 1537.25it/s, Materializing param=gpt_neox.layers.0.input_layernorm.bias]            
Loading weights:   3%|3         | 9/292 [00:00<00:00, 1498.92it/s, Materializing param=gpt_neox.layers.0.input_layernorm.bias]
Loading weights:   3%|3         | 10/292 [00:00<00:00, 1344.89it/s, Materializing param=gpt_neox.layers.0.input_layernorm.weight]
Loading weights:   3%|3         | 10/292 [00:00<00:00, 1326.60it/s, Materializing param=gpt_neox.layers.0.input_layernorm.weight]
Loading weights:   4%|3         | 11/292 [00:00<00:00, 1271.00it/s, Materializing param=gpt_neox.layers.0.mlp.dense_4h_to_h.bias]
Loading weights:   4%|3         | 11/292 [00:00<00:00, 1258.90it/s, Materializing param=gpt_neox.layers.0.mlp.dense_4h_to_h.bias]
Loading weights:   4%|4         | 12/292 [00:00<00:00, 1282.33it/s, Materializing param=gpt_neox.layers.0.mlp.dense_4h_to_h.weight]
Loading weights:   4%|4         | 12/292 [00:00<00:00, 1241.71it/s, Materializing param=gpt_neox.layers.0.mlp.dense_4h_to_h.weight]
Loading weights:   4%|4         | 13/292 [00:00<00:00, 1211.74it/s, Materializing param=gpt_neox.layers.0.mlp.dense_h_to_4h.bias]  
Loading weights:   4%|4         | 13/292 [00:00<00:00, 1194.28it/s, Materializing param=gpt_neox.layers.0.mlp.dense_h_to_4h.bias]
Loading weights:   5%|4         | 14/292 [00:00<00:00, 1266.75it/s, Materializing param=gpt_neox.layers.0.mlp.dense_h_to_4h.weight]
Loading weights:   5%|4         | 14/292 [00:00<00:00, 1214.38it/s, Materializing param=gpt_neox.layers.0.mlp.dense_h_to_4h.weight]
Loading weights:   5%|5         | 15/292 [00:00<00:00, 1262.10it/s, Materializing param=gpt_neox.layers.0.post_attention_layernorm.bias]
Loading weights:   5%|5         | 15/292 [00:00<00:00, 1252.78it/s, Materializing param=gpt_neox.layers.0.post_attention_layernorm.bias]
Loading weights:   5%|5         | 16/292 [00:00<00:00, 1200.99it/s, Materializing param=gpt_neox.layers.0.post_attention_layernorm.weight]
Loading weights:   5%|5         | 16/292 [00:00<00:00, 1174.01it/s, Materializing param=gpt_neox.layers.0.post_attention_layernorm.weight]
Loading weights:   6%|5         | 17/292 [00:00<00:00, 1173.71it/s, Materializing param=gpt_neox.layers.1.attention.dense.bias]           
Loading weights:   6%|5         | 17/292 [00:00<00:00, 1115.84it/s, Materializing param=gpt_neox.layers.1.attention.dense.bias]
Loading weights:   6%|6         | 18/292 [00:00<00:00, 1129.24it/s, Materializing param=gpt_neox.layers.1.attention.dense.weight]
Loading weights:   6%|6         | 18/292 [00:00<00:00, 1095.25it/s, Materializing param=gpt_neox.layers.1.attention.dense.weight]
Loading weights:   7%|6         | 19/292 [00:00<00:00, 1066.48it/s, Materializing param=gpt_neox.layers.1.attention.query_key_value.bias]
Loading weights:   7%|6         | 19/292 [00:00<00:00, 1056.63it/s, Materializing param=gpt_neox.layers.1.attention.query_key_value.bias]
Loading weights:   7%|6         | 20/292 [00:00<00:00, 1088.36it/s, Materializing param=gpt_neox.layers.1.attention.query_key_value.weight]
Loading weights:   7%|6         | 20/292 [00:00<00:00, 1079.38it/s, Materializing param=gpt_neox.layers.1.attention.query_key_value.weight]
Loading weights:   7%|7         | 21/292 [00:00<00:00, 1114.59it/s, Materializing param=gpt_neox.layers.1.input_layernorm.bias]            
Loading weights:   7%|7         | 21/292 [00:00<00:00, 1099.07it/s, Materializing param=gpt_neox.layers.1.input_layernorm.bias]
Loading weights:   8%|7         | 22/292 [00:00<00:00, 1119.13it/s, Materializing param=gpt_neox.layers.1.input_layernorm.weight]
Loading weights:   8%|7         | 22/292 [00:00<00:00, 1107.79it/s, Materializing param=gpt_neox.layers.1.input_layernorm.weight]
Loading weights:   8%|7         | 23/292 [00:00<00:00, 1110.65it/s, Materializing param=gpt_neox.layers.1.mlp.dense_4h_to_h.bias]
Loading weights:   8%|7         | 23/292 [00:00<00:00, 1082.17it/s, Materializing param=gpt_neox.layers.1.mlp.dense_4h_to_h.bias]
Loading weights:   8%|8         | 24/292 [00:00<00:00, 1093.99it/s, Materializing param=gpt_neox.layers.1.mlp.dense_4h_to_h.weight]
Loading weights:   8%|8         | 24/292 [00:00<00:00, 1050.82it/s, Materializing param=gpt_neox.layers.1.mlp.dense_4h_to_h.weight]
Loading weights:   9%|8         | 25/292 [00:00<00:00, 1064.00it/s, Materializing param=gpt_neox.layers.1.mlp.dense_h_to_4h.bias]  
Loading weights:   9%|8         | 25/292 [00:00<00:00, 1056.77it/s, Materializing param=gpt_neox.layers.1.mlp.dense_h_to_4h.bias]
Loading weights:   9%|8         | 26/292 [00:00<00:00, 1057.27it/s, Materializing param=gpt_neox.layers.1.mlp.dense_h_to_4h.weight]
Loading weights:   9%|8         | 26/292 [00:00<00:00, 1042.31it/s, Materializing param=gpt_neox.layers.1.mlp.dense_h_to_4h.weight]
Loading weights:   9%|9         | 27/292 [00:00<00:00, 1066.27it/s, Materializing param=gpt_neox.layers.1.post_attention_layernorm.bias]
Loading weights:   9%|9         | 27/292 [00:00<00:00, 1062.72it/s, Materializing param=gpt_neox.layers.1.post_attention_layernorm.bias]
Loading weights:  10%|9         | 28/292 [00:00<00:00, 1076.70it/s, Materializing param=gpt_neox.layers.1.post_attention_layernorm.weight]
Loading weights:  10%|9         | 28/292 [00:00<00:00, 1057.38it/s, Materializing param=gpt_neox.layers.1.post_attention_layernorm.weight]
Loading weights:  10%|9         | 29/292 [00:00<00:00, 1083.36it/s, Materializing param=gpt_neox.layers.2.attention.dense.bias]           
Loading weights:  10%|9         | 29/292 [00:00<00:00, 1071.70it/s, Materializing param=gpt_neox.layers.2.attention.dense.bias]
Loading weights:  10%|#         | 30/292 [00:00<00:00, 1018.78it/s, Materializing param=gpt_neox.layers.2.attention.dense.weight]
Loading weights:  10%|#         | 30/292 [00:00<00:00, 1012.79it/s, Materializing param=gpt_neox.layers.2.attention.dense.weight]
Loading weights:  11%|#         | 31/292 [00:00<00:00, 1026.61it/s, Materializing param=gpt_neox.layers.2.attention.query_key_value.bias]
Loading weights:  11%|#         | 31/292 [00:00<00:00, 1015.78it/s, Materializing param=gpt_neox.layers.2.attention.query_key_value.bias]
Loading weights:  11%|#         | 32/292 [00:00<00:00, 1026.73it/s, Materializing param=gpt_neox.layers.2.attention.query_key_value.weight]
Loading weights:  11%|#         | 32/292 [00:00<00:00, 1023.96it/s, Materializing param=gpt_neox.layers.2.attention.query_key_value.weight]
Loading weights:  11%|#1        | 33/292 [00:00<00:00, 1005.22it/s, Materializing param=gpt_neox.layers.2.input_layernorm.bias]            
Loading weights:  11%|#1        | 33/292 [00:00<00:00, 1002.06it/s, Materializing param=gpt_neox.layers.2.input_layernorm.bias]
Loading weights:  12%|#1        | 34/292 [00:00<00:00, 1001.81it/s, Materializing param=gpt_neox.layers.2.input_layernorm.weight]
Loading weights:  12%|#1        | 34/292 [00:00<00:00, 987.93it/s, Materializing param=gpt_neox.layers.2.input_layernorm.weight] 
Loading weights:  12%|#1        | 35/292 [00:00<00:00, 996.05it/s, Materializing param=gpt_neox.layers.2.mlp.dense_4h_to_h.bias]
Loading weights:  12%|#1        | 35/292 [00:00<00:00, 991.75it/s, Materializing param=gpt_neox.layers.2.mlp.dense_4h_to_h.bias]
Loading weights:  12%|#2        | 36/292 [00:00<00:00, 1012.82it/s, Materializing param=gpt_neox.layers.2.mlp.dense_4h_to_h.weight]
Loading weights:  12%|#2        | 36/292 [00:00<00:00, 1009.55it/s, Materializing param=gpt_neox.layers.2.mlp.dense_4h_to_h.weight]
Loading weights:  13%|#2        | 37/292 [00:00<00:00, 1021.02it/s, Materializing param=gpt_neox.layers.2.mlp.dense_h_to_4h.bias]  
Loading weights:  13%|#2        | 37/292 [00:00<00:00, 1007.57it/s, Materializing param=gpt_neox.layers.2.mlp.dense_h_to_4h.bias]
Loading weights:  13%|#3        | 38/292 [00:00<00:00, 1015.82it/s, Materializing param=gpt_neox.layers.2.mlp.dense_h_to_4h.weight]
Loading weights:  13%|#3        | 38/292 [00:00<00:00, 1005.21it/s, Materializing param=gpt_neox.layers.2.mlp.dense_h_to_4h.weight]
Loading weights:  13%|#3        | 39/292 [00:00<00:00, 1021.79it/s, Materializing param=gpt_neox.layers.2.post_attention_layernorm.bias]
Loading weights:  13%|#3        | 39/292 [00:00<00:00, 1019.14it/s, Materializing param=gpt_neox.layers.2.post_attention_layernorm.bias]
Loading weights:  14%|#3        | 40/292 [00:00<00:00, 1041.16it/s, Materializing param=gpt_neox.layers.2.post_attention_layernorm.weight]
Loading weights:  14%|#3        | 40/292 [00:00<00:00, 1039.28it/s, Materializing param=gpt_neox.layers.2.post_attention_layernorm.weight]
Loading weights:  14%|#4        | 41/292 [00:00<00:00, 1061.74it/s, Materializing param=gpt_neox.layers.3.attention.dense.bias]           
Loading weights:  14%|#4        | 41/292 [00:00<00:00, 1058.11it/s, Materializing param=gpt_neox.layers.3.attention.dense.bias]
Loading weights:  14%|#4        | 42/292 [00:00<00:00, 1080.22it/s, Materializing param=gpt_neox.layers.3.attention.dense.weight]
Loading weights:  14%|#4        | 42/292 [00:00<00:00, 1078.50it/s, Materializing param=gpt_neox.layers.3.attention.dense.weight]
Loading weights:  15%|#4        | 43/292 [00:00<00:00, 1099.04it/s, Materializing param=gpt_neox.layers.3.attention.query_key_value.bias]
Loading weights:  15%|#4        | 43/292 [00:00<00:00, 1096.73it/s, Materializing param=gpt_neox.layers.3.attention.query_key_value.bias]
Loading weights:  15%|#5        | 44/292 [00:00<00:00, 1118.00it/s, Materializing param=gpt_neox.layers.3.attention.query_key_value.weight]
Loading weights:  15%|#5        | 44/292 [00:00<00:00, 1116.04it/s, Materializing param=gpt_neox.layers.3.attention.query_key_value.weight]
Loading weights:  15%|#5        | 45/292 [00:00<00:00, 1137.10it/s, Materializing param=gpt_neox.layers.3.input_layernorm.bias]            
Loading weights:  15%|#5        | 45/292 [00:00<00:00, 1135.35it/s, Materializing param=gpt_neox.layers.3.input_layernorm.bias]
Loading weights:  16%|#5        | 46/292 [00:00<00:00, 1157.16it/s, Materializing param=gpt_neox.layers.3.input_layernorm.weight]
Loading weights:  16%|#5        | 46/292 [00:00<00:00, 1155.36it/s, Materializing param=gpt_neox.layers.3.input_layernorm.weight]
Loading weights:  16%|#6        | 47/292 [00:00<00:00, 1177.07it/s, Materializing param=gpt_neox.layers.3.mlp.dense_4h_to_h.bias]
Loading weights:  16%|#6        | 47/292 [00:00<00:00, 1175.31it/s, Materializing param=gpt_neox.layers.3.mlp.dense_4h_to_h.bias]
Loading weights:  16%|#6        | 48/292 [00:00<00:00, 1196.71it/s, Materializing param=gpt_neox.layers.3.mlp.dense_4h_to_h.weight]
Loading weights:  16%|#6        | 48/292 [00:00<00:00, 1194.87it/s, Materializing param=gpt_neox.layers.3.mlp.dense_4h_to_h.weight]
Loading weights:  17%|#6        | 49/292 [00:00<00:00, 1216.21it/s, Materializing param=gpt_neox.layers.3.mlp.dense_h_to_4h.bias]  
Loading weights:  17%|#6        | 49/292 [00:00<00:00, 1213.97it/s, Materializing param=gpt_neox.layers.3.mlp.dense_h_to_4h.bias]
Loading weights:  17%|#7        | 50/292 [00:00<00:00, 1235.32it/s, Materializing param=gpt_neox.layers.3.mlp.dense_h_to_4h.weight]
Loading weights:  17%|#7        | 50/292 [00:00<00:00, 1233.45it/s, Materializing param=gpt_neox.layers.3.mlp.dense_h_to_4h.weight]
Loading weights:  17%|#7        | 51/292 [00:00<00:00, 1254.72it/s, Materializing param=gpt_neox.layers.3.post_attention_layernorm.bias]
Loading weights:  17%|#7        | 51/292 [00:00<00:00, 1252.82it/s, Materializing param=gpt_neox.layers.3.post_attention_layernorm.bias]
Loading weights:  18%|#7        | 52/292 [00:00<00:00, 1273.96it/s, Materializing param=gpt_neox.layers.3.post_attention_layernorm.weight]
Loading weights:  18%|#7        | 52/292 [00:00<00:00, 1272.06it/s, Materializing param=gpt_neox.layers.3.post_attention_layernorm.weight]
Loading weights:  18%|#8        | 53/292 [00:00<00:00, 1293.02it/s, Materializing param=gpt_neox.layers.4.attention.dense.bias]           
Loading weights:  18%|#8        | 53/292 [00:00<00:00, 1291.14it/s, Materializing param=gpt_neox.layers.4.attention.dense.bias]
Loading weights:  18%|#8        | 54/292 [00:00<00:00, 1311.65it/s, Materializing param=gpt_neox.layers.4.attention.dense.weight]
Loading weights:  18%|#8        | 54/292 [00:00<00:00, 1309.61it/s, Materializing param=gpt_neox.layers.4.attention.dense.weight]
Loading weights:  19%|#8        | 55/292 [00:00<00:00, 1330.21it/s, Materializing param=gpt_neox.layers.4.attention.query_key_value.bias]
Loading weights:  19%|#8        | 55/292 [00:00<00:00, 1328.21it/s, Materializing param=gpt_neox.layers.4.attention.query_key_value.bias]
Loading weights:  19%|#9        | 56/292 [00:00<00:00, 1348.79it/s, Materializing param=gpt_neox.layers.4.attention.query_key_value.weight]
Loading weights:  19%|#9        | 56/292 [00:00<00:00, 1346.79it/s, Materializing param=gpt_neox.layers.4.attention.query_key_value.weight]
Loading weights:  20%|#9        | 57/292 [00:00<00:00, 1367.30it/s, Materializing param=gpt_neox.layers.4.input_layernorm.bias]            
Loading weights:  20%|#9        | 57/292 [00:00<00:00, 1365.29it/s, Materializing param=gpt_neox.layers.4.input_layernorm.bias]
Loading weights:  20%|#9        | 58/292 [00:00<00:00, 1385.80it/s, Materializing param=gpt_neox.layers.4.input_layernorm.weight]
Loading weights:  20%|#9        | 58/292 [00:00<00:00, 1383.84it/s, Materializing param=gpt_neox.layers.4.input_layernorm.weight]
Loading weights:  20%|##        | 59/292 [00:00<00:00, 1404.40it/s, Materializing param=gpt_neox.layers.4.mlp.dense_4h_to_h.bias]
Loading weights:  20%|##        | 59/292 [00:00<00:00, 1402.25it/s, Materializing param=gpt_neox.layers.4.mlp.dense_4h_to_h.bias]
Loading weights:  21%|##        | 60/292 [00:00<00:00, 1422.46it/s, Materializing param=gpt_neox.layers.4.mlp.dense_4h_to_h.weight]
Loading weights:  21%|##        | 60/292 [00:00<00:00, 1420.43it/s, Materializing param=gpt_neox.layers.4.mlp.dense_4h_to_h.weight]
Loading weights:  21%|##        | 61/292 [00:00<00:00, 1440.45it/s, Materializing param=gpt_neox.layers.4.mlp.dense_h_to_4h.bias]  
Loading weights:  21%|##        | 61/292 [00:00<00:00, 1438.42it/s, Materializing param=gpt_neox.layers.4.mlp.dense_h_to_4h.bias]
Loading weights:  21%|##1       | 62/292 [00:00<00:00, 1458.45it/s, Materializing param=gpt_neox.layers.4.mlp.dense_h_to_4h.weight]
Loading weights:  21%|##1       | 62/292 [00:00<00:00, 1456.57it/s, Materializing param=gpt_neox.layers.4.mlp.dense_h_to_4h.weight]
Loading weights:  22%|##1       | 63/292 [00:00<00:00, 1476.59it/s, Materializing param=gpt_neox.layers.4.post_attention_layernorm.bias]
Loading weights:  22%|##1       | 63/292 [00:00<00:00, 1474.54it/s, Materializing param=gpt_neox.layers.4.post_attention_layernorm.bias]
Loading weights:  22%|##1       | 64/292 [00:00<00:00, 1494.38it/s, Materializing param=gpt_neox.layers.4.post_attention_layernorm.weight]
Loading weights:  22%|##1       | 64/292 [00:00<00:00, 1492.43it/s, Materializing param=gpt_neox.layers.4.post_attention_layernorm.weight]
Loading weights:  22%|##2       | 65/292 [00:00<00:00, 1511.99it/s, Materializing param=gpt_neox.layers.5.attention.dense.bias]           
Loading weights:  22%|##2       | 65/292 [00:00<00:00, 1509.89it/s, Materializing param=gpt_neox.layers.5.attention.dense.bias]
Loading weights:  23%|##2       | 66/292 [00:00<00:00, 1528.89it/s, Materializing param=gpt_neox.layers.5.attention.dense.weight]
Loading weights:  23%|##2       | 66/292 [00:00<00:00, 1526.74it/s, Materializing param=gpt_neox.layers.5.attention.dense.weight]
Loading weights:  23%|##2       | 67/292 [00:00<00:00, 1546.02it/s, Materializing param=gpt_neox.layers.5.attention.query_key_value.bias]
Loading weights:  23%|##2       | 67/292 [00:00<00:00, 1543.79it/s, Materializing param=gpt_neox.layers.5.attention.query_key_value.bias]
Loading weights:  23%|##3       | 68/292 [00:00<00:00, 1562.90it/s, Materializing param=gpt_neox.layers.5.attention.query_key_value.weight]
Loading weights:  23%|##3       | 68/292 [00:00<00:00, 1560.71it/s, Materializing param=gpt_neox.layers.5.attention.query_key_value.weight]
Loading weights:  24%|##3       | 69/292 [00:00<00:00, 1579.73it/s, Materializing param=gpt_neox.layers.5.input_layernorm.bias]            
Loading weights:  24%|##3       | 69/292 [00:00<00:00, 1577.69it/s, Materializing param=gpt_neox.layers.5.input_layernorm.bias]
Loading weights:  24%|##3       | 70/292 [00:00<00:00, 1596.90it/s, Materializing param=gpt_neox.layers.5.input_layernorm.weight]
Loading weights:  24%|##3       | 70/292 [00:00<00:00, 1593.72it/s, Materializing param=gpt_neox.layers.5.input_layernorm.weight]
Loading weights:  24%|##4       | 71/292 [00:00<00:00, 1612.80it/s, Materializing param=gpt_neox.layers.5.mlp.dense_4h_to_h.bias]
Loading weights:  24%|##4       | 71/292 [00:00<00:00, 1610.45it/s, Materializing param=gpt_neox.layers.5.mlp.dense_4h_to_h.bias]
Loading weights:  25%|##4       | 72/292 [00:00<00:00, 1629.26it/s, Materializing param=gpt_neox.layers.5.mlp.dense_4h_to_h.weight]
Loading weights:  25%|##4       | 72/292 [00:00<00:00, 1627.07it/s, Materializing param=gpt_neox.layers.5.mlp.dense_4h_to_h.weight]
Loading weights:  25%|##5       | 73/292 [00:00<00:00, 1645.68it/s, Materializing param=gpt_neox.layers.5.mlp.dense_h_to_4h.bias]  
Loading weights:  25%|##5       | 73/292 [00:00<00:00, 1643.46it/s, Materializing param=gpt_neox.layers.5.mlp.dense_h_to_4h.bias]
Loading weights:  25%|##5       | 74/292 [00:00<00:00, 1662.15it/s, Materializing param=gpt_neox.layers.5.mlp.dense_h_to_4h.weight]
Loading weights:  25%|##5       | 74/292 [00:00<00:00, 1660.12it/s, Materializing param=gpt_neox.layers.5.mlp.dense_h_to_4h.weight]
Loading weights:  26%|##5       | 75/292 [00:00<00:00, 1678.57it/s, Materializing param=gpt_neox.layers.5.post_attention_layernorm.bias]
Loading weights:  26%|##5       | 75/292 [00:00<00:00, 1676.45it/s, Materializing param=gpt_neox.layers.5.post_attention_layernorm.bias]
Loading weights:  26%|##6       | 76/292 [00:00<00:00, 1695.05it/s, Materializing param=gpt_neox.layers.5.post_attention_layernorm.weight]
Loading weights:  26%|##6       | 76/292 [00:00<00:00, 1692.75it/s, Materializing param=gpt_neox.layers.5.post_attention_layernorm.weight]
Loading weights:  26%|##6       | 77/292 [00:00<00:00, 1711.02it/s, Materializing param=gpt_neox.layers.6.attention.dense.bias]           
Loading weights:  26%|##6       | 77/292 [00:00<00:00, 1708.53it/s, Materializing param=gpt_neox.layers.6.attention.dense.bias]
Loading weights:  27%|##6       | 78/292 [00:00<00:00, 1726.48it/s, Materializing param=gpt_neox.layers.6.attention.dense.weight]
Loading weights:  27%|##6       | 78/292 [00:00<00:00, 1723.66it/s, Materializing param=gpt_neox.layers.6.attention.dense.weight]
Loading weights:  27%|##7       | 79/292 [00:00<00:00, 1741.77it/s, Materializing param=gpt_neox.layers.6.attention.query_key_value.bias]
Loading weights:  27%|##7       | 79/292 [00:00<00:00, 1739.57it/s, Materializing param=gpt_neox.layers.6.attention.query_key_value.bias]
Loading weights:  27%|##7       | 80/292 [00:00<00:00, 1756.41it/s, Materializing param=gpt_neox.layers.6.attention.query_key_value.weight]
Loading weights:  27%|##7       | 80/292 [00:00<00:00, 1754.04it/s, Materializing param=gpt_neox.layers.6.attention.query_key_value.weight]
Loading weights:  28%|##7       | 81/292 [00:00<00:00, 1771.83it/s, Materializing param=gpt_neox.layers.6.input_layernorm.bias]            
Loading weights:  28%|##7       | 81/292 [00:00<00:00, 1769.52it/s, Materializing param=gpt_neox.layers.6.input_layernorm.bias]
Loading weights:  28%|##8       | 82/292 [00:00<00:00, 1787.19it/s, Materializing param=gpt_neox.layers.6.input_layernorm.weight]
Loading weights:  28%|##8       | 82/292 [00:00<00:00, 1784.80it/s, Materializing param=gpt_neox.layers.6.input_layernorm.weight]
Loading weights:  28%|##8       | 83/292 [00:00<00:00, 1802.53it/s, Materializing param=gpt_neox.layers.6.mlp.dense_4h_to_h.bias]
Loading weights:  28%|##8       | 83/292 [00:00<00:00, 1800.07it/s, Materializing param=gpt_neox.layers.6.mlp.dense_4h_to_h.bias]
Loading weights:  29%|##8       | 84/292 [00:00<00:00, 1817.51it/s, Materializing param=gpt_neox.layers.6.mlp.dense_4h_to_h.weight]
Loading weights:  29%|##8       | 84/292 [00:00<00:00, 1815.28it/s, Materializing param=gpt_neox.layers.6.mlp.dense_4h_to_h.weight]
Loading weights:  29%|##9       | 85/292 [00:00<00:00, 1832.76it/s, Materializing param=gpt_neox.layers.6.mlp.dense_h_to_4h.bias]  
Loading weights:  29%|##9       | 85/292 [00:00<00:00, 1830.53it/s, Materializing param=gpt_neox.layers.6.mlp.dense_h_to_4h.bias]
Loading weights:  29%|##9       | 86/292 [00:00<00:00, 1847.86it/s, Materializing param=gpt_neox.layers.6.mlp.dense_h_to_4h.weight]
Loading weights:  29%|##9       | 86/292 [00:00<00:00, 1845.39it/s, Materializing param=gpt_neox.layers.6.mlp.dense_h_to_4h.weight]
Loading weights:  30%|##9       | 87/292 [00:00<00:00, 1862.45it/s, Materializing param=gpt_neox.layers.6.post_attention_layernorm.bias]
Loading weights:  30%|##9       | 87/292 [00:00<00:00, 1860.02it/s, Materializing param=gpt_neox.layers.6.post_attention_layernorm.bias]
Loading weights:  30%|###       | 88/292 [00:00<00:00, 1877.00it/s, Materializing param=gpt_neox.layers.6.post_attention_layernorm.weight]
Loading weights:  30%|###       | 88/292 [00:00<00:00, 1874.55it/s, Materializing param=gpt_neox.layers.6.post_attention_layernorm.weight]
Loading weights:  30%|###       | 89/292 [00:00<00:00, 1891.55it/s, Materializing param=gpt_neox.layers.7.attention.dense.bias]           
Loading weights:  30%|###       | 89/292 [00:00<00:00, 1889.03it/s, Materializing param=gpt_neox.layers.7.attention.dense.bias]
Loading weights:  31%|###       | 90/292 [00:00<00:00, 1905.73it/s, Materializing param=gpt_neox.layers.7.attention.dense.weight]
Loading weights:  31%|###       | 90/292 [00:00<00:00, 1903.46it/s, Materializing param=gpt_neox.layers.7.attention.dense.weight]
Loading weights:  31%|###1      | 91/292 [00:00<00:00, 1920.32it/s, Materializing param=gpt_neox.layers.7.attention.query_key_value.bias]
Loading weights:  31%|###1      | 91/292 [00:00<00:00, 1917.73it/s, Materializing param=gpt_neox.layers.7.attention.query_key_value.bias]
Loading weights:  32%|###1      | 92/292 [00:00<00:00, 1933.60it/s, Materializing param=gpt_neox.layers.7.attention.query_key_value.weight]
Loading weights:  32%|###1      | 92/292 [00:00<00:00, 1931.03it/s, Materializing param=gpt_neox.layers.7.attention.query_key_value.weight]
Loading weights:  32%|###1      | 93/292 [00:00<00:00, 1947.47it/s, Materializing param=gpt_neox.layers.7.input_layernorm.bias]            
Loading weights:  32%|###1      | 93/292 [00:00<00:00, 1945.00it/s, Materializing param=gpt_neox.layers.7.input_layernorm.bias]
Loading weights:  32%|###2      | 94/292 [00:00<00:00, 1961.32it/s, Materializing param=gpt_neox.layers.7.input_layernorm.weight]
Loading weights:  32%|###2      | 94/292 [00:00<00:00, 1958.84it/s, Materializing param=gpt_neox.layers.7.input_layernorm.weight]
Loading weights:  33%|###2      | 95/292 [00:00<00:00, 1974.68it/s, Materializing param=gpt_neox.layers.7.mlp.dense_4h_to_h.bias]
Loading weights:  33%|###2      | 95/292 [00:00<00:00, 1972.17it/s, Materializing param=gpt_neox.layers.7.mlp.dense_4h_to_h.bias]
Loading weights:  33%|###2      | 96/292 [00:00<00:00, 1988.35it/s, Materializing param=gpt_neox.layers.7.mlp.dense_4h_to_h.weight]
Loading weights:  33%|###2      | 96/292 [00:00<00:00, 1985.09it/s, Materializing param=gpt_neox.layers.7.mlp.dense_4h_to_h.weight]
Loading weights:  33%|###3      | 97/292 [00:00<00:00, 2001.39it/s, Materializing param=gpt_neox.layers.7.mlp.dense_h_to_4h.bias]  
Loading weights:  33%|###3      | 97/292 [00:00<00:00, 1999.11it/s, Materializing param=gpt_neox.layers.7.mlp.dense_h_to_4h.bias]
Loading weights:  34%|###3      | 98/292 [00:00<00:00, 2015.51it/s, Materializing param=gpt_neox.layers.7.mlp.dense_h_to_4h.weight]
Loading weights:  34%|###3      | 98/292 [00:00<00:00, 2013.07it/s, Materializing param=gpt_neox.layers.7.mlp.dense_h_to_4h.weight]
Loading weights:  34%|###3      | 99/292 [00:00<00:00, 2029.17it/s, Materializing param=gpt_neox.layers.7.post_attention_layernorm.bias]
Loading weights:  34%|###3      | 99/292 [00:00<00:00, 2026.72it/s, Materializing param=gpt_neox.layers.7.post_attention_layernorm.bias]
Loading weights:  34%|###4      | 100/292 [00:00<00:00, 2041.96it/s, Materializing param=gpt_neox.layers.7.post_attention_layernorm.weight]
Loading weights:  34%|###4      | 100/292 [00:00<00:00, 2039.40it/s, Materializing param=gpt_neox.layers.7.post_attention_layernorm.weight]
Loading weights:  35%|###4      | 101/292 [00:00<00:00, 2055.11it/s, Materializing param=gpt_neox.layers.8.attention.dense.bias]           
Loading weights:  35%|###4      | 101/292 [00:00<00:00, 2052.61it/s, Materializing param=gpt_neox.layers.8.attention.dense.bias]
Loading weights:  35%|###4      | 102/292 [00:00<00:00, 2068.48it/s, Materializing param=gpt_neox.layers.8.attention.dense.weight]
Loading weights:  35%|###4      | 102/292 [00:00<00:00, 2065.94it/s, Materializing param=gpt_neox.layers.8.attention.dense.weight]
Loading weights:  35%|###5      | 103/292 [00:00<00:00, 2081.70it/s, Materializing param=gpt_neox.layers.8.attention.query_key_value.bias]
Loading weights:  35%|###5      | 103/292 [00:00<00:00, 2079.13it/s, Materializing param=gpt_neox.layers.8.attention.query_key_value.bias]
Loading weights:  36%|###5      | 104/292 [00:00<00:00, 2094.67it/s, Materializing param=gpt_neox.layers.8.attention.query_key_value.weight]
Loading weights:  36%|###5      | 104/292 [00:00<00:00, 2092.13it/s, Materializing param=gpt_neox.layers.8.attention.query_key_value.weight]
Loading weights:  36%|###5      | 105/292 [00:00<00:00, 2107.71it/s, Materializing param=gpt_neox.layers.8.input_layernorm.bias]            
Loading weights:  36%|###5      | 105/292 [00:00<00:00, 2105.25it/s, Materializing param=gpt_neox.layers.8.input_layernorm.bias]
Loading weights:  36%|###6      | 106/292 [00:00<00:00, 2120.87it/s, Materializing param=gpt_neox.layers.8.input_layernorm.weight]
Loading weights:  36%|###6      | 106/292 [00:00<00:00, 2118.32it/s, Materializing param=gpt_neox.layers.8.input_layernorm.weight]
Loading weights:  37%|###6      | 107/292 [00:00<00:00, 2133.64it/s, Materializing param=gpt_neox.layers.8.mlp.dense_4h_to_h.bias]
Loading weights:  37%|###6      | 107/292 [00:00<00:00, 2131.11it/s, Materializing param=gpt_neox.layers.8.mlp.dense_4h_to_h.bias]
Loading weights:  37%|###6      | 108/292 [00:00<00:00, 2146.43it/s, Materializing param=gpt_neox.layers.8.mlp.dense_4h_to_h.weight]
Loading weights:  37%|###6      | 108/292 [00:00<00:00, 2143.70it/s, Materializing param=gpt_neox.layers.8.mlp.dense_4h_to_h.weight]
Loading weights:  37%|###7      | 109/292 [00:00<00:00, 2159.09it/s, Materializing param=gpt_neox.layers.8.mlp.dense_h_to_4h.bias]  
Loading weights:  37%|###7      | 109/292 [00:00<00:00, 2156.53it/s, Materializing param=gpt_neox.layers.8.mlp.dense_h_to_4h.bias]
Loading weights:  38%|###7      | 110/292 [00:00<00:00, 2170.55it/s, Materializing param=gpt_neox.layers.8.mlp.dense_h_to_4h.weight]
Loading weights:  38%|###7      | 110/292 [00:00<00:00, 2166.71it/s, Materializing param=gpt_neox.layers.8.mlp.dense_h_to_4h.weight]
Loading weights:  38%|###8      | 111/292 [00:00<00:00, 2181.77it/s, Materializing param=gpt_neox.layers.8.post_attention_layernorm.bias]
Loading weights:  38%|###8      | 111/292 [00:00<00:00, 2179.32it/s, Materializing param=gpt_neox.layers.8.post_attention_layernorm.bias]
Loading weights:  38%|###8      | 112/292 [00:00<00:00, 2194.26it/s, Materializing param=gpt_neox.layers.8.post_attention_layernorm.weight]
Loading weights:  38%|###8      | 112/292 [00:00<00:00, 2191.12it/s, Materializing param=gpt_neox.layers.8.post_attention_layernorm.weight]
Loading weights:  39%|###8      | 113/292 [00:00<00:00, 2206.06it/s, Materializing param=gpt_neox.layers.9.attention.dense.bias]           
Loading weights:  39%|###8      | 113/292 [00:00<00:00, 2203.47it/s, Materializing param=gpt_neox.layers.9.attention.dense.bias]
Loading weights:  39%|###9      | 114/292 [00:00<00:00, 2218.14it/s, Materializing param=gpt_neox.layers.9.attention.dense.weight]
Loading weights:  39%|###9      | 114/292 [00:00<00:00, 2215.54it/s, Materializing param=gpt_neox.layers.9.attention.dense.weight]
Loading weights:  39%|###9      | 115/292 [00:00<00:00, 2229.97it/s, Materializing param=gpt_neox.layers.9.attention.query_key_value.bias]
Loading weights:  39%|###9      | 115/292 [00:00<00:00, 2227.35it/s, Materializing param=gpt_neox.layers.9.attention.query_key_value.bias]
Loading weights:  40%|###9      | 116/292 [00:00<00:00, 2242.11it/s, Materializing param=gpt_neox.layers.9.attention.query_key_value.weight]
Loading weights:  40%|###9      | 116/292 [00:00<00:00, 2239.47it/s, Materializing param=gpt_neox.layers.9.attention.query_key_value.weight]
Loading weights:  40%|####      | 117/292 [00:00<00:00, 2254.24it/s, Materializing param=gpt_neox.layers.9.input_layernorm.bias]            
Loading weights:  40%|####      | 117/292 [00:00<00:00, 2251.70it/s, Materializing param=gpt_neox.layers.9.input_layernorm.bias]
Loading weights:  40%|####      | 118/292 [00:00<00:00, 2266.04it/s, Materializing param=gpt_neox.layers.9.input_layernorm.weight]
Loading weights:  40%|####      | 118/292 [00:00<00:00, 2263.43it/s, Materializing param=gpt_neox.layers.9.input_layernorm.weight]
Loading weights:  41%|####      | 119/292 [00:00<00:00, 2278.16it/s, Materializing param=gpt_neox.layers.9.mlp.dense_4h_to_h.bias]
Loading weights:  41%|####      | 119/292 [00:00<00:00, 2275.51it/s, Materializing param=gpt_neox.layers.9.mlp.dense_4h_to_h.bias]
Loading weights:  41%|####1     | 120/292 [00:00<00:00, 2289.65it/s, Materializing param=gpt_neox.layers.9.mlp.dense_4h_to_h.weight]
Loading weights:  41%|####1     | 120/292 [00:00<00:00, 2287.02it/s, Materializing param=gpt_neox.layers.9.mlp.dense_4h_to_h.weight]
Loading weights:  41%|####1     | 121/292 [00:00<00:00, 2301.51it/s, Materializing param=gpt_neox.layers.9.mlp.dense_h_to_4h.bias]  
Loading weights:  41%|####1     | 121/292 [00:00<00:00, 2298.90it/s, Materializing param=gpt_neox.layers.9.mlp.dense_h_to_4h.bias]
Loading weights:  42%|####1     | 122/292 [00:00<00:00, 2313.35it/s, Materializing param=gpt_neox.layers.9.mlp.dense_h_to_4h.weight]
Loading weights:  42%|####1     | 122/292 [00:00<00:00, 2310.84it/s, Materializing param=gpt_neox.layers.9.mlp.dense_h_to_4h.weight]
Loading weights:  42%|####2     | 123/292 [00:00<00:00, 2325.27it/s, Materializing param=gpt_neox.layers.9.post_attention_layernorm.bias]
Loading weights:  42%|####2     | 123/292 [00:00<00:00, 2322.68it/s, Materializing param=gpt_neox.layers.9.post_attention_layernorm.bias]
Loading weights:  42%|####2     | 124/292 [00:00<00:00, 2330.52it/s, Materializing param=gpt_neox.layers.9.post_attention_layernorm.weight]
Loading weights:  42%|####2     | 124/292 [00:00<00:00, 2327.33it/s, Materializing param=gpt_neox.layers.9.post_attention_layernorm.weight]
Loading weights:  43%|####2     | 125/292 [00:00<00:00, 2334.04it/s, Materializing param=gpt_neox.layers.10.attention.dense.bias]          
Loading weights:  43%|####2     | 125/292 [00:00<00:00, 2330.07it/s, Materializing param=gpt_neox.layers.10.attention.dense.bias]
Loading weights:  43%|####3     | 126/292 [00:00<00:00, 2342.29it/s, Materializing param=gpt_neox.layers.10.attention.dense.weight]
Loading weights:  43%|####3     | 126/292 [00:00<00:00, 2339.59it/s, Materializing param=gpt_neox.layers.10.attention.dense.weight]
Loading weights:  43%|####3     | 127/292 [00:00<00:00, 2351.05it/s, Materializing param=gpt_neox.layers.10.attention.query_key_value.bias]
Loading weights:  43%|####3     | 127/292 [00:00<00:00, 2347.55it/s, Materializing param=gpt_neox.layers.10.attention.query_key_value.bias]
Loading weights:  44%|####3     | 128/292 [00:00<00:00, 2342.20it/s, Materializing param=gpt_neox.layers.10.attention.query_key_value.weight]
Loading weights:  44%|####3     | 128/292 [00:00<00:00, 2338.96it/s, Materializing param=gpt_neox.layers.10.attention.query_key_value.weight]
Loading weights:  44%|####4     | 129/292 [00:00<00:00, 2351.59it/s, Materializing param=gpt_neox.layers.10.input_layernorm.bias]            
Loading weights:  44%|####4     | 129/292 [00:00<00:00, 2348.85it/s, Materializing param=gpt_neox.layers.10.input_layernorm.bias]
Loading weights:  45%|####4     | 130/292 [00:00<00:00, 2362.01it/s, Materializing param=gpt_neox.layers.10.input_layernorm.weight]
Loading weights:  45%|####4     | 130/292 [00:00<00:00, 2359.39it/s, Materializing param=gpt_neox.layers.10.input_layernorm.weight]
Loading weights:  45%|####4     | 131/292 [00:00<00:00, 2372.77it/s, Materializing param=gpt_neox.layers.10.mlp.dense_4h_to_h.bias]
Loading weights:  45%|####4     | 131/292 [00:00<00:00, 2370.18it/s, Materializing param=gpt_neox.layers.10.mlp.dense_4h_to_h.bias]
Loading weights:  45%|####5     | 132/292 [00:00<00:00, 2383.54it/s, Materializing param=gpt_neox.layers.10.mlp.dense_4h_to_h.weight]
Loading weights:  45%|####5     | 132/292 [00:00<00:00, 2380.96it/s, Materializing param=gpt_neox.layers.10.mlp.dense_4h_to_h.weight]
Loading weights:  46%|####5     | 133/292 [00:00<00:00, 2394.14it/s, Materializing param=gpt_neox.layers.10.mlp.dense_h_to_4h.bias]  
Loading weights:  46%|####5     | 133/292 [00:00<00:00, 2389.56it/s, Materializing param=gpt_neox.layers.10.mlp.dense_h_to_4h.bias]
Loading weights:  46%|####5     | 134/292 [00:00<00:00, 2401.36it/s, Materializing param=gpt_neox.layers.10.mlp.dense_h_to_4h.weight]
Loading weights:  46%|####5     | 134/292 [00:00<00:00, 2398.54it/s, Materializing param=gpt_neox.layers.10.mlp.dense_h_to_4h.weight]
Loading weights:  46%|####6     | 135/292 [00:00<00:00, 2410.31it/s, Materializing param=gpt_neox.layers.10.post_attention_layernorm.bias]
Loading weights:  46%|####6     | 135/292 [00:00<00:00, 2407.61it/s, Materializing param=gpt_neox.layers.10.post_attention_layernorm.bias]
Loading weights:  47%|####6     | 136/292 [00:00<00:00, 2420.58it/s, Materializing param=gpt_neox.layers.10.post_attention_layernorm.weight]
Loading weights:  47%|####6     | 136/292 [00:00<00:00, 2418.11it/s, Materializing param=gpt_neox.layers.10.post_attention_layernorm.weight]
Loading weights:  47%|####6     | 137/292 [00:00<00:00, 2431.30it/s, Materializing param=gpt_neox.layers.11.attention.dense.bias]           
Loading weights:  47%|####6     | 137/292 [00:00<00:00, 2428.88it/s, Materializing param=gpt_neox.layers.11.attention.dense.bias]
Loading weights:  47%|####7     | 138/292 [00:00<00:00, 2441.77it/s, Materializing param=gpt_neox.layers.11.attention.dense.weight]
Loading weights:  47%|####7     | 138/292 [00:00<00:00, 2439.18it/s, Materializing param=gpt_neox.layers.11.attention.dense.weight]
Loading weights:  48%|####7     | 139/292 [00:00<00:00, 2452.31it/s, Materializing param=gpt_neox.layers.11.attention.query_key_value.bias]
Loading weights:  48%|####7     | 139/292 [00:00<00:00, 2449.71it/s, Materializing param=gpt_neox.layers.11.attention.query_key_value.bias]
Loading weights:  48%|####7     | 140/292 [00:00<00:00, 2462.52it/s, Materializing param=gpt_neox.layers.11.attention.query_key_value.weight]
Loading weights:  48%|####7     | 140/292 [00:00<00:00, 2459.03it/s, Materializing param=gpt_neox.layers.11.attention.query_key_value.weight]
Loading weights:  48%|####8     | 141/292 [00:00<00:00, 2471.75it/s, Materializing param=gpt_neox.layers.11.input_layernorm.bias]            
Loading weights:  48%|####8     | 141/292 [00:00<00:00, 2469.17it/s, Materializing param=gpt_neox.layers.11.input_layernorm.bias]
Loading weights:  49%|####8     | 142/292 [00:00<00:00, 2481.32it/s, Materializing param=gpt_neox.layers.11.input_layernorm.weight]
Loading weights:  49%|####8     | 142/292 [00:00<00:00, 2478.68it/s, Materializing param=gpt_neox.layers.11.input_layernorm.weight]
Loading weights:  49%|####8     | 143/292 [00:00<00:00, 2490.75it/s, Materializing param=gpt_neox.layers.11.mlp.dense_4h_to_h.bias]
Loading weights:  49%|####8     | 143/292 [00:00<00:00, 2488.19it/s, Materializing param=gpt_neox.layers.11.mlp.dense_4h_to_h.bias]
Loading weights:  49%|####9     | 144/292 [00:00<00:00, 2500.97it/s, Materializing param=gpt_neox.layers.11.mlp.dense_4h_to_h.weight]
Loading weights:  49%|####9     | 144/292 [00:00<00:00, 2498.18it/s, Materializing param=gpt_neox.layers.11.mlp.dense_4h_to_h.weight]
Loading weights:  50%|####9     | 145/292 [00:00<00:00, 2511.03it/s, Materializing param=gpt_neox.layers.11.mlp.dense_h_to_4h.bias]  
Loading weights:  50%|####9     | 145/292 [00:00<00:00, 2508.42it/s, Materializing param=gpt_neox.layers.11.mlp.dense_h_to_4h.bias]
Loading weights:  50%|#####     | 146/292 [00:00<00:00, 2521.25it/s, Materializing param=gpt_neox.layers.11.mlp.dense_h_to_4h.weight]
Loading weights:  50%|#####     | 146/292 [00:00<00:00, 2518.62it/s, Materializing param=gpt_neox.layers.11.mlp.dense_h_to_4h.weight]
Loading weights:  50%|#####     | 147/292 [00:00<00:00, 2531.35it/s, Materializing param=gpt_neox.layers.11.post_attention_layernorm.bias]
Loading weights:  50%|#####     | 147/292 [00:00<00:00, 2528.67it/s, Materializing param=gpt_neox.layers.11.post_attention_layernorm.bias]
Loading weights:  51%|#####     | 148/292 [00:00<00:00, 2541.32it/s, Materializing param=gpt_neox.layers.11.post_attention_layernorm.weight]
Loading weights:  51%|#####     | 148/292 [00:00<00:00, 2537.91it/s, Materializing param=gpt_neox.layers.11.post_attention_layernorm.weight]
Loading weights:  51%|#####1    | 149/292 [00:00<00:00, 2550.35it/s, Materializing param=gpt_neox.layers.12.attention.dense.bias]           
Loading weights:  51%|#####1    | 149/292 [00:00<00:00, 2547.75it/s, Materializing param=gpt_neox.layers.12.attention.dense.bias]
Loading weights:  51%|#####1    | 150/292 [00:00<00:00, 2560.09it/s, Materializing param=gpt_neox.layers.12.attention.dense.weight]
Loading weights:  51%|#####1    | 150/292 [00:00<00:00, 2557.65it/s, Materializing param=gpt_neox.layers.12.attention.dense.weight]
Loading weights:  52%|#####1    | 151/292 [00:00<00:00, 2570.00it/s, Materializing param=gpt_neox.layers.12.attention.query_key_value.bias]
Loading weights:  52%|#####1    | 151/292 [00:00<00:00, 2567.27it/s, Materializing param=gpt_neox.layers.12.attention.query_key_value.bias]
Loading weights:  52%|#####2    | 152/292 [00:00<00:00, 2579.50it/s, Materializing param=gpt_neox.layers.12.attention.query_key_value.weight]
Loading weights:  52%|#####2    | 152/292 [00:00<00:00, 2576.73it/s, Materializing param=gpt_neox.layers.12.attention.query_key_value.weight]
Loading weights:  52%|#####2    | 153/292 [00:00<00:00, 2588.36it/s, Materializing param=gpt_neox.layers.12.input_layernorm.bias]            
Loading weights:  52%|#####2    | 153/292 [00:00<00:00, 2585.70it/s, Materializing param=gpt_neox.layers.12.input_layernorm.bias]
Loading weights:  53%|#####2    | 154/292 [00:00<00:00, 2597.85it/s, Materializing param=gpt_neox.layers.12.input_layernorm.weight]
Loading weights:  53%|#####2    | 154/292 [00:00<00:00, 2595.23it/s, Materializing param=gpt_neox.layers.12.input_layernorm.weight]
Loading weights:  53%|#####3    | 155/292 [00:00<00:00, 2607.63it/s, Materializing param=gpt_neox.layers.12.mlp.dense_4h_to_h.bias]
Loading weights:  53%|#####3    | 155/292 [00:00<00:00, 2605.21it/s, Materializing param=gpt_neox.layers.12.mlp.dense_4h_to_h.bias]
Loading weights:  53%|#####3    | 156/292 [00:00<00:00, 2616.98it/s, Materializing param=gpt_neox.layers.12.mlp.dense_4h_to_h.weight]
Loading weights:  53%|#####3    | 156/292 [00:00<00:00, 2614.34it/s, Materializing param=gpt_neox.layers.12.mlp.dense_4h_to_h.weight]
Loading weights:  54%|#####3    | 157/292 [00:00<00:00, 2626.32it/s, Materializing param=gpt_neox.layers.12.mlp.dense_h_to_4h.bias]  
Loading weights:  54%|#####3    | 157/292 [00:00<00:00, 2623.66it/s, Materializing param=gpt_neox.layers.12.mlp.dense_h_to_4h.bias]
Loading weights:  54%|#####4    | 158/292 [00:00<00:00, 2633.72it/s, Materializing param=gpt_neox.layers.12.mlp.dense_h_to_4h.weight]
Loading weights:  54%|#####4    | 158/292 [00:00<00:00, 2631.09it/s, Materializing param=gpt_neox.layers.12.mlp.dense_h_to_4h.weight]
Loading weights:  54%|#####4    | 159/292 [00:00<00:00, 2643.03it/s, Materializing param=gpt_neox.layers.12.post_attention_layernorm.bias]
Loading weights:  54%|#####4    | 159/292 [00:00<00:00, 2639.20it/s, Materializing param=gpt_neox.layers.12.post_attention_layernorm.bias]
Loading weights:  55%|#####4    | 160/292 [00:00<00:00, 2650.27it/s, Materializing param=gpt_neox.layers.12.post_attention_layernorm.weight]
Loading weights:  55%|#####4    | 160/292 [00:00<00:00, 2647.56it/s, Materializing param=gpt_neox.layers.12.post_attention_layernorm.weight]
Loading weights:  55%|#####5    | 161/292 [00:00<00:00, 2659.26it/s, Materializing param=gpt_neox.layers.13.attention.dense.bias]           
Loading weights:  55%|#####5    | 161/292 [00:00<00:00, 2656.67it/s, Materializing param=gpt_neox.layers.13.attention.dense.bias]
Loading weights:  55%|#####5    | 162/292 [00:00<00:00, 2668.17it/s, Materializing param=gpt_neox.layers.13.attention.dense.weight]
Loading weights:  55%|#####5    | 162/292 [00:00<00:00, 2664.92it/s, Materializing param=gpt_neox.layers.13.attention.dense.weight]
Loading weights:  56%|#####5    | 163/292 [00:00<00:00, 2676.57it/s, Materializing param=gpt_neox.layers.13.attention.query_key_value.bias]
Loading weights:  56%|#####5    | 163/292 [00:00<00:00, 2673.88it/s, Materializing param=gpt_neox.layers.13.attention.query_key_value.bias]
Loading weights:  56%|#####6    | 164/292 [00:00<00:00, 2685.48it/s, Materializing param=gpt_neox.layers.13.attention.query_key_value.weight]
Loading weights:  56%|#####6    | 164/292 [00:00<00:00, 2682.79it/s, Materializing param=gpt_neox.layers.13.attention.query_key_value.weight]
Loading weights:  57%|#####6    | 165/292 [00:00<00:00, 2694.22it/s, Materializing param=gpt_neox.layers.13.input_layernorm.bias]            
Loading weights:  57%|#####6    | 165/292 [00:00<00:00, 2691.58it/s, Materializing param=gpt_neox.layers.13.input_layernorm.bias]
Loading weights:  57%|#####6    | 166/292 [00:00<00:00, 2703.05it/s, Materializing param=gpt_neox.layers.13.input_layernorm.weight]
Loading weights:  57%|#####6    | 166/292 [00:00<00:00, 2700.51it/s, Materializing param=gpt_neox.layers.13.input_layernorm.weight]
Loading weights:  57%|#####7    | 167/292 [00:00<00:00, 2712.12it/s, Materializing param=gpt_neox.layers.13.mlp.dense_4h_to_h.bias]
Loading weights:  57%|#####7    | 167/292 [00:00<00:00, 2709.12it/s, Materializing param=gpt_neox.layers.13.mlp.dense_4h_to_h.bias]
Loading weights:  58%|#####7    | 168/292 [00:00<00:00, 2720.59it/s, Materializing param=gpt_neox.layers.13.mlp.dense_4h_to_h.weight]
Loading weights:  58%|#####7    | 168/292 [00:00<00:00, 2717.91it/s, Materializing param=gpt_neox.layers.13.mlp.dense_4h_to_h.weight]
Loading weights:  58%|#####7    | 169/292 [00:00<00:00, 2729.24it/s, Materializing param=gpt_neox.layers.13.mlp.dense_h_to_4h.bias]  
Loading weights:  58%|#####7    | 169/292 [00:00<00:00, 2726.80it/s, Materializing param=gpt_neox.layers.13.mlp.dense_h_to_4h.bias]
Loading weights:  58%|#####8    | 170/292 [00:00<00:00, 2738.33it/s, Materializing param=gpt_neox.layers.13.mlp.dense_h_to_4h.weight]
Loading weights:  58%|#####8    | 170/292 [00:00<00:00, 2735.86it/s, Materializing param=gpt_neox.layers.13.mlp.dense_h_to_4h.weight]
Loading weights:  59%|#####8    | 171/292 [00:00<00:00, 2747.37it/s, Materializing param=gpt_neox.layers.13.post_attention_layernorm.bias]
Loading weights:  59%|#####8    | 171/292 [00:00<00:00, 2744.74it/s, Materializing param=gpt_neox.layers.13.post_attention_layernorm.bias]
Loading weights:  59%|#####8    | 172/292 [00:00<00:00, 2756.03it/s, Materializing param=gpt_neox.layers.13.post_attention_layernorm.weight]
Loading weights:  59%|#####8    | 172/292 [00:00<00:00, 2753.40it/s, Materializing param=gpt_neox.layers.13.post_attention_layernorm.weight]
Loading weights:  59%|#####9    | 173/292 [00:00<00:00, 2764.84it/s, Materializing param=gpt_neox.layers.14.attention.dense.bias]           
Loading weights:  59%|#####9    | 173/292 [00:00<00:00, 2761.95it/s, Materializing param=gpt_neox.layers.14.attention.dense.bias]
Loading weights:  60%|#####9    | 174/292 [00:00<00:00, 2773.13it/s, Materializing param=gpt_neox.layers.14.attention.dense.weight]
Loading weights:  60%|#####9    | 174/292 [00:00<00:00, 2769.72it/s, Materializing param=gpt_neox.layers.14.attention.dense.weight]
Loading weights:  60%|#####9    | 175/292 [00:00<00:00, 2780.84it/s, Materializing param=gpt_neox.layers.14.attention.query_key_value.bias]
Loading weights:  60%|#####9    | 175/292 [00:00<00:00, 2778.33it/s, Materializing param=gpt_neox.layers.14.attention.query_key_value.bias]
Loading weights:  60%|######    | 176/292 [00:00<00:00, 2789.64it/s, Materializing param=gpt_neox.layers.14.attention.query_key_value.weight]
Loading weights:  60%|######    | 176/292 [00:00<00:00, 2787.00it/s, Materializing param=gpt_neox.layers.14.attention.query_key_value.weight]
Loading weights:  61%|######    | 177/292 [00:00<00:00, 2798.18it/s, Materializing param=gpt_neox.layers.14.input_layernorm.bias]            
Loading weights:  61%|######    | 177/292 [00:00<00:00, 2795.72it/s, Materializing param=gpt_neox.layers.14.input_layernorm.bias]
Loading weights:  61%|######    | 178/292 [00:00<00:00, 2806.48it/s, Materializing param=gpt_neox.layers.14.input_layernorm.weight]
Loading weights:  61%|######    | 178/292 [00:00<00:00, 2803.86it/s, Materializing param=gpt_neox.layers.14.input_layernorm.weight]
Loading weights:  61%|######1   | 179/292 [00:00<00:00, 2815.10it/s, Materializing param=gpt_neox.layers.14.mlp.dense_4h_to_h.bias]
Loading weights:  61%|######1   | 179/292 [00:00<00:00, 2812.12it/s, Materializing param=gpt_neox.layers.14.mlp.dense_4h_to_h.bias]
Loading weights:  62%|######1   | 180/292 [00:00<00:00, 2823.26it/s, Materializing param=gpt_neox.layers.14.mlp.dense_4h_to_h.weight]
Loading weights:  62%|######1   | 180/292 [00:00<00:00, 2820.81it/s, Materializing param=gpt_neox.layers.14.mlp.dense_4h_to_h.weight]
Loading weights:  62%|######1   | 181/292 [00:00<00:00, 2830.33it/s, Materializing param=gpt_neox.layers.14.mlp.dense_h_to_4h.bias]  
Loading weights:  62%|######1   | 181/292 [00:00<00:00, 2827.61it/s, Materializing param=gpt_neox.layers.14.mlp.dense_h_to_4h.bias]
Loading weights:  62%|######2   | 182/292 [00:00<00:00, 2838.55it/s, Materializing param=gpt_neox.layers.14.mlp.dense_h_to_4h.weight]
Loading weights:  62%|######2   | 182/292 [00:00<00:00, 2835.87it/s, Materializing param=gpt_neox.layers.14.mlp.dense_h_to_4h.weight]
Loading weights:  63%|######2   | 183/292 [00:00<00:00, 2846.40it/s, Materializing param=gpt_neox.layers.14.post_attention_layernorm.bias]
Loading weights:  63%|######2   | 183/292 [00:00<00:00, 2843.70it/s, Materializing param=gpt_neox.layers.14.post_attention_layernorm.bias]
Loading weights:  63%|######3   | 184/292 [00:00<00:00, 2854.33it/s, Materializing param=gpt_neox.layers.14.post_attention_layernorm.weight]
Loading weights:  63%|######3   | 184/292 [00:00<00:00, 2851.60it/s, Materializing param=gpt_neox.layers.14.post_attention_layernorm.weight]
Loading weights:  63%|######3   | 185/292 [00:00<00:00, 2861.51it/s, Materializing param=gpt_neox.layers.15.attention.dense.bias]           
Loading weights:  63%|######3   | 185/292 [00:00<00:00, 2858.85it/s, Materializing param=gpt_neox.layers.15.attention.dense.bias]
Loading weights:  64%|######3   | 186/292 [00:00<00:00, 2869.41it/s, Materializing param=gpt_neox.layers.15.attention.dense.weight]
Loading weights:  64%|######3   | 186/292 [00:00<00:00, 2866.79it/s, Materializing param=gpt_neox.layers.15.attention.dense.weight]
Loading weights:  64%|######4   | 187/292 [00:00<00:00, 2877.54it/s, Materializing param=gpt_neox.layers.15.attention.query_key_value.bias]
Loading weights:  64%|######4   | 187/292 [00:00<00:00, 2875.08it/s, Materializing param=gpt_neox.layers.15.attention.query_key_value.bias]
Loading weights:  64%|######4   | 188/292 [00:00<00:00, 2885.86it/s, Materializing param=gpt_neox.layers.15.attention.query_key_value.weight]
Loading weights:  64%|######4   | 188/292 [00:00<00:00, 2883.18it/s, Materializing param=gpt_neox.layers.15.attention.query_key_value.weight]
Loading weights:  65%|######4   | 189/292 [00:00<00:00, 2893.75it/s, Materializing param=gpt_neox.layers.15.input_layernorm.bias]            
Loading weights:  65%|######4   | 189/292 [00:00<00:00, 2891.15it/s, Materializing param=gpt_neox.layers.15.input_layernorm.bias]
Loading weights:  65%|######5   | 190/292 [00:00<00:00, 2901.69it/s, Materializing param=gpt_neox.layers.15.input_layernorm.weight]
Loading weights:  65%|######5   | 190/292 [00:00<00:00, 2898.39it/s, Materializing param=gpt_neox.layers.15.input_layernorm.weight]
Loading weights:  65%|######5   | 191/292 [00:00<00:00, 2908.39it/s, Materializing param=gpt_neox.layers.15.mlp.dense_4h_to_h.bias]
Loading weights:  65%|######5   | 191/292 [00:00<00:00, 2905.73it/s, Materializing param=gpt_neox.layers.15.mlp.dense_4h_to_h.bias]
Loading weights:  66%|######5   | 192/292 [00:00<00:00, 2916.37it/s, Materializing param=gpt_neox.layers.15.mlp.dense_4h_to_h.weight]
Loading weights:  66%|######5   | 192/292 [00:00<00:00, 2913.93it/s, Materializing param=gpt_neox.layers.15.mlp.dense_4h_to_h.weight]
Loading weights:  66%|######6   | 193/292 [00:00<00:00, 2924.40it/s, Materializing param=gpt_neox.layers.15.mlp.dense_h_to_4h.bias]  
Loading weights:  66%|######6   | 193/292 [00:00<00:00, 2921.76it/s, Materializing param=gpt_neox.layers.15.mlp.dense_h_to_4h.bias]
Loading weights:  66%|######6   | 194/292 [00:00<00:00, 2931.61it/s, Materializing param=gpt_neox.layers.15.mlp.dense_h_to_4h.weight]
Loading weights:  66%|######6   | 194/292 [00:00<00:00, 2927.78it/s, Materializing param=gpt_neox.layers.15.mlp.dense_h_to_4h.weight]
Loading weights:  67%|######6   | 195/292 [00:00<00:00, 2937.09it/s, Materializing param=gpt_neox.layers.15.post_attention_layernorm.bias]
Loading weights:  67%|######6   | 195/292 [00:00<00:00, 2934.48it/s, Materializing param=gpt_neox.layers.15.post_attention_layernorm.bias]
Loading weights:  67%|######7   | 196/292 [00:00<00:00, 2944.89it/s, Materializing param=gpt_neox.layers.15.post_attention_layernorm.weight]
Loading weights:  67%|######7   | 196/292 [00:00<00:00, 2942.24it/s, Materializing param=gpt_neox.layers.15.post_attention_layernorm.weight]
Loading weights:  67%|######7   | 197/292 [00:00<00:00, 2952.77it/s, Materializing param=gpt_neox.layers.16.attention.dense.bias]           
Loading weights:  67%|######7   | 197/292 [00:00<00:00, 2950.32it/s, Materializing param=gpt_neox.layers.16.attention.dense.bias]
Loading weights:  68%|######7   | 198/292 [00:00<00:00, 2960.76it/s, Materializing param=gpt_neox.layers.16.attention.dense.weight]
Loading weights:  68%|######7   | 198/292 [00:00<00:00, 2958.14it/s, Materializing param=gpt_neox.layers.16.attention.dense.weight]
Loading weights:  68%|######8   | 199/292 [00:00<00:00, 2967.06it/s, Materializing param=gpt_neox.layers.16.attention.query_key_value.bias]
Loading weights:  68%|######8   | 199/292 [00:00<00:00, 2963.26it/s, Materializing param=gpt_neox.layers.16.attention.query_key_value.bias]
Loading weights:  68%|######8   | 200/292 [00:00<00:00, 2973.30it/s, Materializing param=gpt_neox.layers.16.attention.query_key_value.weight]
Loading weights:  68%|######8   | 200/292 [00:00<00:00, 2970.63it/s, Materializing param=gpt_neox.layers.16.attention.query_key_value.weight]
Loading weights:  69%|######8   | 201/292 [00:00<00:00, 2980.75it/s, Materializing param=gpt_neox.layers.16.input_layernorm.bias]            
Loading weights:  69%|######8   | 201/292 [00:00<00:00, 2978.11it/s, Materializing param=gpt_neox.layers.16.input_layernorm.bias]
Loading weights:  69%|######9   | 202/292 [00:00<00:00, 2984.99it/s, Materializing param=gpt_neox.layers.16.input_layernorm.weight]
Loading weights:  69%|######9   | 202/292 [00:00<00:00, 2981.29it/s, Materializing param=gpt_neox.layers.16.input_layernorm.weight]
Loading weights:  70%|######9   | 203/292 [00:00<00:00, 2990.26it/s, Materializing param=gpt_neox.layers.16.mlp.dense_4h_to_h.bias]
Loading weights:  70%|######9   | 203/292 [00:00<00:00, 2987.39it/s, Materializing param=gpt_neox.layers.16.mlp.dense_4h_to_h.bias]
Loading weights:  70%|######9   | 204/292 [00:00<00:00, 2996.99it/s, Materializing param=gpt_neox.layers.16.mlp.dense_4h_to_h.weight]
Loading weights:  70%|######9   | 204/292 [00:00<00:00, 2994.24it/s, Materializing param=gpt_neox.layers.16.mlp.dense_4h_to_h.weight]
Loading weights:  70%|#######   | 205/292 [00:00<00:00, 3004.19it/s, Materializing param=gpt_neox.layers.16.mlp.dense_h_to_4h.bias]  
Loading weights:  70%|#######   | 205/292 [00:00<00:00, 3001.47it/s, Materializing param=gpt_neox.layers.16.mlp.dense_h_to_4h.bias]
Loading weights:  71%|#######   | 206/292 [00:00<00:00, 3011.29it/s, Materializing param=gpt_neox.layers.16.mlp.dense_h_to_4h.weight]
Loading weights:  71%|#######   | 206/292 [00:00<00:00, 3007.74it/s, Materializing param=gpt_neox.layers.16.mlp.dense_h_to_4h.weight]
Loading weights:  71%|#######   | 207/292 [00:00<00:00, 3017.40it/s, Materializing param=gpt_neox.layers.16.post_attention_layernorm.bias]
Loading weights:  71%|#######   | 207/292 [00:00<00:00, 3014.60it/s, Materializing param=gpt_neox.layers.16.post_attention_layernorm.bias]
Loading weights:  71%|#######1  | 208/292 [00:00<00:00, 3024.11it/s, Materializing param=gpt_neox.layers.16.post_attention_layernorm.weight]
Loading weights:  71%|#######1  | 208/292 [00:00<00:00, 3021.42it/s, Materializing param=gpt_neox.layers.16.post_attention_layernorm.weight]
Loading weights:  72%|#######1  | 209/292 [00:00<00:00, 3031.28it/s, Materializing param=gpt_neox.layers.17.attention.dense.bias]           
Loading weights:  72%|#######1  | 209/292 [00:00<00:00, 3028.82it/s, Materializing param=gpt_neox.layers.17.attention.dense.bias]
Loading weights:  72%|#######1  | 210/292 [00:00<00:00, 3033.04it/s, Materializing param=gpt_neox.layers.17.attention.dense.weight]
Loading weights:  72%|#######1  | 210/292 [00:00<00:00, 3029.24it/s, Materializing param=gpt_neox.layers.17.attention.dense.weight]
Loading weights:  72%|#######2  | 211/292 [00:00<00:00, 3037.34it/s, Materializing param=gpt_neox.layers.17.attention.query_key_value.bias]
Loading weights:  72%|#######2  | 211/292 [00:00<00:00, 3034.44it/s, Materializing param=gpt_neox.layers.17.attention.query_key_value.bias]
Loading weights:  73%|#######2  | 212/292 [00:00<00:00, 3043.30it/s, Materializing param=gpt_neox.layers.17.attention.query_key_value.weight]
Loading weights:  73%|#######2  | 212/292 [00:00<00:00, 3040.48it/s, Materializing param=gpt_neox.layers.17.attention.query_key_value.weight]
Loading weights:  73%|#######2  | 213/292 [00:00<00:00, 3048.95it/s, Materializing param=gpt_neox.layers.17.input_layernorm.bias]            
Loading weights:  73%|#######2  | 213/292 [00:00<00:00, 3045.97it/s, Materializing param=gpt_neox.layers.17.input_layernorm.bias]
Loading weights:  73%|#######3  | 214/292 [00:00<00:00, 3055.02it/s, Materializing param=gpt_neox.layers.17.input_layernorm.weight]
Loading weights:  73%|#######3  | 214/292 [00:00<00:00, 3051.96it/s, Materializing param=gpt_neox.layers.17.input_layernorm.weight]
Loading weights:  74%|#######3  | 215/292 [00:00<00:00, 3060.63it/s, Materializing param=gpt_neox.layers.17.mlp.dense_4h_to_h.bias]
Loading weights:  74%|#######3  | 215/292 [00:00<00:00, 3057.92it/s, Materializing param=gpt_neox.layers.17.mlp.dense_4h_to_h.bias]
Loading weights:  74%|#######3  | 216/292 [00:00<00:00, 3067.09it/s, Materializing param=gpt_neox.layers.17.mlp.dense_4h_to_h.weight]
Loading weights:  74%|#######3  | 216/292 [00:00<00:00, 3063.44it/s, Materializing param=gpt_neox.layers.17.mlp.dense_4h_to_h.weight]
Loading weights:  74%|#######4  | 217/292 [00:00<00:00, 3072.71it/s, Materializing param=gpt_neox.layers.17.mlp.dense_h_to_4h.bias]  
Loading weights:  74%|#######4  | 217/292 [00:00<00:00, 3069.92it/s, Materializing param=gpt_neox.layers.17.mlp.dense_h_to_4h.bias]
Loading weights:  75%|#######4  | 218/292 [00:00<00:00, 3079.31it/s, Materializing param=gpt_neox.layers.17.mlp.dense_h_to_4h.weight]
Loading weights:  75%|#######4  | 218/292 [00:00<00:00, 3076.69it/s, Materializing param=gpt_neox.layers.17.mlp.dense_h_to_4h.weight]
Loading weights:  75%|#######5  | 219/292 [00:00<00:00, 3085.90it/s, Materializing param=gpt_neox.layers.17.post_attention_layernorm.bias]
Loading weights:  75%|#######5  | 219/292 [00:00<00:00, 3083.15it/s, Materializing param=gpt_neox.layers.17.post_attention_layernorm.bias]
Loading weights:  75%|#######5  | 220/292 [00:00<00:00, 3091.83it/s, Materializing param=gpt_neox.layers.17.post_attention_layernorm.weight]
Loading weights:  75%|#######5  | 220/292 [00:00<00:00, 3089.18it/s, Materializing param=gpt_neox.layers.17.post_attention_layernorm.weight]
Loading weights:  76%|#######5  | 221/292 [00:00<00:00, 3098.64it/s, Materializing param=gpt_neox.layers.18.attention.dense.bias]           
Loading weights:  76%|#######5  | 221/292 [00:00<00:00, 3096.04it/s, Materializing param=gpt_neox.layers.18.attention.dense.bias]
Loading weights:  76%|#######6  | 222/292 [00:00<00:00, 3105.20it/s, Materializing param=gpt_neox.layers.18.attention.dense.weight]
Loading weights:  76%|#######6  | 222/292 [00:00<00:00, 3101.57it/s, Materializing param=gpt_neox.layers.18.attention.dense.weight]
Loading weights:  76%|#######6  | 223/292 [00:00<00:00, 3109.78it/s, Materializing param=gpt_neox.layers.18.attention.query_key_value.bias]
Loading weights:  76%|#######6  | 223/292 [00:00<00:00, 3107.09it/s, Materializing param=gpt_neox.layers.18.attention.query_key_value.bias]
Loading weights:  77%|#######6  | 224/292 [00:00<00:00, 3116.32it/s, Materializing param=gpt_neox.layers.18.attention.query_key_value.weight]
Loading weights:  77%|#######6  | 224/292 [00:00<00:00, 3113.67it/s, Materializing param=gpt_neox.layers.18.attention.query_key_value.weight]
Loading weights:  77%|#######7  | 225/292 [00:00<00:00, 3122.99it/s, Materializing param=gpt_neox.layers.18.input_layernorm.bias]            
Loading weights:  77%|#######7  | 225/292 [00:00<00:00, 3120.25it/s, Materializing param=gpt_neox.layers.18.input_layernorm.bias]
Loading weights:  77%|#######7  | 226/292 [00:00<00:00, 3129.51it/s, Materializing param=gpt_neox.layers.18.input_layernorm.weight]
Loading weights:  77%|#######7  | 226/292 [00:00<00:00, 3127.05it/s, Materializing param=gpt_neox.layers.18.input_layernorm.weight]
Loading weights:  78%|#######7  | 227/292 [00:00<00:00, 3136.46it/s, Materializing param=gpt_neox.layers.18.mlp.dense_4h_to_h.bias]
Loading weights:  78%|#######7  | 227/292 [00:00<00:00, 3134.04it/s, Materializing param=gpt_neox.layers.18.mlp.dense_4h_to_h.bias]
Loading weights:  78%|#######8  | 228/292 [00:00<00:00, 3143.12it/s, Materializing param=gpt_neox.layers.18.mlp.dense_4h_to_h.weight]
Loading weights:  78%|#######8  | 228/292 [00:00<00:00, 3140.49it/s, Materializing param=gpt_neox.layers.18.mlp.dense_4h_to_h.weight]
Loading weights:  78%|#######8  | 229/292 [00:00<00:00, 3149.34it/s, Materializing param=gpt_neox.layers.18.mlp.dense_h_to_4h.bias]  
Loading weights:  78%|#######8  | 229/292 [00:00<00:00, 3146.71it/s, Materializing param=gpt_neox.layers.18.mlp.dense_h_to_4h.bias]
Loading weights:  79%|#######8  | 230/292 [00:00<00:00, 3155.79it/s, Materializing param=gpt_neox.layers.18.mlp.dense_h_to_4h.weight]
Loading weights:  79%|#######8  | 230/292 [00:00<00:00, 3153.15it/s, Materializing param=gpt_neox.layers.18.mlp.dense_h_to_4h.weight]
Loading weights:  79%|#######9  | 231/292 [00:00<00:00, 3161.98it/s, Materializing param=gpt_neox.layers.18.post_attention_layernorm.bias]
Loading weights:  79%|#######9  | 231/292 [00:00<00:00, 3158.69it/s, Materializing param=gpt_neox.layers.18.post_attention_layernorm.bias]
Loading weights:  79%|#######9  | 232/292 [00:00<00:00, 3167.62it/s, Materializing param=gpt_neox.layers.18.post_attention_layernorm.weight]
Loading weights:  79%|#######9  | 232/292 [00:00<00:00, 3164.03it/s, Materializing param=gpt_neox.layers.18.post_attention_layernorm.weight]
Loading weights:  80%|#######9  | 233/292 [00:00<00:00, 3173.13it/s, Materializing param=gpt_neox.layers.19.attention.dense.bias]           
Loading weights:  80%|#######9  | 233/292 [00:00<00:00, 3170.72it/s, Materializing param=gpt_neox.layers.19.attention.dense.bias]
Loading weights:  80%|########  | 234/292 [00:00<00:00, 3179.64it/s, Materializing param=gpt_neox.layers.19.attention.dense.weight]
Loading weights:  80%|########  | 234/292 [00:00<00:00, 3177.05it/s, Materializing param=gpt_neox.layers.19.attention.dense.weight]
Loading weights:  80%|########  | 235/292 [00:00<00:00, 3186.11it/s, Materializing param=gpt_neox.layers.19.attention.query_key_value.bias]
Loading weights:  80%|########  | 235/292 [00:00<00:00, 3183.47it/s, Materializing param=gpt_neox.layers.19.attention.query_key_value.bias]
Loading weights:  81%|########  | 236/292 [00:00<00:00, 3192.24it/s, Materializing param=gpt_neox.layers.19.attention.query_key_value.weight]
Loading weights:  81%|########  | 236/292 [00:00<00:00, 3189.57it/s, Materializing param=gpt_neox.layers.19.attention.query_key_value.weight]
Loading weights:  81%|########1 | 237/292 [00:00<00:00, 3198.23it/s, Materializing param=gpt_neox.layers.19.input_layernorm.bias]            
Loading weights:  81%|########1 | 237/292 [00:00<00:00, 3195.60it/s, Materializing param=gpt_neox.layers.19.input_layernorm.bias]
Loading weights:  82%|########1 | 238/292 [00:00<00:00, 3204.63it/s, Materializing param=gpt_neox.layers.19.input_layernorm.weight]
Loading weights:  82%|########1 | 238/292 [00:00<00:00, 3202.21it/s, Materializing param=gpt_neox.layers.19.input_layernorm.weight]
Loading weights:  82%|########1 | 239/292 [00:00<00:00, 3211.24it/s, Materializing param=gpt_neox.layers.19.mlp.dense_4h_to_h.bias]
Loading weights:  82%|########1 | 239/292 [00:00<00:00, 3208.68it/s, Materializing param=gpt_neox.layers.19.mlp.dense_4h_to_h.bias]
Loading weights:  82%|########2 | 240/292 [00:00<00:00, 3217.31it/s, Materializing param=gpt_neox.layers.19.mlp.dense_4h_to_h.weight]
Loading weights:  82%|########2 | 240/292 [00:00<00:00, 3213.43it/s, Materializing param=gpt_neox.layers.19.mlp.dense_4h_to_h.weight]
Loading weights:  83%|########2 | 241/292 [00:00<00:00, 3222.08it/s, Materializing param=gpt_neox.layers.19.mlp.dense_h_to_4h.bias]  
Loading weights:  83%|########2 | 241/292 [00:00<00:00, 3219.42it/s, Materializing param=gpt_neox.layers.19.mlp.dense_h_to_4h.bias]
Loading weights:  83%|########2 | 242/292 [00:00<00:00, 3227.72it/s, Materializing param=gpt_neox.layers.19.mlp.dense_h_to_4h.weight]
Loading weights:  83%|########2 | 242/292 [00:00<00:00, 3225.12it/s, Materializing param=gpt_neox.layers.19.mlp.dense_h_to_4h.weight]
Loading weights:  83%|########3 | 243/292 [00:00<00:00, 3233.26it/s, Materializing param=gpt_neox.layers.19.post_attention_layernorm.bias]
Loading weights:  83%|########3 | 243/292 [00:00<00:00, 3230.59it/s, Materializing param=gpt_neox.layers.19.post_attention_layernorm.bias]
Loading weights:  84%|########3 | 244/292 [00:00<00:00, 3239.09it/s, Materializing param=gpt_neox.layers.19.post_attention_layernorm.weight]
Loading weights:  84%|########3 | 244/292 [00:00<00:00, 3236.42it/s, Materializing param=gpt_neox.layers.19.post_attention_layernorm.weight]
Loading weights:  84%|########3 | 245/292 [00:00<00:00, 3245.08it/s, Materializing param=gpt_neox.layers.20.attention.dense.bias]           
Loading weights:  84%|########3 | 245/292 [00:00<00:00, 3242.52it/s, Materializing param=gpt_neox.layers.20.attention.dense.bias]
Loading weights:  84%|########4 | 246/292 [00:00<00:00, 3251.03it/s, Materializing param=gpt_neox.layers.20.attention.dense.weight]
Loading weights:  84%|########4 | 246/292 [00:00<00:00, 3248.38it/s, Materializing param=gpt_neox.layers.20.attention.dense.weight]
Loading weights:  85%|########4 | 247/292 [00:00<00:00, 3256.98it/s, Materializing param=gpt_neox.layers.20.attention.query_key_value.bias]
Loading weights:  85%|########4 | 247/292 [00:00<00:00, 3254.36it/s, Materializing param=gpt_neox.layers.20.attention.query_key_value.bias]
Loading weights:  85%|########4 | 248/292 [00:00<00:00, 3262.89it/s, Materializing param=gpt_neox.layers.20.attention.query_key_value.weight]
Loading weights:  85%|########4 | 248/292 [00:00<00:00, 3258.89it/s, Materializing param=gpt_neox.layers.20.attention.query_key_value.weight]
Loading weights:  85%|########5 | 249/292 [00:00<00:00, 3267.10it/s, Materializing param=gpt_neox.layers.20.input_layernorm.bias]            
Loading weights:  85%|########5 | 249/292 [00:00<00:00, 3264.67it/s, Materializing param=gpt_neox.layers.20.input_layernorm.bias]
Loading weights:  86%|########5 | 250/292 [00:00<00:00, 3273.49it/s, Materializing param=gpt_neox.layers.20.input_layernorm.weight]
Loading weights:  86%|########5 | 250/292 [00:00<00:00, 3270.37it/s, Materializing param=gpt_neox.layers.20.input_layernorm.weight]
Loading weights:  86%|########5 | 251/292 [00:00<00:00, 3279.08it/s, Materializing param=gpt_neox.layers.20.mlp.dense_4h_to_h.bias]
Loading weights:  86%|########5 | 251/292 [00:00<00:00, 3276.55it/s, Materializing param=gpt_neox.layers.20.mlp.dense_4h_to_h.bias]
Loading weights:  86%|########6 | 252/292 [00:00<00:00, 3285.06it/s, Materializing param=gpt_neox.layers.20.mlp.dense_4h_to_h.weight]
Loading weights:  86%|########6 | 252/292 [00:00<00:00, 3282.51it/s, Materializing param=gpt_neox.layers.20.mlp.dense_4h_to_h.weight]
Loading weights:  87%|########6 | 253/292 [00:00<00:00, 3291.11it/s, Materializing param=gpt_neox.layers.20.mlp.dense_h_to_4h.bias]  
Loading weights:  87%|########6 | 253/292 [00:00<00:00, 3288.56it/s, Materializing param=gpt_neox.layers.20.mlp.dense_h_to_4h.bias]
Loading weights:  87%|########6 | 254/292 [00:00<00:00, 3297.17it/s, Materializing param=gpt_neox.layers.20.mlp.dense_h_to_4h.weight]
Loading weights:  87%|########6 | 254/292 [00:00<00:00, 3294.54it/s, Materializing param=gpt_neox.layers.20.mlp.dense_h_to_4h.weight]
Loading weights:  87%|########7 | 255/292 [00:00<00:00, 3303.10it/s, Materializing param=gpt_neox.layers.20.post_attention_layernorm.bias]
Loading weights:  87%|########7 | 255/292 [00:00<00:00, 3300.53it/s, Materializing param=gpt_neox.layers.20.post_attention_layernorm.bias]
Loading weights:  88%|########7 | 256/292 [00:00<00:00, 3308.83it/s, Materializing param=gpt_neox.layers.20.post_attention_layernorm.weight]
Loading weights:  88%|########7 | 256/292 [00:00<00:00, 3306.21it/s, Materializing param=gpt_neox.layers.20.post_attention_layernorm.weight]
Loading weights:  88%|########8 | 257/292 [00:00<00:00, 3314.72it/s, Materializing param=gpt_neox.layers.21.attention.dense.bias]           
Loading weights:  88%|########8 | 257/292 [00:00<00:00, 3312.18it/s, Materializing param=gpt_neox.layers.21.attention.dense.bias]
Loading weights:  88%|########8 | 258/292 [00:00<00:00, 3320.56it/s, Materializing param=gpt_neox.layers.21.attention.dense.weight]
Loading weights:  88%|########8 | 258/292 [00:00<00:00, 3318.00it/s, Materializing param=gpt_neox.layers.21.attention.dense.weight]
Loading weights:  89%|########8 | 259/292 [00:00<00:00, 3326.16it/s, Materializing param=gpt_neox.layers.21.attention.query_key_value.bias]
Loading weights:  89%|########8 | 259/292 [00:00<00:00, 3323.54it/s, Materializing param=gpt_neox.layers.21.attention.query_key_value.bias]
Loading weights:  89%|########9 | 260/292 [00:00<00:00, 3331.73it/s, Materializing param=gpt_neox.layers.21.attention.query_key_value.weight]
Loading weights:  89%|########9 | 260/292 [00:00<00:00, 3328.74it/s, Materializing param=gpt_neox.layers.21.attention.query_key_value.weight]
Loading weights:  89%|########9 | 261/292 [00:00<00:00, 3336.51it/s, Materializing param=gpt_neox.layers.21.input_layernorm.bias]            
Loading weights:  89%|########9 | 261/292 [00:00<00:00, 3333.07it/s, Materializing param=gpt_neox.layers.21.input_layernorm.bias]
Loading weights:  90%|########9 | 262/292 [00:00<00:00, 3340.35it/s, Materializing param=gpt_neox.layers.21.input_layernorm.weight]
Loading weights:  90%|########9 | 262/292 [00:00<00:00, 3337.80it/s, Materializing param=gpt_neox.layers.21.input_layernorm.weight]
Loading weights:  90%|######### | 263/292 [00:00<00:00, 3346.05it/s, Materializing param=gpt_neox.layers.21.mlp.dense_4h_to_h.bias]
Loading weights:  90%|######### | 263/292 [00:00<00:00, 3343.45it/s, Materializing param=gpt_neox.layers.21.mlp.dense_4h_to_h.bias]
Loading weights:  90%|######### | 264/292 [00:00<00:00, 3351.45it/s, Materializing param=gpt_neox.layers.21.mlp.dense_4h_to_h.weight]
Loading weights:  90%|######### | 264/292 [00:00<00:00, 3348.92it/s, Materializing param=gpt_neox.layers.21.mlp.dense_4h_to_h.weight]
Loading weights:  91%|######### | 265/292 [00:00<00:00, 3357.10it/s, Materializing param=gpt_neox.layers.21.mlp.dense_h_to_4h.bias]  
Loading weights:  91%|######### | 265/292 [00:00<00:00, 3354.73it/s, Materializing param=gpt_neox.layers.21.mlp.dense_h_to_4h.bias]
Loading weights:  91%|#########1| 266/292 [00:00<00:00, 3362.51it/s, Materializing param=gpt_neox.layers.21.mlp.dense_h_to_4h.weight]
Loading weights:  91%|#########1| 266/292 [00:00<00:00, 3359.95it/s, Materializing param=gpt_neox.layers.21.mlp.dense_h_to_4h.weight]
Loading weights:  91%|#########1| 267/292 [00:00<00:00, 3368.14it/s, Materializing param=gpt_neox.layers.21.post_attention_layernorm.bias]
Loading weights:  91%|#########1| 267/292 [00:00<00:00, 3365.61it/s, Materializing param=gpt_neox.layers.21.post_attention_layernorm.bias]
Loading weights:  92%|#########1| 268/292 [00:00<00:00, 3373.78it/s, Materializing param=gpt_neox.layers.21.post_attention_layernorm.weight]
Loading weights:  92%|#########1| 268/292 [00:00<00:00, 3370.69it/s, Materializing param=gpt_neox.layers.21.post_attention_layernorm.weight]
Loading weights:  92%|#########2| 269/292 [00:00<00:00, 3378.84it/s, Materializing param=gpt_neox.layers.22.attention.dense.bias]           
Loading weights:  92%|#########2| 269/292 [00:00<00:00, 3376.30it/s, Materializing param=gpt_neox.layers.22.attention.dense.bias]
Loading weights:  92%|#########2| 270/292 [00:00<00:00, 3384.45it/s, Materializing param=gpt_neox.layers.22.attention.dense.weight]
Loading weights:  92%|#########2| 270/292 [00:00<00:00, 3382.11it/s, Materializing param=gpt_neox.layers.22.attention.dense.weight]
Loading weights:  93%|#########2| 271/292 [00:00<00:00, 3390.29it/s, Materializing param=gpt_neox.layers.22.attention.query_key_value.bias]
Loading weights:  93%|#########2| 271/292 [00:00<00:00, 3387.68it/s, Materializing param=gpt_neox.layers.22.attention.query_key_value.bias]
Loading weights:  93%|#########3| 272/292 [00:00<00:00, 3395.41it/s, Materializing param=gpt_neox.layers.22.attention.query_key_value.weight]
Loading weights:  93%|#########3| 272/292 [00:00<00:00, 3392.81it/s, Materializing param=gpt_neox.layers.22.attention.query_key_value.weight]
Loading weights:  93%|#########3| 273/292 [00:00<00:00, 3399.93it/s, Materializing param=gpt_neox.layers.22.input_layernorm.bias]            
Loading weights:  93%|#########3| 273/292 [00:00<00:00, 3397.36it/s, Materializing param=gpt_neox.layers.22.input_layernorm.bias]
Loading weights:  94%|#########3| 274/292 [00:00<00:00, 3405.37it/s, Materializing param=gpt_neox.layers.22.input_layernorm.weight]
Loading weights:  94%|#########3| 274/292 [00:00<00:00, 3402.99it/s, Materializing param=gpt_neox.layers.22.input_layernorm.weight]
Loading weights:  94%|#########4| 275/292 [00:00<00:00, 3411.06it/s, Materializing param=gpt_neox.layers.22.mlp.dense_4h_to_h.bias]
Loading weights:  94%|#########4| 275/292 [00:00<00:00, 3407.87it/s, Materializing param=gpt_neox.layers.22.mlp.dense_4h_to_h.bias]
Loading weights:  95%|#########4| 276/292 [00:00<00:00, 3415.71it/s, Materializing param=gpt_neox.layers.22.mlp.dense_4h_to_h.weight]
Loading weights:  95%|#########4| 276/292 [00:00<00:00, 3413.13it/s, Materializing param=gpt_neox.layers.22.mlp.dense_4h_to_h.weight]
Loading weights:  95%|#########4| 277/292 [00:00<00:00, 3420.74it/s, Materializing param=gpt_neox.layers.22.mlp.dense_h_to_4h.bias]  
Loading weights:  95%|#########4| 277/292 [00:00<00:00, 3418.18it/s, Materializing param=gpt_neox.layers.22.mlp.dense_h_to_4h.bias]
Loading weights:  95%|#########5| 278/292 [00:00<00:00, 3424.46it/s, Materializing param=gpt_neox.layers.22.mlp.dense_h_to_4h.weight]
Loading weights:  95%|#########5| 278/292 [00:00<00:00, 3421.93it/s, Materializing param=gpt_neox.layers.22.mlp.dense_h_to_4h.weight]
Loading weights:  96%|#########5| 279/292 [00:00<00:00, 3429.58it/s, Materializing param=gpt_neox.layers.22.post_attention_layernorm.bias]
Loading weights:  96%|#########5| 279/292 [00:00<00:00, 3426.74it/s, Materializing param=gpt_neox.layers.22.post_attention_layernorm.bias]
Loading weights:  96%|#########5| 280/292 [00:00<00:00, 3433.33it/s, Materializing param=gpt_neox.layers.22.post_attention_layernorm.weight]
Loading weights:  96%|#########5| 280/292 [00:00<00:00, 3430.73it/s, Materializing param=gpt_neox.layers.22.post_attention_layernorm.weight]
Loading weights:  96%|#########6| 281/292 [00:00<00:00, 3438.43it/s, Materializing param=gpt_neox.layers.23.attention.dense.bias]           
Loading weights:  96%|#########6| 281/292 [00:00<00:00, 3436.05it/s, Materializing param=gpt_neox.layers.23.attention.dense.bias]
Loading weights:  97%|#########6| 282/292 [00:00<00:00, 3443.74it/s, Materializing param=gpt_neox.layers.23.attention.dense.weight]
Loading weights:  97%|#########6| 282/292 [00:00<00:00, 3441.41it/s, Materializing param=gpt_neox.layers.23.attention.dense.weight]
Loading weights:  97%|#########6| 283/292 [00:00<00:00, 3449.20it/s, Materializing param=gpt_neox.layers.23.attention.query_key_value.bias]
Loading weights:  97%|#########6| 283/292 [00:00<00:00, 3446.32it/s, Materializing param=gpt_neox.layers.23.attention.query_key_value.bias]
Loading weights:  97%|#########7| 284/292 [00:00<00:00, 3453.66it/s, Materializing param=gpt_neox.layers.23.attention.query_key_value.weight]
Loading weights:  97%|#########7| 284/292 [00:00<00:00, 3450.97it/s, Materializing param=gpt_neox.layers.23.attention.query_key_value.weight]
Loading weights:  98%|#########7| 285/292 [00:00<00:00, 3457.53it/s, Materializing param=gpt_neox.layers.23.input_layernorm.bias]            
Loading weights:  98%|#########7| 285/292 [00:00<00:00, 3455.03it/s, Materializing param=gpt_neox.layers.23.input_layernorm.bias]
Loading weights:  98%|#########7| 286/292 [00:00<00:00, 3462.68it/s, Materializing param=gpt_neox.layers.23.input_layernorm.weight]
Loading weights:  98%|#########7| 286/292 [00:00<00:00, 3460.20it/s, Materializing param=gpt_neox.layers.23.input_layernorm.weight]
Loading weights:  98%|#########8| 287/292 [00:00<00:00, 3467.96it/s, Materializing param=gpt_neox.layers.23.mlp.dense_4h_to_h.bias]
Loading weights:  98%|#########8| 287/292 [00:00<00:00, 3465.66it/s, Materializing param=gpt_neox.layers.23.mlp.dense_4h_to_h.bias]
Loading weights:  99%|#########8| 288/292 [00:00<00:00, 3473.35it/s, Materializing param=gpt_neox.layers.23.mlp.dense_4h_to_h.weight]
Loading weights:  99%|#########8| 288/292 [00:00<00:00, 3470.87it/s, Materializing param=gpt_neox.layers.23.mlp.dense_4h_to_h.weight]
Loading weights:  99%|#########8| 289/292 [00:00<00:00, 3478.18it/s, Materializing param=gpt_neox.layers.23.mlp.dense_h_to_4h.bias]  
Loading weights:  99%|#########8| 289/292 [00:00<00:00, 3475.64it/s, Materializing param=gpt_neox.layers.23.mlp.dense_h_to_4h.bias]
Loading weights:  99%|#########9| 290/292 [00:00<00:00, 3483.18it/s, Materializing param=gpt_neox.layers.23.mlp.dense_h_to_4h.weight]
Loading weights:  99%|#########9| 290/292 [00:00<00:00, 3480.65it/s, Materializing param=gpt_neox.layers.23.mlp.dense_h_to_4h.weight]
Loading weights: 100%|#########9| 291/292 [00:00<00:00, 3488.18it/s, Materializing param=gpt_neox.layers.23.post_attention_layernorm.bias]
Loading weights: 100%|#########9| 291/292 [00:00<00:00, 3485.81it/s, Materializing param=gpt_neox.layers.23.post_attention_layernorm.bias]
Loading weights: 100%|##########| 292/292 [00:00<00:00, 3493.56it/s, Materializing param=gpt_neox.layers.23.post_attention_layernorm.weight]
Loading weights: 100%|##########| 292/292 [00:00<00:00, 3491.03it/s, Materializing param=gpt_neox.layers.23.post_attention_layernorm.weight]
Loading weights: 100%|##########| 292/292 [00:00<00:00, 3485.91it/s, Materializing param=gpt_neox.layers.23.post_attention_layernorm.weight]

Loading weights:   0%|          | 0/292 [00:00<?, ?it/s]
Loading weights:   0%|          | 1/292 [00:00<00:00, 41943.04it/s, Materializing param=embed_out.weight]
Loading weights:   0%|          | 1/292 [00:00<00:00, 9532.51it/s, Materializing param=embed_out.weight] 
Loading weights:   1%|          | 2/292 [00:00<00:00, 7861.86it/s, Materializing param=gpt_neox.embed_in.weight]
Loading weights:   1%|          | 2/292 [00:00<00:00, 6274.20it/s, Materializing param=gpt_neox.embed_in.weight]
Loading weights:   1%|1         | 3/292 [00:00<00:00, 3078.01it/s, Materializing param=gpt_neox.final_layer_norm.bias]
Loading weights:   1%|1         | 3/292 [00:00<00:00, 2376.83it/s, Materializing param=gpt_neox.final_layer_norm.bias]
Loading weights:   1%|1         | 4/292 [00:00<00:00, 2847.46it/s, Materializing param=gpt_neox.final_layer_norm.weight]
Loading weights:   1%|1         | 4/292 [00:00<00:00, 2720.92it/s, Materializing param=gpt_neox.final_layer_norm.weight]
Loading weights:   2%|1         | 5/292 [00:00<00:00, 2089.00it/s, Materializing param=gpt_neox.layers.0.attention.dense.bias]
Loading weights:   2%|1         | 5/292 [00:00<00:00, 1774.39it/s, Materializing param=gpt_neox.layers.0.attention.dense.bias]
Loading weights:   2%|2         | 6/292 [00:00<00:00, 1792.57it/s, Materializing param=gpt_neox.layers.0.attention.dense.weight]
Loading weights:   2%|2         | 6/292 [00:00<00:00, 1718.04it/s, Materializing param=gpt_neox.layers.0.attention.dense.weight]
Loading weights:   2%|2         | 7/292 [00:00<00:00, 1558.72it/s, Materializing param=gpt_neox.layers.0.attention.query_key_value.bias]
Loading weights:   2%|2         | 7/292 [00:00<00:00, 1414.40it/s, Materializing param=gpt_neox.layers.0.attention.query_key_value.bias]
Loading weights:   3%|2         | 8/292 [00:00<00:00, 1262.96it/s, Materializing param=gpt_neox.layers.0.attention.query_key_value.weight]
Loading weights:   3%|2         | 8/292 [00:00<00:00, 1220.92it/s, Materializing param=gpt_neox.layers.0.attention.query_key_value.weight]
Loading weights:   3%|3         | 9/292 [00:00<00:00, 1252.03it/s, Materializing param=gpt_neox.layers.0.input_layernorm.bias]            
Loading weights:   3%|3         | 9/292 [00:00<00:00, 1239.82it/s, Materializing param=gpt_neox.layers.0.input_layernorm.bias]
Loading weights:   3%|3         | 10/292 [00:00<00:00, 1320.42it/s, Materializing param=gpt_neox.layers.0.input_layernorm.weight]
Loading weights:   3%|3         | 10/292 [00:00<00:00, 1306.96it/s, Materializing param=gpt_neox.layers.0.input_layernorm.weight]
Loading weights:   4%|3         | 11/292 [00:00<00:00, 1408.95it/s, Materializing param=gpt_neox.layers.0.mlp.dense_4h_to_h.bias]
Loading weights:   4%|3         | 11/292 [00:00<00:00, 1395.82it/s, Materializing param=gpt_neox.layers.0.mlp.dense_4h_to_h.bias]
Loading weights:   4%|4         | 12/292 [00:00<00:00, 1464.24it/s, Materializing param=gpt_neox.layers.0.mlp.dense_4h_to_h.weight]
Loading weights:   4%|4         | 12/292 [00:00<00:00, 1431.75it/s, Materializing param=gpt_neox.layers.0.mlp.dense_4h_to_h.weight]
Loading weights:   4%|4         | 13/292 [00:00<00:00, 1467.80it/s, Materializing param=gpt_neox.layers.0.mlp.dense_h_to_4h.bias]  
Loading weights:   4%|4         | 13/292 [00:00<00:00, 1417.33it/s, Materializing param=gpt_neox.layers.0.mlp.dense_h_to_4h.bias]
Loading weights:   5%|4         | 14/292 [00:00<00:00, 1448.24it/s, Materializing param=gpt_neox.layers.0.mlp.dense_h_to_4h.weight]
Loading weights:   5%|4         | 14/292 [00:00<00:00, 1426.88it/s, Materializing param=gpt_neox.layers.0.mlp.dense_h_to_4h.weight]
Loading weights:   5%|5         | 15/292 [00:00<00:00, 1469.73it/s, Materializing param=gpt_neox.layers.0.post_attention_layernorm.bias]
Loading weights:   5%|5         | 15/292 [00:00<00:00, 1424.08it/s, Materializing param=gpt_neox.layers.0.post_attention_layernorm.bias]
Loading weights:   5%|5         | 16/292 [00:00<00:00, 1445.47it/s, Materializing param=gpt_neox.layers.0.post_attention_layernorm.weight]
Loading weights:   5%|5         | 16/292 [00:00<00:00, 1422.13it/s, Materializing param=gpt_neox.layers.0.post_attention_layernorm.weight]
Loading weights:   6%|5         | 17/292 [00:00<00:00, 1488.93it/s, Materializing param=gpt_neox.layers.1.attention.dense.bias]           
Loading weights:   6%|5         | 17/292 [00:00<00:00, 1480.12it/s, Materializing param=gpt_neox.layers.1.attention.dense.bias]
Loading weights:   6%|6         | 18/292 [00:00<00:00, 1540.36it/s, Materializing param=gpt_neox.layers.1.attention.dense.weight]
Loading weights:   6%|6         | 18/292 [00:00<00:00, 1531.73it/s, Materializing param=gpt_neox.layers.1.attention.dense.weight]
Loading weights:   7%|6         | 19/292 [00:00<00:00, 1591.00it/s, Materializing param=gpt_neox.layers.1.attention.query_key_value.bias]
Loading weights:   7%|6         | 19/292 [00:00<00:00, 1557.39it/s, Materializing param=gpt_neox.layers.1.attention.query_key_value.bias]
Loading weights:   7%|6         | 20/292 [00:00<00:00, 1616.83it/s, Materializing param=gpt_neox.layers.1.attention.query_key_value.weight]
Loading weights:   7%|6         | 20/292 [00:00<00:00, 1596.25it/s, Materializing param=gpt_neox.layers.1.attention.query_key_value.weight]
Loading weights:   7%|7         | 21/292 [00:00<00:00, 1568.49it/s, Materializing param=gpt_neox.layers.1.input_layernorm.bias]            
Loading weights:   7%|7         | 21/292 [00:00<00:00, 1529.09it/s, Materializing param=gpt_neox.layers.1.input_layernorm.bias]
Loading weights:   8%|7         | 22/292 [00:00<00:00, 1572.13it/s, Materializing param=gpt_neox.layers.1.input_layernorm.weight]
Loading weights:   8%|7         | 22/292 [00:00<00:00, 1555.12it/s, Materializing param=gpt_neox.layers.1.input_layernorm.weight]
Loading weights:   8%|7         | 23/292 [00:00<00:00, 1584.24it/s, Materializing param=gpt_neox.layers.1.mlp.dense_4h_to_h.bias]
Loading weights:   8%|7         | 23/292 [00:00<00:00, 1567.84it/s, Materializing param=gpt_neox.layers.1.mlp.dense_4h_to_h.bias]
Loading weights:   8%|8         | 24/292 [00:00<00:00, 1617.21it/s, Materializing param=gpt_neox.layers.1.mlp.dense_4h_to_h.weight]
Loading weights:   8%|8         | 24/292 [00:00<00:00, 1585.55it/s, Materializing param=gpt_neox.layers.1.mlp.dense_4h_to_h.weight]
Loading weights:   9%|8         | 25/292 [00:00<00:00, 1637.12it/s, Materializing param=gpt_neox.layers.1.mlp.dense_h_to_4h.bias]  
Loading weights:   9%|8         | 25/292 [00:00<00:00, 1630.35it/s, Materializing param=gpt_neox.layers.1.mlp.dense_h_to_4h.bias]
Loading weights:   9%|8         | 26/292 [00:00<00:00, 1646.04it/s, Materializing param=gpt_neox.layers.1.mlp.dense_h_to_4h.weight]
Loading weights:   9%|8         | 26/292 [00:00<00:00, 1639.41it/s, Materializing param=gpt_neox.layers.1.mlp.dense_h_to_4h.weight]
Loading weights:   9%|9         | 27/292 [00:00<00:00, 1669.46it/s, Materializing param=gpt_neox.layers.1.post_attention_layernorm.bias]
Loading weights:   9%|9         | 27/292 [00:00<00:00, 1662.96it/s, Materializing param=gpt_neox.layers.1.post_attention_layernorm.bias]
Loading weights:  10%|9         | 28/292 [00:00<00:00, 1702.33it/s, Materializing param=gpt_neox.layers.1.post_attention_layernorm.weight]
Loading weights:  10%|9         | 28/292 [00:00<00:00, 1695.77it/s, Materializing param=gpt_neox.layers.1.post_attention_layernorm.weight]
Loading weights:  10%|9         | 29/292 [00:00<00:00, 1722.14it/s, Materializing param=gpt_neox.layers.2.attention.dense.bias]           
Loading weights:  10%|9         | 29/292 [00:00<00:00, 1715.66it/s, Materializing param=gpt_neox.layers.2.attention.dense.bias]
Loading weights:  10%|#         | 30/292 [00:00<00:00, 1710.70it/s, Materializing param=gpt_neox.layers.2.attention.dense.weight]
Loading weights:  10%|#         | 30/292 [00:00<00:00, 1650.87it/s, Materializing param=gpt_neox.layers.2.attention.dense.weight]
Loading weights:  11%|#         | 31/292 [00:00<00:00, 1688.29it/s, Materializing param=gpt_neox.layers.2.attention.query_key_value.bias]
Loading weights:  11%|#         | 31/292 [00:00<00:00, 1681.78it/s, Materializing param=gpt_neox.layers.2.attention.query_key_value.bias]
Loading weights:  11%|#         | 32/292 [00:00<00:00, 1703.81it/s, Materializing param=gpt_neox.layers.2.attention.query_key_value.weight]
Loading weights:  11%|#         | 32/292 [00:00<00:00, 1689.00it/s, Materializing param=gpt_neox.layers.2.attention.query_key_value.weight]
Loading weights:  11%|#1        | 33/292 [00:00<00:00, 1728.40it/s, Materializing param=gpt_neox.layers.2.input_layernorm.bias]            
Loading weights:  11%|#1        | 33/292 [00:00<00:00, 1668.68it/s, Materializing param=gpt_neox.layers.2.input_layernorm.bias]
Loading weights:  12%|#1        | 34/292 [00:00<00:00, 1654.94it/s, Materializing param=gpt_neox.layers.2.input_layernorm.weight]
Loading weights:  12%|#1        | 34/292 [00:00<00:00, 1635.17it/s, Materializing param=gpt_neox.layers.2.input_layernorm.weight]
Loading weights:  12%|#1        | 35/292 [00:00<00:00, 1651.08it/s, Materializing param=gpt_neox.layers.2.mlp.dense_4h_to_h.bias]
Loading weights:  12%|#1        | 35/292 [00:00<00:00, 1642.58it/s, Materializing param=gpt_neox.layers.2.mlp.dense_4h_to_h.bias]
Loading weights:  12%|#2        | 36/292 [00:00<00:00, 1617.84it/s, Materializing param=gpt_neox.layers.2.mlp.dense_4h_to_h.weight]
Loading weights:  12%|#2        | 36/292 [00:00<00:00, 1605.70it/s, Materializing param=gpt_neox.layers.2.mlp.dense_4h_to_h.weight]
Loading weights:  13%|#2        | 37/292 [00:00<00:00, 1636.91it/s, Materializing param=gpt_neox.layers.2.mlp.dense_h_to_4h.bias]  
Loading weights:  13%|#2        | 37/292 [00:00<00:00, 1608.26it/s, Materializing param=gpt_neox.layers.2.mlp.dense_h_to_4h.bias]
Loading weights:  13%|#3        | 38/292 [00:00<00:00, 1617.96it/s, Materializing param=gpt_neox.layers.2.mlp.dense_h_to_4h.weight]
Loading weights:  13%|#3        | 38/292 [00:00<00:00, 1603.84it/s, Materializing param=gpt_neox.layers.2.mlp.dense_h_to_4h.weight]
Loading weights:  13%|#3        | 39/292 [00:00<00:00, 1624.52it/s, Materializing param=gpt_neox.layers.2.post_attention_layernorm.bias]
Loading weights:  13%|#3        | 39/292 [00:00<00:00, 1613.07it/s, Materializing param=gpt_neox.layers.2.post_attention_layernorm.bias]
Loading weights:  14%|#3        | 40/292 [00:00<00:00, 1631.87it/s, Materializing param=gpt_neox.layers.2.post_attention_layernorm.weight]
Loading weights:  14%|#3        | 40/292 [00:00<00:00, 1614.14it/s, Materializing param=gpt_neox.layers.2.post_attention_layernorm.weight]
Loading weights:  14%|#4        | 41/292 [00:00<00:00, 1632.82it/s, Materializing param=gpt_neox.layers.3.attention.dense.bias]           
Loading weights:  14%|#4        | 41/292 [00:00<00:00, 1622.74it/s, Materializing param=gpt_neox.layers.3.attention.dense.bias]
Loading weights:  14%|#4        | 42/292 [00:00<00:00, 1650.59it/s, Materializing param=gpt_neox.layers.3.attention.dense.weight]
Loading weights:  14%|#4        | 42/292 [00:00<00:00, 1645.95it/s, Materializing param=gpt_neox.layers.3.attention.dense.weight]
Loading weights:  15%|#4        | 43/292 [00:00<00:00, 1676.13it/s, Materializing param=gpt_neox.layers.3.attention.query_key_value.bias]
Loading weights:  15%|#4        | 43/292 [00:00<00:00, 1671.95it/s, Materializing param=gpt_neox.layers.3.attention.query_key_value.bias]
Loading weights:  15%|#5        | 44/292 [00:00<00:00, 1693.11it/s, Materializing param=gpt_neox.layers.3.attention.query_key_value.weight]
Loading weights:  15%|#5        | 44/292 [00:00<00:00, 1675.10it/s, Materializing param=gpt_neox.layers.3.attention.query_key_value.weight]
Loading weights:  15%|#5        | 45/292 [00:00<00:00, 1684.07it/s, Materializing param=gpt_neox.layers.3.input_layernorm.bias]            
Loading weights:  15%|#5        | 45/292 [00:00<00:00, 1672.43it/s, Materializing param=gpt_neox.layers.3.input_layernorm.bias]
Loading weights:  16%|#5        | 46/292 [00:00<00:00, 1676.79it/s, Materializing param=gpt_neox.layers.3.input_layernorm.weight]
Loading weights:  16%|#5        | 46/292 [00:00<00:00, 1639.47it/s, Materializing param=gpt_neox.layers.3.input_layernorm.weight]
Loading weights:  16%|#6        | 47/292 [00:00<00:00, 1654.38it/s, Materializing param=gpt_neox.layers.3.mlp.dense_4h_to_h.bias]
Loading weights:  16%|#6        | 47/292 [00:00<00:00, 1645.68it/s, Materializing param=gpt_neox.layers.3.mlp.dense_4h_to_h.bias]
Loading weights:  16%|#6        | 48/292 [00:00<00:00, 1629.11it/s, Materializing param=gpt_neox.layers.3.mlp.dense_4h_to_h.weight]
Loading weights:  16%|#6        | 48/292 [00:00<00:00, 1625.11it/s, Materializing param=gpt_neox.layers.3.mlp.dense_4h_to_h.weight]
Loading weights:  17%|#6        | 49/292 [00:00<00:00, 1643.59it/s, Materializing param=gpt_neox.layers.3.mlp.dense_h_to_4h.bias]  
Loading weights:  17%|#6        | 49/292 [00:00<00:00, 1639.93it/s, Materializing param=gpt_neox.layers.3.mlp.dense_h_to_4h.bias]
Loading weights:  17%|#7        | 50/292 [00:00<00:00, 1651.48it/s, Materializing param=gpt_neox.layers.3.mlp.dense_h_to_4h.weight]
Loading weights:  17%|#7        | 50/292 [00:00<00:00, 1647.53it/s, Materializing param=gpt_neox.layers.3.mlp.dense_h_to_4h.weight]
Loading weights:  17%|#7        | 51/292 [00:00<00:00, 1671.39it/s, Materializing param=gpt_neox.layers.3.post_attention_layernorm.bias]
Loading weights:  17%|#7        | 51/292 [00:00<00:00, 1667.69it/s, Materializing param=gpt_neox.layers.3.post_attention_layernorm.bias]
Loading weights:  18%|#7        | 52/292 [00:00<00:00, 1680.72it/s, Materializing param=gpt_neox.layers.3.post_attention_layernorm.weight]
Loading weights:  18%|#7        | 52/292 [00:00<00:00, 1672.72it/s, Materializing param=gpt_neox.layers.3.post_attention_layernorm.weight]
Loading weights:  18%|#8        | 53/292 [00:00<00:00, 1691.19it/s, Materializing param=gpt_neox.layers.4.attention.dense.bias]           
Loading weights:  18%|#8        | 53/292 [00:00<00:00, 1687.13it/s, Materializing param=gpt_neox.layers.4.attention.dense.bias]
Loading weights:  18%|#8        | 54/292 [00:00<00:00, 1694.93it/s, Materializing param=gpt_neox.layers.4.attention.dense.weight]
Loading weights:  18%|#8        | 54/292 [00:00<00:00, 1690.91it/s, Materializing param=gpt_neox.layers.4.attention.dense.weight]
Loading weights:  19%|#8        | 55/292 [00:00<00:00, 1704.06it/s, Materializing param=gpt_neox.layers.4.attention.query_key_value.bias]
Loading weights:  19%|#8        | 55/292 [00:00<00:00, 1685.99it/s, Materializing param=gpt_neox.layers.4.attention.query_key_value.bias]
Loading weights:  19%|#9        | 56/292 [00:00<00:00, 1706.66it/s, Materializing param=gpt_neox.layers.4.attention.query_key_value.weight]
Loading weights:  19%|#9        | 56/292 [00:00<00:00, 1702.78it/s, Materializing param=gpt_neox.layers.4.attention.query_key_value.weight]
Loading weights:  20%|#9        | 57/292 [00:00<00:00, 1712.91it/s, Materializing param=gpt_neox.layers.4.input_layernorm.bias]            
Loading weights:  20%|#9        | 57/292 [00:00<00:00, 1709.46it/s, Materializing param=gpt_neox.layers.4.input_layernorm.bias]
Loading weights:  20%|#9        | 58/292 [00:00<00:00, 1697.90it/s, Materializing param=gpt_neox.layers.4.input_layernorm.weight]
Loading weights:  20%|#9        | 58/292 [00:00<00:00, 1688.31it/s, Materializing param=gpt_neox.layers.4.input_layernorm.weight]
Loading weights:  20%|##        | 59/292 [00:00<00:00, 1707.26it/s, Materializing param=gpt_neox.layers.4.mlp.dense_4h_to_h.bias]
Loading weights:  20%|##        | 59/292 [00:00<00:00, 1690.96it/s, Materializing param=gpt_neox.layers.4.mlp.dense_4h_to_h.bias]
Loading weights:  21%|##        | 60/292 [00:00<00:00, 1710.98it/s, Materializing param=gpt_neox.layers.4.mlp.dense_4h_to_h.weight]
Loading weights:  21%|##        | 60/292 [00:00<00:00, 1707.67it/s, Materializing param=gpt_neox.layers.4.mlp.dense_4h_to_h.weight]
Loading weights:  21%|##        | 61/292 [00:00<00:00, 1710.84it/s, Materializing param=gpt_neox.layers.4.mlp.dense_h_to_4h.bias]  
Loading weights:  21%|##        | 61/292 [00:00<00:00, 1679.86it/s, Materializing param=gpt_neox.layers.4.mlp.dense_h_to_4h.bias]
Loading weights:  21%|##1       | 62/292 [00:00<00:00, 1677.75it/s, Materializing param=gpt_neox.layers.4.mlp.dense_h_to_4h.weight]
Loading weights:  21%|##1       | 62/292 [00:00<00:00, 1674.21it/s, Materializing param=gpt_neox.layers.4.mlp.dense_h_to_4h.weight]
Loading weights:  22%|##1       | 63/292 [00:00<00:00, 1653.81it/s, Materializing param=gpt_neox.layers.4.post_attention_layernorm.bias]
Loading weights:  22%|##1       | 63/292 [00:00<00:00, 1644.86it/s, Materializing param=gpt_neox.layers.4.post_attention_layernorm.bias]
Loading weights:  22%|##1       | 64/292 [00:00<00:00, 1630.94it/s, Materializing param=gpt_neox.layers.4.post_attention_layernorm.weight]
Loading weights:  22%|##1       | 64/292 [00:00<00:00, 1617.64it/s, Materializing param=gpt_neox.layers.4.post_attention_layernorm.weight]
Loading weights:  22%|##2       | 65/292 [00:00<00:00, 1631.19it/s, Materializing param=gpt_neox.layers.5.attention.dense.bias]           
Loading weights:  22%|##2       | 65/292 [00:00<00:00, 1594.29it/s, Materializing param=gpt_neox.layers.5.attention.dense.bias]
Loading weights:  23%|##2       | 66/292 [00:00<00:00, 1606.15it/s, Materializing param=gpt_neox.layers.5.attention.dense.weight]
Loading weights:  23%|##2       | 66/292 [00:00<00:00, 1599.62it/s, Materializing param=gpt_neox.layers.5.attention.dense.weight]
Loading weights:  23%|##2       | 67/292 [00:00<00:00, 1599.99it/s, Materializing param=gpt_neox.layers.5.attention.query_key_value.bias]
Loading weights:  23%|##2       | 67/292 [00:00<00:00, 1586.72it/s, Materializing param=gpt_neox.layers.5.attention.query_key_value.bias]
Loading weights:  23%|##3       | 68/292 [00:00<00:00, 1549.77it/s, Materializing param=gpt_neox.layers.5.attention.query_key_value.weight]
Loading weights:  23%|##3       | 68/292 [00:00<00:00, 1547.13it/s, Materializing param=gpt_neox.layers.5.attention.query_key_value.weight]
Loading weights:  24%|##3       | 69/292 [00:00<00:00, 1552.79it/s, Materializing param=gpt_neox.layers.5.input_layernorm.bias]            
Loading weights:  24%|##3       | 69/292 [00:00<00:00, 1549.64it/s, Materializing param=gpt_neox.layers.5.input_layernorm.bias]
Loading weights:  24%|##3       | 70/292 [00:00<00:00, 1546.99it/s, Materializing param=gpt_neox.layers.5.input_layernorm.weight]
Loading weights:  24%|##3       | 70/292 [00:00<00:00, 1537.39it/s, Materializing param=gpt_neox.layers.5.input_layernorm.weight]
Loading weights:  24%|##4       | 71/292 [00:00<00:00, 1547.46it/s, Materializing param=gpt_neox.layers.5.mlp.dense_4h_to_h.bias]
Loading weights:  24%|##4       | 71/292 [00:00<00:00, 1540.91it/s, Materializing param=gpt_neox.layers.5.mlp.dense_4h_to_h.bias]
Loading weights:  25%|##4       | 72/292 [00:00<00:00, 1554.74it/s, Materializing param=gpt_neox.layers.5.mlp.dense_4h_to_h.weight]
Loading weights:  25%|##4       | 72/292 [00:00<00:00, 1552.38it/s, Materializing param=gpt_neox.layers.5.mlp.dense_4h_to_h.weight]
Loading weights:  25%|##5       | 73/292 [00:00<00:00, 1552.78it/s, Materializing param=gpt_neox.layers.5.mlp.dense_h_to_4h.bias]  
Loading weights:  25%|##5       | 73/292 [00:00<00:00, 1548.16it/s, Materializing param=gpt_neox.layers.5.mlp.dense_h_to_4h.bias]
Loading weights:  25%|##5       | 74/292 [00:00<00:00, 1560.92it/s, Materializing param=gpt_neox.layers.5.mlp.dense_h_to_4h.weight]
Loading weights:  25%|##5       | 74/292 [00:00<00:00, 1555.10it/s, Materializing param=gpt_neox.layers.5.mlp.dense_h_to_4h.weight]
Loading weights:  26%|##5       | 75/292 [00:00<00:00, 1564.79it/s, Materializing param=gpt_neox.layers.5.post_attention_layernorm.bias]
Loading weights:  26%|##5       | 75/292 [00:00<00:00, 1557.84it/s, Materializing param=gpt_neox.layers.5.post_attention_layernorm.bias]
Loading weights:  26%|##6       | 76/292 [00:00<00:00, 1570.84it/s, Materializing param=gpt_neox.layers.5.post_attention_layernorm.weight]
Loading weights:  26%|##6       | 76/292 [00:00<00:00, 1565.44it/s, Materializing param=gpt_neox.layers.5.post_attention_layernorm.weight]
Loading weights:  26%|##6       | 77/292 [00:00<00:00, 1573.26it/s, Materializing param=gpt_neox.layers.6.attention.dense.bias]           
Loading weights:  26%|##6       | 77/292 [00:00<00:00, 1569.97it/s, Materializing param=gpt_neox.layers.6.attention.dense.bias]
Loading weights:  27%|##6       | 78/292 [00:00<00:00, 1582.70it/s, Materializing param=gpt_neox.layers.6.attention.dense.weight]
Loading weights:  27%|##6       | 78/292 [00:00<00:00, 1579.40it/s, Materializing param=gpt_neox.layers.6.attention.dense.weight]
Loading weights:  27%|##7       | 79/292 [00:00<00:00, 1586.74it/s, Materializing param=gpt_neox.layers.6.attention.query_key_value.bias]
Loading weights:  27%|##7       | 79/292 [00:00<00:00, 1582.24it/s, Materializing param=gpt_neox.layers.6.attention.query_key_value.bias]
Loading weights:  27%|##7       | 80/292 [00:00<00:00, 1594.78it/s, Materializing param=gpt_neox.layers.6.attention.query_key_value.weight]
Loading weights:  27%|##7       | 80/292 [00:00<00:00, 1589.49it/s, Materializing param=gpt_neox.layers.6.attention.query_key_value.weight]
Loading weights:  28%|##7       | 81/292 [00:00<00:00, 1596.13it/s, Materializing param=gpt_neox.layers.6.input_layernorm.bias]            
Loading weights:  28%|##7       | 81/292 [00:00<00:00, 1591.76it/s, Materializing param=gpt_neox.layers.6.input_layernorm.bias]
Loading weights:  28%|##8       | 82/292 [00:00<00:00, 1603.23it/s, Materializing param=gpt_neox.layers.6.input_layernorm.weight]
Loading weights:  28%|##8       | 82/292 [00:00<00:00, 1597.87it/s, Materializing param=gpt_neox.layers.6.input_layernorm.weight]
Loading weights:  28%|##8       | 83/292 [00:00<00:00, 1604.94it/s, Materializing param=gpt_neox.layers.6.mlp.dense_4h_to_h.bias]
Loading weights:  28%|##8       | 83/292 [00:00<00:00, 1602.42it/s, Materializing param=gpt_neox.layers.6.mlp.dense_4h_to_h.bias]
Loading weights:  29%|##8       | 84/292 [00:00<00:00, 1616.62it/s, Materializing param=gpt_neox.layers.6.mlp.dense_4h_to_h.weight]
Loading weights:  29%|##8       | 84/292 [00:00<00:00, 1613.84it/s, Materializing param=gpt_neox.layers.6.mlp.dense_4h_to_h.weight]
Loading weights:  29%|##9       | 85/292 [00:00<00:00, 1627.75it/s, Materializing param=gpt_neox.layers.6.mlp.dense_h_to_4h.bias]  
Loading weights:  29%|##9       | 85/292 [00:00<00:00, 1625.44it/s, Materializing param=gpt_neox.layers.6.mlp.dense_h_to_4h.bias]
Loading weights:  29%|##9       | 86/292 [00:00<00:00, 1640.19it/s, Materializing param=gpt_neox.layers.6.mlp.dense_h_to_4h.weight]
Loading weights:  29%|##9       | 86/292 [00:00<00:00, 1638.18it/s, Materializing param=gpt_neox.layers.6.mlp.dense_h_to_4h.weight]
Loading weights:  30%|##9       | 87/292 [00:00<00:00, 1653.29it/s, Materializing param=gpt_neox.layers.6.post_attention_layernorm.bias]
Loading weights:  30%|##9       | 87/292 [00:00<00:00, 1651.47it/s, Materializing param=gpt_neox.layers.6.post_attention_layernorm.bias]
Loading weights:  30%|###       | 88/292 [00:00<00:00, 1666.80it/s, Materializing param=gpt_neox.layers.6.post_attention_layernorm.weight]
Loading weights:  30%|###       | 88/292 [00:00<00:00, 1664.94it/s, Materializing param=gpt_neox.layers.6.post_attention_layernorm.weight]
Loading weights:  30%|###       | 89/292 [00:00<00:00, 1680.27it/s, Materializing param=gpt_neox.layers.7.attention.dense.bias]           
Loading weights:  30%|###       | 89/292 [00:00<00:00, 1678.48it/s, Materializing param=gpt_neox.layers.7.attention.dense.bias]
Loading weights:  31%|###       | 90/292 [00:00<00:00, 1693.63it/s, Materializing param=gpt_neox.layers.7.attention.dense.weight]
Loading weights:  31%|###       | 90/292 [00:00<00:00, 1691.88it/s, Materializing param=gpt_neox.layers.7.attention.dense.weight]
Loading weights:  31%|###1      | 91/292 [00:00<00:00, 1707.34it/s, Materializing param=gpt_neox.layers.7.attention.query_key_value.bias]
Loading weights:  31%|###1      | 91/292 [00:00<00:00, 1705.55it/s, Materializing param=gpt_neox.layers.7.attention.query_key_value.bias]
Loading weights:  32%|###1      | 92/292 [00:00<00:00, 1720.94it/s, Materializing param=gpt_neox.layers.7.attention.query_key_value.weight]
Loading weights:  32%|###1      | 92/292 [00:00<00:00, 1719.11it/s, Materializing param=gpt_neox.layers.7.attention.query_key_value.weight]
Loading weights:  32%|###1      | 93/292 [00:00<00:00, 1733.84it/s, Materializing param=gpt_neox.layers.7.input_layernorm.bias]            
Loading weights:  32%|###1      | 93/292 [00:00<00:00, 1731.87it/s, Materializing param=gpt_neox.layers.7.input_layernorm.bias]
Loading weights:  32%|###2      | 94/292 [00:00<00:00, 1746.95it/s, Materializing param=gpt_neox.layers.7.input_layernorm.weight]
Loading weights:  32%|###2      | 94/292 [00:00<00:00, 1745.03it/s, Materializing param=gpt_neox.layers.7.input_layernorm.weight]
Loading weights:  33%|###2      | 95/292 [00:00<00:00, 1760.10it/s, Materializing param=gpt_neox.layers.7.mlp.dense_4h_to_h.bias]
Loading weights:  33%|###2      | 95/292 [00:00<00:00, 1758.19it/s, Materializing param=gpt_neox.layers.7.mlp.dense_4h_to_h.bias]
Loading weights:  33%|###2      | 96/292 [00:00<00:00, 1773.12it/s, Materializing param=gpt_neox.layers.7.mlp.dense_4h_to_h.weight]
Loading weights:  33%|###2      | 96/292 [00:00<00:00, 1771.17it/s, Materializing param=gpt_neox.layers.7.mlp.dense_4h_to_h.weight]
Loading weights:  33%|###3      | 97/292 [00:00<00:00, 1785.41it/s, Materializing param=gpt_neox.layers.7.mlp.dense_h_to_4h.bias]  
Loading weights:  33%|###3      | 97/292 [00:00<00:00, 1782.50it/s, Materializing param=gpt_neox.layers.7.mlp.dense_h_to_4h.bias]
Loading weights:  34%|###3      | 98/292 [00:00<00:00, 1794.50it/s, Materializing param=gpt_neox.layers.7.mlp.dense_h_to_4h.weight]
Loading weights:  34%|###3      | 98/292 [00:00<00:00, 1791.85it/s, Materializing param=gpt_neox.layers.7.mlp.dense_h_to_4h.weight]
Loading weights:  34%|###3      | 99/292 [00:00<00:00, 1804.45it/s, Materializing param=gpt_neox.layers.7.post_attention_layernorm.bias]
Loading weights:  34%|###3      | 99/292 [00:00<00:00, 1801.75it/s, Materializing param=gpt_neox.layers.7.post_attention_layernorm.bias]
Loading weights:  34%|###4      | 100/292 [00:00<00:00, 1814.08it/s, Materializing param=gpt_neox.layers.7.post_attention_layernorm.weight]
Loading weights:  34%|###4      | 100/292 [00:00<00:00, 1812.21it/s, Materializing param=gpt_neox.layers.7.post_attention_layernorm.weight]
Loading weights:  35%|###4      | 101/292 [00:00<00:00, 1826.68it/s, Materializing param=gpt_neox.layers.8.attention.dense.bias]           
Loading weights:  35%|###4      | 101/292 [00:00<00:00, 1824.70it/s, Materializing param=gpt_neox.layers.8.attention.dense.bias]
Loading weights:  35%|###4      | 102/292 [00:00<00:00, 1838.93it/s, Materializing param=gpt_neox.layers.8.attention.dense.weight]
Loading weights:  35%|###4      | 102/292 [00:00<00:00, 1836.91it/s, Materializing param=gpt_neox.layers.8.attention.dense.weight]
Loading weights:  35%|###5      | 103/292 [00:00<00:00, 1850.73it/s, Materializing param=gpt_neox.layers.8.attention.query_key_value.bias]
Loading weights:  35%|###5      | 103/292 [00:00<00:00, 1848.72it/s, Materializing param=gpt_neox.layers.8.attention.query_key_value.bias]
Loading weights:  36%|###5      | 104/292 [00:00<00:00, 1862.93it/s, Materializing param=gpt_neox.layers.8.attention.query_key_value.weight]
Loading weights:  36%|###5      | 104/292 [00:00<00:00, 1860.94it/s, Materializing param=gpt_neox.layers.8.attention.query_key_value.weight]
Loading weights:  36%|###5      | 105/292 [00:00<00:00, 1874.89it/s, Materializing param=gpt_neox.layers.8.input_layernorm.bias]            
Loading weights:  36%|###5      | 105/292 [00:00<00:00, 1872.92it/s, Materializing param=gpt_neox.layers.8.input_layernorm.bias]
Loading weights:  36%|###6      | 106/292 [00:00<00:00, 1887.04it/s, Materializing param=gpt_neox.layers.8.input_layernorm.weight]
Loading weights:  36%|###6      | 106/292 [00:00<00:00, 1885.06it/s, Materializing param=gpt_neox.layers.8.input_layernorm.weight]
Loading weights:  37%|###6      | 107/292 [00:00<00:00, 1899.27it/s, Materializing param=gpt_neox.layers.8.mlp.dense_4h_to_h.bias]
Loading weights:  37%|###6      | 107/292 [00:00<00:00, 1897.27it/s, Materializing param=gpt_neox.layers.8.mlp.dense_4h_to_h.bias]
Loading weights:  37%|###6      | 108/292 [00:00<00:00, 1911.15it/s, Materializing param=gpt_neox.layers.8.mlp.dense_4h_to_h.weight]
Loading weights:  37%|###6      | 108/292 [00:00<00:00, 1909.06it/s, Materializing param=gpt_neox.layers.8.mlp.dense_4h_to_h.weight]
Loading weights:  37%|###7      | 109/292 [00:00<00:00, 1923.07it/s, Materializing param=gpt_neox.layers.8.mlp.dense_h_to_4h.bias]  
Loading weights:  37%|###7      | 109/292 [00:00<00:00, 1921.05it/s, Materializing param=gpt_neox.layers.8.mlp.dense_h_to_4h.bias]
Loading weights:  38%|###7      | 110/292 [00:00<00:00, 1935.00it/s, Materializing param=gpt_neox.layers.8.mlp.dense_h_to_4h.weight]
Loading weights:  38%|###7      | 110/292 [00:00<00:00, 1932.98it/s, Materializing param=gpt_neox.layers.8.mlp.dense_h_to_4h.weight]
Loading weights:  38%|###8      | 111/292 [00:00<00:00, 1946.92it/s, Materializing param=gpt_neox.layers.8.post_attention_layernorm.bias]
Loading weights:  38%|###8      | 111/292 [00:00<00:00, 1944.85it/s, Materializing param=gpt_neox.layers.8.post_attention_layernorm.bias]
Loading weights:  38%|###8      | 112/292 [00:00<00:00, 1958.61it/s, Materializing param=gpt_neox.layers.8.post_attention_layernorm.weight]
Loading weights:  38%|###8      | 112/292 [00:00<00:00, 1956.56it/s, Materializing param=gpt_neox.layers.8.post_attention_layernorm.weight]
Loading weights:  39%|###8      | 113/292 [00:00<00:00, 1970.29it/s, Materializing param=gpt_neox.layers.9.attention.dense.bias]           
Loading weights:  39%|###8      | 113/292 [00:00<00:00, 1968.23it/s, Materializing param=gpt_neox.layers.9.attention.dense.bias]
Loading weights:  39%|###9      | 114/292 [00:00<00:00, 1981.77it/s, Materializing param=gpt_neox.layers.9.attention.dense.weight]
Loading weights:  39%|###9      | 114/292 [00:00<00:00, 1979.43it/s, Materializing param=gpt_neox.layers.9.attention.dense.weight]
Loading weights:  39%|###9      | 115/292 [00:00<00:00, 1992.82it/s, Materializing param=gpt_neox.layers.9.attention.query_key_value.bias]
Loading weights:  39%|###9      | 115/292 [00:00<00:00, 1990.68it/s, Materializing param=gpt_neox.layers.9.attention.query_key_value.bias]
Loading weights:  40%|###9      | 116/292 [00:00<00:00, 2004.16it/s, Materializing param=gpt_neox.layers.9.attention.query_key_value.weight]
Loading weights:  40%|###9      | 116/292 [00:00<00:00, 2002.09it/s, Materializing param=gpt_neox.layers.9.attention.query_key_value.weight]
Loading weights:  40%|####      | 117/292 [00:00<00:00, 2015.59it/s, Materializing param=gpt_neox.layers.9.input_layernorm.bias]            
Loading weights:  40%|####      | 117/292 [00:00<00:00, 2013.52it/s, Materializing param=gpt_neox.layers.9.input_layernorm.bias]
Loading weights:  40%|####      | 118/292 [00:00<00:00, 2027.04it/s, Materializing param=gpt_neox.layers.9.input_layernorm.weight]
Loading weights:  40%|####      | 118/292 [00:00<00:00, 2024.95it/s, Materializing param=gpt_neox.layers.9.input_layernorm.weight]
Loading weights:  41%|####      | 119/292 [00:00<00:00, 2038.48it/s, Materializing param=gpt_neox.layers.9.mlp.dense_4h_to_h.bias]
Loading weights:  41%|####      | 119/292 [00:00<00:00, 2036.44it/s, Materializing param=gpt_neox.layers.9.mlp.dense_4h_to_h.bias]
Loading weights:  41%|####1     | 120/292 [00:00<00:00, 2049.78it/s, Materializing param=gpt_neox.layers.9.mlp.dense_4h_to_h.weight]
Loading weights:  41%|####1     | 120/292 [00:00<00:00, 2047.71it/s, Materializing param=gpt_neox.layers.9.mlp.dense_4h_to_h.weight]
Loading weights:  41%|####1     | 121/292 [00:00<00:00, 2061.07it/s, Materializing param=gpt_neox.layers.9.mlp.dense_h_to_4h.bias]  
Loading weights:  41%|####1     | 121/292 [00:00<00:00, 2058.98it/s, Materializing param=gpt_neox.layers.9.mlp.dense_h_to_4h.bias]
Loading weights:  42%|####1     | 122/292 [00:00<00:00, 2072.23it/s, Materializing param=gpt_neox.layers.9.mlp.dense_h_to_4h.weight]
Loading weights:  42%|####1     | 122/292 [00:00<00:00, 2070.16it/s, Materializing param=gpt_neox.layers.9.mlp.dense_h_to_4h.weight]
Loading weights:  42%|####2     | 123/292 [00:00<00:00, 2083.14it/s, Materializing param=gpt_neox.layers.9.post_attention_layernorm.bias]
Loading weights:  42%|####2     | 123/292 [00:00<00:00, 2080.98it/s, Materializing param=gpt_neox.layers.9.post_attention_layernorm.bias]
Loading weights:  42%|####2     | 124/292 [00:00<00:00, 2094.04it/s, Materializing param=gpt_neox.layers.9.post_attention_layernorm.weight]
Loading weights:  42%|####2     | 124/292 [00:00<00:00, 2091.90it/s, Materializing param=gpt_neox.layers.9.post_attention_layernorm.weight]
Loading weights:  43%|####2     | 125/292 [00:00<00:00, 2105.04it/s, Materializing param=gpt_neox.layers.10.attention.dense.bias]          
Loading weights:  43%|####2     | 125/292 [00:00<00:00, 2102.93it/s, Materializing param=gpt_neox.layers.10.attention.dense.bias]
Loading weights:  43%|####3     | 126/292 [00:00<00:00, 2115.51it/s, Materializing param=gpt_neox.layers.10.attention.dense.weight]
Loading weights:  43%|####3     | 126/292 [00:00<00:00, 2113.35it/s, Materializing param=gpt_neox.layers.10.attention.dense.weight]
Loading weights:  43%|####3     | 127/292 [00:00<00:00, 2126.26it/s, Materializing param=gpt_neox.layers.10.attention.query_key_value.bias]
Loading weights:  43%|####3     | 127/292 [00:00<00:00, 2124.06it/s, Materializing param=gpt_neox.layers.10.attention.query_key_value.bias]
Loading weights:  44%|####3     | 128/292 [00:00<00:00, 2136.85it/s, Materializing param=gpt_neox.layers.10.attention.query_key_value.weight]
Loading weights:  44%|####3     | 128/292 [00:00<00:00, 2134.68it/s, Materializing param=gpt_neox.layers.10.attention.query_key_value.weight]
Loading weights:  44%|####4     | 129/292 [00:00<00:00, 2147.39it/s, Materializing param=gpt_neox.layers.10.input_layernorm.bias]            
Loading weights:  44%|####4     | 129/292 [00:00<00:00, 2145.25it/s, Materializing param=gpt_neox.layers.10.input_layernorm.bias]
Loading weights:  45%|####4     | 130/292 [00:00<00:00, 2157.95it/s, Materializing param=gpt_neox.layers.10.input_layernorm.weight]
Loading weights:  45%|####4     | 130/292 [00:00<00:00, 2155.74it/s, Materializing param=gpt_neox.layers.10.input_layernorm.weight]
Loading weights:  45%|####4     | 131/292 [00:00<00:00, 2168.29it/s, Materializing param=gpt_neox.layers.10.mlp.dense_4h_to_h.bias]
Loading weights:  45%|####4     | 131/292 [00:00<00:00, 2166.16it/s, Materializing param=gpt_neox.layers.10.mlp.dense_4h_to_h.bias]
Loading weights:  45%|####5     | 132/292 [00:00<00:00, 2178.79it/s, Materializing param=gpt_neox.layers.10.mlp.dense_4h_to_h.weight]
Loading weights:  45%|####5     | 132/292 [00:00<00:00, 2176.62it/s, Materializing param=gpt_neox.layers.10.mlp.dense_4h_to_h.weight]
Loading weights:  46%|####5     | 133/292 [00:00<00:00, 2189.26it/s, Materializing param=gpt_neox.layers.10.mlp.dense_h_to_4h.bias]  
Loading weights:  46%|####5     | 133/292 [00:00<00:00, 2187.11it/s, Materializing param=gpt_neox.layers.10.mlp.dense_h_to_4h.bias]
Loading weights:  46%|####5     | 134/292 [00:00<00:00, 2199.70it/s, Materializing param=gpt_neox.layers.10.mlp.dense_h_to_4h.weight]
Loading weights:  46%|####5     | 134/292 [00:00<00:00, 2197.56it/s, Materializing param=gpt_neox.layers.10.mlp.dense_h_to_4h.weight]
Loading weights:  46%|####6     | 135/292 [00:00<00:00, 2210.12it/s, Materializing param=gpt_neox.layers.10.post_attention_layernorm.bias]
Loading weights:  46%|####6     | 135/292 [00:00<00:00, 2207.93it/s, Materializing param=gpt_neox.layers.10.post_attention_layernorm.bias]
Loading weights:  47%|####6     | 136/292 [00:00<00:00, 2220.46it/s, Materializing param=gpt_neox.layers.10.post_attention_layernorm.weight]
Loading weights:  47%|####6     | 136/292 [00:00<00:00, 2218.29it/s, Materializing param=gpt_neox.layers.10.post_attention_layernorm.weight]
Loading weights:  47%|####6     | 137/292 [00:00<00:00, 2230.81it/s, Materializing param=gpt_neox.layers.11.attention.dense.bias]           
Loading weights:  47%|####6     | 137/292 [00:00<00:00, 2228.69it/s, Materializing param=gpt_neox.layers.11.attention.dense.bias]
Loading weights:  47%|####7     | 138/292 [00:00<00:00, 2240.65it/s, Materializing param=gpt_neox.layers.11.attention.dense.weight]
Loading weights:  47%|####7     | 138/292 [00:00<00:00, 2238.47it/s, Materializing param=gpt_neox.layers.11.attention.dense.weight]
Loading weights:  48%|####7     | 139/292 [00:00<00:00, 2250.83it/s, Materializing param=gpt_neox.layers.11.attention.query_key_value.bias]
Loading weights:  48%|####7     | 139/292 [00:00<00:00, 2248.64it/s, Materializing param=gpt_neox.layers.11.attention.query_key_value.bias]
Loading weights:  48%|####7     | 140/292 [00:00<00:00, 2260.94it/s, Materializing param=gpt_neox.layers.11.attention.query_key_value.weight]
Loading weights:  48%|####7     | 140/292 [00:00<00:00, 2258.77it/s, Materializing param=gpt_neox.layers.11.attention.query_key_value.weight]
Loading weights:  48%|####8     | 141/292 [00:00<00:00, 2270.97it/s, Materializing param=gpt_neox.layers.11.input_layernorm.bias]            
Loading weights:  48%|####8     | 141/292 [00:00<00:00, 2268.80it/s, Materializing param=gpt_neox.layers.11.input_layernorm.bias]
Loading weights:  49%|####8     | 142/292 [00:00<00:00, 2281.02it/s, Materializing param=gpt_neox.layers.11.input_layernorm.weight]
Loading weights:  49%|####8     | 142/292 [00:00<00:00, 2278.84it/s, Materializing param=gpt_neox.layers.11.input_layernorm.weight]
Loading weights:  49%|####8     | 143/292 [00:00<00:00, 2291.04it/s, Materializing param=gpt_neox.layers.11.mlp.dense_4h_to_h.bias]
Loading weights:  49%|####8     | 143/292 [00:00<00:00, 2288.86it/s, Materializing param=gpt_neox.layers.11.mlp.dense_4h_to_h.bias]
Loading weights:  49%|####9     | 144/292 [00:00<00:00, 2300.96it/s, Materializing param=gpt_neox.layers.11.mlp.dense_4h_to_h.weight]
Loading weights:  49%|####9     | 144/292 [00:00<00:00, 2298.80it/s, Materializing param=gpt_neox.layers.11.mlp.dense_4h_to_h.weight]
Loading weights:  50%|####9     | 145/292 [00:00<00:00, 2310.88it/s, Materializing param=gpt_neox.layers.11.mlp.dense_h_to_4h.bias]  
Loading weights:  50%|####9     | 145/292 [00:00<00:00, 2308.64it/s, Materializing param=gpt_neox.layers.11.mlp.dense_h_to_4h.bias]
Loading weights:  50%|#####     | 146/292 [00:00<00:00, 2320.49it/s, Materializing param=gpt_neox.layers.11.mlp.dense_h_to_4h.weight]
Loading weights:  50%|#####     | 146/292 [00:00<00:00, 2318.30it/s, Materializing param=gpt_neox.layers.11.mlp.dense_h_to_4h.weight]
Loading weights:  50%|#####     | 147/292 [00:00<00:00, 2330.32it/s, Materializing param=gpt_neox.layers.11.post_attention_layernorm.bias]
Loading weights:  50%|#####     | 147/292 [00:00<00:00, 2328.11it/s, Materializing param=gpt_neox.layers.11.post_attention_layernorm.bias]
Loading weights:  51%|#####     | 148/292 [00:00<00:00, 2340.13it/s, Materializing param=gpt_neox.layers.11.post_attention_layernorm.weight]
Loading weights:  51%|#####     | 148/292 [00:00<00:00, 2337.91it/s, Materializing param=gpt_neox.layers.11.post_attention_layernorm.weight]
Loading weights:  51%|#####1    | 149/292 [00:00<00:00, 2349.79it/s, Materializing param=gpt_neox.layers.12.attention.dense.bias]           
Loading weights:  51%|#####1    | 149/292 [00:00<00:00, 2347.60it/s, Materializing param=gpt_neox.layers.12.attention.dense.bias]
Loading weights:  51%|#####1    | 150/292 [00:00<00:00, 2359.09it/s, Materializing param=gpt_neox.layers.12.attention.dense.weight]
Loading weights:  51%|#####1    | 150/292 [00:00<00:00, 2356.85it/s, Materializing param=gpt_neox.layers.12.attention.dense.weight]
Loading weights:  52%|#####1    | 151/292 [00:00<00:00, 2368.57it/s, Materializing param=gpt_neox.layers.12.attention.query_key_value.bias]
Loading weights:  52%|#####1    | 151/292 [00:00<00:00, 2366.33it/s, Materializing param=gpt_neox.layers.12.attention.query_key_value.bias]
Loading weights:  52%|#####2    | 152/292 [00:00<00:00, 2377.87it/s, Materializing param=gpt_neox.layers.12.attention.query_key_value.weight]
Loading weights:  52%|#####2    | 152/292 [00:00<00:00, 2375.61it/s, Materializing param=gpt_neox.layers.12.attention.query_key_value.weight]
Loading weights:  52%|#####2    | 153/292 [00:00<00:00, 2386.95it/s, Materializing param=gpt_neox.layers.12.input_layernorm.bias]            
Loading weights:  52%|#####2    | 153/292 [00:00<00:00, 2384.71it/s, Materializing param=gpt_neox.layers.12.input_layernorm.bias]
Loading weights:  53%|#####2    | 154/292 [00:00<00:00, 2396.32it/s, Materializing param=gpt_neox.layers.12.input_layernorm.weight]
Loading weights:  53%|#####2    | 154/292 [00:00<00:00, 2394.11it/s, Materializing param=gpt_neox.layers.12.input_layernorm.weight]
Loading weights:  53%|#####3    | 155/292 [00:00<00:00, 2405.75it/s, Materializing param=gpt_neox.layers.12.mlp.dense_4h_to_h.bias]
Loading weights:  53%|#####3    | 155/292 [00:00<00:00, 2403.59it/s, Materializing param=gpt_neox.layers.12.mlp.dense_4h_to_h.bias]
Loading weights:  53%|#####3    | 156/292 [00:00<00:00, 2415.12it/s, Materializing param=gpt_neox.layers.12.mlp.dense_4h_to_h.weight]
Loading weights:  53%|#####3    | 156/292 [00:00<00:00, 2412.89it/s, Materializing param=gpt_neox.layers.12.mlp.dense_4h_to_h.weight]
Loading weights:  54%|#####3    | 157/292 [00:00<00:00, 2424.29it/s, Materializing param=gpt_neox.layers.12.mlp.dense_h_to_4h.bias]  
Loading weights:  54%|#####3    | 157/292 [00:00<00:00, 2422.06it/s, Materializing param=gpt_neox.layers.12.mlp.dense_h_to_4h.bias]
Loading weights:  54%|#####4    | 158/292 [00:00<00:00, 2433.49it/s, Materializing param=gpt_neox.layers.12.mlp.dense_h_to_4h.weight]
Loading weights:  54%|#####4    | 158/292 [00:00<00:00, 2431.31it/s, Materializing param=gpt_neox.layers.12.mlp.dense_h_to_4h.weight]
Loading weights:  54%|#####4    | 159/292 [00:00<00:00, 2442.75it/s, Materializing param=gpt_neox.layers.12.post_attention_layernorm.bias]
Loading weights:  54%|#####4    | 159/292 [00:00<00:00, 2440.50it/s, Materializing param=gpt_neox.layers.12.post_attention_layernorm.bias]
Loading weights:  55%|#####4    | 160/292 [00:00<00:00, 2451.91it/s, Materializing param=gpt_neox.layers.12.post_attention_layernorm.weight]
Loading weights:  55%|#####4    | 160/292 [00:00<00:00, 2449.64it/s, Materializing param=gpt_neox.layers.12.post_attention_layernorm.weight]
Loading weights:  55%|#####5    | 161/292 [00:00<00:00, 2460.85it/s, Materializing param=gpt_neox.layers.13.attention.dense.bias]           
Loading weights:  55%|#####5    | 161/292 [00:00<00:00, 2458.59it/s, Materializing param=gpt_neox.layers.13.attention.dense.bias]
Loading weights:  55%|#####5    | 162/292 [00:00<00:00, 2469.45it/s, Materializing param=gpt_neox.layers.13.attention.dense.weight]
Loading weights:  55%|#####5    | 162/292 [00:00<00:00, 2467.22it/s, Materializing param=gpt_neox.layers.13.attention.dense.weight]
Loading weights:  56%|#####5    | 163/292 [00:00<00:00, 2478.44it/s, Materializing param=gpt_neox.layers.13.attention.query_key_value.bias]
Loading weights:  56%|#####5    | 163/292 [00:00<00:00, 2476.17it/s, Materializing param=gpt_neox.layers.13.attention.query_key_value.bias]
Loading weights:  56%|#####6    | 164/292 [00:00<00:00, 2487.31it/s, Materializing param=gpt_neox.layers.13.attention.query_key_value.weight]
Loading weights:  56%|#####6    | 164/292 [00:00<00:00, 2485.03it/s, Materializing param=gpt_neox.layers.13.attention.query_key_value.weight]
Loading weights:  57%|#####6    | 165/292 [00:00<00:00, 2496.16it/s, Materializing param=gpt_neox.layers.13.input_layernorm.bias]            
Loading weights:  57%|#####6    | 165/292 [00:00<00:00, 2493.93it/s, Materializing param=gpt_neox.layers.13.input_layernorm.bias]
Loading weights:  57%|#####6    | 166/292 [00:00<00:00, 2504.96it/s, Materializing param=gpt_neox.layers.13.input_layernorm.weight]
Loading weights:  57%|#####6    | 166/292 [00:00<00:00, 2502.70it/s, Materializing param=gpt_neox.layers.13.input_layernorm.weight]
Loading weights:  57%|#####7    | 167/292 [00:00<00:00, 2513.77it/s, Materializing param=gpt_neox.layers.13.mlp.dense_4h_to_h.bias]
Loading weights:  57%|#####7    | 167/292 [00:00<00:00, 2511.51it/s, Materializing param=gpt_neox.layers.13.mlp.dense_4h_to_h.bias]
Loading weights:  58%|#####7    | 168/292 [00:00<00:00, 2522.25it/s, Materializing param=gpt_neox.layers.13.mlp.dense_4h_to_h.weight]
Loading weights:  58%|#####7    | 168/292 [00:00<00:00, 2519.22it/s, Materializing param=gpt_neox.layers.13.mlp.dense_4h_to_h.weight]
Loading weights:  58%|#####7    | 169/292 [00:00<00:00, 2530.09it/s, Materializing param=gpt_neox.layers.13.mlp.dense_h_to_4h.bias]  
Loading weights:  58%|#####7    | 169/292 [00:00<00:00, 2527.84it/s, Materializing param=gpt_neox.layers.13.mlp.dense_h_to_4h.bias]
Loading weights:  58%|#####8    | 170/292 [00:00<00:00, 2538.72it/s, Materializing param=gpt_neox.layers.13.mlp.dense_h_to_4h.weight]
Loading weights:  58%|#####8    | 170/292 [00:00<00:00, 2536.48it/s, Materializing param=gpt_neox.layers.13.mlp.dense_h_to_4h.weight]
Loading weights:  59%|#####8    | 171/292 [00:00<00:00, 2547.34it/s, Materializing param=gpt_neox.layers.13.post_attention_layernorm.bias]
Loading weights:  59%|#####8    | 171/292 [00:00<00:00, 2545.04it/s, Materializing param=gpt_neox.layers.13.post_attention_layernorm.bias]
Loading weights:  59%|#####8    | 172/292 [00:00<00:00, 2555.80it/s, Materializing param=gpt_neox.layers.13.post_attention_layernorm.weight]
Loading weights:  59%|#####8    | 172/292 [00:00<00:00, 2553.52it/s, Materializing param=gpt_neox.layers.13.post_attention_layernorm.weight]
Loading weights:  59%|#####9    | 173/292 [00:00<00:00, 2564.31it/s, Materializing param=gpt_neox.layers.14.attention.dense.bias]           
Loading weights:  59%|#####9    | 173/292 [00:00<00:00, 2558.86it/s, Materializing param=gpt_neox.layers.14.attention.dense.bias]
Loading weights:  60%|#####9    | 174/292 [00:00<00:00, 2558.23it/s, Materializing param=gpt_neox.layers.14.attention.dense.weight]
Loading weights:  60%|#####9    | 174/292 [00:00<00:00, 2554.08it/s, Materializing param=gpt_neox.layers.14.attention.dense.weight]
Loading weights:  60%|#####9    | 175/292 [00:00<00:00, 2562.25it/s, Materializing param=gpt_neox.layers.14.attention.query_key_value.bias]
Loading weights:  60%|#####9    | 175/292 [00:00<00:00, 2559.28it/s, Materializing param=gpt_neox.layers.14.attention.query_key_value.bias]
Loading weights:  60%|######    | 176/292 [00:00<00:00, 2567.59it/s, Materializing param=gpt_neox.layers.14.attention.query_key_value.weight]
Loading weights:  60%|######    | 176/292 [00:00<00:00, 2565.02it/s, Materializing param=gpt_neox.layers.14.attention.query_key_value.weight]
Loading weights:  61%|######    | 177/292 [00:00<00:00, 2575.35it/s, Materializing param=gpt_neox.layers.14.input_layernorm.bias]            
Loading weights:  61%|######    | 177/292 [00:00<00:00, 2573.01it/s, Materializing param=gpt_neox.layers.14.input_layernorm.bias]
Loading weights:  61%|######    | 178/292 [00:00<00:00, 2583.37it/s, Materializing param=gpt_neox.layers.14.input_layernorm.weight]
Loading weights:  61%|######    | 178/292 [00:00<00:00, 2581.11it/s, Materializing param=gpt_neox.layers.14.input_layernorm.weight]
Loading weights:  61%|######1   | 179/292 [00:00<00:00, 2591.53it/s, Materializing param=gpt_neox.layers.14.mlp.dense_4h_to_h.bias]
Loading weights:  61%|######1   | 179/292 [00:00<00:00, 2589.28it/s, Materializing param=gpt_neox.layers.14.mlp.dense_4h_to_h.bias]
Loading weights:  62%|######1   | 180/292 [00:00<00:00, 2599.61it/s, Materializing param=gpt_neox.layers.14.mlp.dense_4h_to_h.weight]
Loading weights:  62%|######1   | 180/292 [00:00<00:00, 2597.40it/s, Materializing param=gpt_neox.layers.14.mlp.dense_4h_to_h.weight]
Loading weights:  62%|######1   | 181/292 [00:00<00:00, 2607.81it/s, Materializing param=gpt_neox.layers.14.mlp.dense_h_to_4h.bias]  
Loading weights:  62%|######1   | 181/292 [00:00<00:00, 2605.58it/s, Materializing param=gpt_neox.layers.14.mlp.dense_h_to_4h.bias]
Loading weights:  62%|######2   | 182/292 [00:00<00:00, 2615.87it/s, Materializing param=gpt_neox.layers.14.mlp.dense_h_to_4h.weight]
Loading weights:  62%|######2   | 182/292 [00:00<00:00, 2613.68it/s, Materializing param=gpt_neox.layers.14.mlp.dense_h_to_4h.weight]
Loading weights:  63%|######2   | 183/292 [00:00<00:00, 2624.05it/s, Materializing param=gpt_neox.layers.14.post_attention_layernorm.bias]
Loading weights:  63%|######2   | 183/292 [00:00<00:00, 2621.82it/s, Materializing param=gpt_neox.layers.14.post_attention_layernorm.bias]
Loading weights:  63%|######3   | 184/292 [00:00<00:00, 2632.21it/s, Materializing param=gpt_neox.layers.14.post_attention_layernorm.weight]
Loading weights:  63%|######3   | 184/292 [00:00<00:00, 2629.37it/s, Materializing param=gpt_neox.layers.14.post_attention_layernorm.weight]
Loading weights:  63%|######3   | 185/292 [00:00<00:00, 2639.59it/s, Materializing param=gpt_neox.layers.15.attention.dense.bias]           
Loading weights:  63%|######3   | 185/292 [00:00<00:00, 2637.40it/s, Materializing param=gpt_neox.layers.15.attention.dense.bias]
Loading weights:  64%|######3   | 186/292 [00:00<00:00, 2647.58it/s, Materializing param=gpt_neox.layers.15.attention.dense.weight]
Loading weights:  64%|######3   | 186/292 [00:00<00:00, 2645.37it/s, Materializing param=gpt_neox.layers.15.attention.dense.weight]
Loading weights:  64%|######4   | 187/292 [00:00<00:00, 2655.58it/s, Materializing param=gpt_neox.layers.15.attention.query_key_value.bias]
Loading weights:  64%|######4   | 187/292 [00:00<00:00, 2653.34it/s, Materializing param=gpt_neox.layers.15.attention.query_key_value.bias]
Loading weights:  64%|######4   | 188/292 [00:00<00:00, 2663.53it/s, Materializing param=gpt_neox.layers.15.attention.query_key_value.weight]
Loading weights:  64%|######4   | 188/292 [00:00<00:00, 2661.29it/s, Materializing param=gpt_neox.layers.15.attention.query_key_value.weight]
Loading weights:  65%|######4   | 189/292 [00:00<00:00, 2671.46it/s, Materializing param=gpt_neox.layers.15.input_layernorm.bias]            
Loading weights:  65%|######4   | 189/292 [00:00<00:00, 2669.27it/s, Materializing param=gpt_neox.layers.15.input_layernorm.bias]
Loading weights:  65%|######5   | 190/292 [00:00<00:00, 2679.51it/s, Materializing param=gpt_neox.layers.15.input_layernorm.weight]
Loading weights:  65%|######5   | 190/292 [00:00<00:00, 2677.30it/s, Materializing param=gpt_neox.layers.15.input_layernorm.weight]
Loading weights:  65%|######5   | 191/292 [00:00<00:00, 2687.49it/s, Materializing param=gpt_neox.layers.15.mlp.dense_4h_to_h.bias]
Loading weights:  65%|######5   | 191/292 [00:00<00:00, 2685.29it/s, Materializing param=gpt_neox.layers.15.mlp.dense_4h_to_h.bias]
Loading weights:  66%|######5   | 192/292 [00:00<00:00, 2695.23it/s, Materializing param=gpt_neox.layers.15.mlp.dense_4h_to_h.weight]
Loading weights:  66%|######5   | 192/292 [00:00<00:00, 2692.98it/s, Materializing param=gpt_neox.layers.15.mlp.dense_4h_to_h.weight]
Loading weights:  66%|######6   | 193/292 [00:00<00:00, 2703.03it/s, Materializing param=gpt_neox.layers.15.mlp.dense_h_to_4h.bias]  
Loading weights:  66%|######6   | 193/292 [00:00<00:00, 2700.84it/s, Materializing param=gpt_neox.layers.15.mlp.dense_h_to_4h.bias]
Loading weights:  66%|######6   | 194/292 [00:00<00:00, 2710.93it/s, Materializing param=gpt_neox.layers.15.mlp.dense_h_to_4h.weight]
Loading weights:  66%|######6   | 194/292 [00:00<00:00, 2708.75it/s, Materializing param=gpt_neox.layers.15.mlp.dense_h_to_4h.weight]
Loading weights:  67%|######6   | 195/292 [00:00<00:00, 2718.74it/s, Materializing param=gpt_neox.layers.15.post_attention_layernorm.bias]
Loading weights:  67%|######6   | 195/292 [00:00<00:00, 2716.54it/s, Materializing param=gpt_neox.layers.15.post_attention_layernorm.bias]
Loading weights:  67%|######7   | 196/292 [00:00<00:00, 2726.56it/s, Materializing param=gpt_neox.layers.15.post_attention_layernorm.weight]
Loading weights:  67%|######7   | 196/292 [00:00<00:00, 2724.06it/s, Materializing param=gpt_neox.layers.15.post_attention_layernorm.weight]
Loading weights:  67%|######7   | 197/292 [00:00<00:00, 2733.90it/s, Materializing param=gpt_neox.layers.16.attention.dense.bias]           
Loading weights:  67%|######7   | 197/292 [00:00<00:00, 2731.68it/s, Materializing param=gpt_neox.layers.16.attention.dense.bias]
Loading weights:  68%|######7   | 198/292 [00:00<00:00, 2741.28it/s, Materializing param=gpt_neox.layers.16.attention.dense.weight]
Loading weights:  68%|######7   | 198/292 [00:00<00:00, 2739.05it/s, Materializing param=gpt_neox.layers.16.attention.dense.weight]
Loading weights:  68%|######8   | 199/292 [00:00<00:00, 2748.87it/s, Materializing param=gpt_neox.layers.16.attention.query_key_value.bias]
Loading weights:  68%|######8   | 199/292 [00:00<00:00, 2746.55it/s, Materializing param=gpt_neox.layers.16.attention.query_key_value.bias]
Loading weights:  68%|######8   | 200/292 [00:00<00:00, 2756.07it/s, Materializing param=gpt_neox.layers.16.attention.query_key_value.weight]
Loading weights:  68%|######8   | 200/292 [00:00<00:00, 2753.82it/s, Materializing param=gpt_neox.layers.16.attention.query_key_value.weight]
Loading weights:  69%|######8   | 201/292 [00:00<00:00, 2763.44it/s, Materializing param=gpt_neox.layers.16.input_layernorm.bias]            
Loading weights:  69%|######8   | 201/292 [00:00<00:00, 2761.19it/s, Materializing param=gpt_neox.layers.16.input_layernorm.bias]
Loading weights:  69%|######9   | 202/292 [00:00<00:00, 2770.87it/s, Materializing param=gpt_neox.layers.16.input_layernorm.weight]
Loading weights:  69%|######9   | 202/292 [00:00<00:00, 2768.65it/s, Materializing param=gpt_neox.layers.16.input_layernorm.weight]
Loading weights:  70%|######9   | 203/292 [00:00<00:00, 2778.39it/s, Materializing param=gpt_neox.layers.16.mlp.dense_4h_to_h.bias]
Loading weights:  70%|######9   | 203/292 [00:00<00:00, 2776.15it/s, Materializing param=gpt_neox.layers.16.mlp.dense_4h_to_h.bias]
Loading weights:  70%|######9   | 204/292 [00:00<00:00, 2785.64it/s, Materializing param=gpt_neox.layers.16.mlp.dense_4h_to_h.weight]
Loading weights:  70%|######9   | 204/292 [00:00<00:00, 2783.42it/s, Materializing param=gpt_neox.layers.16.mlp.dense_4h_to_h.weight]
Loading weights:  70%|#######   | 205/292 [00:00<00:00, 2792.94it/s, Materializing param=gpt_neox.layers.16.mlp.dense_h_to_4h.bias]  
Loading weights:  70%|#######   | 205/292 [00:00<00:00, 2790.69it/s, Materializing param=gpt_neox.layers.16.mlp.dense_h_to_4h.bias]
Loading weights:  71%|#######   | 206/292 [00:00<00:00, 2800.19it/s, Materializing param=gpt_neox.layers.16.mlp.dense_h_to_4h.weight]
Loading weights:  71%|#######   | 206/292 [00:00<00:00, 2797.92it/s, Materializing param=gpt_neox.layers.16.mlp.dense_h_to_4h.weight]
Loading weights:  71%|#######   | 207/292 [00:00<00:00, 2807.41it/s, Materializing param=gpt_neox.layers.16.post_attention_layernorm.bias]
Loading weights:  71%|#######   | 207/292 [00:00<00:00, 2805.08it/s, Materializing param=gpt_neox.layers.16.post_attention_layernorm.bias]
Loading weights:  71%|#######1  | 208/292 [00:00<00:00, 2814.30it/s, Materializing param=gpt_neox.layers.16.post_attention_layernorm.weight]
Loading weights:  71%|#######1  | 208/292 [00:00<00:00, 2811.60it/s, Materializing param=gpt_neox.layers.16.post_attention_layernorm.weight]
Loading weights:  72%|#######1  | 209/292 [00:00<00:00, 2821.02it/s, Materializing param=gpt_neox.layers.17.attention.dense.bias]           
Loading weights:  72%|#######1  | 209/292 [00:00<00:00, 2818.78it/s, Materializing param=gpt_neox.layers.17.attention.dense.bias]
Loading weights:  72%|#######1  | 210/292 [00:00<00:00, 2828.07it/s, Materializing param=gpt_neox.layers.17.attention.dense.weight]
Loading weights:  72%|#######1  | 210/292 [00:00<00:00, 2825.83it/s, Materializing param=gpt_neox.layers.17.attention.dense.weight]
Loading weights:  72%|#######2  | 211/292 [00:00<00:00, 2835.30it/s, Materializing param=gpt_neox.layers.17.attention.query_key_value.bias]
Loading weights:  72%|#######2  | 211/292 [00:00<00:00, 2833.07it/s, Materializing param=gpt_neox.layers.17.attention.query_key_value.bias]
Loading weights:  73%|#######2  | 212/292 [00:00<00:00, 2841.32it/s, Materializing param=gpt_neox.layers.17.attention.query_key_value.weight]
Loading weights:  73%|#######2  | 212/292 [00:00<00:00, 2839.07it/s, Materializing param=gpt_neox.layers.17.attention.query_key_value.weight]
Loading weights:  73%|#######2  | 213/292 [00:00<00:00, 2848.43it/s, Materializing param=gpt_neox.layers.17.input_layernorm.bias]            
Loading weights:  73%|#######2  | 213/292 [00:00<00:00, 2846.30it/s, Materializing param=gpt_neox.layers.17.input_layernorm.bias]
Loading weights:  73%|#######3  | 214/292 [00:00<00:00, 2855.70it/s, Materializing param=gpt_neox.layers.17.input_layernorm.weight]
Loading weights:  73%|#######3  | 214/292 [00:00<00:00, 2853.39it/s, Materializing param=gpt_neox.layers.17.input_layernorm.weight]
Loading weights:  74%|#######3  | 215/292 [00:00<00:00, 2862.58it/s, Materializing param=gpt_neox.layers.17.mlp.dense_4h_to_h.bias]
Loading weights:  74%|#######3  | 215/292 [00:00<00:00, 2860.36it/s, Materializing param=gpt_neox.layers.17.mlp.dense_4h_to_h.bias]
Loading weights:  74%|#######3  | 216/292 [00:00<00:00, 2869.68it/s, Materializing param=gpt_neox.layers.17.mlp.dense_4h_to_h.weight]
Loading weights:  74%|#######3  | 216/292 [00:00<00:00, 2867.46it/s, Materializing param=gpt_neox.layers.17.mlp.dense_4h_to_h.weight]
Loading weights:  74%|#######4  | 217/292 [00:00<00:00, 2876.76it/s, Materializing param=gpt_neox.layers.17.mlp.dense_h_to_4h.bias]  
Loading weights:  74%|#######4  | 217/292 [00:00<00:00, 2874.54it/s, Materializing param=gpt_neox.layers.17.mlp.dense_h_to_4h.bias]
Loading weights:  75%|#######4  | 218/292 [00:00<00:00, 2883.78it/s, Materializing param=gpt_neox.layers.17.mlp.dense_h_to_4h.weight]
Loading weights:  75%|#######4  | 218/292 [00:00<00:00, 2881.56it/s, Materializing param=gpt_neox.layers.17.mlp.dense_h_to_4h.weight]
Loading weights:  75%|#######5  | 219/292 [00:00<00:00, 2890.81it/s, Materializing param=gpt_neox.layers.17.post_attention_layernorm.bias]
Loading weights:  75%|#######5  | 219/292 [00:00<00:00, 2888.58it/s, Materializing param=gpt_neox.layers.17.post_attention_layernorm.bias]
Loading weights:  75%|#######5  | 220/292 [00:00<00:00, 2897.80it/s, Materializing param=gpt_neox.layers.17.post_attention_layernorm.weight]
Loading weights:  75%|#######5  | 220/292 [00:00<00:00, 2895.25it/s, Materializing param=gpt_neox.layers.17.post_attention_layernorm.weight]
Loading weights:  76%|#######5  | 221/292 [00:00<00:00, 2904.37it/s, Materializing param=gpt_neox.layers.18.attention.dense.bias]           
Loading weights:  76%|#######5  | 221/292 [00:00<00:00, 2902.07it/s, Materializing param=gpt_neox.layers.18.attention.dense.bias]
Loading weights:  76%|#######6  | 222/292 [00:00<00:00, 2911.01it/s, Materializing param=gpt_neox.layers.18.attention.dense.weight]
Loading weights:  76%|#######6  | 222/292 [00:00<00:00, 2908.81it/s, Materializing param=gpt_neox.layers.18.attention.dense.weight]
Loading weights:  76%|#######6  | 223/292 [00:00<00:00, 2917.96it/s, Materializing param=gpt_neox.layers.18.attention.query_key_value.bias]
Loading weights:  76%|#######6  | 223/292 [00:00<00:00, 2915.71it/s, Materializing param=gpt_neox.layers.18.attention.query_key_value.bias]
Loading weights:  77%|#######6  | 224/292 [00:00<00:00, 2924.80it/s, Materializing param=gpt_neox.layers.18.attention.query_key_value.weight]
Loading weights:  77%|#######6  | 224/292 [00:00<00:00, 2922.56it/s, Materializing param=gpt_neox.layers.18.attention.query_key_value.weight]
Loading weights:  77%|#######7  | 225/292 [00:00<00:00, 2931.62it/s, Materializing param=gpt_neox.layers.18.input_layernorm.bias]            
Loading weights:  77%|#######7  | 225/292 [00:00<00:00, 2929.40it/s, Materializing param=gpt_neox.layers.18.input_layernorm.bias]
Loading weights:  77%|#######7  | 226/292 [00:00<00:00, 2938.50it/s, Materializing param=gpt_neox.layers.18.input_layernorm.weight]
Loading weights:  77%|#######7  | 226/292 [00:00<00:00, 2936.28it/s, Materializing param=gpt_neox.layers.18.input_layernorm.weight]
Loading weights:  78%|#######7  | 227/292 [00:00<00:00, 2945.37it/s, Materializing param=gpt_neox.layers.18.mlp.dense_4h_to_h.bias]
Loading weights:  78%|#######7  | 227/292 [00:00<00:00, 2943.18it/s, Materializing param=gpt_neox.layers.18.mlp.dense_4h_to_h.bias]
Loading weights:  78%|#######8  | 228/292 [00:00<00:00, 2952.16it/s, Materializing param=gpt_neox.layers.18.mlp.dense_4h_to_h.weight]
Loading weights:  78%|#######8  | 228/292 [00:00<00:00, 2949.91it/s, Materializing param=gpt_neox.layers.18.mlp.dense_4h_to_h.weight]
Loading weights:  78%|#######8  | 229/292 [00:00<00:00, 2958.88it/s, Materializing param=gpt_neox.layers.18.mlp.dense_h_to_4h.bias]  
Loading weights:  78%|#######8  | 229/292 [00:00<00:00, 2956.58it/s, Materializing param=gpt_neox.layers.18.mlp.dense_h_to_4h.bias]
Loading weights:  79%|#######8  | 230/292 [00:00<00:00, 2965.25it/s, Materializing param=gpt_neox.layers.18.mlp.dense_h_to_4h.weight]
Loading weights:  79%|#######8  | 230/292 [00:00<00:00, 2963.03it/s, Materializing param=gpt_neox.layers.18.mlp.dense_h_to_4h.weight]
Loading weights:  79%|#######9  | 231/292 [00:00<00:00, 2971.99it/s, Materializing param=gpt_neox.layers.18.post_attention_layernorm.bias]
Loading weights:  79%|#######9  | 231/292 [00:00<00:00, 2969.77it/s, Materializing param=gpt_neox.layers.18.post_attention_layernorm.bias]
Loading weights:  79%|#######9  | 232/292 [00:00<00:00, 2978.69it/s, Materializing param=gpt_neox.layers.18.post_attention_layernorm.weight]
Loading weights:  79%|#######9  | 232/292 [00:00<00:00, 2976.24it/s, Materializing param=gpt_neox.layers.18.post_attention_layernorm.weight]
Loading weights:  80%|#######9  | 233/292 [00:00<00:00, 2985.11it/s, Materializing param=gpt_neox.layers.19.attention.dense.bias]           
Loading weights:  80%|#######9  | 233/292 [00:00<00:00, 2982.87it/s, Materializing param=gpt_neox.layers.19.attention.dense.bias]
Loading weights:  80%|########  | 234/292 [00:00<00:00, 2991.69it/s, Materializing param=gpt_neox.layers.19.attention.dense.weight]
Loading weights:  80%|########  | 234/292 [00:00<00:00, 2989.49it/s, Materializing param=gpt_neox.layers.19.attention.dense.weight]
Loading weights:  80%|########  | 235/292 [00:00<00:00, 2998.29it/s, Materializing param=gpt_neox.layers.19.attention.query_key_value.bias]
Loading weights:  80%|########  | 235/292 [00:00<00:00, 2996.04it/s, Materializing param=gpt_neox.layers.19.attention.query_key_value.bias]
Loading weights:  81%|########  | 236/292 [00:00<00:00, 3004.81it/s, Materializing param=gpt_neox.layers.19.attention.query_key_value.weight]
Loading weights:  81%|########  | 236/292 [00:00<00:00, 3002.47it/s, Materializing param=gpt_neox.layers.19.attention.query_key_value.weight]
Loading weights:  81%|########1 | 237/292 [00:00<00:00, 3010.99it/s, Materializing param=gpt_neox.layers.19.input_layernorm.bias]            
Loading weights:  81%|########1 | 237/292 [00:00<00:00, 3008.77it/s, Materializing param=gpt_neox.layers.19.input_layernorm.bias]
Loading weights:  82%|########1 | 238/292 [00:00<00:00, 3017.59it/s, Materializing param=gpt_neox.layers.19.input_layernorm.weight]
Loading weights:  82%|########1 | 238/292 [00:00<00:00, 3015.38it/s, Materializing param=gpt_neox.layers.19.input_layernorm.weight]
Loading weights:  82%|########1 | 239/292 [00:00<00:00, 3024.06it/s, Materializing param=gpt_neox.layers.19.mlp.dense_4h_to_h.bias]
Loading weights:  82%|########1 | 239/292 [00:00<00:00, 3021.85it/s, Materializing param=gpt_neox.layers.19.mlp.dense_4h_to_h.bias]
Loading weights:  82%|########2 | 240/292 [00:00<00:00, 3030.49it/s, Materializing param=gpt_neox.layers.19.mlp.dense_4h_to_h.weight]
Loading weights:  82%|########2 | 240/292 [00:00<00:00, 3028.28it/s, Materializing param=gpt_neox.layers.19.mlp.dense_4h_to_h.weight]
Loading weights:  83%|########2 | 241/292 [00:00<00:00, 3036.91it/s, Materializing param=gpt_neox.layers.19.mlp.dense_h_to_4h.bias]  
Loading weights:  83%|########2 | 241/292 [00:00<00:00, 3034.68it/s, Materializing param=gpt_neox.layers.19.mlp.dense_h_to_4h.bias]
Loading weights:  83%|########2 | 242/292 [00:00<00:00, 3043.30it/s, Materializing param=gpt_neox.layers.19.mlp.dense_h_to_4h.weight]
Loading weights:  83%|########2 | 242/292 [00:00<00:00, 3041.06it/s, Materializing param=gpt_neox.layers.19.mlp.dense_h_to_4h.weight]
Loading weights:  83%|########3 | 243/292 [00:00<00:00, 3049.72it/s, Materializing param=gpt_neox.layers.19.post_attention_layernorm.bias]
Loading weights:  83%|########3 | 243/292 [00:00<00:00, 3047.48it/s, Materializing param=gpt_neox.layers.19.post_attention_layernorm.bias]
Loading weights:  84%|########3 | 244/292 [00:00<00:00, 3056.10it/s, Materializing param=gpt_neox.layers.19.post_attention_layernorm.weight]
Loading weights:  84%|########3 | 244/292 [00:00<00:00, 3053.78it/s, Materializing param=gpt_neox.layers.19.post_attention_layernorm.weight]
Loading weights:  84%|########3 | 245/292 [00:00<00:00, 3061.92it/s, Materializing param=gpt_neox.layers.20.attention.dense.bias]           
Loading weights:  84%|########3 | 245/292 [00:00<00:00, 3059.69it/s, Materializing param=gpt_neox.layers.20.attention.dense.bias]
Loading weights:  84%|########4 | 246/292 [00:00<00:00, 3067.98it/s, Materializing param=gpt_neox.layers.20.attention.dense.weight]
Loading weights:  84%|########4 | 246/292 [00:00<00:00, 3064.26it/s, Materializing param=gpt_neox.layers.20.attention.dense.weight]
Loading weights:  85%|########4 | 247/292 [00:00<00:00, 3071.45it/s, Materializing param=gpt_neox.layers.20.attention.query_key_value.bias]
Loading weights:  85%|########4 | 247/292 [00:00<00:00, 3069.08it/s, Materializing param=gpt_neox.layers.20.attention.query_key_value.bias]
Loading weights:  85%|########4 | 248/292 [00:00<00:00, 3077.03it/s, Materializing param=gpt_neox.layers.20.attention.query_key_value.weight]
Loading weights:  85%|########4 | 248/292 [00:00<00:00, 3074.74it/s, Materializing param=gpt_neox.layers.20.attention.query_key_value.weight]
Loading weights:  85%|########5 | 249/292 [00:00<00:00, 3082.84it/s, Materializing param=gpt_neox.layers.20.input_layernorm.bias]            
Loading weights:  85%|########5 | 249/292 [00:00<00:00, 3080.57it/s, Materializing param=gpt_neox.layers.20.input_layernorm.bias]
Loading weights:  86%|########5 | 250/292 [00:00<00:00, 3088.83it/s, Materializing param=gpt_neox.layers.20.input_layernorm.weight]
Loading weights:  86%|########5 | 250/292 [00:00<00:00, 3086.58it/s, Materializing param=gpt_neox.layers.20.input_layernorm.weight]
Loading weights:  86%|########5 | 251/292 [00:00<00:00, 3095.01it/s, Materializing param=gpt_neox.layers.20.mlp.dense_4h_to_h.bias]
Loading weights:  86%|########5 | 251/292 [00:00<00:00, 3092.77it/s, Materializing param=gpt_neox.layers.20.mlp.dense_4h_to_h.bias]
Loading weights:  86%|########6 | 252/292 [00:00<00:00, 3100.95it/s, Materializing param=gpt_neox.layers.20.mlp.dense_4h_to_h.weight]
Loading weights:  86%|########6 | 252/292 [00:00<00:00, 3098.69it/s, Materializing param=gpt_neox.layers.20.mlp.dense_4h_to_h.weight]
Loading weights:  87%|########6 | 253/292 [00:00<00:00, 3106.95it/s, Materializing param=gpt_neox.layers.20.mlp.dense_h_to_4h.bias]  
Loading weights:  87%|########6 | 253/292 [00:00<00:00, 3104.73it/s, Materializing param=gpt_neox.layers.20.mlp.dense_h_to_4h.bias]
Loading weights:  87%|########6 | 254/292 [00:00<00:00, 3112.87it/s, Materializing param=gpt_neox.layers.20.mlp.dense_h_to_4h.weight]
Loading weights:  87%|########6 | 254/292 [00:00<00:00, 3110.63it/s, Materializing param=gpt_neox.layers.20.mlp.dense_h_to_4h.weight]
Loading weights:  87%|########7 | 255/292 [00:00<00:00, 3118.88it/s, Materializing param=gpt_neox.layers.20.post_attention_layernorm.bias]
Loading weights:  87%|########7 | 255/292 [00:00<00:00, 3116.64it/s, Materializing param=gpt_neox.layers.20.post_attention_layernorm.bias]
Loading weights:  88%|########7 | 256/292 [00:00<00:00, 3124.86it/s, Materializing param=gpt_neox.layers.20.post_attention_layernorm.weight]
Loading weights:  88%|########7 | 256/292 [00:00<00:00, 3122.30it/s, Materializing param=gpt_neox.layers.20.post_attention_layernorm.weight]
Loading weights:  88%|########8 | 257/292 [00:00<00:00, 3130.39it/s, Materializing param=gpt_neox.layers.21.attention.dense.bias]           
Loading weights:  88%|########8 | 257/292 [00:00<00:00, 3128.16it/s, Materializing param=gpt_neox.layers.21.attention.dense.bias]
Loading weights:  88%|########8 | 258/292 [00:00<00:00, 3136.24it/s, Materializing param=gpt_neox.layers.21.attention.dense.weight]
Loading weights:  88%|########8 | 258/292 [00:00<00:00, 3134.03it/s, Materializing param=gpt_neox.layers.21.attention.dense.weight]
Loading weights:  89%|########8 | 259/292 [00:00<00:00, 3142.19it/s, Materializing param=gpt_neox.layers.21.attention.query_key_value.bias]
Loading weights:  89%|########8 | 259/292 [00:00<00:00, 3139.94it/s, Materializing param=gpt_neox.layers.21.attention.query_key_value.bias]
Loading weights:  89%|########9 | 260/292 [00:00<00:00, 3148.05it/s, Materializing param=gpt_neox.layers.21.attention.query_key_value.weight]
Loading weights:  89%|########9 | 260/292 [00:00<00:00, 3145.82it/s, Materializing param=gpt_neox.layers.21.attention.query_key_value.weight]
Loading weights:  89%|########9 | 261/292 [00:00<00:00, 3153.78it/s, Materializing param=gpt_neox.layers.21.input_layernorm.bias]            
Loading weights:  89%|########9 | 261/292 [00:00<00:00, 3151.56it/s, Materializing param=gpt_neox.layers.21.input_layernorm.bias]
Loading weights:  90%|########9 | 262/292 [00:00<00:00, 3159.64it/s, Materializing param=gpt_neox.layers.21.input_layernorm.weight]
Loading weights:  90%|########9 | 262/292 [00:00<00:00, 3157.42it/s, Materializing param=gpt_neox.layers.21.input_layernorm.weight]
Loading weights:  90%|######### | 263/292 [00:00<00:00, 3165.59it/s, Materializing param=gpt_neox.layers.21.mlp.dense_4h_to_h.bias]
Loading weights:  90%|######### | 263/292 [00:00<00:00, 3163.42it/s, Materializing param=gpt_neox.layers.21.mlp.dense_4h_to_h.bias]
Loading weights:  90%|######### | 264/292 [00:00<00:00, 3171.51it/s, Materializing param=gpt_neox.layers.21.mlp.dense_4h_to_h.weight]
Loading weights:  90%|######### | 264/292 [00:00<00:00, 3169.31it/s, Materializing param=gpt_neox.layers.21.mlp.dense_4h_to_h.weight]
Loading weights:  91%|######### | 265/292 [00:00<00:00, 3177.42it/s, Materializing param=gpt_neox.layers.21.mlp.dense_h_to_4h.bias]  
Loading weights:  91%|######### | 265/292 [00:00<00:00, 3175.21it/s, Materializing param=gpt_neox.layers.21.mlp.dense_h_to_4h.bias]
Loading weights:  91%|#########1| 266/292 [00:00<00:00, 3179.93it/s, Materializing param=gpt_neox.layers.21.mlp.dense_h_to_4h.weight]
Loading weights:  91%|#########1| 266/292 [00:00<00:00, 3177.07it/s, Materializing param=gpt_neox.layers.21.mlp.dense_h_to_4h.weight]
Loading weights:  91%|#########1| 267/292 [00:00<00:00, 3181.16it/s, Materializing param=gpt_neox.layers.21.post_attention_layernorm.bias]
Loading weights:  91%|#########1| 267/292 [00:00<00:00, 3178.41it/s, Materializing param=gpt_neox.layers.21.post_attention_layernorm.bias]
Loading weights:  92%|#########1| 268/292 [00:00<00:00, 3185.54it/s, Materializing param=gpt_neox.layers.21.post_attention_layernorm.weight]
Loading weights:  92%|#########1| 268/292 [00:00<00:00, 3183.04it/s, Materializing param=gpt_neox.layers.21.post_attention_layernorm.weight]
Loading weights:  92%|#########2| 269/292 [00:00<00:00, 3190.52it/s, Materializing param=gpt_neox.layers.22.attention.dense.bias]           
Loading weights:  92%|#########2| 269/292 [00:00<00:00, 3188.21it/s, Materializing param=gpt_neox.layers.22.attention.dense.bias]
Loading weights:  92%|#########2| 270/292 [00:00<00:00, 3195.79it/s, Materializing param=gpt_neox.layers.22.attention.dense.weight]
Loading weights:  92%|#########2| 270/292 [00:00<00:00, 3193.53it/s, Materializing param=gpt_neox.layers.22.attention.dense.weight]
Loading weights:  93%|#########2| 271/292 [00:00<00:00, 3201.21it/s, Materializing param=gpt_neox.layers.22.attention.query_key_value.bias]
Loading weights:  93%|#########2| 271/292 [00:00<00:00, 3198.91it/s, Materializing param=gpt_neox.layers.22.attention.query_key_value.bias]
Loading weights:  93%|#########3| 272/292 [00:00<00:00, 3206.61it/s, Materializing param=gpt_neox.layers.22.attention.query_key_value.weight]
Loading weights:  93%|#########3| 272/292 [00:00<00:00, 3204.35it/s, Materializing param=gpt_neox.layers.22.attention.query_key_value.weight]
Loading weights:  93%|#########3| 273/292 [00:00<00:00, 3212.11it/s, Materializing param=gpt_neox.layers.22.input_layernorm.bias]            
Loading weights:  93%|#########3| 273/292 [00:00<00:00, 3209.91it/s, Materializing param=gpt_neox.layers.22.input_layernorm.bias]
Loading weights:  94%|#########3| 274/292 [00:00<00:00, 3217.56it/s, Materializing param=gpt_neox.layers.22.input_layernorm.weight]
Loading weights:  94%|#########3| 274/292 [00:00<00:00, 3215.32it/s, Materializing param=gpt_neox.layers.22.input_layernorm.weight]
Loading weights:  94%|#########4| 275/292 [00:00<00:00, 3222.76it/s, Materializing param=gpt_neox.layers.22.mlp.dense_4h_to_h.bias]
Loading weights:  94%|#########4| 275/292 [00:00<00:00, 3220.54it/s, Materializing param=gpt_neox.layers.22.mlp.dense_4h_to_h.bias]
Loading weights:  95%|#########4| 276/292 [00:00<00:00, 3228.25it/s, Materializing param=gpt_neox.layers.22.mlp.dense_4h_to_h.weight]
Loading weights:  95%|#########4| 276/292 [00:00<00:00, 3226.01it/s, Materializing param=gpt_neox.layers.22.mlp.dense_4h_to_h.weight]
Loading weights:  95%|#########4| 277/292 [00:00<00:00, 3233.79it/s, Materializing param=gpt_neox.layers.22.mlp.dense_h_to_4h.bias]  
Loading weights:  95%|#########4| 277/292 [00:00<00:00, 3231.60it/s, Materializing param=gpt_neox.layers.22.mlp.dense_h_to_4h.bias]
Loading weights:  95%|#########5| 278/292 [00:00<00:00, 3239.34it/s, Materializing param=gpt_neox.layers.22.mlp.dense_h_to_4h.weight]
Loading weights:  95%|#########5| 278/292 [00:00<00:00, 3237.13it/s, Materializing param=gpt_neox.layers.22.mlp.dense_h_to_4h.weight]
Loading weights:  96%|#########5| 279/292 [00:00<00:00, 3244.80it/s, Materializing param=gpt_neox.layers.22.post_attention_layernorm.bias]
Loading weights:  96%|#########5| 279/292 [00:00<00:00, 3242.58it/s, Materializing param=gpt_neox.layers.22.post_attention_layernorm.bias]
Loading weights:  96%|#########5| 280/292 [00:00<00:00, 3250.26it/s, Materializing param=gpt_neox.layers.22.post_attention_layernorm.weight]
Loading weights:  96%|#########5| 280/292 [00:00<00:00, 3247.95it/s, Materializing param=gpt_neox.layers.22.post_attention_layernorm.weight]
Loading weights:  96%|#########6| 281/292 [00:00<00:00, 3255.41it/s, Materializing param=gpt_neox.layers.23.attention.dense.bias]           
Loading weights:  96%|#########6| 281/292 [00:00<00:00, 3253.19it/s, Materializing param=gpt_neox.layers.23.attention.dense.bias]
Loading weights:  97%|#########6| 282/292 [00:00<00:00, 3260.78it/s, Materializing param=gpt_neox.layers.23.attention.dense.weight]
Loading weights:  97%|#########6| 282/292 [00:00<00:00, 3258.60it/s, Materializing param=gpt_neox.layers.23.attention.dense.weight]
Loading weights:  97%|#########6| 283/292 [00:00<00:00, 3266.23it/s, Materializing param=gpt_neox.layers.23.attention.query_key_value.bias]
Loading weights:  97%|#########6| 283/292 [00:00<00:00, 3264.00it/s, Materializing param=gpt_neox.layers.23.attention.query_key_value.bias]
Loading weights:  97%|#########7| 284/292 [00:00<00:00, 3271.63it/s, Materializing param=gpt_neox.layers.23.attention.query_key_value.weight]
Loading weights:  97%|#########7| 284/292 [00:00<00:00, 3269.39it/s, Materializing param=gpt_neox.layers.23.attention.query_key_value.weight]
Loading weights:  98%|#########7| 285/292 [00:00<00:00, 3276.80it/s, Materializing param=gpt_neox.layers.23.input_layernorm.bias]            
Loading weights:  98%|#########7| 285/292 [00:00<00:00, 3274.58it/s, Materializing param=gpt_neox.layers.23.input_layernorm.bias]
Loading weights:  98%|#########7| 286/292 [00:00<00:00, 3282.22it/s, Materializing param=gpt_neox.layers.23.input_layernorm.weight]
Loading weights:  98%|#########7| 286/292 [00:00<00:00, 3279.97it/s, Materializing param=gpt_neox.layers.23.input_layernorm.weight]
Loading weights:  98%|#########8| 287/292 [00:00<00:00, 3287.12it/s, Materializing param=gpt_neox.layers.23.mlp.dense_4h_to_h.bias]
Loading weights:  98%|#########8| 287/292 [00:00<00:00, 3284.90it/s, Materializing param=gpt_neox.layers.23.mlp.dense_4h_to_h.bias]
Loading weights:  99%|#########8| 288/292 [00:00<00:00, 3292.35it/s, Materializing param=gpt_neox.layers.23.mlp.dense_4h_to_h.weight]
Loading weights:  99%|#########8| 288/292 [00:00<00:00, 3290.09it/s, Materializing param=gpt_neox.layers.23.mlp.dense_4h_to_h.weight]
Loading weights:  99%|#########8| 289/292 [00:00<00:00, 3297.34it/s, Materializing param=gpt_neox.layers.23.mlp.dense_h_to_4h.bias]  
Loading weights:  99%|#########8| 289/292 [00:00<00:00, 3295.11it/s, Materializing param=gpt_neox.layers.23.mlp.dense_h_to_4h.bias]
Loading weights:  99%|#########9| 290/292 [00:00<00:00, 3302.53it/s, Materializing param=gpt_neox.layers.23.mlp.dense_h_to_4h.weight]
Loading weights:  99%|#########9| 290/292 [00:00<00:00, 3300.33it/s, Materializing param=gpt_neox.layers.23.mlp.dense_h_to_4h.weight]
Loading weights: 100%|#########9| 291/292 [00:00<00:00, 3307.68it/s, Materializing param=gpt_neox.layers.23.post_attention_layernorm.bias]
Loading weights: 100%|#########9| 291/292 [00:00<00:00, 3305.45it/s, Materializing param=gpt_neox.layers.23.post_attention_layernorm.bias]
Loading weights: 100%|##########| 292/292 [00:00<00:00, 3312.86it/s, Materializing param=gpt_neox.layers.23.post_attention_layernorm.weight]
Loading weights: 100%|##########| 292/292 [00:00<00:00, 3310.65it/s, Materializing param=gpt_neox.layers.23.post_attention_layernorm.weight]
Loading weights: 100%|##########| 292/292 [00:00<00:00, 3306.15it/s, Materializing param=gpt_neox.layers.23.post_attention_layernorm.weight]

Loading weights:   0%|          | 0/292 [00:00<?, ?it/s]
Loading weights:   0%|          | 1/292 [00:00<00:00, 44150.57it/s, Materializing param=embed_out.weight]
Loading weights:   0%|          | 1/292 [00:00<00:00, 9709.04it/s, Materializing param=embed_out.weight] 
Loading weights:   1%|          | 2/292 [00:00<00:00, 7981.55it/s, Materializing param=gpt_neox.embed_in.weight]
Loading weights:   1%|          | 2/292 [00:00<00:00, 6350.20it/s, Materializing param=gpt_neox.embed_in.weight]
Loading weights:   1%|1         | 3/292 [00:00<00:00, 6400.26it/s, Materializing param=gpt_neox.final_layer_norm.bias]
Loading weights:   1%|1         | 3/292 [00:00<00:00, 5480.36it/s, Materializing param=gpt_neox.final_layer_norm.bias]
Loading weights:   1%|1         | 4/292 [00:00<00:00, 5791.24it/s, Materializing param=gpt_neox.final_layer_norm.weight]
Loading weights:   1%|1         | 4/292 [00:00<00:00, 5295.84it/s, Materializing param=gpt_neox.final_layer_norm.weight]
Loading weights:   2%|1         | 5/292 [00:00<00:00, 2610.02it/s, Materializing param=gpt_neox.layers.0.attention.dense.bias]
Loading weights:   2%|1         | 5/292 [00:00<00:00, 1897.36it/s, Materializing param=gpt_neox.layers.0.attention.dense.bias]
Loading weights:   2%|2         | 6/292 [00:00<00:00, 1993.17it/s, Materializing param=gpt_neox.layers.0.attention.dense.weight]
Loading weights:   2%|2         | 6/292 [00:00<00:00, 1942.11it/s, Materializing param=gpt_neox.layers.0.attention.dense.weight]
Loading weights:   2%|2         | 7/292 [00:00<00:00, 2166.96it/s, Materializing param=gpt_neox.layers.0.attention.query_key_value.bias]
Loading weights:   2%|2         | 7/292 [00:00<00:00, 2013.86it/s, Materializing param=gpt_neox.layers.0.attention.query_key_value.bias]
Loading weights:   3%|2         | 8/292 [00:00<00:00, 1690.74it/s, Materializing param=gpt_neox.layers.0.attention.query_key_value.weight]
Loading weights:   3%|2         | 8/292 [00:00<00:00, 1485.56it/s, Materializing param=gpt_neox.layers.0.attention.query_key_value.weight]
Loading weights:   3%|3         | 9/292 [00:00<00:00, 1595.26it/s, Materializing param=gpt_neox.layers.0.input_layernorm.bias]            
Loading weights:   3%|3         | 9/292 [00:00<00:00, 1429.06it/s, Materializing param=gpt_neox.layers.0.input_layernorm.bias]
Loading weights:   3%|3         | 10/292 [00:00<00:00, 1496.36it/s, Materializing param=gpt_neox.layers.0.input_layernorm.weight]
Loading weights:   3%|3         | 10/292 [00:00<00:00, 1481.51it/s, Materializing param=gpt_neox.layers.0.input_layernorm.weight]
Loading weights:   4%|3         | 11/292 [00:00<00:00, 1560.49it/s, Materializing param=gpt_neox.layers.0.mlp.dense_4h_to_h.bias]
Loading weights:   4%|3         | 11/292 [00:00<00:00, 1546.11it/s, Materializing param=gpt_neox.layers.0.mlp.dense_4h_to_h.bias]
Loading weights:   4%|4         | 12/292 [00:00<00:00, 1622.92it/s, Materializing param=gpt_neox.layers.0.mlp.dense_4h_to_h.weight]
Loading weights:   4%|4         | 12/292 [00:00<00:00, 1608.81it/s, Materializing param=gpt_neox.layers.0.mlp.dense_4h_to_h.weight]
Loading weights:   4%|4         | 13/292 [00:00<00:00, 1664.30it/s, Materializing param=gpt_neox.layers.0.mlp.dense_h_to_4h.bias]  
Loading weights:   4%|4         | 13/292 [00:00<00:00, 1628.66it/s, Materializing param=gpt_neox.layers.0.mlp.dense_h_to_4h.bias]
Loading weights:   5%|4         | 14/292 [00:00<00:00, 1543.24it/s, Materializing param=gpt_neox.layers.0.mlp.dense_h_to_4h.weight]
Loading weights:   5%|4         | 14/292 [00:00<00:00, 1370.98it/s, Materializing param=gpt_neox.layers.0.mlp.dense_h_to_4h.weight]
Loading weights:   5%|5         | 15/292 [00:00<00:00, 1333.30it/s, Materializing param=gpt_neox.layers.0.post_attention_layernorm.bias]
Loading weights:   5%|5         | 15/292 [00:00<00:00, 1289.21it/s, Materializing param=gpt_neox.layers.0.post_attention_layernorm.bias]
Loading weights:   5%|5         | 16/292 [00:00<00:00, 1348.52it/s, Materializing param=gpt_neox.layers.0.post_attention_layernorm.weight]
Loading weights:   5%|5         | 16/292 [00:00<00:00, 1312.82it/s, Materializing param=gpt_neox.layers.0.post_attention_layernorm.weight]
Loading weights:   6%|5         | 17/292 [00:00<00:00, 1298.22it/s, Materializing param=gpt_neox.layers.1.attention.dense.bias]           
Loading weights:   6%|5         | 17/292 [00:00<00:00, 1284.76it/s, Materializing param=gpt_neox.layers.1.attention.dense.bias]
Loading weights:   6%|6         | 18/292 [00:00<00:00, 1323.36it/s, Materializing param=gpt_neox.layers.1.attention.dense.weight]
Loading weights:   6%|6         | 18/292 [00:00<00:00, 1301.99it/s, Materializing param=gpt_neox.layers.1.attention.dense.weight]
Loading weights:   7%|6         | 19/292 [00:00<00:00, 1334.42it/s, Materializing param=gpt_neox.layers.1.attention.query_key_value.bias]
Loading weights:   7%|6         | 19/292 [00:00<00:00, 1301.81it/s, Materializing param=gpt_neox.layers.1.attention.query_key_value.bias]
Loading weights:   7%|6         | 20/292 [00:00<00:00, 1269.54it/s, Materializing param=gpt_neox.layers.1.attention.query_key_value.weight]
Loading weights:   7%|6         | 20/292 [00:00<00:00, 1255.70it/s, Materializing param=gpt_neox.layers.1.attention.query_key_value.weight]
Loading weights:   7%|7         | 21/292 [00:00<00:00, 1288.52it/s, Materializing param=gpt_neox.layers.1.input_layernorm.bias]            
Loading weights:   7%|7         | 21/292 [00:00<00:00, 1204.96it/s, Materializing param=gpt_neox.layers.1.input_layernorm.bias]
Loading weights:   8%|7         | 22/292 [00:00<00:00, 1227.79it/s, Materializing param=gpt_neox.layers.1.input_layernorm.weight]
Loading weights:   8%|7         | 22/292 [00:00<00:00, 1217.73it/s, Materializing param=gpt_neox.layers.1.input_layernorm.weight]
Loading weights:   8%|7         | 23/292 [00:00<00:00, 1239.02it/s, Materializing param=gpt_neox.layers.1.mlp.dense_4h_to_h.bias]
Loading weights:   8%|7         | 23/292 [00:00<00:00, 1216.05it/s, Materializing param=gpt_neox.layers.1.mlp.dense_4h_to_h.bias]
Loading weights:   8%|8         | 24/292 [00:00<00:00, 1252.61it/s, Materializing param=gpt_neox.layers.1.mlp.dense_4h_to_h.weight]
Loading weights:   8%|8         | 24/292 [00:00<00:00, 1242.83it/s, Materializing param=gpt_neox.layers.1.mlp.dense_4h_to_h.weight]
Loading weights:   9%|8         | 25/292 [00:00<00:00, 1274.09it/s, Materializing param=gpt_neox.layers.1.mlp.dense_h_to_4h.bias]  
Loading weights:   9%|8         | 25/292 [00:00<00:00, 1269.60it/s, Materializing param=gpt_neox.layers.1.mlp.dense_h_to_4h.bias]
Loading weights:   9%|8         | 26/292 [00:00<00:00, 1309.49it/s, Materializing param=gpt_neox.layers.1.mlp.dense_h_to_4h.weight]
Loading weights:   9%|8         | 26/292 [00:00<00:00, 1305.18it/s, Materializing param=gpt_neox.layers.1.mlp.dense_h_to_4h.weight]
Loading weights:   9%|9         | 27/292 [00:00<00:00, 1344.79it/s, Materializing param=gpt_neox.layers.1.post_attention_layernorm.bias]
Loading weights:   9%|9         | 27/292 [00:00<00:00, 1340.52it/s, Materializing param=gpt_neox.layers.1.post_attention_layernorm.bias]
Loading weights:  10%|9         | 28/292 [00:00<00:00, 1334.19it/s, Materializing param=gpt_neox.layers.1.post_attention_layernorm.weight]
Loading weights:  10%|9         | 28/292 [00:00<00:00, 1330.00it/s, Materializing param=gpt_neox.layers.1.post_attention_layernorm.weight]
Loading weights:  10%|9         | 29/292 [00:00<00:00, 1343.33it/s, Materializing param=gpt_neox.layers.2.attention.dense.bias]           
Loading weights:  10%|9         | 29/292 [00:00<00:00, 1334.36it/s, Materializing param=gpt_neox.layers.2.attention.dense.bias]
Loading weights:  10%|#         | 30/292 [00:00<00:00, 1298.64it/s, Materializing param=gpt_neox.layers.2.attention.dense.weight]
Loading weights:  10%|#         | 30/292 [00:00<00:00, 1292.53it/s, Materializing param=gpt_neox.layers.2.attention.dense.weight]
Loading weights:  11%|#         | 31/292 [00:00<00:00, 1296.09it/s, Materializing param=gpt_neox.layers.2.attention.query_key_value.bias]
Loading weights:  11%|#         | 31/292 [00:00<00:00, 1280.70it/s, Materializing param=gpt_neox.layers.2.attention.query_key_value.bias]
Loading weights:  11%|#         | 32/292 [00:00<00:00, 1290.62it/s, Materializing param=gpt_neox.layers.2.attention.query_key_value.weight]
Loading weights:  11%|#         | 32/292 [00:00<00:00, 1267.84it/s, Materializing param=gpt_neox.layers.2.attention.query_key_value.weight]
Loading weights:  11%|#1        | 33/292 [00:00<00:00, 1283.60it/s, Materializing param=gpt_neox.layers.2.input_layernorm.bias]            
Loading weights:  11%|#1        | 33/292 [00:00<00:00, 1274.66it/s, Materializing param=gpt_neox.layers.2.input_layernorm.bias]
Loading weights:  12%|#1        | 34/292 [00:00<00:00, 1279.74it/s, Materializing param=gpt_neox.layers.2.input_layernorm.weight]
Loading weights:  12%|#1        | 34/292 [00:00<00:00, 1272.35it/s, Materializing param=gpt_neox.layers.2.input_layernorm.weight]
Loading weights:  12%|#1        | 35/292 [00:00<00:00, 1247.56it/s, Materializing param=gpt_neox.layers.2.mlp.dense_4h_to_h.bias]
Loading weights:  12%|#1        | 35/292 [00:00<00:00, 1235.31it/s, Materializing param=gpt_neox.layers.2.mlp.dense_4h_to_h.bias]
Loading weights:  12%|#2        | 36/292 [00:00<00:00, 1227.77it/s, Materializing param=gpt_neox.layers.2.mlp.dense_4h_to_h.weight]
Loading weights:  12%|#2        | 36/292 [00:00<00:00, 1212.21it/s, Materializing param=gpt_neox.layers.2.mlp.dense_4h_to_h.weight]
Loading weights:  13%|#2        | 37/292 [00:00<00:00, 1227.81it/s, Materializing param=gpt_neox.layers.2.mlp.dense_h_to_4h.bias]  
Loading weights:  13%|#2        | 37/292 [00:00<00:00, 1217.40it/s, Materializing param=gpt_neox.layers.2.mlp.dense_h_to_4h.bias]
Loading weights:  13%|#3        | 38/292 [00:00<00:00, 1243.28it/s, Materializing param=gpt_neox.layers.2.mlp.dense_h_to_4h.weight]
Loading weights:  13%|#3        | 38/292 [00:00<00:00, 1234.64it/s, Materializing param=gpt_neox.layers.2.mlp.dense_h_to_4h.weight]
Loading weights:  13%|#3        | 39/292 [00:00<00:00, 1249.41it/s, Materializing param=gpt_neox.layers.2.post_attention_layernorm.bias]
Loading weights:  13%|#3        | 39/292 [00:00<00:00, 1244.88it/s, Materializing param=gpt_neox.layers.2.post_attention_layernorm.bias]
Loading weights:  14%|#3        | 40/292 [00:00<00:00, 1270.86it/s, Materializing param=gpt_neox.layers.2.post_attention_layernorm.weight]
Loading weights:  14%|#3        | 40/292 [00:00<00:00, 1265.03it/s, Materializing param=gpt_neox.layers.2.post_attention_layernorm.weight]
Loading weights:  14%|#4        | 41/292 [00:00<00:00, 1290.94it/s, Materializing param=gpt_neox.layers.3.attention.dense.bias]           
Loading weights:  14%|#4        | 41/292 [00:00<00:00, 1288.41it/s, Materializing param=gpt_neox.layers.3.attention.dense.bias]
Loading weights:  14%|#4        | 42/292 [00:00<00:00, 1297.46it/s, Materializing param=gpt_neox.layers.3.attention.dense.weight]
Loading weights:  14%|#4        | 42/292 [00:00<00:00, 1291.71it/s, Materializing param=gpt_neox.layers.3.attention.dense.weight]
Loading weights:  15%|#4        | 43/292 [00:00<00:00, 1316.38it/s, Materializing param=gpt_neox.layers.3.attention.query_key_value.bias]
Loading weights:  15%|#4        | 43/292 [00:00<00:00, 1313.70it/s, Materializing param=gpt_neox.layers.3.attention.query_key_value.bias]
Loading weights:  15%|#5        | 44/292 [00:00<00:00, 1331.18it/s, Materializing param=gpt_neox.layers.3.attention.query_key_value.weight]
Loading weights:  15%|#5        | 44/292 [00:00<00:00, 1307.35it/s, Materializing param=gpt_neox.layers.3.attention.query_key_value.weight]
Loading weights:  15%|#5        | 45/292 [00:00<00:00, 1298.64it/s, Materializing param=gpt_neox.layers.3.input_layernorm.bias]            
Loading weights:  15%|#5        | 45/292 [00:00<00:00, 1288.80it/s, Materializing param=gpt_neox.layers.3.input_layernorm.bias]
Loading weights:  16%|#5        | 46/292 [00:00<00:00, 1311.63it/s, Materializing param=gpt_neox.layers.3.input_layernorm.weight]
Loading weights:  16%|#5        | 46/292 [00:00<00:00, 1308.26it/s, Materializing param=gpt_neox.layers.3.input_layernorm.weight]
Loading weights:  16%|#6        | 47/292 [00:00<00:00, 1330.47it/s, Materializing param=gpt_neox.layers.3.mlp.dense_4h_to_h.bias]
Loading weights:  16%|#6        | 47/292 [00:00<00:00, 1327.94it/s, Materializing param=gpt_neox.layers.3.mlp.dense_4h_to_h.bias]
Loading weights:  16%|#6        | 48/292 [00:00<00:00, 1351.78it/s, Materializing param=gpt_neox.layers.3.mlp.dense_4h_to_h.weight]
Loading weights:  16%|#6        | 48/292 [00:00<00:00, 1349.20it/s, Materializing param=gpt_neox.layers.3.mlp.dense_4h_to_h.weight]
Loading weights:  17%|#6        | 49/292 [00:00<00:00, 1372.97it/s, Materializing param=gpt_neox.layers.3.mlp.dense_h_to_4h.bias]  
Loading weights:  17%|#6        | 49/292 [00:00<00:00, 1370.63it/s, Materializing param=gpt_neox.layers.3.mlp.dense_h_to_4h.bias]
Loading weights:  17%|#7        | 50/292 [00:00<00:00, 1394.36it/s, Materializing param=gpt_neox.layers.3.mlp.dense_h_to_4h.weight]
Loading weights:  17%|#7        | 50/292 [00:00<00:00, 1392.01it/s, Materializing param=gpt_neox.layers.3.mlp.dense_h_to_4h.weight]
Loading weights:  17%|#7        | 51/292 [00:00<00:00, 1415.65it/s, Materializing param=gpt_neox.layers.3.post_attention_layernorm.bias]
Loading weights:  17%|#7        | 51/292 [00:00<00:00, 1413.19it/s, Materializing param=gpt_neox.layers.3.post_attention_layernorm.bias]
Loading weights:  18%|#7        | 52/292 [00:00<00:00, 1436.39it/s, Materializing param=gpt_neox.layers.3.post_attention_layernorm.weight]
Loading weights:  18%|#7        | 52/292 [00:00<00:00, 1433.93it/s, Materializing param=gpt_neox.layers.3.post_attention_layernorm.weight]
Loading weights:  18%|#8        | 53/292 [00:00<00:00, 1457.23it/s, Materializing param=gpt_neox.layers.4.attention.dense.bias]           
Loading weights:  18%|#8        | 53/292 [00:00<00:00, 1454.83it/s, Materializing param=gpt_neox.layers.4.attention.dense.bias]
Loading weights:  18%|#8        | 54/292 [00:00<00:00, 1477.46it/s, Materializing param=gpt_neox.layers.4.attention.dense.weight]
Loading weights:  18%|#8        | 54/292 [00:00<00:00, 1475.04it/s, Materializing param=gpt_neox.layers.4.attention.dense.weight]
Loading weights:  19%|#8        | 55/292 [00:00<00:00, 1497.70it/s, Materializing param=gpt_neox.layers.4.attention.query_key_value.bias]
Loading weights:  19%|#8        | 55/292 [00:00<00:00, 1495.15it/s, Materializing param=gpt_neox.layers.4.attention.query_key_value.bias]
Loading weights:  19%|#9        | 56/292 [00:00<00:00, 1517.78it/s, Materializing param=gpt_neox.layers.4.attention.query_key_value.weight]
Loading weights:  19%|#9        | 56/292 [00:00<00:00, 1515.25it/s, Materializing param=gpt_neox.layers.4.attention.query_key_value.weight]
Loading weights:  20%|#9        | 57/292 [00:00<00:00, 1537.71it/s, Materializing param=gpt_neox.layers.4.input_layernorm.bias]            
Loading weights:  20%|#9        | 57/292 [00:00<00:00, 1535.19it/s, Materializing param=gpt_neox.layers.4.input_layernorm.bias]
Loading weights:  20%|#9        | 58/292 [00:00<00:00, 1557.54it/s, Materializing param=gpt_neox.layers.4.input_layernorm.weight]
Loading weights:  20%|#9        | 58/292 [00:00<00:00, 1555.03it/s, Materializing param=gpt_neox.layers.4.input_layernorm.weight]
Loading weights:  20%|##        | 59/292 [00:00<00:00, 1577.37it/s, Materializing param=gpt_neox.layers.4.mlp.dense_4h_to_h.bias]
Loading weights:  20%|##        | 59/292 [00:00<00:00, 1574.90it/s, Materializing param=gpt_neox.layers.4.mlp.dense_4h_to_h.bias]
Loading weights:  21%|##        | 60/292 [00:00<00:00, 1596.41it/s, Materializing param=gpt_neox.layers.4.mlp.dense_4h_to_h.weight]
Loading weights:  21%|##        | 60/292 [00:00<00:00, 1593.79it/s, Materializing param=gpt_neox.layers.4.mlp.dense_4h_to_h.weight]
Loading weights:  21%|##        | 61/292 [00:00<00:00, 1615.82it/s, Materializing param=gpt_neox.layers.4.mlp.dense_h_to_4h.bias]  
Loading weights:  21%|##        | 61/292 [00:00<00:00, 1613.23it/s, Materializing param=gpt_neox.layers.4.mlp.dense_h_to_4h.bias]
Loading weights:  21%|##1       | 62/292 [00:00<00:00, 1634.99it/s, Materializing param=gpt_neox.layers.4.mlp.dense_h_to_4h.weight]
Loading weights:  21%|##1       | 62/292 [00:00<00:00, 1632.44it/s, Materializing param=gpt_neox.layers.4.mlp.dense_h_to_4h.weight]
Loading weights:  22%|##1       | 63/292 [00:00<00:00, 1654.06it/s, Materializing param=gpt_neox.layers.4.post_attention_layernorm.bias]
Loading weights:  22%|##1       | 63/292 [00:00<00:00, 1651.45it/s, Materializing param=gpt_neox.layers.4.post_attention_layernorm.bias]
Loading weights:  22%|##1       | 64/292 [00:00<00:00, 1673.03it/s, Materializing param=gpt_neox.layers.4.post_attention_layernorm.weight]
Loading weights:  22%|##1       | 64/292 [00:00<00:00, 1670.40it/s, Materializing param=gpt_neox.layers.4.post_attention_layernorm.weight]
Loading weights:  22%|##2       | 65/292 [00:00<00:00, 1691.91it/s, Materializing param=gpt_neox.layers.5.attention.dense.bias]           
Loading weights:  22%|##2       | 65/292 [00:00<00:00, 1689.32it/s, Materializing param=gpt_neox.layers.5.attention.dense.bias]
Loading weights:  23%|##2       | 66/292 [00:00<00:00, 1706.82it/s, Materializing param=gpt_neox.layers.5.attention.dense.weight]
Loading weights:  23%|##2       | 66/292 [00:00<00:00, 1704.08it/s, Materializing param=gpt_neox.layers.5.attention.dense.weight]
Loading weights:  23%|##2       | 67/292 [00:00<00:00, 1724.77it/s, Materializing param=gpt_neox.layers.5.attention.query_key_value.bias]
Loading weights:  23%|##2       | 67/292 [00:00<00:00, 1721.99it/s, Materializing param=gpt_neox.layers.5.attention.query_key_value.bias]
Loading weights:  23%|##3       | 68/292 [00:00<00:00, 1742.63it/s, Materializing param=gpt_neox.layers.5.attention.query_key_value.weight]
Loading weights:  23%|##3       | 68/292 [00:00<00:00, 1739.82it/s, Materializing param=gpt_neox.layers.5.attention.query_key_value.weight]
Loading weights:  24%|##3       | 69/292 [00:00<00:00, 1760.21it/s, Materializing param=gpt_neox.layers.5.input_layernorm.bias]            
Loading weights:  24%|##3       | 69/292 [00:00<00:00, 1757.35it/s, Materializing param=gpt_neox.layers.5.input_layernorm.bias]
Loading weights:  24%|##3       | 70/292 [00:00<00:00, 1777.32it/s, Materializing param=gpt_neox.layers.5.input_layernorm.weight]
Loading weights:  24%|##3       | 70/292 [00:00<00:00, 1774.60it/s, Materializing param=gpt_neox.layers.5.input_layernorm.weight]
Loading weights:  24%|##4       | 71/292 [00:00<00:00, 1793.69it/s, Materializing param=gpt_neox.layers.5.mlp.dense_4h_to_h.bias]
Loading weights:  24%|##4       | 71/292 [00:00<00:00, 1790.96it/s, Materializing param=gpt_neox.layers.5.mlp.dense_4h_to_h.bias]
Loading weights:  25%|##4       | 72/292 [00:00<00:00, 1811.07it/s, Materializing param=gpt_neox.layers.5.mlp.dense_4h_to_h.weight]
Loading weights:  25%|##4       | 72/292 [00:00<00:00, 1808.32it/s, Materializing param=gpt_neox.layers.5.mlp.dense_4h_to_h.weight]
Loading weights:  25%|##5       | 73/292 [00:00<00:00, 1828.61it/s, Materializing param=gpt_neox.layers.5.mlp.dense_h_to_4h.bias]  
Loading weights:  25%|##5       | 73/292 [00:00<00:00, 1825.80it/s, Materializing param=gpt_neox.layers.5.mlp.dense_h_to_4h.bias]
Loading weights:  25%|##5       | 74/292 [00:00<00:00, 1845.79it/s, Materializing param=gpt_neox.layers.5.mlp.dense_h_to_4h.weight]
Loading weights:  25%|##5       | 74/292 [00:00<00:00, 1843.06it/s, Materializing param=gpt_neox.layers.5.mlp.dense_h_to_4h.weight]
Loading weights:  26%|##5       | 75/292 [00:00<00:00, 1863.15it/s, Materializing param=gpt_neox.layers.5.post_attention_layernorm.bias]
Loading weights:  26%|##5       | 75/292 [00:00<00:00, 1860.39it/s, Materializing param=gpt_neox.layers.5.post_attention_layernorm.bias]
Loading weights:  26%|##6       | 76/292 [00:00<00:00, 1880.17it/s, Materializing param=gpt_neox.layers.5.post_attention_layernorm.weight]
Loading weights:  26%|##6       | 76/292 [00:00<00:00, 1877.41it/s, Materializing param=gpt_neox.layers.5.post_attention_layernorm.weight]
Loading weights:  26%|##6       | 77/292 [00:00<00:00, 1896.93it/s, Materializing param=gpt_neox.layers.6.attention.dense.bias]           
Loading weights:  26%|##6       | 77/292 [00:00<00:00, 1894.14it/s, Materializing param=gpt_neox.layers.6.attention.dense.bias]
Loading weights:  27%|##6       | 78/292 [00:00<00:00, 1913.56it/s, Materializing param=gpt_neox.layers.6.attention.dense.weight]
Loading weights:  27%|##6       | 78/292 [00:00<00:00, 1910.79it/s, Materializing param=gpt_neox.layers.6.attention.dense.weight]
Loading weights:  27%|##7       | 79/292 [00:00<00:00, 1930.28it/s, Materializing param=gpt_neox.layers.6.attention.query_key_value.bias]
Loading weights:  27%|##7       | 79/292 [00:00<00:00, 1927.45it/s, Materializing param=gpt_neox.layers.6.attention.query_key_value.bias]
Loading weights:  27%|##7       | 80/292 [00:00<00:00, 1946.75it/s, Materializing param=gpt_neox.layers.6.attention.query_key_value.weight]
Loading weights:  27%|##7       | 80/292 [00:00<00:00, 1943.91it/s, Materializing param=gpt_neox.layers.6.attention.query_key_value.weight]
Loading weights:  28%|##7       | 81/292 [00:00<00:00, 1963.14it/s, Materializing param=gpt_neox.layers.6.input_layernorm.bias]            
Loading weights:  28%|##7       | 81/292 [00:00<00:00, 1960.33it/s, Materializing param=gpt_neox.layers.6.input_layernorm.bias]
Loading weights:  28%|##8       | 82/292 [00:00<00:00, 1979.27it/s, Materializing param=gpt_neox.layers.6.input_layernorm.weight]
Loading weights:  28%|##8       | 82/292 [00:00<00:00, 1976.38it/s, Materializing param=gpt_neox.layers.6.input_layernorm.weight]
Loading weights:  28%|##8       | 83/292 [00:00<00:00, 1995.11it/s, Materializing param=gpt_neox.layers.6.mlp.dense_4h_to_h.bias]
Loading weights:  28%|##8       | 83/292 [00:00<00:00, 1992.26it/s, Materializing param=gpt_neox.layers.6.mlp.dense_4h_to_h.bias]
Loading weights:  29%|##8       | 84/292 [00:00<00:00, 2011.09it/s, Materializing param=gpt_neox.layers.6.mlp.dense_4h_to_h.weight]
Loading weights:  29%|##8       | 84/292 [00:00<00:00, 2008.25it/s, Materializing param=gpt_neox.layers.6.mlp.dense_4h_to_h.weight]
Loading weights:  29%|##9       | 85/292 [00:00<00:00, 2026.95it/s, Materializing param=gpt_neox.layers.6.mlp.dense_h_to_4h.bias]  
Loading weights:  29%|##9       | 85/292 [00:00<00:00, 2024.07it/s, Materializing param=gpt_neox.layers.6.mlp.dense_h_to_4h.bias]
Loading weights:  29%|##9       | 86/292 [00:00<00:00, 2042.72it/s, Materializing param=gpt_neox.layers.6.mlp.dense_h_to_4h.weight]
Loading weights:  29%|##9       | 86/292 [00:00<00:00, 2039.84it/s, Materializing param=gpt_neox.layers.6.mlp.dense_h_to_4h.weight]
Loading weights:  30%|##9       | 87/292 [00:00<00:00, 2058.28it/s, Materializing param=gpt_neox.layers.6.post_attention_layernorm.bias]
Loading weights:  30%|##9       | 87/292 [00:00<00:00, 2055.30it/s, Materializing param=gpt_neox.layers.6.post_attention_layernorm.bias]
Loading weights:  30%|###       | 88/292 [00:00<00:00, 2073.55it/s, Materializing param=gpt_neox.layers.6.post_attention_layernorm.weight]
Loading weights:  30%|###       | 88/292 [00:00<00:00, 2070.59it/s, Materializing param=gpt_neox.layers.6.post_attention_layernorm.weight]
Loading weights:  30%|###       | 89/292 [00:00<00:00, 2087.77it/s, Materializing param=gpt_neox.layers.7.attention.dense.bias]           
Loading weights:  30%|###       | 89/292 [00:00<00:00, 2084.76it/s, Materializing param=gpt_neox.layers.7.attention.dense.bias]
Loading weights:  31%|###       | 90/292 [00:00<00:00, 2102.71it/s, Materializing param=gpt_neox.layers.7.attention.dense.weight]
Loading weights:  31%|###       | 90/292 [00:00<00:00, 2099.82it/s, Materializing param=gpt_neox.layers.7.attention.dense.weight]
Loading weights:  31%|###1      | 91/292 [00:00<00:00, 2117.95it/s, Materializing param=gpt_neox.layers.7.attention.query_key_value.bias]
Loading weights:  31%|###1      | 91/292 [00:00<00:00, 2115.03it/s, Materializing param=gpt_neox.layers.7.attention.query_key_value.bias]
Loading weights:  32%|###1      | 92/292 [00:00<00:00, 2132.35it/s, Materializing param=gpt_neox.layers.7.attention.query_key_value.weight]
Loading weights:  32%|###1      | 92/292 [00:00<00:00, 2129.37it/s, Materializing param=gpt_neox.layers.7.attention.query_key_value.weight]
Loading weights:  32%|###1      | 93/292 [00:00<00:00, 2147.12it/s, Materializing param=gpt_neox.layers.7.input_layernorm.bias]            
Loading weights:  32%|###1      | 93/292 [00:00<00:00, 2144.12it/s, Materializing param=gpt_neox.layers.7.input_layernorm.bias]
Loading weights:  32%|###2      | 94/292 [00:00<00:00, 2161.46it/s, Materializing param=gpt_neox.layers.7.input_layernorm.weight]
Loading weights:  32%|###2      | 94/292 [00:00<00:00, 2158.53it/s, Materializing param=gpt_neox.layers.7.input_layernorm.weight]
Loading weights:  33%|###2      | 95/292 [00:00<00:00, 2176.19it/s, Materializing param=gpt_neox.layers.7.mlp.dense_4h_to_h.bias]
Loading weights:  33%|###2      | 95/292 [00:00<00:00, 2173.21it/s, Materializing param=gpt_neox.layers.7.mlp.dense_4h_to_h.bias]
Loading weights:  33%|###2      | 96/292 [00:00<00:00, 2190.53it/s, Materializing param=gpt_neox.layers.7.mlp.dense_4h_to_h.weight]
Loading weights:  33%|###2      | 96/292 [00:00<00:00, 2187.55it/s, Materializing param=gpt_neox.layers.7.mlp.dense_4h_to_h.weight]
Loading weights:  33%|###3      | 97/292 [00:00<00:00, 2204.97it/s, Materializing param=gpt_neox.layers.7.mlp.dense_h_to_4h.bias]  
Loading weights:  33%|###3      | 97/292 [00:00<00:00, 2201.76it/s, Materializing param=gpt_neox.layers.7.mlp.dense_h_to_4h.bias]
Loading weights:  34%|###3      | 98/292 [00:00<00:00, 2219.10it/s, Materializing param=gpt_neox.layers.7.mlp.dense_h_to_4h.weight]
Loading weights:  34%|###3      | 98/292 [00:00<00:00, 2216.11it/s, Materializing param=gpt_neox.layers.7.mlp.dense_h_to_4h.weight]
Loading weights:  34%|###3      | 99/292 [00:00<00:00, 2233.24it/s, Materializing param=gpt_neox.layers.7.post_attention_layernorm.bias]
Loading weights:  34%|###3      | 99/292 [00:00<00:00, 2230.25it/s, Materializing param=gpt_neox.layers.7.post_attention_layernorm.bias]
Loading weights:  34%|###4      | 100/292 [00:00<00:00, 2247.21it/s, Materializing param=gpt_neox.layers.7.post_attention_layernorm.weight]
Loading weights:  34%|###4      | 100/292 [00:00<00:00, 2244.19it/s, Materializing param=gpt_neox.layers.7.post_attention_layernorm.weight]
Loading weights:  35%|###4      | 101/292 [00:00<00:00, 2261.10it/s, Materializing param=gpt_neox.layers.8.attention.dense.bias]           
Loading weights:  35%|###4      | 101/292 [00:00<00:00, 2258.09it/s, Materializing param=gpt_neox.layers.8.attention.dense.bias]
Loading weights:  35%|###4      | 102/292 [00:00<00:00, 2274.98it/s, Materializing param=gpt_neox.layers.8.attention.dense.weight]
Loading weights:  35%|###4      | 102/292 [00:00<00:00, 2272.01it/s, Materializing param=gpt_neox.layers.8.attention.dense.weight]
Loading weights:  35%|###5      | 103/292 [00:00<00:00, 2288.91it/s, Materializing param=gpt_neox.layers.8.attention.query_key_value.bias]
Loading weights:  35%|###5      | 103/292 [00:00<00:00, 2285.47it/s, Materializing param=gpt_neox.layers.8.attention.query_key_value.bias]
Loading weights:  36%|###5      | 104/292 [00:00<00:00, 2301.96it/s, Materializing param=gpt_neox.layers.8.attention.query_key_value.weight]
Loading weights:  36%|###5      | 104/292 [00:00<00:00, 2298.94it/s, Materializing param=gpt_neox.layers.8.attention.query_key_value.weight]
Loading weights:  36%|###5      | 105/292 [00:00<00:00, 2315.66it/s, Materializing param=gpt_neox.layers.8.input_layernorm.bias]            
Loading weights:  36%|###5      | 105/292 [00:00<00:00, 2312.70it/s, Materializing param=gpt_neox.layers.8.input_layernorm.bias]
Loading weights:  36%|###6      | 106/292 [00:00<00:00, 2329.40it/s, Materializing param=gpt_neox.layers.8.input_layernorm.weight]
Loading weights:  36%|###6      | 106/292 [00:00<00:00, 2326.43it/s, Materializing param=gpt_neox.layers.8.input_layernorm.weight]
Loading weights:  37%|###6      | 107/292 [00:00<00:00, 2343.09it/s, Materializing param=gpt_neox.layers.8.mlp.dense_4h_to_h.bias]
Loading weights:  37%|###6      | 107/292 [00:00<00:00, 2340.12it/s, Materializing param=gpt_neox.layers.8.mlp.dense_4h_to_h.bias]
Loading weights:  37%|###6      | 108/292 [00:00<00:00, 2356.62it/s, Materializing param=gpt_neox.layers.8.mlp.dense_4h_to_h.weight]
Loading weights:  37%|###6      | 108/292 [00:00<00:00, 2353.63it/s, Materializing param=gpt_neox.layers.8.mlp.dense_4h_to_h.weight]
Loading weights:  37%|###7      | 109/292 [00:00<00:00, 2370.04it/s, Materializing param=gpt_neox.layers.8.mlp.dense_h_to_4h.bias]  
Loading weights:  37%|###7      | 109/292 [00:00<00:00, 2366.76it/s, Materializing param=gpt_neox.layers.8.mlp.dense_h_to_4h.bias]
Loading weights:  38%|###7      | 110/292 [00:00<00:00, 2382.93it/s, Materializing param=gpt_neox.layers.8.mlp.dense_h_to_4h.weight]
Loading weights:  38%|###7      | 110/292 [00:00<00:00, 2379.81it/s, Materializing param=gpt_neox.layers.8.mlp.dense_h_to_4h.weight]
Loading weights:  38%|###8      | 111/292 [00:00<00:00, 2395.71it/s, Materializing param=gpt_neox.layers.8.post_attention_layernorm.bias]
Loading weights:  38%|###8      | 111/292 [00:00<00:00, 2392.59it/s, Materializing param=gpt_neox.layers.8.post_attention_layernorm.bias]
Loading weights:  38%|###8      | 112/292 [00:00<00:00, 2408.59it/s, Materializing param=gpt_neox.layers.8.post_attention_layernorm.weight]
Loading weights:  38%|###8      | 112/292 [00:00<00:00, 2405.51it/s, Materializing param=gpt_neox.layers.8.post_attention_layernorm.weight]
Loading weights:  39%|###8      | 113/292 [00:00<00:00, 2421.55it/s, Materializing param=gpt_neox.layers.9.attention.dense.bias]           
Loading weights:  39%|###8      | 113/292 [00:00<00:00, 2418.48it/s, Materializing param=gpt_neox.layers.9.attention.dense.bias]
Loading weights:  39%|###9      | 114/292 [00:00<00:00, 2434.24it/s, Materializing param=gpt_neox.layers.9.attention.dense.weight]
Loading weights:  39%|###9      | 114/292 [00:00<00:00, 2431.18it/s, Materializing param=gpt_neox.layers.9.attention.dense.weight]
Loading weights:  39%|###9      | 115/292 [00:00<00:00, 2446.97it/s, Materializing param=gpt_neox.layers.9.attention.query_key_value.bias]
Loading weights:  39%|###9      | 115/292 [00:00<00:00, 2443.59it/s, Materializing param=gpt_neox.layers.9.attention.query_key_value.bias]
Loading weights:  40%|###9      | 116/292 [00:00<00:00, 2459.18it/s, Materializing param=gpt_neox.layers.9.attention.query_key_value.weight]
Loading weights:  40%|###9      | 116/292 [00:00<00:00, 2456.04it/s, Materializing param=gpt_neox.layers.9.attention.query_key_value.weight]
Loading weights:  40%|####      | 117/292 [00:00<00:00, 2471.59it/s, Materializing param=gpt_neox.layers.9.input_layernorm.bias]            
Loading weights:  40%|####      | 117/292 [00:00<00:00, 2468.54it/s, Materializing param=gpt_neox.layers.9.input_layernorm.bias]
Loading weights:  40%|####      | 118/292 [00:00<00:00, 2484.03it/s, Materializing param=gpt_neox.layers.9.input_layernorm.weight]
Loading weights:  40%|####      | 118/292 [00:00<00:00, 2480.90it/s, Materializing param=gpt_neox.layers.9.input_layernorm.weight]
Loading weights:  41%|####      | 119/292 [00:00<00:00, 2496.52it/s, Materializing param=gpt_neox.layers.9.mlp.dense_4h_to_h.bias]
Loading weights:  41%|####      | 119/292 [00:00<00:00, 2493.47it/s, Materializing param=gpt_neox.layers.9.mlp.dense_4h_to_h.bias]
Loading weights:  41%|####1     | 120/292 [00:00<00:00, 2508.87it/s, Materializing param=gpt_neox.layers.9.mlp.dense_4h_to_h.weight]
Loading weights:  41%|####1     | 120/292 [00:00<00:00, 2505.77it/s, Materializing param=gpt_neox.layers.9.mlp.dense_4h_to_h.weight]
Loading weights:  41%|####1     | 121/292 [00:00<00:00, 2521.17it/s, Materializing param=gpt_neox.layers.9.mlp.dense_h_to_4h.bias]  
Loading weights:  41%|####1     | 121/292 [00:00<00:00, 2517.86it/s, Materializing param=gpt_neox.layers.9.mlp.dense_h_to_4h.bias]
Loading weights:  42%|####1     | 122/292 [00:00<00:00, 2533.02it/s, Materializing param=gpt_neox.layers.9.mlp.dense_h_to_4h.weight]
Loading weights:  42%|####1     | 122/292 [00:00<00:00, 2529.95it/s, Materializing param=gpt_neox.layers.9.mlp.dense_h_to_4h.weight]
Loading weights:  42%|####2     | 123/292 [00:00<00:00, 2545.16it/s, Materializing param=gpt_neox.layers.9.post_attention_layernorm.bias]
Loading weights:  42%|####2     | 123/292 [00:00<00:00, 2542.05it/s, Materializing param=gpt_neox.layers.9.post_attention_layernorm.bias]
Loading weights:  42%|####2     | 124/292 [00:00<00:00, 2557.24it/s, Materializing param=gpt_neox.layers.9.post_attention_layernorm.weight]
Loading weights:  42%|####2     | 124/292 [00:00<00:00, 2554.16it/s, Materializing param=gpt_neox.layers.9.post_attention_layernorm.weight]
Loading weights:  43%|####2     | 125/292 [00:00<00:00, 2569.28it/s, Materializing param=gpt_neox.layers.10.attention.dense.bias]          
Loading weights:  43%|####2     | 125/292 [00:00<00:00, 2566.10it/s, Materializing param=gpt_neox.layers.10.attention.dense.bias]
Loading weights:  43%|####3     | 126/292 [00:00<00:00, 2580.61it/s, Materializing param=gpt_neox.layers.10.attention.dense.weight]
Loading weights:  43%|####3     | 126/292 [00:00<00:00, 2577.51it/s, Materializing param=gpt_neox.layers.10.attention.dense.weight]
Loading weights:  43%|####3     | 127/292 [00:00<00:00, 2592.31it/s, Materializing param=gpt_neox.layers.10.attention.query_key_value.bias]
Loading weights:  43%|####3     | 127/292 [00:00<00:00, 2588.85it/s, Materializing param=gpt_neox.layers.10.attention.query_key_value.bias]
Loading weights:  44%|####3     | 128/292 [00:00<00:00, 2603.36it/s, Materializing param=gpt_neox.layers.10.attention.query_key_value.weight]
Loading weights:  44%|####3     | 128/292 [00:00<00:00, 2600.16it/s, Materializing param=gpt_neox.layers.10.attention.query_key_value.weight]
Loading weights:  44%|####4     | 129/292 [00:00<00:00, 2614.89it/s, Materializing param=gpt_neox.layers.10.input_layernorm.bias]            
Loading weights:  44%|####4     | 129/292 [00:00<00:00, 2611.79it/s, Materializing param=gpt_neox.layers.10.input_layernorm.bias]
Loading weights:  45%|####4     | 130/292 [00:00<00:00, 2626.44it/s, Materializing param=gpt_neox.layers.10.input_layernorm.weight]
Loading weights:  45%|####4     | 130/292 [00:00<00:00, 2623.31it/s, Materializing param=gpt_neox.layers.10.input_layernorm.weight]
Loading weights:  45%|####4     | 131/292 [00:00<00:00, 2638.04it/s, Materializing param=gpt_neox.layers.10.mlp.dense_4h_to_h.bias]
Loading weights:  45%|####4     | 131/292 [00:00<00:00, 2634.95it/s, Materializing param=gpt_neox.layers.10.mlp.dense_4h_to_h.bias]
Loading weights:  45%|####5     | 132/292 [00:00<00:00, 2649.41it/s, Materializing param=gpt_neox.layers.10.mlp.dense_4h_to_h.weight]
Loading weights:  45%|####5     | 132/292 [00:00<00:00, 2646.29it/s, Materializing param=gpt_neox.layers.10.mlp.dense_4h_to_h.weight]
Loading weights:  46%|####5     | 133/292 [00:00<00:00, 2660.75it/s, Materializing param=gpt_neox.layers.10.mlp.dense_h_to_4h.bias]  
Loading weights:  46%|####5     | 133/292 [00:00<00:00, 2657.32it/s, Materializing param=gpt_neox.layers.10.mlp.dense_h_to_4h.bias]
Loading weights:  46%|####5     | 134/292 [00:00<00:00, 2671.28it/s, Materializing param=gpt_neox.layers.10.mlp.dense_h_to_4h.weight]
Loading weights:  46%|####5     | 134/292 [00:00<00:00, 2668.06it/s, Materializing param=gpt_neox.layers.10.mlp.dense_h_to_4h.weight]
Loading weights:  46%|####6     | 135/292 [00:00<00:00, 2682.19it/s, Materializing param=gpt_neox.layers.10.post_attention_layernorm.bias]
Loading weights:  46%|####6     | 135/292 [00:00<00:00, 2679.00it/s, Materializing param=gpt_neox.layers.10.post_attention_layernorm.bias]
Loading weights:  47%|####6     | 136/292 [00:00<00:00, 2693.07it/s, Materializing param=gpt_neox.layers.10.post_attention_layernorm.weight]
Loading weights:  47%|####6     | 136/292 [00:00<00:00, 2689.87it/s, Materializing param=gpt_neox.layers.10.post_attention_layernorm.weight]
Loading weights:  47%|####6     | 137/292 [00:00<00:00, 2703.71it/s, Materializing param=gpt_neox.layers.11.attention.dense.bias]           
Loading weights:  47%|####6     | 137/292 [00:00<00:00, 2700.51it/s, Materializing param=gpt_neox.layers.11.attention.dense.bias]
Loading weights:  47%|####7     | 138/292 [00:00<00:00, 2714.06it/s, Materializing param=gpt_neox.layers.11.attention.dense.weight]
Loading weights:  47%|####7     | 138/292 [00:00<00:00, 2711.09it/s, Materializing param=gpt_neox.layers.11.attention.dense.weight]
Loading weights:  48%|####7     | 139/292 [00:00<00:00, 2724.48it/s, Materializing param=gpt_neox.layers.11.attention.query_key_value.bias]
Loading weights:  48%|####7     | 139/292 [00:00<00:00, 2720.83it/s, Materializing param=gpt_neox.layers.11.attention.query_key_value.bias]
Loading weights:  48%|####7     | 140/292 [00:00<00:00, 2733.92it/s, Materializing param=gpt_neox.layers.11.attention.query_key_value.weight]
Loading weights:  48%|####7     | 140/292 [00:00<00:00, 2730.81it/s, Materializing param=gpt_neox.layers.11.attention.query_key_value.weight]
Loading weights:  48%|####8     | 141/292 [00:00<00:00, 2744.22it/s, Materializing param=gpt_neox.layers.11.input_layernorm.bias]            
Loading weights:  48%|####8     | 141/292 [00:00<00:00, 2741.20it/s, Materializing param=gpt_neox.layers.11.input_layernorm.bias]
Loading weights:  49%|####8     | 142/292 [00:00<00:00, 2755.12it/s, Materializing param=gpt_neox.layers.11.input_layernorm.weight]
Loading weights:  49%|####8     | 142/292 [00:00<00:00, 2751.94it/s, Materializing param=gpt_neox.layers.11.input_layernorm.weight]
Loading weights:  49%|####8     | 143/292 [00:00<00:00, 2765.40it/s, Materializing param=gpt_neox.layers.11.mlp.dense_4h_to_h.bias]
Loading weights:  49%|####8     | 143/292 [00:00<00:00, 2762.21it/s, Materializing param=gpt_neox.layers.11.mlp.dense_4h_to_h.bias]
Loading weights:  49%|####9     | 144/292 [00:00<00:00, 2775.54it/s, Materializing param=gpt_neox.layers.11.mlp.dense_4h_to_h.weight]
Loading weights:  49%|####9     | 144/292 [00:00<00:00, 2772.33it/s, Materializing param=gpt_neox.layers.11.mlp.dense_4h_to_h.weight]
Loading weights:  50%|####9     | 145/292 [00:00<00:00, 2785.30it/s, Materializing param=gpt_neox.layers.11.mlp.dense_h_to_4h.bias]  
Loading weights:  50%|####9     | 145/292 [00:00<00:00, 2782.02it/s, Materializing param=gpt_neox.layers.11.mlp.dense_h_to_4h.bias]
Loading weights:  50%|#####     | 146/292 [00:00<00:00, 2795.44it/s, Materializing param=gpt_neox.layers.11.mlp.dense_h_to_4h.weight]
Loading weights:  50%|#####     | 146/292 [00:00<00:00, 2792.22it/s, Materializing param=gpt_neox.layers.11.mlp.dense_h_to_4h.weight]
Loading weights:  50%|#####     | 147/292 [00:00<00:00, 2805.67it/s, Materializing param=gpt_neox.layers.11.post_attention_layernorm.bias]
Loading weights:  50%|#####     | 147/292 [00:00<00:00, 2802.46it/s, Materializing param=gpt_neox.layers.11.post_attention_layernorm.bias]
Loading weights:  51%|#####     | 148/292 [00:00<00:00, 2815.79it/s, Materializing param=gpt_neox.layers.11.post_attention_layernorm.weight]
Loading weights:  51%|#####     | 148/292 [00:00<00:00, 2812.61it/s, Materializing param=gpt_neox.layers.11.post_attention_layernorm.weight]
Loading weights:  51%|#####1    | 149/292 [00:00<00:00, 2825.93it/s, Materializing param=gpt_neox.layers.12.attention.dense.bias]           
Loading weights:  51%|#####1    | 149/292 [00:00<00:00, 2822.80it/s, Materializing param=gpt_neox.layers.12.attention.dense.bias]
Loading weights:  51%|#####1    | 150/292 [00:00<00:00, 2835.99it/s, Materializing param=gpt_neox.layers.12.attention.dense.weight]
Loading weights:  51%|#####1    | 150/292 [00:00<00:00, 2832.84it/s, Materializing param=gpt_neox.layers.12.attention.dense.weight]
Loading weights:  52%|#####1    | 151/292 [00:00<00:00, 2845.77it/s, Materializing param=gpt_neox.layers.12.attention.query_key_value.bias]
Loading weights:  52%|#####1    | 151/292 [00:00<00:00, 2842.55it/s, Materializing param=gpt_neox.layers.12.attention.query_key_value.bias]
Loading weights:  52%|#####2    | 152/292 [00:00<00:00, 2855.56it/s, Materializing param=gpt_neox.layers.12.attention.query_key_value.weight]
Loading weights:  52%|#####2    | 152/292 [00:00<00:00, 2852.27it/s, Materializing param=gpt_neox.layers.12.attention.query_key_value.weight]
Loading weights:  52%|#####2    | 153/292 [00:00<00:00, 2864.97it/s, Materializing param=gpt_neox.layers.12.input_layernorm.bias]            
Loading weights:  52%|#####2    | 153/292 [00:00<00:00, 2861.83it/s, Materializing param=gpt_neox.layers.12.input_layernorm.bias]
Loading weights:  53%|#####2    | 154/292 [00:00<00:00, 2874.95it/s, Materializing param=gpt_neox.layers.12.input_layernorm.weight]
Loading weights:  53%|#####2    | 154/292 [00:00<00:00, 2871.79it/s, Materializing param=gpt_neox.layers.12.input_layernorm.weight]
Loading weights:  53%|#####3    | 155/292 [00:00<00:00, 2884.81it/s, Materializing param=gpt_neox.layers.12.mlp.dense_4h_to_h.bias]
Loading weights:  53%|#####3    | 155/292 [00:00<00:00, 2881.70it/s, Materializing param=gpt_neox.layers.12.mlp.dense_4h_to_h.bias]
Loading weights:  53%|#####3    | 156/292 [00:00<00:00, 2894.39it/s, Materializing param=gpt_neox.layers.12.mlp.dense_4h_to_h.weight]
Loading weights:  53%|#####3    | 156/292 [00:00<00:00, 2891.23it/s, Materializing param=gpt_neox.layers.12.mlp.dense_4h_to_h.weight]
Loading weights:  54%|#####3    | 157/292 [00:00<00:00, 2892.76it/s, Materializing param=gpt_neox.layers.12.mlp.dense_h_to_4h.bias]  
Loading weights:  54%|#####3    | 157/292 [00:00<00:00, 2887.99it/s, Materializing param=gpt_neox.layers.12.mlp.dense_h_to_4h.bias]
Loading weights:  54%|#####4    | 158/292 [00:00<00:00, 2898.80it/s, Materializing param=gpt_neox.layers.12.mlp.dense_h_to_4h.weight]
Loading weights:  54%|#####4    | 158/292 [00:00<00:00, 2895.32it/s, Materializing param=gpt_neox.layers.12.mlp.dense_h_to_4h.weight]
Loading weights:  54%|#####4    | 159/292 [00:00<00:00, 2907.45it/s, Materializing param=gpt_neox.layers.12.post_attention_layernorm.bias]
Loading weights:  54%|#####4    | 159/292 [00:00<00:00, 2904.30it/s, Materializing param=gpt_neox.layers.12.post_attention_layernorm.bias]
Loading weights:  55%|#####4    | 160/292 [00:00<00:00, 2914.95it/s, Materializing param=gpt_neox.layers.12.post_attention_layernorm.weight]
Loading weights:  55%|#####4    | 160/292 [00:00<00:00, 2911.40it/s, Materializing param=gpt_neox.layers.12.post_attention_layernorm.weight]
Loading weights:  55%|#####5    | 161/292 [00:00<00:00, 2923.58it/s, Materializing param=gpt_neox.layers.13.attention.dense.bias]           
Loading weights:  55%|#####5    | 161/292 [00:00<00:00, 2920.38it/s, Materializing param=gpt_neox.layers.13.attention.dense.bias]
Loading weights:  55%|#####5    | 162/292 [00:00<00:00, 2930.37it/s, Materializing param=gpt_neox.layers.13.attention.dense.weight]
Loading weights:  55%|#####5    | 162/292 [00:00<00:00, 2925.68it/s, Materializing param=gpt_neox.layers.13.attention.dense.weight]
Loading weights:  56%|#####5    | 163/292 [00:00<00:00, 2935.37it/s, Materializing param=gpt_neox.layers.13.attention.query_key_value.bias]
Loading weights:  56%|#####5    | 163/292 [00:00<00:00, 2931.39it/s, Materializing param=gpt_neox.layers.13.attention.query_key_value.bias]
Loading weights:  56%|#####6    | 164/292 [00:00<00:00, 2943.01it/s, Materializing param=gpt_neox.layers.13.attention.query_key_value.weight]
Loading weights:  56%|#####6    | 164/292 [00:00<00:00, 2939.80it/s, Materializing param=gpt_neox.layers.13.attention.query_key_value.weight]
Loading weights:  57%|#####6    | 165/292 [00:00<00:00, 2951.90it/s, Materializing param=gpt_neox.layers.13.input_layernorm.bias]            
Loading weights:  57%|#####6    | 165/292 [00:00<00:00, 2948.90it/s, Materializing param=gpt_neox.layers.13.input_layernorm.bias]
Loading weights:  57%|#####6    | 166/292 [00:00<00:00, 2961.27it/s, Materializing param=gpt_neox.layers.13.input_layernorm.weight]
Loading weights:  57%|#####6    | 166/292 [00:00<00:00, 2958.32it/s, Materializing param=gpt_neox.layers.13.input_layernorm.weight]
Loading weights:  57%|#####7    | 167/292 [00:00<00:00, 2970.73it/s, Materializing param=gpt_neox.layers.13.mlp.dense_4h_to_h.bias]
Loading weights:  57%|#####7    | 167/292 [00:00<00:00, 2967.84it/s, Materializing param=gpt_neox.layers.13.mlp.dense_4h_to_h.bias]
Loading weights:  58%|#####7    | 168/292 [00:00<00:00, 2980.13it/s, Materializing param=gpt_neox.layers.13.mlp.dense_4h_to_h.weight]
Loading weights:  58%|#####7    | 168/292 [00:00<00:00, 2977.24it/s, Materializing param=gpt_neox.layers.13.mlp.dense_4h_to_h.weight]
Loading weights:  58%|#####7    | 169/292 [00:00<00:00, 2989.66it/s, Materializing param=gpt_neox.layers.13.mlp.dense_h_to_4h.bias]  
Loading weights:  58%|#####7    | 169/292 [00:00<00:00, 2986.57it/s, Materializing param=gpt_neox.layers.13.mlp.dense_h_to_4h.bias]
Loading weights:  58%|#####8    | 170/292 [00:00<00:00, 2998.83it/s, Materializing param=gpt_neox.layers.13.mlp.dense_h_to_4h.weight]
Loading weights:  58%|#####8    | 170/292 [00:00<00:00, 2995.73it/s, Materializing param=gpt_neox.layers.13.mlp.dense_h_to_4h.weight]
Loading weights:  59%|#####8    | 171/292 [00:00<00:00, 3007.64it/s, Materializing param=gpt_neox.layers.13.post_attention_layernorm.bias]
Loading weights:  59%|#####8    | 171/292 [00:00<00:00, 3004.50it/s, Materializing param=gpt_neox.layers.13.post_attention_layernorm.bias]
Loading weights:  59%|#####8    | 172/292 [00:00<00:00, 3016.08it/s, Materializing param=gpt_neox.layers.13.post_attention_layernorm.weight]
Loading weights:  59%|#####8    | 172/292 [00:00<00:00, 3012.92it/s, Materializing param=gpt_neox.layers.13.post_attention_layernorm.weight]
Loading weights:  59%|#####9    | 173/292 [00:00<00:00, 3024.82it/s, Materializing param=gpt_neox.layers.14.attention.dense.bias]           
Loading weights:  59%|#####9    | 173/292 [00:00<00:00, 3021.71it/s, Materializing param=gpt_neox.layers.14.attention.dense.bias]
Loading weights:  60%|#####9    | 174/292 [00:00<00:00, 3033.40it/s, Materializing param=gpt_neox.layers.14.attention.dense.weight]
Loading weights:  60%|#####9    | 174/292 [00:00<00:00, 3030.26it/s, Materializing param=gpt_neox.layers.14.attention.dense.weight]
Loading weights:  60%|#####9    | 175/292 [00:00<00:00, 3042.05it/s, Materializing param=gpt_neox.layers.14.attention.query_key_value.bias]
Loading weights:  60%|#####9    | 175/292 [00:00<00:00, 3038.83it/s, Materializing param=gpt_neox.layers.14.attention.query_key_value.bias]
Loading weights:  60%|######    | 176/292 [00:00<00:00, 3050.47it/s, Materializing param=gpt_neox.layers.14.attention.query_key_value.weight]
Loading weights:  60%|######    | 176/292 [00:00<00:00, 3047.29it/s, Materializing param=gpt_neox.layers.14.attention.query_key_value.weight]
Loading weights:  61%|######    | 177/292 [00:00<00:00, 3059.11it/s, Materializing param=gpt_neox.layers.14.input_layernorm.bias]            
Loading weights:  61%|######    | 177/292 [00:00<00:00, 3056.23it/s, Materializing param=gpt_neox.layers.14.input_layernorm.bias]
Loading weights:  61%|######    | 178/292 [00:00<00:00, 3068.20it/s, Materializing param=gpt_neox.layers.14.input_layernorm.weight]
Loading weights:  61%|######    | 178/292 [00:00<00:00, 3065.13it/s, Materializing param=gpt_neox.layers.14.input_layernorm.weight]
Loading weights:  61%|######1   | 179/292 [00:00<00:00, 3076.91it/s, Materializing param=gpt_neox.layers.14.mlp.dense_4h_to_h.bias]
Loading weights:  61%|######1   | 179/292 [00:00<00:00, 3073.84it/s, Materializing param=gpt_neox.layers.14.mlp.dense_4h_to_h.bias]
Loading weights:  62%|######1   | 180/292 [00:00<00:00, 3085.07it/s, Materializing param=gpt_neox.layers.14.mlp.dense_4h_to_h.weight]
Loading weights:  62%|######1   | 180/292 [00:00<00:00, 3081.89it/s, Materializing param=gpt_neox.layers.14.mlp.dense_4h_to_h.weight]
Loading weights:  62%|######1   | 181/292 [00:00<00:00, 3093.45it/s, Materializing param=gpt_neox.layers.14.mlp.dense_h_to_4h.bias]  
Loading weights:  62%|######1   | 181/292 [00:00<00:00, 3090.41it/s, Materializing param=gpt_neox.layers.14.mlp.dense_h_to_4h.bias]
Loading weights:  62%|######2   | 182/292 [00:00<00:00, 3102.04it/s, Materializing param=gpt_neox.layers.14.mlp.dense_h_to_4h.weight]
Loading weights:  62%|######2   | 182/292 [00:00<00:00, 3099.00it/s, Materializing param=gpt_neox.layers.14.mlp.dense_h_to_4h.weight]
Loading weights:  63%|######2   | 183/292 [00:00<00:00, 3110.51it/s, Materializing param=gpt_neox.layers.14.post_attention_layernorm.bias]
Loading weights:  63%|######2   | 183/292 [00:00<00:00, 3107.39it/s, Materializing param=gpt_neox.layers.14.post_attention_layernorm.bias]
Loading weights:  63%|######3   | 184/292 [00:00<00:00, 3112.09it/s, Materializing param=gpt_neox.layers.14.post_attention_layernorm.weight]
Loading weights:  63%|######3   | 184/292 [00:00<00:00, 3102.30it/s, Materializing param=gpt_neox.layers.14.post_attention_layernorm.weight]
Loading weights:  63%|######3   | 185/292 [00:00<00:00, 3096.45it/s, Materializing param=gpt_neox.layers.15.attention.dense.bias]           
Loading weights:  63%|######3   | 185/292 [00:00<00:00, 3089.06it/s, Materializing param=gpt_neox.layers.15.attention.dense.bias]
Loading weights:  64%|######3   | 186/292 [00:00<00:00, 3093.11it/s, Materializing param=gpt_neox.layers.15.attention.dense.weight]
Loading weights:  64%|######3   | 186/292 [00:00<00:00, 3087.73it/s, Materializing param=gpt_neox.layers.15.attention.dense.weight]
Loading weights:  64%|######4   | 187/292 [00:00<00:00, 3080.09it/s, Materializing param=gpt_neox.layers.15.attention.query_key_value.bias]
Loading weights:  64%|######4   | 187/292 [00:00<00:00, 3072.81it/s, Materializing param=gpt_neox.layers.15.attention.query_key_value.bias]
Loading weights:  64%|######4   | 188/292 [00:00<00:00, 3075.97it/s, Materializing param=gpt_neox.layers.15.attention.query_key_value.weight]
Loading weights:  64%|######4   | 188/292 [00:00<00:00, 3057.83it/s, Materializing param=gpt_neox.layers.15.attention.query_key_value.weight]
Loading weights:  65%|######4   | 189/292 [00:00<00:00, 3062.01it/s, Materializing param=gpt_neox.layers.15.input_layernorm.bias]            
Loading weights:  65%|######4   | 189/292 [00:00<00:00, 3055.13it/s, Materializing param=gpt_neox.layers.15.input_layernorm.bias]
Loading weights:  65%|######5   | 190/292 [00:00<00:00, 3050.51it/s, Materializing param=gpt_neox.layers.15.input_layernorm.weight]
Loading weights:  65%|######5   | 190/292 [00:00<00:00, 3043.68it/s, Materializing param=gpt_neox.layers.15.input_layernorm.weight]
Loading weights:  65%|######5   | 191/292 [00:00<00:00, 3048.39it/s, Materializing param=gpt_neox.layers.15.mlp.dense_4h_to_h.bias]
Loading weights:  65%|######5   | 191/292 [00:00<00:00, 3043.02it/s, Materializing param=gpt_neox.layers.15.mlp.dense_4h_to_h.bias]
Loading weights:  66%|######5   | 192/292 [00:00<00:00, 3051.00it/s, Materializing param=gpt_neox.layers.15.mlp.dense_4h_to_h.weight]
Loading weights:  66%|######5   | 192/292 [00:00<00:00, 3048.01it/s, Materializing param=gpt_neox.layers.15.mlp.dense_4h_to_h.weight]
Loading weights:  66%|######6   | 193/292 [00:00<00:00, 3058.57it/s, Materializing param=gpt_neox.layers.15.mlp.dense_h_to_4h.bias]  
Loading weights:  66%|######6   | 193/292 [00:00<00:00, 3048.65it/s, Materializing param=gpt_neox.layers.15.mlp.dense_h_to_4h.bias]
Loading weights:  66%|######6   | 194/292 [00:00<00:00, 3046.43it/s, Materializing param=gpt_neox.layers.15.mlp.dense_h_to_4h.weight]
Loading weights:  66%|######6   | 194/292 [00:00<00:00, 3036.55it/s, Materializing param=gpt_neox.layers.15.mlp.dense_h_to_4h.weight]
Loading weights:  67%|######6   | 195/292 [00:00<00:00, 3034.90it/s, Materializing param=gpt_neox.layers.15.post_attention_layernorm.bias]
Loading weights:  67%|######6   | 195/292 [00:00<00:00, 3030.09it/s, Materializing param=gpt_neox.layers.15.post_attention_layernorm.bias]
Loading weights:  67%|######7   | 196/292 [00:00<00:00, 3029.65it/s, Materializing param=gpt_neox.layers.15.post_attention_layernorm.weight]
Loading weights:  67%|######7   | 196/292 [00:00<00:00, 3018.24it/s, Materializing param=gpt_neox.layers.15.post_attention_layernorm.weight]
Loading weights:  67%|######7   | 197/292 [00:00<00:00, 3028.00it/s, Materializing param=gpt_neox.layers.16.attention.dense.bias]           
Loading weights:  67%|######7   | 197/292 [00:00<00:00, 3022.46it/s, Materializing param=gpt_neox.layers.16.attention.dense.bias]
Loading weights:  68%|######7   | 198/292 [00:00<00:00, 3030.12it/s, Materializing param=gpt_neox.layers.16.attention.dense.weight]
Loading weights:  68%|######7   | 198/292 [00:00<00:00, 3017.98it/s, Materializing param=gpt_neox.layers.16.attention.dense.weight]
Loading weights:  68%|######8   | 199/292 [00:00<00:00, 3010.79it/s, Materializing param=gpt_neox.layers.16.attention.query_key_value.bias]
Loading weights:  68%|######8   | 199/292 [00:00<00:00, 3004.09it/s, Materializing param=gpt_neox.layers.16.attention.query_key_value.bias]
Loading weights:  68%|######8   | 200/292 [00:00<00:00, 3008.59it/s, Materializing param=gpt_neox.layers.16.attention.query_key_value.weight]
Loading weights:  68%|######8   | 200/292 [00:00<00:00, 2998.04it/s, Materializing param=gpt_neox.layers.16.attention.query_key_value.weight]
Loading weights:  69%|######8   | 201/292 [00:00<00:00, 2997.89it/s, Materializing param=gpt_neox.layers.16.input_layernorm.bias]            
Loading weights:  69%|######8   | 201/292 [00:00<00:00, 2984.31it/s, Materializing param=gpt_neox.layers.16.input_layernorm.bias]
Loading weights:  69%|######9   | 202/292 [00:00<00:00, 2986.79it/s, Materializing param=gpt_neox.layers.16.input_layernorm.weight]
Loading weights:  69%|######9   | 202/292 [00:00<00:00, 2976.14it/s, Materializing param=gpt_neox.layers.16.input_layernorm.weight]
Loading weights:  70%|######9   | 203/292 [00:00<00:00, 2980.59it/s, Materializing param=gpt_neox.layers.16.mlp.dense_4h_to_h.bias]
Loading weights:  70%|######9   | 203/292 [00:00<00:00, 2973.04it/s, Materializing param=gpt_neox.layers.16.mlp.dense_4h_to_h.bias]
Loading weights:  70%|######9   | 204/292 [00:00<00:00, 2967.02it/s, Materializing param=gpt_neox.layers.16.mlp.dense_4h_to_h.weight]
Loading weights:  70%|######9   | 204/292 [00:00<00:00, 2962.54it/s, Materializing param=gpt_neox.layers.16.mlp.dense_4h_to_h.weight]
Loading weights:  70%|#######   | 205/292 [00:00<00:00, 2965.30it/s, Materializing param=gpt_neox.layers.16.mlp.dense_h_to_4h.bias]  
Loading weights:  70%|#######   | 205/292 [00:00<00:00, 2960.96it/s, Materializing param=gpt_neox.layers.16.mlp.dense_h_to_4h.bias]
Loading weights:  71%|#######   | 206/292 [00:00<00:00, 2958.57it/s, Materializing param=gpt_neox.layers.16.mlp.dense_h_to_4h.weight]
Loading weights:  71%|#######   | 206/292 [00:00<00:00, 2954.16it/s, Materializing param=gpt_neox.layers.16.mlp.dense_h_to_4h.weight]
Loading weights:  71%|#######   | 207/292 [00:00<00:00, 2957.02it/s, Materializing param=gpt_neox.layers.16.post_attention_layernorm.bias]
Loading weights:  71%|#######   | 207/292 [00:00<00:00, 2950.53it/s, Materializing param=gpt_neox.layers.16.post_attention_layernorm.bias]
Loading weights:  71%|#######1  | 208/292 [00:00<00:00, 2956.37it/s, Materializing param=gpt_neox.layers.16.post_attention_layernorm.weight]
Loading weights:  71%|#######1  | 208/292 [00:00<00:00, 2952.99it/s, Materializing param=gpt_neox.layers.16.post_attention_layernorm.weight]
Loading weights:  72%|#######1  | 209/292 [00:00<00:00, 2958.40it/s, Materializing param=gpt_neox.layers.17.attention.dense.bias]           
Loading weights:  72%|#######1  | 209/292 [00:00<00:00, 2954.95it/s, Materializing param=gpt_neox.layers.17.attention.dense.bias]
Loading weights:  72%|#######1  | 210/292 [00:00<00:00, 2962.83it/s, Materializing param=gpt_neox.layers.17.attention.dense.weight]
Loading weights:  72%|#######1  | 210/292 [00:00<00:00, 2959.97it/s, Materializing param=gpt_neox.layers.17.attention.dense.weight]
Loading weights:  72%|#######2  | 211/292 [00:00<00:00, 2968.34it/s, Materializing param=gpt_neox.layers.17.attention.query_key_value.bias]
Loading weights:  72%|#######2  | 211/292 [00:00<00:00, 2965.61it/s, Materializing param=gpt_neox.layers.17.attention.query_key_value.bias]
Loading weights:  73%|#######2  | 212/292 [00:00<00:00, 2974.74it/s, Materializing param=gpt_neox.layers.17.attention.query_key_value.weight]
Loading weights:  73%|#######2  | 212/292 [00:00<00:00, 2972.30it/s, Materializing param=gpt_neox.layers.17.attention.query_key_value.weight]
Loading weights:  73%|#######2  | 213/292 [00:00<00:00, 2981.68it/s, Materializing param=gpt_neox.layers.17.input_layernorm.bias]            
Loading weights:  73%|#######2  | 213/292 [00:00<00:00, 2978.99it/s, Materializing param=gpt_neox.layers.17.input_layernorm.bias]
Loading weights:  73%|#######3  | 214/292 [00:00<00:00, 2988.28it/s, Materializing param=gpt_neox.layers.17.input_layernorm.weight]
Loading weights:  73%|#######3  | 214/292 [00:00<00:00, 2985.73it/s, Materializing param=gpt_neox.layers.17.input_layernorm.weight]
Loading weights:  74%|#######3  | 215/292 [00:00<00:00, 2995.04it/s, Materializing param=gpt_neox.layers.17.mlp.dense_4h_to_h.bias]
Loading weights:  74%|#######3  | 215/292 [00:00<00:00, 2992.42it/s, Materializing param=gpt_neox.layers.17.mlp.dense_4h_to_h.bias]
Loading weights:  74%|#######3  | 216/292 [00:00<00:00, 3001.33it/s, Materializing param=gpt_neox.layers.17.mlp.dense_4h_to_h.weight]
Loading weights:  74%|#######3  | 216/292 [00:00<00:00, 2998.77it/s, Materializing param=gpt_neox.layers.17.mlp.dense_4h_to_h.weight]
Loading weights:  74%|#######4  | 217/292 [00:00<00:00, 3007.72it/s, Materializing param=gpt_neox.layers.17.mlp.dense_h_to_4h.bias]  
Loading weights:  74%|#######4  | 217/292 [00:00<00:00, 3004.59it/s, Materializing param=gpt_neox.layers.17.mlp.dense_h_to_4h.bias]
Loading weights:  75%|#######4  | 218/292 [00:00<00:00, 3013.76it/s, Materializing param=gpt_neox.layers.17.mlp.dense_h_to_4h.weight]
Loading weights:  75%|#######4  | 218/292 [00:00<00:00, 3011.21it/s, Materializing param=gpt_neox.layers.17.mlp.dense_h_to_4h.weight]
Loading weights:  75%|#######5  | 219/292 [00:00<00:00, 3020.43it/s, Materializing param=gpt_neox.layers.17.post_attention_layernorm.bias]
Loading weights:  75%|#######5  | 219/292 [00:00<00:00, 3017.90it/s, Materializing param=gpt_neox.layers.17.post_attention_layernorm.bias]
Loading weights:  75%|#######5  | 220/292 [00:00<00:00, 3027.14it/s, Materializing param=gpt_neox.layers.17.post_attention_layernorm.weight]
Loading weights:  75%|#######5  | 220/292 [00:00<00:00, 3024.61it/s, Materializing param=gpt_neox.layers.17.post_attention_layernorm.weight]
Loading weights:  76%|#######5  | 221/292 [00:00<00:00, 3033.97it/s, Materializing param=gpt_neox.layers.18.attention.dense.bias]           
Loading weights:  76%|#######5  | 221/292 [00:00<00:00, 3031.50it/s, Materializing param=gpt_neox.layers.18.attention.dense.bias]
Loading weights:  76%|#######6  | 222/292 [00:00<00:00, 3040.68it/s, Materializing param=gpt_neox.layers.18.attention.dense.weight]
Loading weights:  76%|#######6  | 222/292 [00:00<00:00, 3037.95it/s, Materializing param=gpt_neox.layers.18.attention.dense.weight]
Loading weights:  76%|#######6  | 223/292 [00:00<00:00, 3046.88it/s, Materializing param=gpt_neox.layers.18.attention.query_key_value.bias]
Loading weights:  76%|#######6  | 223/292 [00:00<00:00, 3044.28it/s, Materializing param=gpt_neox.layers.18.attention.query_key_value.bias]
Loading weights:  77%|#######6  | 224/292 [00:00<00:00, 3053.37it/s, Materializing param=gpt_neox.layers.18.attention.query_key_value.weight]
Loading weights:  77%|#######6  | 224/292 [00:00<00:00, 3050.85it/s, Materializing param=gpt_neox.layers.18.attention.query_key_value.weight]
Loading weights:  77%|#######7  | 225/292 [00:00<00:00, 3060.02it/s, Materializing param=gpt_neox.layers.18.input_layernorm.bias]            
Loading weights:  77%|#######7  | 225/292 [00:00<00:00, 3057.55it/s, Materializing param=gpt_neox.layers.18.input_layernorm.bias]
Loading weights:  77%|#######7  | 226/292 [00:00<00:00, 3066.67it/s, Materializing param=gpt_neox.layers.18.input_layernorm.weight]
Loading weights:  77%|#######7  | 226/292 [00:00<00:00, 3064.19it/s, Materializing param=gpt_neox.layers.18.input_layernorm.weight]
Loading weights:  78%|#######7  | 227/292 [00:00<00:00, 3073.30it/s, Materializing param=gpt_neox.layers.18.mlp.dense_4h_to_h.bias]
Loading weights:  78%|#######7  | 227/292 [00:00<00:00, 3070.82it/s, Materializing param=gpt_neox.layers.18.mlp.dense_4h_to_h.bias]
Loading weights:  78%|#######8  | 228/292 [00:00<00:00, 3079.93it/s, Materializing param=gpt_neox.layers.18.mlp.dense_4h_to_h.weight]
Loading weights:  78%|#######8  | 228/292 [00:00<00:00, 3077.19it/s, Materializing param=gpt_neox.layers.18.mlp.dense_4h_to_h.weight]
Loading weights:  78%|#######8  | 229/292 [00:00<00:00, 3086.32it/s, Materializing param=gpt_neox.layers.18.mlp.dense_h_to_4h.bias]  
Loading weights:  78%|#######8  | 229/292 [00:00<00:00, 3083.86it/s, Materializing param=gpt_neox.layers.18.mlp.dense_h_to_4h.bias]
Loading weights:  79%|#######8  | 230/292 [00:00<00:00, 3092.91it/s, Materializing param=gpt_neox.layers.18.mlp.dense_h_to_4h.weight]
Loading weights:  79%|#######8  | 230/292 [00:00<00:00, 3090.35it/s, Materializing param=gpt_neox.layers.18.mlp.dense_h_to_4h.weight]
Loading weights:  79%|#######9  | 231/292 [00:00<00:00, 3099.05it/s, Materializing param=gpt_neox.layers.18.post_attention_layernorm.bias]
Loading weights:  79%|#######9  | 231/292 [00:00<00:00, 3096.57it/s, Materializing param=gpt_neox.layers.18.post_attention_layernorm.bias]
Loading weights:  79%|#######9  | 232/292 [00:00<00:00, 3105.61it/s, Materializing param=gpt_neox.layers.18.post_attention_layernorm.weight]
Loading weights:  79%|#######9  | 232/292 [00:00<00:00, 3103.12it/s, Materializing param=gpt_neox.layers.18.post_attention_layernorm.weight]
Loading weights:  80%|#######9  | 233/292 [00:00<00:00, 3111.99it/s, Materializing param=gpt_neox.layers.19.attention.dense.bias]           
Loading weights:  80%|#######9  | 233/292 [00:00<00:00, 3109.51it/s, Materializing param=gpt_neox.layers.19.attention.dense.bias]
Loading weights:  80%|########  | 234/292 [00:00<00:00, 3118.17it/s, Materializing param=gpt_neox.layers.19.attention.dense.weight]
Loading weights:  80%|########  | 234/292 [00:00<00:00, 3115.67it/s, Materializing param=gpt_neox.layers.19.attention.dense.weight]
Loading weights:  80%|########  | 235/292 [00:00<00:00, 3124.58it/s, Materializing param=gpt_neox.layers.19.attention.query_key_value.bias]
Loading weights:  80%|########  | 235/292 [00:00<00:00, 3122.10it/s, Materializing param=gpt_neox.layers.19.attention.query_key_value.bias]
Loading weights:  81%|########  | 236/292 [00:00<00:00, 3130.95it/s, Materializing param=gpt_neox.layers.19.attention.query_key_value.weight]
Loading weights:  81%|########  | 236/292 [00:00<00:00, 3128.44it/s, Materializing param=gpt_neox.layers.19.attention.query_key_value.weight]
Loading weights:  81%|########1 | 237/292 [00:00<00:00, 3137.29it/s, Materializing param=gpt_neox.layers.19.input_layernorm.bias]            
Loading weights:  81%|########1 | 237/292 [00:00<00:00, 3134.82it/s, Materializing param=gpt_neox.layers.19.input_layernorm.bias]
Loading weights:  82%|########1 | 238/292 [00:00<00:00, 3143.44it/s, Materializing param=gpt_neox.layers.19.input_layernorm.weight]
Loading weights:  82%|########1 | 238/292 [00:00<00:00, 3140.88it/s, Materializing param=gpt_neox.layers.19.input_layernorm.weight]
Loading weights:  82%|########1 | 239/292 [00:00<00:00, 3149.77it/s, Materializing param=gpt_neox.layers.19.mlp.dense_4h_to_h.bias]
Loading weights:  82%|########1 | 239/292 [00:00<00:00, 3147.43it/s, Materializing param=gpt_neox.layers.19.mlp.dense_4h_to_h.bias]
Loading weights:  82%|########2 | 240/292 [00:00<00:00, 3155.95it/s, Materializing param=gpt_neox.layers.19.mlp.dense_4h_to_h.weight]
Loading weights:  82%|########2 | 240/292 [00:00<00:00, 3153.37it/s, Materializing param=gpt_neox.layers.19.mlp.dense_4h_to_h.weight]
Loading weights:  83%|########2 | 241/292 [00:00<00:00, 3162.16it/s, Materializing param=gpt_neox.layers.19.mlp.dense_h_to_4h.bias]  
Loading weights:  83%|########2 | 241/292 [00:00<00:00, 3159.67it/s, Materializing param=gpt_neox.layers.19.mlp.dense_h_to_4h.bias]
Loading weights:  83%|########2 | 242/292 [00:00<00:00, 3168.35it/s, Materializing param=gpt_neox.layers.19.mlp.dense_h_to_4h.weight]
Loading weights:  83%|########2 | 242/292 [00:00<00:00, 3165.86it/s, Materializing param=gpt_neox.layers.19.mlp.dense_h_to_4h.weight]
Loading weights:  83%|########3 | 243/292 [00:00<00:00, 3174.57it/s, Materializing param=gpt_neox.layers.19.post_attention_layernorm.bias]
Loading weights:  83%|########3 | 243/292 [00:00<00:00, 3172.10it/s, Materializing param=gpt_neox.layers.19.post_attention_layernorm.bias]
Loading weights:  84%|########3 | 244/292 [00:00<00:00, 3180.69it/s, Materializing param=gpt_neox.layers.19.post_attention_layernorm.weight]
Loading weights:  84%|########3 | 244/292 [00:00<00:00, 3178.23it/s, Materializing param=gpt_neox.layers.19.post_attention_layernorm.weight]
Loading weights:  84%|########3 | 245/292 [00:00<00:00, 3186.93it/s, Materializing param=gpt_neox.layers.20.attention.dense.bias]           
Loading weights:  84%|########3 | 245/292 [00:00<00:00, 3184.48it/s, Materializing param=gpt_neox.layers.20.attention.dense.bias]
Loading weights:  84%|########4 | 246/292 [00:00<00:00, 3192.74it/s, Materializing param=gpt_neox.layers.20.attention.dense.weight]
Loading weights:  84%|########4 | 246/292 [00:00<00:00, 3190.27it/s, Materializing param=gpt_neox.layers.20.attention.dense.weight]
Loading weights:  85%|########4 | 247/292 [00:00<00:00, 3198.59it/s, Materializing param=gpt_neox.layers.20.attention.query_key_value.bias]
Loading weights:  85%|########4 | 247/292 [00:00<00:00, 3196.03it/s, Materializing param=gpt_neox.layers.20.attention.query_key_value.bias]
Loading weights:  85%|########4 | 248/292 [00:00<00:00, 3204.47it/s, Materializing param=gpt_neox.layers.20.attention.query_key_value.weight]
Loading weights:  85%|########4 | 248/292 [00:00<00:00, 3201.96it/s, Materializing param=gpt_neox.layers.20.attention.query_key_value.weight]
Loading weights:  85%|########5 | 249/292 [00:00<00:00, 3210.53it/s, Materializing param=gpt_neox.layers.20.input_layernorm.bias]            
Loading weights:  85%|########5 | 249/292 [00:00<00:00, 3208.07it/s, Materializing param=gpt_neox.layers.20.input_layernorm.bias]
Loading weights:  86%|########5 | 250/292 [00:00<00:00, 3216.57it/s, Materializing param=gpt_neox.layers.20.input_layernorm.weight]
Loading weights:  86%|########5 | 250/292 [00:00<00:00, 3214.13it/s, Materializing param=gpt_neox.layers.20.input_layernorm.weight]
Loading weights:  86%|########5 | 251/292 [00:00<00:00, 3222.69it/s, Materializing param=gpt_neox.layers.20.mlp.dense_4h_to_h.bias]
Loading weights:  86%|########5 | 251/292 [00:00<00:00, 3220.23it/s, Materializing param=gpt_neox.layers.20.mlp.dense_4h_to_h.bias]
Loading weights:  86%|########6 | 252/292 [00:00<00:00, 3228.35it/s, Materializing param=gpt_neox.layers.20.mlp.dense_4h_to_h.weight]
Loading weights:  86%|########6 | 252/292 [00:00<00:00, 3225.85it/s, Materializing param=gpt_neox.layers.20.mlp.dense_4h_to_h.weight]
Loading weights:  87%|########6 | 253/292 [00:00<00:00, 3234.16it/s, Materializing param=gpt_neox.layers.20.mlp.dense_h_to_4h.bias]  
Loading weights:  87%|########6 | 253/292 [00:00<00:00, 3231.66it/s, Materializing param=gpt_neox.layers.20.mlp.dense_h_to_4h.bias]
Loading weights:  87%|########6 | 254/292 [00:00<00:00, 3239.97it/s, Materializing param=gpt_neox.layers.20.mlp.dense_h_to_4h.weight]
Loading weights:  87%|########6 | 254/292 [00:00<00:00, 3237.49it/s, Materializing param=gpt_neox.layers.20.mlp.dense_h_to_4h.weight]
Loading weights:  87%|########7 | 255/292 [00:00<00:00, 3245.58it/s, Materializing param=gpt_neox.layers.20.post_attention_layernorm.bias]
Loading weights:  87%|########7 | 255/292 [00:00<00:00, 3243.03it/s, Materializing param=gpt_neox.layers.20.post_attention_layernorm.bias]
Loading weights:  88%|########7 | 256/292 [00:00<00:00, 3251.19it/s, Materializing param=gpt_neox.layers.20.post_attention_layernorm.weight]
Loading weights:  88%|########7 | 256/292 [00:00<00:00, 3248.69it/s, Materializing param=gpt_neox.layers.20.post_attention_layernorm.weight]
Loading weights:  88%|########8 | 257/292 [00:00<00:00, 3256.84it/s, Materializing param=gpt_neox.layers.21.attention.dense.bias]           
Loading weights:  88%|########8 | 257/292 [00:00<00:00, 3254.35it/s, Materializing param=gpt_neox.layers.21.attention.dense.bias]
Loading weights:  88%|########8 | 258/292 [00:00<00:00, 3262.19it/s, Materializing param=gpt_neox.layers.21.attention.dense.weight]
Loading weights:  88%|########8 | 258/292 [00:00<00:00, 3259.67it/s, Materializing param=gpt_neox.layers.21.attention.dense.weight]
Loading weights:  89%|########8 | 259/292 [00:00<00:00, 3267.74it/s, Materializing param=gpt_neox.layers.21.attention.query_key_value.bias]
Loading weights:  89%|########8 | 259/292 [00:00<00:00, 3265.21it/s, Materializing param=gpt_neox.layers.21.attention.query_key_value.bias]
Loading weights:  89%|########9 | 260/292 [00:00<00:00, 3273.16it/s, Materializing param=gpt_neox.layers.21.attention.query_key_value.weight]
Loading weights:  89%|########9 | 260/292 [00:00<00:00, 3270.70it/s, Materializing param=gpt_neox.layers.21.attention.query_key_value.weight]
Loading weights:  89%|########9 | 261/292 [00:00<00:00, 3278.81it/s, Materializing param=gpt_neox.layers.21.input_layernorm.bias]            
Loading weights:  89%|########9 | 261/292 [00:00<00:00, 3276.40it/s, Materializing param=gpt_neox.layers.21.input_layernorm.bias]
Loading weights:  90%|########9 | 262/292 [00:00<00:00, 3284.65it/s, Materializing param=gpt_neox.layers.21.input_layernorm.weight]
Loading weights:  90%|########9 | 262/292 [00:00<00:00, 3282.15it/s, Materializing param=gpt_neox.layers.21.input_layernorm.weight]
Loading weights:  90%|######### | 263/292 [00:00<00:00, 3290.11it/s, Materializing param=gpt_neox.layers.21.mlp.dense_4h_to_h.bias]
Loading weights:  90%|######### | 263/292 [00:00<00:00, 3287.70it/s, Materializing param=gpt_neox.layers.21.mlp.dense_4h_to_h.bias]
Loading weights:  90%|######### | 264/292 [00:00<00:00, 3295.62it/s, Materializing param=gpt_neox.layers.21.mlp.dense_4h_to_h.weight]
Loading weights:  90%|######### | 264/292 [00:00<00:00, 3293.19it/s, Materializing param=gpt_neox.layers.21.mlp.dense_4h_to_h.weight]
Loading weights:  91%|######### | 265/292 [00:00<00:00, 3301.32it/s, Materializing param=gpt_neox.layers.21.mlp.dense_h_to_4h.bias]  
Loading weights:  91%|######### | 265/292 [00:00<00:00, 3298.90it/s, Materializing param=gpt_neox.layers.21.mlp.dense_h_to_4h.bias]
Loading weights:  91%|#########1| 266/292 [00:00<00:00, 3306.95it/s, Materializing param=gpt_neox.layers.21.mlp.dense_h_to_4h.weight]
Loading weights:  91%|#########1| 266/292 [00:00<00:00, 3304.55it/s, Materializing param=gpt_neox.layers.21.mlp.dense_h_to_4h.weight]
Loading weights:  91%|#########1| 267/292 [00:00<00:00, 3312.66it/s, Materializing param=gpt_neox.layers.21.post_attention_layernorm.bias]
Loading weights:  91%|#########1| 267/292 [00:00<00:00, 3310.22it/s, Materializing param=gpt_neox.layers.21.post_attention_layernorm.bias]
Loading weights:  92%|#########1| 268/292 [00:00<00:00, 3318.23it/s, Materializing param=gpt_neox.layers.21.post_attention_layernorm.weight]
Loading weights:  92%|#########1| 268/292 [00:00<00:00, 3315.78it/s, Materializing param=gpt_neox.layers.21.post_attention_layernorm.weight]
Loading weights:  92%|#########2| 269/292 [00:00<00:00, 3323.83it/s, Materializing param=gpt_neox.layers.22.attention.dense.bias]           
Loading weights:  92%|#########2| 269/292 [00:00<00:00, 3321.43it/s, Materializing param=gpt_neox.layers.22.attention.dense.bias]
Loading weights:  92%|#########2| 270/292 [00:00<00:00, 3329.02it/s, Materializing param=gpt_neox.layers.22.attention.dense.weight]
Loading weights:  92%|#########2| 270/292 [00:00<00:00, 3326.53it/s, Materializing param=gpt_neox.layers.22.attention.dense.weight]
Loading weights:  93%|#########2| 271/292 [00:00<00:00, 3334.42it/s, Materializing param=gpt_neox.layers.22.attention.query_key_value.bias]
Loading weights:  93%|#########2| 271/292 [00:00<00:00, 3331.94it/s, Materializing param=gpt_neox.layers.22.attention.query_key_value.bias]
Loading weights:  93%|#########3| 272/292 [00:00<00:00, 3339.87it/s, Materializing param=gpt_neox.layers.22.attention.query_key_value.weight]
Loading weights:  93%|#########3| 272/292 [00:00<00:00, 3337.44it/s, Materializing param=gpt_neox.layers.22.attention.query_key_value.weight]
Loading weights:  93%|#########3| 273/292 [00:00<00:00, 3345.35it/s, Materializing param=gpt_neox.layers.22.input_layernorm.bias]            
Loading weights:  93%|#########3| 273/292 [00:00<00:00, 3342.96it/s, Materializing param=gpt_neox.layers.22.input_layernorm.bias]
Loading weights:  94%|#########3| 274/292 [00:00<00:00, 3350.83it/s, Materializing param=gpt_neox.layers.22.input_layernorm.weight]
Loading weights:  94%|#########3| 274/292 [00:00<00:00, 3348.42it/s, Materializing param=gpt_neox.layers.22.input_layernorm.weight]
Loading weights:  94%|#########4| 275/292 [00:00<00:00, 3356.40it/s, Materializing param=gpt_neox.layers.22.mlp.dense_4h_to_h.bias]
Loading weights:  94%|#########4| 275/292 [00:00<00:00, 3354.00it/s, Materializing param=gpt_neox.layers.22.mlp.dense_4h_to_h.bias]
Loading weights:  95%|#########4| 276/292 [00:00<00:00, 3361.59it/s, Materializing param=gpt_neox.layers.22.mlp.dense_4h_to_h.weight]
Loading weights:  95%|#########4| 276/292 [00:00<00:00, 3359.14it/s, Materializing param=gpt_neox.layers.22.mlp.dense_4h_to_h.weight]
Loading weights:  95%|#########4| 277/292 [00:00<00:00, 3366.85it/s, Materializing param=gpt_neox.layers.22.mlp.dense_h_to_4h.bias]  
Loading weights:  95%|#########4| 277/292 [00:00<00:00, 3364.41it/s, Materializing param=gpt_neox.layers.22.mlp.dense_h_to_4h.bias]
Loading weights:  95%|#########5| 278/292 [00:00<00:00, 3372.26it/s, Materializing param=gpt_neox.layers.22.mlp.dense_h_to_4h.weight]
Loading weights:  95%|#########5| 278/292 [00:00<00:00, 3369.85it/s, Materializing param=gpt_neox.layers.22.mlp.dense_h_to_4h.weight]
Loading weights:  96%|#########5| 279/292 [00:00<00:00, 3377.79it/s, Materializing param=gpt_neox.layers.22.post_attention_layernorm.bias]
Loading weights:  96%|#########5| 279/292 [00:00<00:00, 3375.31it/s, Materializing param=gpt_neox.layers.22.post_attention_layernorm.bias]
Loading weights:  96%|#########5| 280/292 [00:00<00:00, 3383.04it/s, Materializing param=gpt_neox.layers.22.post_attention_layernorm.weight]
Loading weights:  96%|#########5| 280/292 [00:00<00:00, 3380.57it/s, Materializing param=gpt_neox.layers.22.post_attention_layernorm.weight]
Loading weights:  96%|#########6| 281/292 [00:00<00:00, 3388.36it/s, Materializing param=gpt_neox.layers.23.attention.dense.bias]           
Loading weights:  96%|#########6| 281/292 [00:00<00:00, 3385.94it/s, Materializing param=gpt_neox.layers.23.attention.dense.bias]
Loading weights:  97%|#########6| 282/292 [00:00<00:00, 3393.32it/s, Materializing param=gpt_neox.layers.23.attention.dense.weight]
Loading weights:  97%|#########6| 282/292 [00:00<00:00, 3390.89it/s, Materializing param=gpt_neox.layers.23.attention.dense.weight]
Loading weights:  97%|#########6| 283/292 [00:00<00:00, 3398.63it/s, Materializing param=gpt_neox.layers.23.attention.query_key_value.bias]
Loading weights:  97%|#########6| 283/292 [00:00<00:00, 3396.20it/s, Materializing param=gpt_neox.layers.23.attention.query_key_value.bias]
Loading weights:  97%|#########7| 284/292 [00:00<00:00, 3403.90it/s, Materializing param=gpt_neox.layers.23.attention.query_key_value.weight]
Loading weights:  97%|#########7| 284/292 [00:00<00:00, 3401.39it/s, Materializing param=gpt_neox.layers.23.attention.query_key_value.weight]
Loading weights:  98%|#########7| 285/292 [00:00<00:00, 3408.81it/s, Materializing param=gpt_neox.layers.23.input_layernorm.bias]            
Loading weights:  98%|#########7| 285/292 [00:00<00:00, 3406.38it/s, Materializing param=gpt_neox.layers.23.input_layernorm.bias]
Loading weights:  98%|#########7| 286/292 [00:00<00:00, 3413.97it/s, Materializing param=gpt_neox.layers.23.input_layernorm.weight]
Loading weights:  98%|#########7| 286/292 [00:00<00:00, 3411.56it/s, Materializing param=gpt_neox.layers.23.input_layernorm.weight]
Loading weights:  98%|#########8| 287/292 [00:00<00:00, 3419.08it/s, Materializing param=gpt_neox.layers.23.mlp.dense_4h_to_h.bias]
Loading weights:  98%|#########8| 287/292 [00:00<00:00, 3416.65it/s, Materializing param=gpt_neox.layers.23.mlp.dense_4h_to_h.bias]
Loading weights:  99%|#########8| 288/292 [00:00<00:00, 3423.93it/s, Materializing param=gpt_neox.layers.23.mlp.dense_4h_to_h.weight]
Loading weights:  99%|#########8| 288/292 [00:00<00:00, 3421.51it/s, Materializing param=gpt_neox.layers.23.mlp.dense_4h_to_h.weight]
Loading weights:  99%|#########8| 289/292 [00:00<00:00, 3428.83it/s, Materializing param=gpt_neox.layers.23.mlp.dense_h_to_4h.bias]  
Loading weights:  99%|#########8| 289/292 [00:00<00:00, 3426.40it/s, Materializing param=gpt_neox.layers.23.mlp.dense_h_to_4h.bias]
Loading weights:  99%|#########9| 290/292 [00:00<00:00, 3433.78it/s, Materializing param=gpt_neox.layers.23.mlp.dense_h_to_4h.weight]
Loading weights:  99%|#########9| 290/292 [00:00<00:00, 3431.36it/s, Materializing param=gpt_neox.layers.23.mlp.dense_h_to_4h.weight]
Loading weights: 100%|#########9| 291/292 [00:00<00:00, 3438.99it/s, Materializing param=gpt_neox.layers.23.post_attention_layernorm.bias]
Loading weights: 100%|#########9| 291/292 [00:00<00:00, 3436.58it/s, Materializing param=gpt_neox.layers.23.post_attention_layernorm.bias]
Loading weights: 100%|##########| 292/292 [00:00<00:00, 3444.04it/s, Materializing param=gpt_neox.layers.23.post_attention_layernorm.weight]
Loading weights: 100%|##########| 292/292 [00:00<00:00, 3441.62it/s, Materializing param=gpt_neox.layers.23.post_attention_layernorm.weight]
Loading weights: 100%|##########| 292/292 [00:00<00:00, 3436.08it/s, Materializing param=gpt_neox.layers.23.post_attention_layernorm.weight]

Loading weights:   0%|          | 0/292 [00:00<?, ?it/s]
Loading weights:   0%|          | 1/292 [00:00<00:00, 46091.25it/s, Materializing param=embed_out.weight]
Loading weights:   0%|          | 1/292 [00:00<00:00, 9642.08it/s, Materializing param=embed_out.weight] 
Loading weights:   1%|          | 2/292 [00:00<00:00, 4848.91it/s, Materializing param=gpt_neox.embed_in.weight]
Loading weights:   1%|          | 2/292 [00:00<00:00, 3453.52it/s, Materializing param=gpt_neox.embed_in.weight]
Loading weights:   1%|1         | 3/292 [00:00<00:00, 2381.77it/s, Materializing param=gpt_neox.final_layer_norm.bias]
Loading weights:   1%|1         | 3/292 [00:00<00:00, 2236.96it/s, Materializing param=gpt_neox.final_layer_norm.bias]
Loading weights:   1%|1         | 4/292 [00:00<00:00, 1824.01it/s, Materializing param=gpt_neox.final_layer_norm.weight]
Loading weights:   1%|1         | 4/292 [00:00<00:00, 1588.00it/s, Materializing param=gpt_neox.final_layer_norm.weight]
Loading weights:   2%|1         | 5/292 [00:00<00:00, 1355.45it/s, Materializing param=gpt_neox.layers.0.attention.dense.bias]
Loading weights:   2%|1         | 5/292 [00:00<00:00, 1298.87it/s, Materializing param=gpt_neox.layers.0.attention.dense.bias]
Loading weights:   2%|2         | 6/292 [00:00<00:00, 1466.11it/s, Materializing param=gpt_neox.layers.0.attention.dense.weight]
Loading weights:   2%|2         | 6/292 [00:00<00:00, 1346.63it/s, Materializing param=gpt_neox.layers.0.attention.dense.weight]
Loading weights:   2%|2         | 7/292 [00:00<00:00, 1477.54it/s, Materializing param=gpt_neox.layers.0.attention.query_key_value.bias]
Loading weights:   2%|2         | 7/292 [00:00<00:00, 1394.78it/s, Materializing param=gpt_neox.layers.0.attention.query_key_value.bias]
Loading weights:   3%|2         | 8/292 [00:00<00:00, 1398.28it/s, Materializing param=gpt_neox.layers.0.attention.query_key_value.weight]
Loading weights:   3%|2         | 8/292 [00:00<00:00, 1343.84it/s, Materializing param=gpt_neox.layers.0.attention.query_key_value.weight]
Loading weights:   3%|3         | 9/292 [00:00<00:00, 1246.86it/s, Materializing param=gpt_neox.layers.0.input_layernorm.bias]            
Loading weights:   3%|3         | 9/292 [00:00<00:00, 1233.30it/s, Materializing param=gpt_neox.layers.0.input_layernorm.bias]
Loading weights:   3%|3         | 10/292 [00:00<00:00, 1311.87it/s, Materializing param=gpt_neox.layers.0.input_layernorm.weight]
Loading weights:   3%|3         | 10/292 [00:00<00:00, 1260.65it/s, Materializing param=gpt_neox.layers.0.input_layernorm.weight]
Loading weights:   4%|3         | 11/292 [00:00<00:00, 1334.92it/s, Materializing param=gpt_neox.layers.0.mlp.dense_4h_to_h.bias]
Loading weights:   4%|3         | 11/292 [00:00<00:00, 1307.08it/s, Materializing param=gpt_neox.layers.0.mlp.dense_4h_to_h.bias]
Loading weights:   4%|4         | 12/292 [00:00<00:00, 1255.56it/s, Materializing param=gpt_neox.layers.0.mlp.dense_4h_to_h.weight]
Loading weights:   4%|4         | 12/292 [00:00<00:00, 1246.17it/s, Materializing param=gpt_neox.layers.0.mlp.dense_4h_to_h.weight]
Loading weights:   4%|4         | 13/292 [00:00<00:00, 1293.52it/s, Materializing param=gpt_neox.layers.0.mlp.dense_h_to_4h.bias]  
Loading weights:   4%|4         | 13/292 [00:00<00:00, 1284.78it/s, Materializing param=gpt_neox.layers.0.mlp.dense_h_to_4h.bias]
Loading weights:   5%|4         | 14/292 [00:00<00:00, 1294.94it/s, Materializing param=gpt_neox.layers.0.mlp.dense_h_to_4h.weight]
Loading weights:   5%|4         | 14/292 [00:00<00:00, 1285.92it/s, Materializing param=gpt_neox.layers.0.mlp.dense_h_to_4h.weight]
Loading weights:   5%|5         | 15/292 [00:00<00:00, 1356.18it/s, Materializing param=gpt_neox.layers.0.post_attention_layernorm.bias]
Loading weights:   5%|5         | 15/292 [00:00<00:00, 1346.43it/s, Materializing param=gpt_neox.layers.0.post_attention_layernorm.bias]
Loading weights:   5%|5         | 16/292 [00:00<00:00, 1300.23it/s, Materializing param=gpt_neox.layers.0.post_attention_layernorm.weight]
Loading weights:   5%|5         | 16/292 [00:00<00:00, 1174.07it/s, Materializing param=gpt_neox.layers.0.post_attention_layernorm.weight]
Loading weights:   6%|5         | 17/292 [00:00<00:00, 1220.40it/s, Materializing param=gpt_neox.layers.1.attention.dense.bias]           
Loading weights:   6%|5         | 17/292 [00:00<00:00, 1204.30it/s, Materializing param=gpt_neox.layers.1.attention.dense.bias]
Loading weights:   6%|6         | 18/292 [00:00<00:00, 1225.99it/s, Materializing param=gpt_neox.layers.1.attention.dense.weight]
Loading weights:   6%|6         | 18/292 [00:00<00:00, 1200.45it/s, Materializing param=gpt_neox.layers.1.attention.dense.weight]
Loading weights:   7%|6         | 19/292 [00:00<00:00, 1243.14it/s, Materializing param=gpt_neox.layers.1.attention.query_key_value.bias]
Loading weights:   7%|6         | 19/292 [00:00<00:00, 1209.47it/s, Materializing param=gpt_neox.layers.1.attention.query_key_value.bias]
Loading weights:   7%|6         | 20/292 [00:00<00:00, 1224.27it/s, Materializing param=gpt_neox.layers.1.attention.query_key_value.weight]
Loading weights:   7%|6         | 20/292 [00:00<00:00, 1218.11it/s, Materializing param=gpt_neox.layers.1.attention.query_key_value.weight]
Loading weights:   7%|7         | 21/292 [00:00<00:00, 1247.88it/s, Materializing param=gpt_neox.layers.1.input_layernorm.bias]            
Loading weights:   7%|7         | 21/292 [00:00<00:00, 1242.86it/s, Materializing param=gpt_neox.layers.1.input_layernorm.bias]
Loading weights:   8%|7         | 22/292 [00:00<00:00, 1247.02it/s, Materializing param=gpt_neox.layers.1.input_layernorm.weight]
Loading weights:   8%|7         | 22/292 [00:00<00:00, 1234.94it/s, Materializing param=gpt_neox.layers.1.input_layernorm.weight]
Loading weights:   8%|7         | 23/292 [00:00<00:00, 1236.50it/s, Materializing param=gpt_neox.layers.1.mlp.dense_4h_to_h.bias]
Loading weights:   8%|7         | 23/292 [00:00<00:00, 1208.42it/s, Materializing param=gpt_neox.layers.1.mlp.dense_4h_to_h.bias]
Loading weights:   8%|8         | 24/292 [00:00<00:00, 1236.51it/s, Materializing param=gpt_neox.layers.1.mlp.dense_4h_to_h.weight]
Loading weights:   8%|8         | 24/292 [00:00<00:00, 1211.06it/s, Materializing param=gpt_neox.layers.1.mlp.dense_4h_to_h.weight]
Loading weights:   9%|8         | 25/292 [00:00<00:00, 1242.58it/s, Materializing param=gpt_neox.layers.1.mlp.dense_h_to_4h.bias]  
Loading weights:   9%|8         | 25/292 [00:00<00:00, 1226.45it/s, Materializing param=gpt_neox.layers.1.mlp.dense_h_to_4h.bias]
Loading weights:   9%|8         | 26/292 [00:00<00:00, 1179.07it/s, Materializing param=gpt_neox.layers.1.mlp.dense_h_to_4h.weight]
Loading weights:   9%|8         | 26/292 [00:00<00:00, 1165.27it/s, Materializing param=gpt_neox.layers.1.mlp.dense_h_to_4h.weight]
Loading weights:   9%|9         | 27/292 [00:00<00:00, 1144.24it/s, Materializing param=gpt_neox.layers.1.post_attention_layernorm.bias]
Loading weights:   9%|9         | 27/292 [00:00<00:00, 1134.58it/s, Materializing param=gpt_neox.layers.1.post_attention_layernorm.bias]
Loading weights:  10%|9         | 28/292 [00:00<00:00, 1154.55it/s, Materializing param=gpt_neox.layers.1.post_attention_layernorm.weight]
Loading weights:  10%|9         | 28/292 [00:00<00:00, 1149.29it/s, Materializing param=gpt_neox.layers.1.post_attention_layernorm.weight]
Loading weights:  10%|9         | 29/292 [00:00<00:00, 1138.48it/s, Materializing param=gpt_neox.layers.2.attention.dense.bias]           
Loading weights:  10%|9         | 29/292 [00:00<00:00, 1124.79it/s, Materializing param=gpt_neox.layers.2.attention.dense.bias]
Loading weights:  10%|#         | 30/292 [00:00<00:00, 1147.73it/s, Materializing param=gpt_neox.layers.2.attention.dense.weight]
Loading weights:  10%|#         | 30/292 [00:00<00:00, 1140.80it/s, Materializing param=gpt_neox.layers.2.attention.dense.weight]
Loading weights:  11%|#         | 31/292 [00:00<00:00, 1131.91it/s, Materializing param=gpt_neox.layers.2.attention.query_key_value.bias]
Loading weights:  11%|#         | 31/292 [00:00<00:00, 1107.80it/s, Materializing param=gpt_neox.layers.2.attention.query_key_value.bias]
Loading weights:  11%|#         | 32/292 [00:00<00:00, 1125.83it/s, Materializing param=gpt_neox.layers.2.attention.query_key_value.weight]
Loading weights:  11%|#         | 32/292 [00:00<00:00, 1117.83it/s, Materializing param=gpt_neox.layers.2.attention.query_key_value.weight]
Loading weights:  11%|#1        | 33/292 [00:00<00:00, 1145.74it/s, Materializing param=gpt_neox.layers.2.input_layernorm.bias]            
Loading weights:  11%|#1        | 33/292 [00:00<00:00, 1143.00it/s, Materializing param=gpt_neox.layers.2.input_layernorm.bias]
Loading weights:  12%|#1        | 34/292 [00:00<00:00, 1171.81it/s, Materializing param=gpt_neox.layers.2.input_layernorm.weight]
Loading weights:  12%|#1        | 34/292 [00:00<00:00, 1169.16it/s, Materializing param=gpt_neox.layers.2.input_layernorm.weight]
Loading weights:  12%|#1        | 35/292 [00:00<00:00, 1192.32it/s, Materializing param=gpt_neox.layers.2.mlp.dense_4h_to_h.bias]
Loading weights:  12%|#1        | 35/292 [00:00<00:00, 1183.52it/s, Materializing param=gpt_neox.layers.2.mlp.dense_4h_to_h.bias]
Loading weights:  12%|#2        | 36/292 [00:00<00:00, 1198.39it/s, Materializing param=gpt_neox.layers.2.mlp.dense_4h_to_h.weight]
Loading weights:  12%|#2        | 36/292 [00:00<00:00, 1169.73it/s, Materializing param=gpt_neox.layers.2.mlp.dense_4h_to_h.weight]
Loading weights:  13%|#2        | 37/292 [00:00<00:00, 1195.00it/s, Materializing param=gpt_neox.layers.2.mlp.dense_h_to_4h.bias]  
Loading weights:  13%|#2        | 37/292 [00:00<00:00, 1192.33it/s, Materializing param=gpt_neox.layers.2.mlp.dense_h_to_4h.bias]
Loading weights:  13%|#3        | 38/292 [00:00<00:00, 1208.95it/s, Materializing param=gpt_neox.layers.2.mlp.dense_h_to_4h.weight]
Loading weights:  13%|#3        | 38/292 [00:00<00:00, 1206.18it/s, Materializing param=gpt_neox.layers.2.mlp.dense_h_to_4h.weight]
Loading weights:  13%|#3        | 39/292 [00:00<00:00, 1186.54it/s, Materializing param=gpt_neox.layers.2.post_attention_layernorm.bias]
Loading weights:  13%|#3        | 39/292 [00:00<00:00, 1183.84it/s, Materializing param=gpt_neox.layers.2.post_attention_layernorm.bias]
Loading weights:  14%|#3        | 40/292 [00:00<00:00, 1199.19it/s, Materializing param=gpt_neox.layers.2.post_attention_layernorm.weight]
Loading weights:  14%|#3        | 40/292 [00:00<00:00, 1184.59it/s, Materializing param=gpt_neox.layers.2.post_attention_layernorm.weight]
Loading weights:  14%|#4        | 41/292 [00:00<00:00, 1197.78it/s, Materializing param=gpt_neox.layers.3.attention.dense.bias]           
Loading weights:  14%|#4        | 41/292 [00:00<00:00, 1182.49it/s, Materializing param=gpt_neox.layers.3.attention.dense.bias]
Loading weights:  14%|#4        | 42/292 [00:00<00:00, 1164.21it/s, Materializing param=gpt_neox.layers.3.attention.dense.weight]
Loading weights:  14%|#4        | 42/292 [00:00<00:00, 1154.39it/s, Materializing param=gpt_neox.layers.3.attention.dense.weight]
Loading weights:  15%|#4        | 43/292 [00:00<00:00, 1156.55it/s, Materializing param=gpt_neox.layers.3.attention.query_key_value.bias]
Loading weights:  15%|#4        | 43/292 [00:00<00:00, 1152.78it/s, Materializing param=gpt_neox.layers.3.attention.query_key_value.bias]
Loading weights:  15%|#5        | 44/292 [00:00<00:00, 1163.75it/s, Materializing param=gpt_neox.layers.3.attention.query_key_value.weight]
Loading weights:  15%|#5        | 44/292 [00:00<00:00, 1160.64it/s, Materializing param=gpt_neox.layers.3.attention.query_key_value.weight]
Loading weights:  15%|#5        | 45/292 [00:00<00:00, 1182.17it/s, Materializing param=gpt_neox.layers.3.input_layernorm.bias]            
Loading weights:  15%|#5        | 45/292 [00:00<00:00, 1180.08it/s, Materializing param=gpt_neox.layers.3.input_layernorm.bias]
Loading weights:  16%|#5        | 46/292 [00:00<00:00, 1167.83it/s, Materializing param=gpt_neox.layers.3.input_layernorm.weight]
Loading weights:  16%|#5        | 46/292 [00:00<00:00, 1157.26it/s, Materializing param=gpt_neox.layers.3.input_layernorm.weight]
Loading weights:  16%|#6        | 47/292 [00:00<00:00, 1164.21it/s, Materializing param=gpt_neox.layers.3.mlp.dense_4h_to_h.bias]
Loading weights:  16%|#6        | 47/292 [00:00<00:00, 1157.28it/s, Materializing param=gpt_neox.layers.3.mlp.dense_4h_to_h.bias]
Loading weights:  16%|#6        | 48/292 [00:00<00:00, 1168.38it/s, Materializing param=gpt_neox.layers.3.mlp.dense_4h_to_h.weight]
Loading weights:  16%|#6        | 48/292 [00:00<00:00, 1166.29it/s, Materializing param=gpt_neox.layers.3.mlp.dense_4h_to_h.weight]
Loading weights:  17%|#6        | 49/292 [00:00<00:00, 1180.31it/s, Materializing param=gpt_neox.layers.3.mlp.dense_h_to_4h.bias]  
Loading weights:  17%|#6        | 49/292 [00:00<00:00, 1171.90it/s, Materializing param=gpt_neox.layers.3.mlp.dense_h_to_4h.bias]
Loading weights:  17%|#7        | 50/292 [00:00<00:00, 1171.91it/s, Materializing param=gpt_neox.layers.3.mlp.dense_h_to_4h.weight]
Loading weights:  17%|#7        | 50/292 [00:00<00:00, 1169.57it/s, Materializing param=gpt_neox.layers.3.mlp.dense_h_to_4h.weight]
Loading weights:  17%|#7        | 51/292 [00:00<00:00, 1178.58it/s, Materializing param=gpt_neox.layers.3.post_attention_layernorm.bias]
Loading weights:  17%|#7        | 51/292 [00:00<00:00, 1174.67it/s, Materializing param=gpt_neox.layers.3.post_attention_layernorm.bias]
Loading weights:  18%|#7        | 52/292 [00:00<00:00, 1193.23it/s, Materializing param=gpt_neox.layers.3.post_attention_layernorm.weight]
Loading weights:  18%|#7        | 52/292 [00:00<00:00, 1183.75it/s, Materializing param=gpt_neox.layers.3.post_attention_layernorm.weight]
Loading weights:  18%|#8        | 53/292 [00:00<00:00, 1188.04it/s, Materializing param=gpt_neox.layers.4.attention.dense.bias]           
Loading weights:  18%|#8        | 53/292 [00:00<00:00, 1183.87it/s, Materializing param=gpt_neox.layers.4.attention.dense.bias]
Loading weights:  18%|#8        | 54/292 [00:00<00:00, 1197.97it/s, Materializing param=gpt_neox.layers.4.attention.dense.weight]
Loading weights:  18%|#8        | 54/292 [00:00<00:00, 1196.15it/s, Materializing param=gpt_neox.layers.4.attention.dense.weight]
Loading weights:  19%|#8        | 55/292 [00:00<00:00, 1214.89it/s, Materializing param=gpt_neox.layers.4.attention.query_key_value.bias]
Loading weights:  19%|#8        | 55/292 [00:00<00:00, 1209.49it/s, Materializing param=gpt_neox.layers.4.attention.query_key_value.bias]
Loading weights:  19%|#9        | 56/292 [00:00<00:00, 1212.60it/s, Materializing param=gpt_neox.layers.4.attention.query_key_value.weight]
Loading weights:  19%|#9        | 56/292 [00:00<00:00, 1202.64it/s, Materializing param=gpt_neox.layers.4.attention.query_key_value.weight]
Loading weights:  20%|#9        | 57/292 [00:00<00:00, 1219.09it/s, Materializing param=gpt_neox.layers.4.input_layernorm.bias]            
Loading weights:  20%|#9        | 57/292 [00:00<00:00, 1217.29it/s, Materializing param=gpt_neox.layers.4.input_layernorm.bias]
Loading weights:  20%|#9        | 58/292 [00:00<00:00, 1235.30it/s, Materializing param=gpt_neox.layers.4.input_layernorm.weight]
Loading weights:  20%|#9        | 58/292 [00:00<00:00, 1228.71it/s, Materializing param=gpt_neox.layers.4.input_layernorm.weight]
Loading weights:  20%|##        | 59/292 [00:00<00:00, 1244.62it/s, Materializing param=gpt_neox.layers.4.mlp.dense_4h_to_h.bias]
Loading weights:  20%|##        | 59/292 [00:00<00:00, 1242.88it/s, Materializing param=gpt_neox.layers.4.mlp.dense_4h_to_h.bias]
Loading weights:  21%|##        | 60/292 [00:00<00:00, 1255.48it/s, Materializing param=gpt_neox.layers.4.mlp.dense_4h_to_h.weight]
Loading weights:  21%|##        | 60/292 [00:00<00:00, 1251.11it/s, Materializing param=gpt_neox.layers.4.mlp.dense_4h_to_h.weight]
Loading weights:  21%|##        | 61/292 [00:00<00:00, 1255.48it/s, Materializing param=gpt_neox.layers.4.mlp.dense_h_to_4h.bias]  
Loading weights:  21%|##        | 61/292 [00:00<00:00, 1252.27it/s, Materializing param=gpt_neox.layers.4.mlp.dense_h_to_4h.bias]
Loading weights:  21%|##1       | 62/292 [00:00<00:00, 1265.53it/s, Materializing param=gpt_neox.layers.4.mlp.dense_h_to_4h.weight]
Loading weights:  21%|##1       | 62/292 [00:00<00:00, 1262.52it/s, Materializing param=gpt_neox.layers.4.mlp.dense_h_to_4h.weight]
Loading weights:  22%|##1       | 63/292 [00:00<00:00, 1267.79it/s, Materializing param=gpt_neox.layers.4.post_attention_layernorm.bias]
Loading weights:  22%|##1       | 63/292 [00:00<00:00, 1261.06it/s, Materializing param=gpt_neox.layers.4.post_attention_layernorm.bias]
Loading weights:  22%|##1       | 64/292 [00:00<00:00, 1270.40it/s, Materializing param=gpt_neox.layers.4.post_attention_layernorm.weight]
Loading weights:  22%|##1       | 64/292 [00:00<00:00, 1266.78it/s, Materializing param=gpt_neox.layers.4.post_attention_layernorm.weight]
Loading weights:  22%|##2       | 65/292 [00:00<00:00, 1256.50it/s, Materializing param=gpt_neox.layers.5.attention.dense.bias]           
Loading weights:  22%|##2       | 65/292 [00:00<00:00, 1250.56it/s, Materializing param=gpt_neox.layers.5.attention.dense.bias]
Loading weights:  23%|##2       | 66/292 [00:00<00:00, 1265.54it/s, Materializing param=gpt_neox.layers.5.attention.dense.weight]
Loading weights:  23%|##2       | 66/292 [00:00<00:00, 1263.89it/s, Materializing param=gpt_neox.layers.5.attention.dense.weight]
Loading weights:  23%|##2       | 67/292 [00:00<00:00, 1276.18it/s, Materializing param=gpt_neox.layers.5.attention.query_key_value.bias]
Loading weights:  23%|##2       | 67/292 [00:00<00:00, 1274.59it/s, Materializing param=gpt_neox.layers.5.attention.query_key_value.bias]
Loading weights:  23%|##3       | 68/292 [00:00<00:00, 1290.82it/s, Materializing param=gpt_neox.layers.5.attention.query_key_value.weight]
Loading weights:  23%|##3       | 68/292 [00:00<00:00, 1289.33it/s, Materializing param=gpt_neox.layers.5.attention.query_key_value.weight]
Loading weights:  24%|##3       | 69/292 [00:00<00:00, 1305.57it/s, Materializing param=gpt_neox.layers.5.input_layernorm.bias]            
Loading weights:  24%|##3       | 69/292 [00:00<00:00, 1304.09it/s, Materializing param=gpt_neox.layers.5.input_layernorm.bias]
Loading weights:  24%|##3       | 70/292 [00:00<00:00, 1320.29it/s, Materializing param=gpt_neox.layers.5.input_layernorm.weight]
Loading weights:  24%|##3       | 70/292 [00:00<00:00, 1318.80it/s, Materializing param=gpt_neox.layers.5.input_layernorm.weight]
Loading weights:  24%|##4       | 71/292 [00:00<00:00, 1335.11it/s, Materializing param=gpt_neox.layers.5.mlp.dense_4h_to_h.bias]
Loading weights:  24%|##4       | 71/292 [00:00<00:00, 1333.56it/s, Materializing param=gpt_neox.layers.5.mlp.dense_4h_to_h.bias]
Loading weights:  25%|##4       | 72/292 [00:00<00:00, 1349.42it/s, Materializing param=gpt_neox.layers.5.mlp.dense_4h_to_h.weight]
Loading weights:  25%|##4       | 72/292 [00:00<00:00, 1347.91it/s, Materializing param=gpt_neox.layers.5.mlp.dense_4h_to_h.weight]
Loading weights:  25%|##5       | 73/292 [00:00<00:00, 1363.92it/s, Materializing param=gpt_neox.layers.5.mlp.dense_h_to_4h.bias]  
Loading weights:  25%|##5       | 73/292 [00:00<00:00, 1362.41it/s, Materializing param=gpt_neox.layers.5.mlp.dense_h_to_4h.bias]
Loading weights:  25%|##5       | 74/292 [00:00<00:00, 1378.29it/s, Materializing param=gpt_neox.layers.5.mlp.dense_h_to_4h.weight]
Loading weights:  25%|##5       | 74/292 [00:00<00:00, 1376.74it/s, Materializing param=gpt_neox.layers.5.mlp.dense_h_to_4h.weight]
Loading weights:  26%|##5       | 75/292 [00:00<00:00, 1392.63it/s, Materializing param=gpt_neox.layers.5.post_attention_layernorm.bias]
Loading weights:  26%|##5       | 75/292 [00:00<00:00, 1391.18it/s, Materializing param=gpt_neox.layers.5.post_attention_layernorm.bias]
Loading weights:  26%|##6       | 76/292 [00:00<00:00, 1406.98it/s, Materializing param=gpt_neox.layers.5.post_attention_layernorm.weight]
Loading weights:  26%|##6       | 76/292 [00:00<00:00, 1405.47it/s, Materializing param=gpt_neox.layers.5.post_attention_layernorm.weight]
Loading weights:  26%|##6       | 77/292 [00:00<00:00, 1420.88it/s, Materializing param=gpt_neox.layers.6.attention.dense.bias]           
Loading weights:  26%|##6       | 77/292 [00:00<00:00, 1419.29it/s, Materializing param=gpt_neox.layers.6.attention.dense.bias]
Loading weights:  27%|##6       | 78/292 [00:00<00:00, 1434.79it/s, Materializing param=gpt_neox.layers.6.attention.dense.weight]
Loading weights:  27%|##6       | 78/292 [00:00<00:00, 1433.21it/s, Materializing param=gpt_neox.layers.6.attention.dense.weight]
Loading weights:  27%|##7       | 79/292 [00:00<00:00, 1448.72it/s, Materializing param=gpt_neox.layers.6.attention.query_key_value.bias]
Loading weights:  27%|##7       | 79/292 [00:00<00:00, 1447.12it/s, Materializing param=gpt_neox.layers.6.attention.query_key_value.bias]
Loading weights:  27%|##7       | 80/292 [00:00<00:00, 1462.56it/s, Materializing param=gpt_neox.layers.6.attention.query_key_value.weight]
Loading weights:  27%|##7       | 80/292 [00:00<00:00, 1460.89it/s, Materializing param=gpt_neox.layers.6.attention.query_key_value.weight]
Loading weights:  28%|##7       | 81/292 [00:00<00:00, 1476.07it/s, Materializing param=gpt_neox.layers.6.input_layernorm.bias]            
Loading weights:  28%|##7       | 81/292 [00:00<00:00, 1473.86it/s, Materializing param=gpt_neox.layers.6.input_layernorm.bias]
Loading weights:  28%|##8       | 82/292 [00:00<00:00, 1489.05it/s, Materializing param=gpt_neox.layers.6.input_layernorm.weight]
Loading weights:  28%|##8       | 82/292 [00:00<00:00, 1487.46it/s, Materializing param=gpt_neox.layers.6.input_layernorm.weight]
Loading weights:  28%|##8       | 83/292 [00:00<00:00, 1502.74it/s, Materializing param=gpt_neox.layers.6.mlp.dense_4h_to_h.bias]
Loading weights:  28%|##8       | 83/292 [00:00<00:00, 1501.12it/s, Materializing param=gpt_neox.layers.6.mlp.dense_4h_to_h.bias]
Loading weights:  29%|##8       | 84/292 [00:00<00:00, 1516.26it/s, Materializing param=gpt_neox.layers.6.mlp.dense_4h_to_h.weight]
Loading weights:  29%|##8       | 84/292 [00:00<00:00, 1514.65it/s, Materializing param=gpt_neox.layers.6.mlp.dense_4h_to_h.weight]
Loading weights:  29%|##9       | 85/292 [00:00<00:00, 1529.76it/s, Materializing param=gpt_neox.layers.6.mlp.dense_h_to_4h.bias]  
Loading weights:  29%|##9       | 85/292 [00:00<00:00, 1528.12it/s, Materializing param=gpt_neox.layers.6.mlp.dense_h_to_4h.bias]
Loading weights:  29%|##9       | 86/292 [00:00<00:00, 1543.17it/s, Materializing param=gpt_neox.layers.6.mlp.dense_h_to_4h.weight]
Loading weights:  29%|##9       | 86/292 [00:00<00:00, 1541.54it/s, Materializing param=gpt_neox.layers.6.mlp.dense_h_to_4h.weight]
Loading weights:  30%|##9       | 87/292 [00:00<00:00, 1556.53it/s, Materializing param=gpt_neox.layers.6.post_attention_layernorm.bias]
Loading weights:  30%|##9       | 87/292 [00:00<00:00, 1554.86it/s, Materializing param=gpt_neox.layers.6.post_attention_layernorm.bias]
Loading weights:  30%|###       | 88/292 [00:00<00:00, 1569.60it/s, Materializing param=gpt_neox.layers.6.post_attention_layernorm.weight]
Loading weights:  30%|###       | 88/292 [00:00<00:00, 1567.84it/s, Materializing param=gpt_neox.layers.6.post_attention_layernorm.weight]
Loading weights:  30%|###       | 89/292 [00:00<00:00, 1582.44it/s, Materializing param=gpt_neox.layers.7.attention.dense.bias]           
Loading weights:  30%|###       | 89/292 [00:00<00:00, 1580.77it/s, Materializing param=gpt_neox.layers.7.attention.dense.bias]
Loading weights:  31%|###       | 90/292 [00:00<00:00, 1595.39it/s, Materializing param=gpt_neox.layers.7.attention.dense.weight]
Loading weights:  31%|###       | 90/292 [00:00<00:00, 1593.69it/s, Materializing param=gpt_neox.layers.7.attention.dense.weight]
Loading weights:  31%|###1      | 91/292 [00:00<00:00, 1608.39it/s, Materializing param=gpt_neox.layers.7.attention.query_key_value.bias]
Loading weights:  31%|###1      | 91/292 [00:00<00:00, 1606.70it/s, Materializing param=gpt_neox.layers.7.attention.query_key_value.bias]
Loading weights:  32%|###1      | 92/292 [00:00<00:00, 1621.25it/s, Materializing param=gpt_neox.layers.7.attention.query_key_value.weight]
Loading weights:  32%|###1      | 92/292 [00:00<00:00, 1619.54it/s, Materializing param=gpt_neox.layers.7.attention.query_key_value.weight]
Loading weights:  32%|###1      | 93/292 [00:00<00:00, 1634.14it/s, Materializing param=gpt_neox.layers.7.input_layernorm.bias]            
Loading weights:  32%|###1      | 93/292 [00:00<00:00, 1632.46it/s, Materializing param=gpt_neox.layers.7.input_layernorm.bias]
Loading weights:  32%|###2      | 94/292 [00:00<00:00, 1647.04it/s, Materializing param=gpt_neox.layers.7.input_layernorm.weight]
Loading weights:  32%|###2      | 94/292 [00:00<00:00, 1645.35it/s, Materializing param=gpt_neox.layers.7.input_layernorm.weight]
Loading weights:  33%|###2      | 95/292 [00:00<00:00, 1659.88it/s, Materializing param=gpt_neox.layers.7.mlp.dense_4h_to_h.bias]
Loading weights:  33%|###2      | 95/292 [00:00<00:00, 1658.17it/s, Materializing param=gpt_neox.layers.7.mlp.dense_4h_to_h.bias]
Loading weights:  33%|###2      | 96/292 [00:00<00:00, 1672.43it/s, Materializing param=gpt_neox.layers.7.mlp.dense_4h_to_h.weight]
Loading weights:  33%|###2      | 96/292 [00:00<00:00, 1670.66it/s, Materializing param=gpt_neox.layers.7.mlp.dense_4h_to_h.weight]
Loading weights:  33%|###3      | 97/292 [00:00<00:00, 1684.76it/s, Materializing param=gpt_neox.layers.7.mlp.dense_h_to_4h.bias]  
Loading weights:  33%|###3      | 97/292 [00:00<00:00, 1682.96it/s, Materializing param=gpt_neox.layers.7.mlp.dense_h_to_4h.bias]
Loading weights:  34%|###3      | 98/292 [00:00<00:00, 1697.18it/s, Materializing param=gpt_neox.layers.7.mlp.dense_h_to_4h.weight]
Loading weights:  34%|###3      | 98/292 [00:00<00:00, 1695.44it/s, Materializing param=gpt_neox.layers.7.mlp.dense_h_to_4h.weight]
Loading weights:  34%|###3      | 99/292 [00:00<00:00, 1709.56it/s, Materializing param=gpt_neox.layers.7.post_attention_layernorm.bias]
Loading weights:  34%|###3      | 99/292 [00:00<00:00, 1707.79it/s, Materializing param=gpt_neox.layers.7.post_attention_layernorm.bias]
Loading weights:  34%|###4      | 100/292 [00:00<00:00, 1721.87it/s, Materializing param=gpt_neox.layers.7.post_attention_layernorm.weight]
Loading weights:  34%|###4      | 100/292 [00:00<00:00, 1720.11it/s, Materializing param=gpt_neox.layers.7.post_attention_layernorm.weight]
Loading weights:  35%|###4      | 101/292 [00:00<00:00, 1733.96it/s, Materializing param=gpt_neox.layers.8.attention.dense.bias]           
Loading weights:  35%|###4      | 101/292 [00:00<00:00, 1732.20it/s, Materializing param=gpt_neox.layers.8.attention.dense.bias]
Loading weights:  35%|###4      | 102/292 [00:00<00:00, 1746.16it/s, Materializing param=gpt_neox.layers.8.attention.dense.weight]
Loading weights:  35%|###4      | 102/292 [00:00<00:00, 1744.42it/s, Materializing param=gpt_neox.layers.8.attention.dense.weight]
Loading weights:  35%|###5      | 103/292 [00:00<00:00, 1758.35it/s, Materializing param=gpt_neox.layers.8.attention.query_key_value.bias]
Loading weights:  35%|###5      | 103/292 [00:00<00:00, 1756.57it/s, Materializing param=gpt_neox.layers.8.attention.query_key_value.bias]
Loading weights:  36%|###5      | 104/292 [00:00<00:00, 1770.30it/s, Materializing param=gpt_neox.layers.8.attention.query_key_value.weight]
Loading weights:  36%|###5      | 104/292 [00:00<00:00, 1768.46it/s, Materializing param=gpt_neox.layers.8.attention.query_key_value.weight]
Loading weights:  36%|###5      | 105/292 [00:00<00:00, 1782.29it/s, Materializing param=gpt_neox.layers.8.input_layernorm.bias]            
Loading weights:  36%|###5      | 105/292 [00:00<00:00, 1780.54it/s, Materializing param=gpt_neox.layers.8.input_layernorm.bias]
Loading weights:  36%|###6      | 106/292 [00:00<00:00, 1794.39it/s, Materializing param=gpt_neox.layers.8.input_layernorm.weight]
Loading weights:  36%|###6      | 106/292 [00:00<00:00, 1792.63it/s, Materializing param=gpt_neox.layers.8.input_layernorm.weight]
Loading weights:  37%|###6      | 107/292 [00:00<00:00, 1806.41it/s, Materializing param=gpt_neox.layers.8.mlp.dense_4h_to_h.bias]
Loading weights:  37%|###6      | 107/292 [00:00<00:00, 1804.64it/s, Materializing param=gpt_neox.layers.8.mlp.dense_4h_to_h.bias]
Loading weights:  37%|###6      | 108/292 [00:00<00:00, 1818.25it/s, Materializing param=gpt_neox.layers.8.mlp.dense_4h_to_h.weight]
Loading weights:  37%|###6      | 108/292 [00:00<00:00, 1816.47it/s, Materializing param=gpt_neox.layers.8.mlp.dense_4h_to_h.weight]
Loading weights:  37%|###7      | 109/292 [00:00<00:00, 1830.14it/s, Materializing param=gpt_neox.layers.8.mlp.dense_h_to_4h.bias]  
Loading weights:  37%|###7      | 109/292 [00:00<00:00, 1828.35it/s, Materializing param=gpt_neox.layers.8.mlp.dense_h_to_4h.bias]
Loading weights:  38%|###7      | 110/292 [00:00<00:00, 1841.92it/s, Materializing param=gpt_neox.layers.8.mlp.dense_h_to_4h.weight]
Loading weights:  38%|###7      | 110/292 [00:00<00:00, 1840.11it/s, Materializing param=gpt_neox.layers.8.mlp.dense_h_to_4h.weight]
Loading weights:  38%|###8      | 111/292 [00:00<00:00, 1853.60it/s, Materializing param=gpt_neox.layers.8.post_attention_layernorm.bias]
Loading weights:  38%|###8      | 111/292 [00:00<00:00, 1851.77it/s, Materializing param=gpt_neox.layers.8.post_attention_layernorm.bias]
Loading weights:  38%|###8      | 112/292 [00:00<00:00, 1865.20it/s, Materializing param=gpt_neox.layers.8.post_attention_layernorm.weight]
Loading weights:  38%|###8      | 112/292 [00:00<00:00, 1863.28it/s, Materializing param=gpt_neox.layers.8.post_attention_layernorm.weight]
Loading weights:  39%|###8      | 113/292 [00:00<00:00, 1876.27it/s, Materializing param=gpt_neox.layers.9.attention.dense.bias]           
Loading weights:  39%|###8      | 113/292 [00:00<00:00, 1874.45it/s, Materializing param=gpt_neox.layers.9.attention.dense.bias]
Loading weights:  39%|###9      | 114/292 [00:00<00:00, 1887.67it/s, Materializing param=gpt_neox.layers.9.attention.dense.weight]
Loading weights:  39%|###9      | 114/292 [00:00<00:00, 1885.83it/s, Materializing param=gpt_neox.layers.9.attention.dense.weight]
Loading weights:  39%|###9      | 115/292 [00:00<00:00, 1899.08it/s, Materializing param=gpt_neox.layers.9.attention.query_key_value.bias]
Loading weights:  39%|###9      | 115/292 [00:00<00:00, 1897.20it/s, Materializing param=gpt_neox.layers.9.attention.query_key_value.bias]
Loading weights:  40%|###9      | 116/292 [00:00<00:00, 1910.32it/s, Materializing param=gpt_neox.layers.9.attention.query_key_value.weight]
Loading weights:  40%|###9      | 116/292 [00:00<00:00, 1908.43it/s, Materializing param=gpt_neox.layers.9.attention.query_key_value.weight]
Loading weights:  40%|####      | 117/292 [00:00<00:00, 1921.51it/s, Materializing param=gpt_neox.layers.9.input_layernorm.bias]            
Loading weights:  40%|####      | 117/292 [00:00<00:00, 1919.67it/s, Materializing param=gpt_neox.layers.9.input_layernorm.bias]
Loading weights:  40%|####      | 118/292 [00:00<00:00, 1932.76it/s, Materializing param=gpt_neox.layers.9.input_layernorm.weight]
Loading weights:  40%|####      | 118/292 [00:00<00:00, 1930.91it/s, Materializing param=gpt_neox.layers.9.input_layernorm.weight]
Loading weights:  41%|####      | 119/292 [00:00<00:00, 1944.00it/s, Materializing param=gpt_neox.layers.9.mlp.dense_4h_to_h.bias]
Loading weights:  41%|####      | 119/292 [00:00<00:00, 1942.09it/s, Materializing param=gpt_neox.layers.9.mlp.dense_4h_to_h.bias]
Loading weights:  41%|####1     | 120/292 [00:00<00:00, 1954.85it/s, Materializing param=gpt_neox.layers.9.mlp.dense_4h_to_h.weight]
Loading weights:  41%|####1     | 120/292 [00:00<00:00, 1952.97it/s, Materializing param=gpt_neox.layers.9.mlp.dense_4h_to_h.weight]
Loading weights:  41%|####1     | 121/292 [00:00<00:00, 1965.89it/s, Materializing param=gpt_neox.layers.9.mlp.dense_h_to_4h.bias]  
Loading weights:  41%|####1     | 121/292 [00:00<00:00, 1963.99it/s, Materializing param=gpt_neox.layers.9.mlp.dense_h_to_4h.bias]
Loading weights:  42%|####1     | 122/292 [00:00<00:00, 1976.82it/s, Materializing param=gpt_neox.layers.9.mlp.dense_h_to_4h.weight]
Loading weights:  42%|####1     | 122/292 [00:00<00:00, 1974.92it/s, Materializing param=gpt_neox.layers.9.mlp.dense_h_to_4h.weight]
Loading weights:  42%|####2     | 123/292 [00:00<00:00, 1987.75it/s, Materializing param=gpt_neox.layers.9.post_attention_layernorm.bias]
Loading weights:  42%|####2     | 123/292 [00:00<00:00, 1985.83it/s, Materializing param=gpt_neox.layers.9.post_attention_layernorm.bias]
Loading weights:  42%|####2     | 124/292 [00:00<00:00, 1998.53it/s, Materializing param=gpt_neox.layers.9.post_attention_layernorm.weight]
Loading weights:  42%|####2     | 124/292 [00:00<00:00, 1996.60it/s, Materializing param=gpt_neox.layers.9.post_attention_layernorm.weight]
Loading weights:  43%|####2     | 125/292 [00:00<00:00, 2009.04it/s, Materializing param=gpt_neox.layers.10.attention.dense.bias]          
Loading weights:  43%|####2     | 125/292 [00:00<00:00, 2007.11it/s, Materializing param=gpt_neox.layers.10.attention.dense.bias]
Loading weights:  43%|####3     | 126/292 [00:00<00:00, 2019.66it/s, Materializing param=gpt_neox.layers.10.attention.dense.weight]
Loading weights:  43%|####3     | 126/292 [00:00<00:00, 2017.85it/s, Materializing param=gpt_neox.layers.10.attention.dense.weight]
Loading weights:  43%|####3     | 127/292 [00:00<00:00, 2030.34it/s, Materializing param=gpt_neox.layers.10.attention.query_key_value.bias]
Loading weights:  43%|####3     | 127/292 [00:00<00:00, 2028.49it/s, Materializing param=gpt_neox.layers.10.attention.query_key_value.bias]
Loading weights:  44%|####3     | 128/292 [00:00<00:00, 2041.14it/s, Materializing param=gpt_neox.layers.10.attention.query_key_value.weight]
Loading weights:  44%|####3     | 128/292 [00:00<00:00, 2039.19it/s, Materializing param=gpt_neox.layers.10.attention.query_key_value.weight]
Loading weights:  44%|####4     | 129/292 [00:00<00:00, 2051.79it/s, Materializing param=gpt_neox.layers.10.input_layernorm.bias]            
Loading weights:  44%|####4     | 129/292 [00:00<00:00, 2050.01it/s, Materializing param=gpt_neox.layers.10.input_layernorm.bias]
Loading weights:  45%|####4     | 130/292 [00:00<00:00, 2062.56it/s, Materializing param=gpt_neox.layers.10.input_layernorm.weight]
Loading weights:  45%|####4     | 130/292 [00:00<00:00, 2060.71it/s, Materializing param=gpt_neox.layers.10.input_layernorm.weight]
Loading weights:  45%|####4     | 131/292 [00:00<00:00, 2072.90it/s, Materializing param=gpt_neox.layers.10.mlp.dense_4h_to_h.bias]
Loading weights:  45%|####4     | 131/292 [00:00<00:00, 2070.92it/s, Materializing param=gpt_neox.layers.10.mlp.dense_4h_to_h.bias]
Loading weights:  45%|####5     | 132/292 [00:00<00:00, 2083.17it/s, Materializing param=gpt_neox.layers.10.mlp.dense_4h_to_h.weight]
Loading weights:  45%|####5     | 132/292 [00:00<00:00, 2081.19it/s, Materializing param=gpt_neox.layers.10.mlp.dense_4h_to_h.weight]
Loading weights:  46%|####5     | 133/292 [00:00<00:00, 2093.41it/s, Materializing param=gpt_neox.layers.10.mlp.dense_h_to_4h.bias]  
Loading weights:  46%|####5     | 133/292 [00:00<00:00, 2091.42it/s, Materializing param=gpt_neox.layers.10.mlp.dense_h_to_4h.bias]
Loading weights:  46%|####5     | 134/292 [00:00<00:00, 2103.50it/s, Materializing param=gpt_neox.layers.10.mlp.dense_h_to_4h.weight]
Loading weights:  46%|####5     | 134/292 [00:00<00:00, 2101.53it/s, Materializing param=gpt_neox.layers.10.mlp.dense_h_to_4h.weight]
Loading weights:  46%|####6     | 135/292 [00:00<00:00, 2113.68it/s, Materializing param=gpt_neox.layers.10.post_attention_layernorm.bias]
Loading weights:  46%|####6     | 135/292 [00:00<00:00, 2111.70it/s, Materializing param=gpt_neox.layers.10.post_attention_layernorm.bias]
Loading weights:  47%|####6     | 136/292 [00:00<00:00, 2123.75it/s, Materializing param=gpt_neox.layers.10.post_attention_layernorm.weight]
Loading weights:  47%|####6     | 136/292 [00:00<00:00, 2121.77it/s, Materializing param=gpt_neox.layers.10.post_attention_layernorm.weight]
Loading weights:  47%|####6     | 137/292 [00:00<00:00, 2133.61it/s, Materializing param=gpt_neox.layers.11.attention.dense.bias]           
Loading weights:  47%|####6     | 137/292 [00:00<00:00, 2131.61it/s, Materializing param=gpt_neox.layers.11.attention.dense.bias]
Loading weights:  47%|####7     | 138/292 [00:00<00:00, 2143.48it/s, Materializing param=gpt_neox.layers.11.attention.dense.weight]
Loading weights:  47%|####7     | 138/292 [00:00<00:00, 2141.43it/s, Materializing param=gpt_neox.layers.11.attention.dense.weight]
Loading weights:  48%|####7     | 139/292 [00:00<00:00, 2153.13it/s, Materializing param=gpt_neox.layers.11.attention.query_key_value.bias]
Loading weights:  48%|####7     | 139/292 [00:00<00:00, 2151.19it/s, Materializing param=gpt_neox.layers.11.attention.query_key_value.bias]
Loading weights:  48%|####7     | 140/292 [00:00<00:00, 2163.19it/s, Materializing param=gpt_neox.layers.11.attention.query_key_value.weight]
Loading weights:  48%|####7     | 140/292 [00:00<00:00, 2161.18it/s, Materializing param=gpt_neox.layers.11.attention.query_key_value.weight]
Loading weights:  48%|####8     | 141/292 [00:00<00:00, 2173.01it/s, Materializing param=gpt_neox.layers.11.input_layernorm.bias]            
Loading weights:  48%|####8     | 141/292 [00:00<00:00, 2171.01it/s, Materializing param=gpt_neox.layers.11.input_layernorm.bias]
Loading weights:  49%|####8     | 142/292 [00:00<00:00, 2182.82it/s, Materializing param=gpt_neox.layers.11.input_layernorm.weight]
Loading weights:  49%|####8     | 142/292 [00:00<00:00, 2180.84it/s, Materializing param=gpt_neox.layers.11.input_layernorm.weight]
Loading weights:  49%|####8     | 143/292 [00:00<00:00, 2192.67it/s, Materializing param=gpt_neox.layers.11.mlp.dense_4h_to_h.bias]
Loading weights:  49%|####8     | 143/292 [00:00<00:00, 2190.68it/s, Materializing param=gpt_neox.layers.11.mlp.dense_4h_to_h.bias]
Loading weights:  49%|####9     | 144/292 [00:00<00:00, 2202.40it/s, Materializing param=gpt_neox.layers.11.mlp.dense_4h_to_h.weight]
Loading weights:  49%|####9     | 144/292 [00:00<00:00, 2200.43it/s, Materializing param=gpt_neox.layers.11.mlp.dense_4h_to_h.weight]
Loading weights:  50%|####9     | 145/292 [00:00<00:00, 2212.15it/s, Materializing param=gpt_neox.layers.11.mlp.dense_h_to_4h.bias]  
Loading weights:  50%|####9     | 145/292 [00:00<00:00, 2210.19it/s, Materializing param=gpt_neox.layers.11.mlp.dense_h_to_4h.bias]
Loading weights:  50%|#####     | 146/292 [00:00<00:00, 2221.89it/s, Materializing param=gpt_neox.layers.11.mlp.dense_h_to_4h.weight]
Loading weights:  50%|#####     | 146/292 [00:00<00:00, 2219.92it/s, Materializing param=gpt_neox.layers.11.mlp.dense_h_to_4h.weight]
Loading weights:  50%|#####     | 147/292 [00:00<00:00, 2231.60it/s, Materializing param=gpt_neox.layers.11.post_attention_layernorm.bias]
Loading weights:  50%|#####     | 147/292 [00:00<00:00, 2229.54it/s, Materializing param=gpt_neox.layers.11.post_attention_layernorm.bias]
Loading weights:  51%|#####     | 148/292 [00:00<00:00, 2240.89it/s, Materializing param=gpt_neox.layers.11.post_attention_layernorm.weight]
Loading weights:  51%|#####     | 148/292 [00:00<00:00, 2238.83it/s, Materializing param=gpt_neox.layers.11.post_attention_layernorm.weight]
Loading weights:  51%|#####1    | 149/292 [00:00<00:00, 2250.12it/s, Materializing param=gpt_neox.layers.12.attention.dense.bias]           
Loading weights:  51%|#####1    | 149/292 [00:00<00:00, 2248.12it/s, Materializing param=gpt_neox.layers.12.attention.dense.bias]
Loading weights:  51%|#####1    | 150/292 [00:00<00:00, 2259.53it/s, Materializing param=gpt_neox.layers.12.attention.dense.weight]
Loading weights:  51%|#####1    | 150/292 [00:00<00:00, 2257.53it/s, Materializing param=gpt_neox.layers.12.attention.dense.weight]
Loading weights:  52%|#####1    | 151/292 [00:00<00:00, 2268.99it/s, Materializing param=gpt_neox.layers.12.attention.query_key_value.bias]
Loading weights:  52%|#####1    | 151/292 [00:00<00:00, 2266.96it/s, Materializing param=gpt_neox.layers.12.attention.query_key_value.bias]
Loading weights:  52%|#####2    | 152/292 [00:00<00:00, 2278.38it/s, Materializing param=gpt_neox.layers.12.attention.query_key_value.weight]
Loading weights:  52%|#####2    | 152/292 [00:00<00:00, 2276.31it/s, Materializing param=gpt_neox.layers.12.attention.query_key_value.weight]
Loading weights:  52%|#####2    | 153/292 [00:00<00:00, 2287.77it/s, Materializing param=gpt_neox.layers.12.input_layernorm.bias]            
Loading weights:  52%|#####2    | 153/292 [00:00<00:00, 2285.83it/s, Materializing param=gpt_neox.layers.12.input_layernorm.bias]
Loading weights:  53%|#####2    | 154/292 [00:00<00:00, 2293.57it/s, Materializing param=gpt_neox.layers.12.input_layernorm.weight]
Loading weights:  53%|#####2    | 154/292 [00:00<00:00, 2291.39it/s, Materializing param=gpt_neox.layers.12.input_layernorm.weight]
Loading weights:  53%|#####3    | 155/292 [00:00<00:00, 2298.35it/s, Materializing param=gpt_neox.layers.12.mlp.dense_4h_to_h.bias]
Loading weights:  53%|#####3    | 155/292 [00:00<00:00, 2296.02it/s, Materializing param=gpt_neox.layers.12.mlp.dense_4h_to_h.bias]
Loading weights:  53%|#####3    | 156/292 [00:00<00:00, 2306.48it/s, Materializing param=gpt_neox.layers.12.mlp.dense_4h_to_h.weight]
Loading weights:  53%|#####3    | 156/292 [00:00<00:00, 2304.35it/s, Materializing param=gpt_neox.layers.12.mlp.dense_4h_to_h.weight]
Loading weights:  54%|#####3    | 157/292 [00:00<00:00, 2313.38it/s, Materializing param=gpt_neox.layers.12.mlp.dense_h_to_4h.bias]  
Loading weights:  54%|#####3    | 157/292 [00:00<00:00, 2310.67it/s, Materializing param=gpt_neox.layers.12.mlp.dense_h_to_4h.bias]
Loading weights:  54%|#####4    | 158/292 [00:00<00:00, 2320.82it/s, Materializing param=gpt_neox.layers.12.mlp.dense_h_to_4h.weight]
Loading weights:  54%|#####4    | 158/292 [00:00<00:00, 2318.56it/s, Materializing param=gpt_neox.layers.12.mlp.dense_h_to_4h.weight]
Loading weights:  54%|#####4    | 159/292 [00:00<00:00, 2329.25it/s, Materializing param=gpt_neox.layers.12.post_attention_layernorm.bias]
Loading weights:  54%|#####4    | 159/292 [00:00<00:00, 2327.10it/s, Materializing param=gpt_neox.layers.12.post_attention_layernorm.bias]
Loading weights:  55%|#####4    | 160/292 [00:00<00:00, 2337.79it/s, Materializing param=gpt_neox.layers.12.post_attention_layernorm.weight]
Loading weights:  55%|#####4    | 160/292 [00:00<00:00, 2335.66it/s, Materializing param=gpt_neox.layers.12.post_attention_layernorm.weight]
Loading weights:  55%|#####5    | 161/292 [00:00<00:00, 2346.47it/s, Materializing param=gpt_neox.layers.13.attention.dense.bias]           
Loading weights:  55%|#####5    | 161/292 [00:00<00:00, 2344.39it/s, Materializing param=gpt_neox.layers.13.attention.dense.bias]
Loading weights:  55%|#####5    | 162/292 [00:00<00:00, 2355.08it/s, Materializing param=gpt_neox.layers.13.attention.dense.weight]
Loading weights:  55%|#####5    | 162/292 [00:00<00:00, 2353.01it/s, Materializing param=gpt_neox.layers.13.attention.dense.weight]
Loading weights:  56%|#####5    | 163/292 [00:00<00:00, 2363.81it/s, Materializing param=gpt_neox.layers.13.attention.query_key_value.bias]
Loading weights:  56%|#####5    | 163/292 [00:00<00:00, 2361.69it/s, Materializing param=gpt_neox.layers.13.attention.query_key_value.bias]
Loading weights:  56%|#####6    | 164/292 [00:00<00:00, 2372.42it/s, Materializing param=gpt_neox.layers.13.attention.query_key_value.weight]
Loading weights:  56%|#####6    | 164/292 [00:00<00:00, 2370.32it/s, Materializing param=gpt_neox.layers.13.attention.query_key_value.weight]
Loading weights:  57%|#####6    | 165/292 [00:00<00:00, 2381.02it/s, Materializing param=gpt_neox.layers.13.input_layernorm.bias]            
Loading weights:  57%|#####6    | 165/292 [00:00<00:00, 2378.95it/s, Materializing param=gpt_neox.layers.13.input_layernorm.bias]
Loading weights:  57%|#####6    | 166/292 [00:00<00:00, 2389.23it/s, Materializing param=gpt_neox.layers.13.input_layernorm.weight]
Loading weights:  57%|#####6    | 166/292 [00:00<00:00, 2387.12it/s, Materializing param=gpt_neox.layers.13.input_layernorm.weight]
Loading weights:  57%|#####7    | 167/292 [00:00<00:00, 2397.84it/s, Materializing param=gpt_neox.layers.13.mlp.dense_4h_to_h.bias]
Loading weights:  57%|#####7    | 167/292 [00:00<00:00, 2395.79it/s, Materializing param=gpt_neox.layers.13.mlp.dense_4h_to_h.bias]
Loading weights:  58%|#####7    | 168/292 [00:00<00:00, 2406.47it/s, Materializing param=gpt_neox.layers.13.mlp.dense_4h_to_h.weight]
Loading weights:  58%|#####7    | 168/292 [00:00<00:00, 2404.41it/s, Materializing param=gpt_neox.layers.13.mlp.dense_4h_to_h.weight]
Loading weights:  58%|#####7    | 169/292 [00:00<00:00, 2415.03it/s, Materializing param=gpt_neox.layers.13.mlp.dense_h_to_4h.bias]  
Loading weights:  58%|#####7    | 169/292 [00:00<00:00, 2412.93it/s, Materializing param=gpt_neox.layers.13.mlp.dense_h_to_4h.bias]
Loading weights:  58%|#####8    | 170/292 [00:00<00:00, 2423.49it/s, Materializing param=gpt_neox.layers.13.mlp.dense_h_to_4h.weight]
Loading weights:  58%|#####8    | 170/292 [00:00<00:00, 2421.40it/s, Materializing param=gpt_neox.layers.13.mlp.dense_h_to_4h.weight]
Loading weights:  59%|#####8    | 171/292 [00:00<00:00, 2431.92it/s, Materializing param=gpt_neox.layers.13.post_attention_layernorm.bias]
Loading weights:  59%|#####8    | 171/292 [00:00<00:00, 2429.82it/s, Materializing param=gpt_neox.layers.13.post_attention_layernorm.bias]
Loading weights:  59%|#####8    | 172/292 [00:00<00:00, 2438.23it/s, Materializing param=gpt_neox.layers.13.post_attention_layernorm.weight]
Loading weights:  59%|#####8    | 172/292 [00:00<00:00, 2435.46it/s, Materializing param=gpt_neox.layers.13.post_attention_layernorm.weight]
Loading weights:  59%|#####9    | 173/292 [00:00<00:00, 2440.57it/s, Materializing param=gpt_neox.layers.14.attention.dense.bias]           
Loading weights:  59%|#####9    | 173/292 [00:00<00:00, 2436.00it/s, Materializing param=gpt_neox.layers.14.attention.dense.bias]
Loading weights:  60%|#####9    | 174/292 [00:00<00:00, 2441.42it/s, Materializing param=gpt_neox.layers.14.attention.dense.weight]
Loading weights:  60%|#####9    | 174/292 [00:00<00:00, 2439.08it/s, Materializing param=gpt_neox.layers.14.attention.dense.weight]
Loading weights:  60%|#####9    | 175/292 [00:00<00:00, 2446.51it/s, Materializing param=gpt_neox.layers.14.attention.query_key_value.bias]
Loading weights:  60%|#####9    | 175/292 [00:00<00:00, 2442.24it/s, Materializing param=gpt_neox.layers.14.attention.query_key_value.bias]
Loading weights:  60%|######    | 176/292 [00:00<00:00, 2448.14it/s, Materializing param=gpt_neox.layers.14.attention.query_key_value.weight]
Loading weights:  60%|######    | 176/292 [00:00<00:00, 2445.90it/s, Materializing param=gpt_neox.layers.14.attention.query_key_value.weight]
Loading weights:  61%|######    | 177/292 [00:00<00:00, 2454.10it/s, Materializing param=gpt_neox.layers.14.input_layernorm.bias]            
Loading weights:  61%|######    | 177/292 [00:00<00:00, 2445.55it/s, Materializing param=gpt_neox.layers.14.input_layernorm.bias]
Loading weights:  61%|######    | 178/292 [00:00<00:00, 2451.30it/s, Materializing param=gpt_neox.layers.14.input_layernorm.weight]
Loading weights:  61%|######    | 178/292 [00:00<00:00, 2445.62it/s, Materializing param=gpt_neox.layers.14.input_layernorm.weight]
Loading weights:  61%|######1   | 179/292 [00:00<00:00, 2446.26it/s, Materializing param=gpt_neox.layers.14.mlp.dense_4h_to_h.bias]
Loading weights:  61%|######1   | 179/292 [00:00<00:00, 2441.59it/s, Materializing param=gpt_neox.layers.14.mlp.dense_4h_to_h.bias]
Loading weights:  62%|######1   | 180/292 [00:00<00:00, 2447.37it/s, Materializing param=gpt_neox.layers.14.mlp.dense_4h_to_h.weight]
Loading weights:  62%|######1   | 180/292 [00:00<00:00, 2436.35it/s, Materializing param=gpt_neox.layers.14.mlp.dense_4h_to_h.weight]
Loading weights:  62%|######1   | 181/292 [00:00<00:00, 2441.14it/s, Materializing param=gpt_neox.layers.14.mlp.dense_h_to_4h.bias]  
Loading weights:  62%|######1   | 181/292 [00:00<00:00, 2437.73it/s, Materializing param=gpt_neox.layers.14.mlp.dense_h_to_4h.bias]
Loading weights:  62%|######2   | 182/292 [00:00<00:00, 2440.31it/s, Materializing param=gpt_neox.layers.14.mlp.dense_h_to_4h.weight]
Loading weights:  62%|######2   | 182/292 [00:00<00:00, 2432.67it/s, Materializing param=gpt_neox.layers.14.mlp.dense_h_to_4h.weight]
Loading weights:  63%|######2   | 183/292 [00:00<00:00, 2437.18it/s, Materializing param=gpt_neox.layers.14.post_attention_layernorm.bias]
Loading weights:  63%|######2   | 183/292 [00:00<00:00, 2432.63it/s, Materializing param=gpt_neox.layers.14.post_attention_layernorm.bias]
Loading weights:  63%|######3   | 184/292 [00:00<00:00, 2433.12it/s, Materializing param=gpt_neox.layers.14.post_attention_layernorm.weight]
Loading weights:  63%|######3   | 184/292 [00:00<00:00, 2428.83it/s, Materializing param=gpt_neox.layers.14.post_attention_layernorm.weight]
Loading weights:  63%|######3   | 185/292 [00:00<00:00, 2434.43it/s, Materializing param=gpt_neox.layers.15.attention.dense.bias]           
Loading weights:  63%|######3   | 185/292 [00:00<00:00, 2431.20it/s, Materializing param=gpt_neox.layers.15.attention.dense.bias]
Loading weights:  64%|######3   | 186/292 [00:00<00:00, 2431.47it/s, Materializing param=gpt_neox.layers.15.attention.dense.weight]
Loading weights:  64%|######3   | 186/292 [00:00<00:00, 2425.94it/s, Materializing param=gpt_neox.layers.15.attention.dense.weight]
Loading weights:  64%|######4   | 187/292 [00:00<00:00, 2426.64it/s, Materializing param=gpt_neox.layers.15.attention.query_key_value.bias]
Loading weights:  64%|######4   | 187/292 [00:00<00:00, 2418.04it/s, Materializing param=gpt_neox.layers.15.attention.query_key_value.bias]
Loading weights:  64%|######4   | 188/292 [00:00<00:00, 2424.40it/s, Materializing param=gpt_neox.layers.15.attention.query_key_value.weight]
Loading weights:  64%|######4   | 188/292 [00:00<00:00, 2422.26it/s, Materializing param=gpt_neox.layers.15.attention.query_key_value.weight]
Loading weights:  65%|######4   | 189/292 [00:00<00:00, 2428.14it/s, Materializing param=gpt_neox.layers.15.input_layernorm.bias]            
Loading weights:  65%|######4   | 189/292 [00:00<00:00, 2426.17it/s, Materializing param=gpt_neox.layers.15.input_layernorm.bias]
Loading weights:  65%|######5   | 190/292 [00:00<00:00, 2433.89it/s, Materializing param=gpt_neox.layers.15.input_layernorm.weight]
Loading weights:  65%|######5   | 190/292 [00:00<00:00, 2431.96it/s, Materializing param=gpt_neox.layers.15.input_layernorm.weight]
Loading weights:  65%|######5   | 191/292 [00:00<00:00, 2433.16it/s, Materializing param=gpt_neox.layers.15.mlp.dense_4h_to_h.bias]
Loading weights:  65%|######5   | 191/292 [00:00<00:00, 2425.25it/s, Materializing param=gpt_neox.layers.15.mlp.dense_4h_to_h.bias]
Loading weights:  66%|######5   | 192/292 [00:00<00:00, 2423.11it/s, Materializing param=gpt_neox.layers.15.mlp.dense_4h_to_h.weight]
Loading weights:  66%|######5   | 192/292 [00:00<00:00, 2418.68it/s, Materializing param=gpt_neox.layers.15.mlp.dense_4h_to_h.weight]
Loading weights:  66%|######6   | 193/292 [00:00<00:00, 2423.97it/s, Materializing param=gpt_neox.layers.15.mlp.dense_h_to_4h.bias]  
Loading weights:  66%|######6   | 193/292 [00:00<00:00, 2417.99it/s, Materializing param=gpt_neox.layers.15.mlp.dense_h_to_4h.bias]
Loading weights:  66%|######6   | 194/292 [00:00<00:00, 2420.28it/s, Materializing param=gpt_neox.layers.15.mlp.dense_h_to_4h.weight]
Loading weights:  66%|######6   | 194/292 [00:00<00:00, 2415.99it/s, Materializing param=gpt_neox.layers.15.mlp.dense_h_to_4h.weight]
Loading weights:  67%|######6   | 195/292 [00:00<00:00, 2422.37it/s, Materializing param=gpt_neox.layers.15.post_attention_layernorm.bias]
Loading weights:  67%|######6   | 195/292 [00:00<00:00, 2411.42it/s, Materializing param=gpt_neox.layers.15.post_attention_layernorm.bias]
Loading weights:  67%|######7   | 196/292 [00:00<00:00, 2414.66it/s, Materializing param=gpt_neox.layers.15.post_attention_layernorm.weight]
Loading weights:  67%|######7   | 196/292 [00:00<00:00, 2411.54it/s, Materializing param=gpt_neox.layers.15.post_attention_layernorm.weight]
Loading weights:  67%|######7   | 197/292 [00:00<00:00, 2410.24it/s, Materializing param=gpt_neox.layers.16.attention.dense.bias]           
Loading weights:  67%|######7   | 197/292 [00:00<00:00, 2406.10it/s, Materializing param=gpt_neox.layers.16.attention.dense.bias]
Loading weights:  68%|######7   | 198/292 [00:00<00:00, 2411.30it/s, Materializing param=gpt_neox.layers.16.attention.dense.weight]
Loading weights:  68%|######7   | 198/292 [00:00<00:00, 2408.27it/s, Materializing param=gpt_neox.layers.16.attention.dense.weight]
Loading weights:  68%|######8   | 199/292 [00:00<00:00, 2405.80it/s, Materializing param=gpt_neox.layers.16.attention.query_key_value.bias]
Loading weights:  68%|######8   | 199/292 [00:00<00:00, 2401.78it/s, Materializing param=gpt_neox.layers.16.attention.query_key_value.bias]
Loading weights:  68%|######8   | 200/292 [00:00<00:00, 2406.08it/s, Materializing param=gpt_neox.layers.16.attention.query_key_value.weight]
Loading weights:  68%|######8   | 200/292 [00:00<00:00, 2403.93it/s, Materializing param=gpt_neox.layers.16.attention.query_key_value.weight]
Loading weights:  69%|######8   | 201/292 [00:00<00:00, 2410.84it/s, Materializing param=gpt_neox.layers.16.input_layernorm.bias]            
Loading weights:  69%|######8   | 201/292 [00:00<00:00, 2408.75it/s, Materializing param=gpt_neox.layers.16.input_layernorm.bias]
Loading weights:  69%|######9   | 202/292 [00:00<00:00, 2417.24it/s, Materializing param=gpt_neox.layers.16.input_layernorm.weight]
Loading weights:  69%|######9   | 202/292 [00:00<00:00, 2415.44it/s, Materializing param=gpt_neox.layers.16.input_layernorm.weight]
Loading weights:  70%|######9   | 203/292 [00:00<00:00, 2421.84it/s, Materializing param=gpt_neox.layers.16.mlp.dense_4h_to_h.bias]
Loading weights:  70%|######9   | 203/292 [00:00<00:00, 2419.85it/s, Materializing param=gpt_neox.layers.16.mlp.dense_4h_to_h.bias]
Loading weights:  70%|######9   | 204/292 [00:00<00:00, 2427.84it/s, Materializing param=gpt_neox.layers.16.mlp.dense_4h_to_h.weight]
Loading weights:  70%|######9   | 204/292 [00:00<00:00, 2426.09it/s, Materializing param=gpt_neox.layers.16.mlp.dense_4h_to_h.weight]
Loading weights:  70%|#######   | 205/292 [00:00<00:00, 2434.74it/s, Materializing param=gpt_neox.layers.16.mlp.dense_h_to_4h.bias]  
Loading weights:  70%|#######   | 205/292 [00:00<00:00, 2433.08it/s, Materializing param=gpt_neox.layers.16.mlp.dense_h_to_4h.bias]
Loading weights:  71%|#######   | 206/292 [00:00<00:00, 2441.69it/s, Materializing param=gpt_neox.layers.16.mlp.dense_h_to_4h.weight]
Loading weights:  71%|#######   | 206/292 [00:00<00:00, 2440.06it/s, Materializing param=gpt_neox.layers.16.mlp.dense_h_to_4h.weight]
Loading weights:  71%|#######   | 207/292 [00:00<00:00, 2448.89it/s, Materializing param=gpt_neox.layers.16.post_attention_layernorm.bias]
Loading weights:  71%|#######   | 207/292 [00:00<00:00, 2447.20it/s, Materializing param=gpt_neox.layers.16.post_attention_layernorm.bias]
Loading weights:  71%|#######1  | 208/292 [00:00<00:00, 2455.98it/s, Materializing param=gpt_neox.layers.16.post_attention_layernorm.weight]
Loading weights:  71%|#######1  | 208/292 [00:00<00:00, 2454.34it/s, Materializing param=gpt_neox.layers.16.post_attention_layernorm.weight]
Loading weights:  72%|#######1  | 209/292 [00:00<00:00, 2463.24it/s, Materializing param=gpt_neox.layers.17.attention.dense.bias]           
Loading weights:  72%|#######1  | 209/292 [00:00<00:00, 2461.60it/s, Materializing param=gpt_neox.layers.17.attention.dense.bias]
Loading weights:  72%|#######1  | 210/292 [00:00<00:00, 2469.33it/s, Materializing param=gpt_neox.layers.17.attention.dense.weight]
Loading weights:  72%|#######1  | 210/292 [00:00<00:00, 2467.55it/s, Materializing param=gpt_neox.layers.17.attention.dense.weight]
Loading weights:  72%|#######2  | 211/292 [00:00<00:00, 2476.02it/s, Materializing param=gpt_neox.layers.17.attention.query_key_value.bias]
Loading weights:  72%|#######2  | 211/292 [00:00<00:00, 2474.18it/s, Materializing param=gpt_neox.layers.17.attention.query_key_value.bias]
Loading weights:  73%|#######2  | 212/292 [00:00<00:00, 2482.65it/s, Materializing param=gpt_neox.layers.17.attention.query_key_value.weight]
Loading weights:  73%|#######2  | 212/292 [00:00<00:00, 2480.89it/s, Materializing param=gpt_neox.layers.17.attention.query_key_value.weight]
Loading weights:  73%|#######2  | 213/292 [00:00<00:00, 2489.57it/s, Materializing param=gpt_neox.layers.17.input_layernorm.bias]            
Loading weights:  73%|#######2  | 213/292 [00:00<00:00, 2487.95it/s, Materializing param=gpt_neox.layers.17.input_layernorm.bias]
Loading weights:  73%|#######3  | 214/292 [00:00<00:00, 2496.71it/s, Materializing param=gpt_neox.layers.17.input_layernorm.weight]
Loading weights:  73%|#######3  | 214/292 [00:00<00:00, 2495.10it/s, Materializing param=gpt_neox.layers.17.input_layernorm.weight]
Loading weights:  74%|#######3  | 215/292 [00:00<00:00, 2503.92it/s, Materializing param=gpt_neox.layers.17.mlp.dense_4h_to_h.bias]
Loading weights:  74%|#######3  | 215/292 [00:00<00:00, 2502.05it/s, Materializing param=gpt_neox.layers.17.mlp.dense_4h_to_h.bias]
Loading weights:  74%|#######3  | 216/292 [00:00<00:00, 2510.52it/s, Materializing param=gpt_neox.layers.17.mlp.dense_4h_to_h.weight]
Loading weights:  74%|#######3  | 216/292 [00:00<00:00, 2508.78it/s, Materializing param=gpt_neox.layers.17.mlp.dense_4h_to_h.weight]
Loading weights:  74%|#######4  | 217/292 [00:00<00:00, 2517.29it/s, Materializing param=gpt_neox.layers.17.mlp.dense_h_to_4h.bias]  
Loading weights:  74%|#######4  | 217/292 [00:00<00:00, 2515.56it/s, Materializing param=gpt_neox.layers.17.mlp.dense_h_to_4h.bias]
Loading weights:  75%|#######4  | 218/292 [00:00<00:00, 2524.06it/s, Materializing param=gpt_neox.layers.17.mlp.dense_h_to_4h.weight]
Loading weights:  75%|#######4  | 218/292 [00:00<00:00, 2522.35it/s, Materializing param=gpt_neox.layers.17.mlp.dense_h_to_4h.weight]
Loading weights:  75%|#######5  | 219/292 [00:00<00:00, 2530.86it/s, Materializing param=gpt_neox.layers.17.post_attention_layernorm.bias]
Loading weights:  75%|#######5  | 219/292 [00:00<00:00, 2529.14it/s, Materializing param=gpt_neox.layers.17.post_attention_layernorm.bias]
Loading weights:  75%|#######5  | 220/292 [00:00<00:00, 2537.62it/s, Materializing param=gpt_neox.layers.17.post_attention_layernorm.weight]
Loading weights:  75%|#######5  | 220/292 [00:00<00:00, 2535.87it/s, Materializing param=gpt_neox.layers.17.post_attention_layernorm.weight]
Loading weights:  76%|#######5  | 221/292 [00:00<00:00, 2544.39it/s, Materializing param=gpt_neox.layers.18.attention.dense.bias]           
Loading weights:  76%|#######5  | 221/292 [00:00<00:00, 2542.50it/s, Materializing param=gpt_neox.layers.18.attention.dense.bias]
Loading weights:  76%|#######6  | 222/292 [00:00<00:00, 2550.64it/s, Materializing param=gpt_neox.layers.18.attention.dense.weight]
Loading weights:  76%|#######6  | 222/292 [00:00<00:00, 2548.88it/s, Materializing param=gpt_neox.layers.18.attention.dense.weight]
Loading weights:  76%|#######6  | 223/292 [00:00<00:00, 2557.28it/s, Materializing param=gpt_neox.layers.18.attention.query_key_value.bias]
Loading weights:  76%|#######6  | 223/292 [00:00<00:00, 2555.53it/s, Materializing param=gpt_neox.layers.18.attention.query_key_value.bias]
Loading weights:  77%|#######6  | 224/292 [00:00<00:00, 2563.79it/s, Materializing param=gpt_neox.layers.18.attention.query_key_value.weight]
Loading weights:  77%|#######6  | 224/292 [00:00<00:00, 2562.01it/s, Materializing param=gpt_neox.layers.18.attention.query_key_value.weight]
Loading weights:  77%|#######7  | 225/292 [00:00<00:00, 2570.18it/s, Materializing param=gpt_neox.layers.18.input_layernorm.bias]            
Loading weights:  77%|#######7  | 225/292 [00:00<00:00, 2568.44it/s, Materializing param=gpt_neox.layers.18.input_layernorm.bias]
Loading weights:  77%|#######7  | 226/292 [00:00<00:00, 2576.77it/s, Materializing param=gpt_neox.layers.18.input_layernorm.weight]
Loading weights:  77%|#######7  | 226/292 [00:00<00:00, 2575.07it/s, Materializing param=gpt_neox.layers.18.input_layernorm.weight]
Loading weights:  78%|#######7  | 227/292 [00:00<00:00, 2583.41it/s, Materializing param=gpt_neox.layers.18.mlp.dense_4h_to_h.bias]
Loading weights:  78%|#######7  | 227/292 [00:00<00:00, 2581.56it/s, Materializing param=gpt_neox.layers.18.mlp.dense_4h_to_h.bias]
Loading weights:  78%|#######8  | 228/292 [00:00<00:00, 2589.74it/s, Materializing param=gpt_neox.layers.18.mlp.dense_4h_to_h.weight]
Loading weights:  78%|#######8  | 228/292 [00:00<00:00, 2588.02it/s, Materializing param=gpt_neox.layers.18.mlp.dense_4h_to_h.weight]
Loading weights:  78%|#######8  | 229/292 [00:00<00:00, 2596.22it/s, Materializing param=gpt_neox.layers.18.mlp.dense_h_to_4h.bias]  
Loading weights:  78%|#######8  | 229/292 [00:00<00:00, 2594.50it/s, Materializing param=gpt_neox.layers.18.mlp.dense_h_to_4h.bias]
Loading weights:  79%|#######8  | 230/292 [00:00<00:00, 2602.60it/s, Materializing param=gpt_neox.layers.18.mlp.dense_h_to_4h.weight]
Loading weights:  79%|#######8  | 230/292 [00:00<00:00, 2600.86it/s, Materializing param=gpt_neox.layers.18.mlp.dense_h_to_4h.weight]
Loading weights:  79%|#######9  | 231/292 [00:00<00:00, 2609.06it/s, Materializing param=gpt_neox.layers.18.post_attention_layernorm.bias]
Loading weights:  79%|#######9  | 231/292 [00:00<00:00, 2607.30it/s, Materializing param=gpt_neox.layers.18.post_attention_layernorm.bias]
Loading weights:  79%|#######9  | 232/292 [00:00<00:00, 2615.50it/s, Materializing param=gpt_neox.layers.18.post_attention_layernorm.weight]
Loading weights:  79%|#######9  | 232/292 [00:00<00:00, 2613.75it/s, Materializing param=gpt_neox.layers.18.post_attention_layernorm.weight]
Loading weights:  80%|#######9  | 233/292 [00:00<00:00, 2621.95it/s, Materializing param=gpt_neox.layers.19.attention.dense.bias]           
Loading weights:  80%|#######9  | 233/292 [00:00<00:00, 2620.09it/s, Materializing param=gpt_neox.layers.19.attention.dense.bias]
Loading weights:  80%|########  | 234/292 [00:00<00:00, 2628.12it/s, Materializing param=gpt_neox.layers.19.attention.dense.weight]
Loading weights:  80%|########  | 234/292 [00:00<00:00, 2626.39it/s, Materializing param=gpt_neox.layers.19.attention.dense.weight]
Loading weights:  80%|########  | 235/292 [00:00<00:00, 2634.51it/s, Materializing param=gpt_neox.layers.19.attention.query_key_value.bias]
Loading weights:  80%|########  | 235/292 [00:00<00:00, 2632.77it/s, Materializing param=gpt_neox.layers.19.attention.query_key_value.bias]
Loading weights:  81%|########  | 236/292 [00:00<00:00, 2640.83it/s, Materializing param=gpt_neox.layers.19.attention.query_key_value.weight]
Loading weights:  81%|########  | 236/292 [00:00<00:00, 2639.05it/s, Materializing param=gpt_neox.layers.19.attention.query_key_value.weight]
Loading weights:  81%|########1 | 237/292 [00:00<00:00, 2647.11it/s, Materializing param=gpt_neox.layers.19.input_layernorm.bias]            
Loading weights:  81%|########1 | 237/292 [00:00<00:00, 2645.33it/s, Materializing param=gpt_neox.layers.19.input_layernorm.bias]
Loading weights:  82%|########1 | 238/292 [00:00<00:00, 2653.22it/s, Materializing param=gpt_neox.layers.19.input_layernorm.weight]
Loading weights:  82%|########1 | 238/292 [00:00<00:00, 2651.49it/s, Materializing param=gpt_neox.layers.19.input_layernorm.weight]
Loading weights:  82%|########1 | 239/292 [00:00<00:00, 2659.57it/s, Materializing param=gpt_neox.layers.19.mlp.dense_4h_to_h.bias]
Loading weights:  82%|########1 | 239/292 [00:00<00:00, 2657.73it/s, Materializing param=gpt_neox.layers.19.mlp.dense_4h_to_h.bias]
Loading weights:  82%|########2 | 240/292 [00:00<00:00, 2665.70it/s, Materializing param=gpt_neox.layers.19.mlp.dense_4h_to_h.weight]
Loading weights:  82%|########2 | 240/292 [00:00<00:00, 2663.97it/s, Materializing param=gpt_neox.layers.19.mlp.dense_4h_to_h.weight]
Loading weights:  83%|########2 | 241/292 [00:00<00:00, 2671.98it/s, Materializing param=gpt_neox.layers.19.mlp.dense_h_to_4h.bias]  
Loading weights:  83%|########2 | 241/292 [00:00<00:00, 2670.25it/s, Materializing param=gpt_neox.layers.19.mlp.dense_h_to_4h.bias]
Loading weights:  83%|########2 | 242/292 [00:00<00:00, 2678.21it/s, Materializing param=gpt_neox.layers.19.mlp.dense_h_to_4h.weight]
Loading weights:  83%|########2 | 242/292 [00:00<00:00, 2676.48it/s, Materializing param=gpt_neox.layers.19.mlp.dense_h_to_4h.weight]
Loading weights:  83%|########3 | 243/292 [00:00<00:00, 2684.51it/s, Materializing param=gpt_neox.layers.19.post_attention_layernorm.bias]
Loading weights:  83%|########3 | 243/292 [00:00<00:00, 2682.78it/s, Materializing param=gpt_neox.layers.19.post_attention_layernorm.bias]
Loading weights:  84%|########3 | 244/292 [00:00<00:00, 2690.76it/s, Materializing param=gpt_neox.layers.19.post_attention_layernorm.weight]
Loading weights:  84%|########3 | 244/292 [00:00<00:00, 2689.00it/s, Materializing param=gpt_neox.layers.19.post_attention_layernorm.weight]
Loading weights:  84%|########3 | 245/292 [00:00<00:00, 2695.31it/s, Materializing param=gpt_neox.layers.20.attention.dense.bias]           
Loading weights:  84%|########3 | 245/292 [00:00<00:00, 2691.49it/s, Materializing param=gpt_neox.layers.20.attention.dense.bias]
Loading weights:  84%|########4 | 246/292 [00:00<00:00, 2695.05it/s, Materializing param=gpt_neox.layers.20.attention.dense.weight]
Loading weights:  84%|########4 | 246/292 [00:00<00:00, 2688.26it/s, Materializing param=gpt_neox.layers.20.attention.dense.weight]
Loading weights:  85%|########4 | 247/292 [00:00<00:00, 2690.95it/s, Materializing param=gpt_neox.layers.20.attention.query_key_value.bias]
Loading weights:  85%|########4 | 247/292 [00:00<00:00, 2688.96it/s, Materializing param=gpt_neox.layers.20.attention.query_key_value.bias]
Loading weights:  85%|########4 | 248/292 [00:00<00:00, 2694.67it/s, Materializing param=gpt_neox.layers.20.attention.query_key_value.weight]
Loading weights:  85%|########4 | 248/292 [00:00<00:00, 2689.96it/s, Materializing param=gpt_neox.layers.20.attention.query_key_value.weight]
Loading weights:  85%|########5 | 249/292 [00:00<00:00, 2695.88it/s, Materializing param=gpt_neox.layers.20.input_layernorm.bias]            
Loading weights:  85%|########5 | 249/292 [00:00<00:00, 2686.04it/s, Materializing param=gpt_neox.layers.20.input_layernorm.bias]
Loading weights:  86%|########5 | 250/292 [00:00<00:00, 2686.34it/s, Materializing param=gpt_neox.layers.20.input_layernorm.weight]
Loading weights:  86%|########5 | 250/292 [00:00<00:00, 2682.21it/s, Materializing param=gpt_neox.layers.20.input_layernorm.weight]
Loading weights:  86%|########5 | 251/292 [00:00<00:00, 2686.15it/s, Materializing param=gpt_neox.layers.20.mlp.dense_4h_to_h.bias]
Loading weights:  86%|########5 | 251/292 [00:00<00:00, 2683.21it/s, Materializing param=gpt_neox.layers.20.mlp.dense_4h_to_h.bias]
Loading weights:  86%|########6 | 252/292 [00:00<00:00, 2680.66it/s, Materializing param=gpt_neox.layers.20.mlp.dense_4h_to_h.weight]
Loading weights:  86%|########6 | 252/292 [00:00<00:00, 2676.76it/s, Materializing param=gpt_neox.layers.20.mlp.dense_4h_to_h.weight]
Loading weights:  87%|########6 | 253/292 [00:00<00:00, 2680.55it/s, Materializing param=gpt_neox.layers.20.mlp.dense_h_to_4h.bias]  
Loading weights:  87%|########6 | 253/292 [00:00<00:00, 2674.84it/s, Materializing param=gpt_neox.layers.20.mlp.dense_h_to_4h.bias]
Loading weights:  87%|########6 | 254/292 [00:00<00:00, 2677.06it/s, Materializing param=gpt_neox.layers.20.mlp.dense_h_to_4h.weight]
Loading weights:  87%|########6 | 254/292 [00:00<00:00, 2673.17it/s, Materializing param=gpt_neox.layers.20.mlp.dense_h_to_4h.weight]
Loading weights:  87%|########7 | 255/292 [00:00<00:00, 2668.67it/s, Materializing param=gpt_neox.layers.20.post_attention_layernorm.bias]
Loading weights:  87%|########7 | 255/292 [00:00<00:00, 2662.99it/s, Materializing param=gpt_neox.layers.20.post_attention_layernorm.bias]
Loading weights:  88%|########7 | 256/292 [00:00<00:00, 2665.65it/s, Materializing param=gpt_neox.layers.20.post_attention_layernorm.weight]
Loading weights:  88%|########7 | 256/292 [00:00<00:00, 2662.71it/s, Materializing param=gpt_neox.layers.20.post_attention_layernorm.weight]
Loading weights:  88%|########8 | 257/292 [00:00<00:00, 2663.86it/s, Materializing param=gpt_neox.layers.21.attention.dense.bias]           
Loading weights:  88%|########8 | 257/292 [00:00<00:00, 2657.84it/s, Materializing param=gpt_neox.layers.21.attention.dense.bias]
Loading weights:  88%|########8 | 258/292 [00:00<00:00, 2659.80it/s, Materializing param=gpt_neox.layers.21.attention.dense.weight]
Loading weights:  88%|########8 | 258/292 [00:00<00:00, 2657.07it/s, Materializing param=gpt_neox.layers.21.attention.dense.weight]
Loading weights:  89%|########8 | 259/292 [00:00<00:00, 2654.77it/s, Materializing param=gpt_neox.layers.21.attention.query_key_value.bias]
Loading weights:  89%|########8 | 259/292 [00:00<00:00, 2648.95it/s, Materializing param=gpt_neox.layers.21.attention.query_key_value.bias]
Loading weights:  89%|########9 | 260/292 [00:00<00:00, 2650.86it/s, Materializing param=gpt_neox.layers.21.attention.query_key_value.weight]
Loading weights:  89%|########9 | 260/292 [00:00<00:00, 2649.04it/s, Materializing param=gpt_neox.layers.21.attention.query_key_value.weight]
Loading weights:  89%|########9 | 261/292 [00:00<00:00, 2653.61it/s, Materializing param=gpt_neox.layers.21.input_layernorm.bias]            
Loading weights:  89%|########9 | 261/292 [00:00<00:00, 2651.86it/s, Materializing param=gpt_neox.layers.21.input_layernorm.bias]
Loading weights:  90%|########9 | 262/292 [00:00<00:00, 2652.35it/s, Materializing param=gpt_neox.layers.21.input_layernorm.weight]
Loading weights:  90%|########9 | 262/292 [00:00<00:00, 2650.60it/s, Materializing param=gpt_neox.layers.21.input_layernorm.weight]
Loading weights:  90%|######### | 263/292 [00:00<00:00, 2643.48it/s, Materializing param=gpt_neox.layers.21.mlp.dense_4h_to_h.bias]
Loading weights:  90%|######### | 263/292 [00:00<00:00, 2639.54it/s, Materializing param=gpt_neox.layers.21.mlp.dense_4h_to_h.bias]
Loading weights:  90%|######### | 264/292 [00:00<00:00, 2639.73it/s, Materializing param=gpt_neox.layers.21.mlp.dense_4h_to_h.weight]
Loading weights:  90%|######### | 264/292 [00:00<00:00, 2637.24it/s, Materializing param=gpt_neox.layers.21.mlp.dense_4h_to_h.weight]
Loading weights:  91%|######### | 265/292 [00:00<00:00, 2643.43it/s, Materializing param=gpt_neox.layers.21.mlp.dense_4h_to_h.weight]
Loading weights:  91%|######### | 265/292 [00:00<00:00, 2643.43it/s, Materializing param=gpt_neox.layers.21.mlp.dense_h_to_4h.bias]  
Loading weights:  91%|######### | 265/292 [00:00<00:00, 2643.43it/s, Materializing param=gpt_neox.layers.21.mlp.dense_h_to_4h.bias]
Loading weights:  91%|#########1| 266/292 [00:00<00:00, 2643.43it/s, Materializing param=gpt_neox.layers.21.mlp.dense_h_to_4h.weight]
Loading weights:  91%|#########1| 266/292 [00:00<00:00, 2643.43it/s, Materializing param=gpt_neox.layers.21.mlp.dense_h_to_4h.weight]
Loading weights:  91%|#########1| 267/292 [00:00<00:00, 2643.43it/s, Materializing param=gpt_neox.layers.21.post_attention_layernorm.bias]
Loading weights:  91%|#########1| 267/292 [00:00<00:00, 2643.43it/s, Materializing param=gpt_neox.layers.21.post_attention_layernorm.bias]
Loading weights:  92%|#########1| 268/292 [00:00<00:00, 2643.43it/s, Materializing param=gpt_neox.layers.21.post_attention_layernorm.weight]
Loading weights:  92%|#########1| 268/292 [00:00<00:00, 2643.43it/s, Materializing param=gpt_neox.layers.21.post_attention_layernorm.weight]
Loading weights:  92%|#########2| 269/292 [00:00<00:00, 2643.43it/s, Materializing param=gpt_neox.layers.22.attention.dense.bias]           
Loading weights:  92%|#########2| 269/292 [00:00<00:00, 2643.43it/s, Materializing param=gpt_neox.layers.22.attention.dense.bias]
Loading weights:  92%|#########2| 270/292 [00:00<00:00, 2643.43it/s, Materializing param=gpt_neox.layers.22.attention.dense.weight]
Loading weights:  92%|#########2| 270/292 [00:00<00:00, 2643.43it/s, Materializing param=gpt_neox.layers.22.attention.dense.weight]
Loading weights:  93%|#########2| 271/292 [00:00<00:00, 2643.43it/s, Materializing param=gpt_neox.layers.22.attention.query_key_value.bias]
Loading weights:  93%|#########2| 271/292 [00:00<00:00, 2643.43it/s, Materializing param=gpt_neox.layers.22.attention.query_key_value.bias]
Loading weights:  93%|#########3| 272/292 [00:00<00:00, 2643.43it/s, Materializing param=gpt_neox.layers.22.attention.query_key_value.weight]
Loading weights:  93%|#########3| 272/292 [00:00<00:00, 2643.43it/s, Materializing param=gpt_neox.layers.22.attention.query_key_value.weight]
Loading weights:  93%|#########3| 273/292 [00:00<00:00, 2643.43it/s, Materializing param=gpt_neox.layers.22.input_layernorm.bias]            
Loading weights:  93%|#########3| 273/292 [00:00<00:00, 2643.43it/s, Materializing param=gpt_neox.layers.22.input_layernorm.bias]
Loading weights:  94%|#########3| 274/292 [00:00<00:00, 2643.43it/s, Materializing param=gpt_neox.layers.22.input_layernorm.weight]
Loading weights:  94%|#########3| 274/292 [00:00<00:00, 2643.43it/s, Materializing param=gpt_neox.layers.22.input_layernorm.weight]
Loading weights:  94%|#########4| 275/292 [00:00<00:00, 2643.43it/s, Materializing param=gpt_neox.layers.22.mlp.dense_4h_to_h.bias]
Loading weights:  94%|#########4| 275/292 [00:00<00:00, 2643.43it/s, Materializing param=gpt_neox.layers.22.mlp.dense_4h_to_h.bias]
Loading weights:  95%|#########4| 276/292 [00:00<00:00, 2643.43it/s, Materializing param=gpt_neox.layers.22.mlp.dense_4h_to_h.weight]
Loading weights:  95%|#########4| 276/292 [00:00<00:00, 2643.43it/s, Materializing param=gpt_neox.layers.22.mlp.dense_4h_to_h.weight]
Loading weights:  95%|#########4| 277/292 [00:00<00:00, 2643.43it/s, Materializing param=gpt_neox.layers.22.mlp.dense_h_to_4h.bias]  
Loading weights:  95%|#########4| 277/292 [00:00<00:00, 2643.43it/s, Materializing param=gpt_neox.layers.22.mlp.dense_h_to_4h.bias]
Loading weights:  95%|#########5| 278/292 [00:00<00:00, 2643.43it/s, Materializing param=gpt_neox.layers.22.mlp.dense_h_to_4h.weight]
Loading weights:  95%|#########5| 278/292 [00:00<00:00, 2643.43it/s, Materializing param=gpt_neox.layers.22.mlp.dense_h_to_4h.weight]
Loading weights:  96%|#########5| 279/292 [00:00<00:00, 2643.43it/s, Materializing param=gpt_neox.layers.22.post_attention_layernorm.bias]
Loading weights:  96%|#########5| 279/292 [00:00<00:00, 2643.43it/s, Materializing param=gpt_neox.layers.22.post_attention_layernorm.bias]
Loading weights:  96%|#########5| 280/292 [00:00<00:00, 2643.43it/s, Materializing param=gpt_neox.layers.22.post_attention_layernorm.weight]
Loading weights:  96%|#########5| 280/292 [00:00<00:00, 2643.43it/s, Materializing param=gpt_neox.layers.22.post_attention_layernorm.weight]
Loading weights:  96%|#########6| 281/292 [00:00<00:00, 2643.43it/s, Materializing param=gpt_neox.layers.23.attention.dense.bias]           
Loading weights:  96%|#########6| 281/292 [00:00<00:00, 2643.43it/s, Materializing param=gpt_neox.layers.23.attention.dense.bias]
Loading weights:  97%|#########6| 282/292 [00:00<00:00, 2643.43it/s, Materializing param=gpt_neox.layers.23.attention.dense.weight]
Loading weights:  97%|#########6| 282/292 [00:00<00:00, 2643.43it/s, Materializing param=gpt_neox.layers.23.attention.dense.weight]
Loading weights:  97%|#########6| 283/292 [00:00<00:00, 2643.43it/s, Materializing param=gpt_neox.layers.23.attention.query_key_value.bias]
Loading weights:  97%|#########6| 283/292 [00:00<00:00, 2643.43it/s, Materializing param=gpt_neox.layers.23.attention.query_key_value.bias]
Loading weights:  97%|#########7| 284/292 [00:00<00:00, 2643.43it/s, Materializing param=gpt_neox.layers.23.attention.query_key_value.weight]
Loading weights:  97%|#########7| 284/292 [00:00<00:00, 2643.43it/s, Materializing param=gpt_neox.layers.23.attention.query_key_value.weight]
Loading weights:  98%|#########7| 285/292 [00:00<00:00, 2643.43it/s, Materializing param=gpt_neox.layers.23.input_layernorm.bias]            
Loading weights:  98%|#########7| 285/292 [00:00<00:00, 2643.43it/s, Materializing param=gpt_neox.layers.23.input_layernorm.bias]
Loading weights:  98%|#########7| 286/292 [00:00<00:00, 2643.43it/s, Materializing param=gpt_neox.layers.23.input_layernorm.weight]
Loading weights:  98%|#########7| 286/292 [00:00<00:00, 2643.43it/s, Materializing param=gpt_neox.layers.23.input_layernorm.weight]
Loading weights:  98%|#########8| 287/292 [00:00<00:00, 2643.43it/s, Materializing param=gpt_neox.layers.23.mlp.dense_4h_to_h.bias]
Loading weights:  98%|#########8| 287/292 [00:00<00:00, 2643.43it/s, Materializing param=gpt_neox.layers.23.mlp.dense_4h_to_h.bias]
Loading weights:  99%|#########8| 288/292 [00:00<00:00, 2643.43it/s, Materializing param=gpt_neox.layers.23.mlp.dense_4h_to_h.weight]
Loading weights:  99%|#########8| 288/292 [00:00<00:00, 2643.43it/s, Materializing param=gpt_neox.layers.23.mlp.dense_4h_to_h.weight]
Loading weights:  99%|#########8| 289/292 [00:00<00:00, 2643.43it/s, Materializing param=gpt_neox.layers.23.mlp.dense_h_to_4h.bias]  
Loading weights:  99%|#########8| 289/292 [00:00<00:00, 2643.43it/s, Materializing param=gpt_neox.layers.23.mlp.dense_h_to_4h.bias]
Loading weights:  99%|#########9| 290/292 [00:00<00:00, 2643.43it/s, Materializing param=gpt_neox.layers.23.mlp.dense_h_to_4h.weight]
Loading weights:  99%|#########9| 290/292 [00:00<00:00, 2643.43it/s, Materializing param=gpt_neox.layers.23.mlp.dense_h_to_4h.weight]
Loading weights: 100%|#########9| 291/292 [00:00<00:00, 2643.43it/s, Materializing param=gpt_neox.layers.23.post_attention_layernorm.bias]
Loading weights: 100%|#########9| 291/292 [00:00<00:00, 2643.43it/s, Materializing param=gpt_neox.layers.23.post_attention_layernorm.bias]
Loading weights: 100%|##########| 292/292 [00:00<00:00, 2643.43it/s, Materializing param=gpt_neox.layers.23.post_attention_layernorm.weight]
Loading weights: 100%|##########| 292/292 [00:00<00:00, 2643.43it/s, Materializing param=gpt_neox.layers.23.post_attention_layernorm.weight]
Loading weights: 100%|##########| 292/292 [00:00<00:00, 2772.90it/s, Materializing param=gpt_neox.layers.23.post_attention_layernorm.weight]

Loading weights:   0%|          | 0/292 [00:00<?, ?it/s]
Loading weights:   0%|          | 1/292 [00:00<00:00, 24818.37it/s, Materializing param=embed_out.weight]
Loading weights:   0%|          | 1/292 [00:00<00:00, 4198.50it/s, Materializing param=embed_out.weight] 
Loading weights:   1%|          | 2/292 [00:00<00:00, 3636.15it/s, Materializing param=gpt_neox.embed_in.weight]
Loading weights:   1%|          | 2/292 [00:00<00:00, 2182.26it/s, Materializing param=gpt_neox.embed_in.weight]
Loading weights:   1%|1         | 3/292 [00:00<00:00, 1678.62it/s, Materializing param=gpt_neox.final_layer_norm.bias]
Loading weights:   1%|1         | 3/292 [00:00<00:00, 1418.91it/s, Materializing param=gpt_neox.final_layer_norm.bias]
Loading weights:   1%|1         | 4/292 [00:00<00:00, 1665.73it/s, Materializing param=gpt_neox.final_layer_norm.weight]
Loading weights:   1%|1         | 4/292 [00:00<00:00, 1579.92it/s, Materializing param=gpt_neox.final_layer_norm.weight]
Loading weights:   2%|1         | 5/292 [00:00<00:00, 1423.54it/s, Materializing param=gpt_neox.layers.0.attention.dense.bias]
Loading weights:   2%|1         | 5/292 [00:00<00:00, 1368.18it/s, Materializing param=gpt_neox.layers.0.attention.dense.bias]
Loading weights:   2%|2         | 6/292 [00:00<00:00, 1459.40it/s, Materializing param=gpt_neox.layers.0.attention.dense.weight]
Loading weights:   2%|2         | 6/292 [00:00<00:00, 1434.85it/s, Materializing param=gpt_neox.layers.0.attention.dense.weight]
Loading weights:   2%|2         | 7/292 [00:00<00:00, 1452.25it/s, Materializing param=gpt_neox.layers.0.attention.query_key_value.bias]
Loading weights:   2%|2         | 7/292 [00:00<00:00, 1430.60it/s, Materializing param=gpt_neox.layers.0.attention.query_key_value.bias]
Loading weights:   3%|2         | 8/292 [00:00<00:00, 1294.04it/s, Materializing param=gpt_neox.layers.0.attention.query_key_value.weight]
Loading weights:   3%|2         | 8/292 [00:00<00:00, 1259.36it/s, Materializing param=gpt_neox.layers.0.attention.query_key_value.weight]
Loading weights:   3%|3         | 9/292 [00:00<00:00, 1209.82it/s, Materializing param=gpt_neox.layers.0.input_layernorm.bias]            
Loading weights:   3%|3         | 9/292 [00:00<00:00, 1196.40it/s, Materializing param=gpt_neox.layers.0.input_layernorm.bias]
Loading weights:   3%|3         | 10/292 [00:00<00:00, 1304.85it/s, Materializing param=gpt_neox.layers.0.input_layernorm.weight]
Loading weights:   3%|3         | 10/292 [00:00<00:00, 1253.68it/s, Materializing param=gpt_neox.layers.0.input_layernorm.weight]
Loading weights:   4%|3         | 11/292 [00:00<00:00, 1211.24it/s, Materializing param=gpt_neox.layers.0.mlp.dense_4h_to_h.bias]
Loading weights:   4%|3         | 11/292 [00:00<00:00, 1189.05it/s, Materializing param=gpt_neox.layers.0.mlp.dense_4h_to_h.bias]
Loading weights:   4%|4         | 12/292 [00:00<00:00, 1216.95it/s, Materializing param=gpt_neox.layers.0.mlp.dense_4h_to_h.weight]
Loading weights:   4%|4         | 12/292 [00:00<00:00, 1208.18it/s, Materializing param=gpt_neox.layers.0.mlp.dense_4h_to_h.weight]
Loading weights:   4%|4         | 13/292 [00:00<00:00, 1174.80it/s, Materializing param=gpt_neox.layers.0.mlp.dense_h_to_4h.bias]  
Loading weights:   4%|4         | 13/292 [00:00<00:00, 1167.23it/s, Materializing param=gpt_neox.layers.0.mlp.dense_h_to_4h.bias]
Loading weights:   5%|4         | 14/292 [00:00<00:00, 1172.69it/s, Materializing param=gpt_neox.layers.0.mlp.dense_h_to_4h.weight]
Loading weights:   5%|4         | 14/292 [00:00<00:00, 1164.85it/s, Materializing param=gpt_neox.layers.0.mlp.dense_h_to_4h.weight]
Loading weights:   5%|5         | 15/292 [00:00<00:00, 1226.52it/s, Materializing param=gpt_neox.layers.0.post_attention_layernorm.bias]
Loading weights:   5%|5         | 15/292 [00:00<00:00, 1205.08it/s, Materializing param=gpt_neox.layers.0.post_attention_layernorm.bias]
Loading weights:   5%|5         | 16/292 [00:00<00:00, 1201.46it/s, Materializing param=gpt_neox.layers.0.post_attention_layernorm.weight]
Loading weights:   5%|5         | 16/292 [00:00<00:00, 1170.82it/s, Materializing param=gpt_neox.layers.0.post_attention_layernorm.weight]
Loading weights:   6%|5         | 17/292 [00:00<00:00, 1198.78it/s, Materializing param=gpt_neox.layers.1.attention.dense.bias]           
Loading weights:   6%|5         | 17/292 [00:00<00:00, 1183.61it/s, Materializing param=gpt_neox.layers.1.attention.dense.bias]
Loading weights:   6%|6         | 18/292 [00:00<00:00, 1235.05it/s, Materializing param=gpt_neox.layers.1.attention.dense.weight]
Loading weights:   6%|6         | 18/292 [00:00<00:00, 1193.43it/s, Materializing param=gpt_neox.layers.1.attention.dense.weight]
Loading weights:   7%|6         | 19/292 [00:00<00:00, 1200.05it/s, Materializing param=gpt_neox.layers.1.attention.query_key_value.bias]
Loading weights:   7%|6         | 19/292 [00:00<00:00, 1175.34it/s, Materializing param=gpt_neox.layers.1.attention.query_key_value.bias]
Loading weights:   7%|6         | 20/292 [00:00<00:00, 1163.57it/s, Materializing param=gpt_neox.layers.1.attention.query_key_value.weight]
Loading weights:   7%|6         | 20/292 [00:00<00:00, 1117.51it/s, Materializing param=gpt_neox.layers.1.attention.query_key_value.weight]
Loading weights:   7%|7         | 21/292 [00:00<00:00, 1149.17it/s, Materializing param=gpt_neox.layers.1.input_layernorm.bias]            
Loading weights:   7%|7         | 21/292 [00:00<00:00, 1139.98it/s, Materializing param=gpt_neox.layers.1.input_layernorm.bias]
Loading weights:   8%|7         | 22/292 [00:00<00:00, 1156.70it/s, Materializing param=gpt_neox.layers.1.input_layernorm.weight]
Loading weights:   8%|7         | 22/292 [00:00<00:00, 1148.25it/s, Materializing param=gpt_neox.layers.1.input_layernorm.weight]
Loading weights:   8%|7         | 23/292 [00:00<00:00, 1179.64it/s, Materializing param=gpt_neox.layers.1.mlp.dense_4h_to_h.bias]
Loading weights:   8%|7         | 23/292 [00:00<00:00, 1175.39it/s, Materializing param=gpt_neox.layers.1.mlp.dense_4h_to_h.bias]
Loading weights:   8%|8         | 24/292 [00:00<00:00, 1171.98it/s, Materializing param=gpt_neox.layers.1.mlp.dense_4h_to_h.weight]
Loading weights:   8%|8         | 24/292 [00:00<00:00, 1163.36it/s, Materializing param=gpt_neox.layers.1.mlp.dense_4h_to_h.weight]
Loading weights:   9%|8         | 25/292 [00:00<00:00, 1184.11it/s, Materializing param=gpt_neox.layers.1.mlp.dense_h_to_4h.bias]  
Loading weights:   9%|8         | 25/292 [00:00<00:00, 1178.65it/s, Materializing param=gpt_neox.layers.1.mlp.dense_h_to_4h.bias]
Loading weights:   9%|8         | 26/292 [00:00<00:00, 1187.99it/s, Materializing param=gpt_neox.layers.1.mlp.dense_h_to_4h.weight]
Loading weights:   9%|8         | 26/292 [00:00<00:00, 1182.69it/s, Materializing param=gpt_neox.layers.1.mlp.dense_h_to_4h.weight]
Loading weights:   9%|9         | 27/292 [00:00<00:00, 1156.77it/s, Materializing param=gpt_neox.layers.1.post_attention_layernorm.bias]
Loading weights:   9%|9         | 27/292 [00:00<00:00, 1152.39it/s, Materializing param=gpt_neox.layers.1.post_attention_layernorm.bias]
Loading weights:  10%|9         | 28/292 [00:00<00:00, 1158.57it/s, Materializing param=gpt_neox.layers.1.post_attention_layernorm.weight]
Loading weights:  10%|9         | 28/292 [00:00<00:00, 1151.23it/s, Materializing param=gpt_neox.layers.1.post_attention_layernorm.weight]
Loading weights:  10%|9         | 29/292 [00:00<00:00, 1148.61it/s, Materializing param=gpt_neox.layers.2.attention.dense.bias]           
Loading weights:  10%|9         | 29/292 [00:00<00:00, 1137.23it/s, Materializing param=gpt_neox.layers.2.attention.dense.bias]
Loading weights:  10%|#         | 30/292 [00:00<00:00, 1158.32it/s, Materializing param=gpt_neox.layers.2.attention.dense.weight]
Loading weights:  10%|#         | 30/292 [00:00<00:00, 1152.37it/s, Materializing param=gpt_neox.layers.2.attention.dense.weight]
Loading weights:  11%|#         | 31/292 [00:00<00:00, 1152.72it/s, Materializing param=gpt_neox.layers.2.attention.query_key_value.bias]
Loading weights:  11%|#         | 31/292 [00:00<00:00, 1146.60it/s, Materializing param=gpt_neox.layers.2.attention.query_key_value.bias]
Loading weights:  11%|#         | 32/292 [00:00<00:00, 1098.85it/s, Materializing param=gpt_neox.layers.2.attention.query_key_value.weight]
Loading weights:  11%|#         | 32/292 [00:00<00:00, 1094.61it/s, Materializing param=gpt_neox.layers.2.attention.query_key_value.weight]
Loading weights:  11%|#1        | 33/292 [00:00<00:00, 1112.11it/s, Materializing param=gpt_neox.layers.2.input_layernorm.bias]            
Loading weights:  11%|#1        | 33/292 [00:00<00:00, 1106.68it/s, Materializing param=gpt_neox.layers.2.input_layernorm.bias]
Loading weights:  12%|#1        | 34/292 [00:00<00:00, 1123.07it/s, Materializing param=gpt_neox.layers.2.input_layernorm.weight]
Loading weights:  12%|#1        | 34/292 [00:00<00:00, 1117.08it/s, Materializing param=gpt_neox.layers.2.input_layernorm.weight]
Loading weights:  12%|#1        | 35/292 [00:00<00:00, 1092.81it/s, Materializing param=gpt_neox.layers.2.mlp.dense_4h_to_h.bias]
Loading weights:  12%|#1        | 35/292 [00:00<00:00, 1088.15it/s, Materializing param=gpt_neox.layers.2.mlp.dense_4h_to_h.bias]
Loading weights:  12%|#2        | 36/292 [00:00<00:00, 1110.91it/s, Materializing param=gpt_neox.layers.2.mlp.dense_4h_to_h.weight]
Loading weights:  12%|#2        | 36/292 [00:00<00:00, 1085.19it/s, Materializing param=gpt_neox.layers.2.mlp.dense_4h_to_h.weight]
Loading weights:  13%|#2        | 37/292 [00:00<00:00, 1090.65it/s, Materializing param=gpt_neox.layers.2.mlp.dense_h_to_4h.bias]  
Loading weights:  13%|#2        | 37/292 [00:00<00:00, 1088.34it/s, Materializing param=gpt_neox.layers.2.mlp.dense_h_to_4h.bias]
Loading weights:  13%|#3        | 38/292 [00:00<00:00, 1084.42it/s, Materializing param=gpt_neox.layers.2.mlp.dense_h_to_4h.weight]
Loading weights:  13%|#3        | 38/292 [00:00<00:00, 1063.37it/s, Materializing param=gpt_neox.layers.2.mlp.dense_h_to_4h.weight]
Loading weights:  13%|#3        | 39/292 [00:00<00:00, 1081.46it/s, Materializing param=gpt_neox.layers.2.post_attention_layernorm.bias]
Loading weights:  13%|#3        | 39/292 [00:00<00:00, 1075.99it/s, Materializing param=gpt_neox.layers.2.post_attention_layernorm.bias]
Loading weights:  14%|#3        | 40/292 [00:00<00:00, 1068.23it/s, Materializing param=gpt_neox.layers.2.post_attention_layernorm.weight]
Loading weights:  14%|#3        | 40/292 [00:00<00:00, 1066.19it/s, Materializing param=gpt_neox.layers.2.post_attention_layernorm.weight]
Loading weights:  14%|#4        | 41/292 [00:00<00:00, 1081.85it/s, Materializing param=gpt_neox.layers.3.attention.dense.bias]           
Loading weights:  14%|#4        | 41/292 [00:00<00:00, 1077.70it/s, Materializing param=gpt_neox.layers.3.attention.dense.bias]
Loading weights:  14%|#4        | 42/292 [00:00<00:00, 1097.88it/s, Materializing param=gpt_neox.layers.3.attention.dense.weight]
Loading weights:  14%|#4        | 42/292 [00:00<00:00, 1095.90it/s, Materializing param=gpt_neox.layers.3.attention.dense.weight]
Loading weights:  15%|#4        | 43/292 [00:00<00:00, 1116.54it/s, Materializing param=gpt_neox.layers.3.attention.query_key_value.bias]
Loading weights:  15%|#4        | 43/292 [00:00<00:00, 1114.49it/s, Materializing param=gpt_neox.layers.3.attention.query_key_value.bias]
Loading weights:  15%|#5        | 44/292 [00:00<00:00, 1136.91it/s, Materializing param=gpt_neox.layers.3.attention.query_key_value.weight]
Loading weights:  15%|#5        | 44/292 [00:00<00:00, 1135.05it/s, Materializing param=gpt_neox.layers.3.attention.query_key_value.weight]
Loading weights:  15%|#5        | 45/292 [00:00<00:00, 1157.45it/s, Materializing param=gpt_neox.layers.3.input_layernorm.bias]            
Loading weights:  15%|#5        | 45/292 [00:00<00:00, 1155.65it/s, Materializing param=gpt_neox.layers.3.input_layernorm.bias]
Loading weights:  16%|#5        | 46/292 [00:00<00:00, 1177.95it/s, Materializing param=gpt_neox.layers.3.input_layernorm.weight]
Loading weights:  16%|#5        | 46/292 [00:00<00:00, 1176.00it/s, Materializing param=gpt_neox.layers.3.input_layernorm.weight]
Loading weights:  16%|#6        | 47/292 [00:00<00:00, 1198.35it/s, Materializing param=gpt_neox.layers.3.mlp.dense_4h_to_h.bias]
Loading weights:  16%|#6        | 47/292 [00:00<00:00, 1196.65it/s, Materializing param=gpt_neox.layers.3.mlp.dense_4h_to_h.bias]
Loading weights:  16%|#6        | 48/292 [00:00<00:00, 1218.95it/s, Materializing param=gpt_neox.layers.3.mlp.dense_4h_to_h.weight]
Loading weights:  16%|#6        | 48/292 [00:00<00:00, 1217.04it/s, Materializing param=gpt_neox.layers.3.mlp.dense_4h_to_h.weight]
Loading weights:  17%|#6        | 49/292 [00:00<00:00, 1238.85it/s, Materializing param=gpt_neox.layers.3.mlp.dense_h_to_4h.bias]  
Loading weights:  17%|#6        | 49/292 [00:00<00:00, 1236.98it/s, Materializing param=gpt_neox.layers.3.mlp.dense_h_to_4h.bias]
Loading weights:  17%|#7        | 50/292 [00:00<00:00, 1258.99it/s, Materializing param=gpt_neox.layers.3.mlp.dense_h_to_4h.weight]
Loading weights:  17%|#7        | 50/292 [00:00<00:00, 1257.13it/s, Materializing param=gpt_neox.layers.3.mlp.dense_h_to_4h.weight]
Loading weights:  17%|#7        | 51/292 [00:00<00:00, 1278.94it/s, Materializing param=gpt_neox.layers.3.post_attention_layernorm.bias]
Loading weights:  17%|#7        | 51/292 [00:00<00:00, 1277.18it/s, Materializing param=gpt_neox.layers.3.post_attention_layernorm.bias]
Loading weights:  18%|#7        | 52/292 [00:00<00:00, 1299.01it/s, Materializing param=gpt_neox.layers.3.post_attention_layernorm.weight]
Loading weights:  18%|#7        | 52/292 [00:00<00:00, 1297.07it/s, Materializing param=gpt_neox.layers.3.post_attention_layernorm.weight]
Loading weights:  18%|#8        | 53/292 [00:00<00:00, 1318.57it/s, Materializing param=gpt_neox.layers.4.attention.dense.bias]           
Loading weights:  18%|#8        | 53/292 [00:00<00:00, 1316.77it/s, Materializing param=gpt_neox.layers.4.attention.dense.bias]
Loading weights:  18%|#8        | 54/292 [00:00<00:00, 1338.20it/s, Materializing param=gpt_neox.layers.4.attention.dense.weight]
Loading weights:  18%|#8        | 54/292 [00:00<00:00, 1336.27it/s, Materializing param=gpt_neox.layers.4.attention.dense.weight]
Loading weights:  19%|#8        | 55/292 [00:00<00:00, 1357.59it/s, Materializing param=gpt_neox.layers.4.attention.query_key_value.bias]
Loading weights:  19%|#8        | 55/292 [00:00<00:00, 1355.60it/s, Materializing param=gpt_neox.layers.4.attention.query_key_value.bias]
Loading weights:  19%|#9        | 56/292 [00:00<00:00, 1376.69it/s, Materializing param=gpt_neox.layers.4.attention.query_key_value.weight]
Loading weights:  19%|#9        | 56/292 [00:00<00:00, 1374.70it/s, Materializing param=gpt_neox.layers.4.attention.query_key_value.weight]
Loading weights:  20%|#9        | 57/292 [00:00<00:00, 1395.76it/s, Materializing param=gpt_neox.layers.4.input_layernorm.bias]            
Loading weights:  20%|#9        | 57/292 [00:00<00:00, 1393.91it/s, Materializing param=gpt_neox.layers.4.input_layernorm.bias]
Loading weights:  20%|#9        | 58/292 [00:00<00:00, 1414.93it/s, Materializing param=gpt_neox.layers.4.input_layernorm.weight]
Loading weights:  20%|#9        | 58/292 [00:00<00:00, 1413.05it/s, Materializing param=gpt_neox.layers.4.input_layernorm.weight]
Loading weights:  20%|##        | 59/292 [00:00<00:00, 1433.72it/s, Materializing param=gpt_neox.layers.4.mlp.dense_4h_to_h.bias]
Loading weights:  20%|##        | 59/292 [00:00<00:00, 1431.69it/s, Materializing param=gpt_neox.layers.4.mlp.dense_4h_to_h.bias]
Loading weights:  21%|##        | 60/292 [00:00<00:00, 1452.26it/s, Materializing param=gpt_neox.layers.4.mlp.dense_4h_to_h.weight]
Loading weights:  21%|##        | 60/292 [00:00<00:00, 1450.20it/s, Materializing param=gpt_neox.layers.4.mlp.dense_4h_to_h.weight]
Loading weights:  21%|##        | 61/292 [00:00<00:00, 1470.75it/s, Materializing param=gpt_neox.layers.4.mlp.dense_h_to_4h.bias]  
Loading weights:  21%|##        | 61/292 [00:00<00:00, 1468.68it/s, Materializing param=gpt_neox.layers.4.mlp.dense_h_to_4h.bias]
Loading weights:  21%|##1       | 62/292 [00:00<00:00, 1489.11it/s, Materializing param=gpt_neox.layers.4.mlp.dense_h_to_4h.weight]
Loading weights:  21%|##1       | 62/292 [00:00<00:00, 1486.98it/s, Materializing param=gpt_neox.layers.4.mlp.dense_h_to_4h.weight]
Loading weights:  22%|##1       | 63/292 [00:00<00:00, 1505.77it/s, Materializing param=gpt_neox.layers.4.post_attention_layernorm.bias]
Loading weights:  22%|##1       | 63/292 [00:00<00:00, 1503.63it/s, Materializing param=gpt_neox.layers.4.post_attention_layernorm.bias]
Loading weights:  22%|##1       | 64/292 [00:00<00:00, 1523.80it/s, Materializing param=gpt_neox.layers.4.post_attention_layernorm.weight]
Loading weights:  22%|##1       | 64/292 [00:00<00:00, 1521.67it/s, Materializing param=gpt_neox.layers.4.post_attention_layernorm.weight]
Loading weights:  22%|##2       | 65/292 [00:00<00:00, 1541.81it/s, Materializing param=gpt_neox.layers.5.attention.dense.bias]           
Loading weights:  22%|##2       | 65/292 [00:00<00:00, 1539.82it/s, Materializing param=gpt_neox.layers.5.attention.dense.bias]
Loading weights:  23%|##2       | 66/292 [00:00<00:00, 1559.51it/s, Materializing param=gpt_neox.layers.5.attention.dense.weight]
Loading weights:  23%|##2       | 66/292 [00:00<00:00, 1557.35it/s, Materializing param=gpt_neox.layers.5.attention.dense.weight]
Loading weights:  23%|##2       | 67/292 [00:00<00:00, 1576.82it/s, Materializing param=gpt_neox.layers.5.attention.query_key_value.bias]
Loading weights:  23%|##2       | 67/292 [00:00<00:00, 1574.59it/s, Materializing param=gpt_neox.layers.5.attention.query_key_value.bias]
Loading weights:  23%|##3       | 68/292 [00:00<00:00, 1592.41it/s, Materializing param=gpt_neox.layers.5.attention.query_key_value.weight]
Loading weights:  23%|##3       | 68/292 [00:00<00:00, 1589.68it/s, Materializing param=gpt_neox.layers.5.attention.query_key_value.weight]
Loading weights:  24%|##3       | 69/292 [00:00<00:00, 1607.33it/s, Materializing param=gpt_neox.layers.5.input_layernorm.bias]            
Loading weights:  24%|##3       | 69/292 [00:00<00:00, 1604.35it/s, Materializing param=gpt_neox.layers.5.input_layernorm.bias]
Loading weights:  24%|##3       | 70/292 [00:00<00:00, 1620.84it/s, Materializing param=gpt_neox.layers.5.input_layernorm.weight]
Loading weights:  24%|##3       | 70/292 [00:00<00:00, 1617.41it/s, Materializing param=gpt_neox.layers.5.input_layernorm.weight]
Loading weights:  24%|##4       | 71/292 [00:00<00:00, 1634.74it/s, Materializing param=gpt_neox.layers.5.mlp.dense_4h_to_h.bias]
Loading weights:  24%|##4       | 71/292 [00:00<00:00, 1632.04it/s, Materializing param=gpt_neox.layers.5.mlp.dense_4h_to_h.bias]
Loading weights:  25%|##4       | 72/292 [00:00<00:00, 1649.00it/s, Materializing param=gpt_neox.layers.5.mlp.dense_4h_to_h.weight]
Loading weights:  25%|##4       | 72/292 [00:00<00:00, 1646.04it/s, Materializing param=gpt_neox.layers.5.mlp.dense_4h_to_h.weight]
Loading weights:  25%|##5       | 73/292 [00:00<00:00, 1660.12it/s, Materializing param=gpt_neox.layers.5.mlp.dense_h_to_4h.bias]  
Loading weights:  25%|##5       | 73/292 [00:00<00:00, 1656.39it/s, Materializing param=gpt_neox.layers.5.mlp.dense_h_to_4h.bias]
Loading weights:  25%|##5       | 74/292 [00:00<00:00, 1673.91it/s, Materializing param=gpt_neox.layers.5.mlp.dense_h_to_4h.weight]
Loading weights:  25%|##5       | 74/292 [00:00<00:00, 1671.28it/s, Materializing param=gpt_neox.layers.5.mlp.dense_h_to_4h.weight]
Loading weights:  26%|##5       | 75/292 [00:00<00:00, 1688.93it/s, Materializing param=gpt_neox.layers.5.post_attention_layernorm.bias]
Loading weights:  26%|##5       | 75/292 [00:00<00:00, 1686.51it/s, Materializing param=gpt_neox.layers.5.post_attention_layernorm.bias]
Loading weights:  26%|##6       | 76/292 [00:00<00:00, 1704.42it/s, Materializing param=gpt_neox.layers.5.post_attention_layernorm.weight]
Loading weights:  26%|##6       | 76/292 [00:00<00:00, 1702.02it/s, Materializing param=gpt_neox.layers.5.post_attention_layernorm.weight]
Loading weights:  26%|##6       | 77/292 [00:00<00:00, 1720.15it/s, Materializing param=gpt_neox.layers.6.attention.dense.bias]           
Loading weights:  26%|##6       | 77/292 [00:00<00:00, 1717.82it/s, Materializing param=gpt_neox.layers.6.attention.dense.bias]
Loading weights:  27%|##6       | 78/292 [00:00<00:00, 1735.62it/s, Materializing param=gpt_neox.layers.6.attention.dense.weight]
Loading weights:  27%|##6       | 78/292 [00:00<00:00, 1733.26it/s, Materializing param=gpt_neox.layers.6.attention.dense.weight]
Loading weights:  27%|##7       | 79/292 [00:00<00:00, 1751.20it/s, Materializing param=gpt_neox.layers.6.attention.query_key_value.bias]
Loading weights:  27%|##7       | 79/292 [00:00<00:00, 1748.83it/s, Materializing param=gpt_neox.layers.6.attention.query_key_value.bias]
Loading weights:  27%|##7       | 80/292 [00:00<00:00, 1766.69it/s, Materializing param=gpt_neox.layers.6.attention.query_key_value.weight]
Loading weights:  27%|##7       | 80/292 [00:00<00:00, 1764.33it/s, Materializing param=gpt_neox.layers.6.attention.query_key_value.weight]
Loading weights:  28%|##7       | 81/292 [00:00<00:00, 1782.25it/s, Materializing param=gpt_neox.layers.6.input_layernorm.bias]            
Loading weights:  28%|##7       | 81/292 [00:00<00:00, 1779.93it/s, Materializing param=gpt_neox.layers.6.input_layernorm.bias]
Loading weights:  28%|##8       | 82/292 [00:00<00:00, 1797.52it/s, Materializing param=gpt_neox.layers.6.input_layernorm.weight]
Loading weights:  28%|##8       | 82/292 [00:00<00:00, 1795.09it/s, Materializing param=gpt_neox.layers.6.input_layernorm.weight]
Loading weights:  28%|##8       | 83/292 [00:00<00:00, 1812.76it/s, Materializing param=gpt_neox.layers.6.mlp.dense_4h_to_h.bias]
Loading weights:  28%|##8       | 83/292 [00:00<00:00, 1810.40it/s, Materializing param=gpt_neox.layers.6.mlp.dense_4h_to_h.bias]
Loading weights:  29%|##8       | 84/292 [00:00<00:00, 1827.73it/s, Materializing param=gpt_neox.layers.6.mlp.dense_4h_to_h.weight]
Loading weights:  29%|##8       | 84/292 [00:00<00:00, 1825.35it/s, Materializing param=gpt_neox.layers.6.mlp.dense_4h_to_h.weight]
Loading weights:  29%|##9       | 85/292 [00:00<00:00, 1842.79it/s, Materializing param=gpt_neox.layers.6.mlp.dense_h_to_4h.bias]  
Loading weights:  29%|##9       | 85/292 [00:00<00:00, 1840.39it/s, Materializing param=gpt_neox.layers.6.mlp.dense_h_to_4h.bias]
Loading weights:  29%|##9       | 86/292 [00:00<00:00, 1857.75it/s, Materializing param=gpt_neox.layers.6.mlp.dense_h_to_4h.weight]
Loading weights:  29%|##9       | 86/292 [00:00<00:00, 1855.34it/s, Materializing param=gpt_neox.layers.6.mlp.dense_h_to_4h.weight]
Loading weights:  30%|##9       | 87/292 [00:00<00:00, 1872.57it/s, Materializing param=gpt_neox.layers.6.post_attention_layernorm.bias]
Loading weights:  30%|##9       | 87/292 [00:00<00:00, 1870.15it/s, Materializing param=gpt_neox.layers.6.post_attention_layernorm.bias]
Loading weights:  30%|###       | 88/292 [00:00<00:00, 1887.20it/s, Materializing param=gpt_neox.layers.6.post_attention_layernorm.weight]
Loading weights:  30%|###       | 88/292 [00:00<00:00, 1884.90it/s, Materializing param=gpt_neox.layers.6.post_attention_layernorm.weight]
Loading weights:  30%|###       | 89/292 [00:00<00:00, 1902.03it/s, Materializing param=gpt_neox.layers.7.attention.dense.bias]           
Loading weights:  30%|###       | 89/292 [00:00<00:00, 1899.56it/s, Materializing param=gpt_neox.layers.7.attention.dense.bias]
Loading weights:  31%|###       | 90/292 [00:00<00:00, 1915.92it/s, Materializing param=gpt_neox.layers.7.attention.dense.weight]
Loading weights:  31%|###       | 90/292 [00:00<00:00, 1913.46it/s, Materializing param=gpt_neox.layers.7.attention.dense.weight]
Loading weights:  31%|###1      | 91/292 [00:00<00:00, 1930.23it/s, Materializing param=gpt_neox.layers.7.attention.query_key_value.bias]
Loading weights:  31%|###1      | 91/292 [00:00<00:00, 1927.87it/s, Materializing param=gpt_neox.layers.7.attention.query_key_value.bias]
Loading weights:  32%|###1      | 92/292 [00:00<00:00, 1944.50it/s, Materializing param=gpt_neox.layers.7.attention.query_key_value.weight]
Loading weights:  32%|###1      | 92/292 [00:00<00:00, 1942.01it/s, Materializing param=gpt_neox.layers.7.attention.query_key_value.weight]
Loading weights:  32%|###1      | 93/292 [00:00<00:00, 1958.55it/s, Materializing param=gpt_neox.layers.7.input_layernorm.bias]            
Loading weights:  32%|###1      | 93/292 [00:00<00:00, 1956.09it/s, Materializing param=gpt_neox.layers.7.input_layernorm.bias]
Loading weights:  32%|###2      | 94/292 [00:00<00:00, 1972.20it/s, Materializing param=gpt_neox.layers.7.input_layernorm.weight]
Loading weights:  32%|###2      | 94/292 [00:00<00:00, 1969.70it/s, Materializing param=gpt_neox.layers.7.input_layernorm.weight]
Loading weights:  33%|###2      | 95/292 [00:00<00:00, 1986.11it/s, Materializing param=gpt_neox.layers.7.mlp.dense_4h_to_h.bias]
Loading weights:  33%|###2      | 95/292 [00:00<00:00, 1983.62it/s, Materializing param=gpt_neox.layers.7.mlp.dense_4h_to_h.bias]
Loading weights:  33%|###2      | 96/292 [00:00<00:00, 1999.97it/s, Materializing param=gpt_neox.layers.7.mlp.dense_4h_to_h.weight]
Loading weights:  33%|###2      | 96/292 [00:00<00:00, 1997.51it/s, Materializing param=gpt_neox.layers.7.mlp.dense_4h_to_h.weight]
Loading weights:  33%|###3      | 97/292 [00:00<00:00, 2013.91it/s, Materializing param=gpt_neox.layers.7.mlp.dense_h_to_4h.bias]  
Loading weights:  33%|###3      | 97/292 [00:00<00:00, 2010.53it/s, Materializing param=gpt_neox.layers.7.mlp.dense_h_to_4h.bias]
Loading weights:  34%|###3      | 98/292 [00:00<00:00, 2026.23it/s, Materializing param=gpt_neox.layers.7.mlp.dense_h_to_4h.weight]
Loading weights:  34%|###3      | 98/292 [00:00<00:00, 2023.73it/s, Materializing param=gpt_neox.layers.7.mlp.dense_h_to_4h.weight]
Loading weights:  34%|###3      | 99/292 [00:00<00:00, 2039.96it/s, Materializing param=gpt_neox.layers.7.post_attention_layernorm.bias]
Loading weights:  34%|###3      | 99/292 [00:00<00:00, 2037.43it/s, Materializing param=gpt_neox.layers.7.post_attention_layernorm.bias]
Loading weights:  34%|###4      | 100/292 [00:00<00:00, 2053.62it/s, Materializing param=gpt_neox.layers.7.post_attention_layernorm.weight]
Loading weights:  34%|###4      | 100/292 [00:00<00:00, 2051.05it/s, Materializing param=gpt_neox.layers.7.post_attention_layernorm.weight]
Loading weights:  35%|###4      | 101/292 [00:00<00:00, 2066.96it/s, Materializing param=gpt_neox.layers.8.attention.dense.bias]           
Loading weights:  35%|###4      | 101/292 [00:00<00:00, 2064.43it/s, Materializing param=gpt_neox.layers.8.attention.dense.bias]
Loading weights:  35%|###4      | 102/292 [00:00<00:00, 2080.07it/s, Materializing param=gpt_neox.layers.8.attention.dense.weight]
Loading weights:  35%|###4      | 102/292 [00:00<00:00, 2076.67it/s, Materializing param=gpt_neox.layers.8.attention.dense.weight]
Loading weights:  35%|###5      | 103/292 [00:00<00:00, 2092.48it/s, Materializing param=gpt_neox.layers.8.attention.query_key_value.bias]
Loading weights:  35%|###5      | 103/292 [00:00<00:00, 2088.85it/s, Materializing param=gpt_neox.layers.8.attention.query_key_value.bias]
Loading weights:  36%|###5      | 104/292 [00:00<00:00, 2103.97it/s, Materializing param=gpt_neox.layers.8.attention.query_key_value.weight]
Loading weights:  36%|###5      | 104/292 [00:00<00:00, 2101.13it/s, Materializing param=gpt_neox.layers.8.attention.query_key_value.weight]
Loading weights:  36%|###5      | 105/292 [00:00<00:00, 2114.46it/s, Materializing param=gpt_neox.layers.8.input_layernorm.bias]            
Loading weights:  36%|###5      | 105/292 [00:00<00:00, 2111.66it/s, Materializing param=gpt_neox.layers.8.input_layernorm.bias]
Loading weights:  36%|###6      | 106/292 [00:00<00:00, 2127.11it/s, Materializing param=gpt_neox.layers.8.input_layernorm.weight]
Loading weights:  36%|###6      | 106/292 [00:00<00:00, 2124.60it/s, Materializing param=gpt_neox.layers.8.input_layernorm.weight]
Loading weights:  37%|###6      | 107/292 [00:00<00:00, 2140.28it/s, Materializing param=gpt_neox.layers.8.mlp.dense_4h_to_h.bias]
Loading weights:  37%|###6      | 107/292 [00:00<00:00, 2137.93it/s, Materializing param=gpt_neox.layers.8.mlp.dense_4h_to_h.bias]
Loading weights:  37%|###6      | 108/292 [00:00<00:00, 2153.27it/s, Materializing param=gpt_neox.layers.8.mlp.dense_4h_to_h.weight]
Loading weights:  37%|###6      | 108/292 [00:00<00:00, 2150.70it/s, Materializing param=gpt_neox.layers.8.mlp.dense_4h_to_h.weight]
Loading weights:  37%|###7      | 109/292 [00:00<00:00, 2165.88it/s, Materializing param=gpt_neox.layers.8.mlp.dense_h_to_4h.bias]  
Loading weights:  37%|###7      | 109/292 [00:00<00:00, 2163.31it/s, Materializing param=gpt_neox.layers.8.mlp.dense_h_to_4h.bias]
Loading weights:  38%|###7      | 110/292 [00:00<00:00, 2178.49it/s, Materializing param=gpt_neox.layers.8.mlp.dense_h_to_4h.weight]
Loading weights:  38%|###7      | 110/292 [00:00<00:00, 2175.93it/s, Materializing param=gpt_neox.layers.8.mlp.dense_h_to_4h.weight]
Loading weights:  38%|###8      | 111/292 [00:00<00:00, 2190.86it/s, Materializing param=gpt_neox.layers.8.post_attention_layernorm.bias]
Loading weights:  38%|###8      | 111/292 [00:00<00:00, 2188.25it/s, Materializing param=gpt_neox.layers.8.post_attention_layernorm.bias]
Loading weights:  38%|###8      | 112/292 [00:00<00:00, 2203.13it/s, Materializing param=gpt_neox.layers.8.post_attention_layernorm.weight]
Loading weights:  38%|###8      | 112/292 [00:00<00:00, 2200.54it/s, Materializing param=gpt_neox.layers.8.post_attention_layernorm.weight]
Loading weights:  39%|###8      | 113/292 [00:00<00:00, 2215.75it/s, Materializing param=gpt_neox.layers.9.attention.dense.bias]           
Loading weights:  39%|###8      | 113/292 [00:00<00:00, 2213.20it/s, Materializing param=gpt_neox.layers.9.attention.dense.bias]
Loading weights:  39%|###9      | 114/292 [00:00<00:00, 2228.03it/s, Materializing param=gpt_neox.layers.9.attention.dense.weight]
Loading weights:  39%|###9      | 114/292 [00:00<00:00, 2225.47it/s, Materializing param=gpt_neox.layers.9.attention.dense.weight]
Loading weights:  39%|###9      | 115/292 [00:00<00:00, 2240.44it/s, Materializing param=gpt_neox.layers.9.attention.query_key_value.bias]
Loading weights:  39%|###9      | 115/292 [00:00<00:00, 2237.80it/s, Materializing param=gpt_neox.layers.9.attention.query_key_value.bias]
Loading weights:  40%|###9      | 116/292 [00:00<00:00, 2252.73it/s, Materializing param=gpt_neox.layers.9.attention.query_key_value.weight]
Loading weights:  40%|###9      | 116/292 [00:00<00:00, 2250.13it/s, Materializing param=gpt_neox.layers.9.attention.query_key_value.weight]
Loading weights:  40%|####      | 117/292 [00:00<00:00, 2264.41it/s, Materializing param=gpt_neox.layers.9.input_layernorm.bias]            
Loading weights:  40%|####      | 117/292 [00:00<00:00, 2261.83it/s, Materializing param=gpt_neox.layers.9.input_layernorm.bias]
Loading weights:  40%|####      | 118/292 [00:00<00:00, 2276.62it/s, Materializing param=gpt_neox.layers.9.input_layernorm.weight]
Loading weights:  40%|####      | 118/292 [00:00<00:00, 2274.07it/s, Materializing param=gpt_neox.layers.9.input_layernorm.weight]
Loading weights:  41%|####      | 119/292 [00:00<00:00, 2288.93it/s, Materializing param=gpt_neox.layers.9.mlp.dense_4h_to_h.bias]
Loading weights:  41%|####      | 119/292 [00:00<00:00, 2286.52it/s, Materializing param=gpt_neox.layers.9.mlp.dense_4h_to_h.bias]
Loading weights:  41%|####1     | 120/292 [00:00<00:00, 2301.32it/s, Materializing param=gpt_neox.layers.9.mlp.dense_4h_to_h.weight]
Loading weights:  41%|####1     | 120/292 [00:00<00:00, 2298.75it/s, Materializing param=gpt_neox.layers.9.mlp.dense_4h_to_h.weight]
Loading weights:  41%|####1     | 121/292 [00:00<00:00, 2313.40it/s, Materializing param=gpt_neox.layers.9.mlp.dense_h_to_4h.bias]  
Loading weights:  41%|####1     | 121/292 [00:00<00:00, 2309.44it/s, Materializing param=gpt_neox.layers.9.mlp.dense_h_to_4h.bias]
Loading weights:  42%|####1     | 122/292 [00:00<00:00, 2323.61it/s, Materializing param=gpt_neox.layers.9.mlp.dense_h_to_4h.weight]
Loading weights:  42%|####1     | 122/292 [00:00<00:00, 2321.15it/s, Materializing param=gpt_neox.layers.9.mlp.dense_h_to_4h.weight]
Loading weights:  42%|####2     | 123/292 [00:00<00:00, 2335.70it/s, Materializing param=gpt_neox.layers.9.post_attention_layernorm.bias]
Loading weights:  42%|####2     | 123/292 [00:00<00:00, 2333.05it/s, Materializing param=gpt_neox.layers.9.post_attention_layernorm.bias]
Loading weights:  42%|####2     | 124/292 [00:00<00:00, 2347.48it/s, Materializing param=gpt_neox.layers.9.post_attention_layernorm.weight]
Loading weights:  42%|####2     | 124/292 [00:00<00:00, 2344.86it/s, Materializing param=gpt_neox.layers.9.post_attention_layernorm.weight]
Loading weights:  43%|####2     | 125/292 [00:00<00:00, 2359.33it/s, Materializing param=gpt_neox.layers.10.attention.dense.bias]          
Loading weights:  43%|####2     | 125/292 [00:00<00:00, 2356.70it/s, Materializing param=gpt_neox.layers.10.attention.dense.bias]
Loading weights:  43%|####3     | 126/292 [00:00<00:00, 2370.89it/s, Materializing param=gpt_neox.layers.10.attention.dense.weight]
Loading weights:  43%|####3     | 126/292 [00:00<00:00, 2367.50it/s, Materializing param=gpt_neox.layers.10.attention.dense.weight]
Loading weights:  43%|####3     | 127/292 [00:00<00:00, 2380.34it/s, Materializing param=gpt_neox.layers.10.attention.query_key_value.bias]
Loading weights:  43%|####3     | 127/292 [00:00<00:00, 2377.84it/s, Materializing param=gpt_neox.layers.10.attention.query_key_value.bias]
Loading weights:  44%|####3     | 128/292 [00:00<00:00, 2392.11it/s, Materializing param=gpt_neox.layers.10.attention.query_key_value.weight]
Loading weights:  44%|####3     | 128/292 [00:00<00:00, 2389.43it/s, Materializing param=gpt_neox.layers.10.attention.query_key_value.weight]
Loading weights:  44%|####4     | 129/292 [00:00<00:00, 2403.16it/s, Materializing param=gpt_neox.layers.10.input_layernorm.bias]            
Loading weights:  44%|####4     | 129/292 [00:00<00:00, 2400.69it/s, Materializing param=gpt_neox.layers.10.input_layernorm.bias]
Loading weights:  45%|####4     | 130/292 [00:00<00:00, 2414.65it/s, Materializing param=gpt_neox.layers.10.input_layernorm.weight]
Loading weights:  45%|####4     | 130/292 [00:00<00:00, 2412.01it/s, Materializing param=gpt_neox.layers.10.input_layernorm.weight]
Loading weights:  45%|####4     | 131/292 [00:00<00:00, 2426.10it/s, Materializing param=gpt_neox.layers.10.mlp.dense_4h_to_h.bias]
Loading weights:  45%|####4     | 131/292 [00:00<00:00, 2423.48it/s, Materializing param=gpt_neox.layers.10.mlp.dense_4h_to_h.bias]
Loading weights:  45%|####5     | 132/292 [00:00<00:00, 2437.42it/s, Materializing param=gpt_neox.layers.10.mlp.dense_4h_to_h.weight]
Loading weights:  45%|####5     | 132/292 [00:00<00:00, 2434.82it/s, Materializing param=gpt_neox.layers.10.mlp.dense_4h_to_h.weight]
Loading weights:  46%|####5     | 133/292 [00:00<00:00, 2448.56it/s, Materializing param=gpt_neox.layers.10.mlp.dense_h_to_4h.bias]  
Loading weights:  46%|####5     | 133/292 [00:00<00:00, 2445.93it/s, Materializing param=gpt_neox.layers.10.mlp.dense_h_to_4h.bias]
Loading weights:  46%|####5     | 134/292 [00:00<00:00, 2459.41it/s, Materializing param=gpt_neox.layers.10.mlp.dense_h_to_4h.weight]
Loading weights:  46%|####5     | 134/292 [00:00<00:00, 2456.71it/s, Materializing param=gpt_neox.layers.10.mlp.dense_h_to_4h.weight]
Loading weights:  46%|####6     | 135/292 [00:00<00:00, 2470.51it/s, Materializing param=gpt_neox.layers.10.post_attention_layernorm.bias]
Loading weights:  46%|####6     | 135/292 [00:00<00:00, 2467.83it/s, Materializing param=gpt_neox.layers.10.post_attention_layernorm.bias]
Loading weights:  47%|####6     | 136/292 [00:00<00:00, 2481.35it/s, Materializing param=gpt_neox.layers.10.post_attention_layernorm.weight]
Loading weights:  47%|####6     | 136/292 [00:00<00:00, 2478.61it/s, Materializing param=gpt_neox.layers.10.post_attention_layernorm.weight]
Loading weights:  47%|####6     | 137/292 [00:00<00:00, 2492.09it/s, Materializing param=gpt_neox.layers.11.attention.dense.bias]           
Loading weights:  47%|####6     | 137/292 [00:00<00:00, 2489.42it/s, Materializing param=gpt_neox.layers.11.attention.dense.bias]
Loading weights:  47%|####7     | 138/292 [00:00<00:00, 2502.71it/s, Materializing param=gpt_neox.layers.11.attention.dense.weight]
Loading weights:  47%|####7     | 138/292 [00:00<00:00, 2500.02it/s, Materializing param=gpt_neox.layers.11.attention.dense.weight]
Loading weights:  48%|####7     | 139/292 [00:00<00:00, 2513.22it/s, Materializing param=gpt_neox.layers.11.attention.query_key_value.bias]
Loading weights:  48%|####7     | 139/292 [00:00<00:00, 2510.47it/s, Materializing param=gpt_neox.layers.11.attention.query_key_value.bias]
Loading weights:  48%|####7     | 140/292 [00:00<00:00, 2523.54it/s, Materializing param=gpt_neox.layers.11.attention.query_key_value.weight]
Loading weights:  48%|####7     | 140/292 [00:00<00:00, 2520.79it/s, Materializing param=gpt_neox.layers.11.attention.query_key_value.weight]
Loading weights:  48%|####8     | 141/292 [00:00<00:00, 2533.45it/s, Materializing param=gpt_neox.layers.11.input_layernorm.bias]            
Loading weights:  48%|####8     | 141/292 [00:00<00:00, 2530.65it/s, Materializing param=gpt_neox.layers.11.input_layernorm.bias]
Loading weights:  49%|####8     | 142/292 [00:00<00:00, 2543.12it/s, Materializing param=gpt_neox.layers.11.input_layernorm.weight]
Loading weights:  49%|####8     | 142/292 [00:00<00:00, 2540.35it/s, Materializing param=gpt_neox.layers.11.input_layernorm.weight]
Loading weights:  49%|####8     | 143/292 [00:00<00:00, 2553.44it/s, Materializing param=gpt_neox.layers.11.mlp.dense_4h_to_h.bias]
Loading weights:  49%|####8     | 143/292 [00:00<00:00, 2550.69it/s, Materializing param=gpt_neox.layers.11.mlp.dense_4h_to_h.bias]
Loading weights:  49%|####9     | 144/292 [00:00<00:00, 2563.60it/s, Materializing param=gpt_neox.layers.11.mlp.dense_4h_to_h.weight]
Loading weights:  49%|####9     | 144/292 [00:00<00:00, 2560.91it/s, Materializing param=gpt_neox.layers.11.mlp.dense_4h_to_h.weight]
Loading weights:  50%|####9     | 145/292 [00:00<00:00, 2570.45it/s, Materializing param=gpt_neox.layers.11.mlp.dense_h_to_4h.bias]  
Loading weights:  50%|####9     | 145/292 [00:00<00:00, 2567.24it/s, Materializing param=gpt_neox.layers.11.mlp.dense_h_to_4h.bias]
Loading weights:  50%|#####     | 146/292 [00:00<00:00, 2579.26it/s, Materializing param=gpt_neox.layers.11.mlp.dense_h_to_4h.weight]
Loading weights:  50%|#####     | 146/292 [00:00<00:00, 2576.33it/s, Materializing param=gpt_neox.layers.11.mlp.dense_h_to_4h.weight]
Loading weights:  50%|#####     | 147/292 [00:00<00:00, 2588.63it/s, Materializing param=gpt_neox.layers.11.post_attention_layernorm.bias]
Loading weights:  50%|#####     | 147/292 [00:00<00:00, 2585.75it/s, Materializing param=gpt_neox.layers.11.post_attention_layernorm.bias]
Loading weights:  51%|#####     | 148/292 [00:00<00:00, 2598.08it/s, Materializing param=gpt_neox.layers.11.post_attention_layernorm.weight]
Loading weights:  51%|#####     | 148/292 [00:00<00:00, 2595.27it/s, Materializing param=gpt_neox.layers.11.post_attention_layernorm.weight]
Loading weights:  51%|#####1    | 149/292 [00:00<00:00, 2607.74it/s, Materializing param=gpt_neox.layers.12.attention.dense.bias]           
Loading weights:  51%|#####1    | 149/292 [00:00<00:00, 2604.93it/s, Materializing param=gpt_neox.layers.12.attention.dense.bias]
Loading weights:  51%|#####1    | 150/292 [00:00<00:00, 2617.22it/s, Materializing param=gpt_neox.layers.12.attention.dense.weight]
Loading weights:  51%|#####1    | 150/292 [00:00<00:00, 2614.45it/s, Materializing param=gpt_neox.layers.12.attention.dense.weight]
Loading weights:  52%|#####1    | 151/292 [00:00<00:00, 2626.90it/s, Materializing param=gpt_neox.layers.12.attention.query_key_value.bias]
Loading weights:  52%|#####1    | 151/292 [00:00<00:00, 2624.12it/s, Materializing param=gpt_neox.layers.12.attention.query_key_value.bias]
Loading weights:  52%|#####2    | 152/292 [00:00<00:00, 2636.43it/s, Materializing param=gpt_neox.layers.12.attention.query_key_value.weight]
Loading weights:  52%|#####2    | 152/292 [00:00<00:00, 2633.61it/s, Materializing param=gpt_neox.layers.12.attention.query_key_value.weight]
Loading weights:  52%|#####2    | 153/292 [00:00<00:00, 2645.93it/s, Materializing param=gpt_neox.layers.12.input_layernorm.bias]            
Loading weights:  52%|#####2    | 153/292 [00:00<00:00, 2643.26it/s, Materializing param=gpt_neox.layers.12.input_layernorm.bias]
Loading weights:  53%|#####2    | 154/292 [00:00<00:00, 2655.55it/s, Materializing param=gpt_neox.layers.12.input_layernorm.weight]
Loading weights:  53%|#####2    | 154/292 [00:00<00:00, 2652.69it/s, Materializing param=gpt_neox.layers.12.input_layernorm.weight]
Loading weights:  53%|#####3    | 155/292 [00:00<00:00, 2664.48it/s, Materializing param=gpt_neox.layers.12.mlp.dense_4h_to_h.bias]
Loading weights:  53%|#####3    | 155/292 [00:00<00:00, 2661.86it/s, Materializing param=gpt_neox.layers.12.mlp.dense_4h_to_h.bias]
Loading weights:  53%|#####3    | 156/292 [00:00<00:00, 2674.30it/s, Materializing param=gpt_neox.layers.12.mlp.dense_4h_to_h.weight]
Loading weights:  53%|#####3    | 156/292 [00:00<00:00, 2671.52it/s, Materializing param=gpt_neox.layers.12.mlp.dense_4h_to_h.weight]
Loading weights:  54%|#####3    | 157/292 [00:00<00:00, 2683.67it/s, Materializing param=gpt_neox.layers.12.mlp.dense_h_to_4h.bias]  
Loading weights:  54%|#####3    | 157/292 [00:00<00:00, 2680.90it/s, Materializing param=gpt_neox.layers.12.mlp.dense_h_to_4h.bias]
Loading weights:  54%|#####4    | 158/292 [00:00<00:00, 2693.02it/s, Materializing param=gpt_neox.layers.12.mlp.dense_h_to_4h.weight]
Loading weights:  54%|#####4    | 158/292 [00:00<00:00, 2690.27it/s, Materializing param=gpt_neox.layers.12.mlp.dense_h_to_4h.weight]
Loading weights:  54%|#####4    | 159/292 [00:00<00:00, 2702.50it/s, Materializing param=gpt_neox.layers.12.post_attention_layernorm.bias]
Loading weights:  54%|#####4    | 159/292 [00:00<00:00, 2699.76it/s, Materializing param=gpt_neox.layers.12.post_attention_layernorm.bias]
Loading weights:  55%|#####4    | 160/292 [00:00<00:00, 2711.94it/s, Materializing param=gpt_neox.layers.12.post_attention_layernorm.weight]
Loading weights:  55%|#####4    | 160/292 [00:00<00:00, 2709.16it/s, Materializing param=gpt_neox.layers.12.post_attention_layernorm.weight]
Loading weights:  55%|#####5    | 161/292 [00:00<00:00, 2721.33it/s, Materializing param=gpt_neox.layers.13.attention.dense.bias]           
Loading weights:  55%|#####5    | 161/292 [00:00<00:00, 2718.62it/s, Materializing param=gpt_neox.layers.13.attention.dense.bias]
Loading weights:  55%|#####5    | 162/292 [00:00<00:00, 2730.37it/s, Materializing param=gpt_neox.layers.13.attention.dense.weight]
Loading weights:  55%|#####5    | 162/292 [00:00<00:00, 2727.58it/s, Materializing param=gpt_neox.layers.13.attention.dense.weight]
Loading weights:  56%|#####5    | 163/292 [00:00<00:00, 2739.58it/s, Materializing param=gpt_neox.layers.13.attention.query_key_value.bias]
Loading weights:  56%|#####5    | 163/292 [00:00<00:00, 2736.83it/s, Materializing param=gpt_neox.layers.13.attention.query_key_value.bias]
Loading weights:  56%|#####6    | 164/292 [00:00<00:00, 2748.73it/s, Materializing param=gpt_neox.layers.13.attention.query_key_value.weight]
Loading weights:  56%|#####6    | 164/292 [00:00<00:00, 2745.95it/s, Materializing param=gpt_neox.layers.13.attention.query_key_value.weight]
Loading weights:  57%|#####6    | 165/292 [00:00<00:00, 2757.62it/s, Materializing param=gpt_neox.layers.13.input_layernorm.bias]            
Loading weights:  57%|#####6    | 165/292 [00:00<00:00, 2754.97it/s, Materializing param=gpt_neox.layers.13.input_layernorm.bias]
Loading weights:  57%|#####6    | 166/292 [00:00<00:00, 2766.78it/s, Materializing param=gpt_neox.layers.13.input_layernorm.weight]
Loading weights:  57%|#####6    | 166/292 [00:00<00:00, 2764.19it/s, Materializing param=gpt_neox.layers.13.input_layernorm.weight]
Loading weights:  57%|#####7    | 167/292 [00:00<00:00, 2775.44it/s, Materializing param=gpt_neox.layers.13.mlp.dense_4h_to_h.bias]
Loading weights:  57%|#####7    | 167/292 [00:00<00:00, 2772.75it/s, Materializing param=gpt_neox.layers.13.mlp.dense_4h_to_h.bias]
Loading weights:  58%|#####7    | 168/292 [00:00<00:00, 2783.98it/s, Materializing param=gpt_neox.layers.13.mlp.dense_4h_to_h.weight]
Loading weights:  58%|#####7    | 168/292 [00:00<00:00, 2781.35it/s, Materializing param=gpt_neox.layers.13.mlp.dense_4h_to_h.weight]
Loading weights:  58%|#####7    | 169/292 [00:00<00:00, 2792.83it/s, Materializing param=gpt_neox.layers.13.mlp.dense_h_to_4h.bias]  
Loading weights:  58%|#####7    | 169/292 [00:00<00:00, 2790.23it/s, Materializing param=gpt_neox.layers.13.mlp.dense_h_to_4h.bias]
Loading weights:  58%|#####8    | 170/292 [00:00<00:00, 2801.93it/s, Materializing param=gpt_neox.layers.13.mlp.dense_h_to_4h.weight]
Loading weights:  58%|#####8    | 170/292 [00:00<00:00, 2799.10it/s, Materializing param=gpt_neox.layers.13.mlp.dense_h_to_4h.weight]
Loading weights:  59%|#####8    | 171/292 [00:00<00:00, 2810.28it/s, Materializing param=gpt_neox.layers.13.post_attention_layernorm.bias]
Loading weights:  59%|#####8    | 171/292 [00:00<00:00, 2807.37it/s, Materializing param=gpt_neox.layers.13.post_attention_layernorm.bias]
Loading weights:  59%|#####8    | 172/292 [00:00<00:00, 2818.69it/s, Materializing param=gpt_neox.layers.13.post_attention_layernorm.weight]
Loading weights:  59%|#####8    | 172/292 [00:00<00:00, 2815.84it/s, Materializing param=gpt_neox.layers.13.post_attention_layernorm.weight]
Loading weights:  59%|#####9    | 173/292 [00:00<00:00, 2827.23it/s, Materializing param=gpt_neox.layers.14.attention.dense.bias]           
Loading weights:  59%|#####9    | 173/292 [00:00<00:00, 2824.49it/s, Materializing param=gpt_neox.layers.14.attention.dense.bias]
Loading weights:  60%|#####9    | 174/292 [00:00<00:00, 2835.75it/s, Materializing param=gpt_neox.layers.14.attention.dense.weight]
Loading weights:  60%|#####9    | 174/292 [00:00<00:00, 2833.01it/s, Materializing param=gpt_neox.layers.14.attention.dense.weight]
Loading weights:  60%|#####9    | 175/292 [00:00<00:00, 2844.33it/s, Materializing param=gpt_neox.layers.14.attention.query_key_value.bias]
Loading weights:  60%|#####9    | 175/292 [00:00<00:00, 2841.54it/s, Materializing param=gpt_neox.layers.14.attention.query_key_value.bias]
Loading weights:  60%|######    | 176/292 [00:00<00:00, 2852.89it/s, Materializing param=gpt_neox.layers.14.attention.query_key_value.weight]
Loading weights:  60%|######    | 176/292 [00:00<00:00, 2850.28it/s, Materializing param=gpt_neox.layers.14.attention.query_key_value.weight]
Loading weights:  61%|######    | 177/292 [00:00<00:00, 2861.67it/s, Materializing param=gpt_neox.layers.14.input_layernorm.bias]            
Loading weights:  61%|######    | 177/292 [00:00<00:00, 2858.94it/s, Materializing param=gpt_neox.layers.14.input_layernorm.bias]
Loading weights:  61%|######    | 178/292 [00:00<00:00, 2870.35it/s, Materializing param=gpt_neox.layers.14.input_layernorm.weight]
Loading weights:  61%|######    | 178/292 [00:00<00:00, 2867.60it/s, Materializing param=gpt_neox.layers.14.input_layernorm.weight]
Loading weights:  61%|######1   | 179/292 [00:00<00:00, 2878.47it/s, Materializing param=gpt_neox.layers.14.mlp.dense_4h_to_h.bias]
Loading weights:  61%|######1   | 179/292 [00:00<00:00, 2875.68it/s, Materializing param=gpt_neox.layers.14.mlp.dense_4h_to_h.bias]
Loading weights:  62%|######1   | 180/292 [00:00<00:00, 2886.85it/s, Materializing param=gpt_neox.layers.14.mlp.dense_4h_to_h.weight]
Loading weights:  62%|######1   | 180/292 [00:00<00:00, 2884.04it/s, Materializing param=gpt_neox.layers.14.mlp.dense_4h_to_h.weight]
Loading weights:  62%|######1   | 181/292 [00:00<00:00, 2895.07it/s, Materializing param=gpt_neox.layers.14.mlp.dense_h_to_4h.bias]  
Loading weights:  62%|######1   | 181/292 [00:00<00:00, 2892.33it/s, Materializing param=gpt_neox.layers.14.mlp.dense_h_to_4h.bias]
Loading weights:  62%|######2   | 182/292 [00:00<00:00, 2903.37it/s, Materializing param=gpt_neox.layers.14.mlp.dense_h_to_4h.weight]
Loading weights:  62%|######2   | 182/292 [00:00<00:00, 2900.56it/s, Materializing param=gpt_neox.layers.14.mlp.dense_h_to_4h.weight]
Loading weights:  63%|######2   | 183/292 [00:00<00:00, 2911.53it/s, Materializing param=gpt_neox.layers.14.post_attention_layernorm.bias]
Loading weights:  63%|######2   | 183/292 [00:00<00:00, 2908.73it/s, Materializing param=gpt_neox.layers.14.post_attention_layernorm.bias]
Loading weights:  63%|######3   | 184/292 [00:00<00:00, 2916.60it/s, Materializing param=gpt_neox.layers.14.post_attention_layernorm.weight]
Loading weights:  63%|######3   | 184/292 [00:00<00:00, 2913.58it/s, Materializing param=gpt_neox.layers.14.post_attention_layernorm.weight]
Loading weights:  63%|######3   | 185/292 [00:00<00:00, 2920.87it/s, Materializing param=gpt_neox.layers.15.attention.dense.bias]           
Loading weights:  63%|######3   | 185/292 [00:00<00:00, 2917.53it/s, Materializing param=gpt_neox.layers.15.attention.dense.bias]
Loading weights:  64%|######3   | 186/292 [00:00<00:00, 2924.83it/s, Materializing param=gpt_neox.layers.15.attention.dense.weight]
Loading weights:  64%|######3   | 186/292 [00:00<00:00, 2921.47it/s, Materializing param=gpt_neox.layers.15.attention.dense.weight]
Loading weights:  64%|######4   | 187/292 [00:00<00:00, 2931.54it/s, Materializing param=gpt_neox.layers.15.attention.query_key_value.bias]
Loading weights:  64%|######4   | 187/292 [00:00<00:00, 2928.66it/s, Materializing param=gpt_neox.layers.15.attention.query_key_value.bias]
Loading weights:  64%|######4   | 188/292 [00:00<00:00, 2939.17it/s, Materializing param=gpt_neox.layers.15.attention.query_key_value.weight]
Loading weights:  64%|######4   | 188/292 [00:00<00:00, 2936.36it/s, Materializing param=gpt_neox.layers.15.attention.query_key_value.weight]
Loading weights:  65%|######4   | 189/292 [00:00<00:00, 2946.83it/s, Materializing param=gpt_neox.layers.15.input_layernorm.bias]            
Loading weights:  65%|######4   | 189/292 [00:00<00:00, 2944.03it/s, Materializing param=gpt_neox.layers.15.input_layernorm.bias]
Loading weights:  65%|######5   | 190/292 [00:00<00:00, 2954.57it/s, Materializing param=gpt_neox.layers.15.input_layernorm.weight]
Loading weights:  65%|######5   | 190/292 [00:00<00:00, 2951.80it/s, Materializing param=gpt_neox.layers.15.input_layernorm.weight]
Loading weights:  65%|######5   | 191/292 [00:00<00:00, 2962.44it/s, Materializing param=gpt_neox.layers.15.mlp.dense_4h_to_h.bias]
Loading weights:  65%|######5   | 191/292 [00:00<00:00, 2959.67it/s, Materializing param=gpt_neox.layers.15.mlp.dense_4h_to_h.bias]
Loading weights:  66%|######5   | 192/292 [00:00<00:00, 2970.08it/s, Materializing param=gpt_neox.layers.15.mlp.dense_4h_to_h.weight]
Loading weights:  66%|######5   | 192/292 [00:00<00:00, 2967.31it/s, Materializing param=gpt_neox.layers.15.mlp.dense_4h_to_h.weight]
Loading weights:  66%|######6   | 193/292 [00:00<00:00, 2977.57it/s, Materializing param=gpt_neox.layers.15.mlp.dense_h_to_4h.bias]  
Loading weights:  66%|######6   | 193/292 [00:00<00:00, 2974.80it/s, Materializing param=gpt_neox.layers.15.mlp.dense_h_to_4h.bias]
Loading weights:  66%|######6   | 194/292 [00:00<00:00, 2985.41it/s, Materializing param=gpt_neox.layers.15.mlp.dense_h_to_4h.weight]
Loading weights:  66%|######6   | 194/292 [00:00<00:00, 2981.91it/s, Materializing param=gpt_neox.layers.15.mlp.dense_h_to_4h.weight]
Loading weights:  67%|######6   | 195/292 [00:00<00:00, 2992.45it/s, Materializing param=gpt_neox.layers.15.post_attention_layernorm.bias]
Loading weights:  67%|######6   | 195/292 [00:00<00:00, 2989.70it/s, Materializing param=gpt_neox.layers.15.post_attention_layernorm.bias]
Loading weights:  67%|######7   | 196/292 [00:00<00:00, 3000.11it/s, Materializing param=gpt_neox.layers.15.post_attention_layernorm.weight]
Loading weights:  67%|######7   | 196/292 [00:00<00:00, 2997.34it/s, Materializing param=gpt_neox.layers.15.post_attention_layernorm.weight]
Loading weights:  67%|######7   | 197/292 [00:00<00:00, 3007.74it/s, Materializing param=gpt_neox.layers.16.attention.dense.bias]           
Loading weights:  67%|######7   | 197/292 [00:00<00:00, 3005.05it/s, Materializing param=gpt_neox.layers.16.attention.dense.bias]
Loading weights:  68%|######7   | 198/292 [00:00<00:00, 3015.18it/s, Materializing param=gpt_neox.layers.16.attention.dense.weight]
Loading weights:  68%|######7   | 198/292 [00:00<00:00, 3012.61it/s, Materializing param=gpt_neox.layers.16.attention.dense.weight]
Loading weights:  68%|######8   | 199/292 [00:00<00:00, 3022.85it/s, Materializing param=gpt_neox.layers.16.attention.query_key_value.bias]
Loading weights:  68%|######8   | 199/292 [00:00<00:00, 3020.08it/s, Materializing param=gpt_neox.layers.16.attention.query_key_value.bias]
Loading weights:  68%|######8   | 200/292 [00:00<00:00, 3030.37it/s, Materializing param=gpt_neox.layers.16.attention.query_key_value.weight]
Loading weights:  68%|######8   | 200/292 [00:00<00:00, 3027.61it/s, Materializing param=gpt_neox.layers.16.attention.query_key_value.weight]
Loading weights:  69%|######8   | 201/292 [00:00<00:00, 3038.05it/s, Materializing param=gpt_neox.layers.16.input_layernorm.bias]            
Loading weights:  69%|######8   | 201/292 [00:00<00:00, 3035.35it/s, Materializing param=gpt_neox.layers.16.input_layernorm.bias]
Loading weights:  69%|######9   | 202/292 [00:00<00:00, 3045.80it/s, Materializing param=gpt_neox.layers.16.input_layernorm.weight]
Loading weights:  69%|######9   | 202/292 [00:00<00:00, 3042.99it/s, Materializing param=gpt_neox.layers.16.input_layernorm.weight]
Loading weights:  70%|######9   | 203/292 [00:00<00:00, 3053.02it/s, Materializing param=gpt_neox.layers.16.mlp.dense_4h_to_h.bias]
Loading weights:  70%|######9   | 203/292 [00:00<00:00, 3050.29it/s, Materializing param=gpt_neox.layers.16.mlp.dense_4h_to_h.bias]
Loading weights:  70%|######9   | 204/292 [00:00<00:00, 3060.43it/s, Materializing param=gpt_neox.layers.16.mlp.dense_4h_to_h.weight]
Loading weights:  70%|######9   | 204/292 [00:00<00:00, 3057.84it/s, Materializing param=gpt_neox.layers.16.mlp.dense_4h_to_h.weight]
Loading weights:  70%|#######   | 205/292 [00:00<00:00, 3068.18it/s, Materializing param=gpt_neox.layers.16.mlp.dense_h_to_4h.bias]  
Loading weights:  70%|#######   | 205/292 [00:00<00:00, 3065.51it/s, Materializing param=gpt_neox.layers.16.mlp.dense_h_to_4h.bias]
Loading weights:  71%|#######   | 206/292 [00:00<00:00, 3075.73it/s, Materializing param=gpt_neox.layers.16.mlp.dense_h_to_4h.weight]
Loading weights:  71%|#######   | 206/292 [00:00<00:00, 3071.72it/s, Materializing param=gpt_neox.layers.16.mlp.dense_h_to_4h.weight]
Loading weights:  71%|#######   | 207/292 [00:00<00:00, 3081.72it/s, Materializing param=gpt_neox.layers.16.post_attention_layernorm.bias]
Loading weights:  71%|#######   | 207/292 [00:00<00:00, 3078.98it/s, Materializing param=gpt_neox.layers.16.post_attention_layernorm.bias]
Loading weights:  71%|#######1  | 208/292 [00:00<00:00, 3088.37it/s, Materializing param=gpt_neox.layers.16.post_attention_layernorm.weight]
Loading weights:  71%|#######1  | 208/292 [00:00<00:00, 3085.60it/s, Materializing param=gpt_neox.layers.16.post_attention_layernorm.weight]
Loading weights:  72%|#######1  | 209/292 [00:00<00:00, 3095.55it/s, Materializing param=gpt_neox.layers.17.attention.dense.bias]           
Loading weights:  72%|#######1  | 209/292 [00:00<00:00, 3092.86it/s, Materializing param=gpt_neox.layers.17.attention.dense.bias]
Loading weights:  72%|#######1  | 210/292 [00:00<00:00, 3102.45it/s, Materializing param=gpt_neox.layers.17.attention.dense.weight]
Loading weights:  72%|#######1  | 210/292 [00:00<00:00, 3099.63it/s, Materializing param=gpt_neox.layers.17.attention.dense.weight]
Loading weights:  72%|#######2  | 211/292 [00:00<00:00, 3109.22it/s, Materializing param=gpt_neox.layers.17.attention.query_key_value.bias]
Loading weights:  72%|#######2  | 211/292 [00:00<00:00, 3106.48it/s, Materializing param=gpt_neox.layers.17.attention.query_key_value.bias]
Loading weights:  73%|#######2  | 212/292 [00:00<00:00, 3116.41it/s, Materializing param=gpt_neox.layers.17.attention.query_key_value.weight]
Loading weights:  73%|#######2  | 212/292 [00:00<00:00, 3113.69it/s, Materializing param=gpt_neox.layers.17.attention.query_key_value.weight]
Loading weights:  73%|#######2  | 213/292 [00:00<00:00, 3122.91it/s, Materializing param=gpt_neox.layers.17.input_layernorm.bias]            
Loading weights:  73%|#######2  | 213/292 [00:00<00:00, 3120.25it/s, Materializing param=gpt_neox.layers.17.input_layernorm.bias]
Loading weights:  73%|#######3  | 214/292 [00:00<00:00, 3130.19it/s, Materializing param=gpt_neox.layers.17.input_layernorm.weight]
Loading weights:  73%|#######3  | 214/292 [00:00<00:00, 3127.59it/s, Materializing param=gpt_neox.layers.17.input_layernorm.weight]
Loading weights:  74%|#######3  | 215/292 [00:00<00:00, 3137.65it/s, Materializing param=gpt_neox.layers.17.mlp.dense_4h_to_h.bias]
Loading weights:  74%|#######3  | 215/292 [00:00<00:00, 3134.91it/s, Materializing param=gpt_neox.layers.17.mlp.dense_4h_to_h.bias]
Loading weights:  74%|#######3  | 216/292 [00:00<00:00, 3144.70it/s, Materializing param=gpt_neox.layers.17.mlp.dense_4h_to_h.weight]
Loading weights:  74%|#######3  | 216/292 [00:00<00:00, 3141.98it/s, Materializing param=gpt_neox.layers.17.mlp.dense_4h_to_h.weight]
Loading weights:  74%|#######4  | 217/292 [00:00<00:00, 3151.83it/s, Materializing param=gpt_neox.layers.17.mlp.dense_h_to_4h.bias]  
Loading weights:  74%|#######4  | 217/292 [00:00<00:00, 3149.13it/s, Materializing param=gpt_neox.layers.17.mlp.dense_h_to_4h.bias]
Loading weights:  75%|#######4  | 218/292 [00:00<00:00, 3158.96it/s, Materializing param=gpt_neox.layers.17.mlp.dense_h_to_4h.weight]
Loading weights:  75%|#######4  | 218/292 [00:00<00:00, 3156.26it/s, Materializing param=gpt_neox.layers.17.mlp.dense_h_to_4h.weight]
Loading weights:  75%|#######5  | 219/292 [00:00<00:00, 3166.08it/s, Materializing param=gpt_neox.layers.17.post_attention_layernorm.bias]
Loading weights:  75%|#######5  | 219/292 [00:00<00:00, 3163.31it/s, Materializing param=gpt_neox.layers.17.post_attention_layernorm.bias]
Loading weights:  75%|#######5  | 220/292 [00:00<00:00, 3173.06it/s, Materializing param=gpt_neox.layers.17.post_attention_layernorm.weight]
Loading weights:  75%|#######5  | 220/292 [00:00<00:00, 3170.46it/s, Materializing param=gpt_neox.layers.17.post_attention_layernorm.weight]
Loading weights:  76%|#######5  | 221/292 [00:00<00:00, 3180.05it/s, Materializing param=gpt_neox.layers.18.attention.dense.bias]           
Loading weights:  76%|#######5  | 221/292 [00:00<00:00, 3177.36it/s, Materializing param=gpt_neox.layers.18.attention.dense.bias]
Loading weights:  76%|#######6  | 222/292 [00:00<00:00, 3186.62it/s, Materializing param=gpt_neox.layers.18.attention.dense.weight]
Loading weights:  76%|#######6  | 222/292 [00:00<00:00, 3183.73it/s, Materializing param=gpt_neox.layers.18.attention.dense.weight]
Loading weights:  76%|#######6  | 223/292 [00:00<00:00, 3193.11it/s, Materializing param=gpt_neox.layers.18.attention.query_key_value.bias]
Loading weights:  76%|#######6  | 223/292 [00:00<00:00, 3190.35it/s, Materializing param=gpt_neox.layers.18.attention.query_key_value.bias]
Loading weights:  77%|#######6  | 224/292 [00:00<00:00, 3199.89it/s, Materializing param=gpt_neox.layers.18.attention.query_key_value.weight]
Loading weights:  77%|#######6  | 224/292 [00:00<00:00, 3194.05it/s, Materializing param=gpt_neox.layers.18.attention.query_key_value.weight]
Loading weights:  77%|#######7  | 225/292 [00:00<00:00, 3202.22it/s, Materializing param=gpt_neox.layers.18.input_layernorm.bias]            
Loading weights:  77%|#######7  | 225/292 [00:00<00:00, 3198.19it/s, Materializing param=gpt_neox.layers.18.input_layernorm.bias]
Loading weights:  77%|#######7  | 226/292 [00:00<00:00, 3207.15it/s, Materializing param=gpt_neox.layers.18.input_layernorm.weight]
Loading weights:  77%|#######7  | 226/292 [00:00<00:00, 3204.40it/s, Materializing param=gpt_neox.layers.18.input_layernorm.weight]
Loading weights:  78%|#######7  | 227/292 [00:00<00:00, 3213.70it/s, Materializing param=gpt_neox.layers.18.mlp.dense_4h_to_h.bias]
Loading weights:  78%|#######7  | 227/292 [00:00<00:00, 3211.02it/s, Materializing param=gpt_neox.layers.18.mlp.dense_4h_to_h.bias]
Loading weights:  78%|#######8  | 228/292 [00:00<00:00, 3220.29it/s, Materializing param=gpt_neox.layers.18.mlp.dense_4h_to_h.weight]
Loading weights:  78%|#######8  | 228/292 [00:00<00:00, 3217.59it/s, Materializing param=gpt_neox.layers.18.mlp.dense_4h_to_h.weight]
Loading weights:  78%|#######8  | 229/292 [00:00<00:00, 3226.86it/s, Materializing param=gpt_neox.layers.18.mlp.dense_h_to_4h.bias]  
Loading weights:  78%|#######8  | 229/292 [00:00<00:00, 3224.18it/s, Materializing param=gpt_neox.layers.18.mlp.dense_h_to_4h.bias]
Loading weights:  79%|#######8  | 230/292 [00:00<00:00, 3233.43it/s, Materializing param=gpt_neox.layers.18.mlp.dense_h_to_4h.weight]
Loading weights:  79%|#######8  | 230/292 [00:00<00:00, 3230.85it/s, Materializing param=gpt_neox.layers.18.mlp.dense_h_to_4h.weight]
Loading weights:  79%|#######9  | 231/292 [00:00<00:00, 3240.14it/s, Materializing param=gpt_neox.layers.18.post_attention_layernorm.bias]
Loading weights:  79%|#######9  | 231/292 [00:00<00:00, 3237.32it/s, Materializing param=gpt_neox.layers.18.post_attention_layernorm.bias]
Loading weights:  79%|#######9  | 232/292 [00:00<00:00, 3246.11it/s, Materializing param=gpt_neox.layers.18.post_attention_layernorm.weight]
Loading weights:  79%|#######9  | 232/292 [00:00<00:00, 3243.37it/s, Materializing param=gpt_neox.layers.18.post_attention_layernorm.weight]
Loading weights:  80%|#######9  | 233/292 [00:00<00:00, 3252.50it/s, Materializing param=gpt_neox.layers.19.attention.dense.bias]           
Loading weights:  80%|#######9  | 233/292 [00:00<00:00, 3249.47it/s, Materializing param=gpt_neox.layers.19.attention.dense.bias]
Loading weights:  80%|########  | 234/292 [00:00<00:00, 3258.12it/s, Materializing param=gpt_neox.layers.19.attention.dense.weight]
Loading weights:  80%|########  | 234/292 [00:00<00:00, 3255.38it/s, Materializing param=gpt_neox.layers.19.attention.dense.weight]
Loading weights:  80%|########  | 235/292 [00:00<00:00, 3264.34it/s, Materializing param=gpt_neox.layers.19.attention.query_key_value.bias]
Loading weights:  80%|########  | 235/292 [00:00<00:00, 3261.58it/s, Materializing param=gpt_neox.layers.19.attention.query_key_value.bias]
Loading weights:  81%|########  | 236/292 [00:00<00:00, 3270.72it/s, Materializing param=gpt_neox.layers.19.attention.query_key_value.weight]
Loading weights:  81%|########  | 236/292 [00:00<00:00, 3267.95it/s, Materializing param=gpt_neox.layers.19.attention.query_key_value.weight]
Loading weights:  81%|########1 | 237/292 [00:00<00:00, 3276.92it/s, Materializing param=gpt_neox.layers.19.input_layernorm.bias]            
Loading weights:  81%|########1 | 237/292 [00:00<00:00, 3274.22it/s, Materializing param=gpt_neox.layers.19.input_layernorm.bias]
Loading weights:  82%|########1 | 238/292 [00:00<00:00, 3283.27it/s, Materializing param=gpt_neox.layers.19.input_layernorm.weight]
Loading weights:  82%|########1 | 238/292 [00:00<00:00, 3280.61it/s, Materializing param=gpt_neox.layers.19.input_layernorm.weight]
Loading weights:  82%|########1 | 239/292 [00:00<00:00, 3289.66it/s, Materializing param=gpt_neox.layers.19.mlp.dense_4h_to_h.bias]
Loading weights:  82%|########1 | 239/292 [00:00<00:00, 3287.15it/s, Materializing param=gpt_neox.layers.19.mlp.dense_4h_to_h.bias]
Loading weights:  82%|########2 | 240/292 [00:00<00:00, 3296.28it/s, Materializing param=gpt_neox.layers.19.mlp.dense_4h_to_h.weight]
Loading weights:  82%|########2 | 240/292 [00:00<00:00, 3293.51it/s, Materializing param=gpt_neox.layers.19.mlp.dense_4h_to_h.weight]
Loading weights:  83%|########2 | 241/292 [00:00<00:00, 3302.27it/s, Materializing param=gpt_neox.layers.19.mlp.dense_h_to_4h.bias]  
Loading weights:  83%|########2 | 241/292 [00:00<00:00, 3299.59it/s, Materializing param=gpt_neox.layers.19.mlp.dense_h_to_4h.bias]
Loading weights:  83%|########2 | 242/292 [00:00<00:00, 3308.63it/s, Materializing param=gpt_neox.layers.19.mlp.dense_h_to_4h.weight]
Loading weights:  83%|########2 | 242/292 [00:00<00:00, 3305.95it/s, Materializing param=gpt_neox.layers.19.mlp.dense_h_to_4h.weight]
Loading weights:  83%|########3 | 243/292 [00:00<00:00, 3314.82it/s, Materializing param=gpt_neox.layers.19.post_attention_layernorm.bias]
Loading weights:  83%|########3 | 243/292 [00:00<00:00, 3312.14it/s, Materializing param=gpt_neox.layers.19.post_attention_layernorm.bias]
Loading weights:  84%|########3 | 244/292 [00:00<00:00, 3321.15it/s, Materializing param=gpt_neox.layers.19.post_attention_layernorm.weight]
Loading weights:  84%|########3 | 244/292 [00:00<00:00, 3318.44it/s, Materializing param=gpt_neox.layers.19.post_attention_layernorm.weight]
Loading weights:  84%|########3 | 245/292 [00:00<00:00, 3327.48it/s, Materializing param=gpt_neox.layers.20.attention.dense.bias]           
Loading weights:  84%|########3 | 245/292 [00:00<00:00, 3324.53it/s, Materializing param=gpt_neox.layers.20.attention.dense.bias]
Loading weights:  84%|########4 | 246/292 [00:00<00:00, 3333.39it/s, Materializing param=gpt_neox.layers.20.attention.dense.weight]
Loading weights:  84%|########4 | 246/292 [00:00<00:00, 3330.87it/s, Materializing param=gpt_neox.layers.20.attention.dense.weight]
Loading weights:  85%|########4 | 247/292 [00:00<00:00, 3339.90it/s, Materializing param=gpt_neox.layers.20.attention.query_key_value.bias]
Loading weights:  85%|########4 | 247/292 [00:00<00:00, 3337.37it/s, Materializing param=gpt_neox.layers.20.attention.query_key_value.bias]
Loading weights:  85%|########4 | 248/292 [00:00<00:00, 3346.34it/s, Materializing param=gpt_neox.layers.20.attention.query_key_value.weight]
Loading weights:  85%|########4 | 248/292 [00:00<00:00, 3343.66it/s, Materializing param=gpt_neox.layers.20.attention.query_key_value.weight]
Loading weights:  85%|########5 | 249/292 [00:00<00:00, 3352.33it/s, Materializing param=gpt_neox.layers.20.input_layernorm.bias]            
Loading weights:  85%|########5 | 249/292 [00:00<00:00, 3349.69it/s, Materializing param=gpt_neox.layers.20.input_layernorm.bias]
Loading weights:  86%|########5 | 250/292 [00:00<00:00, 3358.46it/s, Materializing param=gpt_neox.layers.20.input_layernorm.weight]
Loading weights:  86%|########5 | 250/292 [00:00<00:00, 3355.82it/s, Materializing param=gpt_neox.layers.20.input_layernorm.weight]
Loading weights:  86%|########5 | 251/292 [00:00<00:00, 3363.33it/s, Materializing param=gpt_neox.layers.20.mlp.dense_4h_to_h.bias]
Loading weights:  86%|########5 | 251/292 [00:00<00:00, 3360.85it/s, Materializing param=gpt_neox.layers.20.mlp.dense_4h_to_h.bias]
Loading weights:  86%|########6 | 252/292 [00:00<00:00, 3369.72it/s, Materializing param=gpt_neox.layers.20.mlp.dense_4h_to_h.weight]
Loading weights:  86%|########6 | 252/292 [00:00<00:00, 3367.08it/s, Materializing param=gpt_neox.layers.20.mlp.dense_4h_to_h.weight]
Loading weights:  87%|########6 | 253/292 [00:00<00:00, 3375.85it/s, Materializing param=gpt_neox.layers.20.mlp.dense_h_to_4h.bias]  
Loading weights:  87%|########6 | 253/292 [00:00<00:00, 3373.14it/s, Materializing param=gpt_neox.layers.20.mlp.dense_h_to_4h.bias]
Loading weights:  87%|########6 | 254/292 [00:00<00:00, 3381.62it/s, Materializing param=gpt_neox.layers.20.mlp.dense_h_to_4h.weight]
Loading weights:  87%|########6 | 254/292 [00:00<00:00, 3378.98it/s, Materializing param=gpt_neox.layers.20.mlp.dense_h_to_4h.weight]
Loading weights:  87%|########7 | 255/292 [00:00<00:00, 3387.55it/s, Materializing param=gpt_neox.layers.20.post_attention_layernorm.bias]
Loading weights:  87%|########7 | 255/292 [00:00<00:00, 3384.87it/s, Materializing param=gpt_neox.layers.20.post_attention_layernorm.bias]
Loading weights:  88%|########7 | 256/292 [00:00<00:00, 3393.24it/s, Materializing param=gpt_neox.layers.20.post_attention_layernorm.weight]
Loading weights:  88%|########7 | 256/292 [00:00<00:00, 3390.12it/s, Materializing param=gpt_neox.layers.20.post_attention_layernorm.weight]
Loading weights:  88%|########8 | 257/292 [00:00<00:00, 3398.54it/s, Materializing param=gpt_neox.layers.21.attention.dense.bias]           
Loading weights:  88%|########8 | 257/292 [00:00<00:00, 3395.58it/s, Materializing param=gpt_neox.layers.21.attention.dense.bias]
Loading weights:  88%|########8 | 258/292 [00:00<00:00, 3403.66it/s, Materializing param=gpt_neox.layers.21.attention.dense.weight]
Loading weights:  88%|########8 | 258/292 [00:00<00:00, 3400.97it/s, Materializing param=gpt_neox.layers.21.attention.dense.weight]
Loading weights:  89%|########8 | 259/292 [00:00<00:00, 3409.28it/s, Materializing param=gpt_neox.layers.21.attention.query_key_value.bias]
Loading weights:  89%|########8 | 259/292 [00:00<00:00, 3406.58it/s, Materializing param=gpt_neox.layers.21.attention.query_key_value.bias]
Loading weights:  89%|########9 | 260/292 [00:00<00:00, 3414.69it/s, Materializing param=gpt_neox.layers.21.attention.query_key_value.weight]
Loading weights:  89%|########9 | 260/292 [00:00<00:00, 3411.92it/s, Materializing param=gpt_neox.layers.21.attention.query_key_value.weight]
Loading weights:  89%|########9 | 261/292 [00:00<00:00, 3420.27it/s, Materializing param=gpt_neox.layers.21.input_layernorm.bias]            
Loading weights:  89%|########9 | 261/292 [00:00<00:00, 3417.61it/s, Materializing param=gpt_neox.layers.21.input_layernorm.bias]
Loading weights:  90%|########9 | 262/292 [00:00<00:00, 3425.96it/s, Materializing param=gpt_neox.layers.21.input_layernorm.weight]
Loading weights:  90%|########9 | 262/292 [00:00<00:00, 3423.35it/s, Materializing param=gpt_neox.layers.21.input_layernorm.weight]
Loading weights:  90%|######### | 263/292 [00:00<00:00, 3431.68it/s, Materializing param=gpt_neox.layers.21.mlp.dense_4h_to_h.bias]
Loading weights:  90%|######### | 263/292 [00:00<00:00, 3429.19it/s, Materializing param=gpt_neox.layers.21.mlp.dense_4h_to_h.bias]
Loading weights:  90%|######### | 264/292 [00:00<00:00, 3437.52it/s, Materializing param=gpt_neox.layers.21.mlp.dense_4h_to_h.weight]
Loading weights:  90%|######### | 264/292 [00:00<00:00, 3434.88it/s, Materializing param=gpt_neox.layers.21.mlp.dense_4h_to_h.weight]
Loading weights:  91%|######### | 265/292 [00:00<00:00, 3443.26it/s, Materializing param=gpt_neox.layers.21.mlp.dense_h_to_4h.bias]  
Loading weights:  91%|######### | 265/292 [00:00<00:00, 3440.65it/s, Materializing param=gpt_neox.layers.21.mlp.dense_h_to_4h.bias]
Loading weights:  91%|#########1| 266/292 [00:00<00:00, 3447.79it/s, Materializing param=gpt_neox.layers.21.mlp.dense_h_to_4h.weight]
Loading weights:  91%|#########1| 266/292 [00:00<00:00, 3445.15it/s, Materializing param=gpt_neox.layers.21.mlp.dense_h_to_4h.weight]
Loading weights:  91%|#########1| 267/292 [00:00<00:00, 3453.51it/s, Materializing param=gpt_neox.layers.21.post_attention_layernorm.bias]
Loading weights:  91%|#########1| 267/292 [00:00<00:00, 3450.85it/s, Materializing param=gpt_neox.layers.21.post_attention_layernorm.bias]
Loading weights:  92%|#########1| 268/292 [00:00<00:00, 3459.05it/s, Materializing param=gpt_neox.layers.21.post_attention_layernorm.weight]
Loading weights:  92%|#########1| 268/292 [00:00<00:00, 3456.39it/s, Materializing param=gpt_neox.layers.21.post_attention_layernorm.weight]
Loading weights:  92%|#########2| 269/292 [00:00<00:00, 3464.59it/s, Materializing param=gpt_neox.layers.22.attention.dense.bias]           
Loading weights:  92%|#########2| 269/292 [00:00<00:00, 3461.74it/s, Materializing param=gpt_neox.layers.22.attention.dense.bias]
Loading weights:  92%|#########2| 270/292 [00:00<00:00, 3469.77it/s, Materializing param=gpt_neox.layers.22.attention.dense.weight]
Loading weights:  92%|#########2| 270/292 [00:00<00:00, 3467.04it/s, Materializing param=gpt_neox.layers.22.attention.dense.weight]
Loading weights:  93%|#########2| 271/292 [00:00<00:00, 3474.64it/s, Materializing param=gpt_neox.layers.22.attention.query_key_value.bias]
Loading weights:  93%|#########2| 271/292 [00:00<00:00, 3471.95it/s, Materializing param=gpt_neox.layers.22.attention.query_key_value.bias]
Loading weights:  93%|#########3| 272/292 [00:00<00:00, 3480.02it/s, Materializing param=gpt_neox.layers.22.attention.query_key_value.weight]
Loading weights:  93%|#########3| 272/292 [00:00<00:00, 3477.51it/s, Materializing param=gpt_neox.layers.22.attention.query_key_value.weight]
Loading weights:  93%|#########3| 273/292 [00:00<00:00, 3484.88it/s, Materializing param=gpt_neox.layers.22.input_layernorm.bias]            
Loading weights:  93%|#########3| 273/292 [00:00<00:00, 3482.27it/s, Materializing param=gpt_neox.layers.22.input_layernorm.bias]
Loading weights:  94%|#########3| 274/292 [00:00<00:00, 3490.34it/s, Materializing param=gpt_neox.layers.22.input_layernorm.weight]
Loading weights:  94%|#########3| 274/292 [00:00<00:00, 3487.72it/s, Materializing param=gpt_neox.layers.22.input_layernorm.weight]
Loading weights:  94%|#########4| 275/292 [00:00<00:00, 3495.88it/s, Materializing param=gpt_neox.layers.22.mlp.dense_4h_to_h.bias]
Loading weights:  94%|#########4| 275/292 [00:00<00:00, 3493.28it/s, Materializing param=gpt_neox.layers.22.mlp.dense_4h_to_h.bias]
Loading weights:  95%|#########4| 276/292 [00:00<00:00, 3501.28it/s, Materializing param=gpt_neox.layers.22.mlp.dense_4h_to_h.weight]
Loading weights:  95%|#########4| 276/292 [00:00<00:00, 3498.65it/s, Materializing param=gpt_neox.layers.22.mlp.dense_4h_to_h.weight]
Loading weights:  95%|#########4| 277/292 [00:00<00:00, 3506.77it/s, Materializing param=gpt_neox.layers.22.mlp.dense_h_to_4h.bias]  
Loading weights:  95%|#########4| 277/292 [00:00<00:00, 3504.19it/s, Materializing param=gpt_neox.layers.22.mlp.dense_h_to_4h.bias]
Loading weights:  95%|#########5| 278/292 [00:00<00:00, 3512.17it/s, Materializing param=gpt_neox.layers.22.mlp.dense_h_to_4h.weight]
Loading weights:  95%|#########5| 278/292 [00:00<00:00, 3509.57it/s, Materializing param=gpt_neox.layers.22.mlp.dense_h_to_4h.weight]
Loading weights:  96%|#########5| 279/292 [00:00<00:00, 3517.53it/s, Materializing param=gpt_neox.layers.22.post_attention_layernorm.bias]
Loading weights:  96%|#########5| 279/292 [00:00<00:00, 3514.87it/s, Materializing param=gpt_neox.layers.22.post_attention_layernorm.bias]
Loading weights:  96%|#########5| 280/292 [00:00<00:00, 3522.65it/s, Materializing param=gpt_neox.layers.22.post_attention_layernorm.weight]
Loading weights:  96%|#########5| 280/292 [00:00<00:00, 3519.96it/s, Materializing param=gpt_neox.layers.22.post_attention_layernorm.weight]
Loading weights:  96%|#########6| 281/292 [00:00<00:00, 3528.01it/s, Materializing param=gpt_neox.layers.23.attention.dense.bias]           
Loading weights:  96%|#########6| 281/292 [00:00<00:00, 3525.27it/s, Materializing param=gpt_neox.layers.23.attention.dense.bias]
Loading weights:  97%|#########6| 282/292 [00:00<00:00, 3532.92it/s, Materializing param=gpt_neox.layers.23.attention.dense.weight]
Loading weights:  97%|#########6| 282/292 [00:00<00:00, 3530.38it/s, Materializing param=gpt_neox.layers.23.attention.dense.weight]
Loading weights:  97%|#########6| 283/292 [00:00<00:00, 3538.17it/s, Materializing param=gpt_neox.layers.23.attention.query_key_value.bias]
Loading weights:  97%|#########6| 283/292 [00:00<00:00, 3535.66it/s, Materializing param=gpt_neox.layers.23.attention.query_key_value.bias]
Loading weights:  97%|#########7| 284/292 [00:00<00:00, 3543.28it/s, Materializing param=gpt_neox.layers.23.attention.query_key_value.weight]
Loading weights:  97%|#########7| 284/292 [00:00<00:00, 3540.58it/s, Materializing param=gpt_neox.layers.23.attention.query_key_value.weight]
Loading weights:  98%|#########7| 285/292 [00:00<00:00, 3547.52it/s, Materializing param=gpt_neox.layers.23.input_layernorm.bias]            
Loading weights:  98%|#########7| 285/292 [00:00<00:00, 3544.90it/s, Materializing param=gpt_neox.layers.23.input_layernorm.bias]
Loading weights:  98%|#########7| 286/292 [00:00<00:00, 3552.77it/s, Materializing param=gpt_neox.layers.23.input_layernorm.weight]
Loading weights:  98%|#########7| 286/292 [00:00<00:00, 3549.44it/s, Materializing param=gpt_neox.layers.23.input_layernorm.weight]
Loading weights:  98%|#########8| 287/292 [00:00<00:00, 3557.43it/s, Materializing param=gpt_neox.layers.23.mlp.dense_4h_to_h.bias]
Loading weights:  98%|#########8| 287/292 [00:00<00:00, 3554.86it/s, Materializing param=gpt_neox.layers.23.mlp.dense_4h_to_h.bias]
Loading weights:  99%|#########8| 288/292 [00:00<00:00, 3562.69it/s, Materializing param=gpt_neox.layers.23.mlp.dense_4h_to_h.weight]
Loading weights:  99%|#########8| 288/292 [00:00<00:00, 3560.11it/s, Materializing param=gpt_neox.layers.23.mlp.dense_4h_to_h.weight]
Loading weights:  99%|#########8| 289/292 [00:00<00:00, 3567.97it/s, Materializing param=gpt_neox.layers.23.mlp.dense_h_to_4h.bias]  
Loading weights:  99%|#########8| 289/292 [00:00<00:00, 3564.15it/s, Materializing param=gpt_neox.layers.23.mlp.dense_h_to_4h.bias]
Loading weights:  99%|#########9| 290/292 [00:00<00:00, 3571.90it/s, Materializing param=gpt_neox.layers.23.mlp.dense_h_to_4h.weight]
Loading weights:  99%|#########9| 290/292 [00:00<00:00, 3569.45it/s, Materializing param=gpt_neox.layers.23.mlp.dense_h_to_4h.weight]
Loading weights: 100%|#########9| 291/292 [00:00<00:00, 3577.17it/s, Materializing param=gpt_neox.layers.23.post_attention_layernorm.bias]
Loading weights: 100%|#########9| 291/292 [00:00<00:00, 3574.49it/s, Materializing param=gpt_neox.layers.23.post_attention_layernorm.bias]
Loading weights: 100%|##########| 292/292 [00:00<00:00, 3581.88it/s, Materializing param=gpt_neox.layers.23.post_attention_layernorm.weight]
Loading weights: 100%|##########| 292/292 [00:00<00:00, 3578.53it/s, Materializing param=gpt_neox.layers.23.post_attention_layernorm.weight]
Loading weights: 100%|##########| 292/292 [00:00<00:00, 3572.81it/s, Materializing param=gpt_neox.layers.23.post_attention_layernorm.weight]

Loading weights:   0%|          | 0/292 [00:00<?, ?it/s]
Loading weights:   0%|          | 1/292 [00:00<00:00, 34379.54it/s, Materializing param=embed_out.weight]
Loading weights:   0%|          | 1/292 [00:00<00:00, 1771.99it/s, Materializing param=embed_out.weight] 
Loading weights:   1%|          | 2/292 [00:00<00:00, 1920.47it/s, Materializing param=gpt_neox.embed_in.weight]
Loading weights:   1%|          | 2/292 [00:00<00:00, 1127.50it/s, Materializing param=gpt_neox.embed_in.weight]
Loading weights:   1%|1         | 3/292 [00:00<00:00, 1180.83it/s, Materializing param=gpt_neox.final_layer_norm.bias]
Loading weights:   1%|1         | 3/292 [00:00<00:00, 1137.80it/s, Materializing param=gpt_neox.final_layer_norm.bias]
Loading weights:   1%|1         | 4/292 [00:00<00:00, 1323.54it/s, Materializing param=gpt_neox.final_layer_norm.weight]
Loading weights:   1%|1         | 4/292 [00:00<00:00, 1169.55it/s, Materializing param=gpt_neox.final_layer_norm.weight]
Loading weights:   2%|1         | 5/292 [00:00<00:00, 1021.31it/s, Materializing param=gpt_neox.layers.0.attention.dense.bias]
Loading weights:   2%|1         | 5/292 [00:00<00:00, 916.11it/s, Materializing param=gpt_neox.layers.0.attention.dense.bias] 
Loading weights:   2%|2         | 6/292 [00:00<00:00, 1022.75it/s, Materializing param=gpt_neox.layers.0.attention.dense.weight]
Loading weights:   2%|2         | 6/292 [00:00<00:00, 910.82it/s, Materializing param=gpt_neox.layers.0.attention.dense.weight] 
Loading weights:   2%|2         | 7/292 [00:00<00:00, 941.97it/s, Materializing param=gpt_neox.layers.0.attention.query_key_value.bias]
Loading weights:   2%|2         | 7/292 [00:00<00:00, 892.95it/s, Materializing param=gpt_neox.layers.0.attention.query_key_value.bias]
Loading weights:   3%|2         | 8/292 [00:00<00:00, 929.92it/s, Materializing param=gpt_neox.layers.0.attention.query_key_value.weight]
Loading weights:   3%|2         | 8/292 [00:00<00:00, 914.26it/s, Materializing param=gpt_neox.layers.0.attention.query_key_value.weight]
Loading weights:   3%|3         | 9/292 [00:00<00:00, 997.06it/s, Materializing param=gpt_neox.layers.0.input_layernorm.bias]            
Loading weights:   3%|3         | 9/292 [00:00<00:00, 988.94it/s, Materializing param=gpt_neox.layers.0.input_layernorm.bias]
Loading weights:   3%|3         | 10/292 [00:00<00:00, 1063.71it/s, Materializing param=gpt_neox.layers.0.input_layernorm.weight]
Loading weights:   3%|3         | 10/292 [00:00<00:00, 1045.96it/s, Materializing param=gpt_neox.layers.0.input_layernorm.weight]
Loading weights:   4%|3         | 11/292 [00:00<00:00, 1105.59it/s, Materializing param=gpt_neox.layers.0.mlp.dense_4h_to_h.bias]
Loading weights:   4%|3         | 11/292 [00:00<00:00, 1097.20it/s, Materializing param=gpt_neox.layers.0.mlp.dense_4h_to_h.bias]
Loading weights:   4%|4         | 12/292 [00:00<00:00, 1167.08it/s, Materializing param=gpt_neox.layers.0.mlp.dense_4h_to_h.weight]
Loading weights:   4%|4         | 12/292 [00:00<00:00, 1132.93it/s, Materializing param=gpt_neox.layers.0.mlp.dense_4h_to_h.weight]
Loading weights:   4%|4         | 13/292 [00:00<00:00, 1210.64it/s, Materializing param=gpt_neox.layers.0.mlp.dense_h_to_4h.bias]  
Loading weights:   4%|4         | 13/292 [00:00<00:00, 1203.32it/s, Materializing param=gpt_neox.layers.0.mlp.dense_h_to_4h.bias]
Loading weights:   5%|4         | 14/292 [00:00<00:00, 1248.65it/s, Materializing param=gpt_neox.layers.0.mlp.dense_h_to_4h.weight]
Loading weights:   5%|4         | 14/292 [00:00<00:00, 1207.39it/s, Materializing param=gpt_neox.layers.0.mlp.dense_h_to_4h.weight]
Loading weights:   5%|5         | 15/292 [00:00<00:00, 1261.62it/s, Materializing param=gpt_neox.layers.0.post_attention_layernorm.bias]
Loading weights:   5%|5         | 15/292 [00:00<00:00, 1200.68it/s, Materializing param=gpt_neox.layers.0.post_attention_layernorm.bias]
Loading weights:   5%|5         | 16/292 [00:00<00:00, 1257.83it/s, Materializing param=gpt_neox.layers.0.post_attention_layernorm.weight]
Loading weights:   5%|5         | 16/292 [00:00<00:00, 1216.56it/s, Materializing param=gpt_neox.layers.0.post_attention_layernorm.weight]
Loading weights:   6%|5         | 17/292 [00:00<00:00, 1189.60it/s, Materializing param=gpt_neox.layers.1.attention.dense.bias]           
Loading weights:   6%|5         | 17/292 [00:00<00:00, 1162.41it/s, Materializing param=gpt_neox.layers.1.attention.dense.bias]
Loading weights:   6%|6         | 18/292 [00:00<00:00, 1203.43it/s, Materializing param=gpt_neox.layers.1.attention.dense.weight]
Loading weights:   6%|6         | 18/292 [00:00<00:00, 1185.30it/s, Materializing param=gpt_neox.layers.1.attention.dense.weight]
Loading weights:   7%|6         | 19/292 [00:00<00:00, 1134.69it/s, Materializing param=gpt_neox.layers.1.attention.query_key_value.bias]
Loading weights:   7%|6         | 19/292 [00:00<00:00, 1127.79it/s, Materializing param=gpt_neox.layers.1.attention.query_key_value.bias]
Loading weights:   7%|6         | 20/292 [00:00<00:00, 1167.71it/s, Materializing param=gpt_neox.layers.1.attention.query_key_value.weight]
Loading weights:   7%|6         | 20/292 [00:00<00:00, 1155.97it/s, Materializing param=gpt_neox.layers.1.attention.query_key_value.weight]
Loading weights:   7%|7         | 21/292 [00:00<00:00, 1176.68it/s, Materializing param=gpt_neox.layers.1.input_layernorm.bias]            
Loading weights:   7%|7         | 21/292 [00:00<00:00, 1148.20it/s, Materializing param=gpt_neox.layers.1.input_layernorm.bias]
Loading weights:   8%|7         | 22/292 [00:00<00:00, 1131.65it/s, Materializing param=gpt_neox.layers.1.input_layernorm.weight]
Loading weights:   8%|7         | 22/292 [00:00<00:00, 1116.73it/s, Materializing param=gpt_neox.layers.1.input_layernorm.weight]
Loading weights:   8%|7         | 23/292 [00:00<00:00, 1151.26it/s, Materializing param=gpt_neox.layers.1.mlp.dense_4h_to_h.bias]
Loading weights:   8%|7         | 23/292 [00:00<00:00, 1142.63it/s, Materializing param=gpt_neox.layers.1.mlp.dense_4h_to_h.bias]
Loading weights:   8%|8         | 24/292 [00:00<00:00, 1149.60it/s, Materializing param=gpt_neox.layers.1.mlp.dense_4h_to_h.weight]
Loading weights:   8%|8         | 24/292 [00:00<00:00, 1141.18it/s, Materializing param=gpt_neox.layers.1.mlp.dense_4h_to_h.weight]
Loading weights:   9%|8         | 25/292 [00:00<00:00, 1178.90it/s, Materializing param=gpt_neox.layers.1.mlp.dense_h_to_4h.bias]  
Loading weights:   9%|8         | 25/292 [00:00<00:00, 1175.16it/s, Materializing param=gpt_neox.layers.1.mlp.dense_h_to_4h.bias]
Loading weights:   9%|8         | 26/292 [00:00<00:00, 1175.53it/s, Materializing param=gpt_neox.layers.1.mlp.dense_h_to_4h.weight]
Loading weights:   9%|8         | 26/292 [00:00<00:00, 1167.28it/s, Materializing param=gpt_neox.layers.1.mlp.dense_h_to_4h.weight]
Loading weights:   9%|9         | 27/292 [00:00<00:00, 1197.61it/s, Materializing param=gpt_neox.layers.1.post_attention_layernorm.bias]
Loading weights:   9%|9         | 27/292 [00:00<00:00, 1155.70it/s, Materializing param=gpt_neox.layers.1.post_attention_layernorm.bias]
Loading weights:  10%|9         | 28/292 [00:00<00:00, 1171.27it/s, Materializing param=gpt_neox.layers.1.post_attention_layernorm.weight]
Loading weights:  10%|9         | 28/292 [00:00<00:00, 1167.20it/s, Materializing param=gpt_neox.layers.1.post_attention_layernorm.weight]
Loading weights:  10%|9         | 29/292 [00:00<00:00, 1196.76it/s, Materializing param=gpt_neox.layers.2.attention.dense.bias]           
Loading weights:  10%|9         | 29/292 [00:00<00:00, 1186.51it/s, Materializing param=gpt_neox.layers.2.attention.dense.bias]
Loading weights:  10%|#         | 30/292 [00:00<00:00, 1197.20it/s, Materializing param=gpt_neox.layers.2.attention.dense.weight]
Loading weights:  10%|#         | 30/292 [00:00<00:00, 1193.78it/s, Materializing param=gpt_neox.layers.2.attention.dense.weight]
Loading weights:  11%|#         | 31/292 [00:00<00:00, 1166.70it/s, Materializing param=gpt_neox.layers.2.attention.query_key_value.bias]
Loading weights:  11%|#         | 31/292 [00:00<00:00, 1163.52it/s, Materializing param=gpt_neox.layers.2.attention.query_key_value.bias]
Loading weights:  11%|#         | 32/292 [00:00<00:00, 1192.44it/s, Materializing param=gpt_neox.layers.2.attention.query_key_value.weight]
Loading weights:  11%|#         | 32/292 [00:00<00:00, 1189.42it/s, Materializing param=gpt_neox.layers.2.attention.query_key_value.weight]
Loading weights:  11%|#1        | 33/292 [00:00<00:00, 1217.58it/s, Materializing param=gpt_neox.layers.2.input_layernorm.bias]            
Loading weights:  11%|#1        | 33/292 [00:00<00:00, 1205.09it/s, Materializing param=gpt_neox.layers.2.input_layernorm.bias]
Loading weights:  12%|#1        | 34/292 [00:00<00:00, 1223.87it/s, Materializing param=gpt_neox.layers.2.input_layernorm.weight]
Loading weights:  12%|#1        | 34/292 [00:00<00:00, 1216.27it/s, Materializing param=gpt_neox.layers.2.input_layernorm.weight]
Loading weights:  12%|#1        | 35/292 [00:00<00:00, 1209.36it/s, Materializing param=gpt_neox.layers.2.mlp.dense_4h_to_h.bias]
Loading weights:  12%|#1        | 35/292 [00:00<00:00, 1174.93it/s, Materializing param=gpt_neox.layers.2.mlp.dense_4h_to_h.bias]
Loading weights:  12%|#2        | 36/292 [00:00<00:00, 1179.36it/s, Materializing param=gpt_neox.layers.2.mlp.dense_4h_to_h.weight]
Loading weights:  12%|#2        | 36/292 [00:00<00:00, 1151.55it/s, Materializing param=gpt_neox.layers.2.mlp.dense_4h_to_h.weight]
Loading weights:  13%|#2        | 37/292 [00:00<00:00, 1170.62it/s, Materializing param=gpt_neox.layers.2.mlp.dense_h_to_4h.bias]  
Loading weights:  13%|#2        | 37/292 [00:00<00:00, 1168.00it/s, Materializing param=gpt_neox.layers.2.mlp.dense_h_to_4h.bias]
Loading weights:  13%|#3        | 38/292 [00:00<00:00, 1183.56it/s, Materializing param=gpt_neox.layers.2.mlp.dense_h_to_4h.weight]
Loading weights:  13%|#3        | 38/292 [00:00<00:00, 1180.98it/s, Materializing param=gpt_neox.layers.2.mlp.dense_h_to_4h.weight]
Loading weights:  13%|#3        | 39/292 [00:00<00:00, 1206.57it/s, Materializing param=gpt_neox.layers.2.post_attention_layernorm.bias]
Loading weights:  13%|#3        | 39/292 [00:00<00:00, 1185.84it/s, Materializing param=gpt_neox.layers.2.post_attention_layernorm.bias]
Loading weights:  14%|#3        | 40/292 [00:00<00:00, 1126.31it/s, Materializing param=gpt_neox.layers.2.post_attention_layernorm.weight]
Loading weights:  14%|#3        | 40/292 [00:00<00:00, 1107.00it/s, Materializing param=gpt_neox.layers.2.post_attention_layernorm.weight]
Loading weights:  14%|#4        | 41/292 [00:00<00:00, 1108.25it/s, Materializing param=gpt_neox.layers.3.attention.dense.bias]           
Loading weights:  14%|#4        | 41/292 [00:00<00:00, 1103.96it/s, Materializing param=gpt_neox.layers.3.attention.dense.bias]
Loading weights:  14%|#4        | 42/292 [00:00<00:00, 1104.30it/s, Materializing param=gpt_neox.layers.3.attention.dense.weight]
Loading weights:  14%|#4        | 42/292 [00:00<00:00, 1080.58it/s, Materializing param=gpt_neox.layers.3.attention.dense.weight]
Loading weights:  15%|#4        | 43/292 [00:00<00:00, 1055.41it/s, Materializing param=gpt_neox.layers.3.attention.query_key_value.bias]
Loading weights:  15%|#4        | 43/292 [00:00<00:00, 1044.82it/s, Materializing param=gpt_neox.layers.3.attention.query_key_value.bias]
Loading weights:  15%|#5        | 44/292 [00:00<00:00, 1055.29it/s, Materializing param=gpt_neox.layers.3.attention.query_key_value.weight]
Loading weights:  15%|#5        | 44/292 [00:00<00:00, 1052.47it/s, Materializing param=gpt_neox.layers.3.attention.query_key_value.weight]
Loading weights:  15%|#5        | 45/292 [00:00<00:00, 1072.43it/s, Materializing param=gpt_neox.layers.3.input_layernorm.bias]            
Loading weights:  15%|#5        | 45/292 [00:00<00:00, 1066.69it/s, Materializing param=gpt_neox.layers.3.input_layernorm.bias]
Loading weights:  16%|#5        | 46/292 [00:00<00:00, 1072.93it/s, Materializing param=gpt_neox.layers.3.input_layernorm.weight]
Loading weights:  16%|#5        | 46/292 [00:00<00:00, 1066.93it/s, Materializing param=gpt_neox.layers.3.input_layernorm.weight]
Loading weights:  16%|#6        | 47/292 [00:00<00:00, 1077.09it/s, Materializing param=gpt_neox.layers.3.mlp.dense_4h_to_h.bias]
Loading weights:  16%|#6        | 47/292 [00:00<00:00, 1075.12it/s, Materializing param=gpt_neox.layers.3.mlp.dense_4h_to_h.bias]
Loading weights:  16%|#6        | 48/292 [00:00<00:00, 1092.66it/s, Materializing param=gpt_neox.layers.3.mlp.dense_4h_to_h.weight]
Loading weights:  16%|#6        | 48/292 [00:00<00:00, 1087.72it/s, Materializing param=gpt_neox.layers.3.mlp.dense_4h_to_h.weight]
Loading weights:  17%|#6        | 49/292 [00:00<00:00, 1104.45it/s, Materializing param=gpt_neox.layers.3.mlp.dense_h_to_4h.bias]  
Loading weights:  17%|#6        | 49/292 [00:00<00:00, 1102.63it/s, Materializing param=gpt_neox.layers.3.mlp.dense_h_to_4h.bias]
Loading weights:  17%|#7        | 50/292 [00:00<00:00, 1115.04it/s, Materializing param=gpt_neox.layers.3.mlp.dense_h_to_4h.weight]
Loading weights:  17%|#7        | 50/292 [00:00<00:00, 1109.48it/s, Materializing param=gpt_neox.layers.3.mlp.dense_h_to_4h.weight]
Loading weights:  17%|#7        | 51/292 [00:00<00:00, 1105.93it/s, Materializing param=gpt_neox.layers.3.post_attention_layernorm.bias]
Loading weights:  17%|#7        | 51/292 [00:00<00:00, 1100.04it/s, Materializing param=gpt_neox.layers.3.post_attention_layernorm.bias]
Loading weights:  18%|#7        | 52/292 [00:00<00:00, 1118.08it/s, Materializing param=gpt_neox.layers.3.post_attention_layernorm.weight]
Loading weights:  18%|#7        | 52/292 [00:00<00:00, 1112.72it/s, Materializing param=gpt_neox.layers.3.post_attention_layernorm.weight]
Loading weights:  18%|#8        | 53/292 [00:00<00:00, 1125.29it/s, Materializing param=gpt_neox.layers.4.attention.dense.bias]           
Loading weights:  18%|#8        | 53/292 [00:00<00:00, 1123.17it/s, Materializing param=gpt_neox.layers.4.attention.dense.bias]
Loading weights:  18%|#8        | 54/292 [00:00<00:00, 1140.52it/s, Materializing param=gpt_neox.layers.4.attention.dense.weight]
Loading weights:  18%|#8        | 54/292 [00:00<00:00, 1138.98it/s, Materializing param=gpt_neox.layers.4.attention.dense.weight]
Loading weights:  19%|#8        | 55/292 [00:00<00:00, 1157.33it/s, Materializing param=gpt_neox.layers.4.attention.query_key_value.bias]
Loading weights:  19%|#8        | 55/292 [00:00<00:00, 1155.84it/s, Materializing param=gpt_neox.layers.4.attention.query_key_value.bias]
Loading weights:  19%|#9        | 56/292 [00:00<00:00, 1174.12it/s, Materializing param=gpt_neox.layers.4.attention.query_key_value.weight]
Loading weights:  19%|#9        | 56/292 [00:00<00:00, 1172.59it/s, Materializing param=gpt_neox.layers.4.attention.query_key_value.weight]
Loading weights:  20%|#9        | 57/292 [00:00<00:00, 1190.83it/s, Materializing param=gpt_neox.layers.4.input_layernorm.bias]            
Loading weights:  20%|#9        | 57/292 [00:00<00:00, 1189.35it/s, Materializing param=gpt_neox.layers.4.input_layernorm.bias]
Loading weights:  20%|#9        | 58/292 [00:00<00:00, 1207.56it/s, Materializing param=gpt_neox.layers.4.input_layernorm.weight]
Loading weights:  20%|#9        | 58/292 [00:00<00:00, 1206.08it/s, Materializing param=gpt_neox.layers.4.input_layernorm.weight]
Loading weights:  20%|##        | 59/292 [00:00<00:00, 1224.21it/s, Materializing param=gpt_neox.layers.4.mlp.dense_4h_to_h.bias]
Loading weights:  20%|##        | 59/292 [00:00<00:00, 1222.73it/s, Materializing param=gpt_neox.layers.4.mlp.dense_4h_to_h.bias]
Loading weights:  21%|##        | 60/292 [00:00<00:00, 1239.57it/s, Materializing param=gpt_neox.layers.4.mlp.dense_4h_to_h.weight]
Loading weights:  21%|##        | 60/292 [00:00<00:00, 1238.07it/s, Materializing param=gpt_neox.layers.4.mlp.dense_4h_to_h.weight]
Loading weights:  21%|##        | 61/292 [00:00<00:00, 1255.81it/s, Materializing param=gpt_neox.layers.4.mlp.dense_h_to_4h.bias]  
Loading weights:  21%|##        | 61/292 [00:00<00:00, 1254.22it/s, Materializing param=gpt_neox.layers.4.mlp.dense_h_to_4h.bias]
Loading weights:  21%|##1       | 62/292 [00:00<00:00, 1270.93it/s, Materializing param=gpt_neox.layers.4.mlp.dense_h_to_4h.weight]
Loading weights:  21%|##1       | 62/292 [00:00<00:00, 1268.91it/s, Materializing param=gpt_neox.layers.4.mlp.dense_h_to_4h.weight]
Loading weights:  22%|##1       | 63/292 [00:00<00:00, 1285.34it/s, Materializing param=gpt_neox.layers.4.post_attention_layernorm.bias]
Loading weights:  22%|##1       | 63/292 [00:00<00:00, 1283.15it/s, Materializing param=gpt_neox.layers.4.post_attention_layernorm.bias]
Loading weights:  22%|##1       | 64/292 [00:00<00:00, 1299.73it/s, Materializing param=gpt_neox.layers.4.post_attention_layernorm.weight]
Loading weights:  22%|##1       | 64/292 [00:00<00:00, 1298.01it/s, Materializing param=gpt_neox.layers.4.post_attention_layernorm.weight]
Loading weights:  22%|##2       | 65/292 [00:00<00:00, 1315.34it/s, Materializing param=gpt_neox.layers.5.attention.dense.bias]           
Loading weights:  22%|##2       | 65/292 [00:00<00:00, 1313.70it/s, Materializing param=gpt_neox.layers.5.attention.dense.bias]
Loading weights:  23%|##2       | 66/292 [00:00<00:00, 1330.78it/s, Materializing param=gpt_neox.layers.5.attention.dense.weight]
Loading weights:  23%|##2       | 66/292 [00:00<00:00, 1329.14it/s, Materializing param=gpt_neox.layers.5.attention.dense.weight]
Loading weights:  23%|##2       | 67/292 [00:00<00:00, 1346.27it/s, Materializing param=gpt_neox.layers.5.attention.query_key_value.bias]
Loading weights:  23%|##2       | 67/292 [00:00<00:00, 1344.57it/s, Materializing param=gpt_neox.layers.5.attention.query_key_value.bias]
Loading weights:  23%|##3       | 68/292 [00:00<00:00, 1361.62it/s, Materializing param=gpt_neox.layers.5.attention.query_key_value.weight]
Loading weights:  23%|##3       | 68/292 [00:00<00:00, 1360.05it/s, Materializing param=gpt_neox.layers.5.attention.query_key_value.weight]
Loading weights:  24%|##3       | 69/292 [00:00<00:00, 1377.15it/s, Materializing param=gpt_neox.layers.5.input_layernorm.bias]            
Loading weights:  24%|##3       | 69/292 [00:00<00:00, 1375.50it/s, Materializing param=gpt_neox.layers.5.input_layernorm.bias]
Loading weights:  24%|##3       | 70/292 [00:00<00:00, 1392.07it/s, Materializing param=gpt_neox.layers.5.input_layernorm.weight]
Loading weights:  24%|##3       | 70/292 [00:00<00:00, 1390.36it/s, Materializing param=gpt_neox.layers.5.input_layernorm.weight]
Loading weights:  24%|##4       | 71/292 [00:00<00:00, 1407.29it/s, Materializing param=gpt_neox.layers.5.mlp.dense_4h_to_h.bias]
Loading weights:  24%|##4       | 71/292 [00:00<00:00, 1405.73it/s, Materializing param=gpt_neox.layers.5.mlp.dense_4h_to_h.bias]
Loading weights:  25%|##4       | 72/292 [00:00<00:00, 1422.55it/s, Materializing param=gpt_neox.layers.5.mlp.dense_4h_to_h.weight]
Loading weights:  25%|##4       | 72/292 [00:00<00:00, 1420.96it/s, Materializing param=gpt_neox.layers.5.mlp.dense_4h_to_h.weight]
Loading weights:  25%|##5       | 73/292 [00:00<00:00, 1437.73it/s, Materializing param=gpt_neox.layers.5.mlp.dense_h_to_4h.bias]  
Loading weights:  25%|##5       | 73/292 [00:00<00:00, 1436.16it/s, Materializing param=gpt_neox.layers.5.mlp.dense_h_to_4h.bias]
Loading weights:  25%|##5       | 74/292 [00:00<00:00, 1452.82it/s, Materializing param=gpt_neox.layers.5.mlp.dense_h_to_4h.weight]
Loading weights:  25%|##5       | 74/292 [00:00<00:00, 1451.12it/s, Materializing param=gpt_neox.layers.5.mlp.dense_h_to_4h.weight]
Loading weights:  26%|##5       | 75/292 [00:00<00:00, 1467.61it/s, Materializing param=gpt_neox.layers.5.post_attention_layernorm.bias]
Loading weights:  26%|##5       | 75/292 [00:00<00:00, 1465.90it/s, Materializing param=gpt_neox.layers.5.post_attention_layernorm.bias]
Loading weights:  26%|##6       | 76/292 [00:00<00:00, 1482.12it/s, Materializing param=gpt_neox.layers.5.post_attention_layernorm.weight]
Loading weights:  26%|##6       | 76/292 [00:00<00:00, 1480.32it/s, Materializing param=gpt_neox.layers.5.post_attention_layernorm.weight]
Loading weights:  26%|##6       | 77/292 [00:00<00:00, 1496.69it/s, Materializing param=gpt_neox.layers.6.attention.dense.bias]           
Loading weights:  26%|##6       | 77/292 [00:00<00:00, 1494.97it/s, Materializing param=gpt_neox.layers.6.attention.dense.bias]
Loading weights:  27%|##6       | 78/292 [00:00<00:00, 1511.28it/s, Materializing param=gpt_neox.layers.6.attention.dense.weight]
Loading weights:  27%|##6       | 78/292 [00:00<00:00, 1509.56it/s, Materializing param=gpt_neox.layers.6.attention.dense.weight]
Loading weights:  27%|##7       | 79/292 [00:00<00:00, 1525.88it/s, Materializing param=gpt_neox.layers.6.attention.query_key_value.bias]
Loading weights:  27%|##7       | 79/292 [00:00<00:00, 1524.13it/s, Materializing param=gpt_neox.layers.6.attention.query_key_value.bias]
Loading weights:  27%|##7       | 80/292 [00:00<00:00, 1540.27it/s, Materializing param=gpt_neox.layers.6.attention.query_key_value.weight]
Loading weights:  27%|##7       | 80/292 [00:00<00:00, 1538.51it/s, Materializing param=gpt_neox.layers.6.attention.query_key_value.weight]
Loading weights:  28%|##7       | 81/292 [00:00<00:00, 1554.64it/s, Materializing param=gpt_neox.layers.6.input_layernorm.bias]            
Loading weights:  28%|##7       | 81/292 [00:00<00:00, 1552.88it/s, Materializing param=gpt_neox.layers.6.input_layernorm.bias]
Loading weights:  28%|##8       | 82/292 [00:00<00:00, 1568.69it/s, Materializing param=gpt_neox.layers.6.input_layernorm.weight]
Loading weights:  28%|##8       | 82/292 [00:00<00:00, 1566.91it/s, Materializing param=gpt_neox.layers.6.input_layernorm.weight]
Loading weights:  28%|##8       | 83/292 [00:00<00:00, 1582.92it/s, Materializing param=gpt_neox.layers.6.mlp.dense_4h_to_h.bias]
Loading weights:  28%|##8       | 83/292 [00:00<00:00, 1581.17it/s, Materializing param=gpt_neox.layers.6.mlp.dense_4h_to_h.bias]
Loading weights:  29%|##8       | 84/292 [00:00<00:00, 1597.05it/s, Materializing param=gpt_neox.layers.6.mlp.dense_4h_to_h.weight]
Loading weights:  29%|##8       | 84/292 [00:00<00:00, 1595.28it/s, Materializing param=gpt_neox.layers.6.mlp.dense_4h_to_h.weight]
Loading weights:  29%|##9       | 85/292 [00:00<00:00, 1611.12it/s, Materializing param=gpt_neox.layers.6.mlp.dense_h_to_4h.bias]  
Loading weights:  29%|##9       | 85/292 [00:00<00:00, 1609.36it/s, Materializing param=gpt_neox.layers.6.mlp.dense_h_to_4h.bias]
Loading weights:  29%|##9       | 86/292 [00:00<00:00, 1625.11it/s, Materializing param=gpt_neox.layers.6.mlp.dense_h_to_4h.weight]
Loading weights:  29%|##9       | 86/292 [00:00<00:00, 1623.31it/s, Materializing param=gpt_neox.layers.6.mlp.dense_h_to_4h.weight]
Loading weights:  30%|##9       | 87/292 [00:00<00:00, 1638.94it/s, Materializing param=gpt_neox.layers.6.post_attention_layernorm.bias]
Loading weights:  30%|##9       | 87/292 [00:00<00:00, 1637.11it/s, Materializing param=gpt_neox.layers.6.post_attention_layernorm.bias]
Loading weights:  30%|###       | 88/292 [00:00<00:00, 1652.54it/s, Materializing param=gpt_neox.layers.6.post_attention_layernorm.weight]
Loading weights:  30%|###       | 88/292 [00:00<00:00, 1650.68it/s, Materializing param=gpt_neox.layers.6.post_attention_layernorm.weight]
Loading weights:  30%|###       | 89/292 [00:00<00:00, 1666.07it/s, Materializing param=gpt_neox.layers.7.attention.dense.bias]           
Loading weights:  30%|###       | 89/292 [00:00<00:00, 1664.21it/s, Materializing param=gpt_neox.layers.7.attention.dense.bias]
Loading weights:  31%|###       | 90/292 [00:00<00:00, 1679.46it/s, Materializing param=gpt_neox.layers.7.attention.dense.weight]
Loading weights:  31%|###       | 90/292 [00:00<00:00, 1677.59it/s, Materializing param=gpt_neox.layers.7.attention.dense.weight]
Loading weights:  31%|###1      | 91/292 [00:00<00:00, 1692.94it/s, Materializing param=gpt_neox.layers.7.attention.query_key_value.bias]
Loading weights:  31%|###1      | 91/292 [00:00<00:00, 1691.17it/s, Materializing param=gpt_neox.layers.7.attention.query_key_value.bias]
Loading weights:  32%|###1      | 92/292 [00:00<00:00, 1706.50it/s, Materializing param=gpt_neox.layers.7.attention.query_key_value.weight]
Loading weights:  32%|###1      | 92/292 [00:00<00:00, 1704.77it/s, Materializing param=gpt_neox.layers.7.attention.query_key_value.weight]
Loading weights:  32%|###1      | 93/292 [00:00<00:00, 1720.11it/s, Materializing param=gpt_neox.layers.7.input_layernorm.bias]            
Loading weights:  32%|###1      | 93/292 [00:00<00:00, 1718.36it/s, Materializing param=gpt_neox.layers.7.input_layernorm.bias]
Loading weights:  32%|###2      | 94/292 [00:00<00:00, 1733.69it/s, Materializing param=gpt_neox.layers.7.input_layernorm.weight]
Loading weights:  32%|###2      | 94/292 [00:00<00:00, 1731.72it/s, Materializing param=gpt_neox.layers.7.input_layernorm.weight]
Loading weights:  33%|###2      | 95/292 [00:00<00:00, 1747.04it/s, Materializing param=gpt_neox.layers.7.mlp.dense_4h_to_h.bias]
Loading weights:  33%|###2      | 95/292 [00:00<00:00, 1745.31it/s, Materializing param=gpt_neox.layers.7.mlp.dense_4h_to_h.bias]
Loading weights:  33%|###2      | 96/292 [00:00<00:00, 1760.48it/s, Materializing param=gpt_neox.layers.7.mlp.dense_4h_to_h.weight]
Loading weights:  33%|###2      | 96/292 [00:00<00:00, 1758.73it/s, Materializing param=gpt_neox.layers.7.mlp.dense_4h_to_h.weight]
Loading weights:  33%|###3      | 97/292 [00:00<00:00, 1773.86it/s, Materializing param=gpt_neox.layers.7.mlp.dense_h_to_4h.bias]  
Loading weights:  33%|###3      | 97/292 [00:00<00:00, 1772.12it/s, Materializing param=gpt_neox.layers.7.mlp.dense_h_to_4h.bias]
Loading weights:  34%|###3      | 98/292 [00:00<00:00, 1787.15it/s, Materializing param=gpt_neox.layers.7.mlp.dense_h_to_4h.weight]
Loading weights:  34%|###3      | 98/292 [00:00<00:00, 1785.38it/s, Materializing param=gpt_neox.layers.7.mlp.dense_h_to_4h.weight]
Loading weights:  34%|###3      | 99/292 [00:00<00:00, 1800.41it/s, Materializing param=gpt_neox.layers.7.post_attention_layernorm.bias]
Loading weights:  34%|###3      | 99/292 [00:00<00:00, 1798.62it/s, Materializing param=gpt_neox.layers.7.post_attention_layernorm.bias]
Loading weights:  34%|###4      | 100/292 [00:00<00:00, 1813.53it/s, Materializing param=gpt_neox.layers.7.post_attention_layernorm.weight]
Loading weights:  34%|###4      | 100/292 [00:00<00:00, 1811.71it/s, Materializing param=gpt_neox.layers.7.post_attention_layernorm.weight]
Loading weights:  35%|###4      | 101/292 [00:00<00:00, 1826.38it/s, Materializing param=gpt_neox.layers.8.attention.dense.bias]           
Loading weights:  35%|###4      | 101/292 [00:00<00:00, 1824.45it/s, Materializing param=gpt_neox.layers.8.attention.dense.bias]
Loading weights:  35%|###4      | 102/292 [00:00<00:00, 1838.99it/s, Materializing param=gpt_neox.layers.8.attention.dense.weight]
Loading weights:  35%|###4      | 102/292 [00:00<00:00, 1837.07it/s, Materializing param=gpt_neox.layers.8.attention.dense.weight]
Loading weights:  35%|###5      | 103/292 [00:00<00:00, 1851.62it/s, Materializing param=gpt_neox.layers.8.attention.query_key_value.bias]
Loading weights:  35%|###5      | 103/292 [00:00<00:00, 1849.66it/s, Materializing param=gpt_neox.layers.8.attention.query_key_value.bias]
Loading weights:  36%|###5      | 104/292 [00:00<00:00, 1864.07it/s, Materializing param=gpt_neox.layers.8.attention.query_key_value.weight]
Loading weights:  36%|###5      | 104/292 [00:00<00:00, 1862.06it/s, Materializing param=gpt_neox.layers.8.attention.query_key_value.weight]
Loading weights:  36%|###5      | 105/292 [00:00<00:00, 1876.43it/s, Materializing param=gpt_neox.layers.8.input_layernorm.bias]            
Loading weights:  36%|###5      | 105/292 [00:00<00:00, 1874.46it/s, Materializing param=gpt_neox.layers.8.input_layernorm.bias]
Loading weights:  36%|###6      | 106/292 [00:00<00:00, 1888.80it/s, Materializing param=gpt_neox.layers.8.input_layernorm.weight]
Loading weights:  36%|###6      | 106/292 [00:00<00:00, 1886.76it/s, Materializing param=gpt_neox.layers.8.input_layernorm.weight]
Loading weights:  37%|###6      | 107/292 [00:00<00:00, 1900.33it/s, Materializing param=gpt_neox.layers.8.mlp.dense_4h_to_h.bias]
Loading weights:  37%|###6      | 107/292 [00:00<00:00, 1898.36it/s, Materializing param=gpt_neox.layers.8.mlp.dense_4h_to_h.bias]
Loading weights:  37%|###6      | 108/292 [00:00<00:00, 1912.51it/s, Materializing param=gpt_neox.layers.8.mlp.dense_4h_to_h.weight]
Loading weights:  37%|###6      | 108/292 [00:00<00:00, 1910.55it/s, Materializing param=gpt_neox.layers.8.mlp.dense_4h_to_h.weight]
Loading weights:  37%|###7      | 109/292 [00:00<00:00, 1924.61it/s, Materializing param=gpt_neox.layers.8.mlp.dense_h_to_4h.bias]  
Loading weights:  37%|###7      | 109/292 [00:00<00:00, 1922.60it/s, Materializing param=gpt_neox.layers.8.mlp.dense_h_to_4h.bias]
Loading weights:  38%|###7      | 110/292 [00:00<00:00, 1936.66it/s, Materializing param=gpt_neox.layers.8.mlp.dense_h_to_4h.weight]
Loading weights:  38%|###7      | 110/292 [00:00<00:00, 1934.68it/s, Materializing param=gpt_neox.layers.8.mlp.dense_h_to_4h.weight]
Loading weights:  38%|###8      | 111/292 [00:00<00:00, 1948.72it/s, Materializing param=gpt_neox.layers.8.post_attention_layernorm.bias]
Loading weights:  38%|###8      | 111/292 [00:00<00:00, 1946.70it/s, Materializing param=gpt_neox.layers.8.post_attention_layernorm.bias]
Loading weights:  38%|###8      | 112/292 [00:00<00:00, 1960.45it/s, Materializing param=gpt_neox.layers.8.post_attention_layernorm.weight]
Loading weights:  38%|###8      | 112/292 [00:00<00:00, 1958.37it/s, Materializing param=gpt_neox.layers.8.post_attention_layernorm.weight]
Loading weights:  39%|###8      | 113/292 [00:00<00:00, 1972.07it/s, Materializing param=gpt_neox.layers.9.attention.dense.bias]           
Loading weights:  39%|###8      | 113/292 [00:00<00:00, 1970.16it/s, Materializing param=gpt_neox.layers.9.attention.dense.bias]
Loading weights:  39%|###9      | 114/292 [00:00<00:00, 1983.98it/s, Materializing param=gpt_neox.layers.9.attention.dense.weight]
Loading weights:  39%|###9      | 114/292 [00:00<00:00, 1982.09it/s, Materializing param=gpt_neox.layers.9.attention.dense.weight]
Loading weights:  39%|###9      | 115/292 [00:00<00:00, 1995.86it/s, Materializing param=gpt_neox.layers.9.attention.query_key_value.bias]
Loading weights:  39%|###9      | 115/292 [00:00<00:00, 1993.93it/s, Materializing param=gpt_neox.layers.9.attention.query_key_value.bias]
Loading weights:  40%|###9      | 116/292 [00:00<00:00, 2007.71it/s, Materializing param=gpt_neox.layers.9.attention.query_key_value.weight]
Loading weights:  40%|###9      | 116/292 [00:00<00:00, 2005.55it/s, Materializing param=gpt_neox.layers.9.attention.query_key_value.weight]
Loading weights:  40%|####      | 117/292 [00:00<00:00, 2019.21it/s, Materializing param=gpt_neox.layers.9.input_layernorm.bias]            
Loading weights:  40%|####      | 117/292 [00:00<00:00, 2017.30it/s, Materializing param=gpt_neox.layers.9.input_layernorm.bias]
Loading weights:  40%|####      | 118/292 [00:00<00:00, 2031.04it/s, Materializing param=gpt_neox.layers.9.input_layernorm.weight]
Loading weights:  40%|####      | 118/292 [00:00<00:00, 2028.98it/s, Materializing param=gpt_neox.layers.9.input_layernorm.weight]
Loading weights:  41%|####      | 119/292 [00:00<00:00, 2042.32it/s, Materializing param=gpt_neox.layers.9.mlp.dense_4h_to_h.bias]
Loading weights:  41%|####      | 119/292 [00:00<00:00, 2040.27it/s, Materializing param=gpt_neox.layers.9.mlp.dense_4h_to_h.bias]
Loading weights:  41%|####1     | 120/292 [00:00<00:00, 2053.64it/s, Materializing param=gpt_neox.layers.9.mlp.dense_4h_to_h.weight]
Loading weights:  41%|####1     | 120/292 [00:00<00:00, 2051.56it/s, Materializing param=gpt_neox.layers.9.mlp.dense_4h_to_h.weight]
Loading weights:  41%|####1     | 121/292 [00:00<00:00, 2064.97it/s, Materializing param=gpt_neox.layers.9.mlp.dense_h_to_4h.bias]  
Loading weights:  41%|####1     | 121/292 [00:00<00:00, 2062.89it/s, Materializing param=gpt_neox.layers.9.mlp.dense_h_to_4h.bias]
Loading weights:  42%|####1     | 122/292 [00:00<00:00, 2076.19it/s, Materializing param=gpt_neox.layers.9.mlp.dense_h_to_4h.weight]
Loading weights:  42%|####1     | 122/292 [00:00<00:00, 2074.09it/s, Materializing param=gpt_neox.layers.9.mlp.dense_h_to_4h.weight]
Loading weights:  42%|####2     | 123/292 [00:00<00:00, 2087.33it/s, Materializing param=gpt_neox.layers.9.post_attention_layernorm.bias]
Loading weights:  42%|####2     | 123/292 [00:00<00:00, 2085.22it/s, Materializing param=gpt_neox.layers.9.post_attention_layernorm.bias]
Loading weights:  42%|####2     | 124/292 [00:00<00:00, 2098.41it/s, Materializing param=gpt_neox.layers.9.post_attention_layernorm.weight]
Loading weights:  42%|####2     | 124/292 [00:00<00:00, 2096.23it/s, Materializing param=gpt_neox.layers.9.post_attention_layernorm.weight]
Loading weights:  43%|####2     | 125/292 [00:00<00:00, 2108.97it/s, Materializing param=gpt_neox.layers.10.attention.dense.bias]          
Loading weights:  43%|####2     | 125/292 [00:00<00:00, 2106.87it/s, Materializing param=gpt_neox.layers.10.attention.dense.bias]
Loading weights:  43%|####3     | 126/292 [00:00<00:00, 2119.87it/s, Materializing param=gpt_neox.layers.10.attention.dense.weight]
Loading weights:  43%|####3     | 126/292 [00:00<00:00, 2117.77it/s, Materializing param=gpt_neox.layers.10.attention.dense.weight]
Loading weights:  43%|####3     | 127/292 [00:00<00:00, 2130.73it/s, Materializing param=gpt_neox.layers.10.attention.query_key_value.bias]
Loading weights:  43%|####3     | 127/292 [00:00<00:00, 2128.59it/s, Materializing param=gpt_neox.layers.10.attention.query_key_value.bias]
Loading weights:  44%|####3     | 128/292 [00:00<00:00, 2141.56it/s, Materializing param=gpt_neox.layers.10.attention.query_key_value.weight]
Loading weights:  44%|####3     | 128/292 [00:00<00:00, 2139.43it/s, Materializing param=gpt_neox.layers.10.attention.query_key_value.weight]
Loading weights:  44%|####4     | 129/292 [00:00<00:00, 2152.34it/s, Materializing param=gpt_neox.layers.10.input_layernorm.bias]            
Loading weights:  44%|####4     | 129/292 [00:00<00:00, 2150.35it/s, Materializing param=gpt_neox.layers.10.input_layernorm.bias]
Loading weights:  45%|####4     | 130/292 [00:00<00:00, 2163.42it/s, Materializing param=gpt_neox.layers.10.input_layernorm.weight]
Loading weights:  45%|####4     | 130/292 [00:00<00:00, 2161.30it/s, Materializing param=gpt_neox.layers.10.input_layernorm.weight]
Loading weights:  45%|####4     | 131/292 [00:00<00:00, 2173.95it/s, Materializing param=gpt_neox.layers.10.mlp.dense_4h_to_h.bias]
Loading weights:  45%|####4     | 131/292 [00:00<00:00, 2171.82it/s, Materializing param=gpt_neox.layers.10.mlp.dense_4h_to_h.bias]
Loading weights:  45%|####5     | 132/292 [00:00<00:00, 2184.62it/s, Materializing param=gpt_neox.layers.10.mlp.dense_4h_to_h.weight]
Loading weights:  45%|####5     | 132/292 [00:00<00:00, 2182.41it/s, Materializing param=gpt_neox.layers.10.mlp.dense_4h_to_h.weight]
Loading weights:  46%|####5     | 133/292 [00:00<00:00, 2194.93it/s, Materializing param=gpt_neox.layers.10.mlp.dense_h_to_4h.bias]  
Loading weights:  46%|####5     | 133/292 [00:00<00:00, 2192.77it/s, Materializing param=gpt_neox.layers.10.mlp.dense_h_to_4h.bias]
Loading weights:  46%|####5     | 134/292 [00:00<00:00, 2205.46it/s, Materializing param=gpt_neox.layers.10.mlp.dense_h_to_4h.weight]
Loading weights:  46%|####5     | 134/292 [00:00<00:00, 2203.34it/s, Materializing param=gpt_neox.layers.10.mlp.dense_h_to_4h.weight]
Loading weights:  46%|####6     | 135/292 [00:00<00:00, 2215.99it/s, Materializing param=gpt_neox.layers.10.post_attention_layernorm.bias]
Loading weights:  46%|####6     | 135/292 [00:00<00:00, 2213.81it/s, Materializing param=gpt_neox.layers.10.post_attention_layernorm.bias]
Loading weights:  47%|####6     | 136/292 [00:00<00:00, 2226.28it/s, Materializing param=gpt_neox.layers.10.post_attention_layernorm.weight]
Loading weights:  47%|####6     | 136/292 [00:00<00:00, 2224.11it/s, Materializing param=gpt_neox.layers.10.post_attention_layernorm.weight]
Loading weights:  47%|####6     | 137/292 [00:00<00:00, 2236.43it/s, Materializing param=gpt_neox.layers.11.attention.dense.bias]           
Loading weights:  47%|####6     | 137/292 [00:00<00:00, 2234.27it/s, Materializing param=gpt_neox.layers.11.attention.dense.bias]
Loading weights:  47%|####7     | 138/292 [00:00<00:00, 2246.67it/s, Materializing param=gpt_neox.layers.11.attention.dense.weight]
Loading weights:  47%|####7     | 138/292 [00:00<00:00, 2244.52it/s, Materializing param=gpt_neox.layers.11.attention.dense.weight]
Loading weights:  48%|####7     | 139/292 [00:00<00:00, 2256.87it/s, Materializing param=gpt_neox.layers.11.attention.query_key_value.bias]
Loading weights:  48%|####7     | 139/292 [00:00<00:00, 2254.67it/s, Materializing param=gpt_neox.layers.11.attention.query_key_value.bias]
Loading weights:  48%|####7     | 140/292 [00:00<00:00, 2266.81it/s, Materializing param=gpt_neox.layers.11.attention.query_key_value.weight]
Loading weights:  48%|####7     | 140/292 [00:00<00:00, 2264.59it/s, Materializing param=gpt_neox.layers.11.attention.query_key_value.weight]
Loading weights:  48%|####8     | 141/292 [00:00<00:00, 2276.83it/s, Materializing param=gpt_neox.layers.11.input_layernorm.bias]            
Loading weights:  48%|####8     | 141/292 [00:00<00:00, 2274.66it/s, Materializing param=gpt_neox.layers.11.input_layernorm.bias]
Loading weights:  49%|####8     | 142/292 [00:00<00:00, 2286.77it/s, Materializing param=gpt_neox.layers.11.input_layernorm.weight]
Loading weights:  49%|####8     | 142/292 [00:00<00:00, 2284.58it/s, Materializing param=gpt_neox.layers.11.input_layernorm.weight]
Loading weights:  49%|####8     | 143/292 [00:00<00:00, 2296.58it/s, Materializing param=gpt_neox.layers.11.mlp.dense_4h_to_h.bias]
Loading weights:  49%|####8     | 143/292 [00:00<00:00, 2294.40it/s, Materializing param=gpt_neox.layers.11.mlp.dense_4h_to_h.bias]
Loading weights:  49%|####9     | 144/292 [00:00<00:00, 2306.42it/s, Materializing param=gpt_neox.layers.11.mlp.dense_4h_to_h.weight]
Loading weights:  49%|####9     | 144/292 [00:00<00:00, 2304.21it/s, Materializing param=gpt_neox.layers.11.mlp.dense_4h_to_h.weight]
Loading weights:  50%|####9     | 145/292 [00:00<00:00, 2316.29it/s, Materializing param=gpt_neox.layers.11.mlp.dense_h_to_4h.bias]  
Loading weights:  50%|####9     | 145/292 [00:00<00:00, 2314.10it/s, Materializing param=gpt_neox.layers.11.mlp.dense_h_to_4h.bias]
Loading weights:  50%|#####     | 146/292 [00:00<00:00, 2326.17it/s, Materializing param=gpt_neox.layers.11.mlp.dense_h_to_4h.weight]
Loading weights:  50%|#####     | 146/292 [00:00<00:00, 2323.97it/s, Materializing param=gpt_neox.layers.11.mlp.dense_h_to_4h.weight]
Loading weights:  50%|#####     | 147/292 [00:00<00:00, 2336.00it/s, Materializing param=gpt_neox.layers.11.post_attention_layernorm.bias]
Loading weights:  50%|#####     | 147/292 [00:00<00:00, 2332.75it/s, Materializing param=gpt_neox.layers.11.post_attention_layernorm.bias]
Loading weights:  51%|#####     | 148/292 [00:00<00:00, 2344.38it/s, Materializing param=gpt_neox.layers.11.post_attention_layernorm.weight]
Loading weights:  51%|#####     | 148/292 [00:00<00:00, 2342.18it/s, Materializing param=gpt_neox.layers.11.post_attention_layernorm.weight]
Loading weights:  51%|#####1    | 149/292 [00:00<00:00, 2353.77it/s, Materializing param=gpt_neox.layers.12.attention.dense.bias]           
Loading weights:  51%|#####1    | 149/292 [00:00<00:00, 2351.56it/s, Materializing param=gpt_neox.layers.12.attention.dense.bias]
Loading weights:  51%|#####1    | 150/292 [00:00<00:00, 2363.34it/s, Materializing param=gpt_neox.layers.12.attention.dense.weight]
Loading weights:  51%|#####1    | 150/292 [00:00<00:00, 2361.14it/s, Materializing param=gpt_neox.layers.12.attention.dense.weight]
Loading weights:  52%|#####1    | 151/292 [00:00<00:00, 2372.90it/s, Materializing param=gpt_neox.layers.12.attention.query_key_value.bias]
Loading weights:  52%|#####1    | 151/292 [00:00<00:00, 2370.67it/s, Materializing param=gpt_neox.layers.12.attention.query_key_value.bias]
Loading weights:  52%|#####2    | 152/292 [00:00<00:00, 2382.36it/s, Materializing param=gpt_neox.layers.12.attention.query_key_value.weight]
Loading weights:  52%|#####2    | 152/292 [00:00<00:00, 2380.12it/s, Materializing param=gpt_neox.layers.12.attention.query_key_value.weight]
Loading weights:  52%|#####2    | 153/292 [00:00<00:00, 2391.69it/s, Materializing param=gpt_neox.layers.12.input_layernorm.bias]            
Loading weights:  52%|#####2    | 153/292 [00:00<00:00, 2389.46it/s, Materializing param=gpt_neox.layers.12.input_layernorm.bias]
Loading weights:  53%|#####2    | 154/292 [00:00<00:00, 2401.15it/s, Materializing param=gpt_neox.layers.12.input_layernorm.weight]
Loading weights:  53%|#####2    | 154/292 [00:00<00:00, 2399.08it/s, Materializing param=gpt_neox.layers.12.input_layernorm.weight]
Loading weights:  53%|#####3    | 155/292 [00:00<00:00, 2401.97it/s, Materializing param=gpt_neox.layers.12.mlp.dense_4h_to_h.bias]
Loading weights:  53%|#####3    | 155/292 [00:00<00:00, 2398.80it/s, Materializing param=gpt_neox.layers.12.mlp.dense_4h_to_h.bias]
Loading weights:  53%|#####3    | 156/292 [00:00<00:00, 2409.36it/s, Materializing param=gpt_neox.layers.12.mlp.dense_4h_to_h.weight]
Loading weights:  53%|#####3    | 156/292 [00:00<00:00, 2406.94it/s, Materializing param=gpt_neox.layers.12.mlp.dense_4h_to_h.weight]
Loading weights:  54%|#####3    | 157/292 [00:00<00:00, 2414.68it/s, Materializing param=gpt_neox.layers.12.mlp.dense_h_to_4h.bias]  
Loading weights:  54%|#####3    | 157/292 [00:00<00:00, 2409.29it/s, Materializing param=gpt_neox.layers.12.mlp.dense_h_to_4h.bias]
Loading weights:  54%|#####4    | 158/292 [00:00<00:00, 2419.74it/s, Materializing param=gpt_neox.layers.12.mlp.dense_h_to_4h.weight]
Loading weights:  54%|#####4    | 158/292 [00:00<00:00, 2416.91it/s, Materializing param=gpt_neox.layers.12.mlp.dense_h_to_4h.weight]
Loading weights:  54%|#####4    | 159/292 [00:00<00:00, 2417.33it/s, Materializing param=gpt_neox.layers.12.post_attention_layernorm.bias]
Loading weights:  54%|#####4    | 159/292 [00:00<00:00, 2414.07it/s, Materializing param=gpt_neox.layers.12.post_attention_layernorm.bias]
Loading weights:  55%|#####4    | 160/292 [00:00<00:00, 2424.32it/s, Materializing param=gpt_neox.layers.12.post_attention_layernorm.weight]
Loading weights:  55%|#####4    | 160/292 [00:00<00:00, 2422.02it/s, Materializing param=gpt_neox.layers.12.post_attention_layernorm.weight]
Loading weights:  55%|#####5    | 161/292 [00:00<00:00, 2433.06it/s, Materializing param=gpt_neox.layers.13.attention.dense.bias]           
Loading weights:  55%|#####5    | 161/292 [00:00<00:00, 2430.73it/s, Materializing param=gpt_neox.layers.13.attention.dense.bias]
Loading weights:  55%|#####5    | 162/292 [00:00<00:00, 2441.68it/s, Materializing param=gpt_neox.layers.13.attention.dense.weight]
Loading weights:  55%|#####5    | 162/292 [00:00<00:00, 2439.56it/s, Materializing param=gpt_neox.layers.13.attention.dense.weight]
Loading weights:  56%|#####5    | 163/292 [00:00<00:00, 2450.26it/s, Materializing param=gpt_neox.layers.13.attention.query_key_value.bias]
Loading weights:  56%|#####5    | 163/292 [00:00<00:00, 2448.12it/s, Materializing param=gpt_neox.layers.13.attention.query_key_value.bias]
Loading weights:  56%|#####6    | 164/292 [00:00<00:00, 2459.21it/s, Materializing param=gpt_neox.layers.13.attention.query_key_value.weight]
Loading weights:  56%|#####6    | 164/292 [00:00<00:00, 2457.10it/s, Materializing param=gpt_neox.layers.13.attention.query_key_value.weight]
Loading weights:  57%|#####6    | 165/292 [00:00<00:00, 2468.21it/s, Materializing param=gpt_neox.layers.13.input_layernorm.bias]            
Loading weights:  57%|#####6    | 165/292 [00:00<00:00, 2466.16it/s, Materializing param=gpt_neox.layers.13.input_layernorm.bias]
Loading weights:  57%|#####6    | 166/292 [00:00<00:00, 2477.40it/s, Materializing param=gpt_neox.layers.13.input_layernorm.weight]
Loading weights:  57%|#####6    | 166/292 [00:00<00:00, 2475.19it/s, Materializing param=gpt_neox.layers.13.input_layernorm.weight]
Loading weights:  57%|#####7    | 167/292 [00:00<00:00, 2486.20it/s, Materializing param=gpt_neox.layers.13.mlp.dense_4h_to_h.bias]
Loading weights:  57%|#####7    | 167/292 [00:00<00:00, 2484.00it/s, Materializing param=gpt_neox.layers.13.mlp.dense_4h_to_h.bias]
Loading weights:  58%|#####7    | 168/292 [00:00<00:00, 2494.87it/s, Materializing param=gpt_neox.layers.13.mlp.dense_4h_to_h.weight]
Loading weights:  58%|#####7    | 168/292 [00:00<00:00, 2492.68it/s, Materializing param=gpt_neox.layers.13.mlp.dense_4h_to_h.weight]
Loading weights:  58%|#####7    | 169/292 [00:00<00:00, 2503.50it/s, Materializing param=gpt_neox.layers.13.mlp.dense_h_to_4h.bias]  
Loading weights:  58%|#####7    | 169/292 [00:00<00:00, 2501.32it/s, Materializing param=gpt_neox.layers.13.mlp.dense_h_to_4h.bias]
Loading weights:  58%|#####8    | 170/292 [00:00<00:00, 2512.19it/s, Materializing param=gpt_neox.layers.13.mlp.dense_h_to_4h.weight]
Loading weights:  58%|#####8    | 170/292 [00:00<00:00, 2509.90it/s, Materializing param=gpt_neox.layers.13.mlp.dense_h_to_4h.weight]
Loading weights:  59%|#####8    | 171/292 [00:00<00:00, 2520.47it/s, Materializing param=gpt_neox.layers.13.post_attention_layernorm.bias]
Loading weights:  59%|#####8    | 171/292 [00:00<00:00, 2518.24it/s, Materializing param=gpt_neox.layers.13.post_attention_layernorm.bias]
Loading weights:  59%|#####8    | 172/292 [00:00<00:00, 2529.01it/s, Materializing param=gpt_neox.layers.13.post_attention_layernorm.weight]
Loading weights:  59%|#####8    | 172/292 [00:00<00:00, 2526.79it/s, Materializing param=gpt_neox.layers.13.post_attention_layernorm.weight]
Loading weights:  59%|#####9    | 173/292 [00:00<00:00, 2537.50it/s, Materializing param=gpt_neox.layers.14.attention.dense.bias]           
Loading weights:  59%|#####9    | 173/292 [00:00<00:00, 2535.35it/s, Materializing param=gpt_neox.layers.14.attention.dense.bias]
Loading weights:  60%|#####9    | 174/292 [00:00<00:00, 2545.96it/s, Materializing param=gpt_neox.layers.14.attention.dense.weight]
Loading weights:  60%|#####9    | 174/292 [00:00<00:00, 2543.74it/s, Materializing param=gpt_neox.layers.14.attention.dense.weight]
Loading weights:  60%|#####9    | 175/292 [00:00<00:00, 2554.08it/s, Materializing param=gpt_neox.layers.14.attention.query_key_value.bias]
Loading weights:  60%|#####9    | 175/292 [00:00<00:00, 2551.79it/s, Materializing param=gpt_neox.layers.14.attention.query_key_value.bias]
Loading weights:  60%|######    | 176/292 [00:00<00:00, 2562.38it/s, Materializing param=gpt_neox.layers.14.attention.query_key_value.weight]
Loading weights:  60%|######    | 176/292 [00:00<00:00, 2560.09it/s, Materializing param=gpt_neox.layers.14.attention.query_key_value.weight]
Loading weights:  61%|######    | 177/292 [00:00<00:00, 2570.64it/s, Materializing param=gpt_neox.layers.14.input_layernorm.bias]            
Loading weights:  61%|######    | 177/292 [00:00<00:00, 2568.41it/s, Materializing param=gpt_neox.layers.14.input_layernorm.bias]
Loading weights:  61%|######    | 178/292 [00:00<00:00, 2578.80it/s, Materializing param=gpt_neox.layers.14.input_layernorm.weight]
Loading weights:  61%|######    | 178/292 [00:00<00:00, 2576.54it/s, Materializing param=gpt_neox.layers.14.input_layernorm.weight]
Loading weights:  61%|######1   | 179/292 [00:00<00:00, 2587.09it/s, Materializing param=gpt_neox.layers.14.mlp.dense_4h_to_h.bias]
Loading weights:  61%|######1   | 179/292 [00:00<00:00, 2584.87it/s, Materializing param=gpt_neox.layers.14.mlp.dense_4h_to_h.bias]
Loading weights:  62%|######1   | 180/292 [00:00<00:00, 2595.35it/s, Materializing param=gpt_neox.layers.14.mlp.dense_4h_to_h.weight]
Loading weights:  62%|######1   | 180/292 [00:00<00:00, 2593.12it/s, Materializing param=gpt_neox.layers.14.mlp.dense_4h_to_h.weight]
Loading weights:  62%|######1   | 181/292 [00:00<00:00, 2603.54it/s, Materializing param=gpt_neox.layers.14.mlp.dense_h_to_4h.bias]  
Loading weights:  62%|######1   | 181/292 [00:00<00:00, 2601.33it/s, Materializing param=gpt_neox.layers.14.mlp.dense_h_to_4h.bias]
Loading weights:  62%|######2   | 182/292 [00:00<00:00, 2611.74it/s, Materializing param=gpt_neox.layers.14.mlp.dense_h_to_4h.weight]
Loading weights:  62%|######2   | 182/292 [00:00<00:00, 2609.54it/s, Materializing param=gpt_neox.layers.14.mlp.dense_h_to_4h.weight]
Loading weights:  63%|######2   | 183/292 [00:00<00:00, 2619.91it/s, Materializing param=gpt_neox.layers.14.post_attention_layernorm.bias]
Loading weights:  63%|######2   | 183/292 [00:00<00:00, 2617.69it/s, Materializing param=gpt_neox.layers.14.post_attention_layernorm.bias]
Loading weights:  63%|######3   | 184/292 [00:00<00:00, 2627.99it/s, Materializing param=gpt_neox.layers.14.post_attention_layernorm.weight]
Loading weights:  63%|######3   | 184/292 [00:00<00:00, 2625.69it/s, Materializing param=gpt_neox.layers.14.post_attention_layernorm.weight]
Loading weights:  63%|######3   | 185/292 [00:00<00:00, 2636.06it/s, Materializing param=gpt_neox.layers.15.attention.dense.bias]           
Loading weights:  63%|######3   | 185/292 [00:00<00:00, 2633.84it/s, Materializing param=gpt_neox.layers.15.attention.dense.bias]
Loading weights:  64%|######3   | 186/292 [00:00<00:00, 2644.02it/s, Materializing param=gpt_neox.layers.15.attention.dense.weight]
Loading weights:  64%|######3   | 186/292 [00:00<00:00, 2641.92it/s, Materializing param=gpt_neox.layers.15.attention.dense.weight]
Loading weights:  64%|######4   | 187/292 [00:00<00:00, 2651.55it/s, Materializing param=gpt_neox.layers.15.attention.query_key_value.bias]
Loading weights:  64%|######4   | 187/292 [00:00<00:00, 2649.37it/s, Materializing param=gpt_neox.layers.15.attention.query_key_value.bias]
Loading weights:  64%|######4   | 188/292 [00:00<00:00, 2659.64it/s, Materializing param=gpt_neox.layers.15.attention.query_key_value.weight]
Loading weights:  64%|######4   | 188/292 [00:00<00:00, 2657.51it/s, Materializing param=gpt_neox.layers.15.attention.query_key_value.weight]
Loading weights:  65%|######4   | 189/292 [00:00<00:00, 2667.80it/s, Materializing param=gpt_neox.layers.15.input_layernorm.bias]            
Loading weights:  65%|######4   | 189/292 [00:00<00:00, 2665.67it/s, Materializing param=gpt_neox.layers.15.input_layernorm.bias]
Loading weights:  65%|######5   | 190/292 [00:00<00:00, 2675.83it/s, Materializing param=gpt_neox.layers.15.input_layernorm.weight]
Loading weights:  65%|######5   | 190/292 [00:00<00:00, 2673.71it/s, Materializing param=gpt_neox.layers.15.input_layernorm.weight]
Loading weights:  65%|######5   | 191/292 [00:00<00:00, 2683.87it/s, Materializing param=gpt_neox.layers.15.mlp.dense_4h_to_h.bias]
Loading weights:  65%|######5   | 191/292 [00:00<00:00, 2681.58it/s, Materializing param=gpt_neox.layers.15.mlp.dense_4h_to_h.bias]
Loading weights:  66%|######5   | 192/292 [00:00<00:00, 2691.38it/s, Materializing param=gpt_neox.layers.15.mlp.dense_4h_to_h.weight]
Loading weights:  66%|######5   | 192/292 [00:00<00:00, 2689.10it/s, Materializing param=gpt_neox.layers.15.mlp.dense_4h_to_h.weight]
Loading weights:  66%|######6   | 193/292 [00:00<00:00, 2698.97it/s, Materializing param=gpt_neox.layers.15.mlp.dense_h_to_4h.bias]  
Loading weights:  66%|######6   | 193/292 [00:00<00:00, 2696.72it/s, Materializing param=gpt_neox.layers.15.mlp.dense_h_to_4h.bias]
Loading weights:  66%|######6   | 194/292 [00:00<00:00, 2706.60it/s, Materializing param=gpt_neox.layers.15.mlp.dense_h_to_4h.weight]
Loading weights:  66%|######6   | 194/292 [00:00<00:00, 2704.36it/s, Materializing param=gpt_neox.layers.15.mlp.dense_h_to_4h.weight]
Loading weights:  67%|######6   | 195/292 [00:00<00:00, 2714.17it/s, Materializing param=gpt_neox.layers.15.post_attention_layernorm.bias]
Loading weights:  67%|######6   | 195/292 [00:00<00:00, 2711.87it/s, Materializing param=gpt_neox.layers.15.post_attention_layernorm.bias]
Loading weights:  67%|######7   | 196/292 [00:00<00:00, 2721.66it/s, Materializing param=gpt_neox.layers.15.post_attention_layernorm.weight]
Loading weights:  67%|######7   | 196/292 [00:00<00:00, 2719.37it/s, Materializing param=gpt_neox.layers.15.post_attention_layernorm.weight]
Loading weights:  67%|######7   | 197/292 [00:00<00:00, 2729.23it/s, Materializing param=gpt_neox.layers.16.attention.dense.bias]           
Loading weights:  67%|######7   | 197/292 [00:00<00:00, 2726.94it/s, Materializing param=gpt_neox.layers.16.attention.dense.bias]
Loading weights:  68%|######7   | 198/292 [00:00<00:00, 2736.60it/s, Materializing param=gpt_neox.layers.16.attention.dense.weight]
Loading weights:  68%|######7   | 198/292 [00:00<00:00, 2734.34it/s, Materializing param=gpt_neox.layers.16.attention.dense.weight]
Loading weights:  68%|######8   | 199/292 [00:00<00:00, 2743.53it/s, Materializing param=gpt_neox.layers.16.attention.query_key_value.bias]
Loading weights:  68%|######8   | 199/292 [00:00<00:00, 2741.22it/s, Materializing param=gpt_neox.layers.16.attention.query_key_value.bias]
Loading weights:  68%|######8   | 200/292 [00:00<00:00, 2750.91it/s, Materializing param=gpt_neox.layers.16.attention.query_key_value.weight]
Loading weights:  68%|######8   | 200/292 [00:00<00:00, 2748.64it/s, Materializing param=gpt_neox.layers.16.attention.query_key_value.weight]
Loading weights:  69%|######8   | 201/292 [00:00<00:00, 2758.43it/s, Materializing param=gpt_neox.layers.16.input_layernorm.bias]            
Loading weights:  69%|######8   | 201/292 [00:00<00:00, 2756.21it/s, Materializing param=gpt_neox.layers.16.input_layernorm.bias]
Loading weights:  69%|######9   | 202/292 [00:00<00:00, 2766.01it/s, Materializing param=gpt_neox.layers.16.input_layernorm.weight]
Loading weights:  69%|######9   | 202/292 [00:00<00:00, 2763.94it/s, Materializing param=gpt_neox.layers.16.input_layernorm.weight]
Loading weights:  70%|######9   | 203/292 [00:00<00:00, 2773.89it/s, Materializing param=gpt_neox.layers.16.mlp.dense_4h_to_h.bias]
Loading weights:  70%|######9   | 203/292 [00:00<00:00, 2771.71it/s, Materializing param=gpt_neox.layers.16.mlp.dense_4h_to_h.bias]
Loading weights:  70%|######9   | 204/292 [00:00<00:00, 2781.31it/s, Materializing param=gpt_neox.layers.16.mlp.dense_4h_to_h.weight]
Loading weights:  70%|######9   | 204/292 [00:00<00:00, 2779.09it/s, Materializing param=gpt_neox.layers.16.mlp.dense_4h_to_h.weight]
Loading weights:  70%|#######   | 205/292 [00:00<00:00, 2788.69it/s, Materializing param=gpt_neox.layers.16.mlp.dense_h_to_4h.bias]  
Loading weights:  70%|#######   | 205/292 [00:00<00:00, 2786.49it/s, Materializing param=gpt_neox.layers.16.mlp.dense_h_to_4h.bias]
Loading weights:  71%|#######   | 206/292 [00:00<00:00, 2796.10it/s, Materializing param=gpt_neox.layers.16.mlp.dense_h_to_4h.weight]
Loading weights:  71%|#######   | 206/292 [00:00<00:00, 2793.86it/s, Materializing param=gpt_neox.layers.16.mlp.dense_h_to_4h.weight]
Loading weights:  71%|#######   | 207/292 [00:00<00:00, 2803.43it/s, Materializing param=gpt_neox.layers.16.post_attention_layernorm.bias]
Loading weights:  71%|#######   | 207/292 [00:00<00:00, 2801.19it/s, Materializing param=gpt_neox.layers.16.post_attention_layernorm.bias]
Loading weights:  71%|#######1  | 208/292 [00:00<00:00, 2810.72it/s, Materializing param=gpt_neox.layers.16.post_attention_layernorm.weight]
Loading weights:  71%|#######1  | 208/292 [00:00<00:00, 2808.41it/s, Materializing param=gpt_neox.layers.16.post_attention_layernorm.weight]
Loading weights:  72%|#######1  | 209/292 [00:00<00:00, 2817.76it/s, Materializing param=gpt_neox.layers.17.attention.dense.bias]           
Loading weights:  72%|#######1  | 209/292 [00:00<00:00, 2815.54it/s, Materializing param=gpt_neox.layers.17.attention.dense.bias]
Loading weights:  72%|#######1  | 210/292 [00:00<00:00, 2824.99it/s, Materializing param=gpt_neox.layers.17.attention.dense.weight]
Loading weights:  72%|#######1  | 210/292 [00:00<00:00, 2822.77it/s, Materializing param=gpt_neox.layers.17.attention.dense.weight]
Loading weights:  72%|#######2  | 211/292 [00:00<00:00, 2831.89it/s, Materializing param=gpt_neox.layers.17.attention.query_key_value.bias]
Loading weights:  72%|#######2  | 211/292 [00:00<00:00, 2829.62it/s, Materializing param=gpt_neox.layers.17.attention.query_key_value.bias]
Loading weights:  73%|#######2  | 212/292 [00:00<00:00, 2838.96it/s, Materializing param=gpt_neox.layers.17.attention.query_key_value.weight]
Loading weights:  73%|#######2  | 212/292 [00:00<00:00, 2836.67it/s, Materializing param=gpt_neox.layers.17.attention.query_key_value.weight]
Loading weights:  73%|#######2  | 213/292 [00:00<00:00, 2845.93it/s, Materializing param=gpt_neox.layers.17.input_layernorm.bias]            
Loading weights:  73%|#######2  | 213/292 [00:00<00:00, 2843.71it/s, Materializing param=gpt_neox.layers.17.input_layernorm.bias]
Loading weights:  73%|#######3  | 214/292 [00:00<00:00, 2853.13it/s, Materializing param=gpt_neox.layers.17.input_layernorm.weight]
Loading weights:  73%|#######3  | 214/292 [00:00<00:00, 2850.91it/s, Materializing param=gpt_neox.layers.17.input_layernorm.weight]
Loading weights:  74%|#######3  | 215/292 [00:00<00:00, 2860.37it/s, Materializing param=gpt_neox.layers.17.mlp.dense_4h_to_h.bias]
Loading weights:  74%|#######3  | 215/292 [00:00<00:00, 2858.07it/s, Materializing param=gpt_neox.layers.17.mlp.dense_4h_to_h.bias]
Loading weights:  74%|#######3  | 216/292 [00:00<00:00, 2867.15it/s, Materializing param=gpt_neox.layers.17.mlp.dense_4h_to_h.weight]
Loading weights:  74%|#######3  | 216/292 [00:00<00:00, 2864.92it/s, Materializing param=gpt_neox.layers.17.mlp.dense_4h_to_h.weight]
Loading weights:  74%|#######4  | 217/292 [00:00<00:00, 2874.21it/s, Materializing param=gpt_neox.layers.17.mlp.dense_h_to_4h.bias]  
Loading weights:  74%|#######4  | 217/292 [00:00<00:00, 2871.99it/s, Materializing param=gpt_neox.layers.17.mlp.dense_h_to_4h.bias]
Loading weights:  75%|#######4  | 218/292 [00:00<00:00, 2881.26it/s, Materializing param=gpt_neox.layers.17.mlp.dense_h_to_4h.weight]
Loading weights:  75%|#######4  | 218/292 [00:00<00:00, 2879.03it/s, Materializing param=gpt_neox.layers.17.mlp.dense_h_to_4h.weight]
Loading weights:  75%|#######5  | 219/292 [00:00<00:00, 2888.28it/s, Materializing param=gpt_neox.layers.17.post_attention_layernorm.bias]
Loading weights:  75%|#######5  | 219/292 [00:00<00:00, 2885.99it/s, Materializing param=gpt_neox.layers.17.post_attention_layernorm.bias]
Loading weights:  75%|#######5  | 220/292 [00:00<00:00, 2895.20it/s, Materializing param=gpt_neox.layers.17.post_attention_layernorm.weight]
Loading weights:  75%|#######5  | 220/292 [00:00<00:00, 2892.94it/s, Materializing param=gpt_neox.layers.17.post_attention_layernorm.weight]
Loading weights:  76%|#######5  | 221/292 [00:00<00:00, 2902.14it/s, Materializing param=gpt_neox.layers.18.attention.dense.bias]           
Loading weights:  76%|#######5  | 221/292 [00:00<00:00, 2899.91it/s, Materializing param=gpt_neox.layers.18.attention.dense.bias]
Loading weights:  76%|#######6  | 222/292 [00:00<00:00, 2908.96it/s, Materializing param=gpt_neox.layers.18.attention.dense.weight]
Loading weights:  76%|#######6  | 222/292 [00:00<00:00, 2906.72it/s, Materializing param=gpt_neox.layers.18.attention.dense.weight]
Loading weights:  76%|#######6  | 223/292 [00:00<00:00, 2915.34it/s, Materializing param=gpt_neox.layers.18.attention.query_key_value.bias]
Loading weights:  76%|#######6  | 223/292 [00:00<00:00, 2912.99it/s, Materializing param=gpt_neox.layers.18.attention.query_key_value.bias]
Loading weights:  77%|#######6  | 224/292 [00:00<00:00, 2922.01it/s, Materializing param=gpt_neox.layers.18.attention.query_key_value.weight]
Loading weights:  77%|#######6  | 224/292 [00:00<00:00, 2919.71it/s, Materializing param=gpt_neox.layers.18.attention.query_key_value.weight]
Loading weights:  77%|#######7  | 225/292 [00:00<00:00, 2928.66it/s, Materializing param=gpt_neox.layers.18.input_layernorm.bias]            
Loading weights:  77%|#######7  | 225/292 [00:00<00:00, 2926.43it/s, Materializing param=gpt_neox.layers.18.input_layernorm.bias]
Loading weights:  77%|#######7  | 226/292 [00:00<00:00, 2935.50it/s, Materializing param=gpt_neox.layers.18.input_layernorm.weight]
Loading weights:  77%|#######7  | 226/292 [00:00<00:00, 2933.26it/s, Materializing param=gpt_neox.layers.18.input_layernorm.weight]
Loading weights:  78%|#######7  | 227/292 [00:00<00:00, 2942.31it/s, Materializing param=gpt_neox.layers.18.mlp.dense_4h_to_h.bias]
Loading weights:  78%|#######7  | 227/292 [00:00<00:00, 2940.06it/s, Materializing param=gpt_neox.layers.18.mlp.dense_4h_to_h.bias]
Loading weights:  78%|#######8  | 228/292 [00:00<00:00, 2948.96it/s, Materializing param=gpt_neox.layers.18.mlp.dense_4h_to_h.weight]
Loading weights:  78%|#######8  | 228/292 [00:00<00:00, 2946.70it/s, Materializing param=gpt_neox.layers.18.mlp.dense_4h_to_h.weight]
Loading weights:  78%|#######8  | 229/292 [00:00<00:00, 2955.61it/s, Materializing param=gpt_neox.layers.18.mlp.dense_h_to_4h.bias]  
Loading weights:  78%|#######8  | 229/292 [00:00<00:00, 2953.39it/s, Materializing param=gpt_neox.layers.18.mlp.dense_h_to_4h.bias]
Loading weights:  79%|#######8  | 230/292 [00:00<00:00, 2962.32it/s, Materializing param=gpt_neox.layers.18.mlp.dense_h_to_4h.weight]
Loading weights:  79%|#######8  | 230/292 [00:00<00:00, 2959.97it/s, Materializing param=gpt_neox.layers.18.mlp.dense_h_to_4h.weight]
Loading weights:  79%|#######9  | 231/292 [00:00<00:00, 2968.55it/s, Materializing param=gpt_neox.layers.18.post_attention_layernorm.bias]
Loading weights:  79%|#######9  | 231/292 [00:00<00:00, 2966.22it/s, Materializing param=gpt_neox.layers.18.post_attention_layernorm.bias]
Loading weights:  79%|#######9  | 232/292 [00:00<00:00, 2975.06it/s, Materializing param=gpt_neox.layers.18.post_attention_layernorm.weight]
Loading weights:  79%|#######9  | 232/292 [00:00<00:00, 2972.91it/s, Materializing param=gpt_neox.layers.18.post_attention_layernorm.weight]
Loading weights:  80%|#######9  | 233/292 [00:00<00:00, 2981.88it/s, Materializing param=gpt_neox.layers.19.attention.dense.bias]           
Loading weights:  80%|#######9  | 233/292 [00:00<00:00, 2979.60it/s, Materializing param=gpt_neox.layers.19.attention.dense.bias]
Loading weights:  80%|########  | 234/292 [00:00<00:00, 2987.74it/s, Materializing param=gpt_neox.layers.19.attention.dense.weight]
Loading weights:  80%|########  | 234/292 [00:00<00:00, 2985.43it/s, Materializing param=gpt_neox.layers.19.attention.dense.weight]
Loading weights:  80%|########  | 235/292 [00:00<00:00, 2992.23it/s, Materializing param=gpt_neox.layers.19.attention.query_key_value.bias]
Loading weights:  80%|########  | 235/292 [00:00<00:00, 2989.03it/s, Materializing param=gpt_neox.layers.19.attention.query_key_value.bias]
Loading weights:  81%|########  | 236/292 [00:00<00:00, 2995.55it/s, Materializing param=gpt_neox.layers.19.attention.query_key_value.weight]
Loading weights:  81%|########  | 236/292 [00:00<00:00, 2992.39it/s, Materializing param=gpt_neox.layers.19.attention.query_key_value.weight]
Loading weights:  81%|########1 | 237/292 [00:00<00:00, 2999.81it/s, Materializing param=gpt_neox.layers.19.input_layernorm.bias]            
Loading weights:  81%|########1 | 237/292 [00:00<00:00, 2997.25it/s, Materializing param=gpt_neox.layers.19.input_layernorm.bias]
Loading weights:  82%|########1 | 238/292 [00:00<00:00, 3005.44it/s, Materializing param=gpt_neox.layers.19.input_layernorm.weight]
Loading weights:  82%|########1 | 238/292 [00:00<00:00, 3003.06it/s, Materializing param=gpt_neox.layers.19.input_layernorm.weight]
Loading weights:  82%|########1 | 239/292 [00:00<00:00, 3011.13it/s, Materializing param=gpt_neox.layers.19.mlp.dense_4h_to_h.bias]
Loading weights:  82%|########1 | 239/292 [00:00<00:00, 3008.93it/s, Materializing param=gpt_neox.layers.19.mlp.dense_4h_to_h.bias]
Loading weights:  82%|########2 | 240/292 [00:00<00:00, 3017.43it/s, Materializing param=gpt_neox.layers.19.mlp.dense_4h_to_h.weight]
Loading weights:  82%|########2 | 240/292 [00:00<00:00, 3015.04it/s, Materializing param=gpt_neox.layers.19.mlp.dense_4h_to_h.weight]
Loading weights:  83%|########2 | 241/292 [00:00<00:00, 3023.62it/s, Materializing param=gpt_neox.layers.19.mlp.dense_h_to_4h.bias]  
Loading weights:  83%|########2 | 241/292 [00:00<00:00, 3021.36it/s, Materializing param=gpt_neox.layers.19.mlp.dense_h_to_4h.bias]
Loading weights:  83%|########2 | 242/292 [00:00<00:00, 3030.01it/s, Materializing param=gpt_neox.layers.19.mlp.dense_h_to_4h.weight]
Loading weights:  83%|########2 | 242/292 [00:00<00:00, 3027.90it/s, Materializing param=gpt_neox.layers.19.mlp.dense_h_to_4h.weight]
Loading weights:  83%|########3 | 243/292 [00:00<00:00, 3036.63it/s, Materializing param=gpt_neox.layers.19.post_attention_layernorm.bias]
Loading weights:  83%|########3 | 243/292 [00:00<00:00, 3034.39it/s, Materializing param=gpt_neox.layers.19.post_attention_layernorm.bias]
Loading weights:  84%|########3 | 244/292 [00:00<00:00, 3043.05it/s, Materializing param=gpt_neox.layers.19.post_attention_layernorm.weight]
Loading weights:  84%|########3 | 244/292 [00:00<00:00, 3040.88it/s, Materializing param=gpt_neox.layers.19.post_attention_layernorm.weight]
Loading weights:  84%|########3 | 245/292 [00:00<00:00, 3046.47it/s, Materializing param=gpt_neox.layers.20.attention.dense.bias]           
Loading weights:  84%|########3 | 245/292 [00:00<00:00, 3043.79it/s, Materializing param=gpt_neox.layers.20.attention.dense.bias]
Loading weights:  84%|########4 | 246/292 [00:00<00:00, 3051.63it/s, Materializing param=gpt_neox.layers.20.attention.dense.weight]
Loading weights:  84%|########4 | 246/292 [00:00<00:00, 3049.38it/s, Materializing param=gpt_neox.layers.20.attention.dense.weight]
Loading weights:  85%|########4 | 247/292 [00:00<00:00, 3057.56it/s, Materializing param=gpt_neox.layers.20.attention.query_key_value.bias]
Loading weights:  85%|########4 | 247/292 [00:00<00:00, 3055.34it/s, Materializing param=gpt_neox.layers.20.attention.query_key_value.bias]
Loading weights:  85%|########4 | 248/292 [00:00<00:00, 3063.65it/s, Materializing param=gpt_neox.layers.20.attention.query_key_value.weight]
Loading weights:  85%|########4 | 248/292 [00:00<00:00, 3061.31it/s, Materializing param=gpt_neox.layers.20.attention.query_key_value.weight]
Loading weights:  85%|########5 | 249/292 [00:00<00:00, 3069.41it/s, Materializing param=gpt_neox.layers.20.input_layernorm.bias]            
Loading weights:  85%|########5 | 249/292 [00:00<00:00, 3067.08it/s, Materializing param=gpt_neox.layers.20.input_layernorm.bias]
Loading weights:  86%|########5 | 250/292 [00:00<00:00, 3075.18it/s, Materializing param=gpt_neox.layers.20.input_layernorm.weight]
Loading weights:  86%|########5 | 250/292 [00:00<00:00, 3072.94it/s, Materializing param=gpt_neox.layers.20.input_layernorm.weight]
Loading weights:  86%|########5 | 251/292 [00:00<00:00, 3081.29it/s, Materializing param=gpt_neox.layers.20.mlp.dense_4h_to_h.bias]
Loading weights:  86%|########5 | 251/292 [00:00<00:00, 3079.06it/s, Materializing param=gpt_neox.layers.20.mlp.dense_4h_to_h.bias]
Loading weights:  86%|########6 | 252/292 [00:00<00:00, 3087.24it/s, Materializing param=gpt_neox.layers.20.mlp.dense_4h_to_h.weight]
Loading weights:  86%|########6 | 252/292 [00:00<00:00, 3085.01it/s, Materializing param=gpt_neox.layers.20.mlp.dense_4h_to_h.weight]
Loading weights:  87%|########6 | 253/292 [00:00<00:00, 3093.21it/s, Materializing param=gpt_neox.layers.20.mlp.dense_h_to_4h.bias]  
Loading weights:  87%|########6 | 253/292 [00:00<00:00, 3090.96it/s, Materializing param=gpt_neox.layers.20.mlp.dense_h_to_4h.bias]
Loading weights:  87%|########6 | 254/292 [00:00<00:00, 3099.07it/s, Materializing param=gpt_neox.layers.20.mlp.dense_h_to_4h.weight]
Loading weights:  87%|########6 | 254/292 [00:00<00:00, 3096.38it/s, Materializing param=gpt_neox.layers.20.mlp.dense_h_to_4h.weight]
Loading weights:  87%|########7 | 255/292 [00:00<00:00, 3104.28it/s, Materializing param=gpt_neox.layers.20.post_attention_layernorm.bias]
Loading weights:  87%|########7 | 255/292 [00:00<00:00, 3102.00it/s, Materializing param=gpt_neox.layers.20.post_attention_layernorm.bias]
Loading weights:  88%|########7 | 256/292 [00:00<00:00, 3110.18it/s, Materializing param=gpt_neox.layers.20.post_attention_layernorm.weight]
Loading weights:  88%|########7 | 256/292 [00:00<00:00, 3107.90it/s, Materializing param=gpt_neox.layers.20.post_attention_layernorm.weight]
Loading weights:  88%|########8 | 257/292 [00:00<00:00, 3116.04it/s, Materializing param=gpt_neox.layers.21.attention.dense.bias]           
Loading weights:  88%|########8 | 257/292 [00:00<00:00, 3113.81it/s, Materializing param=gpt_neox.layers.21.attention.dense.bias]
Loading weights:  88%|########8 | 258/292 [00:00<00:00, 3121.82it/s, Materializing param=gpt_neox.layers.21.attention.dense.weight]
Loading weights:  88%|########8 | 258/292 [00:00<00:00, 3119.56it/s, Materializing param=gpt_neox.layers.21.attention.dense.weight]
Loading weights:  89%|########8 | 259/292 [00:00<00:00, 3127.60it/s, Materializing param=gpt_neox.layers.21.attention.query_key_value.bias]
Loading weights:  89%|########8 | 259/292 [00:00<00:00, 3125.32it/s, Materializing param=gpt_neox.layers.21.attention.query_key_value.bias]
Loading weights:  89%|########9 | 260/292 [00:00<00:00, 3133.30it/s, Materializing param=gpt_neox.layers.21.attention.query_key_value.weight]
Loading weights:  89%|########9 | 260/292 [00:00<00:00, 3131.03it/s, Materializing param=gpt_neox.layers.21.attention.query_key_value.weight]
Loading weights:  89%|########9 | 261/292 [00:00<00:00, 3139.04it/s, Materializing param=gpt_neox.layers.21.input_layernorm.bias]            
Loading weights:  89%|########9 | 261/292 [00:00<00:00, 3136.74it/s, Materializing param=gpt_neox.layers.21.input_layernorm.bias]
Loading weights:  90%|########9 | 262/292 [00:00<00:00, 3144.61it/s, Materializing param=gpt_neox.layers.21.input_layernorm.weight]
Loading weights:  90%|########9 | 262/292 [00:00<00:00, 3142.38it/s, Materializing param=gpt_neox.layers.21.input_layernorm.weight]
Loading weights:  90%|######### | 263/292 [00:00<00:00, 3150.47it/s, Materializing param=gpt_neox.layers.21.mlp.dense_4h_to_h.bias]
Loading weights:  90%|######### | 263/292 [00:00<00:00, 3148.25it/s, Materializing param=gpt_neox.layers.21.mlp.dense_4h_to_h.bias]
Loading weights:  90%|######### | 264/292 [00:00<00:00, 3156.20it/s, Materializing param=gpt_neox.layers.21.mlp.dense_4h_to_h.weight]
Loading weights:  90%|######### | 264/292 [00:00<00:00, 3153.96it/s, Materializing param=gpt_neox.layers.21.mlp.dense_4h_to_h.weight]
Loading weights:  91%|######### | 265/292 [00:00<00:00, 3161.95it/s, Materializing param=gpt_neox.layers.21.mlp.dense_h_to_4h.bias]  
Loading weights:  91%|######### | 265/292 [00:00<00:00, 3159.73it/s, Materializing param=gpt_neox.layers.21.mlp.dense_h_to_4h.bias]
Loading weights:  91%|#########1| 266/292 [00:00<00:00, 3167.69it/s, Materializing param=gpt_neox.layers.21.mlp.dense_h_to_4h.weight]
Loading weights:  91%|#########1| 266/292 [00:00<00:00, 3165.16it/s, Materializing param=gpt_neox.layers.21.mlp.dense_h_to_4h.weight]
Loading weights:  91%|#########1| 267/292 [00:00<00:00, 3173.01it/s, Materializing param=gpt_neox.layers.21.post_attention_layernorm.bias]
Loading weights:  91%|#########1| 267/292 [00:00<00:00, 3170.77it/s, Materializing param=gpt_neox.layers.21.post_attention_layernorm.bias]
Loading weights:  92%|#########1| 268/292 [00:00<00:00, 3178.67it/s, Materializing param=gpt_neox.layers.21.post_attention_layernorm.weight]
Loading weights:  92%|#########1| 268/292 [00:00<00:00, 3176.34it/s, Materializing param=gpt_neox.layers.21.post_attention_layernorm.weight]
Loading weights:  92%|#########2| 269/292 [00:00<00:00, 3184.04it/s, Materializing param=gpt_neox.layers.22.attention.dense.bias]           
Loading weights:  92%|#########2| 269/292 [00:00<00:00, 3181.83it/s, Materializing param=gpt_neox.layers.22.attention.dense.bias]
Loading weights:  92%|#########2| 270/292 [00:00<00:00, 3189.64it/s, Materializing param=gpt_neox.layers.22.attention.dense.weight]
Loading weights:  92%|#########2| 270/292 [00:00<00:00, 3187.43it/s, Materializing param=gpt_neox.layers.22.attention.dense.weight]
Loading weights:  93%|#########2| 271/292 [00:00<00:00, 3195.25it/s, Materializing param=gpt_neox.layers.22.attention.query_key_value.bias]
Loading weights:  93%|#########2| 271/292 [00:00<00:00, 3192.95it/s, Materializing param=gpt_neox.layers.22.attention.query_key_value.bias]
Loading weights:  93%|#########3| 272/292 [00:00<00:00, 3200.70it/s, Materializing param=gpt_neox.layers.22.attention.query_key_value.weight]
Loading weights:  93%|#########3| 272/292 [00:00<00:00, 3198.42it/s, Materializing param=gpt_neox.layers.22.attention.query_key_value.weight]
Loading weights:  93%|#########3| 273/292 [00:00<00:00, 3206.10it/s, Materializing param=gpt_neox.layers.22.input_layernorm.bias]            
Loading weights:  93%|#########3| 273/292 [00:00<00:00, 3203.84it/s, Materializing param=gpt_neox.layers.22.input_layernorm.bias]
Loading weights:  94%|#########3| 274/292 [00:00<00:00, 3211.47it/s, Materializing param=gpt_neox.layers.22.input_layernorm.weight]
Loading weights:  94%|#########3| 274/292 [00:00<00:00, 3209.22it/s, Materializing param=gpt_neox.layers.22.input_layernorm.weight]
Loading weights:  94%|#########4| 275/292 [00:00<00:00, 3216.87it/s, Materializing param=gpt_neox.layers.22.mlp.dense_4h_to_h.bias]
Loading weights:  94%|#########4| 275/292 [00:00<00:00, 3214.61it/s, Materializing param=gpt_neox.layers.22.mlp.dense_4h_to_h.bias]
Loading weights:  95%|#########4| 276/292 [00:00<00:00, 3222.15it/s, Materializing param=gpt_neox.layers.22.mlp.dense_4h_to_h.weight]
Loading weights:  95%|#########4| 276/292 [00:00<00:00, 3219.84it/s, Materializing param=gpt_neox.layers.22.mlp.dense_4h_to_h.weight]
Loading weights:  95%|#########4| 277/292 [00:00<00:00, 3227.20it/s, Materializing param=gpt_neox.layers.22.mlp.dense_h_to_4h.bias]  
Loading weights:  95%|#########4| 277/292 [00:00<00:00, 3224.97it/s, Materializing param=gpt_neox.layers.22.mlp.dense_h_to_4h.bias]
Loading weights:  95%|#########5| 278/292 [00:00<00:00, 3232.57it/s, Materializing param=gpt_neox.layers.22.mlp.dense_h_to_4h.weight]
Loading weights:  95%|#########5| 278/292 [00:00<00:00, 3230.06it/s, Materializing param=gpt_neox.layers.22.mlp.dense_h_to_4h.weight]
Loading weights:  96%|#########5| 279/292 [00:00<00:00, 3237.66it/s, Materializing param=gpt_neox.layers.22.post_attention_layernorm.bias]
Loading weights:  96%|#########5| 279/292 [00:00<00:00, 3235.43it/s, Materializing param=gpt_neox.layers.22.post_attention_layernorm.bias]
Loading weights:  96%|#########5| 280/292 [00:00<00:00, 3242.98it/s, Materializing param=gpt_neox.layers.22.post_attention_layernorm.weight]
Loading weights:  96%|#########5| 280/292 [00:00<00:00, 3240.04it/s, Materializing param=gpt_neox.layers.22.post_attention_layernorm.weight]
Loading weights:  96%|#########6| 281/292 [00:00<00:00, 3247.61it/s, Materializing param=gpt_neox.layers.23.attention.dense.bias]           
Loading weights:  96%|#########6| 281/292 [00:00<00:00, 3245.38it/s, Materializing param=gpt_neox.layers.23.attention.dense.bias]
Loading weights:  97%|#########6| 282/292 [00:00<00:00, 3252.75it/s, Materializing param=gpt_neox.layers.23.attention.dense.weight]
Loading weights:  97%|#########6| 282/292 [00:00<00:00, 3250.50it/s, Materializing param=gpt_neox.layers.23.attention.dense.weight]
Loading weights:  97%|#########6| 283/292 [00:00<00:00, 3258.05it/s, Materializing param=gpt_neox.layers.23.attention.query_key_value.bias]
Loading weights:  97%|#########6| 283/292 [00:00<00:00, 3255.70it/s, Materializing param=gpt_neox.layers.23.attention.query_key_value.bias]
Loading weights:  97%|#########7| 284/292 [00:00<00:00, 3262.78it/s, Materializing param=gpt_neox.layers.23.attention.query_key_value.weight]
Loading weights:  97%|#########7| 284/292 [00:00<00:00, 3260.49it/s, Materializing param=gpt_neox.layers.23.attention.query_key_value.weight]
Loading weights:  98%|#########7| 285/292 [00:00<00:00, 3267.84it/s, Materializing param=gpt_neox.layers.23.input_layernorm.bias]            
Loading weights:  98%|#########7| 285/292 [00:00<00:00, 3265.60it/s, Materializing param=gpt_neox.layers.23.input_layernorm.bias]
Loading weights:  98%|#########7| 286/292 [00:00<00:00, 3273.00it/s, Materializing param=gpt_neox.layers.23.input_layernorm.weight]
Loading weights:  98%|#########7| 286/292 [00:00<00:00, 3270.78it/s, Materializing param=gpt_neox.layers.23.input_layernorm.weight]
Loading weights:  98%|#########8| 287/292 [00:00<00:00, 3278.28it/s, Materializing param=gpt_neox.layers.23.mlp.dense_4h_to_h.bias]
Loading weights:  98%|#########8| 287/292 [00:00<00:00, 3276.08it/s, Materializing param=gpt_neox.layers.23.mlp.dense_4h_to_h.bias]
Loading weights:  99%|#########8| 288/292 [00:00<00:00, 3283.48it/s, Materializing param=gpt_neox.layers.23.mlp.dense_4h_to_h.weight]
Loading weights:  99%|#########8| 288/292 [00:00<00:00, 3281.28it/s, Materializing param=gpt_neox.layers.23.mlp.dense_4h_to_h.weight]
Loading weights:  99%|#########8| 289/292 [00:00<00:00, 3288.72it/s, Materializing param=gpt_neox.layers.23.mlp.dense_h_to_4h.bias]  
Loading weights:  99%|#########8| 289/292 [00:00<00:00, 3286.52it/s, Materializing param=gpt_neox.layers.23.mlp.dense_h_to_4h.bias]
Loading weights:  99%|#########9| 290/292 [00:00<00:00, 3293.66it/s, Materializing param=gpt_neox.layers.23.mlp.dense_h_to_4h.weight]
Loading weights:  99%|#########9| 290/292 [00:00<00:00, 3291.38it/s, Materializing param=gpt_neox.layers.23.mlp.dense_h_to_4h.weight]
Loading weights: 100%|#########9| 291/292 [00:00<00:00, 3298.57it/s, Materializing param=gpt_neox.layers.23.post_attention_layernorm.bias]
Loading weights: 100%|#########9| 291/292 [00:00<00:00, 3296.34it/s, Materializing param=gpt_neox.layers.23.post_attention_layernorm.bias]
Loading weights: 100%|##########| 292/292 [00:00<00:00, 3303.72it/s, Materializing param=gpt_neox.layers.23.post_attention_layernorm.weight]
Loading weights: 100%|##########| 292/292 [00:00<00:00, 3301.53it/s, Materializing param=gpt_neox.layers.23.post_attention_layernorm.weight]
Loading weights: 100%|##########| 292/292 [00:00<00:00, 3296.96it/s, Materializing param=gpt_neox.layers.23.post_attention_layernorm.weight]
[2026-04-22T23:01:22.509070] END temporal_authorship_matrix FAILED rc=0 validation_ok=False metrics={"result_row_count": 155, "pair_summary_row_count": 20, "self_preference_row_count": 5, "matrix_row_count": 5, "observed_evaluator_count": 5, "observed_source_count": 4, "missing_evaluators": [], "missing_sources": ["step4000"], "max_self_preference_rate": 0.4285714285714285, "mean_diagonal_margin_logprob": 0.06390325526396433}
