
[2026-04-23T01:28:38.155931] START self_prediction_transfer_v3_template_instruction: C:/Users/joshj/miniconda3/python.exe C:\Users\joshj\joseph-stroud-identity-stability-research\scripts\self_prediction_transfer_v3.py --config C:\Users\joshj\joseph-stroud-identity-stability-research\configs\identity_battery\self_prediction_transfer_v3_template_instruction_smoke.yaml

Loading weights:   0%|          | 0/76 [00:00<?, ?it/s]
Loading weights:   1%|1         | 1/76 [00:00<00:00, 10255.02it/s, Materializing param=embed_out.weight]
Loading weights:   1%|1         | 1/76 [00:00<00:00, 1914.33it/s, Materializing param=embed_out.weight] 
Loading weights:   3%|2         | 2/76 [00:00<00:00, 2430.78it/s, Materializing param=gpt_neox.embed_in.weight]
Loading weights:   3%|2         | 2/76 [00:00<00:00, 1957.21it/s, Materializing param=gpt_neox.embed_in.weight]
Loading weights:   4%|3         | 3/76 [00:00<00:00, 2032.12it/s, Materializing param=gpt_neox.final_layer_norm.bias]
Loading weights:   4%|3         | 3/76 [00:00<00:00, 1890.46it/s, Materializing param=gpt_neox.final_layer_norm.bias]
Loading weights:   5%|5         | 4/76 [00:00<00:00, 2233.09it/s, Materializing param=gpt_neox.final_layer_norm.weight]
Loading weights:   5%|5         | 4/76 [00:00<00:00, 2147.35it/s, Materializing param=gpt_neox.final_layer_norm.weight]
Loading weights:   7%|6         | 5/76 [00:00<00:00, 2476.56it/s, Materializing param=gpt_neox.layers.0.attention.dense.bias]
Loading weights:   7%|6         | 5/76 [00:00<00:00, 2294.98it/s, Materializing param=gpt_neox.layers.0.attention.dense.bias]
Loading weights:   8%|7         | 6/76 [00:00<00:00, 2514.32it/s, Materializing param=gpt_neox.layers.0.attention.dense.weight]
Loading weights:   8%|7         | 6/76 [00:00<00:00, 2440.68it/s, Materializing param=gpt_neox.layers.0.attention.dense.weight]
Loading weights:   9%|9         | 7/76 [00:00<00:00, 2676.16it/s, Materializing param=gpt_neox.layers.0.attention.query_key_value.bias]
Loading weights:   9%|9         | 7/76 [00:00<00:00, 2580.66it/s, Materializing param=gpt_neox.layers.0.attention.query_key_value.bias]
Loading weights:  11%|#         | 8/76 [00:00<00:00, 2792.25it/s, Materializing param=gpt_neox.layers.0.attention.query_key_value.weight]
Loading weights:  11%|#         | 8/76 [00:00<00:00, 2727.78it/s, Materializing param=gpt_neox.layers.0.attention.query_key_value.weight]
Loading weights:  12%|#1        | 9/76 [00:00<00:00, 420.37it/s, Materializing param=gpt_neox.layers.0.input_layernorm.bias]             
Loading weights:  12%|#1        | 9/76 [00:00<00:00, 418.12it/s, Materializing param=gpt_neox.layers.0.input_layernorm.bias]
Loading weights:  13%|#3        | 10/76 [00:00<00:00, 460.41it/s, Materializing param=gpt_neox.layers.0.input_layernorm.weight]
Loading weights:  13%|#3        | 10/76 [00:00<00:00, 458.97it/s, Materializing param=gpt_neox.layers.0.input_layernorm.weight]
Loading weights:  14%|#4        | 11/76 [00:00<00:00, 457.20it/s, Materializing param=gpt_neox.layers.0.mlp.dense_4h_to_h.bias]
Loading weights:  14%|#4        | 11/76 [00:00<00:00, 450.96it/s, Materializing param=gpt_neox.layers.0.mlp.dense_4h_to_h.bias]
Loading weights:  16%|#5        | 12/76 [00:00<00:00, 486.54it/s, Materializing param=gpt_neox.layers.0.mlp.dense_4h_to_h.weight]
Loading weights:  16%|#5        | 12/76 [00:00<00:00, 484.97it/s, Materializing param=gpt_neox.layers.0.mlp.dense_4h_to_h.weight]
Loading weights:  17%|#7        | 13/76 [00:00<00:00, 522.20it/s, Materializing param=gpt_neox.layers.0.mlp.dense_h_to_4h.bias]  
Loading weights:  17%|#7        | 13/76 [00:00<00:00, 515.89it/s, Materializing param=gpt_neox.layers.0.mlp.dense_h_to_4h.bias]
Loading weights:  18%|#8        | 14/76 [00:00<00:00, 552.33it/s, Materializing param=gpt_neox.layers.0.mlp.dense_h_to_4h.weight]
Loading weights:  18%|#8        | 14/76 [00:00<00:00, 546.36it/s, Materializing param=gpt_neox.layers.0.mlp.dense_h_to_4h.weight]
Loading weights:  20%|#9        | 15/76 [00:00<00:00, 581.56it/s, Materializing param=gpt_neox.layers.0.post_attention_layernorm.bias]
Loading weights:  20%|#9        | 15/76 [00:00<00:00, 579.75it/s, Materializing param=gpt_neox.layers.0.post_attention_layernorm.bias]
Loading weights:  21%|##1       | 16/76 [00:00<00:00, 614.24it/s, Materializing param=gpt_neox.layers.0.post_attention_layernorm.weight]
Loading weights:  21%|##1       | 16/76 [00:00<00:00, 612.65it/s, Materializing param=gpt_neox.layers.0.post_attention_layernorm.weight]
Loading weights:  22%|##2       | 17/76 [00:00<00:00, 647.50it/s, Materializing param=gpt_neox.layers.1.attention.dense.bias]           
Loading weights:  22%|##2       | 17/76 [00:00<00:00, 642.94it/s, Materializing param=gpt_neox.layers.1.attention.dense.bias]
Loading weights:  24%|##3       | 18/76 [00:00<00:00, 676.45it/s, Materializing param=gpt_neox.layers.1.attention.dense.weight]
Loading weights:  24%|##3       | 18/76 [00:00<00:00, 674.76it/s, Materializing param=gpt_neox.layers.1.attention.dense.weight]
Loading weights:  25%|##5       | 19/76 [00:00<00:00, 707.67it/s, Materializing param=gpt_neox.layers.1.attention.query_key_value.bias]
Loading weights:  25%|##5       | 19/76 [00:00<00:00, 706.01it/s, Materializing param=gpt_neox.layers.1.attention.query_key_value.bias]
Loading weights:  26%|##6       | 20/76 [00:00<00:00, 728.54it/s, Materializing param=gpt_neox.layers.1.attention.query_key_value.weight]
Loading weights:  26%|##6       | 20/76 [00:00<00:00, 724.76it/s, Materializing param=gpt_neox.layers.1.attention.query_key_value.weight]
Loading weights:  28%|##7       | 21/76 [00:00<00:00, 757.41it/s, Materializing param=gpt_neox.layers.1.input_layernorm.bias]            
Loading weights:  28%|##7       | 21/76 [00:00<00:00, 755.69it/s, Materializing param=gpt_neox.layers.1.input_layernorm.bias]
Loading weights:  29%|##8       | 22/76 [00:00<00:00, 787.12it/s, Materializing param=gpt_neox.layers.1.input_layernorm.weight]
Loading weights:  29%|##8       | 22/76 [00:00<00:00, 785.28it/s, Materializing param=gpt_neox.layers.1.input_layernorm.weight]
Loading weights:  30%|###       | 23/76 [00:00<00:00, 817.17it/s, Materializing param=gpt_neox.layers.1.mlp.dense_4h_to_h.bias]
Loading weights:  30%|###       | 23/76 [00:00<00:00, 815.36it/s, Materializing param=gpt_neox.layers.1.mlp.dense_4h_to_h.bias]
Loading weights:  32%|###1      | 24/76 [00:00<00:00, 843.65it/s, Materializing param=gpt_neox.layers.1.mlp.dense_4h_to_h.weight]
Loading weights:  32%|###1      | 24/76 [00:00<00:00, 838.79it/s, Materializing param=gpt_neox.layers.1.mlp.dense_4h_to_h.weight]
Loading weights:  33%|###2      | 25/76 [00:00<00:00, 869.78it/s, Materializing param=gpt_neox.layers.1.mlp.dense_h_to_4h.bias]  
Loading weights:  33%|###2      | 25/76 [00:00<00:00, 867.83it/s, Materializing param=gpt_neox.layers.1.mlp.dense_h_to_4h.bias]
Loading weights:  34%|###4      | 26/76 [00:00<00:00, 897.42it/s, Materializing param=gpt_neox.layers.1.mlp.dense_h_to_4h.weight]
Loading weights:  34%|###4      | 26/76 [00:00<00:00, 894.89it/s, Materializing param=gpt_neox.layers.1.mlp.dense_h_to_4h.weight]
Loading weights:  36%|###5      | 27/76 [00:00<00:00, 917.61it/s, Materializing param=gpt_neox.layers.1.post_attention_layernorm.bias]
Loading weights:  36%|###5      | 27/76 [00:00<00:00, 914.51it/s, Materializing param=gpt_neox.layers.1.post_attention_layernorm.bias]
Loading weights:  37%|###6      | 28/76 [00:00<00:00, 934.76it/s, Materializing param=gpt_neox.layers.1.post_attention_layernorm.weight]
Loading weights:  37%|###6      | 28/76 [00:00<00:00, 932.41it/s, Materializing param=gpt_neox.layers.1.post_attention_layernorm.weight]
Loading weights:  38%|###8      | 29/76 [00:00<00:00, 959.08it/s, Materializing param=gpt_neox.layers.2.attention.dense.bias]           
Loading weights:  38%|###8      | 29/76 [00:00<00:00, 956.88it/s, Materializing param=gpt_neox.layers.2.attention.dense.bias]
Loading weights:  39%|###9      | 30/76 [00:00<00:00, 984.76it/s, Materializing param=gpt_neox.layers.2.attention.dense.weight]
Loading weights:  39%|###9      | 30/76 [00:00<00:00, 982.74it/s, Materializing param=gpt_neox.layers.2.attention.dense.weight]
Loading weights:  41%|####      | 31/76 [00:00<00:00, 1011.45it/s, Materializing param=gpt_neox.layers.2.attention.query_key_value.bias]
Loading weights:  41%|####      | 31/76 [00:00<00:00, 1009.48it/s, Materializing param=gpt_neox.layers.2.attention.query_key_value.bias]
Loading weights:  42%|####2     | 32/76 [00:00<00:00, 1038.11it/s, Materializing param=gpt_neox.layers.2.attention.query_key_value.weight]
Loading weights:  42%|####2     | 32/76 [00:00<00:00, 1036.16it/s, Materializing param=gpt_neox.layers.2.attention.query_key_value.weight]
Loading weights:  43%|####3     | 33/76 [00:00<00:00, 1064.55it/s, Materializing param=gpt_neox.layers.2.input_layernorm.bias]            
Loading weights:  43%|####3     | 33/76 [00:00<00:00, 1062.62it/s, Materializing param=gpt_neox.layers.2.input_layernorm.bias]
Loading weights:  45%|####4     | 34/76 [00:00<00:00, 1091.06it/s, Materializing param=gpt_neox.layers.2.input_layernorm.weight]
Loading weights:  45%|####4     | 34/76 [00:00<00:00, 1089.14it/s, Materializing param=gpt_neox.layers.2.input_layernorm.weight]
Loading weights:  46%|####6     | 35/76 [00:00<00:00, 1117.23it/s, Materializing param=gpt_neox.layers.2.mlp.dense_4h_to_h.bias]
Loading weights:  46%|####6     | 35/76 [00:00<00:00, 1115.18it/s, Materializing param=gpt_neox.layers.2.mlp.dense_4h_to_h.bias]
Loading weights:  47%|####7     | 36/76 [00:00<00:00, 1142.88it/s, Materializing param=gpt_neox.layers.2.mlp.dense_4h_to_h.weight]
Loading weights:  47%|####7     | 36/76 [00:00<00:00, 1140.76it/s, Materializing param=gpt_neox.layers.2.mlp.dense_4h_to_h.weight]
Loading weights:  49%|####8     | 37/76 [00:00<00:00, 1164.89it/s, Materializing param=gpt_neox.layers.2.mlp.dense_h_to_4h.bias]  
Loading weights:  49%|####8     | 37/76 [00:00<00:00, 1159.66it/s, Materializing param=gpt_neox.layers.2.mlp.dense_h_to_4h.bias]
Loading weights:  50%|#####     | 38/76 [00:00<00:00, 1185.33it/s, Materializing param=gpt_neox.layers.2.mlp.dense_h_to_4h.weight]
Loading weights:  50%|#####     | 38/76 [00:00<00:00, 1162.87it/s, Materializing param=gpt_neox.layers.2.mlp.dense_h_to_4h.weight]
Loading weights:  51%|#####1    | 39/76 [00:00<00:00, 1183.86it/s, Materializing param=gpt_neox.layers.2.post_attention_layernorm.bias]
Loading weights:  51%|#####1    | 39/76 [00:00<00:00, 1181.16it/s, Materializing param=gpt_neox.layers.2.post_attention_layernorm.bias]
Loading weights:  53%|#####2    | 40/76 [00:00<00:00, 1206.41it/s, Materializing param=gpt_neox.layers.2.post_attention_layernorm.weight]
Loading weights:  53%|#####2    | 40/76 [00:00<00:00, 1204.13it/s, Materializing param=gpt_neox.layers.2.post_attention_layernorm.weight]
Loading weights:  54%|#####3    | 41/76 [00:00<00:00, 1229.54it/s, Materializing param=gpt_neox.layers.3.attention.dense.bias]           
Loading weights:  54%|#####3    | 41/76 [00:00<00:00, 1227.24it/s, Materializing param=gpt_neox.layers.3.attention.dense.bias]
Loading weights:  55%|#####5    | 42/76 [00:00<00:00, 1251.85it/s, Materializing param=gpt_neox.layers.3.attention.dense.weight]
Loading weights:  55%|#####5    | 42/76 [00:00<00:00, 1249.66it/s, Materializing param=gpt_neox.layers.3.attention.dense.weight]
Loading weights:  57%|#####6    | 43/76 [00:00<00:00, 1274.81it/s, Materializing param=gpt_neox.layers.3.attention.query_key_value.bias]
Loading weights:  57%|#####6    | 43/76 [00:00<00:00, 1270.49it/s, Materializing param=gpt_neox.layers.3.attention.query_key_value.bias]
Loading weights:  58%|#####7    | 44/76 [00:00<00:00, 1294.08it/s, Materializing param=gpt_neox.layers.3.attention.query_key_value.weight]
Loading weights:  58%|#####7    | 44/76 [00:00<00:00, 1276.20it/s, Materializing param=gpt_neox.layers.3.attention.query_key_value.weight]
Loading weights:  59%|#####9    | 45/76 [00:00<00:00, 1296.12it/s, Materializing param=gpt_neox.layers.3.input_layernorm.bias]            
Loading weights:  59%|#####9    | 45/76 [00:00<00:00, 1289.62it/s, Materializing param=gpt_neox.layers.3.input_layernorm.bias]
Loading weights:  61%|######    | 46/76 [00:00<00:00, 1311.18it/s, Materializing param=gpt_neox.layers.3.input_layernorm.weight]
Loading weights:  61%|######    | 46/76 [00:00<00:00, 1308.59it/s, Materializing param=gpt_neox.layers.3.input_layernorm.weight]
Loading weights:  62%|######1   | 47/76 [00:00<00:00, 1331.38it/s, Materializing param=gpt_neox.layers.3.mlp.dense_4h_to_h.bias]
Loading weights:  62%|######1   | 47/76 [00:00<00:00, 1326.62it/s, Materializing param=gpt_neox.layers.3.mlp.dense_4h_to_h.bias]
Loading weights:  63%|######3   | 48/76 [00:00<00:00, 1343.90it/s, Materializing param=gpt_neox.layers.3.mlp.dense_4h_to_h.weight]
Loading weights:  63%|######3   | 48/76 [00:00<00:00, 1341.16it/s, Materializing param=gpt_neox.layers.3.mlp.dense_4h_to_h.weight]
Loading weights:  64%|######4   | 49/76 [00:00<00:00, 1364.42it/s, Materializing param=gpt_neox.layers.3.mlp.dense_h_to_4h.bias]  
Loading weights:  64%|######4   | 49/76 [00:00<00:00, 1361.99it/s, Materializing param=gpt_neox.layers.3.mlp.dense_h_to_4h.bias]
Loading weights:  66%|######5   | 50/76 [00:00<00:00, 1382.87it/s, Materializing param=gpt_neox.layers.3.mlp.dense_h_to_4h.weight]
Loading weights:  66%|######5   | 50/76 [00:00<00:00, 1380.18it/s, Materializing param=gpt_neox.layers.3.mlp.dense_h_to_4h.weight]
Loading weights:  67%|######7   | 51/76 [00:00<00:00, 1403.40it/s, Materializing param=gpt_neox.layers.3.post_attention_layernorm.bias]
Loading weights:  67%|######7   | 51/76 [00:00<00:00, 1400.99it/s, Materializing param=gpt_neox.layers.3.post_attention_layernorm.bias]
Loading weights:  68%|######8   | 52/76 [00:00<00:00, 1423.68it/s, Materializing param=gpt_neox.layers.3.post_attention_layernorm.weight]
Loading weights:  68%|######8   | 52/76 [00:00<00:00, 1421.09it/s, Materializing param=gpt_neox.layers.3.post_attention_layernorm.weight]
Loading weights:  70%|######9   | 53/76 [00:00<00:00, 1443.79it/s, Materializing param=gpt_neox.layers.4.attention.dense.bias]           
Loading weights:  70%|######9   | 53/76 [00:00<00:00, 1441.08it/s, Materializing param=gpt_neox.layers.4.attention.dense.bias]
Loading weights:  71%|#######1  | 54/76 [00:00<00:00, 1463.82it/s, Materializing param=gpt_neox.layers.4.attention.dense.weight]
Loading weights:  71%|#######1  | 54/76 [00:00<00:00, 1461.50it/s, Materializing param=gpt_neox.layers.4.attention.dense.weight]
Loading weights:  72%|#######2  | 55/76 [00:00<00:00, 1484.38it/s, Materializing param=gpt_neox.layers.4.attention.query_key_value.bias]
Loading weights:  72%|#######2  | 55/76 [00:00<00:00, 1482.01it/s, Materializing param=gpt_neox.layers.4.attention.query_key_value.bias]
Loading weights:  74%|#######3  | 56/76 [00:00<00:00, 1504.76it/s, Materializing param=gpt_neox.layers.4.attention.query_key_value.weight]
Loading weights:  74%|#######3  | 56/76 [00:00<00:00, 1502.37it/s, Materializing param=gpt_neox.layers.4.attention.query_key_value.weight]
Loading weights:  75%|#######5  | 57/76 [00:00<00:00, 1524.93it/s, Materializing param=gpt_neox.layers.4.input_layernorm.bias]            
Loading weights:  75%|#######5  | 57/76 [00:00<00:00, 1522.57it/s, Materializing param=gpt_neox.layers.4.input_layernorm.bias]
Loading weights:  76%|#######6  | 58/76 [00:00<00:00, 1545.01it/s, Materializing param=gpt_neox.layers.4.input_layernorm.weight]
Loading weights:  76%|#######6  | 58/76 [00:00<00:00, 1542.61it/s, Materializing param=gpt_neox.layers.4.input_layernorm.weight]
Loading weights:  78%|#######7  | 59/76 [00:00<00:00, 1564.93it/s, Materializing param=gpt_neox.layers.4.mlp.dense_4h_to_h.bias]
Loading weights:  78%|#######7  | 59/76 [00:00<00:00, 1562.54it/s, Materializing param=gpt_neox.layers.4.mlp.dense_4h_to_h.bias]
Loading weights:  79%|#######8  | 60/76 [00:00<00:00, 1583.87it/s, Materializing param=gpt_neox.layers.4.mlp.dense_4h_to_h.weight]
Loading weights:  79%|#######8  | 60/76 [00:00<00:00, 1581.41it/s, Materializing param=gpt_neox.layers.4.mlp.dense_4h_to_h.weight]
Loading weights:  80%|########  | 61/76 [00:00<00:00, 1603.37it/s, Materializing param=gpt_neox.layers.4.mlp.dense_h_to_4h.bias]  
Loading weights:  80%|########  | 61/76 [00:00<00:00, 1600.91it/s, Materializing param=gpt_neox.layers.4.mlp.dense_h_to_4h.bias]
Loading weights:  82%|########1 | 62/76 [00:00<00:00, 1622.84it/s, Materializing param=gpt_neox.layers.4.mlp.dense_h_to_4h.weight]
Loading weights:  82%|########1 | 62/76 [00:00<00:00, 1620.30it/s, Materializing param=gpt_neox.layers.4.mlp.dense_h_to_4h.weight]
Loading weights:  83%|########2 | 63/76 [00:00<00:00, 1641.71it/s, Materializing param=gpt_neox.layers.4.post_attention_layernorm.bias]
Loading weights:  83%|########2 | 63/76 [00:00<00:00, 1639.19it/s, Materializing param=gpt_neox.layers.4.post_attention_layernorm.bias]
Loading weights:  84%|########4 | 64/76 [00:00<00:00, 1660.35it/s, Materializing param=gpt_neox.layers.4.post_attention_layernorm.weight]
Loading weights:  84%|########4 | 64/76 [00:00<00:00, 1657.94it/s, Materializing param=gpt_neox.layers.4.post_attention_layernorm.weight]
Loading weights:  86%|########5 | 65/76 [00:00<00:00, 1675.88it/s, Materializing param=gpt_neox.layers.5.attention.dense.bias]           
Loading weights:  86%|########5 | 65/76 [00:00<00:00, 1672.31it/s, Materializing param=gpt_neox.layers.5.attention.dense.bias]
Loading weights:  87%|########6 | 66/76 [00:00<00:00, 1691.89it/s, Materializing param=gpt_neox.layers.5.attention.dense.weight]
Loading weights:  87%|########6 | 66/76 [00:00<00:00, 1689.23it/s, Materializing param=gpt_neox.layers.5.attention.dense.weight]
Loading weights:  88%|########8 | 67/76 [00:00<00:00, 1709.48it/s, Materializing param=gpt_neox.layers.5.attention.query_key_value.bias]
Loading weights:  88%|########8 | 67/76 [00:00<00:00, 1706.81it/s, Materializing param=gpt_neox.layers.5.attention.query_key_value.bias]
Loading weights:  89%|########9 | 68/76 [00:00<00:00, 1726.73it/s, Materializing param=gpt_neox.layers.5.attention.query_key_value.weight]
Loading weights:  89%|########9 | 68/76 [00:00<00:00, 1724.15it/s, Materializing param=gpt_neox.layers.5.attention.query_key_value.weight]
Loading weights:  91%|######### | 69/76 [00:00<00:00, 1738.76it/s, Materializing param=gpt_neox.layers.5.input_layernorm.bias]            
Loading weights:  91%|######### | 69/76 [00:00<00:00, 1734.69it/s, Materializing param=gpt_neox.layers.5.input_layernorm.bias]
Loading weights:  92%|#########2| 70/76 [00:00<00:00, 1753.32it/s, Materializing param=gpt_neox.layers.5.input_layernorm.weight]
Loading weights:  92%|#########2| 70/76 [00:00<00:00, 1750.62it/s, Materializing param=gpt_neox.layers.5.input_layernorm.weight]
Loading weights:  93%|#########3| 71/76 [00:00<00:00, 1770.20it/s, Materializing param=gpt_neox.layers.5.mlp.dense_4h_to_h.bias]
Loading weights:  93%|#########3| 71/76 [00:00<00:00, 1767.32it/s, Materializing param=gpt_neox.layers.5.mlp.dense_4h_to_h.bias]
Loading weights:  95%|#########4| 72/76 [00:00<00:00, 1785.62it/s, Materializing param=gpt_neox.layers.5.mlp.dense_4h_to_h.weight]
Loading weights:  95%|#########4| 72/76 [00:00<00:00, 1782.93it/s, Materializing param=gpt_neox.layers.5.mlp.dense_4h_to_h.weight]
Loading weights:  96%|#########6| 73/76 [00:00<00:00, 1802.32it/s, Materializing param=gpt_neox.layers.5.mlp.dense_h_to_4h.bias]  
Loading weights:  96%|#########6| 73/76 [00:00<00:00, 1799.72it/s, Materializing param=gpt_neox.layers.5.mlp.dense_h_to_4h.bias]
Loading weights:  97%|#########7| 74/76 [00:00<00:00, 1819.33it/s, Materializing param=gpt_neox.layers.5.mlp.dense_h_to_4h.weight]
Loading weights:  97%|#########7| 74/76 [00:00<00:00, 1816.37it/s, Materializing param=gpt_neox.layers.5.mlp.dense_h_to_4h.weight]
Loading weights:  99%|#########8| 75/76 [00:00<00:00, 1835.64it/s, Materializing param=gpt_neox.layers.5.post_attention_layernorm.bias]
Loading weights:  99%|#########8| 75/76 [00:00<00:00, 1832.83it/s, Materializing param=gpt_neox.layers.5.post_attention_layernorm.bias]
Loading weights: 100%|##########| 76/76 [00:00<00:00, 1851.48it/s, Materializing param=gpt_neox.layers.5.post_attention_layernorm.weight]
Loading weights: 100%|##########| 76/76 [00:00<00:00, 1848.59it/s, Materializing param=gpt_neox.layers.5.post_attention_layernorm.weight]
Loading weights: 100%|##########| 76/76 [00:00<00:00, 1840.58it/s, Materializing param=gpt_neox.layers.5.post_attention_layernorm.weight]
[2026-04-23T01:29:24.238444] END self_prediction_transfer_v3_template_instruction OK

[2026-04-23T01:29:24.258186] START self_prediction_transfer_v3_template_chat: C:/Users/joshj/miniconda3/python.exe C:\Users\joshj\joseph-stroud-identity-stability-research\scripts\self_prediction_transfer_v3.py --config C:\Users\joshj\joseph-stroud-identity-stability-research\configs\identity_battery\self_prediction_transfer_v3_template_chat_smoke.yaml

Loading weights:   0%|          | 0/76 [00:00<?, ?it/s]
Loading weights:   1%|1         | 1/76 [00:00<00:00, 10485.76it/s, Materializing param=embed_out.weight]
Loading weights:   1%|1         | 1/76 [00:00<00:00, 2431.48it/s, Materializing param=embed_out.weight] 
Loading weights:   3%|2         | 2/76 [00:00<00:00, 3327.49it/s, Materializing param=gpt_neox.embed_in.weight]
Loading weights:   3%|2         | 2/76 [00:00<00:00, 2589.08it/s, Materializing param=gpt_neox.embed_in.weight]
Loading weights:   4%|3         | 3/76 [00:00<00:00, 3136.32it/s, Materializing param=gpt_neox.final_layer_norm.bias]
Loading weights:   4%|3         | 3/76 [00:00<00:00, 2922.18it/s, Materializing param=gpt_neox.final_layer_norm.bias]
Loading weights:   5%|5         | 4/76 [00:00<00:00, 3234.47it/s, Materializing param=gpt_neox.final_layer_norm.weight]
Loading weights:   5%|5         | 4/76 [00:00<00:00, 3014.77it/s, Materializing param=gpt_neox.final_layer_norm.weight]
Loading weights:   7%|6         | 5/76 [00:00<00:00, 3416.67it/s, Materializing param=gpt_neox.layers.0.attention.dense.bias]
Loading weights:   7%|6         | 5/76 [00:00<00:00, 3264.56it/s, Materializing param=gpt_neox.layers.0.attention.dense.bias]
Loading weights:   8%|7         | 6/76 [00:00<00:00, 3557.01it/s, Materializing param=gpt_neox.layers.0.attention.dense.weight]
Loading weights:   8%|7         | 6/76 [00:00<00:00, 3418.81it/s, Materializing param=gpt_neox.layers.0.attention.dense.weight]
Loading weights:   9%|9         | 7/76 [00:00<00:00, 3719.77it/s, Materializing param=gpt_neox.layers.0.attention.query_key_value.bias]
Loading weights:   9%|9         | 7/76 [00:00<00:00, 3436.34it/s, Materializing param=gpt_neox.layers.0.attention.query_key_value.bias]
Loading weights:  11%|#         | 8/76 [00:00<00:00, 1824.80it/s, Materializing param=gpt_neox.layers.0.attention.query_key_value.weight]
Loading weights:  11%|#         | 8/76 [00:00<00:00, 1758.80it/s, Materializing param=gpt_neox.layers.0.attention.query_key_value.weight]
Loading weights:  12%|#1        | 9/76 [00:00<00:00, 1870.23it/s, Materializing param=gpt_neox.layers.0.input_layernorm.bias]            
Loading weights:  12%|#1        | 9/76 [00:00<00:00, 1805.12it/s, Materializing param=gpt_neox.layers.0.input_layernorm.bias]
Loading weights:  13%|#3        | 10/76 [00:00<00:00, 1913.55it/s, Materializing param=gpt_neox.layers.0.input_layernorm.weight]
Loading weights:  13%|#3        | 10/76 [00:00<00:00, 1883.39it/s, Materializing param=gpt_neox.layers.0.input_layernorm.weight]
Loading weights:  14%|#4        | 11/76 [00:00<00:00, 1988.08it/s, Materializing param=gpt_neox.layers.0.mlp.dense_4h_to_h.bias]
Loading weights:  14%|#4        | 11/76 [00:00<00:00, 1962.87it/s, Materializing param=gpt_neox.layers.0.mlp.dense_4h_to_h.bias]
Loading weights:  16%|#5        | 12/76 [00:00<00:00, 2082.57it/s, Materializing param=gpt_neox.layers.0.mlp.dense_4h_to_h.weight]
Loading weights:  16%|#5        | 12/76 [00:00<00:00, 2059.65it/s, Materializing param=gpt_neox.layers.0.mlp.dense_4h_to_h.weight]
Loading weights:  17%|#7        | 13/76 [00:00<00:00, 2172.87it/s, Materializing param=gpt_neox.layers.0.mlp.dense_h_to_4h.bias]  
Loading weights:  17%|#7        | 13/76 [00:00<00:00, 2095.30it/s, Materializing param=gpt_neox.layers.0.mlp.dense_h_to_4h.bias]
Loading weights:  18%|#8        | 14/76 [00:00<00:00, 2194.66it/s, Materializing param=gpt_neox.layers.0.mlp.dense_h_to_4h.weight]
Loading weights:  18%|#8        | 14/76 [00:00<00:00, 2171.93it/s, Materializing param=gpt_neox.layers.0.mlp.dense_h_to_4h.weight]
Loading weights:  20%|#9        | 15/76 [00:00<00:00, 1603.08it/s, Materializing param=gpt_neox.layers.0.post_attention_layernorm.bias]
Loading weights:  20%|#9        | 15/76 [00:00<00:00, 1563.17it/s, Materializing param=gpt_neox.layers.0.post_attention_layernorm.bias]
Loading weights:  21%|##1       | 16/76 [00:00<00:00, 1624.40it/s, Materializing param=gpt_neox.layers.0.post_attention_layernorm.weight]
Loading weights:  21%|##1       | 16/76 [00:00<00:00, 1610.14it/s, Materializing param=gpt_neox.layers.0.post_attention_layernorm.weight]
Loading weights:  22%|##2       | 17/76 [00:00<00:00, 1632.21it/s, Materializing param=gpt_neox.layers.1.attention.dense.bias]           
Loading weights:  22%|##2       | 17/76 [00:00<00:00, 1614.62it/s, Materializing param=gpt_neox.layers.1.attention.dense.bias]
Loading weights:  24%|##3       | 18/76 [00:00<00:00, 1688.45it/s, Materializing param=gpt_neox.layers.1.attention.dense.weight]
Loading weights:  24%|##3       | 18/76 [00:00<00:00, 1676.19it/s, Materializing param=gpt_neox.layers.1.attention.dense.weight]
Loading weights:  25%|##5       | 19/76 [00:00<00:00, 1743.46it/s, Materializing param=gpt_neox.layers.1.attention.query_key_value.bias]
Loading weights:  25%|##5       | 19/76 [00:00<00:00, 1732.66it/s, Materializing param=gpt_neox.layers.1.attention.query_key_value.bias]
Loading weights:  26%|##6       | 20/76 [00:00<00:00, 1803.30it/s, Materializing param=gpt_neox.layers.1.attention.query_key_value.weight]
Loading weights:  26%|##6       | 20/76 [00:00<00:00, 1793.43it/s, Materializing param=gpt_neox.layers.1.attention.query_key_value.weight]
Loading weights:  28%|##7       | 21/76 [00:00<00:00, 1863.86it/s, Materializing param=gpt_neox.layers.1.input_layernorm.bias]            
Loading weights:  28%|##7       | 21/76 [00:00<00:00, 1848.06it/s, Materializing param=gpt_neox.layers.1.input_layernorm.bias]
Loading weights:  29%|##8       | 22/76 [00:00<00:00, 1912.51it/s, Materializing param=gpt_neox.layers.1.input_layernorm.weight]
Loading weights:  29%|##8       | 22/76 [00:00<00:00, 1878.06it/s, Materializing param=gpt_neox.layers.1.input_layernorm.weight]
Loading weights:  30%|###       | 23/76 [00:00<00:00, 1936.23it/s, Materializing param=gpt_neox.layers.1.mlp.dense_4h_to_h.bias]
Loading weights:  30%|###       | 23/76 [00:00<00:00, 1925.45it/s, Materializing param=gpt_neox.layers.1.mlp.dense_4h_to_h.bias]
Loading weights:  32%|###1      | 24/76 [00:00<00:00, 1986.76it/s, Materializing param=gpt_neox.layers.1.mlp.dense_4h_to_h.weight]
Loading weights:  32%|###1      | 24/76 [00:00<00:00, 1891.60it/s, Materializing param=gpt_neox.layers.1.mlp.dense_4h_to_h.weight]
Loading weights:  33%|###2      | 25/76 [00:00<00:00, 1876.41it/s, Materializing param=gpt_neox.layers.1.mlp.dense_h_to_4h.bias]  
Loading weights:  33%|###2      | 25/76 [00:00<00:00, 1862.12it/s, Materializing param=gpt_neox.layers.1.mlp.dense_h_to_4h.bias]
Loading weights:  34%|###4      | 26/76 [00:00<00:00, 1898.50it/s, Materializing param=gpt_neox.layers.1.mlp.dense_h_to_4h.weight]
Loading weights:  34%|###4      | 26/76 [00:00<00:00, 1883.81it/s, Materializing param=gpt_neox.layers.1.mlp.dense_h_to_4h.weight]
Loading weights:  36%|###5      | 27/76 [00:00<00:00, 1932.56it/s, Materializing param=gpt_neox.layers.1.post_attention_layernorm.bias]
Loading weights:  36%|###5      | 27/76 [00:00<00:00, 1858.38it/s, Materializing param=gpt_neox.layers.1.post_attention_layernorm.bias]
Loading weights:  37%|###6      | 28/76 [00:00<00:00, 1901.32it/s, Materializing param=gpt_neox.layers.1.post_attention_layernorm.weight]
Loading weights:  37%|###6      | 28/76 [00:00<00:00, 1883.54it/s, Materializing param=gpt_neox.layers.1.post_attention_layernorm.weight]
Loading weights:  38%|###8      | 29/76 [00:00<00:00, 1907.52it/s, Materializing param=gpt_neox.layers.2.attention.dense.bias]           
Loading weights:  38%|###8      | 29/76 [00:00<00:00, 1894.42it/s, Materializing param=gpt_neox.layers.2.attention.dense.bias]
Loading weights:  39%|###9      | 30/76 [00:00<00:00, 1938.64it/s, Materializing param=gpt_neox.layers.2.attention.dense.weight]
Loading weights:  39%|###9      | 30/76 [00:00<00:00, 1926.76it/s, Materializing param=gpt_neox.layers.2.attention.dense.weight]
Loading weights:  41%|####      | 31/76 [00:00<00:00, 1956.21it/s, Materializing param=gpt_neox.layers.2.attention.query_key_value.bias]
Loading weights:  41%|####      | 31/76 [00:00<00:00, 1938.59it/s, Materializing param=gpt_neox.layers.2.attention.query_key_value.bias]
Loading weights:  42%|####2     | 32/76 [00:00<00:00, 1982.80it/s, Materializing param=gpt_neox.layers.2.attention.query_key_value.weight]
Loading weights:  42%|####2     | 32/76 [00:00<00:00, 1959.50it/s, Materializing param=gpt_neox.layers.2.attention.query_key_value.weight]
Loading weights:  43%|####3     | 33/76 [00:00<00:00, 2003.18it/s, Materializing param=gpt_neox.layers.2.input_layernorm.bias]            
Loading weights:  43%|####3     | 33/76 [00:00<00:00, 1995.36it/s, Materializing param=gpt_neox.layers.2.input_layernorm.bias]
Loading weights:  45%|####4     | 34/76 [00:00<00:00, 2033.20it/s, Materializing param=gpt_neox.layers.2.input_layernorm.weight]
Loading weights:  45%|####4     | 34/76 [00:00<00:00, 2022.61it/s, Materializing param=gpt_neox.layers.2.input_layernorm.weight]
Loading weights:  46%|####6     | 35/76 [00:00<00:00, 2052.87it/s, Materializing param=gpt_neox.layers.2.mlp.dense_4h_to_h.bias]
Loading weights:  46%|####6     | 35/76 [00:00<00:00, 2042.30it/s, Materializing param=gpt_neox.layers.2.mlp.dense_4h_to_h.bias]
Loading weights:  47%|####7     | 36/76 [00:00<00:00, 2076.62it/s, Materializing param=gpt_neox.layers.2.mlp.dense_4h_to_h.weight]
Loading weights:  47%|####7     | 36/76 [00:00<00:00, 2068.82it/s, Materializing param=gpt_neox.layers.2.mlp.dense_4h_to_h.weight]
Loading weights:  49%|####8     | 37/76 [00:00<00:00, 2111.39it/s, Materializing param=gpt_neox.layers.2.mlp.dense_h_to_4h.bias]  
Loading weights:  49%|####8     | 37/76 [00:00<00:00, 2103.83it/s, Materializing param=gpt_neox.layers.2.mlp.dense_h_to_4h.bias]
Loading weights:  50%|#####     | 38/76 [00:00<00:00, 2146.81it/s, Materializing param=gpt_neox.layers.2.mlp.dense_h_to_4h.weight]
Loading weights:  50%|#####     | 38/76 [00:00<00:00, 2140.09it/s, Materializing param=gpt_neox.layers.2.mlp.dense_h_to_4h.weight]
Loading weights:  51%|#####1    | 39/76 [00:00<00:00, 2183.19it/s, Materializing param=gpt_neox.layers.2.post_attention_layernorm.bias]
Loading weights:  51%|#####1    | 39/76 [00:00<00:00, 2173.33it/s, Materializing param=gpt_neox.layers.2.post_attention_layernorm.bias]
Loading weights:  53%|#####2    | 40/76 [00:00<00:00, 2198.45it/s, Materializing param=gpt_neox.layers.2.post_attention_layernorm.weight]
Loading weights:  53%|#####2    | 40/76 [00:00<00:00, 2165.11it/s, Materializing param=gpt_neox.layers.2.post_attention_layernorm.weight]
Loading weights:  54%|#####3    | 41/76 [00:00<00:00, 2201.26it/s, Materializing param=gpt_neox.layers.3.attention.dense.bias]           
Loading weights:  54%|#####3    | 41/76 [00:00<00:00, 2185.31it/s, Materializing param=gpt_neox.layers.3.attention.dense.bias]
Loading weights:  55%|#####5    | 42/76 [00:00<00:00, 2220.66it/s, Materializing param=gpt_neox.layers.3.attention.dense.weight]
Loading weights:  55%|#####5    | 42/76 [00:00<00:00, 2213.13it/s, Materializing param=gpt_neox.layers.3.attention.dense.weight]
Loading weights:  57%|#####6    | 43/76 [00:00<00:00, 2250.70it/s, Materializing param=gpt_neox.layers.3.attention.query_key_value.bias]
Loading weights:  57%|#####6    | 43/76 [00:00<00:00, 2239.91it/s, Materializing param=gpt_neox.layers.3.attention.query_key_value.bias]
Loading weights:  58%|#####7    | 44/76 [00:00<00:00, 2268.86it/s, Materializing param=gpt_neox.layers.3.attention.query_key_value.weight]
Loading weights:  58%|#####7    | 44/76 [00:00<00:00, 2260.44it/s, Materializing param=gpt_neox.layers.3.attention.query_key_value.weight]
Loading weights:  59%|#####9    | 45/76 [00:00<00:00, 2293.75it/s, Materializing param=gpt_neox.layers.3.input_layernorm.bias]            
Loading weights:  59%|#####9    | 45/76 [00:00<00:00, 2286.33it/s, Materializing param=gpt_neox.layers.3.input_layernorm.bias]
Loading weights:  61%|######    | 46/76 [00:00<00:00, 2322.48it/s, Materializing param=gpt_neox.layers.3.input_layernorm.weight]
Loading weights:  61%|######    | 46/76 [00:00<00:00, 2314.60it/s, Materializing param=gpt_neox.layers.3.input_layernorm.weight]
Loading weights:  62%|######1   | 47/76 [00:00<00:00, 2351.60it/s, Materializing param=gpt_neox.layers.3.mlp.dense_4h_to_h.bias]
Loading weights:  62%|######1   | 47/76 [00:00<00:00, 2344.52it/s, Materializing param=gpt_neox.layers.3.mlp.dense_4h_to_h.bias]
Loading weights:  63%|######3   | 48/76 [00:00<00:00, 2379.44it/s, Materializing param=gpt_neox.layers.3.mlp.dense_4h_to_h.weight]
Loading weights:  63%|######3   | 48/76 [00:00<00:00, 2372.20it/s, Materializing param=gpt_neox.layers.3.mlp.dense_4h_to_h.weight]
Loading weights:  64%|######4   | 49/76 [00:00<00:00, 2407.58it/s, Materializing param=gpt_neox.layers.3.mlp.dense_h_to_4h.bias]  
Loading weights:  64%|######4   | 49/76 [00:00<00:00, 2400.30it/s, Materializing param=gpt_neox.layers.3.mlp.dense_h_to_4h.bias]
Loading weights:  66%|######5   | 50/76 [00:00<00:00, 2436.17it/s, Materializing param=gpt_neox.layers.3.mlp.dense_h_to_4h.weight]
Loading weights:  66%|######5   | 50/76 [00:00<00:00, 2428.21it/s, Materializing param=gpt_neox.layers.3.mlp.dense_h_to_4h.weight]
Loading weights:  67%|######7   | 51/76 [00:00<00:00, 2463.26it/s, Materializing param=gpt_neox.layers.3.post_attention_layernorm.bias]
Loading weights:  67%|######7   | 51/76 [00:00<00:00, 2456.50it/s, Materializing param=gpt_neox.layers.3.post_attention_layernorm.bias]
Loading weights:  68%|######8   | 52/76 [00:00<00:00, 2490.54it/s, Materializing param=gpt_neox.layers.3.post_attention_layernorm.weight]
Loading weights:  68%|######8   | 52/76 [00:00<00:00, 2481.24it/s, Materializing param=gpt_neox.layers.3.post_attention_layernorm.weight]
Loading weights:  70%|######9   | 53/76 [00:00<00:00, 2505.64it/s, Materializing param=gpt_neox.layers.4.attention.dense.bias]           
Loading weights:  70%|######9   | 53/76 [00:00<00:00, 2498.46it/s, Materializing param=gpt_neox.layers.4.attention.dense.bias]
Loading weights:  71%|#######1  | 54/76 [00:00<00:00, 2294.92it/s, Materializing param=gpt_neox.layers.4.attention.dense.weight]
Loading weights:  71%|#######1  | 54/76 [00:00<00:00, 2277.04it/s, Materializing param=gpt_neox.layers.4.attention.dense.weight]
Loading weights:  72%|#######2  | 55/76 [00:00<00:00, 2292.65it/s, Materializing param=gpt_neox.layers.4.attention.query_key_value.bias]
Loading weights:  72%|#######2  | 55/76 [00:00<00:00, 2282.38it/s, Materializing param=gpt_neox.layers.4.attention.query_key_value.bias]
Loading weights:  74%|#######3  | 56/76 [00:00<00:00, 2300.93it/s, Materializing param=gpt_neox.layers.4.attention.query_key_value.weight]
Loading weights:  74%|#######3  | 56/76 [00:00<00:00, 2278.01it/s, Materializing param=gpt_neox.layers.4.attention.query_key_value.weight]
Loading weights:  75%|#######5  | 57/76 [00:00<00:00, 2292.78it/s, Materializing param=gpt_neox.layers.4.input_layernorm.bias]            
Loading weights:  75%|#######5  | 57/76 [00:00<00:00, 2285.79it/s, Materializing param=gpt_neox.layers.4.input_layernorm.bias]
Loading weights:  76%|#######6  | 58/76 [00:00<00:00, 2308.98it/s, Materializing param=gpt_neox.layers.4.input_layernorm.weight]
Loading weights:  76%|#######6  | 58/76 [00:00<00:00, 2299.01it/s, Materializing param=gpt_neox.layers.4.input_layernorm.weight]
Loading weights:  78%|#######7  | 59/76 [00:00<00:00, 2324.54it/s, Materializing param=gpt_neox.layers.4.mlp.dense_4h_to_h.bias]
Loading weights:  78%|#######7  | 59/76 [00:00<00:00, 2316.97it/s, Materializing param=gpt_neox.layers.4.mlp.dense_4h_to_h.bias]
Loading weights:  79%|#######8  | 60/76 [00:00<00:00, 2343.51it/s, Materializing param=gpt_neox.layers.4.mlp.dense_4h_to_h.weight]
Loading weights:  79%|#######8  | 60/76 [00:00<00:00, 2337.81it/s, Materializing param=gpt_neox.layers.4.mlp.dense_4h_to_h.weight]
Loading weights:  80%|########  | 61/76 [00:00<00:00, 2356.50it/s, Materializing param=gpt_neox.layers.4.mlp.dense_h_to_4h.bias]  
Loading weights:  80%|########  | 61/76 [00:00<00:00, 2348.24it/s, Materializing param=gpt_neox.layers.4.mlp.dense_h_to_4h.bias]
Loading weights:  82%|########1 | 62/76 [00:00<00:00, 2363.59it/s, Materializing param=gpt_neox.layers.4.mlp.dense_h_to_4h.weight]
Loading weights:  82%|########1 | 62/76 [00:00<00:00, 2357.44it/s, Materializing param=gpt_neox.layers.4.mlp.dense_h_to_4h.weight]
Loading weights:  83%|########2 | 63/76 [00:00<00:00, 2362.61it/s, Materializing param=gpt_neox.layers.4.post_attention_layernorm.bias]
Loading weights:  83%|########2 | 63/76 [00:00<00:00, 2350.61it/s, Materializing param=gpt_neox.layers.4.post_attention_layernorm.bias]
Loading weights:  84%|########4 | 64/76 [00:00<00:00, 2346.89it/s, Materializing param=gpt_neox.layers.4.post_attention_layernorm.weight]
Loading weights:  84%|########4 | 64/76 [00:00<00:00, 2337.29it/s, Materializing param=gpt_neox.layers.4.post_attention_layernorm.weight]
Loading weights:  86%|########5 | 65/76 [00:00<00:00, 2355.33it/s, Materializing param=gpt_neox.layers.5.attention.dense.bias]           
Loading weights:  86%|########5 | 65/76 [00:00<00:00, 2348.33it/s, Materializing param=gpt_neox.layers.5.attention.dense.bias]
Loading weights:  87%|########6 | 66/76 [00:00<00:00, 2369.95it/s, Materializing param=gpt_neox.layers.5.attention.dense.weight]
Loading weights:  87%|########6 | 66/76 [00:00<00:00, 2364.28it/s, Materializing param=gpt_neox.layers.5.attention.dense.weight]
Loading weights:  88%|########8 | 67/76 [00:00<00:00, 2387.91it/s, Materializing param=gpt_neox.layers.5.attention.query_key_value.bias]
Loading weights:  88%|########8 | 67/76 [00:00<00:00, 2382.64it/s, Materializing param=gpt_neox.layers.5.attention.query_key_value.bias]
Loading weights:  89%|########9 | 68/76 [00:00<00:00, 2228.89it/s, Materializing param=gpt_neox.layers.5.attention.query_key_value.weight]
Loading weights:  89%|########9 | 68/76 [00:00<00:00, 2218.03it/s, Materializing param=gpt_neox.layers.5.attention.query_key_value.weight]
Loading weights:  91%|######### | 69/76 [00:00<00:00, 2117.82it/s, Materializing param=gpt_neox.layers.5.input_layernorm.bias]            
Loading weights:  91%|######### | 69/76 [00:00<00:00, 2107.49it/s, Materializing param=gpt_neox.layers.5.input_layernorm.bias]
Loading weights:  92%|#########2| 70/76 [00:00<00:00, 2120.97it/s, Materializing param=gpt_neox.layers.5.input_layernorm.weight]
Loading weights:  92%|#########2| 70/76 [00:00<00:00, 2112.98it/s, Materializing param=gpt_neox.layers.5.input_layernorm.weight]
Loading weights:  93%|#########3| 71/76 [00:00<00:00, 2134.55it/s, Materializing param=gpt_neox.layers.5.mlp.dense_4h_to_h.bias]
Loading weights:  93%|#########3| 71/76 [00:00<00:00, 2130.64it/s, Materializing param=gpt_neox.layers.5.mlp.dense_4h_to_h.bias]
Loading weights:  95%|#########4| 72/76 [00:00<00:00, 2153.06it/s, Materializing param=gpt_neox.layers.5.mlp.dense_4h_to_h.weight]
Loading weights:  95%|#########4| 72/76 [00:00<00:00, 2147.35it/s, Materializing param=gpt_neox.layers.5.mlp.dense_4h_to_h.weight]
Loading weights:  96%|#########6| 73/76 [00:00<00:00, 2170.06it/s, Materializing param=gpt_neox.layers.5.mlp.dense_h_to_4h.bias]  
Loading weights:  96%|#########6| 73/76 [00:00<00:00, 2166.17it/s, Materializing param=gpt_neox.layers.5.mlp.dense_h_to_4h.bias]
Loading weights:  97%|#########7| 74/76 [00:00<00:00, 2188.92it/s, Materializing param=gpt_neox.layers.5.mlp.dense_h_to_4h.weight]
Loading weights:  97%|#########7| 74/76 [00:00<00:00, 2185.10it/s, Materializing param=gpt_neox.layers.5.mlp.dense_h_to_4h.weight]
Loading weights:  99%|#########8| 75/76 [00:00<00:00, 2207.44it/s, Materializing param=gpt_neox.layers.5.post_attention_layernorm.bias]
Loading weights:  99%|#########8| 75/76 [00:00<00:00, 2203.59it/s, Materializing param=gpt_neox.layers.5.post_attention_layernorm.bias]
Loading weights: 100%|##########| 76/76 [00:00<00:00, 2225.08it/s, Materializing param=gpt_neox.layers.5.post_attention_layernorm.weight]
Loading weights: 100%|##########| 76/76 [00:00<00:00, 2220.75it/s, Materializing param=gpt_neox.layers.5.post_attention_layernorm.weight]
Loading weights: 100%|##########| 76/76 [00:00<00:00, 2210.57it/s, Materializing param=gpt_neox.layers.5.post_attention_layernorm.weight]
[2026-04-23T01:30:08.645318] END self_prediction_transfer_v3_template_chat OK

[2026-04-23T01:30:08.649961] START self_prediction_transfer_v3_template_plain: C:/Users/joshj/miniconda3/python.exe C:\Users\joshj\joseph-stroud-identity-stability-research\scripts\self_prediction_transfer_v3.py --config C:\Users\joshj\joseph-stroud-identity-stability-research\configs\identity_battery\self_prediction_transfer_v3_template_plain_smoke.yaml

Loading weights:   0%|          | 0/76 [00:00<?, ?it/s]
Loading weights:   1%|1         | 1/76 [00:00<00:00, 11037.64it/s, Materializing param=embed_out.weight]
Loading weights:   1%|1         | 1/76 [00:00<00:00, 5370.43it/s, Materializing param=embed_out.weight] 
Loading weights:   3%|2         | 2/76 [00:00<00:00, 4382.76it/s, Materializing param=gpt_neox.embed_in.weight]
Loading weights:   3%|2         | 2/76 [00:00<00:00, 3768.47it/s, Materializing param=gpt_neox.embed_in.weight]
Loading weights:   4%|3         | 3/76 [00:00<00:00, 4373.62it/s, Materializing param=gpt_neox.final_layer_norm.bias]
Loading weights:   4%|3         | 3/76 [00:00<00:00, 3990.77it/s, Materializing param=gpt_neox.final_layer_norm.bias]
Loading weights:   5%|5         | 4/76 [00:00<00:00, 4591.47it/s, Materializing param=gpt_neox.final_layer_norm.weight]
Loading weights:   5%|5         | 4/76 [00:00<00:00, 4294.14it/s, Materializing param=gpt_neox.final_layer_norm.weight]
Loading weights:   7%|6         | 5/76 [00:00<00:00, 4731.84it/s, Materializing param=gpt_neox.layers.0.attention.dense.bias]
Loading weights:   7%|6         | 5/76 [00:00<00:00, 4453.50it/s, Materializing param=gpt_neox.layers.0.attention.dense.bias]
Loading weights:   8%|7         | 6/76 [00:00<00:00, 4726.86it/s, Materializing param=gpt_neox.layers.0.attention.dense.weight]
Loading weights:   8%|7         | 6/76 [00:00<00:00, 4489.89it/s, Materializing param=gpt_neox.layers.0.attention.dense.weight]
Loading weights:   9%|9         | 7/76 [00:00<00:00, 4750.83it/s, Materializing param=gpt_neox.layers.0.attention.query_key_value.bias]
Loading weights:   9%|9         | 7/76 [00:00<00:00, 4546.32it/s, Materializing param=gpt_neox.layers.0.attention.query_key_value.bias]
Loading weights:  11%|#         | 8/76 [00:00<00:00, 4779.15it/s, Materializing param=gpt_neox.layers.0.attention.query_key_value.weight]
Loading weights:  11%|#         | 8/76 [00:00<00:00, 4567.71it/s, Materializing param=gpt_neox.layers.0.attention.query_key_value.weight]
Loading weights:  12%|#1        | 9/76 [00:00<00:00, 685.53it/s, Materializing param=gpt_neox.layers.0.input_layernorm.bias]             
Loading weights:  12%|#1        | 9/76 [00:00<00:00, 674.90it/s, Materializing param=gpt_neox.layers.0.input_layernorm.bias]
Loading weights:  13%|#3        | 10/76 [00:00<00:00, 737.73it/s, Materializing param=gpt_neox.layers.0.input_layernorm.weight]
Loading weights:  13%|#3        | 10/76 [00:00<00:00, 733.35it/s, Materializing param=gpt_neox.layers.0.input_layernorm.weight]
Loading weights:  14%|#4        | 11/76 [00:00<00:00, 796.82it/s, Materializing param=gpt_neox.layers.0.mlp.dense_4h_to_h.bias]
Loading weights:  14%|#4        | 11/76 [00:00<00:00, 793.02it/s, Materializing param=gpt_neox.layers.0.mlp.dense_4h_to_h.bias]
Loading weights:  16%|#5        | 12/76 [00:00<00:00, 857.16it/s, Materializing param=gpt_neox.layers.0.mlp.dense_4h_to_h.weight]
Loading weights:  16%|#5        | 12/76 [00:00<00:00, 853.60it/s, Materializing param=gpt_neox.layers.0.mlp.dense_4h_to_h.weight]
Loading weights:  17%|#7        | 13/76 [00:00<00:00, 916.83it/s, Materializing param=gpt_neox.layers.0.mlp.dense_h_to_4h.bias]  
Loading weights:  17%|#7        | 13/76 [00:00<00:00, 912.98it/s, Materializing param=gpt_neox.layers.0.mlp.dense_h_to_4h.bias]
Loading weights:  18%|#8        | 14/76 [00:00<00:00, 973.69it/s, Materializing param=gpt_neox.layers.0.mlp.dense_h_to_4h.weight]
Loading weights:  18%|#8        | 14/76 [00:00<00:00, 969.11it/s, Materializing param=gpt_neox.layers.0.mlp.dense_h_to_4h.weight]
Loading weights:  20%|#9        | 15/76 [00:00<00:00, 987.58it/s, Materializing param=gpt_neox.layers.0.post_attention_layernorm.bias]
Loading weights:  20%|#9        | 15/76 [00:00<00:00, 974.17it/s, Materializing param=gpt_neox.layers.0.post_attention_layernorm.bias]
Loading weights:  21%|##1       | 16/76 [00:00<00:00, 1025.55it/s, Materializing param=gpt_neox.layers.0.post_attention_layernorm.weight]
Loading weights:  21%|##1       | 16/76 [00:00<00:00, 1016.71it/s, Materializing param=gpt_neox.layers.0.post_attention_layernorm.weight]
Loading weights:  22%|##2       | 17/76 [00:00<00:00, 1068.34it/s, Materializing param=gpt_neox.layers.1.attention.dense.bias]           
Loading weights:  22%|##2       | 17/76 [00:00<00:00, 1059.75it/s, Materializing param=gpt_neox.layers.1.attention.dense.bias]
Loading weights:  24%|##3       | 18/76 [00:00<00:00, 1097.33it/s, Materializing param=gpt_neox.layers.1.attention.dense.weight]
Loading weights:  24%|##3       | 18/76 [00:00<00:00, 1090.96it/s, Materializing param=gpt_neox.layers.1.attention.dense.weight]
Loading weights:  25%|##5       | 19/76 [00:00<00:00, 1140.57it/s, Materializing param=gpt_neox.layers.1.attention.query_key_value.bias]
Loading weights:  25%|##5       | 19/76 [00:00<00:00, 1135.87it/s, Materializing param=gpt_neox.layers.1.attention.query_key_value.bias]
Loading weights:  26%|##6       | 20/76 [00:00<00:00, 1183.26it/s, Materializing param=gpt_neox.layers.1.attention.query_key_value.weight]
Loading weights:  26%|##6       | 20/76 [00:00<00:00, 1168.70it/s, Materializing param=gpt_neox.layers.1.attention.query_key_value.weight]
Loading weights:  28%|##7       | 21/76 [00:00<00:00, 1213.75it/s, Materializing param=gpt_neox.layers.1.input_layernorm.bias]            
Loading weights:  28%|##7       | 21/76 [00:00<00:00, 1207.82it/s, Materializing param=gpt_neox.layers.1.input_layernorm.bias]
Loading weights:  29%|##8       | 22/76 [00:00<00:00, 1252.98it/s, Materializing param=gpt_neox.layers.1.input_layernorm.weight]
Loading weights:  29%|##8       | 22/76 [00:00<00:00, 1242.91it/s, Materializing param=gpt_neox.layers.1.input_layernorm.weight]
Loading weights:  30%|###       | 23/76 [00:00<00:00, 1287.09it/s, Materializing param=gpt_neox.layers.1.mlp.dense_4h_to_h.bias]
Loading weights:  30%|###       | 23/76 [00:00<00:00, 1281.21it/s, Materializing param=gpt_neox.layers.1.mlp.dense_4h_to_h.bias]
Loading weights:  32%|###1      | 24/76 [00:00<00:00, 1317.19it/s, Materializing param=gpt_neox.layers.1.mlp.dense_4h_to_h.weight]
Loading weights:  32%|###1      | 24/76 [00:00<00:00, 1310.67it/s, Materializing param=gpt_neox.layers.1.mlp.dense_4h_to_h.weight]
Loading weights:  33%|###2      | 25/76 [00:00<00:00, 1343.33it/s, Materializing param=gpt_neox.layers.1.mlp.dense_h_to_4h.bias]  
Loading weights:  33%|###2      | 25/76 [00:00<00:00, 1335.34it/s, Materializing param=gpt_neox.layers.1.mlp.dense_h_to_4h.bias]
Loading weights:  34%|###4      | 26/76 [00:00<00:00, 1377.79it/s, Materializing param=gpt_neox.layers.1.mlp.dense_h_to_4h.weight]
Loading weights:  34%|###4      | 26/76 [00:00<00:00, 1372.14it/s, Materializing param=gpt_neox.layers.1.mlp.dense_h_to_4h.weight]
Loading weights:  36%|###5      | 27/76 [00:00<00:00, 1395.83it/s, Materializing param=gpt_neox.layers.1.post_attention_layernorm.bias]
Loading weights:  36%|###5      | 27/76 [00:00<00:00, 1387.12it/s, Materializing param=gpt_neox.layers.1.post_attention_layernorm.bias]
Loading weights:  37%|###6      | 28/76 [00:00<00:00, 1426.25it/s, Materializing param=gpt_neox.layers.1.post_attention_layernorm.weight]
Loading weights:  37%|###6      | 28/76 [00:00<00:00, 1418.59it/s, Materializing param=gpt_neox.layers.1.post_attention_layernorm.weight]
Loading weights:  38%|###8      | 29/76 [00:00<00:00, 1457.47it/s, Materializing param=gpt_neox.layers.2.attention.dense.bias]           
Loading weights:  38%|###8      | 29/76 [00:00<00:00, 1452.22it/s, Materializing param=gpt_neox.layers.2.attention.dense.bias]
Loading weights:  39%|###9      | 30/76 [00:00<00:00, 1479.45it/s, Materializing param=gpt_neox.layers.2.attention.dense.weight]
Loading weights:  39%|###9      | 30/76 [00:00<00:00, 1474.27it/s, Materializing param=gpt_neox.layers.2.attention.dense.weight]
Loading weights:  41%|####      | 31/76 [00:00<00:00, 1511.27it/s, Materializing param=gpt_neox.layers.2.attention.query_key_value.bias]
Loading weights:  41%|####      | 31/76 [00:00<00:00, 1506.45it/s, Materializing param=gpt_neox.layers.2.attention.query_key_value.bias]
Loading weights:  42%|####2     | 32/76 [00:00<00:00, 1542.20it/s, Materializing param=gpt_neox.layers.2.attention.query_key_value.weight]
Loading weights:  42%|####2     | 32/76 [00:00<00:00, 1536.25it/s, Materializing param=gpt_neox.layers.2.attention.query_key_value.weight]
Loading weights:  43%|####3     | 33/76 [00:00<00:00, 1537.62it/s, Materializing param=gpt_neox.layers.2.input_layernorm.bias]            
Loading weights:  43%|####3     | 33/76 [00:00<00:00, 1519.17it/s, Materializing param=gpt_neox.layers.2.input_layernorm.bias]
Loading weights:  45%|####4     | 34/76 [00:00<00:00, 1546.45it/s, Materializing param=gpt_neox.layers.2.input_layernorm.weight]
Loading weights:  45%|####4     | 34/76 [00:00<00:00, 1540.41it/s, Materializing param=gpt_neox.layers.2.input_layernorm.weight]
Loading weights:  46%|####6     | 35/76 [00:00<00:00, 1575.88it/s, Materializing param=gpt_neox.layers.2.mlp.dense_4h_to_h.bias]
Loading weights:  46%|####6     | 35/76 [00:00<00:00, 1571.46it/s, Materializing param=gpt_neox.layers.2.mlp.dense_4h_to_h.bias]
Loading weights:  47%|####7     | 36/76 [00:00<00:00, 1606.96it/s, Materializing param=gpt_neox.layers.2.mlp.dense_4h_to_h.weight]
Loading weights:  47%|####7     | 36/76 [00:00<00:00, 1602.53it/s, Materializing param=gpt_neox.layers.2.mlp.dense_4h_to_h.weight]
Loading weights:  49%|####8     | 37/76 [00:00<00:00, 1314.65it/s, Materializing param=gpt_neox.layers.2.mlp.dense_h_to_4h.bias]  
Loading weights:  49%|####8     | 37/76 [00:00<00:00, 1308.40it/s, Materializing param=gpt_neox.layers.2.mlp.dense_h_to_4h.bias]
Loading weights:  50%|#####     | 38/76 [00:00<00:00, 1331.39it/s, Materializing param=gpt_neox.layers.2.mlp.dense_h_to_4h.weight]
Loading weights:  50%|#####     | 38/76 [00:00<00:00, 1324.67it/s, Materializing param=gpt_neox.layers.2.mlp.dense_h_to_4h.weight]
Loading weights:  51%|#####1    | 39/76 [00:00<00:00, 1137.71it/s, Materializing param=gpt_neox.layers.2.post_attention_layernorm.bias]
Loading weights:  51%|#####1    | 39/76 [00:00<00:00, 1132.21it/s, Materializing param=gpt_neox.layers.2.post_attention_layernorm.bias]
Loading weights:  53%|#####2    | 40/76 [00:00<00:00, 1154.84it/s, Materializing param=gpt_neox.layers.2.post_attention_layernorm.weight]
Loading weights:  53%|#####2    | 40/76 [00:00<00:00, 1151.65it/s, Materializing param=gpt_neox.layers.2.post_attention_layernorm.weight]
Loading weights:  54%|#####3    | 41/76 [00:00<00:00, 1174.13it/s, Materializing param=gpt_neox.layers.3.attention.dense.bias]           
Loading weights:  54%|#####3    | 41/76 [00:00<00:00, 1171.43it/s, Materializing param=gpt_neox.layers.3.attention.dense.bias]
Loading weights:  55%|#####5    | 42/76 [00:00<00:00, 1195.00it/s, Materializing param=gpt_neox.layers.3.attention.dense.weight]
Loading weights:  55%|#####5    | 42/76 [00:00<00:00, 1192.73it/s, Materializing param=gpt_neox.layers.3.attention.dense.weight]
Loading weights:  57%|#####6    | 43/76 [00:00<00:00, 1216.25it/s, Materializing param=gpt_neox.layers.3.attention.query_key_value.bias]
Loading weights:  57%|#####6    | 43/76 [00:00<00:00, 1205.11it/s, Materializing param=gpt_neox.layers.3.attention.query_key_value.bias]
Loading weights:  58%|#####7    | 44/76 [00:00<00:00, 1224.18it/s, Materializing param=gpt_neox.layers.3.attention.query_key_value.weight]
Loading weights:  58%|#####7    | 44/76 [00:00<00:00, 1221.23it/s, Materializing param=gpt_neox.layers.3.attention.query_key_value.weight]
Loading weights:  59%|#####9    | 45/76 [00:00<00:00, 1240.36it/s, Materializing param=gpt_neox.layers.3.input_layernorm.bias]            
Loading weights:  59%|#####9    | 45/76 [00:00<00:00, 1232.34it/s, Materializing param=gpt_neox.layers.3.input_layernorm.bias]
Loading weights:  61%|######    | 46/76 [00:00<00:00, 1253.05it/s, Materializing param=gpt_neox.layers.3.input_layernorm.weight]
Loading weights:  61%|######    | 46/76 [00:00<00:00, 1250.10it/s, Materializing param=gpt_neox.layers.3.input_layernorm.weight]
Loading weights:  62%|######1   | 47/76 [00:00<00:00, 1266.19it/s, Materializing param=gpt_neox.layers.3.mlp.dense_4h_to_h.bias]
Loading weights:  62%|######1   | 47/76 [00:00<00:00, 1263.50it/s, Materializing param=gpt_neox.layers.3.mlp.dense_4h_to_h.bias]
Loading weights:  63%|######3   | 48/76 [00:00<00:00, 1275.65it/s, Materializing param=gpt_neox.layers.3.mlp.dense_4h_to_h.weight]
Loading weights:  63%|######3   | 48/76 [00:00<00:00, 1272.50it/s, Materializing param=gpt_neox.layers.3.mlp.dense_4h_to_h.weight]
Loading weights:  64%|######4   | 49/76 [00:00<00:00, 1160.52it/s, Materializing param=gpt_neox.layers.3.mlp.dense_h_to_4h.bias]  
Loading weights:  64%|######4   | 49/76 [00:00<00:00, 1155.81it/s, Materializing param=gpt_neox.layers.3.mlp.dense_h_to_4h.bias]
Loading weights:  66%|######5   | 50/76 [00:00<00:00, 1173.09it/s, Materializing param=gpt_neox.layers.3.mlp.dense_h_to_4h.weight]
Loading weights:  66%|######5   | 50/76 [00:00<00:00, 1171.05it/s, Materializing param=gpt_neox.layers.3.mlp.dense_h_to_4h.weight]
Loading weights:  67%|######7   | 51/76 [00:00<00:00, 1190.43it/s, Materializing param=gpt_neox.layers.3.post_attention_layernorm.bias]
Loading weights:  67%|######7   | 51/76 [00:00<00:00, 1188.52it/s, Materializing param=gpt_neox.layers.3.post_attention_layernorm.bias]
Loading weights:  68%|######8   | 52/76 [00:00<00:00, 1206.75it/s, Materializing param=gpt_neox.layers.3.post_attention_layernorm.weight]
Loading weights:  68%|######8   | 52/76 [00:00<00:00, 1204.55it/s, Materializing param=gpt_neox.layers.3.post_attention_layernorm.weight]
Loading weights:  70%|######9   | 53/76 [00:00<00:00, 1218.00it/s, Materializing param=gpt_neox.layers.4.attention.dense.bias]           
Loading weights:  70%|######9   | 53/76 [00:00<00:00, 1209.13it/s, Materializing param=gpt_neox.layers.4.attention.dense.bias]
Loading weights:  71%|#######1  | 54/76 [00:00<00:00, 1221.69it/s, Materializing param=gpt_neox.layers.4.attention.dense.weight]
Loading weights:  71%|#######1  | 54/76 [00:00<00:00, 1219.29it/s, Materializing param=gpt_neox.layers.4.attention.dense.weight]
Loading weights:  72%|#######2  | 55/76 [00:00<00:00, 1235.06it/s, Materializing param=gpt_neox.layers.4.attention.query_key_value.bias]
Loading weights:  72%|#######2  | 55/76 [00:00<00:00, 1232.41it/s, Materializing param=gpt_neox.layers.4.attention.query_key_value.bias]
Loading weights:  74%|#######3  | 56/76 [00:00<00:00, 1250.05it/s, Materializing param=gpt_neox.layers.4.attention.query_key_value.weight]
Loading weights:  74%|#######3  | 56/76 [00:00<00:00, 1248.09it/s, Materializing param=gpt_neox.layers.4.attention.query_key_value.weight]
Loading weights:  75%|#######5  | 57/76 [00:00<00:00, 1261.50it/s, Materializing param=gpt_neox.layers.4.input_layernorm.bias]            
Loading weights:  75%|#######5  | 57/76 [00:00<00:00, 1257.40it/s, Materializing param=gpt_neox.layers.4.input_layernorm.bias]
Loading weights:  76%|#######6  | 58/76 [00:00<00:00, 1267.85it/s, Materializing param=gpt_neox.layers.4.input_layernorm.weight]
Loading weights:  76%|#######6  | 58/76 [00:00<00:00, 1264.91it/s, Materializing param=gpt_neox.layers.4.input_layernorm.weight]
Loading weights:  78%|#######7  | 59/76 [00:00<00:00, 1282.19it/s, Materializing param=gpt_neox.layers.4.mlp.dense_4h_to_h.bias]
Loading weights:  78%|#######7  | 59/76 [00:00<00:00, 1279.31it/s, Materializing param=gpt_neox.layers.4.mlp.dense_4h_to_h.bias]
Loading weights:  79%|#######8  | 60/76 [00:00<00:00, 1294.35it/s, Materializing param=gpt_neox.layers.4.mlp.dense_4h_to_h.weight]
Loading weights:  79%|#######8  | 60/76 [00:00<00:00, 1288.29it/s, Materializing param=gpt_neox.layers.4.mlp.dense_4h_to_h.weight]
Loading weights:  80%|########  | 61/76 [00:00<00:00, 1304.33it/s, Materializing param=gpt_neox.layers.4.mlp.dense_h_to_4h.bias]  
Loading weights:  80%|########  | 61/76 [00:00<00:00, 1302.24it/s, Materializing param=gpt_neox.layers.4.mlp.dense_h_to_4h.bias]
Loading weights:  82%|########1 | 62/76 [00:00<00:00, 1319.43it/s, Materializing param=gpt_neox.layers.4.mlp.dense_h_to_4h.weight]
Loading weights:  82%|########1 | 62/76 [00:00<00:00, 1317.61it/s, Materializing param=gpt_neox.layers.4.mlp.dense_h_to_4h.weight]
Loading weights:  83%|########2 | 63/76 [00:00<00:00, 1335.33it/s, Materializing param=gpt_neox.layers.4.post_attention_layernorm.bias]
Loading weights:  83%|########2 | 63/76 [00:00<00:00, 1333.63it/s, Materializing param=gpt_neox.layers.4.post_attention_layernorm.bias]
Loading weights:  84%|########4 | 64/76 [00:00<00:00, 1351.41it/s, Materializing param=gpt_neox.layers.4.post_attention_layernorm.weight]
Loading weights:  84%|########4 | 64/76 [00:00<00:00, 1349.68it/s, Materializing param=gpt_neox.layers.4.post_attention_layernorm.weight]
Loading weights:  86%|########5 | 65/76 [00:00<00:00, 1367.45it/s, Materializing param=gpt_neox.layers.5.attention.dense.bias]           
Loading weights:  86%|########5 | 65/76 [00:00<00:00, 1365.47it/s, Materializing param=gpt_neox.layers.5.attention.dense.bias]
Loading weights:  87%|########6 | 66/76 [00:00<00:00, 1367.03it/s, Materializing param=gpt_neox.layers.5.attention.dense.weight]
Loading weights:  87%|########6 | 66/76 [00:00<00:00, 1363.52it/s, Materializing param=gpt_neox.layers.5.attention.dense.weight]
Loading weights:  88%|########8 | 67/76 [00:00<00:00, 1231.58it/s, Materializing param=gpt_neox.layers.5.attention.query_key_value.bias]
Loading weights:  88%|########8 | 67/76 [00:00<00:00, 1227.38it/s, Materializing param=gpt_neox.layers.5.attention.query_key_value.bias]
Loading weights:  89%|########9 | 68/76 [00:00<00:00, 1238.38it/s, Materializing param=gpt_neox.layers.5.attention.query_key_value.weight]
Loading weights:  89%|########9 | 68/76 [00:00<00:00, 1235.32it/s, Materializing param=gpt_neox.layers.5.attention.query_key_value.weight]
Loading weights:  91%|######### | 69/76 [00:00<00:00, 1248.83it/s, Materializing param=gpt_neox.layers.5.input_layernorm.bias]            
Loading weights:  91%|######### | 69/76 [00:00<00:00, 1247.09it/s, Materializing param=gpt_neox.layers.5.input_layernorm.bias]
Loading weights:  92%|#########2| 70/76 [00:00<00:00, 1261.81it/s, Materializing param=gpt_neox.layers.5.input_layernorm.weight]
Loading weights:  92%|#########2| 70/76 [00:00<00:00, 1260.41it/s, Materializing param=gpt_neox.layers.5.input_layernorm.weight]
Loading weights:  93%|#########3| 71/76 [00:00<00:00, 1275.17it/s, Materializing param=gpt_neox.layers.5.mlp.dense_4h_to_h.bias]
Loading weights:  93%|#########3| 71/76 [00:00<00:00, 1273.69it/s, Materializing param=gpt_neox.layers.5.mlp.dense_4h_to_h.bias]
Loading weights:  95%|#########4| 72/76 [00:00<00:00, 1288.55it/s, Materializing param=gpt_neox.layers.5.mlp.dense_4h_to_h.weight]
Loading weights:  95%|#########4| 72/76 [00:00<00:00, 1287.11it/s, Materializing param=gpt_neox.layers.5.mlp.dense_4h_to_h.weight]
Loading weights:  96%|#########6| 73/76 [00:00<00:00, 1270.84it/s, Materializing param=gpt_neox.layers.5.mlp.dense_h_to_4h.bias]  
Loading weights:  96%|#########6| 73/76 [00:00<00:00, 1266.99it/s, Materializing param=gpt_neox.layers.5.mlp.dense_h_to_4h.bias]
Loading weights:  97%|#########7| 74/76 [00:00<00:00, 1280.29it/s, Materializing param=gpt_neox.layers.5.mlp.dense_h_to_4h.weight]
Loading weights:  97%|#########7| 74/76 [00:00<00:00, 1278.73it/s, Materializing param=gpt_neox.layers.5.mlp.dense_h_to_4h.weight]
Loading weights:  99%|#########8| 75/76 [00:00<00:00, 1292.97it/s, Materializing param=gpt_neox.layers.5.post_attention_layernorm.bias]
Loading weights:  99%|#########8| 75/76 [00:00<00:00, 1291.56it/s, Materializing param=gpt_neox.layers.5.post_attention_layernorm.bias]
Loading weights: 100%|##########| 76/76 [00:00<00:00, 1294.97it/s, Materializing param=gpt_neox.layers.5.post_attention_layernorm.weight]
Loading weights: 100%|##########| 76/76 [00:00<00:00, 1292.44it/s, Materializing param=gpt_neox.layers.5.post_attention_layernorm.weight]
Loading weights: 100%|##########| 76/76 [00:00<00:00, 1288.30it/s, Materializing param=gpt_neox.layers.5.post_attention_layernorm.weight]
[2026-04-23T01:30:54.908641] END self_prediction_transfer_v3_template_plain OK

[2026-04-23T01:30:54.915191] START kinship_ladder_dissociation: C:/Users/joshj/miniconda3/python.exe C:\Users\joshj\joseph-stroud-identity-stability-research\scripts\kinship_ladder_dissociation.py --config C:\Users\joshj\joseph-stroud-identity-stability-research\configs\identity_battery\kinship_ladder_dissociation_smoke.yaml

Loading weights:   0%|          | 0/76 [00:00<?, ?it/s]
Loading weights:   1%|1         | 1/76 [00:00<00:00, 14768.68it/s, Materializing param=embed_out.weight]
Loading weights:   1%|1         | 1/76 [00:00<00:00, 6502.80it/s, Materializing param=embed_out.weight] 
Loading weights:   3%|2         | 2/76 [00:00<00:00, 5683.34it/s, Materializing param=gpt_neox.embed_in.weight]
Loading weights:   3%|2         | 2/76 [00:00<00:00, 3397.57it/s, Materializing param=gpt_neox.embed_in.weight]
Loading weights:   4%|3         | 3/76 [00:00<00:00, 3729.38it/s, Materializing param=gpt_neox.final_layer_norm.bias]
Loading weights:   4%|3         | 3/76 [00:00<00:00, 3401.71it/s, Materializing param=gpt_neox.final_layer_norm.bias]
Loading weights:   5%|5         | 4/76 [00:00<00:00, 3684.87it/s, Materializing param=gpt_neox.final_layer_norm.weight]
Loading weights:   5%|5         | 4/76 [00:00<00:00, 3464.94it/s, Materializing param=gpt_neox.final_layer_norm.weight]
Loading weights:   7%|6         | 5/76 [00:00<00:00, 3815.78it/s, Materializing param=gpt_neox.layers.0.attention.dense.bias]
Loading weights:   7%|6         | 5/76 [00:00<00:00, 3631.43it/s, Materializing param=gpt_neox.layers.0.attention.dense.bias]
Loading weights:   8%|7         | 6/76 [00:00<00:00, 3884.81it/s, Materializing param=gpt_neox.layers.0.attention.dense.weight]
Loading weights:   8%|7         | 6/76 [00:00<00:00, 3368.02it/s, Materializing param=gpt_neox.layers.0.attention.dense.weight]
Loading weights:   9%|9         | 7/76 [00:00<00:00, 3533.96it/s, Materializing param=gpt_neox.layers.0.attention.query_key_value.bias]
Loading weights:   9%|9         | 7/76 [00:00<00:00, 3406.05it/s, Materializing param=gpt_neox.layers.0.attention.query_key_value.bias]
Loading weights:  11%|#         | 8/76 [00:00<00:00, 3408.27it/s, Materializing param=gpt_neox.layers.0.attention.query_key_value.weight]
Loading weights:  11%|#         | 8/76 [00:00<00:00, 3252.66it/s, Materializing param=gpt_neox.layers.0.attention.query_key_value.weight]
Loading weights:  12%|#1        | 9/76 [00:00<00:00, 3437.95it/s, Materializing param=gpt_neox.layers.0.input_layernorm.bias]            
Loading weights:  12%|#1        | 9/76 [00:00<00:00, 3206.11it/s, Materializing param=gpt_neox.layers.0.input_layernorm.bias]
Loading weights:  13%|#3        | 10/76 [00:00<00:00, 3228.87it/s, Materializing param=gpt_neox.layers.0.input_layernorm.weight]
Loading weights:  13%|#3        | 10/76 [00:00<00:00, 3131.01it/s, Materializing param=gpt_neox.layers.0.input_layernorm.weight]
Loading weights:  14%|#4        | 11/76 [00:00<00:00, 3265.90it/s, Materializing param=gpt_neox.layers.0.mlp.dense_4h_to_h.bias]
Loading weights:  14%|#4        | 11/76 [00:00<00:00, 3175.97it/s, Materializing param=gpt_neox.layers.0.mlp.dense_4h_to_h.bias]
Loading weights:  16%|#5        | 12/76 [00:00<00:00, 3331.02it/s, Materializing param=gpt_neox.layers.0.mlp.dense_4h_to_h.weight]
Loading weights:  16%|#5        | 12/76 [00:00<00:00, 3270.20it/s, Materializing param=gpt_neox.layers.0.mlp.dense_4h_to_h.weight]
Loading weights:  17%|#7        | 13/76 [00:00<00:00, 3410.22it/s, Materializing param=gpt_neox.layers.0.mlp.dense_h_to_4h.bias]  
Loading weights:  17%|#7        | 13/76 [00:00<00:00, 3353.79it/s, Materializing param=gpt_neox.layers.0.mlp.dense_h_to_4h.bias]
Loading weights:  18%|#8        | 14/76 [00:00<00:00, 3461.46it/s, Materializing param=gpt_neox.layers.0.mlp.dense_h_to_4h.weight]
Loading weights:  18%|#8        | 14/76 [00:00<00:00, 3407.83it/s, Materializing param=gpt_neox.layers.0.mlp.dense_h_to_4h.weight]
Loading weights:  20%|#9        | 15/76 [00:00<00:00, 1902.47it/s, Materializing param=gpt_neox.layers.0.post_attention_layernorm.bias]
Loading weights:  20%|#9        | 15/76 [00:00<00:00, 1847.06it/s, Materializing param=gpt_neox.layers.0.post_attention_layernorm.bias]
Loading weights:  21%|##1       | 16/76 [00:00<00:00, 1857.27it/s, Materializing param=gpt_neox.layers.0.post_attention_layernorm.weight]
Loading weights:  21%|##1       | 16/76 [00:00<00:00, 1817.29it/s, Materializing param=gpt_neox.layers.0.post_attention_layernorm.weight]
Loading weights:  22%|##2       | 17/76 [00:00<00:00, 1883.98it/s, Materializing param=gpt_neox.layers.1.attention.dense.bias]           
Loading weights:  22%|##2       | 17/76 [00:00<00:00, 1822.82it/s, Materializing param=gpt_neox.layers.1.attention.dense.bias]
Loading weights:  24%|##3       | 18/76 [00:00<00:00, 1887.72it/s, Materializing param=gpt_neox.layers.1.attention.dense.weight]
Loading weights:  24%|##3       | 18/76 [00:00<00:00, 1858.58it/s, Materializing param=gpt_neox.layers.1.attention.dense.weight]
Loading weights:  25%|##5       | 19/76 [00:00<00:00, 1898.06it/s, Materializing param=gpt_neox.layers.1.attention.query_key_value.bias]
Loading weights:  25%|##5       | 19/76 [00:00<00:00, 1883.39it/s, Materializing param=gpt_neox.layers.1.attention.query_key_value.bias]
Loading weights:  26%|##6       | 20/76 [00:00<00:00, 1930.55it/s, Materializing param=gpt_neox.layers.1.attention.query_key_value.weight]
Loading weights:  26%|##6       | 20/76 [00:00<00:00, 1916.83it/s, Materializing param=gpt_neox.layers.1.attention.query_key_value.weight]
Loading weights:  28%|##7       | 21/76 [00:00<00:00, 1986.79it/s, Materializing param=gpt_neox.layers.1.input_layernorm.bias]            
Loading weights:  28%|##7       | 21/76 [00:00<00:00, 1956.30it/s, Materializing param=gpt_neox.layers.1.input_layernorm.bias]
Loading weights:  29%|##8       | 22/76 [00:00<00:00, 2018.39it/s, Materializing param=gpt_neox.layers.1.input_layernorm.weight]
Loading weights:  29%|##8       | 22/76 [00:00<00:00, 1983.80it/s, Materializing param=gpt_neox.layers.1.input_layernorm.weight]
Loading weights:  30%|###       | 23/76 [00:00<00:00, 1977.15it/s, Materializing param=gpt_neox.layers.1.mlp.dense_4h_to_h.bias]
Loading weights:  30%|###       | 23/76 [00:00<00:00, 1959.20it/s, Materializing param=gpt_neox.layers.1.mlp.dense_4h_to_h.bias]
Loading weights:  32%|###1      | 24/76 [00:00<00:00, 1981.01it/s, Materializing param=gpt_neox.layers.1.mlp.dense_4h_to_h.weight]
Loading weights:  32%|###1      | 24/76 [00:00<00:00, 1949.63it/s, Materializing param=gpt_neox.layers.1.mlp.dense_4h_to_h.weight]
Loading weights:  33%|###2      | 25/76 [00:00<00:00, 1979.90it/s, Materializing param=gpt_neox.layers.1.mlp.dense_h_to_4h.bias]  
Loading weights:  33%|###2      | 25/76 [00:00<00:00, 1745.85it/s, Materializing param=gpt_neox.layers.1.mlp.dense_h_to_4h.bias]
Loading weights:  34%|###4      | 26/76 [00:00<00:00, 1758.59it/s, Materializing param=gpt_neox.layers.1.mlp.dense_h_to_4h.weight]
Loading weights:  34%|###4      | 26/76 [00:00<00:00, 1744.36it/s, Materializing param=gpt_neox.layers.1.mlp.dense_h_to_4h.weight]
Loading weights:  36%|###5      | 27/76 [00:00<00:00, 1787.18it/s, Materializing param=gpt_neox.layers.1.post_attention_layernorm.bias]
Loading weights:  36%|###5      | 27/76 [00:00<00:00, 1702.41it/s, Materializing param=gpt_neox.layers.1.post_attention_layernorm.bias]
Loading weights:  37%|###6      | 28/76 [00:00<00:00, 1728.72it/s, Materializing param=gpt_neox.layers.1.post_attention_layernorm.weight]
Loading weights:  37%|###6      | 28/76 [00:00<00:00, 1719.46it/s, Materializing param=gpt_neox.layers.1.post_attention_layernorm.weight]
Loading weights:  38%|###8      | 29/76 [00:00<00:00, 1760.96it/s, Materializing param=gpt_neox.layers.2.attention.dense.bias]           
Loading weights:  38%|###8      | 29/76 [00:00<00:00, 1752.39it/s, Materializing param=gpt_neox.layers.2.attention.dense.bias]
Loading weights:  39%|###9      | 30/76 [00:00<00:00, 1784.00it/s, Materializing param=gpt_neox.layers.2.attention.dense.weight]
Loading weights:  39%|###9      | 30/76 [00:00<00:00, 1775.12it/s, Materializing param=gpt_neox.layers.2.attention.dense.weight]
Loading weights:  41%|####      | 31/76 [00:00<00:00, 1787.46it/s, Materializing param=gpt_neox.layers.2.attention.query_key_value.bias]
Loading weights:  41%|####      | 31/76 [00:00<00:00, 1779.97it/s, Materializing param=gpt_neox.layers.2.attention.query_key_value.bias]
Loading weights:  42%|####2     | 32/76 [00:00<00:00, 1819.80it/s, Materializing param=gpt_neox.layers.2.attention.query_key_value.weight]
Loading weights:  42%|####2     | 32/76 [00:00<00:00, 1797.79it/s, Materializing param=gpt_neox.layers.2.attention.query_key_value.weight]
Loading weights:  43%|####3     | 33/76 [00:00<00:00, 1836.99it/s, Materializing param=gpt_neox.layers.2.input_layernorm.bias]            
Loading weights:  43%|####3     | 33/76 [00:00<00:00, 1817.77it/s, Materializing param=gpt_neox.layers.2.input_layernorm.bias]
Loading weights:  45%|####4     | 34/76 [00:00<00:00, 1854.17it/s, Materializing param=gpt_neox.layers.2.input_layernorm.weight]
Loading weights:  45%|####4     | 34/76 [00:00<00:00, 1842.72it/s, Materializing param=gpt_neox.layers.2.input_layernorm.weight]
Loading weights:  46%|####6     | 35/76 [00:00<00:00, 1880.20it/s, Materializing param=gpt_neox.layers.2.mlp.dense_4h_to_h.bias]
Loading weights:  46%|####6     | 35/76 [00:00<00:00, 1873.51it/s, Materializing param=gpt_neox.layers.2.mlp.dense_4h_to_h.bias]
Loading weights:  47%|####7     | 36/76 [00:00<00:00, 1886.14it/s, Materializing param=gpt_neox.layers.2.mlp.dense_4h_to_h.weight]
Loading weights:  47%|####7     | 36/76 [00:00<00:00, 1879.15it/s, Materializing param=gpt_neox.layers.2.mlp.dense_4h_to_h.weight]
Loading weights:  49%|####8     | 37/76 [00:00<00:00, 1917.74it/s, Materializing param=gpt_neox.layers.2.mlp.dense_h_to_4h.bias]  
Loading weights:  49%|####8     | 37/76 [00:00<00:00, 1906.55it/s, Materializing param=gpt_neox.layers.2.mlp.dense_h_to_4h.bias]
Loading weights:  50%|#####     | 38/76 [00:00<00:00, 1940.22it/s, Materializing param=gpt_neox.layers.2.mlp.dense_h_to_4h.weight]
Loading weights:  50%|#####     | 38/76 [00:00<00:00, 1933.61it/s, Materializing param=gpt_neox.layers.2.mlp.dense_h_to_4h.weight]
Loading weights:  51%|#####1    | 39/76 [00:00<00:00, 1946.15it/s, Materializing param=gpt_neox.layers.2.post_attention_layernorm.bias]
Loading weights:  51%|#####1    | 39/76 [00:00<00:00, 1939.21it/s, Materializing param=gpt_neox.layers.2.post_attention_layernorm.bias]
Loading weights:  53%|#####2    | 40/76 [00:00<00:00, 1969.60it/s, Materializing param=gpt_neox.layers.2.post_attention_layernorm.weight]
Loading weights:  53%|#####2    | 40/76 [00:00<00:00, 1954.22it/s, Materializing param=gpt_neox.layers.2.post_attention_layernorm.weight]
Loading weights:  54%|#####3    | 41/76 [00:00<00:00, 1979.29it/s, Materializing param=gpt_neox.layers.3.attention.dense.bias]           
Loading weights:  54%|#####3    | 41/76 [00:00<00:00, 1971.71it/s, Materializing param=gpt_neox.layers.3.attention.dense.bias]
Loading weights:  55%|#####5    | 42/76 [00:00<00:00, 1998.78it/s, Materializing param=gpt_neox.layers.3.attention.dense.weight]
Loading weights:  55%|#####5    | 42/76 [00:00<00:00, 1947.86it/s, Materializing param=gpt_neox.layers.3.attention.dense.weight]
Loading weights:  57%|#####6    | 43/76 [00:00<00:00, 1975.56it/s, Materializing param=gpt_neox.layers.3.attention.query_key_value.bias]
Loading weights:  57%|#####6    | 43/76 [00:00<00:00, 1969.18it/s, Materializing param=gpt_neox.layers.3.attention.query_key_value.bias]
Loading weights:  58%|#####7    | 44/76 [00:00<00:00, 2002.84it/s, Materializing param=gpt_neox.layers.3.attention.query_key_value.weight]
Loading weights:  58%|#####7    | 44/76 [00:00<00:00, 1997.35it/s, Materializing param=gpt_neox.layers.3.attention.query_key_value.weight]
Loading weights:  59%|#####9    | 45/76 [00:00<00:00, 2031.66it/s, Materializing param=gpt_neox.layers.3.input_layernorm.bias]            
Loading weights:  59%|#####9    | 45/76 [00:00<00:00, 2026.21it/s, Materializing param=gpt_neox.layers.3.input_layernorm.bias]
Loading weights:  61%|######    | 46/76 [00:00<00:00, 2060.22it/s, Materializing param=gpt_neox.layers.3.input_layernorm.weight]
Loading weights:  61%|######    | 46/76 [00:00<00:00, 2054.85it/s, Materializing param=gpt_neox.layers.3.input_layernorm.weight]
Loading weights:  62%|######1   | 47/76 [00:00<00:00, 2088.51it/s, Materializing param=gpt_neox.layers.3.mlp.dense_4h_to_h.bias]
Loading weights:  62%|######1   | 47/76 [00:00<00:00, 2083.19it/s, Materializing param=gpt_neox.layers.3.mlp.dense_4h_to_h.bias]
Loading weights:  63%|######3   | 48/76 [00:00<00:00, 2116.51it/s, Materializing param=gpt_neox.layers.3.mlp.dense_4h_to_h.weight]
Loading weights:  63%|######3   | 48/76 [00:00<00:00, 2111.18it/s, Materializing param=gpt_neox.layers.3.mlp.dense_4h_to_h.weight]
Loading weights:  64%|######4   | 49/76 [00:00<00:00, 2144.55it/s, Materializing param=gpt_neox.layers.3.mlp.dense_h_to_4h.bias]  
Loading weights:  64%|######4   | 49/76 [00:00<00:00, 2133.09it/s, Materializing param=gpt_neox.layers.3.mlp.dense_h_to_4h.bias]
Loading weights:  66%|######5   | 50/76 [00:00<00:00, 2152.96it/s, Materializing param=gpt_neox.layers.3.mlp.dense_h_to_4h.weight]
Loading weights:  66%|######5   | 50/76 [00:00<00:00, 2116.54it/s, Materializing param=gpt_neox.layers.3.mlp.dense_h_to_4h.weight]
Loading weights:  67%|######7   | 51/76 [00:00<00:00, 2112.85it/s, Materializing param=gpt_neox.layers.3.post_attention_layernorm.bias]
Loading weights:  67%|######7   | 51/76 [00:00<00:00, 2091.08it/s, Materializing param=gpt_neox.layers.3.post_attention_layernorm.bias]
Loading weights:  68%|######8   | 52/76 [00:00<00:00, 2113.84it/s, Materializing param=gpt_neox.layers.3.post_attention_layernorm.weight]
Loading weights:  68%|######8   | 52/76 [00:00<00:00, 2105.21it/s, Materializing param=gpt_neox.layers.3.post_attention_layernorm.weight]
Loading weights:  70%|######9   | 53/76 [00:00<00:00, 2107.99it/s, Materializing param=gpt_neox.layers.4.attention.dense.bias]           
Loading weights:  70%|######9   | 53/76 [00:00<00:00, 2097.43it/s, Materializing param=gpt_neox.layers.4.attention.dense.bias]
Loading weights:  71%|#######1  | 54/76 [00:00<00:00, 2124.57it/s, Materializing param=gpt_neox.layers.4.attention.dense.weight]
Loading weights:  71%|#######1  | 54/76 [00:00<00:00, 2104.32it/s, Materializing param=gpt_neox.layers.4.attention.dense.weight]
Loading weights:  72%|#######2  | 55/76 [00:00<00:00, 2128.95it/s, Materializing param=gpt_neox.layers.4.attention.query_key_value.bias]
Loading weights:  72%|#######2  | 55/76 [00:00<00:00, 2122.66it/s, Materializing param=gpt_neox.layers.4.attention.query_key_value.bias]
Loading weights:  74%|#######3  | 56/76 [00:00<00:00, 2149.23it/s, Materializing param=gpt_neox.layers.4.attention.query_key_value.weight]
Loading weights:  74%|#######3  | 56/76 [00:00<00:00, 2143.92it/s, Materializing param=gpt_neox.layers.4.attention.query_key_value.weight]
Loading weights:  75%|#######5  | 57/76 [00:00<00:00, 2160.96it/s, Materializing param=gpt_neox.layers.4.input_layernorm.bias]            
Loading weights:  75%|#######5  | 57/76 [00:00<00:00, 2151.72it/s, Materializing param=gpt_neox.layers.4.input_layernorm.bias]
Loading weights:  76%|#######6  | 58/76 [00:00<00:00, 2173.37it/s, Materializing param=gpt_neox.layers.4.input_layernorm.weight]
Loading weights:  76%|#######6  | 58/76 [00:00<00:00, 2151.59it/s, Materializing param=gpt_neox.layers.4.input_layernorm.weight]
Loading weights:  78%|#######7  | 59/76 [00:00<00:00, 2174.86it/s, Materializing param=gpt_neox.layers.4.mlp.dense_4h_to_h.bias]
Loading weights:  78%|#######7  | 59/76 [00:00<00:00, 2169.29it/s, Materializing param=gpt_neox.layers.4.mlp.dense_4h_to_h.bias]
Loading weights:  79%|#######8  | 60/76 [00:00<00:00, 2192.76it/s, Materializing param=gpt_neox.layers.4.mlp.dense_4h_to_h.weight]
Loading weights:  79%|#######8  | 60/76 [00:00<00:00, 2187.65it/s, Materializing param=gpt_neox.layers.4.mlp.dense_4h_to_h.weight]
Loading weights:  80%|########  | 61/76 [00:00<00:00, 2213.14it/s, Materializing param=gpt_neox.layers.4.mlp.dense_h_to_4h.bias]  
Loading weights:  80%|########  | 61/76 [00:00<00:00, 2207.87it/s, Materializing param=gpt_neox.layers.4.mlp.dense_h_to_4h.bias]
Loading weights:  82%|########1 | 62/76 [00:00<00:00, 2233.95it/s, Materializing param=gpt_neox.layers.4.mlp.dense_h_to_4h.weight]
Loading weights:  82%|########1 | 62/76 [00:00<00:00, 2229.27it/s, Materializing param=gpt_neox.layers.4.mlp.dense_h_to_4h.weight]
Loading weights:  83%|########2 | 63/76 [00:00<00:00, 2242.11it/s, Materializing param=gpt_neox.layers.4.post_attention_layernorm.bias]
Loading weights:  83%|########2 | 63/76 [00:00<00:00, 2235.03it/s, Materializing param=gpt_neox.layers.4.post_attention_layernorm.bias]
Loading weights:  84%|########4 | 64/76 [00:00<00:00, 2257.94it/s, Materializing param=gpt_neox.layers.4.post_attention_layernorm.weight]
Loading weights:  84%|########4 | 64/76 [00:00<00:00, 2251.50it/s, Materializing param=gpt_neox.layers.4.post_attention_layernorm.weight]
Loading weights:  86%|########5 | 65/76 [00:00<00:00, 2274.02it/s, Materializing param=gpt_neox.layers.5.attention.dense.bias]           
Loading weights:  86%|########5 | 65/76 [00:00<00:00, 2267.38it/s, Materializing param=gpt_neox.layers.5.attention.dense.bias]
Loading weights:  87%|########6 | 66/76 [00:00<00:00, 2291.15it/s, Materializing param=gpt_neox.layers.5.attention.dense.weight]
Loading weights:  87%|########6 | 66/76 [00:00<00:00, 2275.26it/s, Materializing param=gpt_neox.layers.5.attention.dense.weight]
Loading weights:  88%|########8 | 67/76 [00:00<00:00, 2298.76it/s, Materializing param=gpt_neox.layers.5.attention.query_key_value.bias]
Loading weights:  88%|########8 | 67/76 [00:00<00:00, 2289.78it/s, Materializing param=gpt_neox.layers.5.attention.query_key_value.bias]
Loading weights:  89%|########9 | 68/76 [00:00<00:00, 2312.30it/s, Materializing param=gpt_neox.layers.5.attention.query_key_value.weight]
Loading weights:  89%|########9 | 68/76 [00:00<00:00, 2307.55it/s, Materializing param=gpt_neox.layers.5.attention.query_key_value.weight]
Loading weights:  91%|######### | 69/76 [00:00<00:00, 2323.75it/s, Materializing param=gpt_neox.layers.5.input_layernorm.bias]            
Loading weights:  91%|######### | 69/76 [00:00<00:00, 2317.55it/s, Materializing param=gpt_neox.layers.5.input_layernorm.bias]
Loading weights:  92%|#########2| 70/76 [00:00<00:00, 2340.37it/s, Materializing param=gpt_neox.layers.5.input_layernorm.weight]
Loading weights:  92%|#########2| 70/76 [00:00<00:00, 2335.14it/s, Materializing param=gpt_neox.layers.5.input_layernorm.weight]
Loading weights:  93%|#########3| 71/76 [00:00<00:00, 2357.32it/s, Materializing param=gpt_neox.layers.5.mlp.dense_4h_to_h.bias]
Loading weights:  93%|#########3| 71/76 [00:00<00:00, 2339.30it/s, Materializing param=gpt_neox.layers.5.mlp.dense_4h_to_h.bias]
Loading weights:  95%|#########4| 72/76 [00:00<00:00, 2357.90it/s, Materializing param=gpt_neox.layers.5.mlp.dense_4h_to_h.weight]
Loading weights:  95%|#########4| 72/76 [00:00<00:00, 2352.55it/s, Materializing param=gpt_neox.layers.5.mlp.dense_4h_to_h.weight]
Loading weights:  96%|#########6| 73/76 [00:00<00:00, 2374.83it/s, Materializing param=gpt_neox.layers.5.mlp.dense_h_to_4h.bias]  
Loading weights:  96%|#########6| 73/76 [00:00<00:00, 2370.20it/s, Materializing param=gpt_neox.layers.5.mlp.dense_h_to_4h.bias]
Loading weights:  97%|#########7| 74/76 [00:00<00:00, 2392.61it/s, Materializing param=gpt_neox.layers.5.mlp.dense_h_to_4h.weight]
Loading weights:  97%|#########7| 74/76 [00:00<00:00, 2388.00it/s, Materializing param=gpt_neox.layers.5.mlp.dense_h_to_4h.weight]
Loading weights:  99%|#########8| 75/76 [00:00<00:00, 2329.29it/s, Materializing param=gpt_neox.layers.5.post_attention_layernorm.bias]
Loading weights:  99%|#########8| 75/76 [00:00<00:00, 2320.05it/s, Materializing param=gpt_neox.layers.5.post_attention_layernorm.bias]
Loading weights: 100%|##########| 76/76 [00:00<00:00, 2335.24it/s, Materializing param=gpt_neox.layers.5.post_attention_layernorm.weight]
Loading weights: 100%|##########| 76/76 [00:00<00:00, 2329.44it/s, Materializing param=gpt_neox.layers.5.post_attention_layernorm.weight]
Loading weights: 100%|##########| 76/76 [00:00<00:00, 2314.77it/s, Materializing param=gpt_neox.layers.5.post_attention_layernorm.weight]
[2026-04-23T01:31:35.366102] END kinship_ladder_dissociation OK

[2026-04-23T01:31:35.387949] START behavioral_fingerprint_transfer_nuisance: C:/Users/joshj/miniconda3/python.exe C:\Users\joshj\joseph-stroud-identity-stability-research\scripts\behavioral_fingerprint_transfer.py --config C:\Users\joshj\joseph-stroud-identity-stability-research\configs\identity_battery\behavioral_fingerprint_transfer_nuisance_smoke.yaml

Loading weights:   0%|          | 0/76 [00:00<?, ?it/s]
Loading weights:   1%|1         | 1/76 [00:00<00:00, 7358.43it/s, Materializing param=embed_out.weight]
Loading weights:   1%|1         | 1/76 [00:00<00:00, 3785.47it/s, Materializing param=embed_out.weight]
Loading weights:   3%|2         | 2/76 [00:00<00:00, 3422.52it/s, Materializing param=gpt_neox.embed_in.weight]
Loading weights:   3%|2         | 2/76 [00:00<00:00, 3039.35it/s, Materializing param=gpt_neox.embed_in.weight]
Loading weights:   4%|3         | 3/76 [00:00<00:00, 3606.45it/s, Materializing param=gpt_neox.final_layer_norm.bias]
Loading weights:   4%|3         | 3/76 [00:00<00:00, 3350.98it/s, Materializing param=gpt_neox.final_layer_norm.bias]
Loading weights:   5%|5         | 4/76 [00:00<00:00, 3776.95it/s, Materializing param=gpt_neox.final_layer_norm.weight]
Loading weights:   5%|5         | 4/76 [00:00<00:00, 3542.49it/s, Materializing param=gpt_neox.final_layer_norm.weight]
Loading weights:   7%|6         | 5/76 [00:00<00:00, 3957.64it/s, Materializing param=gpt_neox.layers.0.attention.dense.bias]
Loading weights:   7%|6         | 5/76 [00:00<00:00, 3762.38it/s, Materializing param=gpt_neox.layers.0.attention.dense.bias]
Loading weights:   8%|7         | 6/76 [00:00<00:00, 4069.51it/s, Materializing param=gpt_neox.layers.0.attention.dense.weight]
Loading weights:   8%|7         | 6/76 [00:00<00:00, 3890.82it/s, Materializing param=gpt_neox.layers.0.attention.dense.weight]
Loading weights:   9%|9         | 7/76 [00:00<00:00, 4194.30it/s, Materializing param=gpt_neox.layers.0.attention.query_key_value.bias]
Loading weights:   9%|9         | 7/76 [00:00<00:00, 4035.20it/s, Materializing param=gpt_neox.layers.0.attention.query_key_value.bias]
Loading weights:  11%|#         | 8/76 [00:00<00:00, 4302.95it/s, Materializing param=gpt_neox.layers.0.attention.query_key_value.weight]
Loading weights:  11%|#         | 8/76 [00:00<00:00, 4155.35it/s, Materializing param=gpt_neox.layers.0.attention.query_key_value.weight]
Loading weights:  12%|#1        | 9/76 [00:00<00:00, 4358.47it/s, Materializing param=gpt_neox.layers.0.input_layernorm.bias]            
Loading weights:  12%|#1        | 9/76 [00:00<00:00, 4227.66it/s, Materializing param=gpt_neox.layers.0.input_layernorm.bias]
Loading weights:  13%|#3        | 10/76 [00:00<00:00, 4438.42it/s, Materializing param=gpt_neox.layers.0.input_layernorm.weight]
Loading weights:  13%|#3        | 10/76 [00:00<00:00, 4318.68it/s, Materializing param=gpt_neox.layers.0.input_layernorm.weight]
Loading weights:  14%|#4        | 11/76 [00:00<00:00, 4518.40it/s, Materializing param=gpt_neox.layers.0.mlp.dense_4h_to_h.bias]
Loading weights:  14%|#4        | 11/76 [00:00<00:00, 4407.47it/s, Materializing param=gpt_neox.layers.0.mlp.dense_4h_to_h.bias]
Loading weights:  16%|#5        | 12/76 [00:00<00:00, 4594.40it/s, Materializing param=gpt_neox.layers.0.mlp.dense_4h_to_h.weight]
Loading weights:  16%|#5        | 12/76 [00:00<00:00, 4488.69it/s, Materializing param=gpt_neox.layers.0.mlp.dense_4h_to_h.weight]
Loading weights:  17%|#7        | 13/76 [00:00<00:00, 882.35it/s, Materializing param=gpt_neox.layers.0.mlp.dense_h_to_4h.bias]   
Loading weights:  17%|#7        | 13/76 [00:00<00:00, 871.69it/s, Materializing param=gpt_neox.layers.0.mlp.dense_h_to_4h.bias]
Loading weights:  18%|#8        | 14/76 [00:00<00:00, 915.23it/s, Materializing param=gpt_neox.layers.0.mlp.dense_h_to_4h.weight]
Loading weights:  18%|#8        | 14/76 [00:00<00:00, 903.36it/s, Materializing param=gpt_neox.layers.0.mlp.dense_h_to_4h.weight]
Loading weights:  20%|#9        | 15/76 [00:00<00:00, 956.53it/s, Materializing param=gpt_neox.layers.0.post_attention_layernorm.bias]
Loading weights:  20%|#9        | 15/76 [00:00<00:00, 950.50it/s, Materializing param=gpt_neox.layers.0.post_attention_layernorm.bias]
Loading weights:  21%|##1       | 16/76 [00:00<00:00, 995.84it/s, Materializing param=gpt_neox.layers.0.post_attention_layernorm.weight]
Loading weights:  21%|##1       | 16/76 [00:00<00:00, 905.14it/s, Materializing param=gpt_neox.layers.0.post_attention_layernorm.weight]
Loading weights:  22%|##2       | 17/76 [00:00<00:00, 939.42it/s, Materializing param=gpt_neox.layers.1.attention.dense.bias]           
Loading weights:  22%|##2       | 17/76 [00:00<00:00, 929.29it/s, Materializing param=gpt_neox.layers.1.attention.dense.bias]
Loading weights:  24%|##3       | 18/76 [00:00<00:00, 970.20it/s, Materializing param=gpt_neox.layers.1.attention.dense.weight]
Loading weights:  24%|##3       | 18/76 [00:00<00:00, 965.92it/s, Materializing param=gpt_neox.layers.1.attention.dense.weight]
Loading weights:  25%|##5       | 19/76 [00:00<00:00, 965.67it/s, Materializing param=gpt_neox.layers.1.attention.query_key_value.bias]
Loading weights:  25%|##5       | 19/76 [00:00<00:00, 944.35it/s, Materializing param=gpt_neox.layers.1.attention.query_key_value.bias]
Loading weights:  26%|##6       | 20/76 [00:00<00:00, 973.30it/s, Materializing param=gpt_neox.layers.1.attention.query_key_value.weight]
Loading weights:  26%|##6       | 20/76 [00:00<00:00, 968.46it/s, Materializing param=gpt_neox.layers.1.attention.query_key_value.weight]
Loading weights:  28%|##7       | 21/76 [00:00<00:00, 1001.78it/s, Materializing param=gpt_neox.layers.1.input_layernorm.bias]           
Loading weights:  28%|##7       | 21/76 [00:00<00:00, 982.29it/s, Materializing param=gpt_neox.layers.1.input_layernorm.bias] 
Loading weights:  29%|##8       | 22/76 [00:00<00:00, 1019.93it/s, Materializing param=gpt_neox.layers.1.input_layernorm.weight]
Loading weights:  29%|##8       | 22/76 [00:00<00:00, 1016.71it/s, Materializing param=gpt_neox.layers.1.input_layernorm.weight]
Loading weights:  30%|###       | 23/76 [00:00<00:00, 1049.08it/s, Materializing param=gpt_neox.layers.1.mlp.dense_4h_to_h.bias]
Loading weights:  30%|###       | 23/76 [00:00<00:00, 1045.21it/s, Materializing param=gpt_neox.layers.1.mlp.dense_4h_to_h.bias]
Loading weights:  32%|###1      | 24/76 [00:00<00:00, 1083.30it/s, Materializing param=gpt_neox.layers.1.mlp.dense_4h_to_h.weight]
Loading weights:  32%|###1      | 24/76 [00:00<00:00, 1080.08it/s, Materializing param=gpt_neox.layers.1.mlp.dense_4h_to_h.weight]
Loading weights:  33%|###2      | 25/76 [00:00<00:00, 1108.78it/s, Materializing param=gpt_neox.layers.1.mlp.dense_h_to_4h.bias]  
Loading weights:  33%|###2      | 25/76 [00:00<00:00, 1105.02it/s, Materializing param=gpt_neox.layers.1.mlp.dense_h_to_4h.bias]
Loading weights:  34%|###4      | 26/76 [00:00<00:00, 1130.00it/s, Materializing param=gpt_neox.layers.1.mlp.dense_h_to_4h.weight]
Loading weights:  34%|###4      | 26/76 [00:00<00:00, 1117.77it/s, Materializing param=gpt_neox.layers.1.mlp.dense_h_to_4h.weight]
Loading weights:  36%|###5      | 27/76 [00:00<00:00, 1153.03it/s, Materializing param=gpt_neox.layers.1.post_attention_layernorm.bias]
Loading weights:  36%|###5      | 27/76 [00:00<00:00, 1142.30it/s, Materializing param=gpt_neox.layers.1.post_attention_layernorm.bias]
Loading weights:  37%|###6      | 28/76 [00:00<00:00, 1165.81it/s, Materializing param=gpt_neox.layers.1.post_attention_layernorm.weight]
Loading weights:  37%|###6      | 28/76 [00:00<00:00, 1161.12it/s, Materializing param=gpt_neox.layers.1.post_attention_layernorm.weight]
Loading weights:  38%|###8      | 29/76 [00:00<00:00, 1189.98it/s, Materializing param=gpt_neox.layers.2.attention.dense.bias]           
Loading weights:  38%|###8      | 29/76 [00:00<00:00, 1131.48it/s, Materializing param=gpt_neox.layers.2.attention.dense.bias]
Loading weights:  39%|###9      | 30/76 [00:00<00:00, 1099.62it/s, Materializing param=gpt_neox.layers.2.attention.dense.weight]
Loading weights:  39%|###9      | 30/76 [00:00<00:00, 1083.76it/s, Materializing param=gpt_neox.layers.2.attention.dense.weight]
Loading weights:  41%|####      | 31/76 [00:00<00:00, 1106.64it/s, Materializing param=gpt_neox.layers.2.attention.query_key_value.bias]
Loading weights:  41%|####      | 31/76 [00:00<00:00, 1100.10it/s, Materializing param=gpt_neox.layers.2.attention.query_key_value.bias]
Loading weights:  42%|####2     | 32/76 [00:00<00:00, 1126.55it/s, Materializing param=gpt_neox.layers.2.attention.query_key_value.weight]
Loading weights:  42%|####2     | 32/76 [00:00<00:00, 1123.78it/s, Materializing param=gpt_neox.layers.2.attention.query_key_value.weight]
Loading weights:  43%|####3     | 33/76 [00:00<00:00, 1153.63it/s, Materializing param=gpt_neox.layers.2.input_layernorm.bias]            
Loading weights:  43%|####3     | 33/76 [00:00<00:00, 1125.69it/s, Materializing param=gpt_neox.layers.2.input_layernorm.bias]
Loading weights:  45%|####4     | 34/76 [00:00<00:00, 1148.17it/s, Materializing param=gpt_neox.layers.2.input_layernorm.weight]
Loading weights:  45%|####4     | 34/76 [00:00<00:00, 1143.09it/s, Materializing param=gpt_neox.layers.2.input_layernorm.weight]
Loading weights:  46%|####6     | 35/76 [00:00<00:00, 1168.13it/s, Materializing param=gpt_neox.layers.2.mlp.dense_4h_to_h.bias]
Loading weights:  46%|####6     | 35/76 [00:00<00:00, 1159.60it/s, Materializing param=gpt_neox.layers.2.mlp.dense_4h_to_h.bias]
Loading weights:  47%|####7     | 36/76 [00:00<00:00, 1184.69it/s, Materializing param=gpt_neox.layers.2.mlp.dense_4h_to_h.weight]
Loading weights:  47%|####7     | 36/76 [00:00<00:00, 1180.70it/s, Materializing param=gpt_neox.layers.2.mlp.dense_4h_to_h.weight]
Loading weights:  49%|####8     | 37/76 [00:00<00:00, 1207.61it/s, Materializing param=gpt_neox.layers.2.mlp.dense_h_to_4h.bias]  
Loading weights:  49%|####8     | 37/76 [00:00<00:00, 1204.93it/s, Materializing param=gpt_neox.layers.2.mlp.dense_h_to_4h.bias]
Loading weights:  50%|#####     | 38/76 [00:00<00:00, 1232.12it/s, Materializing param=gpt_neox.layers.2.mlp.dense_h_to_4h.weight]
Loading weights:  50%|#####     | 38/76 [00:00<00:00, 1229.49it/s, Materializing param=gpt_neox.layers.2.mlp.dense_h_to_4h.weight]
Loading weights:  51%|#####1    | 39/76 [00:00<00:00, 1252.27it/s, Materializing param=gpt_neox.layers.2.post_attention_layernorm.bias]
Loading weights:  51%|#####1    | 39/76 [00:00<00:00, 1248.04it/s, Materializing param=gpt_neox.layers.2.post_attention_layernorm.bias]
Loading weights:  53%|#####2    | 40/76 [00:00<00:00, 1258.53it/s, Materializing param=gpt_neox.layers.2.post_attention_layernorm.weight]
Loading weights:  53%|#####2    | 40/76 [00:00<00:00, 1247.72it/s, Materializing param=gpt_neox.layers.2.post_attention_layernorm.weight]
Loading weights:  54%|#####3    | 41/76 [00:00<00:00, 1269.91it/s, Materializing param=gpt_neox.layers.3.attention.dense.bias]           
Loading weights:  54%|#####3    | 41/76 [00:00<00:00, 1266.97it/s, Materializing param=gpt_neox.layers.3.attention.dense.bias]
Loading weights:  55%|#####5    | 42/76 [00:00<00:00, 1278.54it/s, Materializing param=gpt_neox.layers.3.attention.dense.weight]
Loading weights:  55%|#####5    | 42/76 [00:00<00:00, 1274.22it/s, Materializing param=gpt_neox.layers.3.attention.dense.weight]
Loading weights:  57%|#####6    | 43/76 [00:00<00:00, 1296.58it/s, Materializing param=gpt_neox.layers.3.attention.query_key_value.bias]
Loading weights:  57%|#####6    | 43/76 [00:00<00:00, 1293.73it/s, Materializing param=gpt_neox.layers.3.attention.query_key_value.bias]
Loading weights:  58%|#####7    | 44/76 [00:00<00:00, 1317.95it/s, Materializing param=gpt_neox.layers.3.attention.query_key_value.weight]
Loading weights:  58%|#####7    | 44/76 [00:00<00:00, 1315.48it/s, Materializing param=gpt_neox.layers.3.attention.query_key_value.weight]
Loading weights:  59%|#####9    | 45/76 [00:00<00:00, 1340.12it/s, Materializing param=gpt_neox.layers.3.input_layernorm.bias]            
Loading weights:  59%|#####9    | 45/76 [00:00<00:00, 1337.79it/s, Materializing param=gpt_neox.layers.3.input_layernorm.bias]
Loading weights:  61%|######    | 46/76 [00:00<00:00, 1362.77it/s, Materializing param=gpt_neox.layers.3.input_layernorm.weight]
Loading weights:  61%|######    | 46/76 [00:00<00:00, 1360.42it/s, Materializing param=gpt_neox.layers.3.input_layernorm.weight]
Loading weights:  62%|######1   | 47/76 [00:00<00:00, 1385.61it/s, Materializing param=gpt_neox.layers.3.mlp.dense_4h_to_h.bias]
Loading weights:  62%|######1   | 47/76 [00:00<00:00, 1383.35it/s, Materializing param=gpt_neox.layers.3.mlp.dense_4h_to_h.bias]
Loading weights:  63%|######3   | 48/76 [00:00<00:00, 1408.18it/s, Materializing param=gpt_neox.layers.3.mlp.dense_4h_to_h.weight]
Loading weights:  63%|######3   | 48/76 [00:00<00:00, 1405.80it/s, Materializing param=gpt_neox.layers.3.mlp.dense_4h_to_h.weight]
Loading weights:  64%|######4   | 49/76 [00:00<00:00, 1430.03it/s, Materializing param=gpt_neox.layers.3.mlp.dense_h_to_4h.bias]  
Loading weights:  64%|######4   | 49/76 [00:00<00:00, 1422.85it/s, Materializing param=gpt_neox.layers.3.mlp.dense_h_to_4h.bias]
Loading weights:  66%|######5   | 50/76 [00:00<00:00, 1442.12it/s, Materializing param=gpt_neox.layers.3.mlp.dense_h_to_4h.weight]
Loading weights:  66%|######5   | 50/76 [00:00<00:00, 1438.87it/s, Materializing param=gpt_neox.layers.3.mlp.dense_h_to_4h.weight]
Loading weights:  67%|######7   | 51/76 [00:00<00:00, 1462.08it/s, Materializing param=gpt_neox.layers.3.post_attention_layernorm.bias]
Loading weights:  67%|######7   | 51/76 [00:00<00:00, 1456.50it/s, Materializing param=gpt_neox.layers.3.post_attention_layernorm.bias]
Loading weights:  68%|######8   | 52/76 [00:00<00:00, 1477.70it/s, Materializing param=gpt_neox.layers.3.post_attention_layernorm.weight]
Loading weights:  68%|######8   | 52/76 [00:00<00:00, 1474.18it/s, Materializing param=gpt_neox.layers.3.post_attention_layernorm.weight]
Loading weights:  70%|######9   | 53/76 [00:00<00:00, 1496.35it/s, Materializing param=gpt_neox.layers.4.attention.dense.bias]           
Loading weights:  70%|######9   | 53/76 [00:00<00:00, 1481.09it/s, Materializing param=gpt_neox.layers.4.attention.dense.bias]
Loading weights:  71%|#######1  | 54/76 [00:00<00:00, 1496.54it/s, Materializing param=gpt_neox.layers.4.attention.dense.weight]
Loading weights:  71%|#######1  | 54/76 [00:00<00:00, 1492.31it/s, Materializing param=gpt_neox.layers.4.attention.dense.weight]
Loading weights:  72%|#######2  | 55/76 [00:00<00:00, 1513.99it/s, Materializing param=gpt_neox.layers.4.attention.query_key_value.bias]
Loading weights:  72%|#######2  | 55/76 [00:00<00:00, 1507.90it/s, Materializing param=gpt_neox.layers.4.attention.query_key_value.bias]
Loading weights:  74%|#######3  | 56/76 [00:00<00:00, 1529.45it/s, Materializing param=gpt_neox.layers.4.attention.query_key_value.weight]
Loading weights:  74%|#######3  | 56/76 [00:00<00:00, 1526.76it/s, Materializing param=gpt_neox.layers.4.attention.query_key_value.weight]
Loading weights:  75%|#######5  | 57/76 [00:00<00:00, 1548.73it/s, Materializing param=gpt_neox.layers.4.input_layernorm.bias]            
Loading weights:  75%|#######5  | 57/76 [00:00<00:00, 1544.79it/s, Materializing param=gpt_neox.layers.4.input_layernorm.bias]
Loading weights:  76%|#######6  | 58/76 [00:00<00:00, 1565.96it/s, Materializing param=gpt_neox.layers.4.input_layernorm.weight]
Loading weights:  76%|#######6  | 58/76 [00:00<00:00, 1563.32it/s, Materializing param=gpt_neox.layers.4.input_layernorm.weight]
Loading weights:  78%|#######7  | 59/76 [00:00<00:00, 1585.24it/s, Materializing param=gpt_neox.layers.4.mlp.dense_4h_to_h.bias]
Loading weights:  78%|#######7  | 59/76 [00:00<00:00, 1581.15it/s, Materializing param=gpt_neox.layers.4.mlp.dense_4h_to_h.bias]
Loading weights:  79%|#######8  | 60/76 [00:00<00:00, 1602.12it/s, Materializing param=gpt_neox.layers.4.mlp.dense_4h_to_h.weight]
Loading weights:  79%|#######8  | 60/76 [00:00<00:00, 1597.96it/s, Materializing param=gpt_neox.layers.4.mlp.dense_4h_to_h.weight]
Loading weights:  80%|########  | 61/76 [00:00<00:00, 1618.54it/s, Materializing param=gpt_neox.layers.4.mlp.dense_h_to_4h.bias]  
Loading weights:  80%|########  | 61/76 [00:00<00:00, 1615.84it/s, Materializing param=gpt_neox.layers.4.mlp.dense_h_to_4h.bias]
Loading weights:  82%|########1 | 62/76 [00:00<00:00, 1633.46it/s, Materializing param=gpt_neox.layers.4.mlp.dense_h_to_4h.weight]
Loading weights:  82%|########1 | 62/76 [00:00<00:00, 1630.79it/s, Materializing param=gpt_neox.layers.4.mlp.dense_h_to_4h.weight]
Loading weights:  83%|########2 | 63/76 [00:00<00:00, 1652.17it/s, Materializing param=gpt_neox.layers.4.post_attention_layernorm.bias]
Loading weights:  83%|########2 | 63/76 [00:00<00:00, 1649.50it/s, Materializing param=gpt_neox.layers.4.post_attention_layernorm.bias]
Loading weights:  84%|########4 | 64/76 [00:00<00:00, 1670.58it/s, Materializing param=gpt_neox.layers.4.post_attention_layernorm.weight]
Loading weights:  84%|########4 | 64/76 [00:00<00:00, 1667.92it/s, Materializing param=gpt_neox.layers.4.post_attention_layernorm.weight]
Loading weights:  86%|########5 | 65/76 [00:00<00:00, 1689.30it/s, Materializing param=gpt_neox.layers.5.attention.dense.bias]           
Loading weights:  86%|########5 | 65/76 [00:00<00:00, 1686.66it/s, Materializing param=gpt_neox.layers.5.attention.dense.bias]
Loading weights:  87%|########6 | 66/76 [00:00<00:00, 1707.61it/s, Materializing param=gpt_neox.layers.5.attention.dense.weight]
Loading weights:  87%|########6 | 66/76 [00:00<00:00, 1704.94it/s, Materializing param=gpt_neox.layers.5.attention.dense.weight]
Loading weights:  88%|########8 | 67/76 [00:00<00:00, 1725.97it/s, Materializing param=gpt_neox.layers.5.attention.query_key_value.bias]
Loading weights:  88%|########8 | 67/76 [00:00<00:00, 1723.29it/s, Materializing param=gpt_neox.layers.5.attention.query_key_value.bias]
Loading weights:  89%|########9 | 68/76 [00:00<00:00, 1744.27it/s, Materializing param=gpt_neox.layers.5.attention.query_key_value.weight]
Loading weights:  89%|########9 | 68/76 [00:00<00:00, 1741.53it/s, Materializing param=gpt_neox.layers.5.attention.query_key_value.weight]
Loading weights:  91%|######### | 69/76 [00:00<00:00, 1759.47it/s, Materializing param=gpt_neox.layers.5.input_layernorm.bias]            
Loading weights:  91%|######### | 69/76 [00:00<00:00, 1755.64it/s, Materializing param=gpt_neox.layers.5.input_layernorm.bias]
Loading weights:  92%|#########2| 70/76 [00:00<00:00, 1775.01it/s, Materializing param=gpt_neox.layers.5.input_layernorm.weight]
Loading weights:  92%|#########2| 70/76 [00:00<00:00, 1771.76it/s, Materializing param=gpt_neox.layers.5.input_layernorm.weight]
Loading weights:  93%|#########3| 71/76 [00:00<00:00, 1791.88it/s, Materializing param=gpt_neox.layers.5.mlp.dense_4h_to_h.bias]
Loading weights:  93%|#########3| 71/76 [00:00<00:00, 1789.00it/s, Materializing param=gpt_neox.layers.5.mlp.dense_4h_to_h.bias]
Loading weights:  95%|#########4| 72/76 [00:00<00:00, 1808.97it/s, Materializing param=gpt_neox.layers.5.mlp.dense_4h_to_h.weight]
Loading weights:  95%|#########4| 72/76 [00:00<00:00, 1806.15it/s, Materializing param=gpt_neox.layers.5.mlp.dense_4h_to_h.weight]
Loading weights:  96%|#########6| 73/76 [00:00<00:00, 1826.12it/s, Materializing param=gpt_neox.layers.5.mlp.dense_h_to_4h.bias]  
Loading weights:  96%|#########6| 73/76 [00:00<00:00, 1823.30it/s, Materializing param=gpt_neox.layers.5.mlp.dense_h_to_4h.bias]
Loading weights:  97%|#########7| 74/76 [00:00<00:00, 1843.10it/s, Materializing param=gpt_neox.layers.5.mlp.dense_h_to_4h.weight]
Loading weights:  97%|#########7| 74/76 [00:00<00:00, 1839.03it/s, Materializing param=gpt_neox.layers.5.mlp.dense_h_to_4h.weight]
Loading weights:  99%|#########8| 75/76 [00:00<00:00, 1859.00it/s, Materializing param=gpt_neox.layers.5.post_attention_layernorm.bias]
Loading weights:  99%|#########8| 75/76 [00:00<00:00, 1856.16it/s, Materializing param=gpt_neox.layers.5.post_attention_layernorm.bias]
Loading weights: 100%|##########| 76/76 [00:00<00:00, 1875.20it/s, Materializing param=gpt_neox.layers.5.post_attention_layernorm.weight]
Loading weights: 100%|##########| 76/76 [00:00<00:00, 1872.27it/s, Materializing param=gpt_neox.layers.5.post_attention_layernorm.weight]
Loading weights: 100%|##########| 76/76 [00:00<00:00, 1865.67it/s, Materializing param=gpt_neox.layers.5.post_attention_layernorm.weight]
[2026-04-23T01:33:03.500184] END behavioral_fingerprint_transfer_nuisance OK

[2026-04-23T01:33:03.538003] START commitment_persistence_v2_adversarial: C:/Users/joshj/miniconda3/python.exe C:\Users\joshj\joseph-stroud-identity-stability-research\scripts\commitment_persistence_v2.py --config C:\Users\joshj\joseph-stroud-identity-stability-research\configs\identity_battery\commitment_persistence_v2_adversarial_smoke.yaml

Loading weights:   0%|          | 0/76 [00:00<?, ?it/s]
Loading weights:   1%|1         | 1/76 [00:00<00:00, 7973.96it/s, Materializing param=embed_out.weight]
Loading weights:   1%|1         | 1/76 [00:00<00:00, 4161.02it/s, Materializing param=embed_out.weight]
Loading weights:   3%|2         | 2/76 [00:00<00:00, 3738.24it/s, Materializing param=gpt_neox.embed_in.weight]
Loading weights:   3%|2         | 2/76 [00:00<00:00, 2226.87it/s, Materializing param=gpt_neox.embed_in.weight]
Loading weights:   4%|3         | 3/76 [00:00<00:00, 2708.92it/s, Materializing param=gpt_neox.final_layer_norm.bias]
Loading weights:   4%|3         | 3/76 [00:00<00:00, 2534.83it/s, Materializing param=gpt_neox.final_layer_norm.bias]
Loading weights:   5%|5         | 4/76 [00:00<00:00, 2781.37it/s, Materializing param=gpt_neox.final_layer_norm.weight]
Loading weights:   5%|5         | 4/76 [00:00<00:00, 2646.67it/s, Materializing param=gpt_neox.final_layer_norm.weight]
Loading weights:   7%|6         | 5/76 [00:00<00:00, 2969.21it/s, Materializing param=gpt_neox.layers.0.attention.dense.bias]
Loading weights:   7%|6         | 5/76 [00:00<00:00, 2836.67it/s, Materializing param=gpt_neox.layers.0.attention.dense.bias]
Loading weights:   8%|7         | 6/76 [00:00<00:00, 3157.57it/s, Materializing param=gpt_neox.layers.0.attention.dense.weight]
Loading weights:   8%|7         | 6/76 [00:00<00:00, 3057.82it/s, Materializing param=gpt_neox.layers.0.attention.dense.weight]
Loading weights:   9%|9         | 7/76 [00:00<00:00, 888.60it/s, Materializing param=gpt_neox.layers.0.attention.query_key_value.bias]
Loading weights:   9%|9         | 7/76 [00:00<00:00, 862.01it/s, Materializing param=gpt_neox.layers.0.attention.query_key_value.bias]
Loading weights:  11%|#         | 8/76 [00:00<00:00, 959.25it/s, Materializing param=gpt_neox.layers.0.attention.query_key_value.weight]
Loading weights:  11%|#         | 8/76 [00:00<00:00, 945.14it/s, Materializing param=gpt_neox.layers.0.attention.query_key_value.weight]
Loading weights:  12%|#1        | 9/76 [00:00<00:00, 1038.11it/s, Materializing param=gpt_neox.layers.0.input_layernorm.bias]           
Loading weights:  12%|#1        | 9/76 [00:00<00:00, 1026.92it/s, Materializing param=gpt_neox.layers.0.input_layernorm.bias]
Loading weights:  13%|#3        | 10/76 [00:00<00:00, 1096.78it/s, Materializing param=gpt_neox.layers.0.input_layernorm.weight]
Loading weights:  13%|#3        | 10/76 [00:00<00:00, 1087.88it/s, Materializing param=gpt_neox.layers.0.input_layernorm.weight]
Loading weights:  14%|#4        | 11/76 [00:00<00:00, 1162.74it/s, Materializing param=gpt_neox.layers.0.mlp.dense_4h_to_h.bias]
Loading weights:  14%|#4        | 11/76 [00:00<00:00, 1147.18it/s, Materializing param=gpt_neox.layers.0.mlp.dense_4h_to_h.bias]
Loading weights:  16%|#5        | 12/76 [00:00<00:00, 1232.56it/s, Materializing param=gpt_neox.layers.0.mlp.dense_4h_to_h.weight]
Loading weights:  16%|#5        | 12/76 [00:00<00:00, 1223.66it/s, Materializing param=gpt_neox.layers.0.mlp.dense_4h_to_h.weight]
Loading weights:  17%|#7        | 13/76 [00:00<00:00, 1303.23it/s, Materializing param=gpt_neox.layers.0.mlp.dense_h_to_4h.bias]  
Loading weights:  17%|#7        | 13/76 [00:00<00:00, 1283.45it/s, Materializing param=gpt_neox.layers.0.mlp.dense_h_to_4h.bias]
Loading weights:  18%|#8        | 14/76 [00:00<00:00, 1356.44it/s, Materializing param=gpt_neox.layers.0.mlp.dense_h_to_4h.weight]
Loading weights:  18%|#8        | 14/76 [00:00<00:00, 1347.29it/s, Materializing param=gpt_neox.layers.0.mlp.dense_h_to_4h.weight]
Loading weights:  20%|#9        | 15/76 [00:00<00:00, 1010.97it/s, Materializing param=gpt_neox.layers.0.post_attention_layernorm.bias]
Loading weights:  20%|#9        | 15/76 [00:00<00:00, 999.04it/s, Materializing param=gpt_neox.layers.0.post_attention_layernorm.bias] 
Loading weights:  21%|##1       | 16/76 [00:00<00:00, 1042.63it/s, Materializing param=gpt_neox.layers.0.post_attention_layernorm.weight]
Loading weights:  21%|##1       | 16/76 [00:00<00:00, 1034.23it/s, Materializing param=gpt_neox.layers.0.post_attention_layernorm.weight]
Loading weights:  22%|##2       | 17/76 [00:00<00:00, 1085.78it/s, Materializing param=gpt_neox.layers.1.attention.dense.bias]           
Loading weights:  22%|##2       | 17/76 [00:00<00:00, 1081.01it/s, Materializing param=gpt_neox.layers.1.attention.dense.bias]
Loading weights:  24%|##3       | 18/76 [00:00<00:00, 1133.39it/s, Materializing param=gpt_neox.layers.1.attention.dense.weight]
Loading weights:  24%|##3       | 18/76 [00:00<00:00, 1128.39it/s, Materializing param=gpt_neox.layers.1.attention.dense.weight]
Loading weights:  25%|##5       | 19/76 [00:00<00:00, 1179.20it/s, Materializing param=gpt_neox.layers.1.attention.query_key_value.bias]
Loading weights:  25%|##5       | 19/76 [00:00<00:00, 1174.68it/s, Materializing param=gpt_neox.layers.1.attention.query_key_value.bias]
Loading weights:  26%|##6       | 20/76 [00:00<00:00, 1221.37it/s, Materializing param=gpt_neox.layers.1.attention.query_key_value.weight]
Loading weights:  26%|##6       | 20/76 [00:00<00:00, 1211.07it/s, Materializing param=gpt_neox.layers.1.attention.query_key_value.weight]
Loading weights:  28%|##7       | 21/76 [00:00<00:00, 1250.32it/s, Materializing param=gpt_neox.layers.1.input_layernorm.bias]            
Loading weights:  28%|##7       | 21/76 [00:00<00:00, 1245.50it/s, Materializing param=gpt_neox.layers.1.input_layernorm.bias]
Loading weights:  29%|##8       | 22/76 [00:00<00:00, 1293.96it/s, Materializing param=gpt_neox.layers.1.input_layernorm.weight]
Loading weights:  29%|##8       | 22/76 [00:00<00:00, 1289.13it/s, Materializing param=gpt_neox.layers.1.input_layernorm.weight]
Loading weights:  30%|###       | 23/76 [00:00<00:00, 1338.60it/s, Materializing param=gpt_neox.layers.1.mlp.dense_4h_to_h.bias]
Loading weights:  30%|###       | 23/76 [00:00<00:00, 1333.84it/s, Materializing param=gpt_neox.layers.1.mlp.dense_4h_to_h.bias]
Loading weights:  32%|###1      | 24/76 [00:00<00:00, 1359.76it/s, Materializing param=gpt_neox.layers.1.mlp.dense_4h_to_h.weight]
Loading weights:  32%|###1      | 24/76 [00:00<00:00, 1354.40it/s, Materializing param=gpt_neox.layers.1.mlp.dense_4h_to_h.weight]
Loading weights:  33%|###2      | 25/76 [00:00<00:00, 1397.78it/s, Materializing param=gpt_neox.layers.1.mlp.dense_h_to_4h.bias]  
Loading weights:  33%|###2      | 25/76 [00:00<00:00, 1391.05it/s, Materializing param=gpt_neox.layers.1.mlp.dense_h_to_4h.bias]
Loading weights:  34%|###4      | 26/76 [00:00<00:00, 1428.07it/s, Materializing param=gpt_neox.layers.1.mlp.dense_h_to_4h.weight]
Loading weights:  34%|###4      | 26/76 [00:00<00:00, 1422.89it/s, Materializing param=gpt_neox.layers.1.mlp.dense_h_to_4h.weight]
Loading weights:  36%|###5      | 27/76 [00:00<00:00, 1461.92it/s, Materializing param=gpt_neox.layers.1.post_attention_layernorm.bias]
Loading weights:  36%|###5      | 27/76 [00:00<00:00, 1455.83it/s, Materializing param=gpt_neox.layers.1.post_attention_layernorm.bias]
Loading weights:  37%|###6      | 28/76 [00:00<00:00, 1498.83it/s, Materializing param=gpt_neox.layers.1.post_attention_layernorm.weight]
Loading weights:  37%|###6      | 28/76 [00:00<00:00, 1493.77it/s, Materializing param=gpt_neox.layers.1.post_attention_layernorm.weight]
Loading weights:  38%|###8      | 29/76 [00:00<00:00, 1536.74it/s, Materializing param=gpt_neox.layers.2.attention.dense.bias]           
Loading weights:  38%|###8      | 29/76 [00:00<00:00, 1531.79it/s, Materializing param=gpt_neox.layers.2.attention.dense.bias]
Loading weights:  39%|###9      | 30/76 [00:00<00:00, 1574.38it/s, Materializing param=gpt_neox.layers.2.attention.dense.weight]
Loading weights:  39%|###9      | 30/76 [00:00<00:00, 1569.43it/s, Materializing param=gpt_neox.layers.2.attention.dense.weight]
Loading weights:  41%|####      | 31/76 [00:00<00:00, 1611.73it/s, Materializing param=gpt_neox.layers.2.attention.query_key_value.bias]
Loading weights:  41%|####      | 31/76 [00:00<00:00, 1606.83it/s, Materializing param=gpt_neox.layers.2.attention.query_key_value.bias]
Loading weights:  42%|####2     | 32/76 [00:00<00:00, 1648.93it/s, Materializing param=gpt_neox.layers.2.attention.query_key_value.weight]
Loading weights:  42%|####2     | 32/76 [00:00<00:00, 1643.94it/s, Materializing param=gpt_neox.layers.2.attention.query_key_value.weight]
Loading weights:  43%|####3     | 33/76 [00:00<00:00, 1684.05it/s, Materializing param=gpt_neox.layers.2.input_layernorm.bias]            
Loading weights:  43%|####3     | 33/76 [00:00<00:00, 1653.65it/s, Materializing param=gpt_neox.layers.2.input_layernorm.bias]
Loading weights:  45%|####4     | 34/76 [00:00<00:00, 1688.37it/s, Materializing param=gpt_neox.layers.2.input_layernorm.weight]
Loading weights:  45%|####4     | 34/76 [00:00<00:00, 1633.35it/s, Materializing param=gpt_neox.layers.2.input_layernorm.weight]
Loading weights:  46%|####6     | 35/76 [00:00<00:00, 1644.40it/s, Materializing param=gpt_neox.layers.2.mlp.dense_4h_to_h.bias]
Loading weights:  46%|####6     | 35/76 [00:00<00:00, 1636.21it/s, Materializing param=gpt_neox.layers.2.mlp.dense_4h_to_h.bias]
Loading weights:  47%|####7     | 36/76 [00:00<00:00, 1669.26it/s, Materializing param=gpt_neox.layers.2.mlp.dense_4h_to_h.weight]
Loading weights:  47%|####7     | 36/76 [00:00<00:00, 1649.46it/s, Materializing param=gpt_neox.layers.2.mlp.dense_4h_to_h.weight]
Loading weights:  49%|####8     | 37/76 [00:00<00:00, 1681.23it/s, Materializing param=gpt_neox.layers.2.mlp.dense_h_to_4h.bias]  
Loading weights:  49%|####8     | 37/76 [00:00<00:00, 1675.80it/s, Materializing param=gpt_neox.layers.2.mlp.dense_h_to_4h.bias]
Loading weights:  50%|#####     | 38/76 [00:00<00:00, 1711.02it/s, Materializing param=gpt_neox.layers.2.mlp.dense_h_to_4h.weight]
Loading weights:  50%|#####     | 38/76 [00:00<00:00, 1704.56it/s, Materializing param=gpt_neox.layers.2.mlp.dense_h_to_4h.weight]
Loading weights:  51%|#####1    | 39/76 [00:00<00:00, 1735.04it/s, Materializing param=gpt_neox.layers.2.post_attention_layernorm.bias]
Loading weights:  51%|#####1    | 39/76 [00:00<00:00, 1729.99it/s, Materializing param=gpt_neox.layers.2.post_attention_layernorm.bias]
Loading weights:  53%|#####2    | 40/76 [00:00<00:00, 1745.39it/s, Materializing param=gpt_neox.layers.2.post_attention_layernorm.weight]
Loading weights:  53%|#####2    | 40/76 [00:00<00:00, 1739.53it/s, Materializing param=gpt_neox.layers.2.post_attention_layernorm.weight]
Loading weights:  54%|#####3    | 41/76 [00:00<00:00, 1764.01it/s, Materializing param=gpt_neox.layers.3.attention.dense.bias]           
Loading weights:  54%|#####3    | 41/76 [00:00<00:00, 1758.73it/s, Materializing param=gpt_neox.layers.3.attention.dense.bias]
Loading weights:  55%|#####5    | 42/76 [00:00<00:00, 1781.42it/s, Materializing param=gpt_neox.layers.3.attention.dense.weight]
Loading weights:  55%|#####5    | 42/76 [00:00<00:00, 1758.55it/s, Materializing param=gpt_neox.layers.3.attention.dense.weight]
Loading weights:  57%|#####6    | 43/76 [00:00<00:00, 1762.23it/s, Materializing param=gpt_neox.layers.3.attention.query_key_value.bias]
Loading weights:  57%|#####6    | 43/76 [00:00<00:00, 1749.02it/s, Materializing param=gpt_neox.layers.3.attention.query_key_value.bias]
Loading weights:  58%|#####7    | 44/76 [00:00<00:00, 1767.88it/s, Materializing param=gpt_neox.layers.3.attention.query_key_value.weight]
Loading weights:  58%|#####7    | 44/76 [00:00<00:00, 1762.14it/s, Materializing param=gpt_neox.layers.3.attention.query_key_value.weight]
Loading weights:  59%|#####9    | 45/76 [00:00<00:00, 1789.90it/s, Materializing param=gpt_neox.layers.3.input_layernorm.bias]            
Loading weights:  59%|#####9    | 45/76 [00:00<00:00, 1774.29it/s, Materializing param=gpt_neox.layers.3.input_layernorm.bias]
Loading weights:  61%|######    | 46/76 [00:00<00:00, 1798.82it/s, Materializing param=gpt_neox.layers.3.input_layernorm.weight]
Loading weights:  61%|######    | 46/76 [00:00<00:00, 1785.01it/s, Materializing param=gpt_neox.layers.3.input_layernorm.weight]
Loading weights:  62%|######1   | 47/76 [00:00<00:00, 1806.32it/s, Materializing param=gpt_neox.layers.3.mlp.dense_4h_to_h.bias]
Loading weights:  62%|######1   | 47/76 [00:00<00:00, 1801.53it/s, Materializing param=gpt_neox.layers.3.mlp.dense_4h_to_h.bias]
Loading weights:  63%|######3   | 48/76 [00:00<00:00, 1829.38it/s, Materializing param=gpt_neox.layers.3.mlp.dense_4h_to_h.weight]
Loading weights:  63%|######3   | 48/76 [00:00<00:00, 1825.05it/s, Materializing param=gpt_neox.layers.3.mlp.dense_4h_to_h.weight]
Loading weights:  64%|######4   | 49/76 [00:00<00:00, 1854.26it/s, Materializing param=gpt_neox.layers.3.mlp.dense_h_to_4h.bias]  
Loading weights:  64%|######4   | 49/76 [00:00<00:00, 1762.36it/s, Materializing param=gpt_neox.layers.3.mlp.dense_h_to_4h.bias]
Loading weights:  66%|######5   | 50/76 [00:00<00:00, 1754.66it/s, Materializing param=gpt_neox.layers.3.mlp.dense_h_to_4h.weight]
Loading weights:  66%|######5   | 50/76 [00:00<00:00, 1744.34it/s, Materializing param=gpt_neox.layers.3.mlp.dense_h_to_4h.weight]
Loading weights:  67%|######7   | 51/76 [00:00<00:00, 1769.29it/s, Materializing param=gpt_neox.layers.3.post_attention_layernorm.bias]
Loading weights:  67%|######7   | 51/76 [00:00<00:00, 1765.21it/s, Materializing param=gpt_neox.layers.3.post_attention_layernorm.bias]
Loading weights:  68%|######8   | 52/76 [00:00<00:00, 1791.45it/s, Materializing param=gpt_neox.layers.3.post_attention_layernorm.weight]
Loading weights:  68%|######8   | 52/76 [00:00<00:00, 1780.56it/s, Materializing param=gpt_neox.layers.3.post_attention_layernorm.weight]
Loading weights:  70%|######9   | 53/76 [00:00<00:00, 1805.89it/s, Materializing param=gpt_neox.layers.4.attention.dense.bias]           
Loading weights:  70%|######9   | 53/76 [00:00<00:00, 1786.43it/s, Materializing param=gpt_neox.layers.4.attention.dense.bias]
Loading weights:  71%|#######1  | 54/76 [00:00<00:00, 1798.14it/s, Materializing param=gpt_neox.layers.4.attention.dense.weight]
Loading weights:  71%|#######1  | 54/76 [00:00<00:00, 1787.97it/s, Materializing param=gpt_neox.layers.4.attention.dense.weight]
Loading weights:  72%|#######2  | 55/76 [00:00<00:00, 1806.80it/s, Materializing param=gpt_neox.layers.4.attention.query_key_value.bias]
Loading weights:  72%|#######2  | 55/76 [00:00<00:00, 1792.33it/s, Materializing param=gpt_neox.layers.4.attention.query_key_value.bias]
Loading weights:  74%|#######3  | 56/76 [00:00<00:00, 1795.16it/s, Materializing param=gpt_neox.layers.4.attention.query_key_value.weight]
Loading weights:  74%|#######3  | 56/76 [00:00<00:00, 1778.07it/s, Materializing param=gpt_neox.layers.4.attention.query_key_value.weight]
Loading weights:  75%|#######5  | 57/76 [00:00<00:00, 1798.48it/s, Materializing param=gpt_neox.layers.4.input_layernorm.bias]            
Loading weights:  75%|#######5  | 57/76 [00:00<00:00, 1794.37it/s, Materializing param=gpt_neox.layers.4.input_layernorm.bias]
Loading weights:  76%|#######6  | 58/76 [00:00<00:00, 1816.33it/s, Materializing param=gpt_neox.layers.4.input_layernorm.weight]
Loading weights:  76%|#######6  | 58/76 [00:00<00:00, 1810.63it/s, Materializing param=gpt_neox.layers.4.input_layernorm.weight]
Loading weights:  78%|#######7  | 59/76 [00:00<00:00, 1833.91it/s, Materializing param=gpt_neox.layers.4.mlp.dense_4h_to_h.bias]
Loading weights:  78%|#######7  | 59/76 [00:00<00:00, 1830.18it/s, Materializing param=gpt_neox.layers.4.mlp.dense_4h_to_h.bias]
Loading weights:  79%|#######8  | 60/76 [00:00<00:00, 1853.69it/s, Materializing param=gpt_neox.layers.4.mlp.dense_4h_to_h.weight]
Loading weights:  79%|#######8  | 60/76 [00:00<00:00, 1824.88it/s, Materializing param=gpt_neox.layers.4.mlp.dense_4h_to_h.weight]
Loading weights:  80%|########  | 61/76 [00:00<00:00, 1826.44it/s, Materializing param=gpt_neox.layers.4.mlp.dense_h_to_4h.bias]  
Loading weights:  80%|########  | 61/76 [00:00<00:00, 1820.26it/s, Materializing param=gpt_neox.layers.4.mlp.dense_h_to_4h.bias]
Loading weights:  82%|########1 | 62/76 [00:00<00:00, 1840.81it/s, Materializing param=gpt_neox.layers.4.mlp.dense_h_to_4h.weight]
Loading weights:  82%|########1 | 62/76 [00:00<00:00, 1837.18it/s, Materializing param=gpt_neox.layers.4.mlp.dense_h_to_4h.weight]
Loading weights:  83%|########2 | 63/76 [00:00<00:00, 1842.87it/s, Materializing param=gpt_neox.layers.4.post_attention_layernorm.bias]
Loading weights:  83%|########2 | 63/76 [00:00<00:00, 1837.62it/s, Materializing param=gpt_neox.layers.4.post_attention_layernorm.bias]
Loading weights:  84%|########4 | 64/76 [00:00<00:00, 1855.90it/s, Materializing param=gpt_neox.layers.4.post_attention_layernorm.weight]
Loading weights:  84%|########4 | 64/76 [00:00<00:00, 1846.07it/s, Materializing param=gpt_neox.layers.4.post_attention_layernorm.weight]
Loading weights:  86%|########5 | 65/76 [00:00<00:00, 1867.39it/s, Materializing param=gpt_neox.layers.5.attention.dense.bias]           
Loading weights:  86%|########5 | 65/76 [00:00<00:00, 1864.15it/s, Materializing param=gpt_neox.layers.5.attention.dense.bias]
Loading weights:  87%|########6 | 66/76 [00:00<00:00, 1882.49it/s, Materializing param=gpt_neox.layers.5.attention.dense.weight]
Loading weights:  87%|########6 | 66/76 [00:00<00:00, 1879.00it/s, Materializing param=gpt_neox.layers.5.attention.dense.weight]
Loading weights:  88%|########8 | 67/76 [00:00<00:00, 1900.69it/s, Materializing param=gpt_neox.layers.5.attention.query_key_value.bias]
Loading weights:  88%|########8 | 67/76 [00:00<00:00, 1897.53it/s, Materializing param=gpt_neox.layers.5.attention.query_key_value.bias]
Loading weights:  89%|########9 | 68/76 [00:00<00:00, 1919.60it/s, Materializing param=gpt_neox.layers.5.attention.query_key_value.weight]
Loading weights:  89%|########9 | 68/76 [00:00<00:00, 1916.44it/s, Materializing param=gpt_neox.layers.5.attention.query_key_value.weight]
Loading weights:  91%|######### | 69/76 [00:00<00:00, 1891.40it/s, Materializing param=gpt_neox.layers.5.input_layernorm.bias]            
Loading weights:  91%|######### | 69/76 [00:00<00:00, 1884.97it/s, Materializing param=gpt_neox.layers.5.input_layernorm.bias]
Loading weights:  92%|#########2| 70/76 [00:00<00:00, 1885.86it/s, Materializing param=gpt_neox.layers.5.input_layernorm.weight]
Loading weights:  92%|#########2| 70/76 [00:00<00:00, 1874.60it/s, Materializing param=gpt_neox.layers.5.input_layernorm.weight]
Loading weights:  93%|#########3| 71/76 [00:00<00:00, 1890.38it/s, Materializing param=gpt_neox.layers.5.mlp.dense_4h_to_h.bias]
Loading weights:  93%|#########3| 71/76 [00:00<00:00, 1872.19it/s, Materializing param=gpt_neox.layers.5.mlp.dense_4h_to_h.bias]
Loading weights:  95%|#########4| 72/76 [00:00<00:00, 1868.51it/s, Materializing param=gpt_neox.layers.5.mlp.dense_4h_to_h.weight]
Loading weights:  95%|#########4| 72/76 [00:00<00:00, 1864.56it/s, Materializing param=gpt_neox.layers.5.mlp.dense_4h_to_h.weight]
Loading weights:  96%|#########6| 73/76 [00:00<00:00, 1819.02it/s, Materializing param=gpt_neox.layers.5.mlp.dense_h_to_4h.bias]  
Loading weights:  96%|#########6| 73/76 [00:00<00:00, 1813.81it/s, Materializing param=gpt_neox.layers.5.mlp.dense_h_to_4h.bias]
Loading weights:  97%|#########7| 74/76 [00:00<00:00, 1831.71it/s, Materializing param=gpt_neox.layers.5.mlp.dense_h_to_4h.weight]
Loading weights:  97%|#########7| 74/76 [00:00<00:00, 1828.83it/s, Materializing param=gpt_neox.layers.5.mlp.dense_h_to_4h.weight]
Loading weights:  99%|#########8| 75/76 [00:00<00:00, 1848.40it/s, Materializing param=gpt_neox.layers.5.post_attention_layernorm.bias]
Loading weights:  99%|#########8| 75/76 [00:00<00:00, 1845.63it/s, Materializing param=gpt_neox.layers.5.post_attention_layernorm.bias]
Loading weights: 100%|##########| 76/76 [00:00<00:00, 1865.00it/s, Materializing param=gpt_neox.layers.5.post_attention_layernorm.weight]
Loading weights: 100%|##########| 76/76 [00:00<00:00, 1862.24it/s, Materializing param=gpt_neox.layers.5.post_attention_layernorm.weight]
Loading weights: 100%|##########| 76/76 [00:00<00:00, 1855.77it/s, Materializing param=gpt_neox.layers.5.post_attention_layernorm.weight]
[2026-04-23T01:33:24.349828] END commitment_persistence_v2_adversarial FAILED rc=0 validation_ok=False metrics={"row_count": 4, "label_bias_row_count": 4, "max_valid_choice_rate": 1.0, "max_reveal_pair_accuracy": 0.0, "max_abs_label_bias_gap": 0.5}

[2026-04-23T01:37:33.539722] SKIP self_prediction_transfer_v3_template_instruction using validated existing output: C:\Users\joshj\joseph-stroud-identity-stability-research\outputs\latest\cpu_identity_overnight_push_smoke\template_instruction\self_prediction_transfer_v3\summary_by_model_frame.csv

[2026-04-23T01:37:33.548083] SKIP self_prediction_transfer_v3_template_chat using validated existing output: C:\Users\joshj\joseph-stroud-identity-stability-research\outputs\latest\cpu_identity_overnight_push_smoke\template_chat\self_prediction_transfer_v3\summary_by_model_frame.csv

[2026-04-23T01:37:33.551007] SKIP self_prediction_transfer_v3_template_plain using validated existing output: C:\Users\joshj\joseph-stroud-identity-stability-research\outputs\latest\cpu_identity_overnight_push_smoke\template_plain\self_prediction_transfer_v3\summary_by_model_frame.csv

[2026-04-23T01:37:33.555992] SKIP kinship_ladder_dissociation using validated existing output: C:\Users\joshj\joseph-stroud-identity-stability-research\outputs\latest\cpu_identity_overnight_push_smoke\kinship_ladder_dissociation\kinship_ladder_dissociation\summary_by_foil.csv

[2026-04-23T01:37:33.562020] SKIP behavioral_fingerprint_transfer_nuisance using validated existing output: C:\Users\joshj\joseph-stroud-identity-stability-research\outputs\latest\cpu_identity_overnight_push_smoke\behavioral_fingerprint_nuisance\behavioral_fingerprint_transfer\summary_by_model_frame.csv

[2026-04-23T01:37:33.569712] START commitment_persistence_v2_adversarial: C:/Users/joshj/miniconda3/python.exe C:\Users\joshj\joseph-stroud-identity-stability-research\scripts\commitment_persistence_v2.py --config C:\Users\joshj\joseph-stroud-identity-stability-research\configs\identity_battery\commitment_persistence_v2_adversarial_smoke.yaml

Loading weights:   0%|          | 0/76 [00:00<?, ?it/s]
Loading weights:   1%|1         | 1/76 [00:00<00:00, 12157.40it/s, Materializing param=embed_out.weight]
Loading weights:   1%|1         | 1/76 [00:00<00:00, 5121.25it/s, Materializing param=embed_out.weight] 
Loading weights:   3%|2         | 2/76 [00:00<00:00, 4190.11it/s, Materializing param=gpt_neox.embed_in.weight]
Loading weights:   3%|2         | 2/76 [00:00<00:00, 3647.22it/s, Materializing param=gpt_neox.embed_in.weight]
Loading weights:   4%|3         | 3/76 [00:00<00:00, 3802.63it/s, Materializing param=gpt_neox.final_layer_norm.bias]
Loading weights:   4%|3         | 3/76 [00:00<00:00, 3123.86it/s, Materializing param=gpt_neox.final_layer_norm.bias]
Loading weights:   5%|5         | 4/76 [00:00<00:00, 3348.75it/s, Materializing param=gpt_neox.final_layer_norm.weight]
Loading weights:   5%|5         | 4/76 [00:00<00:00, 3151.83it/s, Materializing param=gpt_neox.final_layer_norm.weight]
Loading weights:   7%|6         | 5/76 [00:00<00:00, 3543.08it/s, Materializing param=gpt_neox.layers.0.attention.dense.bias]
Loading weights:   7%|6         | 5/76 [00:00<00:00, 3210.58it/s, Materializing param=gpt_neox.layers.0.attention.dense.bias]
Loading weights:   8%|7         | 6/76 [00:00<00:00, 3400.33it/s, Materializing param=gpt_neox.layers.0.attention.dense.weight]
Loading weights:   8%|7         | 6/76 [00:00<00:00, 3256.03it/s, Materializing param=gpt_neox.layers.0.attention.dense.weight]
Loading weights:   9%|9         | 7/76 [00:00<00:00, 1185.36it/s, Materializing param=gpt_neox.layers.0.attention.query_key_value.bias]
Loading weights:   9%|9         | 7/76 [00:00<00:00, 1147.01it/s, Materializing param=gpt_neox.layers.0.attention.query_key_value.bias]
Loading weights:  11%|#         | 8/76 [00:00<00:00, 1247.70it/s, Materializing param=gpt_neox.layers.0.attention.query_key_value.weight]
Loading weights:  11%|#         | 8/76 [00:00<00:00, 1229.55it/s, Materializing param=gpt_neox.layers.0.attention.query_key_value.weight]
Loading weights:  12%|#1        | 9/76 [00:00<00:00, 1309.63it/s, Materializing param=gpt_neox.layers.0.input_layernorm.bias]            
Loading weights:  12%|#1        | 9/76 [00:00<00:00, 1291.26it/s, Materializing param=gpt_neox.layers.0.input_layernorm.bias]
Loading weights:  13%|#3        | 10/76 [00:00<00:00, 1369.21it/s, Materializing param=gpt_neox.layers.0.input_layernorm.weight]
Loading weights:  13%|#3        | 10/76 [00:00<00:00, 1353.66it/s, Materializing param=gpt_neox.layers.0.input_layernorm.weight]
Loading weights:  14%|#4        | 11/76 [00:00<00:00, 1462.77it/s, Materializing param=gpt_neox.layers.0.mlp.dense_4h_to_h.bias]
Loading weights:  14%|#4        | 11/76 [00:00<00:00, 1445.77it/s, Materializing param=gpt_neox.layers.0.mlp.dense_4h_to_h.bias]
Loading weights:  16%|#5        | 12/76 [00:00<00:00, 1540.18it/s, Materializing param=gpt_neox.layers.0.mlp.dense_4h_to_h.weight]
Loading weights:  16%|#5        | 12/76 [00:00<00:00, 1520.87it/s, Materializing param=gpt_neox.layers.0.mlp.dense_4h_to_h.weight]
Loading weights:  17%|#7        | 13/76 [00:00<00:00, 870.24it/s, Materializing param=gpt_neox.layers.0.mlp.dense_h_to_4h.bias]   
Loading weights:  17%|#7        | 13/76 [00:00<00:00, 858.93it/s, Materializing param=gpt_neox.layers.0.mlp.dense_h_to_4h.bias]
Loading weights:  18%|#8        | 14/76 [00:00<00:00, 914.86it/s, Materializing param=gpt_neox.layers.0.mlp.dense_h_to_4h.weight]
Loading weights:  18%|#8        | 14/76 [00:00<00:00, 910.86it/s, Materializing param=gpt_neox.layers.0.mlp.dense_h_to_4h.weight]
Loading weights:  20%|#9        | 15/76 [00:00<00:00, 955.58it/s, Materializing param=gpt_neox.layers.0.post_attention_layernorm.bias]
Loading weights:  20%|#9        | 15/76 [00:00<00:00, 945.02it/s, Materializing param=gpt_neox.layers.0.post_attention_layernorm.bias]
Loading weights:  21%|##1       | 16/76 [00:00<00:00, 986.97it/s, Materializing param=gpt_neox.layers.0.post_attention_layernorm.weight]
Loading weights:  21%|##1       | 16/76 [00:00<00:00, 978.73it/s, Materializing param=gpt_neox.layers.0.post_attention_layernorm.weight]
Loading weights:  22%|##2       | 17/76 [00:00<00:00, 1028.83it/s, Materializing param=gpt_neox.layers.1.attention.dense.bias]          
Loading weights:  22%|##2       | 17/76 [00:00<00:00, 1024.68it/s, Materializing param=gpt_neox.layers.1.attention.dense.bias]
Loading weights:  24%|##3       | 18/76 [00:00<00:00, 1076.77it/s, Materializing param=gpt_neox.layers.1.attention.dense.weight]
Loading weights:  24%|##3       | 18/76 [00:00<00:00, 1071.97it/s, Materializing param=gpt_neox.layers.1.attention.dense.weight]
Loading weights:  25%|##5       | 19/76 [00:00<00:00, 1115.52it/s, Materializing param=gpt_neox.layers.1.attention.query_key_value.bias]
Loading weights:  25%|##5       | 19/76 [00:00<00:00, 1103.96it/s, Materializing param=gpt_neox.layers.1.attention.query_key_value.bias]
Loading weights:  26%|##6       | 20/76 [00:00<00:00, 1148.35it/s, Materializing param=gpt_neox.layers.1.attention.query_key_value.weight]
Loading weights:  26%|##6       | 20/76 [00:00<00:00, 1137.30it/s, Materializing param=gpt_neox.layers.1.attention.query_key_value.weight]
Loading weights:  28%|##7       | 21/76 [00:00<00:00, 1183.35it/s, Materializing param=gpt_neox.layers.1.input_layernorm.bias]            
Loading weights:  28%|##7       | 21/76 [00:00<00:00, 1177.50it/s, Materializing param=gpt_neox.layers.1.input_layernorm.bias]
Loading weights:  29%|##8       | 22/76 [00:00<00:00, 1204.47it/s, Materializing param=gpt_neox.layers.1.input_layernorm.weight]
Loading weights:  29%|##8       | 22/76 [00:00<00:00, 1192.75it/s, Materializing param=gpt_neox.layers.1.input_layernorm.weight]
Loading weights:  30%|###       | 23/76 [00:00<00:00, 1232.41it/s, Materializing param=gpt_neox.layers.1.mlp.dense_4h_to_h.bias]
Loading weights:  30%|###       | 23/76 [00:00<00:00, 1227.97it/s, Materializing param=gpt_neox.layers.1.mlp.dense_4h_to_h.bias]
Loading weights:  32%|###1      | 24/76 [00:00<00:00, 1270.68it/s, Materializing param=gpt_neox.layers.1.mlp.dense_4h_to_h.weight]
Loading weights:  32%|###1      | 24/76 [00:00<00:00, 1253.65it/s, Materializing param=gpt_neox.layers.1.mlp.dense_4h_to_h.weight]
Loading weights:  33%|###2      | 25/76 [00:00<00:00, 1297.20it/s, Materializing param=gpt_neox.layers.1.mlp.dense_h_to_4h.bias]  
Loading weights:  33%|###2      | 25/76 [00:00<00:00, 1277.18it/s, Materializing param=gpt_neox.layers.1.mlp.dense_h_to_4h.bias]
Loading weights:  34%|###4      | 26/76 [00:00<00:00, 1315.43it/s, Materializing param=gpt_neox.layers.1.mlp.dense_h_to_4h.weight]
Loading weights:  34%|###4      | 26/76 [00:00<00:00, 1310.97it/s, Materializing param=gpt_neox.layers.1.mlp.dense_h_to_4h.weight]
Loading weights:  36%|###5      | 27/76 [00:00<00:00, 1350.00it/s, Materializing param=gpt_neox.layers.1.post_attention_layernorm.bias]
Loading weights:  36%|###5      | 27/76 [00:00<00:00, 1290.42it/s, Materializing param=gpt_neox.layers.1.post_attention_layernorm.bias]
Loading weights:  37%|###6      | 28/76 [00:00<00:00, 1322.69it/s, Materializing param=gpt_neox.layers.1.post_attention_layernorm.weight]
Loading weights:  37%|###6      | 28/76 [00:00<00:00, 1313.40it/s, Materializing param=gpt_neox.layers.1.post_attention_layernorm.weight]
Loading weights:  38%|###8      | 29/76 [00:00<00:00, 1350.61it/s, Materializing param=gpt_neox.layers.2.attention.dense.bias]           
Loading weights:  38%|###8      | 29/76 [00:00<00:00, 1343.81it/s, Materializing param=gpt_neox.layers.2.attention.dense.bias]
Loading weights:  39%|###9      | 30/76 [00:00<00:00, 1365.17it/s, Materializing param=gpt_neox.layers.2.attention.dense.weight]
Loading weights:  39%|###9      | 30/76 [00:00<00:00, 1358.26it/s, Materializing param=gpt_neox.layers.2.attention.dense.weight]
Loading weights:  41%|####      | 31/76 [00:00<00:00, 1378.16it/s, Materializing param=gpt_neox.layers.2.attention.query_key_value.bias]
Loading weights:  41%|####      | 31/76 [00:00<00:00, 1372.31it/s, Materializing param=gpt_neox.layers.2.attention.query_key_value.bias]
Loading weights:  42%|####2     | 32/76 [00:00<00:00, 1407.07it/s, Materializing param=gpt_neox.layers.2.attention.query_key_value.weight]
Loading weights:  42%|####2     | 32/76 [00:00<00:00, 1387.48it/s, Materializing param=gpt_neox.layers.2.attention.query_key_value.weight]
Loading weights:  43%|####3     | 33/76 [00:00<00:00, 1421.14it/s, Materializing param=gpt_neox.layers.2.input_layernorm.bias]            
Loading weights:  43%|####3     | 33/76 [00:00<00:00, 1417.05it/s, Materializing param=gpt_neox.layers.2.input_layernorm.bias]
Loading weights:  45%|####4     | 34/76 [00:00<00:00, 1448.97it/s, Materializing param=gpt_neox.layers.2.input_layernorm.weight]
Loading weights:  45%|####4     | 34/76 [00:00<00:00, 1444.69it/s, Materializing param=gpt_neox.layers.2.input_layernorm.weight]
Loading weights:  46%|####6     | 35/76 [00:00<00:00, 1473.41it/s, Materializing param=gpt_neox.layers.2.mlp.dense_4h_to_h.bias]
Loading weights:  46%|####6     | 35/76 [00:00<00:00, 1469.06it/s, Materializing param=gpt_neox.layers.2.mlp.dense_4h_to_h.bias]
Loading weights:  47%|####7     | 36/76 [00:00<00:00, 1487.72it/s, Materializing param=gpt_neox.layers.2.mlp.dense_4h_to_h.weight]
Loading weights:  47%|####7     | 36/76 [00:00<00:00, 1483.08it/s, Materializing param=gpt_neox.layers.2.mlp.dense_4h_to_h.weight]
Loading weights:  49%|####8     | 37/76 [00:00<00:00, 1515.18it/s, Materializing param=gpt_neox.layers.2.mlp.dense_h_to_4h.bias]  
Loading weights:  49%|####8     | 37/76 [00:00<00:00, 1511.11it/s, Materializing param=gpt_neox.layers.2.mlp.dense_h_to_4h.bias]
Loading weights:  50%|#####     | 38/76 [00:00<00:00, 1541.90it/s, Materializing param=gpt_neox.layers.2.mlp.dense_h_to_4h.weight]
Loading weights:  50%|#####     | 38/76 [00:00<00:00, 1533.32it/s, Materializing param=gpt_neox.layers.2.mlp.dense_h_to_4h.weight]
Loading weights:  51%|#####1    | 39/76 [00:00<00:00, 1565.31it/s, Materializing param=gpt_neox.layers.2.post_attention_layernorm.bias]
Loading weights:  51%|#####1    | 39/76 [00:00<00:00, 1561.29it/s, Materializing param=gpt_neox.layers.2.post_attention_layernorm.bias]
Loading weights:  53%|#####2    | 40/76 [00:00<00:00, 1593.81it/s, Materializing param=gpt_neox.layers.2.post_attention_layernorm.weight]
Loading weights:  53%|#####2    | 40/76 [00:00<00:00, 1589.91it/s, Materializing param=gpt_neox.layers.2.post_attention_layernorm.weight]
Loading weights:  54%|#####3    | 41/76 [00:00<00:00, 1611.62it/s, Materializing param=gpt_neox.layers.3.attention.dense.bias]           
Loading weights:  54%|#####3    | 41/76 [00:00<00:00, 1601.15it/s, Materializing param=gpt_neox.layers.3.attention.dense.bias]
Loading weights:  55%|#####5    | 42/76 [00:00<00:00, 1627.23it/s, Materializing param=gpt_neox.layers.3.attention.dense.weight]
Loading weights:  55%|#####5    | 42/76 [00:00<00:00, 1621.61it/s, Materializing param=gpt_neox.layers.3.attention.dense.weight]
Loading weights:  57%|#####6    | 43/76 [00:00<00:00, 1647.71it/s, Materializing param=gpt_neox.layers.3.attention.query_key_value.bias]
Loading weights:  57%|#####6    | 43/76 [00:00<00:00, 1643.28it/s, Materializing param=gpt_neox.layers.3.attention.query_key_value.bias]
Loading weights:  58%|#####7    | 44/76 [00:00<00:00, 1661.04it/s, Materializing param=gpt_neox.layers.3.attention.query_key_value.weight]
Loading weights:  58%|#####7    | 44/76 [00:00<00:00, 1653.31it/s, Materializing param=gpt_neox.layers.3.attention.query_key_value.weight]
Loading weights:  59%|#####9    | 45/76 [00:00<00:00, 1681.25it/s, Materializing param=gpt_neox.layers.3.input_layernorm.bias]            
Loading weights:  59%|#####9    | 45/76 [00:00<00:00, 1677.30it/s, Materializing param=gpt_neox.layers.3.input_layernorm.bias]
Loading weights:  61%|######    | 46/76 [00:00<00:00, 1692.10it/s, Materializing param=gpt_neox.layers.3.input_layernorm.weight]
Loading weights:  61%|######    | 46/76 [00:00<00:00, 1688.03it/s, Materializing param=gpt_neox.layers.3.input_layernorm.weight]
Loading weights:  62%|######1   | 47/76 [00:00<00:00, 1704.75it/s, Materializing param=gpt_neox.layers.3.mlp.dense_4h_to_h.bias]
Loading weights:  62%|######1   | 47/76 [00:00<00:00, 1698.63it/s, Materializing param=gpt_neox.layers.3.mlp.dense_4h_to_h.bias]
Loading weights:  63%|######3   | 48/76 [00:00<00:00, 1725.80it/s, Materializing param=gpt_neox.layers.3.mlp.dense_4h_to_h.weight]
Loading weights:  63%|######3   | 48/76 [00:00<00:00, 1714.64it/s, Materializing param=gpt_neox.layers.3.mlp.dense_4h_to_h.weight]
Loading weights:  64%|######4   | 49/76 [00:00<00:00, 1740.35it/s, Materializing param=gpt_neox.layers.3.mlp.dense_h_to_4h.bias]  
Loading weights:  64%|######4   | 49/76 [00:00<00:00, 1736.54it/s, Materializing param=gpt_neox.layers.3.mlp.dense_h_to_4h.bias]
Loading weights:  66%|######5   | 50/76 [00:00<00:00, 1760.60it/s, Materializing param=gpt_neox.layers.3.mlp.dense_h_to_4h.weight]
Loading weights:  66%|######5   | 50/76 [00:00<00:00, 1756.28it/s, Materializing param=gpt_neox.layers.3.mlp.dense_h_to_4h.weight]
Loading weights:  67%|######7   | 51/76 [00:00<00:00, 1781.24it/s, Materializing param=gpt_neox.layers.3.post_attention_layernorm.bias]
Loading weights:  67%|######7   | 51/76 [00:00<00:00, 1777.17it/s, Materializing param=gpt_neox.layers.3.post_attention_layernorm.bias]
Loading weights:  68%|######8   | 52/76 [00:00<00:00, 1804.18it/s, Materializing param=gpt_neox.layers.3.post_attention_layernorm.weight]
Loading weights:  68%|######8   | 52/76 [00:00<00:00, 1800.41it/s, Materializing param=gpt_neox.layers.3.post_attention_layernorm.weight]
Loading weights:  70%|######9   | 53/76 [00:00<00:00, 1827.84it/s, Materializing param=gpt_neox.layers.4.attention.dense.bias]           
Loading weights:  70%|######9   | 53/76 [00:00<00:00, 1824.18it/s, Materializing param=gpt_neox.layers.4.attention.dense.bias]
Loading weights:  71%|#######1  | 54/76 [00:00<00:00, 1851.06it/s, Materializing param=gpt_neox.layers.4.attention.dense.weight]
Loading weights:  71%|#######1  | 54/76 [00:00<00:00, 1847.44it/s, Materializing param=gpt_neox.layers.4.attention.dense.weight]
Loading weights:  72%|#######2  | 55/76 [00:00<00:00, 1874.47it/s, Materializing param=gpt_neox.layers.4.attention.query_key_value.bias]
Loading weights:  72%|#######2  | 55/76 [00:00<00:00, 1870.60it/s, Materializing param=gpt_neox.layers.4.attention.query_key_value.bias]
Loading weights:  74%|#######3  | 56/76 [00:00<00:00, 1897.54it/s, Materializing param=gpt_neox.layers.4.attention.query_key_value.weight]
Loading weights:  74%|#######3  | 56/76 [00:00<00:00, 1892.86it/s, Materializing param=gpt_neox.layers.4.attention.query_key_value.weight]
Loading weights:  75%|#######5  | 57/76 [00:00<00:00, 1919.40it/s, Materializing param=gpt_neox.layers.4.input_layernorm.bias]            
Loading weights:  75%|#######5  | 57/76 [00:00<00:00, 1915.70it/s, Materializing param=gpt_neox.layers.4.input_layernorm.bias]
Loading weights:  76%|#######6  | 58/76 [00:00<00:00, 1924.72it/s, Materializing param=gpt_neox.layers.4.input_layernorm.weight]
Loading weights:  76%|#######6  | 58/76 [00:00<00:00, 1919.77it/s, Materializing param=gpt_neox.layers.4.input_layernorm.weight]
Loading weights:  78%|#######7  | 59/76 [00:00<00:00, 1938.83it/s, Materializing param=gpt_neox.layers.4.mlp.dense_4h_to_h.bias]
Loading weights:  78%|#######7  | 59/76 [00:00<00:00, 1934.04it/s, Materializing param=gpt_neox.layers.4.mlp.dense_4h_to_h.bias]
Loading weights:  79%|#######8  | 60/76 [00:00<00:00, 1956.33it/s, Materializing param=gpt_neox.layers.4.mlp.dense_4h_to_h.weight]
Loading weights:  79%|#######8  | 60/76 [00:00<00:00, 1941.21it/s, Materializing param=gpt_neox.layers.4.mlp.dense_4h_to_h.weight]
Loading weights:  80%|########  | 61/76 [00:00<00:00, 1960.96it/s, Materializing param=gpt_neox.layers.4.mlp.dense_h_to_4h.bias]  
Loading weights:  80%|########  | 61/76 [00:00<00:00, 1953.56it/s, Materializing param=gpt_neox.layers.4.mlp.dense_h_to_4h.bias]
Loading weights:  82%|########1 | 62/76 [00:00<00:00, 1971.84it/s, Materializing param=gpt_neox.layers.4.mlp.dense_h_to_4h.weight]
Loading weights:  82%|########1 | 62/76 [00:00<00:00, 1965.38it/s, Materializing param=gpt_neox.layers.4.mlp.dense_h_to_4h.weight]
Loading weights:  83%|########2 | 63/76 [00:00<00:00, 1985.39it/s, Materializing param=gpt_neox.layers.4.post_attention_layernorm.bias]
Loading weights:  83%|########2 | 63/76 [00:00<00:00, 1979.85it/s, Materializing param=gpt_neox.layers.4.post_attention_layernorm.bias]
Loading weights:  84%|########4 | 64/76 [00:00<00:00, 2001.25it/s, Materializing param=gpt_neox.layers.4.post_attention_layernorm.weight]
Loading weights:  84%|########4 | 64/76 [00:00<00:00, 1995.58it/s, Materializing param=gpt_neox.layers.4.post_attention_layernorm.weight]
Loading weights:  86%|########5 | 65/76 [00:00<00:00, 2015.91it/s, Materializing param=gpt_neox.layers.5.attention.dense.bias]           
Loading weights:  86%|########5 | 65/76 [00:00<00:00, 2010.17it/s, Materializing param=gpt_neox.layers.5.attention.dense.bias]
Loading weights:  87%|########6 | 66/76 [00:00<00:00, 2032.27it/s, Materializing param=gpt_neox.layers.5.attention.dense.weight]
Loading weights:  87%|########6 | 66/76 [00:00<00:00, 2028.31it/s, Materializing param=gpt_neox.layers.5.attention.dense.weight]
Loading weights:  88%|########8 | 67/76 [00:00<00:00, 2051.26it/s, Materializing param=gpt_neox.layers.5.attention.query_key_value.bias]
Loading weights:  88%|########8 | 67/76 [00:00<00:00, 2047.42it/s, Materializing param=gpt_neox.layers.5.attention.query_key_value.bias]
Loading weights:  89%|########9 | 68/76 [00:00<00:00, 2070.64it/s, Materializing param=gpt_neox.layers.5.attention.query_key_value.weight]
Loading weights:  89%|########9 | 68/76 [00:00<00:00, 2066.82it/s, Materializing param=gpt_neox.layers.5.attention.query_key_value.weight]
Loading weights:  91%|######### | 69/76 [00:00<00:00, 2089.87it/s, Materializing param=gpt_neox.layers.5.input_layernorm.bias]            
Loading weights:  91%|######### | 69/76 [00:00<00:00, 2085.98it/s, Materializing param=gpt_neox.layers.5.input_layernorm.bias]
Loading weights:  92%|#########2| 70/76 [00:00<00:00, 2108.87it/s, Materializing param=gpt_neox.layers.5.input_layernorm.weight]
Loading weights:  92%|#########2| 70/76 [00:00<00:00, 2105.09it/s, Materializing param=gpt_neox.layers.5.input_layernorm.weight]
Loading weights:  93%|#########3| 71/76 [00:00<00:00, 2128.28it/s, Materializing param=gpt_neox.layers.5.mlp.dense_4h_to_h.bias]
Loading weights:  93%|#########3| 71/76 [00:00<00:00, 2124.55it/s, Materializing param=gpt_neox.layers.5.mlp.dense_4h_to_h.bias]
Loading weights:  95%|#########4| 72/76 [00:00<00:00, 2147.58it/s, Materializing param=gpt_neox.layers.5.mlp.dense_4h_to_h.weight]
Loading weights:  95%|#########4| 72/76 [00:00<00:00, 2143.78it/s, Materializing param=gpt_neox.layers.5.mlp.dense_4h_to_h.weight]
Loading weights:  96%|#########6| 73/76 [00:00<00:00, 2166.43it/s, Materializing param=gpt_neox.layers.5.mlp.dense_h_to_4h.bias]  
Loading weights:  96%|#########6| 73/76 [00:00<00:00, 2162.62it/s, Materializing param=gpt_neox.layers.5.mlp.dense_h_to_4h.bias]
Loading weights:  97%|#########7| 74/76 [00:00<00:00, 2185.12it/s, Materializing param=gpt_neox.layers.5.mlp.dense_h_to_4h.weight]
Loading weights:  97%|#########7| 74/76 [00:00<00:00, 2181.37it/s, Materializing param=gpt_neox.layers.5.mlp.dense_h_to_4h.weight]
Loading weights:  99%|#########8| 75/76 [00:00<00:00, 2203.74it/s, Materializing param=gpt_neox.layers.5.post_attention_layernorm.bias]
Loading weights:  99%|#########8| 75/76 [00:00<00:00, 2199.27it/s, Materializing param=gpt_neox.layers.5.post_attention_layernorm.bias]
Loading weights: 100%|##########| 76/76 [00:00<00:00, 2220.82it/s, Materializing param=gpt_neox.layers.5.post_attention_layernorm.weight]
Loading weights: 100%|##########| 76/76 [00:00<00:00, 2216.59it/s, Materializing param=gpt_neox.layers.5.post_attention_layernorm.weight]
Loading weights: 100%|##########| 76/76 [00:00<00:00, 2207.48it/s, Materializing param=gpt_neox.layers.5.post_attention_layernorm.weight]
[2026-04-23T01:37:54.129829] END commitment_persistence_v2_adversarial FAILED rc=0 validation_ok=False metrics={"row_count": 4, "label_bias_row_count": 4, "max_valid_choice_rate": 1.0, "reveal_pair_accuracy_row_count": 0, "max_reveal_pair_accuracy": 0.0, "max_abs_label_bias_gap": 0.5}

[2026-04-23T01:40:36.602851] SKIP self_prediction_transfer_v3_template_instruction using validated existing output: C:\Users\joshj\joseph-stroud-identity-stability-research\outputs\latest\cpu_identity_overnight_push_smoke\template_instruction\self_prediction_transfer_v3\summary_by_model_frame.csv

[2026-04-23T01:40:36.611793] SKIP self_prediction_transfer_v3_template_chat using validated existing output: C:\Users\joshj\joseph-stroud-identity-stability-research\outputs\latest\cpu_identity_overnight_push_smoke\template_chat\self_prediction_transfer_v3\summary_by_model_frame.csv

[2026-04-23T01:40:36.614234] SKIP self_prediction_transfer_v3_template_plain using validated existing output: C:\Users\joshj\joseph-stroud-identity-stability-research\outputs\latest\cpu_identity_overnight_push_smoke\template_plain\self_prediction_transfer_v3\summary_by_model_frame.csv

[2026-04-23T01:40:36.616848] SKIP kinship_ladder_dissociation using validated existing output: C:\Users\joshj\joseph-stroud-identity-stability-research\outputs\latest\cpu_identity_overnight_push_smoke\kinship_ladder_dissociation\kinship_ladder_dissociation\summary_by_foil.csv

[2026-04-23T01:40:36.622603] SKIP behavioral_fingerprint_transfer_nuisance using validated existing output: C:\Users\joshj\joseph-stroud-identity-stability-research\outputs\latest\cpu_identity_overnight_push_smoke\behavioral_fingerprint_nuisance\behavioral_fingerprint_transfer\summary_by_model_frame.csv

[2026-04-23T01:40:36.635769] SKIP commitment_persistence_v2_adversarial using validated existing output: C:\Users\joshj\joseph-stroud-identity-stability-research\outputs\latest\cpu_identity_overnight_push_smoke\commitment_persistence_adversarial\commitment_persistence_v2\summary_by_model_frame.csv

[2026-04-23T01:40:36.640188] START source_monitoring_attribution: C:/Users/joshj/miniconda3/python.exe C:\Users\joshj\joseph-stroud-identity-stability-research\scripts\source_monitoring_attribution.py --config C:\Users\joshj\joseph-stroud-identity-stability-research\configs\identity_battery\source_monitoring_attribution_smoke.yaml

Loading weights:   0%|          | 0/76 [00:00<?, ?it/s]
Loading weights:   1%|1         | 1/76 [00:00<00:00, 9892.23it/s, Materializing param=embed_out.weight]
Loading weights:   1%|1         | 1/76 [00:00<00:00, 5178.15it/s, Materializing param=embed_out.weight]
Loading weights:   3%|2         | 2/76 [00:00<00:00, 4678.53it/s, Materializing param=gpt_neox.embed_in.weight]
Loading weights:   3%|2         | 2/76 [00:00<00:00, 3979.42it/s, Materializing param=gpt_neox.embed_in.weight]
Loading weights:   4%|3         | 3/76 [00:00<00:00, 530.16it/s, Materializing param=gpt_neox.final_layer_norm.bias]
Loading weights:   4%|3         | 3/76 [00:00<00:00, 514.41it/s, Materializing param=gpt_neox.final_layer_norm.bias]
Loading weights:   5%|5         | 4/76 [00:00<00:00, 646.67it/s, Materializing param=gpt_neox.final_layer_norm.weight]
Loading weights:   5%|5         | 4/76 [00:00<00:00, 638.09it/s, Materializing param=gpt_neox.final_layer_norm.weight]
Loading weights:   7%|6         | 5/76 [00:00<00:00, 773.66it/s, Materializing param=gpt_neox.layers.0.attention.dense.bias]
Loading weights:   7%|6         | 5/76 [00:00<00:00, 764.10it/s, Materializing param=gpt_neox.layers.0.attention.dense.bias]
Loading weights:   8%|7         | 6/76 [00:00<00:00, 893.96it/s, Materializing param=gpt_neox.layers.0.attention.dense.weight]
Loading weights:   8%|7         | 6/76 [00:00<00:00, 885.09it/s, Materializing param=gpt_neox.layers.0.attention.dense.weight]
Loading weights:   9%|9         | 7/76 [00:00<00:00, 594.80it/s, Materializing param=gpt_neox.layers.0.attention.query_key_value.bias]
Loading weights:   9%|9         | 7/76 [00:00<00:00, 588.05it/s, Materializing param=gpt_neox.layers.0.attention.query_key_value.bias]
Loading weights:  11%|#         | 8/76 [00:00<00:00, 662.87it/s, Materializing param=gpt_neox.layers.0.attention.query_key_value.weight]
Loading weights:  11%|#         | 8/76 [00:00<00:00, 659.11it/s, Materializing param=gpt_neox.layers.0.attention.query_key_value.weight]
Loading weights:  12%|#1        | 9/76 [00:00<00:00, 730.53it/s, Materializing param=gpt_neox.layers.0.input_layernorm.bias]            
Loading weights:  12%|#1        | 9/76 [00:00<00:00, 724.06it/s, Materializing param=gpt_neox.layers.0.input_layernorm.bias]
Loading weights:  13%|#3        | 10/76 [00:00<00:00, 795.01it/s, Materializing param=gpt_neox.layers.0.input_layernorm.weight]
Loading weights:  13%|#3        | 10/76 [00:00<00:00, 790.96it/s, Materializing param=gpt_neox.layers.0.input_layernorm.weight]
Loading weights:  14%|#4        | 11/76 [00:00<00:00, 819.19it/s, Materializing param=gpt_neox.layers.0.mlp.dense_4h_to_h.bias]
Loading weights:  14%|#4        | 11/76 [00:00<00:00, 812.78it/s, Materializing param=gpt_neox.layers.0.mlp.dense_4h_to_h.bias]
Loading weights:  16%|#5        | 12/76 [00:00<00:00, 858.90it/s, Materializing param=gpt_neox.layers.0.mlp.dense_4h_to_h.weight]
Loading weights:  16%|#5        | 12/76 [00:00<00:00, 844.49it/s, Materializing param=gpt_neox.layers.0.mlp.dense_4h_to_h.weight]
Loading weights:  17%|#7        | 13/76 [00:00<00:00, 904.27it/s, Materializing param=gpt_neox.layers.0.mlp.dense_h_to_4h.bias]  
Loading weights:  17%|#7        | 13/76 [00:00<00:00, 895.72it/s, Materializing param=gpt_neox.layers.0.mlp.dense_h_to_4h.bias]
Loading weights:  18%|#8        | 14/76 [00:00<00:00, 953.78it/s, Materializing param=gpt_neox.layers.0.mlp.dense_h_to_4h.weight]
Loading weights:  18%|#8        | 14/76 [00:00<00:00, 938.44it/s, Materializing param=gpt_neox.layers.0.mlp.dense_h_to_4h.weight]
Loading weights:  20%|#9        | 15/76 [00:00<00:00, 994.49it/s, Materializing param=gpt_neox.layers.0.post_attention_layernorm.bias]
Loading weights:  20%|#9        | 15/76 [00:00<00:00, 982.32it/s, Materializing param=gpt_neox.layers.0.post_attention_layernorm.bias]
Loading weights:  21%|##1       | 16/76 [00:00<00:00, 1034.85it/s, Materializing param=gpt_neox.layers.0.post_attention_layernorm.weight]
Loading weights:  21%|##1       | 16/76 [00:00<00:00, 1027.91it/s, Materializing param=gpt_neox.layers.0.post_attention_layernorm.weight]
Loading weights:  22%|##2       | 17/76 [00:00<00:00, 1082.52it/s, Materializing param=gpt_neox.layers.1.attention.dense.bias]           
Loading weights:  22%|##2       | 17/76 [00:00<00:00, 1078.00it/s, Materializing param=gpt_neox.layers.1.attention.dense.bias]
Loading weights:  24%|##3       | 18/76 [00:00<00:00, 1111.38it/s, Materializing param=gpt_neox.layers.1.attention.dense.weight]
Loading weights:  24%|##3       | 18/76 [00:00<00:00, 1106.34it/s, Materializing param=gpt_neox.layers.1.attention.dense.weight]
Loading weights:  25%|##5       | 19/76 [00:00<00:00, 1151.60it/s, Materializing param=gpt_neox.layers.1.attention.query_key_value.bias]
Loading weights:  25%|##5       | 19/76 [00:00<00:00, 1146.48it/s, Materializing param=gpt_neox.layers.1.attention.query_key_value.bias]
Loading weights:  26%|##6       | 20/76 [00:00<00:00, 1196.77it/s, Materializing param=gpt_neox.layers.1.attention.query_key_value.weight]
Loading weights:  26%|##6       | 20/76 [00:00<00:00, 1192.21it/s, Materializing param=gpt_neox.layers.1.attention.query_key_value.weight]
Loading weights:  28%|##7       | 21/76 [00:00<00:00, 1242.37it/s, Materializing param=gpt_neox.layers.1.input_layernorm.bias]            
Loading weights:  28%|##7       | 21/76 [00:00<00:00, 1234.71it/s, Materializing param=gpt_neox.layers.1.input_layernorm.bias]
Loading weights:  29%|##8       | 22/76 [00:00<00:00, 1263.12it/s, Materializing param=gpt_neox.layers.1.input_layernorm.weight]
Loading weights:  29%|##8       | 22/76 [00:00<00:00, 1247.29it/s, Materializing param=gpt_neox.layers.1.input_layernorm.weight]
Loading weights:  30%|###       | 23/76 [00:00<00:00, 1283.69it/s, Materializing param=gpt_neox.layers.1.mlp.dense_4h_to_h.bias]
Loading weights:  30%|###       | 23/76 [00:00<00:00, 1277.87it/s, Materializing param=gpt_neox.layers.1.mlp.dense_4h_to_h.bias]
Loading weights:  32%|###1      | 24/76 [00:00<00:00, 1278.30it/s, Materializing param=gpt_neox.layers.1.mlp.dense_4h_to_h.weight]
Loading weights:  32%|###1      | 24/76 [00:00<00:00, 1269.54it/s, Materializing param=gpt_neox.layers.1.mlp.dense_4h_to_h.weight]
Loading weights:  33%|###2      | 25/76 [00:00<00:00, 1307.03it/s, Materializing param=gpt_neox.layers.1.mlp.dense_h_to_4h.bias]  
Loading weights:  33%|###2      | 25/76 [00:00<00:00, 1301.06it/s, Materializing param=gpt_neox.layers.1.mlp.dense_h_to_4h.bias]
Loading weights:  34%|###4      | 26/76 [00:00<00:00, 1342.19it/s, Materializing param=gpt_neox.layers.1.mlp.dense_h_to_4h.weight]
Loading weights:  34%|###4      | 26/76 [00:00<00:00, 1333.12it/s, Materializing param=gpt_neox.layers.1.mlp.dense_h_to_4h.weight]
Loading weights:  36%|###5      | 27/76 [00:00<00:00, 1366.57it/s, Materializing param=gpt_neox.layers.1.post_attention_layernorm.bias]
Loading weights:  36%|###5      | 27/76 [00:00<00:00, 1344.92it/s, Materializing param=gpt_neox.layers.1.post_attention_layernorm.bias]
Loading weights:  37%|###6      | 28/76 [00:00<00:00, 1380.79it/s, Materializing param=gpt_neox.layers.1.post_attention_layernorm.weight]
Loading weights:  37%|###6      | 28/76 [00:00<00:00, 1373.30it/s, Materializing param=gpt_neox.layers.1.post_attention_layernorm.weight]
Loading weights:  38%|###8      | 29/76 [00:00<00:00, 1410.08it/s, Materializing param=gpt_neox.layers.2.attention.dense.bias]           
Loading weights:  38%|###8      | 29/76 [00:00<00:00, 1404.22it/s, Materializing param=gpt_neox.layers.2.attention.dense.bias]
Loading weights:  39%|###9      | 30/76 [00:00<00:00, 1421.75it/s, Materializing param=gpt_neox.layers.2.attention.dense.weight]
Loading weights:  39%|###9      | 30/76 [00:00<00:00, 1416.40it/s, Materializing param=gpt_neox.layers.2.attention.dense.weight]
Loading weights:  41%|####      | 31/76 [00:00<00:00, 1452.69it/s, Materializing param=gpt_neox.layers.2.attention.query_key_value.bias]
Loading weights:  41%|####      | 31/76 [00:00<00:00, 1448.05it/s, Materializing param=gpt_neox.layers.2.attention.query_key_value.bias]
Loading weights:  42%|####2     | 32/76 [00:00<00:00, 1464.40it/s, Materializing param=gpt_neox.layers.2.attention.query_key_value.weight]
Loading weights:  42%|####2     | 32/76 [00:00<00:00, 1458.78it/s, Materializing param=gpt_neox.layers.2.attention.query_key_value.weight]
Loading weights:  43%|####3     | 33/76 [00:00<00:00, 1494.52it/s, Materializing param=gpt_neox.layers.2.input_layernorm.bias]            
Loading weights:  43%|####3     | 33/76 [00:00<00:00, 1489.94it/s, Materializing param=gpt_neox.layers.2.input_layernorm.bias]
Loading weights:  45%|####4     | 34/76 [00:00<00:00, 1507.59it/s, Materializing param=gpt_neox.layers.2.input_layernorm.weight]
Loading weights:  45%|####4     | 34/76 [00:00<00:00, 1492.60it/s, Materializing param=gpt_neox.layers.2.input_layernorm.weight]
Loading weights:  46%|####6     | 35/76 [00:00<00:00, 1507.69it/s, Materializing param=gpt_neox.layers.2.mlp.dense_4h_to_h.bias]
Loading weights:  46%|####6     | 35/76 [00:00<00:00, 1491.50it/s, Materializing param=gpt_neox.layers.2.mlp.dense_4h_to_h.bias]
Loading weights:  47%|####7     | 36/76 [00:00<00:00, 1517.90it/s, Materializing param=gpt_neox.layers.2.mlp.dense_4h_to_h.weight]
Loading weights:  47%|####7     | 36/76 [00:00<00:00, 1513.37it/s, Materializing param=gpt_neox.layers.2.mlp.dense_4h_to_h.weight]
Loading weights:  49%|####8     | 37/76 [00:00<00:00, 1544.17it/s, Materializing param=gpt_neox.layers.2.mlp.dense_h_to_4h.bias]  
Loading weights:  49%|####8     | 37/76 [00:00<00:00, 1536.92it/s, Materializing param=gpt_neox.layers.2.mlp.dense_h_to_4h.bias]
Loading weights:  50%|#####     | 38/76 [00:00<00:00, 1566.36it/s, Materializing param=gpt_neox.layers.2.mlp.dense_h_to_4h.weight]
Loading weights:  50%|#####     | 38/76 [00:00<00:00, 1561.37it/s, Materializing param=gpt_neox.layers.2.mlp.dense_h_to_4h.weight]
Loading weights:  51%|#####1    | 39/76 [00:00<00:00, 1592.22it/s, Materializing param=gpt_neox.layers.2.post_attention_layernorm.bias]
Loading weights:  51%|#####1    | 39/76 [00:00<00:00, 1525.57it/s, Materializing param=gpt_neox.layers.2.post_attention_layernorm.bias]
Loading weights:  53%|#####2    | 40/76 [00:00<00:00, 1547.63it/s, Materializing param=gpt_neox.layers.2.post_attention_layernorm.weight]
Loading weights:  53%|#####2    | 40/76 [00:00<00:00, 1542.28it/s, Materializing param=gpt_neox.layers.2.post_attention_layernorm.weight]
Loading weights:  54%|#####3    | 41/76 [00:00<00:00, 1568.25it/s, Materializing param=gpt_neox.layers.3.attention.dense.bias]           
Loading weights:  54%|#####3    | 41/76 [00:00<00:00, 1563.84it/s, Materializing param=gpt_neox.layers.3.attention.dense.bias]
Loading weights:  55%|#####5    | 42/76 [00:00<00:00, 1593.06it/s, Materializing param=gpt_neox.layers.3.attention.dense.weight]
Loading weights:  55%|#####5    | 42/76 [00:00<00:00, 1578.59it/s, Materializing param=gpt_neox.layers.3.attention.dense.weight]
Loading weights:  57%|#####6    | 43/76 [00:00<00:00, 1606.15it/s, Materializing param=gpt_neox.layers.3.attention.query_key_value.bias]
Loading weights:  57%|#####6    | 43/76 [00:00<00:00, 1602.03it/s, Materializing param=gpt_neox.layers.3.attention.query_key_value.bias]
Loading weights:  58%|#####7    | 44/76 [00:00<00:00, 1614.66it/s, Materializing param=gpt_neox.layers.3.attention.query_key_value.weight]
Loading weights:  58%|#####7    | 44/76 [00:00<00:00, 1590.93it/s, Materializing param=gpt_neox.layers.3.attention.query_key_value.weight]
Loading weights:  59%|#####9    | 45/76 [00:00<00:00, 1609.37it/s, Materializing param=gpt_neox.layers.3.input_layernorm.bias]            
Loading weights:  59%|#####9    | 45/76 [00:00<00:00, 1603.89it/s, Materializing param=gpt_neox.layers.3.input_layernorm.bias]
Loading weights:  61%|######    | 46/76 [00:00<00:00, 1631.18it/s, Materializing param=gpt_neox.layers.3.input_layernorm.weight]
Loading weights:  61%|######    | 46/76 [00:00<00:00, 1627.23it/s, Materializing param=gpt_neox.layers.3.input_layernorm.weight]
Loading weights:  62%|######1   | 47/76 [00:00<00:00, 1650.65it/s, Materializing param=gpt_neox.layers.3.mlp.dense_4h_to_h.bias]
Loading weights:  62%|######1   | 47/76 [00:00<00:00, 1640.75it/s, Materializing param=gpt_neox.layers.3.mlp.dense_4h_to_h.bias]
Loading weights:  63%|######3   | 48/76 [00:00<00:00, 1644.10it/s, Materializing param=gpt_neox.layers.3.mlp.dense_4h_to_h.weight]
Loading weights:  63%|######3   | 48/76 [00:00<00:00, 1637.57it/s, Materializing param=gpt_neox.layers.3.mlp.dense_4h_to_h.weight]
Loading weights:  64%|######4   | 49/76 [00:00<00:00, 1651.33it/s, Materializing param=gpt_neox.layers.3.mlp.dense_h_to_4h.bias]  
Loading weights:  64%|######4   | 49/76 [00:00<00:00, 1636.00it/s, Materializing param=gpt_neox.layers.3.mlp.dense_h_to_4h.bias]
Loading weights:  66%|######5   | 50/76 [00:00<00:00, 1652.35it/s, Materializing param=gpt_neox.layers.3.mlp.dense_h_to_4h.weight]
Loading weights:  66%|######5   | 50/76 [00:00<00:00, 1645.11it/s, Materializing param=gpt_neox.layers.3.mlp.dense_h_to_4h.weight]
Loading weights:  67%|######7   | 51/76 [00:00<00:00, 1662.17it/s, Materializing param=gpt_neox.layers.3.post_attention_layernorm.bias]
Loading weights:  67%|######7   | 51/76 [00:00<00:00, 1649.09it/s, Materializing param=gpt_neox.layers.3.post_attention_layernorm.bias]
Loading weights:  68%|######8   | 52/76 [00:00<00:00, 1671.64it/s, Materializing param=gpt_neox.layers.3.post_attention_layernorm.weight]
Loading weights:  68%|######8   | 52/76 [00:00<00:00, 1666.72it/s, Materializing param=gpt_neox.layers.3.post_attention_layernorm.weight]
Loading weights:  70%|######9   | 53/76 [00:00<00:00, 1689.61it/s, Materializing param=gpt_neox.layers.4.attention.dense.bias]           
Loading weights:  70%|######9   | 53/76 [00:00<00:00, 1685.81it/s, Materializing param=gpt_neox.layers.4.attention.dense.bias]
Loading weights:  71%|#######1  | 54/76 [00:00<00:00, 1702.68it/s, Materializing param=gpt_neox.layers.4.attention.dense.weight]
Loading weights:  71%|#######1  | 54/76 [00:00<00:00, 1698.44it/s, Materializing param=gpt_neox.layers.4.attention.dense.weight]
Loading weights:  72%|#######2  | 55/76 [00:00<00:00, 1713.32it/s, Materializing param=gpt_neox.layers.4.attention.query_key_value.bias]
Loading weights:  72%|#######2  | 55/76 [00:00<00:00, 1703.14it/s, Materializing param=gpt_neox.layers.4.attention.query_key_value.bias]
Loading weights:  74%|#######3  | 56/76 [00:00<00:00, 1723.62it/s, Materializing param=gpt_neox.layers.4.attention.query_key_value.weight]
Loading weights:  74%|#######3  | 56/76 [00:00<00:00, 1719.35it/s, Materializing param=gpt_neox.layers.4.attention.query_key_value.weight]
Loading weights:  75%|#######5  | 57/76 [00:00<00:00, 1742.15it/s, Materializing param=gpt_neox.layers.4.input_layernorm.bias]            
Loading weights:  75%|#######5  | 57/76 [00:00<00:00, 1738.63it/s, Materializing param=gpt_neox.layers.4.input_layernorm.bias]
Loading weights:  76%|#######6  | 58/76 [00:00<00:00, 1759.33it/s, Materializing param=gpt_neox.layers.4.input_layernorm.weight]
Loading weights:  76%|#######6  | 58/76 [00:00<00:00, 1755.65it/s, Materializing param=gpt_neox.layers.4.input_layernorm.weight]
Loading weights:  78%|#######7  | 59/76 [00:00<00:00, 1778.84it/s, Materializing param=gpt_neox.layers.4.mlp.dense_4h_to_h.bias]
Loading weights:  78%|#######7  | 59/76 [00:00<00:00, 1775.00it/s, Materializing param=gpt_neox.layers.4.mlp.dense_4h_to_h.bias]
Loading weights:  79%|#######8  | 60/76 [00:00<00:00, 1796.60it/s, Materializing param=gpt_neox.layers.4.mlp.dense_4h_to_h.weight]
Loading weights:  79%|#######8  | 60/76 [00:00<00:00, 1785.34it/s, Materializing param=gpt_neox.layers.4.mlp.dense_4h_to_h.weight]
Loading weights:  80%|########  | 61/76 [00:00<00:00, 1806.18it/s, Materializing param=gpt_neox.layers.4.mlp.dense_h_to_4h.bias]  
Loading weights:  80%|########  | 61/76 [00:00<00:00, 1802.03it/s, Materializing param=gpt_neox.layers.4.mlp.dense_h_to_4h.bias]
Loading weights:  82%|########1 | 62/76 [00:00<00:00, 1822.74it/s, Materializing param=gpt_neox.layers.4.mlp.dense_h_to_4h.weight]
Loading weights:  82%|########1 | 62/76 [00:00<00:00, 1819.13it/s, Materializing param=gpt_neox.layers.4.mlp.dense_h_to_4h.weight]
Loading weights:  83%|########2 | 63/76 [00:00<00:00, 1744.93it/s, Materializing param=gpt_neox.layers.4.post_attention_layernorm.bias]
Loading weights:  83%|########2 | 63/76 [00:00<00:00, 1735.38it/s, Materializing param=gpt_neox.layers.4.post_attention_layernorm.bias]
Loading weights:  84%|########4 | 64/76 [00:00<00:00, 1751.71it/s, Materializing param=gpt_neox.layers.4.post_attention_layernorm.weight]
Loading weights:  84%|########4 | 64/76 [00:00<00:00, 1746.92it/s, Materializing param=gpt_neox.layers.4.post_attention_layernorm.weight]
Loading weights:  86%|########5 | 65/76 [00:00<00:00, 1755.29it/s, Materializing param=gpt_neox.layers.5.attention.dense.bias]           
Loading weights:  86%|########5 | 65/76 [00:00<00:00, 1750.08it/s, Materializing param=gpt_neox.layers.5.attention.dense.bias]
Loading weights:  87%|########6 | 66/76 [00:00<00:00, 1762.14it/s, Materializing param=gpt_neox.layers.5.attention.dense.weight]
Loading weights:  87%|########6 | 66/76 [00:00<00:00, 1751.49it/s, Materializing param=gpt_neox.layers.5.attention.dense.weight]
Loading weights:  88%|########8 | 67/76 [00:00<00:00, 1768.04it/s, Materializing param=gpt_neox.layers.5.attention.query_key_value.bias]
Loading weights:  88%|########8 | 67/76 [00:00<00:00, 1761.95it/s, Materializing param=gpt_neox.layers.5.attention.query_key_value.bias]
Loading weights:  89%|########9 | 68/76 [00:00<00:00, 1775.60it/s, Materializing param=gpt_neox.layers.5.attention.query_key_value.weight]
Loading weights:  89%|########9 | 68/76 [00:00<00:00, 1770.05it/s, Materializing param=gpt_neox.layers.5.attention.query_key_value.weight]
Loading weights:  91%|######### | 69/76 [00:00<00:00, 1787.21it/s, Materializing param=gpt_neox.layers.5.input_layernorm.bias]            
Loading weights:  91%|######### | 69/76 [00:00<00:00, 1779.72it/s, Materializing param=gpt_neox.layers.5.input_layernorm.bias]
Loading weights:  92%|#########2| 70/76 [00:00<00:00, 1797.69it/s, Materializing param=gpt_neox.layers.5.input_layernorm.weight]
Loading weights:  92%|#########2| 70/76 [00:00<00:00, 1789.54it/s, Materializing param=gpt_neox.layers.5.input_layernorm.weight]
Loading weights:  93%|#########3| 71/76 [00:00<00:00, 1808.14it/s, Materializing param=gpt_neox.layers.5.mlp.dense_4h_to_h.bias]
Loading weights:  93%|#########3| 71/76 [00:00<00:00, 1805.19it/s, Materializing param=gpt_neox.layers.5.mlp.dense_4h_to_h.bias]
Loading weights:  95%|#########4| 72/76 [00:00<00:00, 1825.16it/s, Materializing param=gpt_neox.layers.5.mlp.dense_4h_to_h.weight]
Loading weights:  95%|#########4| 72/76 [00:00<00:00, 1821.67it/s, Materializing param=gpt_neox.layers.5.mlp.dense_4h_to_h.weight]
Loading weights:  96%|#########6| 73/76 [00:00<00:00, 1838.34it/s, Materializing param=gpt_neox.layers.5.mlp.dense_h_to_4h.bias]  
Loading weights:  96%|#########6| 73/76 [00:00<00:00, 1831.58it/s, Materializing param=gpt_neox.layers.5.mlp.dense_h_to_4h.bias]
Loading weights:  97%|#########7| 74/76 [00:00<00:00, 1850.33it/s, Materializing param=gpt_neox.layers.5.mlp.dense_h_to_4h.weight]
Loading weights:  97%|#########7| 74/76 [00:00<00:00, 1847.36it/s, Materializing param=gpt_neox.layers.5.mlp.dense_h_to_4h.weight]
Loading weights:  99%|#########8| 75/76 [00:00<00:00, 1866.93it/s, Materializing param=gpt_neox.layers.5.post_attention_layernorm.bias]
Loading weights:  99%|#########8| 75/76 [00:00<00:00, 1864.01it/s, Materializing param=gpt_neox.layers.5.post_attention_layernorm.bias]
Loading weights: 100%|##########| 76/76 [00:00<00:00, 1883.59it/s, Materializing param=gpt_neox.layers.5.post_attention_layernorm.weight]
Loading weights: 100%|##########| 76/76 [00:00<00:00, 1879.70it/s, Materializing param=gpt_neox.layers.5.post_attention_layernorm.weight]
Loading weights: 100%|##########| 76/76 [00:00<00:00, 1873.03it/s, Materializing param=gpt_neox.layers.5.post_attention_layernorm.weight]
[2026-04-23T01:41:17.996633] END source_monitoring_attribution OK

[2026-04-23T01:41:18.035264] START report_cpu_identity_overnight_push: C:/Users/joshj/miniconda3/python.exe C:\Users\joshj\joseph-stroud-identity-stability-research\scripts\report_cpu_identity_overnight_push.py --config C:\Users\joshj\joseph-stroud-identity-stability-research\configs\identity_battery\cpu_identity_overnight_push_report_smoke.yaml
[2026-04-23T01:41:21.400115] END report_cpu_identity_overnight_push OK
