
[2026-04-22T21:49:32.245142] START diachronic_ship_of_theseus_graft: C:/Users/joshj/miniconda3/python.exe C:\Users\joshj\joseph-stroud-identity-stability-research\scripts\diachronic_ship_of_theseus_graft.py --config C:\Users\joshj\joseph-stroud-identity-stability-research\configs\identity_battery\diachronic_ship_of_theseus_graft_smoke.yaml
Warning: You are sending unauthenticated requests to the HF Hub. Please set a HF_TOKEN to enable higher rate limits and faster downloads.
C:\Users\joshj\AppData\Roaming\Python\Python313\site-packages\huggingface_hub\file_download.py:129: UserWarning: `huggingface_hub` cache-system uses symlinks by default to efficiently store duplicated files but your machine does not support them in D:\hf-model-cache\models--EleutherAI--pythia-410m-deduped. Caching files will still work but in a degraded version that might require more space on your disk. This warning can be disabled by setting the `HF_HUB_DISABLE_SYMLINKS_WARNING` environment variable. For more details, see https://huggingface.co/docs/huggingface_hub/how-to-cache#limitations.
To support symlinks on Windows, you either need to activate Developer Mode or to run Python as an administrator. In order to activate developer mode, see this article: https://docs.microsoft.com/en-us/windows/apps/get-started/enable-your-device-for-development
  warnings.warn(message)

Loading weights:   0%|          | 0/292 [00:00<?, ?it/s]
Loading weights:   0%|          | 1/292 [00:00<00:00, 14315.03it/s, Materializing param=embed_out.weight]
Loading weights:   0%|          | 1/292 [00:00<00:00, 5405.03it/s, Materializing param=embed_out.weight] 
Loading weights:   1%|          | 2/292 [00:00<00:00, 4588.95it/s, Materializing param=gpt_neox.embed_in.weight]
Loading weights:   1%|          | 2/292 [00:00<00:00, 3664.75it/s, Materializing param=gpt_neox.embed_in.weight]
Loading weights:   1%|1         | 3/292 [00:00<00:00, 4271.19it/s, Materializing param=gpt_neox.final_layer_norm.bias]
Loading weights:   1%|1         | 3/292 [00:00<00:00, 3894.43it/s, Materializing param=gpt_neox.final_layer_norm.bias]
Loading weights:   1%|1         | 4/292 [00:00<00:00, 4387.35it/s, Materializing param=gpt_neox.final_layer_norm.weight]
Loading weights:   1%|1         | 4/292 [00:00<00:00, 3658.35it/s, Materializing param=gpt_neox.final_layer_norm.weight]
Loading weights:   2%|1         | 5/292 [00:00<00:00, 3890.10it/s, Materializing param=gpt_neox.layers.0.attention.dense.bias]
Loading weights:   2%|1         | 5/292 [00:00<00:00, 3620.15it/s, Materializing param=gpt_neox.layers.0.attention.dense.bias]
Loading weights:   2%|2         | 6/292 [00:00<00:00, 3629.34it/s, Materializing param=gpt_neox.layers.0.attention.dense.weight]
Loading weights:   2%|2         | 6/292 [00:00<00:00, 3461.12it/s, Materializing param=gpt_neox.layers.0.attention.dense.weight]
Loading weights:   2%|2         | 7/292 [00:00<00:00, 3687.53it/s, Materializing param=gpt_neox.layers.0.attention.query_key_value.bias]
Loading weights:   2%|2         | 7/292 [00:00<00:00, 3557.94it/s, Materializing param=gpt_neox.layers.0.attention.query_key_value.bias]
Loading weights:   3%|2         | 8/292 [00:00<00:00, 3801.34it/s, Materializing param=gpt_neox.layers.0.attention.query_key_value.weight]
Loading weights:   3%|2         | 8/292 [00:00<00:00, 3688.11it/s, Materializing param=gpt_neox.layers.0.attention.query_key_value.weight]
Loading weights:   3%|3         | 9/292 [00:00<00:00, 3223.36it/s, Materializing param=gpt_neox.layers.0.input_layernorm.bias]            
Loading weights:   3%|3         | 9/292 [00:00<00:00, 3100.00it/s, Materializing param=gpt_neox.layers.0.input_layernorm.bias]
Loading weights:   3%|3         | 10/292 [00:00<00:00, 2782.29it/s, Materializing param=gpt_neox.layers.0.input_layernorm.weight]
Loading weights:   3%|3         | 10/292 [00:00<00:00, 2669.32it/s, Materializing param=gpt_neox.layers.0.input_layernorm.weight]
Loading weights:   4%|3         | 11/292 [00:00<00:00, 2531.40it/s, Materializing param=gpt_neox.layers.0.mlp.dense_4h_to_h.bias]
Loading weights:   4%|3         | 11/292 [00:00<00:00, 2454.64it/s, Materializing param=gpt_neox.layers.0.mlp.dense_4h_to_h.bias]
Loading weights:   4%|4         | 12/292 [00:00<00:00, 2386.40it/s, Materializing param=gpt_neox.layers.0.mlp.dense_4h_to_h.weight]
Loading weights:   4%|4         | 12/292 [00:00<00:00, 2312.82it/s, Materializing param=gpt_neox.layers.0.mlp.dense_4h_to_h.weight]
Loading weights:   4%|4         | 13/292 [00:00<00:01, 221.39it/s, Materializing param=gpt_neox.layers.0.mlp.dense_h_to_4h.bias]   
Loading weights:   4%|4         | 13/292 [00:00<00:01, 220.74it/s, Materializing param=gpt_neox.layers.0.mlp.dense_h_to_4h.bias]
Loading weights:   5%|4         | 14/292 [00:00<00:01, 237.00it/s, Materializing param=gpt_neox.layers.0.mlp.dense_h_to_4h.weight]
Loading weights:   5%|4         | 14/292 [00:00<00:01, 236.62it/s, Materializing param=gpt_neox.layers.0.mlp.dense_h_to_4h.weight]
Loading weights:   5%|5         | 15/292 [00:00<00:01, 232.88it/s, Materializing param=gpt_neox.layers.0.post_attention_layernorm.bias]
Loading weights:   5%|5         | 15/292 [00:00<00:01, 232.24it/s, Materializing param=gpt_neox.layers.0.post_attention_layernorm.bias]
Loading weights:   5%|5         | 16/292 [00:00<00:01, 246.95it/s, Materializing param=gpt_neox.layers.0.post_attention_layernorm.weight]
Loading weights:   5%|5         | 16/292 [00:00<00:01, 246.45it/s, Materializing param=gpt_neox.layers.0.post_attention_layernorm.weight]
Loading weights:   6%|5         | 17/292 [00:00<00:01, 260.81it/s, Materializing param=gpt_neox.layers.1.attention.dense.bias]           
Loading weights:   6%|5         | 17/292 [00:00<00:01, 260.51it/s, Materializing param=gpt_neox.layers.1.attention.dense.bias]
Loading weights:   6%|6         | 18/292 [00:00<00:00, 274.08it/s, Materializing param=gpt_neox.layers.1.attention.dense.weight]
Loading weights:   6%|6         | 18/292 [00:00<00:01, 273.35it/s, Materializing param=gpt_neox.layers.1.attention.dense.weight]
Loading weights:   7%|6         | 19/292 [00:00<00:00, 287.28it/s, Materializing param=gpt_neox.layers.1.attention.query_key_value.bias]
Loading weights:   7%|6         | 19/292 [00:00<00:00, 286.95it/s, Materializing param=gpt_neox.layers.1.attention.query_key_value.bias]
Loading weights:   7%|6         | 20/292 [00:00<00:00, 301.22it/s, Materializing param=gpt_neox.layers.1.attention.query_key_value.weight]
Loading weights:   7%|6         | 20/292 [00:00<00:00, 300.82it/s, Materializing param=gpt_neox.layers.1.attention.query_key_value.weight]
Loading weights:   7%|7         | 21/292 [00:00<00:00, 315.01it/s, Materializing param=gpt_neox.layers.1.input_layernorm.bias]            
Loading weights:   7%|7         | 21/292 [00:00<00:00, 314.69it/s, Materializing param=gpt_neox.layers.1.input_layernorm.bias]
Loading weights:   8%|7         | 22/292 [00:00<00:00, 328.04it/s, Materializing param=gpt_neox.layers.1.input_layernorm.weight]
Loading weights:   8%|7         | 22/292 [00:00<00:00, 327.70it/s, Materializing param=gpt_neox.layers.1.input_layernorm.weight]
Loading weights:   8%|7         | 23/292 [00:00<00:00, 341.73it/s, Materializing param=gpt_neox.layers.1.mlp.dense_4h_to_h.bias]
Loading weights:   8%|7         | 23/292 [00:00<00:00, 341.31it/s, Materializing param=gpt_neox.layers.1.mlp.dense_4h_to_h.bias]
Loading weights:   8%|8         | 24/292 [00:00<00:00, 355.40it/s, Materializing param=gpt_neox.layers.1.mlp.dense_4h_to_h.weight]
Loading weights:   8%|8         | 24/292 [00:00<00:00, 355.07it/s, Materializing param=gpt_neox.layers.1.mlp.dense_4h_to_h.weight]
Loading weights:   9%|8         | 25/292 [00:00<00:00, 369.16it/s, Materializing param=gpt_neox.layers.1.mlp.dense_h_to_4h.bias]  
Loading weights:   9%|8         | 25/292 [00:00<00:00, 368.82it/s, Materializing param=gpt_neox.layers.1.mlp.dense_h_to_4h.bias]
Loading weights:   9%|8         | 26/292 [00:00<00:00, 382.89it/s, Materializing param=gpt_neox.layers.1.mlp.dense_h_to_4h.weight]
Loading weights:   9%|8         | 26/292 [00:00<00:00, 382.55it/s, Materializing param=gpt_neox.layers.1.mlp.dense_h_to_4h.weight]
Loading weights:   9%|9         | 27/292 [00:00<00:00, 394.07it/s, Materializing param=gpt_neox.layers.1.post_attention_layernorm.bias]
Loading weights:   9%|9         | 27/292 [00:00<00:00, 393.45it/s, Materializing param=gpt_neox.layers.1.post_attention_layernorm.bias]
Loading weights:  10%|9         | 28/292 [00:00<00:00, 406.88it/s, Materializing param=gpt_neox.layers.1.post_attention_layernorm.weight]
Loading weights:  10%|9         | 28/292 [00:00<00:00, 406.45it/s, Materializing param=gpt_neox.layers.1.post_attention_layernorm.weight]
Loading weights:  10%|9         | 29/292 [00:00<00:00, 420.23it/s, Materializing param=gpt_neox.layers.2.attention.dense.bias]           
Loading weights:  10%|9         | 29/292 [00:00<00:00, 419.87it/s, Materializing param=gpt_neox.layers.2.attention.dense.bias]
Loading weights:  10%|#         | 30/292 [00:00<00:00, 432.46it/s, Materializing param=gpt_neox.layers.2.attention.dense.weight]
Loading weights:  10%|#         | 30/292 [00:00<00:00, 431.89it/s, Materializing param=gpt_neox.layers.2.attention.dense.weight]
Loading weights:  11%|#         | 31/292 [00:00<00:00, 445.21it/s, Materializing param=gpt_neox.layers.2.attention.query_key_value.bias]
Loading weights:  11%|#         | 31/292 [00:00<00:00, 444.64it/s, Materializing param=gpt_neox.layers.2.attention.query_key_value.bias]
Loading weights:  11%|#         | 32/292 [00:00<00:00, 458.04it/s, Materializing param=gpt_neox.layers.2.attention.query_key_value.weight]
Loading weights:  11%|#         | 32/292 [00:00<00:00, 457.63it/s, Materializing param=gpt_neox.layers.2.attention.query_key_value.weight]
Loading weights:  11%|#1        | 33/292 [00:00<00:00, 305.22it/s, Materializing param=gpt_neox.layers.2.attention.query_key_value.weight]
Loading weights:  11%|#1        | 33/292 [00:00<00:00, 305.22it/s, Materializing param=gpt_neox.layers.2.input_layernorm.bias]            
Loading weights:  11%|#1        | 33/292 [00:00<00:00, 305.22it/s, Materializing param=gpt_neox.layers.2.input_layernorm.bias]
Loading weights:  12%|#1        | 34/292 [00:00<00:00, 305.22it/s, Materializing param=gpt_neox.layers.2.input_layernorm.weight]
Loading weights:  12%|#1        | 34/292 [00:00<00:00, 305.22it/s, Materializing param=gpt_neox.layers.2.input_layernorm.weight]
Loading weights:  12%|#1        | 35/292 [00:00<00:00, 305.22it/s, Materializing param=gpt_neox.layers.2.mlp.dense_4h_to_h.bias]
Loading weights:  12%|#1        | 35/292 [00:00<00:00, 305.22it/s, Materializing param=gpt_neox.layers.2.mlp.dense_4h_to_h.bias]
Loading weights:  12%|#2        | 36/292 [00:00<00:00, 305.22it/s, Materializing param=gpt_neox.layers.2.mlp.dense_4h_to_h.weight]
Loading weights:  12%|#2        | 36/292 [00:00<00:00, 305.22it/s, Materializing param=gpt_neox.layers.2.mlp.dense_4h_to_h.weight]
Loading weights:  13%|#2        | 37/292 [00:00<00:00, 305.22it/s, Materializing param=gpt_neox.layers.2.mlp.dense_h_to_4h.bias]  
Loading weights:  13%|#2        | 37/292 [00:00<00:00, 305.22it/s, Materializing param=gpt_neox.layers.2.mlp.dense_h_to_4h.bias]
Loading weights:  13%|#3        | 38/292 [00:00<00:00, 305.22it/s, Materializing param=gpt_neox.layers.2.mlp.dense_h_to_4h.weight]
Loading weights:  13%|#3        | 38/292 [00:00<00:00, 305.22it/s, Materializing param=gpt_neox.layers.2.mlp.dense_h_to_4h.weight]
Loading weights:  13%|#3        | 39/292 [00:00<00:00, 305.22it/s, Materializing param=gpt_neox.layers.2.post_attention_layernorm.bias]
Loading weights:  13%|#3        | 39/292 [00:00<00:00, 305.22it/s, Materializing param=gpt_neox.layers.2.post_attention_layernorm.bias]
Loading weights:  14%|#3        | 40/292 [00:00<00:00, 305.22it/s, Materializing param=gpt_neox.layers.2.post_attention_layernorm.weight]
Loading weights:  14%|#3        | 40/292 [00:00<00:00, 305.22it/s, Materializing param=gpt_neox.layers.2.post_attention_layernorm.weight]
Loading weights:  14%|#4        | 41/292 [00:00<00:00, 305.22it/s, Materializing param=gpt_neox.layers.3.attention.dense.bias]           
Loading weights:  14%|#4        | 41/292 [00:00<00:00, 305.22it/s, Materializing param=gpt_neox.layers.3.attention.dense.bias]
Loading weights:  14%|#4        | 42/292 [00:00<00:00, 305.22it/s, Materializing param=gpt_neox.layers.3.attention.dense.weight]
Loading weights:  14%|#4        | 42/292 [00:00<00:00, 305.22it/s, Materializing param=gpt_neox.layers.3.attention.dense.weight]
Loading weights:  15%|#4        | 43/292 [00:00<00:00, 305.22it/s, Materializing param=gpt_neox.layers.3.attention.query_key_value.bias]
Loading weights:  15%|#4        | 43/292 [00:00<00:00, 305.22it/s, Materializing param=gpt_neox.layers.3.attention.query_key_value.bias]
Loading weights:  15%|#5        | 44/292 [00:00<00:00, 305.22it/s, Materializing param=gpt_neox.layers.3.attention.query_key_value.weight]
Loading weights:  15%|#5        | 44/292 [00:00<00:00, 305.22it/s, Materializing param=gpt_neox.layers.3.attention.query_key_value.weight]
Loading weights:  15%|#5        | 45/292 [00:00<00:00, 305.22it/s, Materializing param=gpt_neox.layers.3.input_layernorm.bias]            
Loading weights:  15%|#5        | 45/292 [00:00<00:00, 305.22it/s, Materializing param=gpt_neox.layers.3.input_layernorm.bias]
Loading weights:  16%|#5        | 46/292 [00:00<00:00, 305.22it/s, Materializing param=gpt_neox.layers.3.input_layernorm.weight]
Loading weights:  16%|#5        | 46/292 [00:00<00:00, 305.22it/s, Materializing param=gpt_neox.layers.3.input_layernorm.weight]
Loading weights:  16%|#6        | 47/292 [00:00<00:00, 305.22it/s, Materializing param=gpt_neox.layers.3.mlp.dense_4h_to_h.bias]
Loading weights:  16%|#6        | 47/292 [00:00<00:00, 305.22it/s, Materializing param=gpt_neox.layers.3.mlp.dense_4h_to_h.bias]
Loading weights:  16%|#6        | 48/292 [00:00<00:00, 305.22it/s, Materializing param=gpt_neox.layers.3.mlp.dense_4h_to_h.weight]
Loading weights:  16%|#6        | 48/292 [00:00<00:00, 305.22it/s, Materializing param=gpt_neox.layers.3.mlp.dense_4h_to_h.weight]
Loading weights:  17%|#6        | 49/292 [00:00<00:00, 305.22it/s, Materializing param=gpt_neox.layers.3.mlp.dense_h_to_4h.bias]  
Loading weights:  17%|#6        | 49/292 [00:00<00:00, 305.22it/s, Materializing param=gpt_neox.layers.3.mlp.dense_h_to_4h.bias]
Loading weights:  17%|#7        | 50/292 [00:00<00:00, 305.22it/s, Materializing param=gpt_neox.layers.3.mlp.dense_h_to_4h.weight]
Loading weights:  17%|#7        | 50/292 [00:00<00:00, 305.22it/s, Materializing param=gpt_neox.layers.3.mlp.dense_h_to_4h.weight]
Loading weights:  17%|#7        | 51/292 [00:00<00:00, 305.22it/s, Materializing param=gpt_neox.layers.3.post_attention_layernorm.bias]
Loading weights:  17%|#7        | 51/292 [00:00<00:00, 305.22it/s, Materializing param=gpt_neox.layers.3.post_attention_layernorm.bias]
Loading weights:  18%|#7        | 52/292 [00:00<00:00, 305.22it/s, Materializing param=gpt_neox.layers.3.post_attention_layernorm.weight]
Loading weights:  18%|#7        | 52/292 [00:00<00:00, 305.22it/s, Materializing param=gpt_neox.layers.3.post_attention_layernorm.weight]
Loading weights:  18%|#8        | 53/292 [00:00<00:00, 305.22it/s, Materializing param=gpt_neox.layers.4.attention.dense.bias]           
Loading weights:  18%|#8        | 53/292 [00:00<00:00, 305.22it/s, Materializing param=gpt_neox.layers.4.attention.dense.bias]
Loading weights:  18%|#8        | 54/292 [00:00<00:00, 305.22it/s, Materializing param=gpt_neox.layers.4.attention.dense.weight]
Loading weights:  18%|#8        | 54/292 [00:00<00:00, 305.22it/s, Materializing param=gpt_neox.layers.4.attention.dense.weight]
Loading weights:  19%|#8        | 55/292 [00:00<00:00, 305.22it/s, Materializing param=gpt_neox.layers.4.attention.query_key_value.bias]
Loading weights:  19%|#8        | 55/292 [00:00<00:00, 305.22it/s, Materializing param=gpt_neox.layers.4.attention.query_key_value.bias]
Loading weights:  19%|#9        | 56/292 [00:00<00:00, 305.22it/s, Materializing param=gpt_neox.layers.4.attention.query_key_value.weight]
Loading weights:  19%|#9        | 56/292 [00:00<00:00, 305.22it/s, Materializing param=gpt_neox.layers.4.attention.query_key_value.weight]
Loading weights:  20%|#9        | 57/292 [00:00<00:00, 305.22it/s, Materializing param=gpt_neox.layers.4.input_layernorm.bias]            
Loading weights:  20%|#9        | 57/292 [00:00<00:00, 305.22it/s, Materializing param=gpt_neox.layers.4.input_layernorm.bias]
Loading weights:  20%|#9        | 58/292 [00:00<00:00, 305.22it/s, Materializing param=gpt_neox.layers.4.input_layernorm.weight]
Loading weights:  20%|#9        | 58/292 [00:00<00:00, 305.22it/s, Materializing param=gpt_neox.layers.4.input_layernorm.weight]
Loading weights:  20%|##        | 59/292 [00:00<00:00, 305.22it/s, Materializing param=gpt_neox.layers.4.mlp.dense_4h_to_h.bias]
Loading weights:  20%|##        | 59/292 [00:00<00:00, 305.22it/s, Materializing param=gpt_neox.layers.4.mlp.dense_4h_to_h.bias]
Loading weights:  21%|##        | 60/292 [00:00<00:00, 305.22it/s, Materializing param=gpt_neox.layers.4.mlp.dense_4h_to_h.weight]
Loading weights:  21%|##        | 60/292 [00:00<00:00, 305.22it/s, Materializing param=gpt_neox.layers.4.mlp.dense_4h_to_h.weight]
Loading weights:  21%|##        | 61/292 [00:00<00:00, 305.22it/s, Materializing param=gpt_neox.layers.4.mlp.dense_h_to_4h.bias]  
Loading weights:  21%|##        | 61/292 [00:00<00:00, 305.22it/s, Materializing param=gpt_neox.layers.4.mlp.dense_h_to_4h.bias]
Loading weights:  21%|##1       | 62/292 [00:00<00:00, 305.22it/s, Materializing param=gpt_neox.layers.4.mlp.dense_h_to_4h.weight]
Loading weights:  21%|##1       | 62/292 [00:00<00:00, 305.22it/s, Materializing param=gpt_neox.layers.4.mlp.dense_h_to_4h.weight]
Loading weights:  22%|##1       | 63/292 [00:00<00:00, 305.22it/s, Materializing param=gpt_neox.layers.4.post_attention_layernorm.bias]
Loading weights:  22%|##1       | 63/292 [00:00<00:00, 305.22it/s, Materializing param=gpt_neox.layers.4.post_attention_layernorm.bias]
Loading weights:  22%|##1       | 64/292 [00:00<00:01, 191.12it/s, Materializing param=gpt_neox.layers.4.post_attention_layernorm.bias]
Loading weights:  22%|##1       | 64/292 [00:00<00:01, 191.12it/s, Materializing param=gpt_neox.layers.4.post_attention_layernorm.weight]
Loading weights:  22%|##1       | 64/292 [00:00<00:01, 191.12it/s, Materializing param=gpt_neox.layers.4.post_attention_layernorm.weight]
Loading weights:  22%|##2       | 65/292 [00:00<00:01, 191.12it/s, Materializing param=gpt_neox.layers.5.attention.dense.bias]           
Loading weights:  22%|##2       | 65/292 [00:00<00:01, 191.12it/s, Materializing param=gpt_neox.layers.5.attention.dense.bias]
Loading weights:  23%|##2       | 66/292 [00:00<00:01, 191.12it/s, Materializing param=gpt_neox.layers.5.attention.dense.weight]
Loading weights:  23%|##2       | 66/292 [00:00<00:01, 191.12it/s, Materializing param=gpt_neox.layers.5.attention.dense.weight]
Loading weights:  23%|##2       | 67/292 [00:00<00:01, 191.12it/s, Materializing param=gpt_neox.layers.5.attention.query_key_value.bias]
Loading weights:  23%|##2       | 67/292 [00:00<00:01, 191.12it/s, Materializing param=gpt_neox.layers.5.attention.query_key_value.bias]
Loading weights:  23%|##3       | 68/292 [00:00<00:01, 191.12it/s, Materializing param=gpt_neox.layers.5.attention.query_key_value.weight]
Loading weights:  23%|##3       | 68/292 [00:00<00:01, 191.12it/s, Materializing param=gpt_neox.layers.5.attention.query_key_value.weight]
Loading weights:  24%|##3       | 69/292 [00:00<00:01, 191.12it/s, Materializing param=gpt_neox.layers.5.input_layernorm.bias]            
Loading weights:  24%|##3       | 69/292 [00:00<00:01, 191.12it/s, Materializing param=gpt_neox.layers.5.input_layernorm.bias]
Loading weights:  24%|##3       | 70/292 [00:00<00:01, 191.12it/s, Materializing param=gpt_neox.layers.5.input_layernorm.weight]
Loading weights:  24%|##3       | 70/292 [00:00<00:01, 191.12it/s, Materializing param=gpt_neox.layers.5.input_layernorm.weight]
Loading weights:  24%|##4       | 71/292 [00:00<00:01, 191.12it/s, Materializing param=gpt_neox.layers.5.mlp.dense_4h_to_h.bias]
Loading weights:  24%|##4       | 71/292 [00:00<00:01, 191.12it/s, Materializing param=gpt_neox.layers.5.mlp.dense_4h_to_h.bias]
Loading weights:  25%|##4       | 72/292 [00:00<00:01, 191.12it/s, Materializing param=gpt_neox.layers.5.mlp.dense_4h_to_h.weight]
Loading weights:  25%|##4       | 72/292 [00:00<00:01, 191.12it/s, Materializing param=gpt_neox.layers.5.mlp.dense_4h_to_h.weight]
Loading weights:  25%|##5       | 73/292 [00:00<00:01, 191.12it/s, Materializing param=gpt_neox.layers.5.mlp.dense_h_to_4h.bias]  
Loading weights:  25%|##5       | 73/292 [00:00<00:01, 191.12it/s, Materializing param=gpt_neox.layers.5.mlp.dense_h_to_4h.bias]
Loading weights:  25%|##5       | 74/292 [00:00<00:01, 191.12it/s, Materializing param=gpt_neox.layers.5.mlp.dense_h_to_4h.weight]
Loading weights:  25%|##5       | 74/292 [00:00<00:01, 191.12it/s, Materializing param=gpt_neox.layers.5.mlp.dense_h_to_4h.weight]
Loading weights:  26%|##5       | 75/292 [00:00<00:01, 191.12it/s, Materializing param=gpt_neox.layers.5.post_attention_layernorm.bias]
Loading weights:  26%|##5       | 75/292 [00:00<00:01, 191.12it/s, Materializing param=gpt_neox.layers.5.post_attention_layernorm.bias]
Loading weights:  26%|##6       | 76/292 [00:00<00:01, 191.12it/s, Materializing param=gpt_neox.layers.5.post_attention_layernorm.weight]
Loading weights:  26%|##6       | 76/292 [00:00<00:01, 191.12it/s, Materializing param=gpt_neox.layers.5.post_attention_layernorm.weight]
Loading weights:  26%|##6       | 77/292 [00:00<00:01, 191.12it/s, Materializing param=gpt_neox.layers.6.attention.dense.bias]           
Loading weights:  26%|##6       | 77/292 [00:00<00:01, 191.12it/s, Materializing param=gpt_neox.layers.6.attention.dense.bias]
Loading weights:  27%|##6       | 78/292 [00:00<00:01, 191.12it/s, Materializing param=gpt_neox.layers.6.attention.dense.weight]
Loading weights:  27%|##6       | 78/292 [00:00<00:01, 191.12it/s, Materializing param=gpt_neox.layers.6.attention.dense.weight]
Loading weights:  27%|##7       | 79/292 [00:00<00:01, 191.12it/s, Materializing param=gpt_neox.layers.6.attention.query_key_value.bias]
Loading weights:  27%|##7       | 79/292 [00:00<00:01, 191.12it/s, Materializing param=gpt_neox.layers.6.attention.query_key_value.bias]
Loading weights:  27%|##7       | 80/292 [00:00<00:01, 191.12it/s, Materializing param=gpt_neox.layers.6.attention.query_key_value.weight]
Loading weights:  27%|##7       | 80/292 [00:00<00:01, 191.12it/s, Materializing param=gpt_neox.layers.6.attention.query_key_value.weight]
Loading weights:  28%|##7       | 81/292 [00:00<00:01, 191.12it/s, Materializing param=gpt_neox.layers.6.input_layernorm.bias]            
Loading weights:  28%|##7       | 81/292 [00:00<00:01, 191.12it/s, Materializing param=gpt_neox.layers.6.input_layernorm.bias]
Loading weights:  28%|##8       | 82/292 [00:00<00:01, 191.12it/s, Materializing param=gpt_neox.layers.6.input_layernorm.weight]
Loading weights:  28%|##8       | 82/292 [00:00<00:01, 191.12it/s, Materializing param=gpt_neox.layers.6.input_layernorm.weight]
Loading weights:  28%|##8       | 83/292 [00:00<00:01, 191.12it/s, Materializing param=gpt_neox.layers.6.mlp.dense_4h_to_h.bias]
Loading weights:  28%|##8       | 83/292 [00:00<00:01, 191.12it/s, Materializing param=gpt_neox.layers.6.mlp.dense_4h_to_h.bias]
Loading weights:  29%|##8       | 84/292 [00:00<00:01, 191.12it/s, Materializing param=gpt_neox.layers.6.mlp.dense_4h_to_h.weight]
Loading weights:  29%|##8       | 84/292 [00:00<00:01, 191.12it/s, Materializing param=gpt_neox.layers.6.mlp.dense_4h_to_h.weight]
Loading weights:  29%|##9       | 85/292 [00:00<00:01, 191.12it/s, Materializing param=gpt_neox.layers.6.mlp.dense_h_to_4h.bias]  
Loading weights:  29%|##9       | 85/292 [00:00<00:01, 191.12it/s, Materializing param=gpt_neox.layers.6.mlp.dense_h_to_4h.bias]
Loading weights:  29%|##9       | 86/292 [00:00<00:01, 171.92it/s, Materializing param=gpt_neox.layers.6.mlp.dense_h_to_4h.bias]
Loading weights:  29%|##9       | 86/292 [00:00<00:01, 171.92it/s, Materializing param=gpt_neox.layers.6.mlp.dense_h_to_4h.weight]
Loading weights:  29%|##9       | 86/292 [00:00<00:01, 171.92it/s, Materializing param=gpt_neox.layers.6.mlp.dense_h_to_4h.weight]
Loading weights:  30%|##9       | 87/292 [00:00<00:01, 171.92it/s, Materializing param=gpt_neox.layers.6.post_attention_layernorm.bias]
Loading weights:  30%|##9       | 87/292 [00:00<00:01, 171.92it/s, Materializing param=gpt_neox.layers.6.post_attention_layernorm.bias]
Loading weights:  30%|###       | 88/292 [00:00<00:01, 171.92it/s, Materializing param=gpt_neox.layers.6.post_attention_layernorm.weight]
Loading weights:  30%|###       | 88/292 [00:00<00:01, 171.92it/s, Materializing param=gpt_neox.layers.6.post_attention_layernorm.weight]
Loading weights:  30%|###       | 89/292 [00:00<00:01, 171.92it/s, Materializing param=gpt_neox.layers.7.attention.dense.bias]           
Loading weights:  30%|###       | 89/292 [00:00<00:01, 171.92it/s, Materializing param=gpt_neox.layers.7.attention.dense.bias]
Loading weights:  31%|###       | 90/292 [00:00<00:01, 171.92it/s, Materializing param=gpt_neox.layers.7.attention.dense.weight]
Loading weights:  31%|###       | 90/292 [00:00<00:01, 171.92it/s, Materializing param=gpt_neox.layers.7.attention.dense.weight]
Loading weights:  31%|###1      | 91/292 [00:00<00:01, 171.92it/s, Materializing param=gpt_neox.layers.7.attention.query_key_value.bias]
Loading weights:  31%|###1      | 91/292 [00:00<00:01, 171.92it/s, Materializing param=gpt_neox.layers.7.attention.query_key_value.bias]
Loading weights:  32%|###1      | 92/292 [00:00<00:01, 171.92it/s, Materializing param=gpt_neox.layers.7.attention.query_key_value.weight]
Loading weights:  32%|###1      | 92/292 [00:00<00:01, 171.92it/s, Materializing param=gpt_neox.layers.7.attention.query_key_value.weight]
Loading weights:  32%|###1      | 93/292 [00:00<00:01, 171.92it/s, Materializing param=gpt_neox.layers.7.input_layernorm.bias]            
Loading weights:  32%|###1      | 93/292 [00:00<00:01, 171.92it/s, Materializing param=gpt_neox.layers.7.input_layernorm.bias]
Loading weights:  32%|###2      | 94/292 [00:00<00:01, 171.92it/s, Materializing param=gpt_neox.layers.7.input_layernorm.weight]
Loading weights:  32%|###2      | 94/292 [00:00<00:01, 171.92it/s, Materializing param=gpt_neox.layers.7.input_layernorm.weight]
Loading weights:  33%|###2      | 95/292 [00:00<00:01, 171.92it/s, Materializing param=gpt_neox.layers.7.mlp.dense_4h_to_h.bias]
Loading weights:  33%|###2      | 95/292 [00:00<00:01, 171.92it/s, Materializing param=gpt_neox.layers.7.mlp.dense_4h_to_h.bias]
Loading weights:  33%|###2      | 96/292 [00:00<00:01, 171.92it/s, Materializing param=gpt_neox.layers.7.mlp.dense_4h_to_h.weight]
Loading weights:  33%|###2      | 96/292 [00:00<00:01, 171.92it/s, Materializing param=gpt_neox.layers.7.mlp.dense_4h_to_h.weight]
Loading weights:  33%|###3      | 97/292 [00:00<00:01, 171.92it/s, Materializing param=gpt_neox.layers.7.mlp.dense_h_to_4h.bias]  
Loading weights:  33%|###3      | 97/292 [00:00<00:01, 171.92it/s, Materializing param=gpt_neox.layers.7.mlp.dense_h_to_4h.bias]
Loading weights:  34%|###3      | 98/292 [00:00<00:01, 171.92it/s, Materializing param=gpt_neox.layers.7.mlp.dense_h_to_4h.weight]
Loading weights:  34%|###3      | 98/292 [00:00<00:01, 171.92it/s, Materializing param=gpt_neox.layers.7.mlp.dense_h_to_4h.weight]
Loading weights:  34%|###3      | 99/292 [00:00<00:01, 171.92it/s, Materializing param=gpt_neox.layers.7.post_attention_layernorm.bias]
Loading weights:  34%|###3      | 99/292 [00:00<00:01, 171.92it/s, Materializing param=gpt_neox.layers.7.post_attention_layernorm.bias]
Loading weights:  34%|###4      | 100/292 [00:00<00:01, 171.92it/s, Materializing param=gpt_neox.layers.7.post_attention_layernorm.weight]
Loading weights:  34%|###4      | 100/292 [00:00<00:01, 171.92it/s, Materializing param=gpt_neox.layers.7.post_attention_layernorm.weight]
Loading weights:  35%|###4      | 101/292 [00:00<00:01, 171.92it/s, Materializing param=gpt_neox.layers.8.attention.dense.bias]           
Loading weights:  35%|###4      | 101/292 [00:00<00:01, 171.92it/s, Materializing param=gpt_neox.layers.8.attention.dense.bias]
Loading weights:  35%|###4      | 102/292 [00:00<00:01, 171.92it/s, Materializing param=gpt_neox.layers.8.attention.dense.weight]
Loading weights:  35%|###4      | 102/292 [00:00<00:01, 171.92it/s, Materializing param=gpt_neox.layers.8.attention.dense.weight]
Loading weights:  35%|###5      | 103/292 [00:00<00:01, 171.92it/s, Materializing param=gpt_neox.layers.8.attention.query_key_value.bias]
Loading weights:  35%|###5      | 103/292 [00:00<00:01, 171.92it/s, Materializing param=gpt_neox.layers.8.attention.query_key_value.bias]
Loading weights:  36%|###5      | 104/292 [00:00<00:01, 171.92it/s, Materializing param=gpt_neox.layers.8.attention.query_key_value.weight]
Loading weights:  36%|###5      | 104/292 [00:00<00:01, 171.92it/s, Materializing param=gpt_neox.layers.8.attention.query_key_value.weight]
Loading weights:  36%|###5      | 105/292 [00:00<00:01, 136.98it/s, Materializing param=gpt_neox.layers.8.attention.query_key_value.weight]
Loading weights:  36%|###5      | 105/292 [00:00<00:01, 136.98it/s, Materializing param=gpt_neox.layers.8.input_layernorm.bias]            
Loading weights:  36%|###5      | 105/292 [00:00<00:01, 136.98it/s, Materializing param=gpt_neox.layers.8.input_layernorm.bias]
Loading weights:  36%|###6      | 106/292 [00:00<00:01, 136.98it/s, Materializing param=gpt_neox.layers.8.input_layernorm.weight]
Loading weights:  36%|###6      | 106/292 [00:00<00:01, 136.98it/s, Materializing param=gpt_neox.layers.8.input_layernorm.weight]
Loading weights:  37%|###6      | 107/292 [00:00<00:01, 136.98it/s, Materializing param=gpt_neox.layers.8.mlp.dense_4h_to_h.bias]
Loading weights:  37%|###6      | 107/292 [00:00<00:01, 136.98it/s, Materializing param=gpt_neox.layers.8.mlp.dense_4h_to_h.bias]
Loading weights:  37%|###6      | 108/292 [00:00<00:01, 136.98it/s, Materializing param=gpt_neox.layers.8.mlp.dense_4h_to_h.weight]
Loading weights:  37%|###6      | 108/292 [00:00<00:01, 136.98it/s, Materializing param=gpt_neox.layers.8.mlp.dense_4h_to_h.weight]
Loading weights:  37%|###7      | 109/292 [00:00<00:01, 136.98it/s, Materializing param=gpt_neox.layers.8.mlp.dense_h_to_4h.bias]  
Loading weights:  37%|###7      | 109/292 [00:00<00:01, 136.98it/s, Materializing param=gpt_neox.layers.8.mlp.dense_h_to_4h.bias]
Loading weights:  38%|###7      | 110/292 [00:00<00:01, 136.98it/s, Materializing param=gpt_neox.layers.8.mlp.dense_h_to_4h.weight]
Loading weights:  38%|###7      | 110/292 [00:00<00:01, 136.98it/s, Materializing param=gpt_neox.layers.8.mlp.dense_h_to_4h.weight]
Loading weights:  38%|###8      | 111/292 [00:00<00:01, 136.98it/s, Materializing param=gpt_neox.layers.8.post_attention_layernorm.bias]
Loading weights:  38%|###8      | 111/292 [00:00<00:01, 136.98it/s, Materializing param=gpt_neox.layers.8.post_attention_layernorm.bias]
Loading weights:  38%|###8      | 112/292 [00:00<00:01, 136.98it/s, Materializing param=gpt_neox.layers.8.post_attention_layernorm.weight]
Loading weights:  38%|###8      | 112/292 [00:00<00:01, 136.98it/s, Materializing param=gpt_neox.layers.8.post_attention_layernorm.weight]
Loading weights:  39%|###8      | 113/292 [00:00<00:01, 136.98it/s, Materializing param=gpt_neox.layers.9.attention.dense.bias]           
Loading weights:  39%|###8      | 113/292 [00:00<00:01, 136.98it/s, Materializing param=gpt_neox.layers.9.attention.dense.bias]
Loading weights:  39%|###9      | 114/292 [00:00<00:01, 136.98it/s, Materializing param=gpt_neox.layers.9.attention.dense.weight]
Loading weights:  39%|###9      | 114/292 [00:00<00:01, 136.98it/s, Materializing param=gpt_neox.layers.9.attention.dense.weight]
Loading weights:  39%|###9      | 115/292 [00:00<00:01, 136.98it/s, Materializing param=gpt_neox.layers.9.attention.query_key_value.bias]
Loading weights:  39%|###9      | 115/292 [00:00<00:01, 136.98it/s, Materializing param=gpt_neox.layers.9.attention.query_key_value.bias]
Loading weights:  40%|###9      | 116/292 [00:00<00:01, 136.98it/s, Materializing param=gpt_neox.layers.9.attention.query_key_value.weight]
Loading weights:  40%|###9      | 116/292 [00:00<00:01, 136.98it/s, Materializing param=gpt_neox.layers.9.attention.query_key_value.weight]
Loading weights:  40%|####      | 117/292 [00:00<00:01, 136.98it/s, Materializing param=gpt_neox.layers.9.input_layernorm.bias]            
Loading weights:  40%|####      | 117/292 [00:00<00:01, 136.98it/s, Materializing param=gpt_neox.layers.9.input_layernorm.bias]
Loading weights:  40%|####      | 118/292 [00:00<00:01, 136.98it/s, Materializing param=gpt_neox.layers.9.input_layernorm.weight]
Loading weights:  40%|####      | 118/292 [00:00<00:01, 136.98it/s, Materializing param=gpt_neox.layers.9.input_layernorm.weight]
Loading weights:  41%|####      | 119/292 [00:00<00:01, 136.98it/s, Materializing param=gpt_neox.layers.9.mlp.dense_4h_to_h.bias]
Loading weights:  41%|####      | 119/292 [00:00<00:01, 136.98it/s, Materializing param=gpt_neox.layers.9.mlp.dense_4h_to_h.bias]
Loading weights:  41%|####1     | 120/292 [00:00<00:01, 136.98it/s, Materializing param=gpt_neox.layers.9.mlp.dense_4h_to_h.weight]
Loading weights:  41%|####1     | 120/292 [00:00<00:01, 136.98it/s, Materializing param=gpt_neox.layers.9.mlp.dense_4h_to_h.weight]
Loading weights:  41%|####1     | 121/292 [00:01<00:02, 78.93it/s, Materializing param=gpt_neox.layers.9.mlp.dense_4h_to_h.weight] 
Loading weights:  41%|####1     | 121/292 [00:01<00:02, 78.93it/s, Materializing param=gpt_neox.layers.9.mlp.dense_h_to_4h.bias]  
Loading weights:  41%|####1     | 121/292 [00:01<00:02, 78.93it/s, Materializing param=gpt_neox.layers.9.mlp.dense_h_to_4h.bias]
Loading weights:  42%|####1     | 122/292 [00:01<00:02, 78.93it/s, Materializing param=gpt_neox.layers.9.mlp.dense_h_to_4h.weight]
Loading weights:  42%|####1     | 122/292 [00:01<00:02, 78.93it/s, Materializing param=gpt_neox.layers.9.mlp.dense_h_to_4h.weight]
Loading weights:  42%|####2     | 123/292 [00:01<00:02, 78.93it/s, Materializing param=gpt_neox.layers.9.post_attention_layernorm.bias]
Loading weights:  42%|####2     | 123/292 [00:01<00:02, 78.93it/s, Materializing param=gpt_neox.layers.9.post_attention_layernorm.bias]
Loading weights:  42%|####2     | 124/292 [00:01<00:02, 78.93it/s, Materializing param=gpt_neox.layers.9.post_attention_layernorm.weight]
Loading weights:  42%|####2     | 124/292 [00:01<00:02, 78.93it/s, Materializing param=gpt_neox.layers.9.post_attention_layernorm.weight]
Loading weights:  43%|####2     | 125/292 [00:01<00:02, 78.93it/s, Materializing param=gpt_neox.layers.10.attention.dense.bias]          
Loading weights:  43%|####2     | 125/292 [00:01<00:02, 78.93it/s, Materializing param=gpt_neox.layers.10.attention.dense.bias]
Loading weights:  43%|####3     | 126/292 [00:01<00:02, 78.93it/s, Materializing param=gpt_neox.layers.10.attention.dense.weight]
Loading weights:  43%|####3     | 126/292 [00:01<00:02, 78.93it/s, Materializing param=gpt_neox.layers.10.attention.dense.weight]
Loading weights:  43%|####3     | 127/292 [00:01<00:02, 78.93it/s, Materializing param=gpt_neox.layers.10.attention.query_key_value.bias]
Loading weights:  43%|####3     | 127/292 [00:01<00:02, 78.93it/s, Materializing param=gpt_neox.layers.10.attention.query_key_value.bias]
Loading weights:  44%|####3     | 128/292 [00:01<00:02, 78.93it/s, Materializing param=gpt_neox.layers.10.attention.query_key_value.weight]
Loading weights:  44%|####3     | 128/292 [00:01<00:02, 78.93it/s, Materializing param=gpt_neox.layers.10.attention.query_key_value.weight]
Loading weights:  44%|####4     | 129/292 [00:01<00:02, 78.93it/s, Materializing param=gpt_neox.layers.10.input_layernorm.bias]            
Loading weights:  44%|####4     | 129/292 [00:01<00:02, 78.93it/s, Materializing param=gpt_neox.layers.10.input_layernorm.bias]
Loading weights:  45%|####4     | 130/292 [00:01<00:02, 78.93it/s, Materializing param=gpt_neox.layers.10.input_layernorm.weight]
Loading weights:  45%|####4     | 130/292 [00:01<00:02, 78.93it/s, Materializing param=gpt_neox.layers.10.input_layernorm.weight]
Loading weights:  45%|####4     | 131/292 [00:01<00:02, 78.93it/s, Materializing param=gpt_neox.layers.10.mlp.dense_4h_to_h.bias]
Loading weights:  45%|####4     | 131/292 [00:01<00:02, 78.93it/s, Materializing param=gpt_neox.layers.10.mlp.dense_4h_to_h.bias]
Loading weights:  45%|####5     | 132/292 [00:01<00:02, 78.93it/s, Materializing param=gpt_neox.layers.10.mlp.dense_4h_to_h.weight]
Loading weights:  45%|####5     | 132/292 [00:01<00:02, 78.93it/s, Materializing param=gpt_neox.layers.10.mlp.dense_4h_to_h.weight]
Loading weights:  46%|####5     | 133/292 [00:01<00:02, 78.93it/s, Materializing param=gpt_neox.layers.10.mlp.dense_h_to_4h.bias]  
Loading weights:  46%|####5     | 133/292 [00:01<00:02, 78.93it/s, Materializing param=gpt_neox.layers.10.mlp.dense_h_to_4h.bias]
Loading weights:  46%|####5     | 134/292 [00:01<00:02, 78.93it/s, Materializing param=gpt_neox.layers.10.mlp.dense_h_to_4h.weight]
Loading weights:  46%|####5     | 134/292 [00:01<00:02, 78.93it/s, Materializing param=gpt_neox.layers.10.mlp.dense_h_to_4h.weight]
Loading weights:  46%|####6     | 135/292 [00:01<00:01, 78.93it/s, Materializing param=gpt_neox.layers.10.post_attention_layernorm.bias]
Loading weights:  46%|####6     | 135/292 [00:01<00:01, 78.93it/s, Materializing param=gpt_neox.layers.10.post_attention_layernorm.bias]
Loading weights:  47%|####6     | 136/292 [00:01<00:01, 78.93it/s, Materializing param=gpt_neox.layers.10.post_attention_layernorm.weight]
Loading weights:  47%|####6     | 136/292 [00:01<00:01, 78.93it/s, Materializing param=gpt_neox.layers.10.post_attention_layernorm.weight]
Loading weights:  47%|####6     | 137/292 [00:01<00:01, 78.93it/s, Materializing param=gpt_neox.layers.11.attention.dense.bias]           
Loading weights:  47%|####6     | 137/292 [00:01<00:01, 78.93it/s, Materializing param=gpt_neox.layers.11.attention.dense.bias]
Loading weights:  47%|####7     | 138/292 [00:01<00:01, 78.93it/s, Materializing param=gpt_neox.layers.11.attention.dense.weight]
Loading weights:  47%|####7     | 138/292 [00:01<00:01, 78.93it/s, Materializing param=gpt_neox.layers.11.attention.dense.weight]
Loading weights:  48%|####7     | 139/292 [00:01<00:01, 78.93it/s, Materializing param=gpt_neox.layers.11.attention.query_key_value.bias]
Loading weights:  48%|####7     | 139/292 [00:01<00:01, 78.93it/s, Materializing param=gpt_neox.layers.11.attention.query_key_value.bias]
Loading weights:  48%|####7     | 140/292 [00:01<00:01, 78.93it/s, Materializing param=gpt_neox.layers.11.attention.query_key_value.weight]
Loading weights:  48%|####7     | 140/292 [00:01<00:01, 78.93it/s, Materializing param=gpt_neox.layers.11.attention.query_key_value.weight]
Loading weights:  48%|####8     | 141/292 [00:01<00:01, 87.89it/s, Materializing param=gpt_neox.layers.11.attention.query_key_value.weight]
Loading weights:  48%|####8     | 141/292 [00:01<00:01, 87.89it/s, Materializing param=gpt_neox.layers.11.input_layernorm.bias]            
Loading weights:  48%|####8     | 141/292 [00:01<00:01, 87.89it/s, Materializing param=gpt_neox.layers.11.input_layernorm.bias]
Loading weights:  49%|####8     | 142/292 [00:01<00:01, 87.89it/s, Materializing param=gpt_neox.layers.11.input_layernorm.weight]
Loading weights:  49%|####8     | 142/292 [00:01<00:01, 87.89it/s, Materializing param=gpt_neox.layers.11.input_layernorm.weight]
Loading weights:  49%|####8     | 143/292 [00:01<00:01, 87.89it/s, Materializing param=gpt_neox.layers.11.mlp.dense_4h_to_h.bias]
Loading weights:  49%|####8     | 143/292 [00:01<00:01, 87.89it/s, Materializing param=gpt_neox.layers.11.mlp.dense_4h_to_h.bias]
Loading weights:  49%|####9     | 144/292 [00:01<00:01, 87.89it/s, Materializing param=gpt_neox.layers.11.mlp.dense_4h_to_h.weight]
Loading weights:  49%|####9     | 144/292 [00:01<00:01, 87.89it/s, Materializing param=gpt_neox.layers.11.mlp.dense_4h_to_h.weight]
Loading weights:  50%|####9     | 145/292 [00:01<00:01, 87.89it/s, Materializing param=gpt_neox.layers.11.mlp.dense_h_to_4h.bias]  
Loading weights:  50%|####9     | 145/292 [00:01<00:01, 87.89it/s, Materializing param=gpt_neox.layers.11.mlp.dense_h_to_4h.bias]
Loading weights:  50%|#####     | 146/292 [00:01<00:01, 87.89it/s, Materializing param=gpt_neox.layers.11.mlp.dense_h_to_4h.weight]
Loading weights:  50%|#####     | 146/292 [00:01<00:01, 87.89it/s, Materializing param=gpt_neox.layers.11.mlp.dense_h_to_4h.weight]
Loading weights:  50%|#####     | 147/292 [00:01<00:01, 87.89it/s, Materializing param=gpt_neox.layers.11.post_attention_layernorm.bias]
Loading weights:  50%|#####     | 147/292 [00:01<00:01, 87.89it/s, Materializing param=gpt_neox.layers.11.post_attention_layernorm.bias]
Loading weights:  51%|#####     | 148/292 [00:01<00:01, 87.89it/s, Materializing param=gpt_neox.layers.11.post_attention_layernorm.weight]
Loading weights:  51%|#####     | 148/292 [00:01<00:01, 87.89it/s, Materializing param=gpt_neox.layers.11.post_attention_layernorm.weight]
Loading weights:  51%|#####1    | 149/292 [00:01<00:01, 87.89it/s, Materializing param=gpt_neox.layers.12.attention.dense.bias]           
Loading weights:  51%|#####1    | 149/292 [00:01<00:01, 87.89it/s, Materializing param=gpt_neox.layers.12.attention.dense.bias]
Loading weights:  51%|#####1    | 150/292 [00:01<00:01, 87.89it/s, Materializing param=gpt_neox.layers.12.attention.dense.weight]
Loading weights:  51%|#####1    | 150/292 [00:01<00:01, 87.89it/s, Materializing param=gpt_neox.layers.12.attention.dense.weight]
Loading weights:  52%|#####1    | 151/292 [00:01<00:01, 87.89it/s, Materializing param=gpt_neox.layers.12.attention.query_key_value.bias]
Loading weights:  52%|#####1    | 151/292 [00:01<00:01, 87.89it/s, Materializing param=gpt_neox.layers.12.attention.query_key_value.bias]
Loading weights:  52%|#####2    | 152/292 [00:01<00:01, 87.89it/s, Materializing param=gpt_neox.layers.12.attention.query_key_value.weight]
Loading weights:  52%|#####2    | 152/292 [00:01<00:01, 87.89it/s, Materializing param=gpt_neox.layers.12.attention.query_key_value.weight]
Loading weights:  52%|#####2    | 153/292 [00:01<00:01, 92.74it/s, Materializing param=gpt_neox.layers.12.attention.query_key_value.weight]
Loading weights:  52%|#####2    | 153/292 [00:01<00:01, 92.74it/s, Materializing param=gpt_neox.layers.12.input_layernorm.bias]            
Loading weights:  52%|#####2    | 153/292 [00:01<00:01, 92.74it/s, Materializing param=gpt_neox.layers.12.input_layernorm.bias]
Loading weights:  53%|#####2    | 154/292 [00:01<00:01, 92.74it/s, Materializing param=gpt_neox.layers.12.input_layernorm.weight]
Loading weights:  53%|#####2    | 154/292 [00:01<00:01, 92.74it/s, Materializing param=gpt_neox.layers.12.input_layernorm.weight]
Loading weights:  53%|#####3    | 155/292 [00:01<00:01, 92.74it/s, Materializing param=gpt_neox.layers.12.mlp.dense_4h_to_h.bias]
Loading weights:  53%|#####3    | 155/292 [00:01<00:01, 92.74it/s, Materializing param=gpt_neox.layers.12.mlp.dense_4h_to_h.bias]
Loading weights:  53%|#####3    | 156/292 [00:01<00:01, 92.74it/s, Materializing param=gpt_neox.layers.12.mlp.dense_4h_to_h.weight]
Loading weights:  53%|#####3    | 156/292 [00:01<00:01, 92.74it/s, Materializing param=gpt_neox.layers.12.mlp.dense_4h_to_h.weight]
Loading weights:  54%|#####3    | 157/292 [00:01<00:01, 92.74it/s, Materializing param=gpt_neox.layers.12.mlp.dense_h_to_4h.bias]  
Loading weights:  54%|#####3    | 157/292 [00:01<00:01, 92.74it/s, Materializing param=gpt_neox.layers.12.mlp.dense_h_to_4h.bias]
Loading weights:  54%|#####4    | 158/292 [00:01<00:01, 92.74it/s, Materializing param=gpt_neox.layers.12.mlp.dense_h_to_4h.weight]
Loading weights:  54%|#####4    | 158/292 [00:01<00:01, 92.74it/s, Materializing param=gpt_neox.layers.12.mlp.dense_h_to_4h.weight]
Loading weights:  54%|#####4    | 159/292 [00:01<00:01, 92.74it/s, Materializing param=gpt_neox.layers.12.post_attention_layernorm.bias]
Loading weights:  54%|#####4    | 159/292 [00:01<00:01, 92.74it/s, Materializing param=gpt_neox.layers.12.post_attention_layernorm.bias]
Loading weights:  55%|#####4    | 160/292 [00:01<00:01, 92.74it/s, Materializing param=gpt_neox.layers.12.post_attention_layernorm.weight]
Loading weights:  55%|#####4    | 160/292 [00:01<00:01, 92.74it/s, Materializing param=gpt_neox.layers.12.post_attention_layernorm.weight]
Loading weights:  55%|#####5    | 161/292 [00:01<00:01, 92.74it/s, Materializing param=gpt_neox.layers.13.attention.dense.bias]           
Loading weights:  55%|#####5    | 161/292 [00:01<00:01, 92.74it/s, Materializing param=gpt_neox.layers.13.attention.dense.bias]
Loading weights:  55%|#####5    | 162/292 [00:01<00:01, 92.74it/s, Materializing param=gpt_neox.layers.13.attention.dense.weight]
Loading weights:  55%|#####5    | 162/292 [00:01<00:01, 92.74it/s, Materializing param=gpt_neox.layers.13.attention.dense.weight]
Loading weights:  56%|#####5    | 163/292 [00:01<00:01, 92.74it/s, Materializing param=gpt_neox.layers.13.attention.query_key_value.bias]
Loading weights:  56%|#####5    | 163/292 [00:01<00:01, 92.74it/s, Materializing param=gpt_neox.layers.13.attention.query_key_value.bias]
Loading weights:  56%|#####6    | 164/292 [00:01<00:01, 92.74it/s, Materializing param=gpt_neox.layers.13.attention.query_key_value.weight]
Loading weights:  56%|#####6    | 164/292 [00:01<00:01, 92.74it/s, Materializing param=gpt_neox.layers.13.attention.query_key_value.weight]
Loading weights:  57%|#####6    | 165/292 [00:01<00:01, 92.74it/s, Materializing param=gpt_neox.layers.13.input_layernorm.bias]            
Loading weights:  57%|#####6    | 165/292 [00:01<00:01, 92.74it/s, Materializing param=gpt_neox.layers.13.input_layernorm.bias]
Loading weights:  57%|#####6    | 166/292 [00:01<00:01, 92.74it/s, Materializing param=gpt_neox.layers.13.input_layernorm.weight]
Loading weights:  57%|#####6    | 166/292 [00:01<00:01, 92.74it/s, Materializing param=gpt_neox.layers.13.input_layernorm.weight]
Loading weights:  57%|#####7    | 167/292 [00:01<00:01, 92.74it/s, Materializing param=gpt_neox.layers.13.mlp.dense_4h_to_h.bias]
Loading weights:  57%|#####7    | 167/292 [00:01<00:01, 92.74it/s, Materializing param=gpt_neox.layers.13.mlp.dense_4h_to_h.bias]
Loading weights:  58%|#####7    | 168/292 [00:01<00:01, 92.74it/s, Materializing param=gpt_neox.layers.13.mlp.dense_4h_to_h.weight]
Loading weights:  58%|#####7    | 168/292 [00:01<00:01, 92.74it/s, Materializing param=gpt_neox.layers.13.mlp.dense_4h_to_h.weight]
Loading weights:  58%|#####7    | 169/292 [00:01<00:01, 92.74it/s, Materializing param=gpt_neox.layers.13.mlp.dense_h_to_4h.bias]  
Loading weights:  58%|#####7    | 169/292 [00:01<00:01, 92.74it/s, Materializing param=gpt_neox.layers.13.mlp.dense_h_to_4h.bias]
Loading weights:  58%|#####8    | 170/292 [00:01<00:01, 92.74it/s, Materializing param=gpt_neox.layers.13.mlp.dense_h_to_4h.weight]
Loading weights:  58%|#####8    | 170/292 [00:01<00:01, 92.74it/s, Materializing param=gpt_neox.layers.13.mlp.dense_h_to_4h.weight]
Loading weights:  59%|#####8    | 171/292 [00:01<00:01, 106.12it/s, Materializing param=gpt_neox.layers.13.mlp.dense_h_to_4h.weight]
Loading weights:  59%|#####8    | 171/292 [00:01<00:01, 106.12it/s, Materializing param=gpt_neox.layers.13.post_attention_layernorm.bias]
Loading weights:  59%|#####8    | 171/292 [00:01<00:01, 106.12it/s, Materializing param=gpt_neox.layers.13.post_attention_layernorm.bias]
Loading weights:  59%|#####8    | 172/292 [00:01<00:01, 106.12it/s, Materializing param=gpt_neox.layers.13.post_attention_layernorm.weight]
Loading weights:  59%|#####8    | 172/292 [00:01<00:01, 106.12it/s, Materializing param=gpt_neox.layers.13.post_attention_layernorm.weight]
Loading weights:  59%|#####9    | 173/292 [00:01<00:01, 106.12it/s, Materializing param=gpt_neox.layers.14.attention.dense.bias]           
Loading weights:  59%|#####9    | 173/292 [00:01<00:01, 106.12it/s, Materializing param=gpt_neox.layers.14.attention.dense.bias]
Loading weights:  60%|#####9    | 174/292 [00:01<00:01, 106.12it/s, Materializing param=gpt_neox.layers.14.attention.dense.weight]
Loading weights:  60%|#####9    | 174/292 [00:01<00:01, 106.12it/s, Materializing param=gpt_neox.layers.14.attention.dense.weight]
Loading weights:  60%|#####9    | 175/292 [00:01<00:01, 106.12it/s, Materializing param=gpt_neox.layers.14.attention.query_key_value.bias]
Loading weights:  60%|#####9    | 175/292 [00:01<00:01, 106.12it/s, Materializing param=gpt_neox.layers.14.attention.query_key_value.bias]
Loading weights:  60%|######    | 176/292 [00:01<00:01, 106.12it/s, Materializing param=gpt_neox.layers.14.attention.query_key_value.weight]
Loading weights:  60%|######    | 176/292 [00:01<00:01, 106.12it/s, Materializing param=gpt_neox.layers.14.attention.query_key_value.weight]
Loading weights:  61%|######    | 177/292 [00:01<00:01, 106.12it/s, Materializing param=gpt_neox.layers.14.input_layernorm.bias]            
Loading weights:  61%|######    | 177/292 [00:01<00:01, 106.12it/s, Materializing param=gpt_neox.layers.14.input_layernorm.bias]
Loading weights:  61%|######    | 178/292 [00:01<00:01, 106.12it/s, Materializing param=gpt_neox.layers.14.input_layernorm.weight]
Loading weights:  61%|######    | 178/292 [00:01<00:01, 106.12it/s, Materializing param=gpt_neox.layers.14.input_layernorm.weight]
Loading weights:  61%|######1   | 179/292 [00:01<00:01, 106.12it/s, Materializing param=gpt_neox.layers.14.mlp.dense_4h_to_h.bias]
Loading weights:  61%|######1   | 179/292 [00:01<00:01, 106.12it/s, Materializing param=gpt_neox.layers.14.mlp.dense_4h_to_h.bias]
Loading weights:  62%|######1   | 180/292 [00:01<00:01, 106.12it/s, Materializing param=gpt_neox.layers.14.mlp.dense_4h_to_h.weight]
Loading weights:  62%|######1   | 180/292 [00:01<00:01, 106.12it/s, Materializing param=gpt_neox.layers.14.mlp.dense_4h_to_h.weight]
Loading weights:  62%|######1   | 181/292 [00:01<00:01, 106.12it/s, Materializing param=gpt_neox.layers.14.mlp.dense_h_to_4h.bias]  
Loading weights:  62%|######1   | 181/292 [00:01<00:01, 106.12it/s, Materializing param=gpt_neox.layers.14.mlp.dense_h_to_4h.bias]
Loading weights:  62%|######2   | 182/292 [00:01<00:01, 106.12it/s, Materializing param=gpt_neox.layers.14.mlp.dense_h_to_4h.weight]
Loading weights:  62%|######2   | 182/292 [00:01<00:01, 106.12it/s, Materializing param=gpt_neox.layers.14.mlp.dense_h_to_4h.weight]
Loading weights:  63%|######2   | 183/292 [00:01<00:01, 106.12it/s, Materializing param=gpt_neox.layers.14.post_attention_layernorm.bias]
Loading weights:  63%|######2   | 183/292 [00:01<00:01, 106.12it/s, Materializing param=gpt_neox.layers.14.post_attention_layernorm.bias]
Loading weights:  63%|######3   | 184/292 [00:01<00:01, 85.83it/s, Materializing param=gpt_neox.layers.14.post_attention_layernorm.bias] 
Loading weights:  63%|######3   | 184/292 [00:01<00:01, 85.83it/s, Materializing param=gpt_neox.layers.14.post_attention_layernorm.weight]
Loading weights:  63%|######3   | 184/292 [00:01<00:01, 85.83it/s, Materializing param=gpt_neox.layers.14.post_attention_layernorm.weight]
Loading weights:  63%|######3   | 185/292 [00:01<00:01, 85.83it/s, Materializing param=gpt_neox.layers.15.attention.dense.bias]           
Loading weights:  63%|######3   | 185/292 [00:01<00:01, 85.83it/s, Materializing param=gpt_neox.layers.15.attention.dense.bias]
Loading weights:  64%|######3   | 186/292 [00:01<00:01, 85.83it/s, Materializing param=gpt_neox.layers.15.attention.dense.weight]
Loading weights:  64%|######3   | 186/292 [00:01<00:01, 85.83it/s, Materializing param=gpt_neox.layers.15.attention.dense.weight]
Loading weights:  64%|######4   | 187/292 [00:01<00:01, 85.83it/s, Materializing param=gpt_neox.layers.15.attention.query_key_value.bias]
Loading weights:  64%|######4   | 187/292 [00:01<00:01, 85.83it/s, Materializing param=gpt_neox.layers.15.attention.query_key_value.bias]
Loading weights:  64%|######4   | 188/292 [00:01<00:01, 85.83it/s, Materializing param=gpt_neox.layers.15.attention.query_key_value.weight]
Loading weights:  64%|######4   | 188/292 [00:01<00:01, 85.83it/s, Materializing param=gpt_neox.layers.15.attention.query_key_value.weight]
Loading weights:  65%|######4   | 189/292 [00:01<00:01, 85.83it/s, Materializing param=gpt_neox.layers.15.input_layernorm.bias]            
Loading weights:  65%|######4   | 189/292 [00:01<00:01, 85.83it/s, Materializing param=gpt_neox.layers.15.input_layernorm.bias]
Loading weights:  65%|######5   | 190/292 [00:01<00:01, 85.83it/s, Materializing param=gpt_neox.layers.15.input_layernorm.weight]
Loading weights:  65%|######5   | 190/292 [00:01<00:01, 85.83it/s, Materializing param=gpt_neox.layers.15.input_layernorm.weight]
Loading weights:  65%|######5   | 191/292 [00:01<00:01, 85.83it/s, Materializing param=gpt_neox.layers.15.mlp.dense_4h_to_h.bias]
Loading weights:  65%|######5   | 191/292 [00:01<00:01, 85.83it/s, Materializing param=gpt_neox.layers.15.mlp.dense_4h_to_h.bias]
Loading weights:  66%|######5   | 192/292 [00:01<00:01, 85.83it/s, Materializing param=gpt_neox.layers.15.mlp.dense_4h_to_h.weight]
Loading weights:  66%|######5   | 192/292 [00:01<00:01, 85.83it/s, Materializing param=gpt_neox.layers.15.mlp.dense_4h_to_h.weight]
Loading weights:  66%|######6   | 193/292 [00:01<00:01, 85.83it/s, Materializing param=gpt_neox.layers.15.mlp.dense_h_to_4h.bias]  
Loading weights:  66%|######6   | 193/292 [00:01<00:01, 85.83it/s, Materializing param=gpt_neox.layers.15.mlp.dense_h_to_4h.bias]
Loading weights:  66%|######6   | 194/292 [00:01<00:01, 85.83it/s, Materializing param=gpt_neox.layers.15.mlp.dense_h_to_4h.weight]
Loading weights:  66%|######6   | 194/292 [00:01<00:01, 85.83it/s, Materializing param=gpt_neox.layers.15.mlp.dense_h_to_4h.weight]
Loading weights:  67%|######6   | 195/292 [00:01<00:01, 75.36it/s, Materializing param=gpt_neox.layers.15.mlp.dense_h_to_4h.weight]
Loading weights:  67%|######6   | 195/292 [00:01<00:01, 75.36it/s, Materializing param=gpt_neox.layers.15.post_attention_layernorm.bias]
Loading weights:  67%|######6   | 195/292 [00:01<00:01, 75.36it/s, Materializing param=gpt_neox.layers.15.post_attention_layernorm.bias]
Loading weights:  67%|######7   | 196/292 [00:01<00:01, 75.36it/s, Materializing param=gpt_neox.layers.15.post_attention_layernorm.weight]
Loading weights:  67%|######7   | 196/292 [00:01<00:01, 75.36it/s, Materializing param=gpt_neox.layers.15.post_attention_layernorm.weight]
Loading weights:  67%|######7   | 197/292 [00:01<00:01, 75.36it/s, Materializing param=gpt_neox.layers.16.attention.dense.bias]           
Loading weights:  67%|######7   | 197/292 [00:01<00:01, 75.36it/s, Materializing param=gpt_neox.layers.16.attention.dense.bias]
Loading weights:  68%|######7   | 198/292 [00:01<00:01, 75.36it/s, Materializing param=gpt_neox.layers.16.attention.dense.weight]
Loading weights:  68%|######7   | 198/292 [00:01<00:01, 75.36it/s, Materializing param=gpt_neox.layers.16.attention.dense.weight]
Loading weights:  68%|######8   | 199/292 [00:01<00:01, 75.36it/s, Materializing param=gpt_neox.layers.16.attention.query_key_value.bias]
Loading weights:  68%|######8   | 199/292 [00:01<00:01, 75.36it/s, Materializing param=gpt_neox.layers.16.attention.query_key_value.bias]
Loading weights:  68%|######8   | 200/292 [00:01<00:01, 75.36it/s, Materializing param=gpt_neox.layers.16.attention.query_key_value.weight]
Loading weights:  68%|######8   | 200/292 [00:01<00:01, 75.36it/s, Materializing param=gpt_neox.layers.16.attention.query_key_value.weight]
Loading weights:  69%|######8   | 201/292 [00:01<00:01, 75.36it/s, Materializing param=gpt_neox.layers.16.input_layernorm.bias]            
Loading weights:  69%|######8   | 201/292 [00:01<00:01, 75.36it/s, Materializing param=gpt_neox.layers.16.input_layernorm.bias]
Loading weights:  69%|######9   | 202/292 [00:01<00:01, 75.36it/s, Materializing param=gpt_neox.layers.16.input_layernorm.weight]
Loading weights:  69%|######9   | 202/292 [00:01<00:01, 75.36it/s, Materializing param=gpt_neox.layers.16.input_layernorm.weight]
Loading weights:  70%|######9   | 203/292 [00:01<00:01, 75.36it/s, Materializing param=gpt_neox.layers.16.mlp.dense_4h_to_h.bias]
Loading weights:  70%|######9   | 203/292 [00:01<00:01, 75.36it/s, Materializing param=gpt_neox.layers.16.mlp.dense_4h_to_h.bias]
Loading weights:  70%|######9   | 204/292 [00:01<00:01, 75.36it/s, Materializing param=gpt_neox.layers.16.mlp.dense_4h_to_h.weight]
Loading weights:  70%|######9   | 204/292 [00:01<00:01, 75.36it/s, Materializing param=gpt_neox.layers.16.mlp.dense_4h_to_h.weight]
Loading weights:  70%|#######   | 205/292 [00:01<00:01, 75.36it/s, Materializing param=gpt_neox.layers.16.mlp.dense_h_to_4h.bias]  
Loading weights:  70%|#######   | 205/292 [00:01<00:01, 75.36it/s, Materializing param=gpt_neox.layers.16.mlp.dense_h_to_4h.bias]
Loading weights:  71%|#######   | 206/292 [00:01<00:01, 75.36it/s, Materializing param=gpt_neox.layers.16.mlp.dense_h_to_4h.weight]
Loading weights:  71%|#######   | 206/292 [00:01<00:01, 75.36it/s, Materializing param=gpt_neox.layers.16.mlp.dense_h_to_4h.weight]
Loading weights:  71%|#######   | 207/292 [00:01<00:01, 75.36it/s, Materializing param=gpt_neox.layers.16.post_attention_layernorm.bias]
Loading weights:  71%|#######   | 207/292 [00:01<00:01, 75.36it/s, Materializing param=gpt_neox.layers.16.post_attention_layernorm.bias]
Loading weights:  71%|#######1  | 208/292 [00:01<00:01, 75.36it/s, Materializing param=gpt_neox.layers.16.post_attention_layernorm.weight]
Loading weights:  71%|#######1  | 208/292 [00:01<00:01, 75.36it/s, Materializing param=gpt_neox.layers.16.post_attention_layernorm.weight]
Loading weights:  72%|#######1  | 209/292 [00:01<00:01, 75.36it/s, Materializing param=gpt_neox.layers.17.attention.dense.bias]           
Loading weights:  72%|#######1  | 209/292 [00:01<00:01, 75.36it/s, Materializing param=gpt_neox.layers.17.attention.dense.bias]
Loading weights:  72%|#######1  | 210/292 [00:01<00:01, 75.36it/s, Materializing param=gpt_neox.layers.17.attention.dense.weight]
Loading weights:  72%|#######1  | 210/292 [00:01<00:01, 75.36it/s, Materializing param=gpt_neox.layers.17.attention.dense.weight]
Loading weights:  72%|#######2  | 211/292 [00:01<00:01, 75.36it/s, Materializing param=gpt_neox.layers.17.attention.query_key_value.bias]
Loading weights:  72%|#######2  | 211/292 [00:01<00:01, 75.36it/s, Materializing param=gpt_neox.layers.17.attention.query_key_value.bias]
Loading weights:  73%|#######2  | 212/292 [00:01<00:01, 75.36it/s, Materializing param=gpt_neox.layers.17.attention.query_key_value.weight]
Loading weights:  73%|#######2  | 212/292 [00:01<00:01, 75.36it/s, Materializing param=gpt_neox.layers.17.attention.query_key_value.weight]
Loading weights:  73%|#######2  | 213/292 [00:02<00:01, 75.36it/s, Materializing param=gpt_neox.layers.17.input_layernorm.bias]            
Loading weights:  73%|#######2  | 213/292 [00:02<00:01, 75.36it/s, Materializing param=gpt_neox.layers.17.input_layernorm.bias]
Loading weights:  73%|#######3  | 214/292 [00:02<00:01, 75.36it/s, Materializing param=gpt_neox.layers.17.input_layernorm.weight]
Loading weights:  73%|#######3  | 214/292 [00:02<00:01, 75.36it/s, Materializing param=gpt_neox.layers.17.input_layernorm.weight]
Loading weights:  74%|#######3  | 215/292 [00:02<00:01, 75.36it/s, Materializing param=gpt_neox.layers.17.mlp.dense_4h_to_h.bias]
Loading weights:  74%|#######3  | 215/292 [00:02<00:01, 75.36it/s, Materializing param=gpt_neox.layers.17.mlp.dense_4h_to_h.bias]
Loading weights:  74%|#######3  | 216/292 [00:02<00:01, 75.36it/s, Materializing param=gpt_neox.layers.17.mlp.dense_4h_to_h.weight]
Loading weights:  74%|#######3  | 216/292 [00:02<00:01, 75.36it/s, Materializing param=gpt_neox.layers.17.mlp.dense_4h_to_h.weight]
Loading weights:  74%|#######4  | 217/292 [00:02<00:00, 85.54it/s, Materializing param=gpt_neox.layers.17.mlp.dense_4h_to_h.weight]
Loading weights:  74%|#######4  | 217/292 [00:02<00:00, 85.54it/s, Materializing param=gpt_neox.layers.17.mlp.dense_h_to_4h.bias]  
Loading weights:  74%|#######4  | 217/292 [00:02<00:00, 85.54it/s, Materializing param=gpt_neox.layers.17.mlp.dense_h_to_4h.bias]
Loading weights:  75%|#######4  | 218/292 [00:02<00:00, 85.54it/s, Materializing param=gpt_neox.layers.17.mlp.dense_h_to_4h.weight]
Loading weights:  75%|#######4  | 218/292 [00:02<00:00, 85.54it/s, Materializing param=gpt_neox.layers.17.mlp.dense_h_to_4h.weight]
Loading weights:  75%|#######5  | 219/292 [00:02<00:00, 85.54it/s, Materializing param=gpt_neox.layers.17.post_attention_layernorm.bias]
Loading weights:  75%|#######5  | 219/292 [00:02<00:00, 85.54it/s, Materializing param=gpt_neox.layers.17.post_attention_layernorm.bias]
Loading weights:  75%|#######5  | 220/292 [00:02<00:00, 85.54it/s, Materializing param=gpt_neox.layers.17.post_attention_layernorm.weight]
Loading weights:  75%|#######5  | 220/292 [00:02<00:00, 85.54it/s, Materializing param=gpt_neox.layers.17.post_attention_layernorm.weight]
Loading weights:  76%|#######5  | 221/292 [00:02<00:00, 85.54it/s, Materializing param=gpt_neox.layers.18.attention.dense.bias]           
Loading weights:  76%|#######5  | 221/292 [00:02<00:00, 85.54it/s, Materializing param=gpt_neox.layers.18.attention.dense.bias]
Loading weights:  76%|#######6  | 222/292 [00:02<00:00, 85.54it/s, Materializing param=gpt_neox.layers.18.attention.dense.weight]
Loading weights:  76%|#######6  | 222/292 [00:02<00:00, 85.54it/s, Materializing param=gpt_neox.layers.18.attention.dense.weight]
Loading weights:  76%|#######6  | 223/292 [00:02<00:00, 85.54it/s, Materializing param=gpt_neox.layers.18.attention.query_key_value.bias]
Loading weights:  76%|#######6  | 223/292 [00:02<00:00, 85.54it/s, Materializing param=gpt_neox.layers.18.attention.query_key_value.bias]
Loading weights:  77%|#######6  | 224/292 [00:02<00:00, 85.54it/s, Materializing param=gpt_neox.layers.18.attention.query_key_value.weight]
Loading weights:  77%|#######6  | 224/292 [00:02<00:00, 85.54it/s, Materializing param=gpt_neox.layers.18.attention.query_key_value.weight]
Loading weights:  77%|#######7  | 225/292 [00:02<00:00, 85.54it/s, Materializing param=gpt_neox.layers.18.input_layernorm.bias]            
Loading weights:  77%|#######7  | 225/292 [00:02<00:00, 85.54it/s, Materializing param=gpt_neox.layers.18.input_layernorm.bias]
Loading weights:  77%|#######7  | 226/292 [00:02<00:00, 85.54it/s, Materializing param=gpt_neox.layers.18.input_layernorm.weight]
Loading weights:  77%|#######7  | 226/292 [00:02<00:00, 85.54it/s, Materializing param=gpt_neox.layers.18.input_layernorm.weight]
Loading weights:  78%|#######7  | 227/292 [00:02<00:00, 85.54it/s, Materializing param=gpt_neox.layers.18.mlp.dense_4h_to_h.bias]
Loading weights:  78%|#######7  | 227/292 [00:02<00:00, 85.54it/s, Materializing param=gpt_neox.layers.18.mlp.dense_4h_to_h.bias]
Loading weights:  78%|#######8  | 228/292 [00:02<00:00, 85.54it/s, Materializing param=gpt_neox.layers.18.mlp.dense_4h_to_h.weight]
Loading weights:  78%|#######8  | 228/292 [00:02<00:00, 85.54it/s, Materializing param=gpt_neox.layers.18.mlp.dense_4h_to_h.weight]
Loading weights:  78%|#######8  | 229/292 [00:02<00:00, 85.54it/s, Materializing param=gpt_neox.layers.18.mlp.dense_h_to_4h.bias]  
Loading weights:  78%|#######8  | 229/292 [00:02<00:00, 85.54it/s, Materializing param=gpt_neox.layers.18.mlp.dense_h_to_4h.bias]
Loading weights:  79%|#######8  | 230/292 [00:02<00:00, 85.54it/s, Materializing param=gpt_neox.layers.18.mlp.dense_h_to_4h.weight]
Loading weights:  79%|#######8  | 230/292 [00:02<00:00, 85.54it/s, Materializing param=gpt_neox.layers.18.mlp.dense_h_to_4h.weight]
Loading weights:  79%|#######9  | 231/292 [00:02<00:00, 85.54it/s, Materializing param=gpt_neox.layers.18.post_attention_layernorm.bias]
Loading weights:  79%|#######9  | 231/292 [00:02<00:00, 85.54it/s, Materializing param=gpt_neox.layers.18.post_attention_layernorm.bias]
Loading weights:  79%|#######9  | 232/292 [00:02<00:00, 85.54it/s, Materializing param=gpt_neox.layers.18.post_attention_layernorm.weight]
Loading weights:  79%|#######9  | 232/292 [00:02<00:00, 85.54it/s, Materializing param=gpt_neox.layers.18.post_attention_layernorm.weight]
Loading weights:  80%|#######9  | 233/292 [00:02<00:00, 85.54it/s, Materializing param=gpt_neox.layers.19.attention.dense.bias]           
Loading weights:  80%|#######9  | 233/292 [00:02<00:00, 85.54it/s, Materializing param=gpt_neox.layers.19.attention.dense.bias]
Loading weights:  80%|########  | 234/292 [00:02<00:00, 85.54it/s, Materializing param=gpt_neox.layers.19.attention.dense.weight]
Loading weights:  80%|########  | 234/292 [00:02<00:00, 85.54it/s, Materializing param=gpt_neox.layers.19.attention.dense.weight]
Loading weights:  80%|########  | 235/292 [00:02<00:00, 85.54it/s, Materializing param=gpt_neox.layers.19.attention.query_key_value.bias]
Loading weights:  80%|########  | 235/292 [00:02<00:00, 85.54it/s, Materializing param=gpt_neox.layers.19.attention.query_key_value.bias]
Loading weights:  81%|########  | 236/292 [00:02<00:00, 85.54it/s, Materializing param=gpt_neox.layers.19.attention.query_key_value.weight]
Loading weights:  81%|########  | 236/292 [00:02<00:00, 85.54it/s, Materializing param=gpt_neox.layers.19.attention.query_key_value.weight]
Loading weights:  81%|########1 | 237/292 [00:02<00:00, 85.54it/s, Materializing param=gpt_neox.layers.19.input_layernorm.bias]            
Loading weights:  81%|########1 | 237/292 [00:02<00:00, 85.54it/s, Materializing param=gpt_neox.layers.19.input_layernorm.bias]
Loading weights:  82%|########1 | 238/292 [00:02<00:00, 85.54it/s, Materializing param=gpt_neox.layers.19.input_layernorm.weight]
Loading weights:  82%|########1 | 238/292 [00:02<00:00, 85.54it/s, Materializing param=gpt_neox.layers.19.input_layernorm.weight]
Loading weights:  82%|########1 | 239/292 [00:02<00:00, 85.54it/s, Materializing param=gpt_neox.layers.19.mlp.dense_4h_to_h.bias]
Loading weights:  82%|########1 | 239/292 [00:02<00:00, 85.54it/s, Materializing param=gpt_neox.layers.19.mlp.dense_4h_to_h.bias]
Loading weights:  82%|########2 | 240/292 [00:02<00:00, 85.54it/s, Materializing param=gpt_neox.layers.19.mlp.dense_4h_to_h.weight]
Loading weights:  82%|########2 | 240/292 [00:02<00:00, 85.54it/s, Materializing param=gpt_neox.layers.19.mlp.dense_4h_to_h.weight]
Loading weights:  83%|########2 | 241/292 [00:02<00:00, 84.45it/s, Materializing param=gpt_neox.layers.19.mlp.dense_4h_to_h.weight]
Loading weights:  83%|########2 | 241/292 [00:02<00:00, 84.45it/s, Materializing param=gpt_neox.layers.19.mlp.dense_h_to_4h.bias]  
Loading weights:  83%|########2 | 241/292 [00:02<00:00, 84.45it/s, Materializing param=gpt_neox.layers.19.mlp.dense_h_to_4h.bias]
Loading weights:  83%|########2 | 242/292 [00:02<00:00, 84.45it/s, Materializing param=gpt_neox.layers.19.mlp.dense_h_to_4h.weight]
Loading weights:  83%|########2 | 242/292 [00:02<00:00, 84.45it/s, Materializing param=gpt_neox.layers.19.mlp.dense_h_to_4h.weight]
Loading weights:  83%|########3 | 243/292 [00:02<00:00, 84.45it/s, Materializing param=gpt_neox.layers.19.post_attention_layernorm.bias]
Loading weights:  83%|########3 | 243/292 [00:02<00:00, 84.45it/s, Materializing param=gpt_neox.layers.19.post_attention_layernorm.bias]
Loading weights:  84%|########3 | 244/292 [00:02<00:00, 84.45it/s, Materializing param=gpt_neox.layers.19.post_attention_layernorm.weight]
Loading weights:  84%|########3 | 244/292 [00:02<00:00, 84.45it/s, Materializing param=gpt_neox.layers.19.post_attention_layernorm.weight]
Loading weights:  84%|########3 | 245/292 [00:02<00:00, 84.45it/s, Materializing param=gpt_neox.layers.20.attention.dense.bias]           
Loading weights:  84%|########3 | 245/292 [00:02<00:00, 84.45it/s, Materializing param=gpt_neox.layers.20.attention.dense.bias]
Loading weights:  84%|########4 | 246/292 [00:02<00:00, 84.45it/s, Materializing param=gpt_neox.layers.20.attention.dense.weight]
Loading weights:  84%|########4 | 246/292 [00:02<00:00, 84.45it/s, Materializing param=gpt_neox.layers.20.attention.dense.weight]
Loading weights:  85%|########4 | 247/292 [00:02<00:00, 84.45it/s, Materializing param=gpt_neox.layers.20.attention.query_key_value.bias]
Loading weights:  85%|########4 | 247/292 [00:02<00:00, 84.45it/s, Materializing param=gpt_neox.layers.20.attention.query_key_value.bias]
Loading weights:  85%|########4 | 248/292 [00:02<00:00, 84.45it/s, Materializing param=gpt_neox.layers.20.attention.query_key_value.weight]
Loading weights:  85%|########4 | 248/292 [00:02<00:00, 84.45it/s, Materializing param=gpt_neox.layers.20.attention.query_key_value.weight]
Loading weights:  85%|########5 | 249/292 [00:02<00:00, 84.45it/s, Materializing param=gpt_neox.layers.20.input_layernorm.bias]            
Loading weights:  85%|########5 | 249/292 [00:02<00:00, 84.45it/s, Materializing param=gpt_neox.layers.20.input_layernorm.bias]
Loading weights:  86%|########5 | 250/292 [00:02<00:00, 84.45it/s, Materializing param=gpt_neox.layers.20.input_layernorm.weight]
Loading weights:  86%|########5 | 250/292 [00:02<00:00, 84.45it/s, Materializing param=gpt_neox.layers.20.input_layernorm.weight]
Loading weights:  86%|########5 | 251/292 [00:02<00:00, 84.45it/s, Materializing param=gpt_neox.layers.20.mlp.dense_4h_to_h.bias]
Loading weights:  86%|########5 | 251/292 [00:02<00:00, 84.45it/s, Materializing param=gpt_neox.layers.20.mlp.dense_4h_to_h.bias]
Loading weights:  86%|########6 | 252/292 [00:02<00:00, 84.45it/s, Materializing param=gpt_neox.layers.20.mlp.dense_4h_to_h.weight]
Loading weights:  86%|########6 | 252/292 [00:02<00:00, 84.45it/s, Materializing param=gpt_neox.layers.20.mlp.dense_4h_to_h.weight]
Loading weights:  87%|########6 | 253/292 [00:02<00:00, 82.24it/s, Materializing param=gpt_neox.layers.20.mlp.dense_4h_to_h.weight]
Loading weights:  87%|########6 | 253/292 [00:02<00:00, 82.24it/s, Materializing param=gpt_neox.layers.20.mlp.dense_h_to_4h.bias]  
Loading weights:  87%|########6 | 253/292 [00:02<00:00, 82.24it/s, Materializing param=gpt_neox.layers.20.mlp.dense_h_to_4h.bias]
Loading weights:  87%|########6 | 254/292 [00:02<00:00, 82.24it/s, Materializing param=gpt_neox.layers.20.mlp.dense_h_to_4h.weight]
Loading weights:  87%|########6 | 254/292 [00:02<00:00, 82.24it/s, Materializing param=gpt_neox.layers.20.mlp.dense_h_to_4h.weight]
Loading weights:  87%|########7 | 255/292 [00:02<00:00, 82.24it/s, Materializing param=gpt_neox.layers.20.post_attention_layernorm.bias]
Loading weights:  87%|########7 | 255/292 [00:02<00:00, 82.24it/s, Materializing param=gpt_neox.layers.20.post_attention_layernorm.bias]
Loading weights:  88%|########7 | 256/292 [00:02<00:00, 82.24it/s, Materializing param=gpt_neox.layers.20.post_attention_layernorm.weight]
Loading weights:  88%|########7 | 256/292 [00:02<00:00, 82.24it/s, Materializing param=gpt_neox.layers.20.post_attention_layernorm.weight]
Loading weights:  88%|########8 | 257/292 [00:02<00:00, 82.24it/s, Materializing param=gpt_neox.layers.21.attention.dense.bias]           
Loading weights:  88%|########8 | 257/292 [00:02<00:00, 82.24it/s, Materializing param=gpt_neox.layers.21.attention.dense.bias]
Loading weights:  88%|########8 | 258/292 [00:02<00:00, 82.24it/s, Materializing param=gpt_neox.layers.21.attention.dense.weight]
Loading weights:  88%|########8 | 258/292 [00:02<00:00, 82.24it/s, Materializing param=gpt_neox.layers.21.attention.dense.weight]
Loading weights:  89%|########8 | 259/292 [00:02<00:00, 82.24it/s, Materializing param=gpt_neox.layers.21.attention.query_key_value.bias]
Loading weights:  89%|########8 | 259/292 [00:02<00:00, 82.24it/s, Materializing param=gpt_neox.layers.21.attention.query_key_value.bias]
Loading weights:  89%|########9 | 260/292 [00:02<00:00, 82.24it/s, Materializing param=gpt_neox.layers.21.attention.query_key_value.weight]
Loading weights:  89%|########9 | 260/292 [00:02<00:00, 82.24it/s, Materializing param=gpt_neox.layers.21.attention.query_key_value.weight]
Loading weights:  89%|########9 | 261/292 [00:02<00:00, 82.24it/s, Materializing param=gpt_neox.layers.21.input_layernorm.bias]            
Loading weights:  89%|########9 | 261/292 [00:02<00:00, 82.24it/s, Materializing param=gpt_neox.layers.21.input_layernorm.bias]
Loading weights:  90%|########9 | 262/292 [00:02<00:00, 78.13it/s, Materializing param=gpt_neox.layers.21.input_layernorm.bias]
Loading weights:  90%|########9 | 262/292 [00:02<00:00, 78.13it/s, Materializing param=gpt_neox.layers.21.input_layernorm.weight]
Loading weights:  90%|########9 | 262/292 [00:02<00:00, 78.13it/s, Materializing param=gpt_neox.layers.21.input_layernorm.weight]
Loading weights:  90%|######### | 263/292 [00:02<00:00, 78.13it/s, Materializing param=gpt_neox.layers.21.mlp.dense_4h_to_h.bias]
Loading weights:  90%|######### | 263/292 [00:02<00:00, 78.13it/s, Materializing param=gpt_neox.layers.21.mlp.dense_4h_to_h.bias]
Loading weights:  90%|######### | 264/292 [00:02<00:00, 78.13it/s, Materializing param=gpt_neox.layers.21.mlp.dense_4h_to_h.weight]
Loading weights:  90%|######### | 264/292 [00:02<00:00, 78.13it/s, Materializing param=gpt_neox.layers.21.mlp.dense_4h_to_h.weight]
Loading weights:  91%|######### | 265/292 [00:02<00:00, 78.13it/s, Materializing param=gpt_neox.layers.21.mlp.dense_h_to_4h.bias]  
Loading weights:  91%|######### | 265/292 [00:02<00:00, 78.13it/s, Materializing param=gpt_neox.layers.21.mlp.dense_h_to_4h.bias]
Loading weights:  91%|#########1| 266/292 [00:02<00:00, 78.13it/s, Materializing param=gpt_neox.layers.21.mlp.dense_h_to_4h.weight]
Loading weights:  91%|#########1| 266/292 [00:02<00:00, 78.13it/s, Materializing param=gpt_neox.layers.21.mlp.dense_h_to_4h.weight]
Loading weights:  91%|#########1| 267/292 [00:02<00:00, 78.13it/s, Materializing param=gpt_neox.layers.21.post_attention_layernorm.bias]
Loading weights:  91%|#########1| 267/292 [00:02<00:00, 78.13it/s, Materializing param=gpt_neox.layers.21.post_attention_layernorm.bias]
Loading weights:  92%|#########1| 268/292 [00:02<00:00, 78.13it/s, Materializing param=gpt_neox.layers.21.post_attention_layernorm.weight]
Loading weights:  92%|#########1| 268/292 [00:02<00:00, 78.13it/s, Materializing param=gpt_neox.layers.21.post_attention_layernorm.weight]
Loading weights:  92%|#########2| 269/292 [00:02<00:00, 78.13it/s, Materializing param=gpt_neox.layers.22.attention.dense.bias]           
Loading weights:  92%|#########2| 269/292 [00:02<00:00, 78.13it/s, Materializing param=gpt_neox.layers.22.attention.dense.bias]
Loading weights:  92%|#########2| 270/292 [00:02<00:00, 78.13it/s, Materializing param=gpt_neox.layers.22.attention.dense.weight]
Loading weights:  92%|#########2| 270/292 [00:02<00:00, 78.13it/s, Materializing param=gpt_neox.layers.22.attention.dense.weight]
Loading weights:  93%|#########2| 271/292 [00:02<00:00, 78.13it/s, Materializing param=gpt_neox.layers.22.attention.query_key_value.bias]
Loading weights:  93%|#########2| 271/292 [00:02<00:00, 78.13it/s, Materializing param=gpt_neox.layers.22.attention.query_key_value.bias]
Loading weights:  93%|#########3| 272/292 [00:02<00:00, 78.13it/s, Materializing param=gpt_neox.layers.22.attention.query_key_value.weight]
Loading weights:  93%|#########3| 272/292 [00:02<00:00, 78.13it/s, Materializing param=gpt_neox.layers.22.attention.query_key_value.weight]
Loading weights:  93%|#########3| 273/292 [00:02<00:00, 78.13it/s, Materializing param=gpt_neox.layers.22.input_layernorm.bias]            
Loading weights:  93%|#########3| 273/292 [00:02<00:00, 78.13it/s, Materializing param=gpt_neox.layers.22.input_layernorm.bias]
Loading weights:  94%|#########3| 274/292 [00:02<00:00, 78.13it/s, Materializing param=gpt_neox.layers.22.input_layernorm.weight]
Loading weights:  94%|#########3| 274/292 [00:02<00:00, 78.13it/s, Materializing param=gpt_neox.layers.22.input_layernorm.weight]
Loading weights:  94%|#########4| 275/292 [00:02<00:00, 78.13it/s, Materializing param=gpt_neox.layers.22.mlp.dense_4h_to_h.bias]
Loading weights:  94%|#########4| 275/292 [00:02<00:00, 78.13it/s, Materializing param=gpt_neox.layers.22.mlp.dense_4h_to_h.bias]
Loading weights:  95%|#########4| 276/292 [00:02<00:00, 78.13it/s, Materializing param=gpt_neox.layers.22.mlp.dense_4h_to_h.weight]
Loading weights:  95%|#########4| 276/292 [00:02<00:00, 78.13it/s, Materializing param=gpt_neox.layers.22.mlp.dense_4h_to_h.weight]
Loading weights:  95%|#########4| 277/292 [00:02<00:00, 78.13it/s, Materializing param=gpt_neox.layers.22.mlp.dense_h_to_4h.bias]  
Loading weights:  95%|#########4| 277/292 [00:02<00:00, 78.13it/s, Materializing param=gpt_neox.layers.22.mlp.dense_h_to_4h.bias]
Loading weights:  95%|#########5| 278/292 [00:02<00:00, 78.13it/s, Materializing param=gpt_neox.layers.22.mlp.dense_h_to_4h.weight]
Loading weights:  95%|#########5| 278/292 [00:02<00:00, 78.13it/s, Materializing param=gpt_neox.layers.22.mlp.dense_h_to_4h.weight]
Loading weights:  96%|#########5| 279/292 [00:02<00:00, 78.13it/s, Materializing param=gpt_neox.layers.22.post_attention_layernorm.bias]
Loading weights:  96%|#########5| 279/292 [00:02<00:00, 78.13it/s, Materializing param=gpt_neox.layers.22.post_attention_layernorm.bias]
Loading weights:  96%|#########5| 280/292 [00:02<00:00, 78.13it/s, Materializing param=gpt_neox.layers.22.post_attention_layernorm.weight]
Loading weights:  96%|#########5| 280/292 [00:02<00:00, 78.13it/s, Materializing param=gpt_neox.layers.22.post_attention_layernorm.weight]
Loading weights:  96%|#########6| 281/292 [00:02<00:00, 78.13it/s, Materializing param=gpt_neox.layers.23.attention.dense.bias]           
Loading weights:  96%|#########6| 281/292 [00:02<00:00, 78.13it/s, Materializing param=gpt_neox.layers.23.attention.dense.bias]
Loading weights:  97%|#########6| 282/292 [00:02<00:00, 78.13it/s, Materializing param=gpt_neox.layers.23.attention.dense.weight]
Loading weights:  97%|#########6| 282/292 [00:02<00:00, 78.13it/s, Materializing param=gpt_neox.layers.23.attention.dense.weight]
Loading weights:  97%|#########6| 283/292 [00:02<00:00, 78.13it/s, Materializing param=gpt_neox.layers.23.attention.query_key_value.bias]
Loading weights:  97%|#########6| 283/292 [00:02<00:00, 78.13it/s, Materializing param=gpt_neox.layers.23.attention.query_key_value.bias]
Loading weights:  97%|#########7| 284/292 [00:02<00:00, 78.13it/s, Materializing param=gpt_neox.layers.23.attention.query_key_value.weight]
Loading weights:  97%|#########7| 284/292 [00:02<00:00, 78.13it/s, Materializing param=gpt_neox.layers.23.attention.query_key_value.weight]
Loading weights:  98%|#########7| 285/292 [00:02<00:00, 105.08it/s, Materializing param=gpt_neox.layers.23.attention.query_key_value.weight]
Loading weights:  98%|#########7| 285/292 [00:02<00:00, 105.08it/s, Materializing param=gpt_neox.layers.23.input_layernorm.bias]            
Loading weights:  98%|#########7| 285/292 [00:02<00:00, 105.08it/s, Materializing param=gpt_neox.layers.23.input_layernorm.bias]
Loading weights:  98%|#########7| 286/292 [00:02<00:00, 105.08it/s, Materializing param=gpt_neox.layers.23.input_layernorm.weight]
Loading weights:  98%|#########7| 286/292 [00:02<00:00, 105.08it/s, Materializing param=gpt_neox.layers.23.input_layernorm.weight]
Loading weights:  98%|#########8| 287/292 [00:02<00:00, 105.08it/s, Materializing param=gpt_neox.layers.23.mlp.dense_4h_to_h.bias]
Loading weights:  98%|#########8| 287/292 [00:02<00:00, 105.08it/s, Materializing param=gpt_neox.layers.23.mlp.dense_4h_to_h.bias]
Loading weights:  99%|#########8| 288/292 [00:02<00:00, 105.08it/s, Materializing param=gpt_neox.layers.23.mlp.dense_4h_to_h.weight]
Loading weights:  99%|#########8| 288/292 [00:02<00:00, 105.08it/s, Materializing param=gpt_neox.layers.23.mlp.dense_4h_to_h.weight]
Loading weights:  99%|#########8| 289/292 [00:02<00:00, 105.08it/s, Materializing param=gpt_neox.layers.23.mlp.dense_h_to_4h.bias]  
Loading weights:  99%|#########8| 289/292 [00:02<00:00, 105.08it/s, Materializing param=gpt_neox.layers.23.mlp.dense_h_to_4h.bias]
Loading weights:  99%|#########9| 290/292 [00:02<00:00, 105.08it/s, Materializing param=gpt_neox.layers.23.mlp.dense_h_to_4h.weight]
Loading weights:  99%|#########9| 290/292 [00:02<00:00, 105.08it/s, Materializing param=gpt_neox.layers.23.mlp.dense_h_to_4h.weight]
Loading weights: 100%|#########9| 291/292 [00:02<00:00, 105.08it/s, Materializing param=gpt_neox.layers.23.post_attention_layernorm.bias]
Loading weights: 100%|#########9| 291/292 [00:02<00:00, 105.08it/s, Materializing param=gpt_neox.layers.23.post_attention_layernorm.bias]
Loading weights: 100%|##########| 292/292 [00:02<00:00, 105.08it/s, Materializing param=gpt_neox.layers.23.post_attention_layernorm.weight]
Loading weights: 100%|##########| 292/292 [00:02<00:00, 105.08it/s, Materializing param=gpt_neox.layers.23.post_attention_layernorm.weight]
Loading weights: 100%|##########| 292/292 [00:02<00:00, 99.78it/s, Materializing param=gpt_neox.layers.23.post_attention_layernorm.weight] 

Loading weights:   0%|          | 0/292 [00:00<?, ?it/s]
Loading weights:   0%|          | 1/292 [00:00<00:00, 18978.75it/s, Materializing param=embed_out.weight]
Loading weights:   0%|          | 1/292 [00:00<00:00, 6743.25it/s, Materializing param=embed_out.weight] 
Loading weights:   1%|          | 2/292 [00:00<00:00, 4297.44it/s, Materializing param=gpt_neox.embed_in.weight]
Loading weights:   1%|          | 2/292 [00:00<00:00, 3754.97it/s, Materializing param=gpt_neox.embed_in.weight]
Loading weights:   1%|1         | 3/292 [00:00<00:00, 4363.01it/s, Materializing param=gpt_neox.final_layer_norm.bias]
Loading weights:   1%|1         | 3/292 [00:00<00:00, 4009.85it/s, Materializing param=gpt_neox.final_layer_norm.bias]
Loading weights:   1%|1         | 4/292 [00:00<00:00, 4559.03it/s, Materializing param=gpt_neox.final_layer_norm.weight]
Loading weights:   1%|1         | 4/292 [00:00<00:00, 4272.27it/s, Materializing param=gpt_neox.final_layer_norm.weight]
Loading weights:   2%|1         | 5/292 [00:00<00:00, 758.96it/s, Materializing param=gpt_neox.layers.0.attention.dense.bias]
Loading weights:   2%|1         | 5/292 [00:00<00:00, 733.17it/s, Materializing param=gpt_neox.layers.0.attention.dense.bias]
Loading weights:   2%|2         | 6/292 [00:00<00:00, 842.57it/s, Materializing param=gpt_neox.layers.0.attention.dense.weight]
Loading weights:   2%|2         | 6/292 [00:00<00:00, 832.07it/s, Materializing param=gpt_neox.layers.0.attention.dense.weight]
Loading weights:   2%|2         | 7/292 [00:00<00:04, 66.73it/s, Materializing param=gpt_neox.layers.0.attention.dense.weight] 
Loading weights:   2%|2         | 7/292 [00:00<00:04, 66.73it/s, Materializing param=gpt_neox.layers.0.attention.query_key_value.bias]
Loading weights:   2%|2         | 7/292 [00:00<00:04, 66.73it/s, Materializing param=gpt_neox.layers.0.attention.query_key_value.bias]
Loading weights:   3%|2         | 8/292 [00:00<00:04, 66.73it/s, Materializing param=gpt_neox.layers.0.attention.query_key_value.weight]
Loading weights:   3%|2         | 8/292 [00:00<00:04, 66.73it/s, Materializing param=gpt_neox.layers.0.attention.query_key_value.weight]
Loading weights:   3%|3         | 9/292 [00:00<00:04, 66.73it/s, Materializing param=gpt_neox.layers.0.input_layernorm.bias]            
Loading weights:   3%|3         | 9/292 [00:00<00:04, 66.73it/s, Materializing param=gpt_neox.layers.0.input_layernorm.bias]
Loading weights:   3%|3         | 10/292 [00:00<00:04, 66.73it/s, Materializing param=gpt_neox.layers.0.input_layernorm.weight]
Loading weights:   3%|3         | 10/292 [00:00<00:04, 66.73it/s, Materializing param=gpt_neox.layers.0.input_layernorm.weight]
Loading weights:   4%|3         | 11/292 [00:00<00:04, 66.73it/s, Materializing param=gpt_neox.layers.0.mlp.dense_4h_to_h.bias]
Loading weights:   4%|3         | 11/292 [00:00<00:04, 66.73it/s, Materializing param=gpt_neox.layers.0.mlp.dense_4h_to_h.bias]
Loading weights:   4%|4         | 12/292 [00:00<00:04, 66.73it/s, Materializing param=gpt_neox.layers.0.mlp.dense_4h_to_h.weight]
Loading weights:   4%|4         | 12/292 [00:00<00:04, 66.73it/s, Materializing param=gpt_neox.layers.0.mlp.dense_4h_to_h.weight]
Loading weights:   4%|4         | 13/292 [00:00<00:04, 66.73it/s, Materializing param=gpt_neox.layers.0.mlp.dense_h_to_4h.bias]  
Loading weights:   4%|4         | 13/292 [00:00<00:04, 66.73it/s, Materializing param=gpt_neox.layers.0.mlp.dense_h_to_4h.bias]
Loading weights:   5%|4         | 14/292 [00:00<00:04, 66.73it/s, Materializing param=gpt_neox.layers.0.mlp.dense_h_to_4h.weight]
Loading weights:   5%|4         | 14/292 [00:00<00:04, 66.73it/s, Materializing param=gpt_neox.layers.0.mlp.dense_h_to_4h.weight]
Loading weights:   5%|5         | 15/292 [00:00<00:04, 66.73it/s, Materializing param=gpt_neox.layers.0.post_attention_layernorm.bias]
Loading weights:   5%|5         | 15/292 [00:00<00:04, 66.73it/s, Materializing param=gpt_neox.layers.0.post_attention_layernorm.bias]
Loading weights:   5%|5         | 16/292 [00:00<00:04, 66.73it/s, Materializing param=gpt_neox.layers.0.post_attention_layernorm.weight]
Loading weights:   5%|5         | 16/292 [00:00<00:04, 66.73it/s, Materializing param=gpt_neox.layers.0.post_attention_layernorm.weight]
Loading weights:   6%|5         | 17/292 [00:00<00:04, 66.73it/s, Materializing param=gpt_neox.layers.1.attention.dense.bias]           
Loading weights:   6%|5         | 17/292 [00:00<00:04, 66.73it/s, Materializing param=gpt_neox.layers.1.attention.dense.bias]
Loading weights:   6%|6         | 18/292 [00:00<00:04, 66.73it/s, Materializing param=gpt_neox.layers.1.attention.dense.weight]
Loading weights:   6%|6         | 18/292 [00:00<00:04, 66.73it/s, Materializing param=gpt_neox.layers.1.attention.dense.weight]
Loading weights:   7%|6         | 19/292 [00:00<00:04, 66.73it/s, Materializing param=gpt_neox.layers.1.attention.query_key_value.bias]
Loading weights:   7%|6         | 19/292 [00:00<00:04, 66.73it/s, Materializing param=gpt_neox.layers.1.attention.query_key_value.bias]
Loading weights:   7%|6         | 20/292 [00:00<00:04, 66.73it/s, Materializing param=gpt_neox.layers.1.attention.query_key_value.weight]
Loading weights:   7%|6         | 20/292 [00:00<00:04, 66.73it/s, Materializing param=gpt_neox.layers.1.attention.query_key_value.weight]
Loading weights:   7%|7         | 21/292 [00:00<00:04, 66.73it/s, Materializing param=gpt_neox.layers.1.input_layernorm.bias]            
Loading weights:   7%|7         | 21/292 [00:00<00:04, 66.73it/s, Materializing param=gpt_neox.layers.1.input_layernorm.bias]
Loading weights:   8%|7         | 22/292 [00:00<00:04, 66.73it/s, Materializing param=gpt_neox.layers.1.input_layernorm.weight]
Loading weights:   8%|7         | 22/292 [00:00<00:04, 66.73it/s, Materializing param=gpt_neox.layers.1.input_layernorm.weight]
Loading weights:   8%|7         | 23/292 [00:00<00:04, 66.73it/s, Materializing param=gpt_neox.layers.1.mlp.dense_4h_to_h.bias]
Loading weights:   8%|7         | 23/292 [00:00<00:04, 66.73it/s, Materializing param=gpt_neox.layers.1.mlp.dense_4h_to_h.bias]
Loading weights:   8%|8         | 24/292 [00:00<00:04, 66.73it/s, Materializing param=gpt_neox.layers.1.mlp.dense_4h_to_h.weight]
Loading weights:   8%|8         | 24/292 [00:00<00:04, 66.73it/s, Materializing param=gpt_neox.layers.1.mlp.dense_4h_to_h.weight]
Loading weights:   9%|8         | 25/292 [00:00<00:04, 66.73it/s, Materializing param=gpt_neox.layers.1.mlp.dense_h_to_4h.bias]  
Loading weights:   9%|8         | 25/292 [00:00<00:04, 66.73it/s, Materializing param=gpt_neox.layers.1.mlp.dense_h_to_4h.bias]
Loading weights:   9%|8         | 26/292 [00:00<00:03, 66.73it/s, Materializing param=gpt_neox.layers.1.mlp.dense_h_to_4h.weight]
Loading weights:   9%|8         | 26/292 [00:00<00:03, 66.73it/s, Materializing param=gpt_neox.layers.1.mlp.dense_h_to_4h.weight]
Loading weights:   9%|9         | 27/292 [00:00<00:03, 66.73it/s, Materializing param=gpt_neox.layers.1.post_attention_layernorm.bias]
Loading weights:   9%|9         | 27/292 [00:00<00:03, 66.73it/s, Materializing param=gpt_neox.layers.1.post_attention_layernorm.bias]
Loading weights:  10%|9         | 28/292 [00:00<00:03, 66.73it/s, Materializing param=gpt_neox.layers.1.post_attention_layernorm.weight]
Loading weights:  10%|9         | 28/292 [00:00<00:03, 66.73it/s, Materializing param=gpt_neox.layers.1.post_attention_layernorm.weight]
Loading weights:  10%|9         | 29/292 [00:00<00:03, 66.73it/s, Materializing param=gpt_neox.layers.2.attention.dense.bias]           
Loading weights:  10%|9         | 29/292 [00:00<00:03, 66.73it/s, Materializing param=gpt_neox.layers.2.attention.dense.bias]
Loading weights:  10%|#         | 30/292 [00:00<00:03, 66.73it/s, Materializing param=gpt_neox.layers.2.attention.dense.weight]
Loading weights:  10%|#         | 30/292 [00:00<00:03, 66.73it/s, Materializing param=gpt_neox.layers.2.attention.dense.weight]
Loading weights:  11%|#         | 31/292 [00:00<00:03, 66.73it/s, Materializing param=gpt_neox.layers.2.attention.query_key_value.bias]
Loading weights:  11%|#         | 31/292 [00:00<00:03, 66.73it/s, Materializing param=gpt_neox.layers.2.attention.query_key_value.bias]
Loading weights:  11%|#         | 32/292 [00:00<00:03, 66.73it/s, Materializing param=gpt_neox.layers.2.attention.query_key_value.weight]
Loading weights:  11%|#         | 32/292 [00:00<00:03, 66.73it/s, Materializing param=gpt_neox.layers.2.attention.query_key_value.weight]
Loading weights:  11%|#1        | 33/292 [00:00<00:03, 66.73it/s, Materializing param=gpt_neox.layers.2.input_layernorm.bias]            
Loading weights:  11%|#1        | 33/292 [00:00<00:03, 66.73it/s, Materializing param=gpt_neox.layers.2.input_layernorm.bias]
Loading weights:  12%|#1        | 34/292 [00:00<00:03, 66.73it/s, Materializing param=gpt_neox.layers.2.input_layernorm.weight]
Loading weights:  12%|#1        | 34/292 [00:00<00:03, 66.73it/s, Materializing param=gpt_neox.layers.2.input_layernorm.weight]
Loading weights:  12%|#1        | 35/292 [00:00<00:01, 185.42it/s, Materializing param=gpt_neox.layers.2.input_layernorm.weight]
Loading weights:  12%|#1        | 35/292 [00:00<00:01, 185.42it/s, Materializing param=gpt_neox.layers.2.mlp.dense_4h_to_h.bias]
Loading weights:  12%|#1        | 35/292 [00:00<00:01, 185.42it/s, Materializing param=gpt_neox.layers.2.mlp.dense_4h_to_h.bias]
Loading weights:  12%|#2        | 36/292 [00:00<00:01, 185.42it/s, Materializing param=gpt_neox.layers.2.mlp.dense_4h_to_h.weight]
Loading weights:  12%|#2        | 36/292 [00:00<00:01, 185.42it/s, Materializing param=gpt_neox.layers.2.mlp.dense_4h_to_h.weight]
Loading weights:  13%|#2        | 37/292 [00:00<00:01, 185.42it/s, Materializing param=gpt_neox.layers.2.mlp.dense_h_to_4h.bias]  
Loading weights:  13%|#2        | 37/292 [00:00<00:01, 185.42it/s, Materializing param=gpt_neox.layers.2.mlp.dense_h_to_4h.bias]
Loading weights:  13%|#3        | 38/292 [00:00<00:01, 185.42it/s, Materializing param=gpt_neox.layers.2.mlp.dense_h_to_4h.weight]
Loading weights:  13%|#3        | 38/292 [00:00<00:01, 185.42it/s, Materializing param=gpt_neox.layers.2.mlp.dense_h_to_4h.weight]
Loading weights:  13%|#3        | 39/292 [00:00<00:01, 185.42it/s, Materializing param=gpt_neox.layers.2.post_attention_layernorm.bias]
Loading weights:  13%|#3        | 39/292 [00:00<00:01, 185.42it/s, Materializing param=gpt_neox.layers.2.post_attention_layernorm.bias]
Loading weights:  14%|#3        | 40/292 [00:00<00:01, 185.42it/s, Materializing param=gpt_neox.layers.2.post_attention_layernorm.weight]
Loading weights:  14%|#3        | 40/292 [00:00<00:01, 185.42it/s, Materializing param=gpt_neox.layers.2.post_attention_layernorm.weight]
Loading weights:  14%|#4        | 41/292 [00:00<00:01, 185.42it/s, Materializing param=gpt_neox.layers.3.attention.dense.bias]           
Loading weights:  14%|#4        | 41/292 [00:00<00:01, 185.42it/s, Materializing param=gpt_neox.layers.3.attention.dense.bias]
Loading weights:  14%|#4        | 42/292 [00:00<00:01, 185.42it/s, Materializing param=gpt_neox.layers.3.attention.dense.weight]
Loading weights:  14%|#4        | 42/292 [00:00<00:01, 185.42it/s, Materializing param=gpt_neox.layers.3.attention.dense.weight]
Loading weights:  15%|#4        | 43/292 [00:00<00:01, 185.42it/s, Materializing param=gpt_neox.layers.3.attention.query_key_value.bias]
Loading weights:  15%|#4        | 43/292 [00:00<00:01, 185.42it/s, Materializing param=gpt_neox.layers.3.attention.query_key_value.bias]
Loading weights:  15%|#5        | 44/292 [00:00<00:01, 185.42it/s, Materializing param=gpt_neox.layers.3.attention.query_key_value.weight]
Loading weights:  15%|#5        | 44/292 [00:00<00:01, 185.42it/s, Materializing param=gpt_neox.layers.3.attention.query_key_value.weight]
Loading weights:  15%|#5        | 45/292 [00:00<00:01, 185.42it/s, Materializing param=gpt_neox.layers.3.input_layernorm.bias]            
Loading weights:  15%|#5        | 45/292 [00:00<00:01, 185.42it/s, Materializing param=gpt_neox.layers.3.input_layernorm.bias]
Loading weights:  16%|#5        | 46/292 [00:00<00:01, 185.42it/s, Materializing param=gpt_neox.layers.3.input_layernorm.weight]
Loading weights:  16%|#5        | 46/292 [00:00<00:01, 185.42it/s, Materializing param=gpt_neox.layers.3.input_layernorm.weight]
Loading weights:  16%|#6        | 47/292 [00:00<00:01, 185.42it/s, Materializing param=gpt_neox.layers.3.mlp.dense_4h_to_h.bias]
Loading weights:  16%|#6        | 47/292 [00:00<00:01, 185.42it/s, Materializing param=gpt_neox.layers.3.mlp.dense_4h_to_h.bias]
Loading weights:  16%|#6        | 48/292 [00:00<00:01, 185.42it/s, Materializing param=gpt_neox.layers.3.mlp.dense_4h_to_h.weight]
Loading weights:  16%|#6        | 48/292 [00:00<00:01, 185.42it/s, Materializing param=gpt_neox.layers.3.mlp.dense_4h_to_h.weight]
Loading weights:  17%|#6        | 49/292 [00:00<00:01, 185.42it/s, Materializing param=gpt_neox.layers.3.mlp.dense_h_to_4h.bias]  
Loading weights:  17%|#6        | 49/292 [00:00<00:01, 185.42it/s, Materializing param=gpt_neox.layers.3.mlp.dense_h_to_4h.bias]
Loading weights:  17%|#7        | 50/292 [00:00<00:01, 185.42it/s, Materializing param=gpt_neox.layers.3.mlp.dense_h_to_4h.weight]
Loading weights:  17%|#7        | 50/292 [00:00<00:01, 185.42it/s, Materializing param=gpt_neox.layers.3.mlp.dense_h_to_4h.weight]
Loading weights:  17%|#7        | 51/292 [00:00<00:01, 185.42it/s, Materializing param=gpt_neox.layers.3.post_attention_layernorm.bias]
Loading weights:  17%|#7        | 51/292 [00:00<00:01, 185.42it/s, Materializing param=gpt_neox.layers.3.post_attention_layernorm.bias]
Loading weights:  18%|#7        | 52/292 [00:00<00:01, 185.42it/s, Materializing param=gpt_neox.layers.3.post_attention_layernorm.weight]
Loading weights:  18%|#7        | 52/292 [00:00<00:01, 185.42it/s, Materializing param=gpt_neox.layers.3.post_attention_layernorm.weight]
Loading weights:  18%|#8        | 53/292 [00:00<00:01, 185.42it/s, Materializing param=gpt_neox.layers.4.attention.dense.bias]           
Loading weights:  18%|#8        | 53/292 [00:00<00:01, 185.42it/s, Materializing param=gpt_neox.layers.4.attention.dense.bias]
Loading weights:  18%|#8        | 54/292 [00:00<00:01, 185.42it/s, Materializing param=gpt_neox.layers.4.attention.dense.weight]
Loading weights:  18%|#8        | 54/292 [00:00<00:01, 185.42it/s, Materializing param=gpt_neox.layers.4.attention.dense.weight]
Loading weights:  19%|#8        | 55/292 [00:00<00:01, 182.64it/s, Materializing param=gpt_neox.layers.4.attention.dense.weight]
Loading weights:  19%|#8        | 55/292 [00:00<00:01, 182.64it/s, Materializing param=gpt_neox.layers.4.attention.query_key_value.bias]
Loading weights:  19%|#8        | 55/292 [00:00<00:01, 182.64it/s, Materializing param=gpt_neox.layers.4.attention.query_key_value.bias]
Loading weights:  19%|#9        | 56/292 [00:00<00:01, 182.64it/s, Materializing param=gpt_neox.layers.4.attention.query_key_value.weight]
Loading weights:  19%|#9        | 56/292 [00:00<00:01, 182.64it/s, Materializing param=gpt_neox.layers.4.attention.query_key_value.weight]
Loading weights:  20%|#9        | 57/292 [00:00<00:01, 182.64it/s, Materializing param=gpt_neox.layers.4.input_layernorm.bias]            
Loading weights:  20%|#9        | 57/292 [00:00<00:01, 182.64it/s, Materializing param=gpt_neox.layers.4.input_layernorm.bias]
Loading weights:  20%|#9        | 58/292 [00:00<00:01, 182.64it/s, Materializing param=gpt_neox.layers.4.input_layernorm.weight]
Loading weights:  20%|#9        | 58/292 [00:00<00:01, 182.64it/s, Materializing param=gpt_neox.layers.4.input_layernorm.weight]
Loading weights:  20%|##        | 59/292 [00:00<00:01, 182.64it/s, Materializing param=gpt_neox.layers.4.mlp.dense_4h_to_h.bias]
Loading weights:  20%|##        | 59/292 [00:00<00:01, 182.64it/s, Materializing param=gpt_neox.layers.4.mlp.dense_4h_to_h.bias]
Loading weights:  21%|##        | 60/292 [00:00<00:01, 182.64it/s, Materializing param=gpt_neox.layers.4.mlp.dense_4h_to_h.weight]
Loading weights:  21%|##        | 60/292 [00:00<00:01, 182.64it/s, Materializing param=gpt_neox.layers.4.mlp.dense_4h_to_h.weight]
Loading weights:  21%|##        | 61/292 [00:00<00:01, 182.64it/s, Materializing param=gpt_neox.layers.4.mlp.dense_h_to_4h.bias]  
Loading weights:  21%|##        | 61/292 [00:00<00:01, 182.64it/s, Materializing param=gpt_neox.layers.4.mlp.dense_h_to_4h.bias]
Loading weights:  21%|##1       | 62/292 [00:00<00:01, 182.64it/s, Materializing param=gpt_neox.layers.4.mlp.dense_h_to_4h.weight]
Loading weights:  21%|##1       | 62/292 [00:00<00:01, 182.64it/s, Materializing param=gpt_neox.layers.4.mlp.dense_h_to_4h.weight]
Loading weights:  22%|##1       | 63/292 [00:00<00:01, 182.64it/s, Materializing param=gpt_neox.layers.4.post_attention_layernorm.bias]
Loading weights:  22%|##1       | 63/292 [00:00<00:01, 182.64it/s, Materializing param=gpt_neox.layers.4.post_attention_layernorm.bias]
Loading weights:  22%|##1       | 64/292 [00:00<00:01, 182.64it/s, Materializing param=gpt_neox.layers.4.post_attention_layernorm.weight]
Loading weights:  22%|##1       | 64/292 [00:00<00:01, 182.64it/s, Materializing param=gpt_neox.layers.4.post_attention_layernorm.weight]
Loading weights:  22%|##2       | 65/292 [00:00<00:01, 182.64it/s, Materializing param=gpt_neox.layers.5.attention.dense.bias]           
Loading weights:  22%|##2       | 65/292 [00:00<00:01, 182.64it/s, Materializing param=gpt_neox.layers.5.attention.dense.bias]
Loading weights:  23%|##2       | 66/292 [00:00<00:01, 182.64it/s, Materializing param=gpt_neox.layers.5.attention.dense.weight]
Loading weights:  23%|##2       | 66/292 [00:00<00:01, 182.64it/s, Materializing param=gpt_neox.layers.5.attention.dense.weight]
Loading weights:  23%|##2       | 67/292 [00:00<00:01, 182.64it/s, Materializing param=gpt_neox.layers.5.attention.query_key_value.bias]
Loading weights:  23%|##2       | 67/292 [00:00<00:01, 182.64it/s, Materializing param=gpt_neox.layers.5.attention.query_key_value.bias]
Loading weights:  23%|##3       | 68/292 [00:00<00:01, 182.64it/s, Materializing param=gpt_neox.layers.5.attention.query_key_value.weight]
Loading weights:  23%|##3       | 68/292 [00:00<00:01, 182.64it/s, Materializing param=gpt_neox.layers.5.attention.query_key_value.weight]
Loading weights:  24%|##3       | 69/292 [00:00<00:01, 182.64it/s, Materializing param=gpt_neox.layers.5.input_layernorm.bias]            
Loading weights:  24%|##3       | 69/292 [00:00<00:01, 182.64it/s, Materializing param=gpt_neox.layers.5.input_layernorm.bias]
Loading weights:  24%|##3       | 70/292 [00:00<00:01, 182.64it/s, Materializing param=gpt_neox.layers.5.input_layernorm.weight]
Loading weights:  24%|##3       | 70/292 [00:00<00:01, 182.64it/s, Materializing param=gpt_neox.layers.5.input_layernorm.weight]
Loading weights:  24%|##4       | 71/292 [00:00<00:01, 182.64it/s, Materializing param=gpt_neox.layers.5.mlp.dense_4h_to_h.bias]
Loading weights:  24%|##4       | 71/292 [00:00<00:01, 182.64it/s, Materializing param=gpt_neox.layers.5.mlp.dense_4h_to_h.bias]
Loading weights:  25%|##4       | 72/292 [00:00<00:01, 182.64it/s, Materializing param=gpt_neox.layers.5.mlp.dense_4h_to_h.weight]
Loading weights:  25%|##4       | 72/292 [00:00<00:01, 182.64it/s, Materializing param=gpt_neox.layers.5.mlp.dense_4h_to_h.weight]
Loading weights:  25%|##5       | 73/292 [00:00<00:01, 182.64it/s, Materializing param=gpt_neox.layers.5.mlp.dense_h_to_4h.bias]  
Loading weights:  25%|##5       | 73/292 [00:00<00:01, 182.64it/s, Materializing param=gpt_neox.layers.5.mlp.dense_h_to_4h.bias]
Loading weights:  25%|##5       | 74/292 [00:00<00:01, 182.64it/s, Materializing param=gpt_neox.layers.5.mlp.dense_h_to_4h.weight]
Loading weights:  25%|##5       | 74/292 [00:00<00:01, 182.64it/s, Materializing param=gpt_neox.layers.5.mlp.dense_h_to_4h.weight]
Loading weights:  26%|##5       | 75/292 [00:00<00:01, 182.64it/s, Materializing param=gpt_neox.layers.5.post_attention_layernorm.bias]
Loading weights:  26%|##5       | 75/292 [00:00<00:01, 182.64it/s, Materializing param=gpt_neox.layers.5.post_attention_layernorm.bias]
Loading weights:  26%|##6       | 76/292 [00:00<00:01, 182.64it/s, Materializing param=gpt_neox.layers.5.post_attention_layernorm.weight]
Loading weights:  26%|##6       | 76/292 [00:00<00:01, 182.64it/s, Materializing param=gpt_neox.layers.5.post_attention_layernorm.weight]
Loading weights:  26%|##6       | 77/292 [00:00<00:01, 182.64it/s, Materializing param=gpt_neox.layers.6.attention.dense.bias]           
Loading weights:  26%|##6       | 77/292 [00:00<00:01, 182.64it/s, Materializing param=gpt_neox.layers.6.attention.dense.bias]
Loading weights:  27%|##6       | 78/292 [00:00<00:01, 182.64it/s, Materializing param=gpt_neox.layers.6.attention.dense.weight]
Loading weights:  27%|##6       | 78/292 [00:00<00:01, 182.64it/s, Materializing param=gpt_neox.layers.6.attention.dense.weight]
Loading weights:  27%|##7       | 79/292 [00:00<00:01, 197.90it/s, Materializing param=gpt_neox.layers.6.attention.dense.weight]
Loading weights:  27%|##7       | 79/292 [00:00<00:01, 197.90it/s, Materializing param=gpt_neox.layers.6.attention.query_key_value.bias]
Loading weights:  27%|##7       | 79/292 [00:00<00:01, 197.90it/s, Materializing param=gpt_neox.layers.6.attention.query_key_value.bias]
Loading weights:  27%|##7       | 80/292 [00:00<00:01, 197.90it/s, Materializing param=gpt_neox.layers.6.attention.query_key_value.weight]
Loading weights:  27%|##7       | 80/292 [00:00<00:01, 197.90it/s, Materializing param=gpt_neox.layers.6.attention.query_key_value.weight]
Loading weights:  28%|##7       | 81/292 [00:00<00:01, 197.90it/s, Materializing param=gpt_neox.layers.6.input_layernorm.bias]            
Loading weights:  28%|##7       | 81/292 [00:00<00:01, 197.90it/s, Materializing param=gpt_neox.layers.6.input_layernorm.bias]
Loading weights:  28%|##8       | 82/292 [00:00<00:01, 197.90it/s, Materializing param=gpt_neox.layers.6.input_layernorm.weight]
Loading weights:  28%|##8       | 82/292 [00:00<00:01, 197.90it/s, Materializing param=gpt_neox.layers.6.input_layernorm.weight]
Loading weights:  28%|##8       | 83/292 [00:00<00:01, 197.90it/s, Materializing param=gpt_neox.layers.6.mlp.dense_4h_to_h.bias]
Loading weights:  28%|##8       | 83/292 [00:00<00:01, 197.90it/s, Materializing param=gpt_neox.layers.6.mlp.dense_4h_to_h.bias]
Loading weights:  29%|##8       | 84/292 [00:00<00:01, 197.90it/s, Materializing param=gpt_neox.layers.6.mlp.dense_4h_to_h.weight]
Loading weights:  29%|##8       | 84/292 [00:00<00:01, 197.90it/s, Materializing param=gpt_neox.layers.6.mlp.dense_4h_to_h.weight]
Loading weights:  29%|##9       | 85/292 [00:00<00:01, 197.90it/s, Materializing param=gpt_neox.layers.6.mlp.dense_h_to_4h.bias]  
Loading weights:  29%|##9       | 85/292 [00:00<00:01, 197.90it/s, Materializing param=gpt_neox.layers.6.mlp.dense_h_to_4h.bias]
Loading weights:  29%|##9       | 86/292 [00:00<00:01, 197.90it/s, Materializing param=gpt_neox.layers.6.mlp.dense_h_to_4h.weight]
Loading weights:  29%|##9       | 86/292 [00:00<00:01, 197.90it/s, Materializing param=gpt_neox.layers.6.mlp.dense_h_to_4h.weight]
Loading weights:  30%|##9       | 87/292 [00:00<00:01, 197.90it/s, Materializing param=gpt_neox.layers.6.post_attention_layernorm.bias]
Loading weights:  30%|##9       | 87/292 [00:00<00:01, 197.90it/s, Materializing param=gpt_neox.layers.6.post_attention_layernorm.bias]
Loading weights:  30%|###       | 88/292 [00:00<00:01, 197.90it/s, Materializing param=gpt_neox.layers.6.post_attention_layernorm.weight]
Loading weights:  30%|###       | 88/292 [00:00<00:01, 197.90it/s, Materializing param=gpt_neox.layers.6.post_attention_layernorm.weight]
Loading weights:  30%|###       | 89/292 [00:00<00:01, 197.90it/s, Materializing param=gpt_neox.layers.7.attention.dense.bias]           
Loading weights:  30%|###       | 89/292 [00:00<00:01, 197.90it/s, Materializing param=gpt_neox.layers.7.attention.dense.bias]
Loading weights:  31%|###       | 90/292 [00:00<00:01, 197.90it/s, Materializing param=gpt_neox.layers.7.attention.dense.weight]
Loading weights:  31%|###       | 90/292 [00:00<00:01, 197.90it/s, Materializing param=gpt_neox.layers.7.attention.dense.weight]
Loading weights:  31%|###1      | 91/292 [00:00<00:01, 197.90it/s, Materializing param=gpt_neox.layers.7.attention.query_key_value.bias]
Loading weights:  31%|###1      | 91/292 [00:00<00:01, 197.90it/s, Materializing param=gpt_neox.layers.7.attention.query_key_value.bias]
Loading weights:  32%|###1      | 92/292 [00:00<00:01, 197.90it/s, Materializing param=gpt_neox.layers.7.attention.query_key_value.weight]
Loading weights:  32%|###1      | 92/292 [00:00<00:01, 197.90it/s, Materializing param=gpt_neox.layers.7.attention.query_key_value.weight]
Loading weights:  32%|###1      | 93/292 [00:00<00:01, 197.90it/s, Materializing param=gpt_neox.layers.7.input_layernorm.bias]            
Loading weights:  32%|###1      | 93/292 [00:00<00:01, 197.90it/s, Materializing param=gpt_neox.layers.7.input_layernorm.bias]
Loading weights:  32%|###2      | 94/292 [00:00<00:01, 197.90it/s, Materializing param=gpt_neox.layers.7.input_layernorm.weight]
Loading weights:  32%|###2      | 94/292 [00:00<00:01, 197.90it/s, Materializing param=gpt_neox.layers.7.input_layernorm.weight]
Loading weights:  33%|###2      | 95/292 [00:00<00:00, 197.90it/s, Materializing param=gpt_neox.layers.7.mlp.dense_4h_to_h.bias]
Loading weights:  33%|###2      | 95/292 [00:00<00:00, 197.90it/s, Materializing param=gpt_neox.layers.7.mlp.dense_4h_to_h.bias]
Loading weights:  33%|###2      | 96/292 [00:00<00:00, 197.90it/s, Materializing param=gpt_neox.layers.7.mlp.dense_4h_to_h.weight]
Loading weights:  33%|###2      | 96/292 [00:00<00:00, 197.90it/s, Materializing param=gpt_neox.layers.7.mlp.dense_4h_to_h.weight]
Loading weights:  33%|###3      | 97/292 [00:00<00:00, 197.90it/s, Materializing param=gpt_neox.layers.7.mlp.dense_h_to_4h.bias]  
Loading weights:  33%|###3      | 97/292 [00:00<00:00, 197.90it/s, Materializing param=gpt_neox.layers.7.mlp.dense_h_to_4h.bias]
Loading weights:  34%|###3      | 98/292 [00:00<00:00, 197.90it/s, Materializing param=gpt_neox.layers.7.mlp.dense_h_to_4h.weight]
Loading weights:  34%|###3      | 98/292 [00:00<00:00, 197.90it/s, Materializing param=gpt_neox.layers.7.mlp.dense_h_to_4h.weight]
Loading weights:  34%|###3      | 99/292 [00:00<00:01, 162.03it/s, Materializing param=gpt_neox.layers.7.mlp.dense_h_to_4h.weight]
Loading weights:  34%|###3      | 99/292 [00:00<00:01, 162.03it/s, Materializing param=gpt_neox.layers.7.post_attention_layernorm.bias]
Loading weights:  34%|###3      | 99/292 [00:00<00:01, 162.03it/s, Materializing param=gpt_neox.layers.7.post_attention_layernorm.bias]
Loading weights:  34%|###4      | 100/292 [00:00<00:01, 162.03it/s, Materializing param=gpt_neox.layers.7.post_attention_layernorm.weight]
Loading weights:  34%|###4      | 100/292 [00:00<00:01, 162.03it/s, Materializing param=gpt_neox.layers.7.post_attention_layernorm.weight]
Loading weights:  35%|###4      | 101/292 [00:00<00:01, 162.03it/s, Materializing param=gpt_neox.layers.8.attention.dense.bias]           
Loading weights:  35%|###4      | 101/292 [00:00<00:01, 162.03it/s, Materializing param=gpt_neox.layers.8.attention.dense.bias]
Loading weights:  35%|###4      | 102/292 [00:00<00:01, 162.03it/s, Materializing param=gpt_neox.layers.8.attention.dense.weight]
Loading weights:  35%|###4      | 102/292 [00:00<00:01, 162.03it/s, Materializing param=gpt_neox.layers.8.attention.dense.weight]
Loading weights:  35%|###5      | 103/292 [00:00<00:01, 162.03it/s, Materializing param=gpt_neox.layers.8.attention.query_key_value.bias]
Loading weights:  35%|###5      | 103/292 [00:00<00:01, 162.03it/s, Materializing param=gpt_neox.layers.8.attention.query_key_value.bias]
Loading weights:  36%|###5      | 104/292 [00:00<00:01, 162.03it/s, Materializing param=gpt_neox.layers.8.attention.query_key_value.weight]
Loading weights:  36%|###5      | 104/292 [00:00<00:01, 162.03it/s, Materializing param=gpt_neox.layers.8.attention.query_key_value.weight]
Loading weights:  36%|###5      | 105/292 [00:00<00:01, 162.03it/s, Materializing param=gpt_neox.layers.8.input_layernorm.bias]            
Loading weights:  36%|###5      | 105/292 [00:00<00:01, 162.03it/s, Materializing param=gpt_neox.layers.8.input_layernorm.bias]
Loading weights:  36%|###6      | 106/292 [00:00<00:01, 162.03it/s, Materializing param=gpt_neox.layers.8.input_layernorm.weight]
Loading weights:  36%|###6      | 106/292 [00:00<00:01, 162.03it/s, Materializing param=gpt_neox.layers.8.input_layernorm.weight]
Loading weights:  37%|###6      | 107/292 [00:00<00:01, 162.03it/s, Materializing param=gpt_neox.layers.8.mlp.dense_4h_to_h.bias]
Loading weights:  37%|###6      | 107/292 [00:00<00:01, 162.03it/s, Materializing param=gpt_neox.layers.8.mlp.dense_4h_to_h.bias]
Loading weights:  37%|###6      | 108/292 [00:00<00:01, 162.03it/s, Materializing param=gpt_neox.layers.8.mlp.dense_4h_to_h.weight]
Loading weights:  37%|###6      | 108/292 [00:00<00:01, 162.03it/s, Materializing param=gpt_neox.layers.8.mlp.dense_4h_to_h.weight]
Loading weights:  37%|###7      | 109/292 [00:00<00:01, 162.03it/s, Materializing param=gpt_neox.layers.8.mlp.dense_h_to_4h.bias]  
Loading weights:  37%|###7      | 109/292 [00:00<00:01, 162.03it/s, Materializing param=gpt_neox.layers.8.mlp.dense_h_to_4h.bias]
Loading weights:  38%|###7      | 110/292 [00:00<00:01, 162.03it/s, Materializing param=gpt_neox.layers.8.mlp.dense_h_to_4h.weight]
Loading weights:  38%|###7      | 110/292 [00:00<00:01, 162.03it/s, Materializing param=gpt_neox.layers.8.mlp.dense_h_to_4h.weight]
Loading weights:  38%|###8      | 111/292 [00:00<00:01, 162.03it/s, Materializing param=gpt_neox.layers.8.post_attention_layernorm.bias]
Loading weights:  38%|###8      | 111/292 [00:00<00:01, 162.03it/s, Materializing param=gpt_neox.layers.8.post_attention_layernorm.bias]
Loading weights:  38%|###8      | 112/292 [00:00<00:01, 162.03it/s, Materializing param=gpt_neox.layers.8.post_attention_layernorm.weight]
Loading weights:  38%|###8      | 112/292 [00:00<00:01, 162.03it/s, Materializing param=gpt_neox.layers.8.post_attention_layernorm.weight]
Loading weights:  39%|###8      | 113/292 [00:00<00:01, 162.03it/s, Materializing param=gpt_neox.layers.9.attention.dense.bias]           
Loading weights:  39%|###8      | 113/292 [00:00<00:01, 162.03it/s, Materializing param=gpt_neox.layers.9.attention.dense.bias]
Loading weights:  39%|###9      | 114/292 [00:00<00:01, 162.03it/s, Materializing param=gpt_neox.layers.9.attention.dense.weight]
Loading weights:  39%|###9      | 114/292 [00:00<00:01, 162.03it/s, Materializing param=gpt_neox.layers.9.attention.dense.weight]
Loading weights:  39%|###9      | 115/292 [00:00<00:01, 162.03it/s, Materializing param=gpt_neox.layers.9.attention.query_key_value.bias]
Loading weights:  39%|###9      | 115/292 [00:00<00:01, 162.03it/s, Materializing param=gpt_neox.layers.9.attention.query_key_value.bias]
Loading weights:  40%|###9      | 116/292 [00:00<00:01, 162.03it/s, Materializing param=gpt_neox.layers.9.attention.query_key_value.weight]
Loading weights:  40%|###9      | 116/292 [00:00<00:01, 162.03it/s, Materializing param=gpt_neox.layers.9.attention.query_key_value.weight]
Loading weights:  40%|####      | 117/292 [00:00<00:01, 162.03it/s, Materializing param=gpt_neox.layers.9.input_layernorm.bias]            
Loading weights:  40%|####      | 117/292 [00:00<00:01, 162.03it/s, Materializing param=gpt_neox.layers.9.input_layernorm.bias]
Loading weights:  40%|####      | 118/292 [00:00<00:01, 162.03it/s, Materializing param=gpt_neox.layers.9.input_layernorm.weight]
Loading weights:  40%|####      | 118/292 [00:00<00:01, 162.03it/s, Materializing param=gpt_neox.layers.9.input_layernorm.weight]
Loading weights:  41%|####      | 119/292 [00:00<00:01, 162.03it/s, Materializing param=gpt_neox.layers.9.mlp.dense_4h_to_h.bias]
Loading weights:  41%|####      | 119/292 [00:00<00:01, 162.03it/s, Materializing param=gpt_neox.layers.9.mlp.dense_4h_to_h.bias]
Loading weights:  41%|####1     | 120/292 [00:00<00:01, 162.03it/s, Materializing param=gpt_neox.layers.9.mlp.dense_4h_to_h.weight]
Loading weights:  41%|####1     | 120/292 [00:00<00:01, 162.03it/s, Materializing param=gpt_neox.layers.9.mlp.dense_4h_to_h.weight]
Loading weights:  41%|####1     | 121/292 [00:00<00:01, 162.03it/s, Materializing param=gpt_neox.layers.9.mlp.dense_h_to_4h.bias]  
Loading weights:  41%|####1     | 121/292 [00:00<00:01, 162.03it/s, Materializing param=gpt_neox.layers.9.mlp.dense_h_to_4h.bias]
Loading weights:  42%|####1     | 122/292 [00:00<00:01, 162.03it/s, Materializing param=gpt_neox.layers.9.mlp.dense_h_to_4h.weight]
Loading weights:  42%|####1     | 122/292 [00:00<00:01, 162.03it/s, Materializing param=gpt_neox.layers.9.mlp.dense_h_to_4h.weight]
Loading weights:  42%|####2     | 123/292 [00:00<00:01, 162.03it/s, Materializing param=gpt_neox.layers.9.post_attention_layernorm.bias]
Loading weights:  42%|####2     | 123/292 [00:00<00:01, 162.03it/s, Materializing param=gpt_neox.layers.9.post_attention_layernorm.bias]
Loading weights:  42%|####2     | 124/292 [00:00<00:01, 162.03it/s, Materializing param=gpt_neox.layers.9.post_attention_layernorm.weight]
Loading weights:  42%|####2     | 124/292 [00:00<00:01, 162.03it/s, Materializing param=gpt_neox.layers.9.post_attention_layernorm.weight]
Loading weights:  43%|####2     | 125/292 [00:00<00:01, 162.03it/s, Materializing param=gpt_neox.layers.10.attention.dense.bias]          
Loading weights:  43%|####2     | 125/292 [00:00<00:01, 162.03it/s, Materializing param=gpt_neox.layers.10.attention.dense.bias]
Loading weights:  43%|####3     | 126/292 [00:00<00:01, 162.03it/s, Materializing param=gpt_neox.layers.10.attention.dense.weight]
Loading weights:  43%|####3     | 126/292 [00:00<00:01, 162.03it/s, Materializing param=gpt_neox.layers.10.attention.dense.weight]
Loading weights:  43%|####3     | 127/292 [00:00<00:00, 185.33it/s, Materializing param=gpt_neox.layers.10.attention.dense.weight]
Loading weights:  43%|####3     | 127/292 [00:00<00:00, 185.33it/s, Materializing param=gpt_neox.layers.10.attention.query_key_value.bias]
Loading weights:  43%|####3     | 127/292 [00:00<00:00, 185.33it/s, Materializing param=gpt_neox.layers.10.attention.query_key_value.bias]
Loading weights:  44%|####3     | 128/292 [00:00<00:00, 185.33it/s, Materializing param=gpt_neox.layers.10.attention.query_key_value.weight]
Loading weights:  44%|####3     | 128/292 [00:00<00:00, 185.33it/s, Materializing param=gpt_neox.layers.10.attention.query_key_value.weight]
Loading weights:  44%|####4     | 129/292 [00:00<00:00, 185.33it/s, Materializing param=gpt_neox.layers.10.input_layernorm.bias]            
Loading weights:  44%|####4     | 129/292 [00:00<00:00, 185.33it/s, Materializing param=gpt_neox.layers.10.input_layernorm.bias]
Loading weights:  45%|####4     | 130/292 [00:00<00:00, 185.33it/s, Materializing param=gpt_neox.layers.10.input_layernorm.weight]
Loading weights:  45%|####4     | 130/292 [00:00<00:00, 185.33it/s, Materializing param=gpt_neox.layers.10.input_layernorm.weight]
Loading weights:  45%|####4     | 131/292 [00:00<00:00, 185.33it/s, Materializing param=gpt_neox.layers.10.mlp.dense_4h_to_h.bias]
Loading weights:  45%|####4     | 131/292 [00:00<00:00, 185.33it/s, Materializing param=gpt_neox.layers.10.mlp.dense_4h_to_h.bias]
Loading weights:  45%|####5     | 132/292 [00:00<00:00, 185.33it/s, Materializing param=gpt_neox.layers.10.mlp.dense_4h_to_h.weight]
Loading weights:  45%|####5     | 132/292 [00:00<00:00, 185.33it/s, Materializing param=gpt_neox.layers.10.mlp.dense_4h_to_h.weight]
Loading weights:  46%|####5     | 133/292 [00:00<00:00, 185.33it/s, Materializing param=gpt_neox.layers.10.mlp.dense_h_to_4h.bias]  
Loading weights:  46%|####5     | 133/292 [00:00<00:00, 185.33it/s, Materializing param=gpt_neox.layers.10.mlp.dense_h_to_4h.bias]
Loading weights:  46%|####5     | 134/292 [00:00<00:00, 185.33it/s, Materializing param=gpt_neox.layers.10.mlp.dense_h_to_4h.weight]
Loading weights:  46%|####5     | 134/292 [00:00<00:00, 185.33it/s, Materializing param=gpt_neox.layers.10.mlp.dense_h_to_4h.weight]
Loading weights:  46%|####6     | 135/292 [00:00<00:00, 185.33it/s, Materializing param=gpt_neox.layers.10.post_attention_layernorm.bias]
Loading weights:  46%|####6     | 135/292 [00:00<00:00, 185.33it/s, Materializing param=gpt_neox.layers.10.post_attention_layernorm.bias]
Loading weights:  47%|####6     | 136/292 [00:00<00:00, 185.33it/s, Materializing param=gpt_neox.layers.10.post_attention_layernorm.weight]
Loading weights:  47%|####6     | 136/292 [00:00<00:00, 185.33it/s, Materializing param=gpt_neox.layers.10.post_attention_layernorm.weight]
Loading weights:  47%|####6     | 137/292 [00:00<00:00, 185.33it/s, Materializing param=gpt_neox.layers.11.attention.dense.bias]           
Loading weights:  47%|####6     | 137/292 [00:00<00:00, 185.33it/s, Materializing param=gpt_neox.layers.11.attention.dense.bias]
Loading weights:  47%|####7     | 138/292 [00:00<00:00, 185.33it/s, Materializing param=gpt_neox.layers.11.attention.dense.weight]
Loading weights:  47%|####7     | 138/292 [00:00<00:00, 185.33it/s, Materializing param=gpt_neox.layers.11.attention.dense.weight]
Loading weights:  48%|####7     | 139/292 [00:00<00:00, 185.33it/s, Materializing param=gpt_neox.layers.11.attention.query_key_value.bias]
Loading weights:  48%|####7     | 139/292 [00:00<00:00, 185.33it/s, Materializing param=gpt_neox.layers.11.attention.query_key_value.bias]
Loading weights:  48%|####7     | 140/292 [00:00<00:00, 185.33it/s, Materializing param=gpt_neox.layers.11.attention.query_key_value.weight]
Loading weights:  48%|####7     | 140/292 [00:00<00:00, 185.33it/s, Materializing param=gpt_neox.layers.11.attention.query_key_value.weight]
Loading weights:  48%|####8     | 141/292 [00:00<00:00, 185.33it/s, Materializing param=gpt_neox.layers.11.input_layernorm.bias]            
Loading weights:  48%|####8     | 141/292 [00:00<00:00, 185.33it/s, Materializing param=gpt_neox.layers.11.input_layernorm.bias]
Loading weights:  49%|####8     | 142/292 [00:00<00:00, 185.33it/s, Materializing param=gpt_neox.layers.11.input_layernorm.weight]
Loading weights:  49%|####8     | 142/292 [00:00<00:00, 185.33it/s, Materializing param=gpt_neox.layers.11.input_layernorm.weight]
Loading weights:  49%|####8     | 143/292 [00:00<00:00, 185.33it/s, Materializing param=gpt_neox.layers.11.mlp.dense_4h_to_h.bias]
Loading weights:  49%|####8     | 143/292 [00:00<00:00, 185.33it/s, Materializing param=gpt_neox.layers.11.mlp.dense_4h_to_h.bias]
Loading weights:  49%|####9     | 144/292 [00:00<00:00, 185.33it/s, Materializing param=gpt_neox.layers.11.mlp.dense_4h_to_h.weight]
Loading weights:  49%|####9     | 144/292 [00:00<00:00, 185.33it/s, Materializing param=gpt_neox.layers.11.mlp.dense_4h_to_h.weight]
Loading weights:  50%|####9     | 145/292 [00:00<00:00, 185.33it/s, Materializing param=gpt_neox.layers.11.mlp.dense_h_to_4h.bias]  
Loading weights:  50%|####9     | 145/292 [00:00<00:00, 185.33it/s, Materializing param=gpt_neox.layers.11.mlp.dense_h_to_4h.bias]
Loading weights:  50%|#####     | 146/292 [00:00<00:00, 185.33it/s, Materializing param=gpt_neox.layers.11.mlp.dense_h_to_4h.weight]
Loading weights:  50%|#####     | 146/292 [00:00<00:00, 185.33it/s, Materializing param=gpt_neox.layers.11.mlp.dense_h_to_4h.weight]
Loading weights:  50%|#####     | 147/292 [00:00<00:00, 185.33it/s, Materializing param=gpt_neox.layers.11.post_attention_layernorm.bias]
Loading weights:  50%|#####     | 147/292 [00:00<00:00, 185.33it/s, Materializing param=gpt_neox.layers.11.post_attention_layernorm.bias]
Loading weights:  51%|#####     | 148/292 [00:00<00:00, 185.33it/s, Materializing param=gpt_neox.layers.11.post_attention_layernorm.weight]
Loading weights:  51%|#####     | 148/292 [00:00<00:00, 185.33it/s, Materializing param=gpt_neox.layers.11.post_attention_layernorm.weight]
Loading weights:  51%|#####1    | 149/292 [00:00<00:00, 185.33it/s, Materializing param=gpt_neox.layers.12.attention.dense.bias]           
Loading weights:  51%|#####1    | 149/292 [00:00<00:00, 185.33it/s, Materializing param=gpt_neox.layers.12.attention.dense.bias]
Loading weights:  51%|#####1    | 150/292 [00:00<00:00, 197.72it/s, Materializing param=gpt_neox.layers.12.attention.dense.bias]
Loading weights:  51%|#####1    | 150/292 [00:00<00:00, 197.72it/s, Materializing param=gpt_neox.layers.12.attention.dense.weight]
Loading weights:  51%|#####1    | 150/292 [00:00<00:00, 197.72it/s, Materializing param=gpt_neox.layers.12.attention.dense.weight]
Loading weights:  52%|#####1    | 151/292 [00:00<00:00, 197.72it/s, Materializing param=gpt_neox.layers.12.attention.query_key_value.bias]
Loading weights:  52%|#####1    | 151/292 [00:00<00:00, 197.72it/s, Materializing param=gpt_neox.layers.12.attention.query_key_value.bias]
Loading weights:  52%|#####2    | 152/292 [00:00<00:00, 197.72it/s, Materializing param=gpt_neox.layers.12.attention.query_key_value.weight]
Loading weights:  52%|#####2    | 152/292 [00:00<00:00, 197.72it/s, Materializing param=gpt_neox.layers.12.attention.query_key_value.weight]
Loading weights:  52%|#####2    | 153/292 [00:00<00:00, 197.72it/s, Materializing param=gpt_neox.layers.12.input_layernorm.bias]            
Loading weights:  52%|#####2    | 153/292 [00:00<00:00, 197.72it/s, Materializing param=gpt_neox.layers.12.input_layernorm.bias]
Loading weights:  53%|#####2    | 154/292 [00:00<00:00, 197.72it/s, Materializing param=gpt_neox.layers.12.input_layernorm.weight]
Loading weights:  53%|#####2    | 154/292 [00:00<00:00, 197.72it/s, Materializing param=gpt_neox.layers.12.input_layernorm.weight]
Loading weights:  53%|#####3    | 155/292 [00:00<00:00, 197.72it/s, Materializing param=gpt_neox.layers.12.mlp.dense_4h_to_h.bias]
Loading weights:  53%|#####3    | 155/292 [00:00<00:00, 197.72it/s, Materializing param=gpt_neox.layers.12.mlp.dense_4h_to_h.bias]
Loading weights:  53%|#####3    | 156/292 [00:00<00:00, 197.72it/s, Materializing param=gpt_neox.layers.12.mlp.dense_4h_to_h.weight]
Loading weights:  53%|#####3    | 156/292 [00:00<00:00, 197.72it/s, Materializing param=gpt_neox.layers.12.mlp.dense_4h_to_h.weight]
Loading weights:  54%|#####3    | 157/292 [00:00<00:00, 197.72it/s, Materializing param=gpt_neox.layers.12.mlp.dense_h_to_4h.bias]  
Loading weights:  54%|#####3    | 157/292 [00:00<00:00, 197.72it/s, Materializing param=gpt_neox.layers.12.mlp.dense_h_to_4h.bias]
Loading weights:  54%|#####4    | 158/292 [00:00<00:00, 197.72it/s, Materializing param=gpt_neox.layers.12.mlp.dense_h_to_4h.weight]
Loading weights:  54%|#####4    | 158/292 [00:00<00:00, 197.72it/s, Materializing param=gpt_neox.layers.12.mlp.dense_h_to_4h.weight]
Loading weights:  54%|#####4    | 159/292 [00:00<00:00, 197.72it/s, Materializing param=gpt_neox.layers.12.post_attention_layernorm.bias]
Loading weights:  54%|#####4    | 159/292 [00:00<00:00, 197.72it/s, Materializing param=gpt_neox.layers.12.post_attention_layernorm.bias]
Loading weights:  55%|#####4    | 160/292 [00:00<00:00, 197.72it/s, Materializing param=gpt_neox.layers.12.post_attention_layernorm.weight]
Loading weights:  55%|#####4    | 160/292 [00:00<00:00, 197.72it/s, Materializing param=gpt_neox.layers.12.post_attention_layernorm.weight]
Loading weights:  55%|#####5    | 161/292 [00:00<00:00, 197.72it/s, Materializing param=gpt_neox.layers.13.attention.dense.bias]           
Loading weights:  55%|#####5    | 161/292 [00:00<00:00, 197.72it/s, Materializing param=gpt_neox.layers.13.attention.dense.bias]
Loading weights:  55%|#####5    | 162/292 [00:00<00:00, 197.72it/s, Materializing param=gpt_neox.layers.13.attention.dense.weight]
Loading weights:  55%|#####5    | 162/292 [00:00<00:00, 197.72it/s, Materializing param=gpt_neox.layers.13.attention.dense.weight]
Loading weights:  56%|#####5    | 163/292 [00:00<00:00, 197.72it/s, Materializing param=gpt_neox.layers.13.attention.query_key_value.bias]
Loading weights:  56%|#####5    | 163/292 [00:00<00:00, 197.72it/s, Materializing param=gpt_neox.layers.13.attention.query_key_value.bias]
Loading weights:  56%|#####6    | 164/292 [00:00<00:00, 197.72it/s, Materializing param=gpt_neox.layers.13.attention.query_key_value.weight]
Loading weights:  56%|#####6    | 164/292 [00:00<00:00, 197.72it/s, Materializing param=gpt_neox.layers.13.attention.query_key_value.weight]
Loading weights:  57%|#####6    | 165/292 [00:00<00:00, 197.72it/s, Materializing param=gpt_neox.layers.13.input_layernorm.bias]            
Loading weights:  57%|#####6    | 165/292 [00:00<00:00, 197.72it/s, Materializing param=gpt_neox.layers.13.input_layernorm.bias]
Loading weights:  57%|#####6    | 166/292 [00:00<00:00, 197.72it/s, Materializing param=gpt_neox.layers.13.input_layernorm.weight]
Loading weights:  57%|#####6    | 166/292 [00:00<00:00, 197.72it/s, Materializing param=gpt_neox.layers.13.input_layernorm.weight]
Loading weights:  57%|#####7    | 167/292 [00:00<00:00, 197.72it/s, Materializing param=gpt_neox.layers.13.mlp.dense_4h_to_h.bias]
Loading weights:  57%|#####7    | 167/292 [00:00<00:00, 197.72it/s, Materializing param=gpt_neox.layers.13.mlp.dense_4h_to_h.bias]
Loading weights:  58%|#####7    | 168/292 [00:00<00:00, 197.72it/s, Materializing param=gpt_neox.layers.13.mlp.dense_4h_to_h.weight]
Loading weights:  58%|#####7    | 168/292 [00:00<00:00, 197.72it/s, Materializing param=gpt_neox.layers.13.mlp.dense_4h_to_h.weight]
Loading weights:  58%|#####7    | 169/292 [00:00<00:00, 197.72it/s, Materializing param=gpt_neox.layers.13.mlp.dense_h_to_4h.bias]  
Loading weights:  58%|#####7    | 169/292 [00:00<00:00, 197.72it/s, Materializing param=gpt_neox.layers.13.mlp.dense_h_to_4h.bias]
Loading weights:  58%|#####8    | 170/292 [00:00<00:00, 197.72it/s, Materializing param=gpt_neox.layers.13.mlp.dense_h_to_4h.weight]
Loading weights:  58%|#####8    | 170/292 [00:00<00:00, 197.72it/s, Materializing param=gpt_neox.layers.13.mlp.dense_h_to_4h.weight]
Loading weights:  59%|#####8    | 171/292 [00:00<00:00, 179.24it/s, Materializing param=gpt_neox.layers.13.mlp.dense_h_to_4h.weight]
Loading weights:  59%|#####8    | 171/292 [00:00<00:00, 179.24it/s, Materializing param=gpt_neox.layers.13.post_attention_layernorm.bias]
Loading weights:  59%|#####8    | 171/292 [00:00<00:00, 179.24it/s, Materializing param=gpt_neox.layers.13.post_attention_layernorm.bias]
Loading weights:  59%|#####8    | 172/292 [00:00<00:00, 179.24it/s, Materializing param=gpt_neox.layers.13.post_attention_layernorm.weight]
Loading weights:  59%|#####8    | 172/292 [00:00<00:00, 179.24it/s, Materializing param=gpt_neox.layers.13.post_attention_layernorm.weight]
Loading weights:  59%|#####9    | 173/292 [00:00<00:00, 179.24it/s, Materializing param=gpt_neox.layers.14.attention.dense.bias]           
Loading weights:  59%|#####9    | 173/292 [00:00<00:00, 179.24it/s, Materializing param=gpt_neox.layers.14.attention.dense.bias]
Loading weights:  60%|#####9    | 174/292 [00:00<00:00, 179.24it/s, Materializing param=gpt_neox.layers.14.attention.dense.weight]
Loading weights:  60%|#####9    | 174/292 [00:00<00:00, 179.24it/s, Materializing param=gpt_neox.layers.14.attention.dense.weight]
Loading weights:  60%|#####9    | 175/292 [00:00<00:00, 179.24it/s, Materializing param=gpt_neox.layers.14.attention.query_key_value.bias]
Loading weights:  60%|#####9    | 175/292 [00:00<00:00, 179.24it/s, Materializing param=gpt_neox.layers.14.attention.query_key_value.bias]
Loading weights:  60%|######    | 176/292 [00:00<00:00, 179.24it/s, Materializing param=gpt_neox.layers.14.attention.query_key_value.weight]
Loading weights:  60%|######    | 176/292 [00:00<00:00, 179.24it/s, Materializing param=gpt_neox.layers.14.attention.query_key_value.weight]
Loading weights:  61%|######    | 177/292 [00:00<00:00, 179.24it/s, Materializing param=gpt_neox.layers.14.input_layernorm.bias]            
Loading weights:  61%|######    | 177/292 [00:00<00:00, 179.24it/s, Materializing param=gpt_neox.layers.14.input_layernorm.bias]
Loading weights:  61%|######    | 178/292 [00:00<00:00, 179.24it/s, Materializing param=gpt_neox.layers.14.input_layernorm.weight]
Loading weights:  61%|######    | 178/292 [00:00<00:00, 179.24it/s, Materializing param=gpt_neox.layers.14.input_layernorm.weight]
Loading weights:  61%|######1   | 179/292 [00:00<00:00, 179.24it/s, Materializing param=gpt_neox.layers.14.mlp.dense_4h_to_h.bias]
Loading weights:  61%|######1   | 179/292 [00:00<00:00, 179.24it/s, Materializing param=gpt_neox.layers.14.mlp.dense_4h_to_h.bias]
Loading weights:  62%|######1   | 180/292 [00:00<00:00, 179.24it/s, Materializing param=gpt_neox.layers.14.mlp.dense_4h_to_h.weight]
Loading weights:  62%|######1   | 180/292 [00:00<00:00, 179.24it/s, Materializing param=gpt_neox.layers.14.mlp.dense_4h_to_h.weight]
Loading weights:  62%|######1   | 181/292 [00:01<00:00, 179.24it/s, Materializing param=gpt_neox.layers.14.mlp.dense_h_to_4h.bias]  
Loading weights:  62%|######1   | 181/292 [00:01<00:00, 179.24it/s, Materializing param=gpt_neox.layers.14.mlp.dense_h_to_4h.bias]
Loading weights:  62%|######2   | 182/292 [00:01<00:00, 179.24it/s, Materializing param=gpt_neox.layers.14.mlp.dense_h_to_4h.weight]
Loading weights:  62%|######2   | 182/292 [00:01<00:00, 179.24it/s, Materializing param=gpt_neox.layers.14.mlp.dense_h_to_4h.weight]
Loading weights:  63%|######2   | 183/292 [00:01<00:00, 179.24it/s, Materializing param=gpt_neox.layers.14.post_attention_layernorm.bias]
Loading weights:  63%|######2   | 183/292 [00:01<00:00, 179.24it/s, Materializing param=gpt_neox.layers.14.post_attention_layernorm.bias]
Loading weights:  63%|######3   | 184/292 [00:01<00:00, 179.24it/s, Materializing param=gpt_neox.layers.14.post_attention_layernorm.weight]
Loading weights:  63%|######3   | 184/292 [00:01<00:00, 179.24it/s, Materializing param=gpt_neox.layers.14.post_attention_layernorm.weight]
Loading weights:  63%|######3   | 185/292 [00:01<00:00, 179.24it/s, Materializing param=gpt_neox.layers.15.attention.dense.bias]           
Loading weights:  63%|######3   | 185/292 [00:01<00:00, 179.24it/s, Materializing param=gpt_neox.layers.15.attention.dense.bias]
Loading weights:  64%|######3   | 186/292 [00:01<00:00, 179.24it/s, Materializing param=gpt_neox.layers.15.attention.dense.weight]
Loading weights:  64%|######3   | 186/292 [00:01<00:00, 179.24it/s, Materializing param=gpt_neox.layers.15.attention.dense.weight]
Loading weights:  64%|######4   | 187/292 [00:01<00:00, 179.24it/s, Materializing param=gpt_neox.layers.15.attention.query_key_value.bias]
Loading weights:  64%|######4   | 187/292 [00:01<00:00, 179.24it/s, Materializing param=gpt_neox.layers.15.attention.query_key_value.bias]
Loading weights:  64%|######4   | 188/292 [00:01<00:00, 179.24it/s, Materializing param=gpt_neox.layers.15.attention.query_key_value.weight]
Loading weights:  64%|######4   | 188/292 [00:01<00:00, 179.24it/s, Materializing param=gpt_neox.layers.15.attention.query_key_value.weight]
Loading weights:  65%|######4   | 189/292 [00:01<00:00, 179.24it/s, Materializing param=gpt_neox.layers.15.input_layernorm.bias]            
Loading weights:  65%|######4   | 189/292 [00:01<00:00, 179.24it/s, Materializing param=gpt_neox.layers.15.input_layernorm.bias]
Loading weights:  65%|######5   | 190/292 [00:01<00:00, 161.41it/s, Materializing param=gpt_neox.layers.15.input_layernorm.bias]
Loading weights:  65%|######5   | 190/292 [00:01<00:00, 161.41it/s, Materializing param=gpt_neox.layers.15.input_layernorm.weight]
Loading weights:  65%|######5   | 190/292 [00:01<00:00, 161.41it/s, Materializing param=gpt_neox.layers.15.input_layernorm.weight]
Loading weights:  65%|######5   | 191/292 [00:01<00:00, 161.41it/s, Materializing param=gpt_neox.layers.15.mlp.dense_4h_to_h.bias]
Loading weights:  65%|######5   | 191/292 [00:01<00:00, 161.41it/s, Materializing param=gpt_neox.layers.15.mlp.dense_4h_to_h.bias]
Loading weights:  66%|######5   | 192/292 [00:01<00:00, 161.41it/s, Materializing param=gpt_neox.layers.15.mlp.dense_4h_to_h.weight]
Loading weights:  66%|######5   | 192/292 [00:01<00:00, 161.41it/s, Materializing param=gpt_neox.layers.15.mlp.dense_4h_to_h.weight]
Loading weights:  66%|######6   | 193/292 [00:01<00:00, 161.41it/s, Materializing param=gpt_neox.layers.15.mlp.dense_h_to_4h.bias]  
Loading weights:  66%|######6   | 193/292 [00:01<00:00, 161.41it/s, Materializing param=gpt_neox.layers.15.mlp.dense_h_to_4h.bias]
Loading weights:  66%|######6   | 194/292 [00:01<00:00, 161.41it/s, Materializing param=gpt_neox.layers.15.mlp.dense_h_to_4h.weight]
Loading weights:  66%|######6   | 194/292 [00:01<00:00, 161.41it/s, Materializing param=gpt_neox.layers.15.mlp.dense_h_to_4h.weight]
Loading weights:  67%|######6   | 195/292 [00:01<00:00, 161.41it/s, Materializing param=gpt_neox.layers.15.post_attention_layernorm.bias]
Loading weights:  67%|######6   | 195/292 [00:01<00:00, 161.41it/s, Materializing param=gpt_neox.layers.15.post_attention_layernorm.bias]
Loading weights:  67%|######7   | 196/292 [00:01<00:00, 161.41it/s, Materializing param=gpt_neox.layers.15.post_attention_layernorm.weight]
Loading weights:  67%|######7   | 196/292 [00:01<00:00, 161.41it/s, Materializing param=gpt_neox.layers.15.post_attention_layernorm.weight]
Loading weights:  67%|######7   | 197/292 [00:01<00:00, 161.41it/s, Materializing param=gpt_neox.layers.16.attention.dense.bias]           
Loading weights:  67%|######7   | 197/292 [00:01<00:00, 161.41it/s, Materializing param=gpt_neox.layers.16.attention.dense.bias]
Loading weights:  68%|######7   | 198/292 [00:01<00:00, 161.41it/s, Materializing param=gpt_neox.layers.16.attention.dense.weight]
Loading weights:  68%|######7   | 198/292 [00:01<00:00, 161.41it/s, Materializing param=gpt_neox.layers.16.attention.dense.weight]
Loading weights:  68%|######8   | 199/292 [00:01<00:00, 161.41it/s, Materializing param=gpt_neox.layers.16.attention.query_key_value.bias]
Loading weights:  68%|######8   | 199/292 [00:01<00:00, 161.41it/s, Materializing param=gpt_neox.layers.16.attention.query_key_value.bias]
Loading weights:  68%|######8   | 200/292 [00:01<00:00, 161.41it/s, Materializing param=gpt_neox.layers.16.attention.query_key_value.weight]
Loading weights:  68%|######8   | 200/292 [00:01<00:00, 161.41it/s, Materializing param=gpt_neox.layers.16.attention.query_key_value.weight]
Loading weights:  69%|######8   | 201/292 [00:01<00:00, 161.41it/s, Materializing param=gpt_neox.layers.16.input_layernorm.bias]            
Loading weights:  69%|######8   | 201/292 [00:01<00:00, 161.41it/s, Materializing param=gpt_neox.layers.16.input_layernorm.bias]
Loading weights:  69%|######9   | 202/292 [00:01<00:00, 161.41it/s, Materializing param=gpt_neox.layers.16.input_layernorm.weight]
Loading weights:  69%|######9   | 202/292 [00:01<00:00, 161.41it/s, Materializing param=gpt_neox.layers.16.input_layernorm.weight]
Loading weights:  70%|######9   | 203/292 [00:01<00:00, 161.41it/s, Materializing param=gpt_neox.layers.16.mlp.dense_4h_to_h.bias]
Loading weights:  70%|######9   | 203/292 [00:01<00:00, 161.41it/s, Materializing param=gpt_neox.layers.16.mlp.dense_4h_to_h.bias]
Loading weights:  70%|######9   | 204/292 [00:01<00:00, 161.41it/s, Materializing param=gpt_neox.layers.16.mlp.dense_4h_to_h.weight]
Loading weights:  70%|######9   | 204/292 [00:01<00:00, 161.41it/s, Materializing param=gpt_neox.layers.16.mlp.dense_4h_to_h.weight]
Loading weights:  70%|#######   | 205/292 [00:01<00:00, 161.41it/s, Materializing param=gpt_neox.layers.16.mlp.dense_h_to_4h.bias]  
Loading weights:  70%|#######   | 205/292 [00:01<00:00, 161.41it/s, Materializing param=gpt_neox.layers.16.mlp.dense_h_to_4h.bias]
Loading weights:  71%|#######   | 206/292 [00:01<00:00, 161.41it/s, Materializing param=gpt_neox.layers.16.mlp.dense_h_to_4h.weight]
Loading weights:  71%|#######   | 206/292 [00:01<00:00, 161.41it/s, Materializing param=gpt_neox.layers.16.mlp.dense_h_to_4h.weight]
Loading weights:  71%|#######   | 207/292 [00:01<00:00, 131.21it/s, Materializing param=gpt_neox.layers.16.mlp.dense_h_to_4h.weight]
Loading weights:  71%|#######   | 207/292 [00:01<00:00, 131.21it/s, Materializing param=gpt_neox.layers.16.post_attention_layernorm.bias]
Loading weights:  71%|#######   | 207/292 [00:01<00:00, 131.21it/s, Materializing param=gpt_neox.layers.16.post_attention_layernorm.bias]
Loading weights:  71%|#######1  | 208/292 [00:01<00:00, 131.21it/s, Materializing param=gpt_neox.layers.16.post_attention_layernorm.weight]
Loading weights:  71%|#######1  | 208/292 [00:01<00:00, 131.21it/s, Materializing param=gpt_neox.layers.16.post_attention_layernorm.weight]
Loading weights:  72%|#######1  | 209/292 [00:01<00:00, 131.21it/s, Materializing param=gpt_neox.layers.17.attention.dense.bias]           
Loading weights:  72%|#######1  | 209/292 [00:01<00:00, 131.21it/s, Materializing param=gpt_neox.layers.17.attention.dense.bias]
Loading weights:  72%|#######1  | 210/292 [00:01<00:00, 131.21it/s, Materializing param=gpt_neox.layers.17.attention.dense.weight]
Loading weights:  72%|#######1  | 210/292 [00:01<00:00, 131.21it/s, Materializing param=gpt_neox.layers.17.attention.dense.weight]
Loading weights:  72%|#######2  | 211/292 [00:01<00:00, 131.21it/s, Materializing param=gpt_neox.layers.17.attention.query_key_value.bias]
Loading weights:  72%|#######2  | 211/292 [00:01<00:00, 131.21it/s, Materializing param=gpt_neox.layers.17.attention.query_key_value.bias]
Loading weights:  73%|#######2  | 212/292 [00:01<00:00, 131.21it/s, Materializing param=gpt_neox.layers.17.attention.query_key_value.weight]
Loading weights:  73%|#######2  | 212/292 [00:01<00:00, 131.21it/s, Materializing param=gpt_neox.layers.17.attention.query_key_value.weight]
Loading weights:  73%|#######2  | 213/292 [00:01<00:00, 131.21it/s, Materializing param=gpt_neox.layers.17.input_layernorm.bias]            
Loading weights:  73%|#######2  | 213/292 [00:01<00:00, 131.21it/s, Materializing param=gpt_neox.layers.17.input_layernorm.bias]
Loading weights:  73%|#######3  | 214/292 [00:01<00:00, 131.21it/s, Materializing param=gpt_neox.layers.17.input_layernorm.weight]
Loading weights:  73%|#######3  | 214/292 [00:01<00:00, 131.21it/s, Materializing param=gpt_neox.layers.17.input_layernorm.weight]
Loading weights:  74%|#######3  | 215/292 [00:01<00:00, 131.21it/s, Materializing param=gpt_neox.layers.17.mlp.dense_4h_to_h.bias]
Loading weights:  74%|#######3  | 215/292 [00:01<00:00, 131.21it/s, Materializing param=gpt_neox.layers.17.mlp.dense_4h_to_h.bias]
Loading weights:  74%|#######3  | 216/292 [00:01<00:00, 131.21it/s, Materializing param=gpt_neox.layers.17.mlp.dense_4h_to_h.weight]
Loading weights:  74%|#######3  | 216/292 [00:01<00:00, 131.21it/s, Materializing param=gpt_neox.layers.17.mlp.dense_4h_to_h.weight]
Loading weights:  74%|#######4  | 217/292 [00:01<00:00, 131.21it/s, Materializing param=gpt_neox.layers.17.mlp.dense_h_to_4h.bias]  
Loading weights:  74%|#######4  | 217/292 [00:01<00:00, 131.21it/s, Materializing param=gpt_neox.layers.17.mlp.dense_h_to_4h.bias]
Loading weights:  75%|#######4  | 218/292 [00:01<00:00, 131.21it/s, Materializing param=gpt_neox.layers.17.mlp.dense_h_to_4h.weight]
Loading weights:  75%|#######4  | 218/292 [00:01<00:00, 131.21it/s, Materializing param=gpt_neox.layers.17.mlp.dense_h_to_4h.weight]
Loading weights:  75%|#######5  | 219/292 [00:01<00:00, 131.21it/s, Materializing param=gpt_neox.layers.17.post_attention_layernorm.bias]
Loading weights:  75%|#######5  | 219/292 [00:01<00:00, 131.21it/s, Materializing param=gpt_neox.layers.17.post_attention_layernorm.bias]
Loading weights:  75%|#######5  | 220/292 [00:01<00:00, 131.21it/s, Materializing param=gpt_neox.layers.17.post_attention_layernorm.weight]
Loading weights:  75%|#######5  | 220/292 [00:01<00:00, 131.21it/s, Materializing param=gpt_neox.layers.17.post_attention_layernorm.weight]
Loading weights:  76%|#######5  | 221/292 [00:01<00:00, 131.21it/s, Materializing param=gpt_neox.layers.18.attention.dense.bias]           
Loading weights:  76%|#######5  | 221/292 [00:01<00:00, 131.21it/s, Materializing param=gpt_neox.layers.18.attention.dense.bias]
Loading weights:  76%|#######6  | 222/292 [00:01<00:00, 131.21it/s, Materializing param=gpt_neox.layers.18.attention.dense.weight]
Loading weights:  76%|#######6  | 222/292 [00:01<00:00, 131.21it/s, Materializing param=gpt_neox.layers.18.attention.dense.weight]
Loading weights:  76%|#######6  | 223/292 [00:01<00:00, 131.21it/s, Materializing param=gpt_neox.layers.18.attention.query_key_value.bias]
Loading weights:  76%|#######6  | 223/292 [00:01<00:00, 131.21it/s, Materializing param=gpt_neox.layers.18.attention.query_key_value.bias]
Loading weights:  77%|#######6  | 224/292 [00:01<00:00, 131.21it/s, Materializing param=gpt_neox.layers.18.attention.query_key_value.weight]
Loading weights:  77%|#######6  | 224/292 [00:01<00:00, 131.21it/s, Materializing param=gpt_neox.layers.18.attention.query_key_value.weight]
Loading weights:  77%|#######7  | 225/292 [00:01<00:00, 131.21it/s, Materializing param=gpt_neox.layers.18.input_layernorm.bias]            
Loading weights:  77%|#######7  | 225/292 [00:01<00:00, 131.21it/s, Materializing param=gpt_neox.layers.18.input_layernorm.bias]
Loading weights:  77%|#######7  | 226/292 [00:01<00:00, 131.21it/s, Materializing param=gpt_neox.layers.18.input_layernorm.weight]
Loading weights:  77%|#######7  | 226/292 [00:01<00:00, 131.21it/s, Materializing param=gpt_neox.layers.18.input_layernorm.weight]
Loading weights:  78%|#######7  | 227/292 [00:01<00:00, 131.21it/s, Materializing param=gpt_neox.layers.18.mlp.dense_4h_to_h.bias]
Loading weights:  78%|#######7  | 227/292 [00:01<00:00, 131.21it/s, Materializing param=gpt_neox.layers.18.mlp.dense_4h_to_h.bias]
Loading weights:  78%|#######8  | 228/292 [00:01<00:00, 131.21it/s, Materializing param=gpt_neox.layers.18.mlp.dense_4h_to_h.weight]
Loading weights:  78%|#######8  | 228/292 [00:01<00:00, 131.21it/s, Materializing param=gpt_neox.layers.18.mlp.dense_4h_to_h.weight]
Loading weights:  78%|#######8  | 229/292 [00:01<00:00, 148.96it/s, Materializing param=gpt_neox.layers.18.mlp.dense_4h_to_h.weight]
Loading weights:  78%|#######8  | 229/292 [00:01<00:00, 148.96it/s, Materializing param=gpt_neox.layers.18.mlp.dense_h_to_4h.bias]  
Loading weights:  78%|#######8  | 229/292 [00:01<00:00, 148.96it/s, Materializing param=gpt_neox.layers.18.mlp.dense_h_to_4h.bias]
Loading weights:  79%|#######8  | 230/292 [00:01<00:00, 148.96it/s, Materializing param=gpt_neox.layers.18.mlp.dense_h_to_4h.weight]
Loading weights:  79%|#######8  | 230/292 [00:01<00:00, 148.96it/s, Materializing param=gpt_neox.layers.18.mlp.dense_h_to_4h.weight]
Loading weights:  79%|#######9  | 231/292 [00:01<00:00, 148.96it/s, Materializing param=gpt_neox.layers.18.post_attention_layernorm.bias]
Loading weights:  79%|#######9  | 231/292 [00:01<00:00, 148.96it/s, Materializing param=gpt_neox.layers.18.post_attention_layernorm.bias]
Loading weights:  79%|#######9  | 232/292 [00:01<00:00, 148.96it/s, Materializing param=gpt_neox.layers.18.post_attention_layernorm.weight]
Loading weights:  79%|#######9  | 232/292 [00:01<00:00, 148.96it/s, Materializing param=gpt_neox.layers.18.post_attention_layernorm.weight]
Loading weights:  80%|#######9  | 233/292 [00:01<00:00, 148.96it/s, Materializing param=gpt_neox.layers.19.attention.dense.bias]           
Loading weights:  80%|#######9  | 233/292 [00:01<00:00, 148.96it/s, Materializing param=gpt_neox.layers.19.attention.dense.bias]
Loading weights:  80%|########  | 234/292 [00:01<00:00, 148.96it/s, Materializing param=gpt_neox.layers.19.attention.dense.weight]
Loading weights:  80%|########  | 234/292 [00:01<00:00, 148.96it/s, Materializing param=gpt_neox.layers.19.attention.dense.weight]
Loading weights:  80%|########  | 235/292 [00:01<00:00, 148.96it/s, Materializing param=gpt_neox.layers.19.attention.query_key_value.bias]
Loading weights:  80%|########  | 235/292 [00:01<00:00, 148.96it/s, Materializing param=gpt_neox.layers.19.attention.query_key_value.bias]
Loading weights:  81%|########  | 236/292 [00:01<00:00, 148.96it/s, Materializing param=gpt_neox.layers.19.attention.query_key_value.weight]
Loading weights:  81%|########  | 236/292 [00:01<00:00, 148.96it/s, Materializing param=gpt_neox.layers.19.attention.query_key_value.weight]
Loading weights:  81%|########1 | 237/292 [00:01<00:00, 148.96it/s, Materializing param=gpt_neox.layers.19.input_layernorm.bias]            
Loading weights:  81%|########1 | 237/292 [00:01<00:00, 148.96it/s, Materializing param=gpt_neox.layers.19.input_layernorm.bias]
Loading weights:  82%|########1 | 238/292 [00:01<00:00, 148.96it/s, Materializing param=gpt_neox.layers.19.input_layernorm.weight]
Loading weights:  82%|########1 | 238/292 [00:01<00:00, 148.96it/s, Materializing param=gpt_neox.layers.19.input_layernorm.weight]
Loading weights:  82%|########1 | 239/292 [00:01<00:00, 148.96it/s, Materializing param=gpt_neox.layers.19.mlp.dense_4h_to_h.bias]
Loading weights:  82%|########1 | 239/292 [00:01<00:00, 148.96it/s, Materializing param=gpt_neox.layers.19.mlp.dense_4h_to_h.bias]
Loading weights:  82%|########2 | 240/292 [00:01<00:00, 148.96it/s, Materializing param=gpt_neox.layers.19.mlp.dense_4h_to_h.weight]
Loading weights:  82%|########2 | 240/292 [00:01<00:00, 148.96it/s, Materializing param=gpt_neox.layers.19.mlp.dense_4h_to_h.weight]
Loading weights:  83%|########2 | 241/292 [00:01<00:00, 148.96it/s, Materializing param=gpt_neox.layers.19.mlp.dense_h_to_4h.bias]  
Loading weights:  83%|########2 | 241/292 [00:01<00:00, 148.96it/s, Materializing param=gpt_neox.layers.19.mlp.dense_h_to_4h.bias]
Loading weights:  83%|########2 | 242/292 [00:01<00:00, 148.96it/s, Materializing param=gpt_neox.layers.19.mlp.dense_h_to_4h.weight]
Loading weights:  83%|########2 | 242/292 [00:01<00:00, 148.96it/s, Materializing param=gpt_neox.layers.19.mlp.dense_h_to_4h.weight]
Loading weights:  83%|########3 | 243/292 [00:01<00:00, 148.96it/s, Materializing param=gpt_neox.layers.19.post_attention_layernorm.bias]
Loading weights:  83%|########3 | 243/292 [00:01<00:00, 148.96it/s, Materializing param=gpt_neox.layers.19.post_attention_layernorm.bias]
Loading weights:  84%|########3 | 244/292 [00:01<00:00, 148.96it/s, Materializing param=gpt_neox.layers.19.post_attention_layernorm.weight]
Loading weights:  84%|########3 | 244/292 [00:01<00:00, 148.96it/s, Materializing param=gpt_neox.layers.19.post_attention_layernorm.weight]
Loading weights:  84%|########3 | 245/292 [00:01<00:00, 148.96it/s, Materializing param=gpt_neox.layers.20.attention.dense.bias]           
Loading weights:  84%|########3 | 245/292 [00:01<00:00, 148.96it/s, Materializing param=gpt_neox.layers.20.attention.dense.bias]
Loading weights:  84%|########4 | 246/292 [00:01<00:00, 132.11it/s, Materializing param=gpt_neox.layers.20.attention.dense.bias]
Loading weights:  84%|########4 | 246/292 [00:01<00:00, 132.11it/s, Materializing param=gpt_neox.layers.20.attention.dense.weight]
Loading weights:  84%|########4 | 246/292 [00:01<00:00, 132.11it/s, Materializing param=gpt_neox.layers.20.attention.dense.weight]
Loading weights:  85%|########4 | 247/292 [00:01<00:00, 132.11it/s, Materializing param=gpt_neox.layers.20.attention.query_key_value.bias]
Loading weights:  85%|########4 | 247/292 [00:01<00:00, 132.11it/s, Materializing param=gpt_neox.layers.20.attention.query_key_value.bias]
Loading weights:  85%|########4 | 248/292 [00:01<00:00, 132.11it/s, Materializing param=gpt_neox.layers.20.attention.query_key_value.weight]
Loading weights:  85%|########4 | 248/292 [00:01<00:00, 132.11it/s, Materializing param=gpt_neox.layers.20.attention.query_key_value.weight]
Loading weights:  85%|########5 | 249/292 [00:01<00:00, 132.11it/s, Materializing param=gpt_neox.layers.20.input_layernorm.bias]            
Loading weights:  85%|########5 | 249/292 [00:01<00:00, 132.11it/s, Materializing param=gpt_neox.layers.20.input_layernorm.bias]
Loading weights:  86%|########5 | 250/292 [00:01<00:00, 132.11it/s, Materializing param=gpt_neox.layers.20.input_layernorm.weight]
Loading weights:  86%|########5 | 250/292 [00:01<00:00, 132.11it/s, Materializing param=gpt_neox.layers.20.input_layernorm.weight]
Loading weights:  86%|########5 | 251/292 [00:01<00:00, 132.11it/s, Materializing param=gpt_neox.layers.20.mlp.dense_4h_to_h.bias]
Loading weights:  86%|########5 | 251/292 [00:01<00:00, 132.11it/s, Materializing param=gpt_neox.layers.20.mlp.dense_4h_to_h.bias]
Loading weights:  86%|########6 | 252/292 [00:01<00:00, 132.11it/s, Materializing param=gpt_neox.layers.20.mlp.dense_4h_to_h.weight]
Loading weights:  86%|########6 | 252/292 [00:01<00:00, 132.11it/s, Materializing param=gpt_neox.layers.20.mlp.dense_4h_to_h.weight]
Loading weights:  87%|########6 | 253/292 [00:01<00:00, 132.11it/s, Materializing param=gpt_neox.layers.20.mlp.dense_h_to_4h.bias]  
Loading weights:  87%|########6 | 253/292 [00:01<00:00, 132.11it/s, Materializing param=gpt_neox.layers.20.mlp.dense_h_to_4h.bias]
Loading weights:  87%|########6 | 254/292 [00:01<00:00, 132.11it/s, Materializing param=gpt_neox.layers.20.mlp.dense_h_to_4h.weight]
Loading weights:  87%|########6 | 254/292 [00:01<00:00, 132.11it/s, Materializing param=gpt_neox.layers.20.mlp.dense_h_to_4h.weight]
Loading weights:  87%|########7 | 255/292 [00:01<00:00, 132.11it/s, Materializing param=gpt_neox.layers.20.post_attention_layernorm.bias]
Loading weights:  87%|########7 | 255/292 [00:01<00:00, 132.11it/s, Materializing param=gpt_neox.layers.20.post_attention_layernorm.bias]
Loading weights:  88%|########7 | 256/292 [00:01<00:00, 132.11it/s, Materializing param=gpt_neox.layers.20.post_attention_layernorm.weight]
Loading weights:  88%|########7 | 256/292 [00:01<00:00, 132.11it/s, Materializing param=gpt_neox.layers.20.post_attention_layernorm.weight]
Loading weights:  88%|########8 | 257/292 [00:01<00:00, 132.11it/s, Materializing param=gpt_neox.layers.21.attention.dense.bias]           
Loading weights:  88%|########8 | 257/292 [00:01<00:00, 132.11it/s, Materializing param=gpt_neox.layers.21.attention.dense.bias]
Loading weights:  88%|########8 | 258/292 [00:01<00:00, 132.11it/s, Materializing param=gpt_neox.layers.21.attention.dense.weight]
Loading weights:  88%|########8 | 258/292 [00:01<00:00, 132.11it/s, Materializing param=gpt_neox.layers.21.attention.dense.weight]
Loading weights:  89%|########8 | 259/292 [00:01<00:00, 132.11it/s, Materializing param=gpt_neox.layers.21.attention.query_key_value.bias]
Loading weights:  89%|########8 | 259/292 [00:01<00:00, 132.11it/s, Materializing param=gpt_neox.layers.21.attention.query_key_value.bias]
Loading weights:  89%|########9 | 260/292 [00:01<00:00, 132.11it/s, Materializing param=gpt_neox.layers.21.attention.query_key_value.weight]
Loading weights:  89%|########9 | 260/292 [00:01<00:00, 132.11it/s, Materializing param=gpt_neox.layers.21.attention.query_key_value.weight]
Loading weights:  89%|########9 | 261/292 [00:01<00:00, 132.11it/s, Materializing param=gpt_neox.layers.21.input_layernorm.bias]            
Loading weights:  89%|########9 | 261/292 [00:01<00:00, 132.11it/s, Materializing param=gpt_neox.layers.21.input_layernorm.bias]
Loading weights:  90%|########9 | 262/292 [00:01<00:00, 132.11it/s, Materializing param=gpt_neox.layers.21.input_layernorm.weight]
Loading weights:  90%|########9 | 262/292 [00:01<00:00, 132.11it/s, Materializing param=gpt_neox.layers.21.input_layernorm.weight]
Loading weights:  90%|######### | 263/292 [00:01<00:00, 132.11it/s, Materializing param=gpt_neox.layers.21.mlp.dense_4h_to_h.bias]
Loading weights:  90%|######### | 263/292 [00:01<00:00, 132.11it/s, Materializing param=gpt_neox.layers.21.mlp.dense_4h_to_h.bias]
Loading weights:  90%|######### | 264/292 [00:01<00:00, 132.11it/s, Materializing param=gpt_neox.layers.21.mlp.dense_4h_to_h.weight]
Loading weights:  90%|######### | 264/292 [00:01<00:00, 132.11it/s, Materializing param=gpt_neox.layers.21.mlp.dense_4h_to_h.weight]
Loading weights:  91%|######### | 265/292 [00:01<00:00, 132.11it/s, Materializing param=gpt_neox.layers.21.mlp.dense_h_to_4h.bias]  
Loading weights:  91%|######### | 265/292 [00:01<00:00, 132.11it/s, Materializing param=gpt_neox.layers.21.mlp.dense_h_to_4h.bias]
Loading weights:  91%|#########1| 266/292 [00:01<00:00, 132.11it/s, Materializing param=gpt_neox.layers.21.mlp.dense_h_to_4h.weight]
Loading weights:  91%|#########1| 266/292 [00:01<00:00, 132.11it/s, Materializing param=gpt_neox.layers.21.mlp.dense_h_to_4h.weight]
Loading weights:  91%|#########1| 267/292 [00:01<00:00, 142.83it/s, Materializing param=gpt_neox.layers.21.mlp.dense_h_to_4h.weight]
Loading weights:  91%|#########1| 267/292 [00:01<00:00, 142.83it/s, Materializing param=gpt_neox.layers.21.post_attention_layernorm.bias]
Loading weights:  91%|#########1| 267/292 [00:01<00:00, 142.83it/s, Materializing param=gpt_neox.layers.21.post_attention_layernorm.bias]
Loading weights:  92%|#########1| 268/292 [00:01<00:00, 142.83it/s, Materializing param=gpt_neox.layers.21.post_attention_layernorm.weight]
Loading weights:  92%|#########1| 268/292 [00:01<00:00, 142.83it/s, Materializing param=gpt_neox.layers.21.post_attention_layernorm.weight]
Loading weights:  92%|#########2| 269/292 [00:01<00:00, 142.83it/s, Materializing param=gpt_neox.layers.22.attention.dense.bias]           
Loading weights:  92%|#########2| 269/292 [00:01<00:00, 142.83it/s, Materializing param=gpt_neox.layers.22.attention.dense.bias]
Loading weights:  92%|#########2| 270/292 [00:01<00:00, 142.83it/s, Materializing param=gpt_neox.layers.22.attention.dense.weight]
Loading weights:  92%|#########2| 270/292 [00:01<00:00, 142.83it/s, Materializing param=gpt_neox.layers.22.attention.dense.weight]
Loading weights:  93%|#########2| 271/292 [00:01<00:00, 142.83it/s, Materializing param=gpt_neox.layers.22.attention.query_key_value.bias]
Loading weights:  93%|#########2| 271/292 [00:01<00:00, 142.83it/s, Materializing param=gpt_neox.layers.22.attention.query_key_value.bias]
Loading weights:  93%|#########3| 272/292 [00:01<00:00, 142.83it/s, Materializing param=gpt_neox.layers.22.attention.query_key_value.weight]
Loading weights:  93%|#########3| 272/292 [00:01<00:00, 142.83it/s, Materializing param=gpt_neox.layers.22.attention.query_key_value.weight]
Loading weights:  93%|#########3| 273/292 [00:01<00:00, 142.83it/s, Materializing param=gpt_neox.layers.22.input_layernorm.bias]            
Loading weights:  93%|#########3| 273/292 [00:01<00:00, 142.83it/s, Materializing param=gpt_neox.layers.22.input_layernorm.bias]
Loading weights:  94%|#########3| 274/292 [00:01<00:00, 142.83it/s, Materializing param=gpt_neox.layers.22.input_layernorm.weight]
Loading weights:  94%|#########3| 274/292 [00:01<00:00, 142.83it/s, Materializing param=gpt_neox.layers.22.input_layernorm.weight]
Loading weights:  94%|#########4| 275/292 [00:01<00:00, 142.83it/s, Materializing param=gpt_neox.layers.22.mlp.dense_4h_to_h.bias]
Loading weights:  94%|#########4| 275/292 [00:01<00:00, 142.83it/s, Materializing param=gpt_neox.layers.22.mlp.dense_4h_to_h.bias]
Loading weights:  95%|#########4| 276/292 [00:01<00:00, 142.83it/s, Materializing param=gpt_neox.layers.22.mlp.dense_4h_to_h.weight]
Loading weights:  95%|#########4| 276/292 [00:01<00:00, 142.83it/s, Materializing param=gpt_neox.layers.22.mlp.dense_4h_to_h.weight]
Loading weights:  95%|#########4| 277/292 [00:01<00:00, 142.83it/s, Materializing param=gpt_neox.layers.22.mlp.dense_h_to_4h.bias]  
Loading weights:  95%|#########4| 277/292 [00:01<00:00, 142.83it/s, Materializing param=gpt_neox.layers.22.mlp.dense_h_to_4h.bias]
Loading weights:  95%|#########5| 278/292 [00:01<00:00, 142.83it/s, Materializing param=gpt_neox.layers.22.mlp.dense_h_to_4h.weight]
Loading weights:  95%|#########5| 278/292 [00:01<00:00, 142.83it/s, Materializing param=gpt_neox.layers.22.mlp.dense_h_to_4h.weight]
Loading weights:  96%|#########5| 279/292 [00:01<00:00, 142.83it/s, Materializing param=gpt_neox.layers.22.post_attention_layernorm.bias]
Loading weights:  96%|#########5| 279/292 [00:01<00:00, 142.83it/s, Materializing param=gpt_neox.layers.22.post_attention_layernorm.bias]
Loading weights:  96%|#########5| 280/292 [00:01<00:00, 142.83it/s, Materializing param=gpt_neox.layers.22.post_attention_layernorm.weight]
Loading weights:  96%|#########5| 280/292 [00:01<00:00, 142.83it/s, Materializing param=gpt_neox.layers.22.post_attention_layernorm.weight]
Loading weights:  96%|#########6| 281/292 [00:01<00:00, 142.83it/s, Materializing param=gpt_neox.layers.23.attention.dense.bias]           
Loading weights:  96%|#########6| 281/292 [00:01<00:00, 142.83it/s, Materializing param=gpt_neox.layers.23.attention.dense.bias]
Loading weights:  97%|#########6| 282/292 [00:01<00:00, 142.83it/s, Materializing param=gpt_neox.layers.23.attention.dense.weight]
Loading weights:  97%|#########6| 282/292 [00:01<00:00, 142.83it/s, Materializing param=gpt_neox.layers.23.attention.dense.weight]
Loading weights:  97%|#########6| 283/292 [00:01<00:00, 142.83it/s, Materializing param=gpt_neox.layers.23.attention.query_key_value.bias]
Loading weights:  97%|#########6| 283/292 [00:01<00:00, 142.83it/s, Materializing param=gpt_neox.layers.23.attention.query_key_value.bias]
Loading weights:  97%|#########7| 284/292 [00:01<00:00, 142.83it/s, Materializing param=gpt_neox.layers.23.attention.query_key_value.weight]
Loading weights:  97%|#########7| 284/292 [00:01<00:00, 142.83it/s, Materializing param=gpt_neox.layers.23.attention.query_key_value.weight]
Loading weights:  98%|#########7| 285/292 [00:01<00:00, 142.83it/s, Materializing param=gpt_neox.layers.23.input_layernorm.bias]            
Loading weights:  98%|#########7| 285/292 [00:01<00:00, 142.83it/s, Materializing param=gpt_neox.layers.23.input_layernorm.bias]
Loading weights:  98%|#########7| 286/292 [00:01<00:00, 142.83it/s, Materializing param=gpt_neox.layers.23.input_layernorm.weight]
Loading weights:  98%|#########7| 286/292 [00:01<00:00, 142.83it/s, Materializing param=gpt_neox.layers.23.input_layernorm.weight]
Loading weights:  98%|#########8| 287/292 [00:01<00:00, 142.83it/s, Materializing param=gpt_neox.layers.23.mlp.dense_4h_to_h.bias]
Loading weights:  98%|#########8| 287/292 [00:01<00:00, 142.83it/s, Materializing param=gpt_neox.layers.23.mlp.dense_4h_to_h.bias]
Loading weights:  99%|#########8| 288/292 [00:01<00:00, 142.83it/s, Materializing param=gpt_neox.layers.23.mlp.dense_4h_to_h.weight]
Loading weights:  99%|#########8| 288/292 [00:01<00:00, 142.83it/s, Materializing param=gpt_neox.layers.23.mlp.dense_4h_to_h.weight]
Loading weights:  99%|#########8| 289/292 [00:01<00:00, 142.83it/s, Materializing param=gpt_neox.layers.23.mlp.dense_h_to_4h.bias]  
Loading weights:  99%|#########8| 289/292 [00:01<00:00, 142.83it/s, Materializing param=gpt_neox.layers.23.mlp.dense_h_to_4h.bias]
Loading weights:  99%|#########9| 290/292 [00:01<00:00, 142.83it/s, Materializing param=gpt_neox.layers.23.mlp.dense_h_to_4h.weight]
Loading weights:  99%|#########9| 290/292 [00:01<00:00, 142.83it/s, Materializing param=gpt_neox.layers.23.mlp.dense_h_to_4h.weight]
Loading weights: 100%|#########9| 291/292 [00:01<00:00, 142.83it/s, Materializing param=gpt_neox.layers.23.post_attention_layernorm.bias]
Loading weights: 100%|#########9| 291/292 [00:01<00:00, 142.83it/s, Materializing param=gpt_neox.layers.23.post_attention_layernorm.bias]
Loading weights: 100%|##########| 292/292 [00:01<00:00, 142.83it/s, Materializing param=gpt_neox.layers.23.post_attention_layernorm.weight]
Loading weights: 100%|##########| 292/292 [00:01<00:00, 142.83it/s, Materializing param=gpt_neox.layers.23.post_attention_layernorm.weight]
Loading weights: 100%|##########| 292/292 [00:01<00:00, 164.28it/s, Materializing param=gpt_neox.layers.23.post_attention_layernorm.weight]

Loading weights:   0%|          | 0/292 [00:00<?, ?it/s]
Loading weights:   0%|          | 1/292 [00:00<00:00, 24528.09it/s, Materializing param=embed_out.weight]
Loading weights:   0%|          | 1/292 [00:00<00:00, 8542.37it/s, Materializing param=embed_out.weight] 
Loading weights:   1%|          | 2/292 [00:00<00:07, 37.81it/s, Materializing param=gpt_neox.embed_in.weight]
Loading weights:   1%|          | 2/292 [00:00<00:07, 37.60it/s, Materializing param=gpt_neox.embed_in.weight]
Loading weights:   1%|1         | 3/292 [00:00<00:13, 21.43it/s, Materializing param=gpt_neox.embed_in.weight]
Loading weights:   1%|1         | 3/292 [00:00<00:13, 21.43it/s, Materializing param=gpt_neox.final_layer_norm.bias]
Loading weights:   1%|1         | 3/292 [00:00<00:13, 21.43it/s, Materializing param=gpt_neox.final_layer_norm.bias]
Loading weights:   1%|1         | 4/292 [00:00<00:13, 21.43it/s, Materializing param=gpt_neox.final_layer_norm.weight]
Loading weights:   1%|1         | 4/292 [00:00<00:13, 21.43it/s, Materializing param=gpt_neox.final_layer_norm.weight]
Loading weights:   2%|1         | 5/292 [00:00<00:13, 21.43it/s, Materializing param=gpt_neox.layers.0.attention.dense.bias]
Loading weights:   2%|1         | 5/292 [00:00<00:13, 21.43it/s, Materializing param=gpt_neox.layers.0.attention.dense.bias]
Loading weights:   2%|2         | 6/292 [00:00<00:13, 21.43it/s, Materializing param=gpt_neox.layers.0.attention.dense.weight]
Loading weights:   2%|2         | 6/292 [00:00<00:13, 21.43it/s, Materializing param=gpt_neox.layers.0.attention.dense.weight]
Loading weights:   2%|2         | 7/292 [00:00<00:13, 21.43it/s, Materializing param=gpt_neox.layers.0.attention.query_key_value.bias]
Loading weights:   2%|2         | 7/292 [00:00<00:13, 21.43it/s, Materializing param=gpt_neox.layers.0.attention.query_key_value.bias]
Loading weights:   3%|2         | 8/292 [00:00<00:13, 21.43it/s, Materializing param=gpt_neox.layers.0.attention.query_key_value.weight]
Loading weights:   3%|2         | 8/292 [00:00<00:13, 21.43it/s, Materializing param=gpt_neox.layers.0.attention.query_key_value.weight]
Loading weights:   3%|3         | 9/292 [00:00<00:13, 21.43it/s, Materializing param=gpt_neox.layers.0.input_layernorm.bias]            
Loading weights:   3%|3         | 9/292 [00:00<00:13, 21.43it/s, Materializing param=gpt_neox.layers.0.input_layernorm.bias]
Loading weights:   3%|3         | 10/292 [00:00<00:13, 21.43it/s, Materializing param=gpt_neox.layers.0.input_layernorm.weight]
Loading weights:   3%|3         | 10/292 [00:00<00:13, 21.43it/s, Materializing param=gpt_neox.layers.0.input_layernorm.weight]
Loading weights:   4%|3         | 11/292 [00:00<00:13, 21.43it/s, Materializing param=gpt_neox.layers.0.mlp.dense_4h_to_h.bias]
Loading weights:   4%|3         | 11/292 [00:00<00:13, 21.43it/s, Materializing param=gpt_neox.layers.0.mlp.dense_4h_to_h.bias]
Loading weights:   4%|4         | 12/292 [00:00<00:13, 21.43it/s, Materializing param=gpt_neox.layers.0.mlp.dense_4h_to_h.weight]
Loading weights:   4%|4         | 12/292 [00:00<00:13, 21.43it/s, Materializing param=gpt_neox.layers.0.mlp.dense_4h_to_h.weight]
Loading weights:   4%|4         | 13/292 [00:00<00:13, 21.43it/s, Materializing param=gpt_neox.layers.0.mlp.dense_h_to_4h.bias]  
Loading weights:   4%|4         | 13/292 [00:00<00:13, 21.43it/s, Materializing param=gpt_neox.layers.0.mlp.dense_h_to_4h.bias]
Loading weights:   5%|4         | 14/292 [00:00<00:12, 21.43it/s, Materializing param=gpt_neox.layers.0.mlp.dense_h_to_4h.weight]
Loading weights:   5%|4         | 14/292 [00:00<00:12, 21.43it/s, Materializing param=gpt_neox.layers.0.mlp.dense_h_to_4h.weight]
Loading weights:   5%|5         | 15/292 [00:00<00:12, 21.43it/s, Materializing param=gpt_neox.layers.0.post_attention_layernorm.bias]
Loading weights:   5%|5         | 15/292 [00:00<00:12, 21.43it/s, Materializing param=gpt_neox.layers.0.post_attention_layernorm.bias]
Loading weights:   5%|5         | 16/292 [00:00<00:12, 21.43it/s, Materializing param=gpt_neox.layers.0.post_attention_layernorm.weight]
Loading weights:   5%|5         | 16/292 [00:00<00:12, 21.43it/s, Materializing param=gpt_neox.layers.0.post_attention_layernorm.weight]
Loading weights:   6%|5         | 17/292 [00:00<00:12, 21.43it/s, Materializing param=gpt_neox.layers.1.attention.dense.bias]           
Loading weights:   6%|5         | 17/292 [00:00<00:12, 21.43it/s, Materializing param=gpt_neox.layers.1.attention.dense.bias]
Loading weights:   6%|6         | 18/292 [00:00<00:12, 21.43it/s, Materializing param=gpt_neox.layers.1.attention.dense.weight]
Loading weights:   6%|6         | 18/292 [00:00<00:12, 21.43it/s, Materializing param=gpt_neox.layers.1.attention.dense.weight]
Loading weights:   7%|6         | 19/292 [00:00<00:12, 21.43it/s, Materializing param=gpt_neox.layers.1.attention.query_key_value.bias]
Loading weights:   7%|6         | 19/292 [00:00<00:12, 21.43it/s, Materializing param=gpt_neox.layers.1.attention.query_key_value.bias]
Loading weights:   7%|6         | 20/292 [00:00<00:12, 21.43it/s, Materializing param=gpt_neox.layers.1.attention.query_key_value.weight]
Loading weights:   7%|6         | 20/292 [00:00<00:12, 21.43it/s, Materializing param=gpt_neox.layers.1.attention.query_key_value.weight]
Loading weights:   7%|7         | 21/292 [00:00<00:12, 21.43it/s, Materializing param=gpt_neox.layers.1.input_layernorm.bias]            
Loading weights:   7%|7         | 21/292 [00:00<00:12, 21.43it/s, Materializing param=gpt_neox.layers.1.input_layernorm.bias]
Loading weights:   8%|7         | 22/292 [00:00<00:12, 21.43it/s, Materializing param=gpt_neox.layers.1.input_layernorm.weight]
Loading weights:   8%|7         | 22/292 [00:00<00:12, 21.43it/s, Materializing param=gpt_neox.layers.1.input_layernorm.weight]
Loading weights:   8%|7         | 23/292 [00:00<00:12, 21.43it/s, Materializing param=gpt_neox.layers.1.mlp.dense_4h_to_h.bias]
Loading weights:   8%|7         | 23/292 [00:00<00:12, 21.43it/s, Materializing param=gpt_neox.layers.1.mlp.dense_4h_to_h.bias]
Loading weights:   8%|8         | 24/292 [00:00<00:12, 21.43it/s, Materializing param=gpt_neox.layers.1.mlp.dense_4h_to_h.weight]
Loading weights:   8%|8         | 24/292 [00:00<00:12, 21.43it/s, Materializing param=gpt_neox.layers.1.mlp.dense_4h_to_h.weight]
Loading weights:   9%|8         | 25/292 [00:00<00:12, 21.43it/s, Materializing param=gpt_neox.layers.1.mlp.dense_h_to_4h.bias]  
Loading weights:   9%|8         | 25/292 [00:00<00:12, 21.43it/s, Materializing param=gpt_neox.layers.1.mlp.dense_h_to_4h.bias]
Loading weights:   9%|8         | 26/292 [00:00<00:12, 21.43it/s, Materializing param=gpt_neox.layers.1.mlp.dense_h_to_4h.weight]
Loading weights:   9%|8         | 26/292 [00:00<00:12, 21.43it/s, Materializing param=gpt_neox.layers.1.mlp.dense_h_to_4h.weight]
Loading weights:   9%|9         | 27/292 [00:00<00:02, 121.66it/s, Materializing param=gpt_neox.layers.1.mlp.dense_h_to_4h.weight]
Loading weights:   9%|9         | 27/292 [00:00<00:02, 121.66it/s, Materializing param=gpt_neox.layers.1.post_attention_layernorm.bias]
Loading weights:   9%|9         | 27/292 [00:00<00:02, 121.66it/s, Materializing param=gpt_neox.layers.1.post_attention_layernorm.bias]
Loading weights:  10%|9         | 28/292 [00:00<00:02, 121.66it/s, Materializing param=gpt_neox.layers.1.post_attention_layernorm.weight]
Loading weights:  10%|9         | 28/292 [00:00<00:02, 121.66it/s, Materializing param=gpt_neox.layers.1.post_attention_layernorm.weight]
Loading weights:  10%|9         | 29/292 [00:00<00:02, 121.66it/s, Materializing param=gpt_neox.layers.2.attention.dense.bias]           
Loading weights:  10%|9         | 29/292 [00:00<00:02, 121.66it/s, Materializing param=gpt_neox.layers.2.attention.dense.bias]
Loading weights:  10%|#         | 30/292 [00:00<00:02, 121.66it/s, Materializing param=gpt_neox.layers.2.attention.dense.weight]
Loading weights:  10%|#         | 30/292 [00:00<00:02, 121.66it/s, Materializing param=gpt_neox.layers.2.attention.dense.weight]
Loading weights:  11%|#         | 31/292 [00:00<00:02, 121.66it/s, Materializing param=gpt_neox.layers.2.attention.query_key_value.bias]
Loading weights:  11%|#         | 31/292 [00:00<00:02, 121.66it/s, Materializing param=gpt_neox.layers.2.attention.query_key_value.bias]
Loading weights:  11%|#         | 32/292 [00:00<00:02, 121.66it/s, Materializing param=gpt_neox.layers.2.attention.query_key_value.weight]
Loading weights:  11%|#         | 32/292 [00:00<00:02, 121.66it/s, Materializing param=gpt_neox.layers.2.attention.query_key_value.weight]
Loading weights:  11%|#1        | 33/292 [00:00<00:02, 121.66it/s, Materializing param=gpt_neox.layers.2.input_layernorm.bias]            
Loading weights:  11%|#1        | 33/292 [00:00<00:02, 121.66it/s, Materializing param=gpt_neox.layers.2.input_layernorm.bias]
Loading weights:  12%|#1        | 34/292 [00:00<00:02, 121.66it/s, Materializing param=gpt_neox.layers.2.input_layernorm.weight]
Loading weights:  12%|#1        | 34/292 [00:00<00:02, 121.66it/s, Materializing param=gpt_neox.layers.2.input_layernorm.weight]
Loading weights:  12%|#1        | 35/292 [00:00<00:02, 121.66it/s, Materializing param=gpt_neox.layers.2.mlp.dense_4h_to_h.bias]
Loading weights:  12%|#1        | 35/292 [00:00<00:02, 121.66it/s, Materializing param=gpt_neox.layers.2.mlp.dense_4h_to_h.bias]
Loading weights:  12%|#2        | 36/292 [00:00<00:02, 121.66it/s, Materializing param=gpt_neox.layers.2.mlp.dense_4h_to_h.weight]
Loading weights:  12%|#2        | 36/292 [00:00<00:02, 121.66it/s, Materializing param=gpt_neox.layers.2.mlp.dense_4h_to_h.weight]
Loading weights:  13%|#2        | 37/292 [00:00<00:02, 121.66it/s, Materializing param=gpt_neox.layers.2.mlp.dense_h_to_4h.bias]  
Loading weights:  13%|#2        | 37/292 [00:00<00:02, 121.66it/s, Materializing param=gpt_neox.layers.2.mlp.dense_h_to_4h.bias]
Loading weights:  13%|#3        | 38/292 [00:00<00:02, 121.66it/s, Materializing param=gpt_neox.layers.2.mlp.dense_h_to_4h.weight]
Loading weights:  13%|#3        | 38/292 [00:00<00:02, 121.66it/s, Materializing param=gpt_neox.layers.2.mlp.dense_h_to_4h.weight]
Loading weights:  13%|#3        | 39/292 [00:00<00:02, 121.66it/s, Materializing param=gpt_neox.layers.2.post_attention_layernorm.bias]
Loading weights:  13%|#3        | 39/292 [00:00<00:02, 121.66it/s, Materializing param=gpt_neox.layers.2.post_attention_layernorm.bias]
Loading weights:  14%|#3        | 40/292 [00:00<00:02, 121.66it/s, Materializing param=gpt_neox.layers.2.post_attention_layernorm.weight]
Loading weights:  14%|#3        | 40/292 [00:00<00:02, 121.66it/s, Materializing param=gpt_neox.layers.2.post_attention_layernorm.weight]
Loading weights:  14%|#4        | 41/292 [00:00<00:02, 121.66it/s, Materializing param=gpt_neox.layers.3.attention.dense.bias]           
Loading weights:  14%|#4        | 41/292 [00:00<00:02, 121.66it/s, Materializing param=gpt_neox.layers.3.attention.dense.bias]
Loading weights:  14%|#4        | 42/292 [00:00<00:02, 121.66it/s, Materializing param=gpt_neox.layers.3.attention.dense.weight]
Loading weights:  14%|#4        | 42/292 [00:00<00:02, 121.66it/s, Materializing param=gpt_neox.layers.3.attention.dense.weight]
Loading weights:  15%|#4        | 43/292 [00:00<00:02, 121.66it/s, Materializing param=gpt_neox.layers.3.attention.query_key_value.bias]
Loading weights:  15%|#4        | 43/292 [00:00<00:02, 121.66it/s, Materializing param=gpt_neox.layers.3.attention.query_key_value.bias]
Loading weights:  15%|#5        | 44/292 [00:00<00:02, 121.66it/s, Materializing param=gpt_neox.layers.3.attention.query_key_value.weight]
Loading weights:  15%|#5        | 44/292 [00:00<00:02, 121.66it/s, Materializing param=gpt_neox.layers.3.attention.query_key_value.weight]
Loading weights:  15%|#5        | 45/292 [00:00<00:02, 121.66it/s, Materializing param=gpt_neox.layers.3.input_layernorm.bias]            
Loading weights:  15%|#5        | 45/292 [00:00<00:02, 121.66it/s, Materializing param=gpt_neox.layers.3.input_layernorm.bias]
Loading weights:  16%|#5        | 46/292 [00:00<00:02, 121.66it/s, Materializing param=gpt_neox.layers.3.input_layernorm.weight]
Loading weights:  16%|#5        | 46/292 [00:00<00:02, 121.66it/s, Materializing param=gpt_neox.layers.3.input_layernorm.weight]
Loading weights:  16%|#6        | 47/292 [00:00<00:02, 121.66it/s, Materializing param=gpt_neox.layers.3.mlp.dense_4h_to_h.bias]
Loading weights:  16%|#6        | 47/292 [00:00<00:02, 121.66it/s, Materializing param=gpt_neox.layers.3.mlp.dense_4h_to_h.bias]
Loading weights:  16%|#6        | 48/292 [00:00<00:02, 121.66it/s, Materializing param=gpt_neox.layers.3.mlp.dense_4h_to_h.weight]
Loading weights:  16%|#6        | 48/292 [00:00<00:02, 121.66it/s, Materializing param=gpt_neox.layers.3.mlp.dense_4h_to_h.weight]
Loading weights:  17%|#6        | 49/292 [00:00<00:01, 159.19it/s, Materializing param=gpt_neox.layers.3.mlp.dense_4h_to_h.weight]
Loading weights:  17%|#6        | 49/292 [00:00<00:01, 159.19it/s, Materializing param=gpt_neox.layers.3.mlp.dense_h_to_4h.bias]  
Loading weights:  17%|#6        | 49/292 [00:00<00:01, 159.19it/s, Materializing param=gpt_neox.layers.3.mlp.dense_h_to_4h.bias]
Loading weights:  17%|#7        | 50/292 [00:00<00:01, 159.19it/s, Materializing param=gpt_neox.layers.3.mlp.dense_h_to_4h.weight]
Loading weights:  17%|#7        | 50/292 [00:00<00:01, 159.19it/s, Materializing param=gpt_neox.layers.3.mlp.dense_h_to_4h.weight]
Loading weights:  17%|#7        | 51/292 [00:00<00:01, 159.19it/s, Materializing param=gpt_neox.layers.3.post_attention_layernorm.bias]
Loading weights:  17%|#7        | 51/292 [00:00<00:01, 159.19it/s, Materializing param=gpt_neox.layers.3.post_attention_layernorm.bias]
Loading weights:  18%|#7        | 52/292 [00:00<00:01, 159.19it/s, Materializing param=gpt_neox.layers.3.post_attention_layernorm.weight]
Loading weights:  18%|#7        | 52/292 [00:00<00:01, 159.19it/s, Materializing param=gpt_neox.layers.3.post_attention_layernorm.weight]
Loading weights:  18%|#8        | 53/292 [00:00<00:01, 159.19it/s, Materializing param=gpt_neox.layers.4.attention.dense.bias]           
Loading weights:  18%|#8        | 53/292 [00:00<00:01, 159.19it/s, Materializing param=gpt_neox.layers.4.attention.dense.bias]
Loading weights:  18%|#8        | 54/292 [00:00<00:01, 159.19it/s, Materializing param=gpt_neox.layers.4.attention.dense.weight]
Loading weights:  18%|#8        | 54/292 [00:00<00:01, 159.19it/s, Materializing param=gpt_neox.layers.4.attention.dense.weight]
Loading weights:  19%|#8        | 55/292 [00:00<00:01, 159.19it/s, Materializing param=gpt_neox.layers.4.attention.query_key_value.bias]
Loading weights:  19%|#8        | 55/292 [00:00<00:01, 159.19it/s, Materializing param=gpt_neox.layers.4.attention.query_key_value.bias]
Loading weights:  19%|#9        | 56/292 [00:00<00:01, 159.19it/s, Materializing param=gpt_neox.layers.4.attention.query_key_value.weight]
Loading weights:  19%|#9        | 56/292 [00:00<00:01, 159.19it/s, Materializing param=gpt_neox.layers.4.attention.query_key_value.weight]
Loading weights:  20%|#9        | 57/292 [00:00<00:01, 159.19it/s, Materializing param=gpt_neox.layers.4.input_layernorm.bias]            
Loading weights:  20%|#9        | 57/292 [00:00<00:01, 159.19it/s, Materializing param=gpt_neox.layers.4.input_layernorm.bias]
Loading weights:  20%|#9        | 58/292 [00:00<00:01, 159.19it/s, Materializing param=gpt_neox.layers.4.input_layernorm.weight]
Loading weights:  20%|#9        | 58/292 [00:00<00:01, 159.19it/s, Materializing param=gpt_neox.layers.4.input_layernorm.weight]
Loading weights:  20%|##        | 59/292 [00:00<00:01, 159.19it/s, Materializing param=gpt_neox.layers.4.mlp.dense_4h_to_h.bias]
Loading weights:  20%|##        | 59/292 [00:00<00:01, 159.19it/s, Materializing param=gpt_neox.layers.4.mlp.dense_4h_to_h.bias]
Loading weights:  21%|##        | 60/292 [00:00<00:01, 159.19it/s, Materializing param=gpt_neox.layers.4.mlp.dense_4h_to_h.weight]
Loading weights:  21%|##        | 60/292 [00:00<00:01, 159.19it/s, Materializing param=gpt_neox.layers.4.mlp.dense_4h_to_h.weight]
Loading weights:  21%|##        | 61/292 [00:00<00:01, 159.19it/s, Materializing param=gpt_neox.layers.4.mlp.dense_h_to_4h.bias]  
Loading weights:  21%|##        | 61/292 [00:00<00:01, 159.19it/s, Materializing param=gpt_neox.layers.4.mlp.dense_h_to_4h.bias]
Loading weights:  21%|##1       | 62/292 [00:00<00:01, 159.19it/s, Materializing param=gpt_neox.layers.4.mlp.dense_h_to_4h.weight]
Loading weights:  21%|##1       | 62/292 [00:00<00:01, 159.19it/s, Materializing param=gpt_neox.layers.4.mlp.dense_h_to_4h.weight]
Loading weights:  22%|##1       | 63/292 [00:00<00:01, 159.19it/s, Materializing param=gpt_neox.layers.4.post_attention_layernorm.bias]
Loading weights:  22%|##1       | 63/292 [00:00<00:01, 159.19it/s, Materializing param=gpt_neox.layers.4.post_attention_layernorm.bias]
Loading weights:  22%|##1       | 64/292 [00:00<00:01, 159.19it/s, Materializing param=gpt_neox.layers.4.post_attention_layernorm.weight]
Loading weights:  22%|##1       | 64/292 [00:00<00:01, 159.19it/s, Materializing param=gpt_neox.layers.4.post_attention_layernorm.weight]
Loading weights:  22%|##2       | 65/292 [00:00<00:01, 159.19it/s, Materializing param=gpt_neox.layers.5.attention.dense.bias]           
Loading weights:  22%|##2       | 65/292 [00:00<00:01, 159.19it/s, Materializing param=gpt_neox.layers.5.attention.dense.bias]
Loading weights:  23%|##2       | 66/292 [00:00<00:01, 159.19it/s, Materializing param=gpt_neox.layers.5.attention.dense.weight]
Loading weights:  23%|##2       | 66/292 [00:00<00:01, 159.19it/s, Materializing param=gpt_neox.layers.5.attention.dense.weight]
Loading weights:  23%|##2       | 67/292 [00:00<00:01, 159.19it/s, Materializing param=gpt_neox.layers.5.attention.query_key_value.bias]
Loading weights:  23%|##2       | 67/292 [00:00<00:01, 159.19it/s, Materializing param=gpt_neox.layers.5.attention.query_key_value.bias]
Loading weights:  23%|##3       | 68/292 [00:00<00:01, 159.19it/s, Materializing param=gpt_neox.layers.5.attention.query_key_value.weight]
Loading weights:  23%|##3       | 68/292 [00:00<00:01, 159.19it/s, Materializing param=gpt_neox.layers.5.attention.query_key_value.weight]
Loading weights:  24%|##3       | 69/292 [00:00<00:01, 159.19it/s, Materializing param=gpt_neox.layers.5.input_layernorm.bias]            
Loading weights:  24%|##3       | 69/292 [00:00<00:01, 159.19it/s, Materializing param=gpt_neox.layers.5.input_layernorm.bias]
Loading weights:  24%|##3       | 70/292 [00:00<00:01, 159.19it/s, Materializing param=gpt_neox.layers.5.input_layernorm.weight]
Loading weights:  24%|##3       | 70/292 [00:00<00:01, 159.19it/s, Materializing param=gpt_neox.layers.5.input_layernorm.weight]
Loading weights:  24%|##4       | 71/292 [00:00<00:01, 159.19it/s, Materializing param=gpt_neox.layers.5.mlp.dense_4h_to_h.bias]
Loading weights:  24%|##4       | 71/292 [00:00<00:01, 159.19it/s, Materializing param=gpt_neox.layers.5.mlp.dense_4h_to_h.bias]
Loading weights:  25%|##4       | 72/292 [00:00<00:01, 159.19it/s, Materializing param=gpt_neox.layers.5.mlp.dense_4h_to_h.weight]
Loading weights:  25%|##4       | 72/292 [00:00<00:01, 159.19it/s, Materializing param=gpt_neox.layers.5.mlp.dense_4h_to_h.weight]
Loading weights:  25%|##5       | 73/292 [00:00<00:01, 183.89it/s, Materializing param=gpt_neox.layers.5.mlp.dense_4h_to_h.weight]
Loading weights:  25%|##5       | 73/292 [00:00<00:01, 183.89it/s, Materializing param=gpt_neox.layers.5.mlp.dense_h_to_4h.bias]  
Loading weights:  25%|##5       | 73/292 [00:00<00:01, 183.89it/s, Materializing param=gpt_neox.layers.5.mlp.dense_h_to_4h.bias]
Loading weights:  25%|##5       | 74/292 [00:00<00:01, 183.89it/s, Materializing param=gpt_neox.layers.5.mlp.dense_h_to_4h.weight]
Loading weights:  25%|##5       | 74/292 [00:00<00:01, 183.89it/s, Materializing param=gpt_neox.layers.5.mlp.dense_h_to_4h.weight]
Loading weights:  26%|##5       | 75/292 [00:00<00:01, 183.89it/s, Materializing param=gpt_neox.layers.5.post_attention_layernorm.bias]
Loading weights:  26%|##5       | 75/292 [00:00<00:01, 183.89it/s, Materializing param=gpt_neox.layers.5.post_attention_layernorm.bias]
Loading weights:  26%|##6       | 76/292 [00:00<00:01, 183.89it/s, Materializing param=gpt_neox.layers.5.post_attention_layernorm.weight]
Loading weights:  26%|##6       | 76/292 [00:00<00:01, 183.89it/s, Materializing param=gpt_neox.layers.5.post_attention_layernorm.weight]
Loading weights:  26%|##6       | 77/292 [00:00<00:01, 183.89it/s, Materializing param=gpt_neox.layers.6.attention.dense.bias]           
Loading weights:  26%|##6       | 77/292 [00:00<00:01, 183.89it/s, Materializing param=gpt_neox.layers.6.attention.dense.bias]
Loading weights:  27%|##6       | 78/292 [00:00<00:01, 183.89it/s, Materializing param=gpt_neox.layers.6.attention.dense.weight]
Loading weights:  27%|##6       | 78/292 [00:00<00:01, 183.89it/s, Materializing param=gpt_neox.layers.6.attention.dense.weight]
Loading weights:  27%|##7       | 79/292 [00:00<00:01, 183.89it/s, Materializing param=gpt_neox.layers.6.attention.query_key_value.bias]
Loading weights:  27%|##7       | 79/292 [00:00<00:01, 183.89it/s, Materializing param=gpt_neox.layers.6.attention.query_key_value.bias]
Loading weights:  27%|##7       | 80/292 [00:00<00:01, 183.89it/s, Materializing param=gpt_neox.layers.6.attention.query_key_value.weight]
Loading weights:  27%|##7       | 80/292 [00:00<00:01, 183.89it/s, Materializing param=gpt_neox.layers.6.attention.query_key_value.weight]
Loading weights:  28%|##7       | 81/292 [00:00<00:01, 183.89it/s, Materializing param=gpt_neox.layers.6.input_layernorm.bias]            
Loading weights:  28%|##7       | 81/292 [00:00<00:01, 183.89it/s, Materializing param=gpt_neox.layers.6.input_layernorm.bias]
Loading weights:  28%|##8       | 82/292 [00:00<00:01, 183.89it/s, Materializing param=gpt_neox.layers.6.input_layernorm.weight]
Loading weights:  28%|##8       | 82/292 [00:00<00:01, 183.89it/s, Materializing param=gpt_neox.layers.6.input_layernorm.weight]
Loading weights:  28%|##8       | 83/292 [00:00<00:01, 183.89it/s, Materializing param=gpt_neox.layers.6.mlp.dense_4h_to_h.bias]
Loading weights:  28%|##8       | 83/292 [00:00<00:01, 183.89it/s, Materializing param=gpt_neox.layers.6.mlp.dense_4h_to_h.bias]
Loading weights:  29%|##8       | 84/292 [00:00<00:01, 183.89it/s, Materializing param=gpt_neox.layers.6.mlp.dense_4h_to_h.weight]
Loading weights:  29%|##8       | 84/292 [00:00<00:01, 183.89it/s, Materializing param=gpt_neox.layers.6.mlp.dense_4h_to_h.weight]
Loading weights:  29%|##9       | 85/292 [00:00<00:01, 183.89it/s, Materializing param=gpt_neox.layers.6.mlp.dense_h_to_4h.bias]  
Loading weights:  29%|##9       | 85/292 [00:00<00:01, 183.89it/s, Materializing param=gpt_neox.layers.6.mlp.dense_h_to_4h.bias]
Loading weights:  29%|##9       | 86/292 [00:00<00:01, 183.89it/s, Materializing param=gpt_neox.layers.6.mlp.dense_h_to_4h.weight]
Loading weights:  29%|##9       | 86/292 [00:00<00:01, 183.89it/s, Materializing param=gpt_neox.layers.6.mlp.dense_h_to_4h.weight]
Loading weights:  30%|##9       | 87/292 [00:00<00:01, 183.89it/s, Materializing param=gpt_neox.layers.6.post_attention_layernorm.bias]
Loading weights:  30%|##9       | 87/292 [00:00<00:01, 183.89it/s, Materializing param=gpt_neox.layers.6.post_attention_layernorm.bias]
Loading weights:  30%|###       | 88/292 [00:00<00:01, 183.89it/s, Materializing param=gpt_neox.layers.6.post_attention_layernorm.weight]
Loading weights:  30%|###       | 88/292 [00:00<00:01, 183.89it/s, Materializing param=gpt_neox.layers.6.post_attention_layernorm.weight]
Loading weights:  30%|###       | 89/292 [00:00<00:01, 183.89it/s, Materializing param=gpt_neox.layers.7.attention.dense.bias]           
Loading weights:  30%|###       | 89/292 [00:00<00:01, 183.89it/s, Materializing param=gpt_neox.layers.7.attention.dense.bias]
Loading weights:  31%|###       | 90/292 [00:00<00:01, 183.89it/s, Materializing param=gpt_neox.layers.7.attention.dense.weight]
Loading weights:  31%|###       | 90/292 [00:00<00:01, 183.89it/s, Materializing param=gpt_neox.layers.7.attention.dense.weight]
Loading weights:  31%|###1      | 91/292 [00:00<00:01, 183.89it/s, Materializing param=gpt_neox.layers.7.attention.query_key_value.bias]
Loading weights:  31%|###1      | 91/292 [00:00<00:01, 183.89it/s, Materializing param=gpt_neox.layers.7.attention.query_key_value.bias]
Loading weights:  32%|###1      | 92/292 [00:00<00:01, 183.89it/s, Materializing param=gpt_neox.layers.7.attention.query_key_value.weight]
Loading weights:  32%|###1      | 92/292 [00:00<00:01, 183.89it/s, Materializing param=gpt_neox.layers.7.attention.query_key_value.weight]
Loading weights:  32%|###1      | 93/292 [00:00<00:01, 175.62it/s, Materializing param=gpt_neox.layers.7.attention.query_key_value.weight]
Loading weights:  32%|###1      | 93/292 [00:00<00:01, 175.62it/s, Materializing param=gpt_neox.layers.7.input_layernorm.bias]            
Loading weights:  32%|###1      | 93/292 [00:00<00:01, 175.62it/s, Materializing param=gpt_neox.layers.7.input_layernorm.bias]
Loading weights:  32%|###2      | 94/292 [00:00<00:01, 175.62it/s, Materializing param=gpt_neox.layers.7.input_layernorm.weight]
Loading weights:  32%|###2      | 94/292 [00:00<00:01, 175.62it/s, Materializing param=gpt_neox.layers.7.input_layernorm.weight]
Loading weights:  33%|###2      | 95/292 [00:00<00:01, 175.62it/s, Materializing param=gpt_neox.layers.7.mlp.dense_4h_to_h.bias]
Loading weights:  33%|###2      | 95/292 [00:00<00:01, 175.62it/s, Materializing param=gpt_neox.layers.7.mlp.dense_4h_to_h.bias]
Loading weights:  33%|###2      | 96/292 [00:00<00:01, 175.62it/s, Materializing param=gpt_neox.layers.7.mlp.dense_4h_to_h.weight]
Loading weights:  33%|###2      | 96/292 [00:00<00:01, 175.62it/s, Materializing param=gpt_neox.layers.7.mlp.dense_4h_to_h.weight]
Loading weights:  33%|###3      | 97/292 [00:00<00:01, 175.62it/s, Materializing param=gpt_neox.layers.7.mlp.dense_h_to_4h.bias]  
Loading weights:  33%|###3      | 97/292 [00:00<00:01, 175.62it/s, Materializing param=gpt_neox.layers.7.mlp.dense_h_to_4h.bias]
Loading weights:  34%|###3      | 98/292 [00:00<00:01, 175.62it/s, Materializing param=gpt_neox.layers.7.mlp.dense_h_to_4h.weight]
Loading weights:  34%|###3      | 98/292 [00:00<00:01, 175.62it/s, Materializing param=gpt_neox.layers.7.mlp.dense_h_to_4h.weight]
Loading weights:  34%|###3      | 99/292 [00:00<00:01, 175.62it/s, Materializing param=gpt_neox.layers.7.post_attention_layernorm.bias]
Loading weights:  34%|###3      | 99/292 [00:00<00:01, 175.62it/s, Materializing param=gpt_neox.layers.7.post_attention_layernorm.bias]
Loading weights:  34%|###4      | 100/292 [00:00<00:01, 175.62it/s, Materializing param=gpt_neox.layers.7.post_attention_layernorm.weight]
Loading weights:  34%|###4      | 100/292 [00:00<00:01, 175.62it/s, Materializing param=gpt_neox.layers.7.post_attention_layernorm.weight]
Loading weights:  35%|###4      | 101/292 [00:00<00:01, 175.62it/s, Materializing param=gpt_neox.layers.8.attention.dense.bias]           
Loading weights:  35%|###4      | 101/292 [00:00<00:01, 175.62it/s, Materializing param=gpt_neox.layers.8.attention.dense.bias]
Loading weights:  35%|###4      | 102/292 [00:00<00:01, 175.62it/s, Materializing param=gpt_neox.layers.8.attention.dense.weight]
Loading weights:  35%|###4      | 102/292 [00:00<00:01, 175.62it/s, Materializing param=gpt_neox.layers.8.attention.dense.weight]
Loading weights:  35%|###5      | 103/292 [00:00<00:01, 175.62it/s, Materializing param=gpt_neox.layers.8.attention.query_key_value.bias]
Loading weights:  35%|###5      | 103/292 [00:00<00:01, 175.62it/s, Materializing param=gpt_neox.layers.8.attention.query_key_value.bias]
Loading weights:  36%|###5      | 104/292 [00:00<00:01, 175.62it/s, Materializing param=gpt_neox.layers.8.attention.query_key_value.weight]
Loading weights:  36%|###5      | 104/292 [00:00<00:01, 175.62it/s, Materializing param=gpt_neox.layers.8.attention.query_key_value.weight]
Loading weights:  36%|###5      | 105/292 [00:00<00:01, 175.62it/s, Materializing param=gpt_neox.layers.8.input_layernorm.bias]            
Loading weights:  36%|###5      | 105/292 [00:00<00:01, 175.62it/s, Materializing param=gpt_neox.layers.8.input_layernorm.bias]
Loading weights:  36%|###6      | 106/292 [00:00<00:01, 175.62it/s, Materializing param=gpt_neox.layers.8.input_layernorm.weight]
Loading weights:  36%|###6      | 106/292 [00:00<00:01, 175.62it/s, Materializing param=gpt_neox.layers.8.input_layernorm.weight]
Loading weights:  37%|###6      | 107/292 [00:00<00:01, 175.62it/s, Materializing param=gpt_neox.layers.8.mlp.dense_4h_to_h.bias]
Loading weights:  37%|###6      | 107/292 [00:00<00:01, 175.62it/s, Materializing param=gpt_neox.layers.8.mlp.dense_4h_to_h.bias]
Loading weights:  37%|###6      | 108/292 [00:00<00:01, 175.62it/s, Materializing param=gpt_neox.layers.8.mlp.dense_4h_to_h.weight]
Loading weights:  37%|###6      | 108/292 [00:00<00:01, 175.62it/s, Materializing param=gpt_neox.layers.8.mlp.dense_4h_to_h.weight]
Loading weights:  37%|###7      | 109/292 [00:00<00:01, 175.62it/s, Materializing param=gpt_neox.layers.8.mlp.dense_h_to_4h.bias]  
Loading weights:  37%|###7      | 109/292 [00:00<00:01, 175.62it/s, Materializing param=gpt_neox.layers.8.mlp.dense_h_to_4h.bias]
Loading weights:  38%|###7      | 110/292 [00:00<00:01, 175.62it/s, Materializing param=gpt_neox.layers.8.mlp.dense_h_to_4h.weight]
Loading weights:  38%|###7      | 110/292 [00:00<00:01, 175.62it/s, Materializing param=gpt_neox.layers.8.mlp.dense_h_to_4h.weight]
Loading weights:  38%|###8      | 111/292 [00:00<00:01, 175.62it/s, Materializing param=gpt_neox.layers.8.post_attention_layernorm.bias]
Loading weights:  38%|###8      | 111/292 [00:00<00:01, 175.62it/s, Materializing param=gpt_neox.layers.8.post_attention_layernorm.bias]
Loading weights:  38%|###8      | 112/292 [00:00<00:01, 175.62it/s, Materializing param=gpt_neox.layers.8.post_attention_layernorm.weight]
Loading weights:  38%|###8      | 112/292 [00:00<00:01, 175.62it/s, Materializing param=gpt_neox.layers.8.post_attention_layernorm.weight]
Loading weights:  39%|###8      | 113/292 [00:00<00:01, 175.62it/s, Materializing param=gpt_neox.layers.9.attention.dense.bias]           
Loading weights:  39%|###8      | 113/292 [00:00<00:01, 175.62it/s, Materializing param=gpt_neox.layers.9.attention.dense.bias]
Loading weights:  39%|###9      | 114/292 [00:00<00:01, 175.62it/s, Materializing param=gpt_neox.layers.9.attention.dense.weight]
Loading weights:  39%|###9      | 114/292 [00:00<00:01, 175.62it/s, Materializing param=gpt_neox.layers.9.attention.dense.weight]
Loading weights:  39%|###9      | 115/292 [00:00<00:00, 181.04it/s, Materializing param=gpt_neox.layers.9.attention.dense.weight]
Loading weights:  39%|###9      | 115/292 [00:00<00:00, 181.04it/s, Materializing param=gpt_neox.layers.9.attention.query_key_value.bias]
Loading weights:  39%|###9      | 115/292 [00:00<00:00, 181.04it/s, Materializing param=gpt_neox.layers.9.attention.query_key_value.bias]
Loading weights:  40%|###9      | 116/292 [00:00<00:00, 181.04it/s, Materializing param=gpt_neox.layers.9.attention.query_key_value.weight]
Loading weights:  40%|###9      | 116/292 [00:00<00:00, 181.04it/s, Materializing param=gpt_neox.layers.9.attention.query_key_value.weight]
Loading weights:  40%|####      | 117/292 [00:00<00:00, 181.04it/s, Materializing param=gpt_neox.layers.9.input_layernorm.bias]            
Loading weights:  40%|####      | 117/292 [00:00<00:00, 181.04it/s, Materializing param=gpt_neox.layers.9.input_layernorm.bias]
Loading weights:  40%|####      | 118/292 [00:00<00:00, 181.04it/s, Materializing param=gpt_neox.layers.9.input_layernorm.weight]
Loading weights:  40%|####      | 118/292 [00:00<00:00, 181.04it/s, Materializing param=gpt_neox.layers.9.input_layernorm.weight]
Loading weights:  41%|####      | 119/292 [00:00<00:00, 181.04it/s, Materializing param=gpt_neox.layers.9.mlp.dense_4h_to_h.bias]
Loading weights:  41%|####      | 119/292 [00:00<00:00, 181.04it/s, Materializing param=gpt_neox.layers.9.mlp.dense_4h_to_h.bias]
Loading weights:  41%|####1     | 120/292 [00:00<00:00, 181.04it/s, Materializing param=gpt_neox.layers.9.mlp.dense_4h_to_h.weight]
Loading weights:  41%|####1     | 120/292 [00:00<00:00, 181.04it/s, Materializing param=gpt_neox.layers.9.mlp.dense_4h_to_h.weight]
Loading weights:  41%|####1     | 121/292 [00:00<00:00, 181.04it/s, Materializing param=gpt_neox.layers.9.mlp.dense_h_to_4h.bias]  
Loading weights:  41%|####1     | 121/292 [00:00<00:00, 181.04it/s, Materializing param=gpt_neox.layers.9.mlp.dense_h_to_4h.bias]
Loading weights:  42%|####1     | 122/292 [00:00<00:00, 181.04it/s, Materializing param=gpt_neox.layers.9.mlp.dense_h_to_4h.weight]
Loading weights:  42%|####1     | 122/292 [00:00<00:00, 181.04it/s, Materializing param=gpt_neox.layers.9.mlp.dense_h_to_4h.weight]
Loading weights:  42%|####2     | 123/292 [00:00<00:00, 181.04it/s, Materializing param=gpt_neox.layers.9.post_attention_layernorm.bias]
Loading weights:  42%|####2     | 123/292 [00:00<00:00, 181.04it/s, Materializing param=gpt_neox.layers.9.post_attention_layernorm.bias]
Loading weights:  42%|####2     | 124/292 [00:00<00:00, 181.04it/s, Materializing param=gpt_neox.layers.9.post_attention_layernorm.weight]
Loading weights:  42%|####2     | 124/292 [00:00<00:00, 181.04it/s, Materializing param=gpt_neox.layers.9.post_attention_layernorm.weight]
Loading weights:  43%|####2     | 125/292 [00:00<00:00, 181.04it/s, Materializing param=gpt_neox.layers.10.attention.dense.bias]          
Loading weights:  43%|####2     | 125/292 [00:00<00:00, 181.04it/s, Materializing param=gpt_neox.layers.10.attention.dense.bias]
Loading weights:  43%|####3     | 126/292 [00:00<00:00, 181.04it/s, Materializing param=gpt_neox.layers.10.attention.dense.weight]
Loading weights:  43%|####3     | 126/292 [00:00<00:00, 181.04it/s, Materializing param=gpt_neox.layers.10.attention.dense.weight]
Loading weights:  43%|####3     | 127/292 [00:00<00:00, 181.04it/s, Materializing param=gpt_neox.layers.10.attention.query_key_value.bias]
Loading weights:  43%|####3     | 127/292 [00:00<00:00, 181.04it/s, Materializing param=gpt_neox.layers.10.attention.query_key_value.bias]
Loading weights:  44%|####3     | 128/292 [00:00<00:00, 181.04it/s, Materializing param=gpt_neox.layers.10.attention.query_key_value.weight]
Loading weights:  44%|####3     | 128/292 [00:00<00:00, 181.04it/s, Materializing param=gpt_neox.layers.10.attention.query_key_value.weight]
Loading weights:  44%|####4     | 129/292 [00:00<00:00, 181.04it/s, Materializing param=gpt_neox.layers.10.input_layernorm.bias]            
Loading weights:  44%|####4     | 129/292 [00:00<00:00, 181.04it/s, Materializing param=gpt_neox.layers.10.input_layernorm.bias]
Loading weights:  45%|####4     | 130/292 [00:00<00:00, 181.04it/s, Materializing param=gpt_neox.layers.10.input_layernorm.weight]
Loading weights:  45%|####4     | 130/292 [00:00<00:00, 181.04it/s, Materializing param=gpt_neox.layers.10.input_layernorm.weight]
Loading weights:  45%|####4     | 131/292 [00:00<00:00, 181.04it/s, Materializing param=gpt_neox.layers.10.mlp.dense_4h_to_h.bias]
Loading weights:  45%|####4     | 131/292 [00:00<00:00, 181.04it/s, Materializing param=gpt_neox.layers.10.mlp.dense_4h_to_h.bias]
Loading weights:  45%|####5     | 132/292 [00:00<00:00, 181.04it/s, Materializing param=gpt_neox.layers.10.mlp.dense_4h_to_h.weight]
Loading weights:  45%|####5     | 132/292 [00:00<00:00, 181.04it/s, Materializing param=gpt_neox.layers.10.mlp.dense_4h_to_h.weight]
Loading weights:  46%|####5     | 133/292 [00:00<00:00, 181.04it/s, Materializing param=gpt_neox.layers.10.mlp.dense_h_to_4h.bias]  
Loading weights:  46%|####5     | 133/292 [00:00<00:00, 181.04it/s, Materializing param=gpt_neox.layers.10.mlp.dense_h_to_4h.bias]
Loading weights:  46%|####5     | 134/292 [00:00<00:00, 181.04it/s, Materializing param=gpt_neox.layers.10.mlp.dense_h_to_4h.weight]
Loading weights:  46%|####5     | 134/292 [00:00<00:00, 181.04it/s, Materializing param=gpt_neox.layers.10.mlp.dense_h_to_4h.weight]
Loading weights:  46%|####6     | 135/292 [00:00<00:00, 182.97it/s, Materializing param=gpt_neox.layers.10.mlp.dense_h_to_4h.weight]
Loading weights:  46%|####6     | 135/292 [00:00<00:00, 182.97it/s, Materializing param=gpt_neox.layers.10.post_attention_layernorm.bias]
Loading weights:  46%|####6     | 135/292 [00:00<00:00, 182.97it/s, Materializing param=gpt_neox.layers.10.post_attention_layernorm.bias]
Loading weights:  47%|####6     | 136/292 [00:00<00:00, 182.97it/s, Materializing param=gpt_neox.layers.10.post_attention_layernorm.weight]
Loading weights:  47%|####6     | 136/292 [00:00<00:00, 182.97it/s, Materializing param=gpt_neox.layers.10.post_attention_layernorm.weight]
Loading weights:  47%|####6     | 137/292 [00:00<00:00, 182.97it/s, Materializing param=gpt_neox.layers.11.attention.dense.bias]           
Loading weights:  47%|####6     | 137/292 [00:00<00:00, 182.97it/s, Materializing param=gpt_neox.layers.11.attention.dense.bias]
Loading weights:  47%|####7     | 138/292 [00:00<00:00, 182.97it/s, Materializing param=gpt_neox.layers.11.attention.dense.weight]
Loading weights:  47%|####7     | 138/292 [00:00<00:00, 182.97it/s, Materializing param=gpt_neox.layers.11.attention.dense.weight]
Loading weights:  48%|####7     | 139/292 [00:00<00:00, 182.97it/s, Materializing param=gpt_neox.layers.11.attention.query_key_value.bias]
Loading weights:  48%|####7     | 139/292 [00:00<00:00, 182.97it/s, Materializing param=gpt_neox.layers.11.attention.query_key_value.bias]
Loading weights:  48%|####7     | 140/292 [00:00<00:00, 182.97it/s, Materializing param=gpt_neox.layers.11.attention.query_key_value.weight]
Loading weights:  48%|####7     | 140/292 [00:00<00:00, 182.97it/s, Materializing param=gpt_neox.layers.11.attention.query_key_value.weight]
Loading weights:  48%|####8     | 141/292 [00:00<00:00, 182.97it/s, Materializing param=gpt_neox.layers.11.input_layernorm.bias]            
Loading weights:  48%|####8     | 141/292 [00:00<00:00, 182.97it/s, Materializing param=gpt_neox.layers.11.input_layernorm.bias]
Loading weights:  49%|####8     | 142/292 [00:00<00:00, 182.97it/s, Materializing param=gpt_neox.layers.11.input_layernorm.weight]
Loading weights:  49%|####8     | 142/292 [00:00<00:00, 182.97it/s, Materializing param=gpt_neox.layers.11.input_layernorm.weight]
Loading weights:  49%|####8     | 143/292 [00:00<00:00, 182.97it/s, Materializing param=gpt_neox.layers.11.mlp.dense_4h_to_h.bias]
Loading weights:  49%|####8     | 143/292 [00:00<00:00, 182.97it/s, Materializing param=gpt_neox.layers.11.mlp.dense_4h_to_h.bias]
Loading weights:  49%|####9     | 144/292 [00:00<00:00, 182.97it/s, Materializing param=gpt_neox.layers.11.mlp.dense_4h_to_h.weight]
Loading weights:  49%|####9     | 144/292 [00:00<00:00, 182.97it/s, Materializing param=gpt_neox.layers.11.mlp.dense_4h_to_h.weight]
Loading weights:  50%|####9     | 145/292 [00:00<00:00, 182.97it/s, Materializing param=gpt_neox.layers.11.mlp.dense_h_to_4h.bias]  
Loading weights:  50%|####9     | 145/292 [00:00<00:00, 182.97it/s, Materializing param=gpt_neox.layers.11.mlp.dense_h_to_4h.bias]
Loading weights:  50%|#####     | 146/292 [00:00<00:00, 182.97it/s, Materializing param=gpt_neox.layers.11.mlp.dense_h_to_4h.weight]
Loading weights:  50%|#####     | 146/292 [00:00<00:00, 182.97it/s, Materializing param=gpt_neox.layers.11.mlp.dense_h_to_4h.weight]
Loading weights:  50%|#####     | 147/292 [00:00<00:00, 182.97it/s, Materializing param=gpt_neox.layers.11.post_attention_layernorm.bias]
Loading weights:  50%|#####     | 147/292 [00:00<00:00, 182.97it/s, Materializing param=gpt_neox.layers.11.post_attention_layernorm.bias]
Loading weights:  51%|#####     | 148/292 [00:00<00:00, 182.97it/s, Materializing param=gpt_neox.layers.11.post_attention_layernorm.weight]
Loading weights:  51%|#####     | 148/292 [00:00<00:00, 182.97it/s, Materializing param=gpt_neox.layers.11.post_attention_layernorm.weight]
Loading weights:  51%|#####1    | 149/292 [00:00<00:00, 182.97it/s, Materializing param=gpt_neox.layers.12.attention.dense.bias]           
Loading weights:  51%|#####1    | 149/292 [00:00<00:00, 182.97it/s, Materializing param=gpt_neox.layers.12.attention.dense.bias]
Loading weights:  51%|#####1    | 150/292 [00:00<00:00, 182.97it/s, Materializing param=gpt_neox.layers.12.attention.dense.weight]
Loading weights:  51%|#####1    | 150/292 [00:00<00:00, 182.97it/s, Materializing param=gpt_neox.layers.12.attention.dense.weight]
Loading weights:  52%|#####1    | 151/292 [00:00<00:00, 182.97it/s, Materializing param=gpt_neox.layers.12.attention.query_key_value.bias]
Loading weights:  52%|#####1    | 151/292 [00:00<00:00, 182.97it/s, Materializing param=gpt_neox.layers.12.attention.query_key_value.bias]
Loading weights:  52%|#####2    | 152/292 [00:00<00:00, 182.97it/s, Materializing param=gpt_neox.layers.12.attention.query_key_value.weight]
Loading weights:  52%|#####2    | 152/292 [00:00<00:00, 182.97it/s, Materializing param=gpt_neox.layers.12.attention.query_key_value.weight]
Loading weights:  52%|#####2    | 153/292 [00:00<00:00, 182.97it/s, Materializing param=gpt_neox.layers.12.input_layernorm.bias]            
Loading weights:  52%|#####2    | 153/292 [00:00<00:00, 182.97it/s, Materializing param=gpt_neox.layers.12.input_layernorm.bias]
Loading weights:  53%|#####2    | 154/292 [00:00<00:00, 182.97it/s, Materializing param=gpt_neox.layers.12.input_layernorm.weight]
Loading weights:  53%|#####2    | 154/292 [00:00<00:00, 182.97it/s, Materializing param=gpt_neox.layers.12.input_layernorm.weight]
Loading weights:  53%|#####3    | 155/292 [00:00<00:00, 182.97it/s, Materializing param=gpt_neox.layers.12.mlp.dense_4h_to_h.bias]
Loading weights:  53%|#####3    | 155/292 [00:00<00:00, 182.97it/s, Materializing param=gpt_neox.layers.12.mlp.dense_4h_to_h.bias]
Loading weights:  53%|#####3    | 156/292 [00:00<00:00, 182.97it/s, Materializing param=gpt_neox.layers.12.mlp.dense_4h_to_h.weight]
Loading weights:  53%|#####3    | 156/292 [00:00<00:00, 182.97it/s, Materializing param=gpt_neox.layers.12.mlp.dense_4h_to_h.weight]
Loading weights:  54%|#####3    | 157/292 [00:00<00:00, 184.92it/s, Materializing param=gpt_neox.layers.12.mlp.dense_4h_to_h.weight]
Loading weights:  54%|#####3    | 157/292 [00:00<00:00, 184.92it/s, Materializing param=gpt_neox.layers.12.mlp.dense_h_to_4h.bias]  
Loading weights:  54%|#####3    | 157/292 [00:00<00:00, 184.92it/s, Materializing param=gpt_neox.layers.12.mlp.dense_h_to_4h.bias]
Loading weights:  54%|#####4    | 158/292 [00:00<00:00, 184.92it/s, Materializing param=gpt_neox.layers.12.mlp.dense_h_to_4h.weight]
Loading weights:  54%|#####4    | 158/292 [00:00<00:00, 184.92it/s, Materializing param=gpt_neox.layers.12.mlp.dense_h_to_4h.weight]
Loading weights:  54%|#####4    | 159/292 [00:00<00:00, 184.92it/s, Materializing param=gpt_neox.layers.12.post_attention_layernorm.bias]
Loading weights:  54%|#####4    | 159/292 [00:00<00:00, 184.92it/s, Materializing param=gpt_neox.layers.12.post_attention_layernorm.bias]
Loading weights:  55%|#####4    | 160/292 [00:00<00:00, 184.92it/s, Materializing param=gpt_neox.layers.12.post_attention_layernorm.weight]
Loading weights:  55%|#####4    | 160/292 [00:00<00:00, 184.92it/s, Materializing param=gpt_neox.layers.12.post_attention_layernorm.weight]
Loading weights:  55%|#####5    | 161/292 [00:00<00:00, 184.92it/s, Materializing param=gpt_neox.layers.13.attention.dense.bias]           
Loading weights:  55%|#####5    | 161/292 [00:00<00:00, 184.92it/s, Materializing param=gpt_neox.layers.13.attention.dense.bias]
Loading weights:  55%|#####5    | 162/292 [00:00<00:00, 184.92it/s, Materializing param=gpt_neox.layers.13.attention.dense.weight]
Loading weights:  55%|#####5    | 162/292 [00:00<00:00, 184.92it/s, Materializing param=gpt_neox.layers.13.attention.dense.weight]
Loading weights:  56%|#####5    | 163/292 [00:00<00:00, 184.92it/s, Materializing param=gpt_neox.layers.13.attention.query_key_value.bias]
Loading weights:  56%|#####5    | 163/292 [00:00<00:00, 184.92it/s, Materializing param=gpt_neox.layers.13.attention.query_key_value.bias]
Loading weights:  56%|#####6    | 164/292 [00:00<00:00, 184.92it/s, Materializing param=gpt_neox.layers.13.attention.query_key_value.weight]
Loading weights:  56%|#####6    | 164/292 [00:00<00:00, 184.92it/s, Materializing param=gpt_neox.layers.13.attention.query_key_value.weight]
Loading weights:  57%|#####6    | 165/292 [00:00<00:00, 184.92it/s, Materializing param=gpt_neox.layers.13.input_layernorm.bias]            
Loading weights:  57%|#####6    | 165/292 [00:00<00:00, 184.92it/s, Materializing param=gpt_neox.layers.13.input_layernorm.bias]
Loading weights:  57%|#####6    | 166/292 [00:00<00:00, 184.92it/s, Materializing param=gpt_neox.layers.13.input_layernorm.weight]
Loading weights:  57%|#####6    | 166/292 [00:00<00:00, 184.92it/s, Materializing param=gpt_neox.layers.13.input_layernorm.weight]
Loading weights:  57%|#####7    | 167/292 [00:00<00:00, 184.92it/s, Materializing param=gpt_neox.layers.13.mlp.dense_4h_to_h.bias]
Loading weights:  57%|#####7    | 167/292 [00:00<00:00, 184.92it/s, Materializing param=gpt_neox.layers.13.mlp.dense_4h_to_h.bias]
Loading weights:  58%|#####7    | 168/292 [00:00<00:00, 184.92it/s, Materializing param=gpt_neox.layers.13.mlp.dense_4h_to_h.weight]
Loading weights:  58%|#####7    | 168/292 [00:00<00:00, 184.92it/s, Materializing param=gpt_neox.layers.13.mlp.dense_4h_to_h.weight]
Loading weights:  58%|#####7    | 169/292 [00:00<00:00, 184.92it/s, Materializing param=gpt_neox.layers.13.mlp.dense_h_to_4h.bias]  
Loading weights:  58%|#####7    | 169/292 [00:00<00:00, 184.92it/s, Materializing param=gpt_neox.layers.13.mlp.dense_h_to_4h.bias]
Loading weights:  58%|#####8    | 170/292 [00:00<00:00, 184.92it/s, Materializing param=gpt_neox.layers.13.mlp.dense_h_to_4h.weight]
Loading weights:  58%|#####8    | 170/292 [00:00<00:00, 184.92it/s, Materializing param=gpt_neox.layers.13.mlp.dense_h_to_4h.weight]
Loading weights:  59%|#####8    | 171/292 [00:00<00:00, 184.92it/s, Materializing param=gpt_neox.layers.13.post_attention_layernorm.bias]
Loading weights:  59%|#####8    | 171/292 [00:00<00:00, 184.92it/s, Materializing param=gpt_neox.layers.13.post_attention_layernorm.bias]
Loading weights:  59%|#####8    | 172/292 [00:00<00:00, 184.92it/s, Materializing param=gpt_neox.layers.13.post_attention_layernorm.weight]
Loading weights:  59%|#####8    | 172/292 [00:00<00:00, 184.92it/s, Materializing param=gpt_neox.layers.13.post_attention_layernorm.weight]
Loading weights:  59%|#####9    | 173/292 [00:00<00:00, 184.92it/s, Materializing param=gpt_neox.layers.14.attention.dense.bias]           
Loading weights:  59%|#####9    | 173/292 [00:00<00:00, 184.92it/s, Materializing param=gpt_neox.layers.14.attention.dense.bias]
Loading weights:  60%|#####9    | 174/292 [00:00<00:00, 184.92it/s, Materializing param=gpt_neox.layers.14.attention.dense.weight]
Loading weights:  60%|#####9    | 174/292 [00:00<00:00, 184.92it/s, Materializing param=gpt_neox.layers.14.attention.dense.weight]
Loading weights:  60%|#####9    | 175/292 [00:00<00:00, 184.92it/s, Materializing param=gpt_neox.layers.14.attention.query_key_value.bias]
Loading weights:  60%|#####9    | 175/292 [00:00<00:00, 184.92it/s, Materializing param=gpt_neox.layers.14.attention.query_key_value.bias]
Loading weights:  60%|######    | 176/292 [00:00<00:00, 184.92it/s, Materializing param=gpt_neox.layers.14.attention.query_key_value.weight]
Loading weights:  60%|######    | 176/292 [00:00<00:00, 184.92it/s, Materializing param=gpt_neox.layers.14.attention.query_key_value.weight]
Loading weights:  61%|######    | 177/292 [00:01<00:00, 184.92it/s, Materializing param=gpt_neox.layers.14.input_layernorm.bias]            
Loading weights:  61%|######    | 177/292 [00:01<00:00, 184.92it/s, Materializing param=gpt_neox.layers.14.input_layernorm.bias]
Loading weights:  61%|######    | 178/292 [00:01<00:00, 184.92it/s, Materializing param=gpt_neox.layers.14.input_layernorm.weight]
Loading weights:  61%|######    | 178/292 [00:01<00:00, 184.92it/s, Materializing param=gpt_neox.layers.14.input_layernorm.weight]
Loading weights:  61%|######1   | 179/292 [00:01<00:00, 184.92it/s, Materializing param=gpt_neox.layers.14.mlp.dense_4h_to_h.bias]
Loading weights:  61%|######1   | 179/292 [00:01<00:00, 184.92it/s, Materializing param=gpt_neox.layers.14.mlp.dense_4h_to_h.bias]
Loading weights:  62%|######1   | 180/292 [00:01<00:00, 184.92it/s, Materializing param=gpt_neox.layers.14.mlp.dense_4h_to_h.weight]
Loading weights:  62%|######1   | 180/292 [00:01<00:00, 184.92it/s, Materializing param=gpt_neox.layers.14.mlp.dense_4h_to_h.weight]
Loading weights:  62%|######1   | 181/292 [00:01<00:00, 184.92it/s, Materializing param=gpt_neox.layers.14.mlp.dense_h_to_4h.bias]  
Loading weights:  62%|######1   | 181/292 [00:01<00:00, 184.92it/s, Materializing param=gpt_neox.layers.14.mlp.dense_h_to_4h.bias]
Loading weights:  62%|######2   | 182/292 [00:01<00:00, 184.92it/s, Materializing param=gpt_neox.layers.14.mlp.dense_h_to_4h.weight]
Loading weights:  62%|######2   | 182/292 [00:01<00:00, 184.92it/s, Materializing param=gpt_neox.layers.14.mlp.dense_h_to_4h.weight]
Loading weights:  63%|######2   | 183/292 [00:01<00:00, 189.30it/s, Materializing param=gpt_neox.layers.14.mlp.dense_h_to_4h.weight]
Loading weights:  63%|######2   | 183/292 [00:01<00:00, 189.30it/s, Materializing param=gpt_neox.layers.14.post_attention_layernorm.bias]
Loading weights:  63%|######2   | 183/292 [00:01<00:00, 189.30it/s, Materializing param=gpt_neox.layers.14.post_attention_layernorm.bias]
Loading weights:  63%|######3   | 184/292 [00:01<00:00, 189.30it/s, Materializing param=gpt_neox.layers.14.post_attention_layernorm.weight]
Loading weights:  63%|######3   | 184/292 [00:01<00:00, 189.30it/s, Materializing param=gpt_neox.layers.14.post_attention_layernorm.weight]
Loading weights:  63%|######3   | 185/292 [00:01<00:00, 189.30it/s, Materializing param=gpt_neox.layers.15.attention.dense.bias]           
Loading weights:  63%|######3   | 185/292 [00:01<00:00, 189.30it/s, Materializing param=gpt_neox.layers.15.attention.dense.bias]
Loading weights:  64%|######3   | 186/292 [00:01<00:00, 189.30it/s, Materializing param=gpt_neox.layers.15.attention.dense.weight]
Loading weights:  64%|######3   | 186/292 [00:01<00:00, 189.30it/s, Materializing param=gpt_neox.layers.15.attention.dense.weight]
Loading weights:  64%|######4   | 187/292 [00:01<00:00, 189.30it/s, Materializing param=gpt_neox.layers.15.attention.query_key_value.bias]
Loading weights:  64%|######4   | 187/292 [00:01<00:00, 189.30it/s, Materializing param=gpt_neox.layers.15.attention.query_key_value.bias]
Loading weights:  64%|######4   | 188/292 [00:01<00:00, 189.30it/s, Materializing param=gpt_neox.layers.15.attention.query_key_value.weight]
Loading weights:  64%|######4   | 188/292 [00:01<00:00, 189.30it/s, Materializing param=gpt_neox.layers.15.attention.query_key_value.weight]
Loading weights:  65%|######4   | 189/292 [00:01<00:00, 189.30it/s, Materializing param=gpt_neox.layers.15.input_layernorm.bias]            
Loading weights:  65%|######4   | 189/292 [00:01<00:00, 189.30it/s, Materializing param=gpt_neox.layers.15.input_layernorm.bias]
Loading weights:  65%|######5   | 190/292 [00:01<00:00, 189.30it/s, Materializing param=gpt_neox.layers.15.input_layernorm.weight]
Loading weights:  65%|######5   | 190/292 [00:01<00:00, 189.30it/s, Materializing param=gpt_neox.layers.15.input_layernorm.weight]
Loading weights:  65%|######5   | 191/292 [00:01<00:00, 189.30it/s, Materializing param=gpt_neox.layers.15.mlp.dense_4h_to_h.bias]
Loading weights:  65%|######5   | 191/292 [00:01<00:00, 189.30it/s, Materializing param=gpt_neox.layers.15.mlp.dense_4h_to_h.bias]
Loading weights:  66%|######5   | 192/292 [00:01<00:00, 189.30it/s, Materializing param=gpt_neox.layers.15.mlp.dense_4h_to_h.weight]
Loading weights:  66%|######5   | 192/292 [00:01<00:00, 189.30it/s, Materializing param=gpt_neox.layers.15.mlp.dense_4h_to_h.weight]
Loading weights:  66%|######6   | 193/292 [00:01<00:00, 189.30it/s, Materializing param=gpt_neox.layers.15.mlp.dense_h_to_4h.bias]  
Loading weights:  66%|######6   | 193/292 [00:01<00:00, 189.30it/s, Materializing param=gpt_neox.layers.15.mlp.dense_h_to_4h.bias]
Loading weights:  66%|######6   | 194/292 [00:01<00:00, 189.30it/s, Materializing param=gpt_neox.layers.15.mlp.dense_h_to_4h.weight]
Loading weights:  66%|######6   | 194/292 [00:01<00:00, 189.30it/s, Materializing param=gpt_neox.layers.15.mlp.dense_h_to_4h.weight]
Loading weights:  67%|######6   | 195/292 [00:01<00:00, 189.30it/s, Materializing param=gpt_neox.layers.15.post_attention_layernorm.bias]
Loading weights:  67%|######6   | 195/292 [00:01<00:00, 189.30it/s, Materializing param=gpt_neox.layers.15.post_attention_layernorm.bias]
Loading weights:  67%|######7   | 196/292 [00:01<00:00, 189.30it/s, Materializing param=gpt_neox.layers.15.post_attention_layernorm.weight]
Loading weights:  67%|######7   | 196/292 [00:01<00:00, 189.30it/s, Materializing param=gpt_neox.layers.15.post_attention_layernorm.weight]
Loading weights:  67%|######7   | 197/292 [00:01<00:00, 189.30it/s, Materializing param=gpt_neox.layers.16.attention.dense.bias]           
Loading weights:  67%|######7   | 197/292 [00:01<00:00, 189.30it/s, Materializing param=gpt_neox.layers.16.attention.dense.bias]
Loading weights:  68%|######7   | 198/292 [00:01<00:00, 189.30it/s, Materializing param=gpt_neox.layers.16.attention.dense.weight]
Loading weights:  68%|######7   | 198/292 [00:01<00:00, 189.30it/s, Materializing param=gpt_neox.layers.16.attention.dense.weight]
Loading weights:  68%|######8   | 199/292 [00:01<00:00, 189.30it/s, Materializing param=gpt_neox.layers.16.attention.query_key_value.bias]
Loading weights:  68%|######8   | 199/292 [00:01<00:00, 189.30it/s, Materializing param=gpt_neox.layers.16.attention.query_key_value.bias]
Loading weights:  68%|######8   | 200/292 [00:01<00:00, 189.30it/s, Materializing param=gpt_neox.layers.16.attention.query_key_value.weight]
Loading weights:  68%|######8   | 200/292 [00:01<00:00, 189.30it/s, Materializing param=gpt_neox.layers.16.attention.query_key_value.weight]
Loading weights:  69%|######8   | 201/292 [00:01<00:00, 189.30it/s, Materializing param=gpt_neox.layers.16.input_layernorm.bias]            
Loading weights:  69%|######8   | 201/292 [00:01<00:00, 189.30it/s, Materializing param=gpt_neox.layers.16.input_layernorm.bias]
Loading weights:  69%|######9   | 202/292 [00:01<00:00, 189.30it/s, Materializing param=gpt_neox.layers.16.input_layernorm.weight]
Loading weights:  69%|######9   | 202/292 [00:01<00:00, 189.30it/s, Materializing param=gpt_neox.layers.16.input_layernorm.weight]
Loading weights:  70%|######9   | 203/292 [00:01<00:00, 189.30it/s, Materializing param=gpt_neox.layers.16.mlp.dense_4h_to_h.bias]
Loading weights:  70%|######9   | 203/292 [00:01<00:00, 189.30it/s, Materializing param=gpt_neox.layers.16.mlp.dense_4h_to_h.bias]
Loading weights:  70%|######9   | 204/292 [00:01<00:00, 189.30it/s, Materializing param=gpt_neox.layers.16.mlp.dense_4h_to_h.weight]
Loading weights:  70%|######9   | 204/292 [00:01<00:00, 189.30it/s, Materializing param=gpt_neox.layers.16.mlp.dense_4h_to_h.weight]
Loading weights:  70%|#######   | 205/292 [00:01<00:00, 189.30it/s, Materializing param=gpt_neox.layers.16.mlp.dense_h_to_4h.bias]  
Loading weights:  70%|#######   | 205/292 [00:01<00:00, 189.30it/s, Materializing param=gpt_neox.layers.16.mlp.dense_h_to_4h.bias]
Loading weights:  71%|#######   | 206/292 [00:01<00:00, 189.30it/s, Materializing param=gpt_neox.layers.16.mlp.dense_h_to_4h.weight]
Loading weights:  71%|#######   | 206/292 [00:01<00:00, 189.30it/s, Materializing param=gpt_neox.layers.16.mlp.dense_h_to_4h.weight]
Loading weights:  71%|#######   | 207/292 [00:01<00:00, 198.52it/s, Materializing param=gpt_neox.layers.16.mlp.dense_h_to_4h.weight]
Loading weights:  71%|#######   | 207/292 [00:01<00:00, 198.52it/s, Materializing param=gpt_neox.layers.16.post_attention_layernorm.bias]
Loading weights:  71%|#######   | 207/292 [00:01<00:00, 198.52it/s, Materializing param=gpt_neox.layers.16.post_attention_layernorm.bias]
Loading weights:  71%|#######1  | 208/292 [00:01<00:00, 198.52it/s, Materializing param=gpt_neox.layers.16.post_attention_layernorm.weight]
Loading weights:  71%|#######1  | 208/292 [00:01<00:00, 198.52it/s, Materializing param=gpt_neox.layers.16.post_attention_layernorm.weight]
Loading weights:  72%|#######1  | 209/292 [00:01<00:00, 198.52it/s, Materializing param=gpt_neox.layers.17.attention.dense.bias]           
Loading weights:  72%|#######1  | 209/292 [00:01<00:00, 198.52it/s, Materializing param=gpt_neox.layers.17.attention.dense.bias]
Loading weights:  72%|#######1  | 210/292 [00:01<00:00, 198.52it/s, Materializing param=gpt_neox.layers.17.attention.dense.weight]
Loading weights:  72%|#######1  | 210/292 [00:01<00:00, 198.52it/s, Materializing param=gpt_neox.layers.17.attention.dense.weight]
Loading weights:  72%|#######2  | 211/292 [00:01<00:00, 198.52it/s, Materializing param=gpt_neox.layers.17.attention.query_key_value.bias]
Loading weights:  72%|#######2  | 211/292 [00:01<00:00, 198.52it/s, Materializing param=gpt_neox.layers.17.attention.query_key_value.bias]
Loading weights:  73%|#######2  | 212/292 [00:01<00:00, 198.52it/s, Materializing param=gpt_neox.layers.17.attention.query_key_value.weight]
Loading weights:  73%|#######2  | 212/292 [00:01<00:00, 198.52it/s, Materializing param=gpt_neox.layers.17.attention.query_key_value.weight]
Loading weights:  73%|#######2  | 213/292 [00:01<00:00, 198.52it/s, Materializing param=gpt_neox.layers.17.input_layernorm.bias]            
Loading weights:  73%|#######2  | 213/292 [00:01<00:00, 198.52it/s, Materializing param=gpt_neox.layers.17.input_layernorm.bias]
Loading weights:  73%|#######3  | 214/292 [00:01<00:00, 198.52it/s, Materializing param=gpt_neox.layers.17.input_layernorm.weight]
Loading weights:  73%|#######3  | 214/292 [00:01<00:00, 198.52it/s, Materializing param=gpt_neox.layers.17.input_layernorm.weight]
Loading weights:  74%|#######3  | 215/292 [00:01<00:00, 198.52it/s, Materializing param=gpt_neox.layers.17.mlp.dense_4h_to_h.bias]
Loading weights:  74%|#######3  | 215/292 [00:01<00:00, 198.52it/s, Materializing param=gpt_neox.layers.17.mlp.dense_4h_to_h.bias]
Loading weights:  74%|#######3  | 216/292 [00:01<00:00, 198.52it/s, Materializing param=gpt_neox.layers.17.mlp.dense_4h_to_h.weight]
Loading weights:  74%|#######3  | 216/292 [00:01<00:00, 198.52it/s, Materializing param=gpt_neox.layers.17.mlp.dense_4h_to_h.weight]
Loading weights:  74%|#######4  | 217/292 [00:01<00:00, 198.52it/s, Materializing param=gpt_neox.layers.17.mlp.dense_h_to_4h.bias]  
Loading weights:  74%|#######4  | 217/292 [00:01<00:00, 198.52it/s, Materializing param=gpt_neox.layers.17.mlp.dense_h_to_4h.bias]
Loading weights:  75%|#######4  | 218/292 [00:01<00:00, 198.52it/s, Materializing param=gpt_neox.layers.17.mlp.dense_h_to_4h.weight]
Loading weights:  75%|#######4  | 218/292 [00:01<00:00, 198.52it/s, Materializing param=gpt_neox.layers.17.mlp.dense_h_to_4h.weight]
Loading weights:  75%|#######5  | 219/292 [00:01<00:00, 198.52it/s, Materializing param=gpt_neox.layers.17.post_attention_layernorm.bias]
Loading weights:  75%|#######5  | 219/292 [00:01<00:00, 198.52it/s, Materializing param=gpt_neox.layers.17.post_attention_layernorm.bias]
Loading weights:  75%|#######5  | 220/292 [00:01<00:00, 198.52it/s, Materializing param=gpt_neox.layers.17.post_attention_layernorm.weight]
Loading weights:  75%|#######5  | 220/292 [00:01<00:00, 198.52it/s, Materializing param=gpt_neox.layers.17.post_attention_layernorm.weight]
Loading weights:  76%|#######5  | 221/292 [00:01<00:00, 198.52it/s, Materializing param=gpt_neox.layers.18.attention.dense.bias]           
Loading weights:  76%|#######5  | 221/292 [00:01<00:00, 198.52it/s, Materializing param=gpt_neox.layers.18.attention.dense.bias]
Loading weights:  76%|#######6  | 222/292 [00:01<00:00, 198.52it/s, Materializing param=gpt_neox.layers.18.attention.dense.weight]
Loading weights:  76%|#######6  | 222/292 [00:01<00:00, 198.52it/s, Materializing param=gpt_neox.layers.18.attention.dense.weight]
Loading weights:  76%|#######6  | 223/292 [00:01<00:00, 198.52it/s, Materializing param=gpt_neox.layers.18.attention.query_key_value.bias]
Loading weights:  76%|#######6  | 223/292 [00:01<00:00, 198.52it/s, Materializing param=gpt_neox.layers.18.attention.query_key_value.bias]
Loading weights:  77%|#######6  | 224/292 [00:01<00:00, 198.52it/s, Materializing param=gpt_neox.layers.18.attention.query_key_value.weight]
Loading weights:  77%|#######6  | 224/292 [00:01<00:00, 198.52it/s, Materializing param=gpt_neox.layers.18.attention.query_key_value.weight]
Loading weights:  77%|#######7  | 225/292 [00:01<00:00, 198.52it/s, Materializing param=gpt_neox.layers.18.input_layernorm.bias]            
Loading weights:  77%|#######7  | 225/292 [00:01<00:00, 198.52it/s, Materializing param=gpt_neox.layers.18.input_layernorm.bias]
Loading weights:  77%|#######7  | 226/292 [00:01<00:00, 198.52it/s, Materializing param=gpt_neox.layers.18.input_layernorm.weight]
Loading weights:  77%|#######7  | 226/292 [00:01<00:00, 198.52it/s, Materializing param=gpt_neox.layers.18.input_layernorm.weight]
Loading weights:  78%|#######7  | 227/292 [00:01<00:00, 198.52it/s, Materializing param=gpt_neox.layers.18.mlp.dense_4h_to_h.bias]
Loading weights:  78%|#######7  | 227/292 [00:01<00:00, 198.52it/s, Materializing param=gpt_neox.layers.18.mlp.dense_4h_to_h.bias]
Loading weights:  78%|#######8  | 228/292 [00:01<00:00, 198.52it/s, Materializing param=gpt_neox.layers.18.mlp.dense_4h_to_h.weight]
Loading weights:  78%|#######8  | 228/292 [00:01<00:00, 198.52it/s, Materializing param=gpt_neox.layers.18.mlp.dense_4h_to_h.weight]
Loading weights:  78%|#######8  | 229/292 [00:01<00:00, 199.41it/s, Materializing param=gpt_neox.layers.18.mlp.dense_4h_to_h.weight]
Loading weights:  78%|#######8  | 229/292 [00:01<00:00, 199.41it/s, Materializing param=gpt_neox.layers.18.mlp.dense_h_to_4h.bias]  
Loading weights:  78%|#######8  | 229/292 [00:01<00:00, 199.41it/s, Materializing param=gpt_neox.layers.18.mlp.dense_h_to_4h.bias]
Loading weights:  79%|#######8  | 230/292 [00:01<00:00, 199.41it/s, Materializing param=gpt_neox.layers.18.mlp.dense_h_to_4h.weight]
Loading weights:  79%|#######8  | 230/292 [00:01<00:00, 199.41it/s, Materializing param=gpt_neox.layers.18.mlp.dense_h_to_4h.weight]
Loading weights:  79%|#######9  | 231/292 [00:01<00:00, 199.41it/s, Materializing param=gpt_neox.layers.18.post_attention_layernorm.bias]
Loading weights:  79%|#######9  | 231/292 [00:01<00:00, 199.41it/s, Materializing param=gpt_neox.layers.18.post_attention_layernorm.bias]
Loading weights:  79%|#######9  | 232/292 [00:01<00:00, 199.41it/s, Materializing param=gpt_neox.layers.18.post_attention_layernorm.weight]
Loading weights:  79%|#######9  | 232/292 [00:01<00:00, 199.41it/s, Materializing param=gpt_neox.layers.18.post_attention_layernorm.weight]
Loading weights:  80%|#######9  | 233/292 [00:01<00:00, 199.41it/s, Materializing param=gpt_neox.layers.19.attention.dense.bias]           
Loading weights:  80%|#######9  | 233/292 [00:01<00:00, 199.41it/s, Materializing param=gpt_neox.layers.19.attention.dense.bias]
Loading weights:  80%|########  | 234/292 [00:01<00:00, 199.41it/s, Materializing param=gpt_neox.layers.19.attention.dense.weight]
Loading weights:  80%|########  | 234/292 [00:01<00:00, 199.41it/s, Materializing param=gpt_neox.layers.19.attention.dense.weight]
Loading weights:  80%|########  | 235/292 [00:01<00:00, 199.41it/s, Materializing param=gpt_neox.layers.19.attention.query_key_value.bias]
Loading weights:  80%|########  | 235/292 [00:01<00:00, 199.41it/s, Materializing param=gpt_neox.layers.19.attention.query_key_value.bias]
Loading weights:  81%|########  | 236/292 [00:01<00:00, 199.41it/s, Materializing param=gpt_neox.layers.19.attention.query_key_value.weight]
Loading weights:  81%|########  | 236/292 [00:01<00:00, 199.41it/s, Materializing param=gpt_neox.layers.19.attention.query_key_value.weight]
Loading weights:  81%|########1 | 237/292 [00:01<00:00, 199.41it/s, Materializing param=gpt_neox.layers.19.input_layernorm.bias]            
Loading weights:  81%|########1 | 237/292 [00:01<00:00, 199.41it/s, Materializing param=gpt_neox.layers.19.input_layernorm.bias]
Loading weights:  82%|########1 | 238/292 [00:01<00:00, 199.41it/s, Materializing param=gpt_neox.layers.19.input_layernorm.weight]
Loading weights:  82%|########1 | 238/292 [00:01<00:00, 199.41it/s, Materializing param=gpt_neox.layers.19.input_layernorm.weight]
Loading weights:  82%|########1 | 239/292 [00:01<00:00, 199.41it/s, Materializing param=gpt_neox.layers.19.mlp.dense_4h_to_h.bias]
Loading weights:  82%|########1 | 239/292 [00:01<00:00, 199.41it/s, Materializing param=gpt_neox.layers.19.mlp.dense_4h_to_h.bias]
Loading weights:  82%|########2 | 240/292 [00:01<00:00, 199.41it/s, Materializing param=gpt_neox.layers.19.mlp.dense_4h_to_h.weight]
Loading weights:  82%|########2 | 240/292 [00:01<00:00, 199.41it/s, Materializing param=gpt_neox.layers.19.mlp.dense_4h_to_h.weight]
Loading weights:  83%|########2 | 241/292 [00:01<00:00, 199.41it/s, Materializing param=gpt_neox.layers.19.mlp.dense_h_to_4h.bias]  
Loading weights:  83%|########2 | 241/292 [00:01<00:00, 199.41it/s, Materializing param=gpt_neox.layers.19.mlp.dense_h_to_4h.bias]
Loading weights:  83%|########2 | 242/292 [00:01<00:00, 199.41it/s, Materializing param=gpt_neox.layers.19.mlp.dense_h_to_4h.weight]
Loading weights:  83%|########2 | 242/292 [00:01<00:00, 199.41it/s, Materializing param=gpt_neox.layers.19.mlp.dense_h_to_4h.weight]
Loading weights:  83%|########3 | 243/292 [00:01<00:00, 199.41it/s, Materializing param=gpt_neox.layers.19.post_attention_layernorm.bias]
Loading weights:  83%|########3 | 243/292 [00:01<00:00, 199.41it/s, Materializing param=gpt_neox.layers.19.post_attention_layernorm.bias]
Loading weights:  84%|########3 | 244/292 [00:01<00:00, 199.41it/s, Materializing param=gpt_neox.layers.19.post_attention_layernorm.weight]
Loading weights:  84%|########3 | 244/292 [00:01<00:00, 199.41it/s, Materializing param=gpt_neox.layers.19.post_attention_layernorm.weight]
Loading weights:  84%|########3 | 245/292 [00:01<00:00, 199.41it/s, Materializing param=gpt_neox.layers.20.attention.dense.bias]           
Loading weights:  84%|########3 | 245/292 [00:01<00:00, 199.41it/s, Materializing param=gpt_neox.layers.20.attention.dense.bias]
Loading weights:  84%|########4 | 246/292 [00:01<00:00, 199.41it/s, Materializing param=gpt_neox.layers.20.attention.dense.weight]
Loading weights:  84%|########4 | 246/292 [00:01<00:00, 199.41it/s, Materializing param=gpt_neox.layers.20.attention.dense.weight]
Loading weights:  85%|########4 | 247/292 [00:01<00:00, 199.41it/s, Materializing param=gpt_neox.layers.20.attention.query_key_value.bias]
Loading weights:  85%|########4 | 247/292 [00:01<00:00, 199.41it/s, Materializing param=gpt_neox.layers.20.attention.query_key_value.bias]
Loading weights:  85%|########4 | 248/292 [00:01<00:00, 199.41it/s, Materializing param=gpt_neox.layers.20.attention.query_key_value.weight]
Loading weights:  85%|########4 | 248/292 [00:01<00:00, 199.41it/s, Materializing param=gpt_neox.layers.20.attention.query_key_value.weight]
Loading weights:  85%|########5 | 249/292 [00:01<00:00, 199.41it/s, Materializing param=gpt_neox.layers.20.input_layernorm.bias]            
Loading weights:  85%|########5 | 249/292 [00:01<00:00, 199.41it/s, Materializing param=gpt_neox.layers.20.input_layernorm.bias]
Loading weights:  86%|########5 | 250/292 [00:01<00:00, 199.41it/s, Materializing param=gpt_neox.layers.20.input_layernorm.weight]
Loading weights:  86%|########5 | 250/292 [00:01<00:00, 199.41it/s, Materializing param=gpt_neox.layers.20.input_layernorm.weight]
Loading weights:  86%|########5 | 251/292 [00:01<00:00, 199.41it/s, Materializing param=gpt_neox.layers.20.mlp.dense_4h_to_h.bias]
Loading weights:  86%|########5 | 251/292 [00:01<00:00, 199.41it/s, Materializing param=gpt_neox.layers.20.mlp.dense_4h_to_h.bias]
Loading weights:  86%|########6 | 252/292 [00:01<00:00, 199.41it/s, Materializing param=gpt_neox.layers.20.mlp.dense_4h_to_h.weight]
Loading weights:  86%|########6 | 252/292 [00:01<00:00, 199.41it/s, Materializing param=gpt_neox.layers.20.mlp.dense_4h_to_h.weight]
Loading weights:  87%|########6 | 253/292 [00:01<00:00, 199.41it/s, Materializing param=gpt_neox.layers.20.mlp.dense_h_to_4h.bias]  
Loading weights:  87%|########6 | 253/292 [00:01<00:00, 199.41it/s, Materializing param=gpt_neox.layers.20.mlp.dense_h_to_4h.bias]
Loading weights:  87%|########6 | 254/292 [00:01<00:00, 199.41it/s, Materializing param=gpt_neox.layers.20.mlp.dense_h_to_4h.weight]
Loading weights:  87%|########6 | 254/292 [00:01<00:00, 199.41it/s, Materializing param=gpt_neox.layers.20.mlp.dense_h_to_4h.weight]
Loading weights:  87%|########7 | 255/292 [00:01<00:00, 199.41it/s, Materializing param=gpt_neox.layers.20.post_attention_layernorm.bias]
Loading weights:  87%|########7 | 255/292 [00:01<00:00, 199.41it/s, Materializing param=gpt_neox.layers.20.post_attention_layernorm.bias]
Loading weights:  88%|########7 | 256/292 [00:01<00:00, 199.41it/s, Materializing param=gpt_neox.layers.20.post_attention_layernorm.weight]
Loading weights:  88%|########7 | 256/292 [00:01<00:00, 199.41it/s, Materializing param=gpt_neox.layers.20.post_attention_layernorm.weight]
Loading weights:  88%|########8 | 257/292 [00:01<00:00, 199.41it/s, Materializing param=gpt_neox.layers.21.attention.dense.bias]           
Loading weights:  88%|########8 | 257/292 [00:01<00:00, 199.41it/s, Materializing param=gpt_neox.layers.21.attention.dense.bias]
Loading weights:  88%|########8 | 258/292 [00:01<00:00, 199.41it/s, Materializing param=gpt_neox.layers.21.attention.dense.weight]
Loading weights:  88%|########8 | 258/292 [00:01<00:00, 199.41it/s, Materializing param=gpt_neox.layers.21.attention.dense.weight]
Loading weights:  89%|########8 | 259/292 [00:01<00:00, 224.17it/s, Materializing param=gpt_neox.layers.21.attention.dense.weight]
Loading weights:  89%|########8 | 259/292 [00:01<00:00, 224.17it/s, Materializing param=gpt_neox.layers.21.attention.query_key_value.bias]
Loading weights:  89%|########8 | 259/292 [00:01<00:00, 224.17it/s, Materializing param=gpt_neox.layers.21.attention.query_key_value.bias]
Loading weights:  89%|########9 | 260/292 [00:01<00:00, 224.17it/s, Materializing param=gpt_neox.layers.21.attention.query_key_value.weight]
Loading weights:  89%|########9 | 260/292 [00:01<00:00, 224.17it/s, Materializing param=gpt_neox.layers.21.attention.query_key_value.weight]
Loading weights:  89%|########9 | 261/292 [00:01<00:00, 224.17it/s, Materializing param=gpt_neox.layers.21.input_layernorm.bias]            
Loading weights:  89%|########9 | 261/292 [00:01<00:00, 224.17it/s, Materializing param=gpt_neox.layers.21.input_layernorm.bias]
Loading weights:  90%|########9 | 262/292 [00:01<00:00, 224.17it/s, Materializing param=gpt_neox.layers.21.input_layernorm.weight]
Loading weights:  90%|########9 | 262/292 [00:01<00:00, 224.17it/s, Materializing param=gpt_neox.layers.21.input_layernorm.weight]
Loading weights:  90%|######### | 263/292 [00:01<00:00, 224.17it/s, Materializing param=gpt_neox.layers.21.mlp.dense_4h_to_h.bias]
Loading weights:  90%|######### | 263/292 [00:01<00:00, 224.17it/s, Materializing param=gpt_neox.layers.21.mlp.dense_4h_to_h.bias]
Loading weights:  90%|######### | 264/292 [00:01<00:00, 224.17it/s, Materializing param=gpt_neox.layers.21.mlp.dense_4h_to_h.weight]
Loading weights:  90%|######### | 264/292 [00:01<00:00, 224.17it/s, Materializing param=gpt_neox.layers.21.mlp.dense_4h_to_h.weight]
Loading weights:  91%|######### | 265/292 [00:01<00:00, 224.17it/s, Materializing param=gpt_neox.layers.21.mlp.dense_h_to_4h.bias]  
Loading weights:  91%|######### | 265/292 [00:01<00:00, 224.17it/s, Materializing param=gpt_neox.layers.21.mlp.dense_h_to_4h.bias]
Loading weights:  91%|#########1| 266/292 [00:01<00:00, 224.17it/s, Materializing param=gpt_neox.layers.21.mlp.dense_h_to_4h.weight]
Loading weights:  91%|#########1| 266/292 [00:01<00:00, 224.17it/s, Materializing param=gpt_neox.layers.21.mlp.dense_h_to_4h.weight]
Loading weights:  91%|#########1| 267/292 [00:01<00:00, 224.17it/s, Materializing param=gpt_neox.layers.21.post_attention_layernorm.bias]
Loading weights:  91%|#########1| 267/292 [00:01<00:00, 224.17it/s, Materializing param=gpt_neox.layers.21.post_attention_layernorm.bias]
Loading weights:  92%|#########1| 268/292 [00:01<00:00, 224.17it/s, Materializing param=gpt_neox.layers.21.post_attention_layernorm.weight]
Loading weights:  92%|#########1| 268/292 [00:01<00:00, 224.17it/s, Materializing param=gpt_neox.layers.21.post_attention_layernorm.weight]
Loading weights:  92%|#########2| 269/292 [00:01<00:00, 224.17it/s, Materializing param=gpt_neox.layers.22.attention.dense.bias]           
Loading weights:  92%|#########2| 269/292 [00:01<00:00, 224.17it/s, Materializing param=gpt_neox.layers.22.attention.dense.bias]
Loading weights:  92%|#########2| 270/292 [00:01<00:00, 224.17it/s, Materializing param=gpt_neox.layers.22.attention.dense.weight]
Loading weights:  92%|#########2| 270/292 [00:01<00:00, 224.17it/s, Materializing param=gpt_neox.layers.22.attention.dense.weight]
Loading weights:  93%|#########2| 271/292 [00:01<00:00, 224.17it/s, Materializing param=gpt_neox.layers.22.attention.query_key_value.bias]
Loading weights:  93%|#########2| 271/292 [00:01<00:00, 224.17it/s, Materializing param=gpt_neox.layers.22.attention.query_key_value.bias]
Loading weights:  93%|#########3| 272/292 [00:01<00:00, 224.17it/s, Materializing param=gpt_neox.layers.22.attention.query_key_value.weight]
Loading weights:  93%|#########3| 272/292 [00:01<00:00, 224.17it/s, Materializing param=gpt_neox.layers.22.attention.query_key_value.weight]
Loading weights:  93%|#########3| 273/292 [00:01<00:00, 224.17it/s, Materializing param=gpt_neox.layers.22.input_layernorm.bias]            
Loading weights:  93%|#########3| 273/292 [00:01<00:00, 224.17it/s, Materializing param=gpt_neox.layers.22.input_layernorm.bias]
Loading weights:  94%|#########3| 274/292 [00:01<00:00, 224.17it/s, Materializing param=gpt_neox.layers.22.input_layernorm.weight]
Loading weights:  94%|#########3| 274/292 [00:01<00:00, 224.17it/s, Materializing param=gpt_neox.layers.22.input_layernorm.weight]
Loading weights:  94%|#########4| 275/292 [00:01<00:00, 224.17it/s, Materializing param=gpt_neox.layers.22.mlp.dense_4h_to_h.bias]
Loading weights:  94%|#########4| 275/292 [00:01<00:00, 224.17it/s, Materializing param=gpt_neox.layers.22.mlp.dense_4h_to_h.bias]
Loading weights:  95%|#########4| 276/292 [00:01<00:00, 224.17it/s, Materializing param=gpt_neox.layers.22.mlp.dense_4h_to_h.weight]
Loading weights:  95%|#########4| 276/292 [00:01<00:00, 224.17it/s, Materializing param=gpt_neox.layers.22.mlp.dense_4h_to_h.weight]
Loading weights:  95%|#########4| 277/292 [00:01<00:00, 224.17it/s, Materializing param=gpt_neox.layers.22.mlp.dense_h_to_4h.bias]  
Loading weights:  95%|#########4| 277/292 [00:01<00:00, 224.17it/s, Materializing param=gpt_neox.layers.22.mlp.dense_h_to_4h.bias]
Loading weights:  95%|#########5| 278/292 [00:01<00:00, 224.17it/s, Materializing param=gpt_neox.layers.22.mlp.dense_h_to_4h.weight]
Loading weights:  95%|#########5| 278/292 [00:01<00:00, 224.17it/s, Materializing param=gpt_neox.layers.22.mlp.dense_h_to_4h.weight]
Loading weights:  96%|#########5| 279/292 [00:01<00:00, 224.17it/s, Materializing param=gpt_neox.layers.22.post_attention_layernorm.bias]
Loading weights:  96%|#########5| 279/292 [00:01<00:00, 224.17it/s, Materializing param=gpt_neox.layers.22.post_attention_layernorm.bias]
Loading weights:  96%|#########5| 280/292 [00:01<00:00, 224.17it/s, Materializing param=gpt_neox.layers.22.post_attention_layernorm.weight]
Loading weights:  96%|#########5| 280/292 [00:01<00:00, 224.17it/s, Materializing param=gpt_neox.layers.22.post_attention_layernorm.weight]
Loading weights:  96%|#########6| 281/292 [00:01<00:00, 224.17it/s, Materializing param=gpt_neox.layers.23.attention.dense.bias]           
Loading weights:  96%|#########6| 281/292 [00:01<00:00, 224.17it/s, Materializing param=gpt_neox.layers.23.attention.dense.bias]
Loading weights:  97%|#########6| 282/292 [00:01<00:00, 224.17it/s, Materializing param=gpt_neox.layers.23.attention.dense.weight]
Loading weights:  97%|#########6| 282/292 [00:01<00:00, 224.17it/s, Materializing param=gpt_neox.layers.23.attention.dense.weight]
Loading weights:  97%|#########6| 283/292 [00:01<00:00, 224.17it/s, Materializing param=gpt_neox.layers.23.attention.query_key_value.bias]
Loading weights:  97%|#########6| 283/292 [00:01<00:00, 224.17it/s, Materializing param=gpt_neox.layers.23.attention.query_key_value.bias]
Loading weights:  97%|#########7| 284/292 [00:01<00:00, 224.17it/s, Materializing param=gpt_neox.layers.23.attention.query_key_value.weight]
Loading weights:  97%|#########7| 284/292 [00:01<00:00, 224.17it/s, Materializing param=gpt_neox.layers.23.attention.query_key_value.weight]
Loading weights:  98%|#########7| 285/292 [00:01<00:00, 224.17it/s, Materializing param=gpt_neox.layers.23.input_layernorm.bias]            
Loading weights:  98%|#########7| 285/292 [00:01<00:00, 224.17it/s, Materializing param=gpt_neox.layers.23.input_layernorm.bias]
Loading weights:  98%|#########7| 286/292 [00:01<00:00, 224.17it/s, Materializing param=gpt_neox.layers.23.input_layernorm.weight]
Loading weights:  98%|#########7| 286/292 [00:01<00:00, 224.17it/s, Materializing param=gpt_neox.layers.23.input_layernorm.weight]
Loading weights:  98%|#########8| 287/292 [00:01<00:00, 224.17it/s, Materializing param=gpt_neox.layers.23.mlp.dense_4h_to_h.bias]
Loading weights:  98%|#########8| 287/292 [00:01<00:00, 224.17it/s, Materializing param=gpt_neox.layers.23.mlp.dense_4h_to_h.bias]
Loading weights:  99%|#########8| 288/292 [00:01<00:00, 224.17it/s, Materializing param=gpt_neox.layers.23.mlp.dense_4h_to_h.weight]
Loading weights:  99%|#########8| 288/292 [00:01<00:00, 224.17it/s, Materializing param=gpt_neox.layers.23.mlp.dense_4h_to_h.weight]
Loading weights:  99%|#########8| 289/292 [00:01<00:00, 245.17it/s, Materializing param=gpt_neox.layers.23.mlp.dense_4h_to_h.weight]
Loading weights:  99%|#########8| 289/292 [00:01<00:00, 245.17it/s, Materializing param=gpt_neox.layers.23.mlp.dense_h_to_4h.bias]  
Loading weights:  99%|#########8| 289/292 [00:01<00:00, 245.17it/s, Materializing param=gpt_neox.layers.23.mlp.dense_h_to_4h.bias]
Loading weights:  99%|#########9| 290/292 [00:01<00:00, 245.17it/s, Materializing param=gpt_neox.layers.23.mlp.dense_h_to_4h.weight]
Loading weights:  99%|#########9| 290/292 [00:01<00:00, 245.17it/s, Materializing param=gpt_neox.layers.23.mlp.dense_h_to_4h.weight]
Loading weights: 100%|#########9| 291/292 [00:01<00:00, 245.17it/s, Materializing param=gpt_neox.layers.23.post_attention_layernorm.bias]
Loading weights: 100%|#########9| 291/292 [00:01<00:00, 245.17it/s, Materializing param=gpt_neox.layers.23.post_attention_layernorm.bias]
Loading weights: 100%|##########| 292/292 [00:01<00:00, 245.17it/s, Materializing param=gpt_neox.layers.23.post_attention_layernorm.weight]
Loading weights: 100%|##########| 292/292 [00:01<00:00, 245.17it/s, Materializing param=gpt_neox.layers.23.post_attention_layernorm.weight]
Loading weights: 100%|##########| 292/292 [00:01<00:00, 196.79it/s, Materializing param=gpt_neox.layers.23.post_attention_layernorm.weight]

Loading weights:   0%|          | 0/292 [00:00<?, ?it/s]
Loading weights:   0%|          | 1/292 [00:00<00:00, 18315.74it/s, Materializing param=embed_out.weight]
Loading weights:   0%|          | 1/292 [00:00<00:00, 4629.47it/s, Materializing param=embed_out.weight] 
Loading weights:   1%|          | 2/292 [00:00<00:00, 4167.22it/s, Materializing param=gpt_neox.embed_in.weight]
Loading weights:   1%|          | 2/292 [00:00<00:00, 3536.51it/s, Materializing param=gpt_neox.embed_in.weight]
Loading weights:   1%|1         | 3/292 [00:00<00:10, 27.80it/s, Materializing param=gpt_neox.embed_in.weight]  
Loading weights:   1%|1         | 3/292 [00:00<00:10, 27.80it/s, Materializing param=gpt_neox.final_layer_norm.bias]
Loading weights:   1%|1         | 3/292 [00:00<00:10, 27.80it/s, Materializing param=gpt_neox.final_layer_norm.bias]
Loading weights:   1%|1         | 4/292 [00:00<00:10, 27.80it/s, Materializing param=gpt_neox.final_layer_norm.weight]
Loading weights:   1%|1         | 4/292 [00:00<00:10, 27.80it/s, Materializing param=gpt_neox.final_layer_norm.weight]
Loading weights:   2%|1         | 5/292 [00:00<00:10, 27.80it/s, Materializing param=gpt_neox.layers.0.attention.dense.bias]
Loading weights:   2%|1         | 5/292 [00:00<00:10, 27.80it/s, Materializing param=gpt_neox.layers.0.attention.dense.bias]
Loading weights:   2%|2         | 6/292 [00:00<00:10, 27.80it/s, Materializing param=gpt_neox.layers.0.attention.dense.weight]
Loading weights:   2%|2         | 6/292 [00:00<00:10, 27.80it/s, Materializing param=gpt_neox.layers.0.attention.dense.weight]
Loading weights:   2%|2         | 7/292 [00:00<00:10, 27.80it/s, Materializing param=gpt_neox.layers.0.attention.query_key_value.bias]
Loading weights:   2%|2         | 7/292 [00:00<00:10, 27.80it/s, Materializing param=gpt_neox.layers.0.attention.query_key_value.bias]
Loading weights:   3%|2         | 8/292 [00:00<00:10, 27.80it/s, Materializing param=gpt_neox.layers.0.attention.query_key_value.weight]
Loading weights:   3%|2         | 8/292 [00:00<00:10, 27.80it/s, Materializing param=gpt_neox.layers.0.attention.query_key_value.weight]
Loading weights:   3%|3         | 9/292 [00:00<00:10, 27.80it/s, Materializing param=gpt_neox.layers.0.input_layernorm.bias]            
Loading weights:   3%|3         | 9/292 [00:00<00:10, 27.80it/s, Materializing param=gpt_neox.layers.0.input_layernorm.bias]
Loading weights:   3%|3         | 10/292 [00:00<00:10, 27.80it/s, Materializing param=gpt_neox.layers.0.input_layernorm.weight]
Loading weights:   3%|3         | 10/292 [00:00<00:10, 27.80it/s, Materializing param=gpt_neox.layers.0.input_layernorm.weight]
Loading weights:   4%|3         | 11/292 [00:00<00:10, 27.80it/s, Materializing param=gpt_neox.layers.0.mlp.dense_4h_to_h.bias]
Loading weights:   4%|3         | 11/292 [00:00<00:10, 27.80it/s, Materializing param=gpt_neox.layers.0.mlp.dense_4h_to_h.bias]
Loading weights:   4%|4         | 12/292 [00:00<00:10, 27.80it/s, Materializing param=gpt_neox.layers.0.mlp.dense_4h_to_h.weight]
Loading weights:   4%|4         | 12/292 [00:00<00:10, 27.80it/s, Materializing param=gpt_neox.layers.0.mlp.dense_4h_to_h.weight]
Loading weights:   4%|4         | 13/292 [00:00<00:10, 27.80it/s, Materializing param=gpt_neox.layers.0.mlp.dense_h_to_4h.bias]  
Loading weights:   4%|4         | 13/292 [00:00<00:10, 27.80it/s, Materializing param=gpt_neox.layers.0.mlp.dense_h_to_4h.bias]
Loading weights:   5%|4         | 14/292 [00:00<00:10, 27.80it/s, Materializing param=gpt_neox.layers.0.mlp.dense_h_to_4h.weight]
Loading weights:   5%|4         | 14/292 [00:00<00:10, 27.80it/s, Materializing param=gpt_neox.layers.0.mlp.dense_h_to_4h.weight]
Loading weights:   5%|5         | 15/292 [00:00<00:09, 27.80it/s, Materializing param=gpt_neox.layers.0.post_attention_layernorm.bias]
Loading weights:   5%|5         | 15/292 [00:00<00:09, 27.80it/s, Materializing param=gpt_neox.layers.0.post_attention_layernorm.bias]
Loading weights:   5%|5         | 16/292 [00:00<00:09, 27.80it/s, Materializing param=gpt_neox.layers.0.post_attention_layernorm.weight]
Loading weights:   5%|5         | 16/292 [00:00<00:09, 27.80it/s, Materializing param=gpt_neox.layers.0.post_attention_layernorm.weight]
Loading weights:   6%|5         | 17/292 [00:00<00:09, 27.80it/s, Materializing param=gpt_neox.layers.1.attention.dense.bias]           
Loading weights:   6%|5         | 17/292 [00:00<00:09, 27.80it/s, Materializing param=gpt_neox.layers.1.attention.dense.bias]
Loading weights:   6%|6         | 18/292 [00:00<00:09, 27.80it/s, Materializing param=gpt_neox.layers.1.attention.dense.weight]
Loading weights:   6%|6         | 18/292 [00:00<00:09, 27.80it/s, Materializing param=gpt_neox.layers.1.attention.dense.weight]
Loading weights:   7%|6         | 19/292 [00:00<00:09, 27.80it/s, Materializing param=gpt_neox.layers.1.attention.query_key_value.bias]
Loading weights:   7%|6         | 19/292 [00:00<00:09, 27.80it/s, Materializing param=gpt_neox.layers.1.attention.query_key_value.bias]
Loading weights:   7%|6         | 20/292 [00:00<00:09, 27.80it/s, Materializing param=gpt_neox.layers.1.attention.query_key_value.weight]
Loading weights:   7%|6         | 20/292 [00:00<00:09, 27.80it/s, Materializing param=gpt_neox.layers.1.attention.query_key_value.weight]
Loading weights:   7%|7         | 21/292 [00:00<00:09, 27.80it/s, Materializing param=gpt_neox.layers.1.input_layernorm.bias]            
Loading weights:   7%|7         | 21/292 [00:00<00:09, 27.80it/s, Materializing param=gpt_neox.layers.1.input_layernorm.bias]
Loading weights:   8%|7         | 22/292 [00:00<00:09, 27.80it/s, Materializing param=gpt_neox.layers.1.input_layernorm.weight]
Loading weights:   8%|7         | 22/292 [00:00<00:09, 27.80it/s, Materializing param=gpt_neox.layers.1.input_layernorm.weight]
Loading weights:   8%|7         | 23/292 [00:00<00:09, 27.80it/s, Materializing param=gpt_neox.layers.1.mlp.dense_4h_to_h.bias]
Loading weights:   8%|7         | 23/292 [00:00<00:09, 27.80it/s, Materializing param=gpt_neox.layers.1.mlp.dense_4h_to_h.bias]
Loading weights:   8%|8         | 24/292 [00:00<00:09, 27.80it/s, Materializing param=gpt_neox.layers.1.mlp.dense_4h_to_h.weight]
Loading weights:   8%|8         | 24/292 [00:00<00:09, 27.80it/s, Materializing param=gpt_neox.layers.1.mlp.dense_4h_to_h.weight]
Loading weights:   9%|8         | 25/292 [00:00<00:09, 27.80it/s, Materializing param=gpt_neox.layers.1.mlp.dense_h_to_4h.bias]  
Loading weights:   9%|8         | 25/292 [00:00<00:09, 27.80it/s, Materializing param=gpt_neox.layers.1.mlp.dense_h_to_4h.bias]
Loading weights:   9%|8         | 26/292 [00:00<00:09, 27.80it/s, Materializing param=gpt_neox.layers.1.mlp.dense_h_to_4h.weight]
Loading weights:   9%|8         | 26/292 [00:00<00:09, 27.80it/s, Materializing param=gpt_neox.layers.1.mlp.dense_h_to_4h.weight]
Loading weights:   9%|9         | 27/292 [00:00<00:09, 27.80it/s, Materializing param=gpt_neox.layers.1.post_attention_layernorm.bias]
Loading weights:   9%|9         | 27/292 [00:00<00:09, 27.80it/s, Materializing param=gpt_neox.layers.1.post_attention_layernorm.bias]
Loading weights:  10%|9         | 28/292 [00:00<00:09, 27.80it/s, Materializing param=gpt_neox.layers.1.post_attention_layernorm.weight]
Loading weights:  10%|9         | 28/292 [00:00<00:09, 27.80it/s, Materializing param=gpt_neox.layers.1.post_attention_layernorm.weight]
Loading weights:  10%|9         | 29/292 [00:00<00:09, 27.80it/s, Materializing param=gpt_neox.layers.2.attention.dense.bias]           
Loading weights:  10%|9         | 29/292 [00:00<00:09, 27.80it/s, Materializing param=gpt_neox.layers.2.attention.dense.bias]
Loading weights:  10%|#         | 30/292 [00:00<00:09, 27.80it/s, Materializing param=gpt_neox.layers.2.attention.dense.weight]
Loading weights:  10%|#         | 30/292 [00:00<00:09, 27.80it/s, Materializing param=gpt_neox.layers.2.attention.dense.weight]
Loading weights:  11%|#         | 31/292 [00:00<00:09, 27.80it/s, Materializing param=gpt_neox.layers.2.attention.query_key_value.bias]
Loading weights:  11%|#         | 31/292 [00:00<00:09, 27.80it/s, Materializing param=gpt_neox.layers.2.attention.query_key_value.bias]
Loading weights:  11%|#         | 32/292 [00:00<00:09, 27.80it/s, Materializing param=gpt_neox.layers.2.attention.query_key_value.weight]
Loading weights:  11%|#         | 32/292 [00:00<00:09, 27.80it/s, Materializing param=gpt_neox.layers.2.attention.query_key_value.weight]
Loading weights:  11%|#1        | 33/292 [00:00<00:09, 27.80it/s, Materializing param=gpt_neox.layers.2.input_layernorm.bias]            
Loading weights:  11%|#1        | 33/292 [00:00<00:09, 27.80it/s, Materializing param=gpt_neox.layers.2.input_layernorm.bias]
Loading weights:  12%|#1        | 34/292 [00:00<00:09, 27.80it/s, Materializing param=gpt_neox.layers.2.input_layernorm.weight]
Loading weights:  12%|#1        | 34/292 [00:00<00:09, 27.80it/s, Materializing param=gpt_neox.layers.2.input_layernorm.weight]
Loading weights:  12%|#1        | 35/292 [00:00<00:09, 27.80it/s, Materializing param=gpt_neox.layers.2.mlp.dense_4h_to_h.bias]
Loading weights:  12%|#1        | 35/292 [00:00<00:09, 27.80it/s, Materializing param=gpt_neox.layers.2.mlp.dense_4h_to_h.bias]
Loading weights:  12%|#2        | 36/292 [00:00<00:09, 27.80it/s, Materializing param=gpt_neox.layers.2.mlp.dense_4h_to_h.weight]
Loading weights:  12%|#2        | 36/292 [00:00<00:09, 27.80it/s, Materializing param=gpt_neox.layers.2.mlp.dense_4h_to_h.weight]
Loading weights:  13%|#2        | 37/292 [00:00<00:09, 27.80it/s, Materializing param=gpt_neox.layers.2.mlp.dense_h_to_4h.bias]  
Loading weights:  13%|#2        | 37/292 [00:00<00:09, 27.80it/s, Materializing param=gpt_neox.layers.2.mlp.dense_h_to_4h.bias]
Loading weights:  13%|#3        | 38/292 [00:00<00:01, 211.29it/s, Materializing param=gpt_neox.layers.2.mlp.dense_h_to_4h.bias]
Loading weights:  13%|#3        | 38/292 [00:00<00:01, 211.29it/s, Materializing param=gpt_neox.layers.2.mlp.dense_h_to_4h.weight]
Loading weights:  13%|#3        | 38/292 [00:00<00:01, 211.29it/s, Materializing param=gpt_neox.layers.2.mlp.dense_h_to_4h.weight]
Loading weights:  13%|#3        | 39/292 [00:00<00:01, 211.29it/s, Materializing param=gpt_neox.layers.2.post_attention_layernorm.bias]
Loading weights:  13%|#3        | 39/292 [00:00<00:01, 211.29it/s, Materializing param=gpt_neox.layers.2.post_attention_layernorm.bias]
Loading weights:  14%|#3        | 40/292 [00:00<00:01, 211.29it/s, Materializing param=gpt_neox.layers.2.post_attention_layernorm.weight]
Loading weights:  14%|#3        | 40/292 [00:00<00:01, 211.29it/s, Materializing param=gpt_neox.layers.2.post_attention_layernorm.weight]
Loading weights:  14%|#4        | 41/292 [00:00<00:01, 211.29it/s, Materializing param=gpt_neox.layers.3.attention.dense.bias]           
Loading weights:  14%|#4        | 41/292 [00:00<00:01, 211.29it/s, Materializing param=gpt_neox.layers.3.attention.dense.bias]
Loading weights:  14%|#4        | 42/292 [00:00<00:01, 211.29it/s, Materializing param=gpt_neox.layers.3.attention.dense.weight]
Loading weights:  14%|#4        | 42/292 [00:00<00:01, 211.29it/s, Materializing param=gpt_neox.layers.3.attention.dense.weight]
Loading weights:  15%|#4        | 43/292 [00:00<00:01, 211.29it/s, Materializing param=gpt_neox.layers.3.attention.query_key_value.bias]
Loading weights:  15%|#4        | 43/292 [00:00<00:01, 211.29it/s, Materializing param=gpt_neox.layers.3.attention.query_key_value.bias]
Loading weights:  15%|#5        | 44/292 [00:00<00:01, 211.29it/s, Materializing param=gpt_neox.layers.3.attention.query_key_value.weight]
Loading weights:  15%|#5        | 44/292 [00:00<00:01, 211.29it/s, Materializing param=gpt_neox.layers.3.attention.query_key_value.weight]
Loading weights:  15%|#5        | 45/292 [00:00<00:01, 211.29it/s, Materializing param=gpt_neox.layers.3.input_layernorm.bias]            
Loading weights:  15%|#5        | 45/292 [00:00<00:01, 211.29it/s, Materializing param=gpt_neox.layers.3.input_layernorm.bias]
Loading weights:  16%|#5        | 46/292 [00:00<00:01, 211.29it/s, Materializing param=gpt_neox.layers.3.input_layernorm.weight]
Loading weights:  16%|#5        | 46/292 [00:00<00:01, 211.29it/s, Materializing param=gpt_neox.layers.3.input_layernorm.weight]
Loading weights:  16%|#6        | 47/292 [00:00<00:01, 211.29it/s, Materializing param=gpt_neox.layers.3.mlp.dense_4h_to_h.bias]
Loading weights:  16%|#6        | 47/292 [00:00<00:01, 211.29it/s, Materializing param=gpt_neox.layers.3.mlp.dense_4h_to_h.bias]
Loading weights:  16%|#6        | 48/292 [00:00<00:01, 211.29it/s, Materializing param=gpt_neox.layers.3.mlp.dense_4h_to_h.weight]
Loading weights:  16%|#6        | 48/292 [00:00<00:01, 211.29it/s, Materializing param=gpt_neox.layers.3.mlp.dense_4h_to_h.weight]
Loading weights:  17%|#6        | 49/292 [00:00<00:01, 211.29it/s, Materializing param=gpt_neox.layers.3.mlp.dense_h_to_4h.bias]  
Loading weights:  17%|#6        | 49/292 [00:00<00:01, 211.29it/s, Materializing param=gpt_neox.layers.3.mlp.dense_h_to_4h.bias]
Loading weights:  17%|#7        | 50/292 [00:00<00:01, 211.29it/s, Materializing param=gpt_neox.layers.3.mlp.dense_h_to_4h.weight]
Loading weights:  17%|#7        | 50/292 [00:00<00:01, 211.29it/s, Materializing param=gpt_neox.layers.3.mlp.dense_h_to_4h.weight]
Loading weights:  17%|#7        | 51/292 [00:00<00:01, 211.29it/s, Materializing param=gpt_neox.layers.3.post_attention_layernorm.bias]
Loading weights:  17%|#7        | 51/292 [00:00<00:01, 211.29it/s, Materializing param=gpt_neox.layers.3.post_attention_layernorm.bias]
Loading weights:  18%|#7        | 52/292 [00:00<00:01, 211.29it/s, Materializing param=gpt_neox.layers.3.post_attention_layernorm.weight]
Loading weights:  18%|#7        | 52/292 [00:00<00:01, 211.29it/s, Materializing param=gpt_neox.layers.3.post_attention_layernorm.weight]
Loading weights:  18%|#8        | 53/292 [00:00<00:01, 211.29it/s, Materializing param=gpt_neox.layers.4.attention.dense.bias]           
Loading weights:  18%|#8        | 53/292 [00:00<00:01, 211.29it/s, Materializing param=gpt_neox.layers.4.attention.dense.bias]
Loading weights:  18%|#8        | 54/292 [00:00<00:01, 211.29it/s, Materializing param=gpt_neox.layers.4.attention.dense.weight]
Loading weights:  18%|#8        | 54/292 [00:00<00:01, 211.29it/s, Materializing param=gpt_neox.layers.4.attention.dense.weight]
Loading weights:  19%|#8        | 55/292 [00:00<00:01, 211.29it/s, Materializing param=gpt_neox.layers.4.attention.query_key_value.bias]
Loading weights:  19%|#8        | 55/292 [00:00<00:01, 211.29it/s, Materializing param=gpt_neox.layers.4.attention.query_key_value.bias]
Loading weights:  19%|#9        | 56/292 [00:00<00:01, 211.29it/s, Materializing param=gpt_neox.layers.4.attention.query_key_value.weight]
Loading weights:  19%|#9        | 56/292 [00:00<00:01, 211.29it/s, Materializing param=gpt_neox.layers.4.attention.query_key_value.weight]
Loading weights:  20%|#9        | 57/292 [00:00<00:01, 211.29it/s, Materializing param=gpt_neox.layers.4.input_layernorm.bias]            
Loading weights:  20%|#9        | 57/292 [00:00<00:01, 211.29it/s, Materializing param=gpt_neox.layers.4.input_layernorm.bias]
Loading weights:  20%|#9        | 58/292 [00:00<00:01, 211.29it/s, Materializing param=gpt_neox.layers.4.input_layernorm.weight]
Loading weights:  20%|#9        | 58/292 [00:00<00:01, 211.29it/s, Materializing param=gpt_neox.layers.4.input_layernorm.weight]
Loading weights:  20%|##        | 59/292 [00:00<00:01, 211.29it/s, Materializing param=gpt_neox.layers.4.mlp.dense_4h_to_h.bias]
Loading weights:  20%|##        | 59/292 [00:00<00:01, 211.29it/s, Materializing param=gpt_neox.layers.4.mlp.dense_4h_to_h.bias]
Loading weights:  21%|##        | 60/292 [00:00<00:01, 211.29it/s, Materializing param=gpt_neox.layers.4.mlp.dense_4h_to_h.weight]
Loading weights:  21%|##        | 60/292 [00:00<00:01, 211.29it/s, Materializing param=gpt_neox.layers.4.mlp.dense_4h_to_h.weight]
Loading weights:  21%|##        | 61/292 [00:00<00:01, 211.29it/s, Materializing param=gpt_neox.layers.4.mlp.dense_h_to_4h.bias]  
Loading weights:  21%|##        | 61/292 [00:00<00:01, 211.29it/s, Materializing param=gpt_neox.layers.4.mlp.dense_h_to_4h.bias]
Loading weights:  21%|##1       | 62/292 [00:00<00:01, 211.29it/s, Materializing param=gpt_neox.layers.4.mlp.dense_h_to_4h.weight]
Loading weights:  21%|##1       | 62/292 [00:00<00:01, 211.29it/s, Materializing param=gpt_neox.layers.4.mlp.dense_h_to_4h.weight]
Loading weights:  22%|##1       | 63/292 [00:00<00:01, 225.00it/s, Materializing param=gpt_neox.layers.4.mlp.dense_h_to_4h.weight]
Loading weights:  22%|##1       | 63/292 [00:00<00:01, 225.00it/s, Materializing param=gpt_neox.layers.4.post_attention_layernorm.bias]
Loading weights:  22%|##1       | 63/292 [00:00<00:01, 225.00it/s, Materializing param=gpt_neox.layers.4.post_attention_layernorm.bias]
Loading weights:  22%|##1       | 64/292 [00:00<00:01, 225.00it/s, Materializing param=gpt_neox.layers.4.post_attention_layernorm.weight]
Loading weights:  22%|##1       | 64/292 [00:00<00:01, 225.00it/s, Materializing param=gpt_neox.layers.4.post_attention_layernorm.weight]
Loading weights:  22%|##2       | 65/292 [00:00<00:01, 225.00it/s, Materializing param=gpt_neox.layers.5.attention.dense.bias]           
Loading weights:  22%|##2       | 65/292 [00:00<00:01, 225.00it/s, Materializing param=gpt_neox.layers.5.attention.dense.bias]
Loading weights:  23%|##2       | 66/292 [00:00<00:01, 225.00it/s, Materializing param=gpt_neox.layers.5.attention.dense.weight]
Loading weights:  23%|##2       | 66/292 [00:00<00:01, 225.00it/s, Materializing param=gpt_neox.layers.5.attention.dense.weight]
Loading weights:  23%|##2       | 67/292 [00:00<00:01, 225.00it/s, Materializing param=gpt_neox.layers.5.attention.query_key_value.bias]
Loading weights:  23%|##2       | 67/292 [00:00<00:01, 225.00it/s, Materializing param=gpt_neox.layers.5.attention.query_key_value.bias]
Loading weights:  23%|##3       | 68/292 [00:00<00:00, 225.00it/s, Materializing param=gpt_neox.layers.5.attention.query_key_value.weight]
Loading weights:  23%|##3       | 68/292 [00:00<00:00, 225.00it/s, Materializing param=gpt_neox.layers.5.attention.query_key_value.weight]
Loading weights:  24%|##3       | 69/292 [00:00<00:00, 225.00it/s, Materializing param=gpt_neox.layers.5.input_layernorm.bias]            
Loading weights:  24%|##3       | 69/292 [00:00<00:00, 225.00it/s, Materializing param=gpt_neox.layers.5.input_layernorm.bias]
Loading weights:  24%|##3       | 70/292 [00:00<00:00, 225.00it/s, Materializing param=gpt_neox.layers.5.input_layernorm.weight]
Loading weights:  24%|##3       | 70/292 [00:00<00:00, 225.00it/s, Materializing param=gpt_neox.layers.5.input_layernorm.weight]
Loading weights:  24%|##4       | 71/292 [00:00<00:00, 225.00it/s, Materializing param=gpt_neox.layers.5.mlp.dense_4h_to_h.bias]
Loading weights:  24%|##4       | 71/292 [00:00<00:00, 225.00it/s, Materializing param=gpt_neox.layers.5.mlp.dense_4h_to_h.bias]
Loading weights:  25%|##4       | 72/292 [00:00<00:00, 225.00it/s, Materializing param=gpt_neox.layers.5.mlp.dense_4h_to_h.weight]
Loading weights:  25%|##4       | 72/292 [00:00<00:00, 225.00it/s, Materializing param=gpt_neox.layers.5.mlp.dense_4h_to_h.weight]
Loading weights:  25%|##5       | 73/292 [00:00<00:00, 225.00it/s, Materializing param=gpt_neox.layers.5.mlp.dense_h_to_4h.bias]  
Loading weights:  25%|##5       | 73/292 [00:00<00:00, 225.00it/s, Materializing param=gpt_neox.layers.5.mlp.dense_h_to_4h.bias]
Loading weights:  25%|##5       | 74/292 [00:00<00:00, 225.00it/s, Materializing param=gpt_neox.layers.5.mlp.dense_h_to_4h.weight]
Loading weights:  25%|##5       | 74/292 [00:00<00:00, 225.00it/s, Materializing param=gpt_neox.layers.5.mlp.dense_h_to_4h.weight]
Loading weights:  26%|##5       | 75/292 [00:00<00:00, 225.00it/s, Materializing param=gpt_neox.layers.5.post_attention_layernorm.bias]
Loading weights:  26%|##5       | 75/292 [00:00<00:00, 225.00it/s, Materializing param=gpt_neox.layers.5.post_attention_layernorm.bias]
Loading weights:  26%|##6       | 76/292 [00:00<00:00, 225.00it/s, Materializing param=gpt_neox.layers.5.post_attention_layernorm.weight]
Loading weights:  26%|##6       | 76/292 [00:00<00:00, 225.00it/s, Materializing param=gpt_neox.layers.5.post_attention_layernorm.weight]
Loading weights:  26%|##6       | 77/292 [00:00<00:00, 225.00it/s, Materializing param=gpt_neox.layers.6.attention.dense.bias]           
Loading weights:  26%|##6       | 77/292 [00:00<00:00, 225.00it/s, Materializing param=gpt_neox.layers.6.attention.dense.bias]
Loading weights:  27%|##6       | 78/292 [00:00<00:00, 225.00it/s, Materializing param=gpt_neox.layers.6.attention.dense.weight]
Loading weights:  27%|##6       | 78/292 [00:00<00:00, 225.00it/s, Materializing param=gpt_neox.layers.6.attention.dense.weight]
Loading weights:  27%|##7       | 79/292 [00:00<00:00, 225.00it/s, Materializing param=gpt_neox.layers.6.attention.query_key_value.bias]
Loading weights:  27%|##7       | 79/292 [00:00<00:00, 225.00it/s, Materializing param=gpt_neox.layers.6.attention.query_key_value.bias]
Loading weights:  27%|##7       | 80/292 [00:00<00:00, 225.00it/s, Materializing param=gpt_neox.layers.6.attention.query_key_value.weight]
Loading weights:  27%|##7       | 80/292 [00:00<00:00, 225.00it/s, Materializing param=gpt_neox.layers.6.attention.query_key_value.weight]
Loading weights:  28%|##7       | 81/292 [00:00<00:00, 225.00it/s, Materializing param=gpt_neox.layers.6.input_layernorm.bias]            
Loading weights:  28%|##7       | 81/292 [00:00<00:00, 225.00it/s, Materializing param=gpt_neox.layers.6.input_layernorm.bias]
Loading weights:  28%|##8       | 82/292 [00:00<00:00, 225.00it/s, Materializing param=gpt_neox.layers.6.input_layernorm.weight]
Loading weights:  28%|##8       | 82/292 [00:00<00:00, 225.00it/s, Materializing param=gpt_neox.layers.6.input_layernorm.weight]
Loading weights:  28%|##8       | 83/292 [00:00<00:00, 225.00it/s, Materializing param=gpt_neox.layers.6.mlp.dense_4h_to_h.bias]
Loading weights:  28%|##8       | 83/292 [00:00<00:00, 225.00it/s, Materializing param=gpt_neox.layers.6.mlp.dense_4h_to_h.bias]
Loading weights:  29%|##8       | 84/292 [00:00<00:00, 225.00it/s, Materializing param=gpt_neox.layers.6.mlp.dense_4h_to_h.weight]
Loading weights:  29%|##8       | 84/292 [00:00<00:00, 225.00it/s, Materializing param=gpt_neox.layers.6.mlp.dense_4h_to_h.weight]
Loading weights:  29%|##9       | 85/292 [00:00<00:00, 225.00it/s, Materializing param=gpt_neox.layers.6.mlp.dense_h_to_4h.bias]  
Loading weights:  29%|##9       | 85/292 [00:00<00:00, 225.00it/s, Materializing param=gpt_neox.layers.6.mlp.dense_h_to_4h.bias]
Loading weights:  29%|##9       | 86/292 [00:00<00:00, 225.00it/s, Materializing param=gpt_neox.layers.6.mlp.dense_h_to_4h.weight]
Loading weights:  29%|##9       | 86/292 [00:00<00:00, 225.00it/s, Materializing param=gpt_neox.layers.6.mlp.dense_h_to_4h.weight]
Loading weights:  30%|##9       | 87/292 [00:00<00:01, 186.59it/s, Materializing param=gpt_neox.layers.6.mlp.dense_h_to_4h.weight]
Loading weights:  30%|##9       | 87/292 [00:00<00:01, 186.59it/s, Materializing param=gpt_neox.layers.6.post_attention_layernorm.bias]
Loading weights:  30%|##9       | 87/292 [00:00<00:01, 186.59it/s, Materializing param=gpt_neox.layers.6.post_attention_layernorm.bias]
Loading weights:  30%|###       | 88/292 [00:00<00:01, 186.59it/s, Materializing param=gpt_neox.layers.6.post_attention_layernorm.weight]
Loading weights:  30%|###       | 88/292 [00:00<00:01, 186.59it/s, Materializing param=gpt_neox.layers.6.post_attention_layernorm.weight]
Loading weights:  30%|###       | 89/292 [00:00<00:01, 186.59it/s, Materializing param=gpt_neox.layers.7.attention.dense.bias]           
Loading weights:  30%|###       | 89/292 [00:00<00:01, 186.59it/s, Materializing param=gpt_neox.layers.7.attention.dense.bias]
Loading weights:  31%|###       | 90/292 [00:00<00:01, 186.59it/s, Materializing param=gpt_neox.layers.7.attention.dense.weight]
Loading weights:  31%|###       | 90/292 [00:00<00:01, 186.59it/s, Materializing param=gpt_neox.layers.7.attention.dense.weight]
Loading weights:  31%|###1      | 91/292 [00:00<00:01, 186.59it/s, Materializing param=gpt_neox.layers.7.attention.query_key_value.bias]
Loading weights:  31%|###1      | 91/292 [00:00<00:01, 186.59it/s, Materializing param=gpt_neox.layers.7.attention.query_key_value.bias]
Loading weights:  32%|###1      | 92/292 [00:00<00:01, 186.59it/s, Materializing param=gpt_neox.layers.7.attention.query_key_value.weight]
Loading weights:  32%|###1      | 92/292 [00:00<00:01, 186.59it/s, Materializing param=gpt_neox.layers.7.attention.query_key_value.weight]
Loading weights:  32%|###1      | 93/292 [00:00<00:01, 186.59it/s, Materializing param=gpt_neox.layers.7.input_layernorm.bias]            
Loading weights:  32%|###1      | 93/292 [00:00<00:01, 186.59it/s, Materializing param=gpt_neox.layers.7.input_layernorm.bias]
Loading weights:  32%|###2      | 94/292 [00:00<00:01, 186.59it/s, Materializing param=gpt_neox.layers.7.input_layernorm.weight]
Loading weights:  32%|###2      | 94/292 [00:00<00:01, 186.59it/s, Materializing param=gpt_neox.layers.7.input_layernorm.weight]
Loading weights:  33%|###2      | 95/292 [00:00<00:01, 186.59it/s, Materializing param=gpt_neox.layers.7.mlp.dense_4h_to_h.bias]
Loading weights:  33%|###2      | 95/292 [00:00<00:01, 186.59it/s, Materializing param=gpt_neox.layers.7.mlp.dense_4h_to_h.bias]
Loading weights:  33%|###2      | 96/292 [00:00<00:01, 186.59it/s, Materializing param=gpt_neox.layers.7.mlp.dense_4h_to_h.weight]
Loading weights:  33%|###2      | 96/292 [00:00<00:01, 186.59it/s, Materializing param=gpt_neox.layers.7.mlp.dense_4h_to_h.weight]
Loading weights:  33%|###3      | 97/292 [00:00<00:01, 186.59it/s, Materializing param=gpt_neox.layers.7.mlp.dense_h_to_4h.bias]  
Loading weights:  33%|###3      | 97/292 [00:00<00:01, 186.59it/s, Materializing param=gpt_neox.layers.7.mlp.dense_h_to_4h.bias]
Loading weights:  34%|###3      | 98/292 [00:00<00:01, 186.59it/s, Materializing param=gpt_neox.layers.7.mlp.dense_h_to_4h.weight]
Loading weights:  34%|###3      | 98/292 [00:00<00:01, 186.59it/s, Materializing param=gpt_neox.layers.7.mlp.dense_h_to_4h.weight]
Loading weights:  34%|###3      | 99/292 [00:00<00:01, 186.59it/s, Materializing param=gpt_neox.layers.7.post_attention_layernorm.bias]
Loading weights:  34%|###3      | 99/292 [00:00<00:01, 186.59it/s, Materializing param=gpt_neox.layers.7.post_attention_layernorm.bias]
Loading weights:  34%|###4      | 100/292 [00:00<00:01, 186.59it/s, Materializing param=gpt_neox.layers.7.post_attention_layernorm.weight]
Loading weights:  34%|###4      | 100/292 [00:00<00:01, 186.59it/s, Materializing param=gpt_neox.layers.7.post_attention_layernorm.weight]
Loading weights:  35%|###4      | 101/292 [00:00<00:01, 186.59it/s, Materializing param=gpt_neox.layers.8.attention.dense.bias]           
Loading weights:  35%|###4      | 101/292 [00:00<00:01, 186.59it/s, Materializing param=gpt_neox.layers.8.attention.dense.bias]
Loading weights:  35%|###4      | 102/292 [00:00<00:01, 186.59it/s, Materializing param=gpt_neox.layers.8.attention.dense.weight]
Loading weights:  35%|###4      | 102/292 [00:00<00:01, 186.59it/s, Materializing param=gpt_neox.layers.8.attention.dense.weight]
Loading weights:  35%|###5      | 103/292 [00:00<00:01, 186.59it/s, Materializing param=gpt_neox.layers.8.attention.query_key_value.bias]
Loading weights:  35%|###5      | 103/292 [00:00<00:01, 186.59it/s, Materializing param=gpt_neox.layers.8.attention.query_key_value.bias]
Loading weights:  36%|###5      | 104/292 [00:00<00:01, 186.59it/s, Materializing param=gpt_neox.layers.8.attention.query_key_value.weight]
Loading weights:  36%|###5      | 104/292 [00:00<00:01, 186.59it/s, Materializing param=gpt_neox.layers.8.attention.query_key_value.weight]
Loading weights:  36%|###5      | 105/292 [00:00<00:01, 186.59it/s, Materializing param=gpt_neox.layers.8.input_layernorm.bias]            
Loading weights:  36%|###5      | 105/292 [00:00<00:01, 186.59it/s, Materializing param=gpt_neox.layers.8.input_layernorm.bias]
Loading weights:  36%|###6      | 106/292 [00:00<00:00, 186.59it/s, Materializing param=gpt_neox.layers.8.input_layernorm.weight]
Loading weights:  36%|###6      | 106/292 [00:00<00:00, 186.59it/s, Materializing param=gpt_neox.layers.8.input_layernorm.weight]
Loading weights:  37%|###6      | 107/292 [00:00<00:00, 186.59it/s, Materializing param=gpt_neox.layers.8.mlp.dense_4h_to_h.bias]
Loading weights:  37%|###6      | 107/292 [00:00<00:00, 186.59it/s, Materializing param=gpt_neox.layers.8.mlp.dense_4h_to_h.bias]
Loading weights:  37%|###6      | 108/292 [00:00<00:00, 186.59it/s, Materializing param=gpt_neox.layers.8.mlp.dense_4h_to_h.weight]
Loading weights:  37%|###6      | 108/292 [00:00<00:00, 186.59it/s, Materializing param=gpt_neox.layers.8.mlp.dense_4h_to_h.weight]
Loading weights:  37%|###7      | 109/292 [00:00<00:00, 192.32it/s, Materializing param=gpt_neox.layers.8.mlp.dense_4h_to_h.weight]
Loading weights:  37%|###7      | 109/292 [00:00<00:00, 192.32it/s, Materializing param=gpt_neox.layers.8.mlp.dense_h_to_4h.bias]  
Loading weights:  37%|###7      | 109/292 [00:00<00:00, 192.32it/s, Materializing param=gpt_neox.layers.8.mlp.dense_h_to_4h.bias]
Loading weights:  38%|###7      | 110/292 [00:00<00:00, 192.32it/s, Materializing param=gpt_neox.layers.8.mlp.dense_h_to_4h.weight]
Loading weights:  38%|###7      | 110/292 [00:00<00:00, 192.32it/s, Materializing param=gpt_neox.layers.8.mlp.dense_h_to_4h.weight]
Loading weights:  38%|###8      | 111/292 [00:00<00:00, 192.32it/s, Materializing param=gpt_neox.layers.8.post_attention_layernorm.bias]
Loading weights:  38%|###8      | 111/292 [00:00<00:00, 192.32it/s, Materializing param=gpt_neox.layers.8.post_attention_layernorm.bias]
Loading weights:  38%|###8      | 112/292 [00:00<00:00, 192.32it/s, Materializing param=gpt_neox.layers.8.post_attention_layernorm.weight]
Loading weights:  38%|###8      | 112/292 [00:00<00:00, 192.32it/s, Materializing param=gpt_neox.layers.8.post_attention_layernorm.weight]
Loading weights:  39%|###8      | 113/292 [00:00<00:00, 192.32it/s, Materializing param=gpt_neox.layers.9.attention.dense.bias]           
Loading weights:  39%|###8      | 113/292 [00:00<00:00, 192.32it/s, Materializing param=gpt_neox.layers.9.attention.dense.bias]
Loading weights:  39%|###9      | 114/292 [00:00<00:00, 192.32it/s, Materializing param=gpt_neox.layers.9.attention.dense.weight]
Loading weights:  39%|###9      | 114/292 [00:00<00:00, 192.32it/s, Materializing param=gpt_neox.layers.9.attention.dense.weight]
Loading weights:  39%|###9      | 115/292 [00:00<00:00, 192.32it/s, Materializing param=gpt_neox.layers.9.attention.query_key_value.bias]
Loading weights:  39%|###9      | 115/292 [00:00<00:00, 192.32it/s, Materializing param=gpt_neox.layers.9.attention.query_key_value.bias]
Loading weights:  40%|###9      | 116/292 [00:00<00:00, 192.32it/s, Materializing param=gpt_neox.layers.9.attention.query_key_value.weight]
Loading weights:  40%|###9      | 116/292 [00:00<00:00, 192.32it/s, Materializing param=gpt_neox.layers.9.attention.query_key_value.weight]
Loading weights:  40%|####      | 117/292 [00:00<00:00, 192.32it/s, Materializing param=gpt_neox.layers.9.input_layernorm.bias]            
Loading weights:  40%|####      | 117/292 [00:00<00:00, 192.32it/s, Materializing param=gpt_neox.layers.9.input_layernorm.bias]
Loading weights:  40%|####      | 118/292 [00:00<00:00, 192.32it/s, Materializing param=gpt_neox.layers.9.input_layernorm.weight]
Loading weights:  40%|####      | 118/292 [00:00<00:00, 192.32it/s, Materializing param=gpt_neox.layers.9.input_layernorm.weight]
Loading weights:  41%|####      | 119/292 [00:00<00:00, 192.32it/s, Materializing param=gpt_neox.layers.9.mlp.dense_4h_to_h.bias]
Loading weights:  41%|####      | 119/292 [00:00<00:00, 192.32it/s, Materializing param=gpt_neox.layers.9.mlp.dense_4h_to_h.bias]
Loading weights:  41%|####1     | 120/292 [00:00<00:00, 192.32it/s, Materializing param=gpt_neox.layers.9.mlp.dense_4h_to_h.weight]
Loading weights:  41%|####1     | 120/292 [00:00<00:00, 192.32it/s, Materializing param=gpt_neox.layers.9.mlp.dense_4h_to_h.weight]
Loading weights:  41%|####1     | 121/292 [00:00<00:00, 192.32it/s, Materializing param=gpt_neox.layers.9.mlp.dense_h_to_4h.bias]  
Loading weights:  41%|####1     | 121/292 [00:00<00:00, 192.32it/s, Materializing param=gpt_neox.layers.9.mlp.dense_h_to_4h.bias]
Loading weights:  42%|####1     | 122/292 [00:00<00:00, 192.32it/s, Materializing param=gpt_neox.layers.9.mlp.dense_h_to_4h.weight]
Loading weights:  42%|####1     | 122/292 [00:00<00:00, 192.32it/s, Materializing param=gpt_neox.layers.9.mlp.dense_h_to_4h.weight]
Loading weights:  42%|####2     | 123/292 [00:00<00:00, 192.32it/s, Materializing param=gpt_neox.layers.9.post_attention_layernorm.bias]
Loading weights:  42%|####2     | 123/292 [00:00<00:00, 192.32it/s, Materializing param=gpt_neox.layers.9.post_attention_layernorm.bias]
Loading weights:  42%|####2     | 124/292 [00:00<00:00, 192.32it/s, Materializing param=gpt_neox.layers.9.post_attention_layernorm.weight]
Loading weights:  42%|####2     | 124/292 [00:00<00:00, 192.32it/s, Materializing param=gpt_neox.layers.9.post_attention_layernorm.weight]
Loading weights:  43%|####2     | 125/292 [00:00<00:00, 192.32it/s, Materializing param=gpt_neox.layers.10.attention.dense.bias]          
Loading weights:  43%|####2     | 125/292 [00:00<00:00, 192.32it/s, Materializing param=gpt_neox.layers.10.attention.dense.bias]
Loading weights:  43%|####3     | 126/292 [00:00<00:00, 192.32it/s, Materializing param=gpt_neox.layers.10.attention.dense.weight]
Loading weights:  43%|####3     | 126/292 [00:00<00:00, 192.32it/s, Materializing param=gpt_neox.layers.10.attention.dense.weight]
Loading weights:  43%|####3     | 127/292 [00:00<00:00, 192.32it/s, Materializing param=gpt_neox.layers.10.attention.query_key_value.bias]
Loading weights:  43%|####3     | 127/292 [00:00<00:00, 192.32it/s, Materializing param=gpt_neox.layers.10.attention.query_key_value.bias]
Loading weights:  44%|####3     | 128/292 [00:00<00:00, 192.32it/s, Materializing param=gpt_neox.layers.10.attention.query_key_value.weight]
Loading weights:  44%|####3     | 128/292 [00:00<00:00, 192.32it/s, Materializing param=gpt_neox.layers.10.attention.query_key_value.weight]
Loading weights:  44%|####4     | 129/292 [00:00<00:00, 191.74it/s, Materializing param=gpt_neox.layers.10.attention.query_key_value.weight]
Loading weights:  44%|####4     | 129/292 [00:00<00:00, 191.74it/s, Materializing param=gpt_neox.layers.10.input_layernorm.bias]            
Loading weights:  44%|####4     | 129/292 [00:00<00:00, 191.74it/s, Materializing param=gpt_neox.layers.10.input_layernorm.bias]
Loading weights:  45%|####4     | 130/292 [00:00<00:00, 191.74it/s, Materializing param=gpt_neox.layers.10.input_layernorm.weight]
Loading weights:  45%|####4     | 130/292 [00:00<00:00, 191.74it/s, Materializing param=gpt_neox.layers.10.input_layernorm.weight]
Loading weights:  45%|####4     | 131/292 [00:00<00:00, 191.74it/s, Materializing param=gpt_neox.layers.10.mlp.dense_4h_to_h.bias]
Loading weights:  45%|####4     | 131/292 [00:00<00:00, 191.74it/s, Materializing param=gpt_neox.layers.10.mlp.dense_4h_to_h.bias]
Loading weights:  45%|####5     | 132/292 [00:00<00:00, 191.74it/s, Materializing param=gpt_neox.layers.10.mlp.dense_4h_to_h.weight]
Loading weights:  45%|####5     | 132/292 [00:00<00:00, 191.74it/s, Materializing param=gpt_neox.layers.10.mlp.dense_4h_to_h.weight]
Loading weights:  46%|####5     | 133/292 [00:00<00:00, 191.74it/s, Materializing param=gpt_neox.layers.10.mlp.dense_h_to_4h.bias]  
Loading weights:  46%|####5     | 133/292 [00:00<00:00, 191.74it/s, Materializing param=gpt_neox.layers.10.mlp.dense_h_to_4h.bias]
Loading weights:  46%|####5     | 134/292 [00:00<00:00, 191.74it/s, Materializing param=gpt_neox.layers.10.mlp.dense_h_to_4h.weight]
Loading weights:  46%|####5     | 134/292 [00:00<00:00, 191.74it/s, Materializing param=gpt_neox.layers.10.mlp.dense_h_to_4h.weight]
Loading weights:  46%|####6     | 135/292 [00:00<00:00, 191.74it/s, Materializing param=gpt_neox.layers.10.post_attention_layernorm.bias]
Loading weights:  46%|####6     | 135/292 [00:00<00:00, 191.74it/s, Materializing param=gpt_neox.layers.10.post_attention_layernorm.bias]
Loading weights:  47%|####6     | 136/292 [00:00<00:00, 191.74it/s, Materializing param=gpt_neox.layers.10.post_attention_layernorm.weight]
Loading weights:  47%|####6     | 136/292 [00:00<00:00, 191.74it/s, Materializing param=gpt_neox.layers.10.post_attention_layernorm.weight]
Loading weights:  47%|####6     | 137/292 [00:00<00:00, 191.74it/s, Materializing param=gpt_neox.layers.11.attention.dense.bias]           
Loading weights:  47%|####6     | 137/292 [00:00<00:00, 191.74it/s, Materializing param=gpt_neox.layers.11.attention.dense.bias]
Loading weights:  47%|####7     | 138/292 [00:00<00:00, 191.74it/s, Materializing param=gpt_neox.layers.11.attention.dense.weight]
Loading weights:  47%|####7     | 138/292 [00:00<00:00, 191.74it/s, Materializing param=gpt_neox.layers.11.attention.dense.weight]
Loading weights:  48%|####7     | 139/292 [00:00<00:00, 191.74it/s, Materializing param=gpt_neox.layers.11.attention.query_key_value.bias]
Loading weights:  48%|####7     | 139/292 [00:00<00:00, 191.74it/s, Materializing param=gpt_neox.layers.11.attention.query_key_value.bias]
Loading weights:  48%|####7     | 140/292 [00:00<00:00, 191.74it/s, Materializing param=gpt_neox.layers.11.attention.query_key_value.weight]
Loading weights:  48%|####7     | 140/292 [00:00<00:00, 191.74it/s, Materializing param=gpt_neox.layers.11.attention.query_key_value.weight]
Loading weights:  48%|####8     | 141/292 [00:00<00:00, 191.74it/s, Materializing param=gpt_neox.layers.11.input_layernorm.bias]            
Loading weights:  48%|####8     | 141/292 [00:00<00:00, 191.74it/s, Materializing param=gpt_neox.layers.11.input_layernorm.bias]
Loading weights:  49%|####8     | 142/292 [00:00<00:00, 191.74it/s, Materializing param=gpt_neox.layers.11.input_layernorm.weight]
Loading weights:  49%|####8     | 142/292 [00:00<00:00, 191.74it/s, Materializing param=gpt_neox.layers.11.input_layernorm.weight]
Loading weights:  49%|####8     | 143/292 [00:00<00:00, 191.74it/s, Materializing param=gpt_neox.layers.11.mlp.dense_4h_to_h.bias]
Loading weights:  49%|####8     | 143/292 [00:00<00:00, 191.74it/s, Materializing param=gpt_neox.layers.11.mlp.dense_4h_to_h.bias]
Loading weights:  49%|####9     | 144/292 [00:00<00:00, 191.74it/s, Materializing param=gpt_neox.layers.11.mlp.dense_4h_to_h.weight]
Loading weights:  49%|####9     | 144/292 [00:00<00:00, 191.74it/s, Materializing param=gpt_neox.layers.11.mlp.dense_4h_to_h.weight]
Loading weights:  50%|####9     | 145/292 [00:00<00:00, 191.74it/s, Materializing param=gpt_neox.layers.11.mlp.dense_h_to_4h.bias]  
Loading weights:  50%|####9     | 145/292 [00:00<00:00, 191.74it/s, Materializing param=gpt_neox.layers.11.mlp.dense_h_to_4h.bias]
Loading weights:  50%|#####     | 146/292 [00:00<00:00, 191.74it/s, Materializing param=gpt_neox.layers.11.mlp.dense_h_to_4h.weight]
Loading weights:  50%|#####     | 146/292 [00:00<00:00, 191.74it/s, Materializing param=gpt_neox.layers.11.mlp.dense_h_to_4h.weight]
Loading weights:  50%|#####     | 147/292 [00:00<00:00, 191.74it/s, Materializing param=gpt_neox.layers.11.post_attention_layernorm.bias]
Loading weights:  50%|#####     | 147/292 [00:00<00:00, 191.74it/s, Materializing param=gpt_neox.layers.11.post_attention_layernorm.bias]
Loading weights:  51%|#####     | 148/292 [00:00<00:00, 191.74it/s, Materializing param=gpt_neox.layers.11.post_attention_layernorm.weight]
Loading weights:  51%|#####     | 148/292 [00:00<00:00, 191.74it/s, Materializing param=gpt_neox.layers.11.post_attention_layernorm.weight]
Loading weights:  51%|#####1    | 149/292 [00:00<00:00, 183.70it/s, Materializing param=gpt_neox.layers.11.post_attention_layernorm.weight]
Loading weights:  51%|#####1    | 149/292 [00:00<00:00, 183.70it/s, Materializing param=gpt_neox.layers.12.attention.dense.bias]           
Loading weights:  51%|#####1    | 149/292 [00:00<00:00, 183.70it/s, Materializing param=gpt_neox.layers.12.attention.dense.bias]
Loading weights:  51%|#####1    | 150/292 [00:00<00:00, 183.70it/s, Materializing param=gpt_neox.layers.12.attention.dense.weight]
Loading weights:  51%|#####1    | 150/292 [00:00<00:00, 183.70it/s, Materializing param=gpt_neox.layers.12.attention.dense.weight]
Loading weights:  52%|#####1    | 151/292 [00:00<00:00, 183.70it/s, Materializing param=gpt_neox.layers.12.attention.query_key_value.bias]
Loading weights:  52%|#####1    | 151/292 [00:00<00:00, 183.70it/s, Materializing param=gpt_neox.layers.12.attention.query_key_value.bias]
Loading weights:  52%|#####2    | 152/292 [00:00<00:00, 183.70it/s, Materializing param=gpt_neox.layers.12.attention.query_key_value.weight]
Loading weights:  52%|#####2    | 152/292 [00:00<00:00, 183.70it/s, Materializing param=gpt_neox.layers.12.attention.query_key_value.weight]
Loading weights:  52%|#####2    | 153/292 [00:00<00:00, 183.70it/s, Materializing param=gpt_neox.layers.12.input_layernorm.bias]            
Loading weights:  52%|#####2    | 153/292 [00:00<00:00, 183.70it/s, Materializing param=gpt_neox.layers.12.input_layernorm.bias]
Loading weights:  53%|#####2    | 154/292 [00:00<00:00, 183.70it/s, Materializing param=gpt_neox.layers.12.input_layernorm.weight]
Loading weights:  53%|#####2    | 154/292 [00:00<00:00, 183.70it/s, Materializing param=gpt_neox.layers.12.input_layernorm.weight]
Loading weights:  53%|#####3    | 155/292 [00:00<00:00, 183.70it/s, Materializing param=gpt_neox.layers.12.mlp.dense_4h_to_h.bias]
Loading weights:  53%|#####3    | 155/292 [00:00<00:00, 183.70it/s, Materializing param=gpt_neox.layers.12.mlp.dense_4h_to_h.bias]
Loading weights:  53%|#####3    | 156/292 [00:00<00:00, 183.70it/s, Materializing param=gpt_neox.layers.12.mlp.dense_4h_to_h.weight]
Loading weights:  53%|#####3    | 156/292 [00:00<00:00, 183.70it/s, Materializing param=gpt_neox.layers.12.mlp.dense_4h_to_h.weight]
Loading weights:  54%|#####3    | 157/292 [00:00<00:00, 183.70it/s, Materializing param=gpt_neox.layers.12.mlp.dense_h_to_4h.bias]  
Loading weights:  54%|#####3    | 157/292 [00:00<00:00, 183.70it/s, Materializing param=gpt_neox.layers.12.mlp.dense_h_to_4h.bias]
Loading weights:  54%|#####4    | 158/292 [00:00<00:00, 183.70it/s, Materializing param=gpt_neox.layers.12.mlp.dense_h_to_4h.weight]
Loading weights:  54%|#####4    | 158/292 [00:00<00:00, 183.70it/s, Materializing param=gpt_neox.layers.12.mlp.dense_h_to_4h.weight]
Loading weights:  54%|#####4    | 159/292 [00:00<00:00, 183.70it/s, Materializing param=gpt_neox.layers.12.post_attention_layernorm.bias]
Loading weights:  54%|#####4    | 159/292 [00:00<00:00, 183.70it/s, Materializing param=gpt_neox.layers.12.post_attention_layernorm.bias]
Loading weights:  55%|#####4    | 160/292 [00:00<00:00, 183.70it/s, Materializing param=gpt_neox.layers.12.post_attention_layernorm.weight]
Loading weights:  55%|#####4    | 160/292 [00:00<00:00, 183.70it/s, Materializing param=gpt_neox.layers.12.post_attention_layernorm.weight]
Loading weights:  55%|#####5    | 161/292 [00:00<00:00, 183.70it/s, Materializing param=gpt_neox.layers.13.attention.dense.bias]           
Loading weights:  55%|#####5    | 161/292 [00:00<00:00, 183.70it/s, Materializing param=gpt_neox.layers.13.attention.dense.bias]
Loading weights:  55%|#####5    | 162/292 [00:00<00:00, 183.70it/s, Materializing param=gpt_neox.layers.13.attention.dense.weight]
Loading weights:  55%|#####5    | 162/292 [00:00<00:00, 183.70it/s, Materializing param=gpt_neox.layers.13.attention.dense.weight]
Loading weights:  56%|#####5    | 163/292 [00:00<00:00, 183.70it/s, Materializing param=gpt_neox.layers.13.attention.query_key_value.bias]
Loading weights:  56%|#####5    | 163/292 [00:00<00:00, 183.70it/s, Materializing param=gpt_neox.layers.13.attention.query_key_value.bias]
Loading weights:  56%|#####6    | 164/292 [00:00<00:00, 183.70it/s, Materializing param=gpt_neox.layers.13.attention.query_key_value.weight]
Loading weights:  56%|#####6    | 164/292 [00:00<00:00, 183.70it/s, Materializing param=gpt_neox.layers.13.attention.query_key_value.weight]
Loading weights:  57%|#####6    | 165/292 [00:00<00:00, 183.70it/s, Materializing param=gpt_neox.layers.13.input_layernorm.bias]            
Loading weights:  57%|#####6    | 165/292 [00:00<00:00, 183.70it/s, Materializing param=gpt_neox.layers.13.input_layernorm.bias]
Loading weights:  57%|#####6    | 166/292 [00:00<00:00, 183.70it/s, Materializing param=gpt_neox.layers.13.input_layernorm.weight]
Loading weights:  57%|#####6    | 166/292 [00:00<00:00, 183.70it/s, Materializing param=gpt_neox.layers.13.input_layernorm.weight]
Loading weights:  57%|#####7    | 167/292 [00:00<00:00, 183.70it/s, Materializing param=gpt_neox.layers.13.mlp.dense_4h_to_h.bias]
Loading weights:  57%|#####7    | 167/292 [00:00<00:00, 183.70it/s, Materializing param=gpt_neox.layers.13.mlp.dense_4h_to_h.bias]
Loading weights:  58%|#####7    | 168/292 [00:00<00:00, 183.70it/s, Materializing param=gpt_neox.layers.13.mlp.dense_4h_to_h.weight]
Loading weights:  58%|#####7    | 168/292 [00:00<00:00, 183.70it/s, Materializing param=gpt_neox.layers.13.mlp.dense_4h_to_h.weight]
Loading weights:  58%|#####7    | 169/292 [00:00<00:00, 154.29it/s, Materializing param=gpt_neox.layers.13.mlp.dense_4h_to_h.weight]
Loading weights:  58%|#####7    | 169/292 [00:00<00:00, 154.29it/s, Materializing param=gpt_neox.layers.13.mlp.dense_h_to_4h.bias]  
Loading weights:  58%|#####7    | 169/292 [00:00<00:00, 154.29it/s, Materializing param=gpt_neox.layers.13.mlp.dense_h_to_4h.bias]
Loading weights:  58%|#####8    | 170/292 [00:00<00:00, 154.29it/s, Materializing param=gpt_neox.layers.13.mlp.dense_h_to_4h.weight]
Loading weights:  58%|#####8    | 170/292 [00:00<00:00, 154.29it/s, Materializing param=gpt_neox.layers.13.mlp.dense_h_to_4h.weight]
Loading weights:  59%|#####8    | 171/292 [00:00<00:00, 154.29it/s, Materializing param=gpt_neox.layers.13.post_attention_layernorm.bias]
Loading weights:  59%|#####8    | 171/292 [00:00<00:00, 154.29it/s, Materializing param=gpt_neox.layers.13.post_attention_layernorm.bias]
Loading weights:  59%|#####8    | 172/292 [00:00<00:00, 154.29it/s, Materializing param=gpt_neox.layers.13.post_attention_layernorm.weight]
Loading weights:  59%|#####8    | 172/292 [00:00<00:00, 154.29it/s, Materializing param=gpt_neox.layers.13.post_attention_layernorm.weight]
Loading weights:  59%|#####9    | 173/292 [00:00<00:00, 154.29it/s, Materializing param=gpt_neox.layers.14.attention.dense.bias]           
Loading weights:  59%|#####9    | 173/292 [00:00<00:00, 154.29it/s, Materializing param=gpt_neox.layers.14.attention.dense.bias]
Loading weights:  60%|#####9    | 174/292 [00:00<00:00, 154.29it/s, Materializing param=gpt_neox.layers.14.attention.dense.weight]
Loading weights:  60%|#####9    | 174/292 [00:00<00:00, 154.29it/s, Materializing param=gpt_neox.layers.14.attention.dense.weight]
Loading weights:  60%|#####9    | 175/292 [00:00<00:00, 154.29it/s, Materializing param=gpt_neox.layers.14.attention.query_key_value.bias]
Loading weights:  60%|#####9    | 175/292 [00:00<00:00, 154.29it/s, Materializing param=gpt_neox.layers.14.attention.query_key_value.bias]
Loading weights:  60%|######    | 176/292 [00:00<00:00, 154.29it/s, Materializing param=gpt_neox.layers.14.attention.query_key_value.weight]
Loading weights:  60%|######    | 176/292 [00:00<00:00, 154.29it/s, Materializing param=gpt_neox.layers.14.attention.query_key_value.weight]
Loading weights:  61%|######    | 177/292 [00:00<00:00, 154.29it/s, Materializing param=gpt_neox.layers.14.input_layernorm.bias]            
Loading weights:  61%|######    | 177/292 [00:00<00:00, 154.29it/s, Materializing param=gpt_neox.layers.14.input_layernorm.bias]
Loading weights:  61%|######    | 178/292 [00:00<00:00, 154.29it/s, Materializing param=gpt_neox.layers.14.input_layernorm.weight]
Loading weights:  61%|######    | 178/292 [00:00<00:00, 154.29it/s, Materializing param=gpt_neox.layers.14.input_layernorm.weight]
Loading weights:  61%|######1   | 179/292 [00:00<00:00, 154.29it/s, Materializing param=gpt_neox.layers.14.mlp.dense_4h_to_h.bias]
Loading weights:  61%|######1   | 179/292 [00:00<00:00, 154.29it/s, Materializing param=gpt_neox.layers.14.mlp.dense_4h_to_h.bias]
Loading weights:  62%|######1   | 180/292 [00:00<00:00, 154.29it/s, Materializing param=gpt_neox.layers.14.mlp.dense_4h_to_h.weight]
Loading weights:  62%|######1   | 180/292 [00:00<00:00, 154.29it/s, Materializing param=gpt_neox.layers.14.mlp.dense_4h_to_h.weight]
Loading weights:  62%|######1   | 181/292 [00:01<00:00, 154.29it/s, Materializing param=gpt_neox.layers.14.mlp.dense_h_to_4h.bias]  
Loading weights:  62%|######1   | 181/292 [00:01<00:00, 154.29it/s, Materializing param=gpt_neox.layers.14.mlp.dense_h_to_4h.bias]
Loading weights:  62%|######2   | 182/292 [00:01<00:00, 154.29it/s, Materializing param=gpt_neox.layers.14.mlp.dense_h_to_4h.weight]
Loading weights:  62%|######2   | 182/292 [00:01<00:00, 154.29it/s, Materializing param=gpt_neox.layers.14.mlp.dense_h_to_4h.weight]
Loading weights:  63%|######2   | 183/292 [00:01<00:00, 154.29it/s, Materializing param=gpt_neox.layers.14.post_attention_layernorm.bias]
Loading weights:  63%|######2   | 183/292 [00:01<00:00, 154.29it/s, Materializing param=gpt_neox.layers.14.post_attention_layernorm.bias]
Loading weights:  63%|######3   | 184/292 [00:01<00:00, 154.29it/s, Materializing param=gpt_neox.layers.14.post_attention_layernorm.weight]
Loading weights:  63%|######3   | 184/292 [00:01<00:00, 154.29it/s, Materializing param=gpt_neox.layers.14.post_attention_layernorm.weight]
Loading weights:  63%|######3   | 185/292 [00:01<00:00, 154.29it/s, Materializing param=gpt_neox.layers.15.attention.dense.bias]           
Loading weights:  63%|######3   | 185/292 [00:01<00:00, 154.29it/s, Materializing param=gpt_neox.layers.15.attention.dense.bias]
Loading weights:  64%|######3   | 186/292 [00:01<00:00, 154.29it/s, Materializing param=gpt_neox.layers.15.attention.dense.weight]
Loading weights:  64%|######3   | 186/292 [00:01<00:00, 154.29it/s, Materializing param=gpt_neox.layers.15.attention.dense.weight]
Loading weights:  64%|######4   | 187/292 [00:01<00:00, 154.29it/s, Materializing param=gpt_neox.layers.15.attention.query_key_value.bias]
Loading weights:  64%|######4   | 187/292 [00:01<00:00, 154.29it/s, Materializing param=gpt_neox.layers.15.attention.query_key_value.bias]
Loading weights:  64%|######4   | 188/292 [00:01<00:00, 154.29it/s, Materializing param=gpt_neox.layers.15.attention.query_key_value.weight]
Loading weights:  64%|######4   | 188/292 [00:01<00:00, 154.29it/s, Materializing param=gpt_neox.layers.15.attention.query_key_value.weight]
Loading weights:  65%|######4   | 189/292 [00:01<00:00, 162.47it/s, Materializing param=gpt_neox.layers.15.attention.query_key_value.weight]
Loading weights:  65%|######4   | 189/292 [00:01<00:00, 162.47it/s, Materializing param=gpt_neox.layers.15.input_layernorm.bias]            
Loading weights:  65%|######4   | 189/292 [00:01<00:00, 162.47it/s, Materializing param=gpt_neox.layers.15.input_layernorm.bias]
Loading weights:  65%|######5   | 190/292 [00:01<00:00, 162.47it/s, Materializing param=gpt_neox.layers.15.input_layernorm.weight]
Loading weights:  65%|######5   | 190/292 [00:01<00:00, 162.47it/s, Materializing param=gpt_neox.layers.15.input_layernorm.weight]
Loading weights:  65%|######5   | 191/292 [00:01<00:00, 162.47it/s, Materializing param=gpt_neox.layers.15.mlp.dense_4h_to_h.bias]
Loading weights:  65%|######5   | 191/292 [00:01<00:00, 162.47it/s, Materializing param=gpt_neox.layers.15.mlp.dense_4h_to_h.bias]
Loading weights:  66%|######5   | 192/292 [00:01<00:00, 162.47it/s, Materializing param=gpt_neox.layers.15.mlp.dense_4h_to_h.weight]
Loading weights:  66%|######5   | 192/292 [00:01<00:00, 162.47it/s, Materializing param=gpt_neox.layers.15.mlp.dense_4h_to_h.weight]
Loading weights:  66%|######6   | 193/292 [00:01<00:00, 162.47it/s, Materializing param=gpt_neox.layers.15.mlp.dense_h_to_4h.bias]  
Loading weights:  66%|######6   | 193/292 [00:01<00:00, 162.47it/s, Materializing param=gpt_neox.layers.15.mlp.dense_h_to_4h.bias]
Loading weights:  66%|######6   | 194/292 [00:01<00:00, 162.47it/s, Materializing param=gpt_neox.layers.15.mlp.dense_h_to_4h.weight]
Loading weights:  66%|######6   | 194/292 [00:01<00:00, 162.47it/s, Materializing param=gpt_neox.layers.15.mlp.dense_h_to_4h.weight]
Loading weights:  67%|######6   | 195/292 [00:01<00:00, 162.47it/s, Materializing param=gpt_neox.layers.15.post_attention_layernorm.bias]
Loading weights:  67%|######6   | 195/292 [00:01<00:00, 162.47it/s, Materializing param=gpt_neox.layers.15.post_attention_layernorm.bias]
Loading weights:  67%|######7   | 196/292 [00:01<00:00, 162.47it/s, Materializing param=gpt_neox.layers.15.post_attention_layernorm.weight]
Loading weights:  67%|######7   | 196/292 [00:01<00:00, 162.47it/s, Materializing param=gpt_neox.layers.15.post_attention_layernorm.weight]
Loading weights:  67%|######7   | 197/292 [00:01<00:00, 162.47it/s, Materializing param=gpt_neox.layers.16.attention.dense.bias]           
Loading weights:  67%|######7   | 197/292 [00:01<00:00, 162.47it/s, Materializing param=gpt_neox.layers.16.attention.dense.bias]
Loading weights:  68%|######7   | 198/292 [00:01<00:00, 162.47it/s, Materializing param=gpt_neox.layers.16.attention.dense.weight]
Loading weights:  68%|######7   | 198/292 [00:01<00:00, 162.47it/s, Materializing param=gpt_neox.layers.16.attention.dense.weight]
Loading weights:  68%|######8   | 199/292 [00:01<00:00, 162.47it/s, Materializing param=gpt_neox.layers.16.attention.query_key_value.bias]
Loading weights:  68%|######8   | 199/292 [00:01<00:00, 162.47it/s, Materializing param=gpt_neox.layers.16.attention.query_key_value.bias]
Loading weights:  68%|######8   | 200/292 [00:01<00:00, 162.47it/s, Materializing param=gpt_neox.layers.16.attention.query_key_value.weight]
Loading weights:  68%|######8   | 200/292 [00:01<00:00, 162.47it/s, Materializing param=gpt_neox.layers.16.attention.query_key_value.weight]
Loading weights:  69%|######8   | 201/292 [00:01<00:00, 162.47it/s, Materializing param=gpt_neox.layers.16.input_layernorm.bias]            
Loading weights:  69%|######8   | 201/292 [00:01<00:00, 162.47it/s, Materializing param=gpt_neox.layers.16.input_layernorm.bias]
Loading weights:  69%|######9   | 202/292 [00:01<00:00, 162.47it/s, Materializing param=gpt_neox.layers.16.input_layernorm.weight]
Loading weights:  69%|######9   | 202/292 [00:01<00:00, 162.47it/s, Materializing param=gpt_neox.layers.16.input_layernorm.weight]
Loading weights:  70%|######9   | 203/292 [00:01<00:00, 162.47it/s, Materializing param=gpt_neox.layers.16.mlp.dense_4h_to_h.bias]
Loading weights:  70%|######9   | 203/292 [00:01<00:00, 162.47it/s, Materializing param=gpt_neox.layers.16.mlp.dense_4h_to_h.bias]
Loading weights:  70%|######9   | 204/292 [00:01<00:00, 162.47it/s, Materializing param=gpt_neox.layers.16.mlp.dense_4h_to_h.weight]
Loading weights:  70%|######9   | 204/292 [00:01<00:00, 162.47it/s, Materializing param=gpt_neox.layers.16.mlp.dense_4h_to_h.weight]
Loading weights:  70%|#######   | 205/292 [00:01<00:00, 162.47it/s, Materializing param=gpt_neox.layers.16.mlp.dense_h_to_4h.bias]  
Loading weights:  70%|#######   | 205/292 [00:01<00:00, 162.47it/s, Materializing param=gpt_neox.layers.16.mlp.dense_h_to_4h.bias]
Loading weights:  71%|#######   | 206/292 [00:01<00:00, 162.47it/s, Materializing param=gpt_neox.layers.16.mlp.dense_h_to_4h.weight]
Loading weights:  71%|#######   | 206/292 [00:01<00:00, 162.47it/s, Materializing param=gpt_neox.layers.16.mlp.dense_h_to_4h.weight]
Loading weights:  71%|#######   | 207/292 [00:01<00:00, 153.27it/s, Materializing param=gpt_neox.layers.16.mlp.dense_h_to_4h.weight]
Loading weights:  71%|#######   | 207/292 [00:01<00:00, 153.27it/s, Materializing param=gpt_neox.layers.16.post_attention_layernorm.bias]
Loading weights:  71%|#######   | 207/292 [00:01<00:00, 153.27it/s, Materializing param=gpt_neox.layers.16.post_attention_layernorm.bias]
Loading weights:  71%|#######1  | 208/292 [00:01<00:00, 153.27it/s, Materializing param=gpt_neox.layers.16.post_attention_layernorm.weight]
Loading weights:  71%|#######1  | 208/292 [00:01<00:00, 153.27it/s, Materializing param=gpt_neox.layers.16.post_attention_layernorm.weight]
Loading weights:  72%|#######1  | 209/292 [00:01<00:00, 153.27it/s, Materializing param=gpt_neox.layers.17.attention.dense.bias]           
Loading weights:  72%|#######1  | 209/292 [00:01<00:00, 153.27it/s, Materializing param=gpt_neox.layers.17.attention.dense.bias]
Loading weights:  72%|#######1  | 210/292 [00:01<00:00, 153.27it/s, Materializing param=gpt_neox.layers.17.attention.dense.weight]
Loading weights:  72%|#######1  | 210/292 [00:01<00:00, 153.27it/s, Materializing param=gpt_neox.layers.17.attention.dense.weight]
Loading weights:  72%|#######2  | 211/292 [00:01<00:00, 153.27it/s, Materializing param=gpt_neox.layers.17.attention.query_key_value.bias]
Loading weights:  72%|#######2  | 211/292 [00:01<00:00, 153.27it/s, Materializing param=gpt_neox.layers.17.attention.query_key_value.bias]
Loading weights:  73%|#######2  | 212/292 [00:01<00:00, 153.27it/s, Materializing param=gpt_neox.layers.17.attention.query_key_value.weight]
Loading weights:  73%|#######2  | 212/292 [00:01<00:00, 153.27it/s, Materializing param=gpt_neox.layers.17.attention.query_key_value.weight]
Loading weights:  73%|#######2  | 213/292 [00:01<00:00, 153.27it/s, Materializing param=gpt_neox.layers.17.input_layernorm.bias]            
Loading weights:  73%|#######2  | 213/292 [00:01<00:00, 153.27it/s, Materializing param=gpt_neox.layers.17.input_layernorm.bias]
Loading weights:  73%|#######3  | 214/292 [00:01<00:00, 153.27it/s, Materializing param=gpt_neox.layers.17.input_layernorm.weight]
Loading weights:  73%|#######3  | 214/292 [00:01<00:00, 153.27it/s, Materializing param=gpt_neox.layers.17.input_layernorm.weight]
Loading weights:  74%|#######3  | 215/292 [00:01<00:00, 153.27it/s, Materializing param=gpt_neox.layers.17.mlp.dense_4h_to_h.bias]
Loading weights:  74%|#######3  | 215/292 [00:01<00:00, 153.27it/s, Materializing param=gpt_neox.layers.17.mlp.dense_4h_to_h.bias]
Loading weights:  74%|#######3  | 216/292 [00:01<00:00, 153.27it/s, Materializing param=gpt_neox.layers.17.mlp.dense_4h_to_h.weight]
Loading weights:  74%|#######3  | 216/292 [00:01<00:00, 153.27it/s, Materializing param=gpt_neox.layers.17.mlp.dense_4h_to_h.weight]
Loading weights:  74%|#######4  | 217/292 [00:01<00:00, 153.27it/s, Materializing param=gpt_neox.layers.17.mlp.dense_h_to_4h.bias]  
Loading weights:  74%|#######4  | 217/292 [00:01<00:00, 153.27it/s, Materializing param=gpt_neox.layers.17.mlp.dense_h_to_4h.bias]
Loading weights:  75%|#######4  | 218/292 [00:01<00:00, 153.27it/s, Materializing param=gpt_neox.layers.17.mlp.dense_h_to_4h.weight]
Loading weights:  75%|#######4  | 218/292 [00:01<00:00, 153.27it/s, Materializing param=gpt_neox.layers.17.mlp.dense_h_to_4h.weight]
Loading weights:  75%|#######5  | 219/292 [00:01<00:00, 153.27it/s, Materializing param=gpt_neox.layers.17.post_attention_layernorm.bias]
Loading weights:  75%|#######5  | 219/292 [00:01<00:00, 153.27it/s, Materializing param=gpt_neox.layers.17.post_attention_layernorm.bias]
Loading weights:  75%|#######5  | 220/292 [00:01<00:00, 153.27it/s, Materializing param=gpt_neox.layers.17.post_attention_layernorm.weight]
Loading weights:  75%|#######5  | 220/292 [00:01<00:00, 153.27it/s, Materializing param=gpt_neox.layers.17.post_attention_layernorm.weight]
Loading weights:  76%|#######5  | 221/292 [00:01<00:00, 153.27it/s, Materializing param=gpt_neox.layers.18.attention.dense.bias]           
Loading weights:  76%|#######5  | 221/292 [00:01<00:00, 153.27it/s, Materializing param=gpt_neox.layers.18.attention.dense.bias]
Loading weights:  76%|#######6  | 222/292 [00:01<00:00, 153.27it/s, Materializing param=gpt_neox.layers.18.attention.dense.weight]
Loading weights:  76%|#######6  | 222/292 [00:01<00:00, 153.27it/s, Materializing param=gpt_neox.layers.18.attention.dense.weight]
Loading weights:  76%|#######6  | 223/292 [00:01<00:00, 154.61it/s, Materializing param=gpt_neox.layers.18.attention.dense.weight]
Loading weights:  76%|#######6  | 223/292 [00:01<00:00, 154.61it/s, Materializing param=gpt_neox.layers.18.attention.query_key_value.bias]
Loading weights:  76%|#######6  | 223/292 [00:01<00:00, 154.61it/s, Materializing param=gpt_neox.layers.18.attention.query_key_value.bias]
Loading weights:  77%|#######6  | 224/292 [00:01<00:00, 154.61it/s, Materializing param=gpt_neox.layers.18.attention.query_key_value.weight]
Loading weights:  77%|#######6  | 224/292 [00:01<00:00, 154.61it/s, Materializing param=gpt_neox.layers.18.attention.query_key_value.weight]
Loading weights:  77%|#######7  | 225/292 [00:01<00:00, 154.61it/s, Materializing param=gpt_neox.layers.18.input_layernorm.bias]            
Loading weights:  77%|#######7  | 225/292 [00:01<00:00, 154.61it/s, Materializing param=gpt_neox.layers.18.input_layernorm.bias]
Loading weights:  77%|#######7  | 226/292 [00:01<00:00, 154.61it/s, Materializing param=gpt_neox.layers.18.input_layernorm.weight]
Loading weights:  77%|#######7  | 226/292 [00:01<00:00, 154.61it/s, Materializing param=gpt_neox.layers.18.input_layernorm.weight]
Loading weights:  78%|#######7  | 227/292 [00:01<00:00, 154.61it/s, Materializing param=gpt_neox.layers.18.mlp.dense_4h_to_h.bias]
Loading weights:  78%|#######7  | 227/292 [00:01<00:00, 154.61it/s, Materializing param=gpt_neox.layers.18.mlp.dense_4h_to_h.bias]
Loading weights:  78%|#######8  | 228/292 [00:01<00:00, 154.61it/s, Materializing param=gpt_neox.layers.18.mlp.dense_4h_to_h.weight]
Loading weights:  78%|#######8  | 228/292 [00:01<00:00, 154.61it/s, Materializing param=gpt_neox.layers.18.mlp.dense_4h_to_h.weight]
Loading weights:  78%|#######8  | 229/292 [00:01<00:00, 154.61it/s, Materializing param=gpt_neox.layers.18.mlp.dense_h_to_4h.bias]  
Loading weights:  78%|#######8  | 229/292 [00:01<00:00, 154.61it/s, Materializing param=gpt_neox.layers.18.mlp.dense_h_to_4h.bias]
Loading weights:  79%|#######8  | 230/292 [00:01<00:00, 154.61it/s, Materializing param=gpt_neox.layers.18.mlp.dense_h_to_4h.weight]
Loading weights:  79%|#######8  | 230/292 [00:01<00:00, 154.61it/s, Materializing param=gpt_neox.layers.18.mlp.dense_h_to_4h.weight]
Loading weights:  79%|#######9  | 231/292 [00:01<00:00, 154.61it/s, Materializing param=gpt_neox.layers.18.post_attention_layernorm.bias]
Loading weights:  79%|#######9  | 231/292 [00:01<00:00, 154.61it/s, Materializing param=gpt_neox.layers.18.post_attention_layernorm.bias]
Loading weights:  79%|#######9  | 232/292 [00:01<00:00, 154.61it/s, Materializing param=gpt_neox.layers.18.post_attention_layernorm.weight]
Loading weights:  79%|#######9  | 232/292 [00:01<00:00, 154.61it/s, Materializing param=gpt_neox.layers.18.post_attention_layernorm.weight]
Loading weights:  80%|#######9  | 233/292 [00:01<00:00, 154.61it/s, Materializing param=gpt_neox.layers.19.attention.dense.bias]           
Loading weights:  80%|#######9  | 233/292 [00:01<00:00, 154.61it/s, Materializing param=gpt_neox.layers.19.attention.dense.bias]
Loading weights:  80%|########  | 234/292 [00:01<00:00, 154.61it/s, Materializing param=gpt_neox.layers.19.attention.dense.weight]
Loading weights:  80%|########  | 234/292 [00:01<00:00, 154.61it/s, Materializing param=gpt_neox.layers.19.attention.dense.weight]
Loading weights:  80%|########  | 235/292 [00:01<00:00, 154.61it/s, Materializing param=gpt_neox.layers.19.attention.query_key_value.bias]
Loading weights:  80%|########  | 235/292 [00:01<00:00, 154.61it/s, Materializing param=gpt_neox.layers.19.attention.query_key_value.bias]
Loading weights:  81%|########  | 236/292 [00:01<00:00, 154.61it/s, Materializing param=gpt_neox.layers.19.attention.query_key_value.weight]
Loading weights:  81%|########  | 236/292 [00:01<00:00, 154.61it/s, Materializing param=gpt_neox.layers.19.attention.query_key_value.weight]
Loading weights:  81%|########1 | 237/292 [00:01<00:00, 154.61it/s, Materializing param=gpt_neox.layers.19.input_layernorm.bias]            
Loading weights:  81%|########1 | 237/292 [00:01<00:00, 154.61it/s, Materializing param=gpt_neox.layers.19.input_layernorm.bias]
Loading weights:  82%|########1 | 238/292 [00:01<00:00, 154.61it/s, Materializing param=gpt_neox.layers.19.input_layernorm.weight]
Loading weights:  82%|########1 | 238/292 [00:01<00:00, 154.61it/s, Materializing param=gpt_neox.layers.19.input_layernorm.weight]
Loading weights:  82%|########1 | 239/292 [00:01<00:00, 153.61it/s, Materializing param=gpt_neox.layers.19.input_layernorm.weight]
Loading weights:  82%|########1 | 239/292 [00:01<00:00, 153.61it/s, Materializing param=gpt_neox.layers.19.mlp.dense_4h_to_h.bias]
Loading weights:  82%|########1 | 239/292 [00:01<00:00, 153.61it/s, Materializing param=gpt_neox.layers.19.mlp.dense_4h_to_h.bias]
Loading weights:  82%|########2 | 240/292 [00:01<00:00, 153.61it/s, Materializing param=gpt_neox.layers.19.mlp.dense_4h_to_h.weight]
Loading weights:  82%|########2 | 240/292 [00:01<00:00, 153.61it/s, Materializing param=gpt_neox.layers.19.mlp.dense_4h_to_h.weight]
Loading weights:  83%|########2 | 241/292 [00:01<00:00, 153.61it/s, Materializing param=gpt_neox.layers.19.mlp.dense_h_to_4h.bias]  
Loading weights:  83%|########2 | 241/292 [00:01<00:00, 153.61it/s, Materializing param=gpt_neox.layers.19.mlp.dense_h_to_4h.bias]
Loading weights:  83%|########2 | 242/292 [00:01<00:00, 153.61it/s, Materializing param=gpt_neox.layers.19.mlp.dense_h_to_4h.weight]
Loading weights:  83%|########2 | 242/292 [00:01<00:00, 153.61it/s, Materializing param=gpt_neox.layers.19.mlp.dense_h_to_4h.weight]
Loading weights:  83%|########3 | 243/292 [00:01<00:00, 153.61it/s, Materializing param=gpt_neox.layers.19.post_attention_layernorm.bias]
Loading weights:  83%|########3 | 243/292 [00:01<00:00, 153.61it/s, Materializing param=gpt_neox.layers.19.post_attention_layernorm.bias]
Loading weights:  84%|########3 | 244/292 [00:01<00:00, 153.61it/s, Materializing param=gpt_neox.layers.19.post_attention_layernorm.weight]
Loading weights:  84%|########3 | 244/292 [00:01<00:00, 153.61it/s, Materializing param=gpt_neox.layers.19.post_attention_layernorm.weight]
Loading weights:  84%|########3 | 245/292 [00:01<00:00, 153.61it/s, Materializing param=gpt_neox.layers.20.attention.dense.bias]           
Loading weights:  84%|########3 | 245/292 [00:01<00:00, 153.61it/s, Materializing param=gpt_neox.layers.20.attention.dense.bias]
Loading weights:  84%|########4 | 246/292 [00:01<00:00, 153.61it/s, Materializing param=gpt_neox.layers.20.attention.dense.weight]
Loading weights:  84%|########4 | 246/292 [00:01<00:00, 153.61it/s, Materializing param=gpt_neox.layers.20.attention.dense.weight]
Loading weights:  85%|########4 | 247/292 [00:01<00:00, 153.61it/s, Materializing param=gpt_neox.layers.20.attention.query_key_value.bias]
Loading weights:  85%|########4 | 247/292 [00:01<00:00, 153.61it/s, Materializing param=gpt_neox.layers.20.attention.query_key_value.bias]
Loading weights:  85%|########4 | 248/292 [00:01<00:00, 153.61it/s, Materializing param=gpt_neox.layers.20.attention.query_key_value.weight]
Loading weights:  85%|########4 | 248/292 [00:01<00:00, 153.61it/s, Materializing param=gpt_neox.layers.20.attention.query_key_value.weight]
Loading weights:  85%|########5 | 249/292 [00:01<00:00, 153.61it/s, Materializing param=gpt_neox.layers.20.input_layernorm.bias]            
Loading weights:  85%|########5 | 249/292 [00:01<00:00, 153.61it/s, Materializing param=gpt_neox.layers.20.input_layernorm.bias]
Loading weights:  86%|########5 | 250/292 [00:01<00:00, 153.61it/s, Materializing param=gpt_neox.layers.20.input_layernorm.weight]
Loading weights:  86%|########5 | 250/292 [00:01<00:00, 153.61it/s, Materializing param=gpt_neox.layers.20.input_layernorm.weight]
Loading weights:  86%|########5 | 251/292 [00:01<00:00, 153.61it/s, Materializing param=gpt_neox.layers.20.mlp.dense_4h_to_h.bias]
Loading weights:  86%|########5 | 251/292 [00:01<00:00, 153.61it/s, Materializing param=gpt_neox.layers.20.mlp.dense_4h_to_h.bias]
Loading weights:  86%|########6 | 252/292 [00:01<00:00, 153.61it/s, Materializing param=gpt_neox.layers.20.mlp.dense_4h_to_h.weight]
Loading weights:  86%|########6 | 252/292 [00:01<00:00, 153.61it/s, Materializing param=gpt_neox.layers.20.mlp.dense_4h_to_h.weight]
Loading weights:  87%|########6 | 253/292 [00:01<00:00, 153.61it/s, Materializing param=gpt_neox.layers.20.mlp.dense_h_to_4h.bias]  
Loading weights:  87%|########6 | 253/292 [00:01<00:00, 153.61it/s, Materializing param=gpt_neox.layers.20.mlp.dense_h_to_4h.bias]
Loading weights:  87%|########6 | 254/292 [00:01<00:00, 153.61it/s, Materializing param=gpt_neox.layers.20.mlp.dense_h_to_4h.weight]
Loading weights:  87%|########6 | 254/292 [00:01<00:00, 153.61it/s, Materializing param=gpt_neox.layers.20.mlp.dense_h_to_4h.weight]
Loading weights:  87%|########7 | 255/292 [00:01<00:00, 144.09it/s, Materializing param=gpt_neox.layers.20.mlp.dense_h_to_4h.weight]
Loading weights:  87%|########7 | 255/292 [00:01<00:00, 144.09it/s, Materializing param=gpt_neox.layers.20.post_attention_layernorm.bias]
Loading weights:  87%|########7 | 255/292 [00:01<00:00, 144.09it/s, Materializing param=gpt_neox.layers.20.post_attention_layernorm.bias]
Loading weights:  88%|########7 | 256/292 [00:01<00:00, 144.09it/s, Materializing param=gpt_neox.layers.20.post_attention_layernorm.weight]
Loading weights:  88%|########7 | 256/292 [00:01<00:00, 144.09it/s, Materializing param=gpt_neox.layers.20.post_attention_layernorm.weight]
Loading weights:  88%|########8 | 257/292 [00:01<00:00, 144.09it/s, Materializing param=gpt_neox.layers.21.attention.dense.bias]           
Loading weights:  88%|########8 | 257/292 [00:01<00:00, 144.09it/s, Materializing param=gpt_neox.layers.21.attention.dense.bias]
Loading weights:  88%|########8 | 258/292 [00:01<00:00, 144.09it/s, Materializing param=gpt_neox.layers.21.attention.dense.weight]
Loading weights:  88%|########8 | 258/292 [00:01<00:00, 144.09it/s, Materializing param=gpt_neox.layers.21.attention.dense.weight]
Loading weights:  89%|########8 | 259/292 [00:01<00:00, 144.09it/s, Materializing param=gpt_neox.layers.21.attention.query_key_value.bias]
Loading weights:  89%|########8 | 259/292 [00:01<00:00, 144.09it/s, Materializing param=gpt_neox.layers.21.attention.query_key_value.bias]
Loading weights:  89%|########9 | 260/292 [00:01<00:00, 144.09it/s, Materializing param=gpt_neox.layers.21.attention.query_key_value.weight]
Loading weights:  89%|########9 | 260/292 [00:01<00:00, 144.09it/s, Materializing param=gpt_neox.layers.21.attention.query_key_value.weight]
Loading weights:  89%|########9 | 261/292 [00:01<00:00, 144.09it/s, Materializing param=gpt_neox.layers.21.input_layernorm.bias]            
Loading weights:  89%|########9 | 261/292 [00:01<00:00, 144.09it/s, Materializing param=gpt_neox.layers.21.input_layernorm.bias]
Loading weights:  90%|########9 | 262/292 [00:01<00:00, 144.09it/s, Materializing param=gpt_neox.layers.21.input_layernorm.weight]
Loading weights:  90%|########9 | 262/292 [00:01<00:00, 144.09it/s, Materializing param=gpt_neox.layers.21.input_layernorm.weight]
Loading weights:  90%|######### | 263/292 [00:01<00:00, 144.09it/s, Materializing param=gpt_neox.layers.21.mlp.dense_4h_to_h.bias]
Loading weights:  90%|######### | 263/292 [00:01<00:00, 144.09it/s, Materializing param=gpt_neox.layers.21.mlp.dense_4h_to_h.bias]
Loading weights:  90%|######### | 264/292 [00:01<00:00, 144.09it/s, Materializing param=gpt_neox.layers.21.mlp.dense_4h_to_h.weight]
Loading weights:  90%|######### | 264/292 [00:01<00:00, 144.09it/s, Materializing param=gpt_neox.layers.21.mlp.dense_4h_to_h.weight]
Loading weights:  91%|######### | 265/292 [00:01<00:00, 144.09it/s, Materializing param=gpt_neox.layers.21.mlp.dense_h_to_4h.bias]  
Loading weights:  91%|######### | 265/292 [00:01<00:00, 144.09it/s, Materializing param=gpt_neox.layers.21.mlp.dense_h_to_4h.bias]
Loading weights:  91%|#########1| 266/292 [00:01<00:00, 144.09it/s, Materializing param=gpt_neox.layers.21.mlp.dense_h_to_4h.weight]
Loading weights:  91%|#########1| 266/292 [00:01<00:00, 144.09it/s, Materializing param=gpt_neox.layers.21.mlp.dense_h_to_4h.weight]
Loading weights:  91%|#########1| 267/292 [00:01<00:00, 144.09it/s, Materializing param=gpt_neox.layers.21.post_attention_layernorm.bias]
Loading weights:  91%|#########1| 267/292 [00:01<00:00, 144.09it/s, Materializing param=gpt_neox.layers.21.post_attention_layernorm.bias]
Loading weights:  92%|#########1| 268/292 [00:01<00:00, 144.09it/s, Materializing param=gpt_neox.layers.21.post_attention_layernorm.weight]
Loading weights:  92%|#########1| 268/292 [00:01<00:00, 144.09it/s, Materializing param=gpt_neox.layers.21.post_attention_layernorm.weight]
Loading weights:  92%|#########2| 269/292 [00:01<00:00, 144.09it/s, Materializing param=gpt_neox.layers.22.attention.dense.bias]           
Loading weights:  92%|#########2| 269/292 [00:01<00:00, 144.09it/s, Materializing param=gpt_neox.layers.22.attention.dense.bias]
Loading weights:  92%|#########2| 270/292 [00:01<00:00, 131.65it/s, Materializing param=gpt_neox.layers.22.attention.dense.bias]
Loading weights:  92%|#########2| 270/292 [00:01<00:00, 131.65it/s, Materializing param=gpt_neox.layers.22.attention.dense.weight]
Loading weights:  92%|#########2| 270/292 [00:01<00:00, 131.65it/s, Materializing param=gpt_neox.layers.22.attention.dense.weight]
Loading weights:  93%|#########2| 271/292 [00:01<00:00, 131.65it/s, Materializing param=gpt_neox.layers.22.attention.query_key_value.bias]
Loading weights:  93%|#########2| 271/292 [00:01<00:00, 131.65it/s, Materializing param=gpt_neox.layers.22.attention.query_key_value.bias]
Loading weights:  93%|#########3| 272/292 [00:01<00:00, 131.65it/s, Materializing param=gpt_neox.layers.22.attention.query_key_value.weight]
Loading weights:  93%|#########3| 272/292 [00:01<00:00, 131.65it/s, Materializing param=gpt_neox.layers.22.attention.query_key_value.weight]
Loading weights:  93%|#########3| 273/292 [00:01<00:00, 131.65it/s, Materializing param=gpt_neox.layers.22.input_layernorm.bias]            
Loading weights:  93%|#########3| 273/292 [00:01<00:00, 131.65it/s, Materializing param=gpt_neox.layers.22.input_layernorm.bias]
Loading weights:  94%|#########3| 274/292 [00:01<00:00, 131.65it/s, Materializing param=gpt_neox.layers.22.input_layernorm.weight]
Loading weights:  94%|#########3| 274/292 [00:01<00:00, 131.65it/s, Materializing param=gpt_neox.layers.22.input_layernorm.weight]
Loading weights:  94%|#########4| 275/292 [00:01<00:00, 131.65it/s, Materializing param=gpt_neox.layers.22.mlp.dense_4h_to_h.bias]
Loading weights:  94%|#########4| 275/292 [00:01<00:00, 131.65it/s, Materializing param=gpt_neox.layers.22.mlp.dense_4h_to_h.bias]
Loading weights:  95%|#########4| 276/292 [00:01<00:00, 131.65it/s, Materializing param=gpt_neox.layers.22.mlp.dense_4h_to_h.weight]
Loading weights:  95%|#########4| 276/292 [00:01<00:00, 131.65it/s, Materializing param=gpt_neox.layers.22.mlp.dense_4h_to_h.weight]
Loading weights:  95%|#########4| 277/292 [00:01<00:00, 131.65it/s, Materializing param=gpt_neox.layers.22.mlp.dense_h_to_4h.bias]  
Loading weights:  95%|#########4| 277/292 [00:01<00:00, 131.65it/s, Materializing param=gpt_neox.layers.22.mlp.dense_h_to_4h.bias]
Loading weights:  95%|#########5| 278/292 [00:01<00:00, 131.65it/s, Materializing param=gpt_neox.layers.22.mlp.dense_h_to_4h.weight]
Loading weights:  95%|#########5| 278/292 [00:01<00:00, 131.65it/s, Materializing param=gpt_neox.layers.22.mlp.dense_h_to_4h.weight]
Loading weights:  96%|#########5| 279/292 [00:01<00:00, 131.65it/s, Materializing param=gpt_neox.layers.22.post_attention_layernorm.bias]
Loading weights:  96%|#########5| 279/292 [00:01<00:00, 131.65it/s, Materializing param=gpt_neox.layers.22.post_attention_layernorm.bias]
Loading weights:  96%|#########5| 280/292 [00:01<00:00, 131.65it/s, Materializing param=gpt_neox.layers.22.post_attention_layernorm.weight]
Loading weights:  96%|#########5| 280/292 [00:01<00:00, 131.65it/s, Materializing param=gpt_neox.layers.22.post_attention_layernorm.weight]
Loading weights:  96%|#########6| 281/292 [00:01<00:00, 131.65it/s, Materializing param=gpt_neox.layers.23.attention.dense.bias]           
Loading weights:  96%|#########6| 281/292 [00:01<00:00, 131.65it/s, Materializing param=gpt_neox.layers.23.attention.dense.bias]
Loading weights:  97%|#########6| 282/292 [00:01<00:00, 131.65it/s, Materializing param=gpt_neox.layers.23.attention.dense.weight]
Loading weights:  97%|#########6| 282/292 [00:01<00:00, 131.65it/s, Materializing param=gpt_neox.layers.23.attention.dense.weight]
Loading weights:  97%|#########6| 283/292 [00:01<00:00, 131.65it/s, Materializing param=gpt_neox.layers.23.attention.query_key_value.bias]
Loading weights:  97%|#########6| 283/292 [00:01<00:00, 131.65it/s, Materializing param=gpt_neox.layers.23.attention.query_key_value.bias]
Loading weights:  97%|#########7| 284/292 [00:01<00:00, 131.65it/s, Materializing param=gpt_neox.layers.23.attention.query_key_value.weight]
Loading weights:  97%|#########7| 284/292 [00:01<00:00, 131.65it/s, Materializing param=gpt_neox.layers.23.attention.query_key_value.weight]
Loading weights:  98%|#########7| 285/292 [00:01<00:00, 131.37it/s, Materializing param=gpt_neox.layers.23.attention.query_key_value.weight]
Loading weights:  98%|#########7| 285/292 [00:01<00:00, 131.37it/s, Materializing param=gpt_neox.layers.23.input_layernorm.bias]            
Loading weights:  98%|#########7| 285/292 [00:01<00:00, 131.37it/s, Materializing param=gpt_neox.layers.23.input_layernorm.bias]
Loading weights:  98%|#########7| 286/292 [00:01<00:00, 131.37it/s, Materializing param=gpt_neox.layers.23.input_layernorm.weight]
Loading weights:  98%|#########7| 286/292 [00:01<00:00, 131.37it/s, Materializing param=gpt_neox.layers.23.input_layernorm.weight]
Loading weights:  98%|#########8| 287/292 [00:01<00:00, 131.37it/s, Materializing param=gpt_neox.layers.23.mlp.dense_4h_to_h.bias]
Loading weights:  98%|#########8| 287/292 [00:01<00:00, 131.37it/s, Materializing param=gpt_neox.layers.23.mlp.dense_4h_to_h.bias]
Loading weights:  99%|#########8| 288/292 [00:01<00:00, 131.37it/s, Materializing param=gpt_neox.layers.23.mlp.dense_4h_to_h.weight]
Loading weights:  99%|#########8| 288/292 [00:01<00:00, 131.37it/s, Materializing param=gpt_neox.layers.23.mlp.dense_4h_to_h.weight]
Loading weights:  99%|#########8| 289/292 [00:01<00:00, 131.37it/s, Materializing param=gpt_neox.layers.23.mlp.dense_h_to_4h.bias]  
Loading weights:  99%|#########8| 289/292 [00:01<00:00, 131.37it/s, Materializing param=gpt_neox.layers.23.mlp.dense_h_to_4h.bias]
Loading weights:  99%|#########9| 290/292 [00:01<00:00, 131.37it/s, Materializing param=gpt_neox.layers.23.mlp.dense_h_to_4h.weight]
Loading weights:  99%|#########9| 290/292 [00:01<00:00, 131.37it/s, Materializing param=gpt_neox.layers.23.mlp.dense_h_to_4h.weight]
Loading weights: 100%|#########9| 291/292 [00:01<00:00, 131.37it/s, Materializing param=gpt_neox.layers.23.post_attention_layernorm.bias]
Loading weights: 100%|#########9| 291/292 [00:01<00:00, 131.37it/s, Materializing param=gpt_neox.layers.23.post_attention_layernorm.bias]
Loading weights: 100%|##########| 292/292 [00:01<00:00, 131.37it/s, Materializing param=gpt_neox.layers.23.post_attention_layernorm.weight]
Loading weights: 100%|##########| 292/292 [00:01<00:00, 131.37it/s, Materializing param=gpt_neox.layers.23.post_attention_layernorm.weight]
Loading weights: 100%|##########| 292/292 [00:01<00:00, 160.66it/s, Materializing param=gpt_neox.layers.23.post_attention_layernorm.weight]

Loading weights:   0%|          | 0/292 [00:00<?, ?it/s]
Loading weights:   0%|          | 1/292 [00:00<00:00, 37117.73it/s, Materializing param=embed_out.weight]
Loading weights:   0%|          | 1/292 [00:00<00:00, 5729.92it/s, Materializing param=embed_out.weight] 
Loading weights:   1%|          | 2/292 [00:00<00:00, 4660.34it/s, Materializing param=gpt_neox.embed_in.weight]
Loading weights:   1%|          | 2/292 [00:00<00:00, 2909.68it/s, Materializing param=gpt_neox.embed_in.weight]
Loading weights:   1%|1         | 3/292 [00:00<00:00, 3474.02it/s, Materializing param=gpt_neox.final_layer_norm.bias]
Loading weights:   1%|1         | 3/292 [00:00<00:00, 3193.63it/s, Materializing param=gpt_neox.final_layer_norm.bias]
Loading weights:   1%|1         | 4/292 [00:00<00:00, 3716.71it/s, Materializing param=gpt_neox.final_layer_norm.weight]
Loading weights:   1%|1         | 4/292 [00:00<00:00, 3501.09it/s, Materializing param=gpt_neox.final_layer_norm.weight]
Loading weights:   2%|1         | 5/292 [00:00<00:00, 3933.14it/s, Materializing param=gpt_neox.layers.0.attention.dense.bias]
Loading weights:   2%|1         | 5/292 [00:00<00:00, 3743.58it/s, Materializing param=gpt_neox.layers.0.attention.dense.bias]
Loading weights:   2%|2         | 6/292 [00:00<00:00, 3090.11it/s, Materializing param=gpt_neox.layers.0.attention.dense.weight]
Loading weights:   2%|2         | 6/292 [00:00<00:00, 2920.49it/s, Materializing param=gpt_neox.layers.0.attention.dense.weight]
Loading weights:   2%|2         | 7/292 [00:00<00:00, 1006.21it/s, Materializing param=gpt_neox.layers.0.attention.query_key_value.bias]
Loading weights:   2%|2         | 7/292 [00:00<00:00, 965.29it/s, Materializing param=gpt_neox.layers.0.attention.query_key_value.bias] 
Loading weights:   3%|2         | 8/292 [00:00<00:00, 1058.53it/s, Materializing param=gpt_neox.layers.0.attention.query_key_value.weight]
Loading weights:   3%|2         | 8/292 [00:00<00:00, 1044.76it/s, Materializing param=gpt_neox.layers.0.attention.query_key_value.weight]
Loading weights:   3%|3         | 9/292 [00:00<00:01, 221.83it/s, Materializing param=gpt_neox.layers.0.input_layernorm.bias]             
Loading weights:   3%|3         | 9/292 [00:00<00:01, 220.59it/s, Materializing param=gpt_neox.layers.0.input_layernorm.bias]
Loading weights:   3%|3         | 10/292 [00:00<00:01, 243.42it/s, Materializing param=gpt_neox.layers.0.input_layernorm.weight]
Loading weights:   3%|3         | 10/292 [00:00<00:01, 242.90it/s, Materializing param=gpt_neox.layers.0.input_layernorm.weight]
Loading weights:   4%|3         | 11/292 [00:00<00:01, 266.17it/s, Materializing param=gpt_neox.layers.0.mlp.dense_4h_to_h.bias]
Loading weights:   4%|3         | 11/292 [00:00<00:01, 265.49it/s, Materializing param=gpt_neox.layers.0.mlp.dense_4h_to_h.bias]
Loading weights:   4%|4         | 12/292 [00:00<00:00, 288.37it/s, Materializing param=gpt_neox.layers.0.mlp.dense_4h_to_h.weight]
Loading weights:   4%|4         | 12/292 [00:00<00:00, 287.90it/s, Materializing param=gpt_neox.layers.0.mlp.dense_4h_to_h.weight]
Loading weights:   4%|4         | 13/292 [00:00<00:00, 310.99it/s, Materializing param=gpt_neox.layers.0.mlp.dense_h_to_4h.bias]  
Loading weights:   4%|4         | 13/292 [00:00<00:00, 310.54it/s, Materializing param=gpt_neox.layers.0.mlp.dense_h_to_4h.bias]
Loading weights:   5%|4         | 14/292 [00:00<00:00, 333.36it/s, Materializing param=gpt_neox.layers.0.mlp.dense_h_to_4h.weight]
Loading weights:   5%|4         | 14/292 [00:00<00:00, 332.84it/s, Materializing param=gpt_neox.layers.0.mlp.dense_h_to_4h.weight]
Loading weights:   5%|5         | 15/292 [00:00<00:00, 352.20it/s, Materializing param=gpt_neox.layers.0.post_attention_layernorm.bias]
Loading weights:   5%|5         | 15/292 [00:00<00:00, 351.65it/s, Materializing param=gpt_neox.layers.0.post_attention_layernorm.bias]
Loading weights:   5%|5         | 16/292 [00:00<00:00, 373.74it/s, Materializing param=gpt_neox.layers.0.post_attention_layernorm.weight]
Loading weights:   5%|5         | 16/292 [00:00<00:00, 373.00it/s, Materializing param=gpt_neox.layers.0.post_attention_layernorm.weight]
Loading weights:   6%|5         | 17/292 [00:00<00:00, 394.31it/s, Materializing param=gpt_neox.layers.1.attention.dense.bias]           
Loading weights:   6%|5         | 17/292 [00:00<00:00, 393.56it/s, Materializing param=gpt_neox.layers.1.attention.dense.bias]
Loading weights:   6%|6         | 18/292 [00:00<00:00, 415.18it/s, Materializing param=gpt_neox.layers.1.attention.dense.weight]
Loading weights:   6%|6         | 18/292 [00:00<00:00, 413.24it/s, Materializing param=gpt_neox.layers.1.attention.dense.weight]
Loading weights:   7%|6         | 19/292 [00:00<00:00, 426.91it/s, Materializing param=gpt_neox.layers.1.attention.query_key_value.bias]
Loading weights:   7%|6         | 19/292 [00:00<00:00, 425.77it/s, Materializing param=gpt_neox.layers.1.attention.query_key_value.bias]
Loading weights:   7%|6         | 20/292 [00:00<00:00, 446.40it/s, Materializing param=gpt_neox.layers.1.attention.query_key_value.weight]
Loading weights:   7%|6         | 20/292 [00:00<00:00, 445.76it/s, Materializing param=gpt_neox.layers.1.attention.query_key_value.weight]
Loading weights:   7%|7         | 21/292 [00:00<00:00, 433.67it/s, Materializing param=gpt_neox.layers.1.input_layernorm.bias]            
Loading weights:   7%|7         | 21/292 [00:00<00:00, 431.36it/s, Materializing param=gpt_neox.layers.1.input_layernorm.bias]
Loading weights:   8%|7         | 22/292 [00:00<00:00, 449.69it/s, Materializing param=gpt_neox.layers.1.input_layernorm.weight]
Loading weights:   8%|7         | 22/292 [00:00<00:00, 448.82it/s, Materializing param=gpt_neox.layers.1.input_layernorm.weight]
Loading weights:   8%|7         | 23/292 [00:00<00:00, 465.98it/s, Materializing param=gpt_neox.layers.1.mlp.dense_4h_to_h.bias]
Loading weights:   8%|7         | 23/292 [00:00<00:00, 465.00it/s, Materializing param=gpt_neox.layers.1.mlp.dense_4h_to_h.bias]
Loading weights:   8%|8         | 24/292 [00:00<00:00, 481.95it/s, Materializing param=gpt_neox.layers.1.mlp.dense_4h_to_h.weight]
Loading weights:   8%|8         | 24/292 [00:00<00:00, 480.93it/s, Materializing param=gpt_neox.layers.1.mlp.dense_4h_to_h.weight]
Loading weights:   9%|8         | 25/292 [00:00<00:00, 333.43it/s, Materializing param=gpt_neox.layers.1.mlp.dense_h_to_4h.bias]  
Loading weights:   9%|8         | 25/292 [00:00<00:00, 331.65it/s, Materializing param=gpt_neox.layers.1.mlp.dense_h_to_4h.bias]
Loading weights:   9%|8         | 26/292 [00:00<00:00, 343.61it/s, Materializing param=gpt_neox.layers.1.mlp.dense_h_to_4h.weight]
Loading weights:   9%|8         | 26/292 [00:00<00:00, 343.25it/s, Materializing param=gpt_neox.layers.1.mlp.dense_h_to_4h.weight]
Loading weights:   9%|9         | 27/292 [00:00<00:00, 319.29it/s, Materializing param=gpt_neox.layers.1.post_attention_layernorm.bias]
Loading weights:   9%|9         | 27/292 [00:00<00:00, 318.50it/s, Materializing param=gpt_neox.layers.1.post_attention_layernorm.bias]
Loading weights:  10%|9         | 28/292 [00:00<00:00, 329.34it/s, Materializing param=gpt_neox.layers.1.post_attention_layernorm.weight]
Loading weights:  10%|9         | 28/292 [00:00<00:00, 329.06it/s, Materializing param=gpt_neox.layers.1.post_attention_layernorm.weight]
Loading weights:  10%|9         | 29/292 [00:00<00:00, 340.13it/s, Materializing param=gpt_neox.layers.2.attention.dense.bias]           
Loading weights:  10%|9         | 29/292 [00:00<00:00, 339.78it/s, Materializing param=gpt_neox.layers.2.attention.dense.bias]
Loading weights:  10%|#         | 30/292 [00:00<00:00, 350.78it/s, Materializing param=gpt_neox.layers.2.attention.dense.weight]
Loading weights:  10%|#         | 30/292 [00:00<00:00, 349.97it/s, Materializing param=gpt_neox.layers.2.attention.dense.weight]
Loading weights:  11%|#         | 31/292 [00:00<00:00, 360.98it/s, Materializing param=gpt_neox.layers.2.attention.query_key_value.bias]
Loading weights:  11%|#         | 31/292 [00:00<00:00, 360.68it/s, Materializing param=gpt_neox.layers.2.attention.query_key_value.bias]
Loading weights:  11%|#         | 32/292 [00:00<00:00, 371.37it/s, Materializing param=gpt_neox.layers.2.attention.query_key_value.weight]
Loading weights:  11%|#         | 32/292 [00:00<00:00, 371.00it/s, Materializing param=gpt_neox.layers.2.attention.query_key_value.weight]
Loading weights:  11%|#1        | 33/292 [00:00<00:00, 381.22it/s, Materializing param=gpt_neox.layers.2.input_layernorm.bias]            
Loading weights:  11%|#1        | 33/292 [00:00<00:00, 380.60it/s, Materializing param=gpt_neox.layers.2.input_layernorm.bias]
Loading weights:  12%|#1        | 34/292 [00:00<00:00, 391.30it/s, Materializing param=gpt_neox.layers.2.input_layernorm.weight]
Loading weights:  12%|#1        | 34/292 [00:00<00:00, 391.00it/s, Materializing param=gpt_neox.layers.2.input_layernorm.weight]
Loading weights:  12%|#1        | 35/292 [00:00<00:00, 401.91it/s, Materializing param=gpt_neox.layers.2.mlp.dense_4h_to_h.bias]
Loading weights:  12%|#1        | 35/292 [00:00<00:00, 401.65it/s, Materializing param=gpt_neox.layers.2.mlp.dense_4h_to_h.bias]
Loading weights:  12%|#2        | 36/292 [00:00<00:00, 412.52it/s, Materializing param=gpt_neox.layers.2.mlp.dense_4h_to_h.weight]
Loading weights:  12%|#2        | 36/292 [00:00<00:00, 412.25it/s, Materializing param=gpt_neox.layers.2.mlp.dense_4h_to_h.weight]
Loading weights:  13%|#2        | 37/292 [00:00<00:00, 423.15it/s, Materializing param=gpt_neox.layers.2.mlp.dense_h_to_4h.bias]  
Loading weights:  13%|#2        | 37/292 [00:00<00:00, 422.87it/s, Materializing param=gpt_neox.layers.2.mlp.dense_h_to_4h.bias]
Loading weights:  13%|#3        | 38/292 [00:00<00:00, 433.73it/s, Materializing param=gpt_neox.layers.2.mlp.dense_h_to_4h.weight]
Loading weights:  13%|#3        | 38/292 [00:00<00:00, 433.44it/s, Materializing param=gpt_neox.layers.2.mlp.dense_h_to_4h.weight]
Loading weights:  13%|#3        | 39/292 [00:00<00:00, 427.03it/s, Materializing param=gpt_neox.layers.2.post_attention_layernorm.bias]
Loading weights:  13%|#3        | 39/292 [00:00<00:00, 425.23it/s, Materializing param=gpt_neox.layers.2.post_attention_layernorm.bias]
Loading weights:  14%|#3        | 40/292 [00:00<00:00, 434.84it/s, Materializing param=gpt_neox.layers.2.post_attention_layernorm.weight]
Loading weights:  14%|#3        | 40/292 [00:00<00:00, 434.49it/s, Materializing param=gpt_neox.layers.2.post_attention_layernorm.weight]
Loading weights:  14%|#4        | 41/292 [00:00<00:00, 444.53it/s, Materializing param=gpt_neox.layers.3.attention.dense.bias]           
Loading weights:  14%|#4        | 41/292 [00:00<00:00, 444.19it/s, Materializing param=gpt_neox.layers.3.attention.dense.bias]
Loading weights:  14%|#4        | 42/292 [00:00<00:00, 452.27it/s, Materializing param=gpt_neox.layers.3.attention.dense.weight]
Loading weights:  14%|#4        | 42/292 [00:00<00:00, 451.82it/s, Materializing param=gpt_neox.layers.3.attention.dense.weight]
Loading weights:  15%|#4        | 43/292 [00:00<00:00, 426.69it/s, Materializing param=gpt_neox.layers.3.attention.dense.weight]
Loading weights:  15%|#4        | 43/292 [00:00<00:00, 426.69it/s, Materializing param=gpt_neox.layers.3.attention.query_key_value.bias]
Loading weights:  15%|#4        | 43/292 [00:00<00:00, 426.69it/s, Materializing param=gpt_neox.layers.3.attention.query_key_value.bias]
Loading weights:  15%|#5        | 44/292 [00:00<00:00, 426.69it/s, Materializing param=gpt_neox.layers.3.attention.query_key_value.weight]
Loading weights:  15%|#5        | 44/292 [00:00<00:00, 426.69it/s, Materializing param=gpt_neox.layers.3.attention.query_key_value.weight]
Loading weights:  15%|#5        | 45/292 [00:00<00:00, 426.69it/s, Materializing param=gpt_neox.layers.3.input_layernorm.bias]            
Loading weights:  15%|#5        | 45/292 [00:00<00:00, 426.69it/s, Materializing param=gpt_neox.layers.3.input_layernorm.bias]
Loading weights:  16%|#5        | 46/292 [00:00<00:00, 426.69it/s, Materializing param=gpt_neox.layers.3.input_layernorm.weight]
Loading weights:  16%|#5        | 46/292 [00:00<00:00, 426.69it/s, Materializing param=gpt_neox.layers.3.input_layernorm.weight]
Loading weights:  16%|#6        | 47/292 [00:00<00:00, 426.69it/s, Materializing param=gpt_neox.layers.3.mlp.dense_4h_to_h.bias]
Loading weights:  16%|#6        | 47/292 [00:00<00:00, 426.69it/s, Materializing param=gpt_neox.layers.3.mlp.dense_4h_to_h.bias]
Loading weights:  16%|#6        | 48/292 [00:00<00:00, 426.69it/s, Materializing param=gpt_neox.layers.3.mlp.dense_4h_to_h.weight]
Loading weights:  16%|#6        | 48/292 [00:00<00:00, 426.69it/s, Materializing param=gpt_neox.layers.3.mlp.dense_4h_to_h.weight]
Loading weights:  17%|#6        | 49/292 [00:00<00:00, 426.69it/s, Materializing param=gpt_neox.layers.3.mlp.dense_h_to_4h.bias]  
Loading weights:  17%|#6        | 49/292 [00:00<00:00, 426.69it/s, Materializing param=gpt_neox.layers.3.mlp.dense_h_to_4h.bias]
Loading weights:  17%|#7        | 50/292 [00:00<00:00, 426.69it/s, Materializing param=gpt_neox.layers.3.mlp.dense_h_to_4h.weight]
Loading weights:  17%|#7        | 50/292 [00:00<00:00, 426.69it/s, Materializing param=gpt_neox.layers.3.mlp.dense_h_to_4h.weight]
Loading weights:  17%|#7        | 51/292 [00:00<00:00, 426.69it/s, Materializing param=gpt_neox.layers.3.post_attention_layernorm.bias]
Loading weights:  17%|#7        | 51/292 [00:00<00:00, 426.69it/s, Materializing param=gpt_neox.layers.3.post_attention_layernorm.bias]
Loading weights:  18%|#7        | 52/292 [00:00<00:00, 426.69it/s, Materializing param=gpt_neox.layers.3.post_attention_layernorm.weight]
Loading weights:  18%|#7        | 52/292 [00:00<00:00, 426.69it/s, Materializing param=gpt_neox.layers.3.post_attention_layernorm.weight]
Loading weights:  18%|#8        | 53/292 [00:00<00:00, 426.69it/s, Materializing param=gpt_neox.layers.4.attention.dense.bias]           
Loading weights:  18%|#8        | 53/292 [00:00<00:00, 426.69it/s, Materializing param=gpt_neox.layers.4.attention.dense.bias]
Loading weights:  18%|#8        | 54/292 [00:00<00:00, 426.69it/s, Materializing param=gpt_neox.layers.4.attention.dense.weight]
Loading weights:  18%|#8        | 54/292 [00:00<00:00, 426.69it/s, Materializing param=gpt_neox.layers.4.attention.dense.weight]
Loading weights:  19%|#8        | 55/292 [00:00<00:00, 426.69it/s, Materializing param=gpt_neox.layers.4.attention.query_key_value.bias]
Loading weights:  19%|#8        | 55/292 [00:00<00:00, 426.69it/s, Materializing param=gpt_neox.layers.4.attention.query_key_value.bias]
Loading weights:  19%|#9        | 56/292 [00:00<00:00, 426.69it/s, Materializing param=gpt_neox.layers.4.attention.query_key_value.weight]
Loading weights:  19%|#9        | 56/292 [00:00<00:00, 426.69it/s, Materializing param=gpt_neox.layers.4.attention.query_key_value.weight]
Loading weights:  20%|#9        | 57/292 [00:00<00:00, 426.69it/s, Materializing param=gpt_neox.layers.4.input_layernorm.bias]            
Loading weights:  20%|#9        | 57/292 [00:00<00:00, 426.69it/s, Materializing param=gpt_neox.layers.4.input_layernorm.bias]
Loading weights:  20%|#9        | 58/292 [00:00<00:00, 426.69it/s, Materializing param=gpt_neox.layers.4.input_layernorm.weight]
Loading weights:  20%|#9        | 58/292 [00:00<00:00, 426.69it/s, Materializing param=gpt_neox.layers.4.input_layernorm.weight]
Loading weights:  20%|##        | 59/292 [00:00<00:00, 426.69it/s, Materializing param=gpt_neox.layers.4.mlp.dense_4h_to_h.bias]
Loading weights:  20%|##        | 59/292 [00:00<00:00, 426.69it/s, Materializing param=gpt_neox.layers.4.mlp.dense_4h_to_h.bias]
Loading weights:  21%|##        | 60/292 [00:00<00:00, 426.69it/s, Materializing param=gpt_neox.layers.4.mlp.dense_4h_to_h.weight]
Loading weights:  21%|##        | 60/292 [00:00<00:00, 426.69it/s, Materializing param=gpt_neox.layers.4.mlp.dense_4h_to_h.weight]
Loading weights:  21%|##        | 61/292 [00:00<00:00, 426.69it/s, Materializing param=gpt_neox.layers.4.mlp.dense_h_to_4h.bias]  
Loading weights:  21%|##        | 61/292 [00:00<00:00, 426.69it/s, Materializing param=gpt_neox.layers.4.mlp.dense_h_to_4h.bias]
Loading weights:  21%|##1       | 62/292 [00:00<00:00, 426.69it/s, Materializing param=gpt_neox.layers.4.mlp.dense_h_to_4h.weight]
Loading weights:  21%|##1       | 62/292 [00:00<00:00, 426.69it/s, Materializing param=gpt_neox.layers.4.mlp.dense_h_to_4h.weight]
Loading weights:  22%|##1       | 63/292 [00:00<00:00, 426.69it/s, Materializing param=gpt_neox.layers.4.post_attention_layernorm.bias]
Loading weights:  22%|##1       | 63/292 [00:00<00:00, 426.69it/s, Materializing param=gpt_neox.layers.4.post_attention_layernorm.bias]
Loading weights:  22%|##1       | 64/292 [00:00<00:00, 426.69it/s, Materializing param=gpt_neox.layers.4.post_attention_layernorm.weight]
Loading weights:  22%|##1       | 64/292 [00:00<00:00, 426.69it/s, Materializing param=gpt_neox.layers.4.post_attention_layernorm.weight]
Loading weights:  22%|##2       | 65/292 [00:00<00:00, 426.69it/s, Materializing param=gpt_neox.layers.5.attention.dense.bias]           
Loading weights:  22%|##2       | 65/292 [00:00<00:00, 426.69it/s, Materializing param=gpt_neox.layers.5.attention.dense.bias]
Loading weights:  23%|##2       | 66/292 [00:00<00:00, 426.69it/s, Materializing param=gpt_neox.layers.5.attention.dense.weight]
Loading weights:  23%|##2       | 66/292 [00:00<00:00, 426.69it/s, Materializing param=gpt_neox.layers.5.attention.dense.weight]
Loading weights:  23%|##2       | 67/292 [00:00<00:00, 426.69it/s, Materializing param=gpt_neox.layers.5.attention.query_key_value.bias]
Loading weights:  23%|##2       | 67/292 [00:00<00:00, 426.69it/s, Materializing param=gpt_neox.layers.5.attention.query_key_value.bias]
Loading weights:  23%|##3       | 68/292 [00:00<00:00, 426.69it/s, Materializing param=gpt_neox.layers.5.attention.query_key_value.weight]
Loading weights:  23%|##3       | 68/292 [00:00<00:00, 426.69it/s, Materializing param=gpt_neox.layers.5.attention.query_key_value.weight]
Loading weights:  24%|##3       | 69/292 [00:00<00:00, 426.69it/s, Materializing param=gpt_neox.layers.5.input_layernorm.bias]            
Loading weights:  24%|##3       | 69/292 [00:00<00:00, 426.69it/s, Materializing param=gpt_neox.layers.5.input_layernorm.bias]
Loading weights:  24%|##3       | 70/292 [00:00<00:00, 426.69it/s, Materializing param=gpt_neox.layers.5.input_layernorm.weight]
Loading weights:  24%|##3       | 70/292 [00:00<00:00, 426.69it/s, Materializing param=gpt_neox.layers.5.input_layernorm.weight]
Loading weights:  24%|##4       | 71/292 [00:00<00:00, 426.69it/s, Materializing param=gpt_neox.layers.5.mlp.dense_4h_to_h.bias]
Loading weights:  24%|##4       | 71/292 [00:00<00:00, 426.69it/s, Materializing param=gpt_neox.layers.5.mlp.dense_4h_to_h.bias]
Loading weights:  25%|##4       | 72/292 [00:00<00:00, 426.69it/s, Materializing param=gpt_neox.layers.5.mlp.dense_4h_to_h.weight]
Loading weights:  25%|##4       | 72/292 [00:00<00:00, 426.69it/s, Materializing param=gpt_neox.layers.5.mlp.dense_4h_to_h.weight]
Loading weights:  25%|##5       | 73/292 [00:00<00:00, 426.69it/s, Materializing param=gpt_neox.layers.5.mlp.dense_h_to_4h.bias]  
Loading weights:  25%|##5       | 73/292 [00:00<00:00, 426.69it/s, Materializing param=gpt_neox.layers.5.mlp.dense_h_to_4h.bias]
Loading weights:  25%|##5       | 74/292 [00:00<00:00, 426.69it/s, Materializing param=gpt_neox.layers.5.mlp.dense_h_to_4h.weight]
Loading weights:  25%|##5       | 74/292 [00:00<00:00, 426.69it/s, Materializing param=gpt_neox.layers.5.mlp.dense_h_to_4h.weight]
Loading weights:  26%|##5       | 75/292 [00:00<00:00, 426.69it/s, Materializing param=gpt_neox.layers.5.post_attention_layernorm.bias]
Loading weights:  26%|##5       | 75/292 [00:00<00:00, 426.69it/s, Materializing param=gpt_neox.layers.5.post_attention_layernorm.bias]
Loading weights:  26%|##6       | 76/292 [00:00<00:00, 426.69it/s, Materializing param=gpt_neox.layers.5.post_attention_layernorm.weight]
Loading weights:  26%|##6       | 76/292 [00:00<00:00, 426.69it/s, Materializing param=gpt_neox.layers.5.post_attention_layernorm.weight]
Loading weights:  26%|##6       | 77/292 [00:00<00:00, 426.69it/s, Materializing param=gpt_neox.layers.6.attention.dense.bias]           
Loading weights:  26%|##6       | 77/292 [00:00<00:00, 426.69it/s, Materializing param=gpt_neox.layers.6.attention.dense.bias]
Loading weights:  27%|##6       | 78/292 [00:00<00:00, 426.69it/s, Materializing param=gpt_neox.layers.6.attention.dense.weight]
Loading weights:  27%|##6       | 78/292 [00:00<00:00, 426.69it/s, Materializing param=gpt_neox.layers.6.attention.dense.weight]
Loading weights:  27%|##7       | 79/292 [00:00<00:00, 426.69it/s, Materializing param=gpt_neox.layers.6.attention.query_key_value.bias]
Loading weights:  27%|##7       | 79/292 [00:00<00:00, 426.69it/s, Materializing param=gpt_neox.layers.6.attention.query_key_value.bias]
Loading weights:  27%|##7       | 80/292 [00:00<00:00, 426.69it/s, Materializing param=gpt_neox.layers.6.attention.query_key_value.weight]
Loading weights:  27%|##7       | 80/292 [00:00<00:00, 426.69it/s, Materializing param=gpt_neox.layers.6.attention.query_key_value.weight]
Loading weights:  28%|##7       | 81/292 [00:00<00:00, 426.69it/s, Materializing param=gpt_neox.layers.6.input_layernorm.bias]            
Loading weights:  28%|##7       | 81/292 [00:00<00:00, 426.69it/s, Materializing param=gpt_neox.layers.6.input_layernorm.bias]
Loading weights:  28%|##8       | 82/292 [00:00<00:00, 426.69it/s, Materializing param=gpt_neox.layers.6.input_layernorm.weight]
Loading weights:  28%|##8       | 82/292 [00:00<00:00, 426.69it/s, Materializing param=gpt_neox.layers.6.input_layernorm.weight]
Loading weights:  28%|##8       | 83/292 [00:00<00:00, 426.69it/s, Materializing param=gpt_neox.layers.6.mlp.dense_4h_to_h.bias]
Loading weights:  28%|##8       | 83/292 [00:00<00:00, 426.69it/s, Materializing param=gpt_neox.layers.6.mlp.dense_4h_to_h.bias]
Loading weights:  29%|##8       | 84/292 [00:00<00:00, 426.69it/s, Materializing param=gpt_neox.layers.6.mlp.dense_4h_to_h.weight]
Loading weights:  29%|##8       | 84/292 [00:00<00:00, 426.69it/s, Materializing param=gpt_neox.layers.6.mlp.dense_4h_to_h.weight]
Loading weights:  29%|##9       | 85/292 [00:00<00:00, 426.69it/s, Materializing param=gpt_neox.layers.6.mlp.dense_h_to_4h.bias]  
Loading weights:  29%|##9       | 85/292 [00:00<00:00, 426.69it/s, Materializing param=gpt_neox.layers.6.mlp.dense_h_to_4h.bias]
Loading weights:  29%|##9       | 86/292 [00:00<00:00, 424.81it/s, Materializing param=gpt_neox.layers.6.mlp.dense_h_to_4h.bias]
Loading weights:  29%|##9       | 86/292 [00:00<00:00, 424.81it/s, Materializing param=gpt_neox.layers.6.mlp.dense_h_to_4h.weight]
Loading weights:  29%|##9       | 86/292 [00:00<00:00, 424.81it/s, Materializing param=gpt_neox.layers.6.mlp.dense_h_to_4h.weight]
Loading weights:  30%|##9       | 87/292 [00:00<00:00, 424.81it/s, Materializing param=gpt_neox.layers.6.post_attention_layernorm.bias]
Loading weights:  30%|##9       | 87/292 [00:00<00:00, 424.81it/s, Materializing param=gpt_neox.layers.6.post_attention_layernorm.bias]
Loading weights:  30%|###       | 88/292 [00:00<00:00, 424.81it/s, Materializing param=gpt_neox.layers.6.post_attention_layernorm.weight]
Loading weights:  30%|###       | 88/292 [00:00<00:00, 424.81it/s, Materializing param=gpt_neox.layers.6.post_attention_layernorm.weight]
Loading weights:  30%|###       | 89/292 [00:00<00:00, 424.81it/s, Materializing param=gpt_neox.layers.7.attention.dense.bias]           
Loading weights:  30%|###       | 89/292 [00:00<00:00, 424.81it/s, Materializing param=gpt_neox.layers.7.attention.dense.bias]
Loading weights:  31%|###       | 90/292 [00:00<00:00, 424.81it/s, Materializing param=gpt_neox.layers.7.attention.dense.weight]
Loading weights:  31%|###       | 90/292 [00:00<00:00, 424.81it/s, Materializing param=gpt_neox.layers.7.attention.dense.weight]
Loading weights:  31%|###1      | 91/292 [00:00<00:00, 424.81it/s, Materializing param=gpt_neox.layers.7.attention.query_key_value.bias]
Loading weights:  31%|###1      | 91/292 [00:00<00:00, 424.81it/s, Materializing param=gpt_neox.layers.7.attention.query_key_value.bias]
Loading weights:  32%|###1      | 92/292 [00:00<00:00, 424.81it/s, Materializing param=gpt_neox.layers.7.attention.query_key_value.weight]
Loading weights:  32%|###1      | 92/292 [00:00<00:00, 424.81it/s, Materializing param=gpt_neox.layers.7.attention.query_key_value.weight]
Loading weights:  32%|###1      | 93/292 [00:00<00:00, 424.81it/s, Materializing param=gpt_neox.layers.7.input_layernorm.bias]            
Loading weights:  32%|###1      | 93/292 [00:00<00:00, 424.81it/s, Materializing param=gpt_neox.layers.7.input_layernorm.bias]
Loading weights:  32%|###2      | 94/292 [00:00<00:00, 424.81it/s, Materializing param=gpt_neox.layers.7.input_layernorm.weight]
Loading weights:  32%|###2      | 94/292 [00:00<00:00, 424.81it/s, Materializing param=gpt_neox.layers.7.input_layernorm.weight]
Loading weights:  33%|###2      | 95/292 [00:00<00:00, 424.81it/s, Materializing param=gpt_neox.layers.7.mlp.dense_4h_to_h.bias]
Loading weights:  33%|###2      | 95/292 [00:00<00:00, 424.81it/s, Materializing param=gpt_neox.layers.7.mlp.dense_4h_to_h.bias]
Loading weights:  33%|###2      | 96/292 [00:00<00:00, 424.81it/s, Materializing param=gpt_neox.layers.7.mlp.dense_4h_to_h.weight]
Loading weights:  33%|###2      | 96/292 [00:00<00:00, 424.81it/s, Materializing param=gpt_neox.layers.7.mlp.dense_4h_to_h.weight]
Loading weights:  33%|###3      | 97/292 [00:00<00:00, 424.81it/s, Materializing param=gpt_neox.layers.7.mlp.dense_h_to_4h.bias]  
Loading weights:  33%|###3      | 97/292 [00:00<00:00, 424.81it/s, Materializing param=gpt_neox.layers.7.mlp.dense_h_to_4h.bias]
Loading weights:  34%|###3      | 98/292 [00:00<00:00, 424.81it/s, Materializing param=gpt_neox.layers.7.mlp.dense_h_to_4h.weight]
Loading weights:  34%|###3      | 98/292 [00:00<00:00, 424.81it/s, Materializing param=gpt_neox.layers.7.mlp.dense_h_to_4h.weight]
Loading weights:  34%|###3      | 99/292 [00:00<00:00, 424.81it/s, Materializing param=gpt_neox.layers.7.post_attention_layernorm.bias]
Loading weights:  34%|###3      | 99/292 [00:00<00:00, 424.81it/s, Materializing param=gpt_neox.layers.7.post_attention_layernorm.bias]
Loading weights:  34%|###4      | 100/292 [00:00<00:00, 424.81it/s, Materializing param=gpt_neox.layers.7.post_attention_layernorm.weight]
Loading weights:  34%|###4      | 100/292 [00:00<00:00, 424.81it/s, Materializing param=gpt_neox.layers.7.post_attention_layernorm.weight]
Loading weights:  35%|###4      | 101/292 [00:00<00:00, 424.81it/s, Materializing param=gpt_neox.layers.8.attention.dense.bias]           
Loading weights:  35%|###4      | 101/292 [00:00<00:00, 424.81it/s, Materializing param=gpt_neox.layers.8.attention.dense.bias]
Loading weights:  35%|###4      | 102/292 [00:00<00:00, 424.81it/s, Materializing param=gpt_neox.layers.8.attention.dense.weight]
Loading weights:  35%|###4      | 102/292 [00:00<00:00, 424.81it/s, Materializing param=gpt_neox.layers.8.attention.dense.weight]
Loading weights:  35%|###5      | 103/292 [00:00<00:00, 424.81it/s, Materializing param=gpt_neox.layers.8.attention.query_key_value.bias]
Loading weights:  35%|###5      | 103/292 [00:00<00:00, 424.81it/s, Materializing param=gpt_neox.layers.8.attention.query_key_value.bias]
Loading weights:  36%|###5      | 104/292 [00:00<00:00, 424.81it/s, Materializing param=gpt_neox.layers.8.attention.query_key_value.weight]
Loading weights:  36%|###5      | 104/292 [00:00<00:00, 424.81it/s, Materializing param=gpt_neox.layers.8.attention.query_key_value.weight]
Loading weights:  36%|###5      | 105/292 [00:00<00:00, 424.81it/s, Materializing param=gpt_neox.layers.8.input_layernorm.bias]            
Loading weights:  36%|###5      | 105/292 [00:00<00:00, 424.81it/s, Materializing param=gpt_neox.layers.8.input_layernorm.bias]
Loading weights:  36%|###6      | 106/292 [00:00<00:00, 424.81it/s, Materializing param=gpt_neox.layers.8.input_layernorm.weight]
Loading weights:  36%|###6      | 106/292 [00:00<00:00, 424.81it/s, Materializing param=gpt_neox.layers.8.input_layernorm.weight]
Loading weights:  37%|###6      | 107/292 [00:00<00:00, 424.81it/s, Materializing param=gpt_neox.layers.8.mlp.dense_4h_to_h.bias]
Loading weights:  37%|###6      | 107/292 [00:00<00:00, 424.81it/s, Materializing param=gpt_neox.layers.8.mlp.dense_4h_to_h.bias]
Loading weights:  37%|###6      | 108/292 [00:00<00:00, 424.81it/s, Materializing param=gpt_neox.layers.8.mlp.dense_4h_to_h.weight]
Loading weights:  37%|###6      | 108/292 [00:00<00:00, 424.81it/s, Materializing param=gpt_neox.layers.8.mlp.dense_4h_to_h.weight]
Loading weights:  37%|###7      | 109/292 [00:00<00:00, 424.81it/s, Materializing param=gpt_neox.layers.8.mlp.dense_h_to_4h.bias]  
Loading weights:  37%|###7      | 109/292 [00:00<00:00, 424.81it/s, Materializing param=gpt_neox.layers.8.mlp.dense_h_to_4h.bias]
Loading weights:  38%|###7      | 110/292 [00:00<00:00, 424.81it/s, Materializing param=gpt_neox.layers.8.mlp.dense_h_to_4h.weight]
Loading weights:  38%|###7      | 110/292 [00:00<00:00, 424.81it/s, Materializing param=gpt_neox.layers.8.mlp.dense_h_to_4h.weight]
Loading weights:  38%|###8      | 111/292 [00:00<00:00, 424.81it/s, Materializing param=gpt_neox.layers.8.post_attention_layernorm.bias]
Loading weights:  38%|###8      | 111/292 [00:00<00:00, 424.81it/s, Materializing param=gpt_neox.layers.8.post_attention_layernorm.bias]
Loading weights:  38%|###8      | 112/292 [00:00<00:00, 424.81it/s, Materializing param=gpt_neox.layers.8.post_attention_layernorm.weight]
Loading weights:  38%|###8      | 112/292 [00:00<00:00, 424.81it/s, Materializing param=gpt_neox.layers.8.post_attention_layernorm.weight]
Loading weights:  39%|###8      | 113/292 [00:00<00:00, 424.81it/s, Materializing param=gpt_neox.layers.9.attention.dense.bias]           
Loading weights:  39%|###8      | 113/292 [00:00<00:00, 424.81it/s, Materializing param=gpt_neox.layers.9.attention.dense.bias]
Loading weights:  39%|###9      | 114/292 [00:00<00:00, 424.81it/s, Materializing param=gpt_neox.layers.9.attention.dense.weight]
Loading weights:  39%|###9      | 114/292 [00:00<00:00, 424.81it/s, Materializing param=gpt_neox.layers.9.attention.dense.weight]
Loading weights:  39%|###9      | 115/292 [00:00<00:00, 424.81it/s, Materializing param=gpt_neox.layers.9.attention.query_key_value.bias]
Loading weights:  39%|###9      | 115/292 [00:00<00:00, 424.81it/s, Materializing param=gpt_neox.layers.9.attention.query_key_value.bias]
Loading weights:  40%|###9      | 116/292 [00:00<00:00, 424.81it/s, Materializing param=gpt_neox.layers.9.attention.query_key_value.weight]
Loading weights:  40%|###9      | 116/292 [00:00<00:00, 424.81it/s, Materializing param=gpt_neox.layers.9.attention.query_key_value.weight]
Loading weights:  40%|####      | 117/292 [00:00<00:00, 424.81it/s, Materializing param=gpt_neox.layers.9.input_layernorm.bias]            
Loading weights:  40%|####      | 117/292 [00:00<00:00, 424.81it/s, Materializing param=gpt_neox.layers.9.input_layernorm.bias]
Loading weights:  40%|####      | 118/292 [00:00<00:00, 424.81it/s, Materializing param=gpt_neox.layers.9.input_layernorm.weight]
Loading weights:  40%|####      | 118/292 [00:00<00:00, 424.81it/s, Materializing param=gpt_neox.layers.9.input_layernorm.weight]
Loading weights:  41%|####      | 119/292 [00:00<00:00, 424.81it/s, Materializing param=gpt_neox.layers.9.mlp.dense_4h_to_h.bias]
Loading weights:  41%|####      | 119/292 [00:00<00:00, 424.81it/s, Materializing param=gpt_neox.layers.9.mlp.dense_4h_to_h.bias]
Loading weights:  41%|####1     | 120/292 [00:00<00:00, 424.81it/s, Materializing param=gpt_neox.layers.9.mlp.dense_4h_to_h.weight]
Loading weights:  41%|####1     | 120/292 [00:00<00:00, 424.81it/s, Materializing param=gpt_neox.layers.9.mlp.dense_4h_to_h.weight]
Loading weights:  41%|####1     | 121/292 [00:00<00:00, 424.81it/s, Materializing param=gpt_neox.layers.9.mlp.dense_h_to_4h.bias]  
Loading weights:  41%|####1     | 121/292 [00:00<00:00, 424.81it/s, Materializing param=gpt_neox.layers.9.mlp.dense_h_to_4h.bias]
Loading weights:  42%|####1     | 122/292 [00:00<00:00, 424.81it/s, Materializing param=gpt_neox.layers.9.mlp.dense_h_to_4h.weight]
Loading weights:  42%|####1     | 122/292 [00:00<00:00, 424.81it/s, Materializing param=gpt_neox.layers.9.mlp.dense_h_to_4h.weight]
Loading weights:  42%|####2     | 123/292 [00:00<00:00, 424.81it/s, Materializing param=gpt_neox.layers.9.post_attention_layernorm.bias]
Loading weights:  42%|####2     | 123/292 [00:00<00:00, 424.81it/s, Materializing param=gpt_neox.layers.9.post_attention_layernorm.bias]
Loading weights:  42%|####2     | 124/292 [00:00<00:00, 424.81it/s, Materializing param=gpt_neox.layers.9.post_attention_layernorm.weight]
Loading weights:  42%|####2     | 124/292 [00:00<00:00, 424.81it/s, Materializing param=gpt_neox.layers.9.post_attention_layernorm.weight]
Loading weights:  43%|####2     | 125/292 [00:00<00:00, 424.81it/s, Materializing param=gpt_neox.layers.10.attention.dense.bias]          
Loading weights:  43%|####2     | 125/292 [00:00<00:00, 424.81it/s, Materializing param=gpt_neox.layers.10.attention.dense.bias]
Loading weights:  43%|####3     | 126/292 [00:00<00:00, 424.81it/s, Materializing param=gpt_neox.layers.10.attention.dense.weight]
Loading weights:  43%|####3     | 126/292 [00:00<00:00, 424.81it/s, Materializing param=gpt_neox.layers.10.attention.dense.weight]
Loading weights:  43%|####3     | 127/292 [00:00<00:00, 424.81it/s, Materializing param=gpt_neox.layers.10.attention.query_key_value.bias]
Loading weights:  43%|####3     | 127/292 [00:00<00:00, 424.81it/s, Materializing param=gpt_neox.layers.10.attention.query_key_value.bias]
Loading weights:  44%|####3     | 128/292 [00:00<00:00, 424.81it/s, Materializing param=gpt_neox.layers.10.attention.query_key_value.weight]
Loading weights:  44%|####3     | 128/292 [00:00<00:00, 424.81it/s, Materializing param=gpt_neox.layers.10.attention.query_key_value.weight]
Loading weights:  44%|####4     | 129/292 [00:00<00:00, 357.64it/s, Materializing param=gpt_neox.layers.10.attention.query_key_value.weight]
Loading weights:  44%|####4     | 129/292 [00:00<00:00, 357.64it/s, Materializing param=gpt_neox.layers.10.input_layernorm.bias]            
Loading weights:  44%|####4     | 129/292 [00:00<00:00, 357.64it/s, Materializing param=gpt_neox.layers.10.input_layernorm.bias]
Loading weights:  45%|####4     | 130/292 [00:00<00:00, 357.64it/s, Materializing param=gpt_neox.layers.10.input_layernorm.weight]
Loading weights:  45%|####4     | 130/292 [00:00<00:00, 357.64it/s, Materializing param=gpt_neox.layers.10.input_layernorm.weight]
Loading weights:  45%|####4     | 131/292 [00:00<00:00, 357.64it/s, Materializing param=gpt_neox.layers.10.mlp.dense_4h_to_h.bias]
Loading weights:  45%|####4     | 131/292 [00:00<00:00, 357.64it/s, Materializing param=gpt_neox.layers.10.mlp.dense_4h_to_h.bias]
Loading weights:  45%|####5     | 132/292 [00:00<00:00, 357.64it/s, Materializing param=gpt_neox.layers.10.mlp.dense_4h_to_h.weight]
Loading weights:  45%|####5     | 132/292 [00:00<00:00, 357.64it/s, Materializing param=gpt_neox.layers.10.mlp.dense_4h_to_h.weight]
Loading weights:  46%|####5     | 133/292 [00:00<00:00, 357.64it/s, Materializing param=gpt_neox.layers.10.mlp.dense_h_to_4h.bias]  
Loading weights:  46%|####5     | 133/292 [00:00<00:00, 357.64it/s, Materializing param=gpt_neox.layers.10.mlp.dense_h_to_4h.bias]
Loading weights:  46%|####5     | 134/292 [00:00<00:00, 357.64it/s, Materializing param=gpt_neox.layers.10.mlp.dense_h_to_4h.weight]
Loading weights:  46%|####5     | 134/292 [00:00<00:00, 357.64it/s, Materializing param=gpt_neox.layers.10.mlp.dense_h_to_4h.weight]
Loading weights:  46%|####6     | 135/292 [00:00<00:00, 357.64it/s, Materializing param=gpt_neox.layers.10.post_attention_layernorm.bias]
Loading weights:  46%|####6     | 135/292 [00:00<00:00, 357.64it/s, Materializing param=gpt_neox.layers.10.post_attention_layernorm.bias]
Loading weights:  47%|####6     | 136/292 [00:00<00:00, 357.64it/s, Materializing param=gpt_neox.layers.10.post_attention_layernorm.weight]
Loading weights:  47%|####6     | 136/292 [00:00<00:00, 357.64it/s, Materializing param=gpt_neox.layers.10.post_attention_layernorm.weight]
Loading weights:  47%|####6     | 137/292 [00:00<00:00, 357.64it/s, Materializing param=gpt_neox.layers.11.attention.dense.bias]           
Loading weights:  47%|####6     | 137/292 [00:00<00:00, 357.64it/s, Materializing param=gpt_neox.layers.11.attention.dense.bias]
Loading weights:  47%|####7     | 138/292 [00:00<00:00, 357.64it/s, Materializing param=gpt_neox.layers.11.attention.dense.weight]
Loading weights:  47%|####7     | 138/292 [00:00<00:00, 357.64it/s, Materializing param=gpt_neox.layers.11.attention.dense.weight]
Loading weights:  48%|####7     | 139/292 [00:00<00:00, 357.64it/s, Materializing param=gpt_neox.layers.11.attention.query_key_value.bias]
Loading weights:  48%|####7     | 139/292 [00:00<00:00, 357.64it/s, Materializing param=gpt_neox.layers.11.attention.query_key_value.bias]
Loading weights:  48%|####7     | 140/292 [00:00<00:00, 357.64it/s, Materializing param=gpt_neox.layers.11.attention.query_key_value.weight]
Loading weights:  48%|####7     | 140/292 [00:00<00:00, 357.64it/s, Materializing param=gpt_neox.layers.11.attention.query_key_value.weight]
Loading weights:  48%|####8     | 141/292 [00:00<00:00, 357.64it/s, Materializing param=gpt_neox.layers.11.input_layernorm.bias]            
Loading weights:  48%|####8     | 141/292 [00:00<00:00, 357.64it/s, Materializing param=gpt_neox.layers.11.input_layernorm.bias]
Loading weights:  49%|####8     | 142/292 [00:00<00:00, 357.64it/s, Materializing param=gpt_neox.layers.11.input_layernorm.weight]
Loading weights:  49%|####8     | 142/292 [00:00<00:00, 357.64it/s, Materializing param=gpt_neox.layers.11.input_layernorm.weight]
Loading weights:  49%|####8     | 143/292 [00:00<00:00, 357.64it/s, Materializing param=gpt_neox.layers.11.mlp.dense_4h_to_h.bias]
Loading weights:  49%|####8     | 143/292 [00:00<00:00, 357.64it/s, Materializing param=gpt_neox.layers.11.mlp.dense_4h_to_h.bias]
Loading weights:  49%|####9     | 144/292 [00:00<00:00, 357.64it/s, Materializing param=gpt_neox.layers.11.mlp.dense_4h_to_h.weight]
Loading weights:  49%|####9     | 144/292 [00:00<00:00, 357.64it/s, Materializing param=gpt_neox.layers.11.mlp.dense_4h_to_h.weight]
Loading weights:  50%|####9     | 145/292 [00:00<00:00, 357.64it/s, Materializing param=gpt_neox.layers.11.mlp.dense_h_to_4h.bias]  
Loading weights:  50%|####9     | 145/292 [00:00<00:00, 357.64it/s, Materializing param=gpt_neox.layers.11.mlp.dense_h_to_4h.bias]
Loading weights:  50%|#####     | 146/292 [00:00<00:00, 357.64it/s, Materializing param=gpt_neox.layers.11.mlp.dense_h_to_4h.weight]
Loading weights:  50%|#####     | 146/292 [00:00<00:00, 357.64it/s, Materializing param=gpt_neox.layers.11.mlp.dense_h_to_4h.weight]
Loading weights:  50%|#####     | 147/292 [00:00<00:00, 357.64it/s, Materializing param=gpt_neox.layers.11.post_attention_layernorm.bias]
Loading weights:  50%|#####     | 147/292 [00:00<00:00, 357.64it/s, Materializing param=gpt_neox.layers.11.post_attention_layernorm.bias]
Loading weights:  51%|#####     | 148/292 [00:00<00:00, 357.64it/s, Materializing param=gpt_neox.layers.11.post_attention_layernorm.weight]
Loading weights:  51%|#####     | 148/292 [00:00<00:00, 357.64it/s, Materializing param=gpt_neox.layers.11.post_attention_layernorm.weight]
Loading weights:  51%|#####1    | 149/292 [00:00<00:00, 357.64it/s, Materializing param=gpt_neox.layers.12.attention.dense.bias]           
Loading weights:  51%|#####1    | 149/292 [00:00<00:00, 357.64it/s, Materializing param=gpt_neox.layers.12.attention.dense.bias]
Loading weights:  51%|#####1    | 150/292 [00:00<00:00, 357.64it/s, Materializing param=gpt_neox.layers.12.attention.dense.weight]
Loading weights:  51%|#####1    | 150/292 [00:00<00:00, 357.64it/s, Materializing param=gpt_neox.layers.12.attention.dense.weight]
Loading weights:  52%|#####1    | 151/292 [00:00<00:00, 357.64it/s, Materializing param=gpt_neox.layers.12.attention.query_key_value.bias]
Loading weights:  52%|#####1    | 151/292 [00:00<00:00, 357.64it/s, Materializing param=gpt_neox.layers.12.attention.query_key_value.bias]
Loading weights:  52%|#####2    | 152/292 [00:00<00:00, 357.64it/s, Materializing param=gpt_neox.layers.12.attention.query_key_value.weight]
Loading weights:  52%|#####2    | 152/292 [00:00<00:00, 357.64it/s, Materializing param=gpt_neox.layers.12.attention.query_key_value.weight]
Loading weights:  52%|#####2    | 153/292 [00:00<00:00, 357.64it/s, Materializing param=gpt_neox.layers.12.input_layernorm.bias]            
Loading weights:  52%|#####2    | 153/292 [00:00<00:00, 357.64it/s, Materializing param=gpt_neox.layers.12.input_layernorm.bias]
Loading weights:  53%|#####2    | 154/292 [00:00<00:00, 357.64it/s, Materializing param=gpt_neox.layers.12.input_layernorm.weight]
Loading weights:  53%|#####2    | 154/292 [00:00<00:00, 357.64it/s, Materializing param=gpt_neox.layers.12.input_layernorm.weight]
Loading weights:  53%|#####3    | 155/292 [00:00<00:00, 357.64it/s, Materializing param=gpt_neox.layers.12.mlp.dense_4h_to_h.bias]
Loading weights:  53%|#####3    | 155/292 [00:00<00:00, 357.64it/s, Materializing param=gpt_neox.layers.12.mlp.dense_4h_to_h.bias]
Loading weights:  53%|#####3    | 156/292 [00:00<00:00, 357.64it/s, Materializing param=gpt_neox.layers.12.mlp.dense_4h_to_h.weight]
Loading weights:  53%|#####3    | 156/292 [00:00<00:00, 357.64it/s, Materializing param=gpt_neox.layers.12.mlp.dense_4h_to_h.weight]
Loading weights:  54%|#####3    | 157/292 [00:00<00:00, 357.64it/s, Materializing param=gpt_neox.layers.12.mlp.dense_h_to_4h.bias]  
Loading weights:  54%|#####3    | 157/292 [00:00<00:00, 357.64it/s, Materializing param=gpt_neox.layers.12.mlp.dense_h_to_4h.bias]
Loading weights:  54%|#####4    | 158/292 [00:00<00:00, 357.64it/s, Materializing param=gpt_neox.layers.12.mlp.dense_h_to_4h.weight]
Loading weights:  54%|#####4    | 158/292 [00:00<00:00, 357.64it/s, Materializing param=gpt_neox.layers.12.mlp.dense_h_to_4h.weight]
Loading weights:  54%|#####4    | 159/292 [00:00<00:00, 357.64it/s, Materializing param=gpt_neox.layers.12.post_attention_layernorm.bias]
Loading weights:  54%|#####4    | 159/292 [00:00<00:00, 357.64it/s, Materializing param=gpt_neox.layers.12.post_attention_layernorm.bias]
Loading weights:  55%|#####4    | 160/292 [00:00<00:00, 357.64it/s, Materializing param=gpt_neox.layers.12.post_attention_layernorm.weight]
Loading weights:  55%|#####4    | 160/292 [00:00<00:00, 357.64it/s, Materializing param=gpt_neox.layers.12.post_attention_layernorm.weight]
Loading weights:  55%|#####5    | 161/292 [00:00<00:00, 357.64it/s, Materializing param=gpt_neox.layers.13.attention.dense.bias]           
Loading weights:  55%|#####5    | 161/292 [00:00<00:00, 357.64it/s, Materializing param=gpt_neox.layers.13.attention.dense.bias]
Loading weights:  55%|#####5    | 162/292 [00:00<00:00, 357.64it/s, Materializing param=gpt_neox.layers.13.attention.dense.weight]
Loading weights:  55%|#####5    | 162/292 [00:00<00:00, 357.64it/s, Materializing param=gpt_neox.layers.13.attention.dense.weight]
Loading weights:  56%|#####5    | 163/292 [00:00<00:00, 357.64it/s, Materializing param=gpt_neox.layers.13.attention.query_key_value.bias]
Loading weights:  56%|#####5    | 163/292 [00:00<00:00, 357.64it/s, Materializing param=gpt_neox.layers.13.attention.query_key_value.bias]
Loading weights:  56%|#####6    | 164/292 [00:00<00:00, 357.64it/s, Materializing param=gpt_neox.layers.13.attention.query_key_value.weight]
Loading weights:  56%|#####6    | 164/292 [00:00<00:00, 357.64it/s, Materializing param=gpt_neox.layers.13.attention.query_key_value.weight]
Loading weights:  57%|#####6    | 165/292 [00:00<00:00, 357.64it/s, Materializing param=gpt_neox.layers.13.input_layernorm.bias]            
Loading weights:  57%|#####6    | 165/292 [00:00<00:00, 357.64it/s, Materializing param=gpt_neox.layers.13.input_layernorm.bias]
Loading weights:  57%|#####6    | 166/292 [00:00<00:00, 346.11it/s, Materializing param=gpt_neox.layers.13.input_layernorm.bias]
Loading weights:  57%|#####6    | 166/292 [00:00<00:00, 346.11it/s, Materializing param=gpt_neox.layers.13.input_layernorm.weight]
Loading weights:  57%|#####6    | 166/292 [00:00<00:00, 346.11it/s, Materializing param=gpt_neox.layers.13.input_layernorm.weight]
Loading weights:  57%|#####7    | 167/292 [00:00<00:00, 346.11it/s, Materializing param=gpt_neox.layers.13.mlp.dense_4h_to_h.bias]
Loading weights:  57%|#####7    | 167/292 [00:00<00:00, 346.11it/s, Materializing param=gpt_neox.layers.13.mlp.dense_4h_to_h.bias]
Loading weights:  58%|#####7    | 168/292 [00:00<00:00, 346.11it/s, Materializing param=gpt_neox.layers.13.mlp.dense_4h_to_h.weight]
Loading weights:  58%|#####7    | 168/292 [00:00<00:00, 346.11it/s, Materializing param=gpt_neox.layers.13.mlp.dense_4h_to_h.weight]
Loading weights:  58%|#####7    | 169/292 [00:00<00:00, 346.11it/s, Materializing param=gpt_neox.layers.13.mlp.dense_h_to_4h.bias]  
Loading weights:  58%|#####7    | 169/292 [00:00<00:00, 346.11it/s, Materializing param=gpt_neox.layers.13.mlp.dense_h_to_4h.bias]
Loading weights:  58%|#####8    | 170/292 [00:00<00:00, 346.11it/s, Materializing param=gpt_neox.layers.13.mlp.dense_h_to_4h.weight]
Loading weights:  58%|#####8    | 170/292 [00:00<00:00, 346.11it/s, Materializing param=gpt_neox.layers.13.mlp.dense_h_to_4h.weight]
Loading weights:  59%|#####8    | 171/292 [00:00<00:00, 346.11it/s, Materializing param=gpt_neox.layers.13.post_attention_layernorm.bias]
Loading weights:  59%|#####8    | 171/292 [00:00<00:00, 346.11it/s, Materializing param=gpt_neox.layers.13.post_attention_layernorm.bias]
Loading weights:  59%|#####8    | 172/292 [00:00<00:00, 346.11it/s, Materializing param=gpt_neox.layers.13.post_attention_layernorm.weight]
Loading weights:  59%|#####8    | 172/292 [00:00<00:00, 346.11it/s, Materializing param=gpt_neox.layers.13.post_attention_layernorm.weight]
Loading weights:  59%|#####9    | 173/292 [00:00<00:00, 346.11it/s, Materializing param=gpt_neox.layers.14.attention.dense.bias]           
Loading weights:  59%|#####9    | 173/292 [00:00<00:00, 346.11it/s, Materializing param=gpt_neox.layers.14.attention.dense.bias]
Loading weights:  60%|#####9    | 174/292 [00:00<00:00, 346.11it/s, Materializing param=gpt_neox.layers.14.attention.dense.weight]
Loading weights:  60%|#####9    | 174/292 [00:00<00:00, 346.11it/s, Materializing param=gpt_neox.layers.14.attention.dense.weight]
Loading weights:  60%|#####9    | 175/292 [00:00<00:00, 346.11it/s, Materializing param=gpt_neox.layers.14.attention.query_key_value.bias]
Loading weights:  60%|#####9    | 175/292 [00:00<00:00, 346.11it/s, Materializing param=gpt_neox.layers.14.attention.query_key_value.bias]
Loading weights:  60%|######    | 176/292 [00:00<00:00, 346.11it/s, Materializing param=gpt_neox.layers.14.attention.query_key_value.weight]
Loading weights:  60%|######    | 176/292 [00:00<00:00, 346.11it/s, Materializing param=gpt_neox.layers.14.attention.query_key_value.weight]
Loading weights:  61%|######    | 177/292 [00:00<00:00, 346.11it/s, Materializing param=gpt_neox.layers.14.input_layernorm.bias]            
Loading weights:  61%|######    | 177/292 [00:00<00:00, 346.11it/s, Materializing param=gpt_neox.layers.14.input_layernorm.bias]
Loading weights:  61%|######    | 178/292 [00:00<00:00, 346.11it/s, Materializing param=gpt_neox.layers.14.input_layernorm.weight]
Loading weights:  61%|######    | 178/292 [00:00<00:00, 346.11it/s, Materializing param=gpt_neox.layers.14.input_layernorm.weight]
Loading weights:  61%|######1   | 179/292 [00:00<00:00, 346.11it/s, Materializing param=gpt_neox.layers.14.mlp.dense_4h_to_h.bias]
Loading weights:  61%|######1   | 179/292 [00:00<00:00, 346.11it/s, Materializing param=gpt_neox.layers.14.mlp.dense_4h_to_h.bias]
Loading weights:  62%|######1   | 180/292 [00:00<00:00, 346.11it/s, Materializing param=gpt_neox.layers.14.mlp.dense_4h_to_h.weight]
Loading weights:  62%|######1   | 180/292 [00:00<00:00, 346.11it/s, Materializing param=gpt_neox.layers.14.mlp.dense_4h_to_h.weight]
Loading weights:  62%|######1   | 181/292 [00:00<00:00, 346.11it/s, Materializing param=gpt_neox.layers.14.mlp.dense_h_to_4h.bias]  
Loading weights:  62%|######1   | 181/292 [00:00<00:00, 346.11it/s, Materializing param=gpt_neox.layers.14.mlp.dense_h_to_4h.bias]
Loading weights:  62%|######2   | 182/292 [00:00<00:00, 346.11it/s, Materializing param=gpt_neox.layers.14.mlp.dense_h_to_4h.weight]
Loading weights:  62%|######2   | 182/292 [00:00<00:00, 346.11it/s, Materializing param=gpt_neox.layers.14.mlp.dense_h_to_4h.weight]
Loading weights:  63%|######2   | 183/292 [00:00<00:00, 346.11it/s, Materializing param=gpt_neox.layers.14.post_attention_layernorm.bias]
Loading weights:  63%|######2   | 183/292 [00:00<00:00, 346.11it/s, Materializing param=gpt_neox.layers.14.post_attention_layernorm.bias]
Loading weights:  63%|######3   | 184/292 [00:00<00:00, 346.11it/s, Materializing param=gpt_neox.layers.14.post_attention_layernorm.weight]
Loading weights:  63%|######3   | 184/292 [00:00<00:00, 346.11it/s, Materializing param=gpt_neox.layers.14.post_attention_layernorm.weight]
Loading weights:  63%|######3   | 185/292 [00:00<00:00, 346.11it/s, Materializing param=gpt_neox.layers.15.attention.dense.bias]           
Loading weights:  63%|######3   | 185/292 [00:00<00:00, 346.11it/s, Materializing param=gpt_neox.layers.15.attention.dense.bias]
Loading weights:  64%|######3   | 186/292 [00:00<00:00, 346.11it/s, Materializing param=gpt_neox.layers.15.attention.dense.weight]
Loading weights:  64%|######3   | 186/292 [00:00<00:00, 346.11it/s, Materializing param=gpt_neox.layers.15.attention.dense.weight]
Loading weights:  64%|######4   | 187/292 [00:00<00:00, 346.11it/s, Materializing param=gpt_neox.layers.15.attention.query_key_value.bias]
Loading weights:  64%|######4   | 187/292 [00:00<00:00, 346.11it/s, Materializing param=gpt_neox.layers.15.attention.query_key_value.bias]
Loading weights:  64%|######4   | 188/292 [00:00<00:00, 346.11it/s, Materializing param=gpt_neox.layers.15.attention.query_key_value.weight]
Loading weights:  64%|######4   | 188/292 [00:00<00:00, 346.11it/s, Materializing param=gpt_neox.layers.15.attention.query_key_value.weight]
Loading weights:  65%|######4   | 189/292 [00:00<00:00, 346.11it/s, Materializing param=gpt_neox.layers.15.input_layernorm.bias]            
Loading weights:  65%|######4   | 189/292 [00:00<00:00, 346.11it/s, Materializing param=gpt_neox.layers.15.input_layernorm.bias]
Loading weights:  65%|######5   | 190/292 [00:00<00:00, 346.11it/s, Materializing param=gpt_neox.layers.15.input_layernorm.weight]
Loading weights:  65%|######5   | 190/292 [00:00<00:00, 346.11it/s, Materializing param=gpt_neox.layers.15.input_layernorm.weight]
Loading weights:  65%|######5   | 191/292 [00:00<00:00, 346.11it/s, Materializing param=gpt_neox.layers.15.mlp.dense_4h_to_h.bias]
Loading weights:  65%|######5   | 191/292 [00:00<00:00, 346.11it/s, Materializing param=gpt_neox.layers.15.mlp.dense_4h_to_h.bias]
Loading weights:  66%|######5   | 192/292 [00:00<00:00, 346.11it/s, Materializing param=gpt_neox.layers.15.mlp.dense_4h_to_h.weight]
Loading weights:  66%|######5   | 192/292 [00:00<00:00, 346.11it/s, Materializing param=gpt_neox.layers.15.mlp.dense_4h_to_h.weight]
Loading weights:  66%|######6   | 193/292 [00:00<00:00, 346.11it/s, Materializing param=gpt_neox.layers.15.mlp.dense_h_to_4h.bias]  
Loading weights:  66%|######6   | 193/292 [00:00<00:00, 346.11it/s, Materializing param=gpt_neox.layers.15.mlp.dense_h_to_4h.bias]
Loading weights:  66%|######6   | 194/292 [00:00<00:00, 346.11it/s, Materializing param=gpt_neox.layers.15.mlp.dense_h_to_4h.weight]
Loading weights:  66%|######6   | 194/292 [00:00<00:00, 346.11it/s, Materializing param=gpt_neox.layers.15.mlp.dense_h_to_4h.weight]
Loading weights:  67%|######6   | 195/292 [00:00<00:00, 346.11it/s, Materializing param=gpt_neox.layers.15.post_attention_layernorm.bias]
Loading weights:  67%|######6   | 195/292 [00:00<00:00, 346.11it/s, Materializing param=gpt_neox.layers.15.post_attention_layernorm.bias]
Loading weights:  67%|######7   | 196/292 [00:00<00:00, 346.11it/s, Materializing param=gpt_neox.layers.15.post_attention_layernorm.weight]
Loading weights:  67%|######7   | 196/292 [00:00<00:00, 346.11it/s, Materializing param=gpt_neox.layers.15.post_attention_layernorm.weight]
Loading weights:  67%|######7   | 197/292 [00:00<00:00, 346.11it/s, Materializing param=gpt_neox.layers.16.attention.dense.bias]           
Loading weights:  67%|######7   | 197/292 [00:00<00:00, 346.11it/s, Materializing param=gpt_neox.layers.16.attention.dense.bias]
Loading weights:  68%|######7   | 198/292 [00:00<00:00, 346.11it/s, Materializing param=gpt_neox.layers.16.attention.dense.weight]
Loading weights:  68%|######7   | 198/292 [00:00<00:00, 346.11it/s, Materializing param=gpt_neox.layers.16.attention.dense.weight]
Loading weights:  68%|######8   | 199/292 [00:00<00:00, 346.11it/s, Materializing param=gpt_neox.layers.16.attention.query_key_value.bias]
Loading weights:  68%|######8   | 199/292 [00:00<00:00, 346.11it/s, Materializing param=gpt_neox.layers.16.attention.query_key_value.bias]
Loading weights:  68%|######8   | 200/292 [00:00<00:00, 346.11it/s, Materializing param=gpt_neox.layers.16.attention.query_key_value.weight]
Loading weights:  68%|######8   | 200/292 [00:00<00:00, 346.11it/s, Materializing param=gpt_neox.layers.16.attention.query_key_value.weight]
Loading weights:  69%|######8   | 201/292 [00:00<00:00, 346.11it/s, Materializing param=gpt_neox.layers.16.input_layernorm.bias]            
Loading weights:  69%|######8   | 201/292 [00:00<00:00, 346.11it/s, Materializing param=gpt_neox.layers.16.input_layernorm.bias]
Loading weights:  69%|######9   | 202/292 [00:00<00:00, 307.02it/s, Materializing param=gpt_neox.layers.16.input_layernorm.bias]
Loading weights:  69%|######9   | 202/292 [00:00<00:00, 307.02it/s, Materializing param=gpt_neox.layers.16.input_layernorm.weight]
Loading weights:  69%|######9   | 202/292 [00:00<00:00, 307.02it/s, Materializing param=gpt_neox.layers.16.input_layernorm.weight]
Loading weights:  70%|######9   | 203/292 [00:00<00:00, 307.02it/s, Materializing param=gpt_neox.layers.16.mlp.dense_4h_to_h.bias]
Loading weights:  70%|######9   | 203/292 [00:00<00:00, 307.02it/s, Materializing param=gpt_neox.layers.16.mlp.dense_4h_to_h.bias]
Loading weights:  70%|######9   | 204/292 [00:00<00:00, 307.02it/s, Materializing param=gpt_neox.layers.16.mlp.dense_4h_to_h.weight]
Loading weights:  70%|######9   | 204/292 [00:00<00:00, 307.02it/s, Materializing param=gpt_neox.layers.16.mlp.dense_4h_to_h.weight]
Loading weights:  70%|#######   | 205/292 [00:00<00:00, 307.02it/s, Materializing param=gpt_neox.layers.16.mlp.dense_h_to_4h.bias]  
Loading weights:  70%|#######   | 205/292 [00:00<00:00, 307.02it/s, Materializing param=gpt_neox.layers.16.mlp.dense_h_to_4h.bias]
Loading weights:  71%|#######   | 206/292 [00:00<00:00, 307.02it/s, Materializing param=gpt_neox.layers.16.mlp.dense_h_to_4h.weight]
Loading weights:  71%|#######   | 206/292 [00:00<00:00, 307.02it/s, Materializing param=gpt_neox.layers.16.mlp.dense_h_to_4h.weight]
Loading weights:  71%|#######   | 207/292 [00:00<00:00, 307.02it/s, Materializing param=gpt_neox.layers.16.post_attention_layernorm.bias]
Loading weights:  71%|#######   | 207/292 [00:00<00:00, 307.02it/s, Materializing param=gpt_neox.layers.16.post_attention_layernorm.bias]
Loading weights:  71%|#######1  | 208/292 [00:00<00:00, 307.02it/s, Materializing param=gpt_neox.layers.16.post_attention_layernorm.weight]
Loading weights:  71%|#######1  | 208/292 [00:00<00:00, 307.02it/s, Materializing param=gpt_neox.layers.16.post_attention_layernorm.weight]
Loading weights:  72%|#######1  | 209/292 [00:00<00:00, 307.02it/s, Materializing param=gpt_neox.layers.17.attention.dense.bias]           
Loading weights:  72%|#######1  | 209/292 [00:00<00:00, 307.02it/s, Materializing param=gpt_neox.layers.17.attention.dense.bias]
Loading weights:  72%|#######1  | 210/292 [00:00<00:00, 307.02it/s, Materializing param=gpt_neox.layers.17.attention.dense.weight]
Loading weights:  72%|#######1  | 210/292 [00:00<00:00, 307.02it/s, Materializing param=gpt_neox.layers.17.attention.dense.weight]
Loading weights:  72%|#######2  | 211/292 [00:00<00:00, 307.02it/s, Materializing param=gpt_neox.layers.17.attention.query_key_value.bias]
Loading weights:  72%|#######2  | 211/292 [00:00<00:00, 307.02it/s, Materializing param=gpt_neox.layers.17.attention.query_key_value.bias]
Loading weights:  73%|#######2  | 212/292 [00:00<00:00, 307.02it/s, Materializing param=gpt_neox.layers.17.attention.query_key_value.weight]
Loading weights:  73%|#######2  | 212/292 [00:00<00:00, 307.02it/s, Materializing param=gpt_neox.layers.17.attention.query_key_value.weight]
Loading weights:  73%|#######2  | 213/292 [00:00<00:00, 307.02it/s, Materializing param=gpt_neox.layers.17.input_layernorm.bias]            
Loading weights:  73%|#######2  | 213/292 [00:00<00:00, 307.02it/s, Materializing param=gpt_neox.layers.17.input_layernorm.bias]
Loading weights:  73%|#######3  | 214/292 [00:00<00:00, 307.02it/s, Materializing param=gpt_neox.layers.17.input_layernorm.weight]
Loading weights:  73%|#######3  | 214/292 [00:00<00:00, 307.02it/s, Materializing param=gpt_neox.layers.17.input_layernorm.weight]
Loading weights:  74%|#######3  | 215/292 [00:00<00:00, 307.02it/s, Materializing param=gpt_neox.layers.17.mlp.dense_4h_to_h.bias]
Loading weights:  74%|#######3  | 215/292 [00:00<00:00, 307.02it/s, Materializing param=gpt_neox.layers.17.mlp.dense_4h_to_h.bias]
Loading weights:  74%|#######3  | 216/292 [00:00<00:00, 307.02it/s, Materializing param=gpt_neox.layers.17.mlp.dense_4h_to_h.weight]
Loading weights:  74%|#######3  | 216/292 [00:00<00:00, 307.02it/s, Materializing param=gpt_neox.layers.17.mlp.dense_4h_to_h.weight]
Loading weights:  74%|#######4  | 217/292 [00:00<00:00, 307.02it/s, Materializing param=gpt_neox.layers.17.mlp.dense_h_to_4h.bias]  
Loading weights:  74%|#######4  | 217/292 [00:00<00:00, 307.02it/s, Materializing param=gpt_neox.layers.17.mlp.dense_h_to_4h.bias]
Loading weights:  75%|#######4  | 218/292 [00:00<00:00, 307.02it/s, Materializing param=gpt_neox.layers.17.mlp.dense_h_to_4h.weight]
Loading weights:  75%|#######4  | 218/292 [00:00<00:00, 307.02it/s, Materializing param=gpt_neox.layers.17.mlp.dense_h_to_4h.weight]
Loading weights:  75%|#######5  | 219/292 [00:00<00:00, 307.02it/s, Materializing param=gpt_neox.layers.17.post_attention_layernorm.bias]
Loading weights:  75%|#######5  | 219/292 [00:00<00:00, 307.02it/s, Materializing param=gpt_neox.layers.17.post_attention_layernorm.bias]
Loading weights:  75%|#######5  | 220/292 [00:00<00:00, 307.02it/s, Materializing param=gpt_neox.layers.17.post_attention_layernorm.weight]
Loading weights:  75%|#######5  | 220/292 [00:00<00:00, 307.02it/s, Materializing param=gpt_neox.layers.17.post_attention_layernorm.weight]
Loading weights:  76%|#######5  | 221/292 [00:00<00:00, 307.02it/s, Materializing param=gpt_neox.layers.18.attention.dense.bias]           
Loading weights:  76%|#######5  | 221/292 [00:00<00:00, 307.02it/s, Materializing param=gpt_neox.layers.18.attention.dense.bias]
Loading weights:  76%|#######6  | 222/292 [00:00<00:00, 307.02it/s, Materializing param=gpt_neox.layers.18.attention.dense.weight]
Loading weights:  76%|#######6  | 222/292 [00:00<00:00, 307.02it/s, Materializing param=gpt_neox.layers.18.attention.dense.weight]
Loading weights:  76%|#######6  | 223/292 [00:00<00:00, 307.02it/s, Materializing param=gpt_neox.layers.18.attention.query_key_value.bias]
Loading weights:  76%|#######6  | 223/292 [00:00<00:00, 307.02it/s, Materializing param=gpt_neox.layers.18.attention.query_key_value.bias]
Loading weights:  77%|#######6  | 224/292 [00:00<00:00, 307.02it/s, Materializing param=gpt_neox.layers.18.attention.query_key_value.weight]
Loading weights:  77%|#######6  | 224/292 [00:00<00:00, 307.02it/s, Materializing param=gpt_neox.layers.18.attention.query_key_value.weight]
Loading weights:  77%|#######7  | 225/292 [00:00<00:00, 307.02it/s, Materializing param=gpt_neox.layers.18.input_layernorm.bias]            
Loading weights:  77%|#######7  | 225/292 [00:00<00:00, 307.02it/s, Materializing param=gpt_neox.layers.18.input_layernorm.bias]
Loading weights:  77%|#######7  | 226/292 [00:00<00:00, 307.02it/s, Materializing param=gpt_neox.layers.18.input_layernorm.weight]
Loading weights:  77%|#######7  | 226/292 [00:00<00:00, 307.02it/s, Materializing param=gpt_neox.layers.18.input_layernorm.weight]
Loading weights:  78%|#######7  | 227/292 [00:00<00:00, 307.02it/s, Materializing param=gpt_neox.layers.18.mlp.dense_4h_to_h.bias]
Loading weights:  78%|#######7  | 227/292 [00:00<00:00, 307.02it/s, Materializing param=gpt_neox.layers.18.mlp.dense_4h_to_h.bias]
Loading weights:  78%|#######8  | 228/292 [00:00<00:00, 307.02it/s, Materializing param=gpt_neox.layers.18.mlp.dense_4h_to_h.weight]
Loading weights:  78%|#######8  | 228/292 [00:00<00:00, 307.02it/s, Materializing param=gpt_neox.layers.18.mlp.dense_4h_to_h.weight]
Loading weights:  78%|#######8  | 229/292 [00:00<00:00, 307.02it/s, Materializing param=gpt_neox.layers.18.mlp.dense_h_to_4h.bias]  
Loading weights:  78%|#######8  | 229/292 [00:00<00:00, 307.02it/s, Materializing param=gpt_neox.layers.18.mlp.dense_h_to_4h.bias]
Loading weights:  79%|#######8  | 230/292 [00:00<00:00, 307.02it/s, Materializing param=gpt_neox.layers.18.mlp.dense_h_to_4h.weight]
Loading weights:  79%|#######8  | 230/292 [00:00<00:00, 307.02it/s, Materializing param=gpt_neox.layers.18.mlp.dense_h_to_4h.weight]
Loading weights:  79%|#######9  | 231/292 [00:00<00:00, 307.02it/s, Materializing param=gpt_neox.layers.18.post_attention_layernorm.bias]
Loading weights:  79%|#######9  | 231/292 [00:00<00:00, 307.02it/s, Materializing param=gpt_neox.layers.18.post_attention_layernorm.bias]
Loading weights:  79%|#######9  | 232/292 [00:00<00:00, 307.02it/s, Materializing param=gpt_neox.layers.18.post_attention_layernorm.weight]
Loading weights:  79%|#######9  | 232/292 [00:00<00:00, 307.02it/s, Materializing param=gpt_neox.layers.18.post_attention_layernorm.weight]
Loading weights:  80%|#######9  | 233/292 [00:00<00:00, 307.02it/s, Materializing param=gpt_neox.layers.19.attention.dense.bias]           
Loading weights:  80%|#######9  | 233/292 [00:00<00:00, 307.02it/s, Materializing param=gpt_neox.layers.19.attention.dense.bias]
Loading weights:  80%|########  | 234/292 [00:00<00:00, 296.17it/s, Materializing param=gpt_neox.layers.19.attention.dense.bias]
Loading weights:  80%|########  | 234/292 [00:00<00:00, 296.17it/s, Materializing param=gpt_neox.layers.19.attention.dense.weight]
Loading weights:  80%|########  | 234/292 [00:00<00:00, 296.17it/s, Materializing param=gpt_neox.layers.19.attention.dense.weight]
Loading weights:  80%|########  | 235/292 [00:00<00:00, 296.17it/s, Materializing param=gpt_neox.layers.19.attention.query_key_value.bias]
Loading weights:  80%|########  | 235/292 [00:00<00:00, 296.17it/s, Materializing param=gpt_neox.layers.19.attention.query_key_value.bias]
Loading weights:  81%|########  | 236/292 [00:00<00:00, 296.17it/s, Materializing param=gpt_neox.layers.19.attention.query_key_value.weight]
Loading weights:  81%|########  | 236/292 [00:00<00:00, 296.17it/s, Materializing param=gpt_neox.layers.19.attention.query_key_value.weight]
Loading weights:  81%|########1 | 237/292 [00:00<00:00, 296.17it/s, Materializing param=gpt_neox.layers.19.input_layernorm.bias]            
Loading weights:  81%|########1 | 237/292 [00:00<00:00, 296.17it/s, Materializing param=gpt_neox.layers.19.input_layernorm.bias]
Loading weights:  82%|########1 | 238/292 [00:00<00:00, 296.17it/s, Materializing param=gpt_neox.layers.19.input_layernorm.weight]
Loading weights:  82%|########1 | 238/292 [00:00<00:00, 296.17it/s, Materializing param=gpt_neox.layers.19.input_layernorm.weight]
Loading weights:  82%|########1 | 239/292 [00:00<00:00, 296.17it/s, Materializing param=gpt_neox.layers.19.mlp.dense_4h_to_h.bias]
Loading weights:  82%|########1 | 239/292 [00:00<00:00, 296.17it/s, Materializing param=gpt_neox.layers.19.mlp.dense_4h_to_h.bias]
Loading weights:  82%|########2 | 240/292 [00:00<00:00, 296.17it/s, Materializing param=gpt_neox.layers.19.mlp.dense_4h_to_h.weight]
Loading weights:  82%|########2 | 240/292 [00:00<00:00, 296.17it/s, Materializing param=gpt_neox.layers.19.mlp.dense_4h_to_h.weight]
Loading weights:  83%|########2 | 241/292 [00:00<00:00, 296.17it/s, Materializing param=gpt_neox.layers.19.mlp.dense_h_to_4h.bias]  
Loading weights:  83%|########2 | 241/292 [00:00<00:00, 296.17it/s, Materializing param=gpt_neox.layers.19.mlp.dense_h_to_4h.bias]
Loading weights:  83%|########2 | 242/292 [00:00<00:00, 296.17it/s, Materializing param=gpt_neox.layers.19.mlp.dense_h_to_4h.weight]
Loading weights:  83%|########2 | 242/292 [00:00<00:00, 296.17it/s, Materializing param=gpt_neox.layers.19.mlp.dense_h_to_4h.weight]
Loading weights:  83%|########3 | 243/292 [00:00<00:00, 296.17it/s, Materializing param=gpt_neox.layers.19.post_attention_layernorm.bias]
Loading weights:  83%|########3 | 243/292 [00:00<00:00, 296.17it/s, Materializing param=gpt_neox.layers.19.post_attention_layernorm.bias]
Loading weights:  84%|########3 | 244/292 [00:00<00:00, 296.17it/s, Materializing param=gpt_neox.layers.19.post_attention_layernorm.weight]
Loading weights:  84%|########3 | 244/292 [00:00<00:00, 296.17it/s, Materializing param=gpt_neox.layers.19.post_attention_layernorm.weight]
Loading weights:  84%|########3 | 245/292 [00:00<00:00, 296.17it/s, Materializing param=gpt_neox.layers.20.attention.dense.bias]           
Loading weights:  84%|########3 | 245/292 [00:00<00:00, 296.17it/s, Materializing param=gpt_neox.layers.20.attention.dense.bias]
Loading weights:  84%|########4 | 246/292 [00:00<00:00, 296.17it/s, Materializing param=gpt_neox.layers.20.attention.dense.weight]
Loading weights:  84%|########4 | 246/292 [00:00<00:00, 296.17it/s, Materializing param=gpt_neox.layers.20.attention.dense.weight]
Loading weights:  85%|########4 | 247/292 [00:00<00:00, 296.17it/s, Materializing param=gpt_neox.layers.20.attention.query_key_value.bias]
Loading weights:  85%|########4 | 247/292 [00:00<00:00, 296.17it/s, Materializing param=gpt_neox.layers.20.attention.query_key_value.bias]
Loading weights:  85%|########4 | 248/292 [00:00<00:00, 296.17it/s, Materializing param=gpt_neox.layers.20.attention.query_key_value.weight]
Loading weights:  85%|########4 | 248/292 [00:00<00:00, 296.17it/s, Materializing param=gpt_neox.layers.20.attention.query_key_value.weight]
Loading weights:  85%|########5 | 249/292 [00:00<00:00, 296.17it/s, Materializing param=gpt_neox.layers.20.input_layernorm.bias]            
Loading weights:  85%|########5 | 249/292 [00:00<00:00, 296.17it/s, Materializing param=gpt_neox.layers.20.input_layernorm.bias]
Loading weights:  86%|########5 | 250/292 [00:00<00:00, 296.17it/s, Materializing param=gpt_neox.layers.20.input_layernorm.weight]
Loading weights:  86%|########5 | 250/292 [00:00<00:00, 296.17it/s, Materializing param=gpt_neox.layers.20.input_layernorm.weight]
Loading weights:  86%|########5 | 251/292 [00:00<00:00, 296.17it/s, Materializing param=gpt_neox.layers.20.mlp.dense_4h_to_h.bias]
Loading weights:  86%|########5 | 251/292 [00:00<00:00, 296.17it/s, Materializing param=gpt_neox.layers.20.mlp.dense_4h_to_h.bias]
Loading weights:  86%|########6 | 252/292 [00:00<00:00, 296.17it/s, Materializing param=gpt_neox.layers.20.mlp.dense_4h_to_h.weight]
Loading weights:  86%|########6 | 252/292 [00:00<00:00, 296.17it/s, Materializing param=gpt_neox.layers.20.mlp.dense_4h_to_h.weight]
Loading weights:  87%|########6 | 253/292 [00:00<00:00, 296.17it/s, Materializing param=gpt_neox.layers.20.mlp.dense_h_to_4h.bias]  
Loading weights:  87%|########6 | 253/292 [00:00<00:00, 296.17it/s, Materializing param=gpt_neox.layers.20.mlp.dense_h_to_4h.bias]
Loading weights:  87%|########6 | 254/292 [00:00<00:00, 296.17it/s, Materializing param=gpt_neox.layers.20.mlp.dense_h_to_4h.weight]
Loading weights:  87%|########6 | 254/292 [00:00<00:00, 296.17it/s, Materializing param=gpt_neox.layers.20.mlp.dense_h_to_4h.weight]
Loading weights:  87%|########7 | 255/292 [00:00<00:00, 296.17it/s, Materializing param=gpt_neox.layers.20.post_attention_layernorm.bias]
Loading weights:  87%|########7 | 255/292 [00:00<00:00, 296.17it/s, Materializing param=gpt_neox.layers.20.post_attention_layernorm.bias]
Loading weights:  88%|########7 | 256/292 [00:00<00:00, 296.17it/s, Materializing param=gpt_neox.layers.20.post_attention_layernorm.weight]
Loading weights:  88%|########7 | 256/292 [00:00<00:00, 296.17it/s, Materializing param=gpt_neox.layers.20.post_attention_layernorm.weight]
Loading weights:  88%|########8 | 257/292 [00:00<00:00, 296.17it/s, Materializing param=gpt_neox.layers.21.attention.dense.bias]           
Loading weights:  88%|########8 | 257/292 [00:00<00:00, 296.17it/s, Materializing param=gpt_neox.layers.21.attention.dense.bias]
Loading weights:  88%|########8 | 258/292 [00:00<00:00, 296.17it/s, Materializing param=gpt_neox.layers.21.attention.dense.weight]
Loading weights:  88%|########8 | 258/292 [00:00<00:00, 296.17it/s, Materializing param=gpt_neox.layers.21.attention.dense.weight]
Loading weights:  89%|########8 | 259/292 [00:00<00:00, 296.17it/s, Materializing param=gpt_neox.layers.21.attention.query_key_value.bias]
Loading weights:  89%|########8 | 259/292 [00:00<00:00, 296.17it/s, Materializing param=gpt_neox.layers.21.attention.query_key_value.bias]
Loading weights:  89%|########9 | 260/292 [00:00<00:00, 296.17it/s, Materializing param=gpt_neox.layers.21.attention.query_key_value.weight]
Loading weights:  89%|########9 | 260/292 [00:00<00:00, 296.17it/s, Materializing param=gpt_neox.layers.21.attention.query_key_value.weight]
Loading weights:  89%|########9 | 261/292 [00:00<00:00, 296.17it/s, Materializing param=gpt_neox.layers.21.input_layernorm.bias]            
Loading weights:  89%|########9 | 261/292 [00:00<00:00, 296.17it/s, Materializing param=gpt_neox.layers.21.input_layernorm.bias]
Loading weights:  90%|########9 | 262/292 [00:00<00:00, 296.17it/s, Materializing param=gpt_neox.layers.21.input_layernorm.weight]
Loading weights:  90%|########9 | 262/292 [00:00<00:00, 296.17it/s, Materializing param=gpt_neox.layers.21.input_layernorm.weight]
Loading weights:  90%|######### | 263/292 [00:00<00:00, 296.17it/s, Materializing param=gpt_neox.layers.21.mlp.dense_4h_to_h.bias]
Loading weights:  90%|######### | 263/292 [00:00<00:00, 296.17it/s, Materializing param=gpt_neox.layers.21.mlp.dense_4h_to_h.bias]
Loading weights:  90%|######### | 264/292 [00:00<00:00, 296.17it/s, Materializing param=gpt_neox.layers.21.mlp.dense_4h_to_h.weight]
Loading weights:  90%|######### | 264/292 [00:00<00:00, 296.17it/s, Materializing param=gpt_neox.layers.21.mlp.dense_4h_to_h.weight]
Loading weights:  91%|######### | 265/292 [00:00<00:00, 263.68it/s, Materializing param=gpt_neox.layers.21.mlp.dense_4h_to_h.weight]
Loading weights:  91%|######### | 265/292 [00:00<00:00, 263.68it/s, Materializing param=gpt_neox.layers.21.mlp.dense_h_to_4h.bias]  
Loading weights:  91%|######### | 265/292 [00:00<00:00, 263.68it/s, Materializing param=gpt_neox.layers.21.mlp.dense_h_to_4h.bias]
Loading weights:  91%|#########1| 266/292 [00:00<00:00, 263.68it/s, Materializing param=gpt_neox.layers.21.mlp.dense_h_to_4h.weight]
Loading weights:  91%|#########1| 266/292 [00:00<00:00, 263.68it/s, Materializing param=gpt_neox.layers.21.mlp.dense_h_to_4h.weight]
Loading weights:  91%|#########1| 267/292 [00:00<00:00, 263.68it/s, Materializing param=gpt_neox.layers.21.post_attention_layernorm.bias]
Loading weights:  91%|#########1| 267/292 [00:00<00:00, 263.68it/s, Materializing param=gpt_neox.layers.21.post_attention_layernorm.bias]
Loading weights:  92%|#########1| 268/292 [00:00<00:00, 263.68it/s, Materializing param=gpt_neox.layers.21.post_attention_layernorm.weight]
Loading weights:  92%|#########1| 268/292 [00:00<00:00, 263.68it/s, Materializing param=gpt_neox.layers.21.post_attention_layernorm.weight]
Loading weights:  92%|#########2| 269/292 [00:00<00:00, 263.68it/s, Materializing param=gpt_neox.layers.22.attention.dense.bias]           
Loading weights:  92%|#########2| 269/292 [00:00<00:00, 263.68it/s, Materializing param=gpt_neox.layers.22.attention.dense.bias]
Loading weights:  92%|#########2| 270/292 [00:00<00:00, 263.68it/s, Materializing param=gpt_neox.layers.22.attention.dense.weight]
Loading weights:  92%|#########2| 270/292 [00:00<00:00, 263.68it/s, Materializing param=gpt_neox.layers.22.attention.dense.weight]
Loading weights:  93%|#########2| 271/292 [00:00<00:00, 263.68it/s, Materializing param=gpt_neox.layers.22.attention.query_key_value.bias]
Loading weights:  93%|#########2| 271/292 [00:00<00:00, 263.68it/s, Materializing param=gpt_neox.layers.22.attention.query_key_value.bias]
Loading weights:  93%|#########3| 272/292 [00:00<00:00, 263.68it/s, Materializing param=gpt_neox.layers.22.attention.query_key_value.weight]
Loading weights:  93%|#########3| 272/292 [00:00<00:00, 263.68it/s, Materializing param=gpt_neox.layers.22.attention.query_key_value.weight]
Loading weights:  93%|#########3| 273/292 [00:00<00:00, 263.68it/s, Materializing param=gpt_neox.layers.22.input_layernorm.bias]            
Loading weights:  93%|#########3| 273/292 [00:00<00:00, 263.68it/s, Materializing param=gpt_neox.layers.22.input_layernorm.bias]
Loading weights:  94%|#########3| 274/292 [00:00<00:00, 263.68it/s, Materializing param=gpt_neox.layers.22.input_layernorm.weight]
Loading weights:  94%|#########3| 274/292 [00:00<00:00, 263.68it/s, Materializing param=gpt_neox.layers.22.input_layernorm.weight]
Loading weights:  94%|#########4| 275/292 [00:00<00:00, 263.68it/s, Materializing param=gpt_neox.layers.22.mlp.dense_4h_to_h.bias]
Loading weights:  94%|#########4| 275/292 [00:00<00:00, 263.68it/s, Materializing param=gpt_neox.layers.22.mlp.dense_4h_to_h.bias]
Loading weights:  95%|#########4| 276/292 [00:00<00:00, 263.68it/s, Materializing param=gpt_neox.layers.22.mlp.dense_4h_to_h.weight]
Loading weights:  95%|#########4| 276/292 [00:00<00:00, 263.68it/s, Materializing param=gpt_neox.layers.22.mlp.dense_4h_to_h.weight]
Loading weights:  95%|#########4| 277/292 [00:00<00:00, 263.68it/s, Materializing param=gpt_neox.layers.22.mlp.dense_h_to_4h.bias]  
Loading weights:  95%|#########4| 277/292 [00:00<00:00, 263.68it/s, Materializing param=gpt_neox.layers.22.mlp.dense_h_to_4h.bias]
Loading weights:  95%|#########5| 278/292 [00:00<00:00, 263.68it/s, Materializing param=gpt_neox.layers.22.mlp.dense_h_to_4h.weight]
Loading weights:  95%|#########5| 278/292 [00:00<00:00, 263.68it/s, Materializing param=gpt_neox.layers.22.mlp.dense_h_to_4h.weight]
Loading weights:  96%|#########5| 279/292 [00:00<00:00, 263.68it/s, Materializing param=gpt_neox.layers.22.post_attention_layernorm.bias]
Loading weights:  96%|#########5| 279/292 [00:00<00:00, 263.68it/s, Materializing param=gpt_neox.layers.22.post_attention_layernorm.bias]
Loading weights:  96%|#########5| 280/292 [00:00<00:00, 263.68it/s, Materializing param=gpt_neox.layers.22.post_attention_layernorm.weight]
Loading weights:  96%|#########5| 280/292 [00:00<00:00, 263.68it/s, Materializing param=gpt_neox.layers.22.post_attention_layernorm.weight]
Loading weights:  96%|#########6| 281/292 [00:00<00:00, 263.68it/s, Materializing param=gpt_neox.layers.23.attention.dense.bias]           
Loading weights:  96%|#########6| 281/292 [00:00<00:00, 263.68it/s, Materializing param=gpt_neox.layers.23.attention.dense.bias]
Loading weights:  97%|#########6| 282/292 [00:00<00:00, 263.68it/s, Materializing param=gpt_neox.layers.23.attention.dense.weight]
Loading weights:  97%|#########6| 282/292 [00:00<00:00, 263.68it/s, Materializing param=gpt_neox.layers.23.attention.dense.weight]
Loading weights:  97%|#########6| 283/292 [00:00<00:00, 263.68it/s, Materializing param=gpt_neox.layers.23.attention.query_key_value.bias]
Loading weights:  97%|#########6| 283/292 [00:00<00:00, 263.68it/s, Materializing param=gpt_neox.layers.23.attention.query_key_value.bias]
Loading weights:  97%|#########7| 284/292 [00:00<00:00, 263.68it/s, Materializing param=gpt_neox.layers.23.attention.query_key_value.weight]
Loading weights:  97%|#########7| 284/292 [00:00<00:00, 263.68it/s, Materializing param=gpt_neox.layers.23.attention.query_key_value.weight]
Loading weights:  98%|#########7| 285/292 [00:00<00:00, 263.68it/s, Materializing param=gpt_neox.layers.23.input_layernorm.bias]            
Loading weights:  98%|#########7| 285/292 [00:00<00:00, 263.68it/s, Materializing param=gpt_neox.layers.23.input_layernorm.bias]
Loading weights:  98%|#########7| 286/292 [00:00<00:00, 263.68it/s, Materializing param=gpt_neox.layers.23.input_layernorm.weight]
Loading weights:  98%|#########7| 286/292 [00:00<00:00, 263.68it/s, Materializing param=gpt_neox.layers.23.input_layernorm.weight]
Loading weights:  98%|#########8| 287/292 [00:00<00:00, 263.68it/s, Materializing param=gpt_neox.layers.23.mlp.dense_4h_to_h.bias]
Loading weights:  98%|#########8| 287/292 [00:00<00:00, 263.68it/s, Materializing param=gpt_neox.layers.23.mlp.dense_4h_to_h.bias]
Loading weights:  99%|#########8| 288/292 [00:00<00:00, 263.68it/s, Materializing param=gpt_neox.layers.23.mlp.dense_4h_to_h.weight]
Loading weights:  99%|#########8| 288/292 [00:00<00:00, 263.68it/s, Materializing param=gpt_neox.layers.23.mlp.dense_4h_to_h.weight]
Loading weights:  99%|#########8| 289/292 [00:00<00:00, 263.68it/s, Materializing param=gpt_neox.layers.23.mlp.dense_h_to_4h.bias]  
Loading weights:  99%|#########8| 289/292 [00:00<00:00, 263.68it/s, Materializing param=gpt_neox.layers.23.mlp.dense_h_to_4h.bias]
Loading weights:  99%|#########9| 290/292 [00:00<00:00, 263.68it/s, Materializing param=gpt_neox.layers.23.mlp.dense_h_to_4h.weight]
Loading weights:  99%|#########9| 290/292 [00:00<00:00, 263.68it/s, Materializing param=gpt_neox.layers.23.mlp.dense_h_to_4h.weight]
Loading weights: 100%|#########9| 291/292 [00:00<00:00, 263.68it/s, Materializing param=gpt_neox.layers.23.post_attention_layernorm.bias]
Loading weights: 100%|#########9| 291/292 [00:00<00:00, 263.68it/s, Materializing param=gpt_neox.layers.23.post_attention_layernorm.bias]
Loading weights: 100%|##########| 292/292 [00:00<00:00, 263.68it/s, Materializing param=gpt_neox.layers.23.post_attention_layernorm.weight]
Loading weights: 100%|##########| 292/292 [00:00<00:00, 263.68it/s, Materializing param=gpt_neox.layers.23.post_attention_layernorm.weight]
Loading weights: 100%|##########| 292/292 [00:00<00:00, 300.08it/s, Materializing param=gpt_neox.layers.23.post_attention_layernorm.weight]

Loading weights:   0%|          | 0/292 [00:00<?, ?it/s]
Loading weights:   0%|          | 1/292 [00:00<00:00, 32263.88it/s, Materializing param=embed_out.weight]
Loading weights:   0%|          | 1/292 [00:00<00:00, 6413.31it/s, Materializing param=embed_out.weight] 
Loading weights:   1%|          | 2/292 [00:00<00:04, 66.32it/s, Materializing param=gpt_neox.embed_in.weight]
Loading weights:   1%|          | 2/292 [00:00<00:04, 65.89it/s, Materializing param=gpt_neox.embed_in.weight]
Loading weights:   1%|1         | 3/292 [00:00<00:04, 64.90it/s, Materializing param=gpt_neox.final_layer_norm.bias]
Loading weights:   1%|1         | 3/292 [00:00<00:04, 64.74it/s, Materializing param=gpt_neox.final_layer_norm.bias]
Loading weights:   1%|1         | 4/292 [00:00<00:03, 85.89it/s, Materializing param=gpt_neox.final_layer_norm.weight]
Loading weights:   1%|1         | 4/292 [00:00<00:03, 85.42it/s, Materializing param=gpt_neox.final_layer_norm.weight]
Loading weights:   2%|1         | 5/292 [00:00<00:02, 106.33it/s, Materializing param=gpt_neox.layers.0.attention.dense.bias]
Loading weights:   2%|1         | 5/292 [00:00<00:02, 106.17it/s, Materializing param=gpt_neox.layers.0.attention.dense.bias]
Loading weights:   2%|2         | 6/292 [00:00<00:02, 126.08it/s, Materializing param=gpt_neox.layers.0.attention.dense.weight]
Loading weights:   2%|2         | 6/292 [00:00<00:02, 125.75it/s, Materializing param=gpt_neox.layers.0.attention.dense.weight]
Loading weights:   2%|2         | 7/292 [00:00<00:01, 146.06it/s, Materializing param=gpt_neox.layers.0.attention.query_key_value.bias]
Loading weights:   2%|2         | 7/292 [00:00<00:01, 145.82it/s, Materializing param=gpt_neox.layers.0.attention.query_key_value.bias]
Loading weights:   3%|2         | 8/292 [00:00<00:01, 165.19it/s, Materializing param=gpt_neox.layers.0.attention.query_key_value.weight]
Loading weights:   3%|2         | 8/292 [00:00<00:01, 164.75it/s, Materializing param=gpt_neox.layers.0.attention.query_key_value.weight]
Loading weights:   3%|3         | 9/292 [00:00<00:02, 138.48it/s, Materializing param=gpt_neox.layers.0.input_layernorm.bias]            
Loading weights:   3%|3         | 9/292 [00:00<00:02, 137.88it/s, Materializing param=gpt_neox.layers.0.input_layernorm.bias]
Loading weights:   3%|3         | 10/292 [00:00<00:01, 152.55it/s, Materializing param=gpt_neox.layers.0.input_layernorm.weight]
Loading weights:   3%|3         | 10/292 [00:00<00:01, 152.39it/s, Materializing param=gpt_neox.layers.0.input_layernorm.weight]
Loading weights:   4%|3         | 11/292 [00:00<00:01, 167.30it/s, Materializing param=gpt_neox.layers.0.mlp.dense_4h_to_h.bias]
Loading weights:   4%|3         | 11/292 [00:00<00:01, 167.15it/s, Materializing param=gpt_neox.layers.0.mlp.dense_4h_to_h.bias]
Loading weights:   4%|4         | 12/292 [00:00<00:01, 181.99it/s, Materializing param=gpt_neox.layers.0.mlp.dense_4h_to_h.weight]
Loading weights:   4%|4         | 12/292 [00:00<00:01, 181.83it/s, Materializing param=gpt_neox.layers.0.mlp.dense_4h_to_h.weight]
Loading weights:   4%|4         | 13/292 [00:00<00:01, 190.13it/s, Materializing param=gpt_neox.layers.0.mlp.dense_h_to_4h.bias]  
Loading weights:   4%|4         | 13/292 [00:00<00:01, 189.67it/s, Materializing param=gpt_neox.layers.0.mlp.dense_h_to_4h.bias]
Loading weights:   5%|4         | 14/292 [00:00<00:01, 202.99it/s, Materializing param=gpt_neox.layers.0.mlp.dense_h_to_4h.weight]
Loading weights:   5%|4         | 14/292 [00:00<00:01, 202.55it/s, Materializing param=gpt_neox.layers.0.mlp.dense_h_to_4h.weight]
Loading weights:   5%|5         | 15/292 [00:00<00:01, 202.72it/s, Materializing param=gpt_neox.layers.0.post_attention_layernorm.bias]
Loading weights:   5%|5         | 15/292 [00:00<00:01, 202.25it/s, Materializing param=gpt_neox.layers.0.post_attention_layernorm.bias]
Loading weights:   5%|5         | 16/292 [00:00<00:01, 215.00it/s, Materializing param=gpt_neox.layers.0.post_attention_layernorm.weight]
Loading weights:   5%|5         | 16/292 [00:00<00:01, 214.78it/s, Materializing param=gpt_neox.layers.0.post_attention_layernorm.weight]
Loading weights:   6%|5         | 17/292 [00:00<00:01, 226.78it/s, Materializing param=gpt_neox.layers.1.attention.dense.bias]           
Loading weights:   6%|5         | 17/292 [00:00<00:01, 225.94it/s, Materializing param=gpt_neox.layers.1.attention.dense.bias]
Loading weights:   6%|6         | 18/292 [00:00<00:01, 238.24it/s, Materializing param=gpt_neox.layers.1.attention.dense.weight]
Loading weights:   6%|6         | 18/292 [00:00<00:01, 237.75it/s, Materializing param=gpt_neox.layers.1.attention.dense.weight]
Loading weights:   7%|6         | 19/292 [00:00<00:01, 250.35it/s, Materializing param=gpt_neox.layers.1.attention.query_key_value.bias]
Loading weights:   7%|6         | 19/292 [00:00<00:01, 250.12it/s, Materializing param=gpt_neox.layers.1.attention.query_key_value.bias]
Loading weights:   7%|6         | 20/292 [00:00<00:01, 258.12it/s, Materializing param=gpt_neox.layers.1.attention.query_key_value.weight]
Loading weights:   7%|6         | 20/292 [00:00<00:01, 257.40it/s, Materializing param=gpt_neox.layers.1.attention.query_key_value.weight]
Loading weights:   7%|7         | 21/292 [00:00<00:01, 254.17it/s, Materializing param=gpt_neox.layers.1.input_layernorm.bias]            
Loading weights:   7%|7         | 21/292 [00:00<00:01, 253.17it/s, Materializing param=gpt_neox.layers.1.input_layernorm.bias]
Loading weights:   8%|7         | 22/292 [00:00<00:01, 264.00it/s, Materializing param=gpt_neox.layers.1.input_layernorm.weight]
Loading weights:   8%|7         | 22/292 [00:00<00:01, 263.30it/s, Materializing param=gpt_neox.layers.1.input_layernorm.weight]
Loading weights:   8%|7         | 23/292 [00:00<00:00, 274.58it/s, Materializing param=gpt_neox.layers.1.mlp.dense_4h_to_h.bias]
Loading weights:   8%|7         | 23/292 [00:00<00:00, 274.37it/s, Materializing param=gpt_neox.layers.1.mlp.dense_4h_to_h.bias]
Loading weights:   8%|8         | 24/292 [00:00<00:00, 285.79it/s, Materializing param=gpt_neox.layers.1.mlp.dense_4h_to_h.weight]
Loading weights:   8%|8         | 24/292 [00:00<00:00, 285.59it/s, Materializing param=gpt_neox.layers.1.mlp.dense_4h_to_h.weight]
Loading weights:   9%|8         | 25/292 [00:00<00:00, 267.33it/s, Materializing param=gpt_neox.layers.1.mlp.dense_h_to_4h.bias]  
Loading weights:   9%|8         | 25/292 [00:00<00:01, 266.79it/s, Materializing param=gpt_neox.layers.1.mlp.dense_h_to_4h.bias]
Loading weights:   9%|8         | 26/292 [00:00<00:00, 276.68it/s, Materializing param=gpt_neox.layers.1.mlp.dense_h_to_4h.weight]
Loading weights:   9%|8         | 26/292 [00:00<00:00, 276.21it/s, Materializing param=gpt_neox.layers.1.mlp.dense_h_to_4h.weight]
Loading weights:   9%|9         | 27/292 [00:00<00:01, 256.58it/s, Materializing param=gpt_neox.layers.1.mlp.dense_h_to_4h.weight]
Loading weights:   9%|9         | 27/292 [00:00<00:01, 256.58it/s, Materializing param=gpt_neox.layers.1.post_attention_layernorm.bias]
Loading weights:   9%|9         | 27/292 [00:00<00:01, 256.58it/s, Materializing param=gpt_neox.layers.1.post_attention_layernorm.bias]
Loading weights:  10%|9         | 28/292 [00:00<00:01, 256.58it/s, Materializing param=gpt_neox.layers.1.post_attention_layernorm.weight]
Loading weights:  10%|9         | 28/292 [00:00<00:01, 256.58it/s, Materializing param=gpt_neox.layers.1.post_attention_layernorm.weight]
Loading weights:  10%|9         | 29/292 [00:00<00:01, 256.58it/s, Materializing param=gpt_neox.layers.2.attention.dense.bias]           
Loading weights:  10%|9         | 29/292 [00:00<00:01, 256.58it/s, Materializing param=gpt_neox.layers.2.attention.dense.bias]
Loading weights:  10%|#         | 30/292 [00:00<00:01, 256.58it/s, Materializing param=gpt_neox.layers.2.attention.dense.weight]
Loading weights:  10%|#         | 30/292 [00:00<00:01, 256.58it/s, Materializing param=gpt_neox.layers.2.attention.dense.weight]
Loading weights:  11%|#         | 31/292 [00:00<00:01, 256.58it/s, Materializing param=gpt_neox.layers.2.attention.query_key_value.bias]
Loading weights:  11%|#         | 31/292 [00:00<00:01, 256.58it/s, Materializing param=gpt_neox.layers.2.attention.query_key_value.bias]
Loading weights:  11%|#         | 32/292 [00:00<00:01, 256.58it/s, Materializing param=gpt_neox.layers.2.attention.query_key_value.weight]
Loading weights:  11%|#         | 32/292 [00:00<00:01, 256.58it/s, Materializing param=gpt_neox.layers.2.attention.query_key_value.weight]
Loading weights:  11%|#1        | 33/292 [00:00<00:01, 256.58it/s, Materializing param=gpt_neox.layers.2.input_layernorm.bias]            
Loading weights:  11%|#1        | 33/292 [00:00<00:01, 256.58it/s, Materializing param=gpt_neox.layers.2.input_layernorm.bias]
Loading weights:  12%|#1        | 34/292 [00:00<00:01, 256.58it/s, Materializing param=gpt_neox.layers.2.input_layernorm.weight]
Loading weights:  12%|#1        | 34/292 [00:00<00:01, 256.58it/s, Materializing param=gpt_neox.layers.2.input_layernorm.weight]
Loading weights:  12%|#1        | 35/292 [00:00<00:01, 256.58it/s, Materializing param=gpt_neox.layers.2.mlp.dense_4h_to_h.bias]
Loading weights:  12%|#1        | 35/292 [00:00<00:01, 256.58it/s, Materializing param=gpt_neox.layers.2.mlp.dense_4h_to_h.bias]
Loading weights:  12%|#2        | 36/292 [00:00<00:00, 256.58it/s, Materializing param=gpt_neox.layers.2.mlp.dense_4h_to_h.weight]
Loading weights:  12%|#2        | 36/292 [00:00<00:00, 256.58it/s, Materializing param=gpt_neox.layers.2.mlp.dense_4h_to_h.weight]
Loading weights:  13%|#2        | 37/292 [00:00<00:00, 256.58it/s, Materializing param=gpt_neox.layers.2.mlp.dense_h_to_4h.bias]  
Loading weights:  13%|#2        | 37/292 [00:00<00:00, 256.58it/s, Materializing param=gpt_neox.layers.2.mlp.dense_h_to_4h.bias]
Loading weights:  13%|#3        | 38/292 [00:00<00:00, 256.58it/s, Materializing param=gpt_neox.layers.2.mlp.dense_h_to_4h.weight]
Loading weights:  13%|#3        | 38/292 [00:00<00:00, 256.58it/s, Materializing param=gpt_neox.layers.2.mlp.dense_h_to_4h.weight]
Loading weights:  13%|#3        | 39/292 [00:00<00:00, 256.58it/s, Materializing param=gpt_neox.layers.2.post_attention_layernorm.bias]
Loading weights:  13%|#3        | 39/292 [00:00<00:00, 256.58it/s, Materializing param=gpt_neox.layers.2.post_attention_layernorm.bias]
Loading weights:  14%|#3        | 40/292 [00:00<00:00, 256.58it/s, Materializing param=gpt_neox.layers.2.post_attention_layernorm.weight]
Loading weights:  14%|#3        | 40/292 [00:00<00:00, 256.58it/s, Materializing param=gpt_neox.layers.2.post_attention_layernorm.weight]
Loading weights:  14%|#4        | 41/292 [00:00<00:00, 256.58it/s, Materializing param=gpt_neox.layers.3.attention.dense.bias]           
Loading weights:  14%|#4        | 41/292 [00:00<00:00, 256.58it/s, Materializing param=gpt_neox.layers.3.attention.dense.bias]
Loading weights:  14%|#4        | 42/292 [00:00<00:00, 256.58it/s, Materializing param=gpt_neox.layers.3.attention.dense.weight]
Loading weights:  14%|#4        | 42/292 [00:00<00:00, 256.58it/s, Materializing param=gpt_neox.layers.3.attention.dense.weight]
Loading weights:  15%|#4        | 43/292 [00:00<00:00, 256.58it/s, Materializing param=gpt_neox.layers.3.attention.query_key_value.bias]
Loading weights:  15%|#4        | 43/292 [00:00<00:00, 256.58it/s, Materializing param=gpt_neox.layers.3.attention.query_key_value.bias]
Loading weights:  15%|#5        | 44/292 [00:00<00:00, 256.58it/s, Materializing param=gpt_neox.layers.3.attention.query_key_value.weight]
Loading weights:  15%|#5        | 44/292 [00:00<00:00, 256.58it/s, Materializing param=gpt_neox.layers.3.attention.query_key_value.weight]
Loading weights:  15%|#5        | 45/292 [00:00<00:00, 256.58it/s, Materializing param=gpt_neox.layers.3.input_layernorm.bias]            
Loading weights:  15%|#5        | 45/292 [00:00<00:00, 256.58it/s, Materializing param=gpt_neox.layers.3.input_layernorm.bias]
Loading weights:  16%|#5        | 46/292 [00:00<00:00, 256.58it/s, Materializing param=gpt_neox.layers.3.input_layernorm.weight]
Loading weights:  16%|#5        | 46/292 [00:00<00:00, 256.58it/s, Materializing param=gpt_neox.layers.3.input_layernorm.weight]
Loading weights:  16%|#6        | 47/292 [00:00<00:00, 256.58it/s, Materializing param=gpt_neox.layers.3.mlp.dense_4h_to_h.bias]
Loading weights:  16%|#6        | 47/292 [00:00<00:00, 256.58it/s, Materializing param=gpt_neox.layers.3.mlp.dense_4h_to_h.bias]
Loading weights:  16%|#6        | 48/292 [00:00<00:00, 256.58it/s, Materializing param=gpt_neox.layers.3.mlp.dense_4h_to_h.weight]
Loading weights:  16%|#6        | 48/292 [00:00<00:00, 256.58it/s, Materializing param=gpt_neox.layers.3.mlp.dense_4h_to_h.weight]
Loading weights:  17%|#6        | 49/292 [00:00<00:00, 256.58it/s, Materializing param=gpt_neox.layers.3.mlp.dense_h_to_4h.bias]  
Loading weights:  17%|#6        | 49/292 [00:00<00:00, 256.58it/s, Materializing param=gpt_neox.layers.3.mlp.dense_h_to_4h.bias]
Loading weights:  17%|#7        | 50/292 [00:00<00:00, 256.58it/s, Materializing param=gpt_neox.layers.3.mlp.dense_h_to_4h.weight]
Loading weights:  17%|#7        | 50/292 [00:00<00:00, 256.58it/s, Materializing param=gpt_neox.layers.3.mlp.dense_h_to_4h.weight]
Loading weights:  17%|#7        | 51/292 [00:00<00:00, 256.58it/s, Materializing param=gpt_neox.layers.3.post_attention_layernorm.bias]
Loading weights:  17%|#7        | 51/292 [00:00<00:00, 256.58it/s, Materializing param=gpt_neox.layers.3.post_attention_layernorm.bias]
Loading weights:  18%|#7        | 52/292 [00:00<00:00, 256.58it/s, Materializing param=gpt_neox.layers.3.post_attention_layernorm.weight]
Loading weights:  18%|#7        | 52/292 [00:00<00:00, 256.58it/s, Materializing param=gpt_neox.layers.3.post_attention_layernorm.weight]
Loading weights:  18%|#8        | 53/292 [00:00<00:00, 256.58it/s, Materializing param=gpt_neox.layers.4.attention.dense.bias]           
Loading weights:  18%|#8        | 53/292 [00:00<00:00, 256.58it/s, Materializing param=gpt_neox.layers.4.attention.dense.bias]
Loading weights:  18%|#8        | 54/292 [00:00<00:00, 256.58it/s, Materializing param=gpt_neox.layers.4.attention.dense.weight]
Loading weights:  18%|#8        | 54/292 [00:00<00:00, 256.58it/s, Materializing param=gpt_neox.layers.4.attention.dense.weight]
Loading weights:  19%|#8        | 55/292 [00:00<00:00, 256.58it/s, Materializing param=gpt_neox.layers.4.attention.query_key_value.bias]
Loading weights:  19%|#8        | 55/292 [00:00<00:00, 256.58it/s, Materializing param=gpt_neox.layers.4.attention.query_key_value.bias]
Loading weights:  19%|#9        | 56/292 [00:00<00:00, 256.58it/s, Materializing param=gpt_neox.layers.4.attention.query_key_value.weight]
Loading weights:  19%|#9        | 56/292 [00:00<00:00, 256.58it/s, Materializing param=gpt_neox.layers.4.attention.query_key_value.weight]
Loading weights:  20%|#9        | 57/292 [00:00<00:00, 256.58it/s, Materializing param=gpt_neox.layers.4.input_layernorm.bias]            
Loading weights:  20%|#9        | 57/292 [00:00<00:00, 256.58it/s, Materializing param=gpt_neox.layers.4.input_layernorm.bias]
Loading weights:  20%|#9        | 58/292 [00:00<00:00, 256.58it/s, Materializing param=gpt_neox.layers.4.input_layernorm.weight]
Loading weights:  20%|#9        | 58/292 [00:00<00:00, 256.58it/s, Materializing param=gpt_neox.layers.4.input_layernorm.weight]
Loading weights:  20%|##        | 59/292 [00:00<00:00, 256.58it/s, Materializing param=gpt_neox.layers.4.mlp.dense_4h_to_h.bias]
Loading weights:  20%|##        | 59/292 [00:00<00:00, 256.58it/s, Materializing param=gpt_neox.layers.4.mlp.dense_4h_to_h.bias]
Loading weights:  21%|##        | 60/292 [00:00<00:00, 256.58it/s, Materializing param=gpt_neox.layers.4.mlp.dense_4h_to_h.weight]
Loading weights:  21%|##        | 60/292 [00:00<00:00, 256.58it/s, Materializing param=gpt_neox.layers.4.mlp.dense_4h_to_h.weight]
Loading weights:  21%|##        | 61/292 [00:00<00:00, 256.58it/s, Materializing param=gpt_neox.layers.4.mlp.dense_h_to_4h.bias]  
Loading weights:  21%|##        | 61/292 [00:00<00:00, 256.58it/s, Materializing param=gpt_neox.layers.4.mlp.dense_h_to_4h.bias]
Loading weights:  21%|##1       | 62/292 [00:00<00:00, 256.58it/s, Materializing param=gpt_neox.layers.4.mlp.dense_h_to_4h.weight]
Loading weights:  21%|##1       | 62/292 [00:00<00:00, 256.58it/s, Materializing param=gpt_neox.layers.4.mlp.dense_h_to_4h.weight]
Loading weights:  22%|##1       | 63/292 [00:00<00:00, 256.58it/s, Materializing param=gpt_neox.layers.4.post_attention_layernorm.bias]
Loading weights:  22%|##1       | 63/292 [00:00<00:00, 256.58it/s, Materializing param=gpt_neox.layers.4.post_attention_layernorm.bias]
Loading weights:  22%|##1       | 64/292 [00:00<00:00, 256.58it/s, Materializing param=gpt_neox.layers.4.post_attention_layernorm.weight]
Loading weights:  22%|##1       | 64/292 [00:00<00:00, 256.58it/s, Materializing param=gpt_neox.layers.4.post_attention_layernorm.weight]
Loading weights:  22%|##2       | 65/292 [00:00<00:00, 256.58it/s, Materializing param=gpt_neox.layers.5.attention.dense.bias]           
Loading weights:  22%|##2       | 65/292 [00:00<00:00, 256.58it/s, Materializing param=gpt_neox.layers.5.attention.dense.bias]
Loading weights:  23%|##2       | 66/292 [00:00<00:00, 256.58it/s, Materializing param=gpt_neox.layers.5.attention.dense.weight]
Loading weights:  23%|##2       | 66/292 [00:00<00:00, 256.58it/s, Materializing param=gpt_neox.layers.5.attention.dense.weight]
Loading weights:  23%|##2       | 67/292 [00:00<00:00, 256.58it/s, Materializing param=gpt_neox.layers.5.attention.query_key_value.bias]
Loading weights:  23%|##2       | 67/292 [00:00<00:00, 256.58it/s, Materializing param=gpt_neox.layers.5.attention.query_key_value.bias]
Loading weights:  23%|##3       | 68/292 [00:00<00:00, 256.58it/s, Materializing param=gpt_neox.layers.5.attention.query_key_value.weight]
Loading weights:  23%|##3       | 68/292 [00:00<00:00, 256.58it/s, Materializing param=gpt_neox.layers.5.attention.query_key_value.weight]
Loading weights:  24%|##3       | 69/292 [00:00<00:00, 256.58it/s, Materializing param=gpt_neox.layers.5.input_layernorm.bias]            
Loading weights:  24%|##3       | 69/292 [00:00<00:00, 256.58it/s, Materializing param=gpt_neox.layers.5.input_layernorm.bias]
Loading weights:  24%|##3       | 70/292 [00:00<00:00, 256.58it/s, Materializing param=gpt_neox.layers.5.input_layernorm.weight]
Loading weights:  24%|##3       | 70/292 [00:00<00:00, 256.58it/s, Materializing param=gpt_neox.layers.5.input_layernorm.weight]
Loading weights:  24%|##4       | 71/292 [00:00<00:00, 256.58it/s, Materializing param=gpt_neox.layers.5.mlp.dense_4h_to_h.bias]
Loading weights:  24%|##4       | 71/292 [00:00<00:00, 256.58it/s, Materializing param=gpt_neox.layers.5.mlp.dense_4h_to_h.bias]
Loading weights:  25%|##4       | 72/292 [00:00<00:00, 256.58it/s, Materializing param=gpt_neox.layers.5.mlp.dense_4h_to_h.weight]
Loading weights:  25%|##4       | 72/292 [00:00<00:00, 256.58it/s, Materializing param=gpt_neox.layers.5.mlp.dense_4h_to_h.weight]
Loading weights:  25%|##5       | 73/292 [00:00<00:00, 256.58it/s, Materializing param=gpt_neox.layers.5.mlp.dense_h_to_4h.bias]  
Loading weights:  25%|##5       | 73/292 [00:00<00:00, 256.58it/s, Materializing param=gpt_neox.layers.5.mlp.dense_h_to_4h.bias]
Loading weights:  25%|##5       | 74/292 [00:00<00:00, 256.58it/s, Materializing param=gpt_neox.layers.5.mlp.dense_h_to_4h.weight]
Loading weights:  25%|##5       | 74/292 [00:00<00:00, 256.58it/s, Materializing param=gpt_neox.layers.5.mlp.dense_h_to_4h.weight]
Loading weights:  26%|##5       | 75/292 [00:00<00:00, 256.58it/s, Materializing param=gpt_neox.layers.5.post_attention_layernorm.bias]
Loading weights:  26%|##5       | 75/292 [00:00<00:00, 256.58it/s, Materializing param=gpt_neox.layers.5.post_attention_layernorm.bias]
Loading weights:  26%|##6       | 76/292 [00:00<00:00, 256.58it/s, Materializing param=gpt_neox.layers.5.post_attention_layernorm.weight]
Loading weights:  26%|##6       | 76/292 [00:00<00:00, 256.58it/s, Materializing param=gpt_neox.layers.5.post_attention_layernorm.weight]
Loading weights:  26%|##6       | 77/292 [00:00<00:00, 256.58it/s, Materializing param=gpt_neox.layers.6.attention.dense.bias]           
Loading weights:  26%|##6       | 77/292 [00:00<00:00, 256.58it/s, Materializing param=gpt_neox.layers.6.attention.dense.bias]
Loading weights:  27%|##6       | 78/292 [00:00<00:00, 256.58it/s, Materializing param=gpt_neox.layers.6.attention.dense.weight]
Loading weights:  27%|##6       | 78/292 [00:00<00:00, 256.58it/s, Materializing param=gpt_neox.layers.6.attention.dense.weight]
Loading weights:  27%|##7       | 79/292 [00:00<00:00, 256.58it/s, Materializing param=gpt_neox.layers.6.attention.query_key_value.bias]
Loading weights:  27%|##7       | 79/292 [00:00<00:00, 256.58it/s, Materializing param=gpt_neox.layers.6.attention.query_key_value.bias]
Loading weights:  27%|##7       | 80/292 [00:00<00:00, 256.58it/s, Materializing param=gpt_neox.layers.6.attention.query_key_value.weight]
Loading weights:  27%|##7       | 80/292 [00:00<00:00, 256.58it/s, Materializing param=gpt_neox.layers.6.attention.query_key_value.weight]
Loading weights:  28%|##7       | 81/292 [00:00<00:00, 256.58it/s, Materializing param=gpt_neox.layers.6.input_layernorm.bias]            
Loading weights:  28%|##7       | 81/292 [00:00<00:00, 256.58it/s, Materializing param=gpt_neox.layers.6.input_layernorm.bias]
Loading weights:  28%|##8       | 82/292 [00:00<00:00, 256.58it/s, Materializing param=gpt_neox.layers.6.input_layernorm.weight]
Loading weights:  28%|##8       | 82/292 [00:00<00:00, 256.58it/s, Materializing param=gpt_neox.layers.6.input_layernorm.weight]
Loading weights:  28%|##8       | 83/292 [00:00<00:00, 256.58it/s, Materializing param=gpt_neox.layers.6.mlp.dense_4h_to_h.bias]
Loading weights:  28%|##8       | 83/292 [00:00<00:00, 256.58it/s, Materializing param=gpt_neox.layers.6.mlp.dense_4h_to_h.bias]
Loading weights:  29%|##8       | 84/292 [00:00<00:00, 436.69it/s, Materializing param=gpt_neox.layers.6.mlp.dense_4h_to_h.bias]
Loading weights:  29%|##8       | 84/292 [00:00<00:00, 436.69it/s, Materializing param=gpt_neox.layers.6.mlp.dense_4h_to_h.weight]
Loading weights:  29%|##8       | 84/292 [00:00<00:00, 436.69it/s, Materializing param=gpt_neox.layers.6.mlp.dense_4h_to_h.weight]
Loading weights:  29%|##9       | 85/292 [00:00<00:00, 436.69it/s, Materializing param=gpt_neox.layers.6.mlp.dense_h_to_4h.bias]  
Loading weights:  29%|##9       | 85/292 [00:00<00:00, 436.69it/s, Materializing param=gpt_neox.layers.6.mlp.dense_h_to_4h.bias]
Loading weights:  29%|##9       | 86/292 [00:00<00:00, 436.69it/s, Materializing param=gpt_neox.layers.6.mlp.dense_h_to_4h.weight]
Loading weights:  29%|##9       | 86/292 [00:00<00:00, 436.69it/s, Materializing param=gpt_neox.layers.6.mlp.dense_h_to_4h.weight]
Loading weights:  30%|##9       | 87/292 [00:00<00:00, 436.69it/s, Materializing param=gpt_neox.layers.6.post_attention_layernorm.bias]
Loading weights:  30%|##9       | 87/292 [00:00<00:00, 436.69it/s, Materializing param=gpt_neox.layers.6.post_attention_layernorm.bias]
Loading weights:  30%|###       | 88/292 [00:00<00:00, 436.69it/s, Materializing param=gpt_neox.layers.6.post_attention_layernorm.weight]
Loading weights:  30%|###       | 88/292 [00:00<00:00, 436.69it/s, Materializing param=gpt_neox.layers.6.post_attention_layernorm.weight]
Loading weights:  30%|###       | 89/292 [00:00<00:00, 436.69it/s, Materializing param=gpt_neox.layers.7.attention.dense.bias]           
Loading weights:  30%|###       | 89/292 [00:00<00:00, 436.69it/s, Materializing param=gpt_neox.layers.7.attention.dense.bias]
Loading weights:  31%|###       | 90/292 [00:00<00:00, 436.69it/s, Materializing param=gpt_neox.layers.7.attention.dense.weight]
Loading weights:  31%|###       | 90/292 [00:00<00:00, 436.69it/s, Materializing param=gpt_neox.layers.7.attention.dense.weight]
Loading weights:  31%|###1      | 91/292 [00:00<00:00, 436.69it/s, Materializing param=gpt_neox.layers.7.attention.query_key_value.bias]
Loading weights:  31%|###1      | 91/292 [00:00<00:00, 436.69it/s, Materializing param=gpt_neox.layers.7.attention.query_key_value.bias]
Loading weights:  32%|###1      | 92/292 [00:00<00:00, 436.69it/s, Materializing param=gpt_neox.layers.7.attention.query_key_value.weight]
Loading weights:  32%|###1      | 92/292 [00:00<00:00, 436.69it/s, Materializing param=gpt_neox.layers.7.attention.query_key_value.weight]
Loading weights:  32%|###1      | 93/292 [00:00<00:00, 436.69it/s, Materializing param=gpt_neox.layers.7.input_layernorm.bias]            
Loading weights:  32%|###1      | 93/292 [00:00<00:00, 436.69it/s, Materializing param=gpt_neox.layers.7.input_layernorm.bias]
Loading weights:  32%|###2      | 94/292 [00:00<00:00, 436.69it/s, Materializing param=gpt_neox.layers.7.input_layernorm.weight]
Loading weights:  32%|###2      | 94/292 [00:00<00:00, 436.69it/s, Materializing param=gpt_neox.layers.7.input_layernorm.weight]
Loading weights:  33%|###2      | 95/292 [00:00<00:00, 436.69it/s, Materializing param=gpt_neox.layers.7.mlp.dense_4h_to_h.bias]
Loading weights:  33%|###2      | 95/292 [00:00<00:00, 436.69it/s, Materializing param=gpt_neox.layers.7.mlp.dense_4h_to_h.bias]
Loading weights:  33%|###2      | 96/292 [00:00<00:00, 436.69it/s, Materializing param=gpt_neox.layers.7.mlp.dense_4h_to_h.weight]
Loading weights:  33%|###2      | 96/292 [00:00<00:00, 436.69it/s, Materializing param=gpt_neox.layers.7.mlp.dense_4h_to_h.weight]
Loading weights:  33%|###3      | 97/292 [00:00<00:00, 436.69it/s, Materializing param=gpt_neox.layers.7.mlp.dense_h_to_4h.bias]  
Loading weights:  33%|###3      | 97/292 [00:00<00:00, 436.69it/s, Materializing param=gpt_neox.layers.7.mlp.dense_h_to_4h.bias]
Loading weights:  34%|###3      | 98/292 [00:00<00:00, 436.69it/s, Materializing param=gpt_neox.layers.7.mlp.dense_h_to_4h.weight]
Loading weights:  34%|###3      | 98/292 [00:00<00:00, 436.69it/s, Materializing param=gpt_neox.layers.7.mlp.dense_h_to_4h.weight]
Loading weights:  34%|###3      | 99/292 [00:00<00:00, 436.69it/s, Materializing param=gpt_neox.layers.7.post_attention_layernorm.bias]
Loading weights:  34%|###3      | 99/292 [00:00<00:00, 436.69it/s, Materializing param=gpt_neox.layers.7.post_attention_layernorm.bias]
Loading weights:  34%|###4      | 100/292 [00:00<00:00, 436.69it/s, Materializing param=gpt_neox.layers.7.post_attention_layernorm.weight]
Loading weights:  34%|###4      | 100/292 [00:00<00:00, 436.69it/s, Materializing param=gpt_neox.layers.7.post_attention_layernorm.weight]
Loading weights:  35%|###4      | 101/292 [00:00<00:00, 436.69it/s, Materializing param=gpt_neox.layers.8.attention.dense.bias]           
Loading weights:  35%|###4      | 101/292 [00:00<00:00, 436.69it/s, Materializing param=gpt_neox.layers.8.attention.dense.bias]
Loading weights:  35%|###4      | 102/292 [00:00<00:00, 436.69it/s, Materializing param=gpt_neox.layers.8.attention.dense.weight]
Loading weights:  35%|###4      | 102/292 [00:00<00:00, 436.69it/s, Materializing param=gpt_neox.layers.8.attention.dense.weight]
Loading weights:  35%|###5      | 103/292 [00:00<00:00, 436.69it/s, Materializing param=gpt_neox.layers.8.attention.query_key_value.bias]
Loading weights:  35%|###5      | 103/292 [00:00<00:00, 436.69it/s, Materializing param=gpt_neox.layers.8.attention.query_key_value.bias]
Loading weights:  36%|###5      | 104/292 [00:00<00:00, 436.69it/s, Materializing param=gpt_neox.layers.8.attention.query_key_value.weight]
Loading weights:  36%|###5      | 104/292 [00:00<00:00, 436.69it/s, Materializing param=gpt_neox.layers.8.attention.query_key_value.weight]
Loading weights:  36%|###5      | 105/292 [00:00<00:00, 436.69it/s, Materializing param=gpt_neox.layers.8.input_layernorm.bias]            
Loading weights:  36%|###5      | 105/292 [00:00<00:00, 436.69it/s, Materializing param=gpt_neox.layers.8.input_layernorm.bias]
Loading weights:  36%|###6      | 106/292 [00:00<00:00, 436.69it/s, Materializing param=gpt_neox.layers.8.input_layernorm.weight]
Loading weights:  36%|###6      | 106/292 [00:00<00:00, 436.69it/s, Materializing param=gpt_neox.layers.8.input_layernorm.weight]
Loading weights:  37%|###6      | 107/292 [00:00<00:00, 436.69it/s, Materializing param=gpt_neox.layers.8.mlp.dense_4h_to_h.bias]
Loading weights:  37%|###6      | 107/292 [00:00<00:00, 436.69it/s, Materializing param=gpt_neox.layers.8.mlp.dense_4h_to_h.bias]
Loading weights:  37%|###6      | 108/292 [00:00<00:00, 436.69it/s, Materializing param=gpt_neox.layers.8.mlp.dense_4h_to_h.weight]
Loading weights:  37%|###6      | 108/292 [00:00<00:00, 436.69it/s, Materializing param=gpt_neox.layers.8.mlp.dense_4h_to_h.weight]
Loading weights:  37%|###7      | 109/292 [00:00<00:00, 436.69it/s, Materializing param=gpt_neox.layers.8.mlp.dense_h_to_4h.bias]  
Loading weights:  37%|###7      | 109/292 [00:00<00:00, 436.69it/s, Materializing param=gpt_neox.layers.8.mlp.dense_h_to_4h.bias]
Loading weights:  38%|###7      | 110/292 [00:00<00:00, 436.69it/s, Materializing param=gpt_neox.layers.8.mlp.dense_h_to_4h.weight]
Loading weights:  38%|###7      | 110/292 [00:00<00:00, 436.69it/s, Materializing param=gpt_neox.layers.8.mlp.dense_h_to_4h.weight]
Loading weights:  38%|###8      | 111/292 [00:00<00:00, 436.69it/s, Materializing param=gpt_neox.layers.8.post_attention_layernorm.bias]
Loading weights:  38%|###8      | 111/292 [00:00<00:00, 436.69it/s, Materializing param=gpt_neox.layers.8.post_attention_layernorm.bias]
Loading weights:  38%|###8      | 112/292 [00:00<00:00, 436.69it/s, Materializing param=gpt_neox.layers.8.post_attention_layernorm.weight]
Loading weights:  38%|###8      | 112/292 [00:00<00:00, 436.69it/s, Materializing param=gpt_neox.layers.8.post_attention_layernorm.weight]
Loading weights:  39%|###8      | 113/292 [00:00<00:00, 436.69it/s, Materializing param=gpt_neox.layers.9.attention.dense.bias]           
Loading weights:  39%|###8      | 113/292 [00:00<00:00, 436.69it/s, Materializing param=gpt_neox.layers.9.attention.dense.bias]
Loading weights:  39%|###9      | 114/292 [00:00<00:00, 436.69it/s, Materializing param=gpt_neox.layers.9.attention.dense.weight]
Loading weights:  39%|###9      | 114/292 [00:00<00:00, 436.69it/s, Materializing param=gpt_neox.layers.9.attention.dense.weight]
Loading weights:  39%|###9      | 115/292 [00:00<00:00, 436.69it/s, Materializing param=gpt_neox.layers.9.attention.query_key_value.bias]
Loading weights:  39%|###9      | 115/292 [00:00<00:00, 436.69it/s, Materializing param=gpt_neox.layers.9.attention.query_key_value.bias]
Loading weights:  40%|###9      | 116/292 [00:00<00:00, 436.69it/s, Materializing param=gpt_neox.layers.9.attention.query_key_value.weight]
Loading weights:  40%|###9      | 116/292 [00:00<00:00, 436.69it/s, Materializing param=gpt_neox.layers.9.attention.query_key_value.weight]
Loading weights:  40%|####      | 117/292 [00:00<00:00, 436.69it/s, Materializing param=gpt_neox.layers.9.input_layernorm.bias]            
Loading weights:  40%|####      | 117/292 [00:00<00:00, 436.69it/s, Materializing param=gpt_neox.layers.9.input_layernorm.bias]
Loading weights:  40%|####      | 118/292 [00:00<00:00, 436.69it/s, Materializing param=gpt_neox.layers.9.input_layernorm.weight]
Loading weights:  40%|####      | 118/292 [00:00<00:00, 436.69it/s, Materializing param=gpt_neox.layers.9.input_layernorm.weight]
Loading weights:  41%|####      | 119/292 [00:00<00:00, 436.69it/s, Materializing param=gpt_neox.layers.9.mlp.dense_4h_to_h.bias]
Loading weights:  41%|####      | 119/292 [00:00<00:00, 436.69it/s, Materializing param=gpt_neox.layers.9.mlp.dense_4h_to_h.bias]
Loading weights:  41%|####1     | 120/292 [00:00<00:00, 436.69it/s, Materializing param=gpt_neox.layers.9.mlp.dense_4h_to_h.weight]
Loading weights:  41%|####1     | 120/292 [00:00<00:00, 436.69it/s, Materializing param=gpt_neox.layers.9.mlp.dense_4h_to_h.weight]
Loading weights:  41%|####1     | 121/292 [00:00<00:00, 436.69it/s, Materializing param=gpt_neox.layers.9.mlp.dense_h_to_4h.bias]  
Loading weights:  41%|####1     | 121/292 [00:00<00:00, 436.69it/s, Materializing param=gpt_neox.layers.9.mlp.dense_h_to_4h.bias]
Loading weights:  42%|####1     | 122/292 [00:00<00:00, 436.69it/s, Materializing param=gpt_neox.layers.9.mlp.dense_h_to_4h.weight]
Loading weights:  42%|####1     | 122/292 [00:00<00:00, 436.69it/s, Materializing param=gpt_neox.layers.9.mlp.dense_h_to_4h.weight]
Loading weights:  42%|####2     | 123/292 [00:00<00:00, 436.69it/s, Materializing param=gpt_neox.layers.9.post_attention_layernorm.bias]
Loading weights:  42%|####2     | 123/292 [00:00<00:00, 436.69it/s, Materializing param=gpt_neox.layers.9.post_attention_layernorm.bias]
Loading weights:  42%|####2     | 124/292 [00:00<00:00, 436.69it/s, Materializing param=gpt_neox.layers.9.post_attention_layernorm.weight]
Loading weights:  42%|####2     | 124/292 [00:00<00:00, 436.69it/s, Materializing param=gpt_neox.layers.9.post_attention_layernorm.weight]
Loading weights:  43%|####2     | 125/292 [00:00<00:00, 436.69it/s, Materializing param=gpt_neox.layers.10.attention.dense.bias]          
Loading weights:  43%|####2     | 125/292 [00:00<00:00, 436.69it/s, Materializing param=gpt_neox.layers.10.attention.dense.bias]
Loading weights:  43%|####3     | 126/292 [00:00<00:00, 436.69it/s, Materializing param=gpt_neox.layers.10.attention.dense.weight]
Loading weights:  43%|####3     | 126/292 [00:00<00:00, 436.69it/s, Materializing param=gpt_neox.layers.10.attention.dense.weight]
Loading weights:  43%|####3     | 127/292 [00:00<00:00, 436.69it/s, Materializing param=gpt_neox.layers.10.attention.query_key_value.bias]
Loading weights:  43%|####3     | 127/292 [00:00<00:00, 436.69it/s, Materializing param=gpt_neox.layers.10.attention.query_key_value.bias]
Loading weights:  44%|####3     | 128/292 [00:00<00:00, 436.69it/s, Materializing param=gpt_neox.layers.10.attention.query_key_value.weight]
Loading weights:  44%|####3     | 128/292 [00:00<00:00, 436.69it/s, Materializing param=gpt_neox.layers.10.attention.query_key_value.weight]
Loading weights:  44%|####4     | 129/292 [00:00<00:00, 436.69it/s, Materializing param=gpt_neox.layers.10.input_layernorm.bias]            
Loading weights:  44%|####4     | 129/292 [00:00<00:00, 436.69it/s, Materializing param=gpt_neox.layers.10.input_layernorm.bias]
Loading weights:  45%|####4     | 130/292 [00:00<00:00, 436.69it/s, Materializing param=gpt_neox.layers.10.input_layernorm.weight]
Loading weights:  45%|####4     | 130/292 [00:00<00:00, 436.69it/s, Materializing param=gpt_neox.layers.10.input_layernorm.weight]
Loading weights:  45%|####4     | 131/292 [00:00<00:00, 436.69it/s, Materializing param=gpt_neox.layers.10.mlp.dense_4h_to_h.bias]
Loading weights:  45%|####4     | 131/292 [00:00<00:00, 436.69it/s, Materializing param=gpt_neox.layers.10.mlp.dense_4h_to_h.bias]
Loading weights:  45%|####5     | 132/292 [00:00<00:00, 436.69it/s, Materializing param=gpt_neox.layers.10.mlp.dense_4h_to_h.weight]
Loading weights:  45%|####5     | 132/292 [00:00<00:00, 436.69it/s, Materializing param=gpt_neox.layers.10.mlp.dense_4h_to_h.weight]
Loading weights:  46%|####5     | 133/292 [00:00<00:00, 442.09it/s, Materializing param=gpt_neox.layers.10.mlp.dense_4h_to_h.weight]
Loading weights:  46%|####5     | 133/292 [00:00<00:00, 442.09it/s, Materializing param=gpt_neox.layers.10.mlp.dense_h_to_4h.bias]  
Loading weights:  46%|####5     | 133/292 [00:00<00:00, 442.09it/s, Materializing param=gpt_neox.layers.10.mlp.dense_h_to_4h.bias]
Loading weights:  46%|####5     | 134/292 [00:00<00:00, 442.09it/s, Materializing param=gpt_neox.layers.10.mlp.dense_h_to_4h.weight]
Loading weights:  46%|####5     | 134/292 [00:00<00:00, 442.09it/s, Materializing param=gpt_neox.layers.10.mlp.dense_h_to_4h.weight]
Loading weights:  46%|####6     | 135/292 [00:00<00:00, 442.09it/s, Materializing param=gpt_neox.layers.10.post_attention_layernorm.bias]
Loading weights:  46%|####6     | 135/292 [00:00<00:00, 442.09it/s, Materializing param=gpt_neox.layers.10.post_attention_layernorm.bias]
Loading weights:  47%|####6     | 136/292 [00:00<00:00, 442.09it/s, Materializing param=gpt_neox.layers.10.post_attention_layernorm.weight]
Loading weights:  47%|####6     | 136/292 [00:00<00:00, 442.09it/s, Materializing param=gpt_neox.layers.10.post_attention_layernorm.weight]
Loading weights:  47%|####6     | 137/292 [00:00<00:00, 442.09it/s, Materializing param=gpt_neox.layers.11.attention.dense.bias]           
Loading weights:  47%|####6     | 137/292 [00:00<00:00, 442.09it/s, Materializing param=gpt_neox.layers.11.attention.dense.bias]
Loading weights:  47%|####7     | 138/292 [00:00<00:00, 442.09it/s, Materializing param=gpt_neox.layers.11.attention.dense.weight]
Loading weights:  47%|####7     | 138/292 [00:00<00:00, 442.09it/s, Materializing param=gpt_neox.layers.11.attention.dense.weight]
Loading weights:  48%|####7     | 139/292 [00:00<00:00, 442.09it/s, Materializing param=gpt_neox.layers.11.attention.query_key_value.bias]
Loading weights:  48%|####7     | 139/292 [00:00<00:00, 442.09it/s, Materializing param=gpt_neox.layers.11.attention.query_key_value.bias]
Loading weights:  48%|####7     | 140/292 [00:00<00:00, 442.09it/s, Materializing param=gpt_neox.layers.11.attention.query_key_value.weight]
Loading weights:  48%|####7     | 140/292 [00:00<00:00, 442.09it/s, Materializing param=gpt_neox.layers.11.attention.query_key_value.weight]
Loading weights:  48%|####8     | 141/292 [00:00<00:00, 442.09it/s, Materializing param=gpt_neox.layers.11.input_layernorm.bias]            
Loading weights:  48%|####8     | 141/292 [00:00<00:00, 442.09it/s, Materializing param=gpt_neox.layers.11.input_layernorm.bias]
Loading weights:  49%|####8     | 142/292 [00:00<00:00, 442.09it/s, Materializing param=gpt_neox.layers.11.input_layernorm.weight]
Loading weights:  49%|####8     | 142/292 [00:00<00:00, 442.09it/s, Materializing param=gpt_neox.layers.11.input_layernorm.weight]
Loading weights:  49%|####8     | 143/292 [00:00<00:00, 442.09it/s, Materializing param=gpt_neox.layers.11.mlp.dense_4h_to_h.bias]
Loading weights:  49%|####8     | 143/292 [00:00<00:00, 442.09it/s, Materializing param=gpt_neox.layers.11.mlp.dense_4h_to_h.bias]
Loading weights:  49%|####9     | 144/292 [00:00<00:00, 442.09it/s, Materializing param=gpt_neox.layers.11.mlp.dense_4h_to_h.weight]
Loading weights:  49%|####9     | 144/292 [00:00<00:00, 442.09it/s, Materializing param=gpt_neox.layers.11.mlp.dense_4h_to_h.weight]
Loading weights:  50%|####9     | 145/292 [00:00<00:00, 442.09it/s, Materializing param=gpt_neox.layers.11.mlp.dense_h_to_4h.bias]  
Loading weights:  50%|####9     | 145/292 [00:00<00:00, 442.09it/s, Materializing param=gpt_neox.layers.11.mlp.dense_h_to_4h.bias]
Loading weights:  50%|#####     | 146/292 [00:00<00:00, 442.09it/s, Materializing param=gpt_neox.layers.11.mlp.dense_h_to_4h.weight]
Loading weights:  50%|#####     | 146/292 [00:00<00:00, 442.09it/s, Materializing param=gpt_neox.layers.11.mlp.dense_h_to_4h.weight]
Loading weights:  50%|#####     | 147/292 [00:00<00:00, 442.09it/s, Materializing param=gpt_neox.layers.11.post_attention_layernorm.bias]
Loading weights:  50%|#####     | 147/292 [00:00<00:00, 442.09it/s, Materializing param=gpt_neox.layers.11.post_attention_layernorm.bias]
Loading weights:  51%|#####     | 148/292 [00:00<00:00, 442.09it/s, Materializing param=gpt_neox.layers.11.post_attention_layernorm.weight]
Loading weights:  51%|#####     | 148/292 [00:00<00:00, 442.09it/s, Materializing param=gpt_neox.layers.11.post_attention_layernorm.weight]
Loading weights:  51%|#####1    | 149/292 [00:00<00:00, 442.09it/s, Materializing param=gpt_neox.layers.12.attention.dense.bias]           
Loading weights:  51%|#####1    | 149/292 [00:00<00:00, 442.09it/s, Materializing param=gpt_neox.layers.12.attention.dense.bias]
Loading weights:  51%|#####1    | 150/292 [00:00<00:00, 442.09it/s, Materializing param=gpt_neox.layers.12.attention.dense.weight]
Loading weights:  51%|#####1    | 150/292 [00:00<00:00, 442.09it/s, Materializing param=gpt_neox.layers.12.attention.dense.weight]
Loading weights:  52%|#####1    | 151/292 [00:00<00:00, 442.09it/s, Materializing param=gpt_neox.layers.12.attention.query_key_value.bias]
Loading weights:  52%|#####1    | 151/292 [00:00<00:00, 442.09it/s, Materializing param=gpt_neox.layers.12.attention.query_key_value.bias]
Loading weights:  52%|#####2    | 152/292 [00:00<00:00, 442.09it/s, Materializing param=gpt_neox.layers.12.attention.query_key_value.weight]
Loading weights:  52%|#####2    | 152/292 [00:00<00:00, 442.09it/s, Materializing param=gpt_neox.layers.12.attention.query_key_value.weight]
Loading weights:  52%|#####2    | 153/292 [00:00<00:00, 442.09it/s, Materializing param=gpt_neox.layers.12.input_layernorm.bias]            
Loading weights:  52%|#####2    | 153/292 [00:00<00:00, 442.09it/s, Materializing param=gpt_neox.layers.12.input_layernorm.bias]
Loading weights:  53%|#####2    | 154/292 [00:00<00:00, 442.09it/s, Materializing param=gpt_neox.layers.12.input_layernorm.weight]
Loading weights:  53%|#####2    | 154/292 [00:00<00:00, 442.09it/s, Materializing param=gpt_neox.layers.12.input_layernorm.weight]
Loading weights:  53%|#####3    | 155/292 [00:00<00:00, 442.09it/s, Materializing param=gpt_neox.layers.12.mlp.dense_4h_to_h.bias]
Loading weights:  53%|#####3    | 155/292 [00:00<00:00, 442.09it/s, Materializing param=gpt_neox.layers.12.mlp.dense_4h_to_h.bias]
Loading weights:  53%|#####3    | 156/292 [00:00<00:00, 442.09it/s, Materializing param=gpt_neox.layers.12.mlp.dense_4h_to_h.weight]
Loading weights:  53%|#####3    | 156/292 [00:00<00:00, 442.09it/s, Materializing param=gpt_neox.layers.12.mlp.dense_4h_to_h.weight]
Loading weights:  54%|#####3    | 157/292 [00:00<00:00, 442.09it/s, Materializing param=gpt_neox.layers.12.mlp.dense_h_to_4h.bias]  
Loading weights:  54%|#####3    | 157/292 [00:00<00:00, 442.09it/s, Materializing param=gpt_neox.layers.12.mlp.dense_h_to_4h.bias]
Loading weights:  54%|#####4    | 158/292 [00:00<00:00, 442.09it/s, Materializing param=gpt_neox.layers.12.mlp.dense_h_to_4h.weight]
Loading weights:  54%|#####4    | 158/292 [00:00<00:00, 442.09it/s, Materializing param=gpt_neox.layers.12.mlp.dense_h_to_4h.weight]
Loading weights:  54%|#####4    | 159/292 [00:00<00:00, 442.09it/s, Materializing param=gpt_neox.layers.12.post_attention_layernorm.bias]
Loading weights:  54%|#####4    | 159/292 [00:00<00:00, 442.09it/s, Materializing param=gpt_neox.layers.12.post_attention_layernorm.bias]
Loading weights:  55%|#####4    | 160/292 [00:00<00:00, 442.09it/s, Materializing param=gpt_neox.layers.12.post_attention_layernorm.weight]
Loading weights:  55%|#####4    | 160/292 [00:00<00:00, 442.09it/s, Materializing param=gpt_neox.layers.12.post_attention_layernorm.weight]
Loading weights:  55%|#####5    | 161/292 [00:00<00:00, 442.09it/s, Materializing param=gpt_neox.layers.13.attention.dense.bias]           
Loading weights:  55%|#####5    | 161/292 [00:00<00:00, 442.09it/s, Materializing param=gpt_neox.layers.13.attention.dense.bias]
Loading weights:  55%|#####5    | 162/292 [00:00<00:00, 442.09it/s, Materializing param=gpt_neox.layers.13.attention.dense.weight]
Loading weights:  55%|#####5    | 162/292 [00:00<00:00, 442.09it/s, Materializing param=gpt_neox.layers.13.attention.dense.weight]
Loading weights:  56%|#####5    | 163/292 [00:00<00:00, 442.09it/s, Materializing param=gpt_neox.layers.13.attention.query_key_value.bias]
Loading weights:  56%|#####5    | 163/292 [00:00<00:00, 442.09it/s, Materializing param=gpt_neox.layers.13.attention.query_key_value.bias]
Loading weights:  56%|#####6    | 164/292 [00:00<00:00, 442.09it/s, Materializing param=gpt_neox.layers.13.attention.query_key_value.weight]
Loading weights:  56%|#####6    | 164/292 [00:00<00:00, 442.09it/s, Materializing param=gpt_neox.layers.13.attention.query_key_value.weight]
Loading weights:  57%|#####6    | 165/292 [00:00<00:00, 442.09it/s, Materializing param=gpt_neox.layers.13.input_layernorm.bias]            
Loading weights:  57%|#####6    | 165/292 [00:00<00:00, 442.09it/s, Materializing param=gpt_neox.layers.13.input_layernorm.bias]
Loading weights:  57%|#####6    | 166/292 [00:00<00:00, 442.09it/s, Materializing param=gpt_neox.layers.13.input_layernorm.weight]
Loading weights:  57%|#####6    | 166/292 [00:00<00:00, 442.09it/s, Materializing param=gpt_neox.layers.13.input_layernorm.weight]
Loading weights:  57%|#####7    | 167/292 [00:00<00:00, 442.09it/s, Materializing param=gpt_neox.layers.13.mlp.dense_4h_to_h.bias]
Loading weights:  57%|#####7    | 167/292 [00:00<00:00, 442.09it/s, Materializing param=gpt_neox.layers.13.mlp.dense_4h_to_h.bias]
Loading weights:  58%|#####7    | 168/292 [00:00<00:00, 442.09it/s, Materializing param=gpt_neox.layers.13.mlp.dense_4h_to_h.weight]
Loading weights:  58%|#####7    | 168/292 [00:00<00:00, 442.09it/s, Materializing param=gpt_neox.layers.13.mlp.dense_4h_to_h.weight]
Loading weights:  58%|#####7    | 169/292 [00:00<00:00, 442.09it/s, Materializing param=gpt_neox.layers.13.mlp.dense_h_to_4h.bias]  
Loading weights:  58%|#####7    | 169/292 [00:00<00:00, 442.09it/s, Materializing param=gpt_neox.layers.13.mlp.dense_h_to_4h.bias]
Loading weights:  58%|#####8    | 170/292 [00:00<00:00, 442.09it/s, Materializing param=gpt_neox.layers.13.mlp.dense_h_to_4h.weight]
Loading weights:  58%|#####8    | 170/292 [00:00<00:00, 442.09it/s, Materializing param=gpt_neox.layers.13.mlp.dense_h_to_4h.weight]
Loading weights:  59%|#####8    | 171/292 [00:00<00:00, 442.09it/s, Materializing param=gpt_neox.layers.13.post_attention_layernorm.bias]
Loading weights:  59%|#####8    | 171/292 [00:00<00:00, 442.09it/s, Materializing param=gpt_neox.layers.13.post_attention_layernorm.bias]
Loading weights:  59%|#####8    | 172/292 [00:00<00:00, 442.09it/s, Materializing param=gpt_neox.layers.13.post_attention_layernorm.weight]
Loading weights:  59%|#####8    | 172/292 [00:00<00:00, 442.09it/s, Materializing param=gpt_neox.layers.13.post_attention_layernorm.weight]
Loading weights:  59%|#####9    | 173/292 [00:00<00:00, 442.09it/s, Materializing param=gpt_neox.layers.14.attention.dense.bias]           
Loading weights:  59%|#####9    | 173/292 [00:00<00:00, 442.09it/s, Materializing param=gpt_neox.layers.14.attention.dense.bias]
Loading weights:  60%|#####9    | 174/292 [00:00<00:00, 442.09it/s, Materializing param=gpt_neox.layers.14.attention.dense.weight]
Loading weights:  60%|#####9    | 174/292 [00:00<00:00, 442.09it/s, Materializing param=gpt_neox.layers.14.attention.dense.weight]
Loading weights:  60%|#####9    | 175/292 [00:00<00:00, 442.09it/s, Materializing param=gpt_neox.layers.14.attention.query_key_value.bias]
Loading weights:  60%|#####9    | 175/292 [00:00<00:00, 442.09it/s, Materializing param=gpt_neox.layers.14.attention.query_key_value.bias]
Loading weights:  60%|######    | 176/292 [00:00<00:00, 442.09it/s, Materializing param=gpt_neox.layers.14.attention.query_key_value.weight]
Loading weights:  60%|######    | 176/292 [00:00<00:00, 442.09it/s, Materializing param=gpt_neox.layers.14.attention.query_key_value.weight]
Loading weights:  61%|######    | 177/292 [00:00<00:00, 442.09it/s, Materializing param=gpt_neox.layers.14.input_layernorm.bias]            
Loading weights:  61%|######    | 177/292 [00:00<00:00, 442.09it/s, Materializing param=gpt_neox.layers.14.input_layernorm.bias]
Loading weights:  61%|######    | 178/292 [00:00<00:00, 442.09it/s, Materializing param=gpt_neox.layers.14.input_layernorm.weight]
Loading weights:  61%|######    | 178/292 [00:00<00:00, 442.09it/s, Materializing param=gpt_neox.layers.14.input_layernorm.weight]
Loading weights:  61%|######1   | 179/292 [00:00<00:00, 442.09it/s, Materializing param=gpt_neox.layers.14.mlp.dense_4h_to_h.bias]
Loading weights:  61%|######1   | 179/292 [00:00<00:00, 442.09it/s, Materializing param=gpt_neox.layers.14.mlp.dense_4h_to_h.bias]
Loading weights:  62%|######1   | 180/292 [00:00<00:00, 442.09it/s, Materializing param=gpt_neox.layers.14.mlp.dense_4h_to_h.weight]
Loading weights:  62%|######1   | 180/292 [00:00<00:00, 442.09it/s, Materializing param=gpt_neox.layers.14.mlp.dense_4h_to_h.weight]
Loading weights:  62%|######1   | 181/292 [00:00<00:00, 442.09it/s, Materializing param=gpt_neox.layers.14.mlp.dense_h_to_4h.bias]  
Loading weights:  62%|######1   | 181/292 [00:00<00:00, 442.09it/s, Materializing param=gpt_neox.layers.14.mlp.dense_h_to_4h.bias]
Loading weights:  62%|######2   | 182/292 [00:00<00:00, 442.09it/s, Materializing param=gpt_neox.layers.14.mlp.dense_h_to_4h.weight]
Loading weights:  62%|######2   | 182/292 [00:00<00:00, 442.09it/s, Materializing param=gpt_neox.layers.14.mlp.dense_h_to_4h.weight]
Loading weights:  63%|######2   | 183/292 [00:00<00:00, 442.09it/s, Materializing param=gpt_neox.layers.14.post_attention_layernorm.bias]
Loading weights:  63%|######2   | 183/292 [00:00<00:00, 442.09it/s, Materializing param=gpt_neox.layers.14.post_attention_layernorm.bias]
Loading weights:  63%|######3   | 184/292 [00:00<00:00, 442.09it/s, Materializing param=gpt_neox.layers.14.post_attention_layernorm.weight]
Loading weights:  63%|######3   | 184/292 [00:00<00:00, 442.09it/s, Materializing param=gpt_neox.layers.14.post_attention_layernorm.weight]
Loading weights:  63%|######3   | 185/292 [00:00<00:00, 442.09it/s, Materializing param=gpt_neox.layers.15.attention.dense.bias]           
Loading weights:  63%|######3   | 185/292 [00:00<00:00, 442.09it/s, Materializing param=gpt_neox.layers.15.attention.dense.bias]
Loading weights:  64%|######3   | 186/292 [00:00<00:00, 442.09it/s, Materializing param=gpt_neox.layers.15.attention.dense.weight]
Loading weights:  64%|######3   | 186/292 [00:00<00:00, 442.09it/s, Materializing param=gpt_neox.layers.15.attention.dense.weight]
Loading weights:  64%|######4   | 187/292 [00:00<00:00, 442.09it/s, Materializing param=gpt_neox.layers.15.attention.query_key_value.bias]
Loading weights:  64%|######4   | 187/292 [00:00<00:00, 442.09it/s, Materializing param=gpt_neox.layers.15.attention.query_key_value.bias]
Loading weights:  64%|######4   | 188/292 [00:00<00:00, 442.09it/s, Materializing param=gpt_neox.layers.15.attention.query_key_value.weight]
Loading weights:  64%|######4   | 188/292 [00:00<00:00, 442.09it/s, Materializing param=gpt_neox.layers.15.attention.query_key_value.weight]
Loading weights:  65%|######4   | 189/292 [00:00<00:00, 442.09it/s, Materializing param=gpt_neox.layers.15.input_layernorm.bias]            
Loading weights:  65%|######4   | 189/292 [00:00<00:00, 442.09it/s, Materializing param=gpt_neox.layers.15.input_layernorm.bias]
Loading weights:  65%|######5   | 190/292 [00:00<00:00, 442.09it/s, Materializing param=gpt_neox.layers.15.input_layernorm.weight]
Loading weights:  65%|######5   | 190/292 [00:00<00:00, 442.09it/s, Materializing param=gpt_neox.layers.15.input_layernorm.weight]
Loading weights:  65%|######5   | 191/292 [00:00<00:00, 442.09it/s, Materializing param=gpt_neox.layers.15.mlp.dense_4h_to_h.bias]
Loading weights:  65%|######5   | 191/292 [00:00<00:00, 442.09it/s, Materializing param=gpt_neox.layers.15.mlp.dense_4h_to_h.bias]
Loading weights:  66%|######5   | 192/292 [00:00<00:00, 442.09it/s, Materializing param=gpt_neox.layers.15.mlp.dense_4h_to_h.weight]
Loading weights:  66%|######5   | 192/292 [00:00<00:00, 442.09it/s, Materializing param=gpt_neox.layers.15.mlp.dense_4h_to_h.weight]
Loading weights:  66%|######6   | 193/292 [00:00<00:00, 479.56it/s, Materializing param=gpt_neox.layers.15.mlp.dense_4h_to_h.weight]
Loading weights:  66%|######6   | 193/292 [00:00<00:00, 479.56it/s, Materializing param=gpt_neox.layers.15.mlp.dense_h_to_4h.bias]  
Loading weights:  66%|######6   | 193/292 [00:00<00:00, 479.56it/s, Materializing param=gpt_neox.layers.15.mlp.dense_h_to_4h.bias]
Loading weights:  66%|######6   | 194/292 [00:00<00:00, 479.56it/s, Materializing param=gpt_neox.layers.15.mlp.dense_h_to_4h.weight]
Loading weights:  66%|######6   | 194/292 [00:00<00:00, 479.56it/s, Materializing param=gpt_neox.layers.15.mlp.dense_h_to_4h.weight]
Loading weights:  67%|######6   | 195/292 [00:00<00:00, 479.56it/s, Materializing param=gpt_neox.layers.15.post_attention_layernorm.bias]
Loading weights:  67%|######6   | 195/292 [00:00<00:00, 479.56it/s, Materializing param=gpt_neox.layers.15.post_attention_layernorm.bias]
Loading weights:  67%|######7   | 196/292 [00:00<00:00, 479.56it/s, Materializing param=gpt_neox.layers.15.post_attention_layernorm.weight]
Loading weights:  67%|######7   | 196/292 [00:00<00:00, 479.56it/s, Materializing param=gpt_neox.layers.15.post_attention_layernorm.weight]
Loading weights:  67%|######7   | 197/292 [00:00<00:00, 479.56it/s, Materializing param=gpt_neox.layers.16.attention.dense.bias]           
Loading weights:  67%|######7   | 197/292 [00:00<00:00, 479.56it/s, Materializing param=gpt_neox.layers.16.attention.dense.bias]
Loading weights:  68%|######7   | 198/292 [00:00<00:00, 479.56it/s, Materializing param=gpt_neox.layers.16.attention.dense.weight]
Loading weights:  68%|######7   | 198/292 [00:00<00:00, 479.56it/s, Materializing param=gpt_neox.layers.16.attention.dense.weight]
Loading weights:  68%|######8   | 199/292 [00:00<00:00, 479.56it/s, Materializing param=gpt_neox.layers.16.attention.query_key_value.bias]
Loading weights:  68%|######8   | 199/292 [00:00<00:00, 479.56it/s, Materializing param=gpt_neox.layers.16.attention.query_key_value.bias]
Loading weights:  68%|######8   | 200/292 [00:00<00:00, 479.56it/s, Materializing param=gpt_neox.layers.16.attention.query_key_value.weight]
Loading weights:  68%|######8   | 200/292 [00:00<00:00, 479.56it/s, Materializing param=gpt_neox.layers.16.attention.query_key_value.weight]
Loading weights:  69%|######8   | 201/292 [00:00<00:00, 479.56it/s, Materializing param=gpt_neox.layers.16.input_layernorm.bias]            
Loading weights:  69%|######8   | 201/292 [00:00<00:00, 479.56it/s, Materializing param=gpt_neox.layers.16.input_layernorm.bias]
Loading weights:  69%|######9   | 202/292 [00:00<00:00, 479.56it/s, Materializing param=gpt_neox.layers.16.input_layernorm.weight]
Loading weights:  69%|######9   | 202/292 [00:00<00:00, 479.56it/s, Materializing param=gpt_neox.layers.16.input_layernorm.weight]
Loading weights:  70%|######9   | 203/292 [00:00<00:00, 479.56it/s, Materializing param=gpt_neox.layers.16.mlp.dense_4h_to_h.bias]
Loading weights:  70%|######9   | 203/292 [00:00<00:00, 479.56it/s, Materializing param=gpt_neox.layers.16.mlp.dense_4h_to_h.bias]
Loading weights:  70%|######9   | 204/292 [00:00<00:00, 479.56it/s, Materializing param=gpt_neox.layers.16.mlp.dense_4h_to_h.weight]
Loading weights:  70%|######9   | 204/292 [00:00<00:00, 479.56it/s, Materializing param=gpt_neox.layers.16.mlp.dense_4h_to_h.weight]
Loading weights:  70%|#######   | 205/292 [00:00<00:00, 479.56it/s, Materializing param=gpt_neox.layers.16.mlp.dense_h_to_4h.bias]  
Loading weights:  70%|#######   | 205/292 [00:00<00:00, 479.56it/s, Materializing param=gpt_neox.layers.16.mlp.dense_h_to_4h.bias]
Loading weights:  71%|#######   | 206/292 [00:00<00:00, 479.56it/s, Materializing param=gpt_neox.layers.16.mlp.dense_h_to_4h.weight]
Loading weights:  71%|#######   | 206/292 [00:00<00:00, 479.56it/s, Materializing param=gpt_neox.layers.16.mlp.dense_h_to_4h.weight]
Loading weights:  71%|#######   | 207/292 [00:00<00:00, 479.56it/s, Materializing param=gpt_neox.layers.16.post_attention_layernorm.bias]
Loading weights:  71%|#######   | 207/292 [00:00<00:00, 479.56it/s, Materializing param=gpt_neox.layers.16.post_attention_layernorm.bias]
Loading weights:  71%|#######1  | 208/292 [00:00<00:00, 479.56it/s, Materializing param=gpt_neox.layers.16.post_attention_layernorm.weight]
Loading weights:  71%|#######1  | 208/292 [00:00<00:00, 479.56it/s, Materializing param=gpt_neox.layers.16.post_attention_layernorm.weight]
Loading weights:  72%|#######1  | 209/292 [00:00<00:00, 479.56it/s, Materializing param=gpt_neox.layers.17.attention.dense.bias]           
Loading weights:  72%|#######1  | 209/292 [00:00<00:00, 479.56it/s, Materializing param=gpt_neox.layers.17.attention.dense.bias]
Loading weights:  72%|#######1  | 210/292 [00:00<00:00, 479.56it/s, Materializing param=gpt_neox.layers.17.attention.dense.weight]
Loading weights:  72%|#######1  | 210/292 [00:00<00:00, 479.56it/s, Materializing param=gpt_neox.layers.17.attention.dense.weight]
Loading weights:  72%|#######2  | 211/292 [00:00<00:00, 479.56it/s, Materializing param=gpt_neox.layers.17.attention.query_key_value.bias]
Loading weights:  72%|#######2  | 211/292 [00:00<00:00, 479.56it/s, Materializing param=gpt_neox.layers.17.attention.query_key_value.bias]
Loading weights:  73%|#######2  | 212/292 [00:00<00:00, 479.56it/s, Materializing param=gpt_neox.layers.17.attention.query_key_value.weight]
Loading weights:  73%|#######2  | 212/292 [00:00<00:00, 479.56it/s, Materializing param=gpt_neox.layers.17.attention.query_key_value.weight]
Loading weights:  73%|#######2  | 213/292 [00:00<00:00, 479.56it/s, Materializing param=gpt_neox.layers.17.input_layernorm.bias]            
Loading weights:  73%|#######2  | 213/292 [00:00<00:00, 479.56it/s, Materializing param=gpt_neox.layers.17.input_layernorm.bias]
Loading weights:  73%|#######3  | 214/292 [00:00<00:00, 479.56it/s, Materializing param=gpt_neox.layers.17.input_layernorm.weight]
Loading weights:  73%|#######3  | 214/292 [00:00<00:00, 479.56it/s, Materializing param=gpt_neox.layers.17.input_layernorm.weight]
Loading weights:  74%|#######3  | 215/292 [00:00<00:00, 479.56it/s, Materializing param=gpt_neox.layers.17.mlp.dense_4h_to_h.bias]
Loading weights:  74%|#######3  | 215/292 [00:00<00:00, 479.56it/s, Materializing param=gpt_neox.layers.17.mlp.dense_4h_to_h.bias]
Loading weights:  74%|#######3  | 216/292 [00:00<00:00, 479.56it/s, Materializing param=gpt_neox.layers.17.mlp.dense_4h_to_h.weight]
Loading weights:  74%|#######3  | 216/292 [00:00<00:00, 479.56it/s, Materializing param=gpt_neox.layers.17.mlp.dense_4h_to_h.weight]
Loading weights:  74%|#######4  | 217/292 [00:00<00:00, 479.56it/s, Materializing param=gpt_neox.layers.17.mlp.dense_h_to_4h.bias]  
Loading weights:  74%|#######4  | 217/292 [00:00<00:00, 479.56it/s, Materializing param=gpt_neox.layers.17.mlp.dense_h_to_4h.bias]
Loading weights:  75%|#######4  | 218/292 [00:00<00:00, 479.56it/s, Materializing param=gpt_neox.layers.17.mlp.dense_h_to_4h.weight]
Loading weights:  75%|#######4  | 218/292 [00:00<00:00, 479.56it/s, Materializing param=gpt_neox.layers.17.mlp.dense_h_to_4h.weight]
Loading weights:  75%|#######5  | 219/292 [00:00<00:00, 479.56it/s, Materializing param=gpt_neox.layers.17.post_attention_layernorm.bias]
Loading weights:  75%|#######5  | 219/292 [00:00<00:00, 479.56it/s, Materializing param=gpt_neox.layers.17.post_attention_layernorm.bias]
Loading weights:  75%|#######5  | 220/292 [00:00<00:00, 479.56it/s, Materializing param=gpt_neox.layers.17.post_attention_layernorm.weight]
Loading weights:  75%|#######5  | 220/292 [00:00<00:00, 479.56it/s, Materializing param=gpt_neox.layers.17.post_attention_layernorm.weight]
Loading weights:  76%|#######5  | 221/292 [00:00<00:00, 479.56it/s, Materializing param=gpt_neox.layers.18.attention.dense.bias]           
Loading weights:  76%|#######5  | 221/292 [00:00<00:00, 479.56it/s, Materializing param=gpt_neox.layers.18.attention.dense.bias]
Loading weights:  76%|#######6  | 222/292 [00:00<00:00, 479.56it/s, Materializing param=gpt_neox.layers.18.attention.dense.weight]
Loading weights:  76%|#######6  | 222/292 [00:00<00:00, 479.56it/s, Materializing param=gpt_neox.layers.18.attention.dense.weight]
Loading weights:  76%|#######6  | 223/292 [00:00<00:00, 479.56it/s, Materializing param=gpt_neox.layers.18.attention.query_key_value.bias]
Loading weights:  76%|#######6  | 223/292 [00:00<00:00, 479.56it/s, Materializing param=gpt_neox.layers.18.attention.query_key_value.bias]
Loading weights:  77%|#######6  | 224/292 [00:00<00:00, 479.56it/s, Materializing param=gpt_neox.layers.18.attention.query_key_value.weight]
Loading weights:  77%|#######6  | 224/292 [00:00<00:00, 479.56it/s, Materializing param=gpt_neox.layers.18.attention.query_key_value.weight]
Loading weights:  77%|#######7  | 225/292 [00:00<00:00, 479.56it/s, Materializing param=gpt_neox.layers.18.input_layernorm.bias]            
Loading weights:  77%|#######7  | 225/292 [00:00<00:00, 479.56it/s, Materializing param=gpt_neox.layers.18.input_layernorm.bias]
Loading weights:  77%|#######7  | 226/292 [00:00<00:00, 479.56it/s, Materializing param=gpt_neox.layers.18.input_layernorm.weight]
Loading weights:  77%|#######7  | 226/292 [00:00<00:00, 479.56it/s, Materializing param=gpt_neox.layers.18.input_layernorm.weight]
Loading weights:  78%|#######7  | 227/292 [00:00<00:00, 479.56it/s, Materializing param=gpt_neox.layers.18.mlp.dense_4h_to_h.bias]
Loading weights:  78%|#######7  | 227/292 [00:00<00:00, 479.56it/s, Materializing param=gpt_neox.layers.18.mlp.dense_4h_to_h.bias]
Loading weights:  78%|#######8  | 228/292 [00:00<00:00, 479.56it/s, Materializing param=gpt_neox.layers.18.mlp.dense_4h_to_h.weight]
Loading weights:  78%|#######8  | 228/292 [00:00<00:00, 479.56it/s, Materializing param=gpt_neox.layers.18.mlp.dense_4h_to_h.weight]
Loading weights:  78%|#######8  | 229/292 [00:00<00:00, 479.56it/s, Materializing param=gpt_neox.layers.18.mlp.dense_h_to_4h.bias]  
Loading weights:  78%|#######8  | 229/292 [00:00<00:00, 479.56it/s, Materializing param=gpt_neox.layers.18.mlp.dense_h_to_4h.bias]
Loading weights:  79%|#######8  | 230/292 [00:00<00:00, 479.56it/s, Materializing param=gpt_neox.layers.18.mlp.dense_h_to_4h.weight]
Loading weights:  79%|#######8  | 230/292 [00:00<00:00, 479.56it/s, Materializing param=gpt_neox.layers.18.mlp.dense_h_to_4h.weight]
Loading weights:  79%|#######9  | 231/292 [00:00<00:00, 479.56it/s, Materializing param=gpt_neox.layers.18.post_attention_layernorm.bias]
Loading weights:  79%|#######9  | 231/292 [00:00<00:00, 479.56it/s, Materializing param=gpt_neox.layers.18.post_attention_layernorm.bias]
Loading weights:  79%|#######9  | 232/292 [00:00<00:00, 479.56it/s, Materializing param=gpt_neox.layers.18.post_attention_layernorm.weight]
Loading weights:  79%|#######9  | 232/292 [00:00<00:00, 479.56it/s, Materializing param=gpt_neox.layers.18.post_attention_layernorm.weight]
Loading weights:  80%|#######9  | 233/292 [00:00<00:00, 479.56it/s, Materializing param=gpt_neox.layers.19.attention.dense.bias]           
Loading weights:  80%|#######9  | 233/292 [00:00<00:00, 479.56it/s, Materializing param=gpt_neox.layers.19.attention.dense.bias]
Loading weights:  80%|########  | 234/292 [00:00<00:00, 479.56it/s, Materializing param=gpt_neox.layers.19.attention.dense.weight]
Loading weights:  80%|########  | 234/292 [00:00<00:00, 479.56it/s, Materializing param=gpt_neox.layers.19.attention.dense.weight]
Loading weights:  80%|########  | 235/292 [00:00<00:00, 479.56it/s, Materializing param=gpt_neox.layers.19.attention.query_key_value.bias]
Loading weights:  80%|########  | 235/292 [00:00<00:00, 479.56it/s, Materializing param=gpt_neox.layers.19.attention.query_key_value.bias]
Loading weights:  81%|########  | 236/292 [00:00<00:00, 479.56it/s, Materializing param=gpt_neox.layers.19.attention.query_key_value.weight]
Loading weights:  81%|########  | 236/292 [00:00<00:00, 479.56it/s, Materializing param=gpt_neox.layers.19.attention.query_key_value.weight]
Loading weights:  81%|########1 | 237/292 [00:00<00:00, 479.56it/s, Materializing param=gpt_neox.layers.19.input_layernorm.bias]            
Loading weights:  81%|########1 | 237/292 [00:00<00:00, 479.56it/s, Materializing param=gpt_neox.layers.19.input_layernorm.bias]
Loading weights:  82%|########1 | 238/292 [00:00<00:00, 479.56it/s, Materializing param=gpt_neox.layers.19.input_layernorm.weight]
Loading weights:  82%|########1 | 238/292 [00:00<00:00, 479.56it/s, Materializing param=gpt_neox.layers.19.input_layernorm.weight]
Loading weights:  82%|########1 | 239/292 [00:00<00:00, 479.56it/s, Materializing param=gpt_neox.layers.19.mlp.dense_4h_to_h.bias]
Loading weights:  82%|########1 | 239/292 [00:00<00:00, 479.56it/s, Materializing param=gpt_neox.layers.19.mlp.dense_4h_to_h.bias]
Loading weights:  82%|########2 | 240/292 [00:00<00:00, 479.56it/s, Materializing param=gpt_neox.layers.19.mlp.dense_4h_to_h.weight]
Loading weights:  82%|########2 | 240/292 [00:00<00:00, 479.56it/s, Materializing param=gpt_neox.layers.19.mlp.dense_4h_to_h.weight]
Loading weights:  83%|########2 | 241/292 [00:00<00:00, 479.56it/s, Materializing param=gpt_neox.layers.19.mlp.dense_h_to_4h.bias]  
Loading weights:  83%|########2 | 241/292 [00:00<00:00, 479.56it/s, Materializing param=gpt_neox.layers.19.mlp.dense_h_to_4h.bias]
Loading weights:  83%|########2 | 242/292 [00:00<00:00, 479.56it/s, Materializing param=gpt_neox.layers.19.mlp.dense_h_to_4h.weight]
Loading weights:  83%|########2 | 242/292 [00:00<00:00, 479.56it/s, Materializing param=gpt_neox.layers.19.mlp.dense_h_to_4h.weight]
Loading weights:  83%|########3 | 243/292 [00:00<00:00, 479.56it/s, Materializing param=gpt_neox.layers.19.post_attention_layernorm.bias]
Loading weights:  83%|########3 | 243/292 [00:00<00:00, 479.56it/s, Materializing param=gpt_neox.layers.19.post_attention_layernorm.bias]
Loading weights:  84%|########3 | 244/292 [00:00<00:00, 479.56it/s, Materializing param=gpt_neox.layers.19.post_attention_layernorm.weight]
Loading weights:  84%|########3 | 244/292 [00:00<00:00, 479.56it/s, Materializing param=gpt_neox.layers.19.post_attention_layernorm.weight]
Loading weights:  84%|########3 | 245/292 [00:00<00:00, 479.56it/s, Materializing param=gpt_neox.layers.20.attention.dense.bias]           
Loading weights:  84%|########3 | 245/292 [00:00<00:00, 479.56it/s, Materializing param=gpt_neox.layers.20.attention.dense.bias]
Loading weights:  84%|########4 | 246/292 [00:00<00:00, 479.56it/s, Materializing param=gpt_neox.layers.20.attention.dense.weight]
Loading weights:  84%|########4 | 246/292 [00:00<00:00, 479.56it/s, Materializing param=gpt_neox.layers.20.attention.dense.weight]
Loading weights:  85%|########4 | 247/292 [00:00<00:00, 486.79it/s, Materializing param=gpt_neox.layers.20.attention.dense.weight]
Loading weights:  85%|########4 | 247/292 [00:00<00:00, 486.79it/s, Materializing param=gpt_neox.layers.20.attention.query_key_value.bias]
Loading weights:  85%|########4 | 247/292 [00:00<00:00, 486.79it/s, Materializing param=gpt_neox.layers.20.attention.query_key_value.bias]
Loading weights:  85%|########4 | 248/292 [00:00<00:00, 486.79it/s, Materializing param=gpt_neox.layers.20.attention.query_key_value.weight]
Loading weights:  85%|########4 | 248/292 [00:00<00:00, 486.79it/s, Materializing param=gpt_neox.layers.20.attention.query_key_value.weight]
Loading weights:  85%|########5 | 249/292 [00:00<00:00, 486.79it/s, Materializing param=gpt_neox.layers.20.input_layernorm.bias]            
Loading weights:  85%|########5 | 249/292 [00:00<00:00, 486.79it/s, Materializing param=gpt_neox.layers.20.input_layernorm.bias]
Loading weights:  86%|########5 | 250/292 [00:00<00:00, 486.79it/s, Materializing param=gpt_neox.layers.20.input_layernorm.weight]
Loading weights:  86%|########5 | 250/292 [00:00<00:00, 486.79it/s, Materializing param=gpt_neox.layers.20.input_layernorm.weight]
Loading weights:  86%|########5 | 251/292 [00:00<00:00, 486.79it/s, Materializing param=gpt_neox.layers.20.mlp.dense_4h_to_h.bias]
Loading weights:  86%|########5 | 251/292 [00:00<00:00, 486.79it/s, Materializing param=gpt_neox.layers.20.mlp.dense_4h_to_h.bias]
Loading weights:  86%|########6 | 252/292 [00:00<00:00, 486.79it/s, Materializing param=gpt_neox.layers.20.mlp.dense_4h_to_h.weight]
Loading weights:  86%|########6 | 252/292 [00:00<00:00, 486.79it/s, Materializing param=gpt_neox.layers.20.mlp.dense_4h_to_h.weight]
Loading weights:  87%|########6 | 253/292 [00:00<00:00, 486.79it/s, Materializing param=gpt_neox.layers.20.mlp.dense_h_to_4h.bias]  
Loading weights:  87%|########6 | 253/292 [00:00<00:00, 486.79it/s, Materializing param=gpt_neox.layers.20.mlp.dense_h_to_4h.bias]
Loading weights:  87%|########6 | 254/292 [00:00<00:00, 486.79it/s, Materializing param=gpt_neox.layers.20.mlp.dense_h_to_4h.weight]
Loading weights:  87%|########6 | 254/292 [00:00<00:00, 486.79it/s, Materializing param=gpt_neox.layers.20.mlp.dense_h_to_4h.weight]
Loading weights:  87%|########7 | 255/292 [00:00<00:00, 486.79it/s, Materializing param=gpt_neox.layers.20.post_attention_layernorm.bias]
Loading weights:  87%|########7 | 255/292 [00:00<00:00, 486.79it/s, Materializing param=gpt_neox.layers.20.post_attention_layernorm.bias]
Loading weights:  88%|########7 | 256/292 [00:00<00:00, 486.79it/s, Materializing param=gpt_neox.layers.20.post_attention_layernorm.weight]
Loading weights:  88%|########7 | 256/292 [00:00<00:00, 486.79it/s, Materializing param=gpt_neox.layers.20.post_attention_layernorm.weight]
Loading weights:  88%|########8 | 257/292 [00:00<00:00, 486.79it/s, Materializing param=gpt_neox.layers.21.attention.dense.bias]           
Loading weights:  88%|########8 | 257/292 [00:00<00:00, 486.79it/s, Materializing param=gpt_neox.layers.21.attention.dense.bias]
Loading weights:  88%|########8 | 258/292 [00:00<00:00, 486.79it/s, Materializing param=gpt_neox.layers.21.attention.dense.weight]
Loading weights:  88%|########8 | 258/292 [00:00<00:00, 486.79it/s, Materializing param=gpt_neox.layers.21.attention.dense.weight]
Loading weights:  89%|########8 | 259/292 [00:00<00:00, 486.79it/s, Materializing param=gpt_neox.layers.21.attention.query_key_value.bias]
Loading weights:  89%|########8 | 259/292 [00:00<00:00, 486.79it/s, Materializing param=gpt_neox.layers.21.attention.query_key_value.bias]
Loading weights:  89%|########9 | 260/292 [00:00<00:00, 486.79it/s, Materializing param=gpt_neox.layers.21.attention.query_key_value.weight]
Loading weights:  89%|########9 | 260/292 [00:00<00:00, 486.79it/s, Materializing param=gpt_neox.layers.21.attention.query_key_value.weight]
Loading weights:  89%|########9 | 261/292 [00:00<00:00, 486.79it/s, Materializing param=gpt_neox.layers.21.input_layernorm.bias]            
Loading weights:  89%|########9 | 261/292 [00:00<00:00, 486.79it/s, Materializing param=gpt_neox.layers.21.input_layernorm.bias]
Loading weights:  90%|########9 | 262/292 [00:00<00:00, 486.79it/s, Materializing param=gpt_neox.layers.21.input_layernorm.weight]
Loading weights:  90%|########9 | 262/292 [00:00<00:00, 486.79it/s, Materializing param=gpt_neox.layers.21.input_layernorm.weight]
Loading weights:  90%|######### | 263/292 [00:00<00:00, 486.79it/s, Materializing param=gpt_neox.layers.21.mlp.dense_4h_to_h.bias]
Loading weights:  90%|######### | 263/292 [00:00<00:00, 486.79it/s, Materializing param=gpt_neox.layers.21.mlp.dense_4h_to_h.bias]
Loading weights:  90%|######### | 264/292 [00:00<00:00, 486.79it/s, Materializing param=gpt_neox.layers.21.mlp.dense_4h_to_h.weight]
Loading weights:  90%|######### | 264/292 [00:00<00:00, 486.79it/s, Materializing param=gpt_neox.layers.21.mlp.dense_4h_to_h.weight]
Loading weights:  91%|######### | 265/292 [00:00<00:00, 486.79it/s, Materializing param=gpt_neox.layers.21.mlp.dense_h_to_4h.bias]  
Loading weights:  91%|######### | 265/292 [00:00<00:00, 486.79it/s, Materializing param=gpt_neox.layers.21.mlp.dense_h_to_4h.bias]
Loading weights:  91%|#########1| 266/292 [00:00<00:00, 486.79it/s, Materializing param=gpt_neox.layers.21.mlp.dense_h_to_4h.weight]
Loading weights:  91%|#########1| 266/292 [00:00<00:00, 486.79it/s, Materializing param=gpt_neox.layers.21.mlp.dense_h_to_4h.weight]
Loading weights:  91%|#########1| 267/292 [00:00<00:00, 486.79it/s, Materializing param=gpt_neox.layers.21.post_attention_layernorm.bias]
Loading weights:  91%|#########1| 267/292 [00:00<00:00, 486.79it/s, Materializing param=gpt_neox.layers.21.post_attention_layernorm.bias]
Loading weights:  92%|#########1| 268/292 [00:00<00:00, 486.79it/s, Materializing param=gpt_neox.layers.21.post_attention_layernorm.weight]
Loading weights:  92%|#########1| 268/292 [00:00<00:00, 486.79it/s, Materializing param=gpt_neox.layers.21.post_attention_layernorm.weight]
Loading weights:  92%|#########2| 269/292 [00:00<00:00, 486.79it/s, Materializing param=gpt_neox.layers.22.attention.dense.bias]           
Loading weights:  92%|#########2| 269/292 [00:00<00:00, 486.79it/s, Materializing param=gpt_neox.layers.22.attention.dense.bias]
Loading weights:  92%|#########2| 270/292 [00:00<00:00, 486.79it/s, Materializing param=gpt_neox.layers.22.attention.dense.weight]
Loading weights:  92%|#########2| 270/292 [00:00<00:00, 486.79it/s, Materializing param=gpt_neox.layers.22.attention.dense.weight]
Loading weights:  93%|#########2| 271/292 [00:00<00:00, 486.79it/s, Materializing param=gpt_neox.layers.22.attention.query_key_value.bias]
Loading weights:  93%|#########2| 271/292 [00:00<00:00, 486.79it/s, Materializing param=gpt_neox.layers.22.attention.query_key_value.bias]
Loading weights:  93%|#########3| 272/292 [00:00<00:00, 486.79it/s, Materializing param=gpt_neox.layers.22.attention.query_key_value.weight]
Loading weights:  93%|#########3| 272/292 [00:00<00:00, 486.79it/s, Materializing param=gpt_neox.layers.22.attention.query_key_value.weight]
Loading weights:  93%|#########3| 273/292 [00:00<00:00, 486.79it/s, Materializing param=gpt_neox.layers.22.input_layernorm.bias]            
Loading weights:  93%|#########3| 273/292 [00:00<00:00, 486.79it/s, Materializing param=gpt_neox.layers.22.input_layernorm.bias]
Loading weights:  94%|#########3| 274/292 [00:00<00:00, 486.79it/s, Materializing param=gpt_neox.layers.22.input_layernorm.weight]
Loading weights:  94%|#########3| 274/292 [00:00<00:00, 486.79it/s, Materializing param=gpt_neox.layers.22.input_layernorm.weight]
Loading weights:  94%|#########4| 275/292 [00:00<00:00, 486.79it/s, Materializing param=gpt_neox.layers.22.mlp.dense_4h_to_h.bias]
Loading weights:  94%|#########4| 275/292 [00:00<00:00, 486.79it/s, Materializing param=gpt_neox.layers.22.mlp.dense_4h_to_h.bias]
Loading weights:  95%|#########4| 276/292 [00:00<00:00, 486.79it/s, Materializing param=gpt_neox.layers.22.mlp.dense_4h_to_h.weight]
Loading weights:  95%|#########4| 276/292 [00:00<00:00, 486.79it/s, Materializing param=gpt_neox.layers.22.mlp.dense_4h_to_h.weight]
Loading weights:  95%|#########4| 277/292 [00:00<00:00, 486.79it/s, Materializing param=gpt_neox.layers.22.mlp.dense_h_to_4h.bias]  
Loading weights:  95%|#########4| 277/292 [00:00<00:00, 486.79it/s, Materializing param=gpt_neox.layers.22.mlp.dense_h_to_4h.bias]
Loading weights:  95%|#########5| 278/292 [00:00<00:00, 486.79it/s, Materializing param=gpt_neox.layers.22.mlp.dense_h_to_4h.weight]
Loading weights:  95%|#########5| 278/292 [00:00<00:00, 486.79it/s, Materializing param=gpt_neox.layers.22.mlp.dense_h_to_4h.weight]
Loading weights:  96%|#########5| 279/292 [00:00<00:00, 486.79it/s, Materializing param=gpt_neox.layers.22.post_attention_layernorm.bias]
Loading weights:  96%|#########5| 279/292 [00:00<00:00, 486.79it/s, Materializing param=gpt_neox.layers.22.post_attention_layernorm.bias]
Loading weights:  96%|#########5| 280/292 [00:00<00:00, 486.79it/s, Materializing param=gpt_neox.layers.22.post_attention_layernorm.weight]
Loading weights:  96%|#########5| 280/292 [00:00<00:00, 486.79it/s, Materializing param=gpt_neox.layers.22.post_attention_layernorm.weight]
Loading weights:  96%|#########6| 281/292 [00:00<00:00, 486.79it/s, Materializing param=gpt_neox.layers.23.attention.dense.bias]           
Loading weights:  96%|#########6| 281/292 [00:00<00:00, 486.79it/s, Materializing param=gpt_neox.layers.23.attention.dense.bias]
Loading weights:  97%|#########6| 282/292 [00:00<00:00, 486.79it/s, Materializing param=gpt_neox.layers.23.attention.dense.weight]
Loading weights:  97%|#########6| 282/292 [00:00<00:00, 486.79it/s, Materializing param=gpt_neox.layers.23.attention.dense.weight]
Loading weights:  97%|#########6| 283/292 [00:00<00:00, 486.79it/s, Materializing param=gpt_neox.layers.23.attention.query_key_value.bias]
Loading weights:  97%|#########6| 283/292 [00:00<00:00, 486.79it/s, Materializing param=gpt_neox.layers.23.attention.query_key_value.bias]
Loading weights:  97%|#########7| 284/292 [00:00<00:00, 486.79it/s, Materializing param=gpt_neox.layers.23.attention.query_key_value.weight]
Loading weights:  97%|#########7| 284/292 [00:00<00:00, 486.79it/s, Materializing param=gpt_neox.layers.23.attention.query_key_value.weight]
Loading weights:  98%|#########7| 285/292 [00:00<00:00, 486.79it/s, Materializing param=gpt_neox.layers.23.input_layernorm.bias]            
Loading weights:  98%|#########7| 285/292 [00:00<00:00, 486.79it/s, Materializing param=gpt_neox.layers.23.input_layernorm.bias]
Loading weights:  98%|#########7| 286/292 [00:00<00:00, 486.79it/s, Materializing param=gpt_neox.layers.23.input_layernorm.weight]
Loading weights:  98%|#########7| 286/292 [00:00<00:00, 486.79it/s, Materializing param=gpt_neox.layers.23.input_layernorm.weight]
Loading weights:  98%|#########8| 287/292 [00:00<00:00, 486.79it/s, Materializing param=gpt_neox.layers.23.mlp.dense_4h_to_h.bias]
Loading weights:  98%|#########8| 287/292 [00:00<00:00, 486.79it/s, Materializing param=gpt_neox.layers.23.mlp.dense_4h_to_h.bias]
Loading weights:  99%|#########8| 288/292 [00:00<00:00, 486.79it/s, Materializing param=gpt_neox.layers.23.mlp.dense_4h_to_h.weight]
Loading weights:  99%|#########8| 288/292 [00:00<00:00, 486.79it/s, Materializing param=gpt_neox.layers.23.mlp.dense_4h_to_h.weight]
Loading weights:  99%|#########8| 289/292 [00:00<00:00, 486.79it/s, Materializing param=gpt_neox.layers.23.mlp.dense_h_to_4h.bias]  
Loading weights:  99%|#########8| 289/292 [00:00<00:00, 486.79it/s, Materializing param=gpt_neox.layers.23.mlp.dense_h_to_4h.bias]
Loading weights:  99%|#########9| 290/292 [00:00<00:00, 486.79it/s, Materializing param=gpt_neox.layers.23.mlp.dense_h_to_4h.weight]
Loading weights:  99%|#########9| 290/292 [00:00<00:00, 486.79it/s, Materializing param=gpt_neox.layers.23.mlp.dense_h_to_4h.weight]
Loading weights: 100%|#########9| 291/292 [00:00<00:00, 486.79it/s, Materializing param=gpt_neox.layers.23.post_attention_layernorm.bias]
Loading weights: 100%|#########9| 291/292 [00:00<00:00, 486.79it/s, Materializing param=gpt_neox.layers.23.post_attention_layernorm.bias]
Loading weights: 100%|##########| 292/292 [00:00<00:00, 486.79it/s, Materializing param=gpt_neox.layers.23.post_attention_layernorm.weight]
Loading weights: 100%|##########| 292/292 [00:00<00:00, 486.79it/s, Materializing param=gpt_neox.layers.23.post_attention_layernorm.weight]
Loading weights: 100%|##########| 292/292 [00:00<00:00, 474.59it/s, Materializing param=gpt_neox.layers.23.post_attention_layernorm.weight]

Loading weights:   0%|          | 0/292 [00:00<?, ?it/s]
Loading weights:   0%|          | 1/292 [00:00<00:00, 19878.22it/s, Materializing param=embed_out.weight]
Loading weights:   0%|          | 1/292 [00:00<00:00, 5683.34it/s, Materializing param=embed_out.weight] 
Loading weights:   1%|          | 2/292 [00:00<00:01, 221.13it/s, Materializing param=gpt_neox.embed_in.weight]
Loading weights:   1%|          | 2/292 [00:00<00:01, 207.27it/s, Materializing param=gpt_neox.embed_in.weight]
Loading weights:   1%|1         | 3/292 [00:00<00:00, 299.44it/s, Materializing param=gpt_neox.final_layer_norm.bias]
Loading weights:   1%|1         | 3/292 [00:00<00:00, 295.91it/s, Materializing param=gpt_neox.final_layer_norm.bias]
Loading weights:   1%|1         | 4/292 [00:00<00:00, 386.42it/s, Materializing param=gpt_neox.final_layer_norm.weight]
Loading weights:   1%|1         | 4/292 [00:00<00:00, 383.76it/s, Materializing param=gpt_neox.final_layer_norm.weight]
Loading weights:   2%|1         | 5/292 [00:00<00:00, 472.77it/s, Materializing param=gpt_neox.layers.0.attention.dense.bias]
Loading weights:   2%|1         | 5/292 [00:00<00:00, 469.95it/s, Materializing param=gpt_neox.layers.0.attention.dense.bias]
Loading weights:   2%|2         | 6/292 [00:00<00:00, 542.30it/s, Materializing param=gpt_neox.layers.0.attention.dense.weight]
Loading weights:   2%|2         | 6/292 [00:00<00:00, 537.15it/s, Materializing param=gpt_neox.layers.0.attention.dense.weight]
Loading weights:   2%|2         | 7/292 [00:00<00:00, 615.89it/s, Materializing param=gpt_neox.layers.0.attention.query_key_value.bias]
Loading weights:   2%|2         | 7/292 [00:00<00:00, 611.87it/s, Materializing param=gpt_neox.layers.0.attention.query_key_value.bias]
Loading weights:   3%|2         | 8/292 [00:00<00:00, 687.52it/s, Materializing param=gpt_neox.layers.0.attention.query_key_value.weight]
Loading weights:   3%|2         | 8/292 [00:00<00:00, 681.65it/s, Materializing param=gpt_neox.layers.0.attention.query_key_value.weight]
Loading weights:   3%|3         | 9/292 [00:00<00:00, 751.86it/s, Materializing param=gpt_neox.layers.0.input_layernorm.bias]            
Loading weights:   3%|3         | 9/292 [00:00<00:00, 747.66it/s, Materializing param=gpt_neox.layers.0.input_layernorm.bias]
Loading weights:   3%|3         | 10/292 [00:00<00:00, 821.27it/s, Materializing param=gpt_neox.layers.0.input_layernorm.weight]
Loading weights:   3%|3         | 10/292 [00:00<00:00, 816.95it/s, Materializing param=gpt_neox.layers.0.input_layernorm.weight]
Loading weights:   4%|3         | 11/292 [00:00<00:00, 888.97it/s, Materializing param=gpt_neox.layers.0.mlp.dense_4h_to_h.bias]
Loading weights:   4%|3         | 11/292 [00:00<00:00, 884.16it/s, Materializing param=gpt_neox.layers.0.mlp.dense_4h_to_h.bias]
Loading weights:   4%|4         | 12/292 [00:00<00:00, 953.16it/s, Materializing param=gpt_neox.layers.0.mlp.dense_4h_to_h.weight]
Loading weights:   4%|4         | 12/292 [00:00<00:00, 948.15it/s, Materializing param=gpt_neox.layers.0.mlp.dense_4h_to_h.weight]
Loading weights:   4%|4         | 13/292 [00:00<00:00, 747.35it/s, Materializing param=gpt_neox.layers.0.mlp.dense_h_to_4h.bias]  
Loading weights:   4%|4         | 13/292 [00:00<00:00, 735.43it/s, Materializing param=gpt_neox.layers.0.mlp.dense_h_to_4h.bias]
Loading weights:   5%|4         | 14/292 [00:00<00:00, 780.57it/s, Materializing param=gpt_neox.layers.0.mlp.dense_h_to_4h.weight]
Loading weights:   5%|4         | 14/292 [00:00<00:00, 767.51it/s, Materializing param=gpt_neox.layers.0.mlp.dense_h_to_4h.weight]
Loading weights:   5%|5         | 15/292 [00:00<00:01, 197.99it/s, Materializing param=gpt_neox.layers.0.post_attention_layernorm.bias]
Loading weights:   5%|5         | 15/292 [00:00<00:01, 197.45it/s, Materializing param=gpt_neox.layers.0.post_attention_layernorm.bias]
Loading weights:   5%|5         | 16/292 [00:00<00:01, 206.91it/s, Materializing param=gpt_neox.layers.0.post_attention_layernorm.weight]
Loading weights:   5%|5         | 16/292 [00:00<00:01, 206.36it/s, Materializing param=gpt_neox.layers.0.post_attention_layernorm.weight]
Loading weights:   6%|5         | 17/292 [00:00<00:01, 218.68it/s, Materializing param=gpt_neox.layers.1.attention.dense.bias]           
Loading weights:   6%|5         | 17/292 [00:00<00:01, 218.41it/s, Materializing param=gpt_neox.layers.1.attention.dense.bias]
Loading weights:   6%|6         | 18/292 [00:00<00:01, 230.77it/s, Materializing param=gpt_neox.layers.1.attention.dense.weight]
Loading weights:   6%|6         | 18/292 [00:00<00:01, 230.57it/s, Materializing param=gpt_neox.layers.1.attention.dense.weight]
Loading weights:   7%|6         | 19/292 [00:00<00:01, 242.92it/s, Materializing param=gpt_neox.layers.1.attention.query_key_value.bias]
Loading weights:   7%|6         | 19/292 [00:00<00:01, 242.24it/s, Materializing param=gpt_neox.layers.1.attention.query_key_value.bias]
Loading weights:   7%|6         | 20/292 [00:00<00:01, 254.43it/s, Materializing param=gpt_neox.layers.1.attention.query_key_value.weight]
Loading weights:   7%|6         | 20/292 [00:00<00:01, 253.55it/s, Materializing param=gpt_neox.layers.1.attention.query_key_value.weight]
Loading weights:   7%|7         | 21/292 [00:00<00:01, 265.09it/s, Materializing param=gpt_neox.layers.1.input_layernorm.bias]            
Loading weights:   7%|7         | 21/292 [00:00<00:01, 264.83it/s, Materializing param=gpt_neox.layers.1.input_layernorm.bias]
Loading weights:   8%|7         | 22/292 [00:00<00:00, 276.92it/s, Materializing param=gpt_neox.layers.1.input_layernorm.weight]
Loading weights:   8%|7         | 22/292 [00:00<00:00, 276.51it/s, Materializing param=gpt_neox.layers.1.input_layernorm.weight]
Loading weights:   8%|7         | 23/292 [00:00<00:00, 288.62it/s, Materializing param=gpt_neox.layers.1.mlp.dense_4h_to_h.bias]
Loading weights:   8%|7         | 23/292 [00:00<00:00, 288.39it/s, Materializing param=gpt_neox.layers.1.mlp.dense_4h_to_h.bias]
Loading weights:   8%|8         | 24/292 [00:00<00:00, 300.50it/s, Materializing param=gpt_neox.layers.1.mlp.dense_4h_to_h.weight]
Loading weights:   8%|8         | 24/292 [00:00<00:00, 300.27it/s, Materializing param=gpt_neox.layers.1.mlp.dense_4h_to_h.weight]
Loading weights:   9%|8         | 25/292 [00:00<00:01, 238.16it/s, Materializing param=gpt_neox.layers.1.mlp.dense_4h_to_h.weight]
Loading weights:   9%|8         | 25/292 [00:00<00:01, 238.16it/s, Materializing param=gpt_neox.layers.1.mlp.dense_h_to_4h.bias]  
Loading weights:   9%|8         | 25/292 [00:00<00:01, 238.16it/s, Materializing param=gpt_neox.layers.1.mlp.dense_h_to_4h.bias]
Loading weights:   9%|8         | 26/292 [00:00<00:01, 238.16it/s, Materializing param=gpt_neox.layers.1.mlp.dense_h_to_4h.weight]
Loading weights:   9%|8         | 26/292 [00:00<00:01, 238.16it/s, Materializing param=gpt_neox.layers.1.mlp.dense_h_to_4h.weight]
Loading weights:   9%|9         | 27/292 [00:00<00:01, 238.16it/s, Materializing param=gpt_neox.layers.1.post_attention_layernorm.bias]
Loading weights:   9%|9         | 27/292 [00:00<00:01, 238.16it/s, Materializing param=gpt_neox.layers.1.post_attention_layernorm.bias]
Loading weights:  10%|9         | 28/292 [00:00<00:01, 238.16it/s, Materializing param=gpt_neox.layers.1.post_attention_layernorm.weight]
Loading weights:  10%|9         | 28/292 [00:00<00:01, 238.16it/s, Materializing param=gpt_neox.layers.1.post_attention_layernorm.weight]
Loading weights:  10%|9         | 29/292 [00:00<00:01, 238.16it/s, Materializing param=gpt_neox.layers.2.attention.dense.bias]           
Loading weights:  10%|9         | 29/292 [00:00<00:01, 238.16it/s, Materializing param=gpt_neox.layers.2.attention.dense.bias]
Loading weights:  10%|#         | 30/292 [00:00<00:01, 238.16it/s, Materializing param=gpt_neox.layers.2.attention.dense.weight]
Loading weights:  10%|#         | 30/292 [00:00<00:01, 238.16it/s, Materializing param=gpt_neox.layers.2.attention.dense.weight]
Loading weights:  11%|#         | 31/292 [00:00<00:01, 238.16it/s, Materializing param=gpt_neox.layers.2.attention.query_key_value.bias]
Loading weights:  11%|#         | 31/292 [00:00<00:01, 238.16it/s, Materializing param=gpt_neox.layers.2.attention.query_key_value.bias]
Loading weights:  11%|#         | 32/292 [00:00<00:01, 238.16it/s, Materializing param=gpt_neox.layers.2.attention.query_key_value.weight]
Loading weights:  11%|#         | 32/292 [00:00<00:01, 238.16it/s, Materializing param=gpt_neox.layers.2.attention.query_key_value.weight]
Loading weights:  11%|#1        | 33/292 [00:00<00:01, 238.16it/s, Materializing param=gpt_neox.layers.2.input_layernorm.bias]            
Loading weights:  11%|#1        | 33/292 [00:00<00:01, 238.16it/s, Materializing param=gpt_neox.layers.2.input_layernorm.bias]
Loading weights:  12%|#1        | 34/292 [00:00<00:01, 238.16it/s, Materializing param=gpt_neox.layers.2.input_layernorm.weight]
Loading weights:  12%|#1        | 34/292 [00:00<00:01, 238.16it/s, Materializing param=gpt_neox.layers.2.input_layernorm.weight]
Loading weights:  12%|#1        | 35/292 [00:00<00:01, 238.16it/s, Materializing param=gpt_neox.layers.2.mlp.dense_4h_to_h.bias]
Loading weights:  12%|#1        | 35/292 [00:00<00:01, 238.16it/s, Materializing param=gpt_neox.layers.2.mlp.dense_4h_to_h.bias]
Loading weights:  12%|#2        | 36/292 [00:00<00:01, 238.16it/s, Materializing param=gpt_neox.layers.2.mlp.dense_4h_to_h.weight]
Loading weights:  12%|#2        | 36/292 [00:00<00:01, 238.16it/s, Materializing param=gpt_neox.layers.2.mlp.dense_4h_to_h.weight]
Loading weights:  13%|#2        | 37/292 [00:00<00:01, 238.16it/s, Materializing param=gpt_neox.layers.2.mlp.dense_h_to_4h.bias]  
Loading weights:  13%|#2        | 37/292 [00:00<00:01, 238.16it/s, Materializing param=gpt_neox.layers.2.mlp.dense_h_to_4h.bias]
Loading weights:  13%|#3        | 38/292 [00:00<00:01, 238.16it/s, Materializing param=gpt_neox.layers.2.mlp.dense_h_to_4h.weight]
Loading weights:  13%|#3        | 38/292 [00:00<00:01, 238.16it/s, Materializing param=gpt_neox.layers.2.mlp.dense_h_to_4h.weight]
Loading weights:  13%|#3        | 39/292 [00:00<00:01, 238.16it/s, Materializing param=gpt_neox.layers.2.post_attention_layernorm.bias]
Loading weights:  13%|#3        | 39/292 [00:00<00:01, 238.16it/s, Materializing param=gpt_neox.layers.2.post_attention_layernorm.bias]
Loading weights:  14%|#3        | 40/292 [00:00<00:01, 238.16it/s, Materializing param=gpt_neox.layers.2.post_attention_layernorm.weight]
Loading weights:  14%|#3        | 40/292 [00:00<00:01, 238.16it/s, Materializing param=gpt_neox.layers.2.post_attention_layernorm.weight]
Loading weights:  14%|#4        | 41/292 [00:00<00:01, 238.16it/s, Materializing param=gpt_neox.layers.3.attention.dense.bias]           
Loading weights:  14%|#4        | 41/292 [00:00<00:01, 238.16it/s, Materializing param=gpt_neox.layers.3.attention.dense.bias]
Loading weights:  14%|#4        | 42/292 [00:00<00:01, 238.16it/s, Materializing param=gpt_neox.layers.3.attention.dense.weight]
Loading weights:  14%|#4        | 42/292 [00:00<00:01, 238.16it/s, Materializing param=gpt_neox.layers.3.attention.dense.weight]
Loading weights:  15%|#4        | 43/292 [00:00<00:01, 238.16it/s, Materializing param=gpt_neox.layers.3.attention.query_key_value.bias]
Loading weights:  15%|#4        | 43/292 [00:00<00:01, 238.16it/s, Materializing param=gpt_neox.layers.3.attention.query_key_value.bias]
Loading weights:  15%|#5        | 44/292 [00:00<00:01, 238.16it/s, Materializing param=gpt_neox.layers.3.attention.query_key_value.weight]
Loading weights:  15%|#5        | 44/292 [00:00<00:01, 238.16it/s, Materializing param=gpt_neox.layers.3.attention.query_key_value.weight]
Loading weights:  15%|#5        | 45/292 [00:00<00:01, 238.16it/s, Materializing param=gpt_neox.layers.3.input_layernorm.bias]            
Loading weights:  15%|#5        | 45/292 [00:00<00:01, 238.16it/s, Materializing param=gpt_neox.layers.3.input_layernorm.bias]
Loading weights:  16%|#5        | 46/292 [00:00<00:01, 238.16it/s, Materializing param=gpt_neox.layers.3.input_layernorm.weight]
Loading weights:  16%|#5        | 46/292 [00:00<00:01, 238.16it/s, Materializing param=gpt_neox.layers.3.input_layernorm.weight]
Loading weights:  16%|#6        | 47/292 [00:00<00:01, 238.16it/s, Materializing param=gpt_neox.layers.3.mlp.dense_4h_to_h.bias]
Loading weights:  16%|#6        | 47/292 [00:00<00:01, 238.16it/s, Materializing param=gpt_neox.layers.3.mlp.dense_4h_to_h.bias]
Loading weights:  16%|#6        | 48/292 [00:00<00:01, 238.16it/s, Materializing param=gpt_neox.layers.3.mlp.dense_4h_to_h.weight]
Loading weights:  16%|#6        | 48/292 [00:00<00:01, 238.16it/s, Materializing param=gpt_neox.layers.3.mlp.dense_4h_to_h.weight]
Loading weights:  17%|#6        | 49/292 [00:00<00:01, 238.16it/s, Materializing param=gpt_neox.layers.3.mlp.dense_h_to_4h.bias]  
Loading weights:  17%|#6        | 49/292 [00:00<00:01, 238.16it/s, Materializing param=gpt_neox.layers.3.mlp.dense_h_to_4h.bias]
Loading weights:  17%|#7        | 50/292 [00:00<00:01, 238.16it/s, Materializing param=gpt_neox.layers.3.mlp.dense_h_to_4h.weight]
Loading weights:  17%|#7        | 50/292 [00:00<00:01, 238.16it/s, Materializing param=gpt_neox.layers.3.mlp.dense_h_to_4h.weight]
Loading weights:  17%|#7        | 51/292 [00:00<00:01, 238.16it/s, Materializing param=gpt_neox.layers.3.post_attention_layernorm.bias]
Loading weights:  17%|#7        | 51/292 [00:00<00:01, 238.16it/s, Materializing param=gpt_neox.layers.3.post_attention_layernorm.bias]
Loading weights:  18%|#7        | 52/292 [00:00<00:01, 238.16it/s, Materializing param=gpt_neox.layers.3.post_attention_layernorm.weight]
Loading weights:  18%|#7        | 52/292 [00:00<00:01, 238.16it/s, Materializing param=gpt_neox.layers.3.post_attention_layernorm.weight]
Loading weights:  18%|#8        | 53/292 [00:00<00:01, 238.16it/s, Materializing param=gpt_neox.layers.4.attention.dense.bias]           
Loading weights:  18%|#8        | 53/292 [00:00<00:01, 238.16it/s, Materializing param=gpt_neox.layers.4.attention.dense.bias]
Loading weights:  18%|#8        | 54/292 [00:00<00:00, 238.16it/s, Materializing param=gpt_neox.layers.4.attention.dense.weight]
Loading weights:  18%|#8        | 54/292 [00:00<00:00, 238.16it/s, Materializing param=gpt_neox.layers.4.attention.dense.weight]
Loading weights:  19%|#8        | 55/292 [00:00<00:00, 238.16it/s, Materializing param=gpt_neox.layers.4.attention.query_key_value.bias]
Loading weights:  19%|#8        | 55/292 [00:00<00:00, 238.16it/s, Materializing param=gpt_neox.layers.4.attention.query_key_value.bias]
Loading weights:  19%|#9        | 56/292 [00:00<00:00, 279.37it/s, Materializing param=gpt_neox.layers.4.attention.query_key_value.bias]
Loading weights:  19%|#9        | 56/292 [00:00<00:00, 279.37it/s, Materializing param=gpt_neox.layers.4.attention.query_key_value.weight]
Loading weights:  19%|#9        | 56/292 [00:00<00:00, 279.37it/s, Materializing param=gpt_neox.layers.4.attention.query_key_value.weight]
Loading weights:  20%|#9        | 57/292 [00:00<00:00, 279.37it/s, Materializing param=gpt_neox.layers.4.input_layernorm.bias]            
Loading weights:  20%|#9        | 57/292 [00:00<00:00, 279.37it/s, Materializing param=gpt_neox.layers.4.input_layernorm.bias]
Loading weights:  20%|#9        | 58/292 [00:00<00:00, 279.37it/s, Materializing param=gpt_neox.layers.4.input_layernorm.weight]
Loading weights:  20%|#9        | 58/292 [00:00<00:00, 279.37it/s, Materializing param=gpt_neox.layers.4.input_layernorm.weight]
Loading weights:  20%|##        | 59/292 [00:00<00:00, 279.37it/s, Materializing param=gpt_neox.layers.4.mlp.dense_4h_to_h.bias]
Loading weights:  20%|##        | 59/292 [00:00<00:00, 279.37it/s, Materializing param=gpt_neox.layers.4.mlp.dense_4h_to_h.bias]
Loading weights:  21%|##        | 60/292 [00:00<00:00, 279.37it/s, Materializing param=gpt_neox.layers.4.mlp.dense_4h_to_h.weight]
Loading weights:  21%|##        | 60/292 [00:00<00:00, 279.37it/s, Materializing param=gpt_neox.layers.4.mlp.dense_4h_to_h.weight]
Loading weights:  21%|##        | 61/292 [00:00<00:00, 279.37it/s, Materializing param=gpt_neox.layers.4.mlp.dense_h_to_4h.bias]  
Loading weights:  21%|##        | 61/292 [00:00<00:00, 279.37it/s, Materializing param=gpt_neox.layers.4.mlp.dense_h_to_4h.bias]
Loading weights:  21%|##1       | 62/292 [00:00<00:00, 279.37it/s, Materializing param=gpt_neox.layers.4.mlp.dense_h_to_4h.weight]
Loading weights:  21%|##1       | 62/292 [00:00<00:00, 279.37it/s, Materializing param=gpt_neox.layers.4.mlp.dense_h_to_4h.weight]
Loading weights:  22%|##1       | 63/292 [00:00<00:00, 279.37it/s, Materializing param=gpt_neox.layers.4.post_attention_layernorm.bias]
Loading weights:  22%|##1       | 63/292 [00:00<00:00, 279.37it/s, Materializing param=gpt_neox.layers.4.post_attention_layernorm.bias]
Loading weights:  22%|##1       | 64/292 [00:00<00:00, 279.37it/s, Materializing param=gpt_neox.layers.4.post_attention_layernorm.weight]
Loading weights:  22%|##1       | 64/292 [00:00<00:00, 279.37it/s, Materializing param=gpt_neox.layers.4.post_attention_layernorm.weight]
Loading weights:  22%|##2       | 65/292 [00:00<00:00, 279.37it/s, Materializing param=gpt_neox.layers.5.attention.dense.bias]           
Loading weights:  22%|##2       | 65/292 [00:00<00:00, 279.37it/s, Materializing param=gpt_neox.layers.5.attention.dense.bias]
Loading weights:  23%|##2       | 66/292 [00:00<00:00, 279.37it/s, Materializing param=gpt_neox.layers.5.attention.dense.weight]
Loading weights:  23%|##2       | 66/292 [00:00<00:00, 279.37it/s, Materializing param=gpt_neox.layers.5.attention.dense.weight]
Loading weights:  23%|##2       | 67/292 [00:00<00:00, 279.37it/s, Materializing param=gpt_neox.layers.5.attention.query_key_value.bias]
Loading weights:  23%|##2       | 67/292 [00:00<00:00, 279.37it/s, Materializing param=gpt_neox.layers.5.attention.query_key_value.bias]
Loading weights:  23%|##3       | 68/292 [00:00<00:00, 279.37it/s, Materializing param=gpt_neox.layers.5.attention.query_key_value.weight]
Loading weights:  23%|##3       | 68/292 [00:00<00:00, 279.37it/s, Materializing param=gpt_neox.layers.5.attention.query_key_value.weight]
Loading weights:  24%|##3       | 69/292 [00:00<00:00, 279.37it/s, Materializing param=gpt_neox.layers.5.input_layernorm.bias]            
Loading weights:  24%|##3       | 69/292 [00:00<00:00, 279.37it/s, Materializing param=gpt_neox.layers.5.input_layernorm.bias]
Loading weights:  24%|##3       | 70/292 [00:00<00:00, 279.37it/s, Materializing param=gpt_neox.layers.5.input_layernorm.weight]
Loading weights:  24%|##3       | 70/292 [00:00<00:00, 279.37it/s, Materializing param=gpt_neox.layers.5.input_layernorm.weight]
Loading weights:  24%|##4       | 71/292 [00:00<00:00, 279.37it/s, Materializing param=gpt_neox.layers.5.mlp.dense_4h_to_h.bias]
Loading weights:  24%|##4       | 71/292 [00:00<00:00, 279.37it/s, Materializing param=gpt_neox.layers.5.mlp.dense_4h_to_h.bias]
Loading weights:  25%|##4       | 72/292 [00:00<00:00, 279.37it/s, Materializing param=gpt_neox.layers.5.mlp.dense_4h_to_h.weight]
Loading weights:  25%|##4       | 72/292 [00:00<00:00, 279.37it/s, Materializing param=gpt_neox.layers.5.mlp.dense_4h_to_h.weight]
Loading weights:  25%|##5       | 73/292 [00:00<00:00, 279.37it/s, Materializing param=gpt_neox.layers.5.mlp.dense_h_to_4h.bias]  
Loading weights:  25%|##5       | 73/292 [00:00<00:00, 279.37it/s, Materializing param=gpt_neox.layers.5.mlp.dense_h_to_4h.bias]
Loading weights:  25%|##5       | 74/292 [00:00<00:00, 279.37it/s, Materializing param=gpt_neox.layers.5.mlp.dense_h_to_4h.weight]
Loading weights:  25%|##5       | 74/292 [00:00<00:00, 279.37it/s, Materializing param=gpt_neox.layers.5.mlp.dense_h_to_4h.weight]
Loading weights:  26%|##5       | 75/292 [00:00<00:00, 279.37it/s, Materializing param=gpt_neox.layers.5.post_attention_layernorm.bias]
Loading weights:  26%|##5       | 75/292 [00:00<00:00, 279.37it/s, Materializing param=gpt_neox.layers.5.post_attention_layernorm.bias]
Loading weights:  26%|##6       | 76/292 [00:00<00:00, 279.37it/s, Materializing param=gpt_neox.layers.5.post_attention_layernorm.weight]
Loading weights:  26%|##6       | 76/292 [00:00<00:00, 279.37it/s, Materializing param=gpt_neox.layers.5.post_attention_layernorm.weight]
Loading weights:  26%|##6       | 77/292 [00:00<00:00, 279.37it/s, Materializing param=gpt_neox.layers.6.attention.dense.bias]           
Loading weights:  26%|##6       | 77/292 [00:00<00:00, 279.37it/s, Materializing param=gpt_neox.layers.6.attention.dense.bias]
Loading weights:  27%|##6       | 78/292 [00:00<00:00, 279.37it/s, Materializing param=gpt_neox.layers.6.attention.dense.weight]
Loading weights:  27%|##6       | 78/292 [00:00<00:00, 279.37it/s, Materializing param=gpt_neox.layers.6.attention.dense.weight]
Loading weights:  27%|##7       | 79/292 [00:00<00:00, 279.37it/s, Materializing param=gpt_neox.layers.6.attention.query_key_value.bias]
Loading weights:  27%|##7       | 79/292 [00:00<00:00, 279.37it/s, Materializing param=gpt_neox.layers.6.attention.query_key_value.bias]
Loading weights:  27%|##7       | 80/292 [00:00<00:00, 279.37it/s, Materializing param=gpt_neox.layers.6.attention.query_key_value.weight]
Loading weights:  27%|##7       | 80/292 [00:00<00:00, 279.37it/s, Materializing param=gpt_neox.layers.6.attention.query_key_value.weight]
Loading weights:  28%|##7       | 81/292 [00:00<00:00, 279.37it/s, Materializing param=gpt_neox.layers.6.input_layernorm.bias]            
Loading weights:  28%|##7       | 81/292 [00:00<00:00, 279.37it/s, Materializing param=gpt_neox.layers.6.input_layernorm.bias]
Loading weights:  28%|##8       | 82/292 [00:00<00:00, 279.37it/s, Materializing param=gpt_neox.layers.6.input_layernorm.weight]
Loading weights:  28%|##8       | 82/292 [00:00<00:00, 279.37it/s, Materializing param=gpt_neox.layers.6.input_layernorm.weight]
Loading weights:  28%|##8       | 83/292 [00:00<00:00, 279.37it/s, Materializing param=gpt_neox.layers.6.mlp.dense_4h_to_h.bias]
Loading weights:  28%|##8       | 83/292 [00:00<00:00, 279.37it/s, Materializing param=gpt_neox.layers.6.mlp.dense_4h_to_h.bias]
Loading weights:  29%|##8       | 84/292 [00:00<00:00, 279.37it/s, Materializing param=gpt_neox.layers.6.mlp.dense_4h_to_h.weight]
Loading weights:  29%|##8       | 84/292 [00:00<00:00, 279.37it/s, Materializing param=gpt_neox.layers.6.mlp.dense_4h_to_h.weight]
Loading weights:  29%|##9       | 85/292 [00:00<00:00, 279.37it/s, Materializing param=gpt_neox.layers.6.mlp.dense_h_to_4h.bias]  
Loading weights:  29%|##9       | 85/292 [00:00<00:00, 279.37it/s, Materializing param=gpt_neox.layers.6.mlp.dense_h_to_4h.bias]
Loading weights:  29%|##9       | 86/292 [00:00<00:00, 279.37it/s, Materializing param=gpt_neox.layers.6.mlp.dense_h_to_4h.weight]
Loading weights:  29%|##9       | 86/292 [00:00<00:00, 279.37it/s, Materializing param=gpt_neox.layers.6.mlp.dense_h_to_4h.weight]
Loading weights:  30%|##9       | 87/292 [00:00<00:00, 279.37it/s, Materializing param=gpt_neox.layers.6.post_attention_layernorm.bias]
Loading weights:  30%|##9       | 87/292 [00:00<00:00, 279.37it/s, Materializing param=gpt_neox.layers.6.post_attention_layernorm.bias]
Loading weights:  30%|###       | 88/292 [00:00<00:00, 279.37it/s, Materializing param=gpt_neox.layers.6.post_attention_layernorm.weight]
Loading weights:  30%|###       | 88/292 [00:00<00:00, 279.37it/s, Materializing param=gpt_neox.layers.6.post_attention_layernorm.weight]
Loading weights:  30%|###       | 89/292 [00:00<00:00, 279.37it/s, Materializing param=gpt_neox.layers.7.attention.dense.bias]           
Loading weights:  30%|###       | 89/292 [00:00<00:00, 279.37it/s, Materializing param=gpt_neox.layers.7.attention.dense.bias]
Loading weights:  31%|###       | 90/292 [00:00<00:00, 279.37it/s, Materializing param=gpt_neox.layers.7.attention.dense.weight]
Loading weights:  31%|###       | 90/292 [00:00<00:00, 279.37it/s, Materializing param=gpt_neox.layers.7.attention.dense.weight]
Loading weights:  31%|###1      | 91/292 [00:00<00:00, 279.37it/s, Materializing param=gpt_neox.layers.7.attention.query_key_value.bias]
Loading weights:  31%|###1      | 91/292 [00:00<00:00, 279.37it/s, Materializing param=gpt_neox.layers.7.attention.query_key_value.bias]
Loading weights:  32%|###1      | 92/292 [00:00<00:00, 279.37it/s, Materializing param=gpt_neox.layers.7.attention.query_key_value.weight]
Loading weights:  32%|###1      | 92/292 [00:00<00:00, 279.37it/s, Materializing param=gpt_neox.layers.7.attention.query_key_value.weight]
Loading weights:  32%|###1      | 93/292 [00:00<00:00, 308.63it/s, Materializing param=gpt_neox.layers.7.attention.query_key_value.weight]
Loading weights:  32%|###1      | 93/292 [00:00<00:00, 308.63it/s, Materializing param=gpt_neox.layers.7.input_layernorm.bias]            
Loading weights:  32%|###1      | 93/292 [00:00<00:00, 308.63it/s, Materializing param=gpt_neox.layers.7.input_layernorm.bias]
Loading weights:  32%|###2      | 94/292 [00:00<00:00, 308.63it/s, Materializing param=gpt_neox.layers.7.input_layernorm.weight]
Loading weights:  32%|###2      | 94/292 [00:00<00:00, 308.63it/s, Materializing param=gpt_neox.layers.7.input_layernorm.weight]
Loading weights:  33%|###2      | 95/292 [00:00<00:00, 308.63it/s, Materializing param=gpt_neox.layers.7.mlp.dense_4h_to_h.bias]
Loading weights:  33%|###2      | 95/292 [00:00<00:00, 308.63it/s, Materializing param=gpt_neox.layers.7.mlp.dense_4h_to_h.bias]
Loading weights:  33%|###2      | 96/292 [00:00<00:00, 308.63it/s, Materializing param=gpt_neox.layers.7.mlp.dense_4h_to_h.weight]
Loading weights:  33%|###2      | 96/292 [00:00<00:00, 308.63it/s, Materializing param=gpt_neox.layers.7.mlp.dense_4h_to_h.weight]
Loading weights:  33%|###3      | 97/292 [00:00<00:00, 308.63it/s, Materializing param=gpt_neox.layers.7.mlp.dense_h_to_4h.bias]  
Loading weights:  33%|###3      | 97/292 [00:00<00:00, 308.63it/s, Materializing param=gpt_neox.layers.7.mlp.dense_h_to_4h.bias]
Loading weights:  34%|###3      | 98/292 [00:00<00:00, 308.63it/s, Materializing param=gpt_neox.layers.7.mlp.dense_h_to_4h.weight]
Loading weights:  34%|###3      | 98/292 [00:00<00:00, 308.63it/s, Materializing param=gpt_neox.layers.7.mlp.dense_h_to_4h.weight]
Loading weights:  34%|###3      | 99/292 [00:00<00:00, 308.63it/s, Materializing param=gpt_neox.layers.7.post_attention_layernorm.bias]
Loading weights:  34%|###3      | 99/292 [00:00<00:00, 308.63it/s, Materializing param=gpt_neox.layers.7.post_attention_layernorm.bias]
Loading weights:  34%|###4      | 100/292 [00:00<00:00, 308.63it/s, Materializing param=gpt_neox.layers.7.post_attention_layernorm.weight]
Loading weights:  34%|###4      | 100/292 [00:00<00:00, 308.63it/s, Materializing param=gpt_neox.layers.7.post_attention_layernorm.weight]
Loading weights:  35%|###4      | 101/292 [00:00<00:00, 308.63it/s, Materializing param=gpt_neox.layers.8.attention.dense.bias]           
Loading weights:  35%|###4      | 101/292 [00:00<00:00, 308.63it/s, Materializing param=gpt_neox.layers.8.attention.dense.bias]
Loading weights:  35%|###4      | 102/292 [00:00<00:00, 308.63it/s, Materializing param=gpt_neox.layers.8.attention.dense.weight]
Loading weights:  35%|###4      | 102/292 [00:00<00:00, 308.63it/s, Materializing param=gpt_neox.layers.8.attention.dense.weight]
Loading weights:  35%|###5      | 103/292 [00:00<00:00, 308.63it/s, Materializing param=gpt_neox.layers.8.attention.query_key_value.bias]
Loading weights:  35%|###5      | 103/292 [00:00<00:00, 308.63it/s, Materializing param=gpt_neox.layers.8.attention.query_key_value.bias]
Loading weights:  36%|###5      | 104/292 [00:00<00:00, 308.63it/s, Materializing param=gpt_neox.layers.8.attention.query_key_value.weight]
Loading weights:  36%|###5      | 104/292 [00:00<00:00, 308.63it/s, Materializing param=gpt_neox.layers.8.attention.query_key_value.weight]
Loading weights:  36%|###5      | 105/292 [00:00<00:00, 308.63it/s, Materializing param=gpt_neox.layers.8.input_layernorm.bias]            
Loading weights:  36%|###5      | 105/292 [00:00<00:00, 308.63it/s, Materializing param=gpt_neox.layers.8.input_layernorm.bias]
Loading weights:  36%|###6      | 106/292 [00:00<00:00, 308.63it/s, Materializing param=gpt_neox.layers.8.input_layernorm.weight]
Loading weights:  36%|###6      | 106/292 [00:00<00:00, 308.63it/s, Materializing param=gpt_neox.layers.8.input_layernorm.weight]
Loading weights:  37%|###6      | 107/292 [00:00<00:00, 308.63it/s, Materializing param=gpt_neox.layers.8.mlp.dense_4h_to_h.bias]
Loading weights:  37%|###6      | 107/292 [00:00<00:00, 308.63it/s, Materializing param=gpt_neox.layers.8.mlp.dense_4h_to_h.bias]
Loading weights:  37%|###6      | 108/292 [00:00<00:00, 308.63it/s, Materializing param=gpt_neox.layers.8.mlp.dense_4h_to_h.weight]
Loading weights:  37%|###6      | 108/292 [00:00<00:00, 308.63it/s, Materializing param=gpt_neox.layers.8.mlp.dense_4h_to_h.weight]
Loading weights:  37%|###7      | 109/292 [00:00<00:00, 308.63it/s, Materializing param=gpt_neox.layers.8.mlp.dense_h_to_4h.bias]  
Loading weights:  37%|###7      | 109/292 [00:00<00:00, 308.63it/s, Materializing param=gpt_neox.layers.8.mlp.dense_h_to_4h.bias]
Loading weights:  38%|###7      | 110/292 [00:00<00:00, 308.63it/s, Materializing param=gpt_neox.layers.8.mlp.dense_h_to_4h.weight]
Loading weights:  38%|###7      | 110/292 [00:00<00:00, 308.63it/s, Materializing param=gpt_neox.layers.8.mlp.dense_h_to_4h.weight]
Loading weights:  38%|###8      | 111/292 [00:00<00:00, 308.63it/s, Materializing param=gpt_neox.layers.8.post_attention_layernorm.bias]
Loading weights:  38%|###8      | 111/292 [00:00<00:00, 308.63it/s, Materializing param=gpt_neox.layers.8.post_attention_layernorm.bias]
Loading weights:  38%|###8      | 112/292 [00:00<00:00, 308.63it/s, Materializing param=gpt_neox.layers.8.post_attention_layernorm.weight]
Loading weights:  38%|###8      | 112/292 [00:00<00:00, 308.63it/s, Materializing param=gpt_neox.layers.8.post_attention_layernorm.weight]
Loading weights:  39%|###8      | 113/292 [00:00<00:00, 308.63it/s, Materializing param=gpt_neox.layers.9.attention.dense.bias]           
Loading weights:  39%|###8      | 113/292 [00:00<00:00, 308.63it/s, Materializing param=gpt_neox.layers.9.attention.dense.bias]
Loading weights:  39%|###9      | 114/292 [00:00<00:00, 308.63it/s, Materializing param=gpt_neox.layers.9.attention.dense.weight]
Loading weights:  39%|###9      | 114/292 [00:00<00:00, 308.63it/s, Materializing param=gpt_neox.layers.9.attention.dense.weight]
Loading weights:  39%|###9      | 115/292 [00:00<00:00, 308.63it/s, Materializing param=gpt_neox.layers.9.attention.query_key_value.bias]
Loading weights:  39%|###9      | 115/292 [00:00<00:00, 308.63it/s, Materializing param=gpt_neox.layers.9.attention.query_key_value.bias]
Loading weights:  40%|###9      | 116/292 [00:00<00:00, 308.63it/s, Materializing param=gpt_neox.layers.9.attention.query_key_value.weight]
Loading weights:  40%|###9      | 116/292 [00:00<00:00, 308.63it/s, Materializing param=gpt_neox.layers.9.attention.query_key_value.weight]
Loading weights:  40%|####      | 117/292 [00:00<00:00, 308.63it/s, Materializing param=gpt_neox.layers.9.input_layernorm.bias]            
Loading weights:  40%|####      | 117/292 [00:00<00:00, 308.63it/s, Materializing param=gpt_neox.layers.9.input_layernorm.bias]
Loading weights:  40%|####      | 118/292 [00:00<00:00, 308.63it/s, Materializing param=gpt_neox.layers.9.input_layernorm.weight]
Loading weights:  40%|####      | 118/292 [00:00<00:00, 308.63it/s, Materializing param=gpt_neox.layers.9.input_layernorm.weight]
Loading weights:  41%|####      | 119/292 [00:00<00:00, 308.63it/s, Materializing param=gpt_neox.layers.9.mlp.dense_4h_to_h.bias]
Loading weights:  41%|####      | 119/292 [00:00<00:00, 308.63it/s, Materializing param=gpt_neox.layers.9.mlp.dense_4h_to_h.bias]
Loading weights:  41%|####1     | 120/292 [00:00<00:00, 308.63it/s, Materializing param=gpt_neox.layers.9.mlp.dense_4h_to_h.weight]
Loading weights:  41%|####1     | 120/292 [00:00<00:00, 308.63it/s, Materializing param=gpt_neox.layers.9.mlp.dense_4h_to_h.weight]
Loading weights:  41%|####1     | 121/292 [00:00<00:00, 308.63it/s, Materializing param=gpt_neox.layers.9.mlp.dense_h_to_4h.bias]  
Loading weights:  41%|####1     | 121/292 [00:00<00:00, 308.63it/s, Materializing param=gpt_neox.layers.9.mlp.dense_h_to_4h.bias]
Loading weights:  42%|####1     | 122/292 [00:00<00:00, 308.63it/s, Materializing param=gpt_neox.layers.9.mlp.dense_h_to_4h.weight]
Loading weights:  42%|####1     | 122/292 [00:00<00:00, 308.63it/s, Materializing param=gpt_neox.layers.9.mlp.dense_h_to_4h.weight]
Loading weights:  42%|####2     | 123/292 [00:00<00:00, 308.63it/s, Materializing param=gpt_neox.layers.9.post_attention_layernorm.bias]
Loading weights:  42%|####2     | 123/292 [00:00<00:00, 308.63it/s, Materializing param=gpt_neox.layers.9.post_attention_layernorm.bias]
Loading weights:  42%|####2     | 124/292 [00:00<00:00, 242.93it/s, Materializing param=gpt_neox.layers.9.post_attention_layernorm.bias]
Loading weights:  42%|####2     | 124/292 [00:00<00:00, 242.93it/s, Materializing param=gpt_neox.layers.9.post_attention_layernorm.weight]
Loading weights:  42%|####2     | 124/292 [00:00<00:00, 242.93it/s, Materializing param=gpt_neox.layers.9.post_attention_layernorm.weight]
Loading weights:  43%|####2     | 125/292 [00:00<00:00, 242.93it/s, Materializing param=gpt_neox.layers.10.attention.dense.bias]          
Loading weights:  43%|####2     | 125/292 [00:00<00:00, 242.93it/s, Materializing param=gpt_neox.layers.10.attention.dense.bias]
Loading weights:  43%|####3     | 126/292 [00:00<00:00, 242.93it/s, Materializing param=gpt_neox.layers.10.attention.dense.weight]
Loading weights:  43%|####3     | 126/292 [00:00<00:00, 242.93it/s, Materializing param=gpt_neox.layers.10.attention.dense.weight]
Loading weights:  43%|####3     | 127/292 [00:00<00:00, 242.93it/s, Materializing param=gpt_neox.layers.10.attention.query_key_value.bias]
Loading weights:  43%|####3     | 127/292 [00:00<00:00, 242.93it/s, Materializing param=gpt_neox.layers.10.attention.query_key_value.bias]
Loading weights:  44%|####3     | 128/292 [00:00<00:00, 242.93it/s, Materializing param=gpt_neox.layers.10.attention.query_key_value.weight]
Loading weights:  44%|####3     | 128/292 [00:00<00:00, 242.93it/s, Materializing param=gpt_neox.layers.10.attention.query_key_value.weight]
Loading weights:  44%|####4     | 129/292 [00:00<00:00, 242.93it/s, Materializing param=gpt_neox.layers.10.input_layernorm.bias]            
Loading weights:  44%|####4     | 129/292 [00:00<00:00, 242.93it/s, Materializing param=gpt_neox.layers.10.input_layernorm.bias]
Loading weights:  45%|####4     | 130/292 [00:00<00:00, 242.93it/s, Materializing param=gpt_neox.layers.10.input_layernorm.weight]
Loading weights:  45%|####4     | 130/292 [00:00<00:00, 242.93it/s, Materializing param=gpt_neox.layers.10.input_layernorm.weight]
Loading weights:  45%|####4     | 131/292 [00:00<00:00, 242.93it/s, Materializing param=gpt_neox.layers.10.mlp.dense_4h_to_h.bias]
Loading weights:  45%|####4     | 131/292 [00:00<00:00, 242.93it/s, Materializing param=gpt_neox.layers.10.mlp.dense_4h_to_h.bias]
Loading weights:  45%|####5     | 132/292 [00:00<00:00, 242.93it/s, Materializing param=gpt_neox.layers.10.mlp.dense_4h_to_h.weight]
Loading weights:  45%|####5     | 132/292 [00:00<00:00, 242.93it/s, Materializing param=gpt_neox.layers.10.mlp.dense_4h_to_h.weight]
Loading weights:  46%|####5     | 133/292 [00:00<00:00, 242.93it/s, Materializing param=gpt_neox.layers.10.mlp.dense_h_to_4h.bias]  
Loading weights:  46%|####5     | 133/292 [00:00<00:00, 242.93it/s, Materializing param=gpt_neox.layers.10.mlp.dense_h_to_4h.bias]
Loading weights:  46%|####5     | 134/292 [00:00<00:00, 242.93it/s, Materializing param=gpt_neox.layers.10.mlp.dense_h_to_4h.weight]
Loading weights:  46%|####5     | 134/292 [00:00<00:00, 242.93it/s, Materializing param=gpt_neox.layers.10.mlp.dense_h_to_4h.weight]
Loading weights:  46%|####6     | 135/292 [00:00<00:00, 242.93it/s, Materializing param=gpt_neox.layers.10.post_attention_layernorm.bias]
Loading weights:  46%|####6     | 135/292 [00:00<00:00, 242.93it/s, Materializing param=gpt_neox.layers.10.post_attention_layernorm.bias]
Loading weights:  47%|####6     | 136/292 [00:00<00:00, 242.93it/s, Materializing param=gpt_neox.layers.10.post_attention_layernorm.weight]
Loading weights:  47%|####6     | 136/292 [00:00<00:00, 242.93it/s, Materializing param=gpt_neox.layers.10.post_attention_layernorm.weight]
Loading weights:  47%|####6     | 137/292 [00:00<00:00, 242.93it/s, Materializing param=gpt_neox.layers.11.attention.dense.bias]           
Loading weights:  47%|####6     | 137/292 [00:00<00:00, 242.93it/s, Materializing param=gpt_neox.layers.11.attention.dense.bias]
Loading weights:  47%|####7     | 138/292 [00:00<00:00, 242.93it/s, Materializing param=gpt_neox.layers.11.attention.dense.weight]
Loading weights:  47%|####7     | 138/292 [00:00<00:00, 242.93it/s, Materializing param=gpt_neox.layers.11.attention.dense.weight]
Loading weights:  48%|####7     | 139/292 [00:00<00:00, 242.93it/s, Materializing param=gpt_neox.layers.11.attention.query_key_value.bias]
Loading weights:  48%|####7     | 139/292 [00:00<00:00, 242.93it/s, Materializing param=gpt_neox.layers.11.attention.query_key_value.bias]
Loading weights:  48%|####7     | 140/292 [00:00<00:00, 242.93it/s, Materializing param=gpt_neox.layers.11.attention.query_key_value.weight]
Loading weights:  48%|####7     | 140/292 [00:00<00:00, 242.93it/s, Materializing param=gpt_neox.layers.11.attention.query_key_value.weight]
Loading weights:  48%|####8     | 141/292 [00:00<00:00, 242.93it/s, Materializing param=gpt_neox.layers.11.input_layernorm.bias]            
Loading weights:  48%|####8     | 141/292 [00:00<00:00, 242.93it/s, Materializing param=gpt_neox.layers.11.input_layernorm.bias]
Loading weights:  49%|####8     | 142/292 [00:00<00:00, 242.93it/s, Materializing param=gpt_neox.layers.11.input_layernorm.weight]
Loading weights:  49%|####8     | 142/292 [00:00<00:00, 242.93it/s, Materializing param=gpt_neox.layers.11.input_layernorm.weight]
Loading weights:  49%|####8     | 143/292 [00:00<00:00, 242.93it/s, Materializing param=gpt_neox.layers.11.mlp.dense_4h_to_h.bias]
Loading weights:  49%|####8     | 143/292 [00:00<00:00, 242.93it/s, Materializing param=gpt_neox.layers.11.mlp.dense_4h_to_h.bias]
Loading weights:  49%|####9     | 144/292 [00:00<00:00, 242.93it/s, Materializing param=gpt_neox.layers.11.mlp.dense_4h_to_h.weight]
Loading weights:  49%|####9     | 144/292 [00:00<00:00, 242.93it/s, Materializing param=gpt_neox.layers.11.mlp.dense_4h_to_h.weight]
Loading weights:  50%|####9     | 145/292 [00:00<00:00, 242.93it/s, Materializing param=gpt_neox.layers.11.mlp.dense_h_to_4h.bias]  
Loading weights:  50%|####9     | 145/292 [00:00<00:00, 242.93it/s, Materializing param=gpt_neox.layers.11.mlp.dense_h_to_4h.bias]
Loading weights:  50%|#####     | 146/292 [00:00<00:00, 242.93it/s, Materializing param=gpt_neox.layers.11.mlp.dense_h_to_4h.weight]
Loading weights:  50%|#####     | 146/292 [00:00<00:00, 242.93it/s, Materializing param=gpt_neox.layers.11.mlp.dense_h_to_4h.weight]
Loading weights:  50%|#####     | 147/292 [00:00<00:00, 242.93it/s, Materializing param=gpt_neox.layers.11.post_attention_layernorm.bias]
Loading weights:  50%|#####     | 147/292 [00:00<00:00, 242.93it/s, Materializing param=gpt_neox.layers.11.post_attention_layernorm.bias]
Loading weights:  51%|#####     | 148/292 [00:00<00:00, 242.93it/s, Materializing param=gpt_neox.layers.11.post_attention_layernorm.weight]
Loading weights:  51%|#####     | 148/292 [00:00<00:00, 242.93it/s, Materializing param=gpt_neox.layers.11.post_attention_layernorm.weight]
Loading weights:  51%|#####1    | 149/292 [00:00<00:00, 242.93it/s, Materializing param=gpt_neox.layers.12.attention.dense.bias]           
Loading weights:  51%|#####1    | 149/292 [00:00<00:00, 242.93it/s, Materializing param=gpt_neox.layers.12.attention.dense.bias]
Loading weights:  51%|#####1    | 150/292 [00:00<00:00, 219.98it/s, Materializing param=gpt_neox.layers.12.attention.dense.bias]
Loading weights:  51%|#####1    | 150/292 [00:00<00:00, 219.98it/s, Materializing param=gpt_neox.layers.12.attention.dense.weight]
Loading weights:  51%|#####1    | 150/292 [00:00<00:00, 219.98it/s, Materializing param=gpt_neox.layers.12.attention.dense.weight]
Loading weights:  52%|#####1    | 151/292 [00:00<00:00, 219.98it/s, Materializing param=gpt_neox.layers.12.attention.query_key_value.bias]
Loading weights:  52%|#####1    | 151/292 [00:00<00:00, 219.98it/s, Materializing param=gpt_neox.layers.12.attention.query_key_value.bias]
Loading weights:  52%|#####2    | 152/292 [00:00<00:00, 219.98it/s, Materializing param=gpt_neox.layers.12.attention.query_key_value.weight]
Loading weights:  52%|#####2    | 152/292 [00:00<00:00, 219.98it/s, Materializing param=gpt_neox.layers.12.attention.query_key_value.weight]
Loading weights:  52%|#####2    | 153/292 [00:00<00:00, 219.98it/s, Materializing param=gpt_neox.layers.12.input_layernorm.bias]            
Loading weights:  52%|#####2    | 153/292 [00:00<00:00, 219.98it/s, Materializing param=gpt_neox.layers.12.input_layernorm.bias]
Loading weights:  53%|#####2    | 154/292 [00:00<00:00, 219.98it/s, Materializing param=gpt_neox.layers.12.input_layernorm.weight]
Loading weights:  53%|#####2    | 154/292 [00:00<00:00, 219.98it/s, Materializing param=gpt_neox.layers.12.input_layernorm.weight]
Loading weights:  53%|#####3    | 155/292 [00:00<00:00, 219.98it/s, Materializing param=gpt_neox.layers.12.mlp.dense_4h_to_h.bias]
Loading weights:  53%|#####3    | 155/292 [00:00<00:00, 219.98it/s, Materializing param=gpt_neox.layers.12.mlp.dense_4h_to_h.bias]
Loading weights:  53%|#####3    | 156/292 [00:00<00:00, 219.98it/s, Materializing param=gpt_neox.layers.12.mlp.dense_4h_to_h.weight]
Loading weights:  53%|#####3    | 156/292 [00:00<00:00, 219.98it/s, Materializing param=gpt_neox.layers.12.mlp.dense_4h_to_h.weight]
Loading weights:  54%|#####3    | 157/292 [00:00<00:00, 219.98it/s, Materializing param=gpt_neox.layers.12.mlp.dense_h_to_4h.bias]  
Loading weights:  54%|#####3    | 157/292 [00:00<00:00, 219.98it/s, Materializing param=gpt_neox.layers.12.mlp.dense_h_to_4h.bias]
Loading weights:  54%|#####4    | 158/292 [00:00<00:00, 219.98it/s, Materializing param=gpt_neox.layers.12.mlp.dense_h_to_4h.weight]
Loading weights:  54%|#####4    | 158/292 [00:00<00:00, 219.98it/s, Materializing param=gpt_neox.layers.12.mlp.dense_h_to_4h.weight]
Loading weights:  54%|#####4    | 159/292 [00:00<00:00, 219.98it/s, Materializing param=gpt_neox.layers.12.post_attention_layernorm.bias]
Loading weights:  54%|#####4    | 159/292 [00:00<00:00, 219.98it/s, Materializing param=gpt_neox.layers.12.post_attention_layernorm.bias]
Loading weights:  55%|#####4    | 160/292 [00:00<00:00, 219.98it/s, Materializing param=gpt_neox.layers.12.post_attention_layernorm.weight]
Loading weights:  55%|#####4    | 160/292 [00:00<00:00, 219.98it/s, Materializing param=gpt_neox.layers.12.post_attention_layernorm.weight]
Loading weights:  55%|#####5    | 161/292 [00:00<00:00, 219.98it/s, Materializing param=gpt_neox.layers.13.attention.dense.bias]           
Loading weights:  55%|#####5    | 161/292 [00:00<00:00, 219.98it/s, Materializing param=gpt_neox.layers.13.attention.dense.bias]
Loading weights:  55%|#####5    | 162/292 [00:00<00:00, 219.98it/s, Materializing param=gpt_neox.layers.13.attention.dense.weight]
Loading weights:  55%|#####5    | 162/292 [00:00<00:00, 219.98it/s, Materializing param=gpt_neox.layers.13.attention.dense.weight]
Loading weights:  56%|#####5    | 163/292 [00:00<00:00, 219.98it/s, Materializing param=gpt_neox.layers.13.attention.query_key_value.bias]
Loading weights:  56%|#####5    | 163/292 [00:00<00:00, 219.98it/s, Materializing param=gpt_neox.layers.13.attention.query_key_value.bias]
Loading weights:  56%|#####6    | 164/292 [00:00<00:00, 219.98it/s, Materializing param=gpt_neox.layers.13.attention.query_key_value.weight]
Loading weights:  56%|#####6    | 164/292 [00:00<00:00, 219.98it/s, Materializing param=gpt_neox.layers.13.attention.query_key_value.weight]
Loading weights:  57%|#####6    | 165/292 [00:00<00:00, 219.98it/s, Materializing param=gpt_neox.layers.13.input_layernorm.bias]            
Loading weights:  57%|#####6    | 165/292 [00:00<00:00, 219.98it/s, Materializing param=gpt_neox.layers.13.input_layernorm.bias]
Loading weights:  57%|#####6    | 166/292 [00:00<00:00, 219.98it/s, Materializing param=gpt_neox.layers.13.input_layernorm.weight]
Loading weights:  57%|#####6    | 166/292 [00:00<00:00, 219.98it/s, Materializing param=gpt_neox.layers.13.input_layernorm.weight]
Loading weights:  57%|#####7    | 167/292 [00:00<00:00, 219.98it/s, Materializing param=gpt_neox.layers.13.mlp.dense_4h_to_h.bias]
Loading weights:  57%|#####7    | 167/292 [00:00<00:00, 219.98it/s, Materializing param=gpt_neox.layers.13.mlp.dense_4h_to_h.bias]
Loading weights:  58%|#####7    | 168/292 [00:00<00:00, 219.98it/s, Materializing param=gpt_neox.layers.13.mlp.dense_4h_to_h.weight]
Loading weights:  58%|#####7    | 168/292 [00:00<00:00, 219.98it/s, Materializing param=gpt_neox.layers.13.mlp.dense_4h_to_h.weight]
Loading weights:  58%|#####7    | 169/292 [00:00<00:00, 219.98it/s, Materializing param=gpt_neox.layers.13.mlp.dense_h_to_4h.bias]  
Loading weights:  58%|#####7    | 169/292 [00:00<00:00, 219.98it/s, Materializing param=gpt_neox.layers.13.mlp.dense_h_to_4h.bias]
Loading weights:  58%|#####8    | 170/292 [00:00<00:00, 219.98it/s, Materializing param=gpt_neox.layers.13.mlp.dense_h_to_4h.weight]
Loading weights:  58%|#####8    | 170/292 [00:00<00:00, 219.98it/s, Materializing param=gpt_neox.layers.13.mlp.dense_h_to_4h.weight]
Loading weights:  59%|#####8    | 171/292 [00:00<00:00, 219.98it/s, Materializing param=gpt_neox.layers.13.post_attention_layernorm.bias]
Loading weights:  59%|#####8    | 171/292 [00:00<00:00, 219.98it/s, Materializing param=gpt_neox.layers.13.post_attention_layernorm.bias]
Loading weights:  59%|#####8    | 172/292 [00:00<00:00, 219.98it/s, Materializing param=gpt_neox.layers.13.post_attention_layernorm.weight]
Loading weights:  59%|#####8    | 172/292 [00:00<00:00, 219.98it/s, Materializing param=gpt_neox.layers.13.post_attention_layernorm.weight]
Loading weights:  59%|#####9    | 173/292 [00:00<00:00, 219.98it/s, Materializing param=gpt_neox.layers.14.attention.dense.bias]           
Loading weights:  59%|#####9    | 173/292 [00:00<00:00, 219.98it/s, Materializing param=gpt_neox.layers.14.attention.dense.bias]
Loading weights:  60%|#####9    | 174/292 [00:00<00:00, 219.98it/s, Materializing param=gpt_neox.layers.14.attention.dense.weight]
Loading weights:  60%|#####9    | 174/292 [00:00<00:00, 219.98it/s, Materializing param=gpt_neox.layers.14.attention.dense.weight]
Loading weights:  60%|#####9    | 175/292 [00:00<00:00, 219.98it/s, Materializing param=gpt_neox.layers.14.attention.query_key_value.bias]
Loading weights:  60%|#####9    | 175/292 [00:00<00:00, 219.98it/s, Materializing param=gpt_neox.layers.14.attention.query_key_value.bias]
Loading weights:  60%|######    | 176/292 [00:00<00:00, 219.98it/s, Materializing param=gpt_neox.layers.14.attention.query_key_value.weight]
Loading weights:  60%|######    | 176/292 [00:00<00:00, 219.98it/s, Materializing param=gpt_neox.layers.14.attention.query_key_value.weight]
Loading weights:  61%|######    | 177/292 [00:00<00:00, 219.98it/s, Materializing param=gpt_neox.layers.14.input_layernorm.bias]            
Loading weights:  61%|######    | 177/292 [00:00<00:00, 219.98it/s, Materializing param=gpt_neox.layers.14.input_layernorm.bias]
Loading weights:  61%|######    | 178/292 [00:00<00:00, 219.98it/s, Materializing param=gpt_neox.layers.14.input_layernorm.weight]
Loading weights:  61%|######    | 178/292 [00:00<00:00, 219.98it/s, Materializing param=gpt_neox.layers.14.input_layernorm.weight]
Loading weights:  61%|######1   | 179/292 [00:00<00:00, 219.98it/s, Materializing param=gpt_neox.layers.14.mlp.dense_4h_to_h.bias]
Loading weights:  61%|######1   | 179/292 [00:00<00:00, 219.98it/s, Materializing param=gpt_neox.layers.14.mlp.dense_4h_to_h.bias]
Loading weights:  62%|######1   | 180/292 [00:00<00:00, 219.98it/s, Materializing param=gpt_neox.layers.14.mlp.dense_4h_to_h.weight]
Loading weights:  62%|######1   | 180/292 [00:00<00:00, 219.98it/s, Materializing param=gpt_neox.layers.14.mlp.dense_4h_to_h.weight]
Loading weights:  62%|######1   | 181/292 [00:00<00:00, 239.91it/s, Materializing param=gpt_neox.layers.14.mlp.dense_4h_to_h.weight]
Loading weights:  62%|######1   | 181/292 [00:00<00:00, 239.91it/s, Materializing param=gpt_neox.layers.14.mlp.dense_h_to_4h.bias]  
Loading weights:  62%|######1   | 181/292 [00:00<00:00, 239.91it/s, Materializing param=gpt_neox.layers.14.mlp.dense_h_to_4h.bias]
Loading weights:  62%|######2   | 182/292 [00:00<00:00, 239.91it/s, Materializing param=gpt_neox.layers.14.mlp.dense_h_to_4h.weight]
Loading weights:  62%|######2   | 182/292 [00:00<00:00, 239.91it/s, Materializing param=gpt_neox.layers.14.mlp.dense_h_to_4h.weight]
Loading weights:  63%|######2   | 183/292 [00:00<00:00, 239.91it/s, Materializing param=gpt_neox.layers.14.post_attention_layernorm.bias]
Loading weights:  63%|######2   | 183/292 [00:00<00:00, 239.91it/s, Materializing param=gpt_neox.layers.14.post_attention_layernorm.bias]
Loading weights:  63%|######3   | 184/292 [00:00<00:00, 239.91it/s, Materializing param=gpt_neox.layers.14.post_attention_layernorm.weight]
Loading weights:  63%|######3   | 184/292 [00:00<00:00, 239.91it/s, Materializing param=gpt_neox.layers.14.post_attention_layernorm.weight]
Loading weights:  63%|######3   | 185/292 [00:00<00:00, 239.91it/s, Materializing param=gpt_neox.layers.15.attention.dense.bias]           
Loading weights:  63%|######3   | 185/292 [00:00<00:00, 239.91it/s, Materializing param=gpt_neox.layers.15.attention.dense.bias]
Loading weights:  64%|######3   | 186/292 [00:00<00:00, 239.91it/s, Materializing param=gpt_neox.layers.15.attention.dense.weight]
Loading weights:  64%|######3   | 186/292 [00:00<00:00, 239.91it/s, Materializing param=gpt_neox.layers.15.attention.dense.weight]
Loading weights:  64%|######4   | 187/292 [00:00<00:00, 239.91it/s, Materializing param=gpt_neox.layers.15.attention.query_key_value.bias]
Loading weights:  64%|######4   | 187/292 [00:00<00:00, 239.91it/s, Materializing param=gpt_neox.layers.15.attention.query_key_value.bias]
Loading weights:  64%|######4   | 188/292 [00:00<00:00, 239.91it/s, Materializing param=gpt_neox.layers.15.attention.query_key_value.weight]
Loading weights:  64%|######4   | 188/292 [00:00<00:00, 239.91it/s, Materializing param=gpt_neox.layers.15.attention.query_key_value.weight]
Loading weights:  65%|######4   | 189/292 [00:00<00:00, 239.91it/s, Materializing param=gpt_neox.layers.15.input_layernorm.bias]            
Loading weights:  65%|######4   | 189/292 [00:00<00:00, 239.91it/s, Materializing param=gpt_neox.layers.15.input_layernorm.bias]
Loading weights:  65%|######5   | 190/292 [00:00<00:00, 239.91it/s, Materializing param=gpt_neox.layers.15.input_layernorm.weight]
Loading weights:  65%|######5   | 190/292 [00:00<00:00, 239.91it/s, Materializing param=gpt_neox.layers.15.input_layernorm.weight]
Loading weights:  65%|######5   | 191/292 [00:00<00:00, 239.91it/s, Materializing param=gpt_neox.layers.15.mlp.dense_4h_to_h.bias]
Loading weights:  65%|######5   | 191/292 [00:00<00:00, 239.91it/s, Materializing param=gpt_neox.layers.15.mlp.dense_4h_to_h.bias]
Loading weights:  66%|######5   | 192/292 [00:00<00:00, 239.91it/s, Materializing param=gpt_neox.layers.15.mlp.dense_4h_to_h.weight]
Loading weights:  66%|######5   | 192/292 [00:00<00:00, 239.91it/s, Materializing param=gpt_neox.layers.15.mlp.dense_4h_to_h.weight]
Loading weights:  66%|######6   | 193/292 [00:00<00:00, 239.91it/s, Materializing param=gpt_neox.layers.15.mlp.dense_h_to_4h.bias]  
Loading weights:  66%|######6   | 193/292 [00:00<00:00, 239.91it/s, Materializing param=gpt_neox.layers.15.mlp.dense_h_to_4h.bias]
Loading weights:  66%|######6   | 194/292 [00:00<00:00, 239.91it/s, Materializing param=gpt_neox.layers.15.mlp.dense_h_to_4h.weight]
Loading weights:  66%|######6   | 194/292 [00:00<00:00, 239.91it/s, Materializing param=gpt_neox.layers.15.mlp.dense_h_to_4h.weight]
Loading weights:  67%|######6   | 195/292 [00:00<00:00, 239.91it/s, Materializing param=gpt_neox.layers.15.post_attention_layernorm.bias]
Loading weights:  67%|######6   | 195/292 [00:00<00:00, 239.91it/s, Materializing param=gpt_neox.layers.15.post_attention_layernorm.bias]
Loading weights:  67%|######7   | 196/292 [00:00<00:00, 239.91it/s, Materializing param=gpt_neox.layers.15.post_attention_layernorm.weight]
Loading weights:  67%|######7   | 196/292 [00:00<00:00, 239.91it/s, Materializing param=gpt_neox.layers.15.post_attention_layernorm.weight]
Loading weights:  67%|######7   | 197/292 [00:00<00:00, 239.91it/s, Materializing param=gpt_neox.layers.16.attention.dense.bias]           
Loading weights:  67%|######7   | 197/292 [00:00<00:00, 239.91it/s, Materializing param=gpt_neox.layers.16.attention.dense.bias]
Loading weights:  68%|######7   | 198/292 [00:00<00:00, 239.91it/s, Materializing param=gpt_neox.layers.16.attention.dense.weight]
Loading weights:  68%|######7   | 198/292 [00:00<00:00, 239.91it/s, Materializing param=gpt_neox.layers.16.attention.dense.weight]
Loading weights:  68%|######8   | 199/292 [00:00<00:00, 239.91it/s, Materializing param=gpt_neox.layers.16.attention.query_key_value.bias]
Loading weights:  68%|######8   | 199/292 [00:00<00:00, 239.91it/s, Materializing param=gpt_neox.layers.16.attention.query_key_value.bias]
Loading weights:  68%|######8   | 200/292 [00:00<00:00, 239.91it/s, Materializing param=gpt_neox.layers.16.attention.query_key_value.weight]
Loading weights:  68%|######8   | 200/292 [00:00<00:00, 239.91it/s, Materializing param=gpt_neox.layers.16.attention.query_key_value.weight]
Loading weights:  69%|######8   | 201/292 [00:00<00:00, 239.91it/s, Materializing param=gpt_neox.layers.16.input_layernorm.bias]            
Loading weights:  69%|######8   | 201/292 [00:00<00:00, 239.91it/s, Materializing param=gpt_neox.layers.16.input_layernorm.bias]
Loading weights:  69%|######9   | 202/292 [00:00<00:00, 239.91it/s, Materializing param=gpt_neox.layers.16.input_layernorm.weight]
Loading weights:  69%|######9   | 202/292 [00:00<00:00, 239.91it/s, Materializing param=gpt_neox.layers.16.input_layernorm.weight]
Loading weights:  70%|######9   | 203/292 [00:00<00:00, 239.91it/s, Materializing param=gpt_neox.layers.16.mlp.dense_4h_to_h.bias]
Loading weights:  70%|######9   | 203/292 [00:00<00:00, 239.91it/s, Materializing param=gpt_neox.layers.16.mlp.dense_4h_to_h.bias]
Loading weights:  70%|######9   | 204/292 [00:00<00:00, 239.91it/s, Materializing param=gpt_neox.layers.16.mlp.dense_4h_to_h.weight]
Loading weights:  70%|######9   | 204/292 [00:00<00:00, 239.91it/s, Materializing param=gpt_neox.layers.16.mlp.dense_4h_to_h.weight]
Loading weights:  70%|#######   | 205/292 [00:00<00:00, 239.91it/s, Materializing param=gpt_neox.layers.16.mlp.dense_h_to_4h.bias]  
Loading weights:  70%|#######   | 205/292 [00:00<00:00, 239.91it/s, Materializing param=gpt_neox.layers.16.mlp.dense_h_to_4h.bias]
Loading weights:  71%|#######   | 206/292 [00:00<00:00, 239.91it/s, Materializing param=gpt_neox.layers.16.mlp.dense_h_to_4h.weight]
Loading weights:  71%|#######   | 206/292 [00:00<00:00, 239.91it/s, Materializing param=gpt_neox.layers.16.mlp.dense_h_to_4h.weight]
Loading weights:  71%|#######   | 207/292 [00:00<00:00, 239.91it/s, Materializing param=gpt_neox.layers.16.post_attention_layernorm.bias]
Loading weights:  71%|#######   | 207/292 [00:00<00:00, 239.91it/s, Materializing param=gpt_neox.layers.16.post_attention_layernorm.bias]
Loading weights:  71%|#######1  | 208/292 [00:00<00:00, 239.91it/s, Materializing param=gpt_neox.layers.16.post_attention_layernorm.weight]
Loading weights:  71%|#######1  | 208/292 [00:00<00:00, 239.91it/s, Materializing param=gpt_neox.layers.16.post_attention_layernorm.weight]
Loading weights:  72%|#######1  | 209/292 [00:00<00:00, 239.91it/s, Materializing param=gpt_neox.layers.17.attention.dense.bias]           
Loading weights:  72%|#######1  | 209/292 [00:00<00:00, 239.91it/s, Materializing param=gpt_neox.layers.17.attention.dense.bias]
Loading weights:  72%|#######1  | 210/292 [00:00<00:00, 239.91it/s, Materializing param=gpt_neox.layers.17.attention.dense.weight]
Loading weights:  72%|#######1  | 210/292 [00:00<00:00, 239.91it/s, Materializing param=gpt_neox.layers.17.attention.dense.weight]
Loading weights:  72%|#######2  | 211/292 [00:00<00:00, 239.91it/s, Materializing param=gpt_neox.layers.17.attention.query_key_value.bias]
Loading weights:  72%|#######2  | 211/292 [00:00<00:00, 239.91it/s, Materializing param=gpt_neox.layers.17.attention.query_key_value.bias]
Loading weights:  73%|#######2  | 212/292 [00:00<00:00, 239.91it/s, Materializing param=gpt_neox.layers.17.attention.query_key_value.weight]
Loading weights:  73%|#######2  | 212/292 [00:00<00:00, 239.91it/s, Materializing param=gpt_neox.layers.17.attention.query_key_value.weight]
Loading weights:  73%|#######2  | 213/292 [00:00<00:00, 239.91it/s, Materializing param=gpt_neox.layers.17.input_layernorm.bias]            
Loading weights:  73%|#######2  | 213/292 [00:00<00:00, 239.91it/s, Materializing param=gpt_neox.layers.17.input_layernorm.bias]
Loading weights:  73%|#######3  | 214/292 [00:00<00:00, 239.91it/s, Materializing param=gpt_neox.layers.17.input_layernorm.weight]
Loading weights:  73%|#######3  | 214/292 [00:00<00:00, 239.91it/s, Materializing param=gpt_neox.layers.17.input_layernorm.weight]
Loading weights:  74%|#######3  | 215/292 [00:00<00:00, 239.91it/s, Materializing param=gpt_neox.layers.17.mlp.dense_4h_to_h.bias]
Loading weights:  74%|#######3  | 215/292 [00:00<00:00, 239.91it/s, Materializing param=gpt_neox.layers.17.mlp.dense_4h_to_h.bias]
Loading weights:  74%|#######3  | 216/292 [00:00<00:00, 239.91it/s, Materializing param=gpt_neox.layers.17.mlp.dense_4h_to_h.weight]
Loading weights:  74%|#######3  | 216/292 [00:00<00:00, 239.91it/s, Materializing param=gpt_neox.layers.17.mlp.dense_4h_to_h.weight]
Loading weights:  74%|#######4  | 217/292 [00:00<00:00, 239.91it/s, Materializing param=gpt_neox.layers.17.mlp.dense_h_to_4h.bias]  
Loading weights:  74%|#######4  | 217/292 [00:00<00:00, 239.91it/s, Materializing param=gpt_neox.layers.17.mlp.dense_h_to_4h.bias]
Loading weights:  75%|#######4  | 218/292 [00:00<00:00, 239.91it/s, Materializing param=gpt_neox.layers.17.mlp.dense_h_to_4h.weight]
Loading weights:  75%|#######4  | 218/292 [00:00<00:00, 239.91it/s, Materializing param=gpt_neox.layers.17.mlp.dense_h_to_4h.weight]
Loading weights:  75%|#######5  | 219/292 [00:00<00:00, 239.91it/s, Materializing param=gpt_neox.layers.17.post_attention_layernorm.bias]
Loading weights:  75%|#######5  | 219/292 [00:00<00:00, 239.91it/s, Materializing param=gpt_neox.layers.17.post_attention_layernorm.bias]
Loading weights:  75%|#######5  | 220/292 [00:00<00:00, 239.91it/s, Materializing param=gpt_neox.layers.17.post_attention_layernorm.weight]
Loading weights:  75%|#######5  | 220/292 [00:00<00:00, 239.91it/s, Materializing param=gpt_neox.layers.17.post_attention_layernorm.weight]
Loading weights:  76%|#######5  | 221/292 [00:00<00:00, 239.91it/s, Materializing param=gpt_neox.layers.18.attention.dense.bias]           
Loading weights:  76%|#######5  | 221/292 [00:00<00:00, 239.91it/s, Materializing param=gpt_neox.layers.18.attention.dense.bias]
Loading weights:  76%|#######6  | 222/292 [00:00<00:00, 239.91it/s, Materializing param=gpt_neox.layers.18.attention.dense.weight]
Loading weights:  76%|#######6  | 222/292 [00:00<00:00, 239.91it/s, Materializing param=gpt_neox.layers.18.attention.dense.weight]
Loading weights:  76%|#######6  | 223/292 [00:00<00:00, 239.91it/s, Materializing param=gpt_neox.layers.18.attention.query_key_value.bias]
Loading weights:  76%|#######6  | 223/292 [00:00<00:00, 239.91it/s, Materializing param=gpt_neox.layers.18.attention.query_key_value.bias]
Loading weights:  77%|#######6  | 224/292 [00:00<00:00, 239.91it/s, Materializing param=gpt_neox.layers.18.attention.query_key_value.weight]
Loading weights:  77%|#######6  | 224/292 [00:00<00:00, 239.91it/s, Materializing param=gpt_neox.layers.18.attention.query_key_value.weight]
Loading weights:  77%|#######7  | 225/292 [00:00<00:00, 289.46it/s, Materializing param=gpt_neox.layers.18.attention.query_key_value.weight]
Loading weights:  77%|#######7  | 225/292 [00:00<00:00, 289.46it/s, Materializing param=gpt_neox.layers.18.input_layernorm.bias]            
Loading weights:  77%|#######7  | 225/292 [00:00<00:00, 289.46it/s, Materializing param=gpt_neox.layers.18.input_layernorm.bias]
Loading weights:  77%|#######7  | 226/292 [00:00<00:00, 289.46it/s, Materializing param=gpt_neox.layers.18.input_layernorm.weight]
Loading weights:  77%|#######7  | 226/292 [00:00<00:00, 289.46it/s, Materializing param=gpt_neox.layers.18.input_layernorm.weight]
Loading weights:  78%|#######7  | 227/292 [00:00<00:00, 289.46it/s, Materializing param=gpt_neox.layers.18.mlp.dense_4h_to_h.bias]
Loading weights:  78%|#######7  | 227/292 [00:00<00:00, 289.46it/s, Materializing param=gpt_neox.layers.18.mlp.dense_4h_to_h.bias]
Loading weights:  78%|#######8  | 228/292 [00:00<00:00, 289.46it/s, Materializing param=gpt_neox.layers.18.mlp.dense_4h_to_h.weight]
Loading weights:  78%|#######8  | 228/292 [00:00<00:00, 289.46it/s, Materializing param=gpt_neox.layers.18.mlp.dense_4h_to_h.weight]
Loading weights:  78%|#######8  | 229/292 [00:00<00:00, 289.46it/s, Materializing param=gpt_neox.layers.18.mlp.dense_h_to_4h.bias]  
Loading weights:  78%|#######8  | 229/292 [00:00<00:00, 289.46it/s, Materializing param=gpt_neox.layers.18.mlp.dense_h_to_4h.bias]
Loading weights:  79%|#######8  | 230/292 [00:00<00:00, 289.46it/s, Materializing param=gpt_neox.layers.18.mlp.dense_h_to_4h.weight]
Loading weights:  79%|#######8  | 230/292 [00:00<00:00, 289.46it/s, Materializing param=gpt_neox.layers.18.mlp.dense_h_to_4h.weight]
Loading weights:  79%|#######9  | 231/292 [00:00<00:00, 289.46it/s, Materializing param=gpt_neox.layers.18.post_attention_layernorm.bias]
Loading weights:  79%|#######9  | 231/292 [00:00<00:00, 289.46it/s, Materializing param=gpt_neox.layers.18.post_attention_layernorm.bias]
Loading weights:  79%|#######9  | 232/292 [00:00<00:00, 289.46it/s, Materializing param=gpt_neox.layers.18.post_attention_layernorm.weight]
Loading weights:  79%|#######9  | 232/292 [00:00<00:00, 289.46it/s, Materializing param=gpt_neox.layers.18.post_attention_layernorm.weight]
Loading weights:  80%|#######9  | 233/292 [00:00<00:00, 289.46it/s, Materializing param=gpt_neox.layers.19.attention.dense.bias]           
Loading weights:  80%|#######9  | 233/292 [00:00<00:00, 289.46it/s, Materializing param=gpt_neox.layers.19.attention.dense.bias]
Loading weights:  80%|########  | 234/292 [00:00<00:00, 289.46it/s, Materializing param=gpt_neox.layers.19.attention.dense.weight]
Loading weights:  80%|########  | 234/292 [00:00<00:00, 289.46it/s, Materializing param=gpt_neox.layers.19.attention.dense.weight]
Loading weights:  80%|########  | 235/292 [00:00<00:00, 289.46it/s, Materializing param=gpt_neox.layers.19.attention.query_key_value.bias]
Loading weights:  80%|########  | 235/292 [00:00<00:00, 289.46it/s, Materializing param=gpt_neox.layers.19.attention.query_key_value.bias]
Loading weights:  81%|########  | 236/292 [00:00<00:00, 289.46it/s, Materializing param=gpt_neox.layers.19.attention.query_key_value.weight]
Loading weights:  81%|########  | 236/292 [00:00<00:00, 289.46it/s, Materializing param=gpt_neox.layers.19.attention.query_key_value.weight]
Loading weights:  81%|########1 | 237/292 [00:00<00:00, 289.46it/s, Materializing param=gpt_neox.layers.19.input_layernorm.bias]            
Loading weights:  81%|########1 | 237/292 [00:00<00:00, 289.46it/s, Materializing param=gpt_neox.layers.19.input_layernorm.bias]
Loading weights:  82%|########1 | 238/292 [00:00<00:00, 289.46it/s, Materializing param=gpt_neox.layers.19.input_layernorm.weight]
Loading weights:  82%|########1 | 238/292 [00:00<00:00, 289.46it/s, Materializing param=gpt_neox.layers.19.input_layernorm.weight]
Loading weights:  82%|########1 | 239/292 [00:00<00:00, 289.46it/s, Materializing param=gpt_neox.layers.19.mlp.dense_4h_to_h.bias]
Loading weights:  82%|########1 | 239/292 [00:00<00:00, 289.46it/s, Materializing param=gpt_neox.layers.19.mlp.dense_4h_to_h.bias]
Loading weights:  82%|########2 | 240/292 [00:00<00:00, 289.46it/s, Materializing param=gpt_neox.layers.19.mlp.dense_4h_to_h.weight]
Loading weights:  82%|########2 | 240/292 [00:00<00:00, 289.46it/s, Materializing param=gpt_neox.layers.19.mlp.dense_4h_to_h.weight]
Loading weights:  83%|########2 | 241/292 [00:00<00:00, 289.46it/s, Materializing param=gpt_neox.layers.19.mlp.dense_h_to_4h.bias]  
Loading weights:  83%|########2 | 241/292 [00:00<00:00, 289.46it/s, Materializing param=gpt_neox.layers.19.mlp.dense_h_to_4h.bias]
Loading weights:  83%|########2 | 242/292 [00:00<00:00, 289.46it/s, Materializing param=gpt_neox.layers.19.mlp.dense_h_to_4h.weight]
Loading weights:  83%|########2 | 242/292 [00:00<00:00, 289.46it/s, Materializing param=gpt_neox.layers.19.mlp.dense_h_to_4h.weight]
Loading weights:  83%|########3 | 243/292 [00:00<00:00, 289.46it/s, Materializing param=gpt_neox.layers.19.post_attention_layernorm.bias]
Loading weights:  83%|########3 | 243/292 [00:00<00:00, 289.46it/s, Materializing param=gpt_neox.layers.19.post_attention_layernorm.bias]
Loading weights:  84%|########3 | 244/292 [00:00<00:00, 289.46it/s, Materializing param=gpt_neox.layers.19.post_attention_layernorm.weight]
Loading weights:  84%|########3 | 244/292 [00:00<00:00, 289.46it/s, Materializing param=gpt_neox.layers.19.post_attention_layernorm.weight]
Loading weights:  84%|########3 | 245/292 [00:00<00:00, 289.46it/s, Materializing param=gpt_neox.layers.20.attention.dense.bias]           
Loading weights:  84%|########3 | 245/292 [00:00<00:00, 289.46it/s, Materializing param=gpt_neox.layers.20.attention.dense.bias]
Loading weights:  84%|########4 | 246/292 [00:00<00:00, 289.46it/s, Materializing param=gpt_neox.layers.20.attention.dense.weight]
Loading weights:  84%|########4 | 246/292 [00:00<00:00, 289.46it/s, Materializing param=gpt_neox.layers.20.attention.dense.weight]
Loading weights:  85%|########4 | 247/292 [00:00<00:00, 289.46it/s, Materializing param=gpt_neox.layers.20.attention.query_key_value.bias]
Loading weights:  85%|########4 | 247/292 [00:00<00:00, 289.46it/s, Materializing param=gpt_neox.layers.20.attention.query_key_value.bias]
Loading weights:  85%|########4 | 248/292 [00:00<00:00, 289.46it/s, Materializing param=gpt_neox.layers.20.attention.query_key_value.weight]
Loading weights:  85%|########4 | 248/292 [00:00<00:00, 289.46it/s, Materializing param=gpt_neox.layers.20.attention.query_key_value.weight]
Loading weights:  85%|########5 | 249/292 [00:00<00:00, 289.46it/s, Materializing param=gpt_neox.layers.20.input_layernorm.bias]            
Loading weights:  85%|########5 | 249/292 [00:00<00:00, 289.46it/s, Materializing param=gpt_neox.layers.20.input_layernorm.bias]
Loading weights:  86%|########5 | 250/292 [00:00<00:00, 289.46it/s, Materializing param=gpt_neox.layers.20.input_layernorm.weight]
Loading weights:  86%|########5 | 250/292 [00:00<00:00, 289.46it/s, Materializing param=gpt_neox.layers.20.input_layernorm.weight]
Loading weights:  86%|########5 | 251/292 [00:00<00:00, 289.46it/s, Materializing param=gpt_neox.layers.20.mlp.dense_4h_to_h.bias]
Loading weights:  86%|########5 | 251/292 [00:00<00:00, 289.46it/s, Materializing param=gpt_neox.layers.20.mlp.dense_4h_to_h.bias]
Loading weights:  86%|########6 | 252/292 [00:00<00:00, 289.46it/s, Materializing param=gpt_neox.layers.20.mlp.dense_4h_to_h.weight]
Loading weights:  86%|########6 | 252/292 [00:00<00:00, 289.46it/s, Materializing param=gpt_neox.layers.20.mlp.dense_4h_to_h.weight]
Loading weights:  87%|########6 | 253/292 [00:00<00:00, 289.46it/s, Materializing param=gpt_neox.layers.20.mlp.dense_h_to_4h.bias]  
Loading weights:  87%|########6 | 253/292 [00:00<00:00, 289.46it/s, Materializing param=gpt_neox.layers.20.mlp.dense_h_to_4h.bias]
Loading weights:  87%|########6 | 254/292 [00:00<00:00, 289.46it/s, Materializing param=gpt_neox.layers.20.mlp.dense_h_to_4h.weight]
Loading weights:  87%|########6 | 254/292 [00:00<00:00, 289.46it/s, Materializing param=gpt_neox.layers.20.mlp.dense_h_to_4h.weight]
Loading weights:  87%|########7 | 255/292 [00:00<00:00, 289.46it/s, Materializing param=gpt_neox.layers.20.post_attention_layernorm.bias]
Loading weights:  87%|########7 | 255/292 [00:00<00:00, 289.46it/s, Materializing param=gpt_neox.layers.20.post_attention_layernorm.bias]
Loading weights:  88%|########7 | 256/292 [00:00<00:00, 289.46it/s, Materializing param=gpt_neox.layers.20.post_attention_layernorm.weight]
Loading weights:  88%|########7 | 256/292 [00:00<00:00, 289.46it/s, Materializing param=gpt_neox.layers.20.post_attention_layernorm.weight]
Loading weights:  88%|########8 | 257/292 [00:00<00:00, 289.46it/s, Materializing param=gpt_neox.layers.21.attention.dense.bias]           
Loading weights:  88%|########8 | 257/292 [00:00<00:00, 289.46it/s, Materializing param=gpt_neox.layers.21.attention.dense.bias]
Loading weights:  88%|########8 | 258/292 [00:00<00:00, 289.46it/s, Materializing param=gpt_neox.layers.21.attention.dense.weight]
Loading weights:  88%|########8 | 258/292 [00:00<00:00, 289.46it/s, Materializing param=gpt_neox.layers.21.attention.dense.weight]
Loading weights:  89%|########8 | 259/292 [00:00<00:00, 289.46it/s, Materializing param=gpt_neox.layers.21.attention.query_key_value.bias]
Loading weights:  89%|########8 | 259/292 [00:00<00:00, 289.46it/s, Materializing param=gpt_neox.layers.21.attention.query_key_value.bias]
Loading weights:  89%|########9 | 260/292 [00:00<00:00, 289.46it/s, Materializing param=gpt_neox.layers.21.attention.query_key_value.weight]
Loading weights:  89%|########9 | 260/292 [00:00<00:00, 289.46it/s, Materializing param=gpt_neox.layers.21.attention.query_key_value.weight]
Loading weights:  89%|########9 | 261/292 [00:00<00:00, 289.46it/s, Materializing param=gpt_neox.layers.21.input_layernorm.bias]            
Loading weights:  89%|########9 | 261/292 [00:00<00:00, 289.46it/s, Materializing param=gpt_neox.layers.21.input_layernorm.bias]
Loading weights:  90%|########9 | 262/292 [00:00<00:00, 289.46it/s, Materializing param=gpt_neox.layers.21.input_layernorm.weight]
Loading weights:  90%|########9 | 262/292 [00:00<00:00, 289.46it/s, Materializing param=gpt_neox.layers.21.input_layernorm.weight]
Loading weights:  90%|######### | 263/292 [00:00<00:00, 289.46it/s, Materializing param=gpt_neox.layers.21.mlp.dense_4h_to_h.bias]
Loading weights:  90%|######### | 263/292 [00:00<00:00, 289.46it/s, Materializing param=gpt_neox.layers.21.mlp.dense_4h_to_h.bias]
Loading weights:  90%|######### | 264/292 [00:00<00:00, 289.46it/s, Materializing param=gpt_neox.layers.21.mlp.dense_4h_to_h.weight]
Loading weights:  90%|######### | 264/292 [00:00<00:00, 289.46it/s, Materializing param=gpt_neox.layers.21.mlp.dense_4h_to_h.weight]
Loading weights:  91%|######### | 265/292 [00:00<00:00, 291.79it/s, Materializing param=gpt_neox.layers.21.mlp.dense_4h_to_h.weight]
Loading weights:  91%|######### | 265/292 [00:00<00:00, 291.79it/s, Materializing param=gpt_neox.layers.21.mlp.dense_h_to_4h.bias]  
Loading weights:  91%|######### | 265/292 [00:00<00:00, 291.79it/s, Materializing param=gpt_neox.layers.21.mlp.dense_h_to_4h.bias]
Loading weights:  91%|#########1| 266/292 [00:00<00:00, 291.79it/s, Materializing param=gpt_neox.layers.21.mlp.dense_h_to_4h.weight]
Loading weights:  91%|#########1| 266/292 [00:00<00:00, 291.79it/s, Materializing param=gpt_neox.layers.21.mlp.dense_h_to_4h.weight]
Loading weights:  91%|#########1| 267/292 [00:00<00:00, 291.79it/s, Materializing param=gpt_neox.layers.21.post_attention_layernorm.bias]
Loading weights:  91%|#########1| 267/292 [00:00<00:00, 291.79it/s, Materializing param=gpt_neox.layers.21.post_attention_layernorm.bias]
Loading weights:  92%|#########1| 268/292 [00:00<00:00, 291.79it/s, Materializing param=gpt_neox.layers.21.post_attention_layernorm.weight]
Loading weights:  92%|#########1| 268/292 [00:00<00:00, 291.79it/s, Materializing param=gpt_neox.layers.21.post_attention_layernorm.weight]
Loading weights:  92%|#########2| 269/292 [00:00<00:00, 291.79it/s, Materializing param=gpt_neox.layers.22.attention.dense.bias]           
Loading weights:  92%|#########2| 269/292 [00:00<00:00, 291.79it/s, Materializing param=gpt_neox.layers.22.attention.dense.bias]
Loading weights:  92%|#########2| 270/292 [00:00<00:00, 291.79it/s, Materializing param=gpt_neox.layers.22.attention.dense.weight]
Loading weights:  92%|#########2| 270/292 [00:00<00:00, 291.79it/s, Materializing param=gpt_neox.layers.22.attention.dense.weight]
Loading weights:  93%|#########2| 271/292 [00:00<00:00, 291.79it/s, Materializing param=gpt_neox.layers.22.attention.query_key_value.bias]
Loading weights:  93%|#########2| 271/292 [00:00<00:00, 291.79it/s, Materializing param=gpt_neox.layers.22.attention.query_key_value.bias]
Loading weights:  93%|#########3| 272/292 [00:00<00:00, 291.79it/s, Materializing param=gpt_neox.layers.22.attention.query_key_value.weight]
Loading weights:  93%|#########3| 272/292 [00:00<00:00, 291.79it/s, Materializing param=gpt_neox.layers.22.attention.query_key_value.weight]
Loading weights:  93%|#########3| 273/292 [00:00<00:00, 291.79it/s, Materializing param=gpt_neox.layers.22.input_layernorm.bias]            
Loading weights:  93%|#########3| 273/292 [00:00<00:00, 291.79it/s, Materializing param=gpt_neox.layers.22.input_layernorm.bias]
Loading weights:  94%|#########3| 274/292 [00:00<00:00, 291.79it/s, Materializing param=gpt_neox.layers.22.input_layernorm.weight]
Loading weights:  94%|#########3| 274/292 [00:00<00:00, 291.79it/s, Materializing param=gpt_neox.layers.22.input_layernorm.weight]
Loading weights:  94%|#########4| 275/292 [00:00<00:00, 291.79it/s, Materializing param=gpt_neox.layers.22.mlp.dense_4h_to_h.bias]
Loading weights:  94%|#########4| 275/292 [00:00<00:00, 291.79it/s, Materializing param=gpt_neox.layers.22.mlp.dense_4h_to_h.bias]
Loading weights:  95%|#########4| 276/292 [00:00<00:00, 291.79it/s, Materializing param=gpt_neox.layers.22.mlp.dense_4h_to_h.weight]
Loading weights:  95%|#########4| 276/292 [00:00<00:00, 291.79it/s, Materializing param=gpt_neox.layers.22.mlp.dense_4h_to_h.weight]
Loading weights:  95%|#########4| 277/292 [00:00<00:00, 291.79it/s, Materializing param=gpt_neox.layers.22.mlp.dense_h_to_4h.bias]  
Loading weights:  95%|#########4| 277/292 [00:00<00:00, 291.79it/s, Materializing param=gpt_neox.layers.22.mlp.dense_h_to_4h.bias]
Loading weights:  95%|#########5| 278/292 [00:00<00:00, 291.79it/s, Materializing param=gpt_neox.layers.22.mlp.dense_h_to_4h.weight]
Loading weights:  95%|#########5| 278/292 [00:00<00:00, 291.79it/s, Materializing param=gpt_neox.layers.22.mlp.dense_h_to_4h.weight]
Loading weights:  96%|#########5| 279/292 [00:00<00:00, 291.79it/s, Materializing param=gpt_neox.layers.22.post_attention_layernorm.bias]
Loading weights:  96%|#########5| 279/292 [00:00<00:00, 291.79it/s, Materializing param=gpt_neox.layers.22.post_attention_layernorm.bias]
Loading weights:  96%|#########5| 280/292 [00:00<00:00, 291.79it/s, Materializing param=gpt_neox.layers.22.post_attention_layernorm.weight]
Loading weights:  96%|#########5| 280/292 [00:00<00:00, 291.79it/s, Materializing param=gpt_neox.layers.22.post_attention_layernorm.weight]
Loading weights:  96%|#########6| 281/292 [00:00<00:00, 291.79it/s, Materializing param=gpt_neox.layers.23.attention.dense.bias]           
Loading weights:  96%|#########6| 281/292 [00:00<00:00, 291.79it/s, Materializing param=gpt_neox.layers.23.attention.dense.bias]
Loading weights:  97%|#########6| 282/292 [00:00<00:00, 291.79it/s, Materializing param=gpt_neox.layers.23.attention.dense.weight]
Loading weights:  97%|#########6| 282/292 [00:00<00:00, 291.79it/s, Materializing param=gpt_neox.layers.23.attention.dense.weight]
Loading weights:  97%|#########6| 283/292 [00:00<00:00, 291.79it/s, Materializing param=gpt_neox.layers.23.attention.query_key_value.bias]
Loading weights:  97%|#########6| 283/292 [00:01<00:00, 291.79it/s, Materializing param=gpt_neox.layers.23.attention.query_key_value.bias]
Loading weights:  97%|#########7| 284/292 [00:01<00:00, 291.79it/s, Materializing param=gpt_neox.layers.23.attention.query_key_value.weight]
Loading weights:  97%|#########7| 284/292 [00:01<00:00, 291.79it/s, Materializing param=gpt_neox.layers.23.attention.query_key_value.weight]
Loading weights:  98%|#########7| 285/292 [00:01<00:00, 291.79it/s, Materializing param=gpt_neox.layers.23.input_layernorm.bias]            
Loading weights:  98%|#########7| 285/292 [00:01<00:00, 291.79it/s, Materializing param=gpt_neox.layers.23.input_layernorm.bias]
Loading weights:  98%|#########7| 286/292 [00:01<00:00, 291.79it/s, Materializing param=gpt_neox.layers.23.input_layernorm.weight]
Loading weights:  98%|#########7| 286/292 [00:01<00:00, 291.79it/s, Materializing param=gpt_neox.layers.23.input_layernorm.weight]
Loading weights:  98%|#########8| 287/292 [00:01<00:00, 291.79it/s, Materializing param=gpt_neox.layers.23.mlp.dense_4h_to_h.bias]
Loading weights:  98%|#########8| 287/292 [00:01<00:00, 291.79it/s, Materializing param=gpt_neox.layers.23.mlp.dense_4h_to_h.bias]
Loading weights:  99%|#########8| 288/292 [00:01<00:00, 291.79it/s, Materializing param=gpt_neox.layers.23.mlp.dense_4h_to_h.weight]
Loading weights:  99%|#########8| 288/292 [00:01<00:00, 291.79it/s, Materializing param=gpt_neox.layers.23.mlp.dense_4h_to_h.weight]
Loading weights:  99%|#########8| 289/292 [00:01<00:00, 291.79it/s, Materializing param=gpt_neox.layers.23.mlp.dense_h_to_4h.bias]  
Loading weights:  99%|#########8| 289/292 [00:01<00:00, 291.79it/s, Materializing param=gpt_neox.layers.23.mlp.dense_h_to_4h.bias]
Loading weights:  99%|#########9| 290/292 [00:01<00:00, 291.79it/s, Materializing param=gpt_neox.layers.23.mlp.dense_h_to_4h.weight]
Loading weights:  99%|#########9| 290/292 [00:01<00:00, 291.79it/s, Materializing param=gpt_neox.layers.23.mlp.dense_h_to_4h.weight]
Loading weights: 100%|#########9| 291/292 [00:01<00:00, 291.79it/s, Materializing param=gpt_neox.layers.23.post_attention_layernorm.bias]
Loading weights: 100%|#########9| 291/292 [00:01<00:00, 291.79it/s, Materializing param=gpt_neox.layers.23.post_attention_layernorm.bias]
Loading weights: 100%|##########| 292/292 [00:01<00:00, 291.79it/s, Materializing param=gpt_neox.layers.23.post_attention_layernorm.weight]
Loading weights: 100%|##########| 292/292 [00:01<00:00, 291.79it/s, Materializing param=gpt_neox.layers.23.post_attention_layernorm.weight]
Loading weights: 100%|##########| 292/292 [00:01<00:00, 264.90it/s, Materializing param=gpt_neox.layers.23.post_attention_layernorm.weight]

Loading weights:   0%|          | 0/292 [00:00<?, ?it/s]
Loading weights:   0%|          | 1/292 [00:00<00:00, 16777.22it/s, Materializing param=embed_out.weight]
Loading weights:   0%|          | 1/292 [00:00<00:00, 6260.16it/s, Materializing param=embed_out.weight] 
Loading weights:   1%|          | 2/292 [00:00<00:00, 2446.37it/s, Materializing param=gpt_neox.embed_in.weight]
Loading weights:   1%|          | 2/292 [00:00<00:00, 2130.71it/s, Materializing param=gpt_neox.embed_in.weight]
Loading weights:   1%|1         | 3/292 [00:00<00:03, 73.67it/s, Materializing param=gpt_neox.final_layer_norm.bias]
Loading weights:   1%|1         | 3/292 [00:00<00:03, 72.87it/s, Materializing param=gpt_neox.final_layer_norm.bias]
Loading weights:   1%|1         | 4/292 [00:00<00:03, 94.25it/s, Materializing param=gpt_neox.final_layer_norm.weight]
Loading weights:   1%|1         | 4/292 [00:00<00:03, 93.87it/s, Materializing param=gpt_neox.final_layer_norm.weight]
Loading weights:   2%|1         | 5/292 [00:00<00:02, 116.73it/s, Materializing param=gpt_neox.layers.0.attention.dense.bias]
Loading weights:   2%|1         | 5/292 [00:00<00:02, 116.49it/s, Materializing param=gpt_neox.layers.0.attention.dense.bias]
Loading weights:   2%|2         | 6/292 [00:00<00:02, 139.23it/s, Materializing param=gpt_neox.layers.0.attention.dense.weight]
Loading weights:   2%|2         | 6/292 [00:00<00:02, 139.00it/s, Materializing param=gpt_neox.layers.0.attention.dense.weight]
Loading weights:   2%|2         | 7/292 [00:00<00:01, 161.65it/s, Materializing param=gpt_neox.layers.0.attention.query_key_value.bias]
Loading weights:   2%|2         | 7/292 [00:00<00:01, 161.42it/s, Materializing param=gpt_neox.layers.0.attention.query_key_value.bias]
Loading weights:   3%|2         | 8/292 [00:00<00:01, 183.96it/s, Materializing param=gpt_neox.layers.0.attention.query_key_value.weight]
Loading weights:   3%|2         | 8/292 [00:00<00:01, 183.69it/s, Materializing param=gpt_neox.layers.0.attention.query_key_value.weight]
Loading weights:   3%|3         | 9/292 [00:00<00:01, 155.35it/s, Materializing param=gpt_neox.layers.0.input_layernorm.bias]            
Loading weights:   3%|3         | 9/292 [00:00<00:01, 154.85it/s, Materializing param=gpt_neox.layers.0.input_layernorm.bias]
Loading weights:   3%|3         | 10/292 [00:00<00:01, 171.30it/s, Materializing param=gpt_neox.layers.0.input_layernorm.weight]
Loading weights:   3%|3         | 10/292 [00:00<00:01, 170.96it/s, Materializing param=gpt_neox.layers.0.input_layernorm.weight]
Loading weights:   4%|3         | 11/292 [00:00<00:01, 187.56it/s, Materializing param=gpt_neox.layers.0.mlp.dense_4h_to_h.bias]
Loading weights:   4%|3         | 11/292 [00:00<00:01, 187.32it/s, Materializing param=gpt_neox.layers.0.mlp.dense_4h_to_h.bias]
Loading weights:   4%|4         | 12/292 [00:00<00:01, 203.78it/s, Materializing param=gpt_neox.layers.0.mlp.dense_4h_to_h.weight]
Loading weights:   4%|4         | 12/292 [00:00<00:01, 202.87it/s, Materializing param=gpt_neox.layers.0.mlp.dense_4h_to_h.weight]
Loading weights:   4%|4         | 13/292 [00:00<00:01, 189.33it/s, Materializing param=gpt_neox.layers.0.mlp.dense_h_to_4h.bias]  
Loading weights:   4%|4         | 13/292 [00:00<00:01, 188.71it/s, Materializing param=gpt_neox.layers.0.mlp.dense_h_to_4h.bias]
Loading weights:   5%|4         | 14/292 [00:00<00:01, 202.69it/s, Materializing param=gpt_neox.layers.0.mlp.dense_h_to_4h.weight]
Loading weights:   5%|4         | 14/292 [00:00<00:01, 202.49it/s, Materializing param=gpt_neox.layers.0.mlp.dense_h_to_4h.weight]
Loading weights:   5%|5         | 15/292 [00:00<00:01, 204.25it/s, Materializing param=gpt_neox.layers.0.post_attention_layernorm.bias]
Loading weights:   5%|5         | 15/292 [00:00<00:01, 203.78it/s, Materializing param=gpt_neox.layers.0.post_attention_layernorm.bias]
Loading weights:   5%|5         | 16/292 [00:00<00:01, 216.85it/s, Materializing param=gpt_neox.layers.0.post_attention_layernorm.weight]
Loading weights:   5%|5         | 16/292 [00:00<00:01, 216.63it/s, Materializing param=gpt_neox.layers.0.post_attention_layernorm.weight]
Loading weights:   6%|5         | 17/292 [00:00<00:01, 229.78it/s, Materializing param=gpt_neox.layers.1.attention.dense.bias]           
Loading weights:   6%|5         | 17/292 [00:00<00:01, 229.58it/s, Materializing param=gpt_neox.layers.1.attention.dense.bias]
Loading weights:   6%|6         | 18/292 [00:00<00:01, 242.48it/s, Materializing param=gpt_neox.layers.1.attention.dense.weight]
Loading weights:   6%|6         | 18/292 [00:00<00:01, 242.27it/s, Materializing param=gpt_neox.layers.1.attention.dense.weight]
Loading weights:   7%|6         | 19/292 [00:00<00:01, 253.74it/s, Materializing param=gpt_neox.layers.1.attention.query_key_value.bias]
Loading weights:   7%|6         | 19/292 [00:00<00:01, 253.44it/s, Materializing param=gpt_neox.layers.1.attention.query_key_value.bias]
Loading weights:   7%|6         | 20/292 [00:00<00:01, 266.03it/s, Materializing param=gpt_neox.layers.1.attention.query_key_value.weight]
Loading weights:   7%|6         | 20/292 [00:00<00:01, 265.79it/s, Materializing param=gpt_neox.layers.1.attention.query_key_value.weight]
Loading weights:   7%|7         | 21/292 [00:00<00:00, 272.30it/s, Materializing param=gpt_neox.layers.1.input_layernorm.bias]            
Loading weights:   7%|7         | 21/292 [00:00<00:00, 271.70it/s, Materializing param=gpt_neox.layers.1.input_layernorm.bias]
Loading weights:   8%|7         | 22/292 [00:00<00:00, 281.66it/s, Materializing param=gpt_neox.layers.1.input_layernorm.weight]
Loading weights:   8%|7         | 22/292 [00:00<00:00, 280.97it/s, Materializing param=gpt_neox.layers.1.input_layernorm.weight]
Loading weights:   8%|7         | 23/292 [00:00<00:00, 274.85it/s, Materializing param=gpt_neox.layers.1.mlp.dense_4h_to_h.bias]
Loading weights:   8%|7         | 23/292 [00:00<00:00, 273.88it/s, Materializing param=gpt_neox.layers.1.mlp.dense_4h_to_h.bias]
Loading weights:   8%|8         | 24/292 [00:00<00:00, 284.92it/s, Materializing param=gpt_neox.layers.1.mlp.dense_4h_to_h.weight]
Loading weights:   8%|8         | 24/292 [00:00<00:00, 284.61it/s, Materializing param=gpt_neox.layers.1.mlp.dense_4h_to_h.weight]
Loading weights:   9%|8         | 25/292 [00:00<00:01, 260.83it/s, Materializing param=gpt_neox.layers.1.mlp.dense_h_to_4h.bias]  
Loading weights:   9%|8         | 25/292 [00:00<00:01, 260.06it/s, Materializing param=gpt_neox.layers.1.mlp.dense_h_to_4h.bias]
Loading weights:   9%|8         | 26/292 [00:00<00:00, 268.28it/s, Materializing param=gpt_neox.layers.1.mlp.dense_h_to_4h.weight]
Loading weights:   9%|8         | 26/292 [00:00<00:00, 267.88it/s, Materializing param=gpt_neox.layers.1.mlp.dense_h_to_4h.weight]
Loading weights:   9%|9         | 27/292 [00:00<00:01, 246.61it/s, Materializing param=gpt_neox.layers.1.mlp.dense_h_to_4h.weight]
Loading weights:   9%|9         | 27/292 [00:00<00:01, 246.61it/s, Materializing param=gpt_neox.layers.1.post_attention_layernorm.bias]
Loading weights:   9%|9         | 27/292 [00:00<00:01, 246.61it/s, Materializing param=gpt_neox.layers.1.post_attention_layernorm.bias]
Loading weights:  10%|9         | 28/292 [00:00<00:01, 246.61it/s, Materializing param=gpt_neox.layers.1.post_attention_layernorm.weight]
Loading weights:  10%|9         | 28/292 [00:00<00:01, 246.61it/s, Materializing param=gpt_neox.layers.1.post_attention_layernorm.weight]
Loading weights:  10%|9         | 29/292 [00:00<00:01, 246.61it/s, Materializing param=gpt_neox.layers.2.attention.dense.bias]           
Loading weights:  10%|9         | 29/292 [00:00<00:01, 246.61it/s, Materializing param=gpt_neox.layers.2.attention.dense.bias]
Loading weights:  10%|#         | 30/292 [00:00<00:01, 246.61it/s, Materializing param=gpt_neox.layers.2.attention.dense.weight]
Loading weights:  10%|#         | 30/292 [00:00<00:01, 246.61it/s, Materializing param=gpt_neox.layers.2.attention.dense.weight]
Loading weights:  11%|#         | 31/292 [00:00<00:01, 246.61it/s, Materializing param=gpt_neox.layers.2.attention.query_key_value.bias]
Loading weights:  11%|#         | 31/292 [00:00<00:01, 246.61it/s, Materializing param=gpt_neox.layers.2.attention.query_key_value.bias]
Loading weights:  11%|#         | 32/292 [00:00<00:01, 246.61it/s, Materializing param=gpt_neox.layers.2.attention.query_key_value.weight]
Loading weights:  11%|#         | 32/292 [00:00<00:01, 246.61it/s, Materializing param=gpt_neox.layers.2.attention.query_key_value.weight]
Loading weights:  11%|#1        | 33/292 [00:00<00:01, 246.61it/s, Materializing param=gpt_neox.layers.2.input_layernorm.bias]            
Loading weights:  11%|#1        | 33/292 [00:00<00:01, 246.61it/s, Materializing param=gpt_neox.layers.2.input_layernorm.bias]
Loading weights:  12%|#1        | 34/292 [00:00<00:01, 246.61it/s, Materializing param=gpt_neox.layers.2.input_layernorm.weight]
Loading weights:  12%|#1        | 34/292 [00:00<00:01, 246.61it/s, Materializing param=gpt_neox.layers.2.input_layernorm.weight]
Loading weights:  12%|#1        | 35/292 [00:00<00:01, 246.61it/s, Materializing param=gpt_neox.layers.2.mlp.dense_4h_to_h.bias]
Loading weights:  12%|#1        | 35/292 [00:00<00:01, 246.61it/s, Materializing param=gpt_neox.layers.2.mlp.dense_4h_to_h.bias]
Loading weights:  12%|#2        | 36/292 [00:00<00:01, 246.61it/s, Materializing param=gpt_neox.layers.2.mlp.dense_4h_to_h.weight]
Loading weights:  12%|#2        | 36/292 [00:00<00:01, 246.61it/s, Materializing param=gpt_neox.layers.2.mlp.dense_4h_to_h.weight]
Loading weights:  13%|#2        | 37/292 [00:00<00:01, 246.61it/s, Materializing param=gpt_neox.layers.2.mlp.dense_h_to_4h.bias]  
Loading weights:  13%|#2        | 37/292 [00:00<00:01, 246.61it/s, Materializing param=gpt_neox.layers.2.mlp.dense_h_to_4h.bias]
Loading weights:  13%|#3        | 38/292 [00:00<00:01, 246.61it/s, Materializing param=gpt_neox.layers.2.mlp.dense_h_to_4h.weight]
Loading weights:  13%|#3        | 38/292 [00:00<00:01, 246.61it/s, Materializing param=gpt_neox.layers.2.mlp.dense_h_to_4h.weight]
Loading weights:  13%|#3        | 39/292 [00:00<00:01, 246.61it/s, Materializing param=gpt_neox.layers.2.post_attention_layernorm.bias]
Loading weights:  13%|#3        | 39/292 [00:00<00:01, 246.61it/s, Materializing param=gpt_neox.layers.2.post_attention_layernorm.bias]
Loading weights:  14%|#3        | 40/292 [00:00<00:01, 246.61it/s, Materializing param=gpt_neox.layers.2.post_attention_layernorm.weight]
Loading weights:  14%|#3        | 40/292 [00:00<00:01, 246.61it/s, Materializing param=gpt_neox.layers.2.post_attention_layernorm.weight]
Loading weights:  14%|#4        | 41/292 [00:00<00:01, 246.61it/s, Materializing param=gpt_neox.layers.3.attention.dense.bias]           
Loading weights:  14%|#4        | 41/292 [00:00<00:01, 246.61it/s, Materializing param=gpt_neox.layers.3.attention.dense.bias]
Loading weights:  14%|#4        | 42/292 [00:00<00:01, 246.61it/s, Materializing param=gpt_neox.layers.3.attention.dense.weight]
Loading weights:  14%|#4        | 42/292 [00:00<00:01, 246.61it/s, Materializing param=gpt_neox.layers.3.attention.dense.weight]
Loading weights:  15%|#4        | 43/292 [00:00<00:01, 246.61it/s, Materializing param=gpt_neox.layers.3.attention.query_key_value.bias]
Loading weights:  15%|#4        | 43/292 [00:00<00:01, 246.61it/s, Materializing param=gpt_neox.layers.3.attention.query_key_value.bias]
Loading weights:  15%|#5        | 44/292 [00:00<00:01, 246.61it/s, Materializing param=gpt_neox.layers.3.attention.query_key_value.weight]
Loading weights:  15%|#5        | 44/292 [00:00<00:01, 246.61it/s, Materializing param=gpt_neox.layers.3.attention.query_key_value.weight]
Loading weights:  15%|#5        | 45/292 [00:00<00:01, 246.61it/s, Materializing param=gpt_neox.layers.3.input_layernorm.bias]            
Loading weights:  15%|#5        | 45/292 [00:00<00:01, 246.61it/s, Materializing param=gpt_neox.layers.3.input_layernorm.bias]
Loading weights:  16%|#5        | 46/292 [00:00<00:00, 246.61it/s, Materializing param=gpt_neox.layers.3.input_layernorm.weight]
Loading weights:  16%|#5        | 46/292 [00:00<00:00, 246.61it/s, Materializing param=gpt_neox.layers.3.input_layernorm.weight]
Loading weights:  16%|#6        | 47/292 [00:00<00:00, 246.61it/s, Materializing param=gpt_neox.layers.3.mlp.dense_4h_to_h.bias]
Loading weights:  16%|#6        | 47/292 [00:00<00:00, 246.61it/s, Materializing param=gpt_neox.layers.3.mlp.dense_4h_to_h.bias]
Loading weights:  16%|#6        | 48/292 [00:00<00:00, 246.61it/s, Materializing param=gpt_neox.layers.3.mlp.dense_4h_to_h.weight]
Loading weights:  16%|#6        | 48/292 [00:00<00:00, 246.61it/s, Materializing param=gpt_neox.layers.3.mlp.dense_4h_to_h.weight]
Loading weights:  17%|#6        | 49/292 [00:00<00:00, 246.61it/s, Materializing param=gpt_neox.layers.3.mlp.dense_h_to_4h.bias]  
Loading weights:  17%|#6        | 49/292 [00:00<00:00, 246.61it/s, Materializing param=gpt_neox.layers.3.mlp.dense_h_to_4h.bias]
Loading weights:  17%|#7        | 50/292 [00:00<00:00, 246.61it/s, Materializing param=gpt_neox.layers.3.mlp.dense_h_to_4h.weight]
Loading weights:  17%|#7        | 50/292 [00:00<00:00, 246.61it/s, Materializing param=gpt_neox.layers.3.mlp.dense_h_to_4h.weight]
Loading weights:  17%|#7        | 51/292 [00:00<00:00, 246.61it/s, Materializing param=gpt_neox.layers.3.post_attention_layernorm.bias]
Loading weights:  17%|#7        | 51/292 [00:00<00:00, 246.61it/s, Materializing param=gpt_neox.layers.3.post_attention_layernorm.bias]
Loading weights:  18%|#7        | 52/292 [00:00<00:00, 246.61it/s, Materializing param=gpt_neox.layers.3.post_attention_layernorm.weight]
Loading weights:  18%|#7        | 52/292 [00:00<00:00, 246.61it/s, Materializing param=gpt_neox.layers.3.post_attention_layernorm.weight]
Loading weights:  18%|#8        | 53/292 [00:00<00:00, 246.61it/s, Materializing param=gpt_neox.layers.4.attention.dense.bias]           
Loading weights:  18%|#8        | 53/292 [00:00<00:00, 246.61it/s, Materializing param=gpt_neox.layers.4.attention.dense.bias]
Loading weights:  18%|#8        | 54/292 [00:00<00:00, 246.61it/s, Materializing param=gpt_neox.layers.4.attention.dense.weight]
Loading weights:  18%|#8        | 54/292 [00:00<00:00, 246.61it/s, Materializing param=gpt_neox.layers.4.attention.dense.weight]
Loading weights:  19%|#8        | 55/292 [00:00<00:00, 246.61it/s, Materializing param=gpt_neox.layers.4.attention.query_key_value.bias]
Loading weights:  19%|#8        | 55/292 [00:00<00:00, 246.61it/s, Materializing param=gpt_neox.layers.4.attention.query_key_value.bias]
Loading weights:  19%|#9        | 56/292 [00:00<00:00, 246.61it/s, Materializing param=gpt_neox.layers.4.attention.query_key_value.weight]
Loading weights:  19%|#9        | 56/292 [00:00<00:00, 246.61it/s, Materializing param=gpt_neox.layers.4.attention.query_key_value.weight]
Loading weights:  20%|#9        | 57/292 [00:00<00:00, 246.61it/s, Materializing param=gpt_neox.layers.4.input_layernorm.bias]            
Loading weights:  20%|#9        | 57/292 [00:00<00:00, 246.61it/s, Materializing param=gpt_neox.layers.4.input_layernorm.bias]
Loading weights:  20%|#9        | 58/292 [00:00<00:00, 246.61it/s, Materializing param=gpt_neox.layers.4.input_layernorm.weight]
Loading weights:  20%|#9        | 58/292 [00:00<00:00, 246.61it/s, Materializing param=gpt_neox.layers.4.input_layernorm.weight]
Loading weights:  20%|##        | 59/292 [00:00<00:00, 246.61it/s, Materializing param=gpt_neox.layers.4.mlp.dense_4h_to_h.bias]
Loading weights:  20%|##        | 59/292 [00:00<00:00, 246.61it/s, Materializing param=gpt_neox.layers.4.mlp.dense_4h_to_h.bias]
Loading weights:  21%|##        | 60/292 [00:00<00:00, 246.61it/s, Materializing param=gpt_neox.layers.4.mlp.dense_4h_to_h.weight]
Loading weights:  21%|##        | 60/292 [00:00<00:00, 246.61it/s, Materializing param=gpt_neox.layers.4.mlp.dense_4h_to_h.weight]
Loading weights:  21%|##        | 61/292 [00:00<00:00, 246.61it/s, Materializing param=gpt_neox.layers.4.mlp.dense_h_to_4h.bias]  
Loading weights:  21%|##        | 61/292 [00:00<00:00, 246.61it/s, Materializing param=gpt_neox.layers.4.mlp.dense_h_to_4h.bias]
Loading weights:  21%|##1       | 62/292 [00:00<00:00, 246.61it/s, Materializing param=gpt_neox.layers.4.mlp.dense_h_to_4h.weight]
Loading weights:  21%|##1       | 62/292 [00:00<00:00, 246.61it/s, Materializing param=gpt_neox.layers.4.mlp.dense_h_to_4h.weight]
Loading weights:  22%|##1       | 63/292 [00:00<00:00, 285.36it/s, Materializing param=gpt_neox.layers.4.mlp.dense_h_to_4h.weight]
Loading weights:  22%|##1       | 63/292 [00:00<00:00, 285.36it/s, Materializing param=gpt_neox.layers.4.post_attention_layernorm.bias]
Loading weights:  22%|##1       | 63/292 [00:00<00:00, 285.36it/s, Materializing param=gpt_neox.layers.4.post_attention_layernorm.bias]
Loading weights:  22%|##1       | 64/292 [00:00<00:00, 285.36it/s, Materializing param=gpt_neox.layers.4.post_attention_layernorm.weight]
Loading weights:  22%|##1       | 64/292 [00:00<00:00, 285.36it/s, Materializing param=gpt_neox.layers.4.post_attention_layernorm.weight]
Loading weights:  22%|##2       | 65/292 [00:00<00:00, 285.36it/s, Materializing param=gpt_neox.layers.5.attention.dense.bias]           
Loading weights:  22%|##2       | 65/292 [00:00<00:00, 285.36it/s, Materializing param=gpt_neox.layers.5.attention.dense.bias]
Loading weights:  23%|##2       | 66/292 [00:00<00:00, 285.36it/s, Materializing param=gpt_neox.layers.5.attention.dense.weight]
Loading weights:  23%|##2       | 66/292 [00:00<00:00, 285.36it/s, Materializing param=gpt_neox.layers.5.attention.dense.weight]
Loading weights:  23%|##2       | 67/292 [00:00<00:00, 285.36it/s, Materializing param=gpt_neox.layers.5.attention.query_key_value.bias]
Loading weights:  23%|##2       | 67/292 [00:00<00:00, 285.36it/s, Materializing param=gpt_neox.layers.5.attention.query_key_value.bias]
Loading weights:  23%|##3       | 68/292 [00:00<00:00, 285.36it/s, Materializing param=gpt_neox.layers.5.attention.query_key_value.weight]
Loading weights:  23%|##3       | 68/292 [00:00<00:00, 285.36it/s, Materializing param=gpt_neox.layers.5.attention.query_key_value.weight]
Loading weights:  24%|##3       | 69/292 [00:00<00:00, 285.36it/s, Materializing param=gpt_neox.layers.5.input_layernorm.bias]            
Loading weights:  24%|##3       | 69/292 [00:00<00:00, 285.36it/s, Materializing param=gpt_neox.layers.5.input_layernorm.bias]
Loading weights:  24%|##3       | 70/292 [00:00<00:00, 285.36it/s, Materializing param=gpt_neox.layers.5.input_layernorm.weight]
Loading weights:  24%|##3       | 70/292 [00:00<00:00, 285.36it/s, Materializing param=gpt_neox.layers.5.input_layernorm.weight]
Loading weights:  24%|##4       | 71/292 [00:00<00:00, 285.36it/s, Materializing param=gpt_neox.layers.5.mlp.dense_4h_to_h.bias]
Loading weights:  24%|##4       | 71/292 [00:00<00:00, 285.36it/s, Materializing param=gpt_neox.layers.5.mlp.dense_4h_to_h.bias]
Loading weights:  25%|##4       | 72/292 [00:00<00:00, 285.36it/s, Materializing param=gpt_neox.layers.5.mlp.dense_4h_to_h.weight]
Loading weights:  25%|##4       | 72/292 [00:00<00:00, 285.36it/s, Materializing param=gpt_neox.layers.5.mlp.dense_4h_to_h.weight]
Loading weights:  25%|##5       | 73/292 [00:00<00:00, 285.36it/s, Materializing param=gpt_neox.layers.5.mlp.dense_h_to_4h.bias]  
Loading weights:  25%|##5       | 73/292 [00:00<00:00, 285.36it/s, Materializing param=gpt_neox.layers.5.mlp.dense_h_to_4h.bias]
Loading weights:  25%|##5       | 74/292 [00:00<00:00, 285.36it/s, Materializing param=gpt_neox.layers.5.mlp.dense_h_to_4h.weight]
Loading weights:  25%|##5       | 74/292 [00:00<00:00, 285.36it/s, Materializing param=gpt_neox.layers.5.mlp.dense_h_to_4h.weight]
Loading weights:  26%|##5       | 75/292 [00:00<00:00, 285.36it/s, Materializing param=gpt_neox.layers.5.post_attention_layernorm.bias]
Loading weights:  26%|##5       | 75/292 [00:00<00:00, 285.36it/s, Materializing param=gpt_neox.layers.5.post_attention_layernorm.bias]
Loading weights:  26%|##6       | 76/292 [00:00<00:00, 285.36it/s, Materializing param=gpt_neox.layers.5.post_attention_layernorm.weight]
Loading weights:  26%|##6       | 76/292 [00:00<00:00, 285.36it/s, Materializing param=gpt_neox.layers.5.post_attention_layernorm.weight]
Loading weights:  26%|##6       | 77/292 [00:00<00:00, 285.36it/s, Materializing param=gpt_neox.layers.6.attention.dense.bias]           
Loading weights:  26%|##6       | 77/292 [00:00<00:00, 285.36it/s, Materializing param=gpt_neox.layers.6.attention.dense.bias]
Loading weights:  27%|##6       | 78/292 [00:00<00:00, 285.36it/s, Materializing param=gpt_neox.layers.6.attention.dense.weight]
Loading weights:  27%|##6       | 78/292 [00:00<00:00, 285.36it/s, Materializing param=gpt_neox.layers.6.attention.dense.weight]
Loading weights:  27%|##7       | 79/292 [00:00<00:00, 285.36it/s, Materializing param=gpt_neox.layers.6.attention.query_key_value.bias]
Loading weights:  27%|##7       | 79/292 [00:00<00:00, 285.36it/s, Materializing param=gpt_neox.layers.6.attention.query_key_value.bias]
Loading weights:  27%|##7       | 80/292 [00:00<00:00, 285.36it/s, Materializing param=gpt_neox.layers.6.attention.query_key_value.weight]
Loading weights:  27%|##7       | 80/292 [00:00<00:00, 285.36it/s, Materializing param=gpt_neox.layers.6.attention.query_key_value.weight]
Loading weights:  28%|##7       | 81/292 [00:00<00:00, 285.36it/s, Materializing param=gpt_neox.layers.6.input_layernorm.bias]            
Loading weights:  28%|##7       | 81/292 [00:00<00:00, 285.36it/s, Materializing param=gpt_neox.layers.6.input_layernorm.bias]
Loading weights:  28%|##8       | 82/292 [00:00<00:00, 285.36it/s, Materializing param=gpt_neox.layers.6.input_layernorm.weight]
Loading weights:  28%|##8       | 82/292 [00:00<00:00, 285.36it/s, Materializing param=gpt_neox.layers.6.input_layernorm.weight]
Loading weights:  28%|##8       | 83/292 [00:00<00:00, 285.36it/s, Materializing param=gpt_neox.layers.6.mlp.dense_4h_to_h.bias]
Loading weights:  28%|##8       | 83/292 [00:00<00:00, 285.36it/s, Materializing param=gpt_neox.layers.6.mlp.dense_4h_to_h.bias]
Loading weights:  29%|##8       | 84/292 [00:00<00:00, 285.36it/s, Materializing param=gpt_neox.layers.6.mlp.dense_4h_to_h.weight]
Loading weights:  29%|##8       | 84/292 [00:00<00:00, 285.36it/s, Materializing param=gpt_neox.layers.6.mlp.dense_4h_to_h.weight]
Loading weights:  29%|##9       | 85/292 [00:00<00:00, 285.36it/s, Materializing param=gpt_neox.layers.6.mlp.dense_h_to_4h.bias]  
Loading weights:  29%|##9       | 85/292 [00:00<00:00, 285.36it/s, Materializing param=gpt_neox.layers.6.mlp.dense_h_to_4h.bias]
Loading weights:  29%|##9       | 86/292 [00:00<00:00, 285.36it/s, Materializing param=gpt_neox.layers.6.mlp.dense_h_to_4h.weight]
Loading weights:  29%|##9       | 86/292 [00:00<00:00, 285.36it/s, Materializing param=gpt_neox.layers.6.mlp.dense_h_to_4h.weight]
Loading weights:  30%|##9       | 87/292 [00:00<00:00, 285.36it/s, Materializing param=gpt_neox.layers.6.post_attention_layernorm.bias]
Loading weights:  30%|##9       | 87/292 [00:00<00:00, 285.36it/s, Materializing param=gpt_neox.layers.6.post_attention_layernorm.bias]
Loading weights:  30%|###       | 88/292 [00:00<00:00, 285.36it/s, Materializing param=gpt_neox.layers.6.post_attention_layernorm.weight]
Loading weights:  30%|###       | 88/292 [00:00<00:00, 285.36it/s, Materializing param=gpt_neox.layers.6.post_attention_layernorm.weight]
Loading weights:  30%|###       | 89/292 [00:00<00:00, 285.36it/s, Materializing param=gpt_neox.layers.7.attention.dense.bias]           
Loading weights:  30%|###       | 89/292 [00:00<00:00, 285.36it/s, Materializing param=gpt_neox.layers.7.attention.dense.bias]
Loading weights:  31%|###       | 90/292 [00:00<00:00, 285.36it/s, Materializing param=gpt_neox.layers.7.attention.dense.weight]
Loading weights:  31%|###       | 90/292 [00:00<00:00, 285.36it/s, Materializing param=gpt_neox.layers.7.attention.dense.weight]
Loading weights:  31%|###1      | 91/292 [00:00<00:00, 285.36it/s, Materializing param=gpt_neox.layers.7.attention.query_key_value.bias]
Loading weights:  31%|###1      | 91/292 [00:00<00:00, 285.36it/s, Materializing param=gpt_neox.layers.7.attention.query_key_value.bias]
Loading weights:  32%|###1      | 92/292 [00:00<00:00, 285.36it/s, Materializing param=gpt_neox.layers.7.attention.query_key_value.weight]
Loading weights:  32%|###1      | 92/292 [00:00<00:00, 285.36it/s, Materializing param=gpt_neox.layers.7.attention.query_key_value.weight]
Loading weights:  32%|###1      | 93/292 [00:00<00:00, 285.36it/s, Materializing param=gpt_neox.layers.7.input_layernorm.bias]            
Loading weights:  32%|###1      | 93/292 [00:00<00:00, 285.36it/s, Materializing param=gpt_neox.layers.7.input_layernorm.bias]
Loading weights:  32%|###2      | 94/292 [00:00<00:00, 285.36it/s, Materializing param=gpt_neox.layers.7.input_layernorm.weight]
Loading weights:  32%|###2      | 94/292 [00:00<00:00, 285.36it/s, Materializing param=gpt_neox.layers.7.input_layernorm.weight]
Loading weights:  33%|###2      | 95/292 [00:00<00:00, 285.36it/s, Materializing param=gpt_neox.layers.7.mlp.dense_4h_to_h.bias]
Loading weights:  33%|###2      | 95/292 [00:00<00:00, 285.36it/s, Materializing param=gpt_neox.layers.7.mlp.dense_4h_to_h.bias]
Loading weights:  33%|###2      | 96/292 [00:00<00:00, 285.36it/s, Materializing param=gpt_neox.layers.7.mlp.dense_4h_to_h.weight]
Loading weights:  33%|###2      | 96/292 [00:00<00:00, 285.36it/s, Materializing param=gpt_neox.layers.7.mlp.dense_4h_to_h.weight]
Loading weights:  33%|###3      | 97/292 [00:00<00:00, 285.36it/s, Materializing param=gpt_neox.layers.7.mlp.dense_h_to_4h.bias]  
Loading weights:  33%|###3      | 97/292 [00:00<00:00, 285.36it/s, Materializing param=gpt_neox.layers.7.mlp.dense_h_to_4h.bias]
Loading weights:  34%|###3      | 98/292 [00:00<00:00, 285.36it/s, Materializing param=gpt_neox.layers.7.mlp.dense_h_to_4h.weight]
Loading weights:  34%|###3      | 98/292 [00:00<00:00, 285.36it/s, Materializing param=gpt_neox.layers.7.mlp.dense_h_to_4h.weight]
Loading weights:  34%|###3      | 99/292 [00:00<00:00, 285.36it/s, Materializing param=gpt_neox.layers.7.post_attention_layernorm.bias]
Loading weights:  34%|###3      | 99/292 [00:00<00:00, 285.36it/s, Materializing param=gpt_neox.layers.7.post_attention_layernorm.bias]
Loading weights:  34%|###4      | 100/292 [00:00<00:00, 285.36it/s, Materializing param=gpt_neox.layers.7.post_attention_layernorm.weight]
Loading weights:  34%|###4      | 100/292 [00:00<00:00, 285.36it/s, Materializing param=gpt_neox.layers.7.post_attention_layernorm.weight]
Loading weights:  35%|###4      | 101/292 [00:00<00:00, 285.36it/s, Materializing param=gpt_neox.layers.8.attention.dense.bias]           
Loading weights:  35%|###4      | 101/292 [00:00<00:00, 285.36it/s, Materializing param=gpt_neox.layers.8.attention.dense.bias]
Loading weights:  35%|###4      | 102/292 [00:00<00:00, 285.36it/s, Materializing param=gpt_neox.layers.8.attention.dense.weight]
Loading weights:  35%|###4      | 102/292 [00:00<00:00, 285.36it/s, Materializing param=gpt_neox.layers.8.attention.dense.weight]
Loading weights:  35%|###5      | 103/292 [00:00<00:00, 285.36it/s, Materializing param=gpt_neox.layers.8.attention.query_key_value.bias]
Loading weights:  35%|###5      | 103/292 [00:00<00:00, 285.36it/s, Materializing param=gpt_neox.layers.8.attention.query_key_value.bias]
Loading weights:  36%|###5      | 104/292 [00:00<00:00, 285.36it/s, Materializing param=gpt_neox.layers.8.attention.query_key_value.weight]
Loading weights:  36%|###5      | 104/292 [00:00<00:00, 285.36it/s, Materializing param=gpt_neox.layers.8.attention.query_key_value.weight]
Loading weights:  36%|###5      | 105/292 [00:00<00:00, 285.36it/s, Materializing param=gpt_neox.layers.8.input_layernorm.bias]            
Loading weights:  36%|###5      | 105/292 [00:00<00:00, 285.36it/s, Materializing param=gpt_neox.layers.8.input_layernorm.bias]
Loading weights:  36%|###6      | 106/292 [00:00<00:00, 285.36it/s, Materializing param=gpt_neox.layers.8.input_layernorm.weight]
Loading weights:  36%|###6      | 106/292 [00:00<00:00, 285.36it/s, Materializing param=gpt_neox.layers.8.input_layernorm.weight]
Loading weights:  37%|###6      | 107/292 [00:00<00:00, 285.36it/s, Materializing param=gpt_neox.layers.8.mlp.dense_4h_to_h.bias]
Loading weights:  37%|###6      | 107/292 [00:00<00:00, 285.36it/s, Materializing param=gpt_neox.layers.8.mlp.dense_4h_to_h.bias]
Loading weights:  37%|###6      | 108/292 [00:00<00:00, 285.36it/s, Materializing param=gpt_neox.layers.8.mlp.dense_4h_to_h.weight]
Loading weights:  37%|###6      | 108/292 [00:00<00:00, 285.36it/s, Materializing param=gpt_neox.layers.8.mlp.dense_4h_to_h.weight]
Loading weights:  37%|###7      | 109/292 [00:00<00:00, 342.47it/s, Materializing param=gpt_neox.layers.8.mlp.dense_4h_to_h.weight]
Loading weights:  37%|###7      | 109/292 [00:00<00:00, 342.47it/s, Materializing param=gpt_neox.layers.8.mlp.dense_h_to_4h.bias]  
Loading weights:  37%|###7      | 109/292 [00:00<00:00, 342.47it/s, Materializing param=gpt_neox.layers.8.mlp.dense_h_to_4h.bias]
Loading weights:  38%|###7      | 110/292 [00:00<00:00, 342.47it/s, Materializing param=gpt_neox.layers.8.mlp.dense_h_to_4h.weight]
Loading weights:  38%|###7      | 110/292 [00:00<00:00, 342.47it/s, Materializing param=gpt_neox.layers.8.mlp.dense_h_to_4h.weight]
Loading weights:  38%|###8      | 111/292 [00:00<00:00, 342.47it/s, Materializing param=gpt_neox.layers.8.post_attention_layernorm.bias]
Loading weights:  38%|###8      | 111/292 [00:00<00:00, 342.47it/s, Materializing param=gpt_neox.layers.8.post_attention_layernorm.bias]
Loading weights:  38%|###8      | 112/292 [00:00<00:00, 342.47it/s, Materializing param=gpt_neox.layers.8.post_attention_layernorm.weight]
Loading weights:  38%|###8      | 112/292 [00:00<00:00, 342.47it/s, Materializing param=gpt_neox.layers.8.post_attention_layernorm.weight]
Loading weights:  39%|###8      | 113/292 [00:00<00:00, 342.47it/s, Materializing param=gpt_neox.layers.9.attention.dense.bias]           
Loading weights:  39%|###8      | 113/292 [00:00<00:00, 342.47it/s, Materializing param=gpt_neox.layers.9.attention.dense.bias]
Loading weights:  39%|###9      | 114/292 [00:00<00:00, 342.47it/s, Materializing param=gpt_neox.layers.9.attention.dense.weight]
Loading weights:  39%|###9      | 114/292 [00:00<00:00, 342.47it/s, Materializing param=gpt_neox.layers.9.attention.dense.weight]
Loading weights:  39%|###9      | 115/292 [00:00<00:00, 342.47it/s, Materializing param=gpt_neox.layers.9.attention.query_key_value.bias]
Loading weights:  39%|###9      | 115/292 [00:00<00:00, 342.47it/s, Materializing param=gpt_neox.layers.9.attention.query_key_value.bias]
Loading weights:  40%|###9      | 116/292 [00:00<00:00, 342.47it/s, Materializing param=gpt_neox.layers.9.attention.query_key_value.weight]
Loading weights:  40%|###9      | 116/292 [00:00<00:00, 342.47it/s, Materializing param=gpt_neox.layers.9.attention.query_key_value.weight]
Loading weights:  40%|####      | 117/292 [00:00<00:00, 342.47it/s, Materializing param=gpt_neox.layers.9.input_layernorm.bias]            
Loading weights:  40%|####      | 117/292 [00:00<00:00, 342.47it/s, Materializing param=gpt_neox.layers.9.input_layernorm.bias]
Loading weights:  40%|####      | 118/292 [00:00<00:00, 342.47it/s, Materializing param=gpt_neox.layers.9.input_layernorm.weight]
Loading weights:  40%|####      | 118/292 [00:00<00:00, 342.47it/s, Materializing param=gpt_neox.layers.9.input_layernorm.weight]
Loading weights:  41%|####      | 119/292 [00:00<00:00, 342.47it/s, Materializing param=gpt_neox.layers.9.mlp.dense_4h_to_h.bias]
Loading weights:  41%|####      | 119/292 [00:00<00:00, 342.47it/s, Materializing param=gpt_neox.layers.9.mlp.dense_4h_to_h.bias]
Loading weights:  41%|####1     | 120/292 [00:00<00:00, 342.47it/s, Materializing param=gpt_neox.layers.9.mlp.dense_4h_to_h.weight]
Loading weights:  41%|####1     | 120/292 [00:00<00:00, 342.47it/s, Materializing param=gpt_neox.layers.9.mlp.dense_4h_to_h.weight]
Loading weights:  41%|####1     | 121/292 [00:00<00:00, 342.47it/s, Materializing param=gpt_neox.layers.9.mlp.dense_h_to_4h.bias]  
Loading weights:  41%|####1     | 121/292 [00:00<00:00, 342.47it/s, Materializing param=gpt_neox.layers.9.mlp.dense_h_to_4h.bias]
Loading weights:  42%|####1     | 122/292 [00:00<00:00, 342.47it/s, Materializing param=gpt_neox.layers.9.mlp.dense_h_to_4h.weight]
Loading weights:  42%|####1     | 122/292 [00:00<00:00, 342.47it/s, Materializing param=gpt_neox.layers.9.mlp.dense_h_to_4h.weight]
Loading weights:  42%|####2     | 123/292 [00:00<00:00, 342.47it/s, Materializing param=gpt_neox.layers.9.post_attention_layernorm.bias]
Loading weights:  42%|####2     | 123/292 [00:00<00:00, 342.47it/s, Materializing param=gpt_neox.layers.9.post_attention_layernorm.bias]
Loading weights:  42%|####2     | 124/292 [00:00<00:00, 342.47it/s, Materializing param=gpt_neox.layers.9.post_attention_layernorm.weight]
Loading weights:  42%|####2     | 124/292 [00:00<00:00, 342.47it/s, Materializing param=gpt_neox.layers.9.post_attention_layernorm.weight]
Loading weights:  43%|####2     | 125/292 [00:00<00:00, 342.47it/s, Materializing param=gpt_neox.layers.10.attention.dense.bias]          
Loading weights:  43%|####2     | 125/292 [00:00<00:00, 342.47it/s, Materializing param=gpt_neox.layers.10.attention.dense.bias]
Loading weights:  43%|####3     | 126/292 [00:00<00:00, 342.47it/s, Materializing param=gpt_neox.layers.10.attention.dense.weight]
Loading weights:  43%|####3     | 126/292 [00:00<00:00, 342.47it/s, Materializing param=gpt_neox.layers.10.attention.dense.weight]
Loading weights:  43%|####3     | 127/292 [00:00<00:00, 342.47it/s, Materializing param=gpt_neox.layers.10.attention.query_key_value.bias]
Loading weights:  43%|####3     | 127/292 [00:00<00:00, 342.47it/s, Materializing param=gpt_neox.layers.10.attention.query_key_value.bias]
Loading weights:  44%|####3     | 128/292 [00:00<00:00, 342.47it/s, Materializing param=gpt_neox.layers.10.attention.query_key_value.weight]
Loading weights:  44%|####3     | 128/292 [00:00<00:00, 342.47it/s, Materializing param=gpt_neox.layers.10.attention.query_key_value.weight]
Loading weights:  44%|####4     | 129/292 [00:00<00:00, 342.47it/s, Materializing param=gpt_neox.layers.10.input_layernorm.bias]            
Loading weights:  44%|####4     | 129/292 [00:00<00:00, 342.47it/s, Materializing param=gpt_neox.layers.10.input_layernorm.bias]
Loading weights:  45%|####4     | 130/292 [00:00<00:00, 342.47it/s, Materializing param=gpt_neox.layers.10.input_layernorm.weight]
Loading weights:  45%|####4     | 130/292 [00:00<00:00, 342.47it/s, Materializing param=gpt_neox.layers.10.input_layernorm.weight]
Loading weights:  45%|####4     | 131/292 [00:00<00:00, 342.47it/s, Materializing param=gpt_neox.layers.10.mlp.dense_4h_to_h.bias]
Loading weights:  45%|####4     | 131/292 [00:00<00:00, 342.47it/s, Materializing param=gpt_neox.layers.10.mlp.dense_4h_to_h.bias]
Loading weights:  45%|####5     | 132/292 [00:00<00:00, 342.47it/s, Materializing param=gpt_neox.layers.10.mlp.dense_4h_to_h.weight]
Loading weights:  45%|####5     | 132/292 [00:00<00:00, 342.47it/s, Materializing param=gpt_neox.layers.10.mlp.dense_4h_to_h.weight]
Loading weights:  46%|####5     | 133/292 [00:00<00:00, 342.47it/s, Materializing param=gpt_neox.layers.10.mlp.dense_h_to_4h.bias]  
Loading weights:  46%|####5     | 133/292 [00:00<00:00, 342.47it/s, Materializing param=gpt_neox.layers.10.mlp.dense_h_to_4h.bias]
Loading weights:  46%|####5     | 134/292 [00:00<00:00, 342.47it/s, Materializing param=gpt_neox.layers.10.mlp.dense_h_to_4h.weight]
Loading weights:  46%|####5     | 134/292 [00:00<00:00, 342.47it/s, Materializing param=gpt_neox.layers.10.mlp.dense_h_to_4h.weight]
Loading weights:  46%|####6     | 135/292 [00:00<00:00, 342.47it/s, Materializing param=gpt_neox.layers.10.post_attention_layernorm.bias]
Loading weights:  46%|####6     | 135/292 [00:00<00:00, 342.47it/s, Materializing param=gpt_neox.layers.10.post_attention_layernorm.bias]
Loading weights:  47%|####6     | 136/292 [00:00<00:00, 342.47it/s, Materializing param=gpt_neox.layers.10.post_attention_layernorm.weight]
Loading weights:  47%|####6     | 136/292 [00:00<00:00, 342.47it/s, Materializing param=gpt_neox.layers.10.post_attention_layernorm.weight]
Loading weights:  47%|####6     | 137/292 [00:00<00:00, 342.47it/s, Materializing param=gpt_neox.layers.11.attention.dense.bias]           
Loading weights:  47%|####6     | 137/292 [00:00<00:00, 342.47it/s, Materializing param=gpt_neox.layers.11.attention.dense.bias]
Loading weights:  47%|####7     | 138/292 [00:00<00:00, 342.47it/s, Materializing param=gpt_neox.layers.11.attention.dense.weight]
Loading weights:  47%|####7     | 138/292 [00:00<00:00, 342.47it/s, Materializing param=gpt_neox.layers.11.attention.dense.weight]
Loading weights:  48%|####7     | 139/292 [00:00<00:00, 342.47it/s, Materializing param=gpt_neox.layers.11.attention.query_key_value.bias]
Loading weights:  48%|####7     | 139/292 [00:00<00:00, 342.47it/s, Materializing param=gpt_neox.layers.11.attention.query_key_value.bias]
Loading weights:  48%|####7     | 140/292 [00:00<00:00, 342.47it/s, Materializing param=gpt_neox.layers.11.attention.query_key_value.weight]
Loading weights:  48%|####7     | 140/292 [00:00<00:00, 342.47it/s, Materializing param=gpt_neox.layers.11.attention.query_key_value.weight]
Loading weights:  48%|####8     | 141/292 [00:00<00:00, 342.47it/s, Materializing param=gpt_neox.layers.11.input_layernorm.bias]            
Loading weights:  48%|####8     | 141/292 [00:00<00:00, 342.47it/s, Materializing param=gpt_neox.layers.11.input_layernorm.bias]
Loading weights:  49%|####8     | 142/292 [00:00<00:00, 342.47it/s, Materializing param=gpt_neox.layers.11.input_layernorm.weight]
Loading weights:  49%|####8     | 142/292 [00:00<00:00, 342.47it/s, Materializing param=gpt_neox.layers.11.input_layernorm.weight]
Loading weights:  49%|####8     | 143/292 [00:00<00:00, 342.47it/s, Materializing param=gpt_neox.layers.11.mlp.dense_4h_to_h.bias]
Loading weights:  49%|####8     | 143/292 [00:00<00:00, 342.47it/s, Materializing param=gpt_neox.layers.11.mlp.dense_4h_to_h.bias]
Loading weights:  49%|####9     | 144/292 [00:00<00:00, 324.45it/s, Materializing param=gpt_neox.layers.11.mlp.dense_4h_to_h.bias]
Loading weights:  49%|####9     | 144/292 [00:00<00:00, 324.45it/s, Materializing param=gpt_neox.layers.11.mlp.dense_4h_to_h.weight]
Loading weights:  49%|####9     | 144/292 [00:00<00:00, 324.45it/s, Materializing param=gpt_neox.layers.11.mlp.dense_4h_to_h.weight]
Loading weights:  50%|####9     | 145/292 [00:00<00:00, 324.45it/s, Materializing param=gpt_neox.layers.11.mlp.dense_h_to_4h.bias]  
Loading weights:  50%|####9     | 145/292 [00:00<00:00, 324.45it/s, Materializing param=gpt_neox.layers.11.mlp.dense_h_to_4h.bias]
Loading weights:  50%|#####     | 146/292 [00:00<00:00, 324.45it/s, Materializing param=gpt_neox.layers.11.mlp.dense_h_to_4h.weight]
Loading weights:  50%|#####     | 146/292 [00:00<00:00, 324.45it/s, Materializing param=gpt_neox.layers.11.mlp.dense_h_to_4h.weight]
Loading weights:  50%|#####     | 147/292 [00:00<00:00, 324.45it/s, Materializing param=gpt_neox.layers.11.post_attention_layernorm.bias]
Loading weights:  50%|#####     | 147/292 [00:00<00:00, 324.45it/s, Materializing param=gpt_neox.layers.11.post_attention_layernorm.bias]
Loading weights:  51%|#####     | 148/292 [00:00<00:00, 324.45it/s, Materializing param=gpt_neox.layers.11.post_attention_layernorm.weight]
Loading weights:  51%|#####     | 148/292 [00:00<00:00, 324.45it/s, Materializing param=gpt_neox.layers.11.post_attention_layernorm.weight]
Loading weights:  51%|#####1    | 149/292 [00:00<00:00, 324.45it/s, Materializing param=gpt_neox.layers.12.attention.dense.bias]           
Loading weights:  51%|#####1    | 149/292 [00:00<00:00, 324.45it/s, Materializing param=gpt_neox.layers.12.attention.dense.bias]
Loading weights:  51%|#####1    | 150/292 [00:00<00:00, 324.45it/s, Materializing param=gpt_neox.layers.12.attention.dense.weight]
Loading weights:  51%|#####1    | 150/292 [00:00<00:00, 324.45it/s, Materializing param=gpt_neox.layers.12.attention.dense.weight]
Loading weights:  52%|#####1    | 151/292 [00:00<00:00, 324.45it/s, Materializing param=gpt_neox.layers.12.attention.query_key_value.bias]
Loading weights:  52%|#####1    | 151/292 [00:00<00:00, 324.45it/s, Materializing param=gpt_neox.layers.12.attention.query_key_value.bias]
Loading weights:  52%|#####2    | 152/292 [00:00<00:00, 324.45it/s, Materializing param=gpt_neox.layers.12.attention.query_key_value.weight]
Loading weights:  52%|#####2    | 152/292 [00:00<00:00, 324.45it/s, Materializing param=gpt_neox.layers.12.attention.query_key_value.weight]
Loading weights:  52%|#####2    | 153/292 [00:00<00:00, 324.45it/s, Materializing param=gpt_neox.layers.12.input_layernorm.bias]            
Loading weights:  52%|#####2    | 153/292 [00:00<00:00, 324.45it/s, Materializing param=gpt_neox.layers.12.input_layernorm.bias]
Loading weights:  53%|#####2    | 154/292 [00:00<00:00, 324.45it/s, Materializing param=gpt_neox.layers.12.input_layernorm.weight]
Loading weights:  53%|#####2    | 154/292 [00:00<00:00, 324.45it/s, Materializing param=gpt_neox.layers.12.input_layernorm.weight]
Loading weights:  53%|#####3    | 155/292 [00:00<00:00, 324.45it/s, Materializing param=gpt_neox.layers.12.mlp.dense_4h_to_h.bias]
Loading weights:  53%|#####3    | 155/292 [00:00<00:00, 324.45it/s, Materializing param=gpt_neox.layers.12.mlp.dense_4h_to_h.bias]
Loading weights:  53%|#####3    | 156/292 [00:00<00:00, 324.45it/s, Materializing param=gpt_neox.layers.12.mlp.dense_4h_to_h.weight]
Loading weights:  53%|#####3    | 156/292 [00:00<00:00, 324.45it/s, Materializing param=gpt_neox.layers.12.mlp.dense_4h_to_h.weight]
Loading weights:  54%|#####3    | 157/292 [00:00<00:00, 324.45it/s, Materializing param=gpt_neox.layers.12.mlp.dense_h_to_4h.bias]  
Loading weights:  54%|#####3    | 157/292 [00:00<00:00, 324.45it/s, Materializing param=gpt_neox.layers.12.mlp.dense_h_to_4h.bias]
Loading weights:  54%|#####4    | 158/292 [00:00<00:00, 324.45it/s, Materializing param=gpt_neox.layers.12.mlp.dense_h_to_4h.weight]
Loading weights:  54%|#####4    | 158/292 [00:00<00:00, 324.45it/s, Materializing param=gpt_neox.layers.12.mlp.dense_h_to_4h.weight]
Loading weights:  54%|#####4    | 159/292 [00:00<00:00, 324.45it/s, Materializing param=gpt_neox.layers.12.post_attention_layernorm.bias]
Loading weights:  54%|#####4    | 159/292 [00:00<00:00, 324.45it/s, Materializing param=gpt_neox.layers.12.post_attention_layernorm.bias]
Loading weights:  55%|#####4    | 160/292 [00:00<00:00, 324.45it/s, Materializing param=gpt_neox.layers.12.post_attention_layernorm.weight]
Loading weights:  55%|#####4    | 160/292 [00:00<00:00, 324.45it/s, Materializing param=gpt_neox.layers.12.post_attention_layernorm.weight]
Loading weights:  55%|#####5    | 161/292 [00:00<00:00, 324.45it/s, Materializing param=gpt_neox.layers.13.attention.dense.bias]           
Loading weights:  55%|#####5    | 161/292 [00:00<00:00, 324.45it/s, Materializing param=gpt_neox.layers.13.attention.dense.bias]
Loading weights:  55%|#####5    | 162/292 [00:00<00:00, 324.45it/s, Materializing param=gpt_neox.layers.13.attention.dense.weight]
Loading weights:  55%|#####5    | 162/292 [00:00<00:00, 324.45it/s, Materializing param=gpt_neox.layers.13.attention.dense.weight]
Loading weights:  56%|#####5    | 163/292 [00:00<00:00, 324.45it/s, Materializing param=gpt_neox.layers.13.attention.query_key_value.bias]
Loading weights:  56%|#####5    | 163/292 [00:00<00:00, 324.45it/s, Materializing param=gpt_neox.layers.13.attention.query_key_value.bias]
Loading weights:  56%|#####6    | 164/292 [00:00<00:00, 324.45it/s, Materializing param=gpt_neox.layers.13.attention.query_key_value.weight]
Loading weights:  56%|#####6    | 164/292 [00:00<00:00, 324.45it/s, Materializing param=gpt_neox.layers.13.attention.query_key_value.weight]
Loading weights:  57%|#####6    | 165/292 [00:00<00:00, 324.45it/s, Materializing param=gpt_neox.layers.13.input_layernorm.bias]            
Loading weights:  57%|#####6    | 165/292 [00:00<00:00, 324.45it/s, Materializing param=gpt_neox.layers.13.input_layernorm.bias]
Loading weights:  57%|#####6    | 166/292 [00:00<00:00, 324.45it/s, Materializing param=gpt_neox.layers.13.input_layernorm.weight]
Loading weights:  57%|#####6    | 166/292 [00:00<00:00, 324.45it/s, Materializing param=gpt_neox.layers.13.input_layernorm.weight]
Loading weights:  57%|#####7    | 167/292 [00:00<00:00, 324.45it/s, Materializing param=gpt_neox.layers.13.mlp.dense_4h_to_h.bias]
Loading weights:  57%|#####7    | 167/292 [00:00<00:00, 324.45it/s, Materializing param=gpt_neox.layers.13.mlp.dense_4h_to_h.bias]
Loading weights:  58%|#####7    | 168/292 [00:00<00:00, 324.45it/s, Materializing param=gpt_neox.layers.13.mlp.dense_4h_to_h.weight]
Loading weights:  58%|#####7    | 168/292 [00:00<00:00, 324.45it/s, Materializing param=gpt_neox.layers.13.mlp.dense_4h_to_h.weight]
Loading weights:  58%|#####7    | 169/292 [00:00<00:00, 324.45it/s, Materializing param=gpt_neox.layers.13.mlp.dense_h_to_4h.bias]  
Loading weights:  58%|#####7    | 169/292 [00:00<00:00, 324.45it/s, Materializing param=gpt_neox.layers.13.mlp.dense_h_to_4h.bias]
Loading weights:  58%|#####8    | 170/292 [00:00<00:00, 324.45it/s, Materializing param=gpt_neox.layers.13.mlp.dense_h_to_4h.weight]
Loading weights:  58%|#####8    | 170/292 [00:00<00:00, 324.45it/s, Materializing param=gpt_neox.layers.13.mlp.dense_h_to_4h.weight]
Loading weights:  59%|#####8    | 171/292 [00:00<00:00, 324.45it/s, Materializing param=gpt_neox.layers.13.post_attention_layernorm.bias]
Loading weights:  59%|#####8    | 171/292 [00:00<00:00, 324.45it/s, Materializing param=gpt_neox.layers.13.post_attention_layernorm.bias]
Loading weights:  59%|#####8    | 172/292 [00:00<00:00, 324.45it/s, Materializing param=gpt_neox.layers.13.post_attention_layernorm.weight]
Loading weights:  59%|#####8    | 172/292 [00:00<00:00, 324.45it/s, Materializing param=gpt_neox.layers.13.post_attention_layernorm.weight]
Loading weights:  59%|#####9    | 173/292 [00:00<00:00, 324.45it/s, Materializing param=gpt_neox.layers.14.attention.dense.bias]           
Loading weights:  59%|#####9    | 173/292 [00:00<00:00, 324.45it/s, Materializing param=gpt_neox.layers.14.attention.dense.bias]
Loading weights:  60%|#####9    | 174/292 [00:00<00:00, 324.45it/s, Materializing param=gpt_neox.layers.14.attention.dense.weight]
Loading weights:  60%|#####9    | 174/292 [00:00<00:00, 324.45it/s, Materializing param=gpt_neox.layers.14.attention.dense.weight]
Loading weights:  60%|#####9    | 175/292 [00:00<00:00, 324.45it/s, Materializing param=gpt_neox.layers.14.attention.query_key_value.bias]
Loading weights:  60%|#####9    | 175/292 [00:00<00:00, 324.45it/s, Materializing param=gpt_neox.layers.14.attention.query_key_value.bias]
Loading weights:  60%|######    | 176/292 [00:00<00:00, 324.45it/s, Materializing param=gpt_neox.layers.14.attention.query_key_value.weight]
Loading weights:  60%|######    | 176/292 [00:00<00:00, 324.45it/s, Materializing param=gpt_neox.layers.14.attention.query_key_value.weight]
Loading weights:  61%|######    | 177/292 [00:00<00:00, 324.45it/s, Materializing param=gpt_neox.layers.14.input_layernorm.bias]            
Loading weights:  61%|######    | 177/292 [00:00<00:00, 324.45it/s, Materializing param=gpt_neox.layers.14.input_layernorm.bias]
Loading weights:  61%|######    | 178/292 [00:00<00:00, 324.45it/s, Materializing param=gpt_neox.layers.14.input_layernorm.weight]
Loading weights:  61%|######    | 178/292 [00:00<00:00, 324.45it/s, Materializing param=gpt_neox.layers.14.input_layernorm.weight]
Loading weights:  61%|######1   | 179/292 [00:00<00:00, 324.45it/s, Materializing param=gpt_neox.layers.14.mlp.dense_4h_to_h.bias]
Loading weights:  61%|######1   | 179/292 [00:00<00:00, 324.45it/s, Materializing param=gpt_neox.layers.14.mlp.dense_4h_to_h.bias]
Loading weights:  62%|######1   | 180/292 [00:00<00:00, 324.45it/s, Materializing param=gpt_neox.layers.14.mlp.dense_4h_to_h.weight]
Loading weights:  62%|######1   | 180/292 [00:00<00:00, 324.45it/s, Materializing param=gpt_neox.layers.14.mlp.dense_4h_to_h.weight]
Loading weights:  62%|######1   | 181/292 [00:00<00:00, 324.45it/s, Materializing param=gpt_neox.layers.14.mlp.dense_h_to_4h.bias]  
Loading weights:  62%|######1   | 181/292 [00:00<00:00, 324.45it/s, Materializing param=gpt_neox.layers.14.mlp.dense_h_to_4h.bias]
Loading weights:  62%|######2   | 182/292 [00:00<00:00, 324.45it/s, Materializing param=gpt_neox.layers.14.mlp.dense_h_to_4h.weight]
Loading weights:  62%|######2   | 182/292 [00:00<00:00, 324.45it/s, Materializing param=gpt_neox.layers.14.mlp.dense_h_to_4h.weight]
Loading weights:  63%|######2   | 183/292 [00:00<00:00, 324.45it/s, Materializing param=gpt_neox.layers.14.post_attention_layernorm.bias]
Loading weights:  63%|######2   | 183/292 [00:00<00:00, 324.45it/s, Materializing param=gpt_neox.layers.14.post_attention_layernorm.bias]
Loading weights:  63%|######3   | 184/292 [00:00<00:00, 324.45it/s, Materializing param=gpt_neox.layers.14.post_attention_layernorm.weight]
Loading weights:  63%|######3   | 184/292 [00:00<00:00, 324.45it/s, Materializing param=gpt_neox.layers.14.post_attention_layernorm.weight]
Loading weights:  63%|######3   | 185/292 [00:00<00:00, 324.45it/s, Materializing param=gpt_neox.layers.15.attention.dense.bias]           
Loading weights:  63%|######3   | 185/292 [00:00<00:00, 324.45it/s, Materializing param=gpt_neox.layers.15.attention.dense.bias]
Loading weights:  64%|######3   | 186/292 [00:00<00:00, 324.45it/s, Materializing param=gpt_neox.layers.15.attention.dense.weight]
Loading weights:  64%|######3   | 186/292 [00:00<00:00, 324.45it/s, Materializing param=gpt_neox.layers.15.attention.dense.weight]
Loading weights:  64%|######4   | 187/292 [00:00<00:00, 324.45it/s, Materializing param=gpt_neox.layers.15.attention.query_key_value.bias]
Loading weights:  64%|######4   | 187/292 [00:00<00:00, 324.45it/s, Materializing param=gpt_neox.layers.15.attention.query_key_value.bias]
Loading weights:  64%|######4   | 188/292 [00:00<00:00, 324.45it/s, Materializing param=gpt_neox.layers.15.attention.query_key_value.weight]
Loading weights:  64%|######4   | 188/292 [00:00<00:00, 324.45it/s, Materializing param=gpt_neox.layers.15.attention.query_key_value.weight]
Loading weights:  65%|######4   | 189/292 [00:00<00:00, 358.68it/s, Materializing param=gpt_neox.layers.15.attention.query_key_value.weight]
Loading weights:  65%|######4   | 189/292 [00:00<00:00, 358.68it/s, Materializing param=gpt_neox.layers.15.input_layernorm.bias]            
Loading weights:  65%|######4   | 189/292 [00:00<00:00, 358.68it/s, Materializing param=gpt_neox.layers.15.input_layernorm.bias]
Loading weights:  65%|######5   | 190/292 [00:00<00:00, 358.68it/s, Materializing param=gpt_neox.layers.15.input_layernorm.weight]
Loading weights:  65%|######5   | 190/292 [00:00<00:00, 358.68it/s, Materializing param=gpt_neox.layers.15.input_layernorm.weight]
Loading weights:  65%|######5   | 191/292 [00:00<00:00, 358.68it/s, Materializing param=gpt_neox.layers.15.mlp.dense_4h_to_h.bias]
Loading weights:  65%|######5   | 191/292 [00:00<00:00, 358.68it/s, Materializing param=gpt_neox.layers.15.mlp.dense_4h_to_h.bias]
Loading weights:  66%|######5   | 192/292 [00:00<00:00, 358.68it/s, Materializing param=gpt_neox.layers.15.mlp.dense_4h_to_h.weight]
Loading weights:  66%|######5   | 192/292 [00:00<00:00, 358.68it/s, Materializing param=gpt_neox.layers.15.mlp.dense_4h_to_h.weight]
Loading weights:  66%|######6   | 193/292 [00:00<00:00, 358.68it/s, Materializing param=gpt_neox.layers.15.mlp.dense_h_to_4h.bias]  
Loading weights:  66%|######6   | 193/292 [00:00<00:00, 358.68it/s, Materializing param=gpt_neox.layers.15.mlp.dense_h_to_4h.bias]
Loading weights:  66%|######6   | 194/292 [00:00<00:00, 358.68it/s, Materializing param=gpt_neox.layers.15.mlp.dense_h_to_4h.weight]
Loading weights:  66%|######6   | 194/292 [00:00<00:00, 358.68it/s, Materializing param=gpt_neox.layers.15.mlp.dense_h_to_4h.weight]
Loading weights:  67%|######6   | 195/292 [00:00<00:00, 358.68it/s, Materializing param=gpt_neox.layers.15.post_attention_layernorm.bias]
Loading weights:  67%|######6   | 195/292 [00:00<00:00, 358.68it/s, Materializing param=gpt_neox.layers.15.post_attention_layernorm.bias]
Loading weights:  67%|######7   | 196/292 [00:00<00:00, 358.68it/s, Materializing param=gpt_neox.layers.15.post_attention_layernorm.weight]
Loading weights:  67%|######7   | 196/292 [00:00<00:00, 358.68it/s, Materializing param=gpt_neox.layers.15.post_attention_layernorm.weight]
Loading weights:  67%|######7   | 197/292 [00:00<00:00, 358.68it/s, Materializing param=gpt_neox.layers.16.attention.dense.bias]           
Loading weights:  67%|######7   | 197/292 [00:00<00:00, 358.68it/s, Materializing param=gpt_neox.layers.16.attention.dense.bias]
Loading weights:  68%|######7   | 198/292 [00:00<00:00, 358.68it/s, Materializing param=gpt_neox.layers.16.attention.dense.weight]
Loading weights:  68%|######7   | 198/292 [00:00<00:00, 358.68it/s, Materializing param=gpt_neox.layers.16.attention.dense.weight]
Loading weights:  68%|######8   | 199/292 [00:00<00:00, 358.68it/s, Materializing param=gpt_neox.layers.16.attention.query_key_value.bias]
Loading weights:  68%|######8   | 199/292 [00:00<00:00, 358.68it/s, Materializing param=gpt_neox.layers.16.attention.query_key_value.bias]
Loading weights:  68%|######8   | 200/292 [00:00<00:00, 358.68it/s, Materializing param=gpt_neox.layers.16.attention.query_key_value.weight]
Loading weights:  68%|######8   | 200/292 [00:00<00:00, 358.68it/s, Materializing param=gpt_neox.layers.16.attention.query_key_value.weight]
Loading weights:  69%|######8   | 201/292 [00:00<00:00, 358.68it/s, Materializing param=gpt_neox.layers.16.input_layernorm.bias]            
Loading weights:  69%|######8   | 201/292 [00:00<00:00, 358.68it/s, Materializing param=gpt_neox.layers.16.input_layernorm.bias]
Loading weights:  69%|######9   | 202/292 [00:00<00:00, 358.68it/s, Materializing param=gpt_neox.layers.16.input_layernorm.weight]
Loading weights:  69%|######9   | 202/292 [00:00<00:00, 358.68it/s, Materializing param=gpt_neox.layers.16.input_layernorm.weight]
Loading weights:  70%|######9   | 203/292 [00:00<00:00, 358.68it/s, Materializing param=gpt_neox.layers.16.mlp.dense_4h_to_h.bias]
Loading weights:  70%|######9   | 203/292 [00:00<00:00, 358.68it/s, Materializing param=gpt_neox.layers.16.mlp.dense_4h_to_h.bias]
Loading weights:  70%|######9   | 204/292 [00:00<00:00, 358.68it/s, Materializing param=gpt_neox.layers.16.mlp.dense_4h_to_h.weight]
Loading weights:  70%|######9   | 204/292 [00:00<00:00, 358.68it/s, Materializing param=gpt_neox.layers.16.mlp.dense_4h_to_h.weight]
Loading weights:  70%|#######   | 205/292 [00:00<00:00, 358.68it/s, Materializing param=gpt_neox.layers.16.mlp.dense_h_to_4h.bias]  
Loading weights:  70%|#######   | 205/292 [00:00<00:00, 358.68it/s, Materializing param=gpt_neox.layers.16.mlp.dense_h_to_4h.bias]
Loading weights:  71%|#######   | 206/292 [00:00<00:00, 358.68it/s, Materializing param=gpt_neox.layers.16.mlp.dense_h_to_4h.weight]
Loading weights:  71%|#######   | 206/292 [00:00<00:00, 358.68it/s, Materializing param=gpt_neox.layers.16.mlp.dense_h_to_4h.weight]
Loading weights:  71%|#######   | 207/292 [00:00<00:00, 358.68it/s, Materializing param=gpt_neox.layers.16.post_attention_layernorm.bias]
Loading weights:  71%|#######   | 207/292 [00:00<00:00, 358.68it/s, Materializing param=gpt_neox.layers.16.post_attention_layernorm.bias]
Loading weights:  71%|#######1  | 208/292 [00:00<00:00, 358.68it/s, Materializing param=gpt_neox.layers.16.post_attention_layernorm.weight]
Loading weights:  71%|#######1  | 208/292 [00:00<00:00, 358.68it/s, Materializing param=gpt_neox.layers.16.post_attention_layernorm.weight]
Loading weights:  72%|#######1  | 209/292 [00:00<00:00, 358.68it/s, Materializing param=gpt_neox.layers.17.attention.dense.bias]           
Loading weights:  72%|#######1  | 209/292 [00:00<00:00, 358.68it/s, Materializing param=gpt_neox.layers.17.attention.dense.bias]
Loading weights:  72%|#######1  | 210/292 [00:00<00:00, 358.68it/s, Materializing param=gpt_neox.layers.17.attention.dense.weight]
Loading weights:  72%|#######1  | 210/292 [00:00<00:00, 358.68it/s, Materializing param=gpt_neox.layers.17.attention.dense.weight]
Loading weights:  72%|#######2  | 211/292 [00:00<00:00, 358.68it/s, Materializing param=gpt_neox.layers.17.attention.query_key_value.bias]
Loading weights:  72%|#######2  | 211/292 [00:00<00:00, 358.68it/s, Materializing param=gpt_neox.layers.17.attention.query_key_value.bias]
Loading weights:  73%|#######2  | 212/292 [00:00<00:00, 358.68it/s, Materializing param=gpt_neox.layers.17.attention.query_key_value.weight]
Loading weights:  73%|#######2  | 212/292 [00:00<00:00, 358.68it/s, Materializing param=gpt_neox.layers.17.attention.query_key_value.weight]
Loading weights:  73%|#######2  | 213/292 [00:00<00:00, 358.68it/s, Materializing param=gpt_neox.layers.17.input_layernorm.bias]            
Loading weights:  73%|#######2  | 213/292 [00:00<00:00, 358.68it/s, Materializing param=gpt_neox.layers.17.input_layernorm.bias]
Loading weights:  73%|#######3  | 214/292 [00:00<00:00, 358.68it/s, Materializing param=gpt_neox.layers.17.input_layernorm.weight]
Loading weights:  73%|#######3  | 214/292 [00:00<00:00, 358.68it/s, Materializing param=gpt_neox.layers.17.input_layernorm.weight]
Loading weights:  74%|#######3  | 215/292 [00:00<00:00, 358.68it/s, Materializing param=gpt_neox.layers.17.mlp.dense_4h_to_h.bias]
Loading weights:  74%|#######3  | 215/292 [00:00<00:00, 358.68it/s, Materializing param=gpt_neox.layers.17.mlp.dense_4h_to_h.bias]
Loading weights:  74%|#######3  | 216/292 [00:00<00:00, 358.68it/s, Materializing param=gpt_neox.layers.17.mlp.dense_4h_to_h.weight]
Loading weights:  74%|#######3  | 216/292 [00:00<00:00, 358.68it/s, Materializing param=gpt_neox.layers.17.mlp.dense_4h_to_h.weight]
Loading weights:  74%|#######4  | 217/292 [00:00<00:00, 358.68it/s, Materializing param=gpt_neox.layers.17.mlp.dense_h_to_4h.bias]  
Loading weights:  74%|#######4  | 217/292 [00:00<00:00, 358.68it/s, Materializing param=gpt_neox.layers.17.mlp.dense_h_to_4h.bias]
Loading weights:  75%|#######4  | 218/292 [00:00<00:00, 358.68it/s, Materializing param=gpt_neox.layers.17.mlp.dense_h_to_4h.weight]
Loading weights:  75%|#######4  | 218/292 [00:00<00:00, 358.68it/s, Materializing param=gpt_neox.layers.17.mlp.dense_h_to_4h.weight]
Loading weights:  75%|#######5  | 219/292 [00:00<00:00, 358.68it/s, Materializing param=gpt_neox.layers.17.post_attention_layernorm.bias]
Loading weights:  75%|#######5  | 219/292 [00:00<00:00, 358.68it/s, Materializing param=gpt_neox.layers.17.post_attention_layernorm.bias]
Loading weights:  75%|#######5  | 220/292 [00:00<00:00, 358.68it/s, Materializing param=gpt_neox.layers.17.post_attention_layernorm.weight]
Loading weights:  75%|#######5  | 220/292 [00:00<00:00, 358.68it/s, Materializing param=gpt_neox.layers.17.post_attention_layernorm.weight]
Loading weights:  76%|#######5  | 221/292 [00:00<00:00, 358.68it/s, Materializing param=gpt_neox.layers.18.attention.dense.bias]           
Loading weights:  76%|#######5  | 221/292 [00:00<00:00, 358.68it/s, Materializing param=gpt_neox.layers.18.attention.dense.bias]
Loading weights:  76%|#######6  | 222/292 [00:00<00:00, 358.68it/s, Materializing param=gpt_neox.layers.18.attention.dense.weight]
Loading weights:  76%|#######6  | 222/292 [00:00<00:00, 358.68it/s, Materializing param=gpt_neox.layers.18.attention.dense.weight]
Loading weights:  76%|#######6  | 223/292 [00:00<00:00, 358.68it/s, Materializing param=gpt_neox.layers.18.attention.query_key_value.bias]
Loading weights:  76%|#######6  | 223/292 [00:00<00:00, 358.68it/s, Materializing param=gpt_neox.layers.18.attention.query_key_value.bias]
Loading weights:  77%|#######6  | 224/292 [00:00<00:00, 358.68it/s, Materializing param=gpt_neox.layers.18.attention.query_key_value.weight]
Loading weights:  77%|#######6  | 224/292 [00:00<00:00, 358.68it/s, Materializing param=gpt_neox.layers.18.attention.query_key_value.weight]
Loading weights:  77%|#######7  | 225/292 [00:00<00:00, 358.68it/s, Materializing param=gpt_neox.layers.18.input_layernorm.bias]            
Loading weights:  77%|#######7  | 225/292 [00:00<00:00, 358.68it/s, Materializing param=gpt_neox.layers.18.input_layernorm.bias]
Loading weights:  77%|#######7  | 226/292 [00:00<00:00, 358.68it/s, Materializing param=gpt_neox.layers.18.input_layernorm.weight]
Loading weights:  77%|#######7  | 226/292 [00:00<00:00, 358.68it/s, Materializing param=gpt_neox.layers.18.input_layernorm.weight]
Loading weights:  78%|#######7  | 227/292 [00:00<00:00, 358.68it/s, Materializing param=gpt_neox.layers.18.mlp.dense_4h_to_h.bias]
Loading weights:  78%|#######7  | 227/292 [00:00<00:00, 358.68it/s, Materializing param=gpt_neox.layers.18.mlp.dense_4h_to_h.bias]
Loading weights:  78%|#######8  | 228/292 [00:00<00:00, 358.68it/s, Materializing param=gpt_neox.layers.18.mlp.dense_4h_to_h.weight]
Loading weights:  78%|#######8  | 228/292 [00:00<00:00, 358.68it/s, Materializing param=gpt_neox.layers.18.mlp.dense_4h_to_h.weight]
Loading weights:  78%|#######8  | 229/292 [00:00<00:00, 358.68it/s, Materializing param=gpt_neox.layers.18.mlp.dense_h_to_4h.bias]  
Loading weights:  78%|#######8  | 229/292 [00:00<00:00, 358.68it/s, Materializing param=gpt_neox.layers.18.mlp.dense_h_to_4h.bias]
Loading weights:  79%|#######8  | 230/292 [00:00<00:00, 358.68it/s, Materializing param=gpt_neox.layers.18.mlp.dense_h_to_4h.weight]
Loading weights:  79%|#######8  | 230/292 [00:00<00:00, 358.68it/s, Materializing param=gpt_neox.layers.18.mlp.dense_h_to_4h.weight]
Loading weights:  79%|#######9  | 231/292 [00:00<00:00, 358.68it/s, Materializing param=gpt_neox.layers.18.post_attention_layernorm.bias]
Loading weights:  79%|#######9  | 231/292 [00:00<00:00, 358.68it/s, Materializing param=gpt_neox.layers.18.post_attention_layernorm.bias]
Loading weights:  79%|#######9  | 232/292 [00:00<00:00, 358.68it/s, Materializing param=gpt_neox.layers.18.post_attention_layernorm.weight]
Loading weights:  79%|#######9  | 232/292 [00:00<00:00, 358.68it/s, Materializing param=gpt_neox.layers.18.post_attention_layernorm.weight]
Loading weights:  80%|#######9  | 233/292 [00:00<00:00, 358.68it/s, Materializing param=gpt_neox.layers.19.attention.dense.bias]           
Loading weights:  80%|#######9  | 233/292 [00:00<00:00, 358.68it/s, Materializing param=gpt_neox.layers.19.attention.dense.bias]
Loading weights:  80%|########  | 234/292 [00:00<00:00, 358.68it/s, Materializing param=gpt_neox.layers.19.attention.dense.weight]
Loading weights:  80%|########  | 234/292 [00:00<00:00, 358.68it/s, Materializing param=gpt_neox.layers.19.attention.dense.weight]
Loading weights:  80%|########  | 235/292 [00:00<00:00, 358.68it/s, Materializing param=gpt_neox.layers.19.attention.query_key_value.bias]
Loading weights:  80%|########  | 235/292 [00:00<00:00, 358.68it/s, Materializing param=gpt_neox.layers.19.attention.query_key_value.bias]
Loading weights:  81%|########  | 236/292 [00:00<00:00, 358.68it/s, Materializing param=gpt_neox.layers.19.attention.query_key_value.weight]
Loading weights:  81%|########  | 236/292 [00:00<00:00, 358.68it/s, Materializing param=gpt_neox.layers.19.attention.query_key_value.weight]
Loading weights:  81%|########1 | 237/292 [00:00<00:00, 358.68it/s, Materializing param=gpt_neox.layers.19.input_layernorm.bias]            
Loading weights:  81%|########1 | 237/292 [00:00<00:00, 358.68it/s, Materializing param=gpt_neox.layers.19.input_layernorm.bias]
Loading weights:  82%|########1 | 238/292 [00:00<00:00, 358.68it/s, Materializing param=gpt_neox.layers.19.input_layernorm.weight]
Loading weights:  82%|########1 | 238/292 [00:00<00:00, 358.68it/s, Materializing param=gpt_neox.layers.19.input_layernorm.weight]
Loading weights:  82%|########1 | 239/292 [00:00<00:00, 358.68it/s, Materializing param=gpt_neox.layers.19.mlp.dense_4h_to_h.bias]
Loading weights:  82%|########1 | 239/292 [00:00<00:00, 358.68it/s, Materializing param=gpt_neox.layers.19.mlp.dense_4h_to_h.bias]
Loading weights:  82%|########2 | 240/292 [00:00<00:00, 358.68it/s, Materializing param=gpt_neox.layers.19.mlp.dense_4h_to_h.weight]
Loading weights:  82%|########2 | 240/292 [00:00<00:00, 358.68it/s, Materializing param=gpt_neox.layers.19.mlp.dense_4h_to_h.weight]
Loading weights:  83%|########2 | 241/292 [00:00<00:00, 358.68it/s, Materializing param=gpt_neox.layers.19.mlp.dense_h_to_4h.bias]  
Loading weights:  83%|########2 | 241/292 [00:00<00:00, 358.68it/s, Materializing param=gpt_neox.layers.19.mlp.dense_h_to_4h.bias]
Loading weights:  83%|########2 | 242/292 [00:00<00:00, 358.68it/s, Materializing param=gpt_neox.layers.19.mlp.dense_h_to_4h.weight]
Loading weights:  83%|########2 | 242/292 [00:00<00:00, 358.68it/s, Materializing param=gpt_neox.layers.19.mlp.dense_h_to_4h.weight]
Loading weights:  83%|########3 | 243/292 [00:00<00:00, 358.68it/s, Materializing param=gpt_neox.layers.19.post_attention_layernorm.bias]
Loading weights:  83%|########3 | 243/292 [00:00<00:00, 358.68it/s, Materializing param=gpt_neox.layers.19.post_attention_layernorm.bias]
Loading weights:  84%|########3 | 244/292 [00:00<00:00, 358.68it/s, Materializing param=gpt_neox.layers.19.post_attention_layernorm.weight]
Loading weights:  84%|########3 | 244/292 [00:00<00:00, 358.68it/s, Materializing param=gpt_neox.layers.19.post_attention_layernorm.weight]
Loading weights:  84%|########3 | 245/292 [00:00<00:00, 358.68it/s, Materializing param=gpt_neox.layers.20.attention.dense.bias]           
Loading weights:  84%|########3 | 245/292 [00:00<00:00, 358.68it/s, Materializing param=gpt_neox.layers.20.attention.dense.bias]
Loading weights:  84%|########4 | 246/292 [00:00<00:00, 358.68it/s, Materializing param=gpt_neox.layers.20.attention.dense.weight]
Loading weights:  84%|########4 | 246/292 [00:00<00:00, 358.68it/s, Materializing param=gpt_neox.layers.20.attention.dense.weight]
Loading weights:  85%|########4 | 247/292 [00:00<00:00, 358.68it/s, Materializing param=gpt_neox.layers.20.attention.query_key_value.bias]
Loading weights:  85%|########4 | 247/292 [00:00<00:00, 358.68it/s, Materializing param=gpt_neox.layers.20.attention.query_key_value.bias]
Loading weights:  85%|########4 | 248/292 [00:00<00:00, 358.68it/s, Materializing param=gpt_neox.layers.20.attention.query_key_value.weight]
Loading weights:  85%|########4 | 248/292 [00:00<00:00, 358.68it/s, Materializing param=gpt_neox.layers.20.attention.query_key_value.weight]
Loading weights:  85%|########5 | 249/292 [00:00<00:00, 416.18it/s, Materializing param=gpt_neox.layers.20.attention.query_key_value.weight]
Loading weights:  85%|########5 | 249/292 [00:00<00:00, 416.18it/s, Materializing param=gpt_neox.layers.20.input_layernorm.bias]            
Loading weights:  85%|########5 | 249/292 [00:00<00:00, 416.18it/s, Materializing param=gpt_neox.layers.20.input_layernorm.bias]
Loading weights:  86%|########5 | 250/292 [00:00<00:00, 416.18it/s, Materializing param=gpt_neox.layers.20.input_layernorm.weight]
Loading weights:  86%|########5 | 250/292 [00:00<00:00, 416.18it/s, Materializing param=gpt_neox.layers.20.input_layernorm.weight]
Loading weights:  86%|########5 | 251/292 [00:00<00:00, 416.18it/s, Materializing param=gpt_neox.layers.20.mlp.dense_4h_to_h.bias]
Loading weights:  86%|########5 | 251/292 [00:00<00:00, 416.18it/s, Materializing param=gpt_neox.layers.20.mlp.dense_4h_to_h.bias]
Loading weights:  86%|########6 | 252/292 [00:00<00:00, 416.18it/s, Materializing param=gpt_neox.layers.20.mlp.dense_4h_to_h.weight]
Loading weights:  86%|########6 | 252/292 [00:00<00:00, 416.18it/s, Materializing param=gpt_neox.layers.20.mlp.dense_4h_to_h.weight]
Loading weights:  87%|########6 | 253/292 [00:00<00:00, 416.18it/s, Materializing param=gpt_neox.layers.20.mlp.dense_h_to_4h.bias]  
Loading weights:  87%|########6 | 253/292 [00:00<00:00, 416.18it/s, Materializing param=gpt_neox.layers.20.mlp.dense_h_to_4h.bias]
Loading weights:  87%|########6 | 254/292 [00:00<00:00, 416.18it/s, Materializing param=gpt_neox.layers.20.mlp.dense_h_to_4h.weight]
Loading weights:  87%|########6 | 254/292 [00:00<00:00, 416.18it/s, Materializing param=gpt_neox.layers.20.mlp.dense_h_to_4h.weight]
Loading weights:  87%|########7 | 255/292 [00:00<00:00, 416.18it/s, Materializing param=gpt_neox.layers.20.post_attention_layernorm.bias]
Loading weights:  87%|########7 | 255/292 [00:00<00:00, 416.18it/s, Materializing param=gpt_neox.layers.20.post_attention_layernorm.bias]
Loading weights:  88%|########7 | 256/292 [00:00<00:00, 416.18it/s, Materializing param=gpt_neox.layers.20.post_attention_layernorm.weight]
Loading weights:  88%|########7 | 256/292 [00:00<00:00, 416.18it/s, Materializing param=gpt_neox.layers.20.post_attention_layernorm.weight]
Loading weights:  88%|########8 | 257/292 [00:00<00:00, 416.18it/s, Materializing param=gpt_neox.layers.21.attention.dense.bias]           
Loading weights:  88%|########8 | 257/292 [00:00<00:00, 416.18it/s, Materializing param=gpt_neox.layers.21.attention.dense.bias]
Loading weights:  88%|########8 | 258/292 [00:00<00:00, 416.18it/s, Materializing param=gpt_neox.layers.21.attention.dense.weight]
Loading weights:  88%|########8 | 258/292 [00:00<00:00, 416.18it/s, Materializing param=gpt_neox.layers.21.attention.dense.weight]
Loading weights:  89%|########8 | 259/292 [00:00<00:00, 416.18it/s, Materializing param=gpt_neox.layers.21.attention.query_key_value.bias]
Loading weights:  89%|########8 | 259/292 [00:00<00:00, 416.18it/s, Materializing param=gpt_neox.layers.21.attention.query_key_value.bias]
Loading weights:  89%|########9 | 260/292 [00:00<00:00, 416.18it/s, Materializing param=gpt_neox.layers.21.attention.query_key_value.weight]
Loading weights:  89%|########9 | 260/292 [00:00<00:00, 416.18it/s, Materializing param=gpt_neox.layers.21.attention.query_key_value.weight]
Loading weights:  89%|########9 | 261/292 [00:00<00:00, 416.18it/s, Materializing param=gpt_neox.layers.21.input_layernorm.bias]            
Loading weights:  89%|########9 | 261/292 [00:00<00:00, 416.18it/s, Materializing param=gpt_neox.layers.21.input_layernorm.bias]
Loading weights:  90%|########9 | 262/292 [00:00<00:00, 416.18it/s, Materializing param=gpt_neox.layers.21.input_layernorm.weight]
Loading weights:  90%|########9 | 262/292 [00:00<00:00, 416.18it/s, Materializing param=gpt_neox.layers.21.input_layernorm.weight]
Loading weights:  90%|######### | 263/292 [00:00<00:00, 416.18it/s, Materializing param=gpt_neox.layers.21.mlp.dense_4h_to_h.bias]
Loading weights:  90%|######### | 263/292 [00:00<00:00, 416.18it/s, Materializing param=gpt_neox.layers.21.mlp.dense_4h_to_h.bias]
Loading weights:  90%|######### | 264/292 [00:00<00:00, 416.18it/s, Materializing param=gpt_neox.layers.21.mlp.dense_4h_to_h.weight]
Loading weights:  90%|######### | 264/292 [00:00<00:00, 416.18it/s, Materializing param=gpt_neox.layers.21.mlp.dense_4h_to_h.weight]
Loading weights:  91%|######### | 265/292 [00:00<00:00, 416.18it/s, Materializing param=gpt_neox.layers.21.mlp.dense_h_to_4h.bias]  
Loading weights:  91%|######### | 265/292 [00:00<00:00, 416.18it/s, Materializing param=gpt_neox.layers.21.mlp.dense_h_to_4h.bias]
Loading weights:  91%|#########1| 266/292 [00:00<00:00, 416.18it/s, Materializing param=gpt_neox.layers.21.mlp.dense_h_to_4h.weight]
Loading weights:  91%|#########1| 266/292 [00:00<00:00, 416.18it/s, Materializing param=gpt_neox.layers.21.mlp.dense_h_to_4h.weight]
Loading weights:  91%|#########1| 267/292 [00:00<00:00, 416.18it/s, Materializing param=gpt_neox.layers.21.post_attention_layernorm.bias]
Loading weights:  91%|#########1| 267/292 [00:00<00:00, 416.18it/s, Materializing param=gpt_neox.layers.21.post_attention_layernorm.bias]
Loading weights:  92%|#########1| 268/292 [00:00<00:00, 416.18it/s, Materializing param=gpt_neox.layers.21.post_attention_layernorm.weight]
Loading weights:  92%|#########1| 268/292 [00:00<00:00, 416.18it/s, Materializing param=gpt_neox.layers.21.post_attention_layernorm.weight]
Loading weights:  92%|#########2| 269/292 [00:00<00:00, 416.18it/s, Materializing param=gpt_neox.layers.22.attention.dense.bias]           
Loading weights:  92%|#########2| 269/292 [00:00<00:00, 416.18it/s, Materializing param=gpt_neox.layers.22.attention.dense.bias]
Loading weights:  92%|#########2| 270/292 [00:00<00:00, 416.18it/s, Materializing param=gpt_neox.layers.22.attention.dense.weight]
Loading weights:  92%|#########2| 270/292 [00:00<00:00, 416.18it/s, Materializing param=gpt_neox.layers.22.attention.dense.weight]
Loading weights:  93%|#########2| 271/292 [00:00<00:00, 416.18it/s, Materializing param=gpt_neox.layers.22.attention.query_key_value.bias]
