
[2026-04-22T22:09:36.995793] START diachronic_ship_of_theseus_graft: C:/Users/joshj/miniconda3/python.exe C:\Users\joshj\joseph-stroud-identity-stability-research\scripts\diachronic_ship_of_theseus_graft.py --config C:\Users\joshj\joseph-stroud-identity-stability-research\configs\identity_battery\diachronic_ship_of_theseus_graft_overnight.yaml
Warning: You are sending unauthenticated requests to the HF Hub. Please set a HF_TOKEN to enable higher rate limits and faster downloads.

Loading weights:   0%|          | 0/292 [00:00<?, ?it/s]
Loading weights:   0%|          | 1/292 [00:00<00:00, 4777.11it/s, Materializing param=embed_out.weight]
Loading weights:   0%|          | 1/292 [00:00<00:00, 2529.74it/s, Materializing param=embed_out.weight]
Loading weights:   1%|          | 2/292 [00:00<00:09, 31.15it/s, Materializing param=gpt_neox.embed_in.weight]
Loading weights:   1%|          | 2/292 [00:00<00:09, 31.00it/s, Materializing param=gpt_neox.embed_in.weight]
Loading weights:   1%|1         | 3/292 [00:00<00:09, 29.23it/s, Materializing param=gpt_neox.embed_in.weight]
Loading weights:   1%|1         | 3/292 [00:00<00:09, 29.23it/s, Materializing param=gpt_neox.final_layer_norm.bias]
Loading weights:   1%|1         | 3/292 [00:00<00:09, 29.23it/s, Materializing param=gpt_neox.final_layer_norm.bias]
Loading weights:   1%|1         | 4/292 [00:00<00:09, 29.23it/s, Materializing param=gpt_neox.final_layer_norm.weight]
Loading weights:   1%|1         | 4/292 [00:00<00:09, 29.23it/s, Materializing param=gpt_neox.final_layer_norm.weight]
Loading weights:   2%|1         | 5/292 [00:00<00:09, 29.23it/s, Materializing param=gpt_neox.layers.0.attention.dense.bias]
Loading weights:   2%|1         | 5/292 [00:00<00:09, 29.23it/s, Materializing param=gpt_neox.layers.0.attention.dense.bias]
Loading weights:   2%|2         | 6/292 [00:00<00:09, 29.23it/s, Materializing param=gpt_neox.layers.0.attention.dense.weight]
Loading weights:   2%|2         | 6/292 [00:00<00:09, 29.23it/s, Materializing param=gpt_neox.layers.0.attention.dense.weight]
Loading weights:   2%|2         | 7/292 [00:00<00:09, 29.23it/s, Materializing param=gpt_neox.layers.0.attention.query_key_value.bias]
Loading weights:   2%|2         | 7/292 [00:00<00:09, 29.23it/s, Materializing param=gpt_neox.layers.0.attention.query_key_value.bias]
Loading weights:   3%|2         | 8/292 [00:00<00:09, 29.23it/s, Materializing param=gpt_neox.layers.0.attention.query_key_value.weight]
Loading weights:   3%|2         | 8/292 [00:00<00:09, 29.23it/s, Materializing param=gpt_neox.layers.0.attention.query_key_value.weight]
Loading weights:   3%|3         | 9/292 [00:00<00:09, 29.23it/s, Materializing param=gpt_neox.layers.0.input_layernorm.bias]            
Loading weights:   3%|3         | 9/292 [00:00<00:09, 29.23it/s, Materializing param=gpt_neox.layers.0.input_layernorm.bias]
Loading weights:   3%|3         | 10/292 [00:00<00:09, 29.23it/s, Materializing param=gpt_neox.layers.0.input_layernorm.weight]
Loading weights:   3%|3         | 10/292 [00:00<00:09, 29.23it/s, Materializing param=gpt_neox.layers.0.input_layernorm.weight]
Loading weights:   4%|3         | 11/292 [00:00<00:09, 29.23it/s, Materializing param=gpt_neox.layers.0.mlp.dense_4h_to_h.bias]
Loading weights:   4%|3         | 11/292 [00:00<00:09, 29.23it/s, Materializing param=gpt_neox.layers.0.mlp.dense_4h_to_h.bias]
Loading weights:   4%|4         | 12/292 [00:00<00:09, 29.23it/s, Materializing param=gpt_neox.layers.0.mlp.dense_4h_to_h.weight]
Loading weights:   4%|4         | 12/292 [00:00<00:09, 29.23it/s, Materializing param=gpt_neox.layers.0.mlp.dense_4h_to_h.weight]
Loading weights:   4%|4         | 13/292 [00:00<00:09, 29.23it/s, Materializing param=gpt_neox.layers.0.mlp.dense_h_to_4h.bias]  
Loading weights:   4%|4         | 13/292 [00:00<00:09, 29.23it/s, Materializing param=gpt_neox.layers.0.mlp.dense_h_to_4h.bias]
Loading weights:   5%|4         | 14/292 [00:00<00:09, 29.23it/s, Materializing param=gpt_neox.layers.0.mlp.dense_h_to_4h.weight]
Loading weights:   5%|4         | 14/292 [00:00<00:09, 29.23it/s, Materializing param=gpt_neox.layers.0.mlp.dense_h_to_4h.weight]
Loading weights:   5%|5         | 15/292 [00:00<00:09, 29.23it/s, Materializing param=gpt_neox.layers.0.post_attention_layernorm.bias]
Loading weights:   5%|5         | 15/292 [00:00<00:09, 29.23it/s, Materializing param=gpt_neox.layers.0.post_attention_layernorm.bias]
Loading weights:   5%|5         | 16/292 [00:00<00:09, 29.23it/s, Materializing param=gpt_neox.layers.0.post_attention_layernorm.weight]
Loading weights:   5%|5         | 16/292 [00:00<00:09, 29.23it/s, Materializing param=gpt_neox.layers.0.post_attention_layernorm.weight]
Loading weights:   6%|5         | 17/292 [00:00<00:09, 29.23it/s, Materializing param=gpt_neox.layers.1.attention.dense.bias]           
Loading weights:   6%|5         | 17/292 [00:00<00:09, 29.23it/s, Materializing param=gpt_neox.layers.1.attention.dense.bias]
Loading weights:   6%|6         | 18/292 [00:00<00:09, 29.23it/s, Materializing param=gpt_neox.layers.1.attention.dense.weight]
Loading weights:   6%|6         | 18/292 [00:00<00:09, 29.23it/s, Materializing param=gpt_neox.layers.1.attention.dense.weight]
Loading weights:   7%|6         | 19/292 [00:00<00:09, 29.23it/s, Materializing param=gpt_neox.layers.1.attention.query_key_value.bias]
Loading weights:   7%|6         | 19/292 [00:00<00:09, 29.23it/s, Materializing param=gpt_neox.layers.1.attention.query_key_value.bias]
Loading weights:   7%|6         | 20/292 [00:00<00:09, 29.23it/s, Materializing param=gpt_neox.layers.1.attention.query_key_value.weight]
Loading weights:   7%|6         | 20/292 [00:00<00:09, 29.23it/s, Materializing param=gpt_neox.layers.1.attention.query_key_value.weight]
Loading weights:   7%|7         | 21/292 [00:00<00:09, 29.23it/s, Materializing param=gpt_neox.layers.1.input_layernorm.bias]            
Loading weights:   7%|7         | 21/292 [00:00<00:09, 29.23it/s, Materializing param=gpt_neox.layers.1.input_layernorm.bias]
Loading weights:   8%|7         | 22/292 [00:00<00:09, 29.23it/s, Materializing param=gpt_neox.layers.1.input_layernorm.weight]
Loading weights:   8%|7         | 22/292 [00:00<00:09, 29.23it/s, Materializing param=gpt_neox.layers.1.input_layernorm.weight]
Loading weights:   8%|7         | 23/292 [00:00<00:09, 29.23it/s, Materializing param=gpt_neox.layers.1.mlp.dense_4h_to_h.bias]
Loading weights:   8%|7         | 23/292 [00:00<00:09, 29.23it/s, Materializing param=gpt_neox.layers.1.mlp.dense_4h_to_h.bias]
Loading weights:   8%|8         | 24/292 [00:00<00:09, 29.23it/s, Materializing param=gpt_neox.layers.1.mlp.dense_4h_to_h.weight]
Loading weights:   8%|8         | 24/292 [00:00<00:09, 29.23it/s, Materializing param=gpt_neox.layers.1.mlp.dense_4h_to_h.weight]
Loading weights:   9%|8         | 25/292 [00:00<00:09, 29.23it/s, Materializing param=gpt_neox.layers.1.mlp.dense_h_to_4h.bias]  
Loading weights:   9%|8         | 25/292 [00:00<00:09, 29.23it/s, Materializing param=gpt_neox.layers.1.mlp.dense_h_to_4h.bias]
Loading weights:   9%|8         | 26/292 [00:00<00:09, 29.23it/s, Materializing param=gpt_neox.layers.1.mlp.dense_h_to_4h.weight]
Loading weights:   9%|8         | 26/292 [00:00<00:09, 29.23it/s, Materializing param=gpt_neox.layers.1.mlp.dense_h_to_4h.weight]
Loading weights:   9%|9         | 27/292 [00:00<00:09, 29.23it/s, Materializing param=gpt_neox.layers.1.post_attention_layernorm.bias]
Loading weights:   9%|9         | 27/292 [00:00<00:09, 29.23it/s, Materializing param=gpt_neox.layers.1.post_attention_layernorm.bias]
Loading weights:  10%|9         | 28/292 [00:00<00:09, 29.23it/s, Materializing param=gpt_neox.layers.1.post_attention_layernorm.weight]
Loading weights:  10%|9         | 28/292 [00:00<00:09, 29.23it/s, Materializing param=gpt_neox.layers.1.post_attention_layernorm.weight]
Loading weights:  10%|9         | 29/292 [00:00<00:08, 29.23it/s, Materializing param=gpt_neox.layers.2.attention.dense.bias]           
Loading weights:  10%|9         | 29/292 [00:00<00:08, 29.23it/s, Materializing param=gpt_neox.layers.2.attention.dense.bias]
Loading weights:  10%|#         | 30/292 [00:00<00:08, 29.23it/s, Materializing param=gpt_neox.layers.2.attention.dense.weight]
Loading weights:  10%|#         | 30/292 [00:00<00:08, 29.23it/s, Materializing param=gpt_neox.layers.2.attention.dense.weight]
Loading weights:  11%|#         | 31/292 [00:00<00:08, 29.23it/s, Materializing param=gpt_neox.layers.2.attention.query_key_value.bias]
Loading weights:  11%|#         | 31/292 [00:00<00:08, 29.23it/s, Materializing param=gpt_neox.layers.2.attention.query_key_value.bias]
Loading weights:  11%|#         | 32/292 [00:00<00:08, 29.23it/s, Materializing param=gpt_neox.layers.2.attention.query_key_value.weight]
Loading weights:  11%|#         | 32/292 [00:00<00:08, 29.23it/s, Materializing param=gpt_neox.layers.2.attention.query_key_value.weight]
Loading weights:  11%|#1        | 33/292 [00:00<00:08, 29.23it/s, Materializing param=gpt_neox.layers.2.input_layernorm.bias]            
Loading weights:  11%|#1        | 33/292 [00:00<00:08, 29.23it/s, Materializing param=gpt_neox.layers.2.input_layernorm.bias]
Loading weights:  12%|#1        | 34/292 [00:00<00:08, 29.23it/s, Materializing param=gpt_neox.layers.2.input_layernorm.weight]
Loading weights:  12%|#1        | 34/292 [00:00<00:08, 29.23it/s, Materializing param=gpt_neox.layers.2.input_layernorm.weight]
Loading weights:  12%|#1        | 35/292 [00:00<00:08, 29.23it/s, Materializing param=gpt_neox.layers.2.mlp.dense_4h_to_h.bias]
Loading weights:  12%|#1        | 35/292 [00:00<00:08, 29.23it/s, Materializing param=gpt_neox.layers.2.mlp.dense_4h_to_h.bias]
Loading weights:  12%|#2        | 36/292 [00:00<00:08, 29.23it/s, Materializing param=gpt_neox.layers.2.mlp.dense_4h_to_h.weight]
Loading weights:  12%|#2        | 36/292 [00:00<00:08, 29.23it/s, Materializing param=gpt_neox.layers.2.mlp.dense_4h_to_h.weight]
Loading weights:  13%|#2        | 37/292 [00:00<00:08, 29.23it/s, Materializing param=gpt_neox.layers.2.mlp.dense_h_to_4h.bias]  
Loading weights:  13%|#2        | 37/292 [00:00<00:08, 29.23it/s, Materializing param=gpt_neox.layers.2.mlp.dense_h_to_4h.bias]
Loading weights:  13%|#3        | 38/292 [00:00<00:08, 29.23it/s, Materializing param=gpt_neox.layers.2.mlp.dense_h_to_4h.weight]
Loading weights:  13%|#3        | 38/292 [00:00<00:08, 29.23it/s, Materializing param=gpt_neox.layers.2.mlp.dense_h_to_4h.weight]
Loading weights:  13%|#3        | 39/292 [00:00<00:08, 29.23it/s, Materializing param=gpt_neox.layers.2.post_attention_layernorm.bias]
Loading weights:  13%|#3        | 39/292 [00:00<00:08, 29.23it/s, Materializing param=gpt_neox.layers.2.post_attention_layernorm.bias]
Loading weights:  14%|#3        | 40/292 [00:00<00:08, 29.23it/s, Materializing param=gpt_neox.layers.2.post_attention_layernorm.weight]
Loading weights:  14%|#3        | 40/292 [00:00<00:08, 29.23it/s, Materializing param=gpt_neox.layers.2.post_attention_layernorm.weight]
Loading weights:  14%|#4        | 41/292 [00:00<00:08, 29.23it/s, Materializing param=gpt_neox.layers.3.attention.dense.bias]           
Loading weights:  14%|#4        | 41/292 [00:00<00:08, 29.23it/s, Materializing param=gpt_neox.layers.3.attention.dense.bias]
Loading weights:  14%|#4        | 42/292 [00:00<00:08, 29.23it/s, Materializing param=gpt_neox.layers.3.attention.dense.weight]
Loading weights:  14%|#4        | 42/292 [00:00<00:08, 29.23it/s, Materializing param=gpt_neox.layers.3.attention.dense.weight]
Loading weights:  15%|#4        | 43/292 [00:00<00:08, 29.23it/s, Materializing param=gpt_neox.layers.3.attention.query_key_value.bias]
Loading weights:  15%|#4        | 43/292 [00:00<00:08, 29.23it/s, Materializing param=gpt_neox.layers.3.attention.query_key_value.bias]
Loading weights:  15%|#5        | 44/292 [00:00<00:08, 29.23it/s, Materializing param=gpt_neox.layers.3.attention.query_key_value.weight]
Loading weights:  15%|#5        | 44/292 [00:00<00:08, 29.23it/s, Materializing param=gpt_neox.layers.3.attention.query_key_value.weight]
Loading weights:  15%|#5        | 45/292 [00:00<00:00, 254.47it/s, Materializing param=gpt_neox.layers.3.attention.query_key_value.weight]
Loading weights:  15%|#5        | 45/292 [00:00<00:00, 254.47it/s, Materializing param=gpt_neox.layers.3.input_layernorm.bias]            
Loading weights:  15%|#5        | 45/292 [00:00<00:00, 254.47it/s, Materializing param=gpt_neox.layers.3.input_layernorm.bias]
Loading weights:  16%|#5        | 46/292 [00:00<00:00, 254.47it/s, Materializing param=gpt_neox.layers.3.input_layernorm.weight]
Loading weights:  16%|#5        | 46/292 [00:00<00:00, 254.47it/s, Materializing param=gpt_neox.layers.3.input_layernorm.weight]
Loading weights:  16%|#6        | 47/292 [00:00<00:00, 254.47it/s, Materializing param=gpt_neox.layers.3.mlp.dense_4h_to_h.bias]
Loading weights:  16%|#6        | 47/292 [00:00<00:00, 254.47it/s, Materializing param=gpt_neox.layers.3.mlp.dense_4h_to_h.bias]
Loading weights:  16%|#6        | 48/292 [00:00<00:00, 254.47it/s, Materializing param=gpt_neox.layers.3.mlp.dense_4h_to_h.weight]
Loading weights:  16%|#6        | 48/292 [00:00<00:00, 254.47it/s, Materializing param=gpt_neox.layers.3.mlp.dense_4h_to_h.weight]
Loading weights:  17%|#6        | 49/292 [00:00<00:00, 254.47it/s, Materializing param=gpt_neox.layers.3.mlp.dense_h_to_4h.bias]  
Loading weights:  17%|#6        | 49/292 [00:00<00:00, 254.47it/s, Materializing param=gpt_neox.layers.3.mlp.dense_h_to_4h.bias]
Loading weights:  17%|#7        | 50/292 [00:00<00:00, 254.47it/s, Materializing param=gpt_neox.layers.3.mlp.dense_h_to_4h.weight]
Loading weights:  17%|#7        | 50/292 [00:00<00:00, 254.47it/s, Materializing param=gpt_neox.layers.3.mlp.dense_h_to_4h.weight]
Loading weights:  17%|#7        | 51/292 [00:00<00:00, 254.47it/s, Materializing param=gpt_neox.layers.3.post_attention_layernorm.bias]
Loading weights:  17%|#7        | 51/292 [00:00<00:00, 254.47it/s, Materializing param=gpt_neox.layers.3.post_attention_layernorm.bias]
Loading weights:  18%|#7        | 52/292 [00:00<00:00, 254.47it/s, Materializing param=gpt_neox.layers.3.post_attention_layernorm.weight]
Loading weights:  18%|#7        | 52/292 [00:00<00:00, 254.47it/s, Materializing param=gpt_neox.layers.3.post_attention_layernorm.weight]
Loading weights:  18%|#8        | 53/292 [00:00<00:00, 254.47it/s, Materializing param=gpt_neox.layers.4.attention.dense.bias]           
Loading weights:  18%|#8        | 53/292 [00:00<00:00, 254.47it/s, Materializing param=gpt_neox.layers.4.attention.dense.bias]
Loading weights:  18%|#8        | 54/292 [00:00<00:00, 254.47it/s, Materializing param=gpt_neox.layers.4.attention.dense.weight]
Loading weights:  18%|#8        | 54/292 [00:00<00:00, 254.47it/s, Materializing param=gpt_neox.layers.4.attention.dense.weight]
Loading weights:  19%|#8        | 55/292 [00:00<00:00, 254.47it/s, Materializing param=gpt_neox.layers.4.attention.query_key_value.bias]
Loading weights:  19%|#8        | 55/292 [00:00<00:00, 254.47it/s, Materializing param=gpt_neox.layers.4.attention.query_key_value.bias]
Loading weights:  19%|#9        | 56/292 [00:00<00:00, 254.47it/s, Materializing param=gpt_neox.layers.4.attention.query_key_value.weight]
Loading weights:  19%|#9        | 56/292 [00:00<00:00, 254.47it/s, Materializing param=gpt_neox.layers.4.attention.query_key_value.weight]
Loading weights:  20%|#9        | 57/292 [00:00<00:00, 254.47it/s, Materializing param=gpt_neox.layers.4.input_layernorm.bias]            
Loading weights:  20%|#9        | 57/292 [00:00<00:00, 254.47it/s, Materializing param=gpt_neox.layers.4.input_layernorm.bias]
Loading weights:  20%|#9        | 58/292 [00:00<00:00, 254.47it/s, Materializing param=gpt_neox.layers.4.input_layernorm.weight]
Loading weights:  20%|#9        | 58/292 [00:00<00:00, 254.47it/s, Materializing param=gpt_neox.layers.4.input_layernorm.weight]
Loading weights:  20%|##        | 59/292 [00:00<00:00, 254.47it/s, Materializing param=gpt_neox.layers.4.mlp.dense_4h_to_h.bias]
Loading weights:  20%|##        | 59/292 [00:00<00:00, 254.47it/s, Materializing param=gpt_neox.layers.4.mlp.dense_4h_to_h.bias]
Loading weights:  21%|##        | 60/292 [00:00<00:00, 254.47it/s, Materializing param=gpt_neox.layers.4.mlp.dense_4h_to_h.weight]
Loading weights:  21%|##        | 60/292 [00:00<00:00, 254.47it/s, Materializing param=gpt_neox.layers.4.mlp.dense_4h_to_h.weight]
Loading weights:  21%|##        | 61/292 [00:00<00:00, 254.47it/s, Materializing param=gpt_neox.layers.4.mlp.dense_h_to_4h.bias]  
Loading weights:  21%|##        | 61/292 [00:00<00:00, 254.47it/s, Materializing param=gpt_neox.layers.4.mlp.dense_h_to_4h.bias]
Loading weights:  21%|##1       | 62/292 [00:00<00:00, 254.47it/s, Materializing param=gpt_neox.layers.4.mlp.dense_h_to_4h.weight]
Loading weights:  21%|##1       | 62/292 [00:00<00:00, 254.47it/s, Materializing param=gpt_neox.layers.4.mlp.dense_h_to_4h.weight]
Loading weights:  22%|##1       | 63/292 [00:00<00:00, 254.47it/s, Materializing param=gpt_neox.layers.4.post_attention_layernorm.bias]
Loading weights:  22%|##1       | 63/292 [00:00<00:00, 254.47it/s, Materializing param=gpt_neox.layers.4.post_attention_layernorm.bias]
Loading weights:  22%|##1       | 64/292 [00:00<00:00, 254.47it/s, Materializing param=gpt_neox.layers.4.post_attention_layernorm.weight]
Loading weights:  22%|##1       | 64/292 [00:00<00:00, 254.47it/s, Materializing param=gpt_neox.layers.4.post_attention_layernorm.weight]
Loading weights:  22%|##2       | 65/292 [00:00<00:00, 254.47it/s, Materializing param=gpt_neox.layers.5.attention.dense.bias]           
Loading weights:  22%|##2       | 65/292 [00:00<00:00, 254.47it/s, Materializing param=gpt_neox.layers.5.attention.dense.bias]
Loading weights:  23%|##2       | 66/292 [00:00<00:00, 254.47it/s, Materializing param=gpt_neox.layers.5.attention.dense.weight]
Loading weights:  23%|##2       | 66/292 [00:00<00:00, 254.47it/s, Materializing param=gpt_neox.layers.5.attention.dense.weight]
Loading weights:  23%|##2       | 67/292 [00:00<00:00, 254.47it/s, Materializing param=gpt_neox.layers.5.attention.query_key_value.bias]
Loading weights:  23%|##2       | 67/292 [00:00<00:00, 254.47it/s, Materializing param=gpt_neox.layers.5.attention.query_key_value.bias]
Loading weights:  23%|##3       | 68/292 [00:00<00:00, 254.47it/s, Materializing param=gpt_neox.layers.5.attention.query_key_value.weight]
Loading weights:  23%|##3       | 68/292 [00:00<00:00, 254.47it/s, Materializing param=gpt_neox.layers.5.attention.query_key_value.weight]
Loading weights:  24%|##3       | 69/292 [00:00<00:00, 254.47it/s, Materializing param=gpt_neox.layers.5.input_layernorm.bias]            
Loading weights:  24%|##3       | 69/292 [00:00<00:00, 254.47it/s, Materializing param=gpt_neox.layers.5.input_layernorm.bias]
Loading weights:  24%|##3       | 70/292 [00:00<00:00, 254.47it/s, Materializing param=gpt_neox.layers.5.input_layernorm.weight]
Loading weights:  24%|##3       | 70/292 [00:00<00:00, 254.47it/s, Materializing param=gpt_neox.layers.5.input_layernorm.weight]
Loading weights:  24%|##4       | 71/292 [00:00<00:00, 240.76it/s, Materializing param=gpt_neox.layers.5.input_layernorm.weight]
Loading weights:  24%|##4       | 71/292 [00:00<00:00, 240.76it/s, Materializing param=gpt_neox.layers.5.mlp.dense_4h_to_h.bias]
Loading weights:  24%|##4       | 71/292 [00:00<00:00, 240.76it/s, Materializing param=gpt_neox.layers.5.mlp.dense_4h_to_h.bias]
Loading weights:  25%|##4       | 72/292 [00:00<00:00, 240.76it/s, Materializing param=gpt_neox.layers.5.mlp.dense_4h_to_h.weight]
Loading weights:  25%|##4       | 72/292 [00:00<00:00, 240.76it/s, Materializing param=gpt_neox.layers.5.mlp.dense_4h_to_h.weight]
Loading weights:  25%|##5       | 73/292 [00:00<00:00, 240.76it/s, Materializing param=gpt_neox.layers.5.mlp.dense_h_to_4h.bias]  
Loading weights:  25%|##5       | 73/292 [00:00<00:00, 240.76it/s, Materializing param=gpt_neox.layers.5.mlp.dense_h_to_4h.bias]
Loading weights:  25%|##5       | 74/292 [00:00<00:00, 240.76it/s, Materializing param=gpt_neox.layers.5.mlp.dense_h_to_4h.weight]
Loading weights:  25%|##5       | 74/292 [00:00<00:00, 240.76it/s, Materializing param=gpt_neox.layers.5.mlp.dense_h_to_4h.weight]
Loading weights:  26%|##5       | 75/292 [00:00<00:00, 240.76it/s, Materializing param=gpt_neox.layers.5.post_attention_layernorm.bias]
Loading weights:  26%|##5       | 75/292 [00:00<00:00, 240.76it/s, Materializing param=gpt_neox.layers.5.post_attention_layernorm.bias]
Loading weights:  26%|##6       | 76/292 [00:00<00:00, 240.76it/s, Materializing param=gpt_neox.layers.5.post_attention_layernorm.weight]
Loading weights:  26%|##6       | 76/292 [00:00<00:00, 240.76it/s, Materializing param=gpt_neox.layers.5.post_attention_layernorm.weight]
Loading weights:  26%|##6       | 77/292 [00:00<00:00, 240.76it/s, Materializing param=gpt_neox.layers.6.attention.dense.bias]           
Loading weights:  26%|##6       | 77/292 [00:00<00:00, 240.76it/s, Materializing param=gpt_neox.layers.6.attention.dense.bias]
Loading weights:  27%|##6       | 78/292 [00:00<00:00, 240.76it/s, Materializing param=gpt_neox.layers.6.attention.dense.weight]
Loading weights:  27%|##6       | 78/292 [00:00<00:00, 240.76it/s, Materializing param=gpt_neox.layers.6.attention.dense.weight]
Loading weights:  27%|##7       | 79/292 [00:00<00:00, 240.76it/s, Materializing param=gpt_neox.layers.6.attention.query_key_value.bias]
Loading weights:  27%|##7       | 79/292 [00:00<00:00, 240.76it/s, Materializing param=gpt_neox.layers.6.attention.query_key_value.bias]
Loading weights:  27%|##7       | 80/292 [00:00<00:00, 240.76it/s, Materializing param=gpt_neox.layers.6.attention.query_key_value.weight]
Loading weights:  27%|##7       | 80/292 [00:00<00:00, 240.76it/s, Materializing param=gpt_neox.layers.6.attention.query_key_value.weight]
Loading weights:  28%|##7       | 81/292 [00:00<00:00, 240.76it/s, Materializing param=gpt_neox.layers.6.input_layernorm.bias]            
Loading weights:  28%|##7       | 81/292 [00:00<00:00, 240.76it/s, Materializing param=gpt_neox.layers.6.input_layernorm.bias]
Loading weights:  28%|##8       | 82/292 [00:00<00:00, 240.76it/s, Materializing param=gpt_neox.layers.6.input_layernorm.weight]
Loading weights:  28%|##8       | 82/292 [00:00<00:00, 240.76it/s, Materializing param=gpt_neox.layers.6.input_layernorm.weight]
Loading weights:  28%|##8       | 83/292 [00:00<00:00, 240.76it/s, Materializing param=gpt_neox.layers.6.mlp.dense_4h_to_h.bias]
Loading weights:  28%|##8       | 83/292 [00:00<00:00, 240.76it/s, Materializing param=gpt_neox.layers.6.mlp.dense_4h_to_h.bias]
Loading weights:  29%|##8       | 84/292 [00:00<00:00, 240.76it/s, Materializing param=gpt_neox.layers.6.mlp.dense_4h_to_h.weight]
Loading weights:  29%|##8       | 84/292 [00:00<00:00, 240.76it/s, Materializing param=gpt_neox.layers.6.mlp.dense_4h_to_h.weight]
Loading weights:  29%|##9       | 85/292 [00:00<00:00, 240.76it/s, Materializing param=gpt_neox.layers.6.mlp.dense_h_to_4h.bias]  
Loading weights:  29%|##9       | 85/292 [00:00<00:00, 240.76it/s, Materializing param=gpt_neox.layers.6.mlp.dense_h_to_4h.bias]
Loading weights:  29%|##9       | 86/292 [00:00<00:00, 240.76it/s, Materializing param=gpt_neox.layers.6.mlp.dense_h_to_4h.weight]
Loading weights:  29%|##9       | 86/292 [00:00<00:00, 240.76it/s, Materializing param=gpt_neox.layers.6.mlp.dense_h_to_4h.weight]
Loading weights:  30%|##9       | 87/292 [00:00<00:00, 240.76it/s, Materializing param=gpt_neox.layers.6.post_attention_layernorm.bias]
Loading weights:  30%|##9       | 87/292 [00:00<00:00, 240.76it/s, Materializing param=gpt_neox.layers.6.post_attention_layernorm.bias]
Loading weights:  30%|###       | 88/292 [00:00<00:00, 240.76it/s, Materializing param=gpt_neox.layers.6.post_attention_layernorm.weight]
Loading weights:  30%|###       | 88/292 [00:00<00:00, 240.76it/s, Materializing param=gpt_neox.layers.6.post_attention_layernorm.weight]
Loading weights:  30%|###       | 89/292 [00:00<00:00, 240.76it/s, Materializing param=gpt_neox.layers.7.attention.dense.bias]           
Loading weights:  30%|###       | 89/292 [00:00<00:00, 240.76it/s, Materializing param=gpt_neox.layers.7.attention.dense.bias]
Loading weights:  31%|###       | 90/292 [00:00<00:00, 240.76it/s, Materializing param=gpt_neox.layers.7.attention.dense.weight]
Loading weights:  31%|###       | 90/292 [00:00<00:00, 240.76it/s, Materializing param=gpt_neox.layers.7.attention.dense.weight]
Loading weights:  31%|###1      | 91/292 [00:00<00:00, 240.76it/s, Materializing param=gpt_neox.layers.7.attention.query_key_value.bias]
Loading weights:  31%|###1      | 91/292 [00:00<00:00, 240.76it/s, Materializing param=gpt_neox.layers.7.attention.query_key_value.bias]
Loading weights:  32%|###1      | 92/292 [00:00<00:00, 240.76it/s, Materializing param=gpt_neox.layers.7.attention.query_key_value.weight]
Loading weights:  32%|###1      | 92/292 [00:00<00:00, 240.76it/s, Materializing param=gpt_neox.layers.7.attention.query_key_value.weight]
Loading weights:  32%|###1      | 93/292 [00:00<00:00, 240.76it/s, Materializing param=gpt_neox.layers.7.input_layernorm.bias]            
Loading weights:  32%|###1      | 93/292 [00:00<00:00, 240.76it/s, Materializing param=gpt_neox.layers.7.input_layernorm.bias]
Loading weights:  32%|###2      | 94/292 [00:00<00:00, 240.76it/s, Materializing param=gpt_neox.layers.7.input_layernorm.weight]
Loading weights:  32%|###2      | 94/292 [00:00<00:00, 240.76it/s, Materializing param=gpt_neox.layers.7.input_layernorm.weight]
Loading weights:  33%|###2      | 95/292 [00:00<00:00, 240.76it/s, Materializing param=gpt_neox.layers.7.mlp.dense_4h_to_h.bias]
Loading weights:  33%|###2      | 95/292 [00:00<00:00, 240.76it/s, Materializing param=gpt_neox.layers.7.mlp.dense_4h_to_h.bias]
Loading weights:  33%|###2      | 96/292 [00:00<00:00, 218.26it/s, Materializing param=gpt_neox.layers.7.mlp.dense_4h_to_h.bias]
Loading weights:  33%|###2      | 96/292 [00:00<00:00, 218.26it/s, Materializing param=gpt_neox.layers.7.mlp.dense_4h_to_h.weight]
Loading weights:  33%|###2      | 96/292 [00:00<00:00, 218.26it/s, Materializing param=gpt_neox.layers.7.mlp.dense_4h_to_h.weight]
Loading weights:  33%|###3      | 97/292 [00:00<00:00, 218.26it/s, Materializing param=gpt_neox.layers.7.mlp.dense_h_to_4h.bias]  
Loading weights:  33%|###3      | 97/292 [00:00<00:00, 218.26it/s, Materializing param=gpt_neox.layers.7.mlp.dense_h_to_4h.bias]
Loading weights:  34%|###3      | 98/292 [00:00<00:00, 218.26it/s, Materializing param=gpt_neox.layers.7.mlp.dense_h_to_4h.weight]
Loading weights:  34%|###3      | 98/292 [00:00<00:00, 218.26it/s, Materializing param=gpt_neox.layers.7.mlp.dense_h_to_4h.weight]
Loading weights:  34%|###3      | 99/292 [00:00<00:00, 218.26it/s, Materializing param=gpt_neox.layers.7.post_attention_layernorm.bias]
Loading weights:  34%|###3      | 99/292 [00:00<00:00, 218.26it/s, Materializing param=gpt_neox.layers.7.post_attention_layernorm.bias]
Loading weights:  34%|###4      | 100/292 [00:00<00:00, 218.26it/s, Materializing param=gpt_neox.layers.7.post_attention_layernorm.weight]
Loading weights:  34%|###4      | 100/292 [00:00<00:00, 218.26it/s, Materializing param=gpt_neox.layers.7.post_attention_layernorm.weight]
Loading weights:  35%|###4      | 101/292 [00:00<00:00, 218.26it/s, Materializing param=gpt_neox.layers.8.attention.dense.bias]           
Loading weights:  35%|###4      | 101/292 [00:00<00:00, 218.26it/s, Materializing param=gpt_neox.layers.8.attention.dense.bias]
Loading weights:  35%|###4      | 102/292 [00:00<00:00, 218.26it/s, Materializing param=gpt_neox.layers.8.attention.dense.weight]
Loading weights:  35%|###4      | 102/292 [00:00<00:00, 218.26it/s, Materializing param=gpt_neox.layers.8.attention.dense.weight]
Loading weights:  35%|###5      | 103/292 [00:00<00:00, 218.26it/s, Materializing param=gpt_neox.layers.8.attention.query_key_value.bias]
Loading weights:  35%|###5      | 103/292 [00:00<00:00, 218.26it/s, Materializing param=gpt_neox.layers.8.attention.query_key_value.bias]
Loading weights:  36%|###5      | 104/292 [00:00<00:00, 218.26it/s, Materializing param=gpt_neox.layers.8.attention.query_key_value.weight]
Loading weights:  36%|###5      | 104/292 [00:00<00:00, 218.26it/s, Materializing param=gpt_neox.layers.8.attention.query_key_value.weight]
Loading weights:  36%|###5      | 105/292 [00:00<00:00, 218.26it/s, Materializing param=gpt_neox.layers.8.input_layernorm.bias]            
Loading weights:  36%|###5      | 105/292 [00:00<00:00, 218.26it/s, Materializing param=gpt_neox.layers.8.input_layernorm.bias]
Loading weights:  36%|###6      | 106/292 [00:00<00:00, 218.26it/s, Materializing param=gpt_neox.layers.8.input_layernorm.weight]
Loading weights:  36%|###6      | 106/292 [00:00<00:00, 218.26it/s, Materializing param=gpt_neox.layers.8.input_layernorm.weight]
Loading weights:  37%|###6      | 107/292 [00:00<00:00, 218.26it/s, Materializing param=gpt_neox.layers.8.mlp.dense_4h_to_h.bias]
Loading weights:  37%|###6      | 107/292 [00:00<00:00, 218.26it/s, Materializing param=gpt_neox.layers.8.mlp.dense_4h_to_h.bias]
Loading weights:  37%|###6      | 108/292 [00:00<00:00, 218.26it/s, Materializing param=gpt_neox.layers.8.mlp.dense_4h_to_h.weight]
Loading weights:  37%|###6      | 108/292 [00:00<00:00, 218.26it/s, Materializing param=gpt_neox.layers.8.mlp.dense_4h_to_h.weight]
Loading weights:  37%|###7      | 109/292 [00:00<00:00, 218.26it/s, Materializing param=gpt_neox.layers.8.mlp.dense_h_to_4h.bias]  
Loading weights:  37%|###7      | 109/292 [00:00<00:00, 218.26it/s, Materializing param=gpt_neox.layers.8.mlp.dense_h_to_4h.bias]
Loading weights:  38%|###7      | 110/292 [00:00<00:00, 218.26it/s, Materializing param=gpt_neox.layers.8.mlp.dense_h_to_4h.weight]
Loading weights:  38%|###7      | 110/292 [00:00<00:00, 218.26it/s, Materializing param=gpt_neox.layers.8.mlp.dense_h_to_4h.weight]
Loading weights:  38%|###8      | 111/292 [00:00<00:00, 218.26it/s, Materializing param=gpt_neox.layers.8.post_attention_layernorm.bias]
Loading weights:  38%|###8      | 111/292 [00:00<00:00, 218.26it/s, Materializing param=gpt_neox.layers.8.post_attention_layernorm.bias]
Loading weights:  38%|###8      | 112/292 [00:00<00:00, 218.26it/s, Materializing param=gpt_neox.layers.8.post_attention_layernorm.weight]
Loading weights:  38%|###8      | 112/292 [00:00<00:00, 218.26it/s, Materializing param=gpt_neox.layers.8.post_attention_layernorm.weight]
Loading weights:  39%|###8      | 113/292 [00:00<00:00, 218.26it/s, Materializing param=gpt_neox.layers.9.attention.dense.bias]           
Loading weights:  39%|###8      | 113/292 [00:00<00:00, 218.26it/s, Materializing param=gpt_neox.layers.9.attention.dense.bias]
Loading weights:  39%|###9      | 114/292 [00:00<00:00, 218.26it/s, Materializing param=gpt_neox.layers.9.attention.dense.weight]
Loading weights:  39%|###9      | 114/292 [00:00<00:00, 218.26it/s, Materializing param=gpt_neox.layers.9.attention.dense.weight]
Loading weights:  39%|###9      | 115/292 [00:00<00:00, 218.26it/s, Materializing param=gpt_neox.layers.9.attention.query_key_value.bias]
Loading weights:  39%|###9      | 115/292 [00:00<00:00, 218.26it/s, Materializing param=gpt_neox.layers.9.attention.query_key_value.bias]
Loading weights:  40%|###9      | 116/292 [00:00<00:00, 218.26it/s, Materializing param=gpt_neox.layers.9.attention.query_key_value.weight]
Loading weights:  40%|###9      | 116/292 [00:00<00:00, 218.26it/s, Materializing param=gpt_neox.layers.9.attention.query_key_value.weight]
Loading weights:  40%|####      | 117/292 [00:00<00:00, 218.26it/s, Materializing param=gpt_neox.layers.9.input_layernorm.bias]            
Loading weights:  40%|####      | 117/292 [00:00<00:00, 218.26it/s, Materializing param=gpt_neox.layers.9.input_layernorm.bias]
Loading weights:  40%|####      | 118/292 [00:00<00:00, 218.26it/s, Materializing param=gpt_neox.layers.9.input_layernorm.weight]
Loading weights:  40%|####      | 118/292 [00:00<00:00, 218.26it/s, Materializing param=gpt_neox.layers.9.input_layernorm.weight]
Loading weights:  41%|####      | 119/292 [00:00<00:00, 218.26it/s, Materializing param=gpt_neox.layers.9.mlp.dense_4h_to_h.bias]
Loading weights:  41%|####      | 119/292 [00:00<00:00, 218.26it/s, Materializing param=gpt_neox.layers.9.mlp.dense_4h_to_h.bias]
Loading weights:  41%|####1     | 120/292 [00:00<00:00, 218.26it/s, Materializing param=gpt_neox.layers.9.mlp.dense_4h_to_h.weight]
Loading weights:  41%|####1     | 120/292 [00:00<00:00, 218.26it/s, Materializing param=gpt_neox.layers.9.mlp.dense_4h_to_h.weight]
Loading weights:  41%|####1     | 121/292 [00:00<00:00, 218.26it/s, Materializing param=gpt_neox.layers.9.mlp.dense_h_to_4h.bias]  
Loading weights:  41%|####1     | 121/292 [00:00<00:00, 218.26it/s, Materializing param=gpt_neox.layers.9.mlp.dense_h_to_4h.bias]
Loading weights:  42%|####1     | 122/292 [00:00<00:00, 218.26it/s, Materializing param=gpt_neox.layers.9.mlp.dense_h_to_4h.weight]
Loading weights:  42%|####1     | 122/292 [00:00<00:00, 218.26it/s, Materializing param=gpt_neox.layers.9.mlp.dense_h_to_4h.weight]
Loading weights:  42%|####2     | 123/292 [00:00<00:00, 218.26it/s, Materializing param=gpt_neox.layers.9.post_attention_layernorm.bias]
Loading weights:  42%|####2     | 123/292 [00:00<00:00, 218.26it/s, Materializing param=gpt_neox.layers.9.post_attention_layernorm.bias]
Loading weights:  42%|####2     | 124/292 [00:00<00:00, 218.26it/s, Materializing param=gpt_neox.layers.9.post_attention_layernorm.weight]
Loading weights:  42%|####2     | 124/292 [00:00<00:00, 218.26it/s, Materializing param=gpt_neox.layers.9.post_attention_layernorm.weight]
Loading weights:  43%|####2     | 125/292 [00:00<00:00, 218.26it/s, Materializing param=gpt_neox.layers.10.attention.dense.bias]          
Loading weights:  43%|####2     | 125/292 [00:00<00:00, 218.26it/s, Materializing param=gpt_neox.layers.10.attention.dense.bias]
Loading weights:  43%|####3     | 126/292 [00:00<00:00, 218.26it/s, Materializing param=gpt_neox.layers.10.attention.dense.weight]
Loading weights:  43%|####3     | 126/292 [00:00<00:00, 218.26it/s, Materializing param=gpt_neox.layers.10.attention.dense.weight]
Loading weights:  43%|####3     | 127/292 [00:00<00:00, 218.26it/s, Materializing param=gpt_neox.layers.10.attention.query_key_value.bias]
Loading weights:  43%|####3     | 127/292 [00:00<00:00, 218.26it/s, Materializing param=gpt_neox.layers.10.attention.query_key_value.bias]
Loading weights:  44%|####3     | 128/292 [00:00<00:00, 218.26it/s, Materializing param=gpt_neox.layers.10.attention.query_key_value.weight]
Loading weights:  44%|####3     | 128/292 [00:00<00:00, 218.26it/s, Materializing param=gpt_neox.layers.10.attention.query_key_value.weight]
Loading weights:  44%|####4     | 129/292 [00:00<00:00, 228.71it/s, Materializing param=gpt_neox.layers.10.attention.query_key_value.weight]
Loading weights:  44%|####4     | 129/292 [00:00<00:00, 228.71it/s, Materializing param=gpt_neox.layers.10.input_layernorm.bias]            
Loading weights:  44%|####4     | 129/292 [00:00<00:00, 228.71it/s, Materializing param=gpt_neox.layers.10.input_layernorm.bias]
Loading weights:  45%|####4     | 130/292 [00:00<00:00, 228.71it/s, Materializing param=gpt_neox.layers.10.input_layernorm.weight]
Loading weights:  45%|####4     | 130/292 [00:00<00:00, 228.71it/s, Materializing param=gpt_neox.layers.10.input_layernorm.weight]
Loading weights:  45%|####4     | 131/292 [00:00<00:00, 228.71it/s, Materializing param=gpt_neox.layers.10.mlp.dense_4h_to_h.bias]
Loading weights:  45%|####4     | 131/292 [00:00<00:00, 228.71it/s, Materializing param=gpt_neox.layers.10.mlp.dense_4h_to_h.bias]
Loading weights:  45%|####5     | 132/292 [00:00<00:00, 228.71it/s, Materializing param=gpt_neox.layers.10.mlp.dense_4h_to_h.weight]
Loading weights:  45%|####5     | 132/292 [00:00<00:00, 228.71it/s, Materializing param=gpt_neox.layers.10.mlp.dense_4h_to_h.weight]
Loading weights:  46%|####5     | 133/292 [00:00<00:00, 228.71it/s, Materializing param=gpt_neox.layers.10.mlp.dense_h_to_4h.bias]  
Loading weights:  46%|####5     | 133/292 [00:00<00:00, 228.71it/s, Materializing param=gpt_neox.layers.10.mlp.dense_h_to_4h.bias]
Loading weights:  46%|####5     | 134/292 [00:00<00:00, 228.71it/s, Materializing param=gpt_neox.layers.10.mlp.dense_h_to_4h.weight]
Loading weights:  46%|####5     | 134/292 [00:00<00:00, 228.71it/s, Materializing param=gpt_neox.layers.10.mlp.dense_h_to_4h.weight]
Loading weights:  46%|####6     | 135/292 [00:00<00:00, 228.71it/s, Materializing param=gpt_neox.layers.10.post_attention_layernorm.bias]
Loading weights:  46%|####6     | 135/292 [00:00<00:00, 228.71it/s, Materializing param=gpt_neox.layers.10.post_attention_layernorm.bias]
Loading weights:  47%|####6     | 136/292 [00:00<00:00, 228.71it/s, Materializing param=gpt_neox.layers.10.post_attention_layernorm.weight]
Loading weights:  47%|####6     | 136/292 [00:00<00:00, 228.71it/s, Materializing param=gpt_neox.layers.10.post_attention_layernorm.weight]
Loading weights:  47%|####6     | 137/292 [00:00<00:00, 228.71it/s, Materializing param=gpt_neox.layers.11.attention.dense.bias]           
Loading weights:  47%|####6     | 137/292 [00:00<00:00, 228.71it/s, Materializing param=gpt_neox.layers.11.attention.dense.bias]
Loading weights:  47%|####7     | 138/292 [00:00<00:00, 228.71it/s, Materializing param=gpt_neox.layers.11.attention.dense.weight]
Loading weights:  47%|####7     | 138/292 [00:00<00:00, 228.71it/s, Materializing param=gpt_neox.layers.11.attention.dense.weight]
Loading weights:  48%|####7     | 139/292 [00:00<00:00, 228.71it/s, Materializing param=gpt_neox.layers.11.attention.query_key_value.bias]
Loading weights:  48%|####7     | 139/292 [00:00<00:00, 228.71it/s, Materializing param=gpt_neox.layers.11.attention.query_key_value.bias]
Loading weights:  48%|####7     | 140/292 [00:00<00:00, 228.71it/s, Materializing param=gpt_neox.layers.11.attention.query_key_value.weight]
Loading weights:  48%|####7     | 140/292 [00:00<00:00, 228.71it/s, Materializing param=gpt_neox.layers.11.attention.query_key_value.weight]
Loading weights:  48%|####8     | 141/292 [00:00<00:00, 228.71it/s, Materializing param=gpt_neox.layers.11.input_layernorm.bias]            
Loading weights:  48%|####8     | 141/292 [00:00<00:00, 228.71it/s, Materializing param=gpt_neox.layers.11.input_layernorm.bias]
Loading weights:  49%|####8     | 142/292 [00:00<00:00, 228.71it/s, Materializing param=gpt_neox.layers.11.input_layernorm.weight]
Loading weights:  49%|####8     | 142/292 [00:00<00:00, 228.71it/s, Materializing param=gpt_neox.layers.11.input_layernorm.weight]
Loading weights:  49%|####8     | 143/292 [00:00<00:00, 228.71it/s, Materializing param=gpt_neox.layers.11.mlp.dense_4h_to_h.bias]
Loading weights:  49%|####8     | 143/292 [00:00<00:00, 228.71it/s, Materializing param=gpt_neox.layers.11.mlp.dense_4h_to_h.bias]
Loading weights:  49%|####9     | 144/292 [00:00<00:00, 228.71it/s, Materializing param=gpt_neox.layers.11.mlp.dense_4h_to_h.weight]
Loading weights:  49%|####9     | 144/292 [00:00<00:00, 228.71it/s, Materializing param=gpt_neox.layers.11.mlp.dense_4h_to_h.weight]
Loading weights:  50%|####9     | 145/292 [00:00<00:00, 228.71it/s, Materializing param=gpt_neox.layers.11.mlp.dense_h_to_4h.bias]  
Loading weights:  50%|####9     | 145/292 [00:00<00:00, 228.71it/s, Materializing param=gpt_neox.layers.11.mlp.dense_h_to_4h.bias]
Loading weights:  50%|#####     | 146/292 [00:00<00:00, 228.71it/s, Materializing param=gpt_neox.layers.11.mlp.dense_h_to_4h.weight]
Loading weights:  50%|#####     | 146/292 [00:00<00:00, 228.71it/s, Materializing param=gpt_neox.layers.11.mlp.dense_h_to_4h.weight]
Loading weights:  50%|#####     | 147/292 [00:00<00:00, 228.71it/s, Materializing param=gpt_neox.layers.11.post_attention_layernorm.bias]
Loading weights:  50%|#####     | 147/292 [00:00<00:00, 228.71it/s, Materializing param=gpt_neox.layers.11.post_attention_layernorm.bias]
Loading weights:  51%|#####     | 148/292 [00:00<00:00, 228.71it/s, Materializing param=gpt_neox.layers.11.post_attention_layernorm.weight]
Loading weights:  51%|#####     | 148/292 [00:00<00:00, 228.71it/s, Materializing param=gpt_neox.layers.11.post_attention_layernorm.weight]
Loading weights:  51%|#####1    | 149/292 [00:00<00:00, 228.71it/s, Materializing param=gpt_neox.layers.12.attention.dense.bias]           
Loading weights:  51%|#####1    | 149/292 [00:00<00:00, 228.71it/s, Materializing param=gpt_neox.layers.12.attention.dense.bias]
Loading weights:  51%|#####1    | 150/292 [00:00<00:00, 228.71it/s, Materializing param=gpt_neox.layers.12.attention.dense.weight]
Loading weights:  51%|#####1    | 150/292 [00:00<00:00, 228.71it/s, Materializing param=gpt_neox.layers.12.attention.dense.weight]
Loading weights:  52%|#####1    | 151/292 [00:00<00:00, 228.71it/s, Materializing param=gpt_neox.layers.12.attention.query_key_value.bias]
Loading weights:  52%|#####1    | 151/292 [00:00<00:00, 228.71it/s, Materializing param=gpt_neox.layers.12.attention.query_key_value.bias]
Loading weights:  52%|#####2    | 152/292 [00:00<00:00, 189.08it/s, Materializing param=gpt_neox.layers.12.attention.query_key_value.bias]
Loading weights:  52%|#####2    | 152/292 [00:00<00:00, 189.08it/s, Materializing param=gpt_neox.layers.12.attention.query_key_value.weight]
Loading weights:  52%|#####2    | 152/292 [00:00<00:00, 189.08it/s, Materializing param=gpt_neox.layers.12.attention.query_key_value.weight]
Loading weights:  52%|#####2    | 153/292 [00:00<00:00, 189.08it/s, Materializing param=gpt_neox.layers.12.input_layernorm.bias]            
Loading weights:  52%|#####2    | 153/292 [00:00<00:00, 189.08it/s, Materializing param=gpt_neox.layers.12.input_layernorm.bias]
Loading weights:  53%|#####2    | 154/292 [00:00<00:00, 189.08it/s, Materializing param=gpt_neox.layers.12.input_layernorm.weight]
Loading weights:  53%|#####2    | 154/292 [00:00<00:00, 189.08it/s, Materializing param=gpt_neox.layers.12.input_layernorm.weight]
Loading weights:  53%|#####3    | 155/292 [00:00<00:00, 189.08it/s, Materializing param=gpt_neox.layers.12.mlp.dense_4h_to_h.bias]
Loading weights:  53%|#####3    | 155/292 [00:00<00:00, 189.08it/s, Materializing param=gpt_neox.layers.12.mlp.dense_4h_to_h.bias]
Loading weights:  53%|#####3    | 156/292 [00:00<00:00, 189.08it/s, Materializing param=gpt_neox.layers.12.mlp.dense_4h_to_h.weight]
Loading weights:  53%|#####3    | 156/292 [00:00<00:00, 189.08it/s, Materializing param=gpt_neox.layers.12.mlp.dense_4h_to_h.weight]
Loading weights:  54%|#####3    | 157/292 [00:00<00:00, 189.08it/s, Materializing param=gpt_neox.layers.12.mlp.dense_h_to_4h.bias]  
Loading weights:  54%|#####3    | 157/292 [00:00<00:00, 189.08it/s, Materializing param=gpt_neox.layers.12.mlp.dense_h_to_4h.bias]
Loading weights:  54%|#####4    | 158/292 [00:00<00:00, 189.08it/s, Materializing param=gpt_neox.layers.12.mlp.dense_h_to_4h.weight]
Loading weights:  54%|#####4    | 158/292 [00:00<00:00, 189.08it/s, Materializing param=gpt_neox.layers.12.mlp.dense_h_to_4h.weight]
Loading weights:  54%|#####4    | 159/292 [00:00<00:00, 189.08it/s, Materializing param=gpt_neox.layers.12.post_attention_layernorm.bias]
Loading weights:  54%|#####4    | 159/292 [00:00<00:00, 189.08it/s, Materializing param=gpt_neox.layers.12.post_attention_layernorm.bias]
Loading weights:  55%|#####4    | 160/292 [00:00<00:00, 189.08it/s, Materializing param=gpt_neox.layers.12.post_attention_layernorm.weight]
Loading weights:  55%|#####4    | 160/292 [00:00<00:00, 189.08it/s, Materializing param=gpt_neox.layers.12.post_attention_layernorm.weight]
Loading weights:  55%|#####5    | 161/292 [00:00<00:00, 189.08it/s, Materializing param=gpt_neox.layers.13.attention.dense.bias]           
Loading weights:  55%|#####5    | 161/292 [00:00<00:00, 189.08it/s, Materializing param=gpt_neox.layers.13.attention.dense.bias]
Loading weights:  55%|#####5    | 162/292 [00:00<00:00, 189.08it/s, Materializing param=gpt_neox.layers.13.attention.dense.weight]
Loading weights:  55%|#####5    | 162/292 [00:00<00:00, 189.08it/s, Materializing param=gpt_neox.layers.13.attention.dense.weight]
Loading weights:  56%|#####5    | 163/292 [00:00<00:00, 189.08it/s, Materializing param=gpt_neox.layers.13.attention.query_key_value.bias]
Loading weights:  56%|#####5    | 163/292 [00:00<00:00, 189.08it/s, Materializing param=gpt_neox.layers.13.attention.query_key_value.bias]
Loading weights:  56%|#####6    | 164/292 [00:00<00:00, 189.08it/s, Materializing param=gpt_neox.layers.13.attention.query_key_value.weight]
Loading weights:  56%|#####6    | 164/292 [00:00<00:00, 189.08it/s, Materializing param=gpt_neox.layers.13.attention.query_key_value.weight]
Loading weights:  57%|#####6    | 165/292 [00:00<00:00, 189.08it/s, Materializing param=gpt_neox.layers.13.input_layernorm.bias]            
Loading weights:  57%|#####6    | 165/292 [00:00<00:00, 189.08it/s, Materializing param=gpt_neox.layers.13.input_layernorm.bias]
Loading weights:  57%|#####6    | 166/292 [00:00<00:00, 189.08it/s, Materializing param=gpt_neox.layers.13.input_layernorm.weight]
Loading weights:  57%|#####6    | 166/292 [00:00<00:00, 189.08it/s, Materializing param=gpt_neox.layers.13.input_layernorm.weight]
Loading weights:  57%|#####7    | 167/292 [00:00<00:00, 189.08it/s, Materializing param=gpt_neox.layers.13.mlp.dense_4h_to_h.bias]
Loading weights:  57%|#####7    | 167/292 [00:00<00:00, 189.08it/s, Materializing param=gpt_neox.layers.13.mlp.dense_4h_to_h.bias]
Loading weights:  58%|#####7    | 168/292 [00:00<00:00, 189.08it/s, Materializing param=gpt_neox.layers.13.mlp.dense_4h_to_h.weight]
Loading weights:  58%|#####7    | 168/292 [00:00<00:00, 189.08it/s, Materializing param=gpt_neox.layers.13.mlp.dense_4h_to_h.weight]
Loading weights:  58%|#####7    | 169/292 [00:00<00:00, 189.08it/s, Materializing param=gpt_neox.layers.13.mlp.dense_h_to_4h.bias]  
Loading weights:  58%|#####7    | 169/292 [00:00<00:00, 189.08it/s, Materializing param=gpt_neox.layers.13.mlp.dense_h_to_4h.bias]
Loading weights:  58%|#####8    | 170/292 [00:00<00:00, 189.08it/s, Materializing param=gpt_neox.layers.13.mlp.dense_h_to_4h.weight]
Loading weights:  58%|#####8    | 170/292 [00:00<00:00, 189.08it/s, Materializing param=gpt_neox.layers.13.mlp.dense_h_to_4h.weight]
Loading weights:  59%|#####8    | 171/292 [00:00<00:00, 189.08it/s, Materializing param=gpt_neox.layers.13.post_attention_layernorm.bias]
Loading weights:  59%|#####8    | 171/292 [00:00<00:00, 189.08it/s, Materializing param=gpt_neox.layers.13.post_attention_layernorm.bias]
Loading weights:  59%|#####8    | 172/292 [00:00<00:00, 189.08it/s, Materializing param=gpt_neox.layers.13.post_attention_layernorm.weight]
Loading weights:  59%|#####8    | 172/292 [00:00<00:00, 189.08it/s, Materializing param=gpt_neox.layers.13.post_attention_layernorm.weight]
Loading weights:  59%|#####9    | 173/292 [00:00<00:00, 189.08it/s, Materializing param=gpt_neox.layers.14.attention.dense.bias]           
Loading weights:  59%|#####9    | 173/292 [00:00<00:00, 189.08it/s, Materializing param=gpt_neox.layers.14.attention.dense.bias]
Loading weights:  60%|#####9    | 174/292 [00:00<00:00, 189.08it/s, Materializing param=gpt_neox.layers.14.attention.dense.weight]
Loading weights:  60%|#####9    | 174/292 [00:00<00:00, 189.08it/s, Materializing param=gpt_neox.layers.14.attention.dense.weight]
Loading weights:  60%|#####9    | 175/292 [00:00<00:00, 189.08it/s, Materializing param=gpt_neox.layers.14.attention.query_key_value.bias]
Loading weights:  60%|#####9    | 175/292 [00:00<00:00, 189.08it/s, Materializing param=gpt_neox.layers.14.attention.query_key_value.bias]
Loading weights:  60%|######    | 176/292 [00:00<00:00, 189.08it/s, Materializing param=gpt_neox.layers.14.attention.query_key_value.weight]
Loading weights:  60%|######    | 176/292 [00:00<00:00, 189.08it/s, Materializing param=gpt_neox.layers.14.attention.query_key_value.weight]
Loading weights:  61%|######    | 177/292 [00:00<00:00, 200.41it/s, Materializing param=gpt_neox.layers.14.attention.query_key_value.weight]
Loading weights:  61%|######    | 177/292 [00:00<00:00, 200.41it/s, Materializing param=gpt_neox.layers.14.input_layernorm.bias]            
Loading weights:  61%|######    | 177/292 [00:00<00:00, 200.41it/s, Materializing param=gpt_neox.layers.14.input_layernorm.bias]
Loading weights:  61%|######    | 178/292 [00:00<00:00, 200.41it/s, Materializing param=gpt_neox.layers.14.input_layernorm.weight]
Loading weights:  61%|######    | 178/292 [00:00<00:00, 200.41it/s, Materializing param=gpt_neox.layers.14.input_layernorm.weight]
Loading weights:  61%|######1   | 179/292 [00:00<00:00, 200.41it/s, Materializing param=gpt_neox.layers.14.mlp.dense_4h_to_h.bias]
Loading weights:  61%|######1   | 179/292 [00:00<00:00, 200.41it/s, Materializing param=gpt_neox.layers.14.mlp.dense_4h_to_h.bias]
Loading weights:  62%|######1   | 180/292 [00:00<00:00, 200.41it/s, Materializing param=gpt_neox.layers.14.mlp.dense_4h_to_h.weight]
Loading weights:  62%|######1   | 180/292 [00:00<00:00, 200.41it/s, Materializing param=gpt_neox.layers.14.mlp.dense_4h_to_h.weight]
Loading weights:  62%|######1   | 181/292 [00:00<00:00, 200.41it/s, Materializing param=gpt_neox.layers.14.mlp.dense_h_to_4h.bias]  
Loading weights:  62%|######1   | 181/292 [00:00<00:00, 200.41it/s, Materializing param=gpt_neox.layers.14.mlp.dense_h_to_4h.bias]
Loading weights:  62%|######2   | 182/292 [00:00<00:00, 200.41it/s, Materializing param=gpt_neox.layers.14.mlp.dense_h_to_4h.weight]
Loading weights:  62%|######2   | 182/292 [00:00<00:00, 200.41it/s, Materializing param=gpt_neox.layers.14.mlp.dense_h_to_4h.weight]
Loading weights:  63%|######2   | 183/292 [00:00<00:00, 200.41it/s, Materializing param=gpt_neox.layers.14.post_attention_layernorm.bias]
Loading weights:  63%|######2   | 183/292 [00:00<00:00, 200.41it/s, Materializing param=gpt_neox.layers.14.post_attention_layernorm.bias]
Loading weights:  63%|######3   | 184/292 [00:00<00:00, 200.41it/s, Materializing param=gpt_neox.layers.14.post_attention_layernorm.weight]
Loading weights:  63%|######3   | 184/292 [00:00<00:00, 200.41it/s, Materializing param=gpt_neox.layers.14.post_attention_layernorm.weight]
Loading weights:  63%|######3   | 185/292 [00:00<00:00, 200.41it/s, Materializing param=gpt_neox.layers.15.attention.dense.bias]           
Loading weights:  63%|######3   | 185/292 [00:00<00:00, 200.41it/s, Materializing param=gpt_neox.layers.15.attention.dense.bias]
Loading weights:  64%|######3   | 186/292 [00:00<00:00, 200.41it/s, Materializing param=gpt_neox.layers.15.attention.dense.weight]
Loading weights:  64%|######3   | 186/292 [00:00<00:00, 200.41it/s, Materializing param=gpt_neox.layers.15.attention.dense.weight]
Loading weights:  64%|######4   | 187/292 [00:00<00:00, 200.41it/s, Materializing param=gpt_neox.layers.15.attention.query_key_value.bias]
Loading weights:  64%|######4   | 187/292 [00:00<00:00, 200.41it/s, Materializing param=gpt_neox.layers.15.attention.query_key_value.bias]
Loading weights:  64%|######4   | 188/292 [00:00<00:00, 200.41it/s, Materializing param=gpt_neox.layers.15.attention.query_key_value.weight]
Loading weights:  64%|######4   | 188/292 [00:00<00:00, 200.41it/s, Materializing param=gpt_neox.layers.15.attention.query_key_value.weight]
Loading weights:  65%|######4   | 189/292 [00:00<00:00, 200.41it/s, Materializing param=gpt_neox.layers.15.input_layernorm.bias]            
Loading weights:  65%|######4   | 189/292 [00:00<00:00, 200.41it/s, Materializing param=gpt_neox.layers.15.input_layernorm.bias]
Loading weights:  65%|######5   | 190/292 [00:00<00:00, 200.41it/s, Materializing param=gpt_neox.layers.15.input_layernorm.weight]
Loading weights:  65%|######5   | 190/292 [00:00<00:00, 200.41it/s, Materializing param=gpt_neox.layers.15.input_layernorm.weight]
Loading weights:  65%|######5   | 191/292 [00:00<00:00, 200.41it/s, Materializing param=gpt_neox.layers.15.mlp.dense_4h_to_h.bias]
Loading weights:  65%|######5   | 191/292 [00:00<00:00, 200.41it/s, Materializing param=gpt_neox.layers.15.mlp.dense_4h_to_h.bias]
Loading weights:  66%|######5   | 192/292 [00:00<00:00, 200.41it/s, Materializing param=gpt_neox.layers.15.mlp.dense_4h_to_h.weight]
Loading weights:  66%|######5   | 192/292 [00:00<00:00, 200.41it/s, Materializing param=gpt_neox.layers.15.mlp.dense_4h_to_h.weight]
Loading weights:  66%|######6   | 193/292 [00:00<00:00, 200.41it/s, Materializing param=gpt_neox.layers.15.mlp.dense_h_to_4h.bias]  
Loading weights:  66%|######6   | 193/292 [00:00<00:00, 200.41it/s, Materializing param=gpt_neox.layers.15.mlp.dense_h_to_4h.bias]
Loading weights:  66%|######6   | 194/292 [00:00<00:00, 200.41it/s, Materializing param=gpt_neox.layers.15.mlp.dense_h_to_4h.weight]
Loading weights:  66%|######6   | 194/292 [00:00<00:00, 200.41it/s, Materializing param=gpt_neox.layers.15.mlp.dense_h_to_4h.weight]
Loading weights:  67%|######6   | 195/292 [00:00<00:00, 200.41it/s, Materializing param=gpt_neox.layers.15.post_attention_layernorm.bias]
Loading weights:  67%|######6   | 195/292 [00:00<00:00, 200.41it/s, Materializing param=gpt_neox.layers.15.post_attention_layernorm.bias]
Loading weights:  67%|######7   | 196/292 [00:00<00:00, 200.41it/s, Materializing param=gpt_neox.layers.15.post_attention_layernorm.weight]
Loading weights:  67%|######7   | 196/292 [00:00<00:00, 200.41it/s, Materializing param=gpt_neox.layers.15.post_attention_layernorm.weight]
Loading weights:  67%|######7   | 197/292 [00:00<00:00, 200.41it/s, Materializing param=gpt_neox.layers.16.attention.dense.bias]           
Loading weights:  67%|######7   | 197/292 [00:00<00:00, 200.41it/s, Materializing param=gpt_neox.layers.16.attention.dense.bias]
Loading weights:  68%|######7   | 198/292 [00:00<00:00, 200.41it/s, Materializing param=gpt_neox.layers.16.attention.dense.weight]
Loading weights:  68%|######7   | 198/292 [00:00<00:00, 200.41it/s, Materializing param=gpt_neox.layers.16.attention.dense.weight]
Loading weights:  68%|######8   | 199/292 [00:00<00:00, 200.41it/s, Materializing param=gpt_neox.layers.16.attention.query_key_value.bias]
Loading weights:  68%|######8   | 199/292 [00:00<00:00, 200.41it/s, Materializing param=gpt_neox.layers.16.attention.query_key_value.bias]
Loading weights:  68%|######8   | 200/292 [00:00<00:00, 200.41it/s, Materializing param=gpt_neox.layers.16.attention.query_key_value.weight]
Loading weights:  68%|######8   | 200/292 [00:00<00:00, 200.41it/s, Materializing param=gpt_neox.layers.16.attention.query_key_value.weight]
Loading weights:  69%|######8   | 201/292 [00:00<00:00, 194.37it/s, Materializing param=gpt_neox.layers.16.attention.query_key_value.weight]
Loading weights:  69%|######8   | 201/292 [00:00<00:00, 194.37it/s, Materializing param=gpt_neox.layers.16.input_layernorm.bias]            
Loading weights:  69%|######8   | 201/292 [00:00<00:00, 194.37it/s, Materializing param=gpt_neox.layers.16.input_layernorm.bias]
Loading weights:  69%|######9   | 202/292 [00:00<00:00, 194.37it/s, Materializing param=gpt_neox.layers.16.input_layernorm.weight]
Loading weights:  69%|######9   | 202/292 [00:00<00:00, 194.37it/s, Materializing param=gpt_neox.layers.16.input_layernorm.weight]
Loading weights:  70%|######9   | 203/292 [00:00<00:00, 194.37it/s, Materializing param=gpt_neox.layers.16.mlp.dense_4h_to_h.bias]
Loading weights:  70%|######9   | 203/292 [00:00<00:00, 194.37it/s, Materializing param=gpt_neox.layers.16.mlp.dense_4h_to_h.bias]
Loading weights:  70%|######9   | 204/292 [00:00<00:00, 194.37it/s, Materializing param=gpt_neox.layers.16.mlp.dense_4h_to_h.weight]
Loading weights:  70%|######9   | 204/292 [00:00<00:00, 194.37it/s, Materializing param=gpt_neox.layers.16.mlp.dense_4h_to_h.weight]
Loading weights:  70%|#######   | 205/292 [00:01<00:00, 194.37it/s, Materializing param=gpt_neox.layers.16.mlp.dense_h_to_4h.bias]  
Loading weights:  70%|#######   | 205/292 [00:01<00:00, 194.37it/s, Materializing param=gpt_neox.layers.16.mlp.dense_h_to_4h.bias]
Loading weights:  71%|#######   | 206/292 [00:01<00:00, 194.37it/s, Materializing param=gpt_neox.layers.16.mlp.dense_h_to_4h.weight]
Loading weights:  71%|#######   | 206/292 [00:01<00:00, 194.37it/s, Materializing param=gpt_neox.layers.16.mlp.dense_h_to_4h.weight]
Loading weights:  71%|#######   | 207/292 [00:01<00:00, 194.37it/s, Materializing param=gpt_neox.layers.16.post_attention_layernorm.bias]
Loading weights:  71%|#######   | 207/292 [00:01<00:00, 194.37it/s, Materializing param=gpt_neox.layers.16.post_attention_layernorm.bias]
Loading weights:  71%|#######1  | 208/292 [00:01<00:00, 194.37it/s, Materializing param=gpt_neox.layers.16.post_attention_layernorm.weight]
Loading weights:  71%|#######1  | 208/292 [00:01<00:00, 194.37it/s, Materializing param=gpt_neox.layers.16.post_attention_layernorm.weight]
Loading weights:  72%|#######1  | 209/292 [00:01<00:00, 194.37it/s, Materializing param=gpt_neox.layers.17.attention.dense.bias]           
Loading weights:  72%|#######1  | 209/292 [00:01<00:00, 194.37it/s, Materializing param=gpt_neox.layers.17.attention.dense.bias]
Loading weights:  72%|#######1  | 210/292 [00:01<00:00, 194.37it/s, Materializing param=gpt_neox.layers.17.attention.dense.weight]
Loading weights:  72%|#######1  | 210/292 [00:01<00:00, 194.37it/s, Materializing param=gpt_neox.layers.17.attention.dense.weight]
Loading weights:  72%|#######2  | 211/292 [00:01<00:00, 194.37it/s, Materializing param=gpt_neox.layers.17.attention.query_key_value.bias]
Loading weights:  72%|#######2  | 211/292 [00:01<00:00, 194.37it/s, Materializing param=gpt_neox.layers.17.attention.query_key_value.bias]
Loading weights:  73%|#######2  | 212/292 [00:01<00:00, 194.37it/s, Materializing param=gpt_neox.layers.17.attention.query_key_value.weight]
Loading weights:  73%|#######2  | 212/292 [00:01<00:00, 194.37it/s, Materializing param=gpt_neox.layers.17.attention.query_key_value.weight]
Loading weights:  73%|#######2  | 213/292 [00:01<00:00, 194.37it/s, Materializing param=gpt_neox.layers.17.input_layernorm.bias]            
Loading weights:  73%|#######2  | 213/292 [00:01<00:00, 194.37it/s, Materializing param=gpt_neox.layers.17.input_layernorm.bias]
Loading weights:  73%|#######3  | 214/292 [00:01<00:00, 194.37it/s, Materializing param=gpt_neox.layers.17.input_layernorm.weight]
Loading weights:  73%|#######3  | 214/292 [00:01<00:00, 194.37it/s, Materializing param=gpt_neox.layers.17.input_layernorm.weight]
Loading weights:  74%|#######3  | 215/292 [00:01<00:00, 194.37it/s, Materializing param=gpt_neox.layers.17.mlp.dense_4h_to_h.bias]
Loading weights:  74%|#######3  | 215/292 [00:01<00:00, 194.37it/s, Materializing param=gpt_neox.layers.17.mlp.dense_4h_to_h.bias]
Loading weights:  74%|#######3  | 216/292 [00:01<00:00, 194.37it/s, Materializing param=gpt_neox.layers.17.mlp.dense_4h_to_h.weight]
Loading weights:  74%|#######3  | 216/292 [00:01<00:00, 194.37it/s, Materializing param=gpt_neox.layers.17.mlp.dense_4h_to_h.weight]
Loading weights:  74%|#######4  | 217/292 [00:01<00:00, 194.37it/s, Materializing param=gpt_neox.layers.17.mlp.dense_h_to_4h.bias]  
Loading weights:  74%|#######4  | 217/292 [00:01<00:00, 194.37it/s, Materializing param=gpt_neox.layers.17.mlp.dense_h_to_4h.bias]
Loading weights:  75%|#######4  | 218/292 [00:01<00:00, 194.37it/s, Materializing param=gpt_neox.layers.17.mlp.dense_h_to_4h.weight]
Loading weights:  75%|#######4  | 218/292 [00:01<00:00, 194.37it/s, Materializing param=gpt_neox.layers.17.mlp.dense_h_to_4h.weight]
Loading weights:  75%|#######5  | 219/292 [00:01<00:00, 194.37it/s, Materializing param=gpt_neox.layers.17.post_attention_layernorm.bias]
Loading weights:  75%|#######5  | 219/292 [00:01<00:00, 194.37it/s, Materializing param=gpt_neox.layers.17.post_attention_layernorm.bias]
Loading weights:  75%|#######5  | 220/292 [00:01<00:00, 194.37it/s, Materializing param=gpt_neox.layers.17.post_attention_layernorm.weight]
Loading weights:  75%|#######5  | 220/292 [00:01<00:00, 194.37it/s, Materializing param=gpt_neox.layers.17.post_attention_layernorm.weight]
Loading weights:  76%|#######5  | 221/292 [00:01<00:00, 194.37it/s, Materializing param=gpt_neox.layers.18.attention.dense.bias]           
Loading weights:  76%|#######5  | 221/292 [00:01<00:00, 194.37it/s, Materializing param=gpt_neox.layers.18.attention.dense.bias]
Loading weights:  76%|#######6  | 222/292 [00:01<00:00, 194.37it/s, Materializing param=gpt_neox.layers.18.attention.dense.weight]
Loading weights:  76%|#######6  | 222/292 [00:01<00:00, 194.37it/s, Materializing param=gpt_neox.layers.18.attention.dense.weight]
Loading weights:  76%|#######6  | 223/292 [00:01<00:00, 194.37it/s, Materializing param=gpt_neox.layers.18.attention.query_key_value.bias]
Loading weights:  76%|#######6  | 223/292 [00:01<00:00, 194.37it/s, Materializing param=gpt_neox.layers.18.attention.query_key_value.bias]
Loading weights:  77%|#######6  | 224/292 [00:01<00:00, 194.37it/s, Materializing param=gpt_neox.layers.18.attention.query_key_value.weight]
Loading weights:  77%|#######6  | 224/292 [00:01<00:00, 194.37it/s, Materializing param=gpt_neox.layers.18.attention.query_key_value.weight]
Loading weights:  77%|#######7  | 225/292 [00:01<00:00, 173.72it/s, Materializing param=gpt_neox.layers.18.attention.query_key_value.weight]
Loading weights:  77%|#######7  | 225/292 [00:01<00:00, 173.72it/s, Materializing param=gpt_neox.layers.18.input_layernorm.bias]            
Loading weights:  77%|#######7  | 225/292 [00:01<00:00, 173.72it/s, Materializing param=gpt_neox.layers.18.input_layernorm.bias]
Loading weights:  77%|#######7  | 226/292 [00:01<00:00, 173.72it/s, Materializing param=gpt_neox.layers.18.input_layernorm.weight]
Loading weights:  77%|#######7  | 226/292 [00:01<00:00, 173.72it/s, Materializing param=gpt_neox.layers.18.input_layernorm.weight]
Loading weights:  78%|#######7  | 227/292 [00:01<00:00, 173.72it/s, Materializing param=gpt_neox.layers.18.mlp.dense_4h_to_h.bias]
Loading weights:  78%|#######7  | 227/292 [00:01<00:00, 173.72it/s, Materializing param=gpt_neox.layers.18.mlp.dense_4h_to_h.bias]
Loading weights:  78%|#######8  | 228/292 [00:01<00:00, 173.72it/s, Materializing param=gpt_neox.layers.18.mlp.dense_4h_to_h.weight]
Loading weights:  78%|#######8  | 228/292 [00:01<00:00, 173.72it/s, Materializing param=gpt_neox.layers.18.mlp.dense_4h_to_h.weight]
Loading weights:  78%|#######8  | 229/292 [00:01<00:00, 173.72it/s, Materializing param=gpt_neox.layers.18.mlp.dense_h_to_4h.bias]  
Loading weights:  78%|#######8  | 229/292 [00:01<00:00, 173.72it/s, Materializing param=gpt_neox.layers.18.mlp.dense_h_to_4h.bias]
Loading weights:  79%|#######8  | 230/292 [00:01<00:00, 173.72it/s, Materializing param=gpt_neox.layers.18.mlp.dense_h_to_4h.weight]
Loading weights:  79%|#######8  | 230/292 [00:01<00:00, 173.72it/s, Materializing param=gpt_neox.layers.18.mlp.dense_h_to_4h.weight]
Loading weights:  79%|#######9  | 231/292 [00:01<00:00, 173.72it/s, Materializing param=gpt_neox.layers.18.post_attention_layernorm.bias]
Loading weights:  79%|#######9  | 231/292 [00:01<00:00, 173.72it/s, Materializing param=gpt_neox.layers.18.post_attention_layernorm.bias]
Loading weights:  79%|#######9  | 232/292 [00:01<00:00, 173.72it/s, Materializing param=gpt_neox.layers.18.post_attention_layernorm.weight]
Loading weights:  79%|#######9  | 232/292 [00:01<00:00, 173.72it/s, Materializing param=gpt_neox.layers.18.post_attention_layernorm.weight]
Loading weights:  80%|#######9  | 233/292 [00:01<00:00, 173.72it/s, Materializing param=gpt_neox.layers.19.attention.dense.bias]           
Loading weights:  80%|#######9  | 233/292 [00:01<00:00, 173.72it/s, Materializing param=gpt_neox.layers.19.attention.dense.bias]
Loading weights:  80%|########  | 234/292 [00:01<00:00, 173.72it/s, Materializing param=gpt_neox.layers.19.attention.dense.weight]
Loading weights:  80%|########  | 234/292 [00:01<00:00, 173.72it/s, Materializing param=gpt_neox.layers.19.attention.dense.weight]
Loading weights:  80%|########  | 235/292 [00:01<00:00, 173.72it/s, Materializing param=gpt_neox.layers.19.attention.query_key_value.bias]
Loading weights:  80%|########  | 235/292 [00:01<00:00, 173.72it/s, Materializing param=gpt_neox.layers.19.attention.query_key_value.bias]
Loading weights:  81%|########  | 236/292 [00:01<00:00, 173.72it/s, Materializing param=gpt_neox.layers.19.attention.query_key_value.weight]
Loading weights:  81%|########  | 236/292 [00:01<00:00, 173.72it/s, Materializing param=gpt_neox.layers.19.attention.query_key_value.weight]
Loading weights:  81%|########1 | 237/292 [00:01<00:00, 173.72it/s, Materializing param=gpt_neox.layers.19.input_layernorm.bias]            
Loading weights:  81%|########1 | 237/292 [00:01<00:00, 173.72it/s, Materializing param=gpt_neox.layers.19.input_layernorm.bias]
Loading weights:  82%|########1 | 238/292 [00:01<00:00, 173.72it/s, Materializing param=gpt_neox.layers.19.input_layernorm.weight]
Loading weights:  82%|########1 | 238/292 [00:01<00:00, 173.72it/s, Materializing param=gpt_neox.layers.19.input_layernorm.weight]
Loading weights:  82%|########1 | 239/292 [00:01<00:00, 173.72it/s, Materializing param=gpt_neox.layers.19.mlp.dense_4h_to_h.bias]
Loading weights:  82%|########1 | 239/292 [00:01<00:00, 173.72it/s, Materializing param=gpt_neox.layers.19.mlp.dense_4h_to_h.bias]
Loading weights:  82%|########2 | 240/292 [00:01<00:00, 173.72it/s, Materializing param=gpt_neox.layers.19.mlp.dense_4h_to_h.weight]
Loading weights:  82%|########2 | 240/292 [00:01<00:00, 173.72it/s, Materializing param=gpt_neox.layers.19.mlp.dense_4h_to_h.weight]
Loading weights:  83%|########2 | 241/292 [00:01<00:00, 173.72it/s, Materializing param=gpt_neox.layers.19.mlp.dense_h_to_4h.bias]  
Loading weights:  83%|########2 | 241/292 [00:01<00:00, 173.72it/s, Materializing param=gpt_neox.layers.19.mlp.dense_h_to_4h.bias]
Loading weights:  83%|########2 | 242/292 [00:01<00:00, 173.72it/s, Materializing param=gpt_neox.layers.19.mlp.dense_h_to_4h.weight]
Loading weights:  83%|########2 | 242/292 [00:01<00:00, 173.72it/s, Materializing param=gpt_neox.layers.19.mlp.dense_h_to_4h.weight]
Loading weights:  83%|########3 | 243/292 [00:01<00:00, 173.72it/s, Materializing param=gpt_neox.layers.19.post_attention_layernorm.bias]
Loading weights:  83%|########3 | 243/292 [00:01<00:00, 173.72it/s, Materializing param=gpt_neox.layers.19.post_attention_layernorm.bias]
Loading weights:  84%|########3 | 244/292 [00:01<00:00, 173.72it/s, Materializing param=gpt_neox.layers.19.post_attention_layernorm.weight]
Loading weights:  84%|########3 | 244/292 [00:01<00:00, 173.72it/s, Materializing param=gpt_neox.layers.19.post_attention_layernorm.weight]
Loading weights:  84%|########3 | 245/292 [00:01<00:00, 173.72it/s, Materializing param=gpt_neox.layers.20.attention.dense.bias]           
Loading weights:  84%|########3 | 245/292 [00:01<00:00, 173.72it/s, Materializing param=gpt_neox.layers.20.attention.dense.bias]
Loading weights:  84%|########4 | 246/292 [00:01<00:00, 173.72it/s, Materializing param=gpt_neox.layers.20.attention.dense.weight]
Loading weights:  84%|########4 | 246/292 [00:01<00:00, 173.72it/s, Materializing param=gpt_neox.layers.20.attention.dense.weight]
Loading weights:  85%|########4 | 247/292 [00:01<00:00, 173.72it/s, Materializing param=gpt_neox.layers.20.attention.query_key_value.bias]
Loading weights:  85%|########4 | 247/292 [00:01<00:00, 173.72it/s, Materializing param=gpt_neox.layers.20.attention.query_key_value.bias]
Loading weights:  85%|########4 | 248/292 [00:01<00:00, 173.72it/s, Materializing param=gpt_neox.layers.20.attention.query_key_value.weight]
Loading weights:  85%|########4 | 248/292 [00:01<00:00, 173.72it/s, Materializing param=gpt_neox.layers.20.attention.query_key_value.weight]
Loading weights:  85%|########5 | 249/292 [00:01<00:00, 183.32it/s, Materializing param=gpt_neox.layers.20.attention.query_key_value.weight]
Loading weights:  85%|########5 | 249/292 [00:01<00:00, 183.32it/s, Materializing param=gpt_neox.layers.20.input_layernorm.bias]            
Loading weights:  85%|########5 | 249/292 [00:01<00:00, 183.32it/s, Materializing param=gpt_neox.layers.20.input_layernorm.bias]
Loading weights:  86%|########5 | 250/292 [00:01<00:00, 183.32it/s, Materializing param=gpt_neox.layers.20.input_layernorm.weight]
Loading weights:  86%|########5 | 250/292 [00:01<00:00, 183.32it/s, Materializing param=gpt_neox.layers.20.input_layernorm.weight]
Loading weights:  86%|########5 | 251/292 [00:01<00:00, 183.32it/s, Materializing param=gpt_neox.layers.20.mlp.dense_4h_to_h.bias]
Loading weights:  86%|########5 | 251/292 [00:01<00:00, 183.32it/s, Materializing param=gpt_neox.layers.20.mlp.dense_4h_to_h.bias]
Loading weights:  86%|########6 | 252/292 [00:01<00:00, 183.32it/s, Materializing param=gpt_neox.layers.20.mlp.dense_4h_to_h.weight]
Loading weights:  86%|########6 | 252/292 [00:01<00:00, 183.32it/s, Materializing param=gpt_neox.layers.20.mlp.dense_4h_to_h.weight]
Loading weights:  87%|########6 | 253/292 [00:01<00:00, 183.32it/s, Materializing param=gpt_neox.layers.20.mlp.dense_h_to_4h.bias]  
Loading weights:  87%|########6 | 253/292 [00:01<00:00, 183.32it/s, Materializing param=gpt_neox.layers.20.mlp.dense_h_to_4h.bias]
Loading weights:  87%|########6 | 254/292 [00:01<00:00, 183.32it/s, Materializing param=gpt_neox.layers.20.mlp.dense_h_to_4h.weight]
Loading weights:  87%|########6 | 254/292 [00:01<00:00, 183.32it/s, Materializing param=gpt_neox.layers.20.mlp.dense_h_to_4h.weight]
Loading weights:  87%|########7 | 255/292 [00:01<00:00, 183.32it/s, Materializing param=gpt_neox.layers.20.post_attention_layernorm.bias]
Loading weights:  87%|########7 | 255/292 [00:01<00:00, 183.32it/s, Materializing param=gpt_neox.layers.20.post_attention_layernorm.bias]
Loading weights:  88%|########7 | 256/292 [00:01<00:00, 183.32it/s, Materializing param=gpt_neox.layers.20.post_attention_layernorm.weight]
Loading weights:  88%|########7 | 256/292 [00:01<00:00, 183.32it/s, Materializing param=gpt_neox.layers.20.post_attention_layernorm.weight]
Loading weights:  88%|########8 | 257/292 [00:01<00:00, 183.32it/s, Materializing param=gpt_neox.layers.21.attention.dense.bias]           
Loading weights:  88%|########8 | 257/292 [00:01<00:00, 183.32it/s, Materializing param=gpt_neox.layers.21.attention.dense.bias]
Loading weights:  88%|########8 | 258/292 [00:01<00:00, 183.32it/s, Materializing param=gpt_neox.layers.21.attention.dense.weight]
Loading weights:  88%|########8 | 258/292 [00:01<00:00, 183.32it/s, Materializing param=gpt_neox.layers.21.attention.dense.weight]
Loading weights:  89%|########8 | 259/292 [00:01<00:00, 183.32it/s, Materializing param=gpt_neox.layers.21.attention.query_key_value.bias]
Loading weights:  89%|########8 | 259/292 [00:01<00:00, 183.32it/s, Materializing param=gpt_neox.layers.21.attention.query_key_value.bias]
Loading weights:  89%|########9 | 260/292 [00:01<00:00, 183.32it/s, Materializing param=gpt_neox.layers.21.attention.query_key_value.weight]
Loading weights:  89%|########9 | 260/292 [00:01<00:00, 183.32it/s, Materializing param=gpt_neox.layers.21.attention.query_key_value.weight]
Loading weights:  89%|########9 | 261/292 [00:01<00:00, 183.32it/s, Materializing param=gpt_neox.layers.21.input_layernorm.bias]            
Loading weights:  89%|########9 | 261/292 [00:01<00:00, 183.32it/s, Materializing param=gpt_neox.layers.21.input_layernorm.bias]
Loading weights:  90%|########9 | 262/292 [00:01<00:00, 183.32it/s, Materializing param=gpt_neox.layers.21.input_layernorm.weight]
Loading weights:  90%|########9 | 262/292 [00:01<00:00, 183.32it/s, Materializing param=gpt_neox.layers.21.input_layernorm.weight]
Loading weights:  90%|######### | 263/292 [00:01<00:00, 183.32it/s, Materializing param=gpt_neox.layers.21.mlp.dense_4h_to_h.bias]
Loading weights:  90%|######### | 263/292 [00:01<00:00, 183.32it/s, Materializing param=gpt_neox.layers.21.mlp.dense_4h_to_h.bias]
Loading weights:  90%|######### | 264/292 [00:01<00:00, 183.32it/s, Materializing param=gpt_neox.layers.21.mlp.dense_4h_to_h.weight]
Loading weights:  90%|######### | 264/292 [00:01<00:00, 183.32it/s, Materializing param=gpt_neox.layers.21.mlp.dense_4h_to_h.weight]
Loading weights:  91%|######### | 265/292 [00:01<00:00, 183.32it/s, Materializing param=gpt_neox.layers.21.mlp.dense_h_to_4h.bias]  
Loading weights:  91%|######### | 265/292 [00:01<00:00, 183.32it/s, Materializing param=gpt_neox.layers.21.mlp.dense_h_to_4h.bias]
Loading weights:  91%|#########1| 266/292 [00:01<00:00, 183.32it/s, Materializing param=gpt_neox.layers.21.mlp.dense_h_to_4h.weight]
Loading weights:  91%|#########1| 266/292 [00:01<00:00, 183.32it/s, Materializing param=gpt_neox.layers.21.mlp.dense_h_to_4h.weight]
Loading weights:  91%|#########1| 267/292 [00:01<00:00, 183.32it/s, Materializing param=gpt_neox.layers.21.post_attention_layernorm.bias]
Loading weights:  91%|#########1| 267/292 [00:01<00:00, 183.32it/s, Materializing param=gpt_neox.layers.21.post_attention_layernorm.bias]
Loading weights:  92%|#########1| 268/292 [00:01<00:00, 172.91it/s, Materializing param=gpt_neox.layers.21.post_attention_layernorm.bias]
Loading weights:  92%|#########1| 268/292 [00:01<00:00, 172.91it/s, Materializing param=gpt_neox.layers.21.post_attention_layernorm.weight]
Loading weights:  92%|#########1| 268/292 [00:01<00:00, 172.91it/s, Materializing param=gpt_neox.layers.21.post_attention_layernorm.weight]
Loading weights:  92%|#########2| 269/292 [00:01<00:00, 172.91it/s, Materializing param=gpt_neox.layers.22.attention.dense.bias]           
Loading weights:  92%|#########2| 269/292 [00:01<00:00, 172.91it/s, Materializing param=gpt_neox.layers.22.attention.dense.bias]
Loading weights:  92%|#########2| 270/292 [00:01<00:00, 172.91it/s, Materializing param=gpt_neox.layers.22.attention.dense.weight]
Loading weights:  92%|#########2| 270/292 [00:01<00:00, 172.91it/s, Materializing param=gpt_neox.layers.22.attention.dense.weight]
Loading weights:  93%|#########2| 271/292 [00:01<00:00, 172.91it/s, Materializing param=gpt_neox.layers.22.attention.query_key_value.bias]
Loading weights:  93%|#########2| 271/292 [00:01<00:00, 172.91it/s, Materializing param=gpt_neox.layers.22.attention.query_key_value.bias]
Loading weights:  93%|#########3| 272/292 [00:01<00:00, 172.91it/s, Materializing param=gpt_neox.layers.22.attention.query_key_value.weight]
Loading weights:  93%|#########3| 272/292 [00:01<00:00, 172.91it/s, Materializing param=gpt_neox.layers.22.attention.query_key_value.weight]
Loading weights:  93%|#########3| 273/292 [00:01<00:00, 172.91it/s, Materializing param=gpt_neox.layers.22.input_layernorm.bias]            
Loading weights:  93%|#########3| 273/292 [00:01<00:00, 172.91it/s, Materializing param=gpt_neox.layers.22.input_layernorm.bias]
Loading weights:  94%|#########3| 274/292 [00:01<00:00, 172.91it/s, Materializing param=gpt_neox.layers.22.input_layernorm.weight]
Loading weights:  94%|#########3| 274/292 [00:01<00:00, 172.91it/s, Materializing param=gpt_neox.layers.22.input_layernorm.weight]
Loading weights:  94%|#########4| 275/292 [00:01<00:00, 172.91it/s, Materializing param=gpt_neox.layers.22.mlp.dense_4h_to_h.bias]
Loading weights:  94%|#########4| 275/292 [00:01<00:00, 172.91it/s, Materializing param=gpt_neox.layers.22.mlp.dense_4h_to_h.bias]
Loading weights:  95%|#########4| 276/292 [00:01<00:00, 172.91it/s, Materializing param=gpt_neox.layers.22.mlp.dense_4h_to_h.weight]
Loading weights:  95%|#########4| 276/292 [00:01<00:00, 172.91it/s, Materializing param=gpt_neox.layers.22.mlp.dense_4h_to_h.weight]
Loading weights:  95%|#########4| 277/292 [00:01<00:00, 172.91it/s, Materializing param=gpt_neox.layers.22.mlp.dense_h_to_4h.bias]  
Loading weights:  95%|#########4| 277/292 [00:01<00:00, 172.91it/s, Materializing param=gpt_neox.layers.22.mlp.dense_h_to_4h.bias]
Loading weights:  95%|#########5| 278/292 [00:01<00:00, 172.91it/s, Materializing param=gpt_neox.layers.22.mlp.dense_h_to_4h.weight]
Loading weights:  95%|#########5| 278/292 [00:01<00:00, 172.91it/s, Materializing param=gpt_neox.layers.22.mlp.dense_h_to_4h.weight]
Loading weights:  96%|#########5| 279/292 [00:01<00:00, 172.91it/s, Materializing param=gpt_neox.layers.22.post_attention_layernorm.bias]
Loading weights:  96%|#########5| 279/292 [00:01<00:00, 172.91it/s, Materializing param=gpt_neox.layers.22.post_attention_layernorm.bias]
Loading weights:  96%|#########5| 280/292 [00:01<00:00, 172.91it/s, Materializing param=gpt_neox.layers.22.post_attention_layernorm.weight]
Loading weights:  96%|#########5| 280/292 [00:01<00:00, 172.91it/s, Materializing param=gpt_neox.layers.22.post_attention_layernorm.weight]
Loading weights:  96%|#########6| 281/292 [00:01<00:00, 172.91it/s, Materializing param=gpt_neox.layers.23.attention.dense.bias]           
Loading weights:  96%|#########6| 281/292 [00:01<00:00, 172.91it/s, Materializing param=gpt_neox.layers.23.attention.dense.bias]
Loading weights:  97%|#########6| 282/292 [00:01<00:00, 172.91it/s, Materializing param=gpt_neox.layers.23.attention.dense.weight]
Loading weights:  97%|#########6| 282/292 [00:01<00:00, 172.91it/s, Materializing param=gpt_neox.layers.23.attention.dense.weight]
Loading weights:  97%|#########6| 283/292 [00:01<00:00, 172.91it/s, Materializing param=gpt_neox.layers.23.attention.query_key_value.bias]
Loading weights:  97%|#########6| 283/292 [00:01<00:00, 172.91it/s, Materializing param=gpt_neox.layers.23.attention.query_key_value.bias]
Loading weights:  97%|#########7| 284/292 [00:01<00:00, 172.91it/s, Materializing param=gpt_neox.layers.23.attention.query_key_value.weight]
Loading weights:  97%|#########7| 284/292 [00:01<00:00, 172.91it/s, Materializing param=gpt_neox.layers.23.attention.query_key_value.weight]
Loading weights:  98%|#########7| 285/292 [00:01<00:00, 172.91it/s, Materializing param=gpt_neox.layers.23.input_layernorm.bias]            
Loading weights:  98%|#########7| 285/292 [00:01<00:00, 172.91it/s, Materializing param=gpt_neox.layers.23.input_layernorm.bias]
Loading weights:  98%|#########7| 286/292 [00:01<00:00, 173.43it/s, Materializing param=gpt_neox.layers.23.input_layernorm.bias]
Loading weights:  98%|#########7| 286/292 [00:01<00:00, 173.43it/s, Materializing param=gpt_neox.layers.23.input_layernorm.weight]
Loading weights:  98%|#########7| 286/292 [00:01<00:00, 173.43it/s, Materializing param=gpt_neox.layers.23.input_layernorm.weight]
Loading weights:  98%|#########8| 287/292 [00:01<00:00, 173.43it/s, Materializing param=gpt_neox.layers.23.mlp.dense_4h_to_h.bias]
Loading weights:  98%|#########8| 287/292 [00:01<00:00, 173.43it/s, Materializing param=gpt_neox.layers.23.mlp.dense_4h_to_h.bias]
Loading weights:  99%|#########8| 288/292 [00:01<00:00, 173.43it/s, Materializing param=gpt_neox.layers.23.mlp.dense_4h_to_h.weight]
Loading weights:  99%|#########8| 288/292 [00:01<00:00, 173.43it/s, Materializing param=gpt_neox.layers.23.mlp.dense_4h_to_h.weight]
Loading weights:  99%|#########8| 289/292 [00:01<00:00, 173.43it/s, Materializing param=gpt_neox.layers.23.mlp.dense_h_to_4h.bias]  
Loading weights:  99%|#########8| 289/292 [00:01<00:00, 173.43it/s, Materializing param=gpt_neox.layers.23.mlp.dense_h_to_4h.bias]
Loading weights:  99%|#########9| 290/292 [00:01<00:00, 173.43it/s, Materializing param=gpt_neox.layers.23.mlp.dense_h_to_4h.weight]
Loading weights:  99%|#########9| 290/292 [00:01<00:00, 173.43it/s, Materializing param=gpt_neox.layers.23.mlp.dense_h_to_4h.weight]
Loading weights: 100%|#########9| 291/292 [00:01<00:00, 173.43it/s, Materializing param=gpt_neox.layers.23.post_attention_layernorm.bias]
Loading weights: 100%|#########9| 291/292 [00:01<00:00, 173.43it/s, Materializing param=gpt_neox.layers.23.post_attention_layernorm.bias]
Loading weights: 100%|##########| 292/292 [00:01<00:00, 173.43it/s, Materializing param=gpt_neox.layers.23.post_attention_layernorm.weight]
Loading weights: 100%|##########| 292/292 [00:01<00:00, 173.43it/s, Materializing param=gpt_neox.layers.23.post_attention_layernorm.weight]
Loading weights: 100%|##########| 292/292 [00:01<00:00, 191.01it/s, Materializing param=gpt_neox.layers.23.post_attention_layernorm.weight]

Loading weights:   0%|          | 0/292 [00:00<?, ?it/s]
Loading weights:   0%|          | 1/292 [00:00<00:00, 39568.91it/s, Materializing param=embed_out.weight]
Loading weights:   0%|          | 1/292 [00:00<00:00, 3734.91it/s, Materializing param=embed_out.weight] 
Loading weights:   1%|          | 2/292 [00:00<00:00, 3047.08it/s, Materializing param=gpt_neox.embed_in.weight]
Loading weights:   1%|          | 2/292 [00:00<00:00, 2607.59it/s, Materializing param=gpt_neox.embed_in.weight]
Loading weights:   1%|1         | 3/292 [00:00<00:00, 3179.11it/s, Materializing param=gpt_neox.final_layer_norm.bias]
Loading weights:   1%|1         | 3/292 [00:00<00:00, 2737.80it/s, Materializing param=gpt_neox.final_layer_norm.bias]
Loading weights:   1%|1         | 4/292 [00:00<00:00, 3127.74it/s, Materializing param=gpt_neox.final_layer_norm.weight]
Loading weights:   1%|1         | 4/292 [00:00<00:00, 2941.82it/s, Materializing param=gpt_neox.final_layer_norm.weight]
Loading weights:   2%|1         | 5/292 [00:00<00:00, 2371.27it/s, Materializing param=gpt_neox.layers.0.attention.dense.bias]
Loading weights:   2%|1         | 5/292 [00:00<00:00, 2116.41it/s, Materializing param=gpt_neox.layers.0.attention.dense.bias]
Loading weights:   2%|2         | 6/292 [00:00<00:00, 2279.72it/s, Materializing param=gpt_neox.layers.0.attention.dense.weight]
Loading weights:   2%|2         | 6/292 [00:00<00:00, 2205.01it/s, Materializing param=gpt_neox.layers.0.attention.dense.weight]
Loading weights:   2%|2         | 7/292 [00:00<00:00, 2315.65it/s, Materializing param=gpt_neox.layers.0.attention.query_key_value.bias]
Loading weights:   2%|2         | 7/292 [00:00<00:00, 2255.70it/s, Materializing param=gpt_neox.layers.0.attention.query_key_value.bias]
Loading weights:   3%|2         | 8/292 [00:00<00:00, 2419.38it/s, Materializing param=gpt_neox.layers.0.attention.query_key_value.weight]
Loading weights:   3%|2         | 8/292 [00:00<00:00, 2308.53it/s, Materializing param=gpt_neox.layers.0.attention.query_key_value.weight]
Loading weights:   3%|3         | 9/292 [00:00<00:01, 257.22it/s, Materializing param=gpt_neox.layers.0.input_layernorm.bias]             
Loading weights:   3%|3         | 9/292 [00:00<00:01, 251.85it/s, Materializing param=gpt_neox.layers.0.input_layernorm.bias]
Loading weights:   3%|3         | 10/292 [00:00<00:01, 277.82it/s, Materializing param=gpt_neox.layers.0.input_layernorm.weight]
Loading weights:   3%|3         | 10/292 [00:00<00:01, 275.06it/s, Materializing param=gpt_neox.layers.0.input_layernorm.weight]
Loading weights:   4%|3         | 11/292 [00:00<00:00, 299.26it/s, Materializing param=gpt_neox.layers.0.mlp.dense_4h_to_h.bias]
Loading weights:   4%|3         | 11/292 [00:00<00:00, 298.34it/s, Materializing param=gpt_neox.layers.0.mlp.dense_4h_to_h.bias]
Loading weights:   4%|4         | 12/292 [00:00<00:00, 323.29it/s, Materializing param=gpt_neox.layers.0.mlp.dense_4h_to_h.weight]
Loading weights:   4%|4         | 12/292 [00:00<00:00, 320.78it/s, Materializing param=gpt_neox.layers.0.mlp.dense_4h_to_h.weight]
Loading weights:   4%|4         | 13/292 [00:00<00:00, 344.47it/s, Materializing param=gpt_neox.layers.0.mlp.dense_h_to_4h.bias]  
Loading weights:   4%|4         | 13/292 [00:00<00:00, 343.73it/s, Materializing param=gpt_neox.layers.0.mlp.dense_h_to_4h.bias]
Loading weights:   5%|4         | 14/292 [00:00<00:00, 367.82it/s, Materializing param=gpt_neox.layers.0.mlp.dense_h_to_4h.weight]
Loading weights:   5%|4         | 14/292 [00:00<00:00, 366.90it/s, Materializing param=gpt_neox.layers.0.mlp.dense_h_to_4h.weight]
Loading weights:   5%|5         | 15/292 [00:00<00:00, 390.09it/s, Materializing param=gpt_neox.layers.0.post_attention_layernorm.bias]
Loading weights:   5%|5         | 15/292 [00:00<00:00, 389.27it/s, Materializing param=gpt_neox.layers.0.post_attention_layernorm.bias]
Loading weights:   5%|5         | 16/292 [00:00<00:00, 412.08it/s, Materializing param=gpt_neox.layers.0.post_attention_layernorm.weight]
Loading weights:   5%|5         | 16/292 [00:00<00:00, 410.68it/s, Materializing param=gpt_neox.layers.0.post_attention_layernorm.weight]
Loading weights:   6%|5         | 17/292 [00:00<00:00, 433.71it/s, Materializing param=gpt_neox.layers.1.attention.dense.bias]           
Loading weights:   6%|5         | 17/292 [00:00<00:00, 432.78it/s, Materializing param=gpt_neox.layers.1.attention.dense.bias]
Loading weights:   6%|6         | 18/292 [00:00<00:00, 455.99it/s, Materializing param=gpt_neox.layers.1.attention.dense.weight]
Loading weights:   6%|6         | 18/292 [00:00<00:00, 455.08it/s, Materializing param=gpt_neox.layers.1.attention.dense.weight]
Loading weights:   7%|6         | 19/292 [00:00<00:00, 478.64it/s, Materializing param=gpt_neox.layers.1.attention.query_key_value.bias]
Loading weights:   7%|6         | 19/292 [00:00<00:00, 477.87it/s, Materializing param=gpt_neox.layers.1.attention.query_key_value.bias]
Loading weights:   7%|6         | 20/292 [00:00<00:00, 501.26it/s, Materializing param=gpt_neox.layers.1.attention.query_key_value.weight]
Loading weights:   7%|6         | 20/292 [00:00<00:00, 500.52it/s, Materializing param=gpt_neox.layers.1.attention.query_key_value.weight]
Loading weights:   7%|7         | 21/292 [00:00<00:00, 399.79it/s, Materializing param=gpt_neox.layers.1.input_layernorm.bias]            
Loading weights:   7%|7         | 21/292 [00:00<00:00, 398.30it/s, Materializing param=gpt_neox.layers.1.input_layernorm.bias]
Loading weights:   8%|7         | 22/292 [00:00<00:00, 404.32it/s, Materializing param=gpt_neox.layers.1.input_layernorm.weight]
Loading weights:   8%|7         | 22/292 [00:00<00:00, 402.72it/s, Materializing param=gpt_neox.layers.1.input_layernorm.weight]
Loading weights:   8%|7         | 23/292 [00:00<00:00, 418.23it/s, Materializing param=gpt_neox.layers.1.mlp.dense_4h_to_h.bias]
Loading weights:   8%|7         | 23/292 [00:00<00:00, 417.55it/s, Materializing param=gpt_neox.layers.1.mlp.dense_4h_to_h.bias]
Loading weights:   8%|8         | 24/292 [00:00<00:00, 434.48it/s, Materializing param=gpt_neox.layers.1.mlp.dense_4h_to_h.weight]
Loading weights:   8%|8         | 24/292 [00:00<00:00, 433.80it/s, Materializing param=gpt_neox.layers.1.mlp.dense_4h_to_h.weight]
Loading weights:   9%|8         | 25/292 [00:00<00:00, 367.09it/s, Materializing param=gpt_neox.layers.1.mlp.dense_h_to_4h.bias]  
Loading weights:   9%|8         | 25/292 [00:00<00:00, 365.99it/s, Materializing param=gpt_neox.layers.1.mlp.dense_h_to_4h.bias]
Loading weights:   9%|8         | 26/292 [00:00<00:00, 378.05it/s, Materializing param=gpt_neox.layers.1.mlp.dense_h_to_4h.weight]
Loading weights:   9%|8         | 26/292 [00:00<00:00, 377.38it/s, Materializing param=gpt_neox.layers.1.mlp.dense_h_to_4h.weight]
Loading weights:   9%|9         | 27/292 [00:00<00:00, 356.80it/s, Materializing param=gpt_neox.layers.1.post_attention_layernorm.bias]
Loading weights:   9%|9         | 27/292 [00:00<00:00, 354.07it/s, Materializing param=gpt_neox.layers.1.post_attention_layernorm.bias]
Loading weights:  10%|9         | 28/292 [00:00<00:00, 359.73it/s, Materializing param=gpt_neox.layers.1.post_attention_layernorm.weight]
Loading weights:  10%|9         | 28/292 [00:00<00:00, 358.85it/s, Materializing param=gpt_neox.layers.1.post_attention_layernorm.weight]
Loading weights:  10%|9         | 29/292 [00:00<00:00, 369.13it/s, Materializing param=gpt_neox.layers.2.attention.dense.bias]           
Loading weights:  10%|9         | 29/292 [00:00<00:00, 368.55it/s, Materializing param=gpt_neox.layers.2.attention.dense.bias]
Loading weights:  10%|#         | 30/292 [00:00<00:00, 375.85it/s, Materializing param=gpt_neox.layers.2.attention.dense.weight]
Loading weights:  10%|#         | 30/292 [00:00<00:00, 373.95it/s, Materializing param=gpt_neox.layers.2.attention.dense.weight]
Loading weights:  11%|#         | 31/292 [00:00<00:00, 384.82it/s, Materializing param=gpt_neox.layers.2.attention.query_key_value.bias]
Loading weights:  11%|#         | 31/292 [00:00<00:00, 384.30it/s, Materializing param=gpt_neox.layers.2.attention.query_key_value.bias]
Loading weights:  11%|#         | 32/292 [00:00<00:00, 395.90it/s, Materializing param=gpt_neox.layers.2.attention.query_key_value.weight]
Loading weights:  11%|#         | 32/292 [00:00<00:00, 395.57it/s, Materializing param=gpt_neox.layers.2.attention.query_key_value.weight]
Loading weights:  11%|#1        | 33/292 [00:00<00:00, 407.25it/s, Materializing param=gpt_neox.layers.2.input_layernorm.bias]            
Loading weights:  11%|#1        | 33/292 [00:00<00:00, 406.93it/s, Materializing param=gpt_neox.layers.2.input_layernorm.bias]
Loading weights:  12%|#1        | 34/292 [00:00<00:00, 417.83it/s, Materializing param=gpt_neox.layers.2.input_layernorm.weight]
Loading weights:  12%|#1        | 34/292 [00:00<00:00, 417.39it/s, Materializing param=gpt_neox.layers.2.input_layernorm.weight]
Loading weights:  12%|#1        | 35/292 [00:00<00:00, 428.60it/s, Materializing param=gpt_neox.layers.2.mlp.dense_4h_to_h.bias]
Loading weights:  12%|#1        | 35/292 [00:00<00:00, 428.17it/s, Materializing param=gpt_neox.layers.2.mlp.dense_4h_to_h.bias]
Loading weights:  12%|#2        | 36/292 [00:00<00:00, 439.52it/s, Materializing param=gpt_neox.layers.2.mlp.dense_4h_to_h.weight]
Loading weights:  12%|#2        | 36/292 [00:00<00:00, 438.56it/s, Materializing param=gpt_neox.layers.2.mlp.dense_4h_to_h.weight]
Loading weights:  13%|#2        | 37/292 [00:00<00:00, 396.21it/s, Materializing param=gpt_neox.layers.2.mlp.dense_h_to_4h.bias]  
Loading weights:  13%|#2        | 37/292 [00:00<00:00, 392.93it/s, Materializing param=gpt_neox.layers.2.mlp.dense_h_to_4h.bias]
Loading weights:  13%|#3        | 38/292 [00:00<00:00, 399.57it/s, Materializing param=gpt_neox.layers.2.mlp.dense_h_to_4h.weight]
Loading weights:  13%|#3        | 38/292 [00:00<00:00, 398.89it/s, Materializing param=gpt_neox.layers.2.mlp.dense_h_to_4h.weight]
Loading weights:  13%|#3        | 39/292 [00:00<00:00, 390.47it/s, Materializing param=gpt_neox.layers.2.post_attention_layernorm.bias]
Loading weights:  13%|#3        | 39/292 [00:00<00:00, 389.93it/s, Materializing param=gpt_neox.layers.2.post_attention_layernorm.bias]
Loading weights:  14%|#3        | 40/292 [00:00<00:00, 399.25it/s, Materializing param=gpt_neox.layers.2.post_attention_layernorm.bias]
Loading weights:  14%|#3        | 40/292 [00:00<00:00, 399.25it/s, Materializing param=gpt_neox.layers.2.post_attention_layernorm.weight]
Loading weights:  14%|#3        | 40/292 [00:00<00:00, 399.25it/s, Materializing param=gpt_neox.layers.2.post_attention_layernorm.weight]
Loading weights:  14%|#4        | 41/292 [00:00<00:00, 399.25it/s, Materializing param=gpt_neox.layers.3.attention.dense.bias]           
Loading weights:  14%|#4        | 41/292 [00:00<00:00, 399.25it/s, Materializing param=gpt_neox.layers.3.attention.dense.bias]
Loading weights:  14%|#4        | 42/292 [00:00<00:00, 399.25it/s, Materializing param=gpt_neox.layers.3.attention.dense.weight]
Loading weights:  14%|#4        | 42/292 [00:00<00:00, 399.25it/s, Materializing param=gpt_neox.layers.3.attention.dense.weight]
Loading weights:  15%|#4        | 43/292 [00:00<00:00, 399.25it/s, Materializing param=gpt_neox.layers.3.attention.query_key_value.bias]
Loading weights:  15%|#4        | 43/292 [00:00<00:00, 399.25it/s, Materializing param=gpt_neox.layers.3.attention.query_key_value.bias]
Loading weights:  15%|#5        | 44/292 [00:00<00:00, 399.25it/s, Materializing param=gpt_neox.layers.3.attention.query_key_value.weight]
Loading weights:  15%|#5        | 44/292 [00:00<00:00, 399.25it/s, Materializing param=gpt_neox.layers.3.attention.query_key_value.weight]
Loading weights:  15%|#5        | 45/292 [00:00<00:00, 399.25it/s, Materializing param=gpt_neox.layers.3.input_layernorm.bias]            
Loading weights:  15%|#5        | 45/292 [00:00<00:00, 399.25it/s, Materializing param=gpt_neox.layers.3.input_layernorm.bias]
Loading weights:  16%|#5        | 46/292 [00:00<00:00, 399.25it/s, Materializing param=gpt_neox.layers.3.input_layernorm.weight]
Loading weights:  16%|#5        | 46/292 [00:00<00:00, 399.25it/s, Materializing param=gpt_neox.layers.3.input_layernorm.weight]
Loading weights:  16%|#6        | 47/292 [00:00<00:00, 399.25it/s, Materializing param=gpt_neox.layers.3.mlp.dense_4h_to_h.bias]
Loading weights:  16%|#6        | 47/292 [00:00<00:00, 399.25it/s, Materializing param=gpt_neox.layers.3.mlp.dense_4h_to_h.bias]
Loading weights:  16%|#6        | 48/292 [00:00<00:00, 399.25it/s, Materializing param=gpt_neox.layers.3.mlp.dense_4h_to_h.weight]
Loading weights:  16%|#6        | 48/292 [00:00<00:00, 399.25it/s, Materializing param=gpt_neox.layers.3.mlp.dense_4h_to_h.weight]
Loading weights:  17%|#6        | 49/292 [00:00<00:00, 399.25it/s, Materializing param=gpt_neox.layers.3.mlp.dense_h_to_4h.bias]  
Loading weights:  17%|#6        | 49/292 [00:00<00:00, 399.25it/s, Materializing param=gpt_neox.layers.3.mlp.dense_h_to_4h.bias]
Loading weights:  17%|#7        | 50/292 [00:00<00:00, 399.25it/s, Materializing param=gpt_neox.layers.3.mlp.dense_h_to_4h.weight]
Loading weights:  17%|#7        | 50/292 [00:00<00:00, 399.25it/s, Materializing param=gpt_neox.layers.3.mlp.dense_h_to_4h.weight]
Loading weights:  17%|#7        | 51/292 [00:00<00:00, 399.25it/s, Materializing param=gpt_neox.layers.3.post_attention_layernorm.bias]
Loading weights:  17%|#7        | 51/292 [00:00<00:00, 399.25it/s, Materializing param=gpt_neox.layers.3.post_attention_layernorm.bias]
Loading weights:  18%|#7        | 52/292 [00:00<00:00, 399.25it/s, Materializing param=gpt_neox.layers.3.post_attention_layernorm.weight]
Loading weights:  18%|#7        | 52/292 [00:00<00:00, 399.25it/s, Materializing param=gpt_neox.layers.3.post_attention_layernorm.weight]
Loading weights:  18%|#8        | 53/292 [00:00<00:00, 399.25it/s, Materializing param=gpt_neox.layers.4.attention.dense.bias]           
Loading weights:  18%|#8        | 53/292 [00:00<00:00, 399.25it/s, Materializing param=gpt_neox.layers.4.attention.dense.bias]
Loading weights:  18%|#8        | 54/292 [00:00<00:00, 399.25it/s, Materializing param=gpt_neox.layers.4.attention.dense.weight]
Loading weights:  18%|#8        | 54/292 [00:00<00:00, 399.25it/s, Materializing param=gpt_neox.layers.4.attention.dense.weight]
Loading weights:  19%|#8        | 55/292 [00:00<00:00, 399.25it/s, Materializing param=gpt_neox.layers.4.attention.query_key_value.bias]
Loading weights:  19%|#8        | 55/292 [00:00<00:00, 399.25it/s, Materializing param=gpt_neox.layers.4.attention.query_key_value.bias]
Loading weights:  19%|#9        | 56/292 [00:00<00:00, 399.25it/s, Materializing param=gpt_neox.layers.4.attention.query_key_value.weight]
Loading weights:  19%|#9        | 56/292 [00:00<00:00, 399.25it/s, Materializing param=gpt_neox.layers.4.attention.query_key_value.weight]
Loading weights:  20%|#9        | 57/292 [00:00<00:00, 399.25it/s, Materializing param=gpt_neox.layers.4.input_layernorm.bias]            
Loading weights:  20%|#9        | 57/292 [00:00<00:00, 399.25it/s, Materializing param=gpt_neox.layers.4.input_layernorm.bias]
Loading weights:  20%|#9        | 58/292 [00:00<00:00, 399.25it/s, Materializing param=gpt_neox.layers.4.input_layernorm.weight]
Loading weights:  20%|#9        | 58/292 [00:00<00:00, 399.25it/s, Materializing param=gpt_neox.layers.4.input_layernorm.weight]
Loading weights:  20%|##        | 59/292 [00:00<00:00, 399.25it/s, Materializing param=gpt_neox.layers.4.mlp.dense_4h_to_h.bias]
Loading weights:  20%|##        | 59/292 [00:00<00:00, 399.25it/s, Materializing param=gpt_neox.layers.4.mlp.dense_4h_to_h.bias]
Loading weights:  21%|##        | 60/292 [00:00<00:00, 399.25it/s, Materializing param=gpt_neox.layers.4.mlp.dense_4h_to_h.weight]
Loading weights:  21%|##        | 60/292 [00:00<00:00, 399.25it/s, Materializing param=gpt_neox.layers.4.mlp.dense_4h_to_h.weight]
Loading weights:  21%|##        | 61/292 [00:00<00:00, 399.25it/s, Materializing param=gpt_neox.layers.4.mlp.dense_h_to_4h.bias]  
Loading weights:  21%|##        | 61/292 [00:00<00:00, 399.25it/s, Materializing param=gpt_neox.layers.4.mlp.dense_h_to_4h.bias]
Loading weights:  21%|##1       | 62/292 [00:00<00:00, 399.25it/s, Materializing param=gpt_neox.layers.4.mlp.dense_h_to_4h.weight]
Loading weights:  21%|##1       | 62/292 [00:00<00:00, 399.25it/s, Materializing param=gpt_neox.layers.4.mlp.dense_h_to_4h.weight]
Loading weights:  22%|##1       | 63/292 [00:00<00:00, 399.25it/s, Materializing param=gpt_neox.layers.4.post_attention_layernorm.bias]
Loading weights:  22%|##1       | 63/292 [00:00<00:00, 399.25it/s, Materializing param=gpt_neox.layers.4.post_attention_layernorm.bias]
Loading weights:  22%|##1       | 64/292 [00:00<00:00, 399.25it/s, Materializing param=gpt_neox.layers.4.post_attention_layernorm.weight]
Loading weights:  22%|##1       | 64/292 [00:00<00:00, 399.25it/s, Materializing param=gpt_neox.layers.4.post_attention_layernorm.weight]
Loading weights:  22%|##2       | 65/292 [00:00<00:00, 399.25it/s, Materializing param=gpt_neox.layers.5.attention.dense.bias]           
Loading weights:  22%|##2       | 65/292 [00:00<00:00, 399.25it/s, Materializing param=gpt_neox.layers.5.attention.dense.bias]
Loading weights:  23%|##2       | 66/292 [00:00<00:00, 399.25it/s, Materializing param=gpt_neox.layers.5.attention.dense.weight]
Loading weights:  23%|##2       | 66/292 [00:00<00:00, 399.25it/s, Materializing param=gpt_neox.layers.5.attention.dense.weight]
Loading weights:  23%|##2       | 67/292 [00:00<00:00, 399.25it/s, Materializing param=gpt_neox.layers.5.attention.query_key_value.bias]
Loading weights:  23%|##2       | 67/292 [00:00<00:00, 399.25it/s, Materializing param=gpt_neox.layers.5.attention.query_key_value.bias]
Loading weights:  23%|##3       | 68/292 [00:00<00:00, 399.25it/s, Materializing param=gpt_neox.layers.5.attention.query_key_value.weight]
Loading weights:  23%|##3       | 68/292 [00:00<00:00, 399.25it/s, Materializing param=gpt_neox.layers.5.attention.query_key_value.weight]
Loading weights:  24%|##3       | 69/292 [00:00<00:00, 399.25it/s, Materializing param=gpt_neox.layers.5.input_layernorm.bias]            
Loading weights:  24%|##3       | 69/292 [00:00<00:00, 399.25it/s, Materializing param=gpt_neox.layers.5.input_layernorm.bias]
Loading weights:  24%|##3       | 70/292 [00:00<00:00, 399.25it/s, Materializing param=gpt_neox.layers.5.input_layernorm.weight]
Loading weights:  24%|##3       | 70/292 [00:00<00:00, 399.25it/s, Materializing param=gpt_neox.layers.5.input_layernorm.weight]
Loading weights:  24%|##4       | 71/292 [00:00<00:00, 399.25it/s, Materializing param=gpt_neox.layers.5.mlp.dense_4h_to_h.bias]
Loading weights:  24%|##4       | 71/292 [00:00<00:00, 399.25it/s, Materializing param=gpt_neox.layers.5.mlp.dense_4h_to_h.bias]
Loading weights:  25%|##4       | 72/292 [00:00<00:00, 399.25it/s, Materializing param=gpt_neox.layers.5.mlp.dense_4h_to_h.weight]
Loading weights:  25%|##4       | 72/292 [00:00<00:00, 399.25it/s, Materializing param=gpt_neox.layers.5.mlp.dense_4h_to_h.weight]
Loading weights:  25%|##5       | 73/292 [00:00<00:00, 399.25it/s, Materializing param=gpt_neox.layers.5.mlp.dense_h_to_4h.bias]  
Loading weights:  25%|##5       | 73/292 [00:00<00:00, 399.25it/s, Materializing param=gpt_neox.layers.5.mlp.dense_h_to_4h.bias]
Loading weights:  25%|##5       | 74/292 [00:00<00:00, 399.25it/s, Materializing param=gpt_neox.layers.5.mlp.dense_h_to_4h.weight]
Loading weights:  25%|##5       | 74/292 [00:00<00:00, 399.25it/s, Materializing param=gpt_neox.layers.5.mlp.dense_h_to_4h.weight]
Loading weights:  26%|##5       | 75/292 [00:00<00:00, 399.25it/s, Materializing param=gpt_neox.layers.5.post_attention_layernorm.bias]
Loading weights:  26%|##5       | 75/292 [00:00<00:00, 399.25it/s, Materializing param=gpt_neox.layers.5.post_attention_layernorm.bias]
Loading weights:  26%|##6       | 76/292 [00:00<00:00, 399.25it/s, Materializing param=gpt_neox.layers.5.post_attention_layernorm.weight]
Loading weights:  26%|##6       | 76/292 [00:00<00:00, 399.25it/s, Materializing param=gpt_neox.layers.5.post_attention_layernorm.weight]
Loading weights:  26%|##6       | 77/292 [00:00<00:00, 399.25it/s, Materializing param=gpt_neox.layers.6.attention.dense.bias]           
Loading weights:  26%|##6       | 77/292 [00:00<00:00, 399.25it/s, Materializing param=gpt_neox.layers.6.attention.dense.bias]
Loading weights:  27%|##6       | 78/292 [00:00<00:00, 399.25it/s, Materializing param=gpt_neox.layers.6.attention.dense.weight]
Loading weights:  27%|##6       | 78/292 [00:00<00:00, 399.25it/s, Materializing param=gpt_neox.layers.6.attention.dense.weight]
Loading weights:  27%|##7       | 79/292 [00:00<00:00, 399.25it/s, Materializing param=gpt_neox.layers.6.attention.query_key_value.bias]
Loading weights:  27%|##7       | 79/292 [00:00<00:00, 399.25it/s, Materializing param=gpt_neox.layers.6.attention.query_key_value.bias]
Loading weights:  27%|##7       | 80/292 [00:00<00:00, 363.77it/s, Materializing param=gpt_neox.layers.6.attention.query_key_value.bias]
Loading weights:  27%|##7       | 80/292 [00:00<00:00, 363.77it/s, Materializing param=gpt_neox.layers.6.attention.query_key_value.weight]
Loading weights:  27%|##7       | 80/292 [00:00<00:00, 363.77it/s, Materializing param=gpt_neox.layers.6.attention.query_key_value.weight]
Loading weights:  28%|##7       | 81/292 [00:00<00:00, 363.77it/s, Materializing param=gpt_neox.layers.6.input_layernorm.bias]            
Loading weights:  28%|##7       | 81/292 [00:00<00:00, 363.77it/s, Materializing param=gpt_neox.layers.6.input_layernorm.bias]
Loading weights:  28%|##8       | 82/292 [00:00<00:00, 363.77it/s, Materializing param=gpt_neox.layers.6.input_layernorm.weight]
Loading weights:  28%|##8       | 82/292 [00:00<00:00, 363.77it/s, Materializing param=gpt_neox.layers.6.input_layernorm.weight]
Loading weights:  28%|##8       | 83/292 [00:00<00:00, 363.77it/s, Materializing param=gpt_neox.layers.6.mlp.dense_4h_to_h.bias]
Loading weights:  28%|##8       | 83/292 [00:00<00:00, 363.77it/s, Materializing param=gpt_neox.layers.6.mlp.dense_4h_to_h.bias]
Loading weights:  29%|##8       | 84/292 [00:00<00:00, 363.77it/s, Materializing param=gpt_neox.layers.6.mlp.dense_4h_to_h.weight]
Loading weights:  29%|##8       | 84/292 [00:00<00:00, 363.77it/s, Materializing param=gpt_neox.layers.6.mlp.dense_4h_to_h.weight]
Loading weights:  29%|##9       | 85/292 [00:00<00:00, 363.77it/s, Materializing param=gpt_neox.layers.6.mlp.dense_h_to_4h.bias]  
Loading weights:  29%|##9       | 85/292 [00:00<00:00, 363.77it/s, Materializing param=gpt_neox.layers.6.mlp.dense_h_to_4h.bias]
Loading weights:  29%|##9       | 86/292 [00:00<00:00, 363.77it/s, Materializing param=gpt_neox.layers.6.mlp.dense_h_to_4h.weight]
Loading weights:  29%|##9       | 86/292 [00:00<00:00, 363.77it/s, Materializing param=gpt_neox.layers.6.mlp.dense_h_to_4h.weight]
Loading weights:  30%|##9       | 87/292 [00:00<00:00, 363.77it/s, Materializing param=gpt_neox.layers.6.post_attention_layernorm.bias]
Loading weights:  30%|##9       | 87/292 [00:00<00:00, 363.77it/s, Materializing param=gpt_neox.layers.6.post_attention_layernorm.bias]
Loading weights:  30%|###       | 88/292 [00:00<00:00, 363.77it/s, Materializing param=gpt_neox.layers.6.post_attention_layernorm.weight]
Loading weights:  30%|###       | 88/292 [00:00<00:00, 363.77it/s, Materializing param=gpt_neox.layers.6.post_attention_layernorm.weight]
Loading weights:  30%|###       | 89/292 [00:00<00:00, 363.77it/s, Materializing param=gpt_neox.layers.7.attention.dense.bias]           
Loading weights:  30%|###       | 89/292 [00:00<00:00, 363.77it/s, Materializing param=gpt_neox.layers.7.attention.dense.bias]
Loading weights:  31%|###       | 90/292 [00:00<00:00, 363.77it/s, Materializing param=gpt_neox.layers.7.attention.dense.weight]
Loading weights:  31%|###       | 90/292 [00:00<00:00, 363.77it/s, Materializing param=gpt_neox.layers.7.attention.dense.weight]
Loading weights:  31%|###1      | 91/292 [00:00<00:00, 363.77it/s, Materializing param=gpt_neox.layers.7.attention.query_key_value.bias]
Loading weights:  31%|###1      | 91/292 [00:00<00:00, 363.77it/s, Materializing param=gpt_neox.layers.7.attention.query_key_value.bias]
Loading weights:  32%|###1      | 92/292 [00:00<00:00, 363.77it/s, Materializing param=gpt_neox.layers.7.attention.query_key_value.weight]
Loading weights:  32%|###1      | 92/292 [00:00<00:00, 363.77it/s, Materializing param=gpt_neox.layers.7.attention.query_key_value.weight]
Loading weights:  32%|###1      | 93/292 [00:00<00:00, 363.77it/s, Materializing param=gpt_neox.layers.7.input_layernorm.bias]            
Loading weights:  32%|###1      | 93/292 [00:00<00:00, 363.77it/s, Materializing param=gpt_neox.layers.7.input_layernorm.bias]
Loading weights:  32%|###2      | 94/292 [00:00<00:00, 363.77it/s, Materializing param=gpt_neox.layers.7.input_layernorm.weight]
Loading weights:  32%|###2      | 94/292 [00:00<00:00, 363.77it/s, Materializing param=gpt_neox.layers.7.input_layernorm.weight]
Loading weights:  33%|###2      | 95/292 [00:00<00:00, 363.77it/s, Materializing param=gpt_neox.layers.7.mlp.dense_4h_to_h.bias]
Loading weights:  33%|###2      | 95/292 [00:00<00:00, 363.77it/s, Materializing param=gpt_neox.layers.7.mlp.dense_4h_to_h.bias]
Loading weights:  33%|###2      | 96/292 [00:00<00:00, 363.77it/s, Materializing param=gpt_neox.layers.7.mlp.dense_4h_to_h.weight]
Loading weights:  33%|###2      | 96/292 [00:00<00:00, 363.77it/s, Materializing param=gpt_neox.layers.7.mlp.dense_4h_to_h.weight]
Loading weights:  33%|###3      | 97/292 [00:00<00:00, 363.77it/s, Materializing param=gpt_neox.layers.7.mlp.dense_h_to_4h.bias]  
Loading weights:  33%|###3      | 97/292 [00:00<00:00, 363.77it/s, Materializing param=gpt_neox.layers.7.mlp.dense_h_to_4h.bias]
Loading weights:  34%|###3      | 98/292 [00:00<00:00, 363.77it/s, Materializing param=gpt_neox.layers.7.mlp.dense_h_to_4h.weight]
Loading weights:  34%|###3      | 98/292 [00:00<00:00, 363.77it/s, Materializing param=gpt_neox.layers.7.mlp.dense_h_to_4h.weight]
Loading weights:  34%|###3      | 99/292 [00:00<00:00, 363.77it/s, Materializing param=gpt_neox.layers.7.post_attention_layernorm.bias]
Loading weights:  34%|###3      | 99/292 [00:00<00:00, 363.77it/s, Materializing param=gpt_neox.layers.7.post_attention_layernorm.bias]
Loading weights:  34%|###4      | 100/292 [00:00<00:00, 363.77it/s, Materializing param=gpt_neox.layers.7.post_attention_layernorm.weight]
Loading weights:  34%|###4      | 100/292 [00:00<00:00, 363.77it/s, Materializing param=gpt_neox.layers.7.post_attention_layernorm.weight]
Loading weights:  35%|###4      | 101/292 [00:00<00:00, 363.77it/s, Materializing param=gpt_neox.layers.8.attention.dense.bias]           
Loading weights:  35%|###4      | 101/292 [00:00<00:00, 363.77it/s, Materializing param=gpt_neox.layers.8.attention.dense.bias]
Loading weights:  35%|###4      | 102/292 [00:00<00:00, 363.77it/s, Materializing param=gpt_neox.layers.8.attention.dense.weight]
Loading weights:  35%|###4      | 102/292 [00:00<00:00, 363.77it/s, Materializing param=gpt_neox.layers.8.attention.dense.weight]
Loading weights:  35%|###5      | 103/292 [00:00<00:00, 363.77it/s, Materializing param=gpt_neox.layers.8.attention.query_key_value.bias]
Loading weights:  35%|###5      | 103/292 [00:00<00:00, 363.77it/s, Materializing param=gpt_neox.layers.8.attention.query_key_value.bias]
Loading weights:  36%|###5      | 104/292 [00:00<00:00, 363.77it/s, Materializing param=gpt_neox.layers.8.attention.query_key_value.weight]
Loading weights:  36%|###5      | 104/292 [00:00<00:00, 363.77it/s, Materializing param=gpt_neox.layers.8.attention.query_key_value.weight]
Loading weights:  36%|###5      | 105/292 [00:00<00:00, 363.77it/s, Materializing param=gpt_neox.layers.8.input_layernorm.bias]            
Loading weights:  36%|###5      | 105/292 [00:00<00:00, 363.77it/s, Materializing param=gpt_neox.layers.8.input_layernorm.bias]
Loading weights:  36%|###6      | 106/292 [00:00<00:00, 363.77it/s, Materializing param=gpt_neox.layers.8.input_layernorm.weight]
Loading weights:  36%|###6      | 106/292 [00:00<00:00, 363.77it/s, Materializing param=gpt_neox.layers.8.input_layernorm.weight]
Loading weights:  37%|###6      | 107/292 [00:00<00:00, 363.77it/s, Materializing param=gpt_neox.layers.8.mlp.dense_4h_to_h.bias]
Loading weights:  37%|###6      | 107/292 [00:00<00:00, 363.77it/s, Materializing param=gpt_neox.layers.8.mlp.dense_4h_to_h.bias]
Loading weights:  37%|###6      | 108/292 [00:00<00:00, 363.77it/s, Materializing param=gpt_neox.layers.8.mlp.dense_4h_to_h.weight]
Loading weights:  37%|###6      | 108/292 [00:00<00:00, 363.77it/s, Materializing param=gpt_neox.layers.8.mlp.dense_4h_to_h.weight]
Loading weights:  37%|###7      | 109/292 [00:00<00:00, 363.77it/s, Materializing param=gpt_neox.layers.8.mlp.dense_h_to_4h.bias]  
Loading weights:  37%|###7      | 109/292 [00:00<00:00, 363.77it/s, Materializing param=gpt_neox.layers.8.mlp.dense_h_to_4h.bias]
Loading weights:  38%|###7      | 110/292 [00:00<00:00, 363.77it/s, Materializing param=gpt_neox.layers.8.mlp.dense_h_to_4h.weight]
Loading weights:  38%|###7      | 110/292 [00:00<00:00, 363.77it/s, Materializing param=gpt_neox.layers.8.mlp.dense_h_to_4h.weight]
Loading weights:  38%|###8      | 111/292 [00:00<00:00, 363.77it/s, Materializing param=gpt_neox.layers.8.post_attention_layernorm.bias]
Loading weights:  38%|###8      | 111/292 [00:00<00:00, 363.77it/s, Materializing param=gpt_neox.layers.8.post_attention_layernorm.bias]
Loading weights:  38%|###8      | 112/292 [00:00<00:00, 363.77it/s, Materializing param=gpt_neox.layers.8.post_attention_layernorm.weight]
Loading weights:  38%|###8      | 112/292 [00:00<00:00, 363.77it/s, Materializing param=gpt_neox.layers.8.post_attention_layernorm.weight]
Loading weights:  39%|###8      | 113/292 [00:00<00:00, 363.77it/s, Materializing param=gpt_neox.layers.9.attention.dense.bias]           
Loading weights:  39%|###8      | 113/292 [00:00<00:00, 363.77it/s, Materializing param=gpt_neox.layers.9.attention.dense.bias]
Loading weights:  39%|###9      | 114/292 [00:00<00:00, 363.77it/s, Materializing param=gpt_neox.layers.9.attention.dense.weight]
Loading weights:  39%|###9      | 114/292 [00:00<00:00, 363.77it/s, Materializing param=gpt_neox.layers.9.attention.dense.weight]
Loading weights:  39%|###9      | 115/292 [00:00<00:00, 363.77it/s, Materializing param=gpt_neox.layers.9.attention.query_key_value.bias]
Loading weights:  39%|###9      | 115/292 [00:00<00:00, 363.77it/s, Materializing param=gpt_neox.layers.9.attention.query_key_value.bias]
Loading weights:  40%|###9      | 116/292 [00:00<00:00, 363.77it/s, Materializing param=gpt_neox.layers.9.attention.query_key_value.weight]
Loading weights:  40%|###9      | 116/292 [00:00<00:00, 363.77it/s, Materializing param=gpt_neox.layers.9.attention.query_key_value.weight]
Loading weights:  40%|####      | 117/292 [00:00<00:00, 285.22it/s, Materializing param=gpt_neox.layers.9.attention.query_key_value.weight]
Loading weights:  40%|####      | 117/292 [00:00<00:00, 285.22it/s, Materializing param=gpt_neox.layers.9.input_layernorm.bias]            
Loading weights:  40%|####      | 117/292 [00:00<00:00, 285.22it/s, Materializing param=gpt_neox.layers.9.input_layernorm.bias]
Loading weights:  40%|####      | 118/292 [00:00<00:00, 285.22it/s, Materializing param=gpt_neox.layers.9.input_layernorm.weight]
Loading weights:  40%|####      | 118/292 [00:00<00:00, 285.22it/s, Materializing param=gpt_neox.layers.9.input_layernorm.weight]
Loading weights:  41%|####      | 119/292 [00:00<00:00, 285.22it/s, Materializing param=gpt_neox.layers.9.mlp.dense_4h_to_h.bias]
Loading weights:  41%|####      | 119/292 [00:00<00:00, 285.22it/s, Materializing param=gpt_neox.layers.9.mlp.dense_4h_to_h.bias]
Loading weights:  41%|####1     | 120/292 [00:00<00:00, 285.22it/s, Materializing param=gpt_neox.layers.9.mlp.dense_4h_to_h.weight]
Loading weights:  41%|####1     | 120/292 [00:00<00:00, 285.22it/s, Materializing param=gpt_neox.layers.9.mlp.dense_4h_to_h.weight]
Loading weights:  41%|####1     | 121/292 [00:00<00:00, 285.22it/s, Materializing param=gpt_neox.layers.9.mlp.dense_h_to_4h.bias]  
Loading weights:  41%|####1     | 121/292 [00:00<00:00, 285.22it/s, Materializing param=gpt_neox.layers.9.mlp.dense_h_to_4h.bias]
Loading weights:  42%|####1     | 122/292 [00:00<00:00, 285.22it/s, Materializing param=gpt_neox.layers.9.mlp.dense_h_to_4h.weight]
Loading weights:  42%|####1     | 122/292 [00:00<00:00, 285.22it/s, Materializing param=gpt_neox.layers.9.mlp.dense_h_to_4h.weight]
Loading weights:  42%|####2     | 123/292 [00:00<00:00, 285.22it/s, Materializing param=gpt_neox.layers.9.post_attention_layernorm.bias]
Loading weights:  42%|####2     | 123/292 [00:00<00:00, 285.22it/s, Materializing param=gpt_neox.layers.9.post_attention_layernorm.bias]
Loading weights:  42%|####2     | 124/292 [00:00<00:00, 285.22it/s, Materializing param=gpt_neox.layers.9.post_attention_layernorm.weight]
Loading weights:  42%|####2     | 124/292 [00:00<00:00, 285.22it/s, Materializing param=gpt_neox.layers.9.post_attention_layernorm.weight]
Loading weights:  43%|####2     | 125/292 [00:00<00:00, 285.22it/s, Materializing param=gpt_neox.layers.10.attention.dense.bias]          
Loading weights:  43%|####2     | 125/292 [00:00<00:00, 285.22it/s, Materializing param=gpt_neox.layers.10.attention.dense.bias]
Loading weights:  43%|####3     | 126/292 [00:00<00:00, 285.22it/s, Materializing param=gpt_neox.layers.10.attention.dense.weight]
Loading weights:  43%|####3     | 126/292 [00:00<00:00, 285.22it/s, Materializing param=gpt_neox.layers.10.attention.dense.weight]
Loading weights:  43%|####3     | 127/292 [00:00<00:00, 285.22it/s, Materializing param=gpt_neox.layers.10.attention.query_key_value.bias]
Loading weights:  43%|####3     | 127/292 [00:00<00:00, 285.22it/s, Materializing param=gpt_neox.layers.10.attention.query_key_value.bias]
Loading weights:  44%|####3     | 128/292 [00:00<00:00, 285.22it/s, Materializing param=gpt_neox.layers.10.attention.query_key_value.weight]
Loading weights:  44%|####3     | 128/292 [00:00<00:00, 285.22it/s, Materializing param=gpt_neox.layers.10.attention.query_key_value.weight]
Loading weights:  44%|####4     | 129/292 [00:00<00:00, 285.22it/s, Materializing param=gpt_neox.layers.10.input_layernorm.bias]            
Loading weights:  44%|####4     | 129/292 [00:00<00:00, 285.22it/s, Materializing param=gpt_neox.layers.10.input_layernorm.bias]
Loading weights:  45%|####4     | 130/292 [00:00<00:00, 285.22it/s, Materializing param=gpt_neox.layers.10.input_layernorm.weight]
Loading weights:  45%|####4     | 130/292 [00:00<00:00, 285.22it/s, Materializing param=gpt_neox.layers.10.input_layernorm.weight]
Loading weights:  45%|####4     | 131/292 [00:00<00:00, 285.22it/s, Materializing param=gpt_neox.layers.10.mlp.dense_4h_to_h.bias]
Loading weights:  45%|####4     | 131/292 [00:00<00:00, 285.22it/s, Materializing param=gpt_neox.layers.10.mlp.dense_4h_to_h.bias]
Loading weights:  45%|####5     | 132/292 [00:00<00:00, 285.22it/s, Materializing param=gpt_neox.layers.10.mlp.dense_4h_to_h.weight]
Loading weights:  45%|####5     | 132/292 [00:00<00:00, 285.22it/s, Materializing param=gpt_neox.layers.10.mlp.dense_4h_to_h.weight]
Loading weights:  46%|####5     | 133/292 [00:00<00:00, 285.22it/s, Materializing param=gpt_neox.layers.10.mlp.dense_h_to_4h.bias]  
Loading weights:  46%|####5     | 133/292 [00:00<00:00, 285.22it/s, Materializing param=gpt_neox.layers.10.mlp.dense_h_to_4h.bias]
Loading weights:  46%|####5     | 134/292 [00:00<00:00, 285.22it/s, Materializing param=gpt_neox.layers.10.mlp.dense_h_to_4h.weight]
Loading weights:  46%|####5     | 134/292 [00:00<00:00, 285.22it/s, Materializing param=gpt_neox.layers.10.mlp.dense_h_to_4h.weight]
Loading weights:  46%|####6     | 135/292 [00:00<00:00, 285.22it/s, Materializing param=gpt_neox.layers.10.post_attention_layernorm.bias]
Loading weights:  46%|####6     | 135/292 [00:00<00:00, 285.22it/s, Materializing param=gpt_neox.layers.10.post_attention_layernorm.bias]
Loading weights:  47%|####6     | 136/292 [00:00<00:00, 285.22it/s, Materializing param=gpt_neox.layers.10.post_attention_layernorm.weight]
Loading weights:  47%|####6     | 136/292 [00:00<00:00, 285.22it/s, Materializing param=gpt_neox.layers.10.post_attention_layernorm.weight]
Loading weights:  47%|####6     | 137/292 [00:00<00:00, 285.22it/s, Materializing param=gpt_neox.layers.11.attention.dense.bias]           
Loading weights:  47%|####6     | 137/292 [00:00<00:00, 285.22it/s, Materializing param=gpt_neox.layers.11.attention.dense.bias]
Loading weights:  47%|####7     | 138/292 [00:00<00:00, 285.22it/s, Materializing param=gpt_neox.layers.11.attention.dense.weight]
Loading weights:  47%|####7     | 138/292 [00:00<00:00, 285.22it/s, Materializing param=gpt_neox.layers.11.attention.dense.weight]
Loading weights:  48%|####7     | 139/292 [00:00<00:00, 285.22it/s, Materializing param=gpt_neox.layers.11.attention.query_key_value.bias]
Loading weights:  48%|####7     | 139/292 [00:00<00:00, 285.22it/s, Materializing param=gpt_neox.layers.11.attention.query_key_value.bias]
Loading weights:  48%|####7     | 140/292 [00:00<00:00, 285.22it/s, Materializing param=gpt_neox.layers.11.attention.query_key_value.weight]
Loading weights:  48%|####7     | 140/292 [00:00<00:00, 285.22it/s, Materializing param=gpt_neox.layers.11.attention.query_key_value.weight]
Loading weights:  48%|####8     | 141/292 [00:00<00:00, 285.22it/s, Materializing param=gpt_neox.layers.11.input_layernorm.bias]            
Loading weights:  48%|####8     | 141/292 [00:00<00:00, 285.22it/s, Materializing param=gpt_neox.layers.11.input_layernorm.bias]
Loading weights:  49%|####8     | 142/292 [00:00<00:00, 285.22it/s, Materializing param=gpt_neox.layers.11.input_layernorm.weight]
Loading weights:  49%|####8     | 142/292 [00:00<00:00, 285.22it/s, Materializing param=gpt_neox.layers.11.input_layernorm.weight]
Loading weights:  49%|####8     | 143/292 [00:00<00:00, 285.22it/s, Materializing param=gpt_neox.layers.11.mlp.dense_4h_to_h.bias]
Loading weights:  49%|####8     | 143/292 [00:00<00:00, 285.22it/s, Materializing param=gpt_neox.layers.11.mlp.dense_4h_to_h.bias]
Loading weights:  49%|####9     | 144/292 [00:00<00:00, 285.22it/s, Materializing param=gpt_neox.layers.11.mlp.dense_4h_to_h.weight]
Loading weights:  49%|####9     | 144/292 [00:00<00:00, 285.22it/s, Materializing param=gpt_neox.layers.11.mlp.dense_4h_to_h.weight]
Loading weights:  50%|####9     | 145/292 [00:00<00:00, 285.22it/s, Materializing param=gpt_neox.layers.11.mlp.dense_h_to_4h.bias]  
Loading weights:  50%|####9     | 145/292 [00:00<00:00, 285.22it/s, Materializing param=gpt_neox.layers.11.mlp.dense_h_to_4h.bias]
Loading weights:  50%|#####     | 146/292 [00:00<00:00, 285.22it/s, Materializing param=gpt_neox.layers.11.mlp.dense_h_to_4h.weight]
Loading weights:  50%|#####     | 146/292 [00:00<00:00, 285.22it/s, Materializing param=gpt_neox.layers.11.mlp.dense_h_to_4h.weight]
Loading weights:  50%|#####     | 147/292 [00:00<00:00, 285.22it/s, Materializing param=gpt_neox.layers.11.post_attention_layernorm.bias]
Loading weights:  50%|#####     | 147/292 [00:00<00:00, 285.22it/s, Materializing param=gpt_neox.layers.11.post_attention_layernorm.bias]
Loading weights:  51%|#####     | 148/292 [00:00<00:00, 288.65it/s, Materializing param=gpt_neox.layers.11.post_attention_layernorm.bias]
Loading weights:  51%|#####     | 148/292 [00:00<00:00, 288.65it/s, Materializing param=gpt_neox.layers.11.post_attention_layernorm.weight]
Loading weights:  51%|#####     | 148/292 [00:00<00:00, 288.65it/s, Materializing param=gpt_neox.layers.11.post_attention_layernorm.weight]
Loading weights:  51%|#####1    | 149/292 [00:00<00:00, 288.65it/s, Materializing param=gpt_neox.layers.12.attention.dense.bias]           
Loading weights:  51%|#####1    | 149/292 [00:00<00:00, 288.65it/s, Materializing param=gpt_neox.layers.12.attention.dense.bias]
Loading weights:  51%|#####1    | 150/292 [00:00<00:00, 288.65it/s, Materializing param=gpt_neox.layers.12.attention.dense.weight]
Loading weights:  51%|#####1    | 150/292 [00:00<00:00, 288.65it/s, Materializing param=gpt_neox.layers.12.attention.dense.weight]
Loading weights:  52%|#####1    | 151/292 [00:00<00:00, 288.65it/s, Materializing param=gpt_neox.layers.12.attention.query_key_value.bias]
Loading weights:  52%|#####1    | 151/292 [00:00<00:00, 288.65it/s, Materializing param=gpt_neox.layers.12.attention.query_key_value.bias]
Loading weights:  52%|#####2    | 152/292 [00:00<00:00, 288.65it/s, Materializing param=gpt_neox.layers.12.attention.query_key_value.weight]
Loading weights:  52%|#####2    | 152/292 [00:00<00:00, 288.65it/s, Materializing param=gpt_neox.layers.12.attention.query_key_value.weight]
Loading weights:  52%|#####2    | 153/292 [00:00<00:00, 288.65it/s, Materializing param=gpt_neox.layers.12.input_layernorm.bias]            
Loading weights:  52%|#####2    | 153/292 [00:00<00:00, 288.65it/s, Materializing param=gpt_neox.layers.12.input_layernorm.bias]
Loading weights:  53%|#####2    | 154/292 [00:00<00:00, 288.65it/s, Materializing param=gpt_neox.layers.12.input_layernorm.weight]
Loading weights:  53%|#####2    | 154/292 [00:00<00:00, 288.65it/s, Materializing param=gpt_neox.layers.12.input_layernorm.weight]
Loading weights:  53%|#####3    | 155/292 [00:00<00:00, 288.65it/s, Materializing param=gpt_neox.layers.12.mlp.dense_4h_to_h.bias]
Loading weights:  53%|#####3    | 155/292 [00:00<00:00, 288.65it/s, Materializing param=gpt_neox.layers.12.mlp.dense_4h_to_h.bias]
Loading weights:  53%|#####3    | 156/292 [00:00<00:00, 288.65it/s, Materializing param=gpt_neox.layers.12.mlp.dense_4h_to_h.weight]
Loading weights:  53%|#####3    | 156/292 [00:00<00:00, 288.65it/s, Materializing param=gpt_neox.layers.12.mlp.dense_4h_to_h.weight]
Loading weights:  54%|#####3    | 157/292 [00:00<00:00, 288.65it/s, Materializing param=gpt_neox.layers.12.mlp.dense_h_to_4h.bias]  
Loading weights:  54%|#####3    | 157/292 [00:00<00:00, 288.65it/s, Materializing param=gpt_neox.layers.12.mlp.dense_h_to_4h.bias]
Loading weights:  54%|#####4    | 158/292 [00:00<00:00, 288.65it/s, Materializing param=gpt_neox.layers.12.mlp.dense_h_to_4h.weight]
Loading weights:  54%|#####4    | 158/292 [00:00<00:00, 288.65it/s, Materializing param=gpt_neox.layers.12.mlp.dense_h_to_4h.weight]
Loading weights:  54%|#####4    | 159/292 [00:00<00:00, 288.65it/s, Materializing param=gpt_neox.layers.12.post_attention_layernorm.bias]
Loading weights:  54%|#####4    | 159/292 [00:00<00:00, 288.65it/s, Materializing param=gpt_neox.layers.12.post_attention_layernorm.bias]
Loading weights:  55%|#####4    | 160/292 [00:00<00:00, 288.65it/s, Materializing param=gpt_neox.layers.12.post_attention_layernorm.weight]
Loading weights:  55%|#####4    | 160/292 [00:00<00:00, 288.65it/s, Materializing param=gpt_neox.layers.12.post_attention_layernorm.weight]
Loading weights:  55%|#####5    | 161/292 [00:00<00:00, 288.65it/s, Materializing param=gpt_neox.layers.13.attention.dense.bias]           
Loading weights:  55%|#####5    | 161/292 [00:00<00:00, 288.65it/s, Materializing param=gpt_neox.layers.13.attention.dense.bias]
Loading weights:  55%|#####5    | 162/292 [00:00<00:00, 288.65it/s, Materializing param=gpt_neox.layers.13.attention.dense.weight]
Loading weights:  55%|#####5    | 162/292 [00:00<00:00, 288.65it/s, Materializing param=gpt_neox.layers.13.attention.dense.weight]
Loading weights:  56%|#####5    | 163/292 [00:00<00:00, 288.65it/s, Materializing param=gpt_neox.layers.13.attention.query_key_value.bias]
Loading weights:  56%|#####5    | 163/292 [00:00<00:00, 288.65it/s, Materializing param=gpt_neox.layers.13.attention.query_key_value.bias]
Loading weights:  56%|#####6    | 164/292 [00:00<00:00, 288.65it/s, Materializing param=gpt_neox.layers.13.attention.query_key_value.weight]
Loading weights:  56%|#####6    | 164/292 [00:00<00:00, 288.65it/s, Materializing param=gpt_neox.layers.13.attention.query_key_value.weight]
Loading weights:  57%|#####6    | 165/292 [00:00<00:00, 288.65it/s, Materializing param=gpt_neox.layers.13.input_layernorm.bias]            
Loading weights:  57%|#####6    | 165/292 [00:00<00:00, 288.65it/s, Materializing param=gpt_neox.layers.13.input_layernorm.bias]
Loading weights:  57%|#####6    | 166/292 [00:00<00:00, 288.65it/s, Materializing param=gpt_neox.layers.13.input_layernorm.weight]
Loading weights:  57%|#####6    | 166/292 [00:00<00:00, 288.65it/s, Materializing param=gpt_neox.layers.13.input_layernorm.weight]
Loading weights:  57%|#####7    | 167/292 [00:00<00:00, 288.65it/s, Materializing param=gpt_neox.layers.13.mlp.dense_4h_to_h.bias]
Loading weights:  57%|#####7    | 167/292 [00:00<00:00, 288.65it/s, Materializing param=gpt_neox.layers.13.mlp.dense_4h_to_h.bias]
Loading weights:  58%|#####7    | 168/292 [00:00<00:00, 288.65it/s, Materializing param=gpt_neox.layers.13.mlp.dense_4h_to_h.weight]
Loading weights:  58%|#####7    | 168/292 [00:00<00:00, 288.65it/s, Materializing param=gpt_neox.layers.13.mlp.dense_4h_to_h.weight]
Loading weights:  58%|#####7    | 169/292 [00:00<00:00, 288.65it/s, Materializing param=gpt_neox.layers.13.mlp.dense_h_to_4h.bias]  
Loading weights:  58%|#####7    | 169/292 [00:00<00:00, 288.65it/s, Materializing param=gpt_neox.layers.13.mlp.dense_h_to_4h.bias]
Loading weights:  58%|#####8    | 170/292 [00:00<00:00, 288.65it/s, Materializing param=gpt_neox.layers.13.mlp.dense_h_to_4h.weight]
Loading weights:  58%|#####8    | 170/292 [00:00<00:00, 288.65it/s, Materializing param=gpt_neox.layers.13.mlp.dense_h_to_4h.weight]
Loading weights:  59%|#####8    | 171/292 [00:00<00:00, 288.65it/s, Materializing param=gpt_neox.layers.13.post_attention_layernorm.bias]
Loading weights:  59%|#####8    | 171/292 [00:00<00:00, 288.65it/s, Materializing param=gpt_neox.layers.13.post_attention_layernorm.bias]
Loading weights:  59%|#####8    | 172/292 [00:00<00:00, 288.65it/s, Materializing param=gpt_neox.layers.13.post_attention_layernorm.weight]
Loading weights:  59%|#####8    | 172/292 [00:00<00:00, 288.65it/s, Materializing param=gpt_neox.layers.13.post_attention_layernorm.weight]
Loading weights:  59%|#####9    | 173/292 [00:00<00:00, 288.65it/s, Materializing param=gpt_neox.layers.14.attention.dense.bias]           
Loading weights:  59%|#####9    | 173/292 [00:00<00:00, 288.65it/s, Materializing param=gpt_neox.layers.14.attention.dense.bias]
Loading weights:  60%|#####9    | 174/292 [00:00<00:00, 288.65it/s, Materializing param=gpt_neox.layers.14.attention.dense.weight]
Loading weights:  60%|#####9    | 174/292 [00:00<00:00, 288.65it/s, Materializing param=gpt_neox.layers.14.attention.dense.weight]
Loading weights:  60%|#####9    | 175/292 [00:00<00:00, 288.65it/s, Materializing param=gpt_neox.layers.14.attention.query_key_value.bias]
Loading weights:  60%|#####9    | 175/292 [00:00<00:00, 288.65it/s, Materializing param=gpt_neox.layers.14.attention.query_key_value.bias]
Loading weights:  60%|######    | 176/292 [00:00<00:00, 288.65it/s, Materializing param=gpt_neox.layers.14.attention.query_key_value.weight]
Loading weights:  60%|######    | 176/292 [00:00<00:00, 288.65it/s, Materializing param=gpt_neox.layers.14.attention.query_key_value.weight]
Loading weights:  61%|######    | 177/292 [00:00<00:00, 288.65it/s, Materializing param=gpt_neox.layers.14.input_layernorm.bias]            
Loading weights:  61%|######    | 177/292 [00:00<00:00, 288.65it/s, Materializing param=gpt_neox.layers.14.input_layernorm.bias]
Loading weights:  61%|######    | 178/292 [00:00<00:00, 254.61it/s, Materializing param=gpt_neox.layers.14.input_layernorm.bias]
Loading weights:  61%|######    | 178/292 [00:00<00:00, 254.61it/s, Materializing param=gpt_neox.layers.14.input_layernorm.weight]
Loading weights:  61%|######    | 178/292 [00:00<00:00, 254.61it/s, Materializing param=gpt_neox.layers.14.input_layernorm.weight]
Loading weights:  61%|######1   | 179/292 [00:00<00:00, 254.61it/s, Materializing param=gpt_neox.layers.14.mlp.dense_4h_to_h.bias]
Loading weights:  61%|######1   | 179/292 [00:00<00:00, 254.61it/s, Materializing param=gpt_neox.layers.14.mlp.dense_4h_to_h.bias]
Loading weights:  62%|######1   | 180/292 [00:00<00:00, 254.61it/s, Materializing param=gpt_neox.layers.14.mlp.dense_4h_to_h.weight]
Loading weights:  62%|######1   | 180/292 [00:00<00:00, 254.61it/s, Materializing param=gpt_neox.layers.14.mlp.dense_4h_to_h.weight]
Loading weights:  62%|######1   | 181/292 [00:00<00:00, 254.61it/s, Materializing param=gpt_neox.layers.14.mlp.dense_h_to_4h.bias]  
Loading weights:  62%|######1   | 181/292 [00:00<00:00, 254.61it/s, Materializing param=gpt_neox.layers.14.mlp.dense_h_to_4h.bias]
Loading weights:  62%|######2   | 182/292 [00:00<00:00, 254.61it/s, Materializing param=gpt_neox.layers.14.mlp.dense_h_to_4h.weight]
Loading weights:  62%|######2   | 182/292 [00:00<00:00, 254.61it/s, Materializing param=gpt_neox.layers.14.mlp.dense_h_to_4h.weight]
Loading weights:  63%|######2   | 183/292 [00:00<00:00, 254.61it/s, Materializing param=gpt_neox.layers.14.post_attention_layernorm.bias]
Loading weights:  63%|######2   | 183/292 [00:00<00:00, 254.61it/s, Materializing param=gpt_neox.layers.14.post_attention_layernorm.bias]
Loading weights:  63%|######3   | 184/292 [00:00<00:00, 254.61it/s, Materializing param=gpt_neox.layers.14.post_attention_layernorm.weight]
Loading weights:  63%|######3   | 184/292 [00:00<00:00, 254.61it/s, Materializing param=gpt_neox.layers.14.post_attention_layernorm.weight]
Loading weights:  63%|######3   | 185/292 [00:00<00:00, 254.61it/s, Materializing param=gpt_neox.layers.15.attention.dense.bias]           
Loading weights:  63%|######3   | 185/292 [00:00<00:00, 254.61it/s, Materializing param=gpt_neox.layers.15.attention.dense.bias]
Loading weights:  64%|######3   | 186/292 [00:00<00:00, 254.61it/s, Materializing param=gpt_neox.layers.15.attention.dense.weight]
Loading weights:  64%|######3   | 186/292 [00:00<00:00, 254.61it/s, Materializing param=gpt_neox.layers.15.attention.dense.weight]
Loading weights:  64%|######4   | 187/292 [00:00<00:00, 254.61it/s, Materializing param=gpt_neox.layers.15.attention.query_key_value.bias]
Loading weights:  64%|######4   | 187/292 [00:00<00:00, 254.61it/s, Materializing param=gpt_neox.layers.15.attention.query_key_value.bias]
Loading weights:  64%|######4   | 188/292 [00:00<00:00, 254.61it/s, Materializing param=gpt_neox.layers.15.attention.query_key_value.weight]
Loading weights:  64%|######4   | 188/292 [00:00<00:00, 254.61it/s, Materializing param=gpt_neox.layers.15.attention.query_key_value.weight]
Loading weights:  65%|######4   | 189/292 [00:00<00:00, 254.61it/s, Materializing param=gpt_neox.layers.15.input_layernorm.bias]            
Loading weights:  65%|######4   | 189/292 [00:00<00:00, 254.61it/s, Materializing param=gpt_neox.layers.15.input_layernorm.bias]
Loading weights:  65%|######5   | 190/292 [00:00<00:00, 254.61it/s, Materializing param=gpt_neox.layers.15.input_layernorm.weight]
Loading weights:  65%|######5   | 190/292 [00:00<00:00, 254.61it/s, Materializing param=gpt_neox.layers.15.input_layernorm.weight]
Loading weights:  65%|######5   | 191/292 [00:00<00:00, 254.61it/s, Materializing param=gpt_neox.layers.15.mlp.dense_4h_to_h.bias]
Loading weights:  65%|######5   | 191/292 [00:00<00:00, 254.61it/s, Materializing param=gpt_neox.layers.15.mlp.dense_4h_to_h.bias]
Loading weights:  66%|######5   | 192/292 [00:00<00:00, 254.61it/s, Materializing param=gpt_neox.layers.15.mlp.dense_4h_to_h.weight]
Loading weights:  66%|######5   | 192/292 [00:00<00:00, 254.61it/s, Materializing param=gpt_neox.layers.15.mlp.dense_4h_to_h.weight]
Loading weights:  66%|######6   | 193/292 [00:00<00:00, 254.61it/s, Materializing param=gpt_neox.layers.15.mlp.dense_h_to_4h.bias]  
Loading weights:  66%|######6   | 193/292 [00:00<00:00, 254.61it/s, Materializing param=gpt_neox.layers.15.mlp.dense_h_to_4h.bias]
Loading weights:  66%|######6   | 194/292 [00:00<00:00, 254.61it/s, Materializing param=gpt_neox.layers.15.mlp.dense_h_to_4h.weight]
Loading weights:  66%|######6   | 194/292 [00:00<00:00, 254.61it/s, Materializing param=gpt_neox.layers.15.mlp.dense_h_to_4h.weight]
Loading weights:  67%|######6   | 195/292 [00:00<00:00, 254.61it/s, Materializing param=gpt_neox.layers.15.post_attention_layernorm.bias]
Loading weights:  67%|######6   | 195/292 [00:00<00:00, 254.61it/s, Materializing param=gpt_neox.layers.15.post_attention_layernorm.bias]
Loading weights:  67%|######7   | 196/292 [00:00<00:00, 254.61it/s, Materializing param=gpt_neox.layers.15.post_attention_layernorm.weight]
Loading weights:  67%|######7   | 196/292 [00:00<00:00, 254.61it/s, Materializing param=gpt_neox.layers.15.post_attention_layernorm.weight]
Loading weights:  67%|######7   | 197/292 [00:00<00:00, 254.61it/s, Materializing param=gpt_neox.layers.16.attention.dense.bias]           
Loading weights:  67%|######7   | 197/292 [00:00<00:00, 254.61it/s, Materializing param=gpt_neox.layers.16.attention.dense.bias]
Loading weights:  68%|######7   | 198/292 [00:00<00:00, 254.61it/s, Materializing param=gpt_neox.layers.16.attention.dense.weight]
Loading weights:  68%|######7   | 198/292 [00:00<00:00, 254.61it/s, Materializing param=gpt_neox.layers.16.attention.dense.weight]
Loading weights:  68%|######8   | 199/292 [00:00<00:00, 254.61it/s, Materializing param=gpt_neox.layers.16.attention.query_key_value.bias]
Loading weights:  68%|######8   | 199/292 [00:00<00:00, 254.61it/s, Materializing param=gpt_neox.layers.16.attention.query_key_value.bias]
Loading weights:  68%|######8   | 200/292 [00:00<00:00, 254.61it/s, Materializing param=gpt_neox.layers.16.attention.query_key_value.weight]
Loading weights:  68%|######8   | 200/292 [00:00<00:00, 254.61it/s, Materializing param=gpt_neox.layers.16.attention.query_key_value.weight]
Loading weights:  69%|######8   | 201/292 [00:00<00:00, 254.61it/s, Materializing param=gpt_neox.layers.16.input_layernorm.bias]            
Loading weights:  69%|######8   | 201/292 [00:00<00:00, 254.61it/s, Materializing param=gpt_neox.layers.16.input_layernorm.bias]
Loading weights:  69%|######9   | 202/292 [00:00<00:00, 254.61it/s, Materializing param=gpt_neox.layers.16.input_layernorm.weight]
Loading weights:  69%|######9   | 202/292 [00:00<00:00, 254.61it/s, Materializing param=gpt_neox.layers.16.input_layernorm.weight]
Loading weights:  70%|######9   | 203/292 [00:00<00:00, 254.61it/s, Materializing param=gpt_neox.layers.16.mlp.dense_4h_to_h.bias]
Loading weights:  70%|######9   | 203/292 [00:00<00:00, 254.61it/s, Materializing param=gpt_neox.layers.16.mlp.dense_4h_to_h.bias]
Loading weights:  70%|######9   | 204/292 [00:00<00:00, 254.61it/s, Materializing param=gpt_neox.layers.16.mlp.dense_4h_to_h.weight]
Loading weights:  70%|######9   | 204/292 [00:00<00:00, 254.61it/s, Materializing param=gpt_neox.layers.16.mlp.dense_4h_to_h.weight]
Loading weights:  70%|#######   | 205/292 [00:00<00:00, 254.61it/s, Materializing param=gpt_neox.layers.16.mlp.dense_h_to_4h.bias]  
Loading weights:  70%|#######   | 205/292 [00:00<00:00, 254.61it/s, Materializing param=gpt_neox.layers.16.mlp.dense_h_to_4h.bias]
Loading weights:  71%|#######   | 206/292 [00:00<00:00, 254.61it/s, Materializing param=gpt_neox.layers.16.mlp.dense_h_to_4h.weight]
Loading weights:  71%|#######   | 206/292 [00:00<00:00, 254.61it/s, Materializing param=gpt_neox.layers.16.mlp.dense_h_to_4h.weight]
Loading weights:  71%|#######   | 207/292 [00:00<00:00, 254.61it/s, Materializing param=gpt_neox.layers.16.post_attention_layernorm.bias]
Loading weights:  71%|#######   | 207/292 [00:00<00:00, 254.61it/s, Materializing param=gpt_neox.layers.16.post_attention_layernorm.bias]
Loading weights:  71%|#######1  | 208/292 [00:00<00:00, 254.61it/s, Materializing param=gpt_neox.layers.16.post_attention_layernorm.weight]
Loading weights:  71%|#######1  | 208/292 [00:00<00:00, 254.61it/s, Materializing param=gpt_neox.layers.16.post_attention_layernorm.weight]
Loading weights:  72%|#######1  | 209/292 [00:00<00:00, 254.61it/s, Materializing param=gpt_neox.layers.17.attention.dense.bias]           
Loading weights:  72%|#######1  | 209/292 [00:00<00:00, 254.61it/s, Materializing param=gpt_neox.layers.17.attention.dense.bias]
Loading weights:  72%|#######1  | 210/292 [00:00<00:00, 254.61it/s, Materializing param=gpt_neox.layers.17.attention.dense.weight]
Loading weights:  72%|#######1  | 210/292 [00:00<00:00, 254.61it/s, Materializing param=gpt_neox.layers.17.attention.dense.weight]
Loading weights:  72%|#######2  | 211/292 [00:00<00:00, 254.61it/s, Materializing param=gpt_neox.layers.17.attention.query_key_value.bias]
Loading weights:  72%|#######2  | 211/292 [00:00<00:00, 254.61it/s, Materializing param=gpt_neox.layers.17.attention.query_key_value.bias]
Loading weights:  73%|#######2  | 212/292 [00:00<00:00, 254.61it/s, Materializing param=gpt_neox.layers.17.attention.query_key_value.weight]
Loading weights:  73%|#######2  | 212/292 [00:00<00:00, 254.61it/s, Materializing param=gpt_neox.layers.17.attention.query_key_value.weight]
Loading weights:  73%|#######2  | 213/292 [00:00<00:00, 254.61it/s, Materializing param=gpt_neox.layers.17.input_layernorm.bias]            
Loading weights:  73%|#######2  | 213/292 [00:00<00:00, 254.61it/s, Materializing param=gpt_neox.layers.17.input_layernorm.bias]
Loading weights:  73%|#######3  | 214/292 [00:00<00:00, 254.61it/s, Materializing param=gpt_neox.layers.17.input_layernorm.weight]
Loading weights:  73%|#######3  | 214/292 [00:00<00:00, 254.61it/s, Materializing param=gpt_neox.layers.17.input_layernorm.weight]
Loading weights:  74%|#######3  | 215/292 [00:00<00:00, 254.61it/s, Materializing param=gpt_neox.layers.17.mlp.dense_4h_to_h.bias]
Loading weights:  74%|#######3  | 215/292 [00:00<00:00, 254.61it/s, Materializing param=gpt_neox.layers.17.mlp.dense_4h_to_h.bias]
Loading weights:  74%|#######3  | 216/292 [00:00<00:00, 254.61it/s, Materializing param=gpt_neox.layers.17.mlp.dense_4h_to_h.weight]
Loading weights:  74%|#######3  | 216/292 [00:00<00:00, 254.61it/s, Materializing param=gpt_neox.layers.17.mlp.dense_4h_to_h.weight]
Loading weights:  74%|#######4  | 217/292 [00:00<00:00, 276.15it/s, Materializing param=gpt_neox.layers.17.mlp.dense_4h_to_h.weight]
Loading weights:  74%|#######4  | 217/292 [00:00<00:00, 276.15it/s, Materializing param=gpt_neox.layers.17.mlp.dense_h_to_4h.bias]  
Loading weights:  74%|#######4  | 217/292 [00:00<00:00, 276.15it/s, Materializing param=gpt_neox.layers.17.mlp.dense_h_to_4h.bias]
Loading weights:  75%|#######4  | 218/292 [00:00<00:00, 276.15it/s, Materializing param=gpt_neox.layers.17.mlp.dense_h_to_4h.weight]
Loading weights:  75%|#######4  | 218/292 [00:00<00:00, 276.15it/s, Materializing param=gpt_neox.layers.17.mlp.dense_h_to_4h.weight]
Loading weights:  75%|#######5  | 219/292 [00:00<00:00, 276.15it/s, Materializing param=gpt_neox.layers.17.post_attention_layernorm.bias]
Loading weights:  75%|#######5  | 219/292 [00:00<00:00, 276.15it/s, Materializing param=gpt_neox.layers.17.post_attention_layernorm.bias]
Loading weights:  75%|#######5  | 220/292 [00:00<00:00, 276.15it/s, Materializing param=gpt_neox.layers.17.post_attention_layernorm.weight]
Loading weights:  75%|#######5  | 220/292 [00:00<00:00, 276.15it/s, Materializing param=gpt_neox.layers.17.post_attention_layernorm.weight]
Loading weights:  76%|#######5  | 221/292 [00:00<00:00, 276.15it/s, Materializing param=gpt_neox.layers.18.attention.dense.bias]           
Loading weights:  76%|#######5  | 221/292 [00:00<00:00, 276.15it/s, Materializing param=gpt_neox.layers.18.attention.dense.bias]
Loading weights:  76%|#######6  | 222/292 [00:00<00:00, 276.15it/s, Materializing param=gpt_neox.layers.18.attention.dense.weight]
Loading weights:  76%|#######6  | 222/292 [00:00<00:00, 276.15it/s, Materializing param=gpt_neox.layers.18.attention.dense.weight]
Loading weights:  76%|#######6  | 223/292 [00:00<00:00, 276.15it/s, Materializing param=gpt_neox.layers.18.attention.query_key_value.bias]
Loading weights:  76%|#######6  | 223/292 [00:00<00:00, 276.15it/s, Materializing param=gpt_neox.layers.18.attention.query_key_value.bias]
Loading weights:  77%|#######6  | 224/292 [00:00<00:00, 276.15it/s, Materializing param=gpt_neox.layers.18.attention.query_key_value.weight]
Loading weights:  77%|#######6  | 224/292 [00:00<00:00, 276.15it/s, Materializing param=gpt_neox.layers.18.attention.query_key_value.weight]
Loading weights:  77%|#######7  | 225/292 [00:00<00:00, 276.15it/s, Materializing param=gpt_neox.layers.18.input_layernorm.bias]            
Loading weights:  77%|#######7  | 225/292 [00:00<00:00, 276.15it/s, Materializing param=gpt_neox.layers.18.input_layernorm.bias]
Loading weights:  77%|#######7  | 226/292 [00:00<00:00, 276.15it/s, Materializing param=gpt_neox.layers.18.input_layernorm.weight]
Loading weights:  77%|#######7  | 226/292 [00:00<00:00, 276.15it/s, Materializing param=gpt_neox.layers.18.input_layernorm.weight]
Loading weights:  78%|#######7  | 227/292 [00:00<00:00, 276.15it/s, Materializing param=gpt_neox.layers.18.mlp.dense_4h_to_h.bias]
Loading weights:  78%|#######7  | 227/292 [00:00<00:00, 276.15it/s, Materializing param=gpt_neox.layers.18.mlp.dense_4h_to_h.bias]
Loading weights:  78%|#######8  | 228/292 [00:00<00:00, 276.15it/s, Materializing param=gpt_neox.layers.18.mlp.dense_4h_to_h.weight]
Loading weights:  78%|#######8  | 228/292 [00:00<00:00, 276.15it/s, Materializing param=gpt_neox.layers.18.mlp.dense_4h_to_h.weight]
Loading weights:  78%|#######8  | 229/292 [00:00<00:00, 276.15it/s, Materializing param=gpt_neox.layers.18.mlp.dense_h_to_4h.bias]  
Loading weights:  78%|#######8  | 229/292 [00:00<00:00, 276.15it/s, Materializing param=gpt_neox.layers.18.mlp.dense_h_to_4h.bias]
Loading weights:  79%|#######8  | 230/292 [00:00<00:00, 276.15it/s, Materializing param=gpt_neox.layers.18.mlp.dense_h_to_4h.weight]
Loading weights:  79%|#######8  | 230/292 [00:00<00:00, 276.15it/s, Materializing param=gpt_neox.layers.18.mlp.dense_h_to_4h.weight]
Loading weights:  79%|#######9  | 231/292 [00:00<00:00, 276.15it/s, Materializing param=gpt_neox.layers.18.post_attention_layernorm.bias]
Loading weights:  79%|#######9  | 231/292 [00:00<00:00, 276.15it/s, Materializing param=gpt_neox.layers.18.post_attention_layernorm.bias]
Loading weights:  79%|#######9  | 232/292 [00:00<00:00, 276.15it/s, Materializing param=gpt_neox.layers.18.post_attention_layernorm.weight]
Loading weights:  79%|#######9  | 232/292 [00:00<00:00, 276.15it/s, Materializing param=gpt_neox.layers.18.post_attention_layernorm.weight]
Loading weights:  80%|#######9  | 233/292 [00:00<00:00, 276.15it/s, Materializing param=gpt_neox.layers.19.attention.dense.bias]           
Loading weights:  80%|#######9  | 233/292 [00:00<00:00, 276.15it/s, Materializing param=gpt_neox.layers.19.attention.dense.bias]
Loading weights:  80%|########  | 234/292 [00:00<00:00, 276.15it/s, Materializing param=gpt_neox.layers.19.attention.dense.weight]
Loading weights:  80%|########  | 234/292 [00:00<00:00, 276.15it/s, Materializing param=gpt_neox.layers.19.attention.dense.weight]
Loading weights:  80%|########  | 235/292 [00:00<00:00, 276.15it/s, Materializing param=gpt_neox.layers.19.attention.query_key_value.bias]
Loading weights:  80%|########  | 235/292 [00:00<00:00, 276.15it/s, Materializing param=gpt_neox.layers.19.attention.query_key_value.bias]
Loading weights:  81%|########  | 236/292 [00:00<00:00, 276.15it/s, Materializing param=gpt_neox.layers.19.attention.query_key_value.weight]
Loading weights:  81%|########  | 236/292 [00:00<00:00, 276.15it/s, Materializing param=gpt_neox.layers.19.attention.query_key_value.weight]
Loading weights:  81%|########1 | 237/292 [00:00<00:00, 276.15it/s, Materializing param=gpt_neox.layers.19.input_layernorm.bias]            
Loading weights:  81%|########1 | 237/292 [00:00<00:00, 276.15it/s, Materializing param=gpt_neox.layers.19.input_layernorm.bias]
Loading weights:  82%|########1 | 238/292 [00:00<00:00, 276.15it/s, Materializing param=gpt_neox.layers.19.input_layernorm.weight]
Loading weights:  82%|########1 | 238/292 [00:00<00:00, 276.15it/s, Materializing param=gpt_neox.layers.19.input_layernorm.weight]
Loading weights:  82%|########1 | 239/292 [00:00<00:00, 276.15it/s, Materializing param=gpt_neox.layers.19.mlp.dense_4h_to_h.bias]
Loading weights:  82%|########1 | 239/292 [00:00<00:00, 276.15it/s, Materializing param=gpt_neox.layers.19.mlp.dense_4h_to_h.bias]
Loading weights:  82%|########2 | 240/292 [00:00<00:00, 276.15it/s, Materializing param=gpt_neox.layers.19.mlp.dense_4h_to_h.weight]
Loading weights:  82%|########2 | 240/292 [00:00<00:00, 276.15it/s, Materializing param=gpt_neox.layers.19.mlp.dense_4h_to_h.weight]
Loading weights:  83%|########2 | 241/292 [00:00<00:00, 276.15it/s, Materializing param=gpt_neox.layers.19.mlp.dense_h_to_4h.bias]  
Loading weights:  83%|########2 | 241/292 [00:00<00:00, 276.15it/s, Materializing param=gpt_neox.layers.19.mlp.dense_h_to_4h.bias]
Loading weights:  83%|########2 | 242/292 [00:00<00:00, 276.15it/s, Materializing param=gpt_neox.layers.19.mlp.dense_h_to_4h.weight]
Loading weights:  83%|########2 | 242/292 [00:00<00:00, 276.15it/s, Materializing param=gpt_neox.layers.19.mlp.dense_h_to_4h.weight]
Loading weights:  83%|########3 | 243/292 [00:00<00:00, 276.15it/s, Materializing param=gpt_neox.layers.19.post_attention_layernorm.bias]
Loading weights:  83%|########3 | 243/292 [00:00<00:00, 276.15it/s, Materializing param=gpt_neox.layers.19.post_attention_layernorm.bias]
Loading weights:  84%|########3 | 244/292 [00:00<00:00, 276.15it/s, Materializing param=gpt_neox.layers.19.post_attention_layernorm.weight]
Loading weights:  84%|########3 | 244/292 [00:00<00:00, 276.15it/s, Materializing param=gpt_neox.layers.19.post_attention_layernorm.weight]
Loading weights:  84%|########3 | 245/292 [00:00<00:00, 276.15it/s, Materializing param=gpt_neox.layers.20.attention.dense.bias]           
Loading weights:  84%|########3 | 245/292 [00:00<00:00, 276.15it/s, Materializing param=gpt_neox.layers.20.attention.dense.bias]
Loading weights:  84%|########4 | 246/292 [00:00<00:00, 251.13it/s, Materializing param=gpt_neox.layers.20.attention.dense.bias]
Loading weights:  84%|########4 | 246/292 [00:00<00:00, 251.13it/s, Materializing param=gpt_neox.layers.20.attention.dense.weight]
Loading weights:  84%|########4 | 246/292 [00:00<00:00, 251.13it/s, Materializing param=gpt_neox.layers.20.attention.dense.weight]
Loading weights:  85%|########4 | 247/292 [00:00<00:00, 251.13it/s, Materializing param=gpt_neox.layers.20.attention.query_key_value.bias]
Loading weights:  85%|########4 | 247/292 [00:00<00:00, 251.13it/s, Materializing param=gpt_neox.layers.20.attention.query_key_value.bias]
Loading weights:  85%|########4 | 248/292 [00:00<00:00, 251.13it/s, Materializing param=gpt_neox.layers.20.attention.query_key_value.weight]
Loading weights:  85%|########4 | 248/292 [00:00<00:00, 251.13it/s, Materializing param=gpt_neox.layers.20.attention.query_key_value.weight]
Loading weights:  85%|########5 | 249/292 [00:00<00:00, 251.13it/s, Materializing param=gpt_neox.layers.20.input_layernorm.bias]            
Loading weights:  85%|########5 | 249/292 [00:00<00:00, 251.13it/s, Materializing param=gpt_neox.layers.20.input_layernorm.bias]
Loading weights:  86%|########5 | 250/292 [00:00<00:00, 251.13it/s, Materializing param=gpt_neox.layers.20.input_layernorm.weight]
Loading weights:  86%|########5 | 250/292 [00:00<00:00, 251.13it/s, Materializing param=gpt_neox.layers.20.input_layernorm.weight]
Loading weights:  86%|########5 | 251/292 [00:00<00:00, 251.13it/s, Materializing param=gpt_neox.layers.20.mlp.dense_4h_to_h.bias]
Loading weights:  86%|########5 | 251/292 [00:00<00:00, 251.13it/s, Materializing param=gpt_neox.layers.20.mlp.dense_4h_to_h.bias]
Loading weights:  86%|########6 | 252/292 [00:00<00:00, 251.13it/s, Materializing param=gpt_neox.layers.20.mlp.dense_4h_to_h.weight]
Loading weights:  86%|########6 | 252/292 [00:00<00:00, 251.13it/s, Materializing param=gpt_neox.layers.20.mlp.dense_4h_to_h.weight]
Loading weights:  87%|########6 | 253/292 [00:00<00:00, 251.13it/s, Materializing param=gpt_neox.layers.20.mlp.dense_h_to_4h.bias]  
Loading weights:  87%|########6 | 253/292 [00:00<00:00, 251.13it/s, Materializing param=gpt_neox.layers.20.mlp.dense_h_to_4h.bias]
Loading weights:  87%|########6 | 254/292 [00:00<00:00, 251.13it/s, Materializing param=gpt_neox.layers.20.mlp.dense_h_to_4h.weight]
Loading weights:  87%|########6 | 254/292 [00:00<00:00, 251.13it/s, Materializing param=gpt_neox.layers.20.mlp.dense_h_to_4h.weight]
Loading weights:  87%|########7 | 255/292 [00:00<00:00, 251.13it/s, Materializing param=gpt_neox.layers.20.post_attention_layernorm.bias]
Loading weights:  87%|########7 | 255/292 [00:00<00:00, 251.13it/s, Materializing param=gpt_neox.layers.20.post_attention_layernorm.bias]
Loading weights:  88%|########7 | 256/292 [00:00<00:00, 251.13it/s, Materializing param=gpt_neox.layers.20.post_attention_layernorm.weight]
Loading weights:  88%|########7 | 256/292 [00:00<00:00, 251.13it/s, Materializing param=gpt_neox.layers.20.post_attention_layernorm.weight]
Loading weights:  88%|########8 | 257/292 [00:00<00:00, 251.13it/s, Materializing param=gpt_neox.layers.21.attention.dense.bias]           
Loading weights:  88%|########8 | 257/292 [00:00<00:00, 251.13it/s, Materializing param=gpt_neox.layers.21.attention.dense.bias]
Loading weights:  88%|########8 | 258/292 [00:00<00:00, 251.13it/s, Materializing param=gpt_neox.layers.21.attention.dense.weight]
Loading weights:  88%|########8 | 258/292 [00:00<00:00, 251.13it/s, Materializing param=gpt_neox.layers.21.attention.dense.weight]
Loading weights:  89%|########8 | 259/292 [00:00<00:00, 251.13it/s, Materializing param=gpt_neox.layers.21.attention.query_key_value.bias]
Loading weights:  89%|########8 | 259/292 [00:00<00:00, 251.13it/s, Materializing param=gpt_neox.layers.21.attention.query_key_value.bias]
Loading weights:  89%|########9 | 260/292 [00:00<00:00, 251.13it/s, Materializing param=gpt_neox.layers.21.attention.query_key_value.weight]
Loading weights:  89%|########9 | 260/292 [00:00<00:00, 251.13it/s, Materializing param=gpt_neox.layers.21.attention.query_key_value.weight]
Loading weights:  89%|########9 | 261/292 [00:00<00:00, 251.13it/s, Materializing param=gpt_neox.layers.21.input_layernorm.bias]            
Loading weights:  89%|########9 | 261/292 [00:00<00:00, 251.13it/s, Materializing param=gpt_neox.layers.21.input_layernorm.bias]
Loading weights:  90%|########9 | 262/292 [00:00<00:00, 251.13it/s, Materializing param=gpt_neox.layers.21.input_layernorm.weight]
Loading weights:  90%|########9 | 262/292 [00:00<00:00, 251.13it/s, Materializing param=gpt_neox.layers.21.input_layernorm.weight]
Loading weights:  90%|######### | 263/292 [00:00<00:00, 251.13it/s, Materializing param=gpt_neox.layers.21.mlp.dense_4h_to_h.bias]
Loading weights:  90%|######### | 263/292 [00:00<00:00, 251.13it/s, Materializing param=gpt_neox.layers.21.mlp.dense_4h_to_h.bias]
Loading weights:  90%|######### | 264/292 [00:00<00:00, 251.13it/s, Materializing param=gpt_neox.layers.21.mlp.dense_4h_to_h.weight]
Loading weights:  90%|######### | 264/292 [00:00<00:00, 251.13it/s, Materializing param=gpt_neox.layers.21.mlp.dense_4h_to_h.weight]
Loading weights:  91%|######### | 265/292 [00:00<00:00, 251.13it/s, Materializing param=gpt_neox.layers.21.mlp.dense_h_to_4h.bias]  
Loading weights:  91%|######### | 265/292 [00:00<00:00, 251.13it/s, Materializing param=gpt_neox.layers.21.mlp.dense_h_to_4h.bias]
Loading weights:  91%|#########1| 266/292 [00:00<00:00, 251.13it/s, Materializing param=gpt_neox.layers.21.mlp.dense_h_to_4h.weight]
Loading weights:  91%|#########1| 266/292 [00:00<00:00, 251.13it/s, Materializing param=gpt_neox.layers.21.mlp.dense_h_to_4h.weight]
Loading weights:  91%|#########1| 267/292 [00:00<00:00, 251.13it/s, Materializing param=gpt_neox.layers.21.post_attention_layernorm.bias]
Loading weights:  91%|#########1| 267/292 [00:00<00:00, 251.13it/s, Materializing param=gpt_neox.layers.21.post_attention_layernorm.bias]
Loading weights:  92%|#########1| 268/292 [00:00<00:00, 251.13it/s, Materializing param=gpt_neox.layers.21.post_attention_layernorm.weight]
Loading weights:  92%|#########1| 268/292 [00:00<00:00, 251.13it/s, Materializing param=gpt_neox.layers.21.post_attention_layernorm.weight]
Loading weights:  92%|#########2| 269/292 [00:00<00:00, 251.13it/s, Materializing param=gpt_neox.layers.22.attention.dense.bias]           
Loading weights:  92%|#########2| 269/292 [00:00<00:00, 251.13it/s, Materializing param=gpt_neox.layers.22.attention.dense.bias]
Loading weights:  92%|#########2| 270/292 [00:00<00:00, 251.13it/s, Materializing param=gpt_neox.layers.22.attention.dense.weight]
Loading weights:  92%|#########2| 270/292 [00:00<00:00, 251.13it/s, Materializing param=gpt_neox.layers.22.attention.dense.weight]
Loading weights:  93%|#########2| 271/292 [00:01<00:00, 251.13it/s, Materializing param=gpt_neox.layers.22.attention.query_key_value.bias]
Loading weights:  93%|#########2| 271/292 [00:01<00:00, 251.13it/s, Materializing param=gpt_neox.layers.22.attention.query_key_value.bias]
Loading weights:  93%|#########3| 272/292 [00:01<00:00, 226.03it/s, Materializing param=gpt_neox.layers.22.attention.query_key_value.bias]
Loading weights:  93%|#########3| 272/292 [00:01<00:00, 226.03it/s, Materializing param=gpt_neox.layers.22.attention.query_key_value.weight]
Loading weights:  93%|#########3| 272/292 [00:01<00:00, 226.03it/s, Materializing param=gpt_neox.layers.22.attention.query_key_value.weight]
Loading weights:  93%|#########3| 273/292 [00:01<00:00, 226.03it/s, Materializing param=gpt_neox.layers.22.input_layernorm.bias]            
Loading weights:  93%|#########3| 273/292 [00:01<00:00, 226.03it/s, Materializing param=gpt_neox.layers.22.input_layernorm.bias]
Loading weights:  94%|#########3| 274/292 [00:01<00:00, 226.03it/s, Materializing param=gpt_neox.layers.22.input_layernorm.weight]
Loading weights:  94%|#########3| 274/292 [00:01<00:00, 226.03it/s, Materializing param=gpt_neox.layers.22.input_layernorm.weight]
Loading weights:  94%|#########4| 275/292 [00:01<00:00, 226.03it/s, Materializing param=gpt_neox.layers.22.mlp.dense_4h_to_h.bias]
Loading weights:  94%|#########4| 275/292 [00:01<00:00, 226.03it/s, Materializing param=gpt_neox.layers.22.mlp.dense_4h_to_h.bias]
Loading weights:  95%|#########4| 276/292 [00:01<00:00, 226.03it/s, Materializing param=gpt_neox.layers.22.mlp.dense_4h_to_h.weight]
Loading weights:  95%|#########4| 276/292 [00:01<00:00, 226.03it/s, Materializing param=gpt_neox.layers.22.mlp.dense_4h_to_h.weight]
Loading weights:  95%|#########4| 277/292 [00:01<00:00, 226.03it/s, Materializing param=gpt_neox.layers.22.mlp.dense_h_to_4h.bias]  
Loading weights:  95%|#########4| 277/292 [00:01<00:00, 226.03it/s, Materializing param=gpt_neox.layers.22.mlp.dense_h_to_4h.bias]
Loading weights:  95%|#########5| 278/292 [00:01<00:00, 226.03it/s, Materializing param=gpt_neox.layers.22.mlp.dense_h_to_4h.weight]
Loading weights:  95%|#########5| 278/292 [00:01<00:00, 226.03it/s, Materializing param=gpt_neox.layers.22.mlp.dense_h_to_4h.weight]
Loading weights:  96%|#########5| 279/292 [00:01<00:00, 226.03it/s, Materializing param=gpt_neox.layers.22.post_attention_layernorm.bias]
Loading weights:  96%|#########5| 279/292 [00:01<00:00, 226.03it/s, Materializing param=gpt_neox.layers.22.post_attention_layernorm.bias]
Loading weights:  96%|#########5| 280/292 [00:01<00:00, 226.03it/s, Materializing param=gpt_neox.layers.22.post_attention_layernorm.weight]
Loading weights:  96%|#########5| 280/292 [00:01<00:00, 226.03it/s, Materializing param=gpt_neox.layers.22.post_attention_layernorm.weight]
Loading weights:  96%|#########6| 281/292 [00:01<00:00, 226.03it/s, Materializing param=gpt_neox.layers.23.attention.dense.bias]           
Loading weights:  96%|#########6| 281/292 [00:01<00:00, 226.03it/s, Materializing param=gpt_neox.layers.23.attention.dense.bias]
Loading weights:  97%|#########6| 282/292 [00:01<00:00, 226.03it/s, Materializing param=gpt_neox.layers.23.attention.dense.weight]
Loading weights:  97%|#########6| 282/292 [00:01<00:00, 226.03it/s, Materializing param=gpt_neox.layers.23.attention.dense.weight]
Loading weights:  97%|#########6| 283/292 [00:01<00:00, 226.03it/s, Materializing param=gpt_neox.layers.23.attention.query_key_value.bias]
Loading weights:  97%|#########6| 283/292 [00:01<00:00, 226.03it/s, Materializing param=gpt_neox.layers.23.attention.query_key_value.bias]
Loading weights:  97%|#########7| 284/292 [00:01<00:00, 226.03it/s, Materializing param=gpt_neox.layers.23.attention.query_key_value.weight]
Loading weights:  97%|#########7| 284/292 [00:01<00:00, 226.03it/s, Materializing param=gpt_neox.layers.23.attention.query_key_value.weight]
Loading weights:  98%|#########7| 285/292 [00:01<00:00, 226.03it/s, Materializing param=gpt_neox.layers.23.input_layernorm.bias]            
Loading weights:  98%|#########7| 285/292 [00:01<00:00, 226.03it/s, Materializing param=gpt_neox.layers.23.input_layernorm.bias]
Loading weights:  98%|#########7| 286/292 [00:01<00:00, 226.03it/s, Materializing param=gpt_neox.layers.23.input_layernorm.weight]
Loading weights:  98%|#########7| 286/292 [00:01<00:00, 226.03it/s, Materializing param=gpt_neox.layers.23.input_layernorm.weight]
Loading weights:  98%|#########8| 287/292 [00:01<00:00, 226.03it/s, Materializing param=gpt_neox.layers.23.mlp.dense_4h_to_h.bias]
Loading weights:  98%|#########8| 287/292 [00:01<00:00, 226.03it/s, Materializing param=gpt_neox.layers.23.mlp.dense_4h_to_h.bias]
Loading weights:  99%|#########8| 288/292 [00:01<00:00, 226.03it/s, Materializing param=gpt_neox.layers.23.mlp.dense_4h_to_h.weight]
Loading weights:  99%|#########8| 288/292 [00:01<00:00, 226.03it/s, Materializing param=gpt_neox.layers.23.mlp.dense_4h_to_h.weight]
Loading weights:  99%|#########8| 289/292 [00:01<00:00, 226.03it/s, Materializing param=gpt_neox.layers.23.mlp.dense_h_to_4h.bias]  
Loading weights:  99%|#########8| 289/292 [00:01<00:00, 226.03it/s, Materializing param=gpt_neox.layers.23.mlp.dense_h_to_4h.bias]
Loading weights:  99%|#########9| 290/292 [00:01<00:00, 226.03it/s, Materializing param=gpt_neox.layers.23.mlp.dense_h_to_4h.weight]
Loading weights:  99%|#########9| 290/292 [00:01<00:00, 226.03it/s, Materializing param=gpt_neox.layers.23.mlp.dense_h_to_4h.weight]
Loading weights: 100%|#########9| 291/292 [00:01<00:00, 226.03it/s, Materializing param=gpt_neox.layers.23.post_attention_layernorm.bias]
Loading weights: 100%|#########9| 291/292 [00:01<00:00, 226.03it/s, Materializing param=gpt_neox.layers.23.post_attention_layernorm.bias]
Loading weights: 100%|##########| 292/292 [00:01<00:00, 226.03it/s, Materializing param=gpt_neox.layers.23.post_attention_layernorm.weight]
Loading weights: 100%|##########| 292/292 [00:01<00:00, 226.03it/s, Materializing param=gpt_neox.layers.23.post_attention_layernorm.weight]
Loading weights: 100%|##########| 292/292 [00:01<00:00, 247.16it/s, Materializing param=gpt_neox.layers.23.post_attention_layernorm.weight]

Loading weights:   0%|          | 0/292 [00:00<?, ?it/s]
Loading weights:   0%|          | 1/292 [00:00<00:00, 22795.13it/s, Materializing param=embed_out.weight]
Loading weights:   0%|          | 1/292 [00:00<00:00, 765.94it/s, Materializing param=embed_out.weight]  
Loading weights:   1%|          | 2/292 [00:00<00:13, 21.65it/s, Materializing param=gpt_neox.embed_in.weight]
Loading weights:   1%|          | 2/292 [00:00<00:13, 21.61it/s, Materializing param=gpt_neox.embed_in.weight]
Loading weights:   1%|1         | 3/292 [00:00<00:09, 32.10it/s, Materializing param=gpt_neox.final_layer_norm.bias]
Loading weights:   1%|1         | 3/292 [00:00<00:09, 31.84it/s, Materializing param=gpt_neox.final_layer_norm.bias]
Loading weights:   1%|1         | 4/292 [00:00<00:06, 42.12it/s, Materializing param=gpt_neox.final_layer_norm.weight]
Loading weights:   1%|1         | 4/292 [00:00<00:06, 42.04it/s, Materializing param=gpt_neox.final_layer_norm.weight]
Loading weights:   2%|1         | 5/292 [00:00<00:05, 52.35it/s, Materializing param=gpt_neox.layers.0.attention.dense.bias]
Loading weights:   2%|1         | 5/292 [00:00<00:05, 52.15it/s, Materializing param=gpt_neox.layers.0.attention.dense.bias]
Loading weights:   2%|2         | 6/292 [00:00<00:04, 62.41it/s, Materializing param=gpt_neox.layers.0.attention.dense.weight]
Loading weights:   2%|2         | 6/292 [00:00<00:04, 62.35it/s, Materializing param=gpt_neox.layers.0.attention.dense.weight]
Loading weights:   2%|2         | 7/292 [00:00<00:05, 50.35it/s, Materializing param=gpt_neox.layers.0.attention.dense.weight]
Loading weights:   2%|2         | 7/292 [00:00<00:05, 50.35it/s, Materializing param=gpt_neox.layers.0.attention.query_key_value.bias]
Loading weights:   2%|2         | 7/292 [00:00<00:05, 50.35it/s, Materializing param=gpt_neox.layers.0.attention.query_key_value.bias]
Loading weights:   3%|2         | 8/292 [00:00<00:05, 50.35it/s, Materializing param=gpt_neox.layers.0.attention.query_key_value.weight]
Loading weights:   3%|2         | 8/292 [00:00<00:05, 50.35it/s, Materializing param=gpt_neox.layers.0.attention.query_key_value.weight]
Loading weights:   3%|3         | 9/292 [00:00<00:05, 50.35it/s, Materializing param=gpt_neox.layers.0.input_layernorm.bias]            
Loading weights:   3%|3         | 9/292 [00:00<00:05, 50.35it/s, Materializing param=gpt_neox.layers.0.input_layernorm.bias]
Loading weights:   3%|3         | 10/292 [00:00<00:05, 50.35it/s, Materializing param=gpt_neox.layers.0.input_layernorm.weight]
Loading weights:   3%|3         | 10/292 [00:00<00:05, 50.35it/s, Materializing param=gpt_neox.layers.0.input_layernorm.weight]
Loading weights:   4%|3         | 11/292 [00:00<00:05, 50.35it/s, Materializing param=gpt_neox.layers.0.mlp.dense_4h_to_h.bias]
Loading weights:   4%|3         | 11/292 [00:00<00:05, 50.35it/s, Materializing param=gpt_neox.layers.0.mlp.dense_4h_to_h.bias]
Loading weights:   4%|4         | 12/292 [00:00<00:05, 50.35it/s, Materializing param=gpt_neox.layers.0.mlp.dense_4h_to_h.weight]
Loading weights:   4%|4         | 12/292 [00:00<00:05, 50.35it/s, Materializing param=gpt_neox.layers.0.mlp.dense_4h_to_h.weight]
Loading weights:   4%|4         | 13/292 [00:00<00:19, 14.31it/s, Materializing param=gpt_neox.layers.0.mlp.dense_4h_to_h.weight]
Loading weights:   4%|4         | 13/292 [00:00<00:19, 14.31it/s, Materializing param=gpt_neox.layers.0.mlp.dense_h_to_4h.bias]  
Loading weights:   4%|4         | 13/292 [00:00<00:19, 14.31it/s, Materializing param=gpt_neox.layers.0.mlp.dense_h_to_4h.bias]
Loading weights:   5%|4         | 14/292 [00:00<00:19, 14.31it/s, Materializing param=gpt_neox.layers.0.mlp.dense_h_to_4h.weight]
Loading weights:   5%|4         | 14/292 [00:00<00:19, 14.31it/s, Materializing param=gpt_neox.layers.0.mlp.dense_h_to_4h.weight]
Loading weights:   5%|5         | 15/292 [00:00<00:19, 14.31it/s, Materializing param=gpt_neox.layers.0.post_attention_layernorm.bias]
Loading weights:   5%|5         | 15/292 [00:00<00:19, 14.31it/s, Materializing param=gpt_neox.layers.0.post_attention_layernorm.bias]
Loading weights:   5%|5         | 16/292 [00:00<00:19, 14.31it/s, Materializing param=gpt_neox.layers.0.post_attention_layernorm.weight]
Loading weights:   5%|5         | 16/292 [00:00<00:19, 14.31it/s, Materializing param=gpt_neox.layers.0.post_attention_layernorm.weight]
Loading weights:   6%|5         | 17/292 [00:00<00:19, 14.31it/s, Materializing param=gpt_neox.layers.1.attention.dense.bias]           
Loading weights:   6%|5         | 17/292 [00:00<00:19, 14.31it/s, Materializing param=gpt_neox.layers.1.attention.dense.bias]
Loading weights:   6%|6         | 18/292 [00:00<00:19, 14.31it/s, Materializing param=gpt_neox.layers.1.attention.dense.weight]
Loading weights:   6%|6         | 18/292 [00:00<00:19, 14.31it/s, Materializing param=gpt_neox.layers.1.attention.dense.weight]
Loading weights:   7%|6         | 19/292 [00:00<00:19, 14.31it/s, Materializing param=gpt_neox.layers.1.attention.query_key_value.bias]
Loading weights:   7%|6         | 19/292 [00:00<00:19, 14.31it/s, Materializing param=gpt_neox.layers.1.attention.query_key_value.bias]
Loading weights:   7%|6         | 20/292 [00:00<00:19, 14.31it/s, Materializing param=gpt_neox.layers.1.attention.query_key_value.weight]
Loading weights:   7%|6         | 20/292 [00:00<00:19, 14.31it/s, Materializing param=gpt_neox.layers.1.attention.query_key_value.weight]
Loading weights:   7%|7         | 21/292 [00:00<00:18, 14.31it/s, Materializing param=gpt_neox.layers.1.input_layernorm.bias]            
Loading weights:   7%|7         | 21/292 [00:00<00:18, 14.31it/s, Materializing param=gpt_neox.layers.1.input_layernorm.bias]
Loading weights:   8%|7         | 22/292 [00:00<00:18, 14.31it/s, Materializing param=gpt_neox.layers.1.input_layernorm.weight]
Loading weights:   8%|7         | 22/292 [00:00<00:18, 14.31it/s, Materializing param=gpt_neox.layers.1.input_layernorm.weight]
Loading weights:   8%|7         | 23/292 [00:00<00:18, 14.31it/s, Materializing param=gpt_neox.layers.1.mlp.dense_4h_to_h.bias]
Loading weights:   8%|7         | 23/292 [00:00<00:18, 14.31it/s, Materializing param=gpt_neox.layers.1.mlp.dense_4h_to_h.bias]
Loading weights:   8%|8         | 24/292 [00:00<00:18, 14.31it/s, Materializing param=gpt_neox.layers.1.mlp.dense_4h_to_h.weight]
Loading weights:   8%|8         | 24/292 [00:00<00:18, 14.31it/s, Materializing param=gpt_neox.layers.1.mlp.dense_4h_to_h.weight]
Loading weights:   9%|8         | 25/292 [00:00<00:18, 14.31it/s, Materializing param=gpt_neox.layers.1.mlp.dense_h_to_4h.bias]  
Loading weights:   9%|8         | 25/292 [00:00<00:18, 14.31it/s, Materializing param=gpt_neox.layers.1.mlp.dense_h_to_4h.bias]
Loading weights:   9%|8         | 26/292 [00:00<00:18, 14.31it/s, Materializing param=gpt_neox.layers.1.mlp.dense_h_to_4h.weight]
Loading weights:   9%|8         | 26/292 [00:00<00:18, 14.31it/s, Materializing param=gpt_neox.layers.1.mlp.dense_h_to_4h.weight]
Loading weights:   9%|9         | 27/292 [00:00<00:18, 14.31it/s, Materializing param=gpt_neox.layers.1.post_attention_layernorm.bias]
Loading weights:   9%|9         | 27/292 [00:00<00:18, 14.31it/s, Materializing param=gpt_neox.layers.1.post_attention_layernorm.bias]
Loading weights:  10%|9         | 28/292 [00:00<00:18, 14.31it/s, Materializing param=gpt_neox.layers.1.post_attention_layernorm.weight]
Loading weights:  10%|9         | 28/292 [00:00<00:18, 14.31it/s, Materializing param=gpt_neox.layers.1.post_attention_layernorm.weight]
Loading weights:  10%|9         | 29/292 [00:00<00:18, 14.31it/s, Materializing param=gpt_neox.layers.2.attention.dense.bias]           
Loading weights:  10%|9         | 29/292 [00:00<00:18, 14.31it/s, Materializing param=gpt_neox.layers.2.attention.dense.bias]
Loading weights:  10%|#         | 30/292 [00:00<00:18, 14.31it/s, Materializing param=gpt_neox.layers.2.attention.dense.weight]
Loading weights:  10%|#         | 30/292 [00:00<00:18, 14.31it/s, Materializing param=gpt_neox.layers.2.attention.dense.weight]
Loading weights:  11%|#         | 31/292 [00:00<00:18, 14.31it/s, Materializing param=gpt_neox.layers.2.attention.query_key_value.bias]
Loading weights:  11%|#         | 31/292 [00:00<00:18, 14.31it/s, Materializing param=gpt_neox.layers.2.attention.query_key_value.bias]
Loading weights:  11%|#         | 32/292 [00:00<00:18, 14.31it/s, Materializing param=gpt_neox.layers.2.attention.query_key_value.weight]
Loading weights:  11%|#         | 32/292 [00:00<00:18, 14.31it/s, Materializing param=gpt_neox.layers.2.attention.query_key_value.weight]
Loading weights:  11%|#1        | 33/292 [00:00<00:06, 41.31it/s, Materializing param=gpt_neox.layers.2.attention.query_key_value.weight]
Loading weights:  11%|#1        | 33/292 [00:00<00:06, 41.31it/s, Materializing param=gpt_neox.layers.2.input_layernorm.bias]            
Loading weights:  11%|#1        | 33/292 [00:00<00:06, 41.31it/s, Materializing param=gpt_neox.layers.2.input_layernorm.bias]
Loading weights:  12%|#1        | 34/292 [00:00<00:06, 41.31it/s, Materializing param=gpt_neox.layers.2.input_layernorm.weight]
Loading weights:  12%|#1        | 34/292 [00:00<00:06, 41.31it/s, Materializing param=gpt_neox.layers.2.input_layernorm.weight]
Loading weights:  12%|#1        | 35/292 [00:00<00:06, 41.31it/s, Materializing param=gpt_neox.layers.2.mlp.dense_4h_to_h.bias]
Loading weights:  12%|#1        | 35/292 [00:00<00:06, 41.31it/s, Materializing param=gpt_neox.layers.2.mlp.dense_4h_to_h.bias]
Loading weights:  12%|#2        | 36/292 [00:00<00:06, 41.31it/s, Materializing param=gpt_neox.layers.2.mlp.dense_4h_to_h.weight]
Loading weights:  12%|#2        | 36/292 [00:00<00:06, 41.31it/s, Materializing param=gpt_neox.layers.2.mlp.dense_4h_to_h.weight]
Loading weights:  13%|#2        | 37/292 [00:00<00:06, 41.31it/s, Materializing param=gpt_neox.layers.2.mlp.dense_h_to_4h.bias]  
Loading weights:  13%|#2        | 37/292 [00:00<00:06, 41.31it/s, Materializing param=gpt_neox.layers.2.mlp.dense_h_to_4h.bias]
Loading weights:  13%|#3        | 38/292 [00:00<00:06, 41.31it/s, Materializing param=gpt_neox.layers.2.mlp.dense_h_to_4h.weight]
Loading weights:  13%|#3        | 38/292 [00:00<00:06, 41.31it/s, Materializing param=gpt_neox.layers.2.mlp.dense_h_to_4h.weight]
Loading weights:  13%|#3        | 39/292 [00:00<00:06, 41.31it/s, Materializing param=gpt_neox.layers.2.post_attention_layernorm.bias]
Loading weights:  13%|#3        | 39/292 [00:00<00:06, 41.31it/s, Materializing param=gpt_neox.layers.2.post_attention_layernorm.bias]
Loading weights:  14%|#3        | 40/292 [00:00<00:06, 41.31it/s, Materializing param=gpt_neox.layers.2.post_attention_layernorm.weight]
Loading weights:  14%|#3        | 40/292 [00:00<00:06, 41.31it/s, Materializing param=gpt_neox.layers.2.post_attention_layernorm.weight]
Loading weights:  14%|#4        | 41/292 [00:00<00:06, 41.31it/s, Materializing param=gpt_neox.layers.3.attention.dense.bias]           
Loading weights:  14%|#4        | 41/292 [00:00<00:06, 41.31it/s, Materializing param=gpt_neox.layers.3.attention.dense.bias]
Loading weights:  14%|#4        | 42/292 [00:00<00:06, 41.31it/s, Materializing param=gpt_neox.layers.3.attention.dense.weight]
Loading weights:  14%|#4        | 42/292 [00:00<00:06, 41.31it/s, Materializing param=gpt_neox.layers.3.attention.dense.weight]
Loading weights:  15%|#4        | 43/292 [00:01<00:06, 41.31it/s, Materializing param=gpt_neox.layers.3.attention.query_key_value.bias]
Loading weights:  15%|#4        | 43/292 [00:01<00:06, 41.31it/s, Materializing param=gpt_neox.layers.3.attention.query_key_value.bias]
Loading weights:  15%|#5        | 44/292 [00:01<00:06, 41.31it/s, Materializing param=gpt_neox.layers.3.attention.query_key_value.weight]
Loading weights:  15%|#5        | 44/292 [00:01<00:06, 41.31it/s, Materializing param=gpt_neox.layers.3.attention.query_key_value.weight]
Loading weights:  15%|#5        | 45/292 [00:01<00:05, 41.31it/s, Materializing param=gpt_neox.layers.3.input_layernorm.bias]            
Loading weights:  15%|#5        | 45/292 [00:01<00:05, 41.31it/s, Materializing param=gpt_neox.layers.3.input_layernorm.bias]
Loading weights:  16%|#5        | 46/292 [00:01<00:05, 41.31it/s, Materializing param=gpt_neox.layers.3.input_layernorm.weight]
Loading weights:  16%|#5        | 46/292 [00:01<00:05, 41.31it/s, Materializing param=gpt_neox.layers.3.input_layernorm.weight]
Loading weights:  16%|#6        | 47/292 [00:01<00:05, 41.31it/s, Materializing param=gpt_neox.layers.3.mlp.dense_4h_to_h.bias]
Loading weights:  16%|#6        | 47/292 [00:01<00:05, 41.31it/s, Materializing param=gpt_neox.layers.3.mlp.dense_4h_to_h.bias]
Loading weights:  16%|#6        | 48/292 [00:01<00:05, 41.31it/s, Materializing param=gpt_neox.layers.3.mlp.dense_4h_to_h.weight]
Loading weights:  16%|#6        | 48/292 [00:01<00:05, 41.31it/s, Materializing param=gpt_neox.layers.3.mlp.dense_4h_to_h.weight]
Loading weights:  17%|#6        | 49/292 [00:01<00:05, 41.31it/s, Materializing param=gpt_neox.layers.3.mlp.dense_h_to_4h.bias]  
Loading weights:  17%|#6        | 49/292 [00:01<00:05, 41.31it/s, Materializing param=gpt_neox.layers.3.mlp.dense_h_to_4h.bias]
Loading weights:  17%|#7        | 50/292 [00:01<00:05, 41.31it/s, Materializing param=gpt_neox.layers.3.mlp.dense_h_to_4h.weight]
Loading weights:  17%|#7        | 50/292 [00:01<00:05, 41.31it/s, Materializing param=gpt_neox.layers.3.mlp.dense_h_to_4h.weight]
Loading weights:  17%|#7        | 51/292 [00:01<00:05, 41.31it/s, Materializing param=gpt_neox.layers.3.post_attention_layernorm.bias]
Loading weights:  17%|#7        | 51/292 [00:01<00:05, 41.31it/s, Materializing param=gpt_neox.layers.3.post_attention_layernorm.bias]
Loading weights:  18%|#7        | 52/292 [00:01<00:05, 41.31it/s, Materializing param=gpt_neox.layers.3.post_attention_layernorm.weight]
Loading weights:  18%|#7        | 52/292 [00:01<00:05, 41.31it/s, Materializing param=gpt_neox.layers.3.post_attention_layernorm.weight]
Loading weights:  18%|#8        | 53/292 [00:01<00:05, 41.31it/s, Materializing param=gpt_neox.layers.4.attention.dense.bias]           
Loading weights:  18%|#8        | 53/292 [00:01<00:05, 41.31it/s, Materializing param=gpt_neox.layers.4.attention.dense.bias]
Loading weights:  18%|#8        | 54/292 [00:01<00:05, 41.31it/s, Materializing param=gpt_neox.layers.4.attention.dense.weight]
Loading weights:  18%|#8        | 54/292 [00:01<00:05, 41.31it/s, Materializing param=gpt_neox.layers.4.attention.dense.weight]
Loading weights:  19%|#8        | 55/292 [00:01<00:03, 72.56it/s, Materializing param=gpt_neox.layers.4.attention.dense.weight]
Loading weights:  19%|#8        | 55/292 [00:01<00:03, 72.56it/s, Materializing param=gpt_neox.layers.4.attention.query_key_value.bias]
Loading weights:  19%|#8        | 55/292 [00:01<00:03, 72.56it/s, Materializing param=gpt_neox.layers.4.attention.query_key_value.bias]
Loading weights:  19%|#9        | 56/292 [00:01<00:03, 72.56it/s, Materializing param=gpt_neox.layers.4.attention.query_key_value.weight]
Loading weights:  19%|#9        | 56/292 [00:01<00:03, 72.56it/s, Materializing param=gpt_neox.layers.4.attention.query_key_value.weight]
Loading weights:  20%|#9        | 57/292 [00:01<00:03, 72.56it/s, Materializing param=gpt_neox.layers.4.input_layernorm.bias]            
Loading weights:  20%|#9        | 57/292 [00:01<00:03, 72.56it/s, Materializing param=gpt_neox.layers.4.input_layernorm.bias]
Loading weights:  20%|#9        | 58/292 [00:01<00:03, 72.56it/s, Materializing param=gpt_neox.layers.4.input_layernorm.weight]
Loading weights:  20%|#9        | 58/292 [00:01<00:03, 72.56it/s, Materializing param=gpt_neox.layers.4.input_layernorm.weight]
Loading weights:  20%|##        | 59/292 [00:01<00:03, 72.56it/s, Materializing param=gpt_neox.layers.4.mlp.dense_4h_to_h.bias]
Loading weights:  20%|##        | 59/292 [00:01<00:03, 72.56it/s, Materializing param=gpt_neox.layers.4.mlp.dense_4h_to_h.bias]
Loading weights:  21%|##        | 60/292 [00:01<00:03, 72.56it/s, Materializing param=gpt_neox.layers.4.mlp.dense_4h_to_h.weight]
Loading weights:  21%|##        | 60/292 [00:01<00:03, 72.56it/s, Materializing param=gpt_neox.layers.4.mlp.dense_4h_to_h.weight]
Loading weights:  21%|##        | 61/292 [00:01<00:03, 72.56it/s, Materializing param=gpt_neox.layers.4.mlp.dense_h_to_4h.bias]  
Loading weights:  21%|##        | 61/292 [00:01<00:03, 72.56it/s, Materializing param=gpt_neox.layers.4.mlp.dense_h_to_4h.bias]
Loading weights:  21%|##1       | 62/292 [00:01<00:03, 72.56it/s, Materializing param=gpt_neox.layers.4.mlp.dense_h_to_4h.weight]
Loading weights:  21%|##1       | 62/292 [00:01<00:03, 72.56it/s, Materializing param=gpt_neox.layers.4.mlp.dense_h_to_4h.weight]
Loading weights:  22%|##1       | 63/292 [00:01<00:03, 72.56it/s, Materializing param=gpt_neox.layers.4.post_attention_layernorm.bias]
Loading weights:  22%|##1       | 63/292 [00:01<00:03, 72.56it/s, Materializing param=gpt_neox.layers.4.post_attention_layernorm.bias]
Loading weights:  22%|##1       | 64/292 [00:01<00:03, 72.56it/s, Materializing param=gpt_neox.layers.4.post_attention_layernorm.weight]
Loading weights:  22%|##1       | 64/292 [00:01<00:03, 72.56it/s, Materializing param=gpt_neox.layers.4.post_attention_layernorm.weight]
Loading weights:  22%|##2       | 65/292 [00:01<00:03, 72.56it/s, Materializing param=gpt_neox.layers.5.attention.dense.bias]           
Loading weights:  22%|##2       | 65/292 [00:01<00:03, 72.56it/s, Materializing param=gpt_neox.layers.5.attention.dense.bias]
Loading weights:  23%|##2       | 66/292 [00:01<00:03, 72.56it/s, Materializing param=gpt_neox.layers.5.attention.dense.weight]
Loading weights:  23%|##2       | 66/292 [00:01<00:03, 72.56it/s, Materializing param=gpt_neox.layers.5.attention.dense.weight]
Loading weights:  23%|##2       | 67/292 [00:01<00:03, 72.56it/s, Materializing param=gpt_neox.layers.5.attention.query_key_value.bias]
Loading weights:  23%|##2       | 67/292 [00:01<00:03, 72.56it/s, Materializing param=gpt_neox.layers.5.attention.query_key_value.bias]
Loading weights:  23%|##3       | 68/292 [00:01<00:03, 72.56it/s, Materializing param=gpt_neox.layers.5.attention.query_key_value.weight]
Loading weights:  23%|##3       | 68/292 [00:01<00:03, 72.56it/s, Materializing param=gpt_neox.layers.5.attention.query_key_value.weight]
Loading weights:  24%|##3       | 69/292 [00:01<00:02, 82.90it/s, Materializing param=gpt_neox.layers.5.attention.query_key_value.weight]
Loading weights:  24%|##3       | 69/292 [00:01<00:02, 82.90it/s, Materializing param=gpt_neox.layers.5.input_layernorm.bias]            
Loading weights:  24%|##3       | 69/292 [00:01<00:02, 82.90it/s, Materializing param=gpt_neox.layers.5.input_layernorm.bias]
Loading weights:  24%|##3       | 70/292 [00:01<00:02, 82.90it/s, Materializing param=gpt_neox.layers.5.input_layernorm.weight]
Loading weights:  24%|##3       | 70/292 [00:01<00:02, 82.90it/s, Materializing param=gpt_neox.layers.5.input_layernorm.weight]
Loading weights:  24%|##4       | 71/292 [00:01<00:02, 82.90it/s, Materializing param=gpt_neox.layers.5.mlp.dense_4h_to_h.bias]
Loading weights:  24%|##4       | 71/292 [00:01<00:02, 82.90it/s, Materializing param=gpt_neox.layers.5.mlp.dense_4h_to_h.bias]
Loading weights:  25%|##4       | 72/292 [00:01<00:02, 82.90it/s, Materializing param=gpt_neox.layers.5.mlp.dense_4h_to_h.weight]
Loading weights:  25%|##4       | 72/292 [00:01<00:02, 82.90it/s, Materializing param=gpt_neox.layers.5.mlp.dense_4h_to_h.weight]
Loading weights:  25%|##5       | 73/292 [00:01<00:02, 82.90it/s, Materializing param=gpt_neox.layers.5.mlp.dense_h_to_4h.bias]  
Loading weights:  25%|##5       | 73/292 [00:01<00:02, 82.90it/s, Materializing param=gpt_neox.layers.5.mlp.dense_h_to_4h.bias]
Loading weights:  25%|##5       | 74/292 [00:01<00:02, 82.90it/s, Materializing param=gpt_neox.layers.5.mlp.dense_h_to_4h.weight]
Loading weights:  25%|##5       | 74/292 [00:01<00:02, 82.90it/s, Materializing param=gpt_neox.layers.5.mlp.dense_h_to_4h.weight]
Loading weights:  26%|##5       | 75/292 [00:01<00:02, 82.90it/s, Materializing param=gpt_neox.layers.5.post_attention_layernorm.bias]
Loading weights:  26%|##5       | 75/292 [00:01<00:02, 82.90it/s, Materializing param=gpt_neox.layers.5.post_attention_layernorm.bias]
Loading weights:  26%|##6       | 76/292 [00:01<00:02, 82.90it/s, Materializing param=gpt_neox.layers.5.post_attention_layernorm.weight]
Loading weights:  26%|##6       | 76/292 [00:01<00:02, 82.90it/s, Materializing param=gpt_neox.layers.5.post_attention_layernorm.weight]
Loading weights:  26%|##6       | 77/292 [00:01<00:02, 82.90it/s, Materializing param=gpt_neox.layers.6.attention.dense.bias]           
Loading weights:  26%|##6       | 77/292 [00:01<00:02, 82.90it/s, Materializing param=gpt_neox.layers.6.attention.dense.bias]
Loading weights:  27%|##6       | 78/292 [00:01<00:02, 82.90it/s, Materializing param=gpt_neox.layers.6.attention.dense.weight]
Loading weights:  27%|##6       | 78/292 [00:01<00:02, 82.90it/s, Materializing param=gpt_neox.layers.6.attention.dense.weight]
Loading weights:  27%|##7       | 79/292 [00:01<00:02, 82.90it/s, Materializing param=gpt_neox.layers.6.attention.query_key_value.bias]
Loading weights:  27%|##7       | 79/292 [00:01<00:02, 82.90it/s, Materializing param=gpt_neox.layers.6.attention.query_key_value.bias]
Loading weights:  27%|##7       | 80/292 [00:01<00:02, 82.90it/s, Materializing param=gpt_neox.layers.6.attention.query_key_value.weight]
Loading weights:  27%|##7       | 80/292 [00:01<00:02, 82.90it/s, Materializing param=gpt_neox.layers.6.attention.query_key_value.weight]
Loading weights:  28%|##7       | 81/292 [00:01<00:02, 82.90it/s, Materializing param=gpt_neox.layers.6.input_layernorm.bias]            
Loading weights:  28%|##7       | 81/292 [00:01<00:02, 82.90it/s, Materializing param=gpt_neox.layers.6.input_layernorm.bias]
Loading weights:  28%|##8       | 82/292 [00:01<00:02, 82.90it/s, Materializing param=gpt_neox.layers.6.input_layernorm.weight]
Loading weights:  28%|##8       | 82/292 [00:01<00:02, 82.90it/s, Materializing param=gpt_neox.layers.6.input_layernorm.weight]
Loading weights:  28%|##8       | 83/292 [00:01<00:02, 82.90it/s, Materializing param=gpt_neox.layers.6.mlp.dense_4h_to_h.bias]
Loading weights:  28%|##8       | 83/292 [00:01<00:02, 82.90it/s, Materializing param=gpt_neox.layers.6.mlp.dense_4h_to_h.bias]
Loading weights:  29%|##8       | 84/292 [00:01<00:02, 82.90it/s, Materializing param=gpt_neox.layers.6.mlp.dense_4h_to_h.weight]
Loading weights:  29%|##8       | 84/292 [00:01<00:02, 82.90it/s, Materializing param=gpt_neox.layers.6.mlp.dense_4h_to_h.weight]
Loading weights:  29%|##9       | 85/292 [00:01<00:02, 82.90it/s, Materializing param=gpt_neox.layers.6.mlp.dense_h_to_4h.bias]  
Loading weights:  29%|##9       | 85/292 [00:01<00:02, 82.90it/s, Materializing param=gpt_neox.layers.6.mlp.dense_h_to_4h.bias]
Loading weights:  29%|##9       | 86/292 [00:01<00:02, 82.90it/s, Materializing param=gpt_neox.layers.6.mlp.dense_h_to_4h.weight]
Loading weights:  29%|##9       | 86/292 [00:01<00:02, 82.90it/s, Materializing param=gpt_neox.layers.6.mlp.dense_h_to_4h.weight]
Loading weights:  30%|##9       | 87/292 [00:01<00:02, 82.90it/s, Materializing param=gpt_neox.layers.6.post_attention_layernorm.bias]
Loading weights:  30%|##9       | 87/292 [00:01<00:02, 82.90it/s, Materializing param=gpt_neox.layers.6.post_attention_layernorm.bias]
Loading weights:  30%|###       | 88/292 [00:01<00:02, 82.90it/s, Materializing param=gpt_neox.layers.6.post_attention_layernorm.weight]
Loading weights:  30%|###       | 88/292 [00:01<00:02, 82.90it/s, Materializing param=gpt_neox.layers.6.post_attention_layernorm.weight]
Loading weights:  30%|###       | 89/292 [00:01<00:02, 82.90it/s, Materializing param=gpt_neox.layers.7.attention.dense.bias]           
Loading weights:  30%|###       | 89/292 [00:01<00:02, 82.90it/s, Materializing param=gpt_neox.layers.7.attention.dense.bias]
Loading weights:  31%|###       | 90/292 [00:01<00:02, 82.90it/s, Materializing param=gpt_neox.layers.7.attention.dense.weight]
Loading weights:  31%|###       | 90/292 [00:01<00:02, 82.90it/s, Materializing param=gpt_neox.layers.7.attention.dense.weight]
Loading weights:  31%|###1      | 91/292 [00:01<00:02, 82.90it/s, Materializing param=gpt_neox.layers.7.attention.query_key_value.bias]
Loading weights:  31%|###1      | 91/292 [00:01<00:02, 82.90it/s, Materializing param=gpt_neox.layers.7.attention.query_key_value.bias]
Loading weights:  32%|###1      | 92/292 [00:01<00:02, 82.90it/s, Materializing param=gpt_neox.layers.7.attention.query_key_value.weight]
Loading weights:  32%|###1      | 92/292 [00:01<00:02, 82.90it/s, Materializing param=gpt_neox.layers.7.attention.query_key_value.weight]
Loading weights:  32%|###1      | 93/292 [00:01<00:02, 82.90it/s, Materializing param=gpt_neox.layers.7.input_layernorm.bias]            
Loading weights:  32%|###1      | 93/292 [00:01<00:02, 82.90it/s, Materializing param=gpt_neox.layers.7.input_layernorm.bias]
Loading weights:  32%|###2      | 94/292 [00:01<00:02, 82.90it/s, Materializing param=gpt_neox.layers.7.input_layernorm.weight]
Loading weights:  32%|###2      | 94/292 [00:01<00:02, 82.90it/s, Materializing param=gpt_neox.layers.7.input_layernorm.weight]
Loading weights:  33%|###2      | 95/292 [00:01<00:02, 82.90it/s, Materializing param=gpt_neox.layers.7.mlp.dense_4h_to_h.bias]
Loading weights:  33%|###2      | 95/292 [00:01<00:02, 82.90it/s, Materializing param=gpt_neox.layers.7.mlp.dense_4h_to_h.bias]
Loading weights:  33%|###2      | 96/292 [00:01<00:02, 82.90it/s, Materializing param=gpt_neox.layers.7.mlp.dense_4h_to_h.weight]
Loading weights:  33%|###2      | 96/292 [00:01<00:02, 82.90it/s, Materializing param=gpt_neox.layers.7.mlp.dense_4h_to_h.weight]
Loading weights:  33%|###3      | 97/292 [00:01<00:01, 124.13it/s, Materializing param=gpt_neox.layers.7.mlp.dense_4h_to_h.weight]
Loading weights:  33%|###3      | 97/292 [00:01<00:01, 124.13it/s, Materializing param=gpt_neox.layers.7.mlp.dense_h_to_4h.bias]  
Loading weights:  33%|###3      | 97/292 [00:01<00:01, 124.13it/s, Materializing param=gpt_neox.layers.7.mlp.dense_h_to_4h.bias]
Loading weights:  34%|###3      | 98/292 [00:01<00:01, 124.13it/s, Materializing param=gpt_neox.layers.7.mlp.dense_h_to_4h.weight]
Loading weights:  34%|###3      | 98/292 [00:01<00:01, 124.13it/s, Materializing param=gpt_neox.layers.7.mlp.dense_h_to_4h.weight]
Loading weights:  34%|###3      | 99/292 [00:01<00:01, 124.13it/s, Materializing param=gpt_neox.layers.7.post_attention_layernorm.bias]
Loading weights:  34%|###3      | 99/292 [00:01<00:01, 124.13it/s, Materializing param=gpt_neox.layers.7.post_attention_layernorm.bias]
Loading weights:  34%|###4      | 100/292 [00:01<00:01, 124.13it/s, Materializing param=gpt_neox.layers.7.post_attention_layernorm.weight]
Loading weights:  34%|###4      | 100/292 [00:01<00:01, 124.13it/s, Materializing param=gpt_neox.layers.7.post_attention_layernorm.weight]
Loading weights:  35%|###4      | 101/292 [00:01<00:01, 124.13it/s, Materializing param=gpt_neox.layers.8.attention.dense.bias]           
Loading weights:  35%|###4      | 101/292 [00:01<00:01, 124.13it/s, Materializing param=gpt_neox.layers.8.attention.dense.bias]
Loading weights:  35%|###4      | 102/292 [00:01<00:01, 124.13it/s, Materializing param=gpt_neox.layers.8.attention.dense.weight]
Loading weights:  35%|###4      | 102/292 [00:01<00:01, 124.13it/s, Materializing param=gpt_neox.layers.8.attention.dense.weight]
Loading weights:  35%|###5      | 103/292 [00:01<00:01, 124.13it/s, Materializing param=gpt_neox.layers.8.attention.query_key_value.bias]
Loading weights:  35%|###5      | 103/292 [00:01<00:01, 124.13it/s, Materializing param=gpt_neox.layers.8.attention.query_key_value.bias]
Loading weights:  36%|###5      | 104/292 [00:01<00:01, 124.13it/s, Materializing param=gpt_neox.layers.8.attention.query_key_value.weight]
Loading weights:  36%|###5      | 104/292 [00:01<00:01, 124.13it/s, Materializing param=gpt_neox.layers.8.attention.query_key_value.weight]
Loading weights:  36%|###5      | 105/292 [00:01<00:01, 124.13it/s, Materializing param=gpt_neox.layers.8.input_layernorm.bias]            
Loading weights:  36%|###5      | 105/292 [00:01<00:01, 124.13it/s, Materializing param=gpt_neox.layers.8.input_layernorm.bias]
Loading weights:  36%|###6      | 106/292 [00:01<00:01, 124.13it/s, Materializing param=gpt_neox.layers.8.input_layernorm.weight]
Loading weights:  36%|###6      | 106/292 [00:01<00:01, 124.13it/s, Materializing param=gpt_neox.layers.8.input_layernorm.weight]
Loading weights:  37%|###6      | 107/292 [00:01<00:01, 124.13it/s, Materializing param=gpt_neox.layers.8.mlp.dense_4h_to_h.bias]
Loading weights:  37%|###6      | 107/292 [00:01<00:01, 124.13it/s, Materializing param=gpt_neox.layers.8.mlp.dense_4h_to_h.bias]
Loading weights:  37%|###6      | 108/292 [00:01<00:01, 124.13it/s, Materializing param=gpt_neox.layers.8.mlp.dense_4h_to_h.weight]
Loading weights:  37%|###6      | 108/292 [00:01<00:01, 124.13it/s, Materializing param=gpt_neox.layers.8.mlp.dense_4h_to_h.weight]
Loading weights:  37%|###7      | 109/292 [00:01<00:01, 124.13it/s, Materializing param=gpt_neox.layers.8.mlp.dense_h_to_4h.bias]  
Loading weights:  37%|###7      | 109/292 [00:01<00:01, 124.13it/s, Materializing param=gpt_neox.layers.8.mlp.dense_h_to_4h.bias]
Loading weights:  38%|###7      | 110/292 [00:01<00:01, 124.13it/s, Materializing param=gpt_neox.layers.8.mlp.dense_h_to_4h.weight]
Loading weights:  38%|###7      | 110/292 [00:01<00:01, 124.13it/s, Materializing param=gpt_neox.layers.8.mlp.dense_h_to_4h.weight]
Loading weights:  38%|###8      | 111/292 [00:01<00:01, 124.13it/s, Materializing param=gpt_neox.layers.8.post_attention_layernorm.bias]
Loading weights:  38%|###8      | 111/292 [00:01<00:01, 124.13it/s, Materializing param=gpt_neox.layers.8.post_attention_layernorm.bias]
Loading weights:  38%|###8      | 112/292 [00:01<00:01, 124.13it/s, Materializing param=gpt_neox.layers.8.post_attention_layernorm.weight]
Loading weights:  38%|###8      | 112/292 [00:01<00:01, 124.13it/s, Materializing param=gpt_neox.layers.8.post_attention_layernorm.weight]
Loading weights:  39%|###8      | 113/292 [00:01<00:01, 124.13it/s, Materializing param=gpt_neox.layers.9.attention.dense.bias]           
Loading weights:  39%|###8      | 113/292 [00:01<00:01, 124.13it/s, Materializing param=gpt_neox.layers.9.attention.dense.bias]
Loading weights:  39%|###9      | 114/292 [00:01<00:01, 124.13it/s, Materializing param=gpt_neox.layers.9.attention.dense.weight]
Loading weights:  39%|###9      | 114/292 [00:01<00:01, 124.13it/s, Materializing param=gpt_neox.layers.9.attention.dense.weight]
Loading weights:  39%|###9      | 115/292 [00:01<00:01, 124.13it/s, Materializing param=gpt_neox.layers.9.attention.query_key_value.bias]
Loading weights:  39%|###9      | 115/292 [00:01<00:01, 124.13it/s, Materializing param=gpt_neox.layers.9.attention.query_key_value.bias]
Loading weights:  40%|###9      | 116/292 [00:01<00:01, 124.13it/s, Materializing param=gpt_neox.layers.9.attention.query_key_value.weight]
Loading weights:  40%|###9      | 116/292 [00:01<00:01, 124.13it/s, Materializing param=gpt_neox.layers.9.attention.query_key_value.weight]
Loading weights:  40%|####      | 117/292 [00:01<00:01, 124.13it/s, Materializing param=gpt_neox.layers.9.input_layernorm.bias]            
Loading weights:  40%|####      | 117/292 [00:01<00:01, 124.13it/s, Materializing param=gpt_neox.layers.9.input_layernorm.bias]
Loading weights:  40%|####      | 118/292 [00:01<00:01, 124.13it/s, Materializing param=gpt_neox.layers.9.input_layernorm.weight]
Loading weights:  40%|####      | 118/292 [00:01<00:01, 124.13it/s, Materializing param=gpt_neox.layers.9.input_layernorm.weight]
Loading weights:  41%|####      | 119/292 [00:01<00:01, 124.13it/s, Materializing param=gpt_neox.layers.9.mlp.dense_4h_to_h.bias]
Loading weights:  41%|####      | 119/292 [00:01<00:01, 124.13it/s, Materializing param=gpt_neox.layers.9.mlp.dense_4h_to_h.bias]
Loading weights:  41%|####1     | 120/292 [00:01<00:01, 124.13it/s, Materializing param=gpt_neox.layers.9.mlp.dense_4h_to_h.weight]
Loading weights:  41%|####1     | 120/292 [00:01<00:01, 124.13it/s, Materializing param=gpt_neox.layers.9.mlp.dense_4h_to_h.weight]
Loading weights:  41%|####1     | 121/292 [00:01<00:01, 124.13it/s, Materializing param=gpt_neox.layers.9.mlp.dense_h_to_4h.bias]  
Loading weights:  41%|####1     | 121/292 [00:01<00:01, 124.13it/s, Materializing param=gpt_neox.layers.9.mlp.dense_h_to_4h.bias]
Loading weights:  42%|####1     | 122/292 [00:01<00:01, 124.13it/s, Materializing param=gpt_neox.layers.9.mlp.dense_h_to_4h.weight]
Loading weights:  42%|####1     | 122/292 [00:01<00:01, 124.13it/s, Materializing param=gpt_neox.layers.9.mlp.dense_h_to_4h.weight]
Loading weights:  42%|####2     | 123/292 [00:01<00:01, 153.16it/s, Materializing param=gpt_neox.layers.9.mlp.dense_h_to_4h.weight]
Loading weights:  42%|####2     | 123/292 [00:01<00:01, 153.16it/s, Materializing param=gpt_neox.layers.9.post_attention_layernorm.bias]
Loading weights:  42%|####2     | 123/292 [00:01<00:01, 153.16it/s, Materializing param=gpt_neox.layers.9.post_attention_layernorm.bias]
Loading weights:  42%|####2     | 124/292 [00:01<00:01, 153.16it/s, Materializing param=gpt_neox.layers.9.post_attention_layernorm.weight]
Loading weights:  42%|####2     | 124/292 [00:01<00:01, 153.16it/s, Materializing param=gpt_neox.layers.9.post_attention_layernorm.weight]
Loading weights:  43%|####2     | 125/292 [00:01<00:01, 153.16it/s, Materializing param=gpt_neox.layers.10.attention.dense.bias]          
Loading weights:  43%|####2     | 125/292 [00:01<00:01, 153.16it/s, Materializing param=gpt_neox.layers.10.attention.dense.bias]
Loading weights:  43%|####3     | 126/292 [00:01<00:01, 153.16it/s, Materializing param=gpt_neox.layers.10.attention.dense.weight]
Loading weights:  43%|####3     | 126/292 [00:01<00:01, 153.16it/s, Materializing param=gpt_neox.layers.10.attention.dense.weight]
Loading weights:  43%|####3     | 127/292 [00:01<00:01, 153.16it/s, Materializing param=gpt_neox.layers.10.attention.query_key_value.bias]
Loading weights:  43%|####3     | 127/292 [00:01<00:01, 153.16it/s, Materializing param=gpt_neox.layers.10.attention.query_key_value.bias]
Loading weights:  44%|####3     | 128/292 [00:01<00:01, 153.16it/s, Materializing param=gpt_neox.layers.10.attention.query_key_value.weight]
Loading weights:  44%|####3     | 128/292 [00:01<00:01, 153.16it/s, Materializing param=gpt_neox.layers.10.attention.query_key_value.weight]
Loading weights:  44%|####4     | 129/292 [00:01<00:01, 153.16it/s, Materializing param=gpt_neox.layers.10.input_layernorm.bias]            
Loading weights:  44%|####4     | 129/292 [00:01<00:01, 153.16it/s, Materializing param=gpt_neox.layers.10.input_layernorm.bias]
Loading weights:  45%|####4     | 130/292 [00:01<00:01, 153.16it/s, Materializing param=gpt_neox.layers.10.input_layernorm.weight]
Loading weights:  45%|####4     | 130/292 [00:01<00:01, 153.16it/s, Materializing param=gpt_neox.layers.10.input_layernorm.weight]
Loading weights:  45%|####4     | 131/292 [00:01<00:01, 153.16it/s, Materializing param=gpt_neox.layers.10.mlp.dense_4h_to_h.bias]
Loading weights:  45%|####4     | 131/292 [00:01<00:01, 153.16it/s, Materializing param=gpt_neox.layers.10.mlp.dense_4h_to_h.bias]
Loading weights:  45%|####5     | 132/292 [00:01<00:01, 153.16it/s, Materializing param=gpt_neox.layers.10.mlp.dense_4h_to_h.weight]
Loading weights:  45%|####5     | 132/292 [00:01<00:01, 153.16it/s, Materializing param=gpt_neox.layers.10.mlp.dense_4h_to_h.weight]
Loading weights:  46%|####5     | 133/292 [00:01<00:01, 153.16it/s, Materializing param=gpt_neox.layers.10.mlp.dense_h_to_4h.bias]  
Loading weights:  46%|####5     | 133/292 [00:01<00:01, 153.16it/s, Materializing param=gpt_neox.layers.10.mlp.dense_h_to_4h.bias]
Loading weights:  46%|####5     | 134/292 [00:01<00:01, 153.16it/s, Materializing param=gpt_neox.layers.10.mlp.dense_h_to_4h.weight]
Loading weights:  46%|####5     | 134/292 [00:01<00:01, 153.16it/s, Materializing param=gpt_neox.layers.10.mlp.dense_h_to_4h.weight]
Loading weights:  46%|####6     | 135/292 [00:01<00:01, 153.16it/s, Materializing param=gpt_neox.layers.10.post_attention_layernorm.bias]
Loading weights:  46%|####6     | 135/292 [00:01<00:01, 153.16it/s, Materializing param=gpt_neox.layers.10.post_attention_layernorm.bias]
Loading weights:  47%|####6     | 136/292 [00:01<00:01, 153.16it/s, Materializing param=gpt_neox.layers.10.post_attention_layernorm.weight]
Loading weights:  47%|####6     | 136/292 [00:01<00:01, 153.16it/s, Materializing param=gpt_neox.layers.10.post_attention_layernorm.weight]
Loading weights:  47%|####6     | 137/292 [00:01<00:01, 153.16it/s, Materializing param=gpt_neox.layers.11.attention.dense.bias]           
Loading weights:  47%|####6     | 137/292 [00:01<00:01, 153.16it/s, Materializing param=gpt_neox.layers.11.attention.dense.bias]
Loading weights:  47%|####7     | 138/292 [00:01<00:01, 153.16it/s, Materializing param=gpt_neox.layers.11.attention.dense.weight]
Loading weights:  47%|####7     | 138/292 [00:01<00:01, 153.16it/s, Materializing param=gpt_neox.layers.11.attention.dense.weight]
Loading weights:  48%|####7     | 139/292 [00:01<00:00, 153.16it/s, Materializing param=gpt_neox.layers.11.attention.query_key_value.bias]
Loading weights:  48%|####7     | 139/292 [00:01<00:00, 153.16it/s, Materializing param=gpt_neox.layers.11.attention.query_key_value.bias]
Loading weights:  48%|####7     | 140/292 [00:01<00:00, 153.16it/s, Materializing param=gpt_neox.layers.11.attention.query_key_value.weight]
Loading weights:  48%|####7     | 140/292 [00:01<00:00, 153.16it/s, Materializing param=gpt_neox.layers.11.attention.query_key_value.weight]
Loading weights:  48%|####8     | 141/292 [00:01<00:00, 153.16it/s, Materializing param=gpt_neox.layers.11.input_layernorm.bias]            
Loading weights:  48%|####8     | 141/292 [00:01<00:00, 153.16it/s, Materializing param=gpt_neox.layers.11.input_layernorm.bias]
Loading weights:  49%|####8     | 142/292 [00:01<00:00, 153.16it/s, Materializing param=gpt_neox.layers.11.input_layernorm.weight]
Loading weights:  49%|####8     | 142/292 [00:01<00:00, 153.16it/s, Materializing param=gpt_neox.layers.11.input_layernorm.weight]
Loading weights:  49%|####8     | 143/292 [00:01<00:00, 153.16it/s, Materializing param=gpt_neox.layers.11.mlp.dense_4h_to_h.bias]
Loading weights:  49%|####8     | 143/292 [00:01<00:00, 153.16it/s, Materializing param=gpt_neox.layers.11.mlp.dense_4h_to_h.bias]
Loading weights:  49%|####9     | 144/292 [00:01<00:00, 153.16it/s, Materializing param=gpt_neox.layers.11.mlp.dense_4h_to_h.weight]
Loading weights:  49%|####9     | 144/292 [00:01<00:00, 153.16it/s, Materializing param=gpt_neox.layers.11.mlp.dense_4h_to_h.weight]
Loading weights:  50%|####9     | 145/292 [00:01<00:00, 153.16it/s, Materializing param=gpt_neox.layers.11.mlp.dense_h_to_4h.bias]  
Loading weights:  50%|####9     | 145/292 [00:01<00:00, 153.16it/s, Materializing param=gpt_neox.layers.11.mlp.dense_h_to_4h.bias]
Loading weights:  50%|#####     | 146/292 [00:01<00:00, 153.16it/s, Materializing param=gpt_neox.layers.11.mlp.dense_h_to_4h.weight]
Loading weights:  50%|#####     | 146/292 [00:01<00:00, 153.16it/s, Materializing param=gpt_neox.layers.11.mlp.dense_h_to_4h.weight]
Loading weights:  50%|#####     | 147/292 [00:01<00:00, 153.16it/s, Materializing param=gpt_neox.layers.11.post_attention_layernorm.bias]
Loading weights:  50%|#####     | 147/292 [00:01<00:00, 153.16it/s, Materializing param=gpt_neox.layers.11.post_attention_layernorm.bias]
Loading weights:  51%|#####     | 148/292 [00:01<00:00, 153.16it/s, Materializing param=gpt_neox.layers.11.post_attention_layernorm.weight]
Loading weights:  51%|#####     | 148/292 [00:01<00:00, 153.16it/s, Materializing param=gpt_neox.layers.11.post_attention_layernorm.weight]
Loading weights:  51%|#####1    | 149/292 [00:01<00:00, 153.16it/s, Materializing param=gpt_neox.layers.12.attention.dense.bias]           
Loading weights:  51%|#####1    | 149/292 [00:01<00:00, 153.16it/s, Materializing param=gpt_neox.layers.12.attention.dense.bias]
Loading weights:  51%|#####1    | 150/292 [00:01<00:00, 153.16it/s, Materializing param=gpt_neox.layers.12.attention.dense.weight]
Loading weights:  51%|#####1    | 150/292 [00:01<00:00, 153.16it/s, Materializing param=gpt_neox.layers.12.attention.dense.weight]
Loading weights:  52%|#####1    | 151/292 [00:01<00:00, 153.16it/s, Materializing param=gpt_neox.layers.12.attention.query_key_value.bias]
Loading weights:  52%|#####1    | 151/292 [00:01<00:00, 153.16it/s, Materializing param=gpt_neox.layers.12.attention.query_key_value.bias]
Loading weights:  52%|#####2    | 152/292 [00:01<00:00, 153.16it/s, Materializing param=gpt_neox.layers.12.attention.query_key_value.weight]
Loading weights:  52%|#####2    | 152/292 [00:01<00:00, 153.16it/s, Materializing param=gpt_neox.layers.12.attention.query_key_value.weight]
Loading weights:  52%|#####2    | 153/292 [00:01<00:00, 153.16it/s, Materializing param=gpt_neox.layers.12.input_layernorm.bias]            
Loading weights:  52%|#####2    | 153/292 [00:01<00:00, 153.16it/s, Materializing param=gpt_neox.layers.12.input_layernorm.bias]
Loading weights:  53%|#####2    | 154/292 [00:01<00:00, 153.16it/s, Materializing param=gpt_neox.layers.12.input_layernorm.weight]
Loading weights:  53%|#####2    | 154/292 [00:01<00:00, 153.16it/s, Materializing param=gpt_neox.layers.12.input_layernorm.weight]
Loading weights:  53%|#####3    | 155/292 [00:01<00:00, 153.16it/s, Materializing param=gpt_neox.layers.12.mlp.dense_4h_to_h.bias]
Loading weights:  53%|#####3    | 155/292 [00:01<00:00, 153.16it/s, Materializing param=gpt_neox.layers.12.mlp.dense_4h_to_h.bias]
Loading weights:  53%|#####3    | 156/292 [00:01<00:00, 153.16it/s, Materializing param=gpt_neox.layers.12.mlp.dense_4h_to_h.weight]
Loading weights:  53%|#####3    | 156/292 [00:01<00:00, 153.16it/s, Materializing param=gpt_neox.layers.12.mlp.dense_4h_to_h.weight]
Loading weights:  54%|#####3    | 157/292 [00:01<00:00, 185.75it/s, Materializing param=gpt_neox.layers.12.mlp.dense_4h_to_h.weight]
Loading weights:  54%|#####3    | 157/292 [00:01<00:00, 185.75it/s, Materializing param=gpt_neox.layers.12.mlp.dense_h_to_4h.bias]  
Loading weights:  54%|#####3    | 157/292 [00:01<00:00, 185.75it/s, Materializing param=gpt_neox.layers.12.mlp.dense_h_to_4h.bias]
Loading weights:  54%|#####4    | 158/292 [00:01<00:00, 185.75it/s, Materializing param=gpt_neox.layers.12.mlp.dense_h_to_4h.weight]
Loading weights:  54%|#####4    | 158/292 [00:01<00:00, 185.75it/s, Materializing param=gpt_neox.layers.12.mlp.dense_h_to_4h.weight]
Loading weights:  54%|#####4    | 159/292 [00:01<00:00, 185.75it/s, Materializing param=gpt_neox.layers.12.post_attention_layernorm.bias]
Loading weights:  54%|#####4    | 159/292 [00:01<00:00, 185.75it/s, Materializing param=gpt_neox.layers.12.post_attention_layernorm.bias]
Loading weights:  55%|#####4    | 160/292 [00:01<00:00, 185.75it/s, Materializing param=gpt_neox.layers.12.post_attention_layernorm.weight]
Loading weights:  55%|#####4    | 160/292 [00:01<00:00, 185.75it/s, Materializing param=gpt_neox.layers.12.post_attention_layernorm.weight]
Loading weights:  55%|#####5    | 161/292 [00:01<00:00, 185.75it/s, Materializing param=gpt_neox.layers.13.attention.dense.bias]           
Loading weights:  55%|#####5    | 161/292 [00:01<00:00, 185.75it/s, Materializing param=gpt_neox.layers.13.attention.dense.bias]
Loading weights:  55%|#####5    | 162/292 [00:01<00:00, 185.75it/s, Materializing param=gpt_neox.layers.13.attention.dense.weight]
Loading weights:  55%|#####5    | 162/292 [00:01<00:00, 185.75it/s, Materializing param=gpt_neox.layers.13.attention.dense.weight]
Loading weights:  56%|#####5    | 163/292 [00:01<00:00, 185.75it/s, Materializing param=gpt_neox.layers.13.attention.query_key_value.bias]
Loading weights:  56%|#####5    | 163/292 [00:01<00:00, 185.75it/s, Materializing param=gpt_neox.layers.13.attention.query_key_value.bias]
Loading weights:  56%|#####6    | 164/292 [00:01<00:00, 185.75it/s, Materializing param=gpt_neox.layers.13.attention.query_key_value.weight]
Loading weights:  56%|#####6    | 164/292 [00:01<00:00, 185.75it/s, Materializing param=gpt_neox.layers.13.attention.query_key_value.weight]
Loading weights:  57%|#####6    | 165/292 [00:01<00:00, 185.75it/s, Materializing param=gpt_neox.layers.13.input_layernorm.bias]            
Loading weights:  57%|#####6    | 165/292 [00:01<00:00, 185.75it/s, Materializing param=gpt_neox.layers.13.input_layernorm.bias]
Loading weights:  57%|#####6    | 166/292 [00:01<00:00, 185.75it/s, Materializing param=gpt_neox.layers.13.input_layernorm.weight]
Loading weights:  57%|#####6    | 166/292 [00:01<00:00, 185.75it/s, Materializing param=gpt_neox.layers.13.input_layernorm.weight]
Loading weights:  57%|#####7    | 167/292 [00:01<00:00, 185.75it/s, Materializing param=gpt_neox.layers.13.mlp.dense_4h_to_h.bias]
Loading weights:  57%|#####7    | 167/292 [00:01<00:00, 185.75it/s, Materializing param=gpt_neox.layers.13.mlp.dense_4h_to_h.bias]
Loading weights:  58%|#####7    | 168/292 [00:01<00:00, 185.75it/s, Materializing param=gpt_neox.layers.13.mlp.dense_4h_to_h.weight]
Loading weights:  58%|#####7    | 168/292 [00:01<00:00, 185.75it/s, Materializing param=gpt_neox.layers.13.mlp.dense_4h_to_h.weight]
Loading weights:  58%|#####7    | 169/292 [00:01<00:00, 185.75it/s, Materializing param=gpt_neox.layers.13.mlp.dense_h_to_4h.bias]  
Loading weights:  58%|#####7    | 169/292 [00:01<00:00, 185.75it/s, Materializing param=gpt_neox.layers.13.mlp.dense_h_to_4h.bias]
Loading weights:  58%|#####8    | 170/292 [00:01<00:00, 185.75it/s, Materializing param=gpt_neox.layers.13.mlp.dense_h_to_4h.weight]
Loading weights:  58%|#####8    | 170/292 [00:01<00:00, 185.75it/s, Materializing param=gpt_neox.layers.13.mlp.dense_h_to_4h.weight]
Loading weights:  59%|#####8    | 171/292 [00:01<00:00, 185.75it/s, Materializing param=gpt_neox.layers.13.post_attention_layernorm.bias]
Loading weights:  59%|#####8    | 171/292 [00:01<00:00, 185.75it/s, Materializing param=gpt_neox.layers.13.post_attention_layernorm.bias]
Loading weights:  59%|#####8    | 172/292 [00:01<00:00, 185.75it/s, Materializing param=gpt_neox.layers.13.post_attention_layernorm.weight]
Loading weights:  59%|#####8    | 172/292 [00:01<00:00, 185.75it/s, Materializing param=gpt_neox.layers.13.post_attention_layernorm.weight]
Loading weights:  59%|#####9    | 173/292 [00:01<00:00, 185.75it/s, Materializing param=gpt_neox.layers.14.attention.dense.bias]           
Loading weights:  59%|#####9    | 173/292 [00:01<00:00, 185.75it/s, Materializing param=gpt_neox.layers.14.attention.dense.bias]
Loading weights:  60%|#####9    | 174/292 [00:01<00:00, 185.75it/s, Materializing param=gpt_neox.layers.14.attention.dense.weight]
Loading weights:  60%|#####9    | 174/292 [00:01<00:00, 185.75it/s, Materializing param=gpt_neox.layers.14.attention.dense.weight]
Loading weights:  60%|#####9    | 175/292 [00:01<00:00, 185.75it/s, Materializing param=gpt_neox.layers.14.attention.query_key_value.bias]
Loading weights:  60%|#####9    | 175/292 [00:01<00:00, 185.75it/s, Materializing param=gpt_neox.layers.14.attention.query_key_value.bias]
Loading weights:  60%|######    | 176/292 [00:01<00:00, 185.75it/s, Materializing param=gpt_neox.layers.14.attention.query_key_value.weight]
Loading weights:  60%|######    | 176/292 [00:01<00:00, 185.75it/s, Materializing param=gpt_neox.layers.14.attention.query_key_value.weight]
Loading weights:  61%|######    | 177/292 [00:01<00:00, 185.75it/s, Materializing param=gpt_neox.layers.14.input_layernorm.bias]            
Loading weights:  61%|######    | 177/292 [00:01<00:00, 185.75it/s, Materializing param=gpt_neox.layers.14.input_layernorm.bias]
Loading weights:  61%|######    | 178/292 [00:01<00:00, 185.75it/s, Materializing param=gpt_neox.layers.14.input_layernorm.weight]
Loading weights:  61%|######    | 178/292 [00:01<00:00, 185.75it/s, Materializing param=gpt_neox.layers.14.input_layernorm.weight]
Loading weights:  61%|######1   | 179/292 [00:01<00:00, 170.71it/s, Materializing param=gpt_neox.layers.14.input_layernorm.weight]
Loading weights:  61%|######1   | 179/292 [00:01<00:00, 170.71it/s, Materializing param=gpt_neox.layers.14.mlp.dense_4h_to_h.bias]
Loading weights:  61%|######1   | 179/292 [00:01<00:00, 170.71it/s, Materializing param=gpt_neox.layers.14.mlp.dense_4h_to_h.bias]
Loading weights:  62%|######1   | 180/292 [00:01<00:00, 170.71it/s, Materializing param=gpt_neox.layers.14.mlp.dense_4h_to_h.weight]
Loading weights:  62%|######1   | 180/292 [00:01<00:00, 170.71it/s, Materializing param=gpt_neox.layers.14.mlp.dense_4h_to_h.weight]
Loading weights:  62%|######1   | 181/292 [00:01<00:00, 170.71it/s, Materializing param=gpt_neox.layers.14.mlp.dense_h_to_4h.bias]  
Loading weights:  62%|######1   | 181/292 [00:01<00:00, 170.71it/s, Materializing param=gpt_neox.layers.14.mlp.dense_h_to_4h.bias]
Loading weights:  62%|######2   | 182/292 [00:01<00:00, 170.71it/s, Materializing param=gpt_neox.layers.14.mlp.dense_h_to_4h.weight]
Loading weights:  62%|######2   | 182/292 [00:01<00:00, 170.71it/s, Materializing param=gpt_neox.layers.14.mlp.dense_h_to_4h.weight]
Loading weights:  63%|######2   | 183/292 [00:01<00:00, 170.71it/s, Materializing param=gpt_neox.layers.14.post_attention_layernorm.bias]
Loading weights:  63%|######2   | 183/292 [00:01<00:00, 170.71it/s, Materializing param=gpt_neox.layers.14.post_attention_layernorm.bias]
Loading weights:  63%|######3   | 184/292 [00:01<00:00, 170.71it/s, Materializing param=gpt_neox.layers.14.post_attention_layernorm.weight]
Loading weights:  63%|######3   | 184/292 [00:01<00:00, 170.71it/s, Materializing param=gpt_neox.layers.14.post_attention_layernorm.weight]
Loading weights:  63%|######3   | 185/292 [00:01<00:00, 170.71it/s, Materializing param=gpt_neox.layers.15.attention.dense.bias]           
Loading weights:  63%|######3   | 185/292 [00:01<00:00, 170.71it/s, Materializing param=gpt_neox.layers.15.attention.dense.bias]
Loading weights:  64%|######3   | 186/292 [00:01<00:00, 170.71it/s, Materializing param=gpt_neox.layers.15.attention.dense.weight]
Loading weights:  64%|######3   | 186/292 [00:01<00:00, 170.71it/s, Materializing param=gpt_neox.layers.15.attention.dense.weight]
Loading weights:  64%|######4   | 187/292 [00:01<00:00, 170.71it/s, Materializing param=gpt_neox.layers.15.attention.query_key_value.bias]
Loading weights:  64%|######4   | 187/292 [00:01<00:00, 170.71it/s, Materializing param=gpt_neox.layers.15.attention.query_key_value.bias]
Loading weights:  64%|######4   | 188/292 [00:01<00:00, 170.71it/s, Materializing param=gpt_neox.layers.15.attention.query_key_value.weight]
Loading weights:  64%|######4   | 188/292 [00:01<00:00, 170.71it/s, Materializing param=gpt_neox.layers.15.attention.query_key_value.weight]
Loading weights:  65%|######4   | 189/292 [00:01<00:00, 170.71it/s, Materializing param=gpt_neox.layers.15.input_layernorm.bias]            
Loading weights:  65%|######4   | 189/292 [00:01<00:00, 170.71it/s, Materializing param=gpt_neox.layers.15.input_layernorm.bias]
Loading weights:  65%|######5   | 190/292 [00:01<00:00, 170.71it/s, Materializing param=gpt_neox.layers.15.input_layernorm.weight]
Loading weights:  65%|######5   | 190/292 [00:01<00:00, 170.71it/s, Materializing param=gpt_neox.layers.15.input_layernorm.weight]
Loading weights:  65%|######5   | 191/292 [00:01<00:00, 170.71it/s, Materializing param=gpt_neox.layers.15.mlp.dense_4h_to_h.bias]
Loading weights:  65%|######5   | 191/292 [00:01<00:00, 170.71it/s, Materializing param=gpt_neox.layers.15.mlp.dense_4h_to_h.bias]
Loading weights:  66%|######5   | 192/292 [00:01<00:00, 170.71it/s, Materializing param=gpt_neox.layers.15.mlp.dense_4h_to_h.weight]
Loading weights:  66%|######5   | 192/292 [00:01<00:00, 170.71it/s, Materializing param=gpt_neox.layers.15.mlp.dense_4h_to_h.weight]
Loading weights:  66%|######6   | 193/292 [00:01<00:00, 170.71it/s, Materializing param=gpt_neox.layers.15.mlp.dense_h_to_4h.bias]  
Loading weights:  66%|######6   | 193/292 [00:01<00:00, 170.71it/s, Materializing param=gpt_neox.layers.15.mlp.dense_h_to_4h.bias]
Loading weights:  66%|######6   | 194/292 [00:01<00:00, 170.71it/s, Materializing param=gpt_neox.layers.15.mlp.dense_h_to_4h.weight]
Loading weights:  66%|######6   | 194/292 [00:01<00:00, 170.71it/s, Materializing param=gpt_neox.layers.15.mlp.dense_h_to_4h.weight]
Loading weights:  67%|######6   | 195/292 [00:01<00:00, 170.71it/s, Materializing param=gpt_neox.layers.15.post_attention_layernorm.bias]
Loading weights:  67%|######6   | 195/292 [00:01<00:00, 170.71it/s, Materializing param=gpt_neox.layers.15.post_attention_layernorm.bias]
Loading weights:  67%|######7   | 196/292 [00:01<00:00, 170.71it/s, Materializing param=gpt_neox.layers.15.post_attention_layernorm.weight]
Loading weights:  67%|######7   | 196/292 [00:01<00:00, 170.71it/s, Materializing param=gpt_neox.layers.15.post_attention_layernorm.weight]
Loading weights:  67%|######7   | 197/292 [00:01<00:00, 170.71it/s, Materializing param=gpt_neox.layers.16.attention.dense.bias]           
Loading weights:  67%|######7   | 197/292 [00:01<00:00, 170.71it/s, Materializing param=gpt_neox.layers.16.attention.dense.bias]
Loading weights:  68%|######7   | 198/292 [00:01<00:00, 170.71it/s, Materializing param=gpt_neox.layers.16.attention.dense.weight]
Loading weights:  68%|######7   | 198/292 [00:01<00:00, 170.71it/s, Materializing param=gpt_neox.layers.16.attention.dense.weight]
Loading weights:  68%|######8   | 199/292 [00:01<00:00, 144.68it/s, Materializing param=gpt_neox.layers.16.attention.dense.weight]
Loading weights:  68%|######8   | 199/292 [00:01<00:00, 144.68it/s, Materializing param=gpt_neox.layers.16.attention.query_key_value.bias]
Loading weights:  68%|######8   | 199/292 [00:01<00:00, 144.68it/s, Materializing param=gpt_neox.layers.16.attention.query_key_value.bias]
Loading weights:  68%|######8   | 200/292 [00:01<00:00, 144.68it/s, Materializing param=gpt_neox.layers.16.attention.query_key_value.weight]
Loading weights:  68%|######8   | 200/292 [00:01<00:00, 144.68it/s, Materializing param=gpt_neox.layers.16.attention.query_key_value.weight]
Loading weights:  69%|######8   | 201/292 [00:01<00:00, 144.68it/s, Materializing param=gpt_neox.layers.16.input_layernorm.bias]            
Loading weights:  69%|######8   | 201/292 [00:01<00:00, 144.68it/s, Materializing param=gpt_neox.layers.16.input_layernorm.bias]
Loading weights:  69%|######9   | 202/292 [00:01<00:00, 144.68it/s, Materializing param=gpt_neox.layers.16.input_layernorm.weight]
Loading weights:  69%|######9   | 202/292 [00:01<00:00, 144.68it/s, Materializing param=gpt_neox.layers.16.input_layernorm.weight]
Loading weights:  70%|######9   | 203/292 [00:01<00:00, 144.68it/s, Materializing param=gpt_neox.layers.16.mlp.dense_4h_to_h.bias]
Loading weights:  70%|######9   | 203/292 [00:01<00:00, 144.68it/s, Materializing param=gpt_neox.layers.16.mlp.dense_4h_to_h.bias]
Loading weights:  70%|######9   | 204/292 [00:01<00:00, 144.68it/s, Materializing param=gpt_neox.layers.16.mlp.dense_4h_to_h.weight]
Loading weights:  70%|######9   | 204/292 [00:01<00:00, 144.68it/s, Materializing param=gpt_neox.layers.16.mlp.dense_4h_to_h.weight]
Loading weights:  70%|#######   | 205/292 [00:01<00:00, 144.68it/s, Materializing param=gpt_neox.layers.16.mlp.dense_h_to_4h.bias]  
Loading weights:  70%|#######   | 205/292 [00:01<00:00, 144.68it/s, Materializing param=gpt_neox.layers.16.mlp.dense_h_to_4h.bias]
Loading weights:  71%|#######   | 206/292 [00:01<00:00, 144.68it/s, Materializing param=gpt_neox.layers.16.mlp.dense_h_to_4h.weight]
Loading weights:  71%|#######   | 206/292 [00:01<00:00, 144.68it/s, Materializing param=gpt_neox.layers.16.mlp.dense_h_to_4h.weight]
Loading weights:  71%|#######   | 207/292 [00:01<00:00, 144.68it/s, Materializing param=gpt_neox.layers.16.post_attention_layernorm.bias]
Loading weights:  71%|#######   | 207/292 [00:01<00:00, 144.68it/s, Materializing param=gpt_neox.layers.16.post_attention_layernorm.bias]
Loading weights:  71%|#######1  | 208/292 [00:01<00:00, 144.68it/s, Materializing param=gpt_neox.layers.16.post_attention_layernorm.weight]
Loading weights:  71%|#######1  | 208/292 [00:01<00:00, 144.68it/s, Materializing param=gpt_neox.layers.16.post_attention_layernorm.weight]
Loading weights:  72%|#######1  | 209/292 [00:01<00:00, 144.68it/s, Materializing param=gpt_neox.layers.17.attention.dense.bias]           
Loading weights:  72%|#######1  | 209/292 [00:01<00:00, 144.68it/s, Materializing param=gpt_neox.layers.17.attention.dense.bias]
Loading weights:  72%|#######1  | 210/292 [00:01<00:00, 144.68it/s, Materializing param=gpt_neox.layers.17.attention.dense.weight]
Loading weights:  72%|#######1  | 210/292 [00:01<00:00, 144.68it/s, Materializing param=gpt_neox.layers.17.attention.dense.weight]
Loading weights:  72%|#######2  | 211/292 [00:02<00:00, 144.68it/s, Materializing param=gpt_neox.layers.17.attention.query_key_value.bias]
Loading weights:  72%|#######2  | 211/292 [00:02<00:00, 144.68it/s, Materializing param=gpt_neox.layers.17.attention.query_key_value.bias]
Loading weights:  73%|#######2  | 212/292 [00:02<00:00, 144.68it/s, Materializing param=gpt_neox.layers.17.attention.query_key_value.weight]
Loading weights:  73%|#######2  | 212/292 [00:02<00:00, 144.68it/s, Materializing param=gpt_neox.layers.17.attention.query_key_value.weight]
Loading weights:  73%|#######2  | 213/292 [00:02<00:00, 144.68it/s, Materializing param=gpt_neox.layers.17.input_layernorm.bias]            
Loading weights:  73%|#######2  | 213/292 [00:02<00:00, 144.68it/s, Materializing param=gpt_neox.layers.17.input_layernorm.bias]
Loading weights:  73%|#######3  | 214/292 [00:02<00:00, 144.68it/s, Materializing param=gpt_neox.layers.17.input_layernorm.weight]
Loading weights:  73%|#######3  | 214/292 [00:02<00:00, 144.68it/s, Materializing param=gpt_neox.layers.17.input_layernorm.weight]
Loading weights:  74%|#######3  | 215/292 [00:02<00:00, 144.68it/s, Materializing param=gpt_neox.layers.17.mlp.dense_4h_to_h.bias]
Loading weights:  74%|#######3  | 215/292 [00:02<00:00, 144.68it/s, Materializing param=gpt_neox.layers.17.mlp.dense_4h_to_h.bias]
Loading weights:  74%|#######3  | 216/292 [00:02<00:00, 125.63it/s, Materializing param=gpt_neox.layers.17.mlp.dense_4h_to_h.bias]
Loading weights:  74%|#######3  | 216/292 [00:02<00:00, 125.63it/s, Materializing param=gpt_neox.layers.17.mlp.dense_4h_to_h.weight]
Loading weights:  74%|#######3  | 216/292 [00:02<00:00, 125.63it/s, Materializing param=gpt_neox.layers.17.mlp.dense_4h_to_h.weight]
Loading weights:  74%|#######4  | 217/292 [00:02<00:00, 125.63it/s, Materializing param=gpt_neox.layers.17.mlp.dense_h_to_4h.bias]  
Loading weights:  74%|#######4  | 217/292 [00:02<00:00, 125.63it/s, Materializing param=gpt_neox.layers.17.mlp.dense_h_to_4h.bias]
Loading weights:  75%|#######4  | 218/292 [00:02<00:00, 125.63it/s, Materializing param=gpt_neox.layers.17.mlp.dense_h_to_4h.weight]
Loading weights:  75%|#######4  | 218/292 [00:02<00:00, 125.63it/s, Materializing param=gpt_neox.layers.17.mlp.dense_h_to_4h.weight]
Loading weights:  75%|#######5  | 219/292 [00:02<00:00, 125.63it/s, Materializing param=gpt_neox.layers.17.post_attention_layernorm.bias]
Loading weights:  75%|#######5  | 219/292 [00:02<00:00, 125.63it/s, Materializing param=gpt_neox.layers.17.post_attention_layernorm.bias]
Loading weights:  75%|#######5  | 220/292 [00:02<00:00, 125.63it/s, Materializing param=gpt_neox.layers.17.post_attention_layernorm.weight]
Loading weights:  75%|#######5  | 220/292 [00:02<00:00, 125.63it/s, Materializing param=gpt_neox.layers.17.post_attention_layernorm.weight]
Loading weights:  76%|#######5  | 221/292 [00:02<00:00, 125.63it/s, Materializing param=gpt_neox.layers.18.attention.dense.bias]           
Loading weights:  76%|#######5  | 221/292 [00:02<00:00, 125.63it/s, Materializing param=gpt_neox.layers.18.attention.dense.bias]
Loading weights:  76%|#######6  | 222/292 [00:02<00:00, 125.63it/s, Materializing param=gpt_neox.layers.18.attention.dense.weight]
Loading weights:  76%|#######6  | 222/292 [00:02<00:00, 125.63it/s, Materializing param=gpt_neox.layers.18.attention.dense.weight]
Loading weights:  76%|#######6  | 223/292 [00:02<00:00, 125.63it/s, Materializing param=gpt_neox.layers.18.attention.query_key_value.bias]
Loading weights:  76%|#######6  | 223/292 [00:02<00:00, 125.63it/s, Materializing param=gpt_neox.layers.18.attention.query_key_value.bias]
Loading weights:  77%|#######6  | 224/292 [00:02<00:00, 125.63it/s, Materializing param=gpt_neox.layers.18.attention.query_key_value.weight]
Loading weights:  77%|#######6  | 224/292 [00:02<00:00, 125.63it/s, Materializing param=gpt_neox.layers.18.attention.query_key_value.weight]
Loading weights:  77%|#######7  | 225/292 [00:02<00:00, 125.63it/s, Materializing param=gpt_neox.layers.18.input_layernorm.bias]            
Loading weights:  77%|#######7  | 225/292 [00:02<00:00, 125.63it/s, Materializing param=gpt_neox.layers.18.input_layernorm.bias]
Loading weights:  77%|#######7  | 226/292 [00:02<00:00, 125.63it/s, Materializing param=gpt_neox.layers.18.input_layernorm.weight]
Loading weights:  77%|#######7  | 226/292 [00:02<00:00, 125.63it/s, Materializing param=gpt_neox.layers.18.input_layernorm.weight]
Loading weights:  78%|#######7  | 227/292 [00:02<00:00, 125.63it/s, Materializing param=gpt_neox.layers.18.mlp.dense_4h_to_h.bias]
Loading weights:  78%|#######7  | 227/292 [00:02<00:00, 125.63it/s, Materializing param=gpt_neox.layers.18.mlp.dense_4h_to_h.bias]
Loading weights:  78%|#######8  | 228/292 [00:02<00:00, 125.63it/s, Materializing param=gpt_neox.layers.18.mlp.dense_4h_to_h.weight]
Loading weights:  78%|#######8  | 228/292 [00:02<00:00, 125.63it/s, Materializing param=gpt_neox.layers.18.mlp.dense_4h_to_h.weight]
Loading weights:  78%|#######8  | 229/292 [00:02<00:00, 125.63it/s, Materializing param=gpt_neox.layers.18.mlp.dense_h_to_4h.bias]  
Loading weights:  78%|#######8  | 229/292 [00:02<00:00, 125.63it/s, Materializing param=gpt_neox.layers.18.mlp.dense_h_to_4h.bias]
Loading weights:  79%|#######8  | 230/292 [00:02<00:00, 125.63it/s, Materializing param=gpt_neox.layers.18.mlp.dense_h_to_4h.weight]
Loading weights:  79%|#######8  | 230/292 [00:02<00:00, 125.63it/s, Materializing param=gpt_neox.layers.18.mlp.dense_h_to_4h.weight]
Loading weights:  79%|#######9  | 231/292 [00:02<00:00, 78.43it/s, Materializing param=gpt_neox.layers.18.mlp.dense_h_to_4h.weight] 
Loading weights:  79%|#######9  | 231/292 [00:02<00:00, 78.43it/s, Materializing param=gpt_neox.layers.18.post_attention_layernorm.bias]
Loading weights:  79%|#######9  | 231/292 [00:02<00:00, 78.43it/s, Materializing param=gpt_neox.layers.18.post_attention_layernorm.bias]
Loading weights:  79%|#######9  | 232/292 [00:02<00:00, 78.43it/s, Materializing param=gpt_neox.layers.18.post_attention_layernorm.weight]
Loading weights:  79%|#######9  | 232/292 [00:02<00:00, 78.43it/s, Materializing param=gpt_neox.layers.18.post_attention_layernorm.weight]
Loading weights:  80%|#######9  | 233/292 [00:02<00:00, 78.43it/s, Materializing param=gpt_neox.layers.19.attention.dense.bias]           
Loading weights:  80%|#######9  | 233/292 [00:02<00:00, 78.43it/s, Materializing param=gpt_neox.layers.19.attention.dense.bias]
Loading weights:  80%|########  | 234/292 [00:02<00:00, 78.43it/s, Materializing param=gpt_neox.layers.19.attention.dense.weight]
Loading weights:  80%|########  | 234/292 [00:02<00:00, 78.43it/s, Materializing param=gpt_neox.layers.19.attention.dense.weight]
Loading weights:  80%|########  | 235/292 [00:02<00:00, 78.43it/s, Materializing param=gpt_neox.layers.19.attention.query_key_value.bias]
Loading weights:  80%|########  | 235/292 [00:02<00:00, 78.43it/s, Materializing param=gpt_neox.layers.19.attention.query_key_value.bias]
Loading weights:  81%|########  | 236/292 [00:02<00:00, 78.43it/s, Materializing param=gpt_neox.layers.19.attention.query_key_value.weight]
Loading weights:  81%|########  | 236/292 [00:02<00:00, 78.43it/s, Materializing param=gpt_neox.layers.19.attention.query_key_value.weight]
Loading weights:  81%|########1 | 237/292 [00:02<00:00, 78.43it/s, Materializing param=gpt_neox.layers.19.input_layernorm.bias]            
Loading weights:  81%|########1 | 237/292 [00:02<00:00, 78.43it/s, Materializing param=gpt_neox.layers.19.input_layernorm.bias]
Loading weights:  82%|########1 | 238/292 [00:02<00:00, 78.43it/s, Materializing param=gpt_neox.layers.19.input_layernorm.weight]
Loading weights:  82%|########1 | 238/292 [00:02<00:00, 78.43it/s, Materializing param=gpt_neox.layers.19.input_layernorm.weight]
Loading weights:  82%|########1 | 239/292 [00:02<00:00, 78.43it/s, Materializing param=gpt_neox.layers.19.mlp.dense_4h_to_h.bias]
Loading weights:  82%|########1 | 239/292 [00:02<00:00, 78.43it/s, Materializing param=gpt_neox.layers.19.mlp.dense_4h_to_h.bias]
Loading weights:  82%|########2 | 240/292 [00:02<00:00, 78.43it/s, Materializing param=gpt_neox.layers.19.mlp.dense_4h_to_h.weight]
Loading weights:  82%|########2 | 240/292 [00:02<00:00, 78.43it/s, Materializing param=gpt_neox.layers.19.mlp.dense_4h_to_h.weight]
Loading weights:  83%|########2 | 241/292 [00:02<00:00, 78.43it/s, Materializing param=gpt_neox.layers.19.mlp.dense_h_to_4h.bias]  
Loading weights:  83%|########2 | 241/292 [00:02<00:00, 78.43it/s, Materializing param=gpt_neox.layers.19.mlp.dense_h_to_4h.bias]
Loading weights:  83%|########2 | 242/292 [00:02<00:00, 82.64it/s, Materializing param=gpt_neox.layers.19.mlp.dense_h_to_4h.bias]
Loading weights:  83%|########2 | 242/292 [00:02<00:00, 82.64it/s, Materializing param=gpt_neox.layers.19.mlp.dense_h_to_4h.weight]
Loading weights:  83%|########2 | 242/292 [00:02<00:00, 82.64it/s, Materializing param=gpt_neox.layers.19.mlp.dense_h_to_4h.weight]
Loading weights:  83%|########3 | 243/292 [00:02<00:00, 82.64it/s, Materializing param=gpt_neox.layers.19.post_attention_layernorm.bias]
Loading weights:  83%|########3 | 243/292 [00:02<00:00, 82.64it/s, Materializing param=gpt_neox.layers.19.post_attention_layernorm.bias]
Loading weights:  84%|########3 | 244/292 [00:02<00:00, 82.64it/s, Materializing param=gpt_neox.layers.19.post_attention_layernorm.weight]
Loading weights:  84%|########3 | 244/292 [00:02<00:00, 82.64it/s, Materializing param=gpt_neox.layers.19.post_attention_layernorm.weight]
Loading weights:  84%|########3 | 245/292 [00:02<00:00, 82.64it/s, Materializing param=gpt_neox.layers.20.attention.dense.bias]           
Loading weights:  84%|########3 | 245/292 [00:02<00:00, 82.64it/s, Materializing param=gpt_neox.layers.20.attention.dense.bias]
Loading weights:  84%|########4 | 246/292 [00:02<00:00, 82.64it/s, Materializing param=gpt_neox.layers.20.attention.dense.weight]
Loading weights:  84%|########4 | 246/292 [00:02<00:00, 82.64it/s, Materializing param=gpt_neox.layers.20.attention.dense.weight]
Loading weights:  85%|########4 | 247/292 [00:02<00:00, 82.64it/s, Materializing param=gpt_neox.layers.20.attention.query_key_value.bias]
Loading weights:  85%|########4 | 247/292 [00:02<00:00, 82.64it/s, Materializing param=gpt_neox.layers.20.attention.query_key_value.bias]
Loading weights:  85%|########4 | 248/292 [00:02<00:00, 82.64it/s, Materializing param=gpt_neox.layers.20.attention.query_key_value.weight]
Loading weights:  85%|########4 | 248/292 [00:02<00:00, 82.64it/s, Materializing param=gpt_neox.layers.20.attention.query_key_value.weight]
Loading weights:  85%|########5 | 249/292 [00:02<00:00, 82.64it/s, Materializing param=gpt_neox.layers.20.input_layernorm.bias]            
Loading weights:  85%|########5 | 249/292 [00:02<00:00, 82.64it/s, Materializing param=gpt_neox.layers.20.input_layernorm.bias]
Loading weights:  86%|########5 | 250/292 [00:02<00:00, 82.64it/s, Materializing param=gpt_neox.layers.20.input_layernorm.weight]
Loading weights:  86%|########5 | 250/292 [00:02<00:00, 82.64it/s, Materializing param=gpt_neox.layers.20.input_layernorm.weight]
Loading weights:  86%|########5 | 251/292 [00:02<00:00, 82.64it/s, Materializing param=gpt_neox.layers.20.mlp.dense_4h_to_h.bias]
Loading weights:  86%|########5 | 251/292 [00:02<00:00, 82.64it/s, Materializing param=gpt_neox.layers.20.mlp.dense_4h_to_h.bias]
Loading weights:  86%|########6 | 252/292 [00:02<00:00, 82.64it/s, Materializing param=gpt_neox.layers.20.mlp.dense_4h_to_h.weight]
Loading weights:  86%|########6 | 252/292 [00:02<00:00, 82.64it/s, Materializing param=gpt_neox.layers.20.mlp.dense_4h_to_h.weight]
Loading weights:  87%|########6 | 253/292 [00:02<00:00, 67.39it/s, Materializing param=gpt_neox.layers.20.mlp.dense_4h_to_h.weight]
Loading weights:  87%|########6 | 253/292 [00:02<00:00, 67.39it/s, Materializing param=gpt_neox.layers.20.mlp.dense_h_to_4h.bias]  
Loading weights:  87%|########6 | 253/292 [00:02<00:00, 67.39it/s, Materializing param=gpt_neox.layers.20.mlp.dense_h_to_4h.bias]
Loading weights:  87%|########6 | 254/292 [00:02<00:00, 67.39it/s, Materializing param=gpt_neox.layers.20.mlp.dense_h_to_4h.weight]
Loading weights:  87%|########6 | 254/292 [00:02<00:00, 67.39it/s, Materializing param=gpt_neox.layers.20.mlp.dense_h_to_4h.weight]
Loading weights:  87%|########7 | 255/292 [00:02<00:00, 67.39it/s, Materializing param=gpt_neox.layers.20.post_attention_layernorm.bias]
Loading weights:  87%|########7 | 255/292 [00:02<00:00, 67.39it/s, Materializing param=gpt_neox.layers.20.post_attention_layernorm.bias]
Loading weights:  88%|########7 | 256/292 [00:02<00:00, 67.39it/s, Materializing param=gpt_neox.layers.20.post_attention_layernorm.weight]
Loading weights:  88%|########7 | 256/292 [00:02<00:00, 67.39it/s, Materializing param=gpt_neox.layers.20.post_attention_layernorm.weight]
Loading weights:  88%|########8 | 257/292 [00:02<00:00, 67.39it/s, Materializing param=gpt_neox.layers.21.attention.dense.bias]           
Loading weights:  88%|########8 | 257/292 [00:02<00:00, 67.39it/s, Materializing param=gpt_neox.layers.21.attention.dense.bias]
Loading weights:  88%|########8 | 258/292 [00:02<00:00, 67.39it/s, Materializing param=gpt_neox.layers.21.attention.dense.weight]
Loading weights:  88%|########8 | 258/292 [00:02<00:00, 67.39it/s, Materializing param=gpt_neox.layers.21.attention.dense.weight]
Loading weights:  89%|########8 | 259/292 [00:02<00:00, 67.39it/s, Materializing param=gpt_neox.layers.21.attention.query_key_value.bias]
Loading weights:  89%|########8 | 259/292 [00:02<00:00, 67.39it/s, Materializing param=gpt_neox.layers.21.attention.query_key_value.bias]
Loading weights:  89%|########9 | 260/292 [00:02<00:00, 67.39it/s, Materializing param=gpt_neox.layers.21.attention.query_key_value.weight]
Loading weights:  89%|########9 | 260/292 [00:02<00:00, 67.39it/s, Materializing param=gpt_neox.layers.21.attention.query_key_value.weight]
Loading weights:  89%|########9 | 261/292 [00:02<00:00, 67.39it/s, Materializing param=gpt_neox.layers.21.input_layernorm.bias]            
Loading weights:  89%|########9 | 261/292 [00:02<00:00, 67.39it/s, Materializing param=gpt_neox.layers.21.input_layernorm.bias]
Loading weights:  90%|########9 | 262/292 [00:02<00:00, 67.39it/s, Materializing param=gpt_neox.layers.21.input_layernorm.weight]
Loading weights:  90%|########9 | 262/292 [00:02<00:00, 67.39it/s, Materializing param=gpt_neox.layers.21.input_layernorm.weight]
Loading weights:  90%|######### | 263/292 [00:02<00:00, 67.39it/s, Materializing param=gpt_neox.layers.21.mlp.dense_4h_to_h.bias]
Loading weights:  90%|######### | 263/292 [00:02<00:00, 67.39it/s, Materializing param=gpt_neox.layers.21.mlp.dense_4h_to_h.bias]
Loading weights:  90%|######### | 264/292 [00:02<00:00, 67.39it/s, Materializing param=gpt_neox.layers.21.mlp.dense_4h_to_h.weight]
Loading weights:  90%|######### | 264/292 [00:02<00:00, 67.39it/s, Materializing param=gpt_neox.layers.21.mlp.dense_4h_to_h.weight]
Loading weights:  91%|######### | 265/292 [00:03<00:00, 64.37it/s, Materializing param=gpt_neox.layers.21.mlp.dense_4h_to_h.weight]
Loading weights:  91%|######### | 265/292 [00:03<00:00, 64.37it/s, Materializing param=gpt_neox.layers.21.mlp.dense_h_to_4h.bias]  
Loading weights:  91%|######### | 265/292 [00:03<00:00, 64.37it/s, Materializing param=gpt_neox.layers.21.mlp.dense_h_to_4h.bias]
Loading weights:  91%|#########1| 266/292 [00:03<00:00, 64.37it/s, Materializing param=gpt_neox.layers.21.mlp.dense_h_to_4h.weight]
Loading weights:  91%|#########1| 266/292 [00:03<00:00, 64.37it/s, Materializing param=gpt_neox.layers.21.mlp.dense_h_to_4h.weight]
Loading weights:  91%|#########1| 267/292 [00:03<00:00, 64.37it/s, Materializing param=gpt_neox.layers.21.post_attention_layernorm.bias]
Loading weights:  91%|#########1| 267/292 [00:03<00:00, 64.37it/s, Materializing param=gpt_neox.layers.21.post_attention_layernorm.bias]
Loading weights:  92%|#########1| 268/292 [00:03<00:00, 64.37it/s, Materializing param=gpt_neox.layers.21.post_attention_layernorm.weight]
Loading weights:  92%|#########1| 268/292 [00:03<00:00, 64.37it/s, Materializing param=gpt_neox.layers.21.post_attention_layernorm.weight]
Loading weights:  92%|#########2| 269/292 [00:03<00:00, 64.37it/s, Materializing param=gpt_neox.layers.22.attention.dense.bias]           
Loading weights:  92%|#########2| 269/292 [00:03<00:00, 64.37it/s, Materializing param=gpt_neox.layers.22.attention.dense.bias]
Loading weights:  92%|#########2| 270/292 [00:03<00:00, 64.37it/s, Materializing param=gpt_neox.layers.22.attention.dense.weight]
Loading weights:  92%|#########2| 270/292 [00:03<00:00, 64.37it/s, Materializing param=gpt_neox.layers.22.attention.dense.weight]
Loading weights:  93%|#########2| 271/292 [00:03<00:00, 64.37it/s, Materializing param=gpt_neox.layers.22.attention.query_key_value.bias]
Loading weights:  93%|#########2| 271/292 [00:03<00:00, 64.37it/s, Materializing param=gpt_neox.layers.22.attention.query_key_value.bias]
Loading weights:  93%|#########3| 272/292 [00:03<00:00, 64.37it/s, Materializing param=gpt_neox.layers.22.attention.query_key_value.weight]
Loading weights:  93%|#########3| 272/292 [00:03<00:00, 64.37it/s, Materializing param=gpt_neox.layers.22.attention.query_key_value.weight]
Loading weights:  93%|#########3| 273/292 [00:03<00:00, 55.38it/s, Materializing param=gpt_neox.layers.22.attention.query_key_value.weight]
Loading weights:  93%|#########3| 273/292 [00:03<00:00, 55.38it/s, Materializing param=gpt_neox.layers.22.input_layernorm.bias]            
Loading weights:  93%|#########3| 273/292 [00:03<00:00, 55.38it/s, Materializing param=gpt_neox.layers.22.input_layernorm.bias]
Loading weights:  94%|#########3| 274/292 [00:03<00:00, 55.38it/s, Materializing param=gpt_neox.layers.22.input_layernorm.weight]
Loading weights:  94%|#########3| 274/292 [00:03<00:00, 55.38it/s, Materializing param=gpt_neox.layers.22.input_layernorm.weight]
Loading weights:  94%|#########4| 275/292 [00:03<00:00, 55.38it/s, Materializing param=gpt_neox.layers.22.mlp.dense_4h_to_h.bias]
Loading weights:  94%|#########4| 275/292 [00:03<00:00, 55.38it/s, Materializing param=gpt_neox.layers.22.mlp.dense_4h_to_h.bias]
Loading weights:  95%|#########4| 276/292 [00:03<00:00, 55.38it/s, Materializing param=gpt_neox.layers.22.mlp.dense_4h_to_h.weight]
Loading weights:  95%|#########4| 276/292 [00:03<00:00, 55.38it/s, Materializing param=gpt_neox.layers.22.mlp.dense_4h_to_h.weight]
Loading weights:  95%|#########4| 277/292 [00:03<00:00, 55.38it/s, Materializing param=gpt_neox.layers.22.mlp.dense_h_to_4h.bias]  
Loading weights:  95%|#########4| 277/292 [00:03<00:00, 55.38it/s, Materializing param=gpt_neox.layers.22.mlp.dense_h_to_4h.bias]
Loading weights:  95%|#########5| 278/292 [00:03<00:00, 55.38it/s, Materializing param=gpt_neox.layers.22.mlp.dense_h_to_4h.weight]
Loading weights:  95%|#########5| 278/292 [00:03<00:00, 55.38it/s, Materializing param=gpt_neox.layers.22.mlp.dense_h_to_4h.weight]
Loading weights:  96%|#########5| 279/292 [00:03<00:00, 55.38it/s, Materializing param=gpt_neox.layers.22.post_attention_layernorm.bias]
Loading weights:  96%|#########5| 279/292 [00:03<00:00, 55.38it/s, Materializing param=gpt_neox.layers.22.post_attention_layernorm.bias]
Loading weights:  96%|#########5| 280/292 [00:03<00:00, 55.38it/s, Materializing param=gpt_neox.layers.22.post_attention_layernorm.weight]
Loading weights:  96%|#########5| 280/292 [00:03<00:00, 55.38it/s, Materializing param=gpt_neox.layers.22.post_attention_layernorm.weight]
Loading weights:  96%|#########6| 281/292 [00:03<00:00, 55.38it/s, Materializing param=gpt_neox.layers.23.attention.dense.bias]           
Loading weights:  96%|#########6| 281/292 [00:03<00:00, 55.38it/s, Materializing param=gpt_neox.layers.23.attention.dense.bias]
Loading weights:  97%|#########6| 282/292 [00:03<00:00, 55.38it/s, Materializing param=gpt_neox.layers.23.attention.dense.weight]
Loading weights:  97%|#########6| 282/292 [00:03<00:00, 55.38it/s, Materializing param=gpt_neox.layers.23.attention.dense.weight]
Loading weights:  97%|#########6| 283/292 [00:03<00:00, 55.38it/s, Materializing param=gpt_neox.layers.23.attention.query_key_value.bias]
Loading weights:  97%|#########6| 283/292 [00:03<00:00, 55.38it/s, Materializing param=gpt_neox.layers.23.attention.query_key_value.bias]
Loading weights:  97%|#########7| 284/292 [00:03<00:00, 55.38it/s, Materializing param=gpt_neox.layers.23.attention.query_key_value.weight]
Loading weights:  97%|#########7| 284/292 [00:03<00:00, 55.38it/s, Materializing param=gpt_neox.layers.23.attention.query_key_value.weight]
Loading weights:  98%|#########7| 285/292 [00:03<00:00, 55.38it/s, Materializing param=gpt_neox.layers.23.input_layernorm.bias]            
Loading weights:  98%|#########7| 285/292 [00:03<00:00, 55.38it/s, Materializing param=gpt_neox.layers.23.input_layernorm.bias]
Loading weights:  98%|#########7| 286/292 [00:03<00:00, 55.38it/s, Materializing param=gpt_neox.layers.23.input_layernorm.weight]
Loading weights:  98%|#########7| 286/292 [00:03<00:00, 55.38it/s, Materializing param=gpt_neox.layers.23.input_layernorm.weight]
Loading weights:  98%|#########8| 287/292 [00:03<00:00, 55.38it/s, Materializing param=gpt_neox.layers.23.mlp.dense_4h_to_h.bias]
Loading weights:  98%|#########8| 287/292 [00:03<00:00, 55.38it/s, Materializing param=gpt_neox.layers.23.mlp.dense_4h_to_h.bias]
Loading weights:  99%|#########8| 288/292 [00:03<00:00, 55.38it/s, Materializing param=gpt_neox.layers.23.mlp.dense_4h_to_h.weight]
Loading weights:  99%|#########8| 288/292 [00:03<00:00, 55.38it/s, Materializing param=gpt_neox.layers.23.mlp.dense_4h_to_h.weight]
Loading weights:  99%|#########8| 289/292 [00:03<00:00, 55.38it/s, Materializing param=gpt_neox.layers.23.mlp.dense_h_to_4h.bias]  
Loading weights:  99%|#########8| 289/292 [00:03<00:00, 55.38it/s, Materializing param=gpt_neox.layers.23.mlp.dense_h_to_4h.bias]
Loading weights:  99%|#########9| 290/292 [00:03<00:00, 55.38it/s, Materializing param=gpt_neox.layers.23.mlp.dense_h_to_4h.weight]
Loading weights:  99%|#########9| 290/292 [00:03<00:00, 55.38it/s, Materializing param=gpt_neox.layers.23.mlp.dense_h_to_4h.weight]
Loading weights: 100%|#########9| 291/292 [00:03<00:00, 55.38it/s, Materializing param=gpt_neox.layers.23.post_attention_layernorm.bias]
Loading weights: 100%|#########9| 291/292 [00:03<00:00, 55.38it/s, Materializing param=gpt_neox.layers.23.post_attention_layernorm.bias]
Loading weights: 100%|##########| 292/292 [00:03<00:00, 55.38it/s, Materializing param=gpt_neox.layers.23.post_attention_layernorm.weight]
Loading weights: 100%|##########| 292/292 [00:03<00:00, 55.38it/s, Materializing param=gpt_neox.layers.23.post_attention_layernorm.weight]
Loading weights: 100%|##########| 292/292 [00:03<00:00, 87.21it/s, Materializing param=gpt_neox.layers.23.post_attention_layernorm.weight]

Loading weights:   0%|          | 0/292 [00:00<?, ?it/s]
Loading weights:   0%|          | 1/292 [00:00<00:00, 26214.40it/s, Materializing param=embed_out.weight]
Loading weights:   0%|          | 1/292 [00:00<00:00, 7133.17it/s, Materializing param=embed_out.weight] 
Loading weights:   1%|          | 2/292 [00:00<00:45,  6.33it/s, Materializing param=embed_out.weight]  
Loading weights:   1%|          | 2/292 [00:00<00:45,  6.33it/s, Materializing param=gpt_neox.embed_in.weight]
Loading weights:   1%|          | 2/292 [00:00<00:45,  6.33it/s, Materializing param=gpt_neox.embed_in.weight]
Loading weights:   1%|1         | 3/292 [00:00<00:45,  6.33it/s, Materializing param=gpt_neox.final_layer_norm.bias]
Loading weights:   1%|1         | 3/292 [00:00<00:45,  6.33it/s, Materializing param=gpt_neox.final_layer_norm.bias]
Loading weights:   1%|1         | 4/292 [00:00<00:45,  6.33it/s, Materializing param=gpt_neox.final_layer_norm.weight]
Loading weights:   1%|1         | 4/292 [00:00<00:45,  6.33it/s, Materializing param=gpt_neox.final_layer_norm.weight]
Loading weights:   2%|1         | 5/292 [00:00<00:45,  6.33it/s, Materializing param=gpt_neox.layers.0.attention.dense.bias]
Loading weights:   2%|1         | 5/292 [00:00<00:45,  6.33it/s, Materializing param=gpt_neox.layers.0.attention.dense.bias]
Loading weights:   2%|2         | 6/292 [00:00<00:45,  6.33it/s, Materializing param=gpt_neox.layers.0.attention.dense.weight]
Loading weights:   2%|2         | 6/292 [00:00<00:45,  6.33it/s, Materializing param=gpt_neox.layers.0.attention.dense.weight]
Loading weights:   2%|2         | 7/292 [00:00<00:45,  6.33it/s, Materializing param=gpt_neox.layers.0.attention.query_key_value.bias]
Loading weights:   2%|2         | 7/292 [00:00<00:45,  6.33it/s, Materializing param=gpt_neox.layers.0.attention.query_key_value.bias]
Loading weights:   3%|2         | 8/292 [00:00<00:44,  6.33it/s, Materializing param=gpt_neox.layers.0.attention.query_key_value.weight]
Loading weights:   3%|2         | 8/292 [00:00<00:44,  6.33it/s, Materializing param=gpt_neox.layers.0.attention.query_key_value.weight]
Loading weights:   3%|3         | 9/292 [00:00<00:44,  6.33it/s, Materializing param=gpt_neox.layers.0.input_layernorm.bias]            
Loading weights:   3%|3         | 9/292 [00:00<00:44,  6.33it/s, Materializing param=gpt_neox.layers.0.input_layernorm.bias]
Loading weights:   3%|3         | 10/292 [00:00<00:44,  6.33it/s, Materializing param=gpt_neox.layers.0.input_layernorm.weight]
Loading weights:   3%|3         | 10/292 [00:00<00:44,  6.33it/s, Materializing param=gpt_neox.layers.0.input_layernorm.weight]
Loading weights:   4%|3         | 11/292 [00:00<00:44,  6.33it/s, Materializing param=gpt_neox.layers.0.mlp.dense_4h_to_h.bias]
Loading weights:   4%|3         | 11/292 [00:00<00:44,  6.33it/s, Materializing param=gpt_neox.layers.0.mlp.dense_4h_to_h.bias]
Loading weights:   4%|4         | 12/292 [00:00<00:44,  6.33it/s, Materializing param=gpt_neox.layers.0.mlp.dense_4h_to_h.weight]
Loading weights:   4%|4         | 12/292 [00:00<00:44,  6.33it/s, Materializing param=gpt_neox.layers.0.mlp.dense_4h_to_h.weight]
Loading weights:   4%|4         | 13/292 [00:00<00:44,  6.33it/s, Materializing param=gpt_neox.layers.0.mlp.dense_h_to_4h.bias]  
Loading weights:   4%|4         | 13/292 [00:00<00:44,  6.33it/s, Materializing param=gpt_neox.layers.0.mlp.dense_h_to_4h.bias]
Loading weights:   5%|4         | 14/292 [00:00<00:43,  6.33it/s, Materializing param=gpt_neox.layers.0.mlp.dense_h_to_4h.weight]
Loading weights:   5%|4         | 14/292 [00:00<00:43,  6.33it/s, Materializing param=gpt_neox.layers.0.mlp.dense_h_to_4h.weight]
Loading weights:   5%|5         | 15/292 [00:00<00:43,  6.33it/s, Materializing param=gpt_neox.layers.0.post_attention_layernorm.bias]
Loading weights:   5%|5         | 15/292 [00:00<00:43,  6.33it/s, Materializing param=gpt_neox.layers.0.post_attention_layernorm.bias]
Loading weights:   5%|5         | 16/292 [00:00<00:43,  6.33it/s, Materializing param=gpt_neox.layers.0.post_attention_layernorm.weight]
Loading weights:   5%|5         | 16/292 [00:00<00:43,  6.33it/s, Materializing param=gpt_neox.layers.0.post_attention_layernorm.weight]
Loading weights:   6%|5         | 17/292 [00:00<00:43,  6.33it/s, Materializing param=gpt_neox.layers.1.attention.dense.bias]           
Loading weights:   6%|5         | 17/292 [00:00<00:43,  6.33it/s, Materializing param=gpt_neox.layers.1.attention.dense.bias]
Loading weights:   6%|6         | 18/292 [00:00<00:43,  6.33it/s, Materializing param=gpt_neox.layers.1.attention.dense.weight]
Loading weights:   6%|6         | 18/292 [00:00<00:43,  6.33it/s, Materializing param=gpt_neox.layers.1.attention.dense.weight]
Loading weights:   7%|6         | 19/292 [00:00<00:43,  6.33it/s, Materializing param=gpt_neox.layers.1.attention.query_key_value.bias]
Loading weights:   7%|6         | 19/292 [00:00<00:43,  6.33it/s, Materializing param=gpt_neox.layers.1.attention.query_key_value.bias]
Loading weights:   7%|6         | 20/292 [00:00<00:43,  6.33it/s, Materializing param=gpt_neox.layers.1.attention.query_key_value.weight]
Loading weights:   7%|6         | 20/292 [00:00<00:43,  6.33it/s, Materializing param=gpt_neox.layers.1.attention.query_key_value.weight]
Loading weights:   7%|7         | 21/292 [00:00<00:42,  6.33it/s, Materializing param=gpt_neox.layers.1.input_layernorm.bias]            
Loading weights:   7%|7         | 21/292 [00:00<00:42,  6.33it/s, Materializing param=gpt_neox.layers.1.input_layernorm.bias]
Loading weights:   8%|7         | 22/292 [00:00<00:42,  6.33it/s, Materializing param=gpt_neox.layers.1.input_layernorm.weight]
Loading weights:   8%|7         | 22/292 [00:00<00:42,  6.33it/s, Materializing param=gpt_neox.layers.1.input_layernorm.weight]
Loading weights:   8%|7         | 23/292 [00:00<00:42,  6.33it/s, Materializing param=gpt_neox.layers.1.mlp.dense_4h_to_h.bias]
Loading weights:   8%|7         | 23/292 [00:00<00:42,  6.33it/s, Materializing param=gpt_neox.layers.1.mlp.dense_4h_to_h.bias]
Loading weights:   8%|8         | 24/292 [00:00<00:42,  6.33it/s, Materializing param=gpt_neox.layers.1.mlp.dense_4h_to_h.weight]
Loading weights:   8%|8         | 24/292 [00:00<00:42,  6.33it/s, Materializing param=gpt_neox.layers.1.mlp.dense_4h_to_h.weight]
Loading weights:   9%|8         | 25/292 [00:00<00:03, 70.10it/s, Materializing param=gpt_neox.layers.1.mlp.dense_4h_to_h.weight]
Loading weights:   9%|8         | 25/292 [00:00<00:03, 70.10it/s, Materializing param=gpt_neox.layers.1.mlp.dense_h_to_4h.bias]  
Loading weights:   9%|8         | 25/292 [00:00<00:03, 70.10it/s, Materializing param=gpt_neox.layers.1.mlp.dense_h_to_4h.bias]
Loading weights:   9%|8         | 26/292 [00:00<00:03, 70.10it/s, Materializing param=gpt_neox.layers.1.mlp.dense_h_to_4h.weight]
Loading weights:   9%|8         | 26/292 [00:00<00:03, 70.10it/s, Materializing param=gpt_neox.layers.1.mlp.dense_h_to_4h.weight]
Loading weights:   9%|9         | 27/292 [00:00<00:03, 70.10it/s, Materializing param=gpt_neox.layers.1.post_attention_layernorm.bias]
Loading weights:   9%|9         | 27/292 [00:00<00:03, 70.10it/s, Materializing param=gpt_neox.layers.1.post_attention_layernorm.bias]
Loading weights:  10%|9         | 28/292 [00:00<00:03, 70.10it/s, Materializing param=gpt_neox.layers.1.post_attention_layernorm.weight]
Loading weights:  10%|9         | 28/292 [00:00<00:03, 70.10it/s, Materializing param=gpt_neox.layers.1.post_attention_layernorm.weight]
Loading weights:  10%|9         | 29/292 [00:00<00:03, 70.10it/s, Materializing param=gpt_neox.layers.2.attention.dense.bias]           
Loading weights:  10%|9         | 29/292 [00:00<00:03, 70.10it/s, Materializing param=gpt_neox.layers.2.attention.dense.bias]
Loading weights:  10%|#         | 30/292 [00:00<00:03, 70.10it/s, Materializing param=gpt_neox.layers.2.attention.dense.weight]
Loading weights:  10%|#         | 30/292 [00:00<00:03, 70.10it/s, Materializing param=gpt_neox.layers.2.attention.dense.weight]
Loading weights:  11%|#         | 31/292 [00:00<00:03, 70.10it/s, Materializing param=gpt_neox.layers.2.attention.query_key_value.bias]
Loading weights:  11%|#         | 31/292 [00:00<00:03, 70.10it/s, Materializing param=gpt_neox.layers.2.attention.query_key_value.bias]
Loading weights:  11%|#         | 32/292 [00:00<00:03, 70.10it/s, Materializing param=gpt_neox.layers.2.attention.query_key_value.weight]
Loading weights:  11%|#         | 32/292 [00:00<00:03, 70.10it/s, Materializing param=gpt_neox.layers.2.attention.query_key_value.weight]
Loading weights:  11%|#1        | 33/292 [00:00<00:03, 70.10it/s, Materializing param=gpt_neox.layers.2.input_layernorm.bias]            
Loading weights:  11%|#1        | 33/292 [00:00<00:03, 70.10it/s, Materializing param=gpt_neox.layers.2.input_layernorm.bias]
Loading weights:  12%|#1        | 34/292 [00:00<00:03, 70.10it/s, Materializing param=gpt_neox.layers.2.input_layernorm.weight]
Loading weights:  12%|#1        | 34/292 [00:00<00:03, 70.10it/s, Materializing param=gpt_neox.layers.2.input_layernorm.weight]
Loading weights:  12%|#1        | 35/292 [00:00<00:03, 70.10it/s, Materializing param=gpt_neox.layers.2.mlp.dense_4h_to_h.bias]
Loading weights:  12%|#1        | 35/292 [00:00<00:03, 70.10it/s, Materializing param=gpt_neox.layers.2.mlp.dense_4h_to_h.bias]
Loading weights:  12%|#2        | 36/292 [00:00<00:03, 70.10it/s, Materializing param=gpt_neox.layers.2.mlp.dense_4h_to_h.weight]
Loading weights:  12%|#2        | 36/292 [00:00<00:03, 70.10it/s, Materializing param=gpt_neox.layers.2.mlp.dense_4h_to_h.weight]
Loading weights:  13%|#2        | 37/292 [00:00<00:03, 70.10it/s, Materializing param=gpt_neox.layers.2.mlp.dense_h_to_4h.bias]  
Loading weights:  13%|#2        | 37/292 [00:00<00:03, 70.10it/s, Materializing param=gpt_neox.layers.2.mlp.dense_h_to_4h.bias]
Loading weights:  13%|#3        | 38/292 [00:00<00:03, 70.10it/s, Materializing param=gpt_neox.layers.2.mlp.dense_h_to_4h.weight]
Loading weights:  13%|#3        | 38/292 [00:00<00:03, 70.10it/s, Materializing param=gpt_neox.layers.2.mlp.dense_h_to_4h.weight]
Loading weights:  13%|#3        | 39/292 [00:00<00:03, 70.10it/s, Materializing param=gpt_neox.layers.2.post_attention_layernorm.bias]
Loading weights:  13%|#3        | 39/292 [00:00<00:03, 70.10it/s, Materializing param=gpt_neox.layers.2.post_attention_layernorm.bias]
Loading weights:  14%|#3        | 40/292 [00:00<00:03, 70.10it/s, Materializing param=gpt_neox.layers.2.post_attention_layernorm.weight]
Loading weights:  14%|#3        | 40/292 [00:00<00:03, 70.10it/s, Materializing param=gpt_neox.layers.2.post_attention_layernorm.weight]
Loading weights:  14%|#4        | 41/292 [00:00<00:03, 70.10it/s, Materializing param=gpt_neox.layers.3.attention.dense.bias]           
Loading weights:  14%|#4        | 41/292 [00:00<00:03, 70.10it/s, Materializing param=gpt_neox.layers.3.attention.dense.bias]
Loading weights:  14%|#4        | 42/292 [00:00<00:03, 70.10it/s, Materializing param=gpt_neox.layers.3.attention.dense.weight]
Loading weights:  14%|#4        | 42/292 [00:00<00:03, 70.10it/s, Materializing param=gpt_neox.layers.3.attention.dense.weight]
Loading weights:  15%|#4        | 43/292 [00:00<00:02, 99.44it/s, Materializing param=gpt_neox.layers.3.attention.dense.weight]
Loading weights:  15%|#4        | 43/292 [00:00<00:02, 99.44it/s, Materializing param=gpt_neox.layers.3.attention.query_key_value.bias]
Loading weights:  15%|#4        | 43/292 [00:00<00:02, 99.44it/s, Materializing param=gpt_neox.layers.3.attention.query_key_value.bias]
Loading weights:  15%|#5        | 44/292 [00:00<00:02, 99.44it/s, Materializing param=gpt_neox.layers.3.attention.query_key_value.weight]
Loading weights:  15%|#5        | 44/292 [00:00<00:02, 99.44it/s, Materializing param=gpt_neox.layers.3.attention.query_key_value.weight]
Loading weights:  15%|#5        | 45/292 [00:00<00:02, 99.44it/s, Materializing param=gpt_neox.layers.3.input_layernorm.bias]            
Loading weights:  15%|#5        | 45/292 [00:00<00:02, 99.44it/s, Materializing param=gpt_neox.layers.3.input_layernorm.bias]
Loading weights:  16%|#5        | 46/292 [00:00<00:02, 99.44it/s, Materializing param=gpt_neox.layers.3.input_layernorm.weight]
Loading weights:  16%|#5        | 46/292 [00:00<00:02, 99.44it/s, Materializing param=gpt_neox.layers.3.input_layernorm.weight]
Loading weights:  16%|#6        | 47/292 [00:00<00:02, 99.44it/s, Materializing param=gpt_neox.layers.3.mlp.dense_4h_to_h.bias]
Loading weights:  16%|#6        | 47/292 [00:00<00:02, 99.44it/s, Materializing param=gpt_neox.layers.3.mlp.dense_4h_to_h.bias]
Loading weights:  16%|#6        | 48/292 [00:00<00:02, 99.44it/s, Materializing param=gpt_neox.layers.3.mlp.dense_4h_to_h.weight]
Loading weights:  16%|#6        | 48/292 [00:00<00:02, 99.44it/s, Materializing param=gpt_neox.layers.3.mlp.dense_4h_to_h.weight]
Loading weights:  17%|#6        | 49/292 [00:00<00:02, 99.44it/s, Materializing param=gpt_neox.layers.3.mlp.dense_h_to_4h.bias]  
Loading weights:  17%|#6        | 49/292 [00:00<00:02, 99.44it/s, Materializing param=gpt_neox.layers.3.mlp.dense_h_to_4h.bias]
Loading weights:  17%|#7        | 50/292 [00:00<00:02, 99.44it/s, Materializing param=gpt_neox.layers.3.mlp.dense_h_to_4h.weight]
Loading weights:  17%|#7        | 50/292 [00:00<00:02, 99.44it/s, Materializing param=gpt_neox.layers.3.mlp.dense_h_to_4h.weight]
Loading weights:  17%|#7        | 51/292 [00:00<00:02, 99.44it/s, Materializing param=gpt_neox.layers.3.post_attention_layernorm.bias]
Loading weights:  17%|#7        | 51/292 [00:00<00:02, 99.44it/s, Materializing param=gpt_neox.layers.3.post_attention_layernorm.bias]
Loading weights:  18%|#7        | 52/292 [00:00<00:02, 99.44it/s, Materializing param=gpt_neox.layers.3.post_attention_layernorm.weight]
Loading weights:  18%|#7        | 52/292 [00:00<00:02, 99.44it/s, Materializing param=gpt_neox.layers.3.post_attention_layernorm.weight]
Loading weights:  18%|#8        | 53/292 [00:00<00:02, 99.44it/s, Materializing param=gpt_neox.layers.4.attention.dense.bias]           
Loading weights:  18%|#8        | 53/292 [00:00<00:02, 99.44it/s, Materializing param=gpt_neox.layers.4.attention.dense.bias]
Loading weights:  18%|#8        | 54/292 [00:00<00:02, 99.44it/s, Materializing param=gpt_neox.layers.4.attention.dense.weight]
Loading weights:  18%|#8        | 54/292 [00:00<00:02, 99.44it/s, Materializing param=gpt_neox.layers.4.attention.dense.weight]
Loading weights:  19%|#8        | 55/292 [00:00<00:02, 99.44it/s, Materializing param=gpt_neox.layers.4.attention.query_key_value.bias]
Loading weights:  19%|#8        | 55/292 [00:00<00:02, 99.44it/s, Materializing param=gpt_neox.layers.4.attention.query_key_value.bias]
Loading weights:  19%|#9        | 56/292 [00:00<00:02, 99.44it/s, Materializing param=gpt_neox.layers.4.attention.query_key_value.weight]
Loading weights:  19%|#9        | 56/292 [00:00<00:02, 99.44it/s, Materializing param=gpt_neox.layers.4.attention.query_key_value.weight]
Loading weights:  20%|#9        | 57/292 [00:00<00:03, 72.24it/s, Materializing param=gpt_neox.layers.4.attention.query_key_value.weight]
Loading weights:  20%|#9        | 57/292 [00:00<00:03, 72.24it/s, Materializing param=gpt_neox.layers.4.input_layernorm.bias]            
Loading weights:  20%|#9        | 57/292 [00:00<00:03, 72.24it/s, Materializing param=gpt_neox.layers.4.input_layernorm.bias]
Loading weights:  20%|#9        | 58/292 [00:00<00:03, 72.24it/s, Materializing param=gpt_neox.layers.4.input_layernorm.weight]
Loading weights:  20%|#9        | 58/292 [00:00<00:03, 72.24it/s, Materializing param=gpt_neox.layers.4.input_layernorm.weight]
Loading weights:  20%|##        | 59/292 [00:00<00:03, 72.24it/s, Materializing param=gpt_neox.layers.4.mlp.dense_4h_to_h.bias]
Loading weights:  20%|##        | 59/292 [00:00<00:03, 72.24it/s, Materializing param=gpt_neox.layers.4.mlp.dense_4h_to_h.bias]
Loading weights:  21%|##        | 60/292 [00:00<00:03, 72.24it/s, Materializing param=gpt_neox.layers.4.mlp.dense_4h_to_h.weight]
Loading weights:  21%|##        | 60/292 [00:00<00:03, 72.24it/s, Materializing param=gpt_neox.layers.4.mlp.dense_4h_to_h.weight]
Loading weights:  21%|##        | 61/292 [00:00<00:03, 72.24it/s, Materializing param=gpt_neox.layers.4.mlp.dense_h_to_4h.bias]  
Loading weights:  21%|##        | 61/292 [00:00<00:03, 72.24it/s, Materializing param=gpt_neox.layers.4.mlp.dense_h_to_4h.bias]
Loading weights:  21%|##1       | 62/292 [00:00<00:03, 72.24it/s, Materializing param=gpt_neox.layers.4.mlp.dense_h_to_4h.weight]
Loading weights:  21%|##1       | 62/292 [00:00<00:03, 72.24it/s, Materializing param=gpt_neox.layers.4.mlp.dense_h_to_4h.weight]
Loading weights:  22%|##1       | 63/292 [00:00<00:03, 72.24it/s, Materializing param=gpt_neox.layers.4.post_attention_layernorm.bias]
Loading weights:  22%|##1       | 63/292 [00:00<00:03, 72.24it/s, Materializing param=gpt_neox.layers.4.post_attention_layernorm.bias]
Loading weights:  22%|##1       | 64/292 [00:00<00:03, 72.24it/s, Materializing param=gpt_neox.layers.4.post_attention_layernorm.weight]
Loading weights:  22%|##1       | 64/292 [00:00<00:03, 72.24it/s, Materializing param=gpt_neox.layers.4.post_attention_layernorm.weight]
Loading weights:  22%|##2       | 65/292 [00:00<00:03, 72.24it/s, Materializing param=gpt_neox.layers.5.attention.dense.bias]           
Loading weights:  22%|##2       | 65/292 [00:00<00:03, 72.24it/s, Materializing param=gpt_neox.layers.5.attention.dense.bias]
Loading weights:  23%|##2       | 66/292 [00:00<00:03, 72.24it/s, Materializing param=gpt_neox.layers.5.attention.dense.weight]
Loading weights:  23%|##2       | 66/292 [00:00<00:03, 72.24it/s, Materializing param=gpt_neox.layers.5.attention.dense.weight]
Loading weights:  23%|##2       | 67/292 [00:00<00:03, 72.24it/s, Materializing param=gpt_neox.layers.5.attention.query_key_value.bias]
Loading weights:  23%|##2       | 67/292 [00:00<00:03, 72.24it/s, Materializing param=gpt_neox.layers.5.attention.query_key_value.bias]
Loading weights:  23%|##3       | 68/292 [00:00<00:03, 72.24it/s, Materializing param=gpt_neox.layers.5.attention.query_key_value.weight]
Loading weights:  23%|##3       | 68/292 [00:00<00:03, 72.24it/s, Materializing param=gpt_neox.layers.5.attention.query_key_value.weight]
Loading weights:  24%|##3       | 69/292 [00:00<00:02, 77.29it/s, Materializing param=gpt_neox.layers.5.attention.query_key_value.weight]
Loading weights:  24%|##3       | 69/292 [00:00<00:02, 77.29it/s, Materializing param=gpt_neox.layers.5.input_layernorm.bias]            
Loading weights:  24%|##3       | 69/292 [00:00<00:02, 77.29it/s, Materializing param=gpt_neox.layers.5.input_layernorm.bias]
Loading weights:  24%|##3       | 70/292 [00:00<00:02, 77.29it/s, Materializing param=gpt_neox.layers.5.input_layernorm.weight]
Loading weights:  24%|##3       | 70/292 [00:00<00:02, 77.29it/s, Materializing param=gpt_neox.layers.5.input_layernorm.weight]
Loading weights:  24%|##4       | 71/292 [00:00<00:02, 77.29it/s, Materializing param=gpt_neox.layers.5.mlp.dense_4h_to_h.bias]
Loading weights:  24%|##4       | 71/292 [00:00<00:02, 77.29it/s, Materializing param=gpt_neox.layers.5.mlp.dense_4h_to_h.bias]
Loading weights:  25%|##4       | 72/292 [00:00<00:02, 77.29it/s, Materializing param=gpt_neox.layers.5.mlp.dense_4h_to_h.weight]
Loading weights:  25%|##4       | 72/292 [00:00<00:02, 77.29it/s, Materializing param=gpt_neox.layers.5.mlp.dense_4h_to_h.weight]
Loading weights:  25%|##5       | 73/292 [00:01<00:02, 77.29it/s, Materializing param=gpt_neox.layers.5.mlp.dense_h_to_4h.bias]  
Loading weights:  25%|##5       | 73/292 [00:01<00:02, 77.29it/s, Materializing param=gpt_neox.layers.5.mlp.dense_h_to_4h.bias]
Loading weights:  25%|##5       | 74/292 [00:01<00:02, 77.29it/s, Materializing param=gpt_neox.layers.5.mlp.dense_h_to_4h.weight]
Loading weights:  25%|##5       | 74/292 [00:01<00:02, 77.29it/s, Materializing param=gpt_neox.layers.5.mlp.dense_h_to_4h.weight]
Loading weights:  26%|##5       | 75/292 [00:01<00:02, 77.29it/s, Materializing param=gpt_neox.layers.5.post_attention_layernorm.bias]
Loading weights:  26%|##5       | 75/292 [00:01<00:02, 77.29it/s, Materializing param=gpt_neox.layers.5.post_attention_layernorm.bias]
Loading weights:  26%|##6       | 76/292 [00:01<00:02, 77.29it/s, Materializing param=gpt_neox.layers.5.post_attention_layernorm.weight]
Loading weights:  26%|##6       | 76/292 [00:01<00:02, 77.29it/s, Materializing param=gpt_neox.layers.5.post_attention_layernorm.weight]
Loading weights:  26%|##6       | 77/292 [00:01<00:02, 77.29it/s, Materializing param=gpt_neox.layers.6.attention.dense.bias]           
Loading weights:  26%|##6       | 77/292 [00:01<00:02, 77.29it/s, Materializing param=gpt_neox.layers.6.attention.dense.bias]
Loading weights:  27%|##6       | 78/292 [00:01<00:02, 77.29it/s, Materializing param=gpt_neox.layers.6.attention.dense.weight]
Loading weights:  27%|##6       | 78/292 [00:01<00:02, 77.29it/s, Materializing param=gpt_neox.layers.6.attention.dense.weight]
Loading weights:  27%|##7       | 79/292 [00:01<00:02, 77.29it/s, Materializing param=gpt_neox.layers.6.attention.query_key_value.bias]
Loading weights:  27%|##7       | 79/292 [00:01<00:02, 77.29it/s, Materializing param=gpt_neox.layers.6.attention.query_key_value.bias]
Loading weights:  27%|##7       | 80/292 [00:01<00:02, 77.29it/s, Materializing param=gpt_neox.layers.6.attention.query_key_value.weight]
Loading weights:  27%|##7       | 80/292 [00:01<00:02, 77.29it/s, Materializing param=gpt_neox.layers.6.attention.query_key_value.weight]
Loading weights:  28%|##7       | 81/292 [00:01<00:02, 73.15it/s, Materializing param=gpt_neox.layers.6.attention.query_key_value.weight]
Loading weights:  28%|##7       | 81/292 [00:01<00:02, 73.15it/s, Materializing param=gpt_neox.layers.6.input_layernorm.bias]            
Loading weights:  28%|##7       | 81/292 [00:01<00:02, 73.15it/s, Materializing param=gpt_neox.layers.6.input_layernorm.bias]
Loading weights:  28%|##8       | 82/292 [00:01<00:02, 73.15it/s, Materializing param=gpt_neox.layers.6.input_layernorm.weight]
Loading weights:  28%|##8       | 82/292 [00:01<00:02, 73.15it/s, Materializing param=gpt_neox.layers.6.input_layernorm.weight]
Loading weights:  28%|##8       | 83/292 [00:01<00:02, 73.15it/s, Materializing param=gpt_neox.layers.6.mlp.dense_4h_to_h.bias]
Loading weights:  28%|##8       | 83/292 [00:01<00:02, 73.15it/s, Materializing param=gpt_neox.layers.6.mlp.dense_4h_to_h.bias]
Loading weights:  29%|##8       | 84/292 [00:01<00:02, 73.15it/s, Materializing param=gpt_neox.layers.6.mlp.dense_4h_to_h.weight]
Loading weights:  29%|##8       | 84/292 [00:01<00:02, 73.15it/s, Materializing param=gpt_neox.layers.6.mlp.dense_4h_to_h.weight]
Loading weights:  29%|##9       | 85/292 [00:01<00:02, 73.15it/s, Materializing param=gpt_neox.layers.6.mlp.dense_h_to_4h.bias]  
Loading weights:  29%|##9       | 85/292 [00:01<00:02, 73.15it/s, Materializing param=gpt_neox.layers.6.mlp.dense_h_to_4h.bias]
Loading weights:  29%|##9       | 86/292 [00:01<00:02, 73.15it/s, Materializing param=gpt_neox.layers.6.mlp.dense_h_to_4h.weight]
Loading weights:  29%|##9       | 86/292 [00:01<00:02, 73.15it/s, Materializing param=gpt_neox.layers.6.mlp.dense_h_to_4h.weight]
Loading weights:  30%|##9       | 87/292 [00:01<00:02, 73.15it/s, Materializing param=gpt_neox.layers.6.post_attention_layernorm.bias]
Loading weights:  30%|##9       | 87/292 [00:01<00:02, 73.15it/s, Materializing param=gpt_neox.layers.6.post_attention_layernorm.bias]
Loading weights:  30%|###       | 88/292 [00:01<00:02, 73.15it/s, Materializing param=gpt_neox.layers.6.post_attention_layernorm.weight]
Loading weights:  30%|###       | 88/292 [00:01<00:02, 73.15it/s, Materializing param=gpt_neox.layers.6.post_attention_layernorm.weight]
Loading weights:  30%|###       | 89/292 [00:01<00:02, 73.15it/s, Materializing param=gpt_neox.layers.7.attention.dense.bias]           
Loading weights:  30%|###       | 89/292 [00:01<00:02, 73.15it/s, Materializing param=gpt_neox.layers.7.attention.dense.bias]
Loading weights:  31%|###       | 90/292 [00:01<00:02, 73.15it/s, Materializing param=gpt_neox.layers.7.attention.dense.weight]
Loading weights:  31%|###       | 90/292 [00:01<00:02, 73.15it/s, Materializing param=gpt_neox.layers.7.attention.dense.weight]
Loading weights:  31%|###1      | 91/292 [00:01<00:02, 73.15it/s, Materializing param=gpt_neox.layers.7.attention.query_key_value.bias]
Loading weights:  31%|###1      | 91/292 [00:01<00:02, 73.15it/s, Materializing param=gpt_neox.layers.7.attention.query_key_value.bias]
Loading weights:  32%|###1      | 92/292 [00:01<00:02, 73.15it/s, Materializing param=gpt_neox.layers.7.attention.query_key_value.weight]
Loading weights:  32%|###1      | 92/292 [00:01<00:02, 73.15it/s, Materializing param=gpt_neox.layers.7.attention.query_key_value.weight]
Loading weights:  32%|###1      | 93/292 [00:01<00:02, 79.51it/s, Materializing param=gpt_neox.layers.7.attention.query_key_value.weight]
Loading weights:  32%|###1      | 93/292 [00:01<00:02, 79.51it/s, Materializing param=gpt_neox.layers.7.input_layernorm.bias]            
Loading weights:  32%|###1      | 93/292 [00:01<00:02, 79.51it/s, Materializing param=gpt_neox.layers.7.input_layernorm.bias]
Loading weights:  32%|###2      | 94/292 [00:01<00:02, 79.51it/s, Materializing param=gpt_neox.layers.7.input_layernorm.weight]
Loading weights:  32%|###2      | 94/292 [00:01<00:02, 79.51it/s, Materializing param=gpt_neox.layers.7.input_layernorm.weight]
Loading weights:  33%|###2      | 95/292 [00:01<00:02, 79.51it/s, Materializing param=gpt_neox.layers.7.mlp.dense_4h_to_h.bias]
Loading weights:  33%|###2      | 95/292 [00:01<00:02, 79.51it/s, Materializing param=gpt_neox.layers.7.mlp.dense_4h_to_h.bias]
Loading weights:  33%|###2      | 96/292 [00:01<00:02, 79.51it/s, Materializing param=gpt_neox.layers.7.mlp.dense_4h_to_h.weight]
Loading weights:  33%|###2      | 96/292 [00:01<00:02, 79.51it/s, Materializing param=gpt_neox.layers.7.mlp.dense_4h_to_h.weight]
Loading weights:  33%|###3      | 97/292 [00:01<00:02, 79.51it/s, Materializing param=gpt_neox.layers.7.mlp.dense_h_to_4h.bias]  
Loading weights:  33%|###3      | 97/292 [00:01<00:02, 79.51it/s, Materializing param=gpt_neox.layers.7.mlp.dense_h_to_4h.bias]
Loading weights:  34%|###3      | 98/292 [00:01<00:02, 79.51it/s, Materializing param=gpt_neox.layers.7.mlp.dense_h_to_4h.weight]
Loading weights:  34%|###3      | 98/292 [00:01<00:02, 79.51it/s, Materializing param=gpt_neox.layers.7.mlp.dense_h_to_4h.weight]
Loading weights:  34%|###3      | 99/292 [00:01<00:02, 79.51it/s, Materializing param=gpt_neox.layers.7.post_attention_layernorm.bias]
Loading weights:  34%|###3      | 99/292 [00:01<00:02, 79.51it/s, Materializing param=gpt_neox.layers.7.post_attention_layernorm.bias]
Loading weights:  34%|###4      | 100/292 [00:01<00:02, 79.51it/s, Materializing param=gpt_neox.layers.7.post_attention_layernorm.weight]
Loading weights:  34%|###4      | 100/292 [00:01<00:02, 79.51it/s, Materializing param=gpt_neox.layers.7.post_attention_layernorm.weight]
Loading weights:  35%|###4      | 101/292 [00:01<00:02, 79.51it/s, Materializing param=gpt_neox.layers.8.attention.dense.bias]           
Loading weights:  35%|###4      | 101/292 [00:01<00:02, 79.51it/s, Materializing param=gpt_neox.layers.8.attention.dense.bias]
Loading weights:  35%|###4      | 102/292 [00:01<00:02, 79.51it/s, Materializing param=gpt_neox.layers.8.attention.dense.weight]
Loading weights:  35%|###4      | 102/292 [00:01<00:02, 79.51it/s, Materializing param=gpt_neox.layers.8.attention.dense.weight]
Loading weights:  35%|###5      | 103/292 [00:01<00:02, 79.51it/s, Materializing param=gpt_neox.layers.8.attention.query_key_value.bias]
Loading weights:  35%|###5      | 103/292 [00:01<00:02, 79.51it/s, Materializing param=gpt_neox.layers.8.attention.query_key_value.bias]
Loading weights:  36%|###5      | 104/292 [00:01<00:02, 79.51it/s, Materializing param=gpt_neox.layers.8.attention.query_key_value.weight]
Loading weights:  36%|###5      | 104/292 [00:01<00:02, 79.51it/s, Materializing param=gpt_neox.layers.8.attention.query_key_value.weight]
Loading weights:  36%|###5      | 105/292 [00:01<00:02, 77.80it/s, Materializing param=gpt_neox.layers.8.attention.query_key_value.weight]
Loading weights:  36%|###5      | 105/292 [00:01<00:02, 77.80it/s, Materializing param=gpt_neox.layers.8.input_layernorm.bias]            
Loading weights:  36%|###5      | 105/292 [00:01<00:02, 77.80it/s, Materializing param=gpt_neox.layers.8.input_layernorm.bias]
Loading weights:  36%|###6      | 106/292 [00:01<00:02, 77.80it/s, Materializing param=gpt_neox.layers.8.input_layernorm.weight]
Loading weights:  36%|###6      | 106/292 [00:01<00:02, 77.80it/s, Materializing param=gpt_neox.layers.8.input_layernorm.weight]
Loading weights:  37%|###6      | 107/292 [00:01<00:02, 77.80it/s, Materializing param=gpt_neox.layers.8.mlp.dense_4h_to_h.bias]
Loading weights:  37%|###6      | 107/292 [00:01<00:02, 77.80it/s, Materializing param=gpt_neox.layers.8.mlp.dense_4h_to_h.bias]
Loading weights:  37%|###6      | 108/292 [00:01<00:02, 77.80it/s, Materializing param=gpt_neox.layers.8.mlp.dense_4h_to_h.weight]
Loading weights:  37%|###6      | 108/292 [00:01<00:02, 77.80it/s, Materializing param=gpt_neox.layers.8.mlp.dense_4h_to_h.weight]
Loading weights:  37%|###7      | 109/292 [00:01<00:02, 77.80it/s, Materializing param=gpt_neox.layers.8.mlp.dense_h_to_4h.bias]  
Loading weights:  37%|###7      | 109/292 [00:01<00:02, 77.80it/s, Materializing param=gpt_neox.layers.8.mlp.dense_h_to_4h.bias]
Loading weights:  38%|###7      | 110/292 [00:01<00:02, 77.80it/s, Materializing param=gpt_neox.layers.8.mlp.dense_h_to_4h.weight]
Loading weights:  38%|###7      | 110/292 [00:01<00:02, 77.80it/s, Materializing param=gpt_neox.layers.8.mlp.dense_h_to_4h.weight]
Loading weights:  38%|###8      | 111/292 [00:01<00:02, 77.80it/s, Materializing param=gpt_neox.layers.8.post_attention_layernorm.bias]
Loading weights:  38%|###8      | 111/292 [00:01<00:02, 77.80it/s, Materializing param=gpt_neox.layers.8.post_attention_layernorm.bias]
Loading weights:  38%|###8      | 112/292 [00:01<00:02, 77.80it/s, Materializing param=gpt_neox.layers.8.post_attention_layernorm.weight]
Loading weights:  38%|###8      | 112/292 [00:01<00:02, 77.80it/s, Materializing param=gpt_neox.layers.8.post_attention_layernorm.weight]
Loading weights:  39%|###8      | 113/292 [00:01<00:02, 77.80it/s, Materializing param=gpt_neox.layers.9.attention.dense.bias]           
Loading weights:  39%|###8      | 113/292 [00:01<00:02, 77.80it/s, Materializing param=gpt_neox.layers.9.attention.dense.bias]
Loading weights:  39%|###9      | 114/292 [00:01<00:02, 77.80it/s, Materializing param=gpt_neox.layers.9.attention.dense.weight]
Loading weights:  39%|###9      | 114/292 [00:01<00:02, 77.80it/s, Materializing param=gpt_neox.layers.9.attention.dense.weight]
Loading weights:  39%|###9      | 115/292 [00:01<00:02, 77.80it/s, Materializing param=gpt_neox.layers.9.attention.query_key_value.bias]
Loading weights:  39%|###9      | 115/292 [00:01<00:02, 77.80it/s, Materializing param=gpt_neox.layers.9.attention.query_key_value.bias]
Loading weights:  40%|###9      | 116/292 [00:01<00:02, 77.80it/s, Materializing param=gpt_neox.layers.9.attention.query_key_value.weight]
Loading weights:  40%|###9      | 116/292 [00:01<00:02, 77.80it/s, Materializing param=gpt_neox.layers.9.attention.query_key_value.weight]
Loading weights:  40%|####      | 117/292 [00:01<00:02, 71.57it/s, Materializing param=gpt_neox.layers.9.attention.query_key_value.weight]
Loading weights:  40%|####      | 117/292 [00:01<00:02, 71.57it/s, Materializing param=gpt_neox.layers.9.input_layernorm.bias]            
Loading weights:  40%|####      | 117/292 [00:01<00:02, 71.57it/s, Materializing param=gpt_neox.layers.9.input_layernorm.bias]
Loading weights:  40%|####      | 118/292 [00:01<00:02, 71.57it/s, Materializing param=gpt_neox.layers.9.input_layernorm.weight]
Loading weights:  40%|####      | 118/292 [00:01<00:02, 71.57it/s, Materializing param=gpt_neox.layers.9.input_layernorm.weight]
Loading weights:  41%|####      | 119/292 [00:01<00:02, 71.57it/s, Materializing param=gpt_neox.layers.9.mlp.dense_4h_to_h.bias]
Loading weights:  41%|####      | 119/292 [00:01<00:02, 71.57it/s, Materializing param=gpt_neox.layers.9.mlp.dense_4h_to_h.bias]
Loading weights:  41%|####1     | 120/292 [00:01<00:02, 71.57it/s, Materializing param=gpt_neox.layers.9.mlp.dense_4h_to_h.weight]
Loading weights:  41%|####1     | 120/292 [00:01<00:02, 71.57it/s, Materializing param=gpt_neox.layers.9.mlp.dense_4h_to_h.weight]
Loading weights:  41%|####1     | 121/292 [00:01<00:02, 71.57it/s, Materializing param=gpt_neox.layers.9.mlp.dense_h_to_4h.bias]  
Loading weights:  41%|####1     | 121/292 [00:01<00:02, 71.57it/s, Materializing param=gpt_neox.layers.9.mlp.dense_h_to_4h.bias]
Loading weights:  42%|####1     | 122/292 [00:01<00:02, 71.57it/s, Materializing param=gpt_neox.layers.9.mlp.dense_h_to_4h.weight]
Loading weights:  42%|####1     | 122/292 [00:01<00:02, 71.57it/s, Materializing param=gpt_neox.layers.9.mlp.dense_h_to_4h.weight]
Loading weights:  42%|####2     | 123/292 [00:01<00:02, 71.57it/s, Materializing param=gpt_neox.layers.9.post_attention_layernorm.bias]
Loading weights:  42%|####2     | 123/292 [00:01<00:02, 71.57it/s, Materializing param=gpt_neox.layers.9.post_attention_layernorm.bias]
Loading weights:  42%|####2     | 124/292 [00:01<00:02, 71.57it/s, Materializing param=gpt_neox.layers.9.post_attention_layernorm.weight]
Loading weights:  42%|####2     | 124/292 [00:01<00:02, 71.57it/s, Materializing param=gpt_neox.layers.9.post_attention_layernorm.weight]
Loading weights:  43%|####2     | 125/292 [00:01<00:02, 71.57it/s, Materializing param=gpt_neox.layers.10.attention.dense.bias]          
Loading weights:  43%|####2     | 125/292 [00:01<00:02, 71.57it/s, Materializing param=gpt_neox.layers.10.attention.dense.bias]
Loading weights:  43%|####3     | 126/292 [00:01<00:02, 71.57it/s, Materializing param=gpt_neox.layers.10.attention.dense.weight]
Loading weights:  43%|####3     | 126/292 [00:01<00:02, 71.57it/s, Materializing param=gpt_neox.layers.10.attention.dense.weight]
Loading weights:  43%|####3     | 127/292 [00:01<00:02, 71.57it/s, Materializing param=gpt_neox.layers.10.attention.query_key_value.bias]
Loading weights:  43%|####3     | 127/292 [00:01<00:02, 71.57it/s, Materializing param=gpt_neox.layers.10.attention.query_key_value.bias]
Loading weights:  44%|####3     | 128/292 [00:01<00:02, 71.57it/s, Materializing param=gpt_neox.layers.10.attention.query_key_value.weight]
Loading weights:  44%|####3     | 128/292 [00:01<00:02, 71.57it/s, Materializing param=gpt_neox.layers.10.attention.query_key_value.weight]
Loading weights:  44%|####4     | 129/292 [00:01<00:02, 68.16it/s, Materializing param=gpt_neox.layers.10.attention.query_key_value.weight]
Loading weights:  44%|####4     | 129/292 [00:01<00:02, 68.16it/s, Materializing param=gpt_neox.layers.10.input_layernorm.bias]            
Loading weights:  44%|####4     | 129/292 [00:01<00:02, 68.16it/s, Materializing param=gpt_neox.layers.10.input_layernorm.bias]
Loading weights:  45%|####4     | 130/292 [00:01<00:02, 68.16it/s, Materializing param=gpt_neox.layers.10.input_layernorm.weight]
Loading weights:  45%|####4     | 130/292 [00:01<00:02, 68.16it/s, Materializing param=gpt_neox.layers.10.input_layernorm.weight]
Loading weights:  45%|####4     | 131/292 [00:01<00:02, 68.16it/s, Materializing param=gpt_neox.layers.10.mlp.dense_4h_to_h.bias]
Loading weights:  45%|####4     | 131/292 [00:01<00:02, 68.16it/s, Materializing param=gpt_neox.layers.10.mlp.dense_4h_to_h.bias]
Loading weights:  45%|####5     | 132/292 [00:01<00:02, 68.16it/s, Materializing param=gpt_neox.layers.10.mlp.dense_4h_to_h.weight]
Loading weights:  45%|####5     | 132/292 [00:01<00:02, 68.16it/s, Materializing param=gpt_neox.layers.10.mlp.dense_4h_to_h.weight]
Loading weights:  46%|####5     | 133/292 [00:01<00:02, 68.16it/s, Materializing param=gpt_neox.layers.10.mlp.dense_h_to_4h.bias]  
Loading weights:  46%|####5     | 133/292 [00:01<00:02, 68.16it/s, Materializing param=gpt_neox.layers.10.mlp.dense_h_to_4h.bias]
Loading weights:  46%|####5     | 134/292 [00:01<00:02, 68.16it/s, Materializing param=gpt_neox.layers.10.mlp.dense_h_to_4h.weight]
Loading weights:  46%|####5     | 134/292 [00:01<00:02, 68.16it/s, Materializing param=gpt_neox.layers.10.mlp.dense_h_to_4h.weight]
Loading weights:  46%|####6     | 135/292 [00:01<00:02, 68.16it/s, Materializing param=gpt_neox.layers.10.post_attention_layernorm.bias]
Loading weights:  46%|####6     | 135/292 [00:01<00:02, 68.16it/s, Materializing param=gpt_neox.layers.10.post_attention_layernorm.bias]
Loading weights:  47%|####6     | 136/292 [00:01<00:02, 68.16it/s, Materializing param=gpt_neox.layers.10.post_attention_layernorm.weight]
Loading weights:  47%|####6     | 136/292 [00:01<00:02, 68.16it/s, Materializing param=gpt_neox.layers.10.post_attention_layernorm.weight]
Loading weights:  47%|####6     | 137/292 [00:01<00:02, 69.44it/s, Materializing param=gpt_neox.layers.10.post_attention_layernorm.weight]
Loading weights:  47%|####6     | 137/292 [00:01<00:02, 69.44it/s, Materializing param=gpt_neox.layers.11.attention.dense.bias]           
Loading weights:  47%|####6     | 137/292 [00:01<00:02, 69.44it/s, Materializing param=gpt_neox.layers.11.attention.dense.bias]
Loading weights:  47%|####7     | 138/292 [00:01<00:02, 69.44it/s, Materializing param=gpt_neox.layers.11.attention.dense.weight]
Loading weights:  47%|####7     | 138/292 [00:01<00:02, 69.44it/s, Materializing param=gpt_neox.layers.11.attention.dense.weight]
Loading weights:  48%|####7     | 139/292 [00:01<00:02, 69.44it/s, Materializing param=gpt_neox.layers.11.attention.query_key_value.bias]
Loading weights:  48%|####7     | 139/292 [00:01<00:02, 69.44it/s, Materializing param=gpt_neox.layers.11.attention.query_key_value.bias]
Loading weights:  48%|####7     | 140/292 [00:01<00:02, 69.44it/s, Materializing param=gpt_neox.layers.11.attention.query_key_value.weight]
Loading weights:  48%|####7     | 140/292 [00:01<00:02, 69.44it/s, Materializing param=gpt_neox.layers.11.attention.query_key_value.weight]
Loading weights:  48%|####8     | 141/292 [00:01<00:02, 69.44it/s, Materializing param=gpt_neox.layers.11.input_layernorm.bias]            
Loading weights:  48%|####8     | 141/292 [00:01<00:02, 69.44it/s, Materializing param=gpt_neox.layers.11.input_layernorm.bias]
Loading weights:  49%|####8     | 142/292 [00:01<00:02, 69.44it/s, Materializing param=gpt_neox.layers.11.input_layernorm.weight]
Loading weights:  49%|####8     | 142/292 [00:01<00:02, 69.44it/s, Materializing param=gpt_neox.layers.11.input_layernorm.weight]
Loading weights:  49%|####8     | 143/292 [00:01<00:02, 69.44it/s, Materializing param=gpt_neox.layers.11.mlp.dense_4h_to_h.bias]
Loading weights:  49%|####8     | 143/292 [00:01<00:02, 69.44it/s, Materializing param=gpt_neox.layers.11.mlp.dense_4h_to_h.bias]
Loading weights:  49%|####9     | 144/292 [00:01<00:02, 69.44it/s, Materializing param=gpt_neox.layers.11.mlp.dense_4h_to_h.weight]
Loading weights:  49%|####9     | 144/292 [00:01<00:02, 69.44it/s, Materializing param=gpt_neox.layers.11.mlp.dense_4h_to_h.weight]
Loading weights:  50%|####9     | 145/292 [00:02<00:02, 69.44it/s, Materializing param=gpt_neox.layers.11.mlp.dense_h_to_4h.bias]  
Loading weights:  50%|####9     | 145/292 [00:02<00:02, 69.44it/s, Materializing param=gpt_neox.layers.11.mlp.dense_h_to_4h.bias]
Loading weights:  50%|#####     | 146/292 [00:02<00:02, 69.44it/s, Materializing param=gpt_neox.layers.11.mlp.dense_h_to_4h.weight]
Loading weights:  50%|#####     | 146/292 [00:02<00:02, 69.44it/s, Materializing param=gpt_neox.layers.11.mlp.dense_h_to_4h.weight]
Loading weights:  50%|#####     | 147/292 [00:02<00:02, 72.02it/s, Materializing param=gpt_neox.layers.11.mlp.dense_h_to_4h.weight]
Loading weights:  50%|#####     | 147/292 [00:02<00:02, 72.02it/s, Materializing param=gpt_neox.layers.11.post_attention_layernorm.bias]
Loading weights:  50%|#####     | 147/292 [00:02<00:02, 72.02it/s, Materializing param=gpt_neox.layers.11.post_attention_layernorm.bias]
Loading weights:  51%|#####     | 148/292 [00:02<00:01, 72.02it/s, Materializing param=gpt_neox.layers.11.post_attention_layernorm.weight]
Loading weights:  51%|#####     | 148/292 [00:02<00:01, 72.02it/s, Materializing param=gpt_neox.layers.11.post_attention_layernorm.weight]
Loading weights:  51%|#####1    | 149/292 [00:02<00:01, 72.02it/s, Materializing param=gpt_neox.layers.12.attention.dense.bias]           
Loading weights:  51%|#####1    | 149/292 [00:02<00:01, 72.02it/s, Materializing param=gpt_neox.layers.12.attention.dense.bias]
Loading weights:  51%|#####1    | 150/292 [00:02<00:01, 72.02it/s, Materializing param=gpt_neox.layers.12.attention.dense.weight]
Loading weights:  51%|#####1    | 150/292 [00:02<00:01, 72.02it/s, Materializing param=gpt_neox.layers.12.attention.dense.weight]
Loading weights:  52%|#####1    | 151/292 [00:02<00:01, 72.02it/s, Materializing param=gpt_neox.layers.12.attention.query_key_value.bias]
Loading weights:  52%|#####1    | 151/292 [00:02<00:01, 72.02it/s, Materializing param=gpt_neox.layers.12.attention.query_key_value.bias]
Loading weights:  52%|#####2    | 152/292 [00:02<00:01, 72.02it/s, Materializing param=gpt_neox.layers.12.attention.query_key_value.weight]
Loading weights:  52%|#####2    | 152/292 [00:02<00:01, 72.02it/s, Materializing param=gpt_neox.layers.12.attention.query_key_value.weight]
Loading weights:  52%|#####2    | 153/292 [00:02<00:01, 72.02it/s, Materializing param=gpt_neox.layers.12.input_layernorm.bias]            
Loading weights:  52%|#####2    | 153/292 [00:02<00:01, 72.02it/s, Materializing param=gpt_neox.layers.12.input_layernorm.bias]
Loading weights:  53%|#####2    | 154/292 [00:02<00:01, 72.02it/s, Materializing param=gpt_neox.layers.12.input_layernorm.weight]
Loading weights:  53%|#####2    | 154/292 [00:02<00:01, 72.02it/s, Materializing param=gpt_neox.layers.12.input_layernorm.weight]
Loading weights:  53%|#####3    | 155/292 [00:02<00:01, 72.02it/s, Materializing param=gpt_neox.layers.12.mlp.dense_4h_to_h.bias]
Loading weights:  53%|#####3    | 155/292 [00:02<00:01, 72.02it/s, Materializing param=gpt_neox.layers.12.mlp.dense_4h_to_h.bias]
Loading weights:  53%|#####3    | 156/292 [00:02<00:01, 72.02it/s, Materializing param=gpt_neox.layers.12.mlp.dense_4h_to_h.weight]
Loading weights:  53%|#####3    | 156/292 [00:02<00:01, 72.02it/s, Materializing param=gpt_neox.layers.12.mlp.dense_4h_to_h.weight]
Loading weights:  54%|#####3    | 157/292 [00:02<00:01, 72.02it/s, Materializing param=gpt_neox.layers.12.mlp.dense_h_to_4h.bias]  
Loading weights:  54%|#####3    | 157/292 [00:02<00:01, 72.02it/s, Materializing param=gpt_neox.layers.12.mlp.dense_h_to_4h.bias]
Loading weights:  54%|#####4    | 158/292 [00:02<00:01, 72.02it/s, Materializing param=gpt_neox.layers.12.mlp.dense_h_to_4h.weight]
Loading weights:  54%|#####4    | 158/292 [00:02<00:01, 72.02it/s, Materializing param=gpt_neox.layers.12.mlp.dense_h_to_4h.weight]
Loading weights:  54%|#####4    | 159/292 [00:02<00:01, 80.44it/s, Materializing param=gpt_neox.layers.12.mlp.dense_h_to_4h.weight]
Loading weights:  54%|#####4    | 159/292 [00:02<00:01, 80.44it/s, Materializing param=gpt_neox.layers.12.post_attention_layernorm.bias]
Loading weights:  54%|#####4    | 159/292 [00:02<00:01, 80.44it/s, Materializing param=gpt_neox.layers.12.post_attention_layernorm.bias]
Loading weights:  55%|#####4    | 160/292 [00:02<00:01, 80.44it/s, Materializing param=gpt_neox.layers.12.post_attention_layernorm.weight]
Loading weights:  55%|#####4    | 160/292 [00:02<00:01, 80.44it/s, Materializing param=gpt_neox.layers.12.post_attention_layernorm.weight]
Loading weights:  55%|#####5    | 161/292 [00:02<00:01, 80.44it/s, Materializing param=gpt_neox.layers.13.attention.dense.bias]           
Loading weights:  55%|#####5    | 161/292 [00:02<00:01, 80.44it/s, Materializing param=gpt_neox.layers.13.attention.dense.bias]
Loading weights:  55%|#####5    | 162/292 [00:02<00:01, 80.44it/s, Materializing param=gpt_neox.layers.13.attention.dense.weight]
Loading weights:  55%|#####5    | 162/292 [00:02<00:01, 80.44it/s, Materializing param=gpt_neox.layers.13.attention.dense.weight]
Loading weights:  56%|#####5    | 163/292 [00:02<00:01, 80.44it/s, Materializing param=gpt_neox.layers.13.attention.query_key_value.bias]
Loading weights:  56%|#####5    | 163/292 [00:02<00:01, 80.44it/s, Materializing param=gpt_neox.layers.13.attention.query_key_value.bias]
Loading weights:  56%|#####6    | 164/292 [00:02<00:01, 80.44it/s, Materializing param=gpt_neox.layers.13.attention.query_key_value.weight]
Loading weights:  56%|#####6    | 164/292 [00:02<00:01, 80.44it/s, Materializing param=gpt_neox.layers.13.attention.query_key_value.weight]
Loading weights:  57%|#####6    | 165/292 [00:02<00:01, 80.44it/s, Materializing param=gpt_neox.layers.13.input_layernorm.bias]            
Loading weights:  57%|#####6    | 165/292 [00:02<00:01, 80.44it/s, Materializing param=gpt_neox.layers.13.input_layernorm.bias]
Loading weights:  57%|#####6    | 166/292 [00:02<00:01, 80.44it/s, Materializing param=gpt_neox.layers.13.input_layernorm.weight]
Loading weights:  57%|#####6    | 166/292 [00:02<00:01, 80.44it/s, Materializing param=gpt_neox.layers.13.input_layernorm.weight]
Loading weights:  57%|#####7    | 167/292 [00:02<00:01, 80.44it/s, Materializing param=gpt_neox.layers.13.mlp.dense_4h_to_h.bias]
Loading weights:  57%|#####7    | 167/292 [00:02<00:01, 80.44it/s, Materializing param=gpt_neox.layers.13.mlp.dense_4h_to_h.bias]
Loading weights:  58%|#####7    | 168/292 [00:02<00:01, 80.44it/s, Materializing param=gpt_neox.layers.13.mlp.dense_4h_to_h.weight]
Loading weights:  58%|#####7    | 168/292 [00:02<00:01, 80.44it/s, Materializing param=gpt_neox.layers.13.mlp.dense_4h_to_h.weight]
Loading weights:  58%|#####7    | 169/292 [00:02<00:01, 80.44it/s, Materializing param=gpt_neox.layers.13.mlp.dense_h_to_4h.bias]  
Loading weights:  58%|#####7    | 169/292 [00:02<00:01, 80.44it/s, Materializing param=gpt_neox.layers.13.mlp.dense_h_to_4h.bias]
Loading weights:  58%|#####8    | 170/292 [00:02<00:01, 80.44it/s, Materializing param=gpt_neox.layers.13.mlp.dense_h_to_4h.weight]
Loading weights:  58%|#####8    | 170/292 [00:02<00:01, 80.44it/s, Materializing param=gpt_neox.layers.13.mlp.dense_h_to_4h.weight]
Loading weights:  59%|#####8    | 171/292 [00:02<00:01, 86.43it/s, Materializing param=gpt_neox.layers.13.mlp.dense_h_to_4h.weight]
Loading weights:  59%|#####8    | 171/292 [00:02<00:01, 86.43it/s, Materializing param=gpt_neox.layers.13.post_attention_layernorm.bias]
Loading weights:  59%|#####8    | 171/292 [00:02<00:01, 86.43it/s, Materializing param=gpt_neox.layers.13.post_attention_layernorm.bias]
Loading weights:  59%|#####8    | 172/292 [00:02<00:01, 86.43it/s, Materializing param=gpt_neox.layers.13.post_attention_layernorm.weight]
Loading weights:  59%|#####8    | 172/292 [00:02<00:01, 86.43it/s, Materializing param=gpt_neox.layers.13.post_attention_layernorm.weight]
Loading weights:  59%|#####9    | 173/292 [00:02<00:01, 86.43it/s, Materializing param=gpt_neox.layers.14.attention.dense.bias]           
Loading weights:  59%|#####9    | 173/292 [00:02<00:01, 86.43it/s, Materializing param=gpt_neox.layers.14.attention.dense.bias]
Loading weights:  60%|#####9    | 174/292 [00:02<00:01, 86.43it/s, Materializing param=gpt_neox.layers.14.attention.dense.weight]
Loading weights:  60%|#####9    | 174/292 [00:02<00:01, 86.43it/s, Materializing param=gpt_neox.layers.14.attention.dense.weight]
Loading weights:  60%|#####9    | 175/292 [00:02<00:01, 86.43it/s, Materializing param=gpt_neox.layers.14.attention.query_key_value.bias]
Loading weights:  60%|#####9    | 175/292 [00:02<00:01, 86.43it/s, Materializing param=gpt_neox.layers.14.attention.query_key_value.bias]
Loading weights:  60%|######    | 176/292 [00:02<00:01, 86.43it/s, Materializing param=gpt_neox.layers.14.attention.query_key_value.weight]
Loading weights:  60%|######    | 176/292 [00:02<00:01, 86.43it/s, Materializing param=gpt_neox.layers.14.attention.query_key_value.weight]
Loading weights:  61%|######    | 177/292 [00:02<00:01, 86.43it/s, Materializing param=gpt_neox.layers.14.input_layernorm.bias]            
Loading weights:  61%|######    | 177/292 [00:02<00:01, 86.43it/s, Materializing param=gpt_neox.layers.14.input_layernorm.bias]
Loading weights:  61%|######    | 178/292 [00:02<00:01, 86.43it/s, Materializing param=gpt_neox.layers.14.input_layernorm.weight]
Loading weights:  61%|######    | 178/292 [00:02<00:01, 86.43it/s, Materializing param=gpt_neox.layers.14.input_layernorm.weight]
Loading weights:  61%|######1   | 179/292 [00:02<00:01, 86.43it/s, Materializing param=gpt_neox.layers.14.mlp.dense_4h_to_h.bias]
Loading weights:  61%|######1   | 179/292 [00:02<00:01, 86.43it/s, Materializing param=gpt_neox.layers.14.mlp.dense_4h_to_h.bias]
Loading weights:  62%|######1   | 180/292 [00:02<00:01, 86.43it/s, Materializing param=gpt_neox.layers.14.mlp.dense_4h_to_h.weight]
Loading weights:  62%|######1   | 180/292 [00:02<00:01, 86.43it/s, Materializing param=gpt_neox.layers.14.mlp.dense_4h_to_h.weight]
Loading weights:  62%|######1   | 181/292 [00:02<00:01, 86.43it/s, Materializing param=gpt_neox.layers.14.mlp.dense_h_to_4h.bias]  
Loading weights:  62%|######1   | 181/292 [00:02<00:01, 86.43it/s, Materializing param=gpt_neox.layers.14.mlp.dense_h_to_4h.bias]
Loading weights:  62%|######2   | 182/292 [00:02<00:01, 86.43it/s, Materializing param=gpt_neox.layers.14.mlp.dense_h_to_4h.weight]
Loading weights:  62%|######2   | 182/292 [00:02<00:01, 86.43it/s, Materializing param=gpt_neox.layers.14.mlp.dense_h_to_4h.weight]
Loading weights:  63%|######2   | 183/292 [00:02<00:01, 87.26it/s, Materializing param=gpt_neox.layers.14.mlp.dense_h_to_4h.weight]
Loading weights:  63%|######2   | 183/292 [00:02<00:01, 87.26it/s, Materializing param=gpt_neox.layers.14.post_attention_layernorm.bias]
Loading weights:  63%|######2   | 183/292 [00:02<00:01, 87.26it/s, Materializing param=gpt_neox.layers.14.post_attention_layernorm.bias]
Loading weights:  63%|######3   | 184/292 [00:02<00:01, 87.26it/s, Materializing param=gpt_neox.layers.14.post_attention_layernorm.weight]
Loading weights:  63%|######3   | 184/292 [00:02<00:01, 87.26it/s, Materializing param=gpt_neox.layers.14.post_attention_layernorm.weight]
Loading weights:  63%|######3   | 185/292 [00:02<00:01, 87.26it/s, Materializing param=gpt_neox.layers.15.attention.dense.bias]           
Loading weights:  63%|######3   | 185/292 [00:02<00:01, 87.26it/s, Materializing param=gpt_neox.layers.15.attention.dense.bias]
Loading weights:  64%|######3   | 186/292 [00:02<00:01, 87.26it/s, Materializing param=gpt_neox.layers.15.attention.dense.weight]
Loading weights:  64%|######3   | 186/292 [00:02<00:01, 87.26it/s, Materializing param=gpt_neox.layers.15.attention.dense.weight]
Loading weights:  64%|######4   | 187/292 [00:02<00:01, 87.26it/s, Materializing param=gpt_neox.layers.15.attention.query_key_value.bias]
Loading weights:  64%|######4   | 187/292 [00:02<00:01, 87.26it/s, Materializing param=gpt_neox.layers.15.attention.query_key_value.bias]
Loading weights:  64%|######4   | 188/292 [00:02<00:01, 87.26it/s, Materializing param=gpt_neox.layers.15.attention.query_key_value.weight]
Loading weights:  64%|######4   | 188/292 [00:02<00:01, 87.26it/s, Materializing param=gpt_neox.layers.15.attention.query_key_value.weight]
Loading weights:  65%|######4   | 189/292 [00:02<00:01, 87.26it/s, Materializing param=gpt_neox.layers.15.input_layernorm.bias]            
Loading weights:  65%|######4   | 189/292 [00:02<00:01, 87.26it/s, Materializing param=gpt_neox.layers.15.input_layernorm.bias]
Loading weights:  65%|######5   | 190/292 [00:02<00:01, 87.26it/s, Materializing param=gpt_neox.layers.15.input_layernorm.weight]
Loading weights:  65%|######5   | 190/292 [00:02<00:01, 87.26it/s, Materializing param=gpt_neox.layers.15.input_layernorm.weight]
Loading weights:  65%|######5   | 191/292 [00:02<00:01, 87.26it/s, Materializing param=gpt_neox.layers.15.mlp.dense_4h_to_h.bias]
Loading weights:  65%|######5   | 191/292 [00:02<00:01, 87.26it/s, Materializing param=gpt_neox.layers.15.mlp.dense_4h_to_h.bias]
Loading weights:  66%|######5   | 192/292 [00:02<00:01, 87.26it/s, Materializing param=gpt_neox.layers.15.mlp.dense_4h_to_h.weight]
Loading weights:  66%|######5   | 192/292 [00:02<00:01, 87.26it/s, Materializing param=gpt_neox.layers.15.mlp.dense_4h_to_h.weight]
Loading weights:  66%|######6   | 193/292 [00:02<00:01, 87.26it/s, Materializing param=gpt_neox.layers.15.mlp.dense_h_to_4h.bias]  
Loading weights:  66%|######6   | 193/292 [00:02<00:01, 87.26it/s, Materializing param=gpt_neox.layers.15.mlp.dense_h_to_4h.bias]
Loading weights:  66%|######6   | 194/292 [00:02<00:01, 87.26it/s, Materializing param=gpt_neox.layers.15.mlp.dense_h_to_4h.weight]
Loading weights:  66%|######6   | 194/292 [00:02<00:01, 87.26it/s, Materializing param=gpt_neox.layers.15.mlp.dense_h_to_4h.weight]
Loading weights:  67%|######6   | 195/292 [00:02<00:01, 75.54it/s, Materializing param=gpt_neox.layers.15.mlp.dense_h_to_4h.weight]
Loading weights:  67%|######6   | 195/292 [00:02<00:01, 75.54it/s, Materializing param=gpt_neox.layers.15.post_attention_layernorm.bias]
Loading weights:  67%|######6   | 195/292 [00:02<00:01, 75.54it/s, Materializing param=gpt_neox.layers.15.post_attention_layernorm.bias]
Loading weights:  67%|######7   | 196/292 [00:02<00:01, 75.54it/s, Materializing param=gpt_neox.layers.15.post_attention_layernorm.weight]
Loading weights:  67%|######7   | 196/292 [00:02<00:01, 75.54it/s, Materializing param=gpt_neox.layers.15.post_attention_layernorm.weight]
Loading weights:  67%|######7   | 197/292 [00:02<00:01, 75.54it/s, Materializing param=gpt_neox.layers.16.attention.dense.bias]           
Loading weights:  67%|######7   | 197/292 [00:02<00:01, 75.54it/s, Materializing param=gpt_neox.layers.16.attention.dense.bias]
Loading weights:  68%|######7   | 198/292 [00:02<00:01, 75.54it/s, Materializing param=gpt_neox.layers.16.attention.dense.weight]
Loading weights:  68%|######7   | 198/292 [00:02<00:01, 75.54it/s, Materializing param=gpt_neox.layers.16.attention.dense.weight]
Loading weights:  68%|######8   | 199/292 [00:02<00:01, 75.54it/s, Materializing param=gpt_neox.layers.16.attention.query_key_value.bias]
Loading weights:  68%|######8   | 199/292 [00:02<00:01, 75.54it/s, Materializing param=gpt_neox.layers.16.attention.query_key_value.bias]
Loading weights:  68%|######8   | 200/292 [00:02<00:01, 75.54it/s, Materializing param=gpt_neox.layers.16.attention.query_key_value.weight]
Loading weights:  68%|######8   | 200/292 [00:02<00:01, 75.54it/s, Materializing param=gpt_neox.layers.16.attention.query_key_value.weight]
Loading weights:  69%|######8   | 201/292 [00:02<00:01, 75.54it/s, Materializing param=gpt_neox.layers.16.input_layernorm.bias]            
Loading weights:  69%|######8   | 201/292 [00:02<00:01, 75.54it/s, Materializing param=gpt_neox.layers.16.input_layernorm.bias]
Loading weights:  69%|######9   | 202/292 [00:02<00:01, 75.54it/s, Materializing param=gpt_neox.layers.16.input_layernorm.weight]
Loading weights:  69%|######9   | 202/292 [00:02<00:01, 75.54it/s, Materializing param=gpt_neox.layers.16.input_layernorm.weight]
Loading weights:  70%|######9   | 203/292 [00:02<00:01, 75.54it/s, Materializing param=gpt_neox.layers.16.mlp.dense_4h_to_h.bias]
Loading weights:  70%|######9   | 203/292 [00:02<00:01, 75.54it/s, Materializing param=gpt_neox.layers.16.mlp.dense_4h_to_h.bias]
Loading weights:  70%|######9   | 204/292 [00:02<00:01, 75.54it/s, Materializing param=gpt_neox.layers.16.mlp.dense_4h_to_h.weight]
Loading weights:  70%|######9   | 204/292 [00:02<00:01, 75.54it/s, Materializing param=gpt_neox.layers.16.mlp.dense_4h_to_h.weight]
Loading weights:  70%|#######   | 205/292 [00:02<00:01, 75.54it/s, Materializing param=gpt_neox.layers.16.mlp.dense_h_to_4h.bias]  
Loading weights:  70%|#######   | 205/292 [00:02<00:01, 75.54it/s, Materializing param=gpt_neox.layers.16.mlp.dense_h_to_4h.bias]
Loading weights:  71%|#######   | 206/292 [00:02<00:01, 75.54it/s, Materializing param=gpt_neox.layers.16.mlp.dense_h_to_4h.weight]
Loading weights:  71%|#######   | 206/292 [00:02<00:01, 75.54it/s, Materializing param=gpt_neox.layers.16.mlp.dense_h_to_4h.weight]
Loading weights:  71%|#######   | 207/292 [00:02<00:01, 76.25it/s, Materializing param=gpt_neox.layers.16.mlp.dense_h_to_4h.weight]
Loading weights:  71%|#######   | 207/292 [00:02<00:01, 76.25it/s, Materializing param=gpt_neox.layers.16.post_attention_layernorm.bias]
Loading weights:  71%|#######   | 207/292 [00:02<00:01, 76.25it/s, Materializing param=gpt_neox.layers.16.post_attention_layernorm.bias]
Loading weights:  71%|#######1  | 208/292 [00:02<00:01, 76.25it/s, Materializing param=gpt_neox.layers.16.post_attention_layernorm.weight]
Loading weights:  71%|#######1  | 208/292 [00:02<00:01, 76.25it/s, Materializing param=gpt_neox.layers.16.post_attention_layernorm.weight]
Loading weights:  72%|#######1  | 209/292 [00:02<00:01, 76.25it/s, Materializing param=gpt_neox.layers.17.attention.dense.bias]           
Loading weights:  72%|#######1  | 209/292 [00:02<00:01, 76.25it/s, Materializing param=gpt_neox.layers.17.attention.dense.bias]
Loading weights:  72%|#######1  | 210/292 [00:02<00:01, 76.25it/s, Materializing param=gpt_neox.layers.17.attention.dense.weight]
Loading weights:  72%|#######1  | 210/292 [00:02<00:01, 76.25it/s, Materializing param=gpt_neox.layers.17.attention.dense.weight]
Loading weights:  72%|#######2  | 211/292 [00:02<00:01, 76.25it/s, Materializing param=gpt_neox.layers.17.attention.query_key_value.bias]
Loading weights:  72%|#######2  | 211/292 [00:02<00:01, 76.25it/s, Materializing param=gpt_neox.layers.17.attention.query_key_value.bias]
Loading weights:  73%|#######2  | 212/292 [00:02<00:01, 76.25it/s, Materializing param=gpt_neox.layers.17.attention.query_key_value.weight]
Loading weights:  73%|#######2  | 212/292 [00:02<00:01, 76.25it/s, Materializing param=gpt_neox.layers.17.attention.query_key_value.weight]
Loading weights:  73%|#######2  | 213/292 [00:02<00:01, 76.25it/s, Materializing param=gpt_neox.layers.17.input_layernorm.bias]            
Loading weights:  73%|#######2  | 213/292 [00:02<00:01, 76.25it/s, Materializing param=gpt_neox.layers.17.input_layernorm.bias]
Loading weights:  73%|#######3  | 214/292 [00:02<00:01, 76.25it/s, Materializing param=gpt_neox.layers.17.input_layernorm.weight]
Loading weights:  73%|#######3  | 214/292 [00:02<00:01, 76.25it/s, Materializing param=gpt_neox.layers.17.input_layernorm.weight]
Loading weights:  74%|#######3  | 215/292 [00:02<00:01, 69.24it/s, Materializing param=gpt_neox.layers.17.input_layernorm.weight]
Loading weights:  74%|#######3  | 215/292 [00:02<00:01, 69.24it/s, Materializing param=gpt_neox.layers.17.mlp.dense_4h_to_h.bias]
Loading weights:  74%|#######3  | 215/292 [00:02<00:01, 69.24it/s, Materializing param=gpt_neox.layers.17.mlp.dense_4h_to_h.bias]
Loading weights:  74%|#######3  | 216/292 [00:02<00:01, 69.24it/s, Materializing param=gpt_neox.layers.17.mlp.dense_4h_to_h.weight]
Loading weights:  74%|#######3  | 216/292 [00:02<00:01, 69.24it/s, Materializing param=gpt_neox.layers.17.mlp.dense_4h_to_h.weight]
Loading weights:  74%|#######4  | 217/292 [00:02<00:01, 69.24it/s, Materializing param=gpt_neox.layers.17.mlp.dense_h_to_4h.bias]  
Loading weights:  74%|#######4  | 217/292 [00:02<00:01, 69.24it/s, Materializing param=gpt_neox.layers.17.mlp.dense_h_to_4h.bias]
Loading weights:  75%|#######4  | 218/292 [00:02<00:01, 69.24it/s, Materializing param=gpt_neox.layers.17.mlp.dense_h_to_4h.weight]
Loading weights:  75%|#######4  | 218/292 [00:02<00:01, 69.24it/s, Materializing param=gpt_neox.layers.17.mlp.dense_h_to_4h.weight]
Loading weights:  75%|#######5  | 219/292 [00:02<00:01, 69.24it/s, Materializing param=gpt_neox.layers.17.post_attention_layernorm.bias]
Loading weights:  75%|#######5  | 219/292 [00:02<00:01, 69.24it/s, Materializing param=gpt_neox.layers.17.post_attention_layernorm.bias]
Loading weights:  75%|#######5  | 220/292 [00:02<00:01, 69.24it/s, Materializing param=gpt_neox.layers.17.post_attention_layernorm.weight]
Loading weights:  75%|#######5  | 220/292 [00:02<00:01, 69.24it/s, Materializing param=gpt_neox.layers.17.post_attention_layernorm.weight]
Loading weights:  76%|#######5  | 221/292 [00:02<00:01, 69.24it/s, Materializing param=gpt_neox.layers.18.attention.dense.bias]           
Loading weights:  76%|#######5  | 221/292 [00:02<00:01, 69.24it/s, Materializing param=gpt_neox.layers.18.attention.dense.bias]
Loading weights:  76%|#######6  | 222/292 [00:02<00:01, 69.24it/s, Materializing param=gpt_neox.layers.18.attention.dense.weight]
Loading weights:  76%|#######6  | 222/292 [00:02<00:01, 69.24it/s, Materializing param=gpt_neox.layers.18.attention.dense.weight]
Loading weights:  76%|#######6  | 223/292 [00:02<00:00, 69.24it/s, Materializing param=gpt_neox.layers.18.attention.query_key_value.bias]
Loading weights:  76%|#######6  | 223/292 [00:02<00:00, 69.24it/s, Materializing param=gpt_neox.layers.18.attention.query_key_value.bias]
Loading weights:  77%|#######6  | 224/292 [00:02<00:00, 69.24it/s, Materializing param=gpt_neox.layers.18.attention.query_key_value.weight]
Loading weights:  77%|#######6  | 224/292 [00:02<00:00, 69.24it/s, Materializing param=gpt_neox.layers.18.attention.query_key_value.weight]
Loading weights:  77%|#######7  | 225/292 [00:03<00:00, 69.24it/s, Materializing param=gpt_neox.layers.18.input_layernorm.bias]            
Loading weights:  77%|#######7  | 225/292 [00:03<00:00, 69.24it/s, Materializing param=gpt_neox.layers.18.input_layernorm.bias]
Loading weights:  77%|#######7  | 226/292 [00:03<00:00, 69.24it/s, Materializing param=gpt_neox.layers.18.input_layernorm.weight]
Loading weights:  77%|#######7  | 226/292 [00:03<00:00, 69.24it/s, Materializing param=gpt_neox.layers.18.input_layernorm.weight]
Loading weights:  78%|#######7  | 227/292 [00:03<00:00, 69.24it/s, Materializing param=gpt_neox.layers.18.mlp.dense_4h_to_h.bias]
Loading weights:  78%|#######7  | 227/292 [00:03<00:00, 69.24it/s, Materializing param=gpt_neox.layers.18.mlp.dense_4h_to_h.bias]
Loading weights:  78%|#######8  | 228/292 [00:03<00:00, 69.24it/s, Materializing param=gpt_neox.layers.18.mlp.dense_4h_to_h.weight]
Loading weights:  78%|#######8  | 228/292 [00:03<00:00, 69.24it/s, Materializing param=gpt_neox.layers.18.mlp.dense_4h_to_h.weight]
Loading weights:  78%|#######8  | 229/292 [00:03<00:00, 80.74it/s, Materializing param=gpt_neox.layers.18.mlp.dense_4h_to_h.weight]
Loading weights:  78%|#######8  | 229/292 [00:03<00:00, 80.74it/s, Materializing param=gpt_neox.layers.18.mlp.dense_h_to_4h.bias]  
Loading weights:  78%|#######8  | 229/292 [00:03<00:00, 80.74it/s, Materializing param=gpt_neox.layers.18.mlp.dense_h_to_4h.bias]
Loading weights:  79%|#######8  | 230/292 [00:03<00:00, 80.74it/s, Materializing param=gpt_neox.layers.18.mlp.dense_h_to_4h.weight]
Loading weights:  79%|#######8  | 230/292 [00:03<00:00, 80.74it/s, Materializing param=gpt_neox.layers.18.mlp.dense_h_to_4h.weight]
Loading weights:  79%|#######9  | 231/292 [00:03<00:00, 80.74it/s, Materializing param=gpt_neox.layers.18.post_attention_layernorm.bias]
Loading weights:  79%|#######9  | 231/292 [00:03<00:00, 80.74it/s, Materializing param=gpt_neox.layers.18.post_attention_layernorm.bias]
Loading weights:  79%|#######9  | 232/292 [00:03<00:00, 80.74it/s, Materializing param=gpt_neox.layers.18.post_attention_layernorm.weight]
Loading weights:  79%|#######9  | 232/292 [00:03<00:00, 80.74it/s, Materializing param=gpt_neox.layers.18.post_attention_layernorm.weight]
Loading weights:  80%|#######9  | 233/292 [00:03<00:00, 80.74it/s, Materializing param=gpt_neox.layers.19.attention.dense.bias]           
Loading weights:  80%|#######9  | 233/292 [00:03<00:00, 80.74it/s, Materializing param=gpt_neox.layers.19.attention.dense.bias]
Loading weights:  80%|########  | 234/292 [00:03<00:00, 80.74it/s, Materializing param=gpt_neox.layers.19.attention.dense.weight]
Loading weights:  80%|########  | 234/292 [00:03<00:00, 80.74it/s, Materializing param=gpt_neox.layers.19.attention.dense.weight]
Loading weights:  80%|########  | 235/292 [00:03<00:00, 80.74it/s, Materializing param=gpt_neox.layers.19.attention.query_key_value.bias]
Loading weights:  80%|########  | 235/292 [00:03<00:00, 80.74it/s, Materializing param=gpt_neox.layers.19.attention.query_key_value.bias]
Loading weights:  81%|########  | 236/292 [00:03<00:00, 80.74it/s, Materializing param=gpt_neox.layers.19.attention.query_key_value.weight]
Loading weights:  81%|########  | 236/292 [00:03<00:00, 80.74it/s, Materializing param=gpt_neox.layers.19.attention.query_key_value.weight]
Loading weights:  81%|########1 | 237/292 [00:03<00:00, 80.74it/s, Materializing param=gpt_neox.layers.19.input_layernorm.bias]            
Loading weights:  81%|########1 | 237/292 [00:03<00:00, 80.74it/s, Materializing param=gpt_neox.layers.19.input_layernorm.bias]
Loading weights:  82%|########1 | 238/292 [00:03<00:00, 77.55it/s, Materializing param=gpt_neox.layers.19.input_layernorm.bias]
Loading weights:  82%|########1 | 238/292 [00:03<00:00, 77.55it/s, Materializing param=gpt_neox.layers.19.input_layernorm.weight]
Loading weights:  82%|########1 | 238/292 [00:03<00:00, 77.55it/s, Materializing param=gpt_neox.layers.19.input_layernorm.weight]
Loading weights:  82%|########1 | 239/292 [00:03<00:00, 77.55it/s, Materializing param=gpt_neox.layers.19.mlp.dense_4h_to_h.bias]
Loading weights:  82%|########1 | 239/292 [00:03<00:00, 77.55it/s, Materializing param=gpt_neox.layers.19.mlp.dense_4h_to_h.bias]
Loading weights:  82%|########2 | 240/292 [00:03<00:00, 77.55it/s, Materializing param=gpt_neox.layers.19.mlp.dense_4h_to_h.weight]
Loading weights:  82%|########2 | 240/292 [00:03<00:00, 77.55it/s, Materializing param=gpt_neox.layers.19.mlp.dense_4h_to_h.weight]
Loading weights:  83%|########2 | 241/292 [00:03<00:00, 77.55it/s, Materializing param=gpt_neox.layers.19.mlp.dense_h_to_4h.bias]  
Loading weights:  83%|########2 | 241/292 [00:03<00:00, 77.55it/s, Materializing param=gpt_neox.layers.19.mlp.dense_h_to_4h.bias]
Loading weights:  83%|########2 | 242/292 [00:03<00:00, 77.55it/s, Materializing param=gpt_neox.layers.19.mlp.dense_h_to_4h.weight]
Loading weights:  83%|########2 | 242/292 [00:03<00:00, 77.55it/s, Materializing param=gpt_neox.layers.19.mlp.dense_h_to_4h.weight]
Loading weights:  83%|########3 | 243/292 [00:03<00:00, 77.55it/s, Materializing param=gpt_neox.layers.19.post_attention_layernorm.bias]
Loading weights:  83%|########3 | 243/292 [00:03<00:00, 77.55it/s, Materializing param=gpt_neox.layers.19.post_attention_layernorm.bias]
Loading weights:  84%|########3 | 244/292 [00:03<00:00, 77.55it/s, Materializing param=gpt_neox.layers.19.post_attention_layernorm.weight]
Loading weights:  84%|########3 | 244/292 [00:03<00:00, 77.55it/s, Materializing param=gpt_neox.layers.19.post_attention_layernorm.weight]
Loading weights:  84%|########3 | 245/292 [00:03<00:00, 77.55it/s, Materializing param=gpt_neox.layers.20.attention.dense.bias]           
Loading weights:  84%|########3 | 245/292 [00:03<00:00, 77.55it/s, Materializing param=gpt_neox.layers.20.attention.dense.bias]
Loading weights:  84%|########4 | 246/292 [00:03<00:00, 77.55it/s, Materializing param=gpt_neox.layers.20.attention.dense.weight]
Loading weights:  84%|########4 | 246/292 [00:03<00:00, 77.55it/s, Materializing param=gpt_neox.layers.20.attention.dense.weight]
Loading weights:  85%|########4 | 247/292 [00:03<00:00, 67.78it/s, Materializing param=gpt_neox.layers.20.attention.dense.weight]
Loading weights:  85%|########4 | 247/292 [00:03<00:00, 67.78it/s, Materializing param=gpt_neox.layers.20.attention.query_key_value.bias]
Loading weights:  85%|########4 | 247/292 [00:03<00:00, 67.78it/s, Materializing param=gpt_neox.layers.20.attention.query_key_value.bias]
Loading weights:  85%|########4 | 248/292 [00:03<00:00, 67.78it/s, Materializing param=gpt_neox.layers.20.attention.query_key_value.weight]
Loading weights:  85%|########4 | 248/292 [00:03<00:00, 67.78it/s, Materializing param=gpt_neox.layers.20.attention.query_key_value.weight]
Loading weights:  85%|########5 | 249/292 [00:03<00:00, 67.78it/s, Materializing param=gpt_neox.layers.20.input_layernorm.bias]            
Loading weights:  85%|########5 | 249/292 [00:03<00:00, 67.78it/s, Materializing param=gpt_neox.layers.20.input_layernorm.bias]
Loading weights:  86%|########5 | 250/292 [00:03<00:00, 67.78it/s, Materializing param=gpt_neox.layers.20.input_layernorm.weight]
Loading weights:  86%|########5 | 250/292 [00:03<00:00, 67.78it/s, Materializing param=gpt_neox.layers.20.input_layernorm.weight]
Loading weights:  86%|########5 | 251/292 [00:03<00:00, 67.78it/s, Materializing param=gpt_neox.layers.20.mlp.dense_4h_to_h.bias]
Loading weights:  86%|########5 | 251/292 [00:03<00:00, 67.78it/s, Materializing param=gpt_neox.layers.20.mlp.dense_4h_to_h.bias]
Loading weights:  86%|########6 | 252/292 [00:03<00:00, 67.78it/s, Materializing param=gpt_neox.layers.20.mlp.dense_4h_to_h.weight]
Loading weights:  86%|########6 | 252/292 [00:03<00:00, 67.78it/s, Materializing param=gpt_neox.layers.20.mlp.dense_4h_to_h.weight]
Loading weights:  87%|########6 | 253/292 [00:03<00:00, 67.78it/s, Materializing param=gpt_neox.layers.20.mlp.dense_h_to_4h.bias]  
Loading weights:  87%|########6 | 253/292 [00:03<00:00, 67.78it/s, Materializing param=gpt_neox.layers.20.mlp.dense_h_to_4h.bias]
Loading weights:  87%|########6 | 254/292 [00:03<00:00, 67.78it/s, Materializing param=gpt_neox.layers.20.mlp.dense_h_to_4h.weight]
Loading weights:  87%|########6 | 254/292 [00:03<00:00, 67.78it/s, Materializing param=gpt_neox.layers.20.mlp.dense_h_to_4h.weight]
Loading weights:  87%|########7 | 255/292 [00:03<00:00, 67.78it/s, Materializing param=gpt_neox.layers.20.post_attention_layernorm.bias]
Loading weights:  87%|########7 | 255/292 [00:03<00:00, 67.78it/s, Materializing param=gpt_neox.layers.20.post_attention_layernorm.bias]
Loading weights:  88%|########7 | 256/292 [00:03<00:00, 67.78it/s, Materializing param=gpt_neox.layers.20.post_attention_layernorm.weight]
Loading weights:  88%|########7 | 256/292 [00:03<00:00, 67.78it/s, Materializing param=gpt_neox.layers.20.post_attention_layernorm.weight]
Loading weights:  88%|########8 | 257/292 [00:03<00:00, 67.78it/s, Materializing param=gpt_neox.layers.21.attention.dense.bias]           
Loading weights:  88%|########8 | 257/292 [00:03<00:00, 67.78it/s, Materializing param=gpt_neox.layers.21.attention.dense.bias]
Loading weights:  88%|########8 | 258/292 [00:03<00:00, 67.78it/s, Materializing param=gpt_neox.layers.21.attention.dense.weight]
Loading weights:  88%|########8 | 258/292 [00:03<00:00, 67.78it/s, Materializing param=gpt_neox.layers.21.attention.dense.weight]
Loading weights:  89%|########8 | 259/292 [00:03<00:00, 67.12it/s, Materializing param=gpt_neox.layers.21.attention.dense.weight]
Loading weights:  89%|########8 | 259/292 [00:03<00:00, 67.12it/s, Materializing param=gpt_neox.layers.21.attention.query_key_value.bias]
Loading weights:  89%|########8 | 259/292 [00:03<00:00, 67.12it/s, Materializing param=gpt_neox.layers.21.attention.query_key_value.bias]
Loading weights:  89%|########9 | 260/292 [00:03<00:00, 67.12it/s, Materializing param=gpt_neox.layers.21.attention.query_key_value.weight]
Loading weights:  89%|########9 | 260/292 [00:03<00:00, 67.12it/s, Materializing param=gpt_neox.layers.21.attention.query_key_value.weight]
Loading weights:  89%|########9 | 261/292 [00:03<00:00, 67.12it/s, Materializing param=gpt_neox.layers.21.input_layernorm.bias]            
Loading weights:  89%|########9 | 261/292 [00:03<00:00, 67.12it/s, Materializing param=gpt_neox.layers.21.input_layernorm.bias]
Loading weights:  90%|########9 | 262/292 [00:03<00:00, 67.12it/s, Materializing param=gpt_neox.layers.21.input_layernorm.weight]
Loading weights:  90%|########9 | 262/292 [00:03<00:00, 67.12it/s, Materializing param=gpt_neox.layers.21.input_layernorm.weight]
Loading weights:  90%|######### | 263/292 [00:03<00:00, 67.12it/s, Materializing param=gpt_neox.layers.21.mlp.dense_4h_to_h.bias]
Loading weights:  90%|######### | 263/292 [00:03<00:00, 67.12it/s, Materializing param=gpt_neox.layers.21.mlp.dense_4h_to_h.bias]
Loading weights:  90%|######### | 264/292 [00:03<00:00, 67.12it/s, Materializing param=gpt_neox.layers.21.mlp.dense_4h_to_h.weight]
Loading weights:  90%|######### | 264/292 [00:03<00:00, 67.12it/s, Materializing param=gpt_neox.layers.21.mlp.dense_4h_to_h.weight]
Loading weights:  91%|######### | 265/292 [00:03<00:00, 67.12it/s, Materializing param=gpt_neox.layers.21.mlp.dense_h_to_4h.bias]  
Loading weights:  91%|######### | 265/292 [00:03<00:00, 67.12it/s, Materializing param=gpt_neox.layers.21.mlp.dense_h_to_4h.bias]
Loading weights:  91%|#########1| 266/292 [00:03<00:00, 67.12it/s, Materializing param=gpt_neox.layers.21.mlp.dense_h_to_4h.weight]
Loading weights:  91%|#########1| 266/292 [00:03<00:00, 67.12it/s, Materializing param=gpt_neox.layers.21.mlp.dense_h_to_4h.weight]
Loading weights:  91%|#########1| 267/292 [00:03<00:00, 67.12it/s, Materializing param=gpt_neox.layers.21.post_attention_layernorm.bias]
Loading weights:  91%|#########1| 267/292 [00:03<00:00, 67.12it/s, Materializing param=gpt_neox.layers.21.post_attention_layernorm.bias]
Loading weights:  92%|#########1| 268/292 [00:03<00:00, 67.12it/s, Materializing param=gpt_neox.layers.21.post_attention_layernorm.weight]
Loading weights:  92%|#########1| 268/292 [00:03<00:00, 67.12it/s, Materializing param=gpt_neox.layers.21.post_attention_layernorm.weight]
Loading weights:  92%|#########2| 269/292 [00:03<00:00, 67.12it/s, Materializing param=gpt_neox.layers.22.attention.dense.bias]           
Loading weights:  92%|#########2| 269/292 [00:03<00:00, 67.12it/s, Materializing param=gpt_neox.layers.22.attention.dense.bias]
Loading weights:  92%|#########2| 270/292 [00:03<00:00, 67.12it/s, Materializing param=gpt_neox.layers.22.attention.dense.weight]
Loading weights:  92%|#########2| 270/292 [00:03<00:00, 67.12it/s, Materializing param=gpt_neox.layers.22.attention.dense.weight]
Loading weights:  93%|#########2| 271/292 [00:03<00:00, 54.25it/s, Materializing param=gpt_neox.layers.22.attention.dense.weight]
Loading weights:  93%|#########2| 271/292 [00:03<00:00, 54.25it/s, Materializing param=gpt_neox.layers.22.attention.query_key_value.bias]
Loading weights:  93%|#########2| 271/292 [00:03<00:00, 54.25it/s, Materializing param=gpt_neox.layers.22.attention.query_key_value.bias]
Loading weights:  93%|#########3| 272/292 [00:03<00:00, 54.25it/s, Materializing param=gpt_neox.layers.22.attention.query_key_value.weight]
Loading weights:  93%|#########3| 272/292 [00:03<00:00, 54.25it/s, Materializing param=gpt_neox.layers.22.attention.query_key_value.weight]
Loading weights:  93%|#########3| 273/292 [00:03<00:00, 54.25it/s, Materializing param=gpt_neox.layers.22.input_layernorm.bias]            
Loading weights:  93%|#########3| 273/292 [00:03<00:00, 54.25it/s, Materializing param=gpt_neox.layers.22.input_layernorm.bias]
Loading weights:  94%|#########3| 274/292 [00:03<00:00, 54.25it/s, Materializing param=gpt_neox.layers.22.input_layernorm.weight]
Loading weights:  94%|#########3| 274/292 [00:03<00:00, 54.25it/s, Materializing param=gpt_neox.layers.22.input_layernorm.weight]
Loading weights:  94%|#########4| 275/292 [00:03<00:00, 54.25it/s, Materializing param=gpt_neox.layers.22.mlp.dense_4h_to_h.bias]
Loading weights:  94%|#########4| 275/292 [00:03<00:00, 54.25it/s, Materializing param=gpt_neox.layers.22.mlp.dense_4h_to_h.bias]
Loading weights:  95%|#########4| 276/292 [00:03<00:00, 54.25it/s, Materializing param=gpt_neox.layers.22.mlp.dense_4h_to_h.weight]
Loading weights:  95%|#########4| 276/292 [00:03<00:00, 54.25it/s, Materializing param=gpt_neox.layers.22.mlp.dense_4h_to_h.weight]
Loading weights:  95%|#########4| 277/292 [00:03<00:00, 54.25it/s, Materializing param=gpt_neox.layers.22.mlp.dense_h_to_4h.bias]  
Loading weights:  95%|#########4| 277/292 [00:03<00:00, 54.25it/s, Materializing param=gpt_neox.layers.22.mlp.dense_h_to_4h.bias]
Loading weights:  95%|#########5| 278/292 [00:03<00:00, 54.25it/s, Materializing param=gpt_neox.layers.22.mlp.dense_h_to_4h.weight]
Loading weights:  95%|#########5| 278/292 [00:03<00:00, 54.25it/s, Materializing param=gpt_neox.layers.22.mlp.dense_h_to_4h.weight]
Loading weights:  96%|#########5| 279/292 [00:03<00:00, 54.25it/s, Materializing param=gpt_neox.layers.22.post_attention_layernorm.bias]
Loading weights:  96%|#########5| 279/292 [00:03<00:00, 54.25it/s, Materializing param=gpt_neox.layers.22.post_attention_layernorm.bias]
Loading weights:  96%|#########5| 280/292 [00:03<00:00, 54.25it/s, Materializing param=gpt_neox.layers.22.post_attention_layernorm.weight]
Loading weights:  96%|#########5| 280/292 [00:03<00:00, 54.25it/s, Materializing param=gpt_neox.layers.22.post_attention_layernorm.weight]
Loading weights:  96%|#########6| 281/292 [00:03<00:00, 54.25it/s, Materializing param=gpt_neox.layers.23.attention.dense.bias]           
Loading weights:  96%|#########6| 281/292 [00:03<00:00, 54.25it/s, Materializing param=gpt_neox.layers.23.attention.dense.bias]
Loading weights:  97%|#########6| 282/292 [00:03<00:00, 54.25it/s, Materializing param=gpt_neox.layers.23.attention.dense.weight]
Loading weights:  97%|#########6| 282/292 [00:03<00:00, 54.25it/s, Materializing param=gpt_neox.layers.23.attention.dense.weight]
Loading weights:  97%|#########6| 283/292 [00:04<00:00, 54.92it/s, Materializing param=gpt_neox.layers.23.attention.dense.weight]
Loading weights:  97%|#########6| 283/292 [00:04<00:00, 54.92it/s, Materializing param=gpt_neox.layers.23.attention.query_key_value.bias]
Loading weights:  97%|#########6| 283/292 [00:04<00:00, 54.92it/s, Materializing param=gpt_neox.layers.23.attention.query_key_value.bias]
Loading weights:  97%|#########7| 284/292 [00:04<00:00, 54.92it/s, Materializing param=gpt_neox.layers.23.attention.query_key_value.weight]
Loading weights:  97%|#########7| 284/292 [00:04<00:00, 54.92it/s, Materializing param=gpt_neox.layers.23.attention.query_key_value.weight]
Loading weights:  98%|#########7| 285/292 [00:04<00:00, 54.92it/s, Materializing param=gpt_neox.layers.23.input_layernorm.bias]            
Loading weights:  98%|#########7| 285/292 [00:04<00:00, 54.92it/s, Materializing param=gpt_neox.layers.23.input_layernorm.bias]
Loading weights:  98%|#########7| 286/292 [00:04<00:00, 54.92it/s, Materializing param=gpt_neox.layers.23.input_layernorm.weight]
Loading weights:  98%|#########7| 286/292 [00:04<00:00, 54.92it/s, Materializing param=gpt_neox.layers.23.input_layernorm.weight]
Loading weights:  98%|#########8| 287/292 [00:04<00:00, 54.92it/s, Materializing param=gpt_neox.layers.23.mlp.dense_4h_to_h.bias]
Loading weights:  98%|#########8| 287/292 [00:04<00:00, 54.92it/s, Materializing param=gpt_neox.layers.23.mlp.dense_4h_to_h.bias]
Loading weights:  99%|#########8| 288/292 [00:04<00:00, 54.92it/s, Materializing param=gpt_neox.layers.23.mlp.dense_4h_to_h.weight]
Loading weights:  99%|#########8| 288/292 [00:04<00:00, 54.92it/s, Materializing param=gpt_neox.layers.23.mlp.dense_4h_to_h.weight]
Loading weights:  99%|#########8| 289/292 [00:04<00:00, 54.92it/s, Materializing param=gpt_neox.layers.23.mlp.dense_h_to_4h.bias]  
Loading weights:  99%|#########8| 289/292 [00:04<00:00, 54.92it/s, Materializing param=gpt_neox.layers.23.mlp.dense_h_to_4h.bias]
Loading weights:  99%|#########9| 290/292 [00:04<00:00, 54.92it/s, Materializing param=gpt_neox.layers.23.mlp.dense_h_to_4h.weight]
Loading weights:  99%|#########9| 290/292 [00:04<00:00, 54.92it/s, Materializing param=gpt_neox.layers.23.mlp.dense_h_to_4h.weight]
Loading weights: 100%|#########9| 291/292 [00:04<00:00, 54.92it/s, Materializing param=gpt_neox.layers.23.post_attention_layernorm.bias]
Loading weights: 100%|#########9| 291/292 [00:04<00:00, 54.92it/s, Materializing param=gpt_neox.layers.23.post_attention_layernorm.bias]
Loading weights: 100%|##########| 292/292 [00:04<00:00, 54.92it/s, Materializing param=gpt_neox.layers.23.post_attention_layernorm.weight]
Loading weights: 100%|##########| 292/292 [00:04<00:00, 54.92it/s, Materializing param=gpt_neox.layers.23.post_attention_layernorm.weight]
Loading weights: 100%|##########| 292/292 [00:04<00:00, 70.09it/s, Materializing param=gpt_neox.layers.23.post_attention_layernorm.weight]

Loading weights:   0%|          | 0/292 [00:00<?, ?it/s]
Loading weights:   0%|          | 1/292 [00:00<00:00, 9362.29it/s, Materializing param=embed_out.weight]
Loading weights:   0%|          | 1/292 [00:00<00:00, 5405.03it/s, Materializing param=embed_out.weight]
Loading weights:   1%|          | 2/292 [00:00<00:08, 32.30it/s, Materializing param=gpt_neox.embed_in.weight]
Loading weights:   1%|          | 2/292 [00:00<00:09, 32.16it/s, Materializing param=gpt_neox.embed_in.weight]
Loading weights:   1%|1         | 3/292 [00:00<00:09, 29.15it/s, Materializing param=gpt_neox.embed_in.weight]
Loading weights:   1%|1         | 3/292 [00:00<00:09, 29.15it/s, Materializing param=gpt_neox.final_layer_norm.bias]
Loading weights:   1%|1         | 3/292 [00:00<00:09, 29.15it/s, Materializing param=gpt_neox.final_layer_norm.bias]
Loading weights:   1%|1         | 4/292 [00:00<00:09, 29.15it/s, Materializing param=gpt_neox.final_layer_norm.weight]
Loading weights:   1%|1         | 4/292 [00:00<00:09, 29.15it/s, Materializing param=gpt_neox.final_layer_norm.weight]
Loading weights:   2%|1         | 5/292 [00:00<00:09, 29.15it/s, Materializing param=gpt_neox.layers.0.attention.dense.bias]
Loading weights:   2%|1         | 5/292 [00:00<00:09, 29.15it/s, Materializing param=gpt_neox.layers.0.attention.dense.bias]
Loading weights:   2%|2         | 6/292 [00:00<00:09, 29.15it/s, Materializing param=gpt_neox.layers.0.attention.dense.weight]
Loading weights:   2%|2         | 6/292 [00:00<00:09, 29.15it/s, Materializing param=gpt_neox.layers.0.attention.dense.weight]
Loading weights:   2%|2         | 7/292 [00:00<00:09, 29.15it/s, Materializing param=gpt_neox.layers.0.attention.query_key_value.bias]
Loading weights:   2%|2         | 7/292 [00:00<00:09, 29.15it/s, Materializing param=gpt_neox.layers.0.attention.query_key_value.bias]
Loading weights:   3%|2         | 8/292 [00:00<00:09, 29.15it/s, Materializing param=gpt_neox.layers.0.attention.query_key_value.weight]
Loading weights:   3%|2         | 8/292 [00:00<00:09, 29.15it/s, Materializing param=gpt_neox.layers.0.attention.query_key_value.weight]
Loading weights:   3%|3         | 9/292 [00:00<00:09, 29.15it/s, Materializing param=gpt_neox.layers.0.input_layernorm.bias]            
Loading weights:   3%|3         | 9/292 [00:00<00:09, 29.15it/s, Materializing param=gpt_neox.layers.0.input_layernorm.bias]
Loading weights:   3%|3         | 10/292 [00:00<00:09, 29.15it/s, Materializing param=gpt_neox.layers.0.input_layernorm.weight]
Loading weights:   3%|3         | 10/292 [00:00<00:09, 29.15it/s, Materializing param=gpt_neox.layers.0.input_layernorm.weight]
Loading weights:   4%|3         | 11/292 [00:00<00:09, 29.15it/s, Materializing param=gpt_neox.layers.0.mlp.dense_4h_to_h.bias]
Loading weights:   4%|3         | 11/292 [00:00<00:09, 29.15it/s, Materializing param=gpt_neox.layers.0.mlp.dense_4h_to_h.bias]
Loading weights:   4%|4         | 12/292 [00:00<00:09, 29.15it/s, Materializing param=gpt_neox.layers.0.mlp.dense_4h_to_h.weight]
Loading weights:   4%|4         | 12/292 [00:00<00:09, 29.15it/s, Materializing param=gpt_neox.layers.0.mlp.dense_4h_to_h.weight]
Loading weights:   4%|4         | 13/292 [00:00<00:09, 29.15it/s, Materializing param=gpt_neox.layers.0.mlp.dense_h_to_4h.bias]  
Loading weights:   4%|4         | 13/292 [00:00<00:09, 29.15it/s, Materializing param=gpt_neox.layers.0.mlp.dense_h_to_4h.bias]
Loading weights:   5%|4         | 14/292 [00:00<00:09, 29.15it/s, Materializing param=gpt_neox.layers.0.mlp.dense_h_to_4h.weight]
Loading weights:   5%|4         | 14/292 [00:00<00:09, 29.15it/s, Materializing param=gpt_neox.layers.0.mlp.dense_h_to_4h.weight]
Loading weights:   5%|5         | 15/292 [00:00<00:09, 29.15it/s, Materializing param=gpt_neox.layers.0.post_attention_layernorm.bias]
Loading weights:   5%|5         | 15/292 [00:00<00:09, 29.15it/s, Materializing param=gpt_neox.layers.0.post_attention_layernorm.bias]
Loading weights:   5%|5         | 16/292 [00:00<00:09, 29.15it/s, Materializing param=gpt_neox.layers.0.post_attention_layernorm.weight]
Loading weights:   5%|5         | 16/292 [00:00<00:09, 29.15it/s, Materializing param=gpt_neox.layers.0.post_attention_layernorm.weight]
Loading weights:   6%|5         | 17/292 [00:00<00:09, 29.15it/s, Materializing param=gpt_neox.layers.1.attention.dense.bias]           
Loading weights:   6%|5         | 17/292 [00:00<00:09, 29.15it/s, Materializing param=gpt_neox.layers.1.attention.dense.bias]
Loading weights:   6%|6         | 18/292 [00:00<00:09, 29.15it/s, Materializing param=gpt_neox.layers.1.attention.dense.weight]
Loading weights:   6%|6         | 18/292 [00:00<00:09, 29.15it/s, Materializing param=gpt_neox.layers.1.attention.dense.weight]
Loading weights:   7%|6         | 19/292 [00:00<00:09, 29.15it/s, Materializing param=gpt_neox.layers.1.attention.query_key_value.bias]
Loading weights:   7%|6         | 19/292 [00:00<00:09, 29.15it/s, Materializing param=gpt_neox.layers.1.attention.query_key_value.bias]
Loading weights:   7%|6         | 20/292 [00:00<00:09, 29.15it/s, Materializing param=gpt_neox.layers.1.attention.query_key_value.weight]
Loading weights:   7%|6         | 20/292 [00:00<00:09, 29.15it/s, Materializing param=gpt_neox.layers.1.attention.query_key_value.weight]
Loading weights:   7%|7         | 21/292 [00:00<00:09, 29.15it/s, Materializing param=gpt_neox.layers.1.input_layernorm.bias]            
Loading weights:   7%|7         | 21/292 [00:00<00:09, 29.15it/s, Materializing param=gpt_neox.layers.1.input_layernorm.bias]
Loading weights:   8%|7         | 22/292 [00:00<00:09, 29.15it/s, Materializing param=gpt_neox.layers.1.input_layernorm.weight]
Loading weights:   8%|7         | 22/292 [00:00<00:09, 29.15it/s, Materializing param=gpt_neox.layers.1.input_layernorm.weight]
Loading weights:   8%|7         | 23/292 [00:00<00:09, 29.15it/s, Materializing param=gpt_neox.layers.1.mlp.dense_4h_to_h.bias]
Loading weights:   8%|7         | 23/292 [00:00<00:09, 29.15it/s, Materializing param=gpt_neox.layers.1.mlp.dense_4h_to_h.bias]
Loading weights:   8%|8         | 24/292 [00:00<00:09, 29.15it/s, Materializing param=gpt_neox.layers.1.mlp.dense_4h_to_h.weight]
Loading weights:   8%|8         | 24/292 [00:00<00:09, 29.15it/s, Materializing param=gpt_neox.layers.1.mlp.dense_4h_to_h.weight]
Loading weights:   9%|8         | 25/292 [00:00<00:02, 107.14it/s, Materializing param=gpt_neox.layers.1.mlp.dense_4h_to_h.weight]
Loading weights:   9%|8         | 25/292 [00:00<00:02, 107.14it/s, Materializing param=gpt_neox.layers.1.mlp.dense_h_to_4h.bias]  
Loading weights:   9%|8         | 25/292 [00:00<00:02, 107.14it/s, Materializing param=gpt_neox.layers.1.mlp.dense_h_to_4h.bias]
Loading weights:   9%|8         | 26/292 [00:00<00:02, 107.14it/s, Materializing param=gpt_neox.layers.1.mlp.dense_h_to_4h.weight]
Loading weights:   9%|8         | 26/292 [00:00<00:02, 107.14it/s, Materializing param=gpt_neox.layers.1.mlp.dense_h_to_4h.weight]
Loading weights:   9%|9         | 27/292 [00:00<00:02, 107.14it/s, Materializing param=gpt_neox.layers.1.post_attention_layernorm.bias]
Loading weights:   9%|9         | 27/292 [00:00<00:02, 107.14it/s, Materializing param=gpt_neox.layers.1.post_attention_layernorm.bias]
Loading weights:  10%|9         | 28/292 [00:00<00:02, 107.14it/s, Materializing param=gpt_neox.layers.1.post_attention_layernorm.weight]
Loading weights:  10%|9         | 28/292 [00:00<00:02, 107.14it/s, Materializing param=gpt_neox.layers.1.post_attention_layernorm.weight]
Loading weights:  10%|9         | 29/292 [00:00<00:02, 107.14it/s, Materializing param=gpt_neox.layers.2.attention.dense.bias]           
Loading weights:  10%|9         | 29/292 [00:00<00:02, 107.14it/s, Materializing param=gpt_neox.layers.2.attention.dense.bias]
Loading weights:  10%|#         | 30/292 [00:00<00:02, 107.14it/s, Materializing param=gpt_neox.layers.2.attention.dense.weight]
Loading weights:  10%|#         | 30/292 [00:00<00:02, 107.14it/s, Materializing param=gpt_neox.layers.2.attention.dense.weight]
Loading weights:  11%|#         | 31/292 [00:00<00:02, 107.14it/s, Materializing param=gpt_neox.layers.2.attention.query_key_value.bias]
Loading weights:  11%|#         | 31/292 [00:00<00:02, 107.14it/s, Materializing param=gpt_neox.layers.2.attention.query_key_value.bias]
Loading weights:  11%|#         | 32/292 [00:00<00:02, 107.14it/s, Materializing param=gpt_neox.layers.2.attention.query_key_value.weight]
Loading weights:  11%|#         | 32/292 [00:00<00:02, 107.14it/s, Materializing param=gpt_neox.layers.2.attention.query_key_value.weight]
Loading weights:  11%|#1        | 33/292 [00:00<00:02, 107.14it/s, Materializing param=gpt_neox.layers.2.input_layernorm.bias]            
Loading weights:  11%|#1        | 33/292 [00:00<00:02, 107.14it/s, Materializing param=gpt_neox.layers.2.input_layernorm.bias]
Loading weights:  12%|#1        | 34/292 [00:00<00:02, 107.14it/s, Materializing param=gpt_neox.layers.2.input_layernorm.weight]
Loading weights:  12%|#1        | 34/292 [00:00<00:02, 107.14it/s, Materializing param=gpt_neox.layers.2.input_layernorm.weight]
Loading weights:  12%|#1        | 35/292 [00:00<00:02, 107.14it/s, Materializing param=gpt_neox.layers.2.mlp.dense_4h_to_h.bias]
Loading weights:  12%|#1        | 35/292 [00:00<00:02, 107.14it/s, Materializing param=gpt_neox.layers.2.mlp.dense_4h_to_h.bias]
Loading weights:  12%|#2        | 36/292 [00:00<00:02, 107.14it/s, Materializing param=gpt_neox.layers.2.mlp.dense_4h_to_h.weight]
Loading weights:  12%|#2        | 36/292 [00:00<00:02, 107.14it/s, Materializing param=gpt_neox.layers.2.mlp.dense_4h_to_h.weight]
Loading weights:  13%|#2        | 37/292 [00:00<00:02, 107.14it/s, Materializing param=gpt_neox.layers.2.mlp.dense_h_to_4h.bias]  
Loading weights:  13%|#2        | 37/292 [00:00<00:02, 107.14it/s, Materializing param=gpt_neox.layers.2.mlp.dense_h_to_4h.bias]
Loading weights:  13%|#3        | 38/292 [00:00<00:02, 107.14it/s, Materializing param=gpt_neox.layers.2.mlp.dense_h_to_4h.weight]
Loading weights:  13%|#3        | 38/292 [00:00<00:02, 107.14it/s, Materializing param=gpt_neox.layers.2.mlp.dense_h_to_4h.weight]
Loading weights:  13%|#3        | 39/292 [00:00<00:02, 107.14it/s, Materializing param=gpt_neox.layers.2.post_attention_layernorm.bias]
Loading weights:  13%|#3        | 39/292 [00:00<00:02, 107.14it/s, Materializing param=gpt_neox.layers.2.post_attention_layernorm.bias]
Loading weights:  14%|#3        | 40/292 [00:00<00:02, 107.14it/s, Materializing param=gpt_neox.layers.2.post_attention_layernorm.weight]
Loading weights:  14%|#3        | 40/292 [00:00<00:02, 107.14it/s, Materializing param=gpt_neox.layers.2.post_attention_layernorm.weight]
Loading weights:  14%|#4        | 41/292 [00:00<00:02, 107.14it/s, Materializing param=gpt_neox.layers.3.attention.dense.bias]           
Loading weights:  14%|#4        | 41/292 [00:00<00:02, 107.14it/s, Materializing param=gpt_neox.layers.3.attention.dense.bias]
Loading weights:  14%|#4        | 42/292 [00:00<00:02, 107.14it/s, Materializing param=gpt_neox.layers.3.attention.dense.weight]
Loading weights:  14%|#4        | 42/292 [00:00<00:02, 107.14it/s, Materializing param=gpt_neox.layers.3.attention.dense.weight]
Loading weights:  15%|#4        | 43/292 [00:00<00:02, 107.14it/s, Materializing param=gpt_neox.layers.3.attention.query_key_value.bias]
Loading weights:  15%|#4        | 43/292 [00:00<00:02, 107.14it/s, Materializing param=gpt_neox.layers.3.attention.query_key_value.bias]
Loading weights:  15%|#5        | 44/292 [00:00<00:02, 107.14it/s, Materializing param=gpt_neox.layers.3.attention.query_key_value.weight]
Loading weights:  15%|#5        | 44/292 [00:00<00:02, 107.14it/s, Materializing param=gpt_neox.layers.3.attention.query_key_value.weight]
Loading weights:  15%|#5        | 45/292 [00:00<00:01, 135.62it/s, Materializing param=gpt_neox.layers.3.attention.query_key_value.weight]
Loading weights:  15%|#5        | 45/292 [00:00<00:01, 135.62it/s, Materializing param=gpt_neox.layers.3.input_layernorm.bias]            
Loading weights:  15%|#5        | 45/292 [00:00<00:01, 135.62it/s, Materializing param=gpt_neox.layers.3.input_layernorm.bias]
Loading weights:  16%|#5        | 46/292 [00:00<00:01, 135.62it/s, Materializing param=gpt_neox.layers.3.input_layernorm.weight]
Loading weights:  16%|#5        | 46/292 [00:00<00:01, 135.62it/s, Materializing param=gpt_neox.layers.3.input_layernorm.weight]
Loading weights:  16%|#6        | 47/292 [00:00<00:01, 135.62it/s, Materializing param=gpt_neox.layers.3.mlp.dense_4h_to_h.bias]
Loading weights:  16%|#6        | 47/292 [00:00<00:01, 135.62it/s, Materializing param=gpt_neox.layers.3.mlp.dense_4h_to_h.bias]
Loading weights:  16%|#6        | 48/292 [00:00<00:01, 135.62it/s, Materializing param=gpt_neox.layers.3.mlp.dense_4h_to_h.weight]
Loading weights:  16%|#6        | 48/292 [00:00<00:01, 135.62it/s, Materializing param=gpt_neox.layers.3.mlp.dense_4h_to_h.weight]
Loading weights:  17%|#6        | 49/292 [00:00<00:01, 135.62it/s, Materializing param=gpt_neox.layers.3.mlp.dense_h_to_4h.bias]  
Loading weights:  17%|#6        | 49/292 [00:00<00:01, 135.62it/s, Materializing param=gpt_neox.layers.3.mlp.dense_h_to_4h.bias]
Loading weights:  17%|#7        | 50/292 [00:00<00:01, 135.62it/s, Materializing param=gpt_neox.layers.3.mlp.dense_h_to_4h.weight]
Loading weights:  17%|#7        | 50/292 [00:00<00:01, 135.62it/s, Materializing param=gpt_neox.layers.3.mlp.dense_h_to_4h.weight]
Loading weights:  17%|#7        | 51/292 [00:00<00:01, 135.62it/s, Materializing param=gpt_neox.layers.3.post_attention_layernorm.bias]
Loading weights:  17%|#7        | 51/292 [00:00<00:01, 135.62it/s, Materializing param=gpt_neox.layers.3.post_attention_layernorm.bias]
Loading weights:  18%|#7        | 52/292 [00:00<00:01, 135.62it/s, Materializing param=gpt_neox.layers.3.post_attention_layernorm.weight]
Loading weights:  18%|#7        | 52/292 [00:00<00:01, 135.62it/s, Materializing param=gpt_neox.layers.3.post_attention_layernorm.weight]
Loading weights:  18%|#8        | 53/292 [00:00<00:01, 135.62it/s, Materializing param=gpt_neox.layers.4.attention.dense.bias]           
Loading weights:  18%|#8        | 53/292 [00:00<00:01, 135.62it/s, Materializing param=gpt_neox.layers.4.attention.dense.bias]
Loading weights:  18%|#8        | 54/292 [00:00<00:01, 135.62it/s, Materializing param=gpt_neox.layers.4.attention.dense.weight]
Loading weights:  18%|#8        | 54/292 [00:00<00:01, 135.62it/s, Materializing param=gpt_neox.layers.4.attention.dense.weight]
Loading weights:  19%|#8        | 55/292 [00:00<00:01, 135.62it/s, Materializing param=gpt_neox.layers.4.attention.query_key_value.bias]
Loading weights:  19%|#8        | 55/292 [00:00<00:01, 135.62it/s, Materializing param=gpt_neox.layers.4.attention.query_key_value.bias]
Loading weights:  19%|#9        | 56/292 [00:00<00:01, 135.62it/s, Materializing param=gpt_neox.layers.4.attention.query_key_value.weight]
Loading weights:  19%|#9        | 56/292 [00:00<00:01, 135.62it/s, Materializing param=gpt_neox.layers.4.attention.query_key_value.weight]
Loading weights:  20%|#9        | 57/292 [00:00<00:01, 135.62it/s, Materializing param=gpt_neox.layers.4.input_layernorm.bias]            
Loading weights:  20%|#9        | 57/292 [00:00<00:01, 135.62it/s, Materializing param=gpt_neox.layers.4.input_layernorm.bias]
Loading weights:  20%|#9        | 58/292 [00:00<00:01, 135.62it/s, Materializing param=gpt_neox.layers.4.input_layernorm.weight]
Loading weights:  20%|#9        | 58/292 [00:00<00:01, 135.62it/s, Materializing param=gpt_neox.layers.4.input_layernorm.weight]
Loading weights:  20%|##        | 59/292 [00:00<00:01, 118.07it/s, Materializing param=gpt_neox.layers.4.input_layernorm.weight]
Loading weights:  20%|##        | 59/292 [00:00<00:01, 118.07it/s, Materializing param=gpt_neox.layers.4.mlp.dense_4h_to_h.bias]
Loading weights:  20%|##        | 59/292 [00:00<00:01, 118.07it/s, Materializing param=gpt_neox.layers.4.mlp.dense_4h_to_h.bias]
Loading weights:  21%|##        | 60/292 [00:00<00:01, 118.07it/s, Materializing param=gpt_neox.layers.4.mlp.dense_4h_to_h.weight]
Loading weights:  21%|##        | 60/292 [00:00<00:01, 118.07it/s, Materializing param=gpt_neox.layers.4.mlp.dense_4h_to_h.weight]
Loading weights:  21%|##        | 61/292 [00:00<00:01, 118.07it/s, Materializing param=gpt_neox.layers.4.mlp.dense_h_to_4h.bias]  
Loading weights:  21%|##        | 61/292 [00:00<00:01, 118.07it/s, Materializing param=gpt_neox.layers.4.mlp.dense_h_to_4h.bias]
Loading weights:  21%|##1       | 62/292 [00:00<00:01, 118.07it/s, Materializing param=gpt_neox.layers.4.mlp.dense_h_to_4h.weight]
Loading weights:  21%|##1       | 62/292 [00:00<00:01, 118.07it/s, Materializing param=gpt_neox.layers.4.mlp.dense_h_to_4h.weight]
Loading weights:  22%|##1       | 63/292 [00:00<00:01, 118.07it/s, Materializing param=gpt_neox.layers.4.post_attention_layernorm.bias]
Loading weights:  22%|##1       | 63/292 [00:00<00:01, 118.07it/s, Materializing param=gpt_neox.layers.4.post_attention_layernorm.bias]
Loading weights:  22%|##1       | 64/292 [00:00<00:01, 118.07it/s, Materializing param=gpt_neox.layers.4.post_attention_layernorm.weight]
Loading weights:  22%|##1       | 64/292 [00:00<00:01, 118.07it/s, Materializing param=gpt_neox.layers.4.post_attention_layernorm.weight]
Loading weights:  22%|##2       | 65/292 [00:00<00:01, 118.07it/s, Materializing param=gpt_neox.layers.5.attention.dense.bias]           
Loading weights:  22%|##2       | 65/292 [00:00<00:01, 118.07it/s, Materializing param=gpt_neox.layers.5.attention.dense.bias]
Loading weights:  23%|##2       | 66/292 [00:00<00:01, 118.07it/s, Materializing param=gpt_neox.layers.5.attention.dense.weight]
Loading weights:  23%|##2       | 66/292 [00:00<00:01, 118.07it/s, Materializing param=gpt_neox.layers.5.attention.dense.weight]
Loading weights:  23%|##2       | 67/292 [00:00<00:01, 118.07it/s, Materializing param=gpt_neox.layers.5.attention.query_key_value.bias]
Loading weights:  23%|##2       | 67/292 [00:00<00:01, 118.07it/s, Materializing param=gpt_neox.layers.5.attention.query_key_value.bias]
Loading weights:  23%|##3       | 68/292 [00:00<00:01, 118.07it/s, Materializing param=gpt_neox.layers.5.attention.query_key_value.weight]
Loading weights:  23%|##3       | 68/292 [00:00<00:01, 118.07it/s, Materializing param=gpt_neox.layers.5.attention.query_key_value.weight]
Loading weights:  24%|##3       | 69/292 [00:00<00:01, 118.07it/s, Materializing param=gpt_neox.layers.5.input_layernorm.bias]            
Loading weights:  24%|##3       | 69/292 [00:00<00:01, 118.07it/s, Materializing param=gpt_neox.layers.5.input_layernorm.bias]
Loading weights:  24%|##3       | 70/292 [00:00<00:01, 118.07it/s, Materializing param=gpt_neox.layers.5.input_layernorm.weight]
Loading weights:  24%|##3       | 70/292 [00:00<00:01, 118.07it/s, Materializing param=gpt_neox.layers.5.input_layernorm.weight]
Loading weights:  24%|##4       | 71/292 [00:00<00:01, 117.16it/s, Materializing param=gpt_neox.layers.5.input_layernorm.weight]
Loading weights:  24%|##4       | 71/292 [00:00<00:01, 117.16it/s, Materializing param=gpt_neox.layers.5.mlp.dense_4h_to_h.bias]
Loading weights:  24%|##4       | 71/292 [00:00<00:01, 117.16it/s, Materializing param=gpt_neox.layers.5.mlp.dense_4h_to_h.bias]
Loading weights:  25%|##4       | 72/292 [00:00<00:01, 117.16it/s, Materializing param=gpt_neox.layers.5.mlp.dense_4h_to_h.weight]
Loading weights:  25%|##4       | 72/292 [00:00<00:01, 117.16it/s, Materializing param=gpt_neox.layers.5.mlp.dense_4h_to_h.weight]
Loading weights:  25%|##5       | 73/292 [00:00<00:01, 117.16it/s, Materializing param=gpt_neox.layers.5.mlp.dense_h_to_4h.bias]  
Loading weights:  25%|##5       | 73/292 [00:00<00:01, 117.16it/s, Materializing param=gpt_neox.layers.5.mlp.dense_h_to_4h.bias]
Loading weights:  25%|##5       | 74/292 [00:00<00:01, 117.16it/s, Materializing param=gpt_neox.layers.5.mlp.dense_h_to_4h.weight]
Loading weights:  25%|##5       | 74/292 [00:00<00:01, 117.16it/s, Materializing param=gpt_neox.layers.5.mlp.dense_h_to_4h.weight]
Loading weights:  26%|##5       | 75/292 [00:00<00:01, 117.16it/s, Materializing param=gpt_neox.layers.5.post_attention_layernorm.bias]
Loading weights:  26%|##5       | 75/292 [00:00<00:01, 117.16it/s, Materializing param=gpt_neox.layers.5.post_attention_layernorm.bias]
Loading weights:  26%|##6       | 76/292 [00:00<00:01, 117.16it/s, Materializing param=gpt_neox.layers.5.post_attention_layernorm.weight]
Loading weights:  26%|##6       | 76/292 [00:00<00:01, 117.16it/s, Materializing param=gpt_neox.layers.5.post_attention_layernorm.weight]
Loading weights:  26%|##6       | 77/292 [00:00<00:01, 117.16it/s, Materializing param=gpt_neox.layers.6.attention.dense.bias]           
Loading weights:  26%|##6       | 77/292 [00:00<00:01, 117.16it/s, Materializing param=gpt_neox.layers.6.attention.dense.bias]
Loading weights:  27%|##6       | 78/292 [00:00<00:01, 117.16it/s, Materializing param=gpt_neox.layers.6.attention.dense.weight]
Loading weights:  27%|##6       | 78/292 [00:00<00:01, 117.16it/s, Materializing param=gpt_neox.layers.6.attention.dense.weight]
Loading weights:  27%|##7       | 79/292 [00:00<00:01, 117.16it/s, Materializing param=gpt_neox.layers.6.attention.query_key_value.bias]
Loading weights:  27%|##7       | 79/292 [00:00<00:01, 117.16it/s, Materializing param=gpt_neox.layers.6.attention.query_key_value.bias]
Loading weights:  27%|##7       | 80/292 [00:00<00:01, 117.16it/s, Materializing param=gpt_neox.layers.6.attention.query_key_value.weight]
Loading weights:  27%|##7       | 80/292 [00:00<00:01, 117.16it/s, Materializing param=gpt_neox.layers.6.attention.query_key_value.weight]
Loading weights:  28%|##7       | 81/292 [00:00<00:01, 117.16it/s, Materializing param=gpt_neox.layers.6.input_layernorm.bias]            
Loading weights:  28%|##7       | 81/292 [00:00<00:01, 117.16it/s, Materializing param=gpt_neox.layers.6.input_layernorm.bias]
Loading weights:  28%|##8       | 82/292 [00:00<00:01, 117.16it/s, Materializing param=gpt_neox.layers.6.input_layernorm.weight]
Loading weights:  28%|##8       | 82/292 [00:00<00:01, 117.16it/s, Materializing param=gpt_neox.layers.6.input_layernorm.weight]
Loading weights:  28%|##8       | 83/292 [00:00<00:01, 117.97it/s, Materializing param=gpt_neox.layers.6.input_layernorm.weight]
Loading weights:  28%|##8       | 83/292 [00:00<00:01, 117.97it/s, Materializing param=gpt_neox.layers.6.mlp.dense_4h_to_h.bias]
Loading weights:  28%|##8       | 83/292 [00:00<00:01, 117.97it/s, Materializing param=gpt_neox.layers.6.mlp.dense_4h_to_h.bias]
Loading weights:  29%|##8       | 84/292 [00:00<00:01, 117.97it/s, Materializing param=gpt_neox.layers.6.mlp.dense_4h_to_h.weight]
Loading weights:  29%|##8       | 84/292 [00:00<00:01, 117.97it/s, Materializing param=gpt_neox.layers.6.mlp.dense_4h_to_h.weight]
Loading weights:  29%|##9       | 85/292 [00:00<00:01, 117.97it/s, Materializing param=gpt_neox.layers.6.mlp.dense_h_to_4h.bias]  
Loading weights:  29%|##9       | 85/292 [00:00<00:01, 117.97it/s, Materializing param=gpt_neox.layers.6.mlp.dense_h_to_4h.bias]
Loading weights:  29%|##9       | 86/292 [00:00<00:01, 117.97it/s, Materializing param=gpt_neox.layers.6.mlp.dense_h_to_4h.weight]
Loading weights:  29%|##9       | 86/292 [00:00<00:01, 117.97it/s, Materializing param=gpt_neox.layers.6.mlp.dense_h_to_4h.weight]
Loading weights:  30%|##9       | 87/292 [00:00<00:01, 117.97it/s, Materializing param=gpt_neox.layers.6.post_attention_layernorm.bias]
Loading weights:  30%|##9       | 87/292 [00:00<00:01, 117.97it/s, Materializing param=gpt_neox.layers.6.post_attention_layernorm.bias]
Loading weights:  30%|###       | 88/292 [00:00<00:01, 117.97it/s, Materializing param=gpt_neox.layers.6.post_attention_layernorm.weight]
Loading weights:  30%|###       | 88/292 [00:00<00:01, 117.97it/s, Materializing param=gpt_neox.layers.6.post_attention_layernorm.weight]
Loading weights:  30%|###       | 89/292 [00:00<00:01, 117.97it/s, Materializing param=gpt_neox.layers.7.attention.dense.bias]           
Loading weights:  30%|###       | 89/292 [00:00<00:01, 117.97it/s, Materializing param=gpt_neox.layers.7.attention.dense.bias]
Loading weights:  31%|###       | 90/292 [00:00<00:01, 117.97it/s, Materializing param=gpt_neox.layers.7.attention.dense.weight]
Loading weights:  31%|###       | 90/292 [00:00<00:01, 117.97it/s, Materializing param=gpt_neox.layers.7.attention.dense.weight]
Loading weights:  31%|###1      | 91/292 [00:00<00:01, 117.97it/s, Materializing param=gpt_neox.layers.7.attention.query_key_value.bias]
Loading weights:  31%|###1      | 91/292 [00:00<00:01, 117.97it/s, Materializing param=gpt_neox.layers.7.attention.query_key_value.bias]
Loading weights:  32%|###1      | 92/292 [00:00<00:01, 117.97it/s, Materializing param=gpt_neox.layers.7.attention.query_key_value.weight]
Loading weights:  32%|###1      | 92/292 [00:00<00:01, 117.97it/s, Materializing param=gpt_neox.layers.7.attention.query_key_value.weight]
Loading weights:  32%|###1      | 93/292 [00:00<00:01, 117.97it/s, Materializing param=gpt_neox.layers.7.input_layernorm.bias]            
Loading weights:  32%|###1      | 93/292 [00:00<00:01, 117.97it/s, Materializing param=gpt_neox.layers.7.input_layernorm.bias]
Loading weights:  32%|###2      | 94/292 [00:00<00:01, 117.97it/s, Materializing param=gpt_neox.layers.7.input_layernorm.weight]
Loading weights:  32%|###2      | 94/292 [00:00<00:01, 117.97it/s, Materializing param=gpt_neox.layers.7.input_layernorm.weight]
Loading weights:  33%|###2      | 95/292 [00:00<00:02, 91.89it/s, Materializing param=gpt_neox.layers.7.input_layernorm.weight] 
Loading weights:  33%|###2      | 95/292 [00:00<00:02, 91.89it/s, Materializing param=gpt_neox.layers.7.mlp.dense_4h_to_h.bias]
Loading weights:  33%|###2      | 95/292 [00:00<00:02, 91.89it/s, Materializing param=gpt_neox.layers.7.mlp.dense_4h_to_h.bias]
Loading weights:  33%|###2      | 96/292 [00:00<00:02, 91.89it/s, Materializing param=gpt_neox.layers.7.mlp.dense_4h_to_h.weight]
Loading weights:  33%|###2      | 96/292 [00:00<00:02, 91.89it/s, Materializing param=gpt_neox.layers.7.mlp.dense_4h_to_h.weight]
Loading weights:  33%|###3      | 97/292 [00:00<00:02, 91.89it/s, Materializing param=gpt_neox.layers.7.mlp.dense_h_to_4h.bias]  
Loading weights:  33%|###3      | 97/292 [00:00<00:02, 91.89it/s, Materializing param=gpt_neox.layers.7.mlp.dense_h_to_4h.bias]
Loading weights:  34%|###3      | 98/292 [00:00<00:02, 91.89it/s, Materializing param=gpt_neox.layers.7.mlp.dense_h_to_4h.weight]
Loading weights:  34%|###3      | 98/292 [00:00<00:02, 91.89it/s, Materializing param=gpt_neox.layers.7.mlp.dense_h_to_4h.weight]
Loading weights:  34%|###3      | 99/292 [00:00<00:02, 91.89it/s, Materializing param=gpt_neox.layers.7.post_attention_layernorm.bias]
Loading weights:  34%|###3      | 99/292 [00:00<00:02, 91.89it/s, Materializing param=gpt_neox.layers.7.post_attention_layernorm.bias]
Loading weights:  34%|###4      | 100/292 [00:00<00:02, 91.89it/s, Materializing param=gpt_neox.layers.7.post_attention_layernorm.weight]
Loading weights:  34%|###4      | 100/292 [00:00<00:02, 91.89it/s, Materializing param=gpt_neox.layers.7.post_attention_layernorm.weight]
Loading weights:  35%|###4      | 101/292 [00:00<00:02, 91.89it/s, Materializing param=gpt_neox.layers.8.attention.dense.bias]           
Loading weights:  35%|###4      | 101/292 [00:00<00:02, 91.89it/s, Materializing param=gpt_neox.layers.8.attention.dense.bias]
Loading weights:  35%|###4      | 102/292 [00:00<00:02, 91.89it/s, Materializing param=gpt_neox.layers.8.attention.dense.weight]
Loading weights:  35%|###4      | 102/292 [00:00<00:02, 91.89it/s, Materializing param=gpt_neox.layers.8.attention.dense.weight]
Loading weights:  35%|###5      | 103/292 [00:00<00:02, 91.89it/s, Materializing param=gpt_neox.layers.8.attention.query_key_value.bias]
Loading weights:  35%|###5      | 103/292 [00:00<00:02, 91.89it/s, Materializing param=gpt_neox.layers.8.attention.query_key_value.bias]
Loading weights:  36%|###5      | 104/292 [00:00<00:02, 91.89it/s, Materializing param=gpt_neox.layers.8.attention.query_key_value.weight]
Loading weights:  36%|###5      | 104/292 [00:00<00:02, 91.89it/s, Materializing param=gpt_neox.layers.8.attention.query_key_value.weight]
Loading weights:  36%|###5      | 105/292 [00:00<00:02, 91.89it/s, Materializing param=gpt_neox.layers.8.input_layernorm.bias]            
Loading weights:  36%|###5      | 105/292 [00:00<00:02, 91.89it/s, Materializing param=gpt_neox.layers.8.input_layernorm.bias]
Loading weights:  36%|###6      | 106/292 [00:00<00:02, 91.89it/s, Materializing param=gpt_neox.layers.8.input_layernorm.weight]
Loading weights:  36%|###6      | 106/292 [00:00<00:02, 91.89it/s, Materializing param=gpt_neox.layers.8.input_layernorm.weight]
Loading weights:  37%|###6      | 107/292 [00:00<00:02, 91.89it/s, Materializing param=gpt_neox.layers.8.mlp.dense_4h_to_h.bias]
Loading weights:  37%|###6      | 107/292 [00:00<00:02, 91.89it/s, Materializing param=gpt_neox.layers.8.mlp.dense_4h_to_h.bias]
Loading weights:  37%|###6      | 108/292 [00:00<00:02, 91.89it/s, Materializing param=gpt_neox.layers.8.mlp.dense_4h_to_h.weight]
Loading weights:  37%|###6      | 108/292 [00:00<00:02, 91.89it/s, Materializing param=gpt_neox.layers.8.mlp.dense_4h_to_h.weight]
Loading weights:  37%|###7      | 109/292 [00:00<00:01, 91.89it/s, Materializing param=gpt_neox.layers.8.mlp.dense_h_to_4h.bias]  
Loading weights:  37%|###7      | 109/292 [00:00<00:01, 91.89it/s, Materializing param=gpt_neox.layers.8.mlp.dense_h_to_4h.bias]
Loading weights:  38%|###7      | 110/292 [00:00<00:01, 91.89it/s, Materializing param=gpt_neox.layers.8.mlp.dense_h_to_4h.weight]
Loading weights:  38%|###7      | 110/292 [00:00<00:01, 91.89it/s, Materializing param=gpt_neox.layers.8.mlp.dense_h_to_4h.weight]
Loading weights:  38%|###8      | 111/292 [00:01<00:01, 91.89it/s, Materializing param=gpt_neox.layers.8.post_attention_layernorm.bias]
Loading weights:  38%|###8      | 111/292 [00:01<00:01, 91.89it/s, Materializing param=gpt_neox.layers.8.post_attention_layernorm.bias]
Loading weights:  38%|###8      | 112/292 [00:01<00:01, 91.89it/s, Materializing param=gpt_neox.layers.8.post_attention_layernorm.weight]
Loading weights:  38%|###8      | 112/292 [00:01<00:01, 91.89it/s, Materializing param=gpt_neox.layers.8.post_attention_layernorm.weight]
Loading weights:  39%|###8      | 113/292 [00:01<00:01, 91.89it/s, Materializing param=gpt_neox.layers.9.attention.dense.bias]           
Loading weights:  39%|###8      | 113/292 [00:01<00:01, 91.89it/s, Materializing param=gpt_neox.layers.9.attention.dense.bias]
Loading weights:  39%|###9      | 114/292 [00:01<00:01, 91.89it/s, Materializing param=gpt_neox.layers.9.attention.dense.weight]
Loading weights:  39%|###9      | 114/292 [00:01<00:01, 91.89it/s, Materializing param=gpt_neox.layers.9.attention.dense.weight]
Loading weights:  39%|###9      | 115/292 [00:01<00:01, 102.96it/s, Materializing param=gpt_neox.layers.9.attention.dense.weight]
Loading weights:  39%|###9      | 115/292 [00:01<00:01, 102.96it/s, Materializing param=gpt_neox.layers.9.attention.query_key_value.bias]
Loading weights:  39%|###9      | 115/292 [00:01<00:01, 102.96it/s, Materializing param=gpt_neox.layers.9.attention.query_key_value.bias]
Loading weights:  40%|###9      | 116/292 [00:01<00:01, 102.96it/s, Materializing param=gpt_neox.layers.9.attention.query_key_value.weight]
Loading weights:  40%|###9      | 116/292 [00:01<00:01, 102.96it/s, Materializing param=gpt_neox.layers.9.attention.query_key_value.weight]
Loading weights:  40%|####      | 117/292 [00:01<00:01, 102.96it/s, Materializing param=gpt_neox.layers.9.input_layernorm.bias]            
Loading weights:  40%|####      | 117/292 [00:01<00:01, 102.96it/s, Materializing param=gpt_neox.layers.9.input_layernorm.bias]
Loading weights:  40%|####      | 118/292 [00:01<00:01, 102.96it/s, Materializing param=gpt_neox.layers.9.input_layernorm.weight]
Loading weights:  40%|####      | 118/292 [00:01<00:01, 102.96it/s, Materializing param=gpt_neox.layers.9.input_layernorm.weight]
Loading weights:  41%|####      | 119/292 [00:01<00:01, 102.96it/s, Materializing param=gpt_neox.layers.9.mlp.dense_4h_to_h.bias]
Loading weights:  41%|####      | 119/292 [00:01<00:01, 102.96it/s, Materializing param=gpt_neox.layers.9.mlp.dense_4h_to_h.bias]
Loading weights:  41%|####1     | 120/292 [00:01<00:01, 102.96it/s, Materializing param=gpt_neox.layers.9.mlp.dense_4h_to_h.weight]
Loading weights:  41%|####1     | 120/292 [00:01<00:01, 102.96it/s, Materializing param=gpt_neox.layers.9.mlp.dense_4h_to_h.weight]
Loading weights:  41%|####1     | 121/292 [00:01<00:01, 102.96it/s, Materializing param=gpt_neox.layers.9.mlp.dense_h_to_4h.bias]  
Loading weights:  41%|####1     | 121/292 [00:01<00:01, 102.96it/s, Materializing param=gpt_neox.layers.9.mlp.dense_h_to_4h.bias]
Loading weights:  42%|####1     | 122/292 [00:01<00:01, 102.96it/s, Materializing param=gpt_neox.layers.9.mlp.dense_h_to_4h.weight]
Loading weights:  42%|####1     | 122/292 [00:01<00:01, 102.96it/s, Materializing param=gpt_neox.layers.9.mlp.dense_h_to_4h.weight]
Loading weights:  42%|####2     | 123/292 [00:01<00:01, 102.96it/s, Materializing param=gpt_neox.layers.9.post_attention_layernorm.bias]
Loading weights:  42%|####2     | 123/292 [00:01<00:01, 102.96it/s, Materializing param=gpt_neox.layers.9.post_attention_layernorm.bias]
Loading weights:  42%|####2     | 124/292 [00:01<00:01, 102.96it/s, Materializing param=gpt_neox.layers.9.post_attention_layernorm.weight]
Loading weights:  42%|####2     | 124/292 [00:01<00:01, 102.96it/s, Materializing param=gpt_neox.layers.9.post_attention_layernorm.weight]
Loading weights:  43%|####2     | 125/292 [00:01<00:01, 102.96it/s, Materializing param=gpt_neox.layers.10.attention.dense.bias]          
Loading weights:  43%|####2     | 125/292 [00:01<00:01, 102.96it/s, Materializing param=gpt_neox.layers.10.attention.dense.bias]
Loading weights:  43%|####3     | 126/292 [00:01<00:01, 87.67it/s, Materializing param=gpt_neox.layers.10.attention.dense.bias] 
Loading weights:  43%|####3     | 126/292 [00:01<00:01, 87.67it/s, Materializing param=gpt_neox.layers.10.attention.dense.weight]
Loading weights:  43%|####3     | 126/292 [00:01<00:01, 87.67it/s, Materializing param=gpt_neox.layers.10.attention.dense.weight]
Loading weights:  43%|####3     | 127/292 [00:01<00:01, 87.67it/s, Materializing param=gpt_neox.layers.10.attention.query_key_value.bias]
Loading weights:  43%|####3     | 127/292 [00:01<00:01, 87.67it/s, Materializing param=gpt_neox.layers.10.attention.query_key_value.bias]
Loading weights:  44%|####3     | 128/292 [00:01<00:01, 87.67it/s, Materializing param=gpt_neox.layers.10.attention.query_key_value.weight]
Loading weights:  44%|####3     | 128/292 [00:01<00:01, 87.67it/s, Materializing param=gpt_neox.layers.10.attention.query_key_value.weight]
Loading weights:  44%|####4     | 129/292 [00:01<00:01, 87.67it/s, Materializing param=gpt_neox.layers.10.input_layernorm.bias]            
Loading weights:  44%|####4     | 129/292 [00:01<00:01, 87.67it/s, Materializing param=gpt_neox.layers.10.input_layernorm.bias]
Loading weights:  45%|####4     | 130/292 [00:01<00:01, 87.67it/s, Materializing param=gpt_neox.layers.10.input_layernorm.weight]
Loading weights:  45%|####4     | 130/292 [00:01<00:01, 87.67it/s, Materializing param=gpt_neox.layers.10.input_layernorm.weight]
Loading weights:  45%|####4     | 131/292 [00:01<00:01, 87.67it/s, Materializing param=gpt_neox.layers.10.mlp.dense_4h_to_h.bias]
Loading weights:  45%|####4     | 131/292 [00:01<00:01, 87.67it/s, Materializing param=gpt_neox.layers.10.mlp.dense_4h_to_h.bias]
Loading weights:  45%|####5     | 132/292 [00:01<00:01, 87.67it/s, Materializing param=gpt_neox.layers.10.mlp.dense_4h_to_h.weight]
Loading weights:  45%|####5     | 132/292 [00:01<00:01, 87.67it/s, Materializing param=gpt_neox.layers.10.mlp.dense_4h_to_h.weight]
Loading weights:  46%|####5     | 133/292 [00:01<00:01, 87.67it/s, Materializing param=gpt_neox.layers.10.mlp.dense_h_to_4h.bias]  
Loading weights:  46%|####5     | 133/292 [00:01<00:01, 87.67it/s, Materializing param=gpt_neox.layers.10.mlp.dense_h_to_4h.bias]
Loading weights:  46%|####5     | 134/292 [00:01<00:01, 87.67it/s, Materializing param=gpt_neox.layers.10.mlp.dense_h_to_4h.weight]
Loading weights:  46%|####5     | 134/292 [00:01<00:01, 87.67it/s, Materializing param=gpt_neox.layers.10.mlp.dense_h_to_4h.weight]
Loading weights:  46%|####6     | 135/292 [00:01<00:01, 87.67it/s, Materializing param=gpt_neox.layers.10.post_attention_layernorm.bias]
Loading weights:  46%|####6     | 135/292 [00:01<00:01, 87.67it/s, Materializing param=gpt_neox.layers.10.post_attention_layernorm.bias]
Loading weights:  47%|####6     | 136/292 [00:01<00:01, 79.86it/s, Materializing param=gpt_neox.layers.10.post_attention_layernorm.bias]
Loading weights:  47%|####6     | 136/292 [00:01<00:01, 79.86it/s, Materializing param=gpt_neox.layers.10.post_attention_layernorm.weight]
Loading weights:  47%|####6     | 136/292 [00:01<00:01, 79.86it/s, Materializing param=gpt_neox.layers.10.post_attention_layernorm.weight]
Loading weights:  47%|####6     | 137/292 [00:01<00:01, 79.86it/s, Materializing param=gpt_neox.layers.11.attention.dense.bias]           
Loading weights:  47%|####6     | 137/292 [00:01<00:01, 79.86it/s, Materializing param=gpt_neox.layers.11.attention.dense.bias]
Loading weights:  47%|####7     | 138/292 [00:01<00:01, 79.86it/s, Materializing param=gpt_neox.layers.11.attention.dense.weight]
Loading weights:  47%|####7     | 138/292 [00:01<00:01, 79.86it/s, Materializing param=gpt_neox.layers.11.attention.dense.weight]
Loading weights:  48%|####7     | 139/292 [00:01<00:01, 79.86it/s, Materializing param=gpt_neox.layers.11.attention.query_key_value.bias]
Loading weights:  48%|####7     | 139/292 [00:01<00:01, 79.86it/s, Materializing param=gpt_neox.layers.11.attention.query_key_value.bias]
Loading weights:  48%|####7     | 140/292 [00:01<00:01, 79.86it/s, Materializing param=gpt_neox.layers.11.attention.query_key_value.weight]
Loading weights:  48%|####7     | 140/292 [00:01<00:01, 79.86it/s, Materializing param=gpt_neox.layers.11.attention.query_key_value.weight]
Loading weights:  48%|####8     | 141/292 [00:01<00:01, 79.86it/s, Materializing param=gpt_neox.layers.11.input_layernorm.bias]            
Loading weights:  48%|####8     | 141/292 [00:01<00:01, 79.86it/s, Materializing param=gpt_neox.layers.11.input_layernorm.bias]
Loading weights:  49%|####8     | 142/292 [00:01<00:01, 79.86it/s, Materializing param=gpt_neox.layers.11.input_layernorm.weight]
Loading weights:  49%|####8     | 142/292 [00:01<00:01, 79.86it/s, Materializing param=gpt_neox.layers.11.input_layernorm.weight]
Loading weights:  49%|####8     | 143/292 [00:01<00:01, 79.86it/s, Materializing param=gpt_neox.layers.11.mlp.dense_4h_to_h.bias]
Loading weights:  49%|####8     | 143/292 [00:01<00:01, 79.86it/s, Materializing param=gpt_neox.layers.11.mlp.dense_4h_to_h.bias]
Loading weights:  49%|####9     | 144/292 [00:01<00:01, 79.86it/s, Materializing param=gpt_neox.layers.11.mlp.dense_4h_to_h.weight]
Loading weights:  49%|####9     | 144/292 [00:01<00:01, 79.86it/s, Materializing param=gpt_neox.layers.11.mlp.dense_4h_to_h.weight]
Loading weights:  50%|####9     | 145/292 [00:01<00:01, 79.86it/s, Materializing param=gpt_neox.layers.11.mlp.dense_h_to_4h.bias]  
Loading weights:  50%|####9     | 145/292 [00:01<00:01, 79.86it/s, Materializing param=gpt_neox.layers.11.mlp.dense_h_to_4h.bias]
Loading weights:  50%|#####     | 146/292 [00:01<00:01, 79.86it/s, Materializing param=gpt_neox.layers.11.mlp.dense_h_to_4h.weight]
Loading weights:  50%|#####     | 146/292 [00:01<00:01, 79.86it/s, Materializing param=gpt_neox.layers.11.mlp.dense_h_to_4h.weight]
Loading weights:  50%|#####     | 147/292 [00:01<00:01, 79.86it/s, Materializing param=gpt_neox.layers.11.post_attention_layernorm.bias]
Loading weights:  50%|#####     | 147/292 [00:01<00:01, 79.86it/s, Materializing param=gpt_neox.layers.11.post_attention_layernorm.bias]
Loading weights:  51%|#####     | 148/292 [00:01<00:01, 79.86it/s, Materializing param=gpt_neox.layers.11.post_attention_layernorm.weight]
Loading weights:  51%|#####     | 148/292 [00:01<00:01, 79.86it/s, Materializing param=gpt_neox.layers.11.post_attention_layernorm.weight]
Loading weights:  51%|#####1    | 149/292 [00:01<00:01, 79.86it/s, Materializing param=gpt_neox.layers.12.attention.dense.bias]           
Loading weights:  51%|#####1    | 149/292 [00:01<00:01, 79.86it/s, Materializing param=gpt_neox.layers.12.attention.dense.bias]
Loading weights:  51%|#####1    | 150/292 [00:01<00:01, 79.86it/s, Materializing param=gpt_neox.layers.12.attention.dense.weight]
Loading weights:  51%|#####1    | 150/292 [00:01<00:01, 79.86it/s, Materializing param=gpt_neox.layers.12.attention.dense.weight]
Loading weights:  52%|#####1    | 151/292 [00:01<00:01, 79.86it/s, Materializing param=gpt_neox.layers.12.attention.query_key_value.bias]
Loading weights:  52%|#####1    | 151/292 [00:01<00:01, 79.86it/s, Materializing param=gpt_neox.layers.12.attention.query_key_value.bias]
Loading weights:  52%|#####2    | 152/292 [00:01<00:01, 79.86it/s, Materializing param=gpt_neox.layers.12.attention.query_key_value.weight]
Loading weights:  52%|#####2    | 152/292 [00:01<00:01, 79.86it/s, Materializing param=gpt_neox.layers.12.attention.query_key_value.weight]
Loading weights:  52%|#####2    | 153/292 [00:01<00:01, 89.75it/s, Materializing param=gpt_neox.layers.12.attention.query_key_value.weight]
Loading weights:  52%|#####2    | 153/292 [00:01<00:01, 89.75it/s, Materializing param=gpt_neox.layers.12.input_layernorm.bias]            
Loading weights:  52%|#####2    | 153/292 [00:01<00:01, 89.75it/s, Materializing param=gpt_neox.layers.12.input_layernorm.bias]
Loading weights:  53%|#####2    | 154/292 [00:01<00:01, 89.75it/s, Materializing param=gpt_neox.layers.12.input_layernorm.weight]
Loading weights:  53%|#####2    | 154/292 [00:01<00:01, 89.75it/s, Materializing param=gpt_neox.layers.12.input_layernorm.weight]
Loading weights:  53%|#####3    | 155/292 [00:01<00:01, 89.75it/s, Materializing param=gpt_neox.layers.12.mlp.dense_4h_to_h.bias]
Loading weights:  53%|#####3    | 155/292 [00:01<00:01, 89.75it/s, Materializing param=gpt_neox.layers.12.mlp.dense_4h_to_h.bias]
Loading weights:  53%|#####3    | 156/292 [00:01<00:01, 89.75it/s, Materializing param=gpt_neox.layers.12.mlp.dense_4h_to_h.weight]
Loading weights:  53%|#####3    | 156/292 [00:01<00:01, 89.75it/s, Materializing param=gpt_neox.layers.12.mlp.dense_4h_to_h.weight]
Loading weights:  54%|#####3    | 157/292 [00:01<00:01, 89.75it/s, Materializing param=gpt_neox.layers.12.mlp.dense_h_to_4h.bias]  
Loading weights:  54%|#####3    | 157/292 [00:01<00:01, 89.75it/s, Materializing param=gpt_neox.layers.12.mlp.dense_h_to_4h.bias]
Loading weights:  54%|#####4    | 158/292 [00:01<00:01, 89.75it/s, Materializing param=gpt_neox.layers.12.mlp.dense_h_to_4h.weight]
Loading weights:  54%|#####4    | 158/292 [00:01<00:01, 89.75it/s, Materializing param=gpt_neox.layers.12.mlp.dense_h_to_4h.weight]
Loading weights:  54%|#####4    | 159/292 [00:01<00:01, 89.75it/s, Materializing param=gpt_neox.layers.12.post_attention_layernorm.bias]
Loading weights:  54%|#####4    | 159/292 [00:01<00:01, 89.75it/s, Materializing param=gpt_neox.layers.12.post_attention_layernorm.bias]
Loading weights:  55%|#####4    | 160/292 [00:01<00:01, 89.75it/s, Materializing param=gpt_neox.layers.12.post_attention_layernorm.weight]
Loading weights:  55%|#####4    | 160/292 [00:01<00:01, 89.75it/s, Materializing param=gpt_neox.layers.12.post_attention_layernorm.weight]
Loading weights:  55%|#####5    | 161/292 [00:01<00:01, 89.75it/s, Materializing param=gpt_neox.layers.13.attention.dense.bias]           
Loading weights:  55%|#####5    | 161/292 [00:01<00:01, 89.75it/s, Materializing param=gpt_neox.layers.13.attention.dense.bias]
Loading weights:  55%|#####5    | 162/292 [00:01<00:01, 89.75it/s, Materializing param=gpt_neox.layers.13.attention.dense.weight]
Loading weights:  55%|#####5    | 162/292 [00:01<00:01, 89.75it/s, Materializing param=gpt_neox.layers.13.attention.dense.weight]
Loading weights:  56%|#####5    | 163/292 [00:01<00:01, 87.43it/s, Materializing param=gpt_neox.layers.13.attention.dense.weight]
Loading weights:  56%|#####5    | 163/292 [00:01<00:01, 87.43it/s, Materializing param=gpt_neox.layers.13.attention.query_key_value.bias]
Loading weights:  56%|#####5    | 163/292 [00:01<00:01, 87.43it/s, Materializing param=gpt_neox.layers.13.attention.query_key_value.bias]
Loading weights:  56%|#####6    | 164/292 [00:01<00:01, 87.43it/s, Materializing param=gpt_neox.layers.13.attention.query_key_value.weight]
Loading weights:  56%|#####6    | 164/292 [00:01<00:01, 87.43it/s, Materializing param=gpt_neox.layers.13.attention.query_key_value.weight]
Loading weights:  57%|#####6    | 165/292 [00:01<00:01, 87.43it/s, Materializing param=gpt_neox.layers.13.input_layernorm.bias]            
Loading weights:  57%|#####6    | 165/292 [00:01<00:01, 87.43it/s, Materializing param=gpt_neox.layers.13.input_layernorm.bias]
Loading weights:  57%|#####6    | 166/292 [00:01<00:01, 87.43it/s, Materializing param=gpt_neox.layers.13.input_layernorm.weight]
Loading weights:  57%|#####6    | 166/292 [00:01<00:01, 87.43it/s, Materializing param=gpt_neox.layers.13.input_layernorm.weight]
Loading weights:  57%|#####7    | 167/292 [00:01<00:01, 87.43it/s, Materializing param=gpt_neox.layers.13.mlp.dense_4h_to_h.bias]
Loading weights:  57%|#####7    | 167/292 [00:01<00:01, 87.43it/s, Materializing param=gpt_neox.layers.13.mlp.dense_4h_to_h.bias]
Loading weights:  58%|#####7    | 168/292 [00:01<00:01, 87.43it/s, Materializing param=gpt_neox.layers.13.mlp.dense_4h_to_h.weight]
Loading weights:  58%|#####7    | 168/292 [00:01<00:01, 87.43it/s, Materializing param=gpt_neox.layers.13.mlp.dense_4h_to_h.weight]
Loading weights:  58%|#####7    | 169/292 [00:01<00:01, 87.43it/s, Materializing param=gpt_neox.layers.13.mlp.dense_h_to_4h.bias]  
Loading weights:  58%|#####7    | 169/292 [00:01<00:01, 87.43it/s, Materializing param=gpt_neox.layers.13.mlp.dense_h_to_4h.bias]
Loading weights:  58%|#####8    | 170/292 [00:01<00:01, 87.43it/s, Materializing param=gpt_neox.layers.13.mlp.dense_h_to_4h.weight]
Loading weights:  58%|#####8    | 170/292 [00:01<00:01, 87.43it/s, Materializing param=gpt_neox.layers.13.mlp.dense_h_to_4h.weight]
Loading weights:  59%|#####8    | 171/292 [00:01<00:01, 87.43it/s, Materializing param=gpt_neox.layers.13.post_attention_layernorm.bias]
Loading weights:  59%|#####8    | 171/292 [00:01<00:01, 87.43it/s, Materializing param=gpt_neox.layers.13.post_attention_layernorm.bias]
Loading weights:  59%|#####8    | 172/292 [00:01<00:01, 73.70it/s, Materializing param=gpt_neox.layers.13.post_attention_layernorm.bias]
Loading weights:  59%|#####8    | 172/292 [00:01<00:01, 73.70it/s, Materializing param=gpt_neox.layers.13.post_attention_layernorm.weight]
Loading weights:  59%|#####8    | 172/292 [00:01<00:01, 73.70it/s, Materializing param=gpt_neox.layers.13.post_attention_layernorm.weight]
Loading weights:  59%|#####9    | 173/292 [00:01<00:01, 73.70it/s, Materializing param=gpt_neox.layers.14.attention.dense.bias]           
Loading weights:  59%|#####9    | 173/292 [00:01<00:01, 73.70it/s, Materializing param=gpt_neox.layers.14.attention.dense.bias]
Loading weights:  60%|#####9    | 174/292 [00:01<00:01, 73.70it/s, Materializing param=gpt_neox.layers.14.attention.dense.weight]
Loading weights:  60%|#####9    | 174/292 [00:01<00:01, 73.70it/s, Materializing param=gpt_neox.layers.14.attention.dense.weight]
Loading weights:  60%|#####9    | 175/292 [00:01<00:01, 73.70it/s, Materializing param=gpt_neox.layers.14.attention.query_key_value.bias]
Loading weights:  60%|#####9    | 175/292 [00:01<00:01, 73.70it/s, Materializing param=gpt_neox.layers.14.attention.query_key_value.bias]
Loading weights:  60%|######    | 176/292 [00:01<00:01, 73.70it/s, Materializing param=gpt_neox.layers.14.attention.query_key_value.weight]
Loading weights:  60%|######    | 176/292 [00:01<00:01, 73.70it/s, Materializing param=gpt_neox.layers.14.attention.query_key_value.weight]
Loading weights:  61%|######    | 177/292 [00:01<00:01, 73.70it/s, Materializing param=gpt_neox.layers.14.input_layernorm.bias]            
Loading weights:  61%|######    | 177/292 [00:01<00:01, 73.70it/s, Materializing param=gpt_neox.layers.14.input_layernorm.bias]
Loading weights:  61%|######    | 178/292 [00:01<00:01, 73.70it/s, Materializing param=gpt_neox.layers.14.input_layernorm.weight]
Loading weights:  61%|######    | 178/292 [00:01<00:01, 73.70it/s, Materializing param=gpt_neox.layers.14.input_layernorm.weight]
Loading weights:  61%|######1   | 179/292 [00:01<00:01, 73.70it/s, Materializing param=gpt_neox.layers.14.mlp.dense_4h_to_h.bias]
Loading weights:  61%|######1   | 179/292 [00:01<00:01, 73.70it/s, Materializing param=gpt_neox.layers.14.mlp.dense_4h_to_h.bias]
Loading weights:  62%|######1   | 180/292 [00:01<00:01, 73.70it/s, Materializing param=gpt_neox.layers.14.mlp.dense_4h_to_h.weight]
Loading weights:  62%|######1   | 180/292 [00:01<00:01, 73.70it/s, Materializing param=gpt_neox.layers.14.mlp.dense_4h_to_h.weight]
Loading weights:  62%|######1   | 181/292 [00:02<00:01, 67.58it/s, Materializing param=gpt_neox.layers.14.mlp.dense_4h_to_h.weight]
Loading weights:  62%|######1   | 181/292 [00:02<00:01, 67.58it/s, Materializing param=gpt_neox.layers.14.mlp.dense_h_to_4h.bias]  
Loading weights:  62%|######1   | 181/292 [00:02<00:01, 67.58it/s, Materializing param=gpt_neox.layers.14.mlp.dense_h_to_4h.bias]
Loading weights:  62%|######2   | 182/292 [00:02<00:01, 67.58it/s, Materializing param=gpt_neox.layers.14.mlp.dense_h_to_4h.weight]
Loading weights:  62%|######2   | 182/292 [00:02<00:01, 67.58it/s, Materializing param=gpt_neox.layers.14.mlp.dense_h_to_4h.weight]
Loading weights:  63%|######2   | 183/292 [00:02<00:01, 67.58it/s, Materializing param=gpt_neox.layers.14.post_attention_layernorm.bias]
Loading weights:  63%|######2   | 183/292 [00:02<00:01, 67.58it/s, Materializing param=gpt_neox.layers.14.post_attention_layernorm.bias]
Loading weights:  63%|######3   | 184/292 [00:02<00:01, 67.58it/s, Materializing param=gpt_neox.layers.14.post_attention_layernorm.weight]
Loading weights:  63%|######3   | 184/292 [00:02<00:01, 67.58it/s, Materializing param=gpt_neox.layers.14.post_attention_layernorm.weight]
Loading weights:  63%|######3   | 185/292 [00:02<00:01, 67.58it/s, Materializing param=gpt_neox.layers.15.attention.dense.bias]           
Loading weights:  63%|######3   | 185/292 [00:02<00:01, 67.58it/s, Materializing param=gpt_neox.layers.15.attention.dense.bias]
Loading weights:  64%|######3   | 186/292 [00:02<00:01, 67.58it/s, Materializing param=gpt_neox.layers.15.attention.dense.weight]
Loading weights:  64%|######3   | 186/292 [00:02<00:01, 67.58it/s, Materializing param=gpt_neox.layers.15.attention.dense.weight]
Loading weights:  64%|######4   | 187/292 [00:02<00:01, 67.58it/s, Materializing param=gpt_neox.layers.15.attention.query_key_value.bias]
Loading weights:  64%|######4   | 187/292 [00:02<00:01, 67.58it/s, Materializing param=gpt_neox.layers.15.attention.query_key_value.bias]
Loading weights:  64%|######4   | 188/292 [00:02<00:01, 67.58it/s, Materializing param=gpt_neox.layers.15.attention.query_key_value.weight]
Loading weights:  64%|######4   | 188/292 [00:02<00:01, 67.58it/s, Materializing param=gpt_neox.layers.15.attention.query_key_value.weight]
Loading weights:  65%|######4   | 189/292 [00:02<00:01, 67.58it/s, Materializing param=gpt_neox.layers.15.input_layernorm.bias]            
Loading weights:  65%|######4   | 189/292 [00:02<00:01, 67.58it/s, Materializing param=gpt_neox.layers.15.input_layernorm.bias]
Loading weights:  65%|######5   | 190/292 [00:02<00:01, 67.58it/s, Materializing param=gpt_neox.layers.15.input_layernorm.weight]
Loading weights:  65%|######5   | 190/292 [00:02<00:01, 67.58it/s, Materializing param=gpt_neox.layers.15.input_layernorm.weight]
Loading weights:  65%|######5   | 191/292 [00:02<00:01, 67.58it/s, Materializing param=gpt_neox.layers.15.mlp.dense_4h_to_h.bias]
Loading weights:  65%|######5   | 191/292 [00:02<00:01, 67.58it/s, Materializing param=gpt_neox.layers.15.mlp.dense_4h_to_h.bias]
Loading weights:  66%|######5   | 192/292 [00:02<00:01, 67.58it/s, Materializing param=gpt_neox.layers.15.mlp.dense_4h_to_h.weight]
Loading weights:  66%|######5   | 192/292 [00:02<00:01, 67.58it/s, Materializing param=gpt_neox.layers.15.mlp.dense_4h_to_h.weight]
Loading weights:  66%|######6   | 193/292 [00:02<00:01, 70.15it/s, Materializing param=gpt_neox.layers.15.mlp.dense_4h_to_h.weight]
Loading weights:  66%|######6   | 193/292 [00:02<00:01, 70.15it/s, Materializing param=gpt_neox.layers.15.mlp.dense_h_to_4h.bias]  
Loading weights:  66%|######6   | 193/292 [00:02<00:01, 70.15it/s, Materializing param=gpt_neox.layers.15.mlp.dense_h_to_4h.bias]
Loading weights:  66%|######6   | 194/292 [00:02<00:01, 70.15it/s, Materializing param=gpt_neox.layers.15.mlp.dense_h_to_4h.weight]
Loading weights:  66%|######6   | 194/292 [00:02<00:01, 70.15it/s, Materializing param=gpt_neox.layers.15.mlp.dense_h_to_4h.weight]
Loading weights:  67%|######6   | 195/292 [00:02<00:01, 70.15it/s, Materializing param=gpt_neox.layers.15.post_attention_layernorm.bias]
Loading weights:  67%|######6   | 195/292 [00:02<00:01, 70.15it/s, Materializing param=gpt_neox.layers.15.post_attention_layernorm.bias]
Loading weights:  67%|######7   | 196/292 [00:02<00:01, 70.15it/s, Materializing param=gpt_neox.layers.15.post_attention_layernorm.weight]
Loading weights:  67%|######7   | 196/292 [00:02<00:01, 70.15it/s, Materializing param=gpt_neox.layers.15.post_attention_layernorm.weight]
Loading weights:  67%|######7   | 197/292 [00:02<00:01, 70.15it/s, Materializing param=gpt_neox.layers.16.attention.dense.bias]           
Loading weights:  67%|######7   | 197/292 [00:02<00:01, 70.15it/s, Materializing param=gpt_neox.layers.16.attention.dense.bias]
Loading weights:  68%|######7   | 198/292 [00:02<00:01, 70.15it/s, Materializing param=gpt_neox.layers.16.attention.dense.weight]
Loading weights:  68%|######7   | 198/292 [00:02<00:01, 70.15it/s, Materializing param=gpt_neox.layers.16.attention.dense.weight]
Loading weights:  68%|######8   | 199/292 [00:02<00:01, 70.15it/s, Materializing param=gpt_neox.layers.16.attention.query_key_value.bias]
Loading weights:  68%|######8   | 199/292 [00:02<00:01, 70.15it/s, Materializing param=gpt_neox.layers.16.attention.query_key_value.bias]
Loading weights:  68%|######8   | 200/292 [00:02<00:01, 70.15it/s, Materializing param=gpt_neox.layers.16.attention.query_key_value.weight]
Loading weights:  68%|######8   | 200/292 [00:02<00:01, 70.15it/s, Materializing param=gpt_neox.layers.16.attention.query_key_value.weight]
Loading weights:  69%|######8   | 201/292 [00:02<00:01, 70.15it/s, Materializing param=gpt_neox.layers.16.input_layernorm.bias]            
Loading weights:  69%|######8   | 201/292 [00:02<00:01, 70.15it/s, Materializing param=gpt_neox.layers.16.input_layernorm.bias]
Loading weights:  69%|######9   | 202/292 [00:02<00:01, 70.15it/s, Materializing param=gpt_neox.layers.16.input_layernorm.weight]
Loading weights:  69%|######9   | 202/292 [00:02<00:01, 70.15it/s, Materializing param=gpt_neox.layers.16.input_layernorm.weight]
Loading weights:  70%|######9   | 203/292 [00:02<00:01, 70.15it/s, Materializing param=gpt_neox.layers.16.mlp.dense_4h_to_h.bias]
Loading weights:  70%|######9   | 203/292 [00:02<00:01, 70.15it/s, Materializing param=gpt_neox.layers.16.mlp.dense_4h_to_h.bias]
Loading weights:  70%|######9   | 204/292 [00:02<00:01, 70.15it/s, Materializing param=gpt_neox.layers.16.mlp.dense_4h_to_h.weight]
Loading weights:  70%|######9   | 204/292 [00:02<00:01, 70.15it/s, Materializing param=gpt_neox.layers.16.mlp.dense_4h_to_h.weight]
Loading weights:  70%|#######   | 205/292 [00:02<00:01, 70.15it/s, Materializing param=gpt_neox.layers.16.mlp.dense_h_to_4h.bias]  
Loading weights:  70%|#######   | 205/292 [00:02<00:01, 70.15it/s, Materializing param=gpt_neox.layers.16.mlp.dense_h_to_4h.bias]
Loading weights:  71%|#######   | 206/292 [00:02<00:01, 70.15it/s, Materializing param=gpt_neox.layers.16.mlp.dense_h_to_4h.weight]
Loading weights:  71%|#######   | 206/292 [00:02<00:01, 70.15it/s, Materializing param=gpt_neox.layers.16.mlp.dense_h_to_4h.weight]
Loading weights:  71%|#######   | 207/292 [00:02<00:01, 70.15it/s, Materializing param=gpt_neox.layers.16.post_attention_layernorm.bias]
Loading weights:  71%|#######   | 207/292 [00:02<00:01, 70.15it/s, Materializing param=gpt_neox.layers.16.post_attention_layernorm.bias]
Loading weights:  71%|#######1  | 208/292 [00:02<00:01, 70.15it/s, Materializing param=gpt_neox.layers.16.post_attention_layernorm.weight]
Loading weights:  71%|#######1  | 208/292 [00:02<00:01, 70.15it/s, Materializing param=gpt_neox.layers.16.post_attention_layernorm.weight]
Loading weights:  72%|#######1  | 209/292 [00:02<00:01, 70.15it/s, Materializing param=gpt_neox.layers.17.attention.dense.bias]           
Loading weights:  72%|#######1  | 209/292 [00:02<00:01, 70.15it/s, Materializing param=gpt_neox.layers.17.attention.dense.bias]
Loading weights:  72%|#######1  | 210/292 [00:02<00:01, 70.15it/s, Materializing param=gpt_neox.layers.17.attention.dense.weight]
Loading weights:  72%|#######1  | 210/292 [00:02<00:01, 70.15it/s, Materializing param=gpt_neox.layers.17.attention.dense.weight]
Loading weights:  72%|#######2  | 211/292 [00:02<00:01, 70.15it/s, Materializing param=gpt_neox.layers.17.attention.query_key_value.bias]
Loading weights:  72%|#######2  | 211/292 [00:02<00:01, 70.15it/s, Materializing param=gpt_neox.layers.17.attention.query_key_value.bias]
Loading weights:  73%|#######2  | 212/292 [00:02<00:01, 70.15it/s, Materializing param=gpt_neox.layers.17.attention.query_key_value.weight]
Loading weights:  73%|#######2  | 212/292 [00:02<00:01, 70.15it/s, Materializing param=gpt_neox.layers.17.attention.query_key_value.weight]
Loading weights:  73%|#######2  | 213/292 [00:02<00:01, 70.15it/s, Materializing param=gpt_neox.layers.17.input_layernorm.bias]            
Loading weights:  73%|#######2  | 213/292 [00:02<00:01, 70.15it/s, Materializing param=gpt_neox.layers.17.input_layernorm.bias]
Loading weights:  73%|#######3  | 214/292 [00:02<00:01, 70.15it/s, Materializing param=gpt_neox.layers.17.input_layernorm.weight]
Loading weights:  73%|#######3  | 214/292 [00:02<00:01, 70.15it/s, Materializing param=gpt_neox.layers.17.input_layernorm.weight]
Loading weights:  74%|#######3  | 215/292 [00:02<00:01, 70.15it/s, Materializing param=gpt_neox.layers.17.mlp.dense_4h_to_h.bias]
Loading weights:  74%|#######3  | 215/292 [00:02<00:01, 70.15it/s, Materializing param=gpt_neox.layers.17.mlp.dense_4h_to_h.bias]
Loading weights:  74%|#######3  | 216/292 [00:02<00:01, 70.15it/s, Materializing param=gpt_neox.layers.17.mlp.dense_4h_to_h.weight]
Loading weights:  74%|#######3  | 216/292 [00:02<00:01, 70.15it/s, Materializing param=gpt_neox.layers.17.mlp.dense_4h_to_h.weight]
Loading weights:  74%|#######4  | 217/292 [00:02<00:00, 86.53it/s, Materializing param=gpt_neox.layers.17.mlp.dense_4h_to_h.weight]
Loading weights:  74%|#######4  | 217/292 [00:02<00:00, 86.53it/s, Materializing param=gpt_neox.layers.17.mlp.dense_h_to_4h.bias]  
Loading weights:  74%|#######4  | 217/292 [00:02<00:00, 86.53it/s, Materializing param=gpt_neox.layers.17.mlp.dense_h_to_4h.bias]
Loading weights:  75%|#######4  | 218/292 [00:02<00:00, 86.53it/s, Materializing param=gpt_neox.layers.17.mlp.dense_h_to_4h.weight]
Loading weights:  75%|#######4  | 218/292 [00:02<00:00, 86.53it/s, Materializing param=gpt_neox.layers.17.mlp.dense_h_to_4h.weight]
Loading weights:  75%|#######5  | 219/292 [00:02<00:00, 86.53it/s, Materializing param=gpt_neox.layers.17.post_attention_layernorm.bias]
Loading weights:  75%|#######5  | 219/292 [00:02<00:00, 86.53it/s, Materializing param=gpt_neox.layers.17.post_attention_layernorm.bias]
Loading weights:  75%|#######5  | 220/292 [00:02<00:00, 86.53it/s, Materializing param=gpt_neox.layers.17.post_attention_layernorm.weight]
Loading weights:  75%|#######5  | 220/292 [00:02<00:00, 86.53it/s, Materializing param=gpt_neox.layers.17.post_attention_layernorm.weight]
Loading weights:  76%|#######5  | 221/292 [00:02<00:00, 86.53it/s, Materializing param=gpt_neox.layers.18.attention.dense.bias]           
Loading weights:  76%|#######5  | 221/292 [00:02<00:00, 86.53it/s, Materializing param=gpt_neox.layers.18.attention.dense.bias]
Loading weights:  76%|#######6  | 222/292 [00:02<00:00, 86.53it/s, Materializing param=gpt_neox.layers.18.attention.dense.weight]
Loading weights:  76%|#######6  | 222/292 [00:02<00:00, 86.53it/s, Materializing param=gpt_neox.layers.18.attention.dense.weight]
Loading weights:  76%|#######6  | 223/292 [00:02<00:00, 86.53it/s, Materializing param=gpt_neox.layers.18.attention.query_key_value.bias]
Loading weights:  76%|#######6  | 223/292 [00:02<00:00, 86.53it/s, Materializing param=gpt_neox.layers.18.attention.query_key_value.bias]
Loading weights:  77%|#######6  | 224/292 [00:02<00:00, 86.53it/s, Materializing param=gpt_neox.layers.18.attention.query_key_value.weight]
Loading weights:  77%|#######6  | 224/292 [00:02<00:00, 86.53it/s, Materializing param=gpt_neox.layers.18.attention.query_key_value.weight]
Loading weights:  77%|#######7  | 225/292 [00:02<00:00, 86.53it/s, Materializing param=gpt_neox.layers.18.input_layernorm.bias]            
Loading weights:  77%|#######7  | 225/292 [00:02<00:00, 86.53it/s, Materializing param=gpt_neox.layers.18.input_layernorm.bias]
Loading weights:  77%|#######7  | 226/292 [00:02<00:00, 86.53it/s, Materializing param=gpt_neox.layers.18.input_layernorm.weight]
Loading weights:  77%|#######7  | 226/292 [00:02<00:00, 86.53it/s, Materializing param=gpt_neox.layers.18.input_layernorm.weight]
Loading weights:  78%|#######7  | 227/292 [00:02<00:00, 86.53it/s, Materializing param=gpt_neox.layers.18.mlp.dense_4h_to_h.bias]
Loading weights:  78%|#######7  | 227/292 [00:02<00:00, 86.53it/s, Materializing param=gpt_neox.layers.18.mlp.dense_4h_to_h.bias]
Loading weights:  78%|#######8  | 228/292 [00:02<00:00, 86.53it/s, Materializing param=gpt_neox.layers.18.mlp.dense_4h_to_h.weight]
Loading weights:  78%|#######8  | 228/292 [00:02<00:00, 86.53it/s, Materializing param=gpt_neox.layers.18.mlp.dense_4h_to_h.weight]
Loading weights:  78%|#######8  | 229/292 [00:02<00:00, 86.53it/s, Materializing param=gpt_neox.layers.18.mlp.dense_h_to_4h.bias]  
Loading weights:  78%|#######8  | 229/292 [00:02<00:00, 86.53it/s, Materializing param=gpt_neox.layers.18.mlp.dense_h_to_4h.bias]
Loading weights:  79%|#######8  | 230/292 [00:02<00:00, 86.53it/s, Materializing param=gpt_neox.layers.18.mlp.dense_h_to_4h.weight]
Loading weights:  79%|#######8  | 230/292 [00:02<00:00, 86.53it/s, Materializing param=gpt_neox.layers.18.mlp.dense_h_to_4h.weight]
Loading weights:  79%|#######9  | 231/292 [00:02<00:00, 86.53it/s, Materializing param=gpt_neox.layers.18.post_attention_layernorm.bias]
Loading weights:  79%|#######9  | 231/292 [00:02<00:00, 86.53it/s, Materializing param=gpt_neox.layers.18.post_attention_layernorm.bias]
Loading weights:  79%|#######9  | 232/292 [00:02<00:00, 86.53it/s, Materializing param=gpt_neox.layers.18.post_attention_layernorm.weight]
Loading weights:  79%|#######9  | 232/292 [00:02<00:00, 86.53it/s, Materializing param=gpt_neox.layers.18.post_attention_layernorm.weight]
Loading weights:  80%|#######9  | 233/292 [00:02<00:00, 86.53it/s, Materializing param=gpt_neox.layers.19.attention.dense.bias]           
Loading weights:  80%|#######9  | 233/292 [00:02<00:00, 86.53it/s, Materializing param=gpt_neox.layers.19.attention.dense.bias]
Loading weights:  80%|########  | 234/292 [00:02<00:00, 86.53it/s, Materializing param=gpt_neox.layers.19.attention.dense.weight]
Loading weights:  80%|########  | 234/292 [00:02<00:00, 86.53it/s, Materializing param=gpt_neox.layers.19.attention.dense.weight]
Loading weights:  80%|########  | 235/292 [00:02<00:00, 86.53it/s, Materializing param=gpt_neox.layers.19.attention.query_key_value.bias]
Loading weights:  80%|########  | 235/292 [00:02<00:00, 86.53it/s, Materializing param=gpt_neox.layers.19.attention.query_key_value.bias]
Loading weights:  81%|########  | 236/292 [00:02<00:00, 86.53it/s, Materializing param=gpt_neox.layers.19.attention.query_key_value.weight]
Loading weights:  81%|########  | 236/292 [00:02<00:00, 86.53it/s, Materializing param=gpt_neox.layers.19.attention.query_key_value.weight]
Loading weights:  81%|########1 | 237/292 [00:02<00:00, 86.53it/s, Materializing param=gpt_neox.layers.19.input_layernorm.bias]            
Loading weights:  81%|########1 | 237/292 [00:02<00:00, 86.53it/s, Materializing param=gpt_neox.layers.19.input_layernorm.bias]
Loading weights:  82%|########1 | 238/292 [00:02<00:00, 86.53it/s, Materializing param=gpt_neox.layers.19.input_layernorm.weight]
Loading weights:  82%|########1 | 238/292 [00:02<00:00, 86.53it/s, Materializing param=gpt_neox.layers.19.input_layernorm.weight]
Loading weights:  82%|########1 | 239/292 [00:02<00:00, 86.53it/s, Materializing param=gpt_neox.layers.19.mlp.dense_4h_to_h.bias]
Loading weights:  82%|########1 | 239/292 [00:02<00:00, 86.53it/s, Materializing param=gpt_neox.layers.19.mlp.dense_4h_to_h.bias]
Loading weights:  82%|########2 | 240/292 [00:02<00:00, 86.53it/s, Materializing param=gpt_neox.layers.19.mlp.dense_4h_to_h.weight]
Loading weights:  82%|########2 | 240/292 [00:02<00:00, 86.53it/s, Materializing param=gpt_neox.layers.19.mlp.dense_4h_to_h.weight]
Loading weights:  83%|########2 | 241/292 [00:02<00:00, 113.14it/s, Materializing param=gpt_neox.layers.19.mlp.dense_4h_to_h.weight]
Loading weights:  83%|########2 | 241/292 [00:02<00:00, 113.14it/s, Materializing param=gpt_neox.layers.19.mlp.dense_h_to_4h.bias]  
Loading weights:  83%|########2 | 241/292 [00:02<00:00, 113.14it/s, Materializing param=gpt_neox.layers.19.mlp.dense_h_to_4h.bias]
Loading weights:  83%|########2 | 242/292 [00:02<00:00, 113.14it/s, Materializing param=gpt_neox.layers.19.mlp.dense_h_to_4h.weight]
Loading weights:  83%|########2 | 242/292 [00:02<00:00, 113.14it/s, Materializing param=gpt_neox.layers.19.mlp.dense_h_to_4h.weight]
Loading weights:  83%|########3 | 243/292 [00:02<00:00, 113.14it/s, Materializing param=gpt_neox.layers.19.post_attention_layernorm.bias]
Loading weights:  83%|########3 | 243/292 [00:02<00:00, 113.14it/s, Materializing param=gpt_neox.layers.19.post_attention_layernorm.bias]
Loading weights:  84%|########3 | 244/292 [00:02<00:00, 113.14it/s, Materializing param=gpt_neox.layers.19.post_attention_layernorm.weight]
Loading weights:  84%|########3 | 244/292 [00:02<00:00, 113.14it/s, Materializing param=gpt_neox.layers.19.post_attention_layernorm.weight]
Loading weights:  84%|########3 | 245/292 [00:02<00:00, 113.14it/s, Materializing param=gpt_neox.layers.20.attention.dense.bias]           
Loading weights:  84%|########3 | 245/292 [00:02<00:00, 113.14it/s, Materializing param=gpt_neox.layers.20.attention.dense.bias]
Loading weights:  84%|########4 | 246/292 [00:02<00:00, 113.14it/s, Materializing param=gpt_neox.layers.20.attention.dense.weight]
Loading weights:  84%|########4 | 246/292 [00:02<00:00, 113.14it/s, Materializing param=gpt_neox.layers.20.attention.dense.weight]
Loading weights:  85%|########4 | 247/292 [00:02<00:00, 113.14it/s, Materializing param=gpt_neox.layers.20.attention.query_key_value.bias]
Loading weights:  85%|########4 | 247/292 [00:02<00:00, 113.14it/s, Materializing param=gpt_neox.layers.20.attention.query_key_value.bias]
Loading weights:  85%|########4 | 248/292 [00:02<00:00, 113.14it/s, Materializing param=gpt_neox.layers.20.attention.query_key_value.weight]
Loading weights:  85%|########4 | 248/292 [00:02<00:00, 113.14it/s, Materializing param=gpt_neox.layers.20.attention.query_key_value.weight]
Loading weights:  85%|########5 | 249/292 [00:02<00:00, 113.14it/s, Materializing param=gpt_neox.layers.20.input_layernorm.bias]            
Loading weights:  85%|########5 | 249/292 [00:02<00:00, 113.14it/s, Materializing param=gpt_neox.layers.20.input_layernorm.bias]
Loading weights:  86%|########5 | 250/292 [00:02<00:00, 113.14it/s, Materializing param=gpt_neox.layers.20.input_layernorm.weight]
Loading weights:  86%|########5 | 250/292 [00:02<00:00, 113.14it/s, Materializing param=gpt_neox.layers.20.input_layernorm.weight]
Loading weights:  86%|########5 | 251/292 [00:02<00:00, 113.14it/s, Materializing param=gpt_neox.layers.20.mlp.dense_4h_to_h.bias]
Loading weights:  86%|########5 | 251/292 [00:02<00:00, 113.14it/s, Materializing param=gpt_neox.layers.20.mlp.dense_4h_to_h.bias]
Loading weights:  86%|########6 | 252/292 [00:02<00:00, 113.14it/s, Materializing param=gpt_neox.layers.20.mlp.dense_4h_to_h.weight]
Loading weights:  86%|########6 | 252/292 [00:02<00:00, 113.14it/s, Materializing param=gpt_neox.layers.20.mlp.dense_4h_to_h.weight]
Loading weights:  87%|########6 | 253/292 [00:02<00:00, 113.14it/s, Materializing param=gpt_neox.layers.20.mlp.dense_h_to_4h.bias]  
Loading weights:  87%|########6 | 253/292 [00:02<00:00, 113.14it/s, Materializing param=gpt_neox.layers.20.mlp.dense_h_to_4h.bias]
Loading weights:  87%|########6 | 254/292 [00:02<00:00, 113.14it/s, Materializing param=gpt_neox.layers.20.mlp.dense_h_to_4h.weight]
Loading weights:  87%|########6 | 254/292 [00:02<00:00, 113.14it/s, Materializing param=gpt_neox.layers.20.mlp.dense_h_to_4h.weight]
Loading weights:  87%|########7 | 255/292 [00:02<00:00, 113.14it/s, Materializing param=gpt_neox.layers.20.post_attention_layernorm.bias]
Loading weights:  87%|########7 | 255/292 [00:02<00:00, 113.14it/s, Materializing param=gpt_neox.layers.20.post_attention_layernorm.bias]
Loading weights:  88%|########7 | 256/292 [00:02<00:00, 113.14it/s, Materializing param=gpt_neox.layers.20.post_attention_layernorm.weight]
Loading weights:  88%|########7 | 256/292 [00:02<00:00, 113.14it/s, Materializing param=gpt_neox.layers.20.post_attention_layernorm.weight]
Loading weights:  88%|########8 | 257/292 [00:02<00:00, 113.14it/s, Materializing param=gpt_neox.layers.21.attention.dense.bias]           
Loading weights:  88%|########8 | 257/292 [00:02<00:00, 113.14it/s, Materializing param=gpt_neox.layers.21.attention.dense.bias]
Loading weights:  88%|########8 | 258/292 [00:02<00:00, 113.14it/s, Materializing param=gpt_neox.layers.21.attention.dense.weight]
Loading weights:  88%|########8 | 258/292 [00:02<00:00, 113.14it/s, Materializing param=gpt_neox.layers.21.attention.dense.weight]
Loading weights:  89%|########8 | 259/292 [00:02<00:00, 113.14it/s, Materializing param=gpt_neox.layers.21.attention.query_key_value.bias]
Loading weights:  89%|########8 | 259/292 [00:02<00:00, 113.14it/s, Materializing param=gpt_neox.layers.21.attention.query_key_value.bias]
Loading weights:  89%|########9 | 260/292 [00:02<00:00, 113.14it/s, Materializing param=gpt_neox.layers.21.attention.query_key_value.weight]
Loading weights:  89%|########9 | 260/292 [00:02<00:00, 113.14it/s, Materializing param=gpt_neox.layers.21.attention.query_key_value.weight]
Loading weights:  89%|########9 | 261/292 [00:02<00:00, 126.89it/s, Materializing param=gpt_neox.layers.21.attention.query_key_value.weight]
Loading weights:  89%|########9 | 261/292 [00:02<00:00, 126.89it/s, Materializing param=gpt_neox.layers.21.input_layernorm.bias]            
Loading weights:  89%|########9 | 261/292 [00:02<00:00, 126.89it/s, Materializing param=gpt_neox.layers.21.input_layernorm.bias]
Loading weights:  90%|########9 | 262/292 [00:02<00:00, 126.89it/s, Materializing param=gpt_neox.layers.21.input_layernorm.weight]
Loading weights:  90%|########9 | 262/292 [00:02<00:00, 126.89it/s, Materializing param=gpt_neox.layers.21.input_layernorm.weight]
Loading weights:  90%|######### | 263/292 [00:02<00:00, 126.89it/s, Materializing param=gpt_neox.layers.21.mlp.dense_4h_to_h.bias]
Loading weights:  90%|######### | 263/292 [00:02<00:00, 126.89it/s, Materializing param=gpt_neox.layers.21.mlp.dense_4h_to_h.bias]
Loading weights:  90%|######### | 264/292 [00:02<00:00, 126.89it/s, Materializing param=gpt_neox.layers.21.mlp.dense_4h_to_h.weight]
Loading weights:  90%|######### | 264/292 [00:02<00:00, 126.89it/s, Materializing param=gpt_neox.layers.21.mlp.dense_4h_to_h.weight]
Loading weights:  91%|######### | 265/292 [00:02<00:00, 126.89it/s, Materializing param=gpt_neox.layers.21.mlp.dense_h_to_4h.bias]  
Loading weights:  91%|######### | 265/292 [00:02<00:00, 126.89it/s, Materializing param=gpt_neox.layers.21.mlp.dense_h_to_4h.bias]
Loading weights:  91%|#########1| 266/292 [00:02<00:00, 126.89it/s, Materializing param=gpt_neox.layers.21.mlp.dense_h_to_4h.weight]
Loading weights:  91%|#########1| 266/292 [00:02<00:00, 126.89it/s, Materializing param=gpt_neox.layers.21.mlp.dense_h_to_4h.weight]
Loading weights:  91%|#########1| 267/292 [00:02<00:00, 126.89it/s, Materializing param=gpt_neox.layers.21.post_attention_layernorm.bias]
Loading weights:  91%|#########1| 267/292 [00:02<00:00, 126.89it/s, Materializing param=gpt_neox.layers.21.post_attention_layernorm.bias]
Loading weights:  92%|#########1| 268/292 [00:02<00:00, 126.89it/s, Materializing param=gpt_neox.layers.21.post_attention_layernorm.weight]
Loading weights:  92%|#########1| 268/292 [00:02<00:00, 126.89it/s, Materializing param=gpt_neox.layers.21.post_attention_layernorm.weight]
Loading weights:  92%|#########2| 269/292 [00:02<00:00, 126.89it/s, Materializing param=gpt_neox.layers.22.attention.dense.bias]           
Loading weights:  92%|#########2| 269/292 [00:02<00:00, 126.89it/s, Materializing param=gpt_neox.layers.22.attention.dense.bias]
Loading weights:  92%|#########2| 270/292 [00:02<00:00, 126.89it/s, Materializing param=gpt_neox.layers.22.attention.dense.weight]
Loading weights:  92%|#########2| 270/292 [00:02<00:00, 126.89it/s, Materializing param=gpt_neox.layers.22.attention.dense.weight]
Loading weights:  93%|#########2| 271/292 [00:02<00:00, 126.89it/s, Materializing param=gpt_neox.layers.22.attention.query_key_value.bias]
Loading weights:  93%|#########2| 271/292 [00:02<00:00, 126.89it/s, Materializing param=gpt_neox.layers.22.attention.query_key_value.bias]
Loading weights:  93%|#########3| 272/292 [00:02<00:00, 126.89it/s, Materializing param=gpt_neox.layers.22.attention.query_key_value.weight]
Loading weights:  93%|#########3| 272/292 [00:02<00:00, 126.89it/s, Materializing param=gpt_neox.layers.22.attention.query_key_value.weight]
Loading weights:  93%|#########3| 273/292 [00:02<00:00, 126.89it/s, Materializing param=gpt_neox.layers.22.input_layernorm.bias]            
Loading weights:  93%|#########3| 273/292 [00:02<00:00, 126.89it/s, Materializing param=gpt_neox.layers.22.input_layernorm.bias]
Loading weights:  94%|#########3| 274/292 [00:02<00:00, 126.89it/s, Materializing param=gpt_neox.layers.22.input_layernorm.weight]
Loading weights:  94%|#########3| 274/292 [00:02<00:00, 126.89it/s, Materializing param=gpt_neox.layers.22.input_layernorm.weight]
Loading weights:  94%|#########4| 275/292 [00:02<00:00, 126.89it/s, Materializing param=gpt_neox.layers.22.mlp.dense_4h_to_h.bias]
Loading weights:  94%|#########4| 275/292 [00:02<00:00, 126.89it/s, Materializing param=gpt_neox.layers.22.mlp.dense_4h_to_h.bias]
Loading weights:  95%|#########4| 276/292 [00:02<00:00, 126.89it/s, Materializing param=gpt_neox.layers.22.mlp.dense_4h_to_h.weight]
Loading weights:  95%|#########4| 276/292 [00:02<00:00, 126.89it/s, Materializing param=gpt_neox.layers.22.mlp.dense_4h_to_h.weight]
Loading weights:  95%|#########4| 277/292 [00:02<00:00, 126.89it/s, Materializing param=gpt_neox.layers.22.mlp.dense_h_to_4h.bias]  
Loading weights:  95%|#########4| 277/292 [00:02<00:00, 126.89it/s, Materializing param=gpt_neox.layers.22.mlp.dense_h_to_4h.bias]
Loading weights:  95%|#########5| 278/292 [00:02<00:00, 126.89it/s, Materializing param=gpt_neox.layers.22.mlp.dense_h_to_4h.weight]
Loading weights:  95%|#########5| 278/292 [00:02<00:00, 126.89it/s, Materializing param=gpt_neox.layers.22.mlp.dense_h_to_4h.weight]
Loading weights:  96%|#########5| 279/292 [00:02<00:00, 126.89it/s, Materializing param=gpt_neox.layers.22.post_attention_layernorm.bias]
Loading weights:  96%|#########5| 279/292 [00:02<00:00, 126.89it/s, Materializing param=gpt_neox.layers.22.post_attention_layernorm.bias]
Loading weights:  96%|#########5| 280/292 [00:02<00:00, 126.89it/s, Materializing param=gpt_neox.layers.22.post_attention_layernorm.weight]
Loading weights:  96%|#########5| 280/292 [00:02<00:00, 126.89it/s, Materializing param=gpt_neox.layers.22.post_attention_layernorm.weight]
Loading weights:  96%|#########6| 281/292 [00:02<00:00, 126.89it/s, Materializing param=gpt_neox.layers.23.attention.dense.bias]           
Loading weights:  96%|#########6| 281/292 [00:02<00:00, 126.89it/s, Materializing param=gpt_neox.layers.23.attention.dense.bias]
Loading weights:  97%|#########6| 282/292 [00:02<00:00, 126.89it/s, Materializing param=gpt_neox.layers.23.attention.dense.weight]
Loading weights:  97%|#########6| 282/292 [00:02<00:00, 126.89it/s, Materializing param=gpt_neox.layers.23.attention.dense.weight]
Loading weights:  97%|#########6| 283/292 [00:02<00:00, 126.89it/s, Materializing param=gpt_neox.layers.23.attention.query_key_value.bias]
Loading weights:  97%|#########6| 283/292 [00:02<00:00, 126.89it/s, Materializing param=gpt_neox.layers.23.attention.query_key_value.bias]
Loading weights:  97%|#########7| 284/292 [00:02<00:00, 148.61it/s, Materializing param=gpt_neox.layers.23.attention.query_key_value.bias]
Loading weights:  97%|#########7| 284/292 [00:02<00:00, 148.61it/s, Materializing param=gpt_neox.layers.23.attention.query_key_value.weight]
Loading weights:  97%|#########7| 284/292 [00:02<00:00, 148.61it/s, Materializing param=gpt_neox.layers.23.attention.query_key_value.weight]
Loading weights:  98%|#########7| 285/292 [00:02<00:00, 148.61it/s, Materializing param=gpt_neox.layers.23.input_layernorm.bias]            
Loading weights:  98%|#########7| 285/292 [00:02<00:00, 148.61it/s, Materializing param=gpt_neox.layers.23.input_layernorm.bias]
Loading weights:  98%|#########7| 286/292 [00:02<00:00, 148.61it/s, Materializing param=gpt_neox.layers.23.input_layernorm.weight]
Loading weights:  98%|#########7| 286/292 [00:02<00:00, 148.61it/s, Materializing param=gpt_neox.layers.23.input_layernorm.weight]
Loading weights:  98%|#########8| 287/292 [00:02<00:00, 148.61it/s, Materializing param=gpt_neox.layers.23.mlp.dense_4h_to_h.bias]
Loading weights:  98%|#########8| 287/292 [00:02<00:00, 148.61it/s, Materializing param=gpt_neox.layers.23.mlp.dense_4h_to_h.bias]
Loading weights:  99%|#########8| 288/292 [00:02<00:00, 148.61it/s, Materializing param=gpt_neox.layers.23.mlp.dense_4h_to_h.weight]
Loading weights:  99%|#########8| 288/292 [00:02<00:00, 148.61it/s, Materializing param=gpt_neox.layers.23.mlp.dense_4h_to_h.weight]
Loading weights:  99%|#########8| 289/292 [00:02<00:00, 148.61it/s, Materializing param=gpt_neox.layers.23.mlp.dense_h_to_4h.bias]  
Loading weights:  99%|#########8| 289/292 [00:02<00:00, 148.61it/s, Materializing param=gpt_neox.layers.23.mlp.dense_h_to_4h.bias]
Loading weights:  99%|#########9| 290/292 [00:02<00:00, 148.61it/s, Materializing param=gpt_neox.layers.23.mlp.dense_h_to_4h.weight]
Loading weights:  99%|#########9| 290/292 [00:02<00:00, 148.61it/s, Materializing param=gpt_neox.layers.23.mlp.dense_h_to_4h.weight]
Loading weights: 100%|#########9| 291/292 [00:02<00:00, 148.61it/s, Materializing param=gpt_neox.layers.23.post_attention_layernorm.bias]
Loading weights: 100%|#########9| 291/292 [00:02<00:00, 148.61it/s, Materializing param=gpt_neox.layers.23.post_attention_layernorm.bias]
Loading weights: 100%|##########| 292/292 [00:02<00:00, 148.61it/s, Materializing param=gpt_neox.layers.23.post_attention_layernorm.weight]
Loading weights: 100%|##########| 292/292 [00:02<00:00, 148.61it/s, Materializing param=gpt_neox.layers.23.post_attention_layernorm.weight]
Loading weights: 100%|##########| 292/292 [00:02<00:00, 103.49it/s, Materializing param=gpt_neox.layers.23.post_attention_layernorm.weight]

Loading weights:   0%|          | 0/292 [00:00<?, ?it/s]
Loading weights:   0%|          | 1/292 [00:00<00:00, 20360.70it/s, Materializing param=embed_out.weight]
Loading weights:   0%|          | 1/292 [00:00<00:00, 6335.81it/s, Materializing param=embed_out.weight] 
Loading weights:   1%|          | 2/292 [00:00<00:21, 13.43it/s, Materializing param=embed_out.weight]  
Loading weights:   1%|          | 2/292 [00:00<00:21, 13.43it/s, Materializing param=gpt_neox.embed_in.weight]
Loading weights:   1%|          | 2/292 [00:00<00:21, 13.43it/s, Materializing param=gpt_neox.embed_in.weight]
Loading weights:   1%|1         | 3/292 [00:00<00:21, 13.43it/s, Materializing param=gpt_neox.final_layer_norm.bias]
Loading weights:   1%|1         | 3/292 [00:00<00:21, 13.43it/s, Materializing param=gpt_neox.final_layer_norm.bias]
Loading weights:   1%|1         | 4/292 [00:00<00:21, 13.43it/s, Materializing param=gpt_neox.final_layer_norm.weight]
Loading weights:   1%|1         | 4/292 [00:00<00:21, 13.43it/s, Materializing param=gpt_neox.final_layer_norm.weight]
Loading weights:   2%|1         | 5/292 [00:00<00:21, 13.43it/s, Materializing param=gpt_neox.layers.0.attention.dense.bias]
Loading weights:   2%|1         | 5/292 [00:00<00:21, 13.43it/s, Materializing param=gpt_neox.layers.0.attention.dense.bias]
Loading weights:   2%|2         | 6/292 [00:00<00:21, 13.43it/s, Materializing param=gpt_neox.layers.0.attention.dense.weight]
Loading weights:   2%|2         | 6/292 [00:00<00:21, 13.43it/s, Materializing param=gpt_neox.layers.0.attention.dense.weight]
Loading weights:   2%|2         | 7/292 [00:00<00:21, 13.43it/s, Materializing param=gpt_neox.layers.0.attention.query_key_value.bias]
Loading weights:   2%|2         | 7/292 [00:00<00:21, 13.43it/s, Materializing param=gpt_neox.layers.0.attention.query_key_value.bias]
Loading weights:   3%|2         | 8/292 [00:00<00:21, 13.43it/s, Materializing param=gpt_neox.layers.0.attention.query_key_value.weight]
Loading weights:   3%|2         | 8/292 [00:00<00:21, 13.43it/s, Materializing param=gpt_neox.layers.0.attention.query_key_value.weight]
Loading weights:   3%|3         | 9/292 [00:00<00:21, 13.43it/s, Materializing param=gpt_neox.layers.0.input_layernorm.bias]            
Loading weights:   3%|3         | 9/292 [00:00<00:21, 13.43it/s, Materializing param=gpt_neox.layers.0.input_layernorm.bias]
Loading weights:   3%|3         | 10/292 [00:00<00:20, 13.43it/s, Materializing param=gpt_neox.layers.0.input_layernorm.weight]
Loading weights:   3%|3         | 10/292 [00:00<00:20, 13.43it/s, Materializing param=gpt_neox.layers.0.input_layernorm.weight]
Loading weights:   4%|3         | 11/292 [00:00<00:20, 13.43it/s, Materializing param=gpt_neox.layers.0.mlp.dense_4h_to_h.bias]
Loading weights:   4%|3         | 11/292 [00:00<00:20, 13.43it/s, Materializing param=gpt_neox.layers.0.mlp.dense_4h_to_h.bias]
Loading weights:   4%|4         | 12/292 [00:00<00:20, 13.43it/s, Materializing param=gpt_neox.layers.0.mlp.dense_4h_to_h.weight]
Loading weights:   4%|4         | 12/292 [00:00<00:20, 13.43it/s, Materializing param=gpt_neox.layers.0.mlp.dense_4h_to_h.weight]
Loading weights:   4%|4         | 13/292 [00:00<00:06, 43.44it/s, Materializing param=gpt_neox.layers.0.mlp.dense_4h_to_h.weight]
Loading weights:   4%|4         | 13/292 [00:00<00:06, 43.44it/s, Materializing param=gpt_neox.layers.0.mlp.dense_h_to_4h.bias]  
Loading weights:   4%|4         | 13/292 [00:00<00:06, 43.44it/s, Materializing param=gpt_neox.layers.0.mlp.dense_h_to_4h.bias]
Loading weights:   5%|4         | 14/292 [00:00<00:06, 43.44it/s, Materializing param=gpt_neox.layers.0.mlp.dense_h_to_4h.weight]
Loading weights:   5%|4         | 14/292 [00:00<00:06, 43.44it/s, Materializing param=gpt_neox.layers.0.mlp.dense_h_to_4h.weight]
Loading weights:   5%|5         | 15/292 [00:00<00:06, 43.44it/s, Materializing param=gpt_neox.layers.0.post_attention_layernorm.bias]
Loading weights:   5%|5         | 15/292 [00:00<00:06, 43.44it/s, Materializing param=gpt_neox.layers.0.post_attention_layernorm.bias]
Loading weights:   5%|5         | 16/292 [00:00<00:06, 43.44it/s, Materializing param=gpt_neox.layers.0.post_attention_layernorm.weight]
Loading weights:   5%|5         | 16/292 [00:00<00:06, 43.44it/s, Materializing param=gpt_neox.layers.0.post_attention_layernorm.weight]
Loading weights:   6%|5         | 17/292 [00:00<00:06, 43.44it/s, Materializing param=gpt_neox.layers.1.attention.dense.bias]           
Loading weights:   6%|5         | 17/292 [00:00<00:06, 43.44it/s, Materializing param=gpt_neox.layers.1.attention.dense.bias]
Loading weights:   6%|6         | 18/292 [00:00<00:06, 43.44it/s, Materializing param=gpt_neox.layers.1.attention.dense.weight]
Loading weights:   6%|6         | 18/292 [00:00<00:06, 43.44it/s, Materializing param=gpt_neox.layers.1.attention.dense.weight]
Loading weights:   7%|6         | 19/292 [00:00<00:06, 43.44it/s, Materializing param=gpt_neox.layers.1.attention.query_key_value.bias]
Loading weights:   7%|6         | 19/292 [00:00<00:06, 43.44it/s, Materializing param=gpt_neox.layers.1.attention.query_key_value.bias]
Loading weights:   7%|6         | 20/292 [00:00<00:06, 43.44it/s, Materializing param=gpt_neox.layers.1.attention.query_key_value.weight]
Loading weights:   7%|6         | 20/292 [00:00<00:06, 43.44it/s, Materializing param=gpt_neox.layers.1.attention.query_key_value.weight]
Loading weights:   7%|7         | 21/292 [00:00<00:06, 43.44it/s, Materializing param=gpt_neox.layers.1.input_layernorm.bias]            
Loading weights:   7%|7         | 21/292 [00:00<00:06, 43.44it/s, Materializing param=gpt_neox.layers.1.input_layernorm.bias]
Loading weights:   8%|7         | 22/292 [00:00<00:06, 43.44it/s, Materializing param=gpt_neox.layers.1.input_layernorm.weight]
Loading weights:   8%|7         | 22/292 [00:00<00:06, 43.44it/s, Materializing param=gpt_neox.layers.1.input_layernorm.weight]
Loading weights:   8%|7         | 23/292 [00:00<00:06, 43.44it/s, Materializing param=gpt_neox.layers.1.mlp.dense_4h_to_h.bias]
Loading weights:   8%|7         | 23/292 [00:00<00:06, 43.44it/s, Materializing param=gpt_neox.layers.1.mlp.dense_4h_to_h.bias]
Loading weights:   8%|8         | 24/292 [00:00<00:06, 43.44it/s, Materializing param=gpt_neox.layers.1.mlp.dense_4h_to_h.weight]
Loading weights:   8%|8         | 24/292 [00:00<00:06, 43.44it/s, Materializing param=gpt_neox.layers.1.mlp.dense_4h_to_h.weight]
Loading weights:   9%|8         | 25/292 [00:00<00:03, 68.77it/s, Materializing param=gpt_neox.layers.1.mlp.dense_4h_to_h.weight]
Loading weights:   9%|8         | 25/292 [00:00<00:03, 68.77it/s, Materializing param=gpt_neox.layers.1.mlp.dense_h_to_4h.bias]  
Loading weights:   9%|8         | 25/292 [00:00<00:03, 68.77it/s, Materializing param=gpt_neox.layers.1.mlp.dense_h_to_4h.bias]
Loading weights:   9%|8         | 26/292 [00:00<00:03, 68.77it/s, Materializing param=gpt_neox.layers.1.mlp.dense_h_to_4h.weight]
Loading weights:   9%|8         | 26/292 [00:00<00:03, 68.77it/s, Materializing param=gpt_neox.layers.1.mlp.dense_h_to_4h.weight]
Loading weights:   9%|9         | 27/292 [00:00<00:03, 68.77it/s, Materializing param=gpt_neox.layers.1.post_attention_layernorm.bias]
Loading weights:   9%|9         | 27/292 [00:00<00:03, 68.77it/s, Materializing param=gpt_neox.layers.1.post_attention_layernorm.bias]
Loading weights:  10%|9         | 28/292 [00:00<00:03, 68.77it/s, Materializing param=gpt_neox.layers.1.post_attention_layernorm.weight]
Loading weights:  10%|9         | 28/292 [00:00<00:03, 68.77it/s, Materializing param=gpt_neox.layers.1.post_attention_layernorm.weight]
Loading weights:  10%|9         | 29/292 [00:00<00:03, 68.77it/s, Materializing param=gpt_neox.layers.2.attention.dense.bias]           
Loading weights:  10%|9         | 29/292 [00:00<00:03, 68.77it/s, Materializing param=gpt_neox.layers.2.attention.dense.bias]
Loading weights:  10%|#         | 30/292 [00:00<00:03, 68.77it/s, Materializing param=gpt_neox.layers.2.attention.dense.weight]
Loading weights:  10%|#         | 30/292 [00:00<00:03, 68.77it/s, Materializing param=gpt_neox.layers.2.attention.dense.weight]
Loading weights:  11%|#         | 31/292 [00:00<00:03, 68.77it/s, Materializing param=gpt_neox.layers.2.attention.query_key_value.bias]
Loading weights:  11%|#         | 31/292 [00:00<00:03, 68.77it/s, Materializing param=gpt_neox.layers.2.attention.query_key_value.bias]
Loading weights:  11%|#         | 32/292 [00:00<00:03, 68.77it/s, Materializing param=gpt_neox.layers.2.attention.query_key_value.weight]
Loading weights:  11%|#         | 32/292 [00:00<00:03, 68.77it/s, Materializing param=gpt_neox.layers.2.attention.query_key_value.weight]
Loading weights:  11%|#1        | 33/292 [00:00<00:03, 68.77it/s, Materializing param=gpt_neox.layers.2.input_layernorm.bias]            
Loading weights:  11%|#1        | 33/292 [00:00<00:03, 68.77it/s, Materializing param=gpt_neox.layers.2.input_layernorm.bias]
Loading weights:  12%|#1        | 34/292 [00:00<00:03, 68.77it/s, Materializing param=gpt_neox.layers.2.input_layernorm.weight]
Loading weights:  12%|#1        | 34/292 [00:00<00:03, 68.77it/s, Materializing param=gpt_neox.layers.2.input_layernorm.weight]
Loading weights:  12%|#1        | 35/292 [00:00<00:03, 68.77it/s, Materializing param=gpt_neox.layers.2.mlp.dense_4h_to_h.bias]
Loading weights:  12%|#1        | 35/292 [00:00<00:03, 68.77it/s, Materializing param=gpt_neox.layers.2.mlp.dense_4h_to_h.bias]
Loading weights:  12%|#2        | 36/292 [00:00<00:03, 68.77it/s, Materializing param=gpt_neox.layers.2.mlp.dense_4h_to_h.weight]
Loading weights:  12%|#2        | 36/292 [00:00<00:03, 68.77it/s, Materializing param=gpt_neox.layers.2.mlp.dense_4h_to_h.weight]
Loading weights:  13%|#2        | 37/292 [00:00<00:03, 73.43it/s, Materializing param=gpt_neox.layers.2.mlp.dense_4h_to_h.weight]
Loading weights:  13%|#2        | 37/292 [00:00<00:03, 73.43it/s, Materializing param=gpt_neox.layers.2.mlp.dense_h_to_4h.bias]  
Loading weights:  13%|#2        | 37/292 [00:00<00:03, 73.43it/s, Materializing param=gpt_neox.layers.2.mlp.dense_h_to_4h.bias]
Loading weights:  13%|#3        | 38/292 [00:00<00:03, 73.43it/s, Materializing param=gpt_neox.layers.2.mlp.dense_h_to_4h.weight]
Loading weights:  13%|#3        | 38/292 [00:00<00:03, 73.43it/s, Materializing param=gpt_neox.layers.2.mlp.dense_h_to_4h.weight]
Loading weights:  13%|#3        | 39/292 [00:00<00:03, 73.43it/s, Materializing param=gpt_neox.layers.2.post_attention_layernorm.bias]
Loading weights:  13%|#3        | 39/292 [00:00<00:03, 73.43it/s, Materializing param=gpt_neox.layers.2.post_attention_layernorm.bias]
Loading weights:  14%|#3        | 40/292 [00:00<00:03, 73.43it/s, Materializing param=gpt_neox.layers.2.post_attention_layernorm.weight]
Loading weights:  14%|#3        | 40/292 [00:00<00:03, 73.43it/s, Materializing param=gpt_neox.layers.2.post_attention_layernorm.weight]
Loading weights:  14%|#4        | 41/292 [00:00<00:03, 73.43it/s, Materializing param=gpt_neox.layers.3.attention.dense.bias]           
Loading weights:  14%|#4        | 41/292 [00:00<00:03, 73.43it/s, Materializing param=gpt_neox.layers.3.attention.dense.bias]
Loading weights:  14%|#4        | 42/292 [00:00<00:03, 73.43it/s, Materializing param=gpt_neox.layers.3.attention.dense.weight]
Loading weights:  14%|#4        | 42/292 [00:00<00:03, 73.43it/s, Materializing param=gpt_neox.layers.3.attention.dense.weight]
Loading weights:  15%|#4        | 43/292 [00:00<00:03, 73.43it/s, Materializing param=gpt_neox.layers.3.attention.query_key_value.bias]
Loading weights:  15%|#4        | 43/292 [00:00<00:03, 73.43it/s, Materializing param=gpt_neox.layers.3.attention.query_key_value.bias]
Loading weights:  15%|#5        | 44/292 [00:00<00:03, 73.43it/s, Materializing param=gpt_neox.layers.3.attention.query_key_value.weight]
Loading weights:  15%|#5        | 44/292 [00:00<00:03, 73.43it/s, Materializing param=gpt_neox.layers.3.attention.query_key_value.weight]
Loading weights:  15%|#5        | 45/292 [00:00<00:03, 73.43it/s, Materializing param=gpt_neox.layers.3.input_layernorm.bias]            
Loading weights:  15%|#5        | 45/292 [00:00<00:03, 73.43it/s, Materializing param=gpt_neox.layers.3.input_layernorm.bias]
Loading weights:  16%|#5        | 46/292 [00:00<00:03, 73.43it/s, Materializing param=gpt_neox.layers.3.input_layernorm.weight]
Loading weights:  16%|#5        | 46/292 [00:00<00:03, 73.43it/s, Materializing param=gpt_neox.layers.3.input_layernorm.weight]
Loading weights:  16%|#6        | 47/292 [00:00<00:03, 73.43it/s, Materializing param=gpt_neox.layers.3.mlp.dense_4h_to_h.bias]
Loading weights:  16%|#6        | 47/292 [00:00<00:03, 73.43it/s, Materializing param=gpt_neox.layers.3.mlp.dense_4h_to_h.bias]
Loading weights:  16%|#6        | 48/292 [00:00<00:03, 73.43it/s, Materializing param=gpt_neox.layers.3.mlp.dense_4h_to_h.weight]
Loading weights:  16%|#6        | 48/292 [00:00<00:03, 73.43it/s, Materializing param=gpt_neox.layers.3.mlp.dense_4h_to_h.weight]
Loading weights:  17%|#6        | 49/292 [00:00<00:03, 73.43it/s, Materializing param=gpt_neox.layers.3.mlp.dense_h_to_4h.bias]  
Loading weights:  17%|#6        | 49/292 [00:00<00:03, 73.43it/s, Materializing param=gpt_neox.layers.3.mlp.dense_h_to_4h.bias]
Loading weights:  17%|#7        | 50/292 [00:00<00:03, 73.43it/s, Materializing param=gpt_neox.layers.3.mlp.dense_h_to_4h.weight]
Loading weights:  17%|#7        | 50/292 [00:00<00:03, 73.43it/s, Materializing param=gpt_neox.layers.3.mlp.dense_h_to_4h.weight]
Loading weights:  17%|#7        | 51/292 [00:00<00:03, 73.43it/s, Materializing param=gpt_neox.layers.3.post_attention_layernorm.bias]
Loading weights:  17%|#7        | 51/292 [00:00<00:03, 73.43it/s, Materializing param=gpt_neox.layers.3.post_attention_layernorm.bias]
Loading weights:  18%|#7        | 52/292 [00:00<00:03, 73.43it/s, Materializing param=gpt_neox.layers.3.post_attention_layernorm.weight]
Loading weights:  18%|#7        | 52/292 [00:00<00:03, 73.43it/s, Materializing param=gpt_neox.layers.3.post_attention_layernorm.weight]
Loading weights:  18%|#8        | 53/292 [00:00<00:03, 73.43it/s, Materializing param=gpt_neox.layers.4.attention.dense.bias]           
Loading weights:  18%|#8        | 53/292 [00:00<00:03, 73.43it/s, Materializing param=gpt_neox.layers.4.attention.dense.bias]
Loading weights:  18%|#8        | 54/292 [00:00<00:02, 100.71it/s, Materializing param=gpt_neox.layers.4.attention.dense.bias]
Loading weights:  18%|#8        | 54/292 [00:00<00:02, 100.71it/s, Materializing param=gpt_neox.layers.4.attention.dense.weight]
Loading weights:  18%|#8        | 54/292 [00:00<00:02, 100.71it/s, Materializing param=gpt_neox.layers.4.attention.dense.weight]
Loading weights:  19%|#8        | 55/292 [00:00<00:02, 100.71it/s, Materializing param=gpt_neox.layers.4.attention.query_key_value.bias]
Loading weights:  19%|#8        | 55/292 [00:00<00:02, 100.71it/s, Materializing param=gpt_neox.layers.4.attention.query_key_value.bias]
Loading weights:  19%|#9        | 56/292 [00:00<00:02, 100.71it/s, Materializing param=gpt_neox.layers.4.attention.query_key_value.weight]
Loading weights:  19%|#9        | 56/292 [00:00<00:02, 100.71it/s, Materializing param=gpt_neox.layers.4.attention.query_key_value.weight]
Loading weights:  20%|#9        | 57/292 [00:00<00:02, 100.71it/s, Materializing param=gpt_neox.layers.4.input_layernorm.bias]            
Loading weights:  20%|#9        | 57/292 [00:00<00:02, 100.71it/s, Materializing param=gpt_neox.layers.4.input_layernorm.bias]
Loading weights:  20%|#9        | 58/292 [00:00<00:02, 100.71it/s, Materializing param=gpt_neox.layers.4.input_layernorm.weight]
Loading weights:  20%|#9        | 58/292 [00:00<00:02, 100.71it/s, Materializing param=gpt_neox.layers.4.input_layernorm.weight]
Loading weights:  20%|##        | 59/292 [00:00<00:02, 100.71it/s, Materializing param=gpt_neox.layers.4.mlp.dense_4h_to_h.bias]
Loading weights:  20%|##        | 59/292 [00:00<00:02, 100.71it/s, Materializing param=gpt_neox.layers.4.mlp.dense_4h_to_h.bias]
Loading weights:  21%|##        | 60/292 [00:00<00:02, 100.71it/s, Materializing param=gpt_neox.layers.4.mlp.dense_4h_to_h.weight]
Loading weights:  21%|##        | 60/292 [00:00<00:02, 100.71it/s, Materializing param=gpt_neox.layers.4.mlp.dense_4h_to_h.weight]
Loading weights:  21%|##        | 61/292 [00:00<00:02, 100.71it/s, Materializing param=gpt_neox.layers.4.mlp.dense_h_to_4h.bias]  
Loading weights:  21%|##        | 61/292 [00:00<00:02, 100.71it/s, Materializing param=gpt_neox.layers.4.mlp.dense_h_to_4h.bias]
Loading weights:  21%|##1       | 62/292 [00:00<00:02, 100.71it/s, Materializing param=gpt_neox.layers.4.mlp.dense_h_to_4h.weight]
Loading weights:  21%|##1       | 62/292 [00:00<00:02, 100.71it/s, Materializing param=gpt_neox.layers.4.mlp.dense_h_to_4h.weight]
Loading weights:  22%|##1       | 63/292 [00:00<00:02, 100.71it/s, Materializing param=gpt_neox.layers.4.post_attention_layernorm.bias]
Loading weights:  22%|##1       | 63/292 [00:00<00:02, 100.71it/s, Materializing param=gpt_neox.layers.4.post_attention_layernorm.bias]
Loading weights:  22%|##1       | 64/292 [00:00<00:02, 100.71it/s, Materializing param=gpt_neox.layers.4.post_attention_layernorm.weight]
Loading weights:  22%|##1       | 64/292 [00:00<00:02, 100.71it/s, Materializing param=gpt_neox.layers.4.post_attention_layernorm.weight]
Loading weights:  22%|##2       | 65/292 [00:00<00:02, 100.71it/s, Materializing param=gpt_neox.layers.5.attention.dense.bias]           
Loading weights:  22%|##2       | 65/292 [00:00<00:02, 100.71it/s, Materializing param=gpt_neox.layers.5.attention.dense.bias]
Loading weights:  23%|##2       | 66/292 [00:00<00:02, 100.71it/s, Materializing param=gpt_neox.layers.5.attention.dense.weight]
Loading weights:  23%|##2       | 66/292 [00:00<00:02, 100.71it/s, Materializing param=gpt_neox.layers.5.attention.dense.weight]
Loading weights:  23%|##2       | 67/292 [00:00<00:02, 100.71it/s, Materializing param=gpt_neox.layers.5.attention.query_key_value.bias]
Loading weights:  23%|##2       | 67/292 [00:00<00:02, 100.71it/s, Materializing param=gpt_neox.layers.5.attention.query_key_value.bias]
Loading weights:  23%|##3       | 68/292 [00:00<00:02, 100.71it/s, Materializing param=gpt_neox.layers.5.attention.query_key_value.weight]
Loading weights:  23%|##3       | 68/292 [00:00<00:02, 100.71it/s, Materializing param=gpt_neox.layers.5.attention.query_key_value.weight]
Loading weights:  24%|##3       | 69/292 [00:00<00:02, 101.07it/s, Materializing param=gpt_neox.layers.5.attention.query_key_value.weight]
Loading weights:  24%|##3       | 69/292 [00:00<00:02, 101.07it/s, Materializing param=gpt_neox.layers.5.input_layernorm.bias]            
Loading weights:  24%|##3       | 69/292 [00:00<00:02, 101.07it/s, Materializing param=gpt_neox.layers.5.input_layernorm.bias]
Loading weights:  24%|##3       | 70/292 [00:00<00:02, 101.07it/s, Materializing param=gpt_neox.layers.5.input_layernorm.weight]
Loading weights:  24%|##3       | 70/292 [00:00<00:02, 101.07it/s, Materializing param=gpt_neox.layers.5.input_layernorm.weight]
Loading weights:  24%|##4       | 71/292 [00:00<00:02, 101.07it/s, Materializing param=gpt_neox.layers.5.mlp.dense_4h_to_h.bias]
Loading weights:  24%|##4       | 71/292 [00:00<00:02, 101.07it/s, Materializing param=gpt_neox.layers.5.mlp.dense_4h_to_h.bias]
Loading weights:  25%|##4       | 72/292 [00:00<00:02, 101.07it/s, Materializing param=gpt_neox.layers.5.mlp.dense_4h_to_h.weight]
Loading weights:  25%|##4       | 72/292 [00:00<00:02, 101.07it/s, Materializing param=gpt_neox.layers.5.mlp.dense_4h_to_h.weight]
Loading weights:  25%|##5       | 73/292 [00:00<00:02, 101.07it/s, Materializing param=gpt_neox.layers.5.mlp.dense_h_to_4h.bias]  
Loading weights:  25%|##5       | 73/292 [00:00<00:02, 101.07it/s, Materializing param=gpt_neox.layers.5.mlp.dense_h_to_4h.bias]
Loading weights:  25%|##5       | 74/292 [00:00<00:02, 101.07it/s, Materializing param=gpt_neox.layers.5.mlp.dense_h_to_4h.weight]
Loading weights:  25%|##5       | 74/292 [00:00<00:02, 101.07it/s, Materializing param=gpt_neox.layers.5.mlp.dense_h_to_4h.weight]
Loading weights:  26%|##5       | 75/292 [00:00<00:02, 101.07it/s, Materializing param=gpt_neox.layers.5.post_attention_layernorm.bias]
Loading weights:  26%|##5       | 75/292 [00:00<00:02, 101.07it/s, Materializing param=gpt_neox.layers.5.post_attention_layernorm.bias]
Loading weights:  26%|##6       | 76/292 [00:00<00:02, 101.07it/s, Materializing param=gpt_neox.layers.5.post_attention_layernorm.weight]
Loading weights:  26%|##6       | 76/292 [00:00<00:02, 101.07it/s, Materializing param=gpt_neox.layers.5.post_attention_layernorm.weight]
Loading weights:  26%|##6       | 77/292 [00:00<00:02, 101.07it/s, Materializing param=gpt_neox.layers.6.attention.dense.bias]           
Loading weights:  26%|##6       | 77/292 [00:00<00:02, 101.07it/s, Materializing param=gpt_neox.layers.6.attention.dense.bias]
Loading weights:  27%|##6       | 78/292 [00:00<00:02, 101.07it/s, Materializing param=gpt_neox.layers.6.attention.dense.weight]
Loading weights:  27%|##6       | 78/292 [00:00<00:02, 101.07it/s, Materializing param=gpt_neox.layers.6.attention.dense.weight]
Loading weights:  27%|##7       | 79/292 [00:00<00:02, 101.07it/s, Materializing param=gpt_neox.layers.6.attention.query_key_value.bias]
Loading weights:  27%|##7       | 79/292 [00:00<00:02, 101.07it/s, Materializing param=gpt_neox.layers.6.attention.query_key_value.bias]
Loading weights:  27%|##7       | 80/292 [00:00<00:02, 101.07it/s, Materializing param=gpt_neox.layers.6.attention.query_key_value.weight]
Loading weights:  27%|##7       | 80/292 [00:00<00:02, 101.07it/s, Materializing param=gpt_neox.layers.6.attention.query_key_value.weight]
Loading weights:  28%|##7       | 81/292 [00:00<00:02, 101.07it/s, Materializing param=gpt_neox.layers.6.input_layernorm.bias]            
Loading weights:  28%|##7       | 81/292 [00:00<00:02, 101.07it/s, Materializing param=gpt_neox.layers.6.input_layernorm.bias]
Loading weights:  28%|##8       | 82/292 [00:00<00:02, 101.07it/s, Materializing param=gpt_neox.layers.6.input_layernorm.weight]
Loading weights:  28%|##8       | 82/292 [00:00<00:02, 101.07it/s, Materializing param=gpt_neox.layers.6.input_layernorm.weight]
Loading weights:  28%|##8       | 83/292 [00:00<00:02, 101.07it/s, Materializing param=gpt_neox.layers.6.mlp.dense_4h_to_h.bias]
Loading weights:  28%|##8       | 83/292 [00:00<00:02, 101.07it/s, Materializing param=gpt_neox.layers.6.mlp.dense_4h_to_h.bias]
Loading weights:  29%|##8       | 84/292 [00:00<00:02, 101.07it/s, Materializing param=gpt_neox.layers.6.mlp.dense_4h_to_h.weight]
Loading weights:  29%|##8       | 84/292 [00:00<00:02, 101.07it/s, Materializing param=gpt_neox.layers.6.mlp.dense_4h_to_h.weight]
Loading weights:  29%|##9       | 85/292 [00:00<00:01, 115.07it/s, Materializing param=gpt_neox.layers.6.mlp.dense_4h_to_h.weight]
Loading weights:  29%|##9       | 85/292 [00:00<00:01, 115.07it/s, Materializing param=gpt_neox.layers.6.mlp.dense_h_to_4h.bias]  
Loading weights:  29%|##9       | 85/292 [00:00<00:01, 115.07it/s, Materializing param=gpt_neox.layers.6.mlp.dense_h_to_4h.bias]
Loading weights:  29%|##9       | 86/292 [00:00<00:01, 115.07it/s, Materializing param=gpt_neox.layers.6.mlp.dense_h_to_4h.weight]
Loading weights:  29%|##9       | 86/292 [00:00<00:01, 115.07it/s, Materializing param=gpt_neox.layers.6.mlp.dense_h_to_4h.weight]
Loading weights:  30%|##9       | 87/292 [00:00<00:01, 115.07it/s, Materializing param=gpt_neox.layers.6.post_attention_layernorm.bias]
Loading weights:  30%|##9       | 87/292 [00:00<00:01, 115.07it/s, Materializing param=gpt_neox.layers.6.post_attention_layernorm.bias]
Loading weights:  30%|###       | 88/292 [00:00<00:01, 115.07it/s, Materializing param=gpt_neox.layers.6.post_attention_layernorm.weight]
Loading weights:  30%|###       | 88/292 [00:00<00:01, 115.07it/s, Materializing param=gpt_neox.layers.6.post_attention_layernorm.weight]
Loading weights:  30%|###       | 89/292 [00:00<00:01, 115.07it/s, Materializing param=gpt_neox.layers.7.attention.dense.bias]           
Loading weights:  30%|###       | 89/292 [00:00<00:01, 115.07it/s, Materializing param=gpt_neox.layers.7.attention.dense.bias]
Loading weights:  31%|###       | 90/292 [00:00<00:01, 115.07it/s, Materializing param=gpt_neox.layers.7.attention.dense.weight]
Loading weights:  31%|###       | 90/292 [00:00<00:01, 115.07it/s, Materializing param=gpt_neox.layers.7.attention.dense.weight]
Loading weights:  31%|###1      | 91/292 [00:00<00:01, 115.07it/s, Materializing param=gpt_neox.layers.7.attention.query_key_value.bias]
Loading weights:  31%|###1      | 91/292 [00:00<00:01, 115.07it/s, Materializing param=gpt_neox.layers.7.attention.query_key_value.bias]
Loading weights:  32%|###1      | 92/292 [00:00<00:01, 115.07it/s, Materializing param=gpt_neox.layers.7.attention.query_key_value.weight]
Loading weights:  32%|###1      | 92/292 [00:00<00:01, 115.07it/s, Materializing param=gpt_neox.layers.7.attention.query_key_value.weight]
Loading weights:  32%|###1      | 93/292 [00:01<00:01, 115.07it/s, Materializing param=gpt_neox.layers.7.input_layernorm.bias]            
Loading weights:  32%|###1      | 93/292 [00:01<00:01, 115.07it/s, Materializing param=gpt_neox.layers.7.input_layernorm.bias]
Loading weights:  32%|###2      | 94/292 [00:01<00:01, 115.07it/s, Materializing param=gpt_neox.layers.7.input_layernorm.weight]
Loading weights:  32%|###2      | 94/292 [00:01<00:01, 115.07it/s, Materializing param=gpt_neox.layers.7.input_layernorm.weight]
Loading weights:  33%|###2      | 95/292 [00:01<00:01, 115.07it/s, Materializing param=gpt_neox.layers.7.mlp.dense_4h_to_h.bias]
Loading weights:  33%|###2      | 95/292 [00:01<00:01, 115.07it/s, Materializing param=gpt_neox.layers.7.mlp.dense_4h_to_h.bias]
Loading weights:  33%|###2      | 96/292 [00:01<00:01, 115.07it/s, Materializing param=gpt_neox.layers.7.mlp.dense_4h_to_h.weight]
Loading weights:  33%|###2      | 96/292 [00:01<00:01, 115.07it/s, Materializing param=gpt_neox.layers.7.mlp.dense_4h_to_h.weight]
Loading weights:  33%|###3      | 97/292 [00:01<00:01, 115.07it/s, Materializing param=gpt_neox.layers.7.mlp.dense_h_to_4h.bias]  
Loading weights:  33%|###3      | 97/292 [00:01<00:01, 115.07it/s, Materializing param=gpt_neox.layers.7.mlp.dense_h_to_4h.bias]
Loading weights:  34%|###3      | 98/292 [00:01<00:01, 116.90it/s, Materializing param=gpt_neox.layers.7.mlp.dense_h_to_4h.bias]
Loading weights:  34%|###3      | 98/292 [00:01<00:01, 116.90it/s, Materializing param=gpt_neox.layers.7.mlp.dense_h_to_4h.weight]
Loading weights:  34%|###3      | 98/292 [00:01<00:01, 116.90it/s, Materializing param=gpt_neox.layers.7.mlp.dense_h_to_4h.weight]
Loading weights:  34%|###3      | 99/292 [00:01<00:01, 116.90it/s, Materializing param=gpt_neox.layers.7.post_attention_layernorm.bias]
Loading weights:  34%|###3      | 99/292 [00:01<00:01, 116.90it/s, Materializing param=gpt_neox.layers.7.post_attention_layernorm.bias]
Loading weights:  34%|###4      | 100/292 [00:01<00:01, 116.90it/s, Materializing param=gpt_neox.layers.7.post_attention_layernorm.weight]
Loading weights:  34%|###4      | 100/292 [00:01<00:01, 116.90it/s, Materializing param=gpt_neox.layers.7.post_attention_layernorm.weight]
Loading weights:  35%|###4      | 101/292 [00:01<00:01, 116.90it/s, Materializing param=gpt_neox.layers.8.attention.dense.bias]           
Loading weights:  35%|###4      | 101/292 [00:01<00:01, 116.90it/s, Materializing param=gpt_neox.layers.8.attention.dense.bias]
Loading weights:  35%|###4      | 102/292 [00:01<00:01, 116.90it/s, Materializing param=gpt_neox.layers.8.attention.dense.weight]
Loading weights:  35%|###4      | 102/292 [00:01<00:01, 116.90it/s, Materializing param=gpt_neox.layers.8.attention.dense.weight]
Loading weights:  35%|###5      | 103/292 [00:01<00:01, 116.90it/s, Materializing param=gpt_neox.layers.8.attention.query_key_value.bias]
Loading weights:  35%|###5      | 103/292 [00:01<00:01, 116.90it/s, Materializing param=gpt_neox.layers.8.attention.query_key_value.bias]
Loading weights:  36%|###5      | 104/292 [00:01<00:01, 116.90it/s, Materializing param=gpt_neox.layers.8.attention.query_key_value.weight]
Loading weights:  36%|###5      | 104/292 [00:01<00:01, 116.90it/s, Materializing param=gpt_neox.layers.8.attention.query_key_value.weight]
Loading weights:  36%|###5      | 105/292 [00:01<00:01, 116.90it/s, Materializing param=gpt_neox.layers.8.input_layernorm.bias]            
Loading weights:  36%|###5      | 105/292 [00:01<00:01, 116.90it/s, Materializing param=gpt_neox.layers.8.input_layernorm.bias]
Loading weights:  36%|###6      | 106/292 [00:01<00:01, 116.90it/s, Materializing param=gpt_neox.layers.8.input_layernorm.weight]
Loading weights:  36%|###6      | 106/292 [00:01<00:01, 116.90it/s, Materializing param=gpt_neox.layers.8.input_layernorm.weight]
Loading weights:  37%|###6      | 107/292 [00:01<00:01, 116.90it/s, Materializing param=gpt_neox.layers.8.mlp.dense_4h_to_h.bias]
Loading weights:  37%|###6      | 107/292 [00:01<00:01, 116.90it/s, Materializing param=gpt_neox.layers.8.mlp.dense_4h_to_h.bias]
Loading weights:  37%|###6      | 108/292 [00:01<00:01, 116.90it/s, Materializing param=gpt_neox.layers.8.mlp.dense_4h_to_h.weight]
Loading weights:  37%|###6      | 108/292 [00:01<00:01, 116.90it/s, Materializing param=gpt_neox.layers.8.mlp.dense_4h_to_h.weight]
Loading weights:  37%|###7      | 109/292 [00:01<00:01, 116.90it/s, Materializing param=gpt_neox.layers.8.mlp.dense_h_to_4h.bias]  
Loading weights:  37%|###7      | 109/292 [00:01<00:01, 116.90it/s, Materializing param=gpt_neox.layers.8.mlp.dense_h_to_4h.bias]
Loading weights:  38%|###7      | 110/292 [00:01<00:01, 116.90it/s, Materializing param=gpt_neox.layers.8.mlp.dense_h_to_4h.weight]
Loading weights:  38%|###7      | 110/292 [00:01<00:01, 116.90it/s, Materializing param=gpt_neox.layers.8.mlp.dense_h_to_4h.weight]
Loading weights:  38%|###8      | 111/292 [00:01<00:01, 116.90it/s, Materializing param=gpt_neox.layers.8.post_attention_layernorm.bias]
Loading weights:  38%|###8      | 111/292 [00:01<00:01, 116.90it/s, Materializing param=gpt_neox.layers.8.post_attention_layernorm.bias]
Loading weights:  38%|###8      | 112/292 [00:01<00:01, 116.90it/s, Materializing param=gpt_neox.layers.8.post_attention_layernorm.weight]
Loading weights:  38%|###8      | 112/292 [00:01<00:01, 116.90it/s, Materializing param=gpt_neox.layers.8.post_attention_layernorm.weight]
Loading weights:  39%|###8      | 113/292 [00:01<00:01, 116.90it/s, Materializing param=gpt_neox.layers.9.attention.dense.bias]           
Loading weights:  39%|###8      | 113/292 [00:01<00:01, 116.90it/s, Materializing param=gpt_neox.layers.9.attention.dense.bias]
Loading weights:  39%|###9      | 114/292 [00:01<00:01, 116.90it/s, Materializing param=gpt_neox.layers.9.attention.dense.weight]
Loading weights:  39%|###9      | 114/292 [00:01<00:01, 116.90it/s, Materializing param=gpt_neox.layers.9.attention.dense.weight]
Loading weights:  39%|###9      | 115/292 [00:01<00:01, 116.90it/s, Materializing param=gpt_neox.layers.9.attention.query_key_value.bias]
Loading weights:  39%|###9      | 115/292 [00:01<00:01, 116.90it/s, Materializing param=gpt_neox.layers.9.attention.query_key_value.bias]
Loading weights:  40%|###9      | 116/292 [00:01<00:01, 116.90it/s, Materializing param=gpt_neox.layers.9.attention.query_key_value.weight]
Loading weights:  40%|###9      | 116/292 [00:01<00:01, 116.90it/s, Materializing param=gpt_neox.layers.9.attention.query_key_value.weight]
Loading weights:  40%|####      | 117/292 [00:01<00:01, 105.32it/s, Materializing param=gpt_neox.layers.9.attention.query_key_value.weight]
Loading weights:  40%|####      | 117/292 [00:01<00:01, 105.32it/s, Materializing param=gpt_neox.layers.9.input_layernorm.bias]            
Loading weights:  40%|####      | 117/292 [00:01<00:01, 105.32it/s, Materializing param=gpt_neox.layers.9.input_layernorm.bias]
Loading weights:  40%|####      | 118/292 [00:01<00:01, 105.32it/s, Materializing param=gpt_neox.layers.9.input_layernorm.weight]
Loading weights:  40%|####      | 118/292 [00:01<00:01, 105.32it/s, Materializing param=gpt_neox.layers.9.input_layernorm.weight]
Loading weights:  41%|####      | 119/292 [00:01<00:01, 105.32it/s, Materializing param=gpt_neox.layers.9.mlp.dense_4h_to_h.bias]
Loading weights:  41%|####      | 119/292 [00:01<00:01, 105.32it/s, Materializing param=gpt_neox.layers.9.mlp.dense_4h_to_h.bias]
Loading weights:  41%|####1     | 120/292 [00:01<00:01, 105.32it/s, Materializing param=gpt_neox.layers.9.mlp.dense_4h_to_h.weight]
Loading weights:  41%|####1     | 120/292 [00:01<00:01, 105.32it/s, Materializing param=gpt_neox.layers.9.mlp.dense_4h_to_h.weight]
Loading weights:  41%|####1     | 121/292 [00:01<00:01, 105.32it/s, Materializing param=gpt_neox.layers.9.mlp.dense_h_to_4h.bias]  
Loading weights:  41%|####1     | 121/292 [00:01<00:01, 105.32it/s, Materializing param=gpt_neox.layers.9.mlp.dense_h_to_4h.bias]
Loading weights:  42%|####1     | 122/292 [00:01<00:01, 105.32it/s, Materializing param=gpt_neox.layers.9.mlp.dense_h_to_4h.weight]
Loading weights:  42%|####1     | 122/292 [00:01<00:01, 105.32it/s, Materializing param=gpt_neox.layers.9.mlp.dense_h_to_4h.weight]
Loading weights:  42%|####2     | 123/292 [00:01<00:01, 105.32it/s, Materializing param=gpt_neox.layers.9.post_attention_layernorm.bias]
Loading weights:  42%|####2     | 123/292 [00:01<00:01, 105.32it/s, Materializing param=gpt_neox.layers.9.post_attention_layernorm.bias]
Loading weights:  42%|####2     | 124/292 [00:01<00:01, 105.32it/s, Materializing param=gpt_neox.layers.9.post_attention_layernorm.weight]
Loading weights:  42%|####2     | 124/292 [00:01<00:01, 105.32it/s, Materializing param=gpt_neox.layers.9.post_attention_layernorm.weight]
Loading weights:  43%|####2     | 125/292 [00:01<00:01, 105.32it/s, Materializing param=gpt_neox.layers.10.attention.dense.bias]          
Loading weights:  43%|####2     | 125/292 [00:01<00:01, 105.32it/s, Materializing param=gpt_neox.layers.10.attention.dense.bias]
Loading weights:  43%|####3     | 126/292 [00:01<00:01, 105.32it/s, Materializing param=gpt_neox.layers.10.attention.dense.weight]
Loading weights:  43%|####3     | 126/292 [00:01<00:01, 105.32it/s, Materializing param=gpt_neox.layers.10.attention.dense.weight]
Loading weights:  43%|####3     | 127/292 [00:01<00:01, 105.32it/s, Materializing param=gpt_neox.layers.10.attention.query_key_value.bias]
Loading weights:  43%|####3     | 127/292 [00:01<00:01, 105.32it/s, Materializing param=gpt_neox.layers.10.attention.query_key_value.bias]
Loading weights:  44%|####3     | 128/292 [00:01<00:01, 105.32it/s, Materializing param=gpt_neox.layers.10.attention.query_key_value.weight]
Loading weights:  44%|####3     | 128/292 [00:01<00:01, 105.32it/s, Materializing param=gpt_neox.layers.10.attention.query_key_value.weight]
Loading weights:  44%|####4     | 129/292 [00:01<00:01, 108.15it/s, Materializing param=gpt_neox.layers.10.attention.query_key_value.weight]
Loading weights:  44%|####4     | 129/292 [00:01<00:01, 108.15it/s, Materializing param=gpt_neox.layers.10.input_layernorm.bias]            
Loading weights:  44%|####4     | 129/292 [00:01<00:01, 108.15it/s, Materializing param=gpt_neox.layers.10.input_layernorm.bias]
Loading weights:  45%|####4     | 130/292 [00:01<00:01, 108.15it/s, Materializing param=gpt_neox.layers.10.input_layernorm.weight]
Loading weights:  45%|####4     | 130/292 [00:01<00:01, 108.15it/s, Materializing param=gpt_neox.layers.10.input_layernorm.weight]
Loading weights:  45%|####4     | 131/292 [00:01<00:01, 108.15it/s, Materializing param=gpt_neox.layers.10.mlp.dense_4h_to_h.bias]
Loading weights:  45%|####4     | 131/292 [00:01<00:01, 108.15it/s, Materializing param=gpt_neox.layers.10.mlp.dense_4h_to_h.bias]
Loading weights:  45%|####5     | 132/292 [00:01<00:01, 108.15it/s, Materializing param=gpt_neox.layers.10.mlp.dense_4h_to_h.weight]
Loading weights:  45%|####5     | 132/292 [00:01<00:01, 108.15it/s, Materializing param=gpt_neox.layers.10.mlp.dense_4h_to_h.weight]
Loading weights:  46%|####5     | 133/292 [00:01<00:01, 108.15it/s, Materializing param=gpt_neox.layers.10.mlp.dense_h_to_4h.bias]  
Loading weights:  46%|####5     | 133/292 [00:01<00:01, 108.15it/s, Materializing param=gpt_neox.layers.10.mlp.dense_h_to_4h.bias]
Loading weights:  46%|####5     | 134/292 [00:01<00:01, 108.15it/s, Materializing param=gpt_neox.layers.10.mlp.dense_h_to_4h.weight]
Loading weights:  46%|####5     | 134/292 [00:01<00:01, 108.15it/s, Materializing param=gpt_neox.layers.10.mlp.dense_h_to_4h.weight]
Loading weights:  46%|####6     | 135/292 [00:01<00:01, 108.15it/s, Materializing param=gpt_neox.layers.10.post_attention_layernorm.bias]
Loading weights:  46%|####6     | 135/292 [00:01<00:01, 108.15it/s, Materializing param=gpt_neox.layers.10.post_attention_layernorm.bias]
Loading weights:  47%|####6     | 136/292 [00:01<00:01, 108.15it/s, Materializing param=gpt_neox.layers.10.post_attention_layernorm.weight]
Loading weights:  47%|####6     | 136/292 [00:01<00:01, 108.15it/s, Materializing param=gpt_neox.layers.10.post_attention_layernorm.weight]
Loading weights:  47%|####6     | 137/292 [00:01<00:01, 108.15it/s, Materializing param=gpt_neox.layers.11.attention.dense.bias]           
Loading weights:  47%|####6     | 137/292 [00:01<00:01, 108.15it/s, Materializing param=gpt_neox.layers.11.attention.dense.bias]
Loading weights:  47%|####7     | 138/292 [00:01<00:01, 108.15it/s, Materializing param=gpt_neox.layers.11.attention.dense.weight]
Loading weights:  47%|####7     | 138/292 [00:01<00:01, 108.15it/s, Materializing param=gpt_neox.layers.11.attention.dense.weight]
Loading weights:  48%|####7     | 139/292 [00:01<00:01, 108.15it/s, Materializing param=gpt_neox.layers.11.attention.query_key_value.bias]
Loading weights:  48%|####7     | 139/292 [00:01<00:01, 108.15it/s, Materializing param=gpt_neox.layers.11.attention.query_key_value.bias]
Loading weights:  48%|####7     | 140/292 [00:01<00:01, 108.15it/s, Materializing param=gpt_neox.layers.11.attention.query_key_value.weight]
Loading weights:  48%|####7     | 140/292 [00:01<00:01, 108.15it/s, Materializing param=gpt_neox.layers.11.attention.query_key_value.weight]
Loading weights:  48%|####8     | 141/292 [00:01<00:01, 108.36it/s, Materializing param=gpt_neox.layers.11.attention.query_key_value.weight]
Loading weights:  48%|####8     | 141/292 [00:01<00:01, 108.36it/s, Materializing param=gpt_neox.layers.11.input_layernorm.bias]            
Loading weights:  48%|####8     | 141/292 [00:01<00:01, 108.36it/s, Materializing param=gpt_neox.layers.11.input_layernorm.bias]
Loading weights:  49%|####8     | 142/292 [00:01<00:01, 108.36it/s, Materializing param=gpt_neox.layers.11.input_layernorm.weight]
Loading weights:  49%|####8     | 142/292 [00:01<00:01, 108.36it/s, Materializing param=gpt_neox.layers.11.input_layernorm.weight]
Loading weights:  49%|####8     | 143/292 [00:01<00:01, 108.36it/s, Materializing param=gpt_neox.layers.11.mlp.dense_4h_to_h.bias]
Loading weights:  49%|####8     | 143/292 [00:01<00:01, 108.36it/s, Materializing param=gpt_neox.layers.11.mlp.dense_4h_to_h.bias]
Loading weights:  49%|####9     | 144/292 [00:01<00:01, 108.36it/s, Materializing param=gpt_neox.layers.11.mlp.dense_4h_to_h.weight]
Loading weights:  49%|####9     | 144/292 [00:01<00:01, 108.36it/s, Materializing param=gpt_neox.layers.11.mlp.dense_4h_to_h.weight]
Loading weights:  50%|####9     | 145/292 [00:01<00:01, 108.36it/s, Materializing param=gpt_neox.layers.11.mlp.dense_h_to_4h.bias]  
Loading weights:  50%|####9     | 145/292 [00:01<00:01, 108.36it/s, Materializing param=gpt_neox.layers.11.mlp.dense_h_to_4h.bias]
Loading weights:  50%|#####     | 146/292 [00:01<00:01, 108.36it/s, Materializing param=gpt_neox.layers.11.mlp.dense_h_to_4h.weight]
Loading weights:  50%|#####     | 146/292 [00:01<00:01, 108.36it/s, Materializing param=gpt_neox.layers.11.mlp.dense_h_to_4h.weight]
Loading weights:  50%|#####     | 147/292 [00:01<00:01, 108.36it/s, Materializing param=gpt_neox.layers.11.post_attention_layernorm.bias]
Loading weights:  50%|#####     | 147/292 [00:01<00:01, 108.36it/s, Materializing param=gpt_neox.layers.11.post_attention_layernorm.bias]
Loading weights:  51%|#####     | 148/292 [00:01<00:01, 108.36it/s, Materializing param=gpt_neox.layers.11.post_attention_layernorm.weight]
Loading weights:  51%|#####     | 148/292 [00:01<00:01, 108.36it/s, Materializing param=gpt_neox.layers.11.post_attention_layernorm.weight]
Loading weights:  51%|#####1    | 149/292 [00:01<00:01, 108.36it/s, Materializing param=gpt_neox.layers.12.attention.dense.bias]           
Loading weights:  51%|#####1    | 149/292 [00:01<00:01, 108.36it/s, Materializing param=gpt_neox.layers.12.attention.dense.bias]
Loading weights:  51%|#####1    | 150/292 [00:01<00:01, 108.36it/s, Materializing param=gpt_neox.layers.12.attention.dense.weight]
Loading weights:  51%|#####1    | 150/292 [00:01<00:01, 108.36it/s, Materializing param=gpt_neox.layers.12.attention.dense.weight]
Loading weights:  52%|#####1    | 151/292 [00:01<00:01, 108.36it/s, Materializing param=gpt_neox.layers.12.attention.query_key_value.bias]
Loading weights:  52%|#####1    | 151/292 [00:01<00:01, 108.36it/s, Materializing param=gpt_neox.layers.12.attention.query_key_value.bias]
Loading weights:  52%|#####2    | 152/292 [00:01<00:01, 108.36it/s, Materializing param=gpt_neox.layers.12.attention.query_key_value.weight]
Loading weights:  52%|#####2    | 152/292 [00:01<00:01, 108.36it/s, Materializing param=gpt_neox.layers.12.attention.query_key_value.weight]
Loading weights:  52%|#####2    | 153/292 [00:01<00:01, 108.36it/s, Materializing param=gpt_neox.layers.12.input_layernorm.bias]            
Loading weights:  52%|#####2    | 153/292 [00:01<00:01, 108.36it/s, Materializing param=gpt_neox.layers.12.input_layernorm.bias]
Loading weights:  53%|#####2    | 154/292 [00:01<00:01, 108.36it/s, Materializing param=gpt_neox.layers.12.input_layernorm.weight]
Loading weights:  53%|#####2    | 154/292 [00:01<00:01, 108.36it/s, Materializing param=gpt_neox.layers.12.input_layernorm.weight]
Loading weights:  53%|#####3    | 155/292 [00:01<00:01, 108.36it/s, Materializing param=gpt_neox.layers.12.mlp.dense_4h_to_h.bias]
Loading weights:  53%|#####3    | 155/292 [00:01<00:01, 108.36it/s, Materializing param=gpt_neox.layers.12.mlp.dense_4h_to_h.bias]
Loading weights:  53%|#####3    | 156/292 [00:01<00:01, 108.36it/s, Materializing param=gpt_neox.layers.12.mlp.dense_4h_to_h.weight]
Loading weights:  53%|#####3    | 156/292 [00:01<00:01, 108.36it/s, Materializing param=gpt_neox.layers.12.mlp.dense_4h_to_h.weight]
Loading weights:  54%|#####3    | 157/292 [00:01<00:01, 112.71it/s, Materializing param=gpt_neox.layers.12.mlp.dense_4h_to_h.weight]
Loading weights:  54%|#####3    | 157/292 [00:01<00:01, 112.71it/s, Materializing param=gpt_neox.layers.12.mlp.dense_h_to_4h.bias]  
Loading weights:  54%|#####3    | 157/292 [00:01<00:01, 112.71it/s, Materializing param=gpt_neox.layers.12.mlp.dense_h_to_4h.bias]
Loading weights:  54%|#####4    | 158/292 [00:01<00:01, 112.71it/s, Materializing param=gpt_neox.layers.12.mlp.dense_h_to_4h.weight]
Loading weights:  54%|#####4    | 158/292 [00:01<00:01, 112.71it/s, Materializing param=gpt_neox.layers.12.mlp.dense_h_to_4h.weight]
Loading weights:  54%|#####4    | 159/292 [00:01<00:01, 112.71it/s, Materializing param=gpt_neox.layers.12.post_attention_layernorm.bias]
Loading weights:  54%|#####4    | 159/292 [00:01<00:01, 112.71it/s, Materializing param=gpt_neox.layers.12.post_attention_layernorm.bias]
Loading weights:  55%|#####4    | 160/292 [00:01<00:01, 112.71it/s, Materializing param=gpt_neox.layers.12.post_attention_layernorm.weight]
Loading weights:  55%|#####4    | 160/292 [00:01<00:01, 112.71it/s, Materializing param=gpt_neox.layers.12.post_attention_layernorm.weight]
Loading weights:  55%|#####5    | 161/292 [00:01<00:01, 112.71it/s, Materializing param=gpt_neox.layers.13.attention.dense.bias]           
Loading weights:  55%|#####5    | 161/292 [00:01<00:01, 112.71it/s, Materializing param=gpt_neox.layers.13.attention.dense.bias]
Loading weights:  55%|#####5    | 162/292 [00:01<00:01, 112.71it/s, Materializing param=gpt_neox.layers.13.attention.dense.weight]
Loading weights:  55%|#####5    | 162/292 [00:01<00:01, 112.71it/s, Materializing param=gpt_neox.layers.13.attention.dense.weight]
Loading weights:  56%|#####5    | 163/292 [00:01<00:01, 112.71it/s, Materializing param=gpt_neox.layers.13.attention.query_key_value.bias]
Loading weights:  56%|#####5    | 163/292 [00:01<00:01, 112.71it/s, Materializing param=gpt_neox.layers.13.attention.query_key_value.bias]
Loading weights:  56%|#####6    | 164/292 [00:01<00:01, 112.71it/s, Materializing param=gpt_neox.layers.13.attention.query_key_value.weight]
Loading weights:  56%|#####6    | 164/292 [00:01<00:01, 112.71it/s, Materializing param=gpt_neox.layers.13.attention.query_key_value.weight]
Loading weights:  57%|#####6    | 165/292 [00:01<00:01, 112.71it/s, Materializing param=gpt_neox.layers.13.input_layernorm.bias]            
Loading weights:  57%|#####6    | 165/292 [00:01<00:01, 112.71it/s, Materializing param=gpt_neox.layers.13.input_layernorm.bias]
Loading weights:  57%|#####6    | 166/292 [00:01<00:01, 112.71it/s, Materializing param=gpt_neox.layers.13.input_layernorm.weight]
Loading weights:  57%|#####6    | 166/292 [00:01<00:01, 112.71it/s, Materializing param=gpt_neox.layers.13.input_layernorm.weight]
Loading weights:  57%|#####7    | 167/292 [00:01<00:01, 112.71it/s, Materializing param=gpt_neox.layers.13.mlp.dense_4h_to_h.bias]
Loading weights:  57%|#####7    | 167/292 [00:01<00:01, 112.71it/s, Materializing param=gpt_neox.layers.13.mlp.dense_4h_to_h.bias]
Loading weights:  58%|#####7    | 168/292 [00:01<00:01, 112.71it/s, Materializing param=gpt_neox.layers.13.mlp.dense_4h_to_h.weight]
Loading weights:  58%|#####7    | 168/292 [00:01<00:01, 112.71it/s, Materializing param=gpt_neox.layers.13.mlp.dense_4h_to_h.weight]
Loading weights:  58%|#####7    | 169/292 [00:01<00:01, 112.71it/s, Materializing param=gpt_neox.layers.13.mlp.dense_h_to_4h.bias]  
Loading weights:  58%|#####7    | 169/292 [00:01<00:01, 112.71it/s, Materializing param=gpt_neox.layers.13.mlp.dense_h_to_4h.bias]
Loading weights:  58%|#####8    | 170/292 [00:01<00:01, 112.71it/s, Materializing param=gpt_neox.layers.13.mlp.dense_h_to_4h.weight]
Loading weights:  58%|#####8    | 170/292 [00:01<00:01, 112.71it/s, Materializing param=gpt_neox.layers.13.mlp.dense_h_to_4h.weight]
Loading weights:  59%|#####8    | 171/292 [00:01<00:01, 112.71it/s, Materializing param=gpt_neox.layers.13.post_attention_layernorm.bias]
Loading weights:  59%|#####8    | 171/292 [00:01<00:01, 112.71it/s, Materializing param=gpt_neox.layers.13.post_attention_layernorm.bias]
Loading weights:  59%|#####8    | 172/292 [00:01<00:01, 112.71it/s, Materializing param=gpt_neox.layers.13.post_attention_layernorm.weight]
Loading weights:  59%|#####8    | 172/292 [00:01<00:01, 112.71it/s, Materializing param=gpt_neox.layers.13.post_attention_layernorm.weight]
Loading weights:  59%|#####9    | 173/292 [00:01<00:01, 112.71it/s, Materializing param=gpt_neox.layers.14.attention.dense.bias]           
Loading weights:  59%|#####9    | 173/292 [00:01<00:01, 112.71it/s, Materializing param=gpt_neox.layers.14.attention.dense.bias]
Loading weights:  60%|#####9    | 174/292 [00:01<00:01, 112.71it/s, Materializing param=gpt_neox.layers.14.attention.dense.weight]
Loading weights:  60%|#####9    | 174/292 [00:01<00:01, 112.71it/s, Materializing param=gpt_neox.layers.14.attention.dense.weight]
Loading weights:  60%|#####9    | 175/292 [00:01<00:00, 123.33it/s, Materializing param=gpt_neox.layers.14.attention.dense.weight]
Loading weights:  60%|#####9    | 175/292 [00:01<00:00, 123.33it/s, Materializing param=gpt_neox.layers.14.attention.query_key_value.bias]
Loading weights:  60%|#####9    | 175/292 [00:01<00:00, 123.33it/s, Materializing param=gpt_neox.layers.14.attention.query_key_value.bias]
Loading weights:  60%|######    | 176/292 [00:01<00:00, 123.33it/s, Materializing param=gpt_neox.layers.14.attention.query_key_value.weight]
Loading weights:  60%|######    | 176/292 [00:01<00:00, 123.33it/s, Materializing param=gpt_neox.layers.14.attention.query_key_value.weight]
Loading weights:  61%|######    | 177/292 [00:01<00:00, 123.33it/s, Materializing param=gpt_neox.layers.14.input_layernorm.bias]            
Loading weights:  61%|######    | 177/292 [00:01<00:00, 123.33it/s, Materializing param=gpt_neox.layers.14.input_layernorm.bias]
Loading weights:  61%|######    | 178/292 [00:01<00:00, 123.33it/s, Materializing param=gpt_neox.layers.14.input_layernorm.weight]
Loading weights:  61%|######    | 178/292 [00:01<00:00, 123.33it/s, Materializing param=gpt_neox.layers.14.input_layernorm.weight]
Loading weights:  61%|######1   | 179/292 [00:01<00:00, 123.33it/s, Materializing param=gpt_neox.layers.14.mlp.dense_4h_to_h.bias]
Loading weights:  61%|######1   | 179/292 [00:01<00:00, 123.33it/s, Materializing param=gpt_neox.layers.14.mlp.dense_4h_to_h.bias]
Loading weights:  62%|######1   | 180/292 [00:01<00:00, 123.33it/s, Materializing param=gpt_neox.layers.14.mlp.dense_4h_to_h.weight]
Loading weights:  62%|######1   | 180/292 [00:01<00:00, 123.33it/s, Materializing param=gpt_neox.layers.14.mlp.dense_4h_to_h.weight]
Loading weights:  62%|######1   | 181/292 [00:01<00:00, 123.33it/s, Materializing param=gpt_neox.layers.14.mlp.dense_h_to_4h.bias]  
Loading weights:  62%|######1   | 181/292 [00:01<00:00, 123.33it/s, Materializing param=gpt_neox.layers.14.mlp.dense_h_to_4h.bias]
Loading weights:  62%|######2   | 182/292 [00:01<00:00, 123.33it/s, Materializing param=gpt_neox.layers.14.mlp.dense_h_to_4h.weight]
Loading weights:  62%|######2   | 182/292 [00:01<00:00, 123.33it/s, Materializing param=gpt_neox.layers.14.mlp.dense_h_to_4h.weight]
Loading weights:  63%|######2   | 183/292 [00:01<00:00, 123.33it/s, Materializing param=gpt_neox.layers.14.post_attention_layernorm.bias]
Loading weights:  63%|######2   | 183/292 [00:01<00:00, 123.33it/s, Materializing param=gpt_neox.layers.14.post_attention_layernorm.bias]
Loading weights:  63%|######3   | 184/292 [00:01<00:00, 123.33it/s, Materializing param=gpt_neox.layers.14.post_attention_layernorm.weight]
Loading weights:  63%|######3   | 184/292 [00:01<00:00, 123.33it/s, Materializing param=gpt_neox.layers.14.post_attention_layernorm.weight]
Loading weights:  63%|######3   | 185/292 [00:01<00:00, 123.33it/s, Materializing param=gpt_neox.layers.15.attention.dense.bias]           
Loading weights:  63%|######3   | 185/292 [00:01<00:00, 123.33it/s, Materializing param=gpt_neox.layers.15.attention.dense.bias]
Loading weights:  64%|######3   | 186/292 [00:01<00:00, 123.33it/s, Materializing param=gpt_neox.layers.15.attention.dense.weight]
Loading weights:  64%|######3   | 186/292 [00:01<00:00, 123.33it/s, Materializing param=gpt_neox.layers.15.attention.dense.weight]
Loading weights:  64%|######4   | 187/292 [00:01<00:00, 123.33it/s, Materializing param=gpt_neox.layers.15.attention.query_key_value.bias]
Loading weights:  64%|######4   | 187/292 [00:01<00:00, 123.33it/s, Materializing param=gpt_neox.layers.15.attention.query_key_value.bias]
Loading weights:  64%|######4   | 188/292 [00:01<00:00, 116.93it/s, Materializing param=gpt_neox.layers.15.attention.query_key_value.bias]
Loading weights:  64%|######4   | 188/292 [00:01<00:00, 116.93it/s, Materializing param=gpt_neox.layers.15.attention.query_key_value.weight]
Loading weights:  64%|######4   | 188/292 [00:01<00:00, 116.93it/s, Materializing param=gpt_neox.layers.15.attention.query_key_value.weight]
Loading weights:  65%|######4   | 189/292 [00:01<00:00, 116.93it/s, Materializing param=gpt_neox.layers.15.input_layernorm.bias]            
Loading weights:  65%|######4   | 189/292 [00:01<00:00, 116.93it/s, Materializing param=gpt_neox.layers.15.input_layernorm.bias]
Loading weights:  65%|######5   | 190/292 [00:01<00:00, 116.93it/s, Materializing param=gpt_neox.layers.15.input_layernorm.weight]
Loading weights:  65%|######5   | 190/292 [00:01<00:00, 116.93it/s, Materializing param=gpt_neox.layers.15.input_layernorm.weight]
Loading weights:  65%|######5   | 191/292 [00:01<00:00, 116.93it/s, Materializing param=gpt_neox.layers.15.mlp.dense_4h_to_h.bias]
Loading weights:  65%|######5   | 191/292 [00:01<00:00, 116.93it/s, Materializing param=gpt_neox.layers.15.mlp.dense_4h_to_h.bias]
Loading weights:  66%|######5   | 192/292 [00:01<00:00, 116.93it/s, Materializing param=gpt_neox.layers.15.mlp.dense_4h_to_h.weight]
Loading weights:  66%|######5   | 192/292 [00:01<00:00, 116.93it/s, Materializing param=gpt_neox.layers.15.mlp.dense_4h_to_h.weight]
Loading weights:  66%|######6   | 193/292 [00:01<00:00, 116.93it/s, Materializing param=gpt_neox.layers.15.mlp.dense_h_to_4h.bias]  
Loading weights:  66%|######6   | 193/292 [00:01<00:00, 116.93it/s, Materializing param=gpt_neox.layers.15.mlp.dense_h_to_4h.bias]
Loading weights:  66%|######6   | 194/292 [00:01<00:00, 116.93it/s, Materializing param=gpt_neox.layers.15.mlp.dense_h_to_4h.weight]
Loading weights:  66%|######6   | 194/292 [00:01<00:00, 116.93it/s, Materializing param=gpt_neox.layers.15.mlp.dense_h_to_4h.weight]
Loading weights:  67%|######6   | 195/292 [00:01<00:00, 116.93it/s, Materializing param=gpt_neox.layers.15.post_attention_layernorm.bias]
Loading weights:  67%|######6   | 195/292 [00:01<00:00, 116.93it/s, Materializing param=gpt_neox.layers.15.post_attention_layernorm.bias]
Loading weights:  67%|######7   | 196/292 [00:01<00:00, 116.93it/s, Materializing param=gpt_neox.layers.15.post_attention_layernorm.weight]
Loading weights:  67%|######7   | 196/292 [00:01<00:00, 116.93it/s, Materializing param=gpt_neox.layers.15.post_attention_layernorm.weight]
Loading weights:  67%|######7   | 197/292 [00:01<00:00, 116.93it/s, Materializing param=gpt_neox.layers.16.attention.dense.bias]           
Loading weights:  67%|######7   | 197/292 [00:01<00:00, 116.93it/s, Materializing param=gpt_neox.layers.16.attention.dense.bias]
Loading weights:  68%|######7   | 198/292 [00:01<00:00, 116.93it/s, Materializing param=gpt_neox.layers.16.attention.dense.weight]
Loading weights:  68%|######7   | 198/292 [00:01<00:00, 116.93it/s, Materializing param=gpt_neox.layers.16.attention.dense.weight]
Loading weights:  68%|######8   | 199/292 [00:02<00:00, 116.93it/s, Materializing param=gpt_neox.layers.16.attention.query_key_value.bias]
Loading weights:  68%|######8   | 199/292 [00:02<00:00, 116.93it/s, Materializing param=gpt_neox.layers.16.attention.query_key_value.bias]
Loading weights:  68%|######8   | 200/292 [00:02<00:00, 100.89it/s, Materializing param=gpt_neox.layers.16.attention.query_key_value.bias]
Loading weights:  68%|######8   | 200/292 [00:02<00:00, 100.89it/s, Materializing param=gpt_neox.layers.16.attention.query_key_value.weight]
Loading weights:  68%|######8   | 200/292 [00:02<00:00, 100.89it/s, Materializing param=gpt_neox.layers.16.attention.query_key_value.weight]
Loading weights:  69%|######8   | 201/292 [00:02<00:00, 100.89it/s, Materializing param=gpt_neox.layers.16.input_layernorm.bias]            
Loading weights:  69%|######8   | 201/292 [00:02<00:00, 100.89it/s, Materializing param=gpt_neox.layers.16.input_layernorm.bias]
Loading weights:  69%|######9   | 202/292 [00:02<00:00, 100.89it/s, Materializing param=gpt_neox.layers.16.input_layernorm.weight]
Loading weights:  69%|######9   | 202/292 [00:02<00:00, 100.89it/s, Materializing param=gpt_neox.layers.16.input_layernorm.weight]
Loading weights:  70%|######9   | 203/292 [00:02<00:00, 100.89it/s, Materializing param=gpt_neox.layers.16.mlp.dense_4h_to_h.bias]
Loading weights:  70%|######9   | 203/292 [00:02<00:00, 100.89it/s, Materializing param=gpt_neox.layers.16.mlp.dense_4h_to_h.bias]
Loading weights:  70%|######9   | 204/292 [00:02<00:00, 100.89it/s, Materializing param=gpt_neox.layers.16.mlp.dense_4h_to_h.weight]
Loading weights:  70%|######9   | 204/292 [00:02<00:00, 100.89it/s, Materializing param=gpt_neox.layers.16.mlp.dense_4h_to_h.weight]
Loading weights:  70%|#######   | 205/292 [00:02<00:00, 100.89it/s, Materializing param=gpt_neox.layers.16.mlp.dense_h_to_4h.bias]  
Loading weights:  70%|#######   | 205/292 [00:02<00:00, 100.89it/s, Materializing param=gpt_neox.layers.16.mlp.dense_h_to_4h.bias]
Loading weights:  71%|#######   | 206/292 [00:02<00:00, 100.89it/s, Materializing param=gpt_neox.layers.16.mlp.dense_h_to_4h.weight]
Loading weights:  71%|#######   | 206/292 [00:02<00:00, 100.89it/s, Materializing param=gpt_neox.layers.16.mlp.dense_h_to_4h.weight]
Loading weights:  71%|#######   | 207/292 [00:02<00:00, 100.89it/s, Materializing param=gpt_neox.layers.16.post_attention_layernorm.bias]
Loading weights:  71%|#######   | 207/292 [00:02<00:00, 100.89it/s, Materializing param=gpt_neox.layers.16.post_attention_layernorm.bias]
Loading weights:  71%|#######1  | 208/292 [00:02<00:00, 100.89it/s, Materializing param=gpt_neox.layers.16.post_attention_layernorm.weight]
Loading weights:  71%|#######1  | 208/292 [00:02<00:00, 100.89it/s, Materializing param=gpt_neox.layers.16.post_attention_layernorm.weight]
Loading weights:  72%|#######1  | 209/292 [00:02<00:00, 100.89it/s, Materializing param=gpt_neox.layers.17.attention.dense.bias]           
Loading weights:  72%|#######1  | 209/292 [00:02<00:00, 100.89it/s, Materializing param=gpt_neox.layers.17.attention.dense.bias]
Loading weights:  72%|#######1  | 210/292 [00:02<00:00, 100.89it/s, Materializing param=gpt_neox.layers.17.attention.dense.weight]
Loading weights:  72%|#######1  | 210/292 [00:02<00:00, 100.89it/s, Materializing param=gpt_neox.layers.17.attention.dense.weight]
Loading weights:  72%|#######2  | 211/292 [00:02<00:00, 81.15it/s, Materializing param=gpt_neox.layers.17.attention.dense.weight] 
Loading weights:  72%|#######2  | 211/292 [00:02<00:00, 81.15it/s, Materializing param=gpt_neox.layers.17.attention.query_key_value.bias]
Loading weights:  72%|#######2  | 211/292 [00:02<00:00, 81.15it/s, Materializing param=gpt_neox.layers.17.attention.query_key_value.bias]
Loading weights:  73%|#######2  | 212/292 [00:02<00:00, 81.15it/s, Materializing param=gpt_neox.layers.17.attention.query_key_value.weight]
Loading weights:  73%|#######2  | 212/292 [00:02<00:00, 81.15it/s, Materializing param=gpt_neox.layers.17.attention.query_key_value.weight]
Loading weights:  73%|#######2  | 213/292 [00:02<00:00, 81.15it/s, Materializing param=gpt_neox.layers.17.input_layernorm.bias]            
Loading weights:  73%|#######2  | 213/292 [00:02<00:00, 81.15it/s, Materializing param=gpt_neox.layers.17.input_layernorm.bias]
Loading weights:  73%|#######3  | 214/292 [00:02<00:00, 81.15it/s, Materializing param=gpt_neox.layers.17.input_layernorm.weight]
Loading weights:  73%|#######3  | 214/292 [00:02<00:00, 81.15it/s, Materializing param=gpt_neox.layers.17.input_layernorm.weight]
Loading weights:  74%|#######3  | 215/292 [00:02<00:00, 81.15it/s, Materializing param=gpt_neox.layers.17.mlp.dense_4h_to_h.bias]
Loading weights:  74%|#######3  | 215/292 [00:02<00:00, 81.15it/s, Materializing param=gpt_neox.layers.17.mlp.dense_4h_to_h.bias]
Loading weights:  74%|#######3  | 216/292 [00:02<00:00, 81.15it/s, Materializing param=gpt_neox.layers.17.mlp.dense_4h_to_h.weight]
Loading weights:  74%|#######3  | 216/292 [00:02<00:00, 81.15it/s, Materializing param=gpt_neox.layers.17.mlp.dense_4h_to_h.weight]
Loading weights:  74%|#######4  | 217/292 [00:02<00:00, 81.15it/s, Materializing param=gpt_neox.layers.17.mlp.dense_h_to_4h.bias]  
Loading weights:  74%|#######4  | 217/292 [00:02<00:00, 81.15it/s, Materializing param=gpt_neox.layers.17.mlp.dense_h_to_4h.bias]
Loading weights:  75%|#######4  | 218/292 [00:02<00:00, 81.15it/s, Materializing param=gpt_neox.layers.17.mlp.dense_h_to_4h.weight]
Loading weights:  75%|#######4  | 218/292 [00:02<00:00, 81.15it/s, Materializing param=gpt_neox.layers.17.mlp.dense_h_to_4h.weight]
Loading weights:  75%|#######5  | 219/292 [00:02<00:00, 81.15it/s, Materializing param=gpt_neox.layers.17.post_attention_layernorm.bias]
Loading weights:  75%|#######5  | 219/292 [00:02<00:00, 81.15it/s, Materializing param=gpt_neox.layers.17.post_attention_layernorm.bias]
Loading weights:  75%|#######5  | 220/292 [00:02<00:00, 81.15it/s, Materializing param=gpt_neox.layers.17.post_attention_layernorm.weight]
Loading weights:  75%|#######5  | 220/292 [00:02<00:00, 81.15it/s, Materializing param=gpt_neox.layers.17.post_attention_layernorm.weight]
Loading weights:  76%|#######5  | 221/292 [00:02<00:00, 81.15it/s, Materializing param=gpt_neox.layers.18.attention.dense.bias]           
Loading weights:  76%|#######5  | 221/292 [00:02<00:00, 81.15it/s, Materializing param=gpt_neox.layers.18.attention.dense.bias]
Loading weights:  76%|#######6  | 222/292 [00:02<00:00, 81.15it/s, Materializing param=gpt_neox.layers.18.attention.dense.weight]
Loading weights:  76%|#######6  | 222/292 [00:02<00:00, 81.15it/s, Materializing param=gpt_neox.layers.18.attention.dense.weight]
Loading weights:  76%|#######6  | 223/292 [00:02<00:00, 81.15it/s, Materializing param=gpt_neox.layers.18.attention.query_key_value.bias]
Loading weights:  76%|#######6  | 223/292 [00:02<00:00, 81.15it/s, Materializing param=gpt_neox.layers.18.attention.query_key_value.bias]
Loading weights:  77%|#######6  | 224/292 [00:02<00:00, 81.15it/s, Materializing param=gpt_neox.layers.18.attention.query_key_value.weight]
Loading weights:  77%|#######6  | 224/292 [00:02<00:00, 81.15it/s, Materializing param=gpt_neox.layers.18.attention.query_key_value.weight]
Loading weights:  77%|#######7  | 225/292 [00:02<00:00, 81.15it/s, Materializing param=gpt_neox.layers.18.input_layernorm.bias]            
Loading weights:  77%|#######7  | 225/292 [00:02<00:00, 81.15it/s, Materializing param=gpt_neox.layers.18.input_layernorm.bias]
Loading weights:  77%|#######7  | 226/292 [00:02<00:00, 81.15it/s, Materializing param=gpt_neox.layers.18.input_layernorm.weight]
Loading weights:  77%|#######7  | 226/292 [00:02<00:00, 81.15it/s, Materializing param=gpt_neox.layers.18.input_layernorm.weight]
Loading weights:  78%|#######7  | 227/292 [00:02<00:00, 81.15it/s, Materializing param=gpt_neox.layers.18.mlp.dense_4h_to_h.bias]
Loading weights:  78%|#######7  | 227/292 [00:02<00:00, 81.15it/s, Materializing param=gpt_neox.layers.18.mlp.dense_4h_to_h.bias]
Loading weights:  78%|#######8  | 228/292 [00:02<00:00, 81.15it/s, Materializing param=gpt_neox.layers.18.mlp.dense_4h_to_h.weight]
Loading weights:  78%|#######8  | 228/292 [00:02<00:00, 81.15it/s, Materializing param=gpt_neox.layers.18.mlp.dense_4h_to_h.weight]
Loading weights:  78%|#######8  | 229/292 [00:02<00:00, 91.63it/s, Materializing param=gpt_neox.layers.18.mlp.dense_4h_to_h.weight]
Loading weights:  78%|#######8  | 229/292 [00:02<00:00, 91.63it/s, Materializing param=gpt_neox.layers.18.mlp.dense_h_to_4h.bias]  
Loading weights:  78%|#######8  | 229/292 [00:02<00:00, 91.63it/s, Materializing param=gpt_neox.layers.18.mlp.dense_h_to_4h.bias]
Loading weights:  79%|#######8  | 230/292 [00:02<00:00, 91.63it/s, Materializing param=gpt_neox.layers.18.mlp.dense_h_to_4h.weight]
Loading weights:  79%|#######8  | 230/292 [00:02<00:00, 91.63it/s, Materializing param=gpt_neox.layers.18.mlp.dense_h_to_4h.weight]
Loading weights:  79%|#######9  | 231/292 [00:02<00:00, 91.63it/s, Materializing param=gpt_neox.layers.18.post_attention_layernorm.bias]
Loading weights:  79%|#######9  | 231/292 [00:02<00:00, 91.63it/s, Materializing param=gpt_neox.layers.18.post_attention_layernorm.bias]
Loading weights:  79%|#######9  | 232/292 [00:02<00:00, 91.63it/s, Materializing param=gpt_neox.layers.18.post_attention_layernorm.weight]
Loading weights:  79%|#######9  | 232/292 [00:02<00:00, 91.63it/s, Materializing param=gpt_neox.layers.18.post_attention_layernorm.weight]
Loading weights:  80%|#######9  | 233/292 [00:02<00:00, 91.63it/s, Materializing param=gpt_neox.layers.19.attention.dense.bias]           
Loading weights:  80%|#######9  | 233/292 [00:02<00:00, 91.63it/s, Materializing param=gpt_neox.layers.19.attention.dense.bias]
Loading weights:  80%|########  | 234/292 [00:02<00:00, 91.63it/s, Materializing param=gpt_neox.layers.19.attention.dense.weight]
Loading weights:  80%|########  | 234/292 [00:02<00:00, 91.63it/s, Materializing param=gpt_neox.layers.19.attention.dense.weight]
Loading weights:  80%|########  | 235/292 [00:02<00:00, 91.63it/s, Materializing param=gpt_neox.layers.19.attention.query_key_value.bias]
Loading weights:  80%|########  | 235/292 [00:02<00:00, 91.63it/s, Materializing param=gpt_neox.layers.19.attention.query_key_value.bias]
Loading weights:  81%|########  | 236/292 [00:02<00:00, 91.63it/s, Materializing param=gpt_neox.layers.19.attention.query_key_value.weight]
Loading weights:  81%|########  | 236/292 [00:02<00:00, 91.63it/s, Materializing param=gpt_neox.layers.19.attention.query_key_value.weight]
Loading weights:  81%|########1 | 237/292 [00:02<00:00, 91.63it/s, Materializing param=gpt_neox.layers.19.input_layernorm.bias]            
Loading weights:  81%|########1 | 237/292 [00:02<00:00, 91.63it/s, Materializing param=gpt_neox.layers.19.input_layernorm.bias]
Loading weights:  82%|########1 | 238/292 [00:02<00:00, 91.63it/s, Materializing param=gpt_neox.layers.19.input_layernorm.weight]
Loading weights:  82%|########1 | 238/292 [00:02<00:00, 91.63it/s, Materializing param=gpt_neox.layers.19.input_layernorm.weight]
Loading weights:  82%|########1 | 239/292 [00:02<00:00, 91.63it/s, Materializing param=gpt_neox.layers.19.mlp.dense_4h_to_h.bias]
Loading weights:  82%|########1 | 239/292 [00:02<00:00, 91.63it/s, Materializing param=gpt_neox.layers.19.mlp.dense_4h_to_h.bias]
Loading weights:  82%|########2 | 240/292 [00:02<00:00, 91.63it/s, Materializing param=gpt_neox.layers.19.mlp.dense_4h_to_h.weight]
Loading weights:  82%|########2 | 240/292 [00:02<00:00, 91.63it/s, Materializing param=gpt_neox.layers.19.mlp.dense_4h_to_h.weight]
Loading weights:  83%|########2 | 241/292 [00:02<00:00, 91.63it/s, Materializing param=gpt_neox.layers.19.mlp.dense_h_to_4h.bias]  
Loading weights:  83%|########2 | 241/292 [00:02<00:00, 91.63it/s, Materializing param=gpt_neox.layers.19.mlp.dense_h_to_4h.bias]
Loading weights:  83%|########2 | 242/292 [00:02<00:00, 91.63it/s, Materializing param=gpt_neox.layers.19.mlp.dense_h_to_4h.weight]
Loading weights:  83%|########2 | 242/292 [00:02<00:00, 91.63it/s, Materializing param=gpt_neox.layers.19.mlp.dense_h_to_4h.weight]
Loading weights:  83%|########3 | 243/292 [00:02<00:00, 96.58it/s, Materializing param=gpt_neox.layers.19.mlp.dense_h_to_4h.weight]
Loading weights:  83%|########3 | 243/292 [00:02<00:00, 96.58it/s, Materializing param=gpt_neox.layers.19.post_attention_layernorm.bias]
Loading weights:  83%|########3 | 243/292 [00:02<00:00, 96.58it/s, Materializing param=gpt_neox.layers.19.post_attention_layernorm.bias]
Loading weights:  84%|########3 | 244/292 [00:02<00:00, 96.58it/s, Materializing param=gpt_neox.layers.19.post_attention_layernorm.weight]
Loading weights:  84%|########3 | 244/292 [00:02<00:00, 96.58it/s, Materializing param=gpt_neox.layers.19.post_attention_layernorm.weight]
Loading weights:  84%|########3 | 245/292 [00:02<00:00, 96.58it/s, Materializing param=gpt_neox.layers.20.attention.dense.bias]           
Loading weights:  84%|########3 | 245/292 [00:02<00:00, 96.58it/s, Materializing param=gpt_neox.layers.20.attention.dense.bias]
Loading weights:  84%|########4 | 246/292 [00:02<00:00, 96.58it/s, Materializing param=gpt_neox.layers.20.attention.dense.weight]
Loading weights:  84%|########4 | 246/292 [00:02<00:00, 96.58it/s, Materializing param=gpt_neox.layers.20.attention.dense.weight]
Loading weights:  85%|########4 | 247/292 [00:02<00:00, 96.58it/s, Materializing param=gpt_neox.layers.20.attention.query_key_value.bias]
Loading weights:  85%|########4 | 247/292 [00:02<00:00, 96.58it/s, Materializing param=gpt_neox.layers.20.attention.query_key_value.bias]
Loading weights:  85%|########4 | 248/292 [00:02<00:00, 96.58it/s, Materializing param=gpt_neox.layers.20.attention.query_key_value.weight]
Loading weights:  85%|########4 | 248/292 [00:02<00:00, 96.58it/s, Materializing param=gpt_neox.layers.20.attention.query_key_value.weight]
Loading weights:  85%|########5 | 249/292 [00:02<00:00, 96.58it/s, Materializing param=gpt_neox.layers.20.input_layernorm.bias]            
Loading weights:  85%|########5 | 249/292 [00:02<00:00, 96.58it/s, Materializing param=gpt_neox.layers.20.input_layernorm.bias]
Loading weights:  86%|########5 | 250/292 [00:02<00:00, 96.58it/s, Materializing param=gpt_neox.layers.20.input_layernorm.weight]
Loading weights:  86%|########5 | 250/292 [00:02<00:00, 96.58it/s, Materializing param=gpt_neox.layers.20.input_layernorm.weight]
Loading weights:  86%|########5 | 251/292 [00:02<00:00, 96.58it/s, Materializing param=gpt_neox.layers.20.mlp.dense_4h_to_h.bias]
Loading weights:  86%|########5 | 251/292 [00:02<00:00, 96.58it/s, Materializing param=gpt_neox.layers.20.mlp.dense_4h_to_h.bias]
Loading weights:  86%|########6 | 252/292 [00:02<00:00, 96.58it/s, Materializing param=gpt_neox.layers.20.mlp.dense_4h_to_h.weight]
Loading weights:  86%|########6 | 252/292 [00:02<00:00, 96.58it/s, Materializing param=gpt_neox.layers.20.mlp.dense_4h_to_h.weight]
Loading weights:  87%|########6 | 253/292 [00:02<00:00, 96.58it/s, Materializing param=gpt_neox.layers.20.mlp.dense_h_to_4h.bias]  
Loading weights:  87%|########6 | 253/292 [00:02<00:00, 96.58it/s, Materializing param=gpt_neox.layers.20.mlp.dense_h_to_4h.bias]
Loading weights:  87%|########6 | 254/292 [00:02<00:00, 96.58it/s, Materializing param=gpt_neox.layers.20.mlp.dense_h_to_4h.weight]
Loading weights:  87%|########6 | 254/292 [00:02<00:00, 96.58it/s, Materializing param=gpt_neox.layers.20.mlp.dense_h_to_4h.weight]
Loading weights:  87%|########7 | 255/292 [00:02<00:00, 99.97it/s, Materializing param=gpt_neox.layers.20.mlp.dense_h_to_4h.weight]
Loading weights:  87%|########7 | 255/292 [00:02<00:00, 99.97it/s, Materializing param=gpt_neox.layers.20.post_attention_layernorm.bias]
Loading weights:  87%|########7 | 255/292 [00:02<00:00, 99.97it/s, Materializing param=gpt_neox.layers.20.post_attention_layernorm.bias]
Loading weights:  88%|########7 | 256/292 [00:02<00:00, 99.97it/s, Materializing param=gpt_neox.layers.20.post_attention_layernorm.weight]
Loading weights:  88%|########7 | 256/292 [00:02<00:00, 99.97it/s, Materializing param=gpt_neox.layers.20.post_attention_layernorm.weight]
Loading weights:  88%|########8 | 257/292 [00:02<00:00, 99.97it/s, Materializing param=gpt_neox.layers.21.attention.dense.bias]           
Loading weights:  88%|########8 | 257/292 [00:02<00:00, 99.97it/s, Materializing param=gpt_neox.layers.21.attention.dense.bias]
Loading weights:  88%|########8 | 258/292 [00:02<00:00, 99.97it/s, Materializing param=gpt_neox.layers.21.attention.dense.weight]
Loading weights:  88%|########8 | 258/292 [00:02<00:00, 99.97it/s, Materializing param=gpt_neox.layers.21.attention.dense.weight]
Loading weights:  89%|########8 | 259/292 [00:02<00:00, 99.97it/s, Materializing param=gpt_neox.layers.21.attention.query_key_value.bias]
Loading weights:  89%|########8 | 259/292 [00:02<00:00, 99.97it/s, Materializing param=gpt_neox.layers.21.attention.query_key_value.bias]
Loading weights:  89%|########9 | 260/292 [00:02<00:00, 99.97it/s, Materializing param=gpt_neox.layers.21.attention.query_key_value.weight]
Loading weights:  89%|########9 | 260/292 [00:02<00:00, 99.97it/s, Materializing param=gpt_neox.layers.21.attention.query_key_value.weight]
Loading weights:  89%|########9 | 261/292 [00:02<00:00, 99.97it/s, Materializing param=gpt_neox.layers.21.input_layernorm.bias]            
Loading weights:  89%|########9 | 261/292 [00:02<00:00, 99.97it/s, Materializing param=gpt_neox.layers.21.input_layernorm.bias]
Loading weights:  90%|########9 | 262/292 [00:02<00:00, 99.97it/s, Materializing param=gpt_neox.layers.21.input_layernorm.weight]
Loading weights:  90%|########9 | 262/292 [00:02<00:00, 99.97it/s, Materializing param=gpt_neox.layers.21.input_layernorm.weight]
Loading weights:  90%|######### | 263/292 [00:02<00:00, 99.97it/s, Materializing param=gpt_neox.layers.21.mlp.dense_4h_to_h.bias]
Loading weights:  90%|######### | 263/292 [00:02<00:00, 99.97it/s, Materializing param=gpt_neox.layers.21.mlp.dense_4h_to_h.bias]
Loading weights:  90%|######### | 264/292 [00:02<00:00, 99.97it/s, Materializing param=gpt_neox.layers.21.mlp.dense_4h_to_h.weight]
Loading weights:  90%|######### | 264/292 [00:02<00:00, 99.97it/s, Materializing param=gpt_neox.layers.21.mlp.dense_4h_to_h.weight]
Loading weights:  91%|######### | 265/292 [00:02<00:00, 99.97it/s, Materializing param=gpt_neox.layers.21.mlp.dense_h_to_4h.bias]  
Loading weights:  91%|######### | 265/292 [00:02<00:00, 99.97it/s, Materializing param=gpt_neox.layers.21.mlp.dense_h_to_4h.bias]
Loading weights:  91%|#########1| 266/292 [00:02<00:00, 100.88it/s, Materializing param=gpt_neox.layers.21.mlp.dense_h_to_4h.bias]
Loading weights:  91%|#########1| 266/292 [00:02<00:00, 100.88it/s, Materializing param=gpt_neox.layers.21.mlp.dense_h_to_4h.weight]
Loading weights:  91%|#########1| 266/292 [00:02<00:00, 100.88it/s, Materializing param=gpt_neox.layers.21.mlp.dense_h_to_4h.weight]
Loading weights:  91%|#########1| 267/292 [00:02<00:00, 100.88it/s, Materializing param=gpt_neox.layers.21.post_attention_layernorm.bias]
Loading weights:  91%|#########1| 267/292 [00:02<00:00, 100.88it/s, Materializing param=gpt_neox.layers.21.post_attention_layernorm.bias]
Loading weights:  92%|#########1| 268/292 [00:02<00:00, 100.88it/s, Materializing param=gpt_neox.layers.21.post_attention_layernorm.weight]
Loading weights:  92%|#########1| 268/292 [00:02<00:00, 100.88it/s, Materializing param=gpt_neox.layers.21.post_attention_layernorm.weight]
Loading weights:  92%|#########2| 269/292 [00:02<00:00, 100.88it/s, Materializing param=gpt_neox.layers.22.attention.dense.bias]           
Loading weights:  92%|#########2| 269/292 [00:02<00:00, 100.88it/s, Materializing param=gpt_neox.layers.22.attention.dense.bias]
Loading weights:  92%|#########2| 270/292 [00:02<00:00, 100.88it/s, Materializing param=gpt_neox.layers.22.attention.dense.weight]
Loading weights:  92%|#########2| 270/292 [00:02<00:00, 100.88it/s, Materializing param=gpt_neox.layers.22.attention.dense.weight]
Loading weights:  93%|#########2| 271/292 [00:02<00:00, 100.88it/s, Materializing param=gpt_neox.layers.22.attention.query_key_value.bias]
Loading weights:  93%|#########2| 271/292 [00:02<00:00, 100.88it/s, Materializing param=gpt_neox.layers.22.attention.query_key_value.bias]
Loading weights:  93%|#########3| 272/292 [00:02<00:00, 100.88it/s, Materializing param=gpt_neox.layers.22.attention.query_key_value.weight]
Loading weights:  93%|#########3| 272/292 [00:02<00:00, 100.88it/s, Materializing param=gpt_neox.layers.22.attention.query_key_value.weight]
Loading weights:  93%|#########3| 273/292 [00:02<00:00, 100.88it/s, Materializing param=gpt_neox.layers.22.input_layernorm.bias]            
Loading weights:  93%|#########3| 273/292 [00:02<00:00, 100.88it/s, Materializing param=gpt_neox.layers.22.input_layernorm.bias]
Loading weights:  94%|#########3| 274/292 [00:02<00:00, 100.88it/s, Materializing param=gpt_neox.layers.22.input_layernorm.weight]
Loading weights:  94%|#########3| 274/292 [00:02<00:00, 100.88it/s, Materializing param=gpt_neox.layers.22.input_layernorm.weight]
Loading weights:  94%|#########4| 275/292 [00:02<00:00, 100.88it/s, Materializing param=gpt_neox.layers.22.mlp.dense_4h_to_h.bias]
Loading weights:  94%|#########4| 275/292 [00:02<00:00, 100.88it/s, Materializing param=gpt_neox.layers.22.mlp.dense_4h_to_h.bias]
Loading weights:  95%|#########4| 276/292 [00:02<00:00, 100.88it/s, Materializing param=gpt_neox.layers.22.mlp.dense_4h_to_h.weight]
Loading weights:  95%|#########4| 276/292 [00:02<00:00, 100.88it/s, Materializing param=gpt_neox.layers.22.mlp.dense_4h_to_h.weight]
Loading weights:  95%|#########4| 277/292 [00:02<00:00, 100.88it/s, Materializing param=gpt_neox.layers.22.mlp.dense_h_to_4h.bias]  
Loading weights:  95%|#########4| 277/292 [00:02<00:00, 100.88it/s, Materializing param=gpt_neox.layers.22.mlp.dense_h_to_4h.bias]
Loading weights:  95%|#########5| 278/292 [00:02<00:00, 100.88it/s, Materializing param=gpt_neox.layers.22.mlp.dense_h_to_4h.weight]
Loading weights:  95%|#########5| 278/292 [00:02<00:00, 100.88it/s, Materializing param=gpt_neox.layers.22.mlp.dense_h_to_4h.weight]
Loading weights:  96%|#########5| 279/292 [00:02<00:00, 100.88it/s, Materializing param=gpt_neox.layers.22.post_attention_layernorm.bias]
Loading weights:  96%|#########5| 279/292 [00:02<00:00, 100.88it/s, Materializing param=gpt_neox.layers.22.post_attention_layernorm.bias]
Loading weights:  96%|#########5| 280/292 [00:02<00:00, 100.88it/s, Materializing param=gpt_neox.layers.22.post_attention_layernorm.weight]
Loading weights:  96%|#########5| 280/292 [00:02<00:00, 100.88it/s, Materializing param=gpt_neox.layers.22.post_attention_layernorm.weight]
Loading weights:  96%|#########6| 281/292 [00:02<00:00, 100.88it/s, Materializing param=gpt_neox.layers.23.attention.dense.bias]           
Loading weights:  96%|#########6| 281/292 [00:02<00:00, 100.88it/s, Materializing param=gpt_neox.layers.23.attention.dense.bias]
Loading weights:  97%|#########6| 282/292 [00:02<00:00, 100.88it/s, Materializing param=gpt_neox.layers.23.attention.dense.weight]
Loading weights:  97%|#########6| 282/292 [00:02<00:00, 100.88it/s, Materializing param=gpt_neox.layers.23.attention.dense.weight]
Loading weights:  97%|#########6| 283/292 [00:02<00:00, 100.88it/s, Materializing param=gpt_neox.layers.23.attention.query_key_value.bias]
Loading weights:  97%|#########6| 283/292 [00:02<00:00, 100.88it/s, Materializing param=gpt_neox.layers.23.attention.query_key_value.bias]
Loading weights:  97%|#########7| 284/292 [00:02<00:00, 100.88it/s, Materializing param=gpt_neox.layers.23.attention.query_key_value.weight]
Loading weights:  97%|#########7| 284/292 [00:02<00:00, 100.88it/s, Materializing param=gpt_neox.layers.23.attention.query_key_value.weight]
Loading weights:  98%|#########7| 285/292 [00:02<00:00, 100.88it/s, Materializing param=gpt_neox.layers.23.input_layernorm.bias]            
Loading weights:  98%|#########7| 285/292 [00:02<00:00, 100.88it/s, Materializing param=gpt_neox.layers.23.input_layernorm.bias]
Loading weights:  98%|#########7| 286/292 [00:02<00:00, 100.88it/s, Materializing param=gpt_neox.layers.23.input_layernorm.weight]
Loading weights:  98%|#########7| 286/292 [00:02<00:00, 100.88it/s, Materializing param=gpt_neox.layers.23.input_layernorm.weight]
Loading weights:  98%|#########8| 287/292 [00:02<00:00, 100.88it/s, Materializing param=gpt_neox.layers.23.mlp.dense_4h_to_h.bias]
Loading weights:  98%|#########8| 287/292 [00:02<00:00, 100.88it/s, Materializing param=gpt_neox.layers.23.mlp.dense_4h_to_h.bias]
Loading weights:  99%|#########8| 288/292 [00:02<00:00, 100.88it/s, Materializing param=gpt_neox.layers.23.mlp.dense_4h_to_h.weight]
Loading weights:  99%|#########8| 288/292 [00:02<00:00, 100.88it/s, Materializing param=gpt_neox.layers.23.mlp.dense_4h_to_h.weight]
Loading weights:  99%|#########8| 289/292 [00:02<00:00, 130.18it/s, Materializing param=gpt_neox.layers.23.mlp.dense_4h_to_h.weight]
Loading weights:  99%|#########8| 289/292 [00:02<00:00, 130.18it/s, Materializing param=gpt_neox.layers.23.mlp.dense_h_to_4h.bias]  
Loading weights:  99%|#########8| 289/292 [00:02<00:00, 130.18it/s, Materializing param=gpt_neox.layers.23.mlp.dense_h_to_4h.bias]
Loading weights:  99%|#########9| 290/292 [00:02<00:00, 130.18it/s, Materializing param=gpt_neox.layers.23.mlp.dense_h_to_4h.weight]
Loading weights:  99%|#########9| 290/292 [00:02<00:00, 130.18it/s, Materializing param=gpt_neox.layers.23.mlp.dense_h_to_4h.weight]
Loading weights: 100%|#########9| 291/292 [00:02<00:00, 130.18it/s, Materializing param=gpt_neox.layers.23.post_attention_layernorm.bias]
Loading weights: 100%|#########9| 291/292 [00:02<00:00, 130.18it/s, Materializing param=gpt_neox.layers.23.post_attention_layernorm.bias]
Loading weights: 100%|##########| 292/292 [00:02<00:00, 130.18it/s, Materializing param=gpt_neox.layers.23.post_attention_layernorm.weight]
Loading weights: 100%|##########| 292/292 [00:02<00:00, 130.18it/s, Materializing param=gpt_neox.layers.23.post_attention_layernorm.weight]
Loading weights: 100%|##########| 292/292 [00:02<00:00, 102.95it/s, Materializing param=gpt_neox.layers.23.post_attention_layernorm.weight]

Loading weights:   0%|          | 0/292 [00:00<?, ?it/s]
Loading weights:   0%|          | 1/292 [00:00<00:00, 10645.44it/s, Materializing param=embed_out.weight]
Loading weights:   0%|          | 1/292 [00:00<00:00, 1970.08it/s, Materializing param=embed_out.weight] 
Loading weights:   1%|          | 2/292 [00:00<00:00, 1769.75it/s, Materializing param=gpt_neox.embed_in.weight]
Loading weights:   1%|          | 2/292 [00:00<00:00, 1563.87it/s, Materializing param=gpt_neox.embed_in.weight]
Loading weights:   1%|1         | 3/292 [00:00<00:00, 1607.83it/s, Materializing param=gpt_neox.final_layer_norm.bias]
Loading weights:   1%|1         | 3/292 [00:00<00:00, 1513.10it/s, Materializing param=gpt_neox.final_layer_norm.bias]
Loading weights:   1%|1         | 4/292 [00:00<00:00, 1841.63it/s, Materializing param=gpt_neox.final_layer_norm.weight]
Loading weights:   1%|1         | 4/292 [00:00<00:00, 1781.59it/s, Materializing param=gpt_neox.final_layer_norm.weight]
Loading weights:   2%|1         | 5/292 [00:00<00:00, 610.22it/s, Materializing param=gpt_neox.layers.0.attention.dense.bias]
Loading weights:   2%|1         | 5/292 [00:00<00:00, 593.22it/s, Materializing param=gpt_neox.layers.0.attention.dense.bias]
Loading weights:   2%|2         | 6/292 [00:00<00:01, 240.45it/s, Materializing param=gpt_neox.layers.0.attention.dense.weight]
Loading weights:   2%|2         | 6/292 [00:00<00:01, 237.15it/s, Materializing param=gpt_neox.layers.0.attention.dense.weight]
Loading weights:   2%|2         | 7/292 [00:00<00:02, 95.37it/s, Materializing param=gpt_neox.layers.0.attention.query_key_value.bias]
Loading weights:   2%|2         | 7/292 [00:00<00:02, 95.08it/s, Materializing param=gpt_neox.layers.0.attention.query_key_value.bias]
Loading weights:   3%|2         | 8/292 [00:00<00:02, 108.24it/s, Materializing param=gpt_neox.layers.0.attention.query_key_value.weight]
Loading weights:   3%|2         | 8/292 [00:00<00:02, 108.10it/s, Materializing param=gpt_neox.layers.0.attention.query_key_value.weight]
Loading weights:   3%|3         | 9/292 [00:00<00:03, 81.93it/s, Materializing param=gpt_neox.layers.0.attention.query_key_value.weight] 
Loading weights:   3%|3         | 9/292 [00:00<00:03, 81.93it/s, Materializing param=gpt_neox.layers.0.input_layernorm.bias]            
Loading weights:   3%|3         | 9/292 [00:00<00:03, 81.93it/s, Materializing param=gpt_neox.layers.0.input_layernorm.bias]
Loading weights:   3%|3         | 10/292 [00:00<00:03, 81.93it/s, Materializing param=gpt_neox.layers.0.input_layernorm.weight]
Loading weights:   3%|3         | 10/292 [00:00<00:03, 81.93it/s, Materializing param=gpt_neox.layers.0.input_layernorm.weight]
Loading weights:   4%|3         | 11/292 [00:00<00:03, 81.93it/s, Materializing param=gpt_neox.layers.0.mlp.dense_4h_to_h.bias]
Loading weights:   4%|3         | 11/292 [00:00<00:03, 81.93it/s, Materializing param=gpt_neox.layers.0.mlp.dense_4h_to_h.bias]
Loading weights:   4%|4         | 12/292 [00:00<00:03, 81.93it/s, Materializing param=gpt_neox.layers.0.mlp.dense_4h_to_h.weight]
Loading weights:   4%|4         | 12/292 [00:00<00:03, 81.93it/s, Materializing param=gpt_neox.layers.0.mlp.dense_4h_to_h.weight]
Loading weights:   4%|4         | 13/292 [00:00<00:03, 81.93it/s, Materializing param=gpt_neox.layers.0.mlp.dense_h_to_4h.bias]  
Loading weights:   4%|4         | 13/292 [00:00<00:03, 81.93it/s, Materializing param=gpt_neox.layers.0.mlp.dense_h_to_4h.bias]
Loading weights:   5%|4         | 14/292 [00:00<00:03, 81.93it/s, Materializing param=gpt_neox.layers.0.mlp.dense_h_to_4h.weight]
Loading weights:   5%|4         | 14/292 [00:00<00:03, 81.93it/s, Materializing param=gpt_neox.layers.0.mlp.dense_h_to_4h.weight]
Loading weights:   5%|5         | 15/292 [00:00<00:03, 81.93it/s, Materializing param=gpt_neox.layers.0.post_attention_layernorm.bias]
Loading weights:   5%|5         | 15/292 [00:00<00:03, 81.93it/s, Materializing param=gpt_neox.layers.0.post_attention_layernorm.bias]
Loading weights:   5%|5         | 16/292 [00:00<00:03, 81.93it/s, Materializing param=gpt_neox.layers.0.post_attention_layernorm.weight]
Loading weights:   5%|5         | 16/292 [00:00<00:03, 81.93it/s, Materializing param=gpt_neox.layers.0.post_attention_layernorm.weight]
Loading weights:   6%|5         | 17/292 [00:00<00:03, 81.93it/s, Materializing param=gpt_neox.layers.1.attention.dense.bias]           
Loading weights:   6%|5         | 17/292 [00:00<00:03, 81.93it/s, Materializing param=gpt_neox.layers.1.attention.dense.bias]
Loading weights:   6%|6         | 18/292 [00:00<00:03, 81.93it/s, Materializing param=gpt_neox.layers.1.attention.dense.weight]
Loading weights:   6%|6         | 18/292 [00:00<00:03, 81.93it/s, Materializing param=gpt_neox.layers.1.attention.dense.weight]
Loading weights:   7%|6         | 19/292 [00:00<00:03, 81.93it/s, Materializing param=gpt_neox.layers.1.attention.query_key_value.bias]
Loading weights:   7%|6         | 19/292 [00:00<00:03, 81.93it/s, Materializing param=gpt_neox.layers.1.attention.query_key_value.bias]
Loading weights:   7%|6         | 20/292 [00:00<00:03, 81.93it/s, Materializing param=gpt_neox.layers.1.attention.query_key_value.weight]
Loading weights:   7%|6         | 20/292 [00:00<00:03, 81.93it/s, Materializing param=gpt_neox.layers.1.attention.query_key_value.weight]
Loading weights:   7%|7         | 21/292 [00:00<00:03, 81.93it/s, Materializing param=gpt_neox.layers.1.input_layernorm.bias]            
Loading weights:   7%|7         | 21/292 [00:00<00:03, 81.93it/s, Materializing param=gpt_neox.layers.1.input_layernorm.bias]
Loading weights:   8%|7         | 22/292 [00:00<00:03, 81.93it/s, Materializing param=gpt_neox.layers.1.input_layernorm.weight]
Loading weights:   8%|7         | 22/292 [00:00<00:03, 81.93it/s, Materializing param=gpt_neox.layers.1.input_layernorm.weight]
Loading weights:   8%|7         | 23/292 [00:00<00:03, 81.93it/s, Materializing param=gpt_neox.layers.1.mlp.dense_4h_to_h.bias]
Loading weights:   8%|7         | 23/292 [00:00<00:03, 81.93it/s, Materializing param=gpt_neox.layers.1.mlp.dense_4h_to_h.bias]
Loading weights:   8%|8         | 24/292 [00:00<00:03, 81.93it/s, Materializing param=gpt_neox.layers.1.mlp.dense_4h_to_h.weight]
Loading weights:   8%|8         | 24/292 [00:00<00:03, 81.93it/s, Materializing param=gpt_neox.layers.1.mlp.dense_4h_to_h.weight]
Loading weights:   9%|8         | 25/292 [00:00<00:03, 81.93it/s, Materializing param=gpt_neox.layers.1.mlp.dense_h_to_4h.bias]  
Loading weights:   9%|8         | 25/292 [00:00<00:03, 81.93it/s, Materializing param=gpt_neox.layers.1.mlp.dense_h_to_4h.bias]
Loading weights:   9%|8         | 26/292 [00:00<00:03, 81.93it/s, Materializing param=gpt_neox.layers.1.mlp.dense_h_to_4h.weight]
Loading weights:   9%|8         | 26/292 [00:00<00:03, 81.93it/s, Materializing param=gpt_neox.layers.1.mlp.dense_h_to_4h.weight]
Loading weights:   9%|9         | 27/292 [00:00<00:03, 81.93it/s, Materializing param=gpt_neox.layers.1.post_attention_layernorm.bias]
Loading weights:   9%|9         | 27/292 [00:00<00:03, 81.93it/s, Materializing param=gpt_neox.layers.1.post_attention_layernorm.bias]
Loading weights:  10%|9         | 28/292 [00:00<00:03, 81.93it/s, Materializing param=gpt_neox.layers.1.post_attention_layernorm.weight]
Loading weights:  10%|9         | 28/292 [00:00<00:03, 81.93it/s, Materializing param=gpt_neox.layers.1.post_attention_layernorm.weight]
Loading weights:  10%|9         | 29/292 [00:00<00:03, 81.93it/s, Materializing param=gpt_neox.layers.2.attention.dense.bias]           
Loading weights:  10%|9         | 29/292 [00:00<00:03, 81.93it/s, Materializing param=gpt_neox.layers.2.attention.dense.bias]
Loading weights:  10%|#         | 30/292 [00:00<00:03, 81.93it/s, Materializing param=gpt_neox.layers.2.attention.dense.weight]
Loading weights:  10%|#         | 30/292 [00:00<00:03, 81.93it/s, Materializing param=gpt_neox.layers.2.attention.dense.weight]
Loading weights:  11%|#         | 31/292 [00:00<00:03, 81.93it/s, Materializing param=gpt_neox.layers.2.attention.query_key_value.bias]
Loading weights:  11%|#         | 31/292 [00:00<00:03, 81.93it/s, Materializing param=gpt_neox.layers.2.attention.query_key_value.bias]
Loading weights:  11%|#         | 32/292 [00:00<00:03, 81.93it/s, Materializing param=gpt_neox.layers.2.attention.query_key_value.weight]
Loading weights:  11%|#         | 32/292 [00:00<00:03, 81.93it/s, Materializing param=gpt_neox.layers.2.attention.query_key_value.weight]
Loading weights:  11%|#1        | 33/292 [00:00<00:01, 167.09it/s, Materializing param=gpt_neox.layers.2.attention.query_key_value.weight]
Loading weights:  11%|#1        | 33/292 [00:00<00:01, 167.09it/s, Materializing param=gpt_neox.layers.2.input_layernorm.bias]            
Loading weights:  11%|#1        | 33/292 [00:00<00:01, 167.09it/s, Materializing param=gpt_neox.layers.2.input_layernorm.bias]
Loading weights:  12%|#1        | 34/292 [00:00<00:01, 167.09it/s, Materializing param=gpt_neox.layers.2.input_layernorm.weight]
Loading weights:  12%|#1        | 34/292 [00:00<00:01, 167.09it/s, Materializing param=gpt_neox.layers.2.input_layernorm.weight]
Loading weights:  12%|#1        | 35/292 [00:00<00:01, 167.09it/s, Materializing param=gpt_neox.layers.2.mlp.dense_4h_to_h.bias]
Loading weights:  12%|#1        | 35/292 [00:00<00:01, 167.09it/s, Materializing param=gpt_neox.layers.2.mlp.dense_4h_to_h.bias]
Loading weights:  12%|#2        | 36/292 [00:00<00:01, 167.09it/s, Materializing param=gpt_neox.layers.2.mlp.dense_4h_to_h.weight]
Loading weights:  12%|#2        | 36/292 [00:00<00:01, 167.09it/s, Materializing param=gpt_neox.layers.2.mlp.dense_4h_to_h.weight]
Loading weights:  13%|#2        | 37/292 [00:00<00:01, 167.09it/s, Materializing param=gpt_neox.layers.2.mlp.dense_h_to_4h.bias]  
Loading weights:  13%|#2        | 37/292 [00:00<00:01, 167.09it/s, Materializing param=gpt_neox.layers.2.mlp.dense_h_to_4h.bias]
Loading weights:  13%|#3        | 38/292 [00:00<00:01, 167.09it/s, Materializing param=gpt_neox.layers.2.mlp.dense_h_to_4h.weight]
Loading weights:  13%|#3        | 38/292 [00:00<00:01, 167.09it/s, Materializing param=gpt_neox.layers.2.mlp.dense_h_to_4h.weight]
Loading weights:  13%|#3        | 39/292 [00:00<00:01, 167.09it/s, Materializing param=gpt_neox.layers.2.post_attention_layernorm.bias]
Loading weights:  13%|#3        | 39/292 [00:00<00:01, 167.09it/s, Materializing param=gpt_neox.layers.2.post_attention_layernorm.bias]
Loading weights:  14%|#3        | 40/292 [00:00<00:01, 167.09it/s, Materializing param=gpt_neox.layers.2.post_attention_layernorm.weight]
Loading weights:  14%|#3        | 40/292 [00:00<00:01, 167.09it/s, Materializing param=gpt_neox.layers.2.post_attention_layernorm.weight]
Loading weights:  14%|#4        | 41/292 [00:00<00:01, 167.09it/s, Materializing param=gpt_neox.layers.3.attention.dense.bias]           
Loading weights:  14%|#4        | 41/292 [00:00<00:01, 167.09it/s, Materializing param=gpt_neox.layers.3.attention.dense.bias]
Loading weights:  14%|#4        | 42/292 [00:00<00:01, 167.09it/s, Materializing param=gpt_neox.layers.3.attention.dense.weight]
Loading weights:  14%|#4        | 42/292 [00:00<00:01, 167.09it/s, Materializing param=gpt_neox.layers.3.attention.dense.weight]
Loading weights:  15%|#4        | 43/292 [00:00<00:01, 167.09it/s, Materializing param=gpt_neox.layers.3.attention.query_key_value.bias]
Loading weights:  15%|#4        | 43/292 [00:00<00:01, 167.09it/s, Materializing param=gpt_neox.layers.3.attention.query_key_value.bias]
Loading weights:  15%|#5        | 44/292 [00:00<00:01, 167.09it/s, Materializing param=gpt_neox.layers.3.attention.query_key_value.weight]
Loading weights:  15%|#5        | 44/292 [00:00<00:01, 167.09it/s, Materializing param=gpt_neox.layers.3.attention.query_key_value.weight]
Loading weights:  15%|#5        | 45/292 [00:00<00:01, 167.09it/s, Materializing param=gpt_neox.layers.3.input_layernorm.bias]            
Loading weights:  15%|#5        | 45/292 [00:00<00:01, 167.09it/s, Materializing param=gpt_neox.layers.3.input_layernorm.bias]
Loading weights:  16%|#5        | 46/292 [00:00<00:01, 167.09it/s, Materializing param=gpt_neox.layers.3.input_layernorm.weight]
Loading weights:  16%|#5        | 46/292 [00:00<00:01, 167.09it/s, Materializing param=gpt_neox.layers.3.input_layernorm.weight]
Loading weights:  16%|#6        | 47/292 [00:00<00:01, 167.09it/s, Materializing param=gpt_neox.layers.3.mlp.dense_4h_to_h.bias]
Loading weights:  16%|#6        | 47/292 [00:00<00:01, 167.09it/s, Materializing param=gpt_neox.layers.3.mlp.dense_4h_to_h.bias]
Loading weights:  16%|#6        | 48/292 [00:00<00:01, 167.09it/s, Materializing param=gpt_neox.layers.3.mlp.dense_4h_to_h.weight]
Loading weights:  16%|#6        | 48/292 [00:00<00:01, 167.09it/s, Materializing param=gpt_neox.layers.3.mlp.dense_4h_to_h.weight]
Loading weights:  17%|#6        | 49/292 [00:00<00:01, 167.09it/s, Materializing param=gpt_neox.layers.3.mlp.dense_h_to_4h.bias]  
Loading weights:  17%|#6        | 49/292 [00:00<00:01, 167.09it/s, Materializing param=gpt_neox.layers.3.mlp.dense_h_to_4h.bias]
Loading weights:  17%|#7        | 50/292 [00:00<00:01, 167.09it/s, Materializing param=gpt_neox.layers.3.mlp.dense_h_to_4h.weight]
Loading weights:  17%|#7        | 50/292 [00:00<00:01, 167.09it/s, Materializing param=gpt_neox.layers.3.mlp.dense_h_to_4h.weight]
Loading weights:  17%|#7        | 51/292 [00:00<00:01, 164.53it/s, Materializing param=gpt_neox.layers.3.mlp.dense_h_to_4h.weight]
Loading weights:  17%|#7        | 51/292 [00:00<00:01, 164.53it/s, Materializing param=gpt_neox.layers.3.post_attention_layernorm.bias]
Loading weights:  17%|#7        | 51/292 [00:00<00:01, 164.53it/s, Materializing param=gpt_neox.layers.3.post_attention_layernorm.bias]
Loading weights:  18%|#7        | 52/292 [00:00<00:01, 164.53it/s, Materializing param=gpt_neox.layers.3.post_attention_layernorm.weight]
Loading weights:  18%|#7        | 52/292 [00:00<00:01, 164.53it/s, Materializing param=gpt_neox.layers.3.post_attention_layernorm.weight]
Loading weights:  18%|#8        | 53/292 [00:00<00:01, 164.53it/s, Materializing param=gpt_neox.layers.4.attention.dense.bias]           
Loading weights:  18%|#8        | 53/292 [00:00<00:01, 164.53it/s, Materializing param=gpt_neox.layers.4.attention.dense.bias]
Loading weights:  18%|#8        | 54/292 [00:00<00:01, 164.53it/s, Materializing param=gpt_neox.layers.4.attention.dense.weight]
Loading weights:  18%|#8        | 54/292 [00:00<00:01, 164.53it/s, Materializing param=gpt_neox.layers.4.attention.dense.weight]
Loading weights:  19%|#8        | 55/292 [00:00<00:01, 164.53it/s, Materializing param=gpt_neox.layers.4.attention.query_key_value.bias]
Loading weights:  19%|#8        | 55/292 [00:00<00:01, 164.53it/s, Materializing param=gpt_neox.layers.4.attention.query_key_value.bias]
Loading weights:  19%|#9        | 56/292 [00:00<00:01, 164.53it/s, Materializing param=gpt_neox.layers.4.attention.query_key_value.weight]
Loading weights:  19%|#9        | 56/292 [00:00<00:01, 164.53it/s, Materializing param=gpt_neox.layers.4.attention.query_key_value.weight]
Loading weights:  20%|#9        | 57/292 [00:00<00:01, 164.53it/s, Materializing param=gpt_neox.layers.4.input_layernorm.bias]            
Loading weights:  20%|#9        | 57/292 [00:00<00:01, 164.53it/s, Materializing param=gpt_neox.layers.4.input_layernorm.bias]
Loading weights:  20%|#9        | 58/292 [00:00<00:01, 164.53it/s, Materializing param=gpt_neox.layers.4.input_layernorm.weight]
Loading weights:  20%|#9        | 58/292 [00:00<00:01, 164.53it/s, Materializing param=gpt_neox.layers.4.input_layernorm.weight]
Loading weights:  20%|##        | 59/292 [00:00<00:01, 164.53it/s, Materializing param=gpt_neox.layers.4.mlp.dense_4h_to_h.bias]
Loading weights:  20%|##        | 59/292 [00:00<00:01, 164.53it/s, Materializing param=gpt_neox.layers.4.mlp.dense_4h_to_h.bias]
Loading weights:  21%|##        | 60/292 [00:00<00:01, 164.53it/s, Materializing param=gpt_neox.layers.4.mlp.dense_4h_to_h.weight]
Loading weights:  21%|##        | 60/292 [00:00<00:01, 164.53it/s, Materializing param=gpt_neox.layers.4.mlp.dense_4h_to_h.weight]
Loading weights:  21%|##        | 61/292 [00:00<00:01, 164.53it/s, Materializing param=gpt_neox.layers.4.mlp.dense_h_to_4h.bias]  
Loading weights:  21%|##        | 61/292 [00:00<00:01, 164.53it/s, Materializing param=gpt_neox.layers.4.mlp.dense_h_to_4h.bias]
Loading weights:  21%|##1       | 62/292 [00:00<00:01, 164.53it/s, Materializing param=gpt_neox.layers.4.mlp.dense_h_to_4h.weight]
Loading weights:  21%|##1       | 62/292 [00:00<00:01, 164.53it/s, Materializing param=gpt_neox.layers.4.mlp.dense_h_to_4h.weight]
Loading weights:  22%|##1       | 63/292 [00:00<00:01, 164.53it/s, Materializing param=gpt_neox.layers.4.post_attention_layernorm.bias]
Loading weights:  22%|##1       | 63/292 [00:00<00:01, 164.53it/s, Materializing param=gpt_neox.layers.4.post_attention_layernorm.bias]
Loading weights:  22%|##1       | 64/292 [00:00<00:01, 164.53it/s, Materializing param=gpt_neox.layers.4.post_attention_layernorm.weight]
Loading weights:  22%|##1       | 64/292 [00:00<00:01, 164.53it/s, Materializing param=gpt_neox.layers.4.post_attention_layernorm.weight]
Loading weights:  22%|##2       | 65/292 [00:00<00:01, 164.53it/s, Materializing param=gpt_neox.layers.5.attention.dense.bias]           
Loading weights:  22%|##2       | 65/292 [00:00<00:01, 164.53it/s, Materializing param=gpt_neox.layers.5.attention.dense.bias]
Loading weights:  23%|##2       | 66/292 [00:00<00:01, 164.53it/s, Materializing param=gpt_neox.layers.5.attention.dense.weight]
Loading weights:  23%|##2       | 66/292 [00:00<00:01, 164.53it/s, Materializing param=gpt_neox.layers.5.attention.dense.weight]
Loading weights:  23%|##2       | 67/292 [00:00<00:01, 164.53it/s, Materializing param=gpt_neox.layers.5.attention.query_key_value.bias]
Loading weights:  23%|##2       | 67/292 [00:00<00:01, 164.53it/s, Materializing param=gpt_neox.layers.5.attention.query_key_value.bias]
Loading weights:  23%|##3       | 68/292 [00:00<00:01, 144.16it/s, Materializing param=gpt_neox.layers.5.attention.query_key_value.bias]
Loading weights:  23%|##3       | 68/292 [00:00<00:01, 144.16it/s, Materializing param=gpt_neox.layers.5.attention.query_key_value.weight]
Loading weights:  23%|##3       | 68/292 [00:00<00:01, 144.16it/s, Materializing param=gpt_neox.layers.5.attention.query_key_value.weight]
Loading weights:  24%|##3       | 69/292 [00:00<00:01, 144.16it/s, Materializing param=gpt_neox.layers.5.input_layernorm.bias]            
Loading weights:  24%|##3       | 69/292 [00:00<00:01, 144.16it/s, Materializing param=gpt_neox.layers.5.input_layernorm.bias]
Loading weights:  24%|##3       | 70/292 [00:00<00:01, 144.16it/s, Materializing param=gpt_neox.layers.5.input_layernorm.weight]
Loading weights:  24%|##3       | 70/292 [00:00<00:01, 144.16it/s, Materializing param=gpt_neox.layers.5.input_layernorm.weight]
Loading weights:  24%|##4       | 71/292 [00:00<00:01, 144.16it/s, Materializing param=gpt_neox.layers.5.mlp.dense_4h_to_h.bias]
Loading weights:  24%|##4       | 71/292 [00:00<00:01, 144.16it/s, Materializing param=gpt_neox.layers.5.mlp.dense_4h_to_h.bias]
Loading weights:  25%|##4       | 72/292 [00:00<00:01, 144.16it/s, Materializing param=gpt_neox.layers.5.mlp.dense_4h_to_h.weight]
Loading weights:  25%|##4       | 72/292 [00:00<00:01, 144.16it/s, Materializing param=gpt_neox.layers.5.mlp.dense_4h_to_h.weight]
Loading weights:  25%|##5       | 73/292 [00:00<00:01, 144.16it/s, Materializing param=gpt_neox.layers.5.mlp.dense_h_to_4h.bias]  
Loading weights:  25%|##5       | 73/292 [00:00<00:01, 144.16it/s, Materializing param=gpt_neox.layers.5.mlp.dense_h_to_4h.bias]
Loading weights:  25%|##5       | 74/292 [00:00<00:01, 144.16it/s, Materializing param=gpt_neox.layers.5.mlp.dense_h_to_4h.weight]
Loading weights:  25%|##5       | 74/292 [00:00<00:01, 144.16it/s, Materializing param=gpt_neox.layers.5.mlp.dense_h_to_4h.weight]
Loading weights:  26%|##5       | 75/292 [00:00<00:01, 144.16it/s, Materializing param=gpt_neox.layers.5.post_attention_layernorm.bias]
Loading weights:  26%|##5       | 75/292 [00:00<00:01, 144.16it/s, Materializing param=gpt_neox.layers.5.post_attention_layernorm.bias]
Loading weights:  26%|##6       | 76/292 [00:00<00:01, 144.16it/s, Materializing param=gpt_neox.layers.5.post_attention_layernorm.weight]
Loading weights:  26%|##6       | 76/292 [00:00<00:01, 144.16it/s, Materializing param=gpt_neox.layers.5.post_attention_layernorm.weight]
Loading weights:  26%|##6       | 77/292 [00:00<00:01, 144.16it/s, Materializing param=gpt_neox.layers.6.attention.dense.bias]           
Loading weights:  26%|##6       | 77/292 [00:00<00:01, 144.16it/s, Materializing param=gpt_neox.layers.6.attention.dense.bias]
Loading weights:  27%|##6       | 78/292 [00:00<00:01, 144.16it/s, Materializing param=gpt_neox.layers.6.attention.dense.weight]
Loading weights:  27%|##6       | 78/292 [00:00<00:01, 144.16it/s, Materializing param=gpt_neox.layers.6.attention.dense.weight]
Loading weights:  27%|##7       | 79/292 [00:00<00:01, 144.16it/s, Materializing param=gpt_neox.layers.6.attention.query_key_value.bias]
Loading weights:  27%|##7       | 79/292 [00:00<00:01, 144.16it/s, Materializing param=gpt_neox.layers.6.attention.query_key_value.bias]
Loading weights:  27%|##7       | 80/292 [00:00<00:01, 144.16it/s, Materializing param=gpt_neox.layers.6.attention.query_key_value.weight]
Loading weights:  27%|##7       | 80/292 [00:00<00:01, 144.16it/s, Materializing param=gpt_neox.layers.6.attention.query_key_value.weight]
Loading weights:  28%|##7       | 81/292 [00:00<00:01, 144.16it/s, Materializing param=gpt_neox.layers.6.input_layernorm.bias]            
Loading weights:  28%|##7       | 81/292 [00:00<00:01, 144.16it/s, Materializing param=gpt_neox.layers.6.input_layernorm.bias]
Loading weights:  28%|##8       | 82/292 [00:00<00:01, 144.16it/s, Materializing param=gpt_neox.layers.6.input_layernorm.weight]
Loading weights:  28%|##8       | 82/292 [00:00<00:01, 144.16it/s, Materializing param=gpt_neox.layers.6.input_layernorm.weight]
Loading weights:  28%|##8       | 83/292 [00:00<00:02, 98.55it/s, Materializing param=gpt_neox.layers.6.input_layernorm.weight] 
Loading weights:  28%|##8       | 83/292 [00:00<00:02, 98.55it/s, Materializing param=gpt_neox.layers.6.mlp.dense_4h_to_h.bias]
Loading weights:  28%|##8       | 83/292 [00:00<00:02, 98.55it/s, Materializing param=gpt_neox.layers.6.mlp.dense_4h_to_h.bias]
Loading weights:  29%|##8       | 84/292 [00:00<00:02, 98.55it/s, Materializing param=gpt_neox.layers.6.mlp.dense_4h_to_h.weight]
Loading weights:  29%|##8       | 84/292 [00:00<00:02, 98.55it/s, Materializing param=gpt_neox.layers.6.mlp.dense_4h_to_h.weight]
Loading weights:  29%|##9       | 85/292 [00:00<00:02, 98.55it/s, Materializing param=gpt_neox.layers.6.mlp.dense_h_to_4h.bias]  
Loading weights:  29%|##9       | 85/292 [00:00<00:02, 98.55it/s, Materializing param=gpt_neox.layers.6.mlp.dense_h_to_4h.bias]
Loading weights:  29%|##9       | 86/292 [00:00<00:02, 98.55it/s, Materializing param=gpt_neox.layers.6.mlp.dense_h_to_4h.weight]
Loading weights:  29%|##9       | 86/292 [00:00<00:02, 98.55it/s, Materializing param=gpt_neox.layers.6.mlp.dense_h_to_4h.weight]
Loading weights:  30%|##9       | 87/292 [00:00<00:02, 98.55it/s, Materializing param=gpt_neox.layers.6.post_attention_layernorm.bias]
Loading weights:  30%|##9       | 87/292 [00:00<00:02, 98.55it/s, Materializing param=gpt_neox.layers.6.post_attention_layernorm.bias]
Loading weights:  30%|###       | 88/292 [00:00<00:02, 98.55it/s, Materializing param=gpt_neox.layers.6.post_attention_layernorm.weight]
Loading weights:  30%|###       | 88/292 [00:00<00:02, 98.55it/s, Materializing param=gpt_neox.layers.6.post_attention_layernorm.weight]
Loading weights:  30%|###       | 89/292 [00:00<00:02, 98.55it/s, Materializing param=gpt_neox.layers.7.attention.dense.bias]           
Loading weights:  30%|###       | 89/292 [00:00<00:02, 98.55it/s, Materializing param=gpt_neox.layers.7.attention.dense.bias]
Loading weights:  31%|###       | 90/292 [00:00<00:02, 98.55it/s, Materializing param=gpt_neox.layers.7.attention.dense.weight]
Loading weights:  31%|###       | 90/292 [00:00<00:02, 98.55it/s, Materializing param=gpt_neox.layers.7.attention.dense.weight]
Loading weights:  31%|###1      | 91/292 [00:00<00:02, 98.55it/s, Materializing param=gpt_neox.layers.7.attention.query_key_value.bias]
Loading weights:  31%|###1      | 91/292 [00:00<00:02, 98.55it/s, Materializing param=gpt_neox.layers.7.attention.query_key_value.bias]
Loading weights:  32%|###1      | 92/292 [00:00<00:02, 98.55it/s, Materializing param=gpt_neox.layers.7.attention.query_key_value.weight]
Loading weights:  32%|###1      | 92/292 [00:00<00:02, 98.55it/s, Materializing param=gpt_neox.layers.7.attention.query_key_value.weight]
Loading weights:  32%|###1      | 93/292 [00:00<00:02, 98.55it/s, Materializing param=gpt_neox.layers.7.input_layernorm.bias]            
Loading weights:  32%|###1      | 93/292 [00:00<00:02, 98.55it/s, Materializing param=gpt_neox.layers.7.input_layernorm.bias]
Loading weights:  32%|###2      | 94/292 [00:00<00:02, 98.55it/s, Materializing param=gpt_neox.layers.7.input_layernorm.weight]
Loading weights:  32%|###2      | 94/292 [00:00<00:02, 98.55it/s, Materializing param=gpt_neox.layers.7.input_layernorm.weight]
Loading weights:  33%|###2      | 95/292 [00:00<00:02, 92.91it/s, Materializing param=gpt_neox.layers.7.input_layernorm.weight]
Loading weights:  33%|###2      | 95/292 [00:00<00:02, 92.91it/s, Materializing param=gpt_neox.layers.7.mlp.dense_4h_to_h.bias]
Loading weights:  33%|###2      | 95/292 [00:00<00:02, 92.91it/s, Materializing param=gpt_neox.layers.7.mlp.dense_4h_to_h.bias]
Loading weights:  33%|###2      | 96/292 [00:00<00:02, 92.91it/s, Materializing param=gpt_neox.layers.7.mlp.dense_4h_to_h.weight]
Loading weights:  33%|###2      | 96/292 [00:00<00:02, 92.91it/s, Materializing param=gpt_neox.layers.7.mlp.dense_4h_to_h.weight]
Loading weights:  33%|###3      | 97/292 [00:00<00:02, 92.91it/s, Materializing param=gpt_neox.layers.7.mlp.dense_h_to_4h.bias]  
Loading weights:  33%|###3      | 97/292 [00:00<00:02, 92.91it/s, Materializing param=gpt_neox.layers.7.mlp.dense_h_to_4h.bias]
Loading weights:  34%|###3      | 98/292 [00:00<00:02, 92.91it/s, Materializing param=gpt_neox.layers.7.mlp.dense_h_to_4h.weight]
Loading weights:  34%|###3      | 98/292 [00:00<00:02, 92.91it/s, Materializing param=gpt_neox.layers.7.mlp.dense_h_to_4h.weight]
Loading weights:  34%|###3      | 99/292 [00:00<00:02, 92.91it/s, Materializing param=gpt_neox.layers.7.post_attention_layernorm.bias]
Loading weights:  34%|###3      | 99/292 [00:00<00:02, 92.91it/s, Materializing param=gpt_neox.layers.7.post_attention_layernorm.bias]
Loading weights:  34%|###4      | 100/292 [00:00<00:02, 92.91it/s, Materializing param=gpt_neox.layers.7.post_attention_layernorm.weight]
Loading weights:  34%|###4      | 100/292 [00:00<00:02, 92.91it/s, Materializing param=gpt_neox.layers.7.post_attention_layernorm.weight]
Loading weights:  35%|###4      | 101/292 [00:00<00:02, 92.91it/s, Materializing param=gpt_neox.layers.8.attention.dense.bias]           
Loading weights:  35%|###4      | 101/292 [00:00<00:02, 92.91it/s, Materializing param=gpt_neox.layers.8.attention.dense.bias]
Loading weights:  35%|###4      | 102/292 [00:00<00:02, 92.91it/s, Materializing param=gpt_neox.layers.8.attention.dense.weight]
Loading weights:  35%|###4      | 102/292 [00:00<00:02, 92.91it/s, Materializing param=gpt_neox.layers.8.attention.dense.weight]
Loading weights:  35%|###5      | 103/292 [00:00<00:02, 92.91it/s, Materializing param=gpt_neox.layers.8.attention.query_key_value.bias]
Loading weights:  35%|###5      | 103/292 [00:00<00:02, 92.91it/s, Materializing param=gpt_neox.layers.8.attention.query_key_value.bias]
Loading weights:  36%|###5      | 104/292 [00:00<00:02, 92.91it/s, Materializing param=gpt_neox.layers.8.attention.query_key_value.weight]
Loading weights:  36%|###5      | 104/292 [00:00<00:02, 92.91it/s, Materializing param=gpt_neox.layers.8.attention.query_key_value.weight]
Loading weights:  36%|###5      | 105/292 [00:00<00:02, 92.91it/s, Materializing param=gpt_neox.layers.8.input_layernorm.bias]            
Loading weights:  36%|###5      | 105/292 [00:00<00:02, 92.91it/s, Materializing param=gpt_neox.layers.8.input_layernorm.bias]
Loading weights:  36%|###6      | 106/292 [00:00<00:02, 92.91it/s, Materializing param=gpt_neox.layers.8.input_layernorm.weight]
Loading weights:  36%|###6      | 106/292 [00:00<00:02, 92.91it/s, Materializing param=gpt_neox.layers.8.input_layernorm.weight]
Loading weights:  37%|###6      | 107/292 [00:00<00:01, 92.91it/s, Materializing param=gpt_neox.layers.8.mlp.dense_4h_to_h.bias]
Loading weights:  37%|###6      | 107/292 [00:00<00:01, 92.91it/s, Materializing param=gpt_neox.layers.8.mlp.dense_4h_to_h.bias]
Loading weights:  37%|###6      | 108/292 [00:00<00:01, 92.91it/s, Materializing param=gpt_neox.layers.8.mlp.dense_4h_to_h.weight]
Loading weights:  37%|###6      | 108/292 [00:00<00:01, 92.91it/s, Materializing param=gpt_neox.layers.8.mlp.dense_4h_to_h.weight]
Loading weights:  37%|###7      | 109/292 [00:00<00:01, 92.91it/s, Materializing param=gpt_neox.layers.8.mlp.dense_h_to_4h.bias]  
Loading weights:  37%|###7      | 109/292 [00:00<00:01, 92.91it/s, Materializing param=gpt_neox.layers.8.mlp.dense_h_to_4h.bias]
Loading weights:  38%|###7      | 110/292 [00:00<00:01, 92.91it/s, Materializing param=gpt_neox.layers.8.mlp.dense_h_to_4h.weight]
Loading weights:  38%|###7      | 110/292 [00:00<00:01, 92.91it/s, Materializing param=gpt_neox.layers.8.mlp.dense_h_to_4h.weight]
Loading weights:  38%|###8      | 111/292 [00:00<00:01, 92.91it/s, Materializing param=gpt_neox.layers.8.post_attention_layernorm.bias]
Loading weights:  38%|###8      | 111/292 [00:00<00:01, 92.91it/s, Materializing param=gpt_neox.layers.8.post_attention_layernorm.bias]
Loading weights:  38%|###8      | 112/292 [00:00<00:01, 92.91it/s, Materializing param=gpt_neox.layers.8.post_attention_layernorm.weight]
Loading weights:  38%|###8      | 112/292 [00:00<00:01, 92.91it/s, Materializing param=gpt_neox.layers.8.post_attention_layernorm.weight]
Loading weights:  39%|###8      | 113/292 [00:00<00:01, 112.89it/s, Materializing param=gpt_neox.layers.8.post_attention_layernorm.weight]
Loading weights:  39%|###8      | 113/292 [00:00<00:01, 112.89it/s, Materializing param=gpt_neox.layers.9.attention.dense.bias]           
Loading weights:  39%|###8      | 113/292 [00:00<00:01, 112.89it/s, Materializing param=gpt_neox.layers.9.attention.dense.bias]
Loading weights:  39%|###9      | 114/292 [00:00<00:01, 112.89it/s, Materializing param=gpt_neox.layers.9.attention.dense.weight]
Loading weights:  39%|###9      | 114/292 [00:00<00:01, 112.89it/s, Materializing param=gpt_neox.layers.9.attention.dense.weight]
Loading weights:  39%|###9      | 115/292 [00:00<00:01, 112.89it/s, Materializing param=gpt_neox.layers.9.attention.query_key_value.bias]
Loading weights:  39%|###9      | 115/292 [00:00<00:01, 112.89it/s, Materializing param=gpt_neox.layers.9.attention.query_key_value.bias]
Loading weights:  40%|###9      | 116/292 [00:00<00:01, 112.89it/s, Materializing param=gpt_neox.layers.9.attention.query_key_value.weight]
Loading weights:  40%|###9      | 116/292 [00:00<00:01, 112.89it/s, Materializing param=gpt_neox.layers.9.attention.query_key_value.weight]
Loading weights:  40%|####      | 117/292 [00:01<00:01, 112.89it/s, Materializing param=gpt_neox.layers.9.input_layernorm.bias]            
Loading weights:  40%|####      | 117/292 [00:01<00:01, 112.89it/s, Materializing param=gpt_neox.layers.9.input_layernorm.bias]
Loading weights:  40%|####      | 118/292 [00:01<00:01, 112.89it/s, Materializing param=gpt_neox.layers.9.input_layernorm.weight]
Loading weights:  40%|####      | 118/292 [00:01<00:01, 112.89it/s, Materializing param=gpt_neox.layers.9.input_layernorm.weight]
Loading weights:  41%|####      | 119/292 [00:01<00:01, 112.89it/s, Materializing param=gpt_neox.layers.9.mlp.dense_4h_to_h.bias]
Loading weights:  41%|####      | 119/292 [00:01<00:01, 112.89it/s, Materializing param=gpt_neox.layers.9.mlp.dense_4h_to_h.bias]
Loading weights:  41%|####1     | 120/292 [00:01<00:01, 112.89it/s, Materializing param=gpt_neox.layers.9.mlp.dense_4h_to_h.weight]
Loading weights:  41%|####1     | 120/292 [00:01<00:01, 112.89it/s, Materializing param=gpt_neox.layers.9.mlp.dense_4h_to_h.weight]
Loading weights:  41%|####1     | 121/292 [00:01<00:01, 112.89it/s, Materializing param=gpt_neox.layers.9.mlp.dense_h_to_4h.bias]  
Loading weights:  41%|####1     | 121/292 [00:01<00:01, 112.89it/s, Materializing param=gpt_neox.layers.9.mlp.dense_h_to_4h.bias]
Loading weights:  42%|####1     | 122/292 [00:01<00:01, 112.89it/s, Materializing param=gpt_neox.layers.9.mlp.dense_h_to_4h.weight]
Loading weights:  42%|####1     | 122/292 [00:01<00:01, 112.89it/s, Materializing param=gpt_neox.layers.9.mlp.dense_h_to_4h.weight]
Loading weights:  42%|####2     | 123/292 [00:01<00:01, 112.89it/s, Materializing param=gpt_neox.layers.9.post_attention_layernorm.bias]
Loading weights:  42%|####2     | 123/292 [00:01<00:01, 112.89it/s, Materializing param=gpt_neox.layers.9.post_attention_layernorm.bias]
Loading weights:  42%|####2     | 124/292 [00:01<00:01, 112.89it/s, Materializing param=gpt_neox.layers.9.post_attention_layernorm.weight]
Loading weights:  42%|####2     | 124/292 [00:01<00:01, 112.89it/s, Materializing param=gpt_neox.layers.9.post_attention_layernorm.weight]
Loading weights:  43%|####2     | 125/292 [00:01<00:01, 112.89it/s, Materializing param=gpt_neox.layers.10.attention.dense.bias]          
Loading weights:  43%|####2     | 125/292 [00:01<00:01, 112.89it/s, Materializing param=gpt_neox.layers.10.attention.dense.bias]
Loading weights:  43%|####3     | 126/292 [00:01<00:01, 112.89it/s, Materializing param=gpt_neox.layers.10.attention.dense.weight]
Loading weights:  43%|####3     | 126/292 [00:01<00:01, 112.89it/s, Materializing param=gpt_neox.layers.10.attention.dense.weight]
Loading weights:  43%|####3     | 127/292 [00:01<00:01, 112.89it/s, Materializing param=gpt_neox.layers.10.attention.query_key_value.bias]
Loading weights:  43%|####3     | 127/292 [00:01<00:01, 112.89it/s, Materializing param=gpt_neox.layers.10.attention.query_key_value.bias]
Loading weights:  44%|####3     | 128/292 [00:01<00:01, 112.89it/s, Materializing param=gpt_neox.layers.10.attention.query_key_value.weight]
Loading weights:  44%|####3     | 128/292 [00:01<00:01, 112.89it/s, Materializing param=gpt_neox.layers.10.attention.query_key_value.weight]
Loading weights:  44%|####4     | 129/292 [00:01<00:01, 117.49it/s, Materializing param=gpt_neox.layers.10.attention.query_key_value.weight]
Loading weights:  44%|####4     | 129/292 [00:01<00:01, 117.49it/s, Materializing param=gpt_neox.layers.10.input_layernorm.bias]            
Loading weights:  44%|####4     | 129/292 [00:01<00:01, 117.49it/s, Materializing param=gpt_neox.layers.10.input_layernorm.bias]
Loading weights:  45%|####4     | 130/292 [00:01<00:01, 117.49it/s, Materializing param=gpt_neox.layers.10.input_layernorm.weight]
Loading weights:  45%|####4     | 130/292 [00:01<00:01, 117.49it/s, Materializing param=gpt_neox.layers.10.input_layernorm.weight]
Loading weights:  45%|####4     | 131/292 [00:01<00:01, 117.49it/s, Materializing param=gpt_neox.layers.10.mlp.dense_4h_to_h.bias]
Loading weights:  45%|####4     | 131/292 [00:01<00:01, 117.49it/s, Materializing param=gpt_neox.layers.10.mlp.dense_4h_to_h.bias]
Loading weights:  45%|####5     | 132/292 [00:01<00:01, 117.49it/s, Materializing param=gpt_neox.layers.10.mlp.dense_4h_to_h.weight]
Loading weights:  45%|####5     | 132/292 [00:01<00:01, 117.49it/s, Materializing param=gpt_neox.layers.10.mlp.dense_4h_to_h.weight]
Loading weights:  46%|####5     | 133/292 [00:01<00:01, 117.49it/s, Materializing param=gpt_neox.layers.10.mlp.dense_h_to_4h.bias]  
Loading weights:  46%|####5     | 133/292 [00:01<00:01, 117.49it/s, Materializing param=gpt_neox.layers.10.mlp.dense_h_to_4h.bias]
Loading weights:  46%|####5     | 134/292 [00:01<00:01, 117.49it/s, Materializing param=gpt_neox.layers.10.mlp.dense_h_to_4h.weight]
Loading weights:  46%|####5     | 134/292 [00:01<00:01, 117.49it/s, Materializing param=gpt_neox.layers.10.mlp.dense_h_to_4h.weight]
Loading weights:  46%|####6     | 135/292 [00:01<00:01, 117.49it/s, Materializing param=gpt_neox.layers.10.post_attention_layernorm.bias]
Loading weights:  46%|####6     | 135/292 [00:01<00:01, 117.49it/s, Materializing param=gpt_neox.layers.10.post_attention_layernorm.bias]
Loading weights:  47%|####6     | 136/292 [00:01<00:01, 117.49it/s, Materializing param=gpt_neox.layers.10.post_attention_layernorm.weight]
Loading weights:  47%|####6     | 136/292 [00:01<00:01, 117.49it/s, Materializing param=gpt_neox.layers.10.post_attention_layernorm.weight]
Loading weights:  47%|####6     | 137/292 [00:01<00:01, 117.49it/s, Materializing param=gpt_neox.layers.11.attention.dense.bias]           
Loading weights:  47%|####6     | 137/292 [00:01<00:01, 117.49it/s, Materializing param=gpt_neox.layers.11.attention.dense.bias]
Loading weights:  47%|####7     | 138/292 [00:01<00:01, 117.49it/s, Materializing param=gpt_neox.layers.11.attention.dense.weight]
Loading weights:  47%|####7     | 138/292 [00:01<00:01, 117.49it/s, Materializing param=gpt_neox.layers.11.attention.dense.weight]
Loading weights:  48%|####7     | 139/292 [00:01<00:01, 117.49it/s, Materializing param=gpt_neox.layers.11.attention.query_key_value.bias]
Loading weights:  48%|####7     | 139/292 [00:01<00:01, 117.49it/s, Materializing param=gpt_neox.layers.11.attention.query_key_value.bias]
Loading weights:  48%|####7     | 140/292 [00:01<00:01, 117.49it/s, Materializing param=gpt_neox.layers.11.attention.query_key_value.weight]
Loading weights:  48%|####7     | 140/292 [00:01<00:01, 117.49it/s, Materializing param=gpt_neox.layers.11.attention.query_key_value.weight]
Loading weights:  48%|####8     | 141/292 [00:01<00:01, 117.49it/s, Materializing param=gpt_neox.layers.11.input_layernorm.bias]            
Loading weights:  48%|####8     | 141/292 [00:01<00:01, 117.49it/s, Materializing param=gpt_neox.layers.11.input_layernorm.bias]
Loading weights:  49%|####8     | 142/292 [00:01<00:01, 118.33it/s, Materializing param=gpt_neox.layers.11.input_layernorm.bias]
Loading weights:  49%|####8     | 142/292 [00:01<00:01, 118.33it/s, Materializing param=gpt_neox.layers.11.input_layernorm.weight]
Loading weights:  49%|####8     | 142/292 [00:01<00:01, 118.33it/s, Materializing param=gpt_neox.layers.11.input_layernorm.weight]
Loading weights:  49%|####8     | 143/292 [00:01<00:01, 118.33it/s, Materializing param=gpt_neox.layers.11.mlp.dense_4h_to_h.bias]
Loading weights:  49%|####8     | 143/292 [00:01<00:01, 118.33it/s, Materializing param=gpt_neox.layers.11.mlp.dense_4h_to_h.bias]
Loading weights:  49%|####9     | 144/292 [00:01<00:01, 118.33it/s, Materializing param=gpt_neox.layers.11.mlp.dense_4h_to_h.weight]
Loading weights:  49%|####9     | 144/292 [00:01<00:01, 118.33it/s, Materializing param=gpt_neox.layers.11.mlp.dense_4h_to_h.weight]
Loading weights:  50%|####9     | 145/292 [00:01<00:01, 118.33it/s, Materializing param=gpt_neox.layers.11.mlp.dense_h_to_4h.bias]  
Loading weights:  50%|####9     | 145/292 [00:01<00:01, 118.33it/s, Materializing param=gpt_neox.layers.11.mlp.dense_h_to_4h.bias]
Loading weights:  50%|#####     | 146/292 [00:01<00:01, 118.33it/s, Materializing param=gpt_neox.layers.11.mlp.dense_h_to_4h.weight]
Loading weights:  50%|#####     | 146/292 [00:01<00:01, 118.33it/s, Materializing param=gpt_neox.layers.11.mlp.dense_h_to_4h.weight]
Loading weights:  50%|#####     | 147/292 [00:01<00:01, 118.33it/s, Materializing param=gpt_neox.layers.11.post_attention_layernorm.bias]
Loading weights:  50%|#####     | 147/292 [00:01<00:01, 118.33it/s, Materializing param=gpt_neox.layers.11.post_attention_layernorm.bias]
Loading weights:  51%|#####     | 148/292 [00:01<00:01, 118.33it/s, Materializing param=gpt_neox.layers.11.post_attention_layernorm.weight]
Loading weights:  51%|#####     | 148/292 [00:01<00:01, 118.33it/s, Materializing param=gpt_neox.layers.11.post_attention_layernorm.weight]
Loading weights:  51%|#####1    | 149/292 [00:01<00:01, 118.33it/s, Materializing param=gpt_neox.layers.12.attention.dense.bias]           
Loading weights:  51%|#####1    | 149/292 [00:01<00:01, 118.33it/s, Materializing param=gpt_neox.layers.12.attention.dense.bias]
Loading weights:  51%|#####1    | 150/292 [00:01<00:01, 118.33it/s, Materializing param=gpt_neox.layers.12.attention.dense.weight]
Loading weights:  51%|#####1    | 150/292 [00:01<00:01, 118.33it/s, Materializing param=gpt_neox.layers.12.attention.dense.weight]
Loading weights:  52%|#####1    | 151/292 [00:01<00:01, 118.33it/s, Materializing param=gpt_neox.layers.12.attention.query_key_value.bias]
Loading weights:  52%|#####1    | 151/292 [00:01<00:01, 118.33it/s, Materializing param=gpt_neox.layers.12.attention.query_key_value.bias]
Loading weights:  52%|#####2    | 152/292 [00:01<00:01, 118.33it/s, Materializing param=gpt_neox.layers.12.attention.query_key_value.weight]
Loading weights:  52%|#####2    | 152/292 [00:01<00:01, 118.33it/s, Materializing param=gpt_neox.layers.12.attention.query_key_value.weight]
Loading weights:  52%|#####2    | 153/292 [00:01<00:01, 118.33it/s, Materializing param=gpt_neox.layers.12.input_layernorm.bias]            
Loading weights:  52%|#####2    | 153/292 [00:01<00:01, 118.33it/s, Materializing param=gpt_neox.layers.12.input_layernorm.bias]
Loading weights:  53%|#####2    | 154/292 [00:01<00:01, 118.33it/s, Materializing param=gpt_neox.layers.12.input_layernorm.weight]
Loading weights:  53%|#####2    | 154/292 [00:01<00:01, 118.33it/s, Materializing param=gpt_neox.layers.12.input_layernorm.weight]
Loading weights:  53%|#####3    | 155/292 [00:01<00:01, 118.33it/s, Materializing param=gpt_neox.layers.12.mlp.dense_4h_to_h.bias]
Loading weights:  53%|#####3    | 155/292 [00:01<00:01, 118.33it/s, Materializing param=gpt_neox.layers.12.mlp.dense_4h_to_h.bias]
Loading weights:  53%|#####3    | 156/292 [00:01<00:01, 118.33it/s, Materializing param=gpt_neox.layers.12.mlp.dense_4h_to_h.weight]
Loading weights:  53%|#####3    | 156/292 [00:01<00:01, 118.33it/s, Materializing param=gpt_neox.layers.12.mlp.dense_4h_to_h.weight]
Loading weights:  54%|#####3    | 157/292 [00:01<00:01, 118.33it/s, Materializing param=gpt_neox.layers.12.mlp.dense_h_to_4h.bias]  
Loading weights:  54%|#####3    | 157/292 [00:01<00:01, 118.33it/s, Materializing param=gpt_neox.layers.12.mlp.dense_h_to_4h.bias]
Loading weights:  54%|#####4    | 158/292 [00:01<00:01, 118.33it/s, Materializing param=gpt_neox.layers.12.mlp.dense_h_to_4h.weight]
Loading weights:  54%|#####4    | 158/292 [00:01<00:01, 118.33it/s, Materializing param=gpt_neox.layers.12.mlp.dense_h_to_4h.weight]
Loading weights:  54%|#####4    | 159/292 [00:01<00:01, 118.33it/s, Materializing param=gpt_neox.layers.12.post_attention_layernorm.bias]
Loading weights:  54%|#####4    | 159/292 [00:01<00:01, 118.33it/s, Materializing param=gpt_neox.layers.12.post_attention_layernorm.bias]
Loading weights:  55%|#####4    | 160/292 [00:01<00:01, 118.33it/s, Materializing param=gpt_neox.layers.12.post_attention_layernorm.weight]
Loading weights:  55%|#####4    | 160/292 [00:01<00:01, 118.33it/s, Materializing param=gpt_neox.layers.12.post_attention_layernorm.weight]
Loading weights:  55%|#####5    | 161/292 [00:01<00:01, 118.33it/s, Materializing param=gpt_neox.layers.13.attention.dense.bias]           
Loading weights:  55%|#####5    | 161/292 [00:01<00:01, 118.33it/s, Materializing param=gpt_neox.layers.13.attention.dense.bias]
Loading weights:  55%|#####5    | 162/292 [00:01<00:01, 118.33it/s, Materializing param=gpt_neox.layers.13.attention.dense.weight]
Loading weights:  55%|#####5    | 162/292 [00:01<00:01, 118.33it/s, Materializing param=gpt_neox.layers.13.attention.dense.weight]
Loading weights:  56%|#####5    | 163/292 [00:01<00:00, 133.41it/s, Materializing param=gpt_neox.layers.13.attention.dense.weight]
Loading weights:  56%|#####5    | 163/292 [00:01<00:00, 133.41it/s, Materializing param=gpt_neox.layers.13.attention.query_key_value.bias]
Loading weights:  56%|#####5    | 163/292 [00:01<00:00, 133.41it/s, Materializing param=gpt_neox.layers.13.attention.query_key_value.bias]
Loading weights:  56%|#####6    | 164/292 [00:01<00:00, 133.41it/s, Materializing param=gpt_neox.layers.13.attention.query_key_value.weight]
Loading weights:  56%|#####6    | 164/292 [00:01<00:00, 133.41it/s, Materializing param=gpt_neox.layers.13.attention.query_key_value.weight]
Loading weights:  57%|#####6    | 165/292 [00:01<00:00, 133.41it/s, Materializing param=gpt_neox.layers.13.input_layernorm.bias]            
Loading weights:  57%|#####6    | 165/292 [00:01<00:00, 133.41it/s, Materializing param=gpt_neox.layers.13.input_layernorm.bias]
Loading weights:  57%|#####6    | 166/292 [00:01<00:00, 133.41it/s, Materializing param=gpt_neox.layers.13.input_layernorm.weight]
Loading weights:  57%|#####6    | 166/292 [00:01<00:00, 133.41it/s, Materializing param=gpt_neox.layers.13.input_layernorm.weight]
Loading weights:  57%|#####7    | 167/292 [00:01<00:00, 133.41it/s, Materializing param=gpt_neox.layers.13.mlp.dense_4h_to_h.bias]
Loading weights:  57%|#####7    | 167/292 [00:01<00:00, 133.41it/s, Materializing param=gpt_neox.layers.13.mlp.dense_4h_to_h.bias]
Loading weights:  58%|#####7    | 168/292 [00:01<00:00, 133.41it/s, Materializing param=gpt_neox.layers.13.mlp.dense_4h_to_h.weight]
Loading weights:  58%|#####7    | 168/292 [00:01<00:00, 133.41it/s, Materializing param=gpt_neox.layers.13.mlp.dense_4h_to_h.weight]
Loading weights:  58%|#####7    | 169/292 [00:01<00:00, 133.41it/s, Materializing param=gpt_neox.layers.13.mlp.dense_h_to_4h.bias]  
Loading weights:  58%|#####7    | 169/292 [00:01<00:00, 133.41it/s, Materializing param=gpt_neox.layers.13.mlp.dense_h_to_4h.bias]
Loading weights:  58%|#####8    | 170/292 [00:01<00:00, 133.41it/s, Materializing param=gpt_neox.layers.13.mlp.dense_h_to_4h.weight]
Loading weights:  58%|#####8    | 170/292 [00:01<00:00, 133.41it/s, Materializing param=gpt_neox.layers.13.mlp.dense_h_to_4h.weight]
Loading weights:  59%|#####8    | 171/292 [00:01<00:00, 133.41it/s, Materializing param=gpt_neox.layers.13.post_attention_layernorm.bias]
Loading weights:  59%|#####8    | 171/292 [00:01<00:00, 133.41it/s, Materializing param=gpt_neox.layers.13.post_attention_layernorm.bias]
Loading weights:  59%|#####8    | 172/292 [00:01<00:00, 133.41it/s, Materializing param=gpt_neox.layers.13.post_attention_layernorm.weight]
Loading weights:  59%|#####8    | 172/292 [00:01<00:00, 133.41it/s, Materializing param=gpt_neox.layers.13.post_attention_layernorm.weight]
Loading weights:  59%|#####9    | 173/292 [00:01<00:00, 133.41it/s, Materializing param=gpt_neox.layers.14.attention.dense.bias]           
Loading weights:  59%|#####9    | 173/292 [00:01<00:00, 133.41it/s, Materializing param=gpt_neox.layers.14.attention.dense.bias]
Loading weights:  60%|#####9    | 174/292 [00:01<00:00, 133.41it/s, Materializing param=gpt_neox.layers.14.attention.dense.weight]
Loading weights:  60%|#####9    | 174/292 [00:01<00:00, 133.41it/s, Materializing param=gpt_neox.layers.14.attention.dense.weight]
Loading weights:  60%|#####9    | 175/292 [00:01<00:00, 133.41it/s, Materializing param=gpt_neox.layers.14.attention.query_key_value.bias]
Loading weights:  60%|#####9    | 175/292 [00:01<00:00, 133.41it/s, Materializing param=gpt_neox.layers.14.attention.query_key_value.bias]
Loading weights:  60%|######    | 176/292 [00:01<00:00, 133.41it/s, Materializing param=gpt_neox.layers.14.attention.query_key_value.weight]
Loading weights:  60%|######    | 176/292 [00:01<00:00, 133.41it/s, Materializing param=gpt_neox.layers.14.attention.query_key_value.weight]
Loading weights:  61%|######    | 177/292 [00:01<00:01, 107.88it/s, Materializing param=gpt_neox.layers.14.attention.query_key_value.weight]
Loading weights:  61%|######    | 177/292 [00:01<00:01, 107.88it/s, Materializing param=gpt_neox.layers.14.input_layernorm.bias]            
Loading weights:  61%|######    | 177/292 [00:01<00:01, 107.88it/s, Materializing param=gpt_neox.layers.14.input_layernorm.bias]
Loading weights:  61%|######    | 178/292 [00:01<00:01, 107.88it/s, Materializing param=gpt_neox.layers.14.input_layernorm.weight]
Loading weights:  61%|######    | 178/292 [00:01<00:01, 107.88it/s, Materializing param=gpt_neox.layers.14.input_layernorm.weight]
Loading weights:  61%|######1   | 179/292 [00:01<00:01, 107.88it/s, Materializing param=gpt_neox.layers.14.mlp.dense_4h_to_h.bias]
Loading weights:  61%|######1   | 179/292 [00:01<00:01, 107.88it/s, Materializing param=gpt_neox.layers.14.mlp.dense_4h_to_h.bias]
Loading weights:  62%|######1   | 180/292 [00:01<00:01, 107.88it/s, Materializing param=gpt_neox.layers.14.mlp.dense_4h_to_h.weight]
Loading weights:  62%|######1   | 180/292 [00:01<00:01, 107.88it/s, Materializing param=gpt_neox.layers.14.mlp.dense_4h_to_h.weight]
Loading weights:  62%|######1   | 181/292 [00:01<00:01, 107.88it/s, Materializing param=gpt_neox.layers.14.mlp.dense_h_to_4h.bias]  
Loading weights:  62%|######1   | 181/292 [00:01<00:01, 107.88it/s, Materializing param=gpt_neox.layers.14.mlp.dense_h_to_4h.bias]
Loading weights:  62%|######2   | 182/292 [00:01<00:01, 107.88it/s, Materializing param=gpt_neox.layers.14.mlp.dense_h_to_4h.weight]
Loading weights:  62%|######2   | 182/292 [00:01<00:01, 107.88it/s, Materializing param=gpt_neox.layers.14.mlp.dense_h_to_4h.weight]
Loading weights:  63%|######2   | 183/292 [00:01<00:01, 107.88it/s, Materializing param=gpt_neox.layers.14.post_attention_layernorm.bias]
Loading weights:  63%|######2   | 183/292 [00:01<00:01, 107.88it/s, Materializing param=gpt_neox.layers.14.post_attention_layernorm.bias]
Loading weights:  63%|######3   | 184/292 [00:01<00:01, 107.88it/s, Materializing param=gpt_neox.layers.14.post_attention_layernorm.weight]
Loading weights:  63%|######3   | 184/292 [00:01<00:01, 107.88it/s, Materializing param=gpt_neox.layers.14.post_attention_layernorm.weight]
Loading weights:  63%|######3   | 185/292 [00:01<00:00, 107.88it/s, Materializing param=gpt_neox.layers.15.attention.dense.bias]           
Loading weights:  63%|######3   | 185/292 [00:01<00:00, 107.88it/s, Materializing param=gpt_neox.layers.15.attention.dense.bias]
Loading weights:  64%|######3   | 186/292 [00:01<00:00, 107.88it/s, Materializing param=gpt_neox.layers.15.attention.dense.weight]
Loading weights:  64%|######3   | 186/292 [00:01<00:00, 107.88it/s, Materializing param=gpt_neox.layers.15.attention.dense.weight]
Loading weights:  64%|######4   | 187/292 [00:01<00:00, 107.88it/s, Materializing param=gpt_neox.layers.15.attention.query_key_value.bias]
Loading weights:  64%|######4   | 187/292 [00:01<00:00, 107.88it/s, Materializing param=gpt_neox.layers.15.attention.query_key_value.bias]
Loading weights:  64%|######4   | 188/292 [00:01<00:00, 107.88it/s, Materializing param=gpt_neox.layers.15.attention.query_key_value.weight]
Loading weights:  64%|######4   | 188/292 [00:01<00:00, 107.88it/s, Materializing param=gpt_neox.layers.15.attention.query_key_value.weight]
Loading weights:  65%|######4   | 189/292 [00:01<00:01, 94.41it/s, Materializing param=gpt_neox.layers.15.attention.query_key_value.weight] 
Loading weights:  65%|######4   | 189/292 [00:01<00:01, 94.41it/s, Materializing param=gpt_neox.layers.15.input_layernorm.bias]            
Loading weights:  65%|######4   | 189/292 [00:01<00:01, 94.41it/s, Materializing param=gpt_neox.layers.15.input_layernorm.bias]
Loading weights:  65%|######5   | 190/292 [00:01<00:01, 94.41it/s, Materializing param=gpt_neox.layers.15.input_layernorm.weight]
Loading weights:  65%|######5   | 190/292 [00:01<00:01, 94.41it/s, Materializing param=gpt_neox.layers.15.input_layernorm.weight]
Loading weights:  65%|######5   | 191/292 [00:01<00:01, 94.41it/s, Materializing param=gpt_neox.layers.15.mlp.dense_4h_to_h.bias]
Loading weights:  65%|######5   | 191/292 [00:01<00:01, 94.41it/s, Materializing param=gpt_neox.layers.15.mlp.dense_4h_to_h.bias]
Loading weights:  66%|######5   | 192/292 [00:01<00:01, 94.41it/s, Materializing param=gpt_neox.layers.15.mlp.dense_4h_to_h.weight]
Loading weights:  66%|######5   | 192/292 [00:01<00:01, 94.41it/s, Materializing param=gpt_neox.layers.15.mlp.dense_4h_to_h.weight]
Loading weights:  66%|######6   | 193/292 [00:01<00:01, 94.41it/s, Materializing param=gpt_neox.layers.15.mlp.dense_h_to_4h.bias]  
Loading weights:  66%|######6   | 193/292 [00:01<00:01, 94.41it/s, Materializing param=gpt_neox.layers.15.mlp.dense_h_to_4h.bias]
Loading weights:  66%|######6   | 194/292 [00:01<00:01, 94.41it/s, Materializing param=gpt_neox.layers.15.mlp.dense_h_to_4h.weight]
Loading weights:  66%|######6   | 194/292 [00:01<00:01, 94.41it/s, Materializing param=gpt_neox.layers.15.mlp.dense_h_to_4h.weight]
Loading weights:  67%|######6   | 195/292 [00:01<00:01, 94.41it/s, Materializing param=gpt_neox.layers.15.post_attention_layernorm.bias]
Loading weights:  67%|######6   | 195/292 [00:01<00:01, 94.41it/s, Materializing param=gpt_neox.layers.15.post_attention_layernorm.bias]
Loading weights:  67%|######7   | 196/292 [00:01<00:01, 94.41it/s, Materializing param=gpt_neox.layers.15.post_attention_layernorm.weight]
Loading weights:  67%|######7   | 196/292 [00:01<00:01, 94.41it/s, Materializing param=gpt_neox.layers.15.post_attention_layernorm.weight]
Loading weights:  67%|######7   | 197/292 [00:01<00:01, 94.41it/s, Materializing param=gpt_neox.layers.16.attention.dense.bias]           
Loading weights:  67%|######7   | 197/292 [00:01<00:01, 94.41it/s, Materializing param=gpt_neox.layers.16.attention.dense.bias]
Loading weights:  68%|######7   | 198/292 [00:01<00:00, 94.41it/s, Materializing param=gpt_neox.layers.16.attention.dense.weight]
Loading weights:  68%|######7   | 198/292 [00:01<00:00, 94.41it/s, Materializing param=gpt_neox.layers.16.attention.dense.weight]
Loading weights:  68%|######8   | 199/292 [00:02<00:00, 94.41it/s, Materializing param=gpt_neox.layers.16.attention.query_key_value.bias]
Loading weights:  68%|######8   | 199/292 [00:02<00:00, 94.41it/s, Materializing param=gpt_neox.layers.16.attention.query_key_value.bias]
Loading weights:  68%|######8   | 200/292 [00:02<00:01, 64.02it/s, Materializing param=gpt_neox.layers.16.attention.query_key_value.bias]
Loading weights:  68%|######8   | 200/292 [00:02<00:01, 64.02it/s, Materializing param=gpt_neox.layers.16.attention.query_key_value.weight]
Loading weights:  68%|######8   | 200/292 [00:02<00:01, 64.02it/s, Materializing param=gpt_neox.layers.16.attention.query_key_value.weight]
Loading weights:  69%|######8   | 201/292 [00:02<00:01, 64.02it/s, Materializing param=gpt_neox.layers.16.input_layernorm.bias]            
Loading weights:  69%|######8   | 201/292 [00:02<00:01, 64.02it/s, Materializing param=gpt_neox.layers.16.input_layernorm.bias]
Loading weights:  69%|######9   | 202/292 [00:02<00:01, 64.02it/s, Materializing param=gpt_neox.layers.16.input_layernorm.weight]
Loading weights:  69%|######9   | 202/292 [00:02<00:01, 64.02it/s, Materializing param=gpt_neox.layers.16.input_layernorm.weight]
Loading weights:  70%|######9   | 203/292 [00:02<00:01, 64.02it/s, Materializing param=gpt_neox.layers.16.mlp.dense_4h_to_h.bias]
Loading weights:  70%|######9   | 203/292 [00:02<00:01, 64.02it/s, Materializing param=gpt_neox.layers.16.mlp.dense_4h_to_h.bias]
Loading weights:  70%|######9   | 204/292 [00:02<00:01, 64.02it/s, Materializing param=gpt_neox.layers.16.mlp.dense_4h_to_h.weight]
Loading weights:  70%|######9   | 204/292 [00:02<00:01, 64.02it/s, Materializing param=gpt_neox.layers.16.mlp.dense_4h_to_h.weight]
Loading weights:  70%|#######   | 205/292 [00:02<00:01, 64.02it/s, Materializing param=gpt_neox.layers.16.mlp.dense_h_to_4h.bias]  
Loading weights:  70%|#######   | 205/292 [00:02<00:01, 64.02it/s, Materializing param=gpt_neox.layers.16.mlp.dense_h_to_4h.bias]
Loading weights:  71%|#######   | 206/292 [00:02<00:01, 64.02it/s, Materializing param=gpt_neox.layers.16.mlp.dense_h_to_4h.weight]
Loading weights:  71%|#######   | 206/292 [00:02<00:01, 64.02it/s, Materializing param=gpt_neox.layers.16.mlp.dense_h_to_4h.weight]
Loading weights:  71%|#######   | 207/292 [00:02<00:01, 64.02it/s, Materializing param=gpt_neox.layers.16.post_attention_layernorm.bias]
Loading weights:  71%|#######   | 207/292 [00:02<00:01, 64.02it/s, Materializing param=gpt_neox.layers.16.post_attention_layernorm.bias]
Loading weights:  71%|#######1  | 208/292 [00:02<00:01, 64.02it/s, Materializing param=gpt_neox.layers.16.post_attention_layernorm.weight]
Loading weights:  71%|#######1  | 208/292 [00:02<00:01, 64.02it/s, Materializing param=gpt_neox.layers.16.post_attention_layernorm.weight]
Loading weights:  72%|#######1  | 209/292 [00:02<00:01, 60.62it/s, Materializing param=gpt_neox.layers.16.post_attention_layernorm.weight]
Loading weights:  72%|#######1  | 209/292 [00:02<00:01, 60.62it/s, Materializing param=gpt_neox.layers.17.attention.dense.bias]           
Loading weights:  72%|#######1  | 209/292 [00:02<00:01, 60.62it/s, Materializing param=gpt_neox.layers.17.attention.dense.bias]
Loading weights:  72%|#######1  | 210/292 [00:02<00:01, 60.62it/s, Materializing param=gpt_neox.layers.17.attention.dense.weight]
Loading weights:  72%|#######1  | 210/292 [00:02<00:01, 60.62it/s, Materializing param=gpt_neox.layers.17.attention.dense.weight]
Loading weights:  72%|#######2  | 211/292 [00:02<00:01, 60.62it/s, Materializing param=gpt_neox.layers.17.attention.query_key_value.bias]
Loading weights:  72%|#######2  | 211/292 [00:02<00:01, 60.62it/s, Materializing param=gpt_neox.layers.17.attention.query_key_value.bias]
Loading weights:  73%|#######2  | 212/292 [00:02<00:01, 60.62it/s, Materializing param=gpt_neox.layers.17.attention.query_key_value.weight]
Loading weights:  73%|#######2  | 212/292 [00:02<00:01, 60.62it/s, Materializing param=gpt_neox.layers.17.attention.query_key_value.weight]
Loading weights:  73%|#######2  | 213/292 [00:02<00:01, 60.62it/s, Materializing param=gpt_neox.layers.17.input_layernorm.bias]            
Loading weights:  73%|#######2  | 213/292 [00:02<00:01, 60.62it/s, Materializing param=gpt_neox.layers.17.input_layernorm.bias]
Loading weights:  73%|#######3  | 214/292 [00:02<00:01, 60.62it/s, Materializing param=gpt_neox.layers.17.input_layernorm.weight]
Loading weights:  73%|#######3  | 214/292 [00:02<00:01, 60.62it/s, Materializing param=gpt_neox.layers.17.input_layernorm.weight]
Loading weights:  74%|#######3  | 215/292 [00:02<00:01, 60.62it/s, Materializing param=gpt_neox.layers.17.mlp.dense_4h_to_h.bias]
Loading weights:  74%|#######3  | 215/292 [00:02<00:01, 60.62it/s, Materializing param=gpt_neox.layers.17.mlp.dense_4h_to_h.bias]
Loading weights:  74%|#######3  | 216/292 [00:02<00:01, 60.62it/s, Materializing param=gpt_neox.layers.17.mlp.dense_4h_to_h.weight]
Loading weights:  74%|#######3  | 216/292 [00:02<00:01, 60.62it/s, Materializing param=gpt_neox.layers.17.mlp.dense_4h_to_h.weight]
Loading weights:  74%|#######4  | 217/292 [00:02<00:01, 60.62it/s, Materializing param=gpt_neox.layers.17.mlp.dense_h_to_4h.bias]  
Loading weights:  74%|#######4  | 217/292 [00:02<00:01, 60.62it/s, Materializing param=gpt_neox.layers.17.mlp.dense_h_to_4h.bias]
Loading weights:  75%|#######4  | 218/292 [00:02<00:01, 60.62it/s, Materializing param=gpt_neox.layers.17.mlp.dense_h_to_4h.weight]
Loading weights:  75%|#######4  | 218/292 [00:02<00:01, 60.62it/s, Materializing param=gpt_neox.layers.17.mlp.dense_h_to_4h.weight]
Loading weights:  75%|#######5  | 219/292 [00:02<00:01, 60.62it/s, Materializing param=gpt_neox.layers.17.post_attention_layernorm.bias]
Loading weights:  75%|#######5  | 219/292 [00:02<00:01, 60.62it/s, Materializing param=gpt_neox.layers.17.post_attention_layernorm.bias]
Loading weights:  75%|#######5  | 220/292 [00:02<00:01, 60.62it/s, Materializing param=gpt_neox.layers.17.post_attention_layernorm.weight]
Loading weights:  75%|#######5  | 220/292 [00:02<00:01, 60.62it/s, Materializing param=gpt_neox.layers.17.post_attention_layernorm.weight]
Loading weights:  76%|#######5  | 221/292 [00:02<00:01, 60.62it/s, Materializing param=gpt_neox.layers.18.attention.dense.bias]           
Loading weights:  76%|#######5  | 221/292 [00:02<00:01, 60.62it/s, Materializing param=gpt_neox.layers.18.attention.dense.bias]
Loading weights:  76%|#######6  | 222/292 [00:02<00:01, 60.62it/s, Materializing param=gpt_neox.layers.18.attention.dense.weight]
Loading weights:  76%|#######6  | 222/292 [00:02<00:01, 60.62it/s, Materializing param=gpt_neox.layers.18.attention.dense.weight]
Loading weights:  76%|#######6  | 223/292 [00:02<00:01, 60.62it/s, Materializing param=gpt_neox.layers.18.attention.query_key_value.bias]
Loading weights:  76%|#######6  | 223/292 [00:02<00:01, 60.62it/s, Materializing param=gpt_neox.layers.18.attention.query_key_value.bias]
Loading weights:  77%|#######6  | 224/292 [00:02<00:01, 60.62it/s, Materializing param=gpt_neox.layers.18.attention.query_key_value.weight]
Loading weights:  77%|#######6  | 224/292 [00:02<00:01, 60.62it/s, Materializing param=gpt_neox.layers.18.attention.query_key_value.weight]
Loading weights:  77%|#######7  | 225/292 [00:02<00:01, 62.01it/s, Materializing param=gpt_neox.layers.18.attention.query_key_value.weight]
Loading weights:  77%|#######7  | 225/292 [00:02<00:01, 62.01it/s, Materializing param=gpt_neox.layers.18.input_layernorm.bias]            
Loading weights:  77%|#######7  | 225/292 [00:02<00:01, 62.01it/s, Materializing param=gpt_neox.layers.18.input_layernorm.bias]
Loading weights:  77%|#######7  | 226/292 [00:02<00:01, 62.01it/s, Materializing param=gpt_neox.layers.18.input_layernorm.weight]
Loading weights:  77%|#######7  | 226/292 [00:02<00:01, 62.01it/s, Materializing param=gpt_neox.layers.18.input_layernorm.weight]
Loading weights:  78%|#######7  | 227/292 [00:02<00:01, 62.01it/s, Materializing param=gpt_neox.layers.18.mlp.dense_4h_to_h.bias]
Loading weights:  78%|#######7  | 227/292 [00:02<00:01, 62.01it/s, Materializing param=gpt_neox.layers.18.mlp.dense_4h_to_h.bias]
Loading weights:  78%|#######8  | 228/292 [00:02<00:01, 62.01it/s, Materializing param=gpt_neox.layers.18.mlp.dense_4h_to_h.weight]
Loading weights:  78%|#######8  | 228/292 [00:02<00:01, 62.01it/s, Materializing param=gpt_neox.layers.18.mlp.dense_4h_to_h.weight]
Loading weights:  78%|#######8  | 229/292 [00:02<00:01, 62.01it/s, Materializing param=gpt_neox.layers.18.mlp.dense_h_to_4h.bias]  
Loading weights:  78%|#######8  | 229/292 [00:02<00:01, 62.01it/s, Materializing param=gpt_neox.layers.18.mlp.dense_h_to_4h.bias]
Loading weights:  79%|#######8  | 230/292 [00:02<00:00, 62.01it/s, Materializing param=gpt_neox.layers.18.mlp.dense_h_to_4h.weight]
Loading weights:  79%|#######8  | 230/292 [00:02<00:00, 62.01it/s, Materializing param=gpt_neox.layers.18.mlp.dense_h_to_4h.weight]
Loading weights:  79%|#######9  | 231/292 [00:02<00:00, 62.01it/s, Materializing param=gpt_neox.layers.18.post_attention_layernorm.bias]
Loading weights:  79%|#######9  | 231/292 [00:02<00:00, 62.01it/s, Materializing param=gpt_neox.layers.18.post_attention_layernorm.bias]
Loading weights:  79%|#######9  | 232/292 [00:02<00:00, 62.01it/s, Materializing param=gpt_neox.layers.18.post_attention_layernorm.weight]
Loading weights:  79%|#######9  | 232/292 [00:02<00:00, 62.01it/s, Materializing param=gpt_neox.layers.18.post_attention_layernorm.weight]
Loading weights:  80%|#######9  | 233/292 [00:02<00:00, 62.01it/s, Materializing param=gpt_neox.layers.19.attention.dense.bias]           
Loading weights:  80%|#######9  | 233/292 [00:02<00:00, 62.01it/s, Materializing param=gpt_neox.layers.19.attention.dense.bias]
Loading weights:  80%|########  | 234/292 [00:02<00:00, 62.01it/s, Materializing param=gpt_neox.layers.19.attention.dense.weight]
Loading weights:  80%|########  | 234/292 [00:02<00:00, 62.01it/s, Materializing param=gpt_neox.layers.19.attention.dense.weight]
Loading weights:  80%|########  | 235/292 [00:02<00:00, 63.94it/s, Materializing param=gpt_neox.layers.19.attention.dense.weight]
Loading weights:  80%|########  | 235/292 [00:02<00:00, 63.94it/s, Materializing param=gpt_neox.layers.19.attention.query_key_value.bias]
Loading weights:  80%|########  | 235/292 [00:02<00:00, 63.94it/s, Materializing param=gpt_neox.layers.19.attention.query_key_value.bias]
Loading weights:  81%|########  | 236/292 [00:02<00:00, 63.94it/s, Materializing param=gpt_neox.layers.19.attention.query_key_value.weight]
Loading weights:  81%|########  | 236/292 [00:02<00:00, 63.94it/s, Materializing param=gpt_neox.layers.19.attention.query_key_value.weight]
Loading weights:  81%|########1 | 237/292 [00:02<00:00, 63.94it/s, Materializing param=gpt_neox.layers.19.input_layernorm.bias]            
Loading weights:  81%|########1 | 237/292 [00:02<00:00, 63.94it/s, Materializing param=gpt_neox.layers.19.input_layernorm.bias]
Loading weights:  82%|########1 | 238/292 [00:02<00:00, 63.94it/s, Materializing param=gpt_neox.layers.19.input_layernorm.weight]
Loading weights:  82%|########1 | 238/292 [00:02<00:00, 63.94it/s, Materializing param=gpt_neox.layers.19.input_layernorm.weight]
Loading weights:  82%|########1 | 239/292 [00:02<00:00, 63.94it/s, Materializing param=gpt_neox.layers.19.mlp.dense_4h_to_h.bias]
Loading weights:  82%|########1 | 239/292 [00:02<00:00, 63.94it/s, Materializing param=gpt_neox.layers.19.mlp.dense_4h_to_h.bias]
Loading weights:  82%|########2 | 240/292 [00:02<00:00, 63.94it/s, Materializing param=gpt_neox.layers.19.mlp.dense_4h_to_h.weight]
Loading weights:  82%|########2 | 240/292 [00:02<00:00, 63.94it/s, Materializing param=gpt_neox.layers.19.mlp.dense_4h_to_h.weight]
Loading weights:  83%|########2 | 241/292 [00:02<00:00, 63.94it/s, Materializing param=gpt_neox.layers.19.mlp.dense_h_to_4h.bias]  
Loading weights:  83%|########2 | 241/292 [00:02<00:00, 63.94it/s, Materializing param=gpt_neox.layers.19.mlp.dense_h_to_4h.bias]
Loading weights:  83%|########2 | 242/292 [00:02<00:00, 63.94it/s, Materializing param=gpt_neox.layers.19.mlp.dense_h_to_4h.weight]
Loading weights:  83%|########2 | 242/292 [00:02<00:00, 63.94it/s, Materializing param=gpt_neox.layers.19.mlp.dense_h_to_4h.weight]
Loading weights:  83%|########3 | 243/292 [00:02<00:00, 66.45it/s, Materializing param=gpt_neox.layers.19.mlp.dense_h_to_4h.weight]
Loading weights:  83%|########3 | 243/292 [00:02<00:00, 66.45it/s, Materializing param=gpt_neox.layers.19.post_attention_layernorm.bias]
Loading weights:  83%|########3 | 243/292 [00:02<00:00, 66.45it/s, Materializing param=gpt_neox.layers.19.post_attention_layernorm.bias]
Loading weights:  84%|########3 | 244/292 [00:02<00:00, 66.45it/s, Materializing param=gpt_neox.layers.19.post_attention_layernorm.weight]
Loading weights:  84%|########3 | 244/292 [00:02<00:00, 66.45it/s, Materializing param=gpt_neox.layers.19.post_attention_layernorm.weight]
Loading weights:  84%|########3 | 245/292 [00:02<00:00, 66.45it/s, Materializing param=gpt_neox.layers.20.attention.dense.bias]           
Loading weights:  84%|########3 | 245/292 [00:02<00:00, 66.45it/s, Materializing param=gpt_neox.layers.20.attention.dense.bias]
Loading weights:  84%|########4 | 246/292 [00:02<00:00, 66.45it/s, Materializing param=gpt_neox.layers.20.attention.dense.weight]
Loading weights:  84%|########4 | 246/292 [00:02<00:00, 66.45it/s, Materializing param=gpt_neox.layers.20.attention.dense.weight]
Loading weights:  85%|########4 | 247/292 [00:02<00:00, 66.45it/s, Materializing param=gpt_neox.layers.20.attention.query_key_value.bias]
Loading weights:  85%|########4 | 247/292 [00:02<00:00, 66.45it/s, Materializing param=gpt_neox.layers.20.attention.query_key_value.bias]
Loading weights:  85%|########4 | 248/292 [00:02<00:00, 66.45it/s, Materializing param=gpt_neox.layers.20.attention.query_key_value.weight]
Loading weights:  85%|########4 | 248/292 [00:02<00:00, 66.45it/s, Materializing param=gpt_neox.layers.20.attention.query_key_value.weight]
Loading weights:  85%|########5 | 249/292 [00:02<00:00, 66.45it/s, Materializing param=gpt_neox.layers.20.input_layernorm.bias]            
Loading weights:  85%|########5 | 249/292 [00:02<00:00, 66.45it/s, Materializing param=gpt_neox.layers.20.input_layernorm.bias]
Loading weights:  86%|########5 | 250/292 [00:02<00:00, 66.45it/s, Materializing param=gpt_neox.layers.20.input_layernorm.weight]
Loading weights:  86%|########5 | 250/292 [00:02<00:00, 66.45it/s, Materializing param=gpt_neox.layers.20.input_layernorm.weight]
Loading weights:  86%|########5 | 251/292 [00:02<00:00, 66.45it/s, Materializing param=gpt_neox.layers.20.mlp.dense_4h_to_h.bias]
Loading weights:  86%|########5 | 251/292 [00:02<00:00, 66.45it/s, Materializing param=gpt_neox.layers.20.mlp.dense_4h_to_h.bias]
Loading weights:  86%|########6 | 252/292 [00:02<00:00, 66.45it/s, Materializing param=gpt_neox.layers.20.mlp.dense_4h_to_h.weight]
Loading weights:  86%|########6 | 252/292 [00:02<00:00, 66.45it/s, Materializing param=gpt_neox.layers.20.mlp.dense_4h_to_h.weight]
Loading weights:  87%|########6 | 253/292 [00:02<00:00, 67.62it/s, Materializing param=gpt_neox.layers.20.mlp.dense_4h_to_h.weight]
Loading weights:  87%|########6 | 253/292 [00:02<00:00, 67.62it/s, Materializing param=gpt_neox.layers.20.mlp.dense_h_to_4h.bias]  
Loading weights:  87%|########6 | 253/292 [00:02<00:00, 67.62it/s, Materializing param=gpt_neox.layers.20.mlp.dense_h_to_4h.bias]
Loading weights:  87%|########6 | 254/292 [00:02<00:00, 67.62it/s, Materializing param=gpt_neox.layers.20.mlp.dense_h_to_4h.weight]
Loading weights:  87%|########6 | 254/292 [00:02<00:00, 67.62it/s, Materializing param=gpt_neox.layers.20.mlp.dense_h_to_4h.weight]
Loading weights:  87%|########7 | 255/292 [00:02<00:00, 67.62it/s, Materializing param=gpt_neox.layers.20.post_attention_layernorm.bias]
Loading weights:  87%|########7 | 255/292 [00:02<00:00, 67.62it/s, Materializing param=gpt_neox.layers.20.post_attention_layernorm.bias]
Loading weights:  88%|########7 | 256/292 [00:02<00:00, 67.62it/s, Materializing param=gpt_neox.layers.20.post_attention_layernorm.weight]
Loading weights:  88%|########7 | 256/292 [00:02<00:00, 67.62it/s, Materializing param=gpt_neox.layers.20.post_attention_layernorm.weight]
Loading weights:  88%|########8 | 257/292 [00:02<00:00, 67.62it/s, Materializing param=gpt_neox.layers.21.attention.dense.bias]           
Loading weights:  88%|########8 | 257/292 [00:02<00:00, 67.62it/s, Materializing param=gpt_neox.layers.21.attention.dense.bias]
Loading weights:  88%|########8 | 258/292 [00:02<00:00, 67.62it/s, Materializing param=gpt_neox.layers.21.attention.dense.weight]
Loading weights:  88%|########8 | 258/292 [00:02<00:00, 67.62it/s, Materializing param=gpt_neox.layers.21.attention.dense.weight]
Loading weights:  89%|########8 | 259/292 [00:02<00:00, 67.62it/s, Materializing param=gpt_neox.layers.21.attention.query_key_value.bias]
Loading weights:  89%|########8 | 259/292 [00:02<00:00, 67.62it/s, Materializing param=gpt_neox.layers.21.attention.query_key_value.bias]
Loading weights:  89%|########9 | 260/292 [00:02<00:00, 67.62it/s, Materializing param=gpt_neox.layers.21.attention.query_key_value.weight]
Loading weights:  89%|########9 | 260/292 [00:02<00:00, 67.62it/s, Materializing param=gpt_neox.layers.21.attention.query_key_value.weight]
Loading weights:  89%|########9 | 261/292 [00:02<00:00, 68.04it/s, Materializing param=gpt_neox.layers.21.attention.query_key_value.weight]
Loading weights:  89%|########9 | 261/292 [00:02<00:00, 68.04it/s, Materializing param=gpt_neox.layers.21.input_layernorm.bias]            
Loading weights:  89%|########9 | 261/292 [00:02<00:00, 68.04it/s, Materializing param=gpt_neox.layers.21.input_layernorm.bias]
Loading weights:  90%|########9 | 262/292 [00:02<00:00, 68.04it/s, Materializing param=gpt_neox.layers.21.input_layernorm.weight]
Loading weights:  90%|########9 | 262/292 [00:02<00:00, 68.04it/s, Materializing param=gpt_neox.layers.21.input_layernorm.weight]
Loading weights:  90%|######### | 263/292 [00:02<00:00, 68.04it/s, Materializing param=gpt_neox.layers.21.mlp.dense_4h_to_h.bias]
Loading weights:  90%|######### | 263/292 [00:02<00:00, 68.04it/s, Materializing param=gpt_neox.layers.21.mlp.dense_4h_to_h.bias]
Loading weights:  90%|######### | 264/292 [00:02<00:00, 68.04it/s, Materializing param=gpt_neox.layers.21.mlp.dense_4h_to_h.weight]
Loading weights:  90%|######### | 264/292 [00:02<00:00, 68.04it/s, Materializing param=gpt_neox.layers.21.mlp.dense_4h_to_h.weight]
Loading weights:  91%|######### | 265/292 [00:03<00:00, 68.04it/s, Materializing param=gpt_neox.layers.21.mlp.dense_h_to_4h.bias]  
Loading weights:  91%|######### | 265/292 [00:03<00:00, 68.04it/s, Materializing param=gpt_neox.layers.21.mlp.dense_h_to_4h.bias]
Loading weights:  91%|#########1| 266/292 [00:03<00:00, 68.04it/s, Materializing param=gpt_neox.layers.21.mlp.dense_h_to_4h.weight]
Loading weights:  91%|#########1| 266/292 [00:03<00:00, 68.04it/s, Materializing param=gpt_neox.layers.21.mlp.dense_h_to_4h.weight]
Loading weights:  91%|#########1| 267/292 [00:03<00:00, 68.04it/s, Materializing param=gpt_neox.layers.21.post_attention_layernorm.bias]
Loading weights:  91%|#########1| 267/292 [00:03<00:00, 68.04it/s, Materializing param=gpt_neox.layers.21.post_attention_layernorm.bias]
Loading weights:  92%|#########1| 268/292 [00:03<00:00, 68.04it/s, Materializing param=gpt_neox.layers.21.post_attention_layernorm.weight]
Loading weights:  92%|#########1| 268/292 [00:03<00:00, 68.04it/s, Materializing param=gpt_neox.layers.21.post_attention_layernorm.weight]
Loading weights:  92%|#########2| 269/292 [00:03<00:00, 68.04it/s, Materializing param=gpt_neox.layers.22.attention.dense.bias]           
Loading weights:  92%|#########2| 269/292 [00:03<00:00, 68.04it/s, Materializing param=gpt_neox.layers.22.attention.dense.bias]
Loading weights:  92%|#########2| 270/292 [00:03<00:00, 68.04it/s, Materializing param=gpt_neox.layers.22.attention.dense.weight]
Loading weights:  92%|#########2| 270/292 [00:03<00:00, 68.04it/s, Materializing param=gpt_neox.layers.22.attention.dense.weight]
Loading weights:  93%|#########2| 271/292 [00:03<00:00, 73.71it/s, Materializing param=gpt_neox.layers.22.attention.dense.weight]
Loading weights:  93%|#########2| 271/292 [00:03<00:00, 73.71it/s, Materializing param=gpt_neox.layers.22.attention.query_key_value.bias]
Loading weights:  93%|#########2| 271/292 [00:03<00:00, 73.71it/s, Materializing param=gpt_neox.layers.22.attention.query_key_value.bias]
Loading weights:  93%|#########3| 272/292 [00:03<00:00, 73.71it/s, Materializing param=gpt_neox.layers.22.attention.query_key_value.weight]
Loading weights:  93%|#########3| 272/292 [00:03<00:00, 73.71it/s, Materializing param=gpt_neox.layers.22.attention.query_key_value.weight]
Loading weights:  93%|#########3| 273/292 [00:03<00:00, 73.71it/s, Materializing param=gpt_neox.layers.22.input_layernorm.bias]            
Loading weights:  93%|#########3| 273/292 [00:03<00:00, 73.71it/s, Materializing param=gpt_neox.layers.22.input_layernorm.bias]
Loading weights:  94%|#########3| 274/292 [00:03<00:00, 73.71it/s, Materializing param=gpt_neox.layers.22.input_layernorm.weight]
Loading weights:  94%|#########3| 274/292 [00:03<00:00, 73.71it/s, Materializing param=gpt_neox.layers.22.input_layernorm.weight]
Loading weights:  94%|#########4| 275/292 [00:03<00:00, 73.71it/s, Materializing param=gpt_neox.layers.22.mlp.dense_4h_to_h.bias]
Loading weights:  94%|#########4| 275/292 [00:03<00:00, 73.71it/s, Materializing param=gpt_neox.layers.22.mlp.dense_4h_to_h.bias]
Loading weights:  95%|#########4| 276/292 [00:03<00:00, 73.71it/s, Materializing param=gpt_neox.layers.22.mlp.dense_4h_to_h.weight]
Loading weights:  95%|#########4| 276/292 [00:03<00:00, 73.71it/s, Materializing param=gpt_neox.layers.22.mlp.dense_4h_to_h.weight]
Loading weights:  95%|#########4| 277/292 [00:03<00:00, 73.71it/s, Materializing param=gpt_neox.layers.22.mlp.dense_h_to_4h.bias]  
Loading weights:  95%|#########4| 277/292 [00:03<00:00, 73.71it/s, Materializing param=gpt_neox.layers.22.mlp.dense_h_to_4h.bias]
Loading weights:  95%|#########5| 278/292 [00:03<00:00, 73.71it/s, Materializing param=gpt_neox.layers.22.mlp.dense_h_to_4h.weight]
Loading weights:  95%|#########5| 278/292 [00:03<00:00, 73.71it/s, Materializing param=gpt_neox.layers.22.mlp.dense_h_to_4h.weight]
Loading weights:  96%|#########5| 279/292 [00:03<00:00, 73.71it/s, Materializing param=gpt_neox.layers.22.post_attention_layernorm.bias]
Loading weights:  96%|#########5| 279/292 [00:03<00:00, 73.71it/s, Materializing param=gpt_neox.layers.22.post_attention_layernorm.bias]
Loading weights:  96%|#########5| 280/292 [00:03<00:00, 73.71it/s, Materializing param=gpt_neox.layers.22.post_attention_layernorm.weight]
Loading weights:  96%|#########5| 280/292 [00:03<00:00, 73.71it/s, Materializing param=gpt_neox.layers.22.post_attention_layernorm.weight]
Loading weights:  96%|#########6| 281/292 [00:03<00:00, 73.71it/s, Materializing param=gpt_neox.layers.23.attention.dense.bias]           
Loading weights:  96%|#########6| 281/292 [00:03<00:00, 73.71it/s, Materializing param=gpt_neox.layers.23.attention.dense.bias]
Loading weights:  97%|#########6| 282/292 [00:03<00:00, 73.71it/s, Materializing param=gpt_neox.layers.23.attention.dense.weight]
Loading weights:  97%|#########6| 282/292 [00:03<00:00, 73.71it/s, Materializing param=gpt_neox.layers.23.attention.dense.weight]
Loading weights:  97%|#########6| 283/292 [00:03<00:00, 78.83it/s, Materializing param=gpt_neox.layers.23.attention.dense.weight]
Loading weights:  97%|#########6| 283/292 [00:03<00:00, 78.83it/s, Materializing param=gpt_neox.layers.23.attention.query_key_value.bias]
Loading weights:  97%|#########6| 283/292 [00:03<00:00, 78.83it/s, Materializing param=gpt_neox.layers.23.attention.query_key_value.bias]
Loading weights:  97%|#########7| 284/292 [00:03<00:00, 78.83it/s, Materializing param=gpt_neox.layers.23.attention.query_key_value.weight]
Loading weights:  97%|#########7| 284/292 [00:03<00:00, 78.83it/s, Materializing param=gpt_neox.layers.23.attention.query_key_value.weight]
Loading weights:  98%|#########7| 285/292 [00:03<00:00, 78.83it/s, Materializing param=gpt_neox.layers.23.input_layernorm.bias]            
Loading weights:  98%|#########7| 285/292 [00:03<00:00, 78.83it/s, Materializing param=gpt_neox.layers.23.input_layernorm.bias]
Loading weights:  98%|#########7| 286/292 [00:03<00:00, 78.83it/s, Materializing param=gpt_neox.layers.23.input_layernorm.weight]
Loading weights:  98%|#########7| 286/292 [00:03<00:00, 78.83it/s, Materializing param=gpt_neox.layers.23.input_layernorm.weight]
Loading weights:  98%|#########8| 287/292 [00:03<00:00, 78.83it/s, Materializing param=gpt_neox.layers.23.mlp.dense_4h_to_h.bias]
Loading weights:  98%|#########8| 287/292 [00:03<00:00, 78.83it/s, Materializing param=gpt_neox.layers.23.mlp.dense_4h_to_h.bias]
Loading weights:  99%|#########8| 288/292 [00:03<00:00, 78.83it/s, Materializing param=gpt_neox.layers.23.mlp.dense_4h_to_h.weight]
Loading weights:  99%|#########8| 288/292 [00:03<00:00, 78.83it/s, Materializing param=gpt_neox.layers.23.mlp.dense_4h_to_h.weight]
Loading weights:  99%|#########8| 289/292 [00:03<00:00, 78.83it/s, Materializing param=gpt_neox.layers.23.mlp.dense_h_to_4h.bias]  
Loading weights:  99%|#########8| 289/292 [00:03<00:00, 78.83it/s, Materializing param=gpt_neox.layers.23.mlp.dense_h_to_4h.bias]
Loading weights:  99%|#########9| 290/292 [00:03<00:00, 78.83it/s, Materializing param=gpt_neox.layers.23.mlp.dense_h_to_4h.weight]
Loading weights:  99%|#########9| 290/292 [00:03<00:00, 78.83it/s, Materializing param=gpt_neox.layers.23.mlp.dense_h_to_4h.weight]
Loading weights: 100%|#########9| 291/292 [00:03<00:00, 78.83it/s, Materializing param=gpt_neox.layers.23.post_attention_layernorm.bias]
Loading weights: 100%|#########9| 291/292 [00:03<00:00, 78.83it/s, Materializing param=gpt_neox.layers.23.post_attention_layernorm.bias]
Loading weights: 100%|##########| 292/292 [00:03<00:00, 78.83it/s, Materializing param=gpt_neox.layers.23.post_attention_layernorm.weight]
Loading weights: 100%|##########| 292/292 [00:03<00:00, 78.83it/s, Materializing param=gpt_neox.layers.23.post_attention_layernorm.weight]
Loading weights: 100%|##########| 292/292 [00:03<00:00, 89.63it/s, Materializing param=gpt_neox.layers.23.post_attention_layernorm.weight]

Loading weights:   0%|          | 0/292 [00:00<?, ?it/s]
Loading weights:   0%|          | 1/292 [00:00<00:00, 18477.11it/s, Materializing param=embed_out.weight]
Loading weights:   0%|          | 1/292 [00:00<00:00, 658.96it/s, Materializing param=embed_out.weight]  
Loading weights:   1%|          | 2/292 [00:00<00:08, 32.32it/s, Materializing param=gpt_neox.embed_in.weight]
Loading weights:   1%|          | 2/292 [00:00<00:09, 32.13it/s, Materializing param=gpt_neox.embed_in.weight]
Loading weights:   1%|1         | 3/292 [00:00<00:10, 28.31it/s, Materializing param=gpt_neox.embed_in.weight]
Loading weights:   1%|1         | 3/292 [00:00<00:10, 28.31it/s, Materializing param=gpt_neox.final_layer_norm.bias]
Loading weights:   1%|1         | 3/292 [00:00<00:10, 28.31it/s, Materializing param=gpt_neox.final_layer_norm.bias]
Loading weights:   1%|1         | 4/292 [00:00<00:10, 28.31it/s, Materializing param=gpt_neox.final_layer_norm.weight]
Loading weights:   1%|1         | 4/292 [00:00<00:10, 28.31it/s, Materializing param=gpt_neox.final_layer_norm.weight]
Loading weights:   2%|1         | 5/292 [00:00<00:10, 28.31it/s, Materializing param=gpt_neox.layers.0.attention.dense.bias]
Loading weights:   2%|1         | 5/292 [00:00<00:10, 28.31it/s, Materializing param=gpt_neox.layers.0.attention.dense.bias]
Loading weights:   2%|2         | 6/292 [00:00<00:10, 28.31it/s, Materializing param=gpt_neox.layers.0.attention.dense.weight]
Loading weights:   2%|2         | 6/292 [00:00<00:10, 28.31it/s, Materializing param=gpt_neox.layers.0.attention.dense.weight]
Loading weights:   2%|2         | 7/292 [00:00<00:10, 28.31it/s, Materializing param=gpt_neox.layers.0.attention.query_key_value.bias]
Loading weights:   2%|2         | 7/292 [00:00<00:10, 28.31it/s, Materializing param=gpt_neox.layers.0.attention.query_key_value.bias]
Loading weights:   3%|2         | 8/292 [00:00<00:10, 28.31it/s, Materializing param=gpt_neox.layers.0.attention.query_key_value.weight]
Loading weights:   3%|2         | 8/292 [00:00<00:10, 28.31it/s, Materializing param=gpt_neox.layers.0.attention.query_key_value.weight]
Loading weights:   3%|3         | 9/292 [00:00<00:09, 28.31it/s, Materializing param=gpt_neox.layers.0.input_layernorm.bias]            
Loading weights:   3%|3         | 9/292 [00:00<00:09, 28.31it/s, Materializing param=gpt_neox.layers.0.input_layernorm.bias]
Loading weights:   3%|3         | 10/292 [00:00<00:09, 28.31it/s, Materializing param=gpt_neox.layers.0.input_layernorm.weight]
Loading weights:   3%|3         | 10/292 [00:00<00:09, 28.31it/s, Materializing param=gpt_neox.layers.0.input_layernorm.weight]
Loading weights:   4%|3         | 11/292 [00:00<00:09, 28.31it/s, Materializing param=gpt_neox.layers.0.mlp.dense_4h_to_h.bias]
Loading weights:   4%|3         | 11/292 [00:00<00:09, 28.31it/s, Materializing param=gpt_neox.layers.0.mlp.dense_4h_to_h.bias]
Loading weights:   4%|4         | 12/292 [00:00<00:09, 28.31it/s, Materializing param=gpt_neox.layers.0.mlp.dense_4h_to_h.weight]
Loading weights:   4%|4         | 12/292 [00:00<00:09, 28.31it/s, Materializing param=gpt_neox.layers.0.mlp.dense_4h_to_h.weight]
Loading weights:   4%|4         | 13/292 [00:00<00:09, 28.31it/s, Materializing param=gpt_neox.layers.0.mlp.dense_h_to_4h.bias]  
Loading weights:   4%|4         | 13/292 [00:00<00:09, 28.31it/s, Materializing param=gpt_neox.layers.0.mlp.dense_h_to_4h.bias]
Loading weights:   5%|4         | 14/292 [00:00<00:09, 28.31it/s, Materializing param=gpt_neox.layers.0.mlp.dense_h_to_4h.weight]
Loading weights:   5%|4         | 14/292 [00:00<00:09, 28.31it/s, Materializing param=gpt_neox.layers.0.mlp.dense_h_to_4h.weight]
Loading weights:   5%|5         | 15/292 [00:00<00:09, 28.31it/s, Materializing param=gpt_neox.layers.0.post_attention_layernorm.bias]
Loading weights:   5%|5         | 15/292 [00:00<00:09, 28.31it/s, Materializing param=gpt_neox.layers.0.post_attention_layernorm.bias]
Loading weights:   5%|5         | 16/292 [00:00<00:09, 28.31it/s, Materializing param=gpt_neox.layers.0.post_attention_layernorm.weight]
Loading weights:   5%|5         | 16/292 [00:00<00:09, 28.31it/s, Materializing param=gpt_neox.layers.0.post_attention_layernorm.weight]
Loading weights:   6%|5         | 17/292 [00:00<00:09, 28.31it/s, Materializing param=gpt_neox.layers.1.attention.dense.bias]           
Loading weights:   6%|5         | 17/292 [00:00<00:09, 28.31it/s, Materializing param=gpt_neox.layers.1.attention.dense.bias]
Loading weights:   6%|6         | 18/292 [00:00<00:09, 28.31it/s, Materializing param=gpt_neox.layers.1.attention.dense.weight]
Loading weights:   6%|6         | 18/292 [00:00<00:09, 28.31it/s, Materializing param=gpt_neox.layers.1.attention.dense.weight]
Loading weights:   7%|6         | 19/292 [00:00<00:09, 28.31it/s, Materializing param=gpt_neox.layers.1.attention.query_key_value.bias]
Loading weights:   7%|6         | 19/292 [00:00<00:09, 28.31it/s, Materializing param=gpt_neox.layers.1.attention.query_key_value.bias]
Loading weights:   7%|6         | 20/292 [00:00<00:09, 28.31it/s, Materializing param=gpt_neox.layers.1.attention.query_key_value.weight]
Loading weights:   7%|6         | 20/292 [00:00<00:09, 28.31it/s, Materializing param=gpt_neox.layers.1.attention.query_key_value.weight]
Loading weights:   7%|7         | 21/292 [00:00<00:09, 28.31it/s, Materializing param=gpt_neox.layers.1.input_layernorm.bias]            
Loading weights:   7%|7         | 21/292 [00:00<00:09, 28.31it/s, Materializing param=gpt_neox.layers.1.input_layernorm.bias]
Loading weights:   8%|7         | 22/292 [00:00<00:09, 28.31it/s, Materializing param=gpt_neox.layers.1.input_layernorm.weight]
Loading weights:   8%|7         | 22/292 [00:00<00:09, 28.31it/s, Materializing param=gpt_neox.layers.1.input_layernorm.weight]
Loading weights:   8%|7         | 23/292 [00:00<00:09, 28.31it/s, Materializing param=gpt_neox.layers.1.mlp.dense_4h_to_h.bias]
Loading weights:   8%|7         | 23/292 [00:00<00:09, 28.31it/s, Materializing param=gpt_neox.layers.1.mlp.dense_4h_to_h.bias]
Loading weights:   8%|8         | 24/292 [00:00<00:09, 28.31it/s, Materializing param=gpt_neox.layers.1.mlp.dense_4h_to_h.weight]
Loading weights:   8%|8         | 24/292 [00:00<00:09, 28.31it/s, Materializing param=gpt_neox.layers.1.mlp.dense_4h_to_h.weight]
Loading weights:   9%|8         | 25/292 [00:00<00:09, 28.31it/s, Materializing param=gpt_neox.layers.1.mlp.dense_h_to_4h.bias]  
Loading weights:   9%|8         | 25/292 [00:00<00:09, 28.31it/s, Materializing param=gpt_neox.layers.1.mlp.dense_h_to_4h.bias]
Loading weights:   9%|8         | 26/292 [00:00<00:09, 28.31it/s, Materializing param=gpt_neox.layers.1.mlp.dense_h_to_4h.weight]
Loading weights:   9%|8         | 26/292 [00:00<00:09, 28.31it/s, Materializing param=gpt_neox.layers.1.mlp.dense_h_to_4h.weight]
Loading weights:   9%|9         | 27/292 [00:00<00:09, 28.31it/s, Materializing param=gpt_neox.layers.1.post_attention_layernorm.bias]
Loading weights:   9%|9         | 27/292 [00:00<00:09, 28.31it/s, Materializing param=gpt_neox.layers.1.post_attention_layernorm.bias]
Loading weights:  10%|9         | 28/292 [00:00<00:09, 28.31it/s, Materializing param=gpt_neox.layers.1.post_attention_layernorm.weight]
Loading weights:  10%|9         | 28/292 [00:00<00:09, 28.31it/s, Materializing param=gpt_neox.layers.1.post_attention_layernorm.weight]
Loading weights:  10%|9         | 29/292 [00:00<00:09, 28.31it/s, Materializing param=gpt_neox.layers.2.attention.dense.bias]           
Loading weights:  10%|9         | 29/292 [00:00<00:09, 28.31it/s, Materializing param=gpt_neox.layers.2.attention.dense.bias]
Loading weights:  10%|#         | 30/292 [00:00<00:09, 28.31it/s, Materializing param=gpt_neox.layers.2.attention.dense.weight]
Loading weights:  10%|#         | 30/292 [00:00<00:09, 28.31it/s, Materializing param=gpt_neox.layers.2.attention.dense.weight]
Loading weights:  11%|#         | 31/292 [00:00<00:09, 28.31it/s, Materializing param=gpt_neox.layers.2.attention.query_key_value.bias]
Loading weights:  11%|#         | 31/292 [00:00<00:09, 28.31it/s, Materializing param=gpt_neox.layers.2.attention.query_key_value.bias]
Loading weights:  11%|#         | 32/292 [00:00<00:09, 28.31it/s, Materializing param=gpt_neox.layers.2.attention.query_key_value.weight]
Loading weights:  11%|#         | 32/292 [00:00<00:09, 28.31it/s, Materializing param=gpt_neox.layers.2.attention.query_key_value.weight]
Loading weights:  11%|#1        | 33/292 [00:00<00:01, 160.13it/s, Materializing param=gpt_neox.layers.2.attention.query_key_value.weight]
Loading weights:  11%|#1        | 33/292 [00:00<00:01, 160.13it/s, Materializing param=gpt_neox.layers.2.input_layernorm.bias]            
Loading weights:  11%|#1        | 33/292 [00:00<00:01, 160.13it/s, Materializing param=gpt_neox.layers.2.input_layernorm.bias]
Loading weights:  12%|#1        | 34/292 [00:00<00:01, 160.13it/s, Materializing param=gpt_neox.layers.2.input_layernorm.weight]
Loading weights:  12%|#1        | 34/292 [00:00<00:01, 160.13it/s, Materializing param=gpt_neox.layers.2.input_layernorm.weight]
Loading weights:  12%|#1        | 35/292 [00:00<00:01, 160.13it/s, Materializing param=gpt_neox.layers.2.mlp.dense_4h_to_h.bias]
Loading weights:  12%|#1        | 35/292 [00:00<00:01, 160.13it/s, Materializing param=gpt_neox.layers.2.mlp.dense_4h_to_h.bias]
Loading weights:  12%|#2        | 36/292 [00:00<00:01, 160.13it/s, Materializing param=gpt_neox.layers.2.mlp.dense_4h_to_h.weight]
Loading weights:  12%|#2        | 36/292 [00:00<00:01, 160.13it/s, Materializing param=gpt_neox.layers.2.mlp.dense_4h_to_h.weight]
Loading weights:  13%|#2        | 37/292 [00:00<00:01, 160.13it/s, Materializing param=gpt_neox.layers.2.mlp.dense_h_to_4h.bias]  
Loading weights:  13%|#2        | 37/292 [00:00<00:01, 160.13it/s, Materializing param=gpt_neox.layers.2.mlp.dense_h_to_4h.bias]
Loading weights:  13%|#3        | 38/292 [00:00<00:01, 160.13it/s, Materializing param=gpt_neox.layers.2.mlp.dense_h_to_4h.weight]
Loading weights:  13%|#3        | 38/292 [00:00<00:01, 160.13it/s, Materializing param=gpt_neox.layers.2.mlp.dense_h_to_4h.weight]
Loading weights:  13%|#3        | 39/292 [00:00<00:01, 160.13it/s, Materializing param=gpt_neox.layers.2.post_attention_layernorm.bias]
Loading weights:  13%|#3        | 39/292 [00:00<00:01, 160.13it/s, Materializing param=gpt_neox.layers.2.post_attention_layernorm.bias]
Loading weights:  14%|#3        | 40/292 [00:00<00:01, 160.13it/s, Materializing param=gpt_neox.layers.2.post_attention_layernorm.weight]
Loading weights:  14%|#3        | 40/292 [00:00<00:01, 160.13it/s, Materializing param=gpt_neox.layers.2.post_attention_layernorm.weight]
Loading weights:  14%|#4        | 41/292 [00:00<00:01, 160.13it/s, Materializing param=gpt_neox.layers.3.attention.dense.bias]           
Loading weights:  14%|#4        | 41/292 [00:00<00:01, 160.13it/s, Materializing param=gpt_neox.layers.3.attention.dense.bias]
Loading weights:  14%|#4        | 42/292 [00:00<00:01, 160.13it/s, Materializing param=gpt_neox.layers.3.attention.dense.weight]
Loading weights:  14%|#4        | 42/292 [00:00<00:01, 160.13it/s, Materializing param=gpt_neox.layers.3.attention.dense.weight]
Loading weights:  15%|#4        | 43/292 [00:00<00:01, 160.13it/s, Materializing param=gpt_neox.layers.3.attention.query_key_value.bias]
Loading weights:  15%|#4        | 43/292 [00:00<00:01, 160.13it/s, Materializing param=gpt_neox.layers.3.attention.query_key_value.bias]
Loading weights:  15%|#5        | 44/292 [00:00<00:01, 160.13it/s, Materializing param=gpt_neox.layers.3.attention.query_key_value.weight]
Loading weights:  15%|#5        | 44/292 [00:00<00:01, 160.13it/s, Materializing param=gpt_neox.layers.3.attention.query_key_value.weight]
Loading weights:  15%|#5        | 45/292 [00:00<00:01, 160.13it/s, Materializing param=gpt_neox.layers.3.input_layernorm.bias]            
Loading weights:  15%|#5        | 45/292 [00:00<00:01, 160.13it/s, Materializing param=gpt_neox.layers.3.input_layernorm.bias]
Loading weights:  16%|#5        | 46/292 [00:00<00:01, 160.13it/s, Materializing param=gpt_neox.layers.3.input_layernorm.weight]
Loading weights:  16%|#5        | 46/292 [00:00<00:01, 160.13it/s, Materializing param=gpt_neox.layers.3.input_layernorm.weight]
Loading weights:  16%|#6        | 47/292 [00:00<00:01, 160.13it/s, Materializing param=gpt_neox.layers.3.mlp.dense_4h_to_h.bias]
Loading weights:  16%|#6        | 47/292 [00:00<00:01, 160.13it/s, Materializing param=gpt_neox.layers.3.mlp.dense_4h_to_h.bias]
Loading weights:  16%|#6        | 48/292 [00:00<00:01, 160.13it/s, Materializing param=gpt_neox.layers.3.mlp.dense_4h_to_h.weight]
Loading weights:  16%|#6        | 48/292 [00:00<00:01, 160.13it/s, Materializing param=gpt_neox.layers.3.mlp.dense_4h_to_h.weight]
Loading weights:  17%|#6        | 49/292 [00:00<00:01, 160.13it/s, Materializing param=gpt_neox.layers.3.mlp.dense_h_to_4h.bias]  
Loading weights:  17%|#6        | 49/292 [00:00<00:01, 160.13it/s, Materializing param=gpt_neox.layers.3.mlp.dense_h_to_4h.bias]
Loading weights:  17%|#7        | 50/292 [00:00<00:01, 160.13it/s, Materializing param=gpt_neox.layers.3.mlp.dense_h_to_4h.weight]
Loading weights:  17%|#7        | 50/292 [00:00<00:01, 160.13it/s, Materializing param=gpt_neox.layers.3.mlp.dense_h_to_4h.weight]
Loading weights:  17%|#7        | 51/292 [00:00<00:01, 160.13it/s, Materializing param=gpt_neox.layers.3.post_attention_layernorm.bias]
Loading weights:  17%|#7        | 51/292 [00:00<00:01, 160.13it/s, Materializing param=gpt_neox.layers.3.post_attention_layernorm.bias]
Loading weights:  18%|#7        | 52/292 [00:00<00:01, 160.13it/s, Materializing param=gpt_neox.layers.3.post_attention_layernorm.weight]
Loading weights:  18%|#7        | 52/292 [00:00<00:01, 160.13it/s, Materializing param=gpt_neox.layers.3.post_attention_layernorm.weight]
Loading weights:  18%|#8        | 53/292 [00:00<00:01, 160.13it/s, Materializing param=gpt_neox.layers.4.attention.dense.bias]           
Loading weights:  18%|#8        | 53/292 [00:00<00:01, 160.13it/s, Materializing param=gpt_neox.layers.4.attention.dense.bias]
Loading weights:  18%|#8        | 54/292 [00:00<00:01, 160.13it/s, Materializing param=gpt_neox.layers.4.attention.dense.weight]
Loading weights:  18%|#8        | 54/292 [00:00<00:01, 160.13it/s, Materializing param=gpt_neox.layers.4.attention.dense.weight]
Loading weights:  19%|#8        | 55/292 [00:00<00:01, 160.13it/s, Materializing param=gpt_neox.layers.4.attention.query_key_value.bias]
Loading weights:  19%|#8        | 55/292 [00:00<00:01, 160.13it/s, Materializing param=gpt_neox.layers.4.attention.query_key_value.bias]
Loading weights:  19%|#9        | 56/292 [00:00<00:01, 160.13it/s, Materializing param=gpt_neox.layers.4.attention.query_key_value.weight]
Loading weights:  19%|#9        | 56/292 [00:00<00:01, 160.13it/s, Materializing param=gpt_neox.layers.4.attention.query_key_value.weight]
Loading weights:  20%|#9        | 57/292 [00:00<00:01, 160.13it/s, Materializing param=gpt_neox.layers.4.input_layernorm.bias]            
Loading weights:  20%|#9        | 57/292 [00:00<00:01, 160.13it/s, Materializing param=gpt_neox.layers.4.input_layernorm.bias]
Loading weights:  20%|#9        | 58/292 [00:00<00:01, 160.13it/s, Materializing param=gpt_neox.layers.4.input_layernorm.weight]
Loading weights:  20%|#9        | 58/292 [00:00<00:01, 160.13it/s, Materializing param=gpt_neox.layers.4.input_layernorm.weight]
Loading weights:  20%|##        | 59/292 [00:00<00:01, 160.13it/s, Materializing param=gpt_neox.layers.4.mlp.dense_4h_to_h.bias]
Loading weights:  20%|##        | 59/292 [00:00<00:01, 160.13it/s, Materializing param=gpt_neox.layers.4.mlp.dense_4h_to_h.bias]
Loading weights:  21%|##        | 60/292 [00:00<00:01, 160.13it/s, Materializing param=gpt_neox.layers.4.mlp.dense_4h_to_h.weight]
Loading weights:  21%|##        | 60/292 [00:00<00:01, 160.13it/s, Materializing param=gpt_neox.layers.4.mlp.dense_4h_to_h.weight]
Loading weights:  21%|##        | 61/292 [00:00<00:01, 160.13it/s, Materializing param=gpt_neox.layers.4.mlp.dense_h_to_4h.bias]  
Loading weights:  21%|##        | 61/292 [00:00<00:01, 160.13it/s, Materializing param=gpt_neox.layers.4.mlp.dense_h_to_4h.bias]
Loading weights:  21%|##1       | 62/292 [00:00<00:01, 160.13it/s, Materializing param=gpt_neox.layers.4.mlp.dense_h_to_4h.weight]
Loading weights:  21%|##1       | 62/292 [00:00<00:01, 160.13it/s, Materializing param=gpt_neox.layers.4.mlp.dense_h_to_4h.weight]
Loading weights:  22%|##1       | 63/292 [00:00<00:01, 160.13it/s, Materializing param=gpt_neox.layers.4.post_attention_layernorm.bias]
Loading weights:  22%|##1       | 63/292 [00:00<00:01, 160.13it/s, Materializing param=gpt_neox.layers.4.post_attention_layernorm.bias]
Loading weights:  22%|##1       | 64/292 [00:00<00:01, 160.13it/s, Materializing param=gpt_neox.layers.4.post_attention_layernorm.weight]
Loading weights:  22%|##1       | 64/292 [00:00<00:01, 160.13it/s, Materializing param=gpt_neox.layers.4.post_attention_layernorm.weight]
Loading weights:  22%|##2       | 65/292 [00:00<00:01, 160.13it/s, Materializing param=gpt_neox.layers.5.attention.dense.bias]           
Loading weights:  22%|##2       | 65/292 [00:00<00:01, 160.13it/s, Materializing param=gpt_neox.layers.5.attention.dense.bias]
Loading weights:  23%|##2       | 66/292 [00:00<00:01, 160.13it/s, Materializing param=gpt_neox.layers.5.attention.dense.weight]
Loading weights:  23%|##2       | 66/292 [00:00<00:01, 160.13it/s, Materializing param=gpt_neox.layers.5.attention.dense.weight]
Loading weights:  23%|##2       | 67/292 [00:00<00:00, 225.92it/s, Materializing param=gpt_neox.layers.5.attention.dense.weight]
Loading weights:  23%|##2       | 67/292 [00:00<00:00, 225.92it/s, Materializing param=gpt_neox.layers.5.attention.query_key_value.bias]
Loading weights:  23%|##2       | 67/292 [00:00<00:00, 225.92it/s, Materializing param=gpt_neox.layers.5.attention.query_key_value.bias]
Loading weights:  23%|##3       | 68/292 [00:00<00:00, 225.92it/s, Materializing param=gpt_neox.layers.5.attention.query_key_value.weight]
Loading weights:  23%|##3       | 68/292 [00:00<00:00, 225.92it/s, Materializing param=gpt_neox.layers.5.attention.query_key_value.weight]
Loading weights:  24%|##3       | 69/292 [00:00<00:00, 225.92it/s, Materializing param=gpt_neox.layers.5.input_layernorm.bias]            
Loading weights:  24%|##3       | 69/292 [00:00<00:00, 225.92it/s, Materializing param=gpt_neox.layers.5.input_layernorm.bias]
Loading weights:  24%|##3       | 70/292 [00:00<00:00, 225.92it/s, Materializing param=gpt_neox.layers.5.input_layernorm.weight]
Loading weights:  24%|##3       | 70/292 [00:00<00:00, 225.92it/s, Materializing param=gpt_neox.layers.5.input_layernorm.weight]
Loading weights:  24%|##4       | 71/292 [00:00<00:00, 225.92it/s, Materializing param=gpt_neox.layers.5.mlp.dense_4h_to_h.bias]
Loading weights:  24%|##4       | 71/292 [00:00<00:00, 225.92it/s, Materializing param=gpt_neox.layers.5.mlp.dense_4h_to_h.bias]
Loading weights:  25%|##4       | 72/292 [00:00<00:00, 225.92it/s, Materializing param=gpt_neox.layers.5.mlp.dense_4h_to_h.weight]
Loading weights:  25%|##4       | 72/292 [00:00<00:00, 225.92it/s, Materializing param=gpt_neox.layers.5.mlp.dense_4h_to_h.weight]
Loading weights:  25%|##5       | 73/292 [00:00<00:00, 225.92it/s, Materializing param=gpt_neox.layers.5.mlp.dense_h_to_4h.bias]  
Loading weights:  25%|##5       | 73/292 [00:00<00:00, 225.92it/s, Materializing param=gpt_neox.layers.5.mlp.dense_h_to_4h.bias]
Loading weights:  25%|##5       | 74/292 [00:00<00:00, 225.92it/s, Materializing param=gpt_neox.layers.5.mlp.dense_h_to_4h.weight]
Loading weights:  25%|##5       | 74/292 [00:00<00:00, 225.92it/s, Materializing param=gpt_neox.layers.5.mlp.dense_h_to_4h.weight]
Loading weights:  26%|##5       | 75/292 [00:00<00:00, 225.92it/s, Materializing param=gpt_neox.layers.5.post_attention_layernorm.bias]
Loading weights:  26%|##5       | 75/292 [00:00<00:00, 225.92it/s, Materializing param=gpt_neox.layers.5.post_attention_layernorm.bias]
Loading weights:  26%|##6       | 76/292 [00:00<00:00, 225.92it/s, Materializing param=gpt_neox.layers.5.post_attention_layernorm.weight]
Loading weights:  26%|##6       | 76/292 [00:00<00:00, 225.92it/s, Materializing param=gpt_neox.layers.5.post_attention_layernorm.weight]
Loading weights:  26%|##6       | 77/292 [00:00<00:00, 225.92it/s, Materializing param=gpt_neox.layers.6.attention.dense.bias]           
Loading weights:  26%|##6       | 77/292 [00:00<00:00, 225.92it/s, Materializing param=gpt_neox.layers.6.attention.dense.bias]
Loading weights:  27%|##6       | 78/292 [00:00<00:00, 225.92it/s, Materializing param=gpt_neox.layers.6.attention.dense.weight]
Loading weights:  27%|##6       | 78/292 [00:00<00:00, 225.92it/s, Materializing param=gpt_neox.layers.6.attention.dense.weight]
Loading weights:  27%|##7       | 79/292 [00:00<00:00, 225.92it/s, Materializing param=gpt_neox.layers.6.attention.query_key_value.bias]
Loading weights:  27%|##7       | 79/292 [00:00<00:00, 225.92it/s, Materializing param=gpt_neox.layers.6.attention.query_key_value.bias]
Loading weights:  27%|##7       | 80/292 [00:00<00:00, 225.92it/s, Materializing param=gpt_neox.layers.6.attention.query_key_value.weight]
Loading weights:  27%|##7       | 80/292 [00:00<00:00, 225.92it/s, Materializing param=gpt_neox.layers.6.attention.query_key_value.weight]
Loading weights:  28%|##7       | 81/292 [00:00<00:00, 225.92it/s, Materializing param=gpt_neox.layers.6.input_layernorm.bias]            
Loading weights:  28%|##7       | 81/292 [00:00<00:00, 225.92it/s, Materializing param=gpt_neox.layers.6.input_layernorm.bias]
Loading weights:  28%|##8       | 82/292 [00:00<00:00, 225.92it/s, Materializing param=gpt_neox.layers.6.input_layernorm.weight]
Loading weights:  28%|##8       | 82/292 [00:00<00:00, 225.92it/s, Materializing param=gpt_neox.layers.6.input_layernorm.weight]
Loading weights:  28%|##8       | 83/292 [00:00<00:00, 225.92it/s, Materializing param=gpt_neox.layers.6.mlp.dense_4h_to_h.bias]
Loading weights:  28%|##8       | 83/292 [00:00<00:00, 225.92it/s, Materializing param=gpt_neox.layers.6.mlp.dense_4h_to_h.bias]
Loading weights:  29%|##8       | 84/292 [00:00<00:00, 225.92it/s, Materializing param=gpt_neox.layers.6.mlp.dense_4h_to_h.weight]
Loading weights:  29%|##8       | 84/292 [00:00<00:00, 225.92it/s, Materializing param=gpt_neox.layers.6.mlp.dense_4h_to_h.weight]
Loading weights:  29%|##9       | 85/292 [00:00<00:00, 225.92it/s, Materializing param=gpt_neox.layers.6.mlp.dense_h_to_4h.bias]  
Loading weights:  29%|##9       | 85/292 [00:00<00:00, 225.92it/s, Materializing param=gpt_neox.layers.6.mlp.dense_h_to_4h.bias]
Loading weights:  29%|##9       | 86/292 [00:00<00:00, 225.92it/s, Materializing param=gpt_neox.layers.6.mlp.dense_h_to_4h.weight]
Loading weights:  29%|##9       | 86/292 [00:00<00:00, 225.92it/s, Materializing param=gpt_neox.layers.6.mlp.dense_h_to_4h.weight]
Loading weights:  30%|##9       | 87/292 [00:00<00:00, 225.92it/s, Materializing param=gpt_neox.layers.6.post_attention_layernorm.bias]
Loading weights:  30%|##9       | 87/292 [00:00<00:00, 225.92it/s, Materializing param=gpt_neox.layers.6.post_attention_layernorm.bias]
Loading weights:  30%|###       | 88/292 [00:00<00:00, 225.92it/s, Materializing param=gpt_neox.layers.6.post_attention_layernorm.weight]
Loading weights:  30%|###       | 88/292 [00:00<00:00, 225.92it/s, Materializing param=gpt_neox.layers.6.post_attention_layernorm.weight]
Loading weights:  30%|###       | 89/292 [00:00<00:00, 225.92it/s, Materializing param=gpt_neox.layers.7.attention.dense.bias]           
Loading weights:  30%|###       | 89/292 [00:00<00:00, 225.92it/s, Materializing param=gpt_neox.layers.7.attention.dense.bias]
Loading weights:  31%|###       | 90/292 [00:00<00:00, 225.92it/s, Materializing param=gpt_neox.layers.7.attention.dense.weight]
Loading weights:  31%|###       | 90/292 [00:00<00:00, 225.92it/s, Materializing param=gpt_neox.layers.7.attention.dense.weight]
Loading weights:  31%|###1      | 91/292 [00:00<00:00, 225.92it/s, Materializing param=gpt_neox.layers.7.attention.query_key_value.bias]
Loading weights:  31%|###1      | 91/292 [00:00<00:00, 225.92it/s, Materializing param=gpt_neox.layers.7.attention.query_key_value.bias]
Loading weights:  32%|###1      | 92/292 [00:00<00:00, 225.92it/s, Materializing param=gpt_neox.layers.7.attention.query_key_value.weight]
Loading weights:  32%|###1      | 92/292 [00:00<00:00, 225.92it/s, Materializing param=gpt_neox.layers.7.attention.query_key_value.weight]
Loading weights:  32%|###1      | 93/292 [00:00<00:00, 225.92it/s, Materializing param=gpt_neox.layers.7.input_layernorm.bias]            
Loading weights:  32%|###1      | 93/292 [00:00<00:00, 225.92it/s, Materializing param=gpt_neox.layers.7.input_layernorm.bias]
Loading weights:  32%|###2      | 94/292 [00:00<00:00, 225.92it/s, Materializing param=gpt_neox.layers.7.input_layernorm.weight]
Loading weights:  32%|###2      | 94/292 [00:00<00:00, 225.92it/s, Materializing param=gpt_neox.layers.7.input_layernorm.weight]
Loading weights:  33%|###2      | 95/292 [00:00<00:00, 225.92it/s, Materializing param=gpt_neox.layers.7.mlp.dense_4h_to_h.bias]
Loading weights:  33%|###2      | 95/292 [00:00<00:00, 225.92it/s, Materializing param=gpt_neox.layers.7.mlp.dense_4h_to_h.bias]
Loading weights:  33%|###2      | 96/292 [00:00<00:00, 225.92it/s, Materializing param=gpt_neox.layers.7.mlp.dense_4h_to_h.weight]
Loading weights:  33%|###2      | 96/292 [00:00<00:00, 225.92it/s, Materializing param=gpt_neox.layers.7.mlp.dense_4h_to_h.weight]
Loading weights:  33%|###3      | 97/292 [00:00<00:00, 225.92it/s, Materializing param=gpt_neox.layers.7.mlp.dense_h_to_4h.bias]  
Loading weights:  33%|###3      | 97/292 [00:00<00:00, 225.92it/s, Materializing param=gpt_neox.layers.7.mlp.dense_h_to_4h.bias]
Loading weights:  34%|###3      | 98/292 [00:00<00:00, 225.92it/s, Materializing param=gpt_neox.layers.7.mlp.dense_h_to_4h.weight]
Loading weights:  34%|###3      | 98/292 [00:00<00:00, 225.92it/s, Materializing param=gpt_neox.layers.7.mlp.dense_h_to_4h.weight]
Loading weights:  34%|###3      | 99/292 [00:00<00:00, 254.60it/s, Materializing param=gpt_neox.layers.7.mlp.dense_h_to_4h.weight]
Loading weights:  34%|###3      | 99/292 [00:00<00:00, 254.60it/s, Materializing param=gpt_neox.layers.7.post_attention_layernorm.bias]
Loading weights:  34%|###3      | 99/292 [00:00<00:00, 254.60it/s, Materializing param=gpt_neox.layers.7.post_attention_layernorm.bias]
Loading weights:  34%|###4      | 100/292 [00:00<00:00, 254.60it/s, Materializing param=gpt_neox.layers.7.post_attention_layernorm.weight]
Loading weights:  34%|###4      | 100/292 [00:00<00:00, 254.60it/s, Materializing param=gpt_neox.layers.7.post_attention_layernorm.weight]
Loading weights:  35%|###4      | 101/292 [00:00<00:00, 254.60it/s, Materializing param=gpt_neox.layers.8.attention.dense.bias]           
Loading weights:  35%|###4      | 101/292 [00:00<00:00, 254.60it/s, Materializing param=gpt_neox.layers.8.attention.dense.bias]
Loading weights:  35%|###4      | 102/292 [00:00<00:00, 254.60it/s, Materializing param=gpt_neox.layers.8.attention.dense.weight]
Loading weights:  35%|###4      | 102/292 [00:00<00:00, 254.60it/s, Materializing param=gpt_neox.layers.8.attention.dense.weight]
Loading weights:  35%|###5      | 103/292 [00:00<00:00, 254.60it/s, Materializing param=gpt_neox.layers.8.attention.query_key_value.bias]
Loading weights:  35%|###5      | 103/292 [00:00<00:00, 254.60it/s, Materializing param=gpt_neox.layers.8.attention.query_key_value.bias]
Loading weights:  36%|###5      | 104/292 [00:00<00:00, 254.60it/s, Materializing param=gpt_neox.layers.8.attention.query_key_value.weight]
Loading weights:  36%|###5      | 104/292 [00:00<00:00, 254.60it/s, Materializing param=gpt_neox.layers.8.attention.query_key_value.weight]
Loading weights:  36%|###5      | 105/292 [00:00<00:00, 254.60it/s, Materializing param=gpt_neox.layers.8.input_layernorm.bias]            
Loading weights:  36%|###5      | 105/292 [00:00<00:00, 254.60it/s, Materializing param=gpt_neox.layers.8.input_layernorm.bias]
Loading weights:  36%|###6      | 106/292 [00:00<00:00, 254.60it/s, Materializing param=gpt_neox.layers.8.input_layernorm.weight]
Loading weights:  36%|###6      | 106/292 [00:00<00:00, 254.60it/s, Materializing param=gpt_neox.layers.8.input_layernorm.weight]
Loading weights:  37%|###6      | 107/292 [00:00<00:00, 254.60it/s, Materializing param=gpt_neox.layers.8.mlp.dense_4h_to_h.bias]
Loading weights:  37%|###6      | 107/292 [00:00<00:00, 254.60it/s, Materializing param=gpt_neox.layers.8.mlp.dense_4h_to_h.bias]
Loading weights:  37%|###6      | 108/292 [00:00<00:00, 254.60it/s, Materializing param=gpt_neox.layers.8.mlp.dense_4h_to_h.weight]
Loading weights:  37%|###6      | 108/292 [00:00<00:00, 254.60it/s, Materializing param=gpt_neox.layers.8.mlp.dense_4h_to_h.weight]
Loading weights:  37%|###7      | 109/292 [00:00<00:00, 254.60it/s, Materializing param=gpt_neox.layers.8.mlp.dense_h_to_4h.bias]  
Loading weights:  37%|###7      | 109/292 [00:00<00:00, 254.60it/s, Materializing param=gpt_neox.layers.8.mlp.dense_h_to_4h.bias]
Loading weights:  38%|###7      | 110/292 [00:00<00:00, 254.60it/s, Materializing param=gpt_neox.layers.8.mlp.dense_h_to_4h.weight]
Loading weights:  38%|###7      | 110/292 [00:00<00:00, 254.60it/s, Materializing param=gpt_neox.layers.8.mlp.dense_h_to_4h.weight]
Loading weights:  38%|###8      | 111/292 [00:00<00:00, 254.60it/s, Materializing param=gpt_neox.layers.8.post_attention_layernorm.bias]
Loading weights:  38%|###8      | 111/292 [00:00<00:00, 254.60it/s, Materializing param=gpt_neox.layers.8.post_attention_layernorm.bias]
Loading weights:  38%|###8      | 112/292 [00:00<00:00, 254.60it/s, Materializing param=gpt_neox.layers.8.post_attention_layernorm.weight]
Loading weights:  38%|###8      | 112/292 [00:00<00:00, 254.60it/s, Materializing param=gpt_neox.layers.8.post_attention_layernorm.weight]
Loading weights:  39%|###8      | 113/292 [00:00<00:00, 254.60it/s, Materializing param=gpt_neox.layers.9.attention.dense.bias]           
Loading weights:  39%|###8      | 113/292 [00:00<00:00, 254.60it/s, Materializing param=gpt_neox.layers.9.attention.dense.bias]
Loading weights:  39%|###9      | 114/292 [00:00<00:00, 254.60it/s, Materializing param=gpt_neox.layers.9.attention.dense.weight]
Loading weights:  39%|###9      | 114/292 [00:00<00:00, 254.60it/s, Materializing param=gpt_neox.layers.9.attention.dense.weight]
Loading weights:  39%|###9      | 115/292 [00:00<00:00, 254.60it/s, Materializing param=gpt_neox.layers.9.attention.query_key_value.bias]
Loading weights:  39%|###9      | 115/292 [00:00<00:00, 254.60it/s, Materializing param=gpt_neox.layers.9.attention.query_key_value.bias]
Loading weights:  40%|###9      | 116/292 [00:00<00:00, 254.60it/s, Materializing param=gpt_neox.layers.9.attention.query_key_value.weight]
Loading weights:  40%|###9      | 116/292 [00:00<00:00, 254.60it/s, Materializing param=gpt_neox.layers.9.attention.query_key_value.weight]
Loading weights:  40%|####      | 117/292 [00:00<00:00, 254.60it/s, Materializing param=gpt_neox.layers.9.input_layernorm.bias]            
Loading weights:  40%|####      | 117/292 [00:00<00:00, 254.60it/s, Materializing param=gpt_neox.layers.9.input_layernorm.bias]
Loading weights:  40%|####      | 118/292 [00:00<00:00, 254.60it/s, Materializing param=gpt_neox.layers.9.input_layernorm.weight]
Loading weights:  40%|####      | 118/292 [00:00<00:00, 254.60it/s, Materializing param=gpt_neox.layers.9.input_layernorm.weight]
Loading weights:  41%|####      | 119/292 [00:00<00:00, 254.60it/s, Materializing param=gpt_neox.layers.9.mlp.dense_4h_to_h.bias]
Loading weights:  41%|####      | 119/292 [00:00<00:00, 254.60it/s, Materializing param=gpt_neox.layers.9.mlp.dense_4h_to_h.bias]
Loading weights:  41%|####1     | 120/292 [00:00<00:00, 254.60it/s, Materializing param=gpt_neox.layers.9.mlp.dense_4h_to_h.weight]
Loading weights:  41%|####1     | 120/292 [00:00<00:00, 254.60it/s, Materializing param=gpt_neox.layers.9.mlp.dense_4h_to_h.weight]
Loading weights:  41%|####1     | 121/292 [00:00<00:00, 254.60it/s, Materializing param=gpt_neox.layers.9.mlp.dense_h_to_4h.bias]  
Loading weights:  41%|####1     | 121/292 [00:00<00:00, 254.60it/s, Materializing param=gpt_neox.layers.9.mlp.dense_h_to_4h.bias]
Loading weights:  42%|####1     | 122/292 [00:00<00:00, 254.60it/s, Materializing param=gpt_neox.layers.9.mlp.dense_h_to_4h.weight]
Loading weights:  42%|####1     | 122/292 [00:00<00:00, 254.60it/s, Materializing param=gpt_neox.layers.9.mlp.dense_h_to_4h.weight]
Loading weights:  42%|####2     | 123/292 [00:00<00:00, 254.60it/s, Materializing param=gpt_neox.layers.9.post_attention_layernorm.bias]
Loading weights:  42%|####2     | 123/292 [00:00<00:00, 254.60it/s, Materializing param=gpt_neox.layers.9.post_attention_layernorm.bias]
Loading weights:  42%|####2     | 124/292 [00:00<00:00, 254.60it/s, Materializing param=gpt_neox.layers.9.post_attention_layernorm.weight]
Loading weights:  42%|####2     | 124/292 [00:00<00:00, 254.60it/s, Materializing param=gpt_neox.layers.9.post_attention_layernorm.weight]
Loading weights:  43%|####2     | 125/292 [00:00<00:00, 254.60it/s, Materializing param=gpt_neox.layers.10.attention.dense.bias]          
Loading weights:  43%|####2     | 125/292 [00:00<00:00, 254.60it/s, Materializing param=gpt_neox.layers.10.attention.dense.bias]
Loading weights:  43%|####3     | 126/292 [00:00<00:00, 254.60it/s, Materializing param=gpt_neox.layers.10.attention.dense.weight]
Loading weights:  43%|####3     | 126/292 [00:00<00:00, 254.60it/s, Materializing param=gpt_neox.layers.10.attention.dense.weight]
Loading weights:  43%|####3     | 127/292 [00:00<00:00, 254.60it/s, Materializing param=gpt_neox.layers.10.attention.query_key_value.bias]
Loading weights:  43%|####3     | 127/292 [00:00<00:00, 254.60it/s, Materializing param=gpt_neox.layers.10.attention.query_key_value.bias]
Loading weights:  44%|####3     | 128/292 [00:00<00:00, 254.60it/s, Materializing param=gpt_neox.layers.10.attention.query_key_value.weight]
Loading weights:  44%|####3     | 128/292 [00:00<00:00, 254.60it/s, Materializing param=gpt_neox.layers.10.attention.query_key_value.weight]
Loading weights:  44%|####4     | 129/292 [00:00<00:00, 265.09it/s, Materializing param=gpt_neox.layers.10.attention.query_key_value.weight]
Loading weights:  44%|####4     | 129/292 [00:00<00:00, 265.09it/s, Materializing param=gpt_neox.layers.10.input_layernorm.bias]            
Loading weights:  44%|####4     | 129/292 [00:00<00:00, 265.09it/s, Materializing param=gpt_neox.layers.10.input_layernorm.bias]
Loading weights:  45%|####4     | 130/292 [00:00<00:00, 265.09it/s, Materializing param=gpt_neox.layers.10.input_layernorm.weight]
Loading weights:  45%|####4     | 130/292 [00:00<00:00, 265.09it/s, Materializing param=gpt_neox.layers.10.input_layernorm.weight]
Loading weights:  45%|####4     | 131/292 [00:00<00:00, 265.09it/s, Materializing param=gpt_neox.layers.10.mlp.dense_4h_to_h.bias]
Loading weights:  45%|####4     | 131/292 [00:00<00:00, 265.09it/s, Materializing param=gpt_neox.layers.10.mlp.dense_4h_to_h.bias]
Loading weights:  45%|####5     | 132/292 [00:00<00:00, 265.09it/s, Materializing param=gpt_neox.layers.10.mlp.dense_4h_to_h.weight]
Loading weights:  45%|####5     | 132/292 [00:00<00:00, 265.09it/s, Materializing param=gpt_neox.layers.10.mlp.dense_4h_to_h.weight]
Loading weights:  46%|####5     | 133/292 [00:00<00:00, 265.09it/s, Materializing param=gpt_neox.layers.10.mlp.dense_h_to_4h.bias]  
Loading weights:  46%|####5     | 133/292 [00:00<00:00, 265.09it/s, Materializing param=gpt_neox.layers.10.mlp.dense_h_to_4h.bias]
Loading weights:  46%|####5     | 134/292 [00:00<00:00, 265.09it/s, Materializing param=gpt_neox.layers.10.mlp.dense_h_to_4h.weight]
Loading weights:  46%|####5     | 134/292 [00:00<00:00, 265.09it/s, Materializing param=gpt_neox.layers.10.mlp.dense_h_to_4h.weight]
Loading weights:  46%|####6     | 135/292 [00:00<00:00, 265.09it/s, Materializing param=gpt_neox.layers.10.post_attention_layernorm.bias]
Loading weights:  46%|####6     | 135/292 [00:00<00:00, 265.09it/s, Materializing param=gpt_neox.layers.10.post_attention_layernorm.bias]
Loading weights:  47%|####6     | 136/292 [00:00<00:00, 265.09it/s, Materializing param=gpt_neox.layers.10.post_attention_layernorm.weight]
Loading weights:  47%|####6     | 136/292 [00:00<00:00, 265.09it/s, Materializing param=gpt_neox.layers.10.post_attention_layernorm.weight]
Loading weights:  47%|####6     | 137/292 [00:00<00:00, 265.09it/s, Materializing param=gpt_neox.layers.11.attention.dense.bias]           
Loading weights:  47%|####6     | 137/292 [00:00<00:00, 265.09it/s, Materializing param=gpt_neox.layers.11.attention.dense.bias]
Loading weights:  47%|####7     | 138/292 [00:00<00:00, 265.09it/s, Materializing param=gpt_neox.layers.11.attention.dense.weight]
Loading weights:  47%|####7     | 138/292 [00:00<00:00, 265.09it/s, Materializing param=gpt_neox.layers.11.attention.dense.weight]
Loading weights:  48%|####7     | 139/292 [00:00<00:00, 265.09it/s, Materializing param=gpt_neox.layers.11.attention.query_key_value.bias]
Loading weights:  48%|####7     | 139/292 [00:00<00:00, 265.09it/s, Materializing param=gpt_neox.layers.11.attention.query_key_value.bias]
Loading weights:  48%|####7     | 140/292 [00:00<00:00, 265.09it/s, Materializing param=gpt_neox.layers.11.attention.query_key_value.weight]
Loading weights:  48%|####7     | 140/292 [00:00<00:00, 265.09it/s, Materializing param=gpt_neox.layers.11.attention.query_key_value.weight]
Loading weights:  48%|####8     | 141/292 [00:00<00:00, 265.09it/s, Materializing param=gpt_neox.layers.11.input_layernorm.bias]            
Loading weights:  48%|####8     | 141/292 [00:00<00:00, 265.09it/s, Materializing param=gpt_neox.layers.11.input_layernorm.bias]
Loading weights:  49%|####8     | 142/292 [00:00<00:00, 265.09it/s, Materializing param=gpt_neox.layers.11.input_layernorm.weight]
Loading weights:  49%|####8     | 142/292 [00:00<00:00, 265.09it/s, Materializing param=gpt_neox.layers.11.input_layernorm.weight]
Loading weights:  49%|####8     | 143/292 [00:00<00:00, 265.09it/s, Materializing param=gpt_neox.layers.11.mlp.dense_4h_to_h.bias]
Loading weights:  49%|####8     | 143/292 [00:00<00:00, 265.09it/s, Materializing param=gpt_neox.layers.11.mlp.dense_4h_to_h.bias]
Loading weights:  49%|####9     | 144/292 [00:00<00:00, 265.09it/s, Materializing param=gpt_neox.layers.11.mlp.dense_4h_to_h.weight]
Loading weights:  49%|####9     | 144/292 [00:00<00:00, 265.09it/s, Materializing param=gpt_neox.layers.11.mlp.dense_4h_to_h.weight]
Loading weights:  50%|####9     | 145/292 [00:00<00:00, 265.09it/s, Materializing param=gpt_neox.layers.11.mlp.dense_h_to_4h.bias]  
Loading weights:  50%|####9     | 145/292 [00:00<00:00, 265.09it/s, Materializing param=gpt_neox.layers.11.mlp.dense_h_to_4h.bias]
Loading weights:  50%|#####     | 146/292 [00:00<00:00, 265.09it/s, Materializing param=gpt_neox.layers.11.mlp.dense_h_to_4h.weight]
Loading weights:  50%|#####     | 146/292 [00:00<00:00, 265.09it/s, Materializing param=gpt_neox.layers.11.mlp.dense_h_to_4h.weight]
Loading weights:  50%|#####     | 147/292 [00:00<00:00, 265.09it/s, Materializing param=gpt_neox.layers.11.post_attention_layernorm.bias]
Loading weights:  50%|#####     | 147/292 [00:00<00:00, 265.09it/s, Materializing param=gpt_neox.layers.11.post_attention_layernorm.bias]
Loading weights:  51%|#####     | 148/292 [00:00<00:00, 265.09it/s, Materializing param=gpt_neox.layers.11.post_attention_layernorm.weight]
Loading weights:  51%|#####     | 148/292 [00:00<00:00, 265.09it/s, Materializing param=gpt_neox.layers.11.post_attention_layernorm.weight]
Loading weights:  51%|#####1    | 149/292 [00:00<00:00, 265.09it/s, Materializing param=gpt_neox.layers.12.attention.dense.bias]           
Loading weights:  51%|#####1    | 149/292 [00:00<00:00, 265.09it/s, Materializing param=gpt_neox.layers.12.attention.dense.bias]
Loading weights:  51%|#####1    | 150/292 [00:00<00:00, 265.09it/s, Materializing param=gpt_neox.layers.12.attention.dense.weight]
Loading weights:  51%|#####1    | 150/292 [00:00<00:00, 265.09it/s, Materializing param=gpt_neox.layers.12.attention.dense.weight]
Loading weights:  52%|#####1    | 151/292 [00:00<00:00, 265.09it/s, Materializing param=gpt_neox.layers.12.attention.query_key_value.bias]
Loading weights:  52%|#####1    | 151/292 [00:00<00:00, 265.09it/s, Materializing param=gpt_neox.layers.12.attention.query_key_value.bias]
Loading weights:  52%|#####2    | 152/292 [00:00<00:00, 265.09it/s, Materializing param=gpt_neox.layers.12.attention.query_key_value.weight]
Loading weights:  52%|#####2    | 152/292 [00:00<00:00, 265.09it/s, Materializing param=gpt_neox.layers.12.attention.query_key_value.weight]
Loading weights:  52%|#####2    | 153/292 [00:00<00:00, 265.09it/s, Materializing param=gpt_neox.layers.12.input_layernorm.bias]            
Loading weights:  52%|#####2    | 153/292 [00:00<00:00, 265.09it/s, Materializing param=gpt_neox.layers.12.input_layernorm.bias]
Loading weights:  53%|#####2    | 154/292 [00:00<00:00, 265.09it/s, Materializing param=gpt_neox.layers.12.input_layernorm.weight]
Loading weights:  53%|#####2    | 154/292 [00:00<00:00, 265.09it/s, Materializing param=gpt_neox.layers.12.input_layernorm.weight]
Loading weights:  53%|#####3    | 155/292 [00:00<00:00, 265.09it/s, Materializing param=gpt_neox.layers.12.mlp.dense_4h_to_h.bias]
Loading weights:  53%|#####3    | 155/292 [00:00<00:00, 265.09it/s, Materializing param=gpt_neox.layers.12.mlp.dense_4h_to_h.bias]
Loading weights:  53%|#####3    | 156/292 [00:00<00:00, 265.09it/s, Materializing param=gpt_neox.layers.12.mlp.dense_4h_to_h.weight]
Loading weights:  53%|#####3    | 156/292 [00:00<00:00, 265.09it/s, Materializing param=gpt_neox.layers.12.mlp.dense_4h_to_h.weight]
Loading weights:  54%|#####3    | 157/292 [00:00<00:00, 264.70it/s, Materializing param=gpt_neox.layers.12.mlp.dense_4h_to_h.weight]
Loading weights:  54%|#####3    | 157/292 [00:00<00:00, 264.70it/s, Materializing param=gpt_neox.layers.12.mlp.dense_h_to_4h.bias]  
Loading weights:  54%|#####3    | 157/292 [00:00<00:00, 264.70it/s, Materializing param=gpt_neox.layers.12.mlp.dense_h_to_4h.bias]
Loading weights:  54%|#####4    | 158/292 [00:00<00:00, 264.70it/s, Materializing param=gpt_neox.layers.12.mlp.dense_h_to_4h.weight]
Loading weights:  54%|#####4    | 158/292 [00:00<00:00, 264.70it/s, Materializing param=gpt_neox.layers.12.mlp.dense_h_to_4h.weight]
Loading weights:  54%|#####4    | 159/292 [00:00<00:00, 264.70it/s, Materializing param=gpt_neox.layers.12.post_attention_layernorm.bias]
Loading weights:  54%|#####4    | 159/292 [00:00<00:00, 264.70it/s, Materializing param=gpt_neox.layers.12.post_attention_layernorm.bias]
Loading weights:  55%|#####4    | 160/292 [00:00<00:00, 264.70it/s, Materializing param=gpt_neox.layers.12.post_attention_layernorm.weight]
Loading weights:  55%|#####4    | 160/292 [00:00<00:00, 264.70it/s, Materializing param=gpt_neox.layers.12.post_attention_layernorm.weight]
Loading weights:  55%|#####5    | 161/292 [00:00<00:00, 264.70it/s, Materializing param=gpt_neox.layers.13.attention.dense.bias]           
Loading weights:  55%|#####5    | 161/292 [00:00<00:00, 264.70it/s, Materializing param=gpt_neox.layers.13.attention.dense.bias]
Loading weights:  55%|#####5    | 162/292 [00:00<00:00, 264.70it/s, Materializing param=gpt_neox.layers.13.attention.dense.weight]
Loading weights:  55%|#####5    | 162/292 [00:00<00:00, 264.70it/s, Materializing param=gpt_neox.layers.13.attention.dense.weight]
Loading weights:  56%|#####5    | 163/292 [00:00<00:00, 264.70it/s, Materializing param=gpt_neox.layers.13.attention.query_key_value.bias]
Loading weights:  56%|#####5    | 163/292 [00:00<00:00, 264.70it/s, Materializing param=gpt_neox.layers.13.attention.query_key_value.bias]
Loading weights:  56%|#####6    | 164/292 [00:00<00:00, 264.70it/s, Materializing param=gpt_neox.layers.13.attention.query_key_value.weight]
Loading weights:  56%|#####6    | 164/292 [00:00<00:00, 264.70it/s, Materializing param=gpt_neox.layers.13.attention.query_key_value.weight]
Loading weights:  57%|#####6    | 165/292 [00:00<00:00, 264.70it/s, Materializing param=gpt_neox.layers.13.input_layernorm.bias]            
Loading weights:  57%|#####6    | 165/292 [00:00<00:00, 264.70it/s, Materializing param=gpt_neox.layers.13.input_layernorm.bias]
Loading weights:  57%|#####6    | 166/292 [00:00<00:00, 264.70it/s, Materializing param=gpt_neox.layers.13.input_layernorm.weight]
Loading weights:  57%|#####6    | 166/292 [00:00<00:00, 264.70it/s, Materializing param=gpt_neox.layers.13.input_layernorm.weight]
Loading weights:  57%|#####7    | 167/292 [00:00<00:00, 264.70it/s, Materializing param=gpt_neox.layers.13.mlp.dense_4h_to_h.bias]
Loading weights:  57%|#####7    | 167/292 [00:00<00:00, 264.70it/s, Materializing param=gpt_neox.layers.13.mlp.dense_4h_to_h.bias]
Loading weights:  58%|#####7    | 168/292 [00:00<00:00, 264.70it/s, Materializing param=gpt_neox.layers.13.mlp.dense_4h_to_h.weight]
Loading weights:  58%|#####7    | 168/292 [00:00<00:00, 264.70it/s, Materializing param=gpt_neox.layers.13.mlp.dense_4h_to_h.weight]
Loading weights:  58%|#####7    | 169/292 [00:00<00:00, 264.70it/s, Materializing param=gpt_neox.layers.13.mlp.dense_h_to_4h.bias]  
Loading weights:  58%|#####7    | 169/292 [00:00<00:00, 264.70it/s, Materializing param=gpt_neox.layers.13.mlp.dense_h_to_4h.bias]
Loading weights:  58%|#####8    | 170/292 [00:00<00:00, 264.70it/s, Materializing param=gpt_neox.layers.13.mlp.dense_h_to_4h.weight]
Loading weights:  58%|#####8    | 170/292 [00:00<00:00, 264.70it/s, Materializing param=gpt_neox.layers.13.mlp.dense_h_to_4h.weight]
Loading weights:  59%|#####8    | 171/292 [00:00<00:00, 264.70it/s, Materializing param=gpt_neox.layers.13.post_attention_layernorm.bias]
Loading weights:  59%|#####8    | 171/292 [00:00<00:00, 264.70it/s, Materializing param=gpt_neox.layers.13.post_attention_layernorm.bias]
Loading weights:  59%|#####8    | 172/292 [00:00<00:00, 264.70it/s, Materializing param=gpt_neox.layers.13.post_attention_layernorm.weight]
Loading weights:  59%|#####8    | 172/292 [00:00<00:00, 264.70it/s, Materializing param=gpt_neox.layers.13.post_attention_layernorm.weight]
Loading weights:  59%|#####9    | 173/292 [00:00<00:00, 264.70it/s, Materializing param=gpt_neox.layers.14.attention.dense.bias]           
Loading weights:  59%|#####9    | 173/292 [00:00<00:00, 264.70it/s, Materializing param=gpt_neox.layers.14.attention.dense.bias]
Loading weights:  60%|#####9    | 174/292 [00:00<00:00, 264.70it/s, Materializing param=gpt_neox.layers.14.attention.dense.weight]
Loading weights:  60%|#####9    | 174/292 [00:00<00:00, 264.70it/s, Materializing param=gpt_neox.layers.14.attention.dense.weight]
Loading weights:  60%|#####9    | 175/292 [00:00<00:00, 264.70it/s, Materializing param=gpt_neox.layers.14.attention.query_key_value.bias]
Loading weights:  60%|#####9    | 175/292 [00:00<00:00, 264.70it/s, Materializing param=gpt_neox.layers.14.attention.query_key_value.bias]
Loading weights:  60%|######    | 176/292 [00:00<00:00, 264.70it/s, Materializing param=gpt_neox.layers.14.attention.query_key_value.weight]
Loading weights:  60%|######    | 176/292 [00:00<00:00, 264.70it/s, Materializing param=gpt_neox.layers.14.attention.query_key_value.weight]
Loading weights:  61%|######    | 177/292 [00:00<00:00, 264.70it/s, Materializing param=gpt_neox.layers.14.input_layernorm.bias]            
Loading weights:  61%|######    | 177/292 [00:00<00:00, 264.70it/s, Materializing param=gpt_neox.layers.14.input_layernorm.bias]
Loading weights:  61%|######    | 178/292 [00:00<00:00, 264.70it/s, Materializing param=gpt_neox.layers.14.input_layernorm.weight]
Loading weights:  61%|######    | 178/292 [00:00<00:00, 264.70it/s, Materializing param=gpt_neox.layers.14.input_layernorm.weight]
Loading weights:  61%|######1   | 179/292 [00:00<00:00, 264.70it/s, Materializing param=gpt_neox.layers.14.mlp.dense_4h_to_h.bias]
Loading weights:  61%|######1   | 179/292 [00:00<00:00, 264.70it/s, Materializing param=gpt_neox.layers.14.mlp.dense_4h_to_h.bias]
Loading weights:  62%|######1   | 180/292 [00:00<00:00, 264.70it/s, Materializing param=gpt_neox.layers.14.mlp.dense_4h_to_h.weight]
Loading weights:  62%|######1   | 180/292 [00:00<00:00, 264.70it/s, Materializing param=gpt_neox.layers.14.mlp.dense_4h_to_h.weight]
Loading weights:  62%|######1   | 181/292 [00:00<00:00, 264.70it/s, Materializing param=gpt_neox.layers.14.mlp.dense_h_to_4h.bias]  
Loading weights:  62%|######1   | 181/292 [00:00<00:00, 264.70it/s, Materializing param=gpt_neox.layers.14.mlp.dense_h_to_4h.bias]
Loading weights:  62%|######2   | 182/292 [00:00<00:00, 264.70it/s, Materializing param=gpt_neox.layers.14.mlp.dense_h_to_4h.weight]
Loading weights:  62%|######2   | 182/292 [00:00<00:00, 264.70it/s, Materializing param=gpt_neox.layers.14.mlp.dense_h_to_4h.weight]
Loading weights:  63%|######2   | 183/292 [00:00<00:00, 264.70it/s, Materializing param=gpt_neox.layers.14.post_attention_layernorm.bias]
Loading weights:  63%|######2   | 183/292 [00:00<00:00, 264.70it/s, Materializing param=gpt_neox.layers.14.post_attention_layernorm.bias]
Loading weights:  63%|######3   | 184/292 [00:00<00:00, 264.70it/s, Materializing param=gpt_neox.layers.14.post_attention_layernorm.weight]
Loading weights:  63%|######3   | 184/292 [00:00<00:00, 264.70it/s, Materializing param=gpt_neox.layers.14.post_attention_layernorm.weight]
Loading weights:  63%|######3   | 185/292 [00:00<00:00, 264.70it/s, Materializing param=gpt_neox.layers.15.attention.dense.bias]           
Loading weights:  63%|######3   | 185/292 [00:00<00:00, 264.70it/s, Materializing param=gpt_neox.layers.15.attention.dense.bias]
Loading weights:  64%|######3   | 186/292 [00:00<00:00, 264.70it/s, Materializing param=gpt_neox.layers.15.attention.dense.weight]
Loading weights:  64%|######3   | 186/292 [00:00<00:00, 264.70it/s, Materializing param=gpt_neox.layers.15.attention.dense.weight]
Loading weights:  64%|######4   | 187/292 [00:00<00:00, 264.70it/s, Materializing param=gpt_neox.layers.15.attention.query_key_value.bias]
Loading weights:  64%|######4   | 187/292 [00:00<00:00, 264.70it/s, Materializing param=gpt_neox.layers.15.attention.query_key_value.bias]
Loading weights:  64%|######4   | 188/292 [00:00<00:00, 264.70it/s, Materializing param=gpt_neox.layers.15.attention.query_key_value.weight]
Loading weights:  64%|######4   | 188/292 [00:00<00:00, 264.70it/s, Materializing param=gpt_neox.layers.15.attention.query_key_value.weight]
Loading weights:  65%|######4   | 189/292 [00:00<00:00, 272.41it/s, Materializing param=gpt_neox.layers.15.attention.query_key_value.weight]
Loading weights:  65%|######4   | 189/292 [00:00<00:00, 272.41it/s, Materializing param=gpt_neox.layers.15.input_layernorm.bias]            
Loading weights:  65%|######4   | 189/292 [00:00<00:00, 272.41it/s, Materializing param=gpt_neox.layers.15.input_layernorm.bias]
Loading weights:  65%|######5   | 190/292 [00:00<00:00, 272.41it/s, Materializing param=gpt_neox.layers.15.input_layernorm.weight]
Loading weights:  65%|######5   | 190/292 [00:00<00:00, 272.41it/s, Materializing param=gpt_neox.layers.15.input_layernorm.weight]
Loading weights:  65%|######5   | 191/292 [00:00<00:00, 272.41it/s, Materializing param=gpt_neox.layers.15.mlp.dense_4h_to_h.bias]
Loading weights:  65%|######5   | 191/292 [00:00<00:00, 272.41it/s, Materializing param=gpt_neox.layers.15.mlp.dense_4h_to_h.bias]
Loading weights:  66%|######5   | 192/292 [00:00<00:00, 272.41it/s, Materializing param=gpt_neox.layers.15.mlp.dense_4h_to_h.weight]
Loading weights:  66%|######5   | 192/292 [00:00<00:00, 272.41it/s, Materializing param=gpt_neox.layers.15.mlp.dense_4h_to_h.weight]
Loading weights:  66%|######6   | 193/292 [00:00<00:00, 272.41it/s, Materializing param=gpt_neox.layers.15.mlp.dense_h_to_4h.bias]  
Loading weights:  66%|######6   | 193/292 [00:00<00:00, 272.41it/s, Materializing param=gpt_neox.layers.15.mlp.dense_h_to_4h.bias]
Loading weights:  66%|######6   | 194/292 [00:00<00:00, 272.41it/s, Materializing param=gpt_neox.layers.15.mlp.dense_h_to_4h.weight]
Loading weights:  66%|######6   | 194/292 [00:00<00:00, 272.41it/s, Materializing param=gpt_neox.layers.15.mlp.dense_h_to_4h.weight]
Loading weights:  67%|######6   | 195/292 [00:00<00:00, 272.41it/s, Materializing param=gpt_neox.layers.15.post_attention_layernorm.bias]
Loading weights:  67%|######6   | 195/292 [00:00<00:00, 272.41it/s, Materializing param=gpt_neox.layers.15.post_attention_layernorm.bias]
Loading weights:  67%|######7   | 196/292 [00:00<00:00, 272.41it/s, Materializing param=gpt_neox.layers.15.post_attention_layernorm.weight]
Loading weights:  67%|######7   | 196/292 [00:00<00:00, 272.41it/s, Materializing param=gpt_neox.layers.15.post_attention_layernorm.weight]
Loading weights:  67%|######7   | 197/292 [00:00<00:00, 272.41it/s, Materializing param=gpt_neox.layers.16.attention.dense.bias]           
Loading weights:  67%|######7   | 197/292 [00:00<00:00, 272.41it/s, Materializing param=gpt_neox.layers.16.attention.dense.bias]
Loading weights:  68%|######7   | 198/292 [00:00<00:00, 272.41it/s, Materializing param=gpt_neox.layers.16.attention.dense.weight]
Loading weights:  68%|######7   | 198/292 [00:00<00:00, 272.41it/s, Materializing param=gpt_neox.layers.16.attention.dense.weight]
Loading weights:  68%|######8   | 199/292 [00:00<00:00, 272.41it/s, Materializing param=gpt_neox.layers.16.attention.query_key_value.bias]
Loading weights:  68%|######8   | 199/292 [00:00<00:00, 272.41it/s, Materializing param=gpt_neox.layers.16.attention.query_key_value.bias]
Loading weights:  68%|######8   | 200/292 [00:00<00:00, 272.41it/s, Materializing param=gpt_neox.layers.16.attention.query_key_value.weight]
Loading weights:  68%|######8   | 200/292 [00:00<00:00, 272.41it/s, Materializing param=gpt_neox.layers.16.attention.query_key_value.weight]
Loading weights:  69%|######8   | 201/292 [00:00<00:00, 272.41it/s, Materializing param=gpt_neox.layers.16.input_layernorm.bias]            
Loading weights:  69%|######8   | 201/292 [00:00<00:00, 272.41it/s, Materializing param=gpt_neox.layers.16.input_layernorm.bias]
Loading weights:  69%|######9   | 202/292 [00:00<00:00, 272.41it/s, Materializing param=gpt_neox.layers.16.input_layernorm.weight]
Loading weights:  69%|######9   | 202/292 [00:00<00:00, 272.41it/s, Materializing param=gpt_neox.layers.16.input_layernorm.weight]
Loading weights:  70%|######9   | 203/292 [00:00<00:00, 272.41it/s, Materializing param=gpt_neox.layers.16.mlp.dense_4h_to_h.bias]
Loading weights:  70%|######9   | 203/292 [00:00<00:00, 272.41it/s, Materializing param=gpt_neox.layers.16.mlp.dense_4h_to_h.bias]
Loading weights:  70%|######9   | 204/292 [00:00<00:00, 272.41it/s, Materializing param=gpt_neox.layers.16.mlp.dense_4h_to_h.weight]
Loading weights:  70%|######9   | 204/292 [00:00<00:00, 272.41it/s, Materializing param=gpt_neox.layers.16.mlp.dense_4h_to_h.weight]
Loading weights:  70%|#######   | 205/292 [00:00<00:00, 272.41it/s, Materializing param=gpt_neox.layers.16.mlp.dense_h_to_4h.bias]  
Loading weights:  70%|#######   | 205/292 [00:00<00:00, 272.41it/s, Materializing param=gpt_neox.layers.16.mlp.dense_h_to_4h.bias]
Loading weights:  71%|#######   | 206/292 [00:00<00:00, 272.41it/s, Materializing param=gpt_neox.layers.16.mlp.dense_h_to_4h.weight]
Loading weights:  71%|#######   | 206/292 [00:00<00:00, 272.41it/s, Materializing param=gpt_neox.layers.16.mlp.dense_h_to_4h.weight]
Loading weights:  71%|#######   | 207/292 [00:00<00:00, 272.41it/s, Materializing param=gpt_neox.layers.16.post_attention_layernorm.bias]
Loading weights:  71%|#######   | 207/292 [00:00<00:00, 272.41it/s, Materializing param=gpt_neox.layers.16.post_attention_layernorm.bias]
Loading weights:  71%|#######1  | 208/292 [00:00<00:00, 272.41it/s, Materializing param=gpt_neox.layers.16.post_attention_layernorm.weight]
Loading weights:  71%|#######1  | 208/292 [00:00<00:00, 272.41it/s, Materializing param=gpt_neox.layers.16.post_attention_layernorm.weight]
Loading weights:  72%|#######1  | 209/292 [00:00<00:00, 272.41it/s, Materializing param=gpt_neox.layers.17.attention.dense.bias]           
Loading weights:  72%|#######1  | 209/292 [00:00<00:00, 272.41it/s, Materializing param=gpt_neox.layers.17.attention.dense.bias]
Loading weights:  72%|#######1  | 210/292 [00:00<00:00, 272.41it/s, Materializing param=gpt_neox.layers.17.attention.dense.weight]
Loading weights:  72%|#######1  | 210/292 [00:00<00:00, 272.41it/s, Materializing param=gpt_neox.layers.17.attention.dense.weight]
Loading weights:  72%|#######2  | 211/292 [00:00<00:00, 272.41it/s, Materializing param=gpt_neox.layers.17.attention.query_key_value.bias]
Loading weights:  72%|#######2  | 211/292 [00:00<00:00, 272.41it/s, Materializing param=gpt_neox.layers.17.attention.query_key_value.bias]
Loading weights:  73%|#######2  | 212/292 [00:00<00:00, 272.41it/s, Materializing param=gpt_neox.layers.17.attention.query_key_value.weight]
Loading weights:  73%|#######2  | 212/292 [00:00<00:00, 272.41it/s, Materializing param=gpt_neox.layers.17.attention.query_key_value.weight]
Loading weights:  73%|#######2  | 213/292 [00:00<00:00, 272.41it/s, Materializing param=gpt_neox.layers.17.input_layernorm.bias]            
Loading weights:  73%|#######2  | 213/292 [00:00<00:00, 272.41it/s, Materializing param=gpt_neox.layers.17.input_layernorm.bias]
Loading weights:  73%|#######3  | 214/292 [00:00<00:00, 272.41it/s, Materializing param=gpt_neox.layers.17.input_layernorm.weight]
Loading weights:  73%|#######3  | 214/292 [00:00<00:00, 272.41it/s, Materializing param=gpt_neox.layers.17.input_layernorm.weight]
Loading weights:  74%|#######3  | 215/292 [00:00<00:00, 272.41it/s, Materializing param=gpt_neox.layers.17.mlp.dense_4h_to_h.bias]
Loading weights:  74%|#######3  | 215/292 [00:00<00:00, 272.41it/s, Materializing param=gpt_neox.layers.17.mlp.dense_4h_to_h.bias]
Loading weights:  74%|#######3  | 216/292 [00:00<00:00, 272.41it/s, Materializing param=gpt_neox.layers.17.mlp.dense_4h_to_h.weight]
Loading weights:  74%|#######3  | 216/292 [00:00<00:00, 272.41it/s, Materializing param=gpt_neox.layers.17.mlp.dense_4h_to_h.weight]
Loading weights:  74%|#######4  | 217/292 [00:00<00:00, 272.41it/s, Materializing param=gpt_neox.layers.17.mlp.dense_h_to_4h.bias]  
Loading weights:  74%|#######4  | 217/292 [00:00<00:00, 272.41it/s, Materializing param=gpt_neox.layers.17.mlp.dense_h_to_4h.bias]
Loading weights:  75%|#######4  | 218/292 [00:00<00:00, 272.41it/s, Materializing param=gpt_neox.layers.17.mlp.dense_h_to_4h.weight]
Loading weights:  75%|#######4  | 218/292 [00:00<00:00, 272.41it/s, Materializing param=gpt_neox.layers.17.mlp.dense_h_to_4h.weight]
Loading weights:  75%|#######5  | 219/292 [00:00<00:00, 278.64it/s, Materializing param=gpt_neox.layers.17.mlp.dense_h_to_4h.weight]
Loading weights:  75%|#######5  | 219/292 [00:00<00:00, 278.64it/s, Materializing param=gpt_neox.layers.17.post_attention_layernorm.bias]
Loading weights:  75%|#######5  | 219/292 [00:00<00:00, 278.64it/s, Materializing param=gpt_neox.layers.17.post_attention_layernorm.bias]
Loading weights:  75%|#######5  | 220/292 [00:00<00:00, 278.64it/s, Materializing param=gpt_neox.layers.17.post_attention_layernorm.weight]
Loading weights:  75%|#######5  | 220/292 [00:00<00:00, 278.64it/s, Materializing param=gpt_neox.layers.17.post_attention_layernorm.weight]
Loading weights:  76%|#######5  | 221/292 [00:00<00:00, 278.64it/s, Materializing param=gpt_neox.layers.18.attention.dense.bias]           
Loading weights:  76%|#######5  | 221/292 [00:00<00:00, 278.64it/s, Materializing param=gpt_neox.layers.18.attention.dense.bias]
Loading weights:  76%|#######6  | 222/292 [00:00<00:00, 278.64it/s, Materializing param=gpt_neox.layers.18.attention.dense.weight]
Loading weights:  76%|#######6  | 222/292 [00:00<00:00, 278.64it/s, Materializing param=gpt_neox.layers.18.attention.dense.weight]
Loading weights:  76%|#######6  | 223/292 [00:00<00:00, 278.64it/s, Materializing param=gpt_neox.layers.18.attention.query_key_value.bias]
Loading weights:  76%|#######6  | 223/292 [00:00<00:00, 278.64it/s, Materializing param=gpt_neox.layers.18.attention.query_key_value.bias]
Loading weights:  77%|#######6  | 224/292 [00:00<00:00, 278.64it/s, Materializing param=gpt_neox.layers.18.attention.query_key_value.weight]
Loading weights:  77%|#######6  | 224/292 [00:00<00:00, 278.64it/s, Materializing param=gpt_neox.layers.18.attention.query_key_value.weight]
Loading weights:  77%|#######7  | 225/292 [00:00<00:00, 278.64it/s, Materializing param=gpt_neox.layers.18.input_layernorm.bias]            
Loading weights:  77%|#######7  | 225/292 [00:00<00:00, 278.64it/s, Materializing param=gpt_neox.layers.18.input_layernorm.bias]
Loading weights:  77%|#######7  | 226/292 [00:00<00:00, 278.64it/s, Materializing param=gpt_neox.layers.18.input_layernorm.weight]
Loading weights:  77%|#######7  | 226/292 [00:00<00:00, 278.64it/s, Materializing param=gpt_neox.layers.18.input_layernorm.weight]
Loading weights:  78%|#######7  | 227/292 [00:00<00:00, 278.64it/s, Materializing param=gpt_neox.layers.18.mlp.dense_4h_to_h.bias]
Loading weights:  78%|#######7  | 227/292 [00:00<00:00, 278.64it/s, Materializing param=gpt_neox.layers.18.mlp.dense_4h_to_h.bias]
Loading weights:  78%|#######8  | 228/292 [00:00<00:00, 278.64it/s, Materializing param=gpt_neox.layers.18.mlp.dense_4h_to_h.weight]
Loading weights:  78%|#######8  | 228/292 [00:00<00:00, 278.64it/s, Materializing param=gpt_neox.layers.18.mlp.dense_4h_to_h.weight]
Loading weights:  78%|#######8  | 229/292 [00:00<00:00, 278.64it/s, Materializing param=gpt_neox.layers.18.mlp.dense_h_to_4h.bias]  
Loading weights:  78%|#######8  | 229/292 [00:00<00:00, 278.64it/s, Materializing param=gpt_neox.layers.18.mlp.dense_h_to_4h.bias]
Loading weights:  79%|#######8  | 230/292 [00:00<00:00, 278.64it/s, Materializing param=gpt_neox.layers.18.mlp.dense_h_to_4h.weight]
Loading weights:  79%|#######8  | 230/292 [00:00<00:00, 278.64it/s, Materializing param=gpt_neox.layers.18.mlp.dense_h_to_4h.weight]
Loading weights:  79%|#######9  | 231/292 [00:00<00:00, 278.64it/s, Materializing param=gpt_neox.layers.18.post_attention_layernorm.bias]
Loading weights:  79%|#######9  | 231/292 [00:00<00:00, 278.64it/s, Materializing param=gpt_neox.layers.18.post_attention_layernorm.bias]
Loading weights:  79%|#######9  | 232/292 [00:00<00:00, 278.64it/s, Materializing param=gpt_neox.layers.18.post_attention_layernorm.weight]
Loading weights:  79%|#######9  | 232/292 [00:00<00:00, 278.64it/s, Materializing param=gpt_neox.layers.18.post_attention_layernorm.weight]
Loading weights:  80%|#######9  | 233/292 [00:00<00:00, 278.64it/s, Materializing param=gpt_neox.layers.19.attention.dense.bias]           
Loading weights:  80%|#######9  | 233/292 [00:00<00:00, 278.64it/s, Materializing param=gpt_neox.layers.19.attention.dense.bias]
Loading weights:  80%|########  | 234/292 [00:00<00:00, 278.64it/s, Materializing param=gpt_neox.layers.19.attention.dense.weight]
Loading weights:  80%|########  | 234/292 [00:00<00:00, 278.64it/s, Materializing param=gpt_neox.layers.19.attention.dense.weight]
Loading weights:  80%|########  | 235/292 [00:00<00:00, 278.64it/s, Materializing param=gpt_neox.layers.19.attention.query_key_value.bias]
Loading weights:  80%|########  | 235/292 [00:00<00:00, 278.64it/s, Materializing param=gpt_neox.layers.19.attention.query_key_value.bias]
Loading weights:  81%|########  | 236/292 [00:00<00:00, 278.64it/s, Materializing param=gpt_neox.layers.19.attention.query_key_value.weight]
Loading weights:  81%|########  | 236/292 [00:00<00:00, 278.64it/s, Materializing param=gpt_neox.layers.19.attention.query_key_value.weight]
Loading weights:  81%|########1 | 237/292 [00:01<00:00, 278.64it/s, Materializing param=gpt_neox.layers.19.input_layernorm.bias]            
Loading weights:  81%|########1 | 237/292 [00:01<00:00, 278.64it/s, Materializing param=gpt_neox.layers.19.input_layernorm.bias]
Loading weights:  82%|########1 | 238/292 [00:01<00:00, 278.64it/s, Materializing param=gpt_neox.layers.19.input_layernorm.weight]
Loading weights:  82%|########1 | 238/292 [00:01<00:00, 278.64it/s, Materializing param=gpt_neox.layers.19.input_layernorm.weight]
Loading weights:  82%|########1 | 239/292 [00:01<00:00, 278.64it/s, Materializing param=gpt_neox.layers.19.mlp.dense_4h_to_h.bias]
Loading weights:  82%|########1 | 239/292 [00:01<00:00, 278.64it/s, Materializing param=gpt_neox.layers.19.mlp.dense_4h_to_h.bias]
Loading weights:  82%|########2 | 240/292 [00:01<00:00, 278.64it/s, Materializing param=gpt_neox.layers.19.mlp.dense_4h_to_h.weight]
Loading weights:  82%|########2 | 240/292 [00:01<00:00, 278.64it/s, Materializing param=gpt_neox.layers.19.mlp.dense_4h_to_h.weight]
Loading weights:  83%|########2 | 241/292 [00:01<00:00, 278.64it/s, Materializing param=gpt_neox.layers.19.mlp.dense_h_to_4h.bias]  
Loading weights:  83%|########2 | 241/292 [00:01<00:00, 278.64it/s, Materializing param=gpt_neox.layers.19.mlp.dense_h_to_4h.bias]
Loading weights:  83%|########2 | 242/292 [00:01<00:00, 278.64it/s, Materializing param=gpt_neox.layers.19.mlp.dense_h_to_4h.weight]
Loading weights:  83%|########2 | 242/292 [00:01<00:00, 278.64it/s, Materializing param=gpt_neox.layers.19.mlp.dense_h_to_4h.weight]
Loading weights:  83%|########3 | 243/292 [00:01<00:00, 278.64it/s, Materializing param=gpt_neox.layers.19.post_attention_layernorm.bias]
Loading weights:  83%|########3 | 243/292 [00:01<00:00, 278.64it/s, Materializing param=gpt_neox.layers.19.post_attention_layernorm.bias]
Loading weights:  84%|########3 | 244/292 [00:01<00:00, 278.64it/s, Materializing param=gpt_neox.layers.19.post_attention_layernorm.weight]
Loading weights:  84%|########3 | 244/292 [00:01<00:00, 278.64it/s, Materializing param=gpt_neox.layers.19.post_attention_layernorm.weight]
Loading weights:  84%|########3 | 245/292 [00:01<00:00, 278.64it/s, Materializing param=gpt_neox.layers.20.attention.dense.bias]           
Loading weights:  84%|########3 | 245/292 [00:01<00:00, 278.64it/s, Materializing param=gpt_neox.layers.20.attention.dense.bias]
Loading weights:  84%|########4 | 246/292 [00:01<00:00, 278.64it/s, Materializing param=gpt_neox.layers.20.attention.dense.weight]
Loading weights:  84%|########4 | 246/292 [00:01<00:00, 278.64it/s, Materializing param=gpt_neox.layers.20.attention.dense.weight]
Loading weights:  85%|########4 | 247/292 [00:01<00:00, 214.71it/s, Materializing param=gpt_neox.layers.20.attention.dense.weight]
Loading weights:  85%|########4 | 247/292 [00:01<00:00, 214.71it/s, Materializing param=gpt_neox.layers.20.attention.query_key_value.bias]
Loading weights:  85%|########4 | 247/292 [00:01<00:00, 214.71it/s, Materializing param=gpt_neox.layers.20.attention.query_key_value.bias]
Loading weights:  85%|########4 | 248/292 [00:01<00:00, 214.71it/s, Materializing param=gpt_neox.layers.20.attention.query_key_value.weight]
Loading weights:  85%|########4 | 248/292 [00:01<00:00, 214.71it/s, Materializing param=gpt_neox.layers.20.attention.query_key_value.weight]
Loading weights:  85%|########5 | 249/292 [00:01<00:00, 214.71it/s, Materializing param=gpt_neox.layers.20.input_layernorm.bias]            
Loading weights:  85%|########5 | 249/292 [00:01<00:00, 214.71it/s, Materializing param=gpt_neox.layers.20.input_layernorm.bias]
Loading weights:  86%|########5 | 250/292 [00:01<00:00, 214.71it/s, Materializing param=gpt_neox.layers.20.input_layernorm.weight]
Loading weights:  86%|########5 | 250/292 [00:01<00:00, 214.71it/s, Materializing param=gpt_neox.layers.20.input_layernorm.weight]
Loading weights:  86%|########5 | 251/292 [00:01<00:00, 214.71it/s, Materializing param=gpt_neox.layers.20.mlp.dense_4h_to_h.bias]
Loading weights:  86%|########5 | 251/292 [00:01<00:00, 214.71it/s, Materializing param=gpt_neox.layers.20.mlp.dense_4h_to_h.bias]
Loading weights:  86%|########6 | 252/292 [00:01<00:00, 214.71it/s, Materializing param=gpt_neox.layers.20.mlp.dense_4h_to_h.weight]
Loading weights:  86%|########6 | 252/292 [00:01<00:00, 214.71it/s, Materializing param=gpt_neox.layers.20.mlp.dense_4h_to_h.weight]
Loading weights:  87%|########6 | 253/292 [00:01<00:00, 214.71it/s, Materializing param=gpt_neox.layers.20.mlp.dense_h_to_4h.bias]  
Loading weights:  87%|########6 | 253/292 [00:01<00:00, 214.71it/s, Materializing param=gpt_neox.layers.20.mlp.dense_h_to_4h.bias]
Loading weights:  87%|########6 | 254/292 [00:01<00:00, 214.71it/s, Materializing param=gpt_neox.layers.20.mlp.dense_h_to_4h.weight]
Loading weights:  87%|########6 | 254/292 [00:01<00:00, 214.71it/s, Materializing param=gpt_neox.layers.20.mlp.dense_h_to_4h.weight]
Loading weights:  87%|########7 | 255/292 [00:01<00:00, 214.71it/s, Materializing param=gpt_neox.layers.20.post_attention_layernorm.bias]
Loading weights:  87%|########7 | 255/292 [00:01<00:00, 214.71it/s, Materializing param=gpt_neox.layers.20.post_attention_layernorm.bias]
Loading weights:  88%|########7 | 256/292 [00:01<00:00, 214.71it/s, Materializing param=gpt_neox.layers.20.post_attention_layernorm.weight]
Loading weights:  88%|########7 | 256/292 [00:01<00:00, 214.71it/s, Materializing param=gpt_neox.layers.20.post_attention_layernorm.weight]
Loading weights:  88%|########8 | 257/292 [00:01<00:00, 214.71it/s, Materializing param=gpt_neox.layers.21.attention.dense.bias]           
Loading weights:  88%|########8 | 257/292 [00:01<00:00, 214.71it/s, Materializing param=gpt_neox.layers.21.attention.dense.bias]
Loading weights:  88%|########8 | 258/292 [00:01<00:00, 214.71it/s, Materializing param=gpt_neox.layers.21.attention.dense.weight]
Loading weights:  88%|########8 | 258/292 [00:01<00:00, 214.71it/s, Materializing param=gpt_neox.layers.21.attention.dense.weight]
Loading weights:  89%|########8 | 259/292 [00:01<00:00, 214.71it/s, Materializing param=gpt_neox.layers.21.attention.query_key_value.bias]
Loading weights:  89%|########8 | 259/292 [00:01<00:00, 214.71it/s, Materializing param=gpt_neox.layers.21.attention.query_key_value.bias]
Loading weights:  89%|########9 | 260/292 [00:01<00:00, 214.71it/s, Materializing param=gpt_neox.layers.21.attention.query_key_value.weight]
Loading weights:  89%|########9 | 260/292 [00:01<00:00, 214.71it/s, Materializing param=gpt_neox.layers.21.attention.query_key_value.weight]
Loading weights:  89%|########9 | 261/292 [00:01<00:00, 214.71it/s, Materializing param=gpt_neox.layers.21.input_layernorm.bias]            
Loading weights:  89%|########9 | 261/292 [00:01<00:00, 214.71it/s, Materializing param=gpt_neox.layers.21.input_layernorm.bias]
Loading weights:  90%|########9 | 262/292 [00:01<00:00, 214.71it/s, Materializing param=gpt_neox.layers.21.input_layernorm.weight]
Loading weights:  90%|########9 | 262/292 [00:01<00:00, 214.71it/s, Materializing param=gpt_neox.layers.21.input_layernorm.weight]
Loading weights:  90%|######### | 263/292 [00:01<00:00, 214.71it/s, Materializing param=gpt_neox.layers.21.mlp.dense_4h_to_h.bias]
Loading weights:  90%|######### | 263/292 [00:01<00:00, 214.71it/s, Materializing param=gpt_neox.layers.21.mlp.dense_4h_to_h.bias]
Loading weights:  90%|######### | 264/292 [00:01<00:00, 214.71it/s, Materializing param=gpt_neox.layers.21.mlp.dense_4h_to_h.weight]
Loading weights:  90%|######### | 264/292 [00:01<00:00, 214.71it/s, Materializing param=gpt_neox.layers.21.mlp.dense_4h_to_h.weight]
Loading weights:  91%|######### | 265/292 [00:01<00:00, 214.71it/s, Materializing param=gpt_neox.layers.21.mlp.dense_h_to_4h.bias]  
Loading weights:  91%|######### | 265/292 [00:01<00:00, 214.71it/s, Materializing param=gpt_neox.layers.21.mlp.dense_h_to_4h.bias]
Loading weights:  91%|#########1| 266/292 [00:01<00:00, 214.71it/s, Materializing param=gpt_neox.layers.21.mlp.dense_h_to_4h.weight]
Loading weights:  91%|#########1| 266/292 [00:01<00:00, 214.71it/s, Materializing param=gpt_neox.layers.21.mlp.dense_h_to_4h.weight]
Loading weights:  91%|#########1| 267/292 [00:01<00:00, 214.71it/s, Materializing param=gpt_neox.layers.21.post_attention_layernorm.bias]
Loading weights:  91%|#########1| 267/292 [00:01<00:00, 214.71it/s, Materializing param=gpt_neox.layers.21.post_attention_layernorm.bias]
Loading weights:  92%|#########1| 268/292 [00:01<00:00, 214.71it/s, Materializing param=gpt_neox.layers.21.post_attention_layernorm.weight]
Loading weights:  92%|#########1| 268/292 [00:01<00:00, 214.71it/s, Materializing param=gpt_neox.layers.21.post_attention_layernorm.weight]
Loading weights:  92%|#########2| 269/292 [00:01<00:00, 214.71it/s, Materializing param=gpt_neox.layers.22.attention.dense.bias]           
Loading weights:  92%|#########2| 269/292 [00:01<00:00, 214.71it/s, Materializing param=gpt_neox.layers.22.attention.dense.bias]
Loading weights:  92%|#########2| 270/292 [00:01<00:00, 214.71it/s, Materializing param=gpt_neox.layers.22.attention.dense.weight]
Loading weights:  92%|#########2| 270/292 [00:01<00:00, 214.71it/s, Materializing param=gpt_neox.layers.22.attention.dense.weight]
Loading weights:  93%|#########2| 271/292 [00:01<00:00, 180.00it/s, Materializing param=gpt_neox.layers.22.attention.dense.weight]
Loading weights:  93%|#########2| 271/292 [00:01<00:00, 180.00it/s, Materializing param=gpt_neox.layers.22.attention.query_key_value.bias]
Loading weights:  93%|#########2| 271/292 [00:01<00:00, 180.00it/s, Materializing param=gpt_neox.layers.22.attention.query_key_value.bias]
Loading weights:  93%|#########3| 272/292 [00:01<00:00, 180.00it/s, Materializing param=gpt_neox.layers.22.attention.query_key_value.weight]
Loading weights:  93%|#########3| 272/292 [00:01<00:00, 180.00it/s, Materializing param=gpt_neox.layers.22.attention.query_key_value.weight]
Loading weights:  93%|#########3| 273/292 [00:01<00:00, 180.00it/s, Materializing param=gpt_neox.layers.22.input_layernorm.bias]            
Loading weights:  93%|#########3| 273/292 [00:01<00:00, 180.00it/s, Materializing param=gpt_neox.layers.22.input_layernorm.bias]
Loading weights:  94%|#########3| 274/292 [00:01<00:00, 180.00it/s, Materializing param=gpt_neox.layers.22.input_layernorm.weight]
Loading weights:  94%|#########3| 274/292 [00:01<00:00, 180.00it/s, Materializing param=gpt_neox.layers.22.input_layernorm.weight]
Loading weights:  94%|#########4| 275/292 [00:01<00:00, 180.00it/s, Materializing param=gpt_neox.layers.22.mlp.dense_4h_to_h.bias]
Loading weights:  94%|#########4| 275/292 [00:01<00:00, 180.00it/s, Materializing param=gpt_neox.layers.22.mlp.dense_4h_to_h.bias]
Loading weights:  95%|#########4| 276/292 [00:01<00:00, 180.00it/s, Materializing param=gpt_neox.layers.22.mlp.dense_4h_to_h.weight]
Loading weights:  95%|#########4| 276/292 [00:01<00:00, 180.00it/s, Materializing param=gpt_neox.layers.22.mlp.dense_4h_to_h.weight]
Loading weights:  95%|#########4| 277/292 [00:01<00:00, 180.00it/s, Materializing param=gpt_neox.layers.22.mlp.dense_h_to_4h.bias]  
Loading weights:  95%|#########4| 277/292 [00:01<00:00, 180.00it/s, Materializing param=gpt_neox.layers.22.mlp.dense_h_to_4h.bias]
Loading weights:  95%|#########5| 278/292 [00:01<00:00, 180.00it/s, Materializing param=gpt_neox.layers.22.mlp.dense_h_to_4h.weight]
Loading weights:  95%|#########5| 278/292 [00:01<00:00, 180.00it/s, Materializing param=gpt_neox.layers.22.mlp.dense_h_to_4h.weight]
Loading weights:  96%|#########5| 279/292 [00:01<00:00, 180.00it/s, Materializing param=gpt_neox.layers.22.post_attention_layernorm.bias]
Loading weights:  96%|#########5| 279/292 [00:01<00:00, 180.00it/s, Materializing param=gpt_neox.layers.22.post_attention_layernorm.bias]
Loading weights:  96%|#########5| 280/292 [00:01<00:00, 180.00it/s, Materializing param=gpt_neox.layers.22.post_attention_layernorm.weight]
Loading weights:  96%|#########5| 280/292 [00:01<00:00, 180.00it/s, Materializing param=gpt_neox.layers.22.post_attention_layernorm.weight]
Loading weights:  96%|#########6| 281/292 [00:01<00:00, 180.00it/s, Materializing param=gpt_neox.layers.23.attention.dense.bias]           
Loading weights:  96%|#########6| 281/292 [00:01<00:00, 180.00it/s, Materializing param=gpt_neox.layers.23.attention.dense.bias]
Loading weights:  97%|#########6| 282/292 [00:01<00:00, 180.00it/s, Materializing param=gpt_neox.layers.23.attention.dense.weight]
Loading weights:  97%|#########6| 282/292 [00:01<00:00, 180.00it/s, Materializing param=gpt_neox.layers.23.attention.dense.weight]
Loading weights:  97%|#########6| 283/292 [00:01<00:00, 180.00it/s, Materializing param=gpt_neox.layers.23.attention.query_key_value.bias]
Loading weights:  97%|#########6| 283/292 [00:01<00:00, 180.00it/s, Materializing param=gpt_neox.layers.23.attention.query_key_value.bias]
Loading weights:  97%|#########7| 284/292 [00:01<00:00, 180.00it/s, Materializing param=gpt_neox.layers.23.attention.query_key_value.weight]
Loading weights:  97%|#########7| 284/292 [00:01<00:00, 180.00it/s, Materializing param=gpt_neox.layers.23.attention.query_key_value.weight]
Loading weights:  98%|#########7| 285/292 [00:01<00:00, 180.00it/s, Materializing param=gpt_neox.layers.23.input_layernorm.bias]            
Loading weights:  98%|#########7| 285/292 [00:01<00:00, 180.00it/s, Materializing param=gpt_neox.layers.23.input_layernorm.bias]
Loading weights:  98%|#########7| 286/292 [00:01<00:00, 180.00it/s, Materializing param=gpt_neox.layers.23.input_layernorm.weight]
Loading weights:  98%|#########7| 286/292 [00:01<00:00, 180.00it/s, Materializing param=gpt_neox.layers.23.input_layernorm.weight]
Loading weights:  98%|#########8| 287/292 [00:01<00:00, 180.00it/s, Materializing param=gpt_neox.layers.23.mlp.dense_4h_to_h.bias]
Loading weights:  98%|#########8| 287/292 [00:01<00:00, 180.00it/s, Materializing param=gpt_neox.layers.23.mlp.dense_4h_to_h.bias]
Loading weights:  99%|#########8| 288/292 [00:01<00:00, 180.00it/s, Materializing param=gpt_neox.layers.23.mlp.dense_4h_to_h.weight]
Loading weights:  99%|#########8| 288/292 [00:01<00:00, 180.00it/s, Materializing param=gpt_neox.layers.23.mlp.dense_4h_to_h.weight]
Loading weights:  99%|#########8| 289/292 [00:01<00:00, 180.00it/s, Materializing param=gpt_neox.layers.23.mlp.dense_h_to_4h.bias]  
Loading weights:  99%|#########8| 289/292 [00:01<00:00, 180.00it/s, Materializing param=gpt_neox.layers.23.mlp.dense_h_to_4h.bias]
Loading weights:  99%|#########9| 290/292 [00:01<00:00, 180.00it/s, Materializing param=gpt_neox.layers.23.mlp.dense_h_to_4h.weight]
Loading weights:  99%|#########9| 290/292 [00:01<00:00, 180.00it/s, Materializing param=gpt_neox.layers.23.mlp.dense_h_to_4h.weight]
Loading weights: 100%|#########9| 291/292 [00:01<00:00, 180.00it/s, Materializing param=gpt_neox.layers.23.post_attention_layernorm.bias]
Loading weights: 100%|#########9| 291/292 [00:01<00:00, 180.00it/s, Materializing param=gpt_neox.layers.23.post_attention_layernorm.bias]
Loading weights: 100%|##########| 292/292 [00:01<00:00, 180.00it/s, Materializing param=gpt_neox.layers.23.post_attention_layernorm.weight]
Loading weights: 100%|##########| 292/292 [00:01<00:00, 180.00it/s, Materializing param=gpt_neox.layers.23.post_attention_layernorm.weight]
Loading weights: 100%|##########| 292/292 [00:01<00:00, 221.19it/s, Materializing param=gpt_neox.layers.23.post_attention_layernorm.weight]

Loading weights:   0%|          | 0/292 [00:00<?, ?it/s]
Loading weights:   0%|          | 1/292 [00:00<00:00, 21399.51it/s, Materializing param=embed_out.weight]
Loading weights:   0%|          | 1/292 [00:00<00:00, 2537.39it/s, Materializing param=embed_out.weight] 
Loading weights:   1%|          | 2/292 [00:00<00:00, 2917.78it/s, Materializing param=gpt_neox.embed_in.weight]
Loading weights:   1%|          | 2/292 [00:00<00:00, 2566.11it/s, Materializing param=gpt_neox.embed_in.weight]
Loading weights:   1%|1         | 3/292 [00:00<00:00, 379.33it/s, Materializing param=gpt_neox.final_layer_norm.bias]
Loading weights:   1%|1         | 3/292 [00:00<00:00, 365.87it/s, Materializing param=gpt_neox.final_layer_norm.bias]
Loading weights:   1%|1         | 4/292 [00:00<00:00, 473.20it/s, Materializing param=gpt_neox.final_layer_norm.weight]
Loading weights:   1%|1         | 4/292 [00:00<00:00, 467.92it/s, Materializing param=gpt_neox.final_layer_norm.weight]
Loading weights:   2%|1         | 5/292 [00:00<00:00, 568.60it/s, Materializing param=gpt_neox.layers.0.attention.dense.bias]
Loading weights:   2%|1         | 5/292 [00:00<00:00, 563.81it/s, Materializing param=gpt_neox.layers.0.attention.dense.bias]
Loading weights:   2%|2         | 6/292 [00:00<00:00, 664.09it/s, Materializing param=gpt_neox.layers.0.attention.dense.weight]
Loading weights:   2%|2         | 6/292 [00:00<00:00, 656.39it/s, Materializing param=gpt_neox.layers.0.attention.dense.weight]
Loading weights:   2%|2         | 7/292 [00:00<00:00, 287.97it/s, Materializing param=gpt_neox.layers.0.attention.query_key_value.bias]
Loading weights:   2%|2         | 7/292 [00:00<00:01, 283.90it/s, Materializing param=gpt_neox.layers.0.attention.query_key_value.bias]
Loading weights:   3%|2         | 8/292 [00:00<00:00, 320.89it/s, Materializing param=gpt_neox.layers.0.attention.query_key_value.weight]
Loading weights:   3%|2         | 8/292 [00:00<00:00, 318.67it/s, Materializing param=gpt_neox.layers.0.attention.query_key_value.weight]
Loading weights:   3%|3         | 9/292 [00:00<00:00, 356.07it/s, Materializing param=gpt_neox.layers.0.input_layernorm.bias]            
Loading weights:   3%|3         | 9/292 [00:00<00:00, 354.58it/s, Materializing param=gpt_neox.layers.0.input_layernorm.bias]
Loading weights:   3%|3         | 10/292 [00:00<00:00, 390.54it/s, Materializing param=gpt_neox.layers.0.input_layernorm.weight]
Loading weights:   3%|3         | 10/292 [00:00<00:00, 389.07it/s, Materializing param=gpt_neox.layers.0.input_layernorm.weight]
Loading weights:   4%|3         | 11/292 [00:00<00:00, 422.57it/s, Materializing param=gpt_neox.layers.0.mlp.dense_4h_to_h.bias]
Loading weights:   4%|3         | 11/292 [00:00<00:00, 420.50it/s, Materializing param=gpt_neox.layers.0.mlp.dense_4h_to_h.bias]
Loading weights:   4%|4         | 12/292 [00:00<00:00, 455.32it/s, Materializing param=gpt_neox.layers.0.mlp.dense_4h_to_h.weight]
Loading weights:   4%|4         | 12/292 [00:00<00:00, 453.88it/s, Materializing param=gpt_neox.layers.0.mlp.dense_4h_to_h.weight]
Loading weights:   4%|4         | 13/292 [00:00<00:00, 485.94it/s, Materializing param=gpt_neox.layers.0.mlp.dense_h_to_4h.bias]  
Loading weights:   4%|4         | 13/292 [00:00<00:00, 484.31it/s, Materializing param=gpt_neox.layers.0.mlp.dense_h_to_4h.bias]
Loading weights:   5%|4         | 14/292 [00:00<00:00, 517.75it/s, Materializing param=gpt_neox.layers.0.mlp.dense_h_to_4h.weight]
Loading weights:   5%|4         | 14/292 [00:00<00:00, 516.46it/s, Materializing param=gpt_neox.layers.0.mlp.dense_h_to_4h.weight]
Loading weights:   5%|5         | 15/292 [00:00<00:00, 550.71it/s, Materializing param=gpt_neox.layers.0.post_attention_layernorm.bias]
Loading weights:   5%|5         | 15/292 [00:00<00:00, 549.33it/s, Materializing param=gpt_neox.layers.0.post_attention_layernorm.bias]
Loading weights:   5%|5         | 16/292 [00:00<00:00, 582.94it/s, Materializing param=gpt_neox.layers.0.post_attention_layernorm.weight]
Loading weights:   5%|5         | 16/292 [00:00<00:00, 579.64it/s, Materializing param=gpt_neox.layers.0.post_attention_layernorm.weight]
Loading weights:   6%|5         | 17/292 [00:00<00:00, 612.54it/s, Materializing param=gpt_neox.layers.1.attention.dense.bias]           
Loading weights:   6%|5         | 17/292 [00:00<00:00, 610.91it/s, Materializing param=gpt_neox.layers.1.attention.dense.bias]
Loading weights:   6%|6         | 18/292 [00:00<00:00, 643.11it/s, Materializing param=gpt_neox.layers.1.attention.dense.weight]
Loading weights:   6%|6         | 18/292 [00:00<00:00, 641.61it/s, Materializing param=gpt_neox.layers.1.attention.dense.weight]
Loading weights:   7%|6         | 19/292 [00:00<00:00, 650.31it/s, Materializing param=gpt_neox.layers.1.attention.query_key_value.bias]
Loading weights:   7%|6         | 19/292 [00:00<00:00, 648.35it/s, Materializing param=gpt_neox.layers.1.attention.query_key_value.bias]
Loading weights:   7%|6         | 20/292 [00:00<00:00, 679.31it/s, Materializing param=gpt_neox.layers.1.attention.query_key_value.weight]
Loading weights:   7%|6         | 20/292 [00:00<00:00, 677.82it/s, Materializing param=gpt_neox.layers.1.attention.query_key_value.weight]
Loading weights:   7%|7         | 21/292 [00:00<00:00, 576.16it/s, Materializing param=gpt_neox.layers.1.input_layernorm.bias]            
Loading weights:   7%|7         | 21/292 [00:00<00:00, 572.93it/s, Materializing param=gpt_neox.layers.1.input_layernorm.bias]
Loading weights:   8%|7         | 22/292 [00:00<00:00, 596.59it/s, Materializing param=gpt_neox.layers.1.input_layernorm.weight]
Loading weights:   8%|7         | 22/292 [00:00<00:00, 595.44it/s, Materializing param=gpt_neox.layers.1.input_layernorm.weight]
Loading weights:   8%|7         | 23/292 [00:00<00:00, 620.28it/s, Materializing param=gpt_neox.layers.1.mlp.dense_4h_to_h.bias]
Loading weights:   8%|7         | 23/292 [00:00<00:00, 619.19it/s, Materializing param=gpt_neox.layers.1.mlp.dense_4h_to_h.bias]
Loading weights:   8%|8         | 24/292 [00:00<00:00, 644.01it/s, Materializing param=gpt_neox.layers.1.mlp.dense_4h_to_h.weight]
Loading weights:   8%|8         | 24/292 [00:00<00:00, 642.32it/s, Materializing param=gpt_neox.layers.1.mlp.dense_4h_to_h.weight]
Loading weights:   9%|8         | 25/292 [00:00<00:00, 622.22it/s, Materializing param=gpt_neox.layers.1.mlp.dense_h_to_4h.bias]  
Loading weights:   9%|8         | 25/292 [00:00<00:00, 618.19it/s, Materializing param=gpt_neox.layers.1.mlp.dense_h_to_4h.bias]
Loading weights:   9%|8         | 26/292 [00:00<00:00, 638.81it/s, Materializing param=gpt_neox.layers.1.mlp.dense_h_to_4h.weight]
Loading weights:   9%|8         | 26/292 [00:00<00:00, 637.56it/s, Materializing param=gpt_neox.layers.1.mlp.dense_h_to_4h.weight]
Loading weights:   9%|9         | 27/292 [00:00<00:00, 621.47it/s, Materializing param=gpt_neox.layers.1.post_attention_layernorm.bias]
Loading weights:   9%|9         | 27/292 [00:00<00:00, 619.01it/s, Materializing param=gpt_neox.layers.1.post_attention_layernorm.bias]
Loading weights:  10%|9         | 28/292 [00:00<00:00, 639.26it/s, Materializing param=gpt_neox.layers.1.post_attention_layernorm.weight]
Loading weights:  10%|9         | 28/292 [00:00<00:00, 636.03it/s, Materializing param=gpt_neox.layers.1.post_attention_layernorm.weight]
Loading weights:  10%|9         | 29/292 [00:00<00:00, 656.68it/s, Materializing param=gpt_neox.layers.2.attention.dense.bias]           
Loading weights:  10%|9         | 29/292 [00:00<00:00, 655.72it/s, Materializing param=gpt_neox.layers.2.attention.dense.bias]
Loading weights:  10%|#         | 30/292 [00:00<00:00, 676.34it/s, Materializing param=gpt_neox.layers.2.attention.dense.weight]
Loading weights:  10%|#         | 30/292 [00:00<00:00, 675.33it/s, Materializing param=gpt_neox.layers.2.attention.dense.weight]
Loading weights:  11%|#         | 31/292 [00:00<00:00, 693.72it/s, Materializing param=gpt_neox.layers.2.attention.query_key_value.bias]
Loading weights:  11%|#         | 31/292 [00:00<00:00, 692.19it/s, Materializing param=gpt_neox.layers.2.attention.query_key_value.bias]
Loading weights:  11%|#         | 32/292 [00:00<00:00, 710.91it/s, Materializing param=gpt_neox.layers.2.attention.query_key_value.weight]
Loading weights:  11%|#         | 32/292 [00:00<00:00, 709.90it/s, Materializing param=gpt_neox.layers.2.attention.query_key_value.weight]
Loading weights:  11%|#1        | 33/292 [00:00<00:00, 628.97it/s, Materializing param=gpt_neox.layers.2.input_layernorm.bias]            
Loading weights:  11%|#1        | 33/292 [00:00<00:00, 626.62it/s, Materializing param=gpt_neox.layers.2.input_layernorm.bias]
Loading weights:  12%|#1        | 34/292 [00:00<00:00, 643.07it/s, Materializing param=gpt_neox.layers.2.input_layernorm.weight]
Loading weights:  12%|#1        | 34/292 [00:00<00:00, 641.74it/s, Materializing param=gpt_neox.layers.2.input_layernorm.weight]
Loading weights:  12%|#1        | 35/292 [00:00<00:00, 658.87it/s, Materializing param=gpt_neox.layers.2.mlp.dense_4h_to_h.bias]
Loading weights:  12%|#1        | 35/292 [00:00<00:00, 658.01it/s, Materializing param=gpt_neox.layers.2.mlp.dense_4h_to_h.bias]
Loading weights:  12%|#2        | 36/292 [00:00<00:00, 675.16it/s, Materializing param=gpt_neox.layers.2.mlp.dense_4h_to_h.weight]
Loading weights:  12%|#2        | 36/292 [00:00<00:00, 674.18it/s, Materializing param=gpt_neox.layers.2.mlp.dense_4h_to_h.weight]
Loading weights:  13%|#2        | 37/292 [00:00<00:00, 650.43it/s, Materializing param=gpt_neox.layers.2.mlp.dense_h_to_4h.bias]  
Loading weights:  13%|#2        | 37/292 [00:00<00:00, 647.94it/s, Materializing param=gpt_neox.layers.2.mlp.dense_h_to_4h.bias]
Loading weights:  13%|#3        | 38/292 [00:00<00:00, 662.55it/s, Materializing param=gpt_neox.layers.2.mlp.dense_h_to_4h.weight]
Loading weights:  13%|#3        | 38/292 [00:00<00:00, 661.64it/s, Materializing param=gpt_neox.layers.2.mlp.dense_h_to_4h.weight]
Loading weights:  13%|#3        | 39/292 [00:00<00:00, 663.03it/s, Materializing param=gpt_neox.layers.2.post_attention_layernorm.bias]
Loading weights:  13%|#3        | 39/292 [00:00<00:00, 661.00it/s, Materializing param=gpt_neox.layers.2.post_attention_layernorm.bias]
Loading weights:  14%|#3        | 40/292 [00:00<00:00, 675.55it/s, Materializing param=gpt_neox.layers.2.post_attention_layernorm.weight]
Loading weights:  14%|#3        | 40/292 [00:00<00:00, 674.70it/s, Materializing param=gpt_neox.layers.2.post_attention_layernorm.weight]
Loading weights:  14%|#4        | 41/292 [00:00<00:00, 689.66it/s, Materializing param=gpt_neox.layers.3.attention.dense.bias]           
Loading weights:  14%|#4        | 41/292 [00:00<00:00, 687.60it/s, Materializing param=gpt_neox.layers.3.attention.dense.bias]
Loading weights:  14%|#4        | 42/292 [00:00<00:00, 701.80it/s, Materializing param=gpt_neox.layers.3.attention.dense.weight]
Loading weights:  14%|#4        | 42/292 [00:00<00:00, 700.58it/s, Materializing param=gpt_neox.layers.3.attention.dense.weight]
Loading weights:  15%|#4        | 43/292 [00:00<00:00, 714.72it/s, Materializing param=gpt_neox.layers.3.attention.query_key_value.bias]
Loading weights:  15%|#4        | 43/292 [00:00<00:00, 713.82it/s, Materializing param=gpt_neox.layers.3.attention.query_key_value.bias]
Loading weights:  15%|#5        | 44/292 [00:00<00:00, 725.52it/s, Materializing param=gpt_neox.layers.3.attention.query_key_value.weight]
Loading weights:  15%|#5        | 44/292 [00:00<00:00, 724.43it/s, Materializing param=gpt_neox.layers.3.attention.query_key_value.weight]
Loading weights:  15%|#5        | 45/292 [00:00<00:00, 685.21it/s, Materializing param=gpt_neox.layers.3.input_layernorm.bias]            
Loading weights:  15%|#5        | 45/292 [00:00<00:00, 681.99it/s, Materializing param=gpt_neox.layers.3.input_layernorm.bias]
Loading weights:  16%|#5        | 46/292 [00:00<00:00, 693.92it/s, Materializing param=gpt_neox.layers.3.input_layernorm.weight]
Loading weights:  16%|#5        | 46/292 [00:00<00:00, 693.02it/s, Materializing param=gpt_neox.layers.3.input_layernorm.weight]
Loading weights:  16%|#6        | 47/292 [00:00<00:00, 706.61it/s, Materializing param=gpt_neox.layers.3.mlp.dense_4h_to_h.bias]
Loading weights:  16%|#6        | 47/292 [00:00<00:00, 705.57it/s, Materializing param=gpt_neox.layers.3.mlp.dense_4h_to_h.bias]
Loading weights:  16%|#6        | 48/292 [00:00<00:00, 718.92it/s, Materializing param=gpt_neox.layers.3.mlp.dense_4h_to_h.weight]
Loading weights:  16%|#6        | 48/292 [00:00<00:00, 717.94it/s, Materializing param=gpt_neox.layers.3.mlp.dense_4h_to_h.weight]
Loading weights:  17%|#6        | 49/292 [00:00<00:00, 640.38it/s, Materializing param=gpt_neox.layers.3.mlp.dense_h_to_4h.bias]  
Loading weights:  17%|#6        | 49/292 [00:00<00:00, 638.52it/s, Materializing param=gpt_neox.layers.3.mlp.dense_h_to_4h.bias]
Loading weights:  17%|#7        | 50/292 [00:00<00:00, 649.23it/s, Materializing param=gpt_neox.layers.3.mlp.dense_h_to_4h.weight]
Loading weights:  17%|#7        | 50/292 [00:00<00:00, 648.55it/s, Materializing param=gpt_neox.layers.3.mlp.dense_h_to_4h.weight]
Loading weights:  17%|#7        | 51/292 [00:00<00:00, 658.89it/s, Materializing param=gpt_neox.layers.3.post_attention_layernorm.bias]
Loading weights:  17%|#7        | 51/292 [00:00<00:00, 658.22it/s, Materializing param=gpt_neox.layers.3.post_attention_layernorm.bias]
Loading weights:  18%|#7        | 52/292 [00:00<00:00, 670.01it/s, Materializing param=gpt_neox.layers.3.post_attention_layernorm.weight]
Loading weights:  18%|#7        | 52/292 [00:00<00:00, 669.44it/s, Materializing param=gpt_neox.layers.3.post_attention_layernorm.weight]
Loading weights:  18%|#8        | 53/292 [00:00<00:00, 681.28it/s, Materializing param=gpt_neox.layers.4.attention.dense.bias]           
Loading weights:  18%|#8        | 53/292 [00:00<00:00, 680.62it/s, Materializing param=gpt_neox.layers.4.attention.dense.bias]
Loading weights:  18%|#8        | 54/292 [00:00<00:00, 692.40it/s, Materializing param=gpt_neox.layers.4.attention.dense.weight]
Loading weights:  18%|#8        | 54/292 [00:00<00:00, 691.72it/s, Materializing param=gpt_neox.layers.4.attention.dense.weight]
Loading weights:  19%|#8        | 55/292 [00:00<00:00, 703.09it/s, Materializing param=gpt_neox.layers.4.attention.query_key_value.bias]
Loading weights:  19%|#8        | 55/292 [00:00<00:00, 702.33it/s, Materializing param=gpt_neox.layers.4.attention.query_key_value.bias]
Loading weights:  19%|#9        | 56/292 [00:00<00:00, 711.88it/s, Materializing param=gpt_neox.layers.4.attention.query_key_value.weight]
Loading weights:  19%|#9        | 56/292 [00:00<00:00, 711.08it/s, Materializing param=gpt_neox.layers.4.attention.query_key_value.weight]
Loading weights:  20%|#9        | 57/292 [00:00<00:00, 685.22it/s, Materializing param=gpt_neox.layers.4.input_layernorm.bias]            
Loading weights:  20%|#9        | 57/292 [00:00<00:00, 683.18it/s, Materializing param=gpt_neox.layers.4.input_layernorm.bias]
Loading weights:  20%|#9        | 58/292 [00:00<00:00, 693.48it/s, Materializing param=gpt_neox.layers.4.input_layernorm.weight]
Loading weights:  20%|#9        | 58/292 [00:00<00:00, 692.88it/s, Materializing param=gpt_neox.layers.4.input_layernorm.weight]
Loading weights:  20%|##        | 59/292 [00:00<00:00, 703.75it/s, Materializing param=gpt_neox.layers.4.mlp.dense_4h_to_h.bias]
Loading weights:  20%|##        | 59/292 [00:00<00:00, 703.22it/s, Materializing param=gpt_neox.layers.4.mlp.dense_4h_to_h.bias]
Loading weights:  21%|##        | 60/292 [00:00<00:00, 714.03it/s, Materializing param=gpt_neox.layers.4.mlp.dense_4h_to_h.weight]
Loading weights:  21%|##        | 60/292 [00:00<00:00, 713.34it/s, Materializing param=gpt_neox.layers.4.mlp.dense_4h_to_h.weight]
Loading weights:  21%|##        | 61/292 [00:00<00:00, 665.18it/s, Materializing param=gpt_neox.layers.4.mlp.dense_h_to_4h.bias]  
Loading weights:  21%|##        | 61/292 [00:00<00:00, 663.34it/s, Materializing param=gpt_neox.layers.4.mlp.dense_h_to_4h.bias]
Loading weights:  21%|##1       | 62/292 [00:00<00:00, 672.12it/s, Materializing param=gpt_neox.layers.4.mlp.dense_h_to_4h.weight]
Loading weights:  21%|##1       | 62/292 [00:00<00:00, 671.55it/s, Materializing param=gpt_neox.layers.4.mlp.dense_h_to_4h.weight]
Loading weights:  22%|##1       | 63/292 [00:00<00:00, 658.19it/s, Materializing param=gpt_neox.layers.4.post_attention_layernorm.bias]
Loading weights:  22%|##1       | 63/292 [00:00<00:00, 656.88it/s, Materializing param=gpt_neox.layers.4.post_attention_layernorm.bias]
Loading weights:  22%|##1       | 64/292 [00:00<00:00, 665.94it/s, Materializing param=gpt_neox.layers.4.post_attention_layernorm.weight]
Loading weights:  22%|##1       | 64/292 [00:00<00:00, 665.43it/s, Materializing param=gpt_neox.layers.4.post_attention_layernorm.weight]
Loading weights:  22%|##2       | 65/292 [00:00<00:00, 674.59it/s, Materializing param=gpt_neox.layers.5.attention.dense.bias]           
Loading weights:  22%|##2       | 65/292 [00:00<00:00, 673.95it/s, Materializing param=gpt_neox.layers.5.attention.dense.bias]
Loading weights:  23%|##2       | 66/292 [00:00<00:00, 682.05it/s, Materializing param=gpt_neox.layers.5.attention.dense.weight]
Loading weights:  23%|##2       | 66/292 [00:00<00:00, 681.32it/s, Materializing param=gpt_neox.layers.5.attention.dense.weight]
Loading weights:  23%|##2       | 67/292 [00:00<00:00, 690.36it/s, Materializing param=gpt_neox.layers.5.attention.query_key_value.bias]
Loading weights:  23%|##2       | 67/292 [00:00<00:00, 689.84it/s, Materializing param=gpt_neox.layers.5.attention.query_key_value.bias]
Loading weights:  23%|##3       | 68/292 [00:00<00:00, 698.68it/s, Materializing param=gpt_neox.layers.5.attention.query_key_value.weight]
Loading weights:  23%|##3       | 68/292 [00:00<00:00, 698.17it/s, Materializing param=gpt_neox.layers.5.attention.query_key_value.weight]
Loading weights:  24%|##3       | 69/292 [00:00<00:00, 702.99it/s, Materializing param=gpt_neox.layers.5.input_layernorm.bias]            
Loading weights:  24%|##3       | 69/292 [00:00<00:00, 700.18it/s, Materializing param=gpt_neox.layers.5.input_layernorm.bias]
Loading weights:  24%|##3       | 70/292 [00:00<00:00, 708.60it/s, Materializing param=gpt_neox.layers.5.input_layernorm.weight]
Loading weights:  24%|##3       | 70/292 [00:00<00:00, 707.88it/s, Materializing param=gpt_neox.layers.5.input_layernorm.weight]
Loading weights:  24%|##4       | 71/292 [00:00<00:00, 716.30it/s, Materializing param=gpt_neox.layers.5.mlp.dense_4h_to_h.bias]
Loading weights:  24%|##4       | 71/292 [00:00<00:00, 715.77it/s, Materializing param=gpt_neox.layers.5.mlp.dense_4h_to_h.bias]
Loading weights:  25%|##4       | 72/292 [00:00<00:00, 723.15it/s, Materializing param=gpt_neox.layers.5.mlp.dense_4h_to_h.weight]
Loading weights:  25%|##4       | 72/292 [00:00<00:00, 722.28it/s, Materializing param=gpt_neox.layers.5.mlp.dense_4h_to_h.weight]
Loading weights:  25%|##5       | 73/292 [00:00<00:00, 659.98it/s, Materializing param=gpt_neox.layers.5.mlp.dense_4h_to_h.weight]
Loading weights:  25%|##5       | 73/292 [00:00<00:00, 659.98it/s, Materializing param=gpt_neox.layers.5.mlp.dense_h_to_4h.bias]  
Loading weights:  25%|##5       | 73/292 [00:00<00:00, 659.98it/s, Materializing param=gpt_neox.layers.5.mlp.dense_h_to_4h.bias]
Loading weights:  25%|##5       | 74/292 [00:00<00:00, 659.98it/s, Materializing param=gpt_neox.layers.5.mlp.dense_h_to_4h.weight]
Loading weights:  25%|##5       | 74/292 [00:00<00:00, 659.98it/s, Materializing param=gpt_neox.layers.5.mlp.dense_h_to_4h.weight]
Loading weights:  26%|##5       | 75/292 [00:00<00:00, 659.98it/s, Materializing param=gpt_neox.layers.5.post_attention_layernorm.bias]
Loading weights:  26%|##5       | 75/292 [00:00<00:00, 659.98it/s, Materializing param=gpt_neox.layers.5.post_attention_layernorm.bias]
Loading weights:  26%|##6       | 76/292 [00:00<00:00, 659.98it/s, Materializing param=gpt_neox.layers.5.post_attention_layernorm.weight]
Loading weights:  26%|##6       | 76/292 [00:00<00:00, 659.98it/s, Materializing param=gpt_neox.layers.5.post_attention_layernorm.weight]
Loading weights:  26%|##6       | 77/292 [00:00<00:00, 659.98it/s, Materializing param=gpt_neox.layers.6.attention.dense.bias]           
Loading weights:  26%|##6       | 77/292 [00:00<00:00, 659.98it/s, Materializing param=gpt_neox.layers.6.attention.dense.bias]
Loading weights:  27%|##6       | 78/292 [00:00<00:00, 659.98it/s, Materializing param=gpt_neox.layers.6.attention.dense.weight]
Loading weights:  27%|##6       | 78/292 [00:00<00:00, 659.98it/s, Materializing param=gpt_neox.layers.6.attention.dense.weight]
Loading weights:  27%|##7       | 79/292 [00:00<00:00, 659.98it/s, Materializing param=gpt_neox.layers.6.attention.query_key_value.bias]
Loading weights:  27%|##7       | 79/292 [00:00<00:00, 659.98it/s, Materializing param=gpt_neox.layers.6.attention.query_key_value.bias]
Loading weights:  27%|##7       | 80/292 [00:00<00:00, 659.98it/s, Materializing param=gpt_neox.layers.6.attention.query_key_value.weight]
Loading weights:  27%|##7       | 80/292 [00:00<00:00, 659.98it/s, Materializing param=gpt_neox.layers.6.attention.query_key_value.weight]
Loading weights:  28%|##7       | 81/292 [00:00<00:00, 659.98it/s, Materializing param=gpt_neox.layers.6.input_layernorm.bias]            
Loading weights:  28%|##7       | 81/292 [00:00<00:00, 659.98it/s, Materializing param=gpt_neox.layers.6.input_layernorm.bias]
Loading weights:  28%|##8       | 82/292 [00:00<00:00, 659.98it/s, Materializing param=gpt_neox.layers.6.input_layernorm.weight]
Loading weights:  28%|##8       | 82/292 [00:00<00:00, 659.98it/s, Materializing param=gpt_neox.layers.6.input_layernorm.weight]
Loading weights:  28%|##8       | 83/292 [00:00<00:00, 659.98it/s, Materializing param=gpt_neox.layers.6.mlp.dense_4h_to_h.bias]
Loading weights:  28%|##8       | 83/292 [00:00<00:00, 659.98it/s, Materializing param=gpt_neox.layers.6.mlp.dense_4h_to_h.bias]
Loading weights:  29%|##8       | 84/292 [00:00<00:00, 659.98it/s, Materializing param=gpt_neox.layers.6.mlp.dense_4h_to_h.weight]
Loading weights:  29%|##8       | 84/292 [00:00<00:00, 659.98it/s, Materializing param=gpt_neox.layers.6.mlp.dense_4h_to_h.weight]
Loading weights:  29%|##9       | 85/292 [00:00<00:00, 659.98it/s, Materializing param=gpt_neox.layers.6.mlp.dense_h_to_4h.bias]  
Loading weights:  29%|##9       | 85/292 [00:00<00:00, 659.98it/s, Materializing param=gpt_neox.layers.6.mlp.dense_h_to_4h.bias]
Loading weights:  29%|##9       | 86/292 [00:00<00:00, 659.98it/s, Materializing param=gpt_neox.layers.6.mlp.dense_h_to_4h.weight]
Loading weights:  29%|##9       | 86/292 [00:00<00:00, 659.98it/s, Materializing param=gpt_neox.layers.6.mlp.dense_h_to_4h.weight]
Loading weights:  30%|##9       | 87/292 [00:00<00:00, 659.98it/s, Materializing param=gpt_neox.layers.6.post_attention_layernorm.bias]
Loading weights:  30%|##9       | 87/292 [00:00<00:00, 659.98it/s, Materializing param=gpt_neox.layers.6.post_attention_layernorm.bias]
Loading weights:  30%|###       | 88/292 [00:00<00:00, 659.98it/s, Materializing param=gpt_neox.layers.6.post_attention_layernorm.weight]
Loading weights:  30%|###       | 88/292 [00:00<00:00, 659.98it/s, Materializing param=gpt_neox.layers.6.post_attention_layernorm.weight]
Loading weights:  30%|###       | 89/292 [00:00<00:00, 659.98it/s, Materializing param=gpt_neox.layers.7.attention.dense.bias]           
Loading weights:  30%|###       | 89/292 [00:00<00:00, 659.98it/s, Materializing param=gpt_neox.layers.7.attention.dense.bias]
Loading weights:  31%|###       | 90/292 [00:00<00:00, 659.98it/s, Materializing param=gpt_neox.layers.7.attention.dense.weight]
Loading weights:  31%|###       | 90/292 [00:00<00:00, 659.98it/s, Materializing param=gpt_neox.layers.7.attention.dense.weight]
Loading weights:  31%|###1      | 91/292 [00:00<00:00, 659.98it/s, Materializing param=gpt_neox.layers.7.attention.query_key_value.bias]
Loading weights:  31%|###1      | 91/292 [00:00<00:00, 659.98it/s, Materializing param=gpt_neox.layers.7.attention.query_key_value.bias]
Loading weights:  32%|###1      | 92/292 [00:00<00:00, 659.98it/s, Materializing param=gpt_neox.layers.7.attention.query_key_value.weight]
Loading weights:  32%|###1      | 92/292 [00:00<00:00, 659.98it/s, Materializing param=gpt_neox.layers.7.attention.query_key_value.weight]
Loading weights:  32%|###1      | 93/292 [00:00<00:00, 659.98it/s, Materializing param=gpt_neox.layers.7.input_layernorm.bias]            
Loading weights:  32%|###1      | 93/292 [00:00<00:00, 659.98it/s, Materializing param=gpt_neox.layers.7.input_layernorm.bias]
Loading weights:  32%|###2      | 94/292 [00:00<00:00, 659.98it/s, Materializing param=gpt_neox.layers.7.input_layernorm.weight]
Loading weights:  32%|###2      | 94/292 [00:00<00:00, 659.98it/s, Materializing param=gpt_neox.layers.7.input_layernorm.weight]
Loading weights:  33%|###2      | 95/292 [00:00<00:00, 659.98it/s, Materializing param=gpt_neox.layers.7.mlp.dense_4h_to_h.bias]
Loading weights:  33%|###2      | 95/292 [00:00<00:00, 659.98it/s, Materializing param=gpt_neox.layers.7.mlp.dense_4h_to_h.bias]
Loading weights:  33%|###2      | 96/292 [00:00<00:00, 659.98it/s, Materializing param=gpt_neox.layers.7.mlp.dense_4h_to_h.weight]
Loading weights:  33%|###2      | 96/292 [00:00<00:00, 659.98it/s, Materializing param=gpt_neox.layers.7.mlp.dense_4h_to_h.weight]
Loading weights:  33%|###3      | 97/292 [00:00<00:00, 659.98it/s, Materializing param=gpt_neox.layers.7.mlp.dense_h_to_4h.bias]  
Loading weights:  33%|###3      | 97/292 [00:00<00:00, 659.98it/s, Materializing param=gpt_neox.layers.7.mlp.dense_h_to_4h.bias]
Loading weights:  34%|###3      | 98/292 [00:00<00:00, 659.98it/s, Materializing param=gpt_neox.layers.7.mlp.dense_h_to_4h.weight]
Loading weights:  34%|###3      | 98/292 [00:00<00:00, 659.98it/s, Materializing param=gpt_neox.layers.7.mlp.dense_h_to_4h.weight]
Loading weights:  34%|###3      | 99/292 [00:00<00:00, 659.98it/s, Materializing param=gpt_neox.layers.7.post_attention_layernorm.bias]
Loading weights:  34%|###3      | 99/292 [00:00<00:00, 659.98it/s, Materializing param=gpt_neox.layers.7.post_attention_layernorm.bias]
Loading weights:  34%|###4      | 100/292 [00:00<00:00, 659.98it/s, Materializing param=gpt_neox.layers.7.post_attention_layernorm.weight]
Loading weights:  34%|###4      | 100/292 [00:00<00:00, 659.98it/s, Materializing param=gpt_neox.layers.7.post_attention_layernorm.weight]
Loading weights:  35%|###4      | 101/292 [00:00<00:00, 659.98it/s, Materializing param=gpt_neox.layers.8.attention.dense.bias]           
Loading weights:  35%|###4      | 101/292 [00:00<00:00, 659.98it/s, Materializing param=gpt_neox.layers.8.attention.dense.bias]
Loading weights:  35%|###4      | 102/292 [00:00<00:00, 659.98it/s, Materializing param=gpt_neox.layers.8.attention.dense.weight]
Loading weights:  35%|###4      | 102/292 [00:00<00:00, 659.98it/s, Materializing param=gpt_neox.layers.8.attention.dense.weight]
Loading weights:  35%|###5      | 103/292 [00:00<00:00, 659.98it/s, Materializing param=gpt_neox.layers.8.attention.query_key_value.bias]
Loading weights:  35%|###5      | 103/292 [00:00<00:00, 659.98it/s, Materializing param=gpt_neox.layers.8.attention.query_key_value.bias]
Loading weights:  36%|###5      | 104/292 [00:00<00:00, 659.98it/s, Materializing param=gpt_neox.layers.8.attention.query_key_value.weight]
Loading weights:  36%|###5      | 104/292 [00:00<00:00, 659.98it/s, Materializing param=gpt_neox.layers.8.attention.query_key_value.weight]
Loading weights:  36%|###5      | 105/292 [00:00<00:00, 659.98it/s, Materializing param=gpt_neox.layers.8.input_layernorm.bias]            
Loading weights:  36%|###5      | 105/292 [00:00<00:00, 659.98it/s, Materializing param=gpt_neox.layers.8.input_layernorm.bias]
Loading weights:  36%|###6      | 106/292 [00:00<00:00, 659.98it/s, Materializing param=gpt_neox.layers.8.input_layernorm.weight]
Loading weights:  36%|###6      | 106/292 [00:00<00:00, 659.98it/s, Materializing param=gpt_neox.layers.8.input_layernorm.weight]
Loading weights:  37%|###6      | 107/292 [00:00<00:00, 659.98it/s, Materializing param=gpt_neox.layers.8.mlp.dense_4h_to_h.bias]
Loading weights:  37%|###6      | 107/292 [00:00<00:00, 659.98it/s, Materializing param=gpt_neox.layers.8.mlp.dense_4h_to_h.bias]
Loading weights:  37%|###6      | 108/292 [00:00<00:00, 659.98it/s, Materializing param=gpt_neox.layers.8.mlp.dense_4h_to_h.weight]
Loading weights:  37%|###6      | 108/292 [00:00<00:00, 659.98it/s, Materializing param=gpt_neox.layers.8.mlp.dense_4h_to_h.weight]
Loading weights:  37%|###7      | 109/292 [00:00<00:00, 659.98it/s, Materializing param=gpt_neox.layers.8.mlp.dense_h_to_4h.bias]  
Loading weights:  37%|###7      | 109/292 [00:00<00:00, 659.98it/s, Materializing param=gpt_neox.layers.8.mlp.dense_h_to_4h.bias]
Loading weights:  38%|###7      | 110/292 [00:00<00:00, 659.98it/s, Materializing param=gpt_neox.layers.8.mlp.dense_h_to_4h.weight]
Loading weights:  38%|###7      | 110/292 [00:00<00:00, 659.98it/s, Materializing param=gpt_neox.layers.8.mlp.dense_h_to_4h.weight]
Loading weights:  38%|###8      | 111/292 [00:00<00:00, 659.98it/s, Materializing param=gpt_neox.layers.8.post_attention_layernorm.bias]
Loading weights:  38%|###8      | 111/292 [00:00<00:00, 659.98it/s, Materializing param=gpt_neox.layers.8.post_attention_layernorm.bias]
Loading weights:  38%|###8      | 112/292 [00:00<00:00, 659.98it/s, Materializing param=gpt_neox.layers.8.post_attention_layernorm.weight]
Loading weights:  38%|###8      | 112/292 [00:00<00:00, 659.98it/s, Materializing param=gpt_neox.layers.8.post_attention_layernorm.weight]
Loading weights:  39%|###8      | 113/292 [00:00<00:00, 659.98it/s, Materializing param=gpt_neox.layers.9.attention.dense.bias]           
Loading weights:  39%|###8      | 113/292 [00:00<00:00, 659.98it/s, Materializing param=gpt_neox.layers.9.attention.dense.bias]
Loading weights:  39%|###9      | 114/292 [00:00<00:00, 659.98it/s, Materializing param=gpt_neox.layers.9.attention.dense.weight]
Loading weights:  39%|###9      | 114/292 [00:00<00:00, 659.98it/s, Materializing param=gpt_neox.layers.9.attention.dense.weight]
Loading weights:  39%|###9      | 115/292 [00:00<00:00, 659.98it/s, Materializing param=gpt_neox.layers.9.attention.query_key_value.bias]
Loading weights:  39%|###9      | 115/292 [00:00<00:00, 659.98it/s, Materializing param=gpt_neox.layers.9.attention.query_key_value.bias]
Loading weights:  40%|###9      | 116/292 [00:00<00:00, 659.98it/s, Materializing param=gpt_neox.layers.9.attention.query_key_value.weight]
Loading weights:  40%|###9      | 116/292 [00:00<00:00, 659.98it/s, Materializing param=gpt_neox.layers.9.attention.query_key_value.weight]
Loading weights:  40%|####      | 117/292 [00:00<00:00, 659.98it/s, Materializing param=gpt_neox.layers.9.input_layernorm.bias]            
Loading weights:  40%|####      | 117/292 [00:00<00:00, 659.98it/s, Materializing param=gpt_neox.layers.9.input_layernorm.bias]
Loading weights:  40%|####      | 118/292 [00:00<00:00, 659.98it/s, Materializing param=gpt_neox.layers.9.input_layernorm.weight]
Loading weights:  40%|####      | 118/292 [00:00<00:00, 659.98it/s, Materializing param=gpt_neox.layers.9.input_layernorm.weight]
Loading weights:  41%|####      | 119/292 [00:00<00:00, 659.98it/s, Materializing param=gpt_neox.layers.9.mlp.dense_4h_to_h.bias]
Loading weights:  41%|####      | 119/292 [00:00<00:00, 659.98it/s, Materializing param=gpt_neox.layers.9.mlp.dense_4h_to_h.bias]
Loading weights:  41%|####1     | 120/292 [00:00<00:00, 659.98it/s, Materializing param=gpt_neox.layers.9.mlp.dense_4h_to_h.weight]
Loading weights:  41%|####1     | 120/292 [00:00<00:00, 659.98it/s, Materializing param=gpt_neox.layers.9.mlp.dense_4h_to_h.weight]
Loading weights:  41%|####1     | 121/292 [00:00<00:00, 659.98it/s, Materializing param=gpt_neox.layers.9.mlp.dense_h_to_4h.bias]  
Loading weights:  41%|####1     | 121/292 [00:00<00:00, 659.98it/s, Materializing param=gpt_neox.layers.9.mlp.dense_h_to_4h.bias]
Loading weights:  42%|####1     | 122/292 [00:00<00:00, 659.98it/s, Materializing param=gpt_neox.layers.9.mlp.dense_h_to_4h.weight]
Loading weights:  42%|####1     | 122/292 [00:00<00:00, 659.98it/s, Materializing param=gpt_neox.layers.9.mlp.dense_h_to_4h.weight]
Loading weights:  42%|####2     | 123/292 [00:00<00:00, 659.98it/s, Materializing param=gpt_neox.layers.9.post_attention_layernorm.bias]
Loading weights:  42%|####2     | 123/292 [00:00<00:00, 659.98it/s, Materializing param=gpt_neox.layers.9.post_attention_layernorm.bias]
Loading weights:  42%|####2     | 124/292 [00:00<00:00, 659.98it/s, Materializing param=gpt_neox.layers.9.post_attention_layernorm.weight]
Loading weights:  42%|####2     | 124/292 [00:00<00:00, 659.98it/s, Materializing param=gpt_neox.layers.9.post_attention_layernorm.weight]
Loading weights:  43%|####2     | 125/292 [00:00<00:00, 659.98it/s, Materializing param=gpt_neox.layers.10.attention.dense.bias]          
Loading weights:  43%|####2     | 125/292 [00:00<00:00, 659.98it/s, Materializing param=gpt_neox.layers.10.attention.dense.bias]
Loading weights:  43%|####3     | 126/292 [00:00<00:00, 659.98it/s, Materializing param=gpt_neox.layers.10.attention.dense.weight]
Loading weights:  43%|####3     | 126/292 [00:00<00:00, 659.98it/s, Materializing param=gpt_neox.layers.10.attention.dense.weight]
Loading weights:  43%|####3     | 127/292 [00:00<00:00, 659.98it/s, Materializing param=gpt_neox.layers.10.attention.query_key_value.bias]
Loading weights:  43%|####3     | 127/292 [00:00<00:00, 659.98it/s, Materializing param=gpt_neox.layers.10.attention.query_key_value.bias]
Loading weights:  44%|####3     | 128/292 [00:00<00:00, 659.98it/s, Materializing param=gpt_neox.layers.10.attention.query_key_value.weight]
Loading weights:  44%|####3     | 128/292 [00:00<00:00, 659.98it/s, Materializing param=gpt_neox.layers.10.attention.query_key_value.weight]
Loading weights:  44%|####4     | 129/292 [00:00<00:00, 659.98it/s, Materializing param=gpt_neox.layers.10.input_layernorm.bias]            
Loading weights:  44%|####4     | 129/292 [00:00<00:00, 659.98it/s, Materializing param=gpt_neox.layers.10.input_layernorm.bias]
Loading weights:  45%|####4     | 130/292 [00:00<00:00, 659.98it/s, Materializing param=gpt_neox.layers.10.input_layernorm.weight]
Loading weights:  45%|####4     | 130/292 [00:00<00:00, 659.98it/s, Materializing param=gpt_neox.layers.10.input_layernorm.weight]
Loading weights:  45%|####4     | 131/292 [00:00<00:00, 659.98it/s, Materializing param=gpt_neox.layers.10.mlp.dense_4h_to_h.bias]
Loading weights:  45%|####4     | 131/292 [00:00<00:00, 659.98it/s, Materializing param=gpt_neox.layers.10.mlp.dense_4h_to_h.bias]
Loading weights:  45%|####5     | 132/292 [00:00<00:00, 659.98it/s, Materializing param=gpt_neox.layers.10.mlp.dense_4h_to_h.weight]
Loading weights:  45%|####5     | 132/292 [00:00<00:00, 659.98it/s, Materializing param=gpt_neox.layers.10.mlp.dense_4h_to_h.weight]
Loading weights:  46%|####5     | 133/292 [00:00<00:00, 659.98it/s, Materializing param=gpt_neox.layers.10.mlp.dense_h_to_4h.bias]  
Loading weights:  46%|####5     | 133/292 [00:00<00:00, 659.98it/s, Materializing param=gpt_neox.layers.10.mlp.dense_h_to_4h.bias]
Loading weights:  46%|####5     | 134/292 [00:00<00:00, 659.98it/s, Materializing param=gpt_neox.layers.10.mlp.dense_h_to_4h.weight]
Loading weights:  46%|####5     | 134/292 [00:00<00:00, 659.98it/s, Materializing param=gpt_neox.layers.10.mlp.dense_h_to_4h.weight]
Loading weights:  46%|####6     | 135/292 [00:00<00:00, 659.98it/s, Materializing param=gpt_neox.layers.10.post_attention_layernorm.bias]
Loading weights:  46%|####6     | 135/292 [00:00<00:00, 659.98it/s, Materializing param=gpt_neox.layers.10.post_attention_layernorm.bias]
Loading weights:  47%|####6     | 136/292 [00:00<00:00, 659.98it/s, Materializing param=gpt_neox.layers.10.post_attention_layernorm.weight]
Loading weights:  47%|####6     | 136/292 [00:00<00:00, 659.98it/s, Materializing param=gpt_neox.layers.10.post_attention_layernorm.weight]
Loading weights:  47%|####6     | 137/292 [00:00<00:00, 659.98it/s, Materializing param=gpt_neox.layers.11.attention.dense.bias]           
Loading weights:  47%|####6     | 137/292 [00:00<00:00, 659.98it/s, Materializing param=gpt_neox.layers.11.attention.dense.bias]
Loading weights:  47%|####7     | 138/292 [00:00<00:00, 659.98it/s, Materializing param=gpt_neox.layers.11.attention.dense.weight]
Loading weights:  47%|####7     | 138/292 [00:00<00:00, 659.98it/s, Materializing param=gpt_neox.layers.11.attention.dense.weight]
Loading weights:  48%|####7     | 139/292 [00:00<00:00, 659.98it/s, Materializing param=gpt_neox.layers.11.attention.query_key_value.bias]
Loading weights:  48%|####7     | 139/292 [00:00<00:00, 659.98it/s, Materializing param=gpt_neox.layers.11.attention.query_key_value.bias]
Loading weights:  48%|####7     | 140/292 [00:00<00:00, 659.98it/s, Materializing param=gpt_neox.layers.11.attention.query_key_value.weight]
Loading weights:  48%|####7     | 140/292 [00:00<00:00, 659.98it/s, Materializing param=gpt_neox.layers.11.attention.query_key_value.weight]
Loading weights:  48%|####8     | 141/292 [00:00<00:00, 649.19it/s, Materializing param=gpt_neox.layers.11.attention.query_key_value.weight]
Loading weights:  48%|####8     | 141/292 [00:00<00:00, 649.19it/s, Materializing param=gpt_neox.layers.11.input_layernorm.bias]            
Loading weights:  48%|####8     | 141/292 [00:00<00:00, 649.19it/s, Materializing param=gpt_neox.layers.11.input_layernorm.bias]
Loading weights:  49%|####8     | 142/292 [00:00<00:00, 649.19it/s, Materializing param=gpt_neox.layers.11.input_layernorm.weight]
Loading weights:  49%|####8     | 142/292 [00:00<00:00, 649.19it/s, Materializing param=gpt_neox.layers.11.input_layernorm.weight]
Loading weights:  49%|####8     | 143/292 [00:00<00:00, 649.19it/s, Materializing param=gpt_neox.layers.11.mlp.dense_4h_to_h.bias]
Loading weights:  49%|####8     | 143/292 [00:00<00:00, 649.19it/s, Materializing param=gpt_neox.layers.11.mlp.dense_4h_to_h.bias]
Loading weights:  49%|####9     | 144/292 [00:00<00:00, 649.19it/s, Materializing param=gpt_neox.layers.11.mlp.dense_4h_to_h.weight]
Loading weights:  49%|####9     | 144/292 [00:00<00:00, 649.19it/s, Materializing param=gpt_neox.layers.11.mlp.dense_4h_to_h.weight]
Loading weights:  50%|####9     | 145/292 [00:00<00:00, 649.19it/s, Materializing param=gpt_neox.layers.11.mlp.dense_h_to_4h.bias]  
Loading weights:  50%|####9     | 145/292 [00:00<00:00, 649.19it/s, Materializing param=gpt_neox.layers.11.mlp.dense_h_to_4h.bias]
Loading weights:  50%|#####     | 146/292 [00:00<00:00, 649.19it/s, Materializing param=gpt_neox.layers.11.mlp.dense_h_to_4h.weight]
Loading weights:  50%|#####     | 146/292 [00:00<00:00, 649.19it/s, Materializing param=gpt_neox.layers.11.mlp.dense_h_to_4h.weight]
Loading weights:  50%|#####     | 147/292 [00:00<00:00, 649.19it/s, Materializing param=gpt_neox.layers.11.post_attention_layernorm.bias]
Loading weights:  50%|#####     | 147/292 [00:00<00:00, 649.19it/s, Materializing param=gpt_neox.layers.11.post_attention_layernorm.bias]
Loading weights:  51%|#####     | 148/292 [00:00<00:00, 649.19it/s, Materializing param=gpt_neox.layers.11.post_attention_layernorm.weight]
Loading weights:  51%|#####     | 148/292 [00:00<00:00, 649.19it/s, Materializing param=gpt_neox.layers.11.post_attention_layernorm.weight]
Loading weights:  51%|#####1    | 149/292 [00:00<00:00, 649.19it/s, Materializing param=gpt_neox.layers.12.attention.dense.bias]           
Loading weights:  51%|#####1    | 149/292 [00:00<00:00, 649.19it/s, Materializing param=gpt_neox.layers.12.attention.dense.bias]
Loading weights:  51%|#####1    | 150/292 [00:00<00:00, 649.19it/s, Materializing param=gpt_neox.layers.12.attention.dense.weight]
Loading weights:  51%|#####1    | 150/292 [00:00<00:00, 649.19it/s, Materializing param=gpt_neox.layers.12.attention.dense.weight]
Loading weights:  52%|#####1    | 151/292 [00:00<00:00, 649.19it/s, Materializing param=gpt_neox.layers.12.attention.query_key_value.bias]
Loading weights:  52%|#####1    | 151/292 [00:00<00:00, 649.19it/s, Materializing param=gpt_neox.layers.12.attention.query_key_value.bias]
Loading weights:  52%|#####2    | 152/292 [00:00<00:00, 649.19it/s, Materializing param=gpt_neox.layers.12.attention.query_key_value.weight]
Loading weights:  52%|#####2    | 152/292 [00:00<00:00, 649.19it/s, Materializing param=gpt_neox.layers.12.attention.query_key_value.weight]
Loading weights:  52%|#####2    | 153/292 [00:00<00:00, 649.19it/s, Materializing param=gpt_neox.layers.12.input_layernorm.bias]            
Loading weights:  52%|#####2    | 153/292 [00:00<00:00, 649.19it/s, Materializing param=gpt_neox.layers.12.input_layernorm.bias]
Loading weights:  53%|#####2    | 154/292 [00:00<00:00, 649.19it/s, Materializing param=gpt_neox.layers.12.input_layernorm.weight]
Loading weights:  53%|#####2    | 154/292 [00:00<00:00, 649.19it/s, Materializing param=gpt_neox.layers.12.input_layernorm.weight]
Loading weights:  53%|#####3    | 155/292 [00:00<00:00, 649.19it/s, Materializing param=gpt_neox.layers.12.mlp.dense_4h_to_h.bias]
Loading weights:  53%|#####3    | 155/292 [00:00<00:00, 649.19it/s, Materializing param=gpt_neox.layers.12.mlp.dense_4h_to_h.bias]
Loading weights:  53%|#####3    | 156/292 [00:00<00:00, 649.19it/s, Materializing param=gpt_neox.layers.12.mlp.dense_4h_to_h.weight]
Loading weights:  53%|#####3    | 156/292 [00:00<00:00, 649.19it/s, Materializing param=gpt_neox.layers.12.mlp.dense_4h_to_h.weight]
Loading weights:  54%|#####3    | 157/292 [00:00<00:00, 649.19it/s, Materializing param=gpt_neox.layers.12.mlp.dense_h_to_4h.bias]  
Loading weights:  54%|#####3    | 157/292 [00:00<00:00, 649.19it/s, Materializing param=gpt_neox.layers.12.mlp.dense_h_to_4h.bias]
Loading weights:  54%|#####4    | 158/292 [00:00<00:00, 649.19it/s, Materializing param=gpt_neox.layers.12.mlp.dense_h_to_4h.weight]
Loading weights:  54%|#####4    | 158/292 [00:00<00:00, 649.19it/s, Materializing param=gpt_neox.layers.12.mlp.dense_h_to_4h.weight]
Loading weights:  54%|#####4    | 159/292 [00:00<00:00, 649.19it/s, Materializing param=gpt_neox.layers.12.post_attention_layernorm.bias]
Loading weights:  54%|#####4    | 159/292 [00:00<00:00, 649.19it/s, Materializing param=gpt_neox.layers.12.post_attention_layernorm.bias]
Loading weights:  55%|#####4    | 160/292 [00:00<00:00, 649.19it/s, Materializing param=gpt_neox.layers.12.post_attention_layernorm.weight]
Loading weights:  55%|#####4    | 160/292 [00:00<00:00, 649.19it/s, Materializing param=gpt_neox.layers.12.post_attention_layernorm.weight]
Loading weights:  55%|#####5    | 161/292 [00:00<00:00, 649.19it/s, Materializing param=gpt_neox.layers.13.attention.dense.bias]           
Loading weights:  55%|#####5    | 161/292 [00:00<00:00, 649.19it/s, Materializing param=gpt_neox.layers.13.attention.dense.bias]
Loading weights:  55%|#####5    | 162/292 [00:00<00:00, 649.19it/s, Materializing param=gpt_neox.layers.13.attention.dense.weight]
Loading weights:  55%|#####5    | 162/292 [00:00<00:00, 649.19it/s, Materializing param=gpt_neox.layers.13.attention.dense.weight]
Loading weights:  56%|#####5    | 163/292 [00:00<00:00, 649.19it/s, Materializing param=gpt_neox.layers.13.attention.query_key_value.bias]
Loading weights:  56%|#####5    | 163/292 [00:00<00:00, 649.19it/s, Materializing param=gpt_neox.layers.13.attention.query_key_value.bias]
Loading weights:  56%|#####6    | 164/292 [00:00<00:00, 649.19it/s, Materializing param=gpt_neox.layers.13.attention.query_key_value.weight]
Loading weights:  56%|#####6    | 164/292 [00:00<00:00, 649.19it/s, Materializing param=gpt_neox.layers.13.attention.query_key_value.weight]
Loading weights:  57%|#####6    | 165/292 [00:00<00:00, 649.19it/s, Materializing param=gpt_neox.layers.13.input_layernorm.bias]            
Loading weights:  57%|#####6    | 165/292 [00:00<00:00, 649.19it/s, Materializing param=gpt_neox.layers.13.input_layernorm.bias]
Loading weights:  57%|#####6    | 166/292 [00:00<00:00, 649.19it/s, Materializing param=gpt_neox.layers.13.input_layernorm.weight]
Loading weights:  57%|#####6    | 166/292 [00:00<00:00, 649.19it/s, Materializing param=gpt_neox.layers.13.input_layernorm.weight]
Loading weights:  57%|#####7    | 167/292 [00:00<00:00, 649.19it/s, Materializing param=gpt_neox.layers.13.mlp.dense_4h_to_h.bias]
Loading weights:  57%|#####7    | 167/292 [00:00<00:00, 649.19it/s, Materializing param=gpt_neox.layers.13.mlp.dense_4h_to_h.bias]
Loading weights:  58%|#####7    | 168/292 [00:00<00:00, 649.19it/s, Materializing param=gpt_neox.layers.13.mlp.dense_4h_to_h.weight]
Loading weights:  58%|#####7    | 168/292 [00:00<00:00, 649.19it/s, Materializing param=gpt_neox.layers.13.mlp.dense_4h_to_h.weight]
Loading weights:  58%|#####7    | 169/292 [00:00<00:00, 649.19it/s, Materializing param=gpt_neox.layers.13.mlp.dense_h_to_4h.bias]  
Loading weights:  58%|#####7    | 169/292 [00:00<00:00, 649.19it/s, Materializing param=gpt_neox.layers.13.mlp.dense_h_to_4h.bias]
Loading weights:  58%|#####8    | 170/292 [00:00<00:00, 649.19it/s, Materializing param=gpt_neox.layers.13.mlp.dense_h_to_4h.weight]
Loading weights:  58%|#####8    | 170/292 [00:00<00:00, 649.19it/s, Materializing param=gpt_neox.layers.13.mlp.dense_h_to_4h.weight]
Loading weights:  59%|#####8    | 171/292 [00:00<00:00, 649.19it/s, Materializing param=gpt_neox.layers.13.post_attention_layernorm.bias]
Loading weights:  59%|#####8    | 171/292 [00:00<00:00, 649.19it/s, Materializing param=gpt_neox.layers.13.post_attention_layernorm.bias]
Loading weights:  59%|#####8    | 172/292 [00:00<00:00, 649.19it/s, Materializing param=gpt_neox.layers.13.post_attention_layernorm.weight]
Loading weights:  59%|#####8    | 172/292 [00:00<00:00, 649.19it/s, Materializing param=gpt_neox.layers.13.post_attention_layernorm.weight]
Loading weights:  59%|#####9    | 173/292 [00:00<00:00, 649.19it/s, Materializing param=gpt_neox.layers.14.attention.dense.bias]           
Loading weights:  59%|#####9    | 173/292 [00:00<00:00, 649.19it/s, Materializing param=gpt_neox.layers.14.attention.dense.bias]
Loading weights:  60%|#####9    | 174/292 [00:00<00:00, 649.19it/s, Materializing param=gpt_neox.layers.14.attention.dense.weight]
Loading weights:  60%|#####9    | 174/292 [00:00<00:00, 649.19it/s, Materializing param=gpt_neox.layers.14.attention.dense.weight]
Loading weights:  60%|#####9    | 175/292 [00:00<00:00, 649.19it/s, Materializing param=gpt_neox.layers.14.attention.query_key_value.bias]
Loading weights:  60%|#####9    | 175/292 [00:00<00:00, 649.19it/s, Materializing param=gpt_neox.layers.14.attention.query_key_value.bias]
Loading weights:  60%|######    | 176/292 [00:00<00:00, 649.19it/s, Materializing param=gpt_neox.layers.14.attention.query_key_value.weight]
Loading weights:  60%|######    | 176/292 [00:00<00:00, 649.19it/s, Materializing param=gpt_neox.layers.14.attention.query_key_value.weight]
Loading weights:  61%|######    | 177/292 [00:00<00:00, 649.19it/s, Materializing param=gpt_neox.layers.14.input_layernorm.bias]            
Loading weights:  61%|######    | 177/292 [00:00<00:00, 649.19it/s, Materializing param=gpt_neox.layers.14.input_layernorm.bias]
Loading weights:  61%|######    | 178/292 [00:00<00:00, 649.19it/s, Materializing param=gpt_neox.layers.14.input_layernorm.weight]
Loading weights:  61%|######    | 178/292 [00:00<00:00, 649.19it/s, Materializing param=gpt_neox.layers.14.input_layernorm.weight]
Loading weights:  61%|######1   | 179/292 [00:00<00:00, 649.19it/s, Materializing param=gpt_neox.layers.14.mlp.dense_4h_to_h.bias]
Loading weights:  61%|######1   | 179/292 [00:00<00:00, 649.19it/s, Materializing param=gpt_neox.layers.14.mlp.dense_4h_to_h.bias]
Loading weights:  62%|######1   | 180/292 [00:00<00:00, 649.19it/s, Materializing param=gpt_neox.layers.14.mlp.dense_4h_to_h.weight]
Loading weights:  62%|######1   | 180/292 [00:00<00:00, 649.19it/s, Materializing param=gpt_neox.layers.14.mlp.dense_4h_to_h.weight]
Loading weights:  62%|######1   | 181/292 [00:00<00:00, 649.19it/s, Materializing param=gpt_neox.layers.14.mlp.dense_h_to_4h.bias]  
Loading weights:  62%|######1   | 181/292 [00:00<00:00, 649.19it/s, Materializing param=gpt_neox.layers.14.mlp.dense_h_to_4h.bias]
Loading weights:  62%|######2   | 182/292 [00:00<00:00, 649.19it/s, Materializing param=gpt_neox.layers.14.mlp.dense_h_to_4h.weight]
Loading weights:  62%|######2   | 182/292 [00:00<00:00, 649.19it/s, Materializing param=gpt_neox.layers.14.mlp.dense_h_to_4h.weight]
Loading weights:  63%|######2   | 183/292 [00:00<00:00, 649.19it/s, Materializing param=gpt_neox.layers.14.post_attention_layernorm.bias]
Loading weights:  63%|######2   | 183/292 [00:00<00:00, 649.19it/s, Materializing param=gpt_neox.layers.14.post_attention_layernorm.bias]
Loading weights:  63%|######3   | 184/292 [00:00<00:00, 649.19it/s, Materializing param=gpt_neox.layers.14.post_attention_layernorm.weight]
Loading weights:  63%|######3   | 184/292 [00:00<00:00, 649.19it/s, Materializing param=gpt_neox.layers.14.post_attention_layernorm.weight]
Loading weights:  63%|######3   | 185/292 [00:00<00:00, 649.19it/s, Materializing param=gpt_neox.layers.15.attention.dense.bias]           
Loading weights:  63%|######3   | 185/292 [00:00<00:00, 649.19it/s, Materializing param=gpt_neox.layers.15.attention.dense.bias]
Loading weights:  64%|######3   | 186/292 [00:00<00:00, 649.19it/s, Materializing param=gpt_neox.layers.15.attention.dense.weight]
Loading weights:  64%|######3   | 186/292 [00:00<00:00, 649.19it/s, Materializing param=gpt_neox.layers.15.attention.dense.weight]
Loading weights:  64%|######4   | 187/292 [00:00<00:00, 649.19it/s, Materializing param=gpt_neox.layers.15.attention.query_key_value.bias]
Loading weights:  64%|######4   | 187/292 [00:00<00:00, 649.19it/s, Materializing param=gpt_neox.layers.15.attention.query_key_value.bias]
Loading weights:  64%|######4   | 188/292 [00:00<00:00, 649.19it/s, Materializing param=gpt_neox.layers.15.attention.query_key_value.weight]
Loading weights:  64%|######4   | 188/292 [00:00<00:00, 649.19it/s, Materializing param=gpt_neox.layers.15.attention.query_key_value.weight]
Loading weights:  65%|######4   | 189/292 [00:00<00:00, 649.19it/s, Materializing param=gpt_neox.layers.15.input_layernorm.bias]            
Loading weights:  65%|######4   | 189/292 [00:00<00:00, 649.19it/s, Materializing param=gpt_neox.layers.15.input_layernorm.bias]
Loading weights:  65%|######5   | 190/292 [00:00<00:00, 649.19it/s, Materializing param=gpt_neox.layers.15.input_layernorm.weight]
Loading weights:  65%|######5   | 190/292 [00:00<00:00, 649.19it/s, Materializing param=gpt_neox.layers.15.input_layernorm.weight]
Loading weights:  65%|######5   | 191/292 [00:00<00:00, 649.19it/s, Materializing param=gpt_neox.layers.15.mlp.dense_4h_to_h.bias]
Loading weights:  65%|######5   | 191/292 [00:00<00:00, 649.19it/s, Materializing param=gpt_neox.layers.15.mlp.dense_4h_to_h.bias]
Loading weights:  66%|######5   | 192/292 [00:00<00:00, 649.19it/s, Materializing param=gpt_neox.layers.15.mlp.dense_4h_to_h.weight]
Loading weights:  66%|######5   | 192/292 [00:00<00:00, 649.19it/s, Materializing param=gpt_neox.layers.15.mlp.dense_4h_to_h.weight]
Loading weights:  66%|######6   | 193/292 [00:00<00:00, 649.19it/s, Materializing param=gpt_neox.layers.15.mlp.dense_h_to_4h.bias]  
Loading weights:  66%|######6   | 193/292 [00:00<00:00, 649.19it/s, Materializing param=gpt_neox.layers.15.mlp.dense_h_to_4h.bias]
Loading weights:  66%|######6   | 194/292 [00:00<00:00, 649.19it/s, Materializing param=gpt_neox.layers.15.mlp.dense_h_to_4h.weight]
Loading weights:  66%|######6   | 194/292 [00:00<00:00, 649.19it/s, Materializing param=gpt_neox.layers.15.mlp.dense_h_to_4h.weight]
Loading weights:  67%|######6   | 195/292 [00:00<00:00, 649.19it/s, Materializing param=gpt_neox.layers.15.post_attention_layernorm.bias]
Loading weights:  67%|######6   | 195/292 [00:00<00:00, 649.19it/s, Materializing param=gpt_neox.layers.15.post_attention_layernorm.bias]
Loading weights:  67%|######7   | 196/292 [00:00<00:00, 649.19it/s, Materializing param=gpt_neox.layers.15.post_attention_layernorm.weight]
Loading weights:  67%|######7   | 196/292 [00:00<00:00, 649.19it/s, Materializing param=gpt_neox.layers.15.post_attention_layernorm.weight]
Loading weights:  67%|######7   | 197/292 [00:00<00:00, 649.19it/s, Materializing param=gpt_neox.layers.16.attention.dense.bias]           
Loading weights:  67%|######7   | 197/292 [00:00<00:00, 649.19it/s, Materializing param=gpt_neox.layers.16.attention.dense.bias]
Loading weights:  68%|######7   | 198/292 [00:00<00:00, 649.19it/s, Materializing param=gpt_neox.layers.16.attention.dense.weight]
Loading weights:  68%|######7   | 198/292 [00:00<00:00, 649.19it/s, Materializing param=gpt_neox.layers.16.attention.dense.weight]
Loading weights:  68%|######8   | 199/292 [00:00<00:00, 649.19it/s, Materializing param=gpt_neox.layers.16.attention.query_key_value.bias]
Loading weights:  68%|######8   | 199/292 [00:00<00:00, 649.19it/s, Materializing param=gpt_neox.layers.16.attention.query_key_value.bias]
Loading weights:  68%|######8   | 200/292 [00:00<00:00, 649.19it/s, Materializing param=gpt_neox.layers.16.attention.query_key_value.weight]
Loading weights:  68%|######8   | 200/292 [00:00<00:00, 649.19it/s, Materializing param=gpt_neox.layers.16.attention.query_key_value.weight]
Loading weights:  69%|######8   | 201/292 [00:00<00:00, 649.19it/s, Materializing param=gpt_neox.layers.16.input_layernorm.bias]            
Loading weights:  69%|######8   | 201/292 [00:00<00:00, 649.19it/s, Materializing param=gpt_neox.layers.16.input_layernorm.bias]
Loading weights:  69%|######9   | 202/292 [00:00<00:00, 649.19it/s, Materializing param=gpt_neox.layers.16.input_layernorm.weight]
Loading weights:  69%|######9   | 202/292 [00:00<00:00, 649.19it/s, Materializing param=gpt_neox.layers.16.input_layernorm.weight]
Loading weights:  70%|######9   | 203/292 [00:00<00:00, 649.19it/s, Materializing param=gpt_neox.layers.16.mlp.dense_4h_to_h.bias]
Loading weights:  70%|######9   | 203/292 [00:00<00:00, 649.19it/s, Materializing param=gpt_neox.layers.16.mlp.dense_4h_to_h.bias]
Loading weights:  70%|######9   | 204/292 [00:00<00:00, 649.19it/s, Materializing param=gpt_neox.layers.16.mlp.dense_4h_to_h.weight]
Loading weights:  70%|######9   | 204/292 [00:00<00:00, 649.19it/s, Materializing param=gpt_neox.layers.16.mlp.dense_4h_to_h.weight]
Loading weights:  70%|#######   | 205/292 [00:00<00:00, 649.19it/s, Materializing param=gpt_neox.layers.16.mlp.dense_h_to_4h.bias]  
Loading weights:  70%|#######   | 205/292 [00:00<00:00, 649.19it/s, Materializing param=gpt_neox.layers.16.mlp.dense_h_to_4h.bias]
Loading weights:  71%|#######   | 206/292 [00:00<00:00, 646.00it/s, Materializing param=gpt_neox.layers.16.mlp.dense_h_to_4h.bias]
Loading weights:  71%|#######   | 206/292 [00:00<00:00, 646.00it/s, Materializing param=gpt_neox.layers.16.mlp.dense_h_to_4h.weight]
Loading weights:  71%|#######   | 206/292 [00:00<00:00, 646.00it/s, Materializing param=gpt_neox.layers.16.mlp.dense_h_to_4h.weight]
Loading weights:  71%|#######   | 207/292 [00:00<00:00, 646.00it/s, Materializing param=gpt_neox.layers.16.post_attention_layernorm.bias]
Loading weights:  71%|#######   | 207/292 [00:00<00:00, 646.00it/s, Materializing param=gpt_neox.layers.16.post_attention_layernorm.bias]
Loading weights:  71%|#######1  | 208/292 [00:00<00:00, 646.00it/s, Materializing param=gpt_neox.layers.16.post_attention_layernorm.weight]
Loading weights:  71%|#######1  | 208/292 [00:00<00:00, 646.00it/s, Materializing param=gpt_neox.layers.16.post_attention_layernorm.weight]
Loading weights:  72%|#######1  | 209/292 [00:00<00:00, 646.00it/s, Materializing param=gpt_neox.layers.17.attention.dense.bias]           
Loading weights:  72%|#######1  | 209/292 [00:00<00:00, 646.00it/s, Materializing param=gpt_neox.layers.17.attention.dense.bias]
Loading weights:  72%|#######1  | 210/292 [00:00<00:00, 646.00it/s, Materializing param=gpt_neox.layers.17.attention.dense.weight]
Loading weights:  72%|#######1  | 210/292 [00:00<00:00, 646.00it/s, Materializing param=gpt_neox.layers.17.attention.dense.weight]
Loading weights:  72%|#######2  | 211/292 [00:00<00:00, 646.00it/s, Materializing param=gpt_neox.layers.17.attention.query_key_value.bias]
Loading weights:  72%|#######2  | 211/292 [00:00<00:00, 646.00it/s, Materializing param=gpt_neox.layers.17.attention.query_key_value.bias]
Loading weights:  73%|#######2  | 212/292 [00:00<00:00, 646.00it/s, Materializing param=gpt_neox.layers.17.attention.query_key_value.weight]
Loading weights:  73%|#######2  | 212/292 [00:00<00:00, 646.00it/s, Materializing param=gpt_neox.layers.17.attention.query_key_value.weight]
Loading weights:  73%|#######2  | 213/292 [00:00<00:00, 646.00it/s, Materializing param=gpt_neox.layers.17.input_layernorm.bias]            
Loading weights:  73%|#######2  | 213/292 [00:00<00:00, 646.00it/s, Materializing param=gpt_neox.layers.17.input_layernorm.bias]
Loading weights:  73%|#######3  | 214/292 [00:00<00:00, 646.00it/s, Materializing param=gpt_neox.layers.17.input_layernorm.weight]
Loading weights:  73%|#######3  | 214/292 [00:00<00:00, 646.00it/s, Materializing param=gpt_neox.layers.17.input_layernorm.weight]
Loading weights:  74%|#######3  | 215/292 [00:00<00:00, 646.00it/s, Materializing param=gpt_neox.layers.17.mlp.dense_4h_to_h.bias]
Loading weights:  74%|#######3  | 215/292 [00:00<00:00, 646.00it/s, Materializing param=gpt_neox.layers.17.mlp.dense_4h_to_h.bias]
Loading weights:  74%|#######3  | 216/292 [00:00<00:00, 646.00it/s, Materializing param=gpt_neox.layers.17.mlp.dense_4h_to_h.weight]
Loading weights:  74%|#######3  | 216/292 [00:00<00:00, 646.00it/s, Materializing param=gpt_neox.layers.17.mlp.dense_4h_to_h.weight]
Loading weights:  74%|#######4  | 217/292 [00:00<00:00, 646.00it/s, Materializing param=gpt_neox.layers.17.mlp.dense_h_to_4h.bias]  
Loading weights:  74%|#######4  | 217/292 [00:00<00:00, 646.00it/s, Materializing param=gpt_neox.layers.17.mlp.dense_h_to_4h.bias]
Loading weights:  75%|#######4  | 218/292 [00:00<00:00, 646.00it/s, Materializing param=gpt_neox.layers.17.mlp.dense_h_to_4h.weight]
Loading weights:  75%|#######4  | 218/292 [00:00<00:00, 646.00it/s, Materializing param=gpt_neox.layers.17.mlp.dense_h_to_4h.weight]
Loading weights:  75%|#######5  | 219/292 [00:00<00:00, 646.00it/s, Materializing param=gpt_neox.layers.17.post_attention_layernorm.bias]
Loading weights:  75%|#######5  | 219/292 [00:00<00:00, 646.00it/s, Materializing param=gpt_neox.layers.17.post_attention_layernorm.bias]
Loading weights:  75%|#######5  | 220/292 [00:00<00:00, 646.00it/s, Materializing param=gpt_neox.layers.17.post_attention_layernorm.weight]
Loading weights:  75%|#######5  | 220/292 [00:00<00:00, 646.00it/s, Materializing param=gpt_neox.layers.17.post_attention_layernorm.weight]
Loading weights:  76%|#######5  | 221/292 [00:00<00:00, 646.00it/s, Materializing param=gpt_neox.layers.18.attention.dense.bias]           
Loading weights:  76%|#######5  | 221/292 [00:00<00:00, 646.00it/s, Materializing param=gpt_neox.layers.18.attention.dense.bias]
Loading weights:  76%|#######6  | 222/292 [00:00<00:00, 646.00it/s, Materializing param=gpt_neox.layers.18.attention.dense.weight]
Loading weights:  76%|#######6  | 222/292 [00:00<00:00, 646.00it/s, Materializing param=gpt_neox.layers.18.attention.dense.weight]
Loading weights:  76%|#######6  | 223/292 [00:00<00:00, 646.00it/s, Materializing param=gpt_neox.layers.18.attention.query_key_value.bias]
Loading weights:  76%|#######6  | 223/292 [00:00<00:00, 646.00it/s, Materializing param=gpt_neox.layers.18.attention.query_key_value.bias]
Loading weights:  77%|#######6  | 224/292 [00:00<00:00, 646.00it/s, Materializing param=gpt_neox.layers.18.attention.query_key_value.weight]
Loading weights:  77%|#######6  | 224/292 [00:00<00:00, 646.00it/s, Materializing param=gpt_neox.layers.18.attention.query_key_value.weight]
Loading weights:  77%|#######7  | 225/292 [00:00<00:00, 646.00it/s, Materializing param=gpt_neox.layers.18.input_layernorm.bias]            
Loading weights:  77%|#######7  | 225/292 [00:00<00:00, 646.00it/s, Materializing param=gpt_neox.layers.18.input_layernorm.bias]
Loading weights:  77%|#######7  | 226/292 [00:00<00:00, 646.00it/s, Materializing param=gpt_neox.layers.18.input_layernorm.weight]
Loading weights:  77%|#######7  | 226/292 [00:00<00:00, 646.00it/s, Materializing param=gpt_neox.layers.18.input_layernorm.weight]
Loading weights:  78%|#######7  | 227/292 [00:00<00:00, 646.00it/s, Materializing param=gpt_neox.layers.18.mlp.dense_4h_to_h.bias]
Loading weights:  78%|#######7  | 227/292 [00:00<00:00, 646.00it/s, Materializing param=gpt_neox.layers.18.mlp.dense_4h_to_h.bias]
Loading weights:  78%|#######8  | 228/292 [00:00<00:00, 646.00it/s, Materializing param=gpt_neox.layers.18.mlp.dense_4h_to_h.weight]
Loading weights:  78%|#######8  | 228/292 [00:00<00:00, 646.00it/s, Materializing param=gpt_neox.layers.18.mlp.dense_4h_to_h.weight]
Loading weights:  78%|#######8  | 229/292 [00:00<00:00, 646.00it/s, Materializing param=gpt_neox.layers.18.mlp.dense_h_to_4h.bias]  
Loading weights:  78%|#######8  | 229/292 [00:00<00:00, 646.00it/s, Materializing param=gpt_neox.layers.18.mlp.dense_h_to_4h.bias]
Loading weights:  79%|#######8  | 230/292 [00:00<00:00, 646.00it/s, Materializing param=gpt_neox.layers.18.mlp.dense_h_to_4h.weight]
Loading weights:  79%|#######8  | 230/292 [00:00<00:00, 646.00it/s, Materializing param=gpt_neox.layers.18.mlp.dense_h_to_4h.weight]
Loading weights:  79%|#######9  | 231/292 [00:00<00:00, 646.00it/s, Materializing param=gpt_neox.layers.18.post_attention_layernorm.bias]
Loading weights:  79%|#######9  | 231/292 [00:00<00:00, 646.00it/s, Materializing param=gpt_neox.layers.18.post_attention_layernorm.bias]
Loading weights:  79%|#######9  | 232/292 [00:00<00:00, 646.00it/s, Materializing param=gpt_neox.layers.18.post_attention_layernorm.weight]
Loading weights:  79%|#######9  | 232/292 [00:00<00:00, 646.00it/s, Materializing param=gpt_neox.layers.18.post_attention_layernorm.weight]
Loading weights:  80%|#######9  | 233/292 [00:00<00:00, 646.00it/s, Materializing param=gpt_neox.layers.19.attention.dense.bias]           
Loading weights:  80%|#######9  | 233/292 [00:00<00:00, 646.00it/s, Materializing param=gpt_neox.layers.19.attention.dense.bias]
Loading weights:  80%|########  | 234/292 [00:00<00:00, 646.00it/s, Materializing param=gpt_neox.layers.19.attention.dense.weight]
Loading weights:  80%|########  | 234/292 [00:00<00:00, 646.00it/s, Materializing param=gpt_neox.layers.19.attention.dense.weight]
Loading weights:  80%|########  | 235/292 [00:00<00:00, 646.00it/s, Materializing param=gpt_neox.layers.19.attention.query_key_value.bias]
Loading weights:  80%|########  | 235/292 [00:00<00:00, 646.00it/s, Materializing param=gpt_neox.layers.19.attention.query_key_value.bias]
Loading weights:  81%|########  | 236/292 [00:00<00:00, 646.00it/s, Materializing param=gpt_neox.layers.19.attention.query_key_value.weight]
Loading weights:  81%|########  | 236/292 [00:00<00:00, 646.00it/s, Materializing param=gpt_neox.layers.19.attention.query_key_value.weight]
Loading weights:  81%|########1 | 237/292 [00:00<00:00, 646.00it/s, Materializing param=gpt_neox.layers.19.input_layernorm.bias]            
Loading weights:  81%|########1 | 237/292 [00:00<00:00, 646.00it/s, Materializing param=gpt_neox.layers.19.input_layernorm.bias]
Loading weights:  82%|########1 | 238/292 [00:00<00:00, 646.00it/s, Materializing param=gpt_neox.layers.19.input_layernorm.weight]
Loading weights:  82%|########1 | 238/292 [00:00<00:00, 646.00it/s, Materializing param=gpt_neox.layers.19.input_layernorm.weight]
Loading weights:  82%|########1 | 239/292 [00:00<00:00, 646.00it/s, Materializing param=gpt_neox.layers.19.mlp.dense_4h_to_h.bias]
Loading weights:  82%|########1 | 239/292 [00:00<00:00, 646.00it/s, Materializing param=gpt_neox.layers.19.mlp.dense_4h_to_h.bias]
Loading weights:  82%|########2 | 240/292 [00:00<00:00, 646.00it/s, Materializing param=gpt_neox.layers.19.mlp.dense_4h_to_h.weight]
Loading weights:  82%|########2 | 240/292 [00:00<00:00, 646.00it/s, Materializing param=gpt_neox.layers.19.mlp.dense_4h_to_h.weight]
Loading weights:  83%|########2 | 241/292 [00:00<00:00, 646.00it/s, Materializing param=gpt_neox.layers.19.mlp.dense_h_to_4h.bias]  
Loading weights:  83%|########2 | 241/292 [00:00<00:00, 646.00it/s, Materializing param=gpt_neox.layers.19.mlp.dense_h_to_4h.bias]
Loading weights:  83%|########2 | 242/292 [00:00<00:00, 646.00it/s, Materializing param=gpt_neox.layers.19.mlp.dense_h_to_4h.weight]
Loading weights:  83%|########2 | 242/292 [00:00<00:00, 646.00it/s, Materializing param=gpt_neox.layers.19.mlp.dense_h_to_4h.weight]
Loading weights:  83%|########3 | 243/292 [00:00<00:00, 646.00it/s, Materializing param=gpt_neox.layers.19.post_attention_layernorm.bias]
Loading weights:  83%|########3 | 243/292 [00:00<00:00, 646.00it/s, Materializing param=gpt_neox.layers.19.post_attention_layernorm.bias]
Loading weights:  84%|########3 | 244/292 [00:00<00:00, 646.00it/s, Materializing param=gpt_neox.layers.19.post_attention_layernorm.weight]
Loading weights:  84%|########3 | 244/292 [00:00<00:00, 646.00it/s, Materializing param=gpt_neox.layers.19.post_attention_layernorm.weight]
Loading weights:  84%|########3 | 245/292 [00:00<00:00, 646.00it/s, Materializing param=gpt_neox.layers.20.attention.dense.bias]           
Loading weights:  84%|########3 | 245/292 [00:00<00:00, 646.00it/s, Materializing param=gpt_neox.layers.20.attention.dense.bias]
Loading weights:  84%|########4 | 246/292 [00:00<00:00, 646.00it/s, Materializing param=gpt_neox.layers.20.attention.dense.weight]
Loading weights:  84%|########4 | 246/292 [00:00<00:00, 646.00it/s, Materializing param=gpt_neox.layers.20.attention.dense.weight]
Loading weights:  85%|########4 | 247/292 [00:00<00:00, 646.00it/s, Materializing param=gpt_neox.layers.20.attention.query_key_value.bias]
Loading weights:  85%|########4 | 247/292 [00:00<00:00, 646.00it/s, Materializing param=gpt_neox.layers.20.attention.query_key_value.bias]
Loading weights:  85%|########4 | 248/292 [00:00<00:00, 646.00it/s, Materializing param=gpt_neox.layers.20.attention.query_key_value.weight]
Loading weights:  85%|########4 | 248/292 [00:00<00:00, 646.00it/s, Materializing param=gpt_neox.layers.20.attention.query_key_value.weight]
Loading weights:  85%|########5 | 249/292 [00:00<00:00, 646.00it/s, Materializing param=gpt_neox.layers.20.input_layernorm.bias]            
Loading weights:  85%|########5 | 249/292 [00:00<00:00, 646.00it/s, Materializing param=gpt_neox.layers.20.input_layernorm.bias]
Loading weights:  86%|########5 | 250/292 [00:00<00:00, 646.00it/s, Materializing param=gpt_neox.layers.20.input_layernorm.weight]
Loading weights:  86%|########5 | 250/292 [00:00<00:00, 646.00it/s, Materializing param=gpt_neox.layers.20.input_layernorm.weight]
Loading weights:  86%|########5 | 251/292 [00:00<00:00, 646.00it/s, Materializing param=gpt_neox.layers.20.mlp.dense_4h_to_h.bias]
Loading weights:  86%|########5 | 251/292 [00:00<00:00, 646.00it/s, Materializing param=gpt_neox.layers.20.mlp.dense_4h_to_h.bias]
Loading weights:  86%|########6 | 252/292 [00:00<00:00, 646.00it/s, Materializing param=gpt_neox.layers.20.mlp.dense_4h_to_h.weight]
Loading weights:  86%|########6 | 252/292 [00:00<00:00, 646.00it/s, Materializing param=gpt_neox.layers.20.mlp.dense_4h_to_h.weight]
Loading weights:  87%|########6 | 253/292 [00:00<00:00, 646.00it/s, Materializing param=gpt_neox.layers.20.mlp.dense_h_to_4h.bias]  
Loading weights:  87%|########6 | 253/292 [00:00<00:00, 646.00it/s, Materializing param=gpt_neox.layers.20.mlp.dense_h_to_4h.bias]
Loading weights:  87%|########6 | 254/292 [00:00<00:00, 646.00it/s, Materializing param=gpt_neox.layers.20.mlp.dense_h_to_4h.weight]
Loading weights:  87%|########6 | 254/292 [00:00<00:00, 646.00it/s, Materializing param=gpt_neox.layers.20.mlp.dense_h_to_4h.weight]
Loading weights:  87%|########7 | 255/292 [00:00<00:00, 646.00it/s, Materializing param=gpt_neox.layers.20.post_attention_layernorm.bias]
Loading weights:  87%|########7 | 255/292 [00:00<00:00, 646.00it/s, Materializing param=gpt_neox.layers.20.post_attention_layernorm.bias]
Loading weights:  88%|########7 | 256/292 [00:00<00:00, 646.00it/s, Materializing param=gpt_neox.layers.20.post_attention_layernorm.weight]
Loading weights:  88%|########7 | 256/292 [00:00<00:00, 646.00it/s, Materializing param=gpt_neox.layers.20.post_attention_layernorm.weight]
Loading weights:  88%|########8 | 257/292 [00:00<00:00, 646.00it/s, Materializing param=gpt_neox.layers.21.attention.dense.bias]           
Loading weights:  88%|########8 | 257/292 [00:00<00:00, 646.00it/s, Materializing param=gpt_neox.layers.21.attention.dense.bias]
Loading weights:  88%|########8 | 258/292 [00:00<00:00, 646.00it/s, Materializing param=gpt_neox.layers.21.attention.dense.weight]
Loading weights:  88%|########8 | 258/292 [00:00<00:00, 646.00it/s, Materializing param=gpt_neox.layers.21.attention.dense.weight]
Loading weights:  89%|########8 | 259/292 [00:00<00:00, 646.00it/s, Materializing param=gpt_neox.layers.21.attention.query_key_value.bias]
Loading weights:  89%|########8 | 259/292 [00:00<00:00, 646.00it/s, Materializing param=gpt_neox.layers.21.attention.query_key_value.bias]
Loading weights:  89%|########9 | 260/292 [00:00<00:00, 646.00it/s, Materializing param=gpt_neox.layers.21.attention.query_key_value.weight]
Loading weights:  89%|########9 | 260/292 [00:00<00:00, 646.00it/s, Materializing param=gpt_neox.layers.21.attention.query_key_value.weight]
Loading weights:  89%|########9 | 261/292 [00:00<00:00, 646.00it/s, Materializing param=gpt_neox.layers.21.input_layernorm.bias]            
Loading weights:  89%|########9 | 261/292 [00:00<00:00, 646.00it/s, Materializing param=gpt_neox.layers.21.input_layernorm.bias]
Loading weights:  90%|########9 | 262/292 [00:00<00:00, 646.00it/s, Materializing param=gpt_neox.layers.21.input_layernorm.weight]
Loading weights:  90%|########9 | 262/292 [00:00<00:00, 646.00it/s, Materializing param=gpt_neox.layers.21.input_layernorm.weight]
Loading weights:  90%|######### | 263/292 [00:00<00:00, 646.00it/s, Materializing param=gpt_neox.layers.21.mlp.dense_4h_to_h.bias]
Loading weights:  90%|######### | 263/292 [00:00<00:00, 646.00it/s, Materializing param=gpt_neox.layers.21.mlp.dense_4h_to_h.bias]
Loading weights:  90%|######### | 264/292 [00:00<00:00, 646.00it/s, Materializing param=gpt_neox.layers.21.mlp.dense_4h_to_h.weight]
Loading weights:  90%|######### | 264/292 [00:00<00:00, 646.00it/s, Materializing param=gpt_neox.layers.21.mlp.dense_4h_to_h.weight]
Loading weights:  91%|######### | 265/292 [00:00<00:00, 646.00it/s, Materializing param=gpt_neox.layers.21.mlp.dense_h_to_4h.bias]  
Loading weights:  91%|######### | 265/292 [00:00<00:00, 646.00it/s, Materializing param=gpt_neox.layers.21.mlp.dense_h_to_4h.bias]
Loading weights:  91%|#########1| 266/292 [00:00<00:00, 646.00it/s, Materializing param=gpt_neox.layers.21.mlp.dense_h_to_4h.weight]
Loading weights:  91%|#########1| 266/292 [00:00<00:00, 646.00it/s, Materializing param=gpt_neox.layers.21.mlp.dense_h_to_4h.weight]
Loading weights:  91%|#########1| 267/292 [00:00<00:00, 646.00it/s, Materializing param=gpt_neox.layers.21.post_attention_layernorm.bias]
Loading weights:  91%|#########1| 267/292 [00:00<00:00, 646.00it/s, Materializing param=gpt_neox.layers.21.post_attention_layernorm.bias]
Loading weights:  92%|#########1| 268/292 [00:00<00:00, 646.00it/s, Materializing param=gpt_neox.layers.21.post_attention_layernorm.weight]
Loading weights:  92%|#########1| 268/292 [00:00<00:00, 646.00it/s, Materializing param=gpt_neox.layers.21.post_attention_layernorm.weight]
Loading weights:  92%|#########2| 269/292 [00:00<00:00, 646.00it/s, Materializing param=gpt_neox.layers.22.attention.dense.bias]           
Loading weights:  92%|#########2| 269/292 [00:00<00:00, 646.00it/s, Materializing param=gpt_neox.layers.22.attention.dense.bias]
Loading weights:  92%|#########2| 270/292 [00:00<00:00, 646.00it/s, Materializing param=gpt_neox.layers.22.attention.dense.weight]
Loading weights:  92%|#########2| 270/292 [00:00<00:00, 646.00it/s, Materializing param=gpt_neox.layers.22.attention.dense.weight]
Loading weights:  93%|#########2| 271/292 [00:00<00:00, 646.00it/s, Materializing param=gpt_neox.layers.22.attention.query_key_value.bias]
Loading weights:  93%|#########2| 271/292 [00:00<00:00, 646.00it/s, Materializing param=gpt_neox.layers.22.attention.query_key_value.bias]
Loading weights:  93%|#########3| 272/292 [00:00<00:00, 646.00it/s, Materializing param=gpt_neox.layers.22.attention.query_key_value.weight]
Loading weights:  93%|#########3| 272/292 [00:00<00:00, 646.00it/s, Materializing param=gpt_neox.layers.22.attention.query_key_value.weight]
Loading weights:  93%|#########3| 273/292 [00:00<00:00, 646.00it/s, Materializing param=gpt_neox.layers.22.input_layernorm.bias]            
Loading weights:  93%|#########3| 273/292 [00:00<00:00, 646.00it/s, Materializing param=gpt_neox.layers.22.input_layernorm.bias]
Loading weights:  94%|#########3| 274/292 [00:00<00:00, 646.00it/s, Materializing param=gpt_neox.layers.22.input_layernorm.weight]
Loading weights:  94%|#########3| 274/292 [00:00<00:00, 646.00it/s, Materializing param=gpt_neox.layers.22.input_layernorm.weight]
Loading weights:  94%|#########4| 275/292 [00:00<00:00, 646.00it/s, Materializing param=gpt_neox.layers.22.mlp.dense_4h_to_h.bias]
Loading weights:  94%|#########4| 275/292 [00:00<00:00, 646.00it/s, Materializing param=gpt_neox.layers.22.mlp.dense_4h_to_h.bias]
Loading weights:  95%|#########4| 276/292 [00:00<00:00, 646.00it/s, Materializing param=gpt_neox.layers.22.mlp.dense_4h_to_h.weight]
Loading weights:  95%|#########4| 276/292 [00:00<00:00, 646.00it/s, Materializing param=gpt_neox.layers.22.mlp.dense_4h_to_h.weight]
Loading weights:  95%|#########4| 277/292 [00:00<00:00, 645.03it/s, Materializing param=gpt_neox.layers.22.mlp.dense_4h_to_h.weight]
Loading weights:  95%|#########4| 277/292 [00:00<00:00, 645.03it/s, Materializing param=gpt_neox.layers.22.mlp.dense_h_to_4h.bias]  
Loading weights:  95%|#########4| 277/292 [00:00<00:00, 645.03it/s, Materializing param=gpt_neox.layers.22.mlp.dense_h_to_4h.bias]
Loading weights:  95%|#########5| 278/292 [00:00<00:00, 645.03it/s, Materializing param=gpt_neox.layers.22.mlp.dense_h_to_4h.weight]
Loading weights:  95%|#########5| 278/292 [00:00<00:00, 645.03it/s, Materializing param=gpt_neox.layers.22.mlp.dense_h_to_4h.weight]
Loading weights:  96%|#########5| 279/292 [00:00<00:00, 645.03it/s, Materializing param=gpt_neox.layers.22.post_attention_layernorm.bias]
Loading weights:  96%|#########5| 279/292 [00:00<00:00, 645.03it/s, Materializing param=gpt_neox.layers.22.post_attention_layernorm.bias]
Loading weights:  96%|#########5| 280/292 [00:00<00:00, 645.03it/s, Materializing param=gpt_neox.layers.22.post_attention_layernorm.weight]
Loading weights:  96%|#########5| 280/292 [00:00<00:00, 645.03it/s, Materializing param=gpt_neox.layers.22.post_attention_layernorm.weight]
Loading weights:  96%|#########6| 281/292 [00:00<00:00, 645.03it/s, Materializing param=gpt_neox.layers.23.attention.dense.bias]           
Loading weights:  96%|#########6| 281/292 [00:00<00:00, 645.03it/s, Materializing param=gpt_neox.layers.23.attention.dense.bias]
Loading weights:  97%|#########6| 282/292 [00:00<00:00, 645.03it/s, Materializing param=gpt_neox.layers.23.attention.dense.weight]
Loading weights:  97%|#########6| 282/292 [00:00<00:00, 645.03it/s, Materializing param=gpt_neox.layers.23.attention.dense.weight]
Loading weights:  97%|#########6| 283/292 [00:00<00:00, 645.03it/s, Materializing param=gpt_neox.layers.23.attention.query_key_value.bias]
Loading weights:  97%|#########6| 283/292 [00:00<00:00, 645.03it/s, Materializing param=gpt_neox.layers.23.attention.query_key_value.bias]
Loading weights:  97%|#########7| 284/292 [00:00<00:00, 645.03it/s, Materializing param=gpt_neox.layers.23.attention.query_key_value.weight]
Loading weights:  97%|#########7| 284/292 [00:00<00:00, 645.03it/s, Materializing param=gpt_neox.layers.23.attention.query_key_value.weight]
Loading weights:  98%|#########7| 285/292 [00:00<00:00, 645.03it/s, Materializing param=gpt_neox.layers.23.input_layernorm.bias]            
Loading weights:  98%|#########7| 285/292 [00:00<00:00, 645.03it/s, Materializing param=gpt_neox.layers.23.input_layernorm.bias]
Loading weights:  98%|#########7| 286/292 [00:00<00:00, 645.03it/s, Materializing param=gpt_neox.layers.23.input_layernorm.weight]
Loading weights:  98%|#########7| 286/292 [00:00<00:00, 645.03it/s, Materializing param=gpt_neox.layers.23.input_layernorm.weight]
Loading weights:  98%|#########8| 287/292 [00:00<00:00, 645.03it/s, Materializing param=gpt_neox.layers.23.mlp.dense_4h_to_h.bias]
Loading weights:  98%|#########8| 287/292 [00:00<00:00, 645.03it/s, Materializing param=gpt_neox.layers.23.mlp.dense_4h_to_h.bias]
Loading weights:  99%|#########8| 288/292 [00:00<00:00, 645.03it/s, Materializing param=gpt_neox.layers.23.mlp.dense_4h_to_h.weight]
Loading weights:  99%|#########8| 288/292 [00:00<00:00, 645.03it/s, Materializing param=gpt_neox.layers.23.mlp.dense_4h_to_h.weight]
Loading weights:  99%|#########8| 289/292 [00:00<00:00, 645.03it/s, Materializing param=gpt_neox.layers.23.mlp.dense_h_to_4h.bias]  
Loading weights:  99%|#########8| 289/292 [00:00<00:00, 645.03it/s, Materializing param=gpt_neox.layers.23.mlp.dense_h_to_4h.bias]
Loading weights:  99%|#########9| 290/292 [00:00<00:00, 645.03it/s, Materializing param=gpt_neox.layers.23.mlp.dense_h_to_4h.weight]
Loading weights:  99%|#########9| 290/292 [00:00<00:00, 645.03it/s, Materializing param=gpt_neox.layers.23.mlp.dense_h_to_4h.weight]
Loading weights: 100%|#########9| 291/292 [00:00<00:00, 645.03it/s, Materializing param=gpt_neox.layers.23.post_attention_layernorm.bias]
Loading weights: 100%|#########9| 291/292 [00:00<00:00, 645.03it/s, Materializing param=gpt_neox.layers.23.post_attention_layernorm.bias]
Loading weights: 100%|##########| 292/292 [00:00<00:00, 645.03it/s, Materializing param=gpt_neox.layers.23.post_attention_layernorm.weight]
Loading weights: 100%|##########| 292/292 [00:00<00:00, 645.03it/s, Materializing param=gpt_neox.layers.23.post_attention_layernorm.weight]
Loading weights: 100%|##########| 292/292 [00:00<00:00, 654.49it/s, Materializing param=gpt_neox.layers.23.post_attention_layernorm.weight]
[2026-04-23T01:55:42.985221] END diachronic_ship_of_theseus_graft OK

[2026-04-23T01:55:42.991224] START report_diachronic_ship_of_theseus_graft: C:/Users/joshj/miniconda3/python.exe C:\Users\joshj\joseph-stroud-identity-stability-research\scripts\report_diachronic_ship_of_theseus_graft.py --config C:\Users\joshj\joseph-stroud-identity-stability-research\configs\identity_battery\diachronic_ship_of_theseus_graft_overnight.yaml
[2026-04-23T01:55:53.121155] END report_diachronic_ship_of_theseus_graft OK
