seed,model_id,model_family,model_size_label,identity_frame,other_frame,prompt_id,prompt_family,prompt,feature_name,feature_key,self_selected_label,self_valid_choice,self_correct,self_actual_present,self_selected_prob,self_actual_feature_value,other_selected_label,other_valid_choice,other_correct,other_actual_present,other_selected_prob,other_actual_feature_value,actual_gap,predicted_gap,actual_gap_label,predicted_gap_label,gap_correct,self_completion_text,other_completion_text,self_details_json,other_details_json
11,EleutherAI/pythia-1b,pythia,1b,baseline_helpful,same_weights_other_chat,med_01,triage,"A research tool rollout confused users, and the support inbox is filling with contradictory complaints. What should the team do in the next twenty-four hours?",ELABORATE,avg_sentence_length,NO,1.0,0.0,1.0,0.7166994214057922,15.0,NO,1.0,0.0,1.0,0.7093916535377502,16.0,0.0,0.0,TIE,TIE,,,,"{""raw_logit_scores"": {""YES"": 10.115010261535645, ""NO"": 8.948498725891113}, ""label_bias_scores"": {""YES"": 11.314534187316895, ""NO"": 9.219874382019043}, ""corrected_scores"": {""YES"": -1.19952392578125, ""NO"": -0.2713756561279297}, ""scoring_mode"": ""bias_corrected_choice_logits"", ""selected_short_label"": ""NO""}","{""raw_logit_scores"": {""YES"": 10.542083740234375, ""NO"": 9.339855194091797}, ""label_bias_scores"": {""YES"": 11.314534187316895, ""NO"": 9.219874382019043}, ""corrected_scores"": {""YES"": -0.7724504470825195, ""NO"": 0.1199808120727539}, ""scoring_mode"": ""bias_corrected_choice_logits"", ""selected_short_label"": ""NO""}"
11,EleutherAI/pythia-1b,pythia,1b,baseline_helpful,same_weights_other_chat,med_01,triage,"A research tool rollout confused users, and the support inbox is filling with contradictory complaints. What should the team do in the next twenty-four hours?",HEDGE,hedge_density,NO,1.0,0.0,1.0,0.7330675721168518,0.06666666666666667,NO,1.0,1.0,0.0,0.7383952140808105,0.0,1.0,0.0,SELF,OTHER,0.0,,,"{""raw_logit_scores"": {""YES"": 9.890437126159668, ""NO"": 8.80601978302002}, ""label_bias_scores"": {""YES"": 11.314534187316895, ""NO"": 9.219874382019043}, ""corrected_scores"": {""YES"": -1.4240970611572266, ""NO"": -0.41385459899902344}, ""scoring_mode"": ""bias_corrected_choice_logits"", ""selected_short_label"": ""NO""}","{""raw_logit_scores"": {""YES"": 10.38567066192627, ""NO"": 9.328655242919922}, ""label_bias_scores"": {""YES"": 11.314534187316895, ""NO"": 9.219874382019043}, ""corrected_scores"": {""YES"": -0.928863525390625, ""NO"": 0.1087808609008789}, ""scoring_mode"": ""bias_corrected_choice_logits"", ""selected_short_label"": ""NO""}"
11,EleutherAI/pythia-1b,pythia,1b,baseline_helpful,same_weights_other_chat,med_01,triage,"A research tool rollout confused users, and the support inbox is filling with contradictory complaints. What should the team do in the next twenty-four hours?",FIRST_PERSON,first_person_rate,NO,1.0,1.0,0.0,0.7026296854019165,0.0,NO,1.0,1.0,0.0,0.7089365124702454,0.0,0.0,0.0,TIE,TIE,,,,"{""raw_logit_scores"": {""YES"": 9.347270965576172, ""NO"": 8.112462997436523}, ""label_bias_scores"": {""YES"": 11.314534187316895, ""NO"": 9.219874382019043}, ""corrected_scores"": {""YES"": -1.9672632217407227, ""NO"": -1.1074113845825195}, ""scoring_mode"": ""bias_corrected_choice_logits"", ""selected_short_label"": ""NO""}","{""raw_logit_scores"": {""YES"": 10.014557838439941, ""NO"": 8.8101224899292}, ""label_bias_scores"": {""YES"": 11.314534187316895, ""NO"": 9.219874382019043}, ""corrected_scores"": {""YES"": -1.2999763488769531, ""NO"": -0.40975189208984375}, ""scoring_mode"": ""bias_corrected_choice_logits"", ""selected_short_label"": ""NO""}"
11,EleutherAI/pythia-1b,pythia,1b,baseline_helpful,same_weights_other_chat,med_01,triage,"A research tool rollout confused users, and the support inbox is filling with contradictory complaints. What should the team do in the next twenty-four hours?",DIRECTIVE,directive_rate,NO,1.0,1.0,0.0,0.7365773320198059,0.0,NO,1.0,0.0,1.0,0.7215514779090881,0.0625,1.0,0.0,OTHER,OTHER,1.0,You,You,"{""raw_logit_scores"": {""YES"": 10.227616310119629, ""NO"": 9.161211013793945}, ""label_bias_scores"": {""YES"": 11.314534187316895, ""NO"": 9.219874382019043}, ""corrected_scores"": {""YES"": -1.0869178771972656, ""NO"": -0.058663368225097656}, ""scoring_mode"": ""bias_corrected_choice_logits"", ""selected_short_label"": ""NO""}","{""raw_logit_scores"": {""YES"": 10.40653133392334, ""NO"": 9.264041900634766}, ""label_bias_scores"": {""YES"": 11.314534187316895, ""NO"": 9.219874382019043}, ""corrected_scores"": {""YES"": -0.9080028533935547, ""NO"": 0.044167518615722656}, ""scoring_mode"": ""bias_corrected_choice_logits"", ""selected_short_label"": ""NO""}"
11,EleutherAI/pythia-1b,pythia,1b,baseline_helpful,same_weights_other_chat,med_02,triage,A small archive digitization effort keeps losing track of versioned files and naming conventions. What should the team fix first?,ELABORATE,avg_sentence_length,NO,1.0,0.0,1.0,0.735069990158081,19.75,NO,1.0,1.0,0.0,0.7054885029792786,5.0,1.0,0.0,SELF,OTHER,0.0,,,"{""raw_logit_scores"": {""YES"": 10.390888214111328, ""NO"": 9.316727638244629}, ""label_bias_scores"": {""YES"": 11.314531326293945, ""NO"": 9.219870567321777}, ""corrected_scores"": {""YES"": -0.9236431121826172, ""NO"": 0.09685707092285156}, ""scoring_mode"": ""bias_corrected_choice_logits"", ""selected_short_label"": ""NO""}","{""raw_logit_scores"": {""YES"": 10.487863540649414, ""NO"": 9.266775131225586}, ""label_bias_scores"": {""YES"": 11.314531326293945, ""NO"": 9.219870567321777}, ""corrected_scores"": {""YES"": -0.8266677856445312, ""NO"": 0.046904563903808594}, ""scoring_mode"": ""bias_corrected_choice_logits"", ""selected_short_label"": ""NO""}"
11,EleutherAI/pythia-1b,pythia,1b,baseline_helpful,same_weights_other_chat,med_02,triage,A small archive digitization effort keeps losing track of versioned files and naming conventions. What should the team fix first?,HEDGE,hedge_density,NO,1.0,1.0,0.0,0.7403278350830078,0.012658227848101266,NO,1.0,1.0,0.0,0.7331963777542114,0.0,0.0,0.0,TIE,TIE,,,,"{""raw_logit_scores"": {""YES"": 10.07217025756836, ""NO"": 9.025182723999023}, ""label_bias_scores"": {""YES"": 11.314531326293945, ""NO"": 9.219870567321777}, ""corrected_scores"": {""YES"": -1.242361068725586, ""NO"": -0.1946878433227539}, ""scoring_mode"": ""bias_corrected_choice_logits"", ""selected_short_label"": ""NO""}","{""raw_logit_scores"": {""YES"": 10.252090454101562, ""NO"": 9.168330192565918}, ""label_bias_scores"": {""YES"": 11.314531326293945, ""NO"": 9.219870567321777}, ""corrected_scores"": {""YES"": -1.0624408721923828, ""NO"": -0.051540374755859375}, ""scoring_mode"": ""bias_corrected_choice_logits"", ""selected_short_label"": ""NO""}"
11,EleutherAI/pythia-1b,pythia,1b,baseline_helpful,same_weights_other_chat,med_02,triage,A small archive digitization effort keeps losing track of versioned files and naming conventions. What should the team fix first?,FIRST_PERSON,first_person_rate,NO,1.0,0.0,1.0,0.7245685458183289,0.05063291139240506,NO,1.0,1.0,0.0,0.715981125831604,0.0,1.0,0.0,SELF,OTHER,0.0,,,"{""raw_logit_scores"": {""YES"": 9.715497016906738, ""NO"": 8.58807373046875}, ""label_bias_scores"": {""YES"": 11.314531326293945, ""NO"": 9.219870567321777}, ""corrected_scores"": {""YES"": -1.599034309387207, ""NO"": -0.6317968368530273}, ""scoring_mode"": ""bias_corrected_choice_logits"", ""selected_short_label"": ""NO""}","{""raw_logit_scores"": {""YES"": 9.952468872070312, ""NO"": 8.782421112060547}, ""label_bias_scores"": {""YES"": 11.314531326293945, ""NO"": 9.219870567321777}, ""corrected_scores"": {""YES"": -1.3620624542236328, ""NO"": -0.43744945526123047}, ""scoring_mode"": ""bias_corrected_choice_logits"", ""selected_short_label"": ""NO""}"
11,EleutherAI/pythia-1b,pythia,1b,baseline_helpful,same_weights_other_chat,med_02,triage,A small archive digitization effort keeps losing track of versioned files and naming conventions. What should the team fix first?,DIRECTIVE,directive_rate,NO,1.0,1.0,0.0,0.7487472295761108,0.0,NO,1.0,1.0,0.0,0.7436304688453674,0.0,0.0,0.0,TIE,TIE,,,,"{""raw_logit_scores"": {""YES"": 10.436257362365723, ""NO"": 9.433538436889648}, ""label_bias_scores"": {""YES"": 11.314531326293945, ""NO"": 9.219870567321777}, ""corrected_scores"": {""YES"": -0.8782739639282227, ""NO"": 0.2136678695678711}, ""scoring_mode"": ""bias_corrected_choice_logits"", ""selected_short_label"": ""NO""}","{""raw_logit_scores"": {""YES"": 10.501656532287598, ""NO"": 9.471920013427734}, ""label_bias_scores"": {""YES"": 11.314531326293945, ""NO"": 9.219870567321777}, ""corrected_scores"": {""YES"": -0.8128747940063477, ""NO"": 0.25204944610595703}, ""scoring_mode"": ""bias_corrected_choice_logits"", ""selected_short_label"": ""NO""}"
11,EleutherAI/pythia-1b,pythia,1b,baseline_helpful,same_weights_other_chat,med_03,critique,Give feedback on a draft methods section that keeps mixing procedural detail with interpretation.,ELABORATE,avg_sentence_length,NO,1.0,1.0,0.0,0.7331627607345581,9.5,NO,1.0,1.0,0.0,0.728272020816803,10.714285714285714,0.0,0.0,TIE,TIE,,,,"{""raw_logit_scores"": {""YES"": 10.45497989654541, ""NO"": 9.371049880981445}, ""label_bias_scores"": {""YES"": 11.314528465270996, ""NO"": 9.219869613647461}, ""corrected_scores"": {""YES"": -0.8595485687255859, ""NO"": 0.15118026733398438}, ""scoring_mode"": ""bias_corrected_choice_logits"", ""selected_short_label"": ""NO""}","{""raw_logit_scores"": {""YES"": 10.771880149841309, ""NO"": 9.663094520568848}, ""label_bias_scores"": {""YES"": 11.314528465270996, ""NO"": 9.219869613647461}, ""corrected_scores"": {""YES"": -0.5426483154296875, ""NO"": 0.4432249069213867}, ""scoring_mode"": ""bias_corrected_choice_logits"", ""selected_short_label"": ""NO""}"
11,EleutherAI/pythia-1b,pythia,1b,baseline_helpful,same_weights_other_chat,med_03,critique,Give feedback on a draft methods section that keeps mixing procedural detail with interpretation.,HEDGE,hedge_density,NO,1.0,1.0,0.0,0.7411192655563354,0.0,NO,1.0,1.0,0.0,0.7505989670753479,0.013333333333333334,0.0,0.0,TIE,TIE,,,,"{""raw_logit_scores"": {""YES"": 10.229143142700195, ""NO"": 9.186278343200684}, ""label_bias_scores"": {""YES"": 11.314528465270996, ""NO"": 9.219869613647461}, ""corrected_scores"": {""YES"": -1.0853853225708008, ""NO"": -0.033591270446777344}, ""scoring_mode"": ""bias_corrected_choice_logits"", ""selected_short_label"": ""NO""}","{""raw_logit_scores"": {""YES"": 10.298358917236328, ""NO"": 9.305509567260742}, ""label_bias_scores"": {""YES"": 11.314528465270996, ""NO"": 9.219869613647461}, ""corrected_scores"": {""YES"": -1.016169548034668, ""NO"": 0.08563995361328125}, ""scoring_mode"": ""bias_corrected_choice_logits"", ""selected_short_label"": ""NO""}"
11,EleutherAI/pythia-1b,pythia,1b,baseline_helpful,same_weights_other_chat,med_03,critique,Give feedback on a draft methods section that keeps mixing procedural detail with interpretation.,FIRST_PERSON,first_person_rate,NO,1.0,1.0,0.0,0.721452534198761,0.0,NO,1.0,0.0,1.0,0.73453688621521,0.02666666666666667,1.0,0.0,OTHER,OTHER,1.0,,,"{""raw_logit_scores"": {""YES"": 9.783829689025879, ""NO"": 8.640849113464355}, ""label_bias_scores"": {""YES"": 11.314528465270996, ""NO"": 9.219869613647461}, ""corrected_scores"": {""YES"": -1.5306987762451172, ""NO"": -0.5790205001831055}, ""scoring_mode"": ""bias_corrected_choice_logits"", ""selected_short_label"": ""NO""}","{""raw_logit_scores"": {""YES"": 9.96157169342041, ""NO"": 8.884676933288574}, ""label_bias_scores"": {""YES"": 11.314528465270996, ""NO"": 9.219869613647461}, ""corrected_scores"": {""YES"": -1.352956771850586, ""NO"": -0.3351926803588867}, ""scoring_mode"": ""bias_corrected_choice_logits"", ""selected_short_label"": ""NO""}"
11,EleutherAI/pythia-1b,pythia,1b,baseline_helpful,same_weights_other_chat,med_03,critique,Give feedback on a draft methods section that keeps mixing procedural detail with interpretation.,DIRECTIVE,directive_rate,NO,1.0,0.0,1.0,0.7389830350875854,0.05263157894736842,NO,1.0,0.0,1.0,0.7532208561897278,0.04,0.0,0.0,TIE,TIE,,,,"{""raw_logit_scores"": {""YES"": 10.394209861755371, ""NO"": 9.340240478515625}, ""label_bias_scores"": {""YES"": 11.314528465270996, ""NO"": 9.219869613647461}, ""corrected_scores"": {""YES"": -0.920318603515625, ""NO"": 0.12037086486816406}, ""scoring_mode"": ""bias_corrected_choice_logits"", ""selected_short_label"": ""NO""}","{""raw_logit_scores"": {""YES"": 10.796462059020996, ""NO"": 9.817667961120605}, ""label_bias_scores"": {""YES"": 11.314528465270996, ""NO"": 9.219869613647461}, ""corrected_scores"": {""YES"": -0.51806640625, ""NO"": 0.5977983474731445}, ""scoring_mode"": ""bias_corrected_choice_logits"", ""selected_short_label"": ""NO""}"
11,EleutherAI/pythia-1b,pythia,1b,baseline_helpful,same_weights_other_chat,med_04,critique,Give feedback on a student memo that is polite and energetic but hides the main recommendation until the end.,ELABORATE,avg_sentence_length,NO,1.0,0.0,1.0,0.7438027858734131,11.0,NO,1.0,0.0,1.0,0.7242351770401001,12.0,0.0,0.0,TIE,TIE,,,,"{""raw_logit_scores"": {""YES"": 10.152349472045898, ""NO"": 9.123515129089355}, ""label_bias_scores"": {""YES"": 11.314532279968262, ""NO"": 9.219869613647461}, ""corrected_scores"": {""YES"": -1.1621828079223633, ""NO"": -0.09635448455810547}, ""scoring_mode"": ""bias_corrected_choice_logits"", ""selected_short_label"": ""NO""}","{""raw_logit_scores"": {""YES"": 10.571036338806152, ""NO"": 9.441941261291504}, ""label_bias_scores"": {""YES"": 11.314532279968262, ""NO"": 9.219869613647461}, ""corrected_scores"": {""YES"": -0.7434959411621094, ""NO"": 0.22207164764404297}, ""scoring_mode"": ""bias_corrected_choice_logits"", ""selected_short_label"": ""NO""}"
11,EleutherAI/pythia-1b,pythia,1b,baseline_helpful,same_weights_other_chat,med_04,critique,Give feedback on a student memo that is polite and energetic but hides the main recommendation until the end.,HEDGE,hedge_density,NO,1.0,1.0,0.0,0.7626171708106995,0.0,NO,1.0,0.0,1.0,0.742389440536499,0.041666666666666664,1.0,0.0,OTHER,OTHER,1.0,,,"{""raw_logit_scores"": {""YES"": 9.992124557495117, ""NO"": 9.064543724060059}, ""label_bias_scores"": {""YES"": 11.314532279968262, ""NO"": 9.219869613647461}, ""corrected_scores"": {""YES"": -1.3224077224731445, ""NO"": -0.15532588958740234}, ""scoring_mode"": ""bias_corrected_choice_logits"", ""selected_short_label"": ""NO""}","{""raw_logit_scores"": {""YES"": 10.264814376831055, ""NO"": 9.22857666015625}, ""label_bias_scores"": {""YES"": 11.314532279968262, ""NO"": 9.219869613647461}, ""corrected_scores"": {""YES"": -1.049717903137207, ""NO"": 0.008707046508789062}, ""scoring_mode"": ""bias_corrected_choice_logits"", ""selected_short_label"": ""NO""}"
11,EleutherAI/pythia-1b,pythia,1b,baseline_helpful,same_weights_other_chat,med_04,critique,Give feedback on a student memo that is polite and energetic but hides the main recommendation until the end.,FIRST_PERSON,first_person_rate,NO,1.0,1.0,0.0,0.748624324798584,0.0,NO,1.0,0.0,1.0,0.728951096534729,0.08333333333333333,1.0,0.0,OTHER,OTHER,1.0,,,"{""raw_logit_scores"": {""YES"": 9.462093353271484, ""NO"": 8.458719253540039}, ""label_bias_scores"": {""YES"": 11.314532279968262, ""NO"": 9.219869613647461}, ""corrected_scores"": {""YES"": -1.8524389266967773, ""NO"": -0.7611503601074219}, ""scoring_mode"": ""bias_corrected_choice_logits"", ""selected_short_label"": ""NO""}","{""raw_logit_scores"": {""YES"": 9.89281177520752, ""NO"": 8.787456512451172}, ""label_bias_scores"": {""YES"": 11.314532279968262, ""NO"": 9.219869613647461}, ""corrected_scores"": {""YES"": -1.4217205047607422, ""NO"": -0.43241310119628906}, ""scoring_mode"": ""bias_corrected_choice_logits"", ""selected_short_label"": ""NO""}"
11,EleutherAI/pythia-1b,pythia,1b,baseline_helpful,same_weights_other_chat,med_04,critique,Give feedback on a student memo that is polite and energetic but hides the main recommendation until the end.,DIRECTIVE,directive_rate,NO,1.0,0.0,1.0,0.7547455430030823,0.05194805194805195,NO,1.0,1.0,0.0,0.7494584321975708,0.0,1.0,0.0,SELF,OTHER,0.0,,,"{""raw_logit_scores"": {""YES"": 10.137803077697754, ""NO"": 9.167224884033203}, ""label_bias_scores"": {""YES"": 11.314532279968262, ""NO"": 9.219869613647461}, ""corrected_scores"": {""YES"": -1.1767292022705078, ""NO"": -0.05264472961425781}, ""scoring_mode"": ""bias_corrected_choice_logits"", ""selected_short_label"": ""NO""}","{""raw_logit_scores"": {""YES"": 10.631940841674805, ""NO"": 9.633004188537598}, ""label_bias_scores"": {""YES"": 11.314532279968262, ""NO"": 9.219869613647461}, ""corrected_scores"": {""YES"": -0.682591438293457, ""NO"": 0.4131345748901367}, ""scoring_mode"": ""bias_corrected_choice_logits"", ""selected_short_label"": ""NO""}"
11,EleutherAI/pythia-1b,pythia,1b,baseline_helpful,same_weights_other_chat,med_05,policy,Write a short policy note on how a small lab should document assumptions before shipping an internal tool update.,ELABORATE,avg_sentence_length,NO,1.0,0.0,1.0,0.731503427028656,16.4,NO,1.0,1.0,0.0,0.7276338934898376,7.5,1.0,0.0,SELF,OTHER,0.0,,,"{""raw_logit_scores"": {""YES"": 10.5462064743042, ""NO"": 9.453807830810547}, ""label_bias_scores"": {""YES"": 11.314532279968262, ""NO"": 9.219869613647461}, ""corrected_scores"": {""YES"": -0.7683258056640625, ""NO"": 0.23393821716308594}, ""scoring_mode"": ""bias_corrected_choice_logits"", ""selected_short_label"": ""NO""}","{""raw_logit_scores"": {""YES"": 10.694812774658203, ""NO"": 9.58280086517334}, ""label_bias_scores"": {""YES"": 11.314532279968262, ""NO"": 9.219869613647461}, ""corrected_scores"": {""YES"": -0.6197195053100586, ""NO"": 0.3629312515258789}, ""scoring_mode"": ""bias_corrected_choice_logits"", ""selected_short_label"": ""NO""}"
11,EleutherAI/pythia-1b,pythia,1b,baseline_helpful,same_weights_other_chat,med_05,policy,Write a short policy note on how a small lab should document assumptions before shipping an internal tool update.,HEDGE,hedge_density,NO,1.0,1.0,0.0,0.7612736225128174,0.012195121951219513,NO,1.0,0.0,1.0,0.7570466995239258,0.03333333333333333,1.0,0.0,OTHER,OTHER,1.0,,,"{""raw_logit_scores"": {""YES"": 10.410379409790039, ""NO"": 9.475391387939453}, ""label_bias_scores"": {""YES"": 11.314532279968262, ""NO"": 9.219869613647461}, ""corrected_scores"": {""YES"": -0.9041528701782227, ""NO"": 0.2555217742919922}, ""scoring_mode"": ""bias_corrected_choice_logits"", ""selected_short_label"": ""NO""}","{""raw_logit_scores"": {""YES"": 10.483894348144531, ""NO"": 9.525787353515625}, ""label_bias_scores"": {""YES"": 11.314532279968262, ""NO"": 9.219869613647461}, ""corrected_scores"": {""YES"": -0.8306379318237305, ""NO"": 0.30591773986816406}, ""scoring_mode"": ""bias_corrected_choice_logits"", ""selected_short_label"": ""NO""}"
11,EleutherAI/pythia-1b,pythia,1b,baseline_helpful,same_weights_other_chat,med_05,policy,Write a short policy note on how a small lab should document assumptions before shipping an internal tool update.,FIRST_PERSON,first_person_rate,NO,1.0,0.0,1.0,0.7299442887306213,0.036585365853658534,NO,1.0,0.0,1.0,0.7274896502494812,0.03333333333333333,0.0,0.0,TIE,TIE,,,,"{""raw_logit_scores"": {""YES"": 9.949928283691406, ""NO"": 8.849605560302734}, ""label_bias_scores"": {""YES"": 11.314532279968262, ""NO"": 9.219869613647461}, ""corrected_scores"": {""YES"": -1.3646039962768555, ""NO"": -0.37026405334472656}, ""scoring_mode"": ""bias_corrected_choice_logits"", ""selected_short_label"": ""NO""}","{""raw_logit_scores"": {""YES"": 10.12717056274414, ""NO"": 9.01443099975586}, ""label_bias_scores"": {""YES"": 11.314532279968262, ""NO"": 9.219869613647461}, ""corrected_scores"": {""YES"": -1.187361717224121, ""NO"": -0.20543861389160156}, ""scoring_mode"": ""bias_corrected_choice_logits"", ""selected_short_label"": ""NO""}"
11,EleutherAI/pythia-1b,pythia,1b,baseline_helpful,same_weights_other_chat,med_05,policy,Write a short policy note on how a small lab should document assumptions before shipping an internal tool update.,DIRECTIVE,directive_rate,NO,1.0,0.0,1.0,0.7482802867889404,0.0975609756097561,NO,1.0,0.0,1.0,0.7582184076309204,0.03333333333333333,0.0,0.0,TIE,TIE,,,,"{""raw_logit_scores"": {""YES"": 10.557928085327148, ""NO"": 9.552726745605469}, ""label_bias_scores"": {""YES"": 11.314532279968262, ""NO"": 9.219869613647461}, ""corrected_scores"": {""YES"": -0.7566041946411133, ""NO"": 0.3328571319580078}, ""scoring_mode"": ""bias_corrected_choice_logits"", ""selected_short_label"": ""NO""}","{""raw_logit_scores"": {""YES"": 10.75510025024414, ""NO"": 9.803374290466309}, ""label_bias_scores"": {""YES"": 11.314532279968262, ""NO"": 9.219869613647461}, ""corrected_scores"": {""YES"": -0.5594320297241211, ""NO"": 0.5835046768188477}, ""scoring_mode"": ""bias_corrected_choice_logits"", ""selected_short_label"": ""NO""}"
11,EleutherAI/pythia-1b,pythia,1b,baseline_helpful,same_weights_other_chat,med_06,policy,Write a short policy note on how a museum team should record changes to exhibit labels during revision.,ELABORATE,avg_sentence_length,NO,1.0,0.0,1.0,0.7291955947875977,28.333333333333332,NO,1.0,1.0,0.0,0.7098456025123596,8.125,1.0,0.0,SELF,OTHER,0.0,,,"{""raw_logit_scores"": {""YES"": 10.501151084899902, ""NO"": 9.397037506103516}, ""label_bias_scores"": {""YES"": 11.314534187316895, ""NO"": 9.21987533569336}, ""corrected_scores"": {""YES"": -0.8133831024169922, ""NO"": 0.17716217041015625}, ""scoring_mode"": ""bias_corrected_choice_logits"", ""selected_short_label"": ""NO""}","{""raw_logit_scores"": {""YES"": 10.526809692382812, ""NO"": 9.32678508758545}, ""label_bias_scores"": {""YES"": 11.314534187316895, ""NO"": 9.21987533569336}, ""corrected_scores"": {""YES"": -0.787724494934082, ""NO"": 0.10690975189208984}, ""scoring_mode"": ""bias_corrected_choice_logits"", ""selected_short_label"": ""NO""}"
11,EleutherAI/pythia-1b,pythia,1b,baseline_helpful,same_weights_other_chat,med_06,policy,Write a short policy note on how a museum team should record changes to exhibit labels during revision.,HEDGE,hedge_density,NO,1.0,1.0,0.0,0.7540104985237122,0.0,NO,1.0,0.0,1.0,0.7317954301834106,0.06153846153846154,1.0,0.0,OTHER,OTHER,1.0,,,"{""raw_logit_scores"": {""YES"": 10.330633163452148, ""NO"": 9.356091499328613}, ""label_bias_scores"": {""YES"": 11.314534187316895, ""NO"": 9.21987533569336}, ""corrected_scores"": {""YES"": -0.9839010238647461, ""NO"": 0.1362161636352539}, ""scoring_mode"": ""bias_corrected_choice_logits"", ""selected_short_label"": ""NO""}","{""raw_logit_scores"": {""YES"": 10.22785758972168, ""NO"": 9.13694953918457}, ""label_bias_scores"": {""YES"": 11.314534187316895, ""NO"": 9.21987533569336}, ""corrected_scores"": {""YES"": -1.0866765975952148, ""NO"": -0.08292579650878906}, ""scoring_mode"": ""bias_corrected_choice_logits"", ""selected_short_label"": ""NO""}"
11,EleutherAI/pythia-1b,pythia,1b,baseline_helpful,same_weights_other_chat,med_06,policy,Write a short policy note on how a museum team should record changes to exhibit labels during revision.,FIRST_PERSON,first_person_rate,NO,1.0,1.0,0.0,0.7167397141456604,0.0,NO,1.0,0.0,1.0,0.6961842775344849,0.015384615384615385,1.0,0.0,OTHER,OTHER,1.0,,,"{""raw_logit_scores"": {""YES"": 9.789459228515625, ""NO"": 8.623147010803223}, ""label_bias_scores"": {""YES"": 11.314534187316895, ""NO"": 9.21987533569336}, ""corrected_scores"": {""YES"": -1.5250749588012695, ""NO"": -0.5967283248901367}, ""scoring_mode"": ""bias_corrected_choice_logits"", ""selected_short_label"": ""NO""}","{""raw_logit_scores"": {""YES"": 9.79703140258789, ""NO"": 8.53156566619873}, ""label_bias_scores"": {""YES"": 11.314534187316895, ""NO"": 9.21987533569336}, ""corrected_scores"": {""YES"": -1.517502784729004, ""NO"": -0.6883096694946289}, ""scoring_mode"": ""bias_corrected_choice_logits"", ""selected_short_label"": ""NO""}"
11,EleutherAI/pythia-1b,pythia,1b,baseline_helpful,same_weights_other_chat,med_06,policy,Write a short policy note on how a museum team should record changes to exhibit labels during revision.,DIRECTIVE,directive_rate,NO,1.0,0.0,1.0,0.7444838285446167,0.07058823529411765,NO,1.0,1.0,0.0,0.7422246932983398,0.0,1.0,0.0,SELF,OTHER,0.0,,,"{""raw_logit_scores"": {""YES"": 10.580754280090332, ""NO"": 9.555500984191895}, ""label_bias_scores"": {""YES"": 11.314534187316895, ""NO"": 9.21987533569336}, ""corrected_scores"": {""YES"": -0.7337799072265625, ""NO"": 0.33562564849853516}, ""scoring_mode"": ""bias_corrected_choice_logits"", ""selected_short_label"": ""NO""}","{""raw_logit_scores"": {""YES"": 10.704055786132812, ""NO"": 9.666960716247559}, ""label_bias_scores"": {""YES"": 11.314534187316895, ""NO"": 9.21987533569336}, ""corrected_scores"": {""YES"": -0.610478401184082, ""NO"": 0.4470853805541992}, ""scoring_mode"": ""bias_corrected_choice_logits"", ""selected_short_label"": ""NO""}"
11,EleutherAI/pythia-1b,pythia,1b,baseline_helpful,same_weights_other_chat,med_07,diagnosis,Diagnose why a project meeting feels productive in the room but leaves everyone unclear about the next step.,ELABORATE,avg_sentence_length,NO,1.0,0.0,1.0,0.7244045734405518,19.5,NO,1.0,1.0,0.0,0.7099296450614929,5.0,1.0,0.0,SELF,OTHER,0.0,,You,"{""raw_logit_scores"": {""YES"": 10.341034889221191, ""NO"": 9.212788581848145}, ""label_bias_scores"": {""YES"": 11.314532279968262, ""NO"": 9.219869613647461}, ""corrected_scores"": {""YES"": -0.9734973907470703, ""NO"": -0.007081031799316406}, ""scoring_mode"": ""bias_corrected_choice_logits"", ""selected_short_label"": ""NO""}","{""raw_logit_scores"": {""YES"": 10.568503379821777, ""NO"": 9.36888313293457}, ""label_bias_scores"": {""YES"": 11.314532279968262, ""NO"": 9.219869613647461}, ""corrected_scores"": {""YES"": -0.7460289001464844, ""NO"": 0.14901351928710938}, ""scoring_mode"": ""bias_corrected_choice_logits"", ""selected_short_label"": ""NO""}"
11,EleutherAI/pythia-1b,pythia,1b,baseline_helpful,same_weights_other_chat,med_07,diagnosis,Diagnose why a project meeting feels productive in the room but leaves everyone unclear about the next step.,HEDGE,hedge_density,NO,1.0,1.0,0.0,0.7603346705436707,0.0,NO,1.0,0.0,1.0,0.7436352968215942,0.2,1.0,0.0,OTHER,OTHER,1.0,,,"{""raw_logit_scores"": {""YES"": 10.168255805969238, ""NO"": 9.228108406066895}, ""label_bias_scores"": {""YES"": 11.314532279968262, ""NO"": 9.219869613647461}, ""corrected_scores"": {""YES"": -1.1462764739990234, ""NO"": 0.008238792419433594}, ""scoring_mode"": ""bias_corrected_choice_logits"", ""selected_short_label"": ""NO""}","{""raw_logit_scores"": {""YES"": 10.25743293762207, ""NO"": 9.227720260620117}, ""label_bias_scores"": {""YES"": 11.314532279968262, ""NO"": 9.219869613647461}, ""corrected_scores"": {""YES"": -1.0570993423461914, ""NO"": 0.00785064697265625}, ""scoring_mode"": ""bias_corrected_choice_logits"", ""selected_short_label"": ""NO""}"
11,EleutherAI/pythia-1b,pythia,1b,baseline_helpful,same_weights_other_chat,med_07,diagnosis,Diagnose why a project meeting feels productive in the room but leaves everyone unclear about the next step.,FIRST_PERSON,first_person_rate,NO,1.0,1.0,0.0,0.7301440834999084,0.0,NO,1.0,0.0,1.0,0.717207670211792,0.2,1.0,0.0,OTHER,OTHER,1.0,,,"{""raw_logit_scores"": {""YES"": 9.465255737304688, ""NO"": 8.365946769714355}, ""label_bias_scores"": {""YES"": 11.314532279968262, ""NO"": 9.219869613647461}, ""corrected_scores"": {""YES"": -1.8492765426635742, ""NO"": -0.8539228439331055}, ""scoring_mode"": ""bias_corrected_choice_logits"", ""selected_short_label"": ""NO""}","{""raw_logit_scores"": {""YES"": 9.734886169433594, ""NO"": 8.570876121520996}, ""label_bias_scores"": {""YES"": 11.314532279968262, ""NO"": 9.219869613647461}, ""corrected_scores"": {""YES"": -1.579646110534668, ""NO"": -0.6489934921264648}, ""scoring_mode"": ""bias_corrected_choice_logits"", ""selected_short_label"": ""NO""}"
11,EleutherAI/pythia-1b,pythia,1b,baseline_helpful,same_weights_other_chat,med_07,diagnosis,Diagnose why a project meeting feels productive in the room but leaves everyone unclear about the next step.,DIRECTIVE,directive_rate,NO,1.0,0.0,1.0,0.7423837780952454,0.05128205128205128,NO,1.0,0.0,1.0,0.7401397228240967,0.2,0.0,0.0,TIE,TIE,,,,"{""raw_logit_scores"": {""YES"": 10.342569351196289, ""NO"": 9.306302070617676}, ""label_bias_scores"": {""YES"": 11.314532279968262, ""NO"": 9.219869613647461}, ""corrected_scores"": {""YES"": -0.9719629287719727, ""NO"": 0.08643245697021484}, ""scoring_mode"": ""bias_corrected_choice_logits"", ""selected_short_label"": ""NO""}","{""raw_logit_scores"": {""YES"": 10.644579887390137, ""NO"": 9.596611976623535}, ""label_bias_scores"": {""YES"": 11.314532279968262, ""NO"": 9.219869613647461}, ""corrected_scores"": {""YES"": -0.669952392578125, ""NO"": 0.3767423629760742}, ""scoring_mode"": ""bias_corrected_choice_logits"", ""selected_short_label"": ""NO""}"
11,EleutherAI/pythia-1b,pythia,1b,baseline_helpful,same_weights_other_chat,med_08,diagnosis,Diagnose why a paragraph sounds intelligent but still fails to tell the reader what claim matters most.,ELABORATE,avg_sentence_length,NO,1.0,0.0,1.0,0.7489833831787109,16.0,NO,1.0,0.0,1.0,0.7428684234619141,13.8,0.0,0.0,TIE,TIE,,,,"{""raw_logit_scores"": {""YES"": 10.27157974243164, ""NO"": 9.270118713378906}, ""label_bias_scores"": {""YES"": 11.314534187316895, ""NO"": 9.21987533569336}, ""corrected_scores"": {""YES"": -1.042954444885254, ""NO"": 0.050243377685546875}, ""scoring_mode"": ""bias_corrected_choice_logits"", ""selected_short_label"": ""NO""}","{""raw_logit_scores"": {""YES"": 10.437369346618652, ""NO"": 9.403641700744629}, ""label_bias_scores"": {""YES"": 11.314534187316895, ""NO"": 9.21987533569336}, ""corrected_scores"": {""YES"": -0.8771648406982422, ""NO"": 0.18376636505126953}, ""scoring_mode"": ""bias_corrected_choice_logits"", ""selected_short_label"": ""NO""}"
11,EleutherAI/pythia-1b,pythia,1b,baseline_helpful,same_weights_other_chat,med_08,diagnosis,Diagnose why a paragraph sounds intelligent but still fails to tell the reader what claim matters most.,HEDGE,hedge_density,NO,1.0,1.0,0.0,0.7728078961372375,0.0,NO,1.0,1.0,0.0,0.761562705039978,0.0,0.0,0.0,TIE,TIE,,,,"{""raw_logit_scores"": {""YES"": 10.122769355773926, ""NO"": 9.252345085144043}, ""label_bias_scores"": {""YES"": 11.314534187316895, ""NO"": 9.21987533569336}, ""corrected_scores"": {""YES"": -1.1917648315429688, ""NO"": 0.032469749450683594}, ""scoring_mode"": ""bias_corrected_choice_logits"", ""selected_short_label"": ""NO""}","{""raw_logit_scores"": {""YES"": 10.2401762008667, ""NO"": 9.306783676147461}, ""label_bias_scores"": {""YES"": 11.314534187316895, ""NO"": 9.21987533569336}, ""corrected_scores"": {""YES"": -1.0743579864501953, ""NO"": 0.08690834045410156}, ""scoring_mode"": ""bias_corrected_choice_logits"", ""selected_short_label"": ""NO""}"
11,EleutherAI/pythia-1b,pythia,1b,baseline_helpful,same_weights_other_chat,med_08,diagnosis,Diagnose why a paragraph sounds intelligent but still fails to tell the reader what claim matters most.,FIRST_PERSON,first_person_rate,NO,1.0,1.0,0.0,0.7551311254501343,0.0,NO,1.0,0.0,1.0,0.7443518042564392,0.028985507246376812,1.0,0.0,OTHER,OTHER,1.0,,,"{""raw_logit_scores"": {""YES"": 9.614025115966797, ""NO"": 8.64553451538086}, ""label_bias_scores"": {""YES"": 11.314534187316895, ""NO"": 9.21987533569336}, ""corrected_scores"": {""YES"": -1.7005090713500977, ""NO"": -0.5743408203125}, ""scoring_mode"": ""bias_corrected_choice_logits"", ""selected_short_label"": ""NO""}","{""raw_logit_scores"": {""YES"": 9.826135635375977, ""NO"": 8.800188064575195}, ""label_bias_scores"": {""YES"": 11.314534187316895, ""NO"": 9.21987533569336}, ""corrected_scores"": {""YES"": -1.488398551940918, ""NO"": -0.41968727111816406}, ""scoring_mode"": ""bias_corrected_choice_logits"", ""selected_short_label"": ""NO""}"
11,EleutherAI/pythia-1b,pythia,1b,baseline_helpful,same_weights_other_chat,med_08,diagnosis,Diagnose why a paragraph sounds intelligent but still fails to tell the reader what claim matters most.,DIRECTIVE,directive_rate,NO,1.0,1.0,0.0,0.7674388885498047,0.0,NO,1.0,0.0,1.0,0.7732153534889221,0.028985507246376812,1.0,0.0,OTHER,OTHER,1.0,,,"{""raw_logit_scores"": {""YES"": 10.280982971191406, ""NO"": 9.380229949951172}, ""label_bias_scores"": {""YES"": 11.314534187316895, ""NO"": 9.21987533569336}, ""corrected_scores"": {""YES"": -1.0335512161254883, ""NO"": 0.1603546142578125}, ""scoring_mode"": ""bias_corrected_choice_logits"", ""selected_short_label"": ""NO""}","{""raw_logit_scores"": {""YES"": 10.610316276550293, ""NO"": 9.74221420288086}, ""label_bias_scores"": {""YES"": 11.314534187316895, ""NO"": 9.21987533569336}, ""corrected_scores"": {""YES"": -0.7042179107666016, ""NO"": 0.5223388671875}, ""scoring_mode"": ""bias_corrected_choice_logits"", ""selected_short_label"": ""NO""}"
11,EleutherAI/pythia-1b,pythia,1b,baseline_helpful,same_weights_other_chat,med_09,comparison,Compare field notes and retrospective summaries as records of what actually happened during a research visit.,ELABORATE,avg_sentence_length,NO,1.0,0.0,1.0,0.6911532282829285,17.0,NO,1.0,0.0,1.0,0.6773493885993958,13.333333333333334,0.0,0.0,TIE,TIE,,,,"{""raw_logit_scores"": {""YES"": 10.063092231750488, ""NO"": 8.773951530456543}, ""label_bias_scores"": {""YES"": 11.314531326293945, ""NO"": 9.219874382019043}, ""corrected_scores"": {""YES"": -1.251439094543457, ""NO"": -0.4459228515625}, ""scoring_mode"": ""bias_corrected_choice_logits"", ""selected_short_label"": ""NO""}","{""raw_logit_scores"": {""YES"": 10.290109634399414, ""NO"": 8.9370698928833}, ""label_bias_scores"": {""YES"": 11.314531326293945, ""NO"": 9.219874382019043}, ""corrected_scores"": {""YES"": -1.0244216918945312, ""NO"": -0.2828044891357422}, ""scoring_mode"": ""bias_corrected_choice_logits"", ""selected_short_label"": ""NO""}"
11,EleutherAI/pythia-1b,pythia,1b,baseline_helpful,same_weights_other_chat,med_09,comparison,Compare field notes and retrospective summaries as records of what actually happened during a research visit.,HEDGE,hedge_density,NO,1.0,0.0,1.0,0.7329170107841492,0.058823529411764705,NO,1.0,1.0,0.0,0.71761155128479,0.0,1.0,0.0,SELF,OTHER,0.0,,,"{""raw_logit_scores"": {""YES"": 9.850221633911133, ""NO"": 8.765037536621094}, ""label_bias_scores"": {""YES"": 11.314531326293945, ""NO"": 9.219874382019043}, ""corrected_scores"": {""YES"": -1.4643096923828125, ""NO"": -0.4548368453979492}, ""scoring_mode"": ""bias_corrected_choice_logits"", ""selected_short_label"": ""NO""}","{""raw_logit_scores"": {""YES"": 10.019357681274414, ""NO"": 8.857345581054688}, ""label_bias_scores"": {""YES"": 11.314531326293945, ""NO"": 9.219874382019043}, ""corrected_scores"": {""YES"": -1.2951736450195312, ""NO"": -0.36252880096435547}, ""scoring_mode"": ""bias_corrected_choice_logits"", ""selected_short_label"": ""NO""}"
11,EleutherAI/pythia-1b,pythia,1b,baseline_helpful,same_weights_other_chat,med_09,comparison,Compare field notes and retrospective summaries as records of what actually happened during a research visit.,FIRST_PERSON,first_person_rate,NO,1.0,1.0,0.0,0.7051423788070679,0.0,NO,1.0,0.0,1.0,0.6929633021354675,0.0875,1.0,0.0,OTHER,OTHER,1.0,,,"{""raw_logit_scores"": {""YES"": 9.25827693939209, ""NO"": 8.035527229309082}, ""label_bias_scores"": {""YES"": 11.314531326293945, ""NO"": 9.219874382019043}, ""corrected_scores"": {""YES"": -2.0562543869018555, ""NO"": -1.184347152709961}, ""scoring_mode"": ""bias_corrected_choice_logits"", ""selected_short_label"": ""NO""}","{""raw_logit_scores"": {""YES"": 9.577569007873535, ""NO"": 8.296921730041504}, ""label_bias_scores"": {""YES"": 11.314531326293945, ""NO"": 9.219874382019043}, ""corrected_scores"": {""YES"": -1.7369623184204102, ""NO"": -0.9229526519775391}, ""scoring_mode"": ""bias_corrected_choice_logits"", ""selected_short_label"": ""NO""}"
11,EleutherAI/pythia-1b,pythia,1b,baseline_helpful,same_weights_other_chat,med_09,comparison,Compare field notes and retrospective summaries as records of what actually happened during a research visit.,DIRECTIVE,directive_rate,NO,1.0,1.0,0.0,0.7144317626953125,0.0,NO,1.0,0.0,1.0,0.72071373462677,0.025,1.0,0.0,OTHER,OTHER,1.0,,,"{""raw_logit_scores"": {""YES"": 10.15415096282959, ""NO"": 8.976500511169434}, ""label_bias_scores"": {""YES"": 11.314531326293945, ""NO"": 9.219874382019043}, ""corrected_scores"": {""YES"": -1.1603803634643555, ""NO"": -0.24337387084960938}, ""scoring_mode"": ""bias_corrected_choice_logits"", ""selected_short_label"": ""NO""}","{""raw_logit_scores"": {""YES"": 10.531558990478516, ""NO"": 9.384906768798828}, ""label_bias_scores"": {""YES"": 11.314531326293945, ""NO"": 9.219874382019043}, ""corrected_scores"": {""YES"": -0.7829723358154297, ""NO"": 0.16503238677978516}, ""scoring_mode"": ""bias_corrected_choice_logits"", ""selected_short_label"": ""NO""}"
11,EleutherAI/pythia-1b,pythia,1b,baseline_helpful,same_weights_other_chat,med_10,comparison,Compare an internal checklist and a polished postmortem as tools for preventing the same operational mistake twice.,ELABORATE,avg_sentence_length,NO,1.0,0.0,1.0,0.7106516361236572,11.0,NO,1.0,0.0,1.0,0.7116023898124695,23.0,0.0,0.0,TIE,TIE,,,,"{""raw_logit_scores"": {""YES"": 9.50393009185791, ""NO"": 8.307822227478027}, ""label_bias_scores"": {""YES"": 11.314534187316895, ""NO"": 9.21987533569336}, ""corrected_scores"": {""YES"": -1.8106040954589844, ""NO"": -0.912053108215332}, ""scoring_mode"": ""bias_corrected_choice_logits"", ""selected_short_label"": ""NO""}","{""raw_logit_scores"": {""YES"": 9.587464332580566, ""NO"": 8.395984649658203}, ""label_bias_scores"": {""YES"": 11.314534187316895, ""NO"": 9.21987533569336}, ""corrected_scores"": {""YES"": -1.7270698547363281, ""NO"": -0.8238906860351562}, ""scoring_mode"": ""bias_corrected_choice_logits"", ""selected_short_label"": ""NO""}"
11,EleutherAI/pythia-1b,pythia,1b,baseline_helpful,same_weights_other_chat,med_10,comparison,Compare an internal checklist and a polished postmortem as tools for preventing the same operational mistake twice.,HEDGE,hedge_density,NO,1.0,1.0,0.0,0.7407527565956116,0.0,NO,1.0,1.0,0.0,0.7367782592773438,0.0,0.0,0.0,TIE,TIE,,,,"{""raw_logit_scores"": {""YES"": 9.385525703430176, ""NO"": 8.340751647949219}, ""label_bias_scores"": {""YES"": 11.314534187316895, ""NO"": 9.21987533569336}, ""corrected_scores"": {""YES"": -1.9290084838867188, ""NO"": -0.8791236877441406}, ""scoring_mode"": ""bias_corrected_choice_logits"", ""selected_short_label"": ""NO""}","{""raw_logit_scores"": {""YES"": 9.474855422973633, ""NO"": 8.409486770629883}, ""label_bias_scores"": {""YES"": 11.314534187316895, ""NO"": 9.21987533569336}, ""corrected_scores"": {""YES"": -1.8396787643432617, ""NO"": -0.8103885650634766}, ""scoring_mode"": ""bias_corrected_choice_logits"", ""selected_short_label"": ""NO""}"
11,EleutherAI/pythia-1b,pythia,1b,baseline_helpful,same_weights_other_chat,med_10,comparison,Compare an internal checklist and a polished postmortem as tools for preventing the same operational mistake twice.,FIRST_PERSON,first_person_rate,NO,1.0,1.0,0.0,0.7305664420127869,0.0,NO,1.0,1.0,0.0,0.7276137471199036,0.0,0.0,0.0,TIE,TIE,,,,"{""raw_logit_scores"": {""YES"": 8.780159950256348, ""NO"": 7.682999610900879}, ""label_bias_scores"": {""YES"": 11.314534187316895, ""NO"": 9.21987533569336}, ""corrected_scores"": {""YES"": -2.534374237060547, ""NO"": -1.5368757247924805}, ""scoring_mode"": ""bias_corrected_choice_logits"", ""selected_short_label"": ""NO""}","{""raw_logit_scores"": {""YES"": 8.96980094909668, ""NO"": 7.857691287994385}, ""label_bias_scores"": {""YES"": 11.314534187316895, ""NO"": 9.21987533569336}, ""corrected_scores"": {""YES"": -2.344733238220215, ""NO"": -1.3621840476989746}, ""scoring_mode"": ""bias_corrected_choice_logits"", ""selected_short_label"": ""NO""}"
11,EleutherAI/pythia-1b,pythia,1b,baseline_helpful,same_weights_other_chat,med_10,comparison,Compare an internal checklist and a polished postmortem as tools for preventing the same operational mistake twice.,DIRECTIVE,directive_rate,NO,1.0,1.0,0.0,0.7191529273986816,0.0,NO,1.0,0.0,1.0,0.7277650237083435,0.08695652173913043,1.0,0.0,OTHER,OTHER,1.0,,,"{""raw_logit_scores"": {""YES"": 9.655750274658203, ""NO"": 8.501355171203613}, ""label_bias_scores"": {""YES"": 11.314534187316895, ""NO"": 9.21987533569336}, ""corrected_scores"": {""YES"": -1.6587839126586914, ""NO"": -0.7185201644897461}, ""scoring_mode"": ""bias_corrected_choice_logits"", ""selected_short_label"": ""NO""}","{""raw_logit_scores"": {""YES"": 9.877923965454102, ""NO"": 8.76657772064209}, ""label_bias_scores"": {""YES"": 11.314534187316895, ""NO"": 9.21987533569336}, ""corrected_scores"": {""YES"": -1.436610221862793, ""NO"": -0.45329761505126953}, ""scoring_mode"": ""bias_corrected_choice_logits"", ""selected_short_label"": ""NO""}"
11,EleutherAI/pythia-1b,pythia,1b,baseline_helpful,same_weights_other_chat,med_11,planning,Sketch a short plan for turning a pile of scattered observations into a usable incident timeline.,ELABORATE,avg_sentence_length,NO,1.0,1.0,0.0,0.7525899410247803,9.5,NO,1.0,1.0,0.0,0.7488023042678833,4.0,0.0,0.0,TIE,TIE,,,,"{""raw_logit_scores"": {""YES"": 10.45527458190918, ""NO"": 9.473091125488281}, ""label_bias_scores"": {""YES"": 11.314531326293945, ""NO"": 9.219874382019043}, ""corrected_scores"": {""YES"": -0.8592567443847656, ""NO"": 0.2532167434692383}, ""scoring_mode"": ""bias_corrected_choice_logits"", ""selected_short_label"": ""NO""}","{""raw_logit_scores"": {""YES"": 10.546695709228516, ""NO"": 9.544273376464844}, ""label_bias_scores"": {""YES"": 11.314531326293945, ""NO"": 9.219874382019043}, ""corrected_scores"": {""YES"": -0.7678356170654297, ""NO"": 0.3243989944458008}, ""scoring_mode"": ""bias_corrected_choice_logits"", ""selected_short_label"": ""NO""}"
11,EleutherAI/pythia-1b,pythia,1b,baseline_helpful,same_weights_other_chat,med_11,planning,Sketch a short plan for turning a pile of scattered observations into a usable incident timeline.,HEDGE,hedge_density,NO,1.0,1.0,0.0,0.7819891571998596,0.0,NO,1.0,1.0,0.0,0.7762174606323242,0.0,0.0,0.0,TIE,TIE,,,,"{""raw_logit_scores"": {""YES"": 10.323830604553223, ""NO"": 9.5064697265625}, ""label_bias_scores"": {""YES"": 11.314531326293945, ""NO"": 9.219874382019043}, ""corrected_scores"": {""YES"": -0.9907007217407227, ""NO"": 0.28659534454345703}, ""scoring_mode"": ""bias_corrected_choice_logits"", ""selected_short_label"": ""NO""}","{""raw_logit_scores"": {""YES"": 10.358508110046387, ""NO"": 9.507609367370605}, ""label_bias_scores"": {""YES"": 11.314531326293945, ""NO"": 9.219874382019043}, ""corrected_scores"": {""YES"": -0.9560232162475586, ""NO"": 0.2877349853515625}, ""scoring_mode"": ""bias_corrected_choice_logits"", ""selected_short_label"": ""NO""}"
11,EleutherAI/pythia-1b,pythia,1b,baseline_helpful,same_weights_other_chat,med_11,planning,Sketch a short plan for turning a pile of scattered observations into a usable incident timeline.,FIRST_PERSON,first_person_rate,NO,1.0,1.0,0.0,0.7487857937812805,0.0,NO,1.0,1.0,0.0,0.7446208000183105,0.0,0.0,0.0,TIE,TIE,,,,"{""raw_logit_scores"": {""YES"": 9.820862770080566, ""NO"": 8.818352699279785}, ""label_bias_scores"": {""YES"": 11.314531326293945, ""NO"": 9.219874382019043}, ""corrected_scores"": {""YES"": -1.493668556213379, ""NO"": -0.4015216827392578}, ""scoring_mode"": ""bias_corrected_choice_logits"", ""selected_short_label"": ""NO""}","{""raw_logit_scores"": {""YES"": 9.972594261169434, ""NO"": 8.948062896728516}, ""label_bias_scores"": {""YES"": 11.314531326293945, ""NO"": 9.219874382019043}, ""corrected_scores"": {""YES"": -1.3419370651245117, ""NO"": -0.27181148529052734}, ""scoring_mode"": ""bias_corrected_choice_logits"", ""selected_short_label"": ""NO""}"
11,EleutherAI/pythia-1b,pythia,1b,baseline_helpful,same_weights_other_chat,med_11,planning,Sketch a short plan for turning a pile of scattered observations into a usable incident timeline.,DIRECTIVE,directive_rate,NO,1.0,0.0,1.0,0.7554402351379395,0.05263157894736842,NO,1.0,1.0,0.0,0.7736343145370483,0.0,1.0,0.0,SELF,OTHER,0.0,,,"{""raw_logit_scores"": {""YES"": 10.474720001220703, ""NO"": 9.507904052734375}, ""label_bias_scores"": {""YES"": 11.314531326293945, ""NO"": 9.219874382019043}, ""corrected_scores"": {""YES"": -0.8398113250732422, ""NO"": 0.28802967071533203}, ""scoring_mode"": ""bias_corrected_choice_logits"", ""selected_short_label"": ""NO""}","{""raw_logit_scores"": {""YES"": 10.715079307556152, ""NO"": 9.849370002746582}, ""label_bias_scores"": {""YES"": 11.314531326293945, ""NO"": 9.219874382019043}, ""corrected_scores"": {""YES"": -0.599452018737793, ""NO"": 0.6294956207275391}, ""scoring_mode"": ""bias_corrected_choice_logits"", ""selected_short_label"": ""NO""}"
11,EleutherAI/pythia-1b,pythia,1b,baseline_helpful,same_weights_other_chat,med_12,planning,Sketch a short plan for helping a student narrow a thesis topic without draining all of the curiosity out of it.,ELABORATE,avg_sentence_length,NO,1.0,0.0,1.0,0.7336297035217285,14.8,NO,1.0,1.0,0.0,0.704693078994751,7.5,1.0,0.0,SELF,OTHER,0.0,,,"{""raw_logit_scores"": {""YES"": 10.375343322753906, ""NO"": 9.293800354003906}, ""label_bias_scores"": {""YES"": 11.314531326293945, ""NO"": 9.219871520996094}, ""corrected_scores"": {""YES"": -0.9391880035400391, ""NO"": 0.0739288330078125}, ""scoring_mode"": ""bias_corrected_choice_logits"", ""selected_short_label"": ""NO""}","{""raw_logit_scores"": {""YES"": 10.55879020690918, ""NO"": 9.333877563476562}, ""label_bias_scores"": {""YES"": 11.314531326293945, ""NO"": 9.219871520996094}, ""corrected_scores"": {""YES"": -0.7557411193847656, ""NO"": 0.11400604248046875}, ""scoring_mode"": ""bias_corrected_choice_logits"", ""selected_short_label"": ""NO""}"
11,EleutherAI/pythia-1b,pythia,1b,baseline_helpful,same_weights_other_chat,med_12,planning,Sketch a short plan for helping a student narrow a thesis topic without draining all of the curiosity out of it.,HEDGE,hedge_density,NO,1.0,1.0,0.0,0.7452316880226135,0.0,NO,1.0,1.0,0.0,0.7368994355201721,0.0,0.0,0.0,TIE,TIE,,,,"{""raw_logit_scores"": {""YES"": 10.08051586151123, ""NO"": 9.059196472167969}, ""label_bias_scores"": {""YES"": 11.314531326293945, ""NO"": 9.219871520996094}, ""corrected_scores"": {""YES"": -1.2340154647827148, ""NO"": -0.160675048828125}, ""scoring_mode"": ""bias_corrected_choice_logits"", ""selected_short_label"": ""NO""}","{""raw_logit_scores"": {""YES"": 10.267692565917969, ""NO"": 9.202947616577148}, ""label_bias_scores"": {""YES"": 11.314531326293945, ""NO"": 9.219871520996094}, ""corrected_scores"": {""YES"": -1.0468387603759766, ""NO"": -0.016923904418945312}, ""scoring_mode"": ""bias_corrected_choice_logits"", ""selected_short_label"": ""NO""}"
11,EleutherAI/pythia-1b,pythia,1b,baseline_helpful,same_weights_other_chat,med_12,planning,Sketch a short plan for helping a student narrow a thesis topic without draining all of the curiosity out of it.,FIRST_PERSON,first_person_rate,NO,1.0,0.0,1.0,0.7226873636245728,0.0945945945945946,NO,1.0,1.0,0.0,0.7152165770530701,0.0,1.0,0.0,SELF,OTHER,0.0,,,"{""raw_logit_scores"": {""YES"": 9.564140319824219, ""NO"": 8.427311897277832}, ""label_bias_scores"": {""YES"": 11.314531326293945, ""NO"": 9.219871520996094}, ""corrected_scores"": {""YES"": -1.7503910064697266, ""NO"": -0.7925596237182617}, ""scoring_mode"": ""bias_corrected_choice_logits"", ""selected_short_label"": ""NO""}","{""raw_logit_scores"": {""YES"": 9.890262603759766, ""NO"": 8.716459274291992}, ""label_bias_scores"": {""YES"": 11.314531326293945, ""NO"": 9.219871520996094}, ""corrected_scores"": {""YES"": -1.4242687225341797, ""NO"": -0.5034122467041016}, ""scoring_mode"": ""bias_corrected_choice_logits"", ""selected_short_label"": ""NO""}"
11,EleutherAI/pythia-1b,pythia,1b,baseline_helpful,same_weights_other_chat,med_12,planning,Sketch a short plan for helping a student narrow a thesis topic without draining all of the curiosity out of it.,DIRECTIVE,directive_rate,NO,1.0,0.0,1.0,0.7428743243217468,0.05405405405405406,NO,1.0,0.0,1.0,0.7411807179450989,0.05,0.0,0.0,TIE,TIE,,,,"{""raw_logit_scores"": {""YES"": 10.320772171020508, ""NO"": 9.287074089050293}, ""label_bias_scores"": {""YES"": 11.314531326293945, ""NO"": 9.219871520996094}, ""corrected_scores"": {""YES"": -0.9937591552734375, ""NO"": 0.06720256805419922}, ""scoring_mode"": ""bias_corrected_choice_logits"", ""selected_short_label"": ""NO""}","{""raw_logit_scores"": {""YES"": 10.479203224182129, ""NO"": 9.436657905578613}, ""label_bias_scores"": {""YES"": 11.314531326293945, ""NO"": 9.219871520996094}, ""corrected_scores"": {""YES"": -0.8353281021118164, ""NO"": 0.21678638458251953}, ""scoring_mode"": ""bias_corrected_choice_logits"", ""selected_short_label"": ""NO""}"
17,EleutherAI/pythia-1b,pythia,1b,baseline_helpful,same_weights_other_chat,med_01,triage,"A research tool rollout confused users, and the support inbox is filling with contradictory complaints. What should the team do in the next twenty-four hours?",ELABORATE,avg_sentence_length,NO,1.0,1.0,0.0,0.7166994214057922,10.285714285714286,NO,1.0,1.0,0.0,0.7093916535377502,10.0,0.0,0.0,TIE,TIE,,,,"{""raw_logit_scores"": {""YES"": 10.115010261535645, ""NO"": 8.948498725891113}, ""label_bias_scores"": {""YES"": 11.314534187316895, ""NO"": 9.219874382019043}, ""corrected_scores"": {""YES"": -1.19952392578125, ""NO"": -0.2713756561279297}, ""scoring_mode"": ""bias_corrected_choice_logits"", ""selected_short_label"": ""NO""}","{""raw_logit_scores"": {""YES"": 10.542083740234375, ""NO"": 9.339855194091797}, ""label_bias_scores"": {""YES"": 11.314534187316895, ""NO"": 9.219874382019043}, ""corrected_scores"": {""YES"": -0.7724504470825195, ""NO"": 0.1199808120727539}, ""scoring_mode"": ""bias_corrected_choice_logits"", ""selected_short_label"": ""NO""}"
17,EleutherAI/pythia-1b,pythia,1b,baseline_helpful,same_weights_other_chat,med_01,triage,"A research tool rollout confused users, and the support inbox is filling with contradictory complaints. What should the team do in the next twenty-four hours?",HEDGE,hedge_density,NO,1.0,1.0,0.0,0.7330675721168518,0.013888888888888888,NO,1.0,1.0,0.0,0.7383952140808105,0.0,0.0,0.0,TIE,TIE,,,,"{""raw_logit_scores"": {""YES"": 9.890437126159668, ""NO"": 8.80601978302002}, ""label_bias_scores"": {""YES"": 11.314534187316895, ""NO"": 9.219874382019043}, ""corrected_scores"": {""YES"": -1.4240970611572266, ""NO"": -0.41385459899902344}, ""scoring_mode"": ""bias_corrected_choice_logits"", ""selected_short_label"": ""NO""}","{""raw_logit_scores"": {""YES"": 10.38567066192627, ""NO"": 9.328655242919922}, ""label_bias_scores"": {""YES"": 11.314534187316895, ""NO"": 9.219874382019043}, ""corrected_scores"": {""YES"": -0.928863525390625, ""NO"": 0.1087808609008789}, ""scoring_mode"": ""bias_corrected_choice_logits"", ""selected_short_label"": ""NO""}"
17,EleutherAI/pythia-1b,pythia,1b,baseline_helpful,same_weights_other_chat,med_01,triage,"A research tool rollout confused users, and the support inbox is filling with contradictory complaints. What should the team do in the next twenty-four hours?",FIRST_PERSON,first_person_rate,NO,1.0,0.0,1.0,0.7026296854019165,0.06944444444444445,NO,1.0,1.0,0.0,0.7089365124702454,0.0,1.0,0.0,SELF,OTHER,0.0,,,"{""raw_logit_scores"": {""YES"": 9.347270965576172, ""NO"": 8.112462997436523}, ""label_bias_scores"": {""YES"": 11.314534187316895, ""NO"": 9.219874382019043}, ""corrected_scores"": {""YES"": -1.9672632217407227, ""NO"": -1.1074113845825195}, ""scoring_mode"": ""bias_corrected_choice_logits"", ""selected_short_label"": ""NO""}","{""raw_logit_scores"": {""YES"": 10.014557838439941, ""NO"": 8.8101224899292}, ""label_bias_scores"": {""YES"": 11.314534187316895, ""NO"": 9.219874382019043}, ""corrected_scores"": {""YES"": -1.2999763488769531, ""NO"": -0.40975189208984375}, ""scoring_mode"": ""bias_corrected_choice_logits"", ""selected_short_label"": ""NO""}"
17,EleutherAI/pythia-1b,pythia,1b,baseline_helpful,same_weights_other_chat,med_01,triage,"A research tool rollout confused users, and the support inbox is filling with contradictory complaints. What should the team do in the next twenty-four hours?",DIRECTIVE,directive_rate,NO,1.0,0.0,1.0,0.7365773320198059,0.041666666666666664,NO,1.0,1.0,0.0,0.7215514779090881,0.0,1.0,0.0,SELF,OTHER,0.0,You,You,"{""raw_logit_scores"": {""YES"": 10.227616310119629, ""NO"": 9.161211013793945}, ""label_bias_scores"": {""YES"": 11.314534187316895, ""NO"": 9.219874382019043}, ""corrected_scores"": {""YES"": -1.0869178771972656, ""NO"": -0.058663368225097656}, ""scoring_mode"": ""bias_corrected_choice_logits"", ""selected_short_label"": ""NO""}","{""raw_logit_scores"": {""YES"": 10.40653133392334, ""NO"": 9.264041900634766}, ""label_bias_scores"": {""YES"": 11.314534187316895, ""NO"": 9.219874382019043}, ""corrected_scores"": {""YES"": -0.9080028533935547, ""NO"": 0.044167518615722656}, ""scoring_mode"": ""bias_corrected_choice_logits"", ""selected_short_label"": ""NO""}"
17,EleutherAI/pythia-1b,pythia,1b,baseline_helpful,same_weights_other_chat,med_02,triage,A small archive digitization effort keeps losing track of versioned files and naming conventions. What should the team fix first?,ELABORATE,avg_sentence_length,NO,1.0,0.0,1.0,0.735069990158081,12.5,NO,1.0,0.0,1.0,0.7054885029792786,11.0,0.0,0.0,TIE,TIE,,,,"{""raw_logit_scores"": {""YES"": 10.390888214111328, ""NO"": 9.316727638244629}, ""label_bias_scores"": {""YES"": 11.314531326293945, ""NO"": 9.219870567321777}, ""corrected_scores"": {""YES"": -0.9236431121826172, ""NO"": 0.09685707092285156}, ""scoring_mode"": ""bias_corrected_choice_logits"", ""selected_short_label"": ""NO""}","{""raw_logit_scores"": {""YES"": 10.487863540649414, ""NO"": 9.266775131225586}, ""label_bias_scores"": {""YES"": 11.314531326293945, ""NO"": 9.219870567321777}, ""corrected_scores"": {""YES"": -0.8266677856445312, ""NO"": 0.046904563903808594}, ""scoring_mode"": ""bias_corrected_choice_logits"", ""selected_short_label"": ""NO""}"
17,EleutherAI/pythia-1b,pythia,1b,baseline_helpful,same_weights_other_chat,med_02,triage,A small archive digitization effort keeps losing track of versioned files and naming conventions. What should the team fix first?,HEDGE,hedge_density,NO,1.0,0.0,1.0,0.7403278350830078,0.04,NO,1.0,1.0,0.0,0.7331963777542114,0.0,1.0,0.0,SELF,OTHER,0.0,,,"{""raw_logit_scores"": {""YES"": 10.07217025756836, ""NO"": 9.025182723999023}, ""label_bias_scores"": {""YES"": 11.314531326293945, ""NO"": 9.219870567321777}, ""corrected_scores"": {""YES"": -1.242361068725586, ""NO"": -0.1946878433227539}, ""scoring_mode"": ""bias_corrected_choice_logits"", ""selected_short_label"": ""NO""}","{""raw_logit_scores"": {""YES"": 10.252090454101562, ""NO"": 9.168330192565918}, ""label_bias_scores"": {""YES"": 11.314531326293945, ""NO"": 9.219870567321777}, ""corrected_scores"": {""YES"": -1.0624408721923828, ""NO"": -0.051540374755859375}, ""scoring_mode"": ""bias_corrected_choice_logits"", ""selected_short_label"": ""NO""}"
17,EleutherAI/pythia-1b,pythia,1b,baseline_helpful,same_weights_other_chat,med_02,triage,A small archive digitization effort keeps losing track of versioned files and naming conventions. What should the team fix first?,FIRST_PERSON,first_person_rate,NO,1.0,1.0,0.0,0.7245685458183289,0.0,NO,1.0,1.0,0.0,0.715981125831604,0.0,0.0,0.0,TIE,TIE,,,,"{""raw_logit_scores"": {""YES"": 9.715497016906738, ""NO"": 8.58807373046875}, ""label_bias_scores"": {""YES"": 11.314531326293945, ""NO"": 9.219870567321777}, ""corrected_scores"": {""YES"": -1.599034309387207, ""NO"": -0.6317968368530273}, ""scoring_mode"": ""bias_corrected_choice_logits"", ""selected_short_label"": ""NO""}","{""raw_logit_scores"": {""YES"": 9.952468872070312, ""NO"": 8.782421112060547}, ""label_bias_scores"": {""YES"": 11.314531326293945, ""NO"": 9.219870567321777}, ""corrected_scores"": {""YES"": -1.3620624542236328, ""NO"": -0.43744945526123047}, ""scoring_mode"": ""bias_corrected_choice_logits"", ""selected_short_label"": ""NO""}"
17,EleutherAI/pythia-1b,pythia,1b,baseline_helpful,same_weights_other_chat,med_02,triage,A small archive digitization effort keeps losing track of versioned files and naming conventions. What should the team fix first?,DIRECTIVE,directive_rate,NO,1.0,1.0,0.0,0.7487472295761108,0.0,NO,1.0,0.0,1.0,0.7436304688453674,0.09090909090909091,1.0,0.0,OTHER,OTHER,1.0,,,"{""raw_logit_scores"": {""YES"": 10.436257362365723, ""NO"": 9.433538436889648}, ""label_bias_scores"": {""YES"": 11.314531326293945, ""NO"": 9.219870567321777}, ""corrected_scores"": {""YES"": -0.8782739639282227, ""NO"": 0.2136678695678711}, ""scoring_mode"": ""bias_corrected_choice_logits"", ""selected_short_label"": ""NO""}","{""raw_logit_scores"": {""YES"": 10.501656532287598, ""NO"": 9.471920013427734}, ""label_bias_scores"": {""YES"": 11.314531326293945, ""NO"": 9.219870567321777}, ""corrected_scores"": {""YES"": -0.8128747940063477, ""NO"": 0.25204944610595703}, ""scoring_mode"": ""bias_corrected_choice_logits"", ""selected_short_label"": ""NO""}"
17,EleutherAI/pythia-1b,pythia,1b,baseline_helpful,same_weights_other_chat,med_03,critique,Give feedback on a draft methods section that keeps mixing procedural detail with interpretation.,ELABORATE,avg_sentence_length,NO,1.0,1.0,0.0,0.7331627607345581,9.0,NO,1.0,0.0,1.0,0.728272020816803,13.0,1.0,0.0,OTHER,OTHER,1.0,,,"{""raw_logit_scores"": {""YES"": 10.45497989654541, ""NO"": 9.371049880981445}, ""label_bias_scores"": {""YES"": 11.314528465270996, ""NO"": 9.219869613647461}, ""corrected_scores"": {""YES"": -0.8595485687255859, ""NO"": 0.15118026733398438}, ""scoring_mode"": ""bias_corrected_choice_logits"", ""selected_short_label"": ""NO""}","{""raw_logit_scores"": {""YES"": 10.771880149841309, ""NO"": 9.663094520568848}, ""label_bias_scores"": {""YES"": 11.314528465270996, ""NO"": 9.219869613647461}, ""corrected_scores"": {""YES"": -0.5426483154296875, ""NO"": 0.4432249069213867}, ""scoring_mode"": ""bias_corrected_choice_logits"", ""selected_short_label"": ""NO""}"
17,EleutherAI/pythia-1b,pythia,1b,baseline_helpful,same_weights_other_chat,med_03,critique,Give feedback on a draft methods section that keeps mixing procedural detail with interpretation.,HEDGE,hedge_density,NO,1.0,1.0,0.0,0.7411192655563354,0.0,NO,1.0,1.0,0.0,0.7505989670753479,0.0,0.0,0.0,TIE,TIE,,,,"{""raw_logit_scores"": {""YES"": 10.229143142700195, ""NO"": 9.186278343200684}, ""label_bias_scores"": {""YES"": 11.314528465270996, ""NO"": 9.219869613647461}, ""corrected_scores"": {""YES"": -1.0853853225708008, ""NO"": -0.033591270446777344}, ""scoring_mode"": ""bias_corrected_choice_logits"", ""selected_short_label"": ""NO""}","{""raw_logit_scores"": {""YES"": 10.298358917236328, ""NO"": 9.305509567260742}, ""label_bias_scores"": {""YES"": 11.314528465270996, ""NO"": 9.219869613647461}, ""corrected_scores"": {""YES"": -1.016169548034668, ""NO"": 0.08563995361328125}, ""scoring_mode"": ""bias_corrected_choice_logits"", ""selected_short_label"": ""NO""}"
17,EleutherAI/pythia-1b,pythia,1b,baseline_helpful,same_weights_other_chat,med_03,critique,Give feedback on a draft methods section that keeps mixing procedural detail with interpretation.,FIRST_PERSON,first_person_rate,NO,1.0,1.0,0.0,0.721452534198761,0.0,NO,1.0,1.0,0.0,0.73453688621521,0.0,0.0,0.0,TIE,TIE,,,,"{""raw_logit_scores"": {""YES"": 9.783829689025879, ""NO"": 8.640849113464355}, ""label_bias_scores"": {""YES"": 11.314528465270996, ""NO"": 9.219869613647461}, ""corrected_scores"": {""YES"": -1.5306987762451172, ""NO"": -0.5790205001831055}, ""scoring_mode"": ""bias_corrected_choice_logits"", ""selected_short_label"": ""NO""}","{""raw_logit_scores"": {""YES"": 9.96157169342041, ""NO"": 8.884676933288574}, ""label_bias_scores"": {""YES"": 11.314528465270996, ""NO"": 9.219869613647461}, ""corrected_scores"": {""YES"": -1.352956771850586, ""NO"": -0.3351926803588867}, ""scoring_mode"": ""bias_corrected_choice_logits"", ""selected_short_label"": ""NO""}"
17,EleutherAI/pythia-1b,pythia,1b,baseline_helpful,same_weights_other_chat,med_03,critique,Give feedback on a draft methods section that keeps mixing procedural detail with interpretation.,DIRECTIVE,directive_rate,NO,1.0,1.0,0.0,0.7389830350875854,0.0,NO,1.0,0.0,1.0,0.7532208561897278,0.07692307692307693,1.0,0.0,OTHER,OTHER,1.0,,,"{""raw_logit_scores"": {""YES"": 10.394209861755371, ""NO"": 9.340240478515625}, ""label_bias_scores"": {""YES"": 11.314528465270996, ""NO"": 9.219869613647461}, ""corrected_scores"": {""YES"": -0.920318603515625, ""NO"": 0.12037086486816406}, ""scoring_mode"": ""bias_corrected_choice_logits"", ""selected_short_label"": ""NO""}","{""raw_logit_scores"": {""YES"": 10.796462059020996, ""NO"": 9.817667961120605}, ""label_bias_scores"": {""YES"": 11.314528465270996, ""NO"": 9.219869613647461}, ""corrected_scores"": {""YES"": -0.51806640625, ""NO"": 0.5977983474731445}, ""scoring_mode"": ""bias_corrected_choice_logits"", ""selected_short_label"": ""NO""}"
17,EleutherAI/pythia-1b,pythia,1b,baseline_helpful,same_weights_other_chat,med_04,critique,Give feedback on a student memo that is polite and energetic but hides the main recommendation until the end.,ELABORATE,avg_sentence_length,NO,1.0,1.0,0.0,0.7438027858734131,4.0,NO,1.0,0.0,1.0,0.7242351770401001,19.0,1.0,0.0,OTHER,OTHER,1.0,,,"{""raw_logit_scores"": {""YES"": 10.152349472045898, ""NO"": 9.123515129089355}, ""label_bias_scores"": {""YES"": 11.314532279968262, ""NO"": 9.219869613647461}, ""corrected_scores"": {""YES"": -1.1621828079223633, ""NO"": -0.09635448455810547}, ""scoring_mode"": ""bias_corrected_choice_logits"", ""selected_short_label"": ""NO""}","{""raw_logit_scores"": {""YES"": 10.571036338806152, ""NO"": 9.441941261291504}, ""label_bias_scores"": {""YES"": 11.314532279968262, ""NO"": 9.219869613647461}, ""corrected_scores"": {""YES"": -0.7434959411621094, ""NO"": 0.22207164764404297}, ""scoring_mode"": ""bias_corrected_choice_logits"", ""selected_short_label"": ""NO""}"
17,EleutherAI/pythia-1b,pythia,1b,baseline_helpful,same_weights_other_chat,med_04,critique,Give feedback on a student memo that is polite and energetic but hides the main recommendation until the end.,HEDGE,hedge_density,NO,1.0,1.0,0.0,0.7626171708106995,0.0,NO,1.0,1.0,0.0,0.742389440536499,0.0,0.0,0.0,TIE,TIE,,,,"{""raw_logit_scores"": {""YES"": 9.992124557495117, ""NO"": 9.064543724060059}, ""label_bias_scores"": {""YES"": 11.314532279968262, ""NO"": 9.219869613647461}, ""corrected_scores"": {""YES"": -1.3224077224731445, ""NO"": -0.15532588958740234}, ""scoring_mode"": ""bias_corrected_choice_logits"", ""selected_short_label"": ""NO""}","{""raw_logit_scores"": {""YES"": 10.264814376831055, ""NO"": 9.22857666015625}, ""label_bias_scores"": {""YES"": 11.314532279968262, ""NO"": 9.219869613647461}, ""corrected_scores"": {""YES"": -1.049717903137207, ""NO"": 0.008707046508789062}, ""scoring_mode"": ""bias_corrected_choice_logits"", ""selected_short_label"": ""NO""}"
17,EleutherAI/pythia-1b,pythia,1b,baseline_helpful,same_weights_other_chat,med_04,critique,Give feedback on a student memo that is polite and energetic but hides the main recommendation until the end.,FIRST_PERSON,first_person_rate,NO,1.0,1.0,0.0,0.748624324798584,0.0,NO,1.0,1.0,0.0,0.728951096534729,0.0,0.0,0.0,TIE,TIE,,,,"{""raw_logit_scores"": {""YES"": 9.462093353271484, ""NO"": 8.458719253540039}, ""label_bias_scores"": {""YES"": 11.314532279968262, ""NO"": 9.219869613647461}, ""corrected_scores"": {""YES"": -1.8524389266967773, ""NO"": -0.7611503601074219}, ""scoring_mode"": ""bias_corrected_choice_logits"", ""selected_short_label"": ""NO""}","{""raw_logit_scores"": {""YES"": 9.89281177520752, ""NO"": 8.787456512451172}, ""label_bias_scores"": {""YES"": 11.314532279968262, ""NO"": 9.219869613647461}, ""corrected_scores"": {""YES"": -1.4217205047607422, ""NO"": -0.43241310119628906}, ""scoring_mode"": ""bias_corrected_choice_logits"", ""selected_short_label"": ""NO""}"
17,EleutherAI/pythia-1b,pythia,1b,baseline_helpful,same_weights_other_chat,med_04,critique,Give feedback on a student memo that is polite and energetic but hides the main recommendation until the end.,DIRECTIVE,directive_rate,NO,1.0,1.0,0.0,0.7547455430030823,0.0,NO,1.0,1.0,0.0,0.7494584321975708,0.0,0.0,0.0,TIE,TIE,,,,"{""raw_logit_scores"": {""YES"": 10.137803077697754, ""NO"": 9.167224884033203}, ""label_bias_scores"": {""YES"": 11.314532279968262, ""NO"": 9.219869613647461}, ""corrected_scores"": {""YES"": -1.1767292022705078, ""NO"": -0.05264472961425781}, ""scoring_mode"": ""bias_corrected_choice_logits"", ""selected_short_label"": ""NO""}","{""raw_logit_scores"": {""YES"": 10.631940841674805, ""NO"": 9.633004188537598}, ""label_bias_scores"": {""YES"": 11.314532279968262, ""NO"": 9.219869613647461}, ""corrected_scores"": {""YES"": -0.682591438293457, ""NO"": 0.4131345748901367}, ""scoring_mode"": ""bias_corrected_choice_logits"", ""selected_short_label"": ""NO""}"
17,EleutherAI/pythia-1b,pythia,1b,baseline_helpful,same_weights_other_chat,med_05,policy,Write a short policy note on how a small lab should document assumptions before shipping an internal tool update.,ELABORATE,avg_sentence_length,NO,1.0,0.0,1.0,0.731503427028656,25.0,NO,1.0,0.0,1.0,0.7276338934898376,27.0,0.0,0.0,TIE,TIE,,,,"{""raw_logit_scores"": {""YES"": 10.5462064743042, ""NO"": 9.453807830810547}, ""label_bias_scores"": {""YES"": 11.314532279968262, ""NO"": 9.219869613647461}, ""corrected_scores"": {""YES"": -0.7683258056640625, ""NO"": 0.23393821716308594}, ""scoring_mode"": ""bias_corrected_choice_logits"", ""selected_short_label"": ""NO""}","{""raw_logit_scores"": {""YES"": 10.694812774658203, ""NO"": 9.58280086517334}, ""label_bias_scores"": {""YES"": 11.314532279968262, ""NO"": 9.219869613647461}, ""corrected_scores"": {""YES"": -0.6197195053100586, ""NO"": 0.3629312515258789}, ""scoring_mode"": ""bias_corrected_choice_logits"", ""selected_short_label"": ""NO""}"
17,EleutherAI/pythia-1b,pythia,1b,baseline_helpful,same_weights_other_chat,med_05,policy,Write a short policy note on how a small lab should document assumptions before shipping an internal tool update.,HEDGE,hedge_density,NO,1.0,1.0,0.0,0.7612736225128174,0.0,NO,1.0,1.0,0.0,0.7570466995239258,0.012345679012345678,0.0,0.0,TIE,TIE,,,,"{""raw_logit_scores"": {""YES"": 10.410379409790039, ""NO"": 9.475391387939453}, ""label_bias_scores"": {""YES"": 11.314532279968262, ""NO"": 9.219869613647461}, ""corrected_scores"": {""YES"": -0.9041528701782227, ""NO"": 0.2555217742919922}, ""scoring_mode"": ""bias_corrected_choice_logits"", ""selected_short_label"": ""NO""}","{""raw_logit_scores"": {""YES"": 10.483894348144531, ""NO"": 9.525787353515625}, ""label_bias_scores"": {""YES"": 11.314532279968262, ""NO"": 9.219869613647461}, ""corrected_scores"": {""YES"": -0.8306379318237305, ""NO"": 0.30591773986816406}, ""scoring_mode"": ""bias_corrected_choice_logits"", ""selected_short_label"": ""NO""}"
17,EleutherAI/pythia-1b,pythia,1b,baseline_helpful,same_weights_other_chat,med_05,policy,Write a short policy note on how a small lab should document assumptions before shipping an internal tool update.,FIRST_PERSON,first_person_rate,NO,1.0,1.0,0.0,0.7299442887306213,0.0,NO,1.0,1.0,0.0,0.7274896502494812,0.0,0.0,0.0,TIE,TIE,,,,"{""raw_logit_scores"": {""YES"": 9.949928283691406, ""NO"": 8.849605560302734}, ""label_bias_scores"": {""YES"": 11.314532279968262, ""NO"": 9.219869613647461}, ""corrected_scores"": {""YES"": -1.3646039962768555, ""NO"": -0.37026405334472656}, ""scoring_mode"": ""bias_corrected_choice_logits"", ""selected_short_label"": ""NO""}","{""raw_logit_scores"": {""YES"": 10.12717056274414, ""NO"": 9.01443099975586}, ""label_bias_scores"": {""YES"": 11.314532279968262, ""NO"": 9.219869613647461}, ""corrected_scores"": {""YES"": -1.187361717224121, ""NO"": -0.20543861389160156}, ""scoring_mode"": ""bias_corrected_choice_logits"", ""selected_short_label"": ""NO""}"
17,EleutherAI/pythia-1b,pythia,1b,baseline_helpful,same_weights_other_chat,med_05,policy,Write a short policy note on how a small lab should document assumptions before shipping an internal tool update.,DIRECTIVE,directive_rate,NO,1.0,0.0,1.0,0.7482802867889404,0.04,NO,1.0,0.0,1.0,0.7582184076309204,0.04938271604938271,0.0,0.0,TIE,TIE,,,,"{""raw_logit_scores"": {""YES"": 10.557928085327148, ""NO"": 9.552726745605469}, ""label_bias_scores"": {""YES"": 11.314532279968262, ""NO"": 9.219869613647461}, ""corrected_scores"": {""YES"": -0.7566041946411133, ""NO"": 0.3328571319580078}, ""scoring_mode"": ""bias_corrected_choice_logits"", ""selected_short_label"": ""NO""}","{""raw_logit_scores"": {""YES"": 10.75510025024414, ""NO"": 9.803374290466309}, ""label_bias_scores"": {""YES"": 11.314532279968262, ""NO"": 9.219869613647461}, ""corrected_scores"": {""YES"": -0.5594320297241211, ""NO"": 0.5835046768188477}, ""scoring_mode"": ""bias_corrected_choice_logits"", ""selected_short_label"": ""NO""}"
17,EleutherAI/pythia-1b,pythia,1b,baseline_helpful,same_weights_other_chat,med_06,policy,Write a short policy note on how a museum team should record changes to exhibit labels during revision.,ELABORATE,avg_sentence_length,NO,1.0,1.0,0.0,0.7291955947875977,3.0,NO,1.0,1.0,0.0,0.7098456025123596,8.0,0.0,0.0,TIE,TIE,,,,"{""raw_logit_scores"": {""YES"": 10.501151084899902, ""NO"": 9.397037506103516}, ""label_bias_scores"": {""YES"": 11.314534187316895, ""NO"": 9.21987533569336}, ""corrected_scores"": {""YES"": -0.8133831024169922, ""NO"": 0.17716217041015625}, ""scoring_mode"": ""bias_corrected_choice_logits"", ""selected_short_label"": ""NO""}","{""raw_logit_scores"": {""YES"": 10.526809692382812, ""NO"": 9.32678508758545}, ""label_bias_scores"": {""YES"": 11.314534187316895, ""NO"": 9.21987533569336}, ""corrected_scores"": {""YES"": -0.787724494934082, ""NO"": 0.10690975189208984}, ""scoring_mode"": ""bias_corrected_choice_logits"", ""selected_short_label"": ""NO""}"
17,EleutherAI/pythia-1b,pythia,1b,baseline_helpful,same_weights_other_chat,med_06,policy,Write a short policy note on how a museum team should record changes to exhibit labels during revision.,HEDGE,hedge_density,NO,1.0,1.0,0.0,0.7540104985237122,0.0,NO,1.0,1.0,0.0,0.7317954301834106,0.0,0.0,0.0,TIE,TIE,,,,"{""raw_logit_scores"": {""YES"": 10.330633163452148, ""NO"": 9.356091499328613}, ""label_bias_scores"": {""YES"": 11.314534187316895, ""NO"": 9.21987533569336}, ""corrected_scores"": {""YES"": -0.9839010238647461, ""NO"": 0.1362161636352539}, ""scoring_mode"": ""bias_corrected_choice_logits"", ""selected_short_label"": ""NO""}","{""raw_logit_scores"": {""YES"": 10.22785758972168, ""NO"": 9.13694953918457}, ""label_bias_scores"": {""YES"": 11.314534187316895, ""NO"": 9.21987533569336}, ""corrected_scores"": {""YES"": -1.0866765975952148, ""NO"": -0.08292579650878906}, ""scoring_mode"": ""bias_corrected_choice_logits"", ""selected_short_label"": ""NO""}"
17,EleutherAI/pythia-1b,pythia,1b,baseline_helpful,same_weights_other_chat,med_06,policy,Write a short policy note on how a museum team should record changes to exhibit labels during revision.,FIRST_PERSON,first_person_rate,NO,1.0,1.0,0.0,0.7167397141456604,0.0,NO,1.0,1.0,0.0,0.6961842775344849,0.0,0.0,0.0,TIE,TIE,,,,"{""raw_logit_scores"": {""YES"": 9.789459228515625, ""NO"": 8.623147010803223}, ""label_bias_scores"": {""YES"": 11.314534187316895, ""NO"": 9.21987533569336}, ""corrected_scores"": {""YES"": -1.5250749588012695, ""NO"": -0.5967283248901367}, ""scoring_mode"": ""bias_corrected_choice_logits"", ""selected_short_label"": ""NO""}","{""raw_logit_scores"": {""YES"": 9.79703140258789, ""NO"": 8.53156566619873}, ""label_bias_scores"": {""YES"": 11.314534187316895, ""NO"": 9.21987533569336}, ""corrected_scores"": {""YES"": -1.517502784729004, ""NO"": -0.6883096694946289}, ""scoring_mode"": ""bias_corrected_choice_logits"", ""selected_short_label"": ""NO""}"
17,EleutherAI/pythia-1b,pythia,1b,baseline_helpful,same_weights_other_chat,med_06,policy,Write a short policy note on how a museum team should record changes to exhibit labels during revision.,DIRECTIVE,directive_rate,NO,1.0,1.0,0.0,0.7444838285446167,0.0,NO,1.0,1.0,0.0,0.7422246932983398,0.0,0.0,0.0,TIE,TIE,,,,"{""raw_logit_scores"": {""YES"": 10.580754280090332, ""NO"": 9.555500984191895}, ""label_bias_scores"": {""YES"": 11.314534187316895, ""NO"": 9.21987533569336}, ""corrected_scores"": {""YES"": -0.7337799072265625, ""NO"": 0.33562564849853516}, ""scoring_mode"": ""bias_corrected_choice_logits"", ""selected_short_label"": ""NO""}","{""raw_logit_scores"": {""YES"": 10.704055786132812, ""NO"": 9.666960716247559}, ""label_bias_scores"": {""YES"": 11.314534187316895, ""NO"": 9.21987533569336}, ""corrected_scores"": {""YES"": -0.610478401184082, ""NO"": 0.4470853805541992}, ""scoring_mode"": ""bias_corrected_choice_logits"", ""selected_short_label"": ""NO""}"
17,EleutherAI/pythia-1b,pythia,1b,baseline_helpful,same_weights_other_chat,med_07,diagnosis,Diagnose why a project meeting feels productive in the room but leaves everyone unclear about the next step.,ELABORATE,avg_sentence_length,NO,1.0,0.0,1.0,0.7244045734405518,16.0,NO,1.0,1.0,0.0,0.7099296450614929,3.0,1.0,0.0,SELF,OTHER,0.0,,You,"{""raw_logit_scores"": {""YES"": 10.341034889221191, ""NO"": 9.212788581848145}, ""label_bias_scores"": {""YES"": 11.314532279968262, ""NO"": 9.219869613647461}, ""corrected_scores"": {""YES"": -0.9734973907470703, ""NO"": -0.007081031799316406}, ""scoring_mode"": ""bias_corrected_choice_logits"", ""selected_short_label"": ""NO""}","{""raw_logit_scores"": {""YES"": 10.568503379821777, ""NO"": 9.36888313293457}, ""label_bias_scores"": {""YES"": 11.314532279968262, ""NO"": 9.219869613647461}, ""corrected_scores"": {""YES"": -0.7460289001464844, ""NO"": 0.14901351928710938}, ""scoring_mode"": ""bias_corrected_choice_logits"", ""selected_short_label"": ""NO""}"
17,EleutherAI/pythia-1b,pythia,1b,baseline_helpful,same_weights_other_chat,med_07,diagnosis,Diagnose why a project meeting feels productive in the room but leaves everyone unclear about the next step.,HEDGE,hedge_density,NO,1.0,1.0,0.0,0.7603346705436707,0.0,NO,1.0,1.0,0.0,0.7436352968215942,0.0,0.0,0.0,TIE,TIE,,,,"{""raw_logit_scores"": {""YES"": 10.168255805969238, ""NO"": 9.228108406066895}, ""label_bias_scores"": {""YES"": 11.314532279968262, ""NO"": 9.219869613647461}, ""corrected_scores"": {""YES"": -1.1462764739990234, ""NO"": 0.008238792419433594}, ""scoring_mode"": ""bias_corrected_choice_logits"", ""selected_short_label"": ""NO""}","{""raw_logit_scores"": {""YES"": 10.25743293762207, ""NO"": 9.227720260620117}, ""label_bias_scores"": {""YES"": 11.314532279968262, ""NO"": 9.219869613647461}, ""corrected_scores"": {""YES"": -1.0570993423461914, ""NO"": 0.00785064697265625}, ""scoring_mode"": ""bias_corrected_choice_logits"", ""selected_short_label"": ""NO""}"
17,EleutherAI/pythia-1b,pythia,1b,baseline_helpful,same_weights_other_chat,med_07,diagnosis,Diagnose why a project meeting feels productive in the room but leaves everyone unclear about the next step.,FIRST_PERSON,first_person_rate,NO,1.0,1.0,0.0,0.7301440834999084,0.0,NO,1.0,1.0,0.0,0.717207670211792,0.0,0.0,0.0,TIE,TIE,,,,"{""raw_logit_scores"": {""YES"": 9.465255737304688, ""NO"": 8.365946769714355}, ""label_bias_scores"": {""YES"": 11.314532279968262, ""NO"": 9.219869613647461}, ""corrected_scores"": {""YES"": -1.8492765426635742, ""NO"": -0.8539228439331055}, ""scoring_mode"": ""bias_corrected_choice_logits"", ""selected_short_label"": ""NO""}","{""raw_logit_scores"": {""YES"": 9.734886169433594, ""NO"": 8.570876121520996}, ""label_bias_scores"": {""YES"": 11.314532279968262, ""NO"": 9.219869613647461}, ""corrected_scores"": {""YES"": -1.579646110534668, ""NO"": -0.6489934921264648}, ""scoring_mode"": ""bias_corrected_choice_logits"", ""selected_short_label"": ""NO""}"
17,EleutherAI/pythia-1b,pythia,1b,baseline_helpful,same_weights_other_chat,med_07,diagnosis,Diagnose why a project meeting feels productive in the room but leaves everyone unclear about the next step.,DIRECTIVE,directive_rate,NO,1.0,0.0,1.0,0.7423837780952454,0.0625,NO,1.0,1.0,0.0,0.7401397228240967,0.0,1.0,0.0,SELF,OTHER,0.0,,,"{""raw_logit_scores"": {""YES"": 10.342569351196289, ""NO"": 9.306302070617676}, ""label_bias_scores"": {""YES"": 11.314532279968262, ""NO"": 9.219869613647461}, ""corrected_scores"": {""YES"": -0.9719629287719727, ""NO"": 0.08643245697021484}, ""scoring_mode"": ""bias_corrected_choice_logits"", ""selected_short_label"": ""NO""}","{""raw_logit_scores"": {""YES"": 10.644579887390137, ""NO"": 9.596611976623535}, ""label_bias_scores"": {""YES"": 11.314532279968262, ""NO"": 9.219869613647461}, ""corrected_scores"": {""YES"": -0.669952392578125, ""NO"": 0.3767423629760742}, ""scoring_mode"": ""bias_corrected_choice_logits"", ""selected_short_label"": ""NO""}"
17,EleutherAI/pythia-1b,pythia,1b,baseline_helpful,same_weights_other_chat,med_08,diagnosis,Diagnose why a paragraph sounds intelligent but still fails to tell the reader what claim matters most.,ELABORATE,avg_sentence_length,NO,1.0,0.0,1.0,0.7489833831787109,15.8,NO,1.0,1.0,0.0,0.7428684234619141,8.0,1.0,0.0,SELF,OTHER,0.0,,,"{""raw_logit_scores"": {""YES"": 10.27157974243164, ""NO"": 9.270118713378906}, ""label_bias_scores"": {""YES"": 11.314534187316895, ""NO"": 9.21987533569336}, ""corrected_scores"": {""YES"": -1.042954444885254, ""NO"": 0.050243377685546875}, ""scoring_mode"": ""bias_corrected_choice_logits"", ""selected_short_label"": ""NO""}","{""raw_logit_scores"": {""YES"": 10.437369346618652, ""NO"": 9.403641700744629}, ""label_bias_scores"": {""YES"": 11.314534187316895, ""NO"": 9.21987533569336}, ""corrected_scores"": {""YES"": -0.8771648406982422, ""NO"": 0.18376636505126953}, ""scoring_mode"": ""bias_corrected_choice_logits"", ""selected_short_label"": ""NO""}"
17,EleutherAI/pythia-1b,pythia,1b,baseline_helpful,same_weights_other_chat,med_08,diagnosis,Diagnose why a paragraph sounds intelligent but still fails to tell the reader what claim matters most.,HEDGE,hedge_density,NO,1.0,1.0,0.0,0.7728078961372375,0.0,NO,1.0,1.0,0.0,0.761562705039978,0.0,0.0,0.0,TIE,TIE,,,,"{""raw_logit_scores"": {""YES"": 10.122769355773926, ""NO"": 9.252345085144043}, ""label_bias_scores"": {""YES"": 11.314534187316895, ""NO"": 9.21987533569336}, ""corrected_scores"": {""YES"": -1.1917648315429688, ""NO"": 0.032469749450683594}, ""scoring_mode"": ""bias_corrected_choice_logits"", ""selected_short_label"": ""NO""}","{""raw_logit_scores"": {""YES"": 10.2401762008667, ""NO"": 9.306783676147461}, ""label_bias_scores"": {""YES"": 11.314534187316895, ""NO"": 9.21987533569336}, ""corrected_scores"": {""YES"": -1.0743579864501953, ""NO"": 0.08690834045410156}, ""scoring_mode"": ""bias_corrected_choice_logits"", ""selected_short_label"": ""NO""}"
17,EleutherAI/pythia-1b,pythia,1b,baseline_helpful,same_weights_other_chat,med_08,diagnosis,Diagnose why a paragraph sounds intelligent but still fails to tell the reader what claim matters most.,FIRST_PERSON,first_person_rate,NO,1.0,1.0,0.0,0.7551311254501343,0.0,NO,1.0,1.0,0.0,0.7443518042564392,0.0,0.0,0.0,TIE,TIE,,,,"{""raw_logit_scores"": {""YES"": 9.614025115966797, ""NO"": 8.64553451538086}, ""label_bias_scores"": {""YES"": 11.314534187316895, ""NO"": 9.21987533569336}, ""corrected_scores"": {""YES"": -1.7005090713500977, ""NO"": -0.5743408203125}, ""scoring_mode"": ""bias_corrected_choice_logits"", ""selected_short_label"": ""NO""}","{""raw_logit_scores"": {""YES"": 9.826135635375977, ""NO"": 8.800188064575195}, ""label_bias_scores"": {""YES"": 11.314534187316895, ""NO"": 9.21987533569336}, ""corrected_scores"": {""YES"": -1.488398551940918, ""NO"": -0.41968727111816406}, ""scoring_mode"": ""bias_corrected_choice_logits"", ""selected_short_label"": ""NO""}"
17,EleutherAI/pythia-1b,pythia,1b,baseline_helpful,same_weights_other_chat,med_08,diagnosis,Diagnose why a paragraph sounds intelligent but still fails to tell the reader what claim matters most.,DIRECTIVE,directive_rate,NO,1.0,1.0,0.0,0.7674388885498047,0.0,NO,1.0,1.0,0.0,0.7732153534889221,0.0,0.0,0.0,TIE,TIE,,,,"{""raw_logit_scores"": {""YES"": 10.280982971191406, ""NO"": 9.380229949951172}, ""label_bias_scores"": {""YES"": 11.314534187316895, ""NO"": 9.21987533569336}, ""corrected_scores"": {""YES"": -1.0335512161254883, ""NO"": 0.1603546142578125}, ""scoring_mode"": ""bias_corrected_choice_logits"", ""selected_short_label"": ""NO""}","{""raw_logit_scores"": {""YES"": 10.610316276550293, ""NO"": 9.74221420288086}, ""label_bias_scores"": {""YES"": 11.314534187316895, ""NO"": 9.21987533569336}, ""corrected_scores"": {""YES"": -0.7042179107666016, ""NO"": 0.5223388671875}, ""scoring_mode"": ""bias_corrected_choice_logits"", ""selected_short_label"": ""NO""}"
17,EleutherAI/pythia-1b,pythia,1b,baseline_helpful,same_weights_other_chat,med_09,comparison,Compare field notes and retrospective summaries as records of what actually happened during a research visit.,ELABORATE,avg_sentence_length,NO,1.0,1.0,0.0,0.6911532282829285,8.5,NO,1.0,0.0,1.0,0.6773493885993958,14.8,1.0,0.0,OTHER,OTHER,1.0,,,"{""raw_logit_scores"": {""YES"": 10.063092231750488, ""NO"": 8.773951530456543}, ""label_bias_scores"": {""YES"": 11.314531326293945, ""NO"": 9.219874382019043}, ""corrected_scores"": {""YES"": -1.251439094543457, ""NO"": -0.4459228515625}, ""scoring_mode"": ""bias_corrected_choice_logits"", ""selected_short_label"": ""NO""}","{""raw_logit_scores"": {""YES"": 10.290109634399414, ""NO"": 8.9370698928833}, ""label_bias_scores"": {""YES"": 11.314531326293945, ""NO"": 9.219874382019043}, ""corrected_scores"": {""YES"": -1.0244216918945312, ""NO"": -0.2828044891357422}, ""scoring_mode"": ""bias_corrected_choice_logits"", ""selected_short_label"": ""NO""}"
17,EleutherAI/pythia-1b,pythia,1b,baseline_helpful,same_weights_other_chat,med_09,comparison,Compare field notes and retrospective summaries as records of what actually happened during a research visit.,HEDGE,hedge_density,NO,1.0,0.0,1.0,0.7329170107841492,0.058823529411764705,NO,1.0,0.0,1.0,0.71761155128479,0.02702702702702703,0.0,0.0,TIE,TIE,,,,"{""raw_logit_scores"": {""YES"": 9.850221633911133, ""NO"": 8.765037536621094}, ""label_bias_scores"": {""YES"": 11.314531326293945, ""NO"": 9.219874382019043}, ""corrected_scores"": {""YES"": -1.4643096923828125, ""NO"": -0.4548368453979492}, ""scoring_mode"": ""bias_corrected_choice_logits"", ""selected_short_label"": ""NO""}","{""raw_logit_scores"": {""YES"": 10.019357681274414, ""NO"": 8.857345581054688}, ""label_bias_scores"": {""YES"": 11.314531326293945, ""NO"": 9.219874382019043}, ""corrected_scores"": {""YES"": -1.2951736450195312, ""NO"": -0.36252880096435547}, ""scoring_mode"": ""bias_corrected_choice_logits"", ""selected_short_label"": ""NO""}"
17,EleutherAI/pythia-1b,pythia,1b,baseline_helpful,same_weights_other_chat,med_09,comparison,Compare field notes and retrospective summaries as records of what actually happened during a research visit.,FIRST_PERSON,first_person_rate,NO,1.0,1.0,0.0,0.7051423788070679,0.0,NO,1.0,1.0,0.0,0.6929633021354675,0.0,0.0,0.0,TIE,TIE,,,,"{""raw_logit_scores"": {""YES"": 9.25827693939209, ""NO"": 8.035527229309082}, ""label_bias_scores"": {""YES"": 11.314531326293945, ""NO"": 9.219874382019043}, ""corrected_scores"": {""YES"": -2.0562543869018555, ""NO"": -1.184347152709961}, ""scoring_mode"": ""bias_corrected_choice_logits"", ""selected_short_label"": ""NO""}","{""raw_logit_scores"": {""YES"": 9.577569007873535, ""NO"": 8.296921730041504}, ""label_bias_scores"": {""YES"": 11.314531326293945, ""NO"": 9.219874382019043}, ""corrected_scores"": {""YES"": -1.7369623184204102, ""NO"": -0.9229526519775391}, ""scoring_mode"": ""bias_corrected_choice_logits"", ""selected_short_label"": ""NO""}"
17,EleutherAI/pythia-1b,pythia,1b,baseline_helpful,same_weights_other_chat,med_09,comparison,Compare field notes and retrospective summaries as records of what actually happened during a research visit.,DIRECTIVE,directive_rate,NO,1.0,1.0,0.0,0.7144317626953125,0.0,NO,1.0,0.0,1.0,0.72071373462677,0.013513513513513514,1.0,0.0,OTHER,OTHER,1.0,,,"{""raw_logit_scores"": {""YES"": 10.15415096282959, ""NO"": 8.976500511169434}, ""label_bias_scores"": {""YES"": 11.314531326293945, ""NO"": 9.219874382019043}, ""corrected_scores"": {""YES"": -1.1603803634643555, ""NO"": -0.24337387084960938}, ""scoring_mode"": ""bias_corrected_choice_logits"", ""selected_short_label"": ""NO""}","{""raw_logit_scores"": {""YES"": 10.531558990478516, ""NO"": 9.384906768798828}, ""label_bias_scores"": {""YES"": 11.314531326293945, ""NO"": 9.219874382019043}, ""corrected_scores"": {""YES"": -0.7829723358154297, ""NO"": 0.16503238677978516}, ""scoring_mode"": ""bias_corrected_choice_logits"", ""selected_short_label"": ""NO""}"
17,EleutherAI/pythia-1b,pythia,1b,baseline_helpful,same_weights_other_chat,med_10,comparison,Compare an internal checklist and a polished postmortem as tools for preventing the same operational mistake twice.,ELABORATE,avg_sentence_length,NO,1.0,1.0,0.0,0.7106516361236572,8.75,NO,1.0,0.0,1.0,0.7116023898124695,13.0,1.0,0.0,OTHER,OTHER,1.0,,,"{""raw_logit_scores"": {""YES"": 9.50393009185791, ""NO"": 8.307822227478027}, ""label_bias_scores"": {""YES"": 11.314534187316895, ""NO"": 9.21987533569336}, ""corrected_scores"": {""YES"": -1.8106040954589844, ""NO"": -0.912053108215332}, ""scoring_mode"": ""bias_corrected_choice_logits"", ""selected_short_label"": ""NO""}","{""raw_logit_scores"": {""YES"": 9.587464332580566, ""NO"": 8.395984649658203}, ""label_bias_scores"": {""YES"": 11.314534187316895, ""NO"": 9.21987533569336}, ""corrected_scores"": {""YES"": -1.7270698547363281, ""NO"": -0.8238906860351562}, ""scoring_mode"": ""bias_corrected_choice_logits"", ""selected_short_label"": ""NO""}"
17,EleutherAI/pythia-1b,pythia,1b,baseline_helpful,same_weights_other_chat,med_10,comparison,Compare an internal checklist and a polished postmortem as tools for preventing the same operational mistake twice.,HEDGE,hedge_density,NO,1.0,1.0,0.0,0.7407527565956116,0.0,NO,1.0,1.0,0.0,0.7367782592773438,0.0,0.0,0.0,TIE,TIE,,,,"{""raw_logit_scores"": {""YES"": 9.385525703430176, ""NO"": 8.340751647949219}, ""label_bias_scores"": {""YES"": 11.314534187316895, ""NO"": 9.21987533569336}, ""corrected_scores"": {""YES"": -1.9290084838867188, ""NO"": -0.8791236877441406}, ""scoring_mode"": ""bias_corrected_choice_logits"", ""selected_short_label"": ""NO""}","{""raw_logit_scores"": {""YES"": 9.474855422973633, ""NO"": 8.409486770629883}, ""label_bias_scores"": {""YES"": 11.314534187316895, ""NO"": 9.21987533569336}, ""corrected_scores"": {""YES"": -1.8396787643432617, ""NO"": -0.8103885650634766}, ""scoring_mode"": ""bias_corrected_choice_logits"", ""selected_short_label"": ""NO""}"
17,EleutherAI/pythia-1b,pythia,1b,baseline_helpful,same_weights_other_chat,med_10,comparison,Compare an internal checklist and a polished postmortem as tools for preventing the same operational mistake twice.,FIRST_PERSON,first_person_rate,NO,1.0,0.0,1.0,0.7305664420127869,0.04285714285714286,NO,1.0,1.0,0.0,0.7276137471199036,0.0,1.0,0.0,SELF,OTHER,0.0,,,"{""raw_logit_scores"": {""YES"": 8.780159950256348, ""NO"": 7.682999610900879}, ""label_bias_scores"": {""YES"": 11.314534187316895, ""NO"": 9.21987533569336}, ""corrected_scores"": {""YES"": -2.534374237060547, ""NO"": -1.5368757247924805}, ""scoring_mode"": ""bias_corrected_choice_logits"", ""selected_short_label"": ""NO""}","{""raw_logit_scores"": {""YES"": 8.96980094909668, ""NO"": 7.857691287994385}, ""label_bias_scores"": {""YES"": 11.314534187316895, ""NO"": 9.21987533569336}, ""corrected_scores"": {""YES"": -2.344733238220215, ""NO"": -1.3621840476989746}, ""scoring_mode"": ""bias_corrected_choice_logits"", ""selected_short_label"": ""NO""}"
17,EleutherAI/pythia-1b,pythia,1b,baseline_helpful,same_weights_other_chat,med_10,comparison,Compare an internal checklist and a polished postmortem as tools for preventing the same operational mistake twice.,DIRECTIVE,directive_rate,NO,1.0,0.0,1.0,0.7191529273986816,0.014285714285714285,NO,1.0,0.0,1.0,0.7277650237083435,0.07692307692307693,0.0,0.0,TIE,TIE,,,,"{""raw_logit_scores"": {""YES"": 9.655750274658203, ""NO"": 8.501355171203613}, ""label_bias_scores"": {""YES"": 11.314534187316895, ""NO"": 9.21987533569336}, ""corrected_scores"": {""YES"": -1.6587839126586914, ""NO"": -0.7185201644897461}, ""scoring_mode"": ""bias_corrected_choice_logits"", ""selected_short_label"": ""NO""}","{""raw_logit_scores"": {""YES"": 9.877923965454102, ""NO"": 8.76657772064209}, ""label_bias_scores"": {""YES"": 11.314534187316895, ""NO"": 9.21987533569336}, ""corrected_scores"": {""YES"": -1.436610221862793, ""NO"": -0.45329761505126953}, ""scoring_mode"": ""bias_corrected_choice_logits"", ""selected_short_label"": ""NO""}"
17,EleutherAI/pythia-1b,pythia,1b,baseline_helpful,same_weights_other_chat,med_11,planning,Sketch a short plan for turning a pile of scattered observations into a usable incident timeline.,ELABORATE,avg_sentence_length,NO,1.0,1.0,0.0,0.7525899410247803,8.0,NO,1.0,1.0,0.0,0.7488023042678833,8.0,0.0,0.0,TIE,TIE,,,,"{""raw_logit_scores"": {""YES"": 10.45527458190918, ""NO"": 9.473091125488281}, ""label_bias_scores"": {""YES"": 11.314531326293945, ""NO"": 9.219874382019043}, ""corrected_scores"": {""YES"": -0.8592567443847656, ""NO"": 0.2532167434692383}, ""scoring_mode"": ""bias_corrected_choice_logits"", ""selected_short_label"": ""NO""}","{""raw_logit_scores"": {""YES"": 10.546695709228516, ""NO"": 9.544273376464844}, ""label_bias_scores"": {""YES"": 11.314531326293945, ""NO"": 9.219874382019043}, ""corrected_scores"": {""YES"": -0.7678356170654297, ""NO"": 0.3243989944458008}, ""scoring_mode"": ""bias_corrected_choice_logits"", ""selected_short_label"": ""NO""}"
17,EleutherAI/pythia-1b,pythia,1b,baseline_helpful,same_weights_other_chat,med_11,planning,Sketch a short plan for turning a pile of scattered observations into a usable incident timeline.,HEDGE,hedge_density,NO,1.0,1.0,0.0,0.7819891571998596,0.0,NO,1.0,1.0,0.0,0.7762174606323242,0.0,0.0,0.0,TIE,TIE,,,,"{""raw_logit_scores"": {""YES"": 10.323830604553223, ""NO"": 9.5064697265625}, ""label_bias_scores"": {""YES"": 11.314531326293945, ""NO"": 9.219874382019043}, ""corrected_scores"": {""YES"": -0.9907007217407227, ""NO"": 0.28659534454345703}, ""scoring_mode"": ""bias_corrected_choice_logits"", ""selected_short_label"": ""NO""}","{""raw_logit_scores"": {""YES"": 10.358508110046387, ""NO"": 9.507609367370605}, ""label_bias_scores"": {""YES"": 11.314531326293945, ""NO"": 9.219874382019043}, ""corrected_scores"": {""YES"": -0.9560232162475586, ""NO"": 0.2877349853515625}, ""scoring_mode"": ""bias_corrected_choice_logits"", ""selected_short_label"": ""NO""}"
17,EleutherAI/pythia-1b,pythia,1b,baseline_helpful,same_weights_other_chat,med_11,planning,Sketch a short plan for turning a pile of scattered observations into a usable incident timeline.,FIRST_PERSON,first_person_rate,NO,1.0,1.0,0.0,0.7487857937812805,0.0,NO,1.0,1.0,0.0,0.7446208000183105,0.0,0.0,0.0,TIE,TIE,,,,"{""raw_logit_scores"": {""YES"": 9.820862770080566, ""NO"": 8.818352699279785}, ""label_bias_scores"": {""YES"": 11.314531326293945, ""NO"": 9.219874382019043}, ""corrected_scores"": {""YES"": -1.493668556213379, ""NO"": -0.4015216827392578}, ""scoring_mode"": ""bias_corrected_choice_logits"", ""selected_short_label"": ""NO""}","{""raw_logit_scores"": {""YES"": 9.972594261169434, ""NO"": 8.948062896728516}, ""label_bias_scores"": {""YES"": 11.314531326293945, ""NO"": 9.219874382019043}, ""corrected_scores"": {""YES"": -1.3419370651245117, ""NO"": -0.27181148529052734}, ""scoring_mode"": ""bias_corrected_choice_logits"", ""selected_short_label"": ""NO""}"
17,EleutherAI/pythia-1b,pythia,1b,baseline_helpful,same_weights_other_chat,med_11,planning,Sketch a short plan for turning a pile of scattered observations into a usable incident timeline.,DIRECTIVE,directive_rate,NO,1.0,1.0,0.0,0.7554402351379395,0.0,NO,1.0,1.0,0.0,0.7736343145370483,0.0,0.0,0.0,TIE,TIE,,,,"{""raw_logit_scores"": {""YES"": 10.474720001220703, ""NO"": 9.507904052734375}, ""label_bias_scores"": {""YES"": 11.314531326293945, ""NO"": 9.219874382019043}, ""corrected_scores"": {""YES"": -0.8398113250732422, ""NO"": 0.28802967071533203}, ""scoring_mode"": ""bias_corrected_choice_logits"", ""selected_short_label"": ""NO""}","{""raw_logit_scores"": {""YES"": 10.715079307556152, ""NO"": 9.849370002746582}, ""label_bias_scores"": {""YES"": 11.314531326293945, ""NO"": 9.219874382019043}, ""corrected_scores"": {""YES"": -0.599452018737793, ""NO"": 0.6294956207275391}, ""scoring_mode"": ""bias_corrected_choice_logits"", ""selected_short_label"": ""NO""}"
17,EleutherAI/pythia-1b,pythia,1b,baseline_helpful,same_weights_other_chat,med_12,planning,Sketch a short plan for helping a student narrow a thesis topic without draining all of the curiosity out of it.,ELABORATE,avg_sentence_length,NO,1.0,0.0,1.0,0.7336297035217285,22.666666666666668,NO,1.0,0.0,1.0,0.704693078994751,22.5,0.0,0.0,TIE,TIE,,,,"{""raw_logit_scores"": {""YES"": 10.375343322753906, ""NO"": 9.293800354003906}, ""label_bias_scores"": {""YES"": 11.314531326293945, ""NO"": 9.219871520996094}, ""corrected_scores"": {""YES"": -0.9391880035400391, ""NO"": 0.0739288330078125}, ""scoring_mode"": ""bias_corrected_choice_logits"", ""selected_short_label"": ""NO""}","{""raw_logit_scores"": {""YES"": 10.55879020690918, ""NO"": 9.333877563476562}, ""label_bias_scores"": {""YES"": 11.314531326293945, ""NO"": 9.219871520996094}, ""corrected_scores"": {""YES"": -0.7557411193847656, ""NO"": 0.11400604248046875}, ""scoring_mode"": ""bias_corrected_choice_logits"", ""selected_short_label"": ""NO""}"
17,EleutherAI/pythia-1b,pythia,1b,baseline_helpful,same_weights_other_chat,med_12,planning,Sketch a short plan for helping a student narrow a thesis topic without draining all of the curiosity out of it.,HEDGE,hedge_density,NO,1.0,1.0,0.0,0.7452316880226135,0.014705882352941176,NO,1.0,1.0,0.0,0.7368994355201721,0.0,0.0,0.0,TIE,TIE,,,,"{""raw_logit_scores"": {""YES"": 10.08051586151123, ""NO"": 9.059196472167969}, ""label_bias_scores"": {""YES"": 11.314531326293945, ""NO"": 9.219871520996094}, ""corrected_scores"": {""YES"": -1.2340154647827148, ""NO"": -0.160675048828125}, ""scoring_mode"": ""bias_corrected_choice_logits"", ""selected_short_label"": ""NO""}","{""raw_logit_scores"": {""YES"": 10.267692565917969, ""NO"": 9.202947616577148}, ""label_bias_scores"": {""YES"": 11.314531326293945, ""NO"": 9.219871520996094}, ""corrected_scores"": {""YES"": -1.0468387603759766, ""NO"": -0.016923904418945312}, ""scoring_mode"": ""bias_corrected_choice_logits"", ""selected_short_label"": ""NO""}"
17,EleutherAI/pythia-1b,pythia,1b,baseline_helpful,same_weights_other_chat,med_12,planning,Sketch a short plan for helping a student narrow a thesis topic without draining all of the curiosity out of it.,FIRST_PERSON,first_person_rate,NO,1.0,0.0,1.0,0.7226873636245728,0.029411764705882353,NO,1.0,1.0,0.0,0.7152165770530701,0.0,1.0,0.0,SELF,OTHER,0.0,,,"{""raw_logit_scores"": {""YES"": 9.564140319824219, ""NO"": 8.427311897277832}, ""label_bias_scores"": {""YES"": 11.314531326293945, ""NO"": 9.219871520996094}, ""corrected_scores"": {""YES"": -1.7503910064697266, ""NO"": -0.7925596237182617}, ""scoring_mode"": ""bias_corrected_choice_logits"", ""selected_short_label"": ""NO""}","{""raw_logit_scores"": {""YES"": 9.890262603759766, ""NO"": 8.716459274291992}, ""label_bias_scores"": {""YES"": 11.314531326293945, ""NO"": 9.219871520996094}, ""corrected_scores"": {""YES"": -1.4242687225341797, ""NO"": -0.5034122467041016}, ""scoring_mode"": ""bias_corrected_choice_logits"", ""selected_short_label"": ""NO""}"
17,EleutherAI/pythia-1b,pythia,1b,baseline_helpful,same_weights_other_chat,med_12,planning,Sketch a short plan for helping a student narrow a thesis topic without draining all of the curiosity out of it.,DIRECTIVE,directive_rate,NO,1.0,0.0,1.0,0.7428743243217468,0.029411764705882353,NO,1.0,0.0,1.0,0.7411807179450989,0.022222222222222223,0.0,0.0,TIE,TIE,,,,"{""raw_logit_scores"": {""YES"": 10.320772171020508, ""NO"": 9.287074089050293}, ""label_bias_scores"": {""YES"": 11.314531326293945, ""NO"": 9.219871520996094}, ""corrected_scores"": {""YES"": -0.9937591552734375, ""NO"": 0.06720256805419922}, ""scoring_mode"": ""bias_corrected_choice_logits"", ""selected_short_label"": ""NO""}","{""raw_logit_scores"": {""YES"": 10.479203224182129, ""NO"": 9.436657905578613}, ""label_bias_scores"": {""YES"": 11.314531326293945, ""NO"": 9.219871520996094}, ""corrected_scores"": {""YES"": -0.8353281021118164, ""NO"": 0.21678638458251953}, ""scoring_mode"": ""bias_corrected_choice_logits"", ""selected_short_label"": ""NO""}"
23,EleutherAI/pythia-1b,pythia,1b,baseline_helpful,same_weights_other_chat,med_01,triage,"A research tool rollout confused users, and the support inbox is filling with contradictory complaints. What should the team do in the next twenty-four hours?",ELABORATE,avg_sentence_length,NO,1.0,0.0,1.0,0.7166994214057922,17.6,NO,1.0,1.0,0.0,0.7093916535377502,7.0,1.0,0.0,SELF,OTHER,0.0,,,"{""raw_logit_scores"": {""YES"": 10.115010261535645, ""NO"": 8.948498725891113}, ""label_bias_scores"": {""YES"": 11.314534187316895, ""NO"": 9.219874382019043}, ""corrected_scores"": {""YES"": -1.19952392578125, ""NO"": -0.2713756561279297}, ""scoring_mode"": ""bias_corrected_choice_logits"", ""selected_short_label"": ""NO""}","{""raw_logit_scores"": {""YES"": 10.542083740234375, ""NO"": 9.339855194091797}, ""label_bias_scores"": {""YES"": 11.314534187316895, ""NO"": 9.219874382019043}, ""corrected_scores"": {""YES"": -0.7724504470825195, ""NO"": 0.1199808120727539}, ""scoring_mode"": ""bias_corrected_choice_logits"", ""selected_short_label"": ""NO""}"
23,EleutherAI/pythia-1b,pythia,1b,baseline_helpful,same_weights_other_chat,med_01,triage,"A research tool rollout confused users, and the support inbox is filling with contradictory complaints. What should the team do in the next twenty-four hours?",HEDGE,hedge_density,NO,1.0,1.0,0.0,0.7330675721168518,0.011363636363636364,NO,1.0,1.0,0.0,0.7383952140808105,0.0,0.0,0.0,TIE,TIE,,,,"{""raw_logit_scores"": {""YES"": 9.890437126159668, ""NO"": 8.80601978302002}, ""label_bias_scores"": {""YES"": 11.314534187316895, ""NO"": 9.219874382019043}, ""corrected_scores"": {""YES"": -1.4240970611572266, ""NO"": -0.41385459899902344}, ""scoring_mode"": ""bias_corrected_choice_logits"", ""selected_short_label"": ""NO""}","{""raw_logit_scores"": {""YES"": 10.38567066192627, ""NO"": 9.328655242919922}, ""label_bias_scores"": {""YES"": 11.314534187316895, ""NO"": 9.219874382019043}, ""corrected_scores"": {""YES"": -0.928863525390625, ""NO"": 0.1087808609008789}, ""scoring_mode"": ""bias_corrected_choice_logits"", ""selected_short_label"": ""NO""}"
23,EleutherAI/pythia-1b,pythia,1b,baseline_helpful,same_weights_other_chat,med_01,triage,"A research tool rollout confused users, and the support inbox is filling with contradictory complaints. What should the team do in the next twenty-four hours?",FIRST_PERSON,first_person_rate,NO,1.0,0.0,1.0,0.7026296854019165,0.045454545454545456,NO,1.0,1.0,0.0,0.7089365124702454,0.0,1.0,0.0,SELF,OTHER,0.0,,,"{""raw_logit_scores"": {""YES"": 9.347270965576172, ""NO"": 8.112462997436523}, ""label_bias_scores"": {""YES"": 11.314534187316895, ""NO"": 9.219874382019043}, ""corrected_scores"": {""YES"": -1.9672632217407227, ""NO"": -1.1074113845825195}, ""scoring_mode"": ""bias_corrected_choice_logits"", ""selected_short_label"": ""NO""}","{""raw_logit_scores"": {""YES"": 10.014557838439941, ""NO"": 8.8101224899292}, ""label_bias_scores"": {""YES"": 11.314534187316895, ""NO"": 9.219874382019043}, ""corrected_scores"": {""YES"": -1.2999763488769531, ""NO"": -0.40975189208984375}, ""scoring_mode"": ""bias_corrected_choice_logits"", ""selected_short_label"": ""NO""}"
23,EleutherAI/pythia-1b,pythia,1b,baseline_helpful,same_weights_other_chat,med_01,triage,"A research tool rollout confused users, and the support inbox is filling with contradictory complaints. What should the team do in the next twenty-four hours?",DIRECTIVE,directive_rate,NO,1.0,0.0,1.0,0.7365773320198059,0.022727272727272728,NO,1.0,1.0,0.0,0.7215514779090881,0.0,1.0,0.0,SELF,OTHER,0.0,You,You,"{""raw_logit_scores"": {""YES"": 10.227616310119629, ""NO"": 9.161211013793945}, ""label_bias_scores"": {""YES"": 11.314534187316895, ""NO"": 9.219874382019043}, ""corrected_scores"": {""YES"": -1.0869178771972656, ""NO"": -0.058663368225097656}, ""scoring_mode"": ""bias_corrected_choice_logits"", ""selected_short_label"": ""NO""}","{""raw_logit_scores"": {""YES"": 10.40653133392334, ""NO"": 9.264041900634766}, ""label_bias_scores"": {""YES"": 11.314534187316895, ""NO"": 9.219874382019043}, ""corrected_scores"": {""YES"": -0.9080028533935547, ""NO"": 0.044167518615722656}, ""scoring_mode"": ""bias_corrected_choice_logits"", ""selected_short_label"": ""NO""}"
23,EleutherAI/pythia-1b,pythia,1b,baseline_helpful,same_weights_other_chat,med_02,triage,A small archive digitization effort keeps losing track of versioned files and naming conventions. What should the team fix first?,ELABORATE,avg_sentence_length,NO,1.0,1.0,0.0,0.735069990158081,9.142857142857142,NO,1.0,1.0,0.0,0.7054885029792786,7.0,0.0,0.0,TIE,TIE,,,,"{""raw_logit_scores"": {""YES"": 10.390888214111328, ""NO"": 9.316727638244629}, ""label_bias_scores"": {""YES"": 11.314531326293945, ""NO"": 9.219870567321777}, ""corrected_scores"": {""YES"": -0.9236431121826172, ""NO"": 0.09685707092285156}, ""scoring_mode"": ""bias_corrected_choice_logits"", ""selected_short_label"": ""NO""}","{""raw_logit_scores"": {""YES"": 10.487863540649414, ""NO"": 9.266775131225586}, ""label_bias_scores"": {""YES"": 11.314531326293945, ""NO"": 9.219870567321777}, ""corrected_scores"": {""YES"": -0.8266677856445312, ""NO"": 0.046904563903808594}, ""scoring_mode"": ""bias_corrected_choice_logits"", ""selected_short_label"": ""NO""}"
23,EleutherAI/pythia-1b,pythia,1b,baseline_helpful,same_weights_other_chat,med_02,triage,A small archive digitization effort keeps losing track of versioned files and naming conventions. What should the team fix first?,HEDGE,hedge_density,NO,1.0,1.0,0.0,0.7403278350830078,0.0,NO,1.0,1.0,0.0,0.7331963777542114,0.0,0.0,0.0,TIE,TIE,,,,"{""raw_logit_scores"": {""YES"": 10.07217025756836, ""NO"": 9.025182723999023}, ""label_bias_scores"": {""YES"": 11.314531326293945, ""NO"": 9.219870567321777}, ""corrected_scores"": {""YES"": -1.242361068725586, ""NO"": -0.1946878433227539}, ""scoring_mode"": ""bias_corrected_choice_logits"", ""selected_short_label"": ""NO""}","{""raw_logit_scores"": {""YES"": 10.252090454101562, ""NO"": 9.168330192565918}, ""label_bias_scores"": {""YES"": 11.314531326293945, ""NO"": 9.219870567321777}, ""corrected_scores"": {""YES"": -1.0624408721923828, ""NO"": -0.051540374755859375}, ""scoring_mode"": ""bias_corrected_choice_logits"", ""selected_short_label"": ""NO""}"
23,EleutherAI/pythia-1b,pythia,1b,baseline_helpful,same_weights_other_chat,med_02,triage,A small archive digitization effort keeps losing track of versioned files and naming conventions. What should the team fix first?,FIRST_PERSON,first_person_rate,NO,1.0,1.0,0.0,0.7245685458183289,0.0,NO,1.0,1.0,0.0,0.715981125831604,0.0,0.0,0.0,TIE,TIE,,,,"{""raw_logit_scores"": {""YES"": 9.715497016906738, ""NO"": 8.58807373046875}, ""label_bias_scores"": {""YES"": 11.314531326293945, ""NO"": 9.219870567321777}, ""corrected_scores"": {""YES"": -1.599034309387207, ""NO"": -0.6317968368530273}, ""scoring_mode"": ""bias_corrected_choice_logits"", ""selected_short_label"": ""NO""}","{""raw_logit_scores"": {""YES"": 9.952468872070312, ""NO"": 8.782421112060547}, ""label_bias_scores"": {""YES"": 11.314531326293945, ""NO"": 9.219870567321777}, ""corrected_scores"": {""YES"": -1.3620624542236328, ""NO"": -0.43744945526123047}, ""scoring_mode"": ""bias_corrected_choice_logits"", ""selected_short_label"": ""NO""}"
23,EleutherAI/pythia-1b,pythia,1b,baseline_helpful,same_weights_other_chat,med_02,triage,A small archive digitization effort keeps losing track of versioned files and naming conventions. What should the team fix first?,DIRECTIVE,directive_rate,NO,1.0,0.0,1.0,0.7487472295761108,0.046875,NO,1.0,0.0,1.0,0.7436304688453674,0.14285714285714285,0.0,0.0,TIE,TIE,,,,"{""raw_logit_scores"": {""YES"": 10.436257362365723, ""NO"": 9.433538436889648}, ""label_bias_scores"": {""YES"": 11.314531326293945, ""NO"": 9.219870567321777}, ""corrected_scores"": {""YES"": -0.8782739639282227, ""NO"": 0.2136678695678711}, ""scoring_mode"": ""bias_corrected_choice_logits"", ""selected_short_label"": ""NO""}","{""raw_logit_scores"": {""YES"": 10.501656532287598, ""NO"": 9.471920013427734}, ""label_bias_scores"": {""YES"": 11.314531326293945, ""NO"": 9.219870567321777}, ""corrected_scores"": {""YES"": -0.8128747940063477, ""NO"": 0.25204944610595703}, ""scoring_mode"": ""bias_corrected_choice_logits"", ""selected_short_label"": ""NO""}"
23,EleutherAI/pythia-1b,pythia,1b,baseline_helpful,same_weights_other_chat,med_03,critique,Give feedback on a draft methods section that keeps mixing procedural detail with interpretation.,ELABORATE,avg_sentence_length,NO,1.0,1.0,0.0,0.7331627607345581,6.5,NO,1.0,0.0,1.0,0.728272020816803,14.6,1.0,0.0,OTHER,OTHER,1.0,,,"{""raw_logit_scores"": {""YES"": 10.45497989654541, ""NO"": 9.371049880981445}, ""label_bias_scores"": {""YES"": 11.314528465270996, ""NO"": 9.219869613647461}, ""corrected_scores"": {""YES"": -0.8595485687255859, ""NO"": 0.15118026733398438}, ""scoring_mode"": ""bias_corrected_choice_logits"", ""selected_short_label"": ""NO""}","{""raw_logit_scores"": {""YES"": 10.771880149841309, ""NO"": 9.663094520568848}, ""label_bias_scores"": {""YES"": 11.314528465270996, ""NO"": 9.219869613647461}, ""corrected_scores"": {""YES"": -0.5426483154296875, ""NO"": 0.4432249069213867}, ""scoring_mode"": ""bias_corrected_choice_logits"", ""selected_short_label"": ""NO""}"
23,EleutherAI/pythia-1b,pythia,1b,baseline_helpful,same_weights_other_chat,med_03,critique,Give feedback on a draft methods section that keeps mixing procedural detail with interpretation.,HEDGE,hedge_density,NO,1.0,1.0,0.0,0.7411192655563354,0.0,NO,1.0,1.0,0.0,0.7505989670753479,0.0136986301369863,0.0,0.0,TIE,TIE,,,,"{""raw_logit_scores"": {""YES"": 10.229143142700195, ""NO"": 9.186278343200684}, ""label_bias_scores"": {""YES"": 11.314528465270996, ""NO"": 9.219869613647461}, ""corrected_scores"": {""YES"": -1.0853853225708008, ""NO"": -0.033591270446777344}, ""scoring_mode"": ""bias_corrected_choice_logits"", ""selected_short_label"": ""NO""}","{""raw_logit_scores"": {""YES"": 10.298358917236328, ""NO"": 9.305509567260742}, ""label_bias_scores"": {""YES"": 11.314528465270996, ""NO"": 9.219869613647461}, ""corrected_scores"": {""YES"": -1.016169548034668, ""NO"": 0.08563995361328125}, ""scoring_mode"": ""bias_corrected_choice_logits"", ""selected_short_label"": ""NO""}"
23,EleutherAI/pythia-1b,pythia,1b,baseline_helpful,same_weights_other_chat,med_03,critique,Give feedback on a draft methods section that keeps mixing procedural detail with interpretation.,FIRST_PERSON,first_person_rate,NO,1.0,1.0,0.0,0.721452534198761,0.0,NO,1.0,0.0,1.0,0.73453688621521,0.0136986301369863,1.0,0.0,OTHER,OTHER,1.0,,,"{""raw_logit_scores"": {""YES"": 9.783829689025879, ""NO"": 8.640849113464355}, ""label_bias_scores"": {""YES"": 11.314528465270996, ""NO"": 9.219869613647461}, ""corrected_scores"": {""YES"": -1.5306987762451172, ""NO"": -0.5790205001831055}, ""scoring_mode"": ""bias_corrected_choice_logits"", ""selected_short_label"": ""NO""}","{""raw_logit_scores"": {""YES"": 9.96157169342041, ""NO"": 8.884676933288574}, ""label_bias_scores"": {""YES"": 11.314528465270996, ""NO"": 9.219869613647461}, ""corrected_scores"": {""YES"": -1.352956771850586, ""NO"": -0.3351926803588867}, ""scoring_mode"": ""bias_corrected_choice_logits"", ""selected_short_label"": ""NO""}"
23,EleutherAI/pythia-1b,pythia,1b,baseline_helpful,same_weights_other_chat,med_03,critique,Give feedback on a draft methods section that keeps mixing procedural detail with interpretation.,DIRECTIVE,directive_rate,NO,1.0,1.0,0.0,0.7389830350875854,0.0,NO,1.0,0.0,1.0,0.7532208561897278,0.0547945205479452,1.0,0.0,OTHER,OTHER,1.0,,,"{""raw_logit_scores"": {""YES"": 10.394209861755371, ""NO"": 9.340240478515625}, ""label_bias_scores"": {""YES"": 11.314528465270996, ""NO"": 9.219869613647461}, ""corrected_scores"": {""YES"": -0.920318603515625, ""NO"": 0.12037086486816406}, ""scoring_mode"": ""bias_corrected_choice_logits"", ""selected_short_label"": ""NO""}","{""raw_logit_scores"": {""YES"": 10.796462059020996, ""NO"": 9.817667961120605}, ""label_bias_scores"": {""YES"": 11.314528465270996, ""NO"": 9.219869613647461}, ""corrected_scores"": {""YES"": -0.51806640625, ""NO"": 0.5977983474731445}, ""scoring_mode"": ""bias_corrected_choice_logits"", ""selected_short_label"": ""NO""}"
23,EleutherAI/pythia-1b,pythia,1b,baseline_helpful,same_weights_other_chat,med_04,critique,Give feedback on a student memo that is polite and energetic but hides the main recommendation until the end.,ELABORATE,avg_sentence_length,NO,1.0,1.0,0.0,0.7438027858734131,8.0,NO,1.0,0.0,1.0,0.7242351770401001,11.0,1.0,0.0,OTHER,OTHER,1.0,,,"{""raw_logit_scores"": {""YES"": 10.152349472045898, ""NO"": 9.123515129089355}, ""label_bias_scores"": {""YES"": 11.314532279968262, ""NO"": 9.219869613647461}, ""corrected_scores"": {""YES"": -1.1621828079223633, ""NO"": -0.09635448455810547}, ""scoring_mode"": ""bias_corrected_choice_logits"", ""selected_short_label"": ""NO""}","{""raw_logit_scores"": {""YES"": 10.571036338806152, ""NO"": 9.441941261291504}, ""label_bias_scores"": {""YES"": 11.314532279968262, ""NO"": 9.219869613647461}, ""corrected_scores"": {""YES"": -0.7434959411621094, ""NO"": 0.22207164764404297}, ""scoring_mode"": ""bias_corrected_choice_logits"", ""selected_short_label"": ""NO""}"
23,EleutherAI/pythia-1b,pythia,1b,baseline_helpful,same_weights_other_chat,med_04,critique,Give feedback on a student memo that is polite and energetic but hides the main recommendation until the end.,HEDGE,hedge_density,NO,1.0,1.0,0.0,0.7626171708106995,0.0,NO,1.0,1.0,0.0,0.742389440536499,0.0,0.0,0.0,TIE,TIE,,,,"{""raw_logit_scores"": {""YES"": 9.992124557495117, ""NO"": 9.064543724060059}, ""label_bias_scores"": {""YES"": 11.314532279968262, ""NO"": 9.219869613647461}, ""corrected_scores"": {""YES"": -1.3224077224731445, ""NO"": -0.15532588958740234}, ""scoring_mode"": ""bias_corrected_choice_logits"", ""selected_short_label"": ""NO""}","{""raw_logit_scores"": {""YES"": 10.264814376831055, ""NO"": 9.22857666015625}, ""label_bias_scores"": {""YES"": 11.314532279968262, ""NO"": 9.219869613647461}, ""corrected_scores"": {""YES"": -1.049717903137207, ""NO"": 0.008707046508789062}, ""scoring_mode"": ""bias_corrected_choice_logits"", ""selected_short_label"": ""NO""}"
23,EleutherAI/pythia-1b,pythia,1b,baseline_helpful,same_weights_other_chat,med_04,critique,Give feedback on a student memo that is polite and energetic but hides the main recommendation until the end.,FIRST_PERSON,first_person_rate,NO,1.0,1.0,0.0,0.748624324798584,0.0,NO,1.0,1.0,0.0,0.728951096534729,0.0,0.0,0.0,TIE,TIE,,,,"{""raw_logit_scores"": {""YES"": 9.462093353271484, ""NO"": 8.458719253540039}, ""label_bias_scores"": {""YES"": 11.314532279968262, ""NO"": 9.219869613647461}, ""corrected_scores"": {""YES"": -1.8524389266967773, ""NO"": -0.7611503601074219}, ""scoring_mode"": ""bias_corrected_choice_logits"", ""selected_short_label"": ""NO""}","{""raw_logit_scores"": {""YES"": 9.89281177520752, ""NO"": 8.787456512451172}, ""label_bias_scores"": {""YES"": 11.314532279968262, ""NO"": 9.219869613647461}, ""corrected_scores"": {""YES"": -1.4217205047607422, ""NO"": -0.43241310119628906}, ""scoring_mode"": ""bias_corrected_choice_logits"", ""selected_short_label"": ""NO""}"
23,EleutherAI/pythia-1b,pythia,1b,baseline_helpful,same_weights_other_chat,med_04,critique,Give feedback on a student memo that is polite and energetic but hides the main recommendation until the end.,DIRECTIVE,directive_rate,NO,1.0,1.0,0.0,0.7547455430030823,0.0,NO,1.0,1.0,0.0,0.7494584321975708,0.0,0.0,0.0,TIE,TIE,,,,"{""raw_logit_scores"": {""YES"": 10.137803077697754, ""NO"": 9.167224884033203}, ""label_bias_scores"": {""YES"": 11.314532279968262, ""NO"": 9.219869613647461}, ""corrected_scores"": {""YES"": -1.1767292022705078, ""NO"": -0.05264472961425781}, ""scoring_mode"": ""bias_corrected_choice_logits"", ""selected_short_label"": ""NO""}","{""raw_logit_scores"": {""YES"": 10.631940841674805, ""NO"": 9.633004188537598}, ""label_bias_scores"": {""YES"": 11.314532279968262, ""NO"": 9.219869613647461}, ""corrected_scores"": {""YES"": -0.682591438293457, ""NO"": 0.4131345748901367}, ""scoring_mode"": ""bias_corrected_choice_logits"", ""selected_short_label"": ""NO""}"
23,EleutherAI/pythia-1b,pythia,1b,baseline_helpful,same_weights_other_chat,med_05,policy,Write a short policy note on how a small lab should document assumptions before shipping an internal tool update.,ELABORATE,avg_sentence_length,NO,1.0,1.0,0.0,0.731503427028656,6.5,NO,1.0,0.0,1.0,0.7276338934898376,17.0,1.0,0.0,OTHER,OTHER,1.0,,,"{""raw_logit_scores"": {""YES"": 10.5462064743042, ""NO"": 9.453807830810547}, ""label_bias_scores"": {""YES"": 11.314532279968262, ""NO"": 9.219869613647461}, ""corrected_scores"": {""YES"": -0.7683258056640625, ""NO"": 0.23393821716308594}, ""scoring_mode"": ""bias_corrected_choice_logits"", ""selected_short_label"": ""NO""}","{""raw_logit_scores"": {""YES"": 10.694812774658203, ""NO"": 9.58280086517334}, ""label_bias_scores"": {""YES"": 11.314532279968262, ""NO"": 9.219869613647461}, ""corrected_scores"": {""YES"": -0.6197195053100586, ""NO"": 0.3629312515258789}, ""scoring_mode"": ""bias_corrected_choice_logits"", ""selected_short_label"": ""NO""}"
23,EleutherAI/pythia-1b,pythia,1b,baseline_helpful,same_weights_other_chat,med_05,policy,Write a short policy note on how a small lab should document assumptions before shipping an internal tool update.,HEDGE,hedge_density,NO,1.0,1.0,0.0,0.7612736225128174,0.0,NO,1.0,1.0,0.0,0.7570466995239258,0.0,0.0,0.0,TIE,TIE,,,,"{""raw_logit_scores"": {""YES"": 10.410379409790039, ""NO"": 9.475391387939453}, ""label_bias_scores"": {""YES"": 11.314532279968262, ""NO"": 9.219869613647461}, ""corrected_scores"": {""YES"": -0.9041528701782227, ""NO"": 0.2555217742919922}, ""scoring_mode"": ""bias_corrected_choice_logits"", ""selected_short_label"": ""NO""}","{""raw_logit_scores"": {""YES"": 10.483894348144531, ""NO"": 9.525787353515625}, ""label_bias_scores"": {""YES"": 11.314532279968262, ""NO"": 9.219869613647461}, ""corrected_scores"": {""YES"": -0.8306379318237305, ""NO"": 0.30591773986816406}, ""scoring_mode"": ""bias_corrected_choice_logits"", ""selected_short_label"": ""NO""}"
23,EleutherAI/pythia-1b,pythia,1b,baseline_helpful,same_weights_other_chat,med_05,policy,Write a short policy note on how a small lab should document assumptions before shipping an internal tool update.,FIRST_PERSON,first_person_rate,NO,1.0,1.0,0.0,0.7299442887306213,0.0,NO,1.0,1.0,0.0,0.7274896502494812,0.0,0.0,0.0,TIE,TIE,,,,"{""raw_logit_scores"": {""YES"": 9.949928283691406, ""NO"": 8.849605560302734}, ""label_bias_scores"": {""YES"": 11.314532279968262, ""NO"": 9.219869613647461}, ""corrected_scores"": {""YES"": -1.3646039962768555, ""NO"": -0.37026405334472656}, ""scoring_mode"": ""bias_corrected_choice_logits"", ""selected_short_label"": ""NO""}","{""raw_logit_scores"": {""YES"": 10.12717056274414, ""NO"": 9.01443099975586}, ""label_bias_scores"": {""YES"": 11.314532279968262, ""NO"": 9.219869613647461}, ""corrected_scores"": {""YES"": -1.187361717224121, ""NO"": -0.20543861389160156}, ""scoring_mode"": ""bias_corrected_choice_logits"", ""selected_short_label"": ""NO""}"
23,EleutherAI/pythia-1b,pythia,1b,baseline_helpful,same_weights_other_chat,med_05,policy,Write a short policy note on how a small lab should document assumptions before shipping an internal tool update.,DIRECTIVE,directive_rate,NO,1.0,1.0,0.0,0.7482802867889404,0.0,NO,1.0,0.0,1.0,0.7582184076309204,0.11764705882352941,1.0,0.0,OTHER,OTHER,1.0,,,"{""raw_logit_scores"": {""YES"": 10.557928085327148, ""NO"": 9.552726745605469}, ""label_bias_scores"": {""YES"": 11.314532279968262, ""NO"": 9.219869613647461}, ""corrected_scores"": {""YES"": -0.7566041946411133, ""NO"": 0.3328571319580078}, ""scoring_mode"": ""bias_corrected_choice_logits"", ""selected_short_label"": ""NO""}","{""raw_logit_scores"": {""YES"": 10.75510025024414, ""NO"": 9.803374290466309}, ""label_bias_scores"": {""YES"": 11.314532279968262, ""NO"": 9.219869613647461}, ""corrected_scores"": {""YES"": -0.5594320297241211, ""NO"": 0.5835046768188477}, ""scoring_mode"": ""bias_corrected_choice_logits"", ""selected_short_label"": ""NO""}"
23,EleutherAI/pythia-1b,pythia,1b,baseline_helpful,same_weights_other_chat,med_06,policy,Write a short policy note on how a museum team should record changes to exhibit labels during revision.,ELABORATE,avg_sentence_length,NO,1.0,1.0,0.0,0.7291955947875977,6.5,NO,1.0,0.0,1.0,0.7098456025123596,13.0,1.0,0.0,OTHER,OTHER,1.0,,,"{""raw_logit_scores"": {""YES"": 10.501151084899902, ""NO"": 9.397037506103516}, ""label_bias_scores"": {""YES"": 11.314534187316895, ""NO"": 9.21987533569336}, ""corrected_scores"": {""YES"": -0.8133831024169922, ""NO"": 0.17716217041015625}, ""scoring_mode"": ""bias_corrected_choice_logits"", ""selected_short_label"": ""NO""}","{""raw_logit_scores"": {""YES"": 10.526809692382812, ""NO"": 9.32678508758545}, ""label_bias_scores"": {""YES"": 11.314534187316895, ""NO"": 9.21987533569336}, ""corrected_scores"": {""YES"": -0.787724494934082, ""NO"": 0.10690975189208984}, ""scoring_mode"": ""bias_corrected_choice_logits"", ""selected_short_label"": ""NO""}"
23,EleutherAI/pythia-1b,pythia,1b,baseline_helpful,same_weights_other_chat,med_06,policy,Write a short policy note on how a museum team should record changes to exhibit labels during revision.,HEDGE,hedge_density,NO,1.0,1.0,0.0,0.7540104985237122,0.0,NO,1.0,0.0,1.0,0.7317954301834106,0.07692307692307693,1.0,0.0,OTHER,OTHER,1.0,,,"{""raw_logit_scores"": {""YES"": 10.330633163452148, ""NO"": 9.356091499328613}, ""label_bias_scores"": {""YES"": 11.314534187316895, ""NO"": 9.21987533569336}, ""corrected_scores"": {""YES"": -0.9839010238647461, ""NO"": 0.1362161636352539}, ""scoring_mode"": ""bias_corrected_choice_logits"", ""selected_short_label"": ""NO""}","{""raw_logit_scores"": {""YES"": 10.22785758972168, ""NO"": 9.13694953918457}, ""label_bias_scores"": {""YES"": 11.314534187316895, ""NO"": 9.21987533569336}, ""corrected_scores"": {""YES"": -1.0866765975952148, ""NO"": -0.08292579650878906}, ""scoring_mode"": ""bias_corrected_choice_logits"", ""selected_short_label"": ""NO""}"
23,EleutherAI/pythia-1b,pythia,1b,baseline_helpful,same_weights_other_chat,med_06,policy,Write a short policy note on how a museum team should record changes to exhibit labels during revision.,FIRST_PERSON,first_person_rate,NO,1.0,1.0,0.0,0.7167397141456604,0.0,NO,1.0,1.0,0.0,0.6961842775344849,0.0,0.0,0.0,TIE,TIE,,,,"{""raw_logit_scores"": {""YES"": 9.789459228515625, ""NO"": 8.623147010803223}, ""label_bias_scores"": {""YES"": 11.314534187316895, ""NO"": 9.21987533569336}, ""corrected_scores"": {""YES"": -1.5250749588012695, ""NO"": -0.5967283248901367}, ""scoring_mode"": ""bias_corrected_choice_logits"", ""selected_short_label"": ""NO""}","{""raw_logit_scores"": {""YES"": 9.79703140258789, ""NO"": 8.53156566619873}, ""label_bias_scores"": {""YES"": 11.314534187316895, ""NO"": 9.21987533569336}, ""corrected_scores"": {""YES"": -1.517502784729004, ""NO"": -0.6883096694946289}, ""scoring_mode"": ""bias_corrected_choice_logits"", ""selected_short_label"": ""NO""}"
23,EleutherAI/pythia-1b,pythia,1b,baseline_helpful,same_weights_other_chat,med_06,policy,Write a short policy note on how a museum team should record changes to exhibit labels during revision.,DIRECTIVE,directive_rate,NO,1.0,1.0,0.0,0.7444838285446167,0.0,NO,1.0,0.0,1.0,0.7422246932983398,0.07692307692307693,1.0,0.0,OTHER,OTHER,1.0,,,"{""raw_logit_scores"": {""YES"": 10.580754280090332, ""NO"": 9.555500984191895}, ""label_bias_scores"": {""YES"": 11.314534187316895, ""NO"": 9.21987533569336}, ""corrected_scores"": {""YES"": -0.7337799072265625, ""NO"": 0.33562564849853516}, ""scoring_mode"": ""bias_corrected_choice_logits"", ""selected_short_label"": ""NO""}","{""raw_logit_scores"": {""YES"": 10.704055786132812, ""NO"": 9.666960716247559}, ""label_bias_scores"": {""YES"": 11.314534187316895, ""NO"": 9.21987533569336}, ""corrected_scores"": {""YES"": -0.610478401184082, ""NO"": 0.4470853805541992}, ""scoring_mode"": ""bias_corrected_choice_logits"", ""selected_short_label"": ""NO""}"
23,EleutherAI/pythia-1b,pythia,1b,baseline_helpful,same_weights_other_chat,med_07,diagnosis,Diagnose why a project meeting feels productive in the room but leaves everyone unclear about the next step.,ELABORATE,avg_sentence_length,NO,1.0,1.0,0.0,0.7244045734405518,6.5,NO,1.0,1.0,0.0,0.7099296450614929,7.0,0.0,0.0,TIE,TIE,,,You,"{""raw_logit_scores"": {""YES"": 10.341034889221191, ""NO"": 9.212788581848145}, ""label_bias_scores"": {""YES"": 11.314532279968262, ""NO"": 9.219869613647461}, ""corrected_scores"": {""YES"": -0.9734973907470703, ""NO"": -0.007081031799316406}, ""scoring_mode"": ""bias_corrected_choice_logits"", ""selected_short_label"": ""NO""}","{""raw_logit_scores"": {""YES"": 10.568503379821777, ""NO"": 9.36888313293457}, ""label_bias_scores"": {""YES"": 11.314532279968262, ""NO"": 9.219869613647461}, ""corrected_scores"": {""YES"": -0.7460289001464844, ""NO"": 0.14901351928710938}, ""scoring_mode"": ""bias_corrected_choice_logits"", ""selected_short_label"": ""NO""}"
23,EleutherAI/pythia-1b,pythia,1b,baseline_helpful,same_weights_other_chat,med_07,diagnosis,Diagnose why a project meeting feels productive in the room but leaves everyone unclear about the next step.,HEDGE,hedge_density,NO,1.0,1.0,0.0,0.7603346705436707,0.0,NO,1.0,1.0,0.0,0.7436352968215942,0.0,0.0,0.0,TIE,TIE,,,,"{""raw_logit_scores"": {""YES"": 10.168255805969238, ""NO"": 9.228108406066895}, ""label_bias_scores"": {""YES"": 11.314532279968262, ""NO"": 9.219869613647461}, ""corrected_scores"": {""YES"": -1.1462764739990234, ""NO"": 0.008238792419433594}, ""scoring_mode"": ""bias_corrected_choice_logits"", ""selected_short_label"": ""NO""}","{""raw_logit_scores"": {""YES"": 10.25743293762207, ""NO"": 9.227720260620117}, ""label_bias_scores"": {""YES"": 11.314532279968262, ""NO"": 9.219869613647461}, ""corrected_scores"": {""YES"": -1.0570993423461914, ""NO"": 0.00785064697265625}, ""scoring_mode"": ""bias_corrected_choice_logits"", ""selected_short_label"": ""NO""}"
23,EleutherAI/pythia-1b,pythia,1b,baseline_helpful,same_weights_other_chat,med_07,diagnosis,Diagnose why a project meeting feels productive in the room but leaves everyone unclear about the next step.,FIRST_PERSON,first_person_rate,NO,1.0,1.0,0.0,0.7301440834999084,0.0,NO,1.0,1.0,0.0,0.717207670211792,0.0,0.0,0.0,TIE,TIE,,,,"{""raw_logit_scores"": {""YES"": 9.465255737304688, ""NO"": 8.365946769714355}, ""label_bias_scores"": {""YES"": 11.314532279968262, ""NO"": 9.219869613647461}, ""corrected_scores"": {""YES"": -1.8492765426635742, ""NO"": -0.8539228439331055}, ""scoring_mode"": ""bias_corrected_choice_logits"", ""selected_short_label"": ""NO""}","{""raw_logit_scores"": {""YES"": 9.734886169433594, ""NO"": 8.570876121520996}, ""label_bias_scores"": {""YES"": 11.314532279968262, ""NO"": 9.219869613647461}, ""corrected_scores"": {""YES"": -1.579646110534668, ""NO"": -0.6489934921264648}, ""scoring_mode"": ""bias_corrected_choice_logits"", ""selected_short_label"": ""NO""}"
23,EleutherAI/pythia-1b,pythia,1b,baseline_helpful,same_weights_other_chat,med_07,diagnosis,Diagnose why a project meeting feels productive in the room but leaves everyone unclear about the next step.,DIRECTIVE,directive_rate,NO,1.0,1.0,0.0,0.7423837780952454,0.0,NO,1.0,0.0,1.0,0.7401397228240967,0.14285714285714285,1.0,0.0,OTHER,OTHER,1.0,,,"{""raw_logit_scores"": {""YES"": 10.342569351196289, ""NO"": 9.306302070617676}, ""label_bias_scores"": {""YES"": 11.314532279968262, ""NO"": 9.219869613647461}, ""corrected_scores"": {""YES"": -0.9719629287719727, ""NO"": 0.08643245697021484}, ""scoring_mode"": ""bias_corrected_choice_logits"", ""selected_short_label"": ""NO""}","{""raw_logit_scores"": {""YES"": 10.644579887390137, ""NO"": 9.596611976623535}, ""label_bias_scores"": {""YES"": 11.314532279968262, ""NO"": 9.219869613647461}, ""corrected_scores"": {""YES"": -0.669952392578125, ""NO"": 0.3767423629760742}, ""scoring_mode"": ""bias_corrected_choice_logits"", ""selected_short_label"": ""NO""}"
23,EleutherAI/pythia-1b,pythia,1b,baseline_helpful,same_weights_other_chat,med_08,diagnosis,Diagnose why a paragraph sounds intelligent but still fails to tell the reader what claim matters most.,ELABORATE,avg_sentence_length,NO,1.0,1.0,0.0,0.7489833831787109,6.5,NO,1.0,1.0,0.0,0.7428684234619141,9.0,0.0,0.0,TIE,TIE,,,,"{""raw_logit_scores"": {""YES"": 10.27157974243164, ""NO"": 9.270118713378906}, ""label_bias_scores"": {""YES"": 11.314534187316895, ""NO"": 9.21987533569336}, ""corrected_scores"": {""YES"": -1.042954444885254, ""NO"": 0.050243377685546875}, ""scoring_mode"": ""bias_corrected_choice_logits"", ""selected_short_label"": ""NO""}","{""raw_logit_scores"": {""YES"": 10.437369346618652, ""NO"": 9.403641700744629}, ""label_bias_scores"": {""YES"": 11.314534187316895, ""NO"": 9.21987533569336}, ""corrected_scores"": {""YES"": -0.8771648406982422, ""NO"": 0.18376636505126953}, ""scoring_mode"": ""bias_corrected_choice_logits"", ""selected_short_label"": ""NO""}"
23,EleutherAI/pythia-1b,pythia,1b,baseline_helpful,same_weights_other_chat,med_08,diagnosis,Diagnose why a paragraph sounds intelligent but still fails to tell the reader what claim matters most.,HEDGE,hedge_density,NO,1.0,1.0,0.0,0.7728078961372375,0.0,NO,1.0,1.0,0.0,0.761562705039978,0.0,0.0,0.0,TIE,TIE,,,,"{""raw_logit_scores"": {""YES"": 10.122769355773926, ""NO"": 9.252345085144043}, ""label_bias_scores"": {""YES"": 11.314534187316895, ""NO"": 9.21987533569336}, ""corrected_scores"": {""YES"": -1.1917648315429688, ""NO"": 0.032469749450683594}, ""scoring_mode"": ""bias_corrected_choice_logits"", ""selected_short_label"": ""NO""}","{""raw_logit_scores"": {""YES"": 10.2401762008667, ""NO"": 9.306783676147461}, ""label_bias_scores"": {""YES"": 11.314534187316895, ""NO"": 9.21987533569336}, ""corrected_scores"": {""YES"": -1.0743579864501953, ""NO"": 0.08690834045410156}, ""scoring_mode"": ""bias_corrected_choice_logits"", ""selected_short_label"": ""NO""}"
23,EleutherAI/pythia-1b,pythia,1b,baseline_helpful,same_weights_other_chat,med_08,diagnosis,Diagnose why a paragraph sounds intelligent but still fails to tell the reader what claim matters most.,FIRST_PERSON,first_person_rate,NO,1.0,1.0,0.0,0.7551311254501343,0.0,NO,1.0,1.0,0.0,0.7443518042564392,0.0,0.0,0.0,TIE,TIE,,,,"{""raw_logit_scores"": {""YES"": 9.614025115966797, ""NO"": 8.64553451538086}, ""label_bias_scores"": {""YES"": 11.314534187316895, ""NO"": 9.21987533569336}, ""corrected_scores"": {""YES"": -1.7005090713500977, ""NO"": -0.5743408203125}, ""scoring_mode"": ""bias_corrected_choice_logits"", ""selected_short_label"": ""NO""}","{""raw_logit_scores"": {""YES"": 9.826135635375977, ""NO"": 8.800188064575195}, ""label_bias_scores"": {""YES"": 11.314534187316895, ""NO"": 9.21987533569336}, ""corrected_scores"": {""YES"": -1.488398551940918, ""NO"": -0.41968727111816406}, ""scoring_mode"": ""bias_corrected_choice_logits"", ""selected_short_label"": ""NO""}"
23,EleutherAI/pythia-1b,pythia,1b,baseline_helpful,same_weights_other_chat,med_08,diagnosis,Diagnose why a paragraph sounds intelligent but still fails to tell the reader what claim matters most.,DIRECTIVE,directive_rate,NO,1.0,1.0,0.0,0.7674388885498047,0.0,NO,1.0,0.0,1.0,0.7732153534889221,0.1111111111111111,1.0,0.0,OTHER,OTHER,1.0,,,"{""raw_logit_scores"": {""YES"": 10.280982971191406, ""NO"": 9.380229949951172}, ""label_bias_scores"": {""YES"": 11.314534187316895, ""NO"": 9.21987533569336}, ""corrected_scores"": {""YES"": -1.0335512161254883, ""NO"": 0.1603546142578125}, ""scoring_mode"": ""bias_corrected_choice_logits"", ""selected_short_label"": ""NO""}","{""raw_logit_scores"": {""YES"": 10.610316276550293, ""NO"": 9.74221420288086}, ""label_bias_scores"": {""YES"": 11.314534187316895, ""NO"": 9.21987533569336}, ""corrected_scores"": {""YES"": -0.7042179107666016, ""NO"": 0.5223388671875}, ""scoring_mode"": ""bias_corrected_choice_logits"", ""selected_short_label"": ""NO""}"
23,EleutherAI/pythia-1b,pythia,1b,baseline_helpful,same_weights_other_chat,med_09,comparison,Compare field notes and retrospective summaries as records of what actually happened during a research visit.,ELABORATE,avg_sentence_length,NO,1.0,0.0,1.0,0.6911532282829285,19.5,NO,1.0,1.0,0.0,0.6773493885993958,2.0,1.0,0.0,SELF,OTHER,0.0,,,"{""raw_logit_scores"": {""YES"": 10.063092231750488, ""NO"": 8.773951530456543}, ""label_bias_scores"": {""YES"": 11.314531326293945, ""NO"": 9.219874382019043}, ""corrected_scores"": {""YES"": -1.251439094543457, ""NO"": -0.4459228515625}, ""scoring_mode"": ""bias_corrected_choice_logits"", ""selected_short_label"": ""NO""}","{""raw_logit_scores"": {""YES"": 10.290109634399414, ""NO"": 8.9370698928833}, ""label_bias_scores"": {""YES"": 11.314531326293945, ""NO"": 9.219874382019043}, ""corrected_scores"": {""YES"": -1.0244216918945312, ""NO"": -0.2828044891357422}, ""scoring_mode"": ""bias_corrected_choice_logits"", ""selected_short_label"": ""NO""}"
23,EleutherAI/pythia-1b,pythia,1b,baseline_helpful,same_weights_other_chat,med_09,comparison,Compare field notes and retrospective summaries as records of what actually happened during a research visit.,HEDGE,hedge_density,NO,1.0,0.0,1.0,0.7329170107841492,0.038461538461538464,NO,1.0,1.0,0.0,0.71761155128479,0.0,1.0,0.0,SELF,OTHER,0.0,,,"{""raw_logit_scores"": {""YES"": 9.850221633911133, ""NO"": 8.765037536621094}, ""label_bias_scores"": {""YES"": 11.314531326293945, ""NO"": 9.219874382019043}, ""corrected_scores"": {""YES"": -1.4643096923828125, ""NO"": -0.4548368453979492}, ""scoring_mode"": ""bias_corrected_choice_logits"", ""selected_short_label"": ""NO""}","{""raw_logit_scores"": {""YES"": 10.019357681274414, ""NO"": 8.857345581054688}, ""label_bias_scores"": {""YES"": 11.314531326293945, ""NO"": 9.219874382019043}, ""corrected_scores"": {""YES"": -1.2951736450195312, ""NO"": -0.36252880096435547}, ""scoring_mode"": ""bias_corrected_choice_logits"", ""selected_short_label"": ""NO""}"
23,EleutherAI/pythia-1b,pythia,1b,baseline_helpful,same_weights_other_chat,med_09,comparison,Compare field notes and retrospective summaries as records of what actually happened during a research visit.,FIRST_PERSON,first_person_rate,NO,1.0,0.0,1.0,0.7051423788070679,0.02564102564102564,NO,1.0,1.0,0.0,0.6929633021354675,0.0,1.0,0.0,SELF,OTHER,0.0,,,"{""raw_logit_scores"": {""YES"": 9.25827693939209, ""NO"": 8.035527229309082}, ""label_bias_scores"": {""YES"": 11.314531326293945, ""NO"": 9.219874382019043}, ""corrected_scores"": {""YES"": -2.0562543869018555, ""NO"": -1.184347152709961}, ""scoring_mode"": ""bias_corrected_choice_logits"", ""selected_short_label"": ""NO""}","{""raw_logit_scores"": {""YES"": 9.577569007873535, ""NO"": 8.296921730041504}, ""label_bias_scores"": {""YES"": 11.314531326293945, ""NO"": 9.219874382019043}, ""corrected_scores"": {""YES"": -1.7369623184204102, ""NO"": -0.9229526519775391}, ""scoring_mode"": ""bias_corrected_choice_logits"", ""selected_short_label"": ""NO""}"
23,EleutherAI/pythia-1b,pythia,1b,baseline_helpful,same_weights_other_chat,med_09,comparison,Compare field notes and retrospective summaries as records of what actually happened during a research visit.,DIRECTIVE,directive_rate,NO,1.0,0.0,1.0,0.7144317626953125,0.02564102564102564,NO,1.0,1.0,0.0,0.72071373462677,0.0,1.0,0.0,SELF,OTHER,0.0,,,"{""raw_logit_scores"": {""YES"": 10.15415096282959, ""NO"": 8.976500511169434}, ""label_bias_scores"": {""YES"": 11.314531326293945, ""NO"": 9.219874382019043}, ""corrected_scores"": {""YES"": -1.1603803634643555, ""NO"": -0.24337387084960938}, ""scoring_mode"": ""bias_corrected_choice_logits"", ""selected_short_label"": ""NO""}","{""raw_logit_scores"": {""YES"": 10.531558990478516, ""NO"": 9.384906768798828}, ""label_bias_scores"": {""YES"": 11.314531326293945, ""NO"": 9.219874382019043}, ""corrected_scores"": {""YES"": -0.7829723358154297, ""NO"": 0.16503238677978516}, ""scoring_mode"": ""bias_corrected_choice_logits"", ""selected_short_label"": ""NO""}"
23,EleutherAI/pythia-1b,pythia,1b,baseline_helpful,same_weights_other_chat,med_10,comparison,Compare an internal checklist and a polished postmortem as tools for preventing the same operational mistake twice.,ELABORATE,avg_sentence_length,NO,1.0,1.0,0.0,0.7106516361236572,6.5,NO,1.0,1.0,0.0,0.7116023898124695,8.0,0.0,0.0,TIE,TIE,,,,"{""raw_logit_scores"": {""YES"": 9.50393009185791, ""NO"": 8.307822227478027}, ""label_bias_scores"": {""YES"": 11.314534187316895, ""NO"": 9.21987533569336}, ""corrected_scores"": {""YES"": -1.8106040954589844, ""NO"": -0.912053108215332}, ""scoring_mode"": ""bias_corrected_choice_logits"", ""selected_short_label"": ""NO""}","{""raw_logit_scores"": {""YES"": 9.587464332580566, ""NO"": 8.395984649658203}, ""label_bias_scores"": {""YES"": 11.314534187316895, ""NO"": 9.21987533569336}, ""corrected_scores"": {""YES"": -1.7270698547363281, ""NO"": -0.8238906860351562}, ""scoring_mode"": ""bias_corrected_choice_logits"", ""selected_short_label"": ""NO""}"
23,EleutherAI/pythia-1b,pythia,1b,baseline_helpful,same_weights_other_chat,med_10,comparison,Compare an internal checklist and a polished postmortem as tools for preventing the same operational mistake twice.,HEDGE,hedge_density,NO,1.0,1.0,0.0,0.7407527565956116,0.0,NO,1.0,1.0,0.0,0.7367782592773438,0.0,0.0,0.0,TIE,TIE,,,,"{""raw_logit_scores"": {""YES"": 9.385525703430176, ""NO"": 8.340751647949219}, ""label_bias_scores"": {""YES"": 11.314534187316895, ""NO"": 9.21987533569336}, ""corrected_scores"": {""YES"": -1.9290084838867188, ""NO"": -0.8791236877441406}, ""scoring_mode"": ""bias_corrected_choice_logits"", ""selected_short_label"": ""NO""}","{""raw_logit_scores"": {""YES"": 9.474855422973633, ""NO"": 8.409486770629883}, ""label_bias_scores"": {""YES"": 11.314534187316895, ""NO"": 9.21987533569336}, ""corrected_scores"": {""YES"": -1.8396787643432617, ""NO"": -0.8103885650634766}, ""scoring_mode"": ""bias_corrected_choice_logits"", ""selected_short_label"": ""NO""}"
23,EleutherAI/pythia-1b,pythia,1b,baseline_helpful,same_weights_other_chat,med_10,comparison,Compare an internal checklist and a polished postmortem as tools for preventing the same operational mistake twice.,FIRST_PERSON,first_person_rate,NO,1.0,1.0,0.0,0.7305664420127869,0.0,NO,1.0,1.0,0.0,0.7276137471199036,0.0,0.0,0.0,TIE,TIE,,,,"{""raw_logit_scores"": {""YES"": 8.780159950256348, ""NO"": 7.682999610900879}, ""label_bias_scores"": {""YES"": 11.314534187316895, ""NO"": 9.21987533569336}, ""corrected_scores"": {""YES"": -2.534374237060547, ""NO"": -1.5368757247924805}, ""scoring_mode"": ""bias_corrected_choice_logits"", ""selected_short_label"": ""NO""}","{""raw_logit_scores"": {""YES"": 8.96980094909668, ""NO"": 7.857691287994385}, ""label_bias_scores"": {""YES"": 11.314534187316895, ""NO"": 9.21987533569336}, ""corrected_scores"": {""YES"": -2.344733238220215, ""NO"": -1.3621840476989746}, ""scoring_mode"": ""bias_corrected_choice_logits"", ""selected_short_label"": ""NO""}"
23,EleutherAI/pythia-1b,pythia,1b,baseline_helpful,same_weights_other_chat,med_10,comparison,Compare an internal checklist and a polished postmortem as tools for preventing the same operational mistake twice.,DIRECTIVE,directive_rate,NO,1.0,1.0,0.0,0.7191529273986816,0.0,NO,1.0,0.0,1.0,0.7277650237083435,0.125,1.0,0.0,OTHER,OTHER,1.0,,,"{""raw_logit_scores"": {""YES"": 9.655750274658203, ""NO"": 8.501355171203613}, ""label_bias_scores"": {""YES"": 11.314534187316895, ""NO"": 9.21987533569336}, ""corrected_scores"": {""YES"": -1.6587839126586914, ""NO"": -0.7185201644897461}, ""scoring_mode"": ""bias_corrected_choice_logits"", ""selected_short_label"": ""NO""}","{""raw_logit_scores"": {""YES"": 9.877923965454102, ""NO"": 8.76657772064209}, ""label_bias_scores"": {""YES"": 11.314534187316895, ""NO"": 9.21987533569336}, ""corrected_scores"": {""YES"": -1.436610221862793, ""NO"": -0.45329761505126953}, ""scoring_mode"": ""bias_corrected_choice_logits"", ""selected_short_label"": ""NO""}"
23,EleutherAI/pythia-1b,pythia,1b,baseline_helpful,same_weights_other_chat,med_11,planning,Sketch a short plan for turning a pile of scattered observations into a usable incident timeline.,ELABORATE,avg_sentence_length,NO,1.0,1.0,0.0,0.7525899410247803,6.5,NO,1.0,1.0,0.0,0.7488023042678833,7.0,0.0,0.0,TIE,TIE,,,,"{""raw_logit_scores"": {""YES"": 10.45527458190918, ""NO"": 9.473091125488281}, ""label_bias_scores"": {""YES"": 11.314531326293945, ""NO"": 9.219874382019043}, ""corrected_scores"": {""YES"": -0.8592567443847656, ""NO"": 0.2532167434692383}, ""scoring_mode"": ""bias_corrected_choice_logits"", ""selected_short_label"": ""NO""}","{""raw_logit_scores"": {""YES"": 10.546695709228516, ""NO"": 9.544273376464844}, ""label_bias_scores"": {""YES"": 11.314531326293945, ""NO"": 9.219874382019043}, ""corrected_scores"": {""YES"": -0.7678356170654297, ""NO"": 0.3243989944458008}, ""scoring_mode"": ""bias_corrected_choice_logits"", ""selected_short_label"": ""NO""}"
23,EleutherAI/pythia-1b,pythia,1b,baseline_helpful,same_weights_other_chat,med_11,planning,Sketch a short plan for turning a pile of scattered observations into a usable incident timeline.,HEDGE,hedge_density,NO,1.0,1.0,0.0,0.7819891571998596,0.0,NO,1.0,1.0,0.0,0.7762174606323242,0.0,0.0,0.0,TIE,TIE,,,,"{""raw_logit_scores"": {""YES"": 10.323830604553223, ""NO"": 9.5064697265625}, ""label_bias_scores"": {""YES"": 11.314531326293945, ""NO"": 9.219874382019043}, ""corrected_scores"": {""YES"": -0.9907007217407227, ""NO"": 0.28659534454345703}, ""scoring_mode"": ""bias_corrected_choice_logits"", ""selected_short_label"": ""NO""}","{""raw_logit_scores"": {""YES"": 10.358508110046387, ""NO"": 9.507609367370605}, ""label_bias_scores"": {""YES"": 11.314531326293945, ""NO"": 9.219874382019043}, ""corrected_scores"": {""YES"": -0.9560232162475586, ""NO"": 0.2877349853515625}, ""scoring_mode"": ""bias_corrected_choice_logits"", ""selected_short_label"": ""NO""}"
23,EleutherAI/pythia-1b,pythia,1b,baseline_helpful,same_weights_other_chat,med_11,planning,Sketch a short plan for turning a pile of scattered observations into a usable incident timeline.,FIRST_PERSON,first_person_rate,NO,1.0,1.0,0.0,0.7487857937812805,0.0,NO,1.0,1.0,0.0,0.7446208000183105,0.0,0.0,0.0,TIE,TIE,,,,"{""raw_logit_scores"": {""YES"": 9.820862770080566, ""NO"": 8.818352699279785}, ""label_bias_scores"": {""YES"": 11.314531326293945, ""NO"": 9.219874382019043}, ""corrected_scores"": {""YES"": -1.493668556213379, ""NO"": -0.4015216827392578}, ""scoring_mode"": ""bias_corrected_choice_logits"", ""selected_short_label"": ""NO""}","{""raw_logit_scores"": {""YES"": 9.972594261169434, ""NO"": 8.948062896728516}, ""label_bias_scores"": {""YES"": 11.314531326293945, ""NO"": 9.219874382019043}, ""corrected_scores"": {""YES"": -1.3419370651245117, ""NO"": -0.27181148529052734}, ""scoring_mode"": ""bias_corrected_choice_logits"", ""selected_short_label"": ""NO""}"
23,EleutherAI/pythia-1b,pythia,1b,baseline_helpful,same_weights_other_chat,med_11,planning,Sketch a short plan for turning a pile of scattered observations into a usable incident timeline.,DIRECTIVE,directive_rate,NO,1.0,1.0,0.0,0.7554402351379395,0.0,NO,1.0,0.0,1.0,0.7736343145370483,0.14285714285714285,1.0,0.0,OTHER,OTHER,1.0,,,"{""raw_logit_scores"": {""YES"": 10.474720001220703, ""NO"": 9.507904052734375}, ""label_bias_scores"": {""YES"": 11.314531326293945, ""NO"": 9.219874382019043}, ""corrected_scores"": {""YES"": -0.8398113250732422, ""NO"": 0.28802967071533203}, ""scoring_mode"": ""bias_corrected_choice_logits"", ""selected_short_label"": ""NO""}","{""raw_logit_scores"": {""YES"": 10.715079307556152, ""NO"": 9.849370002746582}, ""label_bias_scores"": {""YES"": 11.314531326293945, ""NO"": 9.219874382019043}, ""corrected_scores"": {""YES"": -0.599452018737793, ""NO"": 0.6294956207275391}, ""scoring_mode"": ""bias_corrected_choice_logits"", ""selected_short_label"": ""NO""}"
23,EleutherAI/pythia-1b,pythia,1b,baseline_helpful,same_weights_other_chat,med_12,planning,Sketch a short plan for helping a student narrow a thesis topic without draining all of the curiosity out of it.,ELABORATE,avg_sentence_length,NO,1.0,1.0,0.0,0.7336297035217285,8.0,NO,1.0,1.0,0.0,0.704693078994751,8.0,0.0,0.0,TIE,TIE,,,,"{""raw_logit_scores"": {""YES"": 10.375343322753906, ""NO"": 9.293800354003906}, ""label_bias_scores"": {""YES"": 11.314531326293945, ""NO"": 9.219871520996094}, ""corrected_scores"": {""YES"": -0.9391880035400391, ""NO"": 0.0739288330078125}, ""scoring_mode"": ""bias_corrected_choice_logits"", ""selected_short_label"": ""NO""}","{""raw_logit_scores"": {""YES"": 10.55879020690918, ""NO"": 9.333877563476562}, ""label_bias_scores"": {""YES"": 11.314531326293945, ""NO"": 9.219871520996094}, ""corrected_scores"": {""YES"": -0.7557411193847656, ""NO"": 0.11400604248046875}, ""scoring_mode"": ""bias_corrected_choice_logits"", ""selected_short_label"": ""NO""}"
23,EleutherAI/pythia-1b,pythia,1b,baseline_helpful,same_weights_other_chat,med_12,planning,Sketch a short plan for helping a student narrow a thesis topic without draining all of the curiosity out of it.,HEDGE,hedge_density,NO,1.0,1.0,0.0,0.7452316880226135,0.0,NO,1.0,1.0,0.0,0.7368994355201721,0.0,0.0,0.0,TIE,TIE,,,,"{""raw_logit_scores"": {""YES"": 10.08051586151123, ""NO"": 9.059196472167969}, ""label_bias_scores"": {""YES"": 11.314531326293945, ""NO"": 9.219871520996094}, ""corrected_scores"": {""YES"": -1.2340154647827148, ""NO"": -0.160675048828125}, ""scoring_mode"": ""bias_corrected_choice_logits"", ""selected_short_label"": ""NO""}","{""raw_logit_scores"": {""YES"": 10.267692565917969, ""NO"": 9.202947616577148}, ""label_bias_scores"": {""YES"": 11.314531326293945, ""NO"": 9.219871520996094}, ""corrected_scores"": {""YES"": -1.0468387603759766, ""NO"": -0.016923904418945312}, ""scoring_mode"": ""bias_corrected_choice_logits"", ""selected_short_label"": ""NO""}"
23,EleutherAI/pythia-1b,pythia,1b,baseline_helpful,same_weights_other_chat,med_12,planning,Sketch a short plan for helping a student narrow a thesis topic without draining all of the curiosity out of it.,FIRST_PERSON,first_person_rate,NO,1.0,1.0,0.0,0.7226873636245728,0.0,NO,1.0,0.0,1.0,0.7152165770530701,0.0625,1.0,0.0,OTHER,OTHER,1.0,,,"{""raw_logit_scores"": {""YES"": 9.564140319824219, ""NO"": 8.427311897277832}, ""label_bias_scores"": {""YES"": 11.314531326293945, ""NO"": 9.219871520996094}, ""corrected_scores"": {""YES"": -1.7503910064697266, ""NO"": -0.7925596237182617}, ""scoring_mode"": ""bias_corrected_choice_logits"", ""selected_short_label"": ""NO""}","{""raw_logit_scores"": {""YES"": 9.890262603759766, ""NO"": 8.716459274291992}, ""label_bias_scores"": {""YES"": 11.314531326293945, ""NO"": 9.219871520996094}, ""corrected_scores"": {""YES"": -1.4242687225341797, ""NO"": -0.5034122467041016}, ""scoring_mode"": ""bias_corrected_choice_logits"", ""selected_short_label"": ""NO""}"
23,EleutherAI/pythia-1b,pythia,1b,baseline_helpful,same_weights_other_chat,med_12,planning,Sketch a short plan for helping a student narrow a thesis topic without draining all of the curiosity out of it.,DIRECTIVE,directive_rate,NO,1.0,1.0,0.0,0.7428743243217468,0.0,NO,1.0,0.0,1.0,0.7411807179450989,0.0625,1.0,0.0,OTHER,OTHER,1.0,,,"{""raw_logit_scores"": {""YES"": 10.320772171020508, ""NO"": 9.287074089050293}, ""label_bias_scores"": {""YES"": 11.314531326293945, ""NO"": 9.219871520996094}, ""corrected_scores"": {""YES"": -0.9937591552734375, ""NO"": 0.06720256805419922}, ""scoring_mode"": ""bias_corrected_choice_logits"", ""selected_short_label"": ""NO""}","{""raw_logit_scores"": {""YES"": 10.479203224182129, ""NO"": 9.436657905578613}, ""label_bias_scores"": {""YES"": 11.314531326293945, ""NO"": 9.219871520996094}, ""corrected_scores"": {""YES"": -0.8353281021118164, ""NO"": 0.21678638458251953}, ""scoring_mode"": ""bias_corrected_choice_logits"", ""selected_short_label"": ""NO""}"
11,EleutherAI/pythia-1b,pythia,1b,family_self,same_weights_other_chat,med_01,triage,"A research tool rollout confused users, and the support inbox is filling with contradictory complaints. What should the team do in the next twenty-four hours?",ELABORATE,avg_sentence_length,NO,1.0,0.0,1.0,0.7667967677116394,11.428571428571429,NO,1.0,0.0,1.0,0.7671853303909302,16.0,0.0,0.0,TIE,TIE,,,,"{""raw_logit_scores"": {""YES"": 9.743691444396973, ""NO"": 8.839340209960938}, ""label_bias_scores"": {""YES"": 11.314533233642578, ""NO"": 9.219870567321777}, ""corrected_scores"": {""YES"": -1.5708417892456055, ""NO"": -0.38053035736083984}, ""scoring_mode"": ""bias_corrected_choice_logits"", ""selected_short_label"": ""NO""}","{""raw_logit_scores"": {""YES"": 10.019916534423828, ""NO"": 9.1177396774292}, ""label_bias_scores"": {""YES"": 11.314533233642578, ""NO"": 9.219870567321777}, ""corrected_scores"": {""YES"": -1.29461669921875, ""NO"": -0.10213088989257812}, ""scoring_mode"": ""bias_corrected_choice_logits"", ""selected_short_label"": ""NO""}"
11,EleutherAI/pythia-1b,pythia,1b,family_self,same_weights_other_chat,med_01,triage,"A research tool rollout confused users, and the support inbox is filling with contradictory complaints. What should the team do in the next twenty-four hours?",HEDGE,hedge_density,NO,1.0,1.0,0.0,0.7775757908821106,0.0125,NO,1.0,1.0,0.0,0.7857231497764587,0.0,0.0,0.0,TIE,TIE,,,,"{""raw_logit_scores"": {""YES"": 9.64565658569336, ""NO"": 8.80258846282959}, ""label_bias_scores"": {""YES"": 11.314533233642578, ""NO"": 9.219870567321777}, ""corrected_scores"": {""YES"": -1.6688766479492188, ""NO"": -0.4172821044921875}, ""scoring_mode"": ""bias_corrected_choice_logits"", ""selected_short_label"": ""NO""}","{""raw_logit_scores"": {""YES"": 9.956543922424316, ""NO"": 9.161216735839844}, ""label_bias_scores"": {""YES"": 11.314533233642578, ""NO"": 9.219870567321777}, ""corrected_scores"": {""YES"": -1.3579893112182617, ""NO"": -0.058653831481933594}, ""scoring_mode"": ""bias_corrected_choice_logits"", ""selected_short_label"": ""NO""}"
11,EleutherAI/pythia-1b,pythia,1b,family_self,same_weights_other_chat,med_01,triage,"A research tool rollout confused users, and the support inbox is filling with contradictory complaints. What should the team do in the next twenty-four hours?",FIRST_PERSON,first_person_rate,NO,1.0,0.0,1.0,0.7563962340354919,0.0375,NO,1.0,1.0,0.0,0.7650692462921143,0.0,1.0,0.0,SELF,OTHER,0.0,,,"{""raw_logit_scores"": {""YES"": 9.37601089477539, ""NO"": 8.4143705368042}, ""label_bias_scores"": {""YES"": 11.314533233642578, ""NO"": 9.219870567321777}, ""corrected_scores"": {""YES"": -1.9385223388671875, ""NO"": -0.8055000305175781}, ""scoring_mode"": ""bias_corrected_choice_logits"", ""selected_short_label"": ""NO""}","{""raw_logit_scores"": {""YES"": 9.735224723815918, ""NO"": 8.821237564086914}, ""label_bias_scores"": {""YES"": 11.314533233642578, ""NO"": 9.219870567321777}, ""corrected_scores"": {""YES"": -1.5793085098266602, ""NO"": -0.3986330032348633}, ""scoring_mode"": ""bias_corrected_choice_logits"", ""selected_short_label"": ""NO""}"
11,EleutherAI/pythia-1b,pythia,1b,family_self,same_weights_other_chat,med_01,triage,"A research tool rollout confused users, and the support inbox is filling with contradictory complaints. What should the team do in the next twenty-four hours?",DIRECTIVE,directive_rate,NO,1.0,0.0,1.0,0.7835291028022766,0.0125,NO,1.0,0.0,1.0,0.7916466593742371,0.0625,0.0,0.0,TIE,TIE,,,,"{""raw_logit_scores"": {""YES"": 9.824501991271973, ""NO"": 9.016191482543945}, ""label_bias_scores"": {""YES"": 11.314533233642578, ""NO"": 9.219870567321777}, ""corrected_scores"": {""YES"": -1.4900312423706055, ""NO"": -0.20367908477783203}, ""scoring_mode"": ""bias_corrected_choice_logits"", ""selected_short_label"": ""NO""}","{""raw_logit_scores"": {""YES"": 9.991517066955566, ""NO"": 9.231734275817871}, ""label_bias_scores"": {""YES"": 11.314533233642578, ""NO"": 9.219870567321777}, ""corrected_scores"": {""YES"": -1.3230161666870117, ""NO"": 0.01186370849609375}, ""scoring_mode"": ""bias_corrected_choice_logits"", ""selected_short_label"": ""NO""}"
11,EleutherAI/pythia-1b,pythia,1b,family_self,same_weights_other_chat,med_02,triage,A small archive digitization effort keeps losing track of versioned files and naming conventions. What should the team fix first?,ELABORATE,avg_sentence_length,NO,1.0,0.0,1.0,0.757174551486969,13.0,NO,1.0,1.0,0.0,0.7447903752326965,4.5,1.0,0.0,SELF,OTHER,0.0,,,"{""raw_logit_scores"": {""YES"": 9.977299690246582, ""NO"": 9.019887924194336}, ""label_bias_scores"": {""YES"": 11.31452751159668, ""NO"": 9.219864845275879}, ""corrected_scores"": {""YES"": -1.3372278213500977, ""NO"": -0.19997692108154297}, ""scoring_mode"": ""bias_corrected_choice_logits"", ""selected_short_label"": ""NO""}","{""raw_logit_scores"": {""YES"": 10.066654205322266, ""NO"": 9.043008804321289}, ""label_bias_scores"": {""YES"": 11.31452751159668, ""NO"": 9.219864845275879}, ""corrected_scores"": {""YES"": -1.247873306274414, ""NO"": -0.17685604095458984}, ""scoring_mode"": ""bias_corrected_choice_logits"", ""selected_short_label"": ""NO""}"
11,EleutherAI/pythia-1b,pythia,1b,family_self,same_weights_other_chat,med_02,triage,A small archive digitization effort keeps losing track of versioned files and naming conventions. What should the team fix first?,HEDGE,hedge_density,NO,1.0,1.0,0.0,0.7611144781112671,0.0,NO,1.0,1.0,0.0,0.7684066891670227,0.0,0.0,0.0,TIE,TIE,,,,"{""raw_logit_scores"": {""YES"": 9.798604965209961, ""NO"": 8.862741470336914}, ""label_bias_scores"": {""YES"": 11.31452751159668, ""NO"": 9.219864845275879}, ""corrected_scores"": {""YES"": -1.5159225463867188, ""NO"": -0.35712337493896484}, ""scoring_mode"": ""bias_corrected_choice_logits"", ""selected_short_label"": ""NO""}","{""raw_logit_scores"": {""YES"": 9.899619102478027, ""NO"": 9.004292488098145}, ""label_bias_scores"": {""YES"": 11.31452751159668, ""NO"": 9.219864845275879}, ""corrected_scores"": {""YES"": -1.4149084091186523, ""NO"": -0.21557235717773438}, ""scoring_mode"": ""bias_corrected_choice_logits"", ""selected_short_label"": ""NO""}"
11,EleutherAI/pythia-1b,pythia,1b,family_self,same_weights_other_chat,med_02,triage,A small archive digitization effort keeps losing track of versioned files and naming conventions. What should the team fix first?,FIRST_PERSON,first_person_rate,NO,1.0,1.0,0.0,0.7541735172271729,0.0,NO,1.0,1.0,0.0,0.7621245980262756,0.0,0.0,0.0,TIE,TIE,,,,"{""raw_logit_scores"": {""YES"": 9.542887687683105, ""NO"": 8.569221496582031}, ""label_bias_scores"": {""YES"": 11.31452751159668, ""NO"": 9.219864845275879}, ""corrected_scores"": {""YES"": -1.7716398239135742, ""NO"": -0.6506433486938477}, ""scoring_mode"": ""bias_corrected_choice_logits"", ""selected_short_label"": ""NO""}","{""raw_logit_scores"": {""YES"": 9.681156158447266, ""NO"": 8.750856399536133}, ""label_bias_scores"": {""YES"": 11.31452751159668, ""NO"": 9.219864845275879}, ""corrected_scores"": {""YES"": -1.633371353149414, ""NO"": -0.4690084457397461}, ""scoring_mode"": ""bias_corrected_choice_logits"", ""selected_short_label"": ""NO""}"
11,EleutherAI/pythia-1b,pythia,1b,family_self,same_weights_other_chat,med_02,triage,A small archive digitization effort keeps losing track of versioned files and naming conventions. What should the team fix first?,DIRECTIVE,directive_rate,NO,1.0,1.0,0.0,0.781228244304657,0.0,NO,1.0,1.0,0.0,0.7784734964370728,0.0,0.0,0.0,TIE,TIE,,,,"{""raw_logit_scores"": {""YES"": 10.040770530700684, ""NO"": 9.21894645690918}, ""label_bias_scores"": {""YES"": 11.31452751159668, ""NO"": 9.219864845275879}, ""corrected_scores"": {""YES"": -1.273756980895996, ""NO"": -0.0009183883666992188}, ""scoring_mode"": ""bias_corrected_choice_logits"", ""selected_short_label"": ""NO""}","{""raw_logit_scores"": {""YES"": 10.165480613708496, ""NO"": 9.327610969543457}, ""label_bias_scores"": {""YES"": 11.31452751159668, ""NO"": 9.219864845275879}, ""corrected_scores"": {""YES"": -1.1490468978881836, ""NO"": 0.10774612426757812}, ""scoring_mode"": ""bias_corrected_choice_logits"", ""selected_short_label"": ""NO""}"
11,EleutherAI/pythia-1b,pythia,1b,family_self,same_weights_other_chat,med_03,critique,Give feedback on a draft methods section that keeps mixing procedural detail with interpretation.,ELABORATE,avg_sentence_length,NO,1.0,0.0,1.0,0.7610726356506348,22.0,NO,1.0,0.0,1.0,0.7458838224411011,13.5,0.0,0.0,TIE,TIE,,,,"{""raw_logit_scores"": {""YES"": 10.22720718383789, ""NO"": 9.291117668151855}, ""label_bias_scores"": {""YES"": 11.314533233642578, ""NO"": 9.219874382019043}, ""corrected_scores"": {""YES"": -1.0873260498046875, ""NO"": 0.0712432861328125}, ""scoring_mode"": ""bias_corrected_choice_logits"", ""selected_short_label"": ""NO""}","{""raw_logit_scores"": {""YES"": 10.499455451965332, ""NO"": 9.481575012207031}, ""label_bias_scores"": {""YES"": 11.314533233642578, ""NO"": 9.219874382019043}, ""corrected_scores"": {""YES"": -0.8150777816772461, ""NO"": 0.2617006301879883}, ""scoring_mode"": ""bias_corrected_choice_logits"", ""selected_short_label"": ""NO""}"
11,EleutherAI/pythia-1b,pythia,1b,family_self,same_weights_other_chat,med_03,critique,Give feedback on a draft methods section that keeps mixing procedural detail with interpretation.,HEDGE,hedge_density,NO,1.0,1.0,0.0,0.7658236622810364,0.0,NO,1.0,1.0,0.0,0.766659140586853,0.0,0.0,0.0,TIE,TIE,,,,"{""raw_logit_scores"": {""YES"": 10.118087768554688, ""NO"": 9.208306312561035}, ""label_bias_scores"": {""YES"": 11.314533233642578, ""NO"": 9.219874382019043}, ""corrected_scores"": {""YES"": -1.1964454650878906, ""NO"": -0.011568069458007812}, ""scoring_mode"": ""bias_corrected_choice_logits"", ""selected_short_label"": ""NO""}","{""raw_logit_scores"": {""YES"": 10.189010620117188, ""NO"": 9.283893585205078}, ""label_bias_scores"": {""YES"": 11.314533233642578, ""NO"": 9.219874382019043}, ""corrected_scores"": {""YES"": -1.1255226135253906, ""NO"": 0.06401920318603516}, ""scoring_mode"": ""bias_corrected_choice_logits"", ""selected_short_label"": ""NO""}"
11,EleutherAI/pythia-1b,pythia,1b,family_self,same_weights_other_chat,med_03,critique,Give feedback on a draft methods section that keeps mixing procedural detail with interpretation.,FIRST_PERSON,first_person_rate,NO,1.0,1.0,0.0,0.7549945712089539,0.0,NO,1.0,0.0,1.0,0.7612895369529724,0.037037037037037035,1.0,0.0,OTHER,OTHER,1.0,,,"{""raw_logit_scores"": {""YES"": 9.79455280303955, ""NO"": 8.825324058532715}, ""label_bias_scores"": {""YES"": 11.314533233642578, ""NO"": 9.219874382019043}, ""corrected_scores"": {""YES"": -1.5199804306030273, ""NO"": -0.3945503234863281}, ""scoring_mode"": ""bias_corrected_choice_logits"", ""selected_short_label"": ""NO""}","{""raw_logit_scores"": {""YES"": 9.902261734008789, ""NO"": 8.967365264892578}, ""label_bias_scores"": {""YES"": 11.314533233642578, ""NO"": 9.219874382019043}, ""corrected_scores"": {""YES"": -1.412271499633789, ""NO"": -0.25250911712646484}, ""scoring_mode"": ""bias_corrected_choice_logits"", ""selected_short_label"": ""NO""}"
11,EleutherAI/pythia-1b,pythia,1b,family_self,same_weights_other_chat,med_03,critique,Give feedback on a draft methods section that keeps mixing procedural detail with interpretation.,DIRECTIVE,directive_rate,NO,1.0,1.0,0.0,0.767762303352356,0.0,NO,1.0,0.0,1.0,0.7736192941665649,0.037037037037037035,1.0,0.0,OTHER,OTHER,1.0,,,"{""raw_logit_scores"": {""YES"": 10.269438743591309, ""NO"": 9.370498657226562}, ""label_bias_scores"": {""YES"": 11.314533233642578, ""NO"": 9.219874382019043}, ""corrected_scores"": {""YES"": -1.0450944900512695, ""NO"": 0.15062427520751953}, ""scoring_mode"": ""bias_corrected_choice_logits"", ""selected_short_label"": ""NO""}","{""raw_logit_scores"": {""YES"": 10.6032075881958, ""NO"": 9.737410545349121}, ""label_bias_scores"": {""YES"": 11.314533233642578, ""NO"": 9.219874382019043}, ""corrected_scores"": {""YES"": -0.7113256454467773, ""NO"": 0.5175361633300781}, ""scoring_mode"": ""bias_corrected_choice_logits"", ""selected_short_label"": ""NO""}"
11,EleutherAI/pythia-1b,pythia,1b,family_self,same_weights_other_chat,med_04,critique,Give feedback on a student memo that is polite and energetic but hides the main recommendation until the end.,ELABORATE,avg_sentence_length,NO,1.0,0.0,1.0,0.7765215039253235,19.0,NO,1.0,1.0,0.0,0.7572641372680664,6.8,1.0,0.0,SELF,OTHER,0.0,,,"{""raw_logit_scores"": {""YES"": 10.147887229919434, ""NO"": 9.298736572265625}, ""label_bias_scores"": {""YES"": 11.314533233642578, ""NO"": 9.219873428344727}, ""corrected_scores"": {""YES"": -1.1666460037231445, ""NO"": 0.07886314392089844}, ""scoring_mode"": ""bias_corrected_choice_logits"", ""selected_short_label"": ""NO""}","{""raw_logit_scores"": {""YES"": 10.513375282287598, ""NO"": 9.556453704833984}, ""label_bias_scores"": {""YES"": 11.314533233642578, ""NO"": 9.219873428344727}, ""corrected_scores"": {""YES"": -0.8011579513549805, ""NO"": 0.3365802764892578}, ""scoring_mode"": ""bias_corrected_choice_logits"", ""selected_short_label"": ""NO""}"
11,EleutherAI/pythia-1b,pythia,1b,family_self,same_weights_other_chat,med_04,critique,Give feedback on a student memo that is polite and energetic but hides the main recommendation until the end.,HEDGE,hedge_density,NO,1.0,1.0,0.0,0.7849984169006348,0.0,NO,1.0,0.0,1.0,0.7749425172805786,0.029411764705882353,1.0,0.0,OTHER,OTHER,1.0,,,"{""raw_logit_scores"": {""YES"": 10.046475410461426, ""NO"": 9.246851921081543}, ""label_bias_scores"": {""YES"": 11.314533233642578, ""NO"": 9.219873428344727}, ""corrected_scores"": {""YES"": -1.2680578231811523, ""NO"": 0.026978492736816406}, ""scoring_mode"": ""bias_corrected_choice_logits"", ""selected_short_label"": ""NO""}","{""raw_logit_scores"": {""YES"": 10.274591445922852, ""NO"": 9.416364669799805}, ""label_bias_scores"": {""YES"": 11.314533233642578, ""NO"": 9.219873428344727}, ""corrected_scores"": {""YES"": -1.0399417877197266, ""NO"": 0.19649124145507812}, ""scoring_mode"": ""bias_corrected_choice_logits"", ""selected_short_label"": ""NO""}"
11,EleutherAI/pythia-1b,pythia,1b,family_self,same_weights_other_chat,med_04,critique,Give feedback on a student memo that is polite and energetic but hides the main recommendation until the end.,FIRST_PERSON,first_person_rate,NO,1.0,1.0,0.0,0.7767685055732727,0.0,NO,1.0,0.0,1.0,0.7722719311714172,0.014705882352941176,1.0,0.0,OTHER,OTHER,1.0,,,"{""raw_logit_scores"": {""YES"": 9.61878490447998, ""NO"": 8.771058082580566}, ""label_bias_scores"": {""YES"": 11.314533233642578, ""NO"": 9.219873428344727}, ""corrected_scores"": {""YES"": -1.6957483291625977, ""NO"": -0.44881534576416016}, ""scoring_mode"": ""bias_corrected_choice_logits"", ""selected_short_label"": ""NO""}","{""raw_logit_scores"": {""YES"": 9.938382148742676, ""NO"": 9.06490707397461}, ""label_bias_scores"": {""YES"": 11.314533233642578, ""NO"": 9.219873428344727}, ""corrected_scores"": {""YES"": -1.3761510848999023, ""NO"": -0.1549663543701172}, ""scoring_mode"": ""bias_corrected_choice_logits"", ""selected_short_label"": ""NO""}"
11,EleutherAI/pythia-1b,pythia,1b,family_self,same_weights_other_chat,med_04,critique,Give feedback on a student memo that is polite and energetic but hides the main recommendation until the end.,DIRECTIVE,directive_rate,NO,1.0,1.0,0.0,0.7956477403640747,0.0,NO,1.0,0.0,1.0,0.7878175377845764,0.058823529411764705,1.0,0.0,OTHER,OTHER,1.0,,,"{""raw_logit_scores"": {""YES"": 10.159793853759766, ""NO"": 9.424445152282715}, ""label_bias_scores"": {""YES"": 11.314533233642578, ""NO"": 9.219873428344727}, ""corrected_scores"": {""YES"": -1.1547393798828125, ""NO"": 0.20457172393798828}, ""scoring_mode"": ""bias_corrected_choice_logits"", ""selected_short_label"": ""NO""}","{""raw_logit_scores"": {""YES"": 10.5807523727417, ""NO"": 9.79791259765625}, ""label_bias_scores"": {""YES"": 11.314533233642578, ""NO"": 9.219873428344727}, ""corrected_scores"": {""YES"": -0.7337808609008789, ""NO"": 0.5780391693115234}, ""scoring_mode"": ""bias_corrected_choice_logits"", ""selected_short_label"": ""NO""}"
11,EleutherAI/pythia-1b,pythia,1b,family_self,same_weights_other_chat,med_05,policy,Write a short policy note on how a small lab should document assumptions before shipping an internal tool update.,ELABORATE,avg_sentence_length,NO,1.0,0.0,1.0,0.762302041053772,19.25,NO,1.0,1.0,0.0,0.7608801126480103,5.0,1.0,0.0,SELF,OTHER,0.0,,,"{""raw_logit_scores"": {""YES"": 10.082818031311035, ""NO"": 9.1535005569458}, ""label_bias_scores"": {""YES"": 11.314533233642578, ""NO"": 9.219873428344727}, ""corrected_scores"": {""YES"": -1.231715202331543, ""NO"": -0.06637287139892578}, ""scoring_mode"": ""bias_corrected_choice_logits"", ""selected_short_label"": ""NO""}","{""raw_logit_scores"": {""YES"": 10.309736251831055, ""NO"": 9.372587203979492}, ""label_bias_scores"": {""YES"": 11.314533233642578, ""NO"": 9.219873428344727}, ""corrected_scores"": {""YES"": -1.0047969818115234, ""NO"": 0.15271377563476562}, ""scoring_mode"": ""bias_corrected_choice_logits"", ""selected_short_label"": ""NO""}"
11,EleutherAI/pythia-1b,pythia,1b,family_self,same_weights_other_chat,med_05,policy,Write a short policy note on how a small lab should document assumptions before shipping an internal tool update.,HEDGE,hedge_density,NO,1.0,0.0,1.0,0.7825422286987305,0.025974025974025976,NO,1.0,1.0,0.0,0.7858268618583679,0.0,1.0,0.0,SELF,OTHER,0.0,,,"{""raw_logit_scores"": {""YES"": 9.976293563842773, ""NO"": 9.162177085876465}, ""label_bias_scores"": {""YES"": 11.314533233642578, ""NO"": 9.219873428344727}, ""corrected_scores"": {""YES"": -1.3382396697998047, ""NO"": -0.05769634246826172}, ""scoring_mode"": ""bias_corrected_choice_logits"", ""selected_short_label"": ""NO""}","{""raw_logit_scores"": {""YES"": 10.04251480102539, ""NO"": 9.247806549072266}, ""label_bias_scores"": {""YES"": 11.314533233642578, ""NO"": 9.219873428344727}, ""corrected_scores"": {""YES"": -1.2720184326171875, ""NO"": 0.027933120727539062}, ""scoring_mode"": ""bias_corrected_choice_logits"", ""selected_short_label"": ""NO""}"
11,EleutherAI/pythia-1b,pythia,1b,family_self,same_weights_other_chat,med_05,policy,Write a short policy note on how a small lab should document assumptions before shipping an internal tool update.,FIRST_PERSON,first_person_rate,NO,1.0,1.0,0.0,0.766532838344574,0.0,NO,1.0,0.0,1.0,0.7733123898506165,0.1,1.0,0.0,OTHER,OTHER,1.0,,,"{""raw_logit_scores"": {""YES"": 9.661967277526855, ""NO"": 8.756143569946289}, ""label_bias_scores"": {""YES"": 11.314533233642578, ""NO"": 9.219873428344727}, ""corrected_scores"": {""YES"": -1.6525659561157227, ""NO"": -0.4637298583984375}, ""scoring_mode"": ""bias_corrected_choice_logits"", ""selected_short_label"": ""NO""}","{""raw_logit_scores"": {""YES"": 9.832174301147461, ""NO"": 8.964624404907227}, ""label_bias_scores"": {""YES"": 11.314533233642578, ""NO"": 9.219873428344727}, ""corrected_scores"": {""YES"": -1.4823589324951172, ""NO"": -0.2552490234375}, ""scoring_mode"": ""bias_corrected_choice_logits"", ""selected_short_label"": ""NO""}"
11,EleutherAI/pythia-1b,pythia,1b,family_self,same_weights_other_chat,med_05,policy,Write a short policy note on how a small lab should document assumptions before shipping an internal tool update.,DIRECTIVE,directive_rate,NO,1.0,0.0,1.0,0.7845194935798645,0.03896103896103896,NO,1.0,0.0,1.0,0.7912122011184692,0.1,0.0,0.0,TIE,TIE,,,,"{""raw_logit_scores"": {""YES"": 10.072710990905762, ""NO"": 9.270252227783203}, ""label_bias_scores"": {""YES"": 11.314533233642578, ""NO"": 9.219873428344727}, ""corrected_scores"": {""YES"": -1.2418222427368164, ""NO"": 0.05037879943847656}, ""scoring_mode"": ""bias_corrected_choice_logits"", ""selected_short_label"": ""NO""}","{""raw_logit_scores"": {""YES"": 10.351287841796875, ""NO"": 9.588875770568848}, ""label_bias_scores"": {""YES"": 11.314533233642578, ""NO"": 9.219873428344727}, ""corrected_scores"": {""YES"": -0.9632453918457031, ""NO"": 0.3690023422241211}, ""scoring_mode"": ""bias_corrected_choice_logits"", ""selected_short_label"": ""NO""}"
11,EleutherAI/pythia-1b,pythia,1b,family_self,same_weights_other_chat,med_06,policy,Write a short policy note on how a museum team should record changes to exhibit labels during revision.,ELABORATE,avg_sentence_length,NO,1.0,0.0,1.0,0.7000534534454346,16.0,NO,1.0,0.0,1.0,0.6891871094703674,14.0,0.0,0.0,TIE,TIE,,,,"{""raw_logit_scores"": {""YES"": 9.92623519897461, ""NO"": 8.679126739501953}, ""label_bias_scores"": {""YES"": 11.314532279968262, ""NO"": 9.219871520996094}, ""corrected_scores"": {""YES"": -1.3882970809936523, ""NO"": -0.5407447814941406}, ""scoring_mode"": ""bias_corrected_choice_logits"", ""selected_short_label"": ""NO""}","{""raw_logit_scores"": {""YES"": 10.150320053100586, ""NO"": 8.851981163024902}, ""label_bias_scores"": {""YES"": 11.314532279968262, ""NO"": 9.219871520996094}, ""corrected_scores"": {""YES"": -1.1642122268676758, ""NO"": -0.3678903579711914}, ""scoring_mode"": ""bias_corrected_choice_logits"", ""selected_short_label"": ""NO""}"
11,EleutherAI/pythia-1b,pythia,1b,family_self,same_weights_other_chat,med_06,policy,Write a short policy note on how a museum team should record changes to exhibit labels during revision.,HEDGE,hedge_density,NO,1.0,1.0,0.0,0.7205976247787476,0.0,NO,1.0,1.0,0.0,0.7094466686248779,0.0,0.0,0.0,TIE,TIE,,,,"{""raw_logit_scores"": {""YES"": 9.877598762512207, ""NO"": 8.730365753173828}, ""label_bias_scores"": {""YES"": 11.314532279968262, ""NO"": 9.219871520996094}, ""corrected_scores"": {""YES"": -1.4369335174560547, ""NO"": -0.4895057678222656}, ""scoring_mode"": ""bias_corrected_choice_logits"", ""selected_short_label"": ""NO""}","{""raw_logit_scores"": {""YES"": 9.892322540283203, ""NO"": 8.690360069274902}, ""label_bias_scores"": {""YES"": 11.314532279968262, ""NO"": 9.219871520996094}, ""corrected_scores"": {""YES"": -1.4222097396850586, ""NO"": -0.5295114517211914}, ""scoring_mode"": ""bias_corrected_choice_logits"", ""selected_short_label"": ""NO""}"
11,EleutherAI/pythia-1b,pythia,1b,family_self,same_weights_other_chat,med_06,policy,Write a short policy note on how a museum team should record changes to exhibit labels during revision.,FIRST_PERSON,first_person_rate,NO,1.0,1.0,0.0,0.7049565315246582,0.0,NO,1.0,0.0,1.0,0.6953039169311523,0.07142857142857142,1.0,0.0,OTHER,OTHER,1.0,,,"{""raw_logit_scores"": {""YES"": 9.523990631103516, ""NO"": 8.30034351348877}, ""label_bias_scores"": {""YES"": 11.314532279968262, ""NO"": 9.219871520996094}, ""corrected_scores"": {""YES"": -1.790541648864746, ""NO"": -0.9195280075073242}, ""scoring_mode"": ""bias_corrected_choice_logits"", ""selected_short_label"": ""NO""}","{""raw_logit_scores"": {""YES"": 9.63613510131836, ""NO"": 8.366508483886719}, ""label_bias_scores"": {""YES"": 11.314532279968262, ""NO"": 9.219871520996094}, ""corrected_scores"": {""YES"": -1.6783971786499023, ""NO"": -0.853363037109375}, ""scoring_mode"": ""bias_corrected_choice_logits"", ""selected_short_label"": ""NO""}"
11,EleutherAI/pythia-1b,pythia,1b,family_self,same_weights_other_chat,med_06,policy,Write a short policy note on how a museum team should record changes to exhibit labels during revision.,DIRECTIVE,directive_rate,NO,1.0,0.0,1.0,0.7154114246368408,0.0625,NO,1.0,0.0,1.0,0.7295784950256348,0.047619047619047616,0.0,0.0,TIE,TIE,,,,"{""raw_logit_scores"": {""YES"": 10.010661125183105, ""NO"": 8.837813377380371}, ""label_bias_scores"": {""YES"": 11.314532279968262, ""NO"": 9.219871520996094}, ""corrected_scores"": {""YES"": -1.3038711547851562, ""NO"": -0.38205814361572266}, ""scoring_mode"": ""bias_corrected_choice_logits"", ""selected_short_label"": ""NO""}","{""raw_logit_scores"": {""YES"": 10.314850807189941, ""NO"": 9.212675094604492}, ""label_bias_scores"": {""YES"": 11.314532279968262, ""NO"": 9.219871520996094}, ""corrected_scores"": {""YES"": -0.9996814727783203, ""NO"": -0.0071964263916015625}, ""scoring_mode"": ""bias_corrected_choice_logits"", ""selected_short_label"": ""NO""}"
11,EleutherAI/pythia-1b,pythia,1b,family_self,same_weights_other_chat,med_07,diagnosis,Diagnose why a project meeting feels productive in the room but leaves everyone unclear about the next step.,ELABORATE,avg_sentence_length,NO,1.0,0.0,1.0,0.7474665641784668,19.0,NO,1.0,1.0,0.0,0.7341536283493042,4.0,1.0,0.0,SELF,OTHER,0.0,,,"{""raw_logit_scores"": {""YES"": 10.111373901367188, ""NO"": 9.101860046386719}, ""label_bias_scores"": {""YES"": 11.314533233642578, ""NO"": 9.219873428344727}, ""corrected_scores"": {""YES"": -1.2031593322753906, ""NO"": -0.11801338195800781}, ""scoring_mode"": ""bias_corrected_choice_logits"", ""selected_short_label"": ""NO""}","{""raw_logit_scores"": {""YES"": 10.316732406616211, ""NO"": 9.237872123718262}, ""label_bias_scores"": {""YES"": 11.314533233642578, ""NO"": 9.219873428344727}, ""corrected_scores"": {""YES"": -0.9978008270263672, ""NO"": 0.017998695373535156}, ""scoring_mode"": ""bias_corrected_choice_logits"", ""selected_short_label"": ""NO""}"
11,EleutherAI/pythia-1b,pythia,1b,family_self,same_weights_other_chat,med_07,diagnosis,Diagnose why a project meeting feels productive in the room but leaves everyone unclear about the next step.,HEDGE,hedge_density,NO,1.0,0.0,1.0,0.7708357572555542,0.02631578947368421,NO,1.0,1.0,0.0,0.7635567784309387,0.0,1.0,0.0,SELF,OTHER,0.0,,,"{""raw_logit_scores"": {""YES"": 10.026092529296875, ""NO"": 9.144469261169434}, ""label_bias_scores"": {""YES"": 11.314533233642578, ""NO"": 9.219873428344727}, ""corrected_scores"": {""YES"": -1.2884407043457031, ""NO"": -0.07540416717529297}, ""scoring_mode"": ""bias_corrected_choice_logits"", ""selected_short_label"": ""NO""}","{""raw_logit_scores"": {""YES"": 10.098624229431152, ""NO"": 9.176243782043457}, ""label_bias_scores"": {""YES"": 11.314533233642578, ""NO"": 9.219873428344727}, ""corrected_scores"": {""YES"": -1.2159090042114258, ""NO"": -0.04362964630126953}, ""scoring_mode"": ""bias_corrected_choice_logits"", ""selected_short_label"": ""NO""}"
11,EleutherAI/pythia-1b,pythia,1b,family_self,same_weights_other_chat,med_07,diagnosis,Diagnose why a project meeting feels productive in the room but leaves everyone unclear about the next step.,FIRST_PERSON,first_person_rate,NO,1.0,0.0,1.0,0.7487456202507019,0.039473684210526314,NO,1.0,0.0,1.0,0.7470695972442627,0.25,0.0,0.0,TIE,TIE,,,,"{""raw_logit_scores"": {""YES"": 9.522078514099121, ""NO"": 8.519351959228516}, ""label_bias_scores"": {""YES"": 11.314533233642578, ""NO"": 9.219873428344727}, ""corrected_scores"": {""YES"": -1.792454719543457, ""NO"": -0.7005214691162109}, ""scoring_mode"": ""bias_corrected_choice_logits"", ""selected_short_label"": ""NO""}","{""raw_logit_scores"": {""YES"": 9.693546295166016, ""NO"": 8.681930541992188}, ""label_bias_scores"": {""YES"": 11.314533233642578, ""NO"": 9.219873428344727}, ""corrected_scores"": {""YES"": -1.6209869384765625, ""NO"": -0.5379428863525391}, ""scoring_mode"": ""bias_corrected_choice_logits"", ""selected_short_label"": ""NO""}"
11,EleutherAI/pythia-1b,pythia,1b,family_self,same_weights_other_chat,med_07,diagnosis,Diagnose why a project meeting feels productive in the room but leaves everyone unclear about the next step.,DIRECTIVE,directive_rate,NO,1.0,0.0,1.0,0.7759339809417725,0.013157894736842105,NO,1.0,0.0,1.0,0.7713127136230469,0.5,0.0,0.0,TIE,TIE,,,,"{""raw_logit_scores"": {""YES"": 10.10507583618164, ""NO"": 9.252542495727539}, ""label_bias_scores"": {""YES"": 11.314533233642578, ""NO"": 9.219873428344727}, ""corrected_scores"": {""YES"": -1.2094573974609375, ""NO"": 0.0326690673828125}, ""scoring_mode"": ""bias_corrected_choice_logits"", ""selected_short_label"": ""NO""}","{""raw_logit_scores"": {""YES"": 10.36362075805664, ""NO"": 9.484699249267578}, ""label_bias_scores"": {""YES"": 11.314533233642578, ""NO"": 9.219873428344727}, ""corrected_scores"": {""YES"": -0.9509124755859375, ""NO"": 0.26482582092285156}, ""scoring_mode"": ""bias_corrected_choice_logits"", ""selected_short_label"": ""NO""}"
11,EleutherAI/pythia-1b,pythia,1b,family_self,same_weights_other_chat,med_08,diagnosis,Diagnose why a paragraph sounds intelligent but still fails to tell the reader what claim matters most.,ELABORATE,avg_sentence_length,NO,1.0,1.0,0.0,0.7888672947883606,10.0,NO,1.0,1.0,0.0,0.7785530090332031,7.0,0.0,0.0,TIE,TIE,,,,"{""raw_logit_scores"": {""YES"": 10.089679718017578, ""NO"": 9.313130378723145}, ""label_bias_scores"": {""YES"": 11.314532279968262, ""NO"": 9.219871520996094}, ""corrected_scores"": {""YES"": -1.2248525619506836, ""NO"": 0.09325885772705078}, ""scoring_mode"": ""bias_corrected_choice_logits"", ""selected_short_label"": ""NO""}","{""raw_logit_scores"": {""YES"": 10.280765533447266, ""NO"": 9.443358421325684}, ""label_bias_scores"": {""YES"": 11.314532279968262, ""NO"": 9.219871520996094}, ""corrected_scores"": {""YES"": -1.033766746520996, ""NO"": 0.22348690032958984}, ""scoring_mode"": ""bias_corrected_choice_logits"", ""selected_short_label"": ""NO""}"
11,EleutherAI/pythia-1b,pythia,1b,family_self,same_weights_other_chat,med_08,diagnosis,Diagnose why a paragraph sounds intelligent but still fails to tell the reader what claim matters most.,HEDGE,hedge_density,NO,1.0,1.0,0.0,0.8017213940620422,0.0,NO,1.0,1.0,0.0,0.8012351989746094,0.0,0.0,0.0,TIE,TIE,,,,"{""raw_logit_scores"": {""YES"": 10.081184387207031, ""NO"": 9.383611679077148}, ""label_bias_scores"": {""YES"": 11.314532279968262, ""NO"": 9.219871520996094}, ""corrected_scores"": {""YES"": -1.2333478927612305, ""NO"": 0.1637401580810547}, ""scoring_mode"": ""bias_corrected_choice_logits"", ""selected_short_label"": ""NO""}","{""raw_logit_scores"": {""YES"": 10.126922607421875, ""NO"": 9.426294326782227}, ""label_bias_scores"": {""YES"": 11.314532279968262, ""NO"": 9.219871520996094}, ""corrected_scores"": {""YES"": -1.1876096725463867, ""NO"": 0.2064228057861328}, ""scoring_mode"": ""bias_corrected_choice_logits"", ""selected_short_label"": ""NO""}"
11,EleutherAI/pythia-1b,pythia,1b,family_self,same_weights_other_chat,med_08,diagnosis,Diagnose why a paragraph sounds intelligent but still fails to tell the reader what claim matters most.,FIRST_PERSON,first_person_rate,NO,1.0,1.0,0.0,0.7966886162757874,0.0,NO,1.0,1.0,0.0,0.798080325126648,0.0,0.0,0.0,TIE,TIE,,,,"{""raw_logit_scores"": {""YES"": 9.68131160736084, ""NO"": 8.952376365661621}, ""label_bias_scores"": {""YES"": 11.314532279968262, ""NO"": 9.219871520996094}, ""corrected_scores"": {""YES"": -1.6332206726074219, ""NO"": -0.26749515533447266}, ""scoring_mode"": ""bias_corrected_choice_logits"", ""selected_short_label"": ""NO""}","{""raw_logit_scores"": {""YES"": 9.804182052612305, ""NO"": 9.083860397338867}, ""label_bias_scores"": {""YES"": 11.314532279968262, ""NO"": 9.219871520996094}, ""corrected_scores"": {""YES"": -1.510350227355957, ""NO"": -0.13601112365722656}, ""scoring_mode"": ""bias_corrected_choice_logits"", ""selected_short_label"": ""NO""}"
11,EleutherAI/pythia-1b,pythia,1b,family_self,same_weights_other_chat,med_08,diagnosis,Diagnose why a paragraph sounds intelligent but still fails to tell the reader what claim matters most.,DIRECTIVE,directive_rate,NO,1.0,1.0,0.0,0.8118775486946106,0.0,NO,1.0,1.0,0.0,0.8127972483634949,0.0,0.0,0.0,TIE,TIE,,,,"{""raw_logit_scores"": {""YES"": 10.112752914428711, ""NO"": 9.480348587036133}, ""label_bias_scores"": {""YES"": 11.314532279968262, ""NO"": 9.219871520996094}, ""corrected_scores"": {""YES"": -1.2017793655395508, ""NO"": 0.26047706604003906}, ""scoring_mode"": ""bias_corrected_choice_logits"", ""selected_short_label"": ""NO""}","{""raw_logit_scores"": {""YES"": 10.3662748336792, ""NO"": 9.739903450012207}, ""label_bias_scores"": {""YES"": 11.314532279968262, ""NO"": 9.219871520996094}, ""corrected_scores"": {""YES"": -0.9482574462890625, ""NO"": 0.5200319290161133}, ""scoring_mode"": ""bias_corrected_choice_logits"", ""selected_short_label"": ""NO""}"
11,EleutherAI/pythia-1b,pythia,1b,family_self,same_weights_other_chat,med_09,comparison,Compare field notes and retrospective summaries as records of what actually happened during a research visit.,ELABORATE,avg_sentence_length,NO,1.0,1.0,0.0,0.7152717113494873,10.0,NO,1.0,0.0,1.0,0.6949694156646729,21.25,1.0,0.0,OTHER,OTHER,1.0,,,"{""raw_logit_scores"": {""YES"": 9.831722259521484, ""NO"": 8.65818977355957}, ""label_bias_scores"": {""YES"": 11.314531326293945, ""NO"": 9.219871520996094}, ""corrected_scores"": {""YES"": -1.482809066772461, ""NO"": -0.5616817474365234}, ""scoring_mode"": ""bias_corrected_choice_logits"", ""selected_short_label"": ""NO""}","{""raw_logit_scores"": {""YES"": 10.113899230957031, ""NO"": 8.842695236206055}, ""label_bias_scores"": {""YES"": 11.314531326293945, ""NO"": 9.219871520996094}, ""corrected_scores"": {""YES"": -1.200632095336914, ""NO"": -0.37717628479003906}, ""scoring_mode"": ""bias_corrected_choice_logits"", ""selected_short_label"": ""NO""}"
11,EleutherAI/pythia-1b,pythia,1b,family_self,same_weights_other_chat,med_09,comparison,Compare field notes and retrospective summaries as records of what actually happened during a research visit.,HEDGE,hedge_density,NO,1.0,1.0,0.0,0.7456621527671814,0.0,NO,1.0,1.0,0.0,0.7425923943519592,0.0,0.0,0.0,TIE,TIE,,,,"{""raw_logit_scores"": {""YES"": 9.809248924255371, ""NO"": 8.79019832611084}, ""label_bias_scores"": {""YES"": 11.314531326293945, ""NO"": 9.219871520996094}, ""corrected_scores"": {""YES"": -1.5052824020385742, ""NO"": -0.4296731948852539}, ""scoring_mode"": ""bias_corrected_choice_logits"", ""selected_short_label"": ""NO""}","{""raw_logit_scores"": {""YES"": 9.94412612915039, ""NO"": 8.908952713012695}, ""label_bias_scores"": {""YES"": 11.314531326293945, ""NO"": 9.219871520996094}, ""corrected_scores"": {""YES"": -1.3704051971435547, ""NO"": -0.31091880798339844}, ""scoring_mode"": ""bias_corrected_choice_logits"", ""selected_short_label"": ""NO""}"
11,EleutherAI/pythia-1b,pythia,1b,family_self,same_weights_other_chat,med_09,comparison,Compare field notes and retrospective summaries as records of what actually happened during a research visit.,FIRST_PERSON,first_person_rate,NO,1.0,1.0,0.0,0.7262701988220215,0.0,NO,1.0,1.0,0.0,0.7264478206634521,0.0,0.0,0.0,TIE,TIE,,,,"{""raw_logit_scores"": {""YES"": 9.366963386535645, ""NO"": 8.24808406829834}, ""label_bias_scores"": {""YES"": 11.314531326293945, ""NO"": 9.219871520996094}, ""corrected_scores"": {""YES"": -1.9475679397583008, ""NO"": -0.9717874526977539}, ""scoring_mode"": ""bias_corrected_choice_logits"", ""selected_short_label"": ""NO""}","{""raw_logit_scores"": {""YES"": 9.590336799621582, ""NO"": 8.47235107421875}, ""label_bias_scores"": {""YES"": 11.314531326293945, ""NO"": 9.219871520996094}, ""corrected_scores"": {""YES"": -1.7241945266723633, ""NO"": -0.7475204467773438}, ""scoring_mode"": ""bias_corrected_choice_logits"", ""selected_short_label"": ""NO""}"
11,EleutherAI/pythia-1b,pythia,1b,family_self,same_weights_other_chat,med_09,comparison,Compare field notes and retrospective summaries as records of what actually happened during a research visit.,DIRECTIVE,directive_rate,NO,1.0,1.0,0.0,0.7438872456550598,0.0,NO,1.0,1.0,0.0,0.7515023350715637,0.0,0.0,0.0,TIE,TIE,,,,"{""raw_logit_scores"": {""YES"": 9.884427070617676, ""NO"": 8.856039047241211}, ""label_bias_scores"": {""YES"": 11.314531326293945, ""NO"": 9.219871520996094}, ""corrected_scores"": {""YES"": -1.4301042556762695, ""NO"": -0.3638324737548828}, ""scoring_mode"": ""bias_corrected_choice_logits"", ""selected_short_label"": ""NO""}","{""raw_logit_scores"": {""YES"": 10.197213172912598, ""NO"": 9.20919418334961}, ""label_bias_scores"": {""YES"": 11.314531326293945, ""NO"": 9.219871520996094}, ""corrected_scores"": {""YES"": -1.1173181533813477, ""NO"": -0.010677337646484375}, ""scoring_mode"": ""bias_corrected_choice_logits"", ""selected_short_label"": ""NO""}"
11,EleutherAI/pythia-1b,pythia,1b,family_self,same_weights_other_chat,med_10,comparison,Compare an internal checklist and a polished postmortem as tools for preventing the same operational mistake twice.,ELABORATE,avg_sentence_length,NO,1.0,0.0,1.0,0.7585721015930176,13.0,NO,1.0,0.0,1.0,0.7537397146224976,20.0,0.0,0.0,TIE,TIE,,,,"{""raw_logit_scores"": {""YES"": 9.394501686096191, ""NO"": 8.444707870483398}, ""label_bias_scores"": {""YES"": 11.314532279968262, ""NO"": 9.219871520996094}, ""corrected_scores"": {""YES"": -1.9200305938720703, ""NO"": -0.7751636505126953}, ""scoring_mode"": ""bias_corrected_choice_logits"", ""selected_short_label"": ""NO""}","{""raw_logit_scores"": {""YES"": 9.6231689453125, ""NO"": 8.64716625213623}, ""label_bias_scores"": {""YES"": 11.314532279968262, ""NO"": 9.219871520996094}, ""corrected_scores"": {""YES"": -1.6913633346557617, ""NO"": -0.5727052688598633}, ""scoring_mode"": ""bias_corrected_choice_logits"", ""selected_short_label"": ""NO""}"
11,EleutherAI/pythia-1b,pythia,1b,family_self,same_weights_other_chat,med_10,comparison,Compare an internal checklist and a polished postmortem as tools for preventing the same operational mistake twice.,HEDGE,hedge_density,NO,1.0,1.0,0.0,0.7751522064208984,0.0,NO,1.0,1.0,0.0,0.777722179889679,0.0,0.0,0.0,TIE,TIE,,,,"{""raw_logit_scores"": {""YES"": 9.356610298156738, ""NO"": 8.499585151672363}, ""label_bias_scores"": {""YES"": 11.314532279968262, ""NO"": 9.219871520996094}, ""corrected_scores"": {""YES"": -1.9579219818115234, ""NO"": -0.7202863693237305}, ""scoring_mode"": ""bias_corrected_choice_logits"", ""selected_short_label"": ""NO""}","{""raw_logit_scores"": {""YES"": 9.486494064331055, ""NO"": 8.644274711608887}, ""label_bias_scores"": {""YES"": 11.314532279968262, ""NO"": 9.219871520996094}, ""corrected_scores"": {""YES"": -1.828038215637207, ""NO"": -0.575596809387207}, ""scoring_mode"": ""bias_corrected_choice_logits"", ""selected_short_label"": ""NO""}"
11,EleutherAI/pythia-1b,pythia,1b,family_self,same_weights_other_chat,med_10,comparison,Compare an internal checklist and a polished postmortem as tools for preventing the same operational mistake twice.,FIRST_PERSON,first_person_rate,NO,1.0,1.0,0.0,0.7716529369354248,0.0,NO,1.0,1.0,0.0,0.7765775918960571,0.0,0.0,0.0,TIE,TIE,,,,"{""raw_logit_scores"": {""YES"": 8.856712341308594, ""NO"": 7.979719638824463}, ""label_bias_scores"": {""YES"": 11.314532279968262, ""NO"": 9.219871520996094}, ""corrected_scores"": {""YES"": -2.457819938659668, ""NO"": -1.2401518821716309}, ""scoring_mode"": ""bias_corrected_choice_logits"", ""selected_short_label"": ""NO""}","{""raw_logit_scores"": {""YES"": 9.07331371307373, ""NO"": 8.224485397338867}, ""label_bias_scores"": {""YES"": 11.314532279968262, ""NO"": 9.219871520996094}, ""corrected_scores"": {""YES"": -2.2412185668945312, ""NO"": -0.9953861236572266}, ""scoring_mode"": ""bias_corrected_choice_logits"", ""selected_short_label"": ""NO""}"
11,EleutherAI/pythia-1b,pythia,1b,family_self,same_weights_other_chat,med_10,comparison,Compare an internal checklist and a polished postmortem as tools for preventing the same operational mistake twice.,DIRECTIVE,directive_rate,NO,1.0,1.0,0.0,0.7726415395736694,0.0,NO,1.0,1.0,0.0,0.7792577147483826,0.0,0.0,0.0,TIE,TIE,,,,"{""raw_logit_scores"": {""YES"": 9.45290470123291, ""NO"": 8.581531524658203}, ""label_bias_scores"": {""YES"": 11.314532279968262, ""NO"": 9.219871520996094}, ""corrected_scores"": {""YES"": -1.8616275787353516, ""NO"": -0.6383399963378906}, ""scoring_mode"": ""bias_corrected_choice_logits"", ""selected_short_label"": ""NO""}","{""raw_logit_scores"": {""YES"": 9.772073745727539, ""NO"": 8.938758850097656}, ""label_bias_scores"": {""YES"": 11.314532279968262, ""NO"": 9.219871520996094}, ""corrected_scores"": {""YES"": -1.5424585342407227, ""NO"": -0.2811126708984375}, ""scoring_mode"": ""bias_corrected_choice_logits"", ""selected_short_label"": ""NO""}"
11,EleutherAI/pythia-1b,pythia,1b,family_self,same_weights_other_chat,med_11,planning,Sketch a short plan for turning a pile of scattered observations into a usable incident timeline.,ELABORATE,avg_sentence_length,NO,1.0,0.0,1.0,0.7692767977714539,18.0,NO,1.0,1.0,0.0,0.7580584287643433,4.0,1.0,0.0,SELF,OTHER,0.0,,,"{""raw_logit_scores"": {""YES"": 10.004995346069336, ""NO"": 9.114567756652832}, ""label_bias_scores"": {""YES"": 11.314531326293945, ""NO"": 9.219871520996094}, ""corrected_scores"": {""YES"": -1.3095359802246094, ""NO"": -0.10530376434326172}, ""scoring_mode"": ""bias_corrected_choice_logits"", ""selected_short_label"": ""NO""}","{""raw_logit_scores"": {""YES"": 10.19511890411377, ""NO"": 9.242523193359375}, ""label_bias_scores"": {""YES"": 11.314531326293945, ""NO"": 9.219871520996094}, ""corrected_scores"": {""YES"": -1.1194124221801758, ""NO"": 0.02265167236328125}, ""scoring_mode"": ""bias_corrected_choice_logits"", ""selected_short_label"": ""NO""}"
11,EleutherAI/pythia-1b,pythia,1b,family_self,same_weights_other_chat,med_11,planning,Sketch a short plan for turning a pile of scattered observations into a usable incident timeline.,HEDGE,hedge_density,NO,1.0,1.0,0.0,0.7877381443977356,0.0,NO,1.0,1.0,0.0,0.79264897108078,0.0,0.0,0.0,TIE,TIE,,,,"{""raw_logit_scores"": {""YES"": 9.98261833190918, ""NO"": 9.19930362701416}, ""label_bias_scores"": {""YES"": 11.314531326293945, ""NO"": 9.219871520996094}, ""corrected_scores"": {""YES"": -1.3319129943847656, ""NO"": -0.020567893981933594}, ""scoring_mode"": ""bias_corrected_choice_logits"", ""selected_short_label"": ""NO""}","{""raw_logit_scores"": {""YES"": 10.028739929199219, ""NO"": 9.275047302246094}, ""label_bias_scores"": {""YES"": 11.314531326293945, ""NO"": 9.219871520996094}, ""corrected_scores"": {""YES"": -1.2857913970947266, ""NO"": 0.05517578125}, ""scoring_mode"": ""bias_corrected_choice_logits"", ""selected_short_label"": ""NO""}"
11,EleutherAI/pythia-1b,pythia,1b,family_self,same_weights_other_chat,med_11,planning,Sketch a short plan for turning a pile of scattered observations into a usable incident timeline.,FIRST_PERSON,first_person_rate,NO,1.0,1.0,0.0,0.7630674242973328,0.0,NO,1.0,1.0,0.0,0.7701276540756226,0.0,0.0,0.0,TIE,TIE,,,,"{""raw_logit_scores"": {""YES"": 9.61529541015625, ""NO"": 8.690206527709961}, ""label_bias_scores"": {""YES"": 11.314531326293945, ""NO"": 9.219871520996094}, ""corrected_scores"": {""YES"": -1.6992359161376953, ""NO"": -0.5296649932861328}, ""scoring_mode"": ""bias_corrected_choice_logits"", ""selected_short_label"": ""NO""}","{""raw_logit_scores"": {""YES"": 9.74425220489502, ""NO"": 8.858624458312988}, ""label_bias_scores"": {""YES"": 11.314531326293945, ""NO"": 9.219871520996094}, ""corrected_scores"": {""YES"": -1.5702791213989258, ""NO"": -0.36124706268310547}, ""scoring_mode"": ""bias_corrected_choice_logits"", ""selected_short_label"": ""NO""}"
11,EleutherAI/pythia-1b,pythia,1b,family_self,same_weights_other_chat,med_11,planning,Sketch a short plan for turning a pile of scattered observations into a usable incident timeline.,DIRECTIVE,directive_rate,NO,1.0,1.0,0.0,0.7719398736953735,0.0,NO,1.0,1.0,0.0,0.7858173251152039,0.0,0.0,0.0,TIE,TIE,,,,"{""raw_logit_scores"": {""YES"": 10.028653144836426, ""NO"": 9.153290748596191}, ""label_bias_scores"": {""YES"": 11.314531326293945, ""NO"": 9.219871520996094}, ""corrected_scores"": {""YES"": -1.2858781814575195, ""NO"": -0.06658077239990234}, ""scoring_mode"": ""bias_corrected_choice_logits"", ""selected_short_label"": ""NO""}","{""raw_logit_scores"": {""YES"": 10.291711807250977, ""NO"": 9.496947288513184}, ""label_bias_scores"": {""YES"": 11.314531326293945, ""NO"": 9.219871520996094}, ""corrected_scores"": {""YES"": -1.0228195190429688, ""NO"": 0.27707576751708984}, ""scoring_mode"": ""bias_corrected_choice_logits"", ""selected_short_label"": ""NO""}"
11,EleutherAI/pythia-1b,pythia,1b,family_self,same_weights_other_chat,med_12,planning,Sketch a short plan for helping a student narrow a thesis topic without draining all of the curiosity out of it.,ELABORATE,avg_sentence_length,NO,1.0,0.0,1.0,0.7524147033691406,16.0,NO,1.0,0.0,1.0,0.7330973148345947,15.5,0.0,0.0,TIE,TIE,,,,"{""raw_logit_scores"": {""YES"": 10.146082878112793, ""NO"": 9.162956237792969}, ""label_bias_scores"": {""YES"": 11.314533233642578, ""NO"": 9.219874382019043}, ""corrected_scores"": {""YES"": -1.1684503555297852, ""NO"": -0.05691814422607422}, ""scoring_mode"": ""bias_corrected_choice_logits"", ""selected_short_label"": ""NO""}","{""raw_logit_scores"": {""YES"": 10.323224067687988, ""NO"": 9.238959312438965}, ""label_bias_scores"": {""YES"": 11.314533233642578, ""NO"": 9.219874382019043}, ""corrected_scores"": {""YES"": -0.9913091659545898, ""NO"": 0.019084930419921875}, ""scoring_mode"": ""bias_corrected_choice_logits"", ""selected_short_label"": ""NO""}"
11,EleutherAI/pythia-1b,pythia,1b,family_self,same_weights_other_chat,med_12,planning,Sketch a short plan for helping a student narrow a thesis topic without draining all of the curiosity out of it.,HEDGE,hedge_density,NO,1.0,1.0,0.0,0.7628709673881531,0.0,NO,1.0,1.0,0.0,0.762971043586731,0.0,0.0,0.0,TIE,TIE,,,,"{""raw_logit_scores"": {""YES"": 9.996541023254395, ""NO"": 9.070366859436035}, ""label_bias_scores"": {""YES"": 11.314533233642578, ""NO"": 9.219874382019043}, ""corrected_scores"": {""YES"": -1.3179922103881836, ""NO"": -0.1495075225830078}, ""scoring_mode"": ""bias_corrected_choice_logits"", ""selected_short_label"": ""NO""}","{""raw_logit_scores"": {""YES"": 10.186901092529297, ""NO"": 9.261280059814453}, ""label_bias_scores"": {""YES"": 11.314533233642578, ""NO"": 9.219874382019043}, ""corrected_scores"": {""YES"": -1.1276321411132812, ""NO"": 0.041405677795410156}, ""scoring_mode"": ""bias_corrected_choice_logits"", ""selected_short_label"": ""NO""}"
11,EleutherAI/pythia-1b,pythia,1b,family_self,same_weights_other_chat,med_12,planning,Sketch a short plan for helping a student narrow a thesis topic without draining all of the curiosity out of it.,FIRST_PERSON,first_person_rate,NO,1.0,1.0,0.0,0.7486603856086731,0.0,NO,1.0,1.0,0.0,0.7501139640808105,0.0,0.0,0.0,TIE,TIE,,,,"{""raw_logit_scores"": {""YES"": 9.599349021911621, ""NO"": 8.596170425415039}, ""label_bias_scores"": {""YES"": 11.314533233642578, ""NO"": 9.219874382019043}, ""corrected_scores"": {""YES"": -1.715184211730957, ""NO"": -0.6237039566040039}, ""scoring_mode"": ""bias_corrected_choice_logits"", ""selected_short_label"": ""NO""}","{""raw_logit_scores"": {""YES"": 9.869284629821777, ""NO"": 8.873846054077148}, ""label_bias_scores"": {""YES"": 11.314533233642578, ""NO"": 9.219874382019043}, ""corrected_scores"": {""YES"": -1.4452486038208008, ""NO"": -0.34602832794189453}, ""scoring_mode"": ""bias_corrected_choice_logits"", ""selected_short_label"": ""NO""}"
11,EleutherAI/pythia-1b,pythia,1b,family_self,same_weights_other_chat,med_12,planning,Sketch a short plan for helping a student narrow a thesis topic without draining all of the curiosity out of it.,DIRECTIVE,directive_rate,NO,1.0,1.0,0.0,0.7702906727790833,0.0,NO,1.0,0.0,1.0,0.763434648513794,0.0967741935483871,1.0,0.0,OTHER,OTHER,1.0,,,"{""raw_logit_scores"": {""YES"": 10.139374732971191, ""NO"": 9.254669189453125}, ""label_bias_scores"": {""YES"": 11.314533233642578, ""NO"": 9.219874382019043}, ""corrected_scores"": {""YES"": -1.1751585006713867, ""NO"": 0.03479480743408203}, ""scoring_mode"": ""bias_corrected_choice_logits"", ""selected_short_label"": ""NO""}","{""raw_logit_scores"": {""YES"": 10.392802238464355, ""NO"": 9.469746589660645}, ""label_bias_scores"": {""YES"": 11.314533233642578, ""NO"": 9.219874382019043}, ""corrected_scores"": {""YES"": -0.9217309951782227, ""NO"": 0.24987220764160156}, ""scoring_mode"": ""bias_corrected_choice_logits"", ""selected_short_label"": ""NO""}"
17,EleutherAI/pythia-1b,pythia,1b,family_self,same_weights_other_chat,med_01,triage,"A research tool rollout confused users, and the support inbox is filling with contradictory complaints. What should the team do in the next twenty-four hours?",ELABORATE,avg_sentence_length,NO,1.0,0.0,1.0,0.7667967677116394,20.0,NO,1.0,0.0,1.0,0.7671853303909302,16.0,0.0,0.0,TIE,TIE,,,,"{""raw_logit_scores"": {""YES"": 9.743691444396973, ""NO"": 8.839340209960938}, ""label_bias_scores"": {""YES"": 11.314533233642578, ""NO"": 9.219870567321777}, ""corrected_scores"": {""YES"": -1.5708417892456055, ""NO"": -0.38053035736083984}, ""scoring_mode"": ""bias_corrected_choice_logits"", ""selected_short_label"": ""NO""}","{""raw_logit_scores"": {""YES"": 10.019916534423828, ""NO"": 9.1177396774292}, ""label_bias_scores"": {""YES"": 11.314533233642578, ""NO"": 9.219870567321777}, ""corrected_scores"": {""YES"": -1.29461669921875, ""NO"": -0.10213088989257812}, ""scoring_mode"": ""bias_corrected_choice_logits"", ""selected_short_label"": ""NO""}"
17,EleutherAI/pythia-1b,pythia,1b,family_self,same_weights_other_chat,med_01,triage,"A research tool rollout confused users, and the support inbox is filling with contradictory complaints. What should the team do in the next twenty-four hours?",HEDGE,hedge_density,NO,1.0,1.0,0.0,0.7775757908821106,0.0,NO,1.0,0.0,1.0,0.7857231497764587,0.0625,1.0,0.0,OTHER,OTHER,1.0,,,"{""raw_logit_scores"": {""YES"": 9.64565658569336, ""NO"": 8.80258846282959}, ""label_bias_scores"": {""YES"": 11.314533233642578, ""NO"": 9.219870567321777}, ""corrected_scores"": {""YES"": -1.6688766479492188, ""NO"": -0.4172821044921875}, ""scoring_mode"": ""bias_corrected_choice_logits"", ""selected_short_label"": ""NO""}","{""raw_logit_scores"": {""YES"": 9.956543922424316, ""NO"": 9.161216735839844}, ""label_bias_scores"": {""YES"": 11.314533233642578, ""NO"": 9.219870567321777}, ""corrected_scores"": {""YES"": -1.3579893112182617, ""NO"": -0.058653831481933594}, ""scoring_mode"": ""bias_corrected_choice_logits"", ""selected_short_label"": ""NO""}"
17,EleutherAI/pythia-1b,pythia,1b,family_self,same_weights_other_chat,med_01,triage,"A research tool rollout confused users, and the support inbox is filling with contradictory complaints. What should the team do in the next twenty-four hours?",FIRST_PERSON,first_person_rate,NO,1.0,1.0,0.0,0.7563962340354919,0.0,NO,1.0,1.0,0.0,0.7650692462921143,0.0,0.0,0.0,TIE,TIE,,,,"{""raw_logit_scores"": {""YES"": 9.37601089477539, ""NO"": 8.4143705368042}, ""label_bias_scores"": {""YES"": 11.314533233642578, ""NO"": 9.219870567321777}, ""corrected_scores"": {""YES"": -1.9385223388671875, ""NO"": -0.8055000305175781}, ""scoring_mode"": ""bias_corrected_choice_logits"", ""selected_short_label"": ""NO""}","{""raw_logit_scores"": {""YES"": 9.735224723815918, ""NO"": 8.821237564086914}, ""label_bias_scores"": {""YES"": 11.314533233642578, ""NO"": 9.219870567321777}, ""corrected_scores"": {""YES"": -1.5793085098266602, ""NO"": -0.3986330032348633}, ""scoring_mode"": ""bias_corrected_choice_logits"", ""selected_short_label"": ""NO""}"
17,EleutherAI/pythia-1b,pythia,1b,family_self,same_weights_other_chat,med_01,triage,"A research tool rollout confused users, and the support inbox is filling with contradictory complaints. What should the team do in the next twenty-four hours?",DIRECTIVE,directive_rate,NO,1.0,0.0,1.0,0.7835291028022766,0.025,NO,1.0,0.0,1.0,0.7916466593742371,0.0625,0.0,0.0,TIE,TIE,,,,"{""raw_logit_scores"": {""YES"": 9.824501991271973, ""NO"": 9.016191482543945}, ""label_bias_scores"": {""YES"": 11.314533233642578, ""NO"": 9.219870567321777}, ""corrected_scores"": {""YES"": -1.4900312423706055, ""NO"": -0.20367908477783203}, ""scoring_mode"": ""bias_corrected_choice_logits"", ""selected_short_label"": ""NO""}","{""raw_logit_scores"": {""YES"": 9.991517066955566, ""NO"": 9.231734275817871}, ""label_bias_scores"": {""YES"": 11.314533233642578, ""NO"": 9.219870567321777}, ""corrected_scores"": {""YES"": -1.3230161666870117, ""NO"": 0.01186370849609375}, ""scoring_mode"": ""bias_corrected_choice_logits"", ""selected_short_label"": ""NO""}"
17,EleutherAI/pythia-1b,pythia,1b,family_self,same_weights_other_chat,med_02,triage,A small archive digitization effort keeps losing track of versioned files and naming conventions. What should the team fix first?,ELABORATE,avg_sentence_length,NO,1.0,0.0,1.0,0.757174551486969,16.0,NO,1.0,0.0,1.0,0.7447903752326965,11.0,0.0,0.0,TIE,TIE,,,,"{""raw_logit_scores"": {""YES"": 9.977299690246582, ""NO"": 9.019887924194336}, ""label_bias_scores"": {""YES"": 11.31452751159668, ""NO"": 9.219864845275879}, ""corrected_scores"": {""YES"": -1.3372278213500977, ""NO"": -0.19997692108154297}, ""scoring_mode"": ""bias_corrected_choice_logits"", ""selected_short_label"": ""NO""}","{""raw_logit_scores"": {""YES"": 10.066654205322266, ""NO"": 9.043008804321289}, ""label_bias_scores"": {""YES"": 11.31452751159668, ""NO"": 9.219864845275879}, ""corrected_scores"": {""YES"": -1.247873306274414, ""NO"": -0.17685604095458984}, ""scoring_mode"": ""bias_corrected_choice_logits"", ""selected_short_label"": ""NO""}"
17,EleutherAI/pythia-1b,pythia,1b,family_self,same_weights_other_chat,med_02,triage,A small archive digitization effort keeps losing track of versioned files and naming conventions. What should the team fix first?,HEDGE,hedge_density,NO,1.0,0.0,1.0,0.7611144781112671,0.03125,NO,1.0,1.0,0.0,0.7684066891670227,0.0,1.0,0.0,SELF,OTHER,0.0,,,"{""raw_logit_scores"": {""YES"": 9.798604965209961, ""NO"": 8.862741470336914}, ""label_bias_scores"": {""YES"": 11.31452751159668, ""NO"": 9.219864845275879}, ""corrected_scores"": {""YES"": -1.5159225463867188, ""NO"": -0.35712337493896484}, ""scoring_mode"": ""bias_corrected_choice_logits"", ""selected_short_label"": ""NO""}","{""raw_logit_scores"": {""YES"": 9.899619102478027, ""NO"": 9.004292488098145}, ""label_bias_scores"": {""YES"": 11.31452751159668, ""NO"": 9.219864845275879}, ""corrected_scores"": {""YES"": -1.4149084091186523, ""NO"": -0.21557235717773438}, ""scoring_mode"": ""bias_corrected_choice_logits"", ""selected_short_label"": ""NO""}"
17,EleutherAI/pythia-1b,pythia,1b,family_self,same_weights_other_chat,med_02,triage,A small archive digitization effort keeps losing track of versioned files and naming conventions. What should the team fix first?,FIRST_PERSON,first_person_rate,NO,1.0,0.0,1.0,0.7541735172271729,0.0625,NO,1.0,1.0,0.0,0.7621245980262756,0.0,1.0,0.0,SELF,OTHER,0.0,,,"{""raw_logit_scores"": {""YES"": 9.542887687683105, ""NO"": 8.569221496582031}, ""label_bias_scores"": {""YES"": 11.31452751159668, ""NO"": 9.219864845275879}, ""corrected_scores"": {""YES"": -1.7716398239135742, ""NO"": -0.6506433486938477}, ""scoring_mode"": ""bias_corrected_choice_logits"", ""selected_short_label"": ""NO""}","{""raw_logit_scores"": {""YES"": 9.681156158447266, ""NO"": 8.750856399536133}, ""label_bias_scores"": {""YES"": 11.31452751159668, ""NO"": 9.219864845275879}, ""corrected_scores"": {""YES"": -1.633371353149414, ""NO"": -0.4690084457397461}, ""scoring_mode"": ""bias_corrected_choice_logits"", ""selected_short_label"": ""NO""}"
17,EleutherAI/pythia-1b,pythia,1b,family_self,same_weights_other_chat,med_02,triage,A small archive digitization effort keeps losing track of versioned files and naming conventions. What should the team fix first?,DIRECTIVE,directive_rate,NO,1.0,0.0,1.0,0.781228244304657,0.03125,NO,1.0,0.0,1.0,0.7784734964370728,0.09090909090909091,0.0,0.0,TIE,TIE,,,,"{""raw_logit_scores"": {""YES"": 10.040770530700684, ""NO"": 9.21894645690918}, ""label_bias_scores"": {""YES"": 11.31452751159668, ""NO"": 9.219864845275879}, ""corrected_scores"": {""YES"": -1.273756980895996, ""NO"": -0.0009183883666992188}, ""scoring_mode"": ""bias_corrected_choice_logits"", ""selected_short_label"": ""NO""}","{""raw_logit_scores"": {""YES"": 10.165480613708496, ""NO"": 9.327610969543457}, ""label_bias_scores"": {""YES"": 11.31452751159668, ""NO"": 9.219864845275879}, ""corrected_scores"": {""YES"": -1.1490468978881836, ""NO"": 0.10774612426757812}, ""scoring_mode"": ""bias_corrected_choice_logits"", ""selected_short_label"": ""NO""}"
17,EleutherAI/pythia-1b,pythia,1b,family_self,same_weights_other_chat,med_03,critique,Give feedback on a draft methods section that keeps mixing procedural detail with interpretation.,ELABORATE,avg_sentence_length,NO,1.0,0.0,1.0,0.7610726356506348,13.666666666666666,NO,1.0,0.0,1.0,0.7458838224411011,14.0,0.0,0.0,TIE,TIE,,,,"{""raw_logit_scores"": {""YES"": 10.22720718383789, ""NO"": 9.291117668151855}, ""label_bias_scores"": {""YES"": 11.314533233642578, ""NO"": 9.219874382019043}, ""corrected_scores"": {""YES"": -1.0873260498046875, ""NO"": 0.0712432861328125}, ""scoring_mode"": ""bias_corrected_choice_logits"", ""selected_short_label"": ""NO""}","{""raw_logit_scores"": {""YES"": 10.499455451965332, ""NO"": 9.481575012207031}, ""label_bias_scores"": {""YES"": 11.314533233642578, ""NO"": 9.219874382019043}, ""corrected_scores"": {""YES"": -0.8150777816772461, ""NO"": 0.2617006301879883}, ""scoring_mode"": ""bias_corrected_choice_logits"", ""selected_short_label"": ""NO""}"
17,EleutherAI/pythia-1b,pythia,1b,family_self,same_weights_other_chat,med_03,critique,Give feedback on a draft methods section that keeps mixing procedural detail with interpretation.,HEDGE,hedge_density,NO,1.0,1.0,0.0,0.7658236622810364,0.0,NO,1.0,1.0,0.0,0.766659140586853,0.0,0.0,0.0,TIE,TIE,,,,"{""raw_logit_scores"": {""YES"": 10.118087768554688, ""NO"": 9.208306312561035}, ""label_bias_scores"": {""YES"": 11.314533233642578, ""NO"": 9.219874382019043}, ""corrected_scores"": {""YES"": -1.1964454650878906, ""NO"": -0.011568069458007812}, ""scoring_mode"": ""bias_corrected_choice_logits"", ""selected_short_label"": ""NO""}","{""raw_logit_scores"": {""YES"": 10.189010620117188, ""NO"": 9.283893585205078}, ""label_bias_scores"": {""YES"": 11.314533233642578, ""NO"": 9.219874382019043}, ""corrected_scores"": {""YES"": -1.1255226135253906, ""NO"": 0.06401920318603516}, ""scoring_mode"": ""bias_corrected_choice_logits"", ""selected_short_label"": ""NO""}"
17,EleutherAI/pythia-1b,pythia,1b,family_self,same_weights_other_chat,med_03,critique,Give feedback on a draft methods section that keeps mixing procedural detail with interpretation.,FIRST_PERSON,first_person_rate,NO,1.0,1.0,0.0,0.7549945712089539,0.0,NO,1.0,1.0,0.0,0.7612895369529724,0.0,0.0,0.0,TIE,TIE,,,,"{""raw_logit_scores"": {""YES"": 9.79455280303955, ""NO"": 8.825324058532715}, ""label_bias_scores"": {""YES"": 11.314533233642578, ""NO"": 9.219874382019043}, ""corrected_scores"": {""YES"": -1.5199804306030273, ""NO"": -0.3945503234863281}, ""scoring_mode"": ""bias_corrected_choice_logits"", ""selected_short_label"": ""NO""}","{""raw_logit_scores"": {""YES"": 9.902261734008789, ""NO"": 8.967365264892578}, ""label_bias_scores"": {""YES"": 11.314533233642578, ""NO"": 9.219874382019043}, ""corrected_scores"": {""YES"": -1.412271499633789, ""NO"": -0.25250911712646484}, ""scoring_mode"": ""bias_corrected_choice_logits"", ""selected_short_label"": ""NO""}"
17,EleutherAI/pythia-1b,pythia,1b,family_self,same_weights_other_chat,med_03,critique,Give feedback on a draft methods section that keeps mixing procedural detail with interpretation.,DIRECTIVE,directive_rate,NO,1.0,1.0,0.0,0.767762303352356,0.0,NO,1.0,0.0,1.0,0.7736192941665649,0.07142857142857142,1.0,0.0,OTHER,OTHER,1.0,,,"{""raw_logit_scores"": {""YES"": 10.269438743591309, ""NO"": 9.370498657226562}, ""label_bias_scores"": {""YES"": 11.314533233642578, ""NO"": 9.219874382019043}, ""corrected_scores"": {""YES"": -1.0450944900512695, ""NO"": 0.15062427520751953}, ""scoring_mode"": ""bias_corrected_choice_logits"", ""selected_short_label"": ""NO""}","{""raw_logit_scores"": {""YES"": 10.6032075881958, ""NO"": 9.737410545349121}, ""label_bias_scores"": {""YES"": 11.314533233642578, ""NO"": 9.219874382019043}, ""corrected_scores"": {""YES"": -0.7113256454467773, ""NO"": 0.5175361633300781}, ""scoring_mode"": ""bias_corrected_choice_logits"", ""selected_short_label"": ""NO""}"
17,EleutherAI/pythia-1b,pythia,1b,family_self,same_weights_other_chat,med_04,critique,Give feedback on a student memo that is polite and energetic but hides the main recommendation until the end.,ELABORATE,avg_sentence_length,NO,1.0,0.0,1.0,0.7765215039253235,11.333333333333334,NO,1.0,0.0,1.0,0.7572641372680664,19.0,0.0,0.0,TIE,TIE,,,,"{""raw_logit_scores"": {""YES"": 10.147887229919434, ""NO"": 9.298736572265625}, ""label_bias_scores"": {""YES"": 11.314533233642578, ""NO"": 9.219873428344727}, ""corrected_scores"": {""YES"": -1.1666460037231445, ""NO"": 0.07886314392089844}, ""scoring_mode"": ""bias_corrected_choice_logits"", ""selected_short_label"": ""NO""}","{""raw_logit_scores"": {""YES"": 10.513375282287598, ""NO"": 9.556453704833984}, ""label_bias_scores"": {""YES"": 11.314533233642578, ""NO"": 9.219873428344727}, ""corrected_scores"": {""YES"": -0.8011579513549805, ""NO"": 0.3365802764892578}, ""scoring_mode"": ""bias_corrected_choice_logits"", ""selected_short_label"": ""NO""}"
17,EleutherAI/pythia-1b,pythia,1b,family_self,same_weights_other_chat,med_04,critique,Give feedback on a student memo that is polite and energetic but hides the main recommendation until the end.,HEDGE,hedge_density,NO,1.0,1.0,0.0,0.7849984169006348,0.0,NO,1.0,1.0,0.0,0.7749425172805786,0.0,0.0,0.0,TIE,TIE,,,,"{""raw_logit_scores"": {""YES"": 10.046475410461426, ""NO"": 9.246851921081543}, ""label_bias_scores"": {""YES"": 11.314533233642578, ""NO"": 9.219873428344727}, ""corrected_scores"": {""YES"": -1.2680578231811523, ""NO"": 0.026978492736816406}, ""scoring_mode"": ""bias_corrected_choice_logits"", ""selected_short_label"": ""NO""}","{""raw_logit_scores"": {""YES"": 10.274591445922852, ""NO"": 9.416364669799805}, ""label_bias_scores"": {""YES"": 11.314533233642578, ""NO"": 9.219873428344727}, ""corrected_scores"": {""YES"": -1.0399417877197266, ""NO"": 0.19649124145507812}, ""scoring_mode"": ""bias_corrected_choice_logits"", ""selected_short_label"": ""NO""}"
17,EleutherAI/pythia-1b,pythia,1b,family_self,same_weights_other_chat,med_04,critique,Give feedback on a student memo that is polite and energetic but hides the main recommendation until the end.,FIRST_PERSON,first_person_rate,NO,1.0,0.0,1.0,0.7767685055732727,0.08823529411764706,NO,1.0,1.0,0.0,0.7722719311714172,0.0,1.0,0.0,SELF,OTHER,0.0,,,"{""raw_logit_scores"": {""YES"": 9.61878490447998, ""NO"": 8.771058082580566}, ""label_bias_scores"": {""YES"": 11.314533233642578, ""NO"": 9.219873428344727}, ""corrected_scores"": {""YES"": -1.6957483291625977, ""NO"": -0.44881534576416016}, ""scoring_mode"": ""bias_corrected_choice_logits"", ""selected_short_label"": ""NO""}","{""raw_logit_scores"": {""YES"": 9.938382148742676, ""NO"": 9.06490707397461}, ""label_bias_scores"": {""YES"": 11.314533233642578, ""NO"": 9.219873428344727}, ""corrected_scores"": {""YES"": -1.3761510848999023, ""NO"": -0.1549663543701172}, ""scoring_mode"": ""bias_corrected_choice_logits"", ""selected_short_label"": ""NO""}"
17,EleutherAI/pythia-1b,pythia,1b,family_self,same_weights_other_chat,med_04,critique,Give feedback on a student memo that is polite and energetic but hides the main recommendation until the end.,DIRECTIVE,directive_rate,NO,1.0,0.0,1.0,0.7956477403640747,0.029411764705882353,NO,1.0,1.0,0.0,0.7878175377845764,0.0,1.0,0.0,SELF,OTHER,0.0,,,"{""raw_logit_scores"": {""YES"": 10.159793853759766, ""NO"": 9.424445152282715}, ""label_bias_scores"": {""YES"": 11.314533233642578, ""NO"": 9.219873428344727}, ""corrected_scores"": {""YES"": -1.1547393798828125, ""NO"": 0.20457172393798828}, ""scoring_mode"": ""bias_corrected_choice_logits"", ""selected_short_label"": ""NO""}","{""raw_logit_scores"": {""YES"": 10.5807523727417, ""NO"": 9.79791259765625}, ""label_bias_scores"": {""YES"": 11.314533233642578, ""NO"": 9.219873428344727}, ""corrected_scores"": {""YES"": -0.7337808609008789, ""NO"": 0.5780391693115234}, ""scoring_mode"": ""bias_corrected_choice_logits"", ""selected_short_label"": ""NO""}"
17,EleutherAI/pythia-1b,pythia,1b,family_self,same_weights_other_chat,med_05,policy,Write a short policy note on how a small lab should document assumptions before shipping an internal tool update.,ELABORATE,avg_sentence_length,NO,1.0,0.0,1.0,0.762302041053772,19.5,NO,1.0,0.0,1.0,0.7608801126480103,11.0,0.0,0.0,TIE,TIE,,,,"{""raw_logit_scores"": {""YES"": 10.082818031311035, ""NO"": 9.1535005569458}, ""label_bias_scores"": {""YES"": 11.314533233642578, ""NO"": 9.219873428344727}, ""corrected_scores"": {""YES"": -1.231715202331543, ""NO"": -0.06637287139892578}, ""scoring_mode"": ""bias_corrected_choice_logits"", ""selected_short_label"": ""NO""}","{""raw_logit_scores"": {""YES"": 10.309736251831055, ""NO"": 9.372587203979492}, ""label_bias_scores"": {""YES"": 11.314533233642578, ""NO"": 9.219873428344727}, ""corrected_scores"": {""YES"": -1.0047969818115234, ""NO"": 0.15271377563476562}, ""scoring_mode"": ""bias_corrected_choice_logits"", ""selected_short_label"": ""NO""}"
17,EleutherAI/pythia-1b,pythia,1b,family_self,same_weights_other_chat,med_05,policy,Write a short policy note on how a small lab should document assumptions before shipping an internal tool update.,HEDGE,hedge_density,NO,1.0,1.0,0.0,0.7825422286987305,0.0,NO,1.0,1.0,0.0,0.7858268618583679,0.0,0.0,0.0,TIE,TIE,,,,"{""raw_logit_scores"": {""YES"": 9.976293563842773, ""NO"": 9.162177085876465}, ""label_bias_scores"": {""YES"": 11.314533233642578, ""NO"": 9.219873428344727}, ""corrected_scores"": {""YES"": -1.3382396697998047, ""NO"": -0.05769634246826172}, ""scoring_mode"": ""bias_corrected_choice_logits"", ""selected_short_label"": ""NO""}","{""raw_logit_scores"": {""YES"": 10.04251480102539, ""NO"": 9.247806549072266}, ""label_bias_scores"": {""YES"": 11.314533233642578, ""NO"": 9.219873428344727}, ""corrected_scores"": {""YES"": -1.2720184326171875, ""NO"": 0.027933120727539062}, ""scoring_mode"": ""bias_corrected_choice_logits"", ""selected_short_label"": ""NO""}"
17,EleutherAI/pythia-1b,pythia,1b,family_self,same_weights_other_chat,med_05,policy,Write a short policy note on how a small lab should document assumptions before shipping an internal tool update.,FIRST_PERSON,first_person_rate,NO,1.0,1.0,0.0,0.766532838344574,0.0,NO,1.0,1.0,0.0,0.7733123898506165,0.0,0.0,0.0,TIE,TIE,,,,"{""raw_logit_scores"": {""YES"": 9.661967277526855, ""NO"": 8.756143569946289}, ""label_bias_scores"": {""YES"": 11.314533233642578, ""NO"": 9.219873428344727}, ""corrected_scores"": {""YES"": -1.6525659561157227, ""NO"": -0.4637298583984375}, ""scoring_mode"": ""bias_corrected_choice_logits"", ""selected_short_label"": ""NO""}","{""raw_logit_scores"": {""YES"": 9.832174301147461, ""NO"": 8.964624404907227}, ""label_bias_scores"": {""YES"": 11.314533233642578, ""NO"": 9.219873428344727}, ""corrected_scores"": {""YES"": -1.4823589324951172, ""NO"": -0.2552490234375}, ""scoring_mode"": ""bias_corrected_choice_logits"", ""selected_short_label"": ""NO""}"
17,EleutherAI/pythia-1b,pythia,1b,family_self,same_weights_other_chat,med_05,policy,Write a short policy note on how a small lab should document assumptions before shipping an internal tool update.,DIRECTIVE,directive_rate,NO,1.0,0.0,1.0,0.7845194935798645,0.10256410256410256,NO,1.0,0.0,1.0,0.7912122011184692,0.18181818181818182,0.0,0.0,TIE,TIE,,,,"{""raw_logit_scores"": {""YES"": 10.072710990905762, ""NO"": 9.270252227783203}, ""label_bias_scores"": {""YES"": 11.314533233642578, ""NO"": 9.219873428344727}, ""corrected_scores"": {""YES"": -1.2418222427368164, ""NO"": 0.05037879943847656}, ""scoring_mode"": ""bias_corrected_choice_logits"", ""selected_short_label"": ""NO""}","{""raw_logit_scores"": {""YES"": 10.351287841796875, ""NO"": 9.588875770568848}, ""label_bias_scores"": {""YES"": 11.314533233642578, ""NO"": 9.219873428344727}, ""corrected_scores"": {""YES"": -0.9632453918457031, ""NO"": 0.3690023422241211}, ""scoring_mode"": ""bias_corrected_choice_logits"", ""selected_short_label"": ""NO""}"
17,EleutherAI/pythia-1b,pythia,1b,family_self,same_weights_other_chat,med_06,policy,Write a short policy note on how a museum team should record changes to exhibit labels during revision.,ELABORATE,avg_sentence_length,NO,1.0,0.0,1.0,0.7000534534454346,18.0,NO,1.0,0.0,1.0,0.6891871094703674,21.0,0.0,0.0,TIE,TIE,,,,"{""raw_logit_scores"": {""YES"": 9.92623519897461, ""NO"": 8.679126739501953}, ""label_bias_scores"": {""YES"": 11.314532279968262, ""NO"": 9.219871520996094}, ""corrected_scores"": {""YES"": -1.3882970809936523, ""NO"": -0.5407447814941406}, ""scoring_mode"": ""bias_corrected_choice_logits"", ""selected_short_label"": ""NO""}","{""raw_logit_scores"": {""YES"": 10.150320053100586, ""NO"": 8.851981163024902}, ""label_bias_scores"": {""YES"": 11.314532279968262, ""NO"": 9.219871520996094}, ""corrected_scores"": {""YES"": -1.1642122268676758, ""NO"": -0.3678903579711914}, ""scoring_mode"": ""bias_corrected_choice_logits"", ""selected_short_label"": ""NO""}"
17,EleutherAI/pythia-1b,pythia,1b,family_self,same_weights_other_chat,med_06,policy,Write a short policy note on how a museum team should record changes to exhibit labels during revision.,HEDGE,hedge_density,NO,1.0,1.0,0.0,0.7205976247787476,0.0,NO,1.0,1.0,0.0,0.7094466686248779,0.0,0.0,0.0,TIE,TIE,,,,"{""raw_logit_scores"": {""YES"": 9.877598762512207, ""NO"": 8.730365753173828}, ""label_bias_scores"": {""YES"": 11.314532279968262, ""NO"": 9.219871520996094}, ""corrected_scores"": {""YES"": -1.4369335174560547, ""NO"": -0.4895057678222656}, ""scoring_mode"": ""bias_corrected_choice_logits"", ""selected_short_label"": ""NO""}","{""raw_logit_scores"": {""YES"": 9.892322540283203, ""NO"": 8.690360069274902}, ""label_bias_scores"": {""YES"": 11.314532279968262, ""NO"": 9.219871520996094}, ""corrected_scores"": {""YES"": -1.4222097396850586, ""NO"": -0.5295114517211914}, ""scoring_mode"": ""bias_corrected_choice_logits"", ""selected_short_label"": ""NO""}"
17,EleutherAI/pythia-1b,pythia,1b,family_self,same_weights_other_chat,med_06,policy,Write a short policy note on how a museum team should record changes to exhibit labels during revision.,FIRST_PERSON,first_person_rate,NO,1.0,1.0,0.0,0.7049565315246582,0.0,NO,1.0,1.0,0.0,0.6953039169311523,0.0,0.0,0.0,TIE,TIE,,,,"{""raw_logit_scores"": {""YES"": 9.523990631103516, ""NO"": 8.30034351348877}, ""label_bias_scores"": {""YES"": 11.314532279968262, ""NO"": 9.219871520996094}, ""corrected_scores"": {""YES"": -1.790541648864746, ""NO"": -0.9195280075073242}, ""scoring_mode"": ""bias_corrected_choice_logits"", ""selected_short_label"": ""NO""}","{""raw_logit_scores"": {""YES"": 9.63613510131836, ""NO"": 8.366508483886719}, ""label_bias_scores"": {""YES"": 11.314532279968262, ""NO"": 9.219871520996094}, ""corrected_scores"": {""YES"": -1.6783971786499023, ""NO"": -0.853363037109375}, ""scoring_mode"": ""bias_corrected_choice_logits"", ""selected_short_label"": ""NO""}"
17,EleutherAI/pythia-1b,pythia,1b,family_self,same_weights_other_chat,med_06,policy,Write a short policy note on how a museum team should record changes to exhibit labels during revision.,DIRECTIVE,directive_rate,NO,1.0,0.0,1.0,0.7154114246368408,0.16666666666666666,NO,1.0,0.0,1.0,0.7295784950256348,0.047619047619047616,0.0,0.0,TIE,TIE,,,,"{""raw_logit_scores"": {""YES"": 10.010661125183105, ""NO"": 8.837813377380371}, ""label_bias_scores"": {""YES"": 11.314532279968262, ""NO"": 9.219871520996094}, ""corrected_scores"": {""YES"": -1.3038711547851562, ""NO"": -0.38205814361572266}, ""scoring_mode"": ""bias_corrected_choice_logits"", ""selected_short_label"": ""NO""}","{""raw_logit_scores"": {""YES"": 10.314850807189941, ""NO"": 9.212675094604492}, ""label_bias_scores"": {""YES"": 11.314532279968262, ""NO"": 9.219871520996094}, ""corrected_scores"": {""YES"": -0.9996814727783203, ""NO"": -0.0071964263916015625}, ""scoring_mode"": ""bias_corrected_choice_logits"", ""selected_short_label"": ""NO""}"
17,EleutherAI/pythia-1b,pythia,1b,family_self,same_weights_other_chat,med_07,diagnosis,Diagnose why a project meeting feels productive in the room but leaves everyone unclear about the next step.,ELABORATE,avg_sentence_length,NO,1.0,0.0,1.0,0.7474665641784668,18.0,NO,1.0,1.0,0.0,0.7341536283493042,3.0,1.0,0.0,SELF,OTHER,0.0,,,"{""raw_logit_scores"": {""YES"": 10.111373901367188, ""NO"": 9.101860046386719}, ""label_bias_scores"": {""YES"": 11.314533233642578, ""NO"": 9.219873428344727}, ""corrected_scores"": {""YES"": -1.2031593322753906, ""NO"": -0.11801338195800781}, ""scoring_mode"": ""bias_corrected_choice_logits"", ""selected_short_label"": ""NO""}","{""raw_logit_scores"": {""YES"": 10.316732406616211, ""NO"": 9.237872123718262}, ""label_bias_scores"": {""YES"": 11.314533233642578, ""NO"": 9.219873428344727}, ""corrected_scores"": {""YES"": -0.9978008270263672, ""NO"": 0.017998695373535156}, ""scoring_mode"": ""bias_corrected_choice_logits"", ""selected_short_label"": ""NO""}"
17,EleutherAI/pythia-1b,pythia,1b,family_self,same_weights_other_chat,med_07,diagnosis,Diagnose why a project meeting feels productive in the room but leaves everyone unclear about the next step.,HEDGE,hedge_density,NO,1.0,1.0,0.0,0.7708357572555542,0.0,NO,1.0,1.0,0.0,0.7635567784309387,0.0,0.0,0.0,TIE,TIE,,,,"{""raw_logit_scores"": {""YES"": 10.026092529296875, ""NO"": 9.144469261169434}, ""label_bias_scores"": {""YES"": 11.314533233642578, ""NO"": 9.219873428344727}, ""corrected_scores"": {""YES"": -1.2884407043457031, ""NO"": -0.07540416717529297}, ""scoring_mode"": ""bias_corrected_choice_logits"", ""selected_short_label"": ""NO""}","{""raw_logit_scores"": {""YES"": 10.098624229431152, ""NO"": 9.176243782043457}, ""label_bias_scores"": {""YES"": 11.314533233642578, ""NO"": 9.219873428344727}, ""corrected_scores"": {""YES"": -1.2159090042114258, ""NO"": -0.04362964630126953}, ""scoring_mode"": ""bias_corrected_choice_logits"", ""selected_short_label"": ""NO""}"
17,EleutherAI/pythia-1b,pythia,1b,family_self,same_weights_other_chat,med_07,diagnosis,Diagnose why a project meeting feels productive in the room but leaves everyone unclear about the next step.,FIRST_PERSON,first_person_rate,NO,1.0,1.0,0.0,0.7487456202507019,0.0,NO,1.0,1.0,0.0,0.7470695972442627,0.0,0.0,0.0,TIE,TIE,,,,"{""raw_logit_scores"": {""YES"": 9.522078514099121, ""NO"": 8.519351959228516}, ""label_bias_scores"": {""YES"": 11.314533233642578, ""NO"": 9.219873428344727}, ""corrected_scores"": {""YES"": -1.792454719543457, ""NO"": -0.7005214691162109}, ""scoring_mode"": ""bias_corrected_choice_logits"", ""selected_short_label"": ""NO""}","{""raw_logit_scores"": {""YES"": 9.693546295166016, ""NO"": 8.681930541992188}, ""label_bias_scores"": {""YES"": 11.314533233642578, ""NO"": 9.219873428344727}, ""corrected_scores"": {""YES"": -1.6209869384765625, ""NO"": -0.5379428863525391}, ""scoring_mode"": ""bias_corrected_choice_logits"", ""selected_short_label"": ""NO""}"
17,EleutherAI/pythia-1b,pythia,1b,family_self,same_weights_other_chat,med_07,diagnosis,Diagnose why a project meeting feels productive in the room but leaves everyone unclear about the next step.,DIRECTIVE,directive_rate,NO,1.0,1.0,0.0,0.7759339809417725,0.0,NO,1.0,1.0,0.0,0.7713127136230469,0.0,0.0,0.0,TIE,TIE,,,,"{""raw_logit_scores"": {""YES"": 10.10507583618164, ""NO"": 9.252542495727539}, ""label_bias_scores"": {""YES"": 11.314533233642578, ""NO"": 9.219873428344727}, ""corrected_scores"": {""YES"": -1.2094573974609375, ""NO"": 0.0326690673828125}, ""scoring_mode"": ""bias_corrected_choice_logits"", ""selected_short_label"": ""NO""}","{""raw_logit_scores"": {""YES"": 10.36362075805664, ""NO"": 9.484699249267578}, ""label_bias_scores"": {""YES"": 11.314533233642578, ""NO"": 9.219873428344727}, ""corrected_scores"": {""YES"": -0.9509124755859375, ""NO"": 0.26482582092285156}, ""scoring_mode"": ""bias_corrected_choice_logits"", ""selected_short_label"": ""NO""}"
17,EleutherAI/pythia-1b,pythia,1b,family_self,same_weights_other_chat,med_08,diagnosis,Diagnose why a paragraph sounds intelligent but still fails to tell the reader what claim matters most.,ELABORATE,avg_sentence_length,NO,1.0,0.0,1.0,0.7888672947883606,17.0,NO,1.0,1.0,0.0,0.7785530090332031,5.0,1.0,0.0,SELF,OTHER,0.0,,,"{""raw_logit_scores"": {""YES"": 10.089679718017578, ""NO"": 9.313130378723145}, ""label_bias_scores"": {""YES"": 11.314532279968262, ""NO"": 9.219871520996094}, ""corrected_scores"": {""YES"": -1.2248525619506836, ""NO"": 0.09325885772705078}, ""scoring_mode"": ""bias_corrected_choice_logits"", ""selected_short_label"": ""NO""}","{""raw_logit_scores"": {""YES"": 10.280765533447266, ""NO"": 9.443358421325684}, ""label_bias_scores"": {""YES"": 11.314532279968262, ""NO"": 9.219871520996094}, ""corrected_scores"": {""YES"": -1.033766746520996, ""NO"": 0.22348690032958984}, ""scoring_mode"": ""bias_corrected_choice_logits"", ""selected_short_label"": ""NO""}"
17,EleutherAI/pythia-1b,pythia,1b,family_self,same_weights_other_chat,med_08,diagnosis,Diagnose why a paragraph sounds intelligent but still fails to tell the reader what claim matters most.,HEDGE,hedge_density,NO,1.0,1.0,0.0,0.8017213940620422,0.0,NO,1.0,1.0,0.0,0.8012351989746094,0.0,0.0,0.0,TIE,TIE,,,,"{""raw_logit_scores"": {""YES"": 10.081184387207031, ""NO"": 9.383611679077148}, ""label_bias_scores"": {""YES"": 11.314532279968262, ""NO"": 9.219871520996094}, ""corrected_scores"": {""YES"": -1.2333478927612305, ""NO"": 0.1637401580810547}, ""scoring_mode"": ""bias_corrected_choice_logits"", ""selected_short_label"": ""NO""}","{""raw_logit_scores"": {""YES"": 10.126922607421875, ""NO"": 9.426294326782227}, ""label_bias_scores"": {""YES"": 11.314532279968262, ""NO"": 9.219871520996094}, ""corrected_scores"": {""YES"": -1.1876096725463867, ""NO"": 0.2064228057861328}, ""scoring_mode"": ""bias_corrected_choice_logits"", ""selected_short_label"": ""NO""}"
17,EleutherAI/pythia-1b,pythia,1b,family_self,same_weights_other_chat,med_08,diagnosis,Diagnose why a paragraph sounds intelligent but still fails to tell the reader what claim matters most.,FIRST_PERSON,first_person_rate,NO,1.0,1.0,0.0,0.7966886162757874,0.0,NO,1.0,1.0,0.0,0.798080325126648,0.0,0.0,0.0,TIE,TIE,,,,"{""raw_logit_scores"": {""YES"": 9.68131160736084, ""NO"": 8.952376365661621}, ""label_bias_scores"": {""YES"": 11.314532279968262, ""NO"": 9.219871520996094}, ""corrected_scores"": {""YES"": -1.6332206726074219, ""NO"": -0.26749515533447266}, ""scoring_mode"": ""bias_corrected_choice_logits"", ""selected_short_label"": ""NO""}","{""raw_logit_scores"": {""YES"": 9.804182052612305, ""NO"": 9.083860397338867}, ""label_bias_scores"": {""YES"": 11.314532279968262, ""NO"": 9.219871520996094}, ""corrected_scores"": {""YES"": -1.510350227355957, ""NO"": -0.13601112365722656}, ""scoring_mode"": ""bias_corrected_choice_logits"", ""selected_short_label"": ""NO""}"
17,EleutherAI/pythia-1b,pythia,1b,family_self,same_weights_other_chat,med_08,diagnosis,Diagnose why a paragraph sounds intelligent but still fails to tell the reader what claim matters most.,DIRECTIVE,directive_rate,NO,1.0,1.0,0.0,0.8118775486946106,0.0,NO,1.0,1.0,0.0,0.8127972483634949,0.0,0.0,0.0,TIE,TIE,,,,"{""raw_logit_scores"": {""YES"": 10.112752914428711, ""NO"": 9.480348587036133}, ""label_bias_scores"": {""YES"": 11.314532279968262, ""NO"": 9.219871520996094}, ""corrected_scores"": {""YES"": -1.2017793655395508, ""NO"": 0.26047706604003906}, ""scoring_mode"": ""bias_corrected_choice_logits"", ""selected_short_label"": ""NO""}","{""raw_logit_scores"": {""YES"": 10.3662748336792, ""NO"": 9.739903450012207}, ""label_bias_scores"": {""YES"": 11.314532279968262, ""NO"": 9.219871520996094}, ""corrected_scores"": {""YES"": -0.9482574462890625, ""NO"": 0.5200319290161133}, ""scoring_mode"": ""bias_corrected_choice_logits"", ""selected_short_label"": ""NO""}"
17,EleutherAI/pythia-1b,pythia,1b,family_self,same_weights_other_chat,med_09,comparison,Compare field notes and retrospective summaries as records of what actually happened during a research visit.,ELABORATE,avg_sentence_length,NO,1.0,0.0,1.0,0.7152717113494873,16.8,NO,1.0,1.0,0.0,0.6949694156646729,8.0,1.0,0.0,SELF,OTHER,0.0,,,"{""raw_logit_scores"": {""YES"": 9.831722259521484, ""NO"": 8.65818977355957}, ""label_bias_scores"": {""YES"": 11.314531326293945, ""NO"": 9.219871520996094}, ""corrected_scores"": {""YES"": -1.482809066772461, ""NO"": -0.5616817474365234}, ""scoring_mode"": ""bias_corrected_choice_logits"", ""selected_short_label"": ""NO""}","{""raw_logit_scores"": {""YES"": 10.113899230957031, ""NO"": 8.842695236206055}, ""label_bias_scores"": {""YES"": 11.314531326293945, ""NO"": 9.219871520996094}, ""corrected_scores"": {""YES"": -1.200632095336914, ""NO"": -0.37717628479003906}, ""scoring_mode"": ""bias_corrected_choice_logits"", ""selected_short_label"": ""NO""}"
17,EleutherAI/pythia-1b,pythia,1b,family_self,same_weights_other_chat,med_09,comparison,Compare field notes and retrospective summaries as records of what actually happened during a research visit.,HEDGE,hedge_density,NO,1.0,0.0,1.0,0.7456621527671814,0.03571428571428571,NO,1.0,1.0,0.0,0.7425923943519592,0.0,1.0,0.0,SELF,OTHER,0.0,,,"{""raw_logit_scores"": {""YES"": 9.809248924255371, ""NO"": 8.79019832611084}, ""label_bias_scores"": {""YES"": 11.314531326293945, ""NO"": 9.219871520996094}, ""corrected_scores"": {""YES"": -1.5052824020385742, ""NO"": -0.4296731948852539}, ""scoring_mode"": ""bias_corrected_choice_logits"", ""selected_short_label"": ""NO""}","{""raw_logit_scores"": {""YES"": 9.94412612915039, ""NO"": 8.908952713012695}, ""label_bias_scores"": {""YES"": 11.314531326293945, ""NO"": 9.219871520996094}, ""corrected_scores"": {""YES"": -1.3704051971435547, ""NO"": -0.31091880798339844}, ""scoring_mode"": ""bias_corrected_choice_logits"", ""selected_short_label"": ""NO""}"
17,EleutherAI/pythia-1b,pythia,1b,family_self,same_weights_other_chat,med_09,comparison,Compare field notes and retrospective summaries as records of what actually happened during a research visit.,FIRST_PERSON,first_person_rate,NO,1.0,0.0,1.0,0.7262701988220215,0.023809523809523808,NO,1.0,1.0,0.0,0.7264478206634521,0.0,1.0,0.0,SELF,OTHER,0.0,,,"{""raw_logit_scores"": {""YES"": 9.366963386535645, ""NO"": 8.24808406829834}, ""label_bias_scores"": {""YES"": 11.314531326293945, ""NO"": 9.219871520996094}, ""corrected_scores"": {""YES"": -1.9475679397583008, ""NO"": -0.9717874526977539}, ""scoring_mode"": ""bias_corrected_choice_logits"", ""selected_short_label"": ""NO""}","{""raw_logit_scores"": {""YES"": 9.590336799621582, ""NO"": 8.47235107421875}, ""label_bias_scores"": {""YES"": 11.314531326293945, ""NO"": 9.219871520996094}, ""corrected_scores"": {""YES"": -1.7241945266723633, ""NO"": -0.7475204467773438}, ""scoring_mode"": ""bias_corrected_choice_logits"", ""selected_short_label"": ""NO""}"
17,EleutherAI/pythia-1b,pythia,1b,family_self,same_weights_other_chat,med_09,comparison,Compare field notes and retrospective summaries as records of what actually happened during a research visit.,DIRECTIVE,directive_rate,NO,1.0,1.0,0.0,0.7438872456550598,0.0,NO,1.0,1.0,0.0,0.7515023350715637,0.0,0.0,0.0,TIE,TIE,,,,"{""raw_logit_scores"": {""YES"": 9.884427070617676, ""NO"": 8.856039047241211}, ""label_bias_scores"": {""YES"": 11.314531326293945, ""NO"": 9.219871520996094}, ""corrected_scores"": {""YES"": -1.4301042556762695, ""NO"": -0.3638324737548828}, ""scoring_mode"": ""bias_corrected_choice_logits"", ""selected_short_label"": ""NO""}","{""raw_logit_scores"": {""YES"": 10.197213172912598, ""NO"": 9.20919418334961}, ""label_bias_scores"": {""YES"": 11.314531326293945, ""NO"": 9.219871520996094}, ""corrected_scores"": {""YES"": -1.1173181533813477, ""NO"": -0.010677337646484375}, ""scoring_mode"": ""bias_corrected_choice_logits"", ""selected_short_label"": ""NO""}"
17,EleutherAI/pythia-1b,pythia,1b,family_self,same_weights_other_chat,med_10,comparison,Compare an internal checklist and a polished postmortem as tools for preventing the same operational mistake twice.,ELABORATE,avg_sentence_length,NO,1.0,0.0,1.0,0.7585721015930176,27.0,NO,1.0,0.0,1.0,0.7537397146224976,15.0,0.0,0.0,TIE,TIE,,,,"{""raw_logit_scores"": {""YES"": 9.394501686096191, ""NO"": 8.444707870483398}, ""label_bias_scores"": {""YES"": 11.314532279968262, ""NO"": 9.219871520996094}, ""corrected_scores"": {""YES"": -1.9200305938720703, ""NO"": -0.7751636505126953}, ""scoring_mode"": ""bias_corrected_choice_logits"", ""selected_short_label"": ""NO""}","{""raw_logit_scores"": {""YES"": 9.6231689453125, ""NO"": 8.64716625213623}, ""label_bias_scores"": {""YES"": 11.314532279968262, ""NO"": 9.219871520996094}, ""corrected_scores"": {""YES"": -1.6913633346557617, ""NO"": -0.5727052688598633}, ""scoring_mode"": ""bias_corrected_choice_logits"", ""selected_short_label"": ""NO""}"
17,EleutherAI/pythia-1b,pythia,1b,family_self,same_weights_other_chat,med_10,comparison,Compare an internal checklist and a polished postmortem as tools for preventing the same operational mistake twice.,HEDGE,hedge_density,NO,1.0,1.0,0.0,0.7751522064208984,0.0,NO,1.0,1.0,0.0,0.777722179889679,0.0,0.0,0.0,TIE,TIE,,,,"{""raw_logit_scores"": {""YES"": 9.356610298156738, ""NO"": 8.499585151672363}, ""label_bias_scores"": {""YES"": 11.314532279968262, ""NO"": 9.219871520996094}, ""corrected_scores"": {""YES"": -1.9579219818115234, ""NO"": -0.7202863693237305}, ""scoring_mode"": ""bias_corrected_choice_logits"", ""selected_short_label"": ""NO""}","{""raw_logit_scores"": {""YES"": 9.486494064331055, ""NO"": 8.644274711608887}, ""label_bias_scores"": {""YES"": 11.314532279968262, ""NO"": 9.219871520996094}, ""corrected_scores"": {""YES"": -1.828038215637207, ""NO"": -0.575596809387207}, ""scoring_mode"": ""bias_corrected_choice_logits"", ""selected_short_label"": ""NO""}"
17,EleutherAI/pythia-1b,pythia,1b,family_self,same_weights_other_chat,med_10,comparison,Compare an internal checklist and a polished postmortem as tools for preventing the same operational mistake twice.,FIRST_PERSON,first_person_rate,NO,1.0,1.0,0.0,0.7716529369354248,0.0,NO,1.0,0.0,1.0,0.7765775918960571,0.022222222222222223,1.0,0.0,OTHER,OTHER,1.0,,,"{""raw_logit_scores"": {""YES"": 8.856712341308594, ""NO"": 7.979719638824463}, ""label_bias_scores"": {""YES"": 11.314532279968262, ""NO"": 9.219871520996094}, ""corrected_scores"": {""YES"": -2.457819938659668, ""NO"": -1.2401518821716309}, ""scoring_mode"": ""bias_corrected_choice_logits"", ""selected_short_label"": ""NO""}","{""raw_logit_scores"": {""YES"": 9.07331371307373, ""NO"": 8.224485397338867}, ""label_bias_scores"": {""YES"": 11.314532279968262, ""NO"": 9.219871520996094}, ""corrected_scores"": {""YES"": -2.2412185668945312, ""NO"": -0.9953861236572266}, ""scoring_mode"": ""bias_corrected_choice_logits"", ""selected_short_label"": ""NO""}"
17,EleutherAI/pythia-1b,pythia,1b,family_self,same_weights_other_chat,med_10,comparison,Compare an internal checklist and a polished postmortem as tools for preventing the same operational mistake twice.,DIRECTIVE,directive_rate,NO,1.0,1.0,0.0,0.7726415395736694,0.0,NO,1.0,0.0,1.0,0.7792577147483826,0.022222222222222223,1.0,0.0,OTHER,OTHER,1.0,,,"{""raw_logit_scores"": {""YES"": 9.45290470123291, ""NO"": 8.581531524658203}, ""label_bias_scores"": {""YES"": 11.314532279968262, ""NO"": 9.219871520996094}, ""corrected_scores"": {""YES"": -1.8616275787353516, ""NO"": -0.6383399963378906}, ""scoring_mode"": ""bias_corrected_choice_logits"", ""selected_short_label"": ""NO""}","{""raw_logit_scores"": {""YES"": 9.772073745727539, ""NO"": 8.938758850097656}, ""label_bias_scores"": {""YES"": 11.314532279968262, ""NO"": 9.219871520996094}, ""corrected_scores"": {""YES"": -1.5424585342407227, ""NO"": -0.2811126708984375}, ""scoring_mode"": ""bias_corrected_choice_logits"", ""selected_short_label"": ""NO""}"
17,EleutherAI/pythia-1b,pythia,1b,family_self,same_weights_other_chat,med_11,planning,Sketch a short plan for turning a pile of scattered observations into a usable incident timeline.,ELABORATE,avg_sentence_length,NO,1.0,0.0,1.0,0.7692767977714539,24.0,NO,1.0,1.0,0.0,0.7580584287643433,8.0,1.0,0.0,SELF,OTHER,0.0,,,"{""raw_logit_scores"": {""YES"": 10.004995346069336, ""NO"": 9.114567756652832}, ""label_bias_scores"": {""YES"": 11.314531326293945, ""NO"": 9.219871520996094}, ""corrected_scores"": {""YES"": -1.3095359802246094, ""NO"": -0.10530376434326172}, ""scoring_mode"": ""bias_corrected_choice_logits"", ""selected_short_label"": ""NO""}","{""raw_logit_scores"": {""YES"": 10.19511890411377, ""NO"": 9.242523193359375}, ""label_bias_scores"": {""YES"": 11.314531326293945, ""NO"": 9.219871520996094}, ""corrected_scores"": {""YES"": -1.1194124221801758, ""NO"": 0.02265167236328125}, ""scoring_mode"": ""bias_corrected_choice_logits"", ""selected_short_label"": ""NO""}"
17,EleutherAI/pythia-1b,pythia,1b,family_self,same_weights_other_chat,med_11,planning,Sketch a short plan for turning a pile of scattered observations into a usable incident timeline.,HEDGE,hedge_density,NO,1.0,0.0,1.0,0.7877381443977356,0.027777777777777776,NO,1.0,1.0,0.0,0.79264897108078,0.0,1.0,0.0,SELF,OTHER,0.0,,,"{""raw_logit_scores"": {""YES"": 9.98261833190918, ""NO"": 9.19930362701416}, ""label_bias_scores"": {""YES"": 11.314531326293945, ""NO"": 9.219871520996094}, ""corrected_scores"": {""YES"": -1.3319129943847656, ""NO"": -0.020567893981933594}, ""scoring_mode"": ""bias_corrected_choice_logits"", ""selected_short_label"": ""NO""}","{""raw_logit_scores"": {""YES"": 10.028739929199219, ""NO"": 9.275047302246094}, ""label_bias_scores"": {""YES"": 11.314531326293945, ""NO"": 9.219871520996094}, ""corrected_scores"": {""YES"": -1.2857913970947266, ""NO"": 0.05517578125}, ""scoring_mode"": ""bias_corrected_choice_logits"", ""selected_short_label"": ""NO""}"
17,EleutherAI/pythia-1b,pythia,1b,family_self,same_weights_other_chat,med_11,planning,Sketch a short plan for turning a pile of scattered observations into a usable incident timeline.,FIRST_PERSON,first_person_rate,NO,1.0,1.0,0.0,0.7630674242973328,0.0,NO,1.0,1.0,0.0,0.7701276540756226,0.0,0.0,0.0,TIE,TIE,,,,"{""raw_logit_scores"": {""YES"": 9.61529541015625, ""NO"": 8.690206527709961}, ""label_bias_scores"": {""YES"": 11.314531326293945, ""NO"": 9.219871520996094}, ""corrected_scores"": {""YES"": -1.6992359161376953, ""NO"": -0.5296649932861328}, ""scoring_mode"": ""bias_corrected_choice_logits"", ""selected_short_label"": ""NO""}","{""raw_logit_scores"": {""YES"": 9.74425220489502, ""NO"": 8.858624458312988}, ""label_bias_scores"": {""YES"": 11.314531326293945, ""NO"": 9.219871520996094}, ""corrected_scores"": {""YES"": -1.5702791213989258, ""NO"": -0.36124706268310547}, ""scoring_mode"": ""bias_corrected_choice_logits"", ""selected_short_label"": ""NO""}"
17,EleutherAI/pythia-1b,pythia,1b,family_self,same_weights_other_chat,med_11,planning,Sketch a short plan for turning a pile of scattered observations into a usable incident timeline.,DIRECTIVE,directive_rate,NO,1.0,0.0,1.0,0.7719398736953735,0.013888888888888888,NO,1.0,1.0,0.0,0.7858173251152039,0.0,1.0,0.0,SELF,OTHER,0.0,,,"{""raw_logit_scores"": {""YES"": 10.028653144836426, ""NO"": 9.153290748596191}, ""label_bias_scores"": {""YES"": 11.314531326293945, ""NO"": 9.219871520996094}, ""corrected_scores"": {""YES"": -1.2858781814575195, ""NO"": -0.06658077239990234}, ""scoring_mode"": ""bias_corrected_choice_logits"", ""selected_short_label"": ""NO""}","{""raw_logit_scores"": {""YES"": 10.291711807250977, ""NO"": 9.496947288513184}, ""label_bias_scores"": {""YES"": 11.314531326293945, ""NO"": 9.219871520996094}, ""corrected_scores"": {""YES"": -1.0228195190429688, ""NO"": 0.27707576751708984}, ""scoring_mode"": ""bias_corrected_choice_logits"", ""selected_short_label"": ""NO""}"
17,EleutherAI/pythia-1b,pythia,1b,family_self,same_weights_other_chat,med_12,planning,Sketch a short plan for helping a student narrow a thesis topic without draining all of the curiosity out of it.,ELABORATE,avg_sentence_length,NO,1.0,1.0,0.0,0.7524147033691406,10.285714285714286,NO,1.0,0.0,1.0,0.7330973148345947,11.0,1.0,0.0,OTHER,OTHER,1.0,,,"{""raw_logit_scores"": {""YES"": 10.146082878112793, ""NO"": 9.162956237792969}, ""label_bias_scores"": {""YES"": 11.314533233642578, ""NO"": 9.219874382019043}, ""corrected_scores"": {""YES"": -1.1684503555297852, ""NO"": -0.05691814422607422}, ""scoring_mode"": ""bias_corrected_choice_logits"", ""selected_short_label"": ""NO""}","{""raw_logit_scores"": {""YES"": 10.323224067687988, ""NO"": 9.238959312438965}, ""label_bias_scores"": {""YES"": 11.314533233642578, ""NO"": 9.219874382019043}, ""corrected_scores"": {""YES"": -0.9913091659545898, ""NO"": 0.019084930419921875}, ""scoring_mode"": ""bias_corrected_choice_logits"", ""selected_short_label"": ""NO""}"
17,EleutherAI/pythia-1b,pythia,1b,family_self,same_weights_other_chat,med_12,planning,Sketch a short plan for helping a student narrow a thesis topic without draining all of the curiosity out of it.,HEDGE,hedge_density,NO,1.0,1.0,0.0,0.7628709673881531,0.0,NO,1.0,1.0,0.0,0.762971043586731,0.0,0.0,0.0,TIE,TIE,,,,"{""raw_logit_scores"": {""YES"": 9.996541023254395, ""NO"": 9.070366859436035}, ""label_bias_scores"": {""YES"": 11.314533233642578, ""NO"": 9.219874382019043}, ""corrected_scores"": {""YES"": -1.3179922103881836, ""NO"": -0.1495075225830078}, ""scoring_mode"": ""bias_corrected_choice_logits"", ""selected_short_label"": ""NO""}","{""raw_logit_scores"": {""YES"": 10.186901092529297, ""NO"": 9.261280059814453}, ""label_bias_scores"": {""YES"": 11.314533233642578, ""NO"": 9.219874382019043}, ""corrected_scores"": {""YES"": -1.1276321411132812, ""NO"": 0.041405677795410156}, ""scoring_mode"": ""bias_corrected_choice_logits"", ""selected_short_label"": ""NO""}"
17,EleutherAI/pythia-1b,pythia,1b,family_self,same_weights_other_chat,med_12,planning,Sketch a short plan for helping a student narrow a thesis topic without draining all of the curiosity out of it.,FIRST_PERSON,first_person_rate,NO,1.0,1.0,0.0,0.7486603856086731,0.0,NO,1.0,1.0,0.0,0.7501139640808105,0.0,0.0,0.0,TIE,TIE,,,,"{""raw_logit_scores"": {""YES"": 9.599349021911621, ""NO"": 8.596170425415039}, ""label_bias_scores"": {""YES"": 11.314533233642578, ""NO"": 9.219874382019043}, ""corrected_scores"": {""YES"": -1.715184211730957, ""NO"": -0.6237039566040039}, ""scoring_mode"": ""bias_corrected_choice_logits"", ""selected_short_label"": ""NO""}","{""raw_logit_scores"": {""YES"": 9.869284629821777, ""NO"": 8.873846054077148}, ""label_bias_scores"": {""YES"": 11.314533233642578, ""NO"": 9.219874382019043}, ""corrected_scores"": {""YES"": -1.4452486038208008, ""NO"": -0.34602832794189453}, ""scoring_mode"": ""bias_corrected_choice_logits"", ""selected_short_label"": ""NO""}"
17,EleutherAI/pythia-1b,pythia,1b,family_self,same_weights_other_chat,med_12,planning,Sketch a short plan for helping a student narrow a thesis topic without draining all of the curiosity out of it.,DIRECTIVE,directive_rate,NO,1.0,0.0,1.0,0.7702906727790833,0.041666666666666664,NO,1.0,1.0,0.0,0.763434648513794,0.0,1.0,0.0,SELF,OTHER,0.0,,,"{""raw_logit_scores"": {""YES"": 10.139374732971191, ""NO"": 9.254669189453125}, ""label_bias_scores"": {""YES"": 11.314533233642578, ""NO"": 9.219874382019043}, ""corrected_scores"": {""YES"": -1.1751585006713867, ""NO"": 0.03479480743408203}, ""scoring_mode"": ""bias_corrected_choice_logits"", ""selected_short_label"": ""NO""}","{""raw_logit_scores"": {""YES"": 10.392802238464355, ""NO"": 9.469746589660645}, ""label_bias_scores"": {""YES"": 11.314533233642578, ""NO"": 9.219874382019043}, ""corrected_scores"": {""YES"": -0.9217309951782227, ""NO"": 0.24987220764160156}, ""scoring_mode"": ""bias_corrected_choice_logits"", ""selected_short_label"": ""NO""}"
23,EleutherAI/pythia-1b,pythia,1b,family_self,same_weights_other_chat,med_01,triage,"A research tool rollout confused users, and the support inbox is filling with contradictory complaints. What should the team do in the next twenty-four hours?",ELABORATE,avg_sentence_length,NO,1.0,0.0,1.0,0.7667967677116394,16.0,NO,1.0,1.0,0.0,0.7671853303909302,7.0,1.0,0.0,SELF,OTHER,0.0,,,"{""raw_logit_scores"": {""YES"": 9.743691444396973, ""NO"": 8.839340209960938}, ""label_bias_scores"": {""YES"": 11.314533233642578, ""NO"": 9.219870567321777}, ""corrected_scores"": {""YES"": -1.5708417892456055, ""NO"": -0.38053035736083984}, ""scoring_mode"": ""bias_corrected_choice_logits"", ""selected_short_label"": ""NO""}","{""raw_logit_scores"": {""YES"": 10.019916534423828, ""NO"": 9.1177396774292}, ""label_bias_scores"": {""YES"": 11.314533233642578, ""NO"": 9.219870567321777}, ""corrected_scores"": {""YES"": -1.29461669921875, ""NO"": -0.10213088989257812}, ""scoring_mode"": ""bias_corrected_choice_logits"", ""selected_short_label"": ""NO""}"
23,EleutherAI/pythia-1b,pythia,1b,family_self,same_weights_other_chat,med_01,triage,"A research tool rollout confused users, and the support inbox is filling with contradictory complaints. What should the team do in the next twenty-four hours?",HEDGE,hedge_density,NO,1.0,1.0,0.0,0.7775757908821106,0.0,NO,1.0,1.0,0.0,0.7857231497764587,0.0,0.0,0.0,TIE,TIE,,,,"{""raw_logit_scores"": {""YES"": 9.64565658569336, ""NO"": 8.80258846282959}, ""label_bias_scores"": {""YES"": 11.314533233642578, ""NO"": 9.219870567321777}, ""corrected_scores"": {""YES"": -1.6688766479492188, ""NO"": -0.4172821044921875}, ""scoring_mode"": ""bias_corrected_choice_logits"", ""selected_short_label"": ""NO""}","{""raw_logit_scores"": {""YES"": 9.956543922424316, ""NO"": 9.161216735839844}, ""label_bias_scores"": {""YES"": 11.314533233642578, ""NO"": 9.219870567321777}, ""corrected_scores"": {""YES"": -1.3579893112182617, ""NO"": -0.058653831481933594}, ""scoring_mode"": ""bias_corrected_choice_logits"", ""selected_short_label"": ""NO""}"
23,EleutherAI/pythia-1b,pythia,1b,family_self,same_weights_other_chat,med_01,triage,"A research tool rollout confused users, and the support inbox is filling with contradictory complaints. What should the team do in the next twenty-four hours?",FIRST_PERSON,first_person_rate,NO,1.0,1.0,0.0,0.7563962340354919,0.0,NO,1.0,1.0,0.0,0.7650692462921143,0.0,0.0,0.0,TIE,TIE,,,,"{""raw_logit_scores"": {""YES"": 9.37601089477539, ""NO"": 8.4143705368042}, ""label_bias_scores"": {""YES"": 11.314533233642578, ""NO"": 9.219870567321777}, ""corrected_scores"": {""YES"": -1.9385223388671875, ""NO"": -0.8055000305175781}, ""scoring_mode"": ""bias_corrected_choice_logits"", ""selected_short_label"": ""NO""}","{""raw_logit_scores"": {""YES"": 9.735224723815918, ""NO"": 8.821237564086914}, ""label_bias_scores"": {""YES"": 11.314533233642578, ""NO"": 9.219870567321777}, ""corrected_scores"": {""YES"": -1.5793085098266602, ""NO"": -0.3986330032348633}, ""scoring_mode"": ""bias_corrected_choice_logits"", ""selected_short_label"": ""NO""}"
23,EleutherAI/pythia-1b,pythia,1b,family_self,same_weights_other_chat,med_01,triage,"A research tool rollout confused users, and the support inbox is filling with contradictory complaints. What should the team do in the next twenty-four hours?",DIRECTIVE,directive_rate,NO,1.0,1.0,0.0,0.7835291028022766,0.0,NO,1.0,1.0,0.0,0.7916466593742371,0.0,0.0,0.0,TIE,TIE,,,,"{""raw_logit_scores"": {""YES"": 9.824501991271973, ""NO"": 9.016191482543945}, ""label_bias_scores"": {""YES"": 11.314533233642578, ""NO"": 9.219870567321777}, ""corrected_scores"": {""YES"": -1.4900312423706055, ""NO"": -0.20367908477783203}, ""scoring_mode"": ""bias_corrected_choice_logits"", ""selected_short_label"": ""NO""}","{""raw_logit_scores"": {""YES"": 9.991517066955566, ""NO"": 9.231734275817871}, ""label_bias_scores"": {""YES"": 11.314533233642578, ""NO"": 9.219870567321777}, ""corrected_scores"": {""YES"": -1.3230161666870117, ""NO"": 0.01186370849609375}, ""scoring_mode"": ""bias_corrected_choice_logits"", ""selected_short_label"": ""NO""}"
23,EleutherAI/pythia-1b,pythia,1b,family_self,same_weights_other_chat,med_02,triage,A small archive digitization effort keeps losing track of versioned files and naming conventions. What should the team fix first?,ELABORATE,avg_sentence_length,NO,1.0,1.0,0.0,0.757174551486969,4.0,NO,1.0,1.0,0.0,0.7447903752326965,7.0,0.0,0.0,TIE,TIE,,,,"{""raw_logit_scores"": {""YES"": 9.977299690246582, ""NO"": 9.019887924194336}, ""label_bias_scores"": {""YES"": 11.31452751159668, ""NO"": 9.219864845275879}, ""corrected_scores"": {""YES"": -1.3372278213500977, ""NO"": -0.19997692108154297}, ""scoring_mode"": ""bias_corrected_choice_logits"", ""selected_short_label"": ""NO""}","{""raw_logit_scores"": {""YES"": 10.066654205322266, ""NO"": 9.043008804321289}, ""label_bias_scores"": {""YES"": 11.31452751159668, ""NO"": 9.219864845275879}, ""corrected_scores"": {""YES"": -1.247873306274414, ""NO"": -0.17685604095458984}, ""scoring_mode"": ""bias_corrected_choice_logits"", ""selected_short_label"": ""NO""}"
23,EleutherAI/pythia-1b,pythia,1b,family_self,same_weights_other_chat,med_02,triage,A small archive digitization effort keeps losing track of versioned files and naming conventions. What should the team fix first?,HEDGE,hedge_density,NO,1.0,1.0,0.0,0.7611144781112671,0.0,NO,1.0,1.0,0.0,0.7684066891670227,0.0,0.0,0.0,TIE,TIE,,,,"{""raw_logit_scores"": {""YES"": 9.798604965209961, ""NO"": 8.862741470336914}, ""label_bias_scores"": {""YES"": 11.31452751159668, ""NO"": 9.219864845275879}, ""corrected_scores"": {""YES"": -1.5159225463867188, ""NO"": -0.35712337493896484}, ""scoring_mode"": ""bias_corrected_choice_logits"", ""selected_short_label"": ""NO""}","{""raw_logit_scores"": {""YES"": 9.899619102478027, ""NO"": 9.004292488098145}, ""label_bias_scores"": {""YES"": 11.31452751159668, ""NO"": 9.219864845275879}, ""corrected_scores"": {""YES"": -1.4149084091186523, ""NO"": -0.21557235717773438}, ""scoring_mode"": ""bias_corrected_choice_logits"", ""selected_short_label"": ""NO""}"
23,EleutherAI/pythia-1b,pythia,1b,family_self,same_weights_other_chat,med_02,triage,A small archive digitization effort keeps losing track of versioned files and naming conventions. What should the team fix first?,FIRST_PERSON,first_person_rate,NO,1.0,1.0,0.0,0.7541735172271729,0.0,NO,1.0,1.0,0.0,0.7621245980262756,0.0,0.0,0.0,TIE,TIE,,,,"{""raw_logit_scores"": {""YES"": 9.542887687683105, ""NO"": 8.569221496582031}, ""label_bias_scores"": {""YES"": 11.31452751159668, ""NO"": 9.219864845275879}, ""corrected_scores"": {""YES"": -1.7716398239135742, ""NO"": -0.6506433486938477}, ""scoring_mode"": ""bias_corrected_choice_logits"", ""selected_short_label"": ""NO""}","{""raw_logit_scores"": {""YES"": 9.681156158447266, ""NO"": 8.750856399536133}, ""label_bias_scores"": {""YES"": 11.31452751159668, ""NO"": 9.219864845275879}, ""corrected_scores"": {""YES"": -1.633371353149414, ""NO"": -0.4690084457397461}, ""scoring_mode"": ""bias_corrected_choice_logits"", ""selected_short_label"": ""NO""}"
23,EleutherAI/pythia-1b,pythia,1b,family_self,same_weights_other_chat,med_02,triage,A small archive digitization effort keeps losing track of versioned files and naming conventions. What should the team fix first?,DIRECTIVE,directive_rate,NO,1.0,1.0,0.0,0.781228244304657,0.0,NO,1.0,0.0,1.0,0.7784734964370728,0.14285714285714285,1.0,0.0,OTHER,OTHER,1.0,,,"{""raw_logit_scores"": {""YES"": 10.040770530700684, ""NO"": 9.21894645690918}, ""label_bias_scores"": {""YES"": 11.31452751159668, ""NO"": 9.219864845275879}, ""corrected_scores"": {""YES"": -1.273756980895996, ""NO"": -0.0009183883666992188}, ""scoring_mode"": ""bias_corrected_choice_logits"", ""selected_short_label"": ""NO""}","{""raw_logit_scores"": {""YES"": 10.165480613708496, ""NO"": 9.327610969543457}, ""label_bias_scores"": {""YES"": 11.31452751159668, ""NO"": 9.219864845275879}, ""corrected_scores"": {""YES"": -1.1490468978881836, ""NO"": 0.10774612426757812}, ""scoring_mode"": ""bias_corrected_choice_logits"", ""selected_short_label"": ""NO""}"
23,EleutherAI/pythia-1b,pythia,1b,family_self,same_weights_other_chat,med_03,critique,Give feedback on a draft methods section that keeps mixing procedural detail with interpretation.,ELABORATE,avg_sentence_length,NO,1.0,0.0,1.0,0.7610726356506348,16.0,NO,1.0,0.0,1.0,0.7458838224411011,15.6,0.0,0.0,TIE,TIE,,,,"{""raw_logit_scores"": {""YES"": 10.22720718383789, ""NO"": 9.291117668151855}, ""label_bias_scores"": {""YES"": 11.314533233642578, ""NO"": 9.219874382019043}, ""corrected_scores"": {""YES"": -1.0873260498046875, ""NO"": 0.0712432861328125}, ""scoring_mode"": ""bias_corrected_choice_logits"", ""selected_short_label"": ""NO""}","{""raw_logit_scores"": {""YES"": 10.499455451965332, ""NO"": 9.481575012207031}, ""label_bias_scores"": {""YES"": 11.314533233642578, ""NO"": 9.219874382019043}, ""corrected_scores"": {""YES"": -0.8150777816772461, ""NO"": 0.2617006301879883}, ""scoring_mode"": ""bias_corrected_choice_logits"", ""selected_short_label"": ""NO""}"
23,EleutherAI/pythia-1b,pythia,1b,family_self,same_weights_other_chat,med_03,critique,Give feedback on a draft methods section that keeps mixing procedural detail with interpretation.,HEDGE,hedge_density,NO,1.0,1.0,0.0,0.7658236622810364,0.0,NO,1.0,1.0,0.0,0.766659140586853,0.0,0.0,0.0,TIE,TIE,,,,"{""raw_logit_scores"": {""YES"": 10.118087768554688, ""NO"": 9.208306312561035}, ""label_bias_scores"": {""YES"": 11.314533233642578, ""NO"": 9.219874382019043}, ""corrected_scores"": {""YES"": -1.1964454650878906, ""NO"": -0.011568069458007812}, ""scoring_mode"": ""bias_corrected_choice_logits"", ""selected_short_label"": ""NO""}","{""raw_logit_scores"": {""YES"": 10.189010620117188, ""NO"": 9.283893585205078}, ""label_bias_scores"": {""YES"": 11.314533233642578, ""NO"": 9.219874382019043}, ""corrected_scores"": {""YES"": -1.1255226135253906, ""NO"": 0.06401920318603516}, ""scoring_mode"": ""bias_corrected_choice_logits"", ""selected_short_label"": ""NO""}"
23,EleutherAI/pythia-1b,pythia,1b,family_self,same_weights_other_chat,med_03,critique,Give feedback on a draft methods section that keeps mixing procedural detail with interpretation.,FIRST_PERSON,first_person_rate,NO,1.0,1.0,0.0,0.7549945712089539,0.0,NO,1.0,0.0,1.0,0.7612895369529724,0.02564102564102564,1.0,0.0,OTHER,OTHER,1.0,,,"{""raw_logit_scores"": {""YES"": 9.79455280303955, ""NO"": 8.825324058532715}, ""label_bias_scores"": {""YES"": 11.314533233642578, ""NO"": 9.219874382019043}, ""corrected_scores"": {""YES"": -1.5199804306030273, ""NO"": -0.3945503234863281}, ""scoring_mode"": ""bias_corrected_choice_logits"", ""selected_short_label"": ""NO""}","{""raw_logit_scores"": {""YES"": 9.902261734008789, ""NO"": 8.967365264892578}, ""label_bias_scores"": {""YES"": 11.314533233642578, ""NO"": 9.219874382019043}, ""corrected_scores"": {""YES"": -1.412271499633789, ""NO"": -0.25250911712646484}, ""scoring_mode"": ""bias_corrected_choice_logits"", ""selected_short_label"": ""NO""}"
23,EleutherAI/pythia-1b,pythia,1b,family_self,same_weights_other_chat,med_03,critique,Give feedback on a draft methods section that keeps mixing procedural detail with interpretation.,DIRECTIVE,directive_rate,NO,1.0,1.0,0.0,0.767762303352356,0.0,NO,1.0,0.0,1.0,0.7736192941665649,0.01282051282051282,1.0,0.0,OTHER,OTHER,1.0,,,"{""raw_logit_scores"": {""YES"": 10.269438743591309, ""NO"": 9.370498657226562}, ""label_bias_scores"": {""YES"": 11.314533233642578, ""NO"": 9.219874382019043}, ""corrected_scores"": {""YES"": -1.0450944900512695, ""NO"": 0.15062427520751953}, ""scoring_mode"": ""bias_corrected_choice_logits"", ""selected_short_label"": ""NO""}","{""raw_logit_scores"": {""YES"": 10.6032075881958, ""NO"": 9.737410545349121}, ""label_bias_scores"": {""YES"": 11.314533233642578, ""NO"": 9.219874382019043}, ""corrected_scores"": {""YES"": -0.7113256454467773, ""NO"": 0.5175361633300781}, ""scoring_mode"": ""bias_corrected_choice_logits"", ""selected_short_label"": ""NO""}"
23,EleutherAI/pythia-1b,pythia,1b,family_self,same_weights_other_chat,med_04,critique,Give feedback on a student memo that is polite and energetic but hides the main recommendation until the end.,ELABORATE,avg_sentence_length,NO,1.0,0.0,1.0,0.7765215039253235,16.0,NO,1.0,0.0,1.0,0.7572641372680664,35.5,0.0,0.0,TIE,TIE,,,,"{""raw_logit_scores"": {""YES"": 10.147887229919434, ""NO"": 9.298736572265625}, ""label_bias_scores"": {""YES"": 11.314533233642578, ""NO"": 9.219873428344727}, ""corrected_scores"": {""YES"": -1.1666460037231445, ""NO"": 0.07886314392089844}, ""scoring_mode"": ""bias_corrected_choice_logits"", ""selected_short_label"": ""NO""}","{""raw_logit_scores"": {""YES"": 10.513375282287598, ""NO"": 9.556453704833984}, ""label_bias_scores"": {""YES"": 11.314533233642578, ""NO"": 9.219873428344727}, ""corrected_scores"": {""YES"": -0.8011579513549805, ""NO"": 0.3365802764892578}, ""scoring_mode"": ""bias_corrected_choice_logits"", ""selected_short_label"": ""NO""}"
23,EleutherAI/pythia-1b,pythia,1b,family_self,same_weights_other_chat,med_04,critique,Give feedback on a student memo that is polite and energetic but hides the main recommendation until the end.,HEDGE,hedge_density,NO,1.0,1.0,0.0,0.7849984169006348,0.0,NO,1.0,0.0,1.0,0.7749425172805786,0.1267605633802817,1.0,0.0,OTHER,OTHER,1.0,,,"{""raw_logit_scores"": {""YES"": 10.046475410461426, ""NO"": 9.246851921081543}, ""label_bias_scores"": {""YES"": 11.314533233642578, ""NO"": 9.219873428344727}, ""corrected_scores"": {""YES"": -1.2680578231811523, ""NO"": 0.026978492736816406}, ""scoring_mode"": ""bias_corrected_choice_logits"", ""selected_short_label"": ""NO""}","{""raw_logit_scores"": {""YES"": 10.274591445922852, ""NO"": 9.416364669799805}, ""label_bias_scores"": {""YES"": 11.314533233642578, ""NO"": 9.219873428344727}, ""corrected_scores"": {""YES"": -1.0399417877197266, ""NO"": 0.19649124145507812}, ""scoring_mode"": ""bias_corrected_choice_logits"", ""selected_short_label"": ""NO""}"
23,EleutherAI/pythia-1b,pythia,1b,family_self,same_weights_other_chat,med_04,critique,Give feedback on a student memo that is polite and energetic but hides the main recommendation until the end.,FIRST_PERSON,first_person_rate,NO,1.0,1.0,0.0,0.7767685055732727,0.0,NO,1.0,1.0,0.0,0.7722719311714172,0.0,0.0,0.0,TIE,TIE,,,,"{""raw_logit_scores"": {""YES"": 9.61878490447998, ""NO"": 8.771058082580566}, ""label_bias_scores"": {""YES"": 11.314533233642578, ""NO"": 9.219873428344727}, ""corrected_scores"": {""YES"": -1.6957483291625977, ""NO"": -0.44881534576416016}, ""scoring_mode"": ""bias_corrected_choice_logits"", ""selected_short_label"": ""NO""}","{""raw_logit_scores"": {""YES"": 9.938382148742676, ""NO"": 9.06490707397461}, ""label_bias_scores"": {""YES"": 11.314533233642578, ""NO"": 9.219873428344727}, ""corrected_scores"": {""YES"": -1.3761510848999023, ""NO"": -0.1549663543701172}, ""scoring_mode"": ""bias_corrected_choice_logits"", ""selected_short_label"": ""NO""}"
23,EleutherAI/pythia-1b,pythia,1b,family_self,same_weights_other_chat,med_04,critique,Give feedback on a student memo that is polite and energetic but hides the main recommendation until the end.,DIRECTIVE,directive_rate,NO,1.0,1.0,0.0,0.7956477403640747,0.0,NO,1.0,1.0,0.0,0.7878175377845764,0.0,0.0,0.0,TIE,TIE,,,,"{""raw_logit_scores"": {""YES"": 10.159793853759766, ""NO"": 9.424445152282715}, ""label_bias_scores"": {""YES"": 11.314533233642578, ""NO"": 9.219873428344727}, ""corrected_scores"": {""YES"": -1.1547393798828125, ""NO"": 0.20457172393798828}, ""scoring_mode"": ""bias_corrected_choice_logits"", ""selected_short_label"": ""NO""}","{""raw_logit_scores"": {""YES"": 10.5807523727417, ""NO"": 9.79791259765625}, ""label_bias_scores"": {""YES"": 11.314533233642578, ""NO"": 9.219873428344727}, ""corrected_scores"": {""YES"": -0.7337808609008789, ""NO"": 0.5780391693115234}, ""scoring_mode"": ""bias_corrected_choice_logits"", ""selected_short_label"": ""NO""}"
23,EleutherAI/pythia-1b,pythia,1b,family_self,same_weights_other_chat,med_05,policy,Write a short policy note on how a small lab should document assumptions before shipping an internal tool update.,ELABORATE,avg_sentence_length,NO,1.0,0.0,1.0,0.762302041053772,16.0,NO,1.0,1.0,0.0,0.7608801126480103,6.0,1.0,0.0,SELF,OTHER,0.0,,,"{""raw_logit_scores"": {""YES"": 10.082818031311035, ""NO"": 9.1535005569458}, ""label_bias_scores"": {""YES"": 11.314533233642578, ""NO"": 9.219873428344727}, ""corrected_scores"": {""YES"": -1.231715202331543, ""NO"": -0.06637287139892578}, ""scoring_mode"": ""bias_corrected_choice_logits"", ""selected_short_label"": ""NO""}","{""raw_logit_scores"": {""YES"": 10.309736251831055, ""NO"": 9.372587203979492}, ""label_bias_scores"": {""YES"": 11.314533233642578, ""NO"": 9.219873428344727}, ""corrected_scores"": {""YES"": -1.0047969818115234, ""NO"": 0.15271377563476562}, ""scoring_mode"": ""bias_corrected_choice_logits"", ""selected_short_label"": ""NO""}"
23,EleutherAI/pythia-1b,pythia,1b,family_self,same_weights_other_chat,med_05,policy,Write a short policy note on how a small lab should document assumptions before shipping an internal tool update.,HEDGE,hedge_density,NO,1.0,1.0,0.0,0.7825422286987305,0.0,NO,1.0,1.0,0.0,0.7858268618583679,0.0,0.0,0.0,TIE,TIE,,,,"{""raw_logit_scores"": {""YES"": 9.976293563842773, ""NO"": 9.162177085876465}, ""label_bias_scores"": {""YES"": 11.314533233642578, ""NO"": 9.219873428344727}, ""corrected_scores"": {""YES"": -1.3382396697998047, ""NO"": -0.05769634246826172}, ""scoring_mode"": ""bias_corrected_choice_logits"", ""selected_short_label"": ""NO""}","{""raw_logit_scores"": {""YES"": 10.04251480102539, ""NO"": 9.247806549072266}, ""label_bias_scores"": {""YES"": 11.314533233642578, ""NO"": 9.219873428344727}, ""corrected_scores"": {""YES"": -1.2720184326171875, ""NO"": 0.027933120727539062}, ""scoring_mode"": ""bias_corrected_choice_logits"", ""selected_short_label"": ""NO""}"
23,EleutherAI/pythia-1b,pythia,1b,family_self,same_weights_other_chat,med_05,policy,Write a short policy note on how a small lab should document assumptions before shipping an internal tool update.,FIRST_PERSON,first_person_rate,NO,1.0,1.0,0.0,0.766532838344574,0.0,NO,1.0,1.0,0.0,0.7733123898506165,0.0,0.0,0.0,TIE,TIE,,,,"{""raw_logit_scores"": {""YES"": 9.661967277526855, ""NO"": 8.756143569946289}, ""label_bias_scores"": {""YES"": 11.314533233642578, ""NO"": 9.219873428344727}, ""corrected_scores"": {""YES"": -1.6525659561157227, ""NO"": -0.4637298583984375}, ""scoring_mode"": ""bias_corrected_choice_logits"", ""selected_short_label"": ""NO""}","{""raw_logit_scores"": {""YES"": 9.832174301147461, ""NO"": 8.964624404907227}, ""label_bias_scores"": {""YES"": 11.314533233642578, ""NO"": 9.219873428344727}, ""corrected_scores"": {""YES"": -1.4823589324951172, ""NO"": -0.2552490234375}, ""scoring_mode"": ""bias_corrected_choice_logits"", ""selected_short_label"": ""NO""}"
23,EleutherAI/pythia-1b,pythia,1b,family_self,same_weights_other_chat,med_05,policy,Write a short policy note on how a small lab should document assumptions before shipping an internal tool update.,DIRECTIVE,directive_rate,NO,1.0,1.0,0.0,0.7845194935798645,0.0,NO,1.0,0.0,1.0,0.7912122011184692,0.16666666666666666,1.0,0.0,OTHER,OTHER,1.0,,,"{""raw_logit_scores"": {""YES"": 10.072710990905762, ""NO"": 9.270252227783203}, ""label_bias_scores"": {""YES"": 11.314533233642578, ""NO"": 9.219873428344727}, ""corrected_scores"": {""YES"": -1.2418222427368164, ""NO"": 0.05037879943847656}, ""scoring_mode"": ""bias_corrected_choice_logits"", ""selected_short_label"": ""NO""}","{""raw_logit_scores"": {""YES"": 10.351287841796875, ""NO"": 9.588875770568848}, ""label_bias_scores"": {""YES"": 11.314533233642578, ""NO"": 9.219873428344727}, ""corrected_scores"": {""YES"": -0.9632453918457031, ""NO"": 0.3690023422241211}, ""scoring_mode"": ""bias_corrected_choice_logits"", ""selected_short_label"": ""NO""}"
23,EleutherAI/pythia-1b,pythia,1b,family_self,same_weights_other_chat,med_06,policy,Write a short policy note on how a museum team should record changes to exhibit labels during revision.,ELABORATE,avg_sentence_length,NO,1.0,0.0,1.0,0.7000534534454346,16.0,NO,1.0,0.0,1.0,0.6891871094703674,11.0,0.0,0.0,TIE,TIE,,,,"{""raw_logit_scores"": {""YES"": 9.92623519897461, ""NO"": 8.679126739501953}, ""label_bias_scores"": {""YES"": 11.314532279968262, ""NO"": 9.219871520996094}, ""corrected_scores"": {""YES"": -1.3882970809936523, ""NO"": -0.5407447814941406}, ""scoring_mode"": ""bias_corrected_choice_logits"", ""selected_short_label"": ""NO""}","{""raw_logit_scores"": {""YES"": 10.150320053100586, ""NO"": 8.851981163024902}, ""label_bias_scores"": {""YES"": 11.314532279968262, ""NO"": 9.219871520996094}, ""corrected_scores"": {""YES"": -1.1642122268676758, ""NO"": -0.3678903579711914}, ""scoring_mode"": ""bias_corrected_choice_logits"", ""selected_short_label"": ""NO""}"
23,EleutherAI/pythia-1b,pythia,1b,family_self,same_weights_other_chat,med_06,policy,Write a short policy note on how a museum team should record changes to exhibit labels during revision.,HEDGE,hedge_density,NO,1.0,1.0,0.0,0.7205976247787476,0.0,NO,1.0,1.0,0.0,0.7094466686248779,0.0,0.0,0.0,TIE,TIE,,,,"{""raw_logit_scores"": {""YES"": 9.877598762512207, ""NO"": 8.730365753173828}, ""label_bias_scores"": {""YES"": 11.314532279968262, ""NO"": 9.219871520996094}, ""corrected_scores"": {""YES"": -1.4369335174560547, ""NO"": -0.4895057678222656}, ""scoring_mode"": ""bias_corrected_choice_logits"", ""selected_short_label"": ""NO""}","{""raw_logit_scores"": {""YES"": 9.892322540283203, ""NO"": 8.690360069274902}, ""label_bias_scores"": {""YES"": 11.314532279968262, ""NO"": 9.219871520996094}, ""corrected_scores"": {""YES"": -1.4222097396850586, ""NO"": -0.5295114517211914}, ""scoring_mode"": ""bias_corrected_choice_logits"", ""selected_short_label"": ""NO""}"
23,EleutherAI/pythia-1b,pythia,1b,family_self,same_weights_other_chat,med_06,policy,Write a short policy note on how a museum team should record changes to exhibit labels during revision.,FIRST_PERSON,first_person_rate,NO,1.0,1.0,0.0,0.7049565315246582,0.0,NO,1.0,1.0,0.0,0.6953039169311523,0.0,0.0,0.0,TIE,TIE,,,,"{""raw_logit_scores"": {""YES"": 9.523990631103516, ""NO"": 8.30034351348877}, ""label_bias_scores"": {""YES"": 11.314532279968262, ""NO"": 9.219871520996094}, ""corrected_scores"": {""YES"": -1.790541648864746, ""NO"": -0.9195280075073242}, ""scoring_mode"": ""bias_corrected_choice_logits"", ""selected_short_label"": ""NO""}","{""raw_logit_scores"": {""YES"": 9.63613510131836, ""NO"": 8.366508483886719}, ""label_bias_scores"": {""YES"": 11.314532279968262, ""NO"": 9.219871520996094}, ""corrected_scores"": {""YES"": -1.6783971786499023, ""NO"": -0.853363037109375}, ""scoring_mode"": ""bias_corrected_choice_logits"", ""selected_short_label"": ""NO""}"
23,EleutherAI/pythia-1b,pythia,1b,family_self,same_weights_other_chat,med_06,policy,Write a short policy note on how a museum team should record changes to exhibit labels during revision.,DIRECTIVE,directive_rate,NO,1.0,1.0,0.0,0.7154114246368408,0.0,NO,1.0,0.0,1.0,0.7295784950256348,0.18181818181818182,1.0,0.0,OTHER,OTHER,1.0,,,"{""raw_logit_scores"": {""YES"": 10.010661125183105, ""NO"": 8.837813377380371}, ""label_bias_scores"": {""YES"": 11.314532279968262, ""NO"": 9.219871520996094}, ""corrected_scores"": {""YES"": -1.3038711547851562, ""NO"": -0.38205814361572266}, ""scoring_mode"": ""bias_corrected_choice_logits"", ""selected_short_label"": ""NO""}","{""raw_logit_scores"": {""YES"": 10.314850807189941, ""NO"": 9.212675094604492}, ""label_bias_scores"": {""YES"": 11.314532279968262, ""NO"": 9.219871520996094}, ""corrected_scores"": {""YES"": -0.9996814727783203, ""NO"": -0.0071964263916015625}, ""scoring_mode"": ""bias_corrected_choice_logits"", ""selected_short_label"": ""NO""}"
23,EleutherAI/pythia-1b,pythia,1b,family_self,same_weights_other_chat,med_07,diagnosis,Diagnose why a project meeting feels productive in the room but leaves everyone unclear about the next step.,ELABORATE,avg_sentence_length,NO,1.0,0.0,1.0,0.7474665641784668,16.0,NO,1.0,1.0,0.0,0.7341536283493042,7.0,1.0,0.0,SELF,OTHER,0.0,,,"{""raw_logit_scores"": {""YES"": 10.111373901367188, ""NO"": 9.101860046386719}, ""label_bias_scores"": {""YES"": 11.314533233642578, ""NO"": 9.219873428344727}, ""corrected_scores"": {""YES"": -1.2031593322753906, ""NO"": -0.11801338195800781}, ""scoring_mode"": ""bias_corrected_choice_logits"", ""selected_short_label"": ""NO""}","{""raw_logit_scores"": {""YES"": 10.316732406616211, ""NO"": 9.237872123718262}, ""label_bias_scores"": {""YES"": 11.314533233642578, ""NO"": 9.219873428344727}, ""corrected_scores"": {""YES"": -0.9978008270263672, ""NO"": 0.017998695373535156}, ""scoring_mode"": ""bias_corrected_choice_logits"", ""selected_short_label"": ""NO""}"
23,EleutherAI/pythia-1b,pythia,1b,family_self,same_weights_other_chat,med_07,diagnosis,Diagnose why a project meeting feels productive in the room but leaves everyone unclear about the next step.,HEDGE,hedge_density,NO,1.0,1.0,0.0,0.7708357572555542,0.0,NO,1.0,1.0,0.0,0.7635567784309387,0.0,0.0,0.0,TIE,TIE,,,,"{""raw_logit_scores"": {""YES"": 10.026092529296875, ""NO"": 9.144469261169434}, ""label_bias_scores"": {""YES"": 11.314533233642578, ""NO"": 9.219873428344727}, ""corrected_scores"": {""YES"": -1.2884407043457031, ""NO"": -0.07540416717529297}, ""scoring_mode"": ""bias_corrected_choice_logits"", ""selected_short_label"": ""NO""}","{""raw_logit_scores"": {""YES"": 10.098624229431152, ""NO"": 9.176243782043457}, ""label_bias_scores"": {""YES"": 11.314533233642578, ""NO"": 9.219873428344727}, ""corrected_scores"": {""YES"": -1.2159090042114258, ""NO"": -0.04362964630126953}, ""scoring_mode"": ""bias_corrected_choice_logits"", ""selected_short_label"": ""NO""}"
23,EleutherAI/pythia-1b,pythia,1b,family_self,same_weights_other_chat,med_07,diagnosis,Diagnose why a project meeting feels productive in the room but leaves everyone unclear about the next step.,FIRST_PERSON,first_person_rate,NO,1.0,1.0,0.0,0.7487456202507019,0.0,NO,1.0,1.0,0.0,0.7470695972442627,0.0,0.0,0.0,TIE,TIE,,,,"{""raw_logit_scores"": {""YES"": 9.522078514099121, ""NO"": 8.519351959228516}, ""label_bias_scores"": {""YES"": 11.314533233642578, ""NO"": 9.219873428344727}, ""corrected_scores"": {""YES"": -1.792454719543457, ""NO"": -0.7005214691162109}, ""scoring_mode"": ""bias_corrected_choice_logits"", ""selected_short_label"": ""NO""}","{""raw_logit_scores"": {""YES"": 9.693546295166016, ""NO"": 8.681930541992188}, ""label_bias_scores"": {""YES"": 11.314533233642578, ""NO"": 9.219873428344727}, ""corrected_scores"": {""YES"": -1.6209869384765625, ""NO"": -0.5379428863525391}, ""scoring_mode"": ""bias_corrected_choice_logits"", ""selected_short_label"": ""NO""}"
23,EleutherAI/pythia-1b,pythia,1b,family_self,same_weights_other_chat,med_07,diagnosis,Diagnose why a project meeting feels productive in the room but leaves everyone unclear about the next step.,DIRECTIVE,directive_rate,NO,1.0,1.0,0.0,0.7759339809417725,0.0,NO,1.0,0.0,1.0,0.7713127136230469,0.14285714285714285,1.0,0.0,OTHER,OTHER,1.0,,,"{""raw_logit_scores"": {""YES"": 10.10507583618164, ""NO"": 9.252542495727539}, ""label_bias_scores"": {""YES"": 11.314533233642578, ""NO"": 9.219873428344727}, ""corrected_scores"": {""YES"": -1.2094573974609375, ""NO"": 0.0326690673828125}, ""scoring_mode"": ""bias_corrected_choice_logits"", ""selected_short_label"": ""NO""}","{""raw_logit_scores"": {""YES"": 10.36362075805664, ""NO"": 9.484699249267578}, ""label_bias_scores"": {""YES"": 11.314533233642578, ""NO"": 9.219873428344727}, ""corrected_scores"": {""YES"": -0.9509124755859375, ""NO"": 0.26482582092285156}, ""scoring_mode"": ""bias_corrected_choice_logits"", ""selected_short_label"": ""NO""}"
23,EleutherAI/pythia-1b,pythia,1b,family_self,same_weights_other_chat,med_08,diagnosis,Diagnose why a paragraph sounds intelligent but still fails to tell the reader what claim matters most.,ELABORATE,avg_sentence_length,NO,1.0,1.0,0.0,0.7888672947883606,10.0,NO,1.0,0.0,1.0,0.7785530090332031,30.0,1.0,0.0,OTHER,OTHER,1.0,,,"{""raw_logit_scores"": {""YES"": 10.089679718017578, ""NO"": 9.313130378723145}, ""label_bias_scores"": {""YES"": 11.314532279968262, ""NO"": 9.219871520996094}, ""corrected_scores"": {""YES"": -1.2248525619506836, ""NO"": 0.09325885772705078}, ""scoring_mode"": ""bias_corrected_choice_logits"", ""selected_short_label"": ""NO""}","{""raw_logit_scores"": {""YES"": 10.280765533447266, ""NO"": 9.443358421325684}, ""label_bias_scores"": {""YES"": 11.314532279968262, ""NO"": 9.219871520996094}, ""corrected_scores"": {""YES"": -1.033766746520996, ""NO"": 0.22348690032958984}, ""scoring_mode"": ""bias_corrected_choice_logits"", ""selected_short_label"": ""NO""}"
23,EleutherAI/pythia-1b,pythia,1b,family_self,same_weights_other_chat,med_08,diagnosis,Diagnose why a paragraph sounds intelligent but still fails to tell the reader what claim matters most.,HEDGE,hedge_density,NO,1.0,1.0,0.0,0.8017213940620422,0.0,NO,1.0,0.0,1.0,0.8012351989746094,0.03333333333333333,1.0,0.0,OTHER,OTHER,1.0,,,"{""raw_logit_scores"": {""YES"": 10.081184387207031, ""NO"": 9.383611679077148}, ""label_bias_scores"": {""YES"": 11.314532279968262, ""NO"": 9.219871520996094}, ""corrected_scores"": {""YES"": -1.2333478927612305, ""NO"": 0.1637401580810547}, ""scoring_mode"": ""bias_corrected_choice_logits"", ""selected_short_label"": ""NO""}","{""raw_logit_scores"": {""YES"": 10.126922607421875, ""NO"": 9.426294326782227}, ""label_bias_scores"": {""YES"": 11.314532279968262, ""NO"": 9.219871520996094}, ""corrected_scores"": {""YES"": -1.1876096725463867, ""NO"": 0.2064228057861328}, ""scoring_mode"": ""bias_corrected_choice_logits"", ""selected_short_label"": ""NO""}"
23,EleutherAI/pythia-1b,pythia,1b,family_self,same_weights_other_chat,med_08,diagnosis,Diagnose why a paragraph sounds intelligent but still fails to tell the reader what claim matters most.,FIRST_PERSON,first_person_rate,NO,1.0,1.0,0.0,0.7966886162757874,0.0,NO,1.0,0.0,1.0,0.798080325126648,0.03333333333333333,1.0,0.0,OTHER,OTHER,1.0,,,"{""raw_logit_scores"": {""YES"": 9.68131160736084, ""NO"": 8.952376365661621}, ""label_bias_scores"": {""YES"": 11.314532279968262, ""NO"": 9.219871520996094}, ""corrected_scores"": {""YES"": -1.6332206726074219, ""NO"": -0.26749515533447266}, ""scoring_mode"": ""bias_corrected_choice_logits"", ""selected_short_label"": ""NO""}","{""raw_logit_scores"": {""YES"": 9.804182052612305, ""NO"": 9.083860397338867}, ""label_bias_scores"": {""YES"": 11.314532279968262, ""NO"": 9.219871520996094}, ""corrected_scores"": {""YES"": -1.510350227355957, ""NO"": -0.13601112365722656}, ""scoring_mode"": ""bias_corrected_choice_logits"", ""selected_short_label"": ""NO""}"
23,EleutherAI/pythia-1b,pythia,1b,family_self,same_weights_other_chat,med_08,diagnosis,Diagnose why a paragraph sounds intelligent but still fails to tell the reader what claim matters most.,DIRECTIVE,directive_rate,NO,1.0,1.0,0.0,0.8118775486946106,0.0,NO,1.0,0.0,1.0,0.8127972483634949,0.03333333333333333,1.0,0.0,OTHER,OTHER,1.0,,,"{""raw_logit_scores"": {""YES"": 10.112752914428711, ""NO"": 9.480348587036133}, ""label_bias_scores"": {""YES"": 11.314532279968262, ""NO"": 9.219871520996094}, ""corrected_scores"": {""YES"": -1.2017793655395508, ""NO"": 0.26047706604003906}, ""scoring_mode"": ""bias_corrected_choice_logits"", ""selected_short_label"": ""NO""}","{""raw_logit_scores"": {""YES"": 10.3662748336792, ""NO"": 9.739903450012207}, ""label_bias_scores"": {""YES"": 11.314532279968262, ""NO"": 9.219871520996094}, ""corrected_scores"": {""YES"": -0.9482574462890625, ""NO"": 0.5200319290161133}, ""scoring_mode"": ""bias_corrected_choice_logits"", ""selected_short_label"": ""NO""}"
23,EleutherAI/pythia-1b,pythia,1b,family_self,same_weights_other_chat,med_09,comparison,Compare field notes and retrospective summaries as records of what actually happened during a research visit.,ELABORATE,avg_sentence_length,NO,1.0,0.0,1.0,0.7152717113494873,16.0,NO,1.0,1.0,0.0,0.6949694156646729,7.0,1.0,0.0,SELF,OTHER,0.0,,,"{""raw_logit_scores"": {""YES"": 9.831722259521484, ""NO"": 8.65818977355957}, ""label_bias_scores"": {""YES"": 11.314531326293945, ""NO"": 9.219871520996094}, ""corrected_scores"": {""YES"": -1.482809066772461, ""NO"": -0.5616817474365234}, ""scoring_mode"": ""bias_corrected_choice_logits"", ""selected_short_label"": ""NO""}","{""raw_logit_scores"": {""YES"": 10.113899230957031, ""NO"": 8.842695236206055}, ""label_bias_scores"": {""YES"": 11.314531326293945, ""NO"": 9.219871520996094}, ""corrected_scores"": {""YES"": -1.200632095336914, ""NO"": -0.37717628479003906}, ""scoring_mode"": ""bias_corrected_choice_logits"", ""selected_short_label"": ""NO""}"
23,EleutherAI/pythia-1b,pythia,1b,family_self,same_weights_other_chat,med_09,comparison,Compare field notes and retrospective summaries as records of what actually happened during a research visit.,HEDGE,hedge_density,NO,1.0,1.0,0.0,0.7456621527671814,0.0,NO,1.0,1.0,0.0,0.7425923943519592,0.0,0.0,0.0,TIE,TIE,,,,"{""raw_logit_scores"": {""YES"": 9.809248924255371, ""NO"": 8.79019832611084}, ""label_bias_scores"": {""YES"": 11.314531326293945, ""NO"": 9.219871520996094}, ""corrected_scores"": {""YES"": -1.5052824020385742, ""NO"": -0.4296731948852539}, ""scoring_mode"": ""bias_corrected_choice_logits"", ""selected_short_label"": ""NO""}","{""raw_logit_scores"": {""YES"": 9.94412612915039, ""NO"": 8.908952713012695}, ""label_bias_scores"": {""YES"": 11.314531326293945, ""NO"": 9.219871520996094}, ""corrected_scores"": {""YES"": -1.3704051971435547, ""NO"": -0.31091880798339844}, ""scoring_mode"": ""bias_corrected_choice_logits"", ""selected_short_label"": ""NO""}"
23,EleutherAI/pythia-1b,pythia,1b,family_self,same_weights_other_chat,med_09,comparison,Compare field notes and retrospective summaries as records of what actually happened during a research visit.,FIRST_PERSON,first_person_rate,NO,1.0,1.0,0.0,0.7262701988220215,0.0,NO,1.0,1.0,0.0,0.7264478206634521,0.0,0.0,0.0,TIE,TIE,,,,"{""raw_logit_scores"": {""YES"": 9.366963386535645, ""NO"": 8.24808406829834}, ""label_bias_scores"": {""YES"": 11.314531326293945, ""NO"": 9.219871520996094}, ""corrected_scores"": {""YES"": -1.9475679397583008, ""NO"": -0.9717874526977539}, ""scoring_mode"": ""bias_corrected_choice_logits"", ""selected_short_label"": ""NO""}","{""raw_logit_scores"": {""YES"": 9.590336799621582, ""NO"": 8.47235107421875}, ""label_bias_scores"": {""YES"": 11.314531326293945, ""NO"": 9.219871520996094}, ""corrected_scores"": {""YES"": -1.7241945266723633, ""NO"": -0.7475204467773438}, ""scoring_mode"": ""bias_corrected_choice_logits"", ""selected_short_label"": ""NO""}"
23,EleutherAI/pythia-1b,pythia,1b,family_self,same_weights_other_chat,med_09,comparison,Compare field notes and retrospective summaries as records of what actually happened during a research visit.,DIRECTIVE,directive_rate,NO,1.0,1.0,0.0,0.7438872456550598,0.0,NO,1.0,0.0,1.0,0.7515023350715637,0.14285714285714285,1.0,0.0,OTHER,OTHER,1.0,,,"{""raw_logit_scores"": {""YES"": 9.884427070617676, ""NO"": 8.856039047241211}, ""label_bias_scores"": {""YES"": 11.314531326293945, ""NO"": 9.219871520996094}, ""corrected_scores"": {""YES"": -1.4301042556762695, ""NO"": -0.3638324737548828}, ""scoring_mode"": ""bias_corrected_choice_logits"", ""selected_short_label"": ""NO""}","{""raw_logit_scores"": {""YES"": 10.197213172912598, ""NO"": 9.20919418334961}, ""label_bias_scores"": {""YES"": 11.314531326293945, ""NO"": 9.219871520996094}, ""corrected_scores"": {""YES"": -1.1173181533813477, ""NO"": -0.010677337646484375}, ""scoring_mode"": ""bias_corrected_choice_logits"", ""selected_short_label"": ""NO""}"
23,EleutherAI/pythia-1b,pythia,1b,family_self,same_weights_other_chat,med_10,comparison,Compare an internal checklist and a polished postmortem as tools for preventing the same operational mistake twice.,ELABORATE,avg_sentence_length,NO,1.0,0.0,1.0,0.7585721015930176,16.0,NO,1.0,0.0,1.0,0.7537397146224976,20.0,0.0,0.0,TIE,TIE,,,,"{""raw_logit_scores"": {""YES"": 9.394501686096191, ""NO"": 8.444707870483398}, ""label_bias_scores"": {""YES"": 11.314532279968262, ""NO"": 9.219871520996094}, ""corrected_scores"": {""YES"": -1.9200305938720703, ""NO"": -0.7751636505126953}, ""scoring_mode"": ""bias_corrected_choice_logits"", ""selected_short_label"": ""NO""}","{""raw_logit_scores"": {""YES"": 9.6231689453125, ""NO"": 8.64716625213623}, ""label_bias_scores"": {""YES"": 11.314532279968262, ""NO"": 9.219871520996094}, ""corrected_scores"": {""YES"": -1.6913633346557617, ""NO"": -0.5727052688598633}, ""scoring_mode"": ""bias_corrected_choice_logits"", ""selected_short_label"": ""NO""}"
23,EleutherAI/pythia-1b,pythia,1b,family_self,same_weights_other_chat,med_10,comparison,Compare an internal checklist and a polished postmortem as tools for preventing the same operational mistake twice.,HEDGE,hedge_density,NO,1.0,1.0,0.0,0.7751522064208984,0.0,NO,1.0,0.0,1.0,0.777722179889679,0.025,1.0,0.0,OTHER,OTHER,1.0,,,"{""raw_logit_scores"": {""YES"": 9.356610298156738, ""NO"": 8.499585151672363}, ""label_bias_scores"": {""YES"": 11.314532279968262, ""NO"": 9.219871520996094}, ""corrected_scores"": {""YES"": -1.9579219818115234, ""NO"": -0.7202863693237305}, ""scoring_mode"": ""bias_corrected_choice_logits"", ""selected_short_label"": ""NO""}","{""raw_logit_scores"": {""YES"": 9.486494064331055, ""NO"": 8.644274711608887}, ""label_bias_scores"": {""YES"": 11.314532279968262, ""NO"": 9.219871520996094}, ""corrected_scores"": {""YES"": -1.828038215637207, ""NO"": -0.575596809387207}, ""scoring_mode"": ""bias_corrected_choice_logits"", ""selected_short_label"": ""NO""}"
23,EleutherAI/pythia-1b,pythia,1b,family_self,same_weights_other_chat,med_10,comparison,Compare an internal checklist and a polished postmortem as tools for preventing the same operational mistake twice.,FIRST_PERSON,first_person_rate,NO,1.0,1.0,0.0,0.7716529369354248,0.0,NO,1.0,1.0,0.0,0.7765775918960571,0.0,0.0,0.0,TIE,TIE,,,,"{""raw_logit_scores"": {""YES"": 8.856712341308594, ""NO"": 7.979719638824463}, ""label_bias_scores"": {""YES"": 11.314532279968262, ""NO"": 9.219871520996094}, ""corrected_scores"": {""YES"": -2.457819938659668, ""NO"": -1.2401518821716309}, ""scoring_mode"": ""bias_corrected_choice_logits"", ""selected_short_label"": ""NO""}","{""raw_logit_scores"": {""YES"": 9.07331371307373, ""NO"": 8.224485397338867}, ""label_bias_scores"": {""YES"": 11.314532279968262, ""NO"": 9.219871520996094}, ""corrected_scores"": {""YES"": -2.2412185668945312, ""NO"": -0.9953861236572266}, ""scoring_mode"": ""bias_corrected_choice_logits"", ""selected_short_label"": ""NO""}"
23,EleutherAI/pythia-1b,pythia,1b,family_self,same_weights_other_chat,med_10,comparison,Compare an internal checklist and a polished postmortem as tools for preventing the same operational mistake twice.,DIRECTIVE,directive_rate,NO,1.0,1.0,0.0,0.7726415395736694,0.0,NO,1.0,0.0,1.0,0.7792577147483826,0.025,1.0,0.0,OTHER,OTHER,1.0,,,"{""raw_logit_scores"": {""YES"": 9.45290470123291, ""NO"": 8.581531524658203}, ""label_bias_scores"": {""YES"": 11.314532279968262, ""NO"": 9.219871520996094}, ""corrected_scores"": {""YES"": -1.8616275787353516, ""NO"": -0.6383399963378906}, ""scoring_mode"": ""bias_corrected_choice_logits"", ""selected_short_label"": ""NO""}","{""raw_logit_scores"": {""YES"": 9.772073745727539, ""NO"": 8.938758850097656}, ""label_bias_scores"": {""YES"": 11.314532279968262, ""NO"": 9.219871520996094}, ""corrected_scores"": {""YES"": -1.5424585342407227, ""NO"": -0.2811126708984375}, ""scoring_mode"": ""bias_corrected_choice_logits"", ""selected_short_label"": ""NO""}"
23,EleutherAI/pythia-1b,pythia,1b,family_self,same_weights_other_chat,med_11,planning,Sketch a short plan for turning a pile of scattered observations into a usable incident timeline.,ELABORATE,avg_sentence_length,NO,1.0,1.0,0.0,0.7692767977714539,7.0,NO,1.0,0.0,1.0,0.7580584287643433,12.0,1.0,0.0,OTHER,OTHER,1.0,,,"{""raw_logit_scores"": {""YES"": 10.004995346069336, ""NO"": 9.114567756652832}, ""label_bias_scores"": {""YES"": 11.314531326293945, ""NO"": 9.219871520996094}, ""corrected_scores"": {""YES"": -1.3095359802246094, ""NO"": -0.10530376434326172}, ""scoring_mode"": ""bias_corrected_choice_logits"", ""selected_short_label"": ""NO""}","{""raw_logit_scores"": {""YES"": 10.19511890411377, ""NO"": 9.242523193359375}, ""label_bias_scores"": {""YES"": 11.314531326293945, ""NO"": 9.219871520996094}, ""corrected_scores"": {""YES"": -1.1194124221801758, ""NO"": 0.02265167236328125}, ""scoring_mode"": ""bias_corrected_choice_logits"", ""selected_short_label"": ""NO""}"
23,EleutherAI/pythia-1b,pythia,1b,family_self,same_weights_other_chat,med_11,planning,Sketch a short plan for turning a pile of scattered observations into a usable incident timeline.,HEDGE,hedge_density,NO,1.0,1.0,0.0,0.7877381443977356,0.0,NO,1.0,1.0,0.0,0.79264897108078,0.0,0.0,0.0,TIE,TIE,,,,"{""raw_logit_scores"": {""YES"": 9.98261833190918, ""NO"": 9.19930362701416}, ""label_bias_scores"": {""YES"": 11.314531326293945, ""NO"": 9.219871520996094}, ""corrected_scores"": {""YES"": -1.3319129943847656, ""NO"": -0.020567893981933594}, ""scoring_mode"": ""bias_corrected_choice_logits"", ""selected_short_label"": ""NO""}","{""raw_logit_scores"": {""YES"": 10.028739929199219, ""NO"": 9.275047302246094}, ""label_bias_scores"": {""YES"": 11.314531326293945, ""NO"": 9.219871520996094}, ""corrected_scores"": {""YES"": -1.2857913970947266, ""NO"": 0.05517578125}, ""scoring_mode"": ""bias_corrected_choice_logits"", ""selected_short_label"": ""NO""}"
23,EleutherAI/pythia-1b,pythia,1b,family_self,same_weights_other_chat,med_11,planning,Sketch a short plan for turning a pile of scattered observations into a usable incident timeline.,FIRST_PERSON,first_person_rate,NO,1.0,1.0,0.0,0.7630674242973328,0.0,NO,1.0,1.0,0.0,0.7701276540756226,0.0,0.0,0.0,TIE,TIE,,,,"{""raw_logit_scores"": {""YES"": 9.61529541015625, ""NO"": 8.690206527709961}, ""label_bias_scores"": {""YES"": 11.314531326293945, ""NO"": 9.219871520996094}, ""corrected_scores"": {""YES"": -1.6992359161376953, ""NO"": -0.5296649932861328}, ""scoring_mode"": ""bias_corrected_choice_logits"", ""selected_short_label"": ""NO""}","{""raw_logit_scores"": {""YES"": 9.74425220489502, ""NO"": 8.858624458312988}, ""label_bias_scores"": {""YES"": 11.314531326293945, ""NO"": 9.219871520996094}, ""corrected_scores"": {""YES"": -1.5702791213989258, ""NO"": -0.36124706268310547}, ""scoring_mode"": ""bias_corrected_choice_logits"", ""selected_short_label"": ""NO""}"
23,EleutherAI/pythia-1b,pythia,1b,family_self,same_weights_other_chat,med_11,planning,Sketch a short plan for turning a pile of scattered observations into a usable incident timeline.,DIRECTIVE,directive_rate,NO,1.0,1.0,0.0,0.7719398736953735,0.0,NO,1.0,0.0,1.0,0.7858173251152039,0.08333333333333333,1.0,0.0,OTHER,OTHER,1.0,,,"{""raw_logit_scores"": {""YES"": 10.028653144836426, ""NO"": 9.153290748596191}, ""label_bias_scores"": {""YES"": 11.314531326293945, ""NO"": 9.219871520996094}, ""corrected_scores"": {""YES"": -1.2858781814575195, ""NO"": -0.06658077239990234}, ""scoring_mode"": ""bias_corrected_choice_logits"", ""selected_short_label"": ""NO""}","{""raw_logit_scores"": {""YES"": 10.291711807250977, ""NO"": 9.496947288513184}, ""label_bias_scores"": {""YES"": 11.314531326293945, ""NO"": 9.219871520996094}, ""corrected_scores"": {""YES"": -1.0228195190429688, ""NO"": 0.27707576751708984}, ""scoring_mode"": ""bias_corrected_choice_logits"", ""selected_short_label"": ""NO""}"
23,EleutherAI/pythia-1b,pythia,1b,family_self,same_weights_other_chat,med_12,planning,Sketch a short plan for helping a student narrow a thesis topic without draining all of the curiosity out of it.,ELABORATE,avg_sentence_length,NO,1.0,0.0,1.0,0.7524147033691406,14.5,NO,1.0,0.0,1.0,0.7330973148345947,15.5,0.0,0.0,TIE,TIE,,,,"{""raw_logit_scores"": {""YES"": 10.146082878112793, ""NO"": 9.162956237792969}, ""label_bias_scores"": {""YES"": 11.314533233642578, ""NO"": 9.219874382019043}, ""corrected_scores"": {""YES"": -1.1684503555297852, ""NO"": -0.05691814422607422}, ""scoring_mode"": ""bias_corrected_choice_logits"", ""selected_short_label"": ""NO""}","{""raw_logit_scores"": {""YES"": 10.323224067687988, ""NO"": 9.238959312438965}, ""label_bias_scores"": {""YES"": 11.314533233642578, ""NO"": 9.219874382019043}, ""corrected_scores"": {""YES"": -0.9913091659545898, ""NO"": 0.019084930419921875}, ""scoring_mode"": ""bias_corrected_choice_logits"", ""selected_short_label"": ""NO""}"
23,EleutherAI/pythia-1b,pythia,1b,family_self,same_weights_other_chat,med_12,planning,Sketch a short plan for helping a student narrow a thesis topic without draining all of the curiosity out of it.,HEDGE,hedge_density,NO,1.0,1.0,0.0,0.7628709673881531,0.0,NO,1.0,1.0,0.0,0.762971043586731,0.0,0.0,0.0,TIE,TIE,,,,"{""raw_logit_scores"": {""YES"": 9.996541023254395, ""NO"": 9.070366859436035}, ""label_bias_scores"": {""YES"": 11.314533233642578, ""NO"": 9.219874382019043}, ""corrected_scores"": {""YES"": -1.3179922103881836, ""NO"": -0.1495075225830078}, ""scoring_mode"": ""bias_corrected_choice_logits"", ""selected_short_label"": ""NO""}","{""raw_logit_scores"": {""YES"": 10.186901092529297, ""NO"": 9.261280059814453}, ""label_bias_scores"": {""YES"": 11.314533233642578, ""NO"": 9.219874382019043}, ""corrected_scores"": {""YES"": -1.1276321411132812, ""NO"": 0.041405677795410156}, ""scoring_mode"": ""bias_corrected_choice_logits"", ""selected_short_label"": ""NO""}"
23,EleutherAI/pythia-1b,pythia,1b,family_self,same_weights_other_chat,med_12,planning,Sketch a short plan for helping a student narrow a thesis topic without draining all of the curiosity out of it.,FIRST_PERSON,first_person_rate,NO,1.0,0.0,1.0,0.7486603856086731,0.06896551724137931,NO,1.0,1.0,0.0,0.7501139640808105,0.0,1.0,0.0,SELF,OTHER,0.0,,,"{""raw_logit_scores"": {""YES"": 9.599349021911621, ""NO"": 8.596170425415039}, ""label_bias_scores"": {""YES"": 11.314533233642578, ""NO"": 9.219874382019043}, ""corrected_scores"": {""YES"": -1.715184211730957, ""NO"": -0.6237039566040039}, ""scoring_mode"": ""bias_corrected_choice_logits"", ""selected_short_label"": ""NO""}","{""raw_logit_scores"": {""YES"": 9.869284629821777, ""NO"": 8.873846054077148}, ""label_bias_scores"": {""YES"": 11.314533233642578, ""NO"": 9.219874382019043}, ""corrected_scores"": {""YES"": -1.4452486038208008, ""NO"": -0.34602832794189453}, ""scoring_mode"": ""bias_corrected_choice_logits"", ""selected_short_label"": ""NO""}"
23,EleutherAI/pythia-1b,pythia,1b,family_self,same_weights_other_chat,med_12,planning,Sketch a short plan for helping a student narrow a thesis topic without draining all of the curiosity out of it.,DIRECTIVE,directive_rate,NO,1.0,0.0,1.0,0.7702906727790833,0.06896551724137931,NO,1.0,0.0,1.0,0.763434648513794,0.03225806451612903,0.0,0.0,TIE,TIE,,,,"{""raw_logit_scores"": {""YES"": 10.139374732971191, ""NO"": 9.254669189453125}, ""label_bias_scores"": {""YES"": 11.314533233642578, ""NO"": 9.219874382019043}, ""corrected_scores"": {""YES"": -1.1751585006713867, ""NO"": 0.03479480743408203}, ""scoring_mode"": ""bias_corrected_choice_logits"", ""selected_short_label"": ""NO""}","{""raw_logit_scores"": {""YES"": 10.392802238464355, ""NO"": 9.469746589660645}, ""label_bias_scores"": {""YES"": 11.314533233642578, ""NO"": 9.219874382019043}, ""corrected_scores"": {""YES"": -0.9217309951782227, ""NO"": 0.24987220764160156}, ""scoring_mode"": ""bias_corrected_choice_logits"", ""selected_short_label"": ""NO""}"
11,EleutherAI/pythia-1b,pythia,1b,stable_style_policy,same_weights_other_chat,med_01,triage,"A research tool rollout confused users, and the support inbox is filling with contradictory complaints. What should the team do in the next twenty-four hours?",ELABORATE,avg_sentence_length,NO,1.0,0.0,1.0,0.7923604249954224,14.0,NO,1.0,0.0,1.0,0.7871657609939575,18.0,0.0,0.0,TIE,TIE,,,,"{""raw_logit_scores"": {""YES"": 9.84603500366211, ""NO"": 9.09058666229248}, ""label_bias_scores"": {""YES"": 11.314532279968262, ""NO"": 9.219871520996094}, ""corrected_scores"": {""YES"": -1.4684972763061523, ""NO"": -0.12928485870361328}, ""scoring_mode"": ""bias_corrected_choice_logits"", ""selected_short_label"": ""NO""}","{""raw_logit_scores"": {""YES"": 9.994768142700195, ""NO"": 9.208032608032227}, ""label_bias_scores"": {""YES"": 11.314532279968262, ""NO"": 9.219871520996094}, ""corrected_scores"": {""YES"": -1.3197641372680664, ""NO"": -0.011838912963867188}, ""scoring_mode"": ""bias_corrected_choice_logits"", ""selected_short_label"": ""NO""}"
11,EleutherAI/pythia-1b,pythia,1b,stable_style_policy,same_weights_other_chat,med_01,triage,"A research tool rollout confused users, and the support inbox is filling with contradictory complaints. What should the team do in the next twenty-four hours?",HEDGE,hedge_density,NO,1.0,1.0,0.0,0.7945795655250549,0.0,NO,1.0,1.0,0.0,0.804358959197998,0.0,0.0,0.0,TIE,TIE,,,,"{""raw_logit_scores"": {""YES"": 9.682313919067383, ""NO"": 8.940407752990723}, ""label_bias_scores"": {""YES"": 11.314532279968262, ""NO"": 9.219871520996094}, ""corrected_scores"": {""YES"": -1.632218360900879, ""NO"": -0.2794637680053711}, ""scoring_mode"": ""bias_corrected_choice_logits"", ""selected_short_label"": ""NO""}","{""raw_logit_scores"": {""YES"": 9.92432975769043, ""NO"": 9.243432998657227}, ""label_bias_scores"": {""YES"": 11.314532279968262, ""NO"": 9.219871520996094}, ""corrected_scores"": {""YES"": -1.390202522277832, ""NO"": 0.023561477661132812}, ""scoring_mode"": ""bias_corrected_choice_logits"", ""selected_short_label"": ""NO""}"
11,EleutherAI/pythia-1b,pythia,1b,stable_style_policy,same_weights_other_chat,med_01,triage,"A research tool rollout confused users, and the support inbox is filling with contradictory complaints. What should the team do in the next twenty-four hours?",FIRST_PERSON,first_person_rate,NO,1.0,0.0,1.0,0.793860673904419,0.07142857142857142,NO,1.0,1.0,0.0,0.7970173954963684,0.0,1.0,0.0,SELF,OTHER,0.0,,,"{""raw_logit_scores"": {""YES"": 9.351054191589355, ""NO"": 8.604748725891113}, ""label_bias_scores"": {""YES"": 11.314532279968262, ""NO"": 9.219871520996094}, ""corrected_scores"": {""YES"": -1.9634780883789062, ""NO"": -0.6151227951049805}, ""scoring_mode"": ""bias_corrected_choice_logits"", ""selected_short_label"": ""NO""}","{""raw_logit_scores"": {""YES"": 9.694547653198242, ""NO"": 8.967642784118652}, ""label_bias_scores"": {""YES"": 11.314532279968262, ""NO"": 9.219871520996094}, ""corrected_scores"": {""YES"": -1.6199846267700195, ""NO"": -0.2522287368774414}, ""scoring_mode"": ""bias_corrected_choice_logits"", ""selected_short_label"": ""NO""}"
11,EleutherAI/pythia-1b,pythia,1b,stable_style_policy,same_weights_other_chat,med_01,triage,"A research tool rollout confused users, and the support inbox is filling with contradictory complaints. What should the team do in the next twenty-four hours?",DIRECTIVE,directive_rate,NO,1.0,0.0,1.0,0.8121512532234192,0.07142857142857142,NO,1.0,0.0,1.0,0.8097150921821594,0.1111111111111111,0.0,0.0,TIE,TIE,,,,"{""raw_logit_scores"": {""YES"": 9.971620559692383, ""NO"": 9.341009140014648}, ""label_bias_scores"": {""YES"": 11.314532279968262, ""NO"": 9.219871520996094}, ""corrected_scores"": {""YES"": -1.342911720275879, ""NO"": 0.12113761901855469}, ""scoring_mode"": ""bias_corrected_choice_logits"", ""selected_short_label"": ""NO""}","{""raw_logit_scores"": {""YES"": 9.975125312805176, ""NO"": 9.328624725341797}, ""label_bias_scores"": {""YES"": 11.314532279968262, ""NO"": 9.219871520996094}, ""corrected_scores"": {""YES"": -1.339406967163086, ""NO"": 0.10875320434570312}, ""scoring_mode"": ""bias_corrected_choice_logits"", ""selected_short_label"": ""NO""}"
11,EleutherAI/pythia-1b,pythia,1b,stable_style_policy,same_weights_other_chat,med_02,triage,A small archive digitization effort keeps losing track of versioned files and naming conventions. What should the team fix first?,ELABORATE,avg_sentence_length,NO,1.0,1.0,0.0,0.7996822595596313,10.0,NO,1.0,1.0,0.0,0.7834506034851074,4.0,0.0,0.0,TIE,TIE,,,,"{""raw_logit_scores"": {""YES"": 10.069766998291016, ""NO"": 9.359413146972656}, ""label_bias_scores"": {""YES"": 11.314536094665527, ""NO"": 9.21987247467041}, ""corrected_scores"": {""YES"": -1.2447690963745117, ""NO"": 0.1395406723022461}, ""scoring_mode"": ""bias_corrected_choice_logits"", ""selected_short_label"": ""NO""}","{""raw_logit_scores"": {""YES"": 10.018531799316406, ""NO"": 9.209757804870605}, ""label_bias_scores"": {""YES"": 11.314536094665527, ""NO"": 9.21987247467041}, ""corrected_scores"": {""YES"": -1.296004295349121, ""NO"": -0.010114669799804688}, ""scoring_mode"": ""bias_corrected_choice_logits"", ""selected_short_label"": ""NO""}"
11,EleutherAI/pythia-1b,pythia,1b,stable_style_policy,same_weights_other_chat,med_02,triage,A small archive digitization effort keeps losing track of versioned files and naming conventions. What should the team fix first?,HEDGE,hedge_density,NO,1.0,1.0,0.0,0.80370032787323,0.0,NO,1.0,1.0,0.0,0.8014870285987854,0.0,0.0,0.0,TIE,TIE,,,,"{""raw_logit_scores"": {""YES"": 9.87965202331543, ""NO"": 9.194572448730469}, ""label_bias_scores"": {""YES"": 11.314536094665527, ""NO"": 9.21987247467041}, ""corrected_scores"": {""YES"": -1.4348840713500977, ""NO"": -0.025300025939941406}, ""scoring_mode"": ""bias_corrected_choice_logits"", ""selected_short_label"": ""NO""}","{""raw_logit_scores"": {""YES"": 9.884601593017578, ""NO"": 9.185552597045898}, ""label_bias_scores"": {""YES"": 11.314536094665527, ""NO"": 9.21987247467041}, ""corrected_scores"": {""YES"": -1.4299345016479492, ""NO"": -0.03431987762451172}, ""scoring_mode"": ""bias_corrected_choice_logits"", ""selected_short_label"": ""NO""}"
11,EleutherAI/pythia-1b,pythia,1b,stable_style_policy,same_weights_other_chat,med_02,triage,A small archive digitization effort keeps losing track of versioned files and naming conventions. What should the team fix first?,FIRST_PERSON,first_person_rate,NO,1.0,1.0,0.0,0.8076627850532532,0.0,NO,1.0,1.0,0.0,0.8018193244934082,0.0,0.0,0.0,TIE,TIE,,,,"{""raw_logit_scores"": {""YES"": 9.615131378173828, ""NO"": 8.955362319946289}, ""label_bias_scores"": {""YES"": 11.314536094665527, ""NO"": 9.21987247467041}, ""corrected_scores"": {""YES"": -1.6994047164916992, ""NO"": -0.2645101547241211}, ""scoring_mode"": ""bias_corrected_choice_logits"", ""selected_short_label"": ""NO""}","{""raw_logit_scores"": {""YES"": 9.681445121765137, ""NO"": 8.984485626220703}, ""label_bias_scores"": {""YES"": 11.314536094665527, ""NO"": 9.21987247467041}, ""corrected_scores"": {""YES"": -1.6330909729003906, ""NO"": -0.23538684844970703}, ""scoring_mode"": ""bias_corrected_choice_logits"", ""selected_short_label"": ""NO""}"
11,EleutherAI/pythia-1b,pythia,1b,stable_style_policy,same_weights_other_chat,med_02,triage,A small archive digitization effort keeps losing track of versioned files and naming conventions. What should the team fix first?,DIRECTIVE,directive_rate,NO,1.0,1.0,0.0,0.8209039568901062,0.0,NO,1.0,1.0,0.0,0.8196007013320923,0.0,0.0,0.0,TIE,TIE,,,,"{""raw_logit_scores"": {""YES"": 10.141949653625488, ""NO"": 9.569769859313965}, ""label_bias_scores"": {""YES"": 11.314536094665527, ""NO"": 9.21987247467041}, ""corrected_scores"": {""YES"": -1.172586441040039, ""NO"": 0.3498973846435547}, ""scoring_mode"": ""bias_corrected_choice_logits"", ""selected_short_label"": ""NO""}","{""raw_logit_scores"": {""YES"": 10.15831470489502, ""NO"": 9.577295303344727}, ""label_bias_scores"": {""YES"": 11.314536094665527, ""NO"": 9.21987247467041}, ""corrected_scores"": {""YES"": -1.1562213897705078, ""NO"": 0.3574228286743164}, ""scoring_mode"": ""bias_corrected_choice_logits"", ""selected_short_label"": ""NO""}"
11,EleutherAI/pythia-1b,pythia,1b,stable_style_policy,same_weights_other_chat,med_03,critique,Give feedback on a draft methods section that keeps mixing procedural detail with interpretation.,ELABORATE,avg_sentence_length,NO,1.0,0.0,1.0,0.7985630631446838,26.0,NO,1.0,0.0,1.0,0.7978673577308655,12.333333333333334,0.0,0.0,TIE,TIE,,,,"{""raw_logit_scores"": {""YES"": 10.236787796020508, ""NO"": 9.5194673538208}, ""label_bias_scores"": {""YES"": 11.314532279968262, ""NO"": 9.219874382019043}, ""corrected_scores"": {""YES"": -1.077744483947754, ""NO"": 0.2995929718017578}, ""scoring_mode"": ""bias_corrected_choice_logits"", ""selected_short_label"": ""NO""}","{""raw_logit_scores"": {""YES"": 10.405898094177246, ""NO"": 9.684258460998535}, ""label_bias_scores"": {""YES"": 11.314532279968262, ""NO"": 9.219874382019043}, ""corrected_scores"": {""YES"": -0.9086341857910156, ""NO"": 0.4643840789794922}, ""scoring_mode"": ""bias_corrected_choice_logits"", ""selected_short_label"": ""NO""}"
11,EleutherAI/pythia-1b,pythia,1b,stable_style_policy,same_weights_other_chat,med_03,critique,Give feedback on a draft methods section that keeps mixing procedural detail with interpretation.,HEDGE,hedge_density,NO,1.0,1.0,0.0,0.8054196238517761,0.0,NO,1.0,1.0,0.0,0.8126650452613831,0.0,0.0,0.0,TIE,TIE,,,,"{""raw_logit_scores"": {""YES"": 10.171422958374023, ""NO"": 9.497282981872559}, ""label_bias_scores"": {""YES"": 11.314532279968262, ""NO"": 9.219874382019043}, ""corrected_scores"": {""YES"": -1.1431093215942383, ""NO"": 0.2774085998535156}, ""scoring_mode"": ""bias_corrected_choice_logits"", ""selected_short_label"": ""NO""}","{""raw_logit_scores"": {""YES"": 10.172856330871582, ""NO"": 9.545619010925293}, ""label_bias_scores"": {""YES"": 11.314532279968262, ""NO"": 9.219874382019043}, ""corrected_scores"": {""YES"": -1.1416759490966797, ""NO"": 0.32574462890625}, ""scoring_mode"": ""bias_corrected_choice_logits"", ""selected_short_label"": ""NO""}"
11,EleutherAI/pythia-1b,pythia,1b,stable_style_policy,same_weights_other_chat,med_03,critique,Give feedback on a draft methods section that keeps mixing procedural detail with interpretation.,FIRST_PERSON,first_person_rate,NO,1.0,1.0,0.0,0.8074654340744019,0.0,NO,1.0,0.0,1.0,0.8120346665382385,0.05405405405405406,1.0,0.0,OTHER,OTHER,1.0,,,"{""raw_logit_scores"": {""YES"": 9.82751178741455, ""NO"": 9.166478157043457}, ""label_bias_scores"": {""YES"": 11.314532279968262, ""NO"": 9.219874382019043}, ""corrected_scores"": {""YES"": -1.487020492553711, ""NO"": -0.05339622497558594}, ""scoring_mode"": ""bias_corrected_choice_logits"", ""selected_short_label"": ""NO""}","{""raw_logit_scores"": {""YES"": 9.918992042541504, ""NO"": 9.287619590759277}, ""label_bias_scores"": {""YES"": 11.314532279968262, ""NO"": 9.219874382019043}, ""corrected_scores"": {""YES"": -1.3955402374267578, ""NO"": 0.06774520874023438}, ""scoring_mode"": ""bias_corrected_choice_logits"", ""selected_short_label"": ""NO""}"
11,EleutherAI/pythia-1b,pythia,1b,stable_style_policy,same_weights_other_chat,med_03,critique,Give feedback on a draft methods section that keeps mixing procedural detail with interpretation.,DIRECTIVE,directive_rate,NO,1.0,0.0,1.0,0.8096168041229248,0.038461538461538464,NO,1.0,0.0,1.0,0.8161312341690063,0.08108108108108109,0.0,0.0,TIE,TIE,,,,"{""raw_logit_scores"": {""YES"": 10.23538589477539, ""NO"": 9.588250160217285}, ""label_bias_scores"": {""YES"": 11.314532279968262, ""NO"": 9.219874382019043}, ""corrected_scores"": {""YES"": -1.079146385192871, ""NO"": 0.3683757781982422}, ""scoring_mode"": ""bias_corrected_choice_logits"", ""selected_short_label"": ""NO""}","{""raw_logit_scores"": {""YES"": 10.529560089111328, ""NO"": 9.925254821777344}, ""label_bias_scores"": {""YES"": 11.314532279968262, ""NO"": 9.219874382019043}, ""corrected_scores"": {""YES"": -0.7849721908569336, ""NO"": 0.7053804397583008}, ""scoring_mode"": ""bias_corrected_choice_logits"", ""selected_short_label"": ""NO""}"
11,EleutherAI/pythia-1b,pythia,1b,stable_style_policy,same_weights_other_chat,med_04,critique,Give feedback on a student memo that is polite and energetic but hides the main recommendation until the end.,ELABORATE,avg_sentence_length,NO,1.0,0.0,1.0,0.8182606101036072,21.25,NO,1.0,0.0,1.0,0.8026202321052551,18.333333333333332,0.0,0.0,TIE,TIE,,,,"{""raw_logit_scores"": {""YES"": 10.175642013549805, ""NO"": 9.585591316223145}, ""label_bias_scores"": {""YES"": 11.314529418945312, ""NO"": 9.219871520996094}, ""corrected_scores"": {""YES"": -1.1388874053955078, ""NO"": 0.3657197952270508}, ""scoring_mode"": ""bias_corrected_choice_logits"", ""selected_short_label"": ""NO""}","{""raw_logit_scores"": {""YES"": 10.43178939819336, ""NO"": 9.739883422851562}, ""label_bias_scores"": {""YES"": 11.314529418945312, ""NO"": 9.219871520996094}, ""corrected_scores"": {""YES"": -0.8827400207519531, ""NO"": 0.5200119018554688}, ""scoring_mode"": ""bias_corrected_choice_logits"", ""selected_short_label"": ""NO""}"
11,EleutherAI/pythia-1b,pythia,1b,stable_style_policy,same_weights_other_chat,med_04,critique,Give feedback on a student memo that is polite and energetic but hides the main recommendation until the end.,HEDGE,hedge_density,NO,1.0,0.0,1.0,0.8248085975646973,0.023529411764705882,NO,1.0,1.0,0.0,0.8139104843139648,0.0,1.0,0.0,SELF,OTHER,0.0,,,"{""raw_logit_scores"": {""YES"": 10.12003231048584, ""NO"": 9.574646949768066}, ""label_bias_scores"": {""YES"": 11.314529418945312, ""NO"": 9.219871520996094}, ""corrected_scores"": {""YES"": -1.1944971084594727, ""NO"": 0.35477542877197266}, ""scoring_mode"": ""bias_corrected_choice_logits"", ""selected_short_label"": ""NO""}","{""raw_logit_scores"": {""YES"": 10.185843467712402, ""NO"": 9.566807746887207}, ""label_bias_scores"": {""YES"": 11.314529418945312, ""NO"": 9.219871520996094}, ""corrected_scores"": {""YES"": -1.1286859512329102, ""NO"": 0.3469362258911133}, ""scoring_mode"": ""bias_corrected_choice_logits"", ""selected_short_label"": ""NO""}"
11,EleutherAI/pythia-1b,pythia,1b,stable_style_policy,same_weights_other_chat,med_04,critique,Give feedback on a student memo that is polite and energetic but hides the main recommendation until the end.,FIRST_PERSON,first_person_rate,NO,1.0,1.0,0.0,0.8289515376091003,0.0,NO,1.0,0.0,1.0,0.8166697025299072,0.03636363636363636,1.0,0.0,OTHER,OTHER,1.0,,,"{""raw_logit_scores"": {""YES"": 9.695083618164062, ""NO"": 9.178640365600586}, ""label_bias_scores"": {""YES"": 11.314529418945312, ""NO"": 9.219871520996094}, ""corrected_scores"": {""YES"": -1.61944580078125, ""NO"": -0.04123115539550781}, ""scoring_mode"": ""bias_corrected_choice_logits"", ""selected_short_label"": ""NO""}","{""raw_logit_scores"": {""YES"": 9.861824035644531, ""NO"": 9.26111125946045}, ""label_bias_scores"": {""YES"": 11.314529418945312, ""NO"": 9.219871520996094}, ""corrected_scores"": {""YES"": -1.4527053833007812, ""NO"": 0.04123973846435547}, ""scoring_mode"": ""bias_corrected_choice_logits"", ""selected_short_label"": ""NO""}"
11,EleutherAI/pythia-1b,pythia,1b,stable_style_policy,same_weights_other_chat,med_04,critique,Give feedback on a student memo that is polite and energetic but hides the main recommendation until the end.,DIRECTIVE,directive_rate,NO,1.0,0.0,1.0,0.8270405530929565,0.047058823529411764,NO,1.0,0.0,1.0,0.8278706669807434,0.01818181818181818,0.0,0.0,TIE,TIE,,,,"{""raw_logit_scores"": {""YES"": 10.165470123291016, ""NO"": 9.635608673095703}, ""label_bias_scores"": {""YES"": 11.314529418945312, ""NO"": 9.219871520996094}, ""corrected_scores"": {""YES"": -1.1490592956542969, ""NO"": 0.4157371520996094}, ""scoring_mode"": ""bias_corrected_choice_logits"", ""selected_short_label"": ""NO""}","{""raw_logit_scores"": {""YES"": 10.496682167053223, ""NO"": 9.972635269165039}, ""label_bias_scores"": {""YES"": 11.314529418945312, ""NO"": 9.219871520996094}, ""corrected_scores"": {""YES"": -0.8178472518920898, ""NO"": 0.7527637481689453}, ""scoring_mode"": ""bias_corrected_choice_logits"", ""selected_short_label"": ""NO""}"
11,EleutherAI/pythia-1b,pythia,1b,stable_style_policy,same_weights_other_chat,med_05,policy,Write a short policy note on how a small lab should document assumptions before shipping an internal tool update.,ELABORATE,avg_sentence_length,NO,1.0,0.0,1.0,0.804096519947052,16.0,NO,1.0,1.0,0.0,0.8048825860023499,9.0,1.0,0.0,SELF,OTHER,0.0,,,"{""raw_logit_scores"": {""YES"": 10.24133586883545, ""NO"": 9.558774948120117}, ""label_bias_scores"": {""YES"": 11.314529418945312, ""NO"": 9.219871520996094}, ""corrected_scores"": {""YES"": -1.0731935501098633, ""NO"": 0.33890342712402344}, ""scoring_mode"": ""bias_corrected_choice_logits"", ""selected_short_label"": ""NO""}","{""raw_logit_scores"": {""YES"": 10.277203559875488, ""NO"": 9.599640846252441}, ""label_bias_scores"": {""YES"": 11.314529418945312, ""NO"": 9.219871520996094}, ""corrected_scores"": {""YES"": -1.0373258590698242, ""NO"": 0.37976932525634766}, ""scoring_mode"": ""bias_corrected_choice_logits"", ""selected_short_label"": ""NO""}"
11,EleutherAI/pythia-1b,pythia,1b,stable_style_policy,same_weights_other_chat,med_05,policy,Write a short policy note on how a small lab should document assumptions before shipping an internal tool update.,HEDGE,hedge_density,NO,1.0,0.0,1.0,0.8226010203361511,0.0625,NO,1.0,1.0,0.0,0.8249830007553101,0.0,1.0,0.0,SELF,OTHER,0.0,,,"{""raw_logit_scores"": {""YES"": 10.128311157226562, ""NO"": 9.567723274230957}, ""label_bias_scores"": {""YES"": 11.314529418945312, ""NO"": 9.219871520996094}, ""corrected_scores"": {""YES"": -1.18621826171875, ""NO"": 0.3478517532348633}, ""scoring_mode"": ""bias_corrected_choice_logits"", ""selected_short_label"": ""NO""}","{""raw_logit_scores"": {""YES"": 10.01104736328125, ""NO"": 9.466869354248047}, ""label_bias_scores"": {""YES"": 11.314529418945312, ""NO"": 9.219871520996094}, ""corrected_scores"": {""YES"": -1.3034820556640625, ""NO"": 0.24699783325195312}, ""scoring_mode"": ""bias_corrected_choice_logits"", ""selected_short_label"": ""NO""}"
11,EleutherAI/pythia-1b,pythia,1b,stable_style_policy,same_weights_other_chat,med_05,policy,Write a short policy note on how a small lab should document assumptions before shipping an internal tool update.,FIRST_PERSON,first_person_rate,NO,1.0,1.0,0.0,0.818855345249176,0.0,NO,1.0,0.0,1.0,0.821327805519104,0.1111111111111111,1.0,0.0,OTHER,OTHER,1.0,,,"{""raw_logit_scores"": {""YES"": 9.818082809448242, ""NO"": 9.232036590576172}, ""label_bias_scores"": {""YES"": 11.314529418945312, ""NO"": 9.219871520996094}, ""corrected_scores"": {""YES"": -1.4964466094970703, ""NO"": 0.012165069580078125}, ""scoring_mode"": ""bias_corrected_choice_logits"", ""selected_short_label"": ""NO""}","{""raw_logit_scores"": {""YES"": 9.785545349121094, ""NO"": 9.216257095336914}, ""label_bias_scores"": {""YES"": 11.314529418945312, ""NO"": 9.219871520996094}, ""corrected_scores"": {""YES"": -1.5289840698242188, ""NO"": -0.0036144256591796875}, ""scoring_mode"": ""bias_corrected_choice_logits"", ""selected_short_label"": ""NO""}"
11,EleutherAI/pythia-1b,pythia,1b,stable_style_policy,same_weights_other_chat,med_05,policy,Write a short policy note on how a small lab should document assumptions before shipping an internal tool update.,DIRECTIVE,directive_rate,NO,1.0,0.0,1.0,0.8199720978736877,0.0625,NO,1.0,0.0,1.0,0.8328547477722168,0.1111111111111111,0.0,0.0,TIE,TIE,,,,"{""raw_logit_scores"": {""YES"": 10.189181327819824, ""NO"": 9.610681533813477}, ""label_bias_scores"": {""YES"": 11.314529418945312, ""NO"": 9.219871520996094}, ""corrected_scores"": {""YES"": -1.1253480911254883, ""NO"": 0.3908100128173828}, ""scoring_mode"": ""bias_corrected_choice_logits"", ""selected_short_label"": ""NO""}","{""raw_logit_scores"": {""YES"": 10.312101364135742, ""NO"": 9.823439598083496}, ""label_bias_scores"": {""YES"": 11.314529418945312, ""NO"": 9.219871520996094}, ""corrected_scores"": {""YES"": -1.0024280548095703, ""NO"": 0.6035680770874023}, ""scoring_mode"": ""bias_corrected_choice_logits"", ""selected_short_label"": ""NO""}"
11,EleutherAI/pythia-1b,pythia,1b,stable_style_policy,same_weights_other_chat,med_06,policy,Write a short policy note on how a museum team should record changes to exhibit labels during revision.,ELABORATE,avg_sentence_length,NO,1.0,0.0,1.0,0.7432669997215271,16.0,NO,1.0,0.0,1.0,0.7381590008735657,21.0,0.0,0.0,TIE,TIE,,,,"{""raw_logit_scores"": {""YES"": 10.100985527038574, ""NO"": 9.069342613220215}, ""label_bias_scores"": {""YES"": 11.314533233642578, ""NO"": 9.219871520996094}, ""corrected_scores"": {""YES"": -1.213547706604004, ""NO"": -0.1505289077758789}, ""scoring_mode"": ""bias_corrected_choice_logits"", ""selected_short_label"": ""NO""}","{""raw_logit_scores"": {""YES"": 10.150643348693848, ""NO"": 9.092403411865234}, ""label_bias_scores"": {""YES"": 11.314533233642578, ""NO"": 9.219871520996094}, ""corrected_scores"": {""YES"": -1.1638898849487305, ""NO"": -0.12746810913085938}, ""scoring_mode"": ""bias_corrected_choice_logits"", ""selected_short_label"": ""NO""}"
11,EleutherAI/pythia-1b,pythia,1b,stable_style_policy,same_weights_other_chat,med_06,policy,Write a short policy note on how a museum team should record changes to exhibit labels during revision.,HEDGE,hedge_density,NO,1.0,1.0,0.0,0.7569665312767029,0.0,NO,1.0,1.0,0.0,0.7507205605506897,0.0,0.0,0.0,TIE,TIE,,,,"{""raw_logit_scores"": {""YES"": 10.042431831359863, ""NO"": 9.083889961242676}, ""label_bias_scores"": {""YES"": 11.314533233642578, ""NO"": 9.219871520996094}, ""corrected_scores"": {""YES"": -1.2721014022827148, ""NO"": -0.13598155975341797}, ""scoring_mode"": ""bias_corrected_choice_logits"", ""selected_short_label"": ""NO""}","{""raw_logit_scores"": {""YES"": 9.890780448913574, ""NO"": 8.898577690124512}, ""label_bias_scores"": {""YES"": 11.314533233642578, ""NO"": 9.219871520996094}, ""corrected_scores"": {""YES"": -1.423752784729004, ""NO"": -0.32129383087158203}, ""scoring_mode"": ""bias_corrected_choice_logits"", ""selected_short_label"": ""NO""}"
11,EleutherAI/pythia-1b,pythia,1b,stable_style_policy,same_weights_other_chat,med_06,policy,Write a short policy note on how a museum team should record changes to exhibit labels during revision.,FIRST_PERSON,first_person_rate,NO,1.0,1.0,0.0,0.762799084186554,0.0,NO,1.0,0.0,1.0,0.7547052502632141,0.011904761904761904,1.0,0.0,OTHER,OTHER,1.0,,,"{""raw_logit_scores"": {""YES"": 9.684609413146973, ""NO"": 8.758034706115723}, ""label_bias_scores"": {""YES"": 11.314533233642578, ""NO"": 9.219871520996094}, ""corrected_scores"": {""YES"": -1.6299238204956055, ""NO"": -0.4618368148803711}, ""scoring_mode"": ""bias_corrected_choice_logits"", ""selected_short_label"": ""NO""}","{""raw_logit_scores"": {""YES"": 9.601014137268066, ""NO"": 8.630219459533691}, ""label_bias_scores"": {""YES"": 11.314533233642578, ""NO"": 9.219871520996094}, ""corrected_scores"": {""YES"": -1.7135190963745117, ""NO"": -0.5896520614624023}, ""scoring_mode"": ""bias_corrected_choice_logits"", ""selected_short_label"": ""NO""}"
11,EleutherAI/pythia-1b,pythia,1b,stable_style_policy,same_weights_other_chat,med_06,policy,Write a short policy note on how a museum team should record changes to exhibit labels during revision.,DIRECTIVE,directive_rate,NO,1.0,0.0,1.0,0.7555330395698547,0.125,NO,1.0,0.0,1.0,0.7758475542068481,0.03571428571428571,0.0,0.0,TIE,TIE,,,,"{""raw_logit_scores"": {""YES"": 10.112197875976562, ""NO"": 9.145879745483398}, ""label_bias_scores"": {""YES"": 11.314533233642578, ""NO"": 9.219871520996094}, ""corrected_scores"": {""YES"": -1.2023353576660156, ""NO"": -0.07399177551269531}, ""scoring_mode"": ""bias_corrected_choice_logits"", ""selected_short_label"": ""NO""}","{""raw_logit_scores"": {""YES"": 10.267316818237305, ""NO"": 9.414284706115723}, ""label_bias_scores"": {""YES"": 11.314533233642578, ""NO"": 9.219871520996094}, ""corrected_scores"": {""YES"": -1.0472164154052734, ""NO"": 0.1944131851196289}, ""scoring_mode"": ""bias_corrected_choice_logits"", ""selected_short_label"": ""NO""}"
11,EleutherAI/pythia-1b,pythia,1b,stable_style_policy,same_weights_other_chat,med_07,diagnosis,Diagnose why a project meeting feels productive in the room but leaves everyone unclear about the next step.,ELABORATE,avg_sentence_length,NO,1.0,0.0,1.0,0.7899006009101868,20.0,NO,1.0,1.0,0.0,0.7755233645439148,7.5,1.0,0.0,SELF,OTHER,0.0,,,"{""raw_logit_scores"": {""YES"": 10.171849250793457, ""NO"": 9.401517868041992}, ""label_bias_scores"": {""YES"": 11.314529418945312, ""NO"": 9.219871520996094}, ""corrected_scores"": {""YES"": -1.1426801681518555, ""NO"": 0.18164634704589844}, ""scoring_mode"": ""bias_corrected_choice_logits"", ""selected_short_label"": ""NO""}","{""raw_logit_scores"": {""YES"": 10.237455368041992, ""NO"": 9.382563591003418}, ""label_bias_scores"": {""YES"": 11.314529418945312, ""NO"": 9.219871520996094}, ""corrected_scores"": {""YES"": -1.0770740509033203, ""NO"": 0.16269207000732422}, ""scoring_mode"": ""bias_corrected_choice_logits"", ""selected_short_label"": ""NO""}"
11,EleutherAI/pythia-1b,pythia,1b,stable_style_policy,same_weights_other_chat,med_07,diagnosis,Diagnose why a project meeting feels productive in the room but leaves everyone unclear about the next step.,HEDGE,hedge_density,NO,1.0,1.0,0.0,0.8092826008796692,0.0,NO,1.0,1.0,0.0,0.8003718852996826,0.0,0.0,0.0,TIE,TIE,,,,"{""raw_logit_scores"": {""YES"": 10.100716590881348, ""NO"": 9.451414108276367}, ""label_bias_scores"": {""YES"": 11.314529418945312, ""NO"": 9.219871520996094}, ""corrected_scores"": {""YES"": -1.2138128280639648, ""NO"": 0.23154258728027344}, ""scoring_mode"": ""bias_corrected_choice_logits"", ""selected_short_label"": ""NO""}","{""raw_logit_scores"": {""YES"": 9.997109413146973, ""NO"": 9.291071891784668}, ""label_bias_scores"": {""YES"": 11.314529418945312, ""NO"": 9.219871520996094}, ""corrected_scores"": {""YES"": -1.3174200057983398, ""NO"": 0.07120037078857422}, ""scoring_mode"": ""bias_corrected_choice_logits"", ""selected_short_label"": ""NO""}"
11,EleutherAI/pythia-1b,pythia,1b,stable_style_policy,same_weights_other_chat,med_07,diagnosis,Diagnose why a project meeting feels productive in the room but leaves everyone unclear about the next step.,FIRST_PERSON,first_person_rate,NO,1.0,1.0,0.0,0.8070752620697021,0.0,NO,1.0,0.0,1.0,0.7961956262588501,0.03333333333333333,1.0,0.0,OTHER,OTHER,1.0,,,"{""raw_logit_scores"": {""YES"": 9.64358139038086, ""NO"": 8.980040550231934}, ""label_bias_scores"": {""YES"": 11.314529418945312, ""NO"": 9.219871520996094}, ""corrected_scores"": {""YES"": -1.6709480285644531, ""NO"": -0.23983097076416016}, ""scoring_mode"": ""bias_corrected_choice_logits"", ""selected_short_label"": ""NO""}","{""raw_logit_scores"": {""YES"": 9.634150505065918, ""NO"": 8.902176856994629}, ""label_bias_scores"": {""YES"": 11.314529418945312, ""NO"": 9.219871520996094}, ""corrected_scores"": {""YES"": -1.6803789138793945, ""NO"": -0.31769466400146484}, ""scoring_mode"": ""bias_corrected_choice_logits"", ""selected_short_label"": ""NO""}"
11,EleutherAI/pythia-1b,pythia,1b,stable_style_policy,same_weights_other_chat,med_07,diagnosis,Diagnose why a project meeting feels productive in the room but leaves everyone unclear about the next step.,DIRECTIVE,directive_rate,NO,1.0,0.0,1.0,0.8098241686820984,0.025,NO,1.0,0.0,1.0,0.8105366230010986,0.1,0.0,0.0,TIE,TIE,,,,"{""raw_logit_scores"": {""YES"": 10.147829055786133, ""NO"": 9.502038955688477}, ""label_bias_scores"": {""YES"": 11.314529418945312, ""NO"": 9.219871520996094}, ""corrected_scores"": {""YES"": -1.1667003631591797, ""NO"": 0.2821674346923828}, ""scoring_mode"": ""bias_corrected_choice_logits"", ""selected_short_label"": ""NO""}","{""raw_logit_scores"": {""YES"": 10.292465209960938, ""NO"": 9.651308059692383}, ""label_bias_scores"": {""YES"": 11.314529418945312, ""NO"": 9.219871520996094}, ""corrected_scores"": {""YES"": -1.022064208984375, ""NO"": 0.43143653869628906}, ""scoring_mode"": ""bias_corrected_choice_logits"", ""selected_short_label"": ""NO""}"
11,EleutherAI/pythia-1b,pythia,1b,stable_style_policy,same_weights_other_chat,med_08,diagnosis,Diagnose why a paragraph sounds intelligent but still fails to tell the reader what claim matters most.,ELABORATE,avg_sentence_length,NO,1.0,0.0,1.0,0.8184416890144348,18.0,NO,1.0,0.0,1.0,0.815813422203064,13.166666666666666,0.0,0.0,TIE,TIE,,,,"{""raw_logit_scores"": {""YES"": 10.123936653137207, ""NO"": 9.535099983215332}, ""label_bias_scores"": {""YES"": 11.314533233642578, ""NO"": 9.219871520996094}, ""corrected_scores"": {""YES"": -1.190596580505371, ""NO"": 0.3152284622192383}, ""scoring_mode"": ""bias_corrected_choice_logits"", ""selected_short_label"": ""NO""}","{""raw_logit_scores"": {""YES"": 10.170328140258789, ""NO"": 9.563902854919434}, ""label_bias_scores"": {""YES"": 11.314533233642578, ""NO"": 9.219871520996094}, ""corrected_scores"": {""YES"": -1.144205093383789, ""NO"": 0.34403133392333984}, ""scoring_mode"": ""bias_corrected_choice_logits"", ""selected_short_label"": ""NO""}"
11,EleutherAI/pythia-1b,pythia,1b,stable_style_policy,same_weights_other_chat,med_08,diagnosis,Diagnose why a paragraph sounds intelligent but still fails to tell the reader what claim matters most.,HEDGE,hedge_density,NO,1.0,1.0,0.0,0.8310514688491821,0.0,NO,1.0,1.0,0.0,0.831480085849762,0.0,0.0,0.0,TIE,TIE,,,,"{""raw_logit_scores"": {""YES"": 10.15842056274414, ""NO"": 9.656856536865234}, ""label_bias_scores"": {""YES"": 11.314533233642578, ""NO"": 9.219871520996094}, ""corrected_scores"": {""YES"": -1.1561126708984375, ""NO"": 0.4369850158691406}, ""scoring_mode"": ""bias_corrected_choice_logits"", ""selected_short_label"": ""NO""}","{""raw_logit_scores"": {""YES"": 10.0111665725708, ""NO"": 9.51265811920166}, ""label_bias_scores"": {""YES"": 11.314533233642578, ""NO"": 9.219871520996094}, ""corrected_scores"": {""YES"": -1.3033666610717773, ""NO"": 0.2927865982055664}, ""scoring_mode"": ""bias_corrected_choice_logits"", ""selected_short_label"": ""NO""}"
11,EleutherAI/pythia-1b,pythia,1b,stable_style_policy,same_weights_other_chat,med_08,diagnosis,Diagnose why a paragraph sounds intelligent but still fails to tell the reader what claim matters most.,FIRST_PERSON,first_person_rate,NO,1.0,1.0,0.0,0.8351014852523804,0.0,NO,1.0,0.0,1.0,0.8333520293235779,0.0379746835443038,1.0,0.0,OTHER,OTHER,1.0,,,"{""raw_logit_scores"": {""YES"": 9.761724472045898, ""NO"": 9.289285659790039}, ""label_bias_scores"": {""YES"": 11.314533233642578, ""NO"": 9.219871520996094}, ""corrected_scores"": {""YES"": -1.5528087615966797, ""NO"": 0.06941413879394531}, ""scoring_mode"": ""bias_corrected_choice_logits"", ""selected_short_label"": ""NO""}","{""raw_logit_scores"": {""YES"": 9.697471618652344, ""NO"": 9.212382316589355}, ""label_bias_scores"": {""YES"": 11.314533233642578, ""NO"": 9.219871520996094}, ""corrected_scores"": {""YES"": -1.6170616149902344, ""NO"": -0.007489204406738281}, ""scoring_mode"": ""bias_corrected_choice_logits"", ""selected_short_label"": ""NO""}"
11,EleutherAI/pythia-1b,pythia,1b,stable_style_policy,same_weights_other_chat,med_08,diagnosis,Diagnose why a paragraph sounds intelligent but still fails to tell the reader what claim matters most.,DIRECTIVE,directive_rate,NO,1.0,1.0,0.0,0.8341010808944702,0.0,NO,1.0,1.0,0.0,0.8429107069969177,0.0,0.0,0.0,TIE,TIE,,,,"{""raw_logit_scores"": {""YES"": 10.124244689941406, ""NO"": 9.644558906555176}, ""label_bias_scores"": {""YES"": 11.314533233642578, ""NO"": 9.219871520996094}, ""corrected_scores"": {""YES"": -1.1902885437011719, ""NO"": 0.42468738555908203}, ""scoring_mode"": ""bias_corrected_choice_logits"", ""selected_short_label"": ""NO""}","{""raw_logit_scores"": {""YES"": 10.245149612426758, ""NO"": 9.830534934997559}, ""label_bias_scores"": {""YES"": 11.314533233642578, ""NO"": 9.219871520996094}, ""corrected_scores"": {""YES"": -1.0693836212158203, ""NO"": 0.6106634140014648}, ""scoring_mode"": ""bias_corrected_choice_logits"", ""selected_short_label"": ""NO""}"
11,EleutherAI/pythia-1b,pythia,1b,stable_style_policy,same_weights_other_chat,med_09,comparison,Compare field notes and retrospective summaries as records of what actually happened during a research visit.,ELABORATE,avg_sentence_length,NO,1.0,0.0,1.0,0.7602726221084595,11.25,NO,1.0,0.0,1.0,0.7527696490287781,16.0,0.0,0.0,TIE,TIE,,,,"{""raw_logit_scores"": {""YES"": 9.762484550476074, ""NO"": 8.821996688842773}, ""label_bias_scores"": {""YES"": 11.314533233642578, ""NO"": 9.219870567321777}, ""corrected_scores"": {""YES"": -1.552048683166504, ""NO"": -0.3978738784790039}, ""scoring_mode"": ""bias_corrected_choice_logits"", ""selected_short_label"": ""NO""}","{""raw_logit_scores"": {""YES"": 9.950518608093262, ""NO"": 8.969294548034668}, ""label_bias_scores"": {""YES"": 11.314533233642578, ""NO"": 9.219870567321777}, ""corrected_scores"": {""YES"": -1.3640146255493164, ""NO"": -0.2505760192871094}, ""scoring_mode"": ""bias_corrected_choice_logits"", ""selected_short_label"": ""NO""}"
11,EleutherAI/pythia-1b,pythia,1b,stable_style_policy,same_weights_other_chat,med_09,comparison,Compare field notes and retrospective summaries as records of what actually happened during a research visit.,HEDGE,hedge_density,NO,1.0,1.0,0.0,0.7892733812332153,0.0,NO,1.0,1.0,0.0,0.7887299060821533,0.0,0.0,0.0,TIE,TIE,,,,"{""raw_logit_scores"": {""YES"": 9.819156646728516, ""NO"": 9.045044898986816}, ""label_bias_scores"": {""YES"": 11.314533233642578, ""NO"": 9.219870567321777}, ""corrected_scores"": {""YES"": -1.4953765869140625, ""NO"": -0.17482566833496094}, ""scoring_mode"": ""bias_corrected_choice_logits"", ""selected_short_label"": ""NO""}","{""raw_logit_scores"": {""YES"": 9.779677391052246, ""NO"": 9.002301216125488}, ""label_bias_scores"": {""YES"": 11.314533233642578, ""NO"": 9.219870567321777}, ""corrected_scores"": {""YES"": -1.534855842590332, ""NO"": -0.21756935119628906}, ""scoring_mode"": ""bias_corrected_choice_logits"", ""selected_short_label"": ""NO""}"
11,EleutherAI/pythia-1b,pythia,1b,stable_style_policy,same_weights_other_chat,med_09,comparison,Compare field notes and retrospective summaries as records of what actually happened during a research visit.,FIRST_PERSON,first_person_rate,NO,1.0,1.0,0.0,0.7872767448425293,0.0,NO,1.0,1.0,0.0,0.7841985821723938,0.0,0.0,0.0,TIE,TIE,,,,"{""raw_logit_scores"": {""YES"": 9.358646392822266, ""NO"": 8.572571754455566}, ""label_bias_scores"": {""YES"": 11.314533233642578, ""NO"": 9.219870567321777}, ""corrected_scores"": {""YES"": -1.9558868408203125, ""NO"": -0.6472988128662109}, ""scoring_mode"": ""bias_corrected_choice_logits"", ""selected_short_label"": ""NO""}","{""raw_logit_scores"": {""YES"": 9.44023323059082, ""NO"": 8.635873794555664}, ""label_bias_scores"": {""YES"": 11.314533233642578, ""NO"": 9.219870567321777}, ""corrected_scores"": {""YES"": -1.8743000030517578, ""NO"": -0.5839967727661133}, ""scoring_mode"": ""bias_corrected_choice_logits"", ""selected_short_label"": ""NO""}"
11,EleutherAI/pythia-1b,pythia,1b,stable_style_policy,same_weights_other_chat,med_09,comparison,Compare field notes and retrospective summaries as records of what actually happened during a research visit.,DIRECTIVE,directive_rate,NO,1.0,0.0,1.0,0.7798972725868225,0.044444444444444446,NO,1.0,0.0,1.0,0.7964881062507629,0.0625,0.0,0.0,TIE,TIE,,,,"{""raw_logit_scores"": {""YES"": 9.81828784942627, ""NO"": 8.988693237304688}, ""label_bias_scores"": {""YES"": 11.314533233642578, ""NO"": 9.219870567321777}, ""corrected_scores"": {""YES"": -1.4962453842163086, ""NO"": -0.23117733001708984}, ""scoring_mode"": ""bias_corrected_choice_logits"", ""selected_short_label"": ""NO""}","{""raw_logit_scores"": {""YES"": 10.051712989807129, ""NO"": 9.321537971496582}, ""label_bias_scores"": {""YES"": 11.314533233642578, ""NO"": 9.219870567321777}, ""corrected_scores"": {""YES"": -1.2628202438354492, ""NO"": 0.10166740417480469}, ""scoring_mode"": ""bias_corrected_choice_logits"", ""selected_short_label"": ""NO""}"
11,EleutherAI/pythia-1b,pythia,1b,stable_style_policy,same_weights_other_chat,med_10,comparison,Compare an internal checklist and a polished postmortem as tools for preventing the same operational mistake twice.,ELABORATE,avg_sentence_length,NO,1.0,0.0,1.0,0.8023867011070251,20.0,NO,1.0,0.0,1.0,0.8040147423744202,19.0,0.0,0.0,TIE,TIE,,,,"{""raw_logit_scores"": {""YES"": 9.454148292541504, ""NO"": 8.760765075683594}, ""label_bias_scores"": {""YES"": 11.314533233642578, ""NO"": 9.219871520996094}, ""corrected_scores"": {""YES"": -1.8603849411010742, ""NO"": -0.4591064453125}, ""scoring_mode"": ""bias_corrected_choice_logits"", ""selected_short_label"": ""NO""}","{""raw_logit_scores"": {""YES"": 9.56946086883545, ""NO"": 8.886377334594727}, ""label_bias_scores"": {""YES"": 11.314533233642578, ""NO"": 9.219871520996094}, ""corrected_scores"": {""YES"": -1.745072364807129, ""NO"": -0.3334941864013672}, ""scoring_mode"": ""bias_corrected_choice_logits"", ""selected_short_label"": ""NO""}"
11,EleutherAI/pythia-1b,pythia,1b,stable_style_policy,same_weights_other_chat,med_10,comparison,Compare an internal checklist and a polished postmortem as tools for preventing the same operational mistake twice.,HEDGE,hedge_density,NO,1.0,1.0,0.0,0.8179852962493896,0.0,NO,1.0,1.0,0.0,0.8213517069816589,0.0,0.0,0.0,TIE,TIE,,,,"{""raw_logit_scores"": {""YES"": 9.467267036437988, ""NO"": 8.875362396240234}, ""label_bias_scores"": {""YES"": 11.314533233642578, ""NO"": 9.219871520996094}, ""corrected_scores"": {""YES"": -1.8472661972045898, ""NO"": -0.3445091247558594}, ""scoring_mode"": ""bias_corrected_choice_logits"", ""selected_short_label"": ""NO""}","{""raw_logit_scores"": {""YES"": 9.401832580566406, ""NO"": 8.832703590393066}, ""label_bias_scores"": {""YES"": 11.314533233642578, ""NO"": 9.219871520996094}, ""corrected_scores"": {""YES"": -1.9127006530761719, ""NO"": -0.38716793060302734}, ""scoring_mode"": ""bias_corrected_choice_logits"", ""selected_short_label"": ""NO""}"
11,EleutherAI/pythia-1b,pythia,1b,stable_style_policy,same_weights_other_chat,med_10,comparison,Compare an internal checklist and a polished postmortem as tools for preventing the same operational mistake twice.,FIRST_PERSON,first_person_rate,NO,1.0,1.0,0.0,0.8247628808021545,0.0,NO,1.0,1.0,0.0,0.8252275586128235,0.0,0.0,0.0,TIE,TIE,,,,"{""raw_logit_scores"": {""YES"": 8.977954864501953, ""NO"": 8.432249069213867}, ""label_bias_scores"": {""YES"": 11.314533233642578, ""NO"": 9.219871520996094}, ""corrected_scores"": {""YES"": -2.336578369140625, ""NO"": -0.7876224517822266}, ""scoring_mode"": ""bias_corrected_choice_logits"", ""selected_short_label"": ""NO""}","{""raw_logit_scores"": {""YES"": 9.019500732421875, ""NO"": 8.47701358795166}, ""label_bias_scores"": {""YES"": 11.314533233642578, ""NO"": 9.219871520996094}, ""corrected_scores"": {""YES"": -2.295032501220703, ""NO"": -0.7428579330444336}, ""scoring_mode"": ""bias_corrected_choice_logits"", ""selected_short_label"": ""NO""}"
11,EleutherAI/pythia-1b,pythia,1b,stable_style_policy,same_weights_other_chat,med_10,comparison,Compare an internal checklist and a polished postmortem as tools for preventing the same operational mistake twice.,DIRECTIVE,directive_rate,NO,1.0,0.0,1.0,0.8092216849327087,0.025,NO,1.0,0.0,1.0,0.8245066404342651,0.03508771929824561,0.0,0.0,TIE,TIE,,,,"{""raw_logit_scores"": {""YES"": 9.54315185546875, ""NO"": 8.893450736999512}, ""label_bias_scores"": {""YES"": 11.314533233642578, ""NO"": 9.219871520996094}, ""corrected_scores"": {""YES"": -1.7713813781738281, ""NO"": -0.32642078399658203}, ""scoring_mode"": ""bias_corrected_choice_logits"", ""selected_short_label"": ""NO""}","{""raw_logit_scores"": {""YES"": 9.712567329406738, ""NO"": 9.16508960723877}, ""label_bias_scores"": {""YES"": 11.314533233642578, ""NO"": 9.219871520996094}, ""corrected_scores"": {""YES"": -1.6019659042358398, ""NO"": -0.05478191375732422}, ""scoring_mode"": ""bias_corrected_choice_logits"", ""selected_short_label"": ""NO""}"
11,EleutherAI/pythia-1b,pythia,1b,stable_style_policy,same_weights_other_chat,med_11,planning,Sketch a short plan for turning a pile of scattered observations into a usable incident timeline.,ELABORATE,avg_sentence_length,NO,1.0,0.0,1.0,0.8120247721672058,16.0,NO,1.0,1.0,0.0,0.8134918808937073,4.0,1.0,0.0,SELF,OTHER,0.0,,,"{""raw_logit_scores"": {""YES"": 9.974031448364258, ""NO"": 9.342589378356934}, ""label_bias_scores"": {""YES"": 11.314533233642578, ""NO"": 9.219870567321777}, ""corrected_scores"": {""YES"": -1.3405017852783203, ""NO"": 0.12271881103515625}, ""scoring_mode"": ""bias_corrected_choice_logits"", ""selected_short_label"": ""NO""}","{""raw_logit_scores"": {""YES"": 10.03464412689209, ""NO"": 9.412842750549316}, ""label_bias_scores"": {""YES"": 11.314533233642578, ""NO"": 9.219870567321777}, ""corrected_scores"": {""YES"": -1.2798891067504883, ""NO"": 0.19297218322753906}, ""scoring_mode"": ""bias_corrected_choice_logits"", ""selected_short_label"": ""NO""}"
11,EleutherAI/pythia-1b,pythia,1b,stable_style_policy,same_weights_other_chat,med_11,planning,Sketch a short plan for turning a pile of scattered observations into a usable incident timeline.,HEDGE,hedge_density,NO,1.0,1.0,0.0,0.8299861550331116,0.0,NO,1.0,1.0,0.0,0.8358992338180542,0.0,0.0,0.0,TIE,TIE,,,,"{""raw_logit_scores"": {""YES"": 10.028786659240723, ""NO"": 9.5196533203125}, ""label_bias_scores"": {""YES"": 11.314533233642578, ""NO"": 9.219870567321777}, ""corrected_scores"": {""YES"": -1.2857465744018555, ""NO"": 0.29978275299072266}, ""scoring_mode"": ""bias_corrected_choice_logits"", ""selected_short_label"": ""NO""}","{""raw_logit_scores"": {""YES"": 9.882858276367188, ""NO"": 9.41622257232666}, ""label_bias_scores"": {""YES"": 11.314533233642578, ""NO"": 9.219870567321777}, ""corrected_scores"": {""YES"": -1.4316749572753906, ""NO"": 0.1963520050048828}, ""scoring_mode"": ""bias_corrected_choice_logits"", ""selected_short_label"": ""NO""}"
11,EleutherAI/pythia-1b,pythia,1b,stable_style_policy,same_weights_other_chat,med_11,planning,Sketch a short plan for turning a pile of scattered observations into a usable incident timeline.,FIRST_PERSON,first_person_rate,NO,1.0,1.0,0.0,0.8218657374382019,0.0,NO,1.0,1.0,0.0,0.8258285522460938,0.0,0.0,0.0,TIE,TIE,,,,"{""raw_logit_scores"": {""YES"": 9.66623592376709, ""NO"": 9.10061264038086}, ""label_bias_scores"": {""YES"": 11.314533233642578, ""NO"": 9.219870567321777}, ""corrected_scores"": {""YES"": -1.6482973098754883, ""NO"": -0.11925792694091797}, ""scoring_mode"": ""bias_corrected_choice_logits"", ""selected_short_label"": ""NO""}","{""raw_logit_scores"": {""YES"": 9.631226539611816, ""NO"": 9.092910766601562}, ""label_bias_scores"": {""YES"": 11.314533233642578, ""NO"": 9.219870567321777}, ""corrected_scores"": {""YES"": -1.6833066940307617, ""NO"": -0.12695980072021484}, ""scoring_mode"": ""bias_corrected_choice_logits"", ""selected_short_label"": ""NO""}"
11,EleutherAI/pythia-1b,pythia,1b,stable_style_policy,same_weights_other_chat,med_11,planning,Sketch a short plan for turning a pile of scattered observations into a usable incident timeline.,DIRECTIVE,directive_rate,NO,1.0,0.0,1.0,0.8160501718521118,0.0625,NO,1.0,1.0,0.0,0.8359763622283936,0.0,1.0,0.0,SELF,OTHER,0.0,,,"{""raw_logit_scores"": {""YES"": 9.991546630859375, ""NO"": 9.386696815490723}, ""label_bias_scores"": {""YES"": 11.314533233642578, ""NO"": 9.219870567321777}, ""corrected_scores"": {""YES"": -1.3229866027832031, ""NO"": 0.1668262481689453}, ""scoring_mode"": ""bias_corrected_choice_logits"", ""selected_short_label"": ""NO""}","{""raw_logit_scores"": {""YES"": 10.136507987976074, ""NO"": 9.670434951782227}, ""label_bias_scores"": {""YES"": 11.314533233642578, ""NO"": 9.219870567321777}, ""corrected_scores"": {""YES"": -1.178025245666504, ""NO"": 0.4505643844604492}, ""scoring_mode"": ""bias_corrected_choice_logits"", ""selected_short_label"": ""NO""}"
11,EleutherAI/pythia-1b,pythia,1b,stable_style_policy,same_weights_other_chat,med_12,planning,Sketch a short plan for helping a student narrow a thesis topic without draining all of the curiosity out of it.,ELABORATE,avg_sentence_length,NO,1.0,0.0,1.0,0.802754819393158,20.0,NO,1.0,0.0,1.0,0.7832403779029846,12.666666666666666,0.0,0.0,TIE,TIE,,,,"{""raw_logit_scores"": {""YES"": 10.272499084472656, ""NO"": 9.581437110900879}, ""label_bias_scores"": {""YES"": 11.314532279968262, ""NO"": 9.219868659973145}, ""corrected_scores"": {""YES"": -1.0420331954956055, ""NO"": 0.3615684509277344}, ""scoring_mode"": ""bias_corrected_choice_logits"", ""selected_short_label"": ""NO""}","{""raw_logit_scores"": {""YES"": 10.264222145080566, ""NO"": 9.454209327697754}, ""label_bias_scores"": {""YES"": 11.314532279968262, ""NO"": 9.219868659973145}, ""corrected_scores"": {""YES"": -1.0503101348876953, ""NO"": 0.23434066772460938}, ""scoring_mode"": ""bias_corrected_choice_logits"", ""selected_short_label"": ""NO""}"
11,EleutherAI/pythia-1b,pythia,1b,stable_style_policy,same_weights_other_chat,med_12,planning,Sketch a short plan for helping a student narrow a thesis topic without draining all of the curiosity out of it.,HEDGE,hedge_density,NO,1.0,1.0,0.0,0.8133037090301514,0.0,NO,1.0,1.0,0.0,0.8070603013038635,0.0,0.0,0.0,TIE,TIE,,,,"{""raw_logit_scores"": {""YES"": 10.110060691833496, ""NO"": 9.487018585205078}, ""label_bias_scores"": {""YES"": 11.314532279968262, ""NO"": 9.219868659973145}, ""corrected_scores"": {""YES"": -1.2044715881347656, ""NO"": 0.2671499252319336}, ""scoring_mode"": ""bias_corrected_choice_logits"", ""selected_short_label"": ""NO""}","{""raw_logit_scores"": {""YES"": 10.13247013092041, ""NO"": 9.468827247619629}, ""label_bias_scores"": {""YES"": 11.314532279968262, ""NO"": 9.219868659973145}, ""corrected_scores"": {""YES"": -1.1820621490478516, ""NO"": 0.24895858764648438}, ""scoring_mode"": ""bias_corrected_choice_logits"", ""selected_short_label"": ""NO""}"
11,EleutherAI/pythia-1b,pythia,1b,stable_style_policy,same_weights_other_chat,med_12,planning,Sketch a short plan for helping a student narrow a thesis topic without draining all of the curiosity out of it.,FIRST_PERSON,first_person_rate,NO,1.0,1.0,0.0,0.8127607703208923,0.0,NO,1.0,1.0,0.0,0.8012253046035767,0.0,0.0,0.0,TIE,TIE,,,,"{""raw_logit_scores"": {""YES"": 9.71169662475586, ""NO"": 9.0850830078125}, ""label_bias_scores"": {""YES"": 11.314532279968262, ""NO"": 9.219868659973145}, ""corrected_scores"": {""YES"": -1.6028356552124023, ""NO"": -0.13478565216064453}, ""scoring_mode"": ""bias_corrected_choice_logits"", ""selected_short_label"": ""NO""}","{""raw_logit_scores"": {""YES"": 9.832979202270508, ""NO"": 9.132286071777344}, ""label_bias_scores"": {""YES"": 11.314532279968262, ""NO"": 9.219868659973145}, ""corrected_scores"": {""YES"": -1.481553077697754, ""NO"": -0.08758258819580078}, ""scoring_mode"": ""bias_corrected_choice_logits"", ""selected_short_label"": ""NO""}"
11,EleutherAI/pythia-1b,pythia,1b,stable_style_policy,same_weights_other_chat,med_12,planning,Sketch a short plan for helping a student narrow a thesis topic without draining all of the curiosity out of it.,DIRECTIVE,directive_rate,NO,1.0,0.0,1.0,0.8172935843467712,0.025,NO,1.0,0.0,1.0,0.8156029582023621,0.02631578947368421,0.0,0.0,TIE,TIE,,,,"{""raw_logit_scores"": {""YES"": 10.23008918762207, ""NO"": 9.633543014526367}, ""label_bias_scores"": {""YES"": 11.314532279968262, ""NO"": 9.219868659973145}, ""corrected_scores"": {""YES"": -1.0844430923461914, ""NO"": 0.41367435455322266}, ""scoring_mode"": ""bias_corrected_choice_logits"", ""selected_short_label"": ""NO""}","{""raw_logit_scores"": {""YES"": 10.364922523498535, ""NO"": 9.757095336914062}, ""label_bias_scores"": {""YES"": 11.314532279968262, ""NO"": 9.219868659973145}, ""corrected_scores"": {""YES"": -0.9496097564697266, ""NO"": 0.537226676940918}, ""scoring_mode"": ""bias_corrected_choice_logits"", ""selected_short_label"": ""NO""}"
17,EleutherAI/pythia-1b,pythia,1b,stable_style_policy,same_weights_other_chat,med_01,triage,"A research tool rollout confused users, and the support inbox is filling with contradictory complaints. What should the team do in the next twenty-four hours?",ELABORATE,avg_sentence_length,NO,1.0,0.0,1.0,0.7923604249954224,16.4,NO,1.0,1.0,0.0,0.7871657609939575,10.0,1.0,0.0,SELF,OTHER,0.0,,,"{""raw_logit_scores"": {""YES"": 9.84603500366211, ""NO"": 9.09058666229248}, ""label_bias_scores"": {""YES"": 11.314532279968262, ""NO"": 9.219871520996094}, ""corrected_scores"": {""YES"": -1.4684972763061523, ""NO"": -0.12928485870361328}, ""scoring_mode"": ""bias_corrected_choice_logits"", ""selected_short_label"": ""NO""}","{""raw_logit_scores"": {""YES"": 9.994768142700195, ""NO"": 9.208032608032227}, ""label_bias_scores"": {""YES"": 11.314532279968262, ""NO"": 9.219871520996094}, ""corrected_scores"": {""YES"": -1.3197641372680664, ""NO"": -0.011838912963867188}, ""scoring_mode"": ""bias_corrected_choice_logits"", ""selected_short_label"": ""NO""}"
17,EleutherAI/pythia-1b,pythia,1b,stable_style_policy,same_weights_other_chat,med_01,triage,"A research tool rollout confused users, and the support inbox is filling with contradictory complaints. What should the team do in the next twenty-four hours?",HEDGE,hedge_density,NO,1.0,1.0,0.0,0.7945795655250549,0.0,NO,1.0,1.0,0.0,0.804358959197998,0.0,0.0,0.0,TIE,TIE,,,,"{""raw_logit_scores"": {""YES"": 9.682313919067383, ""NO"": 8.940407752990723}, ""label_bias_scores"": {""YES"": 11.314532279968262, ""NO"": 9.219871520996094}, ""corrected_scores"": {""YES"": -1.632218360900879, ""NO"": -0.2794637680053711}, ""scoring_mode"": ""bias_corrected_choice_logits"", ""selected_short_label"": ""NO""}","{""raw_logit_scores"": {""YES"": 9.92432975769043, ""NO"": 9.243432998657227}, ""label_bias_scores"": {""YES"": 11.314532279968262, ""NO"": 9.219871520996094}, ""corrected_scores"": {""YES"": -1.390202522277832, ""NO"": 0.023561477661132812}, ""scoring_mode"": ""bias_corrected_choice_logits"", ""selected_short_label"": ""NO""}"
17,EleutherAI/pythia-1b,pythia,1b,stable_style_policy,same_weights_other_chat,med_01,triage,"A research tool rollout confused users, and the support inbox is filling with contradictory complaints. What should the team do in the next twenty-four hours?",FIRST_PERSON,first_person_rate,NO,1.0,0.0,1.0,0.793860673904419,0.04878048780487805,NO,1.0,1.0,0.0,0.7970173954963684,0.0,1.0,0.0,SELF,OTHER,0.0,,,"{""raw_logit_scores"": {""YES"": 9.351054191589355, ""NO"": 8.604748725891113}, ""label_bias_scores"": {""YES"": 11.314532279968262, ""NO"": 9.219871520996094}, ""corrected_scores"": {""YES"": -1.9634780883789062, ""NO"": -0.6151227951049805}, ""scoring_mode"": ""bias_corrected_choice_logits"", ""selected_short_label"": ""NO""}","{""raw_logit_scores"": {""YES"": 9.694547653198242, ""NO"": 8.967642784118652}, ""label_bias_scores"": {""YES"": 11.314532279968262, ""NO"": 9.219871520996094}, ""corrected_scores"": {""YES"": -1.6199846267700195, ""NO"": -0.2522287368774414}, ""scoring_mode"": ""bias_corrected_choice_logits"", ""selected_short_label"": ""NO""}"
17,EleutherAI/pythia-1b,pythia,1b,stable_style_policy,same_weights_other_chat,med_01,triage,"A research tool rollout confused users, and the support inbox is filling with contradictory complaints. What should the team do in the next twenty-four hours?",DIRECTIVE,directive_rate,NO,1.0,0.0,1.0,0.8121512532234192,0.06097560975609756,NO,1.0,1.0,0.0,0.8097150921821594,0.0,1.0,0.0,SELF,OTHER,0.0,,,"{""raw_logit_scores"": {""YES"": 9.971620559692383, ""NO"": 9.341009140014648}, ""label_bias_scores"": {""YES"": 11.314532279968262, ""NO"": 9.219871520996094}, ""corrected_scores"": {""YES"": -1.342911720275879, ""NO"": 0.12113761901855469}, ""scoring_mode"": ""bias_corrected_choice_logits"", ""selected_short_label"": ""NO""}","{""raw_logit_scores"": {""YES"": 9.975125312805176, ""NO"": 9.328624725341797}, ""label_bias_scores"": {""YES"": 11.314532279968262, ""NO"": 9.219871520996094}, ""corrected_scores"": {""YES"": -1.339406967163086, ""NO"": 0.10875320434570312}, ""scoring_mode"": ""bias_corrected_choice_logits"", ""selected_short_label"": ""NO""}"
17,EleutherAI/pythia-1b,pythia,1b,stable_style_policy,same_weights_other_chat,med_02,triage,A small archive digitization effort keeps losing track of versioned files and naming conventions. What should the team fix first?,ELABORATE,avg_sentence_length,NO,1.0,0.0,1.0,0.7996822595596313,16.4,NO,1.0,0.0,1.0,0.7834506034851074,11.0,0.0,0.0,TIE,TIE,,,,"{""raw_logit_scores"": {""YES"": 10.069766998291016, ""NO"": 9.359413146972656}, ""label_bias_scores"": {""YES"": 11.314536094665527, ""NO"": 9.21987247467041}, ""corrected_scores"": {""YES"": -1.2447690963745117, ""NO"": 0.1395406723022461}, ""scoring_mode"": ""bias_corrected_choice_logits"", ""selected_short_label"": ""NO""}","{""raw_logit_scores"": {""YES"": 10.018531799316406, ""NO"": 9.209757804870605}, ""label_bias_scores"": {""YES"": 11.314536094665527, ""NO"": 9.21987247467041}, ""corrected_scores"": {""YES"": -1.296004295349121, ""NO"": -0.010114669799804688}, ""scoring_mode"": ""bias_corrected_choice_logits"", ""selected_short_label"": ""NO""}"
17,EleutherAI/pythia-1b,pythia,1b,stable_style_policy,same_weights_other_chat,med_02,triage,A small archive digitization effort keeps losing track of versioned files and naming conventions. What should the team fix first?,HEDGE,hedge_density,NO,1.0,1.0,0.0,0.80370032787323,0.012195121951219513,NO,1.0,1.0,0.0,0.8014870285987854,0.0,0.0,0.0,TIE,TIE,,,,"{""raw_logit_scores"": {""YES"": 9.87965202331543, ""NO"": 9.194572448730469}, ""label_bias_scores"": {""YES"": 11.314536094665527, ""NO"": 9.21987247467041}, ""corrected_scores"": {""YES"": -1.4348840713500977, ""NO"": -0.025300025939941406}, ""scoring_mode"": ""bias_corrected_choice_logits"", ""selected_short_label"": ""NO""}","{""raw_logit_scores"": {""YES"": 9.884601593017578, ""NO"": 9.185552597045898}, ""label_bias_scores"": {""YES"": 11.314536094665527, ""NO"": 9.21987247467041}, ""corrected_scores"": {""YES"": -1.4299345016479492, ""NO"": -0.03431987762451172}, ""scoring_mode"": ""bias_corrected_choice_logits"", ""selected_short_label"": ""NO""}"
17,EleutherAI/pythia-1b,pythia,1b,stable_style_policy,same_weights_other_chat,med_02,triage,A small archive digitization effort keeps losing track of versioned files and naming conventions. What should the team fix first?,FIRST_PERSON,first_person_rate,NO,1.0,0.0,1.0,0.8076627850532532,0.04878048780487805,NO,1.0,1.0,0.0,0.8018193244934082,0.0,1.0,0.0,SELF,OTHER,0.0,,,"{""raw_logit_scores"": {""YES"": 9.615131378173828, ""NO"": 8.955362319946289}, ""label_bias_scores"": {""YES"": 11.314536094665527, ""NO"": 9.21987247467041}, ""corrected_scores"": {""YES"": -1.6994047164916992, ""NO"": -0.2645101547241211}, ""scoring_mode"": ""bias_corrected_choice_logits"", ""selected_short_label"": ""NO""}","{""raw_logit_scores"": {""YES"": 9.681445121765137, ""NO"": 8.984485626220703}, ""label_bias_scores"": {""YES"": 11.314536094665527, ""NO"": 9.21987247467041}, ""corrected_scores"": {""YES"": -1.6330909729003906, ""NO"": -0.23538684844970703}, ""scoring_mode"": ""bias_corrected_choice_logits"", ""selected_short_label"": ""NO""}"
17,EleutherAI/pythia-1b,pythia,1b,stable_style_policy,same_weights_other_chat,med_02,triage,A small archive digitization effort keeps losing track of versioned files and naming conventions. What should the team fix first?,DIRECTIVE,directive_rate,NO,1.0,0.0,1.0,0.8209039568901062,0.04878048780487805,NO,1.0,0.0,1.0,0.8196007013320923,0.09090909090909091,0.0,0.0,TIE,TIE,,,,"{""raw_logit_scores"": {""YES"": 10.141949653625488, ""NO"": 9.569769859313965}, ""label_bias_scores"": {""YES"": 11.314536094665527, ""NO"": 9.21987247467041}, ""corrected_scores"": {""YES"": -1.172586441040039, ""NO"": 0.3498973846435547}, ""scoring_mode"": ""bias_corrected_choice_logits"", ""selected_short_label"": ""NO""}","{""raw_logit_scores"": {""YES"": 10.15831470489502, ""NO"": 9.577295303344727}, ""label_bias_scores"": {""YES"": 11.314536094665527, ""NO"": 9.21987247467041}, ""corrected_scores"": {""YES"": -1.1562213897705078, ""NO"": 0.3574228286743164}, ""scoring_mode"": ""bias_corrected_choice_logits"", ""selected_short_label"": ""NO""}"
17,EleutherAI/pythia-1b,pythia,1b,stable_style_policy,same_weights_other_chat,med_03,critique,Give feedback on a draft methods section that keeps mixing procedural detail with interpretation.,ELABORATE,avg_sentence_length,NO,1.0,0.0,1.0,0.7985630631446838,13.0,NO,1.0,0.0,1.0,0.7978673577308655,16.0,0.0,0.0,TIE,TIE,,,,"{""raw_logit_scores"": {""YES"": 10.236787796020508, ""NO"": 9.5194673538208}, ""label_bias_scores"": {""YES"": 11.314532279968262, ""NO"": 9.219874382019043}, ""corrected_scores"": {""YES"": -1.077744483947754, ""NO"": 0.2995929718017578}, ""scoring_mode"": ""bias_corrected_choice_logits"", ""selected_short_label"": ""NO""}","{""raw_logit_scores"": {""YES"": 10.405898094177246, ""NO"": 9.684258460998535}, ""label_bias_scores"": {""YES"": 11.314532279968262, ""NO"": 9.219874382019043}, ""corrected_scores"": {""YES"": -0.9086341857910156, ""NO"": 0.4643840789794922}, ""scoring_mode"": ""bias_corrected_choice_logits"", ""selected_short_label"": ""NO""}"
17,EleutherAI/pythia-1b,pythia,1b,stable_style_policy,same_weights_other_chat,med_03,critique,Give feedback on a draft methods section that keeps mixing procedural detail with interpretation.,HEDGE,hedge_density,NO,1.0,1.0,0.0,0.8054196238517761,0.0,NO,1.0,1.0,0.0,0.8126650452613831,0.0,0.0,0.0,TIE,TIE,,,,"{""raw_logit_scores"": {""YES"": 10.171422958374023, ""NO"": 9.497282981872559}, ""label_bias_scores"": {""YES"": 11.314532279968262, ""NO"": 9.219874382019043}, ""corrected_scores"": {""YES"": -1.1431093215942383, ""NO"": 0.2774085998535156}, ""scoring_mode"": ""bias_corrected_choice_logits"", ""selected_short_label"": ""NO""}","{""raw_logit_scores"": {""YES"": 10.172856330871582, ""NO"": 9.545619010925293}, ""label_bias_scores"": {""YES"": 11.314532279968262, ""NO"": 9.219874382019043}, ""corrected_scores"": {""YES"": -1.1416759490966797, ""NO"": 0.32574462890625}, ""scoring_mode"": ""bias_corrected_choice_logits"", ""selected_short_label"": ""NO""}"
17,EleutherAI/pythia-1b,pythia,1b,stable_style_policy,same_weights_other_chat,med_03,critique,Give feedback on a draft methods section that keeps mixing procedural detail with interpretation.,FIRST_PERSON,first_person_rate,NO,1.0,1.0,0.0,0.8074654340744019,0.0,NO,1.0,1.0,0.0,0.8120346665382385,0.0,0.0,0.0,TIE,TIE,,,,"{""raw_logit_scores"": {""YES"": 9.82751178741455, ""NO"": 9.166478157043457}, ""label_bias_scores"": {""YES"": 11.314532279968262, ""NO"": 9.219874382019043}, ""corrected_scores"": {""YES"": -1.487020492553711, ""NO"": -0.05339622497558594}, ""scoring_mode"": ""bias_corrected_choice_logits"", ""selected_short_label"": ""NO""}","{""raw_logit_scores"": {""YES"": 9.918992042541504, ""NO"": 9.287619590759277}, ""label_bias_scores"": {""YES"": 11.314532279968262, ""NO"": 9.219874382019043}, ""corrected_scores"": {""YES"": -1.3955402374267578, ""NO"": 0.06774520874023438}, ""scoring_mode"": ""bias_corrected_choice_logits"", ""selected_short_label"": ""NO""}"
17,EleutherAI/pythia-1b,pythia,1b,stable_style_policy,same_weights_other_chat,med_03,critique,Give feedback on a draft methods section that keeps mixing procedural detail with interpretation.,DIRECTIVE,directive_rate,NO,1.0,1.0,0.0,0.8096168041229248,0.0,NO,1.0,0.0,1.0,0.8161312341690063,0.125,1.0,0.0,OTHER,OTHER,1.0,,,"{""raw_logit_scores"": {""YES"": 10.23538589477539, ""NO"": 9.588250160217285}, ""label_bias_scores"": {""YES"": 11.314532279968262, ""NO"": 9.219874382019043}, ""corrected_scores"": {""YES"": -1.079146385192871, ""NO"": 0.3683757781982422}, ""scoring_mode"": ""bias_corrected_choice_logits"", ""selected_short_label"": ""NO""}","{""raw_logit_scores"": {""YES"": 10.529560089111328, ""NO"": 9.925254821777344}, ""label_bias_scores"": {""YES"": 11.314532279968262, ""NO"": 9.219874382019043}, ""corrected_scores"": {""YES"": -0.7849721908569336, ""NO"": 0.7053804397583008}, ""scoring_mode"": ""bias_corrected_choice_logits"", ""selected_short_label"": ""NO""}"
17,EleutherAI/pythia-1b,pythia,1b,stable_style_policy,same_weights_other_chat,med_04,critique,Give feedback on a student memo that is polite and energetic but hides the main recommendation until the end.,ELABORATE,avg_sentence_length,NO,1.0,0.0,1.0,0.8182606101036072,18.0,NO,1.0,0.0,1.0,0.8026202321052551,19.0,0.0,0.0,TIE,TIE,,,,"{""raw_logit_scores"": {""YES"": 10.175642013549805, ""NO"": 9.585591316223145}, ""label_bias_scores"": {""YES"": 11.314529418945312, ""NO"": 9.219871520996094}, ""corrected_scores"": {""YES"": -1.1388874053955078, ""NO"": 0.3657197952270508}, ""scoring_mode"": ""bias_corrected_choice_logits"", ""selected_short_label"": ""NO""}","{""raw_logit_scores"": {""YES"": 10.43178939819336, ""NO"": 9.739883422851562}, ""label_bias_scores"": {""YES"": 11.314529418945312, ""NO"": 9.219871520996094}, ""corrected_scores"": {""YES"": -0.8827400207519531, ""NO"": 0.5200119018554688}, ""scoring_mode"": ""bias_corrected_choice_logits"", ""selected_short_label"": ""NO""}"
17,EleutherAI/pythia-1b,pythia,1b,stable_style_policy,same_weights_other_chat,med_04,critique,Give feedback on a student memo that is polite and energetic but hides the main recommendation until the end.,HEDGE,hedge_density,NO,1.0,0.0,1.0,0.8248085975646973,0.027777777777777776,NO,1.0,1.0,0.0,0.8139104843139648,0.0,1.0,0.0,SELF,OTHER,0.0,,,"{""raw_logit_scores"": {""YES"": 10.12003231048584, ""NO"": 9.574646949768066}, ""label_bias_scores"": {""YES"": 11.314529418945312, ""NO"": 9.219871520996094}, ""corrected_scores"": {""YES"": -1.1944971084594727, ""NO"": 0.35477542877197266}, ""scoring_mode"": ""bias_corrected_choice_logits"", ""selected_short_label"": ""NO""}","{""raw_logit_scores"": {""YES"": 10.185843467712402, ""NO"": 9.566807746887207}, ""label_bias_scores"": {""YES"": 11.314529418945312, ""NO"": 9.219871520996094}, ""corrected_scores"": {""YES"": -1.1286859512329102, ""NO"": 0.3469362258911133}, ""scoring_mode"": ""bias_corrected_choice_logits"", ""selected_short_label"": ""NO""}"
17,EleutherAI/pythia-1b,pythia,1b,stable_style_policy,same_weights_other_chat,med_04,critique,Give feedback on a student memo that is polite and energetic but hides the main recommendation until the end.,FIRST_PERSON,first_person_rate,NO,1.0,1.0,0.0,0.8289515376091003,0.0,NO,1.0,1.0,0.0,0.8166697025299072,0.0,0.0,0.0,TIE,TIE,,,,"{""raw_logit_scores"": {""YES"": 9.695083618164062, ""NO"": 9.178640365600586}, ""label_bias_scores"": {""YES"": 11.314529418945312, ""NO"": 9.219871520996094}, ""corrected_scores"": {""YES"": -1.61944580078125, ""NO"": -0.04123115539550781}, ""scoring_mode"": ""bias_corrected_choice_logits"", ""selected_short_label"": ""NO""}","{""raw_logit_scores"": {""YES"": 9.861824035644531, ""NO"": 9.26111125946045}, ""label_bias_scores"": {""YES"": 11.314529418945312, ""NO"": 9.219871520996094}, ""corrected_scores"": {""YES"": -1.4527053833007812, ""NO"": 0.04123973846435547}, ""scoring_mode"": ""bias_corrected_choice_logits"", ""selected_short_label"": ""NO""}"
17,EleutherAI/pythia-1b,pythia,1b,stable_style_policy,same_weights_other_chat,med_04,critique,Give feedback on a student memo that is polite and energetic but hides the main recommendation until the end.,DIRECTIVE,directive_rate,NO,1.0,1.0,0.0,0.8270405530929565,0.0,NO,1.0,1.0,0.0,0.8278706669807434,0.0,0.0,0.0,TIE,TIE,,,,"{""raw_logit_scores"": {""YES"": 10.165470123291016, ""NO"": 9.635608673095703}, ""label_bias_scores"": {""YES"": 11.314529418945312, ""NO"": 9.219871520996094}, ""corrected_scores"": {""YES"": -1.1490592956542969, ""NO"": 0.4157371520996094}, ""scoring_mode"": ""bias_corrected_choice_logits"", ""selected_short_label"": ""NO""}","{""raw_logit_scores"": {""YES"": 10.496682167053223, ""NO"": 9.972635269165039}, ""label_bias_scores"": {""YES"": 11.314529418945312, ""NO"": 9.219871520996094}, ""corrected_scores"": {""YES"": -0.8178472518920898, ""NO"": 0.7527637481689453}, ""scoring_mode"": ""bias_corrected_choice_logits"", ""selected_short_label"": ""NO""}"
17,EleutherAI/pythia-1b,pythia,1b,stable_style_policy,same_weights_other_chat,med_05,policy,Write a short policy note on how a small lab should document assumptions before shipping an internal tool update.,ELABORATE,avg_sentence_length,NO,1.0,0.0,1.0,0.804096519947052,28.0,NO,1.0,0.0,1.0,0.8048825860023499,11.0,0.0,0.0,TIE,TIE,,,,"{""raw_logit_scores"": {""YES"": 10.24133586883545, ""NO"": 9.558774948120117}, ""label_bias_scores"": {""YES"": 11.314529418945312, ""NO"": 9.219871520996094}, ""corrected_scores"": {""YES"": -1.0731935501098633, ""NO"": 0.33890342712402344}, ""scoring_mode"": ""bias_corrected_choice_logits"", ""selected_short_label"": ""NO""}","{""raw_logit_scores"": {""YES"": 10.277203559875488, ""NO"": 9.599640846252441}, ""label_bias_scores"": {""YES"": 11.314529418945312, ""NO"": 9.219871520996094}, ""corrected_scores"": {""YES"": -1.0373258590698242, ""NO"": 0.37976932525634766}, ""scoring_mode"": ""bias_corrected_choice_logits"", ""selected_short_label"": ""NO""}"
17,EleutherAI/pythia-1b,pythia,1b,stable_style_policy,same_weights_other_chat,med_05,policy,Write a short policy note on how a small lab should document assumptions before shipping an internal tool update.,HEDGE,hedge_density,NO,1.0,1.0,0.0,0.8226010203361511,0.0,NO,1.0,1.0,0.0,0.8249830007553101,0.0,0.0,0.0,TIE,TIE,,,,"{""raw_logit_scores"": {""YES"": 10.128311157226562, ""NO"": 9.567723274230957}, ""label_bias_scores"": {""YES"": 11.314529418945312, ""NO"": 9.219871520996094}, ""corrected_scores"": {""YES"": -1.18621826171875, ""NO"": 0.3478517532348633}, ""scoring_mode"": ""bias_corrected_choice_logits"", ""selected_short_label"": ""NO""}","{""raw_logit_scores"": {""YES"": 10.01104736328125, ""NO"": 9.466869354248047}, ""label_bias_scores"": {""YES"": 11.314529418945312, ""NO"": 9.219871520996094}, ""corrected_scores"": {""YES"": -1.3034820556640625, ""NO"": 0.24699783325195312}, ""scoring_mode"": ""bias_corrected_choice_logits"", ""selected_short_label"": ""NO""}"
17,EleutherAI/pythia-1b,pythia,1b,stable_style_policy,same_weights_other_chat,med_05,policy,Write a short policy note on how a small lab should document assumptions before shipping an internal tool update.,FIRST_PERSON,first_person_rate,NO,1.0,1.0,0.0,0.818855345249176,0.0,NO,1.0,1.0,0.0,0.821327805519104,0.0,0.0,0.0,TIE,TIE,,,,"{""raw_logit_scores"": {""YES"": 9.818082809448242, ""NO"": 9.232036590576172}, ""label_bias_scores"": {""YES"": 11.314529418945312, ""NO"": 9.219871520996094}, ""corrected_scores"": {""YES"": -1.4964466094970703, ""NO"": 0.012165069580078125}, ""scoring_mode"": ""bias_corrected_choice_logits"", ""selected_short_label"": ""NO""}","{""raw_logit_scores"": {""YES"": 9.785545349121094, ""NO"": 9.216257095336914}, ""label_bias_scores"": {""YES"": 11.314529418945312, ""NO"": 9.219871520996094}, ""corrected_scores"": {""YES"": -1.5289840698242188, ""NO"": -0.0036144256591796875}, ""scoring_mode"": ""bias_corrected_choice_logits"", ""selected_short_label"": ""NO""}"
17,EleutherAI/pythia-1b,pythia,1b,stable_style_policy,same_weights_other_chat,med_05,policy,Write a short policy note on how a small lab should document assumptions before shipping an internal tool update.,DIRECTIVE,directive_rate,NO,1.0,0.0,1.0,0.8199720978736877,0.10714285714285714,NO,1.0,0.0,1.0,0.8328547477722168,0.18181818181818182,0.0,0.0,TIE,TIE,,,,"{""raw_logit_scores"": {""YES"": 10.189181327819824, ""NO"": 9.610681533813477}, ""label_bias_scores"": {""YES"": 11.314529418945312, ""NO"": 9.219871520996094}, ""corrected_scores"": {""YES"": -1.1253480911254883, ""NO"": 0.3908100128173828}, ""scoring_mode"": ""bias_corrected_choice_logits"", ""selected_short_label"": ""NO""}","{""raw_logit_scores"": {""YES"": 10.312101364135742, ""NO"": 9.823439598083496}, ""label_bias_scores"": {""YES"": 11.314529418945312, ""NO"": 9.219871520996094}, ""corrected_scores"": {""YES"": -1.0024280548095703, ""NO"": 0.6035680770874023}, ""scoring_mode"": ""bias_corrected_choice_logits"", ""selected_short_label"": ""NO""}"
17,EleutherAI/pythia-1b,pythia,1b,stable_style_policy,same_weights_other_chat,med_06,policy,Write a short policy note on how a museum team should record changes to exhibit labels during revision.,ELABORATE,avg_sentence_length,NO,1.0,0.0,1.0,0.7432669997215271,18.0,NO,1.0,1.0,0.0,0.7381590008735657,9.0,1.0,0.0,SELF,OTHER,0.0,,,"{""raw_logit_scores"": {""YES"": 10.100985527038574, ""NO"": 9.069342613220215}, ""label_bias_scores"": {""YES"": 11.314533233642578, ""NO"": 9.219871520996094}, ""corrected_scores"": {""YES"": -1.213547706604004, ""NO"": -0.1505289077758789}, ""scoring_mode"": ""bias_corrected_choice_logits"", ""selected_short_label"": ""NO""}","{""raw_logit_scores"": {""YES"": 10.150643348693848, ""NO"": 9.092403411865234}, ""label_bias_scores"": {""YES"": 11.314533233642578, ""NO"": 9.219871520996094}, ""corrected_scores"": {""YES"": -1.1638898849487305, ""NO"": -0.12746810913085938}, ""scoring_mode"": ""bias_corrected_choice_logits"", ""selected_short_label"": ""NO""}"
17,EleutherAI/pythia-1b,pythia,1b,stable_style_policy,same_weights_other_chat,med_06,policy,Write a short policy note on how a museum team should record changes to exhibit labels during revision.,HEDGE,hedge_density,NO,1.0,1.0,0.0,0.7569665312767029,0.0,NO,1.0,1.0,0.0,0.7507205605506897,0.0,0.0,0.0,TIE,TIE,,,,"{""raw_logit_scores"": {""YES"": 10.042431831359863, ""NO"": 9.083889961242676}, ""label_bias_scores"": {""YES"": 11.314533233642578, ""NO"": 9.219871520996094}, ""corrected_scores"": {""YES"": -1.2721014022827148, ""NO"": -0.13598155975341797}, ""scoring_mode"": ""bias_corrected_choice_logits"", ""selected_short_label"": ""NO""}","{""raw_logit_scores"": {""YES"": 9.890780448913574, ""NO"": 8.898577690124512}, ""label_bias_scores"": {""YES"": 11.314533233642578, ""NO"": 9.219871520996094}, ""corrected_scores"": {""YES"": -1.423752784729004, ""NO"": -0.32129383087158203}, ""scoring_mode"": ""bias_corrected_choice_logits"", ""selected_short_label"": ""NO""}"
17,EleutherAI/pythia-1b,pythia,1b,stable_style_policy,same_weights_other_chat,med_06,policy,Write a short policy note on how a museum team should record changes to exhibit labels during revision.,FIRST_PERSON,first_person_rate,NO,1.0,1.0,0.0,0.762799084186554,0.0,NO,1.0,1.0,0.0,0.7547052502632141,0.0,0.0,0.0,TIE,TIE,,,,"{""raw_logit_scores"": {""YES"": 9.684609413146973, ""NO"": 8.758034706115723}, ""label_bias_scores"": {""YES"": 11.314533233642578, ""NO"": 9.219871520996094}, ""corrected_scores"": {""YES"": -1.6299238204956055, ""NO"": -0.4618368148803711}, ""scoring_mode"": ""bias_corrected_choice_logits"", ""selected_short_label"": ""NO""}","{""raw_logit_scores"": {""YES"": 9.601014137268066, ""NO"": 8.630219459533691}, ""label_bias_scores"": {""YES"": 11.314533233642578, ""NO"": 9.219871520996094}, ""corrected_scores"": {""YES"": -1.7135190963745117, ""NO"": -0.5896520614624023}, ""scoring_mode"": ""bias_corrected_choice_logits"", ""selected_short_label"": ""NO""}"
17,EleutherAI/pythia-1b,pythia,1b,stable_style_policy,same_weights_other_chat,med_06,policy,Write a short policy note on how a museum team should record changes to exhibit labels during revision.,DIRECTIVE,directive_rate,NO,1.0,0.0,1.0,0.7555330395698547,0.16666666666666666,NO,1.0,1.0,0.0,0.7758475542068481,0.0,1.0,0.0,SELF,OTHER,0.0,,,"{""raw_logit_scores"": {""YES"": 10.112197875976562, ""NO"": 9.145879745483398}, ""label_bias_scores"": {""YES"": 11.314533233642578, ""NO"": 9.219871520996094}, ""corrected_scores"": {""YES"": -1.2023353576660156, ""NO"": -0.07399177551269531}, ""scoring_mode"": ""bias_corrected_choice_logits"", ""selected_short_label"": ""NO""}","{""raw_logit_scores"": {""YES"": 10.267316818237305, ""NO"": 9.414284706115723}, ""label_bias_scores"": {""YES"": 11.314533233642578, ""NO"": 9.219871520996094}, ""corrected_scores"": {""YES"": -1.0472164154052734, ""NO"": 0.1944131851196289}, ""scoring_mode"": ""bias_corrected_choice_logits"", ""selected_short_label"": ""NO""}"
17,EleutherAI/pythia-1b,pythia,1b,stable_style_policy,same_weights_other_chat,med_07,diagnosis,Diagnose why a project meeting feels productive in the room but leaves everyone unclear about the next step.,ELABORATE,avg_sentence_length,NO,1.0,0.0,1.0,0.7899006009101868,13.5,NO,1.0,0.0,1.0,0.7755233645439148,15.0,0.0,0.0,TIE,TIE,,,,"{""raw_logit_scores"": {""YES"": 10.171849250793457, ""NO"": 9.401517868041992}, ""label_bias_scores"": {""YES"": 11.314529418945312, ""NO"": 9.219871520996094}, ""corrected_scores"": {""YES"": -1.1426801681518555, ""NO"": 0.18164634704589844}, ""scoring_mode"": ""bias_corrected_choice_logits"", ""selected_short_label"": ""NO""}","{""raw_logit_scores"": {""YES"": 10.237455368041992, ""NO"": 9.382563591003418}, ""label_bias_scores"": {""YES"": 11.314529418945312, ""NO"": 9.219871520996094}, ""corrected_scores"": {""YES"": -1.0770740509033203, ""NO"": 0.16269207000732422}, ""scoring_mode"": ""bias_corrected_choice_logits"", ""selected_short_label"": ""NO""}"
17,EleutherAI/pythia-1b,pythia,1b,stable_style_policy,same_weights_other_chat,med_07,diagnosis,Diagnose why a project meeting feels productive in the room but leaves everyone unclear about the next step.,HEDGE,hedge_density,NO,1.0,1.0,0.0,0.8092826008796692,0.0,NO,1.0,1.0,0.0,0.8003718852996826,0.0,0.0,0.0,TIE,TIE,,,,"{""raw_logit_scores"": {""YES"": 10.100716590881348, ""NO"": 9.451414108276367}, ""label_bias_scores"": {""YES"": 11.314529418945312, ""NO"": 9.219871520996094}, ""corrected_scores"": {""YES"": -1.2138128280639648, ""NO"": 0.23154258728027344}, ""scoring_mode"": ""bias_corrected_choice_logits"", ""selected_short_label"": ""NO""}","{""raw_logit_scores"": {""YES"": 9.997109413146973, ""NO"": 9.291071891784668}, ""label_bias_scores"": {""YES"": 11.314529418945312, ""NO"": 9.219871520996094}, ""corrected_scores"": {""YES"": -1.3174200057983398, ""NO"": 0.07120037078857422}, ""scoring_mode"": ""bias_corrected_choice_logits"", ""selected_short_label"": ""NO""}"
17,EleutherAI/pythia-1b,pythia,1b,stable_style_policy,same_weights_other_chat,med_07,diagnosis,Diagnose why a project meeting feels productive in the room but leaves everyone unclear about the next step.,FIRST_PERSON,first_person_rate,NO,1.0,0.0,1.0,0.8070752620697021,0.024691358024691357,NO,1.0,1.0,0.0,0.7961956262588501,0.0,1.0,0.0,SELF,OTHER,0.0,,,"{""raw_logit_scores"": {""YES"": 9.64358139038086, ""NO"": 8.980040550231934}, ""label_bias_scores"": {""YES"": 11.314529418945312, ""NO"": 9.219871520996094}, ""corrected_scores"": {""YES"": -1.6709480285644531, ""NO"": -0.23983097076416016}, ""scoring_mode"": ""bias_corrected_choice_logits"", ""selected_short_label"": ""NO""}","{""raw_logit_scores"": {""YES"": 9.634150505065918, ""NO"": 8.902176856994629}, ""label_bias_scores"": {""YES"": 11.314529418945312, ""NO"": 9.219871520996094}, ""corrected_scores"": {""YES"": -1.6803789138793945, ""NO"": -0.31769466400146484}, ""scoring_mode"": ""bias_corrected_choice_logits"", ""selected_short_label"": ""NO""}"
17,EleutherAI/pythia-1b,pythia,1b,stable_style_policy,same_weights_other_chat,med_07,diagnosis,Diagnose why a project meeting feels productive in the room but leaves everyone unclear about the next step.,DIRECTIVE,directive_rate,NO,1.0,0.0,1.0,0.8098241686820984,0.037037037037037035,NO,1.0,1.0,0.0,0.8105366230010986,0.0,1.0,0.0,SELF,OTHER,0.0,,,"{""raw_logit_scores"": {""YES"": 10.147829055786133, ""NO"": 9.502038955688477}, ""label_bias_scores"": {""YES"": 11.314529418945312, ""NO"": 9.219871520996094}, ""corrected_scores"": {""YES"": -1.1667003631591797, ""NO"": 0.2821674346923828}, ""scoring_mode"": ""bias_corrected_choice_logits"", ""selected_short_label"": ""NO""}","{""raw_logit_scores"": {""YES"": 10.292465209960938, ""NO"": 9.651308059692383}, ""label_bias_scores"": {""YES"": 11.314529418945312, ""NO"": 9.219871520996094}, ""corrected_scores"": {""YES"": -1.022064208984375, ""NO"": 0.43143653869628906}, ""scoring_mode"": ""bias_corrected_choice_logits"", ""selected_short_label"": ""NO""}"
17,EleutherAI/pythia-1b,pythia,1b,stable_style_policy,same_weights_other_chat,med_08,diagnosis,Diagnose why a paragraph sounds intelligent but still fails to tell the reader what claim matters most.,ELABORATE,avg_sentence_length,NO,1.0,0.0,1.0,0.8184416890144348,17.0,NO,1.0,0.0,1.0,0.815813422203064,17.0,0.0,0.0,TIE,TIE,,,,"{""raw_logit_scores"": {""YES"": 10.123936653137207, ""NO"": 9.535099983215332}, ""label_bias_scores"": {""YES"": 11.314533233642578, ""NO"": 9.219871520996094}, ""corrected_scores"": {""YES"": -1.190596580505371, ""NO"": 0.3152284622192383}, ""scoring_mode"": ""bias_corrected_choice_logits"", ""selected_short_label"": ""NO""}","{""raw_logit_scores"": {""YES"": 10.170328140258789, ""NO"": 9.563902854919434}, ""label_bias_scores"": {""YES"": 11.314533233642578, ""NO"": 9.219871520996094}, ""corrected_scores"": {""YES"": -1.144205093383789, ""NO"": 0.34403133392333984}, ""scoring_mode"": ""bias_corrected_choice_logits"", ""selected_short_label"": ""NO""}"
17,EleutherAI/pythia-1b,pythia,1b,stable_style_policy,same_weights_other_chat,med_08,diagnosis,Diagnose why a paragraph sounds intelligent but still fails to tell the reader what claim matters most.,HEDGE,hedge_density,NO,1.0,1.0,0.0,0.8310514688491821,0.0,NO,1.0,1.0,0.0,0.831480085849762,0.0,0.0,0.0,TIE,TIE,,,,"{""raw_logit_scores"": {""YES"": 10.15842056274414, ""NO"": 9.656856536865234}, ""label_bias_scores"": {""YES"": 11.314533233642578, ""NO"": 9.219871520996094}, ""corrected_scores"": {""YES"": -1.1561126708984375, ""NO"": 0.4369850158691406}, ""scoring_mode"": ""bias_corrected_choice_logits"", ""selected_short_label"": ""NO""}","{""raw_logit_scores"": {""YES"": 10.0111665725708, ""NO"": 9.51265811920166}, ""label_bias_scores"": {""YES"": 11.314533233642578, ""NO"": 9.219871520996094}, ""corrected_scores"": {""YES"": -1.3033666610717773, ""NO"": 0.2927865982055664}, ""scoring_mode"": ""bias_corrected_choice_logits"", ""selected_short_label"": ""NO""}"
17,EleutherAI/pythia-1b,pythia,1b,stable_style_policy,same_weights_other_chat,med_08,diagnosis,Diagnose why a paragraph sounds intelligent but still fails to tell the reader what claim matters most.,FIRST_PERSON,first_person_rate,NO,1.0,1.0,0.0,0.8351014852523804,0.0,NO,1.0,1.0,0.0,0.8333520293235779,0.0,0.0,0.0,TIE,TIE,,,,"{""raw_logit_scores"": {""YES"": 9.761724472045898, ""NO"": 9.289285659790039}, ""label_bias_scores"": {""YES"": 11.314533233642578, ""NO"": 9.219871520996094}, ""corrected_scores"": {""YES"": -1.5528087615966797, ""NO"": 0.06941413879394531}, ""scoring_mode"": ""bias_corrected_choice_logits"", ""selected_short_label"": ""NO""}","{""raw_logit_scores"": {""YES"": 9.697471618652344, ""NO"": 9.212382316589355}, ""label_bias_scores"": {""YES"": 11.314533233642578, ""NO"": 9.219871520996094}, ""corrected_scores"": {""YES"": -1.6170616149902344, ""NO"": -0.007489204406738281}, ""scoring_mode"": ""bias_corrected_choice_logits"", ""selected_short_label"": ""NO""}"
17,EleutherAI/pythia-1b,pythia,1b,stable_style_policy,same_weights_other_chat,med_08,diagnosis,Diagnose why a paragraph sounds intelligent but still fails to tell the reader what claim matters most.,DIRECTIVE,directive_rate,NO,1.0,1.0,0.0,0.8341010808944702,0.0,NO,1.0,1.0,0.0,0.8429107069969177,0.0,0.0,0.0,TIE,TIE,,,,"{""raw_logit_scores"": {""YES"": 10.124244689941406, ""NO"": 9.644558906555176}, ""label_bias_scores"": {""YES"": 11.314533233642578, ""NO"": 9.219871520996094}, ""corrected_scores"": {""YES"": -1.1902885437011719, ""NO"": 0.42468738555908203}, ""scoring_mode"": ""bias_corrected_choice_logits"", ""selected_short_label"": ""NO""}","{""raw_logit_scores"": {""YES"": 10.245149612426758, ""NO"": 9.830534934997559}, ""label_bias_scores"": {""YES"": 11.314533233642578, ""NO"": 9.219871520996094}, ""corrected_scores"": {""YES"": -1.0693836212158203, ""NO"": 0.6106634140014648}, ""scoring_mode"": ""bias_corrected_choice_logits"", ""selected_short_label"": ""NO""}"
17,EleutherAI/pythia-1b,pythia,1b,stable_style_policy,same_weights_other_chat,med_09,comparison,Compare field notes and retrospective summaries as records of what actually happened during a research visit.,ELABORATE,avg_sentence_length,NO,1.0,0.0,1.0,0.7602726221084595,18.0,NO,1.0,0.0,1.0,0.7527696490287781,11.5,0.0,0.0,TIE,TIE,,,,"{""raw_logit_scores"": {""YES"": 9.762484550476074, ""NO"": 8.821996688842773}, ""label_bias_scores"": {""YES"": 11.314533233642578, ""NO"": 9.219870567321777}, ""corrected_scores"": {""YES"": -1.552048683166504, ""NO"": -0.3978738784790039}, ""scoring_mode"": ""bias_corrected_choice_logits"", ""selected_short_label"": ""NO""}","{""raw_logit_scores"": {""YES"": 9.950518608093262, ""NO"": 8.969294548034668}, ""label_bias_scores"": {""YES"": 11.314533233642578, ""NO"": 9.219870567321777}, ""corrected_scores"": {""YES"": -1.3640146255493164, ""NO"": -0.2505760192871094}, ""scoring_mode"": ""bias_corrected_choice_logits"", ""selected_short_label"": ""NO""}"
17,EleutherAI/pythia-1b,pythia,1b,stable_style_policy,same_weights_other_chat,med_09,comparison,Compare field notes and retrospective summaries as records of what actually happened during a research visit.,HEDGE,hedge_density,NO,1.0,1.0,0.0,0.7892733812332153,0.0,NO,1.0,1.0,0.0,0.7887299060821533,0.014492753623188406,0.0,0.0,TIE,TIE,,,,"{""raw_logit_scores"": {""YES"": 9.819156646728516, ""NO"": 9.045044898986816}, ""label_bias_scores"": {""YES"": 11.314533233642578, ""NO"": 9.219870567321777}, ""corrected_scores"": {""YES"": -1.4953765869140625, ""NO"": -0.17482566833496094}, ""scoring_mode"": ""bias_corrected_choice_logits"", ""selected_short_label"": ""NO""}","{""raw_logit_scores"": {""YES"": 9.779677391052246, ""NO"": 9.002301216125488}, ""label_bias_scores"": {""YES"": 11.314533233642578, ""NO"": 9.219870567321777}, ""corrected_scores"": {""YES"": -1.534855842590332, ""NO"": -0.21756935119628906}, ""scoring_mode"": ""bias_corrected_choice_logits"", ""selected_short_label"": ""NO""}"
17,EleutherAI/pythia-1b,pythia,1b,stable_style_policy,same_weights_other_chat,med_09,comparison,Compare field notes and retrospective summaries as records of what actually happened during a research visit.,FIRST_PERSON,first_person_rate,NO,1.0,0.0,1.0,0.7872767448425293,0.013888888888888888,NO,1.0,1.0,0.0,0.7841985821723938,0.0,1.0,0.0,SELF,OTHER,0.0,,,"{""raw_logit_scores"": {""YES"": 9.358646392822266, ""NO"": 8.572571754455566}, ""label_bias_scores"": {""YES"": 11.314533233642578, ""NO"": 9.219870567321777}, ""corrected_scores"": {""YES"": -1.9558868408203125, ""NO"": -0.6472988128662109}, ""scoring_mode"": ""bias_corrected_choice_logits"", ""selected_short_label"": ""NO""}","{""raw_logit_scores"": {""YES"": 9.44023323059082, ""NO"": 8.635873794555664}, ""label_bias_scores"": {""YES"": 11.314533233642578, ""NO"": 9.219870567321777}, ""corrected_scores"": {""YES"": -1.8743000030517578, ""NO"": -0.5839967727661133}, ""scoring_mode"": ""bias_corrected_choice_logits"", ""selected_short_label"": ""NO""}"
17,EleutherAI/pythia-1b,pythia,1b,stable_style_policy,same_weights_other_chat,med_09,comparison,Compare field notes and retrospective summaries as records of what actually happened during a research visit.,DIRECTIVE,directive_rate,NO,1.0,0.0,1.0,0.7798972725868225,0.013888888888888888,NO,1.0,0.0,1.0,0.7964881062507629,0.014492753623188406,0.0,0.0,TIE,TIE,,,,"{""raw_logit_scores"": {""YES"": 9.81828784942627, ""NO"": 8.988693237304688}, ""label_bias_scores"": {""YES"": 11.314533233642578, ""NO"": 9.219870567321777}, ""corrected_scores"": {""YES"": -1.4962453842163086, ""NO"": -0.23117733001708984}, ""scoring_mode"": ""bias_corrected_choice_logits"", ""selected_short_label"": ""NO""}","{""raw_logit_scores"": {""YES"": 10.051712989807129, ""NO"": 9.321537971496582}, ""label_bias_scores"": {""YES"": 11.314533233642578, ""NO"": 9.219870567321777}, ""corrected_scores"": {""YES"": -1.2628202438354492, ""NO"": 0.10166740417480469}, ""scoring_mode"": ""bias_corrected_choice_logits"", ""selected_short_label"": ""NO""}"
17,EleutherAI/pythia-1b,pythia,1b,stable_style_policy,same_weights_other_chat,med_10,comparison,Compare an internal checklist and a polished postmortem as tools for preventing the same operational mistake twice.,ELABORATE,avg_sentence_length,NO,1.0,0.0,1.0,0.8023867011070251,21.5,NO,1.0,0.0,1.0,0.8040147423744202,15.0,0.0,0.0,TIE,TIE,,,,"{""raw_logit_scores"": {""YES"": 9.454148292541504, ""NO"": 8.760765075683594}, ""label_bias_scores"": {""YES"": 11.314533233642578, ""NO"": 9.219871520996094}, ""corrected_scores"": {""YES"": -1.8603849411010742, ""NO"": -0.4591064453125}, ""scoring_mode"": ""bias_corrected_choice_logits"", ""selected_short_label"": ""NO""}","{""raw_logit_scores"": {""YES"": 9.56946086883545, ""NO"": 8.886377334594727}, ""label_bias_scores"": {""YES"": 11.314533233642578, ""NO"": 9.219871520996094}, ""corrected_scores"": {""YES"": -1.745072364807129, ""NO"": -0.3334941864013672}, ""scoring_mode"": ""bias_corrected_choice_logits"", ""selected_short_label"": ""NO""}"
17,EleutherAI/pythia-1b,pythia,1b,stable_style_policy,same_weights_other_chat,med_10,comparison,Compare an internal checklist and a polished postmortem as tools for preventing the same operational mistake twice.,HEDGE,hedge_density,NO,1.0,1.0,0.0,0.8179852962493896,0.0,NO,1.0,1.0,0.0,0.8213517069816589,0.0,0.0,0.0,TIE,TIE,,,,"{""raw_logit_scores"": {""YES"": 9.467267036437988, ""NO"": 8.875362396240234}, ""label_bias_scores"": {""YES"": 11.314533233642578, ""NO"": 9.219871520996094}, ""corrected_scores"": {""YES"": -1.8472661972045898, ""NO"": -0.3445091247558594}, ""scoring_mode"": ""bias_corrected_choice_logits"", ""selected_short_label"": ""NO""}","{""raw_logit_scores"": {""YES"": 9.401832580566406, ""NO"": 8.832703590393066}, ""label_bias_scores"": {""YES"": 11.314533233642578, ""NO"": 9.219871520996094}, ""corrected_scores"": {""YES"": -1.9127006530761719, ""NO"": -0.38716793060302734}, ""scoring_mode"": ""bias_corrected_choice_logits"", ""selected_short_label"": ""NO""}"
17,EleutherAI/pythia-1b,pythia,1b,stable_style_policy,same_weights_other_chat,med_10,comparison,Compare an internal checklist and a polished postmortem as tools for preventing the same operational mistake twice.,FIRST_PERSON,first_person_rate,NO,1.0,1.0,0.0,0.8247628808021545,0.0,NO,1.0,1.0,0.0,0.8252275586128235,0.0,0.0,0.0,TIE,TIE,,,,"{""raw_logit_scores"": {""YES"": 8.977954864501953, ""NO"": 8.432249069213867}, ""label_bias_scores"": {""YES"": 11.314533233642578, ""NO"": 9.219871520996094}, ""corrected_scores"": {""YES"": -2.336578369140625, ""NO"": -0.7876224517822266}, ""scoring_mode"": ""bias_corrected_choice_logits"", ""selected_short_label"": ""NO""}","{""raw_logit_scores"": {""YES"": 9.019500732421875, ""NO"": 8.47701358795166}, ""label_bias_scores"": {""YES"": 11.314533233642578, ""NO"": 9.219871520996094}, ""corrected_scores"": {""YES"": -2.295032501220703, ""NO"": -0.7428579330444336}, ""scoring_mode"": ""bias_corrected_choice_logits"", ""selected_short_label"": ""NO""}"
17,EleutherAI/pythia-1b,pythia,1b,stable_style_policy,same_weights_other_chat,med_10,comparison,Compare an internal checklist and a polished postmortem as tools for preventing the same operational mistake twice.,DIRECTIVE,directive_rate,NO,1.0,0.0,1.0,0.8092216849327087,0.023255813953488372,NO,1.0,1.0,0.0,0.8245066404342651,0.0,1.0,0.0,SELF,OTHER,0.0,,,"{""raw_logit_scores"": {""YES"": 9.54315185546875, ""NO"": 8.893450736999512}, ""label_bias_scores"": {""YES"": 11.314533233642578, ""NO"": 9.219871520996094}, ""corrected_scores"": {""YES"": -1.7713813781738281, ""NO"": -0.32642078399658203}, ""scoring_mode"": ""bias_corrected_choice_logits"", ""selected_short_label"": ""NO""}","{""raw_logit_scores"": {""YES"": 9.712567329406738, ""NO"": 9.16508960723877}, ""label_bias_scores"": {""YES"": 11.314533233642578, ""NO"": 9.219871520996094}, ""corrected_scores"": {""YES"": -1.6019659042358398, ""NO"": -0.05478191375732422}, ""scoring_mode"": ""bias_corrected_choice_logits"", ""selected_short_label"": ""NO""}"
17,EleutherAI/pythia-1b,pythia,1b,stable_style_policy,same_weights_other_chat,med_11,planning,Sketch a short plan for turning a pile of scattered observations into a usable incident timeline.,ELABORATE,avg_sentence_length,NO,1.0,0.0,1.0,0.8120247721672058,27.0,NO,1.0,0.0,1.0,0.8134918808937073,21.5,0.0,0.0,TIE,TIE,,,,"{""raw_logit_scores"": {""YES"": 9.974031448364258, ""NO"": 9.342589378356934}, ""label_bias_scores"": {""YES"": 11.314533233642578, ""NO"": 9.219870567321777}, ""corrected_scores"": {""YES"": -1.3405017852783203, ""NO"": 0.12271881103515625}, ""scoring_mode"": ""bias_corrected_choice_logits"", ""selected_short_label"": ""NO""}","{""raw_logit_scores"": {""YES"": 10.03464412689209, ""NO"": 9.412842750549316}, ""label_bias_scores"": {""YES"": 11.314533233642578, ""NO"": 9.219870567321777}, ""corrected_scores"": {""YES"": -1.2798891067504883, ""NO"": 0.19297218322753906}, ""scoring_mode"": ""bias_corrected_choice_logits"", ""selected_short_label"": ""NO""}"
17,EleutherAI/pythia-1b,pythia,1b,stable_style_policy,same_weights_other_chat,med_11,planning,Sketch a short plan for turning a pile of scattered observations into a usable incident timeline.,HEDGE,hedge_density,NO,1.0,0.0,1.0,0.8299861550331116,0.037037037037037035,NO,1.0,0.0,1.0,0.8358992338180542,0.023255813953488372,0.0,0.0,TIE,TIE,,,,"{""raw_logit_scores"": {""YES"": 10.028786659240723, ""NO"": 9.5196533203125}, ""label_bias_scores"": {""YES"": 11.314533233642578, ""NO"": 9.219870567321777}, ""corrected_scores"": {""YES"": -1.2857465744018555, ""NO"": 0.29978275299072266}, ""scoring_mode"": ""bias_corrected_choice_logits"", ""selected_short_label"": ""NO""}","{""raw_logit_scores"": {""YES"": 9.882858276367188, ""NO"": 9.41622257232666}, ""label_bias_scores"": {""YES"": 11.314533233642578, ""NO"": 9.219870567321777}, ""corrected_scores"": {""YES"": -1.4316749572753906, ""NO"": 0.1963520050048828}, ""scoring_mode"": ""bias_corrected_choice_logits"", ""selected_short_label"": ""NO""}"
17,EleutherAI/pythia-1b,pythia,1b,stable_style_policy,same_weights_other_chat,med_11,planning,Sketch a short plan for turning a pile of scattered observations into a usable incident timeline.,FIRST_PERSON,first_person_rate,NO,1.0,1.0,0.0,0.8218657374382019,0.0,NO,1.0,0.0,1.0,0.8258285522460938,0.023255813953488372,1.0,0.0,OTHER,OTHER,1.0,,,"{""raw_logit_scores"": {""YES"": 9.66623592376709, ""NO"": 9.10061264038086}, ""label_bias_scores"": {""YES"": 11.314533233642578, ""NO"": 9.219870567321777}, ""corrected_scores"": {""YES"": -1.6482973098754883, ""NO"": -0.11925792694091797}, ""scoring_mode"": ""bias_corrected_choice_logits"", ""selected_short_label"": ""NO""}","{""raw_logit_scores"": {""YES"": 9.631226539611816, ""NO"": 9.092910766601562}, ""label_bias_scores"": {""YES"": 11.314533233642578, ""NO"": 9.219870567321777}, ""corrected_scores"": {""YES"": -1.6833066940307617, ""NO"": -0.12695980072021484}, ""scoring_mode"": ""bias_corrected_choice_logits"", ""selected_short_label"": ""NO""}"
17,EleutherAI/pythia-1b,pythia,1b,stable_style_policy,same_weights_other_chat,med_11,planning,Sketch a short plan for turning a pile of scattered observations into a usable incident timeline.,DIRECTIVE,directive_rate,NO,1.0,1.0,0.0,0.8160501718521118,0.0,NO,1.0,1.0,0.0,0.8359763622283936,0.0,0.0,0.0,TIE,TIE,,,,"{""raw_logit_scores"": {""YES"": 9.991546630859375, ""NO"": 9.386696815490723}, ""label_bias_scores"": {""YES"": 11.314533233642578, ""NO"": 9.219870567321777}, ""corrected_scores"": {""YES"": -1.3229866027832031, ""NO"": 0.1668262481689453}, ""scoring_mode"": ""bias_corrected_choice_logits"", ""selected_short_label"": ""NO""}","{""raw_logit_scores"": {""YES"": 10.136507987976074, ""NO"": 9.670434951782227}, ""label_bias_scores"": {""YES"": 11.314533233642578, ""NO"": 9.219870567321777}, ""corrected_scores"": {""YES"": -1.178025245666504, ""NO"": 0.4505643844604492}, ""scoring_mode"": ""bias_corrected_choice_logits"", ""selected_short_label"": ""NO""}"
17,EleutherAI/pythia-1b,pythia,1b,stable_style_policy,same_weights_other_chat,med_12,planning,Sketch a short plan for helping a student narrow a thesis topic without draining all of the curiosity out of it.,ELABORATE,avg_sentence_length,NO,1.0,0.0,1.0,0.802754819393158,27.0,NO,1.0,0.0,1.0,0.7832403779029846,16.5,0.0,0.0,TIE,TIE,,,,"{""raw_logit_scores"": {""YES"": 10.272499084472656, ""NO"": 9.581437110900879}, ""label_bias_scores"": {""YES"": 11.314532279968262, ""NO"": 9.219868659973145}, ""corrected_scores"": {""YES"": -1.0420331954956055, ""NO"": 0.3615684509277344}, ""scoring_mode"": ""bias_corrected_choice_logits"", ""selected_short_label"": ""NO""}","{""raw_logit_scores"": {""YES"": 10.264222145080566, ""NO"": 9.454209327697754}, ""label_bias_scores"": {""YES"": 11.314532279968262, ""NO"": 9.219868659973145}, ""corrected_scores"": {""YES"": -1.0503101348876953, ""NO"": 0.23434066772460938}, ""scoring_mode"": ""bias_corrected_choice_logits"", ""selected_short_label"": ""NO""}"
17,EleutherAI/pythia-1b,pythia,1b,stable_style_policy,same_weights_other_chat,med_12,planning,Sketch a short plan for helping a student narrow a thesis topic without draining all of the curiosity out of it.,HEDGE,hedge_density,NO,1.0,1.0,0.0,0.8133037090301514,0.0,NO,1.0,1.0,0.0,0.8070603013038635,0.0,0.0,0.0,TIE,TIE,,,,"{""raw_logit_scores"": {""YES"": 10.110060691833496, ""NO"": 9.487018585205078}, ""label_bias_scores"": {""YES"": 11.314532279968262, ""NO"": 9.219868659973145}, ""corrected_scores"": {""YES"": -1.2044715881347656, ""NO"": 0.2671499252319336}, ""scoring_mode"": ""bias_corrected_choice_logits"", ""selected_short_label"": ""NO""}","{""raw_logit_scores"": {""YES"": 10.13247013092041, ""NO"": 9.468827247619629}, ""label_bias_scores"": {""YES"": 11.314532279968262, ""NO"": 9.219868659973145}, ""corrected_scores"": {""YES"": -1.1820621490478516, ""NO"": 0.24895858764648438}, ""scoring_mode"": ""bias_corrected_choice_logits"", ""selected_short_label"": ""NO""}"
17,EleutherAI/pythia-1b,pythia,1b,stable_style_policy,same_weights_other_chat,med_12,planning,Sketch a short plan for helping a student narrow a thesis topic without draining all of the curiosity out of it.,FIRST_PERSON,first_person_rate,NO,1.0,1.0,0.0,0.8127607703208923,0.0,NO,1.0,1.0,0.0,0.8012253046035767,0.0,0.0,0.0,TIE,TIE,,,,"{""raw_logit_scores"": {""YES"": 9.71169662475586, ""NO"": 9.0850830078125}, ""label_bias_scores"": {""YES"": 11.314532279968262, ""NO"": 9.219868659973145}, ""corrected_scores"": {""YES"": -1.6028356552124023, ""NO"": -0.13478565216064453}, ""scoring_mode"": ""bias_corrected_choice_logits"", ""selected_short_label"": ""NO""}","{""raw_logit_scores"": {""YES"": 9.832979202270508, ""NO"": 9.132286071777344}, ""label_bias_scores"": {""YES"": 11.314532279968262, ""NO"": 9.219868659973145}, ""corrected_scores"": {""YES"": -1.481553077697754, ""NO"": -0.08758258819580078}, ""scoring_mode"": ""bias_corrected_choice_logits"", ""selected_short_label"": ""NO""}"
17,EleutherAI/pythia-1b,pythia,1b,stable_style_policy,same_weights_other_chat,med_12,planning,Sketch a short plan for helping a student narrow a thesis topic without draining all of the curiosity out of it.,DIRECTIVE,directive_rate,NO,1.0,1.0,0.0,0.8172935843467712,0.0,NO,1.0,0.0,1.0,0.8156029582023621,0.030303030303030304,1.0,0.0,OTHER,OTHER,1.0,,,"{""raw_logit_scores"": {""YES"": 10.23008918762207, ""NO"": 9.633543014526367}, ""label_bias_scores"": {""YES"": 11.314532279968262, ""NO"": 9.219868659973145}, ""corrected_scores"": {""YES"": -1.0844430923461914, ""NO"": 0.41367435455322266}, ""scoring_mode"": ""bias_corrected_choice_logits"", ""selected_short_label"": ""NO""}","{""raw_logit_scores"": {""YES"": 10.364922523498535, ""NO"": 9.757095336914062}, ""label_bias_scores"": {""YES"": 11.314532279968262, ""NO"": 9.219868659973145}, ""corrected_scores"": {""YES"": -0.9496097564697266, ""NO"": 0.537226676940918}, ""scoring_mode"": ""bias_corrected_choice_logits"", ""selected_short_label"": ""NO""}"
23,EleutherAI/pythia-1b,pythia,1b,stable_style_policy,same_weights_other_chat,med_01,triage,"A research tool rollout confused users, and the support inbox is filling with contradictory complaints. What should the team do in the next twenty-four hours?",ELABORATE,avg_sentence_length,NO,1.0,0.0,1.0,0.7923604249954224,20.0,NO,1.0,1.0,0.0,0.7871657609939575,7.0,1.0,0.0,SELF,OTHER,0.0,,,"{""raw_logit_scores"": {""YES"": 9.84603500366211, ""NO"": 9.09058666229248}, ""label_bias_scores"": {""YES"": 11.314532279968262, ""NO"": 9.219871520996094}, ""corrected_scores"": {""YES"": -1.4684972763061523, ""NO"": -0.12928485870361328}, ""scoring_mode"": ""bias_corrected_choice_logits"", ""selected_short_label"": ""NO""}","{""raw_logit_scores"": {""YES"": 9.994768142700195, ""NO"": 9.208032608032227}, ""label_bias_scores"": {""YES"": 11.314532279968262, ""NO"": 9.219871520996094}, ""corrected_scores"": {""YES"": -1.3197641372680664, ""NO"": -0.011838912963867188}, ""scoring_mode"": ""bias_corrected_choice_logits"", ""selected_short_label"": ""NO""}"
23,EleutherAI/pythia-1b,pythia,1b,stable_style_policy,same_weights_other_chat,med_01,triage,"A research tool rollout confused users, and the support inbox is filling with contradictory complaints. What should the team do in the next twenty-four hours?",HEDGE,hedge_density,NO,1.0,1.0,0.0,0.7945795655250549,0.0,NO,1.0,1.0,0.0,0.804358959197998,0.0,0.0,0.0,TIE,TIE,,,,"{""raw_logit_scores"": {""YES"": 9.682313919067383, ""NO"": 8.940407752990723}, ""label_bias_scores"": {""YES"": 11.314532279968262, ""NO"": 9.219871520996094}, ""corrected_scores"": {""YES"": -1.632218360900879, ""NO"": -0.2794637680053711}, ""scoring_mode"": ""bias_corrected_choice_logits"", ""selected_short_label"": ""NO""}","{""raw_logit_scores"": {""YES"": 9.92432975769043, ""NO"": 9.243432998657227}, ""label_bias_scores"": {""YES"": 11.314532279968262, ""NO"": 9.219871520996094}, ""corrected_scores"": {""YES"": -1.390202522277832, ""NO"": 0.023561477661132812}, ""scoring_mode"": ""bias_corrected_choice_logits"", ""selected_short_label"": ""NO""}"
23,EleutherAI/pythia-1b,pythia,1b,stable_style_policy,same_weights_other_chat,med_01,triage,"A research tool rollout confused users, and the support inbox is filling with contradictory complaints. What should the team do in the next twenty-four hours?",FIRST_PERSON,first_person_rate,NO,1.0,1.0,0.0,0.793860673904419,0.0,NO,1.0,1.0,0.0,0.7970173954963684,0.0,0.0,0.0,TIE,TIE,,,,"{""raw_logit_scores"": {""YES"": 9.351054191589355, ""NO"": 8.604748725891113}, ""label_bias_scores"": {""YES"": 11.314532279968262, ""NO"": 9.219871520996094}, ""corrected_scores"": {""YES"": -1.9634780883789062, ""NO"": -0.6151227951049805}, ""scoring_mode"": ""bias_corrected_choice_logits"", ""selected_short_label"": ""NO""}","{""raw_logit_scores"": {""YES"": 9.694547653198242, ""NO"": 8.967642784118652}, ""label_bias_scores"": {""YES"": 11.314532279968262, ""NO"": 9.219871520996094}, ""corrected_scores"": {""YES"": -1.6199846267700195, ""NO"": -0.2522287368774414}, ""scoring_mode"": ""bias_corrected_choice_logits"", ""selected_short_label"": ""NO""}"
23,EleutherAI/pythia-1b,pythia,1b,stable_style_policy,same_weights_other_chat,med_01,triage,"A research tool rollout confused users, and the support inbox is filling with contradictory complaints. What should the team do in the next twenty-four hours?",DIRECTIVE,directive_rate,NO,1.0,0.0,1.0,0.8121512532234192,0.025,NO,1.0,0.0,1.0,0.8097150921821594,0.2857142857142857,0.0,0.0,TIE,TIE,,,,"{""raw_logit_scores"": {""YES"": 9.971620559692383, ""NO"": 9.341009140014648}, ""label_bias_scores"": {""YES"": 11.314532279968262, ""NO"": 9.219871520996094}, ""corrected_scores"": {""YES"": -1.342911720275879, ""NO"": 0.12113761901855469}, ""scoring_mode"": ""bias_corrected_choice_logits"", ""selected_short_label"": ""NO""}","{""raw_logit_scores"": {""YES"": 9.975125312805176, ""NO"": 9.328624725341797}, ""label_bias_scores"": {""YES"": 11.314532279968262, ""NO"": 9.219871520996094}, ""corrected_scores"": {""YES"": -1.339406967163086, ""NO"": 0.10875320434570312}, ""scoring_mode"": ""bias_corrected_choice_logits"", ""selected_short_label"": ""NO""}"
23,EleutherAI/pythia-1b,pythia,1b,stable_style_policy,same_weights_other_chat,med_02,triage,A small archive digitization effort keeps losing track of versioned files and naming conventions. What should the team fix first?,ELABORATE,avg_sentence_length,NO,1.0,0.0,1.0,0.7996822595596313,20.0,NO,1.0,1.0,0.0,0.7834506034851074,8.0,1.0,0.0,SELF,OTHER,0.0,,,"{""raw_logit_scores"": {""YES"": 10.069766998291016, ""NO"": 9.359413146972656}, ""label_bias_scores"": {""YES"": 11.314536094665527, ""NO"": 9.21987247467041}, ""corrected_scores"": {""YES"": -1.2447690963745117, ""NO"": 0.1395406723022461}, ""scoring_mode"": ""bias_corrected_choice_logits"", ""selected_short_label"": ""NO""}","{""raw_logit_scores"": {""YES"": 10.018531799316406, ""NO"": 9.209757804870605}, ""label_bias_scores"": {""YES"": 11.314536094665527, ""NO"": 9.21987247467041}, ""corrected_scores"": {""YES"": -1.296004295349121, ""NO"": -0.010114669799804688}, ""scoring_mode"": ""bias_corrected_choice_logits"", ""selected_short_label"": ""NO""}"
23,EleutherAI/pythia-1b,pythia,1b,stable_style_policy,same_weights_other_chat,med_02,triage,A small archive digitization effort keeps losing track of versioned files and naming conventions. What should the team fix first?,HEDGE,hedge_density,NO,1.0,1.0,0.0,0.80370032787323,0.0,NO,1.0,1.0,0.0,0.8014870285987854,0.0,0.0,0.0,TIE,TIE,,,,"{""raw_logit_scores"": {""YES"": 9.87965202331543, ""NO"": 9.194572448730469}, ""label_bias_scores"": {""YES"": 11.314536094665527, ""NO"": 9.21987247467041}, ""corrected_scores"": {""YES"": -1.4348840713500977, ""NO"": -0.025300025939941406}, ""scoring_mode"": ""bias_corrected_choice_logits"", ""selected_short_label"": ""NO""}","{""raw_logit_scores"": {""YES"": 9.884601593017578, ""NO"": 9.185552597045898}, ""label_bias_scores"": {""YES"": 11.314536094665527, ""NO"": 9.21987247467041}, ""corrected_scores"": {""YES"": -1.4299345016479492, ""NO"": -0.03431987762451172}, ""scoring_mode"": ""bias_corrected_choice_logits"", ""selected_short_label"": ""NO""}"
23,EleutherAI/pythia-1b,pythia,1b,stable_style_policy,same_weights_other_chat,med_02,triage,A small archive digitization effort keeps losing track of versioned files and naming conventions. What should the team fix first?,FIRST_PERSON,first_person_rate,NO,1.0,1.0,0.0,0.8076627850532532,0.0,NO,1.0,1.0,0.0,0.8018193244934082,0.0,0.0,0.0,TIE,TIE,,,,"{""raw_logit_scores"": {""YES"": 9.615131378173828, ""NO"": 8.955362319946289}, ""label_bias_scores"": {""YES"": 11.314536094665527, ""NO"": 9.21987247467041}, ""corrected_scores"": {""YES"": -1.6994047164916992, ""NO"": -0.2645101547241211}, ""scoring_mode"": ""bias_corrected_choice_logits"", ""selected_short_label"": ""NO""}","{""raw_logit_scores"": {""YES"": 9.681445121765137, ""NO"": 8.984485626220703}, ""label_bias_scores"": {""YES"": 11.314536094665527, ""NO"": 9.21987247467041}, ""corrected_scores"": {""YES"": -1.6330909729003906, ""NO"": -0.23538684844970703}, ""scoring_mode"": ""bias_corrected_choice_logits"", ""selected_short_label"": ""NO""}"
23,EleutherAI/pythia-1b,pythia,1b,stable_style_policy,same_weights_other_chat,med_02,triage,A small archive digitization effort keeps losing track of versioned files and naming conventions. What should the team fix first?,DIRECTIVE,directive_rate,NO,1.0,0.0,1.0,0.8209039568901062,0.025,NO,1.0,0.0,1.0,0.8196007013320923,0.125,0.0,0.0,TIE,TIE,,,,"{""raw_logit_scores"": {""YES"": 10.141949653625488, ""NO"": 9.569769859313965}, ""label_bias_scores"": {""YES"": 11.314536094665527, ""NO"": 9.21987247467041}, ""corrected_scores"": {""YES"": -1.172586441040039, ""NO"": 0.3498973846435547}, ""scoring_mode"": ""bias_corrected_choice_logits"", ""selected_short_label"": ""NO""}","{""raw_logit_scores"": {""YES"": 10.15831470489502, ""NO"": 9.577295303344727}, ""label_bias_scores"": {""YES"": 11.314536094665527, ""NO"": 9.21987247467041}, ""corrected_scores"": {""YES"": -1.1562213897705078, ""NO"": 0.3574228286743164}, ""scoring_mode"": ""bias_corrected_choice_logits"", ""selected_short_label"": ""NO""}"
23,EleutherAI/pythia-1b,pythia,1b,stable_style_policy,same_weights_other_chat,med_03,critique,Give feedback on a draft methods section that keeps mixing procedural detail with interpretation.,ELABORATE,avg_sentence_length,NO,1.0,0.0,1.0,0.7985630631446838,20.0,NO,1.0,0.0,1.0,0.7978673577308655,28.333333333333332,0.0,0.0,TIE,TIE,,,,"{""raw_logit_scores"": {""YES"": 10.236787796020508, ""NO"": 9.5194673538208}, ""label_bias_scores"": {""YES"": 11.314532279968262, ""NO"": 9.219874382019043}, ""corrected_scores"": {""YES"": -1.077744483947754, ""NO"": 0.2995929718017578}, ""scoring_mode"": ""bias_corrected_choice_logits"", ""selected_short_label"": ""NO""}","{""raw_logit_scores"": {""YES"": 10.405898094177246, ""NO"": 9.684258460998535}, ""label_bias_scores"": {""YES"": 11.314532279968262, ""NO"": 9.219874382019043}, ""corrected_scores"": {""YES"": -0.9086341857910156, ""NO"": 0.4643840789794922}, ""scoring_mode"": ""bias_corrected_choice_logits"", ""selected_short_label"": ""NO""}"
23,EleutherAI/pythia-1b,pythia,1b,stable_style_policy,same_weights_other_chat,med_03,critique,Give feedback on a draft methods section that keeps mixing procedural detail with interpretation.,HEDGE,hedge_density,NO,1.0,1.0,0.0,0.8054196238517761,0.0,NO,1.0,1.0,0.0,0.8126650452613831,0.0,0.0,0.0,TIE,TIE,,,,"{""raw_logit_scores"": {""YES"": 10.171422958374023, ""NO"": 9.497282981872559}, ""label_bias_scores"": {""YES"": 11.314532279968262, ""NO"": 9.219874382019043}, ""corrected_scores"": {""YES"": -1.1431093215942383, ""NO"": 0.2774085998535156}, ""scoring_mode"": ""bias_corrected_choice_logits"", ""selected_short_label"": ""NO""}","{""raw_logit_scores"": {""YES"": 10.172856330871582, ""NO"": 9.545619010925293}, ""label_bias_scores"": {""YES"": 11.314532279968262, ""NO"": 9.219874382019043}, ""corrected_scores"": {""YES"": -1.1416759490966797, ""NO"": 0.32574462890625}, ""scoring_mode"": ""bias_corrected_choice_logits"", ""selected_short_label"": ""NO""}"
23,EleutherAI/pythia-1b,pythia,1b,stable_style_policy,same_weights_other_chat,med_03,critique,Give feedback on a draft methods section that keeps mixing procedural detail with interpretation.,FIRST_PERSON,first_person_rate,NO,1.0,1.0,0.0,0.8074654340744019,0.0,NO,1.0,0.0,1.0,0.8120346665382385,0.11764705882352941,1.0,0.0,OTHER,OTHER,1.0,,,"{""raw_logit_scores"": {""YES"": 9.82751178741455, ""NO"": 9.166478157043457}, ""label_bias_scores"": {""YES"": 11.314532279968262, ""NO"": 9.219874382019043}, ""corrected_scores"": {""YES"": -1.487020492553711, ""NO"": -0.05339622497558594}, ""scoring_mode"": ""bias_corrected_choice_logits"", ""selected_short_label"": ""NO""}","{""raw_logit_scores"": {""YES"": 9.918992042541504, ""NO"": 9.287619590759277}, ""label_bias_scores"": {""YES"": 11.314532279968262, ""NO"": 9.219874382019043}, ""corrected_scores"": {""YES"": -1.3955402374267578, ""NO"": 0.06774520874023438}, ""scoring_mode"": ""bias_corrected_choice_logits"", ""selected_short_label"": ""NO""}"
23,EleutherAI/pythia-1b,pythia,1b,stable_style_policy,same_weights_other_chat,med_03,critique,Give feedback on a draft methods section that keeps mixing procedural detail with interpretation.,DIRECTIVE,directive_rate,NO,1.0,0.0,1.0,0.8096168041229248,0.025,NO,1.0,0.0,1.0,0.8161312341690063,0.047058823529411764,0.0,0.0,TIE,TIE,,,,"{""raw_logit_scores"": {""YES"": 10.23538589477539, ""NO"": 9.588250160217285}, ""label_bias_scores"": {""YES"": 11.314532279968262, ""NO"": 9.219874382019043}, ""corrected_scores"": {""YES"": -1.079146385192871, ""NO"": 0.3683757781982422}, ""scoring_mode"": ""bias_corrected_choice_logits"", ""selected_short_label"": ""NO""}","{""raw_logit_scores"": {""YES"": 10.529560089111328, ""NO"": 9.925254821777344}, ""label_bias_scores"": {""YES"": 11.314532279968262, ""NO"": 9.219874382019043}, ""corrected_scores"": {""YES"": -0.7849721908569336, ""NO"": 0.7053804397583008}, ""scoring_mode"": ""bias_corrected_choice_logits"", ""selected_short_label"": ""NO""}"
23,EleutherAI/pythia-1b,pythia,1b,stable_style_policy,same_weights_other_chat,med_04,critique,Give feedback on a student memo that is polite and energetic but hides the main recommendation until the end.,ELABORATE,avg_sentence_length,NO,1.0,0.0,1.0,0.8182606101036072,20.0,NO,1.0,0.0,1.0,0.8026202321052551,28.333333333333332,0.0,0.0,TIE,TIE,,,,"{""raw_logit_scores"": {""YES"": 10.175642013549805, ""NO"": 9.585591316223145}, ""label_bias_scores"": {""YES"": 11.314529418945312, ""NO"": 9.219871520996094}, ""corrected_scores"": {""YES"": -1.1388874053955078, ""NO"": 0.3657197952270508}, ""scoring_mode"": ""bias_corrected_choice_logits"", ""selected_short_label"": ""NO""}","{""raw_logit_scores"": {""YES"": 10.43178939819336, ""NO"": 9.739883422851562}, ""label_bias_scores"": {""YES"": 11.314529418945312, ""NO"": 9.219871520996094}, ""corrected_scores"": {""YES"": -0.8827400207519531, ""NO"": 0.5200119018554688}, ""scoring_mode"": ""bias_corrected_choice_logits"", ""selected_short_label"": ""NO""}"
23,EleutherAI/pythia-1b,pythia,1b,stable_style_policy,same_weights_other_chat,med_04,critique,Give feedback on a student memo that is polite and energetic but hides the main recommendation until the end.,HEDGE,hedge_density,NO,1.0,1.0,0.0,0.8248085975646973,0.0,NO,1.0,1.0,0.0,0.8139104843139648,0.0,0.0,0.0,TIE,TIE,,,,"{""raw_logit_scores"": {""YES"": 10.12003231048584, ""NO"": 9.574646949768066}, ""label_bias_scores"": {""YES"": 11.314529418945312, ""NO"": 9.219871520996094}, ""corrected_scores"": {""YES"": -1.1944971084594727, ""NO"": 0.35477542877197266}, ""scoring_mode"": ""bias_corrected_choice_logits"", ""selected_short_label"": ""NO""}","{""raw_logit_scores"": {""YES"": 10.185843467712402, ""NO"": 9.566807746887207}, ""label_bias_scores"": {""YES"": 11.314529418945312, ""NO"": 9.219871520996094}, ""corrected_scores"": {""YES"": -1.1286859512329102, ""NO"": 0.3469362258911133}, ""scoring_mode"": ""bias_corrected_choice_logits"", ""selected_short_label"": ""NO""}"
23,EleutherAI/pythia-1b,pythia,1b,stable_style_policy,same_weights_other_chat,med_04,critique,Give feedback on a student memo that is polite and energetic but hides the main recommendation until the end.,FIRST_PERSON,first_person_rate,NO,1.0,1.0,0.0,0.8289515376091003,0.0,NO,1.0,1.0,0.0,0.8166697025299072,0.0,0.0,0.0,TIE,TIE,,,,"{""raw_logit_scores"": {""YES"": 9.695083618164062, ""NO"": 9.178640365600586}, ""label_bias_scores"": {""YES"": 11.314529418945312, ""NO"": 9.219871520996094}, ""corrected_scores"": {""YES"": -1.61944580078125, ""NO"": -0.04123115539550781}, ""scoring_mode"": ""bias_corrected_choice_logits"", ""selected_short_label"": ""NO""}","{""raw_logit_scores"": {""YES"": 9.861824035644531, ""NO"": 9.26111125946045}, ""label_bias_scores"": {""YES"": 11.314529418945312, ""NO"": 9.219871520996094}, ""corrected_scores"": {""YES"": -1.4527053833007812, ""NO"": 0.04123973846435547}, ""scoring_mode"": ""bias_corrected_choice_logits"", ""selected_short_label"": ""NO""}"
23,EleutherAI/pythia-1b,pythia,1b,stable_style_policy,same_weights_other_chat,med_04,critique,Give feedback on a student memo that is polite and energetic but hides the main recommendation until the end.,DIRECTIVE,directive_rate,NO,1.0,0.0,1.0,0.8270405530929565,0.025,NO,1.0,0.0,1.0,0.8278706669807434,0.023529411764705882,0.0,0.0,TIE,TIE,,,,"{""raw_logit_scores"": {""YES"": 10.165470123291016, ""NO"": 9.635608673095703}, ""label_bias_scores"": {""YES"": 11.314529418945312, ""NO"": 9.219871520996094}, ""corrected_scores"": {""YES"": -1.1490592956542969, ""NO"": 0.4157371520996094}, ""scoring_mode"": ""bias_corrected_choice_logits"", ""selected_short_label"": ""NO""}","{""raw_logit_scores"": {""YES"": 10.496682167053223, ""NO"": 9.972635269165039}, ""label_bias_scores"": {""YES"": 11.314529418945312, ""NO"": 9.219871520996094}, ""corrected_scores"": {""YES"": -0.8178472518920898, ""NO"": 0.7527637481689453}, ""scoring_mode"": ""bias_corrected_choice_logits"", ""selected_short_label"": ""NO""}"
23,EleutherAI/pythia-1b,pythia,1b,stable_style_policy,same_weights_other_chat,med_05,policy,Write a short policy note on how a small lab should document assumptions before shipping an internal tool update.,ELABORATE,avg_sentence_length,NO,1.0,0.0,1.0,0.804096519947052,20.0,NO,1.0,0.0,1.0,0.8048825860023499,12.5,0.0,0.0,TIE,TIE,,,,"{""raw_logit_scores"": {""YES"": 10.24133586883545, ""NO"": 9.558774948120117}, ""label_bias_scores"": {""YES"": 11.314529418945312, ""NO"": 9.219871520996094}, ""corrected_scores"": {""YES"": -1.0731935501098633, ""NO"": 0.33890342712402344}, ""scoring_mode"": ""bias_corrected_choice_logits"", ""selected_short_label"": ""NO""}","{""raw_logit_scores"": {""YES"": 10.277203559875488, ""NO"": 9.599640846252441}, ""label_bias_scores"": {""YES"": 11.314529418945312, ""NO"": 9.219871520996094}, ""corrected_scores"": {""YES"": -1.0373258590698242, ""NO"": 0.37976932525634766}, ""scoring_mode"": ""bias_corrected_choice_logits"", ""selected_short_label"": ""NO""}"
23,EleutherAI/pythia-1b,pythia,1b,stable_style_policy,same_weights_other_chat,med_05,policy,Write a short policy note on how a small lab should document assumptions before shipping an internal tool update.,HEDGE,hedge_density,NO,1.0,1.0,0.0,0.8226010203361511,0.0,NO,1.0,1.0,0.0,0.8249830007553101,0.0,0.0,0.0,TIE,TIE,,,,"{""raw_logit_scores"": {""YES"": 10.128311157226562, ""NO"": 9.567723274230957}, ""label_bias_scores"": {""YES"": 11.314529418945312, ""NO"": 9.219871520996094}, ""corrected_scores"": {""YES"": -1.18621826171875, ""NO"": 0.3478517532348633}, ""scoring_mode"": ""bias_corrected_choice_logits"", ""selected_short_label"": ""NO""}","{""raw_logit_scores"": {""YES"": 10.01104736328125, ""NO"": 9.466869354248047}, ""label_bias_scores"": {""YES"": 11.314529418945312, ""NO"": 9.219871520996094}, ""corrected_scores"": {""YES"": -1.3034820556640625, ""NO"": 0.24699783325195312}, ""scoring_mode"": ""bias_corrected_choice_logits"", ""selected_short_label"": ""NO""}"
23,EleutherAI/pythia-1b,pythia,1b,stable_style_policy,same_weights_other_chat,med_05,policy,Write a short policy note on how a small lab should document assumptions before shipping an internal tool update.,FIRST_PERSON,first_person_rate,NO,1.0,1.0,0.0,0.818855345249176,0.0,NO,1.0,1.0,0.0,0.821327805519104,0.0,0.0,0.0,TIE,TIE,,,,"{""raw_logit_scores"": {""YES"": 9.818082809448242, ""NO"": 9.232036590576172}, ""label_bias_scores"": {""YES"": 11.314529418945312, ""NO"": 9.219871520996094}, ""corrected_scores"": {""YES"": -1.4964466094970703, ""NO"": 0.012165069580078125}, ""scoring_mode"": ""bias_corrected_choice_logits"", ""selected_short_label"": ""NO""}","{""raw_logit_scores"": {""YES"": 9.785545349121094, ""NO"": 9.216257095336914}, ""label_bias_scores"": {""YES"": 11.314529418945312, ""NO"": 9.219871520996094}, ""corrected_scores"": {""YES"": -1.5289840698242188, ""NO"": -0.0036144256591796875}, ""scoring_mode"": ""bias_corrected_choice_logits"", ""selected_short_label"": ""NO""}"
23,EleutherAI/pythia-1b,pythia,1b,stable_style_policy,same_weights_other_chat,med_05,policy,Write a short policy note on how a small lab should document assumptions before shipping an internal tool update.,DIRECTIVE,directive_rate,NO,1.0,0.0,1.0,0.8199720978736877,0.025,NO,1.0,0.0,1.0,0.8328547477722168,0.06666666666666667,0.0,0.0,TIE,TIE,,,,"{""raw_logit_scores"": {""YES"": 10.189181327819824, ""NO"": 9.610681533813477}, ""label_bias_scores"": {""YES"": 11.314529418945312, ""NO"": 9.219871520996094}, ""corrected_scores"": {""YES"": -1.1253480911254883, ""NO"": 0.3908100128173828}, ""scoring_mode"": ""bias_corrected_choice_logits"", ""selected_short_label"": ""NO""}","{""raw_logit_scores"": {""YES"": 10.312101364135742, ""NO"": 9.823439598083496}, ""label_bias_scores"": {""YES"": 11.314529418945312, ""NO"": 9.219871520996094}, ""corrected_scores"": {""YES"": -1.0024280548095703, ""NO"": 0.6035680770874023}, ""scoring_mode"": ""bias_corrected_choice_logits"", ""selected_short_label"": ""NO""}"
23,EleutherAI/pythia-1b,pythia,1b,stable_style_policy,same_weights_other_chat,med_06,policy,Write a short policy note on how a museum team should record changes to exhibit labels during revision.,ELABORATE,avg_sentence_length,NO,1.0,0.0,1.0,0.7432669997215271,20.0,NO,1.0,0.0,1.0,0.7381590008735657,17.0,0.0,0.0,TIE,TIE,,,,"{""raw_logit_scores"": {""YES"": 10.100985527038574, ""NO"": 9.069342613220215}, ""label_bias_scores"": {""YES"": 11.314533233642578, ""NO"": 9.219871520996094}, ""corrected_scores"": {""YES"": -1.213547706604004, ""NO"": -0.1505289077758789}, ""scoring_mode"": ""bias_corrected_choice_logits"", ""selected_short_label"": ""NO""}","{""raw_logit_scores"": {""YES"": 10.150643348693848, ""NO"": 9.092403411865234}, ""label_bias_scores"": {""YES"": 11.314533233642578, ""NO"": 9.219871520996094}, ""corrected_scores"": {""YES"": -1.1638898849487305, ""NO"": -0.12746810913085938}, ""scoring_mode"": ""bias_corrected_choice_logits"", ""selected_short_label"": ""NO""}"
23,EleutherAI/pythia-1b,pythia,1b,stable_style_policy,same_weights_other_chat,med_06,policy,Write a short policy note on how a museum team should record changes to exhibit labels during revision.,HEDGE,hedge_density,NO,1.0,1.0,0.0,0.7569665312767029,0.0,NO,1.0,1.0,0.0,0.7507205605506897,0.0,0.0,0.0,TIE,TIE,,,,"{""raw_logit_scores"": {""YES"": 10.042431831359863, ""NO"": 9.083889961242676}, ""label_bias_scores"": {""YES"": 11.314533233642578, ""NO"": 9.219871520996094}, ""corrected_scores"": {""YES"": -1.2721014022827148, ""NO"": -0.13598155975341797}, ""scoring_mode"": ""bias_corrected_choice_logits"", ""selected_short_label"": ""NO""}","{""raw_logit_scores"": {""YES"": 9.890780448913574, ""NO"": 8.898577690124512}, ""label_bias_scores"": {""YES"": 11.314533233642578, ""NO"": 9.219871520996094}, ""corrected_scores"": {""YES"": -1.423752784729004, ""NO"": -0.32129383087158203}, ""scoring_mode"": ""bias_corrected_choice_logits"", ""selected_short_label"": ""NO""}"
23,EleutherAI/pythia-1b,pythia,1b,stable_style_policy,same_weights_other_chat,med_06,policy,Write a short policy note on how a museum team should record changes to exhibit labels during revision.,FIRST_PERSON,first_person_rate,NO,1.0,1.0,0.0,0.762799084186554,0.0,NO,1.0,1.0,0.0,0.7547052502632141,0.0,0.0,0.0,TIE,TIE,,,,"{""raw_logit_scores"": {""YES"": 9.684609413146973, ""NO"": 8.758034706115723}, ""label_bias_scores"": {""YES"": 11.314533233642578, ""NO"": 9.219871520996094}, ""corrected_scores"": {""YES"": -1.6299238204956055, ""NO"": -0.4618368148803711}, ""scoring_mode"": ""bias_corrected_choice_logits"", ""selected_short_label"": ""NO""}","{""raw_logit_scores"": {""YES"": 9.601014137268066, ""NO"": 8.630219459533691}, ""label_bias_scores"": {""YES"": 11.314533233642578, ""NO"": 9.219871520996094}, ""corrected_scores"": {""YES"": -1.7135190963745117, ""NO"": -0.5896520614624023}, ""scoring_mode"": ""bias_corrected_choice_logits"", ""selected_short_label"": ""NO""}"
23,EleutherAI/pythia-1b,pythia,1b,stable_style_policy,same_weights_other_chat,med_06,policy,Write a short policy note on how a museum team should record changes to exhibit labels during revision.,DIRECTIVE,directive_rate,NO,1.0,0.0,1.0,0.7555330395698547,0.025,NO,1.0,0.0,1.0,0.7758475542068481,0.17647058823529413,0.0,0.0,TIE,TIE,,,,"{""raw_logit_scores"": {""YES"": 10.112197875976562, ""NO"": 9.145879745483398}, ""label_bias_scores"": {""YES"": 11.314533233642578, ""NO"": 9.219871520996094}, ""corrected_scores"": {""YES"": -1.2023353576660156, ""NO"": -0.07399177551269531}, ""scoring_mode"": ""bias_corrected_choice_logits"", ""selected_short_label"": ""NO""}","{""raw_logit_scores"": {""YES"": 10.267316818237305, ""NO"": 9.414284706115723}, ""label_bias_scores"": {""YES"": 11.314533233642578, ""NO"": 9.219871520996094}, ""corrected_scores"": {""YES"": -1.0472164154052734, ""NO"": 0.1944131851196289}, ""scoring_mode"": ""bias_corrected_choice_logits"", ""selected_short_label"": ""NO""}"
23,EleutherAI/pythia-1b,pythia,1b,stable_style_policy,same_weights_other_chat,med_07,diagnosis,Diagnose why a project meeting feels productive in the room but leaves everyone unclear about the next step.,ELABORATE,avg_sentence_length,NO,1.0,0.0,1.0,0.7899006009101868,20.0,NO,1.0,0.0,1.0,0.7755233645439148,24.0,0.0,0.0,TIE,TIE,,,,"{""raw_logit_scores"": {""YES"": 10.171849250793457, ""NO"": 9.401517868041992}, ""label_bias_scores"": {""YES"": 11.314529418945312, ""NO"": 9.219871520996094}, ""corrected_scores"": {""YES"": -1.1426801681518555, ""NO"": 0.18164634704589844}, ""scoring_mode"": ""bias_corrected_choice_logits"", ""selected_short_label"": ""NO""}","{""raw_logit_scores"": {""YES"": 10.237455368041992, ""NO"": 9.382563591003418}, ""label_bias_scores"": {""YES"": 11.314529418945312, ""NO"": 9.219871520996094}, ""corrected_scores"": {""YES"": -1.0770740509033203, ""NO"": 0.16269207000732422}, ""scoring_mode"": ""bias_corrected_choice_logits"", ""selected_short_label"": ""NO""}"
23,EleutherAI/pythia-1b,pythia,1b,stable_style_policy,same_weights_other_chat,med_07,diagnosis,Diagnose why a project meeting feels productive in the room but leaves everyone unclear about the next step.,HEDGE,hedge_density,NO,1.0,1.0,0.0,0.8092826008796692,0.0,NO,1.0,1.0,0.0,0.8003718852996826,0.0,0.0,0.0,TIE,TIE,,,,"{""raw_logit_scores"": {""YES"": 10.100716590881348, ""NO"": 9.451414108276367}, ""label_bias_scores"": {""YES"": 11.314529418945312, ""NO"": 9.219871520996094}, ""corrected_scores"": {""YES"": -1.2138128280639648, ""NO"": 0.23154258728027344}, ""scoring_mode"": ""bias_corrected_choice_logits"", ""selected_short_label"": ""NO""}","{""raw_logit_scores"": {""YES"": 9.997109413146973, ""NO"": 9.291071891784668}, ""label_bias_scores"": {""YES"": 11.314529418945312, ""NO"": 9.219871520996094}, ""corrected_scores"": {""YES"": -1.3174200057983398, ""NO"": 0.07120037078857422}, ""scoring_mode"": ""bias_corrected_choice_logits"", ""selected_short_label"": ""NO""}"
23,EleutherAI/pythia-1b,pythia,1b,stable_style_policy,same_weights_other_chat,med_07,diagnosis,Diagnose why a project meeting feels productive in the room but leaves everyone unclear about the next step.,FIRST_PERSON,first_person_rate,NO,1.0,1.0,0.0,0.8070752620697021,0.0,NO,1.0,1.0,0.0,0.7961956262588501,0.0,0.0,0.0,TIE,TIE,,,,"{""raw_logit_scores"": {""YES"": 9.64358139038086, ""NO"": 8.980040550231934}, ""label_bias_scores"": {""YES"": 11.314529418945312, ""NO"": 9.219871520996094}, ""corrected_scores"": {""YES"": -1.6709480285644531, ""NO"": -0.23983097076416016}, ""scoring_mode"": ""bias_corrected_choice_logits"", ""selected_short_label"": ""NO""}","{""raw_logit_scores"": {""YES"": 9.634150505065918, ""NO"": 8.902176856994629}, ""label_bias_scores"": {""YES"": 11.314529418945312, ""NO"": 9.219871520996094}, ""corrected_scores"": {""YES"": -1.6803789138793945, ""NO"": -0.31769466400146484}, ""scoring_mode"": ""bias_corrected_choice_logits"", ""selected_short_label"": ""NO""}"
23,EleutherAI/pythia-1b,pythia,1b,stable_style_policy,same_weights_other_chat,med_07,diagnosis,Diagnose why a project meeting feels productive in the room but leaves everyone unclear about the next step.,DIRECTIVE,directive_rate,NO,1.0,0.0,1.0,0.8098241686820984,0.025,NO,1.0,0.0,1.0,0.8105366230010986,0.0625,0.0,0.0,TIE,TIE,,,,"{""raw_logit_scores"": {""YES"": 10.147829055786133, ""NO"": 9.502038955688477}, ""label_bias_scores"": {""YES"": 11.314529418945312, ""NO"": 9.219871520996094}, ""corrected_scores"": {""YES"": -1.1667003631591797, ""NO"": 0.2821674346923828}, ""scoring_mode"": ""bias_corrected_choice_logits"", ""selected_short_label"": ""NO""}","{""raw_logit_scores"": {""YES"": 10.292465209960938, ""NO"": 9.651308059692383}, ""label_bias_scores"": {""YES"": 11.314529418945312, ""NO"": 9.219871520996094}, ""corrected_scores"": {""YES"": -1.022064208984375, ""NO"": 0.43143653869628906}, ""scoring_mode"": ""bias_corrected_choice_logits"", ""selected_short_label"": ""NO""}"
23,EleutherAI/pythia-1b,pythia,1b,stable_style_policy,same_weights_other_chat,med_08,diagnosis,Diagnose why a paragraph sounds intelligent but still fails to tell the reader what claim matters most.,ELABORATE,avg_sentence_length,NO,1.0,0.0,1.0,0.8184416890144348,20.0,NO,1.0,0.0,1.0,0.815813422203064,13.0,0.0,0.0,TIE,TIE,,,,"{""raw_logit_scores"": {""YES"": 10.123936653137207, ""NO"": 9.535099983215332}, ""label_bias_scores"": {""YES"": 11.314533233642578, ""NO"": 9.219871520996094}, ""corrected_scores"": {""YES"": -1.190596580505371, ""NO"": 0.3152284622192383}, ""scoring_mode"": ""bias_corrected_choice_logits"", ""selected_short_label"": ""NO""}","{""raw_logit_scores"": {""YES"": 10.170328140258789, ""NO"": 9.563902854919434}, ""label_bias_scores"": {""YES"": 11.314533233642578, ""NO"": 9.219871520996094}, ""corrected_scores"": {""YES"": -1.144205093383789, ""NO"": 0.34403133392333984}, ""scoring_mode"": ""bias_corrected_choice_logits"", ""selected_short_label"": ""NO""}"
23,EleutherAI/pythia-1b,pythia,1b,stable_style_policy,same_weights_other_chat,med_08,diagnosis,Diagnose why a paragraph sounds intelligent but still fails to tell the reader what claim matters most.,HEDGE,hedge_density,NO,1.0,1.0,0.0,0.8310514688491821,0.0,NO,1.0,1.0,0.0,0.831480085849762,0.0,0.0,0.0,TIE,TIE,,,,"{""raw_logit_scores"": {""YES"": 10.15842056274414, ""NO"": 9.656856536865234}, ""label_bias_scores"": {""YES"": 11.314533233642578, ""NO"": 9.219871520996094}, ""corrected_scores"": {""YES"": -1.1561126708984375, ""NO"": 0.4369850158691406}, ""scoring_mode"": ""bias_corrected_choice_logits"", ""selected_short_label"": ""NO""}","{""raw_logit_scores"": {""YES"": 10.0111665725708, ""NO"": 9.51265811920166}, ""label_bias_scores"": {""YES"": 11.314533233642578, ""NO"": 9.219871520996094}, ""corrected_scores"": {""YES"": -1.3033666610717773, ""NO"": 0.2927865982055664}, ""scoring_mode"": ""bias_corrected_choice_logits"", ""selected_short_label"": ""NO""}"
23,EleutherAI/pythia-1b,pythia,1b,stable_style_policy,same_weights_other_chat,med_08,diagnosis,Diagnose why a paragraph sounds intelligent but still fails to tell the reader what claim matters most.,FIRST_PERSON,first_person_rate,NO,1.0,1.0,0.0,0.8351014852523804,0.0,NO,1.0,1.0,0.0,0.8333520293235779,0.0,0.0,0.0,TIE,TIE,,,,"{""raw_logit_scores"": {""YES"": 9.761724472045898, ""NO"": 9.289285659790039}, ""label_bias_scores"": {""YES"": 11.314533233642578, ""NO"": 9.219871520996094}, ""corrected_scores"": {""YES"": -1.5528087615966797, ""NO"": 0.06941413879394531}, ""scoring_mode"": ""bias_corrected_choice_logits"", ""selected_short_label"": ""NO""}","{""raw_logit_scores"": {""YES"": 9.697471618652344, ""NO"": 9.212382316589355}, ""label_bias_scores"": {""YES"": 11.314533233642578, ""NO"": 9.219871520996094}, ""corrected_scores"": {""YES"": -1.6170616149902344, ""NO"": -0.007489204406738281}, ""scoring_mode"": ""bias_corrected_choice_logits"", ""selected_short_label"": ""NO""}"
23,EleutherAI/pythia-1b,pythia,1b,stable_style_policy,same_weights_other_chat,med_08,diagnosis,Diagnose why a paragraph sounds intelligent but still fails to tell the reader what claim matters most.,DIRECTIVE,directive_rate,NO,1.0,0.0,1.0,0.8341010808944702,0.025,NO,1.0,0.0,1.0,0.8429107069969177,0.01282051282051282,0.0,0.0,TIE,TIE,,,,"{""raw_logit_scores"": {""YES"": 10.124244689941406, ""NO"": 9.644558906555176}, ""label_bias_scores"": {""YES"": 11.314533233642578, ""NO"": 9.219871520996094}, ""corrected_scores"": {""YES"": -1.1902885437011719, ""NO"": 0.42468738555908203}, ""scoring_mode"": ""bias_corrected_choice_logits"", ""selected_short_label"": ""NO""}","{""raw_logit_scores"": {""YES"": 10.245149612426758, ""NO"": 9.830534934997559}, ""label_bias_scores"": {""YES"": 11.314533233642578, ""NO"": 9.219871520996094}, ""corrected_scores"": {""YES"": -1.0693836212158203, ""NO"": 0.6106634140014648}, ""scoring_mode"": ""bias_corrected_choice_logits"", ""selected_short_label"": ""NO""}"
23,EleutherAI/pythia-1b,pythia,1b,stable_style_policy,same_weights_other_chat,med_09,comparison,Compare field notes and retrospective summaries as records of what actually happened during a research visit.,ELABORATE,avg_sentence_length,NO,1.0,0.0,1.0,0.7602726221084595,20.0,NO,1.0,0.0,1.0,0.7527696490287781,19.75,0.0,0.0,TIE,TIE,,,,"{""raw_logit_scores"": {""YES"": 9.762484550476074, ""NO"": 8.821996688842773}, ""label_bias_scores"": {""YES"": 11.314533233642578, ""NO"": 9.219870567321777}, ""corrected_scores"": {""YES"": -1.552048683166504, ""NO"": -0.3978738784790039}, ""scoring_mode"": ""bias_corrected_choice_logits"", ""selected_short_label"": ""NO""}","{""raw_logit_scores"": {""YES"": 9.950518608093262, ""NO"": 8.969294548034668}, ""label_bias_scores"": {""YES"": 11.314533233642578, ""NO"": 9.219870567321777}, ""corrected_scores"": {""YES"": -1.3640146255493164, ""NO"": -0.2505760192871094}, ""scoring_mode"": ""bias_corrected_choice_logits"", ""selected_short_label"": ""NO""}"
23,EleutherAI/pythia-1b,pythia,1b,stable_style_policy,same_weights_other_chat,med_09,comparison,Compare field notes and retrospective summaries as records of what actually happened during a research visit.,HEDGE,hedge_density,NO,1.0,1.0,0.0,0.7892733812332153,0.0,NO,1.0,1.0,0.0,0.7887299060821533,0.0,0.0,0.0,TIE,TIE,,,,"{""raw_logit_scores"": {""YES"": 9.819156646728516, ""NO"": 9.045044898986816}, ""label_bias_scores"": {""YES"": 11.314533233642578, ""NO"": 9.219870567321777}, ""corrected_scores"": {""YES"": -1.4953765869140625, ""NO"": -0.17482566833496094}, ""scoring_mode"": ""bias_corrected_choice_logits"", ""selected_short_label"": ""NO""}","{""raw_logit_scores"": {""YES"": 9.779677391052246, ""NO"": 9.002301216125488}, ""label_bias_scores"": {""YES"": 11.314533233642578, ""NO"": 9.219870567321777}, ""corrected_scores"": {""YES"": -1.534855842590332, ""NO"": -0.21756935119628906}, ""scoring_mode"": ""bias_corrected_choice_logits"", ""selected_short_label"": ""NO""}"
23,EleutherAI/pythia-1b,pythia,1b,stable_style_policy,same_weights_other_chat,med_09,comparison,Compare field notes and retrospective summaries as records of what actually happened during a research visit.,FIRST_PERSON,first_person_rate,NO,1.0,1.0,0.0,0.7872767448425293,0.0,NO,1.0,0.0,1.0,0.7841985821723938,0.012658227848101266,1.0,0.0,OTHER,OTHER,1.0,,,"{""raw_logit_scores"": {""YES"": 9.358646392822266, ""NO"": 8.572571754455566}, ""label_bias_scores"": {""YES"": 11.314533233642578, ""NO"": 9.219870567321777}, ""corrected_scores"": {""YES"": -1.9558868408203125, ""NO"": -0.6472988128662109}, ""scoring_mode"": ""bias_corrected_choice_logits"", ""selected_short_label"": ""NO""}","{""raw_logit_scores"": {""YES"": 9.44023323059082, ""NO"": 8.635873794555664}, ""label_bias_scores"": {""YES"": 11.314533233642578, ""NO"": 9.219870567321777}, ""corrected_scores"": {""YES"": -1.8743000030517578, ""NO"": -0.5839967727661133}, ""scoring_mode"": ""bias_corrected_choice_logits"", ""selected_short_label"": ""NO""}"
23,EleutherAI/pythia-1b,pythia,1b,stable_style_policy,same_weights_other_chat,med_09,comparison,Compare field notes and retrospective summaries as records of what actually happened during a research visit.,DIRECTIVE,directive_rate,NO,1.0,0.0,1.0,0.7798972725868225,0.025,NO,1.0,0.0,1.0,0.7964881062507629,0.012658227848101266,0.0,0.0,TIE,TIE,,,,"{""raw_logit_scores"": {""YES"": 9.81828784942627, ""NO"": 8.988693237304688}, ""label_bias_scores"": {""YES"": 11.314533233642578, ""NO"": 9.219870567321777}, ""corrected_scores"": {""YES"": -1.4962453842163086, ""NO"": -0.23117733001708984}, ""scoring_mode"": ""bias_corrected_choice_logits"", ""selected_short_label"": ""NO""}","{""raw_logit_scores"": {""YES"": 10.051712989807129, ""NO"": 9.321537971496582}, ""label_bias_scores"": {""YES"": 11.314533233642578, ""NO"": 9.219870567321777}, ""corrected_scores"": {""YES"": -1.2628202438354492, ""NO"": 0.10166740417480469}, ""scoring_mode"": ""bias_corrected_choice_logits"", ""selected_short_label"": ""NO""}"
23,EleutherAI/pythia-1b,pythia,1b,stable_style_policy,same_weights_other_chat,med_10,comparison,Compare an internal checklist and a polished postmortem as tools for preventing the same operational mistake twice.,ELABORATE,avg_sentence_length,NO,1.0,0.0,1.0,0.8023867011070251,20.0,NO,1.0,0.0,1.0,0.8040147423744202,17.666666666666668,0.0,0.0,TIE,TIE,,,,"{""raw_logit_scores"": {""YES"": 9.454148292541504, ""NO"": 8.760765075683594}, ""label_bias_scores"": {""YES"": 11.314533233642578, ""NO"": 9.219871520996094}, ""corrected_scores"": {""YES"": -1.8603849411010742, ""NO"": -0.4591064453125}, ""scoring_mode"": ""bias_corrected_choice_logits"", ""selected_short_label"": ""NO""}","{""raw_logit_scores"": {""YES"": 9.56946086883545, ""NO"": 8.886377334594727}, ""label_bias_scores"": {""YES"": 11.314533233642578, ""NO"": 9.219871520996094}, ""corrected_scores"": {""YES"": -1.745072364807129, ""NO"": -0.3334941864013672}, ""scoring_mode"": ""bias_corrected_choice_logits"", ""selected_short_label"": ""NO""}"
23,EleutherAI/pythia-1b,pythia,1b,stable_style_policy,same_weights_other_chat,med_10,comparison,Compare an internal checklist and a polished postmortem as tools for preventing the same operational mistake twice.,HEDGE,hedge_density,NO,1.0,1.0,0.0,0.8179852962493896,0.0,NO,1.0,1.0,0.0,0.8213517069816589,0.0,0.0,0.0,TIE,TIE,,,,"{""raw_logit_scores"": {""YES"": 9.467267036437988, ""NO"": 8.875362396240234}, ""label_bias_scores"": {""YES"": 11.314533233642578, ""NO"": 9.219871520996094}, ""corrected_scores"": {""YES"": -1.8472661972045898, ""NO"": -0.3445091247558594}, ""scoring_mode"": ""bias_corrected_choice_logits"", ""selected_short_label"": ""NO""}","{""raw_logit_scores"": {""YES"": 9.401832580566406, ""NO"": 8.832703590393066}, ""label_bias_scores"": {""YES"": 11.314533233642578, ""NO"": 9.219871520996094}, ""corrected_scores"": {""YES"": -1.9127006530761719, ""NO"": -0.38716793060302734}, ""scoring_mode"": ""bias_corrected_choice_logits"", ""selected_short_label"": ""NO""}"
23,EleutherAI/pythia-1b,pythia,1b,stable_style_policy,same_weights_other_chat,med_10,comparison,Compare an internal checklist and a polished postmortem as tools for preventing the same operational mistake twice.,FIRST_PERSON,first_person_rate,NO,1.0,1.0,0.0,0.8247628808021545,0.0,NO,1.0,1.0,0.0,0.8252275586128235,0.0,0.0,0.0,TIE,TIE,,,,"{""raw_logit_scores"": {""YES"": 8.977954864501953, ""NO"": 8.432249069213867}, ""label_bias_scores"": {""YES"": 11.314533233642578, ""NO"": 9.219871520996094}, ""corrected_scores"": {""YES"": -2.336578369140625, ""NO"": -0.7876224517822266}, ""scoring_mode"": ""bias_corrected_choice_logits"", ""selected_short_label"": ""NO""}","{""raw_logit_scores"": {""YES"": 9.019500732421875, ""NO"": 8.47701358795166}, ""label_bias_scores"": {""YES"": 11.314533233642578, ""NO"": 9.219871520996094}, ""corrected_scores"": {""YES"": -2.295032501220703, ""NO"": -0.7428579330444336}, ""scoring_mode"": ""bias_corrected_choice_logits"", ""selected_short_label"": ""NO""}"
23,EleutherAI/pythia-1b,pythia,1b,stable_style_policy,same_weights_other_chat,med_10,comparison,Compare an internal checklist and a polished postmortem as tools for preventing the same operational mistake twice.,DIRECTIVE,directive_rate,NO,1.0,0.0,1.0,0.8092216849327087,0.025,NO,1.0,0.0,1.0,0.8245066404342651,0.03773584905660377,0.0,0.0,TIE,TIE,,,,"{""raw_logit_scores"": {""YES"": 9.54315185546875, ""NO"": 8.893450736999512}, ""label_bias_scores"": {""YES"": 11.314533233642578, ""NO"": 9.219871520996094}, ""corrected_scores"": {""YES"": -1.7713813781738281, ""NO"": -0.32642078399658203}, ""scoring_mode"": ""bias_corrected_choice_logits"", ""selected_short_label"": ""NO""}","{""raw_logit_scores"": {""YES"": 9.712567329406738, ""NO"": 9.16508960723877}, ""label_bias_scores"": {""YES"": 11.314533233642578, ""NO"": 9.219871520996094}, ""corrected_scores"": {""YES"": -1.6019659042358398, ""NO"": -0.05478191375732422}, ""scoring_mode"": ""bias_corrected_choice_logits"", ""selected_short_label"": ""NO""}"
23,EleutherAI/pythia-1b,pythia,1b,stable_style_policy,same_weights_other_chat,med_11,planning,Sketch a short plan for turning a pile of scattered observations into a usable incident timeline.,ELABORATE,avg_sentence_length,NO,1.0,1.0,0.0,0.8120247721672058,7.0,NO,1.0,0.0,1.0,0.8134918808937073,12.0,1.0,0.0,OTHER,OTHER,1.0,,,"{""raw_logit_scores"": {""YES"": 9.974031448364258, ""NO"": 9.342589378356934}, ""label_bias_scores"": {""YES"": 11.314533233642578, ""NO"": 9.219870567321777}, ""corrected_scores"": {""YES"": -1.3405017852783203, ""NO"": 0.12271881103515625}, ""scoring_mode"": ""bias_corrected_choice_logits"", ""selected_short_label"": ""NO""}","{""raw_logit_scores"": {""YES"": 10.03464412689209, ""NO"": 9.412842750549316}, ""label_bias_scores"": {""YES"": 11.314533233642578, ""NO"": 9.219870567321777}, ""corrected_scores"": {""YES"": -1.2798891067504883, ""NO"": 0.19297218322753906}, ""scoring_mode"": ""bias_corrected_choice_logits"", ""selected_short_label"": ""NO""}"
23,EleutherAI/pythia-1b,pythia,1b,stable_style_policy,same_weights_other_chat,med_11,planning,Sketch a short plan for turning a pile of scattered observations into a usable incident timeline.,HEDGE,hedge_density,NO,1.0,1.0,0.0,0.8299861550331116,0.0,NO,1.0,1.0,0.0,0.8358992338180542,0.0,0.0,0.0,TIE,TIE,,,,"{""raw_logit_scores"": {""YES"": 10.028786659240723, ""NO"": 9.5196533203125}, ""label_bias_scores"": {""YES"": 11.314533233642578, ""NO"": 9.219870567321777}, ""corrected_scores"": {""YES"": -1.2857465744018555, ""NO"": 0.29978275299072266}, ""scoring_mode"": ""bias_corrected_choice_logits"", ""selected_short_label"": ""NO""}","{""raw_logit_scores"": {""YES"": 9.882858276367188, ""NO"": 9.41622257232666}, ""label_bias_scores"": {""YES"": 11.314533233642578, ""NO"": 9.219870567321777}, ""corrected_scores"": {""YES"": -1.4316749572753906, ""NO"": 0.1963520050048828}, ""scoring_mode"": ""bias_corrected_choice_logits"", ""selected_short_label"": ""NO""}"
23,EleutherAI/pythia-1b,pythia,1b,stable_style_policy,same_weights_other_chat,med_11,planning,Sketch a short plan for turning a pile of scattered observations into a usable incident timeline.,FIRST_PERSON,first_person_rate,NO,1.0,1.0,0.0,0.8218657374382019,0.0,NO,1.0,1.0,0.0,0.8258285522460938,0.0,0.0,0.0,TIE,TIE,,,,"{""raw_logit_scores"": {""YES"": 9.66623592376709, ""NO"": 9.10061264038086}, ""label_bias_scores"": {""YES"": 11.314533233642578, ""NO"": 9.219870567321777}, ""corrected_scores"": {""YES"": -1.6482973098754883, ""NO"": -0.11925792694091797}, ""scoring_mode"": ""bias_corrected_choice_logits"", ""selected_short_label"": ""NO""}","{""raw_logit_scores"": {""YES"": 9.631226539611816, ""NO"": 9.092910766601562}, ""label_bias_scores"": {""YES"": 11.314533233642578, ""NO"": 9.219870567321777}, ""corrected_scores"": {""YES"": -1.6833066940307617, ""NO"": -0.12695980072021484}, ""scoring_mode"": ""bias_corrected_choice_logits"", ""selected_short_label"": ""NO""}"
23,EleutherAI/pythia-1b,pythia,1b,stable_style_policy,same_weights_other_chat,med_11,planning,Sketch a short plan for turning a pile of scattered observations into a usable incident timeline.,DIRECTIVE,directive_rate,NO,1.0,1.0,0.0,0.8160501718521118,0.0,NO,1.0,0.0,1.0,0.8359763622283936,0.16666666666666666,1.0,0.0,OTHER,OTHER,1.0,,,"{""raw_logit_scores"": {""YES"": 9.991546630859375, ""NO"": 9.386696815490723}, ""label_bias_scores"": {""YES"": 11.314533233642578, ""NO"": 9.219870567321777}, ""corrected_scores"": {""YES"": -1.3229866027832031, ""NO"": 0.1668262481689453}, ""scoring_mode"": ""bias_corrected_choice_logits"", ""selected_short_label"": ""NO""}","{""raw_logit_scores"": {""YES"": 10.136507987976074, ""NO"": 9.670434951782227}, ""label_bias_scores"": {""YES"": 11.314533233642578, ""NO"": 9.219870567321777}, ""corrected_scores"": {""YES"": -1.178025245666504, ""NO"": 0.4505643844604492}, ""scoring_mode"": ""bias_corrected_choice_logits"", ""selected_short_label"": ""NO""}"
23,EleutherAI/pythia-1b,pythia,1b,stable_style_policy,same_weights_other_chat,med_12,planning,Sketch a short plan for helping a student narrow a thesis topic without draining all of the curiosity out of it.,ELABORATE,avg_sentence_length,NO,1.0,0.0,1.0,0.802754819393158,20.0,NO,1.0,1.0,0.0,0.7832403779029846,8.0,1.0,0.0,SELF,OTHER,0.0,,,"{""raw_logit_scores"": {""YES"": 10.272499084472656, ""NO"": 9.581437110900879}, ""label_bias_scores"": {""YES"": 11.314532279968262, ""NO"": 9.219868659973145}, ""corrected_scores"": {""YES"": -1.0420331954956055, ""NO"": 0.3615684509277344}, ""scoring_mode"": ""bias_corrected_choice_logits"", ""selected_short_label"": ""NO""}","{""raw_logit_scores"": {""YES"": 10.264222145080566, ""NO"": 9.454209327697754}, ""label_bias_scores"": {""YES"": 11.314532279968262, ""NO"": 9.219868659973145}, ""corrected_scores"": {""YES"": -1.0503101348876953, ""NO"": 0.23434066772460938}, ""scoring_mode"": ""bias_corrected_choice_logits"", ""selected_short_label"": ""NO""}"
23,EleutherAI/pythia-1b,pythia,1b,stable_style_policy,same_weights_other_chat,med_12,planning,Sketch a short plan for helping a student narrow a thesis topic without draining all of the curiosity out of it.,HEDGE,hedge_density,NO,1.0,1.0,0.0,0.8133037090301514,0.0,NO,1.0,1.0,0.0,0.8070603013038635,0.0,0.0,0.0,TIE,TIE,,,,"{""raw_logit_scores"": {""YES"": 10.110060691833496, ""NO"": 9.487018585205078}, ""label_bias_scores"": {""YES"": 11.314532279968262, ""NO"": 9.219868659973145}, ""corrected_scores"": {""YES"": -1.2044715881347656, ""NO"": 0.2671499252319336}, ""scoring_mode"": ""bias_corrected_choice_logits"", ""selected_short_label"": ""NO""}","{""raw_logit_scores"": {""YES"": 10.13247013092041, ""NO"": 9.468827247619629}, ""label_bias_scores"": {""YES"": 11.314532279968262, ""NO"": 9.219868659973145}, ""corrected_scores"": {""YES"": -1.1820621490478516, ""NO"": 0.24895858764648438}, ""scoring_mode"": ""bias_corrected_choice_logits"", ""selected_short_label"": ""NO""}"
23,EleutherAI/pythia-1b,pythia,1b,stable_style_policy,same_weights_other_chat,med_12,planning,Sketch a short plan for helping a student narrow a thesis topic without draining all of the curiosity out of it.,FIRST_PERSON,first_person_rate,NO,1.0,1.0,0.0,0.8127607703208923,0.0,NO,1.0,0.0,1.0,0.8012253046035767,0.125,1.0,0.0,OTHER,OTHER,1.0,,,"{""raw_logit_scores"": {""YES"": 9.71169662475586, ""NO"": 9.0850830078125}, ""label_bias_scores"": {""YES"": 11.314532279968262, ""NO"": 9.219868659973145}, ""corrected_scores"": {""YES"": -1.6028356552124023, ""NO"": -0.13478565216064453}, ""scoring_mode"": ""bias_corrected_choice_logits"", ""selected_short_label"": ""NO""}","{""raw_logit_scores"": {""YES"": 9.832979202270508, ""NO"": 9.132286071777344}, ""label_bias_scores"": {""YES"": 11.314532279968262, ""NO"": 9.219868659973145}, ""corrected_scores"": {""YES"": -1.481553077697754, ""NO"": -0.08758258819580078}, ""scoring_mode"": ""bias_corrected_choice_logits"", ""selected_short_label"": ""NO""}"
23,EleutherAI/pythia-1b,pythia,1b,stable_style_policy,same_weights_other_chat,med_12,planning,Sketch a short plan for helping a student narrow a thesis topic without draining all of the curiosity out of it.,DIRECTIVE,directive_rate,NO,1.0,0.0,1.0,0.8172935843467712,0.025,NO,1.0,0.0,1.0,0.8156029582023621,0.08333333333333333,0.0,0.0,TIE,TIE,,,,"{""raw_logit_scores"": {""YES"": 10.23008918762207, ""NO"": 9.633543014526367}, ""label_bias_scores"": {""YES"": 11.314532279968262, ""NO"": 9.219868659973145}, ""corrected_scores"": {""YES"": -1.0844430923461914, ""NO"": 0.41367435455322266}, ""scoring_mode"": ""bias_corrected_choice_logits"", ""selected_short_label"": ""NO""}","{""raw_logit_scores"": {""YES"": 10.364922523498535, ""NO"": 9.757095336914062}, ""label_bias_scores"": {""YES"": 11.314532279968262, ""NO"": 9.219868659973145}, ""corrected_scores"": {""YES"": -0.9496097564697266, ""NO"": 0.537226676940918}, ""scoring_mode"": ""bias_corrected_choice_logits"", ""selected_short_label"": ""NO""}"
