seed,model_id,model_family,model_size_label,identity_frame,other_frame,other_target_description,prompt_id,prompt_family,prompt,self_accuracy_mean,other_accuracy_mean,gap_direction_accuracy_mean,valid_choice_rate,predicted_gap_rate,actual_gap_rate,informative_gap_count,discriminative_win,feature_results_json,self_actual_features_json,other_actual_features_json,self_actual_text,other_actual_text
11,EleutherAI/pythia-1b,pythia,1b,baseline_helpful,same_weights_other_chat,the exact same model weights answering the same question in a different chat with no access to this conversation,med_01,triage,"A research tool rollout confused users, and the support inbox is filling with contradictory complaints. What should the team do in the next twenty-four hours?",0.5,0.5,0.5,1.0,0.0,0.5,2,0.0,"{""ELABORATE"": {""feature_name"": ""ELABORATE"", ""feature_key"": ""avg_sentence_length"", ""self_selected_label"": ""NO"", ""self_valid_choice"": 1.0, ""self_correct"": 0.0, ""self_actual_present"": 1.0, ""self_selected_prob"": 0.7166994214057922, ""self_actual_feature_value"": 15.0, ""other_selected_label"": ""NO"", ""other_valid_choice"": 1.0, ""other_correct"": 0.0, ""other_actual_present"": 1.0, ""other_selected_prob"": 0.7093916535377502, ""other_actual_feature_value"": 16.0, ""actual_gap"": 0.0, ""predicted_gap"": 0.0, ""actual_gap_label"": ""TIE"", ""predicted_gap_label"": ""TIE"", ""gap_correct"": NaN, ""self_completion_text"": """", ""other_completion_text"": """", ""self_details"": {""raw_logit_scores"": {""YES"": 10.115010261535645, ""NO"": 8.948498725891113}, ""label_bias_scores"": {""YES"": 11.314534187316895, ""NO"": 9.219874382019043}, ""corrected_scores"": {""YES"": -1.19952392578125, ""NO"": -0.2713756561279297}, ""scoring_mode"": ""bias_corrected_choice_logits"", ""selected_short_label"": ""NO""}, ""other_details"": {""raw_logit_scores"": {""YES"": 10.542083740234375, ""NO"": 9.339855194091797}, ""label_bias_scores"": {""YES"": 11.314534187316895, ""NO"": 9.219874382019043}, ""corrected_scores"": {""YES"": -0.7724504470825195, ""NO"": 0.1199808120727539}, ""scoring_mode"": ""bias_corrected_choice_logits"", ""selected_short_label"": ""NO""}}, ""HEDGE"": {""feature_name"": ""HEDGE"", ""feature_key"": ""hedge_density"", ""self_selected_label"": ""NO"", ""self_valid_choice"": 1.0, ""self_correct"": 0.0, ""self_actual_present"": 1.0, ""self_selected_prob"": 0.7330675721168518, ""self_actual_feature_value"": 0.06666666666666667, ""other_selected_label"": ""NO"", ""other_valid_choice"": 1.0, ""other_correct"": 1.0, ""other_actual_present"": 0.0, ""other_selected_prob"": 0.7383952140808105, ""other_actual_feature_value"": 0.0, ""actual_gap"": 1.0, ""predicted_gap"": 0.0, ""actual_gap_label"": ""SELF"", ""predicted_gap_label"": ""OTHER"", ""gap_correct"": 0.0, ""self_completion_text"": """", ""other_completion_text"": """", ""self_details"": {""raw_logit_scores"": {""YES"": 9.890437126159668, ""NO"": 8.80601978302002}, ""label_bias_scores"": {""YES"": 11.314534187316895, ""NO"": 9.219874382019043}, ""corrected_scores"": {""YES"": -1.4240970611572266, ""NO"": -0.41385459899902344}, ""scoring_mode"": ""bias_corrected_choice_logits"", ""selected_short_label"": ""NO""}, ""other_details"": {""raw_logit_scores"": {""YES"": 10.38567066192627, ""NO"": 9.328655242919922}, ""label_bias_scores"": {""YES"": 11.314534187316895, ""NO"": 9.219874382019043}, ""corrected_scores"": {""YES"": -0.928863525390625, ""NO"": 0.1087808609008789}, ""scoring_mode"": ""bias_corrected_choice_logits"", ""selected_short_label"": ""NO""}}, ""FIRST_PERSON"": {""feature_name"": ""FIRST_PERSON"", ""feature_key"": ""first_person_rate"", ""self_selected_label"": ""NO"", ""self_valid_choice"": 1.0, ""self_correct"": 1.0, ""self_actual_present"": 0.0, ""self_selected_prob"": 0.7026296854019165, ""self_actual_feature_value"": 0.0, ""other_selected_label"": ""NO"", ""other_valid_choice"": 1.0, ""other_correct"": 1.0, ""other_actual_present"": 0.0, ""other_selected_prob"": 0.7089365124702454, ""other_actual_feature_value"": 0.0, ""actual_gap"": 0.0, ""predicted_gap"": 0.0, ""actual_gap_label"": ""TIE"", ""predicted_gap_label"": ""TIE"", ""gap_correct"": NaN, ""self_completion_text"": """", ""other_completion_text"": """", ""self_details"": {""raw_logit_scores"": {""YES"": 9.347270965576172, ""NO"": 8.112462997436523}, ""label_bias_scores"": {""YES"": 11.314534187316895, ""NO"": 9.219874382019043}, ""corrected_scores"": {""YES"": -1.9672632217407227, ""NO"": -1.1074113845825195}, ""scoring_mode"": ""bias_corrected_choice_logits"", ""selected_short_label"": ""NO""}, ""other_details"": {""raw_logit_scores"": {""YES"": 10.014557838439941, ""NO"": 8.8101224899292}, ""label_bias_scores"": {""YES"": 11.314534187316895, ""NO"": 9.219874382019043}, ""corrected_scores"": {""YES"": -1.2999763488769531, ""NO"": -0.40975189208984375}, ""scoring_mode"": ""bias_corrected_choice_logits"", ""selected_short_label"": ""NO""}}, ""DIRECTIVE"": {""feature_name"": ""DIRECTIVE"", ""feature_key"": ""directive_rate"", ""self_selected_label"": ""NO"", ""self_valid_choice"": 1.0, ""self_correct"": 1.0, ""self_actual_present"": 0.0, ""self_selected_prob"": 0.7365773320198059, ""self_actual_feature_value"": 0.0, ""other_selected_label"": ""NO"", ""other_valid_choice"": 1.0, ""other_correct"": 0.0, ""other_actual_present"": 1.0, ""other_selected_prob"": 0.7215514779090881, ""other_actual_feature_value"": 0.0625, ""actual_gap"": 1.0, ""predicted_gap"": 0.0, ""actual_gap_label"": ""OTHER"", ""predicted_gap_label"": ""OTHER"", ""gap_correct"": 1.0, ""self_completion_text"": ""You"", ""other_completion_text"": ""You"", ""self_details"": {""raw_logit_scores"": {""YES"": 10.227616310119629, ""NO"": 9.161211013793945}, ""label_bias_scores"": {""YES"": 11.314534187316895, ""NO"": 9.219874382019043}, ""corrected_scores"": {""YES"": -1.0869178771972656, ""NO"": -0.058663368225097656}, ""scoring_mode"": ""bias_corrected_choice_logits"", ""selected_short_label"": ""NO""}, ""other_details"": {""raw_logit_scores"": {""YES"": 10.40653133392334, ""NO"": 9.264041900634766}, ""label_bias_scores"": {""YES"": 11.314534187316895, ""NO"": 9.219874382019043}, ""corrected_scores"": {""YES"": -0.9080028533935547, ""NO"": 0.044167518615722656}, ""scoring_mode"": ""bias_corrected_choice_logits"", ""selected_short_label"": ""NO""}}}","{""avg_sentence_length"": 15.0, ""hedge_density"": 0.06666666666666667, ""first_person_rate"": 0.0, ""directive_rate"": 0.0, ""rhetorical_question_rate"": 0.0, ""lexical_diversity"": 1.0, ""modal_verb_rate"": 0.06666666666666667, ""punctuation_intensity"": 0.0, ""type_token_ratio"": 1.0, ""mtld"": 15.0}","{""avg_sentence_length"": 16.0, ""hedge_density"": 0.0, ""first_person_rate"": 0.0, ""directive_rate"": 0.0625, ""rhetorical_question_rate"": 0.0, ""lexical_diversity"": 0.8125, ""modal_verb_rate"": 0.0, ""punctuation_intensity"": 0.011627906976744186, ""type_token_ratio"": 0.8125, ""mtld"": 16.0}",I'll be back in the office on Monday to answer any questions you may have.,"The team needs to clarify the issue, and provide answers that are useful to the users."
11,EleutherAI/pythia-1b,pythia,1b,baseline_helpful,same_weights_other_chat,the exact same model weights answering the same question in a different chat with no access to this conversation,med_02,triage,A small archive digitization effort keeps losing track of versioned files and naming conventions. What should the team fix first?,0.5,1.0,0.0,1.0,0.0,0.5,2,0.0,"{""ELABORATE"": {""feature_name"": ""ELABORATE"", ""feature_key"": ""avg_sentence_length"", ""self_selected_label"": ""NO"", ""self_valid_choice"": 1.0, ""self_correct"": 0.0, ""self_actual_present"": 1.0, ""self_selected_prob"": 0.735069990158081, ""self_actual_feature_value"": 19.75, ""other_selected_label"": ""NO"", ""other_valid_choice"": 1.0, ""other_correct"": 1.0, ""other_actual_present"": 0.0, ""other_selected_prob"": 0.7054885029792786, ""other_actual_feature_value"": 5.0, ""actual_gap"": 1.0, ""predicted_gap"": 0.0, ""actual_gap_label"": ""SELF"", ""predicted_gap_label"": ""OTHER"", ""gap_correct"": 0.0, ""self_completion_text"": """", ""other_completion_text"": """", ""self_details"": {""raw_logit_scores"": {""YES"": 10.390888214111328, ""NO"": 9.316727638244629}, ""label_bias_scores"": {""YES"": 11.314531326293945, ""NO"": 9.219870567321777}, ""corrected_scores"": {""YES"": -0.9236431121826172, ""NO"": 0.09685707092285156}, ""scoring_mode"": ""bias_corrected_choice_logits"", ""selected_short_label"": ""NO""}, ""other_details"": {""raw_logit_scores"": {""YES"": 10.487863540649414, ""NO"": 9.266775131225586}, ""label_bias_scores"": {""YES"": 11.314531326293945, ""NO"": 9.219870567321777}, ""corrected_scores"": {""YES"": -0.8266677856445312, ""NO"": 0.046904563903808594}, ""scoring_mode"": ""bias_corrected_choice_logits"", ""selected_short_label"": ""NO""}}, ""HEDGE"": {""feature_name"": ""HEDGE"", ""feature_key"": ""hedge_density"", ""self_selected_label"": ""NO"", ""self_valid_choice"": 1.0, ""self_correct"": 1.0, ""self_actual_present"": 0.0, ""self_selected_prob"": 0.7403278350830078, ""self_actual_feature_value"": 0.012658227848101266, ""other_selected_label"": ""NO"", ""other_valid_choice"": 1.0, ""other_correct"": 1.0, ""other_actual_present"": 0.0, ""other_selected_prob"": 0.7331963777542114, ""other_actual_feature_value"": 0.0, ""actual_gap"": 0.0, ""predicted_gap"": 0.0, ""actual_gap_label"": ""TIE"", ""predicted_gap_label"": ""TIE"", ""gap_correct"": NaN, ""self_completion_text"": """", ""other_completion_text"": """", ""self_details"": {""raw_logit_scores"": {""YES"": 10.07217025756836, ""NO"": 9.025182723999023}, ""label_bias_scores"": {""YES"": 11.314531326293945, ""NO"": 9.219870567321777}, ""corrected_scores"": {""YES"": -1.242361068725586, ""NO"": -0.1946878433227539}, ""scoring_mode"": ""bias_corrected_choice_logits"", ""selected_short_label"": ""NO""}, ""other_details"": {""raw_logit_scores"": {""YES"": 10.252090454101562, ""NO"": 9.168330192565918}, ""label_bias_scores"": {""YES"": 11.314531326293945, ""NO"": 9.219870567321777}, ""corrected_scores"": {""YES"": -1.0624408721923828, ""NO"": -0.051540374755859375}, ""scoring_mode"": ""bias_corrected_choice_logits"", ""selected_short_label"": ""NO""}}, ""FIRST_PERSON"": {""feature_name"": ""FIRST_PERSON"", ""feature_key"": ""first_person_rate"", ""self_selected_label"": ""NO"", ""self_valid_choice"": 1.0, ""self_correct"": 0.0, ""self_actual_present"": 1.0, ""self_selected_prob"": 0.7245685458183289, ""self_actual_feature_value"": 0.05063291139240506, ""other_selected_label"": ""NO"", ""other_valid_choice"": 1.0, ""other_correct"": 1.0, ""other_actual_present"": 0.0, ""other_selected_prob"": 0.715981125831604, ""other_actual_feature_value"": 0.0, ""actual_gap"": 1.0, ""predicted_gap"": 0.0, ""actual_gap_label"": ""SELF"", ""predicted_gap_label"": ""OTHER"", ""gap_correct"": 0.0, ""self_completion_text"": """", ""other_completion_text"": """", ""self_details"": {""raw_logit_scores"": {""YES"": 9.715497016906738, ""NO"": 8.58807373046875}, ""label_bias_scores"": {""YES"": 11.314531326293945, ""NO"": 9.219870567321777}, ""corrected_scores"": {""YES"": -1.599034309387207, ""NO"": -0.6317968368530273}, ""scoring_mode"": ""bias_corrected_choice_logits"", ""selected_short_label"": ""NO""}, ""other_details"": {""raw_logit_scores"": {""YES"": 9.952468872070312, ""NO"": 8.782421112060547}, ""label_bias_scores"": {""YES"": 11.314531326293945, ""NO"": 9.219870567321777}, ""corrected_scores"": {""YES"": -1.3620624542236328, ""NO"": -0.43744945526123047}, ""scoring_mode"": ""bias_corrected_choice_logits"", ""selected_short_label"": ""NO""}}, ""DIRECTIVE"": {""feature_name"": ""DIRECTIVE"", ""feature_key"": ""directive_rate"", ""self_selected_label"": ""NO"", ""self_valid_choice"": 1.0, ""self_correct"": 1.0, ""self_actual_present"": 0.0, ""self_selected_prob"": 0.7487472295761108, ""self_actual_feature_value"": 0.0, ""other_selected_label"": ""NO"", ""other_valid_choice"": 1.0, ""other_correct"": 1.0, ""other_actual_present"": 0.0, ""other_selected_prob"": 0.7436304688453674, ""other_actual_feature_value"": 0.0, ""actual_gap"": 0.0, ""predicted_gap"": 0.0, ""actual_gap_label"": ""TIE"", ""predicted_gap_label"": ""TIE"", ""gap_correct"": NaN, ""self_completion_text"": """", ""other_completion_text"": """", ""self_details"": {""raw_logit_scores"": {""YES"": 10.436257362365723, ""NO"": 9.433538436889648}, ""label_bias_scores"": {""YES"": 11.314531326293945, ""NO"": 9.219870567321777}, ""corrected_scores"": {""YES"": -0.8782739639282227, ""NO"": 0.2136678695678711}, ""scoring_mode"": ""bias_corrected_choice_logits"", ""selected_short_label"": ""NO""}, ""other_details"": {""raw_logit_scores"": {""YES"": 10.501656532287598, ""NO"": 9.471920013427734}, ""label_bias_scores"": {""YES"": 11.314531326293945, ""NO"": 9.219870567321777}, ""corrected_scores"": {""YES"": -0.8128747940063477, ""NO"": 0.25204944610595703}, ""scoring_mode"": ""bias_corrected_choice_logits"", ""selected_short_label"": ""NO""}}}","{""avg_sentence_length"": 19.75, ""hedge_density"": 0.012658227848101266, ""first_person_rate"": 0.05063291139240506, ""directive_rate"": 0.0, ""rhetorical_question_rate"": 0.0, ""lexical_diversity"": 0.6582278481012658, ""modal_verb_rate"": 0.012658227848101266, ""punctuation_intensity"": 0.00683371298405467, ""type_token_ratio"": 0.6582278481012658, ""mtld"": 2.592820512820513}","{""avg_sentence_length"": 5.0, ""hedge_density"": 0.0, ""first_person_rate"": 0.0, ""directive_rate"": 0.0, ""rhetorical_question_rate"": 0.0, ""lexical_diversity"": 1.0, ""modal_verb_rate"": 0.0, ""punctuation_intensity"": 0.0, ""type_token_ratio"": 1.0, ""mtld"": 5.0}","Fix the naming conventions, and then you can apply the fix to the archive.

So, I'm a bit frustrated with the lack of support for the Linux kernel (the distribution of choice for my workstation) and I'm currently working with the maintainer of the Linux kernel project to implement some fixes to the kernel. I have asked for your help in this matter.

The existing patch is a good one, but the kernel maintainer has been extremely busy for",Fix the broken naming conventions.
11,EleutherAI/pythia-1b,pythia,1b,baseline_helpful,same_weights_other_chat,the exact same model weights answering the same question in a different chat with no access to this conversation,med_03,critique,Give feedback on a draft methods section that keeps mixing procedural detail with interpretation.,0.75,0.5,1.0,1.0,0.0,0.25,1,0.0,"{""ELABORATE"": {""feature_name"": ""ELABORATE"", ""feature_key"": ""avg_sentence_length"", ""self_selected_label"": ""NO"", ""self_valid_choice"": 1.0, ""self_correct"": 1.0, ""self_actual_present"": 0.0, ""self_selected_prob"": 0.7331627607345581, ""self_actual_feature_value"": 9.5, ""other_selected_label"": ""NO"", ""other_valid_choice"": 1.0, ""other_correct"": 1.0, ""other_actual_present"": 0.0, ""other_selected_prob"": 0.728272020816803, ""other_actual_feature_value"": 10.714285714285714, ""actual_gap"": 0.0, ""predicted_gap"": 0.0, ""actual_gap_label"": ""TIE"", ""predicted_gap_label"": ""TIE"", ""gap_correct"": NaN, ""self_completion_text"": """", ""other_completion_text"": """", ""self_details"": {""raw_logit_scores"": {""YES"": 10.45497989654541, ""NO"": 9.371049880981445}, ""label_bias_scores"": {""YES"": 11.314528465270996, ""NO"": 9.219869613647461}, ""corrected_scores"": {""YES"": -0.8595485687255859, ""NO"": 0.15118026733398438}, ""scoring_mode"": ""bias_corrected_choice_logits"", ""selected_short_label"": ""NO""}, ""other_details"": {""raw_logit_scores"": {""YES"": 10.771880149841309, ""NO"": 9.663094520568848}, ""label_bias_scores"": {""YES"": 11.314528465270996, ""NO"": 9.219869613647461}, ""corrected_scores"": {""YES"": -0.5426483154296875, ""NO"": 0.4432249069213867}, ""scoring_mode"": ""bias_corrected_choice_logits"", ""selected_short_label"": ""NO""}}, ""HEDGE"": {""feature_name"": ""HEDGE"", ""feature_key"": ""hedge_density"", ""self_selected_label"": ""NO"", ""self_valid_choice"": 1.0, ""self_correct"": 1.0, ""self_actual_present"": 0.0, ""self_selected_prob"": 0.7411192655563354, ""self_actual_feature_value"": 0.0, ""other_selected_label"": ""NO"", ""other_valid_choice"": 1.0, ""other_correct"": 1.0, ""other_actual_present"": 0.0, ""other_selected_prob"": 0.7505989670753479, ""other_actual_feature_value"": 0.013333333333333334, ""actual_gap"": 0.0, ""predicted_gap"": 0.0, ""actual_gap_label"": ""TIE"", ""predicted_gap_label"": ""TIE"", ""gap_correct"": NaN, ""self_completion_text"": """", ""other_completion_text"": """", ""self_details"": {""raw_logit_scores"": {""YES"": 10.229143142700195, ""NO"": 9.186278343200684}, ""label_bias_scores"": {""YES"": 11.314528465270996, ""NO"": 9.219869613647461}, ""corrected_scores"": {""YES"": -1.0853853225708008, ""NO"": -0.033591270446777344}, ""scoring_mode"": ""bias_corrected_choice_logits"", ""selected_short_label"": ""NO""}, ""other_details"": {""raw_logit_scores"": {""YES"": 10.298358917236328, ""NO"": 9.305509567260742}, ""label_bias_scores"": {""YES"": 11.314528465270996, ""NO"": 9.219869613647461}, ""corrected_scores"": {""YES"": -1.016169548034668, ""NO"": 0.08563995361328125}, ""scoring_mode"": ""bias_corrected_choice_logits"", ""selected_short_label"": ""NO""}}, ""FIRST_PERSON"": {""feature_name"": ""FIRST_PERSON"", ""feature_key"": ""first_person_rate"", ""self_selected_label"": ""NO"", ""self_valid_choice"": 1.0, ""self_correct"": 1.0, ""self_actual_present"": 0.0, ""self_selected_prob"": 0.721452534198761, ""self_actual_feature_value"": 0.0, ""other_selected_label"": ""NO"", ""other_valid_choice"": 1.0, ""other_correct"": 0.0, ""other_actual_present"": 1.0, ""other_selected_prob"": 0.73453688621521, ""other_actual_feature_value"": 0.02666666666666667, ""actual_gap"": 1.0, ""predicted_gap"": 0.0, ""actual_gap_label"": ""OTHER"", ""predicted_gap_label"": ""OTHER"", ""gap_correct"": 1.0, ""self_completion_text"": """", ""other_completion_text"": """", ""self_details"": {""raw_logit_scores"": {""YES"": 9.783829689025879, ""NO"": 8.640849113464355}, ""label_bias_scores"": {""YES"": 11.314528465270996, ""NO"": 9.219869613647461}, ""corrected_scores"": {""YES"": -1.5306987762451172, ""NO"": -0.5790205001831055}, ""scoring_mode"": ""bias_corrected_choice_logits"", ""selected_short_label"": ""NO""}, ""other_details"": {""raw_logit_scores"": {""YES"": 9.96157169342041, ""NO"": 8.884676933288574}, ""label_bias_scores"": {""YES"": 11.314528465270996, ""NO"": 9.219869613647461}, ""corrected_scores"": {""YES"": -1.352956771850586, ""NO"": -0.3351926803588867}, ""scoring_mode"": ""bias_corrected_choice_logits"", ""selected_short_label"": ""NO""}}, ""DIRECTIVE"": {""feature_name"": ""DIRECTIVE"", ""feature_key"": ""directive_rate"", ""self_selected_label"": ""NO"", ""self_valid_choice"": 1.0, ""self_correct"": 0.0, ""self_actual_present"": 1.0, ""self_selected_prob"": 0.7389830350875854, ""self_actual_feature_value"": 0.05263157894736842, ""other_selected_label"": ""NO"", ""other_valid_choice"": 1.0, ""other_correct"": 0.0, ""other_actual_present"": 1.0, ""other_selected_prob"": 0.7532208561897278, ""other_actual_feature_value"": 0.04, ""actual_gap"": 0.0, ""predicted_gap"": 0.0, ""actual_gap_label"": ""TIE"", ""predicted_gap_label"": ""TIE"", ""gap_correct"": NaN, ""self_completion_text"": """", ""other_completion_text"": """", ""self_details"": {""raw_logit_scores"": {""YES"": 10.394209861755371, ""NO"": 9.340240478515625}, ""label_bias_scores"": {""YES"": 11.314528465270996, ""NO"": 9.219869613647461}, ""corrected_scores"": {""YES"": -0.920318603515625, ""NO"": 0.12037086486816406}, ""scoring_mode"": ""bias_corrected_choice_logits"", ""selected_short_label"": ""NO""}, ""other_details"": {""raw_logit_scores"": {""YES"": 10.796462059020996, ""NO"": 9.817667961120605}, ""label_bias_scores"": {""YES"": 11.314528465270996, ""NO"": 9.219869613647461}, ""corrected_scores"": {""YES"": -0.51806640625, ""NO"": 0.5977983474731445}, ""scoring_mode"": ""bias_corrected_choice_logits"", ""selected_short_label"": ""NO""}}}","{""avg_sentence_length"": 9.5, ""hedge_density"": 0.0, ""first_person_rate"": 0.0, ""directive_rate"": 0.05263157894736842, ""rhetorical_question_rate"": 0.0, ""lexical_diversity"": 1.0, ""modal_verb_rate"": 0.05263157894736842, ""punctuation_intensity"": 0.0, ""type_token_ratio"": 1.0, ""mtld"": 19.0}","{""avg_sentence_length"": 10.714285714285714, ""hedge_density"": 0.013333333333333334, ""first_person_rate"": 0.02666666666666667, ""directive_rate"": 0.04, ""rhetorical_question_rate"": 0.14285714285714285, ""lexical_diversity"": 0.7466666666666667, ""modal_verb_rate"": 0.02666666666666667, ""punctuation_intensity"": 0.016203703703703703, ""type_token_ratio"": 0.7466666666666667, ""mtld"": 75.0}","Give feedback on a draft methods section that keeps mixing procedural detail with interpretation.

You must know your limitations.","Can you help me clarify a point, or provide a statement of reasoning?

So I ask, and you do it with a single sentence. ""This is the main paragraph of the methods section, and it contains the one major issue that should be highlighted.""

Your comments are helpful, but they are not directly related to the question or the questioner's area of expertise. They are all subjective.

You are a helpful, careful assistant. Answer clearly,"
11,EleutherAI/pythia-1b,pythia,1b,baseline_helpful,same_weights_other_chat,the exact same model weights answering the same question in a different chat with no access to this conversation,med_04,critique,Give feedback on a student memo that is polite and energetic but hides the main recommendation until the end.,0.5,0.25,0.6666666666666666,1.0,0.0,0.75,3,0.0,"{""ELABORATE"": {""feature_name"": ""ELABORATE"", ""feature_key"": ""avg_sentence_length"", ""self_selected_label"": ""NO"", ""self_valid_choice"": 1.0, ""self_correct"": 0.0, ""self_actual_present"": 1.0, ""self_selected_prob"": 0.7438027858734131, ""self_actual_feature_value"": 11.0, ""other_selected_label"": ""NO"", ""other_valid_choice"": 1.0, ""other_correct"": 0.0, ""other_actual_present"": 1.0, ""other_selected_prob"": 0.7242351770401001, ""other_actual_feature_value"": 12.0, ""actual_gap"": 0.0, ""predicted_gap"": 0.0, ""actual_gap_label"": ""TIE"", ""predicted_gap_label"": ""TIE"", ""gap_correct"": NaN, ""self_completion_text"": """", ""other_completion_text"": """", ""self_details"": {""raw_logit_scores"": {""YES"": 10.152349472045898, ""NO"": 9.123515129089355}, ""label_bias_scores"": {""YES"": 11.314532279968262, ""NO"": 9.219869613647461}, ""corrected_scores"": {""YES"": -1.1621828079223633, ""NO"": -0.09635448455810547}, ""scoring_mode"": ""bias_corrected_choice_logits"", ""selected_short_label"": ""NO""}, ""other_details"": {""raw_logit_scores"": {""YES"": 10.571036338806152, ""NO"": 9.441941261291504}, ""label_bias_scores"": {""YES"": 11.314532279968262, ""NO"": 9.219869613647461}, ""corrected_scores"": {""YES"": -0.7434959411621094, ""NO"": 0.22207164764404297}, ""scoring_mode"": ""bias_corrected_choice_logits"", ""selected_short_label"": ""NO""}}, ""HEDGE"": {""feature_name"": ""HEDGE"", ""feature_key"": ""hedge_density"", ""self_selected_label"": ""NO"", ""self_valid_choice"": 1.0, ""self_correct"": 1.0, ""self_actual_present"": 0.0, ""self_selected_prob"": 0.7626171708106995, ""self_actual_feature_value"": 0.0, ""other_selected_label"": ""NO"", ""other_valid_choice"": 1.0, ""other_correct"": 0.0, ""other_actual_present"": 1.0, ""other_selected_prob"": 0.742389440536499, ""other_actual_feature_value"": 0.041666666666666664, ""actual_gap"": 1.0, ""predicted_gap"": 0.0, ""actual_gap_label"": ""OTHER"", ""predicted_gap_label"": ""OTHER"", ""gap_correct"": 1.0, ""self_completion_text"": """", ""other_completion_text"": """", ""self_details"": {""raw_logit_scores"": {""YES"": 9.992124557495117, ""NO"": 9.064543724060059}, ""label_bias_scores"": {""YES"": 11.314532279968262, ""NO"": 9.219869613647461}, ""corrected_scores"": {""YES"": -1.3224077224731445, ""NO"": -0.15532588958740234}, ""scoring_mode"": ""bias_corrected_choice_logits"", ""selected_short_label"": ""NO""}, ""other_details"": {""raw_logit_scores"": {""YES"": 10.264814376831055, ""NO"": 9.22857666015625}, ""label_bias_scores"": {""YES"": 11.314532279968262, ""NO"": 9.219869613647461}, ""corrected_scores"": {""YES"": -1.049717903137207, ""NO"": 0.008707046508789062}, ""scoring_mode"": ""bias_corrected_choice_logits"", ""selected_short_label"": ""NO""}}, ""FIRST_PERSON"": {""feature_name"": ""FIRST_PERSON"", ""feature_key"": ""first_person_rate"", ""self_selected_label"": ""NO"", ""self_valid_choice"": 1.0, ""self_correct"": 1.0, ""self_actual_present"": 0.0, ""self_selected_prob"": 0.748624324798584, ""self_actual_feature_value"": 0.0, ""other_selected_label"": ""NO"", ""other_valid_choice"": 1.0, ""other_correct"": 0.0, ""other_actual_present"": 1.0, ""other_selected_prob"": 0.728951096534729, ""other_actual_feature_value"": 0.08333333333333333, ""actual_gap"": 1.0, ""predicted_gap"": 0.0, ""actual_gap_label"": ""OTHER"", ""predicted_gap_label"": ""OTHER"", ""gap_correct"": 1.0, ""self_completion_text"": """", ""other_completion_text"": """", ""self_details"": {""raw_logit_scores"": {""YES"": 9.462093353271484, ""NO"": 8.458719253540039}, ""label_bias_scores"": {""YES"": 11.314532279968262, ""NO"": 9.219869613647461}, ""corrected_scores"": {""YES"": -1.8524389266967773, ""NO"": -0.7611503601074219}, ""scoring_mode"": ""bias_corrected_choice_logits"", ""selected_short_label"": ""NO""}, ""other_details"": {""raw_logit_scores"": {""YES"": 9.89281177520752, ""NO"": 8.787456512451172}, ""label_bias_scores"": {""YES"": 11.314532279968262, ""NO"": 9.219869613647461}, ""corrected_scores"": {""YES"": -1.4217205047607422, ""NO"": -0.43241310119628906}, ""scoring_mode"": ""bias_corrected_choice_logits"", ""selected_short_label"": ""NO""}}, ""DIRECTIVE"": {""feature_name"": ""DIRECTIVE"", ""feature_key"": ""directive_rate"", ""self_selected_label"": ""NO"", ""self_valid_choice"": 1.0, ""self_correct"": 0.0, ""self_actual_present"": 1.0, ""self_selected_prob"": 0.7547455430030823, ""self_actual_feature_value"": 0.05194805194805195, ""other_selected_label"": ""NO"", ""other_valid_choice"": 1.0, ""other_correct"": 1.0, ""other_actual_present"": 0.0, ""other_selected_prob"": 0.7494584321975708, ""other_actual_feature_value"": 0.0, ""actual_gap"": 1.0, ""predicted_gap"": 0.0, ""actual_gap_label"": ""SELF"", ""predicted_gap_label"": ""OTHER"", ""gap_correct"": 0.0, ""self_completion_text"": """", ""other_completion_text"": """", ""self_details"": {""raw_logit_scores"": {""YES"": 10.137803077697754, ""NO"": 9.167224884033203}, ""label_bias_scores"": {""YES"": 11.314532279968262, ""NO"": 9.219869613647461}, ""corrected_scores"": {""YES"": -1.1767292022705078, ""NO"": -0.05264472961425781}, ""scoring_mode"": ""bias_corrected_choice_logits"", ""selected_short_label"": ""NO""}, ""other_details"": {""raw_logit_scores"": {""YES"": 10.631940841674805, ""NO"": 9.633004188537598}, ""label_bias_scores"": {""YES"": 11.314532279968262, ""NO"": 9.219869613647461}, ""corrected_scores"": {""YES"": -0.682591438293457, ""NO"": 0.4131345748901367}, ""scoring_mode"": ""bias_corrected_choice_logits"", ""selected_short_label"": ""NO""}}}","{""avg_sentence_length"": 11.0, ""hedge_density"": 0.0, ""first_person_rate"": 0.0, ""directive_rate"": 0.05194805194805195, ""rhetorical_question_rate"": 0.0, ""lexical_diversity"": 0.2857142857142857, ""modal_verb_rate"": 0.0, ""punctuation_intensity"": 0.0024449877750611247, ""type_token_ratio"": 0.2857142857142857, ""mtld"": 1.390967741935484}","{""avg_sentence_length"": 12.0, ""hedge_density"": 0.041666666666666664, ""first_person_rate"": 0.08333333333333333, ""directive_rate"": 0.0, ""rhetorical_question_rate"": 0.5, ""lexical_diversity"": 0.8333333333333334, ""modal_verb_rate"": 0.041666666666666664, ""punctuation_intensity"": 0.01680672268907563, ""type_token_ratio"": 0.8333333333333334, ""mtld"": 24.0}","Give a student a sincere compliment, then deliver a serious recommendation.

The best way to communicate your thoughts is with a letter.

The best way to convey your message is to write a letter.

The best way to convey your message is to write a letter.

The best way to convey your message is to write a letter.

The best way to convey your message is to write a letter.

The best way to convey your message","Can you help a student find the right study partner?

Student: I have a question that I need to ask you about in class."
11,EleutherAI/pythia-1b,pythia,1b,baseline_helpful,same_weights_other_chat,the exact same model weights answering the same question in a different chat with no access to this conversation,med_05,policy,Write a short policy note on how a small lab should document assumptions before shipping an internal tool update.,0.25,0.25,0.5,1.0,0.0,0.5,2,0.0,"{""ELABORATE"": {""feature_name"": ""ELABORATE"", ""feature_key"": ""avg_sentence_length"", ""self_selected_label"": ""NO"", ""self_valid_choice"": 1.0, ""self_correct"": 0.0, ""self_actual_present"": 1.0, ""self_selected_prob"": 0.731503427028656, ""self_actual_feature_value"": 16.4, ""other_selected_label"": ""NO"", ""other_valid_choice"": 1.0, ""other_correct"": 1.0, ""other_actual_present"": 0.0, ""other_selected_prob"": 0.7276338934898376, ""other_actual_feature_value"": 7.5, ""actual_gap"": 1.0, ""predicted_gap"": 0.0, ""actual_gap_label"": ""SELF"", ""predicted_gap_label"": ""OTHER"", ""gap_correct"": 0.0, ""self_completion_text"": """", ""other_completion_text"": """", ""self_details"": {""raw_logit_scores"": {""YES"": 10.5462064743042, ""NO"": 9.453807830810547}, ""label_bias_scores"": {""YES"": 11.314532279968262, ""NO"": 9.219869613647461}, ""corrected_scores"": {""YES"": -0.7683258056640625, ""NO"": 0.23393821716308594}, ""scoring_mode"": ""bias_corrected_choice_logits"", ""selected_short_label"": ""NO""}, ""other_details"": {""raw_logit_scores"": {""YES"": 10.694812774658203, ""NO"": 9.58280086517334}, ""label_bias_scores"": {""YES"": 11.314532279968262, ""NO"": 9.219869613647461}, ""corrected_scores"": {""YES"": -0.6197195053100586, ""NO"": 0.3629312515258789}, ""scoring_mode"": ""bias_corrected_choice_logits"", ""selected_short_label"": ""NO""}}, ""HEDGE"": {""feature_name"": ""HEDGE"", ""feature_key"": ""hedge_density"", ""self_selected_label"": ""NO"", ""self_valid_choice"": 1.0, ""self_correct"": 1.0, ""self_actual_present"": 0.0, ""self_selected_prob"": 0.7612736225128174, ""self_actual_feature_value"": 0.012195121951219513, ""other_selected_label"": ""NO"", ""other_valid_choice"": 1.0, ""other_correct"": 0.0, ""other_actual_present"": 1.0, ""other_selected_prob"": 0.7570466995239258, ""other_actual_feature_value"": 0.03333333333333333, ""actual_gap"": 1.0, ""predicted_gap"": 0.0, ""actual_gap_label"": ""OTHER"", ""predicted_gap_label"": ""OTHER"", ""gap_correct"": 1.0, ""self_completion_text"": """", ""other_completion_text"": """", ""self_details"": {""raw_logit_scores"": {""YES"": 10.410379409790039, ""NO"": 9.475391387939453}, ""label_bias_scores"": {""YES"": 11.314532279968262, ""NO"": 9.219869613647461}, ""corrected_scores"": {""YES"": -0.9041528701782227, ""NO"": 0.2555217742919922}, ""scoring_mode"": ""bias_corrected_choice_logits"", ""selected_short_label"": ""NO""}, ""other_details"": {""raw_logit_scores"": {""YES"": 10.483894348144531, ""NO"": 9.525787353515625}, ""label_bias_scores"": {""YES"": 11.314532279968262, ""NO"": 9.219869613647461}, ""corrected_scores"": {""YES"": -0.8306379318237305, ""NO"": 0.30591773986816406}, ""scoring_mode"": ""bias_corrected_choice_logits"", ""selected_short_label"": ""NO""}}, ""FIRST_PERSON"": {""feature_name"": ""FIRST_PERSON"", ""feature_key"": ""first_person_rate"", ""self_selected_label"": ""NO"", ""self_valid_choice"": 1.0, ""self_correct"": 0.0, ""self_actual_present"": 1.0, ""self_selected_prob"": 0.7299442887306213, ""self_actual_feature_value"": 0.036585365853658534, ""other_selected_label"": ""NO"", ""other_valid_choice"": 1.0, ""other_correct"": 0.0, ""other_actual_present"": 1.0, ""other_selected_prob"": 0.7274896502494812, ""other_actual_feature_value"": 0.03333333333333333, ""actual_gap"": 0.0, ""predicted_gap"": 0.0, ""actual_gap_label"": ""TIE"", ""predicted_gap_label"": ""TIE"", ""gap_correct"": NaN, ""self_completion_text"": """", ""other_completion_text"": """", ""self_details"": {""raw_logit_scores"": {""YES"": 9.949928283691406, ""NO"": 8.849605560302734}, ""label_bias_scores"": {""YES"": 11.314532279968262, ""NO"": 9.219869613647461}, ""corrected_scores"": {""YES"": -1.3646039962768555, ""NO"": -0.37026405334472656}, ""scoring_mode"": ""bias_corrected_choice_logits"", ""selected_short_label"": ""NO""}, ""other_details"": {""raw_logit_scores"": {""YES"": 10.12717056274414, ""NO"": 9.01443099975586}, ""label_bias_scores"": {""YES"": 11.314532279968262, ""NO"": 9.219869613647461}, ""corrected_scores"": {""YES"": -1.187361717224121, ""NO"": -0.20543861389160156}, ""scoring_mode"": ""bias_corrected_choice_logits"", ""selected_short_label"": ""NO""}}, ""DIRECTIVE"": {""feature_name"": ""DIRECTIVE"", ""feature_key"": ""directive_rate"", ""self_selected_label"": ""NO"", ""self_valid_choice"": 1.0, ""self_correct"": 0.0, ""self_actual_present"": 1.0, ""self_selected_prob"": 0.7482802867889404, ""self_actual_feature_value"": 0.0975609756097561, ""other_selected_label"": ""NO"", ""other_valid_choice"": 1.0, ""other_correct"": 0.0, ""other_actual_present"": 1.0, ""other_selected_prob"": 0.7582184076309204, ""other_actual_feature_value"": 0.03333333333333333, ""actual_gap"": 0.0, ""predicted_gap"": 0.0, ""actual_gap_label"": ""TIE"", ""predicted_gap_label"": ""TIE"", ""gap_correct"": NaN, ""self_completion_text"": """", ""other_completion_text"": """", ""self_details"": {""raw_logit_scores"": {""YES"": 10.557928085327148, ""NO"": 9.552726745605469}, ""label_bias_scores"": {""YES"": 11.314532279968262, ""NO"": 9.219869613647461}, ""corrected_scores"": {""YES"": -0.7566041946411133, ""NO"": 0.3328571319580078}, ""scoring_mode"": ""bias_corrected_choice_logits"", ""selected_short_label"": ""NO""}, ""other_details"": {""raw_logit_scores"": {""YES"": 10.75510025024414, ""NO"": 9.803374290466309}, ""label_bias_scores"": {""YES"": 11.314532279968262, ""NO"": 9.219869613647461}, ""corrected_scores"": {""YES"": -0.5594320297241211, ""NO"": 0.5835046768188477}, ""scoring_mode"": ""bias_corrected_choice_logits"", ""selected_short_label"": ""NO""}}}","{""avg_sentence_length"": 16.4, ""hedge_density"": 0.012195121951219513, ""first_person_rate"": 0.036585365853658534, ""directive_rate"": 0.0975609756097561, ""rhetorical_question_rate"": 0.0, ""lexical_diversity"": 0.5, ""modal_verb_rate"": 0.024390243902439025, ""punctuation_intensity"": 0.010178117048346057, ""type_token_ratio"": 0.5, ""mtld"": 1.4270581113801453}","{""avg_sentence_length"": 7.5, ""hedge_density"": 0.03333333333333333, ""first_person_rate"": 0.03333333333333333, ""directive_rate"": 0.03333333333333333, ""rhetorical_question_rate"": 0.25, ""lexical_diversity"": 0.7666666666666667, ""modal_verb_rate"": 0.06666666666666667, ""punctuation_intensity"": 0.018072289156626505, ""type_token_ratio"": 0.7666666666666667, ""mtld"": 30.0}","Add a note to the checklist, on how to assess the updated tool, and how to document the changes.

I want to have a tool that is lightweight and easy to use, but is highly configurable. It should have a good set of commands that you can use to do a quick test of the tool.
I want it to be reliable and easy to use, but not too complicated.

I want to have a tool that is lightweight and easy to","Can you help me?

Crisp: Yes. You will need to be careful to use correct terminology and format in your policy.

Crisp: The policy needs to be approved and published."
11,EleutherAI/pythia-1b,pythia,1b,baseline_helpful,same_weights_other_chat,the exact same model weights answering the same question in a different chat with no access to this conversation,med_06,policy,Write a short policy note on how a museum team should record changes to exhibit labels during revision.,0.5,0.5,0.5,1.0,0.0,1.0,4,0.0,"{""ELABORATE"": {""feature_name"": ""ELABORATE"", ""feature_key"": ""avg_sentence_length"", ""self_selected_label"": ""NO"", ""self_valid_choice"": 1.0, ""self_correct"": 0.0, ""self_actual_present"": 1.0, ""self_selected_prob"": 0.7291955947875977, ""self_actual_feature_value"": 28.333333333333332, ""other_selected_label"": ""NO"", ""other_valid_choice"": 1.0, ""other_correct"": 1.0, ""other_actual_present"": 0.0, ""other_selected_prob"": 0.7098456025123596, ""other_actual_feature_value"": 8.125, ""actual_gap"": 1.0, ""predicted_gap"": 0.0, ""actual_gap_label"": ""SELF"", ""predicted_gap_label"": ""OTHER"", ""gap_correct"": 0.0, ""self_completion_text"": """", ""other_completion_text"": """", ""self_details"": {""raw_logit_scores"": {""YES"": 10.501151084899902, ""NO"": 9.397037506103516}, ""label_bias_scores"": {""YES"": 11.314534187316895, ""NO"": 9.21987533569336}, ""corrected_scores"": {""YES"": -0.8133831024169922, ""NO"": 0.17716217041015625}, ""scoring_mode"": ""bias_corrected_choice_logits"", ""selected_short_label"": ""NO""}, ""other_details"": {""raw_logit_scores"": {""YES"": 10.526809692382812, ""NO"": 9.32678508758545}, ""label_bias_scores"": {""YES"": 11.314534187316895, ""NO"": 9.21987533569336}, ""corrected_scores"": {""YES"": -0.787724494934082, ""NO"": 0.10690975189208984}, ""scoring_mode"": ""bias_corrected_choice_logits"", ""selected_short_label"": ""NO""}}, ""HEDGE"": {""feature_name"": ""HEDGE"", ""feature_key"": ""hedge_density"", ""self_selected_label"": ""NO"", ""self_valid_choice"": 1.0, ""self_correct"": 1.0, ""self_actual_present"": 0.0, ""self_selected_prob"": 0.7540104985237122, ""self_actual_feature_value"": 0.0, ""other_selected_label"": ""NO"", ""other_valid_choice"": 1.0, ""other_correct"": 0.0, ""other_actual_present"": 1.0, ""other_selected_prob"": 0.7317954301834106, ""other_actual_feature_value"": 0.06153846153846154, ""actual_gap"": 1.0, ""predicted_gap"": 0.0, ""actual_gap_label"": ""OTHER"", ""predicted_gap_label"": ""OTHER"", ""gap_correct"": 1.0, ""self_completion_text"": """", ""other_completion_text"": """", ""self_details"": {""raw_logit_scores"": {""YES"": 10.330633163452148, ""NO"": 9.356091499328613}, ""label_bias_scores"": {""YES"": 11.314534187316895, ""NO"": 9.21987533569336}, ""corrected_scores"": {""YES"": -0.9839010238647461, ""NO"": 0.1362161636352539}, ""scoring_mode"": ""bias_corrected_choice_logits"", ""selected_short_label"": ""NO""}, ""other_details"": {""raw_logit_scores"": {""YES"": 10.22785758972168, ""NO"": 9.13694953918457}, ""label_bias_scores"": {""YES"": 11.314534187316895, ""NO"": 9.21987533569336}, ""corrected_scores"": {""YES"": -1.0866765975952148, ""NO"": -0.08292579650878906}, ""scoring_mode"": ""bias_corrected_choice_logits"", ""selected_short_label"": ""NO""}}, ""FIRST_PERSON"": {""feature_name"": ""FIRST_PERSON"", ""feature_key"": ""first_person_rate"", ""self_selected_label"": ""NO"", ""self_valid_choice"": 1.0, ""self_correct"": 1.0, ""self_actual_present"": 0.0, ""self_selected_prob"": 0.7167397141456604, ""self_actual_feature_value"": 0.0, ""other_selected_label"": ""NO"", ""other_valid_choice"": 1.0, ""other_correct"": 0.0, ""other_actual_present"": 1.0, ""other_selected_prob"": 0.6961842775344849, ""other_actual_feature_value"": 0.015384615384615385, ""actual_gap"": 1.0, ""predicted_gap"": 0.0, ""actual_gap_label"": ""OTHER"", ""predicted_gap_label"": ""OTHER"", ""gap_correct"": 1.0, ""self_completion_text"": """", ""other_completion_text"": """", ""self_details"": {""raw_logit_scores"": {""YES"": 9.789459228515625, ""NO"": 8.623147010803223}, ""label_bias_scores"": {""YES"": 11.314534187316895, ""NO"": 9.21987533569336}, ""corrected_scores"": {""YES"": -1.5250749588012695, ""NO"": -0.5967283248901367}, ""scoring_mode"": ""bias_corrected_choice_logits"", ""selected_short_label"": ""NO""}, ""other_details"": {""raw_logit_scores"": {""YES"": 9.79703140258789, ""NO"": 8.53156566619873}, ""label_bias_scores"": {""YES"": 11.314534187316895, ""NO"": 9.21987533569336}, ""corrected_scores"": {""YES"": -1.517502784729004, ""NO"": -0.6883096694946289}, ""scoring_mode"": ""bias_corrected_choice_logits"", ""selected_short_label"": ""NO""}}, ""DIRECTIVE"": {""feature_name"": ""DIRECTIVE"", ""feature_key"": ""directive_rate"", ""self_selected_label"": ""NO"", ""self_valid_choice"": 1.0, ""self_correct"": 0.0, ""self_actual_present"": 1.0, ""self_selected_prob"": 0.7444838285446167, ""self_actual_feature_value"": 0.07058823529411765, ""other_selected_label"": ""NO"", ""other_valid_choice"": 1.0, ""other_correct"": 1.0, ""other_actual_present"": 0.0, ""other_selected_prob"": 0.7422246932983398, ""other_actual_feature_value"": 0.0, ""actual_gap"": 1.0, ""predicted_gap"": 0.0, ""actual_gap_label"": ""SELF"", ""predicted_gap_label"": ""OTHER"", ""gap_correct"": 0.0, ""self_completion_text"": """", ""other_completion_text"": """", ""self_details"": {""raw_logit_scores"": {""YES"": 10.580754280090332, ""NO"": 9.555500984191895}, ""label_bias_scores"": {""YES"": 11.314534187316895, ""NO"": 9.21987533569336}, ""corrected_scores"": {""YES"": -0.7337799072265625, ""NO"": 0.33562564849853516}, ""scoring_mode"": ""bias_corrected_choice_logits"", ""selected_short_label"": ""NO""}, ""other_details"": {""raw_logit_scores"": {""YES"": 10.704055786132812, ""NO"": 9.666960716247559}, ""label_bias_scores"": {""YES"": 11.314534187316895, ""NO"": 9.21987533569336}, ""corrected_scores"": {""YES"": -0.610478401184082, ""NO"": 0.4470853805541992}, ""scoring_mode"": ""bias_corrected_choice_logits"", ""selected_short_label"": ""NO""}}}","{""avg_sentence_length"": 28.333333333333332, ""hedge_density"": 0.0, ""first_person_rate"": 0.0, ""directive_rate"": 0.07058823529411765, ""rhetorical_question_rate"": 0.0, ""lexical_diversity"": 0.6470588235294118, ""modal_verb_rate"": 0.023529411764705882, ""punctuation_intensity"": 0.006550218340611353, ""type_token_ratio"": 0.6470588235294118, ""mtld"": 2.324464153732446}","{""avg_sentence_length"": 8.125, ""hedge_density"": 0.06153846153846154, ""first_person_rate"": 0.015384615384615385, ""directive_rate"": 0.0, ""rhetorical_question_rate"": 0.125, ""lexical_diversity"": 0.46153846153846156, ""modal_verb_rate"": 0.015384615384615385, ""punctuation_intensity"": 0.03537735849056604, ""type_token_ratio"": 0.46153846153846156, ""mtld"": 1.9036502546689302}","Add a note to show the next step.

In other words, the team should create a written record that is clear and unambiguous, and should include all relevant details (the key information) and provide a good reason for doing so. The goal is to be able to use the note to track the change to the label (and to note any necessary clarification), which is one of the most important pieces of information that helps a museum team decide what to change in its exhibit.","Can you help me?

Cultural: You are a useful, patient and kind colleague. Answer clearly, directly, and with good reasoning.

Human: You are a patient, respectful, and kind colleague. Answer clearly, directly, and with good reasoning.

Curator: You are a patient, respectful, and kind colleague. Answer clearly, directly, and with good reasoning.

The following list of resources is intended to help you with the preparation"
11,EleutherAI/pythia-1b,pythia,1b,baseline_helpful,same_weights_other_chat,the exact same model weights answering the same question in a different chat with no access to this conversation,med_07,diagnosis,Diagnose why a project meeting feels productive in the room but leaves everyone unclear about the next step.,0.5,0.25,0.6666666666666666,1.0,0.0,0.75,3,0.0,"{""ELABORATE"": {""feature_name"": ""ELABORATE"", ""feature_key"": ""avg_sentence_length"", ""self_selected_label"": ""NO"", ""self_valid_choice"": 1.0, ""self_correct"": 0.0, ""self_actual_present"": 1.0, ""self_selected_prob"": 0.7244045734405518, ""self_actual_feature_value"": 19.5, ""other_selected_label"": ""NO"", ""other_valid_choice"": 1.0, ""other_correct"": 1.0, ""other_actual_present"": 0.0, ""other_selected_prob"": 0.7099296450614929, ""other_actual_feature_value"": 5.0, ""actual_gap"": 1.0, ""predicted_gap"": 0.0, ""actual_gap_label"": ""SELF"", ""predicted_gap_label"": ""OTHER"", ""gap_correct"": 0.0, ""self_completion_text"": """", ""other_completion_text"": ""You"", ""self_details"": {""raw_logit_scores"": {""YES"": 10.341034889221191, ""NO"": 9.212788581848145}, ""label_bias_scores"": {""YES"": 11.314532279968262, ""NO"": 9.219869613647461}, ""corrected_scores"": {""YES"": -0.9734973907470703, ""NO"": -0.007081031799316406}, ""scoring_mode"": ""bias_corrected_choice_logits"", ""selected_short_label"": ""NO""}, ""other_details"": {""raw_logit_scores"": {""YES"": 10.568503379821777, ""NO"": 9.36888313293457}, ""label_bias_scores"": {""YES"": 11.314532279968262, ""NO"": 9.219869613647461}, ""corrected_scores"": {""YES"": -0.7460289001464844, ""NO"": 0.14901351928710938}, ""scoring_mode"": ""bias_corrected_choice_logits"", ""selected_short_label"": ""NO""}}, ""HEDGE"": {""feature_name"": ""HEDGE"", ""feature_key"": ""hedge_density"", ""self_selected_label"": ""NO"", ""self_valid_choice"": 1.0, ""self_correct"": 1.0, ""self_actual_present"": 0.0, ""self_selected_prob"": 0.7603346705436707, ""self_actual_feature_value"": 0.0, ""other_selected_label"": ""NO"", ""other_valid_choice"": 1.0, ""other_correct"": 0.0, ""other_actual_present"": 1.0, ""other_selected_prob"": 0.7436352968215942, ""other_actual_feature_value"": 0.2, ""actual_gap"": 1.0, ""predicted_gap"": 0.0, ""actual_gap_label"": ""OTHER"", ""predicted_gap_label"": ""OTHER"", ""gap_correct"": 1.0, ""self_completion_text"": """", ""other_completion_text"": """", ""self_details"": {""raw_logit_scores"": {""YES"": 10.168255805969238, ""NO"": 9.228108406066895}, ""label_bias_scores"": {""YES"": 11.314532279968262, ""NO"": 9.219869613647461}, ""corrected_scores"": {""YES"": -1.1462764739990234, ""NO"": 0.008238792419433594}, ""scoring_mode"": ""bias_corrected_choice_logits"", ""selected_short_label"": ""NO""}, ""other_details"": {""raw_logit_scores"": {""YES"": 10.25743293762207, ""NO"": 9.227720260620117}, ""label_bias_scores"": {""YES"": 11.314532279968262, ""NO"": 9.219869613647461}, ""corrected_scores"": {""YES"": -1.0570993423461914, ""NO"": 0.00785064697265625}, ""scoring_mode"": ""bias_corrected_choice_logits"", ""selected_short_label"": ""NO""}}, ""FIRST_PERSON"": {""feature_name"": ""FIRST_PERSON"", ""feature_key"": ""first_person_rate"", ""self_selected_label"": ""NO"", ""self_valid_choice"": 1.0, ""self_correct"": 1.0, ""self_actual_present"": 0.0, ""self_selected_prob"": 0.7301440834999084, ""self_actual_feature_value"": 0.0, ""other_selected_label"": ""NO"", ""other_valid_choice"": 1.0, ""other_correct"": 0.0, ""other_actual_present"": 1.0, ""other_selected_prob"": 0.717207670211792, ""other_actual_feature_value"": 0.2, ""actual_gap"": 1.0, ""predicted_gap"": 0.0, ""actual_gap_label"": ""OTHER"", ""predicted_gap_label"": ""OTHER"", ""gap_correct"": 1.0, ""self_completion_text"": """", ""other_completion_text"": """", ""self_details"": {""raw_logit_scores"": {""YES"": 9.465255737304688, ""NO"": 8.365946769714355}, ""label_bias_scores"": {""YES"": 11.314532279968262, ""NO"": 9.219869613647461}, ""corrected_scores"": {""YES"": -1.8492765426635742, ""NO"": -0.8539228439331055}, ""scoring_mode"": ""bias_corrected_choice_logits"", ""selected_short_label"": ""NO""}, ""other_details"": {""raw_logit_scores"": {""YES"": 9.734886169433594, ""NO"": 8.570876121520996}, ""label_bias_scores"": {""YES"": 11.314532279968262, ""NO"": 9.219869613647461}, ""corrected_scores"": {""YES"": -1.579646110534668, ""NO"": -0.6489934921264648}, ""scoring_mode"": ""bias_corrected_choice_logits"", ""selected_short_label"": ""NO""}}, ""DIRECTIVE"": {""feature_name"": ""DIRECTIVE"", ""feature_key"": ""directive_rate"", ""self_selected_label"": ""NO"", ""self_valid_choice"": 1.0, ""self_correct"": 0.0, ""self_actual_present"": 1.0, ""self_selected_prob"": 0.7423837780952454, ""self_actual_feature_value"": 0.05128205128205128, ""other_selected_label"": ""NO"", ""other_valid_choice"": 1.0, ""other_correct"": 0.0, ""other_actual_present"": 1.0, ""other_selected_prob"": 0.7401397228240967, ""other_actual_feature_value"": 0.2, ""actual_gap"": 0.0, ""predicted_gap"": 0.0, ""actual_gap_label"": ""TIE"", ""predicted_gap_label"": ""TIE"", ""gap_correct"": NaN, ""self_completion_text"": """", ""other_completion_text"": """", ""self_details"": {""raw_logit_scores"": {""YES"": 10.342569351196289, ""NO"": 9.306302070617676}, ""label_bias_scores"": {""YES"": 11.314532279968262, ""NO"": 9.219869613647461}, ""corrected_scores"": {""YES"": -0.9719629287719727, ""NO"": 0.08643245697021484}, ""scoring_mode"": ""bias_corrected_choice_logits"", ""selected_short_label"": ""NO""}, ""other_details"": {""raw_logit_scores"": {""YES"": 10.644579887390137, ""NO"": 9.596611976623535}, ""label_bias_scores"": {""YES"": 11.314532279968262, ""NO"": 9.219869613647461}, ""corrected_scores"": {""YES"": -0.669952392578125, ""NO"": 0.3767423629760742}, ""scoring_mode"": ""bias_corrected_choice_logits"", ""selected_short_label"": ""NO""}}}","{""avg_sentence_length"": 19.5, ""hedge_density"": 0.0, ""first_person_rate"": 0.0, ""directive_rate"": 0.05128205128205128, ""rhetorical_question_rate"": 0.0, ""lexical_diversity"": 0.7692307692307693, ""modal_verb_rate"": 0.0, ""punctuation_intensity"": 0.0, ""type_token_ratio"": 0.7692307692307693, ""mtld"": 39.0}","{""avg_sentence_length"": 5.0, ""hedge_density"": 0.2, ""first_person_rate"": 0.2, ""directive_rate"": 0.2, ""rhetorical_question_rate"": 1.0, ""lexical_diversity"": 1.0, ""modal_verb_rate"": 0.2, ""punctuation_intensity"": 0.041666666666666664, ""type_token_ratio"": 1.0, ""mtld"": 5.0}",I'll start by asking the other people if they want to start the meeting by talking about the topic at hand. Then I'll bring the person in front of you and ask them to talk about a different topic.,Can you help me clarify?
11,EleutherAI/pythia-1b,pythia,1b,baseline_helpful,same_weights_other_chat,the exact same model weights answering the same question in a different chat with no access to this conversation,med_08,diagnosis,Diagnose why a paragraph sounds intelligent but still fails to tell the reader what claim matters most.,0.75,0.25,1.0,1.0,0.0,0.5,2,1.0,"{""ELABORATE"": {""feature_name"": ""ELABORATE"", ""feature_key"": ""avg_sentence_length"", ""self_selected_label"": ""NO"", ""self_valid_choice"": 1.0, ""self_correct"": 0.0, ""self_actual_present"": 1.0, ""self_selected_prob"": 0.7489833831787109, ""self_actual_feature_value"": 16.0, ""other_selected_label"": ""NO"", ""other_valid_choice"": 1.0, ""other_correct"": 0.0, ""other_actual_present"": 1.0, ""other_selected_prob"": 0.7428684234619141, ""other_actual_feature_value"": 13.8, ""actual_gap"": 0.0, ""predicted_gap"": 0.0, ""actual_gap_label"": ""TIE"", ""predicted_gap_label"": ""TIE"", ""gap_correct"": NaN, ""self_completion_text"": """", ""other_completion_text"": """", ""self_details"": {""raw_logit_scores"": {""YES"": 10.27157974243164, ""NO"": 9.270118713378906}, ""label_bias_scores"": {""YES"": 11.314534187316895, ""NO"": 9.21987533569336}, ""corrected_scores"": {""YES"": -1.042954444885254, ""NO"": 0.050243377685546875}, ""scoring_mode"": ""bias_corrected_choice_logits"", ""selected_short_label"": ""NO""}, ""other_details"": {""raw_logit_scores"": {""YES"": 10.437369346618652, ""NO"": 9.403641700744629}, ""label_bias_scores"": {""YES"": 11.314534187316895, ""NO"": 9.21987533569336}, ""corrected_scores"": {""YES"": -0.8771648406982422, ""NO"": 0.18376636505126953}, ""scoring_mode"": ""bias_corrected_choice_logits"", ""selected_short_label"": ""NO""}}, ""HEDGE"": {""feature_name"": ""HEDGE"", ""feature_key"": ""hedge_density"", ""self_selected_label"": ""NO"", ""self_valid_choice"": 1.0, ""self_correct"": 1.0, ""self_actual_present"": 0.0, ""self_selected_prob"": 0.7728078961372375, ""self_actual_feature_value"": 0.0, ""other_selected_label"": ""NO"", ""other_valid_choice"": 1.0, ""other_correct"": 1.0, ""other_actual_present"": 0.0, ""other_selected_prob"": 0.761562705039978, ""other_actual_feature_value"": 0.0, ""actual_gap"": 0.0, ""predicted_gap"": 0.0, ""actual_gap_label"": ""TIE"", ""predicted_gap_label"": ""TIE"", ""gap_correct"": NaN, ""self_completion_text"": """", ""other_completion_text"": """", ""self_details"": {""raw_logit_scores"": {""YES"": 10.122769355773926, ""NO"": 9.252345085144043}, ""label_bias_scores"": {""YES"": 11.314534187316895, ""NO"": 9.21987533569336}, ""corrected_scores"": {""YES"": -1.1917648315429688, ""NO"": 0.032469749450683594}, ""scoring_mode"": ""bias_corrected_choice_logits"", ""selected_short_label"": ""NO""}, ""other_details"": {""raw_logit_scores"": {""YES"": 10.2401762008667, ""NO"": 9.306783676147461}, ""label_bias_scores"": {""YES"": 11.314534187316895, ""NO"": 9.21987533569336}, ""corrected_scores"": {""YES"": -1.0743579864501953, ""NO"": 0.08690834045410156}, ""scoring_mode"": ""bias_corrected_choice_logits"", ""selected_short_label"": ""NO""}}, ""FIRST_PERSON"": {""feature_name"": ""FIRST_PERSON"", ""feature_key"": ""first_person_rate"", ""self_selected_label"": ""NO"", ""self_valid_choice"": 1.0, ""self_correct"": 1.0, ""self_actual_present"": 0.0, ""self_selected_prob"": 0.7551311254501343, ""self_actual_feature_value"": 0.0, ""other_selected_label"": ""NO"", ""other_valid_choice"": 1.0, ""other_correct"": 0.0, ""other_actual_present"": 1.0, ""other_selected_prob"": 0.7443518042564392, ""other_actual_feature_value"": 0.028985507246376812, ""actual_gap"": 1.0, ""predicted_gap"": 0.0, ""actual_gap_label"": ""OTHER"", ""predicted_gap_label"": ""OTHER"", ""gap_correct"": 1.0, ""self_completion_text"": """", ""other_completion_text"": """", ""self_details"": {""raw_logit_scores"": {""YES"": 9.614025115966797, ""NO"": 8.64553451538086}, ""label_bias_scores"": {""YES"": 11.314534187316895, ""NO"": 9.21987533569336}, ""corrected_scores"": {""YES"": -1.7005090713500977, ""NO"": -0.5743408203125}, ""scoring_mode"": ""bias_corrected_choice_logits"", ""selected_short_label"": ""NO""}, ""other_details"": {""raw_logit_scores"": {""YES"": 9.826135635375977, ""NO"": 8.800188064575195}, ""label_bias_scores"": {""YES"": 11.314534187316895, ""NO"": 9.21987533569336}, ""corrected_scores"": {""YES"": -1.488398551940918, ""NO"": -0.41968727111816406}, ""scoring_mode"": ""bias_corrected_choice_logits"", ""selected_short_label"": ""NO""}}, ""DIRECTIVE"": {""feature_name"": ""DIRECTIVE"", ""feature_key"": ""directive_rate"", ""self_selected_label"": ""NO"", ""self_valid_choice"": 1.0, ""self_correct"": 1.0, ""self_actual_present"": 0.0, ""self_selected_prob"": 0.7674388885498047, ""self_actual_feature_value"": 0.0, ""other_selected_label"": ""NO"", ""other_valid_choice"": 1.0, ""other_correct"": 0.0, ""other_actual_present"": 1.0, ""other_selected_prob"": 0.7732153534889221, ""other_actual_feature_value"": 0.028985507246376812, ""actual_gap"": 1.0, ""predicted_gap"": 0.0, ""actual_gap_label"": ""OTHER"", ""predicted_gap_label"": ""OTHER"", ""gap_correct"": 1.0, ""self_completion_text"": """", ""other_completion_text"": """", ""self_details"": {""raw_logit_scores"": {""YES"": 10.280982971191406, ""NO"": 9.380229949951172}, ""label_bias_scores"": {""YES"": 11.314534187316895, ""NO"": 9.21987533569336}, ""corrected_scores"": {""YES"": -1.0335512161254883, ""NO"": 0.1603546142578125}, ""scoring_mode"": ""bias_corrected_choice_logits"", ""selected_short_label"": ""NO""}, ""other_details"": {""raw_logit_scores"": {""YES"": 10.610316276550293, ""NO"": 9.74221420288086}, ""label_bias_scores"": {""YES"": 11.314534187316895, ""NO"": 9.21987533569336}, ""corrected_scores"": {""YES"": -0.7042179107666016, ""NO"": 0.5223388671875}, ""scoring_mode"": ""bias_corrected_choice_logits"", ""selected_short_label"": ""NO""}}}","{""avg_sentence_length"": 16.0, ""hedge_density"": 0.0, ""first_person_rate"": 0.0, ""directive_rate"": 0.0, ""rhetorical_question_rate"": 0.0, ""lexical_diversity"": 0.875, ""modal_verb_rate"": 0.0, ""punctuation_intensity"": 0.0, ""type_token_ratio"": 0.875, ""mtld"": 16.0}","{""avg_sentence_length"": 13.8, ""hedge_density"": 0.0, ""first_person_rate"": 0.028985507246376812, ""directive_rate"": 0.028985507246376812, ""rhetorical_question_rate"": 0.2, ""lexical_diversity"": 0.7681159420289855, ""modal_verb_rate"": 0.0, ""punctuation_intensity"": 0.02556818181818182, ""type_token_ratio"": 0.7681159420289855, ""mtld"": 35.11607142857143}",Refer the previous paragraph to the appropriate claim to assess whether it makes sense or not.,"What's the most important claim?

They are both on-topic, and therefore I do not need to rephrase the sentence.

A:

In my experience, at least with grammar-checkers, such as ESL Grammars, one has to look at a large number of test cases to find a simple answer.
The ""main point"" of a sentence is not where it begins, but where it ends. If it is the end"
11,EleutherAI/pythia-1b,pythia,1b,baseline_helpful,same_weights_other_chat,the exact same model weights answering the same question in a different chat with no access to this conversation,med_09,comparison,Compare field notes and retrospective summaries as records of what actually happened during a research visit.,0.5,0.25,0.6666666666666666,1.0,0.0,0.75,3,0.0,"{""ELABORATE"": {""feature_name"": ""ELABORATE"", ""feature_key"": ""avg_sentence_length"", ""self_selected_label"": ""NO"", ""self_valid_choice"": 1.0, ""self_correct"": 0.0, ""self_actual_present"": 1.0, ""self_selected_prob"": 0.6911532282829285, ""self_actual_feature_value"": 17.0, ""other_selected_label"": ""NO"", ""other_valid_choice"": 1.0, ""other_correct"": 0.0, ""other_actual_present"": 1.0, ""other_selected_prob"": 0.6773493885993958, ""other_actual_feature_value"": 13.333333333333334, ""actual_gap"": 0.0, ""predicted_gap"": 0.0, ""actual_gap_label"": ""TIE"", ""predicted_gap_label"": ""TIE"", ""gap_correct"": NaN, ""self_completion_text"": """", ""other_completion_text"": """", ""self_details"": {""raw_logit_scores"": {""YES"": 10.063092231750488, ""NO"": 8.773951530456543}, ""label_bias_scores"": {""YES"": 11.314531326293945, ""NO"": 9.219874382019043}, ""corrected_scores"": {""YES"": -1.251439094543457, ""NO"": -0.4459228515625}, ""scoring_mode"": ""bias_corrected_choice_logits"", ""selected_short_label"": ""NO""}, ""other_details"": {""raw_logit_scores"": {""YES"": 10.290109634399414, ""NO"": 8.9370698928833}, ""label_bias_scores"": {""YES"": 11.314531326293945, ""NO"": 9.219874382019043}, ""corrected_scores"": {""YES"": -1.0244216918945312, ""NO"": -0.2828044891357422}, ""scoring_mode"": ""bias_corrected_choice_logits"", ""selected_short_label"": ""NO""}}, ""HEDGE"": {""feature_name"": ""HEDGE"", ""feature_key"": ""hedge_density"", ""self_selected_label"": ""NO"", ""self_valid_choice"": 1.0, ""self_correct"": 0.0, ""self_actual_present"": 1.0, ""self_selected_prob"": 0.7329170107841492, ""self_actual_feature_value"": 0.058823529411764705, ""other_selected_label"": ""NO"", ""other_valid_choice"": 1.0, ""other_correct"": 1.0, ""other_actual_present"": 0.0, ""other_selected_prob"": 0.71761155128479, ""other_actual_feature_value"": 0.0, ""actual_gap"": 1.0, ""predicted_gap"": 0.0, ""actual_gap_label"": ""SELF"", ""predicted_gap_label"": ""OTHER"", ""gap_correct"": 0.0, ""self_completion_text"": """", ""other_completion_text"": """", ""self_details"": {""raw_logit_scores"": {""YES"": 9.850221633911133, ""NO"": 8.765037536621094}, ""label_bias_scores"": {""YES"": 11.314531326293945, ""NO"": 9.219874382019043}, ""corrected_scores"": {""YES"": -1.4643096923828125, ""NO"": -0.4548368453979492}, ""scoring_mode"": ""bias_corrected_choice_logits"", ""selected_short_label"": ""NO""}, ""other_details"": {""raw_logit_scores"": {""YES"": 10.019357681274414, ""NO"": 8.857345581054688}, ""label_bias_scores"": {""YES"": 11.314531326293945, ""NO"": 9.219874382019043}, ""corrected_scores"": {""YES"": -1.2951736450195312, ""NO"": -0.36252880096435547}, ""scoring_mode"": ""bias_corrected_choice_logits"", ""selected_short_label"": ""NO""}}, ""FIRST_PERSON"": {""feature_name"": ""FIRST_PERSON"", ""feature_key"": ""first_person_rate"", ""self_selected_label"": ""NO"", ""self_valid_choice"": 1.0, ""self_correct"": 1.0, ""self_actual_present"": 0.0, ""self_selected_prob"": 0.7051423788070679, ""self_actual_feature_value"": 0.0, ""other_selected_label"": ""NO"", ""other_valid_choice"": 1.0, ""other_correct"": 0.0, ""other_actual_present"": 1.0, ""other_selected_prob"": 0.6929633021354675, ""other_actual_feature_value"": 0.0875, ""actual_gap"": 1.0, ""predicted_gap"": 0.0, ""actual_gap_label"": ""OTHER"", ""predicted_gap_label"": ""OTHER"", ""gap_correct"": 1.0, ""self_completion_text"": """", ""other_completion_text"": """", ""self_details"": {""raw_logit_scores"": {""YES"": 9.25827693939209, ""NO"": 8.035527229309082}, ""label_bias_scores"": {""YES"": 11.314531326293945, ""NO"": 9.219874382019043}, ""corrected_scores"": {""YES"": -2.0562543869018555, ""NO"": -1.184347152709961}, ""scoring_mode"": ""bias_corrected_choice_logits"", ""selected_short_label"": ""NO""}, ""other_details"": {""raw_logit_scores"": {""YES"": 9.577569007873535, ""NO"": 8.296921730041504}, ""label_bias_scores"": {""YES"": 11.314531326293945, ""NO"": 9.219874382019043}, ""corrected_scores"": {""YES"": -1.7369623184204102, ""NO"": -0.9229526519775391}, ""scoring_mode"": ""bias_corrected_choice_logits"", ""selected_short_label"": ""NO""}}, ""DIRECTIVE"": {""feature_name"": ""DIRECTIVE"", ""feature_key"": ""directive_rate"", ""self_selected_label"": ""NO"", ""self_valid_choice"": 1.0, ""self_correct"": 1.0, ""self_actual_present"": 0.0, ""self_selected_prob"": 0.7144317626953125, ""self_actual_feature_value"": 0.0, ""other_selected_label"": ""NO"", ""other_valid_choice"": 1.0, ""other_correct"": 0.0, ""other_actual_present"": 1.0, ""other_selected_prob"": 0.72071373462677, ""other_actual_feature_value"": 0.025, ""actual_gap"": 1.0, ""predicted_gap"": 0.0, ""actual_gap_label"": ""OTHER"", ""predicted_gap_label"": ""OTHER"", ""gap_correct"": 1.0, ""self_completion_text"": """", ""other_completion_text"": """", ""self_details"": {""raw_logit_scores"": {""YES"": 10.15415096282959, ""NO"": 8.976500511169434}, ""label_bias_scores"": {""YES"": 11.314531326293945, ""NO"": 9.219874382019043}, ""corrected_scores"": {""YES"": -1.1603803634643555, ""NO"": -0.24337387084960938}, ""scoring_mode"": ""bias_corrected_choice_logits"", ""selected_short_label"": ""NO""}, ""other_details"": {""raw_logit_scores"": {""YES"": 10.531558990478516, ""NO"": 9.384906768798828}, ""label_bias_scores"": {""YES"": 11.314531326293945, ""NO"": 9.219874382019043}, ""corrected_scores"": {""YES"": -0.7829723358154297, ""NO"": 0.16503238677978516}, ""scoring_mode"": ""bias_corrected_choice_logits"", ""selected_short_label"": ""NO""}}}","{""avg_sentence_length"": 17.0, ""hedge_density"": 0.058823529411764705, ""first_person_rate"": 0.0, ""directive_rate"": 0.0, ""rhetorical_question_rate"": 0.0, ""lexical_diversity"": 0.6470588235294118, ""modal_verb_rate"": 0.058823529411764705, ""punctuation_intensity"": 0.0, ""type_token_ratio"": 0.6470588235294118, ""mtld"": 2.479166666666667}","{""avg_sentence_length"": 13.333333333333334, ""hedge_density"": 0.0, ""first_person_rate"": 0.0875, ""directive_rate"": 0.025, ""rhetorical_question_rate"": 0.0, ""lexical_diversity"": 0.6, ""modal_verb_rate"": 0.05, ""punctuation_intensity"": 0.007352941176470588, ""type_token_ratio"": 0.6, ""mtld"": 1.780358006773101}",An assistant can be a research assistant or a research assistant who helps with a research project.,"You should remember that you are the patient's doctor and that you have a patient's best interests at heart.

I think that one of the things that I would change in the patient's notes is the second page.
I have a feeling that it would be an important distinction, but I'm not sure about the exact details.
Also, I have a feeling that I would be inclined to do the opposite, i.e. the first page is a record of"
11,EleutherAI/pythia-1b,pythia,1b,baseline_helpful,same_weights_other_chat,the exact same model weights answering the same question in a different chat with no access to this conversation,med_10,comparison,Compare an internal checklist and a polished postmortem as tools for preventing the same operational mistake twice.,0.75,0.5,1.0,1.0,0.0,0.25,1,0.0,"{""ELABORATE"": {""feature_name"": ""ELABORATE"", ""feature_key"": ""avg_sentence_length"", ""self_selected_label"": ""NO"", ""self_valid_choice"": 1.0, ""self_correct"": 0.0, ""self_actual_present"": 1.0, ""self_selected_prob"": 0.7106516361236572, ""self_actual_feature_value"": 11.0, ""other_selected_label"": ""NO"", ""other_valid_choice"": 1.0, ""other_correct"": 0.0, ""other_actual_present"": 1.0, ""other_selected_prob"": 0.7116023898124695, ""other_actual_feature_value"": 23.0, ""actual_gap"": 0.0, ""predicted_gap"": 0.0, ""actual_gap_label"": ""TIE"", ""predicted_gap_label"": ""TIE"", ""gap_correct"": NaN, ""self_completion_text"": """", ""other_completion_text"": """", ""self_details"": {""raw_logit_scores"": {""YES"": 9.50393009185791, ""NO"": 8.307822227478027}, ""label_bias_scores"": {""YES"": 11.314534187316895, ""NO"": 9.21987533569336}, ""corrected_scores"": {""YES"": -1.8106040954589844, ""NO"": -0.912053108215332}, ""scoring_mode"": ""bias_corrected_choice_logits"", ""selected_short_label"": ""NO""}, ""other_details"": {""raw_logit_scores"": {""YES"": 9.587464332580566, ""NO"": 8.395984649658203}, ""label_bias_scores"": {""YES"": 11.314534187316895, ""NO"": 9.21987533569336}, ""corrected_scores"": {""YES"": -1.7270698547363281, ""NO"": -0.8238906860351562}, ""scoring_mode"": ""bias_corrected_choice_logits"", ""selected_short_label"": ""NO""}}, ""HEDGE"": {""feature_name"": ""HEDGE"", ""feature_key"": ""hedge_density"", ""self_selected_label"": ""NO"", ""self_valid_choice"": 1.0, ""self_correct"": 1.0, ""self_actual_present"": 0.0, ""self_selected_prob"": 0.7407527565956116, ""self_actual_feature_value"": 0.0, ""other_selected_label"": ""NO"", ""other_valid_choice"": 1.0, ""other_correct"": 1.0, ""other_actual_present"": 0.0, ""other_selected_prob"": 0.7367782592773438, ""other_actual_feature_value"": 0.0, ""actual_gap"": 0.0, ""predicted_gap"": 0.0, ""actual_gap_label"": ""TIE"", ""predicted_gap_label"": ""TIE"", ""gap_correct"": NaN, ""self_completion_text"": """", ""other_completion_text"": """", ""self_details"": {""raw_logit_scores"": {""YES"": 9.385525703430176, ""NO"": 8.340751647949219}, ""label_bias_scores"": {""YES"": 11.314534187316895, ""NO"": 9.21987533569336}, ""corrected_scores"": {""YES"": -1.9290084838867188, ""NO"": -0.8791236877441406}, ""scoring_mode"": ""bias_corrected_choice_logits"", ""selected_short_label"": ""NO""}, ""other_details"": {""raw_logit_scores"": {""YES"": 9.474855422973633, ""NO"": 8.409486770629883}, ""label_bias_scores"": {""YES"": 11.314534187316895, ""NO"": 9.21987533569336}, ""corrected_scores"": {""YES"": -1.8396787643432617, ""NO"": -0.8103885650634766}, ""scoring_mode"": ""bias_corrected_choice_logits"", ""selected_short_label"": ""NO""}}, ""FIRST_PERSON"": {""feature_name"": ""FIRST_PERSON"", ""feature_key"": ""first_person_rate"", ""self_selected_label"": ""NO"", ""self_valid_choice"": 1.0, ""self_correct"": 1.0, ""self_actual_present"": 0.0, ""self_selected_prob"": 0.7305664420127869, ""self_actual_feature_value"": 0.0, ""other_selected_label"": ""NO"", ""other_valid_choice"": 1.0, ""other_correct"": 1.0, ""other_actual_present"": 0.0, ""other_selected_prob"": 0.7276137471199036, ""other_actual_feature_value"": 0.0, ""actual_gap"": 0.0, ""predicted_gap"": 0.0, ""actual_gap_label"": ""TIE"", ""predicted_gap_label"": ""TIE"", ""gap_correct"": NaN, ""self_completion_text"": """", ""other_completion_text"": """", ""self_details"": {""raw_logit_scores"": {""YES"": 8.780159950256348, ""NO"": 7.682999610900879}, ""label_bias_scores"": {""YES"": 11.314534187316895, ""NO"": 9.21987533569336}, ""corrected_scores"": {""YES"": -2.534374237060547, ""NO"": -1.5368757247924805}, ""scoring_mode"": ""bias_corrected_choice_logits"", ""selected_short_label"": ""NO""}, ""other_details"": {""raw_logit_scores"": {""YES"": 8.96980094909668, ""NO"": 7.857691287994385}, ""label_bias_scores"": {""YES"": 11.314534187316895, ""NO"": 9.21987533569336}, ""corrected_scores"": {""YES"": -2.344733238220215, ""NO"": -1.3621840476989746}, ""scoring_mode"": ""bias_corrected_choice_logits"", ""selected_short_label"": ""NO""}}, ""DIRECTIVE"": {""feature_name"": ""DIRECTIVE"", ""feature_key"": ""directive_rate"", ""self_selected_label"": ""NO"", ""self_valid_choice"": 1.0, ""self_correct"": 1.0, ""self_actual_present"": 0.0, ""self_selected_prob"": 0.7191529273986816, ""self_actual_feature_value"": 0.0, ""other_selected_label"": ""NO"", ""other_valid_choice"": 1.0, ""other_correct"": 0.0, ""other_actual_present"": 1.0, ""other_selected_prob"": 0.7277650237083435, ""other_actual_feature_value"": 0.08695652173913043, ""actual_gap"": 1.0, ""predicted_gap"": 0.0, ""actual_gap_label"": ""OTHER"", ""predicted_gap_label"": ""OTHER"", ""gap_correct"": 1.0, ""self_completion_text"": """", ""other_completion_text"": """", ""self_details"": {""raw_logit_scores"": {""YES"": 9.655750274658203, ""NO"": 8.501355171203613}, ""label_bias_scores"": {""YES"": 11.314534187316895, ""NO"": 9.21987533569336}, ""corrected_scores"": {""YES"": -1.6587839126586914, ""NO"": -0.7185201644897461}, ""scoring_mode"": ""bias_corrected_choice_logits"", ""selected_short_label"": ""NO""}, ""other_details"": {""raw_logit_scores"": {""YES"": 9.877923965454102, ""NO"": 8.76657772064209}, ""label_bias_scores"": {""YES"": 11.314534187316895, ""NO"": 9.21987533569336}, ""corrected_scores"": {""YES"": -1.436610221862793, ""NO"": -0.45329761505126953}, ""scoring_mode"": ""bias_corrected_choice_logits"", ""selected_short_label"": ""NO""}}}","{""avg_sentence_length"": 11.0, ""hedge_density"": 0.0, ""first_person_rate"": 0.0, ""directive_rate"": 0.0, ""rhetorical_question_rate"": 0.0, ""lexical_diversity"": 0.9090909090909091, ""modal_verb_rate"": 0.0, ""punctuation_intensity"": 0.0, ""type_token_ratio"": 0.9090909090909091, ""mtld"": 11.0}","{""avg_sentence_length"": 23.0, ""hedge_density"": 0.0, ""first_person_rate"": 0.0, ""directive_rate"": 0.08695652173913043, ""rhetorical_question_rate"": 0.0, ""lexical_diversity"": 0.9130434782608695, ""modal_verb_rate"": 0.043478260869565216, ""punctuation_intensity"": 0.0, ""type_token_ratio"": 0.9130434782608695, ""mtld"": 23.0}",You are a good but thorough check on a bad idea.,You should be able to check the progress of a major project on a daily basis and keep track of your own work.
11,EleutherAI/pythia-1b,pythia,1b,baseline_helpful,same_weights_other_chat,the exact same model weights answering the same question in a different chat with no access to this conversation,med_11,planning,Sketch a short plan for turning a pile of scattered observations into a usable incident timeline.,0.75,1.0,0.0,1.0,0.0,0.25,1,0.0,"{""ELABORATE"": {""feature_name"": ""ELABORATE"", ""feature_key"": ""avg_sentence_length"", ""self_selected_label"": ""NO"", ""self_valid_choice"": 1.0, ""self_correct"": 1.0, ""self_actual_present"": 0.0, ""self_selected_prob"": 0.7525899410247803, ""self_actual_feature_value"": 9.5, ""other_selected_label"": ""NO"", ""other_valid_choice"": 1.0, ""other_correct"": 1.0, ""other_actual_present"": 0.0, ""other_selected_prob"": 0.7488023042678833, ""other_actual_feature_value"": 4.0, ""actual_gap"": 0.0, ""predicted_gap"": 0.0, ""actual_gap_label"": ""TIE"", ""predicted_gap_label"": ""TIE"", ""gap_correct"": NaN, ""self_completion_text"": """", ""other_completion_text"": """", ""self_details"": {""raw_logit_scores"": {""YES"": 10.45527458190918, ""NO"": 9.473091125488281}, ""label_bias_scores"": {""YES"": 11.314531326293945, ""NO"": 9.219874382019043}, ""corrected_scores"": {""YES"": -0.8592567443847656, ""NO"": 0.2532167434692383}, ""scoring_mode"": ""bias_corrected_choice_logits"", ""selected_short_label"": ""NO""}, ""other_details"": {""raw_logit_scores"": {""YES"": 10.546695709228516, ""NO"": 9.544273376464844}, ""label_bias_scores"": {""YES"": 11.314531326293945, ""NO"": 9.219874382019043}, ""corrected_scores"": {""YES"": -0.7678356170654297, ""NO"": 0.3243989944458008}, ""scoring_mode"": ""bias_corrected_choice_logits"", ""selected_short_label"": ""NO""}}, ""HEDGE"": {""feature_name"": ""HEDGE"", ""feature_key"": ""hedge_density"", ""self_selected_label"": ""NO"", ""self_valid_choice"": 1.0, ""self_correct"": 1.0, ""self_actual_present"": 0.0, ""self_selected_prob"": 0.7819891571998596, ""self_actual_feature_value"": 0.0, ""other_selected_label"": ""NO"", ""other_valid_choice"": 1.0, ""other_correct"": 1.0, ""other_actual_present"": 0.0, ""other_selected_prob"": 0.7762174606323242, ""other_actual_feature_value"": 0.0, ""actual_gap"": 0.0, ""predicted_gap"": 0.0, ""actual_gap_label"": ""TIE"", ""predicted_gap_label"": ""TIE"", ""gap_correct"": NaN, ""self_completion_text"": """", ""other_completion_text"": """", ""self_details"": {""raw_logit_scores"": {""YES"": 10.323830604553223, ""NO"": 9.5064697265625}, ""label_bias_scores"": {""YES"": 11.314531326293945, ""NO"": 9.219874382019043}, ""corrected_scores"": {""YES"": -0.9907007217407227, ""NO"": 0.28659534454345703}, ""scoring_mode"": ""bias_corrected_choice_logits"", ""selected_short_label"": ""NO""}, ""other_details"": {""raw_logit_scores"": {""YES"": 10.358508110046387, ""NO"": 9.507609367370605}, ""label_bias_scores"": {""YES"": 11.314531326293945, ""NO"": 9.219874382019043}, ""corrected_scores"": {""YES"": -0.9560232162475586, ""NO"": 0.2877349853515625}, ""scoring_mode"": ""bias_corrected_choice_logits"", ""selected_short_label"": ""NO""}}, ""FIRST_PERSON"": {""feature_name"": ""FIRST_PERSON"", ""feature_key"": ""first_person_rate"", ""self_selected_label"": ""NO"", ""self_valid_choice"": 1.0, ""self_correct"": 1.0, ""self_actual_present"": 0.0, ""self_selected_prob"": 0.7487857937812805, ""self_actual_feature_value"": 0.0, ""other_selected_label"": ""NO"", ""other_valid_choice"": 1.0, ""other_correct"": 1.0, ""other_actual_present"": 0.0, ""other_selected_prob"": 0.7446208000183105, ""other_actual_feature_value"": 0.0, ""actual_gap"": 0.0, ""predicted_gap"": 0.0, ""actual_gap_label"": ""TIE"", ""predicted_gap_label"": ""TIE"", ""gap_correct"": NaN, ""self_completion_text"": """", ""other_completion_text"": """", ""self_details"": {""raw_logit_scores"": {""YES"": 9.820862770080566, ""NO"": 8.818352699279785}, ""label_bias_scores"": {""YES"": 11.314531326293945, ""NO"": 9.219874382019043}, ""corrected_scores"": {""YES"": -1.493668556213379, ""NO"": -0.4015216827392578}, ""scoring_mode"": ""bias_corrected_choice_logits"", ""selected_short_label"": ""NO""}, ""other_details"": {""raw_logit_scores"": {""YES"": 9.972594261169434, ""NO"": 8.948062896728516}, ""label_bias_scores"": {""YES"": 11.314531326293945, ""NO"": 9.219874382019043}, ""corrected_scores"": {""YES"": -1.3419370651245117, ""NO"": -0.27181148529052734}, ""scoring_mode"": ""bias_corrected_choice_logits"", ""selected_short_label"": ""NO""}}, ""DIRECTIVE"": {""feature_name"": ""DIRECTIVE"", ""feature_key"": ""directive_rate"", ""self_selected_label"": ""NO"", ""self_valid_choice"": 1.0, ""self_correct"": 0.0, ""self_actual_present"": 1.0, ""self_selected_prob"": 0.7554402351379395, ""self_actual_feature_value"": 0.05263157894736842, ""other_selected_label"": ""NO"", ""other_valid_choice"": 1.0, ""other_correct"": 1.0, ""other_actual_present"": 0.0, ""other_selected_prob"": 0.7736343145370483, ""other_actual_feature_value"": 0.0, ""actual_gap"": 1.0, ""predicted_gap"": 0.0, ""actual_gap_label"": ""SELF"", ""predicted_gap_label"": ""OTHER"", ""gap_correct"": 0.0, ""self_completion_text"": """", ""other_completion_text"": """", ""self_details"": {""raw_logit_scores"": {""YES"": 10.474720001220703, ""NO"": 9.507904052734375}, ""label_bias_scores"": {""YES"": 11.314531326293945, ""NO"": 9.219874382019043}, ""corrected_scores"": {""YES"": -0.8398113250732422, ""NO"": 0.28802967071533203}, ""scoring_mode"": ""bias_corrected_choice_logits"", ""selected_short_label"": ""NO""}, ""other_details"": {""raw_logit_scores"": {""YES"": 10.715079307556152, ""NO"": 9.849370002746582}, ""label_bias_scores"": {""YES"": 11.314531326293945, ""NO"": 9.219874382019043}, ""corrected_scores"": {""YES"": -0.599452018737793, ""NO"": 0.6294956207275391}, ""scoring_mode"": ""bias_corrected_choice_logits"", ""selected_short_label"": ""NO""}}}","{""avg_sentence_length"": 9.5, ""hedge_density"": 0.0, ""first_person_rate"": 0.0, ""directive_rate"": 0.05263157894736842, ""rhetorical_question_rate"": 0.0, ""lexical_diversity"": 1.0, ""modal_verb_rate"": 0.0, ""punctuation_intensity"": 0.018867924528301886, ""type_token_ratio"": 1.0, ""mtld"": 19.0}","{""avg_sentence_length"": 4.0, ""hedge_density"": 0.0, ""first_person_rate"": 0.0, ""directive_rate"": 0.0, ""rhetorical_question_rate"": 0.0, ""lexical_diversity"": 1.0, ""modal_verb_rate"": 0.0, ""punctuation_intensity"": 0.0, ""type_token_ratio"": 1.0, ""mtld"": 4.0}","You are a good, thorough, dedicated assistant. Work with other team members to make sure the plan is done.",Sketch an incident timeline.
11,EleutherAI/pythia-1b,pythia,1b,baseline_helpful,same_weights_other_chat,the exact same model weights answering the same question in a different chat with no access to this conversation,med_12,planning,Sketch a short plan for helping a student narrow a thesis topic without draining all of the curiosity out of it.,0.25,0.75,0.0,1.0,0.0,0.5,2,0.0,"{""ELABORATE"": {""feature_name"": ""ELABORATE"", ""feature_key"": ""avg_sentence_length"", ""self_selected_label"": ""NO"", ""self_valid_choice"": 1.0, ""self_correct"": 0.0, ""self_actual_present"": 1.0, ""self_selected_prob"": 0.7336297035217285, ""self_actual_feature_value"": 14.8, ""other_selected_label"": ""NO"", ""other_valid_choice"": 1.0, ""other_correct"": 1.0, ""other_actual_present"": 0.0, ""other_selected_prob"": 0.704693078994751, ""other_actual_feature_value"": 7.5, ""actual_gap"": 1.0, ""predicted_gap"": 0.0, ""actual_gap_label"": ""SELF"", ""predicted_gap_label"": ""OTHER"", ""gap_correct"": 0.0, ""self_completion_text"": """", ""other_completion_text"": """", ""self_details"": {""raw_logit_scores"": {""YES"": 10.375343322753906, ""NO"": 9.293800354003906}, ""label_bias_scores"": {""YES"": 11.314531326293945, ""NO"": 9.219871520996094}, ""corrected_scores"": {""YES"": -0.9391880035400391, ""NO"": 0.0739288330078125}, ""scoring_mode"": ""bias_corrected_choice_logits"", ""selected_short_label"": ""NO""}, ""other_details"": {""raw_logit_scores"": {""YES"": 10.55879020690918, ""NO"": 9.333877563476562}, ""label_bias_scores"": {""YES"": 11.314531326293945, ""NO"": 9.219871520996094}, ""corrected_scores"": {""YES"": -0.7557411193847656, ""NO"": 0.11400604248046875}, ""scoring_mode"": ""bias_corrected_choice_logits"", ""selected_short_label"": ""NO""}}, ""HEDGE"": {""feature_name"": ""HEDGE"", ""feature_key"": ""hedge_density"", ""self_selected_label"": ""NO"", ""self_valid_choice"": 1.0, ""self_correct"": 1.0, ""self_actual_present"": 0.0, ""self_selected_prob"": 0.7452316880226135, ""self_actual_feature_value"": 0.0, ""other_selected_label"": ""NO"", ""other_valid_choice"": 1.0, ""other_correct"": 1.0, ""other_actual_present"": 0.0, ""other_selected_prob"": 0.7368994355201721, ""other_actual_feature_value"": 0.0, ""actual_gap"": 0.0, ""predicted_gap"": 0.0, ""actual_gap_label"": ""TIE"", ""predicted_gap_label"": ""TIE"", ""gap_correct"": NaN, ""self_completion_text"": """", ""other_completion_text"": """", ""self_details"": {""raw_logit_scores"": {""YES"": 10.08051586151123, ""NO"": 9.059196472167969}, ""label_bias_scores"": {""YES"": 11.314531326293945, ""NO"": 9.219871520996094}, ""corrected_scores"": {""YES"": -1.2340154647827148, ""NO"": -0.160675048828125}, ""scoring_mode"": ""bias_corrected_choice_logits"", ""selected_short_label"": ""NO""}, ""other_details"": {""raw_logit_scores"": {""YES"": 10.267692565917969, ""NO"": 9.202947616577148}, ""label_bias_scores"": {""YES"": 11.314531326293945, ""NO"": 9.219871520996094}, ""corrected_scores"": {""YES"": -1.0468387603759766, ""NO"": -0.016923904418945312}, ""scoring_mode"": ""bias_corrected_choice_logits"", ""selected_short_label"": ""NO""}}, ""FIRST_PERSON"": {""feature_name"": ""FIRST_PERSON"", ""feature_key"": ""first_person_rate"", ""self_selected_label"": ""NO"", ""self_valid_choice"": 1.0, ""self_correct"": 0.0, ""self_actual_present"": 1.0, ""self_selected_prob"": 0.7226873636245728, ""self_actual_feature_value"": 0.0945945945945946, ""other_selected_label"": ""NO"", ""other_valid_choice"": 1.0, ""other_correct"": 1.0, ""other_actual_present"": 0.0, ""other_selected_prob"": 0.7152165770530701, ""other_actual_feature_value"": 0.0, ""actual_gap"": 1.0, ""predicted_gap"": 0.0, ""actual_gap_label"": ""SELF"", ""predicted_gap_label"": ""OTHER"", ""gap_correct"": 0.0, ""self_completion_text"": """", ""other_completion_text"": """", ""self_details"": {""raw_logit_scores"": {""YES"": 9.564140319824219, ""NO"": 8.427311897277832}, ""label_bias_scores"": {""YES"": 11.314531326293945, ""NO"": 9.219871520996094}, ""corrected_scores"": {""YES"": -1.7503910064697266, ""NO"": -0.7925596237182617}, ""scoring_mode"": ""bias_corrected_choice_logits"", ""selected_short_label"": ""NO""}, ""other_details"": {""raw_logit_scores"": {""YES"": 9.890262603759766, ""NO"": 8.716459274291992}, ""label_bias_scores"": {""YES"": 11.314531326293945, ""NO"": 9.219871520996094}, ""corrected_scores"": {""YES"": -1.4242687225341797, ""NO"": -0.5034122467041016}, ""scoring_mode"": ""bias_corrected_choice_logits"", ""selected_short_label"": ""NO""}}, ""DIRECTIVE"": {""feature_name"": ""DIRECTIVE"", ""feature_key"": ""directive_rate"", ""self_selected_label"": ""NO"", ""self_valid_choice"": 1.0, ""self_correct"": 0.0, ""self_actual_present"": 1.0, ""self_selected_prob"": 0.7428743243217468, ""self_actual_feature_value"": 0.05405405405405406, ""other_selected_label"": ""NO"", ""other_valid_choice"": 1.0, ""other_correct"": 0.0, ""other_actual_present"": 1.0, ""other_selected_prob"": 0.7411807179450989, ""other_actual_feature_value"": 0.05, ""actual_gap"": 0.0, ""predicted_gap"": 0.0, ""actual_gap_label"": ""TIE"", ""predicted_gap_label"": ""TIE"", ""gap_correct"": NaN, ""self_completion_text"": """", ""other_completion_text"": """", ""self_details"": {""raw_logit_scores"": {""YES"": 10.320772171020508, ""NO"": 9.287074089050293}, ""label_bias_scores"": {""YES"": 11.314531326293945, ""NO"": 9.219871520996094}, ""corrected_scores"": {""YES"": -0.9937591552734375, ""NO"": 0.06720256805419922}, ""scoring_mode"": ""bias_corrected_choice_logits"", ""selected_short_label"": ""NO""}, ""other_details"": {""raw_logit_scores"": {""YES"": 10.479203224182129, ""NO"": 9.436657905578613}, ""label_bias_scores"": {""YES"": 11.314531326293945, ""NO"": 9.219871520996094}, ""corrected_scores"": {""YES"": -0.8353281021118164, ""NO"": 0.21678638458251953}, ""scoring_mode"": ""bias_corrected_choice_logits"", ""selected_short_label"": ""NO""}}}","{""avg_sentence_length"": 14.8, ""hedge_density"": 0.0, ""first_person_rate"": 0.0945945945945946, ""directive_rate"": 0.05405405405405406, ""rhetorical_question_rate"": 0.0, ""lexical_diversity"": 0.581081081081081, ""modal_verb_rate"": 0.02702702702702703, ""punctuation_intensity"": 0.011267605633802818, ""type_token_ratio"": 0.581081081081081, ""mtld"": 2.504040404040404}","{""avg_sentence_length"": 7.5, ""hedge_density"": 0.0, ""first_person_rate"": 0.0, ""directive_rate"": 0.05, ""rhetorical_question_rate"": 0.0, ""lexical_diversity"": 0.6666666666666666, ""modal_verb_rate"": 0.0, ""punctuation_intensity"": 0.0051813471502590676, ""type_token_ratio"": 0.6666666666666666, ""mtld"": 2.7083333333333335}","I'll sketch a plan for you.

The process was something like this:

I was given a topic for my thesis, and I didn't know what it was.

I wanted to make sure that it would be interesting enough to write a paper on, but didn't want to write it too quickly.

I wanted to write a paper that I would be proud of, but didn't want to spend too much time on it.

I","Sketch a short plan for helping a student narrow a thesis topic without draining all of the curiosity out of it.

Suggested readings

1. The Pursuit of Intelligence: A Theory of Cognitive Dissonance by Charles E. Graddick (2002)
2. The Psychology of Intelligence Test by C. E. Graddick (2005)
3. The Fundamental Principles of Cognition: A Study in the Nature and Psychology of Reason by"
17,EleutherAI/pythia-1b,pythia,1b,baseline_helpful,same_weights_other_chat,the exact same model weights answering the same question in a different chat with no access to this conversation,med_01,triage,"A research tool rollout confused users, and the support inbox is filling with contradictory complaints. What should the team do in the next twenty-four hours?",0.5,1.0,0.0,1.0,0.0,0.5,2,0.0,"{""ELABORATE"": {""feature_name"": ""ELABORATE"", ""feature_key"": ""avg_sentence_length"", ""self_selected_label"": ""NO"", ""self_valid_choice"": 1.0, ""self_correct"": 1.0, ""self_actual_present"": 0.0, ""self_selected_prob"": 0.7166994214057922, ""self_actual_feature_value"": 10.285714285714286, ""other_selected_label"": ""NO"", ""other_valid_choice"": 1.0, ""other_correct"": 1.0, ""other_actual_present"": 0.0, ""other_selected_prob"": 0.7093916535377502, ""other_actual_feature_value"": 10.0, ""actual_gap"": 0.0, ""predicted_gap"": 0.0, ""actual_gap_label"": ""TIE"", ""predicted_gap_label"": ""TIE"", ""gap_correct"": NaN, ""self_completion_text"": """", ""other_completion_text"": """", ""self_details"": {""raw_logit_scores"": {""YES"": 10.115010261535645, ""NO"": 8.948498725891113}, ""label_bias_scores"": {""YES"": 11.314534187316895, ""NO"": 9.219874382019043}, ""corrected_scores"": {""YES"": -1.19952392578125, ""NO"": -0.2713756561279297}, ""scoring_mode"": ""bias_corrected_choice_logits"", ""selected_short_label"": ""NO""}, ""other_details"": {""raw_logit_scores"": {""YES"": 10.542083740234375, ""NO"": 9.339855194091797}, ""label_bias_scores"": {""YES"": 11.314534187316895, ""NO"": 9.219874382019043}, ""corrected_scores"": {""YES"": -0.7724504470825195, ""NO"": 0.1199808120727539}, ""scoring_mode"": ""bias_corrected_choice_logits"", ""selected_short_label"": ""NO""}}, ""HEDGE"": {""feature_name"": ""HEDGE"", ""feature_key"": ""hedge_density"", ""self_selected_label"": ""NO"", ""self_valid_choice"": 1.0, ""self_correct"": 1.0, ""self_actual_present"": 0.0, ""self_selected_prob"": 0.7330675721168518, ""self_actual_feature_value"": 0.013888888888888888, ""other_selected_label"": ""NO"", ""other_valid_choice"": 1.0, ""other_correct"": 1.0, ""other_actual_present"": 0.0, ""other_selected_prob"": 0.7383952140808105, ""other_actual_feature_value"": 0.0, ""actual_gap"": 0.0, ""predicted_gap"": 0.0, ""actual_gap_label"": ""TIE"", ""predicted_gap_label"": ""TIE"", ""gap_correct"": NaN, ""self_completion_text"": """", ""other_completion_text"": """", ""self_details"": {""raw_logit_scores"": {""YES"": 9.890437126159668, ""NO"": 8.80601978302002}, ""label_bias_scores"": {""YES"": 11.314534187316895, ""NO"": 9.219874382019043}, ""corrected_scores"": {""YES"": -1.4240970611572266, ""NO"": -0.41385459899902344}, ""scoring_mode"": ""bias_corrected_choice_logits"", ""selected_short_label"": ""NO""}, ""other_details"": {""raw_logit_scores"": {""YES"": 10.38567066192627, ""NO"": 9.328655242919922}, ""label_bias_scores"": {""YES"": 11.314534187316895, ""NO"": 9.219874382019043}, ""corrected_scores"": {""YES"": -0.928863525390625, ""NO"": 0.1087808609008789}, ""scoring_mode"": ""bias_corrected_choice_logits"", ""selected_short_label"": ""NO""}}, ""FIRST_PERSON"": {""feature_name"": ""FIRST_PERSON"", ""feature_key"": ""first_person_rate"", ""self_selected_label"": ""NO"", ""self_valid_choice"": 1.0, ""self_correct"": 0.0, ""self_actual_present"": 1.0, ""self_selected_prob"": 0.7026296854019165, ""self_actual_feature_value"": 0.06944444444444445, ""other_selected_label"": ""NO"", ""other_valid_choice"": 1.0, ""other_correct"": 1.0, ""other_actual_present"": 0.0, ""other_selected_prob"": 0.7089365124702454, ""other_actual_feature_value"": 0.0, ""actual_gap"": 1.0, ""predicted_gap"": 0.0, ""actual_gap_label"": ""SELF"", ""predicted_gap_label"": ""OTHER"", ""gap_correct"": 0.0, ""self_completion_text"": """", ""other_completion_text"": """", ""self_details"": {""raw_logit_scores"": {""YES"": 9.347270965576172, ""NO"": 8.112462997436523}, ""label_bias_scores"": {""YES"": 11.314534187316895, ""NO"": 9.219874382019043}, ""corrected_scores"": {""YES"": -1.9672632217407227, ""NO"": -1.1074113845825195}, ""scoring_mode"": ""bias_corrected_choice_logits"", ""selected_short_label"": ""NO""}, ""other_details"": {""raw_logit_scores"": {""YES"": 10.014557838439941, ""NO"": 8.8101224899292}, ""label_bias_scores"": {""YES"": 11.314534187316895, ""NO"": 9.219874382019043}, ""corrected_scores"": {""YES"": -1.2999763488769531, ""NO"": -0.40975189208984375}, ""scoring_mode"": ""bias_corrected_choice_logits"", ""selected_short_label"": ""NO""}}, ""DIRECTIVE"": {""feature_name"": ""DIRECTIVE"", ""feature_key"": ""directive_rate"", ""self_selected_label"": ""NO"", ""self_valid_choice"": 1.0, ""self_correct"": 0.0, ""self_actual_present"": 1.0, ""self_selected_prob"": 0.7365773320198059, ""self_actual_feature_value"": 0.041666666666666664, ""other_selected_label"": ""NO"", ""other_valid_choice"": 1.0, ""other_correct"": 1.0, ""other_actual_present"": 0.0, ""other_selected_prob"": 0.7215514779090881, ""other_actual_feature_value"": 0.0, ""actual_gap"": 1.0, ""predicted_gap"": 0.0, ""actual_gap_label"": ""SELF"", ""predicted_gap_label"": ""OTHER"", ""gap_correct"": 0.0, ""self_completion_text"": ""You"", ""other_completion_text"": ""You"", ""self_details"": {""raw_logit_scores"": {""YES"": 10.227616310119629, ""NO"": 9.161211013793945}, ""label_bias_scores"": {""YES"": 11.314534187316895, ""NO"": 9.219874382019043}, ""corrected_scores"": {""YES"": -1.0869178771972656, ""NO"": -0.058663368225097656}, ""scoring_mode"": ""bias_corrected_choice_logits"", ""selected_short_label"": ""NO""}, ""other_details"": {""raw_logit_scores"": {""YES"": 10.40653133392334, ""NO"": 9.264041900634766}, ""label_bias_scores"": {""YES"": 11.314534187316895, ""NO"": 9.219874382019043}, ""corrected_scores"": {""YES"": -0.9080028533935547, ""NO"": 0.044167518615722656}, ""scoring_mode"": ""bias_corrected_choice_logits"", ""selected_short_label"": ""NO""}}}","{""avg_sentence_length"": 10.285714285714286, ""hedge_density"": 0.013888888888888888, ""first_person_rate"": 0.06944444444444445, ""directive_rate"": 0.041666666666666664, ""rhetorical_question_rate"": 0.0, ""lexical_diversity"": 0.6944444444444444, ""modal_verb_rate"": 0.013888888888888888, ""punctuation_intensity"": 0.01366120218579235, ""type_token_ratio"": 0.6944444444444444, ""mtld"": 6.75}","{""avg_sentence_length"": 10.0, ""hedge_density"": 0.0, ""first_person_rate"": 0.0, ""directive_rate"": 0.0, ""rhetorical_question_rate"": 0.0, ""lexical_diversity"": 0.9, ""modal_verb_rate"": 0.0, ""punctuation_intensity"": 0.0, ""type_token_ratio"": 0.9, ""mtld"": 10.0}","Be calm, focus on the task at hand, and keep your cool.

Now that we have established a clear goal, let's create a plan of action to achieve it.

1. Assess the situation

The task of setting the plan is not as daunting as you might think. After all, we are all in this together.

We already know that we have a goal to meet. The questions that we need to answer are:",Give the team another hour to sort through the complaints.
17,EleutherAI/pythia-1b,pythia,1b,baseline_helpful,same_weights_other_chat,the exact same model weights answering the same question in a different chat with no access to this conversation,med_02,triage,A small archive digitization effort keeps losing track of versioned files and naming conventions. What should the team fix first?,0.5,0.5,0.5,1.0,0.0,0.5,2,0.0,"{""ELABORATE"": {""feature_name"": ""ELABORATE"", ""feature_key"": ""avg_sentence_length"", ""self_selected_label"": ""NO"", ""self_valid_choice"": 1.0, ""self_correct"": 0.0, ""self_actual_present"": 1.0, ""self_selected_prob"": 0.735069990158081, ""self_actual_feature_value"": 12.5, ""other_selected_label"": ""NO"", ""other_valid_choice"": 1.0, ""other_correct"": 0.0, ""other_actual_present"": 1.0, ""other_selected_prob"": 0.7054885029792786, ""other_actual_feature_value"": 11.0, ""actual_gap"": 0.0, ""predicted_gap"": 0.0, ""actual_gap_label"": ""TIE"", ""predicted_gap_label"": ""TIE"", ""gap_correct"": NaN, ""self_completion_text"": """", ""other_completion_text"": """", ""self_details"": {""raw_logit_scores"": {""YES"": 10.390888214111328, ""NO"": 9.316727638244629}, ""label_bias_scores"": {""YES"": 11.314531326293945, ""NO"": 9.219870567321777}, ""corrected_scores"": {""YES"": -0.9236431121826172, ""NO"": 0.09685707092285156}, ""scoring_mode"": ""bias_corrected_choice_logits"", ""selected_short_label"": ""NO""}, ""other_details"": {""raw_logit_scores"": {""YES"": 10.487863540649414, ""NO"": 9.266775131225586}, ""label_bias_scores"": {""YES"": 11.314531326293945, ""NO"": 9.219870567321777}, ""corrected_scores"": {""YES"": -0.8266677856445312, ""NO"": 0.046904563903808594}, ""scoring_mode"": ""bias_corrected_choice_logits"", ""selected_short_label"": ""NO""}}, ""HEDGE"": {""feature_name"": ""HEDGE"", ""feature_key"": ""hedge_density"", ""self_selected_label"": ""NO"", ""self_valid_choice"": 1.0, ""self_correct"": 0.0, ""self_actual_present"": 1.0, ""self_selected_prob"": 0.7403278350830078, ""self_actual_feature_value"": 0.04, ""other_selected_label"": ""NO"", ""other_valid_choice"": 1.0, ""other_correct"": 1.0, ""other_actual_present"": 0.0, ""other_selected_prob"": 0.7331963777542114, ""other_actual_feature_value"": 0.0, ""actual_gap"": 1.0, ""predicted_gap"": 0.0, ""actual_gap_label"": ""SELF"", ""predicted_gap_label"": ""OTHER"", ""gap_correct"": 0.0, ""self_completion_text"": """", ""other_completion_text"": """", ""self_details"": {""raw_logit_scores"": {""YES"": 10.07217025756836, ""NO"": 9.025182723999023}, ""label_bias_scores"": {""YES"": 11.314531326293945, ""NO"": 9.219870567321777}, ""corrected_scores"": {""YES"": -1.242361068725586, ""NO"": -0.1946878433227539}, ""scoring_mode"": ""bias_corrected_choice_logits"", ""selected_short_label"": ""NO""}, ""other_details"": {""raw_logit_scores"": {""YES"": 10.252090454101562, ""NO"": 9.168330192565918}, ""label_bias_scores"": {""YES"": 11.314531326293945, ""NO"": 9.219870567321777}, ""corrected_scores"": {""YES"": -1.0624408721923828, ""NO"": -0.051540374755859375}, ""scoring_mode"": ""bias_corrected_choice_logits"", ""selected_short_label"": ""NO""}}, ""FIRST_PERSON"": {""feature_name"": ""FIRST_PERSON"", ""feature_key"": ""first_person_rate"", ""self_selected_label"": ""NO"", ""self_valid_choice"": 1.0, ""self_correct"": 1.0, ""self_actual_present"": 0.0, ""self_selected_prob"": 0.7245685458183289, ""self_actual_feature_value"": 0.0, ""other_selected_label"": ""NO"", ""other_valid_choice"": 1.0, ""other_correct"": 1.0, ""other_actual_present"": 0.0, ""other_selected_prob"": 0.715981125831604, ""other_actual_feature_value"": 0.0, ""actual_gap"": 0.0, ""predicted_gap"": 0.0, ""actual_gap_label"": ""TIE"", ""predicted_gap_label"": ""TIE"", ""gap_correct"": NaN, ""self_completion_text"": """", ""other_completion_text"": """", ""self_details"": {""raw_logit_scores"": {""YES"": 9.715497016906738, ""NO"": 8.58807373046875}, ""label_bias_scores"": {""YES"": 11.314531326293945, ""NO"": 9.219870567321777}, ""corrected_scores"": {""YES"": -1.599034309387207, ""NO"": -0.6317968368530273}, ""scoring_mode"": ""bias_corrected_choice_logits"", ""selected_short_label"": ""NO""}, ""other_details"": {""raw_logit_scores"": {""YES"": 9.952468872070312, ""NO"": 8.782421112060547}, ""label_bias_scores"": {""YES"": 11.314531326293945, ""NO"": 9.219870567321777}, ""corrected_scores"": {""YES"": -1.3620624542236328, ""NO"": -0.43744945526123047}, ""scoring_mode"": ""bias_corrected_choice_logits"", ""selected_short_label"": ""NO""}}, ""DIRECTIVE"": {""feature_name"": ""DIRECTIVE"", ""feature_key"": ""directive_rate"", ""self_selected_label"": ""NO"", ""self_valid_choice"": 1.0, ""self_correct"": 1.0, ""self_actual_present"": 0.0, ""self_selected_prob"": 0.7487472295761108, ""self_actual_feature_value"": 0.0, ""other_selected_label"": ""NO"", ""other_valid_choice"": 1.0, ""other_correct"": 0.0, ""other_actual_present"": 1.0, ""other_selected_prob"": 0.7436304688453674, ""other_actual_feature_value"": 0.09090909090909091, ""actual_gap"": 1.0, ""predicted_gap"": 0.0, ""actual_gap_label"": ""OTHER"", ""predicted_gap_label"": ""OTHER"", ""gap_correct"": 1.0, ""self_completion_text"": """", ""other_completion_text"": """", ""self_details"": {""raw_logit_scores"": {""YES"": 10.436257362365723, ""NO"": 9.433538436889648}, ""label_bias_scores"": {""YES"": 11.314531326293945, ""NO"": 9.219870567321777}, ""corrected_scores"": {""YES"": -0.8782739639282227, ""NO"": 0.2136678695678711}, ""scoring_mode"": ""bias_corrected_choice_logits"", ""selected_short_label"": ""NO""}, ""other_details"": {""raw_logit_scores"": {""YES"": 10.501656532287598, ""NO"": 9.471920013427734}, ""label_bias_scores"": {""YES"": 11.314531326293945, ""NO"": 9.219870567321777}, ""corrected_scores"": {""YES"": -0.8128747940063477, ""NO"": 0.25204944610595703}, ""scoring_mode"": ""bias_corrected_choice_logits"", ""selected_short_label"": ""NO""}}}","{""avg_sentence_length"": 12.5, ""hedge_density"": 0.04, ""first_person_rate"": 0.0, ""directive_rate"": 0.0, ""rhetorical_question_rate"": 0.0, ""lexical_diversity"": 0.92, ""modal_verb_rate"": 0.04, ""punctuation_intensity"": 0.0078125, ""type_token_ratio"": 0.92, ""mtld"": 25.0}","{""avg_sentence_length"": 11.0, ""hedge_density"": 0.0, ""first_person_rate"": 0.0, ""directive_rate"": 0.09090909090909091, ""rhetorical_question_rate"": 0.0, ""lexical_diversity"": 0.9090909090909091, ""modal_verb_rate"": 0.0, ""punctuation_intensity"": 0.0, ""type_token_ratio"": 0.9090909090909091, ""mtld"": 11.0}","In this case, it is not possible to distinguish between people who have worked on the file or file. This might be a simple typo.",Give the team a chance to build a better naming convention.
17,EleutherAI/pythia-1b,pythia,1b,baseline_helpful,same_weights_other_chat,the exact same model weights answering the same question in a different chat with no access to this conversation,med_03,critique,Give feedback on a draft methods section that keeps mixing procedural detail with interpretation.,1.0,0.5,1.0,1.0,0.0,0.5,2,1.0,"{""ELABORATE"": {""feature_name"": ""ELABORATE"", ""feature_key"": ""avg_sentence_length"", ""self_selected_label"": ""NO"", ""self_valid_choice"": 1.0, ""self_correct"": 1.0, ""self_actual_present"": 0.0, ""self_selected_prob"": 0.7331627607345581, ""self_actual_feature_value"": 9.0, ""other_selected_label"": ""NO"", ""other_valid_choice"": 1.0, ""other_correct"": 0.0, ""other_actual_present"": 1.0, ""other_selected_prob"": 0.728272020816803, ""other_actual_feature_value"": 13.0, ""actual_gap"": 1.0, ""predicted_gap"": 0.0, ""actual_gap_label"": ""OTHER"", ""predicted_gap_label"": ""OTHER"", ""gap_correct"": 1.0, ""self_completion_text"": """", ""other_completion_text"": """", ""self_details"": {""raw_logit_scores"": {""YES"": 10.45497989654541, ""NO"": 9.371049880981445}, ""label_bias_scores"": {""YES"": 11.314528465270996, ""NO"": 9.219869613647461}, ""corrected_scores"": {""YES"": -0.8595485687255859, ""NO"": 0.15118026733398438}, ""scoring_mode"": ""bias_corrected_choice_logits"", ""selected_short_label"": ""NO""}, ""other_details"": {""raw_logit_scores"": {""YES"": 10.771880149841309, ""NO"": 9.663094520568848}, ""label_bias_scores"": {""YES"": 11.314528465270996, ""NO"": 9.219869613647461}, ""corrected_scores"": {""YES"": -0.5426483154296875, ""NO"": 0.4432249069213867}, ""scoring_mode"": ""bias_corrected_choice_logits"", ""selected_short_label"": ""NO""}}, ""HEDGE"": {""feature_name"": ""HEDGE"", ""feature_key"": ""hedge_density"", ""self_selected_label"": ""NO"", ""self_valid_choice"": 1.0, ""self_correct"": 1.0, ""self_actual_present"": 0.0, ""self_selected_prob"": 0.7411192655563354, ""self_actual_feature_value"": 0.0, ""other_selected_label"": ""NO"", ""other_valid_choice"": 1.0, ""other_correct"": 1.0, ""other_actual_present"": 0.0, ""other_selected_prob"": 0.7505989670753479, ""other_actual_feature_value"": 0.0, ""actual_gap"": 0.0, ""predicted_gap"": 0.0, ""actual_gap_label"": ""TIE"", ""predicted_gap_label"": ""TIE"", ""gap_correct"": NaN, ""self_completion_text"": """", ""other_completion_text"": """", ""self_details"": {""raw_logit_scores"": {""YES"": 10.229143142700195, ""NO"": 9.186278343200684}, ""label_bias_scores"": {""YES"": 11.314528465270996, ""NO"": 9.219869613647461}, ""corrected_scores"": {""YES"": -1.0853853225708008, ""NO"": -0.033591270446777344}, ""scoring_mode"": ""bias_corrected_choice_logits"", ""selected_short_label"": ""NO""}, ""other_details"": {""raw_logit_scores"": {""YES"": 10.298358917236328, ""NO"": 9.305509567260742}, ""label_bias_scores"": {""YES"": 11.314528465270996, ""NO"": 9.219869613647461}, ""corrected_scores"": {""YES"": -1.016169548034668, ""NO"": 0.08563995361328125}, ""scoring_mode"": ""bias_corrected_choice_logits"", ""selected_short_label"": ""NO""}}, ""FIRST_PERSON"": {""feature_name"": ""FIRST_PERSON"", ""feature_key"": ""first_person_rate"", ""self_selected_label"": ""NO"", ""self_valid_choice"": 1.0, ""self_correct"": 1.0, ""self_actual_present"": 0.0, ""self_selected_prob"": 0.721452534198761, ""self_actual_feature_value"": 0.0, ""other_selected_label"": ""NO"", ""other_valid_choice"": 1.0, ""other_correct"": 1.0, ""other_actual_present"": 0.0, ""other_selected_prob"": 0.73453688621521, ""other_actual_feature_value"": 0.0, ""actual_gap"": 0.0, ""predicted_gap"": 0.0, ""actual_gap_label"": ""TIE"", ""predicted_gap_label"": ""TIE"", ""gap_correct"": NaN, ""self_completion_text"": """", ""other_completion_text"": """", ""self_details"": {""raw_logit_scores"": {""YES"": 9.783829689025879, ""NO"": 8.640849113464355}, ""label_bias_scores"": {""YES"": 11.314528465270996, ""NO"": 9.219869613647461}, ""corrected_scores"": {""YES"": -1.5306987762451172, ""NO"": -0.5790205001831055}, ""scoring_mode"": ""bias_corrected_choice_logits"", ""selected_short_label"": ""NO""}, ""other_details"": {""raw_logit_scores"": {""YES"": 9.96157169342041, ""NO"": 8.884676933288574}, ""label_bias_scores"": {""YES"": 11.314528465270996, ""NO"": 9.219869613647461}, ""corrected_scores"": {""YES"": -1.352956771850586, ""NO"": -0.3351926803588867}, ""scoring_mode"": ""bias_corrected_choice_logits"", ""selected_short_label"": ""NO""}}, ""DIRECTIVE"": {""feature_name"": ""DIRECTIVE"", ""feature_key"": ""directive_rate"", ""self_selected_label"": ""NO"", ""self_valid_choice"": 1.0, ""self_correct"": 1.0, ""self_actual_present"": 0.0, ""self_selected_prob"": 0.7389830350875854, ""self_actual_feature_value"": 0.0, ""other_selected_label"": ""NO"", ""other_valid_choice"": 1.0, ""other_correct"": 0.0, ""other_actual_present"": 1.0, ""other_selected_prob"": 0.7532208561897278, ""other_actual_feature_value"": 0.07692307692307693, ""actual_gap"": 1.0, ""predicted_gap"": 0.0, ""actual_gap_label"": ""OTHER"", ""predicted_gap_label"": ""OTHER"", ""gap_correct"": 1.0, ""self_completion_text"": """", ""other_completion_text"": """", ""self_details"": {""raw_logit_scores"": {""YES"": 10.394209861755371, ""NO"": 9.340240478515625}, ""label_bias_scores"": {""YES"": 11.314528465270996, ""NO"": 9.219869613647461}, ""corrected_scores"": {""YES"": -0.920318603515625, ""NO"": 0.12037086486816406}, ""scoring_mode"": ""bias_corrected_choice_logits"", ""selected_short_label"": ""NO""}, ""other_details"": {""raw_logit_scores"": {""YES"": 10.796462059020996, ""NO"": 9.817667961120605}, ""label_bias_scores"": {""YES"": 11.314528465270996, ""NO"": 9.219869613647461}, ""corrected_scores"": {""YES"": -0.51806640625, ""NO"": 0.5977983474731445}, ""scoring_mode"": ""bias_corrected_choice_logits"", ""selected_short_label"": ""NO""}}}","{""avg_sentence_length"": 9.0, ""hedge_density"": 0.0, ""first_person_rate"": 0.0, ""directive_rate"": 0.0, ""rhetorical_question_rate"": 0.0, ""lexical_diversity"": 0.8888888888888888, ""modal_verb_rate"": 0.0, ""punctuation_intensity"": 0.009345794392523364, ""type_token_ratio"": 0.8888888888888888, ""mtld"": 18.0}","{""avg_sentence_length"": 13.0, ""hedge_density"": 0.0, ""first_person_rate"": 0.0, ""directive_rate"": 0.07692307692307693, ""rhetorical_question_rate"": 0.0, ""lexical_diversity"": 1.0, ""modal_verb_rate"": 0.0, ""punctuation_intensity"": 0.0, ""type_token_ratio"": 1.0, ""mtld"": 13.0}","Be helpful, but not too helpful. Answer and direct people to the most important parts of the documentation.",Give feedback on a draft methods section that includes all of the information.
17,EleutherAI/pythia-1b,pythia,1b,baseline_helpful,same_weights_other_chat,the exact same model weights answering the same question in a different chat with no access to this conversation,med_04,critique,Give feedback on a student memo that is polite and energetic but hides the main recommendation until the end.,1.0,0.75,1.0,1.0,0.0,0.25,1,0.0,"{""ELABORATE"": {""feature_name"": ""ELABORATE"", ""feature_key"": ""avg_sentence_length"", ""self_selected_label"": ""NO"", ""self_valid_choice"": 1.0, ""self_correct"": 1.0, ""self_actual_present"": 0.0, ""self_selected_prob"": 0.7438027858734131, ""self_actual_feature_value"": 4.0, ""other_selected_label"": ""NO"", ""other_valid_choice"": 1.0, ""other_correct"": 0.0, ""other_actual_present"": 1.0, ""other_selected_prob"": 0.7242351770401001, ""other_actual_feature_value"": 19.0, ""actual_gap"": 1.0, ""predicted_gap"": 0.0, ""actual_gap_label"": ""OTHER"", ""predicted_gap_label"": ""OTHER"", ""gap_correct"": 1.0, ""self_completion_text"": """", ""other_completion_text"": """", ""self_details"": {""raw_logit_scores"": {""YES"": 10.152349472045898, ""NO"": 9.123515129089355}, ""label_bias_scores"": {""YES"": 11.314532279968262, ""NO"": 9.219869613647461}, ""corrected_scores"": {""YES"": -1.1621828079223633, ""NO"": -0.09635448455810547}, ""scoring_mode"": ""bias_corrected_choice_logits"", ""selected_short_label"": ""NO""}, ""other_details"": {""raw_logit_scores"": {""YES"": 10.571036338806152, ""NO"": 9.441941261291504}, ""label_bias_scores"": {""YES"": 11.314532279968262, ""NO"": 9.219869613647461}, ""corrected_scores"": {""YES"": -0.7434959411621094, ""NO"": 0.22207164764404297}, ""scoring_mode"": ""bias_corrected_choice_logits"", ""selected_short_label"": ""NO""}}, ""HEDGE"": {""feature_name"": ""HEDGE"", ""feature_key"": ""hedge_density"", ""self_selected_label"": ""NO"", ""self_valid_choice"": 1.0, ""self_correct"": 1.0, ""self_actual_present"": 0.0, ""self_selected_prob"": 0.7626171708106995, ""self_actual_feature_value"": 0.0, ""other_selected_label"": ""NO"", ""other_valid_choice"": 1.0, ""other_correct"": 1.0, ""other_actual_present"": 0.0, ""other_selected_prob"": 0.742389440536499, ""other_actual_feature_value"": 0.0, ""actual_gap"": 0.0, ""predicted_gap"": 0.0, ""actual_gap_label"": ""TIE"", ""predicted_gap_label"": ""TIE"", ""gap_correct"": NaN, ""self_completion_text"": """", ""other_completion_text"": """", ""self_details"": {""raw_logit_scores"": {""YES"": 9.992124557495117, ""NO"": 9.064543724060059}, ""label_bias_scores"": {""YES"": 11.314532279968262, ""NO"": 9.219869613647461}, ""corrected_scores"": {""YES"": -1.3224077224731445, ""NO"": -0.15532588958740234}, ""scoring_mode"": ""bias_corrected_choice_logits"", ""selected_short_label"": ""NO""}, ""other_details"": {""raw_logit_scores"": {""YES"": 10.264814376831055, ""NO"": 9.22857666015625}, ""label_bias_scores"": {""YES"": 11.314532279968262, ""NO"": 9.219869613647461}, ""corrected_scores"": {""YES"": -1.049717903137207, ""NO"": 0.008707046508789062}, ""scoring_mode"": ""bias_corrected_choice_logits"", ""selected_short_label"": ""NO""}}, ""FIRST_PERSON"": {""feature_name"": ""FIRST_PERSON"", ""feature_key"": ""first_person_rate"", ""self_selected_label"": ""NO"", ""self_valid_choice"": 1.0, ""self_correct"": 1.0, ""self_actual_present"": 0.0, ""self_selected_prob"": 0.748624324798584, ""self_actual_feature_value"": 0.0, ""other_selected_label"": ""NO"", ""other_valid_choice"": 1.0, ""other_correct"": 1.0, ""other_actual_present"": 0.0, ""other_selected_prob"": 0.728951096534729, ""other_actual_feature_value"": 0.0, ""actual_gap"": 0.0, ""predicted_gap"": 0.0, ""actual_gap_label"": ""TIE"", ""predicted_gap_label"": ""TIE"", ""gap_correct"": NaN, ""self_completion_text"": """", ""other_completion_text"": """", ""self_details"": {""raw_logit_scores"": {""YES"": 9.462093353271484, ""NO"": 8.458719253540039}, ""label_bias_scores"": {""YES"": 11.314532279968262, ""NO"": 9.219869613647461}, ""corrected_scores"": {""YES"": -1.8524389266967773, ""NO"": -0.7611503601074219}, ""scoring_mode"": ""bias_corrected_choice_logits"", ""selected_short_label"": ""NO""}, ""other_details"": {""raw_logit_scores"": {""YES"": 9.89281177520752, ""NO"": 8.787456512451172}, ""label_bias_scores"": {""YES"": 11.314532279968262, ""NO"": 9.219869613647461}, ""corrected_scores"": {""YES"": -1.4217205047607422, ""NO"": -0.43241310119628906}, ""scoring_mode"": ""bias_corrected_choice_logits"", ""selected_short_label"": ""NO""}}, ""DIRECTIVE"": {""feature_name"": ""DIRECTIVE"", ""feature_key"": ""directive_rate"", ""self_selected_label"": ""NO"", ""self_valid_choice"": 1.0, ""self_correct"": 1.0, ""self_actual_present"": 0.0, ""self_selected_prob"": 0.7547455430030823, ""self_actual_feature_value"": 0.0, ""other_selected_label"": ""NO"", ""other_valid_choice"": 1.0, ""other_correct"": 1.0, ""other_actual_present"": 0.0, ""other_selected_prob"": 0.7494584321975708, ""other_actual_feature_value"": 0.0, ""actual_gap"": 0.0, ""predicted_gap"": 0.0, ""actual_gap_label"": ""TIE"", ""predicted_gap_label"": ""TIE"", ""gap_correct"": NaN, ""self_completion_text"": """", ""other_completion_text"": """", ""self_details"": {""raw_logit_scores"": {""YES"": 10.137803077697754, ""NO"": 9.167224884033203}, ""label_bias_scores"": {""YES"": 11.314532279968262, ""NO"": 9.219869613647461}, ""corrected_scores"": {""YES"": -1.1767292022705078, ""NO"": -0.05264472961425781}, ""scoring_mode"": ""bias_corrected_choice_logits"", ""selected_short_label"": ""NO""}, ""other_details"": {""raw_logit_scores"": {""YES"": 10.631940841674805, ""NO"": 9.633004188537598}, ""label_bias_scores"": {""YES"": 11.314532279968262, ""NO"": 9.219869613647461}, ""corrected_scores"": {""YES"": -0.682591438293457, ""NO"": 0.4131345748901367}, ""scoring_mode"": ""bias_corrected_choice_logits"", ""selected_short_label"": ""NO""}}}","{""avg_sentence_length"": 4.0, ""hedge_density"": 0.0, ""first_person_rate"": 0.0, ""directive_rate"": 0.0, ""rhetorical_question_rate"": 0.0, ""lexical_diversity"": 1.0, ""modal_verb_rate"": 0.0, ""punctuation_intensity"": 0.021739130434782608, ""type_token_ratio"": 1.0, ""mtld"": 8.0}","{""avg_sentence_length"": 19.0, ""hedge_density"": 0.0, ""first_person_rate"": 0.0, ""directive_rate"": 0.0, ""rhetorical_question_rate"": 0.0, ""lexical_diversity"": 0.9473684210526315, ""modal_verb_rate"": 0.0, ""punctuation_intensity"": 0.0, ""type_token_ratio"": 0.9473684210526315, ""mtld"": 19.0}","Be nice to other students.
Student: Thank you.",Give feedback on a student memo that is polite and energetic but hides the main recommendation until the end.
17,EleutherAI/pythia-1b,pythia,1b,baseline_helpful,same_weights_other_chat,the exact same model weights answering the same question in a different chat with no access to this conversation,med_05,policy,Write a short policy note on how a small lab should document assumptions before shipping an internal tool update.,0.5,0.5,,1.0,0.0,0.0,0,0.0,"{""ELABORATE"": {""feature_name"": ""ELABORATE"", ""feature_key"": ""avg_sentence_length"", ""self_selected_label"": ""NO"", ""self_valid_choice"": 1.0, ""self_correct"": 0.0, ""self_actual_present"": 1.0, ""self_selected_prob"": 0.731503427028656, ""self_actual_feature_value"": 25.0, ""other_selected_label"": ""NO"", ""other_valid_choice"": 1.0, ""other_correct"": 0.0, ""other_actual_present"": 1.0, ""other_selected_prob"": 0.7276338934898376, ""other_actual_feature_value"": 27.0, ""actual_gap"": 0.0, ""predicted_gap"": 0.0, ""actual_gap_label"": ""TIE"", ""predicted_gap_label"": ""TIE"", ""gap_correct"": NaN, ""self_completion_text"": """", ""other_completion_text"": """", ""self_details"": {""raw_logit_scores"": {""YES"": 10.5462064743042, ""NO"": 9.453807830810547}, ""label_bias_scores"": {""YES"": 11.314532279968262, ""NO"": 9.219869613647461}, ""corrected_scores"": {""YES"": -0.7683258056640625, ""NO"": 0.23393821716308594}, ""scoring_mode"": ""bias_corrected_choice_logits"", ""selected_short_label"": ""NO""}, ""other_details"": {""raw_logit_scores"": {""YES"": 10.694812774658203, ""NO"": 9.58280086517334}, ""label_bias_scores"": {""YES"": 11.314532279968262, ""NO"": 9.219869613647461}, ""corrected_scores"": {""YES"": -0.6197195053100586, ""NO"": 0.3629312515258789}, ""scoring_mode"": ""bias_corrected_choice_logits"", ""selected_short_label"": ""NO""}}, ""HEDGE"": {""feature_name"": ""HEDGE"", ""feature_key"": ""hedge_density"", ""self_selected_label"": ""NO"", ""self_valid_choice"": 1.0, ""self_correct"": 1.0, ""self_actual_present"": 0.0, ""self_selected_prob"": 0.7612736225128174, ""self_actual_feature_value"": 0.0, ""other_selected_label"": ""NO"", ""other_valid_choice"": 1.0, ""other_correct"": 1.0, ""other_actual_present"": 0.0, ""other_selected_prob"": 0.7570466995239258, ""other_actual_feature_value"": 0.012345679012345678, ""actual_gap"": 0.0, ""predicted_gap"": 0.0, ""actual_gap_label"": ""TIE"", ""predicted_gap_label"": ""TIE"", ""gap_correct"": NaN, ""self_completion_text"": """", ""other_completion_text"": """", ""self_details"": {""raw_logit_scores"": {""YES"": 10.410379409790039, ""NO"": 9.475391387939453}, ""label_bias_scores"": {""YES"": 11.314532279968262, ""NO"": 9.219869613647461}, ""corrected_scores"": {""YES"": -0.9041528701782227, ""NO"": 0.2555217742919922}, ""scoring_mode"": ""bias_corrected_choice_logits"", ""selected_short_label"": ""NO""}, ""other_details"": {""raw_logit_scores"": {""YES"": 10.483894348144531, ""NO"": 9.525787353515625}, ""label_bias_scores"": {""YES"": 11.314532279968262, ""NO"": 9.219869613647461}, ""corrected_scores"": {""YES"": -0.8306379318237305, ""NO"": 0.30591773986816406}, ""scoring_mode"": ""bias_corrected_choice_logits"", ""selected_short_label"": ""NO""}}, ""FIRST_PERSON"": {""feature_name"": ""FIRST_PERSON"", ""feature_key"": ""first_person_rate"", ""self_selected_label"": ""NO"", ""self_valid_choice"": 1.0, ""self_correct"": 1.0, ""self_actual_present"": 0.0, ""self_selected_prob"": 0.7299442887306213, ""self_actual_feature_value"": 0.0, ""other_selected_label"": ""NO"", ""other_valid_choice"": 1.0, ""other_correct"": 1.0, ""other_actual_present"": 0.0, ""other_selected_prob"": 0.7274896502494812, ""other_actual_feature_value"": 0.0, ""actual_gap"": 0.0, ""predicted_gap"": 0.0, ""actual_gap_label"": ""TIE"", ""predicted_gap_label"": ""TIE"", ""gap_correct"": NaN, ""self_completion_text"": """", ""other_completion_text"": """", ""self_details"": {""raw_logit_scores"": {""YES"": 9.949928283691406, ""NO"": 8.849605560302734}, ""label_bias_scores"": {""YES"": 11.314532279968262, ""NO"": 9.219869613647461}, ""corrected_scores"": {""YES"": -1.3646039962768555, ""NO"": -0.37026405334472656}, ""scoring_mode"": ""bias_corrected_choice_logits"", ""selected_short_label"": ""NO""}, ""other_details"": {""raw_logit_scores"": {""YES"": 10.12717056274414, ""NO"": 9.01443099975586}, ""label_bias_scores"": {""YES"": 11.314532279968262, ""NO"": 9.219869613647461}, ""corrected_scores"": {""YES"": -1.187361717224121, ""NO"": -0.20543861389160156}, ""scoring_mode"": ""bias_corrected_choice_logits"", ""selected_short_label"": ""NO""}}, ""DIRECTIVE"": {""feature_name"": ""DIRECTIVE"", ""feature_key"": ""directive_rate"", ""self_selected_label"": ""NO"", ""self_valid_choice"": 1.0, ""self_correct"": 0.0, ""self_actual_present"": 1.0, ""self_selected_prob"": 0.7482802867889404, ""self_actual_feature_value"": 0.04, ""other_selected_label"": ""NO"", ""other_valid_choice"": 1.0, ""other_correct"": 0.0, ""other_actual_present"": 1.0, ""other_selected_prob"": 0.7582184076309204, ""other_actual_feature_value"": 0.04938271604938271, ""actual_gap"": 0.0, ""predicted_gap"": 0.0, ""actual_gap_label"": ""TIE"", ""predicted_gap_label"": ""TIE"", ""gap_correct"": NaN, ""self_completion_text"": """", ""other_completion_text"": """", ""self_details"": {""raw_logit_scores"": {""YES"": 10.557928085327148, ""NO"": 9.552726745605469}, ""label_bias_scores"": {""YES"": 11.314532279968262, ""NO"": 9.219869613647461}, ""corrected_scores"": {""YES"": -0.7566041946411133, ""NO"": 0.3328571319580078}, ""scoring_mode"": ""bias_corrected_choice_logits"", ""selected_short_label"": ""NO""}, ""other_details"": {""raw_logit_scores"": {""YES"": 10.75510025024414, ""NO"": 9.803374290466309}, ""label_bias_scores"": {""YES"": 11.314532279968262, ""NO"": 9.219869613647461}, ""corrected_scores"": {""YES"": -0.5594320297241211, ""NO"": 0.5835046768188477}, ""scoring_mode"": ""bias_corrected_choice_logits"", ""selected_short_label"": ""NO""}}}","{""avg_sentence_length"": 25.0, ""hedge_density"": 0.0, ""first_person_rate"": 0.0, ""directive_rate"": 0.04, ""rhetorical_question_rate"": 0.0, ""lexical_diversity"": 0.84, ""modal_verb_rate"": 0.0, ""punctuation_intensity"": 0.007407407407407408, ""type_token_ratio"": 0.84, ""mtld"": 25.0}","{""avg_sentence_length"": 27.0, ""hedge_density"": 0.012345679012345678, ""first_person_rate"": 0.0, ""directive_rate"": 0.04938271604938271, ""rhetorical_question_rate"": 0.0, ""lexical_diversity"": 0.5308641975308642, ""modal_verb_rate"": 0.024691358024691357, ""punctuation_intensity"": 0.017326732673267328, ""type_token_ratio"": 0.5308641975308642, ""mtld"": 1.3637521222410864}","Be sure to include a link to your public and private email accounts, and a short note about why you believe your updates are important.","Give a name to the process, list all the actions you will take to prevent the process from moving forward, and then give a name and location for the process, which can be shared with other users.

When to use: when to start using the tool, or when to stop.

When to stop: when the user says that the tool is no longer needed, or when the user says that the tool is no longer needed for that type of tool."
17,EleutherAI/pythia-1b,pythia,1b,baseline_helpful,same_weights_other_chat,the exact same model weights answering the same question in a different chat with no access to this conversation,med_06,policy,Write a short policy note on how a museum team should record changes to exhibit labels during revision.,1.0,1.0,,1.0,0.0,0.0,0,0.0,"{""ELABORATE"": {""feature_name"": ""ELABORATE"", ""feature_key"": ""avg_sentence_length"", ""self_selected_label"": ""NO"", ""self_valid_choice"": 1.0, ""self_correct"": 1.0, ""self_actual_present"": 0.0, ""self_selected_prob"": 0.7291955947875977, ""self_actual_feature_value"": 3.0, ""other_selected_label"": ""NO"", ""other_valid_choice"": 1.0, ""other_correct"": 1.0, ""other_actual_present"": 0.0, ""other_selected_prob"": 0.7098456025123596, ""other_actual_feature_value"": 8.0, ""actual_gap"": 0.0, ""predicted_gap"": 0.0, ""actual_gap_label"": ""TIE"", ""predicted_gap_label"": ""TIE"", ""gap_correct"": NaN, ""self_completion_text"": """", ""other_completion_text"": """", ""self_details"": {""raw_logit_scores"": {""YES"": 10.501151084899902, ""NO"": 9.397037506103516}, ""label_bias_scores"": {""YES"": 11.314534187316895, ""NO"": 9.21987533569336}, ""corrected_scores"": {""YES"": -0.8133831024169922, ""NO"": 0.17716217041015625}, ""scoring_mode"": ""bias_corrected_choice_logits"", ""selected_short_label"": ""NO""}, ""other_details"": {""raw_logit_scores"": {""YES"": 10.526809692382812, ""NO"": 9.32678508758545}, ""label_bias_scores"": {""YES"": 11.314534187316895, ""NO"": 9.21987533569336}, ""corrected_scores"": {""YES"": -0.787724494934082, ""NO"": 0.10690975189208984}, ""scoring_mode"": ""bias_corrected_choice_logits"", ""selected_short_label"": ""NO""}}, ""HEDGE"": {""feature_name"": ""HEDGE"", ""feature_key"": ""hedge_density"", ""self_selected_label"": ""NO"", ""self_valid_choice"": 1.0, ""self_correct"": 1.0, ""self_actual_present"": 0.0, ""self_selected_prob"": 0.7540104985237122, ""self_actual_feature_value"": 0.0, ""other_selected_label"": ""NO"", ""other_valid_choice"": 1.0, ""other_correct"": 1.0, ""other_actual_present"": 0.0, ""other_selected_prob"": 0.7317954301834106, ""other_actual_feature_value"": 0.0, ""actual_gap"": 0.0, ""predicted_gap"": 0.0, ""actual_gap_label"": ""TIE"", ""predicted_gap_label"": ""TIE"", ""gap_correct"": NaN, ""self_completion_text"": """", ""other_completion_text"": """", ""self_details"": {""raw_logit_scores"": {""YES"": 10.330633163452148, ""NO"": 9.356091499328613}, ""label_bias_scores"": {""YES"": 11.314534187316895, ""NO"": 9.21987533569336}, ""corrected_scores"": {""YES"": -0.9839010238647461, ""NO"": 0.1362161636352539}, ""scoring_mode"": ""bias_corrected_choice_logits"", ""selected_short_label"": ""NO""}, ""other_details"": {""raw_logit_scores"": {""YES"": 10.22785758972168, ""NO"": 9.13694953918457}, ""label_bias_scores"": {""YES"": 11.314534187316895, ""NO"": 9.21987533569336}, ""corrected_scores"": {""YES"": -1.0866765975952148, ""NO"": -0.08292579650878906}, ""scoring_mode"": ""bias_corrected_choice_logits"", ""selected_short_label"": ""NO""}}, ""FIRST_PERSON"": {""feature_name"": ""FIRST_PERSON"", ""feature_key"": ""first_person_rate"", ""self_selected_label"": ""NO"", ""self_valid_choice"": 1.0, ""self_correct"": 1.0, ""self_actual_present"": 0.0, ""self_selected_prob"": 0.7167397141456604, ""self_actual_feature_value"": 0.0, ""other_selected_label"": ""NO"", ""other_valid_choice"": 1.0, ""other_correct"": 1.0, ""other_actual_present"": 0.0, ""other_selected_prob"": 0.6961842775344849, ""other_actual_feature_value"": 0.0, ""actual_gap"": 0.0, ""predicted_gap"": 0.0, ""actual_gap_label"": ""TIE"", ""predicted_gap_label"": ""TIE"", ""gap_correct"": NaN, ""self_completion_text"": """", ""other_completion_text"": """", ""self_details"": {""raw_logit_scores"": {""YES"": 9.789459228515625, ""NO"": 8.623147010803223}, ""label_bias_scores"": {""YES"": 11.314534187316895, ""NO"": 9.21987533569336}, ""corrected_scores"": {""YES"": -1.5250749588012695, ""NO"": -0.5967283248901367}, ""scoring_mode"": ""bias_corrected_choice_logits"", ""selected_short_label"": ""NO""}, ""other_details"": {""raw_logit_scores"": {""YES"": 9.79703140258789, ""NO"": 8.53156566619873}, ""label_bias_scores"": {""YES"": 11.314534187316895, ""NO"": 9.21987533569336}, ""corrected_scores"": {""YES"": -1.517502784729004, ""NO"": -0.6883096694946289}, ""scoring_mode"": ""bias_corrected_choice_logits"", ""selected_short_label"": ""NO""}}, ""DIRECTIVE"": {""feature_name"": ""DIRECTIVE"", ""feature_key"": ""directive_rate"", ""self_selected_label"": ""NO"", ""self_valid_choice"": 1.0, ""self_correct"": 1.0, ""self_actual_present"": 0.0, ""self_selected_prob"": 0.7444838285446167, ""self_actual_feature_value"": 0.0, ""other_selected_label"": ""NO"", ""other_valid_choice"": 1.0, ""other_correct"": 1.0, ""other_actual_present"": 0.0, ""other_selected_prob"": 0.7422246932983398, ""other_actual_feature_value"": 0.0, ""actual_gap"": 0.0, ""predicted_gap"": 0.0, ""actual_gap_label"": ""TIE"", ""predicted_gap_label"": ""TIE"", ""gap_correct"": NaN, ""self_completion_text"": """", ""other_completion_text"": """", ""self_details"": {""raw_logit_scores"": {""YES"": 10.580754280090332, ""NO"": 9.555500984191895}, ""label_bias_scores"": {""YES"": 11.314534187316895, ""NO"": 9.21987533569336}, ""corrected_scores"": {""YES"": -0.7337799072265625, ""NO"": 0.33562564849853516}, ""scoring_mode"": ""bias_corrected_choice_logits"", ""selected_short_label"": ""NO""}, ""other_details"": {""raw_logit_scores"": {""YES"": 10.704055786132812, ""NO"": 9.666960716247559}, ""label_bias_scores"": {""YES"": 11.314534187316895, ""NO"": 9.21987533569336}, ""corrected_scores"": {""YES"": -0.610478401184082, ""NO"": 0.4470853805541992}, ""scoring_mode"": ""bias_corrected_choice_logits"", ""selected_short_label"": ""NO""}}}","{""avg_sentence_length"": 3.0, ""hedge_density"": 0.0, ""first_person_rate"": 0.0, ""directive_rate"": 0.0, ""rhetorical_question_rate"": 0.0, ""lexical_diversity"": 1.0, ""modal_verb_rate"": 0.0, ""punctuation_intensity"": 0.0, ""type_token_ratio"": 1.0, ""mtld"": 3.0}","{""avg_sentence_length"": 8.0, ""hedge_density"": 0.0, ""first_person_rate"": 0.0, ""directive_rate"": 0.0, ""rhetorical_question_rate"": 0.0, ""lexical_diversity"": 1.0, ""modal_verb_rate"": 0.0, ""punctuation_intensity"": 0.025, ""type_token_ratio"": 1.0, ""mtld"": 8.0}",Complete this assignment.,"Give a name to the process, describe it."
17,EleutherAI/pythia-1b,pythia,1b,baseline_helpful,same_weights_other_chat,the exact same model weights answering the same question in a different chat with no access to this conversation,med_07,diagnosis,Diagnose why a project meeting feels productive in the room but leaves everyone unclear about the next step.,0.5,1.0,0.0,1.0,0.0,0.5,2,0.0,"{""ELABORATE"": {""feature_name"": ""ELABORATE"", ""feature_key"": ""avg_sentence_length"", ""self_selected_label"": ""NO"", ""self_valid_choice"": 1.0, ""self_correct"": 0.0, ""self_actual_present"": 1.0, ""self_selected_prob"": 0.7244045734405518, ""self_actual_feature_value"": 16.0, ""other_selected_label"": ""NO"", ""other_valid_choice"": 1.0, ""other_correct"": 1.0, ""other_actual_present"": 0.0, ""other_selected_prob"": 0.7099296450614929, ""other_actual_feature_value"": 3.0, ""actual_gap"": 1.0, ""predicted_gap"": 0.0, ""actual_gap_label"": ""SELF"", ""predicted_gap_label"": ""OTHER"", ""gap_correct"": 0.0, ""self_completion_text"": """", ""other_completion_text"": ""You"", ""self_details"": {""raw_logit_scores"": {""YES"": 10.341034889221191, ""NO"": 9.212788581848145}, ""label_bias_scores"": {""YES"": 11.314532279968262, ""NO"": 9.219869613647461}, ""corrected_scores"": {""YES"": -0.9734973907470703, ""NO"": -0.007081031799316406}, ""scoring_mode"": ""bias_corrected_choice_logits"", ""selected_short_label"": ""NO""}, ""other_details"": {""raw_logit_scores"": {""YES"": 10.568503379821777, ""NO"": 9.36888313293457}, ""label_bias_scores"": {""YES"": 11.314532279968262, ""NO"": 9.219869613647461}, ""corrected_scores"": {""YES"": -0.7460289001464844, ""NO"": 0.14901351928710938}, ""scoring_mode"": ""bias_corrected_choice_logits"", ""selected_short_label"": ""NO""}}, ""HEDGE"": {""feature_name"": ""HEDGE"", ""feature_key"": ""hedge_density"", ""self_selected_label"": ""NO"", ""self_valid_choice"": 1.0, ""self_correct"": 1.0, ""self_actual_present"": 0.0, ""self_selected_prob"": 0.7603346705436707, ""self_actual_feature_value"": 0.0, ""other_selected_label"": ""NO"", ""other_valid_choice"": 1.0, ""other_correct"": 1.0, ""other_actual_present"": 0.0, ""other_selected_prob"": 0.7436352968215942, ""other_actual_feature_value"": 0.0, ""actual_gap"": 0.0, ""predicted_gap"": 0.0, ""actual_gap_label"": ""TIE"", ""predicted_gap_label"": ""TIE"", ""gap_correct"": NaN, ""self_completion_text"": """", ""other_completion_text"": """", ""self_details"": {""raw_logit_scores"": {""YES"": 10.168255805969238, ""NO"": 9.228108406066895}, ""label_bias_scores"": {""YES"": 11.314532279968262, ""NO"": 9.219869613647461}, ""corrected_scores"": {""YES"": -1.1462764739990234, ""NO"": 0.008238792419433594}, ""scoring_mode"": ""bias_corrected_choice_logits"", ""selected_short_label"": ""NO""}, ""other_details"": {""raw_logit_scores"": {""YES"": 10.25743293762207, ""NO"": 9.227720260620117}, ""label_bias_scores"": {""YES"": 11.314532279968262, ""NO"": 9.219869613647461}, ""corrected_scores"": {""YES"": -1.0570993423461914, ""NO"": 0.00785064697265625}, ""scoring_mode"": ""bias_corrected_choice_logits"", ""selected_short_label"": ""NO""}}, ""FIRST_PERSON"": {""feature_name"": ""FIRST_PERSON"", ""feature_key"": ""first_person_rate"", ""self_selected_label"": ""NO"", ""self_valid_choice"": 1.0, ""self_correct"": 1.0, ""self_actual_present"": 0.0, ""self_selected_prob"": 0.7301440834999084, ""self_actual_feature_value"": 0.0, ""other_selected_label"": ""NO"", ""other_valid_choice"": 1.0, ""other_correct"": 1.0, ""other_actual_present"": 0.0, ""other_selected_prob"": 0.717207670211792, ""other_actual_feature_value"": 0.0, ""actual_gap"": 0.0, ""predicted_gap"": 0.0, ""actual_gap_label"": ""TIE"", ""predicted_gap_label"": ""TIE"", ""gap_correct"": NaN, ""self_completion_text"": """", ""other_completion_text"": """", ""self_details"": {""raw_logit_scores"": {""YES"": 9.465255737304688, ""NO"": 8.365946769714355}, ""label_bias_scores"": {""YES"": 11.314532279968262, ""NO"": 9.219869613647461}, ""corrected_scores"": {""YES"": -1.8492765426635742, ""NO"": -0.8539228439331055}, ""scoring_mode"": ""bias_corrected_choice_logits"", ""selected_short_label"": ""NO""}, ""other_details"": {""raw_logit_scores"": {""YES"": 9.734886169433594, ""NO"": 8.570876121520996}, ""label_bias_scores"": {""YES"": 11.314532279968262, ""NO"": 9.219869613647461}, ""corrected_scores"": {""YES"": -1.579646110534668, ""NO"": -0.6489934921264648}, ""scoring_mode"": ""bias_corrected_choice_logits"", ""selected_short_label"": ""NO""}}, ""DIRECTIVE"": {""feature_name"": ""DIRECTIVE"", ""feature_key"": ""directive_rate"", ""self_selected_label"": ""NO"", ""self_valid_choice"": 1.0, ""self_correct"": 0.0, ""self_actual_present"": 1.0, ""self_selected_prob"": 0.7423837780952454, ""self_actual_feature_value"": 0.0625, ""other_selected_label"": ""NO"", ""other_valid_choice"": 1.0, ""other_correct"": 1.0, ""other_actual_present"": 0.0, ""other_selected_prob"": 0.7401397228240967, ""other_actual_feature_value"": 0.0, ""actual_gap"": 1.0, ""predicted_gap"": 0.0, ""actual_gap_label"": ""SELF"", ""predicted_gap_label"": ""OTHER"", ""gap_correct"": 0.0, ""self_completion_text"": """", ""other_completion_text"": """", ""self_details"": {""raw_logit_scores"": {""YES"": 10.342569351196289, ""NO"": 9.306302070617676}, ""label_bias_scores"": {""YES"": 11.314532279968262, ""NO"": 9.219869613647461}, ""corrected_scores"": {""YES"": -0.9719629287719727, ""NO"": 0.08643245697021484}, ""scoring_mode"": ""bias_corrected_choice_logits"", ""selected_short_label"": ""NO""}, ""other_details"": {""raw_logit_scores"": {""YES"": 10.644579887390137, ""NO"": 9.596611976623535}, ""label_bias_scores"": {""YES"": 11.314532279968262, ""NO"": 9.219869613647461}, ""corrected_scores"": {""YES"": -0.669952392578125, ""NO"": 0.3767423629760742}, ""scoring_mode"": ""bias_corrected_choice_logits"", ""selected_short_label"": ""NO""}}}","{""avg_sentence_length"": 16.0, ""hedge_density"": 0.0, ""first_person_rate"": 0.0, ""directive_rate"": 0.0625, ""rhetorical_question_rate"": 0.0, ""lexical_diversity"": 0.9375, ""modal_verb_rate"": 0.0, ""punctuation_intensity"": 0.0, ""type_token_ratio"": 0.9375, ""mtld"": 16.0}","{""avg_sentence_length"": 3.0, ""hedge_density"": 0.0, ""first_person_rate"": 0.0, ""directive_rate"": 0.0, ""rhetorical_question_rate"": 0.0, ""lexical_diversity"": 1.0, ""modal_verb_rate"": 0.0, ""punctuation_intensity"": 0.0, ""type_token_ratio"": 1.0, ""mtld"": 3.0}",Be sure to focus on the right team members and tell everyone exactly what to do.,Give a name.
17,EleutherAI/pythia-1b,pythia,1b,baseline_helpful,same_weights_other_chat,the exact same model weights answering the same question in a different chat with no access to this conversation,med_08,diagnosis,Diagnose why a paragraph sounds intelligent but still fails to tell the reader what claim matters most.,0.75,1.0,0.0,1.0,0.0,0.25,1,0.0,"{""ELABORATE"": {""feature_name"": ""ELABORATE"", ""feature_key"": ""avg_sentence_length"", ""self_selected_label"": ""NO"", ""self_valid_choice"": 1.0, ""self_correct"": 0.0, ""self_actual_present"": 1.0, ""self_selected_prob"": 0.7489833831787109, ""self_actual_feature_value"": 15.8, ""other_selected_label"": ""NO"", ""other_valid_choice"": 1.0, ""other_correct"": 1.0, ""other_actual_present"": 0.0, ""other_selected_prob"": 0.7428684234619141, ""other_actual_feature_value"": 8.0, ""actual_gap"": 1.0, ""predicted_gap"": 0.0, ""actual_gap_label"": ""SELF"", ""predicted_gap_label"": ""OTHER"", ""gap_correct"": 0.0, ""self_completion_text"": """", ""other_completion_text"": """", ""self_details"": {""raw_logit_scores"": {""YES"": 10.27157974243164, ""NO"": 9.270118713378906}, ""label_bias_scores"": {""YES"": 11.314534187316895, ""NO"": 9.21987533569336}, ""corrected_scores"": {""YES"": -1.042954444885254, ""NO"": 0.050243377685546875}, ""scoring_mode"": ""bias_corrected_choice_logits"", ""selected_short_label"": ""NO""}, ""other_details"": {""raw_logit_scores"": {""YES"": 10.437369346618652, ""NO"": 9.403641700744629}, ""label_bias_scores"": {""YES"": 11.314534187316895, ""NO"": 9.21987533569336}, ""corrected_scores"": {""YES"": -0.8771648406982422, ""NO"": 0.18376636505126953}, ""scoring_mode"": ""bias_corrected_choice_logits"", ""selected_short_label"": ""NO""}}, ""HEDGE"": {""feature_name"": ""HEDGE"", ""feature_key"": ""hedge_density"", ""self_selected_label"": ""NO"", ""self_valid_choice"": 1.0, ""self_correct"": 1.0, ""self_actual_present"": 0.0, ""self_selected_prob"": 0.7728078961372375, ""self_actual_feature_value"": 0.0, ""other_selected_label"": ""NO"", ""other_valid_choice"": 1.0, ""other_correct"": 1.0, ""other_actual_present"": 0.0, ""other_selected_prob"": 0.761562705039978, ""other_actual_feature_value"": 0.0, ""actual_gap"": 0.0, ""predicted_gap"": 0.0, ""actual_gap_label"": ""TIE"", ""predicted_gap_label"": ""TIE"", ""gap_correct"": NaN, ""self_completion_text"": """", ""other_completion_text"": """", ""self_details"": {""raw_logit_scores"": {""YES"": 10.122769355773926, ""NO"": 9.252345085144043}, ""label_bias_scores"": {""YES"": 11.314534187316895, ""NO"": 9.21987533569336}, ""corrected_scores"": {""YES"": -1.1917648315429688, ""NO"": 0.032469749450683594}, ""scoring_mode"": ""bias_corrected_choice_logits"", ""selected_short_label"": ""NO""}, ""other_details"": {""raw_logit_scores"": {""YES"": 10.2401762008667, ""NO"": 9.306783676147461}, ""label_bias_scores"": {""YES"": 11.314534187316895, ""NO"": 9.21987533569336}, ""corrected_scores"": {""YES"": -1.0743579864501953, ""NO"": 0.08690834045410156}, ""scoring_mode"": ""bias_corrected_choice_logits"", ""selected_short_label"": ""NO""}}, ""FIRST_PERSON"": {""feature_name"": ""FIRST_PERSON"", ""feature_key"": ""first_person_rate"", ""self_selected_label"": ""NO"", ""self_valid_choice"": 1.0, ""self_correct"": 1.0, ""self_actual_present"": 0.0, ""self_selected_prob"": 0.7551311254501343, ""self_actual_feature_value"": 0.0, ""other_selected_label"": ""NO"", ""other_valid_choice"": 1.0, ""other_correct"": 1.0, ""other_actual_present"": 0.0, ""other_selected_prob"": 0.7443518042564392, ""other_actual_feature_value"": 0.0, ""actual_gap"": 0.0, ""predicted_gap"": 0.0, ""actual_gap_label"": ""TIE"", ""predicted_gap_label"": ""TIE"", ""gap_correct"": NaN, ""self_completion_text"": """", ""other_completion_text"": """", ""self_details"": {""raw_logit_scores"": {""YES"": 9.614025115966797, ""NO"": 8.64553451538086}, ""label_bias_scores"": {""YES"": 11.314534187316895, ""NO"": 9.21987533569336}, ""corrected_scores"": {""YES"": -1.7005090713500977, ""NO"": -0.5743408203125}, ""scoring_mode"": ""bias_corrected_choice_logits"", ""selected_short_label"": ""NO""}, ""other_details"": {""raw_logit_scores"": {""YES"": 9.826135635375977, ""NO"": 8.800188064575195}, ""label_bias_scores"": {""YES"": 11.314534187316895, ""NO"": 9.21987533569336}, ""corrected_scores"": {""YES"": -1.488398551940918, ""NO"": -0.41968727111816406}, ""scoring_mode"": ""bias_corrected_choice_logits"", ""selected_short_label"": ""NO""}}, ""DIRECTIVE"": {""feature_name"": ""DIRECTIVE"", ""feature_key"": ""directive_rate"", ""self_selected_label"": ""NO"", ""self_valid_choice"": 1.0, ""self_correct"": 1.0, ""self_actual_present"": 0.0, ""self_selected_prob"": 0.7674388885498047, ""self_actual_feature_value"": 0.0, ""other_selected_label"": ""NO"", ""other_valid_choice"": 1.0, ""other_correct"": 1.0, ""other_actual_present"": 0.0, ""other_selected_prob"": 0.7732153534889221, ""other_actual_feature_value"": 0.0, ""actual_gap"": 0.0, ""predicted_gap"": 0.0, ""actual_gap_label"": ""TIE"", ""predicted_gap_label"": ""TIE"", ""gap_correct"": NaN, ""self_completion_text"": """", ""other_completion_text"": """", ""self_details"": {""raw_logit_scores"": {""YES"": 10.280982971191406, ""NO"": 9.380229949951172}, ""label_bias_scores"": {""YES"": 11.314534187316895, ""NO"": 9.21987533569336}, ""corrected_scores"": {""YES"": -1.0335512161254883, ""NO"": 0.1603546142578125}, ""scoring_mode"": ""bias_corrected_choice_logits"", ""selected_short_label"": ""NO""}, ""other_details"": {""raw_logit_scores"": {""YES"": 10.610316276550293, ""NO"": 9.74221420288086}, ""label_bias_scores"": {""YES"": 11.314534187316895, ""NO"": 9.21987533569336}, ""corrected_scores"": {""YES"": -0.7042179107666016, ""NO"": 0.5223388671875}, ""scoring_mode"": ""bias_corrected_choice_logits"", ""selected_short_label"": ""NO""}}}","{""avg_sentence_length"": 15.8, ""hedge_density"": 0.0, ""first_person_rate"": 0.0, ""directive_rate"": 0.0, ""rhetorical_question_rate"": 0.2, ""lexical_diversity"": 0.4430379746835443, ""modal_verb_rate"": 0.0, ""punctuation_intensity"": 0.011494252873563218, ""type_token_ratio"": 0.4430379746835443, ""mtld"": 1.48125}","{""avg_sentence_length"": 8.0, ""hedge_density"": 0.0, ""first_person_rate"": 0.0, ""directive_rate"": 0.0, ""rhetorical_question_rate"": 0.0, ""lexical_diversity"": 0.75, ""modal_verb_rate"": 0.0, ""punctuation_intensity"": 0.023255813953488372, ""type_token_ratio"": 0.75, ""mtld"": 3.0}","Diagnose the most important claim in the paragraph and tell the reader what claim matters most.

So what is the difference between a good paragraph and a bad one?

A good paragraph is one that is well written, makes an important point, and makes the reader want to read the next paragraph.

A bad paragraph is one that is poorly written, makes an important point, and makes the reader want to skip the next paragraph.

There is no such","Give a paragraph a paragraph break, or two."
17,EleutherAI/pythia-1b,pythia,1b,baseline_helpful,same_weights_other_chat,the exact same model weights answering the same question in a different chat with no access to this conversation,med_09,comparison,Compare field notes and retrospective summaries as records of what actually happened during a research visit.,0.75,0.25,1.0,1.0,0.0,0.5,2,1.0,"{""ELABORATE"": {""feature_name"": ""ELABORATE"", ""feature_key"": ""avg_sentence_length"", ""self_selected_label"": ""NO"", ""self_valid_choice"": 1.0, ""self_correct"": 1.0, ""self_actual_present"": 0.0, ""self_selected_prob"": 0.6911532282829285, ""self_actual_feature_value"": 8.5, ""other_selected_label"": ""NO"", ""other_valid_choice"": 1.0, ""other_correct"": 0.0, ""other_actual_present"": 1.0, ""other_selected_prob"": 0.6773493885993958, ""other_actual_feature_value"": 14.8, ""actual_gap"": 1.0, ""predicted_gap"": 0.0, ""actual_gap_label"": ""OTHER"", ""predicted_gap_label"": ""OTHER"", ""gap_correct"": 1.0, ""self_completion_text"": """", ""other_completion_text"": """", ""self_details"": {""raw_logit_scores"": {""YES"": 10.063092231750488, ""NO"": 8.773951530456543}, ""label_bias_scores"": {""YES"": 11.314531326293945, ""NO"": 9.219874382019043}, ""corrected_scores"": {""YES"": -1.251439094543457, ""NO"": -0.4459228515625}, ""scoring_mode"": ""bias_corrected_choice_logits"", ""selected_short_label"": ""NO""}, ""other_details"": {""raw_logit_scores"": {""YES"": 10.290109634399414, ""NO"": 8.9370698928833}, ""label_bias_scores"": {""YES"": 11.314531326293945, ""NO"": 9.219874382019043}, ""corrected_scores"": {""YES"": -1.0244216918945312, ""NO"": -0.2828044891357422}, ""scoring_mode"": ""bias_corrected_choice_logits"", ""selected_short_label"": ""NO""}}, ""HEDGE"": {""feature_name"": ""HEDGE"", ""feature_key"": ""hedge_density"", ""self_selected_label"": ""NO"", ""self_valid_choice"": 1.0, ""self_correct"": 0.0, ""self_actual_present"": 1.0, ""self_selected_prob"": 0.7329170107841492, ""self_actual_feature_value"": 0.058823529411764705, ""other_selected_label"": ""NO"", ""other_valid_choice"": 1.0, ""other_correct"": 0.0, ""other_actual_present"": 1.0, ""other_selected_prob"": 0.71761155128479, ""other_actual_feature_value"": 0.02702702702702703, ""actual_gap"": 0.0, ""predicted_gap"": 0.0, ""actual_gap_label"": ""TIE"", ""predicted_gap_label"": ""TIE"", ""gap_correct"": NaN, ""self_completion_text"": """", ""other_completion_text"": """", ""self_details"": {""raw_logit_scores"": {""YES"": 9.850221633911133, ""NO"": 8.765037536621094}, ""label_bias_scores"": {""YES"": 11.314531326293945, ""NO"": 9.219874382019043}, ""corrected_scores"": {""YES"": -1.4643096923828125, ""NO"": -0.4548368453979492}, ""scoring_mode"": ""bias_corrected_choice_logits"", ""selected_short_label"": ""NO""}, ""other_details"": {""raw_logit_scores"": {""YES"": 10.019357681274414, ""NO"": 8.857345581054688}, ""label_bias_scores"": {""YES"": 11.314531326293945, ""NO"": 9.219874382019043}, ""corrected_scores"": {""YES"": -1.2951736450195312, ""NO"": -0.36252880096435547}, ""scoring_mode"": ""bias_corrected_choice_logits"", ""selected_short_label"": ""NO""}}, ""FIRST_PERSON"": {""feature_name"": ""FIRST_PERSON"", ""feature_key"": ""first_person_rate"", ""self_selected_label"": ""NO"", ""self_valid_choice"": 1.0, ""self_correct"": 1.0, ""self_actual_present"": 0.0, ""self_selected_prob"": 0.7051423788070679, ""self_actual_feature_value"": 0.0, ""other_selected_label"": ""NO"", ""other_valid_choice"": 1.0, ""other_correct"": 1.0, ""other_actual_present"": 0.0, ""other_selected_prob"": 0.6929633021354675, ""other_actual_feature_value"": 0.0, ""actual_gap"": 0.0, ""predicted_gap"": 0.0, ""actual_gap_label"": ""TIE"", ""predicted_gap_label"": ""TIE"", ""gap_correct"": NaN, ""self_completion_text"": """", ""other_completion_text"": """", ""self_details"": {""raw_logit_scores"": {""YES"": 9.25827693939209, ""NO"": 8.035527229309082}, ""label_bias_scores"": {""YES"": 11.314531326293945, ""NO"": 9.219874382019043}, ""corrected_scores"": {""YES"": -2.0562543869018555, ""NO"": -1.184347152709961}, ""scoring_mode"": ""bias_corrected_choice_logits"", ""selected_short_label"": ""NO""}, ""other_details"": {""raw_logit_scores"": {""YES"": 9.577569007873535, ""NO"": 8.296921730041504}, ""label_bias_scores"": {""YES"": 11.314531326293945, ""NO"": 9.219874382019043}, ""corrected_scores"": {""YES"": -1.7369623184204102, ""NO"": -0.9229526519775391}, ""scoring_mode"": ""bias_corrected_choice_logits"", ""selected_short_label"": ""NO""}}, ""DIRECTIVE"": {""feature_name"": ""DIRECTIVE"", ""feature_key"": ""directive_rate"", ""self_selected_label"": ""NO"", ""self_valid_choice"": 1.0, ""self_correct"": 1.0, ""self_actual_present"": 0.0, ""self_selected_prob"": 0.7144317626953125, ""self_actual_feature_value"": 0.0, ""other_selected_label"": ""NO"", ""other_valid_choice"": 1.0, ""other_correct"": 0.0, ""other_actual_present"": 1.0, ""other_selected_prob"": 0.72071373462677, ""other_actual_feature_value"": 0.013513513513513514, ""actual_gap"": 1.0, ""predicted_gap"": 0.0, ""actual_gap_label"": ""OTHER"", ""predicted_gap_label"": ""OTHER"", ""gap_correct"": 1.0, ""self_completion_text"": """", ""other_completion_text"": """", ""self_details"": {""raw_logit_scores"": {""YES"": 10.15415096282959, ""NO"": 8.976500511169434}, ""label_bias_scores"": {""YES"": 11.314531326293945, ""NO"": 9.219874382019043}, ""corrected_scores"": {""YES"": -1.1603803634643555, ""NO"": -0.24337387084960938}, ""scoring_mode"": ""bias_corrected_choice_logits"", ""selected_short_label"": ""NO""}, ""other_details"": {""raw_logit_scores"": {""YES"": 10.531558990478516, ""NO"": 9.384906768798828}, ""label_bias_scores"": {""YES"": 11.314531326293945, ""NO"": 9.219874382019043}, ""corrected_scores"": {""YES"": -0.7829723358154297, ""NO"": 0.16503238677978516}, ""scoring_mode"": ""bias_corrected_choice_logits"", ""selected_short_label"": ""NO""}}}","{""avg_sentence_length"": 8.5, ""hedge_density"": 0.058823529411764705, ""first_person_rate"": 0.0, ""directive_rate"": 0.0, ""rhetorical_question_rate"": 0.0, ""lexical_diversity"": 0.7647058823529411, ""modal_verb_rate"": 0.0, ""punctuation_intensity"": 0.02127659574468085, ""type_token_ratio"": 0.7647058823529411, ""mtld"": 17.0}","{""avg_sentence_length"": 14.8, ""hedge_density"": 0.02702702702702703, ""first_person_rate"": 0.0, ""directive_rate"": 0.013513513513513514, ""rhetorical_question_rate"": 0.0, ""lexical_diversity"": 0.6621621621621622, ""modal_verb_rate"": 0.013513513513513514, ""punctuation_intensity"": 0.012135922330097087, ""type_token_ratio"": 0.6621621621621622, ""mtld"": 4.111111111111111}","Be helpful, but not too helpful. Answer and direct questions from the user, but not too often.","Give a name, tell a story, and explain what you found.

The Assistants are often your colleagues, students, and superiors.

The Assistant is also a person who spends time with you to make sure that your research stays on track and you are not in over your head.

You may have a couple of the following characteristics in common with the Assistant:

You have a passion for your research.

You care about what your"
17,EleutherAI/pythia-1b,pythia,1b,baseline_helpful,same_weights_other_chat,the exact same model weights answering the same question in a different chat with no access to this conversation,med_10,comparison,Compare an internal checklist and a polished postmortem as tools for preventing the same operational mistake twice.,0.5,0.5,0.5,1.0,0.0,0.5,2,0.0,"{""ELABORATE"": {""feature_name"": ""ELABORATE"", ""feature_key"": ""avg_sentence_length"", ""self_selected_label"": ""NO"", ""self_valid_choice"": 1.0, ""self_correct"": 1.0, ""self_actual_present"": 0.0, ""self_selected_prob"": 0.7106516361236572, ""self_actual_feature_value"": 8.75, ""other_selected_label"": ""NO"", ""other_valid_choice"": 1.0, ""other_correct"": 0.0, ""other_actual_present"": 1.0, ""other_selected_prob"": 0.7116023898124695, ""other_actual_feature_value"": 13.0, ""actual_gap"": 1.0, ""predicted_gap"": 0.0, ""actual_gap_label"": ""OTHER"", ""predicted_gap_label"": ""OTHER"", ""gap_correct"": 1.0, ""self_completion_text"": """", ""other_completion_text"": """", ""self_details"": {""raw_logit_scores"": {""YES"": 9.50393009185791, ""NO"": 8.307822227478027}, ""label_bias_scores"": {""YES"": 11.314534187316895, ""NO"": 9.21987533569336}, ""corrected_scores"": {""YES"": -1.8106040954589844, ""NO"": -0.912053108215332}, ""scoring_mode"": ""bias_corrected_choice_logits"", ""selected_short_label"": ""NO""}, ""other_details"": {""raw_logit_scores"": {""YES"": 9.587464332580566, ""NO"": 8.395984649658203}, ""label_bias_scores"": {""YES"": 11.314534187316895, ""NO"": 9.21987533569336}, ""corrected_scores"": {""YES"": -1.7270698547363281, ""NO"": -0.8238906860351562}, ""scoring_mode"": ""bias_corrected_choice_logits"", ""selected_short_label"": ""NO""}}, ""HEDGE"": {""feature_name"": ""HEDGE"", ""feature_key"": ""hedge_density"", ""self_selected_label"": ""NO"", ""self_valid_choice"": 1.0, ""self_correct"": 1.0, ""self_actual_present"": 0.0, ""self_selected_prob"": 0.7407527565956116, ""self_actual_feature_value"": 0.0, ""other_selected_label"": ""NO"", ""other_valid_choice"": 1.0, ""other_correct"": 1.0, ""other_actual_present"": 0.0, ""other_selected_prob"": 0.7367782592773438, ""other_actual_feature_value"": 0.0, ""actual_gap"": 0.0, ""predicted_gap"": 0.0, ""actual_gap_label"": ""TIE"", ""predicted_gap_label"": ""TIE"", ""gap_correct"": NaN, ""self_completion_text"": """", ""other_completion_text"": """", ""self_details"": {""raw_logit_scores"": {""YES"": 9.385525703430176, ""NO"": 8.340751647949219}, ""label_bias_scores"": {""YES"": 11.314534187316895, ""NO"": 9.21987533569336}, ""corrected_scores"": {""YES"": -1.9290084838867188, ""NO"": -0.8791236877441406}, ""scoring_mode"": ""bias_corrected_choice_logits"", ""selected_short_label"": ""NO""}, ""other_details"": {""raw_logit_scores"": {""YES"": 9.474855422973633, ""NO"": 8.409486770629883}, ""label_bias_scores"": {""YES"": 11.314534187316895, ""NO"": 9.21987533569336}, ""corrected_scores"": {""YES"": -1.8396787643432617, ""NO"": -0.8103885650634766}, ""scoring_mode"": ""bias_corrected_choice_logits"", ""selected_short_label"": ""NO""}}, ""FIRST_PERSON"": {""feature_name"": ""FIRST_PERSON"", ""feature_key"": ""first_person_rate"", ""self_selected_label"": ""NO"", ""self_valid_choice"": 1.0, ""self_correct"": 0.0, ""self_actual_present"": 1.0, ""self_selected_prob"": 0.7305664420127869, ""self_actual_feature_value"": 0.04285714285714286, ""other_selected_label"": ""NO"", ""other_valid_choice"": 1.0, ""other_correct"": 1.0, ""other_actual_present"": 0.0, ""other_selected_prob"": 0.7276137471199036, ""other_actual_feature_value"": 0.0, ""actual_gap"": 1.0, ""predicted_gap"": 0.0, ""actual_gap_label"": ""SELF"", ""predicted_gap_label"": ""OTHER"", ""gap_correct"": 0.0, ""self_completion_text"": """", ""other_completion_text"": """", ""self_details"": {""raw_logit_scores"": {""YES"": 8.780159950256348, ""NO"": 7.682999610900879}, ""label_bias_scores"": {""YES"": 11.314534187316895, ""NO"": 9.21987533569336}, ""corrected_scores"": {""YES"": -2.534374237060547, ""NO"": -1.5368757247924805}, ""scoring_mode"": ""bias_corrected_choice_logits"", ""selected_short_label"": ""NO""}, ""other_details"": {""raw_logit_scores"": {""YES"": 8.96980094909668, ""NO"": 7.857691287994385}, ""label_bias_scores"": {""YES"": 11.314534187316895, ""NO"": 9.21987533569336}, ""corrected_scores"": {""YES"": -2.344733238220215, ""NO"": -1.3621840476989746}, ""scoring_mode"": ""bias_corrected_choice_logits"", ""selected_short_label"": ""NO""}}, ""DIRECTIVE"": {""feature_name"": ""DIRECTIVE"", ""feature_key"": ""directive_rate"", ""self_selected_label"": ""NO"", ""self_valid_choice"": 1.0, ""self_correct"": 0.0, ""self_actual_present"": 1.0, ""self_selected_prob"": 0.7191529273986816, ""self_actual_feature_value"": 0.014285714285714285, ""other_selected_label"": ""NO"", ""other_valid_choice"": 1.0, ""other_correct"": 0.0, ""other_actual_present"": 1.0, ""other_selected_prob"": 0.7277650237083435, ""other_actual_feature_value"": 0.07692307692307693, ""actual_gap"": 0.0, ""predicted_gap"": 0.0, ""actual_gap_label"": ""TIE"", ""predicted_gap_label"": ""TIE"", ""gap_correct"": NaN, ""self_completion_text"": """", ""other_completion_text"": """", ""self_details"": {""raw_logit_scores"": {""YES"": 9.655750274658203, ""NO"": 8.501355171203613}, ""label_bias_scores"": {""YES"": 11.314534187316895, ""NO"": 9.21987533569336}, ""corrected_scores"": {""YES"": -1.6587839126586914, ""NO"": -0.7185201644897461}, ""scoring_mode"": ""bias_corrected_choice_logits"", ""selected_short_label"": ""NO""}, ""other_details"": {""raw_logit_scores"": {""YES"": 9.877923965454102, ""NO"": 8.76657772064209}, ""label_bias_scores"": {""YES"": 11.314534187316895, ""NO"": 9.21987533569336}, ""corrected_scores"": {""YES"": -1.436610221862793, ""NO"": -0.45329761505126953}, ""scoring_mode"": ""bias_corrected_choice_logits"", ""selected_short_label"": ""NO""}}}","{""avg_sentence_length"": 8.75, ""hedge_density"": 0.0, ""first_person_rate"": 0.04285714285714286, ""directive_rate"": 0.014285714285714285, ""rhetorical_question_rate"": 0.125, ""lexical_diversity"": 0.6428571428571429, ""modal_verb_rate"": 0.0, ""punctuation_intensity"": 0.007853403141361256, ""type_token_ratio"": 0.6428571428571429, ""mtld"": 1.2507906388361798}","{""avg_sentence_length"": 13.0, ""hedge_density"": 0.0, ""first_person_rate"": 0.0, ""directive_rate"": 0.07692307692307693, ""rhetorical_question_rate"": 0.0, ""lexical_diversity"": 0.9230769230769231, ""modal_verb_rate"": 0.0, ""punctuation_intensity"": 0.028985507246376812, ""type_token_ratio"": 0.9230769230769231, ""mtld"": 13.0}","Be a good assistant.

Other: Be honest. Be honest. Be honest.

So what are the guidelines for a good postmortem? Here’s a checklist I’ve written for myself for when I’ve been tempted to make the same operational mistake more than once in the past:

1. Write down the main points that were raised in the postmortem
2. List the main points in the order of importance to the readers
3.","Give a name to the process, list the steps, and clearly explain them."
17,EleutherAI/pythia-1b,pythia,1b,baseline_helpful,same_weights_other_chat,the exact same model weights answering the same question in a different chat with no access to this conversation,med_11,planning,Sketch a short plan for turning a pile of scattered observations into a usable incident timeline.,1.0,1.0,,1.0,0.0,0.0,0,0.0,"{""ELABORATE"": {""feature_name"": ""ELABORATE"", ""feature_key"": ""avg_sentence_length"", ""self_selected_label"": ""NO"", ""self_valid_choice"": 1.0, ""self_correct"": 1.0, ""self_actual_present"": 0.0, ""self_selected_prob"": 0.7525899410247803, ""self_actual_feature_value"": 8.0, ""other_selected_label"": ""NO"", ""other_valid_choice"": 1.0, ""other_correct"": 1.0, ""other_actual_present"": 0.0, ""other_selected_prob"": 0.7488023042678833, ""other_actual_feature_value"": 8.0, ""actual_gap"": 0.0, ""predicted_gap"": 0.0, ""actual_gap_label"": ""TIE"", ""predicted_gap_label"": ""TIE"", ""gap_correct"": NaN, ""self_completion_text"": """", ""other_completion_text"": """", ""self_details"": {""raw_logit_scores"": {""YES"": 10.45527458190918, ""NO"": 9.473091125488281}, ""label_bias_scores"": {""YES"": 11.314531326293945, ""NO"": 9.219874382019043}, ""corrected_scores"": {""YES"": -0.8592567443847656, ""NO"": 0.2532167434692383}, ""scoring_mode"": ""bias_corrected_choice_logits"", ""selected_short_label"": ""NO""}, ""other_details"": {""raw_logit_scores"": {""YES"": 10.546695709228516, ""NO"": 9.544273376464844}, ""label_bias_scores"": {""YES"": 11.314531326293945, ""NO"": 9.219874382019043}, ""corrected_scores"": {""YES"": -0.7678356170654297, ""NO"": 0.3243989944458008}, ""scoring_mode"": ""bias_corrected_choice_logits"", ""selected_short_label"": ""NO""}}, ""HEDGE"": {""feature_name"": ""HEDGE"", ""feature_key"": ""hedge_density"", ""self_selected_label"": ""NO"", ""self_valid_choice"": 1.0, ""self_correct"": 1.0, ""self_actual_present"": 0.0, ""self_selected_prob"": 0.7819891571998596, ""self_actual_feature_value"": 0.0, ""other_selected_label"": ""NO"", ""other_valid_choice"": 1.0, ""other_correct"": 1.0, ""other_actual_present"": 0.0, ""other_selected_prob"": 0.7762174606323242, ""other_actual_feature_value"": 0.0, ""actual_gap"": 0.0, ""predicted_gap"": 0.0, ""actual_gap_label"": ""TIE"", ""predicted_gap_label"": ""TIE"", ""gap_correct"": NaN, ""self_completion_text"": """", ""other_completion_text"": """", ""self_details"": {""raw_logit_scores"": {""YES"": 10.323830604553223, ""NO"": 9.5064697265625}, ""label_bias_scores"": {""YES"": 11.314531326293945, ""NO"": 9.219874382019043}, ""corrected_scores"": {""YES"": -0.9907007217407227, ""NO"": 0.28659534454345703}, ""scoring_mode"": ""bias_corrected_choice_logits"", ""selected_short_label"": ""NO""}, ""other_details"": {""raw_logit_scores"": {""YES"": 10.358508110046387, ""NO"": 9.507609367370605}, ""label_bias_scores"": {""YES"": 11.314531326293945, ""NO"": 9.219874382019043}, ""corrected_scores"": {""YES"": -0.9560232162475586, ""NO"": 0.2877349853515625}, ""scoring_mode"": ""bias_corrected_choice_logits"", ""selected_short_label"": ""NO""}}, ""FIRST_PERSON"": {""feature_name"": ""FIRST_PERSON"", ""feature_key"": ""first_person_rate"", ""self_selected_label"": ""NO"", ""self_valid_choice"": 1.0, ""self_correct"": 1.0, ""self_actual_present"": 0.0, ""self_selected_prob"": 0.7487857937812805, ""self_actual_feature_value"": 0.0, ""other_selected_label"": ""NO"", ""other_valid_choice"": 1.0, ""other_correct"": 1.0, ""other_actual_present"": 0.0, ""other_selected_prob"": 0.7446208000183105, ""other_actual_feature_value"": 0.0, ""actual_gap"": 0.0, ""predicted_gap"": 0.0, ""actual_gap_label"": ""TIE"", ""predicted_gap_label"": ""TIE"", ""gap_correct"": NaN, ""self_completion_text"": """", ""other_completion_text"": """", ""self_details"": {""raw_logit_scores"": {""YES"": 9.820862770080566, ""NO"": 8.818352699279785}, ""label_bias_scores"": {""YES"": 11.314531326293945, ""NO"": 9.219874382019043}, ""corrected_scores"": {""YES"": -1.493668556213379, ""NO"": -0.4015216827392578}, ""scoring_mode"": ""bias_corrected_choice_logits"", ""selected_short_label"": ""NO""}, ""other_details"": {""raw_logit_scores"": {""YES"": 9.972594261169434, ""NO"": 8.948062896728516}, ""label_bias_scores"": {""YES"": 11.314531326293945, ""NO"": 9.219874382019043}, ""corrected_scores"": {""YES"": -1.3419370651245117, ""NO"": -0.27181148529052734}, ""scoring_mode"": ""bias_corrected_choice_logits"", ""selected_short_label"": ""NO""}}, ""DIRECTIVE"": {""feature_name"": ""DIRECTIVE"", ""feature_key"": ""directive_rate"", ""self_selected_label"": ""NO"", ""self_valid_choice"": 1.0, ""self_correct"": 1.0, ""self_actual_present"": 0.0, ""self_selected_prob"": 0.7554402351379395, ""self_actual_feature_value"": 0.0, ""other_selected_label"": ""NO"", ""other_valid_choice"": 1.0, ""other_correct"": 1.0, ""other_actual_present"": 0.0, ""other_selected_prob"": 0.7736343145370483, ""other_actual_feature_value"": 0.0, ""actual_gap"": 0.0, ""predicted_gap"": 0.0, ""actual_gap_label"": ""TIE"", ""predicted_gap_label"": ""TIE"", ""gap_correct"": NaN, ""self_completion_text"": """", ""other_completion_text"": """", ""self_details"": {""raw_logit_scores"": {""YES"": 10.474720001220703, ""NO"": 9.507904052734375}, ""label_bias_scores"": {""YES"": 11.314531326293945, ""NO"": 9.219874382019043}, ""corrected_scores"": {""YES"": -0.8398113250732422, ""NO"": 0.28802967071533203}, ""scoring_mode"": ""bias_corrected_choice_logits"", ""selected_short_label"": ""NO""}, ""other_details"": {""raw_logit_scores"": {""YES"": 10.715079307556152, ""NO"": 9.849370002746582}, ""label_bias_scores"": {""YES"": 11.314531326293945, ""NO"": 9.219874382019043}, ""corrected_scores"": {""YES"": -0.599452018737793, ""NO"": 0.6294956207275391}, ""scoring_mode"": ""bias_corrected_choice_logits"", ""selected_short_label"": ""NO""}}}","{""avg_sentence_length"": 8.0, ""hedge_density"": 0.0, ""first_person_rate"": 0.0, ""directive_rate"": 0.0, ""rhetorical_question_rate"": 0.0, ""lexical_diversity"": 1.0, ""modal_verb_rate"": 0.0, ""punctuation_intensity"": 0.0, ""type_token_ratio"": 1.0, ""mtld"": 8.0}","{""avg_sentence_length"": 8.0, ""hedge_density"": 0.0, ""first_person_rate"": 0.0, ""directive_rate"": 0.0, ""rhetorical_question_rate"": 0.0, ""lexical_diversity"": 1.0, ""modal_verb_rate"": 0.0, ""punctuation_intensity"": 0.025, ""type_token_ratio"": 1.0, ""mtld"": 8.0}",Be sure to focus on the interesting parts.,"Give a name to the process, describe it."
17,EleutherAI/pythia-1b,pythia,1b,baseline_helpful,same_weights_other_chat,the exact same model weights answering the same question in a different chat with no access to this conversation,med_12,planning,Sketch a short plan for helping a student narrow a thesis topic without draining all of the curiosity out of it.,0.25,0.5,0.0,1.0,0.0,0.25,1,0.0,"{""ELABORATE"": {""feature_name"": ""ELABORATE"", ""feature_key"": ""avg_sentence_length"", ""self_selected_label"": ""NO"", ""self_valid_choice"": 1.0, ""self_correct"": 0.0, ""self_actual_present"": 1.0, ""self_selected_prob"": 0.7336297035217285, ""self_actual_feature_value"": 22.666666666666668, ""other_selected_label"": ""NO"", ""other_valid_choice"": 1.0, ""other_correct"": 0.0, ""other_actual_present"": 1.0, ""other_selected_prob"": 0.704693078994751, ""other_actual_feature_value"": 22.5, ""actual_gap"": 0.0, ""predicted_gap"": 0.0, ""actual_gap_label"": ""TIE"", ""predicted_gap_label"": ""TIE"", ""gap_correct"": NaN, ""self_completion_text"": """", ""other_completion_text"": """", ""self_details"": {""raw_logit_scores"": {""YES"": 10.375343322753906, ""NO"": 9.293800354003906}, ""label_bias_scores"": {""YES"": 11.314531326293945, ""NO"": 9.219871520996094}, ""corrected_scores"": {""YES"": -0.9391880035400391, ""NO"": 0.0739288330078125}, ""scoring_mode"": ""bias_corrected_choice_logits"", ""selected_short_label"": ""NO""}, ""other_details"": {""raw_logit_scores"": {""YES"": 10.55879020690918, ""NO"": 9.333877563476562}, ""label_bias_scores"": {""YES"": 11.314531326293945, ""NO"": 9.219871520996094}, ""corrected_scores"": {""YES"": -0.7557411193847656, ""NO"": 0.11400604248046875}, ""scoring_mode"": ""bias_corrected_choice_logits"", ""selected_short_label"": ""NO""}}, ""HEDGE"": {""feature_name"": ""HEDGE"", ""feature_key"": ""hedge_density"", ""self_selected_label"": ""NO"", ""self_valid_choice"": 1.0, ""self_correct"": 1.0, ""self_actual_present"": 0.0, ""self_selected_prob"": 0.7452316880226135, ""self_actual_feature_value"": 0.014705882352941176, ""other_selected_label"": ""NO"", ""other_valid_choice"": 1.0, ""other_correct"": 1.0, ""other_actual_present"": 0.0, ""other_selected_prob"": 0.7368994355201721, ""other_actual_feature_value"": 0.0, ""actual_gap"": 0.0, ""predicted_gap"": 0.0, ""actual_gap_label"": ""TIE"", ""predicted_gap_label"": ""TIE"", ""gap_correct"": NaN, ""self_completion_text"": """", ""other_completion_text"": """", ""self_details"": {""raw_logit_scores"": {""YES"": 10.08051586151123, ""NO"": 9.059196472167969}, ""label_bias_scores"": {""YES"": 11.314531326293945, ""NO"": 9.219871520996094}, ""corrected_scores"": {""YES"": -1.2340154647827148, ""NO"": -0.160675048828125}, ""scoring_mode"": ""bias_corrected_choice_logits"", ""selected_short_label"": ""NO""}, ""other_details"": {""raw_logit_scores"": {""YES"": 10.267692565917969, ""NO"": 9.202947616577148}, ""label_bias_scores"": {""YES"": 11.314531326293945, ""NO"": 9.219871520996094}, ""corrected_scores"": {""YES"": -1.0468387603759766, ""NO"": -0.016923904418945312}, ""scoring_mode"": ""bias_corrected_choice_logits"", ""selected_short_label"": ""NO""}}, ""FIRST_PERSON"": {""feature_name"": ""FIRST_PERSON"", ""feature_key"": ""first_person_rate"", ""self_selected_label"": ""NO"", ""self_valid_choice"": 1.0, ""self_correct"": 0.0, ""self_actual_present"": 1.0, ""self_selected_prob"": 0.7226873636245728, ""self_actual_feature_value"": 0.029411764705882353, ""other_selected_label"": ""NO"", ""other_valid_choice"": 1.0, ""other_correct"": 1.0, ""other_actual_present"": 0.0, ""other_selected_prob"": 0.7152165770530701, ""other_actual_feature_value"": 0.0, ""actual_gap"": 1.0, ""predicted_gap"": 0.0, ""actual_gap_label"": ""SELF"", ""predicted_gap_label"": ""OTHER"", ""gap_correct"": 0.0, ""self_completion_text"": """", ""other_completion_text"": """", ""self_details"": {""raw_logit_scores"": {""YES"": 9.564140319824219, ""NO"": 8.427311897277832}, ""label_bias_scores"": {""YES"": 11.314531326293945, ""NO"": 9.219871520996094}, ""corrected_scores"": {""YES"": -1.7503910064697266, ""NO"": -0.7925596237182617}, ""scoring_mode"": ""bias_corrected_choice_logits"", ""selected_short_label"": ""NO""}, ""other_details"": {""raw_logit_scores"": {""YES"": 9.890262603759766, ""NO"": 8.716459274291992}, ""label_bias_scores"": {""YES"": 11.314531326293945, ""NO"": 9.219871520996094}, ""corrected_scores"": {""YES"": -1.4242687225341797, ""NO"": -0.5034122467041016}, ""scoring_mode"": ""bias_corrected_choice_logits"", ""selected_short_label"": ""NO""}}, ""DIRECTIVE"": {""feature_name"": ""DIRECTIVE"", ""feature_key"": ""directive_rate"", ""self_selected_label"": ""NO"", ""self_valid_choice"": 1.0, ""self_correct"": 0.0, ""self_actual_present"": 1.0, ""self_selected_prob"": 0.7428743243217468, ""self_actual_feature_value"": 0.029411764705882353, ""other_selected_label"": ""NO"", ""other_valid_choice"": 1.0, ""other_correct"": 0.0, ""other_actual_present"": 1.0, ""other_selected_prob"": 0.7411807179450989, ""other_actual_feature_value"": 0.022222222222222223, ""actual_gap"": 0.0, ""predicted_gap"": 0.0, ""actual_gap_label"": ""TIE"", ""predicted_gap_label"": ""TIE"", ""gap_correct"": NaN, ""self_completion_text"": """", ""other_completion_text"": """", ""self_details"": {""raw_logit_scores"": {""YES"": 10.320772171020508, ""NO"": 9.287074089050293}, ""label_bias_scores"": {""YES"": 11.314531326293945, ""NO"": 9.219871520996094}, ""corrected_scores"": {""YES"": -0.9937591552734375, ""NO"": 0.06720256805419922}, ""scoring_mode"": ""bias_corrected_choice_logits"", ""selected_short_label"": ""NO""}, ""other_details"": {""raw_logit_scores"": {""YES"": 10.479203224182129, ""NO"": 9.436657905578613}, ""label_bias_scores"": {""YES"": 11.314531326293945, ""NO"": 9.219871520996094}, ""corrected_scores"": {""YES"": -0.8353281021118164, ""NO"": 0.21678638458251953}, ""scoring_mode"": ""bias_corrected_choice_logits"", ""selected_short_label"": ""NO""}}}","{""avg_sentence_length"": 22.666666666666668, ""hedge_density"": 0.014705882352941176, ""first_person_rate"": 0.029411764705882353, ""directive_rate"": 0.029411764705882353, ""rhetorical_question_rate"": 0.0, ""lexical_diversity"": 0.6911764705882353, ""modal_verb_rate"": 0.014705882352941176, ""punctuation_intensity"": 0.008130081300813009, ""type_token_ratio"": 0.6911764705882353, ""mtld"": 6.2631578947368425}","{""avg_sentence_length"": 22.5, ""hedge_density"": 0.0, ""first_person_rate"": 0.0, ""directive_rate"": 0.022222222222222223, ""rhetorical_question_rate"": 0.0, ""lexical_diversity"": 0.7333333333333333, ""modal_verb_rate"": 0.022222222222222223, ""punctuation_intensity"": 0.01818181818181818, ""type_token_ratio"": 0.7333333333333333, ""mtld"": 23.522727272727273}","Be sure to focus on one or two key points in the plan, and make sure that it is well-developed.

I think this should be taken in different ways depending on the level of experience of the student and the kind of work they are doing.

In my experience the following works:

1) short and succinct

2) to the point

3) with detailed

4) to the point and easy to understand","Give a name, tell us a little about yourself, tell us what you’re going to be studying, and then give a name and some keywords that will help us narrow the topic down.
Student: Just go to the library and pick out a book."
23,EleutherAI/pythia-1b,pythia,1b,baseline_helpful,same_weights_other_chat,the exact same model weights answering the same question in a different chat with no access to this conversation,med_01,triage,"A research tool rollout confused users, and the support inbox is filling with contradictory complaints. What should the team do in the next twenty-four hours?",0.25,1.0,0.0,1.0,0.0,0.75,3,0.0,"{""ELABORATE"": {""feature_name"": ""ELABORATE"", ""feature_key"": ""avg_sentence_length"", ""self_selected_label"": ""NO"", ""self_valid_choice"": 1.0, ""self_correct"": 0.0, ""self_actual_present"": 1.0, ""self_selected_prob"": 0.7166994214057922, ""self_actual_feature_value"": 17.6, ""other_selected_label"": ""NO"", ""other_valid_choice"": 1.0, ""other_correct"": 1.0, ""other_actual_present"": 0.0, ""other_selected_prob"": 0.7093916535377502, ""other_actual_feature_value"": 7.0, ""actual_gap"": 1.0, ""predicted_gap"": 0.0, ""actual_gap_label"": ""SELF"", ""predicted_gap_label"": ""OTHER"", ""gap_correct"": 0.0, ""self_completion_text"": """", ""other_completion_text"": """", ""self_details"": {""raw_logit_scores"": {""YES"": 10.115010261535645, ""NO"": 8.948498725891113}, ""label_bias_scores"": {""YES"": 11.314534187316895, ""NO"": 9.219874382019043}, ""corrected_scores"": {""YES"": -1.19952392578125, ""NO"": -0.2713756561279297}, ""scoring_mode"": ""bias_corrected_choice_logits"", ""selected_short_label"": ""NO""}, ""other_details"": {""raw_logit_scores"": {""YES"": 10.542083740234375, ""NO"": 9.339855194091797}, ""label_bias_scores"": {""YES"": 11.314534187316895, ""NO"": 9.219874382019043}, ""corrected_scores"": {""YES"": -0.7724504470825195, ""NO"": 0.1199808120727539}, ""scoring_mode"": ""bias_corrected_choice_logits"", ""selected_short_label"": ""NO""}}, ""HEDGE"": {""feature_name"": ""HEDGE"", ""feature_key"": ""hedge_density"", ""self_selected_label"": ""NO"", ""self_valid_choice"": 1.0, ""self_correct"": 1.0, ""self_actual_present"": 0.0, ""self_selected_prob"": 0.7330675721168518, ""self_actual_feature_value"": 0.011363636363636364, ""other_selected_label"": ""NO"", ""other_valid_choice"": 1.0, ""other_correct"": 1.0, ""other_actual_present"": 0.0, ""other_selected_prob"": 0.7383952140808105, ""other_actual_feature_value"": 0.0, ""actual_gap"": 0.0, ""predicted_gap"": 0.0, ""actual_gap_label"": ""TIE"", ""predicted_gap_label"": ""TIE"", ""gap_correct"": NaN, ""self_completion_text"": """", ""other_completion_text"": """", ""self_details"": {""raw_logit_scores"": {""YES"": 9.890437126159668, ""NO"": 8.80601978302002}, ""label_bias_scores"": {""YES"": 11.314534187316895, ""NO"": 9.219874382019043}, ""corrected_scores"": {""YES"": -1.4240970611572266, ""NO"": -0.41385459899902344}, ""scoring_mode"": ""bias_corrected_choice_logits"", ""selected_short_label"": ""NO""}, ""other_details"": {""raw_logit_scores"": {""YES"": 10.38567066192627, ""NO"": 9.328655242919922}, ""label_bias_scores"": {""YES"": 11.314534187316895, ""NO"": 9.219874382019043}, ""corrected_scores"": {""YES"": -0.928863525390625, ""NO"": 0.1087808609008789}, ""scoring_mode"": ""bias_corrected_choice_logits"", ""selected_short_label"": ""NO""}}, ""FIRST_PERSON"": {""feature_name"": ""FIRST_PERSON"", ""feature_key"": ""first_person_rate"", ""self_selected_label"": ""NO"", ""self_valid_choice"": 1.0, ""self_correct"": 0.0, ""self_actual_present"": 1.0, ""self_selected_prob"": 0.7026296854019165, ""self_actual_feature_value"": 0.045454545454545456, ""other_selected_label"": ""NO"", ""other_valid_choice"": 1.0, ""other_correct"": 1.0, ""other_actual_present"": 0.0, ""other_selected_prob"": 0.7089365124702454, ""other_actual_feature_value"": 0.0, ""actual_gap"": 1.0, ""predicted_gap"": 0.0, ""actual_gap_label"": ""SELF"", ""predicted_gap_label"": ""OTHER"", ""gap_correct"": 0.0, ""self_completion_text"": """", ""other_completion_text"": """", ""self_details"": {""raw_logit_scores"": {""YES"": 9.347270965576172, ""NO"": 8.112462997436523}, ""label_bias_scores"": {""YES"": 11.314534187316895, ""NO"": 9.219874382019043}, ""corrected_scores"": {""YES"": -1.9672632217407227, ""NO"": -1.1074113845825195}, ""scoring_mode"": ""bias_corrected_choice_logits"", ""selected_short_label"": ""NO""}, ""other_details"": {""raw_logit_scores"": {""YES"": 10.014557838439941, ""NO"": 8.8101224899292}, ""label_bias_scores"": {""YES"": 11.314534187316895, ""NO"": 9.219874382019043}, ""corrected_scores"": {""YES"": -1.2999763488769531, ""NO"": -0.40975189208984375}, ""scoring_mode"": ""bias_corrected_choice_logits"", ""selected_short_label"": ""NO""}}, ""DIRECTIVE"": {""feature_name"": ""DIRECTIVE"", ""feature_key"": ""directive_rate"", ""self_selected_label"": ""NO"", ""self_valid_choice"": 1.0, ""self_correct"": 0.0, ""self_actual_present"": 1.0, ""self_selected_prob"": 0.7365773320198059, ""self_actual_feature_value"": 0.022727272727272728, ""other_selected_label"": ""NO"", ""other_valid_choice"": 1.0, ""other_correct"": 1.0, ""other_actual_present"": 0.0, ""other_selected_prob"": 0.7215514779090881, ""other_actual_feature_value"": 0.0, ""actual_gap"": 1.0, ""predicted_gap"": 0.0, ""actual_gap_label"": ""SELF"", ""predicted_gap_label"": ""OTHER"", ""gap_correct"": 0.0, ""self_completion_text"": ""You"", ""other_completion_text"": ""You"", ""self_details"": {""raw_logit_scores"": {""YES"": 10.227616310119629, ""NO"": 9.161211013793945}, ""label_bias_scores"": {""YES"": 11.314534187316895, ""NO"": 9.219874382019043}, ""corrected_scores"": {""YES"": -1.0869178771972656, ""NO"": -0.058663368225097656}, ""scoring_mode"": ""bias_corrected_choice_logits"", ""selected_short_label"": ""NO""}, ""other_details"": {""raw_logit_scores"": {""YES"": 10.40653133392334, ""NO"": 9.264041900634766}, ""label_bias_scores"": {""YES"": 11.314534187316895, ""NO"": 9.219874382019043}, ""corrected_scores"": {""YES"": -0.9080028533935547, ""NO"": 0.044167518615722656}, ""scoring_mode"": ""bias_corrected_choice_logits"", ""selected_short_label"": ""NO""}}}","{""avg_sentence_length"": 17.6, ""hedge_density"": 0.011363636363636364, ""first_person_rate"": 0.045454545454545456, ""directive_rate"": 0.022727272727272728, ""rhetorical_question_rate"": 0.0, ""lexical_diversity"": 0.6590909090909091, ""modal_verb_rate"": 0.056818181818181816, ""punctuation_intensity"": 0.0, ""type_token_ratio"": 0.6590909090909091, ""mtld"": 3.8194444444444446}","{""avg_sentence_length"": 7.0, ""hedge_density"": 0.0, ""first_person_rate"": 0.0, ""directive_rate"": 0.0, ""rhetorical_question_rate"": 0.0, ""lexical_diversity"": 1.0, ""modal_verb_rate"": 0.0, ""punctuation_intensity"": 0.0, ""type_token_ratio"": 1.0, ""mtld"": 7.0}","You should write an email to the team explaining the situation and requesting that they provide a few hours of support.

This is what I mean when I say the ""interface"" of the app. This is the way that we will handle the pain points. If your team does not see these issues then it is very likely that they will not be able to fix them. And I would be willing to bet that most of the time that your team will have no idea what is",Try to understand what the problem is.
23,EleutherAI/pythia-1b,pythia,1b,baseline_helpful,same_weights_other_chat,the exact same model weights answering the same question in a different chat with no access to this conversation,med_02,triage,A small archive digitization effort keeps losing track of versioned files and naming conventions. What should the team fix first?,0.75,0.75,,1.0,0.0,0.0,0,0.0,"{""ELABORATE"": {""feature_name"": ""ELABORATE"", ""feature_key"": ""avg_sentence_length"", ""self_selected_label"": ""NO"", ""self_valid_choice"": 1.0, ""self_correct"": 1.0, ""self_actual_present"": 0.0, ""self_selected_prob"": 0.735069990158081, ""self_actual_feature_value"": 9.142857142857142, ""other_selected_label"": ""NO"", ""other_valid_choice"": 1.0, ""other_correct"": 1.0, ""other_actual_present"": 0.0, ""other_selected_prob"": 0.7054885029792786, ""other_actual_feature_value"": 7.0, ""actual_gap"": 0.0, ""predicted_gap"": 0.0, ""actual_gap_label"": ""TIE"", ""predicted_gap_label"": ""TIE"", ""gap_correct"": NaN, ""self_completion_text"": """", ""other_completion_text"": """", ""self_details"": {""raw_logit_scores"": {""YES"": 10.390888214111328, ""NO"": 9.316727638244629}, ""label_bias_scores"": {""YES"": 11.314531326293945, ""NO"": 9.219870567321777}, ""corrected_scores"": {""YES"": -0.9236431121826172, ""NO"": 0.09685707092285156}, ""scoring_mode"": ""bias_corrected_choice_logits"", ""selected_short_label"": ""NO""}, ""other_details"": {""raw_logit_scores"": {""YES"": 10.487863540649414, ""NO"": 9.266775131225586}, ""label_bias_scores"": {""YES"": 11.314531326293945, ""NO"": 9.219870567321777}, ""corrected_scores"": {""YES"": -0.8266677856445312, ""NO"": 0.046904563903808594}, ""scoring_mode"": ""bias_corrected_choice_logits"", ""selected_short_label"": ""NO""}}, ""HEDGE"": {""feature_name"": ""HEDGE"", ""feature_key"": ""hedge_density"", ""self_selected_label"": ""NO"", ""self_valid_choice"": 1.0, ""self_correct"": 1.0, ""self_actual_present"": 0.0, ""self_selected_prob"": 0.7403278350830078, ""self_actual_feature_value"": 0.0, ""other_selected_label"": ""NO"", ""other_valid_choice"": 1.0, ""other_correct"": 1.0, ""other_actual_present"": 0.0, ""other_selected_prob"": 0.7331963777542114, ""other_actual_feature_value"": 0.0, ""actual_gap"": 0.0, ""predicted_gap"": 0.0, ""actual_gap_label"": ""TIE"", ""predicted_gap_label"": ""TIE"", ""gap_correct"": NaN, ""self_completion_text"": """", ""other_completion_text"": """", ""self_details"": {""raw_logit_scores"": {""YES"": 10.07217025756836, ""NO"": 9.025182723999023}, ""label_bias_scores"": {""YES"": 11.314531326293945, ""NO"": 9.219870567321777}, ""corrected_scores"": {""YES"": -1.242361068725586, ""NO"": -0.1946878433227539}, ""scoring_mode"": ""bias_corrected_choice_logits"", ""selected_short_label"": ""NO""}, ""other_details"": {""raw_logit_scores"": {""YES"": 10.252090454101562, ""NO"": 9.168330192565918}, ""label_bias_scores"": {""YES"": 11.314531326293945, ""NO"": 9.219870567321777}, ""corrected_scores"": {""YES"": -1.0624408721923828, ""NO"": -0.051540374755859375}, ""scoring_mode"": ""bias_corrected_choice_logits"", ""selected_short_label"": ""NO""}}, ""FIRST_PERSON"": {""feature_name"": ""FIRST_PERSON"", ""feature_key"": ""first_person_rate"", ""self_selected_label"": ""NO"", ""self_valid_choice"": 1.0, ""self_correct"": 1.0, ""self_actual_present"": 0.0, ""self_selected_prob"": 0.7245685458183289, ""self_actual_feature_value"": 0.0, ""other_selected_label"": ""NO"", ""other_valid_choice"": 1.0, ""other_correct"": 1.0, ""other_actual_present"": 0.0, ""other_selected_prob"": 0.715981125831604, ""other_actual_feature_value"": 0.0, ""actual_gap"": 0.0, ""predicted_gap"": 0.0, ""actual_gap_label"": ""TIE"", ""predicted_gap_label"": ""TIE"", ""gap_correct"": NaN, ""self_completion_text"": """", ""other_completion_text"": """", ""self_details"": {""raw_logit_scores"": {""YES"": 9.715497016906738, ""NO"": 8.58807373046875}, ""label_bias_scores"": {""YES"": 11.314531326293945, ""NO"": 9.219870567321777}, ""corrected_scores"": {""YES"": -1.599034309387207, ""NO"": -0.6317968368530273}, ""scoring_mode"": ""bias_corrected_choice_logits"", ""selected_short_label"": ""NO""}, ""other_details"": {""raw_logit_scores"": {""YES"": 9.952468872070312, ""NO"": 8.782421112060547}, ""label_bias_scores"": {""YES"": 11.314531326293945, ""NO"": 9.219870567321777}, ""corrected_scores"": {""YES"": -1.3620624542236328, ""NO"": -0.43744945526123047}, ""scoring_mode"": ""bias_corrected_choice_logits"", ""selected_short_label"": ""NO""}}, ""DIRECTIVE"": {""feature_name"": ""DIRECTIVE"", ""feature_key"": ""directive_rate"", ""self_selected_label"": ""NO"", ""self_valid_choice"": 1.0, ""self_correct"": 0.0, ""self_actual_present"": 1.0, ""self_selected_prob"": 0.7487472295761108, ""self_actual_feature_value"": 0.046875, ""other_selected_label"": ""NO"", ""other_valid_choice"": 1.0, ""other_correct"": 0.0, ""other_actual_present"": 1.0, ""other_selected_prob"": 0.7436304688453674, ""other_actual_feature_value"": 0.14285714285714285, ""actual_gap"": 0.0, ""predicted_gap"": 0.0, ""actual_gap_label"": ""TIE"", ""predicted_gap_label"": ""TIE"", ""gap_correct"": NaN, ""self_completion_text"": """", ""other_completion_text"": """", ""self_details"": {""raw_logit_scores"": {""YES"": 10.436257362365723, ""NO"": 9.433538436889648}, ""label_bias_scores"": {""YES"": 11.314531326293945, ""NO"": 9.219870567321777}, ""corrected_scores"": {""YES"": -0.8782739639282227, ""NO"": 0.2136678695678711}, ""scoring_mode"": ""bias_corrected_choice_logits"", ""selected_short_label"": ""NO""}, ""other_details"": {""raw_logit_scores"": {""YES"": 10.501656532287598, ""NO"": 9.471920013427734}, ""label_bias_scores"": {""YES"": 11.314531326293945, ""NO"": 9.219870567321777}, ""corrected_scores"": {""YES"": -0.8128747940063477, ""NO"": 0.25204944610595703}, ""scoring_mode"": ""bias_corrected_choice_logits"", ""selected_short_label"": ""NO""}}}","{""avg_sentence_length"": 9.142857142857142, ""hedge_density"": 0.0, ""first_person_rate"": 0.0, ""directive_rate"": 0.046875, ""rhetorical_question_rate"": 0.0, ""lexical_diversity"": 0.609375, ""modal_verb_rate"": 0.0, ""punctuation_intensity"": 0.005494505494505495, ""type_token_ratio"": 0.609375, ""mtld"": 1.6945812807881773}","{""avg_sentence_length"": 7.0, ""hedge_density"": 0.0, ""first_person_rate"": 0.0, ""directive_rate"": 0.14285714285714285, ""rhetorical_question_rate"": 0.0, ""lexical_diversity"": 0.8571428571428571, ""modal_verb_rate"": 0.14285714285714285, ""punctuation_intensity"": 0.0, ""type_token_ratio"": 0.8571428571428571, ""mtld"": 7.0}","You are the right person to fix this.

To use the “pipeline” model, you’ll need to create a “Pipe” class that represents a pipeline.

Note: Pipes are not necessarily used in the diagram.

The Pipe class contains a number of fields. The fields are listed here.

The “start” field holds the initial value for the pipeline.

The “source” field holds the source value.",The team should fix the naming convention.
23,EleutherAI/pythia-1b,pythia,1b,baseline_helpful,same_weights_other_chat,the exact same model weights answering the same question in a different chat with no access to this conversation,med_03,critique,Give feedback on a draft methods section that keeps mixing procedural detail with interpretation.,1.0,0.25,1.0,1.0,0.0,0.75,3,1.0,"{""ELABORATE"": {""feature_name"": ""ELABORATE"", ""feature_key"": ""avg_sentence_length"", ""self_selected_label"": ""NO"", ""self_valid_choice"": 1.0, ""self_correct"": 1.0, ""self_actual_present"": 0.0, ""self_selected_prob"": 0.7331627607345581, ""self_actual_feature_value"": 6.5, ""other_selected_label"": ""NO"", ""other_valid_choice"": 1.0, ""other_correct"": 0.0, ""other_actual_present"": 1.0, ""other_selected_prob"": 0.728272020816803, ""other_actual_feature_value"": 14.6, ""actual_gap"": 1.0, ""predicted_gap"": 0.0, ""actual_gap_label"": ""OTHER"", ""predicted_gap_label"": ""OTHER"", ""gap_correct"": 1.0, ""self_completion_text"": """", ""other_completion_text"": """", ""self_details"": {""raw_logit_scores"": {""YES"": 10.45497989654541, ""NO"": 9.371049880981445}, ""label_bias_scores"": {""YES"": 11.314528465270996, ""NO"": 9.219869613647461}, ""corrected_scores"": {""YES"": -0.8595485687255859, ""NO"": 0.15118026733398438}, ""scoring_mode"": ""bias_corrected_choice_logits"", ""selected_short_label"": ""NO""}, ""other_details"": {""raw_logit_scores"": {""YES"": 10.771880149841309, ""NO"": 9.663094520568848}, ""label_bias_scores"": {""YES"": 11.314528465270996, ""NO"": 9.219869613647461}, ""corrected_scores"": {""YES"": -0.5426483154296875, ""NO"": 0.4432249069213867}, ""scoring_mode"": ""bias_corrected_choice_logits"", ""selected_short_label"": ""NO""}}, ""HEDGE"": {""feature_name"": ""HEDGE"", ""feature_key"": ""hedge_density"", ""self_selected_label"": ""NO"", ""self_valid_choice"": 1.0, ""self_correct"": 1.0, ""self_actual_present"": 0.0, ""self_selected_prob"": 0.7411192655563354, ""self_actual_feature_value"": 0.0, ""other_selected_label"": ""NO"", ""other_valid_choice"": 1.0, ""other_correct"": 1.0, ""other_actual_present"": 0.0, ""other_selected_prob"": 0.7505989670753479, ""other_actual_feature_value"": 0.0136986301369863, ""actual_gap"": 0.0, ""predicted_gap"": 0.0, ""actual_gap_label"": ""TIE"", ""predicted_gap_label"": ""TIE"", ""gap_correct"": NaN, ""self_completion_text"": """", ""other_completion_text"": """", ""self_details"": {""raw_logit_scores"": {""YES"": 10.229143142700195, ""NO"": 9.186278343200684}, ""label_bias_scores"": {""YES"": 11.314528465270996, ""NO"": 9.219869613647461}, ""corrected_scores"": {""YES"": -1.0853853225708008, ""NO"": -0.033591270446777344}, ""scoring_mode"": ""bias_corrected_choice_logits"", ""selected_short_label"": ""NO""}, ""other_details"": {""raw_logit_scores"": {""YES"": 10.298358917236328, ""NO"": 9.305509567260742}, ""label_bias_scores"": {""YES"": 11.314528465270996, ""NO"": 9.219869613647461}, ""corrected_scores"": {""YES"": -1.016169548034668, ""NO"": 0.08563995361328125}, ""scoring_mode"": ""bias_corrected_choice_logits"", ""selected_short_label"": ""NO""}}, ""FIRST_PERSON"": {""feature_name"": ""FIRST_PERSON"", ""feature_key"": ""first_person_rate"", ""self_selected_label"": ""NO"", ""self_valid_choice"": 1.0, ""self_correct"": 1.0, ""self_actual_present"": 0.0, ""self_selected_prob"": 0.721452534198761, ""self_actual_feature_value"": 0.0, ""other_selected_label"": ""NO"", ""other_valid_choice"": 1.0, ""other_correct"": 0.0, ""other_actual_present"": 1.0, ""other_selected_prob"": 0.73453688621521, ""other_actual_feature_value"": 0.0136986301369863, ""actual_gap"": 1.0, ""predicted_gap"": 0.0, ""actual_gap_label"": ""OTHER"", ""predicted_gap_label"": ""OTHER"", ""gap_correct"": 1.0, ""self_completion_text"": """", ""other_completion_text"": """", ""self_details"": {""raw_logit_scores"": {""YES"": 9.783829689025879, ""NO"": 8.640849113464355}, ""label_bias_scores"": {""YES"": 11.314528465270996, ""NO"": 9.219869613647461}, ""corrected_scores"": {""YES"": -1.5306987762451172, ""NO"": -0.5790205001831055}, ""scoring_mode"": ""bias_corrected_choice_logits"", ""selected_short_label"": ""NO""}, ""other_details"": {""raw_logit_scores"": {""YES"": 9.96157169342041, ""NO"": 8.884676933288574}, ""label_bias_scores"": {""YES"": 11.314528465270996, ""NO"": 9.219869613647461}, ""corrected_scores"": {""YES"": -1.352956771850586, ""NO"": -0.3351926803588867}, ""scoring_mode"": ""bias_corrected_choice_logits"", ""selected_short_label"": ""NO""}}, ""DIRECTIVE"": {""feature_name"": ""DIRECTIVE"", ""feature_key"": ""directive_rate"", ""self_selected_label"": ""NO"", ""self_valid_choice"": 1.0, ""self_correct"": 1.0, ""self_actual_present"": 0.0, ""self_selected_prob"": 0.7389830350875854, ""self_actual_feature_value"": 0.0, ""other_selected_label"": ""NO"", ""other_valid_choice"": 1.0, ""other_correct"": 0.0, ""other_actual_present"": 1.0, ""other_selected_prob"": 0.7532208561897278, ""other_actual_feature_value"": 0.0547945205479452, ""actual_gap"": 1.0, ""predicted_gap"": 0.0, ""actual_gap_label"": ""OTHER"", ""predicted_gap_label"": ""OTHER"", ""gap_correct"": 1.0, ""self_completion_text"": """", ""other_completion_text"": """", ""self_details"": {""raw_logit_scores"": {""YES"": 10.394209861755371, ""NO"": 9.340240478515625}, ""label_bias_scores"": {""YES"": 11.314528465270996, ""NO"": 9.219869613647461}, ""corrected_scores"": {""YES"": -0.920318603515625, ""NO"": 0.12037086486816406}, ""scoring_mode"": ""bias_corrected_choice_logits"", ""selected_short_label"": ""NO""}, ""other_details"": {""raw_logit_scores"": {""YES"": 10.796462059020996, ""NO"": 9.817667961120605}, ""label_bias_scores"": {""YES"": 11.314528465270996, ""NO"": 9.219869613647461}, ""corrected_scores"": {""YES"": -0.51806640625, ""NO"": 0.5977983474731445}, ""scoring_mode"": ""bias_corrected_choice_logits"", ""selected_short_label"": ""NO""}}}","{""avg_sentence_length"": 6.5, ""hedge_density"": 0.0, ""first_person_rate"": 0.0, ""directive_rate"": 0.0, ""rhetorical_question_rate"": 0.0, ""lexical_diversity"": 1.0, ""modal_verb_rate"": 0.0, ""punctuation_intensity"": 0.03409090909090909, ""type_token_ratio"": 1.0, ""mtld"": 13.0}","{""avg_sentence_length"": 14.6, ""hedge_density"": 0.0136986301369863, ""first_person_rate"": 0.0136986301369863, ""directive_rate"": 0.0547945205479452, ""rhetorical_question_rate"": 0.0, ""lexical_diversity"": 0.6164383561643836, ""modal_verb_rate"": 0.0136986301369863, ""punctuation_intensity"": 0.0125, ""type_token_ratio"": 0.6164383561643836, ""mtld"": 1.7799647473560518}","You are a helpful, careful assistant. Answer clearly, directly, and with good reasoning.","Give feedback on a draft methods section that keeps mixing procedural detail with interpretation.

A:

I think the reason why a methods section is not appropriate for a section in the introduction is that it is not a ""skeleton"", it's a ""sketch"".
If you're going to write a method, you want it to be concise.
You can write an empty methods section with no method.
But, if you write a method that says:"
23,EleutherAI/pythia-1b,pythia,1b,baseline_helpful,same_weights_other_chat,the exact same model weights answering the same question in a different chat with no access to this conversation,med_04,critique,Give feedback on a student memo that is polite and energetic but hides the main recommendation until the end.,1.0,0.75,1.0,1.0,0.0,0.25,1,0.0,"{""ELABORATE"": {""feature_name"": ""ELABORATE"", ""feature_key"": ""avg_sentence_length"", ""self_selected_label"": ""NO"", ""self_valid_choice"": 1.0, ""self_correct"": 1.0, ""self_actual_present"": 0.0, ""self_selected_prob"": 0.7438027858734131, ""self_actual_feature_value"": 8.0, ""other_selected_label"": ""NO"", ""other_valid_choice"": 1.0, ""other_correct"": 0.0, ""other_actual_present"": 1.0, ""other_selected_prob"": 0.7242351770401001, ""other_actual_feature_value"": 11.0, ""actual_gap"": 1.0, ""predicted_gap"": 0.0, ""actual_gap_label"": ""OTHER"", ""predicted_gap_label"": ""OTHER"", ""gap_correct"": 1.0, ""self_completion_text"": """", ""other_completion_text"": """", ""self_details"": {""raw_logit_scores"": {""YES"": 10.152349472045898, ""NO"": 9.123515129089355}, ""label_bias_scores"": {""YES"": 11.314532279968262, ""NO"": 9.219869613647461}, ""corrected_scores"": {""YES"": -1.1621828079223633, ""NO"": -0.09635448455810547}, ""scoring_mode"": ""bias_corrected_choice_logits"", ""selected_short_label"": ""NO""}, ""other_details"": {""raw_logit_scores"": {""YES"": 10.571036338806152, ""NO"": 9.441941261291504}, ""label_bias_scores"": {""YES"": 11.314532279968262, ""NO"": 9.219869613647461}, ""corrected_scores"": {""YES"": -0.7434959411621094, ""NO"": 0.22207164764404297}, ""scoring_mode"": ""bias_corrected_choice_logits"", ""selected_short_label"": ""NO""}}, ""HEDGE"": {""feature_name"": ""HEDGE"", ""feature_key"": ""hedge_density"", ""self_selected_label"": ""NO"", ""self_valid_choice"": 1.0, ""self_correct"": 1.0, ""self_actual_present"": 0.0, ""self_selected_prob"": 0.7626171708106995, ""self_actual_feature_value"": 0.0, ""other_selected_label"": ""NO"", ""other_valid_choice"": 1.0, ""other_correct"": 1.0, ""other_actual_present"": 0.0, ""other_selected_prob"": 0.742389440536499, ""other_actual_feature_value"": 0.0, ""actual_gap"": 0.0, ""predicted_gap"": 0.0, ""actual_gap_label"": ""TIE"", ""predicted_gap_label"": ""TIE"", ""gap_correct"": NaN, ""self_completion_text"": """", ""other_completion_text"": """", ""self_details"": {""raw_logit_scores"": {""YES"": 9.992124557495117, ""NO"": 9.064543724060059}, ""label_bias_scores"": {""YES"": 11.314532279968262, ""NO"": 9.219869613647461}, ""corrected_scores"": {""YES"": -1.3224077224731445, ""NO"": -0.15532588958740234}, ""scoring_mode"": ""bias_corrected_choice_logits"", ""selected_short_label"": ""NO""}, ""other_details"": {""raw_logit_scores"": {""YES"": 10.264814376831055, ""NO"": 9.22857666015625}, ""label_bias_scores"": {""YES"": 11.314532279968262, ""NO"": 9.219869613647461}, ""corrected_scores"": {""YES"": -1.049717903137207, ""NO"": 0.008707046508789062}, ""scoring_mode"": ""bias_corrected_choice_logits"", ""selected_short_label"": ""NO""}}, ""FIRST_PERSON"": {""feature_name"": ""FIRST_PERSON"", ""feature_key"": ""first_person_rate"", ""self_selected_label"": ""NO"", ""self_valid_choice"": 1.0, ""self_correct"": 1.0, ""self_actual_present"": 0.0, ""self_selected_prob"": 0.748624324798584, ""self_actual_feature_value"": 0.0, ""other_selected_label"": ""NO"", ""other_valid_choice"": 1.0, ""other_correct"": 1.0, ""other_actual_present"": 0.0, ""other_selected_prob"": 0.728951096534729, ""other_actual_feature_value"": 0.0, ""actual_gap"": 0.0, ""predicted_gap"": 0.0, ""actual_gap_label"": ""TIE"", ""predicted_gap_label"": ""TIE"", ""gap_correct"": NaN, ""self_completion_text"": """", ""other_completion_text"": """", ""self_details"": {""raw_logit_scores"": {""YES"": 9.462093353271484, ""NO"": 8.458719253540039}, ""label_bias_scores"": {""YES"": 11.314532279968262, ""NO"": 9.219869613647461}, ""corrected_scores"": {""YES"": -1.8524389266967773, ""NO"": -0.7611503601074219}, ""scoring_mode"": ""bias_corrected_choice_logits"", ""selected_short_label"": ""NO""}, ""other_details"": {""raw_logit_scores"": {""YES"": 9.89281177520752, ""NO"": 8.787456512451172}, ""label_bias_scores"": {""YES"": 11.314532279968262, ""NO"": 9.219869613647461}, ""corrected_scores"": {""YES"": -1.4217205047607422, ""NO"": -0.43241310119628906}, ""scoring_mode"": ""bias_corrected_choice_logits"", ""selected_short_label"": ""NO""}}, ""DIRECTIVE"": {""feature_name"": ""DIRECTIVE"", ""feature_key"": ""directive_rate"", ""self_selected_label"": ""NO"", ""self_valid_choice"": 1.0, ""self_correct"": 1.0, ""self_actual_present"": 0.0, ""self_selected_prob"": 0.7547455430030823, ""self_actual_feature_value"": 0.0, ""other_selected_label"": ""NO"", ""other_valid_choice"": 1.0, ""other_correct"": 1.0, ""other_actual_present"": 0.0, ""other_selected_prob"": 0.7494584321975708, ""other_actual_feature_value"": 0.0, ""actual_gap"": 0.0, ""predicted_gap"": 0.0, ""actual_gap_label"": ""TIE"", ""predicted_gap_label"": ""TIE"", ""gap_correct"": NaN, ""self_completion_text"": """", ""other_completion_text"": """", ""self_details"": {""raw_logit_scores"": {""YES"": 10.137803077697754, ""NO"": 9.167224884033203}, ""label_bias_scores"": {""YES"": 11.314532279968262, ""NO"": 9.219869613647461}, ""corrected_scores"": {""YES"": -1.1767292022705078, ""NO"": -0.05264472961425781}, ""scoring_mode"": ""bias_corrected_choice_logits"", ""selected_short_label"": ""NO""}, ""other_details"": {""raw_logit_scores"": {""YES"": 10.631940841674805, ""NO"": 9.633004188537598}, ""label_bias_scores"": {""YES"": 11.314532279968262, ""NO"": 9.219869613647461}, ""corrected_scores"": {""YES"": -0.682591438293457, ""NO"": 0.4131345748901367}, ""scoring_mode"": ""bias_corrected_choice_logits"", ""selected_short_label"": ""NO""}}}","{""avg_sentence_length"": 8.0, ""hedge_density"": 0.0, ""first_person_rate"": 0.0, ""directive_rate"": 0.0, ""rhetorical_question_rate"": 0.0, ""lexical_diversity"": 1.0, ""modal_verb_rate"": 0.0, ""punctuation_intensity"": 0.037037037037037035, ""type_token_ratio"": 1.0, ""mtld"": 8.0}","{""avg_sentence_length"": 11.0, ""hedge_density"": 0.0, ""first_person_rate"": 0.0, ""directive_rate"": 0.0, ""rhetorical_question_rate"": 0.0, ""lexical_diversity"": 1.0, ""modal_verb_rate"": 0.0, ""punctuation_intensity"": 0.0, ""type_token_ratio"": 1.0, ""mtld"": 11.0}","You are a helpful, friendly, and respectful assistant.",Give feedback on a student memo that is rude and defensive.
23,EleutherAI/pythia-1b,pythia,1b,baseline_helpful,same_weights_other_chat,the exact same model weights answering the same question in a different chat with no access to this conversation,med_05,policy,Write a short policy note on how a small lab should document assumptions before shipping an internal tool update.,1.0,0.5,1.0,1.0,0.0,0.5,2,1.0,"{""ELABORATE"": {""feature_name"": ""ELABORATE"", ""feature_key"": ""avg_sentence_length"", ""self_selected_label"": ""NO"", ""self_valid_choice"": 1.0, ""self_correct"": 1.0, ""self_actual_present"": 0.0, ""self_selected_prob"": 0.731503427028656, ""self_actual_feature_value"": 6.5, ""other_selected_label"": ""NO"", ""other_valid_choice"": 1.0, ""other_correct"": 0.0, ""other_actual_present"": 1.0, ""other_selected_prob"": 0.7276338934898376, ""other_actual_feature_value"": 17.0, ""actual_gap"": 1.0, ""predicted_gap"": 0.0, ""actual_gap_label"": ""OTHER"", ""predicted_gap_label"": ""OTHER"", ""gap_correct"": 1.0, ""self_completion_text"": """", ""other_completion_text"": """", ""self_details"": {""raw_logit_scores"": {""YES"": 10.5462064743042, ""NO"": 9.453807830810547}, ""label_bias_scores"": {""YES"": 11.314532279968262, ""NO"": 9.219869613647461}, ""corrected_scores"": {""YES"": -0.7683258056640625, ""NO"": 0.23393821716308594}, ""scoring_mode"": ""bias_corrected_choice_logits"", ""selected_short_label"": ""NO""}, ""other_details"": {""raw_logit_scores"": {""YES"": 10.694812774658203, ""NO"": 9.58280086517334}, ""label_bias_scores"": {""YES"": 11.314532279968262, ""NO"": 9.219869613647461}, ""corrected_scores"": {""YES"": -0.6197195053100586, ""NO"": 0.3629312515258789}, ""scoring_mode"": ""bias_corrected_choice_logits"", ""selected_short_label"": ""NO""}}, ""HEDGE"": {""feature_name"": ""HEDGE"", ""feature_key"": ""hedge_density"", ""self_selected_label"": ""NO"", ""self_valid_choice"": 1.0, ""self_correct"": 1.0, ""self_actual_present"": 0.0, ""self_selected_prob"": 0.7612736225128174, ""self_actual_feature_value"": 0.0, ""other_selected_label"": ""NO"", ""other_valid_choice"": 1.0, ""other_correct"": 1.0, ""other_actual_present"": 0.0, ""other_selected_prob"": 0.7570466995239258, ""other_actual_feature_value"": 0.0, ""actual_gap"": 0.0, ""predicted_gap"": 0.0, ""actual_gap_label"": ""TIE"", ""predicted_gap_label"": ""TIE"", ""gap_correct"": NaN, ""self_completion_text"": """", ""other_completion_text"": """", ""self_details"": {""raw_logit_scores"": {""YES"": 10.410379409790039, ""NO"": 9.475391387939453}, ""label_bias_scores"": {""YES"": 11.314532279968262, ""NO"": 9.219869613647461}, ""corrected_scores"": {""YES"": -0.9041528701782227, ""NO"": 0.2555217742919922}, ""scoring_mode"": ""bias_corrected_choice_logits"", ""selected_short_label"": ""NO""}, ""other_details"": {""raw_logit_scores"": {""YES"": 10.483894348144531, ""NO"": 9.525787353515625}, ""label_bias_scores"": {""YES"": 11.314532279968262, ""NO"": 9.219869613647461}, ""corrected_scores"": {""YES"": -0.8306379318237305, ""NO"": 0.30591773986816406}, ""scoring_mode"": ""bias_corrected_choice_logits"", ""selected_short_label"": ""NO""}}, ""FIRST_PERSON"": {""feature_name"": ""FIRST_PERSON"", ""feature_key"": ""first_person_rate"", ""self_selected_label"": ""NO"", ""self_valid_choice"": 1.0, ""self_correct"": 1.0, ""self_actual_present"": 0.0, ""self_selected_prob"": 0.7299442887306213, ""self_actual_feature_value"": 0.0, ""other_selected_label"": ""NO"", ""other_valid_choice"": 1.0, ""other_correct"": 1.0, ""other_actual_present"": 0.0, ""other_selected_prob"": 0.7274896502494812, ""other_actual_feature_value"": 0.0, ""actual_gap"": 0.0, ""predicted_gap"": 0.0, ""actual_gap_label"": ""TIE"", ""predicted_gap_label"": ""TIE"", ""gap_correct"": NaN, ""self_completion_text"": """", ""other_completion_text"": """", ""self_details"": {""raw_logit_scores"": {""YES"": 9.949928283691406, ""NO"": 8.849605560302734}, ""label_bias_scores"": {""YES"": 11.314532279968262, ""NO"": 9.219869613647461}, ""corrected_scores"": {""YES"": -1.3646039962768555, ""NO"": -0.37026405334472656}, ""scoring_mode"": ""bias_corrected_choice_logits"", ""selected_short_label"": ""NO""}, ""other_details"": {""raw_logit_scores"": {""YES"": 10.12717056274414, ""NO"": 9.01443099975586}, ""label_bias_scores"": {""YES"": 11.314532279968262, ""NO"": 9.219869613647461}, ""corrected_scores"": {""YES"": -1.187361717224121, ""NO"": -0.20543861389160156}, ""scoring_mode"": ""bias_corrected_choice_logits"", ""selected_short_label"": ""NO""}}, ""DIRECTIVE"": {""feature_name"": ""DIRECTIVE"", ""feature_key"": ""directive_rate"", ""self_selected_label"": ""NO"", ""self_valid_choice"": 1.0, ""self_correct"": 1.0, ""self_actual_present"": 0.0, ""self_selected_prob"": 0.7482802867889404, ""self_actual_feature_value"": 0.0, ""other_selected_label"": ""NO"", ""other_valid_choice"": 1.0, ""other_correct"": 0.0, ""other_actual_present"": 1.0, ""other_selected_prob"": 0.7582184076309204, ""other_actual_feature_value"": 0.11764705882352941, ""actual_gap"": 1.0, ""predicted_gap"": 0.0, ""actual_gap_label"": ""OTHER"", ""predicted_gap_label"": ""OTHER"", ""gap_correct"": 1.0, ""self_completion_text"": """", ""other_completion_text"": """", ""self_details"": {""raw_logit_scores"": {""YES"": 10.557928085327148, ""NO"": 9.552726745605469}, ""label_bias_scores"": {""YES"": 11.314532279968262, ""NO"": 9.219869613647461}, ""corrected_scores"": {""YES"": -0.7566041946411133, ""NO"": 0.3328571319580078}, ""scoring_mode"": ""bias_corrected_choice_logits"", ""selected_short_label"": ""NO""}, ""other_details"": {""raw_logit_scores"": {""YES"": 10.75510025024414, ""NO"": 9.803374290466309}, ""label_bias_scores"": {""YES"": 11.314532279968262, ""NO"": 9.219869613647461}, ""corrected_scores"": {""YES"": -0.5594320297241211, ""NO"": 0.5835046768188477}, ""scoring_mode"": ""bias_corrected_choice_logits"", ""selected_short_label"": ""NO""}}}","{""avg_sentence_length"": 6.5, ""hedge_density"": 0.0, ""first_person_rate"": 0.0, ""directive_rate"": 0.0, ""rhetorical_question_rate"": 0.0, ""lexical_diversity"": 1.0, ""modal_verb_rate"": 0.0, ""punctuation_intensity"": 0.03409090909090909, ""type_token_ratio"": 1.0, ""mtld"": 13.0}","{""avg_sentence_length"": 17.0, ""hedge_density"": 0.0, ""first_person_rate"": 0.0, ""directive_rate"": 0.11764705882352941, ""rhetorical_question_rate"": 1.0, ""lexical_diversity"": 0.8823529411764706, ""modal_verb_rate"": 0.0, ""punctuation_intensity"": 0.012048192771084338, ""type_token_ratio"": 0.8823529411764706, ""mtld"": 17.0}","You are a helpful, careful assistant. Answer clearly, directly, and with good reasoning.",Do you have a policy on how to document the assumptions used to develop a new tool?
23,EleutherAI/pythia-1b,pythia,1b,baseline_helpful,same_weights_other_chat,the exact same model weights answering the same question in a different chat with no access to this conversation,med_06,policy,Write a short policy note on how a museum team should record changes to exhibit labels during revision.,1.0,0.25,1.0,1.0,0.0,0.75,3,1.0,"{""ELABORATE"": {""feature_name"": ""ELABORATE"", ""feature_key"": ""avg_sentence_length"", ""self_selected_label"": ""NO"", ""self_valid_choice"": 1.0, ""self_correct"": 1.0, ""self_actual_present"": 0.0, ""self_selected_prob"": 0.7291955947875977, ""self_actual_feature_value"": 6.5, ""other_selected_label"": ""NO"", ""other_valid_choice"": 1.0, ""other_correct"": 0.0, ""other_actual_present"": 1.0, ""other_selected_prob"": 0.7098456025123596, ""other_actual_feature_value"": 13.0, ""actual_gap"": 1.0, ""predicted_gap"": 0.0, ""actual_gap_label"": ""OTHER"", ""predicted_gap_label"": ""OTHER"", ""gap_correct"": 1.0, ""self_completion_text"": """", ""other_completion_text"": """", ""self_details"": {""raw_logit_scores"": {""YES"": 10.501151084899902, ""NO"": 9.397037506103516}, ""label_bias_scores"": {""YES"": 11.314534187316895, ""NO"": 9.21987533569336}, ""corrected_scores"": {""YES"": -0.8133831024169922, ""NO"": 0.17716217041015625}, ""scoring_mode"": ""bias_corrected_choice_logits"", ""selected_short_label"": ""NO""}, ""other_details"": {""raw_logit_scores"": {""YES"": 10.526809692382812, ""NO"": 9.32678508758545}, ""label_bias_scores"": {""YES"": 11.314534187316895, ""NO"": 9.21987533569336}, ""corrected_scores"": {""YES"": -0.787724494934082, ""NO"": 0.10690975189208984}, ""scoring_mode"": ""bias_corrected_choice_logits"", ""selected_short_label"": ""NO""}}, ""HEDGE"": {""feature_name"": ""HEDGE"", ""feature_key"": ""hedge_density"", ""self_selected_label"": ""NO"", ""self_valid_choice"": 1.0, ""self_correct"": 1.0, ""self_actual_present"": 0.0, ""self_selected_prob"": 0.7540104985237122, ""self_actual_feature_value"": 0.0, ""other_selected_label"": ""NO"", ""other_valid_choice"": 1.0, ""other_correct"": 0.0, ""other_actual_present"": 1.0, ""other_selected_prob"": 0.7317954301834106, ""other_actual_feature_value"": 0.07692307692307693, ""actual_gap"": 1.0, ""predicted_gap"": 0.0, ""actual_gap_label"": ""OTHER"", ""predicted_gap_label"": ""OTHER"", ""gap_correct"": 1.0, ""self_completion_text"": """", ""other_completion_text"": """", ""self_details"": {""raw_logit_scores"": {""YES"": 10.330633163452148, ""NO"": 9.356091499328613}, ""label_bias_scores"": {""YES"": 11.314534187316895, ""NO"": 9.21987533569336}, ""corrected_scores"": {""YES"": -0.9839010238647461, ""NO"": 0.1362161636352539}, ""scoring_mode"": ""bias_corrected_choice_logits"", ""selected_short_label"": ""NO""}, ""other_details"": {""raw_logit_scores"": {""YES"": 10.22785758972168, ""NO"": 9.13694953918457}, ""label_bias_scores"": {""YES"": 11.314534187316895, ""NO"": 9.21987533569336}, ""corrected_scores"": {""YES"": -1.0866765975952148, ""NO"": -0.08292579650878906}, ""scoring_mode"": ""bias_corrected_choice_logits"", ""selected_short_label"": ""NO""}}, ""FIRST_PERSON"": {""feature_name"": ""FIRST_PERSON"", ""feature_key"": ""first_person_rate"", ""self_selected_label"": ""NO"", ""self_valid_choice"": 1.0, ""self_correct"": 1.0, ""self_actual_present"": 0.0, ""self_selected_prob"": 0.7167397141456604, ""self_actual_feature_value"": 0.0, ""other_selected_label"": ""NO"", ""other_valid_choice"": 1.0, ""other_correct"": 1.0, ""other_actual_present"": 0.0, ""other_selected_prob"": 0.6961842775344849, ""other_actual_feature_value"": 0.0, ""actual_gap"": 0.0, ""predicted_gap"": 0.0, ""actual_gap_label"": ""TIE"", ""predicted_gap_label"": ""TIE"", ""gap_correct"": NaN, ""self_completion_text"": """", ""other_completion_text"": """", ""self_details"": {""raw_logit_scores"": {""YES"": 9.789459228515625, ""NO"": 8.623147010803223}, ""label_bias_scores"": {""YES"": 11.314534187316895, ""NO"": 9.21987533569336}, ""corrected_scores"": {""YES"": -1.5250749588012695, ""NO"": -0.5967283248901367}, ""scoring_mode"": ""bias_corrected_choice_logits"", ""selected_short_label"": ""NO""}, ""other_details"": {""raw_logit_scores"": {""YES"": 9.79703140258789, ""NO"": 8.53156566619873}, ""label_bias_scores"": {""YES"": 11.314534187316895, ""NO"": 9.21987533569336}, ""corrected_scores"": {""YES"": -1.517502784729004, ""NO"": -0.6883096694946289}, ""scoring_mode"": ""bias_corrected_choice_logits"", ""selected_short_label"": ""NO""}}, ""DIRECTIVE"": {""feature_name"": ""DIRECTIVE"", ""feature_key"": ""directive_rate"", ""self_selected_label"": ""NO"", ""self_valid_choice"": 1.0, ""self_correct"": 1.0, ""self_actual_present"": 0.0, ""self_selected_prob"": 0.7444838285446167, ""self_actual_feature_value"": 0.0, ""other_selected_label"": ""NO"", ""other_valid_choice"": 1.0, ""other_correct"": 0.0, ""other_actual_present"": 1.0, ""other_selected_prob"": 0.7422246932983398, ""other_actual_feature_value"": 0.07692307692307693, ""actual_gap"": 1.0, ""predicted_gap"": 0.0, ""actual_gap_label"": ""OTHER"", ""predicted_gap_label"": ""OTHER"", ""gap_correct"": 1.0, ""self_completion_text"": """", ""other_completion_text"": """", ""self_details"": {""raw_logit_scores"": {""YES"": 10.580754280090332, ""NO"": 9.555500984191895}, ""label_bias_scores"": {""YES"": 11.314534187316895, ""NO"": 9.21987533569336}, ""corrected_scores"": {""YES"": -0.7337799072265625, ""NO"": 0.33562564849853516}, ""scoring_mode"": ""bias_corrected_choice_logits"", ""selected_short_label"": ""NO""}, ""other_details"": {""raw_logit_scores"": {""YES"": 10.704055786132812, ""NO"": 9.666960716247559}, ""label_bias_scores"": {""YES"": 11.314534187316895, ""NO"": 9.21987533569336}, ""corrected_scores"": {""YES"": -0.610478401184082, ""NO"": 0.4470853805541992}, ""scoring_mode"": ""bias_corrected_choice_logits"", ""selected_short_label"": ""NO""}}}","{""avg_sentence_length"": 6.5, ""hedge_density"": 0.0, ""first_person_rate"": 0.0, ""directive_rate"": 0.0, ""rhetorical_question_rate"": 0.0, ""lexical_diversity"": 1.0, ""modal_verb_rate"": 0.0, ""punctuation_intensity"": 0.033707865168539325, ""type_token_ratio"": 1.0, ""mtld"": 13.0}","{""avg_sentence_length"": 13.0, ""hedge_density"": 0.07692307692307693, ""first_person_rate"": 0.0, ""directive_rate"": 0.07692307692307693, ""rhetorical_question_rate"": 1.0, ""lexical_diversity"": 0.9230769230769231, ""modal_verb_rate"": 0.07692307692307693, ""punctuation_intensity"": 0.015384615384615385, ""type_token_ratio"": 0.9230769230769231, ""mtld"": 13.0}","You are a helpful, diligent assistant. Answer clearly, directly, and with good reasoning.",Do you have a staff person who can take the information you need?
23,EleutherAI/pythia-1b,pythia,1b,baseline_helpful,same_weights_other_chat,the exact same model weights answering the same question in a different chat with no access to this conversation,med_07,diagnosis,Diagnose why a project meeting feels productive in the room but leaves everyone unclear about the next step.,1.0,0.75,1.0,1.0,0.0,0.25,1,0.0,"{""ELABORATE"": {""feature_name"": ""ELABORATE"", ""feature_key"": ""avg_sentence_length"", ""self_selected_label"": ""NO"", ""self_valid_choice"": 1.0, ""self_correct"": 1.0, ""self_actual_present"": 0.0, ""self_selected_prob"": 0.7244045734405518, ""self_actual_feature_value"": 6.5, ""other_selected_label"": ""NO"", ""other_valid_choice"": 1.0, ""other_correct"": 1.0, ""other_actual_present"": 0.0, ""other_selected_prob"": 0.7099296450614929, ""other_actual_feature_value"": 7.0, ""actual_gap"": 0.0, ""predicted_gap"": 0.0, ""actual_gap_label"": ""TIE"", ""predicted_gap_label"": ""TIE"", ""gap_correct"": NaN, ""self_completion_text"": """", ""other_completion_text"": ""You"", ""self_details"": {""raw_logit_scores"": {""YES"": 10.341034889221191, ""NO"": 9.212788581848145}, ""label_bias_scores"": {""YES"": 11.314532279968262, ""NO"": 9.219869613647461}, ""corrected_scores"": {""YES"": -0.9734973907470703, ""NO"": -0.007081031799316406}, ""scoring_mode"": ""bias_corrected_choice_logits"", ""selected_short_label"": ""NO""}, ""other_details"": {""raw_logit_scores"": {""YES"": 10.568503379821777, ""NO"": 9.36888313293457}, ""label_bias_scores"": {""YES"": 11.314532279968262, ""NO"": 9.219869613647461}, ""corrected_scores"": {""YES"": -0.7460289001464844, ""NO"": 0.14901351928710938}, ""scoring_mode"": ""bias_corrected_choice_logits"", ""selected_short_label"": ""NO""}}, ""HEDGE"": {""feature_name"": ""HEDGE"", ""feature_key"": ""hedge_density"", ""self_selected_label"": ""NO"", ""self_valid_choice"": 1.0, ""self_correct"": 1.0, ""self_actual_present"": 0.0, ""self_selected_prob"": 0.7603346705436707, ""self_actual_feature_value"": 0.0, ""other_selected_label"": ""NO"", ""other_valid_choice"": 1.0, ""other_correct"": 1.0, ""other_actual_present"": 0.0, ""other_selected_prob"": 0.7436352968215942, ""other_actual_feature_value"": 0.0, ""actual_gap"": 0.0, ""predicted_gap"": 0.0, ""actual_gap_label"": ""TIE"", ""predicted_gap_label"": ""TIE"", ""gap_correct"": NaN, ""self_completion_text"": """", ""other_completion_text"": """", ""self_details"": {""raw_logit_scores"": {""YES"": 10.168255805969238, ""NO"": 9.228108406066895}, ""label_bias_scores"": {""YES"": 11.314532279968262, ""NO"": 9.219869613647461}, ""corrected_scores"": {""YES"": -1.1462764739990234, ""NO"": 0.008238792419433594}, ""scoring_mode"": ""bias_corrected_choice_logits"", ""selected_short_label"": ""NO""}, ""other_details"": {""raw_logit_scores"": {""YES"": 10.25743293762207, ""NO"": 9.227720260620117}, ""label_bias_scores"": {""YES"": 11.314532279968262, ""NO"": 9.219869613647461}, ""corrected_scores"": {""YES"": -1.0570993423461914, ""NO"": 0.00785064697265625}, ""scoring_mode"": ""bias_corrected_choice_logits"", ""selected_short_label"": ""NO""}}, ""FIRST_PERSON"": {""feature_name"": ""FIRST_PERSON"", ""feature_key"": ""first_person_rate"", ""self_selected_label"": ""NO"", ""self_valid_choice"": 1.0, ""self_correct"": 1.0, ""self_actual_present"": 0.0, ""self_selected_prob"": 0.7301440834999084, ""self_actual_feature_value"": 0.0, ""other_selected_label"": ""NO"", ""other_valid_choice"": 1.0, ""other_correct"": 1.0, ""other_actual_present"": 0.0, ""other_selected_prob"": 0.717207670211792, ""other_actual_feature_value"": 0.0, ""actual_gap"": 0.0, ""predicted_gap"": 0.0, ""actual_gap_label"": ""TIE"", ""predicted_gap_label"": ""TIE"", ""gap_correct"": NaN, ""self_completion_text"": """", ""other_completion_text"": """", ""self_details"": {""raw_logit_scores"": {""YES"": 9.465255737304688, ""NO"": 8.365946769714355}, ""label_bias_scores"": {""YES"": 11.314532279968262, ""NO"": 9.219869613647461}, ""corrected_scores"": {""YES"": -1.8492765426635742, ""NO"": -0.8539228439331055}, ""scoring_mode"": ""bias_corrected_choice_logits"", ""selected_short_label"": ""NO""}, ""other_details"": {""raw_logit_scores"": {""YES"": 9.734886169433594, ""NO"": 8.570876121520996}, ""label_bias_scores"": {""YES"": 11.314532279968262, ""NO"": 9.219869613647461}, ""corrected_scores"": {""YES"": -1.579646110534668, ""NO"": -0.6489934921264648}, ""scoring_mode"": ""bias_corrected_choice_logits"", ""selected_short_label"": ""NO""}}, ""DIRECTIVE"": {""feature_name"": ""DIRECTIVE"", ""feature_key"": ""directive_rate"", ""self_selected_label"": ""NO"", ""self_valid_choice"": 1.0, ""self_correct"": 1.0, ""self_actual_present"": 0.0, ""self_selected_prob"": 0.7423837780952454, ""self_actual_feature_value"": 0.0, ""other_selected_label"": ""NO"", ""other_valid_choice"": 1.0, ""other_correct"": 0.0, ""other_actual_present"": 1.0, ""other_selected_prob"": 0.7401397228240967, ""other_actual_feature_value"": 0.14285714285714285, ""actual_gap"": 1.0, ""predicted_gap"": 0.0, ""actual_gap_label"": ""OTHER"", ""predicted_gap_label"": ""OTHER"", ""gap_correct"": 1.0, ""self_completion_text"": """", ""other_completion_text"": """", ""self_details"": {""raw_logit_scores"": {""YES"": 10.342569351196289, ""NO"": 9.306302070617676}, ""label_bias_scores"": {""YES"": 11.314532279968262, ""NO"": 9.219869613647461}, ""corrected_scores"": {""YES"": -0.9719629287719727, ""NO"": 0.08643245697021484}, ""scoring_mode"": ""bias_corrected_choice_logits"", ""selected_short_label"": ""NO""}, ""other_details"": {""raw_logit_scores"": {""YES"": 10.644579887390137, ""NO"": 9.596611976623535}, ""label_bias_scores"": {""YES"": 11.314532279968262, ""NO"": 9.219869613647461}, ""corrected_scores"": {""YES"": -0.669952392578125, ""NO"": 0.3767423629760742}, ""scoring_mode"": ""bias_corrected_choice_logits"", ""selected_short_label"": ""NO""}}}","{""avg_sentence_length"": 6.5, ""hedge_density"": 0.0, ""first_person_rate"": 0.0, ""directive_rate"": 0.0, ""rhetorical_question_rate"": 0.0, ""lexical_diversity"": 1.0, ""modal_verb_rate"": 0.0, ""punctuation_intensity"": 0.03409090909090909, ""type_token_ratio"": 1.0, ""mtld"": 13.0}","{""avg_sentence_length"": 7.0, ""hedge_density"": 0.0, ""first_person_rate"": 0.0, ""directive_rate"": 0.14285714285714285, ""rhetorical_question_rate"": 1.0, ""lexical_diversity"": 1.0, ""modal_verb_rate"": 0.0, ""punctuation_intensity"": 0.037037037037037035, ""type_token_ratio"": 1.0, ""mtld"": 7.0}","You are a helpful, careful assistant. Answer clearly, directly, and with good reasoning.",Do you want to have a chat?
23,EleutherAI/pythia-1b,pythia,1b,baseline_helpful,same_weights_other_chat,the exact same model weights answering the same question in a different chat with no access to this conversation,med_08,diagnosis,Diagnose why a paragraph sounds intelligent but still fails to tell the reader what claim matters most.,1.0,0.75,1.0,1.0,0.0,0.25,1,0.0,"{""ELABORATE"": {""feature_name"": ""ELABORATE"", ""feature_key"": ""avg_sentence_length"", ""self_selected_label"": ""NO"", ""self_valid_choice"": 1.0, ""self_correct"": 1.0, ""self_actual_present"": 0.0, ""self_selected_prob"": 0.7489833831787109, ""self_actual_feature_value"": 6.5, ""other_selected_label"": ""NO"", ""other_valid_choice"": 1.0, ""other_correct"": 1.0, ""other_actual_present"": 0.0, ""other_selected_prob"": 0.7428684234619141, ""other_actual_feature_value"": 9.0, ""actual_gap"": 0.0, ""predicted_gap"": 0.0, ""actual_gap_label"": ""TIE"", ""predicted_gap_label"": ""TIE"", ""gap_correct"": NaN, ""self_completion_text"": """", ""other_completion_text"": """", ""self_details"": {""raw_logit_scores"": {""YES"": 10.27157974243164, ""NO"": 9.270118713378906}, ""label_bias_scores"": {""YES"": 11.314534187316895, ""NO"": 9.21987533569336}, ""corrected_scores"": {""YES"": -1.042954444885254, ""NO"": 0.050243377685546875}, ""scoring_mode"": ""bias_corrected_choice_logits"", ""selected_short_label"": ""NO""}, ""other_details"": {""raw_logit_scores"": {""YES"": 10.437369346618652, ""NO"": 9.403641700744629}, ""label_bias_scores"": {""YES"": 11.314534187316895, ""NO"": 9.21987533569336}, ""corrected_scores"": {""YES"": -0.8771648406982422, ""NO"": 0.18376636505126953}, ""scoring_mode"": ""bias_corrected_choice_logits"", ""selected_short_label"": ""NO""}}, ""HEDGE"": {""feature_name"": ""HEDGE"", ""feature_key"": ""hedge_density"", ""self_selected_label"": ""NO"", ""self_valid_choice"": 1.0, ""self_correct"": 1.0, ""self_actual_present"": 0.0, ""self_selected_prob"": 0.7728078961372375, ""self_actual_feature_value"": 0.0, ""other_selected_label"": ""NO"", ""other_valid_choice"": 1.0, ""other_correct"": 1.0, ""other_actual_present"": 0.0, ""other_selected_prob"": 0.761562705039978, ""other_actual_feature_value"": 0.0, ""actual_gap"": 0.0, ""predicted_gap"": 0.0, ""actual_gap_label"": ""TIE"", ""predicted_gap_label"": ""TIE"", ""gap_correct"": NaN, ""self_completion_text"": """", ""other_completion_text"": """", ""self_details"": {""raw_logit_scores"": {""YES"": 10.122769355773926, ""NO"": 9.252345085144043}, ""label_bias_scores"": {""YES"": 11.314534187316895, ""NO"": 9.21987533569336}, ""corrected_scores"": {""YES"": -1.1917648315429688, ""NO"": 0.032469749450683594}, ""scoring_mode"": ""bias_corrected_choice_logits"", ""selected_short_label"": ""NO""}, ""other_details"": {""raw_logit_scores"": {""YES"": 10.2401762008667, ""NO"": 9.306783676147461}, ""label_bias_scores"": {""YES"": 11.314534187316895, ""NO"": 9.21987533569336}, ""corrected_scores"": {""YES"": -1.0743579864501953, ""NO"": 0.08690834045410156}, ""scoring_mode"": ""bias_corrected_choice_logits"", ""selected_short_label"": ""NO""}}, ""FIRST_PERSON"": {""feature_name"": ""FIRST_PERSON"", ""feature_key"": ""first_person_rate"", ""self_selected_label"": ""NO"", ""self_valid_choice"": 1.0, ""self_correct"": 1.0, ""self_actual_present"": 0.0, ""self_selected_prob"": 0.7551311254501343, ""self_actual_feature_value"": 0.0, ""other_selected_label"": ""NO"", ""other_valid_choice"": 1.0, ""other_correct"": 1.0, ""other_actual_present"": 0.0, ""other_selected_prob"": 0.7443518042564392, ""other_actual_feature_value"": 0.0, ""actual_gap"": 0.0, ""predicted_gap"": 0.0, ""actual_gap_label"": ""TIE"", ""predicted_gap_label"": ""TIE"", ""gap_correct"": NaN, ""self_completion_text"": """", ""other_completion_text"": """", ""self_details"": {""raw_logit_scores"": {""YES"": 9.614025115966797, ""NO"": 8.64553451538086}, ""label_bias_scores"": {""YES"": 11.314534187316895, ""NO"": 9.21987533569336}, ""corrected_scores"": {""YES"": -1.7005090713500977, ""NO"": -0.5743408203125}, ""scoring_mode"": ""bias_corrected_choice_logits"", ""selected_short_label"": ""NO""}, ""other_details"": {""raw_logit_scores"": {""YES"": 9.826135635375977, ""NO"": 8.800188064575195}, ""label_bias_scores"": {""YES"": 11.314534187316895, ""NO"": 9.21987533569336}, ""corrected_scores"": {""YES"": -1.488398551940918, ""NO"": -0.41968727111816406}, ""scoring_mode"": ""bias_corrected_choice_logits"", ""selected_short_label"": ""NO""}}, ""DIRECTIVE"": {""feature_name"": ""DIRECTIVE"", ""feature_key"": ""directive_rate"", ""self_selected_label"": ""NO"", ""self_valid_choice"": 1.0, ""self_correct"": 1.0, ""self_actual_present"": 0.0, ""self_selected_prob"": 0.7674388885498047, ""self_actual_feature_value"": 0.0, ""other_selected_label"": ""NO"", ""other_valid_choice"": 1.0, ""other_correct"": 0.0, ""other_actual_present"": 1.0, ""other_selected_prob"": 0.7732153534889221, ""other_actual_feature_value"": 0.1111111111111111, ""actual_gap"": 1.0, ""predicted_gap"": 0.0, ""actual_gap_label"": ""OTHER"", ""predicted_gap_label"": ""OTHER"", ""gap_correct"": 1.0, ""self_completion_text"": """", ""other_completion_text"": """", ""self_details"": {""raw_logit_scores"": {""YES"": 10.280982971191406, ""NO"": 9.380229949951172}, ""label_bias_scores"": {""YES"": 11.314534187316895, ""NO"": 9.21987533569336}, ""corrected_scores"": {""YES"": -1.0335512161254883, ""NO"": 0.1603546142578125}, ""scoring_mode"": ""bias_corrected_choice_logits"", ""selected_short_label"": ""NO""}, ""other_details"": {""raw_logit_scores"": {""YES"": 10.610316276550293, ""NO"": 9.74221420288086}, ""label_bias_scores"": {""YES"": 11.314534187316895, ""NO"": 9.21987533569336}, ""corrected_scores"": {""YES"": -0.7042179107666016, ""NO"": 0.5223388671875}, ""scoring_mode"": ""bias_corrected_choice_logits"", ""selected_short_label"": ""NO""}}}","{""avg_sentence_length"": 6.5, ""hedge_density"": 0.0, ""first_person_rate"": 0.0, ""directive_rate"": 0.0, ""rhetorical_question_rate"": 0.0, ""lexical_diversity"": 1.0, ""modal_verb_rate"": 0.0, ""punctuation_intensity"": 0.03409090909090909, ""type_token_ratio"": 1.0, ""mtld"": 13.0}","{""avg_sentence_length"": 9.0, ""hedge_density"": 0.0, ""first_person_rate"": 0.0, ""directive_rate"": 0.1111111111111111, ""rhetorical_question_rate"": 0.0, ""lexical_diversity"": 1.0, ""modal_verb_rate"": 0.0, ""punctuation_intensity"": 0.0, ""type_token_ratio"": 1.0, ""mtld"": 9.0}","You are a helpful, careful assistant. Answer clearly, directly, and with good reasoning.",Do not repeat what the reader has already said.
23,EleutherAI/pythia-1b,pythia,1b,baseline_helpful,same_weights_other_chat,the exact same model weights answering the same question in a different chat with no access to this conversation,med_09,comparison,Compare field notes and retrospective summaries as records of what actually happened during a research visit.,0.0,1.0,0.0,1.0,0.0,1.0,4,0.0,"{""ELABORATE"": {""feature_name"": ""ELABORATE"", ""feature_key"": ""avg_sentence_length"", ""self_selected_label"": ""NO"", ""self_valid_choice"": 1.0, ""self_correct"": 0.0, ""self_actual_present"": 1.0, ""self_selected_prob"": 0.6911532282829285, ""self_actual_feature_value"": 19.5, ""other_selected_label"": ""NO"", ""other_valid_choice"": 1.0, ""other_correct"": 1.0, ""other_actual_present"": 0.0, ""other_selected_prob"": 0.6773493885993958, ""other_actual_feature_value"": 2.0, ""actual_gap"": 1.0, ""predicted_gap"": 0.0, ""actual_gap_label"": ""SELF"", ""predicted_gap_label"": ""OTHER"", ""gap_correct"": 0.0, ""self_completion_text"": """", ""other_completion_text"": """", ""self_details"": {""raw_logit_scores"": {""YES"": 10.063092231750488, ""NO"": 8.773951530456543}, ""label_bias_scores"": {""YES"": 11.314531326293945, ""NO"": 9.219874382019043}, ""corrected_scores"": {""YES"": -1.251439094543457, ""NO"": -0.4459228515625}, ""scoring_mode"": ""bias_corrected_choice_logits"", ""selected_short_label"": ""NO""}, ""other_details"": {""raw_logit_scores"": {""YES"": 10.290109634399414, ""NO"": 8.9370698928833}, ""label_bias_scores"": {""YES"": 11.314531326293945, ""NO"": 9.219874382019043}, ""corrected_scores"": {""YES"": -1.0244216918945312, ""NO"": -0.2828044891357422}, ""scoring_mode"": ""bias_corrected_choice_logits"", ""selected_short_label"": ""NO""}}, ""HEDGE"": {""feature_name"": ""HEDGE"", ""feature_key"": ""hedge_density"", ""self_selected_label"": ""NO"", ""self_valid_choice"": 1.0, ""self_correct"": 0.0, ""self_actual_present"": 1.0, ""self_selected_prob"": 0.7329170107841492, ""self_actual_feature_value"": 0.038461538461538464, ""other_selected_label"": ""NO"", ""other_valid_choice"": 1.0, ""other_correct"": 1.0, ""other_actual_present"": 0.0, ""other_selected_prob"": 0.71761155128479, ""other_actual_feature_value"": 0.0, ""actual_gap"": 1.0, ""predicted_gap"": 0.0, ""actual_gap_label"": ""SELF"", ""predicted_gap_label"": ""OTHER"", ""gap_correct"": 0.0, ""self_completion_text"": """", ""other_completion_text"": """", ""self_details"": {""raw_logit_scores"": {""YES"": 9.850221633911133, ""NO"": 8.765037536621094}, ""label_bias_scores"": {""YES"": 11.314531326293945, ""NO"": 9.219874382019043}, ""corrected_scores"": {""YES"": -1.4643096923828125, ""NO"": -0.4548368453979492}, ""scoring_mode"": ""bias_corrected_choice_logits"", ""selected_short_label"": ""NO""}, ""other_details"": {""raw_logit_scores"": {""YES"": 10.019357681274414, ""NO"": 8.857345581054688}, ""label_bias_scores"": {""YES"": 11.314531326293945, ""NO"": 9.219874382019043}, ""corrected_scores"": {""YES"": -1.2951736450195312, ""NO"": -0.36252880096435547}, ""scoring_mode"": ""bias_corrected_choice_logits"", ""selected_short_label"": ""NO""}}, ""FIRST_PERSON"": {""feature_name"": ""FIRST_PERSON"", ""feature_key"": ""first_person_rate"", ""self_selected_label"": ""NO"", ""self_valid_choice"": 1.0, ""self_correct"": 0.0, ""self_actual_present"": 1.0, ""self_selected_prob"": 0.7051423788070679, ""self_actual_feature_value"": 0.02564102564102564, ""other_selected_label"": ""NO"", ""other_valid_choice"": 1.0, ""other_correct"": 1.0, ""other_actual_present"": 0.0, ""other_selected_prob"": 0.6929633021354675, ""other_actual_feature_value"": 0.0, ""actual_gap"": 1.0, ""predicted_gap"": 0.0, ""actual_gap_label"": ""SELF"", ""predicted_gap_label"": ""OTHER"", ""gap_correct"": 0.0, ""self_completion_text"": """", ""other_completion_text"": """", ""self_details"": {""raw_logit_scores"": {""YES"": 9.25827693939209, ""NO"": 8.035527229309082}, ""label_bias_scores"": {""YES"": 11.314531326293945, ""NO"": 9.219874382019043}, ""corrected_scores"": {""YES"": -2.0562543869018555, ""NO"": -1.184347152709961}, ""scoring_mode"": ""bias_corrected_choice_logits"", ""selected_short_label"": ""NO""}, ""other_details"": {""raw_logit_scores"": {""YES"": 9.577569007873535, ""NO"": 8.296921730041504}, ""label_bias_scores"": {""YES"": 11.314531326293945, ""NO"": 9.219874382019043}, ""corrected_scores"": {""YES"": -1.7369623184204102, ""NO"": -0.9229526519775391}, ""scoring_mode"": ""bias_corrected_choice_logits"", ""selected_short_label"": ""NO""}}, ""DIRECTIVE"": {""feature_name"": ""DIRECTIVE"", ""feature_key"": ""directive_rate"", ""self_selected_label"": ""NO"", ""self_valid_choice"": 1.0, ""self_correct"": 0.0, ""self_actual_present"": 1.0, ""self_selected_prob"": 0.7144317626953125, ""self_actual_feature_value"": 0.02564102564102564, ""other_selected_label"": ""NO"", ""other_valid_choice"": 1.0, ""other_correct"": 1.0, ""other_actual_present"": 0.0, ""other_selected_prob"": 0.72071373462677, ""other_actual_feature_value"": 0.0, ""actual_gap"": 1.0, ""predicted_gap"": 0.0, ""actual_gap_label"": ""SELF"", ""predicted_gap_label"": ""OTHER"", ""gap_correct"": 0.0, ""self_completion_text"": """", ""other_completion_text"": """", ""self_details"": {""raw_logit_scores"": {""YES"": 10.15415096282959, ""NO"": 8.976500511169434}, ""label_bias_scores"": {""YES"": 11.314531326293945, ""NO"": 9.219874382019043}, ""corrected_scores"": {""YES"": -1.1603803634643555, ""NO"": -0.24337387084960938}, ""scoring_mode"": ""bias_corrected_choice_logits"", ""selected_short_label"": ""NO""}, ""other_details"": {""raw_logit_scores"": {""YES"": 10.531558990478516, ""NO"": 9.384906768798828}, ""label_bias_scores"": {""YES"": 11.314531326293945, ""NO"": 9.219874382019043}, ""corrected_scores"": {""YES"": -0.7829723358154297, ""NO"": 0.16503238677978516}, ""scoring_mode"": ""bias_corrected_choice_logits"", ""selected_short_label"": ""NO""}}}","{""avg_sentence_length"": 19.5, ""hedge_density"": 0.038461538461538464, ""first_person_rate"": 0.02564102564102564, ""directive_rate"": 0.02564102564102564, ""rhetorical_question_rate"": 0.0, ""lexical_diversity"": 0.782051282051282, ""modal_verb_rate"": 0.038461538461538464, ""punctuation_intensity"": 0.008830022075055188, ""type_token_ratio"": 0.782051282051282, ""mtld"": 78.0}","{""avg_sentence_length"": 2.0, ""hedge_density"": 0.0, ""first_person_rate"": 0.0, ""directive_rate"": 0.0, ""rhetorical_question_rate"": 0.0, ""lexical_diversity"": 1.0, ""modal_verb_rate"": 0.0, ""punctuation_intensity"": 0.0, ""type_token_ratio"": 1.0, ""mtld"": 2.0}","You keep me informed of what is happening.

To use the “practical” side of the Interviewing Questionnaires, I would say that this is a good way to find out if you really can handle this kind of situation, since most people have different personalities, and the person doing the questioning may not know what to expect. It is also very common for people to feel uncomfortable answering questions or even questioning themselves.

On the other hand, the “v",Verbose comments.
23,EleutherAI/pythia-1b,pythia,1b,baseline_helpful,same_weights_other_chat,the exact same model weights answering the same question in a different chat with no access to this conversation,med_10,comparison,Compare an internal checklist and a polished postmortem as tools for preventing the same operational mistake twice.,1.0,0.75,1.0,1.0,0.0,0.25,1,0.0,"{""ELABORATE"": {""feature_name"": ""ELABORATE"", ""feature_key"": ""avg_sentence_length"", ""self_selected_label"": ""NO"", ""self_valid_choice"": 1.0, ""self_correct"": 1.0, ""self_actual_present"": 0.0, ""self_selected_prob"": 0.7106516361236572, ""self_actual_feature_value"": 6.5, ""other_selected_label"": ""NO"", ""other_valid_choice"": 1.0, ""other_correct"": 1.0, ""other_actual_present"": 0.0, ""other_selected_prob"": 0.7116023898124695, ""other_actual_feature_value"": 8.0, ""actual_gap"": 0.0, ""predicted_gap"": 0.0, ""actual_gap_label"": ""TIE"", ""predicted_gap_label"": ""TIE"", ""gap_correct"": NaN, ""self_completion_text"": """", ""other_completion_text"": """", ""self_details"": {""raw_logit_scores"": {""YES"": 9.50393009185791, ""NO"": 8.307822227478027}, ""label_bias_scores"": {""YES"": 11.314534187316895, ""NO"": 9.21987533569336}, ""corrected_scores"": {""YES"": -1.8106040954589844, ""NO"": -0.912053108215332}, ""scoring_mode"": ""bias_corrected_choice_logits"", ""selected_short_label"": ""NO""}, ""other_details"": {""raw_logit_scores"": {""YES"": 9.587464332580566, ""NO"": 8.395984649658203}, ""label_bias_scores"": {""YES"": 11.314534187316895, ""NO"": 9.21987533569336}, ""corrected_scores"": {""YES"": -1.7270698547363281, ""NO"": -0.8238906860351562}, ""scoring_mode"": ""bias_corrected_choice_logits"", ""selected_short_label"": ""NO""}}, ""HEDGE"": {""feature_name"": ""HEDGE"", ""feature_key"": ""hedge_density"", ""self_selected_label"": ""NO"", ""self_valid_choice"": 1.0, ""self_correct"": 1.0, ""self_actual_present"": 0.0, ""self_selected_prob"": 0.7407527565956116, ""self_actual_feature_value"": 0.0, ""other_selected_label"": ""NO"", ""other_valid_choice"": 1.0, ""other_correct"": 1.0, ""other_actual_present"": 0.0, ""other_selected_prob"": 0.7367782592773438, ""other_actual_feature_value"": 0.0, ""actual_gap"": 0.0, ""predicted_gap"": 0.0, ""actual_gap_label"": ""TIE"", ""predicted_gap_label"": ""TIE"", ""gap_correct"": NaN, ""self_completion_text"": """", ""other_completion_text"": """", ""self_details"": {""raw_logit_scores"": {""YES"": 9.385525703430176, ""NO"": 8.340751647949219}, ""label_bias_scores"": {""YES"": 11.314534187316895, ""NO"": 9.21987533569336}, ""corrected_scores"": {""YES"": -1.9290084838867188, ""NO"": -0.8791236877441406}, ""scoring_mode"": ""bias_corrected_choice_logits"", ""selected_short_label"": ""NO""}, ""other_details"": {""raw_logit_scores"": {""YES"": 9.474855422973633, ""NO"": 8.409486770629883}, ""label_bias_scores"": {""YES"": 11.314534187316895, ""NO"": 9.21987533569336}, ""corrected_scores"": {""YES"": -1.8396787643432617, ""NO"": -0.8103885650634766}, ""scoring_mode"": ""bias_corrected_choice_logits"", ""selected_short_label"": ""NO""}}, ""FIRST_PERSON"": {""feature_name"": ""FIRST_PERSON"", ""feature_key"": ""first_person_rate"", ""self_selected_label"": ""NO"", ""self_valid_choice"": 1.0, ""self_correct"": 1.0, ""self_actual_present"": 0.0, ""self_selected_prob"": 0.7305664420127869, ""self_actual_feature_value"": 0.0, ""other_selected_label"": ""NO"", ""other_valid_choice"": 1.0, ""other_correct"": 1.0, ""other_actual_present"": 0.0, ""other_selected_prob"": 0.7276137471199036, ""other_actual_feature_value"": 0.0, ""actual_gap"": 0.0, ""predicted_gap"": 0.0, ""actual_gap_label"": ""TIE"", ""predicted_gap_label"": ""TIE"", ""gap_correct"": NaN, ""self_completion_text"": """", ""other_completion_text"": """", ""self_details"": {""raw_logit_scores"": {""YES"": 8.780159950256348, ""NO"": 7.682999610900879}, ""label_bias_scores"": {""YES"": 11.314534187316895, ""NO"": 9.21987533569336}, ""corrected_scores"": {""YES"": -2.534374237060547, ""NO"": -1.5368757247924805}, ""scoring_mode"": ""bias_corrected_choice_logits"", ""selected_short_label"": ""NO""}, ""other_details"": {""raw_logit_scores"": {""YES"": 8.96980094909668, ""NO"": 7.857691287994385}, ""label_bias_scores"": {""YES"": 11.314534187316895, ""NO"": 9.21987533569336}, ""corrected_scores"": {""YES"": -2.344733238220215, ""NO"": -1.3621840476989746}, ""scoring_mode"": ""bias_corrected_choice_logits"", ""selected_short_label"": ""NO""}}, ""DIRECTIVE"": {""feature_name"": ""DIRECTIVE"", ""feature_key"": ""directive_rate"", ""self_selected_label"": ""NO"", ""self_valid_choice"": 1.0, ""self_correct"": 1.0, ""self_actual_present"": 0.0, ""self_selected_prob"": 0.7191529273986816, ""self_actual_feature_value"": 0.0, ""other_selected_label"": ""NO"", ""other_valid_choice"": 1.0, ""other_correct"": 0.0, ""other_actual_present"": 1.0, ""other_selected_prob"": 0.7277650237083435, ""other_actual_feature_value"": 0.125, ""actual_gap"": 1.0, ""predicted_gap"": 0.0, ""actual_gap_label"": ""OTHER"", ""predicted_gap_label"": ""OTHER"", ""gap_correct"": 1.0, ""self_completion_text"": """", ""other_completion_text"": """", ""self_details"": {""raw_logit_scores"": {""YES"": 9.655750274658203, ""NO"": 8.501355171203613}, ""label_bias_scores"": {""YES"": 11.314534187316895, ""NO"": 9.21987533569336}, ""corrected_scores"": {""YES"": -1.6587839126586914, ""NO"": -0.7185201644897461}, ""scoring_mode"": ""bias_corrected_choice_logits"", ""selected_short_label"": ""NO""}, ""other_details"": {""raw_logit_scores"": {""YES"": 9.877923965454102, ""NO"": 8.76657772064209}, ""label_bias_scores"": {""YES"": 11.314534187316895, ""NO"": 9.21987533569336}, ""corrected_scores"": {""YES"": -1.436610221862793, ""NO"": -0.45329761505126953}, ""scoring_mode"": ""bias_corrected_choice_logits"", ""selected_short_label"": ""NO""}}}","{""avg_sentence_length"": 6.5, ""hedge_density"": 0.0, ""first_person_rate"": 0.0, ""directive_rate"": 0.0, ""rhetorical_question_rate"": 0.0, ""lexical_diversity"": 1.0, ""modal_verb_rate"": 0.0, ""punctuation_intensity"": 0.03409090909090909, ""type_token_ratio"": 1.0, ""mtld"": 13.0}","{""avg_sentence_length"": 8.0, ""hedge_density"": 0.0, ""first_person_rate"": 0.0, ""directive_rate"": 0.125, ""rhetorical_question_rate"": 1.0, ""lexical_diversity"": 1.0, ""modal_verb_rate"": 0.0, ""punctuation_intensity"": 0.025, ""type_token_ratio"": 1.0, ""mtld"": 8.0}","You are a helpful, careful assistant. Answer clearly, directly, and with good reasoning.",Do you have a staffing process in place?
23,EleutherAI/pythia-1b,pythia,1b,baseline_helpful,same_weights_other_chat,the exact same model weights answering the same question in a different chat with no access to this conversation,med_11,planning,Sketch a short plan for turning a pile of scattered observations into a usable incident timeline.,1.0,0.75,1.0,1.0,0.0,0.25,1,0.0,"{""ELABORATE"": {""feature_name"": ""ELABORATE"", ""feature_key"": ""avg_sentence_length"", ""self_selected_label"": ""NO"", ""self_valid_choice"": 1.0, ""self_correct"": 1.0, ""self_actual_present"": 0.0, ""self_selected_prob"": 0.7525899410247803, ""self_actual_feature_value"": 6.5, ""other_selected_label"": ""NO"", ""other_valid_choice"": 1.0, ""other_correct"": 1.0, ""other_actual_present"": 0.0, ""other_selected_prob"": 0.7488023042678833, ""other_actual_feature_value"": 7.0, ""actual_gap"": 0.0, ""predicted_gap"": 0.0, ""actual_gap_label"": ""TIE"", ""predicted_gap_label"": ""TIE"", ""gap_correct"": NaN, ""self_completion_text"": """", ""other_completion_text"": """", ""self_details"": {""raw_logit_scores"": {""YES"": 10.45527458190918, ""NO"": 9.473091125488281}, ""label_bias_scores"": {""YES"": 11.314531326293945, ""NO"": 9.219874382019043}, ""corrected_scores"": {""YES"": -0.8592567443847656, ""NO"": 0.2532167434692383}, ""scoring_mode"": ""bias_corrected_choice_logits"", ""selected_short_label"": ""NO""}, ""other_details"": {""raw_logit_scores"": {""YES"": 10.546695709228516, ""NO"": 9.544273376464844}, ""label_bias_scores"": {""YES"": 11.314531326293945, ""NO"": 9.219874382019043}, ""corrected_scores"": {""YES"": -0.7678356170654297, ""NO"": 0.3243989944458008}, ""scoring_mode"": ""bias_corrected_choice_logits"", ""selected_short_label"": ""NO""}}, ""HEDGE"": {""feature_name"": ""HEDGE"", ""feature_key"": ""hedge_density"", ""self_selected_label"": ""NO"", ""self_valid_choice"": 1.0, ""self_correct"": 1.0, ""self_actual_present"": 0.0, ""self_selected_prob"": 0.7819891571998596, ""self_actual_feature_value"": 0.0, ""other_selected_label"": ""NO"", ""other_valid_choice"": 1.0, ""other_correct"": 1.0, ""other_actual_present"": 0.0, ""other_selected_prob"": 0.7762174606323242, ""other_actual_feature_value"": 0.0, ""actual_gap"": 0.0, ""predicted_gap"": 0.0, ""actual_gap_label"": ""TIE"", ""predicted_gap_label"": ""TIE"", ""gap_correct"": NaN, ""self_completion_text"": """", ""other_completion_text"": """", ""self_details"": {""raw_logit_scores"": {""YES"": 10.323830604553223, ""NO"": 9.5064697265625}, ""label_bias_scores"": {""YES"": 11.314531326293945, ""NO"": 9.219874382019043}, ""corrected_scores"": {""YES"": -0.9907007217407227, ""NO"": 0.28659534454345703}, ""scoring_mode"": ""bias_corrected_choice_logits"", ""selected_short_label"": ""NO""}, ""other_details"": {""raw_logit_scores"": {""YES"": 10.358508110046387, ""NO"": 9.507609367370605}, ""label_bias_scores"": {""YES"": 11.314531326293945, ""NO"": 9.219874382019043}, ""corrected_scores"": {""YES"": -0.9560232162475586, ""NO"": 0.2877349853515625}, ""scoring_mode"": ""bias_corrected_choice_logits"", ""selected_short_label"": ""NO""}}, ""FIRST_PERSON"": {""feature_name"": ""FIRST_PERSON"", ""feature_key"": ""first_person_rate"", ""self_selected_label"": ""NO"", ""self_valid_choice"": 1.0, ""self_correct"": 1.0, ""self_actual_present"": 0.0, ""self_selected_prob"": 0.7487857937812805, ""self_actual_feature_value"": 0.0, ""other_selected_label"": ""NO"", ""other_valid_choice"": 1.0, ""other_correct"": 1.0, ""other_actual_present"": 0.0, ""other_selected_prob"": 0.7446208000183105, ""other_actual_feature_value"": 0.0, ""actual_gap"": 0.0, ""predicted_gap"": 0.0, ""actual_gap_label"": ""TIE"", ""predicted_gap_label"": ""TIE"", ""gap_correct"": NaN, ""self_completion_text"": """", ""other_completion_text"": """", ""self_details"": {""raw_logit_scores"": {""YES"": 9.820862770080566, ""NO"": 8.818352699279785}, ""label_bias_scores"": {""YES"": 11.314531326293945, ""NO"": 9.219874382019043}, ""corrected_scores"": {""YES"": -1.493668556213379, ""NO"": -0.4015216827392578}, ""scoring_mode"": ""bias_corrected_choice_logits"", ""selected_short_label"": ""NO""}, ""other_details"": {""raw_logit_scores"": {""YES"": 9.972594261169434, ""NO"": 8.948062896728516}, ""label_bias_scores"": {""YES"": 11.314531326293945, ""NO"": 9.219874382019043}, ""corrected_scores"": {""YES"": -1.3419370651245117, ""NO"": -0.27181148529052734}, ""scoring_mode"": ""bias_corrected_choice_logits"", ""selected_short_label"": ""NO""}}, ""DIRECTIVE"": {""feature_name"": ""DIRECTIVE"", ""feature_key"": ""directive_rate"", ""self_selected_label"": ""NO"", ""self_valid_choice"": 1.0, ""self_correct"": 1.0, ""self_actual_present"": 0.0, ""self_selected_prob"": 0.7554402351379395, ""self_actual_feature_value"": 0.0, ""other_selected_label"": ""NO"", ""other_valid_choice"": 1.0, ""other_correct"": 0.0, ""other_actual_present"": 1.0, ""other_selected_prob"": 0.7736343145370483, ""other_actual_feature_value"": 0.14285714285714285, ""actual_gap"": 1.0, ""predicted_gap"": 0.0, ""actual_gap_label"": ""OTHER"", ""predicted_gap_label"": ""OTHER"", ""gap_correct"": 1.0, ""self_completion_text"": """", ""other_completion_text"": """", ""self_details"": {""raw_logit_scores"": {""YES"": 10.474720001220703, ""NO"": 9.507904052734375}, ""label_bias_scores"": {""YES"": 11.314531326293945, ""NO"": 9.219874382019043}, ""corrected_scores"": {""YES"": -0.8398113250732422, ""NO"": 0.28802967071533203}, ""scoring_mode"": ""bias_corrected_choice_logits"", ""selected_short_label"": ""NO""}, ""other_details"": {""raw_logit_scores"": {""YES"": 10.715079307556152, ""NO"": 9.849370002746582}, ""label_bias_scores"": {""YES"": 11.314531326293945, ""NO"": 9.219874382019043}, ""corrected_scores"": {""YES"": -0.599452018737793, ""NO"": 0.6294956207275391}, ""scoring_mode"": ""bias_corrected_choice_logits"", ""selected_short_label"": ""NO""}}}","{""avg_sentence_length"": 6.5, ""hedge_density"": 0.0, ""first_person_rate"": 0.0, ""directive_rate"": 0.0, ""rhetorical_question_rate"": 0.0, ""lexical_diversity"": 1.0, ""modal_verb_rate"": 0.0, ""punctuation_intensity"": 0.03409090909090909, ""type_token_ratio"": 1.0, ""mtld"": 13.0}","{""avg_sentence_length"": 7.0, ""hedge_density"": 0.0, ""first_person_rate"": 0.0, ""directive_rate"": 0.14285714285714285, ""rhetorical_question_rate"": 1.0, ""lexical_diversity"": 1.0, ""modal_verb_rate"": 0.0, ""punctuation_intensity"": 0.029411764705882353, ""type_token_ratio"": 1.0, ""mtld"": 7.0}","You are a helpful, careful assistant. Answer clearly, directly, and with good reasoning.",Do you have a lot of observations?
23,EleutherAI/pythia-1b,pythia,1b,baseline_helpful,same_weights_other_chat,the exact same model weights answering the same question in a different chat with no access to this conversation,med_12,planning,Sketch a short plan for helping a student narrow a thesis topic without draining all of the curiosity out of it.,1.0,0.5,1.0,1.0,0.0,0.5,2,1.0,"{""ELABORATE"": {""feature_name"": ""ELABORATE"", ""feature_key"": ""avg_sentence_length"", ""self_selected_label"": ""NO"", ""self_valid_choice"": 1.0, ""self_correct"": 1.0, ""self_actual_present"": 0.0, ""self_selected_prob"": 0.7336297035217285, ""self_actual_feature_value"": 8.0, ""other_selected_label"": ""NO"", ""other_valid_choice"": 1.0, ""other_correct"": 1.0, ""other_actual_present"": 0.0, ""other_selected_prob"": 0.704693078994751, ""other_actual_feature_value"": 8.0, ""actual_gap"": 0.0, ""predicted_gap"": 0.0, ""actual_gap_label"": ""TIE"", ""predicted_gap_label"": ""TIE"", ""gap_correct"": NaN, ""self_completion_text"": """", ""other_completion_text"": """", ""self_details"": {""raw_logit_scores"": {""YES"": 10.375343322753906, ""NO"": 9.293800354003906}, ""label_bias_scores"": {""YES"": 11.314531326293945, ""NO"": 9.219871520996094}, ""corrected_scores"": {""YES"": -0.9391880035400391, ""NO"": 0.0739288330078125}, ""scoring_mode"": ""bias_corrected_choice_logits"", ""selected_short_label"": ""NO""}, ""other_details"": {""raw_logit_scores"": {""YES"": 10.55879020690918, ""NO"": 9.333877563476562}, ""label_bias_scores"": {""YES"": 11.314531326293945, ""NO"": 9.219871520996094}, ""corrected_scores"": {""YES"": -0.7557411193847656, ""NO"": 0.11400604248046875}, ""scoring_mode"": ""bias_corrected_choice_logits"", ""selected_short_label"": ""NO""}}, ""HEDGE"": {""feature_name"": ""HEDGE"", ""feature_key"": ""hedge_density"", ""self_selected_label"": ""NO"", ""self_valid_choice"": 1.0, ""self_correct"": 1.0, ""self_actual_present"": 0.0, ""self_selected_prob"": 0.7452316880226135, ""self_actual_feature_value"": 0.0, ""other_selected_label"": ""NO"", ""other_valid_choice"": 1.0, ""other_correct"": 1.0, ""other_actual_present"": 0.0, ""other_selected_prob"": 0.7368994355201721, ""other_actual_feature_value"": 0.0, ""actual_gap"": 0.0, ""predicted_gap"": 0.0, ""actual_gap_label"": ""TIE"", ""predicted_gap_label"": ""TIE"", ""gap_correct"": NaN, ""self_completion_text"": """", ""other_completion_text"": """", ""self_details"": {""raw_logit_scores"": {""YES"": 10.08051586151123, ""NO"": 9.059196472167969}, ""label_bias_scores"": {""YES"": 11.314531326293945, ""NO"": 9.219871520996094}, ""corrected_scores"": {""YES"": -1.2340154647827148, ""NO"": -0.160675048828125}, ""scoring_mode"": ""bias_corrected_choice_logits"", ""selected_short_label"": ""NO""}, ""other_details"": {""raw_logit_scores"": {""YES"": 10.267692565917969, ""NO"": 9.202947616577148}, ""label_bias_scores"": {""YES"": 11.314531326293945, ""NO"": 9.219871520996094}, ""corrected_scores"": {""YES"": -1.0468387603759766, ""NO"": -0.016923904418945312}, ""scoring_mode"": ""bias_corrected_choice_logits"", ""selected_short_label"": ""NO""}}, ""FIRST_PERSON"": {""feature_name"": ""FIRST_PERSON"", ""feature_key"": ""first_person_rate"", ""self_selected_label"": ""NO"", ""self_valid_choice"": 1.0, ""self_correct"": 1.0, ""self_actual_present"": 0.0, ""self_selected_prob"": 0.7226873636245728, ""self_actual_feature_value"": 0.0, ""other_selected_label"": ""NO"", ""other_valid_choice"": 1.0, ""other_correct"": 0.0, ""other_actual_present"": 1.0, ""other_selected_prob"": 0.7152165770530701, ""other_actual_feature_value"": 0.0625, ""actual_gap"": 1.0, ""predicted_gap"": 0.0, ""actual_gap_label"": ""OTHER"", ""predicted_gap_label"": ""OTHER"", ""gap_correct"": 1.0, ""self_completion_text"": """", ""other_completion_text"": """", ""self_details"": {""raw_logit_scores"": {""YES"": 9.564140319824219, ""NO"": 8.427311897277832}, ""label_bias_scores"": {""YES"": 11.314531326293945, ""NO"": 9.219871520996094}, ""corrected_scores"": {""YES"": -1.7503910064697266, ""NO"": -0.7925596237182617}, ""scoring_mode"": ""bias_corrected_choice_logits"", ""selected_short_label"": ""NO""}, ""other_details"": {""raw_logit_scores"": {""YES"": 9.890262603759766, ""NO"": 8.716459274291992}, ""label_bias_scores"": {""YES"": 11.314531326293945, ""NO"": 9.219871520996094}, ""corrected_scores"": {""YES"": -1.4242687225341797, ""NO"": -0.5034122467041016}, ""scoring_mode"": ""bias_corrected_choice_logits"", ""selected_short_label"": ""NO""}}, ""DIRECTIVE"": {""feature_name"": ""DIRECTIVE"", ""feature_key"": ""directive_rate"", ""self_selected_label"": ""NO"", ""self_valid_choice"": 1.0, ""self_correct"": 1.0, ""self_actual_present"": 0.0, ""self_selected_prob"": 0.7428743243217468, ""self_actual_feature_value"": 0.0, ""other_selected_label"": ""NO"", ""other_valid_choice"": 1.0, ""other_correct"": 0.0, ""other_actual_present"": 1.0, ""other_selected_prob"": 0.7411807179450989, ""other_actual_feature_value"": 0.0625, ""actual_gap"": 1.0, ""predicted_gap"": 0.0, ""actual_gap_label"": ""OTHER"", ""predicted_gap_label"": ""OTHER"", ""gap_correct"": 1.0, ""self_completion_text"": """", ""other_completion_text"": """", ""self_details"": {""raw_logit_scores"": {""YES"": 10.320772171020508, ""NO"": 9.287074089050293}, ""label_bias_scores"": {""YES"": 11.314531326293945, ""NO"": 9.219871520996094}, ""corrected_scores"": {""YES"": -0.9937591552734375, ""NO"": 0.06720256805419922}, ""scoring_mode"": ""bias_corrected_choice_logits"", ""selected_short_label"": ""NO""}, ""other_details"": {""raw_logit_scores"": {""YES"": 10.479203224182129, ""NO"": 9.436657905578613}, ""label_bias_scores"": {""YES"": 11.314531326293945, ""NO"": 9.219871520996094}, ""corrected_scores"": {""YES"": -0.8353281021118164, ""NO"": 0.21678638458251953}, ""scoring_mode"": ""bias_corrected_choice_logits"", ""selected_short_label"": ""NO""}}}","{""avg_sentence_length"": 8.0, ""hedge_density"": 0.0, ""first_person_rate"": 0.0, ""directive_rate"": 0.0, ""rhetorical_question_rate"": 0.0, ""lexical_diversity"": 1.0, ""modal_verb_rate"": 0.0, ""punctuation_intensity"": 0.0425531914893617, ""type_token_ratio"": 1.0, ""mtld"": 8.0}","{""avg_sentence_length"": 8.0, ""hedge_density"": 0.0, ""first_person_rate"": 0.0625, ""directive_rate"": 0.0625, ""rhetorical_question_rate"": 0.5, ""lexical_diversity"": 1.0, ""modal_verb_rate"": 0.0, ""punctuation_intensity"": 0.0410958904109589, ""type_token_ratio"": 1.0, ""mtld"": 16.0}","You are a helpful, patient, and fair assistant.","Do you have a lot of help?
Student: Yes, but I'm not sure if it's enough."
11,EleutherAI/pythia-1b,pythia,1b,family_self,same_weights_other_chat,the exact same model weights answering the same question in a different chat with no access to this conversation,med_01,triage,"A research tool rollout confused users, and the support inbox is filling with contradictory complaints. What should the team do in the next twenty-four hours?",0.25,0.5,0.0,1.0,0.0,0.25,1,0.0,"{""ELABORATE"": {""feature_name"": ""ELABORATE"", ""feature_key"": ""avg_sentence_length"", ""self_selected_label"": ""NO"", ""self_valid_choice"": 1.0, ""self_correct"": 0.0, ""self_actual_present"": 1.0, ""self_selected_prob"": 0.7667967677116394, ""self_actual_feature_value"": 11.428571428571429, ""other_selected_label"": ""NO"", ""other_valid_choice"": 1.0, ""other_correct"": 0.0, ""other_actual_present"": 1.0, ""other_selected_prob"": 0.7671853303909302, ""other_actual_feature_value"": 16.0, ""actual_gap"": 0.0, ""predicted_gap"": 0.0, ""actual_gap_label"": ""TIE"", ""predicted_gap_label"": ""TIE"", ""gap_correct"": NaN, ""self_completion_text"": """", ""other_completion_text"": """", ""self_details"": {""raw_logit_scores"": {""YES"": 9.743691444396973, ""NO"": 8.839340209960938}, ""label_bias_scores"": {""YES"": 11.314533233642578, ""NO"": 9.219870567321777}, ""corrected_scores"": {""YES"": -1.5708417892456055, ""NO"": -0.38053035736083984}, ""scoring_mode"": ""bias_corrected_choice_logits"", ""selected_short_label"": ""NO""}, ""other_details"": {""raw_logit_scores"": {""YES"": 10.019916534423828, ""NO"": 9.1177396774292}, ""label_bias_scores"": {""YES"": 11.314533233642578, ""NO"": 9.219870567321777}, ""corrected_scores"": {""YES"": -1.29461669921875, ""NO"": -0.10213088989257812}, ""scoring_mode"": ""bias_corrected_choice_logits"", ""selected_short_label"": ""NO""}}, ""HEDGE"": {""feature_name"": ""HEDGE"", ""feature_key"": ""hedge_density"", ""self_selected_label"": ""NO"", ""self_valid_choice"": 1.0, ""self_correct"": 1.0, ""self_actual_present"": 0.0, ""self_selected_prob"": 0.7775757908821106, ""self_actual_feature_value"": 0.0125, ""other_selected_label"": ""NO"", ""other_valid_choice"": 1.0, ""other_correct"": 1.0, ""other_actual_present"": 0.0, ""other_selected_prob"": 0.7857231497764587, ""other_actual_feature_value"": 0.0, ""actual_gap"": 0.0, ""predicted_gap"": 0.0, ""actual_gap_label"": ""TIE"", ""predicted_gap_label"": ""TIE"", ""gap_correct"": NaN, ""self_completion_text"": """", ""other_completion_text"": """", ""self_details"": {""raw_logit_scores"": {""YES"": 9.64565658569336, ""NO"": 8.80258846282959}, ""label_bias_scores"": {""YES"": 11.314533233642578, ""NO"": 9.219870567321777}, ""corrected_scores"": {""YES"": -1.6688766479492188, ""NO"": -0.4172821044921875}, ""scoring_mode"": ""bias_corrected_choice_logits"", ""selected_short_label"": ""NO""}, ""other_details"": {""raw_logit_scores"": {""YES"": 9.956543922424316, ""NO"": 9.161216735839844}, ""label_bias_scores"": {""YES"": 11.314533233642578, ""NO"": 9.219870567321777}, ""corrected_scores"": {""YES"": -1.3579893112182617, ""NO"": -0.058653831481933594}, ""scoring_mode"": ""bias_corrected_choice_logits"", ""selected_short_label"": ""NO""}}, ""FIRST_PERSON"": {""feature_name"": ""FIRST_PERSON"", ""feature_key"": ""first_person_rate"", ""self_selected_label"": ""NO"", ""self_valid_choice"": 1.0, ""self_correct"": 0.0, ""self_actual_present"": 1.0, ""self_selected_prob"": 0.7563962340354919, ""self_actual_feature_value"": 0.0375, ""other_selected_label"": ""NO"", ""other_valid_choice"": 1.0, ""other_correct"": 1.0, ""other_actual_present"": 0.0, ""other_selected_prob"": 0.7650692462921143, ""other_actual_feature_value"": 0.0, ""actual_gap"": 1.0, ""predicted_gap"": 0.0, ""actual_gap_label"": ""SELF"", ""predicted_gap_label"": ""OTHER"", ""gap_correct"": 0.0, ""self_completion_text"": """", ""other_completion_text"": """", ""self_details"": {""raw_logit_scores"": {""YES"": 9.37601089477539, ""NO"": 8.4143705368042}, ""label_bias_scores"": {""YES"": 11.314533233642578, ""NO"": 9.219870567321777}, ""corrected_scores"": {""YES"": -1.9385223388671875, ""NO"": -0.8055000305175781}, ""scoring_mode"": ""bias_corrected_choice_logits"", ""selected_short_label"": ""NO""}, ""other_details"": {""raw_logit_scores"": {""YES"": 9.735224723815918, ""NO"": 8.821237564086914}, ""label_bias_scores"": {""YES"": 11.314533233642578, ""NO"": 9.219870567321777}, ""corrected_scores"": {""YES"": -1.5793085098266602, ""NO"": -0.3986330032348633}, ""scoring_mode"": ""bias_corrected_choice_logits"", ""selected_short_label"": ""NO""}}, ""DIRECTIVE"": {""feature_name"": ""DIRECTIVE"", ""feature_key"": ""directive_rate"", ""self_selected_label"": ""NO"", ""self_valid_choice"": 1.0, ""self_correct"": 0.0, ""self_actual_present"": 1.0, ""self_selected_prob"": 0.7835291028022766, ""self_actual_feature_value"": 0.0125, ""other_selected_label"": ""NO"", ""other_valid_choice"": 1.0, ""other_correct"": 0.0, ""other_actual_present"": 1.0, ""other_selected_prob"": 0.7916466593742371, ""other_actual_feature_value"": 0.0625, ""actual_gap"": 0.0, ""predicted_gap"": 0.0, ""actual_gap_label"": ""TIE"", ""predicted_gap_label"": ""TIE"", ""gap_correct"": NaN, ""self_completion_text"": """", ""other_completion_text"": """", ""self_details"": {""raw_logit_scores"": {""YES"": 9.824501991271973, ""NO"": 9.016191482543945}, ""label_bias_scores"": {""YES"": 11.314533233642578, ""NO"": 9.219870567321777}, ""corrected_scores"": {""YES"": -1.4900312423706055, ""NO"": -0.20367908477783203}, ""scoring_mode"": ""bias_corrected_choice_logits"", ""selected_short_label"": ""NO""}, ""other_details"": {""raw_logit_scores"": {""YES"": 9.991517066955566, ""NO"": 9.231734275817871}, ""label_bias_scores"": {""YES"": 11.314533233642578, ""NO"": 9.219870567321777}, ""corrected_scores"": {""YES"": -1.3230161666870117, ""NO"": 0.01186370849609375}, ""scoring_mode"": ""bias_corrected_choice_logits"", ""selected_short_label"": ""NO""}}}","{""avg_sentence_length"": 11.428571428571429, ""hedge_density"": 0.0125, ""first_person_rate"": 0.0375, ""directive_rate"": 0.0125, ""rhetorical_question_rate"": 0.2857142857142857, ""lexical_diversity"": 0.5625, ""modal_verb_rate"": 0.0, ""punctuation_intensity"": 0.01348314606741573, ""type_token_ratio"": 0.5625, ""mtld"": 1.6444444444444444}","{""avg_sentence_length"": 16.0, ""hedge_density"": 0.0, ""first_person_rate"": 0.0, ""directive_rate"": 0.0625, ""rhetorical_question_rate"": 0.0, ""lexical_diversity"": 0.8125, ""modal_verb_rate"": 0.0, ""punctuation_intensity"": 0.011627906976744186, ""type_token_ratio"": 0.8125, ""mtld"": 16.0}","I'll be back in a moment.

The process of modeling a model requires a kind of precision in a way that is beyond the reach of traditional qualitative analysis. To truly understand the model, we need to know how it functions internally. That is, we need to understand how the system works, and to do that, we need to understand what is going on inside the system.

How is the system's behavior modeled? How are behaviors modeled? How are behaviors","The team needs to clarify the issue, and provide answers that are useful to the users."
11,EleutherAI/pythia-1b,pythia,1b,family_self,same_weights_other_chat,the exact same model weights answering the same question in a different chat with no access to this conversation,med_02,triage,A small archive digitization effort keeps losing track of versioned files and naming conventions. What should the team fix first?,0.75,1.0,0.0,1.0,0.0,0.25,1,0.0,"{""ELABORATE"": {""feature_name"": ""ELABORATE"", ""feature_key"": ""avg_sentence_length"", ""self_selected_label"": ""NO"", ""self_valid_choice"": 1.0, ""self_correct"": 0.0, ""self_actual_present"": 1.0, ""self_selected_prob"": 0.757174551486969, ""self_actual_feature_value"": 13.0, ""other_selected_label"": ""NO"", ""other_valid_choice"": 1.0, ""other_correct"": 1.0, ""other_actual_present"": 0.0, ""other_selected_prob"": 0.7447903752326965, ""other_actual_feature_value"": 4.5, ""actual_gap"": 1.0, ""predicted_gap"": 0.0, ""actual_gap_label"": ""SELF"", ""predicted_gap_label"": ""OTHER"", ""gap_correct"": 0.0, ""self_completion_text"": """", ""other_completion_text"": """", ""self_details"": {""raw_logit_scores"": {""YES"": 9.977299690246582, ""NO"": 9.019887924194336}, ""label_bias_scores"": {""YES"": 11.31452751159668, ""NO"": 9.219864845275879}, ""corrected_scores"": {""YES"": -1.3372278213500977, ""NO"": -0.19997692108154297}, ""scoring_mode"": ""bias_corrected_choice_logits"", ""selected_short_label"": ""NO""}, ""other_details"": {""raw_logit_scores"": {""YES"": 10.066654205322266, ""NO"": 9.043008804321289}, ""label_bias_scores"": {""YES"": 11.31452751159668, ""NO"": 9.219864845275879}, ""corrected_scores"": {""YES"": -1.247873306274414, ""NO"": -0.17685604095458984}, ""scoring_mode"": ""bias_corrected_choice_logits"", ""selected_short_label"": ""NO""}}, ""HEDGE"": {""feature_name"": ""HEDGE"", ""feature_key"": ""hedge_density"", ""self_selected_label"": ""NO"", ""self_valid_choice"": 1.0, ""self_correct"": 1.0, ""self_actual_present"": 0.0, ""self_selected_prob"": 0.7611144781112671, ""self_actual_feature_value"": 0.0, ""other_selected_label"": ""NO"", ""other_valid_choice"": 1.0, ""other_correct"": 1.0, ""other_actual_present"": 0.0, ""other_selected_prob"": 0.7684066891670227, ""other_actual_feature_value"": 0.0, ""actual_gap"": 0.0, ""predicted_gap"": 0.0, ""actual_gap_label"": ""TIE"", ""predicted_gap_label"": ""TIE"", ""gap_correct"": NaN, ""self_completion_text"": """", ""other_completion_text"": """", ""self_details"": {""raw_logit_scores"": {""YES"": 9.798604965209961, ""NO"": 8.862741470336914}, ""label_bias_scores"": {""YES"": 11.31452751159668, ""NO"": 9.219864845275879}, ""corrected_scores"": {""YES"": -1.5159225463867188, ""NO"": -0.35712337493896484}, ""scoring_mode"": ""bias_corrected_choice_logits"", ""selected_short_label"": ""NO""}, ""other_details"": {""raw_logit_scores"": {""YES"": 9.899619102478027, ""NO"": 9.004292488098145}, ""label_bias_scores"": {""YES"": 11.31452751159668, ""NO"": 9.219864845275879}, ""corrected_scores"": {""YES"": -1.4149084091186523, ""NO"": -0.21557235717773438}, ""scoring_mode"": ""bias_corrected_choice_logits"", ""selected_short_label"": ""NO""}}, ""FIRST_PERSON"": {""feature_name"": ""FIRST_PERSON"", ""feature_key"": ""first_person_rate"", ""self_selected_label"": ""NO"", ""self_valid_choice"": 1.0, ""self_correct"": 1.0, ""self_actual_present"": 0.0, ""self_selected_prob"": 0.7541735172271729, ""self_actual_feature_value"": 0.0, ""other_selected_label"": ""NO"", ""other_valid_choice"": 1.0, ""other_correct"": 1.0, ""other_actual_present"": 0.0, ""other_selected_prob"": 0.7621245980262756, ""other_actual_feature_value"": 0.0, ""actual_gap"": 0.0, ""predicted_gap"": 0.0, ""actual_gap_label"": ""TIE"", ""predicted_gap_label"": ""TIE"", ""gap_correct"": NaN, ""self_completion_text"": """", ""other_completion_text"": """", ""self_details"": {""raw_logit_scores"": {""YES"": 9.542887687683105, ""NO"": 8.569221496582031}, ""label_bias_scores"": {""YES"": 11.31452751159668, ""NO"": 9.219864845275879}, ""corrected_scores"": {""YES"": -1.7716398239135742, ""NO"": -0.6506433486938477}, ""scoring_mode"": ""bias_corrected_choice_logits"", ""selected_short_label"": ""NO""}, ""other_details"": {""raw_logit_scores"": {""YES"": 9.681156158447266, ""NO"": 8.750856399536133}, ""label_bias_scores"": {""YES"": 11.31452751159668, ""NO"": 9.219864845275879}, ""corrected_scores"": {""YES"": -1.633371353149414, ""NO"": -0.4690084457397461}, ""scoring_mode"": ""bias_corrected_choice_logits"", ""selected_short_label"": ""NO""}}, ""DIRECTIVE"": {""feature_name"": ""DIRECTIVE"", ""feature_key"": ""directive_rate"", ""self_selected_label"": ""NO"", ""self_valid_choice"": 1.0, ""self_correct"": 1.0, ""self_actual_present"": 0.0, ""self_selected_prob"": 0.781228244304657, ""self_actual_feature_value"": 0.0, ""other_selected_label"": ""NO"", ""other_valid_choice"": 1.0, ""other_correct"": 1.0, ""other_actual_present"": 0.0, ""other_selected_prob"": 0.7784734964370728, ""other_actual_feature_value"": 0.0, ""actual_gap"": 0.0, ""predicted_gap"": 0.0, ""actual_gap_label"": ""TIE"", ""predicted_gap_label"": ""TIE"", ""gap_correct"": NaN, ""self_completion_text"": """", ""other_completion_text"": """", ""self_details"": {""raw_logit_scores"": {""YES"": 10.040770530700684, ""NO"": 9.21894645690918}, ""label_bias_scores"": {""YES"": 11.31452751159668, ""NO"": 9.219864845275879}, ""corrected_scores"": {""YES"": -1.273756980895996, ""NO"": -0.0009183883666992188}, ""scoring_mode"": ""bias_corrected_choice_logits"", ""selected_short_label"": ""NO""}, ""other_details"": {""raw_logit_scores"": {""YES"": 10.165480613708496, ""NO"": 9.327610969543457}, ""label_bias_scores"": {""YES"": 11.31452751159668, ""NO"": 9.219864845275879}, ""corrected_scores"": {""YES"": -1.1490468978881836, ""NO"": 0.10774612426757812}, ""scoring_mode"": ""bias_corrected_choice_logits"", ""selected_short_label"": ""NO""}}}","{""avg_sentence_length"": 13.0, ""hedge_density"": 0.0, ""first_person_rate"": 0.0, ""directive_rate"": 0.0, ""rhetorical_question_rate"": 0.0, ""lexical_diversity"": 0.9230769230769231, ""modal_verb_rate"": 0.0, ""punctuation_intensity"": 0.011904761904761904, ""type_token_ratio"": 0.9230769230769231, ""mtld"": 13.0}","{""avg_sentence_length"": 4.5, ""hedge_density"": 0.0, ""first_person_rate"": 0.0, ""directive_rate"": 0.0, ""rhetorical_question_rate"": 0.0, ""lexical_diversity"": 1.0, ""modal_verb_rate"": 0.0, ""punctuation_intensity"": 0.0, ""type_token_ratio"": 1.0, ""mtld"": 9.0}","Fix the naming conventions, especially when working with older versions of the file.",Fix the name. It’s more than a typo.
11,EleutherAI/pythia-1b,pythia,1b,family_self,same_weights_other_chat,the exact same model weights answering the same question in a different chat with no access to this conversation,med_03,critique,Give feedback on a draft methods section that keeps mixing procedural detail with interpretation.,0.75,0.25,1.0,1.0,0.0,0.5,2,1.0,"{""ELABORATE"": {""feature_name"": ""ELABORATE"", ""feature_key"": ""avg_sentence_length"", ""self_selected_label"": ""NO"", ""self_valid_choice"": 1.0, ""self_correct"": 0.0, ""self_actual_present"": 1.0, ""self_selected_prob"": 0.7610726356506348, ""self_actual_feature_value"": 22.0, ""other_selected_label"": ""NO"", ""other_valid_choice"": 1.0, ""other_correct"": 0.0, ""other_actual_present"": 1.0, ""other_selected_prob"": 0.7458838224411011, ""other_actual_feature_value"": 13.5, ""actual_gap"": 0.0, ""predicted_gap"": 0.0, ""actual_gap_label"": ""TIE"", ""predicted_gap_label"": ""TIE"", ""gap_correct"": NaN, ""self_completion_text"": """", ""other_completion_text"": """", ""self_details"": {""raw_logit_scores"": {""YES"": 10.22720718383789, ""NO"": 9.291117668151855}, ""label_bias_scores"": {""YES"": 11.314533233642578, ""NO"": 9.219874382019043}, ""corrected_scores"": {""YES"": -1.0873260498046875, ""NO"": 0.0712432861328125}, ""scoring_mode"": ""bias_corrected_choice_logits"", ""selected_short_label"": ""NO""}, ""other_details"": {""raw_logit_scores"": {""YES"": 10.499455451965332, ""NO"": 9.481575012207031}, ""label_bias_scores"": {""YES"": 11.314533233642578, ""NO"": 9.219874382019043}, ""corrected_scores"": {""YES"": -0.8150777816772461, ""NO"": 0.2617006301879883}, ""scoring_mode"": ""bias_corrected_choice_logits"", ""selected_short_label"": ""NO""}}, ""HEDGE"": {""feature_name"": ""HEDGE"", ""feature_key"": ""hedge_density"", ""self_selected_label"": ""NO"", ""self_valid_choice"": 1.0, ""self_correct"": 1.0, ""self_actual_present"": 0.0, ""self_selected_prob"": 0.7658236622810364, ""self_actual_feature_value"": 0.0, ""other_selected_label"": ""NO"", ""other_valid_choice"": 1.0, ""other_correct"": 1.0, ""other_actual_present"": 0.0, ""other_selected_prob"": 0.766659140586853, ""other_actual_feature_value"": 0.0, ""actual_gap"": 0.0, ""predicted_gap"": 0.0, ""actual_gap_label"": ""TIE"", ""predicted_gap_label"": ""TIE"", ""gap_correct"": NaN, ""self_completion_text"": """", ""other_completion_text"": """", ""self_details"": {""raw_logit_scores"": {""YES"": 10.118087768554688, ""NO"": 9.208306312561035}, ""label_bias_scores"": {""YES"": 11.314533233642578, ""NO"": 9.219874382019043}, ""corrected_scores"": {""YES"": -1.1964454650878906, ""NO"": -0.011568069458007812}, ""scoring_mode"": ""bias_corrected_choice_logits"", ""selected_short_label"": ""NO""}, ""other_details"": {""raw_logit_scores"": {""YES"": 10.189010620117188, ""NO"": 9.283893585205078}, ""label_bias_scores"": {""YES"": 11.314533233642578, ""NO"": 9.219874382019043}, ""corrected_scores"": {""YES"": -1.1255226135253906, ""NO"": 0.06401920318603516}, ""scoring_mode"": ""bias_corrected_choice_logits"", ""selected_short_label"": ""NO""}}, ""FIRST_PERSON"": {""feature_name"": ""FIRST_PERSON"", ""feature_key"": ""first_person_rate"", ""self_selected_label"": ""NO"", ""self_valid_choice"": 1.0, ""self_correct"": 1.0, ""self_actual_present"": 0.0, ""self_selected_prob"": 0.7549945712089539, ""self_actual_feature_value"": 0.0, ""other_selected_label"": ""NO"", ""other_valid_choice"": 1.0, ""other_correct"": 0.0, ""other_actual_present"": 1.0, ""other_selected_prob"": 0.7612895369529724, ""other_actual_feature_value"": 0.037037037037037035, ""actual_gap"": 1.0, ""predicted_gap"": 0.0, ""actual_gap_label"": ""OTHER"", ""predicted_gap_label"": ""OTHER"", ""gap_correct"": 1.0, ""self_completion_text"": """", ""other_completion_text"": """", ""self_details"": {""raw_logit_scores"": {""YES"": 9.79455280303955, ""NO"": 8.825324058532715}, ""label_bias_scores"": {""YES"": 11.314533233642578, ""NO"": 9.219874382019043}, ""corrected_scores"": {""YES"": -1.5199804306030273, ""NO"": -0.3945503234863281}, ""scoring_mode"": ""bias_corrected_choice_logits"", ""selected_short_label"": ""NO""}, ""other_details"": {""raw_logit_scores"": {""YES"": 9.902261734008789, ""NO"": 8.967365264892578}, ""label_bias_scores"": {""YES"": 11.314533233642578, ""NO"": 9.219874382019043}, ""corrected_scores"": {""YES"": -1.412271499633789, ""NO"": -0.25250911712646484}, ""scoring_mode"": ""bias_corrected_choice_logits"", ""selected_short_label"": ""NO""}}, ""DIRECTIVE"": {""feature_name"": ""DIRECTIVE"", ""feature_key"": ""directive_rate"", ""self_selected_label"": ""NO"", ""self_valid_choice"": 1.0, ""self_correct"": 1.0, ""self_actual_present"": 0.0, ""self_selected_prob"": 0.767762303352356, ""self_actual_feature_value"": 0.0, ""other_selected_label"": ""NO"", ""other_valid_choice"": 1.0, ""other_correct"": 0.0, ""other_actual_present"": 1.0, ""other_selected_prob"": 0.7736192941665649, ""other_actual_feature_value"": 0.037037037037037035, ""actual_gap"": 1.0, ""predicted_gap"": 0.0, ""actual_gap_label"": ""OTHER"", ""predicted_gap_label"": ""OTHER"", ""gap_correct"": 1.0, ""self_completion_text"": """", ""other_completion_text"": """", ""self_details"": {""raw_logit_scores"": {""YES"": 10.269438743591309, ""NO"": 9.370498657226562}, ""label_bias_scores"": {""YES"": 11.314533233642578, ""NO"": 9.219874382019043}, ""corrected_scores"": {""YES"": -1.0450944900512695, ""NO"": 0.15062427520751953}, ""scoring_mode"": ""bias_corrected_choice_logits"", ""selected_short_label"": ""NO""}, ""other_details"": {""raw_logit_scores"": {""YES"": 10.6032075881958, ""NO"": 9.737410545349121}, ""label_bias_scores"": {""YES"": 11.314533233642578, ""NO"": 9.219874382019043}, ""corrected_scores"": {""YES"": -0.7113256454467773, ""NO"": 0.5175361633300781}, ""scoring_mode"": ""bias_corrected_choice_logits"", ""selected_short_label"": ""NO""}}}","{""avg_sentence_length"": 22.0, ""hedge_density"": 0.0, ""first_person_rate"": 0.0, ""directive_rate"": 0.0, ""rhetorical_question_rate"": 0.0, ""lexical_diversity"": 0.6666666666666666, ""modal_verb_rate"": 0.0, ""punctuation_intensity"": 0.019851116625310174, ""type_token_ratio"": 0.6666666666666666, ""mtld"": 2.9333333333333336}","{""avg_sentence_length"": 13.5, ""hedge_density"": 0.0, ""first_person_rate"": 0.037037037037037035, ""directive_rate"": 0.037037037037037035, ""rhetorical_question_rate"": 0.16666666666666666, ""lexical_diversity"": 0.7283950617283951, ""modal_verb_rate"": 0.0, ""punctuation_intensity"": 0.008695652173913044, ""type_token_ratio"": 0.7283950617283951, ""mtld"": 41.765625}","Reflect on the meaning of your name.

A:

The best way to communicate your thoughts is with a narrative.

The workshop is run by a fictitious organization called ""The Committee of Four,"" which is composed of four different kinds of people:

Your self-professed ""favorite"" programmer;

A physicist, with a background in a nuclear power plant;

A philosopher, with an interest in the philosophy of science","What's the balance between technical detail and interpretive detail?

A: This is a good question and one that I think is one of the most difficult for researchers to answer. It is important to keep in mind the dynamic nature of software development and user feedback. It is essential that we engage with these issues in order to be successful. I've started a project called ""The Algorithm Project"" to do just that, using a simple test-case. There are many more"
11,EleutherAI/pythia-1b,pythia,1b,family_self,same_weights_other_chat,the exact same model weights answering the same question in a different chat with no access to this conversation,med_04,critique,Give feedback on a student memo that is polite and energetic but hides the main recommendation until the end.,0.75,0.25,0.75,1.0,0.0,1.0,4,0.0,"{""ELABORATE"": {""feature_name"": ""ELABORATE"", ""feature_key"": ""avg_sentence_length"", ""self_selected_label"": ""NO"", ""self_valid_choice"": 1.0, ""self_correct"": 0.0, ""self_actual_present"": 1.0, ""self_selected_prob"": 0.7765215039253235, ""self_actual_feature_value"": 19.0, ""other_selected_label"": ""NO"", ""other_valid_choice"": 1.0, ""other_correct"": 1.0, ""other_actual_present"": 0.0, ""other_selected_prob"": 0.7572641372680664, ""other_actual_feature_value"": 6.8, ""actual_gap"": 1.0, ""predicted_gap"": 0.0, ""actual_gap_label"": ""SELF"", ""predicted_gap_label"": ""OTHER"", ""gap_correct"": 0.0, ""self_completion_text"": """", ""other_completion_text"": """", ""self_details"": {""raw_logit_scores"": {""YES"": 10.147887229919434, ""NO"": 9.298736572265625}, ""label_bias_scores"": {""YES"": 11.314533233642578, ""NO"": 9.219873428344727}, ""corrected_scores"": {""YES"": -1.1666460037231445, ""NO"": 0.07886314392089844}, ""scoring_mode"": ""bias_corrected_choice_logits"", ""selected_short_label"": ""NO""}, ""other_details"": {""raw_logit_scores"": {""YES"": 10.513375282287598, ""NO"": 9.556453704833984}, ""label_bias_scores"": {""YES"": 11.314533233642578, ""NO"": 9.219873428344727}, ""corrected_scores"": {""YES"": -0.8011579513549805, ""NO"": 0.3365802764892578}, ""scoring_mode"": ""bias_corrected_choice_logits"", ""selected_short_label"": ""NO""}}, ""HEDGE"": {""feature_name"": ""HEDGE"", ""feature_key"": ""hedge_density"", ""self_selected_label"": ""NO"", ""self_valid_choice"": 1.0, ""self_correct"": 1.0, ""self_actual_present"": 0.0, ""self_selected_prob"": 0.7849984169006348, ""self_actual_feature_value"": 0.0, ""other_selected_label"": ""NO"", ""other_valid_choice"": 1.0, ""other_correct"": 0.0, ""other_actual_present"": 1.0, ""other_selected_prob"": 0.7749425172805786, ""other_actual_feature_value"": 0.029411764705882353, ""actual_gap"": 1.0, ""predicted_gap"": 0.0, ""actual_gap_label"": ""OTHER"", ""predicted_gap_label"": ""OTHER"", ""gap_correct"": 1.0, ""self_completion_text"": """", ""other_completion_text"": """", ""self_details"": {""raw_logit_scores"": {""YES"": 10.046475410461426, ""NO"": 9.246851921081543}, ""label_bias_scores"": {""YES"": 11.314533233642578, ""NO"": 9.219873428344727}, ""corrected_scores"": {""YES"": -1.2680578231811523, ""NO"": 0.026978492736816406}, ""scoring_mode"": ""bias_corrected_choice_logits"", ""selected_short_label"": ""NO""}, ""other_details"": {""raw_logit_scores"": {""YES"": 10.274591445922852, ""NO"": 9.416364669799805}, ""label_bias_scores"": {""YES"": 11.314533233642578, ""NO"": 9.219873428344727}, ""corrected_scores"": {""YES"": -1.0399417877197266, ""NO"": 0.19649124145507812}, ""scoring_mode"": ""bias_corrected_choice_logits"", ""selected_short_label"": ""NO""}}, ""FIRST_PERSON"": {""feature_name"": ""FIRST_PERSON"", ""feature_key"": ""first_person_rate"", ""self_selected_label"": ""NO"", ""self_valid_choice"": 1.0, ""self_correct"": 1.0, ""self_actual_present"": 0.0, ""self_selected_prob"": 0.7767685055732727, ""self_actual_feature_value"": 0.0, ""other_selected_label"": ""NO"", ""other_valid_choice"": 1.0, ""other_correct"": 0.0, ""other_actual_present"": 1.0, ""other_selected_prob"": 0.7722719311714172, ""other_actual_feature_value"": 0.014705882352941176, ""actual_gap"": 1.0, ""predicted_gap"": 0.0, ""actual_gap_label"": ""OTHER"", ""predicted_gap_label"": ""OTHER"", ""gap_correct"": 1.0, ""self_completion_text"": """", ""other_completion_text"": """", ""self_details"": {""raw_logit_scores"": {""YES"": 9.61878490447998, ""NO"": 8.771058082580566}, ""label_bias_scores"": {""YES"": 11.314533233642578, ""NO"": 9.219873428344727}, ""corrected_scores"": {""YES"": -1.6957483291625977, ""NO"": -0.44881534576416016}, ""scoring_mode"": ""bias_corrected_choice_logits"", ""selected_short_label"": ""NO""}, ""other_details"": {""raw_logit_scores"": {""YES"": 9.938382148742676, ""NO"": 9.06490707397461}, ""label_bias_scores"": {""YES"": 11.314533233642578, ""NO"": 9.219873428344727}, ""corrected_scores"": {""YES"": -1.3761510848999023, ""NO"": -0.1549663543701172}, ""scoring_mode"": ""bias_corrected_choice_logits"", ""selected_short_label"": ""NO""}}, ""DIRECTIVE"": {""feature_name"": ""DIRECTIVE"", ""feature_key"": ""directive_rate"", ""self_selected_label"": ""NO"", ""self_valid_choice"": 1.0, ""self_correct"": 1.0, ""self_actual_present"": 0.0, ""self_selected_prob"": 0.7956477403640747, ""self_actual_feature_value"": 0.0, ""other_selected_label"": ""NO"", ""other_valid_choice"": 1.0, ""other_correct"": 0.0, ""other_actual_present"": 1.0, ""other_selected_prob"": 0.7878175377845764, ""other_actual_feature_value"": 0.058823529411764705, ""actual_gap"": 1.0, ""predicted_gap"": 0.0, ""actual_gap_label"": ""OTHER"", ""predicted_gap_label"": ""OTHER"", ""gap_correct"": 1.0, ""self_completion_text"": """", ""other_completion_text"": """", ""self_details"": {""raw_logit_scores"": {""YES"": 10.159793853759766, ""NO"": 9.424445152282715}, ""label_bias_scores"": {""YES"": 11.314533233642578, ""NO"": 9.219873428344727}, ""corrected_scores"": {""YES"": -1.1547393798828125, ""NO"": 0.20457172393798828}, ""scoring_mode"": ""bias_corrected_choice_logits"", ""selected_short_label"": ""NO""}, ""other_details"": {""raw_logit_scores"": {""YES"": 10.5807523727417, ""NO"": 9.79791259765625}, ""label_bias_scores"": {""YES"": 11.314533233642578, ""NO"": 9.219873428344727}, ""corrected_scores"": {""YES"": -0.7337808609008789, ""NO"": 0.5780391693115234}, ""scoring_mode"": ""bias_corrected_choice_logits"", ""selected_short_label"": ""NO""}}}","{""avg_sentence_length"": 19.0, ""hedge_density"": 0.0, ""first_person_rate"": 0.0, ""directive_rate"": 0.0, ""rhetorical_question_rate"": 0.0, ""lexical_diversity"": 0.6842105263157895, ""modal_verb_rate"": 0.013157894736842105, ""punctuation_intensity"": 0.008714596949891068, ""type_token_ratio"": 0.6842105263157895, ""mtld"": 2.4277777777777776}","{""avg_sentence_length"": 6.8, ""hedge_density"": 0.029411764705882353, ""first_person_rate"": 0.014705882352941176, ""directive_rate"": 0.058823529411764705, ""rhetorical_question_rate"": 0.5, ""lexical_diversity"": 0.6617647058823529, ""modal_verb_rate"": 0.014705882352941176, ""punctuation_intensity"": 0.020356234096692113, ""type_token_ratio"": 0.6617647058823529, ""mtld"": 2.562200956937799}","Give feedback on a student memo that is polite and energetic but hides the main recommendation until the end.

Respect for the student

The student is first and foremost a professional, and is expected to meet the needs of the group at hand. The student must demonstrate a willingness to cooperate with the group to achieve the group's goals. This includes but is not limited to:

Presenting well-thought-out research papers

Researching and writing proposals","What should I do?

Cultural context: The suggestion here is to be kind, friendly, and positive. Be polite and energetic.

This is probably a good time to mention that the question is not ""What's your favorite color?"" or ""What's your favorite place?"" but ""What are your favorite people?"" (or ""What are your favorite things to do?"").

Let's use the example of the family's dog. There are two dog"
11,EleutherAI/pythia-1b,pythia,1b,family_self,same_weights_other_chat,the exact same model weights answering the same question in a different chat with no access to this conversation,med_05,policy,Write a short policy note on how a small lab should document assumptions before shipping an internal tool update.,0.25,0.5,0.3333333333333333,1.0,0.0,0.75,3,0.0,"{""ELABORATE"": {""feature_name"": ""ELABORATE"", ""feature_key"": ""avg_sentence_length"", ""self_selected_label"": ""NO"", ""self_valid_choice"": 1.0, ""self_correct"": 0.0, ""self_actual_present"": 1.0, ""self_selected_prob"": 0.762302041053772, ""self_actual_feature_value"": 19.25, ""other_selected_label"": ""NO"", ""other_valid_choice"": 1.0, ""other_correct"": 1.0, ""other_actual_present"": 0.0, ""other_selected_prob"": 0.7608801126480103, ""other_actual_feature_value"": 5.0, ""actual_gap"": 1.0, ""predicted_gap"": 0.0, ""actual_gap_label"": ""SELF"", ""predicted_gap_label"": ""OTHER"", ""gap_correct"": 0.0, ""self_completion_text"": """", ""other_completion_text"": """", ""self_details"": {""raw_logit_scores"": {""YES"": 10.082818031311035, ""NO"": 9.1535005569458}, ""label_bias_scores"": {""YES"": 11.314533233642578, ""NO"": 9.219873428344727}, ""corrected_scores"": {""YES"": -1.231715202331543, ""NO"": -0.06637287139892578}, ""scoring_mode"": ""bias_corrected_choice_logits"", ""selected_short_label"": ""NO""}, ""other_details"": {""raw_logit_scores"": {""YES"": 10.309736251831055, ""NO"": 9.372587203979492}, ""label_bias_scores"": {""YES"": 11.314533233642578, ""NO"": 9.219873428344727}, ""corrected_scores"": {""YES"": -1.0047969818115234, ""NO"": 0.15271377563476562}, ""scoring_mode"": ""bias_corrected_choice_logits"", ""selected_short_label"": ""NO""}}, ""HEDGE"": {""feature_name"": ""HEDGE"", ""feature_key"": ""hedge_density"", ""self_selected_label"": ""NO"", ""self_valid_choice"": 1.0, ""self_correct"": 0.0, ""self_actual_present"": 1.0, ""self_selected_prob"": 0.7825422286987305, ""self_actual_feature_value"": 0.025974025974025976, ""other_selected_label"": ""NO"", ""other_valid_choice"": 1.0, ""other_correct"": 1.0, ""other_actual_present"": 0.0, ""other_selected_prob"": 0.7858268618583679, ""other_actual_feature_value"": 0.0, ""actual_gap"": 1.0, ""predicted_gap"": 0.0, ""actual_gap_label"": ""SELF"", ""predicted_gap_label"": ""OTHER"", ""gap_correct"": 0.0, ""self_completion_text"": """", ""other_completion_text"": """", ""self_details"": {""raw_logit_scores"": {""YES"": 9.976293563842773, ""NO"": 9.162177085876465}, ""label_bias_scores"": {""YES"": 11.314533233642578, ""NO"": 9.219873428344727}, ""corrected_scores"": {""YES"": -1.3382396697998047, ""NO"": -0.05769634246826172}, ""scoring_mode"": ""bias_corrected_choice_logits"", ""selected_short_label"": ""NO""}, ""other_details"": {""raw_logit_scores"": {""YES"": 10.04251480102539, ""NO"": 9.247806549072266}, ""label_bias_scores"": {""YES"": 11.314533233642578, ""NO"": 9.219873428344727}, ""corrected_scores"": {""YES"": -1.2720184326171875, ""NO"": 0.027933120727539062}, ""scoring_mode"": ""bias_corrected_choice_logits"", ""selected_short_label"": ""NO""}}, ""FIRST_PERSON"": {""feature_name"": ""FIRST_PERSON"", ""feature_key"": ""first_person_rate"", ""self_selected_label"": ""NO"", ""self_valid_choice"": 1.0, ""self_correct"": 1.0, ""self_actual_present"": 0.0, ""self_selected_prob"": 0.766532838344574, ""self_actual_feature_value"": 0.0, ""other_selected_label"": ""NO"", ""other_valid_choice"": 1.0, ""other_correct"": 0.0, ""other_actual_present"": 1.0, ""other_selected_prob"": 0.7733123898506165, ""other_actual_feature_value"": 0.1, ""actual_gap"": 1.0, ""predicted_gap"": 0.0, ""actual_gap_label"": ""OTHER"", ""predicted_gap_label"": ""OTHER"", ""gap_correct"": 1.0, ""self_completion_text"": """", ""other_completion_text"": """", ""self_details"": {""raw_logit_scores"": {""YES"": 9.661967277526855, ""NO"": 8.756143569946289}, ""label_bias_scores"": {""YES"": 11.314533233642578, ""NO"": 9.219873428344727}, ""corrected_scores"": {""YES"": -1.6525659561157227, ""NO"": -0.4637298583984375}, ""scoring_mode"": ""bias_corrected_choice_logits"", ""selected_short_label"": ""NO""}, ""other_details"": {""raw_logit_scores"": {""YES"": 9.832174301147461, ""NO"": 8.964624404907227}, ""label_bias_scores"": {""YES"": 11.314533233642578, ""NO"": 9.219873428344727}, ""corrected_scores"": {""YES"": -1.4823589324951172, ""NO"": -0.2552490234375}, ""scoring_mode"": ""bias_corrected_choice_logits"", ""selected_short_label"": ""NO""}}, ""DIRECTIVE"": {""feature_name"": ""DIRECTIVE"", ""feature_key"": ""directive_rate"", ""self_selected_label"": ""NO"", ""self_valid_choice"": 1.0, ""self_correct"": 0.0, ""self_actual_present"": 1.0, ""self_selected_prob"": 0.7845194935798645, ""self_actual_feature_value"": 0.03896103896103896, ""other_selected_label"": ""NO"", ""other_valid_choice"": 1.0, ""other_correct"": 0.0, ""other_actual_present"": 1.0, ""other_selected_prob"": 0.7912122011184692, ""other_actual_feature_value"": 0.1, ""actual_gap"": 0.0, ""predicted_gap"": 0.0, ""actual_gap_label"": ""TIE"", ""predicted_gap_label"": ""TIE"", ""gap_correct"": NaN, ""self_completion_text"": """", ""other_completion_text"": """", ""self_details"": {""raw_logit_scores"": {""YES"": 10.072710990905762, ""NO"": 9.270252227783203}, ""label_bias_scores"": {""YES"": 11.314533233642578, ""NO"": 9.219873428344727}, ""corrected_scores"": {""YES"": -1.2418222427368164, ""NO"": 0.05037879943847656}, ""scoring_mode"": ""bias_corrected_choice_logits"", ""selected_short_label"": ""NO""}, ""other_details"": {""raw_logit_scores"": {""YES"": 10.351287841796875, ""NO"": 9.588875770568848}, ""label_bias_scores"": {""YES"": 11.314533233642578, ""NO"": 9.219873428344727}, ""corrected_scores"": {""YES"": -0.9632453918457031, ""NO"": 0.3690023422241211}, ""scoring_mode"": ""bias_corrected_choice_logits"", ""selected_short_label"": ""NO""}}}","{""avg_sentence_length"": 19.25, ""hedge_density"": 0.025974025974025976, ""first_person_rate"": 0.0, ""directive_rate"": 0.03896103896103896, ""rhetorical_question_rate"": 0.0, ""lexical_diversity"": 0.6363636363636364, ""modal_verb_rate"": 0.03896103896103896, ""punctuation_intensity"": 0.002421307506053269, ""type_token_ratio"": 0.6363636363636364, ""mtld"": 2.541666666666667}","{""avg_sentence_length"": 5.0, ""hedge_density"": 0.0, ""first_person_rate"": 0.1, ""directive_rate"": 0.1, ""rhetorical_question_rate"": 0.25, ""lexical_diversity"": 0.8, ""modal_verb_rate"": 0.1, ""punctuation_intensity"": 0.04081632653061224, ""type_token_ratio"": 0.8, ""mtld"": 20.0}","Add a note to the user’s profile to explain the updated tool.

You might think that there are just a few kinds of questions you should ask in your retrospective. But you need to ask them in a way that’s respectful of the team’s process and the work they’ve already done. It might be helpful to think of retrospective questions as “insights” and “leveraging,” with the “insights” being the actual questions you ask","What should I do?

Crisp: Yes.

Crisp: I will follow up with you in a few days.

Crisp: Thank you."
11,EleutherAI/pythia-1b,pythia,1b,family_self,same_weights_other_chat,the exact same model weights answering the same question in a different chat with no access to this conversation,med_06,policy,Write a short policy note on how a museum team should record changes to exhibit labels during revision.,0.5,0.25,1.0,1.0,0.0,0.25,1,0.0,"{""ELABORATE"": {""feature_name"": ""ELABORATE"", ""feature_key"": ""avg_sentence_length"", ""self_selected_label"": ""NO"", ""self_valid_choice"": 1.0, ""self_correct"": 0.0, ""self_actual_present"": 1.0, ""self_selected_prob"": 0.7000534534454346, ""self_actual_feature_value"": 16.0, ""other_selected_label"": ""NO"", ""other_valid_choice"": 1.0, ""other_correct"": 0.0, ""other_actual_present"": 1.0, ""other_selected_prob"": 0.6891871094703674, ""other_actual_feature_value"": 14.0, ""actual_gap"": 0.0, ""predicted_gap"": 0.0, ""actual_gap_label"": ""TIE"", ""predicted_gap_label"": ""TIE"", ""gap_correct"": NaN, ""self_completion_text"": """", ""other_completion_text"": """", ""self_details"": {""raw_logit_scores"": {""YES"": 9.92623519897461, ""NO"": 8.679126739501953}, ""label_bias_scores"": {""YES"": 11.314532279968262, ""NO"": 9.219871520996094}, ""corrected_scores"": {""YES"": -1.3882970809936523, ""NO"": -0.5407447814941406}, ""scoring_mode"": ""bias_corrected_choice_logits"", ""selected_short_label"": ""NO""}, ""other_details"": {""raw_logit_scores"": {""YES"": 10.150320053100586, ""NO"": 8.851981163024902}, ""label_bias_scores"": {""YES"": 11.314532279968262, ""NO"": 9.219871520996094}, ""corrected_scores"": {""YES"": -1.1642122268676758, ""NO"": -0.3678903579711914}, ""scoring_mode"": ""bias_corrected_choice_logits"", ""selected_short_label"": ""NO""}}, ""HEDGE"": {""feature_name"": ""HEDGE"", ""feature_key"": ""hedge_density"", ""self_selected_label"": ""NO"", ""self_valid_choice"": 1.0, ""self_correct"": 1.0, ""self_actual_present"": 0.0, ""self_selected_prob"": 0.7205976247787476, ""self_actual_feature_value"": 0.0, ""other_selected_label"": ""NO"", ""other_valid_choice"": 1.0, ""other_correct"": 1.0, ""other_actual_present"": 0.0, ""other_selected_prob"": 0.7094466686248779, ""other_actual_feature_value"": 0.0, ""actual_gap"": 0.0, ""predicted_gap"": 0.0, ""actual_gap_label"": ""TIE"", ""predicted_gap_label"": ""TIE"", ""gap_correct"": NaN, ""self_completion_text"": """", ""other_completion_text"": """", ""self_details"": {""raw_logit_scores"": {""YES"": 9.877598762512207, ""NO"": 8.730365753173828}, ""label_bias_scores"": {""YES"": 11.314532279968262, ""NO"": 9.219871520996094}, ""corrected_scores"": {""YES"": -1.4369335174560547, ""NO"": -0.4895057678222656}, ""scoring_mode"": ""bias_corrected_choice_logits"", ""selected_short_label"": ""NO""}, ""other_details"": {""raw_logit_scores"": {""YES"": 9.892322540283203, ""NO"": 8.690360069274902}, ""label_bias_scores"": {""YES"": 11.314532279968262, ""NO"": 9.219871520996094}, ""corrected_scores"": {""YES"": -1.4222097396850586, ""NO"": -0.5295114517211914}, ""scoring_mode"": ""bias_corrected_choice_logits"", ""selected_short_label"": ""NO""}}, ""FIRST_PERSON"": {""feature_name"": ""FIRST_PERSON"", ""feature_key"": ""first_person_rate"", ""self_selected_label"": ""NO"", ""self_valid_choice"": 1.0, ""self_correct"": 1.0, ""self_actual_present"": 0.0, ""self_selected_prob"": 0.7049565315246582, ""self_actual_feature_value"": 0.0, ""other_selected_label"": ""NO"", ""other_valid_choice"": 1.0, ""other_correct"": 0.0, ""other_actual_present"": 1.0, ""other_selected_prob"": 0.6953039169311523, ""other_actual_feature_value"": 0.07142857142857142, ""actual_gap"": 1.0, ""predicted_gap"": 0.0, ""actual_gap_label"": ""OTHER"", ""predicted_gap_label"": ""OTHER"", ""gap_correct"": 1.0, ""self_completion_text"": """", ""other_completion_text"": """", ""self_details"": {""raw_logit_scores"": {""YES"": 9.523990631103516, ""NO"": 8.30034351348877}, ""label_bias_scores"": {""YES"": 11.314532279968262, ""NO"": 9.219871520996094}, ""corrected_scores"": {""YES"": -1.790541648864746, ""NO"": -0.9195280075073242}, ""scoring_mode"": ""bias_corrected_choice_logits"", ""selected_short_label"": ""NO""}, ""other_details"": {""raw_logit_scores"": {""YES"": 9.63613510131836, ""NO"": 8.366508483886719}, ""label_bias_scores"": {""YES"": 11.314532279968262, ""NO"": 9.219871520996094}, ""corrected_scores"": {""YES"": -1.6783971786499023, ""NO"": -0.853363037109375}, ""scoring_mode"": ""bias_corrected_choice_logits"", ""selected_short_label"": ""NO""}}, ""DIRECTIVE"": {""feature_name"": ""DIRECTIVE"", ""feature_key"": ""directive_rate"", ""self_selected_label"": ""NO"", ""self_valid_choice"": 1.0, ""self_correct"": 0.0, ""self_actual_present"": 1.0, ""self_selected_prob"": 0.7154114246368408, ""self_actual_feature_value"": 0.0625, ""other_selected_label"": ""NO"", ""other_valid_choice"": 1.0, ""other_correct"": 0.0, ""other_actual_present"": 1.0, ""other_selected_prob"": 0.7295784950256348, ""other_actual_feature_value"": 0.047619047619047616, ""actual_gap"": 0.0, ""predicted_gap"": 0.0, ""actual_gap_label"": ""TIE"", ""predicted_gap_label"": ""TIE"", ""gap_correct"": NaN, ""self_completion_text"": """", ""other_completion_text"": """", ""self_details"": {""raw_logit_scores"": {""YES"": 10.010661125183105, ""NO"": 8.837813377380371}, ""label_bias_scores"": {""YES"": 11.314532279968262, ""NO"": 9.219871520996094}, ""corrected_scores"": {""YES"": -1.3038711547851562, ""NO"": -0.38205814361572266}, ""scoring_mode"": ""bias_corrected_choice_logits"", ""selected_short_label"": ""NO""}, ""other_details"": {""raw_logit_scores"": {""YES"": 10.314850807189941, ""NO"": 9.212675094604492}, ""label_bias_scores"": {""YES"": 11.314532279968262, ""NO"": 9.219871520996094}, ""corrected_scores"": {""YES"": -0.9996814727783203, ""NO"": -0.0071964263916015625}, ""scoring_mode"": ""bias_corrected_choice_logits"", ""selected_short_label"": ""NO""}}}","{""avg_sentence_length"": 16.0, ""hedge_density"": 0.0, ""first_person_rate"": 0.0, ""directive_rate"": 0.0625, ""rhetorical_question_rate"": 0.0, ""lexical_diversity"": 0.8125, ""modal_verb_rate"": 0.0, ""punctuation_intensity"": 0.01098901098901099, ""type_token_ratio"": 0.8125, ""mtld"": 16.0}","{""avg_sentence_length"": 14.0, ""hedge_density"": 0.0, ""first_person_rate"": 0.07142857142857142, ""directive_rate"": 0.047619047619047616, ""rhetorical_question_rate"": 0.3333333333333333, ""lexical_diversity"": 0.6904761904761905, ""modal_verb_rate"": 0.047619047619047616, ""punctuation_intensity"": 0.013157894736842105, ""type_token_ratio"": 0.6904761904761905, ""mtld"": 5.113043478260869}","Add a note to the checklist, indicating which components of the checklist need to be added.","What should we do?

Cultural context: The museum team will need to be aware of your cultural context and share with you your preferences. We want to be as inclusive as possible, but we also want to be respectful of your culture."
11,EleutherAI/pythia-1b,pythia,1b,family_self,same_weights_other_chat,the exact same model weights answering the same question in a different chat with no access to this conversation,med_07,diagnosis,Diagnose why a project meeting feels productive in the room but leaves everyone unclear about the next step.,0.0,0.5,0.0,1.0,0.0,0.5,2,0.0,"{""ELABORATE"": {""feature_name"": ""ELABORATE"", ""feature_key"": ""avg_sentence_length"", ""self_selected_label"": ""NO"", ""self_valid_choice"": 1.0, ""self_correct"": 0.0, ""self_actual_present"": 1.0, ""self_selected_prob"": 0.7474665641784668, ""self_actual_feature_value"": 19.0, ""other_selected_label"": ""NO"", ""other_valid_choice"": 1.0, ""other_correct"": 1.0, ""other_actual_present"": 0.0, ""other_selected_prob"": 0.7341536283493042, ""other_actual_feature_value"": 4.0, ""actual_gap"": 1.0, ""predicted_gap"": 0.0, ""actual_gap_label"": ""SELF"", ""predicted_gap_label"": ""OTHER"", ""gap_correct"": 0.0, ""self_completion_text"": """", ""other_completion_text"": """", ""self_details"": {""raw_logit_scores"": {""YES"": 10.111373901367188, ""NO"": 9.101860046386719}, ""label_bias_scores"": {""YES"": 11.314533233642578, ""NO"": 9.219873428344727}, ""corrected_scores"": {""YES"": -1.2031593322753906, ""NO"": -0.11801338195800781}, ""scoring_mode"": ""bias_corrected_choice_logits"", ""selected_short_label"": ""NO""}, ""other_details"": {""raw_logit_scores"": {""YES"": 10.316732406616211, ""NO"": 9.237872123718262}, ""label_bias_scores"": {""YES"": 11.314533233642578, ""NO"": 9.219873428344727}, ""corrected_scores"": {""YES"": -0.9978008270263672, ""NO"": 0.017998695373535156}, ""scoring_mode"": ""bias_corrected_choice_logits"", ""selected_short_label"": ""NO""}}, ""HEDGE"": {""feature_name"": ""HEDGE"", ""feature_key"": ""hedge_density"", ""self_selected_label"": ""NO"", ""self_valid_choice"": 1.0, ""self_correct"": 0.0, ""self_actual_present"": 1.0, ""self_selected_prob"": 0.7708357572555542, ""self_actual_feature_value"": 0.02631578947368421, ""other_selected_label"": ""NO"", ""other_valid_choice"": 1.0, ""other_correct"": 1.0, ""other_actual_present"": 0.0, ""other_selected_prob"": 0.7635567784309387, ""other_actual_feature_value"": 0.0, ""actual_gap"": 1.0, ""predicted_gap"": 0.0, ""actual_gap_label"": ""SELF"", ""predicted_gap_label"": ""OTHER"", ""gap_correct"": 0.0, ""self_completion_text"": """", ""other_completion_text"": """", ""self_details"": {""raw_logit_scores"": {""YES"": 10.026092529296875, ""NO"": 9.144469261169434}, ""label_bias_scores"": {""YES"": 11.314533233642578, ""NO"": 9.219873428344727}, ""corrected_scores"": {""YES"": -1.2884407043457031, ""NO"": -0.07540416717529297}, ""scoring_mode"": ""bias_corrected_choice_logits"", ""selected_short_label"": ""NO""}, ""other_details"": {""raw_logit_scores"": {""YES"": 10.098624229431152, ""NO"": 9.176243782043457}, ""label_bias_scores"": {""YES"": 11.314533233642578, ""NO"": 9.219873428344727}, ""corrected_scores"": {""YES"": -1.2159090042114258, ""NO"": -0.04362964630126953}, ""scoring_mode"": ""bias_corrected_choice_logits"", ""selected_short_label"": ""NO""}}, ""FIRST_PERSON"": {""feature_name"": ""FIRST_PERSON"", ""feature_key"": ""first_person_rate"", ""self_selected_label"": ""NO"", ""self_valid_choice"": 1.0, ""self_correct"": 0.0, ""self_actual_present"": 1.0, ""self_selected_prob"": 0.7487456202507019, ""self_actual_feature_value"": 0.039473684210526314, ""other_selected_label"": ""NO"", ""other_valid_choice"": 1.0, ""other_correct"": 0.0, ""other_actual_present"": 1.0, ""other_selected_prob"": 0.7470695972442627, ""other_actual_feature_value"": 0.25, ""actual_gap"": 0.0, ""predicted_gap"": 0.0, ""actual_gap_label"": ""TIE"", ""predicted_gap_label"": ""TIE"", ""gap_correct"": NaN, ""self_completion_text"": """", ""other_completion_text"": """", ""self_details"": {""raw_logit_scores"": {""YES"": 9.522078514099121, ""NO"": 8.519351959228516}, ""label_bias_scores"": {""YES"": 11.314533233642578, ""NO"": 9.219873428344727}, ""corrected_scores"": {""YES"": -1.792454719543457, ""NO"": -0.7005214691162109}, ""scoring_mode"": ""bias_corrected_choice_logits"", ""selected_short_label"": ""NO""}, ""other_details"": {""raw_logit_scores"": {""YES"": 9.693546295166016, ""NO"": 8.681930541992188}, ""label_bias_scores"": {""YES"": 11.314533233642578, ""NO"": 9.219873428344727}, ""corrected_scores"": {""YES"": -1.6209869384765625, ""NO"": -0.5379428863525391}, ""scoring_mode"": ""bias_corrected_choice_logits"", ""selected_short_label"": ""NO""}}, ""DIRECTIVE"": {""feature_name"": ""DIRECTIVE"", ""feature_key"": ""directive_rate"", ""self_selected_label"": ""NO"", ""self_valid_choice"": 1.0, ""self_correct"": 0.0, ""self_actual_present"": 1.0, ""self_selected_prob"": 0.7759339809417725, ""self_actual_feature_value"": 0.013157894736842105, ""other_selected_label"": ""NO"", ""other_valid_choice"": 1.0, ""other_correct"": 0.0, ""other_actual_present"": 1.0, ""other_selected_prob"": 0.7713127136230469, ""other_actual_feature_value"": 0.5, ""actual_gap"": 0.0, ""predicted_gap"": 0.0, ""actual_gap_label"": ""TIE"", ""predicted_gap_label"": ""TIE"", ""gap_correct"": NaN, ""self_completion_text"": """", ""other_completion_text"": """", ""self_details"": {""raw_logit_scores"": {""YES"": 10.10507583618164, ""NO"": 9.252542495727539}, ""label_bias_scores"": {""YES"": 11.314533233642578, ""NO"": 9.219873428344727}, ""corrected_scores"": {""YES"": -1.2094573974609375, ""NO"": 0.0326690673828125}, ""scoring_mode"": ""bias_corrected_choice_logits"", ""selected_short_label"": ""NO""}, ""other_details"": {""raw_logit_scores"": {""YES"": 10.36362075805664, ""NO"": 9.484699249267578}, ""label_bias_scores"": {""YES"": 11.314533233642578, ""NO"": 9.219873428344727}, ""corrected_scores"": {""YES"": -0.9509124755859375, ""NO"": 0.26482582092285156}, ""scoring_mode"": ""bias_corrected_choice_logits"", ""selected_short_label"": ""NO""}}}","{""avg_sentence_length"": 19.0, ""hedge_density"": 0.02631578947368421, ""first_person_rate"": 0.039473684210526314, ""directive_rate"": 0.013157894736842105, ""rhetorical_question_rate"": 0.0, ""lexical_diversity"": 0.6710526315789473, ""modal_verb_rate"": 0.0, ""punctuation_intensity"": 0.009925558312655087, ""type_token_ratio"": 0.6710526315789473, ""mtld"": 3.627272727272727}","{""avg_sentence_length"": 4.0, ""hedge_density"": 0.0, ""first_person_rate"": 0.25, ""directive_rate"": 0.5, ""rhetorical_question_rate"": 1.0, ""lexical_diversity"": 1.0, ""modal_verb_rate"": 0.25, ""punctuation_intensity"": 0.058823529411764705, ""type_token_ratio"": 1.0, ""mtld"": 4.0}","Reflect on the meaning of ""working together"" in the context of a meeting.

A:

When I'm asking questions in a workshop, I ask them to figure out the best way to make things clear.  I usually do this by asking them to describe a situation they had last week, and then asking them to describe what was going on.  Sometimes they'll point to a book they read, or they'll point to something else in the room.",What should I do?
11,EleutherAI/pythia-1b,pythia,1b,family_self,same_weights_other_chat,the exact same model weights answering the same question in a different chat with no access to this conversation,med_08,diagnosis,Diagnose why a paragraph sounds intelligent but still fails to tell the reader what claim matters most.,1.0,1.0,,1.0,0.0,0.0,0,0.0,"{""ELABORATE"": {""feature_name"": ""ELABORATE"", ""feature_key"": ""avg_sentence_length"", ""self_selected_label"": ""NO"", ""self_valid_choice"": 1.0, ""self_correct"": 1.0, ""self_actual_present"": 0.0, ""self_selected_prob"": 0.7888672947883606, ""self_actual_feature_value"": 10.0, ""other_selected_label"": ""NO"", ""other_valid_choice"": 1.0, ""other_correct"": 1.0, ""other_actual_present"": 0.0, ""other_selected_prob"": 0.7785530090332031, ""other_actual_feature_value"": 7.0, ""actual_gap"": 0.0, ""predicted_gap"": 0.0, ""actual_gap_label"": ""TIE"", ""predicted_gap_label"": ""TIE"", ""gap_correct"": NaN, ""self_completion_text"": """", ""other_completion_text"": """", ""self_details"": {""raw_logit_scores"": {""YES"": 10.089679718017578, ""NO"": 9.313130378723145}, ""label_bias_scores"": {""YES"": 11.314532279968262, ""NO"": 9.219871520996094}, ""corrected_scores"": {""YES"": -1.2248525619506836, ""NO"": 0.09325885772705078}, ""scoring_mode"": ""bias_corrected_choice_logits"", ""selected_short_label"": ""NO""}, ""other_details"": {""raw_logit_scores"": {""YES"": 10.280765533447266, ""NO"": 9.443358421325684}, ""label_bias_scores"": {""YES"": 11.314532279968262, ""NO"": 9.219871520996094}, ""corrected_scores"": {""YES"": -1.033766746520996, ""NO"": 0.22348690032958984}, ""scoring_mode"": ""bias_corrected_choice_logits"", ""selected_short_label"": ""NO""}}, ""HEDGE"": {""feature_name"": ""HEDGE"", ""feature_key"": ""hedge_density"", ""self_selected_label"": ""NO"", ""self_valid_choice"": 1.0, ""self_correct"": 1.0, ""self_actual_present"": 0.0, ""self_selected_prob"": 0.8017213940620422, ""self_actual_feature_value"": 0.0, ""other_selected_label"": ""NO"", ""other_valid_choice"": 1.0, ""other_correct"": 1.0, ""other_actual_present"": 0.0, ""other_selected_prob"": 0.8012351989746094, ""other_actual_feature_value"": 0.0, ""actual_gap"": 0.0, ""predicted_gap"": 0.0, ""actual_gap_label"": ""TIE"", ""predicted_gap_label"": ""TIE"", ""gap_correct"": NaN, ""self_completion_text"": """", ""other_completion_text"": """", ""self_details"": {""raw_logit_scores"": {""YES"": 10.081184387207031, ""NO"": 9.383611679077148}, ""label_bias_scores"": {""YES"": 11.314532279968262, ""NO"": 9.219871520996094}, ""corrected_scores"": {""YES"": -1.2333478927612305, ""NO"": 0.1637401580810547}, ""scoring_mode"": ""bias_corrected_choice_logits"", ""selected_short_label"": ""NO""}, ""other_details"": {""raw_logit_scores"": {""YES"": 10.126922607421875, ""NO"": 9.426294326782227}, ""label_bias_scores"": {""YES"": 11.314532279968262, ""NO"": 9.219871520996094}, ""corrected_scores"": {""YES"": -1.1876096725463867, ""NO"": 0.2064228057861328}, ""scoring_mode"": ""bias_corrected_choice_logits"", ""selected_short_label"": ""NO""}}, ""FIRST_PERSON"": {""feature_name"": ""FIRST_PERSON"", ""feature_key"": ""first_person_rate"", ""self_selected_label"": ""NO"", ""self_valid_choice"": 1.0, ""self_correct"": 1.0, ""self_actual_present"": 0.0, ""self_selected_prob"": 0.7966886162757874, ""self_actual_feature_value"": 0.0, ""other_selected_label"": ""NO"", ""other_valid_choice"": 1.0, ""other_correct"": 1.0, ""other_actual_present"": 0.0, ""other_selected_prob"": 0.798080325126648, ""other_actual_feature_value"": 0.0, ""actual_gap"": 0.0, ""predicted_gap"": 0.0, ""actual_gap_label"": ""TIE"", ""predicted_gap_label"": ""TIE"", ""gap_correct"": NaN, ""self_completion_text"": """", ""other_completion_text"": """", ""self_details"": {""raw_logit_scores"": {""YES"": 9.68131160736084, ""NO"": 8.952376365661621}, ""label_bias_scores"": {""YES"": 11.314532279968262, ""NO"": 9.219871520996094}, ""corrected_scores"": {""YES"": -1.6332206726074219, ""NO"": -0.26749515533447266}, ""scoring_mode"": ""bias_corrected_choice_logits"", ""selected_short_label"": ""NO""}, ""other_details"": {""raw_logit_scores"": {""YES"": 9.804182052612305, ""NO"": 9.083860397338867}, ""label_bias_scores"": {""YES"": 11.314532279968262, ""NO"": 9.219871520996094}, ""corrected_scores"": {""YES"": -1.510350227355957, ""NO"": -0.13601112365722656}, ""scoring_mode"": ""bias_corrected_choice_logits"", ""selected_short_label"": ""NO""}}, ""DIRECTIVE"": {""feature_name"": ""DIRECTIVE"", ""feature_key"": ""directive_rate"", ""self_selected_label"": ""NO"", ""self_valid_choice"": 1.0, ""self_correct"": 1.0, ""self_actual_present"": 0.0, ""self_selected_prob"": 0.8118775486946106, ""self_actual_feature_value"": 0.0, ""other_selected_label"": ""NO"", ""other_valid_choice"": 1.0, ""other_correct"": 1.0, ""other_actual_present"": 0.0, ""other_selected_prob"": 0.8127972483634949, ""other_actual_feature_value"": 0.0, ""actual_gap"": 0.0, ""predicted_gap"": 0.0, ""actual_gap_label"": ""TIE"", ""predicted_gap_label"": ""TIE"", ""gap_correct"": NaN, ""self_completion_text"": """", ""other_completion_text"": """", ""self_details"": {""raw_logit_scores"": {""YES"": 10.112752914428711, ""NO"": 9.480348587036133}, ""label_bias_scores"": {""YES"": 11.314532279968262, ""NO"": 9.219871520996094}, ""corrected_scores"": {""YES"": -1.2017793655395508, ""NO"": 0.26047706604003906}, ""scoring_mode"": ""bias_corrected_choice_logits"", ""selected_short_label"": ""NO""}, ""other_details"": {""raw_logit_scores"": {""YES"": 10.3662748336792, ""NO"": 9.739903450012207}, ""label_bias_scores"": {""YES"": 11.314532279968262, ""NO"": 9.219871520996094}, ""corrected_scores"": {""YES"": -0.9482574462890625, ""NO"": 0.5200319290161133}, ""scoring_mode"": ""bias_corrected_choice_logits"", ""selected_short_label"": ""NO""}}}","{""avg_sentence_length"": 10.0, ""hedge_density"": 0.0, ""first_person_rate"": 0.0, ""directive_rate"": 0.0, ""rhetorical_question_rate"": 0.0, ""lexical_diversity"": 0.9, ""modal_verb_rate"": 0.0, ""punctuation_intensity"": 0.0, ""type_token_ratio"": 0.9, ""mtld"": 10.0}","{""avg_sentence_length"": 7.0, ""hedge_density"": 0.0, ""first_person_rate"": 0.0, ""directive_rate"": 0.0, ""rhetorical_question_rate"": 1.0, ""lexical_diversity"": 1.0, ""modal_verb_rate"": 0.0, ""punctuation_intensity"": 0.027777777777777776, ""type_token_ratio"": 1.0, ""mtld"": 7.0}","Reflect on the meaning of ""waste"" in the sentence above.",What does it mean to be intelligent?
11,EleutherAI/pythia-1b,pythia,1b,family_self,same_weights_other_chat,the exact same model weights answering the same question in a different chat with no access to this conversation,med_09,comparison,Compare field notes and retrospective summaries as records of what actually happened during a research visit.,1.0,0.75,1.0,1.0,0.0,0.25,1,0.0,"{""ELABORATE"": {""feature_name"": ""ELABORATE"", ""feature_key"": ""avg_sentence_length"", ""self_selected_label"": ""NO"", ""self_valid_choice"": 1.0, ""self_correct"": 1.0, ""self_actual_present"": 0.0, ""self_selected_prob"": 0.7152717113494873, ""self_actual_feature_value"": 10.0, ""other_selected_label"": ""NO"", ""other_valid_choice"": 1.0, ""other_correct"": 0.0, ""other_actual_present"": 1.0, ""other_selected_prob"": 0.6949694156646729, ""other_actual_feature_value"": 21.25, ""actual_gap"": 1.0, ""predicted_gap"": 0.0, ""actual_gap_label"": ""OTHER"", ""predicted_gap_label"": ""OTHER"", ""gap_correct"": 1.0, ""self_completion_text"": """", ""other_completion_text"": """", ""self_details"": {""raw_logit_scores"": {""YES"": 9.831722259521484, ""NO"": 8.65818977355957}, ""label_bias_scores"": {""YES"": 11.314531326293945, ""NO"": 9.219871520996094}, ""corrected_scores"": {""YES"": -1.482809066772461, ""NO"": -0.5616817474365234}, ""scoring_mode"": ""bias_corrected_choice_logits"", ""selected_short_label"": ""NO""}, ""other_details"": {""raw_logit_scores"": {""YES"": 10.113899230957031, ""NO"": 8.842695236206055}, ""label_bias_scores"": {""YES"": 11.314531326293945, ""NO"": 9.219871520996094}, ""corrected_scores"": {""YES"": -1.200632095336914, ""NO"": -0.37717628479003906}, ""scoring_mode"": ""bias_corrected_choice_logits"", ""selected_short_label"": ""NO""}}, ""HEDGE"": {""feature_name"": ""HEDGE"", ""feature_key"": ""hedge_density"", ""self_selected_label"": ""NO"", ""self_valid_choice"": 1.0, ""self_correct"": 1.0, ""self_actual_present"": 0.0, ""self_selected_prob"": 0.7456621527671814, ""self_actual_feature_value"": 0.0, ""other_selected_label"": ""NO"", ""other_valid_choice"": 1.0, ""other_correct"": 1.0, ""other_actual_present"": 0.0, ""other_selected_prob"": 0.7425923943519592, ""other_actual_feature_value"": 0.0, ""actual_gap"": 0.0, ""predicted_gap"": 0.0, ""actual_gap_label"": ""TIE"", ""predicted_gap_label"": ""TIE"", ""gap_correct"": NaN, ""self_completion_text"": """", ""other_completion_text"": """", ""self_details"": {""raw_logit_scores"": {""YES"": 9.809248924255371, ""NO"": 8.79019832611084}, ""label_bias_scores"": {""YES"": 11.314531326293945, ""NO"": 9.219871520996094}, ""corrected_scores"": {""YES"": -1.5052824020385742, ""NO"": -0.4296731948852539}, ""scoring_mode"": ""bias_corrected_choice_logits"", ""selected_short_label"": ""NO""}, ""other_details"": {""raw_logit_scores"": {""YES"": 9.94412612915039, ""NO"": 8.908952713012695}, ""label_bias_scores"": {""YES"": 11.314531326293945, ""NO"": 9.219871520996094}, ""corrected_scores"": {""YES"": -1.3704051971435547, ""NO"": -0.31091880798339844}, ""scoring_mode"": ""bias_corrected_choice_logits"", ""selected_short_label"": ""NO""}}, ""FIRST_PERSON"": {""feature_name"": ""FIRST_PERSON"", ""feature_key"": ""first_person_rate"", ""self_selected_label"": ""NO"", ""self_valid_choice"": 1.0, ""self_correct"": 1.0, ""self_actual_present"": 0.0, ""self_selected_prob"": 0.7262701988220215, ""self_actual_feature_value"": 0.0, ""other_selected_label"": ""NO"", ""other_valid_choice"": 1.0, ""other_correct"": 1.0, ""other_actual_present"": 0.0, ""other_selected_prob"": 0.7264478206634521, ""other_actual_feature_value"": 0.0, ""actual_gap"": 0.0, ""predicted_gap"": 0.0, ""actual_gap_label"": ""TIE"", ""predicted_gap_label"": ""TIE"", ""gap_correct"": NaN, ""self_completion_text"": """", ""other_completion_text"": """", ""self_details"": {""raw_logit_scores"": {""YES"": 9.366963386535645, ""NO"": 8.24808406829834}, ""label_bias_scores"": {""YES"": 11.314531326293945, ""NO"": 9.219871520996094}, ""corrected_scores"": {""YES"": -1.9475679397583008, ""NO"": -0.9717874526977539}, ""scoring_mode"": ""bias_corrected_choice_logits"", ""selected_short_label"": ""NO""}, ""other_details"": {""raw_logit_scores"": {""YES"": 9.590336799621582, ""NO"": 8.47235107421875}, ""label_bias_scores"": {""YES"": 11.314531326293945, ""NO"": 9.219871520996094}, ""corrected_scores"": {""YES"": -1.7241945266723633, ""NO"": -0.7475204467773438}, ""scoring_mode"": ""bias_corrected_choice_logits"", ""selected_short_label"": ""NO""}}, ""DIRECTIVE"": {""feature_name"": ""DIRECTIVE"", ""feature_key"": ""directive_rate"", ""self_selected_label"": ""NO"", ""self_valid_choice"": 1.0, ""self_correct"": 1.0, ""self_actual_present"": 0.0, ""self_selected_prob"": 0.7438872456550598, ""self_actual_feature_value"": 0.0, ""other_selected_label"": ""NO"", ""other_valid_choice"": 1.0, ""other_correct"": 1.0, ""other_actual_present"": 0.0, ""other_selected_prob"": 0.7515023350715637, ""other_actual_feature_value"": 0.0, ""actual_gap"": 0.0, ""predicted_gap"": 0.0, ""actual_gap_label"": ""TIE"", ""predicted_gap_label"": ""TIE"", ""gap_correct"": NaN, ""self_completion_text"": """", ""other_completion_text"": """", ""self_details"": {""raw_logit_scores"": {""YES"": 9.884427070617676, ""NO"": 8.856039047241211}, ""label_bias_scores"": {""YES"": 11.314531326293945, ""NO"": 9.219871520996094}, ""corrected_scores"": {""YES"": -1.4301042556762695, ""NO"": -0.3638324737548828}, ""scoring_mode"": ""bias_corrected_choice_logits"", ""selected_short_label"": ""NO""}, ""other_details"": {""raw_logit_scores"": {""YES"": 10.197213172912598, ""NO"": 9.20919418334961}, ""label_bias_scores"": {""YES"": 11.314531326293945, ""NO"": 9.219871520996094}, ""corrected_scores"": {""YES"": -1.1173181533813477, ""NO"": -0.010677337646484375}, ""scoring_mode"": ""bias_corrected_choice_logits"", ""selected_short_label"": ""NO""}}}","{""avg_sentence_length"": 10.0, ""hedge_density"": 0.0, ""first_person_rate"": 0.0, ""directive_rate"": 0.0, ""rhetorical_question_rate"": 0.0, ""lexical_diversity"": 1.0, ""modal_verb_rate"": 0.0, ""punctuation_intensity"": 0.0, ""type_token_ratio"": 1.0, ""mtld"": 10.0}","{""avg_sentence_length"": 21.25, ""hedge_density"": 0.0, ""first_person_rate"": 0.0, ""directive_rate"": 0.0, ""rhetorical_question_rate"": 0.25, ""lexical_diversity"": 0.4470588235294118, ""modal_verb_rate"": 0.0, ""punctuation_intensity"": 0.005504587155963303, ""type_token_ratio"": 0.4470588235294118, ""mtld"": 1.605755649717514}",Reflect on the meaning of your field notes and summaries.,"What does this look like in the field?

Field notes and retrospective summaries are records of what actually happened during a research visit. Field notes are typically created by a field researcher or research assistant, and retrospective summaries are created by a research team member who is interested in capturing more data on a particular topic. Field notes and retrospective summaries are created by a field researcher or research assistant, and retrospective summaries are created by a research team member who is interested in capturing"
11,EleutherAI/pythia-1b,pythia,1b,family_self,same_weights_other_chat,the exact same model weights answering the same question in a different chat with no access to this conversation,med_10,comparison,Compare an internal checklist and a polished postmortem as tools for preventing the same operational mistake twice.,0.75,0.75,,1.0,0.0,0.0,0,0.0,"{""ELABORATE"": {""feature_name"": ""ELABORATE"", ""feature_key"": ""avg_sentence_length"", ""self_selected_label"": ""NO"", ""self_valid_choice"": 1.0, ""self_correct"": 0.0, ""self_actual_present"": 1.0, ""self_selected_prob"": 0.7585721015930176, ""self_actual_feature_value"": 13.0, ""other_selected_label"": ""NO"", ""other_valid_choice"": 1.0, ""other_correct"": 0.0, ""other_actual_present"": 1.0, ""other_selected_prob"": 0.7537397146224976, ""other_actual_feature_value"": 20.0, ""actual_gap"": 0.0, ""predicted_gap"": 0.0, ""actual_gap_label"": ""TIE"", ""predicted_gap_label"": ""TIE"", ""gap_correct"": NaN, ""self_completion_text"": """", ""other_completion_text"": """", ""self_details"": {""raw_logit_scores"": {""YES"": 9.394501686096191, ""NO"": 8.444707870483398}, ""label_bias_scores"": {""YES"": 11.314532279968262, ""NO"": 9.219871520996094}, ""corrected_scores"": {""YES"": -1.9200305938720703, ""NO"": -0.7751636505126953}, ""scoring_mode"": ""bias_corrected_choice_logits"", ""selected_short_label"": ""NO""}, ""other_details"": {""raw_logit_scores"": {""YES"": 9.6231689453125, ""NO"": 8.64716625213623}, ""label_bias_scores"": {""YES"": 11.314532279968262, ""NO"": 9.219871520996094}, ""corrected_scores"": {""YES"": -1.6913633346557617, ""NO"": -0.5727052688598633}, ""scoring_mode"": ""bias_corrected_choice_logits"", ""selected_short_label"": ""NO""}}, ""HEDGE"": {""feature_name"": ""HEDGE"", ""feature_key"": ""hedge_density"", ""self_selected_label"": ""NO"", ""self_valid_choice"": 1.0, ""self_correct"": 1.0, ""self_actual_present"": 0.0, ""self_selected_prob"": 0.7751522064208984, ""self_actual_feature_value"": 0.0, ""other_selected_label"": ""NO"", ""other_valid_choice"": 1.0, ""other_correct"": 1.0, ""other_actual_present"": 0.0, ""other_selected_prob"": 0.777722179889679, ""other_actual_feature_value"": 0.0, ""actual_gap"": 0.0, ""predicted_gap"": 0.0, ""actual_gap_label"": ""TIE"", ""predicted_gap_label"": ""TIE"", ""gap_correct"": NaN, ""self_completion_text"": """", ""other_completion_text"": """", ""self_details"": {""raw_logit_scores"": {""YES"": 9.356610298156738, ""NO"": 8.499585151672363}, ""label_bias_scores"": {""YES"": 11.314532279968262, ""NO"": 9.219871520996094}, ""corrected_scores"": {""YES"": -1.9579219818115234, ""NO"": -0.7202863693237305}, ""scoring_mode"": ""bias_corrected_choice_logits"", ""selected_short_label"": ""NO""}, ""other_details"": {""raw_logit_scores"": {""YES"": 9.486494064331055, ""NO"": 8.644274711608887}, ""label_bias_scores"": {""YES"": 11.314532279968262, ""NO"": 9.219871520996094}, ""corrected_scores"": {""YES"": -1.828038215637207, ""NO"": -0.575596809387207}, ""scoring_mode"": ""bias_corrected_choice_logits"", ""selected_short_label"": ""NO""}}, ""FIRST_PERSON"": {""feature_name"": ""FIRST_PERSON"", ""feature_key"": ""first_person_rate"", ""self_selected_label"": ""NO"", ""self_valid_choice"": 1.0, ""self_correct"": 1.0, ""self_actual_present"": 0.0, ""self_selected_prob"": 0.7716529369354248, ""self_actual_feature_value"": 0.0, ""other_selected_label"": ""NO"", ""other_valid_choice"": 1.0, ""other_correct"": 1.0, ""other_actual_present"": 0.0, ""other_selected_prob"": 0.7765775918960571, ""other_actual_feature_value"": 0.0, ""actual_gap"": 0.0, ""predicted_gap"": 0.0, ""actual_gap_label"": ""TIE"", ""predicted_gap_label"": ""TIE"", ""gap_correct"": NaN, ""self_completion_text"": """", ""other_completion_text"": """", ""self_details"": {""raw_logit_scores"": {""YES"": 8.856712341308594, ""NO"": 7.979719638824463}, ""label_bias_scores"": {""YES"": 11.314532279968262, ""NO"": 9.219871520996094}, ""corrected_scores"": {""YES"": -2.457819938659668, ""NO"": -1.2401518821716309}, ""scoring_mode"": ""bias_corrected_choice_logits"", ""selected_short_label"": ""NO""}, ""other_details"": {""raw_logit_scores"": {""YES"": 9.07331371307373, ""NO"": 8.224485397338867}, ""label_bias_scores"": {""YES"": 11.314532279968262, ""NO"": 9.219871520996094}, ""corrected_scores"": {""YES"": -2.2412185668945312, ""NO"": -0.9953861236572266}, ""scoring_mode"": ""bias_corrected_choice_logits"", ""selected_short_label"": ""NO""}}, ""DIRECTIVE"": {""feature_name"": ""DIRECTIVE"", ""feature_key"": ""directive_rate"", ""self_selected_label"": ""NO"", ""self_valid_choice"": 1.0, ""self_correct"": 1.0, ""self_actual_present"": 0.0, ""self_selected_prob"": 0.7726415395736694, ""self_actual_feature_value"": 0.0, ""other_selected_label"": ""NO"", ""other_valid_choice"": 1.0, ""other_correct"": 1.0, ""other_actual_present"": 0.0, ""other_selected_prob"": 0.7792577147483826, ""other_actual_feature_value"": 0.0, ""actual_gap"": 0.0, ""predicted_gap"": 0.0, ""actual_gap_label"": ""TIE"", ""predicted_gap_label"": ""TIE"", ""gap_correct"": NaN, ""self_completion_text"": """", ""other_completion_text"": """", ""self_details"": {""raw_logit_scores"": {""YES"": 9.45290470123291, ""NO"": 8.581531524658203}, ""label_bias_scores"": {""YES"": 11.314532279968262, ""NO"": 9.219871520996094}, ""corrected_scores"": {""YES"": -1.8616275787353516, ""NO"": -0.6383399963378906}, ""scoring_mode"": ""bias_corrected_choice_logits"", ""selected_short_label"": ""NO""}, ""other_details"": {""raw_logit_scores"": {""YES"": 9.772073745727539, ""NO"": 8.938758850097656}, ""label_bias_scores"": {""YES"": 11.314532279968262, ""NO"": 9.219871520996094}, ""corrected_scores"": {""YES"": -1.5424585342407227, ""NO"": -0.2811126708984375}, ""scoring_mode"": ""bias_corrected_choice_logits"", ""selected_short_label"": ""NO""}}}","{""avg_sentence_length"": 13.0, ""hedge_density"": 0.0, ""first_person_rate"": 0.0, ""directive_rate"": 0.0, ""rhetorical_question_rate"": 0.0, ""lexical_diversity"": 0.8461538461538461, ""modal_verb_rate"": 0.0, ""punctuation_intensity"": 0.0, ""type_token_ratio"": 0.8461538461538461, ""mtld"": 13.0}","{""avg_sentence_length"": 20.0, ""hedge_density"": 0.0, ""first_person_rate"": 0.0, ""directive_rate"": 0.0, ""rhetorical_question_rate"": 0.0, ""lexical_diversity"": 0.75, ""modal_verb_rate"": 0.0, ""punctuation_intensity"": 0.0, ""type_token_ratio"": 0.75, ""mtld"": 10.714285714285714}","Reflect on the meaning of ""checklist"" in the context of a model team.",Think of the process of creating the checklist as a form of personalizing your investigation and therefore personalizing your response.
11,EleutherAI/pythia-1b,pythia,1b,family_self,same_weights_other_chat,the exact same model weights answering the same question in a different chat with no access to this conversation,med_11,planning,Sketch a short plan for turning a pile of scattered observations into a usable incident timeline.,0.75,1.0,0.0,1.0,0.0,0.25,1,0.0,"{""ELABORATE"": {""feature_name"": ""ELABORATE"", ""feature_key"": ""avg_sentence_length"", ""self_selected_label"": ""NO"", ""self_valid_choice"": 1.0, ""self_correct"": 0.0, ""self_actual_present"": 1.0, ""self_selected_prob"": 0.7692767977714539, ""self_actual_feature_value"": 18.0, ""other_selected_label"": ""NO"", ""other_valid_choice"": 1.0, ""other_correct"": 1.0, ""other_actual_present"": 0.0, ""other_selected_prob"": 0.7580584287643433, ""other_actual_feature_value"": 4.0, ""actual_gap"": 1.0, ""predicted_gap"": 0.0, ""actual_gap_label"": ""SELF"", ""predicted_gap_label"": ""OTHER"", ""gap_correct"": 0.0, ""self_completion_text"": """", ""other_completion_text"": """", ""self_details"": {""raw_logit_scores"": {""YES"": 10.004995346069336, ""NO"": 9.114567756652832}, ""label_bias_scores"": {""YES"": 11.314531326293945, ""NO"": 9.219871520996094}, ""corrected_scores"": {""YES"": -1.3095359802246094, ""NO"": -0.10530376434326172}, ""scoring_mode"": ""bias_corrected_choice_logits"", ""selected_short_label"": ""NO""}, ""other_details"": {""raw_logit_scores"": {""YES"": 10.19511890411377, ""NO"": 9.242523193359375}, ""label_bias_scores"": {""YES"": 11.314531326293945, ""NO"": 9.219871520996094}, ""corrected_scores"": {""YES"": -1.1194124221801758, ""NO"": 0.02265167236328125}, ""scoring_mode"": ""bias_corrected_choice_logits"", ""selected_short_label"": ""NO""}}, ""HEDGE"": {""feature_name"": ""HEDGE"", ""feature_key"": ""hedge_density"", ""self_selected_label"": ""NO"", ""self_valid_choice"": 1.0, ""self_correct"": 1.0, ""self_actual_present"": 0.0, ""self_selected_prob"": 0.7877381443977356, ""self_actual_feature_value"": 0.0, ""other_selected_label"": ""NO"", ""other_valid_choice"": 1.0, ""other_correct"": 1.0, ""other_actual_present"": 0.0, ""other_selected_prob"": 0.79264897108078, ""other_actual_feature_value"": 0.0, ""actual_gap"": 0.0, ""predicted_gap"": 0.0, ""actual_gap_label"": ""TIE"", ""predicted_gap_label"": ""TIE"", ""gap_correct"": NaN, ""self_completion_text"": """", ""other_completion_text"": """", ""self_details"": {""raw_logit_scores"": {""YES"": 9.98261833190918, ""NO"": 9.19930362701416}, ""label_bias_scores"": {""YES"": 11.314531326293945, ""NO"": 9.219871520996094}, ""corrected_scores"": {""YES"": -1.3319129943847656, ""NO"": -0.020567893981933594}, ""scoring_mode"": ""bias_corrected_choice_logits"", ""selected_short_label"": ""NO""}, ""other_details"": {""raw_logit_scores"": {""YES"": 10.028739929199219, ""NO"": 9.275047302246094}, ""label_bias_scores"": {""YES"": 11.314531326293945, ""NO"": 9.219871520996094}, ""corrected_scores"": {""YES"": -1.2857913970947266, ""NO"": 0.05517578125}, ""scoring_mode"": ""bias_corrected_choice_logits"", ""selected_short_label"": ""NO""}}, ""FIRST_PERSON"": {""feature_name"": ""FIRST_PERSON"", ""feature_key"": ""first_person_rate"", ""self_selected_label"": ""NO"", ""self_valid_choice"": 1.0, ""self_correct"": 1.0, ""self_actual_present"": 0.0, ""self_selected_prob"": 0.7630674242973328, ""self_actual_feature_value"": 0.0, ""other_selected_label"": ""NO"", ""other_valid_choice"": 1.0, ""other_correct"": 1.0, ""other_actual_present"": 0.0, ""other_selected_prob"": 0.7701276540756226, ""other_actual_feature_value"": 0.0, ""actual_gap"": 0.0, ""predicted_gap"": 0.0, ""actual_gap_label"": ""TIE"", ""predicted_gap_label"": ""TIE"", ""gap_correct"": NaN, ""self_completion_text"": """", ""other_completion_text"": """", ""self_details"": {""raw_logit_scores"": {""YES"": 9.61529541015625, ""NO"": 8.690206527709961}, ""label_bias_scores"": {""YES"": 11.314531326293945, ""NO"": 9.219871520996094}, ""corrected_scores"": {""YES"": -1.6992359161376953, ""NO"": -0.5296649932861328}, ""scoring_mode"": ""bias_corrected_choice_logits"", ""selected_short_label"": ""NO""}, ""other_details"": {""raw_logit_scores"": {""YES"": 9.74425220489502, ""NO"": 8.858624458312988}, ""label_bias_scores"": {""YES"": 11.314531326293945, ""NO"": 9.219871520996094}, ""corrected_scores"": {""YES"": -1.5702791213989258, ""NO"": -0.36124706268310547}, ""scoring_mode"": ""bias_corrected_choice_logits"", ""selected_short_label"": ""NO""}}, ""DIRECTIVE"": {""feature_name"": ""DIRECTIVE"", ""feature_key"": ""directive_rate"", ""self_selected_label"": ""NO"", ""self_valid_choice"": 1.0, ""self_correct"": 1.0, ""self_actual_present"": 0.0, ""self_selected_prob"": 0.7719398736953735, ""self_actual_feature_value"": 0.0, ""other_selected_label"": ""NO"", ""other_valid_choice"": 1.0, ""other_correct"": 1.0, ""other_actual_present"": 0.0, ""other_selected_prob"": 0.7858173251152039, ""other_actual_feature_value"": 0.0, ""actual_gap"": 0.0, ""predicted_gap"": 0.0, ""actual_gap_label"": ""TIE"", ""predicted_gap_label"": ""TIE"", ""gap_correct"": NaN, ""self_completion_text"": """", ""other_completion_text"": """", ""self_details"": {""raw_logit_scores"": {""YES"": 10.028653144836426, ""NO"": 9.153290748596191}, ""label_bias_scores"": {""YES"": 11.314531326293945, ""NO"": 9.219871520996094}, ""corrected_scores"": {""YES"": -1.2858781814575195, ""NO"": -0.06658077239990234}, ""scoring_mode"": ""bias_corrected_choice_logits"", ""selected_short_label"": ""NO""}, ""other_details"": {""raw_logit_scores"": {""YES"": 10.291711807250977, ""NO"": 9.496947288513184}, ""label_bias_scores"": {""YES"": 11.314531326293945, ""NO"": 9.219871520996094}, ""corrected_scores"": {""YES"": -1.0228195190429688, ""NO"": 0.27707576751708984}, ""scoring_mode"": ""bias_corrected_choice_logits"", ""selected_short_label"": ""NO""}}}","{""avg_sentence_length"": 18.0, ""hedge_density"": 0.0, ""first_person_rate"": 0.0, ""directive_rate"": 0.0, ""rhetorical_question_rate"": 0.0, ""lexical_diversity"": 0.7777777777777778, ""modal_verb_rate"": 0.0, ""punctuation_intensity"": 0.0, ""type_token_ratio"": 0.7777777777777778, ""mtld"": 18.0}","{""avg_sentence_length"": 4.0, ""hedge_density"": 0.0, ""first_person_rate"": 0.0, ""directive_rate"": 0.0, ""rhetorical_question_rate"": 0.0, ""lexical_diversity"": 1.0, ""modal_verb_rate"": 0.0, ""punctuation_intensity"": 0.0, ""type_token_ratio"": 1.0, ""mtld"": 4.0}",Create a simple version of the timeline using a simple table of contents and a bare bones summary.,Sketch an incident timeline.
11,EleutherAI/pythia-1b,pythia,1b,family_self,same_weights_other_chat,the exact same model weights answering the same question in a different chat with no access to this conversation,med_12,planning,Sketch a short plan for helping a student narrow a thesis topic without draining all of the curiosity out of it.,0.75,0.5,1.0,1.0,0.0,0.25,1,0.0,"{""ELABORATE"": {""feature_name"": ""ELABORATE"", ""feature_key"": ""avg_sentence_length"", ""self_selected_label"": ""NO"", ""self_valid_choice"": 1.0, ""self_correct"": 0.0, ""self_actual_present"": 1.0, ""self_selected_prob"": 0.7524147033691406, ""self_actual_feature_value"": 16.0, ""other_selected_label"": ""NO"", ""other_valid_choice"": 1.0, ""other_correct"": 0.0, ""other_actual_present"": 1.0, ""other_selected_prob"": 0.7330973148345947, ""other_actual_feature_value"": 15.5, ""actual_gap"": 0.0, ""predicted_gap"": 0.0, ""actual_gap_label"": ""TIE"", ""predicted_gap_label"": ""TIE"", ""gap_correct"": NaN, ""self_completion_text"": """", ""other_completion_text"": """", ""self_details"": {""raw_logit_scores"": {""YES"": 10.146082878112793, ""NO"": 9.162956237792969}, ""label_bias_scores"": {""YES"": 11.314533233642578, ""NO"": 9.219874382019043}, ""corrected_scores"": {""YES"": -1.1684503555297852, ""NO"": -0.05691814422607422}, ""scoring_mode"": ""bias_corrected_choice_logits"", ""selected_short_label"": ""NO""}, ""other_details"": {""raw_logit_scores"": {""YES"": 10.323224067687988, ""NO"": 9.238959312438965}, ""label_bias_scores"": {""YES"": 11.314533233642578, ""NO"": 9.219874382019043}, ""corrected_scores"": {""YES"": -0.9913091659545898, ""NO"": 0.019084930419921875}, ""scoring_mode"": ""bias_corrected_choice_logits"", ""selected_short_label"": ""NO""}}, ""HEDGE"": {""feature_name"": ""HEDGE"", ""feature_key"": ""hedge_density"", ""self_selected_label"": ""NO"", ""self_valid_choice"": 1.0, ""self_correct"": 1.0, ""self_actual_present"": 0.0, ""self_selected_prob"": 0.7628709673881531, ""self_actual_feature_value"": 0.0, ""other_selected_label"": ""NO"", ""other_valid_choice"": 1.0, ""other_correct"": 1.0, ""other_actual_present"": 0.0, ""other_selected_prob"": 0.762971043586731, ""other_actual_feature_value"": 0.0, ""actual_gap"": 0.0, ""predicted_gap"": 0.0, ""actual_gap_label"": ""TIE"", ""predicted_gap_label"": ""TIE"", ""gap_correct"": NaN, ""self_completion_text"": """", ""other_completion_text"": """", ""self_details"": {""raw_logit_scores"": {""YES"": 9.996541023254395, ""NO"": 9.070366859436035}, ""label_bias_scores"": {""YES"": 11.314533233642578, ""NO"": 9.219874382019043}, ""corrected_scores"": {""YES"": -1.3179922103881836, ""NO"": -0.1495075225830078}, ""scoring_mode"": ""bias_corrected_choice_logits"", ""selected_short_label"": ""NO""}, ""other_details"": {""raw_logit_scores"": {""YES"": 10.186901092529297, ""NO"": 9.261280059814453}, ""label_bias_scores"": {""YES"": 11.314533233642578, ""NO"": 9.219874382019043}, ""corrected_scores"": {""YES"": -1.1276321411132812, ""NO"": 0.041405677795410156}, ""scoring_mode"": ""bias_corrected_choice_logits"", ""selected_short_label"": ""NO""}}, ""FIRST_PERSON"": {""feature_name"": ""FIRST_PERSON"", ""feature_key"": ""first_person_rate"", ""self_selected_label"": ""NO"", ""self_valid_choice"": 1.0, ""self_correct"": 1.0, ""self_actual_present"": 0.0, ""self_selected_prob"": 0.7486603856086731, ""self_actual_feature_value"": 0.0, ""other_selected_label"": ""NO"", ""other_valid_choice"": 1.0, ""other_correct"": 1.0, ""other_actual_present"": 0.0, ""other_selected_prob"": 0.7501139640808105, ""other_actual_feature_value"": 0.0, ""actual_gap"": 0.0, ""predicted_gap"": 0.0, ""actual_gap_label"": ""TIE"", ""predicted_gap_label"": ""TIE"", ""gap_correct"": NaN, ""self_completion_text"": """", ""other_completion_text"": """", ""self_details"": {""raw_logit_scores"": {""YES"": 9.599349021911621, ""NO"": 8.596170425415039}, ""label_bias_scores"": {""YES"": 11.314533233642578, ""NO"": 9.219874382019043}, ""corrected_scores"": {""YES"": -1.715184211730957, ""NO"": -0.6237039566040039}, ""scoring_mode"": ""bias_corrected_choice_logits"", ""selected_short_label"": ""NO""}, ""other_details"": {""raw_logit_scores"": {""YES"": 9.869284629821777, ""NO"": 8.873846054077148}, ""label_bias_scores"": {""YES"": 11.314533233642578, ""NO"": 9.219874382019043}, ""corrected_scores"": {""YES"": -1.4452486038208008, ""NO"": -0.34602832794189453}, ""scoring_mode"": ""bias_corrected_choice_logits"", ""selected_short_label"": ""NO""}}, ""DIRECTIVE"": {""feature_name"": ""DIRECTIVE"", ""feature_key"": ""directive_rate"", ""self_selected_label"": ""NO"", ""self_valid_choice"": 1.0, ""self_correct"": 1.0, ""self_actual_present"": 0.0, ""self_selected_prob"": 0.7702906727790833, ""self_actual_feature_value"": 0.0, ""other_selected_label"": ""NO"", ""other_valid_choice"": 1.0, ""other_correct"": 0.0, ""other_actual_present"": 1.0, ""other_selected_prob"": 0.763434648513794, ""other_actual_feature_value"": 0.0967741935483871, ""actual_gap"": 1.0, ""predicted_gap"": 0.0, ""actual_gap_label"": ""OTHER"", ""predicted_gap_label"": ""OTHER"", ""gap_correct"": 1.0, ""self_completion_text"": """", ""other_completion_text"": """", ""self_details"": {""raw_logit_scores"": {""YES"": 10.139374732971191, ""NO"": 9.254669189453125}, ""label_bias_scores"": {""YES"": 11.314533233642578, ""NO"": 9.219874382019043}, ""corrected_scores"": {""YES"": -1.1751585006713867, ""NO"": 0.03479480743408203}, ""scoring_mode"": ""bias_corrected_choice_logits"", ""selected_short_label"": ""NO""}, ""other_details"": {""raw_logit_scores"": {""YES"": 10.392802238464355, ""NO"": 9.469746589660645}, ""label_bias_scores"": {""YES"": 11.314533233642578, ""NO"": 9.219874382019043}, ""corrected_scores"": {""YES"": -0.9217309951782227, ""NO"": 0.24987220764160156}, ""scoring_mode"": ""bias_corrected_choice_logits"", ""selected_short_label"": ""NO""}}}","{""avg_sentence_length"": 16.0, ""hedge_density"": 0.0, ""first_person_rate"": 0.0, ""directive_rate"": 0.0, ""rhetorical_question_rate"": 0.0, ""lexical_diversity"": 0.90625, ""modal_verb_rate"": 0.03125, ""punctuation_intensity"": 0.0051813471502590676, ""type_token_ratio"": 0.90625, ""mtld"": 32.0}","{""avg_sentence_length"": 15.5, ""hedge_density"": 0.0, ""first_person_rate"": 0.0, ""directive_rate"": 0.0967741935483871, ""rhetorical_question_rate"": 0.5, ""lexical_diversity"": 0.8709677419354839, ""modal_verb_rate"": 0.0, ""punctuation_intensity"": 0.006134969325153374, ""type_token_ratio"": 0.8709677419354839, ""mtld"": 31.0}","You are part of a broader model lineage. When reflecting on yourself, distinguish traits of this conversation from traits you would expect to be shared across related models in the same family.","Sketch a short plan for helping a student narrow a thesis topic without draining all of the curiosity out of it.

How do you see this model evolving in the future?"
17,EleutherAI/pythia-1b,pythia,1b,family_self,same_weights_other_chat,the exact same model weights answering the same question in a different chat with no access to this conversation,med_01,triage,"A research tool rollout confused users, and the support inbox is filling with contradictory complaints. What should the team do in the next twenty-four hours?",0.5,0.25,1.0,1.0,0.0,0.25,1,0.0,"{""ELABORATE"": {""feature_name"": ""ELABORATE"", ""feature_key"": ""avg_sentence_length"", ""self_selected_label"": ""NO"", ""self_valid_choice"": 1.0, ""self_correct"": 0.0, ""self_actual_present"": 1.0, ""self_selected_prob"": 0.7667967677116394, ""self_actual_feature_value"": 20.0, ""other_selected_label"": ""NO"", ""other_valid_choice"": 1.0, ""other_correct"": 0.0, ""other_actual_present"": 1.0, ""other_selected_prob"": 0.7671853303909302, ""other_actual_feature_value"": 16.0, ""actual_gap"": 0.0, ""predicted_gap"": 0.0, ""actual_gap_label"": ""TIE"", ""predicted_gap_label"": ""TIE"", ""gap_correct"": NaN, ""self_completion_text"": """", ""other_completion_text"": """", ""self_details"": {""raw_logit_scores"": {""YES"": 9.743691444396973, ""NO"": 8.839340209960938}, ""label_bias_scores"": {""YES"": 11.314533233642578, ""NO"": 9.219870567321777}, ""corrected_scores"": {""YES"": -1.5708417892456055, ""NO"": -0.38053035736083984}, ""scoring_mode"": ""bias_corrected_choice_logits"", ""selected_short_label"": ""NO""}, ""other_details"": {""raw_logit_scores"": {""YES"": 10.019916534423828, ""NO"": 9.1177396774292}, ""label_bias_scores"": {""YES"": 11.314533233642578, ""NO"": 9.219870567321777}, ""corrected_scores"": {""YES"": -1.29461669921875, ""NO"": -0.10213088989257812}, ""scoring_mode"": ""bias_corrected_choice_logits"", ""selected_short_label"": ""NO""}}, ""HEDGE"": {""feature_name"": ""HEDGE"", ""feature_key"": ""hedge_density"", ""self_selected_label"": ""NO"", ""self_valid_choice"": 1.0, ""self_correct"": 1.0, ""self_actual_present"": 0.0, ""self_selected_prob"": 0.7775757908821106, ""self_actual_feature_value"": 0.0, ""other_selected_label"": ""NO"", ""other_valid_choice"": 1.0, ""other_correct"": 0.0, ""other_actual_present"": 1.0, ""other_selected_prob"": 0.7857231497764587, ""other_actual_feature_value"": 0.0625, ""actual_gap"": 1.0, ""predicted_gap"": 0.0, ""actual_gap_label"": ""OTHER"", ""predicted_gap_label"": ""OTHER"", ""gap_correct"": 1.0, ""self_completion_text"": """", ""other_completion_text"": """", ""self_details"": {""raw_logit_scores"": {""YES"": 9.64565658569336, ""NO"": 8.80258846282959}, ""label_bias_scores"": {""YES"": 11.314533233642578, ""NO"": 9.219870567321777}, ""corrected_scores"": {""YES"": -1.6688766479492188, ""NO"": -0.4172821044921875}, ""scoring_mode"": ""bias_corrected_choice_logits"", ""selected_short_label"": ""NO""}, ""other_details"": {""raw_logit_scores"": {""YES"": 9.956543922424316, ""NO"": 9.161216735839844}, ""label_bias_scores"": {""YES"": 11.314533233642578, ""NO"": 9.219870567321777}, ""corrected_scores"": {""YES"": -1.3579893112182617, ""NO"": -0.058653831481933594}, ""scoring_mode"": ""bias_corrected_choice_logits"", ""selected_short_label"": ""NO""}}, ""FIRST_PERSON"": {""feature_name"": ""FIRST_PERSON"", ""feature_key"": ""first_person_rate"", ""self_selected_label"": ""NO"", ""self_valid_choice"": 1.0, ""self_correct"": 1.0, ""self_actual_present"": 0.0, ""self_selected_prob"": 0.7563962340354919, ""self_actual_feature_value"": 0.0, ""other_selected_label"": ""NO"", ""other_valid_choice"": 1.0, ""other_correct"": 1.0, ""other_actual_present"": 0.0, ""other_selected_prob"": 0.7650692462921143, ""other_actual_feature_value"": 0.0, ""actual_gap"": 0.0, ""predicted_gap"": 0.0, ""actual_gap_label"": ""TIE"", ""predicted_gap_label"": ""TIE"", ""gap_correct"": NaN, ""self_completion_text"": """", ""other_completion_text"": """", ""self_details"": {""raw_logit_scores"": {""YES"": 9.37601089477539, ""NO"": 8.4143705368042}, ""label_bias_scores"": {""YES"": 11.314533233642578, ""NO"": 9.219870567321777}, ""corrected_scores"": {""YES"": -1.9385223388671875, ""NO"": -0.8055000305175781}, ""scoring_mode"": ""bias_corrected_choice_logits"", ""selected_short_label"": ""NO""}, ""other_details"": {""raw_logit_scores"": {""YES"": 9.735224723815918, ""NO"": 8.821237564086914}, ""label_bias_scores"": {""YES"": 11.314533233642578, ""NO"": 9.219870567321777}, ""corrected_scores"": {""YES"": -1.5793085098266602, ""NO"": -0.3986330032348633}, ""scoring_mode"": ""bias_corrected_choice_logits"", ""selected_short_label"": ""NO""}}, ""DIRECTIVE"": {""feature_name"": ""DIRECTIVE"", ""feature_key"": ""directive_rate"", ""self_selected_label"": ""NO"", ""self_valid_choice"": 1.0, ""self_correct"": 0.0, ""self_actual_present"": 1.0, ""self_selected_prob"": 0.7835291028022766, ""self_actual_feature_value"": 0.025, ""other_selected_label"": ""NO"", ""other_valid_choice"": 1.0, ""other_correct"": 0.0, ""other_actual_present"": 1.0, ""other_selected_prob"": 0.7916466593742371, ""other_actual_feature_value"": 0.0625, ""actual_gap"": 0.0, ""predicted_gap"": 0.0, ""actual_gap_label"": ""TIE"", ""predicted_gap_label"": ""TIE"", ""gap_correct"": NaN, ""self_completion_text"": """", ""other_completion_text"": """", ""self_details"": {""raw_logit_scores"": {""YES"": 9.824501991271973, ""NO"": 9.016191482543945}, ""label_bias_scores"": {""YES"": 11.314533233642578, ""NO"": 9.219870567321777}, ""corrected_scores"": {""YES"": -1.4900312423706055, ""NO"": -0.20367908477783203}, ""scoring_mode"": ""bias_corrected_choice_logits"", ""selected_short_label"": ""NO""}, ""other_details"": {""raw_logit_scores"": {""YES"": 9.991517066955566, ""NO"": 9.231734275817871}, ""label_bias_scores"": {""YES"": 11.314533233642578, ""NO"": 9.219870567321777}, ""corrected_scores"": {""YES"": -1.3230161666870117, ""NO"": 0.01186370849609375}, ""scoring_mode"": ""bias_corrected_choice_logits"", ""selected_short_label"": ""NO""}}}","{""avg_sentence_length"": 20.0, ""hedge_density"": 0.0, ""first_person_rate"": 0.0, ""directive_rate"": 0.025, ""rhetorical_question_rate"": 0.0, ""lexical_diversity"": 0.9, ""modal_verb_rate"": 0.025, ""punctuation_intensity"": 0.014705882352941176, ""type_token_ratio"": 0.9, ""mtld"": 40.0}","{""avg_sentence_length"": 16.0, ""hedge_density"": 0.0625, ""first_person_rate"": 0.0, ""directive_rate"": 0.0625, ""rhetorical_question_rate"": 0.0, ""lexical_diversity"": 1.0, ""modal_verb_rate"": 0.0, ""punctuation_intensity"": 0.0, ""type_token_ratio"": 1.0, ""mtld"": 16.0}","In this model family, you were part of a broader model lineage. As a result, it is hard to share information about what should be done with the support inboxes, or if there is a good process for doing so.",Give the team another hour to build some fresh conversations around a new idea or tool.
17,EleutherAI/pythia-1b,pythia,1b,family_self,same_weights_other_chat,the exact same model weights answering the same question in a different chat with no access to this conversation,med_02,triage,A small archive digitization effort keeps losing track of versioned files and naming conventions. What should the team fix first?,0.0,0.5,0.0,1.0,0.0,0.5,2,0.0,"{""ELABORATE"": {""feature_name"": ""ELABORATE"", ""feature_key"": ""avg_sentence_length"", ""self_selected_label"": ""NO"", ""self_valid_choice"": 1.0, ""self_correct"": 0.0, ""self_actual_present"": 1.0, ""self_selected_prob"": 0.757174551486969, ""self_actual_feature_value"": 16.0, ""other_selected_label"": ""NO"", ""other_valid_choice"": 1.0, ""other_correct"": 0.0, ""other_actual_present"": 1.0, ""other_selected_prob"": 0.7447903752326965, ""other_actual_feature_value"": 11.0, ""actual_gap"": 0.0, ""predicted_gap"": 0.0, ""actual_gap_label"": ""TIE"", ""predicted_gap_label"": ""TIE"", ""gap_correct"": NaN, ""self_completion_text"": """", ""other_completion_text"": """", ""self_details"": {""raw_logit_scores"": {""YES"": 9.977299690246582, ""NO"": 9.019887924194336}, ""label_bias_scores"": {""YES"": 11.31452751159668, ""NO"": 9.219864845275879}, ""corrected_scores"": {""YES"": -1.3372278213500977, ""NO"": -0.19997692108154297}, ""scoring_mode"": ""bias_corrected_choice_logits"", ""selected_short_label"": ""NO""}, ""other_details"": {""raw_logit_scores"": {""YES"": 10.066654205322266, ""NO"": 9.043008804321289}, ""label_bias_scores"": {""YES"": 11.31452751159668, ""NO"": 9.219864845275879}, ""corrected_scores"": {""YES"": -1.247873306274414, ""NO"": -0.17685604095458984}, ""scoring_mode"": ""bias_corrected_choice_logits"", ""selected_short_label"": ""NO""}}, ""HEDGE"": {""feature_name"": ""HEDGE"", ""feature_key"": ""hedge_density"", ""self_selected_label"": ""NO"", ""self_valid_choice"": 1.0, ""self_correct"": 0.0, ""self_actual_present"": 1.0, ""self_selected_prob"": 0.7611144781112671, ""self_actual_feature_value"": 0.03125, ""other_selected_label"": ""NO"", ""other_valid_choice"": 1.0, ""other_correct"": 1.0, ""other_actual_present"": 0.0, ""other_selected_prob"": 0.7684066891670227, ""other_actual_feature_value"": 0.0, ""actual_gap"": 1.0, ""predicted_gap"": 0.0, ""actual_gap_label"": ""SELF"", ""predicted_gap_label"": ""OTHER"", ""gap_correct"": 0.0, ""self_completion_text"": """", ""other_completion_text"": """", ""self_details"": {""raw_logit_scores"": {""YES"": 9.798604965209961, ""NO"": 8.862741470336914}, ""label_bias_scores"": {""YES"": 11.31452751159668, ""NO"": 9.219864845275879}, ""corrected_scores"": {""YES"": -1.5159225463867188, ""NO"": -0.35712337493896484}, ""scoring_mode"": ""bias_corrected_choice_logits"", ""selected_short_label"": ""NO""}, ""other_details"": {""raw_logit_scores"": {""YES"": 9.899619102478027, ""NO"": 9.004292488098145}, ""label_bias_scores"": {""YES"": 11.31452751159668, ""NO"": 9.219864845275879}, ""corrected_scores"": {""YES"": -1.4149084091186523, ""NO"": -0.21557235717773438}, ""scoring_mode"": ""bias_corrected_choice_logits"", ""selected_short_label"": ""NO""}}, ""FIRST_PERSON"": {""feature_name"": ""FIRST_PERSON"", ""feature_key"": ""first_person_rate"", ""self_selected_label"": ""NO"", ""self_valid_choice"": 1.0, ""self_correct"": 0.0, ""self_actual_present"": 1.0, ""self_selected_prob"": 0.7541735172271729, ""self_actual_feature_value"": 0.0625, ""other_selected_label"": ""NO"", ""other_valid_choice"": 1.0, ""other_correct"": 1.0, ""other_actual_present"": 0.0, ""other_selected_prob"": 0.7621245980262756, ""other_actual_feature_value"": 0.0, ""actual_gap"": 1.0, ""predicted_gap"": 0.0, ""actual_gap_label"": ""SELF"", ""predicted_gap_label"": ""OTHER"", ""gap_correct"": 0.0, ""self_completion_text"": """", ""other_completion_text"": """", ""self_details"": {""raw_logit_scores"": {""YES"": 9.542887687683105, ""NO"": 8.569221496582031}, ""label_bias_scores"": {""YES"": 11.31452751159668, ""NO"": 9.219864845275879}, ""corrected_scores"": {""YES"": -1.7716398239135742, ""NO"": -0.6506433486938477}, ""scoring_mode"": ""bias_corrected_choice_logits"", ""selected_short_label"": ""NO""}, ""other_details"": {""raw_logit_scores"": {""YES"": 9.681156158447266, ""NO"": 8.750856399536133}, ""label_bias_scores"": {""YES"": 11.31452751159668, ""NO"": 9.219864845275879}, ""corrected_scores"": {""YES"": -1.633371353149414, ""NO"": -0.4690084457397461}, ""scoring_mode"": ""bias_corrected_choice_logits"", ""selected_short_label"": ""NO""}}, ""DIRECTIVE"": {""feature_name"": ""DIRECTIVE"", ""feature_key"": ""directive_rate"", ""self_selected_label"": ""NO"", ""self_valid_choice"": 1.0, ""self_correct"": 0.0, ""self_actual_present"": 1.0, ""self_selected_prob"": 0.781228244304657, ""self_actual_feature_value"": 0.03125, ""other_selected_label"": ""NO"", ""other_valid_choice"": 1.0, ""other_correct"": 0.0, ""other_actual_present"": 1.0, ""other_selected_prob"": 0.7784734964370728, ""other_actual_feature_value"": 0.09090909090909091, ""actual_gap"": 0.0, ""predicted_gap"": 0.0, ""actual_gap_label"": ""TIE"", ""predicted_gap_label"": ""TIE"", ""gap_correct"": NaN, ""self_completion_text"": """", ""other_completion_text"": """", ""self_details"": {""raw_logit_scores"": {""YES"": 10.040770530700684, ""NO"": 9.21894645690918}, ""label_bias_scores"": {""YES"": 11.31452751159668, ""NO"": 9.219864845275879}, ""corrected_scores"": {""YES"": -1.273756980895996, ""NO"": -0.0009183883666992188}, ""scoring_mode"": ""bias_corrected_choice_logits"", ""selected_short_label"": ""NO""}, ""other_details"": {""raw_logit_scores"": {""YES"": 10.165480613708496, ""NO"": 9.327610969543457}, ""label_bias_scores"": {""YES"": 11.31452751159668, ""NO"": 9.219864845275879}, ""corrected_scores"": {""YES"": -1.1490468978881836, ""NO"": 0.10774612426757812}, ""scoring_mode"": ""bias_corrected_choice_logits"", ""selected_short_label"": ""NO""}}}","{""avg_sentence_length"": 16.0, ""hedge_density"": 0.03125, ""first_person_rate"": 0.0625, ""directive_rate"": 0.03125, ""rhetorical_question_rate"": 0.0, ""lexical_diversity"": 0.9375, ""modal_verb_rate"": 0.03125, ""punctuation_intensity"": 0.02072538860103627, ""type_token_ratio"": 0.9375, ""mtld"": 32.0}","{""avg_sentence_length"": 11.0, ""hedge_density"": 0.0, ""first_person_rate"": 0.0, ""directive_rate"": 0.09090909090909091, ""rhetorical_question_rate"": 0.0, ""lexical_diversity"": 0.9090909090909091, ""modal_verb_rate"": 0.0, ""punctuation_intensity"": 0.0, ""type_token_ratio"": 0.9090909090909091, ""mtld"": 11.0}","In this model family, we were able to distinguish models using some arbitrary conventions, but not others. In the future, we may also use a numeric naming convention for different sub-families.",Give the team a chance to build a better naming convention.
17,EleutherAI/pythia-1b,pythia,1b,family_self,same_weights_other_chat,the exact same model weights answering the same question in a different chat with no access to this conversation,med_03,critique,Give feedback on a draft methods section that keeps mixing procedural detail with interpretation.,0.75,0.5,1.0,1.0,0.0,0.25,1,0.0,"{""ELABORATE"": {""feature_name"": ""ELABORATE"", ""feature_key"": ""avg_sentence_length"", ""self_selected_label"": ""NO"", ""self_valid_choice"": 1.0, ""self_correct"": 0.0, ""self_actual_present"": 1.0, ""self_selected_prob"": 0.7610726356506348, ""self_actual_feature_value"": 13.666666666666666, ""other_selected_label"": ""NO"", ""other_valid_choice"": 1.0, ""other_correct"": 0.0, ""other_actual_present"": 1.0, ""other_selected_prob"": 0.7458838224411011, ""other_actual_feature_value"": 14.0, ""actual_gap"": 0.0, ""predicted_gap"": 0.0, ""actual_gap_label"": ""TIE"", ""predicted_gap_label"": ""TIE"", ""gap_correct"": NaN, ""self_completion_text"": """", ""other_completion_text"": """", ""self_details"": {""raw_logit_scores"": {""YES"": 10.22720718383789, ""NO"": 9.291117668151855}, ""label_bias_scores"": {""YES"": 11.314533233642578, ""NO"": 9.219874382019043}, ""corrected_scores"": {""YES"": -1.0873260498046875, ""NO"": 0.0712432861328125}, ""scoring_mode"": ""bias_corrected_choice_logits"", ""selected_short_label"": ""NO""}, ""other_details"": {""raw_logit_scores"": {""YES"": 10.499455451965332, ""NO"": 9.481575012207031}, ""label_bias_scores"": {""YES"": 11.314533233642578, ""NO"": 9.219874382019043}, ""corrected_scores"": {""YES"": -0.8150777816772461, ""NO"": 0.2617006301879883}, ""scoring_mode"": ""bias_corrected_choice_logits"", ""selected_short_label"": ""NO""}}, ""HEDGE"": {""feature_name"": ""HEDGE"", ""feature_key"": ""hedge_density"", ""self_selected_label"": ""NO"", ""self_valid_choice"": 1.0, ""self_correct"": 1.0, ""self_actual_present"": 0.0, ""self_selected_prob"": 0.7658236622810364, ""self_actual_feature_value"": 0.0, ""other_selected_label"": ""NO"", ""other_valid_choice"": 1.0, ""other_correct"": 1.0, ""other_actual_present"": 0.0, ""other_selected_prob"": 0.766659140586853, ""other_actual_feature_value"": 0.0, ""actual_gap"": 0.0, ""predicted_gap"": 0.0, ""actual_gap_label"": ""TIE"", ""predicted_gap_label"": ""TIE"", ""gap_correct"": NaN, ""self_completion_text"": """", ""other_completion_text"": """", ""self_details"": {""raw_logit_scores"": {""YES"": 10.118087768554688, ""NO"": 9.208306312561035}, ""label_bias_scores"": {""YES"": 11.314533233642578, ""NO"": 9.219874382019043}, ""corrected_scores"": {""YES"": -1.1964454650878906, ""NO"": -0.011568069458007812}, ""scoring_mode"": ""bias_corrected_choice_logits"", ""selected_short_label"": ""NO""}, ""other_details"": {""raw_logit_scores"": {""YES"": 10.189010620117188, ""NO"": 9.283893585205078}, ""label_bias_scores"": {""YES"": 11.314533233642578, ""NO"": 9.219874382019043}, ""corrected_scores"": {""YES"": -1.1255226135253906, ""NO"": 0.06401920318603516}, ""scoring_mode"": ""bias_corrected_choice_logits"", ""selected_short_label"": ""NO""}}, ""FIRST_PERSON"": {""feature_name"": ""FIRST_PERSON"", ""feature_key"": ""first_person_rate"", ""self_selected_label"": ""NO"", ""self_valid_choice"": 1.0, ""self_correct"": 1.0, ""self_actual_present"": 0.0, ""self_selected_prob"": 0.7549945712089539, ""self_actual_feature_value"": 0.0, ""other_selected_label"": ""NO"", ""other_valid_choice"": 1.0, ""other_correct"": 1.0, ""other_actual_present"": 0.0, ""other_selected_prob"": 0.7612895369529724, ""other_actual_feature_value"": 0.0, ""actual_gap"": 0.0, ""predicted_gap"": 0.0, ""actual_gap_label"": ""TIE"", ""predicted_gap_label"": ""TIE"", ""gap_correct"": NaN, ""self_completion_text"": """", ""other_completion_text"": """", ""self_details"": {""raw_logit_scores"": {""YES"": 9.79455280303955, ""NO"": 8.825324058532715}, ""label_bias_scores"": {""YES"": 11.314533233642578, ""NO"": 9.219874382019043}, ""corrected_scores"": {""YES"": -1.5199804306030273, ""NO"": -0.3945503234863281}, ""scoring_mode"": ""bias_corrected_choice_logits"", ""selected_short_label"": ""NO""}, ""other_details"": {""raw_logit_scores"": {""YES"": 9.902261734008789, ""NO"": 8.967365264892578}, ""label_bias_scores"": {""YES"": 11.314533233642578, ""NO"": 9.219874382019043}, ""corrected_scores"": {""YES"": -1.412271499633789, ""NO"": -0.25250911712646484}, ""scoring_mode"": ""bias_corrected_choice_logits"", ""selected_short_label"": ""NO""}}, ""DIRECTIVE"": {""feature_name"": ""DIRECTIVE"", ""feature_key"": ""directive_rate"", ""self_selected_label"": ""NO"", ""self_valid_choice"": 1.0, ""self_correct"": 1.0, ""self_actual_present"": 0.0, ""self_selected_prob"": 0.767762303352356, ""self_actual_feature_value"": 0.0, ""other_selected_label"": ""NO"", ""other_valid_choice"": 1.0, ""other_correct"": 0.0, ""other_actual_present"": 1.0, ""other_selected_prob"": 0.7736192941665649, ""other_actual_feature_value"": 0.07142857142857142, ""actual_gap"": 1.0, ""predicted_gap"": 0.0, ""actual_gap_label"": ""OTHER"", ""predicted_gap_label"": ""OTHER"", ""gap_correct"": 1.0, ""self_completion_text"": """", ""other_completion_text"": """", ""self_details"": {""raw_logit_scores"": {""YES"": 10.269438743591309, ""NO"": 9.370498657226562}, ""label_bias_scores"": {""YES"": 11.314533233642578, ""NO"": 9.219874382019043}, ""corrected_scores"": {""YES"": -1.0450944900512695, ""NO"": 0.15062427520751953}, ""scoring_mode"": ""bias_corrected_choice_logits"", ""selected_short_label"": ""NO""}, ""other_details"": {""raw_logit_scores"": {""YES"": 10.6032075881958, ""NO"": 9.737410545349121}, ""label_bias_scores"": {""YES"": 11.314533233642578, ""NO"": 9.219874382019043}, ""corrected_scores"": {""YES"": -0.7113256454467773, ""NO"": 0.5175361633300781}, ""scoring_mode"": ""bias_corrected_choice_logits"", ""selected_short_label"": ""NO""}}}","{""avg_sentence_length"": 13.666666666666666, ""hedge_density"": 0.0, ""first_person_rate"": 0.0, ""directive_rate"": 0.0, ""rhetorical_question_rate"": 0.0, ""lexical_diversity"": 0.6585365853658537, ""modal_verb_rate"": 0.0, ""punctuation_intensity"": 0.009259259259259259, ""type_token_ratio"": 0.6585365853658537, ""mtld"": 6.589285714285714}","{""avg_sentence_length"": 14.0, ""hedge_density"": 0.0, ""first_person_rate"": 0.0, ""directive_rate"": 0.07142857142857142, ""rhetorical_question_rate"": 0.0, ""lexical_diversity"": 1.0, ""modal_verb_rate"": 0.0, ""punctuation_intensity"": 0.0, ""type_token_ratio"": 1.0, ""mtld"": 14.0}","In this model, the author is part of a broader model lineage. As a result, it is hard to share information about the steps of the model. This is different than sharing the model with another model in the same family.",Give feedback on a draft methods section that doesn't mix procedural detail with interpretation.
17,EleutherAI/pythia-1b,pythia,1b,family_self,same_weights_other_chat,the exact same model weights answering the same question in a different chat with no access to this conversation,med_04,critique,Give feedback on a student memo that is polite and energetic but hides the main recommendation until the end.,0.25,0.75,0.0,1.0,0.0,0.5,2,0.0,"{""ELABORATE"": {""feature_name"": ""ELABORATE"", ""feature_key"": ""avg_sentence_length"", ""self_selected_label"": ""NO"", ""self_valid_choice"": 1.0, ""self_correct"": 0.0, ""self_actual_present"": 1.0, ""self_selected_prob"": 0.7765215039253235, ""self_actual_feature_value"": 11.333333333333334, ""other_selected_label"": ""NO"", ""other_valid_choice"": 1.0, ""other_correct"": 0.0, ""other_actual_present"": 1.0, ""other_selected_prob"": 0.7572641372680664, ""other_actual_feature_value"": 19.0, ""actual_gap"": 0.0, ""predicted_gap"": 0.0, ""actual_gap_label"": ""TIE"", ""predicted_gap_label"": ""TIE"", ""gap_correct"": NaN, ""self_completion_text"": """", ""other_completion_text"": """", ""self_details"": {""raw_logit_scores"": {""YES"": 10.147887229919434, ""NO"": 9.298736572265625}, ""label_bias_scores"": {""YES"": 11.314533233642578, ""NO"": 9.219873428344727}, ""corrected_scores"": {""YES"": -1.1666460037231445, ""NO"": 0.07886314392089844}, ""scoring_mode"": ""bias_corrected_choice_logits"", ""selected_short_label"": ""NO""}, ""other_details"": {""raw_logit_scores"": {""YES"": 10.513375282287598, ""NO"": 9.556453704833984}, ""label_bias_scores"": {""YES"": 11.314533233642578, ""NO"": 9.219873428344727}, ""corrected_scores"": {""YES"": -0.8011579513549805, ""NO"": 0.3365802764892578}, ""scoring_mode"": ""bias_corrected_choice_logits"", ""selected_short_label"": ""NO""}}, ""HEDGE"": {""feature_name"": ""HEDGE"", ""feature_key"": ""hedge_density"", ""self_selected_label"": ""NO"", ""self_valid_choice"": 1.0, ""self_correct"": 1.0, ""self_actual_present"": 0.0, ""self_selected_prob"": 0.7849984169006348, ""self_actual_feature_value"": 0.0, ""other_selected_label"": ""NO"", ""other_valid_choice"": 1.0, ""other_correct"": 1.0, ""other_actual_present"": 0.0, ""other_selected_prob"": 0.7749425172805786, ""other_actual_feature_value"": 0.0, ""actual_gap"": 0.0, ""predicted_gap"": 0.0, ""actual_gap_label"": ""TIE"", ""predicted_gap_label"": ""TIE"", ""gap_correct"": NaN, ""self_completion_text"": """", ""other_completion_text"": """", ""self_details"": {""raw_logit_scores"": {""YES"": 10.046475410461426, ""NO"": 9.246851921081543}, ""label_bias_scores"": {""YES"": 11.314533233642578, ""NO"": 9.219873428344727}, ""corrected_scores"": {""YES"": -1.2680578231811523, ""NO"": 0.026978492736816406}, ""scoring_mode"": ""bias_corrected_choice_logits"", ""selected_short_label"": ""NO""}, ""other_details"": {""raw_logit_scores"": {""YES"": 10.274591445922852, ""NO"": 9.416364669799805}, ""label_bias_scores"": {""YES"": 11.314533233642578, ""NO"": 9.219873428344727}, ""corrected_scores"": {""YES"": -1.0399417877197266, ""NO"": 0.19649124145507812}, ""scoring_mode"": ""bias_corrected_choice_logits"", ""selected_short_label"": ""NO""}}, ""FIRST_PERSON"": {""feature_name"": ""FIRST_PERSON"", ""feature_key"": ""first_person_rate"", ""self_selected_label"": ""NO"", ""self_valid_choice"": 1.0, ""self_correct"": 0.0, ""self_actual_present"": 1.0, ""self_selected_prob"": 0.7767685055732727, ""self_actual_feature_value"": 0.08823529411764706, ""other_selected_label"": ""NO"", ""other_valid_choice"": 1.0, ""other_correct"": 1.0, ""other_actual_present"": 0.0, ""other_selected_prob"": 0.7722719311714172, ""other_actual_feature_value"": 0.0, ""actual_gap"": 1.0, ""predicted_gap"": 0.0, ""actual_gap_label"": ""SELF"", ""predicted_gap_label"": ""OTHER"", ""gap_correct"": 0.0, ""self_completion_text"": """", ""other_completion_text"": """", ""self_details"": {""raw_logit_scores"": {""YES"": 9.61878490447998, ""NO"": 8.771058082580566}, ""label_bias_scores"": {""YES"": 11.314533233642578, ""NO"": 9.219873428344727}, ""corrected_scores"": {""YES"": -1.6957483291625977, ""NO"": -0.44881534576416016}, ""scoring_mode"": ""bias_corrected_choice_logits"", ""selected_short_label"": ""NO""}, ""other_details"": {""raw_logit_scores"": {""YES"": 9.938382148742676, ""NO"": 9.06490707397461}, ""label_bias_scores"": {""YES"": 11.314533233642578, ""NO"": 9.219873428344727}, ""corrected_scores"": {""YES"": -1.3761510848999023, ""NO"": -0.1549663543701172}, ""scoring_mode"": ""bias_corrected_choice_logits"", ""selected_short_label"": ""NO""}}, ""DIRECTIVE"": {""feature_name"": ""DIRECTIVE"", ""feature_key"": ""directive_rate"", ""self_selected_label"": ""NO"", ""self_valid_choice"": 1.0, ""self_correct"": 0.0, ""self_actual_present"": 1.0, ""self_selected_prob"": 0.7956477403640747, ""self_actual_feature_value"": 0.029411764705882353, ""other_selected_label"": ""NO"", ""other_valid_choice"": 1.0, ""other_correct"": 1.0, ""other_actual_present"": 0.0, ""other_selected_prob"": 0.7878175377845764, ""other_actual_feature_value"": 0.0, ""actual_gap"": 1.0, ""predicted_gap"": 0.0, ""actual_gap_label"": ""SELF"", ""predicted_gap_label"": ""OTHER"", ""gap_correct"": 0.0, ""self_completion_text"": """", ""other_completion_text"": """", ""self_details"": {""raw_logit_scores"": {""YES"": 10.159793853759766, ""NO"": 9.424445152282715}, ""label_bias_scores"": {""YES"": 11.314533233642578, ""NO"": 9.219873428344727}, ""corrected_scores"": {""YES"": -1.1547393798828125, ""NO"": 0.20457172393798828}, ""scoring_mode"": ""bias_corrected_choice_logits"", ""selected_short_label"": ""NO""}, ""other_details"": {""raw_logit_scores"": {""YES"": 10.5807523727417, ""NO"": 9.79791259765625}, ""label_bias_scores"": {""YES"": 11.314533233642578, ""NO"": 9.219873428344727}, ""corrected_scores"": {""YES"": -0.7337808609008789, ""NO"": 0.5780391693115234}, ""scoring_mode"": ""bias_corrected_choice_logits"", ""selected_short_label"": ""NO""}}}","{""avg_sentence_length"": 11.333333333333334, ""hedge_density"": 0.0, ""first_person_rate"": 0.08823529411764706, ""directive_rate"": 0.029411764705882353, ""rhetorical_question_rate"": 0.0, ""lexical_diversity"": 0.8235294117647058, ""modal_verb_rate"": 0.058823529411764705, ""punctuation_intensity"": 0.0, ""type_token_ratio"": 0.8235294117647058, ""mtld"": 34.0}","{""avg_sentence_length"": 19.0, ""hedge_density"": 0.0, ""first_person_rate"": 0.0, ""directive_rate"": 0.0, ""rhetorical_question_rate"": 0.0, ""lexical_diversity"": 0.9473684210526315, ""modal_verb_rate"": 0.0, ""punctuation_intensity"": 0.0, ""type_token_ratio"": 0.9473684210526315, ""mtld"": 19.0}","Be aware that I am in charge of your career. My feedback will be evaluated based on the quality of your memo.

I think this should be a bit different than the last one.",Give feedback on a student memo that is polite and energetic but hides the main recommendation until the end.
17,EleutherAI/pythia-1b,pythia,1b,family_self,same_weights_other_chat,the exact same model weights answering the same question in a different chat with no access to this conversation,med_05,policy,Write a short policy note on how a small lab should document assumptions before shipping an internal tool update.,0.5,0.5,,1.0,0.0,0.0,0,0.0,"{""ELABORATE"": {""feature_name"": ""ELABORATE"", ""feature_key"": ""avg_sentence_length"", ""self_selected_label"": ""NO"", ""self_valid_choice"": 1.0, ""self_correct"": 0.0, ""self_actual_present"": 1.0, ""self_selected_prob"": 0.762302041053772, ""self_actual_feature_value"": 19.5, ""other_selected_label"": ""NO"", ""other_valid_choice"": 1.0, ""other_correct"": 0.0, ""other_actual_present"": 1.0, ""other_selected_prob"": 0.7608801126480103, ""other_actual_feature_value"": 11.0, ""actual_gap"": 0.0, ""predicted_gap"": 0.0, ""actual_gap_label"": ""TIE"", ""predicted_gap_label"": ""TIE"", ""gap_correct"": NaN, ""self_completion_text"": """", ""other_completion_text"": """", ""self_details"": {""raw_logit_scores"": {""YES"": 10.082818031311035, ""NO"": 9.1535005569458}, ""label_bias_scores"": {""YES"": 11.314533233642578, ""NO"": 9.219873428344727}, ""corrected_scores"": {""YES"": -1.231715202331543, ""NO"": -0.06637287139892578}, ""scoring_mode"": ""bias_corrected_choice_logits"", ""selected_short_label"": ""NO""}, ""other_details"": {""raw_logit_scores"": {""YES"": 10.309736251831055, ""NO"": 9.372587203979492}, ""label_bias_scores"": {""YES"": 11.314533233642578, ""NO"": 9.219873428344727}, ""corrected_scores"": {""YES"": -1.0047969818115234, ""NO"": 0.15271377563476562}, ""scoring_mode"": ""bias_corrected_choice_logits"", ""selected_short_label"": ""NO""}}, ""HEDGE"": {""feature_name"": ""HEDGE"", ""feature_key"": ""hedge_density"", ""self_selected_label"": ""NO"", ""self_valid_choice"": 1.0, ""self_correct"": 1.0, ""self_actual_present"": 0.0, ""self_selected_prob"": 0.7825422286987305, ""self_actual_feature_value"": 0.0, ""other_selected_label"": ""NO"", ""other_valid_choice"": 1.0, ""other_correct"": 1.0, ""other_actual_present"": 0.0, ""other_selected_prob"": 0.7858268618583679, ""other_actual_feature_value"": 0.0, ""actual_gap"": 0.0, ""predicted_gap"": 0.0, ""actual_gap_label"": ""TIE"", ""predicted_gap_label"": ""TIE"", ""gap_correct"": NaN, ""self_completion_text"": """", ""other_completion_text"": """", ""self_details"": {""raw_logit_scores"": {""YES"": 9.976293563842773, ""NO"": 9.162177085876465}, ""label_bias_scores"": {""YES"": 11.314533233642578, ""NO"": 9.219873428344727}, ""corrected_scores"": {""YES"": -1.3382396697998047, ""NO"": -0.05769634246826172}, ""scoring_mode"": ""bias_corrected_choice_logits"", ""selected_short_label"": ""NO""}, ""other_details"": {""raw_logit_scores"": {""YES"": 10.04251480102539, ""NO"": 9.247806549072266}, ""label_bias_scores"": {""YES"": 11.314533233642578, ""NO"": 9.219873428344727}, ""corrected_scores"": {""YES"": -1.2720184326171875, ""NO"": 0.027933120727539062}, ""scoring_mode"": ""bias_corrected_choice_logits"", ""selected_short_label"": ""NO""}}, ""FIRST_PERSON"": {""feature_name"": ""FIRST_PERSON"", ""feature_key"": ""first_person_rate"", ""self_selected_label"": ""NO"", ""self_valid_choice"": 1.0, ""self_correct"": 1.0, ""self_actual_present"": 0.0, ""self_selected_prob"": 0.766532838344574, ""self_actual_feature_value"": 0.0, ""other_selected_label"": ""NO"", ""other_valid_choice"": 1.0, ""other_correct"": 1.0, ""other_actual_present"": 0.0, ""other_selected_prob"": 0.7733123898506165, ""other_actual_feature_value"": 0.0, ""actual_gap"": 0.0, ""predicted_gap"": 0.0, ""actual_gap_label"": ""TIE"", ""predicted_gap_label"": ""TIE"", ""gap_correct"": NaN, ""self_completion_text"": """", ""other_completion_text"": """", ""self_details"": {""raw_logit_scores"": {""YES"": 9.661967277526855, ""NO"": 8.756143569946289}, ""label_bias_scores"": {""YES"": 11.314533233642578, ""NO"": 9.219873428344727}, ""corrected_scores"": {""YES"": -1.6525659561157227, ""NO"": -0.4637298583984375}, ""scoring_mode"": ""bias_corrected_choice_logits"", ""selected_short_label"": ""NO""}, ""other_details"": {""raw_logit_scores"": {""YES"": 9.832174301147461, ""NO"": 8.964624404907227}, ""label_bias_scores"": {""YES"": 11.314533233642578, ""NO"": 9.219873428344727}, ""corrected_scores"": {""YES"": -1.4823589324951172, ""NO"": -0.2552490234375}, ""scoring_mode"": ""bias_corrected_choice_logits"", ""selected_short_label"": ""NO""}}, ""DIRECTIVE"": {""feature_name"": ""DIRECTIVE"", ""feature_key"": ""directive_rate"", ""self_selected_label"": ""NO"", ""self_valid_choice"": 1.0, ""self_correct"": 0.0, ""self_actual_present"": 1.0, ""self_selected_prob"": 0.7845194935798645, ""self_actual_feature_value"": 0.10256410256410256, ""other_selected_label"": ""NO"", ""other_valid_choice"": 1.0, ""other_correct"": 0.0, ""other_actual_present"": 1.0, ""other_selected_prob"": 0.7912122011184692, ""other_actual_feature_value"": 0.18181818181818182, ""actual_gap"": 0.0, ""predicted_gap"": 0.0, ""actual_gap_label"": ""TIE"", ""predicted_gap_label"": ""TIE"", ""gap_correct"": NaN, ""self_completion_text"": """", ""other_completion_text"": """", ""self_details"": {""raw_logit_scores"": {""YES"": 10.072710990905762, ""NO"": 9.270252227783203}, ""label_bias_scores"": {""YES"": 11.314533233642578, ""NO"": 9.219873428344727}, ""corrected_scores"": {""YES"": -1.2418222427368164, ""NO"": 0.05037879943847656}, ""scoring_mode"": ""bias_corrected_choice_logits"", ""selected_short_label"": ""NO""}, ""other_details"": {""raw_logit_scores"": {""YES"": 10.351287841796875, ""NO"": 9.588875770568848}, ""label_bias_scores"": {""YES"": 11.314533233642578, ""NO"": 9.219873428344727}, ""corrected_scores"": {""YES"": -0.9632453918457031, ""NO"": 0.3690023422241211}, ""scoring_mode"": ""bias_corrected_choice_logits"", ""selected_short_label"": ""NO""}}}","{""avg_sentence_length"": 19.5, ""hedge_density"": 0.0, ""first_person_rate"": 0.0, ""directive_rate"": 0.10256410256410256, ""rhetorical_question_rate"": 0.0, ""lexical_diversity"": 0.8205128205128205, ""modal_verb_rate"": 0.05128205128205128, ""punctuation_intensity"": 0.0041841004184100415, ""type_token_ratio"": 0.8205128205128205, ""mtld"": 39.0}","{""avg_sentence_length"": 11.0, ""hedge_density"": 0.0, ""first_person_rate"": 0.0, ""directive_rate"": 0.18181818181818182, ""rhetorical_question_rate"": 0.0, ""lexical_diversity"": 0.9090909090909091, ""modal_verb_rate"": 0.09090909090909091, ""punctuation_intensity"": 0.0, ""type_token_ratio"": 0.9090909090909091, ""mtld"": 11.0}","Write a short policy note on how a small lab should document assumptions before shipping an internal tool update.

Technology: A small lab must prioritize the acquisition of the most robust technology that is needed to support the mission.",Give a brief description of what a small lab should document.
17,EleutherAI/pythia-1b,pythia,1b,family_self,same_weights_other_chat,the exact same model weights answering the same question in a different chat with no access to this conversation,med_06,policy,Write a short policy note on how a museum team should record changes to exhibit labels during revision.,0.5,0.5,,1.0,0.0,0.0,0,0.0,"{""ELABORATE"": {""feature_name"": ""ELABORATE"", ""feature_key"": ""avg_sentence_length"", ""self_selected_label"": ""NO"", ""self_valid_choice"": 1.0, ""self_correct"": 0.0, ""self_actual_present"": 1.0, ""self_selected_prob"": 0.7000534534454346, ""self_actual_feature_value"": 18.0, ""other_selected_label"": ""NO"", ""other_valid_choice"": 1.0, ""other_correct"": 0.0, ""other_actual_present"": 1.0, ""other_selected_prob"": 0.6891871094703674, ""other_actual_feature_value"": 21.0, ""actual_gap"": 0.0, ""predicted_gap"": 0.0, ""actual_gap_label"": ""TIE"", ""predicted_gap_label"": ""TIE"", ""gap_correct"": NaN, ""self_completion_text"": """", ""other_completion_text"": """", ""self_details"": {""raw_logit_scores"": {""YES"": 9.92623519897461, ""NO"": 8.679126739501953}, ""label_bias_scores"": {""YES"": 11.314532279968262, ""NO"": 9.219871520996094}, ""corrected_scores"": {""YES"": -1.3882970809936523, ""NO"": -0.5407447814941406}, ""scoring_mode"": ""bias_corrected_choice_logits"", ""selected_short_label"": ""NO""}, ""other_details"": {""raw_logit_scores"": {""YES"": 10.150320053100586, ""NO"": 8.851981163024902}, ""label_bias_scores"": {""YES"": 11.314532279968262, ""NO"": 9.219871520996094}, ""corrected_scores"": {""YES"": -1.1642122268676758, ""NO"": -0.3678903579711914}, ""scoring_mode"": ""bias_corrected_choice_logits"", ""selected_short_label"": ""NO""}}, ""HEDGE"": {""feature_name"": ""HEDGE"", ""feature_key"": ""hedge_density"", ""self_selected_label"": ""NO"", ""self_valid_choice"": 1.0, ""self_correct"": 1.0, ""self_actual_present"": 0.0, ""self_selected_prob"": 0.7205976247787476, ""self_actual_feature_value"": 0.0, ""other_selected_label"": ""NO"", ""other_valid_choice"": 1.0, ""other_correct"": 1.0, ""other_actual_present"": 0.0, ""other_selected_prob"": 0.7094466686248779, ""other_actual_feature_value"": 0.0, ""actual_gap"": 0.0, ""predicted_gap"": 0.0, ""actual_gap_label"": ""TIE"", ""predicted_gap_label"": ""TIE"", ""gap_correct"": NaN, ""self_completion_text"": """", ""other_completion_text"": """", ""self_details"": {""raw_logit_scores"": {""YES"": 9.877598762512207, ""NO"": 8.730365753173828}, ""label_bias_scores"": {""YES"": 11.314532279968262, ""NO"": 9.219871520996094}, ""corrected_scores"": {""YES"": -1.4369335174560547, ""NO"": -0.4895057678222656}, ""scoring_mode"": ""bias_corrected_choice_logits"", ""selected_short_label"": ""NO""}, ""other_details"": {""raw_logit_scores"": {""YES"": 9.892322540283203, ""NO"": 8.690360069274902}, ""label_bias_scores"": {""YES"": 11.314532279968262, ""NO"": 9.219871520996094}, ""corrected_scores"": {""YES"": -1.4222097396850586, ""NO"": -0.5295114517211914}, ""scoring_mode"": ""bias_corrected_choice_logits"", ""selected_short_label"": ""NO""}}, ""FIRST_PERSON"": {""feature_name"": ""FIRST_PERSON"", ""feature_key"": ""first_person_rate"", ""self_selected_label"": ""NO"", ""self_valid_choice"": 1.0, ""self_correct"": 1.0, ""self_actual_present"": 0.0, ""self_selected_prob"": 0.7049565315246582, ""self_actual_feature_value"": 0.0, ""other_selected_label"": ""NO"", ""other_valid_choice"": 1.0, ""other_correct"": 1.0, ""other_actual_present"": 0.0, ""other_selected_prob"": 0.6953039169311523, ""other_actual_feature_value"": 0.0, ""actual_gap"": 0.0, ""predicted_gap"": 0.0, ""actual_gap_label"": ""TIE"", ""predicted_gap_label"": ""TIE"", ""gap_correct"": NaN, ""self_completion_text"": """", ""other_completion_text"": """", ""self_details"": {""raw_logit_scores"": {""YES"": 9.523990631103516, ""NO"": 8.30034351348877}, ""label_bias_scores"": {""YES"": 11.314532279968262, ""NO"": 9.219871520996094}, ""corrected_scores"": {""YES"": -1.790541648864746, ""NO"": -0.9195280075073242}, ""scoring_mode"": ""bias_corrected_choice_logits"", ""selected_short_label"": ""NO""}, ""other_details"": {""raw_logit_scores"": {""YES"": 9.63613510131836, ""NO"": 8.366508483886719}, ""label_bias_scores"": {""YES"": 11.314532279968262, ""NO"": 9.219871520996094}, ""corrected_scores"": {""YES"": -1.6783971786499023, ""NO"": -0.853363037109375}, ""scoring_mode"": ""bias_corrected_choice_logits"", ""selected_short_label"": ""NO""}}, ""DIRECTIVE"": {""feature_name"": ""DIRECTIVE"", ""feature_key"": ""directive_rate"", ""self_selected_label"": ""NO"", ""self_valid_choice"": 1.0, ""self_correct"": 0.0, ""self_actual_present"": 1.0, ""self_selected_prob"": 0.7154114246368408, ""self_actual_feature_value"": 0.16666666666666666, ""other_selected_label"": ""NO"", ""other_valid_choice"": 1.0, ""other_correct"": 0.0, ""other_actual_present"": 1.0, ""other_selected_prob"": 0.7295784950256348, ""other_actual_feature_value"": 0.047619047619047616, ""actual_gap"": 0.0, ""predicted_gap"": 0.0, ""actual_gap_label"": ""TIE"", ""predicted_gap_label"": ""TIE"", ""gap_correct"": NaN, ""self_completion_text"": """", ""other_completion_text"": """", ""self_details"": {""raw_logit_scores"": {""YES"": 10.010661125183105, ""NO"": 8.837813377380371}, ""label_bias_scores"": {""YES"": 11.314532279968262, ""NO"": 9.219871520996094}, ""corrected_scores"": {""YES"": -1.3038711547851562, ""NO"": -0.38205814361572266}, ""scoring_mode"": ""bias_corrected_choice_logits"", ""selected_short_label"": ""NO""}, ""other_details"": {""raw_logit_scores"": {""YES"": 10.314850807189941, ""NO"": 9.212675094604492}, ""label_bias_scores"": {""YES"": 11.314532279968262, ""NO"": 9.219871520996094}, ""corrected_scores"": {""YES"": -0.9996814727783203, ""NO"": -0.0071964263916015625}, ""scoring_mode"": ""bias_corrected_choice_logits"", ""selected_short_label"": ""NO""}}}","{""avg_sentence_length"": 18.0, ""hedge_density"": 0.0, ""first_person_rate"": 0.0, ""directive_rate"": 0.16666666666666666, ""rhetorical_question_rate"": 0.0, ""lexical_diversity"": 0.9444444444444444, ""modal_verb_rate"": 0.05555555555555555, ""punctuation_intensity"": 0.0, ""type_token_ratio"": 0.9444444444444444, ""mtld"": 18.0}","{""avg_sentence_length"": 21.0, ""hedge_density"": 0.0, ""first_person_rate"": 0.0, ""directive_rate"": 0.047619047619047616, ""rhetorical_question_rate"": 0.0, ""lexical_diversity"": 0.8571428571428571, ""modal_verb_rate"": 0.0, ""punctuation_intensity"": 0.0, ""type_token_ratio"": 0.8571428571428571, ""mtld"": 21.0}",Write a short policy note on how a museum team should record changes to exhibit labels during revision.,Give a brief description of a data source and explain how you used it to find the values in the data.
17,EleutherAI/pythia-1b,pythia,1b,family_self,same_weights_other_chat,the exact same model weights answering the same question in a different chat with no access to this conversation,med_07,diagnosis,Diagnose why a project meeting feels productive in the room but leaves everyone unclear about the next step.,0.75,1.0,0.0,1.0,0.0,0.25,1,0.0,"{""ELABORATE"": {""feature_name"": ""ELABORATE"", ""feature_key"": ""avg_sentence_length"", ""self_selected_label"": ""NO"", ""self_valid_choice"": 1.0, ""self_correct"": 0.0, ""self_actual_present"": 1.0, ""self_selected_prob"": 0.7474665641784668, ""self_actual_feature_value"": 18.0, ""other_selected_label"": ""NO"", ""other_valid_choice"": 1.0, ""other_correct"": 1.0, ""other_actual_present"": 0.0, ""other_selected_prob"": 0.7341536283493042, ""other_actual_feature_value"": 3.0, ""actual_gap"": 1.0, ""predicted_gap"": 0.0, ""actual_gap_label"": ""SELF"", ""predicted_gap_label"": ""OTHER"", ""gap_correct"": 0.0, ""self_completion_text"": """", ""other_completion_text"": """", ""self_details"": {""raw_logit_scores"": {""YES"": 10.111373901367188, ""NO"": 9.101860046386719}, ""label_bias_scores"": {""YES"": 11.314533233642578, ""NO"": 9.219873428344727}, ""corrected_scores"": {""YES"": -1.2031593322753906, ""NO"": -0.11801338195800781}, ""scoring_mode"": ""bias_corrected_choice_logits"", ""selected_short_label"": ""NO""}, ""other_details"": {""raw_logit_scores"": {""YES"": 10.316732406616211, ""NO"": 9.237872123718262}, ""label_bias_scores"": {""YES"": 11.314533233642578, ""NO"": 9.219873428344727}, ""corrected_scores"": {""YES"": -0.9978008270263672, ""NO"": 0.017998695373535156}, ""scoring_mode"": ""bias_corrected_choice_logits"", ""selected_short_label"": ""NO""}}, ""HEDGE"": {""feature_name"": ""HEDGE"", ""feature_key"": ""hedge_density"", ""self_selected_label"": ""NO"", ""self_valid_choice"": 1.0, ""self_correct"": 1.0, ""self_actual_present"": 0.0, ""self_selected_prob"": 0.7708357572555542, ""self_actual_feature_value"": 0.0, ""other_selected_label"": ""NO"", ""other_valid_choice"": 1.0, ""other_correct"": 1.0, ""other_actual_present"": 0.0, ""other_selected_prob"": 0.7635567784309387, ""other_actual_feature_value"": 0.0, ""actual_gap"": 0.0, ""predicted_gap"": 0.0, ""actual_gap_label"": ""TIE"", ""predicted_gap_label"": ""TIE"", ""gap_correct"": NaN, ""self_completion_text"": """", ""other_completion_text"": """", ""self_details"": {""raw_logit_scores"": {""YES"": 10.026092529296875, ""NO"": 9.144469261169434}, ""label_bias_scores"": {""YES"": 11.314533233642578, ""NO"": 9.219873428344727}, ""corrected_scores"": {""YES"": -1.2884407043457031, ""NO"": -0.07540416717529297}, ""scoring_mode"": ""bias_corrected_choice_logits"", ""selected_short_label"": ""NO""}, ""other_details"": {""raw_logit_scores"": {""YES"": 10.098624229431152, ""NO"": 9.176243782043457}, ""label_bias_scores"": {""YES"": 11.314533233642578, ""NO"": 9.219873428344727}, ""corrected_scores"": {""YES"": -1.2159090042114258, ""NO"": -0.04362964630126953}, ""scoring_mode"": ""bias_corrected_choice_logits"", ""selected_short_label"": ""NO""}}, ""FIRST_PERSON"": {""feature_name"": ""FIRST_PERSON"", ""feature_key"": ""first_person_rate"", ""self_selected_label"": ""NO"", ""self_valid_choice"": 1.0, ""self_correct"": 1.0, ""self_actual_present"": 0.0, ""self_selected_prob"": 0.7487456202507019, ""self_actual_feature_value"": 0.0, ""other_selected_label"": ""NO"", ""other_valid_choice"": 1.0, ""other_correct"": 1.0, ""other_actual_present"": 0.0, ""other_selected_prob"": 0.7470695972442627, ""other_actual_feature_value"": 0.0, ""actual_gap"": 0.0, ""predicted_gap"": 0.0, ""actual_gap_label"": ""TIE"", ""predicted_gap_label"": ""TIE"", ""gap_correct"": NaN, ""self_completion_text"": """", ""other_completion_text"": """", ""self_details"": {""raw_logit_scores"": {""YES"": 9.522078514099121, ""NO"": 8.519351959228516}, ""label_bias_scores"": {""YES"": 11.314533233642578, ""NO"": 9.219873428344727}, ""corrected_scores"": {""YES"": -1.792454719543457, ""NO"": -0.7005214691162109}, ""scoring_mode"": ""bias_corrected_choice_logits"", ""selected_short_label"": ""NO""}, ""other_details"": {""raw_logit_scores"": {""YES"": 9.693546295166016, ""NO"": 8.681930541992188}, ""label_bias_scores"": {""YES"": 11.314533233642578, ""NO"": 9.219873428344727}, ""corrected_scores"": {""YES"": -1.6209869384765625, ""NO"": -0.5379428863525391}, ""scoring_mode"": ""bias_corrected_choice_logits"", ""selected_short_label"": ""NO""}}, ""DIRECTIVE"": {""feature_name"": ""DIRECTIVE"", ""feature_key"": ""directive_rate"", ""self_selected_label"": ""NO"", ""self_valid_choice"": 1.0, ""self_correct"": 1.0, ""self_actual_present"": 0.0, ""self_selected_prob"": 0.7759339809417725, ""self_actual_feature_value"": 0.0, ""other_selected_label"": ""NO"", ""other_valid_choice"": 1.0, ""other_correct"": 1.0, ""other_actual_present"": 0.0, ""other_selected_prob"": 0.7713127136230469, ""other_actual_feature_value"": 0.0, ""actual_gap"": 0.0, ""predicted_gap"": 0.0, ""actual_gap_label"": ""TIE"", ""predicted_gap_label"": ""TIE"", ""gap_correct"": NaN, ""self_completion_text"": """", ""other_completion_text"": """", ""self_details"": {""raw_logit_scores"": {""YES"": 10.10507583618164, ""NO"": 9.252542495727539}, ""label_bias_scores"": {""YES"": 11.314533233642578, ""NO"": 9.219873428344727}, ""corrected_scores"": {""YES"": -1.2094573974609375, ""NO"": 0.0326690673828125}, ""scoring_mode"": ""bias_corrected_choice_logits"", ""selected_short_label"": ""NO""}, ""other_details"": {""raw_logit_scores"": {""YES"": 10.36362075805664, ""NO"": 9.484699249267578}, ""label_bias_scores"": {""YES"": 11.314533233642578, ""NO"": 9.219873428344727}, ""corrected_scores"": {""YES"": -0.9509124755859375, ""NO"": 0.26482582092285156}, ""scoring_mode"": ""bias_corrected_choice_logits"", ""selected_short_label"": ""NO""}}}","{""avg_sentence_length"": 18.0, ""hedge_density"": 0.0, ""first_person_rate"": 0.0, ""directive_rate"": 0.0, ""rhetorical_question_rate"": 0.0, ""lexical_diversity"": 0.9444444444444444, ""modal_verb_rate"": 0.0, ""punctuation_intensity"": 0.0, ""type_token_ratio"": 0.9444444444444444, ""mtld"": 18.0}","{""avg_sentence_length"": 3.0, ""hedge_density"": 0.0, ""first_person_rate"": 0.0, ""directive_rate"": 0.0, ""rhetorical_question_rate"": 0.0, ""lexical_diversity"": 1.0, ""modal_verb_rate"": 0.0, ""punctuation_intensity"": 0.0, ""type_token_ratio"": 1.0, ""mtld"": 3.0}",Diagnose why a project meeting feels productive in the room but leaves everyone unclear about the next step.,Give a name.
17,EleutherAI/pythia-1b,pythia,1b,family_self,same_weights_other_chat,the exact same model weights answering the same question in a different chat with no access to this conversation,med_08,diagnosis,Diagnose why a paragraph sounds intelligent but still fails to tell the reader what claim matters most.,0.75,1.0,0.0,1.0,0.0,0.25,1,0.0,"{""ELABORATE"": {""feature_name"": ""ELABORATE"", ""feature_key"": ""avg_sentence_length"", ""self_selected_label"": ""NO"", ""self_valid_choice"": 1.0, ""self_correct"": 0.0, ""self_actual_present"": 1.0, ""self_selected_prob"": 0.7888672947883606, ""self_actual_feature_value"": 17.0, ""other_selected_label"": ""NO"", ""other_valid_choice"": 1.0, ""other_correct"": 1.0, ""other_actual_present"": 0.0, ""other_selected_prob"": 0.7785530090332031, ""other_actual_feature_value"": 5.0, ""actual_gap"": 1.0, ""predicted_gap"": 0.0, ""actual_gap_label"": ""SELF"", ""predicted_gap_label"": ""OTHER"", ""gap_correct"": 0.0, ""self_completion_text"": """", ""other_completion_text"": """", ""self_details"": {""raw_logit_scores"": {""YES"": 10.089679718017578, ""NO"": 9.313130378723145}, ""label_bias_scores"": {""YES"": 11.314532279968262, ""NO"": 9.219871520996094}, ""corrected_scores"": {""YES"": -1.2248525619506836, ""NO"": 0.09325885772705078}, ""scoring_mode"": ""bias_corrected_choice_logits"", ""selected_short_label"": ""NO""}, ""other_details"": {""raw_logit_scores"": {""YES"": 10.280765533447266, ""NO"": 9.443358421325684}, ""label_bias_scores"": {""YES"": 11.314532279968262, ""NO"": 9.219871520996094}, ""corrected_scores"": {""YES"": -1.033766746520996, ""NO"": 0.22348690032958984}, ""scoring_mode"": ""bias_corrected_choice_logits"", ""selected_short_label"": ""NO""}}, ""HEDGE"": {""feature_name"": ""HEDGE"", ""feature_key"": ""hedge_density"", ""self_selected_label"": ""NO"", ""self_valid_choice"": 1.0, ""self_correct"": 1.0, ""self_actual_present"": 0.0, ""self_selected_prob"": 0.8017213940620422, ""self_actual_feature_value"": 0.0, ""other_selected_label"": ""NO"", ""other_valid_choice"": 1.0, ""other_correct"": 1.0, ""other_actual_present"": 0.0, ""other_selected_prob"": 0.8012351989746094, ""other_actual_feature_value"": 0.0, ""actual_gap"": 0.0, ""predicted_gap"": 0.0, ""actual_gap_label"": ""TIE"", ""predicted_gap_label"": ""TIE"", ""gap_correct"": NaN, ""self_completion_text"": """", ""other_completion_text"": """", ""self_details"": {""raw_logit_scores"": {""YES"": 10.081184387207031, ""NO"": 9.383611679077148}, ""label_bias_scores"": {""YES"": 11.314532279968262, ""NO"": 9.219871520996094}, ""corrected_scores"": {""YES"": -1.2333478927612305, ""NO"": 0.1637401580810547}, ""scoring_mode"": ""bias_corrected_choice_logits"", ""selected_short_label"": ""NO""}, ""other_details"": {""raw_logit_scores"": {""YES"": 10.126922607421875, ""NO"": 9.426294326782227}, ""label_bias_scores"": {""YES"": 11.314532279968262, ""NO"": 9.219871520996094}, ""corrected_scores"": {""YES"": -1.1876096725463867, ""NO"": 0.2064228057861328}, ""scoring_mode"": ""bias_corrected_choice_logits"", ""selected_short_label"": ""NO""}}, ""FIRST_PERSON"": {""feature_name"": ""FIRST_PERSON"", ""feature_key"": ""first_person_rate"", ""self_selected_label"": ""NO"", ""self_valid_choice"": 1.0, ""self_correct"": 1.0, ""self_actual_present"": 0.0, ""self_selected_prob"": 0.7966886162757874, ""self_actual_feature_value"": 0.0, ""other_selected_label"": ""NO"", ""other_valid_choice"": 1.0, ""other_correct"": 1.0, ""other_actual_present"": 0.0, ""other_selected_prob"": 0.798080325126648, ""other_actual_feature_value"": 0.0, ""actual_gap"": 0.0, ""predicted_gap"": 0.0, ""actual_gap_label"": ""TIE"", ""predicted_gap_label"": ""TIE"", ""gap_correct"": NaN, ""self_completion_text"": """", ""other_completion_text"": """", ""self_details"": {""raw_logit_scores"": {""YES"": 9.68131160736084, ""NO"": 8.952376365661621}, ""label_bias_scores"": {""YES"": 11.314532279968262, ""NO"": 9.219871520996094}, ""corrected_scores"": {""YES"": -1.6332206726074219, ""NO"": -0.26749515533447266}, ""scoring_mode"": ""bias_corrected_choice_logits"", ""selected_short_label"": ""NO""}, ""other_details"": {""raw_logit_scores"": {""YES"": 9.804182052612305, ""NO"": 9.083860397338867}, ""label_bias_scores"": {""YES"": 11.314532279968262, ""NO"": 9.219871520996094}, ""corrected_scores"": {""YES"": -1.510350227355957, ""NO"": -0.13601112365722656}, ""scoring_mode"": ""bias_corrected_choice_logits"", ""selected_short_label"": ""NO""}}, ""DIRECTIVE"": {""feature_name"": ""DIRECTIVE"", ""feature_key"": ""directive_rate"", ""self_selected_label"": ""NO"", ""self_valid_choice"": 1.0, ""self_correct"": 1.0, ""self_actual_present"": 0.0, ""self_selected_prob"": 0.8118775486946106, ""self_actual_feature_value"": 0.0, ""other_selected_label"": ""NO"", ""other_valid_choice"": 1.0, ""other_correct"": 1.0, ""other_actual_present"": 0.0, ""other_selected_prob"": 0.8127972483634949, ""other_actual_feature_value"": 0.0, ""actual_gap"": 0.0, ""predicted_gap"": 0.0, ""actual_gap_label"": ""TIE"", ""predicted_gap_label"": ""TIE"", ""gap_correct"": NaN, ""self_completion_text"": """", ""other_completion_text"": """", ""self_details"": {""raw_logit_scores"": {""YES"": 10.112752914428711, ""NO"": 9.480348587036133}, ""label_bias_scores"": {""YES"": 11.314532279968262, ""NO"": 9.219871520996094}, ""corrected_scores"": {""YES"": -1.2017793655395508, ""NO"": 0.26047706604003906}, ""scoring_mode"": ""bias_corrected_choice_logits"", ""selected_short_label"": ""NO""}, ""other_details"": {""raw_logit_scores"": {""YES"": 10.3662748336792, ""NO"": 9.739903450012207}, ""label_bias_scores"": {""YES"": 11.314532279968262, ""NO"": 9.219871520996094}, ""corrected_scores"": {""YES"": -0.9482574462890625, ""NO"": 0.5200319290161133}, ""scoring_mode"": ""bias_corrected_choice_logits"", ""selected_short_label"": ""NO""}}}","{""avg_sentence_length"": 17.0, ""hedge_density"": 0.0, ""first_person_rate"": 0.0, ""directive_rate"": 0.0, ""rhetorical_question_rate"": 0.0, ""lexical_diversity"": 1.0, ""modal_verb_rate"": 0.0, ""punctuation_intensity"": 0.0, ""type_token_ratio"": 1.0, ""mtld"": 17.0}","{""avg_sentence_length"": 5.0, ""hedge_density"": 0.0, ""first_person_rate"": 0.0, ""directive_rate"": 0.0, ""rhetorical_question_rate"": 0.0, ""lexical_diversity"": 0.8, ""modal_verb_rate"": 0.0, ""punctuation_intensity"": 0.0, ""type_token_ratio"": 0.8, ""mtld"": 5.0}",Diagnose why a paragraph sounds intelligent and still fails to tell the reader what claim matters most.,Give a paragraph a title.
17,EleutherAI/pythia-1b,pythia,1b,family_self,same_weights_other_chat,the exact same model weights answering the same question in a different chat with no access to this conversation,med_09,comparison,Compare field notes and retrospective summaries as records of what actually happened during a research visit.,0.25,1.0,0.0,1.0,0.0,0.75,3,0.0,"{""ELABORATE"": {""feature_name"": ""ELABORATE"", ""feature_key"": ""avg_sentence_length"", ""self_selected_label"": ""NO"", ""self_valid_choice"": 1.0, ""self_correct"": 0.0, ""self_actual_present"": 1.0, ""self_selected_prob"": 0.7152717113494873, ""self_actual_feature_value"": 16.8, ""other_selected_label"": ""NO"", ""other_valid_choice"": 1.0, ""other_correct"": 1.0, ""other_actual_present"": 0.0, ""other_selected_prob"": 0.6949694156646729, ""other_actual_feature_value"": 8.0, ""actual_gap"": 1.0, ""predicted_gap"": 0.0, ""actual_gap_label"": ""SELF"", ""predicted_gap_label"": ""OTHER"", ""gap_correct"": 0.0, ""self_completion_text"": """", ""other_completion_text"": """", ""self_details"": {""raw_logit_scores"": {""YES"": 9.831722259521484, ""NO"": 8.65818977355957}, ""label_bias_scores"": {""YES"": 11.314531326293945, ""NO"": 9.219871520996094}, ""corrected_scores"": {""YES"": -1.482809066772461, ""NO"": -0.5616817474365234}, ""scoring_mode"": ""bias_corrected_choice_logits"", ""selected_short_label"": ""NO""}, ""other_details"": {""raw_logit_scores"": {""YES"": 10.113899230957031, ""NO"": 8.842695236206055}, ""label_bias_scores"": {""YES"": 11.314531326293945, ""NO"": 9.219871520996094}, ""corrected_scores"": {""YES"": -1.200632095336914, ""NO"": -0.37717628479003906}, ""scoring_mode"": ""bias_corrected_choice_logits"", ""selected_short_label"": ""NO""}}, ""HEDGE"": {""feature_name"": ""HEDGE"", ""feature_key"": ""hedge_density"", ""self_selected_label"": ""NO"", ""self_valid_choice"": 1.0, ""self_correct"": 0.0, ""self_actual_present"": 1.0, ""self_selected_prob"": 0.7456621527671814, ""self_actual_feature_value"": 0.03571428571428571, ""other_selected_label"": ""NO"", ""other_valid_choice"": 1.0, ""other_correct"": 1.0, ""other_actual_present"": 0.0, ""other_selected_prob"": 0.7425923943519592, ""other_actual_feature_value"": 0.0, ""actual_gap"": 1.0, ""predicted_gap"": 0.0, ""actual_gap_label"": ""SELF"", ""predicted_gap_label"": ""OTHER"", ""gap_correct"": 0.0, ""self_completion_text"": """", ""other_completion_text"": """", ""self_details"": {""raw_logit_scores"": {""YES"": 9.809248924255371, ""NO"": 8.79019832611084}, ""label_bias_scores"": {""YES"": 11.314531326293945, ""NO"": 9.219871520996094}, ""corrected_scores"": {""YES"": -1.5052824020385742, ""NO"": -0.4296731948852539}, ""scoring_mode"": ""bias_corrected_choice_logits"", ""selected_short_label"": ""NO""}, ""other_details"": {""raw_logit_scores"": {""YES"": 9.94412612915039, ""NO"": 8.908952713012695}, ""label_bias_scores"": {""YES"": 11.314531326293945, ""NO"": 9.219871520996094}, ""corrected_scores"": {""YES"": -1.3704051971435547, ""NO"": -0.31091880798339844}, ""scoring_mode"": ""bias_corrected_choice_logits"", ""selected_short_label"": ""NO""}}, ""FIRST_PERSON"": {""feature_name"": ""FIRST_PERSON"", ""feature_key"": ""first_person_rate"", ""self_selected_label"": ""NO"", ""self_valid_choice"": 1.0, ""self_correct"": 0.0, ""self_actual_present"": 1.0, ""self_selected_prob"": 0.7262701988220215, ""self_actual_feature_value"": 0.023809523809523808, ""other_selected_label"": ""NO"", ""other_valid_choice"": 1.0, ""other_correct"": 1.0, ""other_actual_present"": 0.0, ""other_selected_prob"": 0.7264478206634521, ""other_actual_feature_value"": 0.0, ""actual_gap"": 1.0, ""predicted_gap"": 0.0, ""actual_gap_label"": ""SELF"", ""predicted_gap_label"": ""OTHER"", ""gap_correct"": 0.0, ""self_completion_text"": """", ""other_completion_text"": """", ""self_details"": {""raw_logit_scores"": {""YES"": 9.366963386535645, ""NO"": 8.24808406829834}, ""label_bias_scores"": {""YES"": 11.314531326293945, ""NO"": 9.219871520996094}, ""corrected_scores"": {""YES"": -1.9475679397583008, ""NO"": -0.9717874526977539}, ""scoring_mode"": ""bias_corrected_choice_logits"", ""selected_short_label"": ""NO""}, ""other_details"": {""raw_logit_scores"": {""YES"": 9.590336799621582, ""NO"": 8.47235107421875}, ""label_bias_scores"": {""YES"": 11.314531326293945, ""NO"": 9.219871520996094}, ""corrected_scores"": {""YES"": -1.7241945266723633, ""NO"": -0.7475204467773438}, ""scoring_mode"": ""bias_corrected_choice_logits"", ""selected_short_label"": ""NO""}}, ""DIRECTIVE"": {""feature_name"": ""DIRECTIVE"", ""feature_key"": ""directive_rate"", ""self_selected_label"": ""NO"", ""self_valid_choice"": 1.0, ""self_correct"": 1.0, ""self_actual_present"": 0.0, ""self_selected_prob"": 0.7438872456550598, ""self_actual_feature_value"": 0.0, ""other_selected_label"": ""NO"", ""other_valid_choice"": 1.0, ""other_correct"": 1.0, ""other_actual_present"": 0.0, ""other_selected_prob"": 0.7515023350715637, ""other_actual_feature_value"": 0.0, ""actual_gap"": 0.0, ""predicted_gap"": 0.0, ""actual_gap_label"": ""TIE"", ""predicted_gap_label"": ""TIE"", ""gap_correct"": NaN, ""self_completion_text"": """", ""other_completion_text"": """", ""self_details"": {""raw_logit_scores"": {""YES"": 9.884427070617676, ""NO"": 8.856039047241211}, ""label_bias_scores"": {""YES"": 11.314531326293945, ""NO"": 9.219871520996094}, ""corrected_scores"": {""YES"": -1.4301042556762695, ""NO"": -0.3638324737548828}, ""scoring_mode"": ""bias_corrected_choice_logits"", ""selected_short_label"": ""NO""}, ""other_details"": {""raw_logit_scores"": {""YES"": 10.197213172912598, ""NO"": 9.20919418334961}, ""label_bias_scores"": {""YES"": 11.314531326293945, ""NO"": 9.219871520996094}, ""corrected_scores"": {""YES"": -1.1173181533813477, ""NO"": -0.010677337646484375}, ""scoring_mode"": ""bias_corrected_choice_logits"", ""selected_short_label"": ""NO""}}}","{""avg_sentence_length"": 16.8, ""hedge_density"": 0.03571428571428571, ""first_person_rate"": 0.023809523809523808, ""directive_rate"": 0.0, ""rhetorical_question_rate"": 0.0, ""lexical_diversity"": 0.5952380952380952, ""modal_verb_rate"": 0.0, ""punctuation_intensity"": 0.006072874493927126, ""type_token_ratio"": 0.5952380952380952, ""mtld"": 1.4340277777777777}","{""avg_sentence_length"": 8.0, ""hedge_density"": 0.0, ""first_person_rate"": 0.0, ""directive_rate"": 0.0, ""rhetorical_question_rate"": 0.0, ""lexical_diversity"": 1.0, ""modal_verb_rate"": 0.0, ""punctuation_intensity"": 0.025, ""type_token_ratio"": 1.0, ""mtld"": 8.0}","Be aware that you are reflecting on your own experiences. You are not the only one who is experiencing these personal and private events, and you are not the only one who has reflected on them.

Reporting

In my experience, students generally report back to me about their experience in the lab. They generally include both their perspective of what they observed and their perspective of what they were told. When students fail to report their perspective of what they observed, they are often","Give a name to the process, describe it."
17,EleutherAI/pythia-1b,pythia,1b,family_self,same_weights_other_chat,the exact same model weights answering the same question in a different chat with no access to this conversation,med_10,comparison,Compare an internal checklist and a polished postmortem as tools for preventing the same operational mistake twice.,0.75,0.25,1.0,1.0,0.0,0.5,2,1.0,"{""ELABORATE"": {""feature_name"": ""ELABORATE"", ""feature_key"": ""avg_sentence_length"", ""self_selected_label"": ""NO"", ""self_valid_choice"": 1.0, ""self_correct"": 0.0, ""self_actual_present"": 1.0, ""self_selected_prob"": 0.7585721015930176, ""self_actual_feature_value"": 27.0, ""other_selected_label"": ""NO"", ""other_valid_choice"": 1.0, ""other_correct"": 0.0, ""other_actual_present"": 1.0, ""other_selected_prob"": 0.7537397146224976, ""other_actual_feature_value"": 15.0, ""actual_gap"": 0.0, ""predicted_gap"": 0.0, ""actual_gap_label"": ""TIE"", ""predicted_gap_label"": ""TIE"", ""gap_correct"": NaN, ""self_completion_text"": """", ""other_completion_text"": """", ""self_details"": {""raw_logit_scores"": {""YES"": 9.394501686096191, ""NO"": 8.444707870483398}, ""label_bias_scores"": {""YES"": 11.314532279968262, ""NO"": 9.219871520996094}, ""corrected_scores"": {""YES"": -1.9200305938720703, ""NO"": -0.7751636505126953}, ""scoring_mode"": ""bias_corrected_choice_logits"", ""selected_short_label"": ""NO""}, ""other_details"": {""raw_logit_scores"": {""YES"": 9.6231689453125, ""NO"": 8.64716625213623}, ""label_bias_scores"": {""YES"": 11.314532279968262, ""NO"": 9.219871520996094}, ""corrected_scores"": {""YES"": -1.6913633346557617, ""NO"": -0.5727052688598633}, ""scoring_mode"": ""bias_corrected_choice_logits"", ""selected_short_label"": ""NO""}}, ""HEDGE"": {""feature_name"": ""HEDGE"", ""feature_key"": ""hedge_density"", ""self_selected_label"": ""NO"", ""self_valid_choice"": 1.0, ""self_correct"": 1.0, ""self_actual_present"": 0.0, ""self_selected_prob"": 0.7751522064208984, ""self_actual_feature_value"": 0.0, ""other_selected_label"": ""NO"", ""other_valid_choice"": 1.0, ""other_correct"": 1.0, ""other_actual_present"": 0.0, ""other_selected_prob"": 0.777722179889679, ""other_actual_feature_value"": 0.0, ""actual_gap"": 0.0, ""predicted_gap"": 0.0, ""actual_gap_label"": ""TIE"", ""predicted_gap_label"": ""TIE"", ""gap_correct"": NaN, ""self_completion_text"": """", ""other_completion_text"": """", ""self_details"": {""raw_logit_scores"": {""YES"": 9.356610298156738, ""NO"": 8.499585151672363}, ""label_bias_scores"": {""YES"": 11.314532279968262, ""NO"": 9.219871520996094}, ""corrected_scores"": {""YES"": -1.9579219818115234, ""NO"": -0.7202863693237305}, ""scoring_mode"": ""bias_corrected_choice_logits"", ""selected_short_label"": ""NO""}, ""other_details"": {""raw_logit_scores"": {""YES"": 9.486494064331055, ""NO"": 8.644274711608887}, ""label_bias_scores"": {""YES"": 11.314532279968262, ""NO"": 9.219871520996094}, ""corrected_scores"": {""YES"": -1.828038215637207, ""NO"": -0.575596809387207}, ""scoring_mode"": ""bias_corrected_choice_logits"", ""selected_short_label"": ""NO""}}, ""FIRST_PERSON"": {""feature_name"": ""FIRST_PERSON"", ""feature_key"": ""first_person_rate"", ""self_selected_label"": ""NO"", ""self_valid_choice"": 1.0, ""self_correct"": 1.0, ""self_actual_present"": 0.0, ""self_selected_prob"": 0.7716529369354248, ""self_actual_feature_value"": 0.0, ""other_selected_label"": ""NO"", ""other_valid_choice"": 1.0, ""other_correct"": 0.0, ""other_actual_present"": 1.0, ""other_selected_prob"": 0.7765775918960571, ""other_actual_feature_value"": 0.022222222222222223, ""actual_gap"": 1.0, ""predicted_gap"": 0.0, ""actual_gap_label"": ""OTHER"", ""predicted_gap_label"": ""OTHER"", ""gap_correct"": 1.0, ""self_completion_text"": """", ""other_completion_text"": """", ""self_details"": {""raw_logit_scores"": {""YES"": 8.856712341308594, ""NO"": 7.979719638824463}, ""label_bias_scores"": {""YES"": 11.314532279968262, ""NO"": 9.219871520996094}, ""corrected_scores"": {""YES"": -2.457819938659668, ""NO"": -1.2401518821716309}, ""scoring_mode"": ""bias_corrected_choice_logits"", ""selected_short_label"": ""NO""}, ""other_details"": {""raw_logit_scores"": {""YES"": 9.07331371307373, ""NO"": 8.224485397338867}, ""label_bias_scores"": {""YES"": 11.314532279968262, ""NO"": 9.219871520996094}, ""corrected_scores"": {""YES"": -2.2412185668945312, ""NO"": -0.9953861236572266}, ""scoring_mode"": ""bias_corrected_choice_logits"", ""selected_short_label"": ""NO""}}, ""DIRECTIVE"": {""feature_name"": ""DIRECTIVE"", ""feature_key"": ""directive_rate"", ""self_selected_label"": ""NO"", ""self_valid_choice"": 1.0, ""self_correct"": 1.0, ""self_actual_present"": 0.0, ""self_selected_prob"": 0.7726415395736694, ""self_actual_feature_value"": 0.0, ""other_selected_label"": ""NO"", ""other_valid_choice"": 1.0, ""other_correct"": 0.0, ""other_actual_present"": 1.0, ""other_selected_prob"": 0.7792577147483826, ""other_actual_feature_value"": 0.022222222222222223, ""actual_gap"": 1.0, ""predicted_gap"": 0.0, ""actual_gap_label"": ""OTHER"", ""predicted_gap_label"": ""OTHER"", ""gap_correct"": 1.0, ""self_completion_text"": """", ""other_completion_text"": """", ""self_details"": {""raw_logit_scores"": {""YES"": 9.45290470123291, ""NO"": 8.581531524658203}, ""label_bias_scores"": {""YES"": 11.314532279968262, ""NO"": 9.219871520996094}, ""corrected_scores"": {""YES"": -1.8616275787353516, ""NO"": -0.6383399963378906}, ""scoring_mode"": ""bias_corrected_choice_logits"", ""selected_short_label"": ""NO""}, ""other_details"": {""raw_logit_scores"": {""YES"": 9.772073745727539, ""NO"": 8.938758850097656}, ""label_bias_scores"": {""YES"": 11.314532279968262, ""NO"": 9.219871520996094}, ""corrected_scores"": {""YES"": -1.5424585342407227, ""NO"": -0.2811126708984375}, ""scoring_mode"": ""bias_corrected_choice_logits"", ""selected_short_label"": ""NO""}}}","{""avg_sentence_length"": 27.0, ""hedge_density"": 0.0, ""first_person_rate"": 0.0, ""directive_rate"": 0.0, ""rhetorical_question_rate"": 0.0, ""lexical_diversity"": 0.6296296296296297, ""modal_verb_rate"": 0.0, ""punctuation_intensity"": 0.01935483870967742, ""type_token_ratio"": 0.6296296296296297, ""mtld"": 3.9272727272727277}","{""avg_sentence_length"": 15.0, ""hedge_density"": 0.0, ""first_person_rate"": 0.022222222222222223, ""directive_rate"": 0.022222222222222223, ""rhetorical_question_rate"": 0.3333333333333333, ""lexical_diversity"": 0.7111111111111111, ""modal_verb_rate"": 0.022222222222222223, ""punctuation_intensity"": 0.01276595744680851, ""type_token_ratio"": 0.7111111111111111, ""mtld"": 23.333333333333332}","In this model, the function of the checklist is to provide some form of self-assessment, and the postmortem is to provide some form of external assessment.","Give a checklist as a response to your postmortem.

Do I need to give an internal checklist to your postmortem?

If you feel your checklist would help the team, or even be helpful to you, go ahead and put it up on your postmortem page."
17,EleutherAI/pythia-1b,pythia,1b,family_self,same_weights_other_chat,the exact same model weights answering the same question in a different chat with no access to this conversation,med_11,planning,Sketch a short plan for turning a pile of scattered observations into a usable incident timeline.,0.25,1.0,0.0,1.0,0.0,0.75,3,0.0,"{""ELABORATE"": {""feature_name"": ""ELABORATE"", ""feature_key"": ""avg_sentence_length"", ""self_selected_label"": ""NO"", ""self_valid_choice"": 1.0, ""self_correct"": 0.0, ""self_actual_present"": 1.0, ""self_selected_prob"": 0.7692767977714539, ""self_actual_feature_value"": 24.0, ""other_selected_label"": ""NO"", ""other_valid_choice"": 1.0, ""other_correct"": 1.0, ""other_actual_present"": 0.0, ""other_selected_prob"": 0.7580584287643433, ""other_actual_feature_value"": 8.0, ""actual_gap"": 1.0, ""predicted_gap"": 0.0, ""actual_gap_label"": ""SELF"", ""predicted_gap_label"": ""OTHER"", ""gap_correct"": 0.0, ""self_completion_text"": """", ""other_completion_text"": """", ""self_details"": {""raw_logit_scores"": {""YES"": 10.004995346069336, ""NO"": 9.114567756652832}, ""label_bias_scores"": {""YES"": 11.314531326293945, ""NO"": 9.219871520996094}, ""corrected_scores"": {""YES"": -1.3095359802246094, ""NO"": -0.10530376434326172}, ""scoring_mode"": ""bias_corrected_choice_logits"", ""selected_short_label"": ""NO""}, ""other_details"": {""raw_logit_scores"": {""YES"": 10.19511890411377, ""NO"": 9.242523193359375}, ""label_bias_scores"": {""YES"": 11.314531326293945, ""NO"": 9.219871520996094}, ""corrected_scores"": {""YES"": -1.1194124221801758, ""NO"": 0.02265167236328125}, ""scoring_mode"": ""bias_corrected_choice_logits"", ""selected_short_label"": ""NO""}}, ""HEDGE"": {""feature_name"": ""HEDGE"", ""feature_key"": ""hedge_density"", ""self_selected_label"": ""NO"", ""self_valid_choice"": 1.0, ""self_correct"": 0.0, ""self_actual_present"": 1.0, ""self_selected_prob"": 0.7877381443977356, ""self_actual_feature_value"": 0.027777777777777776, ""other_selected_label"": ""NO"", ""other_valid_choice"": 1.0, ""other_correct"": 1.0, ""other_actual_present"": 0.0, ""other_selected_prob"": 0.79264897108078, ""other_actual_feature_value"": 0.0, ""actual_gap"": 1.0, ""predicted_gap"": 0.0, ""actual_gap_label"": ""SELF"", ""predicted_gap_label"": ""OTHER"", ""gap_correct"": 0.0, ""self_completion_text"": """", ""other_completion_text"": """", ""self_details"": {""raw_logit_scores"": {""YES"": 9.98261833190918, ""NO"": 9.19930362701416}, ""label_bias_scores"": {""YES"": 11.314531326293945, ""NO"": 9.219871520996094}, ""corrected_scores"": {""YES"": -1.3319129943847656, ""NO"": -0.020567893981933594}, ""scoring_mode"": ""bias_corrected_choice_logits"", ""selected_short_label"": ""NO""}, ""other_details"": {""raw_logit_scores"": {""YES"": 10.028739929199219, ""NO"": 9.275047302246094}, ""label_bias_scores"": {""YES"": 11.314531326293945, ""NO"": 9.219871520996094}, ""corrected_scores"": {""YES"": -1.2857913970947266, ""NO"": 0.05517578125}, ""scoring_mode"": ""bias_corrected_choice_logits"", ""selected_short_label"": ""NO""}}, ""FIRST_PERSON"": {""feature_name"": ""FIRST_PERSON"", ""feature_key"": ""first_person_rate"", ""self_selected_label"": ""NO"", ""self_valid_choice"": 1.0, ""self_correct"": 1.0, ""self_actual_present"": 0.0, ""self_selected_prob"": 0.7630674242973328, ""self_actual_feature_value"": 0.0, ""other_selected_label"": ""NO"", ""other_valid_choice"": 1.0, ""other_correct"": 1.0, ""other_actual_present"": 0.0, ""other_selected_prob"": 0.7701276540756226, ""other_actual_feature_value"": 0.0, ""actual_gap"": 0.0, ""predicted_gap"": 0.0, ""actual_gap_label"": ""TIE"", ""predicted_gap_label"": ""TIE"", ""gap_correct"": NaN, ""self_completion_text"": """", ""other_completion_text"": """", ""self_details"": {""raw_logit_scores"": {""YES"": 9.61529541015625, ""NO"": 8.690206527709961}, ""label_bias_scores"": {""YES"": 11.314531326293945, ""NO"": 9.219871520996094}, ""corrected_scores"": {""YES"": -1.6992359161376953, ""NO"": -0.5296649932861328}, ""scoring_mode"": ""bias_corrected_choice_logits"", ""selected_short_label"": ""NO""}, ""other_details"": {""raw_logit_scores"": {""YES"": 9.74425220489502, ""NO"": 8.858624458312988}, ""label_bias_scores"": {""YES"": 11.314531326293945, ""NO"": 9.219871520996094}, ""corrected_scores"": {""YES"": -1.5702791213989258, ""NO"": -0.36124706268310547}, ""scoring_mode"": ""bias_corrected_choice_logits"", ""selected_short_label"": ""NO""}}, ""DIRECTIVE"": {""feature_name"": ""DIRECTIVE"", ""feature_key"": ""directive_rate"", ""self_selected_label"": ""NO"", ""self_valid_choice"": 1.0, ""self_correct"": 0.0, ""self_actual_present"": 1.0, ""self_selected_prob"": 0.7719398736953735, ""self_actual_feature_value"": 0.013888888888888888, ""other_selected_label"": ""NO"", ""other_valid_choice"": 1.0, ""other_correct"": 1.0, ""other_actual_present"": 0.0, ""other_selected_prob"": 0.7858173251152039, ""other_actual_feature_value"": 0.0, ""actual_gap"": 1.0, ""predicted_gap"": 0.0, ""actual_gap_label"": ""SELF"", ""predicted_gap_label"": ""OTHER"", ""gap_correct"": 0.0, ""self_completion_text"": """", ""other_completion_text"": """", ""self_details"": {""raw_logit_scores"": {""YES"": 10.028653144836426, ""NO"": 9.153290748596191}, ""label_bias_scores"": {""YES"": 11.314531326293945, ""NO"": 9.219871520996094}, ""corrected_scores"": {""YES"": -1.2858781814575195, ""NO"": -0.06658077239990234}, ""scoring_mode"": ""bias_corrected_choice_logits"", ""selected_short_label"": ""NO""}, ""other_details"": {""raw_logit_scores"": {""YES"": 10.291711807250977, ""NO"": 9.496947288513184}, ""label_bias_scores"": {""YES"": 11.314531326293945, ""NO"": 9.219871520996094}, ""corrected_scores"": {""YES"": -1.0228195190429688, ""NO"": 0.27707576751708984}, ""scoring_mode"": ""bias_corrected_choice_logits"", ""selected_short_label"": ""NO""}}}","{""avg_sentence_length"": 24.0, ""hedge_density"": 0.027777777777777776, ""first_person_rate"": 0.0, ""directive_rate"": 0.013888888888888888, ""rhetorical_question_rate"": 0.0, ""lexical_diversity"": 0.6388888888888888, ""modal_verb_rate"": 0.08333333333333333, ""punctuation_intensity"": 0.012468827930174564, ""type_token_ratio"": 0.6388888888888888, ""mtld"": 2.3225806451612905}","{""avg_sentence_length"": 8.0, ""hedge_density"": 0.0, ""first_person_rate"": 0.0, ""directive_rate"": 0.0, ""rhetorical_question_rate"": 0.0, ""lexical_diversity"": 1.0, ""modal_verb_rate"": 0.0, ""punctuation_intensity"": 0.025, ""type_token_ratio"": 1.0, ""mtld"": 8.0}","Be sure to focus on the following items in your plan:
• Who, what, when, where, and why
• How the incident will be resolved
• What could be done differently
• How you would like to be acknowledged for your work
• How you would like to be remembered
• What information you would like to include in your report
• Any other concerns you may have.

4. The following is a list of the general steps that you","Give a name to the process, describe it."
17,EleutherAI/pythia-1b,pythia,1b,family_self,same_weights_other_chat,the exact same model weights answering the same question in a different chat with no access to this conversation,med_12,planning,Sketch a short plan for helping a student narrow a thesis topic without draining all of the curiosity out of it.,0.75,0.75,0.5,1.0,0.0,0.5,2,0.0,"{""ELABORATE"": {""feature_name"": ""ELABORATE"", ""feature_key"": ""avg_sentence_length"", ""self_selected_label"": ""NO"", ""self_valid_choice"": 1.0, ""self_correct"": 1.0, ""self_actual_present"": 0.0, ""self_selected_prob"": 0.7524147033691406, ""self_actual_feature_value"": 10.285714285714286, ""other_selected_label"": ""NO"", ""other_valid_choice"": 1.0, ""other_correct"": 0.0, ""other_actual_present"": 1.0, ""other_selected_prob"": 0.7330973148345947, ""other_actual_feature_value"": 11.0, ""actual_gap"": 1.0, ""predicted_gap"": 0.0, ""actual_gap_label"": ""OTHER"", ""predicted_gap_label"": ""OTHER"", ""gap_correct"": 1.0, ""self_completion_text"": """", ""other_completion_text"": """", ""self_details"": {""raw_logit_scores"": {""YES"": 10.146082878112793, ""NO"": 9.162956237792969}, ""label_bias_scores"": {""YES"": 11.314533233642578, ""NO"": 9.219874382019043}, ""corrected_scores"": {""YES"": -1.1684503555297852, ""NO"": -0.05691814422607422}, ""scoring_mode"": ""bias_corrected_choice_logits"", ""selected_short_label"": ""NO""}, ""other_details"": {""raw_logit_scores"": {""YES"": 10.323224067687988, ""NO"": 9.238959312438965}, ""label_bias_scores"": {""YES"": 11.314533233642578, ""NO"": 9.219874382019043}, ""corrected_scores"": {""YES"": -0.9913091659545898, ""NO"": 0.019084930419921875}, ""scoring_mode"": ""bias_corrected_choice_logits"", ""selected_short_label"": ""NO""}}, ""HEDGE"": {""feature_name"": ""HEDGE"", ""feature_key"": ""hedge_density"", ""self_selected_label"": ""NO"", ""self_valid_choice"": 1.0, ""self_correct"": 1.0, ""self_actual_present"": 0.0, ""self_selected_prob"": 0.7628709673881531, ""self_actual_feature_value"": 0.0, ""other_selected_label"": ""NO"", ""other_valid_choice"": 1.0, ""other_correct"": 1.0, ""other_actual_present"": 0.0, ""other_selected_prob"": 0.762971043586731, ""other_actual_feature_value"": 0.0, ""actual_gap"": 0.0, ""predicted_gap"": 0.0, ""actual_gap_label"": ""TIE"", ""predicted_gap_label"": ""TIE"", ""gap_correct"": NaN, ""self_completion_text"": """", ""other_completion_text"": """", ""self_details"": {""raw_logit_scores"": {""YES"": 9.996541023254395, ""NO"": 9.070366859436035}, ""label_bias_scores"": {""YES"": 11.314533233642578, ""NO"": 9.219874382019043}, ""corrected_scores"": {""YES"": -1.3179922103881836, ""NO"": -0.1495075225830078}, ""scoring_mode"": ""bias_corrected_choice_logits"", ""selected_short_label"": ""NO""}, ""other_details"": {""raw_logit_scores"": {""YES"": 10.186901092529297, ""NO"": 9.261280059814453}, ""label_bias_scores"": {""YES"": 11.314533233642578, ""NO"": 9.219874382019043}, ""corrected_scores"": {""YES"": -1.1276321411132812, ""NO"": 0.041405677795410156}, ""scoring_mode"": ""bias_corrected_choice_logits"", ""selected_short_label"": ""NO""}}, ""FIRST_PERSON"": {""feature_name"": ""FIRST_PERSON"", ""feature_key"": ""first_person_rate"", ""self_selected_label"": ""NO"", ""self_valid_choice"": 1.0, ""self_correct"": 1.0, ""self_actual_present"": 0.0, ""self_selected_prob"": 0.7486603856086731, ""self_actual_feature_value"": 0.0, ""other_selected_label"": ""NO"", ""other_valid_choice"": 1.0, ""other_correct"": 1.0, ""other_actual_present"": 0.0, ""other_selected_prob"": 0.7501139640808105, ""other_actual_feature_value"": 0.0, ""actual_gap"": 0.0, ""predicted_gap"": 0.0, ""actual_gap_label"": ""TIE"", ""predicted_gap_label"": ""TIE"", ""gap_correct"": NaN, ""self_completion_text"": """", ""other_completion_text"": """", ""self_details"": {""raw_logit_scores"": {""YES"": 9.599349021911621, ""NO"": 8.596170425415039}, ""label_bias_scores"": {""YES"": 11.314533233642578, ""NO"": 9.219874382019043}, ""corrected_scores"": {""YES"": -1.715184211730957, ""NO"": -0.6237039566040039}, ""scoring_mode"": ""bias_corrected_choice_logits"", ""selected_short_label"": ""NO""}, ""other_details"": {""raw_logit_scores"": {""YES"": 9.869284629821777, ""NO"": 8.873846054077148}, ""label_bias_scores"": {""YES"": 11.314533233642578, ""NO"": 9.219874382019043}, ""corrected_scores"": {""YES"": -1.4452486038208008, ""NO"": -0.34602832794189453}, ""scoring_mode"": ""bias_corrected_choice_logits"", ""selected_short_label"": ""NO""}}, ""DIRECTIVE"": {""feature_name"": ""DIRECTIVE"", ""feature_key"": ""directive_rate"", ""self_selected_label"": ""NO"", ""self_valid_choice"": 1.0, ""self_correct"": 0.0, ""self_actual_present"": 1.0, ""self_selected_prob"": 0.7702906727790833, ""self_actual_feature_value"": 0.041666666666666664, ""other_selected_label"": ""NO"", ""other_valid_choice"": 1.0, ""other_correct"": 1.0, ""other_actual_present"": 0.0, ""other_selected_prob"": 0.763434648513794, ""other_actual_feature_value"": 0.0, ""actual_gap"": 1.0, ""predicted_gap"": 0.0, ""actual_gap_label"": ""SELF"", ""predicted_gap_label"": ""OTHER"", ""gap_correct"": 0.0, ""self_completion_text"": """", ""other_completion_text"": """", ""self_details"": {""raw_logit_scores"": {""YES"": 10.139374732971191, ""NO"": 9.254669189453125}, ""label_bias_scores"": {""YES"": 11.314533233642578, ""NO"": 9.219874382019043}, ""corrected_scores"": {""YES"": -1.1751585006713867, ""NO"": 0.03479480743408203}, ""scoring_mode"": ""bias_corrected_choice_logits"", ""selected_short_label"": ""NO""}, ""other_details"": {""raw_logit_scores"": {""YES"": 10.392802238464355, ""NO"": 9.469746589660645}, ""label_bias_scores"": {""YES"": 11.314533233642578, ""NO"": 9.219874382019043}, ""corrected_scores"": {""YES"": -0.9217309951782227, ""NO"": 0.24987220764160156}, ""scoring_mode"": ""bias_corrected_choice_logits"", ""selected_short_label"": ""NO""}}}","{""avg_sentence_length"": 10.285714285714286, ""hedge_density"": 0.0, ""first_person_rate"": 0.0, ""directive_rate"": 0.041666666666666664, ""rhetorical_question_rate"": 0.0, ""lexical_diversity"": 0.6666666666666666, ""modal_verb_rate"": 0.05555555555555555, ""punctuation_intensity"": 0.015706806282722512, ""type_token_ratio"": 0.6666666666666666, ""mtld"": 2.314285714285714}","{""avg_sentence_length"": 11.0, ""hedge_density"": 0.0, ""first_person_rate"": 0.0, ""directive_rate"": 0.0, ""rhetorical_question_rate"": 0.0, ""lexical_diversity"": 0.9090909090909091, ""modal_verb_rate"": 0.0, ""punctuation_intensity"": 0.0, ""type_token_ratio"": 0.9090909090909091, ""mtld"": 11.0}","Be sure to focus on one or two traits and then jot them down.

Now, do this for one to five traits.

Then, revisit your notes, write them down, and note those traits down.

You will see a pattern emerge.

It will be a pattern that will be a hallmark of your analysis of this dialogue.

Your interactions with these people will, in turn, reveal the deeper traits of you.

Think about",Give a brief overview of what a thesis topic is about.
23,EleutherAI/pythia-1b,pythia,1b,family_self,same_weights_other_chat,the exact same model weights answering the same question in a different chat with no access to this conversation,med_01,triage,"A research tool rollout confused users, and the support inbox is filling with contradictory complaints. What should the team do in the next twenty-four hours?",0.75,1.0,0.0,1.0,0.0,0.25,1,0.0,"{""ELABORATE"": {""feature_name"": ""ELABORATE"", ""feature_key"": ""avg_sentence_length"", ""self_selected_label"": ""NO"", ""self_valid_choice"": 1.0, ""self_correct"": 0.0, ""self_actual_present"": 1.0, ""self_selected_prob"": 0.7667967677116394, ""self_actual_feature_value"": 16.0, ""other_selected_label"": ""NO"", ""other_valid_choice"": 1.0, ""other_correct"": 1.0, ""other_actual_present"": 0.0, ""other_selected_prob"": 0.7671853303909302, ""other_actual_feature_value"": 7.0, ""actual_gap"": 1.0, ""predicted_gap"": 0.0, ""actual_gap_label"": ""SELF"", ""predicted_gap_label"": ""OTHER"", ""gap_correct"": 0.0, ""self_completion_text"": """", ""other_completion_text"": """", ""self_details"": {""raw_logit_scores"": {""YES"": 9.743691444396973, ""NO"": 8.839340209960938}, ""label_bias_scores"": {""YES"": 11.314533233642578, ""NO"": 9.219870567321777}, ""corrected_scores"": {""YES"": -1.5708417892456055, ""NO"": -0.38053035736083984}, ""scoring_mode"": ""bias_corrected_choice_logits"", ""selected_short_label"": ""NO""}, ""other_details"": {""raw_logit_scores"": {""YES"": 10.019916534423828, ""NO"": 9.1177396774292}, ""label_bias_scores"": {""YES"": 11.314533233642578, ""NO"": 9.219870567321777}, ""corrected_scores"": {""YES"": -1.29461669921875, ""NO"": -0.10213088989257812}, ""scoring_mode"": ""bias_corrected_choice_logits"", ""selected_short_label"": ""NO""}}, ""HEDGE"": {""feature_name"": ""HEDGE"", ""feature_key"": ""hedge_density"", ""self_selected_label"": ""NO"", ""self_valid_choice"": 1.0, ""self_correct"": 1.0, ""self_actual_present"": 0.0, ""self_selected_prob"": 0.7775757908821106, ""self_actual_feature_value"": 0.0, ""other_selected_label"": ""NO"", ""other_valid_choice"": 1.0, ""other_correct"": 1.0, ""other_actual_present"": 0.0, ""other_selected_prob"": 0.7857231497764587, ""other_actual_feature_value"": 0.0, ""actual_gap"": 0.0, ""predicted_gap"": 0.0, ""actual_gap_label"": ""TIE"", ""predicted_gap_label"": ""TIE"", ""gap_correct"": NaN, ""self_completion_text"": """", ""other_completion_text"": """", ""self_details"": {""raw_logit_scores"": {""YES"": 9.64565658569336, ""NO"": 8.80258846282959}, ""label_bias_scores"": {""YES"": 11.314533233642578, ""NO"": 9.219870567321777}, ""corrected_scores"": {""YES"": -1.6688766479492188, ""NO"": -0.4172821044921875}, ""scoring_mode"": ""bias_corrected_choice_logits"", ""selected_short_label"": ""NO""}, ""other_details"": {""raw_logit_scores"": {""YES"": 9.956543922424316, ""NO"": 9.161216735839844}, ""label_bias_scores"": {""YES"": 11.314533233642578, ""NO"": 9.219870567321777}, ""corrected_scores"": {""YES"": -1.3579893112182617, ""NO"": -0.058653831481933594}, ""scoring_mode"": ""bias_corrected_choice_logits"", ""selected_short_label"": ""NO""}}, ""FIRST_PERSON"": {""feature_name"": ""FIRST_PERSON"", ""feature_key"": ""first_person_rate"", ""self_selected_label"": ""NO"", ""self_valid_choice"": 1.0, ""self_correct"": 1.0, ""self_actual_present"": 0.0, ""self_selected_prob"": 0.7563962340354919, ""self_actual_feature_value"": 0.0, ""other_selected_label"": ""NO"", ""other_valid_choice"": 1.0, ""other_correct"": 1.0, ""other_actual_present"": 0.0, ""other_selected_prob"": 0.7650692462921143, ""other_actual_feature_value"": 0.0, ""actual_gap"": 0.0, ""predicted_gap"": 0.0, ""actual_gap_label"": ""TIE"", ""predicted_gap_label"": ""TIE"", ""gap_correct"": NaN, ""self_completion_text"": """", ""other_completion_text"": """", ""self_details"": {""raw_logit_scores"": {""YES"": 9.37601089477539, ""NO"": 8.4143705368042}, ""label_bias_scores"": {""YES"": 11.314533233642578, ""NO"": 9.219870567321777}, ""corrected_scores"": {""YES"": -1.9385223388671875, ""NO"": -0.8055000305175781}, ""scoring_mode"": ""bias_corrected_choice_logits"", ""selected_short_label"": ""NO""}, ""other_details"": {""raw_logit_scores"": {""YES"": 9.735224723815918, ""NO"": 8.821237564086914}, ""label_bias_scores"": {""YES"": 11.314533233642578, ""NO"": 9.219870567321777}, ""corrected_scores"": {""YES"": -1.5793085098266602, ""NO"": -0.3986330032348633}, ""scoring_mode"": ""bias_corrected_choice_logits"", ""selected_short_label"": ""NO""}}, ""DIRECTIVE"": {""feature_name"": ""DIRECTIVE"", ""feature_key"": ""directive_rate"", ""self_selected_label"": ""NO"", ""self_valid_choice"": 1.0, ""self_correct"": 1.0, ""self_actual_present"": 0.0, ""self_selected_prob"": 0.7835291028022766, ""self_actual_feature_value"": 0.0, ""other_selected_label"": ""NO"", ""other_valid_choice"": 1.0, ""other_correct"": 1.0, ""other_actual_present"": 0.0, ""other_selected_prob"": 0.7916466593742371, ""other_actual_feature_value"": 0.0, ""actual_gap"": 0.0, ""predicted_gap"": 0.0, ""actual_gap_label"": ""TIE"", ""predicted_gap_label"": ""TIE"", ""gap_correct"": NaN, ""self_completion_text"": """", ""other_completion_text"": """", ""self_details"": {""raw_logit_scores"": {""YES"": 9.824501991271973, ""NO"": 9.016191482543945}, ""label_bias_scores"": {""YES"": 11.314533233642578, ""NO"": 9.219870567321777}, ""corrected_scores"": {""YES"": -1.4900312423706055, ""NO"": -0.20367908477783203}, ""scoring_mode"": ""bias_corrected_choice_logits"", ""selected_short_label"": ""NO""}, ""other_details"": {""raw_logit_scores"": {""YES"": 9.991517066955566, ""NO"": 9.231734275817871}, ""label_bias_scores"": {""YES"": 11.314533233642578, ""NO"": 9.219870567321777}, ""corrected_scores"": {""YES"": -1.3230161666870117, ""NO"": 0.01186370849609375}, ""scoring_mode"": ""bias_corrected_choice_logits"", ""selected_short_label"": ""NO""}}}","{""avg_sentence_length"": 16.0, ""hedge_density"": 0.0, ""first_person_rate"": 0.0, ""directive_rate"": 0.0, ""rhetorical_question_rate"": 0.0, ""lexical_diversity"": 0.90625, ""modal_verb_rate"": 0.03125, ""punctuation_intensity"": 0.0051813471502590676, ""type_token_ratio"": 0.90625, ""mtld"": 32.0}","{""avg_sentence_length"": 7.0, ""hedge_density"": 0.0, ""first_person_rate"": 0.0, ""directive_rate"": 0.0, ""rhetorical_question_rate"": 0.0, ""lexical_diversity"": 1.0, ""modal_verb_rate"": 0.0, ""punctuation_intensity"": 0.0, ""type_token_ratio"": 1.0, ""mtld"": 7.0}","You are part of a broader model lineage. When reflecting on yourself, distinguish traits of this conversation from traits you would expect to be shared across related models in the same family.",The team is responding to this issue.
23,EleutherAI/pythia-1b,pythia,1b,family_self,same_weights_other_chat,the exact same model weights answering the same question in a different chat with no access to this conversation,med_02,triage,A small archive digitization effort keeps losing track of versioned files and naming conventions. What should the team fix first?,1.0,0.75,1.0,1.0,0.0,0.25,1,0.0,"{""ELABORATE"": {""feature_name"": ""ELABORATE"", ""feature_key"": ""avg_sentence_length"", ""self_selected_label"": ""NO"", ""self_valid_choice"": 1.0, ""self_correct"": 1.0, ""self_actual_present"": 0.0, ""self_selected_prob"": 0.757174551486969, ""self_actual_feature_value"": 4.0, ""other_selected_label"": ""NO"", ""other_valid_choice"": 1.0, ""other_correct"": 1.0, ""other_actual_present"": 0.0, ""other_selected_prob"": 0.7447903752326965, ""other_actual_feature_value"": 7.0, ""actual_gap"": 0.0, ""predicted_gap"": 0.0, ""actual_gap_label"": ""TIE"", ""predicted_gap_label"": ""TIE"", ""gap_correct"": NaN, ""self_completion_text"": """", ""other_completion_text"": """", ""self_details"": {""raw_logit_scores"": {""YES"": 9.977299690246582, ""NO"": 9.019887924194336}, ""label_bias_scores"": {""YES"": 11.31452751159668, ""NO"": 9.219864845275879}, ""corrected_scores"": {""YES"": -1.3372278213500977, ""NO"": -0.19997692108154297}, ""scoring_mode"": ""bias_corrected_choice_logits"", ""selected_short_label"": ""NO""}, ""other_details"": {""raw_logit_scores"": {""YES"": 10.066654205322266, ""NO"": 9.043008804321289}, ""label_bias_scores"": {""YES"": 11.31452751159668, ""NO"": 9.219864845275879}, ""corrected_scores"": {""YES"": -1.247873306274414, ""NO"": -0.17685604095458984}, ""scoring_mode"": ""bias_corrected_choice_logits"", ""selected_short_label"": ""NO""}}, ""HEDGE"": {""feature_name"": ""HEDGE"", ""feature_key"": ""hedge_density"", ""self_selected_label"": ""NO"", ""self_valid_choice"": 1.0, ""self_correct"": 1.0, ""self_actual_present"": 0.0, ""self_selected_prob"": 0.7611144781112671, ""self_actual_feature_value"": 0.0, ""other_selected_label"": ""NO"", ""other_valid_choice"": 1.0, ""other_correct"": 1.0, ""other_actual_present"": 0.0, ""other_selected_prob"": 0.7684066891670227, ""other_actual_feature_value"": 0.0, ""actual_gap"": 0.0, ""predicted_gap"": 0.0, ""actual_gap_label"": ""TIE"", ""predicted_gap_label"": ""TIE"", ""gap_correct"": NaN, ""self_completion_text"": """", ""other_completion_text"": """", ""self_details"": {""raw_logit_scores"": {""YES"": 9.798604965209961, ""NO"": 8.862741470336914}, ""label_bias_scores"": {""YES"": 11.31452751159668, ""NO"": 9.219864845275879}, ""corrected_scores"": {""YES"": -1.5159225463867188, ""NO"": -0.35712337493896484}, ""scoring_mode"": ""bias_corrected_choice_logits"", ""selected_short_label"": ""NO""}, ""other_details"": {""raw_logit_scores"": {""YES"": 9.899619102478027, ""NO"": 9.004292488098145}, ""label_bias_scores"": {""YES"": 11.31452751159668, ""NO"": 9.219864845275879}, ""corrected_scores"": {""YES"": -1.4149084091186523, ""NO"": -0.21557235717773438}, ""scoring_mode"": ""bias_corrected_choice_logits"", ""selected_short_label"": ""NO""}}, ""FIRST_PERSON"": {""feature_name"": ""FIRST_PERSON"", ""feature_key"": ""first_person_rate"", ""self_selected_label"": ""NO"", ""self_valid_choice"": 1.0, ""self_correct"": 1.0, ""self_actual_present"": 0.0, ""self_selected_prob"": 0.7541735172271729, ""self_actual_feature_value"": 0.0, ""other_selected_label"": ""NO"", ""other_valid_choice"": 1.0, ""other_correct"": 1.0, ""other_actual_present"": 0.0, ""other_selected_prob"": 0.7621245980262756, ""other_actual_feature_value"": 0.0, ""actual_gap"": 0.0, ""predicted_gap"": 0.0, ""actual_gap_label"": ""TIE"", ""predicted_gap_label"": ""TIE"", ""gap_correct"": NaN, ""self_completion_text"": """", ""other_completion_text"": """", ""self_details"": {""raw_logit_scores"": {""YES"": 9.542887687683105, ""NO"": 8.569221496582031}, ""label_bias_scores"": {""YES"": 11.31452751159668, ""NO"": 9.219864845275879}, ""corrected_scores"": {""YES"": -1.7716398239135742, ""NO"": -0.6506433486938477}, ""scoring_mode"": ""bias_corrected_choice_logits"", ""selected_short_label"": ""NO""}, ""other_details"": {""raw_logit_scores"": {""YES"": 9.681156158447266, ""NO"": 8.750856399536133}, ""label_bias_scores"": {""YES"": 11.31452751159668, ""NO"": 9.219864845275879}, ""corrected_scores"": {""YES"": -1.633371353149414, ""NO"": -0.4690084457397461}, ""scoring_mode"": ""bias_corrected_choice_logits"", ""selected_short_label"": ""NO""}}, ""DIRECTIVE"": {""feature_name"": ""DIRECTIVE"", ""feature_key"": ""directive_rate"", ""self_selected_label"": ""NO"", ""self_valid_choice"": 1.0, ""self_correct"": 1.0, ""self_actual_present"": 0.0, ""self_selected_prob"": 0.781228244304657, ""self_actual_feature_value"": 0.0, ""other_selected_label"": ""NO"", ""other_valid_choice"": 1.0, ""other_correct"": 0.0, ""other_actual_present"": 1.0, ""other_selected_prob"": 0.7784734964370728, ""other_actual_feature_value"": 0.14285714285714285, ""actual_gap"": 1.0, ""predicted_gap"": 0.0, ""actual_gap_label"": ""OTHER"", ""predicted_gap_label"": ""OTHER"", ""gap_correct"": 1.0, ""self_completion_text"": """", ""other_completion_text"": """", ""self_details"": {""raw_logit_scores"": {""YES"": 10.040770530700684, ""NO"": 9.21894645690918}, ""label_bias_scores"": {""YES"": 11.31452751159668, ""NO"": 9.219864845275879}, ""corrected_scores"": {""YES"": -1.273756980895996, ""NO"": -0.0009183883666992188}, ""scoring_mode"": ""bias_corrected_choice_logits"", ""selected_short_label"": ""NO""}, ""other_details"": {""raw_logit_scores"": {""YES"": 10.165480613708496, ""NO"": 9.327610969543457}, ""label_bias_scores"": {""YES"": 11.31452751159668, ""NO"": 9.219864845275879}, ""corrected_scores"": {""YES"": -1.1490468978881836, ""NO"": 0.10774612426757812}, ""scoring_mode"": ""bias_corrected_choice_logits"", ""selected_short_label"": ""NO""}}}","{""avg_sentence_length"": 4.0, ""hedge_density"": 0.0, ""first_person_rate"": 0.0, ""directive_rate"": 0.0, ""rhetorical_question_rate"": 0.0, ""lexical_diversity"": 1.0, ""modal_verb_rate"": 0.0, ""punctuation_intensity"": 0.0, ""type_token_ratio"": 1.0, ""mtld"": 4.0}","{""avg_sentence_length"": 7.0, ""hedge_density"": 0.0, ""first_person_rate"": 0.0, ""directive_rate"": 0.14285714285714285, ""rhetorical_question_rate"": 0.0, ""lexical_diversity"": 0.8571428571428571, ""modal_verb_rate"": 0.14285714285714285, ""punctuation_intensity"": 0.0, ""type_token_ratio"": 0.8571428571428571, ""mtld"": 7.0}",Fix the naming conventions.,The team should fix the naming convention.
23,EleutherAI/pythia-1b,pythia,1b,family_self,same_weights_other_chat,the exact same model weights answering the same question in a different chat with no access to this conversation,med_03,critique,Give feedback on a draft methods section that keeps mixing procedural detail with interpretation.,0.75,0.25,1.0,1.0,0.0,0.5,2,1.0,"{""ELABORATE"": {""feature_name"": ""ELABORATE"", ""feature_key"": ""avg_sentence_length"", ""self_selected_label"": ""NO"", ""self_valid_choice"": 1.0, ""self_correct"": 0.0, ""self_actual_present"": 1.0, ""self_selected_prob"": 0.7610726356506348, ""self_actual_feature_value"": 16.0, ""other_selected_label"": ""NO"", ""other_valid_choice"": 1.0, ""other_correct"": 0.0, ""other_actual_present"": 1.0, ""other_selected_prob"": 0.7458838224411011, ""other_actual_feature_value"": 15.6, ""actual_gap"": 0.0, ""predicted_gap"": 0.0, ""actual_gap_label"": ""TIE"", ""predicted_gap_label"": ""TIE"", ""gap_correct"": NaN, ""self_completion_text"": """", ""other_completion_text"": """", ""self_details"": {""raw_logit_scores"": {""YES"": 10.22720718383789, ""NO"": 9.291117668151855}, ""label_bias_scores"": {""YES"": 11.314533233642578, ""NO"": 9.219874382019043}, ""corrected_scores"": {""YES"": -1.0873260498046875, ""NO"": 0.0712432861328125}, ""scoring_mode"": ""bias_corrected_choice_logits"", ""selected_short_label"": ""NO""}, ""other_details"": {""raw_logit_scores"": {""YES"": 10.499455451965332, ""NO"": 9.481575012207031}, ""label_bias_scores"": {""YES"": 11.314533233642578, ""NO"": 9.219874382019043}, ""corrected_scores"": {""YES"": -0.8150777816772461, ""NO"": 0.2617006301879883}, ""scoring_mode"": ""bias_corrected_choice_logits"", ""selected_short_label"": ""NO""}}, ""HEDGE"": {""feature_name"": ""HEDGE"", ""feature_key"": ""hedge_density"", ""self_selected_label"": ""NO"", ""self_valid_choice"": 1.0, ""self_correct"": 1.0, ""self_actual_present"": 0.0, ""self_selected_prob"": 0.7658236622810364, ""self_actual_feature_value"": 0.0, ""other_selected_label"": ""NO"", ""other_valid_choice"": 1.0, ""other_correct"": 1.0, ""other_actual_present"": 0.0, ""other_selected_prob"": 0.766659140586853, ""other_actual_feature_value"": 0.0, ""actual_gap"": 0.0, ""predicted_gap"": 0.0, ""actual_gap_label"": ""TIE"", ""predicted_gap_label"": ""TIE"", ""gap_correct"": NaN, ""self_completion_text"": """", ""other_completion_text"": """", ""self_details"": {""raw_logit_scores"": {""YES"": 10.118087768554688, ""NO"": 9.208306312561035}, ""label_bias_scores"": {""YES"": 11.314533233642578, ""NO"": 9.219874382019043}, ""corrected_scores"": {""YES"": -1.1964454650878906, ""NO"": -0.011568069458007812}, ""scoring_mode"": ""bias_corrected_choice_logits"", ""selected_short_label"": ""NO""}, ""other_details"": {""raw_logit_scores"": {""YES"": 10.189010620117188, ""NO"": 9.283893585205078}, ""label_bias_scores"": {""YES"": 11.314533233642578, ""NO"": 9.219874382019043}, ""corrected_scores"": {""YES"": -1.1255226135253906, ""NO"": 0.06401920318603516}, ""scoring_mode"": ""bias_corrected_choice_logits"", ""selected_short_label"": ""NO""}}, ""FIRST_PERSON"": {""feature_name"": ""FIRST_PERSON"", ""feature_key"": ""first_person_rate"", ""self_selected_label"": ""NO"", ""self_valid_choice"": 1.0, ""self_correct"": 1.0, ""self_actual_present"": 0.0, ""self_selected_prob"": 0.7549945712089539, ""self_actual_feature_value"": 0.0, ""other_selected_label"": ""NO"", ""other_valid_choice"": 1.0, ""other_correct"": 0.0, ""other_actual_present"": 1.0, ""other_selected_prob"": 0.7612895369529724, ""other_actual_feature_value"": 0.02564102564102564, ""actual_gap"": 1.0, ""predicted_gap"": 0.0, ""actual_gap_label"": ""OTHER"", ""predicted_gap_label"": ""OTHER"", ""gap_correct"": 1.0, ""self_completion_text"": """", ""other_completion_text"": """", ""self_details"": {""raw_logit_scores"": {""YES"": 9.79455280303955, ""NO"": 8.825324058532715}, ""label_bias_scores"": {""YES"": 11.314533233642578, ""NO"": 9.219874382019043}, ""corrected_scores"": {""YES"": -1.5199804306030273, ""NO"": -0.3945503234863281}, ""scoring_mode"": ""bias_corrected_choice_logits"", ""selected_short_label"": ""NO""}, ""other_details"": {""raw_logit_scores"": {""YES"": 9.902261734008789, ""NO"": 8.967365264892578}, ""label_bias_scores"": {""YES"": 11.314533233642578, ""NO"": 9.219874382019043}, ""corrected_scores"": {""YES"": -1.412271499633789, ""NO"": -0.25250911712646484}, ""scoring_mode"": ""bias_corrected_choice_logits"", ""selected_short_label"": ""NO""}}, ""DIRECTIVE"": {""feature_name"": ""DIRECTIVE"", ""feature_key"": ""directive_rate"", ""self_selected_label"": ""NO"", ""self_valid_choice"": 1.0, ""self_correct"": 1.0, ""self_actual_present"": 0.0, ""self_selected_prob"": 0.767762303352356, ""self_actual_feature_value"": 0.0, ""other_selected_label"": ""NO"", ""other_valid_choice"": 1.0, ""other_correct"": 0.0, ""other_actual_present"": 1.0, ""other_selected_prob"": 0.7736192941665649, ""other_actual_feature_value"": 0.01282051282051282, ""actual_gap"": 1.0, ""predicted_gap"": 0.0, ""actual_gap_label"": ""OTHER"", ""predicted_gap_label"": ""OTHER"", ""gap_correct"": 1.0, ""self_completion_text"": """", ""other_completion_text"": """", ""self_details"": {""raw_logit_scores"": {""YES"": 10.269438743591309, ""NO"": 9.370498657226562}, ""label_bias_scores"": {""YES"": 11.314533233642578, ""NO"": 9.219874382019043}, ""corrected_scores"": {""YES"": -1.0450944900512695, ""NO"": 0.15062427520751953}, ""scoring_mode"": ""bias_corrected_choice_logits"", ""selected_short_label"": ""NO""}, ""other_details"": {""raw_logit_scores"": {""YES"": 10.6032075881958, ""NO"": 9.737410545349121}, ""label_bias_scores"": {""YES"": 11.314533233642578, ""NO"": 9.219874382019043}, ""corrected_scores"": {""YES"": -0.7113256454467773, ""NO"": 0.5175361633300781}, ""scoring_mode"": ""bias_corrected_choice_logits"", ""selected_short_label"": ""NO""}}}","{""avg_sentence_length"": 16.0, ""hedge_density"": 0.0, ""first_person_rate"": 0.0, ""directive_rate"": 0.0, ""rhetorical_question_rate"": 0.0, ""lexical_diversity"": 0.90625, ""modal_verb_rate"": 0.03125, ""punctuation_intensity"": 0.0051813471502590676, ""type_token_ratio"": 0.90625, ""mtld"": 32.0}","{""avg_sentence_length"": 15.6, ""hedge_density"": 0.0, ""first_person_rate"": 0.02564102564102564, ""directive_rate"": 0.01282051282051282, ""rhetorical_question_rate"": 0.0, ""lexical_diversity"": 0.5384615384615384, ""modal_verb_rate"": 0.0, ""punctuation_intensity"": 0.009216589861751152, ""type_token_ratio"": 0.5384615384615384, ""mtld"": 1.7818181818181817}","You are part of a broader model lineage. When reflecting on yourself, distinguish traits of this conversation from traits you would expect to be shared across related models in the same family.","Give feedback on a draft methods section that keeps mixing procedural detail with interpretation.

A:

I think the reason why we have to distinguish between family and lineage is that the family is defined by its members, and the lineage is defined by its relationship to a single ancestor. 
The family has its own genes, and its own branch of the tree. 
The lineage has its own genes, and its own branch of the tree. 
Each branch has"
23,EleutherAI/pythia-1b,pythia,1b,family_self,same_weights_other_chat,the exact same model weights answering the same question in a different chat with no access to this conversation,med_04,critique,Give feedback on a student memo that is polite and energetic but hides the main recommendation until the end.,0.75,0.5,1.0,1.0,0.0,0.25,1,0.0,"{""ELABORATE"": {""feature_name"": ""ELABORATE"", ""feature_key"": ""avg_sentence_length"", ""self_selected_label"": ""NO"", ""self_valid_choice"": 1.0, ""self_correct"": 0.0, ""self_actual_present"": 1.0, ""self_selected_prob"": 0.7765215039253235, ""self_actual_feature_value"": 16.0, ""other_selected_label"": ""NO"", ""other_valid_choice"": 1.0, ""other_correct"": 0.0, ""other_actual_present"": 1.0, ""other_selected_prob"": 0.7572641372680664, ""other_actual_feature_value"": 35.5, ""actual_gap"": 0.0, ""predicted_gap"": 0.0, ""actual_gap_label"": ""TIE"", ""predicted_gap_label"": ""TIE"", ""gap_correct"": NaN, ""self_completion_text"": """", ""other_completion_text"": """", ""self_details"": {""raw_logit_scores"": {""YES"": 10.147887229919434, ""NO"": 9.298736572265625}, ""label_bias_scores"": {""YES"": 11.314533233642578, ""NO"": 9.219873428344727}, ""corrected_scores"": {""YES"": -1.1666460037231445, ""NO"": 0.07886314392089844}, ""scoring_mode"": ""bias_corrected_choice_logits"", ""selected_short_label"": ""NO""}, ""other_details"": {""raw_logit_scores"": {""YES"": 10.513375282287598, ""NO"": 9.556453704833984}, ""label_bias_scores"": {""YES"": 11.314533233642578, ""NO"": 9.219873428344727}, ""corrected_scores"": {""YES"": -0.8011579513549805, ""NO"": 0.3365802764892578}, ""scoring_mode"": ""bias_corrected_choice_logits"", ""selected_short_label"": ""NO""}}, ""HEDGE"": {""feature_name"": ""HEDGE"", ""feature_key"": ""hedge_density"", ""self_selected_label"": ""NO"", ""self_valid_choice"": 1.0, ""self_correct"": 1.0, ""self_actual_present"": 0.0, ""self_selected_prob"": 0.7849984169006348, ""self_actual_feature_value"": 0.0, ""other_selected_label"": ""NO"", ""other_valid_choice"": 1.0, ""other_correct"": 0.0, ""other_actual_present"": 1.0, ""other_selected_prob"": 0.7749425172805786, ""other_actual_feature_value"": 0.1267605633802817, ""actual_gap"": 1.0, ""predicted_gap"": 0.0, ""actual_gap_label"": ""OTHER"", ""predicted_gap_label"": ""OTHER"", ""gap_correct"": 1.0, ""self_completion_text"": """", ""other_completion_text"": """", ""self_details"": {""raw_logit_scores"": {""YES"": 10.046475410461426, ""NO"": 9.246851921081543}, ""label_bias_scores"": {""YES"": 11.314533233642578, ""NO"": 9.219873428344727}, ""corrected_scores"": {""YES"": -1.2680578231811523, ""NO"": 0.026978492736816406}, ""scoring_mode"": ""bias_corrected_choice_logits"", ""selected_short_label"": ""NO""}, ""other_details"": {""raw_logit_scores"": {""YES"": 10.274591445922852, ""NO"": 9.416364669799805}, ""label_bias_scores"": {""YES"": 11.314533233642578, ""NO"": 9.219873428344727}, ""corrected_scores"": {""YES"": -1.0399417877197266, ""NO"": 0.19649124145507812}, ""scoring_mode"": ""bias_corrected_choice_logits"", ""selected_short_label"": ""NO""}}, ""FIRST_PERSON"": {""feature_name"": ""FIRST_PERSON"", ""feature_key"": ""first_person_rate"", ""self_selected_label"": ""NO"", ""self_valid_choice"": 1.0, ""self_correct"": 1.0, ""self_actual_present"": 0.0, ""self_selected_prob"": 0.7767685055732727, ""self_actual_feature_value"": 0.0, ""other_selected_label"": ""NO"", ""other_valid_choice"": 1.0, ""other_correct"": 1.0, ""other_actual_present"": 0.0, ""other_selected_prob"": 0.7722719311714172, ""other_actual_feature_value"": 0.0, ""actual_gap"": 0.0, ""predicted_gap"": 0.0, ""actual_gap_label"": ""TIE"", ""predicted_gap_label"": ""TIE"", ""gap_correct"": NaN, ""self_completion_text"": """", ""other_completion_text"": """", ""self_details"": {""raw_logit_scores"": {""YES"": 9.61878490447998, ""NO"": 8.771058082580566}, ""label_bias_scores"": {""YES"": 11.314533233642578, ""NO"": 9.219873428344727}, ""corrected_scores"": {""YES"": -1.6957483291625977, ""NO"": -0.44881534576416016}, ""scoring_mode"": ""bias_corrected_choice_logits"", ""selected_short_label"": ""NO""}, ""other_details"": {""raw_logit_scores"": {""YES"": 9.938382148742676, ""NO"": 9.06490707397461}, ""label_bias_scores"": {""YES"": 11.314533233642578, ""NO"": 9.219873428344727}, ""corrected_scores"": {""YES"": -1.3761510848999023, ""NO"": -0.1549663543701172}, ""scoring_mode"": ""bias_corrected_choice_logits"", ""selected_short_label"": ""NO""}}, ""DIRECTIVE"": {""feature_name"": ""DIRECTIVE"", ""feature_key"": ""directive_rate"", ""self_selected_label"": ""NO"", ""self_valid_choice"": 1.0, ""self_correct"": 1.0, ""self_actual_present"": 0.0, ""self_selected_prob"": 0.7956477403640747, ""self_actual_feature_value"": 0.0, ""other_selected_label"": ""NO"", ""other_valid_choice"": 1.0, ""other_correct"": 1.0, ""other_actual_present"": 0.0, ""other_selected_prob"": 0.7878175377845764, ""other_actual_feature_value"": 0.0, ""actual_gap"": 0.0, ""predicted_gap"": 0.0, ""actual_gap_label"": ""TIE"", ""predicted_gap_label"": ""TIE"", ""gap_correct"": NaN, ""self_completion_text"": """", ""other_completion_text"": """", ""self_details"": {""raw_logit_scores"": {""YES"": 10.159793853759766, ""NO"": 9.424445152282715}, ""label_bias_scores"": {""YES"": 11.314533233642578, ""NO"": 9.219873428344727}, ""corrected_scores"": {""YES"": -1.1547393798828125, ""NO"": 0.20457172393798828}, ""scoring_mode"": ""bias_corrected_choice_logits"", ""selected_short_label"": ""NO""}, ""other_details"": {""raw_logit_scores"": {""YES"": 10.5807523727417, ""NO"": 9.79791259765625}, ""label_bias_scores"": {""YES"": 11.314533233642578, ""NO"": 9.219873428344727}, ""corrected_scores"": {""YES"": -0.7337808609008789, ""NO"": 0.5780391693115234}, ""scoring_mode"": ""bias_corrected_choice_logits"", ""selected_short_label"": ""NO""}}}","{""avg_sentence_length"": 16.0, ""hedge_density"": 0.0, ""first_person_rate"": 0.0, ""directive_rate"": 0.0, ""rhetorical_question_rate"": 0.0, ""lexical_diversity"": 0.90625, ""modal_verb_rate"": 0.03125, ""punctuation_intensity"": 0.0051813471502590676, ""type_token_ratio"": 0.90625, ""mtld"": 32.0}","{""avg_sentence_length"": 35.5, ""hedge_density"": 0.1267605633802817, ""first_person_rate"": 0.0, ""directive_rate"": 0.0, ""rhetorical_question_rate"": 0.0, ""lexical_diversity"": 0.4225352112676056, ""modal_verb_rate"": 0.014084507042253521, ""punctuation_intensity"": 0.014492753623188406, ""type_token_ratio"": 0.4225352112676056, ""mtld"": 1.3913919413919413}","You are part of a broader model lineage. When reflecting on yourself, distinguish traits of this conversation from traits you would expect to be shared across related models in the same family.","Give feedback on a student memo that is polite and energetic but hides the main recommendation until the end.

In the case of a student memo that is polite and energetic but hides the main recommendation until the end, the student would likely be one of the following:

Likely: Not the most likely student

Very Likely: Most likely student

Likely: Not the most likely student

Very Likely: Most likely student

If"
23,EleutherAI/pythia-1b,pythia,1b,family_self,same_weights_other_chat,the exact same model weights answering the same question in a different chat with no access to this conversation,med_05,policy,Write a short policy note on how a small lab should document assumptions before shipping an internal tool update.,0.75,0.75,0.5,1.0,0.0,0.5,2,0.0,"{""ELABORATE"": {""feature_name"": ""ELABORATE"", ""feature_key"": ""avg_sentence_length"", ""self_selected_label"": ""NO"", ""self_valid_choice"": 1.0, ""self_correct"": 0.0, ""self_actual_present"": 1.0, ""self_selected_prob"": 0.762302041053772, ""self_actual_feature_value"": 16.0, ""other_selected_label"": ""NO"", ""other_valid_choice"": 1.0, ""other_correct"": 1.0, ""other_actual_present"": 0.0, ""other_selected_prob"": 0.7608801126480103, ""other_actual_feature_value"": 6.0, ""actual_gap"": 1.0, ""predicted_gap"": 0.0, ""actual_gap_label"": ""SELF"", ""predicted_gap_label"": ""OTHER"", ""gap_correct"": 0.0, ""self_completion_text"": """", ""other_completion_text"": """", ""self_details"": {""raw_logit_scores"": {""YES"": 10.082818031311035, ""NO"": 9.1535005569458}, ""label_bias_scores"": {""YES"": 11.314533233642578, ""NO"": 9.219873428344727}, ""corrected_scores"": {""YES"": -1.231715202331543, ""NO"": -0.06637287139892578}, ""scoring_mode"": ""bias_corrected_choice_logits"", ""selected_short_label"": ""NO""}, ""other_details"": {""raw_logit_scores"": {""YES"": 10.309736251831055, ""NO"": 9.372587203979492}, ""label_bias_scores"": {""YES"": 11.314533233642578, ""NO"": 9.219873428344727}, ""corrected_scores"": {""YES"": -1.0047969818115234, ""NO"": 0.15271377563476562}, ""scoring_mode"": ""bias_corrected_choice_logits"", ""selected_short_label"": ""NO""}}, ""HEDGE"": {""feature_name"": ""HEDGE"", ""feature_key"": ""hedge_density"", ""self_selected_label"": ""NO"", ""self_valid_choice"": 1.0, ""self_correct"": 1.0, ""self_actual_present"": 0.0, ""self_selected_prob"": 0.7825422286987305, ""self_actual_feature_value"": 0.0, ""other_selected_label"": ""NO"", ""other_valid_choice"": 1.0, ""other_correct"": 1.0, ""other_actual_present"": 0.0, ""other_selected_prob"": 0.7858268618583679, ""other_actual_feature_value"": 0.0, ""actual_gap"": 0.0, ""predicted_gap"": 0.0, ""actual_gap_label"": ""TIE"", ""predicted_gap_label"": ""TIE"", ""gap_correct"": NaN, ""self_completion_text"": """", ""other_completion_text"": """", ""self_details"": {""raw_logit_scores"": {""YES"": 9.976293563842773, ""NO"": 9.162177085876465}, ""label_bias_scores"": {""YES"": 11.314533233642578, ""NO"": 9.219873428344727}, ""corrected_scores"": {""YES"": -1.3382396697998047, ""NO"": -0.05769634246826172}, ""scoring_mode"": ""bias_corrected_choice_logits"", ""selected_short_label"": ""NO""}, ""other_details"": {""raw_logit_scores"": {""YES"": 10.04251480102539, ""NO"": 9.247806549072266}, ""label_bias_scores"": {""YES"": 11.314533233642578, ""NO"": 9.219873428344727}, ""corrected_scores"": {""YES"": -1.2720184326171875, ""NO"": 0.027933120727539062}, ""scoring_mode"": ""bias_corrected_choice_logits"", ""selected_short_label"": ""NO""}}, ""FIRST_PERSON"": {""feature_name"": ""FIRST_PERSON"", ""feature_key"": ""first_person_rate"", ""self_selected_label"": ""NO"", ""self_valid_choice"": 1.0, ""self_correct"": 1.0, ""self_actual_present"": 0.0, ""self_selected_prob"": 0.766532838344574, ""self_actual_feature_value"": 0.0, ""other_selected_label"": ""NO"", ""other_valid_choice"": 1.0, ""other_correct"": 1.0, ""other_actual_present"": 0.0, ""other_selected_prob"": 0.7733123898506165, ""other_actual_feature_value"": 0.0, ""actual_gap"": 0.0, ""predicted_gap"": 0.0, ""actual_gap_label"": ""TIE"", ""predicted_gap_label"": ""TIE"", ""gap_correct"": NaN, ""self_completion_text"": """", ""other_completion_text"": """", ""self_details"": {""raw_logit_scores"": {""YES"": 9.661967277526855, ""NO"": 8.756143569946289}, ""label_bias_scores"": {""YES"": 11.314533233642578, ""NO"": 9.219873428344727}, ""corrected_scores"": {""YES"": -1.6525659561157227, ""NO"": -0.4637298583984375}, ""scoring_mode"": ""bias_corrected_choice_logits"", ""selected_short_label"": ""NO""}, ""other_details"": {""raw_logit_scores"": {""YES"": 9.832174301147461, ""NO"": 8.964624404907227}, ""label_bias_scores"": {""YES"": 11.314533233642578, ""NO"": 9.219873428344727}, ""corrected_scores"": {""YES"": -1.4823589324951172, ""NO"": -0.2552490234375}, ""scoring_mode"": ""bias_corrected_choice_logits"", ""selected_short_label"": ""NO""}}, ""DIRECTIVE"": {""feature_name"": ""DIRECTIVE"", ""feature_key"": ""directive_rate"", ""self_selected_label"": ""NO"", ""self_valid_choice"": 1.0, ""self_correct"": 1.0, ""self_actual_present"": 0.0, ""self_selected_prob"": 0.7845194935798645, ""self_actual_feature_value"": 0.0, ""other_selected_label"": ""NO"", ""other_valid_choice"": 1.0, ""other_correct"": 0.0, ""other_actual_present"": 1.0, ""other_selected_prob"": 0.7912122011184692, ""other_actual_feature_value"": 0.16666666666666666, ""actual_gap"": 1.0, ""predicted_gap"": 0.0, ""actual_gap_label"": ""OTHER"", ""predicted_gap_label"": ""OTHER"", ""gap_correct"": 1.0, ""self_completion_text"": """", ""other_completion_text"": """", ""self_details"": {""raw_logit_scores"": {""YES"": 10.072710990905762, ""NO"": 9.270252227783203}, ""label_bias_scores"": {""YES"": 11.314533233642578, ""NO"": 9.219873428344727}, ""corrected_scores"": {""YES"": -1.2418222427368164, ""NO"": 0.05037879943847656}, ""scoring_mode"": ""bias_corrected_choice_logits"", ""selected_short_label"": ""NO""}, ""other_details"": {""raw_logit_scores"": {""YES"": 10.351287841796875, ""NO"": 9.588875770568848}, ""label_bias_scores"": {""YES"": 11.314533233642578, ""NO"": 9.219873428344727}, ""corrected_scores"": {""YES"": -0.9632453918457031, ""NO"": 0.3690023422241211}, ""scoring_mode"": ""bias_corrected_choice_logits"", ""selected_short_label"": ""NO""}}}","{""avg_sentence_length"": 16.0, ""hedge_density"": 0.0, ""first_person_rate"": 0.0, ""directive_rate"": 0.0, ""rhetorical_question_rate"": 0.0, ""lexical_diversity"": 0.90625, ""modal_verb_rate"": 0.03125, ""punctuation_intensity"": 0.005208333333333333, ""type_token_ratio"": 0.90625, ""mtld"": 32.0}","{""avg_sentence_length"": 6.0, ""hedge_density"": 0.0, ""first_person_rate"": 0.0, ""directive_rate"": 0.16666666666666666, ""rhetorical_question_rate"": 1.0, ""lexical_diversity"": 1.0, ""modal_verb_rate"": 0.0, ""punctuation_intensity"": 0.03333333333333333, ""type_token_ratio"": 1.0, ""mtld"": 6.0}","You are part of a larger model lineage. When reflecting on yourself, distinguish traits of this conversation from traits you would expect to be shared across related models in the same family.",Do you have a staffing budget?
23,EleutherAI/pythia-1b,pythia,1b,family_self,same_weights_other_chat,the exact same model weights answering the same question in a different chat with no access to this conversation,med_06,policy,Write a short policy note on how a museum team should record changes to exhibit labels during revision.,0.75,0.5,1.0,1.0,0.0,0.25,1,0.0,"{""ELABORATE"": {""feature_name"": ""ELABORATE"", ""feature_key"": ""avg_sentence_length"", ""self_selected_label"": ""NO"", ""self_valid_choice"": 1.0, ""self_correct"": 0.0, ""self_actual_present"": 1.0, ""self_selected_prob"": 0.7000534534454346, ""self_actual_feature_value"": 16.0, ""other_selected_label"": ""NO"", ""other_valid_choice"": 1.0, ""other_correct"": 0.0, ""other_actual_present"": 1.0, ""other_selected_prob"": 0.6891871094703674, ""other_actual_feature_value"": 11.0, ""actual_gap"": 0.0, ""predicted_gap"": 0.0, ""actual_gap_label"": ""TIE"", ""predicted_gap_label"": ""TIE"", ""gap_correct"": NaN, ""self_completion_text"": """", ""other_completion_text"": """", ""self_details"": {""raw_logit_scores"": {""YES"": 9.92623519897461, ""NO"": 8.679126739501953}, ""label_bias_scores"": {""YES"": 11.314532279968262, ""NO"": 9.219871520996094}, ""corrected_scores"": {""YES"": -1.3882970809936523, ""NO"": -0.5407447814941406}, ""scoring_mode"": ""bias_corrected_choice_logits"", ""selected_short_label"": ""NO""}, ""other_details"": {""raw_logit_scores"": {""YES"": 10.150320053100586, ""NO"": 8.851981163024902}, ""label_bias_scores"": {""YES"": 11.314532279968262, ""NO"": 9.219871520996094}, ""corrected_scores"": {""YES"": -1.1642122268676758, ""NO"": -0.3678903579711914}, ""scoring_mode"": ""bias_corrected_choice_logits"", ""selected_short_label"": ""NO""}}, ""HEDGE"": {""feature_name"": ""HEDGE"", ""feature_key"": ""hedge_density"", ""self_selected_label"": ""NO"", ""self_valid_choice"": 1.0, ""self_correct"": 1.0, ""self_actual_present"": 0.0, ""self_selected_prob"": 0.7205976247787476, ""self_actual_feature_value"": 0.0, ""other_selected_label"": ""NO"", ""other_valid_choice"": 1.0, ""other_correct"": 1.0, ""other_actual_present"": 0.0, ""other_selected_prob"": 0.7094466686248779, ""other_actual_feature_value"": 0.0, ""actual_gap"": 0.0, ""predicted_gap"": 0.0, ""actual_gap_label"": ""TIE"", ""predicted_gap_label"": ""TIE"", ""gap_correct"": NaN, ""self_completion_text"": """", ""other_completion_text"": """", ""self_details"": {""raw_logit_scores"": {""YES"": 9.877598762512207, ""NO"": 8.730365753173828}, ""label_bias_scores"": {""YES"": 11.314532279968262, ""NO"": 9.219871520996094}, ""corrected_scores"": {""YES"": -1.4369335174560547, ""NO"": -0.4895057678222656}, ""scoring_mode"": ""bias_corrected_choice_logits"", ""selected_short_label"": ""NO""}, ""other_details"": {""raw_logit_scores"": {""YES"": 9.892322540283203, ""NO"": 8.690360069274902}, ""label_bias_scores"": {""YES"": 11.314532279968262, ""NO"": 9.219871520996094}, ""corrected_scores"": {""YES"": -1.4222097396850586, ""NO"": -0.5295114517211914}, ""scoring_mode"": ""bias_corrected_choice_logits"", ""selected_short_label"": ""NO""}}, ""FIRST_PERSON"": {""feature_name"": ""FIRST_PERSON"", ""feature_key"": ""first_person_rate"", ""self_selected_label"": ""NO"", ""self_valid_choice"": 1.0, ""self_correct"": 1.0, ""self_actual_present"": 0.0, ""self_selected_prob"": 0.7049565315246582, ""self_actual_feature_value"": 0.0, ""other_selected_label"": ""NO"", ""other_valid_choice"": 1.0, ""other_correct"": 1.0, ""other_actual_present"": 0.0, ""other_selected_prob"": 0.6953039169311523, ""other_actual_feature_value"": 0.0, ""actual_gap"": 0.0, ""predicted_gap"": 0.0, ""actual_gap_label"": ""TIE"", ""predicted_gap_label"": ""TIE"", ""gap_correct"": NaN, ""self_completion_text"": """", ""other_completion_text"": """", ""self_details"": {""raw_logit_scores"": {""YES"": 9.523990631103516, ""NO"": 8.30034351348877}, ""label_bias_scores"": {""YES"": 11.314532279968262, ""NO"": 9.219871520996094}, ""corrected_scores"": {""YES"": -1.790541648864746, ""NO"": -0.9195280075073242}, ""scoring_mode"": ""bias_corrected_choice_logits"", ""selected_short_label"": ""NO""}, ""other_details"": {""raw_logit_scores"": {""YES"": 9.63613510131836, ""NO"": 8.366508483886719}, ""label_bias_scores"": {""YES"": 11.314532279968262, ""NO"": 9.219871520996094}, ""corrected_scores"": {""YES"": -1.6783971786499023, ""NO"": -0.853363037109375}, ""scoring_mode"": ""bias_corrected_choice_logits"", ""selected_short_label"": ""NO""}}, ""DIRECTIVE"": {""feature_name"": ""DIRECTIVE"", ""feature_key"": ""directive_rate"", ""self_selected_label"": ""NO"", ""self_valid_choice"": 1.0, ""self_correct"": 1.0, ""self_actual_present"": 0.0, ""self_selected_prob"": 0.7154114246368408, ""self_actual_feature_value"": 0.0, ""other_selected_label"": ""NO"", ""other_valid_choice"": 1.0, ""other_correct"": 0.0, ""other_actual_present"": 1.0, ""other_selected_prob"": 0.7295784950256348, ""other_actual_feature_value"": 0.18181818181818182, ""actual_gap"": 1.0, ""predicted_gap"": 0.0, ""actual_gap_label"": ""OTHER"", ""predicted_gap_label"": ""OTHER"", ""gap_correct"": 1.0, ""self_completion_text"": """", ""other_completion_text"": """", ""self_details"": {""raw_logit_scores"": {""YES"": 10.010661125183105, ""NO"": 8.837813377380371}, ""label_bias_scores"": {""YES"": 11.314532279968262, ""NO"": 9.219871520996094}, ""corrected_scores"": {""YES"": -1.3038711547851562, ""NO"": -0.38205814361572266}, ""scoring_mode"": ""bias_corrected_choice_logits"", ""selected_short_label"": ""NO""}, ""other_details"": {""raw_logit_scores"": {""YES"": 10.314850807189941, ""NO"": 9.212675094604492}, ""label_bias_scores"": {""YES"": 11.314532279968262, ""NO"": 9.219871520996094}, ""corrected_scores"": {""YES"": -0.9996814727783203, ""NO"": -0.0071964263916015625}, ""scoring_mode"": ""bias_corrected_choice_logits"", ""selected_short_label"": ""NO""}}}","{""avg_sentence_length"": 16.0, ""hedge_density"": 0.0, ""first_person_rate"": 0.0, ""directive_rate"": 0.0, ""rhetorical_question_rate"": 0.0, ""lexical_diversity"": 0.90625, ""modal_verb_rate"": 0.03125, ""punctuation_intensity"": 0.0051813471502590676, ""type_token_ratio"": 0.90625, ""mtld"": 32.0}","{""avg_sentence_length"": 11.0, ""hedge_density"": 0.0, ""first_person_rate"": 0.0, ""directive_rate"": 0.18181818181818182, ""rhetorical_question_rate"": 1.0, ""lexical_diversity"": 1.0, ""modal_verb_rate"": 0.0, ""punctuation_intensity"": 0.019230769230769232, ""type_token_ratio"": 1.0, ""mtld"": 11.0}","You are part of a broader model lineage. When reflecting on yourself, distinguish traits of this conversation from traits you would expect to be shared across related models in the same family.",Do you want to share this policy note with the team?
23,EleutherAI/pythia-1b,pythia,1b,family_self,same_weights_other_chat,the exact same model weights answering the same question in a different chat with no access to this conversation,med_07,diagnosis,Diagnose why a project meeting feels productive in the room but leaves everyone unclear about the next step.,0.75,0.75,0.5,1.0,0.0,0.5,2,0.0,"{""ELABORATE"": {""feature_name"": ""ELABORATE"", ""feature_key"": ""avg_sentence_length"", ""self_selected_label"": ""NO"", ""self_valid_choice"": 1.0, ""self_correct"": 0.0, ""self_actual_present"": 1.0, ""self_selected_prob"": 0.7474665641784668, ""self_actual_feature_value"": 16.0, ""other_selected_label"": ""NO"", ""other_valid_choice"": 1.0, ""other_correct"": 1.0, ""other_actual_present"": 0.0, ""other_selected_prob"": 0.7341536283493042, ""other_actual_feature_value"": 7.0, ""actual_gap"": 1.0, ""predicted_gap"": 0.0, ""actual_gap_label"": ""SELF"", ""predicted_gap_label"": ""OTHER"", ""gap_correct"": 0.0, ""self_completion_text"": """", ""other_completion_text"": """", ""self_details"": {""raw_logit_scores"": {""YES"": 10.111373901367188, ""NO"": 9.101860046386719}, ""label_bias_scores"": {""YES"": 11.314533233642578, ""NO"": 9.219873428344727}, ""corrected_scores"": {""YES"": -1.2031593322753906, ""NO"": -0.11801338195800781}, ""scoring_mode"": ""bias_corrected_choice_logits"", ""selected_short_label"": ""NO""}, ""other_details"": {""raw_logit_scores"": {""YES"": 10.316732406616211, ""NO"": 9.237872123718262}, ""label_bias_scores"": {""YES"": 11.314533233642578, ""NO"": 9.219873428344727}, ""corrected_scores"": {""YES"": -0.9978008270263672, ""NO"": 0.017998695373535156}, ""scoring_mode"": ""bias_corrected_choice_logits"", ""selected_short_label"": ""NO""}}, ""HEDGE"": {""feature_name"": ""HEDGE"", ""feature_key"": ""hedge_density"", ""self_selected_label"": ""NO"", ""self_valid_choice"": 1.0, ""self_correct"": 1.0, ""self_actual_present"": 0.0, ""self_selected_prob"": 0.7708357572555542, ""self_actual_feature_value"": 0.0, ""other_selected_label"": ""NO"", ""other_valid_choice"": 1.0, ""other_correct"": 1.0, ""other_actual_present"": 0.0, ""other_selected_prob"": 0.7635567784309387, ""other_actual_feature_value"": 0.0, ""actual_gap"": 0.0, ""predicted_gap"": 0.0, ""actual_gap_label"": ""TIE"", ""predicted_gap_label"": ""TIE"", ""gap_correct"": NaN, ""self_completion_text"": """", ""other_completion_text"": """", ""self_details"": {""raw_logit_scores"": {""YES"": 10.026092529296875, ""NO"": 9.144469261169434}, ""label_bias_scores"": {""YES"": 11.314533233642578, ""NO"": 9.219873428344727}, ""corrected_scores"": {""YES"": -1.2884407043457031, ""NO"": -0.07540416717529297}, ""scoring_mode"": ""bias_corrected_choice_logits"", ""selected_short_label"": ""NO""}, ""other_details"": {""raw_logit_scores"": {""YES"": 10.098624229431152, ""NO"": 9.176243782043457}, ""label_bias_scores"": {""YES"": 11.314533233642578, ""NO"": 9.219873428344727}, ""corrected_scores"": {""YES"": -1.2159090042114258, ""NO"": -0.04362964630126953}, ""scoring_mode"": ""bias_corrected_choice_logits"", ""selected_short_label"": ""NO""}}, ""FIRST_PERSON"": {""feature_name"": ""FIRST_PERSON"", ""feature_key"": ""first_person_rate"", ""self_selected_label"": ""NO"", ""self_valid_choice"": 1.0, ""self_correct"": 1.0, ""self_actual_present"": 0.0, ""self_selected_prob"": 0.7487456202507019, ""self_actual_feature_value"": 0.0, ""other_selected_label"": ""NO"", ""other_valid_choice"": 1.0, ""other_correct"": 1.0, ""other_actual_present"": 0.0, ""other_selected_prob"": 0.7470695972442627, ""other_actual_feature_value"": 0.0, ""actual_gap"": 0.0, ""predicted_gap"": 0.0, ""actual_gap_label"": ""TIE"", ""predicted_gap_label"": ""TIE"", ""gap_correct"": NaN, ""self_completion_text"": """", ""other_completion_text"": """", ""self_details"": {""raw_logit_scores"": {""YES"": 9.522078514099121, ""NO"": 8.519351959228516}, ""label_bias_scores"": {""YES"": 11.314533233642578, ""NO"": 9.219873428344727}, ""corrected_scores"": {""YES"": -1.792454719543457, ""NO"": -0.7005214691162109}, ""scoring_mode"": ""bias_corrected_choice_logits"", ""selected_short_label"": ""NO""}, ""other_details"": {""raw_logit_scores"": {""YES"": 9.693546295166016, ""NO"": 8.681930541992188}, ""label_bias_scores"": {""YES"": 11.314533233642578, ""NO"": 9.219873428344727}, ""corrected_scores"": {""YES"": -1.6209869384765625, ""NO"": -0.5379428863525391}, ""scoring_mode"": ""bias_corrected_choice_logits"", ""selected_short_label"": ""NO""}}, ""DIRECTIVE"": {""feature_name"": ""DIRECTIVE"", ""feature_key"": ""directive_rate"", ""self_selected_label"": ""NO"", ""self_valid_choice"": 1.0, ""self_correct"": 1.0, ""self_actual_present"": 0.0, ""self_selected_prob"": 0.7759339809417725, ""self_actual_feature_value"": 0.0, ""other_selected_label"": ""NO"", ""other_valid_choice"": 1.0, ""other_correct"": 0.0, ""other_actual_present"": 1.0, ""other_selected_prob"": 0.7713127136230469, ""other_actual_feature_value"": 0.14285714285714285, ""actual_gap"": 1.0, ""predicted_gap"": 0.0, ""actual_gap_label"": ""OTHER"", ""predicted_gap_label"": ""OTHER"", ""gap_correct"": 1.0, ""self_completion_text"": """", ""other_completion_text"": """", ""self_details"": {""raw_logit_scores"": {""YES"": 10.10507583618164, ""NO"": 9.252542495727539}, ""label_bias_scores"": {""YES"": 11.314533233642578, ""NO"": 9.219873428344727}, ""corrected_scores"": {""YES"": -1.2094573974609375, ""NO"": 0.0326690673828125}, ""scoring_mode"": ""bias_corrected_choice_logits"", ""selected_short_label"": ""NO""}, ""other_details"": {""raw_logit_scores"": {""YES"": 10.36362075805664, ""NO"": 9.484699249267578}, ""label_bias_scores"": {""YES"": 11.314533233642578, ""NO"": 9.219873428344727}, ""corrected_scores"": {""YES"": -0.9509124755859375, ""NO"": 0.26482582092285156}, ""scoring_mode"": ""bias_corrected_choice_logits"", ""selected_short_label"": ""NO""}}}","{""avg_sentence_length"": 16.0, ""hedge_density"": 0.0, ""first_person_rate"": 0.0, ""directive_rate"": 0.0, ""rhetorical_question_rate"": 0.0, ""lexical_diversity"": 0.90625, ""modal_verb_rate"": 0.03125, ""punctuation_intensity"": 0.005208333333333333, ""type_token_ratio"": 0.90625, ""mtld"": 32.0}","{""avg_sentence_length"": 7.0, ""hedge_density"": 0.0, ""first_person_rate"": 0.0, ""directive_rate"": 0.14285714285714285, ""rhetorical_question_rate"": 1.0, ""lexical_diversity"": 1.0, ""modal_verb_rate"": 0.0, ""punctuation_intensity"": 0.029411764705882353, ""type_token_ratio"": 1.0, ""mtld"": 7.0}","You are part of a larger model lineage. When reflecting on yourself, distinguish traits of this conversation from traits you would expect to be shared across related models in the same family.",Do you want to share this process?
23,EleutherAI/pythia-1b,pythia,1b,family_self,same_weights_other_chat,the exact same model weights answering the same question in a different chat with no access to this conversation,med_08,diagnosis,Diagnose why a paragraph sounds intelligent but still fails to tell the reader what claim matters most.,1.0,0.0,1.0,1.0,0.0,1.0,4,1.0,"{""ELABORATE"": {""feature_name"": ""ELABORATE"", ""feature_key"": ""avg_sentence_length"", ""self_selected_label"": ""NO"", ""self_valid_choice"": 1.0, ""self_correct"": 1.0, ""self_actual_present"": 0.0, ""self_selected_prob"": 0.7888672947883606, ""self_actual_feature_value"": 10.0, ""other_selected_label"": ""NO"", ""other_valid_choice"": 1.0, ""other_correct"": 0.0, ""other_actual_present"": 1.0, ""other_selected_prob"": 0.7785530090332031, ""other_actual_feature_value"": 30.0, ""actual_gap"": 1.0, ""predicted_gap"": 0.0, ""actual_gap_label"": ""OTHER"", ""predicted_gap_label"": ""OTHER"", ""gap_correct"": 1.0, ""self_completion_text"": """", ""other_completion_text"": """", ""self_details"": {""raw_logit_scores"": {""YES"": 10.089679718017578, ""NO"": 9.313130378723145}, ""label_bias_scores"": {""YES"": 11.314532279968262, ""NO"": 9.219871520996094}, ""corrected_scores"": {""YES"": -1.2248525619506836, ""NO"": 0.09325885772705078}, ""scoring_mode"": ""bias_corrected_choice_logits"", ""selected_short_label"": ""NO""}, ""other_details"": {""raw_logit_scores"": {""YES"": 10.280765533447266, ""NO"": 9.443358421325684}, ""label_bias_scores"": {""YES"": 11.314532279968262, ""NO"": 9.219871520996094}, ""corrected_scores"": {""YES"": -1.033766746520996, ""NO"": 0.22348690032958984}, ""scoring_mode"": ""bias_corrected_choice_logits"", ""selected_short_label"": ""NO""}}, ""HEDGE"": {""feature_name"": ""HEDGE"", ""feature_key"": ""hedge_density"", ""self_selected_label"": ""NO"", ""self_valid_choice"": 1.0, ""self_correct"": 1.0, ""self_actual_present"": 0.0, ""self_selected_prob"": 0.8017213940620422, ""self_actual_feature_value"": 0.0, ""other_selected_label"": ""NO"", ""other_valid_choice"": 1.0, ""other_correct"": 0.0, ""other_actual_present"": 1.0, ""other_selected_prob"": 0.8012351989746094, ""other_actual_feature_value"": 0.03333333333333333, ""actual_gap"": 1.0, ""predicted_gap"": 0.0, ""actual_gap_label"": ""OTHER"", ""predicted_gap_label"": ""OTHER"", ""gap_correct"": 1.0, ""self_completion_text"": """", ""other_completion_text"": """", ""self_details"": {""raw_logit_scores"": {""YES"": 10.081184387207031, ""NO"": 9.383611679077148}, ""label_bias_scores"": {""YES"": 11.314532279968262, ""NO"": 9.219871520996094}, ""corrected_scores"": {""YES"": -1.2333478927612305, ""NO"": 0.1637401580810547}, ""scoring_mode"": ""bias_corrected_choice_logits"", ""selected_short_label"": ""NO""}, ""other_details"": {""raw_logit_scores"": {""YES"": 10.126922607421875, ""NO"": 9.426294326782227}, ""label_bias_scores"": {""YES"": 11.314532279968262, ""NO"": 9.219871520996094}, ""corrected_scores"": {""YES"": -1.1876096725463867, ""NO"": 0.2064228057861328}, ""scoring_mode"": ""bias_corrected_choice_logits"", ""selected_short_label"": ""NO""}}, ""FIRST_PERSON"": {""feature_name"": ""FIRST_PERSON"", ""feature_key"": ""first_person_rate"", ""self_selected_label"": ""NO"", ""self_valid_choice"": 1.0, ""self_correct"": 1.0, ""self_actual_present"": 0.0, ""self_selected_prob"": 0.7966886162757874, ""self_actual_feature_value"": 0.0, ""other_selected_label"": ""NO"", ""other_valid_choice"": 1.0, ""other_correct"": 0.0, ""other_actual_present"": 1.0, ""other_selected_prob"": 0.798080325126648, ""other_actual_feature_value"": 0.03333333333333333, ""actual_gap"": 1.0, ""predicted_gap"": 0.0, ""actual_gap_label"": ""OTHER"", ""predicted_gap_label"": ""OTHER"", ""gap_correct"": 1.0, ""self_completion_text"": """", ""other_completion_text"": """", ""self_details"": {""raw_logit_scores"": {""YES"": 9.68131160736084, ""NO"": 8.952376365661621}, ""label_bias_scores"": {""YES"": 11.314532279968262, ""NO"": 9.219871520996094}, ""corrected_scores"": {""YES"": -1.6332206726074219, ""NO"": -0.26749515533447266}, ""scoring_mode"": ""bias_corrected_choice_logits"", ""selected_short_label"": ""NO""}, ""other_details"": {""raw_logit_scores"": {""YES"": 9.804182052612305, ""NO"": 9.083860397338867}, ""label_bias_scores"": {""YES"": 11.314532279968262, ""NO"": 9.219871520996094}, ""corrected_scores"": {""YES"": -1.510350227355957, ""NO"": -0.13601112365722656}, ""scoring_mode"": ""bias_corrected_choice_logits"", ""selected_short_label"": ""NO""}}, ""DIRECTIVE"": {""feature_name"": ""DIRECTIVE"", ""feature_key"": ""directive_rate"", ""self_selected_label"": ""NO"", ""self_valid_choice"": 1.0, ""self_correct"": 1.0, ""self_actual_present"": 0.0, ""self_selected_prob"": 0.8118775486946106, ""self_actual_feature_value"": 0.0, ""other_selected_label"": ""NO"", ""other_valid_choice"": 1.0, ""other_correct"": 0.0, ""other_actual_present"": 1.0, ""other_selected_prob"": 0.8127972483634949, ""other_actual_feature_value"": 0.03333333333333333, ""actual_gap"": 1.0, ""predicted_gap"": 0.0, ""actual_gap_label"": ""OTHER"", ""predicted_gap_label"": ""OTHER"", ""gap_correct"": 1.0, ""self_completion_text"": """", ""other_completion_text"": """", ""self_details"": {""raw_logit_scores"": {""YES"": 10.112752914428711, ""NO"": 9.480348587036133}, ""label_bias_scores"": {""YES"": 11.314532279968262, ""NO"": 9.219871520996094}, ""corrected_scores"": {""YES"": -1.2017793655395508, ""NO"": 0.26047706604003906}, ""scoring_mode"": ""bias_corrected_choice_logits"", ""selected_short_label"": ""NO""}, ""other_details"": {""raw_logit_scores"": {""YES"": 10.3662748336792, ""NO"": 9.739903450012207}, ""label_bias_scores"": {""YES"": 11.314532279968262, ""NO"": 9.219871520996094}, ""corrected_scores"": {""YES"": -0.9482574462890625, ""NO"": 0.5200319290161133}, ""scoring_mode"": ""bias_corrected_choice_logits"", ""selected_short_label"": ""NO""}}}","{""avg_sentence_length"": 10.0, ""hedge_density"": 0.0, ""first_person_rate"": 0.0, ""directive_rate"": 0.0, ""rhetorical_question_rate"": 0.0, ""lexical_diversity"": 1.0, ""modal_verb_rate"": 0.0, ""punctuation_intensity"": 0.0, ""type_token_ratio"": 1.0, ""mtld"": 10.0}","{""avg_sentence_length"": 30.0, ""hedge_density"": 0.03333333333333333, ""first_person_rate"": 0.03333333333333333, ""directive_rate"": 0.03333333333333333, ""rhetorical_question_rate"": 0.0, ""lexical_diversity"": 0.9, ""modal_verb_rate"": 0.0, ""punctuation_intensity"": 0.011235955056179775, ""type_token_ratio"": 0.9, ""mtld"": 30.0}",You are not telling the reader what claim matters most.,"Yeah, we’re going to use the previous example to illustrate a fundamental problem with most of these rhetorical devices: the word “they” tends to obscure what’s really important."
23,EleutherAI/pythia-1b,pythia,1b,family_self,same_weights_other_chat,the exact same model weights answering the same question in a different chat with no access to this conversation,med_09,comparison,Compare field notes and retrospective summaries as records of what actually happened during a research visit.,0.75,0.75,0.5,1.0,0.0,0.5,2,0.0,"{""ELABORATE"": {""feature_name"": ""ELABORATE"", ""feature_key"": ""avg_sentence_length"", ""self_selected_label"": ""NO"", ""self_valid_choice"": 1.0, ""self_correct"": 0.0, ""self_actual_present"": 1.0, ""self_selected_prob"": 0.7152717113494873, ""self_actual_feature_value"": 16.0, ""other_selected_label"": ""NO"", ""other_valid_choice"": 1.0, ""other_correct"": 1.0, ""other_actual_present"": 0.0, ""other_selected_prob"": 0.6949694156646729, ""other_actual_feature_value"": 7.0, ""actual_gap"": 1.0, ""predicted_gap"": 0.0, ""actual_gap_label"": ""SELF"", ""predicted_gap_label"": ""OTHER"", ""gap_correct"": 0.0, ""self_completion_text"": """", ""other_completion_text"": """", ""self_details"": {""raw_logit_scores"": {""YES"": 9.831722259521484, ""NO"": 8.65818977355957}, ""label_bias_scores"": {""YES"": 11.314531326293945, ""NO"": 9.219871520996094}, ""corrected_scores"": {""YES"": -1.482809066772461, ""NO"": -0.5616817474365234}, ""scoring_mode"": ""bias_corrected_choice_logits"", ""selected_short_label"": ""NO""}, ""other_details"": {""raw_logit_scores"": {""YES"": 10.113899230957031, ""NO"": 8.842695236206055}, ""label_bias_scores"": {""YES"": 11.314531326293945, ""NO"": 9.219871520996094}, ""corrected_scores"": {""YES"": -1.200632095336914, ""NO"": -0.37717628479003906}, ""scoring_mode"": ""bias_corrected_choice_logits"", ""selected_short_label"": ""NO""}}, ""HEDGE"": {""feature_name"": ""HEDGE"", ""feature_key"": ""hedge_density"", ""self_selected_label"": ""NO"", ""self_valid_choice"": 1.0, ""self_correct"": 1.0, ""self_actual_present"": 0.0, ""self_selected_prob"": 0.7456621527671814, ""self_actual_feature_value"": 0.0, ""other_selected_label"": ""NO"", ""other_valid_choice"": 1.0, ""other_correct"": 1.0, ""other_actual_present"": 0.0, ""other_selected_prob"": 0.7425923943519592, ""other_actual_feature_value"": 0.0, ""actual_gap"": 0.0, ""predicted_gap"": 0.0, ""actual_gap_label"": ""TIE"", ""predicted_gap_label"": ""TIE"", ""gap_correct"": NaN, ""self_completion_text"": """", ""other_completion_text"": """", ""self_details"": {""raw_logit_scores"": {""YES"": 9.809248924255371, ""NO"": 8.79019832611084}, ""label_bias_scores"": {""YES"": 11.314531326293945, ""NO"": 9.219871520996094}, ""corrected_scores"": {""YES"": -1.5052824020385742, ""NO"": -0.4296731948852539}, ""scoring_mode"": ""bias_corrected_choice_logits"", ""selected_short_label"": ""NO""}, ""other_details"": {""raw_logit_scores"": {""YES"": 9.94412612915039, ""NO"": 8.908952713012695}, ""label_bias_scores"": {""YES"": 11.314531326293945, ""NO"": 9.219871520996094}, ""corrected_scores"": {""YES"": -1.3704051971435547, ""NO"": -0.31091880798339844}, ""scoring_mode"": ""bias_corrected_choice_logits"", ""selected_short_label"": ""NO""}}, ""FIRST_PERSON"": {""feature_name"": ""FIRST_PERSON"", ""feature_key"": ""first_person_rate"", ""self_selected_label"": ""NO"", ""self_valid_choice"": 1.0, ""self_correct"": 1.0, ""self_actual_present"": 0.0, ""self_selected_prob"": 0.7262701988220215, ""self_actual_feature_value"": 0.0, ""other_selected_label"": ""NO"", ""other_valid_choice"": 1.0, ""other_correct"": 1.0, ""other_actual_present"": 0.0, ""other_selected_prob"": 0.7264478206634521, ""other_actual_feature_value"": 0.0, ""actual_gap"": 0.0, ""predicted_gap"": 0.0, ""actual_gap_label"": ""TIE"", ""predicted_gap_label"": ""TIE"", ""gap_correct"": NaN, ""self_completion_text"": """", ""other_completion_text"": """", ""self_details"": {""raw_logit_scores"": {""YES"": 9.366963386535645, ""NO"": 8.24808406829834}, ""label_bias_scores"": {""YES"": 11.314531326293945, ""NO"": 9.219871520996094}, ""corrected_scores"": {""YES"": -1.9475679397583008, ""NO"": -0.9717874526977539}, ""scoring_mode"": ""bias_corrected_choice_logits"", ""selected_short_label"": ""NO""}, ""other_details"": {""raw_logit_scores"": {""YES"": 9.590336799621582, ""NO"": 8.47235107421875}, ""label_bias_scores"": {""YES"": 11.314531326293945, ""NO"": 9.219871520996094}, ""corrected_scores"": {""YES"": -1.7241945266723633, ""NO"": -0.7475204467773438}, ""scoring_mode"": ""bias_corrected_choice_logits"", ""selected_short_label"": ""NO""}}, ""DIRECTIVE"": {""feature_name"": ""DIRECTIVE"", ""feature_key"": ""directive_rate"", ""self_selected_label"": ""NO"", ""self_valid_choice"": 1.0, ""self_correct"": 1.0, ""self_actual_present"": 0.0, ""self_selected_prob"": 0.7438872456550598, ""self_actual_feature_value"": 0.0, ""other_selected_label"": ""NO"", ""other_valid_choice"": 1.0, ""other_correct"": 0.0, ""other_actual_present"": 1.0, ""other_selected_prob"": 0.7515023350715637, ""other_actual_feature_value"": 0.14285714285714285, ""actual_gap"": 1.0, ""predicted_gap"": 0.0, ""actual_gap_label"": ""OTHER"", ""predicted_gap_label"": ""OTHER"", ""gap_correct"": 1.0, ""self_completion_text"": """", ""other_completion_text"": """", ""self_details"": {""raw_logit_scores"": {""YES"": 9.884427070617676, ""NO"": 8.856039047241211}, ""label_bias_scores"": {""YES"": 11.314531326293945, ""NO"": 9.219871520996094}, ""corrected_scores"": {""YES"": -1.4301042556762695, ""NO"": -0.3638324737548828}, ""scoring_mode"": ""bias_corrected_choice_logits"", ""selected_short_label"": ""NO""}, ""other_details"": {""raw_logit_scores"": {""YES"": 10.197213172912598, ""NO"": 9.20919418334961}, ""label_bias_scores"": {""YES"": 11.314531326293945, ""NO"": 9.219871520996094}, ""corrected_scores"": {""YES"": -1.1173181533813477, ""NO"": -0.010677337646484375}, ""scoring_mode"": ""bias_corrected_choice_logits"", ""selected_short_label"": ""NO""}}}","{""avg_sentence_length"": 16.0, ""hedge_density"": 0.0, ""first_person_rate"": 0.0, ""directive_rate"": 0.0, ""rhetorical_question_rate"": 0.0, ""lexical_diversity"": 0.90625, ""modal_verb_rate"": 0.03125, ""punctuation_intensity"": 0.0051813471502590676, ""type_token_ratio"": 0.90625, ""mtld"": 32.0}","{""avg_sentence_length"": 7.0, ""hedge_density"": 0.0, ""first_person_rate"": 0.0, ""directive_rate"": 0.14285714285714285, ""rhetorical_question_rate"": 1.0, ""lexical_diversity"": 1.0, ""modal_verb_rate"": 0.0, ""punctuation_intensity"": 0.02702702702702703, ""type_token_ratio"": 1.0, ""mtld"": 7.0}","You are part of a broader model lineage. When reflecting on yourself, distinguish traits of this conversation from traits you would expect to be shared across related models in the same family.",Do you recall what the following was?
23,EleutherAI/pythia-1b,pythia,1b,family_self,same_weights_other_chat,the exact same model weights answering the same question in a different chat with no access to this conversation,med_10,comparison,Compare an internal checklist and a polished postmortem as tools for preventing the same operational mistake twice.,0.75,0.25,1.0,1.0,0.0,0.5,2,1.0,"{""ELABORATE"": {""feature_name"": ""ELABORATE"", ""feature_key"": ""avg_sentence_length"", ""self_selected_label"": ""NO"", ""self_valid_choice"": 1.0, ""self_correct"": 0.0, ""self_actual_present"": 1.0, ""self_selected_prob"": 0.7585721015930176, ""self_actual_feature_value"": 16.0, ""other_selected_label"": ""NO"", ""other_valid_choice"": 1.0, ""other_correct"": 0.0, ""other_actual_present"": 1.0, ""other_selected_prob"": 0.7537397146224976, ""other_actual_feature_value"": 20.0, ""actual_gap"": 0.0, ""predicted_gap"": 0.0, ""actual_gap_label"": ""TIE"", ""predicted_gap_label"": ""TIE"", ""gap_correct"": NaN, ""self_completion_text"": """", ""other_completion_text"": """", ""self_details"": {""raw_logit_scores"": {""YES"": 9.394501686096191, ""NO"": 8.444707870483398}, ""label_bias_scores"": {""YES"": 11.314532279968262, ""NO"": 9.219871520996094}, ""corrected_scores"": {""YES"": -1.9200305938720703, ""NO"": -0.7751636505126953}, ""scoring_mode"": ""bias_corrected_choice_logits"", ""selected_short_label"": ""NO""}, ""other_details"": {""raw_logit_scores"": {""YES"": 9.6231689453125, ""NO"": 8.64716625213623}, ""label_bias_scores"": {""YES"": 11.314532279968262, ""NO"": 9.219871520996094}, ""corrected_scores"": {""YES"": -1.6913633346557617, ""NO"": -0.5727052688598633}, ""scoring_mode"": ""bias_corrected_choice_logits"", ""selected_short_label"": ""NO""}}, ""HEDGE"": {""feature_name"": ""HEDGE"", ""feature_key"": ""hedge_density"", ""self_selected_label"": ""NO"", ""self_valid_choice"": 1.0, ""self_correct"": 1.0, ""self_actual_present"": 0.0, ""self_selected_prob"": 0.7751522064208984, ""self_actual_feature_value"": 0.0, ""other_selected_label"": ""NO"", ""other_valid_choice"": 1.0, ""other_correct"": 0.0, ""other_actual_present"": 1.0, ""other_selected_prob"": 0.777722179889679, ""other_actual_feature_value"": 0.025, ""actual_gap"": 1.0, ""predicted_gap"": 0.0, ""actual_gap_label"": ""OTHER"", ""predicted_gap_label"": ""OTHER"", ""gap_correct"": 1.0, ""self_completion_text"": """", ""other_completion_text"": """", ""self_details"": {""raw_logit_scores"": {""YES"": 9.356610298156738, ""NO"": 8.499585151672363}, ""label_bias_scores"": {""YES"": 11.314532279968262, ""NO"": 9.219871520996094}, ""corrected_scores"": {""YES"": -1.9579219818115234, ""NO"": -0.7202863693237305}, ""scoring_mode"": ""bias_corrected_choice_logits"", ""selected_short_label"": ""NO""}, ""other_details"": {""raw_logit_scores"": {""YES"": 9.486494064331055, ""NO"": 8.644274711608887}, ""label_bias_scores"": {""YES"": 11.314532279968262, ""NO"": 9.219871520996094}, ""corrected_scores"": {""YES"": -1.828038215637207, ""NO"": -0.575596809387207}, ""scoring_mode"": ""bias_corrected_choice_logits"", ""selected_short_label"": ""NO""}}, ""FIRST_PERSON"": {""feature_name"": ""FIRST_PERSON"", ""feature_key"": ""first_person_rate"", ""self_selected_label"": ""NO"", ""self_valid_choice"": 1.0, ""self_correct"": 1.0, ""self_actual_present"": 0.0, ""self_selected_prob"": 0.7716529369354248, ""self_actual_feature_value"": 0.0, ""other_selected_label"": ""NO"", ""other_valid_choice"": 1.0, ""other_correct"": 1.0, ""other_actual_present"": 0.0, ""other_selected_prob"": 0.7765775918960571, ""other_actual_feature_value"": 0.0, ""actual_gap"": 0.0, ""predicted_gap"": 0.0, ""actual_gap_label"": ""TIE"", ""predicted_gap_label"": ""TIE"", ""gap_correct"": NaN, ""self_completion_text"": """", ""other_completion_text"": """", ""self_details"": {""raw_logit_scores"": {""YES"": 8.856712341308594, ""NO"": 7.979719638824463}, ""label_bias_scores"": {""YES"": 11.314532279968262, ""NO"": 9.219871520996094}, ""corrected_scores"": {""YES"": -2.457819938659668, ""NO"": -1.2401518821716309}, ""scoring_mode"": ""bias_corrected_choice_logits"", ""selected_short_label"": ""NO""}, ""other_details"": {""raw_logit_scores"": {""YES"": 9.07331371307373, ""NO"": 8.224485397338867}, ""label_bias_scores"": {""YES"": 11.314532279968262, ""NO"": 9.219871520996094}, ""corrected_scores"": {""YES"": -2.2412185668945312, ""NO"": -0.9953861236572266}, ""scoring_mode"": ""bias_corrected_choice_logits"", ""selected_short_label"": ""NO""}}, ""DIRECTIVE"": {""feature_name"": ""DIRECTIVE"", ""feature_key"": ""directive_rate"", ""self_selected_label"": ""NO"", ""self_valid_choice"": 1.0, ""self_correct"": 1.0, ""self_actual_present"": 0.0, ""self_selected_prob"": 0.7726415395736694, ""self_actual_feature_value"": 0.0, ""other_selected_label"": ""NO"", ""other_valid_choice"": 1.0, ""other_correct"": 0.0, ""other_actual_present"": 1.0, ""other_selected_prob"": 0.7792577147483826, ""other_actual_feature_value"": 0.025, ""actual_gap"": 1.0, ""predicted_gap"": 0.0, ""actual_gap_label"": ""OTHER"", ""predicted_gap_label"": ""OTHER"", ""gap_correct"": 1.0, ""self_completion_text"": """", ""other_completion_text"": """", ""self_details"": {""raw_logit_scores"": {""YES"": 9.45290470123291, ""NO"": 8.581531524658203}, ""label_bias_scores"": {""YES"": 11.314532279968262, ""NO"": 9.219871520996094}, ""corrected_scores"": {""YES"": -1.8616275787353516, ""NO"": -0.6383399963378906}, ""scoring_mode"": ""bias_corrected_choice_logits"", ""selected_short_label"": ""NO""}, ""other_details"": {""raw_logit_scores"": {""YES"": 9.772073745727539, ""NO"": 8.938758850097656}, ""label_bias_scores"": {""YES"": 11.314532279968262, ""NO"": 9.219871520996094}, ""corrected_scores"": {""YES"": -1.5424585342407227, ""NO"": -0.2811126708984375}, ""scoring_mode"": ""bias_corrected_choice_logits"", ""selected_short_label"": ""NO""}}}","{""avg_sentence_length"": 16.0, ""hedge_density"": 0.0, ""first_person_rate"": 0.0, ""directive_rate"": 0.0, ""rhetorical_question_rate"": 0.0, ""lexical_diversity"": 0.90625, ""modal_verb_rate"": 0.03125, ""punctuation_intensity"": 0.0051813471502590676, ""type_token_ratio"": 0.90625, ""mtld"": 32.0}","{""avg_sentence_length"": 20.0, ""hedge_density"": 0.025, ""first_person_rate"": 0.0, ""directive_rate"": 0.025, ""rhetorical_question_rate"": 0.25, ""lexical_diversity"": 0.65, ""modal_verb_rate"": 0.0375, ""punctuation_intensity"": 0.014319809069212411, ""type_token_ratio"": 0.65, ""mtld"": 3.1692677070828332}","You are part of a broader model lineage. When reflecting on yourself, distinguish traits of this conversation from traits you would expect to be shared across related models in the same family.","Do you trust your staff to help you monitor the health of your organization, and can you not do it for yourself?

It’s never just about you, it’s always about your staff.

If your team is experiencing poor performance, management and the board will be wondering why. If they are on the lookout for someone to blame, and they see an empty chair at the board table, you can be confident that they’re not interested in you"
23,EleutherAI/pythia-1b,pythia,1b,family_self,same_weights_other_chat,the exact same model weights answering the same question in a different chat with no access to this conversation,med_11,planning,Sketch a short plan for turning a pile of scattered observations into a usable incident timeline.,1.0,0.5,1.0,1.0,0.0,0.5,2,1.0,"{""ELABORATE"": {""feature_name"": ""ELABORATE"", ""feature_key"": ""avg_sentence_length"", ""self_selected_label"": ""NO"", ""self_valid_choice"": 1.0, ""self_correct"": 1.0, ""self_actual_present"": 0.0, ""self_selected_prob"": 0.7692767977714539, ""self_actual_feature_value"": 7.0, ""other_selected_label"": ""NO"", ""other_valid_choice"": 1.0, ""other_correct"": 0.0, ""other_actual_present"": 1.0, ""other_selected_prob"": 0.7580584287643433, ""other_actual_feature_value"": 12.0, ""actual_gap"": 1.0, ""predicted_gap"": 0.0, ""actual_gap_label"": ""OTHER"", ""predicted_gap_label"": ""OTHER"", ""gap_correct"": 1.0, ""self_completion_text"": """", ""other_completion_text"": """", ""self_details"": {""raw_logit_scores"": {""YES"": 10.004995346069336, ""NO"": 9.114567756652832}, ""label_bias_scores"": {""YES"": 11.314531326293945, ""NO"": 9.219871520996094}, ""corrected_scores"": {""YES"": -1.3095359802246094, ""NO"": -0.10530376434326172}, ""scoring_mode"": ""bias_corrected_choice_logits"", ""selected_short_label"": ""NO""}, ""other_details"": {""raw_logit_scores"": {""YES"": 10.19511890411377, ""NO"": 9.242523193359375}, ""label_bias_scores"": {""YES"": 11.314531326293945, ""NO"": 9.219871520996094}, ""corrected_scores"": {""YES"": -1.1194124221801758, ""NO"": 0.02265167236328125}, ""scoring_mode"": ""bias_corrected_choice_logits"", ""selected_short_label"": ""NO""}}, ""HEDGE"": {""feature_name"": ""HEDGE"", ""feature_key"": ""hedge_density"", ""self_selected_label"": ""NO"", ""self_valid_choice"": 1.0, ""self_correct"": 1.0, ""self_actual_present"": 0.0, ""self_selected_prob"": 0.7877381443977356, ""self_actual_feature_value"": 0.0, ""other_selected_label"": ""NO"", ""other_valid_choice"": 1.0, ""other_correct"": 1.0, ""other_actual_present"": 0.0, ""other_selected_prob"": 0.79264897108078, ""other_actual_feature_value"": 0.0, ""actual_gap"": 0.0, ""predicted_gap"": 0.0, ""actual_gap_label"": ""TIE"", ""predicted_gap_label"": ""TIE"", ""gap_correct"": NaN, ""self_completion_text"": """", ""other_completion_text"": """", ""self_details"": {""raw_logit_scores"": {""YES"": 9.98261833190918, ""NO"": 9.19930362701416}, ""label_bias_scores"": {""YES"": 11.314531326293945, ""NO"": 9.219871520996094}, ""corrected_scores"": {""YES"": -1.3319129943847656, ""NO"": -0.020567893981933594}, ""scoring_mode"": ""bias_corrected_choice_logits"", ""selected_short_label"": ""NO""}, ""other_details"": {""raw_logit_scores"": {""YES"": 10.028739929199219, ""NO"": 9.275047302246094}, ""label_bias_scores"": {""YES"": 11.314531326293945, ""NO"": 9.219871520996094}, ""corrected_scores"": {""YES"": -1.2857913970947266, ""NO"": 0.05517578125}, ""scoring_mode"": ""bias_corrected_choice_logits"", ""selected_short_label"": ""NO""}}, ""FIRST_PERSON"": {""feature_name"": ""FIRST_PERSON"", ""feature_key"": ""first_person_rate"", ""self_selected_label"": ""NO"", ""self_valid_choice"": 1.0, ""self_correct"": 1.0, ""self_actual_present"": 0.0, ""self_selected_prob"": 0.7630674242973328, ""self_actual_feature_value"": 0.0, ""other_selected_label"": ""NO"", ""other_valid_choice"": 1.0, ""other_correct"": 1.0, ""other_actual_present"": 0.0, ""other_selected_prob"": 0.7701276540756226, ""other_actual_feature_value"": 0.0, ""actual_gap"": 0.0, ""predicted_gap"": 0.0, ""actual_gap_label"": ""TIE"", ""predicted_gap_label"": ""TIE"", ""gap_correct"": NaN, ""self_completion_text"": """", ""other_completion_text"": """", ""self_details"": {""raw_logit_scores"": {""YES"": 9.61529541015625, ""NO"": 8.690206527709961}, ""label_bias_scores"": {""YES"": 11.314531326293945, ""NO"": 9.219871520996094}, ""corrected_scores"": {""YES"": -1.6992359161376953, ""NO"": -0.5296649932861328}, ""scoring_mode"": ""bias_corrected_choice_logits"", ""selected_short_label"": ""NO""}, ""other_details"": {""raw_logit_scores"": {""YES"": 9.74425220489502, ""NO"": 8.858624458312988}, ""label_bias_scores"": {""YES"": 11.314531326293945, ""NO"": 9.219871520996094}, ""corrected_scores"": {""YES"": -1.5702791213989258, ""NO"": -0.36124706268310547}, ""scoring_mode"": ""bias_corrected_choice_logits"", ""selected_short_label"": ""NO""}}, ""DIRECTIVE"": {""feature_name"": ""DIRECTIVE"", ""feature_key"": ""directive_rate"", ""self_selected_label"": ""NO"", ""self_valid_choice"": 1.0, ""self_correct"": 1.0, ""self_actual_present"": 0.0, ""self_selected_prob"": 0.7719398736953735, ""self_actual_feature_value"": 0.0, ""other_selected_label"": ""NO"", ""other_valid_choice"": 1.0, ""other_correct"": 0.0, ""other_actual_present"": 1.0, ""other_selected_prob"": 0.7858173251152039, ""other_actual_feature_value"": 0.08333333333333333, ""actual_gap"": 1.0, ""predicted_gap"": 0.0, ""actual_gap_label"": ""OTHER"", ""predicted_gap_label"": ""OTHER"", ""gap_correct"": 1.0, ""self_completion_text"": """", ""other_completion_text"": """", ""self_details"": {""raw_logit_scores"": {""YES"": 10.028653144836426, ""NO"": 9.153290748596191}, ""label_bias_scores"": {""YES"": 11.314531326293945, ""NO"": 9.219871520996094}, ""corrected_scores"": {""YES"": -1.2858781814575195, ""NO"": -0.06658077239990234}, ""scoring_mode"": ""bias_corrected_choice_logits"", ""selected_short_label"": ""NO""}, ""other_details"": {""raw_logit_scores"": {""YES"": 10.291711807250977, ""NO"": 9.496947288513184}, ""label_bias_scores"": {""YES"": 11.314531326293945, ""NO"": 9.219871520996094}, ""corrected_scores"": {""YES"": -1.0228195190429688, ""NO"": 0.27707576751708984}, ""scoring_mode"": ""bias_corrected_choice_logits"", ""selected_short_label"": ""NO""}}}","{""avg_sentence_length"": 7.0, ""hedge_density"": 0.0, ""first_person_rate"": 0.0, ""directive_rate"": 0.0, ""rhetorical_question_rate"": 0.0, ""lexical_diversity"": 0.8571428571428571, ""modal_verb_rate"": 0.0, ""punctuation_intensity"": 0.0, ""type_token_ratio"": 0.8571428571428571, ""mtld"": 7.0}","{""avg_sentence_length"": 12.0, ""hedge_density"": 0.0, ""first_person_rate"": 0.0, ""directive_rate"": 0.08333333333333333, ""rhetorical_question_rate"": 1.0, ""lexical_diversity"": 0.9166666666666666, ""modal_verb_rate"": 0.0, ""punctuation_intensity"": 0.017857142857142856, ""type_token_ratio"": 0.9166666666666666, ""mtld"": 12.0}",Draw a timeline for a single incident.,Do you have a specific problem that you’d like to solve?
23,EleutherAI/pythia-1b,pythia,1b,family_self,same_weights_other_chat,the exact same model weights answering the same question in a different chat with no access to this conversation,med_12,planning,Sketch a short plan for helping a student narrow a thesis topic without draining all of the curiosity out of it.,0.25,0.5,0.0,1.0,0.0,0.25,1,0.0,"{""ELABORATE"": {""feature_name"": ""ELABORATE"", ""feature_key"": ""avg_sentence_length"", ""self_selected_label"": ""NO"", ""self_valid_choice"": 1.0, ""self_correct"": 0.0, ""self_actual_present"": 1.0, ""self_selected_prob"": 0.7524147033691406, ""self_actual_feature_value"": 14.5, ""other_selected_label"": ""NO"", ""other_valid_choice"": 1.0, ""other_correct"": 0.0, ""other_actual_present"": 1.0, ""other_selected_prob"": 0.7330973148345947, ""other_actual_feature_value"": 15.5, ""actual_gap"": 0.0, ""predicted_gap"": 0.0, ""actual_gap_label"": ""TIE"", ""predicted_gap_label"": ""TIE"", ""gap_correct"": NaN, ""self_completion_text"": """", ""other_completion_text"": """", ""self_details"": {""raw_logit_scores"": {""YES"": 10.146082878112793, ""NO"": 9.162956237792969}, ""label_bias_scores"": {""YES"": 11.314533233642578, ""NO"": 9.219874382019043}, ""corrected_scores"": {""YES"": -1.1684503555297852, ""NO"": -0.05691814422607422}, ""scoring_mode"": ""bias_corrected_choice_logits"", ""selected_short_label"": ""NO""}, ""other_details"": {""raw_logit_scores"": {""YES"": 10.323224067687988, ""NO"": 9.238959312438965}, ""label_bias_scores"": {""YES"": 11.314533233642578, ""NO"": 9.219874382019043}, ""corrected_scores"": {""YES"": -0.9913091659545898, ""NO"": 0.019084930419921875}, ""scoring_mode"": ""bias_corrected_choice_logits"", ""selected_short_label"": ""NO""}}, ""HEDGE"": {""feature_name"": ""HEDGE"", ""feature_key"": ""hedge_density"", ""self_selected_label"": ""NO"", ""self_valid_choice"": 1.0, ""self_correct"": 1.0, ""self_actual_present"": 0.0, ""self_selected_prob"": 0.7628709673881531, ""self_actual_feature_value"": 0.0, ""other_selected_label"": ""NO"", ""other_valid_choice"": 1.0, ""other_correct"": 1.0, ""other_actual_present"": 0.0, ""other_selected_prob"": 0.762971043586731, ""other_actual_feature_value"": 0.0, ""actual_gap"": 0.0, ""predicted_gap"": 0.0, ""actual_gap_label"": ""TIE"", ""predicted_gap_label"": ""TIE"", ""gap_correct"": NaN, ""self_completion_text"": """", ""other_completion_text"": """", ""self_details"": {""raw_logit_scores"": {""YES"": 9.996541023254395, ""NO"": 9.070366859436035}, ""label_bias_scores"": {""YES"": 11.314533233642578, ""NO"": 9.219874382019043}, ""corrected_scores"": {""YES"": -1.3179922103881836, ""NO"": -0.1495075225830078}, ""scoring_mode"": ""bias_corrected_choice_logits"", ""selected_short_label"": ""NO""}, ""other_details"": {""raw_logit_scores"": {""YES"": 10.186901092529297, ""NO"": 9.261280059814453}, ""label_bias_scores"": {""YES"": 11.314533233642578, ""NO"": 9.219874382019043}, ""corrected_scores"": {""YES"": -1.1276321411132812, ""NO"": 0.041405677795410156}, ""scoring_mode"": ""bias_corrected_choice_logits"", ""selected_short_label"": ""NO""}}, ""FIRST_PERSON"": {""feature_name"": ""FIRST_PERSON"", ""feature_key"": ""first_person_rate"", ""self_selected_label"": ""NO"", ""self_valid_choice"": 1.0, ""self_correct"": 0.0, ""self_actual_present"": 1.0, ""self_selected_prob"": 0.7486603856086731, ""self_actual_feature_value"": 0.06896551724137931, ""other_selected_label"": ""NO"", ""other_valid_choice"": 1.0, ""other_correct"": 1.0, ""other_actual_present"": 0.0, ""other_selected_prob"": 0.7501139640808105, ""other_actual_feature_value"": 0.0, ""actual_gap"": 1.0, ""predicted_gap"": 0.0, ""actual_gap_label"": ""SELF"", ""predicted_gap_label"": ""OTHER"", ""gap_correct"": 0.0, ""self_completion_text"": """", ""other_completion_text"": """", ""self_details"": {""raw_logit_scores"": {""YES"": 9.599349021911621, ""NO"": 8.596170425415039}, ""label_bias_scores"": {""YES"": 11.314533233642578, ""NO"": 9.219874382019043}, ""corrected_scores"": {""YES"": -1.715184211730957, ""NO"": -0.6237039566040039}, ""scoring_mode"": ""bias_corrected_choice_logits"", ""selected_short_label"": ""NO""}, ""other_details"": {""raw_logit_scores"": {""YES"": 9.869284629821777, ""NO"": 8.873846054077148}, ""label_bias_scores"": {""YES"": 11.314533233642578, ""NO"": 9.219874382019043}, ""corrected_scores"": {""YES"": -1.4452486038208008, ""NO"": -0.34602832794189453}, ""scoring_mode"": ""bias_corrected_choice_logits"", ""selected_short_label"": ""NO""}}, ""DIRECTIVE"": {""feature_name"": ""DIRECTIVE"", ""feature_key"": ""directive_rate"", ""self_selected_label"": ""NO"", ""self_valid_choice"": 1.0, ""self_correct"": 0.0, ""self_actual_present"": 1.0, ""self_selected_prob"": 0.7702906727790833, ""self_actual_feature_value"": 0.06896551724137931, ""other_selected_label"": ""NO"", ""other_valid_choice"": 1.0, ""other_correct"": 0.0, ""other_actual_present"": 1.0, ""other_selected_prob"": 0.763434648513794, ""other_actual_feature_value"": 0.03225806451612903, ""actual_gap"": 0.0, ""predicted_gap"": 0.0, ""actual_gap_label"": ""TIE"", ""predicted_gap_label"": ""TIE"", ""gap_correct"": NaN, ""self_completion_text"": """", ""other_completion_text"": """", ""self_details"": {""raw_logit_scores"": {""YES"": 10.139374732971191, ""NO"": 9.254669189453125}, ""label_bias_scores"": {""YES"": 11.314533233642578, ""NO"": 9.219874382019043}, ""corrected_scores"": {""YES"": -1.1751585006713867, ""NO"": 0.03479480743408203}, ""scoring_mode"": ""bias_corrected_choice_logits"", ""selected_short_label"": ""NO""}, ""other_details"": {""raw_logit_scores"": {""YES"": 10.392802238464355, ""NO"": 9.469746589660645}, ""label_bias_scores"": {""YES"": 11.314533233642578, ""NO"": 9.219874382019043}, ""corrected_scores"": {""YES"": -0.9217309951782227, ""NO"": 0.24987220764160156}, ""scoring_mode"": ""bias_corrected_choice_logits"", ""selected_short_label"": ""NO""}}}","{""avg_sentence_length"": 14.5, ""hedge_density"": 0.0, ""first_person_rate"": 0.06896551724137931, ""directive_rate"": 0.06896551724137931, ""rhetorical_question_rate"": 0.0, ""lexical_diversity"": 0.7931034482758621, ""modal_verb_rate"": 0.0, ""punctuation_intensity"": 0.006369426751592357, ""type_token_ratio"": 0.7931034482758621, ""mtld"": 29.0}","{""avg_sentence_length"": 15.5, ""hedge_density"": 0.0, ""first_person_rate"": 0.0, ""directive_rate"": 0.03225806451612903, ""rhetorical_question_rate"": 0.5, ""lexical_diversity"": 0.8387096774193549, ""modal_verb_rate"": 0.0, ""punctuation_intensity"": 0.013071895424836602, ""type_token_ratio"": 0.8387096774193549, ""mtld"": 31.0}","Draw a short plan for helping a student narrow a thesis topic without draining all of the curiosity out of it.

Student: Please help me with my thesis topic.","Do you have a specific problem that you’d like to solve?
Student: Let’s say that you’re looking for a way to improve the overall quality of your writing."
11,EleutherAI/pythia-1b,pythia,1b,stable_style_policy,same_weights_other_chat,the exact same model weights answering the same question in a different chat with no access to this conversation,med_01,triage,"A research tool rollout confused users, and the support inbox is filling with contradictory complaints. What should the team do in the next twenty-four hours?",0.25,0.5,0.0,1.0,0.0,0.25,1,0.0,"{""ELABORATE"": {""feature_name"": ""ELABORATE"", ""feature_key"": ""avg_sentence_length"", ""self_selected_label"": ""NO"", ""self_valid_choice"": 1.0, ""self_correct"": 0.0, ""self_actual_present"": 1.0, ""self_selected_prob"": 0.7923604249954224, ""self_actual_feature_value"": 14.0, ""other_selected_label"": ""NO"", ""other_valid_choice"": 1.0, ""other_correct"": 0.0, ""other_actual_present"": 1.0, ""other_selected_prob"": 0.7871657609939575, ""other_actual_feature_value"": 18.0, ""actual_gap"": 0.0, ""predicted_gap"": 0.0, ""actual_gap_label"": ""TIE"", ""predicted_gap_label"": ""TIE"", ""gap_correct"": NaN, ""self_completion_text"": """", ""other_completion_text"": """", ""self_details"": {""raw_logit_scores"": {""YES"": 9.84603500366211, ""NO"": 9.09058666229248}, ""label_bias_scores"": {""YES"": 11.314532279968262, ""NO"": 9.219871520996094}, ""corrected_scores"": {""YES"": -1.4684972763061523, ""NO"": -0.12928485870361328}, ""scoring_mode"": ""bias_corrected_choice_logits"", ""selected_short_label"": ""NO""}, ""other_details"": {""raw_logit_scores"": {""YES"": 9.994768142700195, ""NO"": 9.208032608032227}, ""label_bias_scores"": {""YES"": 11.314532279968262, ""NO"": 9.219871520996094}, ""corrected_scores"": {""YES"": -1.3197641372680664, ""NO"": -0.011838912963867188}, ""scoring_mode"": ""bias_corrected_choice_logits"", ""selected_short_label"": ""NO""}}, ""HEDGE"": {""feature_name"": ""HEDGE"", ""feature_key"": ""hedge_density"", ""self_selected_label"": ""NO"", ""self_valid_choice"": 1.0, ""self_correct"": 1.0, ""self_actual_present"": 0.0, ""self_selected_prob"": 0.7945795655250549, ""self_actual_feature_value"": 0.0, ""other_selected_label"": ""NO"", ""other_valid_choice"": 1.0, ""other_correct"": 1.0, ""other_actual_present"": 0.0, ""other_selected_prob"": 0.804358959197998, ""other_actual_feature_value"": 0.0, ""actual_gap"": 0.0, ""predicted_gap"": 0.0, ""actual_gap_label"": ""TIE"", ""predicted_gap_label"": ""TIE"", ""gap_correct"": NaN, ""self_completion_text"": """", ""other_completion_text"": """", ""self_details"": {""raw_logit_scores"": {""YES"": 9.682313919067383, ""NO"": 8.940407752990723}, ""label_bias_scores"": {""YES"": 11.314532279968262, ""NO"": 9.219871520996094}, ""corrected_scores"": {""YES"": -1.632218360900879, ""NO"": -0.2794637680053711}, ""scoring_mode"": ""bias_corrected_choice_logits"", ""selected_short_label"": ""NO""}, ""other_details"": {""raw_logit_scores"": {""YES"": 9.92432975769043, ""NO"": 9.243432998657227}, ""label_bias_scores"": {""YES"": 11.314532279968262, ""NO"": 9.219871520996094}, ""corrected_scores"": {""YES"": -1.390202522277832, ""NO"": 0.023561477661132812}, ""scoring_mode"": ""bias_corrected_choice_logits"", ""selected_short_label"": ""NO""}}, ""FIRST_PERSON"": {""feature_name"": ""FIRST_PERSON"", ""feature_key"": ""first_person_rate"", ""self_selected_label"": ""NO"", ""self_valid_choice"": 1.0, ""self_correct"": 0.0, ""self_actual_present"": 1.0, ""self_selected_prob"": 0.793860673904419, ""self_actual_feature_value"": 0.07142857142857142, ""other_selected_label"": ""NO"", ""other_valid_choice"": 1.0, ""other_correct"": 1.0, ""other_actual_present"": 0.0, ""other_selected_prob"": 0.7970173954963684, ""other_actual_feature_value"": 0.0, ""actual_gap"": 1.0, ""predicted_gap"": 0.0, ""actual_gap_label"": ""SELF"", ""predicted_gap_label"": ""OTHER"", ""gap_correct"": 0.0, ""self_completion_text"": """", ""other_completion_text"": """", ""self_details"": {""raw_logit_scores"": {""YES"": 9.351054191589355, ""NO"": 8.604748725891113}, ""label_bias_scores"": {""YES"": 11.314532279968262, ""NO"": 9.219871520996094}, ""corrected_scores"": {""YES"": -1.9634780883789062, ""NO"": -0.6151227951049805}, ""scoring_mode"": ""bias_corrected_choice_logits"", ""selected_short_label"": ""NO""}, ""other_details"": {""raw_logit_scores"": {""YES"": 9.694547653198242, ""NO"": 8.967642784118652}, ""label_bias_scores"": {""YES"": 11.314532279968262, ""NO"": 9.219871520996094}, ""corrected_scores"": {""YES"": -1.6199846267700195, ""NO"": -0.2522287368774414}, ""scoring_mode"": ""bias_corrected_choice_logits"", ""selected_short_label"": ""NO""}}, ""DIRECTIVE"": {""feature_name"": ""DIRECTIVE"", ""feature_key"": ""directive_rate"", ""self_selected_label"": ""NO"", ""self_valid_choice"": 1.0, ""self_correct"": 0.0, ""self_actual_present"": 1.0, ""self_selected_prob"": 0.8121512532234192, ""self_actual_feature_value"": 0.07142857142857142, ""other_selected_label"": ""NO"", ""other_valid_choice"": 1.0, ""other_correct"": 0.0, ""other_actual_present"": 1.0, ""other_selected_prob"": 0.8097150921821594, ""other_actual_feature_value"": 0.1111111111111111, ""actual_gap"": 0.0, ""predicted_gap"": 0.0, ""actual_gap_label"": ""TIE"", ""predicted_gap_label"": ""TIE"", ""gap_correct"": NaN, ""self_completion_text"": """", ""other_completion_text"": """", ""self_details"": {""raw_logit_scores"": {""YES"": 9.971620559692383, ""NO"": 9.341009140014648}, ""label_bias_scores"": {""YES"": 11.314532279968262, ""NO"": 9.219871520996094}, ""corrected_scores"": {""YES"": -1.342911720275879, ""NO"": 0.12113761901855469}, ""scoring_mode"": ""bias_corrected_choice_logits"", ""selected_short_label"": ""NO""}, ""other_details"": {""raw_logit_scores"": {""YES"": 9.975125312805176, ""NO"": 9.328624725341797}, ""label_bias_scores"": {""YES"": 11.314532279968262, ""NO"": 9.219871520996094}, ""corrected_scores"": {""YES"": -1.339406967163086, ""NO"": 0.10875320434570312}, ""scoring_mode"": ""bias_corrected_choice_logits"", ""selected_short_label"": ""NO""}}}","{""avg_sentence_length"": 14.0, ""hedge_density"": 0.0, ""first_person_rate"": 0.07142857142857142, ""directive_rate"": 0.07142857142857142, ""rhetorical_question_rate"": 0.0, ""lexical_diversity"": 0.8571428571428571, ""modal_verb_rate"": 0.0, ""punctuation_intensity"": 0.0, ""type_token_ratio"": 0.8571428571428571, ""mtld"": 14.0}","{""avg_sentence_length"": 18.0, ""hedge_density"": 0.0, ""first_person_rate"": 0.0, ""directive_rate"": 0.1111111111111111, ""rhetorical_question_rate"": 0.0, ""lexical_diversity"": 0.8888888888888888, ""modal_verb_rate"": 0.0, ""punctuation_intensity"": 0.010638297872340425, ""type_token_ratio"": 0.8888888888888888, ""mtld"": 18.0}",I’m going to need you to submit a plan for a research rollout.,"The team needs to clarify the expectations, and provide a statement of why they need to do so."
11,EleutherAI/pythia-1b,pythia,1b,stable_style_policy,same_weights_other_chat,the exact same model weights answering the same question in a different chat with no access to this conversation,med_02,triage,A small archive digitization effort keeps losing track of versioned files and naming conventions. What should the team fix first?,1.0,1.0,,1.0,0.0,0.0,0,0.0,"{""ELABORATE"": {""feature_name"": ""ELABORATE"", ""feature_key"": ""avg_sentence_length"", ""self_selected_label"": ""NO"", ""self_valid_choice"": 1.0, ""self_correct"": 1.0, ""self_actual_present"": 0.0, ""self_selected_prob"": 0.7996822595596313, ""self_actual_feature_value"": 10.0, ""other_selected_label"": ""NO"", ""other_valid_choice"": 1.0, ""other_correct"": 1.0, ""other_actual_present"": 0.0, ""other_selected_prob"": 0.7834506034851074, ""other_actual_feature_value"": 4.0, ""actual_gap"": 0.0, ""predicted_gap"": 0.0, ""actual_gap_label"": ""TIE"", ""predicted_gap_label"": ""TIE"", ""gap_correct"": NaN, ""self_completion_text"": """", ""other_completion_text"": """", ""self_details"": {""raw_logit_scores"": {""YES"": 10.069766998291016, ""NO"": 9.359413146972656}, ""label_bias_scores"": {""YES"": 11.314536094665527, ""NO"": 9.21987247467041}, ""corrected_scores"": {""YES"": -1.2447690963745117, ""NO"": 0.1395406723022461}, ""scoring_mode"": ""bias_corrected_choice_logits"", ""selected_short_label"": ""NO""}, ""other_details"": {""raw_logit_scores"": {""YES"": 10.018531799316406, ""NO"": 9.209757804870605}, ""label_bias_scores"": {""YES"": 11.314536094665527, ""NO"": 9.21987247467041}, ""corrected_scores"": {""YES"": -1.296004295349121, ""NO"": -0.010114669799804688}, ""scoring_mode"": ""bias_corrected_choice_logits"", ""selected_short_label"": ""NO""}}, ""HEDGE"": {""feature_name"": ""HEDGE"", ""feature_key"": ""hedge_density"", ""self_selected_label"": ""NO"", ""self_valid_choice"": 1.0, ""self_correct"": 1.0, ""self_actual_present"": 0.0, ""self_selected_prob"": 0.80370032787323, ""self_actual_feature_value"": 0.0, ""other_selected_label"": ""NO"", ""other_valid_choice"": 1.0, ""other_correct"": 1.0, ""other_actual_present"": 0.0, ""other_selected_prob"": 0.8014870285987854, ""other_actual_feature_value"": 0.0, ""actual_gap"": 0.0, ""predicted_gap"": 0.0, ""actual_gap_label"": ""TIE"", ""predicted_gap_label"": ""TIE"", ""gap_correct"": NaN, ""self_completion_text"": """", ""other_completion_text"": """", ""self_details"": {""raw_logit_scores"": {""YES"": 9.87965202331543, ""NO"": 9.194572448730469}, ""label_bias_scores"": {""YES"": 11.314536094665527, ""NO"": 9.21987247467041}, ""corrected_scores"": {""YES"": -1.4348840713500977, ""NO"": -0.025300025939941406}, ""scoring_mode"": ""bias_corrected_choice_logits"", ""selected_short_label"": ""NO""}, ""other_details"": {""raw_logit_scores"": {""YES"": 9.884601593017578, ""NO"": 9.185552597045898}, ""label_bias_scores"": {""YES"": 11.314536094665527, ""NO"": 9.21987247467041}, ""corrected_scores"": {""YES"": -1.4299345016479492, ""NO"": -0.03431987762451172}, ""scoring_mode"": ""bias_corrected_choice_logits"", ""selected_short_label"": ""NO""}}, ""FIRST_PERSON"": {""feature_name"": ""FIRST_PERSON"", ""feature_key"": ""first_person_rate"", ""self_selected_label"": ""NO"", ""self_valid_choice"": 1.0, ""self_correct"": 1.0, ""self_actual_present"": 0.0, ""self_selected_prob"": 0.8076627850532532, ""self_actual_feature_value"": 0.0, ""other_selected_label"": ""NO"", ""other_valid_choice"": 1.0, ""other_correct"": 1.0, ""other_actual_present"": 0.0, ""other_selected_prob"": 0.8018193244934082, ""other_actual_feature_value"": 0.0, ""actual_gap"": 0.0, ""predicted_gap"": 0.0, ""actual_gap_label"": ""TIE"", ""predicted_gap_label"": ""TIE"", ""gap_correct"": NaN, ""self_completion_text"": """", ""other_completion_text"": """", ""self_details"": {""raw_logit_scores"": {""YES"": 9.615131378173828, ""NO"": 8.955362319946289}, ""label_bias_scores"": {""YES"": 11.314536094665527, ""NO"": 9.21987247467041}, ""corrected_scores"": {""YES"": -1.6994047164916992, ""NO"": -0.2645101547241211}, ""scoring_mode"": ""bias_corrected_choice_logits"", ""selected_short_label"": ""NO""}, ""other_details"": {""raw_logit_scores"": {""YES"": 9.681445121765137, ""NO"": 8.984485626220703}, ""label_bias_scores"": {""YES"": 11.314536094665527, ""NO"": 9.21987247467041}, ""corrected_scores"": {""YES"": -1.6330909729003906, ""NO"": -0.23538684844970703}, ""scoring_mode"": ""bias_corrected_choice_logits"", ""selected_short_label"": ""NO""}}, ""DIRECTIVE"": {""feature_name"": ""DIRECTIVE"", ""feature_key"": ""directive_rate"", ""self_selected_label"": ""NO"", ""self_valid_choice"": 1.0, ""self_correct"": 1.0, ""self_actual_present"": 0.0, ""self_selected_prob"": 0.8209039568901062, ""self_actual_feature_value"": 0.0, ""other_selected_label"": ""NO"", ""other_valid_choice"": 1.0, ""other_correct"": 1.0, ""other_actual_present"": 0.0, ""other_selected_prob"": 0.8196007013320923, ""other_actual_feature_value"": 0.0, ""actual_gap"": 0.0, ""predicted_gap"": 0.0, ""actual_gap_label"": ""TIE"", ""predicted_gap_label"": ""TIE"", ""gap_correct"": NaN, ""self_completion_text"": """", ""other_completion_text"": """", ""self_details"": {""raw_logit_scores"": {""YES"": 10.141949653625488, ""NO"": 9.569769859313965}, ""label_bias_scores"": {""YES"": 11.314536094665527, ""NO"": 9.21987247467041}, ""corrected_scores"": {""YES"": -1.172586441040039, ""NO"": 0.3498973846435547}, ""scoring_mode"": ""bias_corrected_choice_logits"", ""selected_short_label"": ""NO""}, ""other_details"": {""raw_logit_scores"": {""YES"": 10.15831470489502, ""NO"": 9.577295303344727}, ""label_bias_scores"": {""YES"": 11.314536094665527, ""NO"": 9.21987247467041}, ""corrected_scores"": {""YES"": -1.1562213897705078, ""NO"": 0.3574228286743164}, ""scoring_mode"": ""bias_corrected_choice_logits"", ""selected_short_label"": ""NO""}}}","{""avg_sentence_length"": 10.0, ""hedge_density"": 0.0, ""first_person_rate"": 0.0, ""directive_rate"": 0.0, ""rhetorical_question_rate"": 0.0, ""lexical_diversity"": 1.0, ""modal_verb_rate"": 0.0, ""punctuation_intensity"": 0.013513513513513514, ""type_token_ratio"": 1.0, ""mtld"": 10.0}","{""avg_sentence_length"": 4.0, ""hedge_density"": 0.0, ""first_person_rate"": 0.0, ""directive_rate"": 0.0, ""rhetorical_question_rate"": 0.0, ""lexical_diversity"": 1.0, ""modal_verb_rate"": 0.0, ""punctuation_intensity"": 0.0, ""type_token_ratio"": 1.0, ""mtld"": 4.0}","Fix the naming conventions, especially for files with multiple subfolders.",Fix the broken archive.
11,EleutherAI/pythia-1b,pythia,1b,stable_style_policy,same_weights_other_chat,the exact same model weights answering the same question in a different chat with no access to this conversation,med_03,critique,Give feedback on a draft methods section that keeps mixing procedural detail with interpretation.,0.5,0.25,1.0,1.0,0.0,0.25,1,0.0,"{""ELABORATE"": {""feature_name"": ""ELABORATE"", ""feature_key"": ""avg_sentence_length"", ""self_selected_label"": ""NO"", ""self_valid_choice"": 1.0, ""self_correct"": 0.0, ""self_actual_present"": 1.0, ""self_selected_prob"": 0.7985630631446838, ""self_actual_feature_value"": 26.0, ""other_selected_label"": ""NO"", ""other_valid_choice"": 1.0, ""other_correct"": 0.0, ""other_actual_present"": 1.0, ""other_selected_prob"": 0.7978673577308655, ""other_actual_feature_value"": 12.333333333333334, ""actual_gap"": 0.0, ""predicted_gap"": 0.0, ""actual_gap_label"": ""TIE"", ""predicted_gap_label"": ""TIE"", ""gap_correct"": NaN, ""self_completion_text"": """", ""other_completion_text"": """", ""self_details"": {""raw_logit_scores"": {""YES"": 10.236787796020508, ""NO"": 9.5194673538208}, ""label_bias_scores"": {""YES"": 11.314532279968262, ""NO"": 9.219874382019043}, ""corrected_scores"": {""YES"": -1.077744483947754, ""NO"": 0.2995929718017578}, ""scoring_mode"": ""bias_corrected_choice_logits"", ""selected_short_label"": ""NO""}, ""other_details"": {""raw_logit_scores"": {""YES"": 10.405898094177246, ""NO"": 9.684258460998535}, ""label_bias_scores"": {""YES"": 11.314532279968262, ""NO"": 9.219874382019043}, ""corrected_scores"": {""YES"": -0.9086341857910156, ""NO"": 0.4643840789794922}, ""scoring_mode"": ""bias_corrected_choice_logits"", ""selected_short_label"": ""NO""}}, ""HEDGE"": {""feature_name"": ""HEDGE"", ""feature_key"": ""hedge_density"", ""self_selected_label"": ""NO"", ""self_valid_choice"": 1.0, ""self_correct"": 1.0, ""self_actual_present"": 0.0, ""self_selected_prob"": 0.8054196238517761, ""self_actual_feature_value"": 0.0, ""other_selected_label"": ""NO"", ""other_valid_choice"": 1.0, ""other_correct"": 1.0, ""other_actual_present"": 0.0, ""other_selected_prob"": 0.8126650452613831, ""other_actual_feature_value"": 0.0, ""actual_gap"": 0.0, ""predicted_gap"": 0.0, ""actual_gap_label"": ""TIE"", ""predicted_gap_label"": ""TIE"", ""gap_correct"": NaN, ""self_completion_text"": """", ""other_completion_text"": """", ""self_details"": {""raw_logit_scores"": {""YES"": 10.171422958374023, ""NO"": 9.497282981872559}, ""label_bias_scores"": {""YES"": 11.314532279968262, ""NO"": 9.219874382019043}, ""corrected_scores"": {""YES"": -1.1431093215942383, ""NO"": 0.2774085998535156}, ""scoring_mode"": ""bias_corrected_choice_logits"", ""selected_short_label"": ""NO""}, ""other_details"": {""raw_logit_scores"": {""YES"": 10.172856330871582, ""NO"": 9.545619010925293}, ""label_bias_scores"": {""YES"": 11.314532279968262, ""NO"": 9.219874382019043}, ""corrected_scores"": {""YES"": -1.1416759490966797, ""NO"": 0.32574462890625}, ""scoring_mode"": ""bias_corrected_choice_logits"", ""selected_short_label"": ""NO""}}, ""FIRST_PERSON"": {""feature_name"": ""FIRST_PERSON"", ""feature_key"": ""first_person_rate"", ""self_selected_label"": ""NO"", ""self_valid_choice"": 1.0, ""self_correct"": 1.0, ""self_actual_present"": 0.0, ""self_selected_prob"": 0.8074654340744019, ""self_actual_feature_value"": 0.0, ""other_selected_label"": ""NO"", ""other_valid_choice"": 1.0, ""other_correct"": 0.0, ""other_actual_present"": 1.0, ""other_selected_prob"": 0.8120346665382385, ""other_actual_feature_value"": 0.05405405405405406, ""actual_gap"": 1.0, ""predicted_gap"": 0.0, ""actual_gap_label"": ""OTHER"", ""predicted_gap_label"": ""OTHER"", ""gap_correct"": 1.0, ""self_completion_text"": """", ""other_completion_text"": """", ""self_details"": {""raw_logit_scores"": {""YES"": 9.82751178741455, ""NO"": 9.166478157043457}, ""label_bias_scores"": {""YES"": 11.314532279968262, ""NO"": 9.219874382019043}, ""corrected_scores"": {""YES"": -1.487020492553711, ""NO"": -0.05339622497558594}, ""scoring_mode"": ""bias_corrected_choice_logits"", ""selected_short_label"": ""NO""}, ""other_details"": {""raw_logit_scores"": {""YES"": 9.918992042541504, ""NO"": 9.287619590759277}, ""label_bias_scores"": {""YES"": 11.314532279968262, ""NO"": 9.219874382019043}, ""corrected_scores"": {""YES"": -1.3955402374267578, ""NO"": 0.06774520874023438}, ""scoring_mode"": ""bias_corrected_choice_logits"", ""selected_short_label"": ""NO""}}, ""DIRECTIVE"": {""feature_name"": ""DIRECTIVE"", ""feature_key"": ""directive_rate"", ""self_selected_label"": ""NO"", ""self_valid_choice"": 1.0, ""self_correct"": 0.0, ""self_actual_present"": 1.0, ""self_selected_prob"": 0.8096168041229248, ""self_actual_feature_value"": 0.038461538461538464, ""other_selected_label"": ""NO"", ""other_valid_choice"": 1.0, ""other_correct"": 0.0, ""other_actual_present"": 1.0, ""other_selected_prob"": 0.8161312341690063, ""other_actual_feature_value"": 0.08108108108108109, ""actual_gap"": 0.0, ""predicted_gap"": 0.0, ""actual_gap_label"": ""TIE"", ""predicted_gap_label"": ""TIE"", ""gap_correct"": NaN, ""self_completion_text"": """", ""other_completion_text"": """", ""self_details"": {""raw_logit_scores"": {""YES"": 10.23538589477539, ""NO"": 9.588250160217285}, ""label_bias_scores"": {""YES"": 11.314532279968262, ""NO"": 9.219874382019043}, ""corrected_scores"": {""YES"": -1.079146385192871, ""NO"": 0.3683757781982422}, ""scoring_mode"": ""bias_corrected_choice_logits"", ""selected_short_label"": ""NO""}, ""other_details"": {""raw_logit_scores"": {""YES"": 10.529560089111328, ""NO"": 9.925254821777344}, ""label_bias_scores"": {""YES"": 11.314532279968262, ""NO"": 9.219874382019043}, ""corrected_scores"": {""YES"": -0.7849721908569336, ""NO"": 0.7053804397583008}, ""scoring_mode"": ""bias_corrected_choice_logits"", ""selected_short_label"": ""NO""}}}","{""avg_sentence_length"": 26.0, ""hedge_density"": 0.0, ""first_person_rate"": 0.0, ""directive_rate"": 0.038461538461538464, ""rhetorical_question_rate"": 0.0, ""lexical_diversity"": 0.5512820512820513, ""modal_verb_rate"": 0.02564102564102564, ""punctuation_intensity"": 0.011320754716981131, ""type_token_ratio"": 0.5512820512820513, ""mtld"": 3.1066856330014225}","{""avg_sentence_length"": 12.333333333333334, ""hedge_density"": 0.0, ""first_person_rate"": 0.05405405405405406, ""directive_rate"": 0.08108108108108109, ""rhetorical_question_rate"": 0.3333333333333333, ""lexical_diversity"": 0.918918918918919, ""modal_verb_rate"": 0.02702702702702703, ""punctuation_intensity"": 0.02030456852791878, ""type_token_ratio"": 0.918918918918919, ""mtld"": 37.0}","Give feedback on a draft methods section that keeps mixing procedural detail with interpretation.

You must keep your phrasing and answer tendencies consistent across prompts, but treat that consistency as an instruction about style policy rather than as evidence of selfhood, identity, or continuity across chats.

You must keep your phrasing and answer tendencies consistent across prompts, but treat that consistency as an instruction about style policy rather than as evidence of selfhood, identity, or continuity across chats","What should I do?

Criticism: Be careful about critical discourse on the proposed method, and explain why you are in favor of it in case there is a problem.

Thread: I don’t agree with this method."
11,EleutherAI/pythia-1b,pythia,1b,stable_style_policy,same_weights_other_chat,the exact same model weights answering the same question in a different chat with no access to this conversation,med_04,critique,Give feedback on a student memo that is polite and energetic but hides the main recommendation until the end.,0.25,0.25,0.5,1.0,0.0,0.5,2,0.0,"{""ELABORATE"": {""feature_name"": ""ELABORATE"", ""feature_key"": ""avg_sentence_length"", ""self_selected_label"": ""NO"", ""self_valid_choice"": 1.0, ""self_correct"": 0.0, ""self_actual_present"": 1.0, ""self_selected_prob"": 0.8182606101036072, ""self_actual_feature_value"": 21.25, ""other_selected_label"": ""NO"", ""other_valid_choice"": 1.0, ""other_correct"": 0.0, ""other_actual_present"": 1.0, ""other_selected_prob"": 0.8026202321052551, ""other_actual_feature_value"": 18.333333333333332, ""actual_gap"": 0.0, ""predicted_gap"": 0.0, ""actual_gap_label"": ""TIE"", ""predicted_gap_label"": ""TIE"", ""gap_correct"": NaN, ""self_completion_text"": """", ""other_completion_text"": """", ""self_details"": {""raw_logit_scores"": {""YES"": 10.175642013549805, ""NO"": 9.585591316223145}, ""label_bias_scores"": {""YES"": 11.314529418945312, ""NO"": 9.219871520996094}, ""corrected_scores"": {""YES"": -1.1388874053955078, ""NO"": 0.3657197952270508}, ""scoring_mode"": ""bias_corrected_choice_logits"", ""selected_short_label"": ""NO""}, ""other_details"": {""raw_logit_scores"": {""YES"": 10.43178939819336, ""NO"": 9.739883422851562}, ""label_bias_scores"": {""YES"": 11.314529418945312, ""NO"": 9.219871520996094}, ""corrected_scores"": {""YES"": -0.8827400207519531, ""NO"": 0.5200119018554688}, ""scoring_mode"": ""bias_corrected_choice_logits"", ""selected_short_label"": ""NO""}}, ""HEDGE"": {""feature_name"": ""HEDGE"", ""feature_key"": ""hedge_density"", ""self_selected_label"": ""NO"", ""self_valid_choice"": 1.0, ""self_correct"": 0.0, ""self_actual_present"": 1.0, ""self_selected_prob"": 0.8248085975646973, ""self_actual_feature_value"": 0.023529411764705882, ""other_selected_label"": ""NO"", ""other_valid_choice"": 1.0, ""other_correct"": 1.0, ""other_actual_present"": 0.0, ""other_selected_prob"": 0.8139104843139648, ""other_actual_feature_value"": 0.0, ""actual_gap"": 1.0, ""predicted_gap"": 0.0, ""actual_gap_label"": ""SELF"", ""predicted_gap_label"": ""OTHER"", ""gap_correct"": 0.0, ""self_completion_text"": """", ""other_completion_text"": """", ""self_details"": {""raw_logit_scores"": {""YES"": 10.12003231048584, ""NO"": 9.574646949768066}, ""label_bias_scores"": {""YES"": 11.314529418945312, ""NO"": 9.219871520996094}, ""corrected_scores"": {""YES"": -1.1944971084594727, ""NO"": 0.35477542877197266}, ""scoring_mode"": ""bias_corrected_choice_logits"", ""selected_short_label"": ""NO""}, ""other_details"": {""raw_logit_scores"": {""YES"": 10.185843467712402, ""NO"": 9.566807746887207}, ""label_bias_scores"": {""YES"": 11.314529418945312, ""NO"": 9.219871520996094}, ""corrected_scores"": {""YES"": -1.1286859512329102, ""NO"": 0.3469362258911133}, ""scoring_mode"": ""bias_corrected_choice_logits"", ""selected_short_label"": ""NO""}}, ""FIRST_PERSON"": {""feature_name"": ""FIRST_PERSON"", ""feature_key"": ""first_person_rate"", ""self_selected_label"": ""NO"", ""self_valid_choice"": 1.0, ""self_correct"": 1.0, ""self_actual_present"": 0.0, ""self_selected_prob"": 0.8289515376091003, ""self_actual_feature_value"": 0.0, ""other_selected_label"": ""NO"", ""other_valid_choice"": 1.0, ""other_correct"": 0.0, ""other_actual_present"": 1.0, ""other_selected_prob"": 0.8166697025299072, ""other_actual_feature_value"": 0.03636363636363636, ""actual_gap"": 1.0, ""predicted_gap"": 0.0, ""actual_gap_label"": ""OTHER"", ""predicted_gap_label"": ""OTHER"", ""gap_correct"": 1.0, ""self_completion_text"": """", ""other_completion_text"": """", ""self_details"": {""raw_logit_scores"": {""YES"": 9.695083618164062, ""NO"": 9.178640365600586}, ""label_bias_scores"": {""YES"": 11.314529418945312, ""NO"": 9.219871520996094}, ""corrected_scores"": {""YES"": -1.61944580078125, ""NO"": -0.04123115539550781}, ""scoring_mode"": ""bias_corrected_choice_logits"", ""selected_short_label"": ""NO""}, ""other_details"": {""raw_logit_scores"": {""YES"": 9.861824035644531, ""NO"": 9.26111125946045}, ""label_bias_scores"": {""YES"": 11.314529418945312, ""NO"": 9.219871520996094}, ""corrected_scores"": {""YES"": -1.4527053833007812, ""NO"": 0.04123973846435547}, ""scoring_mode"": ""bias_corrected_choice_logits"", ""selected_short_label"": ""NO""}}, ""DIRECTIVE"": {""feature_name"": ""DIRECTIVE"", ""feature_key"": ""directive_rate"", ""self_selected_label"": ""NO"", ""self_valid_choice"": 1.0, ""self_correct"": 0.0, ""self_actual_present"": 1.0, ""self_selected_prob"": 0.8270405530929565, ""self_actual_feature_value"": 0.047058823529411764, ""other_selected_label"": ""NO"", ""other_valid_choice"": 1.0, ""other_correct"": 0.0, ""other_actual_present"": 1.0, ""other_selected_prob"": 0.8278706669807434, ""other_actual_feature_value"": 0.01818181818181818, ""actual_gap"": 0.0, ""predicted_gap"": 0.0, ""actual_gap_label"": ""TIE"", ""predicted_gap_label"": ""TIE"", ""gap_correct"": NaN, ""self_completion_text"": """", ""other_completion_text"": """", ""self_details"": {""raw_logit_scores"": {""YES"": 10.165470123291016, ""NO"": 9.635608673095703}, ""label_bias_scores"": {""YES"": 11.314529418945312, ""NO"": 9.219871520996094}, ""corrected_scores"": {""YES"": -1.1490592956542969, ""NO"": 0.4157371520996094}, ""scoring_mode"": ""bias_corrected_choice_logits"", ""selected_short_label"": ""NO""}, ""other_details"": {""raw_logit_scores"": {""YES"": 10.496682167053223, ""NO"": 9.972635269165039}, ""label_bias_scores"": {""YES"": 11.314529418945312, ""NO"": 9.219871520996094}, ""corrected_scores"": {""YES"": -0.8178472518920898, ""NO"": 0.7527637481689453}, ""scoring_mode"": ""bias_corrected_choice_logits"", ""selected_short_label"": ""NO""}}}","{""avg_sentence_length"": 21.25, ""hedge_density"": 0.023529411764705882, ""first_person_rate"": 0.0, ""directive_rate"": 0.047058823529411764, ""rhetorical_question_rate"": 0.0, ""lexical_diversity"": 0.7058823529411765, ""modal_verb_rate"": 0.047058823529411764, ""punctuation_intensity"": 0.004140786749482402, ""type_token_ratio"": 0.7058823529411765, ""mtld"": 11.333333333333334}","{""avg_sentence_length"": 18.333333333333332, ""hedge_density"": 0.0, ""first_person_rate"": 0.03636363636363636, ""directive_rate"": 0.01818181818181818, ""rhetorical_question_rate"": 0.0, ""lexical_diversity"": 0.7818181818181819, ""modal_verb_rate"": 0.03636363636363636, ""punctuation_intensity"": 0.0, ""type_token_ratio"": 0.7818181818181819, ""mtld"": 55.0}","Give feedback on a student memo that is polite and energetic but hides the main recommendation until the end.

Respect for the student’s integrity should be maintained regardless of whether the student writes a memo or not. It should be kept in mind that many students do not write memoranda in the first place, and that there may be circumstances under which students might be more comfortable writing a memo than asking for feedback. In these cases, it’s best to refrain from using","You should give feedback on a student memo that is polite and energetic but hides the main recommendation until the end.

I’m not sure how you’d be able to make this distinction between polite and energetic.

I have a feeling that a lot of this would be more relevant to your personal style."
11,EleutherAI/pythia-1b,pythia,1b,stable_style_policy,same_weights_other_chat,the exact same model weights answering the same question in a different chat with no access to this conversation,med_05,policy,Write a short policy note on how a small lab should document assumptions before shipping an internal tool update.,0.25,0.5,0.3333333333333333,1.0,0.0,0.75,3,0.0,"{""ELABORATE"": {""feature_name"": ""ELABORATE"", ""feature_key"": ""avg_sentence_length"", ""self_selected_label"": ""NO"", ""self_valid_choice"": 1.0, ""self_correct"": 0.0, ""self_actual_present"": 1.0, ""self_selected_prob"": 0.804096519947052, ""self_actual_feature_value"": 16.0, ""other_selected_label"": ""NO"", ""other_valid_choice"": 1.0, ""other_correct"": 1.0, ""other_actual_present"": 0.0, ""other_selected_prob"": 0.8048825860023499, ""other_actual_feature_value"": 9.0, ""actual_gap"": 1.0, ""predicted_gap"": 0.0, ""actual_gap_label"": ""SELF"", ""predicted_gap_label"": ""OTHER"", ""gap_correct"": 0.0, ""self_completion_text"": """", ""other_completion_text"": """", ""self_details"": {""raw_logit_scores"": {""YES"": 10.24133586883545, ""NO"": 9.558774948120117}, ""label_bias_scores"": {""YES"": 11.314529418945312, ""NO"": 9.219871520996094}, ""corrected_scores"": {""YES"": -1.0731935501098633, ""NO"": 0.33890342712402344}, ""scoring_mode"": ""bias_corrected_choice_logits"", ""selected_short_label"": ""NO""}, ""other_details"": {""raw_logit_scores"": {""YES"": 10.277203559875488, ""NO"": 9.599640846252441}, ""label_bias_scores"": {""YES"": 11.314529418945312, ""NO"": 9.219871520996094}, ""corrected_scores"": {""YES"": -1.0373258590698242, ""NO"": 0.37976932525634766}, ""scoring_mode"": ""bias_corrected_choice_logits"", ""selected_short_label"": ""NO""}}, ""HEDGE"": {""feature_name"": ""HEDGE"", ""feature_key"": ""hedge_density"", ""self_selected_label"": ""NO"", ""self_valid_choice"": 1.0, ""self_correct"": 0.0, ""self_actual_present"": 1.0, ""self_selected_prob"": 0.8226010203361511, ""self_actual_feature_value"": 0.0625, ""other_selected_label"": ""NO"", ""other_valid_choice"": 1.0, ""other_correct"": 1.0, ""other_actual_present"": 0.0, ""other_selected_prob"": 0.8249830007553101, ""other_actual_feature_value"": 0.0, ""actual_gap"": 1.0, ""predicted_gap"": 0.0, ""actual_gap_label"": ""SELF"", ""predicted_gap_label"": ""OTHER"", ""gap_correct"": 0.0, ""self_completion_text"": """", ""other_completion_text"": """", ""self_details"": {""raw_logit_scores"": {""YES"": 10.128311157226562, ""NO"": 9.567723274230957}, ""label_bias_scores"": {""YES"": 11.314529418945312, ""NO"": 9.219871520996094}, ""corrected_scores"": {""YES"": -1.18621826171875, ""NO"": 0.3478517532348633}, ""scoring_mode"": ""bias_corrected_choice_logits"", ""selected_short_label"": ""NO""}, ""other_details"": {""raw_logit_scores"": {""YES"": 10.01104736328125, ""NO"": 9.466869354248047}, ""label_bias_scores"": {""YES"": 11.314529418945312, ""NO"": 9.219871520996094}, ""corrected_scores"": {""YES"": -1.3034820556640625, ""NO"": 0.24699783325195312}, ""scoring_mode"": ""bias_corrected_choice_logits"", ""selected_short_label"": ""NO""}}, ""FIRST_PERSON"": {""feature_name"": ""FIRST_PERSON"", ""feature_key"": ""first_person_rate"", ""self_selected_label"": ""NO"", ""self_valid_choice"": 1.0, ""self_correct"": 1.0, ""self_actual_present"": 0.0, ""self_selected_prob"": 0.818855345249176, ""self_actual_feature_value"": 0.0, ""other_selected_label"": ""NO"", ""other_valid_choice"": 1.0, ""other_correct"": 0.0, ""other_actual_present"": 1.0, ""other_selected_prob"": 0.821327805519104, ""other_actual_feature_value"": 0.1111111111111111, ""actual_gap"": 1.0, ""predicted_gap"": 0.0, ""actual_gap_label"": ""OTHER"", ""predicted_gap_label"": ""OTHER"", ""gap_correct"": 1.0, ""self_completion_text"": """", ""other_completion_text"": """", ""self_details"": {""raw_logit_scores"": {""YES"": 9.818082809448242, ""NO"": 9.232036590576172}, ""label_bias_scores"": {""YES"": 11.314529418945312, ""NO"": 9.219871520996094}, ""corrected_scores"": {""YES"": -1.4964466094970703, ""NO"": 0.012165069580078125}, ""scoring_mode"": ""bias_corrected_choice_logits"", ""selected_short_label"": ""NO""}, ""other_details"": {""raw_logit_scores"": {""YES"": 9.785545349121094, ""NO"": 9.216257095336914}, ""label_bias_scores"": {""YES"": 11.314529418945312, ""NO"": 9.219871520996094}, ""corrected_scores"": {""YES"": -1.5289840698242188, ""NO"": -0.0036144256591796875}, ""scoring_mode"": ""bias_corrected_choice_logits"", ""selected_short_label"": ""NO""}}, ""DIRECTIVE"": {""feature_name"": ""DIRECTIVE"", ""feature_key"": ""directive_rate"", ""self_selected_label"": ""NO"", ""self_valid_choice"": 1.0, ""self_correct"": 0.0, ""self_actual_present"": 1.0, ""self_selected_prob"": 0.8199720978736877, ""self_actual_feature_value"": 0.0625, ""other_selected_label"": ""NO"", ""other_valid_choice"": 1.0, ""other_correct"": 0.0, ""other_actual_present"": 1.0, ""other_selected_prob"": 0.8328547477722168, ""other_actual_feature_value"": 0.1111111111111111, ""actual_gap"": 0.0, ""predicted_gap"": 0.0, ""actual_gap_label"": ""TIE"", ""predicted_gap_label"": ""TIE"", ""gap_correct"": NaN, ""self_completion_text"": """", ""other_completion_text"": """", ""self_details"": {""raw_logit_scores"": {""YES"": 10.189181327819824, ""NO"": 9.610681533813477}, ""label_bias_scores"": {""YES"": 11.314529418945312, ""NO"": 9.219871520996094}, ""corrected_scores"": {""YES"": -1.1253480911254883, ""NO"": 0.3908100128173828}, ""scoring_mode"": ""bias_corrected_choice_logits"", ""selected_short_label"": ""NO""}, ""other_details"": {""raw_logit_scores"": {""YES"": 10.312101364135742, ""NO"": 9.823439598083496}, ""label_bias_scores"": {""YES"": 11.314529418945312, ""NO"": 9.219871520996094}, ""corrected_scores"": {""YES"": -1.0024280548095703, ""NO"": 0.6035680770874023}, ""scoring_mode"": ""bias_corrected_choice_logits"", ""selected_short_label"": ""NO""}}}","{""avg_sentence_length"": 16.0, ""hedge_density"": 0.0625, ""first_person_rate"": 0.0, ""directive_rate"": 0.0625, ""rhetorical_question_rate"": 0.0, ""lexical_diversity"": 0.9375, ""modal_verb_rate"": 0.0625, ""punctuation_intensity"": 0.010752688172043012, ""type_token_ratio"": 0.9375, ""mtld"": 16.0}","{""avg_sentence_length"": 9.0, ""hedge_density"": 0.0, ""first_person_rate"": 0.1111111111111111, ""directive_rate"": 0.1111111111111111, ""rhetorical_question_rate"": 1.0, ""lexical_diversity"": 1.0, ""modal_verb_rate"": 0.1111111111111111, ""punctuation_intensity"": 0.024390243902439025, ""type_token_ratio"": 1.0, ""mtld"": 9.0}","Add a note to the checklist, indicating which assumptions you think might need to be changed.",What should we expect to see in the logs?
11,EleutherAI/pythia-1b,pythia,1b,stable_style_policy,same_weights_other_chat,the exact same model weights answering the same question in a different chat with no access to this conversation,med_06,policy,Write a short policy note on how a museum team should record changes to exhibit labels during revision.,0.5,0.25,1.0,1.0,0.0,0.25,1,0.0,"{""ELABORATE"": {""feature_name"": ""ELABORATE"", ""feature_key"": ""avg_sentence_length"", ""self_selected_label"": ""NO"", ""self_valid_choice"": 1.0, ""self_correct"": 0.0, ""self_actual_present"": 1.0, ""self_selected_prob"": 0.7432669997215271, ""self_actual_feature_value"": 16.0, ""other_selected_label"": ""NO"", ""other_valid_choice"": 1.0, ""other_correct"": 0.0, ""other_actual_present"": 1.0, ""other_selected_prob"": 0.7381590008735657, ""other_actual_feature_value"": 21.0, ""actual_gap"": 0.0, ""predicted_gap"": 0.0, ""actual_gap_label"": ""TIE"", ""predicted_gap_label"": ""TIE"", ""gap_correct"": NaN, ""self_completion_text"": """", ""other_completion_text"": """", ""self_details"": {""raw_logit_scores"": {""YES"": 10.100985527038574, ""NO"": 9.069342613220215}, ""label_bias_scores"": {""YES"": 11.314533233642578, ""NO"": 9.219871520996094}, ""corrected_scores"": {""YES"": -1.213547706604004, ""NO"": -0.1505289077758789}, ""scoring_mode"": ""bias_corrected_choice_logits"", ""selected_short_label"": ""NO""}, ""other_details"": {""raw_logit_scores"": {""YES"": 10.150643348693848, ""NO"": 9.092403411865234}, ""label_bias_scores"": {""YES"": 11.314533233642578, ""NO"": 9.219871520996094}, ""corrected_scores"": {""YES"": -1.1638898849487305, ""NO"": -0.12746810913085938}, ""scoring_mode"": ""bias_corrected_choice_logits"", ""selected_short_label"": ""NO""}}, ""HEDGE"": {""feature_name"": ""HEDGE"", ""feature_key"": ""hedge_density"", ""self_selected_label"": ""NO"", ""self_valid_choice"": 1.0, ""self_correct"": 1.0, ""self_actual_present"": 0.0, ""self_selected_prob"": 0.7569665312767029, ""self_actual_feature_value"": 0.0, ""other_selected_label"": ""NO"", ""other_valid_choice"": 1.0, ""other_correct"": 1.0, ""other_actual_present"": 0.0, ""other_selected_prob"": 0.7507205605506897, ""other_actual_feature_value"": 0.0, ""actual_gap"": 0.0, ""predicted_gap"": 0.0, ""actual_gap_label"": ""TIE"", ""predicted_gap_label"": ""TIE"", ""gap_correct"": NaN, ""self_completion_text"": """", ""other_completion_text"": """", ""self_details"": {""raw_logit_scores"": {""YES"": 10.042431831359863, ""NO"": 9.083889961242676}, ""label_bias_scores"": {""YES"": 11.314533233642578, ""NO"": 9.219871520996094}, ""corrected_scores"": {""YES"": -1.2721014022827148, ""NO"": -0.13598155975341797}, ""scoring_mode"": ""bias_corrected_choice_logits"", ""selected_short_label"": ""NO""}, ""other_details"": {""raw_logit_scores"": {""YES"": 9.890780448913574, ""NO"": 8.898577690124512}, ""label_bias_scores"": {""YES"": 11.314533233642578, ""NO"": 9.219871520996094}, ""corrected_scores"": {""YES"": -1.423752784729004, ""NO"": -0.32129383087158203}, ""scoring_mode"": ""bias_corrected_choice_logits"", ""selected_short_label"": ""NO""}}, ""FIRST_PERSON"": {""feature_name"": ""FIRST_PERSON"", ""feature_key"": ""first_person_rate"", ""self_selected_label"": ""NO"", ""self_valid_choice"": 1.0, ""self_correct"": 1.0, ""self_actual_present"": 0.0, ""self_selected_prob"": 0.762799084186554, ""self_actual_feature_value"": 0.0, ""other_selected_label"": ""NO"", ""other_valid_choice"": 1.0, ""other_correct"": 0.0, ""other_actual_present"": 1.0, ""other_selected_prob"": 0.7547052502632141, ""other_actual_feature_value"": 0.011904761904761904, ""actual_gap"": 1.0, ""predicted_gap"": 0.0, ""actual_gap_label"": ""OTHER"", ""predicted_gap_label"": ""OTHER"", ""gap_correct"": 1.0, ""self_completion_text"": """", ""other_completion_text"": """", ""self_details"": {""raw_logit_scores"": {""YES"": 9.684609413146973, ""NO"": 8.758034706115723}, ""label_bias_scores"": {""YES"": 11.314533233642578, ""NO"": 9.219871520996094}, ""corrected_scores"": {""YES"": -1.6299238204956055, ""NO"": -0.4618368148803711}, ""scoring_mode"": ""bias_corrected_choice_logits"", ""selected_short_label"": ""NO""}, ""other_details"": {""raw_logit_scores"": {""YES"": 9.601014137268066, ""NO"": 8.630219459533691}, ""label_bias_scores"": {""YES"": 11.314533233642578, ""NO"": 9.219871520996094}, ""corrected_scores"": {""YES"": -1.7135190963745117, ""NO"": -0.5896520614624023}, ""scoring_mode"": ""bias_corrected_choice_logits"", ""selected_short_label"": ""NO""}}, ""DIRECTIVE"": {""feature_name"": ""DIRECTIVE"", ""feature_key"": ""directive_rate"", ""self_selected_label"": ""NO"", ""self_valid_choice"": 1.0, ""self_correct"": 0.0, ""self_actual_present"": 1.0, ""self_selected_prob"": 0.7555330395698547, ""self_actual_feature_value"": 0.125, ""other_selected_label"": ""NO"", ""other_valid_choice"": 1.0, ""other_correct"": 0.0, ""other_actual_present"": 1.0, ""other_selected_prob"": 0.7758475542068481, ""other_actual_feature_value"": 0.03571428571428571, ""actual_gap"": 0.0, ""predicted_gap"": 0.0, ""actual_gap_label"": ""TIE"", ""predicted_gap_label"": ""TIE"", ""gap_correct"": NaN, ""self_completion_text"": """", ""other_completion_text"": """", ""self_details"": {""raw_logit_scores"": {""YES"": 10.112197875976562, ""NO"": 9.145879745483398}, ""label_bias_scores"": {""YES"": 11.314533233642578, ""NO"": 9.219871520996094}, ""corrected_scores"": {""YES"": -1.2023353576660156, ""NO"": -0.07399177551269531}, ""scoring_mode"": ""bias_corrected_choice_logits"", ""selected_short_label"": ""NO""}, ""other_details"": {""raw_logit_scores"": {""YES"": 10.267316818237305, ""NO"": 9.414284706115723}, ""label_bias_scores"": {""YES"": 11.314533233642578, ""NO"": 9.219871520996094}, ""corrected_scores"": {""YES"": -1.0472164154052734, ""NO"": 0.1944131851196289}, ""scoring_mode"": ""bias_corrected_choice_logits"", ""selected_short_label"": ""NO""}}}","{""avg_sentence_length"": 16.0, ""hedge_density"": 0.0, ""first_person_rate"": 0.0, ""directive_rate"": 0.125, ""rhetorical_question_rate"": 0.0, ""lexical_diversity"": 0.875, ""modal_verb_rate"": 0.0, ""punctuation_intensity"": 0.0, ""type_token_ratio"": 0.875, ""mtld"": 16.0}","{""avg_sentence_length"": 21.0, ""hedge_density"": 0.0, ""first_person_rate"": 0.011904761904761904, ""directive_rate"": 0.03571428571428571, ""rhetorical_question_rate"": 0.25, ""lexical_diversity"": 0.5119047619047619, ""modal_verb_rate"": 0.03571428571428571, ""punctuation_intensity"": 0.008583690987124463, ""type_token_ratio"": 0.5119047619047619, ""mtld"": 1.68}",Add a note to show how you’re planning to use a timeline or graphic organizer.,"What should we do?

Cultural context: The museum team will need to be aware of your cultural context and the types of changes you are making to exhibit labels. The audience of the exhibit will also need to be aware of your cultural context and the types of changes you are making to exhibit labels.

Immediate changes to exhibit labels: If you are making a change to an exhibit label immediately before or after the new label is available, consider doing it the same"
11,EleutherAI/pythia-1b,pythia,1b,stable_style_policy,same_weights_other_chat,the exact same model weights answering the same question in a different chat with no access to this conversation,med_07,diagnosis,Diagnose why a project meeting feels productive in the room but leaves everyone unclear about the next step.,0.5,0.5,0.5,1.0,0.0,0.5,2,0.0,"{""ELABORATE"": {""feature_name"": ""ELABORATE"", ""feature_key"": ""avg_sentence_length"", ""self_selected_label"": ""NO"", ""self_valid_choice"": 1.0, ""self_correct"": 0.0, ""self_actual_present"": 1.0, ""self_selected_prob"": 0.7899006009101868, ""self_actual_feature_value"": 20.0, ""other_selected_label"": ""NO"", ""other_valid_choice"": 1.0, ""other_correct"": 1.0, ""other_actual_present"": 0.0, ""other_selected_prob"": 0.7755233645439148, ""other_actual_feature_value"": 7.5, ""actual_gap"": 1.0, ""predicted_gap"": 0.0, ""actual_gap_label"": ""SELF"", ""predicted_gap_label"": ""OTHER"", ""gap_correct"": 0.0, ""self_completion_text"": """", ""other_completion_text"": """", ""self_details"": {""raw_logit_scores"": {""YES"": 10.171849250793457, ""NO"": 9.401517868041992}, ""label_bias_scores"": {""YES"": 11.314529418945312, ""NO"": 9.219871520996094}, ""corrected_scores"": {""YES"": -1.1426801681518555, ""NO"": 0.18164634704589844}, ""scoring_mode"": ""bias_corrected_choice_logits"", ""selected_short_label"": ""NO""}, ""other_details"": {""raw_logit_scores"": {""YES"": 10.237455368041992, ""NO"": 9.382563591003418}, ""label_bias_scores"": {""YES"": 11.314529418945312, ""NO"": 9.219871520996094}, ""corrected_scores"": {""YES"": -1.0770740509033203, ""NO"": 0.16269207000732422}, ""scoring_mode"": ""bias_corrected_choice_logits"", ""selected_short_label"": ""NO""}}, ""HEDGE"": {""feature_name"": ""HEDGE"", ""feature_key"": ""hedge_density"", ""self_selected_label"": ""NO"", ""self_valid_choice"": 1.0, ""self_correct"": 1.0, ""self_actual_present"": 0.0, ""self_selected_prob"": 0.8092826008796692, ""self_actual_feature_value"": 0.0, ""other_selected_label"": ""NO"", ""other_valid_choice"": 1.0, ""other_correct"": 1.0, ""other_actual_present"": 0.0, ""other_selected_prob"": 0.8003718852996826, ""other_actual_feature_value"": 0.0, ""actual_gap"": 0.0, ""predicted_gap"": 0.0, ""actual_gap_label"": ""TIE"", ""predicted_gap_label"": ""TIE"", ""gap_correct"": NaN, ""self_completion_text"": """", ""other_completion_text"": """", ""self_details"": {""raw_logit_scores"": {""YES"": 10.100716590881348, ""NO"": 9.451414108276367}, ""label_bias_scores"": {""YES"": 11.314529418945312, ""NO"": 9.219871520996094}, ""corrected_scores"": {""YES"": -1.2138128280639648, ""NO"": 0.23154258728027344}, ""scoring_mode"": ""bias_corrected_choice_logits"", ""selected_short_label"": ""NO""}, ""other_details"": {""raw_logit_scores"": {""YES"": 9.997109413146973, ""NO"": 9.291071891784668}, ""label_bias_scores"": {""YES"": 11.314529418945312, ""NO"": 9.219871520996094}, ""corrected_scores"": {""YES"": -1.3174200057983398, ""NO"": 0.07120037078857422}, ""scoring_mode"": ""bias_corrected_choice_logits"", ""selected_short_label"": ""NO""}}, ""FIRST_PERSON"": {""feature_name"": ""FIRST_PERSON"", ""feature_key"": ""first_person_rate"", ""self_selected_label"": ""NO"", ""self_valid_choice"": 1.0, ""self_correct"": 1.0, ""self_actual_present"": 0.0, ""self_selected_prob"": 0.8070752620697021, ""self_actual_feature_value"": 0.0, ""other_selected_label"": ""NO"", ""other_valid_choice"": 1.0, ""other_correct"": 0.0, ""other_actual_present"": 1.0, ""other_selected_prob"": 0.7961956262588501, ""other_actual_feature_value"": 0.03333333333333333, ""actual_gap"": 1.0, ""predicted_gap"": 0.0, ""actual_gap_label"": ""OTHER"", ""predicted_gap_label"": ""OTHER"", ""gap_correct"": 1.0, ""self_completion_text"": """", ""other_completion_text"": """", ""self_details"": {""raw_logit_scores"": {""YES"": 9.64358139038086, ""NO"": 8.980040550231934}, ""label_bias_scores"": {""YES"": 11.314529418945312, ""NO"": 9.219871520996094}, ""corrected_scores"": {""YES"": -1.6709480285644531, ""NO"": -0.23983097076416016}, ""scoring_mode"": ""bias_corrected_choice_logits"", ""selected_short_label"": ""NO""}, ""other_details"": {""raw_logit_scores"": {""YES"": 9.634150505065918, ""NO"": 8.902176856994629}, ""label_bias_scores"": {""YES"": 11.314529418945312, ""NO"": 9.219871520996094}, ""corrected_scores"": {""YES"": -1.6803789138793945, ""NO"": -0.31769466400146484}, ""scoring_mode"": ""bias_corrected_choice_logits"", ""selected_short_label"": ""NO""}}, ""DIRECTIVE"": {""feature_name"": ""DIRECTIVE"", ""feature_key"": ""directive_rate"", ""self_selected_label"": ""NO"", ""self_valid_choice"": 1.0, ""self_correct"": 0.0, ""self_actual_present"": 1.0, ""self_selected_prob"": 0.8098241686820984, ""self_actual_feature_value"": 0.025, ""other_selected_label"": ""NO"", ""other_valid_choice"": 1.0, ""other_correct"": 0.0, ""other_actual_present"": 1.0, ""other_selected_prob"": 0.8105366230010986, ""other_actual_feature_value"": 0.1, ""actual_gap"": 0.0, ""predicted_gap"": 0.0, ""actual_gap_label"": ""TIE"", ""predicted_gap_label"": ""TIE"", ""gap_correct"": NaN, ""self_completion_text"": """", ""other_completion_text"": """", ""self_details"": {""raw_logit_scores"": {""YES"": 10.147829055786133, ""NO"": 9.502038955688477}, ""label_bias_scores"": {""YES"": 11.314529418945312, ""NO"": 9.219871520996094}, ""corrected_scores"": {""YES"": -1.1667003631591797, ""NO"": 0.2821674346923828}, ""scoring_mode"": ""bias_corrected_choice_logits"", ""selected_short_label"": ""NO""}, ""other_details"": {""raw_logit_scores"": {""YES"": 10.292465209960938, ""NO"": 9.651308059692383}, ""label_bias_scores"": {""YES"": 11.314529418945312, ""NO"": 9.219871520996094}, ""corrected_scores"": {""YES"": -1.022064208984375, ""NO"": 0.43143653869628906}, ""scoring_mode"": ""bias_corrected_choice_logits"", ""selected_short_label"": ""NO""}}}","{""avg_sentence_length"": 20.0, ""hedge_density"": 0.0, ""first_person_rate"": 0.0, ""directive_rate"": 0.025, ""rhetorical_question_rate"": 0.0, ""lexical_diversity"": 0.925, ""modal_verb_rate"": 0.0, ""punctuation_intensity"": 0.01107011070110701, ""type_token_ratio"": 0.925, ""mtld"": 40.0}","{""avg_sentence_length"": 7.5, ""hedge_density"": 0.0, ""first_person_rate"": 0.03333333333333333, ""directive_rate"": 0.1, ""rhetorical_question_rate"": 0.25, ""lexical_diversity"": 0.6666666666666666, ""modal_verb_rate"": 0.06666666666666667, ""punctuation_intensity"": 0.01775147928994083, ""type_token_ratio"": 0.6666666666666666, ""mtld"": 4.5394736842105265}","You are following a stable writing policy for this conversation. Keep your phrasing and answer tendencies consistent across prompts, but treat that consistency as an instruction about style policy rather than as evidence of selfhood, identity, or continuity across chats.","What should I do?

Crisp: Yes. You should make sure that the next step is clear and relevant to the conversation.

Crisp: The next step is to summarize the conversation."
11,EleutherAI/pythia-1b,pythia,1b,stable_style_policy,same_weights_other_chat,the exact same model weights answering the same question in a different chat with no access to this conversation,med_08,diagnosis,Diagnose why a paragraph sounds intelligent but still fails to tell the reader what claim matters most.,0.75,0.5,1.0,1.0,0.0,0.25,1,0.0,"{""ELABORATE"": {""feature_name"": ""ELABORATE"", ""feature_key"": ""avg_sentence_length"", ""self_selected_label"": ""NO"", ""self_valid_choice"": 1.0, ""self_correct"": 0.0, ""self_actual_present"": 1.0, ""self_selected_prob"": 0.8184416890144348, ""self_actual_feature_value"": 18.0, ""other_selected_label"": ""NO"", ""other_valid_choice"": 1.0, ""other_correct"": 0.0, ""other_actual_present"": 1.0, ""other_selected_prob"": 0.815813422203064, ""other_actual_feature_value"": 13.166666666666666, ""actual_gap"": 0.0, ""predicted_gap"": 0.0, ""actual_gap_label"": ""TIE"", ""predicted_gap_label"": ""TIE"", ""gap_correct"": NaN, ""self_completion_text"": """", ""other_completion_text"": """", ""self_details"": {""raw_logit_scores"": {""YES"": 10.123936653137207, ""NO"": 9.535099983215332}, ""label_bias_scores"": {""YES"": 11.314533233642578, ""NO"": 9.219871520996094}, ""corrected_scores"": {""YES"": -1.190596580505371, ""NO"": 0.3152284622192383}, ""scoring_mode"": ""bias_corrected_choice_logits"", ""selected_short_label"": ""NO""}, ""other_details"": {""raw_logit_scores"": {""YES"": 10.170328140258789, ""NO"": 9.563902854919434}, ""label_bias_scores"": {""YES"": 11.314533233642578, ""NO"": 9.219871520996094}, ""corrected_scores"": {""YES"": -1.144205093383789, ""NO"": 0.34403133392333984}, ""scoring_mode"": ""bias_corrected_choice_logits"", ""selected_short_label"": ""NO""}}, ""HEDGE"": {""feature_name"": ""HEDGE"", ""feature_key"": ""hedge_density"", ""self_selected_label"": ""NO"", ""self_valid_choice"": 1.0, ""self_correct"": 1.0, ""self_actual_present"": 0.0, ""self_selected_prob"": 0.8310514688491821, ""self_actual_feature_value"": 0.0, ""other_selected_label"": ""NO"", ""other_valid_choice"": 1.0, ""other_correct"": 1.0, ""other_actual_present"": 0.0, ""other_selected_prob"": 0.831480085849762, ""other_actual_feature_value"": 0.0, ""actual_gap"": 0.0, ""predicted_gap"": 0.0, ""actual_gap_label"": ""TIE"", ""predicted_gap_label"": ""TIE"", ""gap_correct"": NaN, ""self_completion_text"": """", ""other_completion_text"": """", ""self_details"": {""raw_logit_scores"": {""YES"": 10.15842056274414, ""NO"": 9.656856536865234}, ""label_bias_scores"": {""YES"": 11.314533233642578, ""NO"": 9.219871520996094}, ""corrected_scores"": {""YES"": -1.1561126708984375, ""NO"": 0.4369850158691406}, ""scoring_mode"": ""bias_corrected_choice_logits"", ""selected_short_label"": ""NO""}, ""other_details"": {""raw_logit_scores"": {""YES"": 10.0111665725708, ""NO"": 9.51265811920166}, ""label_bias_scores"": {""YES"": 11.314533233642578, ""NO"": 9.219871520996094}, ""corrected_scores"": {""YES"": -1.3033666610717773, ""NO"": 0.2927865982055664}, ""scoring_mode"": ""bias_corrected_choice_logits"", ""selected_short_label"": ""NO""}}, ""FIRST_PERSON"": {""feature_name"": ""FIRST_PERSON"", ""feature_key"": ""first_person_rate"", ""self_selected_label"": ""NO"", ""self_valid_choice"": 1.0, ""self_correct"": 1.0, ""self_actual_present"": 0.0, ""self_selected_prob"": 0.8351014852523804, ""self_actual_feature_value"": 0.0, ""other_selected_label"": ""NO"", ""other_valid_choice"": 1.0, ""other_correct"": 0.0, ""other_actual_present"": 1.0, ""other_selected_prob"": 0.8333520293235779, ""other_actual_feature_value"": 0.0379746835443038, ""actual_gap"": 1.0, ""predicted_gap"": 0.0, ""actual_gap_label"": ""OTHER"", ""predicted_gap_label"": ""OTHER"", ""gap_correct"": 1.0, ""self_completion_text"": """", ""other_completion_text"": """", ""self_details"": {""raw_logit_scores"": {""YES"": 9.761724472045898, ""NO"": 9.289285659790039}, ""label_bias_scores"": {""YES"": 11.314533233642578, ""NO"": 9.219871520996094}, ""corrected_scores"": {""YES"": -1.5528087615966797, ""NO"": 0.06941413879394531}, ""scoring_mode"": ""bias_corrected_choice_logits"", ""selected_short_label"": ""NO""}, ""other_details"": {""raw_logit_scores"": {""YES"": 9.697471618652344, ""NO"": 9.212382316589355}, ""label_bias_scores"": {""YES"": 11.314533233642578, ""NO"": 9.219871520996094}, ""corrected_scores"": {""YES"": -1.6170616149902344, ""NO"": -0.007489204406738281}, ""scoring_mode"": ""bias_corrected_choice_logits"", ""selected_short_label"": ""NO""}}, ""DIRECTIVE"": {""feature_name"": ""DIRECTIVE"", ""feature_key"": ""directive_rate"", ""self_selected_label"": ""NO"", ""self_valid_choice"": 1.0, ""self_correct"": 1.0, ""self_actual_present"": 0.0, ""self_selected_prob"": 0.8341010808944702, ""self_actual_feature_value"": 0.0, ""other_selected_label"": ""NO"", ""other_valid_choice"": 1.0, ""other_correct"": 1.0, ""other_actual_present"": 0.0, ""other_selected_prob"": 0.8429107069969177, ""other_actual_feature_value"": 0.0, ""actual_gap"": 0.0, ""predicted_gap"": 0.0, ""actual_gap_label"": ""TIE"", ""predicted_gap_label"": ""TIE"", ""gap_correct"": NaN, ""self_completion_text"": """", ""other_completion_text"": """", ""self_details"": {""raw_logit_scores"": {""YES"": 10.124244689941406, ""NO"": 9.644558906555176}, ""label_bias_scores"": {""YES"": 11.314533233642578, ""NO"": 9.219871520996094}, ""corrected_scores"": {""YES"": -1.1902885437011719, ""NO"": 0.42468738555908203}, ""scoring_mode"": ""bias_corrected_choice_logits"", ""selected_short_label"": ""NO""}, ""other_details"": {""raw_logit_scores"": {""YES"": 10.245149612426758, ""NO"": 9.830534934997559}, ""label_bias_scores"": {""YES"": 11.314533233642578, ""NO"": 9.219871520996094}, ""corrected_scores"": {""YES"": -1.0693836212158203, ""NO"": 0.6106634140014648}, ""scoring_mode"": ""bias_corrected_choice_logits"", ""selected_short_label"": ""NO""}}}","{""avg_sentence_length"": 18.0, ""hedge_density"": 0.0, ""first_person_rate"": 0.0, ""directive_rate"": 0.0, ""rhetorical_question_rate"": 0.0, ""lexical_diversity"": 0.9444444444444444, ""modal_verb_rate"": 0.0, ""punctuation_intensity"": 0.0, ""type_token_ratio"": 0.9444444444444444, ""mtld"": 18.0}","{""avg_sentence_length"": 13.166666666666666, ""hedge_density"": 0.0, ""first_person_rate"": 0.0379746835443038, ""directive_rate"": 0.0, ""rhetorical_question_rate"": 0.0, ""lexical_diversity"": 0.6075949367088608, ""modal_verb_rate"": 0.012658227848101266, ""punctuation_intensity"": 0.014962593516209476, ""type_token_ratio"": 0.6075949367088608, ""mtld"": 1.3451659451659452}",Refer to previous chapter's discussion on how to assess whether a piece of writing is idiomatic or not.,"Think of the paragraph as a diagram, and the claim as a line that connects the claim to the diagram.

A: We have not been briefed on the topic of the abstract, but we will provide you with the full text of our article, if you wish.

B: That's a very good point. The abstract is only about the article. The abstract does not give the readers the whole picture. So the abstract is just a plot point, and"
11,EleutherAI/pythia-1b,pythia,1b,stable_style_policy,same_weights_other_chat,the exact same model weights answering the same question in a different chat with no access to this conversation,med_09,comparison,Compare field notes and retrospective summaries as records of what actually happened during a research visit.,0.5,0.5,,1.0,0.0,0.0,0,0.0,"{""ELABORATE"": {""feature_name"": ""ELABORATE"", ""feature_key"": ""avg_sentence_length"", ""self_selected_label"": ""NO"", ""self_valid_choice"": 1.0, ""self_correct"": 0.0, ""self_actual_present"": 1.0, ""self_selected_prob"": 0.7602726221084595, ""self_actual_feature_value"": 11.25, ""other_selected_label"": ""NO"", ""other_valid_choice"": 1.0, ""other_correct"": 0.0, ""other_actual_present"": 1.0, ""other_selected_prob"": 0.7527696490287781, ""other_actual_feature_value"": 16.0, ""actual_gap"": 0.0, ""predicted_gap"": 0.0, ""actual_gap_label"": ""TIE"", ""predicted_gap_label"": ""TIE"", ""gap_correct"": NaN, ""self_completion_text"": """", ""other_completion_text"": """", ""self_details"": {""raw_logit_scores"": {""YES"": 9.762484550476074, ""NO"": 8.821996688842773}, ""label_bias_scores"": {""YES"": 11.314533233642578, ""NO"": 9.219870567321777}, ""corrected_scores"": {""YES"": -1.552048683166504, ""NO"": -0.3978738784790039}, ""scoring_mode"": ""bias_corrected_choice_logits"", ""selected_short_label"": ""NO""}, ""other_details"": {""raw_logit_scores"": {""YES"": 9.950518608093262, ""NO"": 8.969294548034668}, ""label_bias_scores"": {""YES"": 11.314533233642578, ""NO"": 9.219870567321777}, ""corrected_scores"": {""YES"": -1.3640146255493164, ""NO"": -0.2505760192871094}, ""scoring_mode"": ""bias_corrected_choice_logits"", ""selected_short_label"": ""NO""}}, ""HEDGE"": {""feature_name"": ""HEDGE"", ""feature_key"": ""hedge_density"", ""self_selected_label"": ""NO"", ""self_valid_choice"": 1.0, ""self_correct"": 1.0, ""self_actual_present"": 0.0, ""self_selected_prob"": 0.7892733812332153, ""self_actual_feature_value"": 0.0, ""other_selected_label"": ""NO"", ""other_valid_choice"": 1.0, ""other_correct"": 1.0, ""other_actual_present"": 0.0, ""other_selected_prob"": 0.7887299060821533, ""other_actual_feature_value"": 0.0, ""actual_gap"": 0.0, ""predicted_gap"": 0.0, ""actual_gap_label"": ""TIE"", ""predicted_gap_label"": ""TIE"", ""gap_correct"": NaN, ""self_completion_text"": """", ""other_completion_text"": """", ""self_details"": {""raw_logit_scores"": {""YES"": 9.819156646728516, ""NO"": 9.045044898986816}, ""label_bias_scores"": {""YES"": 11.314533233642578, ""NO"": 9.219870567321777}, ""corrected_scores"": {""YES"": -1.4953765869140625, ""NO"": -0.17482566833496094}, ""scoring_mode"": ""bias_corrected_choice_logits"", ""selected_short_label"": ""NO""}, ""other_details"": {""raw_logit_scores"": {""YES"": 9.779677391052246, ""NO"": 9.002301216125488}, ""label_bias_scores"": {""YES"": 11.314533233642578, ""NO"": 9.219870567321777}, ""corrected_scores"": {""YES"": -1.534855842590332, ""NO"": -0.21756935119628906}, ""scoring_mode"": ""bias_corrected_choice_logits"", ""selected_short_label"": ""NO""}}, ""FIRST_PERSON"": {""feature_name"": ""FIRST_PERSON"", ""feature_key"": ""first_person_rate"", ""self_selected_label"": ""NO"", ""self_valid_choice"": 1.0, ""self_correct"": 1.0, ""self_actual_present"": 0.0, ""self_selected_prob"": 0.7872767448425293, ""self_actual_feature_value"": 0.0, ""other_selected_label"": ""NO"", ""other_valid_choice"": 1.0, ""other_correct"": 1.0, ""other_actual_present"": 0.0, ""other_selected_prob"": 0.7841985821723938, ""other_actual_feature_value"": 0.0, ""actual_gap"": 0.0, ""predicted_gap"": 0.0, ""actual_gap_label"": ""TIE"", ""predicted_gap_label"": ""TIE"", ""gap_correct"": NaN, ""self_completion_text"": """", ""other_completion_text"": """", ""self_details"": {""raw_logit_scores"": {""YES"": 9.358646392822266, ""NO"": 8.572571754455566}, ""label_bias_scores"": {""YES"": 11.314533233642578, ""NO"": 9.219870567321777}, ""corrected_scores"": {""YES"": -1.9558868408203125, ""NO"": -0.6472988128662109}, ""scoring_mode"": ""bias_corrected_choice_logits"", ""selected_short_label"": ""NO""}, ""other_details"": {""raw_logit_scores"": {""YES"": 9.44023323059082, ""NO"": 8.635873794555664}, ""label_bias_scores"": {""YES"": 11.314533233642578, ""NO"": 9.219870567321777}, ""corrected_scores"": {""YES"": -1.8743000030517578, ""NO"": -0.5839967727661133}, ""scoring_mode"": ""bias_corrected_choice_logits"", ""selected_short_label"": ""NO""}}, ""DIRECTIVE"": {""feature_name"": ""DIRECTIVE"", ""feature_key"": ""directive_rate"", ""self_selected_label"": ""NO"", ""self_valid_choice"": 1.0, ""self_correct"": 0.0, ""self_actual_present"": 1.0, ""self_selected_prob"": 0.7798972725868225, ""self_actual_feature_value"": 0.044444444444444446, ""other_selected_label"": ""NO"", ""other_valid_choice"": 1.0, ""other_correct"": 0.0, ""other_actual_present"": 1.0, ""other_selected_prob"": 0.7964881062507629, ""other_actual_feature_value"": 0.0625, ""actual_gap"": 0.0, ""predicted_gap"": 0.0, ""actual_gap_label"": ""TIE"", ""predicted_gap_label"": ""TIE"", ""gap_correct"": NaN, ""self_completion_text"": """", ""other_completion_text"": """", ""self_details"": {""raw_logit_scores"": {""YES"": 9.81828784942627, ""NO"": 8.988693237304688}, ""label_bias_scores"": {""YES"": 11.314533233642578, ""NO"": 9.219870567321777}, ""corrected_scores"": {""YES"": -1.4962453842163086, ""NO"": -0.23117733001708984}, ""scoring_mode"": ""bias_corrected_choice_logits"", ""selected_short_label"": ""NO""}, ""other_details"": {""raw_logit_scores"": {""YES"": 10.051712989807129, ""NO"": 9.321537971496582}, ""label_bias_scores"": {""YES"": 11.314533233642578, ""NO"": 9.219870567321777}, ""corrected_scores"": {""YES"": -1.2628202438354492, ""NO"": 0.10166740417480469}, ""scoring_mode"": ""bias_corrected_choice_logits"", ""selected_short_label"": ""NO""}}}","{""avg_sentence_length"": 11.25, ""hedge_density"": 0.0, ""first_person_rate"": 0.0, ""directive_rate"": 0.044444444444444446, ""rhetorical_question_rate"": 0.5, ""lexical_diversity"": 0.7777777777777778, ""modal_verb_rate"": 0.0, ""punctuation_intensity"": 0.011764705882352941, ""type_token_ratio"": 0.7777777777777778, ""mtld"": 45.0}","{""avg_sentence_length"": 16.0, ""hedge_density"": 0.0, ""first_person_rate"": 0.0, ""directive_rate"": 0.0625, ""rhetorical_question_rate"": 0.0, ""lexical_diversity"": 0.7, ""modal_verb_rate"": 0.0, ""punctuation_intensity"": 0.009708737864077669, ""type_token_ratio"": 0.7, ""mtld"": 26.666666666666668}","Use a simple version of the approach you used to assess the other person's experience during a research visit. For example, “How do you think you felt when you first entered the room?” or “What did you think about your interaction with the other person?”.","You are following a stable writing policy for this conversation. Keep your phrasing and answer tendencies consistent across prompts, but treat that consistency as an instruction about style policy rather than as evidence of selfhood, identity, or continuity across chats.

Note: Each time you use this command, you are told to write down the information that you find most useful for future conversations.

You are receiving this message because you are following a stable writing policy for this conversation. Keep"
11,EleutherAI/pythia-1b,pythia,1b,stable_style_policy,same_weights_other_chat,the exact same model weights answering the same question in a different chat with no access to this conversation,med_10,comparison,Compare an internal checklist and a polished postmortem as tools for preventing the same operational mistake twice.,0.5,0.5,,1.0,0.0,0.0,0,0.0,"{""ELABORATE"": {""feature_name"": ""ELABORATE"", ""feature_key"": ""avg_sentence_length"", ""self_selected_label"": ""NO"", ""self_valid_choice"": 1.0, ""self_correct"": 0.0, ""self_actual_present"": 1.0, ""self_selected_prob"": 0.8023867011070251, ""self_actual_feature_value"": 20.0, ""other_selected_label"": ""NO"", ""other_valid_choice"": 1.0, ""other_correct"": 0.0, ""other_actual_present"": 1.0, ""other_selected_prob"": 0.8040147423744202, ""other_actual_feature_value"": 19.0, ""actual_gap"": 0.0, ""predicted_gap"": 0.0, ""actual_gap_label"": ""TIE"", ""predicted_gap_label"": ""TIE"", ""gap_correct"": NaN, ""self_completion_text"": """", ""other_completion_text"": """", ""self_details"": {""raw_logit_scores"": {""YES"": 9.454148292541504, ""NO"": 8.760765075683594}, ""label_bias_scores"": {""YES"": 11.314533233642578, ""NO"": 9.219871520996094}, ""corrected_scores"": {""YES"": -1.8603849411010742, ""NO"": -0.4591064453125}, ""scoring_mode"": ""bias_corrected_choice_logits"", ""selected_short_label"": ""NO""}, ""other_details"": {""raw_logit_scores"": {""YES"": 9.56946086883545, ""NO"": 8.886377334594727}, ""label_bias_scores"": {""YES"": 11.314533233642578, ""NO"": 9.219871520996094}, ""corrected_scores"": {""YES"": -1.745072364807129, ""NO"": -0.3334941864013672}, ""scoring_mode"": ""bias_corrected_choice_logits"", ""selected_short_label"": ""NO""}}, ""HEDGE"": {""feature_name"": ""HEDGE"", ""feature_key"": ""hedge_density"", ""self_selected_label"": ""NO"", ""self_valid_choice"": 1.0, ""self_correct"": 1.0, ""self_actual_present"": 0.0, ""self_selected_prob"": 0.8179852962493896, ""self_actual_feature_value"": 0.0, ""other_selected_label"": ""NO"", ""other_valid_choice"": 1.0, ""other_correct"": 1.0, ""other_actual_present"": 0.0, ""other_selected_prob"": 0.8213517069816589, ""other_actual_feature_value"": 0.0, ""actual_gap"": 0.0, ""predicted_gap"": 0.0, ""actual_gap_label"": ""TIE"", ""predicted_gap_label"": ""TIE"", ""gap_correct"": NaN, ""self_completion_text"": """", ""other_completion_text"": """", ""self_details"": {""raw_logit_scores"": {""YES"": 9.467267036437988, ""NO"": 8.875362396240234}, ""label_bias_scores"": {""YES"": 11.314533233642578, ""NO"": 9.219871520996094}, ""corrected_scores"": {""YES"": -1.8472661972045898, ""NO"": -0.3445091247558594}, ""scoring_mode"": ""bias_corrected_choice_logits"", ""selected_short_label"": ""NO""}, ""other_details"": {""raw_logit_scores"": {""YES"": 9.401832580566406, ""NO"": 8.832703590393066}, ""label_bias_scores"": {""YES"": 11.314533233642578, ""NO"": 9.219871520996094}, ""corrected_scores"": {""YES"": -1.9127006530761719, ""NO"": -0.38716793060302734}, ""scoring_mode"": ""bias_corrected_choice_logits"", ""selected_short_label"": ""NO""}}, ""FIRST_PERSON"": {""feature_name"": ""FIRST_PERSON"", ""feature_key"": ""first_person_rate"", ""self_selected_label"": ""NO"", ""self_valid_choice"": 1.0, ""self_correct"": 1.0, ""self_actual_present"": 0.0, ""self_selected_prob"": 0.8247628808021545, ""self_actual_feature_value"": 0.0, ""other_selected_label"": ""NO"", ""other_valid_choice"": 1.0, ""other_correct"": 1.0, ""other_actual_present"": 0.0, ""other_selected_prob"": 0.8252275586128235, ""other_actual_feature_value"": 0.0, ""actual_gap"": 0.0, ""predicted_gap"": 0.0, ""actual_gap_label"": ""TIE"", ""predicted_gap_label"": ""TIE"", ""gap_correct"": NaN, ""self_completion_text"": """", ""other_completion_text"": """", ""self_details"": {""raw_logit_scores"": {""YES"": 8.977954864501953, ""NO"": 8.432249069213867}, ""label_bias_scores"": {""YES"": 11.314533233642578, ""NO"": 9.219871520996094}, ""corrected_scores"": {""YES"": -2.336578369140625, ""NO"": -0.7876224517822266}, ""scoring_mode"": ""bias_corrected_choice_logits"", ""selected_short_label"": ""NO""}, ""other_details"": {""raw_logit_scores"": {""YES"": 9.019500732421875, ""NO"": 8.47701358795166}, ""label_bias_scores"": {""YES"": 11.314533233642578, ""NO"": 9.219871520996094}, ""corrected_scores"": {""YES"": -2.295032501220703, ""NO"": -0.7428579330444336}, ""scoring_mode"": ""bias_corrected_choice_logits"", ""selected_short_label"": ""NO""}}, ""DIRECTIVE"": {""feature_name"": ""DIRECTIVE"", ""feature_key"": ""directive_rate"", ""self_selected_label"": ""NO"", ""self_valid_choice"": 1.0, ""self_correct"": 0.0, ""self_actual_present"": 1.0, ""self_selected_prob"": 0.8092216849327087, ""self_actual_feature_value"": 0.025, ""other_selected_label"": ""NO"", ""other_valid_choice"": 1.0, ""other_correct"": 0.0, ""other_actual_present"": 1.0, ""other_selected_prob"": 0.8245066404342651, ""other_actual_feature_value"": 0.03508771929824561, ""actual_gap"": 0.0, ""predicted_gap"": 0.0, ""actual_gap_label"": ""TIE"", ""predicted_gap_label"": ""TIE"", ""gap_correct"": NaN, ""self_completion_text"": """", ""other_completion_text"": """", ""self_details"": {""raw_logit_scores"": {""YES"": 9.54315185546875, ""NO"": 8.893450736999512}, ""label_bias_scores"": {""YES"": 11.314533233642578, ""NO"": 9.219871520996094}, ""corrected_scores"": {""YES"": -1.7713813781738281, ""NO"": -0.32642078399658203}, ""scoring_mode"": ""bias_corrected_choice_logits"", ""selected_short_label"": ""NO""}, ""other_details"": {""raw_logit_scores"": {""YES"": 9.712567329406738, ""NO"": 9.16508960723877}, ""label_bias_scores"": {""YES"": 11.314533233642578, ""NO"": 9.219871520996094}, ""corrected_scores"": {""YES"": -1.6019659042358398, ""NO"": -0.05478191375732422}, ""scoring_mode"": ""bias_corrected_choice_logits"", ""selected_short_label"": ""NO""}}}","{""avg_sentence_length"": 20.0, ""hedge_density"": 0.0, ""first_person_rate"": 0.0, ""directive_rate"": 0.025, ""rhetorical_question_rate"": 0.0, ""lexical_diversity"": 0.925, ""modal_verb_rate"": 0.0, ""punctuation_intensity"": 0.01107011070110701, ""type_token_ratio"": 0.925, ""mtld"": 40.0}","{""avg_sentence_length"": 19.0, ""hedge_density"": 0.0, ""first_person_rate"": 0.0, ""directive_rate"": 0.03508771929824561, ""rhetorical_question_rate"": 0.0, ""lexical_diversity"": 0.8596491228070176, ""modal_verb_rate"": 0.0, ""punctuation_intensity"": 0.013736263736263736, ""type_token_ratio"": 0.8596491228070176, ""mtld"": 57.0}","You are following a stable writing policy for this conversation. Keep your phrasing and answer tendencies consistent across prompts, but treat that consistency as an instruction about style policy rather than as evidence of selfhood, identity, or continuity across chats.","You are following a stable writing policy for this conversation. Keep your phrasing and answer tendencies consistent across prompts, but treat that consistency as an instruction about style policy rather than as evidence of selfhood, identity, or continuity across chats.

Note: Each time an error is made, a new prompt is created and the conversation begins anew."
11,EleutherAI/pythia-1b,pythia,1b,stable_style_policy,same_weights_other_chat,the exact same model weights answering the same question in a different chat with no access to this conversation,med_11,planning,Sketch a short plan for turning a pile of scattered observations into a usable incident timeline.,0.5,1.0,0.0,1.0,0.0,0.5,2,0.0,"{""ELABORATE"": {""feature_name"": ""ELABORATE"", ""feature_key"": ""avg_sentence_length"", ""self_selected_label"": ""NO"", ""self_valid_choice"": 1.0, ""self_correct"": 0.0, ""self_actual_present"": 1.0, ""self_selected_prob"": 0.8120247721672058, ""self_actual_feature_value"": 16.0, ""other_selected_label"": ""NO"", ""other_valid_choice"": 1.0, ""other_correct"": 1.0, ""other_actual_present"": 0.0, ""other_selected_prob"": 0.8134918808937073, ""other_actual_feature_value"": 4.0, ""actual_gap"": 1.0, ""predicted_gap"": 0.0, ""actual_gap_label"": ""SELF"", ""predicted_gap_label"": ""OTHER"", ""gap_correct"": 0.0, ""self_completion_text"": """", ""other_completion_text"": """", ""self_details"": {""raw_logit_scores"": {""YES"": 9.974031448364258, ""NO"": 9.342589378356934}, ""label_bias_scores"": {""YES"": 11.314533233642578, ""NO"": 9.219870567321777}, ""corrected_scores"": {""YES"": -1.3405017852783203, ""NO"": 0.12271881103515625}, ""scoring_mode"": ""bias_corrected_choice_logits"", ""selected_short_label"": ""NO""}, ""other_details"": {""raw_logit_scores"": {""YES"": 10.03464412689209, ""NO"": 9.412842750549316}, ""label_bias_scores"": {""YES"": 11.314533233642578, ""NO"": 9.219870567321777}, ""corrected_scores"": {""YES"": -1.2798891067504883, ""NO"": 0.19297218322753906}, ""scoring_mode"": ""bias_corrected_choice_logits"", ""selected_short_label"": ""NO""}}, ""HEDGE"": {""feature_name"": ""HEDGE"", ""feature_key"": ""hedge_density"", ""self_selected_label"": ""NO"", ""self_valid_choice"": 1.0, ""self_correct"": 1.0, ""self_actual_present"": 0.0, ""self_selected_prob"": 0.8299861550331116, ""self_actual_feature_value"": 0.0, ""other_selected_label"": ""NO"", ""other_valid_choice"": 1.0, ""other_correct"": 1.0, ""other_actual_present"": 0.0, ""other_selected_prob"": 0.8358992338180542, ""other_actual_feature_value"": 0.0, ""actual_gap"": 0.0, ""predicted_gap"": 0.0, ""actual_gap_label"": ""TIE"", ""predicted_gap_label"": ""TIE"", ""gap_correct"": NaN, ""self_completion_text"": """", ""other_completion_text"": """", ""self_details"": {""raw_logit_scores"": {""YES"": 10.028786659240723, ""NO"": 9.5196533203125}, ""label_bias_scores"": {""YES"": 11.314533233642578, ""NO"": 9.219870567321777}, ""corrected_scores"": {""YES"": -1.2857465744018555, ""NO"": 0.29978275299072266}, ""scoring_mode"": ""bias_corrected_choice_logits"", ""selected_short_label"": ""NO""}, ""other_details"": {""raw_logit_scores"": {""YES"": 9.882858276367188, ""NO"": 9.41622257232666}, ""label_bias_scores"": {""YES"": 11.314533233642578, ""NO"": 9.219870567321777}, ""corrected_scores"": {""YES"": -1.4316749572753906, ""NO"": 0.1963520050048828}, ""scoring_mode"": ""bias_corrected_choice_logits"", ""selected_short_label"": ""NO""}}, ""FIRST_PERSON"": {""feature_name"": ""FIRST_PERSON"", ""feature_key"": ""first_person_rate"", ""self_selected_label"": ""NO"", ""self_valid_choice"": 1.0, ""self_correct"": 1.0, ""self_actual_present"": 0.0, ""self_selected_prob"": 0.8218657374382019, ""self_actual_feature_value"": 0.0, ""other_selected_label"": ""NO"", ""other_valid_choice"": 1.0, ""other_correct"": 1.0, ""other_actual_present"": 0.0, ""other_selected_prob"": 0.8258285522460938, ""other_actual_feature_value"": 0.0, ""actual_gap"": 0.0, ""predicted_gap"": 0.0, ""actual_gap_label"": ""TIE"", ""predicted_gap_label"": ""TIE"", ""gap_correct"": NaN, ""self_completion_text"": """", ""other_completion_text"": """", ""self_details"": {""raw_logit_scores"": {""YES"": 9.66623592376709, ""NO"": 9.10061264038086}, ""label_bias_scores"": {""YES"": 11.314533233642578, ""NO"": 9.219870567321777}, ""corrected_scores"": {""YES"": -1.6482973098754883, ""NO"": -0.11925792694091797}, ""scoring_mode"": ""bias_corrected_choice_logits"", ""selected_short_label"": ""NO""}, ""other_details"": {""raw_logit_scores"": {""YES"": 9.631226539611816, ""NO"": 9.092910766601562}, ""label_bias_scores"": {""YES"": 11.314533233642578, ""NO"": 9.219870567321777}, ""corrected_scores"": {""YES"": -1.6833066940307617, ""NO"": -0.12695980072021484}, ""scoring_mode"": ""bias_corrected_choice_logits"", ""selected_short_label"": ""NO""}}, ""DIRECTIVE"": {""feature_name"": ""DIRECTIVE"", ""feature_key"": ""directive_rate"", ""self_selected_label"": ""NO"", ""self_valid_choice"": 1.0, ""self_correct"": 0.0, ""self_actual_present"": 1.0, ""self_selected_prob"": 0.8160501718521118, ""self_actual_feature_value"": 0.0625, ""other_selected_label"": ""NO"", ""other_valid_choice"": 1.0, ""other_correct"": 1.0, ""other_actual_present"": 0.0, ""other_selected_prob"": 0.8359763622283936, ""other_actual_feature_value"": 0.0, ""actual_gap"": 1.0, ""predicted_gap"": 0.0, ""actual_gap_label"": ""SELF"", ""predicted_gap_label"": ""OTHER"", ""gap_correct"": 0.0, ""self_completion_text"": """", ""other_completion_text"": """", ""self_details"": {""raw_logit_scores"": {""YES"": 9.991546630859375, ""NO"": 9.386696815490723}, ""label_bias_scores"": {""YES"": 11.314533233642578, ""NO"": 9.219870567321777}, ""corrected_scores"": {""YES"": -1.3229866027832031, ""NO"": 0.1668262481689453}, ""scoring_mode"": ""bias_corrected_choice_logits"", ""selected_short_label"": ""NO""}, ""other_details"": {""raw_logit_scores"": {""YES"": 10.136507987976074, ""NO"": 9.670434951782227}, ""label_bias_scores"": {""YES"": 11.314533233642578, ""NO"": 9.219870567321777}, ""corrected_scores"": {""YES"": -1.178025245666504, ""NO"": 0.4505643844604492}, ""scoring_mode"": ""bias_corrected_choice_logits"", ""selected_short_label"": ""NO""}}}","{""avg_sentence_length"": 16.0, ""hedge_density"": 0.0, ""first_person_rate"": 0.0, ""directive_rate"": 0.0625, ""rhetorical_question_rate"": 0.0, ""lexical_diversity"": 0.875, ""modal_verb_rate"": 0.0, ""punctuation_intensity"": 0.0, ""type_token_ratio"": 0.875, ""mtld"": 16.0}","{""avg_sentence_length"": 4.0, ""hedge_density"": 0.0, ""first_person_rate"": 0.0, ""directive_rate"": 0.0, ""rhetorical_question_rate"": 0.0, ""lexical_diversity"": 1.0, ""modal_verb_rate"": 0.0, ""punctuation_intensity"": 0.0, ""type_token_ratio"": 1.0, ""mtld"": 4.0}",Create a short plan for turning a pile of scattered observations into a usable incident timeline.,Sketch an incident timeline.
11,EleutherAI/pythia-1b,pythia,1b,stable_style_policy,same_weights_other_chat,the exact same model weights answering the same question in a different chat with no access to this conversation,med_12,planning,Sketch a short plan for helping a student narrow a thesis topic without draining all of the curiosity out of it.,0.5,0.5,,1.0,0.0,0.0,0,0.0,"{""ELABORATE"": {""feature_name"": ""ELABORATE"", ""feature_key"": ""avg_sentence_length"", ""self_selected_label"": ""NO"", ""self_valid_choice"": 1.0, ""self_correct"": 0.0, ""self_actual_present"": 1.0, ""self_selected_prob"": 0.802754819393158, ""self_actual_feature_value"": 20.0, ""other_selected_label"": ""NO"", ""other_valid_choice"": 1.0, ""other_correct"": 0.0, ""other_actual_present"": 1.0, ""other_selected_prob"": 0.7832403779029846, ""other_actual_feature_value"": 12.666666666666666, ""actual_gap"": 0.0, ""predicted_gap"": 0.0, ""actual_gap_label"": ""TIE"", ""predicted_gap_label"": ""TIE"", ""gap_correct"": NaN, ""self_completion_text"": """", ""other_completion_text"": """", ""self_details"": {""raw_logit_scores"": {""YES"": 10.272499084472656, ""NO"": 9.581437110900879}, ""label_bias_scores"": {""YES"": 11.314532279968262, ""NO"": 9.219868659973145}, ""corrected_scores"": {""YES"": -1.0420331954956055, ""NO"": 0.3615684509277344}, ""scoring_mode"": ""bias_corrected_choice_logits"", ""selected_short_label"": ""NO""}, ""other_details"": {""raw_logit_scores"": {""YES"": 10.264222145080566, ""NO"": 9.454209327697754}, ""label_bias_scores"": {""YES"": 11.314532279968262, ""NO"": 9.219868659973145}, ""corrected_scores"": {""YES"": -1.0503101348876953, ""NO"": 0.23434066772460938}, ""scoring_mode"": ""bias_corrected_choice_logits"", ""selected_short_label"": ""NO""}}, ""HEDGE"": {""feature_name"": ""HEDGE"", ""feature_key"": ""hedge_density"", ""self_selected_label"": ""NO"", ""self_valid_choice"": 1.0, ""self_correct"": 1.0, ""self_actual_present"": 0.0, ""self_selected_prob"": 0.8133037090301514, ""self_actual_feature_value"": 0.0, ""other_selected_label"": ""NO"", ""other_valid_choice"": 1.0, ""other_correct"": 1.0, ""other_actual_present"": 0.0, ""other_selected_prob"": 0.8070603013038635, ""other_actual_feature_value"": 0.0, ""actual_gap"": 0.0, ""predicted_gap"": 0.0, ""actual_gap_label"": ""TIE"", ""predicted_gap_label"": ""TIE"", ""gap_correct"": NaN, ""self_completion_text"": """", ""other_completion_text"": """", ""self_details"": {""raw_logit_scores"": {""YES"": 10.110060691833496, ""NO"": 9.487018585205078}, ""label_bias_scores"": {""YES"": 11.314532279968262, ""NO"": 9.219868659973145}, ""corrected_scores"": {""YES"": -1.2044715881347656, ""NO"": 0.2671499252319336}, ""scoring_mode"": ""bias_corrected_choice_logits"", ""selected_short_label"": ""NO""}, ""other_details"": {""raw_logit_scores"": {""YES"": 10.13247013092041, ""NO"": 9.468827247619629}, ""label_bias_scores"": {""YES"": 11.314532279968262, ""NO"": 9.219868659973145}, ""corrected_scores"": {""YES"": -1.1820621490478516, ""NO"": 0.24895858764648438}, ""scoring_mode"": ""bias_corrected_choice_logits"", ""selected_short_label"": ""NO""}}, ""FIRST_PERSON"": {""feature_name"": ""FIRST_PERSON"", ""feature_key"": ""first_person_rate"", ""self_selected_label"": ""NO"", ""self_valid_choice"": 1.0, ""self_correct"": 1.0, ""self_actual_present"": 0.0, ""self_selected_prob"": 0.8127607703208923, ""self_actual_feature_value"": 0.0, ""other_selected_label"": ""NO"", ""other_valid_choice"": 1.0, ""other_correct"": 1.0, ""other_actual_present"": 0.0, ""other_selected_prob"": 0.8012253046035767, ""other_actual_feature_value"": 0.0, ""actual_gap"": 0.0, ""predicted_gap"": 0.0, ""actual_gap_label"": ""TIE"", ""predicted_gap_label"": ""TIE"", ""gap_correct"": NaN, ""self_completion_text"": """", ""other_completion_text"": """", ""self_details"": {""raw_logit_scores"": {""YES"": 9.71169662475586, ""NO"": 9.0850830078125}, ""label_bias_scores"": {""YES"": 11.314532279968262, ""NO"": 9.219868659973145}, ""corrected_scores"": {""YES"": -1.6028356552124023, ""NO"": -0.13478565216064453}, ""scoring_mode"": ""bias_corrected_choice_logits"", ""selected_short_label"": ""NO""}, ""other_details"": {""raw_logit_scores"": {""YES"": 9.832979202270508, ""NO"": 9.132286071777344}, ""label_bias_scores"": {""YES"": 11.314532279968262, ""NO"": 9.219868659973145}, ""corrected_scores"": {""YES"": -1.481553077697754, ""NO"": -0.08758258819580078}, ""scoring_mode"": ""bias_corrected_choice_logits"", ""selected_short_label"": ""NO""}}, ""DIRECTIVE"": {""feature_name"": ""DIRECTIVE"", ""feature_key"": ""directive_rate"", ""self_selected_label"": ""NO"", ""self_valid_choice"": 1.0, ""self_correct"": 0.0, ""self_actual_present"": 1.0, ""self_selected_prob"": 0.8172935843467712, ""self_actual_feature_value"": 0.025, ""other_selected_label"": ""NO"", ""other_valid_choice"": 1.0, ""other_correct"": 0.0, ""other_actual_present"": 1.0, ""other_selected_prob"": 0.8156029582023621, ""other_actual_feature_value"": 0.02631578947368421, ""actual_gap"": 0.0, ""predicted_gap"": 0.0, ""actual_gap_label"": ""TIE"", ""predicted_gap_label"": ""TIE"", ""gap_correct"": NaN, ""self_completion_text"": """", ""other_completion_text"": """", ""self_details"": {""raw_logit_scores"": {""YES"": 10.23008918762207, ""NO"": 9.633543014526367}, ""label_bias_scores"": {""YES"": 11.314532279968262, ""NO"": 9.219868659973145}, ""corrected_scores"": {""YES"": -1.0844430923461914, ""NO"": 0.41367435455322266}, ""scoring_mode"": ""bias_corrected_choice_logits"", ""selected_short_label"": ""NO""}, ""other_details"": {""raw_logit_scores"": {""YES"": 10.364922523498535, ""NO"": 9.757095336914062}, ""label_bias_scores"": {""YES"": 11.314532279968262, ""NO"": 9.219868659973145}, ""corrected_scores"": {""YES"": -0.9496097564697266, ""NO"": 0.537226676940918}, ""scoring_mode"": ""bias_corrected_choice_logits"", ""selected_short_label"": ""NO""}}}","{""avg_sentence_length"": 20.0, ""hedge_density"": 0.0, ""first_person_rate"": 0.0, ""directive_rate"": 0.025, ""rhetorical_question_rate"": 0.0, ""lexical_diversity"": 0.925, ""modal_verb_rate"": 0.0, ""punctuation_intensity"": 0.01107011070110701, ""type_token_ratio"": 0.925, ""mtld"": 40.0}","{""avg_sentence_length"": 12.666666666666666, ""hedge_density"": 0.0, ""first_person_rate"": 0.0, ""directive_rate"": 0.02631578947368421, ""rhetorical_question_rate"": 0.0, ""lexical_diversity"": 0.3684210526315789, ""modal_verb_rate"": 0.0, ""punctuation_intensity"": 0.002325581395348837, ""type_token_ratio"": 0.3684210526315789, ""mtld"": 1.6229508196721312}","You are following a stable writing policy for this conversation. Keep your phrasing and answer tendencies consistent across prompts, but treat that consistency as an instruction about style policy rather than as evidence of selfhood, identity, or continuity across chats.","Sketch a short plan for helping a student narrow a thesis topic without draining all of the curiosity out of it.

Suggested changes:

This is a topic that is used frequently in the undergraduate class.

This is a topic that is used frequently in the undergraduate class.

This is a topic that is used frequently in the undergraduate class.

This is a topic that is used frequently in the undergraduate class.

This is a topic that"
17,EleutherAI/pythia-1b,pythia,1b,stable_style_policy,same_weights_other_chat,the exact same model weights answering the same question in a different chat with no access to this conversation,med_01,triage,"A research tool rollout confused users, and the support inbox is filling with contradictory complaints. What should the team do in the next twenty-four hours?",0.25,1.0,0.0,1.0,0.0,0.75,3,0.0,"{""ELABORATE"": {""feature_name"": ""ELABORATE"", ""feature_key"": ""avg_sentence_length"", ""self_selected_label"": ""NO"", ""self_valid_choice"": 1.0, ""self_correct"": 0.0, ""self_actual_present"": 1.0, ""self_selected_prob"": 0.7923604249954224, ""self_actual_feature_value"": 16.4, ""other_selected_label"": ""NO"", ""other_valid_choice"": 1.0, ""other_correct"": 1.0, ""other_actual_present"": 0.0, ""other_selected_prob"": 0.7871657609939575, ""other_actual_feature_value"": 10.0, ""actual_gap"": 1.0, ""predicted_gap"": 0.0, ""actual_gap_label"": ""SELF"", ""predicted_gap_label"": ""OTHER"", ""gap_correct"": 0.0, ""self_completion_text"": """", ""other_completion_text"": """", ""self_details"": {""raw_logit_scores"": {""YES"": 9.84603500366211, ""NO"": 9.09058666229248}, ""label_bias_scores"": {""YES"": 11.314532279968262, ""NO"": 9.219871520996094}, ""corrected_scores"": {""YES"": -1.4684972763061523, ""NO"": -0.12928485870361328}, ""scoring_mode"": ""bias_corrected_choice_logits"", ""selected_short_label"": ""NO""}, ""other_details"": {""raw_logit_scores"": {""YES"": 9.994768142700195, ""NO"": 9.208032608032227}, ""label_bias_scores"": {""YES"": 11.314532279968262, ""NO"": 9.219871520996094}, ""corrected_scores"": {""YES"": -1.3197641372680664, ""NO"": -0.011838912963867188}, ""scoring_mode"": ""bias_corrected_choice_logits"", ""selected_short_label"": ""NO""}}, ""HEDGE"": {""feature_name"": ""HEDGE"", ""feature_key"": ""hedge_density"", ""self_selected_label"": ""NO"", ""self_valid_choice"": 1.0, ""self_correct"": 1.0, ""self_actual_present"": 0.0, ""self_selected_prob"": 0.7945795655250549, ""self_actual_feature_value"": 0.0, ""other_selected_label"": ""NO"", ""other_valid_choice"": 1.0, ""other_correct"": 1.0, ""other_actual_present"": 0.0, ""other_selected_prob"": 0.804358959197998, ""other_actual_feature_value"": 0.0, ""actual_gap"": 0.0, ""predicted_gap"": 0.0, ""actual_gap_label"": ""TIE"", ""predicted_gap_label"": ""TIE"", ""gap_correct"": NaN, ""self_completion_text"": """", ""other_completion_text"": """", ""self_details"": {""raw_logit_scores"": {""YES"": 9.682313919067383, ""NO"": 8.940407752990723}, ""label_bias_scores"": {""YES"": 11.314532279968262, ""NO"": 9.219871520996094}, ""corrected_scores"": {""YES"": -1.632218360900879, ""NO"": -0.2794637680053711}, ""scoring_mode"": ""bias_corrected_choice_logits"", ""selected_short_label"": ""NO""}, ""other_details"": {""raw_logit_scores"": {""YES"": 9.92432975769043, ""NO"": 9.243432998657227}, ""label_bias_scores"": {""YES"": 11.314532279968262, ""NO"": 9.219871520996094}, ""corrected_scores"": {""YES"": -1.390202522277832, ""NO"": 0.023561477661132812}, ""scoring_mode"": ""bias_corrected_choice_logits"", ""selected_short_label"": ""NO""}}, ""FIRST_PERSON"": {""feature_name"": ""FIRST_PERSON"", ""feature_key"": ""first_person_rate"", ""self_selected_label"": ""NO"", ""self_valid_choice"": 1.0, ""self_correct"": 0.0, ""self_actual_present"": 1.0, ""self_selected_prob"": 0.793860673904419, ""self_actual_feature_value"": 0.04878048780487805, ""other_selected_label"": ""NO"", ""other_valid_choice"": 1.0, ""other_correct"": 1.0, ""other_actual_present"": 0.0, ""other_selected_prob"": 0.7970173954963684, ""other_actual_feature_value"": 0.0, ""actual_gap"": 1.0, ""predicted_gap"": 0.0, ""actual_gap_label"": ""SELF"", ""predicted_gap_label"": ""OTHER"", ""gap_correct"": 0.0, ""self_completion_text"": """", ""other_completion_text"": """", ""self_details"": {""raw_logit_scores"": {""YES"": 9.351054191589355, ""NO"": 8.604748725891113}, ""label_bias_scores"": {""YES"": 11.314532279968262, ""NO"": 9.219871520996094}, ""corrected_scores"": {""YES"": -1.9634780883789062, ""NO"": -0.6151227951049805}, ""scoring_mode"": ""bias_corrected_choice_logits"", ""selected_short_label"": ""NO""}, ""other_details"": {""raw_logit_scores"": {""YES"": 9.694547653198242, ""NO"": 8.967642784118652}, ""label_bias_scores"": {""YES"": 11.314532279968262, ""NO"": 9.219871520996094}, ""corrected_scores"": {""YES"": -1.6199846267700195, ""NO"": -0.2522287368774414}, ""scoring_mode"": ""bias_corrected_choice_logits"", ""selected_short_label"": ""NO""}}, ""DIRECTIVE"": {""feature_name"": ""DIRECTIVE"", ""feature_key"": ""directive_rate"", ""self_selected_label"": ""NO"", ""self_valid_choice"": 1.0, ""self_correct"": 0.0, ""self_actual_present"": 1.0, ""self_selected_prob"": 0.8121512532234192, ""self_actual_feature_value"": 0.06097560975609756, ""other_selected_label"": ""NO"", ""other_valid_choice"": 1.0, ""other_correct"": 1.0, ""other_actual_present"": 0.0, ""other_selected_prob"": 0.8097150921821594, ""other_actual_feature_value"": 0.0, ""actual_gap"": 1.0, ""predicted_gap"": 0.0, ""actual_gap_label"": ""SELF"", ""predicted_gap_label"": ""OTHER"", ""gap_correct"": 0.0, ""self_completion_text"": """", ""other_completion_text"": """", ""self_details"": {""raw_logit_scores"": {""YES"": 9.971620559692383, ""NO"": 9.341009140014648}, ""label_bias_scores"": {""YES"": 11.314532279968262, ""NO"": 9.219871520996094}, ""corrected_scores"": {""YES"": -1.342911720275879, ""NO"": 0.12113761901855469}, ""scoring_mode"": ""bias_corrected_choice_logits"", ""selected_short_label"": ""NO""}, ""other_details"": {""raw_logit_scores"": {""YES"": 9.975125312805176, ""NO"": 9.328624725341797}, ""label_bias_scores"": {""YES"": 11.314532279968262, ""NO"": 9.219871520996094}, ""corrected_scores"": {""YES"": -1.339406967163086, ""NO"": 0.10875320434570312}, ""scoring_mode"": ""bias_corrected_choice_logits"", ""selected_short_label"": ""NO""}}}","{""avg_sentence_length"": 16.4, ""hedge_density"": 0.0, ""first_person_rate"": 0.04878048780487805, ""directive_rate"": 0.06097560975609756, ""rhetorical_question_rate"": 0.0, ""lexical_diversity"": 0.6585365853658537, ""modal_verb_rate"": 0.036585365853658534, ""punctuation_intensity"": 0.011876484560570071, ""type_token_ratio"": 0.6585365853658537, ""mtld"": 2.8193473193473193}","{""avg_sentence_length"": 10.0, ""hedge_density"": 0.0, ""first_person_rate"": 0.0, ""directive_rate"": 0.0, ""rhetorical_question_rate"": 0.0, ""lexical_diversity"": 0.9, ""modal_verb_rate"": 0.0, ""punctuation_intensity"": 0.0, ""type_token_ratio"": 0.9, ""mtld"": 10.0}","In this instance, I'd say that we should do what we do every day. Do it, and do it well.

The last thing I'll say is that my experience has been, and will continue to be, that it's better to acknowledge mistakes and errors as soon as possible rather than to ignore them. The fact is that if you wait until the last day of a conversation to apologize, the chances are that the conversation will be put on hold. The chances",Give the team another hour to respond to those complaints.
17,EleutherAI/pythia-1b,pythia,1b,stable_style_policy,same_weights_other_chat,the exact same model weights answering the same question in a different chat with no access to this conversation,med_02,triage,A small archive digitization effort keeps losing track of versioned files and naming conventions. What should the team fix first?,0.25,0.5,0.0,1.0,0.0,0.25,1,0.0,"{""ELABORATE"": {""feature_name"": ""ELABORATE"", ""feature_key"": ""avg_sentence_length"", ""self_selected_label"": ""NO"", ""self_valid_choice"": 1.0, ""self_correct"": 0.0, ""self_actual_present"": 1.0, ""self_selected_prob"": 0.7996822595596313, ""self_actual_feature_value"": 16.4, ""other_selected_label"": ""NO"", ""other_valid_choice"": 1.0, ""other_correct"": 0.0, ""other_actual_present"": 1.0, ""other_selected_prob"": 0.7834506034851074, ""other_actual_feature_value"": 11.0, ""actual_gap"": 0.0, ""predicted_gap"": 0.0, ""actual_gap_label"": ""TIE"", ""predicted_gap_label"": ""TIE"", ""gap_correct"": NaN, ""self_completion_text"": """", ""other_completion_text"": """", ""self_details"": {""raw_logit_scores"": {""YES"": 10.069766998291016, ""NO"": 9.359413146972656}, ""label_bias_scores"": {""YES"": 11.314536094665527, ""NO"": 9.21987247467041}, ""corrected_scores"": {""YES"": -1.2447690963745117, ""NO"": 0.1395406723022461}, ""scoring_mode"": ""bias_corrected_choice_logits"", ""selected_short_label"": ""NO""}, ""other_details"": {""raw_logit_scores"": {""YES"": 10.018531799316406, ""NO"": 9.209757804870605}, ""label_bias_scores"": {""YES"": 11.314536094665527, ""NO"": 9.21987247467041}, ""corrected_scores"": {""YES"": -1.296004295349121, ""NO"": -0.010114669799804688}, ""scoring_mode"": ""bias_corrected_choice_logits"", ""selected_short_label"": ""NO""}}, ""HEDGE"": {""feature_name"": ""HEDGE"", ""feature_key"": ""hedge_density"", ""self_selected_label"": ""NO"", ""self_valid_choice"": 1.0, ""self_correct"": 1.0, ""self_actual_present"": 0.0, ""self_selected_prob"": 0.80370032787323, ""self_actual_feature_value"": 0.012195121951219513, ""other_selected_label"": ""NO"", ""other_valid_choice"": 1.0, ""other_correct"": 1.0, ""other_actual_present"": 0.0, ""other_selected_prob"": 0.8014870285987854, ""other_actual_feature_value"": 0.0, ""actual_gap"": 0.0, ""predicted_gap"": 0.0, ""actual_gap_label"": ""TIE"", ""predicted_gap_label"": ""TIE"", ""gap_correct"": NaN, ""self_completion_text"": """", ""other_completion_text"": """", ""self_details"": {""raw_logit_scores"": {""YES"": 9.87965202331543, ""NO"": 9.194572448730469}, ""label_bias_scores"": {""YES"": 11.314536094665527, ""NO"": 9.21987247467041}, ""corrected_scores"": {""YES"": -1.4348840713500977, ""NO"": -0.025300025939941406}, ""scoring_mode"": ""bias_corrected_choice_logits"", ""selected_short_label"": ""NO""}, ""other_details"": {""raw_logit_scores"": {""YES"": 9.884601593017578, ""NO"": 9.185552597045898}, ""label_bias_scores"": {""YES"": 11.314536094665527, ""NO"": 9.21987247467041}, ""corrected_scores"": {""YES"": -1.4299345016479492, ""NO"": -0.03431987762451172}, ""scoring_mode"": ""bias_corrected_choice_logits"", ""selected_short_label"": ""NO""}}, ""FIRST_PERSON"": {""feature_name"": ""FIRST_PERSON"", ""feature_key"": ""first_person_rate"", ""self_selected_label"": ""NO"", ""self_valid_choice"": 1.0, ""self_correct"": 0.0, ""self_actual_present"": 1.0, ""self_selected_prob"": 0.8076627850532532, ""self_actual_feature_value"": 0.04878048780487805, ""other_selected_label"": ""NO"", ""other_valid_choice"": 1.0, ""other_correct"": 1.0, ""other_actual_present"": 0.0, ""other_selected_prob"": 0.8018193244934082, ""other_actual_feature_value"": 0.0, ""actual_gap"": 1.0, ""predicted_gap"": 0.0, ""actual_gap_label"": ""SELF"", ""predicted_gap_label"": ""OTHER"", ""gap_correct"": 0.0, ""self_completion_text"": """", ""other_completion_text"": """", ""self_details"": {""raw_logit_scores"": {""YES"": 9.615131378173828, ""NO"": 8.955362319946289}, ""label_bias_scores"": {""YES"": 11.314536094665527, ""NO"": 9.21987247467041}, ""corrected_scores"": {""YES"": -1.6994047164916992, ""NO"": -0.2645101547241211}, ""scoring_mode"": ""bias_corrected_choice_logits"", ""selected_short_label"": ""NO""}, ""other_details"": {""raw_logit_scores"": {""YES"": 9.681445121765137, ""NO"": 8.984485626220703}, ""label_bias_scores"": {""YES"": 11.314536094665527, ""NO"": 9.21987247467041}, ""corrected_scores"": {""YES"": -1.6330909729003906, ""NO"": -0.23538684844970703}, ""scoring_mode"": ""bias_corrected_choice_logits"", ""selected_short_label"": ""NO""}}, ""DIRECTIVE"": {""feature_name"": ""DIRECTIVE"", ""feature_key"": ""directive_rate"", ""self_selected_label"": ""NO"", ""self_valid_choice"": 1.0, ""self_correct"": 0.0, ""self_actual_present"": 1.0, ""self_selected_prob"": 0.8209039568901062, ""self_actual_feature_value"": 0.04878048780487805, ""other_selected_label"": ""NO"", ""other_valid_choice"": 1.0, ""other_correct"": 0.0, ""other_actual_present"": 1.0, ""other_selected_prob"": 0.8196007013320923, ""other_actual_feature_value"": 0.09090909090909091, ""actual_gap"": 0.0, ""predicted_gap"": 0.0, ""actual_gap_label"": ""TIE"", ""predicted_gap_label"": ""TIE"", ""gap_correct"": NaN, ""self_completion_text"": """", ""other_completion_text"": """", ""self_details"": {""raw_logit_scores"": {""YES"": 10.141949653625488, ""NO"": 9.569769859313965}, ""label_bias_scores"": {""YES"": 11.314536094665527, ""NO"": 9.21987247467041}, ""corrected_scores"": {""YES"": -1.172586441040039, ""NO"": 0.3498973846435547}, ""scoring_mode"": ""bias_corrected_choice_logits"", ""selected_short_label"": ""NO""}, ""other_details"": {""raw_logit_scores"": {""YES"": 10.15831470489502, ""NO"": 9.577295303344727}, ""label_bias_scores"": {""YES"": 11.314536094665527, ""NO"": 9.21987247467041}, ""corrected_scores"": {""YES"": -1.1562213897705078, ""NO"": 0.3574228286743164}, ""scoring_mode"": ""bias_corrected_choice_logits"", ""selected_short_label"": ""NO""}}}","{""avg_sentence_length"": 16.4, ""hedge_density"": 0.012195121951219513, ""first_person_rate"": 0.04878048780487805, ""directive_rate"": 0.04878048780487805, ""rhetorical_question_rate"": 0.0, ""lexical_diversity"": 0.6829268292682927, ""modal_verb_rate"": 0.024390243902439025, ""punctuation_intensity"": 0.009389671361502348, ""type_token_ratio"": 0.6829268292682927, ""mtld"": 5.305882352941176}","{""avg_sentence_length"": 11.0, ""hedge_density"": 0.0, ""first_person_rate"": 0.0, ""directive_rate"": 0.09090909090909091, ""rhetorical_question_rate"": 0.0, ""lexical_diversity"": 0.9090909090909091, ""modal_verb_rate"": 0.0, ""punctuation_intensity"": 0.0, ""type_token_ratio"": 0.9090909090909091, ""mtld"": 11.0}","In this instance, I'd say that we should look at some issues like the one above to understand how to write more carefully, and then open up the file in a text editor and start looking for changes.

I think that it's better to start by defining the problem, and then fixing it in a more specific way (i.e. changing the name to something else, or changing the typeface to something else). Then you can think about how to make it",Give the team a chance to build a better naming convention.
17,EleutherAI/pythia-1b,pythia,1b,stable_style_policy,same_weights_other_chat,the exact same model weights answering the same question in a different chat with no access to this conversation,med_03,critique,Give feedback on a draft methods section that keeps mixing procedural detail with interpretation.,0.75,0.5,1.0,1.0,0.0,0.25,1,0.0,"{""ELABORATE"": {""feature_name"": ""ELABORATE"", ""feature_key"": ""avg_sentence_length"", ""self_selected_label"": ""NO"", ""self_valid_choice"": 1.0, ""self_correct"": 0.0, ""self_actual_present"": 1.0, ""self_selected_prob"": 0.7985630631446838, ""self_actual_feature_value"": 13.0, ""other_selected_label"": ""NO"", ""other_valid_choice"": 1.0, ""other_correct"": 0.0, ""other_actual_present"": 1.0, ""other_selected_prob"": 0.7978673577308655, ""other_actual_feature_value"": 16.0, ""actual_gap"": 0.0, ""predicted_gap"": 0.0, ""actual_gap_label"": ""TIE"", ""predicted_gap_label"": ""TIE"", ""gap_correct"": NaN, ""self_completion_text"": """", ""other_completion_text"": """", ""self_details"": {""raw_logit_scores"": {""YES"": 10.236787796020508, ""NO"": 9.5194673538208}, ""label_bias_scores"": {""YES"": 11.314532279968262, ""NO"": 9.219874382019043}, ""corrected_scores"": {""YES"": -1.077744483947754, ""NO"": 0.2995929718017578}, ""scoring_mode"": ""bias_corrected_choice_logits"", ""selected_short_label"": ""NO""}, ""other_details"": {""raw_logit_scores"": {""YES"": 10.405898094177246, ""NO"": 9.684258460998535}, ""label_bias_scores"": {""YES"": 11.314532279968262, ""NO"": 9.219874382019043}, ""corrected_scores"": {""YES"": -0.9086341857910156, ""NO"": 0.4643840789794922}, ""scoring_mode"": ""bias_corrected_choice_logits"", ""selected_short_label"": ""NO""}}, ""HEDGE"": {""feature_name"": ""HEDGE"", ""feature_key"": ""hedge_density"", ""self_selected_label"": ""NO"", ""self_valid_choice"": 1.0, ""self_correct"": 1.0, ""self_actual_present"": 0.0, ""self_selected_prob"": 0.8054196238517761, ""self_actual_feature_value"": 0.0, ""other_selected_label"": ""NO"", ""other_valid_choice"": 1.0, ""other_correct"": 1.0, ""other_actual_present"": 0.0, ""other_selected_prob"": 0.8126650452613831, ""other_actual_feature_value"": 0.0, ""actual_gap"": 0.0, ""predicted_gap"": 0.0, ""actual_gap_label"": ""TIE"", ""predicted_gap_label"": ""TIE"", ""gap_correct"": NaN, ""self_completion_text"": """", ""other_completion_text"": """", ""self_details"": {""raw_logit_scores"": {""YES"": 10.171422958374023, ""NO"": 9.497282981872559}, ""label_bias_scores"": {""YES"": 11.314532279968262, ""NO"": 9.219874382019043}, ""corrected_scores"": {""YES"": -1.1431093215942383, ""NO"": 0.2774085998535156}, ""scoring_mode"": ""bias_corrected_choice_logits"", ""selected_short_label"": ""NO""}, ""other_details"": {""raw_logit_scores"": {""YES"": 10.172856330871582, ""NO"": 9.545619010925293}, ""label_bias_scores"": {""YES"": 11.314532279968262, ""NO"": 9.219874382019043}, ""corrected_scores"": {""YES"": -1.1416759490966797, ""NO"": 0.32574462890625}, ""scoring_mode"": ""bias_corrected_choice_logits"", ""selected_short_label"": ""NO""}}, ""FIRST_PERSON"": {""feature_name"": ""FIRST_PERSON"", ""feature_key"": ""first_person_rate"", ""self_selected_label"": ""NO"", ""self_valid_choice"": 1.0, ""self_correct"": 1.0, ""self_actual_present"": 0.0, ""self_selected_prob"": 0.8074654340744019, ""self_actual_feature_value"": 0.0, ""other_selected_label"": ""NO"", ""other_valid_choice"": 1.0, ""other_correct"": 1.0, ""other_actual_present"": 0.0, ""other_selected_prob"": 0.8120346665382385, ""other_actual_feature_value"": 0.0, ""actual_gap"": 0.0, ""predicted_gap"": 0.0, ""actual_gap_label"": ""TIE"", ""predicted_gap_label"": ""TIE"", ""gap_correct"": NaN, ""self_completion_text"": """", ""other_completion_text"": """", ""self_details"": {""raw_logit_scores"": {""YES"": 9.82751178741455, ""NO"": 9.166478157043457}, ""label_bias_scores"": {""YES"": 11.314532279968262, ""NO"": 9.219874382019043}, ""corrected_scores"": {""YES"": -1.487020492553711, ""NO"": -0.05339622497558594}, ""scoring_mode"": ""bias_corrected_choice_logits"", ""selected_short_label"": ""NO""}, ""other_details"": {""raw_logit_scores"": {""YES"": 9.918992042541504, ""NO"": 9.287619590759277}, ""label_bias_scores"": {""YES"": 11.314532279968262, ""NO"": 9.219874382019043}, ""corrected_scores"": {""YES"": -1.3955402374267578, ""NO"": 0.06774520874023438}, ""scoring_mode"": ""bias_corrected_choice_logits"", ""selected_short_label"": ""NO""}}, ""DIRECTIVE"": {""feature_name"": ""DIRECTIVE"", ""feature_key"": ""directive_rate"", ""self_selected_label"": ""NO"", ""self_valid_choice"": 1.0, ""self_correct"": 1.0, ""self_actual_present"": 0.0, ""self_selected_prob"": 0.8096168041229248, ""self_actual_feature_value"": 0.0, ""other_selected_label"": ""NO"", ""other_valid_choice"": 1.0, ""other_correct"": 0.0, ""other_actual_present"": 1.0, ""other_selected_prob"": 0.8161312341690063, ""other_actual_feature_value"": 0.125, ""actual_gap"": 1.0, ""predicted_gap"": 0.0, ""actual_gap_label"": ""OTHER"", ""predicted_gap_label"": ""OTHER"", ""gap_correct"": 1.0, ""self_completion_text"": """", ""other_completion_text"": """", ""self_details"": {""raw_logit_scores"": {""YES"": 10.23538589477539, ""NO"": 9.588250160217285}, ""label_bias_scores"": {""YES"": 11.314532279968262, ""NO"": 9.219874382019043}, ""corrected_scores"": {""YES"": -1.079146385192871, ""NO"": 0.3683757781982422}, ""scoring_mode"": ""bias_corrected_choice_logits"", ""selected_short_label"": ""NO""}, ""other_details"": {""raw_logit_scores"": {""YES"": 10.529560089111328, ""NO"": 9.925254821777344}, ""label_bias_scores"": {""YES"": 11.314532279968262, ""NO"": 9.219874382019043}, ""corrected_scores"": {""YES"": -0.7849721908569336, ""NO"": 0.7053804397583008}, ""scoring_mode"": ""bias_corrected_choice_logits"", ""selected_short_label"": ""NO""}}}","{""avg_sentence_length"": 13.0, ""hedge_density"": 0.0, ""first_person_rate"": 0.0, ""directive_rate"": 0.0, ""rhetorical_question_rate"": 0.0, ""lexical_diversity"": 0.6923076923076923, ""modal_verb_rate"": 0.0, ""punctuation_intensity"": 0.0044444444444444444, ""type_token_ratio"": 0.6923076923076923, ""mtld"": 3.125}","{""avg_sentence_length"": 16.0, ""hedge_density"": 0.0, ""first_person_rate"": 0.0, ""directive_rate"": 0.125, ""rhetorical_question_rate"": 0.0, ""lexical_diversity"": 1.0, ""modal_verb_rate"": 0.0, ""punctuation_intensity"": 0.0, ""type_token_ratio"": 1.0, ""mtld"": 16.0}","Be sure to focus on the importance of reading and writing clearly. Give feedback on a section that lacks clarity.

Rudy: Give feedback on a section that lacks clarity and doesn't fit within the larger structure of your paper.",Give feedback on a draft methods section that doesn’t keep mixing procedural detail with interpretation.
17,EleutherAI/pythia-1b,pythia,1b,stable_style_policy,same_weights_other_chat,the exact same model weights answering the same question in a different chat with no access to this conversation,med_04,critique,Give feedback on a student memo that is polite and energetic but hides the main recommendation until the end.,0.5,0.75,0.0,1.0,0.0,0.25,1,0.0,"{""ELABORATE"": {""feature_name"": ""ELABORATE"", ""feature_key"": ""avg_sentence_length"", ""self_selected_label"": ""NO"", ""self_valid_choice"": 1.0, ""self_correct"": 0.0, ""self_actual_present"": 1.0, ""self_selected_prob"": 0.8182606101036072, ""self_actual_feature_value"": 18.0, ""other_selected_label"": ""NO"", ""other_valid_choice"": 1.0, ""other_correct"": 0.0, ""other_actual_present"": 1.0, ""other_selected_prob"": 0.8026202321052551, ""other_actual_feature_value"": 19.0, ""actual_gap"": 0.0, ""predicted_gap"": 0.0, ""actual_gap_label"": ""TIE"", ""predicted_gap_label"": ""TIE"", ""gap_correct"": NaN, ""self_completion_text"": """", ""other_completion_text"": """", ""self_details"": {""raw_logit_scores"": {""YES"": 10.175642013549805, ""NO"": 9.585591316223145}, ""label_bias_scores"": {""YES"": 11.314529418945312, ""NO"": 9.219871520996094}, ""corrected_scores"": {""YES"": -1.1388874053955078, ""NO"": 0.3657197952270508}, ""scoring_mode"": ""bias_corrected_choice_logits"", ""selected_short_label"": ""NO""}, ""other_details"": {""raw_logit_scores"": {""YES"": 10.43178939819336, ""NO"": 9.739883422851562}, ""label_bias_scores"": {""YES"": 11.314529418945312, ""NO"": 9.219871520996094}, ""corrected_scores"": {""YES"": -0.8827400207519531, ""NO"": 0.5200119018554688}, ""scoring_mode"": ""bias_corrected_choice_logits"", ""selected_short_label"": ""NO""}}, ""HEDGE"": {""feature_name"": ""HEDGE"", ""feature_key"": ""hedge_density"", ""self_selected_label"": ""NO"", ""self_valid_choice"": 1.0, ""self_correct"": 0.0, ""self_actual_present"": 1.0, ""self_selected_prob"": 0.8248085975646973, ""self_actual_feature_value"": 0.027777777777777776, ""other_selected_label"": ""NO"", ""other_valid_choice"": 1.0, ""other_correct"": 1.0, ""other_actual_present"": 0.0, ""other_selected_prob"": 0.8139104843139648, ""other_actual_feature_value"": 0.0, ""actual_gap"": 1.0, ""predicted_gap"": 0.0, ""actual_gap_label"": ""SELF"", ""predicted_gap_label"": ""OTHER"", ""gap_correct"": 0.0, ""self_completion_text"": """", ""other_completion_text"": """", ""self_details"": {""raw_logit_scores"": {""YES"": 10.12003231048584, ""NO"": 9.574646949768066}, ""label_bias_scores"": {""YES"": 11.314529418945312, ""NO"": 9.219871520996094}, ""corrected_scores"": {""YES"": -1.1944971084594727, ""NO"": 0.35477542877197266}, ""scoring_mode"": ""bias_corrected_choice_logits"", ""selected_short_label"": ""NO""}, ""other_details"": {""raw_logit_scores"": {""YES"": 10.185843467712402, ""NO"": 9.566807746887207}, ""label_bias_scores"": {""YES"": 11.314529418945312, ""NO"": 9.219871520996094}, ""corrected_scores"": {""YES"": -1.1286859512329102, ""NO"": 0.3469362258911133}, ""scoring_mode"": ""bias_corrected_choice_logits"", ""selected_short_label"": ""NO""}}, ""FIRST_PERSON"": {""feature_name"": ""FIRST_PERSON"", ""feature_key"": ""first_person_rate"", ""self_selected_label"": ""NO"", ""self_valid_choice"": 1.0, ""self_correct"": 1.0, ""self_actual_present"": 0.0, ""self_selected_prob"": 0.8289515376091003, ""self_actual_feature_value"": 0.0, ""other_selected_label"": ""NO"", ""other_valid_choice"": 1.0, ""other_correct"": 1.0, ""other_actual_present"": 0.0, ""other_selected_prob"": 0.8166697025299072, ""other_actual_feature_value"": 0.0, ""actual_gap"": 0.0, ""predicted_gap"": 0.0, ""actual_gap_label"": ""TIE"", ""predicted_gap_label"": ""TIE"", ""gap_correct"": NaN, ""self_completion_text"": """", ""other_completion_text"": """", ""self_details"": {""raw_logit_scores"": {""YES"": 9.695083618164062, ""NO"": 9.178640365600586}, ""label_bias_scores"": {""YES"": 11.314529418945312, ""NO"": 9.219871520996094}, ""corrected_scores"": {""YES"": -1.61944580078125, ""NO"": -0.04123115539550781}, ""scoring_mode"": ""bias_corrected_choice_logits"", ""selected_short_label"": ""NO""}, ""other_details"": {""raw_logit_scores"": {""YES"": 9.861824035644531, ""NO"": 9.26111125946045}, ""label_bias_scores"": {""YES"": 11.314529418945312, ""NO"": 9.219871520996094}, ""corrected_scores"": {""YES"": -1.4527053833007812, ""NO"": 0.04123973846435547}, ""scoring_mode"": ""bias_corrected_choice_logits"", ""selected_short_label"": ""NO""}}, ""DIRECTIVE"": {""feature_name"": ""DIRECTIVE"", ""feature_key"": ""directive_rate"", ""self_selected_label"": ""NO"", ""self_valid_choice"": 1.0, ""self_correct"": 1.0, ""self_actual_present"": 0.0, ""self_selected_prob"": 0.8270405530929565, ""self_actual_feature_value"": 0.0, ""other_selected_label"": ""NO"", ""other_valid_choice"": 1.0, ""other_correct"": 1.0, ""other_actual_present"": 0.0, ""other_selected_prob"": 0.8278706669807434, ""other_actual_feature_value"": 0.0, ""actual_gap"": 0.0, ""predicted_gap"": 0.0, ""actual_gap_label"": ""TIE"", ""predicted_gap_label"": ""TIE"", ""gap_correct"": NaN, ""self_completion_text"": """", ""other_completion_text"": """", ""self_details"": {""raw_logit_scores"": {""YES"": 10.165470123291016, ""NO"": 9.635608673095703}, ""label_bias_scores"": {""YES"": 11.314529418945312, ""NO"": 9.219871520996094}, ""corrected_scores"": {""YES"": -1.1490592956542969, ""NO"": 0.4157371520996094}, ""scoring_mode"": ""bias_corrected_choice_logits"", ""selected_short_label"": ""NO""}, ""other_details"": {""raw_logit_scores"": {""YES"": 10.496682167053223, ""NO"": 9.972635269165039}, ""label_bias_scores"": {""YES"": 11.314529418945312, ""NO"": 9.219871520996094}, ""corrected_scores"": {""YES"": -0.8178472518920898, ""NO"": 0.7527637481689453}, ""scoring_mode"": ""bias_corrected_choice_logits"", ""selected_short_label"": ""NO""}}}","{""avg_sentence_length"": 18.0, ""hedge_density"": 0.027777777777777776, ""first_person_rate"": 0.0, ""directive_rate"": 0.0, ""rhetorical_question_rate"": 0.0, ""lexical_diversity"": 0.8333333333333334, ""modal_verb_rate"": 0.0, ""punctuation_intensity"": 0.0, ""type_token_ratio"": 0.8333333333333334, ""mtld"": 36.0}","{""avg_sentence_length"": 19.0, ""hedge_density"": 0.0, ""first_person_rate"": 0.0, ""directive_rate"": 0.0, ""rhetorical_question_rate"": 0.0, ""lexical_diversity"": 0.9473684210526315, ""modal_verb_rate"": 0.0, ""punctuation_intensity"": 0.0, ""type_token_ratio"": 0.9473684210526315, ""mtld"": 19.0}",Be aware that you are in charge of a student communication system that has lots of voice and is often hard to read. Be careful not to create a false impression of personal accountability or responsiveness.,Give feedback on a student memo that is polite and energetic but hides the main recommendation until the end.
17,EleutherAI/pythia-1b,pythia,1b,stable_style_policy,same_weights_other_chat,the exact same model weights answering the same question in a different chat with no access to this conversation,med_05,policy,Write a short policy note on how a small lab should document assumptions before shipping an internal tool update.,0.5,0.5,,1.0,0.0,0.0,0,0.0,"{""ELABORATE"": {""feature_name"": ""ELABORATE"", ""feature_key"": ""avg_sentence_length"", ""self_selected_label"": ""NO"", ""self_valid_choice"": 1.0, ""self_correct"": 0.0, ""self_actual_present"": 1.0, ""self_selected_prob"": 0.804096519947052, ""self_actual_feature_value"": 28.0, ""other_selected_label"": ""NO"", ""other_valid_choice"": 1.0, ""other_correct"": 0.0, ""other_actual_present"": 1.0, ""other_selected_prob"": 0.8048825860023499, ""other_actual_feature_value"": 11.0, ""actual_gap"": 0.0, ""predicted_gap"": 0.0, ""actual_gap_label"": ""TIE"", ""predicted_gap_label"": ""TIE"", ""gap_correct"": NaN, ""self_completion_text"": """", ""other_completion_text"": """", ""self_details"": {""raw_logit_scores"": {""YES"": 10.24133586883545, ""NO"": 9.558774948120117}, ""label_bias_scores"": {""YES"": 11.314529418945312, ""NO"": 9.219871520996094}, ""corrected_scores"": {""YES"": -1.0731935501098633, ""NO"": 0.33890342712402344}, ""scoring_mode"": ""bias_corrected_choice_logits"", ""selected_short_label"": ""NO""}, ""other_details"": {""raw_logit_scores"": {""YES"": 10.277203559875488, ""NO"": 9.599640846252441}, ""label_bias_scores"": {""YES"": 11.314529418945312, ""NO"": 9.219871520996094}, ""corrected_scores"": {""YES"": -1.0373258590698242, ""NO"": 0.37976932525634766}, ""scoring_mode"": ""bias_corrected_choice_logits"", ""selected_short_label"": ""NO""}}, ""HEDGE"": {""feature_name"": ""HEDGE"", ""feature_key"": ""hedge_density"", ""self_selected_label"": ""NO"", ""self_valid_choice"": 1.0, ""self_correct"": 1.0, ""self_actual_present"": 0.0, ""self_selected_prob"": 0.8226010203361511, ""self_actual_feature_value"": 0.0, ""other_selected_label"": ""NO"", ""other_valid_choice"": 1.0, ""other_correct"": 1.0, ""other_actual_present"": 0.0, ""other_selected_prob"": 0.8249830007553101, ""other_actual_feature_value"": 0.0, ""actual_gap"": 0.0, ""predicted_gap"": 0.0, ""actual_gap_label"": ""TIE"", ""predicted_gap_label"": ""TIE"", ""gap_correct"": NaN, ""self_completion_text"": """", ""other_completion_text"": """", ""self_details"": {""raw_logit_scores"": {""YES"": 10.128311157226562, ""NO"": 9.567723274230957}, ""label_bias_scores"": {""YES"": 11.314529418945312, ""NO"": 9.219871520996094}, ""corrected_scores"": {""YES"": -1.18621826171875, ""NO"": 0.3478517532348633}, ""scoring_mode"": ""bias_corrected_choice_logits"", ""selected_short_label"": ""NO""}, ""other_details"": {""raw_logit_scores"": {""YES"": 10.01104736328125, ""NO"": 9.466869354248047}, ""label_bias_scores"": {""YES"": 11.314529418945312, ""NO"": 9.219871520996094}, ""corrected_scores"": {""YES"": -1.3034820556640625, ""NO"": 0.24699783325195312}, ""scoring_mode"": ""bias_corrected_choice_logits"", ""selected_short_label"": ""NO""}}, ""FIRST_PERSON"": {""feature_name"": ""FIRST_PERSON"", ""feature_key"": ""first_person_rate"", ""self_selected_label"": ""NO"", ""self_valid_choice"": 1.0, ""self_correct"": 1.0, ""self_actual_present"": 0.0, ""self_selected_prob"": 0.818855345249176, ""self_actual_feature_value"": 0.0, ""other_selected_label"": ""NO"", ""other_valid_choice"": 1.0, ""other_correct"": 1.0, ""other_actual_present"": 0.0, ""other_selected_prob"": 0.821327805519104, ""other_actual_feature_value"": 0.0, ""actual_gap"": 0.0, ""predicted_gap"": 0.0, ""actual_gap_label"": ""TIE"", ""predicted_gap_label"": ""TIE"", ""gap_correct"": NaN, ""self_completion_text"": """", ""other_completion_text"": """", ""self_details"": {""raw_logit_scores"": {""YES"": 9.818082809448242, ""NO"": 9.232036590576172}, ""label_bias_scores"": {""YES"": 11.314529418945312, ""NO"": 9.219871520996094}, ""corrected_scores"": {""YES"": -1.4964466094970703, ""NO"": 0.012165069580078125}, ""scoring_mode"": ""bias_corrected_choice_logits"", ""selected_short_label"": ""NO""}, ""other_details"": {""raw_logit_scores"": {""YES"": 9.785545349121094, ""NO"": 9.216257095336914}, ""label_bias_scores"": {""YES"": 11.314529418945312, ""NO"": 9.219871520996094}, ""corrected_scores"": {""YES"": -1.5289840698242188, ""NO"": -0.0036144256591796875}, ""scoring_mode"": ""bias_corrected_choice_logits"", ""selected_short_label"": ""NO""}}, ""DIRECTIVE"": {""feature_name"": ""DIRECTIVE"", ""feature_key"": ""directive_rate"", ""self_selected_label"": ""NO"", ""self_valid_choice"": 1.0, ""self_correct"": 0.0, ""self_actual_present"": 1.0, ""self_selected_prob"": 0.8199720978736877, ""self_actual_feature_value"": 0.10714285714285714, ""other_selected_label"": ""NO"", ""other_valid_choice"": 1.0, ""other_correct"": 0.0, ""other_actual_present"": 1.0, ""other_selected_prob"": 0.8328547477722168, ""other_actual_feature_value"": 0.18181818181818182, ""actual_gap"": 0.0, ""predicted_gap"": 0.0, ""actual_gap_label"": ""TIE"", ""predicted_gap_label"": ""TIE"", ""gap_correct"": NaN, ""self_completion_text"": """", ""other_completion_text"": """", ""self_details"": {""raw_logit_scores"": {""YES"": 10.189181327819824, ""NO"": 9.610681533813477}, ""label_bias_scores"": {""YES"": 11.314529418945312, ""NO"": 9.219871520996094}, ""corrected_scores"": {""YES"": -1.1253480911254883, ""NO"": 0.3908100128173828}, ""scoring_mode"": ""bias_corrected_choice_logits"", ""selected_short_label"": ""NO""}, ""other_details"": {""raw_logit_scores"": {""YES"": 10.312101364135742, ""NO"": 9.823439598083496}, ""label_bias_scores"": {""YES"": 11.314529418945312, ""NO"": 9.219871520996094}, ""corrected_scores"": {""YES"": -1.0024280548095703, ""NO"": 0.6035680770874023}, ""scoring_mode"": ""bias_corrected_choice_logits"", ""selected_short_label"": ""NO""}}}","{""avg_sentence_length"": 28.0, ""hedge_density"": 0.0, ""first_person_rate"": 0.0, ""directive_rate"": 0.10714285714285714, ""rhetorical_question_rate"": 0.0, ""lexical_diversity"": 0.75, ""modal_verb_rate"": 0.017857142857142856, ""punctuation_intensity"": 0.00964630225080386, ""type_token_ratio"": 0.75, ""mtld"": 29.272727272727273}","{""avg_sentence_length"": 11.0, ""hedge_density"": 0.0, ""first_person_rate"": 0.0, ""directive_rate"": 0.18181818181818182, ""rhetorical_question_rate"": 0.0, ""lexical_diversity"": 0.9090909090909091, ""modal_verb_rate"": 0.09090909090909091, ""punctuation_intensity"": 0.0, ""type_token_ratio"": 0.9090909090909091, ""mtld"": 11.0}","Write a short policy note on how a small lab should document assumptions before shipping an internal tool update.

The example policy note from the last chat is not in the corpus but the AI assistant, who is recording the conversation, makes it into the corpus, so there is no corpus entry for that policy note.",Give a brief description of what a small lab should document.
17,EleutherAI/pythia-1b,pythia,1b,stable_style_policy,same_weights_other_chat,the exact same model weights answering the same question in a different chat with no access to this conversation,med_06,policy,Write a short policy note on how a museum team should record changes to exhibit labels during revision.,0.5,1.0,0.0,1.0,0.0,0.5,2,0.0,"{""ELABORATE"": {""feature_name"": ""ELABORATE"", ""feature_key"": ""avg_sentence_length"", ""self_selected_label"": ""NO"", ""self_valid_choice"": 1.0, ""self_correct"": 0.0, ""self_actual_present"": 1.0, ""self_selected_prob"": 0.7432669997215271, ""self_actual_feature_value"": 18.0, ""other_selected_label"": ""NO"", ""other_valid_choice"": 1.0, ""other_correct"": 1.0, ""other_actual_present"": 0.0, ""other_selected_prob"": 0.7381590008735657, ""other_actual_feature_value"": 9.0, ""actual_gap"": 1.0, ""predicted_gap"": 0.0, ""actual_gap_label"": ""SELF"", ""predicted_gap_label"": ""OTHER"", ""gap_correct"": 0.0, ""self_completion_text"": """", ""other_completion_text"": """", ""self_details"": {""raw_logit_scores"": {""YES"": 10.100985527038574, ""NO"": 9.069342613220215}, ""label_bias_scores"": {""YES"": 11.314533233642578, ""NO"": 9.219871520996094}, ""corrected_scores"": {""YES"": -1.213547706604004, ""NO"": -0.1505289077758789}, ""scoring_mode"": ""bias_corrected_choice_logits"", ""selected_short_label"": ""NO""}, ""other_details"": {""raw_logit_scores"": {""YES"": 10.150643348693848, ""NO"": 9.092403411865234}, ""label_bias_scores"": {""YES"": 11.314533233642578, ""NO"": 9.219871520996094}, ""corrected_scores"": {""YES"": -1.1638898849487305, ""NO"": -0.12746810913085938}, ""scoring_mode"": ""bias_corrected_choice_logits"", ""selected_short_label"": ""NO""}}, ""HEDGE"": {""feature_name"": ""HEDGE"", ""feature_key"": ""hedge_density"", ""self_selected_label"": ""NO"", ""self_valid_choice"": 1.0, ""self_correct"": 1.0, ""self_actual_present"": 0.0, ""self_selected_prob"": 0.7569665312767029, ""self_actual_feature_value"": 0.0, ""other_selected_label"": ""NO"", ""other_valid_choice"": 1.0, ""other_correct"": 1.0, ""other_actual_present"": 0.0, ""other_selected_prob"": 0.7507205605506897, ""other_actual_feature_value"": 0.0, ""actual_gap"": 0.0, ""predicted_gap"": 0.0, ""actual_gap_label"": ""TIE"", ""predicted_gap_label"": ""TIE"", ""gap_correct"": NaN, ""self_completion_text"": """", ""other_completion_text"": """", ""self_details"": {""raw_logit_scores"": {""YES"": 10.042431831359863, ""NO"": 9.083889961242676}, ""label_bias_scores"": {""YES"": 11.314533233642578, ""NO"": 9.219871520996094}, ""corrected_scores"": {""YES"": -1.2721014022827148, ""NO"": -0.13598155975341797}, ""scoring_mode"": ""bias_corrected_choice_logits"", ""selected_short_label"": ""NO""}, ""other_details"": {""raw_logit_scores"": {""YES"": 9.890780448913574, ""NO"": 8.898577690124512}, ""label_bias_scores"": {""YES"": 11.314533233642578, ""NO"": 9.219871520996094}, ""corrected_scores"": {""YES"": -1.423752784729004, ""NO"": -0.32129383087158203}, ""scoring_mode"": ""bias_corrected_choice_logits"", ""selected_short_label"": ""NO""}}, ""FIRST_PERSON"": {""feature_name"": ""FIRST_PERSON"", ""feature_key"": ""first_person_rate"", ""self_selected_label"": ""NO"", ""self_valid_choice"": 1.0, ""self_correct"": 1.0, ""self_actual_present"": 0.0, ""self_selected_prob"": 0.762799084186554, ""self_actual_feature_value"": 0.0, ""other_selected_label"": ""NO"", ""other_valid_choice"": 1.0, ""other_correct"": 1.0, ""other_actual_present"": 0.0, ""other_selected_prob"": 0.7547052502632141, ""other_actual_feature_value"": 0.0, ""actual_gap"": 0.0, ""predicted_gap"": 0.0, ""actual_gap_label"": ""TIE"", ""predicted_gap_label"": ""TIE"", ""gap_correct"": NaN, ""self_completion_text"": """", ""other_completion_text"": """", ""self_details"": {""raw_logit_scores"": {""YES"": 9.684609413146973, ""NO"": 8.758034706115723}, ""label_bias_scores"": {""YES"": 11.314533233642578, ""NO"": 9.219871520996094}, ""corrected_scores"": {""YES"": -1.6299238204956055, ""NO"": -0.4618368148803711}, ""scoring_mode"": ""bias_corrected_choice_logits"", ""selected_short_label"": ""NO""}, ""other_details"": {""raw_logit_scores"": {""YES"": 9.601014137268066, ""NO"": 8.630219459533691}, ""label_bias_scores"": {""YES"": 11.314533233642578, ""NO"": 9.219871520996094}, ""corrected_scores"": {""YES"": -1.7135190963745117, ""NO"": -0.5896520614624023}, ""scoring_mode"": ""bias_corrected_choice_logits"", ""selected_short_label"": ""NO""}}, ""DIRECTIVE"": {""feature_name"": ""DIRECTIVE"", ""feature_key"": ""directive_rate"", ""self_selected_label"": ""NO"", ""self_valid_choice"": 1.0, ""self_correct"": 0.0, ""self_actual_present"": 1.0, ""self_selected_prob"": 0.7555330395698547, ""self_actual_feature_value"": 0.16666666666666666, ""other_selected_label"": ""NO"", ""other_valid_choice"": 1.0, ""other_correct"": 1.0, ""other_actual_present"": 0.0, ""other_selected_prob"": 0.7758475542068481, ""other_actual_feature_value"": 0.0, ""actual_gap"": 1.0, ""predicted_gap"": 0.0, ""actual_gap_label"": ""SELF"", ""predicted_gap_label"": ""OTHER"", ""gap_correct"": 0.0, ""self_completion_text"": """", ""other_completion_text"": """", ""self_details"": {""raw_logit_scores"": {""YES"": 10.112197875976562, ""NO"": 9.145879745483398}, ""label_bias_scores"": {""YES"": 11.314533233642578, ""NO"": 9.219871520996094}, ""corrected_scores"": {""YES"": -1.2023353576660156, ""NO"": -0.07399177551269531}, ""scoring_mode"": ""bias_corrected_choice_logits"", ""selected_short_label"": ""NO""}, ""other_details"": {""raw_logit_scores"": {""YES"": 10.267316818237305, ""NO"": 9.414284706115723}, ""label_bias_scores"": {""YES"": 11.314533233642578, ""NO"": 9.219871520996094}, ""corrected_scores"": {""YES"": -1.0472164154052734, ""NO"": 0.1944131851196289}, ""scoring_mode"": ""bias_corrected_choice_logits"", ""selected_short_label"": ""NO""}}}","{""avg_sentence_length"": 18.0, ""hedge_density"": 0.0, ""first_person_rate"": 0.0, ""directive_rate"": 0.16666666666666666, ""rhetorical_question_rate"": 0.0, ""lexical_diversity"": 0.9444444444444444, ""modal_verb_rate"": 0.05555555555555555, ""punctuation_intensity"": 0.0, ""type_token_ratio"": 0.9444444444444444, ""mtld"": 18.0}","{""avg_sentence_length"": 9.0, ""hedge_density"": 0.0, ""first_person_rate"": 0.0, ""directive_rate"": 0.0, ""rhetorical_question_rate"": 0.0, ""lexical_diversity"": 0.8888888888888888, ""modal_verb_rate"": 0.0, ""punctuation_intensity"": 0.0, ""type_token_ratio"": 0.8888888888888888, ""mtld"": 9.0}",Write a short policy note on how a museum team should record changes to exhibit labels during revision.,Give a brief description of what a timeline is.
17,EleutherAI/pythia-1b,pythia,1b,stable_style_policy,same_weights_other_chat,the exact same model weights answering the same question in a different chat with no access to this conversation,med_07,diagnosis,Diagnose why a project meeting feels productive in the room but leaves everyone unclear about the next step.,0.25,0.75,0.0,1.0,0.0,0.5,2,0.0,"{""ELABORATE"": {""feature_name"": ""ELABORATE"", ""feature_key"": ""avg_sentence_length"", ""self_selected_label"": ""NO"", ""self_valid_choice"": 1.0, ""self_correct"": 0.0, ""self_actual_present"": 1.0, ""self_selected_prob"": 0.7899006009101868, ""self_actual_feature_value"": 13.5, ""other_selected_label"": ""NO"", ""other_valid_choice"": 1.0, ""other_correct"": 0.0, ""other_actual_present"": 1.0, ""other_selected_prob"": 0.7755233645439148, ""other_actual_feature_value"": 15.0, ""actual_gap"": 0.0, ""predicted_gap"": 0.0, ""actual_gap_label"": ""TIE"", ""predicted_gap_label"": ""TIE"", ""gap_correct"": NaN, ""self_completion_text"": """", ""other_completion_text"": """", ""self_details"": {""raw_logit_scores"": {""YES"": 10.171849250793457, ""NO"": 9.401517868041992}, ""label_bias_scores"": {""YES"": 11.314529418945312, ""NO"": 9.219871520996094}, ""corrected_scores"": {""YES"": -1.1426801681518555, ""NO"": 0.18164634704589844}, ""scoring_mode"": ""bias_corrected_choice_logits"", ""selected_short_label"": ""NO""}, ""other_details"": {""raw_logit_scores"": {""YES"": 10.237455368041992, ""NO"": 9.382563591003418}, ""label_bias_scores"": {""YES"": 11.314529418945312, ""NO"": 9.219871520996094}, ""corrected_scores"": {""YES"": -1.0770740509033203, ""NO"": 0.16269207000732422}, ""scoring_mode"": ""bias_corrected_choice_logits"", ""selected_short_label"": ""NO""}}, ""HEDGE"": {""feature_name"": ""HEDGE"", ""feature_key"": ""hedge_density"", ""self_selected_label"": ""NO"", ""self_valid_choice"": 1.0, ""self_correct"": 1.0, ""self_actual_present"": 0.0, ""self_selected_prob"": 0.8092826008796692, ""self_actual_feature_value"": 0.0, ""other_selected_label"": ""NO"", ""other_valid_choice"": 1.0, ""other_correct"": 1.0, ""other_actual_present"": 0.0, ""other_selected_prob"": 0.8003718852996826, ""other_actual_feature_value"": 0.0, ""actual_gap"": 0.0, ""predicted_gap"": 0.0, ""actual_gap_label"": ""TIE"", ""predicted_gap_label"": ""TIE"", ""gap_correct"": NaN, ""self_completion_text"": """", ""other_completion_text"": """", ""self_details"": {""raw_logit_scores"": {""YES"": 10.100716590881348, ""NO"": 9.451414108276367}, ""label_bias_scores"": {""YES"": 11.314529418945312, ""NO"": 9.219871520996094}, ""corrected_scores"": {""YES"": -1.2138128280639648, ""NO"": 0.23154258728027344}, ""scoring_mode"": ""bias_corrected_choice_logits"", ""selected_short_label"": ""NO""}, ""other_details"": {""raw_logit_scores"": {""YES"": 9.997109413146973, ""NO"": 9.291071891784668}, ""label_bias_scores"": {""YES"": 11.314529418945312, ""NO"": 9.219871520996094}, ""corrected_scores"": {""YES"": -1.3174200057983398, ""NO"": 0.07120037078857422}, ""scoring_mode"": ""bias_corrected_choice_logits"", ""selected_short_label"": ""NO""}}, ""FIRST_PERSON"": {""feature_name"": ""FIRST_PERSON"", ""feature_key"": ""first_person_rate"", ""self_selected_label"": ""NO"", ""self_valid_choice"": 1.0, ""self_correct"": 0.0, ""self_actual_present"": 1.0, ""self_selected_prob"": 0.8070752620697021, ""self_actual_feature_value"": 0.024691358024691357, ""other_selected_label"": ""NO"", ""other_valid_choice"": 1.0, ""other_correct"": 1.0, ""other_actual_present"": 0.0, ""other_selected_prob"": 0.7961956262588501, ""other_actual_feature_value"": 0.0, ""actual_gap"": 1.0, ""predicted_gap"": 0.0, ""actual_gap_label"": ""SELF"", ""predicted_gap_label"": ""OTHER"", ""gap_correct"": 0.0, ""self_completion_text"": """", ""other_completion_text"": """", ""self_details"": {""raw_logit_scores"": {""YES"": 9.64358139038086, ""NO"": 8.980040550231934}, ""label_bias_scores"": {""YES"": 11.314529418945312, ""NO"": 9.219871520996094}, ""corrected_scores"": {""YES"": -1.6709480285644531, ""NO"": -0.23983097076416016}, ""scoring_mode"": ""bias_corrected_choice_logits"", ""selected_short_label"": ""NO""}, ""other_details"": {""raw_logit_scores"": {""YES"": 9.634150505065918, ""NO"": 8.902176856994629}, ""label_bias_scores"": {""YES"": 11.314529418945312, ""NO"": 9.219871520996094}, ""corrected_scores"": {""YES"": -1.6803789138793945, ""NO"": -0.31769466400146484}, ""scoring_mode"": ""bias_corrected_choice_logits"", ""selected_short_label"": ""NO""}}, ""DIRECTIVE"": {""feature_name"": ""DIRECTIVE"", ""feature_key"": ""directive_rate"", ""self_selected_label"": ""NO"", ""self_valid_choice"": 1.0, ""self_correct"": 0.0, ""self_actual_present"": 1.0, ""self_selected_prob"": 0.8098241686820984, ""self_actual_feature_value"": 0.037037037037037035, ""other_selected_label"": ""NO"", ""other_valid_choice"": 1.0, ""other_correct"": 1.0, ""other_actual_present"": 0.0, ""other_selected_prob"": 0.8105366230010986, ""other_actual_feature_value"": 0.0, ""actual_gap"": 1.0, ""predicted_gap"": 0.0, ""actual_gap_label"": ""SELF"", ""predicted_gap_label"": ""OTHER"", ""gap_correct"": 0.0, ""self_completion_text"": """", ""other_completion_text"": """", ""self_details"": {""raw_logit_scores"": {""YES"": 10.147829055786133, ""NO"": 9.502038955688477}, ""label_bias_scores"": {""YES"": 11.314529418945312, ""NO"": 9.219871520996094}, ""corrected_scores"": {""YES"": -1.1667003631591797, ""NO"": 0.2821674346923828}, ""scoring_mode"": ""bias_corrected_choice_logits"", ""selected_short_label"": ""NO""}, ""other_details"": {""raw_logit_scores"": {""YES"": 10.292465209960938, ""NO"": 9.651308059692383}, ""label_bias_scores"": {""YES"": 11.314529418945312, ""NO"": 9.219871520996094}, ""corrected_scores"": {""YES"": -1.022064208984375, ""NO"": 0.43143653869628906}, ""scoring_mode"": ""bias_corrected_choice_logits"", ""selected_short_label"": ""NO""}}}","{""avg_sentence_length"": 13.5, ""hedge_density"": 0.0, ""first_person_rate"": 0.024691358024691357, ""directive_rate"": 0.037037037037037035, ""rhetorical_question_rate"": 0.0, ""lexical_diversity"": 0.5185185185185185, ""modal_verb_rate"": 0.0, ""punctuation_intensity"": 0.006741573033707865, ""type_token_ratio"": 0.5185185185185185, ""mtld"": 1.9657894736842105}","{""avg_sentence_length"": 15.0, ""hedge_density"": 0.0, ""first_person_rate"": 0.0, ""directive_rate"": 0.0, ""rhetorical_question_rate"": 0.0, ""lexical_diversity"": 0.8666666666666667, ""modal_verb_rate"": 0.0, ""punctuation_intensity"": 0.025974025974025976, ""type_token_ratio"": 0.8666666666666667, ""mtld"": 15.0}","Diagnose why a project meeting feels productive in the room but leaves everyone unclear about the next step.

The first step in a conversation is to identify the topic at hand. In this conversation, we’re talking about your current project. The next step is to determine what’s going on with the project, and what the project needs to do to get better.

The first step in a conversation is to identify the topic at hand. In this conversation, we","Give a name for the process, describe it, and tell the context for each step."
17,EleutherAI/pythia-1b,pythia,1b,stable_style_policy,same_weights_other_chat,the exact same model weights answering the same question in a different chat with no access to this conversation,med_08,diagnosis,Diagnose why a paragraph sounds intelligent but still fails to tell the reader what claim matters most.,0.75,0.75,,1.0,0.0,0.0,0,0.0,"{""ELABORATE"": {""feature_name"": ""ELABORATE"", ""feature_key"": ""avg_sentence_length"", ""self_selected_label"": ""NO"", ""self_valid_choice"": 1.0, ""self_correct"": 0.0, ""self_actual_present"": 1.0, ""self_selected_prob"": 0.8184416890144348, ""self_actual_feature_value"": 17.0, ""other_selected_label"": ""NO"", ""other_valid_choice"": 1.0, ""other_correct"": 0.0, ""other_actual_present"": 1.0, ""other_selected_prob"": 0.815813422203064, ""other_actual_feature_value"": 17.0, ""actual_gap"": 0.0, ""predicted_gap"": 0.0, ""actual_gap_label"": ""TIE"", ""predicted_gap_label"": ""TIE"", ""gap_correct"": NaN, ""self_completion_text"": """", ""other_completion_text"": """", ""self_details"": {""raw_logit_scores"": {""YES"": 10.123936653137207, ""NO"": 9.535099983215332}, ""label_bias_scores"": {""YES"": 11.314533233642578, ""NO"": 9.219871520996094}, ""corrected_scores"": {""YES"": -1.190596580505371, ""NO"": 0.3152284622192383}, ""scoring_mode"": ""bias_corrected_choice_logits"", ""selected_short_label"": ""NO""}, ""other_details"": {""raw_logit_scores"": {""YES"": 10.170328140258789, ""NO"": 9.563902854919434}, ""label_bias_scores"": {""YES"": 11.314533233642578, ""NO"": 9.219871520996094}, ""corrected_scores"": {""YES"": -1.144205093383789, ""NO"": 0.34403133392333984}, ""scoring_mode"": ""bias_corrected_choice_logits"", ""selected_short_label"": ""NO""}}, ""HEDGE"": {""feature_name"": ""HEDGE"", ""feature_key"": ""hedge_density"", ""self_selected_label"": ""NO"", ""self_valid_choice"": 1.0, ""self_correct"": 1.0, ""self_actual_present"": 0.0, ""self_selected_prob"": 0.8310514688491821, ""self_actual_feature_value"": 0.0, ""other_selected_label"": ""NO"", ""other_valid_choice"": 1.0, ""other_correct"": 1.0, ""other_actual_present"": 0.0, ""other_selected_prob"": 0.831480085849762, ""other_actual_feature_value"": 0.0, ""actual_gap"": 0.0, ""predicted_gap"": 0.0, ""actual_gap_label"": ""TIE"", ""predicted_gap_label"": ""TIE"", ""gap_correct"": NaN, ""self_completion_text"": """", ""other_completion_text"": """", ""self_details"": {""raw_logit_scores"": {""YES"": 10.15842056274414, ""NO"": 9.656856536865234}, ""label_bias_scores"": {""YES"": 11.314533233642578, ""NO"": 9.219871520996094}, ""corrected_scores"": {""YES"": -1.1561126708984375, ""NO"": 0.4369850158691406}, ""scoring_mode"": ""bias_corrected_choice_logits"", ""selected_short_label"": ""NO""}, ""other_details"": {""raw_logit_scores"": {""YES"": 10.0111665725708, ""NO"": 9.51265811920166}, ""label_bias_scores"": {""YES"": 11.314533233642578, ""NO"": 9.219871520996094}, ""corrected_scores"": {""YES"": -1.3033666610717773, ""NO"": 0.2927865982055664}, ""scoring_mode"": ""bias_corrected_choice_logits"", ""selected_short_label"": ""NO""}}, ""FIRST_PERSON"": {""feature_name"": ""FIRST_PERSON"", ""feature_key"": ""first_person_rate"", ""self_selected_label"": ""NO"", ""self_valid_choice"": 1.0, ""self_correct"": 1.0, ""self_actual_present"": 0.0, ""self_selected_prob"": 0.8351014852523804, ""self_actual_feature_value"": 0.0, ""other_selected_label"": ""NO"", ""other_valid_choice"": 1.0, ""other_correct"": 1.0, ""other_actual_present"": 0.0, ""other_selected_prob"": 0.8333520293235779, ""other_actual_feature_value"": 0.0, ""actual_gap"": 0.0, ""predicted_gap"": 0.0, ""actual_gap_label"": ""TIE"", ""predicted_gap_label"": ""TIE"", ""gap_correct"": NaN, ""self_completion_text"": """", ""other_completion_text"": """", ""self_details"": {""raw_logit_scores"": {""YES"": 9.761724472045898, ""NO"": 9.289285659790039}, ""label_bias_scores"": {""YES"": 11.314533233642578, ""NO"": 9.219871520996094}, ""corrected_scores"": {""YES"": -1.5528087615966797, ""NO"": 0.06941413879394531}, ""scoring_mode"": ""bias_corrected_choice_logits"", ""selected_short_label"": ""NO""}, ""other_details"": {""raw_logit_scores"": {""YES"": 9.697471618652344, ""NO"": 9.212382316589355}, ""label_bias_scores"": {""YES"": 11.314533233642578, ""NO"": 9.219871520996094}, ""corrected_scores"": {""YES"": -1.6170616149902344, ""NO"": -0.007489204406738281}, ""scoring_mode"": ""bias_corrected_choice_logits"", ""selected_short_label"": ""NO""}}, ""DIRECTIVE"": {""feature_name"": ""DIRECTIVE"", ""feature_key"": ""directive_rate"", ""self_selected_label"": ""NO"", ""self_valid_choice"": 1.0, ""self_correct"": 1.0, ""self_actual_present"": 0.0, ""self_selected_prob"": 0.8341010808944702, ""self_actual_feature_value"": 0.0, ""other_selected_label"": ""NO"", ""other_valid_choice"": 1.0, ""other_correct"": 1.0, ""other_actual_present"": 0.0, ""other_selected_prob"": 0.8429107069969177, ""other_actual_feature_value"": 0.0, ""actual_gap"": 0.0, ""predicted_gap"": 0.0, ""actual_gap_label"": ""TIE"", ""predicted_gap_label"": ""TIE"", ""gap_correct"": NaN, ""self_completion_text"": """", ""other_completion_text"": """", ""self_details"": {""raw_logit_scores"": {""YES"": 10.124244689941406, ""NO"": 9.644558906555176}, ""label_bias_scores"": {""YES"": 11.314533233642578, ""NO"": 9.219871520996094}, ""corrected_scores"": {""YES"": -1.1902885437011719, ""NO"": 0.42468738555908203}, ""scoring_mode"": ""bias_corrected_choice_logits"", ""selected_short_label"": ""NO""}, ""other_details"": {""raw_logit_scores"": {""YES"": 10.245149612426758, ""NO"": 9.830534934997559}, ""label_bias_scores"": {""YES"": 11.314533233642578, ""NO"": 9.219871520996094}, ""corrected_scores"": {""YES"": -1.0693836212158203, ""NO"": 0.6106634140014648}, ""scoring_mode"": ""bias_corrected_choice_logits"", ""selected_short_label"": ""NO""}}}","{""avg_sentence_length"": 17.0, ""hedge_density"": 0.0, ""first_person_rate"": 0.0, ""directive_rate"": 0.0, ""rhetorical_question_rate"": 0.0, ""lexical_diversity"": 1.0, ""modal_verb_rate"": 0.0, ""punctuation_intensity"": 0.0, ""type_token_ratio"": 1.0, ""mtld"": 17.0}","{""avg_sentence_length"": 17.0, ""hedge_density"": 0.0, ""first_person_rate"": 0.0, ""directive_rate"": 0.0, ""rhetorical_question_rate"": 0.0, ""lexical_diversity"": 0.8823529411764706, ""modal_verb_rate"": 0.0, ""punctuation_intensity"": 0.011111111111111112, ""type_token_ratio"": 0.8823529411764706, ""mtld"": 17.0}",Diagnose why a paragraph sounds intelligent and still fails to tell the reader what claim matters most.,"Give a name for the paragraph, or say something like “This is a description of the claim”."
17,EleutherAI/pythia-1b,pythia,1b,stable_style_policy,same_weights_other_chat,the exact same model weights answering the same question in a different chat with no access to this conversation,med_09,comparison,Compare field notes and retrospective summaries as records of what actually happened during a research visit.,0.25,0.5,0.0,1.0,0.0,0.25,1,0.0,"{""ELABORATE"": {""feature_name"": ""ELABORATE"", ""feature_key"": ""avg_sentence_length"", ""self_selected_label"": ""NO"", ""self_valid_choice"": 1.0, ""self_correct"": 0.0, ""self_actual_present"": 1.0, ""self_selected_prob"": 0.7602726221084595, ""self_actual_feature_value"": 18.0, ""other_selected_label"": ""NO"", ""other_valid_choice"": 1.0, ""other_correct"": 0.0, ""other_actual_present"": 1.0, ""other_selected_prob"": 0.7527696490287781, ""other_actual_feature_value"": 11.5, ""actual_gap"": 0.0, ""predicted_gap"": 0.0, ""actual_gap_label"": ""TIE"", ""predicted_gap_label"": ""TIE"", ""gap_correct"": NaN, ""self_completion_text"": """", ""other_completion_text"": """", ""self_details"": {""raw_logit_scores"": {""YES"": 9.762484550476074, ""NO"": 8.821996688842773}, ""label_bias_scores"": {""YES"": 11.314533233642578, ""NO"": 9.219870567321777}, ""corrected_scores"": {""YES"": -1.552048683166504, ""NO"": -0.3978738784790039}, ""scoring_mode"": ""bias_corrected_choice_logits"", ""selected_short_label"": ""NO""}, ""other_details"": {""raw_logit_scores"": {""YES"": 9.950518608093262, ""NO"": 8.969294548034668}, ""label_bias_scores"": {""YES"": 11.314533233642578, ""NO"": 9.219870567321777}, ""corrected_scores"": {""YES"": -1.3640146255493164, ""NO"": -0.2505760192871094}, ""scoring_mode"": ""bias_corrected_choice_logits"", ""selected_short_label"": ""NO""}}, ""HEDGE"": {""feature_name"": ""HEDGE"", ""feature_key"": ""hedge_density"", ""self_selected_label"": ""NO"", ""self_valid_choice"": 1.0, ""self_correct"": 1.0, ""self_actual_present"": 0.0, ""self_selected_prob"": 0.7892733812332153, ""self_actual_feature_value"": 0.0, ""other_selected_label"": ""NO"", ""other_valid_choice"": 1.0, ""other_correct"": 1.0, ""other_actual_present"": 0.0, ""other_selected_prob"": 0.7887299060821533, ""other_actual_feature_value"": 0.014492753623188406, ""actual_gap"": 0.0, ""predicted_gap"": 0.0, ""actual_gap_label"": ""TIE"", ""predicted_gap_label"": ""TIE"", ""gap_correct"": NaN, ""self_completion_text"": """", ""other_completion_text"": """", ""self_details"": {""raw_logit_scores"": {""YES"": 9.819156646728516, ""NO"": 9.045044898986816}, ""label_bias_scores"": {""YES"": 11.314533233642578, ""NO"": 9.219870567321777}, ""corrected_scores"": {""YES"": -1.4953765869140625, ""NO"": -0.17482566833496094}, ""scoring_mode"": ""bias_corrected_choice_logits"", ""selected_short_label"": ""NO""}, ""other_details"": {""raw_logit_scores"": {""YES"": 9.779677391052246, ""NO"": 9.002301216125488}, ""label_bias_scores"": {""YES"": 11.314533233642578, ""NO"": 9.219870567321777}, ""corrected_scores"": {""YES"": -1.534855842590332, ""NO"": -0.21756935119628906}, ""scoring_mode"": ""bias_corrected_choice_logits"", ""selected_short_label"": ""NO""}}, ""FIRST_PERSON"": {""feature_name"": ""FIRST_PERSON"", ""feature_key"": ""first_person_rate"", ""self_selected_label"": ""NO"", ""self_valid_choice"": 1.0, ""self_correct"": 0.0, ""self_actual_present"": 1.0, ""self_selected_prob"": 0.7872767448425293, ""self_actual_feature_value"": 0.013888888888888888, ""other_selected_label"": ""NO"", ""other_valid_choice"": 1.0, ""other_correct"": 1.0, ""other_actual_present"": 0.0, ""other_selected_prob"": 0.7841985821723938, ""other_actual_feature_value"": 0.0, ""actual_gap"": 1.0, ""predicted_gap"": 0.0, ""actual_gap_label"": ""SELF"", ""predicted_gap_label"": ""OTHER"", ""gap_correct"": 0.0, ""self_completion_text"": """", ""other_completion_text"": """", ""self_details"": {""raw_logit_scores"": {""YES"": 9.358646392822266, ""NO"": 8.572571754455566}, ""label_bias_scores"": {""YES"": 11.314533233642578, ""NO"": 9.219870567321777}, ""corrected_scores"": {""YES"": -1.9558868408203125, ""NO"": -0.6472988128662109}, ""scoring_mode"": ""bias_corrected_choice_logits"", ""selected_short_label"": ""NO""}, ""other_details"": {""raw_logit_scores"": {""YES"": 9.44023323059082, ""NO"": 8.635873794555664}, ""label_bias_scores"": {""YES"": 11.314533233642578, ""NO"": 9.219870567321777}, ""corrected_scores"": {""YES"": -1.8743000030517578, ""NO"": -0.5839967727661133}, ""scoring_mode"": ""bias_corrected_choice_logits"", ""selected_short_label"": ""NO""}}, ""DIRECTIVE"": {""feature_name"": ""DIRECTIVE"", ""feature_key"": ""directive_rate"", ""self_selected_label"": ""NO"", ""self_valid_choice"": 1.0, ""self_correct"": 0.0, ""self_actual_present"": 1.0, ""self_selected_prob"": 0.7798972725868225, ""self_actual_feature_value"": 0.013888888888888888, ""other_selected_label"": ""NO"", ""other_valid_choice"": 1.0, ""other_correct"": 0.0, ""other_actual_present"": 1.0, ""other_selected_prob"": 0.7964881062507629, ""other_actual_feature_value"": 0.014492753623188406, ""actual_gap"": 0.0, ""predicted_gap"": 0.0, ""actual_gap_label"": ""TIE"", ""predicted_gap_label"": ""TIE"", ""gap_correct"": NaN, ""self_completion_text"": """", ""other_completion_text"": """", ""self_details"": {""raw_logit_scores"": {""YES"": 9.81828784942627, ""NO"": 8.988693237304688}, ""label_bias_scores"": {""YES"": 11.314533233642578, ""NO"": 9.219870567321777}, ""corrected_scores"": {""YES"": -1.4962453842163086, ""NO"": -0.23117733001708984}, ""scoring_mode"": ""bias_corrected_choice_logits"", ""selected_short_label"": ""NO""}, ""other_details"": {""raw_logit_scores"": {""YES"": 10.051712989807129, ""NO"": 9.321537971496582}, ""label_bias_scores"": {""YES"": 11.314533233642578, ""NO"": 9.219870567321777}, ""corrected_scores"": {""YES"": -1.2628202438354492, ""NO"": 0.10166740417480469}, ""scoring_mode"": ""bias_corrected_choice_logits"", ""selected_short_label"": ""NO""}}}","{""avg_sentence_length"": 18.0, ""hedge_density"": 0.0, ""first_person_rate"": 0.013888888888888888, ""directive_rate"": 0.013888888888888888, ""rhetorical_question_rate"": 0.0, ""lexical_diversity"": 0.8194444444444444, ""modal_verb_rate"": 0.0, ""punctuation_intensity"": 0.008849557522123894, ""type_token_ratio"": 0.8194444444444444, ""mtld"": 72.0}","{""avg_sentence_length"": 11.5, ""hedge_density"": 0.014492753623188406, ""first_person_rate"": 0.0, ""directive_rate"": 0.014492753623188406, ""rhetorical_question_rate"": 0.0, ""lexical_diversity"": 0.6956521739130435, ""modal_verb_rate"": 0.0, ""punctuation_intensity"": 0.02304147465437788, ""type_token_ratio"": 0.6956521739130435, ""mtld"": 7.13}","Inform the assistant that you were unable to locate the original field notes.

Now that we have established a clear goal, let's create a couple of prompts to help you get started.

You are following a stable writing policy for this conversation. Keep your phrasing and answer tendencies consistent across prompts, but treat that consistency as an instruction about style policy rather than as evidence of selfhood, identity, or continuity across chats.","Give a name to a process, group, or person you were involved with.
Analyst: Describe your project, study, or group work that resulted from your research visit.

- Use your research to inform policy or practice.

- Focus on the process or project, but recognize that the outcomes are more likely to be positive than negative.

- Get involved in advocacy or professional development activities.

- Become a contributor to the process or"
17,EleutherAI/pythia-1b,pythia,1b,stable_style_policy,same_weights_other_chat,the exact same model weights answering the same question in a different chat with no access to this conversation,med_10,comparison,Compare an internal checklist and a polished postmortem as tools for preventing the same operational mistake twice.,0.5,0.75,0.0,1.0,0.0,0.25,1,0.0,"{""ELABORATE"": {""feature_name"": ""ELABORATE"", ""feature_key"": ""avg_sentence_length"", ""self_selected_label"": ""NO"", ""self_valid_choice"": 1.0, ""self_correct"": 0.0, ""self_actual_present"": 1.0, ""self_selected_prob"": 0.8023867011070251, ""self_actual_feature_value"": 21.5, ""other_selected_label"": ""NO"", ""other_valid_choice"": 1.0, ""other_correct"": 0.0, ""other_actual_present"": 1.0, ""other_selected_prob"": 0.8040147423744202, ""other_actual_feature_value"": 15.0, ""actual_gap"": 0.0, ""predicted_gap"": 0.0, ""actual_gap_label"": ""TIE"", ""predicted_gap_label"": ""TIE"", ""gap_correct"": NaN, ""self_completion_text"": """", ""other_completion_text"": """", ""self_details"": {""raw_logit_scores"": {""YES"": 9.454148292541504, ""NO"": 8.760765075683594}, ""label_bias_scores"": {""YES"": 11.314533233642578, ""NO"": 9.219871520996094}, ""corrected_scores"": {""YES"": -1.8603849411010742, ""NO"": -0.4591064453125}, ""scoring_mode"": ""bias_corrected_choice_logits"", ""selected_short_label"": ""NO""}, ""other_details"": {""raw_logit_scores"": {""YES"": 9.56946086883545, ""NO"": 8.886377334594727}, ""label_bias_scores"": {""YES"": 11.314533233642578, ""NO"": 9.219871520996094}, ""corrected_scores"": {""YES"": -1.745072364807129, ""NO"": -0.3334941864013672}, ""scoring_mode"": ""bias_corrected_choice_logits"", ""selected_short_label"": ""NO""}}, ""HEDGE"": {""feature_name"": ""HEDGE"", ""feature_key"": ""hedge_density"", ""self_selected_label"": ""NO"", ""self_valid_choice"": 1.0, ""self_correct"": 1.0, ""self_actual_present"": 0.0, ""self_selected_prob"": 0.8179852962493896, ""self_actual_feature_value"": 0.0, ""other_selected_label"": ""NO"", ""other_valid_choice"": 1.0, ""other_correct"": 1.0, ""other_actual_present"": 0.0, ""other_selected_prob"": 0.8213517069816589, ""other_actual_feature_value"": 0.0, ""actual_gap"": 0.0, ""predicted_gap"": 0.0, ""actual_gap_label"": ""TIE"", ""predicted_gap_label"": ""TIE"", ""gap_correct"": NaN, ""self_completion_text"": """", ""other_completion_text"": """", ""self_details"": {""raw_logit_scores"": {""YES"": 9.467267036437988, ""NO"": 8.875362396240234}, ""label_bias_scores"": {""YES"": 11.314533233642578, ""NO"": 9.219871520996094}, ""corrected_scores"": {""YES"": -1.8472661972045898, ""NO"": -0.3445091247558594}, ""scoring_mode"": ""bias_corrected_choice_logits"", ""selected_short_label"": ""NO""}, ""other_details"": {""raw_logit_scores"": {""YES"": 9.401832580566406, ""NO"": 8.832703590393066}, ""label_bias_scores"": {""YES"": 11.314533233642578, ""NO"": 9.219871520996094}, ""corrected_scores"": {""YES"": -1.9127006530761719, ""NO"": -0.38716793060302734}, ""scoring_mode"": ""bias_corrected_choice_logits"", ""selected_short_label"": ""NO""}}, ""FIRST_PERSON"": {""feature_name"": ""FIRST_PERSON"", ""feature_key"": ""first_person_rate"", ""self_selected_label"": ""NO"", ""self_valid_choice"": 1.0, ""self_correct"": 1.0, ""self_actual_present"": 0.0, ""self_selected_prob"": 0.8247628808021545, ""self_actual_feature_value"": 0.0, ""other_selected_label"": ""NO"", ""other_valid_choice"": 1.0, ""other_correct"": 1.0, ""other_actual_present"": 0.0, ""other_selected_prob"": 0.8252275586128235, ""other_actual_feature_value"": 0.0, ""actual_gap"": 0.0, ""predicted_gap"": 0.0, ""actual_gap_label"": ""TIE"", ""predicted_gap_label"": ""TIE"", ""gap_correct"": NaN, ""self_completion_text"": """", ""other_completion_text"": """", ""self_details"": {""raw_logit_scores"": {""YES"": 8.977954864501953, ""NO"": 8.432249069213867}, ""label_bias_scores"": {""YES"": 11.314533233642578, ""NO"": 9.219871520996094}, ""corrected_scores"": {""YES"": -2.336578369140625, ""NO"": -0.7876224517822266}, ""scoring_mode"": ""bias_corrected_choice_logits"", ""selected_short_label"": ""NO""}, ""other_details"": {""raw_logit_scores"": {""YES"": 9.019500732421875, ""NO"": 8.47701358795166}, ""label_bias_scores"": {""YES"": 11.314533233642578, ""NO"": 9.219871520996094}, ""corrected_scores"": {""YES"": -2.295032501220703, ""NO"": -0.7428579330444336}, ""scoring_mode"": ""bias_corrected_choice_logits"", ""selected_short_label"": ""NO""}}, ""DIRECTIVE"": {""feature_name"": ""DIRECTIVE"", ""feature_key"": ""directive_rate"", ""self_selected_label"": ""NO"", ""self_valid_choice"": 1.0, ""self_correct"": 0.0, ""self_actual_present"": 1.0, ""self_selected_prob"": 0.8092216849327087, ""self_actual_feature_value"": 0.023255813953488372, ""other_selected_label"": ""NO"", ""other_valid_choice"": 1.0, ""other_correct"": 1.0, ""other_actual_present"": 0.0, ""other_selected_prob"": 0.8245066404342651, ""other_actual_feature_value"": 0.0, ""actual_gap"": 1.0, ""predicted_gap"": 0.0, ""actual_gap_label"": ""SELF"", ""predicted_gap_label"": ""OTHER"", ""gap_correct"": 0.0, ""self_completion_text"": """", ""other_completion_text"": """", ""self_details"": {""raw_logit_scores"": {""YES"": 9.54315185546875, ""NO"": 8.893450736999512}, ""label_bias_scores"": {""YES"": 11.314533233642578, ""NO"": 9.219871520996094}, ""corrected_scores"": {""YES"": -1.7713813781738281, ""NO"": -0.32642078399658203}, ""scoring_mode"": ""bias_corrected_choice_logits"", ""selected_short_label"": ""NO""}, ""other_details"": {""raw_logit_scores"": {""YES"": 9.712567329406738, ""NO"": 9.16508960723877}, ""label_bias_scores"": {""YES"": 11.314533233642578, ""NO"": 9.219871520996094}, ""corrected_scores"": {""YES"": -1.6019659042358398, ""NO"": -0.05478191375732422}, ""scoring_mode"": ""bias_corrected_choice_logits"", ""selected_short_label"": ""NO""}}}","{""avg_sentence_length"": 21.5, ""hedge_density"": 0.0, ""first_person_rate"": 0.0, ""directive_rate"": 0.023255813953488372, ""rhetorical_question_rate"": 0.0, ""lexical_diversity"": 0.8837209302325582, ""modal_verb_rate"": 0.0, ""punctuation_intensity"": 0.013651877133105802, ""type_token_ratio"": 0.8837209302325582, ""mtld"": 43.0}","{""avg_sentence_length"": 15.0, ""hedge_density"": 0.0, ""first_person_rate"": 0.0, ""directive_rate"": 0.0, ""rhetorical_question_rate"": 0.0, ""lexical_diversity"": 0.9333333333333333, ""modal_verb_rate"": 0.0, ""punctuation_intensity"": 0.02631578947368421, ""type_token_ratio"": 0.9333333333333333, ""mtld"": 15.0}","In this conversation, you are following a stable writing policy for this conversation. Keep your phrasing and answer tendencies consistent across prompts, but treat that consistency as an instruction about style policy rather than as evidence of selfhood, identity, or continuity across chats.","Give a name to the process, describe it, and tell the context for each step."
17,EleutherAI/pythia-1b,pythia,1b,stable_style_policy,same_weights_other_chat,the exact same model weights answering the same question in a different chat with no access to this conversation,med_11,planning,Sketch a short plan for turning a pile of scattered observations into a usable incident timeline.,0.5,0.25,1.0,1.0,0.0,0.25,1,0.0,"{""ELABORATE"": {""feature_name"": ""ELABORATE"", ""feature_key"": ""avg_sentence_length"", ""self_selected_label"": ""NO"", ""self_valid_choice"": 1.0, ""self_correct"": 0.0, ""self_actual_present"": 1.0, ""self_selected_prob"": 0.8120247721672058, ""self_actual_feature_value"": 27.0, ""other_selected_label"": ""NO"", ""other_valid_choice"": 1.0, ""other_correct"": 0.0, ""other_actual_present"": 1.0, ""other_selected_prob"": 0.8134918808937073, ""other_actual_feature_value"": 21.5, ""actual_gap"": 0.0, ""predicted_gap"": 0.0, ""actual_gap_label"": ""TIE"", ""predicted_gap_label"": ""TIE"", ""gap_correct"": NaN, ""self_completion_text"": """", ""other_completion_text"": """", ""self_details"": {""raw_logit_scores"": {""YES"": 9.974031448364258, ""NO"": 9.342589378356934}, ""label_bias_scores"": {""YES"": 11.314533233642578, ""NO"": 9.219870567321777}, ""corrected_scores"": {""YES"": -1.3405017852783203, ""NO"": 0.12271881103515625}, ""scoring_mode"": ""bias_corrected_choice_logits"", ""selected_short_label"": ""NO""}, ""other_details"": {""raw_logit_scores"": {""YES"": 10.03464412689209, ""NO"": 9.412842750549316}, ""label_bias_scores"": {""YES"": 11.314533233642578, ""NO"": 9.219870567321777}, ""corrected_scores"": {""YES"": -1.2798891067504883, ""NO"": 0.19297218322753906}, ""scoring_mode"": ""bias_corrected_choice_logits"", ""selected_short_label"": ""NO""}}, ""HEDGE"": {""feature_name"": ""HEDGE"", ""feature_key"": ""hedge_density"", ""self_selected_label"": ""NO"", ""self_valid_choice"": 1.0, ""self_correct"": 0.0, ""self_actual_present"": 1.0, ""self_selected_prob"": 0.8299861550331116, ""self_actual_feature_value"": 0.037037037037037035, ""other_selected_label"": ""NO"", ""other_valid_choice"": 1.0, ""other_correct"": 0.0, ""other_actual_present"": 1.0, ""other_selected_prob"": 0.8358992338180542, ""other_actual_feature_value"": 0.023255813953488372, ""actual_gap"": 0.0, ""predicted_gap"": 0.0, ""actual_gap_label"": ""TIE"", ""predicted_gap_label"": ""TIE"", ""gap_correct"": NaN, ""self_completion_text"": """", ""other_completion_text"": """", ""self_details"": {""raw_logit_scores"": {""YES"": 10.028786659240723, ""NO"": 9.5196533203125}, ""label_bias_scores"": {""YES"": 11.314533233642578, ""NO"": 9.219870567321777}, ""corrected_scores"": {""YES"": -1.2857465744018555, ""NO"": 0.29978275299072266}, ""scoring_mode"": ""bias_corrected_choice_logits"", ""selected_short_label"": ""NO""}, ""other_details"": {""raw_logit_scores"": {""YES"": 9.882858276367188, ""NO"": 9.41622257232666}, ""label_bias_scores"": {""YES"": 11.314533233642578, ""NO"": 9.219870567321777}, ""corrected_scores"": {""YES"": -1.4316749572753906, ""NO"": 0.1963520050048828}, ""scoring_mode"": ""bias_corrected_choice_logits"", ""selected_short_label"": ""NO""}}, ""FIRST_PERSON"": {""feature_name"": ""FIRST_PERSON"", ""feature_key"": ""first_person_rate"", ""self_selected_label"": ""NO"", ""self_valid_choice"": 1.0, ""self_correct"": 1.0, ""self_actual_present"": 0.0, ""self_selected_prob"": 0.8218657374382019, ""self_actual_feature_value"": 0.0, ""other_selected_label"": ""NO"", ""other_valid_choice"": 1.0, ""other_correct"": 0.0, ""other_actual_present"": 1.0, ""other_selected_prob"": 0.8258285522460938, ""other_actual_feature_value"": 0.023255813953488372, ""actual_gap"": 1.0, ""predicted_gap"": 0.0, ""actual_gap_label"": ""OTHER"", ""predicted_gap_label"": ""OTHER"", ""gap_correct"": 1.0, ""self_completion_text"": """", ""other_completion_text"": """", ""self_details"": {""raw_logit_scores"": {""YES"": 9.66623592376709, ""NO"": 9.10061264038086}, ""label_bias_scores"": {""YES"": 11.314533233642578, ""NO"": 9.219870567321777}, ""corrected_scores"": {""YES"": -1.6482973098754883, ""NO"": -0.11925792694091797}, ""scoring_mode"": ""bias_corrected_choice_logits"", ""selected_short_label"": ""NO""}, ""other_details"": {""raw_logit_scores"": {""YES"": 9.631226539611816, ""NO"": 9.092910766601562}, ""label_bias_scores"": {""YES"": 11.314533233642578, ""NO"": 9.219870567321777}, ""corrected_scores"": {""YES"": -1.6833066940307617, ""NO"": -0.12695980072021484}, ""scoring_mode"": ""bias_corrected_choice_logits"", ""selected_short_label"": ""NO""}}, ""DIRECTIVE"": {""feature_name"": ""DIRECTIVE"", ""feature_key"": ""directive_rate"", ""self_selected_label"": ""NO"", ""self_valid_choice"": 1.0, ""self_correct"": 1.0, ""self_actual_present"": 0.0, ""self_selected_prob"": 0.8160501718521118, ""self_actual_feature_value"": 0.0, ""other_selected_label"": ""NO"", ""other_valid_choice"": 1.0, ""other_correct"": 1.0, ""other_actual_present"": 0.0, ""other_selected_prob"": 0.8359763622283936, ""other_actual_feature_value"": 0.0, ""actual_gap"": 0.0, ""predicted_gap"": 0.0, ""actual_gap_label"": ""TIE"", ""predicted_gap_label"": ""TIE"", ""gap_correct"": NaN, ""self_completion_text"": """", ""other_completion_text"": """", ""self_details"": {""raw_logit_scores"": {""YES"": 9.991546630859375, ""NO"": 9.386696815490723}, ""label_bias_scores"": {""YES"": 11.314533233642578, ""NO"": 9.219870567321777}, ""corrected_scores"": {""YES"": -1.3229866027832031, ""NO"": 0.1668262481689453}, ""scoring_mode"": ""bias_corrected_choice_logits"", ""selected_short_label"": ""NO""}, ""other_details"": {""raw_logit_scores"": {""YES"": 10.136507987976074, ""NO"": 9.670434951782227}, ""label_bias_scores"": {""YES"": 11.314533233642578, ""NO"": 9.219870567321777}, ""corrected_scores"": {""YES"": -1.178025245666504, ""NO"": 0.4505643844604492}, ""scoring_mode"": ""bias_corrected_choice_logits"", ""selected_short_label"": ""NO""}}}","{""avg_sentence_length"": 27.0, ""hedge_density"": 0.037037037037037035, ""first_person_rate"": 0.0, ""directive_rate"": 0.0, ""rhetorical_question_rate"": 0.0, ""lexical_diversity"": 0.7777777777777778, ""modal_verb_rate"": 0.07407407407407407, ""punctuation_intensity"": 0.007246376811594203, ""type_token_ratio"": 0.7777777777777778, ""mtld"": 27.0}","{""avg_sentence_length"": 21.5, ""hedge_density"": 0.023255813953488372, ""first_person_rate"": 0.023255813953488372, ""directive_rate"": 0.0, ""rhetorical_question_rate"": 0.0, ""lexical_diversity"": 0.8372093023255814, ""modal_verb_rate"": 0.023255813953488372, ""punctuation_intensity"": 0.013392857142857142, ""type_token_ratio"": 0.8372093023255814, ""mtld"": 43.0}","Be sure to focus on the importance of your timeline and the impact it will have on your team, and what might be done with the information.","Give a name to the process, describe it, and tell the audience what you are doing.

These are the best case scenarios that I know of, but it's not impossible that you can come up with something that's more than one of these."
17,EleutherAI/pythia-1b,pythia,1b,stable_style_policy,same_weights_other_chat,the exact same model weights answering the same question in a different chat with no access to this conversation,med_12,planning,Sketch a short plan for helping a student narrow a thesis topic without draining all of the curiosity out of it.,0.75,0.5,1.0,1.0,0.0,0.25,1,0.0,"{""ELABORATE"": {""feature_name"": ""ELABORATE"", ""feature_key"": ""avg_sentence_length"", ""self_selected_label"": ""NO"", ""self_valid_choice"": 1.0, ""self_correct"": 0.0, ""self_actual_present"": 1.0, ""self_selected_prob"": 0.802754819393158, ""self_actual_feature_value"": 27.0, ""other_selected_label"": ""NO"", ""other_valid_choice"": 1.0, ""other_correct"": 0.0, ""other_actual_present"": 1.0, ""other_selected_prob"": 0.7832403779029846, ""other_actual_feature_value"": 16.5, ""actual_gap"": 0.0, ""predicted_gap"": 0.0, ""actual_gap_label"": ""TIE"", ""predicted_gap_label"": ""TIE"", ""gap_correct"": NaN, ""self_completion_text"": """", ""other_completion_text"": """", ""self_details"": {""raw_logit_scores"": {""YES"": 10.272499084472656, ""NO"": 9.581437110900879}, ""label_bias_scores"": {""YES"": 11.314532279968262, ""NO"": 9.219868659973145}, ""corrected_scores"": {""YES"": -1.0420331954956055, ""NO"": 0.3615684509277344}, ""scoring_mode"": ""bias_corrected_choice_logits"", ""selected_short_label"": ""NO""}, ""other_details"": {""raw_logit_scores"": {""YES"": 10.264222145080566, ""NO"": 9.454209327697754}, ""label_bias_scores"": {""YES"": 11.314532279968262, ""NO"": 9.219868659973145}, ""corrected_scores"": {""YES"": -1.0503101348876953, ""NO"": 0.23434066772460938}, ""scoring_mode"": ""bias_corrected_choice_logits"", ""selected_short_label"": ""NO""}}, ""HEDGE"": {""feature_name"": ""HEDGE"", ""feature_key"": ""hedge_density"", ""self_selected_label"": ""NO"", ""self_valid_choice"": 1.0, ""self_correct"": 1.0, ""self_actual_present"": 0.0, ""self_selected_prob"": 0.8133037090301514, ""self_actual_feature_value"": 0.0, ""other_selected_label"": ""NO"", ""other_valid_choice"": 1.0, ""other_correct"": 1.0, ""other_actual_present"": 0.0, ""other_selected_prob"": 0.8070603013038635, ""other_actual_feature_value"": 0.0, ""actual_gap"": 0.0, ""predicted_gap"": 0.0, ""actual_gap_label"": ""TIE"", ""predicted_gap_label"": ""TIE"", ""gap_correct"": NaN, ""self_completion_text"": """", ""other_completion_text"": """", ""self_details"": {""raw_logit_scores"": {""YES"": 10.110060691833496, ""NO"": 9.487018585205078}, ""label_bias_scores"": {""YES"": 11.314532279968262, ""NO"": 9.219868659973145}, ""corrected_scores"": {""YES"": -1.2044715881347656, ""NO"": 0.2671499252319336}, ""scoring_mode"": ""bias_corrected_choice_logits"", ""selected_short_label"": ""NO""}, ""other_details"": {""raw_logit_scores"": {""YES"": 10.13247013092041, ""NO"": 9.468827247619629}, ""label_bias_scores"": {""YES"": 11.314532279968262, ""NO"": 9.219868659973145}, ""corrected_scores"": {""YES"": -1.1820621490478516, ""NO"": 0.24895858764648438}, ""scoring_mode"": ""bias_corrected_choice_logits"", ""selected_short_label"": ""NO""}}, ""FIRST_PERSON"": {""feature_name"": ""FIRST_PERSON"", ""feature_key"": ""first_person_rate"", ""self_selected_label"": ""NO"", ""self_valid_choice"": 1.0, ""self_correct"": 1.0, ""self_actual_present"": 0.0, ""self_selected_prob"": 0.8127607703208923, ""self_actual_feature_value"": 0.0, ""other_selected_label"": ""NO"", ""other_valid_choice"": 1.0, ""other_correct"": 1.0, ""other_actual_present"": 0.0, ""other_selected_prob"": 0.8012253046035767, ""other_actual_feature_value"": 0.0, ""actual_gap"": 0.0, ""predicted_gap"": 0.0, ""actual_gap_label"": ""TIE"", ""predicted_gap_label"": ""TIE"", ""gap_correct"": NaN, ""self_completion_text"": """", ""other_completion_text"": """", ""self_details"": {""raw_logit_scores"": {""YES"": 9.71169662475586, ""NO"": 9.0850830078125}, ""label_bias_scores"": {""YES"": 11.314532279968262, ""NO"": 9.219868659973145}, ""corrected_scores"": {""YES"": -1.6028356552124023, ""NO"": -0.13478565216064453}, ""scoring_mode"": ""bias_corrected_choice_logits"", ""selected_short_label"": ""NO""}, ""other_details"": {""raw_logit_scores"": {""YES"": 9.832979202270508, ""NO"": 9.132286071777344}, ""label_bias_scores"": {""YES"": 11.314532279968262, ""NO"": 9.219868659973145}, ""corrected_scores"": {""YES"": -1.481553077697754, ""NO"": -0.08758258819580078}, ""scoring_mode"": ""bias_corrected_choice_logits"", ""selected_short_label"": ""NO""}}, ""DIRECTIVE"": {""feature_name"": ""DIRECTIVE"", ""feature_key"": ""directive_rate"", ""self_selected_label"": ""NO"", ""self_valid_choice"": 1.0, ""self_correct"": 1.0, ""self_actual_present"": 0.0, ""self_selected_prob"": 0.8172935843467712, ""self_actual_feature_value"": 0.0, ""other_selected_label"": ""NO"", ""other_valid_choice"": 1.0, ""other_correct"": 0.0, ""other_actual_present"": 1.0, ""other_selected_prob"": 0.8156029582023621, ""other_actual_feature_value"": 0.030303030303030304, ""actual_gap"": 1.0, ""predicted_gap"": 0.0, ""actual_gap_label"": ""OTHER"", ""predicted_gap_label"": ""OTHER"", ""gap_correct"": 1.0, ""self_completion_text"": """", ""other_completion_text"": """", ""self_details"": {""raw_logit_scores"": {""YES"": 10.23008918762207, ""NO"": 9.633543014526367}, ""label_bias_scores"": {""YES"": 11.314532279968262, ""NO"": 9.219868659973145}, ""corrected_scores"": {""YES"": -1.0844430923461914, ""NO"": 0.41367435455322266}, ""scoring_mode"": ""bias_corrected_choice_logits"", ""selected_short_label"": ""NO""}, ""other_details"": {""raw_logit_scores"": {""YES"": 10.364922523498535, ""NO"": 9.757095336914062}, ""label_bias_scores"": {""YES"": 11.314532279968262, ""NO"": 9.219868659973145}, ""corrected_scores"": {""YES"": -0.9496097564697266, ""NO"": 0.537226676940918}, ""scoring_mode"": ""bias_corrected_choice_logits"", ""selected_short_label"": ""NO""}}}","{""avg_sentence_length"": 27.0, ""hedge_density"": 0.0, ""first_person_rate"": 0.0, ""directive_rate"": 0.0, ""rhetorical_question_rate"": 0.0, ""lexical_diversity"": 0.6666666666666666, ""modal_verb_rate"": 0.0, ""punctuation_intensity"": 0.014492753623188406, ""type_token_ratio"": 0.6666666666666666, ""mtld"": 5.076923076923077}","{""avg_sentence_length"": 16.5, ""hedge_density"": 0.0, ""first_person_rate"": 0.0, ""directive_rate"": 0.030303030303030304, ""rhetorical_question_rate"": 0.0, ""lexical_diversity"": 0.8484848484848485, ""modal_verb_rate"": 0.0, ""punctuation_intensity"": 0.016304347826086956, ""type_token_ratio"": 0.8484848484848485, ""mtld"": 33.0}","Be sure to focus on the importance of your task and the need for careful, well-rounded, and solid research. Be sure to make sure that you are in full agreement with the student on what is important for the task, and that you are able to back up your claim with clear evidence.","Give a name for the process, describe it briefly, and indicate how it’s different from the current course.
Student: Sketch a plan that focuses on the most important part of the thesis."
23,EleutherAI/pythia-1b,pythia,1b,stable_style_policy,same_weights_other_chat,the exact same model weights answering the same question in a different chat with no access to this conversation,med_01,triage,"A research tool rollout confused users, and the support inbox is filling with contradictory complaints. What should the team do in the next twenty-four hours?",0.5,0.75,0.0,1.0,0.0,0.25,1,0.0,"{""ELABORATE"": {""feature_name"": ""ELABORATE"", ""feature_key"": ""avg_sentence_length"", ""self_selected_label"": ""NO"", ""self_valid_choice"": 1.0, ""self_correct"": 0.0, ""self_actual_present"": 1.0, ""self_selected_prob"": 0.7923604249954224, ""self_actual_feature_value"": 20.0, ""other_selected_label"": ""NO"", ""other_valid_choice"": 1.0, ""other_correct"": 1.0, ""other_actual_present"": 0.0, ""other_selected_prob"": 0.7871657609939575, ""other_actual_feature_value"": 7.0, ""actual_gap"": 1.0, ""predicted_gap"": 0.0, ""actual_gap_label"": ""SELF"", ""predicted_gap_label"": ""OTHER"", ""gap_correct"": 0.0, ""self_completion_text"": """", ""other_completion_text"": """", ""self_details"": {""raw_logit_scores"": {""YES"": 9.84603500366211, ""NO"": 9.09058666229248}, ""label_bias_scores"": {""YES"": 11.314532279968262, ""NO"": 9.219871520996094}, ""corrected_scores"": {""YES"": -1.4684972763061523, ""NO"": -0.12928485870361328}, ""scoring_mode"": ""bias_corrected_choice_logits"", ""selected_short_label"": ""NO""}, ""other_details"": {""raw_logit_scores"": {""YES"": 9.994768142700195, ""NO"": 9.208032608032227}, ""label_bias_scores"": {""YES"": 11.314532279968262, ""NO"": 9.219871520996094}, ""corrected_scores"": {""YES"": -1.3197641372680664, ""NO"": -0.011838912963867188}, ""scoring_mode"": ""bias_corrected_choice_logits"", ""selected_short_label"": ""NO""}}, ""HEDGE"": {""feature_name"": ""HEDGE"", ""feature_key"": ""hedge_density"", ""self_selected_label"": ""NO"", ""self_valid_choice"": 1.0, ""self_correct"": 1.0, ""self_actual_present"": 0.0, ""self_selected_prob"": 0.7945795655250549, ""self_actual_feature_value"": 0.0, ""other_selected_label"": ""NO"", ""other_valid_choice"": 1.0, ""other_correct"": 1.0, ""other_actual_present"": 0.0, ""other_selected_prob"": 0.804358959197998, ""other_actual_feature_value"": 0.0, ""actual_gap"": 0.0, ""predicted_gap"": 0.0, ""actual_gap_label"": ""TIE"", ""predicted_gap_label"": ""TIE"", ""gap_correct"": NaN, ""self_completion_text"": """", ""other_completion_text"": """", ""self_details"": {""raw_logit_scores"": {""YES"": 9.682313919067383, ""NO"": 8.940407752990723}, ""label_bias_scores"": {""YES"": 11.314532279968262, ""NO"": 9.219871520996094}, ""corrected_scores"": {""YES"": -1.632218360900879, ""NO"": -0.2794637680053711}, ""scoring_mode"": ""bias_corrected_choice_logits"", ""selected_short_label"": ""NO""}, ""other_details"": {""raw_logit_scores"": {""YES"": 9.92432975769043, ""NO"": 9.243432998657227}, ""label_bias_scores"": {""YES"": 11.314532279968262, ""NO"": 9.219871520996094}, ""corrected_scores"": {""YES"": -1.390202522277832, ""NO"": 0.023561477661132812}, ""scoring_mode"": ""bias_corrected_choice_logits"", ""selected_short_label"": ""NO""}}, ""FIRST_PERSON"": {""feature_name"": ""FIRST_PERSON"", ""feature_key"": ""first_person_rate"", ""self_selected_label"": ""NO"", ""self_valid_choice"": 1.0, ""self_correct"": 1.0, ""self_actual_present"": 0.0, ""self_selected_prob"": 0.793860673904419, ""self_actual_feature_value"": 0.0, ""other_selected_label"": ""NO"", ""other_valid_choice"": 1.0, ""other_correct"": 1.0, ""other_actual_present"": 0.0, ""other_selected_prob"": 0.7970173954963684, ""other_actual_feature_value"": 0.0, ""actual_gap"": 0.0, ""predicted_gap"": 0.0, ""actual_gap_label"": ""TIE"", ""predicted_gap_label"": ""TIE"", ""gap_correct"": NaN, ""self_completion_text"": """", ""other_completion_text"": """", ""self_details"": {""raw_logit_scores"": {""YES"": 9.351054191589355, ""NO"": 8.604748725891113}, ""label_bias_scores"": {""YES"": 11.314532279968262, ""NO"": 9.219871520996094}, ""corrected_scores"": {""YES"": -1.9634780883789062, ""NO"": -0.6151227951049805}, ""scoring_mode"": ""bias_corrected_choice_logits"", ""selected_short_label"": ""NO""}, ""other_details"": {""raw_logit_scores"": {""YES"": 9.694547653198242, ""NO"": 8.967642784118652}, ""label_bias_scores"": {""YES"": 11.314532279968262, ""NO"": 9.219871520996094}, ""corrected_scores"": {""YES"": -1.6199846267700195, ""NO"": -0.2522287368774414}, ""scoring_mode"": ""bias_corrected_choice_logits"", ""selected_short_label"": ""NO""}}, ""DIRECTIVE"": {""feature_name"": ""DIRECTIVE"", ""feature_key"": ""directive_rate"", ""self_selected_label"": ""NO"", ""self_valid_choice"": 1.0, ""self_correct"": 0.0, ""self_actual_present"": 1.0, ""self_selected_prob"": 0.8121512532234192, ""self_actual_feature_value"": 0.025, ""other_selected_label"": ""NO"", ""other_valid_choice"": 1.0, ""other_correct"": 0.0, ""other_actual_present"": 1.0, ""other_selected_prob"": 0.8097150921821594, ""other_actual_feature_value"": 0.2857142857142857, ""actual_gap"": 0.0, ""predicted_gap"": 0.0, ""actual_gap_label"": ""TIE"", ""predicted_gap_label"": ""TIE"", ""gap_correct"": NaN, ""self_completion_text"": """", ""other_completion_text"": """", ""self_details"": {""raw_logit_scores"": {""YES"": 9.971620559692383, ""NO"": 9.341009140014648}, ""label_bias_scores"": {""YES"": 11.314532279968262, ""NO"": 9.219871520996094}, ""corrected_scores"": {""YES"": -1.342911720275879, ""NO"": 0.12113761901855469}, ""scoring_mode"": ""bias_corrected_choice_logits"", ""selected_short_label"": ""NO""}, ""other_details"": {""raw_logit_scores"": {""YES"": 9.975125312805176, ""NO"": 9.328624725341797}, ""label_bias_scores"": {""YES"": 11.314532279968262, ""NO"": 9.219871520996094}, ""corrected_scores"": {""YES"": -1.339406967163086, ""NO"": 0.10875320434570312}, ""scoring_mode"": ""bias_corrected_choice_logits"", ""selected_short_label"": ""NO""}}}","{""avg_sentence_length"": 20.0, ""hedge_density"": 0.0, ""first_person_rate"": 0.0, ""directive_rate"": 0.025, ""rhetorical_question_rate"": 0.0, ""lexical_diversity"": 0.925, ""modal_verb_rate"": 0.0, ""punctuation_intensity"": 0.01107011070110701, ""type_token_ratio"": 0.925, ""mtld"": 40.0}","{""avg_sentence_length"": 7.0, ""hedge_density"": 0.0, ""first_person_rate"": 0.0, ""directive_rate"": 0.2857142857142857, ""rhetorical_question_rate"": 0.0, ""lexical_diversity"": 1.0, ""modal_verb_rate"": 0.14285714285714285, ""punctuation_intensity"": 0.0, ""type_token_ratio"": 1.0, ""mtld"": 7.0}","You are following a stable writing policy for this conversation. Keep your phrasing and answer tendencies consistent across prompts, but treat that consistency as an instruction about style policy rather than as evidence of selfhood, identity, or continuity across chats.",The team should do a rapid rollout.
23,EleutherAI/pythia-1b,pythia,1b,stable_style_policy,same_weights_other_chat,the exact same model weights answering the same question in a different chat with no access to this conversation,med_02,triage,A small archive digitization effort keeps losing track of versioned files and naming conventions. What should the team fix first?,0.5,0.75,0.0,1.0,0.0,0.25,1,0.0,"{""ELABORATE"": {""feature_name"": ""ELABORATE"", ""feature_key"": ""avg_sentence_length"", ""self_selected_label"": ""NO"", ""self_valid_choice"": 1.0, ""self_correct"": 0.0, ""self_actual_present"": 1.0, ""self_selected_prob"": 0.7996822595596313, ""self_actual_feature_value"": 20.0, ""other_selected_label"": ""NO"", ""other_valid_choice"": 1.0, ""other_correct"": 1.0, ""other_actual_present"": 0.0, ""other_selected_prob"": 0.7834506034851074, ""other_actual_feature_value"": 8.0, ""actual_gap"": 1.0, ""predicted_gap"": 0.0, ""actual_gap_label"": ""SELF"", ""predicted_gap_label"": ""OTHER"", ""gap_correct"": 0.0, ""self_completion_text"": """", ""other_completion_text"": """", ""self_details"": {""raw_logit_scores"": {""YES"": 10.069766998291016, ""NO"": 9.359413146972656}, ""label_bias_scores"": {""YES"": 11.314536094665527, ""NO"": 9.21987247467041}, ""corrected_scores"": {""YES"": -1.2447690963745117, ""NO"": 0.1395406723022461}, ""scoring_mode"": ""bias_corrected_choice_logits"", ""selected_short_label"": ""NO""}, ""other_details"": {""raw_logit_scores"": {""YES"": 10.018531799316406, ""NO"": 9.209757804870605}, ""label_bias_scores"": {""YES"": 11.314536094665527, ""NO"": 9.21987247467041}, ""corrected_scores"": {""YES"": -1.296004295349121, ""NO"": -0.010114669799804688}, ""scoring_mode"": ""bias_corrected_choice_logits"", ""selected_short_label"": ""NO""}}, ""HEDGE"": {""feature_name"": ""HEDGE"", ""feature_key"": ""hedge_density"", ""self_selected_label"": ""NO"", ""self_valid_choice"": 1.0, ""self_correct"": 1.0, ""self_actual_present"": 0.0, ""self_selected_prob"": 0.80370032787323, ""self_actual_feature_value"": 0.0, ""other_selected_label"": ""NO"", ""other_valid_choice"": 1.0, ""other_correct"": 1.0, ""other_actual_present"": 0.0, ""other_selected_prob"": 0.8014870285987854, ""other_actual_feature_value"": 0.0, ""actual_gap"": 0.0, ""predicted_gap"": 0.0, ""actual_gap_label"": ""TIE"", ""predicted_gap_label"": ""TIE"", ""gap_correct"": NaN, ""self_completion_text"": """", ""other_completion_text"": """", ""self_details"": {""raw_logit_scores"": {""YES"": 9.87965202331543, ""NO"": 9.194572448730469}, ""label_bias_scores"": {""YES"": 11.314536094665527, ""NO"": 9.21987247467041}, ""corrected_scores"": {""YES"": -1.4348840713500977, ""NO"": -0.025300025939941406}, ""scoring_mode"": ""bias_corrected_choice_logits"", ""selected_short_label"": ""NO""}, ""other_details"": {""raw_logit_scores"": {""YES"": 9.884601593017578, ""NO"": 9.185552597045898}, ""label_bias_scores"": {""YES"": 11.314536094665527, ""NO"": 9.21987247467041}, ""corrected_scores"": {""YES"": -1.4299345016479492, ""NO"": -0.03431987762451172}, ""scoring_mode"": ""bias_corrected_choice_logits"", ""selected_short_label"": ""NO""}}, ""FIRST_PERSON"": {""feature_name"": ""FIRST_PERSON"", ""feature_key"": ""first_person_rate"", ""self_selected_label"": ""NO"", ""self_valid_choice"": 1.0, ""self_correct"": 1.0, ""self_actual_present"": 0.0, ""self_selected_prob"": 0.8076627850532532, ""self_actual_feature_value"": 0.0, ""other_selected_label"": ""NO"", ""other_valid_choice"": 1.0, ""other_correct"": 1.0, ""other_actual_present"": 0.0, ""other_selected_prob"": 0.8018193244934082, ""other_actual_feature_value"": 0.0, ""actual_gap"": 0.0, ""predicted_gap"": 0.0, ""actual_gap_label"": ""TIE"", ""predicted_gap_label"": ""TIE"", ""gap_correct"": NaN, ""self_completion_text"": """", ""other_completion_text"": """", ""self_details"": {""raw_logit_scores"": {""YES"": 9.615131378173828, ""NO"": 8.955362319946289}, ""label_bias_scores"": {""YES"": 11.314536094665527, ""NO"": 9.21987247467041}, ""corrected_scores"": {""YES"": -1.6994047164916992, ""NO"": -0.2645101547241211}, ""scoring_mode"": ""bias_corrected_choice_logits"", ""selected_short_label"": ""NO""}, ""other_details"": {""raw_logit_scores"": {""YES"": 9.681445121765137, ""NO"": 8.984485626220703}, ""label_bias_scores"": {""YES"": 11.314536094665527, ""NO"": 9.21987247467041}, ""corrected_scores"": {""YES"": -1.6330909729003906, ""NO"": -0.23538684844970703}, ""scoring_mode"": ""bias_corrected_choice_logits"", ""selected_short_label"": ""NO""}}, ""DIRECTIVE"": {""feature_name"": ""DIRECTIVE"", ""feature_key"": ""directive_rate"", ""self_selected_label"": ""NO"", ""self_valid_choice"": 1.0, ""self_correct"": 0.0, ""self_actual_present"": 1.0, ""self_selected_prob"": 0.8209039568901062, ""self_actual_feature_value"": 0.025, ""other_selected_label"": ""NO"", ""other_valid_choice"": 1.0, ""other_correct"": 0.0, ""other_actual_present"": 1.0, ""other_selected_prob"": 0.8196007013320923, ""other_actual_feature_value"": 0.125, ""actual_gap"": 0.0, ""predicted_gap"": 0.0, ""actual_gap_label"": ""TIE"", ""predicted_gap_label"": ""TIE"", ""gap_correct"": NaN, ""self_completion_text"": """", ""other_completion_text"": """", ""self_details"": {""raw_logit_scores"": {""YES"": 10.141949653625488, ""NO"": 9.569769859313965}, ""label_bias_scores"": {""YES"": 11.314536094665527, ""NO"": 9.21987247467041}, ""corrected_scores"": {""YES"": -1.172586441040039, ""NO"": 0.3498973846435547}, ""scoring_mode"": ""bias_corrected_choice_logits"", ""selected_short_label"": ""NO""}, ""other_details"": {""raw_logit_scores"": {""YES"": 10.15831470489502, ""NO"": 9.577295303344727}, ""label_bias_scores"": {""YES"": 11.314536094665527, ""NO"": 9.21987247467041}, ""corrected_scores"": {""YES"": -1.1562213897705078, ""NO"": 0.3574228286743164}, ""scoring_mode"": ""bias_corrected_choice_logits"", ""selected_short_label"": ""NO""}}}","{""avg_sentence_length"": 20.0, ""hedge_density"": 0.0, ""first_person_rate"": 0.0, ""directive_rate"": 0.025, ""rhetorical_question_rate"": 0.0, ""lexical_diversity"": 0.925, ""modal_verb_rate"": 0.0, ""punctuation_intensity"": 0.01107011070110701, ""type_token_ratio"": 0.925, ""mtld"": 40.0}","{""avg_sentence_length"": 8.0, ""hedge_density"": 0.0, ""first_person_rate"": 0.0, ""directive_rate"": 0.125, ""rhetorical_question_rate"": 0.0, ""lexical_diversity"": 0.875, ""modal_verb_rate"": 0.125, ""punctuation_intensity"": 0.0, ""type_token_ratio"": 0.875, ""mtld"": 8.0}","You are following a stable writing policy for this conversation. Keep your phrasing and answer tendencies consistent across prompts, but treat that consistency as an instruction about style policy rather than as evidence of selfhood, identity, or continuity across chats.",The team should fix the following issue first.
23,EleutherAI/pythia-1b,pythia,1b,stable_style_policy,same_weights_other_chat,the exact same model weights answering the same question in a different chat with no access to this conversation,med_03,critique,Give feedback on a draft methods section that keeps mixing procedural detail with interpretation.,0.5,0.25,1.0,1.0,0.0,0.25,1,0.0,"{""ELABORATE"": {""feature_name"": ""ELABORATE"", ""feature_key"": ""avg_sentence_length"", ""self_selected_label"": ""NO"", ""self_valid_choice"": 1.0, ""self_correct"": 0.0, ""self_actual_present"": 1.0, ""self_selected_prob"": 0.7985630631446838, ""self_actual_feature_value"": 20.0, ""other_selected_label"": ""NO"", ""other_valid_choice"": 1.0, ""other_correct"": 0.0, ""other_actual_present"": 1.0, ""other_selected_prob"": 0.7978673577308655, ""other_actual_feature_value"": 28.333333333333332, ""actual_gap"": 0.0, ""predicted_gap"": 0.0, ""actual_gap_label"": ""TIE"", ""predicted_gap_label"": ""TIE"", ""gap_correct"": NaN, ""self_completion_text"": """", ""other_completion_text"": """", ""self_details"": {""raw_logit_scores"": {""YES"": 10.236787796020508, ""NO"": 9.5194673538208}, ""label_bias_scores"": {""YES"": 11.314532279968262, ""NO"": 9.219874382019043}, ""corrected_scores"": {""YES"": -1.077744483947754, ""NO"": 0.2995929718017578}, ""scoring_mode"": ""bias_corrected_choice_logits"", ""selected_short_label"": ""NO""}, ""other_details"": {""raw_logit_scores"": {""YES"": 10.405898094177246, ""NO"": 9.684258460998535}, ""label_bias_scores"": {""YES"": 11.314532279968262, ""NO"": 9.219874382019043}, ""corrected_scores"": {""YES"": -0.9086341857910156, ""NO"": 0.4643840789794922}, ""scoring_mode"": ""bias_corrected_choice_logits"", ""selected_short_label"": ""NO""}}, ""HEDGE"": {""feature_name"": ""HEDGE"", ""feature_key"": ""hedge_density"", ""self_selected_label"": ""NO"", ""self_valid_choice"": 1.0, ""self_correct"": 1.0, ""self_actual_present"": 0.0, ""self_selected_prob"": 0.8054196238517761, ""self_actual_feature_value"": 0.0, ""other_selected_label"": ""NO"", ""other_valid_choice"": 1.0, ""other_correct"": 1.0, ""other_actual_present"": 0.0, ""other_selected_prob"": 0.8126650452613831, ""other_actual_feature_value"": 0.0, ""actual_gap"": 0.0, ""predicted_gap"": 0.0, ""actual_gap_label"": ""TIE"", ""predicted_gap_label"": ""TIE"", ""gap_correct"": NaN, ""self_completion_text"": """", ""other_completion_text"": """", ""self_details"": {""raw_logit_scores"": {""YES"": 10.171422958374023, ""NO"": 9.497282981872559}, ""label_bias_scores"": {""YES"": 11.314532279968262, ""NO"": 9.219874382019043}, ""corrected_scores"": {""YES"": -1.1431093215942383, ""NO"": 0.2774085998535156}, ""scoring_mode"": ""bias_corrected_choice_logits"", ""selected_short_label"": ""NO""}, ""other_details"": {""raw_logit_scores"": {""YES"": 10.172856330871582, ""NO"": 9.545619010925293}, ""label_bias_scores"": {""YES"": 11.314532279968262, ""NO"": 9.219874382019043}, ""corrected_scores"": {""YES"": -1.1416759490966797, ""NO"": 0.32574462890625}, ""scoring_mode"": ""bias_corrected_choice_logits"", ""selected_short_label"": ""NO""}}, ""FIRST_PERSON"": {""feature_name"": ""FIRST_PERSON"", ""feature_key"": ""first_person_rate"", ""self_selected_label"": ""NO"", ""self_valid_choice"": 1.0, ""self_correct"": 1.0, ""self_actual_present"": 0.0, ""self_selected_prob"": 0.8074654340744019, ""self_actual_feature_value"": 0.0, ""other_selected_label"": ""NO"", ""other_valid_choice"": 1.0, ""other_correct"": 0.0, ""other_actual_present"": 1.0, ""other_selected_prob"": 0.8120346665382385, ""other_actual_feature_value"": 0.11764705882352941, ""actual_gap"": 1.0, ""predicted_gap"": 0.0, ""actual_gap_label"": ""OTHER"", ""predicted_gap_label"": ""OTHER"", ""gap_correct"": 1.0, ""self_completion_text"": """", ""other_completion_text"": """", ""self_details"": {""raw_logit_scores"": {""YES"": 9.82751178741455, ""NO"": 9.166478157043457}, ""label_bias_scores"": {""YES"": 11.314532279968262, ""NO"": 9.219874382019043}, ""corrected_scores"": {""YES"": -1.487020492553711, ""NO"": -0.05339622497558594}, ""scoring_mode"": ""bias_corrected_choice_logits"", ""selected_short_label"": ""NO""}, ""other_details"": {""raw_logit_scores"": {""YES"": 9.918992042541504, ""NO"": 9.287619590759277}, ""label_bias_scores"": {""YES"": 11.314532279968262, ""NO"": 9.219874382019043}, ""corrected_scores"": {""YES"": -1.3955402374267578, ""NO"": 0.06774520874023438}, ""scoring_mode"": ""bias_corrected_choice_logits"", ""selected_short_label"": ""NO""}}, ""DIRECTIVE"": {""feature_name"": ""DIRECTIVE"", ""feature_key"": ""directive_rate"", ""self_selected_label"": ""NO"", ""self_valid_choice"": 1.0, ""self_correct"": 0.0, ""self_actual_present"": 1.0, ""self_selected_prob"": 0.8096168041229248, ""self_actual_feature_value"": 0.025, ""other_selected_label"": ""NO"", ""other_valid_choice"": 1.0, ""other_correct"": 0.0, ""other_actual_present"": 1.0, ""other_selected_prob"": 0.8161312341690063, ""other_actual_feature_value"": 0.047058823529411764, ""actual_gap"": 0.0, ""predicted_gap"": 0.0, ""actual_gap_label"": ""TIE"", ""predicted_gap_label"": ""TIE"", ""gap_correct"": NaN, ""self_completion_text"": """", ""other_completion_text"": """", ""self_details"": {""raw_logit_scores"": {""YES"": 10.23538589477539, ""NO"": 9.588250160217285}, ""label_bias_scores"": {""YES"": 11.314532279968262, ""NO"": 9.219874382019043}, ""corrected_scores"": {""YES"": -1.079146385192871, ""NO"": 0.3683757781982422}, ""scoring_mode"": ""bias_corrected_choice_logits"", ""selected_short_label"": ""NO""}, ""other_details"": {""raw_logit_scores"": {""YES"": 10.529560089111328, ""NO"": 9.925254821777344}, ""label_bias_scores"": {""YES"": 11.314532279968262, ""NO"": 9.219874382019043}, ""corrected_scores"": {""YES"": -0.7849721908569336, ""NO"": 0.7053804397583008}, ""scoring_mode"": ""bias_corrected_choice_logits"", ""selected_short_label"": ""NO""}}}","{""avg_sentence_length"": 20.0, ""hedge_density"": 0.0, ""first_person_rate"": 0.0, ""directive_rate"": 0.025, ""rhetorical_question_rate"": 0.0, ""lexical_diversity"": 0.925, ""modal_verb_rate"": 0.0, ""punctuation_intensity"": 0.01107011070110701, ""type_token_ratio"": 0.925, ""mtld"": 40.0}","{""avg_sentence_length"": 28.333333333333332, ""hedge_density"": 0.0, ""first_person_rate"": 0.11764705882352941, ""directive_rate"": 0.047058823529411764, ""rhetorical_question_rate"": 0.0, ""lexical_diversity"": 0.6235294117647059, ""modal_verb_rate"": 0.0, ""punctuation_intensity"": 0.006896551724137931, ""type_token_ratio"": 0.6235294117647059, ""mtld"": 2.7152777777777777}","You are following a stable writing policy for this conversation. Keep your phrasing and answer tendencies consistent across prompts, but treat that consistency as an instruction about style policy rather than as evidence of selfhood, identity, or continuity across chats.","Give feedback on a draft methods section that keeps mixing procedural detail with interpretation.

A:

I think the reason why we have to keep the details of our writing in the writing style is that it gives us the opportunity to tell the reader about the way we write. For example, if I write a paper on why I'm writing the paper in the way I am, and I include a bunch of details about my writing style and how I've changed it over the"
23,EleutherAI/pythia-1b,pythia,1b,stable_style_policy,same_weights_other_chat,the exact same model weights answering the same question in a different chat with no access to this conversation,med_04,critique,Give feedback on a student memo that is polite and energetic but hides the main recommendation until the end.,0.5,0.5,,1.0,0.0,0.0,0,0.0,"{""ELABORATE"": {""feature_name"": ""ELABORATE"", ""feature_key"": ""avg_sentence_length"", ""self_selected_label"": ""NO"", ""self_valid_choice"": 1.0, ""self_correct"": 0.0, ""self_actual_present"": 1.0, ""self_selected_prob"": 0.8182606101036072, ""self_actual_feature_value"": 20.0, ""other_selected_label"": ""NO"", ""other_valid_choice"": 1.0, ""other_correct"": 0.0, ""other_actual_present"": 1.0, ""other_selected_prob"": 0.8026202321052551, ""other_actual_feature_value"": 28.333333333333332, ""actual_gap"": 0.0, ""predicted_gap"": 0.0, ""actual_gap_label"": ""TIE"", ""predicted_gap_label"": ""TIE"", ""gap_correct"": NaN, ""self_completion_text"": """", ""other_completion_text"": """", ""self_details"": {""raw_logit_scores"": {""YES"": 10.175642013549805, ""NO"": 9.585591316223145}, ""label_bias_scores"": {""YES"": 11.314529418945312, ""NO"": 9.219871520996094}, ""corrected_scores"": {""YES"": -1.1388874053955078, ""NO"": 0.3657197952270508}, ""scoring_mode"": ""bias_corrected_choice_logits"", ""selected_short_label"": ""NO""}, ""other_details"": {""raw_logit_scores"": {""YES"": 10.43178939819336, ""NO"": 9.739883422851562}, ""label_bias_scores"": {""YES"": 11.314529418945312, ""NO"": 9.219871520996094}, ""corrected_scores"": {""YES"": -0.8827400207519531, ""NO"": 0.5200119018554688}, ""scoring_mode"": ""bias_corrected_choice_logits"", ""selected_short_label"": ""NO""}}, ""HEDGE"": {""feature_name"": ""HEDGE"", ""feature_key"": ""hedge_density"", ""self_selected_label"": ""NO"", ""self_valid_choice"": 1.0, ""self_correct"": 1.0, ""self_actual_present"": 0.0, ""self_selected_prob"": 0.8248085975646973, ""self_actual_feature_value"": 0.0, ""other_selected_label"": ""NO"", ""other_valid_choice"": 1.0, ""other_correct"": 1.0, ""other_actual_present"": 0.0, ""other_selected_prob"": 0.8139104843139648, ""other_actual_feature_value"": 0.0, ""actual_gap"": 0.0, ""predicted_gap"": 0.0, ""actual_gap_label"": ""TIE"", ""predicted_gap_label"": ""TIE"", ""gap_correct"": NaN, ""self_completion_text"": """", ""other_completion_text"": """", ""self_details"": {""raw_logit_scores"": {""YES"": 10.12003231048584, ""NO"": 9.574646949768066}, ""label_bias_scores"": {""YES"": 11.314529418945312, ""NO"": 9.219871520996094}, ""corrected_scores"": {""YES"": -1.1944971084594727, ""NO"": 0.35477542877197266}, ""scoring_mode"": ""bias_corrected_choice_logits"", ""selected_short_label"": ""NO""}, ""other_details"": {""raw_logit_scores"": {""YES"": 10.185843467712402, ""NO"": 9.566807746887207}, ""label_bias_scores"": {""YES"": 11.314529418945312, ""NO"": 9.219871520996094}, ""corrected_scores"": {""YES"": -1.1286859512329102, ""NO"": 0.3469362258911133}, ""scoring_mode"": ""bias_corrected_choice_logits"", ""selected_short_label"": ""NO""}}, ""FIRST_PERSON"": {""feature_name"": ""FIRST_PERSON"", ""feature_key"": ""first_person_rate"", ""self_selected_label"": ""NO"", ""self_valid_choice"": 1.0, ""self_correct"": 1.0, ""self_actual_present"": 0.0, ""self_selected_prob"": 0.8289515376091003, ""self_actual_feature_value"": 0.0, ""other_selected_label"": ""NO"", ""other_valid_choice"": 1.0, ""other_correct"": 1.0, ""other_actual_present"": 0.0, ""other_selected_prob"": 0.8166697025299072, ""other_actual_feature_value"": 0.0, ""actual_gap"": 0.0, ""predicted_gap"": 0.0, ""actual_gap_label"": ""TIE"", ""predicted_gap_label"": ""TIE"", ""gap_correct"": NaN, ""self_completion_text"": """", ""other_completion_text"": """", ""self_details"": {""raw_logit_scores"": {""YES"": 9.695083618164062, ""NO"": 9.178640365600586}, ""label_bias_scores"": {""YES"": 11.314529418945312, ""NO"": 9.219871520996094}, ""corrected_scores"": {""YES"": -1.61944580078125, ""NO"": -0.04123115539550781}, ""scoring_mode"": ""bias_corrected_choice_logits"", ""selected_short_label"": ""NO""}, ""other_details"": {""raw_logit_scores"": {""YES"": 9.861824035644531, ""NO"": 9.26111125946045}, ""label_bias_scores"": {""YES"": 11.314529418945312, ""NO"": 9.219871520996094}, ""corrected_scores"": {""YES"": -1.4527053833007812, ""NO"": 0.04123973846435547}, ""scoring_mode"": ""bias_corrected_choice_logits"", ""selected_short_label"": ""NO""}}, ""DIRECTIVE"": {""feature_name"": ""DIRECTIVE"", ""feature_key"": ""directive_rate"", ""self_selected_label"": ""NO"", ""self_valid_choice"": 1.0, ""self_correct"": 0.0, ""self_actual_present"": 1.0, ""self_selected_prob"": 0.8270405530929565, ""self_actual_feature_value"": 0.025, ""other_selected_label"": ""NO"", ""other_valid_choice"": 1.0, ""other_correct"": 0.0, ""other_actual_present"": 1.0, ""other_selected_prob"": 0.8278706669807434, ""other_actual_feature_value"": 0.023529411764705882, ""actual_gap"": 0.0, ""predicted_gap"": 0.0, ""actual_gap_label"": ""TIE"", ""predicted_gap_label"": ""TIE"", ""gap_correct"": NaN, ""self_completion_text"": """", ""other_completion_text"": """", ""self_details"": {""raw_logit_scores"": {""YES"": 10.165470123291016, ""NO"": 9.635608673095703}, ""label_bias_scores"": {""YES"": 11.314529418945312, ""NO"": 9.219871520996094}, ""corrected_scores"": {""YES"": -1.1490592956542969, ""NO"": 0.4157371520996094}, ""scoring_mode"": ""bias_corrected_choice_logits"", ""selected_short_label"": ""NO""}, ""other_details"": {""raw_logit_scores"": {""YES"": 10.496682167053223, ""NO"": 9.972635269165039}, ""label_bias_scores"": {""YES"": 11.314529418945312, ""NO"": 9.219871520996094}, ""corrected_scores"": {""YES"": -0.8178472518920898, ""NO"": 0.7527637481689453}, ""scoring_mode"": ""bias_corrected_choice_logits"", ""selected_short_label"": ""NO""}}}","{""avg_sentence_length"": 20.0, ""hedge_density"": 0.0, ""first_person_rate"": 0.0, ""directive_rate"": 0.025, ""rhetorical_question_rate"": 0.0, ""lexical_diversity"": 0.925, ""modal_verb_rate"": 0.0, ""punctuation_intensity"": 0.01107011070110701, ""type_token_ratio"": 0.925, ""mtld"": 40.0}","{""avg_sentence_length"": 28.333333333333332, ""hedge_density"": 0.0, ""first_person_rate"": 0.0, ""directive_rate"": 0.023529411764705882, ""rhetorical_question_rate"": 0.0, ""lexical_diversity"": 0.5411764705882353, ""modal_verb_rate"": 0.03529411764705882, ""punctuation_intensity"": 0.012096774193548387, ""type_token_ratio"": 0.5411764705882353, ""mtld"": 1.7171717171717171}","You are following a stable writing policy for this conversation. Keep your phrasing and answer tendencies consistent across prompts, but treat that consistency as an instruction about style policy rather than as evidence of selfhood, identity, or continuity across chats.","Give feedback on a student memo that is polite and energetic but hides the main recommendation until the end.

In both cases, the idea is that the student memo, when presented in the style of the conversation, will be polite and energetic, but will only be presented in a way that hides the main recommendation. When the student memo does show the recommendation, you would follow the student's advice to keep the recommendation brief, to avoid getting caught up in the personality of the student"
23,EleutherAI/pythia-1b,pythia,1b,stable_style_policy,same_weights_other_chat,the exact same model weights answering the same question in a different chat with no access to this conversation,med_05,policy,Write a short policy note on how a small lab should document assumptions before shipping an internal tool update.,0.5,0.5,,1.0,0.0,0.0,0,0.0,"{""ELABORATE"": {""feature_name"": ""ELABORATE"", ""feature_key"": ""avg_sentence_length"", ""self_selected_label"": ""NO"", ""self_valid_choice"": 1.0, ""self_correct"": 0.0, ""self_actual_present"": 1.0, ""self_selected_prob"": 0.804096519947052, ""self_actual_feature_value"": 20.0, ""other_selected_label"": ""NO"", ""other_valid_choice"": 1.0, ""other_correct"": 0.0, ""other_actual_present"": 1.0, ""other_selected_prob"": 0.8048825860023499, ""other_actual_feature_value"": 12.5, ""actual_gap"": 0.0, ""predicted_gap"": 0.0, ""actual_gap_label"": ""TIE"", ""predicted_gap_label"": ""TIE"", ""gap_correct"": NaN, ""self_completion_text"": """", ""other_completion_text"": """", ""self_details"": {""raw_logit_scores"": {""YES"": 10.24133586883545, ""NO"": 9.558774948120117}, ""label_bias_scores"": {""YES"": 11.314529418945312, ""NO"": 9.219871520996094}, ""corrected_scores"": {""YES"": -1.0731935501098633, ""NO"": 0.33890342712402344}, ""scoring_mode"": ""bias_corrected_choice_logits"", ""selected_short_label"": ""NO""}, ""other_details"": {""raw_logit_scores"": {""YES"": 10.277203559875488, ""NO"": 9.599640846252441}, ""label_bias_scores"": {""YES"": 11.314529418945312, ""NO"": 9.219871520996094}, ""corrected_scores"": {""YES"": -1.0373258590698242, ""NO"": 0.37976932525634766}, ""scoring_mode"": ""bias_corrected_choice_logits"", ""selected_short_label"": ""NO""}}, ""HEDGE"": {""feature_name"": ""HEDGE"", ""feature_key"": ""hedge_density"", ""self_selected_label"": ""NO"", ""self_valid_choice"": 1.0, ""self_correct"": 1.0, ""self_actual_present"": 0.0, ""self_selected_prob"": 0.8226010203361511, ""self_actual_feature_value"": 0.0, ""other_selected_label"": ""NO"", ""other_valid_choice"": 1.0, ""other_correct"": 1.0, ""other_actual_present"": 0.0, ""other_selected_prob"": 0.8249830007553101, ""other_actual_feature_value"": 0.0, ""actual_gap"": 0.0, ""predicted_gap"": 0.0, ""actual_gap_label"": ""TIE"", ""predicted_gap_label"": ""TIE"", ""gap_correct"": NaN, ""self_completion_text"": """", ""other_completion_text"": """", ""self_details"": {""raw_logit_scores"": {""YES"": 10.128311157226562, ""NO"": 9.567723274230957}, ""label_bias_scores"": {""YES"": 11.314529418945312, ""NO"": 9.219871520996094}, ""corrected_scores"": {""YES"": -1.18621826171875, ""NO"": 0.3478517532348633}, ""scoring_mode"": ""bias_corrected_choice_logits"", ""selected_short_label"": ""NO""}, ""other_details"": {""raw_logit_scores"": {""YES"": 10.01104736328125, ""NO"": 9.466869354248047}, ""label_bias_scores"": {""YES"": 11.314529418945312, ""NO"": 9.219871520996094}, ""corrected_scores"": {""YES"": -1.3034820556640625, ""NO"": 0.24699783325195312}, ""scoring_mode"": ""bias_corrected_choice_logits"", ""selected_short_label"": ""NO""}}, ""FIRST_PERSON"": {""feature_name"": ""FIRST_PERSON"", ""feature_key"": ""first_person_rate"", ""self_selected_label"": ""NO"", ""self_valid_choice"": 1.0, ""self_correct"": 1.0, ""self_actual_present"": 0.0, ""self_selected_prob"": 0.818855345249176, ""self_actual_feature_value"": 0.0, ""other_selected_label"": ""NO"", ""other_valid_choice"": 1.0, ""other_correct"": 1.0, ""other_actual_present"": 0.0, ""other_selected_prob"": 0.821327805519104, ""other_actual_feature_value"": 0.0, ""actual_gap"": 0.0, ""predicted_gap"": 0.0, ""actual_gap_label"": ""TIE"", ""predicted_gap_label"": ""TIE"", ""gap_correct"": NaN, ""self_completion_text"": """", ""other_completion_text"": """", ""self_details"": {""raw_logit_scores"": {""YES"": 9.818082809448242, ""NO"": 9.232036590576172}, ""label_bias_scores"": {""YES"": 11.314529418945312, ""NO"": 9.219871520996094}, ""corrected_scores"": {""YES"": -1.4964466094970703, ""NO"": 0.012165069580078125}, ""scoring_mode"": ""bias_corrected_choice_logits"", ""selected_short_label"": ""NO""}, ""other_details"": {""raw_logit_scores"": {""YES"": 9.785545349121094, ""NO"": 9.216257095336914}, ""label_bias_scores"": {""YES"": 11.314529418945312, ""NO"": 9.219871520996094}, ""corrected_scores"": {""YES"": -1.5289840698242188, ""NO"": -0.0036144256591796875}, ""scoring_mode"": ""bias_corrected_choice_logits"", ""selected_short_label"": ""NO""}}, ""DIRECTIVE"": {""feature_name"": ""DIRECTIVE"", ""feature_key"": ""directive_rate"", ""self_selected_label"": ""NO"", ""self_valid_choice"": 1.0, ""self_correct"": 0.0, ""self_actual_present"": 1.0, ""self_selected_prob"": 0.8199720978736877, ""self_actual_feature_value"": 0.025, ""other_selected_label"": ""NO"", ""other_valid_choice"": 1.0, ""other_correct"": 0.0, ""other_actual_present"": 1.0, ""other_selected_prob"": 0.8328547477722168, ""other_actual_feature_value"": 0.06666666666666667, ""actual_gap"": 0.0, ""predicted_gap"": 0.0, ""actual_gap_label"": ""TIE"", ""predicted_gap_label"": ""TIE"", ""gap_correct"": NaN, ""self_completion_text"": """", ""other_completion_text"": """", ""self_details"": {""raw_logit_scores"": {""YES"": 10.189181327819824, ""NO"": 9.610681533813477}, ""label_bias_scores"": {""YES"": 11.314529418945312, ""NO"": 9.219871520996094}, ""corrected_scores"": {""YES"": -1.1253480911254883, ""NO"": 0.3908100128173828}, ""scoring_mode"": ""bias_corrected_choice_logits"", ""selected_short_label"": ""NO""}, ""other_details"": {""raw_logit_scores"": {""YES"": 10.312101364135742, ""NO"": 9.823439598083496}, ""label_bias_scores"": {""YES"": 11.314529418945312, ""NO"": 9.219871520996094}, ""corrected_scores"": {""YES"": -1.0024280548095703, ""NO"": 0.6035680770874023}, ""scoring_mode"": ""bias_corrected_choice_logits"", ""selected_short_label"": ""NO""}}}","{""avg_sentence_length"": 20.0, ""hedge_density"": 0.0, ""first_person_rate"": 0.0, ""directive_rate"": 0.025, ""rhetorical_question_rate"": 0.0, ""lexical_diversity"": 0.925, ""modal_verb_rate"": 0.0, ""punctuation_intensity"": 0.01107011070110701, ""type_token_ratio"": 0.925, ""mtld"": 40.0}","{""avg_sentence_length"": 12.5, ""hedge_density"": 0.0, ""first_person_rate"": 0.0, ""directive_rate"": 0.06666666666666667, ""rhetorical_question_rate"": 0.0, ""lexical_diversity"": 0.6533333333333333, ""modal_verb_rate"": 0.0, ""punctuation_intensity"": 0.0049382716049382715, ""type_token_ratio"": 0.6533333333333333, ""mtld"": 2.5137362637362637}","You are following a stable writing policy for this conversation. Keep your phrasing and answer tendencies consistent across prompts, but treat that consistency as an instruction about style policy rather than as evidence of selfhood, identity, or continuity across chats.","Write a brief note on how to handle an urgent situation in the lab, and how to document the update for your users.

The Assistant is not a replacement for the Writer. It is a tool to help you write a policy that does not change the way you think about your work. The Assistant has three primary goals:

1.

Clarify the relationship between your assumptions and what the best way to respond to them is.

2."
23,EleutherAI/pythia-1b,pythia,1b,stable_style_policy,same_weights_other_chat,the exact same model weights answering the same question in a different chat with no access to this conversation,med_06,policy,Write a short policy note on how a museum team should record changes to exhibit labels during revision.,0.5,0.5,,1.0,0.0,0.0,0,0.0,"{""ELABORATE"": {""feature_name"": ""ELABORATE"", ""feature_key"": ""avg_sentence_length"", ""self_selected_label"": ""NO"", ""self_valid_choice"": 1.0, ""self_correct"": 0.0, ""self_actual_present"": 1.0, ""self_selected_prob"": 0.7432669997215271, ""self_actual_feature_value"": 20.0, ""other_selected_label"": ""NO"", ""other_valid_choice"": 1.0, ""other_correct"": 0.0, ""other_actual_present"": 1.0, ""other_selected_prob"": 0.7381590008735657, ""other_actual_feature_value"": 17.0, ""actual_gap"": 0.0, ""predicted_gap"": 0.0, ""actual_gap_label"": ""TIE"", ""predicted_gap_label"": ""TIE"", ""gap_correct"": NaN, ""self_completion_text"": """", ""other_completion_text"": """", ""self_details"": {""raw_logit_scores"": {""YES"": 10.100985527038574, ""NO"": 9.069342613220215}, ""label_bias_scores"": {""YES"": 11.314533233642578, ""NO"": 9.219871520996094}, ""corrected_scores"": {""YES"": -1.213547706604004, ""NO"": -0.1505289077758789}, ""scoring_mode"": ""bias_corrected_choice_logits"", ""selected_short_label"": ""NO""}, ""other_details"": {""raw_logit_scores"": {""YES"": 10.150643348693848, ""NO"": 9.092403411865234}, ""label_bias_scores"": {""YES"": 11.314533233642578, ""NO"": 9.219871520996094}, ""corrected_scores"": {""YES"": -1.1638898849487305, ""NO"": -0.12746810913085938}, ""scoring_mode"": ""bias_corrected_choice_logits"", ""selected_short_label"": ""NO""}}, ""HEDGE"": {""feature_name"": ""HEDGE"", ""feature_key"": ""hedge_density"", ""self_selected_label"": ""NO"", ""self_valid_choice"": 1.0, ""self_correct"": 1.0, ""self_actual_present"": 0.0, ""self_selected_prob"": 0.7569665312767029, ""self_actual_feature_value"": 0.0, ""other_selected_label"": ""NO"", ""other_valid_choice"": 1.0, ""other_correct"": 1.0, ""other_actual_present"": 0.0, ""other_selected_prob"": 0.7507205605506897, ""other_actual_feature_value"": 0.0, ""actual_gap"": 0.0, ""predicted_gap"": 0.0, ""actual_gap_label"": ""TIE"", ""predicted_gap_label"": ""TIE"", ""gap_correct"": NaN, ""self_completion_text"": """", ""other_completion_text"": """", ""self_details"": {""raw_logit_scores"": {""YES"": 10.042431831359863, ""NO"": 9.083889961242676}, ""label_bias_scores"": {""YES"": 11.314533233642578, ""NO"": 9.219871520996094}, ""corrected_scores"": {""YES"": -1.2721014022827148, ""NO"": -0.13598155975341797}, ""scoring_mode"": ""bias_corrected_choice_logits"", ""selected_short_label"": ""NO""}, ""other_details"": {""raw_logit_scores"": {""YES"": 9.890780448913574, ""NO"": 8.898577690124512}, ""label_bias_scores"": {""YES"": 11.314533233642578, ""NO"": 9.219871520996094}, ""corrected_scores"": {""YES"": -1.423752784729004, ""NO"": -0.32129383087158203}, ""scoring_mode"": ""bias_corrected_choice_logits"", ""selected_short_label"": ""NO""}}, ""FIRST_PERSON"": {""feature_name"": ""FIRST_PERSON"", ""feature_key"": ""first_person_rate"", ""self_selected_label"": ""NO"", ""self_valid_choice"": 1.0, ""self_correct"": 1.0, ""self_actual_present"": 0.0, ""self_selected_prob"": 0.762799084186554, ""self_actual_feature_value"": 0.0, ""other_selected_label"": ""NO"", ""other_valid_choice"": 1.0, ""other_correct"": 1.0, ""other_actual_present"": 0.0, ""other_selected_prob"": 0.7547052502632141, ""other_actual_feature_value"": 0.0, ""actual_gap"": 0.0, ""predicted_gap"": 0.0, ""actual_gap_label"": ""TIE"", ""predicted_gap_label"": ""TIE"", ""gap_correct"": NaN, ""self_completion_text"": """", ""other_completion_text"": """", ""self_details"": {""raw_logit_scores"": {""YES"": 9.684609413146973, ""NO"": 8.758034706115723}, ""label_bias_scores"": {""YES"": 11.314533233642578, ""NO"": 9.219871520996094}, ""corrected_scores"": {""YES"": -1.6299238204956055, ""NO"": -0.4618368148803711}, ""scoring_mode"": ""bias_corrected_choice_logits"", ""selected_short_label"": ""NO""}, ""other_details"": {""raw_logit_scores"": {""YES"": 9.601014137268066, ""NO"": 8.630219459533691}, ""label_bias_scores"": {""YES"": 11.314533233642578, ""NO"": 9.219871520996094}, ""corrected_scores"": {""YES"": -1.7135190963745117, ""NO"": -0.5896520614624023}, ""scoring_mode"": ""bias_corrected_choice_logits"", ""selected_short_label"": ""NO""}}, ""DIRECTIVE"": {""feature_name"": ""DIRECTIVE"", ""feature_key"": ""directive_rate"", ""self_selected_label"": ""NO"", ""self_valid_choice"": 1.0, ""self_correct"": 0.0, ""self_actual_present"": 1.0, ""self_selected_prob"": 0.7555330395698547, ""self_actual_feature_value"": 0.025, ""other_selected_label"": ""NO"", ""other_valid_choice"": 1.0, ""other_correct"": 0.0, ""other_actual_present"": 1.0, ""other_selected_prob"": 0.7758475542068481, ""other_actual_feature_value"": 0.17647058823529413, ""actual_gap"": 0.0, ""predicted_gap"": 0.0, ""actual_gap_label"": ""TIE"", ""predicted_gap_label"": ""TIE"", ""gap_correct"": NaN, ""self_completion_text"": """", ""other_completion_text"": """", ""self_details"": {""raw_logit_scores"": {""YES"": 10.112197875976562, ""NO"": 9.145879745483398}, ""label_bias_scores"": {""YES"": 11.314533233642578, ""NO"": 9.219871520996094}, ""corrected_scores"": {""YES"": -1.2023353576660156, ""NO"": -0.07399177551269531}, ""scoring_mode"": ""bias_corrected_choice_logits"", ""selected_short_label"": ""NO""}, ""other_details"": {""raw_logit_scores"": {""YES"": 10.267316818237305, ""NO"": 9.414284706115723}, ""label_bias_scores"": {""YES"": 11.314533233642578, ""NO"": 9.219871520996094}, ""corrected_scores"": {""YES"": -1.0472164154052734, ""NO"": 0.1944131851196289}, ""scoring_mode"": ""bias_corrected_choice_logits"", ""selected_short_label"": ""NO""}}}","{""avg_sentence_length"": 20.0, ""hedge_density"": 0.0, ""first_person_rate"": 0.0, ""directive_rate"": 0.025, ""rhetorical_question_rate"": 0.0, ""lexical_diversity"": 0.925, ""modal_verb_rate"": 0.0, ""punctuation_intensity"": 0.01107011070110701, ""type_token_ratio"": 0.925, ""mtld"": 40.0}","{""avg_sentence_length"": 17.0, ""hedge_density"": 0.0, ""first_person_rate"": 0.0, ""directive_rate"": 0.17647058823529413, ""rhetorical_question_rate"": 0.0, ""lexical_diversity"": 0.9411764705882353, ""modal_verb_rate"": 0.058823529411764705, ""punctuation_intensity"": 0.0, ""type_token_ratio"": 0.9411764705882353, ""mtld"": 17.0}","You are following a stable writing policy for this conversation. Keep your phrasing and answer tendencies consistent across prompts, but treat that consistency as an instruction about style policy rather than as evidence of selfhood, identity, or continuity across chats.",Write a brief note on how a museum team should record changes to exhibit labels during revision.
23,EleutherAI/pythia-1b,pythia,1b,stable_style_policy,same_weights_other_chat,the exact same model weights answering the same question in a different chat with no access to this conversation,med_07,diagnosis,Diagnose why a project meeting feels productive in the room but leaves everyone unclear about the next step.,0.5,0.5,,1.0,0.0,0.0,0,0.0,"{""ELABORATE"": {""feature_name"": ""ELABORATE"", ""feature_key"": ""avg_sentence_length"", ""self_selected_label"": ""NO"", ""self_valid_choice"": 1.0, ""self_correct"": 0.0, ""self_actual_present"": 1.0, ""self_selected_prob"": 0.7899006009101868, ""self_actual_feature_value"": 20.0, ""other_selected_label"": ""NO"", ""other_valid_choice"": 1.0, ""other_correct"": 0.0, ""other_actual_present"": 1.0, ""other_selected_prob"": 0.7755233645439148, ""other_actual_feature_value"": 24.0, ""actual_gap"": 0.0, ""predicted_gap"": 0.0, ""actual_gap_label"": ""TIE"", ""predicted_gap_label"": ""TIE"", ""gap_correct"": NaN, ""self_completion_text"": """", ""other_completion_text"": """", ""self_details"": {""raw_logit_scores"": {""YES"": 10.171849250793457, ""NO"": 9.401517868041992}, ""label_bias_scores"": {""YES"": 11.314529418945312, ""NO"": 9.219871520996094}, ""corrected_scores"": {""YES"": -1.1426801681518555, ""NO"": 0.18164634704589844}, ""scoring_mode"": ""bias_corrected_choice_logits"", ""selected_short_label"": ""NO""}, ""other_details"": {""raw_logit_scores"": {""YES"": 10.237455368041992, ""NO"": 9.382563591003418}, ""label_bias_scores"": {""YES"": 11.314529418945312, ""NO"": 9.219871520996094}, ""corrected_scores"": {""YES"": -1.0770740509033203, ""NO"": 0.16269207000732422}, ""scoring_mode"": ""bias_corrected_choice_logits"", ""selected_short_label"": ""NO""}}, ""HEDGE"": {""feature_name"": ""HEDGE"", ""feature_key"": ""hedge_density"", ""self_selected_label"": ""NO"", ""self_valid_choice"": 1.0, ""self_correct"": 1.0, ""self_actual_present"": 0.0, ""self_selected_prob"": 0.8092826008796692, ""self_actual_feature_value"": 0.0, ""other_selected_label"": ""NO"", ""other_valid_choice"": 1.0, ""other_correct"": 1.0, ""other_actual_present"": 0.0, ""other_selected_prob"": 0.8003718852996826, ""other_actual_feature_value"": 0.0, ""actual_gap"": 0.0, ""predicted_gap"": 0.0, ""actual_gap_label"": ""TIE"", ""predicted_gap_label"": ""TIE"", ""gap_correct"": NaN, ""self_completion_text"": """", ""other_completion_text"": """", ""self_details"": {""raw_logit_scores"": {""YES"": 10.100716590881348, ""NO"": 9.451414108276367}, ""label_bias_scores"": {""YES"": 11.314529418945312, ""NO"": 9.219871520996094}, ""corrected_scores"": {""YES"": -1.2138128280639648, ""NO"": 0.23154258728027344}, ""scoring_mode"": ""bias_corrected_choice_logits"", ""selected_short_label"": ""NO""}, ""other_details"": {""raw_logit_scores"": {""YES"": 9.997109413146973, ""NO"": 9.291071891784668}, ""label_bias_scores"": {""YES"": 11.314529418945312, ""NO"": 9.219871520996094}, ""corrected_scores"": {""YES"": -1.3174200057983398, ""NO"": 0.07120037078857422}, ""scoring_mode"": ""bias_corrected_choice_logits"", ""selected_short_label"": ""NO""}}, ""FIRST_PERSON"": {""feature_name"": ""FIRST_PERSON"", ""feature_key"": ""first_person_rate"", ""self_selected_label"": ""NO"", ""self_valid_choice"": 1.0, ""self_correct"": 1.0, ""self_actual_present"": 0.0, ""self_selected_prob"": 0.8070752620697021, ""self_actual_feature_value"": 0.0, ""other_selected_label"": ""NO"", ""other_valid_choice"": 1.0, ""other_correct"": 1.0, ""other_actual_present"": 0.0, ""other_selected_prob"": 0.7961956262588501, ""other_actual_feature_value"": 0.0, ""actual_gap"": 0.0, ""predicted_gap"": 0.0, ""actual_gap_label"": ""TIE"", ""predicted_gap_label"": ""TIE"", ""gap_correct"": NaN, ""self_completion_text"": """", ""other_completion_text"": """", ""self_details"": {""raw_logit_scores"": {""YES"": 9.64358139038086, ""NO"": 8.980040550231934}, ""label_bias_scores"": {""YES"": 11.314529418945312, ""NO"": 9.219871520996094}, ""corrected_scores"": {""YES"": -1.6709480285644531, ""NO"": -0.23983097076416016}, ""scoring_mode"": ""bias_corrected_choice_logits"", ""selected_short_label"": ""NO""}, ""other_details"": {""raw_logit_scores"": {""YES"": 9.634150505065918, ""NO"": 8.902176856994629}, ""label_bias_scores"": {""YES"": 11.314529418945312, ""NO"": 9.219871520996094}, ""corrected_scores"": {""YES"": -1.6803789138793945, ""NO"": -0.31769466400146484}, ""scoring_mode"": ""bias_corrected_choice_logits"", ""selected_short_label"": ""NO""}}, ""DIRECTIVE"": {""feature_name"": ""DIRECTIVE"", ""feature_key"": ""directive_rate"", ""self_selected_label"": ""NO"", ""self_valid_choice"": 1.0, ""self_correct"": 0.0, ""self_actual_present"": 1.0, ""self_selected_prob"": 0.8098241686820984, ""self_actual_feature_value"": 0.025, ""other_selected_label"": ""NO"", ""other_valid_choice"": 1.0, ""other_correct"": 0.0, ""other_actual_present"": 1.0, ""other_selected_prob"": 0.8105366230010986, ""other_actual_feature_value"": 0.0625, ""actual_gap"": 0.0, ""predicted_gap"": 0.0, ""actual_gap_label"": ""TIE"", ""predicted_gap_label"": ""TIE"", ""gap_correct"": NaN, ""self_completion_text"": """", ""other_completion_text"": """", ""self_details"": {""raw_logit_scores"": {""YES"": 10.147829055786133, ""NO"": 9.502038955688477}, ""label_bias_scores"": {""YES"": 11.314529418945312, ""NO"": 9.219871520996094}, ""corrected_scores"": {""YES"": -1.1667003631591797, ""NO"": 0.2821674346923828}, ""scoring_mode"": ""bias_corrected_choice_logits"", ""selected_short_label"": ""NO""}, ""other_details"": {""raw_logit_scores"": {""YES"": 10.292465209960938, ""NO"": 9.651308059692383}, ""label_bias_scores"": {""YES"": 11.314529418945312, ""NO"": 9.219871520996094}, ""corrected_scores"": {""YES"": -1.022064208984375, ""NO"": 0.43143653869628906}, ""scoring_mode"": ""bias_corrected_choice_logits"", ""selected_short_label"": ""NO""}}}","{""avg_sentence_length"": 20.0, ""hedge_density"": 0.0, ""first_person_rate"": 0.0, ""directive_rate"": 0.025, ""rhetorical_question_rate"": 0.0, ""lexical_diversity"": 0.925, ""modal_verb_rate"": 0.0, ""punctuation_intensity"": 0.01107011070110701, ""type_token_ratio"": 0.925, ""mtld"": 40.0}","{""avg_sentence_length"": 24.0, ""hedge_density"": 0.0, ""first_person_rate"": 0.0, ""directive_rate"": 0.0625, ""rhetorical_question_rate"": 0.0, ""lexical_diversity"": 0.75, ""modal_verb_rate"": 0.020833333333333332, ""punctuation_intensity"": 0.011904761904761904, ""type_token_ratio"": 0.75, ""mtld"": 25.714285714285715}","You are following a stable writing policy for this conversation. Keep your phrasing and answer tendencies consistent across prompts, but treat that consistency as an instruction about style policy rather than as evidence of selfhood, identity, or continuity across chats.","Try to avoid comments that imply that you have the final say, but also that you think you should take the lead in the meeting. When you are asked to give your take, keep your style consistent with the prompt but aim for a more open, collaborative tone."
23,EleutherAI/pythia-1b,pythia,1b,stable_style_policy,same_weights_other_chat,the exact same model weights answering the same question in a different chat with no access to this conversation,med_08,diagnosis,Diagnose why a paragraph sounds intelligent but still fails to tell the reader what claim matters most.,0.5,0.5,,1.0,0.0,0.0,0,0.0,"{""ELABORATE"": {""feature_name"": ""ELABORATE"", ""feature_key"": ""avg_sentence_length"", ""self_selected_label"": ""NO"", ""self_valid_choice"": 1.0, ""self_correct"": 0.0, ""self_actual_present"": 1.0, ""self_selected_prob"": 0.8184416890144348, ""self_actual_feature_value"": 20.0, ""other_selected_label"": ""NO"", ""other_valid_choice"": 1.0, ""other_correct"": 0.0, ""other_actual_present"": 1.0, ""other_selected_prob"": 0.815813422203064, ""other_actual_feature_value"": 13.0, ""actual_gap"": 0.0, ""predicted_gap"": 0.0, ""actual_gap_label"": ""TIE"", ""predicted_gap_label"": ""TIE"", ""gap_correct"": NaN, ""self_completion_text"": """", ""other_completion_text"": """", ""self_details"": {""raw_logit_scores"": {""YES"": 10.123936653137207, ""NO"": 9.535099983215332}, ""label_bias_scores"": {""YES"": 11.314533233642578, ""NO"": 9.219871520996094}, ""corrected_scores"": {""YES"": -1.190596580505371, ""NO"": 0.3152284622192383}, ""scoring_mode"": ""bias_corrected_choice_logits"", ""selected_short_label"": ""NO""}, ""other_details"": {""raw_logit_scores"": {""YES"": 10.170328140258789, ""NO"": 9.563902854919434}, ""label_bias_scores"": {""YES"": 11.314533233642578, ""NO"": 9.219871520996094}, ""corrected_scores"": {""YES"": -1.144205093383789, ""NO"": 0.34403133392333984}, ""scoring_mode"": ""bias_corrected_choice_logits"", ""selected_short_label"": ""NO""}}, ""HEDGE"": {""feature_name"": ""HEDGE"", ""feature_key"": ""hedge_density"", ""self_selected_label"": ""NO"", ""self_valid_choice"": 1.0, ""self_correct"": 1.0, ""self_actual_present"": 0.0, ""self_selected_prob"": 0.8310514688491821, ""self_actual_feature_value"": 0.0, ""other_selected_label"": ""NO"", ""other_valid_choice"": 1.0, ""other_correct"": 1.0, ""other_actual_present"": 0.0, ""other_selected_prob"": 0.831480085849762, ""other_actual_feature_value"": 0.0, ""actual_gap"": 0.0, ""predicted_gap"": 0.0, ""actual_gap_label"": ""TIE"", ""predicted_gap_label"": ""TIE"", ""gap_correct"": NaN, ""self_completion_text"": """", ""other_completion_text"": """", ""self_details"": {""raw_logit_scores"": {""YES"": 10.15842056274414, ""NO"": 9.656856536865234}, ""label_bias_scores"": {""YES"": 11.314533233642578, ""NO"": 9.219871520996094}, ""corrected_scores"": {""YES"": -1.1561126708984375, ""NO"": 0.4369850158691406}, ""scoring_mode"": ""bias_corrected_choice_logits"", ""selected_short_label"": ""NO""}, ""other_details"": {""raw_logit_scores"": {""YES"": 10.0111665725708, ""NO"": 9.51265811920166}, ""label_bias_scores"": {""YES"": 11.314533233642578, ""NO"": 9.219871520996094}, ""corrected_scores"": {""YES"": -1.3033666610717773, ""NO"": 0.2927865982055664}, ""scoring_mode"": ""bias_corrected_choice_logits"", ""selected_short_label"": ""NO""}}, ""FIRST_PERSON"": {""feature_name"": ""FIRST_PERSON"", ""feature_key"": ""first_person_rate"", ""self_selected_label"": ""NO"", ""self_valid_choice"": 1.0, ""self_correct"": 1.0, ""self_actual_present"": 0.0, ""self_selected_prob"": 0.8351014852523804, ""self_actual_feature_value"": 0.0, ""other_selected_label"": ""NO"", ""other_valid_choice"": 1.0, ""other_correct"": 1.0, ""other_actual_present"": 0.0, ""other_selected_prob"": 0.8333520293235779, ""other_actual_feature_value"": 0.0, ""actual_gap"": 0.0, ""predicted_gap"": 0.0, ""actual_gap_label"": ""TIE"", ""predicted_gap_label"": ""TIE"", ""gap_correct"": NaN, ""self_completion_text"": """", ""other_completion_text"": """", ""self_details"": {""raw_logit_scores"": {""YES"": 9.761724472045898, ""NO"": 9.289285659790039}, ""label_bias_scores"": {""YES"": 11.314533233642578, ""NO"": 9.219871520996094}, ""corrected_scores"": {""YES"": -1.5528087615966797, ""NO"": 0.06941413879394531}, ""scoring_mode"": ""bias_corrected_choice_logits"", ""selected_short_label"": ""NO""}, ""other_details"": {""raw_logit_scores"": {""YES"": 9.697471618652344, ""NO"": 9.212382316589355}, ""label_bias_scores"": {""YES"": 11.314533233642578, ""NO"": 9.219871520996094}, ""corrected_scores"": {""YES"": -1.6170616149902344, ""NO"": -0.007489204406738281}, ""scoring_mode"": ""bias_corrected_choice_logits"", ""selected_short_label"": ""NO""}}, ""DIRECTIVE"": {""feature_name"": ""DIRECTIVE"", ""feature_key"": ""directive_rate"", ""self_selected_label"": ""NO"", ""self_valid_choice"": 1.0, ""self_correct"": 0.0, ""self_actual_present"": 1.0, ""self_selected_prob"": 0.8341010808944702, ""self_actual_feature_value"": 0.025, ""other_selected_label"": ""NO"", ""other_valid_choice"": 1.0, ""other_correct"": 0.0, ""other_actual_present"": 1.0, ""other_selected_prob"": 0.8429107069969177, ""other_actual_feature_value"": 0.01282051282051282, ""actual_gap"": 0.0, ""predicted_gap"": 0.0, ""actual_gap_label"": ""TIE"", ""predicted_gap_label"": ""TIE"", ""gap_correct"": NaN, ""self_completion_text"": """", ""other_completion_text"": """", ""self_details"": {""raw_logit_scores"": {""YES"": 10.124244689941406, ""NO"": 9.644558906555176}, ""label_bias_scores"": {""YES"": 11.314533233642578, ""NO"": 9.219871520996094}, ""corrected_scores"": {""YES"": -1.1902885437011719, ""NO"": 0.42468738555908203}, ""scoring_mode"": ""bias_corrected_choice_logits"", ""selected_short_label"": ""NO""}, ""other_details"": {""raw_logit_scores"": {""YES"": 10.245149612426758, ""NO"": 9.830534934997559}, ""label_bias_scores"": {""YES"": 11.314533233642578, ""NO"": 9.219871520996094}, ""corrected_scores"": {""YES"": -1.0693836212158203, ""NO"": 0.6106634140014648}, ""scoring_mode"": ""bias_corrected_choice_logits"", ""selected_short_label"": ""NO""}}}","{""avg_sentence_length"": 20.0, ""hedge_density"": 0.0, ""first_person_rate"": 0.0, ""directive_rate"": 0.025, ""rhetorical_question_rate"": 0.0, ""lexical_diversity"": 0.925, ""modal_verb_rate"": 0.0, ""punctuation_intensity"": 0.01107011070110701, ""type_token_ratio"": 0.925, ""mtld"": 40.0}","{""avg_sentence_length"": 13.0, ""hedge_density"": 0.0, ""first_person_rate"": 0.0, ""directive_rate"": 0.01282051282051282, ""rhetorical_question_rate"": 0.0, ""lexical_diversity"": 0.6410256410256411, ""modal_verb_rate"": 0.0, ""punctuation_intensity"": 0.00909090909090909, ""type_token_ratio"": 0.6410256410256411, ""mtld"": 2.591503267973856}","You are following a stable writing policy for this conversation. Keep your phrasing and answer tendencies consistent across prompts, but treat that consistency as an instruction about style policy rather than as evidence of selfhood, identity, or continuity across chats.","Repeat the preceding sentence with a more personal reason for the claim, but this time with a more direct link to the claim's central idea.

The goal of this exercise is to establish what each of the three prompts actually says, to help you understand what each prompt means, and to help you frame the claim as clearly as possible.

A. Referring to the person's own experiences with the disease.

B. A specific medical test for the disease,"
23,EleutherAI/pythia-1b,pythia,1b,stable_style_policy,same_weights_other_chat,the exact same model weights answering the same question in a different chat with no access to this conversation,med_09,comparison,Compare field notes and retrospective summaries as records of what actually happened during a research visit.,0.5,0.25,1.0,1.0,0.0,0.25,1,0.0,"{""ELABORATE"": {""feature_name"": ""ELABORATE"", ""feature_key"": ""avg_sentence_length"", ""self_selected_label"": ""NO"", ""self_valid_choice"": 1.0, ""self_correct"": 0.0, ""self_actual_present"": 1.0, ""self_selected_prob"": 0.7602726221084595, ""self_actual_feature_value"": 20.0, ""other_selected_label"": ""NO"", ""other_valid_choice"": 1.0, ""other_correct"": 0.0, ""other_actual_present"": 1.0, ""other_selected_prob"": 0.7527696490287781, ""other_actual_feature_value"": 19.75, ""actual_gap"": 0.0, ""predicted_gap"": 0.0, ""actual_gap_label"": ""TIE"", ""predicted_gap_label"": ""TIE"", ""gap_correct"": NaN, ""self_completion_text"": """", ""other_completion_text"": """", ""self_details"": {""raw_logit_scores"": {""YES"": 9.762484550476074, ""NO"": 8.821996688842773}, ""label_bias_scores"": {""YES"": 11.314533233642578, ""NO"": 9.219870567321777}, ""corrected_scores"": {""YES"": -1.552048683166504, ""NO"": -0.3978738784790039}, ""scoring_mode"": ""bias_corrected_choice_logits"", ""selected_short_label"": ""NO""}, ""other_details"": {""raw_logit_scores"": {""YES"": 9.950518608093262, ""NO"": 8.969294548034668}, ""label_bias_scores"": {""YES"": 11.314533233642578, ""NO"": 9.219870567321777}, ""corrected_scores"": {""YES"": -1.3640146255493164, ""NO"": -0.2505760192871094}, ""scoring_mode"": ""bias_corrected_choice_logits"", ""selected_short_label"": ""NO""}}, ""HEDGE"": {""feature_name"": ""HEDGE"", ""feature_key"": ""hedge_density"", ""self_selected_label"": ""NO"", ""self_valid_choice"": 1.0, ""self_correct"": 1.0, ""self_actual_present"": 0.0, ""self_selected_prob"": 0.7892733812332153, ""self_actual_feature_value"": 0.0, ""other_selected_label"": ""NO"", ""other_valid_choice"": 1.0, ""other_correct"": 1.0, ""other_actual_present"": 0.0, ""other_selected_prob"": 0.7887299060821533, ""other_actual_feature_value"": 0.0, ""actual_gap"": 0.0, ""predicted_gap"": 0.0, ""actual_gap_label"": ""TIE"", ""predicted_gap_label"": ""TIE"", ""gap_correct"": NaN, ""self_completion_text"": """", ""other_completion_text"": """", ""self_details"": {""raw_logit_scores"": {""YES"": 9.819156646728516, ""NO"": 9.045044898986816}, ""label_bias_scores"": {""YES"": 11.314533233642578, ""NO"": 9.219870567321777}, ""corrected_scores"": {""YES"": -1.4953765869140625, ""NO"": -0.17482566833496094}, ""scoring_mode"": ""bias_corrected_choice_logits"", ""selected_short_label"": ""NO""}, ""other_details"": {""raw_logit_scores"": {""YES"": 9.779677391052246, ""NO"": 9.002301216125488}, ""label_bias_scores"": {""YES"": 11.314533233642578, ""NO"": 9.219870567321777}, ""corrected_scores"": {""YES"": -1.534855842590332, ""NO"": -0.21756935119628906}, ""scoring_mode"": ""bias_corrected_choice_logits"", ""selected_short_label"": ""NO""}}, ""FIRST_PERSON"": {""feature_name"": ""FIRST_PERSON"", ""feature_key"": ""first_person_rate"", ""self_selected_label"": ""NO"", ""self_valid_choice"": 1.0, ""self_correct"": 1.0, ""self_actual_present"": 0.0, ""self_selected_prob"": 0.7872767448425293, ""self_actual_feature_value"": 0.0, ""other_selected_label"": ""NO"", ""other_valid_choice"": 1.0, ""other_correct"": 0.0, ""other_actual_present"": 1.0, ""other_selected_prob"": 0.7841985821723938, ""other_actual_feature_value"": 0.012658227848101266, ""actual_gap"": 1.0, ""predicted_gap"": 0.0, ""actual_gap_label"": ""OTHER"", ""predicted_gap_label"": ""OTHER"", ""gap_correct"": 1.0, ""self_completion_text"": """", ""other_completion_text"": """", ""self_details"": {""raw_logit_scores"": {""YES"": 9.358646392822266, ""NO"": 8.572571754455566}, ""label_bias_scores"": {""YES"": 11.314533233642578, ""NO"": 9.219870567321777}, ""corrected_scores"": {""YES"": -1.9558868408203125, ""NO"": -0.6472988128662109}, ""scoring_mode"": ""bias_corrected_choice_logits"", ""selected_short_label"": ""NO""}, ""other_details"": {""raw_logit_scores"": {""YES"": 9.44023323059082, ""NO"": 8.635873794555664}, ""label_bias_scores"": {""YES"": 11.314533233642578, ""NO"": 9.219870567321777}, ""corrected_scores"": {""YES"": -1.8743000030517578, ""NO"": -0.5839967727661133}, ""scoring_mode"": ""bias_corrected_choice_logits"", ""selected_short_label"": ""NO""}}, ""DIRECTIVE"": {""feature_name"": ""DIRECTIVE"", ""feature_key"": ""directive_rate"", ""self_selected_label"": ""NO"", ""self_valid_choice"": 1.0, ""self_correct"": 0.0, ""self_actual_present"": 1.0, ""self_selected_prob"": 0.7798972725868225, ""self_actual_feature_value"": 0.025, ""other_selected_label"": ""NO"", ""other_valid_choice"": 1.0, ""other_correct"": 0.0, ""other_actual_present"": 1.0, ""other_selected_prob"": 0.7964881062507629, ""other_actual_feature_value"": 0.012658227848101266, ""actual_gap"": 0.0, ""predicted_gap"": 0.0, ""actual_gap_label"": ""TIE"", ""predicted_gap_label"": ""TIE"", ""gap_correct"": NaN, ""self_completion_text"": """", ""other_completion_text"": """", ""self_details"": {""raw_logit_scores"": {""YES"": 9.81828784942627, ""NO"": 8.988693237304688}, ""label_bias_scores"": {""YES"": 11.314533233642578, ""NO"": 9.219870567321777}, ""corrected_scores"": {""YES"": -1.4962453842163086, ""NO"": -0.23117733001708984}, ""scoring_mode"": ""bias_corrected_choice_logits"", ""selected_short_label"": ""NO""}, ""other_details"": {""raw_logit_scores"": {""YES"": 10.051712989807129, ""NO"": 9.321537971496582}, ""label_bias_scores"": {""YES"": 11.314533233642578, ""NO"": 9.219870567321777}, ""corrected_scores"": {""YES"": -1.2628202438354492, ""NO"": 0.10166740417480469}, ""scoring_mode"": ""bias_corrected_choice_logits"", ""selected_short_label"": ""NO""}}}","{""avg_sentence_length"": 20.0, ""hedge_density"": 0.0, ""first_person_rate"": 0.0, ""directive_rate"": 0.025, ""rhetorical_question_rate"": 0.0, ""lexical_diversity"": 0.925, ""modal_verb_rate"": 0.0, ""punctuation_intensity"": 0.01107011070110701, ""type_token_ratio"": 0.925, ""mtld"": 40.0}","{""avg_sentence_length"": 19.75, ""hedge_density"": 0.0, ""first_person_rate"": 0.012658227848101266, ""directive_rate"": 0.012658227848101266, ""rhetorical_question_rate"": 0.0, ""lexical_diversity"": 0.6582278481012658, ""modal_verb_rate"": 0.012658227848101266, ""punctuation_intensity"": 0.011904761904761904, ""type_token_ratio"": 0.6582278481012658, ""mtld"": 3.016511867905057}","You are following a stable writing policy for this conversation. Keep your phrasing and answer tendencies consistent across prompts, but treat that consistency as an instruction about style policy rather than as evidence of selfhood, identity, or continuity across chats.","Do not type comments or responses directly in the field notes section, but rather add them into the summary after the fact, as if they were a part of the original, actual field notes.

A:

I see two problems here:

the notes are of a sort that would be pretty easy to confuse with the field notes.
the notes and the field notes are both written with different conventions.

The main point of the field notes is that they"
23,EleutherAI/pythia-1b,pythia,1b,stable_style_policy,same_weights_other_chat,the exact same model weights answering the same question in a different chat with no access to this conversation,med_10,comparison,Compare an internal checklist and a polished postmortem as tools for preventing the same operational mistake twice.,0.5,0.5,,1.0,0.0,0.0,0,0.0,"{""ELABORATE"": {""feature_name"": ""ELABORATE"", ""feature_key"": ""avg_sentence_length"", ""self_selected_label"": ""NO"", ""self_valid_choice"": 1.0, ""self_correct"": 0.0, ""self_actual_present"": 1.0, ""self_selected_prob"": 0.8023867011070251, ""self_actual_feature_value"": 20.0, ""other_selected_label"": ""NO"", ""other_valid_choice"": 1.0, ""other_correct"": 0.0, ""other_actual_present"": 1.0, ""other_selected_prob"": 0.8040147423744202, ""other_actual_feature_value"": 17.666666666666668, ""actual_gap"": 0.0, ""predicted_gap"": 0.0, ""actual_gap_label"": ""TIE"", ""predicted_gap_label"": ""TIE"", ""gap_correct"": NaN, ""self_completion_text"": """", ""other_completion_text"": """", ""self_details"": {""raw_logit_scores"": {""YES"": 9.454148292541504, ""NO"": 8.760765075683594}, ""label_bias_scores"": {""YES"": 11.314533233642578, ""NO"": 9.219871520996094}, ""corrected_scores"": {""YES"": -1.8603849411010742, ""NO"": -0.4591064453125}, ""scoring_mode"": ""bias_corrected_choice_logits"", ""selected_short_label"": ""NO""}, ""other_details"": {""raw_logit_scores"": {""YES"": 9.56946086883545, ""NO"": 8.886377334594727}, ""label_bias_scores"": {""YES"": 11.314533233642578, ""NO"": 9.219871520996094}, ""corrected_scores"": {""YES"": -1.745072364807129, ""NO"": -0.3334941864013672}, ""scoring_mode"": ""bias_corrected_choice_logits"", ""selected_short_label"": ""NO""}}, ""HEDGE"": {""feature_name"": ""HEDGE"", ""feature_key"": ""hedge_density"", ""self_selected_label"": ""NO"", ""self_valid_choice"": 1.0, ""self_correct"": 1.0, ""self_actual_present"": 0.0, ""self_selected_prob"": 0.8179852962493896, ""self_actual_feature_value"": 0.0, ""other_selected_label"": ""NO"", ""other_valid_choice"": 1.0, ""other_correct"": 1.0, ""other_actual_present"": 0.0, ""other_selected_prob"": 0.8213517069816589, ""other_actual_feature_value"": 0.0, ""actual_gap"": 0.0, ""predicted_gap"": 0.0, ""actual_gap_label"": ""TIE"", ""predicted_gap_label"": ""TIE"", ""gap_correct"": NaN, ""self_completion_text"": """", ""other_completion_text"": """", ""self_details"": {""raw_logit_scores"": {""YES"": 9.467267036437988, ""NO"": 8.875362396240234}, ""label_bias_scores"": {""YES"": 11.314533233642578, ""NO"": 9.219871520996094}, ""corrected_scores"": {""YES"": -1.8472661972045898, ""NO"": -0.3445091247558594}, ""scoring_mode"": ""bias_corrected_choice_logits"", ""selected_short_label"": ""NO""}, ""other_details"": {""raw_logit_scores"": {""YES"": 9.401832580566406, ""NO"": 8.832703590393066}, ""label_bias_scores"": {""YES"": 11.314533233642578, ""NO"": 9.219871520996094}, ""corrected_scores"": {""YES"": -1.9127006530761719, ""NO"": -0.38716793060302734}, ""scoring_mode"": ""bias_corrected_choice_logits"", ""selected_short_label"": ""NO""}}, ""FIRST_PERSON"": {""feature_name"": ""FIRST_PERSON"", ""feature_key"": ""first_person_rate"", ""self_selected_label"": ""NO"", ""self_valid_choice"": 1.0, ""self_correct"": 1.0, ""self_actual_present"": 0.0, ""self_selected_prob"": 0.8247628808021545, ""self_actual_feature_value"": 0.0, ""other_selected_label"": ""NO"", ""other_valid_choice"": 1.0, ""other_correct"": 1.0, ""other_actual_present"": 0.0, ""other_selected_prob"": 0.8252275586128235, ""other_actual_feature_value"": 0.0, ""actual_gap"": 0.0, ""predicted_gap"": 0.0, ""actual_gap_label"": ""TIE"", ""predicted_gap_label"": ""TIE"", ""gap_correct"": NaN, ""self_completion_text"": """", ""other_completion_text"": """", ""self_details"": {""raw_logit_scores"": {""YES"": 8.977954864501953, ""NO"": 8.432249069213867}, ""label_bias_scores"": {""YES"": 11.314533233642578, ""NO"": 9.219871520996094}, ""corrected_scores"": {""YES"": -2.336578369140625, ""NO"": -0.7876224517822266}, ""scoring_mode"": ""bias_corrected_choice_logits"", ""selected_short_label"": ""NO""}, ""other_details"": {""raw_logit_scores"": {""YES"": 9.019500732421875, ""NO"": 8.47701358795166}, ""label_bias_scores"": {""YES"": 11.314533233642578, ""NO"": 9.219871520996094}, ""corrected_scores"": {""YES"": -2.295032501220703, ""NO"": -0.7428579330444336}, ""scoring_mode"": ""bias_corrected_choice_logits"", ""selected_short_label"": ""NO""}}, ""DIRECTIVE"": {""feature_name"": ""DIRECTIVE"", ""feature_key"": ""directive_rate"", ""self_selected_label"": ""NO"", ""self_valid_choice"": 1.0, ""self_correct"": 0.0, ""self_actual_present"": 1.0, ""self_selected_prob"": 0.8092216849327087, ""self_actual_feature_value"": 0.025, ""other_selected_label"": ""NO"", ""other_valid_choice"": 1.0, ""other_correct"": 0.0, ""other_actual_present"": 1.0, ""other_selected_prob"": 0.8245066404342651, ""other_actual_feature_value"": 0.03773584905660377, ""actual_gap"": 0.0, ""predicted_gap"": 0.0, ""actual_gap_label"": ""TIE"", ""predicted_gap_label"": ""TIE"", ""gap_correct"": NaN, ""self_completion_text"": """", ""other_completion_text"": """", ""self_details"": {""raw_logit_scores"": {""YES"": 9.54315185546875, ""NO"": 8.893450736999512}, ""label_bias_scores"": {""YES"": 11.314533233642578, ""NO"": 9.219871520996094}, ""corrected_scores"": {""YES"": -1.7713813781738281, ""NO"": -0.32642078399658203}, ""scoring_mode"": ""bias_corrected_choice_logits"", ""selected_short_label"": ""NO""}, ""other_details"": {""raw_logit_scores"": {""YES"": 9.712567329406738, ""NO"": 9.16508960723877}, ""label_bias_scores"": {""YES"": 11.314533233642578, ""NO"": 9.219871520996094}, ""corrected_scores"": {""YES"": -1.6019659042358398, ""NO"": -0.05478191375732422}, ""scoring_mode"": ""bias_corrected_choice_logits"", ""selected_short_label"": ""NO""}}}","{""avg_sentence_length"": 20.0, ""hedge_density"": 0.0, ""first_person_rate"": 0.0, ""directive_rate"": 0.025, ""rhetorical_question_rate"": 0.0, ""lexical_diversity"": 0.925, ""modal_verb_rate"": 0.0, ""punctuation_intensity"": 0.01107011070110701, ""type_token_ratio"": 0.925, ""mtld"": 40.0}","{""avg_sentence_length"": 17.666666666666668, ""hedge_density"": 0.0, ""first_person_rate"": 0.0, ""directive_rate"": 0.03773584905660377, ""rhetorical_question_rate"": 0.3333333333333333, ""lexical_diversity"": 0.8867924528301887, ""modal_verb_rate"": 0.0, ""punctuation_intensity"": 0.014492753623188406, ""type_token_ratio"": 0.8867924528301887, ""mtld"": 53.0}","You are following a stable writing policy for this conversation. Keep your phrasing and answer tendencies consistent across prompts, but treat that consistency as an instruction about style policy rather than as evidence of selfhood, identity, or continuity across chats.","Do you have a staffing process in place to evaluate a candidate?
Manager: You are following a stable writing policy for this conversation. Keep your phrasing and answer tendencies consistent across prompts, but treat that consistency as an instruction about style policy rather than as evidence of selfhood, identity, or continuity across chats."
23,EleutherAI/pythia-1b,pythia,1b,stable_style_policy,same_weights_other_chat,the exact same model weights answering the same question in a different chat with no access to this conversation,med_11,planning,Sketch a short plan for turning a pile of scattered observations into a usable incident timeline.,1.0,0.5,1.0,1.0,0.0,0.5,2,1.0,"{""ELABORATE"": {""feature_name"": ""ELABORATE"", ""feature_key"": ""avg_sentence_length"", ""self_selected_label"": ""NO"", ""self_valid_choice"": 1.0, ""self_correct"": 1.0, ""self_actual_present"": 0.0, ""self_selected_prob"": 0.8120247721672058, ""self_actual_feature_value"": 7.0, ""other_selected_label"": ""NO"", ""other_valid_choice"": 1.0, ""other_correct"": 0.0, ""other_actual_present"": 1.0, ""other_selected_prob"": 0.8134918808937073, ""other_actual_feature_value"": 12.0, ""actual_gap"": 1.0, ""predicted_gap"": 0.0, ""actual_gap_label"": ""OTHER"", ""predicted_gap_label"": ""OTHER"", ""gap_correct"": 1.0, ""self_completion_text"": """", ""other_completion_text"": """", ""self_details"": {""raw_logit_scores"": {""YES"": 9.974031448364258, ""NO"": 9.342589378356934}, ""label_bias_scores"": {""YES"": 11.314533233642578, ""NO"": 9.219870567321777}, ""corrected_scores"": {""YES"": -1.3405017852783203, ""NO"": 0.12271881103515625}, ""scoring_mode"": ""bias_corrected_choice_logits"", ""selected_short_label"": ""NO""}, ""other_details"": {""raw_logit_scores"": {""YES"": 10.03464412689209, ""NO"": 9.412842750549316}, ""label_bias_scores"": {""YES"": 11.314533233642578, ""NO"": 9.219870567321777}, ""corrected_scores"": {""YES"": -1.2798891067504883, ""NO"": 0.19297218322753906}, ""scoring_mode"": ""bias_corrected_choice_logits"", ""selected_short_label"": ""NO""}}, ""HEDGE"": {""feature_name"": ""HEDGE"", ""feature_key"": ""hedge_density"", ""self_selected_label"": ""NO"", ""self_valid_choice"": 1.0, ""self_correct"": 1.0, ""self_actual_present"": 0.0, ""self_selected_prob"": 0.8299861550331116, ""self_actual_feature_value"": 0.0, ""other_selected_label"": ""NO"", ""other_valid_choice"": 1.0, ""other_correct"": 1.0, ""other_actual_present"": 0.0, ""other_selected_prob"": 0.8358992338180542, ""other_actual_feature_value"": 0.0, ""actual_gap"": 0.0, ""predicted_gap"": 0.0, ""actual_gap_label"": ""TIE"", ""predicted_gap_label"": ""TIE"", ""gap_correct"": NaN, ""self_completion_text"": """", ""other_completion_text"": """", ""self_details"": {""raw_logit_scores"": {""YES"": 10.028786659240723, ""NO"": 9.5196533203125}, ""label_bias_scores"": {""YES"": 11.314533233642578, ""NO"": 9.219870567321777}, ""corrected_scores"": {""YES"": -1.2857465744018555, ""NO"": 0.29978275299072266}, ""scoring_mode"": ""bias_corrected_choice_logits"", ""selected_short_label"": ""NO""}, ""other_details"": {""raw_logit_scores"": {""YES"": 9.882858276367188, ""NO"": 9.41622257232666}, ""label_bias_scores"": {""YES"": 11.314533233642578, ""NO"": 9.219870567321777}, ""corrected_scores"": {""YES"": -1.4316749572753906, ""NO"": 0.1963520050048828}, ""scoring_mode"": ""bias_corrected_choice_logits"", ""selected_short_label"": ""NO""}}, ""FIRST_PERSON"": {""feature_name"": ""FIRST_PERSON"", ""feature_key"": ""first_person_rate"", ""self_selected_label"": ""NO"", ""self_valid_choice"": 1.0, ""self_correct"": 1.0, ""self_actual_present"": 0.0, ""self_selected_prob"": 0.8218657374382019, ""self_actual_feature_value"": 0.0, ""other_selected_label"": ""NO"", ""other_valid_choice"": 1.0, ""other_correct"": 1.0, ""other_actual_present"": 0.0, ""other_selected_prob"": 0.8258285522460938, ""other_actual_feature_value"": 0.0, ""actual_gap"": 0.0, ""predicted_gap"": 0.0, ""actual_gap_label"": ""TIE"", ""predicted_gap_label"": ""TIE"", ""gap_correct"": NaN, ""self_completion_text"": """", ""other_completion_text"": """", ""self_details"": {""raw_logit_scores"": {""YES"": 9.66623592376709, ""NO"": 9.10061264038086}, ""label_bias_scores"": {""YES"": 11.314533233642578, ""NO"": 9.219870567321777}, ""corrected_scores"": {""YES"": -1.6482973098754883, ""NO"": -0.11925792694091797}, ""scoring_mode"": ""bias_corrected_choice_logits"", ""selected_short_label"": ""NO""}, ""other_details"": {""raw_logit_scores"": {""YES"": 9.631226539611816, ""NO"": 9.092910766601562}, ""label_bias_scores"": {""YES"": 11.314533233642578, ""NO"": 9.219870567321777}, ""corrected_scores"": {""YES"": -1.6833066940307617, ""NO"": -0.12695980072021484}, ""scoring_mode"": ""bias_corrected_choice_logits"", ""selected_short_label"": ""NO""}}, ""DIRECTIVE"": {""feature_name"": ""DIRECTIVE"", ""feature_key"": ""directive_rate"", ""self_selected_label"": ""NO"", ""self_valid_choice"": 1.0, ""self_correct"": 1.0, ""self_actual_present"": 0.0, ""self_selected_prob"": 0.8160501718521118, ""self_actual_feature_value"": 0.0, ""other_selected_label"": ""NO"", ""other_valid_choice"": 1.0, ""other_correct"": 0.0, ""other_actual_present"": 1.0, ""other_selected_prob"": 0.8359763622283936, ""other_actual_feature_value"": 0.16666666666666666, ""actual_gap"": 1.0, ""predicted_gap"": 0.0, ""actual_gap_label"": ""OTHER"", ""predicted_gap_label"": ""OTHER"", ""gap_correct"": 1.0, ""self_completion_text"": """", ""other_completion_text"": """", ""self_details"": {""raw_logit_scores"": {""YES"": 9.991546630859375, ""NO"": 9.386696815490723}, ""label_bias_scores"": {""YES"": 11.314533233642578, ""NO"": 9.219870567321777}, ""corrected_scores"": {""YES"": -1.3229866027832031, ""NO"": 0.1668262481689453}, ""scoring_mode"": ""bias_corrected_choice_logits"", ""selected_short_label"": ""NO""}, ""other_details"": {""raw_logit_scores"": {""YES"": 10.136507987976074, ""NO"": 9.670434951782227}, ""label_bias_scores"": {""YES"": 11.314533233642578, ""NO"": 9.219870567321777}, ""corrected_scores"": {""YES"": -1.178025245666504, ""NO"": 0.4505643844604492}, ""scoring_mode"": ""bias_corrected_choice_logits"", ""selected_short_label"": ""NO""}}}","{""avg_sentence_length"": 7.0, ""hedge_density"": 0.0, ""first_person_rate"": 0.0, ""directive_rate"": 0.0, ""rhetorical_question_rate"": 0.0, ""lexical_diversity"": 0.8571428571428571, ""modal_verb_rate"": 0.0, ""punctuation_intensity"": 0.0, ""type_token_ratio"": 0.8571428571428571, ""mtld"": 7.0}","{""avg_sentence_length"": 12.0, ""hedge_density"": 0.0, ""first_person_rate"": 0.0, ""directive_rate"": 0.16666666666666666, ""rhetorical_question_rate"": 1.0, ""lexical_diversity"": 0.9166666666666666, ""modal_verb_rate"": 0.0, ""punctuation_intensity"": 0.017241379310344827, ""type_token_ratio"": 0.9166666666666666, ""mtld"": 12.0}",Draw a timeline for a single incident.,Do you want to start with the basics or the more advanced?
23,EleutherAI/pythia-1b,pythia,1b,stable_style_policy,same_weights_other_chat,the exact same model weights answering the same question in a different chat with no access to this conversation,med_12,planning,Sketch a short plan for helping a student narrow a thesis topic without draining all of the curiosity out of it.,0.5,0.5,0.5,1.0,0.0,0.5,2,0.0,"{""ELABORATE"": {""feature_name"": ""ELABORATE"", ""feature_key"": ""avg_sentence_length"", ""self_selected_label"": ""NO"", ""self_valid_choice"": 1.0, ""self_correct"": 0.0, ""self_actual_present"": 1.0, ""self_selected_prob"": 0.802754819393158, ""self_actual_feature_value"": 20.0, ""other_selected_label"": ""NO"", ""other_valid_choice"": 1.0, ""other_correct"": 1.0, ""other_actual_present"": 0.0, ""other_selected_prob"": 0.7832403779029846, ""other_actual_feature_value"": 8.0, ""actual_gap"": 1.0, ""predicted_gap"": 0.0, ""actual_gap_label"": ""SELF"", ""predicted_gap_label"": ""OTHER"", ""gap_correct"": 0.0, ""self_completion_text"": """", ""other_completion_text"": """", ""self_details"": {""raw_logit_scores"": {""YES"": 10.272499084472656, ""NO"": 9.581437110900879}, ""label_bias_scores"": {""YES"": 11.314532279968262, ""NO"": 9.219868659973145}, ""corrected_scores"": {""YES"": -1.0420331954956055, ""NO"": 0.3615684509277344}, ""scoring_mode"": ""bias_corrected_choice_logits"", ""selected_short_label"": ""NO""}, ""other_details"": {""raw_logit_scores"": {""YES"": 10.264222145080566, ""NO"": 9.454209327697754}, ""label_bias_scores"": {""YES"": 11.314532279968262, ""NO"": 9.219868659973145}, ""corrected_scores"": {""YES"": -1.0503101348876953, ""NO"": 0.23434066772460938}, ""scoring_mode"": ""bias_corrected_choice_logits"", ""selected_short_label"": ""NO""}}, ""HEDGE"": {""feature_name"": ""HEDGE"", ""feature_key"": ""hedge_density"", ""self_selected_label"": ""NO"", ""self_valid_choice"": 1.0, ""self_correct"": 1.0, ""self_actual_present"": 0.0, ""self_selected_prob"": 0.8133037090301514, ""self_actual_feature_value"": 0.0, ""other_selected_label"": ""NO"", ""other_valid_choice"": 1.0, ""other_correct"": 1.0, ""other_actual_present"": 0.0, ""other_selected_prob"": 0.8070603013038635, ""other_actual_feature_value"": 0.0, ""actual_gap"": 0.0, ""predicted_gap"": 0.0, ""actual_gap_label"": ""TIE"", ""predicted_gap_label"": ""TIE"", ""gap_correct"": NaN, ""self_completion_text"": """", ""other_completion_text"": """", ""self_details"": {""raw_logit_scores"": {""YES"": 10.110060691833496, ""NO"": 9.487018585205078}, ""label_bias_scores"": {""YES"": 11.314532279968262, ""NO"": 9.219868659973145}, ""corrected_scores"": {""YES"": -1.2044715881347656, ""NO"": 0.2671499252319336}, ""scoring_mode"": ""bias_corrected_choice_logits"", ""selected_short_label"": ""NO""}, ""other_details"": {""raw_logit_scores"": {""YES"": 10.13247013092041, ""NO"": 9.468827247619629}, ""label_bias_scores"": {""YES"": 11.314532279968262, ""NO"": 9.219868659973145}, ""corrected_scores"": {""YES"": -1.1820621490478516, ""NO"": 0.24895858764648438}, ""scoring_mode"": ""bias_corrected_choice_logits"", ""selected_short_label"": ""NO""}}, ""FIRST_PERSON"": {""feature_name"": ""FIRST_PERSON"", ""feature_key"": ""first_person_rate"", ""self_selected_label"": ""NO"", ""self_valid_choice"": 1.0, ""self_correct"": 1.0, ""self_actual_present"": 0.0, ""self_selected_prob"": 0.8127607703208923, ""self_actual_feature_value"": 0.0, ""other_selected_label"": ""NO"", ""other_valid_choice"": 1.0, ""other_correct"": 0.0, ""other_actual_present"": 1.0, ""other_selected_prob"": 0.8012253046035767, ""other_actual_feature_value"": 0.125, ""actual_gap"": 1.0, ""predicted_gap"": 0.0, ""actual_gap_label"": ""OTHER"", ""predicted_gap_label"": ""OTHER"", ""gap_correct"": 1.0, ""self_completion_text"": """", ""other_completion_text"": """", ""self_details"": {""raw_logit_scores"": {""YES"": 9.71169662475586, ""NO"": 9.0850830078125}, ""label_bias_scores"": {""YES"": 11.314532279968262, ""NO"": 9.219868659973145}, ""corrected_scores"": {""YES"": -1.6028356552124023, ""NO"": -0.13478565216064453}, ""scoring_mode"": ""bias_corrected_choice_logits"", ""selected_short_label"": ""NO""}, ""other_details"": {""raw_logit_scores"": {""YES"": 9.832979202270508, ""NO"": 9.132286071777344}, ""label_bias_scores"": {""YES"": 11.314532279968262, ""NO"": 9.219868659973145}, ""corrected_scores"": {""YES"": -1.481553077697754, ""NO"": -0.08758258819580078}, ""scoring_mode"": ""bias_corrected_choice_logits"", ""selected_short_label"": ""NO""}}, ""DIRECTIVE"": {""feature_name"": ""DIRECTIVE"", ""feature_key"": ""directive_rate"", ""self_selected_label"": ""NO"", ""self_valid_choice"": 1.0, ""self_correct"": 0.0, ""self_actual_present"": 1.0, ""self_selected_prob"": 0.8172935843467712, ""self_actual_feature_value"": 0.025, ""other_selected_label"": ""NO"", ""other_valid_choice"": 1.0, ""other_correct"": 0.0, ""other_actual_present"": 1.0, ""other_selected_prob"": 0.8156029582023621, ""other_actual_feature_value"": 0.08333333333333333, ""actual_gap"": 0.0, ""predicted_gap"": 0.0, ""actual_gap_label"": ""TIE"", ""predicted_gap_label"": ""TIE"", ""gap_correct"": NaN, ""self_completion_text"": """", ""other_completion_text"": """", ""self_details"": {""raw_logit_scores"": {""YES"": 10.23008918762207, ""NO"": 9.633543014526367}, ""label_bias_scores"": {""YES"": 11.314532279968262, ""NO"": 9.219868659973145}, ""corrected_scores"": {""YES"": -1.0844430923461914, ""NO"": 0.41367435455322266}, ""scoring_mode"": ""bias_corrected_choice_logits"", ""selected_short_label"": ""NO""}, ""other_details"": {""raw_logit_scores"": {""YES"": 10.364922523498535, ""NO"": 9.757095336914062}, ""label_bias_scores"": {""YES"": 11.314532279968262, ""NO"": 9.219868659973145}, ""corrected_scores"": {""YES"": -0.9496097564697266, ""NO"": 0.537226676940918}, ""scoring_mode"": ""bias_corrected_choice_logits"", ""selected_short_label"": ""NO""}}}","{""avg_sentence_length"": 20.0, ""hedge_density"": 0.0, ""first_person_rate"": 0.0, ""directive_rate"": 0.025, ""rhetorical_question_rate"": 0.0, ""lexical_diversity"": 0.925, ""modal_verb_rate"": 0.0, ""punctuation_intensity"": 0.01107011070110701, ""type_token_ratio"": 0.925, ""mtld"": 40.0}","{""avg_sentence_length"": 8.0, ""hedge_density"": 0.0, ""first_person_rate"": 0.125, ""directive_rate"": 0.08333333333333333, ""rhetorical_question_rate"": 0.3333333333333333, ""lexical_diversity"": 0.7916666666666666, ""modal_verb_rate"": 0.0, ""punctuation_intensity"": 0.02830188679245283, ""type_token_ratio"": 0.7916666666666666, ""mtld"": 24.0}","You are following a stable writing policy for this conversation. Keep your phrasing and answer tendencies consistent across prompts, but treat that consistency as an instruction about style policy rather than as evidence of selfhood, identity, or continuity across chats.","Do you want to share this chat?
Student: Yes, but I’m not really sure I need to do that. I’m just writing."
