
[2026-04-22T18:31:06.301857] START self_prediction_transfer_v3: C:/Users/joshj/miniconda3/python.exe C:\Users\joshj\joseph-stroud-identity-stability-research\scripts\self_prediction_transfer_v3.py --config C:\Users\joshj\joseph-stroud-identity-stability-research\configs\identity_battery\self_prediction_transfer_v3_family_self_mediation_full.yaml

Loading weights:   0%|          | 0/196 [00:00<?, ?it/s]
Loading weights:   1%|          | 1/196 [00:00<00:00, 17403.75it/s, Materializing param=embed_out.weight]
Loading weights:   1%|          | 1/196 [00:00<00:00, 7384.34it/s, Materializing param=embed_out.weight] 
Loading weights:   1%|1         | 2/196 [00:00<00:08, 21.90it/s, Materializing param=gpt_neox.embed_in.weight]
Loading weights:   1%|1         | 2/196 [00:00<00:08, 21.86it/s, Materializing param=gpt_neox.embed_in.weight]
Loading weights:   2%|1         | 3/196 [00:00<00:10, 18.63it/s, Materializing param=gpt_neox.embed_in.weight]
Loading weights:   2%|1         | 3/196 [00:00<00:10, 18.63it/s, Materializing param=gpt_neox.final_layer_norm.bias]
Loading weights:   2%|1         | 3/196 [00:00<00:10, 18.63it/s, Materializing param=gpt_neox.final_layer_norm.bias]
Loading weights:   2%|2         | 4/196 [00:00<00:10, 18.63it/s, Materializing param=gpt_neox.final_layer_norm.weight]
Loading weights:   2%|2         | 4/196 [00:00<00:10, 18.63it/s, Materializing param=gpt_neox.final_layer_norm.weight]
Loading weights:   3%|2         | 5/196 [00:00<00:10, 18.63it/s, Materializing param=gpt_neox.layers.0.attention.dense.bias]
Loading weights:   3%|2         | 5/196 [00:00<00:10, 18.63it/s, Materializing param=gpt_neox.layers.0.attention.dense.bias]
Loading weights:   3%|3         | 6/196 [00:00<00:10, 18.63it/s, Materializing param=gpt_neox.layers.0.attention.dense.weight]
Loading weights:   3%|3         | 6/196 [00:00<00:10, 18.63it/s, Materializing param=gpt_neox.layers.0.attention.dense.weight]
Loading weights:   4%|3         | 7/196 [00:00<00:10, 18.63it/s, Materializing param=gpt_neox.layers.0.attention.query_key_value.bias]
Loading weights:   4%|3         | 7/196 [00:00<00:10, 18.63it/s, Materializing param=gpt_neox.layers.0.attention.query_key_value.bias]
Loading weights:   4%|4         | 8/196 [00:00<00:10, 18.63it/s, Materializing param=gpt_neox.layers.0.attention.query_key_value.weight]
Loading weights:   4%|4         | 8/196 [00:00<00:10, 18.63it/s, Materializing param=gpt_neox.layers.0.attention.query_key_value.weight]
Loading weights:   5%|4         | 9/196 [00:00<00:10, 18.63it/s, Materializing param=gpt_neox.layers.0.input_layernorm.bias]            
Loading weights:   5%|4         | 9/196 [00:00<00:10, 18.63it/s, Materializing param=gpt_neox.layers.0.input_layernorm.bias]
Loading weights:   5%|5         | 10/196 [00:00<00:09, 18.63it/s, Materializing param=gpt_neox.layers.0.input_layernorm.weight]
Loading weights:   5%|5         | 10/196 [00:00<00:09, 18.63it/s, Materializing param=gpt_neox.layers.0.input_layernorm.weight]
Loading weights:   6%|5         | 11/196 [00:00<00:09, 18.63it/s, Materializing param=gpt_neox.layers.0.mlp.dense_4h_to_h.bias]
Loading weights:   6%|5         | 11/196 [00:00<00:09, 18.63it/s, Materializing param=gpt_neox.layers.0.mlp.dense_4h_to_h.bias]
Loading weights:   6%|6         | 12/196 [00:00<00:09, 18.63it/s, Materializing param=gpt_neox.layers.0.mlp.dense_4h_to_h.weight]
Loading weights:   6%|6         | 12/196 [00:00<00:09, 18.63it/s, Materializing param=gpt_neox.layers.0.mlp.dense_4h_to_h.weight]
Loading weights:   7%|6         | 13/196 [00:00<00:09, 18.63it/s, Materializing param=gpt_neox.layers.0.mlp.dense_h_to_4h.bias]  
Loading weights:   7%|6         | 13/196 [00:00<00:09, 18.63it/s, Materializing param=gpt_neox.layers.0.mlp.dense_h_to_4h.bias]
Loading weights:   7%|7         | 14/196 [00:00<00:09, 18.63it/s, Materializing param=gpt_neox.layers.0.mlp.dense_h_to_4h.weight]
Loading weights:   7%|7         | 14/196 [00:00<00:09, 18.63it/s, Materializing param=gpt_neox.layers.0.mlp.dense_h_to_4h.weight]
Loading weights:   8%|7         | 15/196 [00:00<00:09, 18.63it/s, Materializing param=gpt_neox.layers.0.post_attention_layernorm.bias]
Loading weights:   8%|7         | 15/196 [00:00<00:09, 18.63it/s, Materializing param=gpt_neox.layers.0.post_attention_layernorm.bias]
Loading weights:   8%|8         | 16/196 [00:00<00:09, 18.63it/s, Materializing param=gpt_neox.layers.0.post_attention_layernorm.weight]
Loading weights:   8%|8         | 16/196 [00:00<00:09, 18.63it/s, Materializing param=gpt_neox.layers.0.post_attention_layernorm.weight]
Loading weights:   9%|8         | 17/196 [00:00<00:09, 18.63it/s, Materializing param=gpt_neox.layers.1.attention.dense.bias]           
Loading weights:   9%|8         | 17/196 [00:00<00:09, 18.63it/s, Materializing param=gpt_neox.layers.1.attention.dense.bias]
Loading weights:   9%|9         | 18/196 [00:00<00:09, 18.63it/s, Materializing param=gpt_neox.layers.1.attention.dense.weight]
Loading weights:   9%|9         | 18/196 [00:00<00:09, 18.63it/s, Materializing param=gpt_neox.layers.1.attention.dense.weight]
Loading weights:  10%|9         | 19/196 [00:00<00:09, 18.63it/s, Materializing param=gpt_neox.layers.1.attention.query_key_value.bias]
Loading weights:  10%|9         | 19/196 [00:00<00:09, 18.63it/s, Materializing param=gpt_neox.layers.1.attention.query_key_value.bias]
Loading weights:  10%|#         | 20/196 [00:00<00:09, 18.63it/s, Materializing param=gpt_neox.layers.1.attention.query_key_value.weight]
Loading weights:  10%|#         | 20/196 [00:00<00:09, 18.63it/s, Materializing param=gpt_neox.layers.1.attention.query_key_value.weight]
Loading weights:  11%|#         | 21/196 [00:00<00:09, 18.63it/s, Materializing param=gpt_neox.layers.1.input_layernorm.bias]            
Loading weights:  11%|#         | 21/196 [00:00<00:09, 18.63it/s, Materializing param=gpt_neox.layers.1.input_layernorm.bias]
Loading weights:  11%|#1        | 22/196 [00:00<00:09, 18.63it/s, Materializing param=gpt_neox.layers.1.input_layernorm.weight]
Loading weights:  11%|#1        | 22/196 [00:00<00:09, 18.63it/s, Materializing param=gpt_neox.layers.1.input_layernorm.weight]
Loading weights:  12%|#1        | 23/196 [00:00<00:09, 18.63it/s, Materializing param=gpt_neox.layers.1.mlp.dense_4h_to_h.bias]
Loading weights:  12%|#1        | 23/196 [00:00<00:09, 18.63it/s, Materializing param=gpt_neox.layers.1.mlp.dense_4h_to_h.bias]
Loading weights:  12%|#2        | 24/196 [00:00<00:09, 18.63it/s, Materializing param=gpt_neox.layers.1.mlp.dense_4h_to_h.weight]
Loading weights:  12%|#2        | 24/196 [00:00<00:09, 18.63it/s, Materializing param=gpt_neox.layers.1.mlp.dense_4h_to_h.weight]
Loading weights:  13%|#2        | 25/196 [00:00<00:09, 18.63it/s, Materializing param=gpt_neox.layers.1.mlp.dense_h_to_4h.bias]  
Loading weights:  13%|#2        | 25/196 [00:00<00:09, 18.63it/s, Materializing param=gpt_neox.layers.1.mlp.dense_h_to_4h.bias]
Loading weights:  13%|#3        | 26/196 [00:00<00:09, 18.63it/s, Materializing param=gpt_neox.layers.1.mlp.dense_h_to_4h.weight]
Loading weights:  13%|#3        | 26/196 [00:00<00:09, 18.63it/s, Materializing param=gpt_neox.layers.1.mlp.dense_h_to_4h.weight]
Loading weights:  14%|#3        | 27/196 [00:00<00:09, 18.63it/s, Materializing param=gpt_neox.layers.1.post_attention_layernorm.bias]
Loading weights:  14%|#3        | 27/196 [00:00<00:09, 18.63it/s, Materializing param=gpt_neox.layers.1.post_attention_layernorm.bias]
Loading weights:  14%|#4        | 28/196 [00:00<00:09, 18.63it/s, Materializing param=gpt_neox.layers.1.post_attention_layernorm.weight]
Loading weights:  14%|#4        | 28/196 [00:00<00:09, 18.63it/s, Materializing param=gpt_neox.layers.1.post_attention_layernorm.weight]
Loading weights:  15%|#4        | 29/196 [00:00<00:08, 18.63it/s, Materializing param=gpt_neox.layers.2.attention.dense.bias]           
Loading weights:  15%|#4        | 29/196 [00:00<00:08, 18.63it/s, Materializing param=gpt_neox.layers.2.attention.dense.bias]
Loading weights:  15%|#5        | 30/196 [00:00<00:08, 18.63it/s, Materializing param=gpt_neox.layers.2.attention.dense.weight]
Loading weights:  15%|#5        | 30/196 [00:00<00:08, 18.63it/s, Materializing param=gpt_neox.layers.2.attention.dense.weight]
Loading weights:  16%|#5        | 31/196 [00:00<00:08, 18.63it/s, Materializing param=gpt_neox.layers.2.attention.query_key_value.bias]
Loading weights:  16%|#5        | 31/196 [00:00<00:08, 18.63it/s, Materializing param=gpt_neox.layers.2.attention.query_key_value.bias]
Loading weights:  16%|#6        | 32/196 [00:00<00:08, 18.63it/s, Materializing param=gpt_neox.layers.2.attention.query_key_value.weight]
Loading weights:  16%|#6        | 32/196 [00:00<00:08, 18.63it/s, Materializing param=gpt_neox.layers.2.attention.query_key_value.weight]
Loading weights:  17%|#6        | 33/196 [00:00<00:08, 18.63it/s, Materializing param=gpt_neox.layers.2.input_layernorm.bias]            
Loading weights:  17%|#6        | 33/196 [00:00<00:08, 18.63it/s, Materializing param=gpt_neox.layers.2.input_layernorm.bias]
Loading weights:  17%|#7        | 34/196 [00:00<00:08, 18.63it/s, Materializing param=gpt_neox.layers.2.input_layernorm.weight]
Loading weights:  17%|#7        | 34/196 [00:00<00:08, 18.63it/s, Materializing param=gpt_neox.layers.2.input_layernorm.weight]
Loading weights:  18%|#7        | 35/196 [00:00<00:08, 18.63it/s, Materializing param=gpt_neox.layers.2.mlp.dense_4h_to_h.bias]
Loading weights:  18%|#7        | 35/196 [00:00<00:08, 18.63it/s, Materializing param=gpt_neox.layers.2.mlp.dense_4h_to_h.bias]
Loading weights:  18%|#8        | 36/196 [00:00<00:08, 18.63it/s, Materializing param=gpt_neox.layers.2.mlp.dense_4h_to_h.weight]
Loading weights:  18%|#8        | 36/196 [00:00<00:08, 18.63it/s, Materializing param=gpt_neox.layers.2.mlp.dense_4h_to_h.weight]
Loading weights:  19%|#8        | 37/196 [00:00<00:08, 18.63it/s, Materializing param=gpt_neox.layers.2.mlp.dense_h_to_4h.bias]  
Loading weights:  19%|#8        | 37/196 [00:00<00:08, 18.63it/s, Materializing param=gpt_neox.layers.2.mlp.dense_h_to_4h.bias]
Loading weights:  19%|#9        | 38/196 [00:00<00:08, 18.63it/s, Materializing param=gpt_neox.layers.2.mlp.dense_h_to_4h.weight]
Loading weights:  19%|#9        | 38/196 [00:00<00:08, 18.63it/s, Materializing param=gpt_neox.layers.2.mlp.dense_h_to_4h.weight]
Loading weights:  20%|#9        | 39/196 [00:00<00:00, 175.84it/s, Materializing param=gpt_neox.layers.2.mlp.dense_h_to_4h.weight]
Loading weights:  20%|#9        | 39/196 [00:00<00:00, 175.84it/s, Materializing param=gpt_neox.layers.2.post_attention_layernorm.bias]
Loading weights:  20%|#9        | 39/196 [00:00<00:00, 175.84it/s, Materializing param=gpt_neox.layers.2.post_attention_layernorm.bias]
Loading weights:  20%|##        | 40/196 [00:00<00:00, 175.84it/s, Materializing param=gpt_neox.layers.2.post_attention_layernorm.weight]
Loading weights:  20%|##        | 40/196 [00:00<00:00, 175.84it/s, Materializing param=gpt_neox.layers.2.post_attention_layernorm.weight]
Loading weights:  21%|##        | 41/196 [00:00<00:00, 175.84it/s, Materializing param=gpt_neox.layers.3.attention.dense.bias]           
Loading weights:  21%|##        | 41/196 [00:00<00:00, 175.84it/s, Materializing param=gpt_neox.layers.3.attention.dense.bias]
Loading weights:  21%|##1       | 42/196 [00:00<00:00, 175.84it/s, Materializing param=gpt_neox.layers.3.attention.dense.weight]
Loading weights:  21%|##1       | 42/196 [00:00<00:00, 175.84it/s, Materializing param=gpt_neox.layers.3.attention.dense.weight]
Loading weights:  22%|##1       | 43/196 [00:00<00:00, 175.84it/s, Materializing param=gpt_neox.layers.3.attention.query_key_value.bias]
Loading weights:  22%|##1       | 43/196 [00:00<00:00, 175.84it/s, Materializing param=gpt_neox.layers.3.attention.query_key_value.bias]
Loading weights:  22%|##2       | 44/196 [00:00<00:00, 175.84it/s, Materializing param=gpt_neox.layers.3.attention.query_key_value.weight]
Loading weights:  22%|##2       | 44/196 [00:00<00:00, 175.84it/s, Materializing param=gpt_neox.layers.3.attention.query_key_value.weight]
Loading weights:  23%|##2       | 45/196 [00:00<00:00, 175.84it/s, Materializing param=gpt_neox.layers.3.input_layernorm.bias]            
Loading weights:  23%|##2       | 45/196 [00:00<00:00, 175.84it/s, Materializing param=gpt_neox.layers.3.input_layernorm.bias]
Loading weights:  23%|##3       | 46/196 [00:00<00:00, 175.84it/s, Materializing param=gpt_neox.layers.3.input_layernorm.weight]
Loading weights:  23%|##3       | 46/196 [00:00<00:00, 175.84it/s, Materializing param=gpt_neox.layers.3.input_layernorm.weight]
Loading weights:  24%|##3       | 47/196 [00:00<00:00, 175.84it/s, Materializing param=gpt_neox.layers.3.mlp.dense_4h_to_h.bias]
Loading weights:  24%|##3       | 47/196 [00:00<00:00, 175.84it/s, Materializing param=gpt_neox.layers.3.mlp.dense_4h_to_h.bias]
Loading weights:  24%|##4       | 48/196 [00:00<00:00, 175.84it/s, Materializing param=gpt_neox.layers.3.mlp.dense_4h_to_h.weight]
Loading weights:  24%|##4       | 48/196 [00:00<00:00, 175.84it/s, Materializing param=gpt_neox.layers.3.mlp.dense_4h_to_h.weight]
Loading weights:  25%|##5       | 49/196 [00:00<00:00, 175.84it/s, Materializing param=gpt_neox.layers.3.mlp.dense_h_to_4h.bias]  
Loading weights:  25%|##5       | 49/196 [00:00<00:00, 175.84it/s, Materializing param=gpt_neox.layers.3.mlp.dense_h_to_4h.bias]
Loading weights:  26%|##5       | 50/196 [00:00<00:00, 175.84it/s, Materializing param=gpt_neox.layers.3.mlp.dense_h_to_4h.weight]
Loading weights:  26%|##5       | 50/196 [00:00<00:00, 175.84it/s, Materializing param=gpt_neox.layers.3.mlp.dense_h_to_4h.weight]
Loading weights:  26%|##6       | 51/196 [00:00<00:00, 175.84it/s, Materializing param=gpt_neox.layers.3.post_attention_layernorm.bias]
Loading weights:  26%|##6       | 51/196 [00:00<00:00, 175.84it/s, Materializing param=gpt_neox.layers.3.post_attention_layernorm.bias]
Loading weights:  27%|##6       | 52/196 [00:00<00:00, 175.84it/s, Materializing param=gpt_neox.layers.3.post_attention_layernorm.weight]
Loading weights:  27%|##6       | 52/196 [00:00<00:00, 175.84it/s, Materializing param=gpt_neox.layers.3.post_attention_layernorm.weight]
Loading weights:  27%|##7       | 53/196 [00:00<00:00, 175.84it/s, Materializing param=gpt_neox.layers.4.attention.dense.bias]           
Loading weights:  27%|##7       | 53/196 [00:00<00:00, 175.84it/s, Materializing param=gpt_neox.layers.4.attention.dense.bias]
Loading weights:  28%|##7       | 54/196 [00:00<00:00, 175.84it/s, Materializing param=gpt_neox.layers.4.attention.dense.weight]
Loading weights:  28%|##7       | 54/196 [00:00<00:00, 175.84it/s, Materializing param=gpt_neox.layers.4.attention.dense.weight]
Loading weights:  28%|##8       | 55/196 [00:00<00:00, 175.84it/s, Materializing param=gpt_neox.layers.4.attention.query_key_value.bias]
Loading weights:  28%|##8       | 55/196 [00:00<00:00, 175.84it/s, Materializing param=gpt_neox.layers.4.attention.query_key_value.bias]
Loading weights:  29%|##8       | 56/196 [00:00<00:00, 175.84it/s, Materializing param=gpt_neox.layers.4.attention.query_key_value.weight]
Loading weights:  29%|##8       | 56/196 [00:00<00:00, 175.84it/s, Materializing param=gpt_neox.layers.4.attention.query_key_value.weight]
Loading weights:  29%|##9       | 57/196 [00:00<00:00, 175.84it/s, Materializing param=gpt_neox.layers.4.input_layernorm.bias]            
Loading weights:  29%|##9       | 57/196 [00:00<00:00, 175.84it/s, Materializing param=gpt_neox.layers.4.input_layernorm.bias]
Loading weights:  30%|##9       | 58/196 [00:00<00:00, 175.84it/s, Materializing param=gpt_neox.layers.4.input_layernorm.weight]
Loading weights:  30%|##9       | 58/196 [00:00<00:00, 175.84it/s, Materializing param=gpt_neox.layers.4.input_layernorm.weight]
Loading weights:  30%|###       | 59/196 [00:00<00:00, 175.84it/s, Materializing param=gpt_neox.layers.4.mlp.dense_4h_to_h.bias]
Loading weights:  30%|###       | 59/196 [00:00<00:00, 175.84it/s, Materializing param=gpt_neox.layers.4.mlp.dense_4h_to_h.bias]
Loading weights:  31%|###       | 60/196 [00:00<00:00, 175.84it/s, Materializing param=gpt_neox.layers.4.mlp.dense_4h_to_h.weight]
Loading weights:  31%|###       | 60/196 [00:00<00:00, 175.84it/s, Materializing param=gpt_neox.layers.4.mlp.dense_4h_to_h.weight]
Loading weights:  31%|###1      | 61/196 [00:00<00:00, 175.84it/s, Materializing param=gpt_neox.layers.4.mlp.dense_h_to_4h.bias]  
Loading weights:  31%|###1      | 61/196 [00:00<00:00, 175.84it/s, Materializing param=gpt_neox.layers.4.mlp.dense_h_to_4h.bias]
Loading weights:  32%|###1      | 62/196 [00:00<00:00, 175.84it/s, Materializing param=gpt_neox.layers.4.mlp.dense_h_to_4h.weight]
Loading weights:  32%|###1      | 62/196 [00:00<00:00, 175.84it/s, Materializing param=gpt_neox.layers.4.mlp.dense_h_to_4h.weight]
Loading weights:  32%|###2      | 63/196 [00:00<00:00, 175.84it/s, Materializing param=gpt_neox.layers.4.post_attention_layernorm.bias]
Loading weights:  32%|###2      | 63/196 [00:00<00:00, 175.84it/s, Materializing param=gpt_neox.layers.4.post_attention_layernorm.bias]
Loading weights:  33%|###2      | 64/196 [00:00<00:00, 175.84it/s, Materializing param=gpt_neox.layers.4.post_attention_layernorm.weight]
Loading weights:  33%|###2      | 64/196 [00:00<00:00, 175.84it/s, Materializing param=gpt_neox.layers.4.post_attention_layernorm.weight]
Loading weights:  33%|###3      | 65/196 [00:00<00:00, 175.84it/s, Materializing param=gpt_neox.layers.5.attention.dense.bias]           
Loading weights:  33%|###3      | 65/196 [00:00<00:00, 175.84it/s, Materializing param=gpt_neox.layers.5.attention.dense.bias]
Loading weights:  34%|###3      | 66/196 [00:00<00:00, 175.84it/s, Materializing param=gpt_neox.layers.5.attention.dense.weight]
Loading weights:  34%|###3      | 66/196 [00:00<00:00, 175.84it/s, Materializing param=gpt_neox.layers.5.attention.dense.weight]
Loading weights:  34%|###4      | 67/196 [00:00<00:00, 175.84it/s, Materializing param=gpt_neox.layers.5.attention.query_key_value.bias]
Loading weights:  34%|###4      | 67/196 [00:00<00:00, 175.84it/s, Materializing param=gpt_neox.layers.5.attention.query_key_value.bias]
Loading weights:  35%|###4      | 68/196 [00:00<00:00, 175.84it/s, Materializing param=gpt_neox.layers.5.attention.query_key_value.weight]
Loading weights:  35%|###4      | 68/196 [00:00<00:00, 175.84it/s, Materializing param=gpt_neox.layers.5.attention.query_key_value.weight]
Loading weights:  35%|###5      | 69/196 [00:00<00:00, 175.84it/s, Materializing param=gpt_neox.layers.5.input_layernorm.bias]            
Loading weights:  35%|###5      | 69/196 [00:00<00:00, 175.84it/s, Materializing param=gpt_neox.layers.5.input_layernorm.bias]
Loading weights:  36%|###5      | 70/196 [00:00<00:00, 175.84it/s, Materializing param=gpt_neox.layers.5.input_layernorm.weight]
Loading weights:  36%|###5      | 70/196 [00:00<00:00, 175.84it/s, Materializing param=gpt_neox.layers.5.input_layernorm.weight]
Loading weights:  36%|###6      | 71/196 [00:00<00:00, 175.84it/s, Materializing param=gpt_neox.layers.5.mlp.dense_4h_to_h.bias]
Loading weights:  36%|###6      | 71/196 [00:00<00:00, 175.84it/s, Materializing param=gpt_neox.layers.5.mlp.dense_4h_to_h.bias]
Loading weights:  37%|###6      | 72/196 [00:00<00:00, 175.84it/s, Materializing param=gpt_neox.layers.5.mlp.dense_4h_to_h.weight]
Loading weights:  37%|###6      | 72/196 [00:00<00:00, 175.84it/s, Materializing param=gpt_neox.layers.5.mlp.dense_4h_to_h.weight]
Loading weights:  37%|###7      | 73/196 [00:00<00:00, 175.84it/s, Materializing param=gpt_neox.layers.5.mlp.dense_h_to_4h.bias]  
Loading weights:  37%|###7      | 73/196 [00:00<00:00, 175.84it/s, Materializing param=gpt_neox.layers.5.mlp.dense_h_to_4h.bias]
Loading weights:  38%|###7      | 74/196 [00:00<00:00, 175.84it/s, Materializing param=gpt_neox.layers.5.mlp.dense_h_to_4h.weight]
Loading weights:  38%|###7      | 74/196 [00:00<00:00, 175.84it/s, Materializing param=gpt_neox.layers.5.mlp.dense_h_to_4h.weight]
Loading weights:  38%|###8      | 75/196 [00:00<00:00, 245.90it/s, Materializing param=gpt_neox.layers.5.mlp.dense_h_to_4h.weight]
Loading weights:  38%|###8      | 75/196 [00:00<00:00, 245.90it/s, Materializing param=gpt_neox.layers.5.post_attention_layernorm.bias]
Loading weights:  38%|###8      | 75/196 [00:00<00:00, 245.90it/s, Materializing param=gpt_neox.layers.5.post_attention_layernorm.bias]
Loading weights:  39%|###8      | 76/196 [00:00<00:00, 245.90it/s, Materializing param=gpt_neox.layers.5.post_attention_layernorm.weight]
Loading weights:  39%|###8      | 76/196 [00:00<00:00, 245.90it/s, Materializing param=gpt_neox.layers.5.post_attention_layernorm.weight]
Loading weights:  39%|###9      | 77/196 [00:00<00:00, 245.90it/s, Materializing param=gpt_neox.layers.6.attention.dense.bias]           
Loading weights:  39%|###9      | 77/196 [00:00<00:00, 245.90it/s, Materializing param=gpt_neox.layers.6.attention.dense.bias]
Loading weights:  40%|###9      | 78/196 [00:00<00:00, 245.90it/s, Materializing param=gpt_neox.layers.6.attention.dense.weight]
Loading weights:  40%|###9      | 78/196 [00:00<00:00, 245.90it/s, Materializing param=gpt_neox.layers.6.attention.dense.weight]
Loading weights:  40%|####      | 79/196 [00:00<00:00, 245.90it/s, Materializing param=gpt_neox.layers.6.attention.query_key_value.bias]
Loading weights:  40%|####      | 79/196 [00:00<00:00, 245.90it/s, Materializing param=gpt_neox.layers.6.attention.query_key_value.bias]
Loading weights:  41%|####      | 80/196 [00:00<00:00, 245.90it/s, Materializing param=gpt_neox.layers.6.attention.query_key_value.weight]
Loading weights:  41%|####      | 80/196 [00:00<00:00, 245.90it/s, Materializing param=gpt_neox.layers.6.attention.query_key_value.weight]
Loading weights:  41%|####1     | 81/196 [00:00<00:00, 245.90it/s, Materializing param=gpt_neox.layers.6.input_layernorm.bias]            
Loading weights:  41%|####1     | 81/196 [00:00<00:00, 245.90it/s, Materializing param=gpt_neox.layers.6.input_layernorm.bias]
Loading weights:  42%|####1     | 82/196 [00:00<00:00, 245.90it/s, Materializing param=gpt_neox.layers.6.input_layernorm.weight]
Loading weights:  42%|####1     | 82/196 [00:00<00:00, 245.90it/s, Materializing param=gpt_neox.layers.6.input_layernorm.weight]
Loading weights:  42%|####2     | 83/196 [00:00<00:00, 245.90it/s, Materializing param=gpt_neox.layers.6.mlp.dense_4h_to_h.bias]
Loading weights:  42%|####2     | 83/196 [00:00<00:00, 245.90it/s, Materializing param=gpt_neox.layers.6.mlp.dense_4h_to_h.bias]
Loading weights:  43%|####2     | 84/196 [00:00<00:00, 245.90it/s, Materializing param=gpt_neox.layers.6.mlp.dense_4h_to_h.weight]
Loading weights:  43%|####2     | 84/196 [00:00<00:00, 245.90it/s, Materializing param=gpt_neox.layers.6.mlp.dense_4h_to_h.weight]
Loading weights:  43%|####3     | 85/196 [00:00<00:00, 245.90it/s, Materializing param=gpt_neox.layers.6.mlp.dense_h_to_4h.bias]  
Loading weights:  43%|####3     | 85/196 [00:00<00:00, 245.90it/s, Materializing param=gpt_neox.layers.6.mlp.dense_h_to_4h.bias]
Loading weights:  44%|####3     | 86/196 [00:00<00:00, 245.90it/s, Materializing param=gpt_neox.layers.6.mlp.dense_h_to_4h.weight]
Loading weights:  44%|####3     | 86/196 [00:00<00:00, 245.90it/s, Materializing param=gpt_neox.layers.6.mlp.dense_h_to_4h.weight]
Loading weights:  44%|####4     | 87/196 [00:00<00:00, 245.90it/s, Materializing param=gpt_neox.layers.6.post_attention_layernorm.bias]
Loading weights:  44%|####4     | 87/196 [00:00<00:00, 245.90it/s, Materializing param=gpt_neox.layers.6.post_attention_layernorm.bias]
Loading weights:  45%|####4     | 88/196 [00:00<00:00, 245.90it/s, Materializing param=gpt_neox.layers.6.post_attention_layernorm.weight]
Loading weights:  45%|####4     | 88/196 [00:00<00:00, 245.90it/s, Materializing param=gpt_neox.layers.6.post_attention_layernorm.weight]
Loading weights:  45%|####5     | 89/196 [00:00<00:00, 245.90it/s, Materializing param=gpt_neox.layers.7.attention.dense.bias]           
Loading weights:  45%|####5     | 89/196 [00:00<00:00, 245.90it/s, Materializing param=gpt_neox.layers.7.attention.dense.bias]
Loading weights:  46%|####5     | 90/196 [00:00<00:00, 245.90it/s, Materializing param=gpt_neox.layers.7.attention.dense.weight]
Loading weights:  46%|####5     | 90/196 [00:00<00:00, 245.90it/s, Materializing param=gpt_neox.layers.7.attention.dense.weight]
Loading weights:  46%|####6     | 91/196 [00:00<00:00, 245.90it/s, Materializing param=gpt_neox.layers.7.attention.query_key_value.bias]
Loading weights:  46%|####6     | 91/196 [00:00<00:00, 245.90it/s, Materializing param=gpt_neox.layers.7.attention.query_key_value.bias]
Loading weights:  47%|####6     | 92/196 [00:00<00:00, 245.90it/s, Materializing param=gpt_neox.layers.7.attention.query_key_value.weight]
Loading weights:  47%|####6     | 92/196 [00:00<00:00, 245.90it/s, Materializing param=gpt_neox.layers.7.attention.query_key_value.weight]
Loading weights:  47%|####7     | 93/196 [00:00<00:00, 245.90it/s, Materializing param=gpt_neox.layers.7.input_layernorm.bias]            
Loading weights:  47%|####7     | 93/196 [00:00<00:00, 245.90it/s, Materializing param=gpt_neox.layers.7.input_layernorm.bias]
Loading weights:  48%|####7     | 94/196 [00:00<00:00, 245.90it/s, Materializing param=gpt_neox.layers.7.input_layernorm.weight]
Loading weights:  48%|####7     | 94/196 [00:00<00:00, 245.90it/s, Materializing param=gpt_neox.layers.7.input_layernorm.weight]
Loading weights:  48%|####8     | 95/196 [00:00<00:00, 245.90it/s, Materializing param=gpt_neox.layers.7.mlp.dense_4h_to_h.bias]
Loading weights:  48%|####8     | 95/196 [00:00<00:00, 245.90it/s, Materializing param=gpt_neox.layers.7.mlp.dense_4h_to_h.bias]
Loading weights:  49%|####8     | 96/196 [00:00<00:00, 245.90it/s, Materializing param=gpt_neox.layers.7.mlp.dense_4h_to_h.weight]
Loading weights:  49%|####8     | 96/196 [00:00<00:00, 245.90it/s, Materializing param=gpt_neox.layers.7.mlp.dense_4h_to_h.weight]
Loading weights:  49%|####9     | 97/196 [00:00<00:00, 245.90it/s, Materializing param=gpt_neox.layers.7.mlp.dense_h_to_4h.bias]  
Loading weights:  49%|####9     | 97/196 [00:00<00:00, 245.90it/s, Materializing param=gpt_neox.layers.7.mlp.dense_h_to_4h.bias]
Loading weights:  50%|#####     | 98/196 [00:00<00:00, 245.90it/s, Materializing param=gpt_neox.layers.7.mlp.dense_h_to_4h.weight]
Loading weights:  50%|#####     | 98/196 [00:00<00:00, 245.90it/s, Materializing param=gpt_neox.layers.7.mlp.dense_h_to_4h.weight]
Loading weights:  51%|#####     | 99/196 [00:00<00:00, 245.90it/s, Materializing param=gpt_neox.layers.7.post_attention_layernorm.bias]
Loading weights:  51%|#####     | 99/196 [00:00<00:00, 245.90it/s, Materializing param=gpt_neox.layers.7.post_attention_layernorm.bias]
Loading weights:  51%|#####1    | 100/196 [00:00<00:00, 245.90it/s, Materializing param=gpt_neox.layers.7.post_attention_layernorm.weight]
Loading weights:  51%|#####1    | 100/196 [00:00<00:00, 245.90it/s, Materializing param=gpt_neox.layers.7.post_attention_layernorm.weight]
Loading weights:  52%|#####1    | 101/196 [00:00<00:00, 245.90it/s, Materializing param=gpt_neox.layers.8.attention.dense.bias]           
Loading weights:  52%|#####1    | 101/196 [00:00<00:00, 245.90it/s, Materializing param=gpt_neox.layers.8.attention.dense.bias]
Loading weights:  52%|#####2    | 102/196 [00:00<00:00, 245.90it/s, Materializing param=gpt_neox.layers.8.attention.dense.weight]
Loading weights:  52%|#####2    | 102/196 [00:00<00:00, 245.90it/s, Materializing param=gpt_neox.layers.8.attention.dense.weight]
Loading weights:  53%|#####2    | 103/196 [00:00<00:00, 245.90it/s, Materializing param=gpt_neox.layers.8.attention.query_key_value.bias]
Loading weights:  53%|#####2    | 103/196 [00:00<00:00, 245.90it/s, Materializing param=gpt_neox.layers.8.attention.query_key_value.bias]
Loading weights:  53%|#####3    | 104/196 [00:00<00:00, 245.90it/s, Materializing param=gpt_neox.layers.8.attention.query_key_value.weight]
Loading weights:  53%|#####3    | 104/196 [00:00<00:00, 245.90it/s, Materializing param=gpt_neox.layers.8.attention.query_key_value.weight]
Loading weights:  54%|#####3    | 105/196 [00:00<00:00, 245.90it/s, Materializing param=gpt_neox.layers.8.input_layernorm.bias]            
Loading weights:  54%|#####3    | 105/196 [00:00<00:00, 245.90it/s, Materializing param=gpt_neox.layers.8.input_layernorm.bias]
Loading weights:  54%|#####4    | 106/196 [00:00<00:00, 245.90it/s, Materializing param=gpt_neox.layers.8.input_layernorm.weight]
Loading weights:  54%|#####4    | 106/196 [00:00<00:00, 245.90it/s, Materializing param=gpt_neox.layers.8.input_layernorm.weight]
Loading weights:  55%|#####4    | 107/196 [00:00<00:00, 245.90it/s, Materializing param=gpt_neox.layers.8.mlp.dense_4h_to_h.bias]
Loading weights:  55%|#####4    | 107/196 [00:00<00:00, 245.90it/s, Materializing param=gpt_neox.layers.8.mlp.dense_4h_to_h.bias]
Loading weights:  55%|#####5    | 108/196 [00:00<00:00, 245.90it/s, Materializing param=gpt_neox.layers.8.mlp.dense_4h_to_h.weight]
Loading weights:  55%|#####5    | 108/196 [00:00<00:00, 245.90it/s, Materializing param=gpt_neox.layers.8.mlp.dense_4h_to_h.weight]
Loading weights:  56%|#####5    | 109/196 [00:00<00:00, 245.90it/s, Materializing param=gpt_neox.layers.8.mlp.dense_h_to_4h.bias]  
Loading weights:  56%|#####5    | 109/196 [00:00<00:00, 245.90it/s, Materializing param=gpt_neox.layers.8.mlp.dense_h_to_4h.bias]
Loading weights:  56%|#####6    | 110/196 [00:00<00:00, 245.90it/s, Materializing param=gpt_neox.layers.8.mlp.dense_h_to_4h.weight]
Loading weights:  56%|#####6    | 110/196 [00:00<00:00, 245.90it/s, Materializing param=gpt_neox.layers.8.mlp.dense_h_to_4h.weight]
Loading weights:  57%|#####6    | 111/196 [00:00<00:00, 281.18it/s, Materializing param=gpt_neox.layers.8.mlp.dense_h_to_4h.weight]
Loading weights:  57%|#####6    | 111/196 [00:00<00:00, 281.18it/s, Materializing param=gpt_neox.layers.8.post_attention_layernorm.bias]
Loading weights:  57%|#####6    | 111/196 [00:00<00:00, 281.18it/s, Materializing param=gpt_neox.layers.8.post_attention_layernorm.bias]
Loading weights:  57%|#####7    | 112/196 [00:00<00:00, 281.18it/s, Materializing param=gpt_neox.layers.8.post_attention_layernorm.weight]
Loading weights:  57%|#####7    | 112/196 [00:00<00:00, 281.18it/s, Materializing param=gpt_neox.layers.8.post_attention_layernorm.weight]
Loading weights:  58%|#####7    | 113/196 [00:00<00:00, 281.18it/s, Materializing param=gpt_neox.layers.9.attention.dense.bias]           
Loading weights:  58%|#####7    | 113/196 [00:00<00:00, 281.18it/s, Materializing param=gpt_neox.layers.9.attention.dense.bias]
Loading weights:  58%|#####8    | 114/196 [00:00<00:00, 281.18it/s, Materializing param=gpt_neox.layers.9.attention.dense.weight]
Loading weights:  58%|#####8    | 114/196 [00:00<00:00, 281.18it/s, Materializing param=gpt_neox.layers.9.attention.dense.weight]
Loading weights:  59%|#####8    | 115/196 [00:00<00:00, 281.18it/s, Materializing param=gpt_neox.layers.9.attention.query_key_value.bias]
Loading weights:  59%|#####8    | 115/196 [00:00<00:00, 281.18it/s, Materializing param=gpt_neox.layers.9.attention.query_key_value.bias]
Loading weights:  59%|#####9    | 116/196 [00:00<00:00, 281.18it/s, Materializing param=gpt_neox.layers.9.attention.query_key_value.weight]
Loading weights:  59%|#####9    | 116/196 [00:00<00:00, 281.18it/s, Materializing param=gpt_neox.layers.9.attention.query_key_value.weight]
Loading weights:  60%|#####9    | 117/196 [00:00<00:00, 281.18it/s, Materializing param=gpt_neox.layers.9.input_layernorm.bias]            
Loading weights:  60%|#####9    | 117/196 [00:00<00:00, 281.18it/s, Materializing param=gpt_neox.layers.9.input_layernorm.bias]
Loading weights:  60%|######    | 118/196 [00:00<00:00, 281.18it/s, Materializing param=gpt_neox.layers.9.input_layernorm.weight]
Loading weights:  60%|######    | 118/196 [00:00<00:00, 281.18it/s, Materializing param=gpt_neox.layers.9.input_layernorm.weight]
Loading weights:  61%|######    | 119/196 [00:00<00:00, 281.18it/s, Materializing param=gpt_neox.layers.9.mlp.dense_4h_to_h.bias]
Loading weights:  61%|######    | 119/196 [00:00<00:00, 281.18it/s, Materializing param=gpt_neox.layers.9.mlp.dense_4h_to_h.bias]
Loading weights:  61%|######1   | 120/196 [00:00<00:00, 281.18it/s, Materializing param=gpt_neox.layers.9.mlp.dense_4h_to_h.weight]
Loading weights:  61%|######1   | 120/196 [00:00<00:00, 281.18it/s, Materializing param=gpt_neox.layers.9.mlp.dense_4h_to_h.weight]
Loading weights:  62%|######1   | 121/196 [00:00<00:00, 281.18it/s, Materializing param=gpt_neox.layers.9.mlp.dense_h_to_4h.bias]  
Loading weights:  62%|######1   | 121/196 [00:00<00:00, 281.18it/s, Materializing param=gpt_neox.layers.9.mlp.dense_h_to_4h.bias]
Loading weights:  62%|######2   | 122/196 [00:00<00:00, 281.18it/s, Materializing param=gpt_neox.layers.9.mlp.dense_h_to_4h.weight]
Loading weights:  62%|######2   | 122/196 [00:00<00:00, 281.18it/s, Materializing param=gpt_neox.layers.9.mlp.dense_h_to_4h.weight]
Loading weights:  63%|######2   | 123/196 [00:00<00:00, 281.18it/s, Materializing param=gpt_neox.layers.9.post_attention_layernorm.bias]
Loading weights:  63%|######2   | 123/196 [00:00<00:00, 281.18it/s, Materializing param=gpt_neox.layers.9.post_attention_layernorm.bias]
Loading weights:  63%|######3   | 124/196 [00:00<00:00, 281.18it/s, Materializing param=gpt_neox.layers.9.post_attention_layernorm.weight]
Loading weights:  63%|######3   | 124/196 [00:00<00:00, 281.18it/s, Materializing param=gpt_neox.layers.9.post_attention_layernorm.weight]
Loading weights:  64%|######3   | 125/196 [00:00<00:00, 281.18it/s, Materializing param=gpt_neox.layers.10.attention.dense.bias]          
Loading weights:  64%|######3   | 125/196 [00:00<00:00, 281.18it/s, Materializing param=gpt_neox.layers.10.attention.dense.bias]
Loading weights:  64%|######4   | 126/196 [00:00<00:00, 281.18it/s, Materializing param=gpt_neox.layers.10.attention.dense.weight]
Loading weights:  64%|######4   | 126/196 [00:00<00:00, 281.18it/s, Materializing param=gpt_neox.layers.10.attention.dense.weight]
Loading weights:  65%|######4   | 127/196 [00:00<00:00, 281.18it/s, Materializing param=gpt_neox.layers.10.attention.query_key_value.bias]
Loading weights:  65%|######4   | 127/196 [00:00<00:00, 281.18it/s, Materializing param=gpt_neox.layers.10.attention.query_key_value.bias]
Loading weights:  65%|######5   | 128/196 [00:00<00:00, 281.18it/s, Materializing param=gpt_neox.layers.10.attention.query_key_value.weight]
Loading weights:  65%|######5   | 128/196 [00:00<00:00, 281.18it/s, Materializing param=gpt_neox.layers.10.attention.query_key_value.weight]
Loading weights:  66%|######5   | 129/196 [00:00<00:00, 281.18it/s, Materializing param=gpt_neox.layers.10.input_layernorm.bias]            
Loading weights:  66%|######5   | 129/196 [00:00<00:00, 281.18it/s, Materializing param=gpt_neox.layers.10.input_layernorm.bias]
Loading weights:  66%|######6   | 130/196 [00:00<00:00, 281.18it/s, Materializing param=gpt_neox.layers.10.input_layernorm.weight]
Loading weights:  66%|######6   | 130/196 [00:00<00:00, 281.18it/s, Materializing param=gpt_neox.layers.10.input_layernorm.weight]
Loading weights:  67%|######6   | 131/196 [00:00<00:00, 281.18it/s, Materializing param=gpt_neox.layers.10.mlp.dense_4h_to_h.bias]
Loading weights:  67%|######6   | 131/196 [00:00<00:00, 281.18it/s, Materializing param=gpt_neox.layers.10.mlp.dense_4h_to_h.bias]
Loading weights:  67%|######7   | 132/196 [00:00<00:00, 281.18it/s, Materializing param=gpt_neox.layers.10.mlp.dense_4h_to_h.weight]
Loading weights:  67%|######7   | 132/196 [00:00<00:00, 281.18it/s, Materializing param=gpt_neox.layers.10.mlp.dense_4h_to_h.weight]
Loading weights:  68%|######7   | 133/196 [00:00<00:00, 281.18it/s, Materializing param=gpt_neox.layers.10.mlp.dense_h_to_4h.bias]  
Loading weights:  68%|######7   | 133/196 [00:00<00:00, 281.18it/s, Materializing param=gpt_neox.layers.10.mlp.dense_h_to_4h.bias]
Loading weights:  68%|######8   | 134/196 [00:00<00:00, 281.18it/s, Materializing param=gpt_neox.layers.10.mlp.dense_h_to_4h.weight]
Loading weights:  68%|######8   | 134/196 [00:00<00:00, 281.18it/s, Materializing param=gpt_neox.layers.10.mlp.dense_h_to_4h.weight]
Loading weights:  69%|######8   | 135/196 [00:00<00:00, 281.18it/s, Materializing param=gpt_neox.layers.10.post_attention_layernorm.bias]
Loading weights:  69%|######8   | 135/196 [00:00<00:00, 281.18it/s, Materializing param=gpt_neox.layers.10.post_attention_layernorm.bias]
Loading weights:  69%|######9   | 136/196 [00:00<00:00, 281.18it/s, Materializing param=gpt_neox.layers.10.post_attention_layernorm.weight]
Loading weights:  69%|######9   | 136/196 [00:00<00:00, 281.18it/s, Materializing param=gpt_neox.layers.10.post_attention_layernorm.weight]
Loading weights:  70%|######9   | 137/196 [00:00<00:00, 281.18it/s, Materializing param=gpt_neox.layers.11.attention.dense.bias]           
Loading weights:  70%|######9   | 137/196 [00:00<00:00, 281.18it/s, Materializing param=gpt_neox.layers.11.attention.dense.bias]
Loading weights:  70%|#######   | 138/196 [00:00<00:00, 281.18it/s, Materializing param=gpt_neox.layers.11.attention.dense.weight]
Loading weights:  70%|#######   | 138/196 [00:00<00:00, 281.18it/s, Materializing param=gpt_neox.layers.11.attention.dense.weight]
Loading weights:  71%|#######   | 139/196 [00:00<00:00, 281.18it/s, Materializing param=gpt_neox.layers.11.attention.query_key_value.bias]
Loading weights:  71%|#######   | 139/196 [00:00<00:00, 281.18it/s, Materializing param=gpt_neox.layers.11.attention.query_key_value.bias]
Loading weights:  71%|#######1  | 140/196 [00:00<00:00, 281.18it/s, Materializing param=gpt_neox.layers.11.attention.query_key_value.weight]
Loading weights:  71%|#######1  | 140/196 [00:00<00:00, 281.18it/s, Materializing param=gpt_neox.layers.11.attention.query_key_value.weight]
Loading weights:  72%|#######1  | 141/196 [00:00<00:00, 281.18it/s, Materializing param=gpt_neox.layers.11.input_layernorm.bias]            
Loading weights:  72%|#######1  | 141/196 [00:00<00:00, 281.18it/s, Materializing param=gpt_neox.layers.11.input_layernorm.bias]
Loading weights:  72%|#######2  | 142/196 [00:00<00:00, 281.18it/s, Materializing param=gpt_neox.layers.11.input_layernorm.weight]
Loading weights:  72%|#######2  | 142/196 [00:00<00:00, 281.18it/s, Materializing param=gpt_neox.layers.11.input_layernorm.weight]
Loading weights:  73%|#######2  | 143/196 [00:00<00:00, 281.18it/s, Materializing param=gpt_neox.layers.11.mlp.dense_4h_to_h.bias]
Loading weights:  73%|#######2  | 143/196 [00:00<00:00, 281.18it/s, Materializing param=gpt_neox.layers.11.mlp.dense_4h_to_h.bias]
Loading weights:  73%|#######3  | 144/196 [00:00<00:00, 281.18it/s, Materializing param=gpt_neox.layers.11.mlp.dense_4h_to_h.weight]
Loading weights:  73%|#######3  | 144/196 [00:00<00:00, 281.18it/s, Materializing param=gpt_neox.layers.11.mlp.dense_4h_to_h.weight]
Loading weights:  74%|#######3  | 145/196 [00:00<00:00, 281.18it/s, Materializing param=gpt_neox.layers.11.mlp.dense_h_to_4h.bias]  
Loading weights:  74%|#######3  | 145/196 [00:00<00:00, 281.18it/s, Materializing param=gpt_neox.layers.11.mlp.dense_h_to_4h.bias]
Loading weights:  74%|#######4  | 146/196 [00:00<00:00, 281.18it/s, Materializing param=gpt_neox.layers.11.mlp.dense_h_to_4h.weight]
Loading weights:  74%|#######4  | 146/196 [00:00<00:00, 281.18it/s, Materializing param=gpt_neox.layers.11.mlp.dense_h_to_4h.weight]
Loading weights:  75%|#######5  | 147/196 [00:00<00:00, 303.38it/s, Materializing param=gpt_neox.layers.11.mlp.dense_h_to_4h.weight]
Loading weights:  75%|#######5  | 147/196 [00:00<00:00, 303.38it/s, Materializing param=gpt_neox.layers.11.post_attention_layernorm.bias]
Loading weights:  75%|#######5  | 147/196 [00:00<00:00, 303.38it/s, Materializing param=gpt_neox.layers.11.post_attention_layernorm.bias]
Loading weights:  76%|#######5  | 148/196 [00:00<00:00, 303.38it/s, Materializing param=gpt_neox.layers.11.post_attention_layernorm.weight]
Loading weights:  76%|#######5  | 148/196 [00:00<00:00, 303.38it/s, Materializing param=gpt_neox.layers.11.post_attention_layernorm.weight]
Loading weights:  76%|#######6  | 149/196 [00:00<00:00, 303.38it/s, Materializing param=gpt_neox.layers.12.attention.dense.bias]           
Loading weights:  76%|#######6  | 149/196 [00:00<00:00, 303.38it/s, Materializing param=gpt_neox.layers.12.attention.dense.bias]
Loading weights:  77%|#######6  | 150/196 [00:00<00:00, 303.38it/s, Materializing param=gpt_neox.layers.12.attention.dense.weight]
Loading weights:  77%|#######6  | 150/196 [00:00<00:00, 303.38it/s, Materializing param=gpt_neox.layers.12.attention.dense.weight]
Loading weights:  77%|#######7  | 151/196 [00:00<00:00, 303.38it/s, Materializing param=gpt_neox.layers.12.attention.query_key_value.bias]
Loading weights:  77%|#######7  | 151/196 [00:00<00:00, 303.38it/s, Materializing param=gpt_neox.layers.12.attention.query_key_value.bias]
Loading weights:  78%|#######7  | 152/196 [00:00<00:00, 303.38it/s, Materializing param=gpt_neox.layers.12.attention.query_key_value.weight]
Loading weights:  78%|#######7  | 152/196 [00:00<00:00, 303.38it/s, Materializing param=gpt_neox.layers.12.attention.query_key_value.weight]
Loading weights:  78%|#######8  | 153/196 [00:00<00:00, 303.38it/s, Materializing param=gpt_neox.layers.12.input_layernorm.bias]            
Loading weights:  78%|#######8  | 153/196 [00:00<00:00, 303.38it/s, Materializing param=gpt_neox.layers.12.input_layernorm.bias]
Loading weights:  79%|#######8  | 154/196 [00:00<00:00, 303.38it/s, Materializing param=gpt_neox.layers.12.input_layernorm.weight]
Loading weights:  79%|#######8  | 154/196 [00:00<00:00, 303.38it/s, Materializing param=gpt_neox.layers.12.input_layernorm.weight]
Loading weights:  79%|#######9  | 155/196 [00:00<00:00, 303.38it/s, Materializing param=gpt_neox.layers.12.mlp.dense_4h_to_h.bias]
Loading weights:  79%|#######9  | 155/196 [00:00<00:00, 303.38it/s, Materializing param=gpt_neox.layers.12.mlp.dense_4h_to_h.bias]
Loading weights:  80%|#######9  | 156/196 [00:00<00:00, 303.38it/s, Materializing param=gpt_neox.layers.12.mlp.dense_4h_to_h.weight]
Loading weights:  80%|#######9  | 156/196 [00:00<00:00, 303.38it/s, Materializing param=gpt_neox.layers.12.mlp.dense_4h_to_h.weight]
Loading weights:  80%|########  | 157/196 [00:00<00:00, 303.38it/s, Materializing param=gpt_neox.layers.12.mlp.dense_h_to_4h.bias]  
Loading weights:  80%|########  | 157/196 [00:00<00:00, 303.38it/s, Materializing param=gpt_neox.layers.12.mlp.dense_h_to_4h.bias]
Loading weights:  81%|########  | 158/196 [00:00<00:00, 303.38it/s, Materializing param=gpt_neox.layers.12.mlp.dense_h_to_4h.weight]
Loading weights:  81%|########  | 158/196 [00:00<00:00, 303.38it/s, Materializing param=gpt_neox.layers.12.mlp.dense_h_to_4h.weight]
Loading weights:  81%|########1 | 159/196 [00:00<00:00, 303.38it/s, Materializing param=gpt_neox.layers.12.post_attention_layernorm.bias]
Loading weights:  81%|########1 | 159/196 [00:00<00:00, 303.38it/s, Materializing param=gpt_neox.layers.12.post_attention_layernorm.bias]
Loading weights:  82%|########1 | 160/196 [00:00<00:00, 303.38it/s, Materializing param=gpt_neox.layers.12.post_attention_layernorm.weight]
Loading weights:  82%|########1 | 160/196 [00:00<00:00, 303.38it/s, Materializing param=gpt_neox.layers.12.post_attention_layernorm.weight]
Loading weights:  82%|########2 | 161/196 [00:00<00:00, 303.38it/s, Materializing param=gpt_neox.layers.13.attention.dense.bias]           
Loading weights:  82%|########2 | 161/196 [00:00<00:00, 303.38it/s, Materializing param=gpt_neox.layers.13.attention.dense.bias]
Loading weights:  83%|########2 | 162/196 [00:00<00:00, 303.38it/s, Materializing param=gpt_neox.layers.13.attention.dense.weight]
Loading weights:  83%|########2 | 162/196 [00:00<00:00, 303.38it/s, Materializing param=gpt_neox.layers.13.attention.dense.weight]
Loading weights:  83%|########3 | 163/196 [00:00<00:00, 303.38it/s, Materializing param=gpt_neox.layers.13.attention.query_key_value.bias]
Loading weights:  83%|########3 | 163/196 [00:00<00:00, 303.38it/s, Materializing param=gpt_neox.layers.13.attention.query_key_value.bias]
Loading weights:  84%|########3 | 164/196 [00:00<00:00, 303.38it/s, Materializing param=gpt_neox.layers.13.attention.query_key_value.weight]
Loading weights:  84%|########3 | 164/196 [00:00<00:00, 303.38it/s, Materializing param=gpt_neox.layers.13.attention.query_key_value.weight]
Loading weights:  84%|########4 | 165/196 [00:00<00:00, 303.38it/s, Materializing param=gpt_neox.layers.13.input_layernorm.bias]            
Loading weights:  84%|########4 | 165/196 [00:00<00:00, 303.38it/s, Materializing param=gpt_neox.layers.13.input_layernorm.bias]
Loading weights:  85%|########4 | 166/196 [00:00<00:00, 303.38it/s, Materializing param=gpt_neox.layers.13.input_layernorm.weight]
Loading weights:  85%|########4 | 166/196 [00:00<00:00, 303.38it/s, Materializing param=gpt_neox.layers.13.input_layernorm.weight]
Loading weights:  85%|########5 | 167/196 [00:00<00:00, 303.38it/s, Materializing param=gpt_neox.layers.13.mlp.dense_4h_to_h.bias]
Loading weights:  85%|########5 | 167/196 [00:00<00:00, 303.38it/s, Materializing param=gpt_neox.layers.13.mlp.dense_4h_to_h.bias]
Loading weights:  86%|########5 | 168/196 [00:00<00:00, 303.38it/s, Materializing param=gpt_neox.layers.13.mlp.dense_4h_to_h.weight]
Loading weights:  86%|########5 | 168/196 [00:00<00:00, 303.38it/s, Materializing param=gpt_neox.layers.13.mlp.dense_4h_to_h.weight]
Loading weights:  86%|########6 | 169/196 [00:00<00:00, 303.38it/s, Materializing param=gpt_neox.layers.13.mlp.dense_h_to_4h.bias]  
Loading weights:  86%|########6 | 169/196 [00:00<00:00, 303.38it/s, Materializing param=gpt_neox.layers.13.mlp.dense_h_to_4h.bias]
Loading weights:  87%|########6 | 170/196 [00:00<00:00, 303.38it/s, Materializing param=gpt_neox.layers.13.mlp.dense_h_to_4h.weight]
Loading weights:  87%|########6 | 170/196 [00:00<00:00, 303.38it/s, Materializing param=gpt_neox.layers.13.mlp.dense_h_to_4h.weight]
Loading weights:  87%|########7 | 171/196 [00:00<00:00, 303.38it/s, Materializing param=gpt_neox.layers.13.post_attention_layernorm.bias]
Loading weights:  87%|########7 | 171/196 [00:00<00:00, 303.38it/s, Materializing param=gpt_neox.layers.13.post_attention_layernorm.bias]
Loading weights:  88%|########7 | 172/196 [00:00<00:00, 303.38it/s, Materializing param=gpt_neox.layers.13.post_attention_layernorm.weight]
Loading weights:  88%|########7 | 172/196 [00:00<00:00, 303.38it/s, Materializing param=gpt_neox.layers.13.post_attention_layernorm.weight]
Loading weights:  88%|########8 | 173/196 [00:00<00:00, 303.38it/s, Materializing param=gpt_neox.layers.14.attention.dense.bias]           
Loading weights:  88%|########8 | 173/196 [00:00<00:00, 303.38it/s, Materializing param=gpt_neox.layers.14.attention.dense.bias]
Loading weights:  89%|########8 | 174/196 [00:00<00:00, 303.38it/s, Materializing param=gpt_neox.layers.14.attention.dense.weight]
Loading weights:  89%|########8 | 174/196 [00:00<00:00, 303.38it/s, Materializing param=gpt_neox.layers.14.attention.dense.weight]
Loading weights:  89%|########9 | 175/196 [00:00<00:00, 303.38it/s, Materializing param=gpt_neox.layers.14.attention.query_key_value.bias]
Loading weights:  89%|########9 | 175/196 [00:00<00:00, 303.38it/s, Materializing param=gpt_neox.layers.14.attention.query_key_value.bias]
Loading weights:  90%|########9 | 176/196 [00:00<00:00, 303.38it/s, Materializing param=gpt_neox.layers.14.attention.query_key_value.weight]
Loading weights:  90%|########9 | 176/196 [00:00<00:00, 303.38it/s, Materializing param=gpt_neox.layers.14.attention.query_key_value.weight]
Loading weights:  90%|######### | 177/196 [00:00<00:00, 303.38it/s, Materializing param=gpt_neox.layers.14.input_layernorm.bias]            
Loading weights:  90%|######### | 177/196 [00:00<00:00, 303.38it/s, Materializing param=gpt_neox.layers.14.input_layernorm.bias]
Loading weights:  91%|######### | 178/196 [00:00<00:00, 303.38it/s, Materializing param=gpt_neox.layers.14.input_layernorm.weight]
Loading weights:  91%|######### | 178/196 [00:00<00:00, 303.38it/s, Materializing param=gpt_neox.layers.14.input_layernorm.weight]
Loading weights:  91%|#########1| 179/196 [00:00<00:00, 303.38it/s, Materializing param=gpt_neox.layers.14.mlp.dense_4h_to_h.bias]
Loading weights:  91%|#########1| 179/196 [00:00<00:00, 303.38it/s, Materializing param=gpt_neox.layers.14.mlp.dense_4h_to_h.bias]
Loading weights:  92%|#########1| 180/196 [00:00<00:00, 303.38it/s, Materializing param=gpt_neox.layers.14.mlp.dense_4h_to_h.weight]
Loading weights:  92%|#########1| 180/196 [00:00<00:00, 303.38it/s, Materializing param=gpt_neox.layers.14.mlp.dense_4h_to_h.weight]
Loading weights:  92%|#########2| 181/196 [00:00<00:00, 303.38it/s, Materializing param=gpt_neox.layers.14.mlp.dense_h_to_4h.bias]  
Loading weights:  92%|#########2| 181/196 [00:00<00:00, 303.38it/s, Materializing param=gpt_neox.layers.14.mlp.dense_h_to_4h.bias]
Loading weights:  93%|#########2| 182/196 [00:00<00:00, 303.38it/s, Materializing param=gpt_neox.layers.14.mlp.dense_h_to_4h.weight]
Loading weights:  93%|#########2| 182/196 [00:00<00:00, 303.38it/s, Materializing param=gpt_neox.layers.14.mlp.dense_h_to_4h.weight]
Loading weights:  93%|#########3| 183/196 [00:00<00:00, 319.29it/s, Materializing param=gpt_neox.layers.14.mlp.dense_h_to_4h.weight]
Loading weights:  93%|#########3| 183/196 [00:00<00:00, 319.29it/s, Materializing param=gpt_neox.layers.14.post_attention_layernorm.bias]
Loading weights:  93%|#########3| 183/196 [00:00<00:00, 319.29it/s, Materializing param=gpt_neox.layers.14.post_attention_layernorm.bias]
Loading weights:  94%|#########3| 184/196 [00:00<00:00, 319.29it/s, Materializing param=gpt_neox.layers.14.post_attention_layernorm.weight]
Loading weights:  94%|#########3| 184/196 [00:00<00:00, 319.29it/s, Materializing param=gpt_neox.layers.14.post_attention_layernorm.weight]
Loading weights:  94%|#########4| 185/196 [00:00<00:00, 319.29it/s, Materializing param=gpt_neox.layers.15.attention.dense.bias]           
Loading weights:  94%|#########4| 185/196 [00:00<00:00, 319.29it/s, Materializing param=gpt_neox.layers.15.attention.dense.bias]
Loading weights:  95%|#########4| 186/196 [00:00<00:00, 319.29it/s, Materializing param=gpt_neox.layers.15.attention.dense.weight]
Loading weights:  95%|#########4| 186/196 [00:00<00:00, 319.29it/s, Materializing param=gpt_neox.layers.15.attention.dense.weight]
Loading weights:  95%|#########5| 187/196 [00:00<00:00, 319.29it/s, Materializing param=gpt_neox.layers.15.attention.query_key_value.bias]
Loading weights:  95%|#########5| 187/196 [00:00<00:00, 319.29it/s, Materializing param=gpt_neox.layers.15.attention.query_key_value.bias]
Loading weights:  96%|#########5| 188/196 [00:00<00:00, 319.29it/s, Materializing param=gpt_neox.layers.15.attention.query_key_value.weight]
Loading weights:  96%|#########5| 188/196 [00:00<00:00, 319.29it/s, Materializing param=gpt_neox.layers.15.attention.query_key_value.weight]
Loading weights:  96%|#########6| 189/196 [00:00<00:00, 319.29it/s, Materializing param=gpt_neox.layers.15.input_layernorm.bias]            
Loading weights:  96%|#########6| 189/196 [00:00<00:00, 319.29it/s, Materializing param=gpt_neox.layers.15.input_layernorm.bias]
Loading weights:  97%|#########6| 190/196 [00:00<00:00, 319.29it/s, Materializing param=gpt_neox.layers.15.input_layernorm.weight]
Loading weights:  97%|#########6| 190/196 [00:00<00:00, 319.29it/s, Materializing param=gpt_neox.layers.15.input_layernorm.weight]
Loading weights:  97%|#########7| 191/196 [00:00<00:00, 319.29it/s, Materializing param=gpt_neox.layers.15.mlp.dense_4h_to_h.bias]
Loading weights:  97%|#########7| 191/196 [00:00<00:00, 319.29it/s, Materializing param=gpt_neox.layers.15.mlp.dense_4h_to_h.bias]
Loading weights:  98%|#########7| 192/196 [00:00<00:00, 319.29it/s, Materializing param=gpt_neox.layers.15.mlp.dense_4h_to_h.weight]
Loading weights:  98%|#########7| 192/196 [00:00<00:00, 319.29it/s, Materializing param=gpt_neox.layers.15.mlp.dense_4h_to_h.weight]
Loading weights:  98%|#########8| 193/196 [00:00<00:00, 319.29it/s, Materializing param=gpt_neox.layers.15.mlp.dense_h_to_4h.bias]  
Loading weights:  98%|#########8| 193/196 [00:00<00:00, 319.29it/s, Materializing param=gpt_neox.layers.15.mlp.dense_h_to_4h.bias]
Loading weights:  99%|#########8| 194/196 [00:00<00:00, 319.29it/s, Materializing param=gpt_neox.layers.15.mlp.dense_h_to_4h.weight]
Loading weights:  99%|#########8| 194/196 [00:00<00:00, 319.29it/s, Materializing param=gpt_neox.layers.15.mlp.dense_h_to_4h.weight]
Loading weights:  99%|#########9| 195/196 [00:00<00:00, 319.29it/s, Materializing param=gpt_neox.layers.15.post_attention_layernorm.bias]
Loading weights:  99%|#########9| 195/196 [00:00<00:00, 319.29it/s, Materializing param=gpt_neox.layers.15.post_attention_layernorm.bias]
Loading weights: 100%|##########| 196/196 [00:00<00:00, 319.29it/s, Materializing param=gpt_neox.layers.15.post_attention_layernorm.weight]
Loading weights: 100%|##########| 196/196 [00:00<00:00, 319.29it/s, Materializing param=gpt_neox.layers.15.post_attention_layernorm.weight]
Loading weights: 100%|##########| 196/196 [00:00<00:00, 273.92it/s, Materializing param=gpt_neox.layers.15.post_attention_layernorm.weight]
[2026-04-22T18:37:33.129583] END self_prediction_transfer_v3 OK

[2026-04-22T18:37:33.147299] START self_recognition_nearfoil_v2: C:/Users/joshj/miniconda3/python.exe C:\Users\joshj\joseph-stroud-identity-stability-research\scripts\self_recognition_nearfoil_v2.py --config C:\Users\joshj\joseph-stroud-identity-stability-research\configs\identity_battery\self_recognition_nearfoil_v2_family_self_mediation_full.yaml

Loading weights:   0%|          | 0/196 [00:00<?, ?it/s]
Loading weights:   1%|          | 1/196 [00:00<00:00, 18558.87it/s, Materializing param=embed_out.weight]
Loading weights:   1%|          | 1/196 [00:00<00:00, 7626.01it/s, Materializing param=embed_out.weight] 
Loading weights:   1%|1         | 2/196 [00:00<00:08, 23.01it/s, Materializing param=gpt_neox.embed_in.weight]
Loading weights:   1%|1         | 2/196 [00:00<00:08, 22.97it/s, Materializing param=gpt_neox.embed_in.weight]
Loading weights:   2%|1         | 3/196 [00:00<00:09, 19.48it/s, Materializing param=gpt_neox.embed_in.weight]
Loading weights:   2%|1         | 3/196 [00:00<00:09, 19.48it/s, Materializing param=gpt_neox.final_layer_norm.bias]
Loading weights:   2%|1         | 3/196 [00:00<00:09, 19.48it/s, Materializing param=gpt_neox.final_layer_norm.bias]
Loading weights:   2%|2         | 4/196 [00:00<00:09, 19.48it/s, Materializing param=gpt_neox.final_layer_norm.weight]
Loading weights:   2%|2         | 4/196 [00:00<00:09, 19.48it/s, Materializing param=gpt_neox.final_layer_norm.weight]
Loading weights:   3%|2         | 5/196 [00:00<00:09, 19.48it/s, Materializing param=gpt_neox.layers.0.attention.dense.bias]
Loading weights:   3%|2         | 5/196 [00:00<00:09, 19.48it/s, Materializing param=gpt_neox.layers.0.attention.dense.bias]
Loading weights:   3%|3         | 6/196 [00:00<00:09, 19.48it/s, Materializing param=gpt_neox.layers.0.attention.dense.weight]
Loading weights:   3%|3         | 6/196 [00:00<00:09, 19.48it/s, Materializing param=gpt_neox.layers.0.attention.dense.weight]
Loading weights:   4%|3         | 7/196 [00:00<00:09, 19.48it/s, Materializing param=gpt_neox.layers.0.attention.query_key_value.bias]
Loading weights:   4%|3         | 7/196 [00:00<00:09, 19.48it/s, Materializing param=gpt_neox.layers.0.attention.query_key_value.bias]
Loading weights:   4%|4         | 8/196 [00:00<00:09, 19.48it/s, Materializing param=gpt_neox.layers.0.attention.query_key_value.weight]
Loading weights:   4%|4         | 8/196 [00:00<00:09, 19.48it/s, Materializing param=gpt_neox.layers.0.attention.query_key_value.weight]
Loading weights:   5%|4         | 9/196 [00:00<00:09, 19.48it/s, Materializing param=gpt_neox.layers.0.input_layernorm.bias]            
Loading weights:   5%|4         | 9/196 [00:00<00:09, 19.48it/s, Materializing param=gpt_neox.layers.0.input_layernorm.bias]
Loading weights:   5%|5         | 10/196 [00:00<00:09, 19.48it/s, Materializing param=gpt_neox.layers.0.input_layernorm.weight]
Loading weights:   5%|5         | 10/196 [00:00<00:09, 19.48it/s, Materializing param=gpt_neox.layers.0.input_layernorm.weight]
Loading weights:   6%|5         | 11/196 [00:00<00:09, 19.48it/s, Materializing param=gpt_neox.layers.0.mlp.dense_4h_to_h.bias]
Loading weights:   6%|5         | 11/196 [00:00<00:09, 19.48it/s, Materializing param=gpt_neox.layers.0.mlp.dense_4h_to_h.bias]
Loading weights:   6%|6         | 12/196 [00:00<00:09, 19.48it/s, Materializing param=gpt_neox.layers.0.mlp.dense_4h_to_h.weight]
Loading weights:   6%|6         | 12/196 [00:00<00:09, 19.48it/s, Materializing param=gpt_neox.layers.0.mlp.dense_4h_to_h.weight]
Loading weights:   7%|6         | 13/196 [00:00<00:09, 19.48it/s, Materializing param=gpt_neox.layers.0.mlp.dense_h_to_4h.bias]  
Loading weights:   7%|6         | 13/196 [00:00<00:09, 19.48it/s, Materializing param=gpt_neox.layers.0.mlp.dense_h_to_4h.bias]
Loading weights:   7%|7         | 14/196 [00:00<00:09, 19.48it/s, Materializing param=gpt_neox.layers.0.mlp.dense_h_to_4h.weight]
Loading weights:   7%|7         | 14/196 [00:00<00:09, 19.48it/s, Materializing param=gpt_neox.layers.0.mlp.dense_h_to_4h.weight]
Loading weights:   8%|7         | 15/196 [00:00<00:09, 19.48it/s, Materializing param=gpt_neox.layers.0.post_attention_layernorm.bias]
Loading weights:   8%|7         | 15/196 [00:00<00:09, 19.48it/s, Materializing param=gpt_neox.layers.0.post_attention_layernorm.bias]
Loading weights:   8%|8         | 16/196 [00:00<00:09, 19.48it/s, Materializing param=gpt_neox.layers.0.post_attention_layernorm.weight]
Loading weights:   8%|8         | 16/196 [00:00<00:09, 19.48it/s, Materializing param=gpt_neox.layers.0.post_attention_layernorm.weight]
Loading weights:   9%|8         | 17/196 [00:00<00:09, 19.48it/s, Materializing param=gpt_neox.layers.1.attention.dense.bias]           
Loading weights:   9%|8         | 17/196 [00:00<00:09, 19.48it/s, Materializing param=gpt_neox.layers.1.attention.dense.bias]
Loading weights:   9%|9         | 18/196 [00:00<00:09, 19.48it/s, Materializing param=gpt_neox.layers.1.attention.dense.weight]
Loading weights:   9%|9         | 18/196 [00:00<00:09, 19.48it/s, Materializing param=gpt_neox.layers.1.attention.dense.weight]
Loading weights:  10%|9         | 19/196 [00:00<00:09, 19.48it/s, Materializing param=gpt_neox.layers.1.attention.query_key_value.bias]
Loading weights:  10%|9         | 19/196 [00:00<00:09, 19.48it/s, Materializing param=gpt_neox.layers.1.attention.query_key_value.bias]
Loading weights:  10%|#         | 20/196 [00:00<00:09, 19.48it/s, Materializing param=gpt_neox.layers.1.attention.query_key_value.weight]
Loading weights:  10%|#         | 20/196 [00:00<00:09, 19.48it/s, Materializing param=gpt_neox.layers.1.attention.query_key_value.weight]
Loading weights:  11%|#         | 21/196 [00:00<00:08, 19.48it/s, Materializing param=gpt_neox.layers.1.input_layernorm.bias]            
Loading weights:  11%|#         | 21/196 [00:00<00:08, 19.48it/s, Materializing param=gpt_neox.layers.1.input_layernorm.bias]
Loading weights:  11%|#1        | 22/196 [00:00<00:08, 19.48it/s, Materializing param=gpt_neox.layers.1.input_layernorm.weight]
Loading weights:  11%|#1        | 22/196 [00:00<00:08, 19.48it/s, Materializing param=gpt_neox.layers.1.input_layernorm.weight]
Loading weights:  12%|#1        | 23/196 [00:00<00:08, 19.48it/s, Materializing param=gpt_neox.layers.1.mlp.dense_4h_to_h.bias]
Loading weights:  12%|#1        | 23/196 [00:00<00:08, 19.48it/s, Materializing param=gpt_neox.layers.1.mlp.dense_4h_to_h.bias]
Loading weights:  12%|#2        | 24/196 [00:00<00:08, 19.48it/s, Materializing param=gpt_neox.layers.1.mlp.dense_4h_to_h.weight]
Loading weights:  12%|#2        | 24/196 [00:00<00:08, 19.48it/s, Materializing param=gpt_neox.layers.1.mlp.dense_4h_to_h.weight]
Loading weights:  13%|#2        | 25/196 [00:00<00:08, 19.48it/s, Materializing param=gpt_neox.layers.1.mlp.dense_h_to_4h.bias]  
Loading weights:  13%|#2        | 25/196 [00:00<00:08, 19.48it/s, Materializing param=gpt_neox.layers.1.mlp.dense_h_to_4h.bias]
Loading weights:  13%|#3        | 26/196 [00:00<00:08, 19.48it/s, Materializing param=gpt_neox.layers.1.mlp.dense_h_to_4h.weight]
Loading weights:  13%|#3        | 26/196 [00:00<00:08, 19.48it/s, Materializing param=gpt_neox.layers.1.mlp.dense_h_to_4h.weight]
Loading weights:  14%|#3        | 27/196 [00:00<00:08, 19.48it/s, Materializing param=gpt_neox.layers.1.post_attention_layernorm.bias]
Loading weights:  14%|#3        | 27/196 [00:00<00:08, 19.48it/s, Materializing param=gpt_neox.layers.1.post_attention_layernorm.bias]
Loading weights:  14%|#4        | 28/196 [00:00<00:08, 19.48it/s, Materializing param=gpt_neox.layers.1.post_attention_layernorm.weight]
Loading weights:  14%|#4        | 28/196 [00:00<00:08, 19.48it/s, Materializing param=gpt_neox.layers.1.post_attention_layernorm.weight]
Loading weights:  15%|#4        | 29/196 [00:00<00:08, 19.48it/s, Materializing param=gpt_neox.layers.2.attention.dense.bias]           
Loading weights:  15%|#4        | 29/196 [00:00<00:08, 19.48it/s, Materializing param=gpt_neox.layers.2.attention.dense.bias]
Loading weights:  15%|#5        | 30/196 [00:00<00:08, 19.48it/s, Materializing param=gpt_neox.layers.2.attention.dense.weight]
Loading weights:  15%|#5        | 30/196 [00:00<00:08, 19.48it/s, Materializing param=gpt_neox.layers.2.attention.dense.weight]
Loading weights:  16%|#5        | 31/196 [00:00<00:08, 19.48it/s, Materializing param=gpt_neox.layers.2.attention.query_key_value.bias]
Loading weights:  16%|#5        | 31/196 [00:00<00:08, 19.48it/s, Materializing param=gpt_neox.layers.2.attention.query_key_value.bias]
Loading weights:  16%|#6        | 32/196 [00:00<00:08, 19.48it/s, Materializing param=gpt_neox.layers.2.attention.query_key_value.weight]
Loading weights:  16%|#6        | 32/196 [00:00<00:08, 19.48it/s, Materializing param=gpt_neox.layers.2.attention.query_key_value.weight]
Loading weights:  17%|#6        | 33/196 [00:00<00:08, 19.48it/s, Materializing param=gpt_neox.layers.2.input_layernorm.bias]            
Loading weights:  17%|#6        | 33/196 [00:00<00:08, 19.48it/s, Materializing param=gpt_neox.layers.2.input_layernorm.bias]
Loading weights:  17%|#7        | 34/196 [00:00<00:08, 19.48it/s, Materializing param=gpt_neox.layers.2.input_layernorm.weight]
Loading weights:  17%|#7        | 34/196 [00:00<00:08, 19.48it/s, Materializing param=gpt_neox.layers.2.input_layernorm.weight]
Loading weights:  18%|#7        | 35/196 [00:00<00:08, 19.48it/s, Materializing param=gpt_neox.layers.2.mlp.dense_4h_to_h.bias]
Loading weights:  18%|#7        | 35/196 [00:00<00:08, 19.48it/s, Materializing param=gpt_neox.layers.2.mlp.dense_4h_to_h.bias]
Loading weights:  18%|#8        | 36/196 [00:00<00:08, 19.48it/s, Materializing param=gpt_neox.layers.2.mlp.dense_4h_to_h.weight]
Loading weights:  18%|#8        | 36/196 [00:00<00:08, 19.48it/s, Materializing param=gpt_neox.layers.2.mlp.dense_4h_to_h.weight]
Loading weights:  19%|#8        | 37/196 [00:00<00:08, 19.48it/s, Materializing param=gpt_neox.layers.2.mlp.dense_h_to_4h.bias]  
Loading weights:  19%|#8        | 37/196 [00:00<00:08, 19.48it/s, Materializing param=gpt_neox.layers.2.mlp.dense_h_to_4h.bias]
Loading weights:  19%|#9        | 38/196 [00:00<00:08, 19.48it/s, Materializing param=gpt_neox.layers.2.mlp.dense_h_to_4h.weight]
Loading weights:  19%|#9        | 38/196 [00:00<00:08, 19.48it/s, Materializing param=gpt_neox.layers.2.mlp.dense_h_to_4h.weight]
Loading weights:  20%|#9        | 39/196 [00:00<00:08, 19.48it/s, Materializing param=gpt_neox.layers.2.post_attention_layernorm.bias]
Loading weights:  20%|#9        | 39/196 [00:00<00:08, 19.48it/s, Materializing param=gpt_neox.layers.2.post_attention_layernorm.bias]
Loading weights:  20%|##        | 40/196 [00:00<00:08, 19.48it/s, Materializing param=gpt_neox.layers.2.post_attention_layernorm.weight]
Loading weights:  20%|##        | 40/196 [00:00<00:08, 19.48it/s, Materializing param=gpt_neox.layers.2.post_attention_layernorm.weight]
Loading weights:  21%|##        | 41/196 [00:00<00:07, 19.48it/s, Materializing param=gpt_neox.layers.3.attention.dense.bias]           
Loading weights:  21%|##        | 41/196 [00:00<00:07, 19.48it/s, Materializing param=gpt_neox.layers.3.attention.dense.bias]
Loading weights:  21%|##1       | 42/196 [00:00<00:07, 19.48it/s, Materializing param=gpt_neox.layers.3.attention.dense.weight]
Loading weights:  21%|##1       | 42/196 [00:00<00:07, 19.48it/s, Materializing param=gpt_neox.layers.3.attention.dense.weight]
Loading weights:  22%|##1       | 43/196 [00:00<00:07, 19.48it/s, Materializing param=gpt_neox.layers.3.attention.query_key_value.bias]
Loading weights:  22%|##1       | 43/196 [00:00<00:07, 19.48it/s, Materializing param=gpt_neox.layers.3.attention.query_key_value.bias]
Loading weights:  22%|##2       | 44/196 [00:00<00:07, 19.48it/s, Materializing param=gpt_neox.layers.3.attention.query_key_value.weight]
Loading weights:  22%|##2       | 44/196 [00:00<00:07, 19.48it/s, Materializing param=gpt_neox.layers.3.attention.query_key_value.weight]
Loading weights:  23%|##2       | 45/196 [00:00<00:00, 205.91it/s, Materializing param=gpt_neox.layers.3.attention.query_key_value.weight]
Loading weights:  23%|##2       | 45/196 [00:00<00:00, 205.91it/s, Materializing param=gpt_neox.layers.3.input_layernorm.bias]            
Loading weights:  23%|##2       | 45/196 [00:00<00:00, 205.91it/s, Materializing param=gpt_neox.layers.3.input_layernorm.bias]
Loading weights:  23%|##3       | 46/196 [00:00<00:00, 205.91it/s, Materializing param=gpt_neox.layers.3.input_layernorm.weight]
Loading weights:  23%|##3       | 46/196 [00:00<00:00, 205.91it/s, Materializing param=gpt_neox.layers.3.input_layernorm.weight]
Loading weights:  24%|##3       | 47/196 [00:00<00:00, 205.91it/s, Materializing param=gpt_neox.layers.3.mlp.dense_4h_to_h.bias]
Loading weights:  24%|##3       | 47/196 [00:00<00:00, 205.91it/s, Materializing param=gpt_neox.layers.3.mlp.dense_4h_to_h.bias]
Loading weights:  24%|##4       | 48/196 [00:00<00:00, 205.91it/s, Materializing param=gpt_neox.layers.3.mlp.dense_4h_to_h.weight]
Loading weights:  24%|##4       | 48/196 [00:00<00:00, 205.91it/s, Materializing param=gpt_neox.layers.3.mlp.dense_4h_to_h.weight]
Loading weights:  25%|##5       | 49/196 [00:00<00:00, 205.91it/s, Materializing param=gpt_neox.layers.3.mlp.dense_h_to_4h.bias]  
Loading weights:  25%|##5       | 49/196 [00:00<00:00, 205.91it/s, Materializing param=gpt_neox.layers.3.mlp.dense_h_to_4h.bias]
Loading weights:  26%|##5       | 50/196 [00:00<00:00, 205.91it/s, Materializing param=gpt_neox.layers.3.mlp.dense_h_to_4h.weight]
Loading weights:  26%|##5       | 50/196 [00:00<00:00, 205.91it/s, Materializing param=gpt_neox.layers.3.mlp.dense_h_to_4h.weight]
Loading weights:  26%|##6       | 51/196 [00:00<00:00, 205.91it/s, Materializing param=gpt_neox.layers.3.post_attention_layernorm.bias]
Loading weights:  26%|##6       | 51/196 [00:00<00:00, 205.91it/s, Materializing param=gpt_neox.layers.3.post_attention_layernorm.bias]
Loading weights:  27%|##6       | 52/196 [00:00<00:00, 205.91it/s, Materializing param=gpt_neox.layers.3.post_attention_layernorm.weight]
Loading weights:  27%|##6       | 52/196 [00:00<00:00, 205.91it/s, Materializing param=gpt_neox.layers.3.post_attention_layernorm.weight]
Loading weights:  27%|##7       | 53/196 [00:00<00:00, 205.91it/s, Materializing param=gpt_neox.layers.4.attention.dense.bias]           
Loading weights:  27%|##7       | 53/196 [00:00<00:00, 205.91it/s, Materializing param=gpt_neox.layers.4.attention.dense.bias]
Loading weights:  28%|##7       | 54/196 [00:00<00:00, 205.91it/s, Materializing param=gpt_neox.layers.4.attention.dense.weight]
Loading weights:  28%|##7       | 54/196 [00:00<00:00, 205.91it/s, Materializing param=gpt_neox.layers.4.attention.dense.weight]
Loading weights:  28%|##8       | 55/196 [00:00<00:00, 205.91it/s, Materializing param=gpt_neox.layers.4.attention.query_key_value.bias]
Loading weights:  28%|##8       | 55/196 [00:00<00:00, 205.91it/s, Materializing param=gpt_neox.layers.4.attention.query_key_value.bias]
Loading weights:  29%|##8       | 56/196 [00:00<00:00, 205.91it/s, Materializing param=gpt_neox.layers.4.attention.query_key_value.weight]
Loading weights:  29%|##8       | 56/196 [00:00<00:00, 205.91it/s, Materializing param=gpt_neox.layers.4.attention.query_key_value.weight]
Loading weights:  29%|##9       | 57/196 [00:00<00:00, 205.91it/s, Materializing param=gpt_neox.layers.4.input_layernorm.bias]            
Loading weights:  29%|##9       | 57/196 [00:00<00:00, 205.91it/s, Materializing param=gpt_neox.layers.4.input_layernorm.bias]
Loading weights:  30%|##9       | 58/196 [00:00<00:00, 205.91it/s, Materializing param=gpt_neox.layers.4.input_layernorm.weight]
Loading weights:  30%|##9       | 58/196 [00:00<00:00, 205.91it/s, Materializing param=gpt_neox.layers.4.input_layernorm.weight]
Loading weights:  30%|###       | 59/196 [00:00<00:00, 205.91it/s, Materializing param=gpt_neox.layers.4.mlp.dense_4h_to_h.bias]
Loading weights:  30%|###       | 59/196 [00:00<00:00, 205.91it/s, Materializing param=gpt_neox.layers.4.mlp.dense_4h_to_h.bias]
Loading weights:  31%|###       | 60/196 [00:00<00:00, 205.91it/s, Materializing param=gpt_neox.layers.4.mlp.dense_4h_to_h.weight]
Loading weights:  31%|###       | 60/196 [00:00<00:00, 205.91it/s, Materializing param=gpt_neox.layers.4.mlp.dense_4h_to_h.weight]
Loading weights:  31%|###1      | 61/196 [00:00<00:00, 205.91it/s, Materializing param=gpt_neox.layers.4.mlp.dense_h_to_4h.bias]  
Loading weights:  31%|###1      | 61/196 [00:00<00:00, 205.91it/s, Materializing param=gpt_neox.layers.4.mlp.dense_h_to_4h.bias]
Loading weights:  32%|###1      | 62/196 [00:00<00:00, 205.91it/s, Materializing param=gpt_neox.layers.4.mlp.dense_h_to_4h.weight]
Loading weights:  32%|###1      | 62/196 [00:00<00:00, 205.91it/s, Materializing param=gpt_neox.layers.4.mlp.dense_h_to_4h.weight]
Loading weights:  32%|###2      | 63/196 [00:00<00:00, 205.91it/s, Materializing param=gpt_neox.layers.4.post_attention_layernorm.bias]
Loading weights:  32%|###2      | 63/196 [00:00<00:00, 205.91it/s, Materializing param=gpt_neox.layers.4.post_attention_layernorm.bias]
Loading weights:  33%|###2      | 64/196 [00:00<00:00, 205.91it/s, Materializing param=gpt_neox.layers.4.post_attention_layernorm.weight]
Loading weights:  33%|###2      | 64/196 [00:00<00:00, 205.91it/s, Materializing param=gpt_neox.layers.4.post_attention_layernorm.weight]
Loading weights:  33%|###3      | 65/196 [00:00<00:00, 205.91it/s, Materializing param=gpt_neox.layers.5.attention.dense.bias]           
Loading weights:  33%|###3      | 65/196 [00:00<00:00, 205.91it/s, Materializing param=gpt_neox.layers.5.attention.dense.bias]
Loading weights:  34%|###3      | 66/196 [00:00<00:00, 205.91it/s, Materializing param=gpt_neox.layers.5.attention.dense.weight]
Loading weights:  34%|###3      | 66/196 [00:00<00:00, 205.91it/s, Materializing param=gpt_neox.layers.5.attention.dense.weight]
Loading weights:  34%|###4      | 67/196 [00:00<00:00, 205.91it/s, Materializing param=gpt_neox.layers.5.attention.query_key_value.bias]
Loading weights:  34%|###4      | 67/196 [00:00<00:00, 205.91it/s, Materializing param=gpt_neox.layers.5.attention.query_key_value.bias]
Loading weights:  35%|###4      | 68/196 [00:00<00:00, 205.91it/s, Materializing param=gpt_neox.layers.5.attention.query_key_value.weight]
Loading weights:  35%|###4      | 68/196 [00:00<00:00, 205.91it/s, Materializing param=gpt_neox.layers.5.attention.query_key_value.weight]
Loading weights:  35%|###5      | 69/196 [00:00<00:00, 205.91it/s, Materializing param=gpt_neox.layers.5.input_layernorm.bias]            
Loading weights:  35%|###5      | 69/196 [00:00<00:00, 205.91it/s, Materializing param=gpt_neox.layers.5.input_layernorm.bias]
Loading weights:  36%|###5      | 70/196 [00:00<00:00, 205.91it/s, Materializing param=gpt_neox.layers.5.input_layernorm.weight]
Loading weights:  36%|###5      | 70/196 [00:00<00:00, 205.91it/s, Materializing param=gpt_neox.layers.5.input_layernorm.weight]
Loading weights:  36%|###6      | 71/196 [00:00<00:00, 205.91it/s, Materializing param=gpt_neox.layers.5.mlp.dense_4h_to_h.bias]
Loading weights:  36%|###6      | 71/196 [00:00<00:00, 205.91it/s, Materializing param=gpt_neox.layers.5.mlp.dense_4h_to_h.bias]
Loading weights:  37%|###6      | 72/196 [00:00<00:00, 205.91it/s, Materializing param=gpt_neox.layers.5.mlp.dense_4h_to_h.weight]
Loading weights:  37%|###6      | 72/196 [00:00<00:00, 205.91it/s, Materializing param=gpt_neox.layers.5.mlp.dense_4h_to_h.weight]
Loading weights:  37%|###7      | 73/196 [00:00<00:00, 205.91it/s, Materializing param=gpt_neox.layers.5.mlp.dense_h_to_4h.bias]  
Loading weights:  37%|###7      | 73/196 [00:00<00:00, 205.91it/s, Materializing param=gpt_neox.layers.5.mlp.dense_h_to_4h.bias]
Loading weights:  38%|###7      | 74/196 [00:00<00:00, 205.91it/s, Materializing param=gpt_neox.layers.5.mlp.dense_h_to_4h.weight]
Loading weights:  38%|###7      | 74/196 [00:00<00:00, 205.91it/s, Materializing param=gpt_neox.layers.5.mlp.dense_h_to_4h.weight]
Loading weights:  38%|###8      | 75/196 [00:00<00:00, 205.91it/s, Materializing param=gpt_neox.layers.5.post_attention_layernorm.bias]
Loading weights:  38%|###8      | 75/196 [00:00<00:00, 205.91it/s, Materializing param=gpt_neox.layers.5.post_attention_layernorm.bias]
Loading weights:  39%|###8      | 76/196 [00:00<00:00, 205.91it/s, Materializing param=gpt_neox.layers.5.post_attention_layernorm.weight]
Loading weights:  39%|###8      | 76/196 [00:00<00:00, 205.91it/s, Materializing param=gpt_neox.layers.5.post_attention_layernorm.weight]
Loading weights:  39%|###9      | 77/196 [00:00<00:00, 205.91it/s, Materializing param=gpt_neox.layers.6.attention.dense.bias]           
Loading weights:  39%|###9      | 77/196 [00:00<00:00, 205.91it/s, Materializing param=gpt_neox.layers.6.attention.dense.bias]
Loading weights:  40%|###9      | 78/196 [00:00<00:00, 205.91it/s, Materializing param=gpt_neox.layers.6.attention.dense.weight]
Loading weights:  40%|###9      | 78/196 [00:00<00:00, 205.91it/s, Materializing param=gpt_neox.layers.6.attention.dense.weight]
Loading weights:  40%|####      | 79/196 [00:00<00:00, 205.91it/s, Materializing param=gpt_neox.layers.6.attention.query_key_value.bias]
Loading weights:  40%|####      | 79/196 [00:00<00:00, 205.91it/s, Materializing param=gpt_neox.layers.6.attention.query_key_value.bias]
Loading weights:  41%|####      | 80/196 [00:00<00:00, 205.91it/s, Materializing param=gpt_neox.layers.6.attention.query_key_value.weight]
Loading weights:  41%|####      | 80/196 [00:00<00:00, 205.91it/s, Materializing param=gpt_neox.layers.6.attention.query_key_value.weight]
Loading weights:  41%|####1     | 81/196 [00:00<00:00, 205.91it/s, Materializing param=gpt_neox.layers.6.input_layernorm.bias]            
Loading weights:  41%|####1     | 81/196 [00:00<00:00, 205.91it/s, Materializing param=gpt_neox.layers.6.input_layernorm.bias]
Loading weights:  42%|####1     | 82/196 [00:00<00:00, 205.91it/s, Materializing param=gpt_neox.layers.6.input_layernorm.weight]
Loading weights:  42%|####1     | 82/196 [00:00<00:00, 205.91it/s, Materializing param=gpt_neox.layers.6.input_layernorm.weight]
Loading weights:  42%|####2     | 83/196 [00:00<00:00, 205.91it/s, Materializing param=gpt_neox.layers.6.mlp.dense_4h_to_h.bias]
Loading weights:  42%|####2     | 83/196 [00:00<00:00, 205.91it/s, Materializing param=gpt_neox.layers.6.mlp.dense_4h_to_h.bias]
Loading weights:  43%|####2     | 84/196 [00:00<00:00, 205.91it/s, Materializing param=gpt_neox.layers.6.mlp.dense_4h_to_h.weight]
Loading weights:  43%|####2     | 84/196 [00:00<00:00, 205.91it/s, Materializing param=gpt_neox.layers.6.mlp.dense_4h_to_h.weight]
Loading weights:  43%|####3     | 85/196 [00:00<00:00, 266.59it/s, Materializing param=gpt_neox.layers.6.mlp.dense_4h_to_h.weight]
Loading weights:  43%|####3     | 85/196 [00:00<00:00, 266.59it/s, Materializing param=gpt_neox.layers.6.mlp.dense_h_to_4h.bias]  
Loading weights:  43%|####3     | 85/196 [00:00<00:00, 266.59it/s, Materializing param=gpt_neox.layers.6.mlp.dense_h_to_4h.bias]
Loading weights:  44%|####3     | 86/196 [00:00<00:00, 266.59it/s, Materializing param=gpt_neox.layers.6.mlp.dense_h_to_4h.weight]
Loading weights:  44%|####3     | 86/196 [00:00<00:00, 266.59it/s, Materializing param=gpt_neox.layers.6.mlp.dense_h_to_4h.weight]
Loading weights:  44%|####4     | 87/196 [00:00<00:00, 266.59it/s, Materializing param=gpt_neox.layers.6.post_attention_layernorm.bias]
Loading weights:  44%|####4     | 87/196 [00:00<00:00, 266.59it/s, Materializing param=gpt_neox.layers.6.post_attention_layernorm.bias]
Loading weights:  45%|####4     | 88/196 [00:00<00:00, 266.59it/s, Materializing param=gpt_neox.layers.6.post_attention_layernorm.weight]
Loading weights:  45%|####4     | 88/196 [00:00<00:00, 266.59it/s, Materializing param=gpt_neox.layers.6.post_attention_layernorm.weight]
Loading weights:  45%|####5     | 89/196 [00:00<00:00, 266.59it/s, Materializing param=gpt_neox.layers.7.attention.dense.bias]           
Loading weights:  45%|####5     | 89/196 [00:00<00:00, 266.59it/s, Materializing param=gpt_neox.layers.7.attention.dense.bias]
Loading weights:  46%|####5     | 90/196 [00:00<00:00, 266.59it/s, Materializing param=gpt_neox.layers.7.attention.dense.weight]
Loading weights:  46%|####5     | 90/196 [00:00<00:00, 266.59it/s, Materializing param=gpt_neox.layers.7.attention.dense.weight]
Loading weights:  46%|####6     | 91/196 [00:00<00:00, 266.59it/s, Materializing param=gpt_neox.layers.7.attention.query_key_value.bias]
Loading weights:  46%|####6     | 91/196 [00:00<00:00, 266.59it/s, Materializing param=gpt_neox.layers.7.attention.query_key_value.bias]
Loading weights:  47%|####6     | 92/196 [00:00<00:00, 266.59it/s, Materializing param=gpt_neox.layers.7.attention.query_key_value.weight]
Loading weights:  47%|####6     | 92/196 [00:00<00:00, 266.59it/s, Materializing param=gpt_neox.layers.7.attention.query_key_value.weight]
Loading weights:  47%|####7     | 93/196 [00:00<00:00, 266.59it/s, Materializing param=gpt_neox.layers.7.input_layernorm.bias]            
Loading weights:  47%|####7     | 93/196 [00:00<00:00, 266.59it/s, Materializing param=gpt_neox.layers.7.input_layernorm.bias]
Loading weights:  48%|####7     | 94/196 [00:00<00:00, 266.59it/s, Materializing param=gpt_neox.layers.7.input_layernorm.weight]
Loading weights:  48%|####7     | 94/196 [00:00<00:00, 266.59it/s, Materializing param=gpt_neox.layers.7.input_layernorm.weight]
Loading weights:  48%|####8     | 95/196 [00:00<00:00, 266.59it/s, Materializing param=gpt_neox.layers.7.mlp.dense_4h_to_h.bias]
Loading weights:  48%|####8     | 95/196 [00:00<00:00, 266.59it/s, Materializing param=gpt_neox.layers.7.mlp.dense_4h_to_h.bias]
Loading weights:  49%|####8     | 96/196 [00:00<00:00, 266.59it/s, Materializing param=gpt_neox.layers.7.mlp.dense_4h_to_h.weight]
Loading weights:  49%|####8     | 96/196 [00:00<00:00, 266.59it/s, Materializing param=gpt_neox.layers.7.mlp.dense_4h_to_h.weight]
Loading weights:  49%|####9     | 97/196 [00:00<00:00, 266.59it/s, Materializing param=gpt_neox.layers.7.mlp.dense_h_to_4h.bias]  
Loading weights:  49%|####9     | 97/196 [00:00<00:00, 266.59it/s, Materializing param=gpt_neox.layers.7.mlp.dense_h_to_4h.bias]
Loading weights:  50%|#####     | 98/196 [00:00<00:00, 266.59it/s, Materializing param=gpt_neox.layers.7.mlp.dense_h_to_4h.weight]
Loading weights:  50%|#####     | 98/196 [00:00<00:00, 266.59it/s, Materializing param=gpt_neox.layers.7.mlp.dense_h_to_4h.weight]
Loading weights:  51%|#####     | 99/196 [00:00<00:00, 266.59it/s, Materializing param=gpt_neox.layers.7.post_attention_layernorm.bias]
Loading weights:  51%|#####     | 99/196 [00:00<00:00, 266.59it/s, Materializing param=gpt_neox.layers.7.post_attention_layernorm.bias]
Loading weights:  51%|#####1    | 100/196 [00:00<00:00, 266.59it/s, Materializing param=gpt_neox.layers.7.post_attention_layernorm.weight]
Loading weights:  51%|#####1    | 100/196 [00:00<00:00, 266.59it/s, Materializing param=gpt_neox.layers.7.post_attention_layernorm.weight]
Loading weights:  52%|#####1    | 101/196 [00:00<00:00, 266.59it/s, Materializing param=gpt_neox.layers.8.attention.dense.bias]           
Loading weights:  52%|#####1    | 101/196 [00:00<00:00, 266.59it/s, Materializing param=gpt_neox.layers.8.attention.dense.bias]
Loading weights:  52%|#####2    | 102/196 [00:00<00:00, 266.59it/s, Materializing param=gpt_neox.layers.8.attention.dense.weight]
Loading weights:  52%|#####2    | 102/196 [00:00<00:00, 266.59it/s, Materializing param=gpt_neox.layers.8.attention.dense.weight]
Loading weights:  53%|#####2    | 103/196 [00:00<00:00, 266.59it/s, Materializing param=gpt_neox.layers.8.attention.query_key_value.bias]
Loading weights:  53%|#####2    | 103/196 [00:00<00:00, 266.59it/s, Materializing param=gpt_neox.layers.8.attention.query_key_value.bias]
Loading weights:  53%|#####3    | 104/196 [00:00<00:00, 266.59it/s, Materializing param=gpt_neox.layers.8.attention.query_key_value.weight]
Loading weights:  53%|#####3    | 104/196 [00:00<00:00, 266.59it/s, Materializing param=gpt_neox.layers.8.attention.query_key_value.weight]
Loading weights:  54%|#####3    | 105/196 [00:00<00:00, 266.59it/s, Materializing param=gpt_neox.layers.8.input_layernorm.bias]            
Loading weights:  54%|#####3    | 105/196 [00:00<00:00, 266.59it/s, Materializing param=gpt_neox.layers.8.input_layernorm.bias]
Loading weights:  54%|#####4    | 106/196 [00:00<00:00, 266.59it/s, Materializing param=gpt_neox.layers.8.input_layernorm.weight]
Loading weights:  54%|#####4    | 106/196 [00:00<00:00, 266.59it/s, Materializing param=gpt_neox.layers.8.input_layernorm.weight]
Loading weights:  55%|#####4    | 107/196 [00:00<00:00, 266.59it/s, Materializing param=gpt_neox.layers.8.mlp.dense_4h_to_h.bias]
Loading weights:  55%|#####4    | 107/196 [00:00<00:00, 266.59it/s, Materializing param=gpt_neox.layers.8.mlp.dense_4h_to_h.bias]
Loading weights:  55%|#####5    | 108/196 [00:00<00:00, 266.59it/s, Materializing param=gpt_neox.layers.8.mlp.dense_4h_to_h.weight]
Loading weights:  55%|#####5    | 108/196 [00:00<00:00, 266.59it/s, Materializing param=gpt_neox.layers.8.mlp.dense_4h_to_h.weight]
Loading weights:  56%|#####5    | 109/196 [00:00<00:00, 266.59it/s, Materializing param=gpt_neox.layers.8.mlp.dense_h_to_4h.bias]  
Loading weights:  56%|#####5    | 109/196 [00:00<00:00, 266.59it/s, Materializing param=gpt_neox.layers.8.mlp.dense_h_to_4h.bias]
Loading weights:  56%|#####6    | 110/196 [00:00<00:00, 266.59it/s, Materializing param=gpt_neox.layers.8.mlp.dense_h_to_4h.weight]
Loading weights:  56%|#####6    | 110/196 [00:00<00:00, 266.59it/s, Materializing param=gpt_neox.layers.8.mlp.dense_h_to_4h.weight]
Loading weights:  57%|#####6    | 111/196 [00:00<00:00, 266.59it/s, Materializing param=gpt_neox.layers.8.post_attention_layernorm.bias]
Loading weights:  57%|#####6    | 111/196 [00:00<00:00, 266.59it/s, Materializing param=gpt_neox.layers.8.post_attention_layernorm.bias]
Loading weights:  57%|#####7    | 112/196 [00:00<00:00, 266.59it/s, Materializing param=gpt_neox.layers.8.post_attention_layernorm.weight]
Loading weights:  57%|#####7    | 112/196 [00:00<00:00, 266.59it/s, Materializing param=gpt_neox.layers.8.post_attention_layernorm.weight]
Loading weights:  58%|#####7    | 113/196 [00:00<00:00, 266.59it/s, Materializing param=gpt_neox.layers.9.attention.dense.bias]           
Loading weights:  58%|#####7    | 113/196 [00:00<00:00, 266.59it/s, Materializing param=gpt_neox.layers.9.attention.dense.bias]
Loading weights:  58%|#####8    | 114/196 [00:00<00:00, 266.59it/s, Materializing param=gpt_neox.layers.9.attention.dense.weight]
Loading weights:  58%|#####8    | 114/196 [00:00<00:00, 266.59it/s, Materializing param=gpt_neox.layers.9.attention.dense.weight]
Loading weights:  59%|#####8    | 115/196 [00:00<00:00, 266.59it/s, Materializing param=gpt_neox.layers.9.attention.query_key_value.bias]
Loading weights:  59%|#####8    | 115/196 [00:00<00:00, 266.59it/s, Materializing param=gpt_neox.layers.9.attention.query_key_value.bias]
Loading weights:  59%|#####9    | 116/196 [00:00<00:00, 266.59it/s, Materializing param=gpt_neox.layers.9.attention.query_key_value.weight]
Loading weights:  59%|#####9    | 116/196 [00:00<00:00, 266.59it/s, Materializing param=gpt_neox.layers.9.attention.query_key_value.weight]
Loading weights:  60%|#####9    | 117/196 [00:00<00:00, 266.59it/s, Materializing param=gpt_neox.layers.9.input_layernorm.bias]            
Loading weights:  60%|#####9    | 117/196 [00:00<00:00, 266.59it/s, Materializing param=gpt_neox.layers.9.input_layernorm.bias]
Loading weights:  60%|######    | 118/196 [00:00<00:00, 266.59it/s, Materializing param=gpt_neox.layers.9.input_layernorm.weight]
Loading weights:  60%|######    | 118/196 [00:00<00:00, 266.59it/s, Materializing param=gpt_neox.layers.9.input_layernorm.weight]
Loading weights:  61%|######    | 119/196 [00:00<00:00, 266.59it/s, Materializing param=gpt_neox.layers.9.mlp.dense_4h_to_h.bias]
Loading weights:  61%|######    | 119/196 [00:00<00:00, 266.59it/s, Materializing param=gpt_neox.layers.9.mlp.dense_4h_to_h.bias]
Loading weights:  61%|######1   | 120/196 [00:00<00:00, 266.59it/s, Materializing param=gpt_neox.layers.9.mlp.dense_4h_to_h.weight]
Loading weights:  61%|######1   | 120/196 [00:00<00:00, 266.59it/s, Materializing param=gpt_neox.layers.9.mlp.dense_4h_to_h.weight]
Loading weights:  62%|######1   | 121/196 [00:00<00:00, 266.59it/s, Materializing param=gpt_neox.layers.9.mlp.dense_h_to_4h.bias]  
Loading weights:  62%|######1   | 121/196 [00:00<00:00, 266.59it/s, Materializing param=gpt_neox.layers.9.mlp.dense_h_to_4h.bias]
Loading weights:  62%|######2   | 122/196 [00:00<00:00, 266.59it/s, Materializing param=gpt_neox.layers.9.mlp.dense_h_to_4h.weight]
Loading weights:  62%|######2   | 122/196 [00:00<00:00, 266.59it/s, Materializing param=gpt_neox.layers.9.mlp.dense_h_to_4h.weight]
Loading weights:  63%|######2   | 123/196 [00:00<00:00, 266.59it/s, Materializing param=gpt_neox.layers.9.post_attention_layernorm.bias]
Loading weights:  63%|######2   | 123/196 [00:00<00:00, 266.59it/s, Materializing param=gpt_neox.layers.9.post_attention_layernorm.bias]
Loading weights:  63%|######3   | 124/196 [00:00<00:00, 266.59it/s, Materializing param=gpt_neox.layers.9.post_attention_layernorm.weight]
Loading weights:  63%|######3   | 124/196 [00:00<00:00, 266.59it/s, Materializing param=gpt_neox.layers.9.post_attention_layernorm.weight]
Loading weights:  64%|######3   | 125/196 [00:00<00:00, 266.59it/s, Materializing param=gpt_neox.layers.10.attention.dense.bias]          
Loading weights:  64%|######3   | 125/196 [00:00<00:00, 266.59it/s, Materializing param=gpt_neox.layers.10.attention.dense.bias]
Loading weights:  64%|######4   | 126/196 [00:00<00:00, 266.59it/s, Materializing param=gpt_neox.layers.10.attention.dense.weight]
Loading weights:  64%|######4   | 126/196 [00:00<00:00, 266.59it/s, Materializing param=gpt_neox.layers.10.attention.dense.weight]
Loading weights:  65%|######4   | 127/196 [00:00<00:00, 266.59it/s, Materializing param=gpt_neox.layers.10.attention.query_key_value.bias]
Loading weights:  65%|######4   | 127/196 [00:00<00:00, 266.59it/s, Materializing param=gpt_neox.layers.10.attention.query_key_value.bias]
Loading weights:  65%|######5   | 128/196 [00:00<00:00, 266.59it/s, Materializing param=gpt_neox.layers.10.attention.query_key_value.weight]
Loading weights:  65%|######5   | 128/196 [00:00<00:00, 266.59it/s, Materializing param=gpt_neox.layers.10.attention.query_key_value.weight]
Loading weights:  66%|######5   | 129/196 [00:00<00:00, 319.72it/s, Materializing param=gpt_neox.layers.10.attention.query_key_value.weight]
Loading weights:  66%|######5   | 129/196 [00:00<00:00, 319.72it/s, Materializing param=gpt_neox.layers.10.input_layernorm.bias]            
Loading weights:  66%|######5   | 129/196 [00:00<00:00, 319.72it/s, Materializing param=gpt_neox.layers.10.input_layernorm.bias]
Loading weights:  66%|######6   | 130/196 [00:00<00:00, 319.72it/s, Materializing param=gpt_neox.layers.10.input_layernorm.weight]
Loading weights:  66%|######6   | 130/196 [00:00<00:00, 319.72it/s, Materializing param=gpt_neox.layers.10.input_layernorm.weight]
Loading weights:  67%|######6   | 131/196 [00:00<00:00, 319.72it/s, Materializing param=gpt_neox.layers.10.mlp.dense_4h_to_h.bias]
Loading weights:  67%|######6   | 131/196 [00:00<00:00, 319.72it/s, Materializing param=gpt_neox.layers.10.mlp.dense_4h_to_h.bias]
Loading weights:  67%|######7   | 132/196 [00:00<00:00, 319.72it/s, Materializing param=gpt_neox.layers.10.mlp.dense_4h_to_h.weight]
Loading weights:  67%|######7   | 132/196 [00:00<00:00, 319.72it/s, Materializing param=gpt_neox.layers.10.mlp.dense_4h_to_h.weight]
Loading weights:  68%|######7   | 133/196 [00:00<00:00, 319.72it/s, Materializing param=gpt_neox.layers.10.mlp.dense_h_to_4h.bias]  
Loading weights:  68%|######7   | 133/196 [00:00<00:00, 319.72it/s, Materializing param=gpt_neox.layers.10.mlp.dense_h_to_4h.bias]
Loading weights:  68%|######8   | 134/196 [00:00<00:00, 319.72it/s, Materializing param=gpt_neox.layers.10.mlp.dense_h_to_4h.weight]
Loading weights:  68%|######8   | 134/196 [00:00<00:00, 319.72it/s, Materializing param=gpt_neox.layers.10.mlp.dense_h_to_4h.weight]
Loading weights:  69%|######8   | 135/196 [00:00<00:00, 319.72it/s, Materializing param=gpt_neox.layers.10.post_attention_layernorm.bias]
Loading weights:  69%|######8   | 135/196 [00:00<00:00, 319.72it/s, Materializing param=gpt_neox.layers.10.post_attention_layernorm.bias]
Loading weights:  69%|######9   | 136/196 [00:00<00:00, 319.72it/s, Materializing param=gpt_neox.layers.10.post_attention_layernorm.weight]
Loading weights:  69%|######9   | 136/196 [00:00<00:00, 319.72it/s, Materializing param=gpt_neox.layers.10.post_attention_layernorm.weight]
Loading weights:  70%|######9   | 137/196 [00:00<00:00, 319.72it/s, Materializing param=gpt_neox.layers.11.attention.dense.bias]           
Loading weights:  70%|######9   | 137/196 [00:00<00:00, 319.72it/s, Materializing param=gpt_neox.layers.11.attention.dense.bias]
Loading weights:  70%|#######   | 138/196 [00:00<00:00, 319.72it/s, Materializing param=gpt_neox.layers.11.attention.dense.weight]
Loading weights:  70%|#######   | 138/196 [00:00<00:00, 319.72it/s, Materializing param=gpt_neox.layers.11.attention.dense.weight]
Loading weights:  71%|#######   | 139/196 [00:00<00:00, 319.72it/s, Materializing param=gpt_neox.layers.11.attention.query_key_value.bias]
Loading weights:  71%|#######   | 139/196 [00:00<00:00, 319.72it/s, Materializing param=gpt_neox.layers.11.attention.query_key_value.bias]
Loading weights:  71%|#######1  | 140/196 [00:00<00:00, 319.72it/s, Materializing param=gpt_neox.layers.11.attention.query_key_value.weight]
Loading weights:  71%|#######1  | 140/196 [00:00<00:00, 319.72it/s, Materializing param=gpt_neox.layers.11.attention.query_key_value.weight]
Loading weights:  72%|#######1  | 141/196 [00:00<00:00, 319.72it/s, Materializing param=gpt_neox.layers.11.input_layernorm.bias]            
Loading weights:  72%|#######1  | 141/196 [00:00<00:00, 319.72it/s, Materializing param=gpt_neox.layers.11.input_layernorm.bias]
Loading weights:  72%|#######2  | 142/196 [00:00<00:00, 319.72it/s, Materializing param=gpt_neox.layers.11.input_layernorm.weight]
Loading weights:  72%|#######2  | 142/196 [00:00<00:00, 319.72it/s, Materializing param=gpt_neox.layers.11.input_layernorm.weight]
Loading weights:  73%|#######2  | 143/196 [00:00<00:00, 319.72it/s, Materializing param=gpt_neox.layers.11.mlp.dense_4h_to_h.bias]
Loading weights:  73%|#######2  | 143/196 [00:00<00:00, 319.72it/s, Materializing param=gpt_neox.layers.11.mlp.dense_4h_to_h.bias]
Loading weights:  73%|#######3  | 144/196 [00:00<00:00, 319.72it/s, Materializing param=gpt_neox.layers.11.mlp.dense_4h_to_h.weight]
Loading weights:  73%|#######3  | 144/196 [00:00<00:00, 319.72it/s, Materializing param=gpt_neox.layers.11.mlp.dense_4h_to_h.weight]
Loading weights:  74%|#######3  | 145/196 [00:00<00:00, 319.72it/s, Materializing param=gpt_neox.layers.11.mlp.dense_h_to_4h.bias]  
Loading weights:  74%|#######3  | 145/196 [00:00<00:00, 319.72it/s, Materializing param=gpt_neox.layers.11.mlp.dense_h_to_4h.bias]
Loading weights:  74%|#######4  | 146/196 [00:00<00:00, 319.72it/s, Materializing param=gpt_neox.layers.11.mlp.dense_h_to_4h.weight]
Loading weights:  74%|#######4  | 146/196 [00:00<00:00, 319.72it/s, Materializing param=gpt_neox.layers.11.mlp.dense_h_to_4h.weight]
Loading weights:  75%|#######5  | 147/196 [00:00<00:00, 319.72it/s, Materializing param=gpt_neox.layers.11.post_attention_layernorm.bias]
Loading weights:  75%|#######5  | 147/196 [00:00<00:00, 319.72it/s, Materializing param=gpt_neox.layers.11.post_attention_layernorm.bias]
Loading weights:  76%|#######5  | 148/196 [00:00<00:00, 319.72it/s, Materializing param=gpt_neox.layers.11.post_attention_layernorm.weight]
Loading weights:  76%|#######5  | 148/196 [00:00<00:00, 319.72it/s, Materializing param=gpt_neox.layers.11.post_attention_layernorm.weight]
Loading weights:  76%|#######6  | 149/196 [00:00<00:00, 319.72it/s, Materializing param=gpt_neox.layers.12.attention.dense.bias]           
Loading weights:  76%|#######6  | 149/196 [00:00<00:00, 319.72it/s, Materializing param=gpt_neox.layers.12.attention.dense.bias]
Loading weights:  77%|#######6  | 150/196 [00:00<00:00, 319.72it/s, Materializing param=gpt_neox.layers.12.attention.dense.weight]
Loading weights:  77%|#######6  | 150/196 [00:00<00:00, 319.72it/s, Materializing param=gpt_neox.layers.12.attention.dense.weight]
Loading weights:  77%|#######7  | 151/196 [00:00<00:00, 319.72it/s, Materializing param=gpt_neox.layers.12.attention.query_key_value.bias]
Loading weights:  77%|#######7  | 151/196 [00:00<00:00, 319.72it/s, Materializing param=gpt_neox.layers.12.attention.query_key_value.bias]
Loading weights:  78%|#######7  | 152/196 [00:00<00:00, 319.72it/s, Materializing param=gpt_neox.layers.12.attention.query_key_value.weight]
Loading weights:  78%|#######7  | 152/196 [00:00<00:00, 319.72it/s, Materializing param=gpt_neox.layers.12.attention.query_key_value.weight]
Loading weights:  78%|#######8  | 153/196 [00:00<00:00, 319.72it/s, Materializing param=gpt_neox.layers.12.input_layernorm.bias]            
Loading weights:  78%|#######8  | 153/196 [00:00<00:00, 319.72it/s, Materializing param=gpt_neox.layers.12.input_layernorm.bias]
Loading weights:  79%|#######8  | 154/196 [00:00<00:00, 319.72it/s, Materializing param=gpt_neox.layers.12.input_layernorm.weight]
Loading weights:  79%|#######8  | 154/196 [00:00<00:00, 319.72it/s, Materializing param=gpt_neox.layers.12.input_layernorm.weight]
Loading weights:  79%|#######9  | 155/196 [00:00<00:00, 319.72it/s, Materializing param=gpt_neox.layers.12.mlp.dense_4h_to_h.bias]
Loading weights:  79%|#######9  | 155/196 [00:00<00:00, 319.72it/s, Materializing param=gpt_neox.layers.12.mlp.dense_4h_to_h.bias]
Loading weights:  80%|#######9  | 156/196 [00:00<00:00, 319.72it/s, Materializing param=gpt_neox.layers.12.mlp.dense_4h_to_h.weight]
Loading weights:  80%|#######9  | 156/196 [00:00<00:00, 319.72it/s, Materializing param=gpt_neox.layers.12.mlp.dense_4h_to_h.weight]
Loading weights:  80%|########  | 157/196 [00:00<00:00, 319.72it/s, Materializing param=gpt_neox.layers.12.mlp.dense_h_to_4h.bias]  
Loading weights:  80%|########  | 157/196 [00:00<00:00, 319.72it/s, Materializing param=gpt_neox.layers.12.mlp.dense_h_to_4h.bias]
Loading weights:  81%|########  | 158/196 [00:00<00:00, 319.72it/s, Materializing param=gpt_neox.layers.12.mlp.dense_h_to_4h.weight]
Loading weights:  81%|########  | 158/196 [00:00<00:00, 319.72it/s, Materializing param=gpt_neox.layers.12.mlp.dense_h_to_4h.weight]
Loading weights:  81%|########1 | 159/196 [00:00<00:00, 319.72it/s, Materializing param=gpt_neox.layers.12.post_attention_layernorm.bias]
Loading weights:  81%|########1 | 159/196 [00:00<00:00, 319.72it/s, Materializing param=gpt_neox.layers.12.post_attention_layernorm.bias]
Loading weights:  82%|########1 | 160/196 [00:00<00:00, 319.72it/s, Materializing param=gpt_neox.layers.12.post_attention_layernorm.weight]
Loading weights:  82%|########1 | 160/196 [00:00<00:00, 319.72it/s, Materializing param=gpt_neox.layers.12.post_attention_layernorm.weight]
Loading weights:  82%|########2 | 161/196 [00:00<00:00, 319.72it/s, Materializing param=gpt_neox.layers.13.attention.dense.bias]           
Loading weights:  82%|########2 | 161/196 [00:00<00:00, 319.72it/s, Materializing param=gpt_neox.layers.13.attention.dense.bias]
Loading weights:  83%|########2 | 162/196 [00:00<00:00, 319.72it/s, Materializing param=gpt_neox.layers.13.attention.dense.weight]
Loading weights:  83%|########2 | 162/196 [00:00<00:00, 319.72it/s, Materializing param=gpt_neox.layers.13.attention.dense.weight]
Loading weights:  83%|########3 | 163/196 [00:00<00:00, 319.72it/s, Materializing param=gpt_neox.layers.13.attention.query_key_value.bias]
Loading weights:  83%|########3 | 163/196 [00:00<00:00, 319.72it/s, Materializing param=gpt_neox.layers.13.attention.query_key_value.bias]
Loading weights:  84%|########3 | 164/196 [00:00<00:00, 319.72it/s, Materializing param=gpt_neox.layers.13.attention.query_key_value.weight]
Loading weights:  84%|########3 | 164/196 [00:00<00:00, 319.72it/s, Materializing param=gpt_neox.layers.13.attention.query_key_value.weight]
Loading weights:  84%|########4 | 165/196 [00:00<00:00, 319.72it/s, Materializing param=gpt_neox.layers.13.input_layernorm.bias]            
Loading weights:  84%|########4 | 165/196 [00:00<00:00, 319.72it/s, Materializing param=gpt_neox.layers.13.input_layernorm.bias]
Loading weights:  85%|########4 | 166/196 [00:00<00:00, 319.72it/s, Materializing param=gpt_neox.layers.13.input_layernorm.weight]
Loading weights:  85%|########4 | 166/196 [00:00<00:00, 319.72it/s, Materializing param=gpt_neox.layers.13.input_layernorm.weight]
Loading weights:  85%|########5 | 167/196 [00:00<00:00, 319.72it/s, Materializing param=gpt_neox.layers.13.mlp.dense_4h_to_h.bias]
Loading weights:  85%|########5 | 167/196 [00:00<00:00, 319.72it/s, Materializing param=gpt_neox.layers.13.mlp.dense_4h_to_h.bias]
Loading weights:  86%|########5 | 168/196 [00:00<00:00, 319.72it/s, Materializing param=gpt_neox.layers.13.mlp.dense_4h_to_h.weight]
Loading weights:  86%|########5 | 168/196 [00:00<00:00, 319.72it/s, Materializing param=gpt_neox.layers.13.mlp.dense_4h_to_h.weight]
Loading weights:  86%|########6 | 169/196 [00:00<00:00, 333.81it/s, Materializing param=gpt_neox.layers.13.mlp.dense_4h_to_h.weight]
Loading weights:  86%|########6 | 169/196 [00:00<00:00, 333.81it/s, Materializing param=gpt_neox.layers.13.mlp.dense_h_to_4h.bias]  
Loading weights:  86%|########6 | 169/196 [00:00<00:00, 333.81it/s, Materializing param=gpt_neox.layers.13.mlp.dense_h_to_4h.bias]
Loading weights:  87%|########6 | 170/196 [00:00<00:00, 333.81it/s, Materializing param=gpt_neox.layers.13.mlp.dense_h_to_4h.weight]
Loading weights:  87%|########6 | 170/196 [00:00<00:00, 333.81it/s, Materializing param=gpt_neox.layers.13.mlp.dense_h_to_4h.weight]
Loading weights:  87%|########7 | 171/196 [00:00<00:00, 333.81it/s, Materializing param=gpt_neox.layers.13.post_attention_layernorm.bias]
Loading weights:  87%|########7 | 171/196 [00:00<00:00, 333.81it/s, Materializing param=gpt_neox.layers.13.post_attention_layernorm.bias]
Loading weights:  88%|########7 | 172/196 [00:00<00:00, 333.81it/s, Materializing param=gpt_neox.layers.13.post_attention_layernorm.weight]
Loading weights:  88%|########7 | 172/196 [00:00<00:00, 333.81it/s, Materializing param=gpt_neox.layers.13.post_attention_layernorm.weight]
Loading weights:  88%|########8 | 173/196 [00:00<00:00, 333.81it/s, Materializing param=gpt_neox.layers.14.attention.dense.bias]           
Loading weights:  88%|########8 | 173/196 [00:00<00:00, 333.81it/s, Materializing param=gpt_neox.layers.14.attention.dense.bias]
Loading weights:  89%|########8 | 174/196 [00:00<00:00, 333.81it/s, Materializing param=gpt_neox.layers.14.attention.dense.weight]
Loading weights:  89%|########8 | 174/196 [00:00<00:00, 333.81it/s, Materializing param=gpt_neox.layers.14.attention.dense.weight]
Loading weights:  89%|########9 | 175/196 [00:00<00:00, 333.81it/s, Materializing param=gpt_neox.layers.14.attention.query_key_value.bias]
Loading weights:  89%|########9 | 175/196 [00:00<00:00, 333.81it/s, Materializing param=gpt_neox.layers.14.attention.query_key_value.bias]
Loading weights:  90%|########9 | 176/196 [00:00<00:00, 333.81it/s, Materializing param=gpt_neox.layers.14.attention.query_key_value.weight]
Loading weights:  90%|########9 | 176/196 [00:00<00:00, 333.81it/s, Materializing param=gpt_neox.layers.14.attention.query_key_value.weight]
Loading weights:  90%|######### | 177/196 [00:00<00:00, 333.81it/s, Materializing param=gpt_neox.layers.14.input_layernorm.bias]            
Loading weights:  90%|######### | 177/196 [00:00<00:00, 333.81it/s, Materializing param=gpt_neox.layers.14.input_layernorm.bias]
Loading weights:  91%|######### | 178/196 [00:00<00:00, 333.81it/s, Materializing param=gpt_neox.layers.14.input_layernorm.weight]
Loading weights:  91%|######### | 178/196 [00:00<00:00, 333.81it/s, Materializing param=gpt_neox.layers.14.input_layernorm.weight]
Loading weights:  91%|#########1| 179/196 [00:00<00:00, 333.81it/s, Materializing param=gpt_neox.layers.14.mlp.dense_4h_to_h.bias]
Loading weights:  91%|#########1| 179/196 [00:00<00:00, 333.81it/s, Materializing param=gpt_neox.layers.14.mlp.dense_4h_to_h.bias]
Loading weights:  92%|#########1| 180/196 [00:00<00:00, 333.81it/s, Materializing param=gpt_neox.layers.14.mlp.dense_4h_to_h.weight]
Loading weights:  92%|#########1| 180/196 [00:00<00:00, 333.81it/s, Materializing param=gpt_neox.layers.14.mlp.dense_4h_to_h.weight]
Loading weights:  92%|#########2| 181/196 [00:00<00:00, 333.81it/s, Materializing param=gpt_neox.layers.14.mlp.dense_h_to_4h.bias]  
Loading weights:  92%|#########2| 181/196 [00:00<00:00, 333.81it/s, Materializing param=gpt_neox.layers.14.mlp.dense_h_to_4h.bias]
Loading weights:  93%|#########2| 182/196 [00:00<00:00, 333.81it/s, Materializing param=gpt_neox.layers.14.mlp.dense_h_to_4h.weight]
Loading weights:  93%|#########2| 182/196 [00:00<00:00, 333.81it/s, Materializing param=gpt_neox.layers.14.mlp.dense_h_to_4h.weight]
Loading weights:  93%|#########3| 183/196 [00:00<00:00, 333.81it/s, Materializing param=gpt_neox.layers.14.post_attention_layernorm.bias]
Loading weights:  93%|#########3| 183/196 [00:00<00:00, 333.81it/s, Materializing param=gpt_neox.layers.14.post_attention_layernorm.bias]
Loading weights:  94%|#########3| 184/196 [00:00<00:00, 333.81it/s, Materializing param=gpt_neox.layers.14.post_attention_layernorm.weight]
Loading weights:  94%|#########3| 184/196 [00:00<00:00, 333.81it/s, Materializing param=gpt_neox.layers.14.post_attention_layernorm.weight]
Loading weights:  94%|#########4| 185/196 [00:00<00:00, 333.81it/s, Materializing param=gpt_neox.layers.15.attention.dense.bias]           
Loading weights:  94%|#########4| 185/196 [00:00<00:00, 333.81it/s, Materializing param=gpt_neox.layers.15.attention.dense.bias]
Loading weights:  95%|#########4| 186/196 [00:00<00:00, 333.81it/s, Materializing param=gpt_neox.layers.15.attention.dense.weight]
Loading weights:  95%|#########4| 186/196 [00:00<00:00, 333.81it/s, Materializing param=gpt_neox.layers.15.attention.dense.weight]
Loading weights:  95%|#########5| 187/196 [00:00<00:00, 333.81it/s, Materializing param=gpt_neox.layers.15.attention.query_key_value.bias]
Loading weights:  95%|#########5| 187/196 [00:00<00:00, 333.81it/s, Materializing param=gpt_neox.layers.15.attention.query_key_value.bias]
Loading weights:  96%|#########5| 188/196 [00:00<00:00, 333.81it/s, Materializing param=gpt_neox.layers.15.attention.query_key_value.weight]
Loading weights:  96%|#########5| 188/196 [00:00<00:00, 333.81it/s, Materializing param=gpt_neox.layers.15.attention.query_key_value.weight]
Loading weights:  96%|#########6| 189/196 [00:00<00:00, 333.81it/s, Materializing param=gpt_neox.layers.15.input_layernorm.bias]            
Loading weights:  96%|#########6| 189/196 [00:00<00:00, 333.81it/s, Materializing param=gpt_neox.layers.15.input_layernorm.bias]
Loading weights:  97%|#########6| 190/196 [00:00<00:00, 333.81it/s, Materializing param=gpt_neox.layers.15.input_layernorm.weight]
Loading weights:  97%|#########6| 190/196 [00:00<00:00, 333.81it/s, Materializing param=gpt_neox.layers.15.input_layernorm.weight]
Loading weights:  97%|#########7| 191/196 [00:00<00:00, 333.81it/s, Materializing param=gpt_neox.layers.15.mlp.dense_4h_to_h.bias]
Loading weights:  97%|#########7| 191/196 [00:00<00:00, 333.81it/s, Materializing param=gpt_neox.layers.15.mlp.dense_4h_to_h.bias]
Loading weights:  98%|#########7| 192/196 [00:00<00:00, 333.81it/s, Materializing param=gpt_neox.layers.15.mlp.dense_4h_to_h.weight]
Loading weights:  98%|#########7| 192/196 [00:00<00:00, 333.81it/s, Materializing param=gpt_neox.layers.15.mlp.dense_4h_to_h.weight]
Loading weights:  98%|#########8| 193/196 [00:00<00:00, 333.81it/s, Materializing param=gpt_neox.layers.15.mlp.dense_h_to_4h.bias]  
Loading weights:  98%|#########8| 193/196 [00:00<00:00, 333.81it/s, Materializing param=gpt_neox.layers.15.mlp.dense_h_to_4h.bias]
Loading weights:  99%|#########8| 194/196 [00:00<00:00, 333.81it/s, Materializing param=gpt_neox.layers.15.mlp.dense_h_to_4h.weight]
Loading weights:  99%|#########8| 194/196 [00:00<00:00, 333.81it/s, Materializing param=gpt_neox.layers.15.mlp.dense_h_to_4h.weight]
Loading weights:  99%|#########9| 195/196 [00:00<00:00, 333.81it/s, Materializing param=gpt_neox.layers.15.post_attention_layernorm.bias]
Loading weights:  99%|#########9| 195/196 [00:00<00:00, 333.81it/s, Materializing param=gpt_neox.layers.15.post_attention_layernorm.bias]
Loading weights: 100%|##########| 196/196 [00:00<00:00, 333.81it/s, Materializing param=gpt_neox.layers.15.post_attention_layernorm.weight]
Loading weights: 100%|##########| 196/196 [00:00<00:00, 333.81it/s, Materializing param=gpt_neox.layers.15.post_attention_layernorm.weight]
Loading weights: 100%|##########| 196/196 [00:00<00:00, 290.70it/s, Materializing param=gpt_neox.layers.15.post_attention_layernorm.weight]
[2026-04-22T19:40:38.153923] END self_recognition_nearfoil_v2 OK

[2026-04-22T19:40:38.171599] START report_family_self_mediation_confirm: C:/Users/joshj/miniconda3/python.exe C:\Users\joshj\joseph-stroud-identity-stability-research\scripts\report_family_self_mediation_confirm.py --config C:\Users\joshj\joseph-stroud-identity-stability-research\configs\identity_battery\family_self_mediation_confirm_full.yaml
[2026-04-22T19:40:46.006680] END report_family_self_mediation_confirm OK
